query_smiles,query_label,query_scaffold,neighbor_smiles,neighbor_label,neighbor_scaffold,similarity,prediction,score
CCCC(=O)Nc1ccc(OC[C@@H](O)CNC(C)C)c(C(C)=O)c1,0,c1ccccc1,CCCNC[C@H](O)COc1ccccc1C(=O)CCc1ccccc1,1,O=C(CCc1ccccc1)c1ccccc1,0.3964666463600366,0,0.3293213273698802
CCCC(=O)Nc1ccc(OC[C@@H](O)CNC(C)C)c(C(C)=O)c1,0,c1ccccc1,CC(C)NC[C@H](O)COc1ccc(COCCOC(C)C)cc1,1,c1ccccc1,0.37950000000000006,0,0.2539415501796556
CCCC(=O)Nc1ccc(OC[C@@H](O)CNC(C)C)c(C(C)=O)c1,0,c1ccccc1,CCOc1ccc(NC(C)=O)cc1,1,c1ccccc1,0.3055137844611529,0,0.47160737182527385
CCCC(=O)Nc1ccc(OC[C@@H](O)CNC(C)C)c(C(C)=O)c1,0,c1ccccc1,COc1ccccc1OCCNC[C@H](O)COc1cccc2[nH]c3ccccc3c12,1,c1ccc(OCCNCCCOc2cccc3[nH]c4ccccc4c23)cc1,0.26315789473684215,0,0.2583955462394849
CC(=O)Oc1ccccc1C(=O)O,0,c1ccccc1,O=C(O)c1ccccc1O,1,c1ccccc1,0.4443349753694582,0,0.3300639425111428
CC(=O)Oc1ccccc1C(=O)O,0,c1ccccc1,CCOc1cc(CC(=O)N[C@@H](CC(C)C)c2ccccc2N2CCCCC2)ccc1C(=O)O,1,O=C(Cc1ccccc1)NCc1ccccc1N1CCCCC1,0.2760897435897436,0,0.1498440318550358
CC(=O)Oc1ccccc1C(=O)O,0,c1ccccc1,CCCNC[C@H](O)COc1ccccc1C(=O)CCc1ccccc1,1,O=C(CCc1ccccc1)c1ccccc1,0.2605200945626478,0,0.0943612683278632
CC(=O)Oc1ccccc1C(=O)O,0,c1ccccc1,CC(C)(Oc1ccc(Cl)cc1)C(=O)O,1,c1ccccc1,0.25272727272727274,0,0.20869532581942923
CC(=O)Nc1ccc(O)cc1,1,c1ccccc1,CCOc1ccc(NC(C)=O)cc1,1,c1ccccc1,0.5386666666666667,0,0.3498950071576891
CC(=O)Nc1ccc(O)cc1,1,c1ccccc1,Cc1oncc1C(=O)Nc1ccc(C(F)(F)F)cc1,1,O=C(Nc1ccccc1)c1cnoc1,0.2722358722358722,0,0.47100852729166603
CC(=O)Nc1ccc(O)cc1,1,c1ccccc1,CC(C)C(=O)Nc1ccc([N+](=O)[O-])c(C(F)(F)F)c1,1,c1ccccc1,0.26157461809635724,0,0.4111713206419032
CC(=O)Nc1ccc(O)cc1,1,c1ccccc1,CCN(CC)CC(=O)Nc1c(C)cccc1C,1,c1ccccc1,0.2509677419354839,0,0.37085220194444307
CC(=O)Nc1ccccc1,0,c1ccccc1,CC(=O)Nc1ccc(O)cc1,1,c1ccccc1,0.64,0,0.40308323516645217
CC(=O)Nc1ccccc1,0,c1ccccc1,CCOc1ccc(NC(C)=O)cc1,1,c1ccccc1,0.5333333333333333,0,0.2745756017413288
CC(=O)Nc1ccccc1,0,c1ccccc1,CCN(CC)CC(=O)Nc1c(C)cccc1C,1,c1ccccc1,0.302834008097166,0,0.2524994660989196
CC(=O)Nc1ccccc1,0,c1ccccc1,O=C(O)c1ccccc1O,1,c1ccccc1,0.29285714285714287,0,0.2408278897023367
CC(C)(Oc1ccc(Cl)cc1)C(=O)O,1,c1ccccc1,CC(C)(Oc1ccc(CCNC(=O)c2ccc(Cl)cc2)cc1)C(=O)O,1,O=C(NCCc1ccccc1)c1ccccc1,0.6192334494773519,0,0.3813759228290385
CC(C)(Oc1ccc(Cl)cc1)C(=O)O,1,c1ccccc1,CCOC(=O)C(C)(C)Oc1ccc(Cl)cc1,1,c1ccccc1,0.5816176470588236,1,0.6929802590555815
CC(C)(Oc1ccc(Cl)cc1)C(=O)O,1,c1ccccc1,CC(C)(Oc1ccc([C@@H]2CC2(Cl)Cl)cc1)C(=O)O,1,c1ccc(C2CC2)cc1,0.5728040540540541,1,0.6337342927777725
CC(C)(Oc1ccc(Cl)cc1)C(=O)O,1,c1ccccc1,CC(C)OC(=O)C(C)(C)Oc1ccc(C(=O)c2ccc(Cl)cc2)cc1,1,O=C(c1ccccc1)c1ccccc1,0.5064449064449065,1,0.5442134146297973
CCOC(=O)C(C)(C)Oc1ccc(Cl)cc1,1,c1ccccc1,CC(C)(Oc1ccc(Cl)cc1)C(=O)O,1,c1ccccc1,0.5816176470588236,1,0.8057217992321537
CCOC(=O)C(C)(C)Oc1ccc(Cl)cc1,1,c1ccccc1,CC(C)OC(=O)C(C)(C)Oc1ccc(C(=O)c2ccc(Cl)cc2)cc1,1,O=C(c1ccccc1)c1ccccc1,0.5671274961597543,1,0.6752069078790149
CCOC(=O)C(C)(C)Oc1ccc(Cl)cc1,1,c1ccccc1,CC(C)(Oc1ccc(CCNC(=O)c2ccc(Cl)cc2)cc1)C(=O)O,1,O=C(NCCc1ccccc1)c1ccccc1,0.42282003710575145,1,0.686084052571601
CCOC(=O)C(C)(C)Oc1ccc(Cl)cc1,1,c1ccccc1,CC(C)(Oc1ccc([C@@H]2CC2(Cl)Cl)cc1)C(=O)O,1,c1ccc(C2CC2)cc1,0.34443266171792153,1,0.880139812084561
CC(C)C(=O)Nc1ccc([N+](=O)[O-])c(C(F)(F)F)c1,1,c1ccccc1,Cc1oncc1C(=O)Nc1ccc(C(F)(F)F)cc1,1,O=C(Nc1ccccc1)c1cnoc1,0.27507836990595613,1,0.829574216750321
CC(C)C(=O)Nc1ccc([N+](=O)[O-])c(C(F)(F)F)c1,1,c1ccccc1,Cc1ccc(C(=O)c2cc(O)c(O)c([N+](=O)[O-])c2)cc1,1,O=C(c1ccccc1)c1ccccc1,0.2715151515151515,1,0.7307162304788228
CC(C)C(=O)Nc1ccc([N+](=O)[O-])c(C(F)(F)F)c1,1,c1ccccc1,COC(=O)C1=C(C)NC(C)=C(C(=O)OC)C1c1ccccc1[N+](=O)[O-],1,C1=CC(c2ccccc2)C=CN1,0.2658898305084746,1,0.6588349767635603
CC(C)C(=O)Nc1ccc([N+](=O)[O-])c(C(F)(F)F)c1,1,c1ccccc1,COC(=O)C1=C(C)NC(C)=C(C(=O)OCC(C)C)[C@H]1c1ccccc1[N+](=O)[O-],1,C1=CC(c2ccccc2)C=CN1,0.2645235361653272,1,0.6202886998621415
COCCCC/C(=N/OCCN)c1ccc(C(F)(F)F)cc1,0,c1ccccc1,CNCC[C@@H](Oc1ccc(C(F)(F)F)cc1)c1ccccc1,1,c1ccc(COc2ccccc2)cc1,0.2415147265077139,0,0.2552284783151426
COCCCC/C(=N/OCCN)c1ccc(C(F)(F)F)cc1,0,c1ccccc1,Cc1oncc1C(=O)Nc1ccc(C(F)(F)F)cc1,1,O=C(Nc1ccccc1)c1cnoc1,0.2306451612903226,0,0.26416168588141303
COCCCC/C(=N/OCCN)c1ccc(C(F)(F)F)cc1,0,c1ccccc1,CCOC(=O)C1=C(COCCN)NC(C)=C(C(=O)OC)[C@@H]1c1ccccc1Cl,1,C1=CC(c2ccccc2)C=CN1,0.19457735247208935,0,0.1983289828341202
COCCCC/C(=N/OCCN)c1ccc(C(F)(F)F)cc1,0,c1ccccc1,CC(C)(C)c1ccc(C(=O)CCCN2CCC(OC(c3ccccc3)c3ccccc3)CC2)cc1,1,O=C(CCCN1CCC(OC(c2ccccc2)c2ccccc2)CC1)c1ccccc1,0.19247058823529414,0,0.07100782191109543
CC(C)(C)NC[C@@H](O)c1ccc(O)c(CO)c1,0,c1ccccc1,C[C@@H](NC(C)(C)C)C(=O)c1cccc(Cl)c1,1,c1ccccc1,0.211743450767841,0,0.3487041615288554
CC(C)(C)NC[C@@H](O)c1ccc(O)c(CO)c1,0,c1ccccc1,CC(C)c1cccc(C(C)C)c1O,1,c1ccccc1,0.18829707426856718,0,0.28330673231295717
CC(C)(C)NC[C@@H](O)c1ccc(O)c(CO)c1,0,c1ccccc1,CC(C)NC[C@H](O)COc1ccc(COCCOC(C)C)cc1,1,c1ccccc1,0.18683344305464122,0,0.09304999106903594
CC(C)(C)NC[C@@H](O)c1ccc(O)c(CO)c1,0,c1ccccc1,CC(=O)Nc1ccc(O)cc1,1,c1ccccc1,0.18546546546546547,0,0.33380143150130087
Cc1ccc(C)c(OCCCC(C)(C)C(=O)O)c1,1,c1ccccc1,CC(C)(Oc1ccc(Cl)cc1)C(=O)O,1,c1ccccc1,0.2657937806873977,1,0.7073377933806411
Cc1ccc(C)c(OCCCC(C)(C)C(=O)O)c1,1,c1ccccc1,CC(C)(Oc1ccc([C@@H]2CC2(Cl)Cl)cc1)C(=O)O,1,c1ccc(C2CC2)cc1,0.24771618625277164,1,0.7847072630966636
Cc1ccc(C)c(OCCCC(C)(C)C(=O)O)c1,1,c1ccccc1,CC(C)(Oc1ccc(CCNC(=O)c2ccc(Cl)cc2)cc1)C(=O)O,1,O=C(NCCc1ccccc1)c1ccccc1,0.2248847926267281,1,0.5316344347283826
Cc1ccc(C)c(OCCCC(C)(C)C(=O)O)c1,1,c1ccccc1,CC1=C(C)C(=O)C([C@@H](CCCCCC(=O)O)c2ccccc2)=C(C)C1=O,1,O=C1C=CC(=O)C(Cc2ccccc2)=C1,0.22460815047021943,0,0.36366068527057044
C=CCc1ccccc1OC[C@@H](O)CNC(C)C,0,c1ccccc1,CC(C)NC[C@H](O)COc1ccc(COCCOC(C)C)cc1,1,c1ccccc1,0.42857142857142855,0,0.15769828509935938
C=CCc1ccccc1OC[C@@H](O)CNC(C)C,0,c1ccccc1,CCCNC[C@H](O)COc1ccccc1C(=O)CCc1ccccc1,1,O=C(CCc1ccccc1)c1ccccc1,0.3852534562211981,0,0.1818061157061993
C=CCc1ccccc1OC[C@@H](O)CNC(C)C,0,c1ccccc1,COc1ccccc1OCCNC[C@H](O)COc1cccc2[nH]c3ccccc3c12,1,c1ccc(OCCNCCCOc2cccc3[nH]c4ccccc4c23)cc1,0.3360125588697017,0,0.14952749244182106
C=CCc1ccccc1OC[C@@H](O)CNC(C)C,0,c1ccccc1,CCOc1ccccc1OCCN[C@H](C)Cc1ccc(OC)c(S(N)(=O)=O)c1,1,c1ccc(CCNCCOc2ccccc2)cc1,0.2517730496453901,0,0.2647795745730486
Cc1cc(N(C)C)ccc1C[C@H](C)N,0,c1ccccc1,C#CCN(C)[C@@H](C)Cc1ccccc1,1,c1ccccc1,0.21835748792270532,0,0.06233800674150222
Cc1cc(N(C)C)ccc1C[C@H](C)N,0,c1ccccc1,CN(C)CC(Oc1ccccc1)Oc1ccccc1,1,c1ccc(OCOc2ccccc2)cc1,0.21260504201680672,0,0.1177144862983471
Cc1cc(N(C)C)ccc1C[C@H](C)N,0,c1ccccc1,CCN(CC)CC(=O)Nc1c(C)cccc1C,1,c1ccccc1,0.18616780045351472,0,0.12833046485377073
Cc1cc(N(C)C)ccc1C[C@H](C)N,0,c1ccccc1,CCOc1ccccc1OCCN[C@H](C)Cc1ccc(OC)c(S(N)(=O)=O)c1,1,c1ccc(CCNCCOc2ccccc2)cc1,0.1830393487109905,0,0.06498423786327272
O=C(O)c1ccccc1O,1,c1ccccc1,NC(=O)OCC(COC(N)=O)c1ccccc1,1,c1ccccc1,0.244022770398482,0,0.15023110325754951
O=C(O)c1ccccc1O,1,c1ccccc1,CC(=O)Nc1ccc(O)cc1,1,c1ccccc1,0.23581757508342605,0,0.2656074179399566
O=C(O)c1ccccc1O,1,c1ccccc1,C=C(c1ccc(C(=O)O)cc1)c1cc2c(cc1C)C(C)(C)CCC2(C)C,1,C=C(c1ccccc1)c1ccc2c(c1)CCCC2,0.22855297157622742,0,0.3871282475293907
O=C(O)c1ccccc1O,1,c1ccccc1,CC(C)c1cccc(C(C)C)c1O,1,c1ccccc1,0.2116710875331565,0,0.253630466022429
N=C(N)N/N=C\c1c(Cl)cccc1Cl,0,c1ccccc1,CCOC(=O)C1=C(C)NC(C)=C(C(=O)OC)[C@@H]1c1cccc(Cl)c1Cl,1,C1=CC(c2ccccc2)C=CN1,0.21097424412094065,0,0.14298006811333422
N=C(N)N/N=C\c1c(Cl)cccc1Cl,0,c1ccccc1,CC(C)/N=C(N)\N=C(/N)Nc1ccc(Cl)cc1,1,c1ccccc1,0.208265306122449,0,0.41341571841501357
N=C(N)N/N=C\c1c(Cl)cccc1Cl,0,c1ccccc1,C[C@@H](NC(C)(C)C)C(=O)c1cccc(Cl)c1,1,c1ccccc1,0.19245852187028661,0,0.19123738320760478
N=C(N)N/N=C\c1c(Cl)cccc1Cl,0,c1ccccc1,CCOC(=O)C1=C(COCCN)NC(C)=C(C(=O)OC)[C@@H]1c1ccccc1Cl,1,C1=CC(c2ccccc2)C=CN1,0.18559127439724454,0,0.14359429653467454
C[C@H](N)Cc1ccccc1,0,c1ccccc1,C#CCN(C)[C@@H](C)Cc1ccccc1,1,c1ccccc1,0.4086247086247087,0,0.07999634186920111
C[C@H](N)Cc1ccccc1,0,c1ccccc1,CC(C)c1cccc(C(C)C)c1O,1,c1ccccc1,0.29523809523809524,0,0.0788399390138032
C[C@H](N)Cc1ccccc1,0,c1ccccc1,NC(=O)OCC(COC(N)=O)c1ccccc1,1,c1ccccc1,0.25186813186813184,0,0.042887008674587564
C[C@H](N)Cc1ccccc1,0,c1ccccc1,CN(C)CC(Oc1ccccc1)Oc1ccccc1,1,c1ccc(OCOc2ccccc2)cc1,0.24675324675324675,0,0.09462503983122625
C#CCN(C)[C@@H](C)Cc1ccccc1,1,c1ccccc1,CN(C)CC(Oc1ccccc1)Oc1ccccc1,1,c1ccc(OCOc2ccccc2)cc1,0.29776674937965264,1,0.590143043551215
C#CCN(C)[C@@H](C)Cc1ccccc1,1,c1ccccc1,CN(C)CCC=C1c2ccccc2CCc2ccccc21,1,C=C1c2ccccc2CCc2ccccc21,0.21875000000000003,1,0.5711472458158203
C#CCN(C)[C@@H](C)Cc1ccccc1,1,c1ccccc1,CC(C)N(CC[C@@](C(N)=O)(c1ccccc1)c1ccccn1)C(C)C,1,c1ccc(Cc2ccccn2)cc1,0.21842105263157896,0,0.4711276973546453
C#CCN(C)[C@@H](C)Cc1ccccc1,1,c1ccccc1,CN(C)CCCOc1nn(Cc2ccccc2)c2ccccc12,1,c1ccc(Cn2ncc3ccccc32)cc1,0.21802371541501978,0,0.48301191343279587
Nc1ccccc1,0,c1ccccc1,Nc1ccc(S(=O)(=O)c2ccc(N)cc2)cc1,1,O=S(=O)(c1ccccc1)c1ccccc1,0.3675,0,0.07395461218010183
Nc1ccccc1,0,c1ccccc1,Nc1ccc(S(=O)(=O)Nc2ncccn2)cc1,1,O=S(=O)(Nc1ncccn1)c1ccccc1,0.2651851851851852,0,0.13717119430774216
Nc1ccccc1,0,c1ccccc1,NNc1nnc(NN)c2ccccc12,1,c1ccc2cnncc2c1,0.23869565217391306,0,0.2905714238447662
Nc1ccccc1,0,c1ccccc1,O=C(O)c1ccccc1O,1,c1ccccc1,0.2347826086956522,0,0.12496809059412005
CCCCCN(CCCOC)C(=O)[C@@H](CCC(=O)O)NC(=O)c1ccc(Cl)c(Cl)c1,0,c1ccccc1,O=C(N[C@H](Cc1cc(=O)[nH]c2ccccc12)C(=O)O)c1ccc(Cl)cc1,1,O=C(NCCc1cc(=O)[nH]c2ccccc12)c1ccccc1,0.2631377061756809,0,0.2760678081041357
CCCCCN(CCCOC)C(=O)[C@@H](CCC(=O)O)NC(=O)c1ccc(Cl)c(Cl)c1,0,c1ccccc1,CCN(CC)CCNC(=O)c1cc(Cl)c(N)cc1OC,1,c1ccccc1,0.23947368421052634,1,0.5804513912685858
CCCCCN(CCCOC)C(=O)[C@@H](CCC(=O)O)NC(=O)c1ccc(Cl)c(Cl)c1,0,c1ccccc1,CC(C)(Oc1ccc(CCNC(=O)c2ccc(Cl)cc2)cc1)C(=O)O,1,O=C(NCCc1ccccc1)c1ccccc1,0.23651635720601238,1,0.7240821551971484
CCCCCN(CCCOC)C(=O)[C@@H](CCC(=O)O)NC(=O)c1ccc(Cl)c(Cl)c1,0,c1ccccc1,CC1=C(C)C(=O)C([C@@H](CCCCCC(=O)O)c2ccccc2)=C(C)C1=O,1,O=C1C=CC(=O)C(Cc2ccccc2)=C1,0.23253253253253253,0,0.4955687160498149
CC(C)Cc1ccc([C@@H](C)C(=O)O)cc1,0,c1ccccc1,C#CCN(C)[C@@H](C)Cc1ccccc1,1,c1ccccc1,0.2565826330532213,0,0.2228580876776469
CC(C)Cc1ccc([C@@H](C)C(=O)O)cc1,0,c1ccccc1,NC(=O)OCC(COC(N)=O)c1ccccc1,1,c1ccccc1,0.24375000000000002,0,0.29740630316595607
CC(C)Cc1ccc([C@@H](C)C(=O)O)cc1,0,c1ccccc1,CC1=C(C)C(=O)C([C@@H](CCCCCC(=O)O)c2ccccc2)=C(C)C1=O,1,O=C1C=CC(=O)C(Cc2ccccc2)=C1,0.23915789473684212,0,0.1946964281193994
CC(C)Cc1ccc([C@@H](C)C(=O)O)cc1,0,c1ccccc1,CC(C)(Oc1ccc(CCNC(=O)c2ccc(Cl)cc2)cc1)C(=O)O,1,O=C(NCCc1ccccc1)c1ccccc1,0.22666666666666668,0,0.3239956567554057
CCCCCCCN(CC)CCC[C@@H](O)c1ccc(NS(C)(=O)=O)cc1,0,c1ccccc1,CN(CCOc1ccc(NS(C)(=O)=O)cc1)CCc1ccc(NS(C)(=O)=O)cc1,1,c1ccc(CCNCCOc2ccccc2)cc1,0.34853620955315867,1,0.6843516923419913
CCCCCCCN(CC)CCC[C@@H](O)c1ccc(NS(C)(=O)=O)cc1,0,c1ccccc1,CCCCN(CCCC)CC[C@H](O)c1cc2c(Cl)cc(Cl)cc2c2cc(C(F)(F)F)ccc12,1,c1ccc2c(c1)ccc1ccccc12,0.2846727423363712,0,0.4159784195108571
CCCCCCCN(CC)CCC[C@@H](O)c1ccc(NS(C)(=O)=O)cc1,0,c1ccccc1,CCCCN(CCCC)C[C@@H](O)c1cc(Cl)cc2c1-c1ccc(Cl)cc1/C2=C\c1ccc(Cl)cc1,1,C(=C1c2ccccc2-c2ccccc21)c1ccccc1,0.26948356807511736,0,0.3484533713070834
CCCCCCCN(CC)CCC[C@@H](O)c1ccc(NS(C)(=O)=O)cc1,0,c1ccccc1,CCN(CC)CC(=O)Nc1c(C)cccc1C,1,c1ccccc1,0.26450742240215924,0,0.4957864715130006
Nc1ccc(S(N)(=O)=O)cc1,0,c1ccccc1,Nc1ccc(S(=O)(=O)c2ccc(N)cc2)cc1,1,O=S(=O)(c1ccccc1)c1ccccc1,0.64,0,0.10923516510474106
Nc1ccc(S(N)(=O)=O)cc1,0,c1ccccc1,Nc1ccc(S(=O)(=O)Nc2ncccn2)cc1,1,O=S(=O)(Nc1ncccn1)c1ccccc1,0.4426267281105991,0,0.20964874068972478
Nc1ccc(S(N)(=O)=O)cc1,0,c1ccccc1,Cc1cc(NS(=O)(=O)c2ccc(N)cc2)no1,1,O=S(=O)(Nc1ccon1)c1ccccc1,0.38888888888888895,0,0.18982864459490825
Nc1ccc(S(N)(=O)=O)cc1,0,c1ccccc1,Cc1onc(-c2ccccc2)c1-c1ccc(S(N)(=O)=O)cc1,1,c1ccc(-c2conc2-c2ccccc2)cc1,0.3416666666666667,0,0.22716658885086738
C=CCOc1ccccc1OC[C@@H](O)CNC(C)C,0,c1ccccc1,CC(C)NC[C@H](O)COc1ccc(COCCOC(C)C)cc1,1,c1ccccc1,0.43592592592592594,0,0.1803459673614632
C=CCOc1ccccc1OC[C@@H](O)CNC(C)C,0,c1ccccc1,CCCNC[C@H](O)COc1ccccc1C(=O)CCc1ccccc1,1,O=C(CCc1ccccc1)c1ccccc1,0.3752380952380952,0,0.23062302781533142
C=CCOc1ccccc1OC[C@@H](O)CNC(C)C,0,c1ccccc1,COc1ccccc1OCCNC[C@H](O)COc1cccc2[nH]c3ccccc3c12,1,c1ccc(OCCNCCCOc2cccc3[nH]c4ccccc4c23)cc1,0.37478005865102637,0,0.18418072603057947
C=CCOc1ccccc1OC[C@@H](O)CNC(C)C,0,c1ccccc1,CCOc1ccccc1OCCN[C@H](C)Cc1ccc(OC)c(S(N)(=O)=O)c1,1,c1ccc(CCNCCOc2ccccc2)cc1,0.2594202898550725,0,0.31307340637069914
c1ccccc1,0,c1ccccc1,O=C(O)c1ccccc1O,1,c1ccccc1,0.16666666666666666,0,0.1356824946533872
c1ccccc1,0,c1ccccc1,CN(C)CC(Oc1ccccc1)Oc1ccccc1,1,c1ccc(OCOc2ccccc2)cc1,0.13768115942028986,0,0.07807317872710115
c1ccccc1,0,c1ccccc1,CC(C)c1cccc(C(C)C)c1O,1,c1ccccc1,0.13174603174603175,0,0.09050809045972484
c1ccccc1,0,c1ccccc1,NC(=O)OCC(COC(N)=O)c1ccccc1,1,c1ccccc1,0.12933333333333333,0,0.03649637247039831
CCOP(=S)(OCC)Oc1ccc([N+](=O)[O-])cc1,1,c1ccccc1,CCOP(=S)(OCC)Oc1nc(Cl)c(Cl)cc1Cl,1,c1ccncc1,0.34668192219679633,1,0.9532736099412135
CCOP(=S)(OCC)Oc1ccc([N+](=O)[O-])cc1,1,c1ccccc1,CCOC(=O)C1=C(C)NC(C)=C(C(=O)OC)[C@@H]1c1cccc([N+](=O)[O-])c1,1,C1=CC(c2ccccc2)C=CN1,0.2924031007751938,1,0.8937558123182411
CCOP(=S)(OCC)Oc1ccc([N+](=O)[O-])cc1,1,c1ccccc1,CCCOCCOC(=O)C1=C(C)NC(C)=C(C(=O)OCCOCCC)C1c1cccc([N+](=O)[O-])c1,1,C1=CC(c2ccccc2)C=CN1,0.25706521739130433,1,0.8614534650503598
CCOP(=S)(OCC)Oc1ccc([N+](=O)[O-])cc1,1,c1ccccc1,CCOc1ccc(NC(C)=O)cc1,1,c1ccccc1,0.2501278772378517,1,0.9091151494660594
Cc1cc(Cl)c(S(N)(=O)=O)cc1S(N)(=O)=O,0,c1ccccc1,Cc1onc(-c2ccccc2)c1-c1ccc(S(N)(=O)=O)cc1,1,c1ccc(-c2conc2-c2ccccc2)cc1,0.2277777777777778,0,0.3586116768938196
Cc1cc(Cl)c(S(N)(=O)=O)cc1S(N)(=O)=O,0,c1ccccc1,CCN[C@H]1C[C@H](C)S(=O)(=O)c2sc(S(N)(=O)=O)cc21,1,O=S1(=O)CCCc2ccsc21,0.21109123434704832,0,0.38293590460863486
Cc1cc(Cl)c(S(N)(=O)=O)cc1S(N)(=O)=O,0,c1ccccc1,CCOc1ccccc1OCCN[C@H](C)Cc1ccc(OC)c(S(N)(=O)=O)c1,1,c1ccc(CCNCCOc2ccccc2)cc1,0.21000000000000002,0,0.20563132890349134
Cc1cc(Cl)c(S(N)(=O)=O)cc1S(N)(=O)=O,0,c1ccccc1,CCOC(=O)C(C)(C)Oc1ccc(Cl)cc1,1,c1ccccc1,0.20935064935064937,1,0.5434809768355899
C#CCN(C)Cc1ccccc1,0,c1ccccc1,C#CCN(C)[C@@H](C)Cc1ccccc1,1,c1ccccc1,0.5355294117647059,0,0.29165294999835645
C#CCN(C)Cc1ccccc1,0,c1ccccc1,CN(C)CC(Oc1ccccc1)Oc1ccccc1,1,c1ccc(OCOc2ccccc2)cc1,0.3015873015873016,0,0.36719912249403197
C#CCN(C)Cc1ccccc1,0,c1ccccc1,CN(C)CCC=C1c2ccccc2CCc2ccccc21,1,C=C1c2ccccc2CCc2ccccc21,0.2527131782945736,0,0.48554586602881167
C#CCN(C)Cc1ccccc1,0,c1ccccc1,CN(C)CCCOc1nn(Cc2ccccc2)c2ccccc12,1,c1ccc(Cn2ncc3ccccc32)cc1,0.2347469220246238,0,0.3611394490121326
CC(C)NC[C@H](O)COc1ccc(COCCOC(C)C)cc1,1,c1ccccc1,CCCNC[C@H](O)COc1ccccc1C(=O)CCc1ccccc1,1,O=C(CCc1ccccc1)c1ccccc1,0.30428707526198795,1,0.615272295052352
CC(C)NC[C@H](O)COc1ccc(COCCOC(C)C)cc1,1,c1ccccc1,COc1ccccc1OCCNC[C@H](O)COc1cccc2[nH]c3ccccc3c12,1,c1ccc(OCCNCCCOc2cccc3[nH]c4ccccc4c23)cc1,0.27494505494505495,0,0.48316445891456494
CC(C)NC[C@H](O)COc1ccc(COCCOC(C)C)cc1,1,c1ccccc1,CCOc1ccc(NC(C)=O)cc1,1,c1ccccc1,0.22894056847545222,1,0.6883709734763469
CC(C)NC[C@H](O)COc1ccc(COCCOC(C)C)cc1,1,c1ccccc1,CN(CCOc1ccc(NS(C)(=O)=O)cc1)CCc1ccc(NS(C)(=O)=O)cc1,1,c1ccc(CCNCCOc2ccccc2)cc1,0.2268343815513627,1,0.8603069896870459
CCN(CC)CC(=O)Nc1c(C)cccc1C,1,c1ccccc1,Cc1cccc(C)c1NC(=O)CN1CCCC1=O,1,O=C(CN1CCCC1=O)Nc1ccccc1,0.45252525252525255,1,0.6130768237431514
CCN(CC)CC(=O)Nc1c(C)cccc1C,1,c1ccccc1,CCOc1ccc(NC(C)=O)cc1,1,c1ccccc1,0.26875000000000004,1,0.6680299866600288
CCN(CC)CC(=O)Nc1c(C)cccc1C,1,c1ccccc1,CC(=O)Nc1ccc(O)cc1,1,c1ccccc1,0.2509677419354839,1,0.6989144123197324
CCN(CC)CC(=O)Nc1c(C)cccc1C,1,c1ccccc1,CCN(CC)CCNC(=O)c1cc(Cl)c(N)cc1OC,1,c1ccccc1,0.238977879481312,1,0.5501576549244896
CCOc1ccc(NC(C)=O)cc1,1,c1ccccc1,CC(=O)Nc1ccc(O)cc1,1,c1ccccc1,0.5386666666666667,1,0.6937713024256867
CCOc1ccc(NC(C)=O)cc1,1,c1ccccc1,CN(CCOc1ccc(NS(C)(=O)=O)cc1)CCc1ccc(NS(C)(=O)=O)cc1,1,c1ccc(CCNCCOc2ccccc2)cc1,0.31746031746031744,1,0.6473416917968001
CCOc1ccc(NC(C)=O)cc1,1,c1ccccc1,CCOC(=O)C(C)(C)Oc1ccc(Cl)cc1,1,c1ccccc1,0.3024665257223397,1,0.5746031045375917
CCOc1ccc(NC(C)=O)cc1,1,c1ccccc1,CCN(CC)CC(=O)Nc1c(C)cccc1C,1,c1ccccc1,0.26875000000000004,0,0.4554401925247243
NC(N)=N/C(N)=N/CCc1ccccc1,0,c1ccccc1,NC(=O)OCC(COC(N)=O)c1ccccc1,1,c1ccccc1,0.24673485444531865,0,0.21646959597241838
NC(N)=N/C(N)=N/CCc1ccccc1,0,c1ccccc1,CC(C)/N=C(N)\N=C(/N)Nc1ccc(Cl)cc1,1,c1ccccc1,0.21285714285714288,0,0.19000262215474323
NC(N)=N/C(N)=N/CCc1ccccc1,0,c1ccccc1,CCCNC[C@H](O)COc1ccccc1C(=O)CCc1ccccc1,1,O=C(CCc1ccccc1)c1ccccc1,0.20715630885122413,0,0.06950811534993681
NC(N)=N/C(N)=N/CCc1ccccc1,0,c1ccccc1,C#CCN(C)[C@@H](C)Cc1ccccc1,1,c1ccccc1,0.2070588235294118,0,0.11153038280291097
Oc1ccccc1,0,c1ccccc1,O=C(O)c1ccccc1O,1,c1ccccc1,0.3784461152882206,0,0.21255974251295073
Oc1ccccc1,0,c1ccccc1,CC(=O)Nc1ccc(O)cc1,1,c1ccccc1,0.30333333333333334,0,0.2042150994621046
Oc1ccccc1,0,c1ccccc1,CC(C)c1cccc(C(C)C)c1O,1,c1ccccc1,0.2931818181818182,0,0.22298086193997843
Oc1ccccc1,0,c1ccccc1,NC(=O)OCC(COC(N)=O)c1ccccc1,1,c1ccccc1,0.2191904047976012,0,0.0678896073747046
CC(C)(C)NC[C@H](O)COc1ccccc1C#N,0,c1ccccc1,CCCNC[C@H](O)COc1ccccc1C(=O)CCc1ccccc1,1,O=C(CCc1ccccc1)c1ccccc1,0.3876049580167933,0,0.16668194805242553
CC(C)(C)NC[C@H](O)COc1ccccc1C#N,0,c1ccccc1,COc1ccccc1OCCNC[C@H](O)COc1cccc2[nH]c3ccccc3c12,1,c1ccc(OCCNCCCOc2cccc3[nH]c4ccccc4c23)cc1,0.34335106382978725,0,0.13418535701142492
CC(C)(C)NC[C@H](O)COc1ccccc1C#N,0,c1ccccc1,CC(C)NC[C@H](O)COc1ccc(COCCOC(C)C)cc1,1,c1ccccc1,0.3075104841784217,0,0.14801041728454237
CC(C)(C)NC[C@H](O)COc1ccccc1C#N,0,c1ccccc1,CNCC[C@@H](Oc1ccccc1C)c1ccccc1,1,c1ccc(COc2ccccc2)cc1,0.254006968641115,0,0.41355250039513847
CCN(CC)C(=O)/C(C#N)=C\c1cc(O)c(O)c([N+](=O)[O-])c1,0,c1ccccc1,Cc1ccc(C(=O)c2cc(O)c(O)c([N+](=O)[O-])c2)cc1,1,O=C(c1ccccc1)c1ccccc1,0.3832752613240419,0,0.4120715629388609
CCN(CC)C(=O)/C(C#N)=C\c1cc(O)c(O)c([N+](=O)[O-])c1,0,c1ccccc1,CC(C)C(=O)Nc1ccc([N+](=O)[O-])c(C(F)(F)F)c1,1,c1ccccc1,0.23846153846153847,1,0.6385812253937746
CCN(CC)C(=O)/C(C#N)=C\c1cc(O)c(O)c([N+](=O)[O-])c1,0,c1ccccc1,COC(=O)C1=C(C)NC(C)=C(C(=O)OC)C1c1ccccc1[N+](=O)[O-],1,C1=CC(c2ccccc2)C=CN1,0.222527158376215,0,0.4938922842750086
CCN(CC)C(=O)/C(C#N)=C\c1cc(O)c(O)c([N+](=O)[O-])c1,0,c1ccccc1,COC(=O)C1=C(C#N)NC(C)=C(C(=O)OC(C)C)[C@H]1c1cccc([N+](=O)[O-])c1,1,C1=CC(c2ccccc2)C=CN1,0.21862068965517245,1,0.5431454138917828
Cc1ccc(Cl)c(OC[C@@H](O)CNC(C)(C)C)c1,0,c1ccccc1,Cc1ccc(C)c(OCCCC(C)(C)C(=O)O)c1,1,c1ccccc1,0.31272141706924317,1,0.5146579603597627
Cc1ccc(Cl)c(OC[C@@H](O)CNC(C)(C)C)c1,0,c1ccccc1,CCCNC[C@H](O)COc1ccccc1C(=O)CCc1ccccc1,1,O=C(CCc1ccccc1)c1ccccc1,0.31195652173913047,0,0.21103458907942232
Cc1ccc(Cl)c(OC[C@@H](O)CNC(C)(C)C)c1,0,c1ccccc1,CC(C)NC[C@H](O)COc1ccc(COCCOC(C)C)cc1,1,c1ccccc1,0.2967925873129009,0,0.17137054237016705
Cc1ccc(Cl)c(OC[C@@H](O)CNC(C)(C)C)c1,0,c1ccccc1,COc1ccccc1OCCNC[C@H](O)COc1cccc2[nH]c3ccccc3c12,1,c1ccc(OCCNCCCOc2cccc3[nH]c4ccccc4c23)cc1,0.281592039800995,0,0.1390923352979864
CNC[C@H](O)c1ccc(O)c(O)c1,0,c1ccccc1,CNCC[C@@H](Oc1ccccc1C)c1ccccc1,1,c1ccc(COc2ccccc2)cc1,0.22222222222222224,0,0.25086231608406684
CNC[C@H](O)c1ccc(O)c(O)c1,0,c1ccccc1,CC(C)c1cccc(C(C)C)c1O,1,c1ccccc1,0.21481481481481482,0,0.2275531106802174
CNC[C@H](O)c1ccc(O)c(O)c1,0,c1ccccc1,CNCC[C@@H](Oc1ccc(C(F)(F)F)cc1)c1ccccc1,1,c1ccc(COc2ccccc2)cc1,0.20512820512820512,0,0.24282784624386666
CNC[C@H](O)c1ccc(O)c(O)c1,0,c1ccccc1,CC(C)NC[C@H](O)COc1ccc(COCCOC(C)C)cc1,1,c1ccccc1,0.20444444444444448,0,0.09578430763738778
C[C@@H](NC(C)(C)C)C(=O)c1cccc(Cl)c1,1,c1ccccc1,CC(C)OC(=O)C(C)(C)Oc1ccc(C(=O)c2ccc(Cl)cc2)cc1,1,O=C(c1ccccc1)c1ccccc1,0.31598039215686274,1,0.5469266337649876
C[C@@H](NC(C)(C)C)C(=O)c1cccc(Cl)c1,1,c1ccccc1,CC(C)(Oc1ccc(Cl)cc1)C(=O)O,1,c1ccccc1,0.2727927927927928,1,0.7143142147413762
C[C@@H](NC(C)(C)C)C(=O)c1cccc(Cl)c1,1,c1ccccc1,CCOC(=O)C(C)(C)Oc1ccc(Cl)cc1,1,c1ccccc1,0.25145945945945947,1,0.6559275923963107
C[C@@H](NC(C)(C)C)C(=O)c1cccc(Cl)c1,1,c1ccccc1,CC(C)(Oc1ccc(CCNC(=O)c2ccc(Cl)cc2)cc1)C(=O)O,1,O=C(NCCc1ccccc1)c1ccccc1,0.24514965741074649,1,0.553420896617533
CCc1ccccc1,0,c1ccccc1,C#CCN(C)[C@@H](C)Cc1ccccc1,1,c1ccccc1,0.33181818181818185,0,0.06453946898675314
CCc1ccccc1,0,c1ccccc1,CN(C)CC(Oc1ccccc1)Oc1ccccc1,1,c1ccc(OCOc2ccccc2)cc1,0.2540229885057471,0,0.14149639986676057
CCc1ccccc1,0,c1ccccc1,CCOCn1c(Cc2ccccc2)c(C(C)C)c(=O)[nH]c1=O,1,O=c1cc(Cc2ccccc2)[nH]c(=O)[nH]1,0.2446511627906977,0,0.06959414909763015
CCc1ccccc1,0,c1ccccc1,CC(C)c1cccc(C(C)C)c1O,1,c1ccccc1,0.23619909502262443,0,0.11751179011484733
Cc1cccc(C)c1NC(=O)[C@H](C)N,0,c1ccccc1,CCN(CC)CC(=O)Nc1c(C)cccc1C,1,c1ccccc1,0.4793233082706767,0,0.18461678665639134
Cc1cccc(C)c1NC(=O)[C@H](C)N,0,c1ccccc1,Cc1cccc(C)c1NC(=O)CN1CCCC1=O,1,O=C(CN1CCCC1=O)Nc1ccccc1,0.40222222222222226,0,0.2088352105532234
Cc1cccc(C)c1NC(=O)[C@H](C)N,0,c1ccccc1,C[C@@H](NC(C)(C)C)C(=O)c1cccc(Cl)c1,1,c1ccccc1,0.2698067632850242,0,0.15006010747286455
Cc1cccc(C)c1NC(=O)[C@H](C)N,0,c1ccccc1,CC(=O)Nc1ccc(O)cc1,1,c1ccccc1,0.26792792792792797,0,0.27359340902918017
CCCCNC(=O)NS(=O)(=O)c1ccc(C)cc1,0,c1ccccc1,Nc1ccc(S(=O)(=O)Nc2ncccn2)cc1,1,O=S(=O)(Nc1ncccn1)c1ccccc1,0.25641025641025644,0,0.174451963446413
CCCCNC(=O)NS(=O)(=O)c1ccc(C)cc1,0,c1ccccc1,Cc1cc(NS(=O)(=O)c2ccc(N)cc2)no1,1,O=S(=O)(Nc1ccon1)c1ccccc1,0.25365853658536586,0,0.16594149441270306
CCCCNC(=O)NS(=O)(=O)c1ccc(C)cc1,0,c1ccccc1,Cc1ccc(C)c(OCCCC(C)(C)C(=O)O)c1,1,c1ccccc1,0.2282039911308204,0,0.40447506588594234
CCCCNC(=O)NS(=O)(=O)c1ccc(C)cc1,0,c1ccccc1,CCN(CC)CC(=O)Nc1c(C)cccc1C,1,c1ccccc1,0.22660307366189722,0,0.3527023927462186
C[C@H](N)C(=O)c1ccccc1,0,c1ccccc1,C[C@@H](NC(C)(C)C)C(=O)c1cccc(Cl)c1,1,c1ccccc1,0.3637037037037037,0,0.12016039462928199
C[C@H](N)C(=O)c1ccccc1,0,c1ccccc1,NC(=O)OCC(COC(N)=O)c1ccccc1,1,c1ccccc1,0.312967032967033,0,0.043946966227642756
C[C@H](N)C(=O)c1ccccc1,0,c1ccccc1,CC(C)c1cccc(C(C)C)c1O,1,c1ccccc1,0.27420289855072466,0,0.09877214821201642
C[C@H](N)C(=O)c1ccccc1,0,c1ccccc1,O=C(O)c1ccccc1O,1,c1ccccc1,0.26666666666666666,0,0.14969465617172856
CCCN(CCC)S(=O)(=O)c1ccc(C(=O)O)cc1,0,c1ccccc1,C=C(c1ccc(C(=O)O)cc1)c1cc2c(cc1C)C(C)(C)CCC2(C)C,1,C=C(c1ccccc1)c1ccc2c(c1)CCCC2,0.2998918918918919,0,0.41506564172803845
CCCN(CCC)S(=O)(=O)c1ccc(C(=O)O)cc1,0,c1ccccc1,O=C(O)c1ccccc1O,1,c1ccccc1,0.2328525641025641,0,0.3168375490093523
CCCN(CCC)S(=O)(=O)c1ccc(C(=O)O)cc1,0,c1ccccc1,CC/C(=C(/c1ccccc1)c1ccc(OCCN(C)C)cc1)c1ccccc1,1,C(=C(c1ccccc1)c1ccccc1)c1ccccc1,0.22461538461538463,0,0.19712607806344568
CCCN(CCC)S(=O)(=O)c1ccc(C(=O)O)cc1,0,c1ccccc1,CC(C)N(CC[C@@](C(N)=O)(c1ccccc1)c1ccccn1)C(C)C,1,c1ccc(Cc2ccccn2)cc1,0.22327246688148944,0,0.23901345524483578
CCN(CC)CCNC(=O)c1ccc(N)cc1,0,c1ccccc1,CCN(CC)CCNC(=O)c1cc(Cl)c(N)cc1OC,1,c1ccccc1,0.4905102040816327,0,0.37168378989496825
CCN(CC)CCNC(=O)c1ccc(N)cc1,0,c1ccccc1,CCN(CC)CC(=O)Nc1c(C)cccc1C,1,c1ccccc1,0.32125603864734303,0,0.3206544821265487
CCN(CC)CCNC(=O)c1ccc(N)cc1,0,c1ccccc1,CC(C)(Oc1ccc(CCNC(=O)c2ccc(Cl)cc2)cc1)C(=O)O,1,O=C(NCCc1ccccc1)c1ccccc1,0.31683794466403165,1,0.5411530081417467
CCN(CC)CCNC(=O)c1ccc(N)cc1,0,c1ccccc1,Nc1ccc(S(=O)(=O)c2ccc(N)cc2)cc1,1,O=S(=O)(c1ccccc1)c1ccccc1,0.2694736842105263,0,0.1985965615229015
Cc1ccccc1,0,c1ccccc1,Cc1cc(=O)n(-c2ccccc2)n1C,1,O=c1cc[nH]n1-c1ccccc1,0.2702380952380952,0,0.13501920950593738
Cc1ccccc1,0,c1ccccc1,CC(C)c1cccc(C(C)C)c1O,1,c1ccccc1,0.24891304347826088,0,0.08279461787255295
Cc1ccccc1,0,c1ccccc1,CN(C)CC(Oc1ccccc1)Oc1ccccc1,1,c1ccc(OCOc2ccccc2)cc1,0.24377104377104378,0,0.10473763519519295
Cc1ccccc1,0,c1ccccc1,CNCC[C@@H](Oc1ccccc1C)c1ccccc1,1,c1ccc(COc2ccccc2)cc1,0.2367032967032967,0,0.04294210984457874
CN[C@@H](C)Cc1ccccc1,0,c1ccccc1,C#CCN(C)[C@@H](C)Cc1ccccc1,1,c1ccccc1,0.38428571428571434,0,0.19192280029478548
CN[C@@H](C)Cc1ccccc1,0,c1ccccc1,CCOc1ccccc1OCCN[C@H](C)Cc1ccc(OC)c(S(N)(=O)=O)c1,1,c1ccc(CCNCCOc2ccccc2)cc1,0.2756756756756757,0,0.09822151518801849
CN[C@@H](C)Cc1ccccc1,0,c1ccccc1,CNCC[C@@H](Oc1ccccc1C)c1ccccc1,1,c1ccc(COc2ccccc2)cc1,0.2657738095238096,0,0.05467504669609652
CN[C@@H](C)Cc1ccccc1,0,c1ccccc1,CCOCn1c(Cc2ccccc2)c(C(C)C)c(=O)[nH]c1=O,1,O=c1cc(Cc2ccccc2)[nH]c(=O)[nH]1,0.25081300813008134,0,0.03165707319381006
CC(C)/N=C(N)\N=C(/N)Nc1ccc(Cl)cc1,1,c1ccccc1,CC(C)OC(=O)C(C)(C)Oc1ccc(C(=O)c2ccc(Cl)cc2)cc1,1,O=C(c1ccccc1)c1ccccc1,0.23015873015873017,0,0.48469010629720916
CC(C)/N=C(N)\N=C(/N)Nc1ccc(Cl)cc1,1,c1ccccc1,CC(C)(Oc1ccc(Cl)cc1)C(=O)O,1,c1ccccc1,0.22654462242562928,1,0.5669289614578554
CC(C)/N=C(N)\N=C(/N)Nc1ccc(Cl)cc1,1,c1ccccc1,C[C@H](N/C(=N\C#N)Nc1ccncc1)C(C)(C)C,1,c1ccncc1,0.225708245243129,1,0.5263561492809805
CC(C)/N=C(N)\N=C(/N)Nc1ccc(Cl)cc1,1,c1ccccc1,CC(=O)Nc1ccc(O)cc1,1,c1ccccc1,0.22076297686053784,1,0.5225112462380226
CNC(=O)Oc1cc(C)c(SC)c(C)c1,1,c1ccccc1,CCOc1ccc(NC(C)=O)cc1,1,c1ccccc1,0.21454545454545457,1,0.6824448415682755
CNC(=O)Oc1cc(C)c(SC)c(C)c1,1,c1ccccc1,Cc1ccc(C)c(OCCCC(C)(C)C(=O)O)c1,1,c1ccccc1,0.21025641025641026,1,0.7022980266945905
CNC(=O)Oc1cc(C)c(SC)c(C)c1,1,c1ccccc1,CCOC(=O)C(C)(C)Oc1ccc(Cl)cc1,1,c1ccccc1,0.1969387755102041,1,0.7219026884065702
CNC(=O)Oc1cc(C)c(SC)c(C)c1,1,c1ccccc1,CNC(=O)c1cccc(NCC(=O)NCCc2ccc(OC)c(OC)c2)c1,1,O=C(CNc1ccccc1)NCCc1ccccc1,0.19625418060200672,1,0.5635015428965787
CC(C)c1cccc(C(C)C)c1O,1,c1ccccc1,C[C@@H](NC(C)(C)C)C(=O)c1cccc(Cl)c1,1,c1ccccc1,0.22375000000000003,1,0.5127405605873263
CC(C)c1cccc(C(C)C)c1O,1,c1ccccc1,CC(=O)C[C@@H](c1ccccc1)c1c(O)c2ccccc2oc1=O,1,O=c1oc2ccccc2cc1Cc1ccccc1,0.2140540540540541,1,0.5225758917946903
CC(C)c1cccc(C(C)C)c1O,1,c1ccccc1,O=C(O)c1ccccc1O,1,c1ccccc1,0.2116710875331565,0,0.4440912791151725
CC(C)c1cccc(C(C)C)c1O,1,c1ccccc1,CC(=O)Nc1ccc(O)cc1,1,c1ccccc1,0.2086848635235732,1,0.6185061644246276
NC(=O)OCC(COC(N)=O)c1ccccc1,1,c1ccccc1,COC(=O)[C@H](c1ccccc1)[C@H]1CCCCN1,1,c1ccc(CC2CCCCN2)cc1,0.3030037546933667,1,0.5712936876817845
NC(=O)OCC(COC(N)=O)c1ccccc1,1,c1ccccc1,CC1=C(C)C(=O)C([C@@H](CCCCCC(=O)O)c2ccccc2)=C(C)C1=O,1,O=C1C=CC(=O)C(Cc2ccccc2)=C1,0.2777777777777778,0,0.4117158582510919
NC(=O)OCC(COC(N)=O)c1ccccc1,1,c1ccccc1,CC(=O)C[C@@H](c1ccccc1)c1c(O)c2ccccc2oc1=O,1,O=c1oc2ccccc2cc1Cc1ccccc1,0.2705426356589148,1,0.6480296766297095
NC(=O)OCC(COC(N)=O)c1ccccc1,1,c1ccccc1,O=C(O)c1ccccc1O,1,c1ccccc1,0.244022770398482,1,0.5799883481131667
CCN(CC)CCNC(=O)c1cc(Cl)c(N)cc1OC,1,c1ccccc1,COc1cc(N)c(Cl)cc1C(=O)N[C@H]1CCN(CCCOc2ccc(F)cc2)C[C@H]1OC,1,O=C(NC1CCN(CCCOc2ccccc2)CC1)c1ccccc1,0.40202020202020206,0,0.41407912641312594
CCN(CC)CCNC(=O)c1cc(Cl)c(N)cc1OC,1,c1ccccc1,CC(C)(Oc1ccc(CCNC(=O)c2ccc(Cl)cc2)cc1)C(=O)O,1,O=C(NCCc1ccccc1)c1ccccc1,0.26701631701631706,1,0.7326344798617286
CCN(CC)CCNC(=O)c1cc(Cl)c(N)cc1OC,1,c1ccccc1,CNC(=O)c1cccc(NCC(=O)NCCc2ccc(OC)c(OC)c2)c1,1,O=C(CNc1ccccc1)NCCc1ccccc1,0.25317460317460316,1,0.6358626243425851
CCN(CC)CCNC(=O)c1cc(Cl)c(N)cc1OC,1,c1ccccc1,CCN(CC)CC(=O)Nc1c(C)cccc1C,1,c1ccccc1,0.238977879481312,0,0.49583612867024107
CCN[C@H](C)Cc1cccc(C(F)(F)F)c1,0,c1ccccc1,CCOc1ccccc1OCCN[C@H](C)Cc1ccc(OC)c(S(N)(=O)=O)c1,1,c1ccc(CCNCCOc2ccccc2)cc1,0.31149825783972124,0,0.1813915622879833
CCN[C@H](C)Cc1cccc(C(F)(F)F)c1,0,c1ccccc1,CNCC[C@@H](Oc1ccc(C(F)(F)F)cc1)c1ccccc1,1,c1ccc(COc2ccccc2)cc1,0.28308308308308305,0,0.34714524104020134
CCN[C@H](C)Cc1cccc(C(F)(F)F)c1,0,c1ccccc1,C#CCN(C)[C@@H](C)Cc1ccccc1,1,c1ccccc1,0.23102040816326533,0,0.357078104146065
CCN[C@H](C)Cc1cccc(C(F)(F)F)c1,0,c1ccccc1,CCCCN(CCCC)CC[C@H](O)c1cc2c(Cl)cc(Cl)cc2c2cc(C(F)(F)F)ccc12,1,c1ccc2c(c1)ccc1ccccc12,0.2267161410018553,0,0.35465885194398905
O=C(N[C@H](CO)[C@H](O)c1ccc([N+](=O)[O-])cc1)C(Cl)Cl,0,c1ccccc1,CC(=O)C[C@@H](c1ccc([N+](=O)[O-])cc1)c1c(O)c2ccccc2oc1=O,1,O=c1oc2ccccc2cc1Cc1ccccc1,0.29741019214703424,1,0.5719621702143167
O=C(N[C@H](CO)[C@H](O)c1ccc([N+](=O)[O-])cc1)C(Cl)Cl,0,c1ccccc1,CCOP(=S)(OCC)Oc1ccc([N+](=O)[O-])cc1,1,c1ccccc1,0.2717858709960509,1,0.635117965198202
O=C(N[C@H](CO)[C@H](O)c1ccc([N+](=O)[O-])cc1)C(Cl)Cl,0,c1ccccc1,CC(C)C(=O)Nc1ccc([N+](=O)[O-])c(C(F)(F)F)c1,1,c1ccccc1,0.26374355195283716,1,0.6108731352165016
O=C(N[C@H](CO)[C@H](O)c1ccc([N+](=O)[O-])cc1)C(Cl)Cl,0,c1ccccc1,O=C1CN=C(c2ccccc2Cl)c2cc([N+](=O)[O-])ccc2N1,1,O=C1CN=C(c2ccccc2)c2ccccc2N1,0.24289592760181,0,0.470611092423913
COCCc1ccc(OC[C@@H](O)CNC(C)C)cc1,0,c1ccccc1,CC(C)NC[C@H](O)COc1ccc(COCCOC(C)C)cc1,1,c1ccccc1,0.6236170212765958,0,0.19866716429572046
COCCc1ccc(OC[C@@H](O)CNC(C)C)cc1,0,c1ccccc1,CCCNC[C@H](O)COc1ccccc1C(=O)CCc1ccccc1,1,O=C(CCc1ccccc1)c1ccccc1,0.3521380345086272,0,0.22548514933128322
COCCc1ccc(OC[C@@H](O)CNC(C)C)cc1,0,c1ccccc1,COc1ccccc1OCCNC[C@H](O)COc1cccc2[nH]c3ccccc3c12,1,c1ccc(OCCNCCCOc2cccc3[nH]c4ccccc4c23)cc1,0.29573283858998145,0,0.17272961279645435
COCCc1ccc(OC[C@@H](O)CNC(C)C)cc1,0,c1ccccc1,CN(CCOc1ccc(NS(C)(=O)=O)cc1)CCc1ccc(NS(C)(=O)=O)cc1,1,c1ccc(CCNCCOc2ccccc2)cc1,0.2857858933046903,1,0.5264694173219099
Cc1cccc(C)c1OC[C@@H](C)N,0,c1ccccc1,CNCC[C@@H](Oc1ccccc1C)c1ccccc1,1,c1ccc(COc2ccccc2)cc1,0.2682828282828283,0,0.23787952403630788
Cc1cccc(C)c1OC[C@@H](C)N,0,c1ccccc1,Cc1cccc(C)c1OCC(=O)N[C@@H](Cc1ccccc1)[C@@H](O)C[C@H](Cc1ccccc1)NC(=O)[C@H](C(C)C)N1CCCNC1=O,1,O=C(COc1ccccc1)NC(CCC(Cc1ccccc1)NC(=O)CN1CCCNC1=O)Cc1ccccc1,0.2462837837837838,0,0.3406374412110036
Cc1cccc(C)c1OC[C@@H](C)N,0,c1ccccc1,CC(C)c1cccc(C(C)C)c1O,1,c1ccccc1,0.2457912457912458,0,0.18748019148462972
Cc1cccc(C)c1OC[C@@H](C)N,0,c1ccccc1,CCN(CC)CC(=O)Nc1c(C)cccc1C,1,c1ccccc1,0.23898768809849522,0,0.3064371515499159
CC(C)c1c(C(=O)Nc2ccccc2)c(-c2ccccc2)c(-c2ccc(F)cc2)n1CC[C@@H](O)C[C@@H](O)CC(=O)O,1,O=C(Nc1ccccc1)c1c[nH]c(-c2ccccc2)c1-c1ccccc1,COCc1c(C(C)C)nc(C(C)C)c(/C=C\[C@@H](O)C[C@@H](O)CC(=O)O)c1-c1ccc(F)cc1,1,c1ccc(-c2ccncc2)cc1,0.3720553857219925,1,0.6700809425755567
CC(C)c1c(C(=O)Nc2ccccc2)c(-c2ccccc2)c(-c2ccc(F)cc2)n1CC[C@@H](O)C[C@@H](O)CC(=O)O,1,O=C(Nc1ccccc1)c1c[nH]c(-c2ccccc2)c1-c1ccccc1,CC[C@H](C)C(=O)O[C@H]1C[C@H](O)C=C2C=C[C@H](C)[C@H](CC[C@@H](O)C[C@@H](O)CC(=O)O)[C@H]21,1,C1=CC2=CCCCC2CC1,0.24480286738351256,1,0.9346344197693136
CC(C)c1c(C(=O)Nc2ccccc2)c(-c2ccccc2)c(-c2ccc(F)cc2)n1CC[C@@H](O)C[C@@H](O)CC(=O)O,1,O=C(Nc1ccccc1)c1c[nH]c(-c2ccccc2)c1-c1ccccc1,CC1=C(C)C(=O)C([C@@H](CCCCCC(=O)O)c2ccccc2)=C(C)C1=O,1,O=C1C=CC(=O)C(Cc2ccccc2)=C1,0.1948971518987342,1,0.6847454950633333
CC(C)c1c(C(=O)Nc2ccccc2)c(-c2ccccc2)c(-c2ccc(F)cc2)n1CC[C@@H](O)C[C@@H](O)CC(=O)O,1,O=C(Nc1ccccc1)c1c[nH]c(-c2ccccc2)c1-c1ccccc1,Cc1oncc1C(=O)Nc1ccc(C(F)(F)F)cc1,1,O=C(Nc1ccccc1)c1cnoc1,0.1917721518987342,1,0.8744834379043022
OC(c1ccccc1)(c1ccccc1)C1CCNCC1,0,c1ccc(C(c2ccccc2)C2CCNCC2)cc1,COC(=O)[C@H](c1ccccc1)[C@H]1CCCCN1,1,c1ccc(CC2CCCCN2)cc1,0.2570294784580499,0,0.387682616417867
OC(c1ccccc1)(c1ccccc1)C1CCNCC1,0,c1ccc(C(c2ccccc2)C2CCNCC2)cc1,CCOc1ccccc1O[C@H](c1ccccc1)[C@H]1CNCCO1,1,c1ccc(OC(c2ccccc2)C2CNCCO2)cc1,0.22454545454545455,0,0.2879258626321291
OC(c1ccccc1)(c1ccccc1)C1CCNCC1,0,c1ccc(C(c2ccccc2)C2CCNCC2)cc1,c1ccc(C2(c3ccccc3)C[C@H]2C2=NCCN2)cc1,1,c1ccc(C2(c3ccccc3)CC2C2=NCCN2)cc1,0.22102102102102103,0,0.15839487633024105
OC(c1ccccc1)(c1ccccc1)C1CCNCC1,0,c1ccc(C(c2ccccc2)C2CCNCC2)cc1,O[C@@H](c1cc(C(F)(F)F)nc2c(C(F)(F)F)cccc12)[C@H]1CCCCN1,1,c1ccc2c(CC3CCCCN3)ccnc2c1,0.20318840579710146,0,0.33129550051309736
N=C(N)c1ccc(OCCCCCOc2ccc(C(=N)N)cc2)cc1,0,c1ccc(OCCCCCOc2ccccc2)cc1,CC/C(=C(/c1ccccc1)c1ccc(OCCN(C)C)cc1)c1ccccc1,1,C(=C(c1ccccc1)c1ccccc1)c1ccccc1,0.3173099415204679,0,0.14344927023871337
N=C(N)c1ccc(OCCCCCOc2ccc(C(=N)N)cc2)cc1,0,c1ccc(OCCCCCOc2ccccc2)cc1,CN(C)CCOc1ccc(/C(=C(\CCCl)c2ccccc2)c2ccccc2)cc1,1,C(=C(c1ccccc1)c1ccccc1)c1ccccc1,0.2967479674796748,0,0.1609709818318784
N=C(N)c1ccc(OCCCCCOc2ccc(C(=N)N)cc2)cc1,0,c1ccc(OCCCCCOc2ccccc2)cc1,CCOc1ccc(NC(C)=O)cc1,1,c1ccccc1,0.2625,0,0.3065918641293613
N=C(N)c1ccc(OCCCCCOc2ccc(C(=N)N)cc2)cc1,0,c1ccc(OCCCCCOc2ccccc2)cc1,CN(CCOc1ccc(NS(C)(=O)=O)cc1)CCc1ccc(NS(C)(=O)=O)cc1,1,c1ccc(CCNCCOc2ccccc2)cc1,0.23314285714285715,0,0.2818233329305638
COc1cc(C(C)=O)ccc1OCCCN1CCC(c2noc3cc(F)ccc23)CC1,1,c1ccc(OCCCN2CCC(c3noc4ccccc34)CC2)cc1,COc1cc(N)c(Cl)cc1C(=O)N[C@H]1CCN(CCCOc2ccc(F)cc2)C[C@H]1OC,1,O=C(NC1CCN(CCCOc2ccccc2)CC1)c1ccccc1,0.33629355534998456,1,0.8403866173699519
COc1cc(C(C)=O)ccc1OCCCN1CCC(c2noc3cc(F)ccc23)CC1,1,c1ccc(OCCCN2CCC(c3noc4ccccc34)CC2)cc1,O=C(CCCN1CCC(O)(c2ccc(Br)cc2)CC1)c1ccc(F)cc1,1,O=C(CCCN1CCC(c2ccccc2)CC1)c1ccccc1,0.27648371262829097,1,0.9072794321983226
COc1cc(C(C)=O)ccc1OCCCN1CCC(c2noc3cc(F)ccc23)CC1,1,c1ccc(OCCCN2CCC(c3noc4ccccc34)CC2)cc1,O=C(CCCN1CCC(O)(c2ccc(Cl)cc2)CC1)c1ccc(F)cc1,1,O=C(CCCN1CCC(c2ccccc2)CC1)c1ccccc1,0.27648371262829097,1,0.9037255540065829
COc1cc(C(C)=O)ccc1OCCCN1CCC(c2noc3cc(F)ccc23)CC1,1,c1ccc(OCCCN2CCC(c3noc4ccccc34)CC2)cc1,COc1ccc(CCN2CCC(Nc3nc4ccccc4n3Cc3ccc(F)cc3)CC2)cc1,1,c1ccc(CCN2CCC(Nc3nc4ccccc4n3Cc3ccccc3)CC2)cc1,0.26530989824236817,1,0.9230469377859253
CCOC(=O)C1(c2ccccc2)CCN(C)CC1,0,c1ccc(C2CCNCC2)cc1,CCC(=O)N(c1ccccc1)C1(COC)CCN(CCc2cccs2)CC1,1,c1ccc(NC2CCN(CCc3cccs3)CC2)cc1,0.32120663650075415,0,0.18214348410259598
CCOC(=O)C1(c2ccccc2)CCN(C)CC1,0,c1ccc(C2CCNCC2)cc1,CCC(=O)N(c1ccccc1)C1(COC)CCN(CCn2nnn(CC)c2=O)CC1,1,O=c1[nH]nnn1CCN1CCC(Nc2ccccc2)CC1,0.30155106818846944,0,0.17298812829204974
CCOC(=O)C1(c2ccccc2)CCN(C)CC1,0,c1ccc(C2CCNCC2)cc1,CCOCCn1c(N2CCCN(C)CC2)nc2ccccc21,1,c1ccc2[nH]c(N3CCCNCC3)nc2c1,0.2977777777777778,0,0.36464557487452653
CCOC(=O)C1(c2ccccc2)CCN(C)CC1,0,c1ccc(C2CCNCC2)cc1,CCOC(=O)[C@H](CCc1ccccc1)N[C@@H](C)C(=O)N1CCC[C@H]1C(=O)O,1,O=C(CNCCCc1ccccc1)N1CCCC1,0.2915384615384616,0,0.3198765903588964
O=C(N[C@H](Cc1cc(=O)[nH]c2ccccc12)C(=O)O)c1ccc(Cl)cc1,1,O=C(NCCc1cc(=O)[nH]c2ccccc12)c1ccccc1,CC(C)(Oc1ccc(CCNC(=O)c2ccc(Cl)cc2)cc1)C(=O)O,1,O=C(NCCc1ccccc1)c1ccccc1,0.2886956521739131,1,0.6802489089942707
O=C(N[C@H](Cc1cc(=O)[nH]c2ccccc12)C(=O)O)c1ccc(Cl)cc1,1,O=C(NCCc1cc(=O)[nH]c2ccccc12)c1ccccc1,O=C1CN=C(c2ccccc2)c2cc(Cl)ccc2N1,1,O=C1CN=C(c2ccccc2)c2ccccc2N1,0.2430622009569378,1,0.7601479758589039
O=C(N[C@H](Cc1cc(=O)[nH]c2ccccc12)C(=O)O)c1ccc(Cl)cc1,1,O=C(NCCc1cc(=O)[nH]c2ccccc12)c1ccccc1,C[C@@H](NC(C)(C)C)C(=O)c1cccc(Cl)c1,1,c1ccccc1,0.22314814814814815,1,0.61807302359283
O=C(N[C@H](Cc1cc(=O)[nH]c2ccccc12)C(=O)O)c1ccc(Cl)cc1,1,O=C(NCCc1cc(=O)[nH]c2ccccc12)c1ccccc1,CC(C)(Oc1ccc(Cl)cc1)C(=O)O,1,c1ccccc1,0.22271186440677967,1,0.7162130912145067
CC1(C)O[C@@H]2[C@@H](CO[C@@]3(COS(N)(=O)=O)OC(C)(C)O[C@@H]23)O1,0,C1OC2COC3OCOC3C2O1,CS(=O)(=O)OCCCCOS(C)(=O)=O,1,,0.17754952311078503,0,0.025602653017237673
CC1(C)O[C@@H]2[C@@H](CO[C@@]3(COS(N)(=O)=O)OC(C)(C)O[C@@H]23)O1,0,C1OC2COC3OCOC3C2O1,CCN[C@H]1CN(CCCOC)S(=O)(=O)c2sc(S(N)(=O)=O)cc21,1,O=S1(=O)NCCc2ccsc21,0.12839506172839504,0,0.16283950186693893
CC1(C)O[C@@H]2[C@@H](CO[C@@]3(COS(N)(=O)=O)OC(C)(C)O[C@@H]23)O1,0,C1OC2COC3OCOC3C2O1,CCN[C@H]1C[C@H](C)S(=O)(=O)c2sc(S(N)(=O)=O)cc21,1,O=S1(=O)CCCc2ccsc21,0.1258982466225927,0,0.08263427209327062
CC1(C)O[C@@H]2[C@@H](CO[C@@]3(COS(N)(=O)=O)OC(C)(C)O[C@@H]23)O1,0,C1OC2COC3OCOC3C2O1,COC(=O)[C@@H]1CC2=CC(=O)CC[C@]2(C)[C@@]23O[C@@H]2C[C@@]2(C)[C@@H](CC[C@@]24CCC(=O)O4)[C@H]13,1,O=C1C=C2CCC3C4CCC5(CCC(=O)O5)C4CC4OC43C2CC1,0.12337164750957856,0,0.16795087298238628
CCCC(CCC)C(=O)O,0,,CCO,1,,0.20130718954248367,0,0.20386017302491122
CCCC(CCC)C(=O)O,0,,CC1=C(C)C(=O)C([C@@H](CCCCCC(=O)O)c2ccccc2)=C(C)C1=O,1,O=C1C=CC(=O)C(Cc2ccccc2)=C1,0.19839572192513372,0,0.277542556179354
CCCC(CCC)C(=O)O,0,,CCOC(=O)[C@H](CCc1ccccc1)N[C@@H](C)C(=O)N1CCC[C@H]1C(=O)O,1,O=C(CNCCCc1ccccc1)N1CCCC1,0.1821297429620563,0,0.28645309907511796
CCCC(CCC)C(=O)O,0,,CC(C)(Oc1ccc(Cl)cc1)C(=O)O,1,c1ccccc1,0.16628352490421455,0,0.39024413183510087
CC(C)=O,0,,CC(=O)Nc1ccc(O)cc1,1,c1ccccc1,0.23047619047619047,0,0.1068912248287548
CC(C)=O,0,,CCO,1,,0.21000000000000002,0,0.26571493110660044
CC(C)=O,0,,CCOc1ccc(NC(C)=O)cc1,1,c1ccccc1,0.18624338624338624,0,0.1719000521156391
CC(C)=O,0,,CC(C)(Oc1ccc(Cl)cc1)C(=O)O,1,c1ccccc1,0.15185185185185185,0,0.3171956417888762
O=[N+]([O-])OCC(CO[N+](=O)[O-])O[N+](=O)[O-],1,,CCOP(=S)(OCC)Oc1ccc([N+](=O)[O-])cc1,1,c1ccccc1,0.1898809523809524,1,0.8465635524683813
O=[N+]([O-])OCC(CO[N+](=O)[O-])O[N+](=O)[O-],1,,COC(=O)C1=C(C)NC(C)=C(C(=O)OCC(C)C)[C@H]1c1ccccc1[N+](=O)[O-],1,C1=CC(c2ccccc2)C=CN1,0.1529824561403509,1,0.8118901596937618
O=[N+]([O-])OCC(CO[N+](=O)[O-])O[N+](=O)[O-],1,,CC(C)C(=O)Nc1ccc([N+](=O)[O-])c(C(F)(F)F)c1,1,c1ccccc1,0.1392857142857143,1,0.8707382831089814
O=[N+]([O-])OCC(CO[N+](=O)[O-])O[N+](=O)[O-],1,,COCCOC(=O)C1=C(C)NC(C)=C(C(=O)OC(C)C)[C@@H]1c1cccc([N+](=O)[O-])c1,1,C1=CC(c2ccccc2)C=CN1,0.13535281539558092,1,0.8179127001347262
NN=O,0,,Nc1ccc(S(=O)(=O)c2ccc(N)cc2)cc1,1,O=S(=O)(c1ccccc1)c1ccccc1,0.1368421052631579,0,0.0386129558317346
NN=O,0,,CN(C)S(=O)(=O)CCNC(=O)N(CCCl)N=O,1,,0.10957854406130269,0,0.1071271570262722
NN=O,0,,CS(=O)(=O)OCCCCOS(C)(=O)=O,1,,0.09671052631578947,0,0.021482005049979352
NN=O,0,,Nc1ccc(S(=O)(=O)Nc2ncccn2)cc1,1,O=S(=O)(Nc1ncccn1)c1ccccc1,0.09379310344827588,0,0.02420359671072049
FC(F)(F)[C@H](Cl)Br,1,,COC(F)(F)C(Cl)Cl,1,,0.30153846153846153,1,0.8215306845417779
FC(F)(F)[C@H](Cl)Br,1,,FCOC(C(F)(F)F)C(F)(F)F,1,,0.2476190476190476,1,0.6632374762463092
FC(F)(F)[C@H](Cl)Br,1,,ClC=C(Cl)Cl,1,,0.1111111111111111,1,0.6376564231006732
FC(F)(F)[C@H](Cl)Br,1,,CC(C)C(=O)Nc1ccc([N+](=O)[O-])c(C(F)(F)F)c1,1,c1ccccc1,0.1106703146374829,1,0.7077582427173862
FCOC(C(F)(F)F)C(F)(F)F,1,,FC(F)(F)[C@H](Cl)Br,1,,0.2476190476190476,1,0.5936263227878634
FCOC(C(F)(F)F)C(F)(F)F,1,,COC(F)(F)C(Cl)Cl,1,,0.21555555555555558,1,0.7279353977965362
FCOC(C(F)(F)F)C(F)(F)F,1,,CNCC[C@@H](Oc1ccc(C(F)(F)F)cc1)c1ccccc1,1,c1ccc(COc2ccccc2)cc1,0.1288888888888889,1,0.5395932372003841
FCOC(C(F)(F)F)C(F)(F)F,1,,O=[N+]([O-])OCC(CO[N+](=O)[O-])O[N+](=O)[O-],1,,0.10350631136044881,1,0.7972913206967064
FC(F)O[C@@H](Cl)C(F)(F)F,0,,FC(F)(F)[C@H](Cl)Br,1,,0.33714285714285713,0,0.3941025115387348
FC(F)O[C@@H](Cl)C(F)(F)F,0,,COC(F)(F)C(Cl)Cl,1,,0.2888888888888889,0,0.44845524122915936
FC(F)O[C@@H](Cl)C(F)(F)F,0,,FCOC(C(F)(F)F)C(F)(F)F,1,,0.25866666666666666,0,0.37038720346863324
FC(F)O[C@@H](Cl)C(F)(F)F,0,,CNCC[C@@H](Oc1ccc(C(F)(F)F)cc1)c1ccccc1,1,c1ccc(COc2ccccc2)cc1,0.10732860520094564,0,0.4234372987597477
CCN(CC)C(=S)SSC(=S)N(CC)CC,0,,CCO,1,,0.20277777777777778,0,0.04259110859246047
CCN(CC)C(=S)SSC(=S)N(CC)CC,0,,CCN(CC)CC(=O)Nc1c(C)cccc1C,1,c1ccccc1,0.14807692307692308,0,0.058294071710414286
CCN(CC)C(=S)SSC(=S)N(CC)CC,0,,CCN(CC)CCNC(=O)c1cc(Cl)c(N)cc1OC,1,c1ccccc1,0.1297777777777778,0,0.10634037632195507
CCN(CC)C(=S)SSC(=S)N(CC)CC,0,,CCN(CC)C(=O)N[C@H]1C[C@@H]2c3cccc4[nH]cc(c34)C[C@H]2N(C)C1,1,c1cc2c3c(c[nH]c3c1)CC1NCCCC21,0.12030264817150065,0,0.08679722987388673
CS(C)=O,0,,CS(=O)(=O)OCCCCOS(C)(=O)=O,1,,0.145748987854251,0,0.010251860601300292
CS(C)=O,0,,CN1C(=O)OC(C)(C)C1=O,1,O=C1COC(=O)N1,0.1409937888198758,0,0.010473639118904424
CS(C)=O,0,,CCO,1,,0.12272727272727274,0,0.06362261730363107
CS(C)=O,0,,CC(=O)Nc1ccc(O)cc1,1,c1ccccc1,0.10666666666666667,0,0.023826802503118097
CN(C)S(=O)(=O)CCNC(=O)N(CCCl)N=O,1,,O=[P@]1(N(CCCl)CCCl)NCCCO1,1,O=[PH]1NCCCO1,0.1929769392033543,1,0.716476137652399
CN(C)S(=O)(=O)CCNC(=O)N(CCCl)N=O,1,,O=[P@]1(NCCCl)OCCCN1CCCl,1,O=[PH]1NCCCO1,0.1758241758241758,1,0.7237372328300918
CN(C)S(=O)(=O)CCNC(=O)N(CCCl)N=O,1,,CCN(CC)CCNC(=O)c1cc(Cl)c(N)cc1OC,1,c1ccccc1,0.1665909090909091,1,0.6837067040337494
CN(C)S(=O)(=O)CCNC(=O)N(CCCl)N=O,1,,O=[P@@]1(N(CCCl)CCCl)OCCCN1CCCl,1,O=[PH]1NCCCO1,0.16293436293436292,1,0.6338055150535364
FC(F)OC(F)(F)[C@@H](F)Cl,0,,COC(F)(F)C(Cl)Cl,1,,0.406832298136646,0,0.2215199564055853
FC(F)OC(F)(F)[C@@H](F)Cl,0,,FC(F)(F)[C@H](Cl)Br,1,,0.2857142857142857,0,0.3181825083879101
FC(F)OC(F)(F)[C@@H](F)Cl,0,,FCOC(C(F)(F)F)C(F)(F)F,1,,0.20647773279352227,0,0.2497995031104466
FC(F)OC(F)(F)[C@@H](F)Cl,0,,CNCC[C@@H](Oc1ccc(C(F)(F)F)cc1)c1ccccc1,1,c1ccc(COc2ccccc2)cc1,0.10732860520094564,0,0.3511306089686017
CCOC(=O)C[C@@H](SP(=S)(OC)OC)C(=O)OCC,0,,CCOC(=O)C(C)(C)Oc1ccc(Cl)cc1,1,c1ccccc1,0.21746880570409982,0,0.21848772027465607
CCOC(=O)C[C@@H](SP(=S)(OC)OC)C(=O)OCC,0,,CCOC(=O)C1=C(C)NC(C)=C(C(=O)OC)[C@@H]1c1cccc(Cl)c1Cl,1,C1=CC(c2ccccc2)C=CN1,0.1966432474629196,0,0.18650344800173904
CCOC(=O)C[C@@H](SP(=S)(OC)OC)C(=O)OCC,0,,CCOC(=O)C1=C(C)NC(C)=C(C(=O)OC)[C@@H]1c1cccc([N+](=O)[O-])c1,1,C1=CC(c2ccccc2)C=CN1,0.1842735042735043,0,0.17756744714925898
CCOC(=O)C[C@@H](SP(=S)(OC)OC)C(=O)OCC,0,,CCOP(=S)(OCC)Oc1ccc([N+](=O)[O-])cc1,1,c1ccccc1,0.18029350104821804,0,0.2506439725500699
CS(=O)(=O)OCCCCOS(C)(=O)=O,1,,CN(CCOc1ccc(NS(C)(=O)=O)cc1)CCc1ccc(NS(C)(=O)=O)cc1,1,c1ccc(CCNCCOc2ccccc2)cc1,0.1710955710955711,1,0.7388771700409116
CS(=O)(=O)OCCCCOS(C)(=O)=O,1,,CCN[C@H]1CN(CCCOC)S(=O)(=O)c2sc(S(N)(=O)=O)cc21,1,O=S1(=O)NCCc2ccsc21,0.15320197044334977,1,0.5445572562323349
CS(=O)(=O)OCCCCOS(C)(=O)=O,1,,Cc1ccc(C)c(OCCCC(C)(C)C(=O)O)c1,1,c1ccccc1,0.14692202462380302,1,0.6373423901459346
CS(=O)(=O)OCCCCOS(C)(=O)=O,1,,O=[N+]([O-])OCC(CO[N+](=O)[O-])O[N+](=O)[O-],1,,0.1327536231884058,1,0.8244666267780566
CCC[C@@](C)(COC(N)=O)COC(=O)NC(C)C,0,,NC(=O)OCC(COC(N)=O)c1ccccc1,1,c1ccccc1,0.2472340425531915,0,0.30595337741482886
CCC[C@@](C)(COC(N)=O)COC(=O)NC(C)C,0,,CCOC(=O)C(C)(C)Oc1ccc(Cl)cc1,1,c1ccccc1,0.18252234359483616,1,0.6536825751491395
CCC[C@@](C)(COC(N)=O)COC(=O)NC(C)C,0,,CC(C)N(CC[C@@](C(N)=O)(c1ccccc1)c1ccccn1)C(C)C,1,c1ccc(Cc2ccccn2)cc1,0.16884920634920636,0,0.350323081041896
CCC[C@@](C)(COC(N)=O)COC(=O)NC(C)C,0,,CC(C)c1nc(CN(C)C(=O)N[C@H](C(=O)N[C@@H](Cc2ccccc2)C[C@H](O)[C@H](Cc2ccccc2)NC(=O)OCc2cncs2)C(C)C)cs1,1,O=C(CNC(=O)NCc1cscn1)NC(CCC(Cc1ccccc1)NC(=O)OCc1cncs1)Cc1ccccc1,0.16575481256332322,0,0.32531335141020196
COC(F)(F)C(Cl)Cl,1,,FC(F)(F)[C@H](Cl)Br,1,,0.30153846153846153,1,0.5071790397730813
COC(F)(F)C(Cl)Cl,1,,FCOC(C(F)(F)F)C(F)(F)F,1,,0.21555555555555558,0,0.387792057638993
COC(F)(F)C(Cl)Cl,1,,CNCC[C@@H](Oc1ccc(C(F)(F)F)cc1)c1ccccc1,1,c1ccc(COc2ccccc2)cc1,0.12952380952380954,1,0.5532983988340241
COC(F)(F)C(Cl)Cl,1,,CC(C)OC(=O)C(C)(C)Oc1ccc(C(=O)c2ccc(Cl)cc2)cc1,1,O=C(c1ccccc1)c1ccccc1,0.11830065359477125,1,0.7198504207296614
CCO,1,,CCOc1ccc(NC(C)=O)cc1,1,c1ccccc1,0.13167701863354037,0,0.45429669031046915
CCO,1,,CCN(CC)CC(=O)Nc1c(C)cccc1C,1,c1ccccc1,0.11861042183622829,0,0.2806010177977592
CCO,1,,CCOC(=O)C(C)(C)Oc1ccc(Cl)cc1,1,c1ccccc1,0.11538461538461539,0,0.4767130672589414
CCO,1,,CC(C)c1cccc(C(C)C)c1O,1,c1ccccc1,0.1136904761904762,0,0.3268582588796818
CCCO,0,,CCO,1,,0.5873015873015873,0,0.19244767671833266
CCCO,0,,CCOc1ccc(NC(C)=O)cc1,1,c1ccccc1,0.12266666666666667,0,0.12340557092916807
CCCO,0,,CS(=O)(=O)OCCCCOS(C)(=O)=O,1,,0.1136904761904762,0,0.0503959765571255
CCCO,0,,CCN(CC)CC(=O)Nc1c(C)cccc1C,1,c1ccccc1,0.11125541125541127,0,0.18154635212756937
ClC(Cl)Cl,0,,FC(F)(F)[C@H](Cl)Br,1,,0.2857142857142857,0,0.27023321977967885
ClC(Cl)Cl,0,,COC(F)(F)C(Cl)Cl,1,,0.2,0,0.3189042655832367
ClC(Cl)Cl,0,,ClC=C(Cl)Cl,1,,0.15844155844155844,0,0.19306402751699364
ClC(Cl)Cl,0,,FCOC(C(F)(F)F)C(F)(F)F,1,,0.09059829059829061,0,0.17517855533280355
CNC(=O)O/N=C(\C)SC,0,,CNC(=O)Oc1cc(C)c(SC)c(C)c1,1,c1ccccc1,0.3024038461538462,0,0.12193383665807325
CNC(=O)O/N=C(\C)SC,0,,CC(=O)Nc1ccc(O)cc1,1,c1ccccc1,0.18585858585858586,0,0.10218170885170727
CNC(=O)O/N=C(\C)SC,0,,CCOc1ccc(NC(C)=O)cc1,1,c1ccccc1,0.18550932568149214,0,0.08428854511273615
CNC(=O)O/N=C(\C)SC,0,,CCCSc1ccc2nc(NC(=O)OC)[nH]c2c1,1,c1ccc2[nH]cnc2c1,0.14632325494587534,0,0.1257119698691805
OC(O)C(Cl)(Cl)Cl,0,,FC(F)(F)[C@H](Cl)Br,1,,0.22117647058823534,0,0.0783004448730732
OC(O)C(Cl)(Cl)Cl,0,,ClC=C(Cl)Cl,1,,0.16121212121212122,0,0.053940073942939884
OC(O)C(Cl)(Cl)Cl,0,,COC(F)(F)C(Cl)Cl,1,,0.1517857142857143,0,0.08227809800329626
OC(O)C(Cl)(Cl)Cl,0,,FCOC(C(F)(F)F)C(F)(F)F,1,,0.12272727272727274,0,0.06822982074974268
ClC=C(Cl)Cl,1,,FC(F)(F)[C@H](Cl)Br,1,,0.1111111111111111,1,0.7394734940034218
ClC=C(Cl)Cl,1,,Oc1nc2cc(Cl)ccc2o1,1,c1ccc2ocnc2c1,0.08769230769230771,1,0.5233659136316525
ClC=C(Cl)Cl,1,,CCO,1,,0.08153846153846155,1,0.7226535038838348
ClC=C(Cl)Cl,1,,COC(F)(F)C(Cl)Cl,1,,0.07922077922077922,1,0.8047154189745329
O=C1CN=C(c2ccccc2)c2cc(Cl)ccc2N1,1,O=C1CN=C(c2ccccc2)c2ccccc2N1,O=C1CN=C(c2ccccc2Cl)c2cc([N+](=O)[O-])ccc2N1,1,O=C1CN=C(c2ccccc2)c2ccccc2N1,0.5453846153846155,1,0.8635075623433898
O=C1CN=C(c2ccccc2)c2cc(Cl)ccc2N1,1,O=C1CN=C(c2ccccc2)c2ccccc2N1,CN1C(=O)CN=C(c2ccccc2)c2cc(Cl)ccc21,1,O=C1CN=C(c2ccccc2)c2ccccc2N1,0.5360360360360361,1,0.8516122597665423
O=C1CN=C(c2ccccc2)c2cc(Cl)ccc2N1,1,O=C1CN=C(c2ccccc2)c2ccccc2N1,O=C1CN=C(c2ccccn2)c2cc(Br)ccc2N1,1,O=C1CN=C(c2ccccn2)c2ccccc2N1,0.5254901960784314,1,0.8477819261331482
O=C1CN=C(c2ccccc2)c2cc(Cl)ccc2N1,1,O=C1CN=C(c2ccccc2)c2ccccc2N1,Cc1nnc2n1-c1ccc(Cl)cc1C(c1ccccc1)=NC2,1,c1ccc(C2=NCc3nncn3-c3ccccc32)cc1,0.4333752620545074,1,0.8700288401599442
CCN(CC)CCN1C(=O)CN=C(c2ccccc2F)c2cc(Cl)ccc21,0,O=C1CN=C(c2ccccc2)c2ccccc2N1,CN1C(=O)CN=C(c2ccccc2)c2cc(Cl)ccc21,1,O=C1CN=C(c2ccccc2)c2ccccc2N1,0.5247992863514719,1,0.7312718352954536
CCN(CC)CCN1C(=O)CN=C(c2ccccc2F)c2cc(Cl)ccc21,0,O=C1CN=C(c2ccccc2)c2ccccc2N1,CN1C(=O)CN=C(c2ccccc2F)c2cc([N+](=O)[O-])ccc21,1,O=C1CN=C(c2ccccc2)c2ccccc2N1,0.49619565217391304,1,0.7955263727139779
CCN(CC)CCN1C(=O)CN=C(c2ccccc2F)c2cc(Cl)ccc21,0,O=C1CN=C(c2ccccc2)c2ccccc2N1,Cc1ncc2n1-c1ccc(Cl)cc1C(c1ccccc1F)=NC2,1,c1ccc(C2=NCc3cncn3-c3ccccc32)cc1,0.46931216931216935,1,0.7918902850315495
CCN(CC)CCN1C(=O)CN=C(c2ccccc2F)c2cc(Cl)ccc21,0,O=C1CN=C(c2ccccc2)c2ccccc2N1,CN1C(=O)[C@H](O)N=C(c2ccccc2)c2cc(Cl)ccc21,1,O=C1CN=C(c2ccccc2)c2ccccc2N1,0.3863636363636364,1,0.693135846855397
CN1C(=O)[C@H](O)N=C(c2ccccc2)c2cc(Cl)ccc21,1,O=C1CN=C(c2ccccc2)c2ccccc2N1,CN1C(=O)CN=C(c2ccccc2)c2cc(Cl)ccc21,1,O=C1CN=C(c2ccccc2)c2ccccc2N1,0.6128633271490415,1,0.832081241684403
CN1C(=O)[C@H](O)N=C(c2ccccc2)c2cc(Cl)ccc21,1,O=C1CN=C(c2ccccc2)c2ccccc2N1,Cc1nnc2n1-c1ccc(Cl)cc1C(c1ccccc1)=NC2,1,c1ccc(C2=NCc3nncn3-c3ccccc32)cc1,0.41411483253588516,1,0.8783788144423484
CN1C(=O)[C@H](O)N=C(c2ccccc2)c2cc(Cl)ccc21,1,O=C1CN=C(c2ccccc2)c2ccccc2N1,O=C1CN=C(c2ccccc2)c2cc(Cl)ccc2N1,1,O=C1CN=C(c2ccccc2)c2ccccc2N1,0.3954545454545455,1,0.8431905198367519
CN1C(=O)[C@H](O)N=C(c2ccccc2)c2cc(Cl)ccc21,1,O=C1CN=C(c2ccccc2)c2ccccc2N1,CN(C)Cc1nnc2n1-c1ccc(Cl)cc1C(c1ccccc1)=NC2,1,c1ccc(C2=NCc3nncn3-c3ccccc32)cc1,0.37906517445687954,1,0.8481195474502935
O=C1CN=C(c2ccccc2Cl)c2cc([N+](=O)[O-])ccc2N1,1,O=C1CN=C(c2ccccc2)c2ccccc2N1,O=C1CN=C(c2ccccc2)c2cc(Cl)ccc2N1,1,O=C1CN=C(c2ccccc2)c2ccccc2N1,0.5453846153846155,1,0.9295300394305185
O=C1CN=C(c2ccccc2Cl)c2cc([N+](=O)[O-])ccc2N1,1,O=C1CN=C(c2ccccc2)c2ccccc2N1,CN1C(=O)CN=C(c2ccccc2F)c2cc([N+](=O)[O-])ccc21,1,O=C1CN=C(c2ccccc2)c2ccccc2N1,0.47409836065573774,1,0.8494458609228082
O=C1CN=C(c2ccccc2Cl)c2cc([N+](=O)[O-])ccc2N1,1,O=C1CN=C(c2ccccc2)c2ccccc2N1,O=C1CN=C(c2ccccn2)c2cc(Br)ccc2N1,1,O=C1CN=C(c2ccccn2)c2ccccc2N1,0.44278676988036597,1,0.9103618406069908
O=C1CN=C(c2ccccc2Cl)c2cc([N+](=O)[O-])ccc2N1,1,O=C1CN=C(c2ccccc2)c2ccccc2N1,Cc1nnc2n1-c1ccc(Cl)cc1C(c1ccccc1Cl)=NC2,1,c1ccc(C2=NCc3nncn3-c3ccccc32)cc1,0.3170454545454546,1,0.9296728024413048
CN1C(=O)CN=C(c2ccccc2)c2cc(Cl)ccc21,1,O=C1CN=C(c2ccccc2)c2ccccc2N1,CN1C(=O)[C@H](O)N=C(c2ccccc2)c2cc(Cl)ccc21,1,O=C1CN=C(c2ccccc2)c2ccccc2N1,0.6128633271490415,1,0.85788598217995
CN1C(=O)CN=C(c2ccccc2)c2cc(Cl)ccc21,1,O=C1CN=C(c2ccccc2)c2ccccc2N1,Cc1nnc2n1-c1ccc(Cl)cc1C(c1ccccc1)=NC2,1,c1ccc(C2=NCc3nncn3-c3ccccc32)cc1,0.5384186046511628,1,0.8817520830066814
CN1C(=O)CN=C(c2ccccc2)c2cc(Cl)ccc21,1,O=C1CN=C(c2ccccc2)c2ccccc2N1,O=C1CN=C(c2ccccc2)c2cc(Cl)ccc2N1,1,O=C1CN=C(c2ccccc2)c2ccccc2N1,0.5360360360360361,1,0.8924364743702488
CN1C(=O)CN=C(c2ccccc2)c2cc(Cl)ccc21,1,O=C1CN=C(c2ccccc2)c2ccccc2N1,CN1C(=O)CN=C(c2ccccc2F)c2cc([N+](=O)[O-])ccc21,1,O=C1CN=C(c2ccccc2)c2ccccc2N1,0.51203007518797,1,0.8439446262629225
CN1C(=O)CN=C(c2ccccc2F)c2cc([N+](=O)[O-])ccc21,1,O=C1CN=C(c2ccccc2)c2ccccc2N1,CN1C(=O)CN=C(c2ccccc2)c2cc(Cl)ccc21,1,O=C1CN=C(c2ccccc2)c2ccccc2N1,0.51203007518797,1,0.8891893519363445
CN1C(=O)CN=C(c2ccccc2F)c2cc([N+](=O)[O-])ccc21,1,O=C1CN=C(c2ccccc2)c2ccccc2N1,O=C1CN=C(c2ccccc2Cl)c2cc([N+](=O)[O-])ccc2N1,1,O=C1CN=C(c2ccccc2)c2ccccc2N1,0.47409836065573774,1,0.8272199411688944
CN1C(=O)CN=C(c2ccccc2F)c2cc([N+](=O)[O-])ccc21,1,O=C1CN=C(c2ccccc2)c2ccccc2N1,Cc1ncc2n1-c1ccc(Cl)cc1C(c1ccccc1F)=NC2,1,c1ccc(C2=NCc3cncn3-c3ccccc32)cc1,0.3795454545454546,1,0.9059451496820649
CN1C(=O)CN=C(c2ccccc2F)c2cc([N+](=O)[O-])ccc21,1,O=C1CN=C(c2ccccc2)c2ccccc2N1,CN1C(=O)[C@H](O)N=C(c2ccccc2)c2cc(Cl)ccc21,1,O=C1CN=C(c2ccccc2)c2ccccc2N1,0.3212121212121213,1,0.8965440226248315
CN1C(=O)CC[C@H]1c1cccnc1,0,O=C1CCC(c2cccnc2)N1,CN1CCC[C@H]1c1cccnc1,1,c1cncc(C2CCCN2)c1,0.5122222222222222,0,0.36409131084971724
CN1C(=O)CC[C@H]1c1cccnc1,0,O=C1CCC(c2cccnc2)N1,Cc1ccnc2c1NC(=O)c1cccnc1N2C1CC1,1,O=C1Nc2cccnc2N(C2CC2)c2ncccc21,0.2535685645549319,0,0.36292695523053015
CN1C(=O)CC[C@H]1c1cccnc1,0,O=C1CCC(c2cccnc2)N1,O=C(C1CCCCC1)N1CC(=O)N2CCc3ccccc3[C@H]2C1,1,O=C(C1CCCCC1)N1CC(=O)N2CCc3ccccc3C2C1,0.25202761000862817,0,0.33506869733524464
CN1C(=O)CC[C@H]1c1cccnc1,0,O=C1CCC(c2cccnc2)N1,CN1CCN2c3ccccc3Cc3cccnc3[C@@H]2C1,1,c1ccc2c(c1)Cc1cccnc1C1CNCCN21,0.238977879481312,0,0.33512511644670223
COc1ccc2c3c1O[C@H]1[C@@H](O)CC[C@H]4[C@@H](C2)N(C)CC[C@@]341,1,c1cc2c3c(c1)OC1CCCC4C(C2)NCCC314,COc1ccc2c3c1O[C@H]1C(=O)CC[C@H]4[C@@H](C2)N(C)CC[C@]314,1,O=C1CCC2C3Cc4cccc5c4C2(CCN3)C1O5,0.6745454545454546,1,0.6202886509963994
COc1ccc2c3c1O[C@H]1[C@@H](O)CC[C@H]4[C@@H](C2)N(C)CC[C@@]341,1,c1cc2c3c(c1)OC1CCCC4C(C2)NCCC314,COc1ccc2c3c1O[C@H]1C[C@@H](O)C=C[C@@]31CCN(C)C2,1,C1=CC23CCNCc4cccc(c42)OC3CC1,0.4144537815126051,1,0.5028412637107222
COc1ccc2c3c1O[C@H]1[C@@H](O)CC[C@H]4[C@@H](C2)N(C)CC[C@@]341,1,c1cc2c3c(c1)OC1CCCC4C(C2)NCCC314,CO[C@]12CC[C@@]3(C[C@@H]1[C@](C)(O)C(C)(C)C)[C@H]1Cc4ccc(O)c5c4[C@@]3(CCN1CC1CC1)[C@@H]2O5,1,c1cc2c3c(c1)OC1C4CCC5(CC4)C(C2)N(CC2CC2)CCC315,0.28752136752136753,1,0.6686082218440803
COc1ccc2c3c1O[C@H]1[C@@H](O)CC[C@H]4[C@@H](C2)N(C)CC[C@@]341,1,c1cc2c3c(c1)OC1CCCC4C(C2)NCCC314,COc1cc2c(cc1OC)C(=O)[C@H](CC1CCN(Cc3ccccc3)CC1)C2,1,O=C1c2ccccc2CC1CC1CCN(Cc2ccccc2)CC1,0.2340740740740741,1,0.6651720252684481
Cc1nc2c([nH]1)c(=O)n(C)c(=O)n2Cc1ccco1,0,O=c1[nH]c(=O)n(Cc2ccco2)c2nc[nH]c12,Cn1c(=O)c2[nH]cnc2n(C)c1=O,1,O=c1[nH]c(=O)c2[nH]cnc2[nH]1,0.34115384615384614,0,0.19176134254816868
Cc1nc2c([nH]1)c(=O)n(C)c(=O)n2Cc1ccco1,0,O=c1[nH]c(=O)n(Cc2ccco2)c2nc[nH]c12,Cn1c(=O)c2c(ncn2C)n(C)c1=O,1,O=c1[nH]c(=O)c2[nH]cnc2[nH]1,0.2516835016835017,0,0.17142956656227096
Cc1nc2c([nH]1)c(=O)n(C)c(=O)n2Cc1ccco1,0,O=c1[nH]c(=O)n(Cc2ccco2)c2nc[nH]c12,C[C@@H](O)CCCCn1c(=O)c2c(ncn2C)n(C)c1=O,1,O=c1[nH]c(=O)c2[nH]cnc2[nH]1,0.2246753246753247,0,0.11152542989077478
Cc1nc2c([nH]1)c(=O)n(C)c(=O)n2Cc1ccco1,0,O=c1[nH]c(=O)n(Cc2ccco2)c2nc[nH]c12,COCCCOc1ccnc(C[S@@H](=O)c2nc3ccccc3[nH]2)c1C,1,O=[SH](Cc1ccccn1)c1nc2ccccc2[nH]1,0.2130909090909091,0,0.12925901518625801
COC(=O)[C@@H]1CC2=CC(=O)CC[C@]2(C)[C@@]23O[C@@H]2C[C@@]2(C)[C@@H](CC[C@@]24CCC(=O)O4)[C@H]13,1,O=C1C=C2CCC3C4CCC5(CCC(=O)O5)C4CC4OC43C2CC1,C[C@]12CCC(=O)C=C1[C@@H]1C[C@@H]1[C@H]1[C@@H]3[C@@H]4C[C@@H]4[C@@]4(CCC(=O)O4)[C@@]3(C)CC[C@@H]12,1,O=C1C=C2C(CC1)C1CCC3C(C4CC4C34CCC(=O)O4)C1C1CC21,0.38,1,0.8221110304722533
COC(=O)[C@@H]1CC2=CC(=O)CC[C@]2(C)[C@@]23O[C@@H]2C[C@@]2(C)[C@@H](CC[C@@]24CCC(=O)O4)[C@H]13,1,O=C1C=C2CCC3C4CCC5(CCC(=O)O5)C4CC4OC43C2CC1,C[C@]12CC[C@H]3[C@@H](CCC4=CC(=O)CC[C@@]43C)[C@@H]1CC[C@@H]2O,1,O=C1C=C2CCC3C4CCCC4CCC3C2CC1,0.3085797101449276,1,0.9090011628714858
COC(=O)[C@@H]1CC2=CC(=O)CC[C@]2(C)[C@@]23O[C@@H]2C[C@@]2(C)[C@@H](CC[C@@]24CCC(=O)O4)[C@H]13,1,O=C1C=C2CCC3C4CCC5(CCC(=O)O5)C4CC4OC43C2CC1,C[C@]12CCC(=O)C=C1CC[C@@H]1[C@@H]2[C@@H](O)C[C@@]2(C)[C@H]1CC[C@]2(O)C(=O)CO,1,O=C1C=C2CCC3C4CCCC4CCC3C2CC1,0.3051147988179132,1,0.9169976179729291
COC(=O)[C@@H]1CC2=CC(=O)CC[C@]2(C)[C@@]23O[C@@H]2C[C@@]2(C)[C@@H](CC[C@@]24CCC(=O)O4)[C@H]13,1,O=C1C=C2CCC3C4CCC5(CCC(=O)O5)C4CC4OC43C2CC1,CC(=O)[C@H]1CC[C@H]2[C@@H]3CCC4=CC(=O)CC[C@]4(C)[C@H]3CC[C@]12C,1,O=C1C=C2CCC3C4CCCC4CCC3C2CC1,0.3047107930828861,1,0.9387457999251133
CC(C)Oc1ccc2c(=O)c(-c3ccccc3)coc2c1,0,O=c1c(-c2ccccc2)coc2ccccc12,CC(=O)C[C@@H](c1ccccc1)c1c(O)c2ccccc2oc1=O,1,O=c1oc2ccccc2cc1Cc1ccccc1,0.23960655737704922,0,0.49059147218228505
CC(C)Oc1ccc2c(=O)c(-c3ccccc3)coc2c1,0,O=c1c(-c2ccccc2)coc2ccccc12,CN(C)CC(Oc1ccccc1)Oc1ccccc1,1,c1ccc(OCOc2ccccc2)cc1,0.22100000000000003,0,0.346977540046106
CC(C)Oc1ccc2c(=O)c(-c3ccccc3)coc2c1,0,O=c1c(-c2ccccc2)coc2ccccc12,CC(=O)C[C@@H](c1ccc([N+](=O)[O-])cc1)c1c(O)c2ccccc2oc1=O,1,O=c1oc2ccccc2cc1Cc1ccccc1,0.20827586206896556,0,0.41157775378362255
CC(C)Oc1ccc2c(=O)c(-c3ccccc3)coc2c1,0,O=c1c(-c2ccccc2)coc2ccccc12,CC(C)OC(=O)C(C)(C)Oc1ccc(C(=O)c2ccc(Cl)cc2)cc1,1,O=C(c1ccccc1)c1ccccc1,0.20321038251366122,0,0.398700203541672
CC(C)(C)NC[C@H](O)COc1nsnc1N1CCOCC1,0,c1nsnc1N1CCOCC1,CC(C)NC[C@H](O)COc1ccc(COCCOC(C)C)cc1,1,c1ccccc1,0.23346938775510206,0,0.02798948504070699
CC(C)(C)NC[C@H](O)COc1nsnc1N1CCOCC1,0,c1nsnc1N1CCOCC1,CCCNC[C@H](O)COc1ccccc1C(=O)CCc1ccccc1,1,O=C(CCc1ccccc1)c1ccccc1,0.21985446985446985,0,0.03764545883037698
CC(C)(C)NC[C@H](O)COc1nsnc1N1CCOCC1,0,c1nsnc1N1CCOCC1,COc1ccccc1OCCNC[C@H](O)COc1cccc2[nH]c3ccccc3c12,1,c1ccc(OCCNCCCOc2cccc3[nH]c4ccccc4c23)cc1,0.20675324675324677,0,0.03243422988618123
CC(C)(C)NC[C@H](O)COc1nsnc1N1CCOCC1,0,c1nsnc1N1CCOCC1,O=C1[C@H]2CCCC[C@H]2C(=O)N1CCCCN1CCN(c2nsc3ccccc23)CC1,1,O=C1C2CCCCC2C(=O)N1CCCCN1CCN(c2nsc3ccccc23)CC1,0.15660670664001777,0,0.163228817964632
NC(N)=Nc1nc(CSCC/N=C/NS(=O)(=O)c2ccc(Br)cc2)cs1,0,O=S(=O)(NC=NCCSCc1cscn1)c1ccccc1,Nc1ccc(S(=O)(=O)Nc2ncccn2)cc1,1,O=S(=O)(Nc1ncccn1)c1ccccc1,0.2246753246753247,0,0.2608903221030318
NC(N)=Nc1nc(CSCC/N=C/NS(=O)(=O)c2ccc(Br)cc2)cs1,0,O=S(=O)(NC=NCCSCc1cscn1)c1ccccc1,COc1ccccc1Oc1c(NS(=O)(=O)c2ccc(C(C)(C)C)cc2)nc(-c2ncccn2)nc1OCCO,1,O=S(=O)(Nc1nc(-c2ncccn2)ncc1Oc1ccccc1)c1ccccc1,0.21258355129322873,0,0.18022560046452718
NC(N)=Nc1nc(CSCC/N=C/NS(=O)(=O)c2ccc(Br)cc2)cs1,0,O=S(=O)(NC=NCCSCc1cscn1)c1ccccc1,Cc1cc(NS(=O)(=O)c2ccc(N)cc2)no1,1,O=S(=O)(Nc1ccon1)c1ccccc1,0.18384506376948512,0,0.25547973118326206
NC(N)=Nc1nc(CSCC/N=C/NS(=O)(=O)c2ccc(Br)cc2)cs1,0,O=S(=O)(NC=NCCSCc1cscn1)c1ccccc1,O=C1CN=C(c2ccccn2)c2cc(Br)ccc2N1,1,O=C1CN=C(c2ccccn2)c2ccccc2N1,0.1728108756497401,0,0.4304608495907138
CNCC[C@@H](Oc1ccc(C(F)(F)F)cc1)c1ccccc1,1,c1ccc(COc2ccccc2)cc1,CNCC[C@@H](Oc1ccccc1C)c1ccccc1,1,c1ccc(COc2ccccc2)cc1,0.5782991202346041,1,0.5167537072591292
CNCC[C@@H](Oc1ccc(C(F)(F)F)cc1)c1ccccc1,1,c1ccc(COc2ccccc2)cc1,CN(C)CC(Oc1ccccc1)Oc1ccccc1,1,c1ccc(OCOc2ccccc2)cc1,0.27473560517038775,1,0.5415898697651241
CNCC[C@@H](Oc1ccc(C(F)(F)F)cc1)c1ccccc1,1,c1ccc(COc2ccccc2)cc1,CNCCC=C1c2ccccc2CCc2ccccc21,1,C=C1c2ccccc2CCc2ccccc21,0.2702702702702703,1,0.6188224236966566
CNCC[C@@H](Oc1ccc(C(F)(F)F)cc1)c1ccccc1,1,c1ccc(COc2ccccc2)cc1,CCOc1ccccc1O[C@H](c1ccccc1)[C@H]1CNCCO1,1,c1ccc(OC(c2ccccc2)C2CNCCO2)cc1,0.2511904761904762,1,0.5124367062113843
CNCC[C@@H](Oc1ccccc1C)c1ccccc1,1,c1ccc(COc2ccccc2)cc1,CNCC[C@@H](Oc1ccc(C(F)(F)F)cc1)c1ccccc1,1,c1ccc(COc2ccccc2)cc1,0.5782991202346041,0,0.46006060861939707
CNCC[C@@H](Oc1ccccc1C)c1ccccc1,1,c1ccc(COc2ccccc2)cc1,CCOc1ccccc1O[C@H](c1ccccc1)[C@H]1CNCCO1,1,c1ccc(OC(c2ccccc2)C2CNCCO2)cc1,0.3027409372236958,0,0.49264379248919044
CNCC[C@@H](Oc1ccccc1C)c1ccccc1,1,c1ccc(COc2ccccc2)cc1,CNCCC=C1c2ccccc2CCc2ccccc21,1,C=C1c2ccccc2CCc2ccccc21,0.2723889555822329,1,0.5235351826372054
CNCC[C@@H](Oc1ccccc1C)c1ccccc1,1,c1ccc(COc2ccccc2)cc1,CCCNC[C@H](O)COc1ccccc1C(=O)CCc1ccccc1,1,O=C(CCc1ccccc1)c1ccccc1,0.26796699174793703,0,0.31654522148081055
NCC[C@@H](Oc1ccc(C(F)(F)F)cc1)c1ccccc1,0,c1ccc(COc2ccccc2)cc1,CNCC[C@@H](Oc1ccc(C(F)(F)F)cc1)c1ccccc1,1,c1ccc(COc2ccccc2)cc1,0.7063414634146342,0,0.262136823586082
NCC[C@@H](Oc1ccc(C(F)(F)F)cc1)c1ccccc1,0,c1ccc(COc2ccccc2)cc1,CNCC[C@@H](Oc1ccccc1C)c1ccccc1,1,c1ccc(COc2ccccc2)cc1,0.3703153988868274,0,0.29065133778297825
NCC[C@@H](Oc1ccc(C(F)(F)F)cc1)c1ccccc1,0,c1ccc(COc2ccccc2)cc1,CN(C)CC(Oc1ccccc1)Oc1ccccc1,1,c1ccc(OCOc2ccccc2)cc1,0.2696103896103896,0,0.29030186670499797
NCC[C@@H](Oc1ccc(C(F)(F)F)cc1)c1ccccc1,0,c1ccc(COc2ccccc2)cc1,NC(=O)OCC(COC(N)=O)c1ccccc1,1,c1ccccc1,0.2531400966183575,0,0.20140151654925678
CC(C)(C)c1ccc(C(=O)CCCN2CCC(OC(c3ccccc3)c3ccccc3)CC2)cc1,1,O=C(CCCN1CCC(OC(c2ccccc2)c2ccccc2)CC1)c1ccccc1,O=C(CCCN1CCC(O)(c2ccc(Br)cc2)CC1)c1ccc(F)cc1,1,O=C(CCCN1CCC(c2ccccc2)CC1)c1ccccc1,0.34959349593495936,1,0.7785231152291234
CC(C)(C)c1ccc(C(=O)CCCN2CCC(OC(c3ccccc3)c3ccccc3)CC2)cc1,1,O=C(CCCN1CCC(OC(c2ccccc2)c2ccccc2)CC1)c1ccccc1,O=C(CCCN1CCC(O)(c2ccc(Cl)cc2)CC1)c1ccc(F)cc1,1,O=C(CCCN1CCC(c2ccccc2)CC1)c1ccccc1,0.34959349593495936,1,0.764353450100832
CC(C)(C)c1ccc(C(=O)CCCN2CCC(OC(c3ccccc3)c3ccccc3)CC2)cc1,1,O=C(CCCN1CCC(OC(c2ccccc2)c2ccccc2)CC1)c1ccccc1,COC(=O)[C@H](c1ccccc1)[C@H]1CCCCN1,1,c1ccc(CC2CCCCN2)cc1,0.25747856462369006,1,0.7700568208274096
CC(C)(C)c1ccc(C(=O)CCCN2CCC(OC(c3ccccc3)c3ccccc3)CC2)cc1,1,O=C(CCCN1CCC(OC(c2ccccc2)c2ccccc2)CC1)c1ccccc1,COc1cc(C(C)=O)ccc1OCCCN1CCC(c2noc3cc(F)ccc23)CC1,1,c1ccc(OCCCN2CCC(c3noc4ccccc34)CC2)cc1,0.25333333333333335,1,0.6625873212351919
Cc1onc(-c2c(F)cccc2Cl)c1C(=O)N[C@@H]1C(=O)N2[C@@H]1SC(C)(C)[C@@H]2C(=O)O,1,O=C(NC1C(=O)N2CCSC12)c1conc1-c1ccccc1,Cc1onc(-c2ccccc2)c1-c1ccc(S(N)(=O)=O)cc1,1,c1ccc(-c2conc2-c2ccccc2)cc1,0.2285962624945676,1,0.582063793185518
Cc1onc(-c2c(F)cccc2Cl)c1C(=O)N[C@@H]1C(=O)N2[C@@H]1SC(C)(C)[C@@H]2C(=O)O,1,O=C(NC1C(=O)N2CCSC12)c1conc1-c1ccccc1,CN1[C@@H]2CC[C@H]1CC(NC(=O)c1cc(Cl)cc3c1OC(C)(C)C3)C2,1,O=C(NC1CC2CCC(C1)N2)c1cccc2c1OCC2,0.2003864734299517,1,0.6112033329512048
Cc1onc(-c2c(F)cccc2Cl)c1C(=O)N[C@@H]1C(=O)N2[C@@H]1SC(C)(C)[C@@H]2C(=O)O,1,O=C(NC1C(=O)N2CCSC12)c1conc1-c1ccccc1,CCOC(=O)C1=C(C)NC(C)=C(C(=O)OC)[C@@H]1c1cccc(Cl)c1Cl,1,C1=CC(c2ccccc2)C=CN1,0.20014005602240897,1,0.8593548997527677
Cc1onc(-c2c(F)cccc2Cl)c1C(=O)N[C@@H]1C(=O)N2[C@@H]1SC(C)(C)[C@@H]2C(=O)O,1,O=C(NC1C(=O)N2CCSC12)c1conc1-c1ccccc1,Cc1oncc1C(=O)Nc1ccc(C(F)(F)F)cc1,1,O=C(Nc1ccccc1)c1cnoc1,0.1973284760170006,1,0.8760091287742263
C[C@H]1O[C@@H](O[C@H]2[C@@H](O)C[C@H](O[C@H]3[C@@H](O)C[C@H](O[C@H]4CC[C@@]5(C)[C@H](CC[C@@H]6[C@@H]5CC[C@]5(C)[C@@H](C7=CC(=O)OC7)CC[C@]65O)C4)O[C@@H]3C)O[C@@H]2C)C[C@H](O)[C@@H]1O,1,O=C1C=C(C2CCC3C2CCC2C4CCC(OC5CCC(OC6CCC(OC7CCCCO7)CO6)CO5)CC4CCC23)CO1,CC(=O)[C@@]1(O)CC[C@H]2[C@@H]3C[C@H](C)C4=CC(=O)CC[C@]4(C)[C@H]3CC[C@@]21C,1,O=C1C=C2CCC3C4CCCC4CCC3C2CC1,0.24442687747035574,1,0.8991306272268439
C[C@H]1O[C@@H](O[C@H]2[C@@H](O)C[C@H](O[C@H]3[C@@H](O)C[C@H](O[C@H]4CC[C@@]5(C)[C@H](CC[C@@H]6[C@@H]5CC[C@]5(C)[C@@H](C7=CC(=O)OC7)CC[C@]65O)C4)O[C@@H]3C)O[C@@H]2C)C[C@H](O)[C@@H]1O,1,O=C1C=C(C2CCC3C2CCC2C4CCC(OC5CCC(OC6CCC(OC7CCCCO7)CO6)CO5)CC4CCC23)CO1,C[C@]12CC[C@H]3[C@@H](CCC4=CC(=O)CC[C@@]43C)[C@@H]1CC[C@@H]2O,1,O=C1C=C2CCC3C4CCCC4CCC3C2CC1,0.22727272727272727,1,0.7576441496819428
C[C@H]1O[C@@H](O[C@H]2[C@@H](O)C[C@H](O[C@H]3[C@@H](O)C[C@H](O[C@H]4CC[C@@]5(C)[C@H](CC[C@@H]6[C@@H]5CC[C@]5(C)[C@@H](C7=CC(=O)OC7)CC[C@]65O)C4)O[C@@H]3C)O[C@@H]2C)C[C@H](O)[C@@H]1O,1,O=C1C=C(C2CCC3C2CCC2C4CCC(OC5CCC(OC6CCC(OC7CCCCO7)CO6)CO5)CC4CCC23)CO1,CC[C@H]1OC(=O)[C@H](C)[C@@H](O[C@H]2C[C@@](C)(OC)[C@@H](O)[C@H](C)O2)[C@H](C)[C@@H](O[C@@H]2O[C@H](C)C[C@H](N(C)C)[C@H]2O)[C@](C)(OC)C[C@@H](C)C(=O)[C@H](C)[C@@H](O)[C@]1(C)O,1,O=C1CCCCOC(=O)CC(OC2CCCCO2)CC(OC2CCCCO2)CCC1,0.22041379310344827,1,0.5461873125151069
C[C@H]1O[C@@H](O[C@H]2[C@@H](O)C[C@H](O[C@H]3[C@@H](O)C[C@H](O[C@H]4CC[C@@]5(C)[C@H](CC[C@@H]6[C@@H]5CC[C@]5(C)[C@@H](C7=CC(=O)OC7)CC[C@]65O)C4)O[C@@H]3C)O[C@@H]2C)C[C@H](O)[C@@H]1O,1,O=C1C=C(C2CCC3C2CCC2C4CCC(OC5CCC(OC6CCC(OC7CCCCO7)CO6)CO5)CC4CCC23)CO1,C[C@]12CCC(=O)C=C1CC[C@@H]1[C@@H]2[C@@H](O)C[C@@]2(C)[C@H]1CC[C@]2(O)C(=O)CO,1,O=C1C=C2CCC3C4CCCC4CCC3C2CC1,0.2190525949146639,1,0.8968965476107885
C[C@H]1O[C@@H](O[C@H]2[C@@H](O)C[C@H](O[C@H]3[C@@H](O)C[C@H](O[C@H]4CC[C@@]5(C)[C@H](CC[C@@H]6[C@@H]5C[C@@H](O)[C@]5(C)[C@@H](C7=CC(=O)OC7)CC[C@]65O)C4)O[C@@H]3C)O[C@@H]2C)C[C@H](O)[C@@H]1O,0,O=C1C=C(C2CCC3C2CCC2C4CCC(OC5CCC(OC6CCC(OC7CCCCO7)CO6)CO5)CC4CCC23)CO1,C[C@H]1O[C@@H](O[C@H]2[C@@H](O)C[C@H](O[C@H]3[C@@H](O)C[C@H](O[C@H]4CC[C@@]5(C)[C@H](CC[C@@H]6[C@@H]5CC[C@]5(C)[C@@H](C7=CC(=O)OC7)CC[C@]65O)C4)O[C@@H]3C)O[C@@H]2C)C[C@H](O)[C@@H]1O,1,O=C1C=C(C2CCC3C2CCC2C4CCC(OC5CCC(OC6CCC(OC7CCCCO7)CO6)CO5)CC4CCC23)CO1,0.8376231884057972,0,0.3942464913902211
C[C@H]1O[C@@H](O[C@H]2[C@@H](O)C[C@H](O[C@H]3[C@@H](O)C[C@H](O[C@H]4CC[C@@]5(C)[C@H](CC[C@@H]6[C@@H]5C[C@@H](O)[C@]5(C)[C@@H](C7=CC(=O)OC7)CC[C@]65O)C4)O[C@@H]3C)O[C@@H]2C)C[C@H](O)[C@@H]1O,0,O=C1C=C(C2CCC3C2CCC2C4CCC(OC5CCC(OC6CCC(OC7CCCCO7)CO6)CO5)CC4CCC23)CO1,C[C@]12CC[C@H]3[C@@H](CCC4=CC(=O)CC[C@@]43C)[C@@H]1CC[C@@H]2O,1,O=C1C=C2CCC3C4CCCC4CCC3C2CC1,0.2309090909090909,1,0.6730559155001594
C[C@H]1O[C@@H](O[C@H]2[C@@H](O)C[C@H](O[C@H]3[C@@H](O)C[C@H](O[C@H]4CC[C@@]5(C)[C@H](CC[C@@H]6[C@@H]5C[C@@H](O)[C@]5(C)[C@@H](C7=CC(=O)OC7)CC[C@]65O)C4)O[C@@H]3C)O[C@@H]2C)C[C@H](O)[C@@H]1O,0,O=C1C=C(C2CCC3C2CCC2C4CCC(OC5CCC(OC6CCC(OC7CCCCO7)CO6)CO5)CC4CCC23)CO1,CC[C@H]1OC(=O)[C@H](C)[C@@H](O[C@H]2C[C@@](C)(OC)[C@@H](O)[C@H](C)O2)[C@H](C)[C@@H](O[C@@H]2O[C@H](C)C[C@H](N(C)C)[C@H]2O)[C@](C)(OC)C[C@@H](C)C(=O)[C@H](C)[C@@H](O)[C@]1(C)O,1,O=C1CCCCOC(=O)CC(OC2CCCCO2)CC(OC2CCCCO2)CCC1,0.2114709851551957,0,0.40784439503406256
C[C@H]1O[C@@H](O[C@H]2[C@@H](O)C[C@H](O[C@H]3[C@@H](O)C[C@H](O[C@H]4CC[C@@]5(C)[C@H](CC[C@@H]6[C@@H]5C[C@@H](O)[C@]5(C)[C@@H](C7=CC(=O)OC7)CC[C@]65O)C4)O[C@@H]3C)O[C@@H]2C)C[C@H](O)[C@@H]1O,0,O=C1C=C(C2CCC3C2CCC2C4CCC(OC5CCC(OC6CCC(OC7CCCCO7)CO6)CO5)CC4CCC23)CO1,CC[C@H]1OC(=O)[C@H](C)[C@@H](O[C@H]2C[C@@](C)(OC)[C@@H](O)[C@H](C)O2)[C@H](C)[C@@H](O[C@@H]2O[C@H](C)C[C@H](N(C)C)[C@H]2O)[C@](C)(O)C[C@@H](C)C(=O)[C@H](C)[C@@H](O)[C@]1(C)O,1,O=C1CCCCOC(=O)CC(OC2CCCCO2)CC(OC2CCCCO2)CCC1,0.20871295886775765,0,0.3792825302463872
CO[C@H]1C[C@H](O[C@H]2[C@H](C)[C@@H](O[C@@H]3O[C@H](C)C[C@H](N(C)C)[C@H]3OC(C)=O)[C@@H](C)C[C@]3(CO3)C(=O)[C@H](C)[C@@H](OC(C)=O)[C@@H](C)[C@@H](C)OC(=O)[C@@H]2C)O[C@@H](C)[C@@H]1OC(C)=O,1,O=C1CC(OC2CCCCO2)CC(OC2CCCCO2)CCC2(CO2)C(=O)CCCCO1,CC[C@H]1OC(=O)[C@H](C)[C@@H](O[C@H]2C[C@@](C)(OC)[C@@H](O)[C@H](C)O2)[C@H](C)[C@@H](O[C@@H]2O[C@H](C)C[C@H](N(C)C)[C@H]2O)[C@](C)(OC)C[C@@H](C)C(=O)[C@H](C)[C@@H](O)[C@]1(C)O,1,O=C1CCCCOC(=O)CC(OC2CCCCO2)CC(OC2CCCCO2)CCC1,0.3784615384615385,1,0.8380023473446677
CO[C@H]1C[C@H](O[C@H]2[C@H](C)[C@@H](O[C@@H]3O[C@H](C)C[C@H](N(C)C)[C@H]3OC(C)=O)[C@@H](C)C[C@]3(CO3)C(=O)[C@H](C)[C@@H](OC(C)=O)[C@@H](C)[C@@H](C)OC(=O)[C@@H]2C)O[C@@H](C)[C@@H]1OC(C)=O,1,O=C1CC(OC2CCCCO2)CC(OC2CCCCO2)CCC2(CO2)C(=O)CCCCO1,CC[C@H]1OC(=O)[C@H](C)[C@@H](O[C@H]2C[C@@](C)(OC)[C@@H](O)[C@H](C)O2)[C@H](C)[C@@H](O[C@@H]2O[C@H](C)C[C@H](N(C)C)[C@H]2O)[C@](C)(O)C[C@@H](C)C(=O)[C@H](C)[C@@H](O)[C@]1(C)O,1,O=C1CCCCOC(=O)CC(OC2CCCCO2)CC(OC2CCCCO2)CCC1,0.3686106346483705,1,0.8737117000129062
CO[C@H]1C[C@H](O[C@H]2[C@H](C)[C@@H](O[C@@H]3O[C@H](C)C[C@H](N(C)C)[C@H]3OC(C)=O)[C@@H](C)C[C@]3(CO3)C(=O)[C@H](C)[C@@H](OC(C)=O)[C@@H](C)[C@@H](C)OC(=O)[C@@H]2C)O[C@@H](C)[C@@H]1OC(C)=O,1,O=C1CC(OC2CCCCO2)CC(OC2CCCCO2)CCC2(CO2)C(=O)CCCCO1,CC[C@H]1OC(=O)[C@H](C)[C@@H](O[C@H]2C[C@@](C)(OC)[C@@H](O)[C@H](C)O2)[C@H](C)[C@@H](O[C@@H]2O[C@H](C)C[C@H](N(C)C)[C@H]2O)[C@](C)(O)C[C@@H](C)/C(=N\OCOCCOC)[C@H](C)[C@@H](O)[C@]1(C)O,1,N=C1CCCCOC(=O)CC(OC2CCCCO2)CC(OC2CCCCO2)CCC1,0.3378605496252555,1,0.8596075468030305
CO[C@H]1C[C@H](O[C@H]2[C@H](C)[C@@H](O[C@@H]3O[C@H](C)C[C@H](N(C)C)[C@H]3OC(C)=O)[C@@H](C)C[C@]3(CO3)C(=O)[C@H](C)[C@@H](OC(C)=O)[C@@H](C)[C@@H](C)OC(=O)[C@@H]2C)O[C@@H](C)[C@@H]1OC(C)=O,1,O=C1CC(OC2CCCCO2)CC(OC2CCCCO2)CCC2(CO2)C(=O)CCCCO1,C[C@H]1O[C@@H](O[C@H]2[C@@H](O)C[C@H](O[C@H]3[C@@H](O)C[C@H](O[C@H]4CC[C@@]5(C)[C@H](CC[C@@H]6[C@@H]5CC[C@]5(C)[C@@H](C7=CC(=O)OC7)CC[C@]65O)C4)O[C@@H]3C)O[C@@H]2C)C[C@H](O)[C@@H]1O,1,O=C1C=C(C2CCC3C2CCC2C4CCC(OC5CCC(OC6CCC(OC7CCCCO7)CO6)CO5)CC4CCC23)CO1,0.17784802716309567,1,0.9750941096525992
COc1ccc(CCN2CCC(Nc3nc4ccccc4n3Cc3ccc(F)cc3)CC2)cc1,1,c1ccc(CCN2CCC(Nc3nc4ccccc4n3Cc3ccccc3)CC2)cc1,COc1cc(N)c(Cl)cc1C(=O)N[C@H]1CCN(CCCOc2ccc(F)cc2)C[C@H]1OC,1,O=C(NC1CCN(CCCOc2ccccc2)CC1)c1ccccc1,0.27441520467836256,1,0.6745028515842917
COc1ccc(CCN2CCC(Nc3nc4ccccc4n3Cc3ccc(F)cc3)CC2)cc1,1,c1ccc(CCN2CCC(Nc3nc4ccccc4n3Cc3ccccc3)CC2)cc1,CCOCCn1c(N2CCCN(C)CC2)nc2ccccc21,1,c1ccc2[nH]c(N3CCCNCC3)nc2c1,0.26769230769230773,1,0.7706607060681673
COc1ccc(CCN2CCC(Nc3nc4ccccc4n3Cc3ccc(F)cc3)CC2)cc1,1,c1ccc(CCN2CCC(Nc3nc4ccccc4n3Cc3ccccc3)CC2)cc1,COc1cc(C(C)=O)ccc1OCCCN1CCC(c2noc3cc(F)ccc23)CC1,1,c1ccc(OCCCN2CCC(c3noc4ccccc34)CC2)cc1,0.26530989824236817,1,0.5897194948346106
COc1ccc(CCN2CCC(Nc3nc4ccccc4n3Cc3ccc(F)cc3)CC2)cc1,1,c1ccc(CCN2CCC(Nc3nc4ccccc4n3Cc3ccccc3)CC2)cc1,COc1cc2c(cc1OC)C(=O)[C@H](CC1CCN(Cc3ccccc3)CC1)C2,1,O=C1c2ccccc2CC1CC1CCN(Cc2ccccc2)CC1,0.262020905923345,1,0.8420364158418235
C[C@]12CCC(=O)C=C1[C@@H]1C[C@@H]1[C@H]1[C@@H]3[C@@H]4C[C@@H]4[C@@]4(CCC(=O)O4)[C@@]3(C)CC[C@@H]12,1,O=C1C=C2C(CC1)C1CCC3C(C4CC4C34CCC(=O)O4)C1C1CC21,CC(=O)[C@@]1(O)CC[C@H]2[C@@H]3C[C@H](C)C4=CC(=O)CC[C@]4(C)[C@H]3CC[C@@]21C,1,O=C1C=C2CCC3C4CCCC4CCC3C2CC1,0.41764705882352937,1,0.9249484873911421
C[C@]12CCC(=O)C=C1[C@@H]1C[C@@H]1[C@H]1[C@@H]3[C@@H]4C[C@@H]4[C@@]4(CCC(=O)O4)[C@@]3(C)CC[C@@H]12,1,O=C1C=C2C(CC1)C1CCC3C(C4CC4C34CCC(=O)O4)C1C1CC21,COC(=O)[C@@H]1CC2=CC(=O)CC[C@]2(C)[C@@]23O[C@@H]2C[C@@]2(C)[C@@H](CC[C@@]24CCC(=O)O4)[C@H]13,1,O=C1C=C2CCC3C4CCC5(CCC(=O)O5)C4CC4OC43C2CC1,0.38,1,0.9106116515946923
C[C@]12CCC(=O)C=C1[C@@H]1C[C@@H]1[C@H]1[C@@H]3[C@@H]4C[C@@H]4[C@@]4(CCC(=O)O4)[C@@]3(C)CC[C@@H]12,1,O=C1C=C2C(CC1)C1CCC3C(C4CC4C34CCC(=O)O4)C1C1CC21,C[C@]12CC[C@H]3[C@@H](CCC4=CC(=O)CC[C@@]43C)[C@@H]1CC[C@@H]2O,1,O=C1C=C2CCC3C4CCCC4CCC3C2CC1,0.3370588235294118,1,0.8959693246996926
C[C@]12CCC(=O)C=C1[C@@H]1C[C@@H]1[C@H]1[C@@H]3[C@@H]4C[C@@H]4[C@@]4(CCC(=O)O4)[C@@]3(C)CC[C@@H]12,1,O=C1C=C2C(CC1)C1CCC3C(C4CC4C34CCC(=O)O4)C1C1CC21,CC(=O)[C@H]1CC[C@H]2[C@@H]3CCC4=CC(=O)CC[C@]4(C)[C@H]3CC[C@]12C,1,O=C1C=C2CCC3C4CCCC4CCC3C2CC1,0.3339170156071565,1,0.926400326203247
Oc1nc2cc(Cl)ccc2o1,1,c1ccc2ocnc2c1,CCN(CC)CCC[C@H](C)Nc1ccnc2cc(Cl)ccc12,1,c1ccc2ncccc2c1,0.23205741626794257,0,0.3786984771857821
Oc1nc2cc(Cl)ccc2o1,1,c1ccc2ocnc2c1,CN1C(=O)[C@H](O)N=C(c2ccccc2)c2cc(Cl)ccc21,1,O=C1CN=C(c2ccccc2)c2ccccc2N1,0.20105820105820107,0,0.4588800673006786
Oc1nc2cc(Cl)ccc2o1,1,c1ccc2ocnc2c1,C[C@@H](NC(C)(C)C)C(=O)c1cccc(Cl)c1,1,c1ccccc1,0.19210526315789475,0,0.4230554843399778
Oc1nc2cc(Cl)ccc2o1,1,c1ccc2ocnc2c1,CC(C)(Oc1ccc(Cl)cc1)C(=O)O,1,c1ccccc1,0.19021879021879023,1,0.5521585627493901
Nc1nc2cc(Cl)ccc2o1,0,c1ccc2ocnc2c1,Oc1nc2cc(Cl)ccc2o1,1,c1ccc2ocnc2c1,0.6014336917562725,0,0.053924230617238035
Nc1nc2cc(Cl)ccc2o1,0,c1ccc2ocnc2c1,CCN(CC)CCC[C@H](C)Nc1ccnc2cc(Cl)ccc12,1,c1ccc2ncccc2c1,0.23818849449204405,0,0.14011108079528756
Nc1nc2cc(Cl)ccc2o1,0,c1ccc2ocnc2c1,CNC1=Nc2ccc(Cl)cc2C(c2ccccc2)=[N+]([O-])C1,1,C1=Nc2ccccc2C(c2ccccc2)=[NH+]C1,0.1897872340425532,0,0.13518165608902685
Nc1nc2cc(Cl)ccc2o1,0,c1ccc2ocnc2c1,O=C1CN=C(c2ccccc2)c2cc(Cl)ccc2N1,1,O=C1CN=C(c2ccccc2)c2ccccc2N1,0.18942088463292295,0,0.12042565688741828
CN(C)CCc1c[nH]c2ccc(CS(=O)(=O)N3CCCC3)cc12,1,O=S(=O)(Cc1ccc2[nH]ccc2c1)N1CCCC1,CN1CCC[C@@H]1Cc1c[nH]c2ccc(CCS(=O)(=O)c3ccccc3)cc12,1,O=S(=O)(CCc1ccc2[nH]cc(CC3CCCN3)c2c1)c1ccccc1,0.4590636254501801,1,0.601917087121961
CN(C)CCc1c[nH]c2ccc(CS(=O)(=O)N3CCCC3)cc12,1,O=S(=O)(Cc1ccc2[nH]ccc2c1)N1CCCC1,O=C(OC1C[C@@H]2CC3C[C@H](C1)N2CC3=O)c1c[nH]c2ccccc12,1,O=C(OC1CC2CC3CC(C1)N2CC3=O)c1c[nH]c2ccccc12,0.22711111111111112,1,0.724536674046123
CN(C)CCc1c[nH]c2ccc(CS(=O)(=O)N3CCCC3)cc12,1,O=S(=O)(Cc1ccc2[nH]ccc2c1)N1CCCC1,CN(CCOc1ccc(NS(C)(=O)=O)cc1)CCc1ccc(NS(C)(=O)=O)cc1,1,c1ccc(CCNCCOc2ccccc2)cc1,0.22130965593784685,1,0.5630907171197352
CN(C)CCc1c[nH]c2ccc(CS(=O)(=O)N3CCCC3)cc12,1,O=S(=O)(Cc1ccc2[nH]ccc2c1)N1CCCC1,CCN(CC)C(=O)N[C@H]1C[C@@H]2c3cccc4[nH]cc(c34)C[C@H]2N(C)C1,1,c1cc2c3c(c[nH]c3c1)CC1NCCCC21,0.2206060606060606,1,0.7537372162393213
COC(=O)[C@H]1[C@H]2C[C@@H]3c4[nH]c5cc(OC)ccc5c4CCN3C[C@H]2C[C@@H](OC(=O)c2cc(OC)c(OC)c(OC)c2)[C@@H]1OC,0,O=C(OC1CCC2CC3c4[nH]c5ccccc5c4CCN3CC2C1)c1ccccc1,COC(=O)[C@H]1[C@@H](OC(=O)c2ccccc2)C[C@@H]2CC[C@H]1N2C,1,O=C(OC1CC2CCC(C1)N2)c1ccccc1,0.28625756266205704,1,0.7193775386167831
COC(=O)[C@H]1[C@H]2C[C@@H]3c4[nH]c5cc(OC)ccc5c4CCN3C[C@H]2C[C@@H](OC(=O)c2cc(OC)c(OC)c(OC)c2)[C@@H]1OC,0,O=C(OC1CCC2CC3c4[nH]c5ccccc5c4CCN3CC2C1)c1ccccc1,CC[C@]1(O)C[C@H]2CN(CCc3c([nH]c4ccccc34)[C@@](C(=O)OC)(c3cc4c(cc3OC)N(C)[C@H]3[C@@](O)(C(=O)OC)[C@H](OC(C)=O)[C@]5(CC)C=CCN6CC[C@]43[C@@H]65)C2)C1,1,C1=CC2CCC3Nc4ccc(C5CC6CCCN(CCc7c5[nH]c5ccccc75)C6)cc4C34CCN(C1)C24,0.25762304921968787,0,0.49928733209513765
COC(=O)[C@H]1[C@H]2C[C@@H]3c4[nH]c5cc(OC)ccc5c4CCN3C[C@H]2C[C@@H](OC(=O)c2cc(OC)c(OC)c(OC)c2)[C@@H]1OC,0,O=C(OC1CCC2CC3c4[nH]c5ccccc5c4CCN3CC2C1)c1ccccc1,CC[C@]1(O)C[C@H]2CN(CCc3c([nH]c4ccccc34)[C@@](C(=O)OC)(c3cc4c(cc3OC)N(C)[C@H]3[C@@](O)(C(N)=O)[C@H](O)[C@]5(CC)C=CCN6CC[C@]43[C@@H]65)C2)C1,1,C1=CC2CCC3Nc4ccc(C5CC6CCCN(CCc7c5[nH]c5ccccc75)C6)cc4C34CCN(C1)C24,0.25623529411764706,0,0.47621394578226606
COC(=O)[C@H]1[C@H]2C[C@@H]3c4[nH]c5cc(OC)ccc5c4CCN3C[C@H]2C[C@@H](OC(=O)c2cc(OC)c(OC)c(OC)c2)[C@@H]1OC,0,O=C(OC1CCC2CC3c4[nH]c5ccccc5c4CCN3CC2C1)c1ccccc1,CC[C@]1(O)C[C@H]2CN(CCc3c([nH]c4ccccc34)[C@@](C(=O)OC)(c3cc4c(cc3OC)N(C=O)[C@H]3[C@@](O)(C(=O)OC)[C@H](OC(C)=O)[C@]5(CC)C=CCN6CC[C@]43[C@@H]65)C2)C1,1,C1=CC2CCC3Nc4ccc(C5CC6CCCN(CCc7c5[nH]c5ccccc75)C6)cc4C34CCN(C1)C24,0.2555072463768116,0,0.40323132150524393
O=C(OC1C[C@@H]2CC3C[C@H](C1)N2CC3=O)c1c[nH]c2ccccc12,1,O=C(OC1CC2CC3CC(C1)N2CC3=O)c1c[nH]c2ccccc12,COC(=O)[C@H]1[C@@H](OC(=O)c2ccccc2)C[C@@H]2CC[C@H]1N2C,1,O=C(OC1CC2CCC(C1)N2)c1ccccc1,0.2588571428571429,1,0.785091607395402
O=C(OC1C[C@@H]2CC3C[C@H](C1)N2CC3=O)c1c[nH]c2ccccc12,1,O=C(OC1CC2CC3CC(C1)N2CC3=O)c1c[nH]c2ccccc12,CCN(CC)C(=O)N[C@H]1C[C@@H]2c3cccc4[nH]cc(c34)C[C@H]2N(C)C1,1,c1cc2c3c(c[nH]c3c1)CC1NCCCC21,0.24333333333333335,1,0.9155966306035352
O=C(OC1C[C@@H]2CC3C[C@H](C1)N2CC3=O)c1c[nH]c2ccccc12,1,O=C(OC1CC2CC3CC(C1)N2CC3=O)c1c[nH]c2ccccc12,CN1CCC[C@@H]1Cc1c[nH]c2ccc(CCS(=O)(=O)c3ccccc3)cc12,1,O=S(=O)(CCc1ccc2[nH]cc(CC3CCCN3)c2c1)c1ccccc1,0.23659611992945326,1,0.7663612439601035
O=C(OC1C[C@@H]2CC3C[C@H](C1)N2CC3=O)c1c[nH]c2ccccc12,1,O=C(OC1CC2CC3CC(C1)N2CC3=O)c1c[nH]c2ccccc12,CN(C)CCc1c[nH]c2ccc(CS(=O)(=O)N3CCCC3)cc12,1,O=S(=O)(Cc1ccc2[nH]ccc2c1)N1CCCC1,0.22711111111111112,1,0.7999701078257793
CN1CCN(c2cc3c(cc2F)c(=O)c(C(=O)O)cn3-c2ccc(F)cc2)CC1,0,O=c1ccn(-c2ccccc2)c2cc(N3CCNCC3)ccc12,CCOc1cc(CC(=O)N[C@@H](CC(C)C)c2ccccc2N2CCCCC2)ccc1C(=O)O,1,O=C(Cc1ccccc1)NCc1ccccc1N1CCCCC1,0.20499092558983667,0,0.2816021347411679
CN1CCN(c2cc3c(cc2F)c(=O)c(C(=O)O)cn3-c2ccc(F)cc2)CC1,0,O=c1ccn(-c2ccccc2)c2cc(N3CCNCC3)ccc12,CN1CCN2c3ccccc3Cc3cccnc3[C@@H]2C1,1,c1ccc2c(c1)Cc1cccnc1C1CNCCN21,0.20170940170940171,0,0.19258896216804228
CN1CCN(c2cc3c(cc2F)c(=O)c(C(=O)O)cn3-c2ccc(F)cc2)CC1,0,O=c1ccn(-c2ccccc2)c2cc(N3CCNCC3)ccc12,O=C1CCc2ccc(OCCCCN3CCN(c4cccc(Cl)c4Cl)CC3)cc2N1,1,O=C1CCc2ccc(OCCCCN3CCN(c4ccccc4)CC3)cc2N1,0.19883720930232557,0,0.25584020580002165
CN1CCN(c2cc3c(cc2F)c(=O)c(C(=O)O)cn3-c2ccc(F)cc2)CC1,0,O=c1ccn(-c2ccccc2)c2cc(N3CCNCC3)ccc12,O=C(CCCN1CCC(O)(c2ccc(Br)cc2)CC1)c1ccc(F)cc1,1,O=C(CCCN1CCC(c2ccccc2)CC1)c1ccccc1,0.19660441426146014,0,0.21857218249425808
O=C(O)COc1ccc(C(=O)c2cccs2)c(Cl)c1Cl,0,O=C(c1ccccc1)c1cccs1,CCC(=O)N(c1ccccc1)C1(COC)CCN(CCc2cccs2)CC1,1,c1ccc(NC2CCN(CCc3cccs3)CC2)cc1,0.22136006974716654,0,0.1533112215867677
O=C(O)COc1ccc(C(=O)c2cccs2)c(Cl)c1Cl,0,O=C(c1ccccc1)c1cccs1,CC(C)(Oc1ccc(Cl)cc1)C(=O)O,1,c1ccccc1,0.2191252144082333,0,0.4441590096794933
O=C(O)COc1ccc(C(=O)c2cccs2)c(Cl)c1Cl,0,O=C(c1ccccc1)c1cccs1,Cc1ccc(C)c(OCCCC(C)(C)C(=O)O)c1,1,c1ccccc1,0.19524268723882998,0,0.45637166313849975
O=C(O)COc1ccc(C(=O)c2cccs2)c(Cl)c1Cl,0,O=C(c1ccccc1)c1cccs1,CC(C)(Oc1ccc(CCNC(=O)c2ccc(Cl)cc2)cc1)C(=O)O,1,O=C(NCCc1ccccc1)c1ccccc1,0.19237472766884534,0,0.3673067900184439
C[C@H](C(=O)O)c1cccc(C(=O)c2cccs2)c1,0,O=C(c1ccccc1)c1cccs1,C[C@@H](NC(C)(C)C)C(=O)c1cccc(Cl)c1,1,c1ccccc1,0.2547990155865464,0,0.2994462645908869
C[C@H](C(=O)O)c1cccc(C(=O)c2cccs2)c1,0,O=C(c1ccccc1)c1cccs1,CCC(=O)N(c1ccccc1)C1(COC)CCN(CCc2cccs2)CC1,1,c1ccc(NC2CCN(CCc3cccs3)CC2)cc1,0.2284848484848485,0,0.10162665841855786
C[C@H](C(=O)O)c1cccc(C(=O)c2cccs2)c1,0,O=C(c1ccccc1)c1cccs1,NC(=O)OCC(COC(N)=O)c1ccccc1,1,c1ccccc1,0.2245918367346939,0,0.3260905348166943
C[C@H](C(=O)O)c1cccc(C(=O)c2cccs2)c1,0,O=C(c1ccccc1)c1cccs1,CC1=C(C)C(=O)C([C@@H](CCCCCC(=O)O)c2ccccc2)=C(C)C1=O,1,O=C1C=CC(=O)C(Cc2ccccc2)=C1,0.223581429624171,0,0.2662747638244397
COc1cc(Br)c2oc(C3CCNCC3)cc2c1,0,c1ccc2oc(C3CCNCC3)cc2c1,COc1cc(N[C@@H](C)CCCN)c2ncccc2c1,1,c1ccc2ncccc2c1,0.21251435132032148,0,0.20468331921909289
COc1cc(Br)c2oc(C3CCNCC3)cc2c1,0,c1ccc2oc(C3CCNCC3)cc2c1,COc1ccc(-c2nc3cc(C4=NNC(=O)C[C@H]4C)ccc3[nH]2)cc1,1,O=C1CCC(c2ccc3[nH]c(-c4ccccc4)nc3c2)=NN1,0.20294384057971016,0,0.10728165972531963
COc1cc(Br)c2oc(C3CCNCC3)cc2c1,0,c1ccc2oc(C3CCNCC3)cc2c1,COc1cc(C(C)=O)ccc1OCCCN1CCC(c2noc3cc(F)ccc23)CC1,1,c1ccc(OCCCN2CCC(c3noc4ccccc34)CC2)cc1,0.18187403993855608,0,0.17356523350683178
COc1cc(Br)c2oc(C3CCNCC3)cc2c1,0,c1ccc2oc(C3CCNCC3)cc2c1,COC(=O)[C@H](c1ccccc1)[C@H]1CCCCN1,1,c1ccc(CC2CCCCN2)cc1,0.17801184990125082,0,0.37240600926749734
COc1cc(N)c(Cl)cc1C(=O)N[C@H]1CCN(CCCOc2ccc(F)cc2)C[C@H]1OC,1,O=C(NC1CCN(CCCOc2ccccc2)CC1)c1ccccc1,CCN(CC)CCNC(=O)c1cc(Cl)c(N)cc1OC,1,c1ccccc1,0.40202020202020206,1,0.7126026501161837
COc1cc(N)c(Cl)cc1C(=O)N[C@H]1CCN(CCCOc2ccc(F)cc2)C[C@H]1OC,1,O=C(NC1CCN(CCCOc2ccccc2)CC1)c1ccccc1,COc1cc(C(C)=O)ccc1OCCCN1CCC(c2noc3cc(F)ccc23)CC1,1,c1ccc(OCCCN2CCC(c3noc4ccccc34)CC2)cc1,0.33629355534998456,1,0.6543223452961391
COc1cc(N)c(Cl)cc1C(=O)N[C@H]1CCN(CCCOc2ccc(F)cc2)C[C@H]1OC,1,O=C(NC1CCN(CCCOc2ccccc2)CC1)c1ccccc1,COc1ccc(CCN2CCC(Nc3nc4ccccc4n3Cc3ccc(F)cc3)CC2)cc1,1,c1ccc(CCN2CCC(Nc3nc4ccccc4n3Cc3ccccc3)CC2)cc1,0.27441520467836256,1,0.8186713681047159
COc1cc(N)c(Cl)cc1C(=O)N[C@H]1CCN(CCCOc2ccc(F)cc2)C[C@H]1OC,1,O=C(NC1CCN(CCCOc2ccccc2)CC1)c1ccccc1,O=C(CCCN1CCC(O)(c2ccc(Cl)cc2)CC1)c1ccc(F)cc1,1,O=C(CCCN1CCC(c2ccccc2)CC1)c1ccccc1,0.2529759558533701,1,0.6988204860363485
CC[C@H](c1ccccc1)c1c(O)c2ccccc2oc1=O,0,O=c1oc2ccccc2cc1Cc1ccccc1,CC(=O)C[C@@H](c1ccccc1)c1c(O)c2ccccc2oc1=O,1,O=c1oc2ccccc2cc1Cc1ccccc1,0.7559540889526541,0,0.4627085210908847
CC[C@H](c1ccccc1)c1c(O)c2ccccc2oc1=O,0,O=c1oc2ccccc2cc1Cc1ccccc1,CC(=O)C[C@@H](c1ccc([N+](=O)[O-])cc1)c1c(O)c2ccccc2oc1=O,1,O=c1oc2ccccc2cc1Cc1ccccc1,0.5929971988795518,0,0.4235333008203648
CC[C@H](c1ccccc1)c1c(O)c2ccccc2oc1=O,0,O=c1oc2ccccc2cc1Cc1ccccc1,CC1=C(C)C(=O)C([C@@H](CCCCCC(=O)O)c2ccccc2)=C(C)C1=O,1,O=C1C=CC(=O)C(Cc2ccccc2)=C1,0.273037037037037,0,0.35988906817697197
CC[C@H](c1ccccc1)c1c(O)c2ccccc2oc1=O,0,O=c1oc2ccccc2cc1Cc1ccccc1,NC(=O)OCC(COC(N)=O)c1ccccc1,1,c1ccccc1,0.26023329798515377,0,0.4753349591783185
CC(=O)C[C@@H](c1ccccc1)c1c(O)c2ccccc2oc1=O,1,O=c1oc2ccccc2cc1Cc1ccccc1,CC(=O)C[C@@H](c1ccc([N+](=O)[O-])cc1)c1c(O)c2ccccc2oc1=O,1,O=c1oc2ccccc2cc1Cc1ccccc1,0.7737415672029061,1,0.5582439288685891
CC(=O)C[C@@H](c1ccccc1)c1c(O)c2ccccc2oc1=O,1,O=c1oc2ccccc2cc1Cc1ccccc1,CC1=C(C)C(=O)C([C@@H](CCCCCC(=O)O)c2ccccc2)=C(C)C1=O,1,O=C1C=CC(=O)C(Cc2ccccc2)=C1,0.2859943977591036,0,0.44156361117879667
CC(=O)C[C@@H](c1ccccc1)c1c(O)c2ccccc2oc1=O,1,O=c1oc2ccccc2cc1Cc1ccccc1,NC(=O)OCC(COC(N)=O)c1ccccc1,1,c1ccccc1,0.2705426356589148,1,0.5103778636889337
CC(=O)C[C@@H](c1ccccc1)c1c(O)c2ccccc2oc1=O,1,O=c1oc2ccccc2cc1Cc1ccccc1,COC(=O)[C@H](c1ccccc1)[C@H]1CCCCN1,1,c1ccc(CC2CCCCN2)cc1,0.24689655172413796,1,0.6134297076641017
CC(=O)C[C@@H](c1ccc([N+](=O)[O-])cc1)c1c(O)c2ccccc2oc1=O,1,O=c1oc2ccccc2cc1Cc1ccccc1,CC(=O)C[C@@H](c1ccccc1)c1c(O)c2ccccc2oc1=O,1,O=c1oc2ccccc2cc1Cc1ccccc1,0.7737415672029061,1,0.7768821274544644
CC(=O)C[C@@H](c1ccc([N+](=O)[O-])cc1)c1c(O)c2ccccc2oc1=O,1,O=c1oc2ccccc2cc1Cc1ccccc1,COC(=O)C1=C(C)NC(C)=C(C(=O)OC(C)(C)CN(C)CCC(c2ccccc2)c2ccccc2)[C@H]1c1cccc([N+](=O)[O-])c1,1,O=C(OCCNCCC(c1ccccc1)c1ccccc1)C1=CNC=CC1c1ccccc1,0.26176470588235295,1,0.561820349820518
CC(=O)C[C@@H](c1ccc([N+](=O)[O-])cc1)c1c(O)c2ccccc2oc1=O,1,O=c1oc2ccccc2cc1Cc1ccccc1,CCOP(=S)(OCC)Oc1ccc([N+](=O)[O-])cc1,1,c1ccccc1,0.24845034788108794,1,0.6835839033015222
CC(=O)C[C@@H](c1ccc([N+](=O)[O-])cc1)c1c(O)c2ccccc2oc1=O,1,O=c1oc2ccccc2cc1Cc1ccccc1,Cc1ccc(C(=O)c2cc(O)c(O)c([N+](=O)[O-])c2)cc1,1,O=C(c1ccccc1)c1ccccc1,0.235052790346908,1,0.6641648307247736
Cc1nnc2n1-c1ccc(Cl)cc1C(c1ccccc1)=NC2,1,c1ccc(C2=NCc3nncn3-c3ccccc32)cc1,Cc1nnc2n1-c1ccc(Cl)cc1C(c1ccccc1Cl)=NC2,1,c1ccc(C2=NCc3nncn3-c3ccccc32)cc1,0.7951188986232791,1,0.8804401097012816
Cc1nnc2n1-c1ccc(Cl)cc1C(c1ccccc1)=NC2,1,c1ccc(C2=NCc3nncn3-c3ccccc32)cc1,CN(C)Cc1nnc2n1-c1ccc(Cl)cc1C(c1ccccc1)=NC2,1,c1ccc(C2=NCc3nncn3-c3ccccc32)cc1,0.7185520361990951,1,0.8849099628968331
Cc1nnc2n1-c1ccc(Cl)cc1C(c1ccccc1)=NC2,1,c1ccc(C2=NCc3nncn3-c3ccccc32)cc1,CN1C(=O)CN=C(c2ccccc2)c2cc(Cl)ccc21,1,O=C1CN=C(c2ccccc2)c2ccccc2N1,0.5384186046511628,1,0.8400520547502752
Cc1nnc2n1-c1ccc(Cl)cc1C(c1ccccc1)=NC2,1,c1ccc(C2=NCc3nncn3-c3ccccc32)cc1,Cc1ncc2n1-c1ccc(Cl)cc1C(c1ccccc1F)=NC2,1,c1ccc(C2=NCc3cncn3-c3ccccc32)cc1,0.5052545155993432,1,0.8323050015247737
CN(C)Cc1nnc2n1-c1ccc(Cl)cc1C(c1ccccc1)=NC2,1,c1ccc(C2=NCc3nncn3-c3ccccc32)cc1,Cc1nnc2n1-c1ccc(Cl)cc1C(c1ccccc1)=NC2,1,c1ccc(C2=NCc3nncn3-c3ccccc32)cc1,0.7185520361990951,1,0.9375874095742137
CN(C)Cc1nnc2n1-c1ccc(Cl)cc1C(c1ccccc1)=NC2,1,c1ccc(C2=NCc3nncn3-c3ccccc32)cc1,Cc1nnc2n1-c1ccc(Cl)cc1C(c1ccccc1Cl)=NC2,1,c1ccc(C2=NCc3nncn3-c3ccccc32)cc1,0.576551133932392,1,0.93807589612301
CN(C)Cc1nnc2n1-c1ccc(Cl)cc1C(c1ccccc1)=NC2,1,c1ccc(C2=NCc3nncn3-c3ccccc32)cc1,CN1C(=O)CN=C(c2ccccc2)c2cc(Cl)ccc21,1,O=C1CN=C(c2ccccc2)c2ccccc2N1,0.48848484848484847,1,0.8853097243469319
CN(C)Cc1nnc2n1-c1ccc(Cl)cc1C(c1ccccc1)=NC2,1,c1ccc(C2=NCc3nncn3-c3ccccc32)cc1,Cc1ncc2n1-c1ccc(Cl)cc1C(c1ccccc1F)=NC2,1,c1ccc(C2=NCc3cncn3-c3ccccc32)cc1,0.42000000000000004,1,0.892926814183208
Cc1nnc2n1-c1ccc(Cl)cc1C(c1ccccc1Cl)=NC2,1,c1ccc(C2=NCc3nncn3-c3ccccc32)cc1,Cc1nnc2n1-c1ccc(Cl)cc1C(c1ccccc1)=NC2,1,c1ccc(C2=NCc3nncn3-c3ccccc32)cc1,0.7951188986232791,1,0.9077979657680012
Cc1nnc2n1-c1ccc(Cl)cc1C(c1ccccc1Cl)=NC2,1,c1ccc(C2=NCc3nncn3-c3ccccc32)cc1,Cc1nnc2n1-c1sc(Br)cc1C(c1ccccc1Cl)=NC2,1,c1ccc(C2=NCc3nncn3-c3sccc32)cc1,0.6219227313566936,1,0.8936923263592086
Cc1nnc2n1-c1ccc(Cl)cc1C(c1ccccc1Cl)=NC2,1,c1ccc(C2=NCc3nncn3-c3ccccc32)cc1,CN(C)Cc1nnc2n1-c1ccc(Cl)cc1C(c1ccccc1)=NC2,1,c1ccc(C2=NCc3nncn3-c3ccccc32)cc1,0.576551133932392,1,0.9028021452745287
Cc1nnc2n1-c1ccc(Cl)cc1C(c1ccccc1Cl)=NC2,1,c1ccc(C2=NCc3nncn3-c3ccccc32)cc1,Cc1ncc2n1-c1ccc(Cl)cc1C(c1ccccc1F)=NC2,1,c1ccc(C2=NCc3cncn3-c3ccccc32)cc1,0.5527599486521181,1,0.8676370830324572
CCN(CC)CCC[C@H](C)Nc1ccnc2cc(Cl)ccc12,1,c1ccc2ncccc2c1,COc1cc(N[C@@H](C)CCCN)c2ncccc2c1,1,c1ccc2ncccc2c1,0.3142776682624613,1,0.6107507558355916
CCN(CC)CCC[C@H](C)Nc1ccnc2cc(Cl)ccc12,1,c1ccc2ncccc2c1,CN(C)CC[C@H](c1ccc(Cl)cc1)c1ccccn1,1,c1ccc(Cc2ccccn2)cc1,0.2698412698412698,1,0.6966344323985708
CCN(CC)CCC[C@H](C)Nc1ccnc2cc(Cl)ccc12,1,c1ccc2ncccc2c1,CCCCN(CCCC)CC[C@H](O)c1cc2c(Cl)cc(Cl)cc2c2cc(C(F)(F)F)ccc12,1,c1ccc2c(c1)ccc1ccccc12,0.265054528212423,0,0.4564801117877078
CCN(CC)CCC[C@H](C)Nc1ccnc2cc(Cl)ccc12,1,c1ccc2ncccc2c1,CCCCN(CCCC)C[C@@H](O)c1cc(Cl)cc2c1-c1ccc(Cl)cc1/C2=C\c1ccc(Cl)cc1,1,C(=C1c2ccccc2-c2ccccc21)c1ccccc1,0.2507349454717876,1,0.5532571580388999
CCN(CCO)CCC[C@H](C)Nc1ccnc2cc(Cl)ccc12,0,c1ccc2ncccc2c1,CCN(CC)CCC[C@H](C)Nc1ccnc2cc(Cl)ccc12,1,c1ccc2ncccc2c1,0.8641904761904763,1,0.5134532884103291
CCN(CCO)CCC[C@H](C)Nc1ccnc2cc(Cl)ccc12,0,c1ccc2ncccc2c1,COc1cc(N[C@@H](C)CCCN)c2ncccc2c1,1,c1ccc2ncccc2c1,0.29118773946360155,1,0.6759827747027946
CCN(CCO)CCC[C@H](C)Nc1ccnc2cc(Cl)ccc12,0,c1ccc2ncccc2c1,CCCCN(CCCC)CC[C@H](O)c1cc2c(Cl)cc(Cl)cc2c2cc(C(F)(F)F)ccc12,1,c1ccc2c(c1)ccc1ccccc12,0.2684615384615385,0,0.4391656199460021
CCN(CCO)CCC[C@H](C)Nc1ccnc2cc(Cl)ccc12,0,c1ccc2ncccc2c1,CCCCN(CCCC)C[C@@H](O)c1cc(Cl)cc2c1-c1ccc(Cl)cc1/C2=C\c1ccc(Cl)cc1,1,C(=C1c2ccccc2-c2ccccc21)c1ccccc1,0.2548717948717949,0,0.4095389838504697
COc1cc(N[C@@H](C)CCCN)c2ncccc2c1,1,c1ccc2ncccc2c1,CCN(CC)CCC[C@H](C)Nc1ccnc2cc(Cl)ccc12,1,c1ccc2ncccc2c1,0.3142776682624613,0,0.16098873447285714
COc1cc(N[C@@H](C)CCCN)c2ncccc2c1,1,c1ccc2ncccc2c1,CCOc1ccccc1OCCN[C@H](C)Cc1ccc(OC)c(S(N)(=O)=O)c1,1,c1ccc(CCNCCOc2ccccc2)cc1,0.22201129943502826,0,0.47208513328500734
COc1cc(N[C@@H](C)CCCN)c2ncccc2c1,1,c1ccc2ncccc2c1,C=C[C@H]1CN2CC[C@H]1C[C@@H]2[C@H](O)c1ccnc2ccc(OC)cc12,1,c1ccc2c(CC3CC4CCN3CC4)ccnc2c1,0.20763178599527932,0,0.44449613581948155
COc1cc(N[C@@H](C)CCCN)c2ncccc2c1,1,c1ccc2ncccc2c1,COc1ccnc(C[S@H](=O)c2nc3ccc(OC(F)F)cc3[nH]2)c1OC,1,O=[SH](Cc1ccccn1)c1nc2ccccc2[nH]1,0.2030769230769231,1,0.5990240209157445
O=c1[nH]c(=O)n([C@@H]2CCCO2)cc1F,0,O=c1ccn(C2CCCO2)c(=O)[nH]1,CCOCn1c(Cc2ccccc2)c(C(C)C)c(=O)[nH]c1=O,1,O=c1cc(Cc2ccccc2)[nH]c(=O)[nH]1,0.20150995195607413,0,0.08211175644145652
O=c1[nH]c(=O)n([C@@H]2CCCO2)cc1F,0,O=c1ccn(C2CCCO2)c(=O)[nH]1,COc1cc(C(C)=O)ccc1OCCCN1CCC(c2noc3cc(F)ccc23)CC1,1,c1ccc(OCCCN2CCC(c3noc4ccccc34)CC2)cc1,0.13679332715477294,0,0.1586575078271255
O=c1[nH]c(=O)n([C@@H]2CCCO2)cc1F,0,O=c1ccn(C2CCCO2)c(=O)[nH]1,Cc1ccnc2c1NC(=O)c1cccnc1N2C1CC1,1,O=C1Nc2cccnc2N(C2CC2)c2ncccc21,0.13472222222222222,0,0.17153528946617896
O=c1[nH]c(=O)n([C@@H]2CCCO2)cc1F,0,O=c1ccn(C2CCCO2)c(=O)[nH]1,Cc1onc(-c2c(F)cccc2Cl)c1C(=O)N[C@@H]1C(=O)N2[C@@H]1SC(C)(C)[C@@H]2C(=O)O,1,O=C(NC1C(=O)N2CCSC12)c1conc1-c1ccccc1,0.13378766140602583,0,0.04975638925754028
CCN(CC)CCC[C@@H](C)Nc1c2ccc(Cl)cc2nc2ccc(OC)cc12,0,c1ccc2nc3ccccc3cc2c1,CCN(CC)CCC[C@H](C)Nc1ccnc2cc(Cl)ccc12,1,c1ccc2ncccc2c1,0.5720430107526882,0,0.14207490884182875
CCN(CC)CCC[C@@H](C)Nc1c2ccc(Cl)cc2nc2ccc(OC)cc12,0,c1ccc2nc3ccccc3cc2c1,COc1cc(N[C@@H](C)CCCN)c2ncccc2c1,1,c1ccc2ncccc2c1,0.3283686176836862,0,0.1704369319943992
CCN(CC)CCC[C@@H](C)Nc1c2ccc(Cl)cc2nc2ccc(OC)cc12,0,c1ccc2nc3ccccc3cc2c1,CCN(CC)CCNC(=O)c1cc(Cl)c(N)cc1OC,1,c1ccccc1,0.2597966101694915,0,0.3393482989556633
CCN(CC)CCC[C@@H](C)Nc1c2ccc(Cl)cc2nc2ccc(OC)cc12,0,c1ccc2nc3ccccc3cc2c1,C=C[C@H]1CN2CC[C@H]1C[C@@H]2[C@H](O)c1ccnc2ccc(OC)cc12,1,c1ccc2c(CC3CC4CCN3CC4)ccnc2c1,0.24137931034482762,1,0.5042681430232577
O=[S@H](Cc1ccccn1)c1nc2ccccc2[nH]1,0,O=[SH](Cc1ccccn1)c1nc2ccccc2[nH]1,Cc1c(OCC(F)(F)F)ccnc1C[S@@H](=O)c1nc2ccccc2[nH]1,1,O=[SH](Cc1ccccn1)c1nc2ccccc2[nH]1,0.5234042553191489,0,0.49162755592724816
O=[S@H](Cc1ccccn1)c1nc2ccccc2[nH]1,0,O=[SH](Cc1ccccn1)c1nc2ccccc2[nH]1,COCCCOc1ccnc(C[S@@H](=O)c2nc3ccccc3[nH]2)c1C,1,O=[SH](Cc1ccccn1)c1nc2ccccc2[nH]1,0.5208333333333334,0,0.4669375649464553
O=[S@H](Cc1ccccn1)c1nc2ccccc2[nH]1,0,O=[SH](Cc1ccccn1)c1nc2ccccc2[nH]1,COc1ccc2nc([S@H](=O)Cc3ncc(C)c(OC)c3C)[nH]c2c1,1,O=[SH](Cc1ccccn1)c1nc2ccccc2[nH]1,0.401568068424804,0,0.4964563783547437
O=[S@H](Cc1ccccn1)c1nc2ccccc2[nH]1,0,O=[SH](Cc1ccccn1)c1nc2ccccc2[nH]1,COc1ccnc(C[S@H](=O)c2nc3ccc(OC(F)F)cc3[nH]2)c1OC,1,O=[SH](Cc1ccccn1)c1nc2ccccc2[nH]1,0.3955769230769231,1,0.5399483224506263
Cc1c(OCC(F)(F)F)ccnc1C[S@@H](=O)c1nc2ccccc2[nH]1,1,O=[SH](Cc1ccccn1)c1nc2ccccc2[nH]1,COCCCOc1ccnc(C[S@@H](=O)c2nc3ccccc3[nH]2)c1C,1,O=[SH](Cc1ccccn1)c1nc2ccccc2[nH]1,0.7314385964912281,1,0.7842283031101789
Cc1c(OCC(F)(F)F)ccnc1C[S@@H](=O)c1nc2ccccc2[nH]1,1,O=[SH](Cc1ccccn1)c1nc2ccccc2[nH]1,COc1ccnc(C[S@H](=O)c2nc3ccc(OC(F)F)cc3[nH]2)c1OC,1,O=[SH](Cc1ccccn1)c1nc2ccccc2[nH]1,0.4820779220779221,1,0.9069201505214687
Cc1c(OCC(F)(F)F)ccnc1C[S@@H](=O)c1nc2ccccc2[nH]1,1,O=[SH](Cc1ccccn1)c1nc2ccccc2[nH]1,COc1ccc2nc([S@H](=O)Cc3ncc(C)c(OC)c3C)[nH]c2c1,1,O=[SH](Cc1ccccn1)c1nc2ccccc2[nH]1,0.4642533936651584,1,0.7970690532786205
Cc1c(OCC(F)(F)F)ccnc1C[S@@H](=O)c1nc2ccccc2[nH]1,1,O=[SH](Cc1ccccn1)c1nc2ccccc2[nH]1,CCCSc1ccc2nc(NC(=O)OC)[nH]c2c1,1,c1ccc2[nH]cnc2c1,0.2166409861325116,1,0.8719813924027123
COc1ccc2nc([S@H](=O)Cc3ncc(C)c(OC)c3C)[nH]c2c1,1,O=[SH](Cc1ccccn1)c1nc2ccccc2[nH]1,COc1ccnc(C[S@H](=O)c2nc3ccc(OC(F)F)cc3[nH]2)c1OC,1,O=[SH](Cc1ccccn1)c1nc2ccccc2[nH]1,0.5750769230769232,1,0.8618139461350908
COc1ccc2nc([S@H](=O)Cc3ncc(C)c(OC)c3C)[nH]c2c1,1,O=[SH](Cc1ccccn1)c1nc2ccccc2[nH]1,COCCCOc1ccnc(C[S@@H](=O)c2nc3ccccc3[nH]2)c1C,1,O=[SH](Cc1ccccn1)c1nc2ccccc2[nH]1,0.48513203214695755,1,0.7997432899202741
COc1ccc2nc([S@H](=O)Cc3ncc(C)c(OC)c3C)[nH]c2c1,1,O=[SH](Cc1ccccn1)c1nc2ccccc2[nH]1,Cc1c(OCC(F)(F)F)ccnc1C[S@@H](=O)c1nc2ccccc2[nH]1,1,O=[SH](Cc1ccccn1)c1nc2ccccc2[nH]1,0.4642533936651584,1,0.7957197691546901
COc1ccc2nc([S@H](=O)Cc3ncc(C)c(OC)c3C)[nH]c2c1,1,O=[SH](Cc1ccccn1)c1nc2ccccc2[nH]1,CCCSc1ccc2nc(NC(=O)OC)[nH]c2c1,1,c1ccc2[nH]cnc2c1,0.2867924528301887,1,0.8883582037637796
COc1ccnc(C[S@H](=O)c2nc3ccc(OC(F)F)cc3[nH]2)c1OC,1,O=[SH](Cc1ccccn1)c1nc2ccccc2[nH]1,COc1ccc2nc([S@H](=O)Cc3ncc(C)c(OC)c3C)[nH]c2c1,1,O=[SH](Cc1ccccn1)c1nc2ccccc2[nH]1,0.5750769230769232,1,0.7831573386825171
COc1ccnc(C[S@H](=O)c2nc3ccc(OC(F)F)cc3[nH]2)c1OC,1,O=[SH](Cc1ccccn1)c1nc2ccccc2[nH]1,Cc1c(OCC(F)(F)F)ccnc1C[S@@H](=O)c1nc2ccccc2[nH]1,1,O=[SH](Cc1ccccn1)c1nc2ccccc2[nH]1,0.4820779220779221,1,0.852836331212499
COc1ccnc(C[S@H](=O)c2nc3ccc(OC(F)F)cc3[nH]2)c1OC,1,O=[SH](Cc1ccccn1)c1nc2ccccc2[nH]1,COCCCOc1ccnc(C[S@@H](=O)c2nc3ccccc3[nH]2)c1C,1,O=[SH](Cc1ccccn1)c1nc2ccccc2[nH]1,0.4744862155388471,1,0.7670585621742465
COc1ccnc(C[S@H](=O)c2nc3ccc(OC(F)F)cc3[nH]2)c1OC,1,O=[SH](Cc1ccccn1)c1nc2ccccc2[nH]1,CCCSc1ccc2nc(NC(=O)OC)[nH]c2c1,1,c1ccc2[nH]cnc2c1,0.28214285714285714,1,0.8352146743274849
COCCCOc1ccnc(C[S@@H](=O)c2nc3ccccc3[nH]2)c1C,1,O=[SH](Cc1ccccn1)c1nc2ccccc2[nH]1,Cc1c(OCC(F)(F)F)ccnc1C[S@@H](=O)c1nc2ccccc2[nH]1,1,O=[SH](Cc1ccccn1)c1nc2ccccc2[nH]1,0.7314385964912281,1,0.8355146333246073
COCCCOc1ccnc(C[S@@H](=O)c2nc3ccccc3[nH]2)c1C,1,O=[SH](Cc1ccccn1)c1nc2ccccc2[nH]1,COc1ccc2nc([S@H](=O)Cc3ncc(C)c(OC)c3C)[nH]c2c1,1,O=[SH](Cc1ccccn1)c1nc2ccccc2[nH]1,0.48513203214695755,1,0.8465263250647683
COCCCOc1ccnc(C[S@@H](=O)c2nc3ccccc3[nH]2)c1C,1,O=[SH](Cc1ccccn1)c1nc2ccccc2[nH]1,COc1ccnc(C[S@H](=O)c2nc3ccc(OC(F)F)cc3[nH]2)c1OC,1,O=[SH](Cc1ccccn1)c1nc2ccccc2[nH]1,0.4744862155388471,1,0.8723548787403839
COCCCOc1ccnc(C[S@@H](=O)c2nc3ccccc3[nH]2)c1C,1,O=[SH](Cc1ccccn1)c1nc2ccccc2[nH]1,CCCSc1ccc2nc(NC(=O)OC)[nH]c2c1,1,c1ccc2[nH]cnc2c1,0.259952380952381,1,0.8977912046397145
COc1ccc(CN(CCN(C)C)c2ccccn2)cc1,0,c1ccc(CNc2ccccn2)cc1,CN(C)CC[C@H](c1ccc(Cl)cc1)c1ccccn1,1,c1ccc(Cc2ccccn2)cc1,0.31393939393939396,0,0.41088055001607393
COc1ccc(CN(CCN(C)C)c2ccccn2)cc1,0,c1ccc(CNc2ccccn2)cc1,CC/C(=C(/c1ccccc1)c1ccc(OCCN(C)C)cc1)c1ccccc1,1,C(=C(c1ccccc1)c1ccccc1)c1ccccc1,0.3103896103896104,0,0.26564208505653225
COc1ccc(CN(CCN(C)C)c2ccccn2)cc1,0,c1ccc(CNc2ccccn2)cc1,CN(C)CCOc1ccc(/C(=C(\CCCl)c2ccccc2)c2ccccc2)cc1,1,C(=C(c1ccccc1)c1ccccc1)c1ccccc1,0.29354489722322397,0,0.31697153533830574
COc1ccc(CN(CCN(C)C)c2ccccn2)cc1,0,c1ccc(CNc2ccccn2)cc1,CN(C)CC(Oc1ccccc1)Oc1ccccc1,1,c1ccc(OCOc2ccccc2)cc1,0.2756756756756757,0,0.4661229500061421
CN(C)CCN(Cc1ccccc1)c1ccccn1,0,c1ccc(CNc2ccccn2)cc1,CN(C)CC[C@H](c1ccc(Cl)cc1)c1ccccn1,1,c1ccc(Cc2ccccn2)cc1,0.37619047619047624,0,0.4031757148155654
CN(C)CCN(Cc1ccccc1)c1ccccn1,0,c1ccc(CNc2ccccn2)cc1,CN(C)CCCOc1nn(Cc2ccccc2)c2ccccc12,1,c1ccc(Cn2ncc3ccccc32)cc1,0.32043356081894825,1,0.5805742368610012
CN(C)CCN(Cc1ccccc1)c1ccccn1,0,c1ccc(CNc2ccccn2)cc1,CC/C(=C(/c1ccccc1)c1ccc(OCCN(C)C)cc1)c1ccccc1,1,C(=C(c1ccccc1)c1ccccc1)c1ccccc1,0.28205128205128205,0,0.2650051584857264
CN(C)CCN(Cc1ccccc1)c1ccccn1,0,c1ccc(CNc2ccccn2)cc1,CC(C)N(CC[C@@](C(N)=O)(c1ccccc1)c1ccccn1)C(C)C,1,c1ccc(Cc2ccccn2)cc1,0.2757437070938215,0,0.2682614943001955
Nc1cc(N2CCCCC2)nc(N)[n+]1[O-],0,c1cc(N2CCCCC2)nc[nH+]1,C[C@@H]1C[C@H]2[C@@H]3CCC4=CC(=O)C=C[C@]4(C)C3=CC[C@]2(C)[C@H]1C(=O)CN1CCN(c2cc(N3CCCC3)nc(N3CCCC3)n2)CC1,1,O=C1C=CC2C(=C1)CCC1C2=CCC2C(C(=O)CN3CCN(c4cc(N5CCCC5)nc(N5CCCC5)n4)CC3)CCC12,0.19682539682539685,0,0.20558551957869473
Nc1cc(N2CCCCC2)nc(N)[n+]1[O-],0,c1cc(N2CCCCC2)nc[nH+]1,CCOCCn1c(N2CCCN(C)CC2)nc2ccccc21,1,c1ccc2[nH]c(N3CCCNCC3)nc2c1,0.1674937965260546,0,0.20565690727432462
Nc1cc(N2CCCCC2)nc(N)[n+]1[O-],0,c1cc(N2CCCCC2)nc[nH+]1,O=C1[C@H]2CCCC[C@H]2C(=O)N1CCCCN1CCN(c2nsc3ccccc23)CC1,1,O=C1C2CCCCC2C(=O)N1CCCCN1CCN(c2nsc3ccccc23)CC1,0.15644227840389888,0,0.4545779697813654
Nc1cc(N2CCCCC2)nc(N)[n+]1[O-],0,c1cc(N2CCCCC2)nc[nH+]1,Nc1ccc(S(=O)(=O)c2ccc(N)cc2)cc1,1,O=S(=O)(c1ccccc1)c1ccccc1,0.1564102564102564,0,0.10954540106031063
CC[C@]1(c2ccccc2)C(=O)NC(=O)N(C)C1=O,0,O=C1NC(=O)C(c2ccccc2)C(=O)N1,Cc1cc(=O)n(-c2ccccc2)n1C,1,O=c1cc[nH]n1-c1ccccc1,0.225,0,0.16316071455834041
CC[C@]1(c2ccccc2)C(=O)NC(=O)N(C)C1=O,0,O=C1NC(=O)C(c2ccccc2)C(=O)N1,CN1C(=O)CN=C(c2ccccc2)c2cc(Cl)ccc21,1,O=C1CN=C(c2ccccc2)c2ccccc2N1,0.22020905923344947,0,0.08143481324956532
CC[C@]1(c2ccccc2)C(=O)NC(=O)N(C)C1=O,0,O=C1NC(=O)C(c2ccccc2)C(=O)N1,CN1C(=O)OC(C)(C)C1=O,1,O=C1COC(=O)N1,0.21750000000000003,0,0.06658218034993578
CC[C@]1(c2ccccc2)C(=O)NC(=O)N(C)C1=O,0,O=C1NC(=O)C(c2ccccc2)C(=O)N1,CCOCn1c(Cc2ccccc2)c(C(C)C)c(=O)[nH]c1=O,1,O=c1cc(Cc2ccccc2)[nH]c(=O)[nH]1,0.21578947368421053,0,0.03892214662608323
CCC1(c2ccccc2)C(=O)NC(=O)NC1=O,0,O=C1NC(=O)C(c2ccccc2)C(=O)N1,CC1=C(C)C(=O)C([C@@H](CCCCCC(=O)O)c2ccccc2)=C(C)C1=O,1,O=C1C=CC(=O)C(Cc2ccccc2)=C1,0.23241025641025642,0,0.05850407752473887
CCC1(c2ccccc2)C(=O)NC(=O)NC1=O,0,O=C1NC(=O)C(c2ccccc2)C(=O)N1,c1ccc(C2(c3ccccc3)C[C@H]2C2=NCCN2)cc1,1,c1ccc(C2(c3ccccc3)CC2C2=NCCN2)cc1,0.2198830409356725,0,0.028004350624237714
CCC1(c2ccccc2)C(=O)NC(=O)NC1=O,0,O=C1NC(=O)C(c2ccccc2)C(=O)N1,CCOC(=O)C1=C(C)NC(C)=C(C(=O)OCC)C1c1ccccc1/C=C\C(=O)OC(C)(C)C,1,C1=CC(c2ccccc2)C=CN1,0.21844077961019492,0,0.07948172604328381
CCC1(c2ccccc2)C(=O)NC(=O)NC1=O,0,O=C1NC(=O)C(c2ccccc2)C(=O)N1,CCOCn1c(Cc2ccccc2)c(C(C)C)c(=O)[nH]c1=O,1,O=c1cc(Cc2ccccc2)[nH]c(=O)[nH]1,0.2166876310272537,0,0.029833810801278206
Cc1cc2c(s1)Nc1ccccc1N=C2N1CCN(C)CC1,0,c1ccc2c(c1)N=C(N1CCNCC1)c1ccsc1N2,CN1CCN(C2=Nc3cc(Cl)ccc3Nc3ccccc32)CC1,1,c1ccc2c(c1)N=C(N1CCNCC1)c1ccccc1N2,0.5398337112622827,0,0.2622613611908788
Cc1cc2c(s1)Nc1ccccc1N=C2N1CCN(C)CC1,0,c1ccc2c(c1)N=C(N1CCNCC1)c1ccsc1N2,CN1CCN2c3ccccc3Cc3cccnc3[C@@H]2C1,1,c1ccc2c(c1)Cc1cccnc1C1CNCCN21,0.24075573549257762,0,0.28711217112862947
Cc1cc2c(s1)Nc1ccccc1N=C2N1CCN(C)CC1,0,c1ccc2c(c1)N=C(N1CCNCC1)c1ccsc1N2,CCOCCn1c(N2CCCN(C)CC2)nc2ccccc21,1,c1ccc2[nH]c(N3CCCNCC3)nc2c1,0.22813019719648372,0,0.4182785984476415
Cc1cc2c(s1)Nc1ccccc1N=C2N1CCN(C)CC1,0,c1ccc2c(c1)N=C(N1CCNCC1)c1ccsc1N2,O=C1Cc2cc(CCN3CCN(c4nsc5ccccc45)CC3)c(Cl)cc2N1,1,O=C1Cc2cc(CCN3CCN(c4nsc5ccccc45)CC3)ccc2N1,0.21561181434599155,0,0.38411318428165736
C[C@]12CC[C@H](O)CC1=CC[C@@H]1[C@@H]2CC[C@]2(C)C(c3cccnc3)=CC[C@@H]12,0,C1=C2CCCCC2C2CCC3C(c4cccnc4)=CCC3C2C1,C[C@]12CC[C@H](O)CC1=CC[C@@H]1[C@@H]2CC[C@]2(C)C(=O)CC[C@@H]12,1,O=C1CCC2C1CCC1C3CCCCC3=CCC21,0.519492600422833,0,0.4724757629868406
C[C@]12CC[C@H](O)CC1=CC[C@@H]1[C@@H]2CC[C@]2(C)C(c3cccnc3)=CC[C@@H]12,0,C1=C2CCCCC2C2CCC3C(c4cccnc4)=CCC3C2C1,C[C@]12CC[C@H]3[C@@H](CCC4=CC(=O)CC[C@@]43C)[C@@H]1CC[C@@H]2O,1,O=C1C=C2CCC3C4CCCC4CCC3C2CC1,0.30077871512005194,0,0.4151214232684543
C[C@]12CC[C@H](O)CC1=CC[C@@H]1[C@@H]2CC[C@]2(C)C(c3cccnc3)=CC[C@@H]12,0,C1=C2CCCCC2C2CCC3C(c4cccnc4)=CCC3C2C1,CN1CCC[C@H]1c1cccnc1,1,c1cncc(C2CCCN2)c1,0.2640027322404372,0,0.3875063417521364
C[C@]12CC[C@H](O)CC1=CC[C@@H]1[C@@H]2CC[C@]2(C)C(c3cccnc3)=CC[C@@H]12,0,C1=C2CCCCC2C2CCC3C(c4cccnc4)=CCC3C2C1,CC(=O)[C@H]1CC[C@H]2[C@@H]3CCC4=CC(=O)CC[C@]4(C)[C@H]3CC[C@]12C,1,O=C1C=C2CCC3C4CCCC4CCC3C2CC1,0.25813605034462095,1,0.5761403212462919
COc1ccccc1Oc1c(NS(=O)(=O)c2ccc(C(C)(C)C)cc2)nc(-c2ncccn2)nc1OCCO,1,O=S(=O)(Nc1nc(-c2ncccn2)ncc1Oc1ccccc1)c1ccccc1,Nc1ccc(S(=O)(=O)Nc2ncccn2)cc1,1,O=S(=O)(Nc1ncccn1)c1ccccc1,0.2875799573560768,1,0.5708039095224363
COc1ccccc1Oc1c(NS(=O)(=O)c2ccc(C(C)(C)C)cc2)nc(-c2ncccn2)nc1OCCO,1,O=S(=O)(Nc1nc(-c2ncccn2)ncc1Oc1ccccc1)c1ccccc1,CCOc1ccccc1OCCN[C@H](C)Cc1ccc(OC)c(S(N)(=O)=O)c1,1,c1ccc(CCNCCOc2ccccc2)cc1,0.23412587412587413,1,0.8891767440068521
COc1ccccc1Oc1c(NS(=O)(=O)c2ccc(C(C)(C)C)cc2)nc(-c2ncccn2)nc1OCCO,1,O=S(=O)(Nc1nc(-c2ncccn2)ncc1Oc1ccccc1)c1ccccc1,CC(C)N(CC[C@@](C(N)=O)(c1ccccc1)c1ccccn1)C(C)C,1,c1ccc(Cc2ccccn2)cc1,0.2174008008736804,1,0.8610414377497018
COc1ccccc1Oc1c(NS(=O)(=O)c2ccc(C(C)(C)C)cc2)nc(-c2ncccn2)nc1OCCO,1,O=S(=O)(Nc1nc(-c2ncccn2)ncc1Oc1ccccc1)c1ccccc1,Cc1cc(NS(=O)(=O)c2ccc(N)cc2)no1,1,O=S(=O)(Nc1ccon1)c1ccccc1,0.2165154264972777,1,0.6644505094562839
CCOc1ccccc1O[C@H](c1ccccc1)[C@H]1CNCCO1,1,c1ccc(OC(c2ccccc2)C2CNCCO2)cc1,CNCC[C@@H](Oc1ccccc1C)c1ccccc1,1,c1ccc(COc2ccccc2)cc1,0.3027409372236958,1,0.5035681318963271
CCOc1ccccc1O[C@H](c1ccccc1)[C@H]1CNCCO1,1,c1ccc(OC(c2ccccc2)C2CNCCO2)cc1,CCOc1ccccc1OCCN[C@H](C)Cc1ccc(OC)c(S(N)(=O)=O)c1,1,c1ccc(CCNCCOc2ccccc2)cc1,0.26639247943595773,0,0.41127525297605494
CCOc1ccccc1O[C@H](c1ccccc1)[C@H]1CNCCO1,1,c1ccc(OC(c2ccccc2)C2CNCCO2)cc1,CNCC[C@@H](Oc1ccc(C(F)(F)F)cc1)c1ccccc1,1,c1ccc(COc2ccccc2)cc1,0.2511904761904762,1,0.5616709588488834
CCOc1ccccc1O[C@H](c1ccccc1)[C@H]1CNCCO1,1,c1ccc(OC(c2ccccc2)C2CNCCO2)cc1,COC(=O)[C@H](c1ccccc1)[C@H]1CCCCN1,1,c1ccc(CC2CCCCN2)cc1,0.2438095238095238,1,0.5836562856302182
O=c1[nH]cc(F)c(=O)[nH]1,0,O=c1cc[nH]c(=O)[nH]1,Cn1c(=O)c2[nH]cnc2n(C)c1=O,1,O=c1[nH]c(=O)c2[nH]cnc2[nH]1,0.15085470085470087,0,0.0695983674670714
O=c1[nH]cc(F)c(=O)[nH]1,0,O=c1cc[nH]c(=O)[nH]1,CCOCn1c(Cc2ccccc2)c(C(C)C)c(=O)[nH]c1=O,1,O=c1cc(Cc2ccccc2)[nH]c(=O)[nH]1,0.13559928443649374,0,0.051613754126477826
O=c1[nH]cc(F)c(=O)[nH]1,0,O=c1cc[nH]c(=O)[nH]1,O=C(OC1C[C@@H]2CC3C[C@H](C1)N2CC3=O)c1c[nH]c2ccccc12,1,O=C(OC1CC2CC3CC(C1)N2CC3=O)c1c[nH]c2ccccc12,0.11960784313725491,0,0.24055203943542547
O=c1[nH]cc(F)c(=O)[nH]1,0,O=c1cc[nH]c(=O)[nH]1,CN1C(=O)CN=C(c2ccccc2F)c2cc([N+](=O)[O-])ccc21,1,O=C1CN=C(c2ccccc2)c2ccccc2N1,0.11952220977976857,0,0.11376388317891732
CN1C[C@H](C(=O)N[C@]2(C)O[C@@]3(O)[C@@H]4CCCN4C(=O)[C@H](Cc4ccccc4)N3C2=O)C=C2c3cccc4[nH]cc(c34)C[C@H]21,1,O=C(NC1OC2C3CCCN3C(=O)C(Cc3ccccc3)N2C1=O)C1C=C2c3cccc4[nH]cc(c34)CC2NC1,CN1C[C@H](C(=O)N[C@]2(C)O[C@@]3(O)[C@@H]4CCCN4C(=O)[C@H](Cc4ccccc4)N3C2=O)C[C@@H]2c3cccc4[nH]cc(c34)C[C@H]21,1,O=C(NC1OC2C3CCCN3C(=O)C(Cc3ccccc3)N2C1=O)C1CNC2Cc3c[nH]c4cccc(c34)C2C1,0.7187384044526902,1,0.9370942174944862
CN1C[C@H](C(=O)N[C@]2(C)O[C@@]3(O)[C@@H]4CCCN4C(=O)[C@H](Cc4ccccc4)N3C2=O)C=C2c3cccc4[nH]cc(c34)C[C@H]21,1,O=C(NC1OC2C3CCCN3C(=O)C(Cc3ccccc3)N2C1=O)C1C=C2c3cccc4[nH]cc(c34)CC2NC1,C[C@H](CO)NC(=O)[C@@H]1C=C2c3cccc4[nH]cc(c34)C[C@H]2N(C)C1,1,C1=C2c3cccc4[nH]cc(c34)CC2NCC1,0.5132817537072857,1,0.9825309603890612
CN1C[C@H](C(=O)N[C@]2(C)O[C@@]3(O)[C@@H]4CCCN4C(=O)[C@H](Cc4ccccc4)N3C2=O)C=C2c3cccc4[nH]cc(c34)C[C@H]21,1,O=C(NC1OC2C3CCCN3C(=O)C(Cc3ccccc3)N2C1=O)C1C=C2c3cccc4[nH]cc(c34)CC2NC1,CCN(CC)C(=O)N[C@H]1C=C2c3cccc4[nH]cc(c34)C[C@H]2N(C)C1,1,C1=C2c3cccc4[nH]cc(c34)CC2NCC1,0.44123649459783915,1,0.9917200805802935
CN1C[C@H](C(=O)N[C@]2(C)O[C@@]3(O)[C@@H]4CCCN4C(=O)[C@H](Cc4ccccc4)N3C2=O)C=C2c3cccc4[nH]cc(c34)C[C@H]21,1,O=C(NC1OC2C3CCCN3C(=O)C(Cc3ccccc3)N2C1=O)C1C=C2c3cccc4[nH]cc(c34)CC2NC1,CCN(CC)C(=O)N[C@H]1C[C@@H]2c3cccc4[nH]cc(c34)C[C@H]2N(C)C1,1,c1cc2c3c(c[nH]c3c1)CC1NCCCC21,0.32144192256341786,1,0.991590975624203
CNC(=O)c1cccc(NCC(=O)NCCc2ccc(OC)c(OC)c2)c1,1,O=C(CNc1ccccc1)NCCc1ccccc1,CC(C)(Oc1ccc(CCNC(=O)c2ccc(Cl)cc2)cc1)C(=O)O,1,O=C(NCCc1ccccc1)c1ccccc1,0.2926145552560647,1,0.8463387346814966
CNC(=O)c1cccc(NCC(=O)NCCc2ccc(OC)c(OC)c2)c1,1,O=C(CNc1ccccc1)NCCc1ccccc1,COc1ccc(CCN(C)CCC[C@@](C#N)(c2ccc(OC)c(OC)c2)C(C)C)cc1OC,1,c1ccc(CCCCNCCc2ccccc2)cc1,0.256140350877193,1,0.8117693875069301
CNC(=O)c1cccc(NCC(=O)NCCc2ccc(OC)c(OC)c2)c1,1,O=C(CNc1ccccc1)NCCc1ccccc1,CCN(CC)CCNC(=O)c1cc(Cl)c(N)cc1OC,1,c1ccccc1,0.25317460317460316,1,0.7655894446833211
CNC(=O)c1cccc(NCC(=O)NCCc2ccc(OC)c(OC)c2)c1,1,O=C(CNc1ccccc1)NCCc1ccccc1,CCOc1ccccc1OCCN[C@H](C)Cc1ccc(OC)c(S(N)(=O)=O)c1,1,c1ccc(CCNCCOc2ccccc2)cc1,0.2477330264672037,1,0.8300033063325868
CC(C)(C)[C@@H](O)/C=C\c1ccc2c(c1)OCO2,0,c1ccc2c(c1)OCO2,CN1CC(=O)N2[C@H](c3ccc4c(c3)OCO4)c3[nH]c4ccccc4c3C[C@@H]2C1=O,1,O=C1NCC(=O)N2C1Cc1c([nH]c3ccccc13)C2c1ccc2c(c1)OCO2,0.2220758693361433,0,0.3679305305982699
CC(C)(C)[C@@H](O)/C=C\c1ccc2c(c1)OCO2,0,c1ccc2c(c1)OCO2,CCCCN(CCCC)C[C@@H](O)c1cc(Cl)cc2c1-c1ccc(Cl)cc1/C2=C\c1ccc(Cl)cc1,1,C(=C1c2ccccc2-c2ccccc21)c1ccccc1,0.1822676896845695,0,0.3071503815897649
CC(C)(C)[C@@H](O)/C=C\c1ccc2c(c1)OCO2,0,c1ccc2c(c1)OCO2,CN(C)CC/C=C1\c2ccccc2COc2ccc(CC(=O)O)cc21,1,C=C1c2ccccc2COc2ccccc21,0.17549407114624507,1,0.564634587603113
CC(C)(C)[C@@H](O)/C=C\c1ccc2c(c1)OCO2,0,c1ccc2c(c1)OCO2,COc1cc([C@@H]2c3cc4c(cc3[C@@H](O[C@@H]3O[C@@H]5CO[C@@H](c6cccs6)O[C@H]5[C@H](O)[C@H]3O)[C@H]3COC(=O)[C@H]23)OCO4)cc(OC)c1O,1,O=C1OCC2C(OC3CCC4OC(c5cccs5)OCC4O3)c3cc4c(cc3C(c3ccccc3)C12)OCO4,0.17337386018237083,0,0.22868590106018083
C[C@H](CS)C(=O)N1CCC[C@H]1C(=O)O,0,C1CCNC1,CCOC(=O)[C@H](CCc1ccccc1)N[C@@H](C)C(=O)N1CCC[C@H]1C(=O)O,1,O=C(CNCCCc1ccccc1)N1CCCC1,0.43799392097264445,0,0.04829971198726262
C[C@H](CS)C(=O)N1CCC[C@H]1C(=O)O,0,C1CCNC1,C[C@H]1CNc2ccc(S(=O)(=O)N[C@@H](CCCN=C(N)N)C(=O)N3CC[C@H](C)C[C@@H]3C(=O)O)cc2C1,1,O=C(CNS(=O)(=O)c1ccc2c(c1)CCCN2)N1CCCCC1,0.22923168082164727,0,0.1258752436281081
C[C@H](CS)C(=O)N1CCC[C@H]1C(=O)O,0,C1CCNC1,COC(=O)[C@H](c1ccccc1)[C@H]1CCCCN1,1,c1ccc(CC2CCCCN2)cc1,0.178419452887538,0,0.09701335243559686
C[C@H](CS)C(=O)N1CCC[C@H]1C(=O)O,0,C1CCNC1,CCC[C@@H]1C[C@H](C(=O)N[C@@H]([C@H]2O[C@H](SC)[C@H](O)[C@@H](O)[C@H]2O)[C@H](C)Cl)N(C)C1,1,O=C(NCC1CCCCO1)C1CCCN1,0.167816091954023,0,0.01055368555104192
NC(=O)N1c2ccccc2CC(=O)c2ccccc21,0,O=C1Cc2ccccc2Nc2ccccc21,NC(=O)OCC(COC(N)=O)c1ccccc1,1,c1ccccc1,0.2428785607196402,0,0.3298329066220467
NC(=O)N1c2ccccc2CC(=O)c2ccccc21,0,O=C1Cc2ccccc2Nc2ccccc21,O=C(C1CCCCC1)N1CC(=O)N2CCc3ccccc3[C@H]2C1,1,O=C(C1CCCCC1)N1CC(=O)N2CCc3ccccc3C2C1,0.22454585733274257,0,0.3577946641570487
NC(=O)N1c2ccccc2CC(=O)c2ccccc21,0,O=C1Cc2ccccc2Nc2ccccc21,CN1CCN2c3ccccc3Cc3cccnc3[C@@H]2C1,1,c1ccc2c(c1)Cc1cccnc1C1CNCCN21,0.21975683890577508,0,0.2761030095585858
NC(=O)N1c2ccccc2CC(=O)c2ccccc21,0,O=C1Cc2ccccc2Nc2ccccc21,CN(C)CCC=C1c2ccccc2CCc2ccccc21,1,C=C1c2ccccc2CCc2ccccc21,0.20571428571428574,0,0.42951363526203185
C[C@]12CC[C@@H]3c4ccc(O)cc4CC[C@H]3[C@@H]1CC[C@@H]2O,1,c1ccc2c(c1)CCC1C2CCC2CCCC21,C[C@]12CC[C@@H]3c4ccc(O)cc4CC[C@H]3[C@@H]1CCC2=O,1,O=C1CCC2C1CCC1c3ccccc3CCC12,0.6405405405405405,1,0.7706512683529443
C[C@]12CC[C@@H]3c4ccc(O)cc4CC[C@H]3[C@@H]1CC[C@@H]2O,1,c1ccc2c(c1)CCC1C2CCC2CCCC21,C#C[C@]1(O)CC[C@H]2[C@@H]3CCc4cc(O)ccc4[C@H]3CC[C@@]21C,1,c1ccc2c(c1)CCC1C2CCC2CCCC21,0.6036437246963562,1,0.7645233824987225
C[C@]12CC[C@@H]3c4ccc(O)cc4CC[C@H]3[C@@H]1CC[C@@H]2O,1,c1ccc2c(c1)CCC1C2CCC2CCCC21,C[C@]12CC[C@H]3[C@@H](CCC4=CC(=O)CC[C@@]43C)[C@@H]1CC[C@@H]2O,1,O=C1C=C2CCC3C4CCCC4CCC3C2CC1,0.399661733615222,1,0.7579548246586031
C[C@]12CC[C@@H]3c4ccc(O)cc4CC[C@H]3[C@@H]1CC[C@@H]2O,1,c1ccc2c(c1)CCC1C2CCC2CCCC21,CC(=O)[C@H]1CC[C@H]2[C@@H]3CCC4=CC(=O)CC[C@]4(C)[C@H]3CC[C@]12C,1,O=C1C=C2CCC3C4CCCC4CCC3C2CC1,0.26335403726708073,1,0.7604834003032367
C#C[C@]1(O)CC[C@H]2[C@@H]3CCc4cc(O)ccc4[C@H]3CC[C@@]21C,1,c1ccc2c(c1)CCC1C2CCC2CCCC21,C[C@]12CC[C@@H]3c4ccc(O)cc4CC[C@H]3[C@@H]1CC[C@@H]2O,1,c1ccc2c(c1)CCC1C2CCC2CCCC21,0.6036437246963562,1,0.8004786691638581
C#C[C@]1(O)CC[C@H]2[C@@H]3CCc4cc(O)ccc4[C@H]3CC[C@@]21C,1,c1ccc2c(c1)CCC1C2CCC2CCCC21,C[C@]12CC[C@@H]3c4ccc(O)cc4CC[C@H]3[C@@H]1CCC2=O,1,O=C1CCC2C1CCC1c3ccccc3CCC12,0.5915384615384616,1,0.8476294594139393
C#C[C@]1(O)CC[C@H]2[C@@H]3CCc4cc(O)ccc4[C@H]3CC[C@@]21C,1,c1ccc2c(c1)CCC1C2CCC2CCCC21,C#C[C@]1(O)CC[C@H]2[C@@H]3CCC4=CC(=O)CC[C@@H]4[C@H]3CC[C@@]21CC,1,O=C1C=C2CCC3C4CCCC4CCC3C2CC1,0.34129353233830845,1,0.7233157042380125
C#C[C@]1(O)CC[C@H]2[C@@H]3CCc4cc(O)ccc4[C@H]3CC[C@@]21C,1,c1ccc2c(c1)CCC1C2CCC2CCCC21,C#C[C@]1(O)CC[C@H]2[C@@H]3CCC4=CC(=O)CC[C@@H]4[C@H]3C(=C)C[C@@]21CC,1,C=C1CC2CCCC2C2CCC3=CC(=O)CCC3C12,0.31324786324786325,1,0.7074659176071941
C=C1CC[C@H](O)C/C1=C/C=C1\CCC[C@]2(C)[C@@H]([C@H](C)CCCC(C)C)CC[C@@H]12,0,C=C1CCCCC1=CC=C1CCCC2CCCC12,C[C@]12CC[C@H](O)CC1=CC[C@@H]1[C@@H]2CC[C@]2(C)C(=O)CC[C@@H]12,1,O=C1CCC2C1CCC1C3CCCCC3=CCC21,0.23926031294452346,0,0.21843864266940027
C=C1CC[C@H](O)C/C1=C/C=C1\CCC[C@]2(C)[C@@H]([C@H](C)CCCC(C)C)CC[C@@H]12,0,C=C1CCCCC1=CC=C1CCCC2CCCC12,C[C@]12CC[C@H]3[C@@H](CCC4=CC(=O)CC[C@@]43C)[C@@H]1CC[C@@H]2O,1,O=C1C=C2CCC3C4CCCC4CCC3C2CC1,0.21813205610673966,0,0.18845764236452037
C=C1CC[C@H](O)C/C1=C/C=C1\CCC[C@]2(C)[C@@H]([C@H](C)CCCC(C)C)CC[C@@H]12,0,C=C1CCCCC1=CC=C1CCCC2CCCC12,C[C@]12C[C@H](O)[C@H]3[C@@H](CCC4=CC(=O)CC[C@@]43C)[C@@H]1CC[C@@H]2C(=O)CO,1,O=C1C=C2CCC3C4CCCC4CCC3C2CC1,0.19304440877474588,0,0.3898527816500704
C=C1CC[C@H](O)C/C1=C/C=C1\CCC[C@]2(C)[C@@H]([C@H](C)CCCC(C)C)CC[C@@H]12,0,C=C1CCCCC1=CC=C1CCCC2CCCC12,C[C@]12CC[C@@H]3c4ccc(O)cc4CC[C@H]3[C@@H]1CC[C@@H]2O,1,c1ccc2c(c1)CCC1C2CCC2CCCC21,0.18381948266373144,0,0.4115645408651925
CN(C)CC(Oc1ccccc1)Oc1ccccc1,1,c1ccc(OCOc2ccccc2)cc1,CC/C(=C(/c1ccccc1)c1ccc(OCCN(C)C)cc1)c1ccccc1,1,C(=C(c1ccccc1)c1ccccc1)c1ccccc1,0.31595959595959594,1,0.570735212265984
CN(C)CC(Oc1ccccc1)Oc1ccccc1,1,c1ccc(OCOc2ccccc2)cc1,C#CCN(C)[C@@H](C)Cc1ccccc1,1,c1ccccc1,0.29776674937965264,1,0.5118300179914456
CN(C)CC(Oc1ccccc1)Oc1ccccc1,1,c1ccc(OCOc2ccccc2)cc1,CN(C)CCOc1ccc(/C(=C(\CCCl)c2ccccc2)c2ccccc2)cc1,1,C(=C(c1ccccc1)c1ccccc1)c1ccccc1,0.29444444444444445,1,0.5721216309136052
CN(C)CC(Oc1ccccc1)Oc1ccccc1,1,c1ccc(OCOc2ccccc2)cc1,CN(C)CC[C@H](c1ccc(Cl)cc1)c1ccccn1,1,c1ccc(Cc2ccccn2)cc1,0.2761111111111111,1,0.6265376369858142
CN[C@H]1CC[C@@H](c2ccc(Cl)c(Cl)c2)c2ccccc21,1,c1ccc(C2CCCc3ccccc32)cc1,CCOC(=O)C1=C(C)NC(C)=C(C(=O)OC)[C@@H]1c1cccc(Cl)c1Cl,1,C1=CC(c2ccccc2)C=CN1,0.20890269151138718,1,0.5264897896023202
CN[C@H]1CC[C@@H](c2ccc(Cl)c(Cl)c2)c2ccccc21,1,c1ccc(C2CCCc3ccccc32)cc1,CNC1=Nc2ccc(Cl)cc2C(c2ccccc2)=[N+]([O-])C1,1,C1=Nc2ccccc2C(c2ccccc2)=[NH+]C1,0.19821428571428573,1,0.6436244731502617
CN[C@H]1CC[C@@H](c2ccc(Cl)c(Cl)c2)c2ccccc21,1,c1ccc(C2CCCc3ccccc32)cc1,C[C@@H](NC(C)(C)C)C(=O)c1cccc(Cl)c1,1,c1ccccc1,0.19473684210526315,0,0.46486641470346857
CN[C@H]1CC[C@@H](c2ccc(Cl)c(Cl)c2)c2ccccc21,1,c1ccc(C2CCCc3ccccc32)cc1,CCOC(=O)C1=C(COCCN)NC(C)=C(C(=O)OC)[C@@H]1c1ccccc1Cl,1,C1=CC(c2ccccc2)C=CN1,0.189727463312369,0,0.4196455843448239
CCN(CC)Cc1cc(Nc2ccnc3cc(Cl)ccc23)ccc1O,0,c1ccc(Nc2ccnc3ccccc23)cc1,CCN(CC)CCC[C@H](C)Nc1ccnc2cc(Cl)ccc12,1,c1ccc2ncccc2c1,0.5018867924528302,1,0.542843620716836
CCN(CC)Cc1cc(Nc2ccnc3cc(Cl)ccc23)ccc1O,0,c1ccc(Nc2ccnc3ccccc23)cc1,Oc1nc2cc(Cl)ccc2o1,1,c1ccc2ocnc2c1,0.2631578947368421,0,0.37644730683358774
CCN(CC)Cc1cc(Nc2ccnc3cc(Cl)ccc23)ccc1O,0,c1ccc(Nc2ccnc3ccccc23)cc1,CCCCN(CCCC)C[C@@H](O)c1cc(Cl)cc2c1-c1ccc(Cl)cc1/C2=C\c1ccc(Cl)cc1,1,C(=C1c2ccccc2-c2ccccc21)c1ccccc1,0.2197002997002997,0,0.24324684862976076
CCN(CC)Cc1cc(Nc2ccnc3cc(Cl)ccc23)ccc1O,0,c1ccc(Nc2ccnc3ccccc23)cc1,CCCCN(CCCC)CC[C@H](O)c1cc2c(Cl)cc(Cl)cc2c2cc(C(F)(F)F)ccc12,1,c1ccc2c(c1)ccc1ccccc12,0.20817916260954236,0,0.3865762482595154
CC[C@H]1OC(=O)[C@H](C)[C@@H](O[C@H]2C[C@@](C)(OC)[C@@H](O)[C@H](C)O2)[C@H](C)[C@@H](O[C@@H]2O[C@H](C)C[C@H](N(C)C)[C@H]2O)[C@](C)(O)C[C@@H](C)CN(C)[C@H](C)[C@@H](O)[C@]1(C)O,0,O=C1CC(OC2CCCCO2)CC(OC2CCCCO2)CCCCNCCCCO1,CC[C@H]1OC(=O)[C@H](C)[C@@H](O[C@H]2C[C@@](C)(OC)[C@@H](O)[C@H](C)O2)[C@H](C)[C@@H](O[C@@H]2O[C@H](C)C[C@H](N(C)C)[C@H]2O)[C@](C)(O)C[C@@H](C)C(=O)[C@H](C)[C@@H](O)[C@]1(C)O,1,O=C1CCCCOC(=O)CC(OC2CCCCO2)CC(OC2CCCCO2)CCC1,0.7852873563218392,0,0.07549176716314604
CC[C@H]1OC(=O)[C@H](C)[C@@H](O[C@H]2C[C@@](C)(OC)[C@@H](O)[C@H](C)O2)[C@H](C)[C@@H](O[C@@H]2O[C@H](C)C[C@H](N(C)C)[C@H]2O)[C@](C)(O)C[C@@H](C)CN(C)[C@H](C)[C@@H](O)[C@]1(C)O,0,O=C1CC(OC2CCCCO2)CC(OC2CCCCO2)CCCCNCCCCO1,CC[C@H]1OC(=O)[C@H](C)[C@@H](O[C@H]2C[C@@](C)(OC)[C@@H](O)[C@H](C)O2)[C@H](C)[C@@H](O[C@@H]2O[C@H](C)C[C@H](N(C)C)[C@H]2O)[C@](C)(OC)C[C@@H](C)C(=O)[C@H](C)[C@@H](O)[C@]1(C)O,1,O=C1CCCCOC(=O)CC(OC2CCCCO2)CC(OC2CCCCO2)CCC1,0.7322884012539186,0,0.08013284780548911
CC[C@H]1OC(=O)[C@H](C)[C@@H](O[C@H]2C[C@@](C)(OC)[C@@H](O)[C@H](C)O2)[C@H](C)[C@@H](O[C@@H]2O[C@H](C)C[C@H](N(C)C)[C@H]2O)[C@](C)(O)C[C@@H](C)CN(C)[C@H](C)[C@@H](O)[C@]1(C)O,0,O=C1CC(OC2CCCCO2)CC(OC2CCCCO2)CCCCNCCCCO1,CC[C@H]1OC(=O)[C@H](C)[C@@H](O[C@H]2C[C@@](C)(OC)[C@@H](O)[C@H](C)O2)[C@H](C)[C@@H](O[C@@H]2O[C@H](C)C[C@H](N(C)C)[C@H]2O)[C@](C)(O)C[C@@H](C)/C(=N\OCOCCOC)[C@H](C)[C@@H](O)[C@]1(C)O,1,N=C1CCCCOC(=O)CC(OC2CCCCO2)CC(OC2CCCCO2)CCC1,0.6895,0,0.08137536789111216
CC[C@H]1OC(=O)[C@H](C)[C@@H](O[C@H]2C[C@@](C)(OC)[C@@H](O)[C@H](C)O2)[C@H](C)[C@@H](O[C@@H]2O[C@H](C)C[C@H](N(C)C)[C@H]2O)[C@](C)(O)C[C@@H](C)CN(C)[C@H](C)[C@@H](O)[C@]1(C)O,0,O=C1CC(OC2CCCCO2)CC(OC2CCCCO2)CCCCNCCCCO1,CO[C@H]1C[C@H](O[C@H]2[C@H](C)[C@@H](O[C@@H]3O[C@H](C)C[C@H](N(C)C)[C@H]3OC(C)=O)[C@@H](C)C[C@]3(CO3)C(=O)[C@H](C)[C@@H](OC(C)=O)[C@@H](C)[C@@H](C)OC(=O)[C@@H]2C)O[C@@H](C)[C@@H]1OC(C)=O,1,O=C1CC(OC2CCCCO2)CC(OC2CCCCO2)CCC2(CO2)C(=O)CCCCO1,0.35034446210916803,0,0.19676284889858794
COc1ccc(C(C)C)cc1CN[C@H]1C2CCN(CC2)[C@H]1C(c1ccccc1)c1ccccc1,1,c1ccc(CNC2C3CCN(CC3)C2C(c2ccccc2)c2ccccc2)cc1,COc1cc2c(cc1OC)C(=O)[C@H](CC1CCN(Cc3ccccc3)CC1)C2,1,O=C1c2ccccc2CC1CC1CCN(Cc2ccccc2)CC1,0.2714766714766715,1,0.9204797666669711
COc1ccc(C(C)C)cc1CN[C@H]1C2CCN(CC2)[C@H]1C(c1ccccc1)c1ccccc1,1,c1ccc(CNC2C3CCN(CC3)C2C(c2ccccc2)c2ccccc2)cc1,COC(=O)[C@H](c1ccccc1)[C@H]1CCCCN1,1,c1ccc(CC2CCCCN2)cc1,0.2576923076923077,1,0.795505015089917
COc1ccc(C(C)C)cc1CN[C@H]1C2CCN(CC2)[C@H]1C(c1ccccc1)c1ccccc1,1,c1ccc(CNC2C3CCN(CC3)C2C(c2ccccc2)c2ccccc2)cc1,CCOc1ccccc1OCCN[C@H](C)Cc1ccc(OC)c(S(N)(=O)=O)c1,1,c1ccc(CCNCCOc2ccccc2)cc1,0.23105912930474334,1,0.8230045934343827
COc1ccc(C(C)C)cc1CN[C@H]1C2CCN(CC2)[C@H]1C(c1ccccc1)c1ccccc1,1,c1ccc(CNC2C3CCN(CC3)C2C(c2ccccc2)c2ccccc2)cc1,C=C[C@H]1CN2CC[C@H]1C[C@@H]2[C@H](O)c1ccnc2ccc(OC)cc12,1,c1ccc2c(CC3CC4CCN3CC4)ccnc2c1,0.22698752228163996,1,0.7345956840991958
CN(C)CC/C=C1\c2ccccc2COc2ccc(CC(=O)O)cc21,1,C=C1c2ccccc2COc2ccccc21,CN(C)CC/C=C1/c2ccccc2COc2ccccc21,1,C=C1c2ccccc2COc2ccccc21,0.6767179487179488,1,0.6083062933461583
CN(C)CC/C=C1\c2ccccc2COc2ccc(CC(=O)O)cc21,1,C=C1c2ccccc2COc2ccccc21,CN(C)CCC=C1c2ccccc2CCc2ccccc21,1,C=C1c2ccccc2CCc2ccccc21,0.49831932773109244,1,0.6759476735335385
CN(C)CC/C=C1\c2ccccc2COc2ccc(CC(=O)O)cc21,1,C=C1c2ccccc2COc2ccccc21,CN(C)CCC=C1c2ccccc2C=Cc2ccccc21,1,C=C1c2ccccc2C=Cc2ccccc21,0.41640211640211644,1,0.7089613875218069
CN(C)CC/C=C1\c2ccccc2COc2ccc(CC(=O)O)cc21,1,C=C1c2ccccc2COc2ccccc21,CNCCC=C1c2ccccc2CCc2ccccc21,1,C=C1c2ccccc2CCc2ccccc21,0.3110485573539761,1,0.6681978760576373
CN(C)CC/C=C1/c2ccccc2COc2ccccc21,1,C=C1c2ccccc2COc2ccccc21,CN(C)CC/C=C1\c2ccccc2COc2ccc(CC(=O)O)cc21,1,C=C1c2ccccc2COc2ccccc21,0.6767179487179488,1,0.7926274492863606
CN(C)CC/C=C1/c2ccccc2COc2ccccc21,1,C=C1c2ccccc2COc2ccccc21,CN(C)CCC=C1c2ccccc2CCc2ccccc21,1,C=C1c2ccccc2CCc2ccccc21,0.6661184210526316,1,0.745037391951979
CN(C)CC/C=C1/c2ccccc2COc2ccccc21,1,C=C1c2ccccc2COc2ccccc21,CN(C)CCC=C1c2ccccc2C=Cc2ccccc21,1,C=C1c2ccccc2C=Cc2ccccc21,0.5480182926829269,1,0.7365158216963819
CN(C)CC/C=C1/c2ccccc2COc2ccccc21,1,C=C1c2ccccc2COc2ccccc21,CNCCC=C1c2ccccc2CCc2ccccc21,1,C=C1c2ccccc2CCc2ccccc21,0.39931623931623933,1,0.8374687863609005
COC1=CC(=O)C[C@@H](C)[C@]12Oc1c(Cl)c(OC)cc(OC)c1C2=O,0,O=C1C=CC2(CC1)Oc1ccccc1C2=O,COc1cc2c(cc1OC)C(=O)[C@H](CC1CCN(Cc3ccccc3)CC1)C2,1,O=C1c2ccccc2CC1CC1CCN(Cc2ccccc2)CC1,0.216280701754386,1,0.5485398691460243
COC1=CC(=O)C[C@@H](C)[C@]12Oc1c(Cl)c(OC)cc(OC)c1C2=O,0,O=C1C=CC2(CC1)Oc1ccccc1C2=O,COc1ccc2c3c1O[C@H]1C(=O)CC[C@H]4[C@@H](C2)N(C)CC[C@]314,1,O=C1CCC2C3Cc4cccc5c4C2(CCN3)C1O5,0.20672551492223623,0,0.4808832560317415
COC1=CC(=O)C[C@@H](C)[C@]12Oc1c(Cl)c(OC)cc(OC)c1C2=O,0,O=C1C=CC2(CC1)Oc1ccccc1C2=O,CN1[C@@H]2CC[C@H]1CC(NC(=O)c1cc(Cl)cc3c1OC(C)(C)C3)C2,1,O=C(NC1CC2CCC(C1)N2)c1cccc2c1OCC2,0.19630200308166412,1,0.5088064865100662
COC1=CC(=O)C[C@@H](C)[C@]12Oc1c(Cl)c(OC)cc(OC)c1C2=O,0,O=C1C=CC2(CC1)Oc1ccccc1C2=O,COc1ccc2c3c1O[C@H]1C[C@@H](O)C=C[C@@]31CCN(C)C2,1,C1=CC23CCNCc4cccc(c42)OC3CC1,0.19455383326351072,0,0.35445069242873056
CS(=O)(=O)c1ccc(C2=C(c3ccccc3)C(=O)OC2)cc1,0,O=C1OCC(c2ccccc2)=C1c1ccccc1,Cc1onc(-c2ccccc2)c1-c1ccc(S(N)(=O)=O)cc1,1,c1ccc(-c2conc2-c2ccccc2)cc1,0.2900047824007652,1,0.5658459823269313
CS(=O)(=O)c1ccc(C2=C(c3ccccc3)C(=O)OC2)cc1,0,O=C1OCC(c2ccccc2)=C1c1ccccc1,Cc1ccc(-c2ncc(Cl)cc2-c2ccc(S(C)(=O)=O)cc2)cn1,1,c1ccc(-c2cccnc2-c2cccnc2)cc1,0.26707070707070707,0,0.1270971231758276
CS(=O)(=O)c1ccc(C2=C(c3ccccc3)C(=O)OC2)cc1,0,O=C1OCC(c2ccccc2)=C1c1ccccc1,CN1C(=O)CN=C(c2ccccc2)c2cc(Cl)ccc21,1,O=C1CN=C(c2ccccc2)c2ccccc2N1,0.2167992926613616,1,0.5941046794360629
CS(=O)(=O)c1ccc(C2=C(c3ccccc3)C(=O)OC2)cc1,0,O=C1OCC(c2ccccc2)=C1c1ccccc1,Nc1ccc(S(=O)(=O)c2ccc(N)cc2)cc1,1,O=S(=O)(c1ccccc1)c1ccccc1,0.2066666666666667,0,0.0869080935397543
CCS(=O)(=O)CCn1c([N+](=O)[O-])cnc1C,1,c1c[nH]cn1,CCOP(=S)(OCC)Oc1ccc([N+](=O)[O-])cc1,1,c1ccccc1,0.2038720538720539,1,0.766329173757308
CCS(=O)(=O)CCn1c([N+](=O)[O-])cnc1C,1,c1c[nH]cn1,Cc1nccn1C[C@H]1CCc2c(c3ccccc3n2C)C1=O,1,O=C1c2c([nH]c3ccccc23)CCC1Cn1ccnc1,0.19098228663446054,1,0.750910962309854
CCS(=O)(=O)CCn1c([N+](=O)[O-])cnc1C,1,c1c[nH]cn1,C[C@@H](O)CCCCn1c(=O)c2c(ncn2C)n(C)c1=O,1,O=c1[nH]c(=O)c2[nH]cnc2[nH]1,0.1803970223325062,1,0.7517624692766175
CCS(=O)(=O)CCn1c([N+](=O)[O-])cnc1C,1,c1c[nH]cn1,Cc1ccc(C(=O)c2cc(O)c(O)c([N+](=O)[O-])c2)cc1,1,O=C(c1ccccc1)c1ccccc1,0.17948131197559114,1,0.7353517939970294
CN(C)/N=N\c1[nH]cnc1C(N)=O,0,c1c[nH]cn1,Cn1c(=O)c2[nH]cnc2n(C)c1=O,1,O=c1[nH]c(=O)c2[nH]cnc2[nH]1,0.2130699088145897,0,0.11563290359754937
CN(C)/N=N\c1[nH]cnc1C(N)=O,0,c1c[nH]cn1,CC(C)N(CC[C@@](C(N)=O)(c1ccccc1)c1ccccn1)C(C)C,1,c1ccc(Cc2ccccn2)cc1,0.18826229508196723,0,0.03464273446876905
CN(C)/N=N\c1[nH]cnc1C(N)=O,0,c1c[nH]cn1,CN/C(=N\C#N)NCCSCc1nc[nH]c1C,1,c1c[nH]cn1,0.181990231990232,0,0.04910780859986366
CN(C)/N=N\c1[nH]cnc1C(N)=O,0,c1c[nH]cn1,CCOc1ccc(NC(C)=O)cc1,1,c1ccccc1,0.14700000000000002,0,0.10817629629598244
Cn1ccnc1S,0,c1c[nH]cn1,Cn1c(=O)c2c(ncn2C)n(C)c1=O,1,O=c1[nH]c(=O)c2[nH]cnc2[nH]1,0.2215668202764977,0,0.07239243292329924
Cn1ccnc1S,0,c1c[nH]cn1,Cc1nccn1C[C@H]1CCc2c(c3ccccc3n2C)C1=O,1,O=C1c2c([nH]c3ccccc23)CCC1Cn1ccnc1,0.19090909090909092,0,0.13747900124787574
Cn1ccnc1S,0,c1c[nH]cn1,Cn1c(=O)c2[nH]cnc2n(C)c1=O,1,O=c1[nH]c(=O)c2[nH]cnc2[nH]1,0.18771498771498774,0,0.09010243849099518
Cn1ccnc1S,0,c1c[nH]cn1,CN1CCC[C@H]1c1cccnc1,1,c1cncc(C2CCCN2)c1,0.1659971305595409,0,0.06614090591973648
Cc1ncc([N+](=O)[O-])n1CCO,0,c1c[nH]cn1,CCS(=O)(=O)CCn1c([N+](=O)[O-])cnc1C,1,c1c[nH]cn1,0.6363499245852188,0,0.18453987768471924
Cc1ncc([N+](=O)[O-])n1CCO,0,c1c[nH]cn1,Cc1ccc(C(=O)c2cc(O)c(O)c([N+](=O)[O-])c2)cc1,1,O=C(c1ccccc1)c1ccccc1,0.21109123434704832,0,0.2799287885802844
Cc1ncc([N+](=O)[O-])n1CCO,0,c1c[nH]cn1,CCOP(=S)(OCC)Oc1ccc([N+](=O)[O-])cc1,1,c1ccccc1,0.18942088463292295,0,0.30410086207607895
Cc1ncc([N+](=O)[O-])n1CCO,0,c1c[nH]cn1,C[C@@H](O)CCCCn1c(=O)c2c(ncn2C)n(C)c1=O,1,O=c1[nH]c(=O)c2[nH]cnc2[nH]1,0.18772413793103448,0,0.23886439342286506
CN/C(=N\C#N)NCCSCc1nc[nH]c1C,1,c1c[nH]cn1,C[C@H](N/C(=N\C#N)Nc1ccncc1)C(C)(C)C,1,c1ccncc1,0.2375,1,0.5760601224994978
CN/C(=N\C#N)NCCSCc1nc[nH]c1C,1,c1c[nH]cn1,Cn1c(=O)c2[nH]cnc2n(C)c1=O,1,O=c1[nH]c(=O)c2[nH]cnc2[nH]1,0.15529411764705883,0,0.36108469313172575
CN/C(=N\C#N)NCCSCc1nc[nH]c1C,1,c1c[nH]cn1,CNC(=O)Oc1cc(C)c(SC)c(C)c1,1,c1ccccc1,0.15001546551190845,1,0.7016943100426419
CN/C(=N\C#N)NCCSCc1nc[nH]c1C,1,c1c[nH]cn1,CCCSc1ccc2nc(NC(=O)OC)[nH]c2c1,1,c1ccc2[nH]cnc2c1,0.1474903474903475,1,0.730174775179072
CCN(CC)C(=O)N[C@H]1C=C2c3cccc4[nH]cc(c34)C[C@H]2N(C)C1,1,C1=C2c3cccc4[nH]cc(c34)CC2NCC1,C[C@H](CO)NC(=O)[C@@H]1C=C2c3cccc4[nH]cc(c34)C[C@H]2N(C)C1,1,C1=C2c3cccc4[nH]cc(c34)CC2NCC1,0.6119162640901772,1,0.7120062707167382
CCN(CC)C(=O)N[C@H]1C=C2c3cccc4[nH]cc(c34)C[C@H]2N(C)C1,1,C1=C2c3cccc4[nH]cc(c34)CC2NCC1,CCN(CC)C(=O)N[C@H]1C[C@@H]2c3cccc4[nH]cc(c34)C[C@H]2N(C)C1,1,c1cc2c3c(c[nH]c3c1)CC1NCCCC21,0.5965797101449276,1,0.8491727020663643
CCN(CC)C(=O)N[C@H]1C=C2c3cccc4[nH]cc(c34)C[C@H]2N(C)C1,1,C1=C2c3cccc4[nH]cc(c34)CC2NCC1,CN1C[C@H](C(=O)N[C@]2(C)O[C@@]3(O)[C@@H]4CCCN4C(=O)[C@H](Cc4ccccc4)N3C2=O)C=C2c3cccc4[nH]cc(c34)C[C@H]21,1,O=C(NC1OC2C3CCCN3C(=O)C(Cc3ccccc3)N2C1=O)C1C=C2c3cccc4[nH]cc(c34)CC2NC1,0.44123649459783915,1,0.8167566338649122
CCN(CC)C(=O)N[C@H]1C=C2c3cccc4[nH]cc(c34)C[C@H]2N(C)C1,1,C1=C2c3cccc4[nH]cc(c34)CC2NCC1,CN1C[C@H](C(=O)N[C@]2(C)O[C@@]3(O)[C@@H]4CCCN4C(=O)[C@H](Cc4ccccc4)N3C2=O)C[C@@H]2c3cccc4[nH]cc(c34)C[C@H]21,1,O=C(NC1OC2C3CCCN3C(=O)C(Cc3ccccc3)N2C1=O)C1CNC2Cc3c[nH]c4cccc(c34)C2C1,0.312597077793866,1,0.8790900198248562
C[C@H](CO)NC(=O)[C@@H]1C=C2c3cccc4[nH]cc(c34)C[C@H]2N(C)C1,1,C1=C2c3cccc4[nH]cc(c34)CC2NCC1,CCN(CC)C(=O)N[C@H]1C=C2c3cccc4[nH]cc(c34)C[C@H]2N(C)C1,1,C1=C2c3cccc4[nH]cc(c34)CC2NCC1,0.6119162640901772,1,0.7984314758393932
C[C@H](CO)NC(=O)[C@@H]1C=C2c3cccc4[nH]cc(c34)C[C@H]2N(C)C1,1,C1=C2c3cccc4[nH]cc(c34)CC2NCC1,CN1C[C@H](C(=O)N[C@]2(C)O[C@@]3(O)[C@@H]4CCCN4C(=O)[C@H](Cc4ccccc4)N3C2=O)C=C2c3cccc4[nH]cc(c34)C[C@H]21,1,O=C(NC1OC2C3CCCN3C(=O)C(Cc3ccccc3)N2C1=O)C1C=C2c3cccc4[nH]cc(c34)CC2NC1,0.5132817537072857,1,0.7587225036874563
C[C@H](CO)NC(=O)[C@@H]1C=C2c3cccc4[nH]cc(c34)C[C@H]2N(C)C1,1,C1=C2c3cccc4[nH]cc(c34)CC2NCC1,CCN(CC)C(=O)N[C@H]1C[C@@H]2c3cccc4[nH]cc(c34)C[C@H]2N(C)C1,1,c1cc2c3c(c[nH]c3c1)CC1NCCCC21,0.4186708860759494,1,0.7695520670658186
C[C@H](CO)NC(=O)[C@@H]1C=C2c3cccc4[nH]cc(c34)C[C@H]2N(C)C1,1,C1=C2c3cccc4[nH]cc(c34)CC2NCC1,CN1C[C@H](C(=O)N[C@]2(C)O[C@@]3(O)[C@@H]4CCCN4C(=O)[C@H](Cc4ccccc4)N3C2=O)C[C@@H]2c3cccc4[nH]cc(c34)C[C@H]21,1,O=C(NC1OC2C3CCCN3C(=O)C(Cc3ccccc3)N2C1=O)C1CNC2Cc3c[nH]c4cccc(c34)C2C1,0.3257075161247861,1,0.8015375276702428
Cc1nccn1C[C@H]1CCc2c(c3ccccc3n2C)C1=O,1,O=C1c2c([nH]c3ccccc23)CCC1Cn1ccnc1,CN1[C@@H]2CCC[C@H]1CC(NC(=O)c1nn(C)c3ccccc13)C2,1,O=C(NC1CC2CCCC(C1)N2)c1n[nH]c2ccccc12,0.24516129032258066,1,0.7781760669133899
Cc1nccn1C[C@H]1CCc2c(c3ccccc3n2C)C1=O,1,O=C1c2c([nH]c3ccccc23)CCC1Cn1ccnc1,Cc1ccccc1-n1c(C)nc2ccccc2c1=O,1,O=c1c2ccccc2ncn1-c1ccccc1,0.22783018867924532,1,0.608578467850239
Cc1nccn1C[C@H]1CCc2c(c3ccccc3n2C)C1=O,1,O=C1c2c([nH]c3ccccc23)CCC1Cn1ccnc1,O=C1[C@H]2CCCC[C@H]2C(=O)N1CCCCN1CCN(c2nsc3ccccc23)CC1,1,O=C1C2CCCCC2C(=O)N1CCCCN1CCN(c2nsc3ccccc23)CC1,0.20743589743589744,1,0.5835191393283581
Cc1nccn1C[C@H]1CCc2c(c3ccccc3n2C)C1=O,1,O=C1c2c([nH]c3ccccc23)CCC1Cn1ccnc1,CN1CCC[C@H](n2nc(Cc3ccc(Cl)cc3)c3ccccc3c2=O)CC1,1,O=c1c2ccccc2c(Cc2ccccc2)nn1C1CCCNCC1,0.20624303232998886,1,0.5867991417314139
Cc1onc(NS(=O)(=O)c2ccc(N)cc2)c1C,0,O=S(=O)(Nc1ccon1)c1ccccc1,Cc1cc(NS(=O)(=O)c2ccc(N)cc2)no1,1,O=S(=O)(Nc1ccon1)c1ccccc1,0.634959349593496,0,0.3326545451959659
Cc1onc(NS(=O)(=O)c2ccc(N)cc2)c1C,0,O=S(=O)(Nc1ccon1)c1ccccc1,Nc1ccc(S(=O)(=O)Nc2ncccn2)cc1,1,O=S(=O)(Nc1ncccn1)c1ccccc1,0.49194382852919444,0,0.3771552653808443
Cc1onc(NS(=O)(=O)c2ccc(N)cc2)c1C,0,O=S(=O)(Nc1ccon1)c1ccccc1,Nc1ccc(S(=O)(=O)c2ccc(N)cc2)cc1,1,O=S(=O)(c1ccccc1)c1ccccc1,0.36888888888888893,0,0.21833448747750056
Cc1onc(NS(=O)(=O)c2ccc(N)cc2)c1C,0,O=S(=O)(Nc1ccon1)c1ccccc1,Cc1onc(-c2ccccc2)c1-c1ccc(S(N)(=O)=O)cc1,1,c1ccc(-c2conc2-c2ccccc2)cc1,0.3435897435897436,0,0.35047965445706775
Cc1cc(NS(=O)(=O)c2ccc(N)cc2)no1,1,O=S(=O)(Nc1ccon1)c1ccccc1,Nc1ccc(S(=O)(=O)Nc2ncccn2)cc1,1,O=S(=O)(Nc1ncccn1)c1ccccc1,0.49764705882352944,0,0.44431538752272387
Cc1cc(NS(=O)(=O)c2ccc(N)cc2)no1,1,O=S(=O)(Nc1ccon1)c1ccccc1,Nc1ccc(S(=O)(=O)c2ccc(N)cc2)cc1,1,O=S(=O)(c1ccccc1)c1ccccc1,0.3745622119815668,0,0.24754910984597478
Cc1cc(NS(=O)(=O)c2ccc(N)cc2)no1,1,O=S(=O)(Nc1ccon1)c1ccccc1,Cc1onc(-c2ccccc2)c1-c1ccc(S(N)(=O)=O)cc1,1,c1ccc(-c2conc2-c2ccccc2)cc1,0.3057692307692308,0,0.34382346383950774
Cc1cc(NS(=O)(=O)c2ccc(N)cc2)no1,1,O=S(=O)(Nc1ccon1)c1ccccc1,NS(=O)(=O)Cc1noc2ccccc12,1,c1ccc2oncc2c1,0.22244897959183674,0,0.3895465735680965
CN1[C@@H]2CCC[C@H]1CC(NC(=O)c1nn(C)c3ccccc13)C2,1,O=C(NC1CC2CCCC(C1)N2)c1n[nH]c2ccccc12,CN1[C@@H]2CC[C@H]1CC(NC(=O)c1cc(Cl)cc3c1OC(C)(C)C3)C2,1,O=C(NC1CC2CCC(C1)N2)c1cccc2c1OCC2,0.34735413839891455,1,0.7487574048540967
CN1[C@@H]2CCC[C@H]1CC(NC(=O)c1nn(C)c3ccccc13)C2,1,O=C(NC1CC2CCCC(C1)N2)c1n[nH]c2ccccc12,COC(=O)[C@H]1[C@@H](OC(=O)c2ccccc2)C[C@@H]2CC[C@H]1N2C,1,O=C(OC1CC2CCC(C1)N2)c1ccccc1,0.2831332189822756,1,0.8224644876421414
CN1[C@@H]2CCC[C@H]1CC(NC(=O)c1nn(C)c3ccccc13)C2,1,O=C(NC1CC2CCCC(C1)N2)c1n[nH]c2ccccc12,CN1CCC[C@H](n2nc(Cc3ccc(Cl)cc3)c3ccccc3c2=O)CC1,1,O=c1c2ccccc2c(Cc2ccccc2)nn1C1CCCNCC1,0.27696501590186284,1,0.7261104411890954
CN1[C@@H]2CCC[C@H]1CC(NC(=O)c1nn(C)c3ccccc13)C2,1,O=C(NC1CC2CCCC(C1)N2)c1n[nH]c2ccccc12,Cc1nccn1C[C@H]1CCc2c(c3ccccc3n2C)C1=O,1,O=C1c2c([nH]c3ccccc23)CCC1Cn1ccnc1,0.24516129032258066,1,0.833219942173253
C=CC[C@@H]1C=C(C)C[C@H](C)C[C@H](OC)[C@@H]2O[C@](O)(C(=O)C(=O)N3CCCC[C@H]3C(=O)O[C@H](/C(C)=C/[C@@H]3CC[C@@H](O)[C@H](OC)C3)[C@H](C)[C@@H](O)CC1=O)[C@H](C)C[C@@H]2OC,1,O=C1CC=CCCCCC2CCCC(O2)C(=O)C(=O)N2CCCCC2C(=O)OC(C=CC2CCCCC2)CCC1,CO[C@H]1C[C@@H]2CC[C@@H](C)[C@@](O)(O2)C(=O)C(=O)N2CCCC[C@H]2C(=O)O[C@H]([C@H](C)C[C@@H]2CC[C@@H](OCCO)[C@H](OC)C2)CC(=O)[C@H](C)C=C(C)[C@@H](O)[C@@H](OC)C(=O)[C@H](C)C[C@H](C)C=CC=CC=C1C,1,O=C1CCC=CCC(=O)CC(CCC2CCCCC2)OC(=O)C2CCCCN2C(=O)C(=O)C2CCCC(CCC=CC=CC=CCCC1)O2,0.3736306729264476,1,0.9719978345432226
C=CC[C@@H]1C=C(C)C[C@H](C)C[C@H](OC)[C@@H]2O[C@](O)(C(=O)C(=O)N3CCCC[C@H]3C(=O)O[C@H](/C(C)=C/[C@@H]3CC[C@@H](O)[C@H](OC)C3)[C@H](C)[C@@H](O)CC1=O)[C@H](C)C[C@@H]2OC,1,O=C1CC=CCCCCC2CCCC(O2)C(=O)C(=O)N2CCCCC2C(=O)OC(C=CC2CCCCC2)CCC1,CO[C@H]1C[C@@H]2CC[C@@H](C)[C@@](O)(O2)C(=O)C(=O)N2CCC[C@H](C2)C(=O)O[C@H]([C@H](C)C[C@@H]2CC[C@@H](O)[C@H](OC)C2)CC(=O)[C@H](C)C=C(C)[C@@H](O)[C@@H](OC)C(=O)[C@H](C)C[C@H](C)C=CC=CC=C1C,1,O=C1CCC=CCC(=O)CC(CCC2CCCCC2)OC(=O)C2CCCN(C2)C(=O)C(=O)C2CCCC(CCC=CC=CC=CCCC1)O2,0.328687710939051,1,0.972898818347886
C=CC[C@@H]1C=C(C)C[C@H](C)C[C@H](OC)[C@@H]2O[C@](O)(C(=O)C(=O)N3CCCC[C@H]3C(=O)O[C@H](/C(C)=C/[C@@H]3CC[C@@H](O)[C@H](OC)C3)[C@H](C)[C@@H](O)CC1=O)[C@H](C)C[C@@H]2OC,1,O=C1CC=CCCCCC2CCCC(O2)C(=O)C(=O)N2CCCCC2C(=O)OC(C=CC2CCCCC2)CCC1,CC[C@H]1OC(=O)[C@H](C)[C@@H](O[C@H]2C[C@@](C)(OC)[C@@H](O)[C@H](C)O2)[C@H](C)[C@@H](O[C@@H]2O[C@H](C)C[C@H](N(C)C)[C@H]2O)[C@](C)(OC)C[C@@H](C)C(=O)[C@H](C)[C@@H](O)[C@]1(C)O,1,O=C1CCCCOC(=O)CC(OC2CCCCO2)CC(OC2CCCCO2)CCC1,0.17576998397721205,1,0.9374468650096095
C=CC[C@@H]1C=C(C)C[C@H](C)C[C@H](OC)[C@@H]2O[C@](O)(C(=O)C(=O)N3CCCC[C@H]3C(=O)O[C@H](/C(C)=C/[C@@H]3CC[C@@H](O)[C@H](OC)C3)[C@H](C)[C@@H](O)CC1=O)[C@H](C)C[C@@H]2OC,1,O=C1CC=CCCCCC2CCCC(O2)C(=O)C(=O)N2CCCCC2C(=O)OC(C=CC2CCCCC2)CCC1,CC[C@H]1OC(=O)[C@H](C)[C@@H](O[C@H]2C[C@@](C)(OC)[C@@H](O)[C@H](C)O2)[C@H](C)[C@@H](O[C@@H]2O[C@H](C)C[C@H](N(C)C)[C@H]2O)[C@](C)(O)C[C@@H](C)C(=O)[C@H](C)[C@@H](O)[C@]1(C)O,1,O=C1CCCCOC(=O)CC(OC2CCCCO2)CC(OC2CCCCO2)CCC1,0.1738375153535708,1,0.9491100770965666
C#C[C@]1(O)CC[C@H]2[C@@H]3CCC4=Cc5oncc5C[C@]4(C)[C@H]3CC[C@@]21C,0,C1=C2CCC3C4CCCC4CCC3C2Cc2cnoc21,C#C[C@]1(O)CC[C@H]2[C@@H]3CCc4cc(O)ccc4[C@H]3CC[C@@]21C,1,c1ccc2c(c1)CCC1C2CCC2CCCC21,0.4385557299843015,1,0.7345269377827972
C#C[C@]1(O)CC[C@H]2[C@@H]3CCC4=Cc5oncc5C[C@]4(C)[C@H]3CC[C@@]21C,0,C1=C2CCC3C4CCCC4CCC3C2Cc2cnoc21,C#C[C@]1(O)CC[C@H]2[C@@H]3CCC4=CC(=O)CC[C@@H]4[C@H]3CC[C@@]21CC,1,O=C1C=C2CCC3C4CCCC4CCC3C2CC1,0.32794202898550723,1,0.7268048320741223
C#C[C@]1(O)CC[C@H]2[C@@H]3CCC4=Cc5oncc5C[C@]4(C)[C@H]3CC[C@@]21C,0,C1=C2CCC3C4CCCC4CCC3C2Cc2cnoc21,C#C[C@]1(O)CC[C@H]2[C@@H]3CCC4=CC(=O)CC[C@@H]4[C@H]3C(=C)C[C@@]21CC,1,C=C1CC2CCCC2C2CCC3=CC(=O)CCC3C12,0.31503797468354433,1,0.7329586744306132
C#C[C@]1(O)CC[C@H]2[C@@H]3CCC4=Cc5oncc5C[C@]4(C)[C@H]3CC[C@@]21C,0,C1=C2CCC3C4CCCC4CCC3C2Cc2cnoc21,C[C@]12CC[C@H]3[C@@H](CCC4=CC(=O)CC[C@@]43C)[C@@H]1CC[C@@H]2O,1,O=C1C=C2CCC3C4CCCC4CCC3C2CC1,0.31299019607843137,1,0.8226881789048218
Cc1cccc(Nc2ccncc2S(=O)(=O)NC(=O)NC(C)C)c1,0,c1ccc(Nc2ccncc2)cc1,C[C@@H](NC(C)(C)C)C(=O)c1cccc(Cl)c1,1,c1ccccc1,0.2306372549019608,0,0.31061028950826114
Cc1cccc(Nc2ccncc2S(=O)(=O)NC(=O)NC(C)C)c1,0,c1ccc(Nc2ccncc2)cc1,Cc1ccc(NC(=O)c2ccc(CN3CCN(C)CC3)cc2)cc1Nc1nccc(-c2cccnc2)n1,1,O=C(Nc1cccc(Nc2nccc(-c3cccnc3)n2)c1)c1ccc(CN2CCNCC2)cc1,0.21561477325853204,0,0.3997119091602983
Cc1cccc(Nc2ccncc2S(=O)(=O)NC(=O)NC(C)C)c1,0,c1ccc(Nc2ccncc2)cc1,Cc1cc(NS(=O)(=O)c2ccc(N)cc2)no1,1,O=S(=O)(Nc1ccon1)c1ccccc1,0.21411691542288558,0,0.19234117965570116
Cc1cccc(Nc2ccncc2S(=O)(=O)NC(=O)NC(C)C)c1,0,c1ccc(Nc2ccncc2)cc1,C[C@H](N/C(=N\C#N)Nc1ccncc1)C(C)(C)C,1,c1ccncc1,0.21218487394957986,0,0.31371552383647805
CCC(=O)N(c1ccccc1)C1(COC)CCN(CCc2cccs2)CC1,1,c1ccc(NC2CCN(CCc3cccs3)CC2)cc1,CCC(=O)N(c1ccccc1)C1(COC)CCN(CCn2nnn(CC)c2=O)CC1,1,O=c1[nH]nnn1CCN1CCC(Nc2ccccc2)CC1,0.6076923076923078,1,0.6220635816567522
CCC(=O)N(c1ccccc1)C1(COC)CCN(CCc2cccs2)CC1,1,c1ccc(NC2CCN(CCc3cccs3)CC2)cc1,CC(C)(C)c1ccc(C(=O)CCCN2CCC(OC(c3ccccc3)c3ccccc3)CC2)cc1,1,O=C(CCCN1CCC(OC(c2ccccc2)c2ccccc2)CC1)c1ccccc1,0.23645693886657745,1,0.5717458486852459
CCC(=O)N(c1ccccc1)C1(COC)CCN(CCc2cccs2)CC1,1,c1ccc(NC2CCN(CCc3cccs3)CC2)cc1,CC1(C)CC(=O)N(CCCCN2CCN(c3ncccn3)CC2)C(=O)C1,1,O=C1CCCC(=O)N1CCCCN1CCN(c2ncccn2)CC1,0.21522556390977443,1,0.7559306470356548
CCC(=O)N(c1ccccc1)C1(COC)CCN(CCc2cccs2)CC1,1,c1ccc(NC2CCN(CCc3cccs3)CC2)cc1,O=C(CCCN1CCC(O)(c2ccc(Br)cc2)CC1)c1ccc(F)cc1,1,O=C(CCCN1CCC(c2ccccc2)CC1)c1ccccc1,0.2129344073647871,1,0.7221868879829139
O=C(NC[C@H]1CCCCN1)c1cc(OCC(F)(F)F)ccc1OCC(F)(F)F,0,O=C(NCC1CCCCN1)c1ccccc1,COC(=O)[C@H](c1ccccc1)[C@H]1CCCCN1,1,c1ccc(CC2CCCCN2)cc1,0.281592039800995,1,0.5871819824887218
O=C(NC[C@H]1CCCCN1)c1cc(OCC(F)(F)F)ccc1OCC(F)(F)F,0,O=C(NCC1CCCCN1)c1ccccc1,O[C@@H](c1cc(C(F)(F)F)nc2c(C(F)(F)F)cccc12)[C@H]1CCCCN1,1,c1ccc2c(CC3CCCCN3)ccnc2c1,0.25333333333333335,0,0.4551983368159589
O=C(NC[C@H]1CCCCN1)c1cc(OCC(F)(F)F)ccc1OCC(F)(F)F,0,O=C(NCC1CCCCN1)c1ccccc1,COc1cc(N)c(Cl)cc1C(=O)N[C@H]1CCN(CCCOc2ccc(F)cc2)C[C@H]1OC,1,O=C(NC1CCN(CCCOc2ccccc2)CC1)c1ccccc1,0.24414715719063546,0,0.35155025540452256
O=C(NC[C@H]1CCCCN1)c1cc(OCC(F)(F)F)ccc1OCC(F)(F)F,0,O=C(NCC1CCCCN1)c1ccccc1,CCN(CC)CCNC(=O)c1cc(Cl)c(N)cc1OC,1,c1ccccc1,0.2254545454545455,0,0.39019854998276665
C[C@@H]1C[C@H]2[C@@H]3CCC4=CC(=O)C=C[C@]4(C)C3=CC[C@]2(C)[C@H]1C(=O)CN1CCN(c2cc(N3CCCC3)nc(N3CCCC3)n2)CC1,1,O=C1C=CC2C(=C1)CCC1C2=CCC2C(C(=O)CN3CCN(c4cc(N5CCCC5)nc(N5CCCC5)n4)CC3)CCC12,CC1(C)CC(=O)N(CCCCN2CCN(c3ncccn3)CC2)C(=O)C1,1,O=C1CCCC(=O)N1CCCCN1CCN(c2ncccn2)CC1,0.233651594307332,1,0.8930774266541477
C[C@@H]1C[C@H]2[C@@H]3CCC4=CC(=O)C=C[C@]4(C)C3=CC[C@]2(C)[C@H]1C(=O)CN1CCN(c2cc(N3CCCC3)nc(N3CCCC3)n2)CC1,1,O=C1C=CC2C(=C1)CCC1C2=CCC2C(C(=O)CN3CCN(c4cc(N5CCCC5)nc(N5CCCC5)n4)CC3)CCC12,CCC[C@H]1O[C@@H]2C[C@H]3[C@@H]4CCC5=CC(=O)C=C[C@]5(C)[C@H]4[C@@H](O)C[C@]3(C)[C@]2(C(=O)CO)O1,1,O=C1C=CC2C(=C1)CCC1C2CCC2C1CC1OCOC12,0.2301010101010101,1,0.9718473760323246
C[C@@H]1C[C@H]2[C@@H]3CCC4=CC(=O)C=C[C@]4(C)C3=CC[C@]2(C)[C@H]1C(=O)CN1CCN(c2cc(N3CCCC3)nc(N3CCCC3)n2)CC1,1,O=C1C=CC2C(=C1)CCC1C2=CCC2C(C(=O)CN3CCN(c4cc(N5CCCC5)nc(N5CCCC5)n4)CC3)CCC12,C[C@]12C[C@H](O)[C@H]3[C@@H](CCC4=CC(=O)CC[C@@]43C)[C@@H]1CC[C@@H]2C(=O)CO,1,O=C1C=C2CCC3C4CCCC4CCC3C2CC1,0.2228219696969697,1,0.9543483094105479
C[C@@H]1C[C@H]2[C@@H]3CCC4=CC(=O)C=C[C@]4(C)C3=CC[C@]2(C)[C@H]1C(=O)CN1CCN(c2cc(N3CCCC3)nc(N3CCCC3)n2)CC1,1,O=C1C=CC2C(=C1)CCC1C2=CCC2C(C(=O)CN3CCN(c4cc(N5CCCC5)nc(N5CCCC5)n4)CC3)CCC12,CC(=O)[C@H]1CC[C@H]2[C@@H]3CCC4=CC(=O)CC[C@]4(C)[C@H]3CC[C@]12C,1,O=C1C=C2CCC3C4CCCC4CCC3C2CC1,0.20771929824561405,1,0.9556450674988247
COC(=O)C1=C(C)NC(C)=C(C(=O)OC/C=C/c2ccccc2)[C@H]1c1cccc([N+](=O)[O-])c1,1,O=C(OCC=Cc1ccccc1)C1=CNC=CC1c1ccccc1,COCCOC(=O)C1=C(C)NC(C)=C(C(=O)OC/C=C/c2ccccc2)[C@H]1c1cccc([N+](=O)[O-])c1,1,O=C(OCC=Cc1ccccc1)C1=CNC=CC1c1ccccc1,0.8772397094430994,1,0.9112884619092402
COC(=O)C1=C(C)NC(C)=C(C(=O)OC/C=C/c2ccccc2)[C@H]1c1cccc([N+](=O)[O-])c1,1,O=C(OCC=Cc1ccccc1)C1=CNC=CC1c1ccccc1,CCOC(=O)C1=C(C)NC(C)=C(C(=O)OC)[C@@H]1c1cccc([N+](=O)[O-])c1,1,C1=CC(c2ccccc2)C=CN1,0.7602053915275995,1,0.7837909252147376
COC(=O)C1=C(C)NC(C)=C(C(=O)OC/C=C/c2ccccc2)[C@H]1c1cccc([N+](=O)[O-])c1,1,O=C(OCC=Cc1ccccc1)C1=CNC=CC1c1ccccc1,COCCOC(=O)C1=C(C)NC(C)=C(C(=O)OC(C)C)[C@@H]1c1cccc([N+](=O)[O-])c1,1,C1=CC(c2ccccc2)C=CN1,0.6311111111111111,1,0.8749635389739756
COC(=O)C1=C(C)NC(C)=C(C(=O)OC/C=C/c2ccccc2)[C@H]1c1cccc([N+](=O)[O-])c1,1,O=C(OCC=Cc1ccccc1)C1=CNC=CC1c1ccccc1,CCCOCCOC(=O)C1=C(C)NC(C)=C(C(=O)OCCOCCC)C1c1cccc([N+](=O)[O-])c1,1,C1=CC(c2ccccc2)C=CN1,0.6216666666666667,1,0.8624564315899662
COCCOC(=O)C1=C(C)NC(C)=C(C(=O)OC/C=C/c2ccccc2)[C@H]1c1cccc([N+](=O)[O-])c1,1,O=C(OCC=Cc1ccccc1)C1=CNC=CC1c1ccccc1,COC(=O)C1=C(C)NC(C)=C(C(=O)OC/C=C/c2ccccc2)[C@H]1c1cccc([N+](=O)[O-])c1,1,O=C(OCC=Cc1ccccc1)C1=CNC=CC1c1ccccc1,0.8772397094430994,1,0.9011855629651007
COCCOC(=O)C1=C(C)NC(C)=C(C(=O)OC/C=C/c2ccccc2)[C@H]1c1cccc([N+](=O)[O-])c1,1,O=C(OCC=Cc1ccccc1)C1=CNC=CC1c1ccccc1,COCCOC(=O)C1=C(C)NC(C)=C(C(=O)OC(C)C)[C@@H]1c1cccc([N+](=O)[O-])c1,1,C1=CC(c2ccccc2)C=CN1,0.7313782991202347,1,0.8654739024193173
COCCOC(=O)C1=C(C)NC(C)=C(C(=O)OC/C=C/c2ccccc2)[C@H]1c1cccc([N+](=O)[O-])c1,1,O=C(OCC=Cc1ccccc1)C1=CNC=CC1c1ccccc1,CCCOCCOC(=O)C1=C(C)NC(C)=C(C(=O)OCCOCCC)C1c1cccc([N+](=O)[O-])c1,1,C1=CC(c2ccccc2)C=CN1,0.6717460317460318,1,0.8845901212736667
COCCOC(=O)C1=C(C)NC(C)=C(C(=O)OC/C=C/c2ccccc2)[C@H]1c1cccc([N+](=O)[O-])c1,1,O=C(OCC=Cc1ccccc1)C1=CNC=CC1c1ccccc1,CCOC(=O)C1=C(C)NC(C)=C(C(=O)OC)[C@@H]1c1cccc([N+](=O)[O-])c1,1,C1=CC(c2ccccc2)C=CN1,0.6613653413353339,1,0.8176390745578942
COc1cc(OC)c(C(=O)CCCN2CCCC2)c(OC)c1,0,O=C(CCCN1CCCC1)c1ccccc1,CC(C)(C)c1ccc(C(=O)CCCN2CCC(OC(c3ccccc3)c3ccccc3)CC2)cc1,1,O=C(CCCN1CCC(OC(c2ccccc2)c2ccccc2)CC1)c1ccccc1,0.3251012145748988,0,0.11401888523816249
COc1cc(OC)c(C(=O)CCCN2CCCC2)c(OC)c1,0,O=C(CCCN1CCCC1)c1ccccc1,O=C(CCCN1CCC(O)(c2ccc(Br)cc2)CC1)c1ccc(F)cc1,1,O=C(CCCN1CCC(c2ccccc2)CC1)c1ccccc1,0.3193989071038251,0,0.21216093996364516
COc1cc(OC)c(C(=O)CCCN2CCCC2)c(OC)c1,0,O=C(CCCN1CCCC1)c1ccccc1,O=C(CCCN1CCC(O)(c2ccc(Cl)cc2)CC1)c1ccc(F)cc1,1,O=C(CCCN1CCC(c2ccccc2)CC1)c1ccccc1,0.3193989071038251,0,0.2185788390157874
COc1cc(OC)c(C(=O)CCCN2CCCC2)c(OC)c1,0,O=C(CCCN1CCCC1)c1ccccc1,COc1cc(C(C)=O)ccc1OCCCN1CCC(c2noc3cc(F)ccc23)CC1,1,c1ccc(OCCCN2CCC(c3noc4ccccc34)CC2)cc1,0.28643724696356276,0,0.3274200864874577
CC(C)(C)NC(=O)[C@@H]1CN(Cc2cccnc2)CCN1C[C@@H](O)C[C@@H](Cc1ccccc1)C(=O)N[C@H]1c2ccccc2C[C@H]1O,1,O=C(NC1CCc2ccccc21)C(CCCN1CCN(Cc2cccnc2)CC1)Cc1ccccc1,CC(C)(C)NC(=O)[C@@H]1C[C@@H]2CCCC[C@@H]2CN1C[C@@H](O)[C@H](Cc1ccccc1)NC(=O)[C@H](CC(N)=O)NC(=O)c1ccc2ccccc2n1,1,O=C(CNC(=O)c1ccc2ccccc2n1)NC(CCN1CCC2CCCCC2C1)Cc1ccccc1,0.3149579831932773,1,0.9311683558898328
CC(C)(C)NC(=O)[C@@H]1CN(Cc2cccnc2)CCN1C[C@@H](O)C[C@@H](Cc1ccccc1)C(=O)N[C@H]1c2ccccc2C[C@H]1O,1,O=C(NC1CCc2ccccc21)C(CCCN1CCN(Cc2cccnc2)CC1)Cc1ccccc1,Cc1c(O)cccc1C(=O)N[C@@H](CSc1ccccc1)[C@H](O)CN1C[C@H]2CCCC[C@H]2C[C@H]1C(=O)NC(C)(C)C,1,O=C(NC(CCN1CCC2CCCCC2C1)CSc1ccccc1)c1ccccc1,0.2735632183908046,1,0.9425833273639208
CC(C)(C)NC(=O)[C@@H]1CN(Cc2cccnc2)CCN1C[C@@H](O)C[C@@H](Cc1ccccc1)C(=O)N[C@H]1c2ccccc2C[C@H]1O,1,O=C(NC1CCc2ccccc21)C(CCCN1CCN(Cc2cccnc2)CC1)Cc1ccccc1,Cc1ccc(NC(=O)c2ccc(CN3CCN(C)CC3)cc2)cc1Nc1nccc(-c2cccnc2)n1,1,O=C(Nc1cccc(Nc2nccc(-c3cccnc3)n2)c1)c1ccc(CN2CCNCC2)cc1,0.23782608695652174,1,0.9353801203860208
CC(C)(C)NC(=O)[C@@H]1CN(Cc2cccnc2)CCN1C[C@@H](O)C[C@@H](Cc1ccccc1)C(=O)N[C@H]1c2ccccc2C[C@H]1O,1,O=C(NC1CCc2ccccc21)C(CCCN1CCN(Cc2cccnc2)CC1)Cc1ccccc1,COc1cc2c(cc1OC)C(=O)[C@H](CC1CCN(Cc3ccccc3)CC1)C2,1,O=C1c2ccccc2CC1CC1CCN(Cc2ccccc2)CC1,0.2210778106092585,1,0.9681505949936533
Nc1ccc(S(=O)(=O)c2ccc(N)cc2)cc1,1,O=S(=O)(c1ccccc1)c1ccccc1,Nc1ccc(S(=O)(=O)Nc2ncccn2)cc1,1,O=S(=O)(Nc1ncccn1)c1ccccc1,0.42942528735632185,1,0.7930065340732834
Nc1ccc(S(=O)(=O)c2ccc(N)cc2)cc1,1,O=S(=O)(c1ccccc1)c1ccccc1,Cc1cc(NS(=O)(=O)c2ccc(N)cc2)no1,1,O=S(=O)(Nc1ccon1)c1ccccc1,0.3745622119815668,1,0.7930613149525134
Nc1ccc(S(=O)(=O)c2ccc(N)cc2)cc1,1,O=S(=O)(c1ccccc1)c1ccccc1,Cc1onc(-c2ccccc2)c1-c1ccc(S(N)(=O)=O)cc1,1,c1ccc(-c2conc2-c2ccccc2)cc1,0.21142857142857144,1,0.7298590361637115
Nc1ccc(S(=O)(=O)c2ccc(N)cc2)cc1,1,O=S(=O)(c1ccccc1)c1ccccc1,NS(=O)(=O)Cc1noc2ccccc12,1,c1ccc2oncc2c1,0.18165438165438166,1,0.8087514054929779
CO[C@H]1C=CO[C@@]2(C)Oc3c(C)c(O)c4c(O)c(c(/C=N\N5CCN(C)CC5)c(O)c4c3C2=O)NC(=O)C(C)=CC=C[C@H](C)[C@H](O)[C@@H](C)[C@@H](O)[C@@H](C)[C@H](OC(C)=O)[C@H]1C,1,O=C1C=CC=CCCCCCCCCC=COC2Oc3ccc4cc(c(C=NN5CCNCC5)cc4c3C2=O)N1,COc1ccc2c3c1O[C@H]1C[C@@H](O)C=C[C@@]31CCN(C)C2,1,C1=CC23CCNCc4cccc(c42)OC3CC1,0.16245614035087722,1,0.8479436815702536
CO[C@H]1C=CO[C@@]2(C)Oc3c(C)c(O)c4c(O)c(c(/C=N\N5CCN(C)CC5)c(O)c4c3C2=O)NC(=O)C(C)=CC=C[C@H](C)[C@H](O)[C@@H](C)[C@@H](O)[C@@H](C)[C@H](OC(C)=O)[C@H]1C,1,O=C1C=CC=CCCCCCCCCC=COC2Oc3ccc4cc(c(C=NN5CCNCC5)cc4c3C2=O)N1,C=CC[C@@H]1C=C(C)C[C@H](C)C[C@H](OC)[C@@H]2O[C@](O)(C(=O)C(=O)N3CCCC[C@H]3C(=O)O[C@H](/C(C)=C/[C@@H]3CC[C@@H](O)[C@H](OC)C3)[C@H](C)[C@@H](O)CC1=O)[C@H](C)C[C@@H]2OC,1,O=C1CC=CCCCCC2CCCC(O2)C(=O)C(=O)N2CCCCC2C(=O)OC(C=CC2CCCCC2)CCC1,0.15863758882626808,1,0.9749983789538533
CO[C@H]1C=CO[C@@]2(C)Oc3c(C)c(O)c4c(O)c(c(/C=N\N5CCN(C)CC5)c(O)c4c3C2=O)NC(=O)C(C)=CC=C[C@H](C)[C@H](O)[C@@H](C)[C@@H](O)[C@@H](C)[C@H](OC(C)=O)[C@H]1C,1,O=C1C=CC=CCCCCCCCCC=COC2Oc3ccc4cc(c(C=NN5CCNCC5)cc4c3C2=O)N1,CO[C@H]1C[C@H](O[C@H]2[C@H](C)[C@@H](O[C@@H]3O[C@H](C)C[C@H](N(C)C)[C@H]3OC(C)=O)[C@@H](C)C[C@]3(CO3)C(=O)[C@H](C)[C@@H](OC(C)=O)[C@@H](C)[C@@H](C)OC(=O)[C@@H]2C)O[C@@H](C)[C@@H]1OC(C)=O,1,O=C1CC(OC2CCCCO2)CC(OC2CCCCO2)CCC2(CO2)C(=O)CCCCO1,0.156863309352518,1,0.8930784968272931
CO[C@H]1C=CO[C@@]2(C)Oc3c(C)c(O)c4c(O)c(c(/C=N\N5CCN(C)CC5)c(O)c4c3C2=O)NC(=O)C(C)=CC=C[C@H](C)[C@H](O)[C@@H](C)[C@@H](O)[C@@H](C)[C@H](OC(C)=O)[C@H]1C,1,O=C1C=CC=CCCCCCCCCC=COC2Oc3ccc4cc(c(C=NN5CCNCC5)cc4c3C2=O)N1,CO[C@H]1C[C@@H]2CC[C@@H](C)[C@@](O)(O2)C(=O)C(=O)N2CCC[C@H](C2)C(=O)O[C@H]([C@H](C)C[C@@H]2CC[C@@H](O)[C@H](OC)C2)CC(=O)[C@H](C)C=C(C)[C@@H](O)[C@@H](OC)C(=O)[C@H](C)C[C@H](C)C=CC=CC=C1C,1,O=C1CCC=CCC(=O)CC(CCC2CCCCC2)OC(=O)C2CCCN(C2)C(=O)C(=O)C2CCCC(CCC=CC=CC=CCCC1)O2,0.15494566422710135,1,0.9532596122927538
CCOC(=O)[C@H](CCc1ccccc1)N[C@@H](C)C(=O)N(CC(=O)O)C1Cc2ccccc2C1,0,O=C(CNCCCc1ccccc1)NC1Cc2ccccc2C1,CCOC(=O)[C@H](CCc1ccccc1)N[C@@H](C)C(=O)N1CCC[C@H]1C(=O)O,1,O=C(CNCCCc1ccccc1)N1CCCC1,0.547636815920398,1,0.5045686107258375
CCOC(=O)[C@H](CCc1ccccc1)N[C@@H](C)C(=O)N(CC(=O)O)C1Cc2ccccc2C1,0,O=C(CNCCCc1ccccc1)NC1Cc2ccccc2C1,CCCNC[C@H](O)COc1ccccc1C(=O)CCc1ccccc1,1,O=C(CCc1ccccc1)c1ccccc1,0.2647636039250669,0,0.4255383367896276
CCOC(=O)[C@H](CCc1ccccc1)N[C@@H](C)C(=O)N(CC(=O)O)C1Cc2ccccc2C1,0,O=C(CNCCCc1ccccc1)NC1Cc2ccccc2C1,CCOc1cc(CC(=O)N[C@@H](CC(C)C)c2ccccc2N2CCCCC2)ccc1C(=O)O,1,O=C(Cc1ccccc1)NCc1ccccc1N1CCCCC1,0.2385345997286296,0,0.45248433272256716
CCOC(=O)[C@H](CCc1ccccc1)N[C@@H](C)C(=O)N(CC(=O)O)C1Cc2ccccc2C1,0,O=C(CNCCCc1ccccc1)NC1Cc2ccccc2C1,CC1=C(C)C(=O)C([C@@H](CCCCCC(=O)O)c2ccccc2)=C(C)C1=O,1,O=C1C=CC(=O)C(Cc2ccccc2)=C1,0.23589743589743592,0,0.3643432540560019
CC(C)c1nc(CN(C)C(=O)N[C@H](C(=O)N[C@@H](Cc2ccccc2)C[C@H](O)[C@H](Cc2ccccc2)NC(=O)OCc2cncs2)C(C)C)cs1,1,O=C(CNC(=O)NCc1cscn1)NC(CCC(Cc1ccccc1)NC(=O)OCc1cncs1)Cc1ccccc1,Cc1cccc(C)c1OCC(=O)N[C@@H](Cc1ccccc1)[C@@H](O)C[C@H](Cc1ccccc1)NC(=O)[C@H](C(C)C)N1CCCNC1=O,1,O=C(COc1ccccc1)NC(CCC(Cc1ccccc1)NC(=O)CN1CCCNC1=O)Cc1ccccc1,0.3266841415465269,1,0.9372494465430113
CC(C)c1nc(CN(C)C(=O)N[C@H](C(=O)N[C@@H](Cc2ccccc2)C[C@H](O)[C@H](Cc2ccccc2)NC(=O)OCc2cncs2)C(C)C)cs1,1,O=C(CNC(=O)NCc1cscn1)NC(CCC(Cc1ccccc1)NC(=O)OCc1cncs1)Cc1ccccc1,CC(C)(C)NC(=O)[C@@H]1C[C@@H]2CCCC[C@@H]2CN1C[C@@H](O)[C@H](Cc1ccccc1)NC(=O)[C@H](CC(N)=O)NC(=O)c1ccc2ccccc2n1,1,O=C(CNC(=O)c1ccc2ccccc2n1)NC(CCN1CCC2CCCCC2C1)Cc1ccccc1,0.23444655624943436,1,0.9399491629029322
CC(C)c1nc(CN(C)C(=O)N[C@H](C(=O)N[C@@H](Cc2ccccc2)C[C@H](O)[C@H](Cc2ccccc2)NC(=O)OCc2cncs2)C(C)C)cs1,1,O=C(CNC(=O)NCc1cscn1)NC(CCC(Cc1ccccc1)NC(=O)OCc1cncs1)Cc1ccccc1,CC(C)(C)NC(=O)[C@@H]1CN(Cc2cccnc2)CCN1C[C@@H](O)C[C@@H](Cc1ccccc1)C(=O)N[C@H]1c2ccccc2C[C@H]1O,1,O=C(NC1CCc2ccccc21)C(CCCN1CCN(Cc2cccnc2)CC1)Cc1ccccc1,0.21890060240963854,1,0.9152144027078883
CC(C)c1nc(CN(C)C(=O)N[C@H](C(=O)N[C@@H](Cc2ccccc2)C[C@H](O)[C@H](Cc2ccccc2)NC(=O)OCc2cncs2)C(C)C)cs1,1,O=C(CNC(=O)NCc1cscn1)NC(CCC(Cc1ccccc1)NC(=O)OCc1cncs1)Cc1ccccc1,CCOC(=O)[C@H](CCc1ccccc1)N[C@@H](C)C(=O)N1CCC[C@H]1C(=O)O,1,O=C(CNCCCc1ccccc1)N1CCCC1,0.18844339622641512,1,0.9132858095520898
CCN1CCC[C@@H]1CNC(=O)c1cc(S(N)(=O)=O)ccc1OC,0,O=C(NCC1CCCN1)c1ccccc1,CCN(CC)CCNC(=O)c1cc(Cl)c(N)cc1OC,1,c1ccccc1,0.332,0,0.38070959680782385
CCN1CCC[C@@H]1CNC(=O)c1cc(S(N)(=O)=O)ccc1OC,0,O=C(NCC1CCCN1)c1ccccc1,COc1cc(N)c(Cl)cc1C(=O)N[C@H]1CCN(CCCOc2ccc(F)cc2)C[C@H]1OC,1,O=C(NC1CCN(CCCOc2ccccc2)CC1)c1ccccc1,0.27895833333333336,0,0.28474782539933025
CCN1CCC[C@@H]1CNC(=O)c1cc(S(N)(=O)=O)ccc1OC,0,O=C(NCC1CCCN1)c1ccccc1,CCOc1ccccc1OCCN[C@H](C)Cc1ccc(OC)c(S(N)(=O)=O)c1,1,c1ccc(CCNCCOc2ccccc2)cc1,0.27422975877716743,0,0.2952332707458501
CCN1CCC[C@@H]1CNC(=O)c1cc(S(N)(=O)=O)ccc1OC,0,O=C(NCC1CCCN1)c1ccccc1,COc1ccc(C(C)C)cc1CN[C@H]1C2CCN(CC2)[C@H]1C(c1ccccc1)c1ccccc1,1,c1ccc(CNC2C3CCN(CC3)C2C(c2ccccc2)c2ccccc2)cc1,0.25277777777777777,0,0.3651553335902643
CCN1CCC[C@H]1CNC(=O)c1c(OC)ccc(Br)c1OC,0,O=C(NCC1CCCN1)c1ccccc1,CCN(CC)CCNC(=O)c1cc(Cl)c(N)cc1OC,1,c1ccccc1,0.29305555555555557,1,0.529783667685143
CCN1CCC[C@H]1CNC(=O)c1c(OC)ccc(Br)c1OC,0,O=C(NCC1CCCN1)c1ccccc1,COc1cc(N)c(Cl)cc1C(=O)N[C@H]1CCN(CCCOc2ccc(F)cc2)C[C@H]1OC,1,O=C(NC1CCN(CCCOc2ccccc2)CC1)c1ccccc1,0.267948717948718,0,0.35020874637145805
CCN1CCC[C@H]1CNC(=O)c1c(OC)ccc(Br)c1OC,0,O=C(NCC1CCCN1)c1ccccc1,COc1cc(C(C)=O)ccc1OCCCN1CCC(c2noc3cc(F)ccc23)CC1,1,c1ccc(OCCCN2CCC(c3noc4ccccc34)CC2)cc1,0.23663082437275984,0,0.3371263913887464
CCN1CCC[C@H]1CNC(=O)c1c(OC)ccc(Br)c1OC,0,O=C(NCC1CCCN1)c1ccccc1,COc1ccc(C(C)C)cc1CN[C@H]1C2CCN(CC2)[C@H]1C(c1ccccc1)c1ccccc1,1,c1ccc(CNC2C3CCN(CC3)C2C(c2ccccc2)c2ccccc2)cc1,0.23551724137931035,0,0.36155462484742396
CC[C@]1(O)C[C@H]2CN(CCc3c([nH]c4ccccc34)[C@@](C(=O)OC)(c3cc4c(cc3OC)N(C)[C@H]3[C@@](O)(C(=O)OC)[C@H](OC(C)=O)[C@]5(CC)C=CCN6CC[C@]43[C@@H]65)C2)C1,1,C1=CC2CCC3Nc4ccc(C5CC6CCCN(CCc7c5[nH]c5ccccc75)C6)cc4C34CCN(C1)C24,CC[C@]1(O)C[C@H]2CN(CCc3c([nH]c4ccccc34)[C@@](C(=O)OC)(c3cc4c(cc3OC)N(C=O)[C@H]3[C@@](O)(C(=O)OC)[C@H](OC(C)=O)[C@]5(CC)C=CCN6CC[C@]43[C@@H]65)C2)C1,1,C1=CC2CCC3Nc4ccc(C5CC6CCCN(CCc7c5[nH]c5ccccc75)C6)cc4C34CCN(C1)C24,0.8677156567347395,1,0.9628371100774431
CC[C@]1(O)C[C@H]2CN(CCc3c([nH]c4ccccc34)[C@@](C(=O)OC)(c3cc4c(cc3OC)N(C)[C@H]3[C@@](O)(C(=O)OC)[C@H](OC(C)=O)[C@]5(CC)C=CCN6CC[C@]43[C@@H]65)C2)C1,1,C1=CC2CCC3Nc4ccc(C5CC6CCCN(CCc7c5[nH]c5ccccc75)C6)cc4C34CCN(C1)C24,CC[C@]1(O)C[C@H]2CN(CCc3c([nH]c4ccccc34)[C@@](C(=O)OC)(c3cc4c(cc3OC)N(C)[C@H]3[C@@](O)(C(N)=O)[C@H](O)[C@]5(CC)C=CCN6CC[C@]43[C@@H]65)C2)C1,1,C1=CC2CCC3Nc4ccc(C5CC6CCCN(CCc7c5[nH]c5ccccc75)C6)cc4C34CCN(C1)C24,0.8439819004524888,1,0.9313223562407695
CC[C@]1(O)C[C@H]2CN(CCc3c([nH]c4ccccc34)[C@@](C(=O)OC)(c3cc4c(cc3OC)N(C)[C@H]3[C@@](O)(C(=O)OC)[C@H](OC(C)=O)[C@]5(CC)C=CCN6CC[C@]43[C@@H]65)C2)C1,1,C1=CC2CCC3Nc4ccc(C5CC6CCCN(CCc7c5[nH]c5ccccc75)C6)cc4C34CCN(C1)C24,CN1CC(=O)N2[C@H](c3ccc4c(c3)OCO4)c3[nH]c4ccccc4c3C[C@@H]2C1=O,1,O=C1NCC(=O)N2C1Cc1c([nH]c3ccccc13)C2c1ccc2c(c1)OCO2,0.21746382978723403,1,0.9430735899243041
CC[C@]1(O)C[C@H]2CN(CCc3c([nH]c4ccccc34)[C@@](C(=O)OC)(c3cc4c(cc3OC)N(C)[C@H]3[C@@](O)(C(=O)OC)[C@H](OC(C)=O)[C@]5(CC)C=CCN6CC[C@]43[C@@H]65)C2)C1,1,C1=CC2CCC3Nc4ccc(C5CC6CCCN(CCc7c5[nH]c5ccccc75)C6)cc4C34CCN(C1)C24,COc1ccc2c3c1O[C@H]1C(=O)CC[C@H]4[C@@H](C2)N(C)CC[C@]314,1,O=C1CCC2C3Cc4cccc5c4C2(CCN3)C1O5,0.18661633493479754,1,0.8487210446456589
CC[C@]1(O)C[C@H]2CN(CCc3c([nH]c4ccccc34)[C@@](C(=O)OC)(c3cc4c(cc3OC)N(C=O)[C@H]3[C@@](O)(C(=O)OC)[C@H](OC(C)=O)[C@]5(CC)C=CCN6CC[C@]43[C@@H]65)C2)C1,1,C1=CC2CCC3Nc4ccc(C5CC6CCCN(CCc7c5[nH]c5ccccc75)C6)cc4C34CCN(C1)C24,CC[C@]1(O)C[C@H]2CN(CCc3c([nH]c4ccccc34)[C@@](C(=O)OC)(c3cc4c(cc3OC)N(C)[C@H]3[C@@](O)(C(=O)OC)[C@H](OC(C)=O)[C@]5(CC)C=CCN6CC[C@]43[C@@H]65)C2)C1,1,C1=CC2CCC3Nc4ccc(C5CC6CCCN(CCc7c5[nH]c5ccccc75)C6)cc4C34CCN(C1)C24,0.8677156567347395,1,0.9476224878491604
CC[C@]1(O)C[C@H]2CN(CCc3c([nH]c4ccccc34)[C@@](C(=O)OC)(c3cc4c(cc3OC)N(C=O)[C@H]3[C@@](O)(C(=O)OC)[C@H](OC(C)=O)[C@]5(CC)C=CCN6CC[C@]43[C@@H]65)C2)C1,1,C1=CC2CCC3Nc4ccc(C5CC6CCCN(CCc7c5[nH]c5ccccc75)C6)cc4C34CCN(C1)C24,CC[C@]1(O)C[C@H]2CN(CCc3c([nH]c4ccccc34)[C@@](C(=O)OC)(c3cc4c(cc3OC)N(C)[C@H]3[C@@](O)(C(N)=O)[C@H](O)[C@]5(CC)C=CCN6CC[C@]43[C@@H]65)C2)C1,1,C1=CC2CCC3Nc4ccc(C5CC6CCCN(CCc7c5[nH]c5ccccc75)C6)cc4C34CCN(C1)C24,0.7364960705386238,1,0.9018817808227902
CC[C@]1(O)C[C@H]2CN(CCc3c([nH]c4ccccc34)[C@@](C(=O)OC)(c3cc4c(cc3OC)N(C=O)[C@H]3[C@@](O)(C(=O)OC)[C@H](OC(C)=O)[C@]5(CC)C=CCN6CC[C@]43[C@@H]65)C2)C1,1,C1=CC2CCC3Nc4ccc(C5CC6CCCN(CCc7c5[nH]c5ccccc75)C6)cc4C34CCN(C1)C24,CN1CC(=O)N2[C@H](c3ccc4c(c3)OCO4)c3[nH]c4ccccc4c3C[C@@H]2C1=O,1,O=C1NCC(=O)N2C1Cc1c([nH]c3ccccc13)C2c1ccc2c(c1)OCO2,0.20833333333333334,1,0.9298316667173357
CC[C@]1(O)C[C@H]2CN(CCc3c([nH]c4ccccc34)[C@@](C(=O)OC)(c3cc4c(cc3OC)N(C=O)[C@H]3[C@@](O)(C(=O)OC)[C@H](OC(C)=O)[C@]5(CC)C=CCN6CC[C@]43[C@@H]65)C2)C1,1,C1=CC2CCC3Nc4ccc(C5CC6CCCN(CCc7c5[nH]c5ccccc75)C6)cc4C34CCN(C1)C24,COc1ccccc1OCCNC[C@H](O)COc1cccc2[nH]c3ccccc3c12,1,c1ccc(OCCNCCCOc2cccc3[nH]c4ccccc4c23)cc1,0.18876875366691812,1,0.9336282481470087
CC[C@]1(O)C[C@H]2CN(CCc3c([nH]c4ccccc34)[C@@](C(=O)OC)(c3cc4c(cc3OC)N(C)[C@H]3[C@@](O)(C(N)=O)[C@H](O)[C@]5(CC)C=CCN6CC[C@]43[C@@H]65)C2)C1,1,C1=CC2CCC3Nc4ccc(C5CC6CCCN(CCc7c5[nH]c5ccccc75)C6)cc4C34CCN(C1)C24,CC[C@]1(O)C[C@H]2CN(CCc3c([nH]c4ccccc34)[C@@](C(=O)OC)(c3cc4c(cc3OC)N(C)[C@H]3[C@@](O)(C(=O)OC)[C@H](OC(C)=O)[C@]5(CC)C=CCN6CC[C@]43[C@@H]65)C2)C1,1,C1=CC2CCC3Nc4ccc(C5CC6CCCN(CCc7c5[nH]c5ccccc75)C6)cc4C34CCN(C1)C24,0.8439819004524888,1,0.9586439273095587
CC[C@]1(O)C[C@H]2CN(CCc3c([nH]c4ccccc34)[C@@](C(=O)OC)(c3cc4c(cc3OC)N(C)[C@H]3[C@@](O)(C(N)=O)[C@H](O)[C@]5(CC)C=CCN6CC[C@]43[C@@H]65)C2)C1,1,C1=CC2CCC3Nc4ccc(C5CC6CCCN(CCc7c5[nH]c5ccccc75)C6)cc4C34CCN(C1)C24,CC[C@]1(O)C[C@H]2CN(CCc3c([nH]c4ccccc34)[C@@](C(=O)OC)(c3cc4c(cc3OC)N(C=O)[C@H]3[C@@](O)(C(=O)OC)[C@H](OC(C)=O)[C@]5(CC)C=CCN6CC[C@]43[C@@H]65)C2)C1,1,C1=CC2CCC3Nc4ccc(C5CC6CCCN(CCc7c5[nH]c5ccccc75)C6)cc4C34CCN(C1)C24,0.7364960705386238,1,0.9405220411138099
CC[C@]1(O)C[C@H]2CN(CCc3c([nH]c4ccccc34)[C@@](C(=O)OC)(c3cc4c(cc3OC)N(C)[C@H]3[C@@](O)(C(N)=O)[C@H](O)[C@]5(CC)C=CCN6CC[C@]43[C@@H]65)C2)C1,1,C1=CC2CCC3Nc4ccc(C5CC6CCCN(CCc7c5[nH]c5ccccc75)C6)cc4C34CCN(C1)C24,CN1CC(=O)N2[C@H](c3ccc4c(c3)OCO4)c3[nH]c4ccccc4c3C[C@@H]2C1=O,1,O=C1NCC(=O)N2C1Cc1c([nH]c3ccccc13)C2c1ccc2c(c1)OCO2,0.2011811023622047,1,0.9373517628499882
CC[C@]1(O)C[C@H]2CN(CCc3c([nH]c4ccccc34)[C@@](C(=O)OC)(c3cc4c(cc3OC)N(C)[C@H]3[C@@](O)(C(N)=O)[C@H](O)[C@]5(CC)C=CCN6CC[C@]43[C@@H]65)C2)C1,1,C1=CC2CCC3Nc4ccc(C5CC6CCCN(CCc7c5[nH]c5ccccc75)C6)cc4C34CCN(C1)C24,COc1ccccc1OCCNC[C@H](O)COc1cccc2[nH]c3ccccc3c12,1,c1ccc(OCCNCCCOc2cccc3[nH]c4ccccc4c23)cc1,0.19417137886037408,1,0.9416582930408189
CCOc1ccccc1OCCN[C@H](C)Cc1ccc(OC)c(S(N)(=O)=O)c1,1,c1ccc(CCNCCOc2ccccc2)cc1,COc1ccccc1OCCNC[C@H](O)COc1cccc2[nH]c3ccccc3c12,1,c1ccc(OCCNCCCOc2cccc3[nH]c4ccccc4c23)cc1,0.28897715988083417,1,0.5220770651868518
CCOc1ccccc1OCCN[C@H](C)Cc1ccc(OC)c(S(N)(=O)=O)c1,1,c1ccc(CCNCCOc2ccccc2)cc1,CCOc1ccccc1O[C@H](c1ccccc1)[C@H]1CNCCO1,1,c1ccc(OC(c2ccccc2)C2CNCCO2)cc1,0.26639247943595773,1,0.6327527837751703
CCOc1ccccc1OCCN[C@H](C)Cc1ccc(OC)c(S(N)(=O)=O)c1,1,c1ccc(CCNCCOc2ccccc2)cc1,CCCNC[C@H](O)COc1ccccc1C(=O)CCc1ccccc1,1,O=C(CCc1ccccc1)c1ccccc1,0.25262337662337664,1,0.5186765546128324
CCOc1ccccc1OCCN[C@H](C)Cc1ccc(OC)c(S(N)(=O)=O)c1,1,c1ccc(CCNCCOc2ccccc2)cc1,CCOc1cc(CC(=O)N[C@@H](CC(C)C)c2ccccc2N2CCCCC2)ccc1C(=O)O,1,O=C(Cc1ccccc1)NCc1ccccc1N1CCCCC1,0.2516153127917834,1,0.6605528547662685
CN(CCOc1ccc(NS(C)(=O)=O)cc1)CCc1ccc(NS(C)(=O)=O)cc1,1,c1ccc(CCNCCOc2ccccc2)cc1,CC/C(=C(/c1ccccc1)c1ccc(OCCN(C)C)cc1)c1ccccc1,1,C(=C(c1ccccc1)c1ccccc1)c1ccccc1,0.319047619047619,1,0.7686177600573846
CN(CCOc1ccc(NS(C)(=O)=O)cc1)CCc1ccc(NS(C)(=O)=O)cc1,1,c1ccc(CCNCCOc2ccccc2)cc1,CCOc1ccc(NC(C)=O)cc1,1,c1ccccc1,0.31746031746031744,1,0.7574627534467262
CN(CCOc1ccc(NS(C)(=O)=O)cc1)CCc1ccc(NS(C)(=O)=O)cc1,1,c1ccc(CCNCCOc2ccccc2)cc1,CN(C)CCOc1ccc(/C(=C(\CCCl)c2ccccc2)c2ccccc2)cc1,1,C(=C(c1ccccc1)c1ccccc1)c1ccccc1,0.31274362818590706,1,0.8141374252436824
CN(CCOc1ccc(NS(C)(=O)=O)cc1)CCc1ccc(NS(C)(=O)=O)cc1,1,c1ccc(CCNCCOc2ccccc2)cc1,COc1ccc(CCN(C)CCC[C@@](C#N)(c2ccc(OC)c(OC)c2)C(C)C)cc1OC,1,c1ccc(CCCCNCCc2ccccc2)cc1,0.2733416770963705,1,0.8108661217165449
CCC(C)(C)NC[C@H](O)COc1ccccc1C(=O)CCc1ccccc1,0,O=C(CCc1ccccc1)c1ccccc1,CCCNC[C@H](O)COc1ccccc1C(=O)CCc1ccccc1,1,O=C(CCc1ccccc1)c1ccccc1,0.7518371400198609,0,0.4965687944326579
CCC(C)(C)NC[C@H](O)COc1ccccc1C(=O)CCc1ccccc1,0,O=C(CCc1ccccc1)c1ccccc1,COc1ccccc1OCCNC[C@H](O)COc1cccc2[nH]c3ccccc3c12,1,c1ccc(OCCNCCCOc2cccc3[nH]c4ccccc4c23)cc1,0.314172813487882,0,0.3131340262432484
CCC(C)(C)NC[C@H](O)COc1ccccc1C(=O)CCc1ccccc1,0,O=C(CCc1ccccc1)c1ccccc1,CC(C)NC[C@H](O)COc1ccc(COCCOC(C)C)cc1,1,c1ccccc1,0.2817857142857143,0,0.29116820389625153
CCC(C)(C)NC[C@H](O)COc1ccccc1C(=O)CCc1ccccc1,0,O=C(CCc1ccccc1)c1ccccc1,CCOC(=O)[C@H](CCc1ccccc1)N[C@@H](C)C(=O)N1CCC[C@H]1C(=O)O,1,O=C(CNCCCc1ccccc1)N1CCCC1,0.2611255411255411,1,0.5012822557337494
CCCNC[C@H](O)COc1ccccc1C(=O)CCc1ccccc1,1,O=C(CCc1ccccc1)c1ccccc1,COc1ccccc1OCCNC[C@H](O)COc1cccc2[nH]c3ccccc3c12,1,c1ccc(OCCNCCCOc2cccc3[nH]c4ccccc4c23)cc1,0.37411764705882355,0,0.3318133105416607
CCCNC[C@H](O)COc1ccccc1C(=O)CCc1ccccc1,1,O=C(CCc1ccccc1)c1ccccc1,CC(C)NC[C@H](O)COc1ccc(COCCOC(C)C)cc1,1,c1ccccc1,0.30428707526198795,0,0.34545623146972737
CCCNC[C@H](O)COc1ccccc1C(=O)CCc1ccccc1,1,O=C(CCc1ccccc1)c1ccccc1,CNCC[C@@H](Oc1ccccc1C)c1ccccc1,1,c1ccc(COc2ccccc2)cc1,0.26796699174793703,1,0.572392721601289
CCCNC[C@H](O)COc1ccccc1C(=O)CCc1ccccc1,1,O=C(CCc1ccccc1)c1ccccc1,CCOC(=O)[C@H](CCc1ccccc1)N[C@@H](C)C(=O)N1CCC[C@H]1C(=O)O,1,O=C(CNCCCc1ccccc1)N1CCCC1,0.2675706214689266,0,0.44867680078454597
CNCCCC12CCC(c3ccccc31)c1ccccc12,0,c1ccc2c(c1)C1CCC2c2ccccc21,CNCCC=C1c2ccccc2CCc2ccccc21,1,C=C1c2ccccc2CCc2ccccc21,0.2918709677419355,0,0.31066151806487596
CNCCCC12CCC(c3ccccc31)c1ccccc12,0,c1ccc2c(c1)C1CCC2c2ccccc21,CN[C@H]1CC[C@@H](c2ccc(Cl)c(Cl)c2)c2ccccc21,1,c1ccc(C2CCCc3ccccc32)cc1,0.289760348583878,0,0.4545149297531863
CNCCCC12CCC(c3ccccc31)c1ccccc12,0,c1ccc2c(c1)C1CCC2c2ccccc21,CNCC[C@@H](Oc1ccccc1C)c1ccccc1,1,c1ccc(COc2ccccc2)cc1,0.2542483660130719,0,0.16259832434133328
CNCCCC12CCC(c3ccccc31)c1ccccc12,0,c1ccc2c(c1)C1CCC2c2ccccc21,CNCC[C@@H](Oc1ccc(C(F)(F)F)cc1)c1ccccc1,1,c1ccc(COc2ccccc2)cc1,0.23578751164958062,0,0.3544792665772801
CC/C(=C(/c1ccccc1)c1ccc(OCCN(C)C)cc1)c1ccccc1,1,C(=C(c1ccccc1)c1ccccc1)c1ccccc1,CN(C)CCOc1ccc(/C(=C(\CCCl)c2ccccc2)c2ccccc2)cc1,1,C(=C(c1ccccc1)c1ccccc1)c1ccccc1,0.7492997198879552,1,0.8246987081630998
CC/C(=C(/c1ccccc1)c1ccc(OCCN(C)C)cc1)c1ccccc1,1,C(=C(c1ccccc1)c1ccccc1)c1ccccc1,CN(CCOc1ccc(NS(C)(=O)=O)cc1)CCc1ccc(NS(C)(=O)=O)cc1,1,c1ccc(CCNCCOc2ccccc2)cc1,0.319047619047619,1,0.7373533851116234
CC/C(=C(/c1ccccc1)c1ccc(OCCN(C)C)cc1)c1ccccc1,1,C(=C(c1ccccc1)c1ccccc1)c1ccccc1,CN(C)CC(Oc1ccccc1)Oc1ccccc1,1,c1ccc(OCOc2ccccc2)cc1,0.31595959595959594,1,0.6716326294735928
CC/C(=C(/c1ccccc1)c1ccc(OCCN(C)C)cc1)c1ccccc1,1,C(=C(c1ccccc1)c1ccccc1)c1ccccc1,CN(C)CCCOc1nn(Cc2ccccc2)c2ccccc12,1,c1ccc(Cn2ncc3ccccc32)cc1,0.28191414496833217,1,0.8194432253901767
CN(C)CCOc1ccc(/C(=C(\CCCl)c2ccccc2)c2ccccc2)cc1,1,C(=C(c1ccccc1)c1ccccc1)c1ccccc1,CC/C(=C(/c1ccccc1)c1ccc(OCCN(C)C)cc1)c1ccccc1,1,C(=C(c1ccccc1)c1ccccc1)c1ccccc1,0.7492997198879552,1,0.8151552083931072
CN(C)CCOc1ccc(/C(=C(\CCCl)c2ccccc2)c2ccccc2)cc1,1,C(=C(c1ccccc1)c1ccccc1)c1ccccc1,CN(CCOc1ccc(NS(C)(=O)=O)cc1)CCc1ccc(NS(C)(=O)=O)cc1,1,c1ccc(CCNCCOc2ccccc2)cc1,0.31274362818590706,1,0.800018488120039
CN(C)CCOc1ccc(/C(=C(\CCCl)c2ccccc2)c2ccccc2)cc1,1,C(=C(c1ccccc1)c1ccccc1)c1ccccc1,CN(C)CC(Oc1ccccc1)Oc1ccccc1,1,c1ccc(OCOc2ccccc2)cc1,0.29444444444444445,1,0.7644754641364394
CN(C)CCOc1ccc(/C(=C(\CCCl)c2ccccc2)c2ccccc2)cc1,1,C(=C(c1ccccc1)c1ccccc1)c1ccccc1,CN(C)CCCOc1nn(Cc2ccccc2)c2ccccc12,1,c1ccc(Cn2ncc3ccccc32)cc1,0.2843589743589744,1,0.8768786228974182
CC(C)(C)N1CCC(c2ccccc2)(c2ccccc2)CC1,0,c1ccc(C2(c3ccccc3)CCNCC2)cc1,c1ccc(C2(c3ccccc3)C[C@H]2C2=NCCN2)cc1,1,c1ccc(C2(c3ccccc3)CC2C2=NCCN2)cc1,0.22920634920634922,0,0.14346793128934407
CC(C)(C)N1CCC(c2ccccc2)(c2ccccc2)CC1,0,c1ccc(C2(c3ccccc3)CCNCC2)cc1,CC(C)(C)c1ccc(C(=O)CCCN2CCC(OC(c3ccccc3)c3ccccc3)CC2)cc1,1,O=C(CCCN1CCC(OC(c2ccccc2)c2ccccc2)CC1)c1ccccc1,0.21970357454228423,0,0.1323778983443621
CC(C)(C)N1CCC(c2ccccc2)(c2ccccc2)CC1,0,c1ccc(C2(c3ccccc3)CCNCC2)cc1,CC(C)N(CC[C@@](C(N)=O)(c1ccccc1)c1ccccn1)C(C)C,1,c1ccc(Cc2ccccn2)cc1,0.20526315789473687,0,0.2724066873088365
CC(C)(C)N1CCC(c2ccccc2)(c2ccccc2)CC1,0,c1ccc(C2(c3ccccc3)CCNCC2)cc1,CCC(=O)N(c1ccccc1)C1(COC)CCN(CCc2cccs2)CC1,1,c1ccc(NC2CCN(CCc3cccs3)CC2)cc1,0.19769230769230772,0,0.08832957709475435
COc1cc2c(cc1OC)C(=O)[C@H](CC1CCN(Cc3ccccc3)CC1)C2,1,O=C1c2ccccc2CC1CC1CCN(Cc2ccccc2)CC1,COc1ccc(C(C)C)cc1CN[C@H]1C2CCN(CC2)[C@H]1C(c1ccccc1)c1ccccc1,1,c1ccc(CNC2C3CCN(CC3)C2C(c2ccccc2)c2ccccc2)cc1,0.2714766714766715,0,0.45764981733485305
COc1cc2c(cc1OC)C(=O)[C@H](CC1CCN(Cc3ccccc3)CC1)C2,1,O=C1c2ccccc2CC1CC1CCN(Cc2ccccc2)CC1,COc1ccc(CCN2CCC(Nc3nc4ccccc4n3Cc3ccc(F)cc3)CC2)cc1,1,c1ccc(CCN2CCC(Nc3nc4ccccc4n3Cc3ccccc3)CC2)cc1,0.262020905923345,1,0.7326311406493715
COc1cc2c(cc1OC)C(=O)[C@H](CC1CCN(Cc3ccccc3)CC1)C2,1,O=C1c2ccccc2CC1CC1CCN(Cc2ccccc2)CC1,COc1ccc2c3c1O[C@H]1C(=O)CC[C@H]4[C@@H](C2)N(C)CC[C@]314,1,O=C1CCC2C3Cc4cccc5c4C2(CCN3)C1O5,0.2592015579357352,1,0.5433563678103002
COc1cc2c(cc1OC)C(=O)[C@H](CC1CCN(Cc3ccccc3)CC1)C2,1,O=C1c2ccccc2CC1CC1CCN(Cc2ccccc2)CC1,COc1cc(C(C)=O)ccc1OCCCN1CCC(c2noc3cc(F)ccc23)CC1,1,c1ccc(OCCCN2CCC(c3noc4ccccc34)CC2)cc1,0.25539853024307524,1,0.586241434974637
COC1=CC(=O)O[C@H]1[C@H](O)c1ccccc1Cl,0,O=C1C=CC(Cc2ccccc2)O1,CCOC(=O)C1=C(C)NC(C)=C(C(=O)OC)[C@@H]1c1cccc(Cl)c1Cl,1,C1=CC(c2ccccc2)C=CN1,0.23750000000000002,0,0.2563168856030748
COC1=CC(=O)O[C@H]1[C@H](O)c1ccccc1Cl,0,O=C1C=CC(Cc2ccccc2)O1,CCOC(=O)C1=C(COCCN)NC(C)=C(C(=O)OC)[C@@H]1c1ccccc1Cl,1,C1=CC(c2ccccc2)C=CN1,0.22476092013440163,0,0.13236463288685393
COC1=CC(=O)O[C@H]1[C@H](O)c1ccccc1Cl,0,O=C1C=CC(Cc2ccccc2)O1,CN1C(=O)[C@H](O)N=C(c2ccccc2)c2cc(Cl)ccc21,1,O=C1CN=C(c2ccccc2)c2ccccc2N1,0.20991452991452994,0,0.21434610047080857
COC1=CC(=O)O[C@H]1[C@H](O)c1ccccc1Cl,0,O=C1C=CC(Cc2ccccc2)O1,CC(C)OC(=O)C(C)(C)Oc1ccc(C(=O)c2ccc(Cl)cc2)cc1,1,O=C(c1ccccc1)c1ccccc1,0.20522273425499232,0,0.29090434122636305
CN[C@@H]1CCc2[nH]c3ccc(C(N)=O)cc3c2C1,0,c1ccc2c3c([nH]c2c1)CCCC3,O=C(N[C@H](Cc1cc(=O)[nH]c2ccccc12)C(=O)O)c1ccc(Cl)cc1,1,O=C(NCCc1cc(=O)[nH]c2ccccc12)c1ccccc1,0.23879472693032017,0,0.056635696273847624
CN[C@@H]1CCc2[nH]c3ccc(C(N)=O)cc3c2C1,0,c1ccc2c3c([nH]c2c1)CCCC3,CN1CC(=O)N2[C@H](c3ccc4c(c3)OCO4)c3[nH]c4ccccc4c3C[C@@H]2C1=O,1,O=C1NCC(=O)N2C1Cc1c([nH]c3ccccc13)C2c1ccc2c(c1)OCO2,0.21300813008130082,0,0.2475965065709544
CN[C@@H]1CCc2[nH]c3ccc(C(N)=O)cc3c2C1,0,c1ccc2c3c([nH]c2c1)CCCC3,COC(=O)[C@H](c1ccccc1)[C@H]1CCCCN1,1,c1ccc(CC2CCCCN2)cc1,0.20313725490196083,0,0.20658984242020487
CN[C@@H]1CCc2[nH]c3ccc(C(N)=O)cc3c2C1,0,c1ccc2c3c([nH]c2c1)CCCC3,CN1[C@@H]2CCC[C@H]1CC(NC(=O)c1nn(C)c3ccccc13)C2,1,O=C(NC1CC2CCCC(C1)N2)c1n[nH]c2ccccc12,0.2,0,0.3828110497382656
CC(C)(C)NC[C@H](O)COc1ccccc1C1CCCC1,0,c1ccc(C2CCCC2)cc1,CCCNC[C@H](O)COc1ccccc1C(=O)CCc1ccccc1,1,O=C(CCc1ccccc1)c1ccccc1,0.3767857142857143,0,0.3155816920201808
CC(C)(C)NC[C@H](O)COc1ccccc1C1CCCC1,0,c1ccc(C2CCCC2)cc1,COc1ccccc1OCCNC[C@H](O)COc1cccc2[nH]c3ccccc3c12,1,c1ccc(OCCNCCCOc2cccc3[nH]c4ccccc4c23)cc1,0.3282972890648797,0,0.1735013827385374
CC(C)(C)NC[C@H](O)COc1ccccc1C1CCCC1,0,c1ccc(C2CCCC2)cc1,CC(C)NC[C@H](O)COc1ccc(COCCOC(C)C)cc1,1,c1ccccc1,0.3092063492063492,0,0.23981527823397328
CC(C)(C)NC[C@H](O)COc1ccccc1C1CCCC1,0,c1ccc(C2CCCC2)cc1,COC(=O)[C@H](c1ccccc1)[C@H]1CCCCN1,1,c1ccc(CC2CCCCN2)cc1,0.25894353369763207,1,0.6213315880758712
c1ccc(C2(c3ccccc3)C[C@H]2C2=NCCN2)cc1,1,c1ccc(C2(c3ccccc3)CC2C2=NCCN2)cc1,O=C1CN=C(c2ccccc2)c2cc(Cl)ccc2N1,1,O=C1CN=C(c2ccccc2)c2ccccc2N1,0.20000000000000004,1,0.6738786145620024
c1ccc(C2(c3ccccc3)C[C@H]2C2=NCCN2)cc1,1,c1ccc(C2(c3ccccc3)CC2C2=NCCN2)cc1,O=C1CN=C(c2ccccn2)c2cc(Br)ccc2N1,1,O=C1CN=C(c2ccccn2)c2ccccc2N1,0.17934122161816438,1,0.6359093503239643
c1ccc(C2(c3ccccc3)C[C@H]2C2=NCCN2)cc1,1,c1ccc(C2(c3ccccc3)CC2C2=NCCN2)cc1,COC(=O)[C@H](c1ccccc1)[C@H]1CCCCN1,1,c1ccc(CC2CCCCN2)cc1,0.17922077922077925,1,0.6167841533491148
c1ccc(C2(c3ccccc3)C[C@H]2C2=NCCN2)cc1,1,c1ccc(C2(c3ccccc3)CC2C2=NCCN2)cc1,CN(C)CC[C@H](c1ccc(Cl)cc1)c1ccccn1,1,c1ccc(Cc2ccccn2)cc1,0.1787878787878788,1,0.6544774376061999
CC(C)Cn1cnc2c(N)nc3ccccc3c21,1,c1ccc2c(c1)ncc1nc[nH]c12,CCOCc1nc2c(N)nc3ccccc3c2n1CC(C)(C)O,1,c1ccc2c(c1)ncc1nc[nH]c12,0.4044444444444445,0,0.4193962332684533
CC(C)Cn1cnc2c(N)nc3ccccc3c21,1,c1ccc2c(c1)ncc1nc[nH]c12,Cc1ccccc1-n1c(C)nc2ccccc2c1=O,1,O=c1c2ccccc2ncn1-c1ccccc1,0.25523349436392917,1,0.7125928275233995
CC(C)Cn1cnc2c(N)nc3ccccc3c21,1,c1ccc2c(c1)ncc1nc[nH]c12,NNc1nnc(NN)c2ccccc12,1,c1ccc2cnncc2c1,0.20935672514619885,1,0.8237708849076213
CC(C)Cn1cnc2c(N)nc3ccccc3c21,1,c1ccc2c(c1)ncc1nc[nH]c12,Cc1nccn1C[C@H]1CCc2c(c3ccccc3n2C)C1=O,1,O=C1c2c([nH]c3ccccc23)CCC1Cn1ccnc1,0.19833072509128846,1,0.6170891814404782
CCOCc1nc2c(N)nc3ccccc3c2n1CC(C)(C)O,1,c1ccc2c(c1)ncc1nc[nH]c12,CC(C)Cn1cnc2c(N)nc3ccccc3c21,1,c1ccc2c(c1)ncc1nc[nH]c12,0.4044444444444445,1,0.6011693785283142
CCOCc1nc2c(N)nc3ccccc3c2n1CC(C)(C)O,1,c1ccc2c(c1)ncc1nc[nH]c12,CCOCCn1c(N2CCCN(C)CC2)nc2ccccc21,1,c1ccc2[nH]c(N3CCCNCC3)nc2c1,0.2545410393394852,1,0.710538213443514
CCOCc1nc2c(N)nc3ccccc3c2n1CC(C)(C)O,1,c1ccc2c(c1)ncc1nc[nH]c12,Cc1ccccc1-n1c(C)nc2ccccc2c1=O,1,O=c1c2ccccc2ncn1-c1ccccc1,0.24177777777777779,1,0.7842324442207561
CCOCc1nc2c(N)nc3ccccc3c2n1CC(C)(C)O,1,c1ccc2c(c1)ncc1nc[nH]c12,CCOCn1c(Cc2ccccc2)c(C(C)C)c(=O)[nH]c1=O,1,O=c1cc(Cc2ccccc2)[nH]c(=O)[nH]1,0.20630222010026258,1,0.5625125615626674
COc1c2occc2cc2ccc(=O)oc12,0,O=c1ccc2cc3ccoc3cc2o1,COc1cc(Cc2cnc(N)nc2N)cc(OC)c1OC,1,c1ccc(Cc2cncnc2)cc1,0.1966173361522199,0,0.10721300237580479
COc1c2occc2cc2ccc(=O)oc12,0,O=c1ccc2cc3ccoc3cc2o1,COc1ccnc(C[S@H](=O)c2nc3ccc(OC(F)F)cc3[nH]2)c1OC,1,O=[SH](Cc1ccccn1)c1nc2ccccc2[nH]1,0.19290744466800805,0,0.20936380588232242
COc1c2occc2cc2ccc(=O)oc12,0,O=c1ccc2cc3ccoc3cc2o1,COc1cc(N[C@@H](C)CCCN)c2ncccc2c1,1,c1ccc2ncccc2c1,0.19258741258741263,0,0.38407026150734136
COc1c2occc2cc2ccc(=O)oc12,0,O=c1ccc2cc3ccoc3cc2o1,COc1ccc2nc([S@H](=O)Cc3ncc(C)c(OC)c3C)[nH]c2c1,1,O=[SH](Cc1ccccn1)c1nc2ccccc2[nH]1,0.1877280265339967,0,0.13838285424931454
CN1CCN2c3ccccc3Cc3cccnc3[C@@H]2C1,1,c1ccc2c(c1)Cc1cccnc1C1CNCCN21,CN1CCC[C@H]1c1cccnc1,1,c1cncc(C2CCCN2)c1,0.27104377104377103,1,0.5736585731878606
CN1CCN2c3ccccc3Cc3cccnc3[C@@H]2C1,1,c1ccc2c(c1)Cc1cccnc1C1CNCCN21,CN1CCN(C2=Nc3cc(Cl)ccc3Nc3ccccc32)CC1,1,c1ccc2c(c1)N=C(N1CCNCC1)c1ccccc1N2,0.23232758620689656,1,0.5775272169298503
CN1CCN2c3ccccc3Cc3cccnc3[C@@H]2C1,1,c1ccc2c(c1)Cc1cccnc1C1CNCCN21,CN(C)CC[C@H](c1ccc(Cl)cc1)c1ccccn1,1,c1ccc(Cc2ccccn2)cc1,0.22821038251366121,1,0.5580424969431403
CN1CCN2c3ccccc3Cc3cccnc3[C@@H]2C1,1,c1ccc2c(c1)Cc1cccnc1C1CNCCN21,CCOCCn1c(N2CCCN(C)CC2)nc2ccccc21,1,c1ccc2[nH]c(N3CCCNCC3)nc2c1,0.22271973466003317,1,0.5499285730170282
Cc1cccc(C)c1NC(=O)CN1CCCC1=O,1,O=C(CN1CCCC1=O)Nc1ccccc1,CCN(CC)CC(=O)Nc1c(C)cccc1C,1,c1ccccc1,0.45252525252525255,1,0.5896792277555718
Cc1cccc(C)c1NC(=O)CN1CCCC1=O,1,O=C(CN1CCCC1=O)Nc1ccccc1,O=C(C1CCCCC1)N1CC(=O)N2CCc3ccccc3[C@H]2C1,1,O=C(C1CCCCC1)N1CC(=O)N2CCc3ccccc3C2C1,0.2685810810810811,0,0.489371540686421
Cc1cccc(C)c1NC(=O)CN1CCCC1=O,1,O=C(CN1CCCC1=O)Nc1ccccc1,Cc1cccc(C)c1OCC(=O)N[C@@H](Cc1ccccc1)[C@@H](O)C[C@H](Cc1ccccc1)NC(=O)[C@H](C(C)C)N1CCCNC1=O,1,O=C(COc1ccccc1)NC(CCC(Cc1ccccc1)NC(=O)CN1CCCNC1=O)Cc1ccccc1,0.2436801752464403,1,0.794220900781006
Cc1cccc(C)c1NC(=O)CN1CCCC1=O,1,O=C(CN1CCCC1=O)Nc1ccccc1,CC(=O)Nc1ccc(O)cc1,1,c1ccccc1,0.231055900621118,1,0.812715150273732
O=C1C(=O)c2ccccc2C(O)=C1C1CCC(c2ccc(Cl)cc2)CC1,0,O=C1C(=O)c2ccccc2C=C1C1CCC(c2ccccc2)CC1,CN1C(=O)[C@H](O)N=C(c2ccccc2)c2cc(Cl)ccc21,1,O=C1CN=C(c2ccccc2)c2ccccc2N1,0.25916211293260477,1,0.5060780534049534
O=C1C(=O)c2ccccc2C(O)=C1C1CCC(c2ccc(Cl)cc2)CC1,0,O=C1C(=O)c2ccccc2C=C1C1CCC(c2ccccc2)CC1,CN1C(=O)CN=C(c2ccccc2)c2cc(Cl)ccc21,1,O=C1CN=C(c2ccccc2)c2ccccc2N1,0.24,0,0.46790562544746006
O=C1C(=O)c2ccccc2C(O)=C1C1CCC(c2ccc(Cl)cc2)CC1,0,O=C1C(=O)c2ccccc2C=C1C1CCC(c2ccccc2)CC1,O=C1CN=C(c2ccccc2)c2cc(Cl)ccc2N1,1,O=C1CN=C(c2ccccc2)c2ccccc2N1,0.23237156931738215,0,0.4252205461303851
O=C1C(=O)c2ccccc2C(O)=C1C1CCC(c2ccc(Cl)cc2)CC1,0,O=C1C(=O)c2ccccc2C=C1C1CCC(c2ccccc2)CC1,CN[C@H]1CC[C@@H](c2ccc(Cl)c(Cl)c2)c2ccccc21,1,c1ccc(C2CCCc3ccccc32)cc1,0.23154761904761906,0,0.4930121085607766
CO/N=C\C1=CCCN(C)C1,0,C1=CCNCC1,COc1ccc2c3c1O[C@H]1C[C@@H](O)C=C[C@@]31CCN(C)C2,1,C1=CC23CCNCc4cccc(c42)OC3CC1,0.19000000000000003,0,0.1478843444342092
CO/N=C\C1=CCCN(C)C1,0,C1=CCNCC1,CN1CCN2c3ccccc3Cc3cccnc3[C@@H]2C1,1,c1ccc2c(c1)Cc1cccnc1C1CNCCN21,0.1548872180451128,0,0.1468930841069357
CO/N=C\C1=CCCN(C)C1,0,C1=CCNCC1,CCOCCn1c(N2CCCN(C)CC2)nc2ccccc21,1,c1ccc2[nH]c(N3CCCNCC3)nc2c1,0.15362903225806454,0,0.10522248705191146
CO/N=C\C1=CCCN(C)C1,0,C1=CCNCC1,COC(=O)[C@H]1[C@@H](OC(=O)c2ccccc2)C[C@@H]2CC[C@H]1N2C,1,O=C(OC1CC2CCC(C1)N2)c1ccccc1,0.14914389799635702,0,0.15211137489072885
COc1ccc2c3c1O[C@H]1C[C@@H](O)C=C[C@@]31CCN(C)C2,1,C1=CC23CCNCc4cccc(c42)OC3CC1,COc1ccc2c3c1O[C@H]1[C@@H](O)CC[C@H]4[C@@H](C2)N(C)CC[C@@]341,1,c1cc2c3c(c1)OC1CCCC4C(C2)NCCC314,0.4144537815126051,1,0.7546399013765177
COc1ccc2c3c1O[C@H]1C[C@@H](O)C=C[C@@]31CCN(C)C2,1,C1=CC23CCNCc4cccc(c42)OC3CC1,COc1ccc2c3c1O[C@H]1C(=O)CC[C@H]4[C@@H](C2)N(C)CC[C@]314,1,O=C1CCC2C3Cc4cccc5c4C2(CCN3)C1O5,0.38119658119658123,1,0.774918370910821
COc1ccc2c3c1O[C@H]1C[C@@H](O)C=C[C@@]31CCN(C)C2,1,C1=CC23CCNCc4cccc(c42)OC3CC1,CO[C@]12CC[C@@]3(C[C@@H]1[C@](C)(O)C(C)(C)C)[C@H]1Cc4ccc(O)c5c4[C@@]3(CCN1CC1CC1)[C@@H]2O5,1,c1cc2c3c(c1)OC1C4CCC5(CC4)C(C2)N(CC2CC2)CCC315,0.2564251207729469,1,0.9125805335834916
COc1ccc2c3c1O[C@H]1C[C@@H](O)C=C[C@@]31CCN(C)C2,1,C1=CC23CCNCc4cccc(c42)OC3CC1,COc1cc(C(C)=O)ccc1OCCCN1CCC(c2noc3cc(F)ccc23)CC1,1,c1ccc(OCCCN2CCC(c3noc4ccccc34)CC2)cc1,0.2196351575456053,1,0.5551485667130145
Nc1ccc(S(=O)(=O)Nc2ccccn2)cc1,0,O=S(=O)(Nc1ccccn1)c1ccccc1,Nc1ccc(S(=O)(=O)Nc2ncccn2)cc1,1,O=S(=O)(Nc1ncccn1)c1ccccc1,0.6684491978609627,0,0.474816744510386
Nc1ccc(S(=O)(=O)Nc2ccccn2)cc1,0,O=S(=O)(Nc1ccccn1)c1ccccc1,Cc1cc(NS(=O)(=O)c2ccc(N)cc2)no1,1,O=S(=O)(Nc1ccon1)c1ccccc1,0.5597560975609757,1,0.5128948514656363
Nc1ccc(S(=O)(=O)Nc2ccccn2)cc1,0,O=S(=O)(Nc1ccccn1)c1ccccc1,Nc1ccc(S(=O)(=O)c2ccc(N)cc2)cc1,1,O=S(=O)(c1ccccc1)c1ccccc1,0.39257086999022484,0,0.24716958991033688
Nc1ccc(S(=O)(=O)Nc2ccccn2)cc1,0,O=S(=O)(Nc1ccccn1)c1ccccc1,COc1ccccc1Oc1c(NS(=O)(=O)c2ccc(C(C)(C)C)cc2)nc(-c2ncccn2)nc1OCCO,1,O=S(=O)(Nc1nc(-c2ncccn2)ncc1Oc1ccccc1)c1ccccc1,0.29974120082815736,0,0.14109869439084122
CN(C)CCCOc1nn(Cc2ccccc2)c2ccccc12,1,c1ccc(Cn2ncc3ccccc32)cc1,CN(C)CCOc1ccc(/C(=C(\CCCl)c2ccccc2)c2ccccc2)cc1,1,C(=C(c1ccccc1)c1ccccc1)c1ccccc1,0.2843589743589744,1,0.7554928818269773
CN(C)CCCOc1nn(Cc2ccccc2)c2ccccc12,1,c1ccc(Cn2ncc3ccccc32)cc1,CC/C(=C(/c1ccccc1)c1ccc(OCCN(C)C)cc1)c1ccccc1,1,C(=C(c1ccccc1)c1ccccc1)c1ccccc1,0.28191414496833217,1,0.7579224738300093
CN(C)CCCOc1nn(Cc2ccccc2)c2ccccc12,1,c1ccc(Cn2ncc3ccccc32)cc1,CN(C)CC[C@H](c1ccc(Cl)cc1)c1ccccn1,1,c1ccc(Cc2ccccn2)cc1,0.2795131845841785,1,0.7846548433722551
CN(C)CCCOc1nn(Cc2ccccc2)c2ccccc12,1,c1ccc(Cn2ncc3ccccc32)cc1,CN(C)CCC=C1c2ccccc2C=Cc2ccccc21,1,C=C1c2ccccc2C=Cc2ccccc21,0.2704116638078902,1,0.8291868818531609
CO[C@H]1C[C@@H]2CC[C@@H](C)[C@@](O)(O2)C(=O)C(=O)N2CCC[C@H](C2)C(=O)O[C@H]([C@H](C)C[C@@H]2CC[C@@H](O)[C@H](OC)C2)CC(=O)[C@H](C)C=C(C)[C@@H](O)[C@@H](OC)C(=O)[C@H](C)C[C@H](C)C=CC=CC=C1C,1,O=C1CCC=CCC(=O)CC(CCC2CCCCC2)OC(=O)C2CCCN(C2)C(=O)C(=O)C2CCCC(CCC=CC=CC=CCCC1)O2,CO[C@H]1C[C@@H]2CC[C@@H](C)[C@@](O)(O2)C(=O)C(=O)N2CCCC[C@H]2C(=O)O[C@H]([C@H](C)C[C@@H]2CC[C@@H](OCCO)[C@H](OC)C2)CC(=O)[C@H](C)C=C(C)[C@@H](O)[C@@H](OC)C(=O)[C@H](C)C[C@H](C)C=CC=CC=C1C,1,O=C1CCC=CCC(=O)CC(CCC2CCCCC2)OC(=O)C2CCCCN2C(=O)C(=O)C2CCCC(CCC=CC=CC=CCCC1)O2,0.740655737704918,1,0.9908076752250992
CO[C@H]1C[C@@H]2CC[C@@H](C)[C@@](O)(O2)C(=O)C(=O)N2CCC[C@H](C2)C(=O)O[C@H]([C@H](C)C[C@@H]2CC[C@@H](O)[C@H](OC)C2)CC(=O)[C@H](C)C=C(C)[C@@H](O)[C@@H](OC)C(=O)[C@H](C)C[C@H](C)C=CC=CC=C1C,1,O=C1CCC=CCC(=O)CC(CCC2CCCCC2)OC(=O)C2CCCN(C2)C(=O)C(=O)C2CCCC(CCC=CC=CC=CCCC1)O2,C=CC[C@@H]1C=C(C)C[C@H](C)C[C@H](OC)[C@@H]2O[C@](O)(C(=O)C(=O)N3CCCC[C@H]3C(=O)O[C@H](/C(C)=C/[C@@H]3CC[C@@H](O)[C@H](OC)C3)[C@H](C)[C@@H](O)CC1=O)[C@H](C)C[C@@H]2OC,1,O=C1CC=CCCCCC2CCCC(O2)C(=O)C(=O)N2CCCCC2C(=O)OC(C=CC2CCCCC2)CCC1,0.328687710939051,1,0.9776783061641322
CO[C@H]1C[C@@H]2CC[C@@H](C)[C@@](O)(O2)C(=O)C(=O)N2CCC[C@H](C2)C(=O)O[C@H]([C@H](C)C[C@@H]2CC[C@@H](O)[C@H](OC)C2)CC(=O)[C@H](C)C=C(C)[C@@H](O)[C@@H](OC)C(=O)[C@H](C)C[C@H](C)C=CC=CC=C1C,1,O=C1CCC=CCC(=O)CC(CCC2CCCCC2)OC(=O)C2CCCN(C2)C(=O)C(=O)C2CCCC(CCC=CC=CC=CCCC1)O2,CC[C@H](C)C(=O)O[C@H]1C[C@H](O)C=C2C=C[C@H](C)[C@H](CC[C@@H](O)C[C@@H](O)CC(=O)O)[C@H]21,1,C1=CC2=CCCCC2CC1,0.16336594911937377,1,0.9958034279673381
CO[C@H]1C[C@@H]2CC[C@@H](C)[C@@](O)(O2)C(=O)C(=O)N2CCC[C@H](C2)C(=O)O[C@H]([C@H](C)C[C@@H]2CC[C@@H](O)[C@H](OC)C2)CC(=O)[C@H](C)C=C(C)[C@@H](O)[C@@H](OC)C(=O)[C@H](C)C[C@H](C)C=CC=CC=C1C,1,O=C1CCC=CCC(=O)CC(CCC2CCCCC2)OC(=O)C2CCCN(C2)C(=O)C(=O)C2CCCC(CCC=CC=CC=CCCC1)O2,CC[C@H]1OC(=O)[C@H](C)[C@@H](O[C@H]2C[C@@](C)(OC)[C@@H](O)[C@H](C)O2)[C@H](C)[C@@H](O[C@@H]2O[C@H](C)C[C@H](N(C)C)[C@H]2O)[C@](C)(OC)C[C@@H](C)C(=O)[C@H](C)[C@@H](O)[C@]1(C)O,1,O=C1CCCCOC(=O)CC(OC2CCCCO2)CC(OC2CCCCO2)CCC1,0.15578947368421053,1,0.9663380880584312
CCOc1ccc2ccccc2c1C(=O)N[C@@H]1C(=O)N2[C@@H]1SC(C)(C)[C@@H]2C(=O)O,0,O=C(NC1C(=O)N2CCSC12)c1cccc2ccccc12,Cc1onc(-c2c(F)cccc2Cl)c1C(=O)N[C@@H]1C(=O)N2[C@@H]1SC(C)(C)[C@@H]2C(=O)O,1,O=C(NC1C(=O)N2CCSC12)c1conc1-c1ccccc1,0.4879617557583659,0,0.10197637177598744
CCOc1ccc2ccccc2c1C(=O)N[C@@H]1C(=O)N2[C@@H]1SC(C)(C)[C@@H]2C(=O)O,0,O=C(NC1C(=O)N2CCSC12)c1cccc2ccccc12,CCOc1cc(CC(=O)N[C@@H](CC(C)C)c2ccccc2N2CCCCC2)ccc1C(=O)O,1,O=C(Cc1ccccc1)NCc1ccccc1N1CCCCC1,0.23968784838350057,0,0.39210019329287454
CCOc1ccc2ccccc2c1C(=O)N[C@@H]1C(=O)N2[C@@H]1SC(C)(C)[C@@H]2C(=O)O,0,O=C(NC1C(=O)N2CCSC12)c1cccc2ccccc12,CCOC(=O)[C@H](CCc1ccccc1)N[C@@H](C)C(=O)N1CCC[C@H]1C(=O)O,1,O=C(CNCCCc1ccccc1)N1CCCC1,0.2239787798408488,0,0.3537083944387953
CCOc1ccc2ccccc2c1C(=O)N[C@@H]1C(=O)N2[C@@H]1SC(C)(C)[C@@H]2C(=O)O,0,O=C(NC1C(=O)N2CCSC12)c1cccc2ccccc12,CCOc1ccc(NC(C)=O)cc1,1,c1ccccc1,0.21422300263388938,0,0.4618904010213023
CC(C)/N=c1/cc2n(-c3ccc(Cl)cc3)c3ccccc3nc-2cc1Nc1ccc(Cl)cc1,0,N=c1cc2n(-c3ccccc3)c3ccccc3nc-2cc1Nc1ccccc1,CC(C)/N=C(N)\N=C(/N)Nc1ccc(Cl)cc1,1,c1ccccc1,0.23692307692307696,0,0.0666387977882642
CC(C)/N=c1/cc2n(-c3ccc(Cl)cc3)c3ccccc3nc-2cc1Nc1ccc(Cl)cc1,0,N=c1cc2n(-c3ccccc3)c3ccccc3nc-2cc1Nc1ccccc1,Cc1ncc2n1-c1ccc(Cl)cc1C(c1ccccc1F)=NC2,1,c1ccc(C2=NCc3cncn3-c3ccccc32)cc1,0.21120564432454866,0,0.04291409039049298
CC(C)/N=c1/cc2n(-c3ccc(Cl)cc3)c3ccccc3nc-2cc1Nc1ccc(Cl)cc1,0,N=c1cc2n(-c3ccccc3)c3ccccc3nc-2cc1Nc1ccccc1,Cc1nnc2n1-c1ccc(Cl)cc1C(c1ccccc1)=NC2,1,c1ccc(C2=NCc3nncn3-c3ccccc32)cc1,0.20535236396074935,0,0.07784390808605035
CC(C)/N=c1/cc2n(-c3ccc(Cl)cc3)c3ccccc3nc-2cc1Nc1ccc(Cl)cc1,0,N=c1cc2n(-c3ccccc3)c3ccccc3nc-2cc1Nc1ccccc1,Cc1nnc2n1-c1ccc(Cl)cc1C(c1ccccc1Cl)=NC2,1,c1ccc(C2=NCc3nncn3-c3ccccc32)cc1,0.20251082251082253,0,0.05616482224393049
CCOC(=O)Nc1ccc2c(c1)N(C(=O)CCN1CCOCC1)c1ccccc1S2,0,O=C(CCN1CCOCC1)N1c2ccccc2Sc2ccccc21,CCC(=O)N(c1ccccc1)C1(COC)CCN(CCc2cccs2)CC1,1,c1ccc(NC2CCN(CCc3cccs3)CC2)cc1,0.25116796440489436,0,0.11395751294408116
CCOC(=O)Nc1ccc2c(c1)N(C(=O)CCN1CCOCC1)c1ccccc1S2,0,O=C(CCN1CCOCC1)N1c2ccccc2Sc2ccccc21,CCC(=O)N(c1ccccc1)C1(COC)CCN(CCn2nnn(CC)c2=O)CC1,1,O=c1[nH]nnn1CCN1CCC(Nc2ccccc2)CC1,0.23783979702790867,0,0.16763676539763617
CCOC(=O)Nc1ccc2c(c1)N(C(=O)CCN1CCOCC1)c1ccccc1S2,0,O=C(CCN1CCOCC1)N1c2ccccc2Sc2ccccc21,CCOc1ccc(NC(C)=O)cc1,1,c1ccccc1,0.2356262167423751,0,0.11290508829011123
CCOC(=O)Nc1ccc2c(c1)N(C(=O)CCN1CCOCC1)c1ccccc1S2,0,O=C(CCN1CCOCC1)N1c2ccccc2Sc2ccccc21,CC(C)(C)c1ccc(C(=O)CCCN2CCC(OC(c3ccccc3)c3ccccc3)CC2)cc1,1,O=C(CCCN1CCC(OC(c2ccccc2)c2ccccc2)CC1)c1ccccc1,0.23090185676392572,0,0.11197213893936882
OCCOCCN1CCN([C@H](c2ccccc2)c2ccc(Cl)cc2)CC1,0,c1ccc(C(c2ccccc2)N2CCNCC2)cc1,O=C(CCCN1CCC(O)(c2ccc(Cl)cc2)CC1)c1ccc(F)cc1,1,O=C(CCCN1CCC(c2ccccc2)CC1)c1ccccc1,0.29386548410938657,0,0.4742815779872982
OCCOCCN1CCN([C@H](c2ccccc2)c2ccc(Cl)cc2)CC1,0,c1ccc(C(c2ccccc2)N2CCNCC2)cc1,CC(C)(C)c1ccc(C(=O)CCCN2CCC(OC(c3ccccc3)c3ccccc3)CC2)cc1,1,O=C(CCCN1CCC(OC(c2ccccc2)c2ccccc2)CC1)c1ccccc1,0.2713095238095238,0,0.21124035227430799
OCCOCCN1CCN([C@H](c2ccccc2)c2ccc(Cl)cc2)CC1,0,c1ccc(C(c2ccccc2)N2CCNCC2)cc1,CN(C)CC[C@H](c1ccc(Cl)cc1)c1ccccn1,1,c1ccc(Cc2ccccn2)cc1,0.2638297872340426,0,0.497372681688468
OCCOCCN1CCN([C@H](c2ccccc2)c2ccc(Cl)cc2)CC1,0,c1ccc(C(c2ccccc2)N2CCNCC2)cc1,CCc1nn(CCCN2CCN(c3cccc(Cl)c3)CC2)c(=O)n1CCOc1ccccc1,1,O=c1n(CCOc2ccccc2)cnn1CCCN1CCN(c2ccccc2)CC1,0.26352991271024057,1,0.6023396630386694
O=C(O)COCCN1CCN([C@H](c2ccccc2)c2ccc(Cl)cc2)CC1,0,c1ccc(C(c2ccccc2)N2CCNCC2)cc1,O=C(CCCN1CCC(O)(c2ccc(Cl)cc2)CC1)c1ccc(F)cc1,1,O=C(CCCN1CCC(c2ccccc2)CC1)c1ccccc1,0.2941328175370729,0,0.3033057708297723
O=C(O)COCCN1CCN([C@H](c2ccccc2)c2ccc(Cl)cc2)CC1,0,c1ccc(C(c2ccccc2)N2CCNCC2)cc1,CC(C)(C)c1ccc(C(=O)CCCN2CCC(OC(c3ccccc3)c3ccccc3)CC2)cc1,1,O=C(CCCN1CCC(OC(c2ccccc2)c2ccccc2)CC1)c1ccccc1,0.28615384615384615,0,0.195123571832636
O=C(O)COCCN1CCN([C@H](c2ccccc2)c2ccc(Cl)cc2)CC1,0,c1ccc(C(c2ccccc2)N2CCNCC2)cc1,CCc1nn(CCCN2CCN(c3cccc(Cl)c3)CC2)c(=O)n1CCOc1ccccc1,1,O=c1n(CCOc2ccccc2)cnn1CCCN1CCN(c2ccccc2)CC1,0.26461538461538464,1,0.6223538427535117
O=C(O)COCCN1CCN([C@H](c2ccccc2)c2ccc(Cl)cc2)CC1,0,c1ccc(C(c2ccccc2)N2CCNCC2)cc1,O=c1n(CCCN2CCN(c3cccc(Cl)c3)CC2)nc2ccccn12,1,O=c1n(CCCN2CCN(c3ccccc3)CC2)nc2ccccn12,0.26044402005251854,0,0.4928893492044402
CCC[C@H]1C(=O)N2C(N(C)C)=Nc3ccc(C)cc3N2C1=O,0,O=C1CC(=O)N2c3ccccc3N=CN12,Cc1ccc(C)c(OCCCC(C)(C)C(=O)O)c1,1,c1ccccc1,0.19973666886109284,0,0.3310986291323178
CCC[C@H]1C(=O)N2C(N(C)C)=Nc3ccc(C)cc3N2C1=O,0,O=C1CC(=O)N2c3ccccc3N=CN12,CN1C(=O)[C@H](O)N=C(c2ccccc2)c2cc(Cl)ccc21,1,O=C1CN=C(c2ccccc2)c2ccccc2N1,0.18039215686274512,0,0.1158329952032173
CCC[C@H]1C(=O)N2C(N(C)C)=Nc3ccc(C)cc3N2C1=O,0,O=C1CC(=O)N2c3ccccc3N=CN12,Cc1c(N(C)C)c(=O)n(-c2ccccc2)n1C,1,O=c1cc[nH]n1-c1ccccc1,0.17525354969574036,0,0.13615156078646734
CCC[C@H]1C(=O)N2C(N(C)C)=Nc3ccc(C)cc3N2C1=O,0,O=C1CC(=O)N2c3ccccc3N=CN12,CCN(CC)CC(=O)Nc1c(C)cccc1C,1,c1ccccc1,0.17472365512159174,0,0.2950419675709142
COc1ccc(CCN(C)CCC[C@@](C#N)(c2cc(OC)c(OC)c(OC)c2)C(C)C)cc1OC,1,c1ccc(CCCCNCCc2ccccc2)cc1,COc1ccc(CCN(C)CCC[C@@](C#N)(c2ccc(OC)c(OC)c2)C(C)C)cc1OC,1,c1ccc(CCCCNCCc2ccccc2)cc1,0.8867521367521368,1,0.9019670836513372
COc1ccc(CCN(C)CCC[C@@](C#N)(c2cc(OC)c(OC)c(OC)c2)C(C)C)cc1OC,1,c1ccc(CCCCNCCc2ccccc2)cc1,CN(CCOc1ccc(NS(C)(=O)=O)cc1)CCc1ccc(NS(C)(=O)=O)cc1,1,c1ccc(CCNCCOc2ccccc2)cc1,0.2636150234741784,1,0.8384064549187475
COc1ccc(CCN(C)CCC[C@@](C#N)(c2cc(OC)c(OC)c(OC)c2)C(C)C)cc1OC,1,c1ccc(CCCCNCCc2ccccc2)cc1,CNC(=O)c1cccc(NCC(=O)NCCc2ccc(OC)c(OC)c2)c1,1,O=C(CNc1ccccc1)NCCc1ccccc1,0.24757747708424271,1,0.9021289747866115
COc1ccc(CCN(C)CCC[C@@](C#N)(c2cc(OC)c(OC)c(OC)c2)C(C)C)cc1OC,1,c1ccc(CCCCNCCc2ccccc2)cc1,COc1cc(Cc2cnc(N)nc2N)cc(OC)c1OC,1,c1ccc(Cc2cncnc2)cc1,0.2343891402714932,1,0.8244921842885525
COc1ccc(CCN(C)CCC[C@@](C#N)(c2ccc(OC)c(OC)c2)C(C)C)cc1OC,1,c1ccc(CCCCNCCc2ccccc2)cc1,COc1ccc(CCN(C)CCC[C@@](C#N)(c2cc(OC)c(OC)c(OC)c2)C(C)C)cc1OC,1,c1ccc(CCCCNCCc2ccccc2)cc1,0.8867521367521368,1,0.9016089383891261
COc1ccc(CCN(C)CCC[C@@](C#N)(c2ccc(OC)c(OC)c2)C(C)C)cc1OC,1,c1ccc(CCCCNCCc2ccccc2)cc1,CN(CCOc1ccc(NS(C)(=O)=O)cc1)CCc1ccc(NS(C)(=O)=O)cc1,1,c1ccc(CCNCCOc2ccccc2)cc1,0.2733416770963705,1,0.7994325269869168
COc1ccc(CCN(C)CCC[C@@](C#N)(c2ccc(OC)c(OC)c2)C(C)C)cc1OC,1,c1ccc(CCCCNCCc2ccccc2)cc1,CNC(=O)c1cccc(NCC(=O)NCCc2ccc(OC)c(OC)c2)c1,1,O=C(CNc1ccccc1)NCCc1ccccc1,0.256140350877193,1,0.9293159672654121
COc1ccc(CCN(C)CCC[C@@](C#N)(c2ccc(OC)c(OC)c2)C(C)C)cc1OC,1,c1ccc(CCCCNCCc2ccccc2)cc1,COc1cc2c(cc1OC)C(=O)[C@H](CC1CCN(Cc3ccccc3)CC1)C2,1,O=C1c2ccccc2CC1CC1CCN(Cc2ccccc2)CC1,0.23353138723843972,1,0.907525046378964
CC(=O)N1CCN(c2ccc(OC[C@H]3CO[C@](Cn4ccnc4)(c4ccc(Cl)cc4Cl)O3)cc2)CC1,1,c1ccc(C2(Cn3ccnc3)OCC(COc3ccc(N4CCNCC4)cc3)O2)cc1,CC[C@H](C)n1ncn(-c2ccc(N3CCN(c4ccc(OC[C@H]5CO[C@](Cn6cncn6)(c6ccc(Cl)cc6Cl)O5)cc4)CC3)cc2)c1=O,1,O=c1[nH]ncn1-c1ccc(N2CCN(c3ccc(OCC4COC(Cn5cncn5)(c5ccccc5)O4)cc3)CC2)cc1,0.5452558941920644,1,0.9580577843489759
CC(=O)N1CCN(c2ccc(OC[C@H]3CO[C@](Cn4ccnc4)(c4ccc(Cl)cc4Cl)O3)cc2)CC1,1,c1ccc(C2(Cn3ccnc3)OCC(COc3ccc(N4CCNCC4)cc3)O2)cc1,Clc1ccc(CO[C@@H](Cn2ccnc2)c2ccc(Cl)cc2Cl)c(Cl)c1,1,c1ccc(COC(Cn2ccnc2)c2ccccc2)cc1,0.31139140717382735,1,0.7170269654555755
CC(=O)N1CCN(c2ccc(OC[C@H]3CO[C@](Cn4ccnc4)(c4ccc(Cl)cc4Cl)O3)cc2)CC1,1,c1ccc(C2(Cn3ccnc3)OCC(COc3ccc(N4CCNCC4)cc3)O2)cc1,CCc1nn(CCCN2CCN(c3cccc(Cl)c3)CC2)c(=O)n1CCOc1ccccc1,1,O=c1n(CCOc2ccccc2)cnn1CCCN1CCN(c2ccccc2)CC1,0.2540990099009901,1,0.8840782523931149
CC(=O)N1CCN(c2ccc(OC[C@H]3CO[C@](Cn4ccnc4)(c4ccc(Cl)cc4Cl)O3)cc2)CC1,1,c1ccc(C2(Cn3ccnc3)OCC(COc3ccc(N4CCNCC4)cc3)O2)cc1,CCOC(=O)C(C)(C)Oc1ccc(Cl)cc1,1,c1ccccc1,0.22213852270349446,1,0.8490462337541542
Cc1nnc2n1-c1sc(Br)cc1C(c1ccccc1Cl)=NC2,1,c1ccc(C2=NCc3nncn3-c3sccc32)cc1,Cc1nnc2n1-c1ccc(Cl)cc1C(c1ccccc1Cl)=NC2,1,c1ccc(C2=NCc3nncn3-c3ccccc32)cc1,0.6219227313566936,1,0.9179273236882899
Cc1nnc2n1-c1sc(Br)cc1C(c1ccccc1Cl)=NC2,1,c1ccc(C2=NCc3nncn3-c3sccc32)cc1,Cc1nnc2n1-c1ccc(Cl)cc1C(c1ccccc1)=NC2,1,c1ccc(C2=NCc3nncn3-c3ccccc32)cc1,0.4840417000801925,1,0.9160896986316873
Cc1nnc2n1-c1sc(Br)cc1C(c1ccccc1Cl)=NC2,1,c1ccc(C2=NCc3nncn3-c3sccc32)cc1,CN(C)Cc1nnc2n1-c1ccc(Cl)cc1C(c1ccccc1)=NC2,1,c1ccc(C2=NCc3nncn3-c3ccccc32)cc1,0.3626268656716418,1,0.9138083880965829
Cc1nnc2n1-c1sc(Br)cc1C(c1ccccc1Cl)=NC2,1,c1ccc(C2=NCc3nncn3-c3sccc32)cc1,Cc1ncc2n1-c1ccc(Cl)cc1C(c1ccccc1F)=NC2,1,c1ccc(C2=NCc3cncn3-c3ccccc32)cc1,0.35435323383084577,1,0.879872287811222
CCn1cc(C(=O)O)c(=O)c2cc(F)c(N3CCNCC3)nc21,0,O=c1cc[nH]c2nc(N3CCNCC3)ccc12,O=C1Cc2cc(CCN3CCN(c4nsc5ccccc45)CC3)c(Cl)cc2N1,1,O=C1Cc2cc(CCN3CCN(c4nsc5ccccc45)CC3)ccc2N1,0.20138277812696417,0,0.05770258167989295
CCn1cc(C(=O)O)c(=O)c2cc(F)c(N3CCNCC3)nc21,0,O=c1cc[nH]c2nc(N3CCNCC3)ccc12,CCOc1cc(CC(=O)N[C@@H](CC(C)C)c2ccccc2N2CCCCC2)ccc1C(=O)O,1,O=C(Cc1ccccc1)NCc1ccccc1N1CCCCC1,0.19138755980861244,0,0.03839934828496773
CCn1cc(C(=O)O)c(=O)c2cc(F)c(N3CCNCC3)nc21,0,O=c1cc[nH]c2nc(N3CCNCC3)ccc12,CCc1nn(CCCN2CCN(c3cccc(Cl)c3)CC2)c(=O)n1CCOc1ccccc1,1,O=c1n(CCOc2ccccc2)cnn1CCCN1CCN(c2ccccc2)CC1,0.16923076923076924,0,0.07834753749295495
CCn1cc(C(=O)O)c(=O)c2cc(F)c(N3CCNCC3)nc21,0,O=c1cc[nH]c2nc(N3CCNCC3)ccc12,CCC(=O)N(c1ccccc1)C1(COC)CCN(CCn2nnn(CC)c2=O)CC1,1,O=c1[nH]nnn1CCN1CCC(Nc2ccccc2)CC1,0.16886821705426358,0,0.019231456778407506
COc1ccc(-c2cc(=O)c3c(O)cc(O[C@@H]4O[C@H](CO[C@@H]5O[C@@H](C)[C@H](O)[C@@H](O)[C@H]5O)[C@@H](O)[C@H](O)[C@H]4O)cc3o2)cc1O,0,O=c1cc(-c2ccccc2)oc2cc(OC3CCCC(COC4CCCCO4)O3)ccc12,O=c1c(O)c(-c2ccc(O)c(O)c2)oc2cc(O)cc(O)c12,1,O=c1cc(-c2ccccc2)oc2ccccc12,0.2637242538881883,0,0.14949661244634352
COc1ccc(-c2cc(=O)c3c(O)cc(O[C@@H]4O[C@H](CO[C@@H]5O[C@@H](C)[C@H](O)[C@@H](O)[C@H]5O)[C@@H](O)[C@H](O)[C@H]4O)cc3o2)cc1O,0,O=c1cc(-c2ccccc2)oc2cc(OC3CCCC(COC4CCCCO4)O3)ccc12,COc1cccc2c1C(=O)c1c(O)c3c(c(O)c1C2=O)C[C@@](O)(C(=O)CO)C[C@@H]3O[C@H]1C[C@H](N)[C@H](O)[C@H](C)O1,1,O=C1c2ccccc2C(=O)c2cc3c(cc21)CCCC3OC1CCCCO1,0.21282458929517753,0,0.28443582904138215
COc1ccc(-c2cc(=O)c3c(O)cc(O[C@@H]4O[C@H](CO[C@@H]5O[C@@H](C)[C@H](O)[C@@H](O)[C@H]5O)[C@@H](O)[C@H](O)[C@H]4O)cc3o2)cc1O,0,O=c1cc(-c2ccccc2)oc2cc(OC3CCCC(COC4CCCCO4)O3)ccc12,COc1cc([C@@H]2c3cc4c(cc3[C@@H](O[C@@H]3O[C@@H]5CO[C@@H](c6cccs6)O[C@H]5[C@H](O)[C@H]3O)[C@H]3COC(=O)[C@H]23)OCO4)cc(OC)c1O,1,O=C1OCC2C(OC3CCC4OC(c5cccs5)OCC4O3)c3cc4c(cc3C(c3ccccc3)C12)OCO4,0.20214299629846094,0,0.04556204942322391
COc1ccc(-c2cc(=O)c3c(O)cc(O[C@@H]4O[C@H](CO[C@@H]5O[C@@H](C)[C@H](O)[C@@H](O)[C@H]5O)[C@@H](O)[C@H](O)[C@H]4O)cc3o2)cc1O,0,O=c1cc(-c2ccccc2)oc2cc(OC3CCCC(COC4CCCCO4)O3)ccc12,COc1cc(C(C)=O)ccc1OCCCN1CCC(c2noc3cc(F)ccc23)CC1,1,c1ccc(OCCCN2CCC(c3noc4ccccc34)CC2)cc1,0.18047619047619048,0,0.46965345558389726
O=C(O)c1cc(/N=N\c2ccc(S(=O)(=O)Nc3ccccn3)cc2)ccc1O,0,O=S(=O)(Nc1ccccn1)c1ccc(N=Nc2ccccc2)cc1,O=C(O)c1ccccc1O,1,c1ccccc1,0.3329268292682927,0,0.12617833936169665
O=C(O)c1cc(/N=N\c2ccc(S(=O)(=O)Nc3ccccn3)cc2)ccc1O,0,O=S(=O)(Nc1ccccn1)c1ccc(N=Nc2ccccc2)cc1,Nc1ccc(S(=O)(=O)Nc2ncccn2)cc1,1,O=S(=O)(Nc1ncccn1)c1ccccc1,0.33066666666666666,0,0.07407345755726445
O=C(O)c1cc(/N=N\c2ccc(S(=O)(=O)Nc3ccccn3)cc2)ccc1O,0,O=S(=O)(Nc1ccccn1)c1ccc(N=Nc2ccccc2)cc1,Cc1cc(NS(=O)(=O)c2ccc(N)cc2)no1,1,O=S(=O)(Nc1ccon1)c1ccccc1,0.30421768707482993,0,0.08059724760316408
O=C(O)c1cc(/N=N\c2ccc(S(=O)(=O)Nc3ccccn3)cc2)ccc1O,0,O=S(=O)(Nc1ccccn1)c1ccc(N=Nc2ccccc2)cc1,COc1ccccc1Oc1c(NS(=O)(=O)c2ccc(C(C)(C)C)cc2)nc(-c2ncccn2)nc1OCCO,1,O=S(=O)(Nc1nc(-c2ncccn2)ncc1Oc1ccccc1)c1ccccc1,0.2660460021905805,0,0.01525278354195786
C=C(c1ccc(C(=O)O)cc1)c1cc2c(cc1C)C(C)(C)CCC2(C)C,1,C=C(c1ccccc1)c1ccc2c(c1)CCCC2,O=C(O)c1ccccc1O,1,c1ccccc1,0.22855297157622742,0,0.45966060433170103
C=C(c1ccc(C(=O)O)cc1)c1cc2c(cc1C)C(C)(C)CCC2(C)C,1,C=C(c1ccccc1)c1ccc2c(c1)CCCC2,Cc1ccc(C)c(OCCCC(C)(C)C(=O)O)c1,1,c1ccccc1,0.21347687400318982,1,0.5433395248701868
C=C(c1ccc(C(=O)O)cc1)c1cc2c(cc1C)C(C)(C)CCC2(C)C,1,C=C(c1ccccc1)c1ccc2c(c1)CCCC2,CC(C)(Oc1ccc([C@@H]2CC2(Cl)Cl)cc1)C(=O)O,1,c1ccc(C2CC2)cc1,0.21047619047619048,1,0.8138577446161034
C=C(c1ccc(C(=O)O)cc1)c1cc2c(cc1C)C(C)(C)CCC2(C)C,1,C=C(c1ccccc1)c1ccc2c(c1)CCCC2,CC1=C(/C=C\C(C)=C/C=C\C(C)=C/C(=O)O)C(C)(C)CCC1,1,C1=CCCCC1,0.19650748396293657,1,0.8686116235290102
CCC(=O)N(c1ccccc1)C1(COC)CCN(CCn2nnn(CC)c2=O)CC1,1,O=c1[nH]nnn1CCN1CCC(Nc2ccccc2)CC1,CCC(=O)N(c1ccccc1)C1(COC)CCN(CCc2cccs2)CC1,1,c1ccc(NC2CCN(CCc3cccs3)CC2)cc1,0.6076923076923078,1,0.673123896076558
CCC(=O)N(c1ccccc1)C1(COC)CCN(CCn2nnn(CC)c2=O)CC1,1,O=c1[nH]nnn1CCN1CCC(Nc2ccccc2)CC1,CCc1nn(CCCN2CCN(c3cccc(Cl)c3)CC2)c(=O)n1CCOc1ccccc1,1,O=c1n(CCOc2ccccc2)cnn1CCCN1CCN(c2ccccc2)CC1,0.24383650871193618,1,0.8517077680373123
CCC(=O)N(c1ccccc1)C1(COC)CCN(CCn2nnn(CC)c2=O)CC1,1,O=c1[nH]nnn1CCN1CCC(Nc2ccccc2)CC1,CC(C)(C)c1ccc(C(=O)CCCN2CCC(OC(c3ccccc3)c3ccccc3)CC2)cc1,1,O=C(CCCN1CCC(OC(c2ccccc2)c2ccccc2)CC1)c1ccccc1,0.2296103896103896,1,0.6442400607344441
CCC(=O)N(c1ccccc1)C1(COC)CCN(CCn2nnn(CC)c2=O)CC1,1,O=c1[nH]nnn1CCN1CCC(Nc2ccccc2)CC1,O=c1n(CCCN2CCN(c3cccc(Cl)c3)CC2)nc2ccccn12,1,O=c1n(CCCN2CCN(c3ccccc3)CC2)nc2ccccn12,0.2192400370713624,1,0.8832896315810095
Clc1cccc([C@H](c2ccc3nc[nH]c3c2)n2ccnc2)c1,0,c1ccc(C(c2ccc3nc[nH]c3c2)n2ccnc2)cc1,Clc1ccc(CO[C@@H](Cn2ccnc2)c2ccc(Cl)cc2Cl)c(Cl)c1,1,c1ccc(COC(Cn2ccnc2)c2ccccc2)cc1,0.27161125319693097,0,0.23888617157254016
Clc1cccc([C@H](c2ccc3nc[nH]c3c2)n2ccnc2)c1,0,c1ccc(C(c2ccc3nc[nH]c3c2)n2ccnc2)cc1,CN(C)CC[C@H](c1ccc(Cl)cc1)c1ccccn1,1,c1ccc(Cc2ccccn2)cc1,0.22415954415954417,0,0.38264547472156457
Clc1cccc([C@H](c2ccc3nc[nH]c3c2)n2ccnc2)c1,0,c1ccc(C(c2ccc3nc[nH]c3c2)n2ccnc2)cc1,C[C@@H](NC(C)(C)C)C(=O)c1cccc(Cl)c1,1,c1ccccc1,0.218140589569161,0,0.3645940873264843
Clc1cccc([C@H](c2ccc3nc[nH]c3c2)n2ccnc2)c1,0,c1ccc(C(c2ccc3nc[nH]c3c2)n2ccnc2)cc1,CCN(CC)CCC[C@H](C)Nc1ccnc2cc(Cl)ccc12,1,c1ccc2ncccc2c1,0.20309323906319043,1,0.5891280965672592
CCc1c2c(nc3ccc(OC(=O)N4CCC(N5CCCCC5)CC4)cc13)-c1cc3c(c(=O)n1C2)COC(=O)[C@]3(O)CC,1,O=C1Cc2cc3n(c(=O)c2CO1)Cc1cc2cc(OC(=O)N4CCC(N5CCCCC5)CC4)ccc2nc1-3,C=C[C@H]1CN2CC[C@H]1C[C@@H]2[C@H](O)c1ccnc2ccc(OC)cc12,1,c1ccc2c(CC3CC4CCN3CC4)ccnc2c1,0.218018018018018,1,0.9284838065983723
CCc1c2c(nc3ccc(OC(=O)N4CCC(N5CCCCC5)CC4)cc13)-c1cc3c(c(=O)n1C2)COC(=O)[C@]3(O)CC,1,O=C1Cc2cc3n(c(=O)c2CO1)Cc1cc2cc(OC(=O)N4CCC(N5CCCCC5)CC4)ccc2nc1-3,COc1ccc2c3c1O[C@H]1C[C@@H](O)C=C[C@@]31CCN(C)C2,1,C1=CC23CCNCc4cccc(c42)OC3CC1,0.17693979569658772,1,0.8411884662826038
CCc1c2c(nc3ccc(OC(=O)N4CCC(N5CCCCC5)CC4)cc13)-c1cc3c(c(=O)n1C2)COC(=O)[C@]3(O)CC,1,O=C1Cc2cc3n(c(=O)c2CO1)Cc1cc2cc(OC(=O)N4CCC(N5CCCCC5)CC4)ccc2nc1-3,C[C@@H]1C[C@H]2[C@@H]3CCC4=CC(=O)C=C[C@]4(C)C3=CC[C@]2(C)[C@H]1C(=O)CN1CCN(c2cc(N3CCCC3)nc(N3CCCC3)n2)CC1,1,O=C1C=CC2C(=C1)CCC1C2=CCC2C(C(=O)CN3CCN(c4cc(N5CCCC5)nc(N5CCCC5)n4)CC3)CCC12,0.17664399092970523,1,0.5798167705483134
CCc1c2c(nc3ccc(OC(=O)N4CCC(N5CCCCC5)CC4)cc13)-c1cc3c(c(=O)n1C2)COC(=O)[C@]3(O)CC,1,O=C1Cc2cc3n(c(=O)c2CO1)Cc1cc2cc(OC(=O)N4CCC(N5CCCCC5)CC4)ccc2nc1-3,CC(=O)N1CCN(c2ccc(OC[C@H]3CO[C@](Cn4ccnc4)(c4ccc(Cl)cc4Cl)O3)cc2)CC1,1,c1ccc(C2(Cn3ccnc3)OCC(COc3ccc(N4CCNCC4)cc3)O2)cc1,0.1715134020618557,1,0.8524793030889304
COc1ccc(-c2nc3cc(C4=NNC(=O)C[C@H]4C)ccc3[nH]2)cc1,1,O=C1CCC(c2ccc3[nH]c(-c4ccccc4)nc3c2)=NN1,COc1ccc2nc([S@H](=O)Cc3ncc(C)c(OC)c3C)[nH]c2c1,1,O=[SH](Cc1ccccn1)c1nc2ccccc2[nH]1,0.2505050505050505,1,0.8223950137354158
COc1ccc(-c2nc3cc(C4=NNC(=O)C[C@H]4C)ccc3[nH]2)cc1,1,O=C1CCC(c2ccc3[nH]c(-c4ccccc4)nc3c2)=NN1,COc1ccnc(C[S@H](=O)c2nc3ccc(OC(F)F)cc3[nH]2)c1OC,1,O=[SH](Cc1ccccn1)c1nc2ccccc2[nH]1,0.22057183959719476,1,0.9026872781509026
COc1ccc(-c2nc3cc(C4=NNC(=O)C[C@H]4C)ccc3[nH]2)cc1,1,O=C1CCC(c2ccc3[nH]c(-c4ccccc4)nc3c2)=NN1,CCCSc1ccc2nc(NC(=O)OC)[nH]c2c1,1,c1ccc2[nH]cnc2c1,0.21712994350282488,1,0.9562837087049495
COc1ccc(-c2nc3cc(C4=NNC(=O)C[C@H]4C)ccc3[nH]2)cc1,1,O=C1CCC(c2ccc3[nH]c(-c4ccccc4)nc3c2)=NN1,COc1ccc(CCN2CCC(Nc3nc4ccccc4n3Cc3ccc(F)cc3)CC2)cc1,1,c1ccc(CCN2CCC(Nc3nc4ccccc4n3Cc3ccccc3)CC2)cc1,0.20138277812696417,1,0.8139174514796272
CC(=O)CCCCn1c(=O)c2c(ncn2C)n(C)c1=O,0,O=c1[nH]c(=O)c2[nH]cnc2[nH]1,C[C@@H](O)CCCCn1c(=O)c2c(ncn2C)n(C)c1=O,1,O=c1[nH]c(=O)c2[nH]cnc2[nH]1,0.69048178613396,0,0.46790685835176243
CC(=O)CCCCn1c(=O)c2c(ncn2C)n(C)c1=O,0,O=c1[nH]c(=O)c2[nH]cnc2[nH]1,Cn1c(=O)c2c(ncn2C)n(C)c1=O,1,O=c1[nH]c(=O)c2[nH]cnc2[nH]1,0.5565410199556542,0,0.452514191411173
CC(=O)CCCCn1c(=O)c2c(ncn2C)n(C)c1=O,0,O=c1[nH]c(=O)c2[nH]cnc2[nH]1,Cn1c(=O)c2[nH]cnc2n(C)c1=O,1,O=c1[nH]c(=O)c2[nH]cnc2[nH]1,0.2844651162790698,0,0.49269827415095496
CC(=O)CCCCn1c(=O)c2c(ncn2C)n(C)c1=O,0,O=c1[nH]c(=O)c2[nH]cnc2[nH]1,CC1(C)CC(=O)N(CCCCN2CCN(c3ncccn3)CC2)C(=O)C1,1,O=C1CCCC(=O)N1CCCCN1CCN(c2ncccn2)CC1,0.19000000000000003,0,0.4530582289001504
C[C@@H](O)CCCCn1c(=O)c2c(ncn2C)n(C)c1=O,1,O=c1[nH]c(=O)c2[nH]cnc2[nH]1,Cn1c(=O)c2c(ncn2C)n(C)c1=O,1,O=c1[nH]c(=O)c2[nH]cnc2[nH]1,0.542577030812325,1,0.506132643273315
C[C@@H](O)CCCCn1c(=O)c2c(ncn2C)n(C)c1=O,1,O=c1[nH]c(=O)c2[nH]cnc2[nH]1,Cn1c(=O)c2[nH]cnc2n(C)c1=O,1,O=c1[nH]c(=O)c2[nH]cnc2[nH]1,0.27869875222816404,1,0.6181330168137598
C[C@@H](O)CCCCn1c(=O)c2c(ncn2C)n(C)c1=O,1,O=c1[nH]c(=O)c2[nH]cnc2[nH]1,CCS(=O)(=O)CCn1c([N+](=O)[O-])cnc1C,1,c1c[nH]cn1,0.1803970223325062,1,0.7130080256624861
C[C@@H](O)CCCCn1c(=O)c2c(ncn2C)n(C)c1=O,1,O=c1[nH]c(=O)c2[nH]cnc2[nH]1,CC1(C)CC(=O)N(CCCCN2CCN(c3ncccn3)CC2)C(=O)C1,1,O=C1CCCC(=O)N1CCCCN1CCN(c2ncccn2)CC1,0.1787267904509284,0,0.4829409332371116
Cn1cnc2c1c(=O)[nH]c(=O)n2C,0,O=c1[nH]c(=O)c2[nH]cnc2[nH]1,Cn1c(=O)c2c(ncn2C)n(C)c1=O,1,O=c1[nH]c(=O)c2[nH]cnc2[nH]1,0.520303605313093,0,0.3256611572410043
Cn1cnc2c1c(=O)[nH]c(=O)n2C,0,O=c1[nH]c(=O)c2[nH]cnc2[nH]1,C[C@@H](O)CCCCn1c(=O)c2c(ncn2C)n(C)c1=O,1,O=c1[nH]c(=O)c2[nH]cnc2[nH]1,0.3714285714285715,0,0.2857523995844009
Cn1cnc2c1c(=O)[nH]c(=O)n2C,0,O=c1[nH]c(=O)c2[nH]cnc2[nH]1,Cn1c(=O)c2[nH]cnc2n(C)c1=O,1,O=c1[nH]c(=O)c2[nH]cnc2[nH]1,0.2936058009228741,0,0.36681100523401894
Cn1cnc2c1c(=O)[nH]c(=O)n2C,0,O=c1[nH]c(=O)c2[nH]cnc2[nH]1,CCOCn1c(Cc2ccccc2)c(C(C)C)c(=O)[nH]c1=O,1,O=c1cc(Cc2ccccc2)[nH]c(=O)[nH]1,0.21168831168831168,0,0.19651649835377516
Cn1c(=O)c2[nH]cnc2n(C)c1=O,1,O=c1[nH]c(=O)c2[nH]cnc2[nH]1,Cn1c(=O)c2c(ncn2C)n(C)c1=O,1,O=c1[nH]c(=O)c2[nH]cnc2[nH]1,0.45321428571428574,0,0.3052353664655754
Cn1c(=O)c2[nH]cnc2n(C)c1=O,1,O=c1[nH]c(=O)c2[nH]cnc2[nH]1,C[C@@H](O)CCCCn1c(=O)c2c(ncn2C)n(C)c1=O,1,O=c1[nH]c(=O)c2[nH]cnc2[nH]1,0.27869875222816404,0,0.25699403298588763
Cn1c(=O)c2[nH]cnc2n(C)c1=O,1,O=c1[nH]c(=O)c2[nH]cnc2[nH]1,CCS(=O)(=O)CCn1c([N+](=O)[O-])cnc1C,1,c1c[nH]cn1,0.171611253196931,0,0.4551997385682887
Cn1c(=O)c2[nH]cnc2n(C)c1=O,1,O=c1[nH]c(=O)c2[nH]cnc2[nH]1,Cc1c(N(C)C)c(=O)n(-c2ccccc2)n1C,1,O=c1cc[nH]n1-c1ccccc1,0.16950354609929077,1,0.6917793531877482
Cn1c(=O)[nH]c2ncn(C)c2c1=O,0,O=c1[nH]c(=O)c2[nH]cnc2[nH]1,Cn1c(=O)c2c(ncn2C)n(C)c1=O,1,O=c1[nH]c(=O)c2[nH]cnc2[nH]1,0.4760714285714286,0,0.2849903003115719
Cn1c(=O)[nH]c2ncn(C)c2c1=O,0,O=c1[nH]c(=O)c2[nH]cnc2[nH]1,C[C@@H](O)CCCCn1c(=O)c2c(ncn2C)n(C)c1=O,1,O=c1[nH]c(=O)c2[nH]cnc2[nH]1,0.32742857142857146,0,0.250723543848021
Cn1c(=O)[nH]c2ncn(C)c2c1=O,0,O=c1[nH]c(=O)c2[nH]cnc2[nH]1,Cn1c(=O)c2[nH]cnc2n(C)c1=O,1,O=c1[nH]c(=O)c2[nH]cnc2[nH]1,0.2936058009228741,0,0.3312127523392558
Cn1c(=O)[nH]c2ncn(C)c2c1=O,0,O=c1[nH]c(=O)c2[nH]cnc2[nH]1,Cc1ccccc1-n1c(C)nc2ccccc2c1=O,1,O=c1c2ccccc2ncn1-c1ccccc1,0.18330241187384047,0,0.44055377868554374
Cn1c(=O)c2c(ncn2C)n(C)c1=O,1,O=c1[nH]c(=O)c2[nH]cnc2[nH]1,C[C@@H](O)CCCCn1c(=O)c2c(ncn2C)n(C)c1=O,1,O=c1[nH]c(=O)c2[nH]cnc2[nH]1,0.542577030812325,0,0.32707542421878094
Cn1c(=O)c2c(ncn2C)n(C)c1=O,1,O=c1[nH]c(=O)c2[nH]cnc2[nH]1,Cn1c(=O)c2[nH]cnc2n(C)c1=O,1,O=c1[nH]c(=O)c2[nH]cnc2[nH]1,0.45321428571428574,0,0.4162631608301032
Cn1c(=O)c2c(ncn2C)n(C)c1=O,1,O=c1[nH]c(=O)c2[nH]cnc2[nH]1,Cc1c(N(C)C)c(=O)n(-c2ccccc2)n1C,1,O=c1cc[nH]n1-c1ccccc1,0.18015607580824972,1,0.7640630356221645
Cn1c(=O)c2c(ncn2C)n(C)c1=O,1,O=c1[nH]c(=O)c2[nH]cnc2[nH]1,Cc1cc(=O)n(-c2ccccc2)n1C,1,O=c1cc[nH]n1-c1ccccc1,0.17594684385382062,1,0.7223069689031472
O=C1CCc2ccc(OCCCCN3CCN(c4cccc(Cl)c4Cl)CC3)cc2N1,1,O=C1CCc2ccc(OCCCCN3CCN(c4ccccc4)CC3)cc2N1,O=C1CCc2cc(OCCCCc3nnnn3C3CCCCC3)ccc2N1,1,O=C1CCc2cc(OCCCCc3nnnn3C3CCCCC3)ccc2N1,0.37431604736627194,1,0.8505410380950947
O=C1CCc2ccc(OCCCCN3CCN(c4cccc(Cl)c4Cl)CC3)cc2N1,1,O=C1CCc2ccc(OCCCCN3CCN(c4ccccc4)CC3)cc2N1,CCc1nn(CCCN2CCN(c3cccc(Cl)c3)CC2)c(=O)n1CCOc1ccccc1,1,O=c1n(CCOc2ccccc2)cnn1CCCN1CCN(c2ccccc2)CC1,0.3498795180722892,1,0.9552892703579559
O=C1CCc2ccc(OCCCCN3CCN(c4cccc(Cl)c4Cl)CC3)cc2N1,1,O=C1CCc2ccc(OCCCCN3CCN(c4ccccc4)CC3)cc2N1,O=C1Cc2cc(CCN3CCN(c4nsc5ccccc45)CC3)c(Cl)cc2N1,1,O=C1Cc2cc(CCN3CCN(c4nsc5ccccc45)CC3)ccc2N1,0.3415396341463415,1,0.9404296512545707
O=C1CCc2ccc(OCCCCN3CCN(c4cccc(Cl)c4Cl)CC3)cc2N1,1,O=C1CCc2ccc(OCCCCN3CCN(c4ccccc4)CC3)cc2N1,COc1ccc(C(=O)N2CCN(c3ccc4c(c3)CCC(=O)N4)CC2)cc1OC,1,O=C1CCc2cc(N3CCN(C(=O)c4ccccc4)CC3)ccc2N1,0.31421052631578944,1,0.8764472633952641
CO[C@]12CC[C@@]3(C[C@@H]1[C@](C)(O)C(C)(C)C)[C@H]1Cc4ccc(O)c5c4[C@@]3(CCN1CC1CC1)[C@@H]2O5,1,c1cc2c3c(c1)OC1C4CCC5(CC4)C(C2)N(CC2CC2)CCC315,COc1ccc2c3c1O[C@H]1[C@@H](O)CC[C@H]4[C@@H](C2)N(C)CC[C@@]341,1,c1cc2c3c(c1)OC1CCCC4C(C2)NCCC314,0.28752136752136753,1,0.915236944151496
CO[C@]12CC[C@@]3(C[C@@H]1[C@](C)(O)C(C)(C)C)[C@H]1Cc4ccc(O)c5c4[C@@]3(CCN1CC1CC1)[C@@H]2O5,1,c1cc2c3c(c1)OC1C4CCC5(CC4)C(C2)N(CC2CC2)CCC315,COc1ccc2c3c1O[C@H]1C(=O)CC[C@H]4[C@@H](C2)N(C)CC[C@]314,1,O=C1CCC2C3Cc4cccc5c4C2(CCN3)C1O5,0.2682274247491639,1,0.8955493589104842
CO[C@]12CC[C@@]3(C[C@@H]1[C@](C)(O)C(C)(C)C)[C@H]1Cc4ccc(O)c5c4[C@@]3(CCN1CC1CC1)[C@@H]2O5,1,c1cc2c3c(c1)OC1C4CCC5(CC4)C(C2)N(CC2CC2)CCC315,COc1ccc2c3c1O[C@H]1C[C@@H](O)C=C[C@@]31CCN(C)C2,1,C1=CC23CCNCc4cccc(c42)OC3CC1,0.2564251207729469,1,0.9060593775851087
CO[C@]12CC[C@@]3(C[C@@H]1[C@](C)(O)C(C)(C)C)[C@H]1Cc4ccc(O)c5c4[C@@]3(CCN1CC1CC1)[C@@H]2O5,1,c1cc2c3c(c1)OC1C4CCC5(CC4)C(C2)N(CC2CC2)CCC315,CN1CCc2cccc3c2[C@@H]1Cc1ccc(O)c(O)c1-3,1,c1ccc2c(c1)CC1NCCc3cccc-2c31,0.19931600547195621,1,0.8534562626306164
CCOCn1c(Cc2ccccc2)c(C(C)C)c(=O)[nH]c1=O,1,O=c1cc(Cc2ccccc2)[nH]c(=O)[nH]1,CCOC(=O)[C@H](CCc1ccccc1)N[C@@H](C)C(=O)N1CCC[C@H]1C(=O)O,1,O=C(CNCCCc1ccccc1)N1CCCC1,0.22178524083075565,1,0.7499366208649408
CCOCn1c(Cc2ccccc2)c(C(C)C)c(=O)[nH]c1=O,1,O=c1cc(Cc2ccccc2)[nH]c(=O)[nH]1,CCOCc1nc2c(N)nc3ccccc3c2n1CC(C)(C)O,1,c1ccc2c(c1)ncc1nc[nH]c12,0.20630222010026258,1,0.7653643089319592
CCOCn1c(Cc2ccccc2)c(C(C)C)c(=O)[nH]c1=O,1,O=c1cc(Cc2ccccc2)[nH]c(=O)[nH]1,CCOc1ccccc1O[C@H](c1ccccc1)[C@H]1CNCCO1,1,c1ccc(OC(c2ccccc2)C2CNCCO2)cc1,0.20316742081447964,1,0.7717671000755629
CCOCn1c(Cc2ccccc2)c(C(C)C)c(=O)[nH]c1=O,1,O=c1cc(Cc2ccccc2)[nH]c(=O)[nH]1,C#CCN(C)[C@@H](C)Cc1ccccc1,1,c1ccccc1,0.20186335403726707,1,0.7409186917375711
O=c1oc2ccccc2c(O)c1Cc1c(O)c2ccccc2oc1=O,0,O=c1oc2ccccc2cc1Cc1cc2ccccc2oc1=O,CC(=O)C[C@@H](c1ccccc1)c1c(O)c2ccccc2oc1=O,1,O=c1oc2ccccc2cc1Cc1ccccc1,0.5129198966408268,0,0.22826180555070819
O=c1oc2ccccc2c(O)c1Cc1c(O)c2ccccc2oc1=O,0,O=c1oc2ccccc2cc1Cc1cc2ccccc2oc1=O,CC(=O)C[C@@H](c1ccc([N+](=O)[O-])cc1)c1c(O)c2ccccc2oc1=O,1,O=c1oc2ccccc2cc1Cc1ccccc1,0.42307692307692313,0,0.2515152744643096
O=c1oc2ccccc2c(O)c1Cc1c(O)c2ccccc2oc1=O,0,O=c1oc2ccccc2cc1Cc1cc2ccccc2oc1=O,NS(=O)(=O)Cc1noc2ccccc12,1,c1ccc2oncc2c1,0.2694096601073345,0,0.1693590682658265
O=c1oc2ccccc2c(O)c1Cc1c(O)c2ccccc2oc1=O,0,O=c1oc2ccccc2cc1Cc1cc2ccccc2oc1=O,Cc1ccccc1-n1c(C)nc2ccccc2c1=O,1,O=c1c2ccccc2ncn1-c1ccccc1,0.24561403508771934,0,0.42442545586377184
CC(=O)NC[C@H]1CN(c2ccc(N3CCOCC3)c(F)c2)C(=O)O1,0,O=C1OCCN1c1ccc(N2CCOCC2)cc1,CC(=O)N1CCN(c2ccc(OC[C@H]3CO[C@](Cn4ccnc4)(c4ccc(Cl)cc4Cl)O3)cc2)CC1,1,c1ccc(C2(Cn3ccnc3)OCC(COc3ccc(N4CCNCC4)cc3)O2)cc1,0.21258037461559967,0,0.21659805889340739
CC(=O)NC[C@H]1CN(c2ccc(N3CCOCC3)c(F)c2)C(=O)O1,0,O=C1OCCN1c1ccc(N2CCOCC2)cc1,COc1cc(N)c(Cl)cc1C(=O)N[C@H]1CCN(CCCOc2ccc(F)cc2)C[C@H]1OC,1,O=C(NC1CCN(CCCOc2ccccc2)CC1)c1ccccc1,0.2058823529411765,0,0.30285530022563106
CC(=O)NC[C@H]1CN(c2ccc(N3CCOCC3)c(F)c2)C(=O)O1,0,O=C1OCCN1c1ccc(N2CCOCC2)cc1,COc1cc(C(C)=O)ccc1OCCCN1CCC(c2noc3cc(F)ccc23)CC1,1,c1ccc(OCCCN2CCC(c3noc4ccccc34)CC2)cc1,0.19468085106382982,0,0.281361167723767
CC(=O)NC[C@H]1CN(c2ccc(N3CCOCC3)c(F)c2)C(=O)O1,0,O=C1OCCN1c1ccc(N2CCOCC2)cc1,Cc1cccc(C)c1NC(=O)CN1CCCC1=O,1,O=C(CN1CCCC1=O)Nc1ccccc1,0.19191919191919193,0,0.26486919054930486
CCCC(=O)O[C@H]1[C@H](C)O[C@@H](O[C@H]2[C@H](N(C)C)[C@@H](O)[C@H](O[C@H]3[C@@H](CC=O)C[C@@H](C)[C@@H](O)C=CC=CC[C@@H](C)OC(=O)C[C@@H](O)[C@@H]3OC)O[C@@H]2C)C[C@@]1(C)OC(=O)CC,0,O=C1CCCC(OC2CCC(OC3CCCCO3)CO2)CCCCC=CC=CCCO1,CC[C@H]1OC(=O)[C@H](C)[C@@H](O[C@H]2C[C@@](C)(OC)[C@@H](O)[C@H](C)O2)[C@H](C)[C@@H](O[C@@H]2O[C@H](C)C[C@H](N(C)C)[C@H]2O)[C@](C)(OC)C[C@@H](C)C(=O)[C@H](C)[C@@H](O)[C@]1(C)O,1,O=C1CCCCOC(=O)CC(OC2CCCCO2)CC(OC2CCCCO2)CCC1,0.3103255813953489,0,0.16307084550506384
CCCC(=O)O[C@H]1[C@H](C)O[C@@H](O[C@H]2[C@H](N(C)C)[C@@H](O)[C@H](O[C@H]3[C@@H](CC=O)C[C@@H](C)[C@@H](O)C=CC=CC[C@@H](C)OC(=O)C[C@@H](O)[C@@H]3OC)O[C@@H]2C)C[C@@]1(C)OC(=O)CC,0,O=C1CCCC(OC2CCC(OC3CCCCO3)CO2)CCCCC=CC=CCCO1,CC[C@H]1OC(=O)[C@H](C)[C@@H](O[C@H]2C[C@@](C)(OC)[C@@H](O)[C@H](C)O2)[C@H](C)[C@@H](O[C@@H]2O[C@H](C)C[C@H](N(C)C)[C@H]2O)[C@](C)(O)C[C@@H](C)C(=O)[C@H](C)[C@@H](O)[C@]1(C)O,1,O=C1CCCCOC(=O)CC(OC2CCCCO2)CC(OC2CCCCO2)CCC1,0.3031137002812374,0,0.13087331988929873
CCCC(=O)O[C@H]1[C@H](C)O[C@@H](O[C@H]2[C@H](N(C)C)[C@@H](O)[C@H](O[C@H]3[C@@H](CC=O)C[C@@H](C)[C@@H](O)C=CC=CC[C@@H](C)OC(=O)C[C@@H](O)[C@@H]3OC)O[C@@H]2C)C[C@@]1(C)OC(=O)CC,0,O=C1CCCC(OC2CCC(OC3CCCCO3)CO2)CCCCC=CC=CCCO1,CC[C@H]1OC(=O)[C@H](C)[C@@H](O[C@H]2C[C@@](C)(OC)[C@@H](O)[C@H](C)O2)[C@H](C)[C@@H](O[C@@H]2O[C@H](C)C[C@H](N(C)C)[C@H]2O)[C@](C)(O)C[C@@H](C)/C(=N\OCOCCOC)[C@H](C)[C@@H](O)[C@]1(C)O,1,N=C1CCCCOC(=O)CC(OC2CCCCO2)CC(OC2CCCCO2)CCC1,0.273184584178499,0,0.179122030843667
CCCC(=O)O[C@H]1[C@H](C)O[C@@H](O[C@H]2[C@H](N(C)C)[C@@H](O)[C@H](O[C@H]3[C@@H](CC=O)C[C@@H](C)[C@@H](O)C=CC=CC[C@@H](C)OC(=O)C[C@@H](O)[C@@H]3OC)O[C@@H]2C)C[C@@]1(C)OC(=O)CC,0,O=C1CCCC(OC2CCC(OC3CCCCO3)CO2)CCCCC=CC=CCCO1,CO[C@H]1C[C@H](O[C@H]2[C@H](C)[C@@H](O[C@@H]3O[C@H](C)C[C@H](N(C)C)[C@H]3OC(C)=O)[C@@H](C)C[C@]3(CO3)C(=O)[C@H](C)[C@@H](OC(C)=O)[C@@H](C)[C@@H](C)OC(=O)[C@@H]2C)O[C@@H](C)[C@@H]1OC(C)=O,1,O=C1CC(OC2CCCCO2)CC(OC2CCCCO2)CCC2(CO2)C(=O)CCCCO1,0.2567531806615776,0,0.22247994213208902
CO[C@@H]1[C@@H](O[C@@H]2O[C@H](C)[C@@H](O[C@H]3C[C@@](C)(O)[C@@H](OC(=O)CC(C)C)[C@H](C)O3)[C@H](N(C)C)[C@H]2O)[C@@H](CC=O)C[C@@H](C)[C@@H](O)C=CC=CC[C@@H](C)OC(=O)C[C@H]1OC(C)=O,0,O=C1CCCC(OC2CCC(OC3CCCCO3)CO2)CCCCC=CC=CCCO1,CC[C@H]1OC(=O)[C@H](C)[C@@H](O[C@H]2C[C@@](C)(OC)[C@@H](O)[C@H](C)O2)[C@H](C)[C@@H](O[C@@H]2O[C@H](C)C[C@H](N(C)C)[C@H]2O)[C@](C)(O)C[C@@H](C)C(=O)[C@H](C)[C@@H](O)[C@]1(C)O,1,O=C1CCCCOC(=O)CC(OC2CCCCO2)CC(OC2CCCCO2)CCC1,0.30230303030303035,0,0.13511649652964716
CO[C@@H]1[C@@H](O[C@@H]2O[C@H](C)[C@@H](O[C@H]3C[C@@](C)(O)[C@@H](OC(=O)CC(C)C)[C@H](C)O3)[C@H](N(C)C)[C@H]2O)[C@@H](CC=O)C[C@@H](C)[C@@H](O)C=CC=CC[C@@H](C)OC(=O)C[C@H]1OC(C)=O,0,O=C1CCCC(OC2CCC(OC3CCCCO3)CO2)CCCCC=CC=CCCO1,CO[C@H]1C[C@H](O[C@H]2[C@H](C)[C@@H](O[C@@H]3O[C@H](C)C[C@H](N(C)C)[C@H]3OC(C)=O)[C@@H](C)C[C@]3(CO3)C(=O)[C@H](C)[C@@H](OC(C)=O)[C@@H](C)[C@@H](C)OC(=O)[C@@H]2C)O[C@@H](C)[C@@H]1OC(C)=O,1,O=C1CC(OC2CCCCO2)CC(OC2CCCCO2)CCC2(CO2)C(=O)CCCCO1,0.29444444444444445,0,0.214697334150367
CO[C@@H]1[C@@H](O[C@@H]2O[C@H](C)[C@@H](O[C@H]3C[C@@](C)(O)[C@@H](OC(=O)CC(C)C)[C@H](C)O3)[C@H](N(C)C)[C@H]2O)[C@@H](CC=O)C[C@@H](C)[C@@H](O)C=CC=CC[C@@H](C)OC(=O)C[C@H]1OC(C)=O,0,O=C1CCCC(OC2CCC(OC3CCCCO3)CO2)CCCCC=CC=CCCO1,CC[C@H]1OC(=O)[C@H](C)[C@@H](O[C@H]2C[C@@](C)(OC)[C@@H](O)[C@H](C)O2)[C@H](C)[C@@H](O[C@@H]2O[C@H](C)C[C@H](N(C)C)[C@H]2O)[C@](C)(OC)C[C@@H](C)C(=O)[C@H](C)[C@@H](O)[C@]1(C)O,1,O=C1CCCCOC(=O)CC(OC2CCCCO2)CC(OC2CCCCO2)CCC1,0.28660287081339714,0,0.20049421053873687
CO[C@@H]1[C@@H](O[C@@H]2O[C@H](C)[C@@H](O[C@H]3C[C@@](C)(O)[C@@H](OC(=O)CC(C)C)[C@H](C)O3)[C@H](N(C)C)[C@H]2O)[C@@H](CC=O)C[C@@H](C)[C@@H](O)C=CC=CC[C@@H](C)OC(=O)C[C@H]1OC(C)=O,0,O=C1CCCC(OC2CCC(OC3CCCCO3)CO2)CCCCC=CC=CCCO1,CC[C@H]1OC(=O)[C@H](C)[C@@H](O[C@H]2C[C@@](C)(OC)[C@@H](O)[C@H](C)O2)[C@H](C)[C@@H](O[C@@H]2O[C@H](C)C[C@H](N(C)C)[C@H]2O)[C@](C)(O)C[C@@H](C)/C(=N\OCOCCOC)[C@H](C)[C@@H](O)[C@]1(C)O,1,N=C1CCCCOC(=O)CC(OC2CCCCO2)CC(OC2CCCCO2)CCC1,0.2725048923679061,0,0.17948195152666654
Clc1ccc(CO/N=C(\Cn2ccnc2)c2ccc(Cl)cc2Cl)c(Cl)c1,0,c1ccc(CON=C(Cn2ccnc2)c2ccccc2)cc1,Clc1ccc(CO[C@@H](Cn2ccnc2)c2ccc(Cl)cc2Cl)c(Cl)c1,1,c1ccc(COC(Cn2ccnc2)c2ccccc2)cc1,0.5238095238095238,0,0.27332786867926273
Clc1ccc(CO/N=C(\Cn2ccnc2)c2ccc(Cl)cc2Cl)c(Cl)c1,0,c1ccc(CON=C(Cn2ccnc2)c2ccccc2)cc1,CC(=O)N1CCN(c2ccc(OC[C@H]3CO[C@](Cn4ccnc4)(c4ccc(Cl)cc4Cl)O3)cc2)CC1,1,c1ccc(C2(Cn3ccnc3)OCC(COc3ccc(N4CCNCC4)cc3)O2)cc1,0.30791788856304986,0,0.18397618836967805
Clc1ccc(CO/N=C(\Cn2ccnc2)c2ccc(Cl)cc2Cl)c(Cl)c1,0,c1ccc(CON=C(Cn2ccnc2)c2ccccc2)cc1,Oc1nc2cc(Cl)ccc2o1,1,c1ccc2ocnc2c1,0.19263080324244658,0,0.2620766897167345
Clc1ccc(CO/N=C(\Cn2ccnc2)c2ccc(Cl)cc2Cl)c(Cl)c1,0,c1ccc(CON=C(Cn2ccnc2)c2ccccc2)cc1,Cc1nnc2n1-c1ccc(Cl)cc1C(c1ccccc1Cl)=NC2,1,c1ccc(C2=NCc3nncn3-c3ccccc32)cc1,0.1923923923923924,0,0.4922606915208758
C#C[C@]1(O)CC[C@H]2[C@@H]3CCC4=CC(=O)CC[C@@H]4[C@H]3C(=C)C[C@@]21CC,1,C=C1CC2CCCC2C2CCC3=CC(=O)CCC3C12,C#C[C@]1(O)CC[C@H]2[C@@H]3CCC4=CC(=O)CC[C@@H]4[C@H]3CC[C@@]21CC,1,O=C1C=C2CCC3C4CCCC4CCC3C2CC1,0.7361054766734281,1,0.7855192894894456
C#C[C@]1(O)CC[C@H]2[C@@H]3CCC4=CC(=O)CC[C@@H]4[C@H]3C(=C)C[C@@]21CC,1,C=C1CC2CCCC2C2CCC3=CC(=O)CCC3C12,C#C[C@]1(O)C=C[C@H]2[C@@H]3CCC4=CC(=O)CC[C@@H]4[C@H]3CC[C@@]21CC,1,O=C1C=C2CCC3C4C=CCC4CCC3C2CC1,0.5428122545168893,1,0.7697015178905081
C#C[C@]1(O)CC[C@H]2[C@@H]3CCC4=CC(=O)CC[C@@H]4[C@H]3C(=C)C[C@@]21CC,1,C=C1CC2CCCC2C2CCC3=CC(=O)CCC3C12,C[C@]12CC[C@H]3[C@@H](CCC4=CC(=O)CC[C@@]43C)[C@@H]1CC[C@@H]2O,1,O=C1C=C2CCC3C4CCCC4CCC3C2CC1,0.31367521367521367,1,0.860777654195812
C#C[C@]1(O)CC[C@H]2[C@@H]3CCC4=CC(=O)CC[C@@H]4[C@H]3C(=C)C[C@@]21CC,1,C=C1CC2CCCC2C2CCC3=CC(=O)CCC3C12,C#C[C@]1(O)CC[C@H]2[C@@H]3CCc4cc(O)ccc4[C@H]3CC[C@@]21C,1,c1ccc2c(c1)CCC1C2CCC2CCCC21,0.31324786324786325,1,0.709095592780667
CCCCN(CCCC)CC[C@H](O)c1cc2c(Cl)cc(Cl)cc2c2cc(C(F)(F)F)ccc12,1,c1ccc2c(c1)ccc1ccccc12,CCCCN(CCCC)C[C@@H](O)c1cc(Cl)cc2c1-c1ccc(Cl)cc1/C2=C\c1ccc(Cl)cc1,1,C(=C1c2ccccc2-c2ccccc21)c1ccccc1,0.35854700854700855,1,0.7586656985365812
CCCCN(CCCC)CC[C@H](O)c1cc2c(Cl)cc(Cl)cc2c2cc(C(F)(F)F)ccc12,1,c1ccc2c(c1)ccc1ccccc12,CCN(CC)CCC[C@H](C)Nc1ccnc2cc(Cl)ccc12,1,c1ccc2ncccc2c1,0.265054528212423,1,0.8827941099482709
CCCCN(CCCC)CC[C@H](O)c1cc2c(Cl)cc(Cl)cc2c2cc(C(F)(F)F)ccc12,1,c1ccc2c(c1)ccc1ccccc12,CNCC[C@@H](Oc1ccc(C(F)(F)F)cc1)c1ccccc1,1,c1ccc(COc2ccccc2)cc1,0.21216931216931217,1,0.8600683705866274
CCCCN(CCCC)CC[C@H](O)c1cc2c(Cl)cc(Cl)cc2c2cc(C(F)(F)F)ccc12,1,c1ccc2c(c1)ccc1ccccc12,O[C@@H](c1cc(C(F)(F)F)nc2c(C(F)(F)F)cccc12)[C@H]1CCCCN1,1,c1ccc2c(CC3CCCCN3)ccnc2c1,0.19160493827160494,1,0.8224384756793472
CC(C)c1nc(COC(N)=O)n(Cc2ccncc2)c1Sc1cc(Cl)cc(Cl)c1,0,c1ccc(Sc2cncn2Cc2ccncc2)cc1,NC(=O)OCC(COC(N)=O)c1ccccc1,1,c1ccccc1,0.22205882352941178,0,0.12660716626158633
CC(C)c1nc(COC(N)=O)n(Cc2ccncc2)c1Sc1cc(Cl)cc(Cl)c1,0,c1ccc(Sc2cncn2Cc2ccncc2)cc1,COCc1c(C(C)C)nc(C(C)C)c(/C=C\[C@@H](O)C[C@@H](O)CC(=O)O)c1-c1ccc(F)cc1,1,c1ccc(-c2ccncc2)cc1,0.21277777777777782,0,0.40549578543547277
CC(C)c1nc(COC(N)=O)n(Cc2ccncc2)c1Sc1cc(Cl)cc(Cl)c1,0,c1ccc(Sc2cncn2Cc2ccncc2)cc1,Clc1ccc(CO[C@@H](Cn2ccnc2)c2ccc(Cl)cc2Cl)c(Cl)c1,1,c1ccc(COC(Cn2ccnc2)c2ccccc2)cc1,0.20161290322580647,0,0.20828842090917307
CC(C)c1nc(COC(N)=O)n(Cc2ccncc2)c1Sc1cc(Cl)cc(Cl)c1,0,c1ccc(Sc2cncn2Cc2ccncc2)cc1,CC(C)c1nc(CN(C)C(=O)N[C@H](C(=O)N[C@@H](Cc2ccccc2)C[C@H](O)[C@H](Cc2ccccc2)NC(=O)OCc2cncs2)C(C)C)cs1,1,O=C(CNC(=O)NCc1cscn1)NC(CCC(Cc1ccccc1)NC(=O)OCc1cncs1)Cc1ccccc1,0.20063514467184193,0,0.16645324620328172
CN1C(=O)[C@@](C)(C2=CCCCC2)C(=O)N=C1O,0,O=C1N=CNC(=O)C1C1=CCCCC1,C[C@]12CC[C@H](O)CC1=CC[C@@H]1[C@@H]2CC[C@]2(C)C(=O)CC[C@@H]12,1,O=C1CCC2C1CCC1C3CCCCC3=CCC21,0.22153846153846157,0,0.08176443508661695
CN1C(=O)[C@@](C)(C2=CCCCC2)C(=O)N=C1O,0,O=C1N=CNC(=O)C1C1=CCCCC1,CN1C(=O)OC(C)(C)C1=O,1,O=C1COC(=O)N1,0.21931818181818183,0,0.018524559043837253
CN1C(=O)[C@@](C)(C2=CCCCC2)C(=O)N=C1O,0,O=C1N=CNC(=O)C1C1=CCCCC1,C[C@]12CC[C@H]3[C@@H](CCC4=CC(=O)CC[C@@]43C)[C@@H]1CC[C@@H]2O,1,O=C1C=C2CCC3C4CCCC4CCC3C2CC1,0.2028404344193818,0,0.08895649972887257
CN1C(=O)[C@@](C)(C2=CCCCC2)C(=O)N=C1O,0,O=C1N=CNC(=O)C1C1=CCCCC1,CC(=O)[C@H]1CC[C@H]2[C@@H]3CCC4=CC(=O)CC[C@]4(C)[C@H]3CC[C@]12C,1,O=C1C=C2CCC3C4CCCC4CCC3C2CC1,0.20190476190476192,0,0.07985930337158809
CC(C)(C)c1cc(C[C@H]2SCNC2=O)cc(C(C)(C)C)c1O,1,O=C1NCSC1Cc1ccccc1,C[C@]12CC[C@@H]3c4ccc(O)cc4CC[C@H]3[C@@H]1CCC2=O,1,O=C1CCC2C1CCC1c3ccccc3CCC12,0.1670769230769231,1,0.8160560458652744
CC(C)(C)c1cc(C[C@H]2SCNC2=O)cc(C(C)(C)C)c1O,1,O=C1NCSC1Cc1ccccc1,CC(C)(C)c1ccc(C(=O)CCCN2CCC(OC(c3ccccc3)c3ccccc3)CC2)cc1,1,O=C(CCCN1CCC(OC(c2ccccc2)c2ccccc2)CC1)c1ccccc1,0.16475225225225226,0,0.4870537966103791
CC(C)(C)c1cc(C[C@H]2SCNC2=O)cc(C(C)(C)C)c1O,1,O=C1NCSC1Cc1ccccc1,CC(=O)C[C@@H](c1ccccc1)c1c(O)c2ccccc2oc1=O,1,O=c1oc2ccccc2cc1Cc1ccccc1,0.1556372549019608,1,0.8701023340687454
CC(C)(C)c1cc(C[C@H]2SCNC2=O)cc(C(C)(C)C)c1O,1,O=C1NCSC1Cc1ccccc1,CC(=O)Nc1ccc(O)cc1,1,c1ccccc1,0.15545945945945946,1,0.8324824320732122
CCOC(=O)C1=C(C)NC(C)=C(C(=O)OCC)C1c1ccccc1/C=C\C(=O)OC(C)(C)C,1,C1=CC(c2ccccc2)C=CN1,CCOC(=O)C1=C(C)NC(C)=C(C(=O)OC)[C@@H]1c1cccc(Cl)c1Cl,1,C1=CC(c2ccccc2)C=CN1,0.49128892392589674,1,0.8923943543406444
CCOC(=O)C1=C(C)NC(C)=C(C(=O)OCC)C1c1ccccc1/C=C\C(=O)OC(C)(C)C,1,C1=CC(c2ccccc2)C=CN1,CCOC(=O)C1=C(COCCN)NC(C)=C(C(=O)OC)[C@@H]1c1ccccc1Cl,1,C1=CC(c2ccccc2)C=CN1,0.4225968648328897,1,0.8143167009588291
CCOC(=O)C1=C(C)NC(C)=C(C(=O)OCC)C1c1ccccc1/C=C\C(=O)OC(C)(C)C,1,C1=CC(c2ccccc2)C=CN1,CCOC(=O)C1=C(C)NC(C)=C(C(=O)OC)[C@@H]1c1cccc([N+](=O)[O-])c1,1,C1=CC(c2ccccc2)C=CN1,0.40737812911725957,1,0.8765800200605708
CCOC(=O)C1=C(C)NC(C)=C(C(=O)OCC)C1c1ccccc1/C=C\C(=O)OC(C)(C)C,1,C1=CC(c2ccccc2)C=CN1,COC(=O)C1=C(C)NC(C)=C(C(=O)OCC(C)C)[C@H]1c1ccccc1[N+](=O)[O-],1,C1=CC(c2ccccc2)C=CN1,0.4062810945273632,1,0.8961744098477996
COC(=O)C1=C(C)NC(C)=C(C(=O)OCC(C)=O)[C@@H]1c1ccccc1[N+](=O)[O-],0,C1=CC(c2ccccc2)C=CN1,COC(=O)C1=C(C)NC(C)=C(C(=O)OC)C1c1ccccc1[N+](=O)[O-],1,C1=CC(c2ccccc2)C=CN1,0.8164512338425383,1,0.7607715327771918
COC(=O)C1=C(C)NC(C)=C(C(=O)OCC(C)=O)[C@@H]1c1ccccc1[N+](=O)[O-],0,C1=CC(c2ccccc2)C=CN1,COC(=O)C1=C(C)NC(C)=C(C(=O)OCC(C)C)[C@H]1c1ccccc1[N+](=O)[O-],1,C1=CC(c2ccccc2)C=CN1,0.7737735849056605,1,0.7399369808693889
COC(=O)C1=C(C)NC(C)=C(C(=O)OCC(C)=O)[C@@H]1c1ccccc1[N+](=O)[O-],0,C1=CC(c2ccccc2)C=CN1,CCOC(=O)C1=C(C)NC(C)=C(C(=O)OC)[C@@H]1c1cccc([N+](=O)[O-])c1,1,C1=CC(c2ccccc2)C=CN1,0.5694308943089432,1,0.7634265386046689
COC(=O)C1=C(C)NC(C)=C(C(=O)OCC(C)=O)[C@@H]1c1ccccc1[N+](=O)[O-],0,C1=CC(c2ccccc2)C=CN1,COC(=O)C1=C(C)NC(C)=C(C(=O)OC/C=C/c2ccccc2)[C@H]1c1cccc([N+](=O)[O-])c1,1,O=C(OCC=Cc1ccccc1)C1=CNC=CC1c1ccccc1,0.5186928104575164,1,0.7889563539897585
CCOC(=O)C1=C(C)NC(C)=C(C(=O)OC)[C@@H]1c1cccc(Cl)c1Cl,1,C1=CC(c2ccccc2)C=CN1,CCOC(=O)C1=C(COCCN)NC(C)=C(C(=O)OC)[C@@H]1c1ccccc1Cl,1,C1=CC(c2ccccc2)C=CN1,0.6424475823705607,1,0.7791082602598205
CCOC(=O)C1=C(C)NC(C)=C(C(=O)OC)[C@@H]1c1cccc(Cl)c1Cl,1,C1=CC(c2ccccc2)C=CN1,CCOC(=O)C1=C(C)NC(C)=C(C(=O)OC)[C@@H]1c1cccc([N+](=O)[O-])c1,1,C1=CC(c2ccccc2)C=CN1,0.5495016611295681,1,0.8632191091190984
CCOC(=O)C1=C(C)NC(C)=C(C(=O)OC)[C@@H]1c1cccc(Cl)c1Cl,1,C1=CC(c2ccccc2)C=CN1,COC(=O)C1=C(C)NC(C)=C(C(=O)OC)C1c1ccccc1[N+](=O)[O-],1,C1=CC(c2ccccc2)C=CN1,0.5095238095238096,1,0.8785898730187522
CCOC(=O)C1=C(C)NC(C)=C(C(=O)OC)[C@@H]1c1cccc(Cl)c1Cl,1,C1=CC(c2ccccc2)C=CN1,COC(=O)C1=C(C)NC(C)=C(C(=O)OCC(C)C)[C@H]1c1ccccc1[N+](=O)[O-],1,C1=CC(c2ccccc2)C=CN1,0.504331450094162,1,0.8775606795064611
COC(=O)C1=C(C)NC(C)=C(C(=O)OC)C1c1ccccc1[N+](=O)[O-],1,C1=CC(c2ccccc2)C=CN1,COC(=O)C1=C(C)NC(C)=C(C(=O)OCC(C)C)[C@H]1c1ccccc1[N+](=O)[O-],1,C1=CC(c2ccccc2)C=CN1,0.8027602070155262,1,0.7967879699916838
COC(=O)C1=C(C)NC(C)=C(C(=O)OC)C1c1ccccc1[N+](=O)[O-],1,C1=CC(c2ccccc2)C=CN1,CCOC(=O)C1=C(C)NC(C)=C(C(=O)OC)[C@@H]1c1cccc([N+](=O)[O-])c1,1,C1=CC(c2ccccc2)C=CN1,0.5727095516569201,1,0.7969527025200097
COC(=O)C1=C(C)NC(C)=C(C(=O)OC)C1c1ccccc1[N+](=O)[O-],1,C1=CC(c2ccccc2)C=CN1,COC(=O)C1=C(C)NC(C)=C(C(=O)OC/C=C/c2ccccc2)[C@H]1c1cccc([N+](=O)[O-])c1,1,O=C(OCC=Cc1ccccc1)C1=CNC=CC1c1ccccc1,0.5170506912442396,1,0.7776590837001086
COC(=O)C1=C(C)NC(C)=C(C(=O)OC)C1c1ccccc1[N+](=O)[O-],1,C1=CC(c2ccccc2)C=CN1,CCOC(=O)C1=C(C)NC(C)=C(C(=O)OC)[C@@H]1c1cccc(Cl)c1Cl,1,C1=CC(c2ccccc2)C=CN1,0.5095238095238096,1,0.9090304976619834
CCCOCCOC(=O)C1=C(C)NC(C)=C(C(=O)OCCOCCC)C1c1cccc([N+](=O)[O-])c1,1,C1=CC(c2ccccc2)C=CN1,CCOC(=O)C1=C(C)NC(C)=C(C(=O)OC)[C@@H]1c1cccc([N+](=O)[O-])c1,1,C1=CC(c2ccccc2)C=CN1,0.7387533875338754,1,0.9391203266342258
CCCOCCOC(=O)C1=C(C)NC(C)=C(C(=O)OCCOCCC)C1c1cccc([N+](=O)[O-])c1,1,C1=CC(c2ccccc2)C=CN1,COCCOC(=O)C1=C(C)NC(C)=C(C(=O)OC(C)C)[C@@H]1c1cccc([N+](=O)[O-])c1,1,C1=CC(c2ccccc2)C=CN1,0.733578131374949,1,0.880039677065823
CCCOCCOC(=O)C1=C(C)NC(C)=C(C(=O)OCCOCCC)C1c1cccc([N+](=O)[O-])c1,1,C1=CC(c2ccccc2)C=CN1,COCCOC(=O)C1=C(C)NC(C)=C(C(=O)OC/C=C/c2ccccc2)[C@H]1c1cccc([N+](=O)[O-])c1,1,O=C(OCC=Cc1ccccc1)C1=CNC=CC1c1ccccc1,0.6717460317460318,1,0.8742395442563734
CCCOCCOC(=O)C1=C(C)NC(C)=C(C(=O)OCCOCCC)C1c1cccc([N+](=O)[O-])c1,1,C1=CC(c2ccccc2)C=CN1,COC(=O)C1=C(C)NC(C)=C(C(=O)OC/C=C/c2ccccc2)[C@H]1c1cccc([N+](=O)[O-])c1,1,O=C(OCC=Cc1ccccc1)C1=CNC=CC1c1ccccc1,0.6216666666666667,1,0.9292160040408748
COC(=O)C1=C(C#N)NC(C)=C(C(=O)OC(C)C)[C@H]1c1cccc([N+](=O)[O-])c1,1,C1=CC(c2ccccc2)C=CN1,COCCOC(=O)C1=C(C)NC(C)=C(C(=O)OC(C)C)[C@@H]1c1cccc([N+](=O)[O-])c1,1,C1=CC(c2ccccc2)C=CN1,0.6881231671554252,1,0.8149520268372513
COC(=O)C1=C(C#N)NC(C)=C(C(=O)OC(C)C)[C@H]1c1cccc([N+](=O)[O-])c1,1,C1=CC(c2ccccc2)C=CN1,CCOC(=O)C1=C(C)NC(C)=C(C(=O)OC)[C@@H]1c1cccc([N+](=O)[O-])c1,1,C1=CC(c2ccccc2)C=CN1,0.66015503875969,1,0.8545467376223368
COC(=O)C1=C(C#N)NC(C)=C(C(=O)OC(C)C)[C@H]1c1cccc([N+](=O)[O-])c1,1,C1=CC(c2ccccc2)C=CN1,COC(=O)C1=C(C)NC(C)=C(C(=O)OC/C=C/c2ccccc2)[C@H]1c1cccc([N+](=O)[O-])c1,1,O=C(OCC=Cc1ccccc1)C1=CNC=CC1c1ccccc1,0.5810052420598212,1,0.8676298530383736
COC(=O)C1=C(C#N)NC(C)=C(C(=O)OC(C)C)[C@H]1c1cccc([N+](=O)[O-])c1,1,C1=CC(c2ccccc2)C=CN1,CCCOCCOC(=O)C1=C(C)NC(C)=C(C(=O)OCCOCCC)C1c1cccc([N+](=O)[O-])c1,1,C1=CC(c2ccccc2)C=CN1,0.5378850428707527,1,0.7779437086165806
COCCOC(=O)C1=C(C)NC(C)=C(C(=O)OC(C)C)[C@@H]1c1cccc([N+](=O)[O-])c1,1,C1=CC(c2ccccc2)C=CN1,CCCOCCOC(=O)C1=C(C)NC(C)=C(C(=O)OCCOCCC)C1c1cccc([N+](=O)[O-])c1,1,C1=CC(c2ccccc2)C=CN1,0.733578131374949,1,0.8608173708372423
COCCOC(=O)C1=C(C)NC(C)=C(C(=O)OC(C)C)[C@@H]1c1cccc([N+](=O)[O-])c1,1,C1=CC(c2ccccc2)C=CN1,COCCOC(=O)C1=C(C)NC(C)=C(C(=O)OC/C=C/c2ccccc2)[C@H]1c1cccc([N+](=O)[O-])c1,1,O=C(OCC=Cc1ccccc1)C1=CNC=CC1c1ccccc1,0.7313782991202347,1,0.852625944379652
COCCOC(=O)C1=C(C)NC(C)=C(C(=O)OC(C)C)[C@@H]1c1cccc([N+](=O)[O-])c1,1,C1=CC(c2ccccc2)C=CN1,CCOC(=O)C1=C(C)NC(C)=C(C(=O)OC)[C@@H]1c1cccc([N+](=O)[O-])c1,1,C1=CC(c2ccccc2)C=CN1,0.7229965156794426,1,0.8343510045659442
COCCOC(=O)C1=C(C)NC(C)=C(C(=O)OC(C)C)[C@@H]1c1cccc([N+](=O)[O-])c1,1,C1=CC(c2ccccc2)C=CN1,COC(=O)C1=C(C#N)NC(C)=C(C(=O)OC(C)C)[C@H]1c1cccc([N+](=O)[O-])c1,1,C1=CC(c2ccccc2)C=CN1,0.6881231671554252,1,0.876640302019208
CCOC(=O)C1=C(COCCN)NC(C)=C(C(=O)OC)[C@@H]1c1ccccc1Cl,1,C1=CC(c2ccccc2)C=CN1,CCOC(=O)C1=C(C)NC(C)=C(C(=O)OC)[C@@H]1c1cccc(Cl)c1Cl,1,C1=CC(c2ccccc2)C=CN1,0.6424475823705607,1,0.7562148107631079
CCOC(=O)C1=C(COCCN)NC(C)=C(C(=O)OC)[C@@H]1c1ccccc1Cl,1,C1=CC(c2ccccc2)C=CN1,CCOC(=O)C1=C(C)NC(C)=C(C(=O)OC)[C@@H]1c1cccc([N+](=O)[O-])c1,1,C1=CC(c2ccccc2)C=CN1,0.4355342136854742,1,0.735891073601204
CCOC(=O)C1=C(COCCN)NC(C)=C(C(=O)OC)[C@@H]1c1ccccc1Cl,1,C1=CC(c2ccccc2)C=CN1,COC(=O)C1=C(C)NC(C)=C(C(=O)OCC(C)C)[C@H]1c1ccccc1[N+](=O)[O-],1,C1=CC(c2ccccc2)C=CN1,0.4342710997442455,1,0.7318009827942923
CCOC(=O)C1=C(COCCN)NC(C)=C(C(=O)OC)[C@@H]1c1ccccc1Cl,1,C1=CC(c2ccccc2)C=CN1,COC(=O)C1=C(C)NC(C)=C(C(=O)OC)C1c1ccccc1[N+](=O)[O-],1,C1=CC(c2ccccc2)C=CN1,0.4313172043010753,1,0.7046228023436282
COC(=O)C1=C(C)NC(C)=C(C(=O)OCC(C)C)[C@H]1c1ccccc1[N+](=O)[O-],1,C1=CC(c2ccccc2)C=CN1,COC(=O)C1=C(C)NC(C)=C(C(=O)OC)C1c1ccccc1[N+](=O)[O-],1,C1=CC(c2ccccc2)C=CN1,0.8027602070155262,1,0.8495387665812435
COC(=O)C1=C(C)NC(C)=C(C(=O)OCC(C)C)[C@H]1c1ccccc1[N+](=O)[O-],1,C1=CC(c2ccccc2)C=CN1,CCOC(=O)C1=C(C)NC(C)=C(C(=O)OC)[C@@H]1c1cccc([N+](=O)[O-])c1,1,C1=CC(c2ccccc2)C=CN1,0.5626549380247902,1,0.8509139164627566
COC(=O)C1=C(C)NC(C)=C(C(=O)OCC(C)C)[C@H]1c1ccccc1[N+](=O)[O-],1,C1=CC(c2ccccc2)C=CN1,COC(=O)C1=C(C)NC(C)=C(C(=O)OC/C=C/c2ccccc2)[C@H]1c1cccc([N+](=O)[O-])c1,1,O=C(OCC=Cc1ccccc1)C1=CNC=CC1c1ccccc1,0.5132367149758454,1,0.852130383019267
COC(=O)C1=C(C)NC(C)=C(C(=O)OCC(C)C)[C@H]1c1ccccc1[N+](=O)[O-],1,C1=CC(c2ccccc2)C=CN1,CCOC(=O)C1=C(C)NC(C)=C(C(=O)OC)[C@@H]1c1cccc(Cl)c1Cl,1,C1=CC(c2ccccc2)C=CN1,0.504331450094162,1,0.9301480718989182
CCOC(=O)C1=C(C)NC(C)=C(C(=O)OC)[C@@H]1c1cccc([N+](=O)[O-])c1,1,C1=CC(c2ccccc2)C=CN1,COC(=O)C1=C(C)NC(C)=C(C(=O)OC/C=C/c2ccccc2)[C@H]1c1cccc([N+](=O)[O-])c1,1,O=C(OCC=Cc1ccccc1)C1=CNC=CC1c1ccccc1,0.7602053915275995,1,0.8051384693625525
CCOC(=O)C1=C(C)NC(C)=C(C(=O)OC)[C@@H]1c1cccc([N+](=O)[O-])c1,1,C1=CC(c2ccccc2)C=CN1,CCCOCCOC(=O)C1=C(C)NC(C)=C(C(=O)OCCOCCC)C1c1cccc([N+](=O)[O-])c1,1,C1=CC(c2ccccc2)C=CN1,0.7387533875338754,1,0.7776352533729636
CCOC(=O)C1=C(C)NC(C)=C(C(=O)OC)[C@@H]1c1cccc([N+](=O)[O-])c1,1,C1=CC(c2ccccc2)C=CN1,COCCOC(=O)C1=C(C)NC(C)=C(C(=O)OC(C)C)[C@@H]1c1cccc([N+](=O)[O-])c1,1,C1=CC(c2ccccc2)C=CN1,0.7229965156794426,1,0.8222509207921986
CCOC(=O)C1=C(C)NC(C)=C(C(=O)OC)[C@@H]1c1cccc([N+](=O)[O-])c1,1,C1=CC(c2ccccc2)C=CN1,COCCOC(=O)C1=C(C)NC(C)=C(C(=O)OC/C=C/c2ccccc2)[C@H]1c1cccc([N+](=O)[O-])c1,1,O=C(OCC=Cc1ccccc1)C1=CNC=CC1c1ccccc1,0.6613653413353339,1,0.7893751969113334
COc1cccc2c1C(=O)c1c(O)c3c(c(O)c1C2=O)C[C@@](O)(C(C)=O)C[C@@H]3O[C@H]1C[C@H](N)[C@H](O)[C@H](C)O1,0,O=C1c2ccccc2C(=O)c2cc3c(cc21)CCCC3OC1CCCCO1,COc1cccc2c1C(=O)c1c(O)c3c(c(O)c1C2=O)C[C@@](O)(C(=O)CO)C[C@@H]3O[C@H]1C[C@H](N)[C@H](O)[C@H](C)O1,1,O=C1c2ccccc2C(=O)c2cc3c(cc21)CCCC3OC1CCCCO1,0.8675723270440252,0,0.3778963510520204
COc1cccc2c1C(=O)c1c(O)c3c(c(O)c1C2=O)C[C@@](O)(C(C)=O)C[C@@H]3O[C@H]1C[C@H](N)[C@H](O)[C@H](C)O1,0,O=C1c2ccccc2C(=O)c2cc3c(cc21)CCCC3OC1CCCCO1,C[C@H]1c2cccc(O)c2C(=O)C2=C(O)[C@]3(O)C(=O)C(C(N)=O)=C(O)[C@@H](N(C)C)[C@@H]3[C@@H](O)[C@@H]21,1,O=C1C2=CC3C(=O)C=CCC3CC2Cc2ccccc21,0.20310679611650487,0,0.38788518431265606
COc1cccc2c1C(=O)c1c(O)c3c(c(O)c1C2=O)C[C@@](O)(C(C)=O)C[C@@H]3O[C@H]1C[C@H](N)[C@H](O)[C@H](C)O1,0,O=C1c2ccccc2C(=O)c2cc3c(cc21)CCCC3OC1CCCCO1,C[C@H]1O[C@@H](O[C@H]2[C@@H](O)C[C@H](O[C@H]3[C@@H](O)C[C@H](O[C@H]4CC[C@@]5(C)[C@H](CC[C@@H]6[C@@H]5CC[C@]5(C)[C@@H](C7=CC(=O)OC7)CC[C@]65O)C4)O[C@@H]3C)O[C@@H]2C)C[C@H](O)[C@@H]1O,1,O=C1C=C(C2CCC3C2CCC2C4CCC(OC5CCC(OC6CCC(OC7CCCCO7)CO6)CO5)CC4CCC23)CO1,0.20080654195138348,0,0.4191754029698226
COc1cccc2c1C(=O)c1c(O)c3c(c(O)c1C2=O)C[C@@](O)(C(C)=O)C[C@@H]3O[C@H]1C[C@H](N)[C@H](O)[C@H](C)O1,0,O=C1c2ccccc2C(=O)c2cc3c(cc21)CCCC3OC1CCCCO1,COc1cc([C@@H]2c3cc4c(cc3[C@@H](O[C@@H]3O[C@@H]5CO[C@@H](c6cccs6)O[C@H]5[C@H](O)[C@H]3O)[C@H]3COC(=O)[C@H]23)OCO4)cc(OC)c1O,1,O=C1OCC2C(OC3CCC4OC(c5cccs5)OCC4O3)c3cc4c(cc3C(c3ccccc3)C12)OCO4,0.19925712693843442,0,0.03450731507244194
COc1cccc2c1C(=O)c1c(O)c3c(c(O)c1C2=O)C[C@@](O)(C(=O)CO)C[C@@H]3O[C@H]1C[C@H](N)[C@H](O)[C@H](C)O1,1,O=C1c2ccccc2C(=O)c2cc3c(cc21)CCCC3OC1CCCCO1,CCC[C@H]1O[C@@H]2C[C@H]3[C@@H]4CCC5=CC(=O)C=C[C@]5(C)[C@H]4[C@@H](O)C[C@]3(C)[C@]2(C(=O)CO)O1,1,O=C1C=CC2C(=C1)CCC1C2CCC2C1CC1OCOC12,0.19816849816849816,1,0.8945526697192926
COc1cccc2c1C(=O)c1c(O)c3c(c(O)c1C2=O)C[C@@](O)(C(=O)CO)C[C@@H]3O[C@H]1C[C@H](N)[C@H](O)[C@H](C)O1,1,O=C1c2ccccc2C(=O)c2cc3c(cc21)CCCC3OC1CCCCO1,C[C@H]1c2cccc(O)c2C(=O)C2=C(O)[C@]3(O)C(=O)C(C(N)=O)=C(O)[C@@H](N(C)C)[C@@H]3[C@@H](O)[C@@H]21,1,O=C1C2=CC3C(=O)C=CCC3CC2Cc2ccccc21,0.19751495628163832,0,0.4393295434911286
COc1cccc2c1C(=O)c1c(O)c3c(c(O)c1C2=O)C[C@@](O)(C(=O)CO)C[C@@H]3O[C@H]1C[C@H](N)[C@H](O)[C@H](C)O1,1,O=C1c2ccccc2C(=O)c2cc3c(cc21)CCCC3OC1CCCCO1,C[C@H]1O[C@@H](O[C@H]2[C@@H](O)C[C@H](O[C@H]3[C@@H](O)C[C@H](O[C@H]4CC[C@@]5(C)[C@H](CC[C@@H]6[C@@H]5CC[C@]5(C)[C@@H](C7=CC(=O)OC7)CC[C@]65O)C4)O[C@@H]3C)O[C@@H]2C)C[C@H](O)[C@@H]1O,1,O=C1C=C(C2CCC3C2CCC2C4CCC(OC5CCC(OC6CCC(OC7CCCCO7)CO6)CO5)CC4CCC23)CO1,0.19565772669220946,0,0.4471051009402866
COc1cccc2c1C(=O)c1c(O)c3c(c(O)c1C2=O)C[C@@](O)(C(=O)CO)C[C@@H]3O[C@H]1C[C@H](N)[C@H](O)[C@H](C)O1,1,O=C1c2ccccc2C(=O)c2cc3c(cc21)CCCC3OC1CCCCO1,CC[C@H]1OC(=O)[C@H](C)[C@@H](O[C@H]2C[C@@](C)(OC)[C@@H](O)[C@H](C)O2)[C@H](C)[C@@H](O[C@@H]2O[C@H](C)C[C@H](N(C)C)[C@H]2O)[C@](C)(OC)C[C@@H](C)C(=O)[C@H](C)[C@@H](O)[C@]1(C)O,1,O=C1CCCCOC(=O)CC(OC2CCCCO2)CC(OC2CCCCO2)CCC1,0.19543960967838298,1,0.534131211205287
CN1CCC[C@H]1c1cccnc1,1,c1cncc(C2CCCN2)c1,CN1CCN2c3ccccc3Cc3cccnc3[C@@H]2C1,1,c1ccc2c(c1)Cc1cccnc1C1CNCCN21,0.27104377104377103,0,0.22125093822896647
CN1CCC[C@H]1c1cccnc1,1,c1cncc(C2CCCN2)c1,CN1CCc2cccc3c2[C@@H]1Cc1ccc(O)c(O)c1-3,1,c1ccc2c(c1)CC1NCCc3cccc-2c31,0.25479915433403805,0,0.36436545422574135
CN1CCC[C@H]1c1cccnc1,1,c1cncc(C2CCCN2)c1,Cc1ccc(NC(=O)c2ccc(CN3CCN(C)CC3)cc2)cc1Nc1nccc(-c2cccnc2)n1,1,O=C(Nc1cccc(Nc2nccc(-c3cccnc3)n2)c1)c1ccc(CN2CCNCC2)cc1,0.22520643198609303,1,0.609632532443306
CN1CCC[C@H]1c1cccnc1,1,c1cncc(C2CCCN2)c1,CN1CCC[C@H](n2nc(Cc3ccc(Cl)cc3)c3ccccc3c2=O)CC1,1,O=c1c2ccccc2c(Cc2ccccc2)nn1C1CCCNCC1,0.22500000000000003,0,0.4114019871102812
O[C@@H](c1cc(C(F)(F)F)nc2c(C(F)(F)F)cccc12)[C@H]1CCCCN1,1,c1ccc2c(CC3CCCCN3)ccnc2c1,COC(=O)[C@H](c1ccccc1)[C@H]1CCCCN1,1,c1ccc(CC2CCCCN2)cc1,0.32745227123107307,1,0.7117430366292552
O[C@@H](c1cc(C(F)(F)F)nc2c(C(F)(F)F)cccc12)[C@H]1CCCCN1,1,c1ccc2c(CC3CCCCN3)ccnc2c1,CCCCN(CCCC)CC[C@H](O)c1cc2c(Cl)cc(Cl)cc2c2cc(C(F)(F)F)ccc12,1,c1ccc2c(c1)ccc1ccccc12,0.19160493827160494,0,0.4960208643647671
O[C@@H](c1cc(C(F)(F)F)nc2c(C(F)(F)F)cccc12)[C@H]1CCCCN1,1,c1ccc2c(CC3CCCCN3)ccnc2c1,CN1[C@@H]2CCC[C@H]1CC(NC(=O)c1nn(C)c3ccccc13)C2,1,O=C(NC1CC2CCCC(C1)N2)c1n[nH]c2ccccc12,0.1831794871794872,1,0.8788201021240737
O[C@@H](c1cc(C(F)(F)F)nc2c(C(F)(F)F)cccc12)[C@H]1CCCCN1,1,c1ccc2c(CC3CCCCN3)ccnc2c1,C=C[C@H]1CN2CC[C@H]1C[C@@H]2[C@H](O)c1ccnc2ccc(OC)cc12,1,c1ccc2c(CC3CC4CCN3CC4)ccnc2c1,0.18117647058823533,1,0.7030938497041851
CCC[C@@]1(CCc2ccccc2)CC(=O)C([C@H](CC)c2cccc(NS(=O)(=O)c3ccc(C(F)(F)F)cn3)c2)=C(O)O1,1,O=C1CC(CCc2ccccc2)OC=C1Cc1cccc(NS(=O)(=O)c2ccccn2)c1,Cc1oncc1C(=O)Nc1ccc(C(F)(F)F)cc1,1,O=C(Nc1ccccc1)c1cnoc1,0.23052503052503054,1,0.9881468282316573
CCC[C@@]1(CCc2ccccc2)CC(=O)C([C@H](CC)c2cccc(NS(=O)(=O)c3ccc(C(F)(F)F)cn3)c2)=C(O)O1,1,O=C1CC(CCc2ccccc2)OC=C1Cc1cccc(NS(=O)(=O)c2ccccn2)c1,CNCC[C@@H](Oc1ccc(C(F)(F)F)cc1)c1ccccc1,1,c1ccc(COc2ccccc2)cc1,0.2041758241758242,1,0.9826894109384411
CCC[C@@]1(CCc2ccccc2)CC(=O)C([C@H](CC)c2cccc(NS(=O)(=O)c3ccc(C(F)(F)F)cn3)c2)=C(O)O1,1,O=C1CC(CCc2ccccc2)OC=C1Cc1cccc(NS(=O)(=O)c2ccccn2)c1,CCCNC[C@H](O)COc1ccccc1C(=O)CCc1ccccc1,1,O=C(CCc1ccccc1)c1ccccc1,0.19254054054054057,1,0.977801333175386
CCC[C@@]1(CCc2ccccc2)CC(=O)C([C@H](CC)c2cccc(NS(=O)(=O)c3ccc(C(F)(F)F)cn3)c2)=C(O)O1,1,O=C1CC(CCc2ccccc2)OC=C1Cc1cccc(NS(=O)(=O)c2ccccn2)c1,CN(CCOc1ccc(NS(C)(=O)=O)cc1)CCc1ccc(NS(C)(=O)=O)cc1,1,c1ccc(CCNCCOc2ccccc2)cc1,0.18634751773049646,1,0.9861302727155978
COC(=O)[C@H](c1ccccc1)[C@H]1CCCCN1,1,c1ccc(CC2CCCCN2)cc1,O[C@@H](c1cc(C(F)(F)F)nc2c(C(F)(F)F)cccc12)[C@H]1CCCCN1,1,c1ccc2c(CC3CCCCN3)ccnc2c1,0.32745227123107307,0,0.32551021898272375
COC(=O)[C@H](c1ccccc1)[C@H]1CCCCN1,1,c1ccc(CC2CCCCN2)cc1,NC(=O)OCC(COC(N)=O)c1ccccc1,1,c1ccccc1,0.3030037546933667,0,0.30748303188852677
COC(=O)[C@H](c1ccccc1)[C@H]1CCCCN1,1,c1ccc(CC2CCCCN2)cc1,COC(=O)[C@H]1[C@@H](OC(=O)c2ccccc2)C[C@@H]2CC[C@H]1N2C,1,O=C(OC1CC2CCC(C1)N2)c1ccccc1,0.2880670987418986,0,0.416046313569173
COC(=O)[C@H](c1ccccc1)[C@H]1CCCCN1,1,c1ccc(CC2CCCCN2)cc1,CCOC(=O)[C@H](CCc1ccccc1)N[C@@H](C)C(=O)N1CCC[C@H]1C(=O)O,1,O=C(CNCCCc1ccccc1)N1CCCC1,0.2834694452266967,0,0.28675498624903833
O=c1n(CCCN2CCN(c3cccc(Cl)c3)CC2)nc2ccccn12,1,O=c1n(CCCN2CCN(c3ccccc3)CC2)nc2ccccn12,CCc1nn(CCCN2CCN(c3cccc(Cl)c3)CC2)c(=O)n1CCOc1ccccc1,1,O=c1n(CCOc2ccccc2)cnn1CCCN1CCN(c2ccccc2)CC1,0.5596481876332623,1,0.8235351217161659
O=c1n(CCCN2CCN(c3cccc(Cl)c3)CC2)nc2ccccn12,1,O=c1n(CCCN2CCN(c3ccccc3)CC2)nc2ccccn12,O=C1[C@H]2CCCC[C@H]2C(=O)N1CCCCN1CCN(c2nsc3ccccc23)CC1,1,O=C1C2CCCCC2C(=O)N1CCCCN1CCN(c2nsc3ccccc23)CC1,0.2877641049454377,1,0.7791514723791352
O=c1n(CCCN2CCN(c3cccc(Cl)c3)CC2)nc2ccccn12,1,O=c1n(CCCN2CCN(c3ccccc3)CC2)nc2ccccn12,O=C1CCc2ccc(OCCCCN3CCN(c4cccc(Cl)c4Cl)CC3)cc2N1,1,O=C1CCc2ccc(OCCCCN3CCN(c4ccccc4)CC3)cc2N1,0.2874001947419669,1,0.7196491938993703
O=c1n(CCCN2CCN(c3cccc(Cl)c3)CC2)nc2ccccn12,1,O=c1n(CCCN2CCN(c3ccccc3)CC2)nc2ccccn12,CC1(C)CC(=O)N(CCCCN2CCN(c3ncccn3)CC2)C(=O)C1,1,O=C1CCCC(=O)N1CCCCN1CCN(c2ncccn2)CC1,0.2682587064676617,1,0.802130071364568
CCOCCn1c(N2CCCN(C)CC2)nc2ccccc21,1,c1ccc2[nH]c(N3CCCNCC3)nc2c1,COc1ccc(CCN2CCC(Nc3nc4ccccc4n3Cc3ccc(F)cc3)CC2)cc1,1,c1ccc(CCN2CCC(Nc3nc4ccccc4n3Cc3ccccc3)CC2)cc1,0.26769230769230773,1,0.61688339139796
CCOCCn1c(N2CCCN(C)CC2)nc2ccccc21,1,c1ccc2[nH]c(N3CCCNCC3)nc2c1,CCc1nn(CCCN2CCN(c3cccc(Cl)c3)CC2)c(=O)n1CCOc1ccccc1,1,O=c1n(CCOc2ccccc2)cnn1CCCN1CCN(c2ccccc2)CC1,0.25625000000000003,1,0.562229128206015
CCOCCn1c(N2CCCN(C)CC2)nc2ccccc21,1,c1ccc2[nH]c(N3CCCNCC3)nc2c1,CCOCc1nc2c(N)nc3ccccc3c2n1CC(C)(C)O,1,c1ccc2c(c1)ncc1nc[nH]c12,0.2545410393394852,0,0.4793650435982726
CCOCCn1c(N2CCCN(C)CC2)nc2ccccc21,1,c1ccc2[nH]c(N3CCCNCC3)nc2c1,O=C1[C@H]2CCCC[C@H]2C(=O)N1CCCCN1CCN(c2nsc3ccccc23)CC1,1,O=C1C2CCCCC2C(=O)N1CCCCN1CCN(c2nsc3ccccc23)CC1,0.22852852852852854,1,0.5707909030696596
CCc1nn(CCCN2CCN(c3cccc(Cl)c3)CC2)c(=O)n1CCOc1ccccc1,1,O=c1n(CCOc2ccccc2)cnn1CCCN1CCN(c2ccccc2)CC1,O=c1n(CCCN2CCN(c3cccc(Cl)c3)CC2)nc2ccccn12,1,O=c1n(CCCN2CCN(c3ccccc3)CC2)nc2ccccn12,0.5596481876332623,1,0.8900715104386931
CCc1nn(CCCN2CCN(c3cccc(Cl)c3)CC2)c(=O)n1CCOc1ccccc1,1,O=c1n(CCOc2ccccc2)cnn1CCCN1CCN(c2ccccc2)CC1,O=C1CCc2ccc(OCCCCN3CCN(c4cccc(Cl)c4Cl)CC3)cc2N1,1,O=C1CCc2ccc(OCCCCN3CCN(c4ccccc4)CC3)cc2N1,0.3498795180722892,1,0.8154391639846532
CCc1nn(CCCN2CCN(c3cccc(Cl)c3)CC2)c(=O)n1CCOc1ccccc1,1,O=c1n(CCOc2ccccc2)cnn1CCCN1CCN(c2ccccc2)CC1,CC[C@H](C)n1ncn(-c2ccc(N3CCN(c4ccc(OC[C@H]5CO[C@](Cn6cncn6)(c6ccc(Cl)cc6Cl)O5)cc4)CC3)cc2)c1=O,1,O=c1[nH]ncn1-c1ccc(N2CCN(c3ccc(OCC4COC(Cn5cncn5)(c5ccccc5)O4)cc3)CC2)cc1,0.2675,1,0.895751994126032
CCc1nn(CCCN2CCN(c3cccc(Cl)c3)CC2)c(=O)n1CCOc1ccccc1,1,O=c1n(CCOc2ccccc2)cnn1CCCN1CCN(c2ccccc2)CC1,CC1(C)CC(=O)N(CCCCN2CCN(c3ncccn3)CC2)C(=O)C1,1,O=C1CCCC(=O)N1CCCCN1CCN(c2ncccn2)CC1,0.26256410256410256,1,0.8679634893764986
O=c1[nH]c2ccccc2n1CCCN1CCC(n2c(=O)[nH]c3cc(Cl)ccc32)CC1,0,O=c1[nH]c2ccccc2n1CCCN1CCC(n2c(=O)[nH]c3ccccc32)CC1,O=c1n(CCCN2CCN(c3cccc(Cl)c3)CC2)nc2ccccn12,1,O=c1n(CCCN2CCN(c3ccccc3)CC2)nc2ccccn12,0.3046666666666667,0,0.23090400770943173
O=c1[nH]c2ccccc2n1CCCN1CCC(n2c(=O)[nH]c3cc(Cl)ccc32)CC1,0,O=c1[nH]c2ccccc2n1CCCN1CCC(n2c(=O)[nH]c3ccccc32)CC1,CCc1nn(CCCN2CCN(c3cccc(Cl)c3)CC2)c(=O)n1CCOc1ccccc1,1,O=c1n(CCOc2ccccc2)cnn1CCCN1CCN(c2ccccc2)CC1,0.2877976190476191,0,0.2963591979421076
O=c1[nH]c2ccccc2n1CCCN1CCC(n2c(=O)[nH]c3cc(Cl)ccc32)CC1,0,O=c1[nH]c2ccccc2n1CCCN1CCC(n2c(=O)[nH]c3ccccc32)CC1,CN1CCC[C@H](n2nc(Cc3ccc(Cl)cc3)c3ccccc3c2=O)CC1,1,O=c1c2ccccc2c(Cc2ccccc2)nn1C1CCCNCC1,0.2717948717948718,0,0.23116148493611477
O=c1[nH]c2ccccc2n1CCCN1CCC(n2c(=O)[nH]c3cc(Cl)ccc32)CC1,0,O=c1[nH]c2ccccc2n1CCCN1CCC(n2c(=O)[nH]c3ccccc32)CC1,O=C(CCCN1CCC(O)(c2ccc(Cl)cc2)CC1)c1ccc(F)cc1,1,O=C(CCCN1CCC(c2ccccc2)CC1)c1ccccc1,0.23663967611336031,0,0.189124497317233
CO[C@H]1C[C@@H]2CC[C@@H](C)[C@@](O)(O2)C(=O)C(=O)N2CCCC[C@H]2C(=O)O[C@H]([C@H](C)C[C@@H]2CC[C@@H](OCCO)[C@H](OC)C2)CC(=O)[C@H](C)C=C(C)[C@@H](O)[C@@H](OC)C(=O)[C@H](C)C[C@H](C)C=CC=CC=C1C,1,O=C1CCC=CCC(=O)CC(CCC2CCCCC2)OC(=O)C2CCCCN2C(=O)C(=O)C2CCCC(CCC=CC=CC=CCCC1)O2,CO[C@H]1C[C@@H]2CC[C@@H](C)[C@@](O)(O2)C(=O)C(=O)N2CCC[C@H](C2)C(=O)O[C@H]([C@H](C)C[C@@H]2CC[C@@H](O)[C@H](OC)C2)CC(=O)[C@H](C)C=C(C)[C@@H](O)[C@@H](OC)C(=O)[C@H](C)C[C@H](C)C=CC=CC=C1C,1,O=C1CCC=CCC(=O)CC(CCC2CCCCC2)OC(=O)C2CCCN(C2)C(=O)C(=O)C2CCCC(CCC=CC=CC=CCCC1)O2,0.740655737704918,1,0.9856695016127626
CO[C@H]1C[C@@H]2CC[C@@H](C)[C@@](O)(O2)C(=O)C(=O)N2CCCC[C@H]2C(=O)O[C@H]([C@H](C)C[C@@H]2CC[C@@H](OCCO)[C@H](OC)C2)CC(=O)[C@H](C)C=C(C)[C@@H](O)[C@@H](OC)C(=O)[C@H](C)C[C@H](C)C=CC=CC=C1C,1,O=C1CCC=CCC(=O)CC(CCC2CCCCC2)OC(=O)C2CCCCN2C(=O)C(=O)C2CCCC(CCC=CC=CC=CCCC1)O2,C=CC[C@@H]1C=C(C)C[C@H](C)C[C@H](OC)[C@@H]2O[C@](O)(C(=O)C(=O)N3CCCC[C@H]3C(=O)O[C@H](/C(C)=C/[C@@H]3CC[C@@H](O)[C@H](OC)C3)[C@H](C)[C@@H](O)CC1=O)[C@H](C)C[C@@H]2OC,1,O=C1CC=CCCCCC2CCCC(O2)C(=O)C(=O)N2CCCCC2C(=O)OC(C=CC2CCCCC2)CCC1,0.3736306729264476,1,0.9861815068155216
CO[C@H]1C[C@@H]2CC[C@@H](C)[C@@](O)(O2)C(=O)C(=O)N2CCCC[C@H]2C(=O)O[C@H]([C@H](C)C[C@@H]2CC[C@@H](OCCO)[C@H](OC)C2)CC(=O)[C@H](C)C=C(C)[C@@H](O)[C@@H](OC)C(=O)[C@H](C)C[C@H](C)C=CC=CC=C1C,1,O=C1CCC=CCC(=O)CC(CCC2CCCCC2)OC(=O)C2CCCCN2C(=O)C(=O)C2CCCC(CCC=CC=CC=CCCC1)O2,CC[C@H]1OC(=O)[C@H](C)[C@@H](O[C@H]2C[C@@](C)(OC)[C@@H](O)[C@H](C)O2)[C@H](C)[C@@H](O[C@@H]2O[C@H](C)C[C@H](N(C)C)[C@H]2O)[C@](C)(OC)C[C@@H](C)C(=O)[C@H](C)[C@@H](O)[C@]1(C)O,1,O=C1CCCCOC(=O)CC(OC2CCCCO2)CC(OC2CCCCO2)CCC1,0.1530110017371164,1,0.980286607236555
CO[C@H]1C[C@@H]2CC[C@@H](C)[C@@](O)(O2)C(=O)C(=O)N2CCCC[C@H]2C(=O)O[C@H]([C@H](C)C[C@@H]2CC[C@@H](OCCO)[C@H](OC)C2)CC(=O)[C@H](C)C=C(C)[C@@H](O)[C@@H](OC)C(=O)[C@H](C)C[C@H](C)C=CC=CC=C1C,1,O=C1CCC=CCC(=O)CC(CCC2CCCCC2)OC(=O)C2CCCCN2C(=O)C(=O)C2CCCC(CCC=CC=CC=CCCC1)O2,CO[C@H]1C=CO[C@@]2(C)Oc3c(C)c(O)c4c(O)c(c(/C=N\N5CCN(C)CC5)c(O)c4c3C2=O)NC(=O)C(C)=CC=C[C@H](C)[C@H](O)[C@@H](C)[C@@H](O)[C@@H](C)[C@H](OC(C)=O)[C@H]1C,1,O=C1C=CC=CCCCCCCCCC=COC2Oc3ccc4cc(c(C=NN5CCNCC5)cc4c3C2=O)N1,0.1523151058034779,1,0.9961488695759713
Nc1c(Br)cc(Br)cc1CNC1CCC(O)CC1,1,c1ccc(CNC2CCCCC2)cc1,COc1ccc(C(C)C)cc1CN[C@H]1C2CCN(CC2)[C@H]1C(c1ccccc1)c1ccccc1,1,c1ccc(CNC2C3CCN(CC3)C2C(c2ccccc2)c2ccccc2)cc1,0.17314230208839243,0,0.41374244915232494
Nc1c(Br)cc(Br)cc1CNC1CCC(O)CC1,1,c1ccc(CNC2CCCCC2)cc1,CN[C@H]1CC[C@@H](c2ccc(Cl)c(Cl)c2)c2ccccc21,1,c1ccc(C2CCCc3ccccc32)cc1,0.15666666666666668,1,0.5484588772166352
Nc1c(Br)cc(Br)cc1CNC1CCC(O)CC1,1,c1ccc(CNC2CCCCC2)cc1,CCN[C@H]1C[C@H](C)S(=O)(=O)c2sc(S(N)(=O)=O)cc21,1,O=S1(=O)CCCc2ccsc21,0.15092592592592594,1,0.55783210555798
Nc1c(Br)cc(Br)cc1CNC1CCC(O)CC1,1,c1ccc(CNC2CCCCC2)cc1,C[C@]12CC[C@@H]3c4ccc(O)cc4CC[C@H]3[C@@H]1CC[C@@H]2O,1,c1ccc2c(c1)CCC1C2CCC2CCCC21,0.14779411764705883,0,0.49828338267207184
CCC(=O)O[C@](Cc1ccccc1)(c1ccccc1)[C@H](C)CN(C)C,0,c1ccc(CCc2ccccc2)cc1,CN(C)CC(Oc1ccccc1)Oc1ccccc1,1,c1ccc(OCOc2ccccc2)cc1,0.3111111111111111,1,0.630609039966285
CCC(=O)O[C@](Cc1ccccc1)(c1ccccc1)[C@H](C)CN(C)C,0,c1ccc(CCc2ccccc2)cc1,CC/C(=C(/c1ccccc1)c1ccc(OCCN(C)C)cc1)c1ccccc1,1,C(=C(c1ccccc1)c1ccccc1)c1ccccc1,0.28671659440283803,1,0.6226277236616139
CCC(=O)O[C@](Cc1ccccc1)(c1ccccc1)[C@H](C)CN(C)C,0,c1ccc(CCc2ccccc2)cc1,C#CCN(C)[C@@H](C)Cc1ccccc1,1,c1ccccc1,0.2776776776776777,0,0.49387212283584697
CCC(=O)O[C@](Cc1ccccc1)(c1ccccc1)[C@H](C)CN(C)C,0,c1ccc(CCc2ccccc2)cc1,CC(C)N(CC[C@@](C(N)=O)(c1ccccc1)c1ccccn1)C(C)C,1,c1ccc(Cc2ccccn2)cc1,0.2696428571428572,1,0.506436537368253
C[C@@](Cc1ccccc1)(NC(=O)CN)c1ccccc1,0,c1ccc(CCc2ccccc2)cc1,CC(C)N(CC[C@@](C(N)=O)(c1ccccc1)c1ccccn1)C(C)C,1,c1ccc(Cc2ccccn2)cc1,0.25370506236243584,0,0.2999448798071929
C[C@@](Cc1ccccc1)(NC(=O)CN)c1ccccc1,0,c1ccc(CCc2ccccc2)cc1,NC(=O)OCC(COC(N)=O)c1ccccc1,1,c1ccccc1,0.2458498023715415,0,0.2190259848674276
C[C@@](Cc1ccccc1)(NC(=O)CN)c1ccccc1,0,c1ccc(CCc2ccccc2)cc1,CCN(CC)CC(=O)Nc1c(C)cccc1C,1,c1ccccc1,0.2445714285714286,0,0.27027613780672793
C[C@@](Cc1ccccc1)(NC(=O)CN)c1ccccc1,0,c1ccc(CCc2ccccc2)cc1,C[C@@H](NC(C)(C)C)C(=O)c1cccc(Cl)c1,1,c1ccccc1,0.2358974358974359,0,0.2103093694008975
CC[C@@H](c1ccc(O)c(F)c1)[C@H](C)c1ccc(O)c(F)c1,0,c1ccc(CCc2ccccc2)cc1,CC(C)c1cccc(C(C)C)c1O,1,c1ccccc1,0.24534412955465587,0,0.3248459404343646
CC[C@@H](c1ccc(O)c(F)c1)[C@H](C)c1ccc(O)c(F)c1,0,c1ccc(CCc2ccccc2)cc1,C[C@@H](c1ncncc1F)[C@](O)(Cn1cncn1)c1ccc(F)cc1F,1,c1ccc(C(Cc2ccncn2)Cn2cncn2)cc1,0.1894545454545455,0,0.37840577651595886
CC[C@@H](c1ccc(O)c(F)c1)[C@H](C)c1ccc(O)c(F)c1,0,c1ccc(CCc2ccccc2)cc1,Cc1ccc(C(=O)c2cc(O)c(O)c([N+](=O)[O-])c2)cc1,1,O=C(c1ccccc1)c1ccccc1,0.1758490566037736,0,0.4049304542894869
CC[C@@H](c1ccc(O)c(F)c1)[C@H](C)c1ccc(O)c(F)c1,0,c1ccc(CCc2ccccc2)cc1,C[C@@H](NC(C)(C)C)C(=O)c1cccc(Cl)c1,1,c1ccccc1,0.17480877103518613,0,0.3803997843359758
CCOc1nc2cccc(C(=O)O)c2n1Cc1ccc(-c2ccccc2-c2nnn[nH]2)cc1,0,c1ccc(-c2nnn[nH]2)c(-c2ccc(Cn3cnc4ccccc43)cc2)c1,CCCCc1nc(Cl)c(CO)n1Cc1ccc(-c2ccccc2-c2nnn[nH]2)cc1,1,c1ccc(-c2nnn[nH]2)c(-c2ccc(Cn3ccnc3)cc2)c1,0.46685714285714286,0,0.03941927381976252
CCOc1nc2cccc(C(=O)O)c2n1Cc1ccc(-c2ccccc2-c2nnn[nH]2)cc1,0,c1ccc(-c2nnn[nH]2)c(-c2ccc(Cn3cnc4ccccc43)cc2)c1,Cc1nc(C)c2c(n1)N(Cc1ccc(-c3ccccc3-c3nnn[nH]3)cc1)C(=O)CC2,1,O=C1CCc2cncnc2N1Cc1ccc(-c2ccccc2-c2nnn[nH]2)cc1,0.40989010989010993,0,0.060878347185889505
CCOc1nc2cccc(C(=O)O)c2n1Cc1ccc(-c2ccccc2-c2nnn[nH]2)cc1,0,c1ccc(-c2nnn[nH]2)c(-c2ccc(Cn3cnc4ccccc43)cc2)c1,CCOc1cc(CC(=O)N[C@@H](CC(C)C)c2ccccc2N2CCCCC2)ccc1C(=O)O,1,O=C(Cc1ccccc1)NCc1ccccc1N1CCCCC1,0.23859796117860638,0,0.16360364236387556
CCOc1nc2cccc(C(=O)O)c2n1Cc1ccc(-c2ccccc2-c2nnn[nH]2)cc1,0,c1ccc(-c2nnn[nH]2)c(-c2ccc(Cn3cnc4ccccc43)cc2)c1,CCOCc1nc2c(N)nc3ccccc3c2n1CC(C)(C)O,1,c1ccc2c(c1)ncc1nc[nH]c12,0.2099923605805959,0,0.19647044316820367
C[C@]12CC[C@@H]3c4ccc(O)cc4CC[C@H]3[C@@H]1CCC2=O,1,O=C1CCC2C1CCC1c3ccccc3CCC12,C[C@]12CC[C@@H]3c4ccc(O)cc4CC[C@H]3[C@@H]1CC[C@@H]2O,1,c1ccc2c(c1)CCC1C2CCC2CCCC21,0.6405405405405405,1,0.708091409624048
C[C@]12CC[C@@H]3c4ccc(O)cc4CC[C@H]3[C@@H]1CCC2=O,1,O=C1CCC2C1CCC1c3ccccc3CCC12,C#C[C@]1(O)CC[C@H]2[C@@H]3CCc4cc(O)ccc4[C@H]3CC[C@@]21C,1,c1ccc2c(c1)CCC1C2CCC2CCCC21,0.5915384615384616,1,0.7473741498891424
C[C@]12CC[C@@H]3c4ccc(O)cc4CC[C@H]3[C@@H]1CCC2=O,1,O=C1CCC2C1CCC1c3ccccc3CCC12,C[C@]12CC[C@H](O)CC1=CC[C@@H]1[C@@H]2CC[C@]2(C)C(=O)CC[C@@H]12,1,O=C1CCC2C1CCC1C3CCCCC3=CCC21,0.39410774410774413,1,0.8112049510674162
C[C@]12CC[C@@H]3c4ccc(O)cc4CC[C@H]3[C@@H]1CCC2=O,1,O=C1CCC2C1CCC1c3ccccc3CCC12,C[C@]12CC[C@H]3[C@@H](CCC4=CC(=O)CC[C@@]43C)[C@@H]1CC[C@@H]2O,1,O=C1C=C2CCC3C4CCCC4CCC3C2CC1,0.29777777777777775,1,0.8161640190591016
CC(C)c1cc(C(C)C)c(CC(=O)NS(=O)(=O)Oc2c(C(C)C)cccc2C(C)C)c(C(C)C)c1,0,O=C(Cc1ccccc1)NS(=O)(=O)Oc1ccccc1,CC(C)c1cccc(C(C)C)c1O,1,c1ccccc1,0.2840522875816993,0,0.134903335814969
CC(C)c1cc(C(C)C)c(CC(=O)NS(=O)(=O)Oc2c(C(C)C)cccc2C(C)C)c(C(C)C)c1,0,O=C(Cc1ccccc1)NS(=O)(=O)Oc1ccccc1,CCOc1cc(CC(=O)N[C@@H](CC(C)C)c2ccccc2N2CCCCC2)ccc1C(=O)O,1,O=C(Cc1ccccc1)NCc1ccccc1N1CCCCC1,0.2647773279352227,0,0.22469852938976742
CC(C)c1cc(C(C)C)c(CC(=O)NS(=O)(=O)Oc2c(C(C)C)cccc2C(C)C)c(C(C)C)c1,0,O=C(Cc1ccccc1)NS(=O)(=O)Oc1ccccc1,NC(=O)OCC(COC(N)=O)c1ccccc1,1,c1ccccc1,0.22111111111111115,0,0.21967342476760643
CC(C)c1cc(C(C)C)c(CC(=O)NS(=O)(=O)Oc2c(C(C)C)cccc2C(C)C)c(C(C)C)c1,0,O=C(Cc1ccccc1)NS(=O)(=O)Oc1ccccc1,CCN(CC)CC(=O)Nc1c(C)cccc1C,1,c1ccccc1,0.2191757779646762,0,0.11741161103546759
C[C@H]1c2cccc(O)c2C(=O)C2=C(O)[C@]3(O)C(=O)C(C(N)=O)=C(O)[C@@H](N(C)C)[C@@H]3[C@@H](O)[C@@H]21,1,O=C1C2=CC3C(=O)C=CCC3CC2Cc2ccccc21,COc1cccc2c1C(=O)c1c(O)c3c(c(O)c1C2=O)C[C@@](O)(C(=O)CO)C[C@@H]3O[C@H]1C[C@H](N)[C@H](O)[C@H](C)O1,1,O=C1c2ccccc2C(=O)c2cc3c(cc21)CCCC3OC1CCCCO1,0.19751495628163832,0,0.49208977876890675
C[C@H]1c2cccc(O)c2C(=O)C2=C(O)[C@]3(O)C(=O)C(C(N)=O)=C(O)[C@@H](N(C)C)[C@@H]3[C@@H](O)[C@@H]21,1,O=C1C2=CC3C(=O)C=CCC3CC2Cc2ccccc21,C[C@]12CC[C@@H]3c4ccc(O)cc4CC[C@H]3[C@@H]1CCC2=O,1,O=C1CCC2C1CCC1c3ccccc3CCC12,0.17140035552044242,1,0.7003196843641748
C[C@H]1c2cccc(O)c2C(=O)C2=C(O)[C@]3(O)C(=O)C(C(N)=O)=C(O)[C@@H](N(C)C)[C@@H]3[C@@H](O)[C@@H]21,1,O=C1C2=CC3C(=O)C=CCC3CC2Cc2ccccc21,CCOC(=O)C1=C(C)NC(C)=C(C(=O)OC)[C@@H]1c1cccc(Cl)c1Cl,1,C1=CC(c2ccccc2)C=CN1,0.16729270021261516,1,0.8863138727549904
C[C@H]1c2cccc(O)c2C(=O)C2=C(O)[C@]3(O)C(=O)C(C(N)=O)=C(O)[C@@H](N(C)C)[C@@H]3[C@@H](O)[C@@H]21,1,O=C1C2=CC3C(=O)C=CCC3CC2Cc2ccccc21,COC(=O)C1=C(C)NC(C)=C(C(=O)OC)C1c1ccccc1[N+](=O)[O-],1,C1=CC(c2ccccc2)C=CN1,0.1628358208955224,1,0.8965927805861149
CN(C)[C@@H]1C(O)=C(C(N)=O)C(=O)[C@@]2(O)C(O)=C3C(=O)c4c(O)cccc4[C@@](C)(O)[C@H]3C[C@@H]12,0,O=C1C2=CC3C(=O)C=CCC3CC2Cc2ccccc21,C[C@H]1c2cccc(O)c2C(=O)C2=C(O)[C@]3(O)C(=O)C(C(N)=O)=C(O)[C@@H](N(C)C)[C@@H]3[C@@H](O)[C@@H]21,1,O=C1C2=CC3C(=O)C=CCC3CC2Cc2ccccc21,0.5745670715947273,0,0.17944050254977464
CN(C)[C@@H]1C(O)=C(C(N)=O)C(=O)[C@@]2(O)C(O)=C3C(=O)c4c(O)cccc4[C@@](C)(O)[C@H]3C[C@@H]12,0,O=C1C2=CC3C(=O)C=CCC3CC2Cc2ccccc21,CC#C[C@]1(O)CC[C@H]2[C@@H]3CCC4=CC(=O)CCC4=C3[C@@H](c3ccc(N(C)C)cc3)C[C@@]21C,1,O=C1C=C2CCC3C(=C2CC1)C(c1ccccc1)CC1CCCC13,0.19020408163265307,0,0.38295713252031494
CN(C)[C@@H]1C(O)=C(C(N)=O)C(=O)[C@@]2(O)C(O)=C3C(=O)c4c(O)cccc4[C@@](C)(O)[C@H]3C[C@@H]12,0,O=C1C2=CC3C(=O)C=CCC3CC2Cc2ccccc21,C[C@]12CC[C@@H]3c4ccc(O)cc4CC[C@H]3[C@@H]1CCC2=O,1,O=C1CCC2C1CCC1c3ccccc3CCC12,0.18988450816407804,1,0.6331478607791716
CN(C)[C@@H]1C(O)=C(C(N)=O)C(=O)[C@@]2(O)C(O)=C3C(=O)c4c(O)cccc4[C@@](C)(O)[C@H]3C[C@@H]12,0,O=C1C2=CC3C(=O)C=CCC3CC2Cc2ccccc21,COc1cccc2c1C(=O)c1c(O)c3c(c(O)c1C2=O)C[C@@](O)(C(=O)CO)C[C@@H]3O[C@H]1C[C@H](N)[C@H](O)[C@H](C)O1,1,O=C1c2ccccc2C(=O)c2cc3c(cc21)CCCC3OC1CCCCO1,0.18855710052427627,0,0.39693022757979246
CC[C@H]1OC(=O)[C@H](C)[C@@H](O[C@H]2C[C@@](C)(OC)[C@@H](O)[C@H](C)O2)[C@H](C)[C@@H](O[C@@H]2O[C@H](C)C[C@H](N(C)C)[C@H]2O)[C@](C)(O)C[C@@H](C)/C(=N\OCOCCOC)[C@H](C)[C@@H](O)[C@]1(C)O,1,N=C1CCCCOC(=O)CC(OC2CCCCO2)CC(OC2CCCCO2)CCC1,CC[C@H]1OC(=O)[C@H](C)[C@@H](O[C@H]2C[C@@](C)(OC)[C@@H](O)[C@H](C)O2)[C@H](C)[C@@H](O[C@@H]2O[C@H](C)C[C@H](N(C)C)[C@H]2O)[C@](C)(O)C[C@@H](C)C(=O)[C@H](C)[C@@H](O)[C@]1(C)O,1,O=C1CCCCOC(=O)CC(OC2CCCCO2)CC(OC2CCCCO2)CCC1,0.7734645525788227,1,0.5168651657519294
CC[C@H]1OC(=O)[C@H](C)[C@@H](O[C@H]2C[C@@](C)(OC)[C@@H](O)[C@H](C)O2)[C@H](C)[C@@H](O[C@@H]2O[C@H](C)C[C@H](N(C)C)[C@H]2O)[C@](C)(O)C[C@@H](C)/C(=N\OCOCCOC)[C@H](C)[C@@H](O)[C@]1(C)O,1,N=C1CCCCOC(=O)CC(OC2CCCCO2)CC(OC2CCCCO2)CCC1,CC[C@H]1OC(=O)[C@H](C)[C@@H](O[C@H]2C[C@@](C)(OC)[C@@H](O)[C@H](C)O2)[C@H](C)[C@@H](O[C@@H]2O[C@H](C)C[C@H](N(C)C)[C@H]2O)[C@](C)(OC)C[C@@H](C)C(=O)[C@H](C)[C@@H](O)[C@]1(C)O,1,O=C1CCCCOC(=O)CC(OC2CCCCO2)CC(OC2CCCCO2)CCC1,0.7093718166383701,1,0.5657807918675682
CC[C@H]1OC(=O)[C@H](C)[C@@H](O[C@H]2C[C@@](C)(OC)[C@@H](O)[C@H](C)O2)[C@H](C)[C@@H](O[C@@H]2O[C@H](C)C[C@H](N(C)C)[C@H]2O)[C@](C)(O)C[C@@H](C)/C(=N\OCOCCOC)[C@H](C)[C@@H](O)[C@]1(C)O,1,N=C1CCCCOC(=O)CC(OC2CCCCO2)CC(OC2CCCCO2)CCC1,CO[C@H]1C[C@H](O[C@H]2[C@H](C)[C@@H](O[C@@H]3O[C@H](C)C[C@H](N(C)C)[C@H]3OC(C)=O)[C@@H](C)C[C@]3(CO3)C(=O)[C@H](C)[C@@H](OC(C)=O)[C@@H](C)[C@@H](C)OC(=O)[C@@H]2C)O[C@@H](C)[C@@H]1OC(C)=O,1,O=C1CC(OC2CCCCO2)CC(OC2CCCCO2)CCC2(CO2)C(=O)CCCCO1,0.3378605496252555,1,0.6010248763366579
CC[C@H]1OC(=O)[C@H](C)[C@@H](O[C@H]2C[C@@](C)(OC)[C@@H](O)[C@H](C)O2)[C@H](C)[C@@H](O[C@@H]2O[C@H](C)C[C@H](N(C)C)[C@H]2O)[C@](C)(O)C[C@@H](C)/C(=N\OCOCCOC)[C@H](C)[C@@H](O)[C@]1(C)O,1,N=C1CCCCOC(=O)CC(OC2CCCCO2)CC(OC2CCCCO2)CCC1,C[C@H]1O[C@@H](O[C@H]2[C@@H](O)C[C@H](O[C@H]3[C@@H](O)C[C@H](O[C@H]4CC[C@@]5(C)[C@H](CC[C@@H]6[C@@H]5CC[C@]5(C)[C@@H](C7=CC(=O)OC7)CC[C@]65O)C4)O[C@@H]3C)O[C@@H]2C)C[C@H](O)[C@@H]1O,1,O=C1C=C(C2CCC3C2CCC2C4CCC(OC5CCC(OC6CCC(OC7CCCCO7)CO6)CO5)CC4CCC23)CO1,0.19314139006051717,1,0.9342023493455955
CCOc1cc(CC(=O)N[C@@H](CC(C)C)c2ccccc2N2CCCCC2)ccc1C(=O)O,1,O=C(Cc1ccccc1)NCc1ccccc1N1CCCCC1,CCOC(=O)[C@H](CCc1ccccc1)N[C@@H](C)C(=O)N1CCC[C@H]1C(=O)O,1,O=C(CNCCCc1ccccc1)N1CCCC1,0.2676648841354724,1,0.6198825090745108
CCOc1cc(CC(=O)N[C@@H](CC(C)C)c2ccccc2N2CCCCC2)ccc1C(=O)O,1,O=C(Cc1ccccc1)NCc1ccccc1N1CCCCC1,CCOc1ccccc1OCCN[C@H](C)Cc1ccc(OC)c(S(N)(=O)=O)c1,1,c1ccc(CCNCCOc2ccccc2)cc1,0.2516153127917834,1,0.6280533362579928
CCOc1cc(CC(=O)N[C@@H](CC(C)C)c2ccccc2N2CCCCC2)ccc1C(=O)O,1,O=C(Cc1ccccc1)NCc1ccccc1N1CCCCC1,Cc1cccc(C)c1OCC(=O)N[C@@H](Cc1ccccc1)[C@@H](O)C[C@H](Cc1ccccc1)NC(=O)[C@H](C(C)C)N1CCCNC1=O,1,O=C(COc1ccccc1)NC(CCC(Cc1ccccc1)NC(=O)CN1CCCNC1=O)Cc1ccccc1,0.2508235294117647,1,0.8297961516677926
CCOc1cc(CC(=O)N[C@@H](CC(C)C)c2ccccc2N2CCCCC2)ccc1C(=O)O,1,O=C(Cc1ccccc1)NCc1ccccc1N1CCCCC1,CCOc1ccc(NC(C)=O)cc1,1,c1ccccc1,0.241044776119403,1,0.543415816932343
Nc1nc2ccc(OC(F)(F)F)cc2s1,0,c1ccc2scnc2c1,COc1ccnc(C[S@H](=O)c2nc3ccc(OC(F)F)cc3[nH]2)c1OC,1,O=[SH](Cc1ccccn1)c1nc2ccccc2[nH]1,0.20102432778489115,0,0.10677495447856533
Nc1nc2ccc(OC(F)(F)F)cc2s1,0,c1ccc2scnc2c1,COc1ccc2nc([S@H](=O)Cc3ncc(C)c(OC)c3C)[nH]c2c1,1,O=[SH](Cc1ccccn1)c1nc2ccccc2[nH]1,0.1775599128540305,0,0.043914805692989486
Nc1nc2ccc(OC(F)(F)F)cc2s1,0,c1ccc2scnc2c1,CC(C)(Oc1ccc(Cl)cc1)C(=O)O,1,c1ccccc1,0.1772357723577236,0,0.12185925286744644
Nc1nc2ccc(OC(F)(F)F)cc2s1,0,c1ccc2scnc2c1,CCOCc1nc2c(N)nc3ccccc3c2n1CC(C)(C)O,1,c1ccc2c(c1)ncc1nc[nH]c12,0.1743049458589406,0,0.08707413077903163
COc1cc(C(=O)NS(=O)(=O)c2ccccc2C)ccc1Cc1cn(C)c2ccc(NC(=O)OC3CCCC3)cc12,0,O=C(Nc1ccc2[nH]cc(Cc3ccc(C(=O)NS(=O)(=O)c4ccccc4)cc3)c2c1)OC1CCCC1,CNC(=O)c1cccc(NCC(=O)NCCc2ccc(OC)c(OC)c2)c1,1,O=C(CNc1ccccc1)NCCc1ccccc1,0.22944329896907217,1,0.7600263455909452
COc1cc(C(=O)NS(=O)(=O)c2ccccc2C)ccc1Cc1cn(C)c2ccc(NC(=O)OC3CCCC3)cc12,0,O=C(Nc1ccc2[nH]cc(Cc3ccc(C(=O)NS(=O)(=O)c4ccccc4)cc3)c2c1)OC1CCCC1,COc1cc(C(C)=O)ccc1OCCCN1CCC(c2noc3cc(F)ccc23)CC1,1,c1ccc(OCCCN2CCC(c3noc4ccccc34)CC2)cc1,0.22456294667399673,0,0.4468727005852656
COc1cc(C(=O)NS(=O)(=O)c2ccccc2C)ccc1Cc1cn(C)c2ccc(NC(=O)OC3CCCC3)cc12,0,O=C(Nc1ccc2[nH]cc(Cc3ccc(C(=O)NS(=O)(=O)c4ccccc4)cc3)c2c1)OC1CCCC1,Cc1cccc(C)c1NC(=O)CN1CCCC1=O,1,O=C(CN1CCCC1=O)Nc1ccccc1,0.21451831750339212,1,0.5264511026463814
COc1cc(C(=O)NS(=O)(=O)c2ccccc2C)ccc1Cc1cn(C)c2ccc(NC(=O)OC3CCCC3)cc12,0,O=C(Nc1ccc2[nH]cc(Cc3ccc(C(=O)NS(=O)(=O)c4ccccc4)cc3)c2c1)OC1CCCC1,COc1cc(N)c(Cl)cc1C(=O)N[C@H]1CCN(CCCOc2ccc(F)cc2)C[C@H]1OC,1,O=C(NC1CCN(CCCOc2ccccc2)CC1)c1ccccc1,0.20663865546218488,0,0.40155708715829147
CCC[C@H]1O[C@@H]2C[C@H]3[C@@H]4CCC5=CC(=O)C=C[C@]5(C)[C@H]4[C@@H](O)C[C@]3(C)[C@]2(C(=O)CO)O1,1,O=C1C=CC2C(=C1)CCC1C2CCC2C1CC1OCOC12,C[C@]12CCC(=O)C=C1CC[C@@H]1[C@@H]2[C@@H](O)C[C@@]2(C)[C@H]1CC[C@]2(O)C(=O)CO,1,O=C1C=C2CCC3C4CCCC4CCC3C2CC1,0.4160493827160494,1,0.8924382520507097
CCC[C@H]1O[C@@H]2C[C@H]3[C@@H]4CCC5=CC(=O)C=C[C@]5(C)[C@H]4[C@@H](O)C[C@]3(C)[C@]2(C(=O)CO)O1,1,O=C1C=CC2C(=C1)CCC1C2CCC2C1CC1OCOC12,C[C@]12C[C@H](O)[C@H]3[C@@H](CCC4=CC(=O)CC[C@@]43C)[C@@H]1CC[C@@H]2C(=O)CO,1,O=C1C=C2CCC3C4CCCC4CCC3C2CC1,0.36462585034013606,1,0.8639283068694621
CCC[C@H]1O[C@@H]2C[C@H]3[C@@H]4CCC5=CC(=O)C=C[C@]5(C)[C@H]4[C@@H](O)C[C@]3(C)[C@]2(C(=O)CO)O1,1,O=C1C=CC2C(=C1)CCC1C2CCC2C1CC1OCOC12,C[C@]12CC[C@H]3[C@@H](CCC4=CC(=O)CC[C@@]43C)[C@@H]1CC[C@@H]2O,1,O=C1C=C2CCC3C4CCCC4CCC3C2CC1,0.26068355052864517,1,0.8005682391464266
CCC[C@H]1O[C@@H]2C[C@H]3[C@@H]4CCC5=CC(=O)C=C[C@]5(C)[C@H]4[C@@H](O)C[C@]3(C)[C@]2(C(=O)CO)O1,1,O=C1C=CC2C(=C1)CCC1C2CCC2C1CC1OCOC12,COC(=O)[C@@H]1CC2=CC(=O)CC[C@]2(C)[C@@]23O[C@@H]2C[C@@]2(C)[C@@H](CC[C@@]24CCC(=O)O4)[C@H]13,1,O=C1C=C2CCC3C4CCC5(CCC(=O)O5)C4CC4OC43C2CC1,0.2510884353741497,1,0.8751053618009705
CCN(CC)C(=O)[C@]1(c2ccccc2)C[C@@H]1CN,0,c1ccc(C2CC2)cc1,c1ccc(C2(c3ccccc3)C[C@H]2C2=NCCN2)cc1,1,c1ccc(C2(c3ccccc3)CC2C2=NCCN2)cc1,0.24500000000000002,0,0.0531368015590142
CCN(CC)C(=O)[C@]1(c2ccccc2)C[C@@H]1CN,0,c1ccc(C2CC2)cc1,CCOC(=O)C1=C(COCCN)NC(C)=C(C(=O)OC)[C@@H]1c1ccccc1Cl,1,C1=CC(c2ccccc2)C=CN1,0.23485714285714288,0,0.10816773967353216
CCN(CC)C(=O)[C@]1(c2ccccc2)C[C@@H]1CN,0,c1ccc(C2CC2)cc1,CCN(CC)CC(=O)Nc1c(C)cccc1C,1,c1ccccc1,0.2319838056680162,0,0.2157831485733789
CCN(CC)C(=O)[C@]1(c2ccccc2)C[C@@H]1CN,0,c1ccc(C2CC2)cc1,CCOC(=O)C1=C(C)NC(C)=C(C(=O)OC)[C@@H]1c1cccc(Cl)c1Cl,1,C1=CC(c2ccccc2)C=CN1,0.22847124824684434,0,0.34783001965178034
N[C@@H]1C[C@H]1c1ccccc1,0,c1ccc(C2CC2)cc1,NC(=O)OCC(COC(N)=O)c1ccccc1,1,c1ccccc1,0.2222222222222222,0,0.033903385965559536
N[C@@H]1C[C@H]1c1ccccc1,0,c1ccc(C2CC2)cc1,COC(=O)[C@H](c1ccccc1)[C@H]1CCCCN1,1,c1ccc(CC2CCCCN2)cc1,0.21246376811594203,0,0.11741457223324986
N[C@@H]1C[C@H]1c1ccccc1,0,c1ccc(C2CC2)cc1,c1ccc(C2(c3ccccc3)C[C@H]2C2=NCCN2)cc1,1,c1ccc(C2(c3ccccc3)CC2C2=NCCN2)cc1,0.20375000000000004,0,0.0167620765128322
N[C@@H]1C[C@H]1c1ccccc1,0,c1ccc(C2CC2)cc1,CN1CCC[C@H]1c1cccnc1,1,c1cncc(C2CCCN2)c1,0.19750000000000004,0,0.0755814612995028
CC(C)(Oc1ccc([C@@H]2CC2(Cl)Cl)cc1)C(=O)O,1,c1ccc(C2CC2)cc1,CC(C)(Oc1ccc(Cl)cc1)C(=O)O,1,c1ccccc1,0.5728040540540541,1,0.74756772797117
CC(C)(Oc1ccc([C@@H]2CC2(Cl)Cl)cc1)C(=O)O,1,c1ccc(C2CC2)cc1,CC(C)(Oc1ccc(CCNC(=O)c2ccc(Cl)cc2)cc1)C(=O)O,1,O=C(NCCc1ccccc1)c1ccccc1,0.4169811320754717,1,0.601169076680527
CC(C)(Oc1ccc([C@@H]2CC2(Cl)Cl)cc1)C(=O)O,1,c1ccc(C2CC2)cc1,CCOC(=O)C(C)(C)Oc1ccc(Cl)cc1,1,c1ccccc1,0.34443266171792153,1,0.789503341920443
CC(C)(Oc1ccc([C@@H]2CC2(Cl)Cl)cc1)C(=O)O,1,c1ccc(C2CC2)cc1,CC(C)OC(=O)C(C)(C)Oc1ccc(C(=O)c2ccc(Cl)cc2)cc1,1,O=C(c1ccccc1)c1ccccc1,0.3212121212121212,1,0.754696818537498
CC[C@@H]1C(=O)OC[C@@H]1Cc1cncn1C,0,O=C1CC(Cc2cnc[nH]2)CO1,Cn1c(=O)c2c(ncn2C)n(C)c1=O,1,O=c1[nH]c(=O)c2[nH]cnc2[nH]1,0.1987232102143183,0,0.11806806298920405
CC[C@@H]1C(=O)OC[C@@H]1Cc1cncn1C,0,O=C1CC(Cc2cnc[nH]2)CO1,CCS(=O)(=O)CCn1c([N+](=O)[O-])cnc1C,1,c1c[nH]cn1,0.18996886890349363,0,0.06080580943271274
CC[C@@H]1C(=O)OC[C@@H]1Cc1cncn1C,0,O=C1CC(Cc2cnc[nH]2)CO1,C[C@@H](O)CCCCn1c(=O)c2c(ncn2C)n(C)c1=O,1,O=c1[nH]c(=O)c2[nH]cnc2[nH]1,0.17980769230769234,0,0.06645870244259298
CC[C@@H]1C(=O)OC[C@@H]1Cc1cncn1C,0,O=C1CC(Cc2cnc[nH]2)CO1,CC(=O)N1CCN(c2ccc(OC[C@H]3CO[C@](Cn4ccnc4)(c4ccc(Cl)cc4Cl)O3)cc2)CC1,1,c1ccc(C2(Cn3ccnc3)OCC(COc3ccc(N4CCNCC4)cc3)O2)cc1,0.17292929292929293,0,0.09267483173559884
C(=C/c1ccccc1)\CN1CCN(C(c2ccccc2)c2ccccc2)CC1,0,C(=Cc1ccccc1)CN1CCN(C(c2ccccc2)c2ccccc2)CC1,CC(C)(C)c1ccc(C(=O)CCCN2CCC(OC(c3ccccc3)c3ccccc3)CC2)cc1,1,O=C(CCCN1CCC(OC(c2ccccc2)c2ccccc2)CC1)c1ccccc1,0.21594466690935565,0,0.15806822110909183
C(=C/c1ccccc1)\CN1CCN(C(c2ccccc2)c2ccccc2)CC1,0,C(=Cc1ccccc1)CN1CCN(C(c2ccccc2)c2ccccc2)CC1,COC(=O)C1=C(C)NC(C)=C(C(=O)OC/C=C/c2ccccc2)[C@H]1c1cccc([N+](=O)[O-])c1,1,O=C(OCC=Cc1ccccc1)C1=CNC=CC1c1ccccc1,0.20822977078155205,0,0.47249417520772996
C(=C/c1ccccc1)\CN1CCN(C(c2ccccc2)c2ccccc2)CC1,0,C(=Cc1ccccc1)CN1CCN(C(c2ccccc2)c2ccccc2)CC1,NC(=O)OCC(COC(N)=O)c1ccccc1,1,c1ccccc1,0.2065764023210832,0,0.3101370183694838
C(=C/c1ccccc1)\CN1CCN(C(c2ccccc2)c2ccccc2)CC1,0,C(=Cc1ccccc1)CN1CCN(C(c2ccccc2)c2ccccc2)CC1,COCCOC(=O)C1=C(C)NC(C)=C(C(=O)OC/C=C/c2ccccc2)[C@H]1c1cccc([N+](=O)[O-])c1,1,O=C(OCC=Cc1ccccc1)C1=CNC=CC1c1ccccc1,0.20284510010537407,0,0.3450032935977631
Fc1ccc(C(c2ccc(F)cc2)N2CCN(C/C=C/c3ccccc3)CC2)cc1,0,C(=Cc1ccccc1)CN1CCN(C(c2ccccc2)c2ccccc2)CC1,O=C(CCCN1CCC(O)(c2ccc(Br)cc2)CC1)c1ccc(F)cc1,1,O=C(CCCN1CCC(c2ccccc2)CC1)c1ccccc1,0.22522388059701492,0,0.36476687326971635
Fc1ccc(C(c2ccc(F)cc2)N2CCN(C/C=C/c3ccccc3)CC2)cc1,0,C(=Cc1ccccc1)CN1CCN(C(c2ccccc2)c2ccccc2)CC1,O=C(CCCN1CCC(O)(c2ccc(Cl)cc2)CC1)c1ccc(F)cc1,1,O=C(CCCN1CCC(c2ccccc2)CC1)c1ccccc1,0.22522388059701492,0,0.35765576028372326
Fc1ccc(C(c2ccc(F)cc2)N2CCN(C/C=C/c3ccccc3)CC2)cc1,0,C(=Cc1ccccc1)CN1CCN(C(c2ccccc2)c2ccccc2)CC1,COc1ccc(CCN2CCC(Nc3nc4ccccc4n3Cc3ccc(F)cc3)CC2)cc1,1,c1ccc(CCN2CCC(Nc3nc4ccccc4n3Cc3ccccc3)CC2)cc1,0.20557029177718833,0,0.4398486803104917
Fc1ccc(C(c2ccc(F)cc2)N2CCN(C/C=C/c3ccccc3)CC2)cc1,0,C(=Cc1ccccc1)CN1CCN(C(c2ccccc2)c2ccccc2)CC1,CN(C)CC[C@H](c1ccc(Cl)cc1)c1ccccn1,1,c1ccc(Cc2ccccn2)cc1,0.1941485371342836,0,0.465848277860008
COc1ccc2c3c1O[C@H]1C(=O)CC[C@@]4(O)[C@@H](C2)N(C)CC[C@]314,0,O=C1CCC2C3Cc4cccc5c4C2(CCN3)C1O5,COc1ccc2c3c1O[C@H]1C(=O)CC[C@H]4[C@@H](C2)N(C)CC[C@]314,1,O=C1CCC2C3Cc4cccc5c4C2(CCN3)C1O5,0.5897435897435899,1,0.623448310317681
COc1ccc2c3c1O[C@H]1C(=O)CC[C@@]4(O)[C@@H](C2)N(C)CC[C@]314,0,O=C1CCC2C3Cc4cccc5c4C2(CCN3)C1O5,COc1ccc2c3c1O[C@H]1[C@@H](O)CC[C@H]4[C@@H](C2)N(C)CC[C@@]341,1,c1cc2c3c(c1)OC1CCCC4C(C2)NCCC314,0.46938775510204084,1,0.5841644512405753
COc1ccc2c3c1O[C@H]1C(=O)CC[C@@]4(O)[C@@H](C2)N(C)CC[C@]314,0,O=C1CCC2C3Cc4cccc5c4C2(CCN3)C1O5,COc1ccc2c3c1O[C@H]1C[C@@H](O)C=C[C@@]31CCN(C)C2,1,C1=CC23CCNCc4cccc(c42)OC3CC1,0.4,1,0.5299790955896319
COc1ccc2c3c1O[C@H]1C(=O)CC[C@@]4(O)[C@@H](C2)N(C)CC[C@]314,0,O=C1CCC2C3Cc4cccc5c4C2(CCN3)C1O5,CO[C@]12CC[C@@]3(C[C@@H]1[C@](C)(O)C(C)(C)C)[C@H]1Cc4ccc(O)c5c4[C@@]3(CCN1CC1CC1)[C@@H]2O5,1,c1cc2c3c(c1)OC1C4CCC5(CC4)C(C2)N(CC2CC2)CCC315,0.3362591431556949,1,0.6346915958182838
COc1ccc2c3c1O[C@H]1C(=O)CC[C@H]4[C@@H](C2)N(C)CC[C@]314,1,O=C1CCC2C3Cc4cccc5c4C2(CCN3)C1O5,COc1ccc2c3c1O[C@H]1[C@@H](O)CC[C@H]4[C@@H](C2)N(C)CC[C@@]341,1,c1cc2c3c(c1)OC1CCCC4C(C2)NCCC314,0.6745454545454546,1,0.6830679175905264
COc1ccc2c3c1O[C@H]1C(=O)CC[C@H]4[C@@H](C2)N(C)CC[C@]314,1,O=C1CCC2C3Cc4cccc5c4C2(CCN3)C1O5,COc1ccc2c3c1O[C@H]1C[C@@H](O)C=C[C@@]31CCN(C)C2,1,C1=CC23CCNCc4cccc(c42)OC3CC1,0.38119658119658123,1,0.5751504784614003
COc1ccc2c3c1O[C@H]1C(=O)CC[C@H]4[C@@H](C2)N(C)CC[C@]314,1,O=C1CCC2C3Cc4cccc5c4C2(CCN3)C1O5,CO[C@]12CC[C@@]3(C[C@@H]1[C@](C)(O)C(C)(C)C)[C@H]1Cc4ccc(O)c5c4[C@@]3(CCN1CC1CC1)[C@@H]2O5,1,c1cc2c3c(c1)OC1C4CCC5(CC4)C(C2)N(CC2CC2)CCC315,0.2682274247491639,1,0.56007735384703
COc1ccc2c3c1O[C@H]1C(=O)CC[C@H]4[C@@H](C2)N(C)CC[C@]314,1,O=C1CCC2C3Cc4cccc5c4C2(CCN3)C1O5,COc1cc2c(cc1OC)C(=O)[C@H](CC1CCN(Cc3ccccc3)CC1)C2,1,O=C1c2ccccc2CC1CC1CCN(Cc2ccccc2)CC1,0.2592015579357352,1,0.6564323006333418
C[C@@H](C(=O)O)c1cccc(C(=O)c2ccccc2)c1,0,O=C(c1ccccc1)c1ccccc1,NC(=O)OCC(COC(N)=O)c1ccccc1,1,c1ccccc1,0.2922108575924469,0,0.2533124530678538
C[C@@H](C(=O)O)c1cccc(C(=O)c2ccccc2)c1,0,O=C(c1ccccc1)c1ccccc1,C[C@@H](NC(C)(C)C)C(=O)c1cccc(Cl)c1,1,c1ccccc1,0.2908466819221968,0,0.2743303858996076
C[C@@H](C(=O)O)c1cccc(C(=O)c2ccccc2)c1,0,O=C(c1ccccc1)c1ccccc1,CC1=C(C)C(=O)C([C@@H](CCCCCC(=O)O)c2ccccc2)=C(C)C1=O,1,O=C1C=CC(=O)C(Cc2ccccc2)=C1,0.27959724430312666,0,0.23373592295533577
C[C@@H](C(=O)O)c1cccc(C(=O)c2ccccc2)c1,0,O=C(c1ccccc1)c1ccccc1,CC(C)OC(=O)C(C)(C)Oc1ccc(C(=O)c2ccc(Cl)cc2)cc1,1,O=C(c1ccccc1)c1ccccc1,0.26441025641025645,0,0.48448222720902273
CC(C)OC(=O)C(C)(C)Oc1ccc(C(=O)c2ccc(Cl)cc2)cc1,1,O=C(c1ccccc1)c1ccccc1,CCOC(=O)C(C)(C)Oc1ccc(Cl)cc1,1,c1ccccc1,0.5671274961597543,1,0.754964757401446
CC(C)OC(=O)C(C)(C)Oc1ccc(C(=O)c2ccc(Cl)cc2)cc1,1,O=C(c1ccccc1)c1ccccc1,CC(C)(Oc1ccc(Cl)cc1)C(=O)O,1,c1ccccc1,0.5064449064449065,1,0.7943533450328656
CC(C)OC(=O)C(C)(C)Oc1ccc(C(=O)c2ccc(Cl)cc2)cc1,1,O=C(c1ccccc1)c1ccccc1,CC(C)(Oc1ccc(CCNC(=O)c2ccc(Cl)cc2)cc1)C(=O)O,1,O=C(NCCc1ccccc1)c1ccccc1,0.41525491770373346,1,0.8442527170938432
CC(C)OC(=O)C(C)(C)Oc1ccc(C(=O)c2ccc(Cl)cc2)cc1,1,O=C(c1ccccc1)c1ccccc1,CC(C)(Oc1ccc([C@@H]2CC2(Cl)Cl)cc1)C(=O)O,1,c1ccc(C2CC2)cc1,0.3212121212121212,1,0.9098427144615527
Cc1ccc(C(=O)c2cc(O)c(O)c([N+](=O)[O-])c2)cc1,1,O=C(c1ccccc1)c1ccccc1,COC(=O)C1=C(C)NC(C)=C(C(=O)OC)C1c1ccccc1[N+](=O)[O-],1,C1=CC(c2ccccc2)C=CN1,0.27595959595959596,0,0.4750832930417118
Cc1ccc(C(=O)c2cc(O)c(O)c([N+](=O)[O-])c2)cc1,1,O=C(c1ccccc1)c1ccccc1,CC(C)C(=O)Nc1ccc([N+](=O)[O-])c(C(F)(F)F)c1,1,c1ccccc1,0.2715151515151515,1,0.6266495892084505
Cc1ccc(C(=O)c2cc(O)c(O)c([N+](=O)[O-])c2)cc1,1,O=C(c1ccccc1)c1ccccc1,COC(=O)C1=C(C)NC(C)=C(C(=O)OCC(C)C)[C@H]1c1ccccc1[N+](=O)[O-],1,C1=CC(c2ccccc2)C=CN1,0.23661538461538462,1,0.5536574591833382
Cc1ccc(C(=O)c2cc(O)c(O)c([N+](=O)[O-])c2)cc1,1,O=C(c1ccccc1)c1ccccc1,CC(=O)C[C@@H](c1ccc([N+](=O)[O-])cc1)c1c(O)c2ccccc2oc1=O,1,O=c1oc2ccccc2cc1Cc1ccccc1,0.235052790346908,0,0.4873739353810046
C[C@H]1COc2c(N3CCN(C)CC3)c(F)cc3c(=O)c(C(=O)O)cn1c23,0,O=c1ccn2c3c(c(N4CCNCC4)ccc13)OCC2,CN1[C@@H]2CC[C@H]1CC(NC(=O)c1cc(Cl)cc3c1OC(C)(C)C3)C2,1,O=C(NC1CC2CCC(C1)N2)c1cccc2c1OCC2,0.1960975609756098,0,0.3661886219443441
C[C@H]1COc2c(N3CCN(C)CC3)c(F)cc3c(=O)c(C(=O)O)cn1c23,0,O=c1ccn2c3c(c(N4CCNCC4)ccc13)OCC2,COc1cc(C(C)=O)ccc1OCCCN1CCC(c2noc3cc(F)ccc23)CC1,1,c1ccc(OCCCN2CCC(c3noc4ccccc34)CC2)cc1,0.18538812785388128,0,0.17985225129381185
C[C@H]1COc2c(N3CCN(C)CC3)c(F)cc3c(=O)c(C(=O)O)cn1c23,0,O=c1ccn2c3c(c(N4CCNCC4)ccc13)OCC2,CN1CCN2c3ccccc3Cc3cccnc3[C@@H]2C1,1,c1ccc2c(c1)Cc1cccnc1C1CNCCN21,0.18299595141700406,0,0.25563510522099503
C[C@H]1COc2c(N3CCN(C)CC3)c(F)cc3c(=O)c(C(=O)O)cn1c23,0,O=c1ccn2c3c(c(N4CCNCC4)ccc13)OCC2,CCOc1cc(CC(=O)N[C@@H](CC(C)C)c2ccccc2N2CCCCC2)ccc1C(=O)O,1,O=C(Cc1ccccc1)NCc1ccccc1N1CCCCC1,0.1783473265576668,0,0.23407389406181617
C#C[C@]1(O)C=C[C@H]2[C@@H]3CCC4=CC(=O)CC[C@@H]4[C@H]3CC[C@@]21CC,1,O=C1C=C2CCC3C4C=CCC4CCC3C2CC1,C#C[C@]1(O)CC[C@H]2[C@@H]3CCC4=CC(=O)CC[C@@H]4[C@H]3CC[C@@]21CC,1,O=C1C=C2CCC3C4CCCC4CCC3C2CC1,0.6829614604462475,1,0.7839433944628512
C#C[C@]1(O)C=C[C@H]2[C@@H]3CCC4=CC(=O)CC[C@@H]4[C@H]3CC[C@@]21CC,1,O=C1C=C2CCC3C4C=CCC4CCC3C2CC1,C#C[C@]1(O)CC[C@H]2[C@@H]3CCC4=CC(=O)CC[C@@H]4[C@H]3C(=C)C[C@@]21CC,1,C=C1CC2CCCC2C2CCC3=CC(=O)CCC3C12,0.5428122545168893,1,0.7652289781177972
C#C[C@]1(O)C=C[C@H]2[C@@H]3CCC4=CC(=O)CC[C@@H]4[C@H]3CC[C@@]21CC,1,O=C1C=C2CCC3C4C=CCC4CCC3C2CC1,C[C@]12CC[C@H]3[C@@H](CCC4=CC(=O)CC[C@@]43C)[C@@H]1CC[C@@H]2O,1,O=C1C=C2CCC3C4CCCC4CCC3C2CC1,0.29965740388275597,1,0.8840509469646323
C#C[C@]1(O)C=C[C@H]2[C@@H]3CCC4=CC(=O)CC[C@@H]4[C@H]3CC[C@@]21CC,1,O=C1C=C2CCC3C4C=CCC4CCC3C2CC1,C[C@]12CCC(=O)C=C1CC[C@@H]1[C@@H]2[C@@H](O)C[C@@]2(C)[C@H]1CC[C@]2(O)C(=O)CO,1,O=C1C=C2CCC3C4CCCC4CCC3C2CC1,0.28767441860465115,1,0.8401313823777115
Cc1cnc(NC(=O)C2=C(O)c3ccccc3S(=O)(=O)N2C)s1,1,O=C(Nc1nccs1)C1=Cc2ccccc2S(=O)(=O)N1,CCN(CC)CC(=O)Nc1c(C)cccc1C,1,c1ccccc1,0.20890269151138718,0,0.46893208426127486
Cc1cnc(NC(=O)C2=C(O)c3ccccc3S(=O)(=O)N2C)s1,1,O=C(Nc1nccs1)C1=Cc2ccccc2S(=O)(=O)N1,Cc1oncc1C(=O)Nc1ccc(C(F)(F)F)cc1,1,O=C(Nc1ccccc1)c1cnoc1,0.20672463768115945,1,0.7283536925907765
Cc1cnc(NC(=O)C2=C(O)c3ccccc3S(=O)(=O)N2C)s1,1,O=C(Nc1nccs1)C1=Cc2ccccc2S(=O)(=O)N1,Cc1cccc(C)c1NC(=O)CN1CCCC1=O,1,O=C(CN1CCCC1=O)Nc1ccccc1,0.20378586217095535,0,0.461279005225359
Cc1cnc(NC(=O)C2=C(O)c3ccccc3S(=O)(=O)N2C)s1,1,O=C(Nc1nccs1)C1=Cc2ccccc2S(=O)(=O)N1,Cc1nnc2n1-c1sc(Br)cc1C(c1ccccc1Cl)=NC2,1,c1ccc(C2=NCc3nncn3-c3sccc32)cc1,0.20067796610169494,1,0.596517591361146
Cc1ccc(S(=O)(=O)NC(=O)NN2C[C@H]3CCC[C@H]3C2)cc1,0,O=C(NN1CC2CCCC2C1)NS(=O)(=O)c1ccccc1,Cc1cc(NS(=O)(=O)c2ccc(N)cc2)no1,1,O=S(=O)(Nc1ccon1)c1ccccc1,0.24025974025974026,0,0.019457411115182892
Cc1ccc(S(=O)(=O)NC(=O)NN2C[C@H]3CCC[C@H]3C2)cc1,0,O=C(NN1CC2CCCC2C1)NS(=O)(=O)c1ccccc1,C[C@H]1CNc2ccc(S(=O)(=O)N[C@@H](CCCN=C(N)N)C(=O)N3CC[C@H](C)C[C@@H]3C(=O)O)cc2C1,1,O=C(CNS(=O)(=O)c1ccc2c(c1)CCCN2)N1CCCCC1,0.22585227272727273,0,0.04821575945205808
Cc1ccc(S(=O)(=O)NC(=O)NN2C[C@H]3CCC[C@H]3C2)cc1,0,O=C(NN1CC2CCCC2C1)NS(=O)(=O)c1ccccc1,Cc1cccc(C)c1NC(=O)CN1CCCC1=O,1,O=C(CN1CCCC1=O)Nc1ccccc1,0.22079168332666935,0,0.03346358731947452
Cc1ccc(S(=O)(=O)NC(=O)NN2C[C@H]3CCC[C@H]3C2)cc1,0,O=C(NN1CC2CCCC2C1)NS(=O)(=O)c1ccccc1,CCOC(=O)[C@H](CCc1ccccc1)N[C@@H](C)C(=O)N1CCC[C@H]1C(=O)O,1,O=C(CNCCCc1ccccc1)N1CCCC1,0.2175757575757576,0,0.04061303582156937
CCN(CC)c1cc(C)nc2ncnn12,0,c1cnc2ncnn2c1,CCOP(=S)(OCC)Oc1nc(Cl)c(Cl)cc1Cl,1,c1ccncc1,0.1758490566037736,0,0.2734924267379298
CCN(CC)c1cc(C)nc2ncnn12,0,c1cnc2ncnn2c1,CCN(CC)CC(=O)Nc1c(C)cccc1C,1,c1ccccc1,0.17373461012311905,0,0.3670032323743167
CCN(CC)c1cc(C)nc2ncnn12,0,c1cnc2ncnn2c1,C[C@@H](c1ncncc1F)[C@](O)(Cn1cncn1)c1ccc(F)cc1F,1,c1ccc(C(Cc2ccncn2)Cn2cncn2)cc1,0.1632505175983437,0,0.3213324416085463
CCN(CC)c1cc(C)nc2ncnn12,0,c1cnc2ncnn2c1,CCS(=O)(=O)CCn1c([N+](=O)[O-])cnc1C,1,c1c[nH]cn1,0.15714285714285717,0,0.3379190811921829
CC[C@]1(C)C[C@@H](OC(=O)CSc2n[nH]c(N)n2)[C@@]2(C)[C@@H]3C(=O)CC[C@@]3(CC[C@@H]2C)[C@@H](C)[C@@H]1O,0,O=C(CSc1nc[nH]n1)OC1CCCCC23CCCC1C2C(=O)CC3,C[C@]12C[C@H](O)[C@H]3[C@@H](CCC4=CC(=O)CC[C@@]43C)[C@@H]1CC[C@@H]2C(=O)CO,1,O=C1C=C2CCC3C4CCCC4CCC3C2CC1,0.1849293563579278,1,0.7297140661173088
CC[C@]1(C)C[C@@H](OC(=O)CSc2n[nH]c(N)n2)[C@@]2(C)[C@@H]3C(=O)CC[C@@]3(CC[C@@H]2C)[C@@H](C)[C@@H]1O,0,O=C(CSc1nc[nH]n1)OC1CCCCC23CCCC1C2C(=O)CC3,C[C@]12CCC(=O)C=C1CC[C@@H]1[C@@H]2[C@@H](O)C[C@@]2(C)[C@H]1CC[C@]2(O)C(=O)CO,1,O=C1C=C2CCC3C4CCCC4CCC3C2CC1,0.18214985677672246,1,0.7033894273728288
CC[C@]1(C)C[C@@H](OC(=O)CSc2n[nH]c(N)n2)[C@@]2(C)[C@@H]3C(=O)CC[C@@]3(CC[C@@H]2C)[C@@H](C)[C@@H]1O,0,O=C(CSc1nc[nH]n1)OC1CCCCC23CCCC1C2C(=O)CC3,C[C@]12CC[C@H](O)CC1=CC[C@@H]1[C@@H]2CC[C@]2(C)C(=O)CC[C@@H]12,1,O=C1CCC2C1CCC1C3CCCCC3=CCC21,0.17502302449806595,1,0.5845311007445281
CC[C@]1(C)C[C@@H](OC(=O)CSc2n[nH]c(N)n2)[C@@]2(C)[C@@H]3C(=O)CC[C@@]3(CC[C@@H]2C)[C@@H](C)[C@@H]1O,0,O=C(CSc1nc[nH]n1)OC1CCCCC23CCCC1C2C(=O)CC3,CCC[C@H]1O[C@@H]2C[C@H]3[C@@H]4CCC5=CC(=O)C=C[C@]5(C)[C@H]4[C@@H](O)C[C@]3(C)[C@]2(C(=O)CO)O1,1,O=C1C=CC2C(=C1)CCC1C2CCC2C1CC1OCOC12,0.17454545454545456,1,0.5867393175574388
CC1=C(/C=C\C(C)=C/C=C\C(C)=C/C(=O)O)C(C)(C)CCC1,1,C1=CCCCC1,C=C(c1ccc(C(=O)O)cc1)c1cc2c(cc1C)C(C)(C)CCC2(C)C,1,C=C(c1ccccc1)c1ccc2c(c1)CCCC2,0.19650748396293657,1,0.7623138888991956
CC1=C(/C=C\C(C)=C/C=C\C(C)=C/C(=O)O)C(C)(C)CCC1,1,C1=CCCCC1,CC(=O)[C@H]1CC[C@H]2[C@@H]3CCC4=CC(=O)CC[C@]4(C)[C@H]3CC[C@]12C,1,O=C1C=C2CCC3C4CCCC4CCC3C2CC1,0.183609022556391,1,0.8103918171885088
CC1=C(/C=C\C(C)=C/C=C\C(C)=C/C(=O)O)C(C)(C)CCC1,1,C1=CCCCC1,CC(=O)[C@@]1(O)CC[C@H]2[C@@H]3C[C@H](C)C4=CC(=O)CC[C@]4(C)[C@H]3CC[C@@]21C,1,O=C1C=C2CCC3C4CCCC4CCC3C2CC1,0.16600249066002493,1,0.7305567069212285
CC1=C(/C=C\C(C)=C/C=C\C(C)=C/C(=O)O)C(C)(C)CCC1,1,C1=CCCCC1,C[C@]12CC[C@H]3[C@@H](CCC4=CC(=O)CC[C@@]43C)[C@@H]1CC[C@@H]2O,1,O=C1C=C2CCC3C4CCCC4CCC3C2CC1,0.15800636267232238,1,0.6551651493412696
C[C@@H](c1ncncc1F)[C@](O)(Cn1cncn1)c1ccc(F)cc1F,1,c1ccc(C(Cc2ccncn2)Cn2cncn2)cc1,CC[C@H](C)n1ncn(-c2ccc(N3CCN(c4ccc(OC[C@H]5CO[C@](Cn6cncn6)(c6ccc(Cl)cc6Cl)O5)cc4)CC3)cc2)c1=O,1,O=c1[nH]ncn1-c1ccc(N2CCN(c3ccc(OCC4COC(Cn5cncn5)(c5ccccc5)O4)cc3)CC2)cc1,0.22249056603773587,1,0.8658353800449087
C[C@@H](c1ncncc1F)[C@](O)(Cn1cncn1)c1ccc(F)cc1F,1,c1ccc(C(Cc2ccncn2)Cn2cncn2)cc1,N#Cc1ccc(C(c2ccc(C#N)cc2)n2cncn2)cc1,1,c1ccc(C(c2ccccc2)n2cncn2)cc1,0.20502901353965186,1,0.7756311571408135
C[C@@H](c1ncncc1F)[C@](O)(Cn1cncn1)c1ccc(F)cc1F,1,c1ccc(C(Cc2ccncn2)Cn2cncn2)cc1,COCc1c(C(C)C)nc(C(C)C)c(/C=C\[C@@H](O)C[C@@H](O)CC(=O)O)c1-c1ccc(F)cc1,1,c1ccc(-c2ccncc2)cc1,0.1885628039577394,1,0.6480819478438988
C[C@@H](c1ncncc1F)[C@](O)(Cn1cncn1)c1ccc(F)cc1F,1,c1ccc(C(Cc2ccncn2)Cn2cncn2)cc1,CC(C)c1c(C(=O)Nc2ccccc2)c(-c2ccccc2)c(-c2ccc(F)cc2)n1CC[C@@H](O)C[C@@H](O)CC(=O)O,1,O=C(Nc1ccccc1)c1c[nH]c(-c2ccccc2)c1-c1ccccc1,0.18118320036128255,1,0.8927672571169438
O=C(Cn1c(=O)sc2ccc(Cl)cc21)N1CCN(CCO)CC1,0,O=C(Cn1c(=O)sc2ccccc21)N1CCNCC1,O=C(CCCN1CCC(O)(c2ccc(Cl)cc2)CC1)c1ccc(F)cc1,1,O=C(CCCN1CCC(c2ccccc2)CC1)c1ccccc1,0.26354929577464786,0,0.15740548706622415
O=C(Cn1c(=O)sc2ccc(Cl)cc21)N1CCN(CCO)CC1,0,O=C(Cn1c(=O)sc2ccccc21)N1CCNCC1,O=c1n(CCCN2CCN(c3cccc(Cl)c3)CC2)nc2ccccn12,1,O=c1n(CCCN2CCN(c3ccccc3)CC2)nc2ccccn12,0.25491205491205493,0,0.3126528823718293
O=C(Cn1c(=O)sc2ccc(Cl)cc21)N1CCN(CCO)CC1,0,O=C(Cn1c(=O)sc2ccccc21)N1CCNCC1,O=C1Cc2cc(CCN3CCN(c4nsc5ccccc45)CC3)c(Cl)cc2N1,1,O=C1Cc2cc(CCN3CCN(c4nsc5ccccc45)CC3)ccc2N1,0.24285714285714288,0,0.20582906838177667
O=C(Cn1c(=O)sc2ccc(Cl)cc21)N1CCN(CCO)CC1,0,O=C(Cn1c(=O)sc2ccccc21)N1CCNCC1,CCc1nn(CCCN2CCN(c3cccc(Cl)c3)CC2)c(=O)n1CCOc1ccccc1,1,O=c1n(CCOc2ccccc2)cnn1CCCN1CCN(c2ccccc2)CC1,0.24283402265779536,0,0.2988501450063371
CC1(C)CC(=O)N(CCCCN2CCN(c3ncccn3)CC2)C(=O)C1,1,O=C1CCCC(=O)N1CCCCN1CCN(c2ncccn2)CC1,O=C1[C@H]2CCCC[C@H]2C(=O)N1CCCCN1CCN(c2nsc3ccccc23)CC1,1,O=C1C2CCCCC2C(=O)N1CCCCN1CCN(c2nsc3ccccc23)CC1,0.3647222222222222,1,0.8473364756887032
CC1(C)CC(=O)N(CCCCN2CCN(c3ncccn3)CC2)C(=O)C1,1,O=C1CCCC(=O)N1CCCCN1CCN(c2ncccn2)CC1,O=C1CCc2ccc(OCCCCN3CCN(c4cccc(Cl)c4Cl)CC3)cc2N1,1,O=C1CCc2ccc(OCCCCN3CCN(c4ccccc4)CC3)cc2N1,0.2842387659289068,1,0.823573887269845
CC1(C)CC(=O)N(CCCCN2CCN(c3ncccn3)CC2)C(=O)C1,1,O=C1CCCC(=O)N1CCCCN1CCN(c2ncccn2)CC1,O=c1n(CCCN2CCN(c3cccc(Cl)c3)CC2)nc2ccccn12,1,O=c1n(CCCN2CCN(c3ccccc3)CC2)nc2ccccn12,0.2682587064676617,1,0.83602153061813
CC1(C)CC(=O)N(CCCCN2CCN(c3ncccn3)CC2)C(=O)C1,1,O=C1CCCC(=O)N1CCCCN1CCN(c2ncccn2)CC1,CCc1nn(CCCN2CCN(c3cccc(Cl)c3)CC2)c(=O)n1CCOc1ccccc1,1,O=c1n(CCOc2ccccc2)cnn1CCCN1CCN(c2ccccc2)CC1,0.26256410256410256,1,0.8432699043141634
COC(=O)C1=C(C)NC(C)=C(C(=O)OC(C)(C)CN(C)CCC(c2ccccc2)c2ccccc2)[C@H]1c1cccc([N+](=O)[O-])c1,1,O=C(OCCNCCC(c1ccccc1)c1ccccc1)C1=CNC=CC1c1ccccc1,CCOC(=O)C1=C(C)NC(C)=C(C(=O)OC)[C@@H]1c1cccc([N+](=O)[O-])c1,1,C1=CC(c2ccccc2)C=CN1,0.5931798806479114,1,0.9389041172255602
COC(=O)C1=C(C)NC(C)=C(C(=O)OC(C)(C)CN(C)CCC(c2ccccc2)c2ccccc2)[C@H]1c1cccc([N+](=O)[O-])c1,1,O=C(OCCNCCC(c1ccccc1)c1ccccc1)C1=CNC=CC1c1ccccc1,COC(=O)C1=C(C)NC(C)=C(C(=O)OC/C=C/c2ccccc2)[C@H]1c1cccc([N+](=O)[O-])c1,1,O=C(OCC=Cc1ccccc1)C1=CNC=CC1c1ccccc1,0.5621052631578948,1,0.9034924498107585
COC(=O)C1=C(C)NC(C)=C(C(=O)OC(C)(C)CN(C)CCC(c2ccccc2)c2ccccc2)[C@H]1c1cccc([N+](=O)[O-])c1,1,O=C(OCCNCCC(c1ccccc1)c1ccccc1)C1=CNC=CC1c1ccccc1,COC(=O)C1=C(C#N)NC(C)=C(C(=O)OC(C)C)[C@H]1c1cccc([N+](=O)[O-])c1,1,C1=CC(c2ccccc2)C=CN1,0.52,1,0.9613642641966851
COC(=O)C1=C(C)NC(C)=C(C(=O)OC(C)(C)CN(C)CCC(c2ccccc2)c2ccccc2)[C@H]1c1cccc([N+](=O)[O-])c1,1,O=C(OCCNCCC(c1ccccc1)c1ccccc1)C1=CNC=CC1c1ccccc1,COCCOC(=O)C1=C(C)NC(C)=C(C(=O)OC(C)C)[C@@H]1c1cccc([N+](=O)[O-])c1,1,C1=CC(c2ccccc2)C=CN1,0.5163636363636364,1,0.9432894427630006
NS(=O)(=O)Cc1noc2ccccc12,1,c1ccc2oncc2c1,Cc1onc(-c2ccccc2)c1-c1ccc(S(N)(=O)=O)cc1,1,c1ccc(-c2conc2-c2ccccc2)cc1,0.28498168498168497,1,0.5918034139363038
NS(=O)(=O)Cc1noc2ccccc12,1,c1ccc2oncc2c1,NNc1nnc(NN)c2ccccc12,1,c1ccc2cnncc2c1,0.2320945945945946,1,0.7778585179412023
NS(=O)(=O)Cc1noc2ccccc12,1,c1ccc2oncc2c1,Nc1ccc(S(=O)(=O)Nc2ncccn2)cc1,1,O=S(=O)(Nc1ncccn1)c1ccccc1,0.22905982905982908,1,0.643689286602507
NS(=O)(=O)Cc1noc2ccccc12,1,c1ccc2oncc2c1,CC(=O)C[C@@H](c1ccccc1)c1c(O)c2ccccc2oc1=O,1,O=c1oc2ccccc2cc1Cc1ccccc1,0.22461033634126334,1,0.735480133944738
Cc1ccc(-c2ncc(Cl)cc2-c2ccc(S(C)(=O)=O)cc2)cn1,1,c1ccc(-c2cccnc2-c2cccnc2)cc1,Cc1onc(-c2ccccc2)c1-c1ccc(S(N)(=O)=O)cc1,1,c1ccc(-c2conc2-c2ccccc2)cc1,0.26710323574730355,1,0.9235926135130423
Cc1ccc(-c2ncc(Cl)cc2-c2ccc(S(C)(=O)=O)cc2)cn1,1,c1ccc(-c2cccnc2-c2cccnc2)cc1,Cc1ncc2n1-c1ccc(Cl)cc1C(c1ccccc1F)=NC2,1,c1ccc(C2=NCc3cncn3-c3ccccc32)cc1,0.21322793148880106,1,0.9132304618420255
Cc1ccc(-c2ncc(Cl)cc2-c2ccc(S(C)(=O)=O)cc2)cn1,1,c1ccc(-c2cccnc2-c2cccnc2)cc1,CN1C(=O)CN=C(c2ccccc2)c2cc(Cl)ccc21,1,O=C1CN=C(c2ccccc2)c2ccccc2N1,0.2090793650793651,1,0.8960956036150042
Cc1ccc(-c2ncc(Cl)cc2-c2ccc(S(C)(=O)=O)cc2)cn1,1,c1ccc(-c2cccnc2-c2cccnc2)cc1,Cc1cc(NS(=O)(=O)c2ccc(N)cc2)no1,1,O=S(=O)(Nc1ccon1)c1ccccc1,0.20865449628127114,1,0.901740426615538
O=C1Cc2cc(CCN3CCN(c4nsc5ccccc45)CC3)c(Cl)cc2N1,1,O=C1Cc2cc(CCN3CCN(c4nsc5ccccc45)CC3)ccc2N1,O=C1[C@H]2CCCC[C@H]2C(=O)N1CCCCN1CCN(c2nsc3ccccc23)CC1,1,O=C1C2CCCCC2C(=O)N1CCCCN1CCN(c2nsc3ccccc23)CC1,0.45830687830687833,1,0.9643989772746667
O=C1Cc2cc(CCN3CCN(c4nsc5ccccc45)CC3)c(Cl)cc2N1,1,O=C1Cc2cc(CCN3CCN(c4nsc5ccccc45)CC3)ccc2N1,O=C1CCc2ccc(OCCCCN3CCN(c4cccc(Cl)c4Cl)CC3)cc2N1,1,O=C1CCc2ccc(OCCCCN3CCN(c4ccccc4)CC3)cc2N1,0.3415396341463415,1,0.9082607516187351
O=C1Cc2cc(CCN3CCN(c4nsc5ccccc45)CC3)c(Cl)cc2N1,1,O=C1Cc2cc(CCN3CCN(c4nsc5ccccc45)CC3)ccc2N1,O=C1CN=C(c2ccccc2)c2cc(Cl)ccc2N1,1,O=C1CN=C(c2ccccc2)c2ccccc2N1,0.2707602339181287,1,0.9097525283151979
O=C1Cc2cc(CCN3CCN(c4nsc5ccccc45)CC3)c(Cl)cc2N1,1,O=C1Cc2cc(CCN3CCN(c4nsc5ccccc45)CC3)ccc2N1,O=C1CN=C(c2ccccc2Cl)c2cc([N+](=O)[O-])ccc2N1,1,O=C1CN=C(c2ccccc2)c2ccccc2N1,0.26137820512820514,1,0.9109895322323736
CN1CCN(C2=Nc3cc(Cl)ccc3Nc3ccccc32)CC1,1,c1ccc2c(c1)N=C(N1CCNCC1)c1ccccc1N2,O=C1CN=C(c2ccccc2)c2cc(Cl)ccc2N1,1,O=C1CN=C(c2ccccc2)c2ccccc2N1,0.30651340996168586,1,0.5709128951710061
CN1CCN(C2=Nc3cc(Cl)ccc3Nc3ccccc32)CC1,1,c1ccc2c(c1)N=C(N1CCNCC1)c1ccccc1N2,CN1C(=O)CN=C(c2ccccc2)c2cc(Cl)ccc21,1,O=C1CN=C(c2ccccc2)c2ccccc2N1,0.27033523086654015,0,0.4652301144004166
CN1CCN(C2=Nc3cc(Cl)ccc3Nc3ccccc32)CC1,1,c1ccc2c(c1)N=C(N1CCNCC1)c1ccccc1N2,CNC1=Nc2ccc(Cl)cc2C(c2ccccc2)=[N+]([O-])C1,1,C1=Nc2ccccc2C(c2ccccc2)=[NH+]C1,0.2684900284900285,0,0.4178664693791751
CN1CCN(C2=Nc3cc(Cl)ccc3Nc3ccccc32)CC1,1,c1ccc2c(c1)N=C(N1CCNCC1)c1ccccc1N2,O=C1Cc2cc(CCN3CCN(c4nsc5ccccc45)CC3)c(Cl)cc2N1,1,O=C1Cc2cc(CCN3CCN(c4nsc5ccccc45)CC3)ccc2N1,0.25828571428571434,1,0.5351017813602023
CNCCC=C1c2ccccc2CCc2ccccc21,1,C=C1c2ccccc2CCc2ccccc21,CN(C)CCC=C1c2ccccc2CCc2ccccc21,1,C=C1c2ccccc2CCc2ccccc21,0.5923371647509579,1,0.5675976740246588
CNCCC=C1c2ccccc2CCc2ccccc21,1,C=C1c2ccccc2CCc2ccccc21,CN(C)CC/C=C1/c2ccccc2COc2ccccc21,1,C=C1c2ccccc2COc2ccccc21,0.39931623931623933,1,0.5916717512771793
CNCCC=C1c2ccccc2CCc2ccccc21,1,C=C1c2ccccc2CCc2ccccc21,CN(C)CCC=C1c2ccccc2C=Cc2ccccc21,1,C=C1c2ccccc2C=Cc2ccccc21,0.36071428571428577,1,0.5694289381671441
CNCCC=C1c2ccccc2CCc2ccccc21,1,C=C1c2ccccc2CCc2ccccc21,CN(C)CC/C=C1\c2ccccc2COc2ccc(CC(=O)O)cc21,1,C=C1c2ccccc2COc2ccccc21,0.3110485573539761,1,0.6460402704286713
CN(C)CCC=C1c2ccccc2CCc2ccccc21,1,C=C1c2ccccc2CCc2ccccc21,CN(C)CC/C=C1/c2ccccc2COc2ccccc21,1,C=C1c2ccccc2COc2ccccc21,0.6661184210526316,1,0.6933604114643691
CN(C)CCC=C1c2ccccc2CCc2ccccc21,1,C=C1c2ccccc2CCc2ccccc21,CN(C)CCC=C1c2ccccc2C=Cc2ccccc21,1,C=C1c2ccccc2C=Cc2ccccc21,0.6548571428571429,1,0.6832438224585323
CN(C)CCC=C1c2ccccc2CCc2ccccc21,1,C=C1c2ccccc2CCc2ccccc21,CNCCC=C1c2ccccc2CCc2ccccc21,1,C=C1c2ccccc2CCc2ccccc21,0.5923371647509579,1,0.7830827163577704
CN(C)CCC=C1c2ccccc2CCc2ccccc21,1,C=C1c2ccccc2CCc2ccccc21,CN(C)CC/C=C1\c2ccccc2COc2ccc(CC(=O)O)cc21,1,C=C1c2ccccc2COc2ccccc21,0.49831932773109244,1,0.7452702353443771
CN1CCN=C(c2ccccc2)c2cc(Cl)ccc21,0,c1ccc(C2=NCCNc3ccccc32)cc1,CN1C(=O)CN=C(c2ccccc2)c2cc(Cl)ccc21,1,O=C1CN=C(c2ccccc2)c2ccccc2N1,0.595527950310559,1,0.6254405205284481
CN1CCN=C(c2ccccc2)c2cc(Cl)ccc21,0,c1ccc(C2=NCCNc3ccccc32)cc1,Cc1nnc2n1-c1ccc(Cl)cc1C(c1ccccc1)=NC2,1,c1ccc(C2=NCc3nncn3-c3ccccc32)cc1,0.5064186046511628,0,0.4196352478009322
CN1CCN=C(c2ccccc2)c2cc(Cl)ccc21,0,c1ccc(C2=NCCNc3ccccc32)cc1,CN1C(=O)[C@H](O)N=C(c2ccccc2)c2cc(Cl)ccc21,1,O=C1CN=C(c2ccccc2)c2ccccc2N1,0.47933634992458524,1,0.5360632222953454
CN1CCN=C(c2ccccc2)c2cc(Cl)ccc21,0,c1ccc(C2=NCCNc3ccccc32)cc1,CN(C)Cc1nnc2n1-c1ccc(Cl)cc1C(c1ccccc1)=NC2,1,c1ccc(C2=NCc3nncn3-c3ccccc32)cc1,0.46506769825918765,0,0.45136012803021125
CC(=O)[C@@]1(O)CC[C@H]2[C@@H]3C[C@H](C)C4=CC(=O)CC[C@]4(C)[C@H]3CC[C@@]21C,1,O=C1C=C2CCC3C4CCCC4CCC3C2CC1,C[C@]12CCC(=O)C=C1CC[C@@H]1[C@@H]2[C@@H](O)C[C@@]2(C)[C@H]1CC[C@]2(O)C(=O)CO,1,O=C1C=C2CCC3C4CCCC4CCC3C2CC1,0.46405808793868497,1,0.8441960079896794
CC(=O)[C@@]1(O)CC[C@H]2[C@@H]3C[C@H](C)C4=CC(=O)CC[C@]4(C)[C@H]3CC[C@@]21C,1,O=C1C=C2CCC3C4CCCC4CCC3C2CC1,CC(=O)[C@H]1CC[C@H]2[C@@H]3CCC4=CC(=O)CC[C@]4(C)[C@H]3CC[C@]12C,1,O=C1C=C2CCC3C4CCCC4CCC3C2CC1,0.4316715542521994,1,0.8335671281724449
CC(=O)[C@@]1(O)CC[C@H]2[C@@H]3C[C@H](C)C4=CC(=O)CC[C@]4(C)[C@H]3CC[C@@]21C,1,O=C1C=C2CCC3C4CCCC4CCC3C2CC1,C[C@]12CC[C@H]3[C@@H](CCC4=CC(=O)CC[C@@]43C)[C@@H]1CC[C@@H]2O,1,O=C1C=C2CCC3C4CCCC4CCC3C2CC1,0.41928640308582454,1,0.7853953254143542
CC(=O)[C@@]1(O)CC[C@H]2[C@@H]3C[C@H](C)C4=CC(=O)CC[C@]4(C)[C@H]3CC[C@@]21C,1,O=C1C=C2CCC3C4CCCC4CCC3C2CC1,C[C@]12CCC(=O)C=C1[C@@H]1C[C@@H]1[C@H]1[C@@H]3[C@@H]4C[C@@H]4[C@@]4(CCC(=O)O4)[C@@]3(C)CC[C@@H]12,1,O=C1C=C2C(CC1)C1CCC3C(C4CC4C34CCC(=O)O4)C1C1CC21,0.41764705882352937,1,0.7408128072319924
C#C[C@]1(O)CC[C@H]2[C@@H]3CCC4=CC(=O)CC[C@@H]4[C@H]3CC[C@@]21C,0,O=C1C=C2CCC3C4CCCC4CCC3C2CC1,C#C[C@]1(O)CC[C@H]2[C@@H]3CCC4=CC(=O)CC[C@@H]4[C@H]3CC[C@@]21CC,1,O=C1C=C2CCC3C4CCCC4CCC3C2CC1,0.7542300669506999,1,0.7275785761652249
C#C[C@]1(O)CC[C@H]2[C@@H]3CCC4=CC(=O)CC[C@@H]4[C@H]3CC[C@@]21C,0,O=C1C=C2CCC3C4CCCC4CCC3C2CC1,C#C[C@]1(O)CC[C@H]2[C@@H]3CCC4=CC(=O)CC[C@@H]4[C@H]3C(=C)C[C@@]21CC,1,C=C1CC2CCCC2C2CCC3=CC(=O)CCC3C12,0.5929953917050692,1,0.6915769749362637
C#C[C@]1(O)CC[C@H]2[C@@H]3CCC4=CC(=O)CC[C@@H]4[C@H]3CC[C@@]21C,0,O=C1C=C2CCC3C4CCCC4CCC3C2CC1,C#C[C@]1(O)C=C[C@H]2[C@@H]3CCC4=CC(=O)CC[C@@H]4[C@H]3CC[C@@]21CC,1,O=C1C=C2CCC3C4C=CCC4CCC3C2CC1,0.5625292740046839,1,0.7341614241624441
C#C[C@]1(O)CC[C@H]2[C@@H]3CCC4=CC(=O)CC[C@@H]4[C@H]3CC[C@@]21C,0,O=C1C=C2CCC3C4CCCC4CCC3C2CC1,C#C[C@]1(O)CC[C@H]2[C@@H]3CCc4cc(O)ccc4[C@H]3CC[C@@]21C,1,c1ccc2c(c1)CCC1C2CCC2CCCC21,0.4739130434782609,1,0.7319499309538561
C#C[C@]1(O)CC[C@H]2[C@@H]3CCC4=CC(=O)CC[C@@H]4[C@H]3CC[C@@]21CC,1,O=C1C=C2CCC3C4CCCC4CCC3C2CC1,C#C[C@]1(O)CC[C@H]2[C@@H]3CCC4=CC(=O)CC[C@@H]4[C@H]3C(=C)C[C@@]21CC,1,C=C1CC2CCCC2C2CCC3=CC(=O)CCC3C12,0.7361054766734281,1,0.7374996431925699
C#C[C@]1(O)CC[C@H]2[C@@H]3CCC4=CC(=O)CC[C@@H]4[C@H]3CC[C@@]21CC,1,O=C1C=C2CCC3C4CCCC4CCC3C2CC1,C#C[C@]1(O)C=C[C@H]2[C@@H]3CCC4=CC(=O)CC[C@@H]4[C@H]3CC[C@@]21CC,1,O=C1C=C2CCC3C4C=CCC4CCC3C2CC1,0.6829614604462475,1,0.7584391499370656
C#C[C@]1(O)CC[C@H]2[C@@H]3CCC4=CC(=O)CC[C@@H]4[C@H]3CC[C@@]21CC,1,O=C1C=C2CCC3C4CCCC4CCC3C2CC1,C[C@]12CC[C@H]3[C@@H](CCC4=CC(=O)CC[C@@]43C)[C@@H]1CC[C@@H]2O,1,O=C1C=C2CCC3C4CCCC4CCC3C2CC1,0.34686567164179105,1,0.856933392284004
C#C[C@]1(O)CC[C@H]2[C@@H]3CCC4=CC(=O)CC[C@@H]4[C@H]3CC[C@@]21CC,1,O=C1C=C2CCC3C4CCCC4CCC3C2CC1,C#C[C@]1(O)CC[C@H]2[C@@H]3CCc4cc(O)ccc4[C@H]3CC[C@@]21C,1,c1ccc2c(c1)CCC1C2CCC2CCCC21,0.34129353233830845,1,0.7477455758843512
C[C@]12CCC(=O)C=C1CC[C@@H]1[C@@H]2[C@@H](O)C[C@@]2(C)[C@H]1CC[C@]2(O)C(=O)CO,1,O=C1C=C2CCC3C4CCCC4CCC3C2CC1,C[C@]12C[C@H](O)[C@H]3[C@@H](CCC4=CC(=O)CC[C@@]43C)[C@@H]1CC[C@@H]2C(=O)CO,1,O=C1C=C2CCC3C4CCCC4CCC3C2CC1,0.6539162112932605,1,0.7964088826531904
C[C@]12CCC(=O)C=C1CC[C@@H]1[C@@H]2[C@@H](O)C[C@@]2(C)[C@H]1CC[C@]2(O)C(=O)CO,1,O=C1C=C2CCC3C4CCCC4CCC3C2CC1,C[C@]12CC[C@H]3[C@@H](CCC4=CC(=O)CC[C@@]43C)[C@@H]1CC[C@@H]2O,1,O=C1C=C2CCC3C4CCCC4CCC3C2CC1,0.49499089253187617,1,0.7410157364652763
C[C@]12CCC(=O)C=C1CC[C@@H]1[C@@H]2[C@@H](O)C[C@@]2(C)[C@H]1CC[C@]2(O)C(=O)CO,1,O=C1C=C2CCC3C4CCCC4CCC3C2CC1,CC(=O)[C@@]1(O)CC[C@H]2[C@@H]3C[C@H](C)C4=CC(=O)CC[C@]4(C)[C@H]3CC[C@@]21C,1,O=C1C=C2CCC3C4CCCC4CCC3C2CC1,0.46405808793868497,1,0.8022349815777085
C[C@]12CCC(=O)C=C1CC[C@@H]1[C@@H]2[C@@H](O)C[C@@]2(C)[C@H]1CC[C@]2(O)C(=O)CO,1,O=C1C=C2CCC3C4CCCC4CCC3C2CC1,CC(=O)[C@H]1CC[C@H]2[C@@H]3CCC4=CC(=O)CC[C@]4(C)[C@H]3CC[C@]12C,1,O=C1C=C2CCC3C4CCCC4CCC3C2CC1,0.46111111111111114,1,0.8138953607427613
CC(=O)[C@H]1CC[C@H]2[C@@H]3CCC4=CC(=O)CC[C@]4(C)[C@H]3CC[C@]12C,1,O=C1C=C2CCC3C4CCCC4CCC3C2CC1,C[C@]12CC[C@H]3[C@@H](CCC4=CC(=O)CC[C@@]43C)[C@@H]1CC[C@@H]2O,1,O=C1C=C2CCC3C4CCCC4CCC3C2CC1,0.7166544387380779,1,0.7937155377448959
CC(=O)[C@H]1CC[C@H]2[C@@H]3CCC4=CC(=O)CC[C@]4(C)[C@H]3CC[C@]12C,1,O=C1C=C2CCC3C4CCCC4CCC3C2CC1,C[C@]12C[C@H](O)[C@H]3[C@@H](CCC4=CC(=O)CC[C@@]43C)[C@@H]1CC[C@@H]2C(=O)CO,1,O=C1C=C2CCC3C4CCCC4CCC3C2CC1,0.5713983050847458,1,0.7712424831124856
CC(=O)[C@H]1CC[C@H]2[C@@H]3CCC4=CC(=O)CC[C@]4(C)[C@H]3CC[C@]12C,1,O=C1C=C2CCC3C4CCCC4CCC3C2CC1,C[C@]12CCC(=O)C=C1CC[C@@H]1[C@@H]2[C@@H](O)C[C@@]2(C)[C@H]1CC[C@]2(O)C(=O)CO,1,O=C1C=C2CCC3C4CCCC4CCC3C2CC1,0.46111111111111114,1,0.8465793495496466
CC(=O)[C@H]1CC[C@H]2[C@@H]3CCC4=CC(=O)CC[C@]4(C)[C@H]3CC[C@]12C,1,O=C1C=C2CCC3C4CCCC4CCC3C2CC1,CC(=O)[C@@]1(O)CC[C@H]2[C@@H]3C[C@H](C)C4=CC(=O)CC[C@]4(C)[C@H]3CC[C@@]21C,1,O=C1C=C2CCC3C4CCCC4CCC3C2CC1,0.4316715542521994,1,0.8012628963326385
C[C@]12CC[C@H]3[C@@H](CCC4=CC(=O)CC[C@@]43C)[C@@H]1CC[C@@H]2O,1,O=C1C=C2CCC3C4CCCC4CCC3C2CC1,CC(=O)[C@H]1CC[C@H]2[C@@H]3CCC4=CC(=O)CC[C@]4(C)[C@H]3CC[C@]12C,1,O=C1C=C2CCC3C4CCCC4CCC3C2CC1,0.7166544387380779,1,0.8031857565088969
C[C@]12CC[C@H]3[C@@H](CCC4=CC(=O)CC[C@@]43C)[C@@H]1CC[C@@H]2O,1,O=C1C=C2CCC3C4CCCC4CCC3C2CC1,C[C@]12C[C@H](O)[C@H]3[C@@H](CCC4=CC(=O)CC[C@@]43C)[C@@H]1CC[C@@H]2C(=O)CO,1,O=C1C=C2CCC3C4CCCC4CCC3C2CC1,0.5490872210953348,1,0.740306355643099
C[C@]12CC[C@H]3[C@@H](CCC4=CC(=O)CC[C@@]43C)[C@@H]1CC[C@@H]2O,1,O=C1C=C2CCC3C4CCCC4CCC3C2CC1,C[C@]12CCC(=O)C=C1CC[C@@H]1[C@@H]2[C@@H](O)C[C@@]2(C)[C@H]1CC[C@]2(O)C(=O)CO,1,O=C1C=C2CCC3C4CCCC4CCC3C2CC1,0.49499089253187617,1,0.7759161505354791
C[C@]12CC[C@H]3[C@@H](CCC4=CC(=O)CC[C@@]43C)[C@@H]1CC[C@@H]2O,1,O=C1C=C2CCC3C4CCCC4CCC3C2CC1,C[C@]12CC[C@H](O)CC1=CC[C@@H]1[C@@H]2CC[C@]2(C)C(=O)CC[C@@H]12,1,O=C1CCC2C1CCC1C3CCCCC3=CCC21,0.4367045454545455,1,0.7470618173672444
C[C@]12C[C@H](O)[C@H]3[C@@H](CCC4=CC(=O)CC[C@@]43C)[C@@H]1CC[C@@H]2C(=O)CO,1,O=C1C=C2CCC3C4CCCC4CCC3C2CC1,C[C@]12CCC(=O)C=C1CC[C@@H]1[C@@H]2[C@@H](O)C[C@@]2(C)[C@H]1CC[C@]2(O)C(=O)CO,1,O=C1C=C2CCC3C4CCCC4CCC3C2CC1,0.6539162112932605,1,0.8510116240946216
C[C@]12C[C@H](O)[C@H]3[C@@H](CCC4=CC(=O)CC[C@@]43C)[C@@H]1CC[C@@H]2C(=O)CO,1,O=C1C=C2CCC3C4CCCC4CCC3C2CC1,CC(=O)[C@H]1CC[C@H]2[C@@H]3CCC4=CC(=O)CC[C@]4(C)[C@H]3CC[C@]12C,1,O=C1C=C2CCC3C4CCCC4CCC3C2CC1,0.5713983050847458,1,0.8164515097006845
C[C@]12C[C@H](O)[C@H]3[C@@H](CCC4=CC(=O)CC[C@@]43C)[C@@H]1CC[C@@H]2C(=O)CO,1,O=C1C=C2CCC3C4CCCC4CCC3C2CC1,C[C@]12CC[C@H]3[C@@H](CCC4=CC(=O)CC[C@@]43C)[C@@H]1CC[C@@H]2O,1,O=C1C=C2CCC3C4CCCC4CCC3C2CC1,0.5490872210953348,1,0.7513490660216275
C[C@]12C[C@H](O)[C@H]3[C@@H](CCC4=CC(=O)CC[C@@]43C)[C@@H]1CC[C@@H]2C(=O)CO,1,O=C1C=C2CCC3C4CCCC4CCC3C2CC1,CCC[C@H]1O[C@@H]2C[C@H]3[C@@H]4CCC5=CC(=O)C=C[C@]5(C)[C@H]4[C@@H](O)C[C@]3(C)[C@]2(C(=O)CO)O1,1,O=C1C=CC2C(=C1)CCC1C2CCC2C1CC1OCOC12,0.36462585034013606,1,0.6969229939723873
Cc1cnc(C(=O)NCCc2ccc(S(=O)(=O)NC(=O)NC3CCCCC3)cc2)cn1,0,O=C(NC1CCCCC1)NS(=O)(=O)c1ccc(CCNC(=O)c2cnccn2)cc1,CC(C)(Oc1ccc(CCNC(=O)c2ccc(Cl)cc2)cc1)C(=O)O,1,O=C(NCCc1ccccc1)c1ccccc1,0.25880701754385965,0,0.28807310297368477
Cc1cnc(C(=O)NCCc2ccc(S(=O)(=O)NC(=O)NC3CCCCC3)cc2)cn1,0,O=C(NC1CCCCC1)NS(=O)(=O)c1ccc(CCNC(=O)c2cnccn2)cc1,Nc1ccc(S(=O)(=O)Nc2ncccn2)cc1,1,O=S(=O)(Nc1ncccn1)c1ccccc1,0.22569696969696973,0,0.05264175752567823
Cc1cnc(C(=O)NCCc2ccc(S(=O)(=O)NC(=O)NC3CCCCC3)cc2)cn1,0,O=C(NC1CCCCC1)NS(=O)(=O)c1ccc(CCNC(=O)c2cnccn2)cc1,CN1[C@@H]2CCC[C@H]1CC(NC(=O)c1nn(C)c3ccccc13)C2,1,O=C(NC1CC2CCCC(C1)N2)c1n[nH]c2ccccc12,0.22215189873417723,0,0.3083863781193509
Cc1cnc(C(=O)NCCc2ccc(S(=O)(=O)NC(=O)NC3CCCCC3)cc2)cn1,0,O=C(NC1CCCCC1)NS(=O)(=O)c1ccc(CCNC(=O)c2cnccn2)cc1,Cc1cc(NS(=O)(=O)c2ccc(N)cc2)no1,1,O=S(=O)(Nc1ccon1)c1ccccc1,0.21657000828500417,0,0.06413130237385158
Fc1ccc([C@@H]2CCNC[C@H]2COc2ccc3c(c2)OCO3)cc1,0,c1ccc(C2CCNCC2COc2ccc3c(c2)OCO3)cc1,CCOc1ccccc1O[C@H](c1ccccc1)[C@H]1CNCCO1,1,c1ccc(OC(c2ccccc2)C2CNCCO2)cc1,0.23377131674587642,0,0.3689039877720442
Fc1ccc([C@@H]2CCNC[C@H]2COc2ccc3c(c2)OCO3)cc1,0,c1ccc(C2CCNCC2COc2ccc3c(c2)OCO3)cc1,CN1CC(=O)N2[C@H](c3ccc4c(c3)OCO4)c3[nH]c4ccccc4c3C[C@@H]2C1=O,1,O=C1NCC(=O)N2C1Cc1c([nH]c3ccccc13)C2c1ccc2c(c1)OCO2,0.22188107267780804,0,0.39281810975586634
Fc1ccc([C@@H]2CCNC[C@H]2COc2ccc3c(c2)OCO3)cc1,0,c1ccc(C2CCNCC2COc2ccc3c(c2)OCO3)cc1,COc1cc(N)c(Cl)cc1C(=O)N[C@H]1CCN(CCCOc2ccc(F)cc2)C[C@H]1OC,1,O=C(NC1CCN(CCCOc2ccccc2)CC1)c1ccccc1,0.20078201368523949,0,0.3512935857188345
Fc1ccc([C@@H]2CCNC[C@H]2COc2ccc3c(c2)OCO3)cc1,0,c1ccc(C2CCNCC2COc2ccc3c(c2)OCO3)cc1,COc1cc(C(C)=O)ccc1OCCCN1CCC(c2noc3cc(F)ccc23)CC1,1,c1ccc(OCCCN2CCC(c3noc4ccccc34)CC2)cc1,0.19075224292615597,0,0.3221987554559448
OCCN1CCN(CCCN2c3ccccc3C=Cc3ccccc32)CC1,0,C1=Cc2ccccc2N(CCCN2CCNCC2)c2ccccc21,O=C1[C@H]2CCCC[C@H]2C(=O)N1CCCCN1CCN(c2nsc3ccccc23)CC1,1,O=C1C2CCCCC2C(=O)N1CCCCN1CCN(c2nsc3ccccc23)CC1,0.28704596592735454,0,0.47887752042541093
OCCN1CCN(CCCN2c3ccccc3C=Cc3ccccc32)CC1,0,C1=Cc2ccccc2N(CCCN2CCNCC2)c2ccccc21,O=c1n(CCCN2CCN(c3cccc(Cl)c3)CC2)nc2ccccn12,1,O=c1n(CCCN2CCN(c3ccccc3)CC2)nc2ccccn12,0.2676307007786429,0,0.3974282027023361
OCCN1CCN(CCCN2c3ccccc3C=Cc3ccccc32)CC1,0,C1=Cc2ccccc2N(CCCN2CCNCC2)c2ccccc21,CC1(C)CC(=O)N(CCCCN2CCN(c3ncccn3)CC2)C(=O)C1,1,O=C1CCCC(=O)N1CCCCN1CCN(c2ncccn2)CC1,0.26433566433566436,1,0.581843903389764
OCCN1CCN(CCCN2c3ccccc3C=Cc3ccccc32)CC1,0,C1=Cc2ccccc2N(CCCN2CCNCC2)c2ccccc21,CC(C)(C)c1ccc(C(=O)CCCN2CCC(OC(c3ccccc3)c3ccccc3)CC2)cc1,1,O=C(CCCN1CCC(OC(c2ccccc2)c2ccccc2)CC1)c1ccccc1,0.24268774703557314,0,0.13595582633240294
COC(=O)Nc1nc2cc(C(=O)c3ccccc3)ccc2[nH]1,0,O=C(c1ccccc1)c1ccc2[nH]cnc2c1,CCCSc1ccc2nc(NC(=O)OC)[nH]c2c1,1,c1ccc2[nH]cnc2c1,0.4850649350649351,1,0.5598139562729452
COC(=O)Nc1nc2cc(C(=O)c3ccccc3)ccc2[nH]1,0,O=C(c1ccccc1)c1ccc2[nH]cnc2c1,COc1ccc(-c2nc3cc(C4=NNC(=O)C[C@H]4C)ccc3[nH]2)cc1,1,O=C1CCC(c2ccc3[nH]c(-c4ccccc4)nc3c2)=NN1,0.26095238095238094,0,0.11708630127342369
COC(=O)Nc1nc2cc(C(=O)c3ccccc3)ccc2[nH]1,0,O=C(c1ccccc1)c1ccc2[nH]cnc2c1,COCCCOc1ccnc(C[S@@H](=O)c2nc3ccccc3[nH]2)c1C,1,O=[SH](Cc1ccccn1)c1nc2ccccc2[nH]1,0.24902667627974046,0,0.491269043931669
COC(=O)Nc1nc2cc(C(=O)c3ccccc3)ccc2[nH]1,0,O=C(c1ccccc1)c1ccc2[nH]cnc2c1,Cc1c(OCC(F)(F)F)ccnc1C[S@@H](=O)c1nc2ccccc2[nH]1,1,O=[SH](Cc1ccccn1)c1nc2ccccc2[nH]1,0.22767940354147254,0,0.4361734906289294
CN1[C@@H]2CC[C@H]1CC(NC(=O)c1cc(Cl)cc3c1OC(C)(C)C3)C2,1,O=C(NC1CC2CCC(C1)N2)c1cccc2c1OCC2,CN1[C@@H]2CCC[C@H]1CC(NC(=O)c1nn(C)c3ccccc13)C2,1,O=C(NC1CC2CCCC(C1)N2)c1n[nH]c2ccccc12,0.34735413839891455,1,0.7535936455922222
CN1[C@@H]2CC[C@H]1CC(NC(=O)c1cc(Cl)cc3c1OC(C)(C)C3)C2,1,O=C(NC1CC2CCC(C1)N2)c1cccc2c1OCC2,COC(=O)[C@H]1[C@@H](OC(=O)c2ccccc2)C[C@@H]2CC[C@H]1N2C,1,O=C(OC1CC2CCC(C1)N2)c1ccccc1,0.2546687532603026,1,0.6575240928704463
CN1[C@@H]2CC[C@H]1CC(NC(=O)c1cc(Cl)cc3c1OC(C)(C)C3)C2,1,O=C(NC1CC2CCC(C1)N2)c1cccc2c1OCC2,COc1cc(N)c(Cl)cc1C(=O)N[C@H]1CCN(CCCOc2ccc(F)cc2)C[C@H]1OC,1,O=C(NC1CCN(CCCOc2ccccc2)CC1)c1ccccc1,0.23823326432022085,0,0.42918667184248965
CN1[C@@H]2CC[C@H]1CC(NC(=O)c1cc(Cl)cc3c1OC(C)(C)C3)C2,1,O=C(NC1CC2CCC(C1)N2)c1cccc2c1OCC2,CCN(CC)CCNC(=O)c1cc(Cl)c(N)cc1OC,1,c1ccccc1,0.21274074074074076,1,0.5537551186751207
CN1CCCN=C1/C=C\c1cccs1,0,C(=Cc1cccs1)C1=NCCCN1,CCC(=O)N(c1ccccc1)C1(COC)CCN(CCc2cccs2)CC1,1,c1ccc(NC2CCN(CCc3cccs3)CC2)cc1,0.2221889055472264,0,0.08302230136310489
CN1CCCN=C1/C=C\c1cccs1,0,C(=Cc1cccs1)C1=NCCCN1,CN1CCC[C@H]1c1cccnc1,1,c1cncc(C2CCCN2)c1,0.21167945439045185,0,0.1307676942869012
CN1CCCN=C1/C=C\c1cccs1,0,C(=Cc1cccs1)C1=NCCCN1,CN1CCN2c3ccccc3Cc3cccnc3[C@@H]2C1,1,c1ccc2c(c1)Cc1cccnc1C1CNCCN21,0.21080026024723486,0,0.19118208101324277
CN1CCCN=C1/C=C\c1cccs1,0,C(=Cc1cccs1)C1=NCCCN1,CCOCCn1c(N2CCCN(C)CC2)nc2ccccc21,1,c1ccc2[nH]c(N3CCCNCC3)nc2c1,0.18395989974937343,0,0.177231312990161
CN1CCN(C2=Nc3cc(F)ccc3Cc3ccccc32)CC1,0,c1ccc2c(c1)Cc1ccccc1C(N1CCNCC1)=N2,CN1CCN(C2=Nc3cc(Cl)ccc3Nc3ccccc32)CC1,1,c1ccc2c(c1)N=C(N1CCNCC1)c1ccccc1N2,0.49852008456659624,0,0.4077821476043334
CN1CCN(C2=Nc3cc(F)ccc3Cc3ccccc32)CC1,0,c1ccc2c(c1)Cc1ccccc1C(N1CCNCC1)=N2,CN1CCN2c3ccccc3Cc3cccnc3[C@@H]2C1,1,c1ccc2c(c1)Cc1cccnc1C1CNCCN21,0.30444515510073555,0,0.35967862588703287
CN1CCN(C2=Nc3cc(F)ccc3Cc3ccccc32)CC1,0,c1ccc2c(c1)Cc1ccccc1C(N1CCNCC1)=N2,CCOCCn1c(N2CCCN(C)CC2)nc2ccccc21,1,c1ccc2[nH]c(N3CCCNCC3)nc2c1,0.2312275295326143,0,0.44881636855261703
CN1CCN(C2=Nc3cc(F)ccc3Cc3ccccc32)CC1,0,c1ccc2c(c1)Cc1ccccc1C(N1CCNCC1)=N2,CNC1=Nc2ccc(Cl)cc2C(c2ccccc2)=[N+]([O-])C1,1,C1=Nc2ccccc2C(c2ccccc2)=[NH+]C1,0.22189054726368163,0,0.3527270478012291
Cc1nc(C)c2c(n1)N(Cc1ccc(-c3ccccc3-c3nnn[nH]3)cc1)C(=O)CC2,1,O=C1CCc2cncnc2N1Cc1ccc(-c2ccccc2-c2nnn[nH]2)cc1,CCCCc1nc(Cl)c(CO)n1Cc1ccc(-c2ccccc2-c2nnn[nH]2)cc1,1,c1ccc(-c2nnn[nH]2)c(-c2ccc(Cn3ccnc3)cc2)c1,0.433445945945946,1,0.7199493896467792
Cc1nc(C)c2c(n1)N(Cc1ccc(-c3ccccc3-c3nnn[nH]3)cc1)C(=O)CC2,1,O=C1CCc2cncnc2N1Cc1ccc(-c2ccccc2-c2nnn[nH]2)cc1,CN1C(=O)CN=C(c2ccccc2)c2cc(Cl)ccc21,1,O=C1CN=C(c2ccccc2)c2ccccc2N1,0.20345355191256834,1,0.8666937768004764
Cc1nc(C)c2c(n1)N(Cc1ccc(-c3ccccc3-c3nnn[nH]3)cc1)C(=O)CC2,1,O=C1CCc2cncnc2N1Cc1ccc(-c2ccccc2-c2nnn[nH]2)cc1,Cc1ccnc2c1NC(=O)c1cccnc1N2C1CC1,1,O=C1Nc2cccnc2N(C2CC2)c2ncccc21,0.20060876623376628,1,0.9263326478654461
Cc1nc(C)c2c(n1)N(Cc1ccc(-c3ccccc3-c3nnn[nH]3)cc1)C(=O)CC2,1,O=C1CCc2cncnc2N1Cc1ccc(-c2ccccc2-c2nnn[nH]2)cc1,O=C1CN=C(c2ccccc2)c2cc(Cl)ccc2N1,1,O=C1CN=C(c2ccccc2)c2ccccc2N1,0.1867775467775468,1,0.8741444845746983
Cc1cccc(C)c1OCC(=O)N[C@@H](Cc1ccccc1)[C@@H](O)C[C@H](Cc1ccccc1)NC(=O)[C@H](C(C)C)N1CCCNC1=O,1,O=C(COc1ccccc1)NC(CCC(Cc1ccccc1)NC(=O)CN1CCCNC1=O)Cc1ccccc1,CC(C)c1nc(CN(C)C(=O)N[C@H](C(=O)N[C@@H](Cc2ccccc2)C[C@H](O)[C@H](Cc2ccccc2)NC(=O)OCc2cncs2)C(C)C)cs1,1,O=C(CNC(=O)NCc1cscn1)NC(CCC(Cc1ccccc1)NC(=O)OCc1cncs1)Cc1ccccc1,0.3266841415465269,1,0.8466043900323774
Cc1cccc(C)c1OCC(=O)N[C@@H](Cc1ccccc1)[C@@H](O)C[C@H](Cc1ccccc1)NC(=O)[C@H](C(C)C)N1CCCNC1=O,1,O=C(COc1ccccc1)NC(CCC(Cc1ccccc1)NC(=O)CN1CCCNC1=O)Cc1ccccc1,CC(C)(C)NC(=O)[C@@H]1C[C@@H]2CCCC[C@@H]2CN1C[C@@H](O)[C@H](Cc1ccccc1)NC(=O)[C@H](CC(N)=O)NC(=O)c1ccc2ccccc2n1,1,O=C(CNC(=O)c1ccc2ccccc2n1)NC(CCN1CCC2CCCCC2C1)Cc1ccccc1,0.2514529914529915,1,0.9210157304182184
Cc1cccc(C)c1OCC(=O)N[C@@H](Cc1ccccc1)[C@@H](O)C[C@H](Cc1ccccc1)NC(=O)[C@H](C(C)C)N1CCCNC1=O,1,O=C(COc1ccccc1)NC(CCC(Cc1ccccc1)NC(=O)CN1CCCNC1=O)Cc1ccccc1,CCOc1cc(CC(=O)N[C@@H](CC(C)C)c2ccccc2N2CCCCC2)ccc1C(=O)O,1,O=C(Cc1ccccc1)NCc1ccccc1N1CCCCC1,0.2508235294117647,1,0.8828092549399534
Cc1cccc(C)c1OCC(=O)N[C@@H](Cc1ccccc1)[C@@H](O)C[C@H](Cc1ccccc1)NC(=O)[C@H](C(C)C)N1CCCNC1=O,1,O=C(COc1ccccc1)NC(CCC(Cc1ccccc1)NC(=O)CN1CCCNC1=O)Cc1ccccc1,Cc1cccc(C)c1NC(=O)CN1CCCC1=O,1,O=C(CN1CCCC1=O)Nc1ccccc1,0.2436801752464403,1,0.8358413342394364
CN1CCc2cccc3c2[C@@H]1Cc1ccc(O)c(O)c1-3,1,c1ccc2c(c1)CC1NCCc3cccc-2c31,CN1CCC[C@H]1c1cccnc1,1,c1cncc(C2CCCN2)c1,0.25479915433403805,1,0.7157070929984927
CN1CCc2cccc3c2[C@@H]1Cc1ccc(O)c(O)c1-3,1,c1ccc2c(c1)CC1NCCc3cccc-2c31,CCN(CC)C(=O)N[C@H]1C=C2c3cccc4[nH]cc(c34)C[C@H]2N(C)C1,1,C1=C2c3cccc4[nH]cc(c34)CC2NCC1,0.2295,1,0.73814579957242
CN1CCc2cccc3c2[C@@H]1Cc1ccc(O)c(O)c1-3,1,c1ccc2c(c1)CC1NCCc3cccc-2c31,C[C@H](CO)NC(=O)[C@@H]1C=C2c3cccc4[nH]cc(c34)C[C@H]2N(C)C1,1,C1=C2c3cccc4[nH]cc(c34)CC2NCC1,0.22947368421052633,1,0.6539407344086102
CN1CCc2cccc3c2[C@@H]1Cc1ccc(O)c(O)c1-3,1,c1ccc2c(c1)CC1NCCc3cccc-2c31,CN(C)CCC=C1c2ccccc2CCc2ccccc21,1,C=C1c2ccccc2CCc2ccccc21,0.2210526315789474,1,0.7049348075931497
CCn1cc(C(=O)O)c(=O)c2cnc(N3CCNCC3)nc21,0,O=c1cc[nH]c2nc(N3CCNCC3)ncc12,CC1(C)CC(=O)N(CCCCN2CCN(c3ncccn3)CC2)C(=O)C1,1,O=C1CCCC(=O)N1CCCCN1CCN(c2ncccn2)CC1,0.20193548387096777,0,0.29748207396760895
CCn1cc(C(=O)O)c(=O)c2cnc(N3CCNCC3)nc21,0,O=c1cc[nH]c2nc(N3CCNCC3)ncc12,CCOc1cc(CC(=O)N[C@@H](CC(C)C)c2ccccc2N2CCCCC2)ccc1C(=O)O,1,O=C(Cc1ccccc1)NCc1ccccc1N1CCCCC1,0.1937559732398853,0,0.19956518621492045
CCn1cc(C(=O)O)c(=O)c2cnc(N3CCNCC3)nc21,0,O=c1cc[nH]c2nc(N3CCNCC3)ncc12,C[C@@H]1C[C@H]2[C@@H]3CCC4=CC(=O)C=C[C@]4(C)C3=CC[C@]2(C)[C@H]1C(=O)CN1CCN(c2cc(N3CCCC3)nc(N3CCCC3)n2)CC1,1,O=C1C=CC2C(=C1)CCC1C2=CCC2C(C(=O)CN3CCN(c4cc(N5CCCC5)nc(N5CCCC5)n4)CC3)CCC12,0.18260204081632653,0,0.08868532607213335
CCn1cc(C(=O)O)c(=O)c2cnc(N3CCNCC3)nc21,0,O=c1cc[nH]c2nc(N3CCNCC3)ncc12,CCC(=O)N(c1ccccc1)C1(COC)CCN(CCn2nnn(CC)c2=O)CC1,1,O=c1[nH]nnn1CCN1CCC(Nc2ccccc2)CC1,0.17063492063492067,0,0.09143842501465223
CNC1=Nc2ccc(Cl)cc2C(c2ccccc2)=[N+]([O-])C1,1,C1=Nc2ccccc2C(c2ccccc2)=[NH+]C1,CN1C(=O)CN=C(c2ccccc2)c2cc(Cl)ccc21,1,O=C1CN=C(c2ccccc2)c2ccccc2N1,0.3142028985507247,1,0.8095370036177084
CNC1=Nc2ccc(Cl)cc2C(c2ccccc2)=[N+]([O-])C1,1,C1=Nc2ccccc2C(c2ccccc2)=[NH+]C1,O=C1CN=C(c2ccccc2)c2cc(Cl)ccc2N1,1,O=C1CN=C(c2ccccc2)c2ccccc2N1,0.3024011299435029,1,0.8326065577824849
CNC1=Nc2ccc(Cl)cc2C(c2ccccc2)=[N+]([O-])C1,1,C1=Nc2ccccc2C(c2ccccc2)=[NH+]C1,Cc1nnc2n1-c1ccc(Cl)cc1C(c1ccccc1)=NC2,1,c1ccc(C2=NCc3nncn3-c3ccccc32)cc1,0.2912698412698413,1,0.76933879552598
CNC1=Nc2ccc(Cl)cc2C(c2ccccc2)=[N+]([O-])C1,1,C1=Nc2ccccc2C(c2ccccc2)=[NH+]C1,CN1C(=O)[C@H](O)N=C(c2ccccc2)c2cc(Cl)ccc21,1,O=C1CN=C(c2ccccc2)c2ccccc2N1,0.2869047619047619,1,0.7960553987713666
C=C[C@H]1CN2CC[C@H]1C[C@@H]2[C@H](O)c1ccnc2ccc(OC)cc12,1,c1ccc2c(CC3CC4CCN3CC4)ccnc2c1,COc1ccc(C(C)C)cc1CN[C@H]1C2CCN(CC2)[C@H]1C(c1ccccc1)c1ccccc1,1,c1ccc(CNC2C3CCN(CC3)C2C(c2ccccc2)c2ccccc2)cc1,0.22698752228163996,0,0.3640774420195893
C=C[C@H]1CN2CC[C@H]1C[C@@H]2[C@H](O)c1ccnc2ccc(OC)cc12,1,c1ccc2c(CC3CC4CCN3CC4)ccnc2c1,CCc1c2c(nc3ccc(OC(=O)N4CCC(N5CCCCC5)CC4)cc13)-c1cc3c(c(=O)n1C2)COC(=O)[C@]3(O)CC,1,O=C1Cc2cc3n(c(=O)c2CO1)Cc1cc2cc(OC(=O)N4CCC(N5CCCCC5)CC4)ccc2nc1-3,0.218018018018018,1,0.5416317941289157
C=C[C@H]1CN2CC[C@H]1C[C@@H]2[C@H](O)c1ccnc2ccc(OC)cc12,1,c1ccc2c(CC3CC4CCN3CC4)ccnc2c1,COc1ccc(CCN2CCC(Nc3nc4ccccc4n3Cc3ccc(F)cc3)CC2)cc1,1,c1ccc(CCN2CCC(Nc3nc4ccccc4n3Cc3ccccc3)CC2)cc1,0.21207729468599035,1,0.7881755587695942
C=C[C@H]1CN2CC[C@H]1C[C@@H]2[C@H](O)c1ccnc2ccc(OC)cc12,1,c1ccc2c(CC3CC4CCN3CC4)ccnc2c1,COc1cc(N[C@@H](C)CCCN)c2ncccc2c1,1,c1ccc2ncccc2c1,0.20763178599527932,1,0.7139771520935961
CC[C@H]1CN2CC[C@H]1C[C@@H]2[C@@H](O)c1ccnc2ccc(OC)cc12,0,c1ccc2c(CC3CC4CCN3CC4)ccnc2c1,C=C[C@H]1CN2CC[C@H]1C[C@@H]2[C@H](O)c1ccnc2ccc(OC)cc12,1,c1ccc2c(CC3CC4CCN3CC4)ccnc2c1,0.7643817204301075,0,0.39308291354989927
CC[C@H]1CN2CC[C@H]1C[C@@H]2[C@@H](O)c1ccnc2ccc(OC)cc12,0,c1ccc2c(CC3CC4CCN3CC4)ccnc2c1,COc1ccc(C(C)C)cc1CN[C@H]1C2CCN(CC2)[C@H]1C(c1ccccc1)c1ccccc1,1,c1ccc(CNC2C3CCN(CC3)C2C(c2ccccc2)c2ccccc2)cc1,0.24345238095238098,0,0.328663805908256
CC[C@H]1CN2CC[C@H]1C[C@@H]2[C@@H](O)c1ccnc2ccc(OC)cc12,0,c1ccc2c(CC3CC4CCN3CC4)ccnc2c1,CCc1c2c(nc3ccc(OC(=O)N4CCC(N5CCCCC5)CC4)cc13)-c1cc3c(c(=O)n1C2)COC(=O)[C@]3(O)CC,1,O=C1Cc2cc3n(c(=O)c2CO1)Cc1cc2cc(OC(=O)N4CCC(N5CCCCC5)CC4)ccc2nc1-3,0.23969341539890837,1,0.500832638942921
CC[C@H]1CN2CC[C@H]1C[C@@H]2[C@@H](O)c1ccnc2ccc(OC)cc12,0,c1ccc2c(CC3CC4CCN3CC4)ccnc2c1,COc1cc(N[C@@H](C)CCCN)c2ncccc2c1,1,c1ccc2ncccc2c1,0.22469135802469137,1,0.6567975782774529
O=C1c2ccccc2C(=O)c2ccccc21,0,O=C1c2ccccc2C(=O)c2ccccc21,NC(=O)OCC(COC(N)=O)c1ccccc1,1,c1ccccc1,0.2628571428571429,0,0.12180608443029442
O=C1c2ccccc2C(=O)c2ccccc21,0,O=C1c2ccccc2C(=O)c2ccccc21,Nc1ccc(S(=O)(=O)c2ccc(N)cc2)cc1,1,O=S(=O)(c1ccccc1)c1ccccc1,0.24759725400457666,0,0.20066206874639295
O=C1c2ccccc2C(=O)c2ccccc21,0,O=C1c2ccccc2C(=O)c2ccccc21,CC1=C(C)C(=O)C([C@@H](CCCCCC(=O)O)c2ccccc2)=C(C)C1=O,1,O=C1C=CC(=O)C(Cc2ccccc2)=C1,0.23461538461538461,0,0.32023618975836654
O=C1c2ccccc2C(=O)c2ccccc21,0,O=C1c2ccccc2C(=O)c2ccccc21,O=C(O)c1ccccc1O,1,c1ccccc1,0.232,0,0.34206018898496077
O=C1c2c(O)ccc(O)c2C(=O)c2c(NCCNCCO)ccc(NCCNCCO)c21,0,O=C1c2ccccc2C(=O)c2ccccc21,O=c1c(O)c(-c2ccc(O)c(O)c2)oc2cc(O)cc(O)c12,1,O=c1cc(-c2ccccc2)oc2ccccc12,0.17237762237762239,0,0.011611420452293983
O=C1c2c(O)ccc(O)c2C(=O)c2c(NCCNCCO)ccc(NCCNCCO)c21,0,O=C1c2ccccc2C(=O)c2ccccc21,CC(=O)Nc1ccc(O)cc1,1,c1ccccc1,0.1722727272727273,0,0.11638200767816277
O=C1c2c(O)ccc(O)c2C(=O)c2c(NCCNCCO)ccc(NCCNCCO)c21,0,O=C1c2ccccc2C(=O)c2ccccc21,O=C(O)c1ccccc1O,1,c1ccccc1,0.16747967479674797,0,0.08857613443444934
O=C1c2c(O)ccc(O)c2C(=O)c2c(NCCNCCO)ccc(NCCNCCO)c21,0,O=C1c2ccccc2C(=O)c2ccccc21,CCCNC[C@H](O)COc1ccccc1C(=O)CCc1ccccc1,1,O=C(CCc1ccccc1)c1ccccc1,0.15361653272101033,0,0.20206273190429322
CC1(C)NC(=O)N(c2ccc([N+](=O)[O-])c(C(F)(F)F)c2)C1=O,0,O=C1CNC(=O)N1c1ccccc1,CC(C)C(=O)Nc1ccc([N+](=O)[O-])c(C(F)(F)F)c1,1,c1ccccc1,0.4223255813953489,0,0.15917968126789175
CC1(C)NC(=O)N(c2ccc([N+](=O)[O-])c(C(F)(F)F)c2)C1=O,0,O=C1CNC(=O)N1c1ccccc1,CN1C(=O)CN=C(c2ccccc2F)c2cc([N+](=O)[O-])ccc21,1,O=C1CN=C(c2ccccc2)c2ccccc2N1,0.24742857142857144,0,0.1147865805277881
CC1(C)NC(=O)N(c2ccc([N+](=O)[O-])c(C(F)(F)F)c2)C1=O,0,O=C1CNC(=O)N1c1ccccc1,COC(=O)C1=C(C)NC(C)=C(C(=O)OC)C1c1ccccc1[N+](=O)[O-],1,C1=CC(c2ccccc2)C=CN1,0.2471655328798186,0,0.25571828494182075
CC1(C)NC(=O)N(c2ccc([N+](=O)[O-])c(C(F)(F)F)c2)C1=O,0,O=C1CNC(=O)N1c1ccccc1,O=C1CN=C(c2ccccc2Cl)c2cc([N+](=O)[O-])ccc2N1,1,O=C1CN=C(c2ccccc2)c2ccccc2N1,0.23024336888159697,0,0.11166374822433002
CC1=C(C(=O)OCCN(Cc2ccccc2)c2ccccc2)[C@H](c2cccc([N+](=O)[O-])c2)C(P2(=O)OCC(C)(C)CO2)=C(C)N1,0,O=C(OCCN(Cc1ccccc1)c1ccccc1)C1=CNC=C(P2(=O)OCCCO2)C1c1ccccc1,CCCOCCOC(=O)C1=C(C)NC(C)=C(C(=O)OCCOCCC)C1c1cccc([N+](=O)[O-])c1,1,C1=CC(c2ccccc2)C=CN1,0.5183018867924528,0,0.1559966642305416
CC1=C(C(=O)OCCN(Cc2ccccc2)c2ccccc2)[C@H](c2cccc([N+](=O)[O-])c2)C(P2(=O)OCC(C)(C)CO2)=C(C)N1,0,O=C(OCCN(Cc1ccccc1)c1ccccc1)C1=CNC=C(P2(=O)OCCCO2)C1c1ccccc1,COCCOC(=O)C1=C(C)NC(C)=C(C(=O)OC(C)C)[C@@H]1c1cccc([N+](=O)[O-])c1,1,C1=CC(c2ccccc2)C=CN1,0.5064137308039747,0,0.185033900676208
CC1=C(C(=O)OCCN(Cc2ccccc2)c2ccccc2)[C@H](c2cccc([N+](=O)[O-])c2)C(P2(=O)OCC(C)(C)CO2)=C(C)N1,0,O=C(OCCN(Cc1ccccc1)c1ccccc1)C1=CNC=C(P2(=O)OCCCO2)C1c1ccccc1,COCCOC(=O)C1=C(C)NC(C)=C(C(=O)OC/C=C/c2ccccc2)[C@H]1c1cccc([N+](=O)[O-])c1,1,O=C(OCC=Cc1ccccc1)C1=CNC=CC1c1ccccc1,0.5028239202657807,0,0.1671723489894969
CC1=C(C(=O)OCCN(Cc2ccccc2)c2ccccc2)[C@H](c2cccc([N+](=O)[O-])c2)C(P2(=O)OCC(C)(C)CO2)=C(C)N1,0,O=C(OCCN(Cc1ccccc1)c1ccccc1)C1=CNC=C(P2(=O)OCCCO2)C1c1ccccc1,CCOC(=O)C1=C(C)NC(C)=C(C(=O)OC)[C@@H]1c1cccc([N+](=O)[O-])c1,1,C1=CC(c2ccccc2)C=CN1,0.5016066212268744,0,0.3016034681083207
CCCc1nc2c(C)cc(-c3nc4ccccc4n3C)cc2n1Cc1ccc(-c2ccccc2C(=O)O)cc1,0,c1ccc(-c2ccc(Cn3cnc4ccc(-c5nc6ccccc6[nH]5)cc43)cc2)cc1,CCCCc1nc(Cl)c(CO)n1Cc1ccc(-c2ccccc2-c2nnn[nH]2)cc1,1,c1ccc(-c2nnn[nH]2)c(-c2ccc(Cn3ccnc3)cc2)c1,0.3028213166144201,0,0.19011267878351987
CCCc1nc2c(C)cc(-c3nc4ccccc4n3C)cc2n1Cc1ccc(-c2ccccc2C(=O)O)cc1,0,c1ccc(-c2ccc(Cn3cnc4ccc(-c5nc6ccccc6[nH]5)cc43)cc2)cc1,COc1ccc(CCN2CCC(Nc3nc4ccccc4n3Cc3ccc(F)cc3)CC2)cc1,1,c1ccc(CCN2CCC(Nc3nc4ccccc4n3Cc3ccccc3)CC2)cc1,0.24446262956901255,0,0.364360786755121
CCCc1nc2c(C)cc(-c3nc4ccccc4n3C)cc2n1Cc1ccc(-c2ccccc2C(=O)O)cc1,0,c1ccc(-c2ccc(Cn3cnc4ccc(-c5nc6ccccc6[nH]5)cc43)cc2)cc1,Cc1nc(C)c2c(n1)N(Cc1ccc(-c3ccccc3-c3nnn[nH]3)cc1)C(=O)CC2,1,O=C1CCc2cncnc2N1Cc1ccc(-c2ccccc2-c2nnn[nH]2)cc1,0.24322344322344322,0,0.20319949224021075
CCCc1nc2c(C)cc(-c3nc4ccccc4n3C)cc2n1Cc1ccc(-c2ccccc2C(=O)O)cc1,0,c1ccc(-c2ccc(Cn3cnc4ccc(-c5nc6ccccc6[nH]5)cc43)cc2)cc1,CCOCc1nc2c(N)nc3ccccc3c2n1CC(C)(C)O,1,c1ccc2c(c1)ncc1nc[nH]c12,0.21857471264367817,0,0.3131881033599604
COc1ccc(CN2CCNCC2)c(OC)c1OC,0,c1ccc(CN2CCNCC2)cc1,COc1cc2c(cc1OC)C(=O)[C@H](CC1CCN(Cc3ccccc3)CC1)C2,1,O=C1c2ccccc2CC1CC1CCN(Cc2ccccc2)CC1,0.28689553340716134,0,0.39232817486962607
COc1ccc(CN2CCNCC2)c(OC)c1OC,0,c1ccc(CN2CCNCC2)cc1,COc1ccc(C(C)C)cc1CN[C@H]1C2CCN(CC2)[C@H]1C(c1ccccc1)c1ccccc1,1,c1ccc(CNC2C3CCN(CC3)C2C(c2ccccc2)c2ccccc2)cc1,0.24981818181818183,0,0.23302364659235653
COc1ccc(CN2CCNCC2)c(OC)c1OC,0,c1ccc(CN2CCNCC2)cc1,COc1cc(Cc2cnc(N)nc2N)cc(OC)c1OC,1,c1ccc(Cc2cncnc2)cc1,0.23359173126614988,0,0.23100474230271595
COc1ccc(CN2CCNCC2)c(OC)c1OC,0,c1ccc(CN2CCNCC2)cc1,COc1ccc(CCN(C)CCC[C@@](C#N)(c2cc(OC)c(OC)c(OC)c2)C(C)C)cc1OC,1,c1ccc(CCCCNCCc2ccccc2)cc1,0.2327909887359199,0,0.461653677310258
c1ccc2cc(COC3CCNCC3)ccc2c1,0,c1ccc2cc(COC3CCNCC3)ccc2c1,COC(=O)[C@H](c1ccccc1)[C@H]1CCCCN1,1,c1ccc(CC2CCCCN2)cc1,0.2210526315789474,0,0.3892828563242914
c1ccc2cc(COC3CCNCC3)ccc2c1,0,c1ccc2cc(COC3CCNCC3)ccc2c1,CCOc1ccccc1O[C@H](c1ccccc1)[C@H]1CNCCO1,1,c1ccc(OC(c2ccccc2)C2CNCCO2)cc1,0.21674347158218127,0,0.23171731483306285
c1ccc2cc(COC3CCNCC3)ccc2c1,0,c1ccc2cc(COC3CCNCC3)ccc2c1,CN1CCC[C@@H]1Cc1c[nH]c2ccc(CCS(=O)(=O)c3ccccc3)cc12,1,O=S(=O)(CCc1ccc2[nH]cc(CC3CCCN3)c2c1)c1ccccc1,0.19478351591027648,0,0.19665896801363514
c1ccc2cc(COC3CCNCC3)ccc2c1,0,c1ccc2cc(COC3CCNCC3)ccc2c1,O[C@@H](c1cc(C(F)(F)F)nc2c(C(F)(F)F)cccc12)[C@H]1CCCCN1,1,c1ccc2c(CC3CCCCN3)ccnc2c1,0.18734328358208957,0,0.23849127849089888
CC(C)(C)NC(=O)[C@@H]1C[C@@H]2CCCC[C@@H]2CN1C[C@@H](O)[C@H](Cc1ccccc1)NC(=O)[C@H](CC(N)=O)NC(=O)c1ccc2ccccc2n1,1,O=C(CNC(=O)c1ccc2ccccc2n1)NC(CCN1CCC2CCCCC2C1)Cc1ccccc1,Cc1c(O)cccc1C(=O)N[C@@H](CSc1ccccc1)[C@H](O)CN1C[C@H]2CCCC[C@H]2C[C@H]1C(=O)NC(C)(C)C,1,O=C(NC(CCN1CCC2CCCCC2C1)CSc1ccccc1)c1ccccc1,0.476,1,0.9799088396733312
CC(C)(C)NC(=O)[C@@H]1C[C@@H]2CCCC[C@@H]2CN1C[C@@H](O)[C@H](Cc1ccccc1)NC(=O)[C@H](CC(N)=O)NC(=O)c1ccc2ccccc2n1,1,O=C(CNC(=O)c1ccc2ccccc2n1)NC(CCN1CCC2CCCCC2C1)Cc1ccccc1,CC(C)(C)NC(=O)[C@@H]1CN(Cc2cccnc2)CCN1C[C@@H](O)C[C@@H](Cc1ccccc1)C(=O)N[C@H]1c2ccccc2C[C@H]1O,1,O=C(NC1CCc2ccccc21)C(CCCN1CCN(Cc2cccnc2)CC1)Cc1ccccc1,0.3149579831932773,1,0.9549819359154847
CC(C)(C)NC(=O)[C@@H]1C[C@@H]2CCCC[C@@H]2CN1C[C@@H](O)[C@H](Cc1ccccc1)NC(=O)[C@H](CC(N)=O)NC(=O)c1ccc2ccccc2n1,1,O=C(CNC(=O)c1ccc2ccccc2n1)NC(CCN1CCC2CCCCC2C1)Cc1ccccc1,Cc1cccc(C)c1OCC(=O)N[C@@H](Cc1ccccc1)[C@@H](O)C[C@H](Cc1ccccc1)NC(=O)[C@H](C(C)C)N1CCCNC1=O,1,O=C(COc1ccccc1)NC(CCC(Cc1ccccc1)NC(=O)CN1CCCNC1=O)Cc1ccccc1,0.2514529914529915,1,0.9474291998182373
CC(C)(C)NC(=O)[C@@H]1C[C@@H]2CCCC[C@@H]2CN1C[C@@H](O)[C@H](Cc1ccccc1)NC(=O)[C@H](CC(N)=O)NC(=O)c1ccc2ccccc2n1,1,O=C(CNC(=O)c1ccc2ccccc2n1)NC(CCN1CCC2CCCCC2C1)Cc1ccccc1,CC(C)c1nc(CN(C)C(=O)N[C@H](C(=O)N[C@@H](Cc2ccccc2)C[C@H](O)[C@H](Cc2ccccc2)NC(=O)OCc2cncs2)C(C)C)cs1,1,O=C(CNC(=O)NCc1cscn1)NC(CCC(Cc1ccccc1)NC(=O)OCc1cncs1)Cc1ccccc1,0.23444655624943436,1,0.9361117901586463
CCC[C@@H]1C[C@H](C(=O)N[C@@H]([C@H]2O[C@H](SC)[C@H](O)[C@@H](O)[C@H]2O)[C@H](C)Cl)N(C)C1,1,O=C(NCC1CCCCO1)C1CCCN1,Cc1c(O)cccc1C(=O)N[C@@H](CSc1ccccc1)[C@H](O)CN1C[C@H]2CCCC[C@H]2C[C@H]1C(=O)NC(C)(C)C,1,O=C(NC(CCN1CCC2CCCCC2C1)CSc1ccccc1)c1ccccc1,0.19253750815394655,1,0.8300929344728892
CCC[C@@H]1C[C@H](C(=O)N[C@@H]([C@H]2O[C@H](SC)[C@H](O)[C@@H](O)[C@H]2O)[C@H](C)Cl)N(C)C1,1,O=C(NCC1CCCCO1)C1CCCN1,C[C@H](CO)NC(=O)[C@@H]1C=C2c3cccc4[nH]cc(c34)C[C@H]2N(C)C1,1,C1=C2c3cccc4[nH]cc(c34)CC2NCC1,0.19190821256038648,1,0.6694406269105899
CCC[C@@H]1C[C@H](C(=O)N[C@@H]([C@H]2O[C@H](SC)[C@H](O)[C@@H](O)[C@H]2O)[C@H](C)Cl)N(C)C1,1,O=C(NCC1CCCCO1)C1CCCN1,CCN(CC)C(=O)N[C@H]1C[C@@H]2c3cccc4[nH]cc(c34)C[C@H]2N(C)C1,1,c1cc2c3c(c[nH]c3c1)CC1NCCCC21,0.18114349418697245,1,0.7168278750032305
CCC[C@@H]1C[C@H](C(=O)N[C@@H]([C@H]2O[C@H](SC)[C@H](O)[C@@H](O)[C@H]2O)[C@H](C)Cl)N(C)C1,1,O=C(NCC1CCCCO1)C1CCCN1,CC(C)(C)NC(=O)[C@@H]1C[C@@H]2CCCC[C@@H]2CN1C[C@@H](O)[C@H](Cc1ccccc1)NC(=O)[C@H](CC(N)=O)NC(=O)c1ccc2ccccc2n1,1,O=C(CNC(=O)c1ccc2ccccc2n1)NC(CCN1CCC2CCCCC2C1)Cc1ccccc1,0.1760883690708252,1,0.8011920024794065
CCCN[C@H]1CCc2nc(N)sc2C1,0,c1nc2c(s1)CCCC2,CCN[C@H]1C[C@H](C)S(=O)(=O)c2sc(S(N)(=O)=O)cc21,1,O=S1(=O)CCCc2ccsc21,0.1875,0,0.1337388075452398
CCCN[C@H]1CCc2nc(N)sc2C1,0,c1nc2c(s1)CCCC2,CCN[C@H]1CN(CCCOC)S(=O)(=O)c2sc(S(N)(=O)=O)cc21,1,O=S1(=O)NCCc2ccsc21,0.17336609336609338,0,0.19785594007835988
CCCN[C@H]1CCc2nc(N)sc2C1,0,c1nc2c(s1)CCCC2,Nc1c(Br)cc(Br)cc1CNC1CCC(O)CC1,1,c1ccc(CNC2CCCCC2)cc1,0.17309322033898306,0,0.07364889289183985
CCCN[C@H]1CCc2nc(N)sc2C1,0,c1nc2c(s1)CCCC2,CNCCC=C1c2ccccc2CCc2ccccc21,1,C=C1c2ccccc2CCc2ccccc21,0.15465587044534412,0,0.25720177139987027
CN(C)CC[C@H](c1ccc(Cl)cc1)c1ccccn1,1,c1ccc(Cc2ccccn2)cc1,CC(C)N(CC[C@@](C(N)=O)(c1ccccc1)c1ccccn1)C(C)C,1,c1ccc(Cc2ccccn2)cc1,0.29594202898550726,0,0.45596438248174875
CN(C)CC[C@H](c1ccc(Cl)cc1)c1ccccn1,1,c1ccc(Cc2ccccn2)cc1,CN(C)CCCOc1nn(Cc2ccccc2)c2ccccc12,1,c1ccc(Cn2ncc3ccccc32)cc1,0.2795131845841785,1,0.7426513908362382
CN(C)CC[C@H](c1ccc(Cl)cc1)c1ccccn1,1,c1ccc(Cc2ccccn2)cc1,CN(C)CC(Oc1ccccc1)Oc1ccccc1,1,c1ccc(OCOc2ccccc2)cc1,0.2761111111111111,1,0.555590484570134
CN(C)CC[C@H](c1ccc(Cl)cc1)c1ccccn1,1,c1ccc(Cc2ccccn2)cc1,CCN(CC)CCC[C@H](C)Nc1ccnc2cc(Cl)ccc12,1,c1ccc2ncccc2c1,0.2698412698412698,1,0.6353069628694978
CC(C)N(CC[C@@](C(N)=O)(c1ccccc1)c1ccccn1)C(C)C,1,c1ccc(Cc2ccccn2)cc1,CN(C)CC[C@H](c1ccc(Cl)cc1)c1ccccn1,1,c1ccc(Cc2ccccn2)cc1,0.29594202898550726,1,0.5562689274158439
CC(C)N(CC[C@@](C(N)=O)(c1ccccc1)c1ccccn1)C(C)C,1,c1ccc(Cc2ccccn2)cc1,NC(=O)OCC(COC(N)=O)c1ccccc1,1,c1ccccc1,0.24384546271338725,1,0.6743844983081231
CC(C)N(CC[C@@](C(N)=O)(c1ccccc1)c1ccccn1)C(C)C,1,c1ccc(Cc2ccccn2)cc1,Nc1ccc(S(=O)(=O)Nc2ncccn2)cc1,1,O=S(=O)(Nc1ncccn1)c1ccccc1,0.23909090909090908,1,0.6884673444637995
CC(C)N(CC[C@@](C(N)=O)(c1ccccc1)c1ccccn1)C(C)C,1,c1ccc(Cc2ccccn2)cc1,C#CCN(C)[C@@H](C)Cc1ccccc1,1,c1ccccc1,0.21842105263157896,0,0.42847525046413504
C[C@H](Cn1cnc2c(N)ncnc21)OCP(=O)(O)O,0,c1ncc2nc[nH]c2n1,CC(C)Cn1cnc2c(N)nc3ccccc3c21,1,c1ccc2c(c1)ncc1nc[nH]c12,0.2972900635664102,0,0.055796893420370294
C[C@H](Cn1cnc2c(N)ncnc21)OCP(=O)(O)O,0,c1ncc2nc[nH]c2n1,C[C@@H](O)CCCCn1c(=O)c2c(ncn2C)n(C)c1=O,1,O=c1[nH]c(=O)c2[nH]cnc2[nH]1,0.2047930283224401,0,0.050628988130342834
C[C@H](Cn1cnc2c(N)ncnc21)OCP(=O)(O)O,0,c1ncc2nc[nH]c2n1,CCOCc1nc2c(N)nc3ccccc3c2n1CC(C)(C)O,1,c1ccc2c(c1)ncc1nc[nH]c12,0.1780399274047187,0,0.03889518344218168
C[C@H](Cn1cnc2c(N)ncnc21)OCP(=O)(O)O,0,c1ncc2nc[nH]c2n1,Cn1c(=O)c2c(ncn2C)n(C)c1=O,1,O=c1[nH]c(=O)c2[nH]cnc2[nH]1,0.1774712643678161,0,0.04037649780254741
CN1CCC[C@@H]1Cc1c[nH]c2ccc(CCS(=O)(=O)c3ccccc3)cc12,1,O=S(=O)(CCc1ccc2[nH]cc(CC3CCCN3)c2c1)c1ccccc1,CN(C)CCc1c[nH]c2ccc(CS(=O)(=O)N3CCCC3)cc12,1,O=S(=O)(Cc1ccc2[nH]ccc2c1)N1CCCC1,0.4590636254501801,1,0.8192305654458798
CN1CCC[C@@H]1Cc1c[nH]c2ccc(CCS(=O)(=O)c3ccccc3)cc12,1,O=S(=O)(CCc1ccc2[nH]cc(CC3CCCN3)c2c1)c1ccccc1,CCN(CC)C(=O)N[C@H]1C=C2c3cccc4[nH]cc(c34)C[C@H]2N(C)C1,1,C1=C2c3cccc4[nH]cc(c34)CC2NCC1,0.2658307210031348,1,0.9003559957739973
CN1CCC[C@@H]1Cc1c[nH]c2ccc(CCS(=O)(=O)c3ccccc3)cc12,1,O=S(=O)(CCc1ccc2[nH]cc(CC3CCCN3)c2c1)c1ccccc1,CN1C[C@H](C(=O)N[C@]2(C)O[C@@]3(O)[C@@H]4CCCN4C(=O)[C@H](Cc4ccccc4)N3C2=O)C=C2c3cccc4[nH]cc(c34)C[C@H]21,1,O=C(NC1OC2C3CCCN3C(=O)C(Cc3ccccc3)N2C1=O)C1C=C2c3cccc4[nH]cc(c34)CC2NC1,0.2651651651651652,1,0.8410118900663305
CN1CCC[C@@H]1Cc1c[nH]c2ccc(CCS(=O)(=O)c3ccccc3)cc12,1,O=S(=O)(CCc1ccc2[nH]cc(CC3CCCN3)c2c1)c1ccccc1,CCN(CC)C(=O)N[C@H]1C[C@@H]2c3cccc4[nH]cc(c34)C[C@H]2N(C)C1,1,c1cc2c3c(c[nH]c3c1)CC1NCCCC21,0.26181818181818184,1,0.822024487626222
C1CCC(C(C[C@H]2CCCCN2)C2CCCCC2)CC1,0,C1CCC(C(CC2CCCCN2)C2CCCCC2)CC1,COC(=O)[C@H](c1ccccc1)[C@H]1CCCCN1,1,c1ccc(CC2CCCCN2)cc1,0.26666666666666666,0,0.3184103585856862
C1CCC(C(C[C@H]2CCCCN2)C2CCCCC2)CC1,0,C1CCC(C(CC2CCCCN2)C2CCCCC2)CC1,O[C@@H](c1cc(C(F)(F)F)nc2c(C(F)(F)F)cccc12)[C@H]1CCCCN1,1,c1ccc2c(CC3CCCCN3)ccnc2c1,0.19804143126177026,0,0.24221125237271302
C1CCC(C(C[C@H]2CCCCN2)C2CCCCC2)CC1,0,C1CCC(C(CC2CCCCN2)C2CCCCC2)CC1,O=[P@]1(N(CCCl)CCCl)NCCCO1,1,O=[PH]1NCCCO1,0.12333333333333334,0,0.3484472098042577
C1CCC(C(C[C@H]2CCCCN2)C2CCCCC2)CC1,0,C1CCC(C(CC2CCCCN2)C2CCCCC2)CC1,CCOC(=O)[C@H](CCc1ccccc1)N[C@@H](C)C(=O)N1CCC[C@H]1C(=O)O,1,O=C(CNCCCc1ccccc1)N1CCCC1,0.12031678342978983,0,0.24885420407773828
Cc1onc(-c2ccccc2)c1-c1ccc(S(N)(=O)=O)cc1,1,c1ccc(-c2conc2-c2ccccc2)cc1,Cc1cc(NS(=O)(=O)c2ccc(N)cc2)no1,1,O=S(=O)(Nc1ccon1)c1ccccc1,0.3057692307692308,1,0.5993908825885489
Cc1onc(-c2ccccc2)c1-c1ccc(S(N)(=O)=O)cc1,1,c1ccc(-c2conc2-c2ccccc2)cc1,NS(=O)(=O)Cc1noc2ccccc12,1,c1ccc2oncc2c1,0.28498168498168497,1,0.7045761992953563
Cc1onc(-c2ccccc2)c1-c1ccc(S(N)(=O)=O)cc1,1,c1ccc(-c2conc2-c2ccccc2)cc1,Cc1ccc(-c2ncc(Cl)cc2-c2ccc(S(C)(=O)=O)cc2)cn1,1,c1ccc(-c2cccnc2-c2cccnc2)cc1,0.26710323574730355,1,0.6204073117506272
Cc1onc(-c2ccccc2)c1-c1ccc(S(N)(=O)=O)cc1,1,c1ccc(-c2conc2-c2ccccc2)cc1,Nc1ccc(S(=O)(=O)Nc2ncccn2)cc1,1,O=S(=O)(Nc1ncccn1)c1ccccc1,0.23754901960784316,1,0.6116487713411929
CCC(=O)NS(=O)(=O)c1ccc(-c2c(-c3ccccc3)noc2C)cc1,0,c1ccc(-c2conc2-c2ccccc2)cc1,Cc1onc(-c2ccccc2)c1-c1ccc(S(N)(=O)=O)cc1,1,c1ccc(-c2conc2-c2ccccc2)cc1,0.6326530612244898,0,0.4944315145498972
CCC(=O)NS(=O)(=O)c1ccc(-c2c(-c3ccccc3)noc2C)cc1,0,c1ccc(-c2conc2-c2ccccc2)cc1,Cc1cc(NS(=O)(=O)c2ccc(N)cc2)no1,1,O=S(=O)(Nc1ccon1)c1ccccc1,0.29572586588061905,0,0.3779472123814424
CCC(=O)NS(=O)(=O)c1ccc(-c2c(-c3ccccc3)noc2C)cc1,0,c1ccc(-c2conc2-c2ccccc2)cc1,Nc1ccc(S(=O)(=O)Nc2ncccn2)cc1,1,O=S(=O)(Nc1ncccn1)c1ccccc1,0.25301296720061023,0,0.4225324888084848
CCC(=O)NS(=O)(=O)c1ccc(-c2c(-c3ccccc3)noc2C)cc1,0,c1ccc(-c2conc2-c2ccccc2)cc1,Cc1onc(-c2c(F)cccc2Cl)c1C(=O)N[C@@H]1C(=O)N2[C@@H]1SC(C)(C)[C@@H]2C(=O)O,1,O=C(NC1C(=O)N2CCSC12)c1conc1-c1ccccc1,0.2476190476190476,0,0.13051448313169667
COC(=O)C1=C(C)NC(C)=C(C(=O)O[C@@H]2CCCN(Cc3ccccc3)C2)[C@@H]1c1cccc([N+](=O)[O-])c1,0,O=C(OC1CCCN(Cc2ccccc2)C1)C1=CNC=CC1c1ccccc1,CCOC(=O)C1=C(C)NC(C)=C(C(=O)OC)[C@@H]1c1cccc([N+](=O)[O-])c1,1,C1=CC(c2ccccc2)C=CN1,0.5931798806479114,1,0.7188683276289366
COC(=O)C1=C(C)NC(C)=C(C(=O)O[C@@H]2CCCN(Cc3ccccc3)C2)[C@@H]1c1cccc([N+](=O)[O-])c1,0,O=C(OC1CCCN(Cc2ccccc2)C1)C1=CNC=CC1c1ccccc1,COC(=O)C1=C(C)NC(C)=C(C(=O)OC/C=C/c2ccccc2)[C@H]1c1cccc([N+](=O)[O-])c1,1,O=C(OCC=Cc1ccccc1)C1=CNC=CC1c1ccccc1,0.5621052631578948,1,0.7730585026654516
COC(=O)C1=C(C)NC(C)=C(C(=O)O[C@@H]2CCCN(Cc3ccccc3)C2)[C@@H]1c1cccc([N+](=O)[O-])c1,0,O=C(OC1CCCN(Cc2ccccc2)C1)C1=CNC=CC1c1ccccc1,COC(=O)C1=C(C)NC(C)=C(C(=O)OC(C)(C)CN(C)CCC(c2ccccc2)c2ccccc2)[C@H]1c1cccc([N+](=O)[O-])c1,1,O=C(OCCNCCC(c1ccccc1)c1ccccc1)C1=CNC=CC1c1ccccc1,0.5357403651115619,1,0.7736116590138529
COC(=O)C1=C(C)NC(C)=C(C(=O)O[C@@H]2CCCN(Cc3ccccc3)C2)[C@@H]1c1cccc([N+](=O)[O-])c1,0,O=C(OC1CCCN(Cc2ccccc2)C1)C1=CNC=CC1c1ccccc1,COC(=O)C1=C(C#N)NC(C)=C(C(=O)OC(C)C)[C@H]1c1cccc([N+](=O)[O-])c1,1,C1=CC(c2ccccc2)C=CN1,0.5168855982803917,1,0.7909575900962272
CN1CCC[C@@H]1CCO[C@](C)(c1ccccc1)c1ccc(Cl)cc1,0,c1ccc(C(OCCC2CCCN2)c2ccccc2)cc1,CN1CCC[C@H](n2nc(Cc3ccc(Cl)cc3)c3ccccc3c2=O)CC1,1,O=c1c2ccccc2c(Cc2ccccc2)nn1C1CCCNCC1,0.31875693673695893,0,0.3956047076944233
CN1CCC[C@@H]1CCO[C@](C)(c1ccccc1)c1ccc(Cl)cc1,0,c1ccc(C(OCCC2CCCN2)c2ccccc2)cc1,CN1CCC[C@@H]1Cc1c[nH]c2ccc(CCS(=O)(=O)c3ccccc3)cc12,1,O=S(=O)(CCc1ccc2[nH]cc(CC3CCCN3)c2c1)c1ccccc1,0.29428792969759626,0,0.41126553594816934
CN1CCC[C@@H]1CCO[C@](C)(c1ccccc1)c1ccc(Cl)cc1,0,c1ccc(C(OCCC2CCCN2)c2ccccc2)cc1,CC(C)(C)c1ccc(C(=O)CCCN2CCC(OC(c3ccccc3)c3ccccc3)CC2)cc1,1,O=C(CCCN1CCC(OC(c2ccccc2)c2ccccc2)CC1)c1ccccc1,0.27930189834660135,0,0.23152018587460763
CN1CCC[C@@H]1CCO[C@](C)(c1ccccc1)c1ccc(Cl)cc1,0,c1ccc(C(OCCC2CCCN2)c2ccccc2)cc1,CN1CCC[C@H]1c1cccnc1,1,c1cncc(C2CCCN2)c1,0.2700996677740864,0,0.24020960893270973
O=C1NC(=O)C(c2ccccc2)(c2ccccc2)N1,0,O=C1NC(=O)C(c2ccccc2)(c2ccccc2)N1,c1ccc(C2(c3ccccc3)C[C@H]2C2=NCCN2)cc1,1,c1ccc(C2(c3ccccc3)CC2C2=NCCN2)cc1,0.2283140283140283,0,0.025492423978432873
O=C1NC(=O)C(c2ccccc2)(c2ccccc2)N1,0,O=C1NC(=O)C(c2ccccc2)(c2ccccc2)N1,O=C1CN=C(c2ccccc2)c2cc(Cl)ccc2N1,1,O=C1CN=C(c2ccccc2)c2ccccc2N1,0.2192982456140351,0,0.0861908495361764
O=C1NC(=O)C(c2ccccc2)(c2ccccc2)N1,0,O=C1NC(=O)C(c2ccccc2)(c2ccccc2)N1,NC(=O)OCC(COC(N)=O)c1ccccc1,1,c1ccccc1,0.2042857142857143,0,0.05418749996405692
O=C1NC(=O)C(c2ccccc2)(c2ccccc2)N1,0,O=C1NC(=O)C(c2ccccc2)(c2ccccc2)N1,O=C(O)c1ccccc1O,1,c1ccccc1,0.2009469696969697,0,0.14339381871582593
O=C1NC(c2ccccc2)(c2ccccc2)C(=O)N1COP(=O)(O)O,0,O=C1NC(=O)C(c2ccccc2)(c2ccccc2)N1,NC(=O)OCC(COC(N)=O)c1ccccc1,1,c1ccccc1,0.23272727272727278,0,0.013330772290178608
O=C1NC(c2ccccc2)(c2ccccc2)C(=O)N1COP(=O)(O)O,0,O=C1NC(=O)C(c2ccccc2)(c2ccccc2)N1,CCOCn1c(Cc2ccccc2)c(C(C)C)c(=O)[nH]c1=O,1,O=c1cc(Cc2ccccc2)[nH]c(=O)[nH]1,0.20374193548387098,0,0.011134506364896088
O=C1NC(c2ccccc2)(c2ccccc2)C(=O)N1COP(=O)(O)O,0,O=C1NC(=O)C(c2ccccc2)(c2ccccc2)N1,c1ccc(C2(c3ccccc3)C[C@H]2C2=NCCN2)cc1,1,c1ccc(C2(c3ccccc3)CC2C2=NCCN2)cc1,0.1930735930735931,0,0.003513331872992826
O=C1NC(c2ccccc2)(c2ccccc2)C(=O)N1COP(=O)(O)O,0,O=C1NC(=O)C(c2ccccc2)(c2ccccc2)N1,O=C1CN=C(c2ccccc2)c2cc(Cl)ccc2N1,1,O=C1CN=C(c2ccccc2)c2ccccc2N1,0.18003642987249546,0,0.044035364175321265
Fc1cccc2c1O[C@H]1CNC[C@@H]1O2,0,c1ccc2c(c1)OC1CNCC1O2,CCOc1ccccc1O[C@H](c1ccccc1)[C@H]1CNCCO1,1,c1ccc(OC(c2ccccc2)C2CNCCO2)cc1,0.228099910793934,0,0.2436079390934899
Fc1cccc2c1O[C@H]1CNC[C@@H]1O2,0,c1ccc2c(c1)OC1CNCC1O2,Cc1ncc2n1-c1ccc(Cl)cc1C(c1ccccc1F)=NC2,1,c1ccc(C2=NCc3cncn3-c3ccccc32)cc1,0.163718820861678,0,0.1526381283129898
Fc1cccc2c1O[C@H]1CNC[C@@H]1O2,0,c1ccc2c(c1)OC1CNCC1O2,COc1ccc2c3c1O[C@H]1C(=O)CC[C@H]4[C@@H](C2)N(C)CC[C@]314,1,O=C1CCC2C3Cc4cccc5c4C2(CCN3)C1O5,0.1568627450980392,0,0.2337685929662776
Fc1cccc2c1O[C@H]1CNC[C@@H]1O2,0,c1ccc2c(c1)OC1CNCC1O2,CN1C(=O)CN=C(c2ccccc2F)c2cc([N+](=O)[O-])ccc21,1,O=C1CN=C(c2ccccc2)c2ccccc2N1,0.15416666666666667,0,0.17794292075864052
O=C1CN=C(c2ccccn2)c2cc(Br)ccc2N1,1,O=C1CN=C(c2ccccn2)c2ccccc2N1,O=C1CN=C(c2ccccc2)c2cc(Cl)ccc2N1,1,O=C1CN=C(c2ccccc2)c2ccccc2N1,0.5254901960784314,1,0.8684974409255961
O=C1CN=C(c2ccccn2)c2cc(Br)ccc2N1,1,O=C1CN=C(c2ccccn2)c2ccccc2N1,O=C1CN=C(c2ccccc2Cl)c2cc([N+](=O)[O-])ccc2N1,1,O=C1CN=C(c2ccccc2)c2ccccc2N1,0.44278676988036597,1,0.8758511584342539
O=C1CN=C(c2ccccn2)c2cc(Br)ccc2N1,1,O=C1CN=C(c2ccccn2)c2ccccc2N1,CN1C(=O)CN=C(c2ccccc2)c2cc(Cl)ccc21,1,O=C1CN=C(c2ccccc2)c2ccccc2N1,0.2585612968591692,1,0.8330997534981731
O=C1CN=C(c2ccccn2)c2cc(Br)ccc2N1,1,O=C1CN=C(c2ccccn2)c2ccccc2N1,O=C1Cc2cc(CCN3CCN(c4nsc5ccccc45)CC3)c(Cl)cc2N1,1,O=C1Cc2cc(CCN3CCN(c4nsc5ccccc45)CC3)ccc2N1,0.23993274485077765,1,0.5053693240052254
O=c1ccc2ccccc2o1,0,O=c1ccc2ccccc2o1,CC(=O)C[C@@H](c1ccccc1)c1c(O)c2ccccc2oc1=O,1,O=c1oc2ccccc2cc1Cc1ccccc1,0.26908212560386474,0,0.17788566412519372
O=c1ccc2ccccc2o1,0,O=c1ccc2ccccc2o1,NS(=O)(=O)Cc1noc2ccccc12,1,c1ccc2oncc2c1,0.23461538461538461,0,0.2179693051833897
O=c1ccc2ccccc2o1,0,O=c1ccc2ccccc2o1,Cc1ccccc1-n1c(C)nc2ccccc2c1=O,1,O=c1c2ccccc2ncn1-c1ccccc1,0.23008720930232557,0,0.22092606536416584
O=c1ccc2ccccc2o1,0,O=c1ccc2ccccc2o1,CC(=O)C[C@@H](c1ccc([N+](=O)[O-])cc1)c1c(O)c2ccccc2oc1=O,1,O=c1oc2ccccc2cc1Cc1ccccc1,0.2236363636363637,0,0.2185851707856201
CN1C[C@H](C(=O)N[C@]2(C)O[C@@]3(O)[C@@H]4CCCN4C(=O)[C@H](Cc4ccccc4)N3C2=O)C[C@@H]2c3cccc4[nH]cc(c34)C[C@H]21,1,O=C(NC1OC2C3CCCN3C(=O)C(Cc3ccccc3)N2C1=O)C1CNC2Cc3c[nH]c4cccc(c34)C2C1,CN1C[C@H](C(=O)N[C@]2(C)O[C@@]3(O)[C@@H]4CCCN4C(=O)[C@H](Cc4ccccc4)N3C2=O)C=C2c3cccc4[nH]cc(c34)C[C@H]21,1,O=C(NC1OC2C3CCCN3C(=O)C(Cc3ccccc3)N2C1=O)C1C=C2c3cccc4[nH]cc(c34)CC2NC1,0.7187384044526902,1,0.8881775080098533
CN1C[C@H](C(=O)N[C@]2(C)O[C@@]3(O)[C@@H]4CCCN4C(=O)[C@H](Cc4ccccc4)N3C2=O)C[C@@H]2c3cccc4[nH]cc(c34)C[C@H]21,1,O=C(NC1OC2C3CCCN3C(=O)C(Cc3ccccc3)N2C1=O)C1CNC2Cc3c[nH]c4cccc(c34)C2C1,CCN(CC)C(=O)N[C@H]1C[C@@H]2c3cccc4[nH]cc(c34)C[C@H]2N(C)C1,1,c1cc2c3c(c[nH]c3c1)CC1NCCCC21,0.4388461538461539,1,0.9884138091349499
CN1C[C@H](C(=O)N[C@]2(C)O[C@@]3(O)[C@@H]4CCCN4C(=O)[C@H](Cc4ccccc4)N3C2=O)C[C@@H]2c3cccc4[nH]cc(c34)C[C@H]21,1,O=C(NC1OC2C3CCCN3C(=O)C(Cc3ccccc3)N2C1=O)C1CNC2Cc3c[nH]c4cccc(c34)C2C1,C[C@H](CO)NC(=O)[C@@H]1C=C2c3cccc4[nH]cc(c34)C[C@H]2N(C)C1,1,C1=C2c3cccc4[nH]cc(c34)CC2NCC1,0.3257075161247861,1,0.9741901595294339
CN1C[C@H](C(=O)N[C@]2(C)O[C@@]3(O)[C@@H]4CCCN4C(=O)[C@H](Cc4ccccc4)N3C2=O)C[C@@H]2c3cccc4[nH]cc(c34)C[C@H]21,1,O=C(NC1OC2C3CCCN3C(=O)C(Cc3ccccc3)N2C1=O)C1CNC2Cc3c[nH]c4cccc(c34)C2C1,CCN(CC)C(=O)N[C@H]1C=C2c3cccc4[nH]cc(c34)C[C@H]2N(C)C1,1,C1=C2c3cccc4[nH]cc(c34)CC2NCC1,0.312597077793866,1,0.9874720857887387
NNc1nncc2ccccc12,0,c1ccc2cnncc2c1,NNc1nnc(NN)c2ccccc12,1,c1ccc2cnncc2c1,0.6319688109161794,0,0.19766707598068647
NNc1nncc2ccccc12,0,c1ccc2cnncc2c1,NS(=O)(=O)Cc1noc2ccccc12,1,c1ccc2oncc2c1,0.21069518716577543,0,0.3603156282726199
NNc1nncc2ccccc12,0,c1ccc2cnncc2c1,CC(C)Cn1cnc2c(N)nc3ccccc3c21,1,c1ccc2c(c1)ncc1nc[nH]c12,0.20112044817927174,0,0.24865918054507283
NNc1nncc2ccccc12,0,c1ccc2cnncc2c1,Cc1ccccc1-n1c(C)nc2ccccc2c1=O,1,O=c1c2ccccc2ncn1-c1ccccc1,0.18245978204462895,0,0.3185867908872546
NNc1nnc(NN)c2ccccc12,1,c1ccc2cnncc2c1,NS(=O)(=O)Cc1noc2ccccc12,1,c1ccc2oncc2c1,0.2320945945945946,1,0.5856559807946938
NNc1nnc(NN)c2ccccc12,1,c1ccc2cnncc2c1,CC(C)Cn1cnc2c(N)nc3ccccc3c21,1,c1ccc2c(c1)ncc1nc[nH]c12,0.20935672514619885,1,0.6370460123626256
NNc1nnc(NN)c2ccccc12,1,c1ccc2cnncc2c1,Cc1ccccc1-n1c(C)nc2ccccc2c1=O,1,O=c1c2ccccc2ncn1-c1ccccc1,0.18852999340804222,1,0.6152912619120138
NNc1nnc(NN)c2ccccc12,1,c1ccc2cnncc2c1,CCOCc1nc2c(N)nc3ccccc3c2n1CC(C)(C)O,1,c1ccc2c(c1)ncc1nc[nH]c12,0.17858293075684378,1,0.5563794029883371
COc1ccc(C(=O)N2CCN(c3ccc4c(c3)CCC(=O)N4)CC2)cc1OC,1,O=C1CCc2cc(N3CCN(C(=O)c4ccccc4)CC3)ccc2N1,O=C1CCc2ccc(OCCCCN3CCN(c4cccc(Cl)c4Cl)CC3)cc2N1,1,O=C1CCc2ccc(OCCCCN3CCN(c4ccccc4)CC3)cc2N1,0.31421052631578944,1,0.8895727939427406
COc1ccc(C(=O)N2CCN(c3ccc4c(c3)CCC(=O)N4)CC2)cc1OC,1,O=C1CCc2cc(N3CCN(C(=O)c4ccccc4)CC3)ccc2N1,O=C1CCc2cc(OCCCCc3nnnn3C3CCCCC3)ccc2N1,1,O=C1CCc2cc(OCCCCc3nnnn3C3CCCCC3)ccc2N1,0.29798570500324884,1,0.8180976093691531
COc1ccc(C(=O)N2CCN(c3ccc4c(c3)CCC(=O)N4)CC2)cc1OC,1,O=C1CCc2cc(N3CCN(C(=O)c4ccccc4)CC3)ccc2N1,COc1cc2c(cc1OC)C(=O)[C@H](CC1CCN(Cc3ccccc3)CC1)C2,1,O=C1c2ccccc2CC1CC1CCN(Cc2ccccc2)CC1,0.24522882181110034,1,0.8954269359887986
COc1ccc(C(=O)N2CCN(c3ccc4c(c3)CCC(=O)N4)CC2)cc1OC,1,O=C1CCc2cc(N3CCN(C(=O)c4ccccc4)CC3)ccc2N1,COc1cc(C(C)=O)ccc1OCCCN1CCC(c2noc3cc(F)ccc23)CC1,1,c1ccc(OCCCN2CCC(c3noc4ccccc34)CC2)cc1,0.24414866032843563,1,0.8200895580431303
CC(C)C[C@H](N(C)C)C1(c2ccc(Cl)cc2)CCC1,1,c1ccc(C2CCC2)cc1,CN(C)CC[C@H](c1ccc(Cl)cc1)c1ccccn1,1,c1ccc(Cc2ccccn2)cc1,0.25420718816067656,1,0.5826400871718419
CC(C)C[C@H](N(C)C)C1(c2ccc(Cl)cc2)CCC1,1,c1ccc(C2CCC2)cc1,O=C(CCCN1CCC(O)(c2ccc(Cl)cc2)CC1)c1ccc(F)cc1,1,O=C(CCCN1CCC(c2ccccc2)CC1)c1ccccc1,0.24405979543666406,1,0.597393450597519
CC(C)C[C@H](N(C)C)C1(c2ccc(Cl)cc2)CCC1,1,c1ccc(C2CCC2)cc1,CCCCN(CCCC)C[C@@H](O)c1cc(Cl)cc2c1-c1ccc(Cl)cc1/C2=C\c1ccc(Cl)cc1,1,C(=C1c2ccccc2-c2ccccc21)c1ccccc1,0.22549751243781097,0,0.44616968276891794
CC(C)C[C@H](N(C)C)C1(c2ccc(Cl)cc2)CCC1,1,c1ccc(C2CCC2)cc1,CC(C)/N=C(N)\N=C(/N)Nc1ccc(Cl)cc1,1,c1ccccc1,0.2088948787061995,1,0.7266956578930679
O=NN(CCCl)C(=O)NC1CCCCC1,0,C1CCCCC1,CN(C)S(=O)(=O)CCNC(=O)N(CCCl)N=O,1,,0.4502777777777778,0,0.4301838526045799
O=NN(CCCl)C(=O)NC1CCCCC1,0,C1CCCCC1,O=[P@]1(N(CCCl)CCCl)NCCCO1,1,O=[PH]1NCCCO1,0.22735562310030397,0,0.42700531728522045
O=NN(CCCl)C(=O)NC1CCCCC1,0,C1CCCCC1,O=[P@@]1(N(CCCl)CCCl)OCCCN1CCCl,1,O=[PH]1NCCCO1,0.18823529411764708,0,0.48146778171078225
O=NN(CCCl)C(=O)NC1CCCCC1,0,C1CCCCC1,O=[P@]1(NCCCl)OCCCN1CCCl,1,O=[PH]1NCCCO1,0.17713097713097714,0,0.43591939677116
CCc1c(C)[nH]c2c1C(=O)[C@@H](CN1CCOCC1)CC2,0,O=C1c2cc[nH]c2CCC1CN1CCOCC1,Cc1nccn1C[C@H]1CCc2c(c3ccccc3n2C)C1=O,1,O=C1c2c([nH]c3ccccc23)CCC1Cn1ccnc1,0.2421611637035327,0,0.4673729144329183
CCc1c(C)[nH]c2c1C(=O)[C@@H](CN1CCOCC1)CC2,0,O=C1c2cc[nH]c2CCC1CN1CCOCC1,COc1cc2c(cc1OC)C(=O)[C@H](CC1CCN(Cc3ccccc3)CC1)C2,1,O=C1c2ccccc2CC1CC1CCN(Cc2ccccc2)CC1,0.18869395711500975,0,0.38119915884867067
CCc1c(C)[nH]c2c1C(=O)[C@@H](CN1CCOCC1)CC2,0,O=C1c2cc[nH]c2CCC1CN1CCOCC1,CC1(C)CC(=O)N(CCCCN2CCN(c3ncccn3)CC2)C(=O)C1,1,O=C1CCCC(=O)N1CCCCN1CCN(c2ncccn2)CC1,0.16613756613756614,0,0.3186016891480285
CCc1c(C)[nH]c2c1C(=O)[C@@H](CN1CCOCC1)CC2,0,O=C1c2cc[nH]c2CCC1CN1CCOCC1,O=C1[C@H]2CCCC[C@H]2C(=O)N1CCCCN1CCN(c2nsc3ccccc23)CC1,1,O=C1C2CCCCC2C(=O)N1CCCCN1CCN(c2nsc3ccccc23)CC1,0.1600932400932401,0,0.289076344341865
O=[P@]1(N(CCCl)CCCl)NCCCO1,1,O=[PH]1NCCCO1,O=[P@@]1(N(CCCl)CCCl)OCCCN1CCCl,1,O=[PH]1NCCCO1,0.4328571428571429,1,0.8113337392361342
O=[P@]1(N(CCCl)CCCl)NCCCO1,1,O=[PH]1NCCCO1,O=[P@]1(NCCCl)OCCCN1CCCl,1,O=[PH]1NCCCO1,0.39020979020979024,1,0.7570051495001262
O=[P@]1(N(CCCl)CCCl)NCCCO1,1,O=[PH]1NCCCO1,CN(C)S(=O)(=O)CCNC(=O)N(CCCl)N=O,1,,0.1929769392033543,1,0.847247510724203
O=[P@]1(N(CCCl)CCCl)NCCCO1,1,O=[PH]1NCCCO1,CN(C)CCOc1ccc(/C(=C(\CCCl)c2ccccc2)c2ccccc2)cc1,1,C(=C(c1ccccc1)c1ccccc1)c1ccccc1,0.1268104776579353,1,0.5758086411643528
O=[P@]1(NCCCl)OCCCN1CCCl,1,O=[PH]1NCCCO1,O=[P@@]1(N(CCCl)CCCl)OCCCN1CCCl,1,O=[PH]1NCCCO1,0.537912087912088,1,0.8383345397740225
O=[P@]1(NCCCl)OCCCN1CCCl,1,O=[PH]1NCCCO1,O=[P@]1(N(CCCl)CCCl)NCCCO1,1,O=[PH]1NCCCO1,0.39020979020979024,1,0.7797494972264302
O=[P@]1(NCCCl)OCCCN1CCCl,1,O=[PH]1NCCCO1,CN(C)S(=O)(=O)CCNC(=O)N(CCCl)N=O,1,,0.1758241758241758,1,0.8660425197665004
O=[P@]1(NCCCl)OCCCN1CCCl,1,O=[PH]1NCCCO1,Cc1cccc(C)c1NC(=O)CN1CCCC1=O,1,O=C(CN1CCCC1=O)Nc1ccccc1,0.12747339377217187,1,0.7491662901237144
O=[P@@]1(N(CCCl)CCCl)OCCCN1CCCl,1,O=[PH]1NCCCO1,O=[P@]1(NCCCl)OCCCN1CCCl,1,O=[PH]1NCCCO1,0.537912087912088,1,0.8767907730221668
O=[P@@]1(N(CCCl)CCCl)OCCCN1CCCl,1,O=[PH]1NCCCO1,O=[P@]1(N(CCCl)CCCl)NCCCO1,1,O=[PH]1NCCCO1,0.4328571428571429,1,0.8673721168658105
O=[P@@]1(N(CCCl)CCCl)OCCCN1CCCl,1,O=[PH]1NCCCO1,CN(C)S(=O)(=O)CCNC(=O)N(CCCl)N=O,1,,0.16293436293436292,1,0.892756240964594
O=[P@@]1(N(CCCl)CCCl)OCCCN1CCCl,1,O=[PH]1NCCCO1,O=C1[C@H]2CCCC[C@H]2C(=O)N1CCCCN1CCN(c2nsc3ccccc23)CC1,1,O=C1C2CCCCC2C(=O)N1CCCCN1CCN(c2nsc3ccccc23)CC1,0.12318840579710146,1,0.7802713081359528
N#Cc1ccc(C(c2ccc(C#N)cc2)n2cncn2)cc1,1,c1ccc(C(c2ccccc2)n2cncn2)cc1,C[C@@H](c1ncncc1F)[C@](O)(Cn1cncn1)c1ccc(F)cc1F,1,c1ccc(C(Cc2ccncn2)Cn2cncn2)cc1,0.20502901353965186,1,0.7660684627926444
N#Cc1ccc(C(c2ccc(C#N)cc2)n2cncn2)cc1,1,c1ccc(C(c2ccccc2)n2cncn2)cc1,C[C@H](N/C(=N\C#N)Nc1ccncc1)C(C)(C)C,1,c1ccncc1,0.16578073089700998,1,0.8116500423892046
N#Cc1ccc(C(c2ccc(C#N)cc2)n2cncn2)cc1,1,c1ccc(C(c2ccccc2)n2cncn2)cc1,CC[C@H](C)n1ncn(-c2ccc(N3CCN(c4ccc(OC[C@H]5CO[C@](Cn6cncn6)(c6ccc(Cl)cc6Cl)O5)cc4)CC3)cc2)c1=O,1,O=c1[nH]ncn1-c1ccc(N2CCN(c3ccc(OCC4COC(Cn5cncn5)(c5ccccc5)O4)cc3)CC2)cc1,0.1652062269298668,1,0.9202395079740279
N#Cc1ccc(C(c2ccc(C#N)cc2)n2cncn2)cc1,1,c1ccc(C(c2ccccc2)n2cncn2)cc1,Clc1ccc(CO[C@@H](Cn2ccnc2)c2ccc(Cl)cc2Cl)c(Cl)c1,1,c1ccc(COC(Cn2ccnc2)c2ccccc2)cc1,0.14071773636991028,1,0.5486356086367261
CN/C(=C\[N+](=O)[O-])NCCSCc1ccc(CN(C)C)o1,0,c1ccoc1,CN/C(=N\C#N)NCCSCc1nc[nH]c1C,1,c1c[nH]cn1,0.2259242957746479,0,0.06122337845197034
CN/C(=C\[N+](=O)[O-])NCCSCc1ccc(CN(C)C)o1,0,c1ccoc1,CCOC(=O)C1=C(C)NC(C)=C(C(=O)OC)[C@@H]1c1cccc([N+](=O)[O-])c1,1,C1=CC(c2ccccc2)C=CN1,0.17316017316017318,0,0.13870986225568674
CN/C(=C\[N+](=O)[O-])NCCSCc1ccc(CN(C)C)o1,0,c1ccoc1,COC(=O)C1=C(C)NC(C)=C(C(=O)OC/C=C/c2ccccc2)[C@H]1c1cccc([N+](=O)[O-])c1,1,O=C(OCC=Cc1ccccc1)C1=CNC=CC1c1ccccc1,0.16758560140474102,0,0.15964380067458042
CN/C(=C\[N+](=O)[O-])NCCSCc1ccc(CN(C)C)o1,0,c1ccoc1,COC(=O)C1=C(C)NC(C)=C(C(=O)OC(C)(C)CN(C)CCC(c2ccccc2)c2ccccc2)[C@H]1c1cccc([N+](=O)[O-])c1,1,O=C(OCCNCCC(c1ccccc1)c1ccccc1)C1=CNC=CC1c1ccccc1,0.16601573885164678,0,0.12901739650450647
CCN[C@H]1CN(CCCOC)S(=O)(=O)c2sc(S(N)(=O)=O)cc21,1,O=S1(=O)NCCc2ccsc21,CCN[C@H]1C[C@H](C)S(=O)(=O)c2sc(S(N)(=O)=O)cc21,1,O=S1(=O)CCCc2ccsc21,0.5888983050847458,0,0.49387884598987275
CCN[C@H]1CN(CCCOC)S(=O)(=O)c2sc(S(N)(=O)=O)cc21,1,O=S1(=O)NCCc2ccsc21,CCOc1ccccc1OCCN[C@H](C)Cc1ccc(OC)c(S(N)(=O)=O)c1,1,c1ccc(CCNCCOc2ccccc2)cc1,0.20322841000807104,1,0.5745027136763425
CCN[C@H]1CN(CCCOC)S(=O)(=O)c2sc(S(N)(=O)=O)cc21,1,O=S1(=O)NCCc2ccsc21,COc1cc(N)c(Cl)cc1C(=O)N[C@H]1CCN(CCCOc2ccc(F)cc2)C[C@H]1OC,1,O=C(NC1CCN(CCCOc2ccccc2)CC1)c1ccccc1,0.20042105263157894,1,0.6609717767044883
CCN[C@H]1CN(CCCOC)S(=O)(=O)c2sc(S(N)(=O)=O)cc21,1,O=S1(=O)NCCc2ccsc21,CCOC(=O)C1=C(COCCN)NC(C)=C(C(=O)OC)[C@@H]1c1ccccc1Cl,1,C1=CC(c2ccccc2)C=CN1,0.1888372093023256,1,0.7072565963681507
O=C(O)c1ccc(OCCn2ccnc2)cc1,0,c1ccc(OCCn2ccnc2)cc1,CC(=O)N1CCN(c2ccc(OC[C@H]3CO[C@](Cn4ccnc4)(c4ccc(Cl)cc4Cl)O3)cc2)CC1,1,c1ccc(C2(Cn3ccnc3)OCC(COc3ccc(N4CCNCC4)cc3)O2)cc1,0.3107799101674153,0,0.11398045267179872
O=C(O)c1ccc(OCCn2ccnc2)cc1,0,c1ccc(OCCn2ccnc2)cc1,CCOc1ccc(NC(C)=O)cc1,1,c1ccccc1,0.27166666666666667,0,0.26051223904045234
O=C(O)c1ccc(OCCn2ccnc2)cc1,0,c1ccc(OCCn2ccnc2)cc1,Clc1ccc(CO[C@@H](Cn2ccnc2)c2ccc(Cl)cc2Cl)c(Cl)c1,1,c1ccc(COC(Cn2ccnc2)c2ccccc2)cc1,0.27106055536968887,0,0.13054171128836542
O=C(O)c1ccc(OCCn2ccnc2)cc1,0,c1ccc(OCCn2ccnc2)cc1,CC/C(=C(/c1ccccc1)c1ccc(OCCN(C)C)cc1)c1ccccc1,1,C(=C(c1ccccc1)c1ccccc1)c1ccccc1,0.2581818181818182,0,0.14372286825967953
Cc1ccc(NC(=O)c2ccc(CN3CCN(C)CC3)cc2)cc1Nc1nccc(-c2cccnc2)n1,1,O=C(Nc1cccc(Nc2nccc(-c3cccnc3)n2)c1)c1ccc(CN2CCNCC2)cc1,CC(C)(C)NC(=O)[C@@H]1CN(Cc2cccnc2)CCN1C[C@@H](O)C[C@@H](Cc1ccccc1)C(=O)N[C@H]1c2ccccc2C[C@H]1O,1,O=C(NC1CCc2ccccc21)C(CCCN1CCN(Cc2cccnc2)CC1)Cc1ccccc1,0.23782608695652174,1,0.8055449995335039
Cc1ccc(NC(=O)c2ccc(CN3CCN(C)CC3)cc2)cc1Nc1nccc(-c2cccnc2)n1,1,O=C(Nc1cccc(Nc2nccc(-c3cccnc3)n2)c1)c1ccc(CN2CCNCC2)cc1,Cc1oncc1C(=O)Nc1ccc(C(F)(F)F)cc1,1,O=C(Nc1ccccc1)c1cnoc1,0.23087027914614122,1,0.7585827035704412
Cc1ccc(NC(=O)c2ccc(CN3CCN(C)CC3)cc2)cc1Nc1nccc(-c2cccnc2)n1,1,O=C(Nc1cccc(Nc2nccc(-c3cccnc3)n2)c1)c1ccc(CN2CCNCC2)cc1,CN1CCC[C@H]1c1cccnc1,1,c1cncc(C2CCCN2)c1,0.22520643198609303,1,0.5770415737144781
Cc1ccc(NC(=O)c2ccc(CN3CCN(C)CC3)cc2)cc1Nc1nccc(-c2cccnc2)n1,1,O=C(Nc1cccc(Nc2nccc(-c3cccnc3)n2)c1)c1ccc(CN2CCNCC2)cc1,CN1CCN2c3ccccc3Cc3cccnc3[C@@H]2C1,1,c1ccc2c(c1)Cc1cccnc1C1CNCCN21,0.20167189132706373,1,0.600603587621929
Cc1ccc(/C(=C/CN2CCCC2)c2ccccn2)cc1,0,C(CN1CCCC1)=C(c1ccccc1)c1ccccn1,CC(C)N(CC[C@@](C(N)=O)(c1ccccc1)c1ccccn1)C(C)C,1,c1ccc(Cc2ccccn2)cc1,0.25414141414141417,0,0.399875860147107
Cc1ccc(/C(=C/CN2CCCC2)c2ccccn2)cc1,0,C(CN1CCCC1)=C(c1ccccc1)c1ccccn1,CN(C)CC[C@H](c1ccc(Cl)cc1)c1ccccn1,1,c1ccc(Cc2ccccn2)cc1,0.24531490015360985,0,0.47680120563256656
Cc1ccc(/C(=C/CN2CCCC2)c2ccccn2)cc1,0,C(CN1CCCC1)=C(c1ccccc1)c1ccccn1,CN1CCC[C@H]1c1cccnc1,1,c1cncc(C2CCCN2)c1,0.23593466424682397,0,0.39130735155252944
Cc1ccc(/C(=C/CN2CCCC2)c2ccccn2)cc1,0,C(CN1CCCC1)=C(c1ccccc1)c1ccccn1,CN1CCN2c3ccccc3Cc3cccnc3[C@@H]2C1,1,c1ccc2c(c1)Cc1cccnc1C1CNCCN21,0.22916666666666669,0,0.3892280930661562
CC[C@@H]1[C@@H]2C[C@H]3[C@@H]4N(C)c5ccccc5[C@]45C[C@@H]([C@H]2[C@H]5O)N3[C@@H]1O,0,c1ccc2c(c1)NC1C3CC4CCN3C3CC21CC43,COC(=O)[C@H]1[C@@H](OC(=O)c2ccccc2)C[C@@H]2CC[C@H]1N2C,1,O=C(OC1CC2CCC(C1)N2)c1ccccc1,0.20350877192982458,0,0.3088048380766034
CC[C@@H]1[C@@H]2C[C@H]3[C@@H]4N(C)c5ccccc5[C@]45C[C@@H]([C@H]2[C@H]5O)N3[C@@H]1O,0,c1ccc2c(c1)NC1C3CC4CCN3C3CC21CC43,COc1ccc2c3c1O[C@H]1[C@@H](O)CC[C@H]4[C@@H](C2)N(C)CC[C@@]341,1,c1cc2c3c(c1)OC1CCCC4C(C2)NCCC314,0.20099214551467548,0,0.2513493326309368
CC[C@@H]1[C@@H]2C[C@H]3[C@@H]4N(C)c5ccccc5[C@]45C[C@@H]([C@H]2[C@H]5O)N3[C@@H]1O,0,c1ccc2c(c1)NC1C3CC4CCN3C3CC21CC43,CC[C@]1(O)C[C@H]2CN(CCc3c([nH]c4ccccc34)[C@@](C(=O)OC)(c3cc4c(cc3OC)N(C)[C@H]3[C@@](O)(C(N)=O)[C@H](O)[C@]5(CC)C=CCN6CC[C@]43[C@@H]65)C2)C1,1,C1=CC2CCC3Nc4ccc(C5CC6CCCN(CCc7c5[nH]c5ccccc75)C6)cc4C34CCN(C1)C24,0.18931782125859334,0,0.08697337459232463
CC[C@@H]1[C@@H]2C[C@H]3[C@@H]4N(C)c5ccccc5[C@]45C[C@@H]([C@H]2[C@H]5O)N3[C@@H]1O,0,c1ccc2c(c1)NC1C3CC4CCN3C3CC21CC43,COc1ccc2c3c1O[C@H]1C[C@@H](O)C=C[C@@]31CCN(C)C2,1,C1=CC23CCNCc4cccc(c42)OC3CC1,0.18445638693675073,0,0.1748882498123722
CCc1oc2ccccc2c1C(=O)c1cc(Br)c(O)c(Br)c1,0,O=C(c1ccccc1)c1coc2ccccc12,CCCCc1oc2ccccc2c1C(=O)c1cc(I)c(OCCN(CC)CC)c(I)c1,1,O=C(c1ccccc1)c1coc2ccccc12,0.44730392156862747,0,0.05103535213039234
CCc1oc2ccccc2c1C(=O)c1cc(Br)c(O)c(Br)c1,0,O=C(c1ccccc1)c1coc2ccccc12,CC(=O)C[C@@H](c1ccccc1)c1c(O)c2ccccc2oc1=O,1,O=c1oc2ccccc2cc1Cc1ccccc1,0.3448979591836735,1,0.5800302039761395
CCc1oc2ccccc2c1C(=O)c1cc(Br)c(O)c(Br)c1,0,O=C(c1ccccc1)c1coc2ccccc12,CC(=O)C[C@@H](c1ccc([N+](=O)[O-])cc1)c1c(O)c2ccccc2oc1=O,1,O=c1oc2ccccc2cc1Cc1ccccc1,0.297004048582996,1,0.5702610286315823
CCc1oc2ccccc2c1C(=O)c1cc(Br)c(O)c(Br)c1,0,O=C(c1ccccc1)c1coc2ccccc12,NS(=O)(=O)Cc1noc2ccccc12,1,c1ccc2oncc2c1,0.23111111111111113,0,0.2765933230829067
CCCCc1oc2ccccc2c1C(=O)c1cc(I)c(OCCN(CC)CC)c(I)c1,1,O=C(c1ccccc1)c1coc2ccccc12,CC/C(=C(/c1ccccc1)c1ccc(OCCN(C)C)cc1)c1ccccc1,1,C(=C(c1ccccc1)c1ccccc1)c1ccccc1,0.2420634920634921,1,0.6466727659662104
CCCCc1oc2ccccc2c1C(=O)c1cc(I)c(OCCN(CC)CC)c(I)c1,1,O=C(c1ccccc1)c1coc2ccccc12,CC(=O)C[C@@H](c1ccccc1)c1c(O)c2ccccc2oc1=O,1,O=c1oc2ccccc2cc1Cc1ccccc1,0.23791427308882016,1,0.8793379941062626
CCCCc1oc2ccccc2c1C(=O)c1cc(I)c(OCCN(CC)CC)c(I)c1,1,O=C(c1ccccc1)c1coc2ccccc12,CCN(CC)CCC[C@H](C)Nc1ccnc2cc(Cl)ccc12,1,c1ccc2ncccc2c1,0.23031746031746034,1,0.7732606216403866
CCCCc1oc2ccccc2c1C(=O)c1cc(I)c(OCCN(CC)CC)c(I)c1,1,O=C(c1ccccc1)c1coc2ccccc12,CCN(CC)CCNC(=O)c1cc(Cl)c(N)cc1OC,1,c1ccccc1,0.22124542124542124,1,0.7922336097277748
C[C@@H](CCc1ccccc1)NC[C@H](O)c1ccc(O)c(C(N)=O)c1,0,c1ccc(CCCNCCc2ccccc2)cc1,CCCNC[C@H](O)COc1ccccc1C(=O)CCc1ccccc1,1,O=C(CCc1ccccc1)c1ccccc1,0.31406649616368293,0,0.30688851573626097
C[C@@H](CCc1ccccc1)NC[C@H](O)c1ccc(O)c(C(N)=O)c1,0,c1ccc(CCCNCCc2ccccc2)cc1,CCOC(=O)[C@H](CCc1ccccc1)N[C@@H](C)C(=O)N1CCC[C@H]1C(=O)O,1,O=C(CNCCCc1ccccc1)N1CCCC1,0.2754022988505747,0,0.3978905498137748
C[C@@H](CCc1ccccc1)NC[C@H](O)c1ccc(O)c(C(N)=O)c1,0,c1ccc(CCCNCCc2ccccc2)cc1,CCOc1ccccc1OCCN[C@H](C)Cc1ccc(OC)c(S(N)(=O)=O)c1,1,c1ccc(CCNCCOc2ccccc2)cc1,0.25113318054494527,0,0.3737316634866415
C[C@@H](CCc1ccccc1)NC[C@H](O)c1ccc(O)c(C(N)=O)c1,0,c1ccc(CCCNCCc2ccccc2)cc1,O=C(O)c1ccccc1O,1,c1ccccc1,0.24890909090909094,0,0.3318338331249497
CCCCC(=O)N(Cc1ccc(-c2ccccc2-c2nnn[nH]2)cc1)[C@H](C(=O)O)C(C)C,0,c1ccc(-c2ccccc2-c2nnn[nH]2)cc1,CCCCc1nc(Cl)c(CO)n1Cc1ccc(-c2ccccc2-c2nnn[nH]2)cc1,1,c1ccc(-c2nnn[nH]2)c(-c2ccc(Cn3ccnc3)cc2)c1,0.4368484848484849,0,0.3574323743407831
CCCCC(=O)N(Cc1ccc(-c2ccccc2-c2nnn[nH]2)cc1)[C@H](C(=O)O)C(C)C,0,c1ccc(-c2ccccc2-c2nnn[nH]2)cc1,Cc1nc(C)c2c(n1)N(Cc1ccc(-c3ccccc3-c3nnn[nH]3)cc1)C(=O)CC2,1,O=C1CCc2cncnc2N1Cc1ccc(-c2ccccc2-c2nnn[nH]2)cc1,0.3887528532890641,0,0.305228081252423
CCCCC(=O)N(Cc1ccc(-c2ccccc2-c2nnn[nH]2)cc1)[C@H](C(=O)O)C(C)C,0,c1ccc(-c2ccccc2-c2nnn[nH]2)cc1,CCOC(=O)[C@H](CCc1ccccc1)N[C@@H](C)C(=O)N1CCC[C@H]1C(=O)O,1,O=C(CNCCCc1ccccc1)N1CCCC1,0.21151253241140883,1,0.6727947714131854
CCCCC(=O)N(Cc1ccc(-c2ccccc2-c2nnn[nH]2)cc1)[C@H](C(=O)O)C(C)C,0,c1ccc(-c2ccccc2-c2nnn[nH]2)cc1,CC1=C(C)C(=O)C([C@@H](CCCCCC(=O)O)c2ccccc2)=C(C)C1=O,1,O=C1C=CC(=O)C(Cc2ccccc2)=C1,0.2040752351097179,1,0.5706928478633326
CC[C@H](C)C(=O)O[C@H]1C[C@H](O)C=C2C=C[C@H](C)[C@H](CC[C@@H](O)C[C@@H](O)CC(=O)O)[C@H]21,1,C1=CC2=CCCCC2CC1,CC(C)c1c(C(=O)Nc2ccccc2)c(-c2ccccc2)c(-c2ccc(F)cc2)n1CC[C@@H](O)C[C@@H](O)CC(=O)O,1,O=C(Nc1ccccc1)c1c[nH]c(-c2ccccc2)c1-c1ccccc1,0.24480286738351256,1,0.7326078468688387
CC[C@H](C)C(=O)O[C@H]1C[C@H](O)C=C2C=C[C@H](C)[C@H](CC[C@@H](O)C[C@@H](O)CC(=O)O)[C@H]21,1,C1=CC2=CCCCC2CC1,COCc1c(C(C)C)nc(C(C)C)c(/C=C\[C@@H](O)C[C@@H](O)CC(=O)O)c1-c1ccc(F)cc1,1,c1ccc(-c2ccncc2)cc1,0.2223081882656351,1,0.5209581002837821
CC[C@H](C)C(=O)O[C@H]1C[C@H](O)C=C2C=C[C@H](C)[C@H](CC[C@@H](O)C[C@@H](O)CC(=O)O)[C@H]21,1,C1=CC2=CCCCC2CC1,CCOC(=O)[C@H](CCc1ccccc1)N[C@@H](C)C(=O)N1CCC[C@H]1C(=O)O,1,O=C(CNCCCc1ccccc1)N1CCCC1,0.19124159422666887,1,0.5252949665240771
CC[C@H](C)C(=O)O[C@H]1C[C@H](O)C=C2C=C[C@H](C)[C@H](CC[C@@H](O)C[C@@H](O)CC(=O)O)[C@H]21,1,C1=CC2=CCCCC2CC1,COC(=O)[C@H]1[C@@H](OC(=O)c2ccccc2)C[C@@H]2CC[C@H]1N2C,1,O=C(OC1CC2CCC(C1)N2)c1ccccc1,0.16752069373275524,1,0.7006258117947446
CC[C@@]1(c2ccncc2)CCC(=O)NC1=O,0,O=C1CCC(c2ccncc2)C(=O)N1,Cc1ccnc2c1NC(=O)c1cccnc1N2C1CC1,1,O=C1Nc2cccnc2N(C2CC2)c2ncccc21,0.20335320417287633,0,0.08601670038024507
CC[C@@]1(c2ccncc2)CCC(=O)NC1=O,0,O=C1CCC(c2ccncc2)C(=O)N1,O=C1CN=C(c2ccccn2)c2cc(Br)ccc2N1,1,O=C1CN=C(c2ccccn2)c2ccccc2N1,0.19226229508196724,0,0.08301332020941575
CC[C@@]1(c2ccncc2)CCC(=O)NC1=O,0,O=C1CCC(c2ccncc2)C(=O)N1,CCN(CC)CC(=O)Nc1c(C)cccc1C,1,c1ccccc1,0.18346153846153848,0,0.12125075770131441
CC[C@@]1(c2ccncc2)CCC(=O)NC1=O,0,O=C1CCC(c2ccncc2)C(=O)N1,C[C@]12CC[C@@H]3c4ccc(O)cc4CC[C@H]3[C@@H]1CCC2=O,1,O=C1CCC2C1CCC1c3ccccc3CCC12,0.17866666666666667,0,0.0940216140672675
Cc1c(N(C)C)c(=O)n(-c2ccccc2)n1C,1,O=c1cc[nH]n1-c1ccccc1,Cc1cc(=O)n(-c2ccccc2)n1C,1,O=c1cc[nH]n1-c1ccccc1,0.49613899613899615,1,0.7832626090391668
Cc1c(N(C)C)c(=O)n(-c2ccccc2)n1C,1,O=c1cc[nH]n1-c1ccccc1,Cc1ccccc1-n1c(C)nc2ccccc2c1=O,1,O=c1c2ccccc2ncn1-c1ccccc1,0.2523809523809524,1,0.7887352974827924
Cc1c(N(C)C)c(=O)n(-c2ccccc2)n1C,1,O=c1cc[nH]n1-c1ccccc1,CN(C)CC(Oc1ccccc1)Oc1ccccc1,1,c1ccc(OCOc2ccccc2)cc1,0.2063307493540052,1,0.7923921308690343
Cc1c(N(C)C)c(=O)n(-c2ccccc2)n1C,1,O=c1cc[nH]n1-c1ccccc1,CN1C(=O)CN=C(c2ccccc2)c2cc(Cl)ccc21,1,O=C1CN=C(c2ccccc2)c2ccccc2N1,0.1958220502901354,1,0.7246577652955057
Cc1cc(=O)n(-c2ccccc2)n1C,1,O=c1cc[nH]n1-c1ccccc1,Cc1c(N(C)C)c(=O)n(-c2ccccc2)n1C,1,O=c1cc[nH]n1-c1ccccc1,0.49613899613899615,1,0.6926147449943603
Cc1cc(=O)n(-c2ccccc2)n1C,1,O=c1cc[nH]n1-c1ccccc1,Cc1ccccc1-n1c(C)nc2ccccc2c1=O,1,O=c1c2ccccc2ncn1-c1ccccc1,0.2534502923976608,1,0.7989644474803657
Cc1cc(=O)n(-c2ccccc2)n1C,1,O=c1cc[nH]n1-c1ccccc1,CN1C(=O)CN=C(c2ccccc2)c2cc(Cl)ccc21,1,O=C1CN=C(c2ccccc2)c2ccccc2N1,0.21149110807113541,1,0.7332065745094939
Cc1cc(=O)n(-c2ccccc2)n1C,1,O=c1cc[nH]n1-c1ccccc1,CN1C(=O)[C@H](O)N=C(c2ccccc2)c2cc(Cl)ccc21,1,O=C1CN=C(c2ccccc2)c2ccccc2N1,0.20335429769392036,1,0.7167755520669875
CCn1cc(C(=O)O)c(=O)c2ccc(C)nc21,0,O=c1cc[nH]c2ncccc12,O=C(O)c1ccccc1O,1,c1ccccc1,0.23547671840354767,0,0.07762019566671206
CCn1cc(C(=O)O)c(=O)c2ccc(C)nc21,0,O=c1cc[nH]c2ncccc12,Cc1ccccc1-n1c(C)nc2ccccc2c1=O,1,O=c1c2ccccc2ncn1-c1ccccc1,0.21300699300699302,0,0.08209990661486333
CCn1cc(C(=O)O)c(=O)c2ccc(C)nc21,0,O=c1cc[nH]c2ncccc12,C=C(c1ccc(C(=O)O)cc1)c1cc2c(cc1C)C(C)(C)CCC2(C)C,1,C=C(c1ccccc1)c1ccc2c(c1)CCCC2,0.20115254237288138,0,0.07251935074310534
CCn1cc(C(=O)O)c(=O)c2ccc(C)nc21,0,O=c1cc[nH]c2ncccc12,CCN(CC)CC(=O)Nc1c(C)cccc1C,1,c1ccccc1,0.19096296296296297,0,0.047056857686962036
c1ccc2[nH]c(-c3cscn3)nc2c1,0,c1ccc2[nH]c(-c3cscn3)nc2c1,Cc1c(OCC(F)(F)F)ccnc1C[S@@H](=O)c1nc2ccccc2[nH]1,1,O=[SH](Cc1ccccn1)c1nc2ccccc2[nH]1,0.27595861229458307,0,0.34067598100534713
c1ccc2[nH]c(-c3cscn3)nc2c1,0,c1ccc2[nH]c(-c3cscn3)nc2c1,COCCCOc1ccnc(C[S@@H](=O)c2nc3ccccc3[nH]2)c1C,1,O=[SH](Cc1ccccn1)c1nc2ccccc2[nH]1,0.25873015873015875,0,0.33636677430660583
c1ccc2[nH]c(-c3cscn3)nc2c1,0,c1ccc2[nH]c(-c3cscn3)nc2c1,COc1ccc(-c2nc3cc(C4=NNC(=O)C[C@H]4C)ccc3[nH]2)cc1,1,O=C1CCC(c2ccc3[nH]c(-c4ccccc4)nc3c2)=NN1,0.2153301886792453,0,0.09612716567033519
c1ccc2[nH]c(-c3cscn3)nc2c1,0,c1ccc2[nH]c(-c3cscn3)nc2c1,COc1ccc2nc([S@H](=O)Cc3ncc(C)c(OC)c3C)[nH]c2c1,1,O=[SH](Cc1ccccn1)c1nc2ccccc2[nH]1,0.1774971297359357,0,0.3145256317378746
O=C(C1CCCCC1)N1CC(=O)N2CCc3ccccc3[C@H]2C1,1,O=C(C1CCCCC1)N1CC(=O)N2CCc3ccccc3C2C1,Cc1cccc(C)c1NC(=O)CN1CCCC1=O,1,O=C(CN1CCCC1=O)Nc1ccccc1,0.2685810810810811,1,0.7570382567083219
O=C(C1CCCCC1)N1CC(=O)N2CCc3ccccc3[C@H]2C1,1,O=C(C1CCCCC1)N1CC(=O)N2CCc3ccccc3C2C1,C[C@]12CC[C@@H]3c4ccc(O)cc4CC[C@H]3[C@@H]1CCC2=O,1,O=C1CCC2C1CCC1c3ccccc3CCC12,0.22714285714285715,1,0.7968400852555336
O=C(C1CCCCC1)N1CC(=O)N2CCc3ccccc3[C@H]2C1,1,O=C(C1CCCCC1)N1CC(=O)N2CCc3ccccc3C2C1,COC(=O)[C@H](c1ccccc1)[C@H]1CCCCN1,1,c1ccc(CC2CCCCN2)cc1,0.22468864468864472,1,0.8181754851585414
O=C(C1CCCCC1)N1CC(=O)N2CCc3ccccc3[C@H]2C1,1,O=C(C1CCCCC1)N1CC(=O)N2CCc3ccccc3C2C1,CCOC(=O)[C@H](CCc1ccccc1)N[C@@H](C)C(=O)N1CCC[C@H]1C(=O)O,1,O=C(CNCCCc1ccccc1)N1CCCC1,0.22392607392607394,1,0.719661341060016
O=C1[C@H]2CCCC[C@H]2C(=O)N1CCCCN1CCN(c2nsc3ccccc23)CC1,1,O=C1C2CCCCC2C(=O)N1CCCCN1CCN(c2nsc3ccccc23)CC1,O=C1Cc2cc(CCN3CCN(c4nsc5ccccc45)CC3)c(Cl)cc2N1,1,O=C1Cc2cc(CCN3CCN(c4nsc5ccccc45)CC3)ccc2N1,0.45830687830687833,1,0.8514520675970852
O=C1[C@H]2CCCC[C@H]2C(=O)N1CCCCN1CCN(c2nsc3ccccc23)CC1,1,O=C1C2CCCCC2C(=O)N1CCCCN1CCN(c2nsc3ccccc23)CC1,CC1(C)CC(=O)N(CCCCN2CCN(c3ncccn3)CC2)C(=O)C1,1,O=C1CCCC(=O)N1CCCCN1CCN(c2ncccn2)CC1,0.3647222222222222,1,0.8542801337233298
O=C1[C@H]2CCCC[C@H]2C(=O)N1CCCCN1CCN(c2nsc3ccccc23)CC1,1,O=C1C2CCCCC2C(=O)N1CCCCN1CCN(c2nsc3ccccc23)CC1,O=c1n(CCCN2CCN(c3cccc(Cl)c3)CC2)nc2ccccn12,1,O=c1n(CCCN2CCN(c3ccccc3)CC2)nc2ccccn12,0.2877641049454377,1,0.8956971522892174
O=C1[C@H]2CCCC[C@H]2C(=O)N1CCCCN1CCN(c2nsc3ccccc23)CC1,1,O=C1C2CCCCC2C(=O)N1CCCCN1CCN(c2nsc3ccccc23)CC1,CCc1nn(CCCN2CCN(c3cccc(Cl)c3)CC2)c(=O)n1CCOc1ccccc1,1,O=c1n(CCOc2ccccc2)cnn1CCCN1CCN(c2ccccc2)CC1,0.24360119047619047,1,0.9052691851770891
CCN(CC)C(=O)N1CCN(C)CC1,0,C1CNCCN1,CCN(CC)C(=O)N[C@H]1C[C@@H]2c3cccc4[nH]cc(c34)C[C@H]2N(C)C1,1,c1cc2c3c(c[nH]c3c1)CC1NCCCC21,0.22554312047399608,0,0.3417863232584036
CCN(CC)C(=O)N1CCN(C)CC1,0,C1CNCCN1,CCN(CC)C(=O)N[C@H]1C=C2c3cccc4[nH]cc(c34)C[C@H]2N(C)C1,1,C1=C2c3cccc4[nH]cc(c34)CC2NCC1,0.22008547008547008,0,0.3996216827011584
CCN(CC)C(=O)N1CCN(C)CC1,0,C1CNCCN1,CCC(=O)N(c1ccccc1)C1(COC)CCN(CCc2cccs2)CC1,1,c1ccc(NC2CCN(CCc3cccs3)CC2)cc1,0.19404761904761908,0,0.14013159392850805
CCN(CC)C(=O)N1CCN(C)CC1,0,C1CNCCN1,CCOCCn1c(N2CCCN(C)CC2)nc2ccccc21,1,c1ccc2[nH]c(N3CCCNCC3)nc2c1,0.1904761904761905,0,0.173204622485269
Cc1c(O)cccc1C(=O)N[C@@H](CSc1ccccc1)[C@H](O)CN1C[C@H]2CCCC[C@H]2C[C@H]1C(=O)NC(C)(C)C,1,O=C(NC(CCN1CCC2CCCCC2C1)CSc1ccccc1)c1ccccc1,CC(C)(C)NC(=O)[C@@H]1C[C@@H]2CCCC[C@@H]2CN1C[C@@H](O)[C@H](Cc1ccccc1)NC(=O)[C@H](CC(N)=O)NC(=O)c1ccc2ccccc2n1,1,O=C(CNC(=O)c1ccc2ccccc2n1)NC(CCN1CCC2CCCCC2C1)Cc1ccccc1,0.476,1,0.8892946549851096
Cc1c(O)cccc1C(=O)N[C@@H](CSc1ccccc1)[C@H](O)CN1C[C@H]2CCCC[C@H]2C[C@H]1C(=O)NC(C)(C)C,1,O=C(NC(CCN1CCC2CCCCC2C1)CSc1ccccc1)c1ccccc1,CC(C)(C)NC(=O)[C@@H]1CN(Cc2cccnc2)CCN1C[C@@H](O)C[C@@H](Cc1ccccc1)C(=O)N[C@H]1c2ccccc2C[C@H]1O,1,O=C(NC1CCc2ccccc21)C(CCCN1CCN(Cc2cccnc2)CC1)Cc1ccccc1,0.2735632183908046,1,0.9119820735139548
Cc1c(O)cccc1C(=O)N[C@@H](CSc1ccccc1)[C@H](O)CN1C[C@H]2CCCC[C@H]2C[C@H]1C(=O)NC(C)(C)C,1,O=C(NC(CCN1CCC2CCCCC2C1)CSc1ccccc1)c1ccccc1,Cc1cccc(C)c1OCC(=O)N[C@@H](Cc1ccccc1)[C@@H](O)C[C@H](Cc1ccccc1)NC(=O)[C@H](C(C)C)N1CCCNC1=O,1,O=C(COc1ccccc1)NC(CCC(Cc1ccccc1)NC(=O)CN1CCCNC1=O)Cc1ccccc1,0.22949852507374635,1,0.8965368138500212
Cc1c(O)cccc1C(=O)N[C@@H](CSc1ccccc1)[C@H](O)CN1C[C@H]2CCCC[C@H]2C[C@H]1C(=O)NC(C)(C)C,1,O=C(NC(CCN1CCC2CCCCC2C1)CSc1ccccc1)c1ccccc1,CCOC(=O)[C@H](CCc1ccccc1)N[C@@H](C)C(=O)N1CCC[C@H]1C(=O)O,1,O=C(CNCCCc1ccccc1)N1CCCC1,0.219417982513376,1,0.8963517496139147
CN1C(=O)C[C@@H](c2ccccc2)C1=O,0,O=C1CC(c2ccccc2)C(=O)N1,CN1C(=O)CN=C(c2ccccc2)c2cc(Cl)ccc21,1,O=C1CN=C(c2ccccc2)c2ccccc2N1,0.2868571428571429,0,0.2667909226467912
CN1C(=O)C[C@@H](c2ccccc2)C1=O,0,O=C1CC(c2ccccc2)C(=O)N1,CN1C(=O)[C@H](O)N=C(c2ccccc2)c2cc(Cl)ccc21,1,O=C1CN=C(c2ccccc2)c2ccccc2N1,0.27484407484407486,0,0.24024213877048067
CN1C(=O)C[C@@H](c2ccccc2)C1=O,0,O=C1CC(c2ccccc2)C(=O)N1,CN1CC(=O)N2[C@H](c3ccc4c(c3)OCO4)c3[nH]c4ccccc4c3C[C@@H]2C1=O,1,O=C1NCC(=O)N2C1Cc1c([nH]c3ccccc13)C2c1ccc2c(c1)OCO2,0.26781914893617026,0,0.19769484882292926
CN1C(=O)C[C@@H](c2ccccc2)C1=O,0,O=C1CC(c2ccccc2)C(=O)N1,CN1CCC[C@H]1c1cccnc1,1,c1cncc(C2CCCN2)c1,0.2506142506142506,0,0.23196840121061285
C[C@H]1O[C@]2(CS1)CN1CCC2CC1,1,C1OC2(CS1)CN1CCC2CC1,O=C1[C@H]2CCCC[C@H]2C(=O)N1CCCCN1CCN(c2nsc3ccccc23)CC1,1,O=C1C2CCCCC2C(=O)N1CCCCN1CCN(c2nsc3ccccc23)CC1,0.1404479578392622,1,0.8174214109339726
C[C@H]1O[C@]2(CS1)CN1CCC2CC1,1,C1OC2(CS1)CN1CCC2CC1,CC1(C)CC(=O)N(CCCCN2CCN(c3ncccn3)CC2)C(=O)C1,1,O=C1CCCC(=O)N1CCCCN1CCN(c2ncccn2)CC1,0.13024482109227872,1,0.7521330446786082
C[C@H]1O[C@]2(CS1)CN1CCC2CC1,1,C1OC2(CS1)CN1CCC2CC1,CN1CCC[C@H]1c1cccnc1,1,c1cncc(C2CCCN2)c1,0.12411764705882353,1,0.7441728056675762
C[C@H]1O[C@]2(CS1)CN1CCC2CC1,1,C1OC2(CS1)CN1CCC2CC1,COc1ccc2c3c1O[C@H]1[C@@H](O)CC[C@H]4[C@@H](C2)N(C)CC[C@@]341,1,c1cc2c3c(c1)OC1CCCC4C(C2)NCCC314,0.12374727668845316,1,0.724178238149046
O=c1c(O)c(-c2ccc(O)c(O)c2)oc2cc(O)cc(O)c12,1,O=c1cc(-c2ccccc2)oc2ccccc12,CC(=O)C[C@@H](c1ccccc1)c1c(O)c2ccccc2oc1=O,1,O=c1oc2ccccc2cc1Cc1ccccc1,0.19972789115646258,1,0.6914483927708932
O=c1c(O)c(-c2ccc(O)c(O)c2)oc2cc(O)cc(O)c12,1,O=c1cc(-c2ccccc2)oc2ccccc12,Oc1nc2cc(Cl)ccc2o1,1,c1ccc2ocnc2c1,0.18790243902439024,1,0.682014061257379
O=c1c(O)c(-c2ccc(O)c(O)c2)oc2cc(O)cc(O)c12,1,O=c1cc(-c2ccccc2)oc2ccccc12,CC(=O)C[C@@H](c1ccc([N+](=O)[O-])cc1)c1c(O)c2ccccc2oc1=O,1,O=c1oc2ccccc2cc1Cc1ccccc1,0.18679050567595462,1,0.5257857587879943
O=c1c(O)c(-c2ccc(O)c(O)c2)oc2cc(O)cc(O)c12,1,O=c1cc(-c2ccccc2)oc2ccccc12,Cc1ccc(C(=O)c2cc(O)c(O)c([N+](=O)[O-])c2)cc1,1,O=C(c1ccccc1)c1ccccc1,0.16951754385964912,1,0.6322531392190446
Cc1ncc2n1-c1ccc(Cl)cc1C(c1ccccc1F)=NC2,1,c1ccc(C2=NCc3cncn3-c3ccccc32)cc1,Cc1nnc2n1-c1ccc(Cl)cc1C(c1ccccc1Cl)=NC2,1,c1ccc(C2=NCc3nncn3-c3ccccc32)cc1,0.5527599486521181,1,0.8174041249462864
Cc1ncc2n1-c1ccc(Cl)cc1C(c1ccccc1F)=NC2,1,c1ccc(C2=NCc3cncn3-c3ccccc32)cc1,Cc1nnc2n1-c1ccc(Cl)cc1C(c1ccccc1)=NC2,1,c1ccc(C2=NCc3nncn3-c3ccccc32)cc1,0.5052545155993432,1,0.8262182553427594
Cc1ncc2n1-c1ccc(Cl)cc1C(c1ccccc1F)=NC2,1,c1ccc(C2=NCc3cncn3-c3ccccc32)cc1,CN(C)Cc1nnc2n1-c1ccc(Cl)cc1C(c1ccccc1)=NC2,1,c1ccc(C2=NCc3nncn3-c3ccccc32)cc1,0.42000000000000004,1,0.8136627272788405
Cc1ncc2n1-c1ccc(Cl)cc1C(c1ccccc1F)=NC2,1,c1ccc(C2=NCc3cncn3-c3ccccc32)cc1,CN1C(=O)CN=C(c2ccccc2)c2cc(Cl)ccc21,1,O=C1CN=C(c2ccccc2)c2ccccc2N1,0.38925351604760194,1,0.7915842205520454
Cc1nnc(NS(=O)(=O)c2ccc(N)cc2)s1,0,O=S(=O)(Nc1nncs1)c1ccccc1,Cc1cc(NS(=O)(=O)c2ccc(N)cc2)no1,1,O=S(=O)(Nc1ccon1)c1ccccc1,0.5142270861833105,0,0.07643036373329809
Cc1nnc(NS(=O)(=O)c2ccc(N)cc2)s1,0,O=S(=O)(Nc1nncs1)c1ccccc1,Nc1ccc(S(=O)(=O)Nc2ncccn2)cc1,1,O=S(=O)(Nc1ncccn1)c1ccccc1,0.4828571428571429,0,0.08634084049460986
Cc1nnc(NS(=O)(=O)c2ccc(N)cc2)s1,0,O=S(=O)(Nc1nncs1)c1ccccc1,Nc1ccc(S(=O)(=O)c2ccc(N)cc2)cc1,1,O=S(=O)(c1ccccc1)c1ccccc1,0.37714285714285717,0,0.06000619796801231
Cc1nnc(NS(=O)(=O)c2ccc(N)cc2)s1,0,O=S(=O)(Nc1nncs1)c1ccccc1,Cc1onc(-c2ccccc2)c1-c1ccc(S(N)(=O)=O)cc1,1,c1ccc(-c2conc2-c2ccccc2)cc1,0.2316883116883117,0,0.10167277992389465
C[C@H]1CNc2ccc(S(=O)(=O)N[C@@H](CCCN=C(N)N)C(=O)N3CC[C@H](C)C[C@@H]3C(=O)O)cc2C1,1,O=C(CNS(=O)(=O)c1ccc2c(c1)CCCN2)N1CCCCC1,CCOC(=O)[C@H](CCc1ccccc1)N[C@@H](C)C(=O)N1CCC[C@H]1C(=O)O,1,O=C(CNCCCc1ccccc1)N1CCCC1,0.27246376811594203,1,0.8095806844876675
C[C@H]1CNc2ccc(S(=O)(=O)N[C@@H](CCCN=C(N)N)C(=O)N3CC[C@H](C)C[C@@H]3C(=O)O)cc2C1,1,O=C(CNS(=O)(=O)c1ccc2c(c1)CCCN2)N1CCCCC1,CCN(CC)C(=O)N[C@H]1C[C@@H]2c3cccc4[nH]cc(c34)C[C@H]2N(C)C1,1,c1cc2c3c(c[nH]c3c1)CC1NCCCC21,0.1831908831908832,1,0.8637381829666768
C[C@H]1CNc2ccc(S(=O)(=O)N[C@@H](CCCN=C(N)N)C(=O)N3CC[C@H](C)C[C@@H]3C(=O)O)cc2C1,1,O=C(CNS(=O)(=O)c1ccc2c(c1)CCCN2)N1CCCCC1,CC(C)(C)NC(=O)[C@@H]1CN(Cc2cccnc2)CCN1C[C@@H](O)C[C@@H](Cc1ccccc1)C(=O)N[C@H]1c2ccccc2C[C@H]1O,1,O=C(NC1CCc2ccccc21)C(CCCN1CCN(Cc2cccnc2)CC1)Cc1ccccc1,0.17305806451612904,1,0.8512333515033352
C[C@H]1CNc2ccc(S(=O)(=O)N[C@@H](CCCN=C(N)N)C(=O)N3CC[C@H](C)C[C@@H]3C(=O)O)cc2C1,1,O=C(CNS(=O)(=O)c1ccc2c(c1)CCCN2)N1CCCCC1,CCN(CC)C(=O)N[C@H]1C=C2c3cccc4[nH]cc(c34)C[C@H]2N(C)C1,1,C1=C2c3cccc4[nH]cc(c34)CC2NCC1,0.1715633423180593,1,0.8979390502774249
COC(=O)[C@H]1[C@@H](OC(=O)c2ccccc2)C[C@@H]2CC[C@H]1N2C,1,O=C(OC1CC2CCC(C1)N2)c1ccccc1,COC(=O)[C@H](c1ccccc1)[C@H]1CCCCN1,1,c1ccc(CC2CCCCN2)cc1,0.2880670987418986,1,0.6014751589731488
COC(=O)[C@H]1[C@@H](OC(=O)c2ccccc2)C[C@@H]2CC[C@H]1N2C,1,O=C(OC1CC2CCC(C1)N2)c1ccccc1,CN1[C@@H]2CCC[C@H]1CC(NC(=O)c1nn(C)c3ccccc13)C2,1,O=C(NC1CC2CCCC(C1)N2)c1n[nH]c2ccccc12,0.2831332189822756,1,0.8033302702864183
COC(=O)[C@H]1[C@@H](OC(=O)c2ccccc2)C[C@@H]2CC[C@H]1N2C,1,O=C(OC1CC2CCC(C1)N2)c1ccccc1,O=C(OC1C[C@@H]2CC3C[C@H](C1)N2CC3=O)c1c[nH]c2ccccc12,1,O=C(OC1CC2CC3CC(C1)N2CC3=O)c1c[nH]c2ccccc12,0.2588571428571429,1,0.625572680079219
COC(=O)[C@H]1[C@@H](OC(=O)c2ccccc2)C[C@@H]2CC[C@H]1N2C,1,O=C(OC1CC2CCC(C1)N2)c1ccccc1,CN1[C@@H]2CC[C@H]1CC(NC(=O)c1cc(Cl)cc3c1OC(C)(C)C3)C2,1,O=C(NC1CC2CCC(C1)N2)c1cccc2c1OCC2,0.2546687532603026,1,0.5830235762671123
N=C(N)N1CCc2ccccc2C1,0,c1ccc2c(c1)CCNC2,O=C(C1CCCCC1)N1CC(=O)N2CCc3ccccc3[C@H]2C1,1,O=C(C1CCCCC1)N1CC(=O)N2CCc3ccccc3C2C1,0.27350427350427353,0,0.1706271157032458
N=C(N)N1CCc2ccccc2C1,0,c1ccc2c(c1)CCNC2,CN1CCc2cccc3c2[C@@H]1Cc1ccc(O)c(O)c1-3,1,c1ccc2c(c1)CC1NCCc3cccc-2c31,0.22764370337867487,0,0.2351088232420074
N=C(N)N1CCc2ccccc2C1,0,c1ccc2c(c1)CCNC2,CN(C)CCC=C1c2ccccc2CCc2ccccc21,1,C=C1c2ccccc2CCc2ccccc21,0.19976498237367804,0,0.15536575341561473
N=C(N)N1CCc2ccccc2C1,0,c1ccc2c(c1)CCNC2,CNCCC=C1c2ccccc2CCc2ccccc21,1,C=C1c2ccccc2CCc2ccccc21,0.19976498237367804,0,0.07275314626813092
O=C(NC1CCN(CCc2c[nH]c3ccccc23)CC1)c1ccccc1,0,O=C(NC1CCN(CCc2c[nH]c3ccccc23)CC1)c1ccccc1,CN1CCC[C@@H]1Cc1c[nH]c2ccc(CCS(=O)(=O)c3ccccc3)cc12,1,O=S(=O)(CCc1ccc2[nH]cc(CC3CCCN3)c2c1)c1ccccc1,0.36642411642411643,0,0.48917851177912014
O=C(NC1CCN(CCc2c[nH]c3ccccc23)CC1)c1ccccc1,0,O=C(NC1CCN(CCc2c[nH]c3ccccc23)CC1)c1ccccc1,CCN(CC)C(=O)N[C@H]1C[C@@H]2c3cccc4[nH]cc(c34)C[C@H]2N(C)C1,1,c1cc2c3c(c[nH]c3c1)CC1NCCCC21,0.32311688311688314,1,0.6761624309335533
O=C(NC1CCN(CCc2c[nH]c3ccccc23)CC1)c1ccccc1,0,O=C(NC1CCN(CCc2c[nH]c3ccccc23)CC1)c1ccccc1,CN(C)CCc1c[nH]c2ccc(CS(=O)(=O)N3CCCC3)cc12,1,O=S(=O)(Cc1ccc2[nH]ccc2c1)N1CCCC1,0.31315192743764175,1,0.5827994725615537
O=C(NC1CCN(CCc2c[nH]c3ccccc23)CC1)c1ccccc1,0,O=C(NC1CCN(CCc2c[nH]c3ccccc23)CC1)c1ccccc1,O=C(N[C@H](Cc1cc(=O)[nH]c2ccccc12)C(=O)O)c1ccc(Cl)cc1,1,O=C(NCCc1cc(=O)[nH]c2ccccc12)c1ccccc1,0.3124817872753764,0,0.15936604654836267
CCC[C@@H](C)C1(CC)C(=O)NC(=O)NC1=O,0,O=C1CC(=O)NC(=O)N1,CC1=C(C)C(=O)C([C@@H](CCCCCC(=O)O)c2ccccc2)=C(C)C1=O,1,O=C1C=CC(=O)C(Cc2ccccc2)=C1,0.1500230096640589,0,0.07345773968983398
CCC[C@@H](C)C1(CC)C(=O)NC(=O)NC1=O,0,O=C1CC(=O)NC(=O)N1,CCC[C@@H]1C[C@H](C(=O)N[C@@H]([C@H]2O[C@H](SC)[C@H](O)[C@@H](O)[C@H]2O)[C@H](C)Cl)N(C)C1,1,O=C(NCC1CCCCO1)C1CCCN1,0.14834782608695654,0,0.023912901360845475
CCC[C@@H](C)C1(CC)C(=O)NC(=O)NC1=O,0,O=C1CC(=O)NC(=O)N1,C#C[C@]1(O)CC[C@H]2[C@@H]3CCC4=CC(=O)CC[C@@H]4[C@H]3CC[C@@]21CC,1,O=C1C=C2CCC3C4CCCC4CCC3C2CC1,0.14615384615384616,0,0.07615339619711844
CCC[C@@H](C)C1(CC)C(=O)NC(=O)NC1=O,0,O=C1CC(=O)NC(=O)N1,C#C[C@]1(O)C=C[C@H]2[C@@H]3CCC4=CC(=O)CC[C@@H]4[C@H]3CC[C@@]21CC,1,O=C1C=C2CCC3C4C=CCC4CCC3C2CC1,0.141969696969697,0,0.06428484969367573
C=CCC1([C@@H](C)CCC)C(=O)NC(=O)NC1=O,0,O=C1CC(=O)NC(=O)N1,C#C[C@]1(O)CC[C@H]2[C@@H]3CCC4=CC(=O)CC[C@@H]4[C@H]3C(=C)C[C@@]21CC,1,C=C1CC2CCCC2C2CCC3=CC(=O)CCC3C12,0.14408468244084682,0,0.0742141489471288
C=CCC1([C@@H](C)CCC)C(=O)NC(=O)NC1=O,0,O=C1CC(=O)NC(=O)N1,CCOC(=O)C1=C(C)NC(C)=C(C(=O)OCC)C1c1ccccc1/C=C\C(=O)OC(C)(C)C,1,C1=CC(c2ccccc2)C=CN1,0.14121212121212123,0,0.11605684648921162
C=CCC1([C@@H](C)CCC)C(=O)NC(=O)NC1=O,0,O=C1CC(=O)NC(=O)N1,CCC[C@@H]1C[C@H](C(=O)N[C@@H]([C@H]2O[C@H](SC)[C@H](O)[C@@H](O)[C@H]2O)[C@H](C)Cl)N(C)C1,1,O=C(NCC1CCCCO1)C1CCCN1,0.13880673125956144,0,0.03271151117444762
C=CCC1([C@@H](C)CCC)C(=O)NC(=O)NC1=O,0,O=C1CC(=O)NC(=O)N1,CC1=C(C)C(=O)C([C@@H](CCCCCC(=O)O)c2ccccc2)=C(C)C1=O,1,O=C1C=CC(=O)C(Cc2ccccc2)=C1,0.13761755485893418,0,0.08975683914824241
O=C1CCc2cc(OCCCCc3nnnn3C3CCCCC3)ccc2N1,1,O=C1CCc2cc(OCCCCc3nnnn3C3CCCCC3)ccc2N1,O=C1CCc2ccc(OCCCCN3CCN(c4cccc(Cl)c4Cl)CC3)cc2N1,1,O=C1CCc2ccc(OCCCCN3CCN(c4ccccc4)CC3)cc2N1,0.37431604736627194,1,0.9329420035984954
O=C1CCc2cc(OCCCCc3nnnn3C3CCCCC3)ccc2N1,1,O=C1CCc2cc(OCCCCc3nnnn3C3CCCCC3)ccc2N1,COc1ccc(C(=O)N2CCN(c3ccc4c(c3)CCC(=O)N4)CC2)cc1OC,1,O=C1CCc2cc(N3CCN(C(=O)c4ccccc4)CC3)ccc2N1,0.29798570500324884,1,0.932709189483687
O=C1CCc2cc(OCCCCc3nnnn3C3CCCCC3)ccc2N1,1,O=C1CCc2cc(OCCCCc3nnnn3C3CCCCC3)ccc2N1,O=C1Cc2cc(CCN3CCN(c4nsc5ccccc45)CC3)c(Cl)cc2N1,1,O=C1Cc2cc(CCN3CCN(c4nsc5ccccc45)CC3)ccc2N1,0.2026862026862027,1,0.9575151802598739
O=C1CCc2cc(OCCCCc3nnnn3C3CCCCC3)ccc2N1,1,O=C1CCc2cc(OCCCCc3nnnn3C3CCCCC3)ccc2N1,CCc1nn(CCCN2CCN(c3cccc(Cl)c3)CC2)c(=O)n1CCOc1ccccc1,1,O=c1n(CCOc2ccccc2)cnn1CCCN1CCN(c2ccccc2)CC1,0.2014140521431728,1,0.9682038696205872
CCCN1CCC[C@@H]2Cc3nc(N)ncc3C[C@H]21,0,c1ncc2c(n1)CC1CCCNC1C2,CN1CCC[C@H]1c1cccnc1,1,c1cncc(C2CCCN2)c1,0.2555821371610845,0,0.2914804332804844
CCCN1CCC[C@@H]2Cc3nc(N)ncc3C[C@H]21,0,c1ncc2c(n1)CC1CCCNC1C2,COc1cc(Cc2cnc(N)nc2N)cc(OC)c1OC,1,c1ccc(Cc2cncnc2)cc1,0.21672152732060568,0,0.18954009004083905
CCCN1CCC[C@@H]2Cc3nc(N)ncc3C[C@H]21,0,c1ncc2c(n1)CC1CCCNC1C2,COc1ccc2c3c1O[C@H]1[C@@H](O)CC[C@H]4[C@@H](C2)N(C)CC[C@@]341,1,c1cc2c3c(c1)OC1CCCC4C(C2)NCCC314,0.2074576271186441,0,0.24682155171638825
CCCN1CCC[C@@H]2Cc3nc(N)ncc3C[C@H]21,0,c1ncc2c(n1)CC1CCCNC1C2,COc1ccc2c3c1O[C@H]1C(=O)CC[C@H]4[C@@H](C2)N(C)CC[C@]314,1,O=C1CCC2C3Cc4cccc5c4C2(CCN3)C1O5,0.20701754385964916,0,0.32505012136540185
CCOC(=O)[C@H](CCc1ccccc1)N[C@@H](C)C(=O)N1CCC[C@H]1C(=O)O,1,O=C(CNCCCc1ccccc1)N1CCCC1,COC(=O)[C@H](c1ccccc1)[C@H]1CCCCN1,1,c1ccc(CC2CCCCN2)cc1,0.2834694452266967,1,0.5873999536753266
CCOC(=O)[C@H](CCc1ccccc1)N[C@@H](C)C(=O)N1CCC[C@H]1C(=O)O,1,O=C(CNCCCc1ccccc1)N1CCCC1,C[C@H]1CNc2ccc(S(=O)(=O)N[C@@H](CCCN=C(N)N)C(=O)N3CC[C@H](C)C[C@@H]3C(=O)O)cc2C1,1,O=C(CNS(=O)(=O)c1ccc2c(c1)CCCN2)N1CCCCC1,0.27246376811594203,1,0.6538570719450195
CCOC(=O)[C@H](CCc1ccccc1)N[C@@H](C)C(=O)N1CCC[C@H]1C(=O)O,1,O=C(CNCCCc1ccccc1)N1CCCC1,CCOc1cc(CC(=O)N[C@@H](CC(C)C)c2ccccc2N2CCCCC2)ccc1C(=O)O,1,O=C(Cc1ccccc1)NCc1ccccc1N1CCCCC1,0.2676648841354724,0,0.3951047566116217
CCOC(=O)[C@H](CCc1ccccc1)N[C@@H](C)C(=O)N1CCC[C@H]1C(=O)O,1,O=C(CNCCCc1ccccc1)N1CCCC1,CCCNC[C@H](O)COc1ccccc1C(=O)CCc1ccccc1,1,O=C(CCc1ccccc1)c1ccccc1,0.2675706214689266,0,0.35410130431445325
CC[C@H]1OC(=O)[C@H](C)[C@@H](O[C@H]2C[C@@](C)(OC)[C@@H](O)[C@H](C)O2)[C@H](C)[C@@H](O[C@@H]2O[C@H](C)C[C@H](N(C)C)[C@H]2O)[C@](C)(O)C[C@@H](C)C(=O)[C@H](C)[C@@H](O)[C@]1(C)O,1,O=C1CCCCOC(=O)CC(OC2CCCCO2)CC(OC2CCCCO2)CCC1,CC[C@H]1OC(=O)[C@H](C)[C@@H](O[C@H]2C[C@@](C)(OC)[C@@H](O)[C@H](C)O2)[C@H](C)[C@@H](O[C@@H]2O[C@H](C)C[C@H](N(C)C)[C@H]2O)[C@](C)(OC)C[C@@H](C)C(=O)[C@H](C)[C@@H](O)[C@]1(C)O,1,O=C1CCCCOC(=O)CC(OC2CCCCO2)CC(OC2CCCCO2)CCC1,0.9145854145854146,0,0.44741047902978703
CC[C@H]1OC(=O)[C@H](C)[C@@H](O[C@H]2C[C@@](C)(OC)[C@@H](O)[C@H](C)O2)[C@H](C)[C@@H](O[C@@H]2O[C@H](C)C[C@H](N(C)C)[C@H]2O)[C@](C)(O)C[C@@H](C)C(=O)[C@H](C)[C@@H](O)[C@]1(C)O,1,O=C1CCCCOC(=O)CC(OC2CCCCO2)CC(OC2CCCCO2)CCC1,CC[C@H]1OC(=O)[C@H](C)[C@@H](O[C@H]2C[C@@](C)(OC)[C@@H](O)[C@H](C)O2)[C@H](C)[C@@H](O[C@@H]2O[C@H](C)C[C@H](N(C)C)[C@H]2O)[C@](C)(O)C[C@@H](C)/C(=N\OCOCCOC)[C@H](C)[C@@H](O)[C@]1(C)O,1,N=C1CCCCOC(=O)CC(OC2CCCCO2)CC(OC2CCCCO2)CCC1,0.7734645525788227,0,0.41778989958625984
CC[C@H]1OC(=O)[C@H](C)[C@@H](O[C@H]2C[C@@](C)(OC)[C@@H](O)[C@H](C)O2)[C@H](C)[C@@H](O[C@@H]2O[C@H](C)C[C@H](N(C)C)[C@H]2O)[C@](C)(O)C[C@@H](C)C(=O)[C@H](C)[C@@H](O)[C@]1(C)O,1,O=C1CCCCOC(=O)CC(OC2CCCCO2)CC(OC2CCCCO2)CCC1,CO[C@H]1C[C@H](O[C@H]2[C@H](C)[C@@H](O[C@@H]3O[C@H](C)C[C@H](N(C)C)[C@H]3OC(C)=O)[C@@H](C)C[C@]3(CO3)C(=O)[C@H](C)[C@@H](OC(C)=O)[C@@H](C)[C@@H](C)OC(=O)[C@@H]2C)O[C@@H](C)[C@@H]1OC(C)=O,1,O=C1CC(OC2CCCCO2)CC(OC2CCCCO2)CCC2(CO2)C(=O)CCCCO1,0.3686106346483705,1,0.5463635677131409
CC[C@H]1OC(=O)[C@H](C)[C@@H](O[C@H]2C[C@@](C)(OC)[C@@H](O)[C@H](C)O2)[C@H](C)[C@@H](O[C@@H]2O[C@H](C)C[C@H](N(C)C)[C@H]2O)[C@](C)(O)C[C@@H](C)C(=O)[C@H](C)[C@@H](O)[C@]1(C)O,1,O=C1CCCCOC(=O)CC(OC2CCCCO2)CC(OC2CCCCO2)CCC1,C[C@H]1O[C@@H](O[C@H]2[C@@H](O)C[C@H](O[C@H]3[C@@H](O)C[C@H](O[C@H]4CC[C@@]5(C)[C@H](CC[C@@H]6[C@@H]5CC[C@]5(C)[C@@H](C7=CC(=O)OC7)CC[C@]65O)C4)O[C@@H]3C)O[C@@H]2C)C[C@H](O)[C@@H]1O,1,O=C1C=C(C2CCC3C2CCC2C4CCC(OC5CCC(OC6CCC(OC7CCCCO7)CO6)CO5)CC4CCC23)CO1,0.2174915254237288,1,0.7493058310922465
CC[C@H]1OC(=O)[C@H](C)[C@@H](O[C@H]2C[C@@](C)(OC)[C@@H](O)[C@H](C)O2)[C@H](C)[C@@H](O[C@@H]2O[C@H](C)C[C@H](N(C)C)[C@H]2O)[C@](C)(OC)C[C@@H](C)C(=O)[C@H](C)[C@@H](O)[C@]1(C)O,1,O=C1CCCCOC(=O)CC(OC2CCCCO2)CC(OC2CCCCO2)CCC1,CC[C@H]1OC(=O)[C@H](C)[C@@H](O[C@H]2C[C@@](C)(OC)[C@@H](O)[C@H](C)O2)[C@H](C)[C@@H](O[C@@H]2O[C@H](C)C[C@H](N(C)C)[C@H]2O)[C@](C)(O)C[C@@H](C)C(=O)[C@H](C)[C@@H](O)[C@]1(C)O,1,O=C1CCCCOC(=O)CC(OC2CCCCO2)CC(OC2CCCCO2)CCC1,0.9145854145854146,1,0.6036130134875051
CC[C@H]1OC(=O)[C@H](C)[C@@H](O[C@H]2C[C@@](C)(OC)[C@@H](O)[C@H](C)O2)[C@H](C)[C@@H](O[C@@H]2O[C@H](C)C[C@H](N(C)C)[C@H]2O)[C@](C)(OC)C[C@@H](C)C(=O)[C@H](C)[C@@H](O)[C@]1(C)O,1,O=C1CCCCOC(=O)CC(OC2CCCCO2)CC(OC2CCCCO2)CCC1,CC[C@H]1OC(=O)[C@H](C)[C@@H](O[C@H]2C[C@@](C)(OC)[C@@H](O)[C@H](C)O2)[C@H](C)[C@@H](O[C@@H]2O[C@H](C)C[C@H](N(C)C)[C@H]2O)[C@](C)(O)C[C@@H](C)/C(=N\OCOCCOC)[C@H](C)[C@@H](O)[C@]1(C)O,1,N=C1CCCCOC(=O)CC(OC2CCCCO2)CC(OC2CCCCO2)CCC1,0.7093718166383701,1,0.5505369149097701
CC[C@H]1OC(=O)[C@H](C)[C@@H](O[C@H]2C[C@@](C)(OC)[C@@H](O)[C@H](C)O2)[C@H](C)[C@@H](O[C@@H]2O[C@H](C)C[C@H](N(C)C)[C@H]2O)[C@](C)(OC)C[C@@H](C)C(=O)[C@H](C)[C@@H](O)[C@]1(C)O,1,O=C1CCCCOC(=O)CC(OC2CCCCO2)CC(OC2CCCCO2)CCC1,CO[C@H]1C[C@H](O[C@H]2[C@H](C)[C@@H](O[C@@H]3O[C@H](C)C[C@H](N(C)C)[C@H]3OC(C)=O)[C@@H](C)C[C@]3(CO3)C(=O)[C@H](C)[C@@H](OC(C)=O)[C@@H](C)[C@@H](C)OC(=O)[C@@H]2C)O[C@@H](C)[C@@H]1OC(C)=O,1,O=C1CC(OC2CCCCO2)CC(OC2CCCCO2)CCC2(CO2)C(=O)CCCCO1,0.3784615384615385,1,0.6467004112132718
CC[C@H]1OC(=O)[C@H](C)[C@@H](O[C@H]2C[C@@](C)(OC)[C@@H](O)[C@H](C)O2)[C@H](C)[C@@H](O[C@@H]2O[C@H](C)C[C@H](N(C)C)[C@H]2O)[C@](C)(OC)C[C@@H](C)C(=O)[C@H](C)[C@@H](O)[C@]1(C)O,1,O=C1CCCCOC(=O)CC(OC2CCCCO2)CC(OC2CCCCO2)CCC1,C[C@H]1O[C@@H](O[C@H]2[C@@H](O)C[C@H](O[C@H]3[C@@H](O)C[C@H](O[C@H]4CC[C@@]5(C)[C@H](CC[C@@H]6[C@@H]5CC[C@]5(C)[C@@H](C7=CC(=O)OC7)CC[C@]65O)C4)O[C@@H]3C)O[C@@H]2C)C[C@H](O)[C@@H]1O,1,O=C1C=C(C2CCC3C2CCC2C4CCC(OC5CCC(OC6CCC(OC7CCCCO7)CO6)CO5)CC4CCC23)CO1,0.22041379310344827,1,0.9261549328911083
CC[C@H]1OC(=O)[C@H](C)[C@@H](O[C@H]2C[C@@](C)(OC)[C@@H](O)[C@H](C)O2)[C@H](C)[C@@H](O[C@@H]2O[C@H](C)C[C@H](N(C)C)[C@H]2O)[C@](C)(O)C[C@](C)(F)C(=O)[C@H](C)[C@@H](O)[C@]1(C)O,0,O=C1CCCCOC(=O)CC(OC2CCCCO2)CC(OC2CCCCO2)CCC1,CC[C@H]1OC(=O)[C@H](C)[C@@H](O[C@H]2C[C@@](C)(OC)[C@@H](O)[C@H](C)O2)[C@H](C)[C@@H](O[C@@H]2O[C@H](C)C[C@H](N(C)C)[C@H]2O)[C@](C)(O)C[C@@H](C)C(=O)[C@H](C)[C@@H](O)[C@]1(C)O,1,O=C1CCCCOC(=O)CC(OC2CCCCO2)CC(OC2CCCCO2)CCC1,0.8148917748917749,0,0.47182364394562193
CC[C@H]1OC(=O)[C@H](C)[C@@H](O[C@H]2C[C@@](C)(OC)[C@@H](O)[C@H](C)O2)[C@H](C)[C@@H](O[C@@H]2O[C@H](C)C[C@H](N(C)C)[C@H]2O)[C@](C)(O)C[C@](C)(F)C(=O)[C@H](C)[C@@H](O)[C@]1(C)O,0,O=C1CCCCOC(=O)CC(OC2CCCCO2)CC(OC2CCCCO2)CCC1,CC[C@H]1OC(=O)[C@H](C)[C@@H](O[C@H]2C[C@@](C)(OC)[C@@H](O)[C@H](C)O2)[C@H](C)[C@@H](O[C@@H]2O[C@H](C)C[C@H](N(C)C)[C@H]2O)[C@](C)(OC)C[C@@H](C)C(=O)[C@H](C)[C@@H](O)[C@]1(C)O,1,O=C1CCCCOC(=O)CC(OC2CCCCO2)CC(OC2CCCCO2)CCC1,0.7829573934837093,0,0.4444517103593179
CC[C@H]1OC(=O)[C@H](C)[C@@H](O[C@H]2C[C@@](C)(OC)[C@@H](O)[C@H](C)O2)[C@H](C)[C@@H](O[C@@H]2O[C@H](C)C[C@H](N(C)C)[C@H]2O)[C@](C)(O)C[C@](C)(F)C(=O)[C@H](C)[C@@H](O)[C@]1(C)O,0,O=C1CCCCOC(=O)CC(OC2CCCCO2)CC(OC2CCCCO2)CCC1,CC[C@H]1OC(=O)[C@H](C)[C@@H](O[C@H]2C[C@@](C)(OC)[C@@H](O)[C@H](C)O2)[C@H](C)[C@@H](O[C@@H]2O[C@H](C)C[C@H](N(C)C)[C@H]2O)[C@](C)(O)C[C@@H](C)/C(=N\OCOCCOC)[C@H](C)[C@@H](O)[C@]1(C)O,1,N=C1CCCCOC(=O)CC(OC2CCCCO2)CC(OC2CCCCO2)CCC1,0.6988520408163266,0,0.4325614381370533
CC[C@H]1OC(=O)[C@H](C)[C@@H](O[C@H]2C[C@@](C)(OC)[C@@H](O)[C@H](C)O2)[C@H](C)[C@@H](O[C@@H]2O[C@H](C)C[C@H](N(C)C)[C@H]2O)[C@](C)(O)C[C@](C)(F)C(=O)[C@H](C)[C@@H](O)[C@]1(C)O,0,O=C1CCCCOC(=O)CC(OC2CCCCO2)CC(OC2CCCCO2)CCC1,CO[C@H]1C[C@H](O[C@H]2[C@H](C)[C@@H](O[C@@H]3O[C@H](C)C[C@H](N(C)C)[C@H]3OC(C)=O)[C@@H](C)C[C@]3(CO3)C(=O)[C@H](C)[C@@H](OC(C)=O)[C@@H](C)[C@@H](C)OC(=O)[C@@H]2C)O[C@@H](C)[C@@H]1OC(C)=O,1,O=C1CC(OC2CCCCO2)CC(OC2CCCCO2)CCC2(CO2)C(=O)CCCCO1,0.36984965461194635,1,0.5607966826096024
C[C@]12C=CC(=O)C=C1CC[C@@H]1[C@@H]2CC[C@]2(C)OC(=O)CC[C@@H]12,0,O=C1C=CC2C(=C1)CCC1C3CCC(=O)OC3CCC21,CCC[C@H]1O[C@@H]2C[C@H]3[C@@H]4CCC5=CC(=O)C=C[C@]5(C)[C@H]4[C@@H](O)C[C@]3(C)[C@]2(C(=O)CO)O1,1,O=C1C=CC2C(=C1)CCC1C2CCC2C1CC1OCOC12,0.35833333333333334,0,0.31974115050191176
C[C@]12C=CC(=O)C=C1CC[C@@H]1[C@@H]2CC[C@]2(C)OC(=O)CC[C@@H]12,0,O=C1C=CC2C(=C1)CCC1C3CCC(=O)OC3CCC21,C[C@]12CC[C@H]3[C@@H](CCC4=CC(=O)CC[C@@]43C)[C@@H]1CC[C@@H]2O,1,O=C1C=C2CCC3C4CCCC4CCC3C2CC1,0.3508771929824561,0,0.43986926950744276
C[C@]12C=CC(=O)C=C1CC[C@@H]1[C@@H]2CC[C@]2(C)OC(=O)CC[C@@H]12,0,O=C1C=CC2C(=C1)CCC1C3CCC(=O)OC3CCC21,CC(=O)[C@H]1CC[C@H]2[C@@H]3CCC4=CC(=O)CC[C@]4(C)[C@H]3CC[C@]12C,1,O=C1C=C2CCC3C4CCCC4CCC3C2CC1,0.34539682539682537,1,0.530075839826499
C[C@]12C=CC(=O)C=C1CC[C@@H]1[C@@H]2CC[C@]2(C)OC(=O)CC[C@@H]12,0,O=C1C=CC2C(=C1)CCC1C3CCC(=O)OC3CCC21,C[C@]12CCC(=O)C=C1[C@@H]1C[C@@H]1[C@H]1[C@@H]3[C@@H]4C[C@@H]4[C@@]4(CCC(=O)O4)[C@@]3(C)CC[C@@H]12,1,O=C1C=C2C(CC1)C1CCC3C(C4CC4C34CCC(=O)O4)C1C1CC21,0.33304442036836407,0,0.4783407197725521
CC[C@]1(c2ccccc2)NC(=O)N(C)C1=O,0,O=C1NC(=O)C(c2ccccc2)N1,Cc1cc(=O)n(-c2ccccc2)n1C,1,O=c1cc[nH]n1-c1ccccc1,0.23029218843172333,0,0.12972162438650747
CC[C@]1(c2ccccc2)NC(=O)N(C)C1=O,0,O=C1NC(=O)C(c2ccccc2)N1,CN1C(=O)CN=C(c2ccccc2)c2cc(Cl)ccc21,1,O=C1CN=C(c2ccccc2)c2ccccc2N1,0.22454545454545455,0,0.05836348907152735
CC[C@]1(c2ccccc2)NC(=O)N(C)C1=O,0,O=C1NC(=O)C(c2ccccc2)N1,CN1C(=O)OC(C)(C)C1=O,1,O=C1COC(=O)N1,0.22332506203473945,0,0.08438156427378757
CC[C@]1(c2ccccc2)NC(=O)N(C)C1=O,0,O=C1NC(=O)C(c2ccccc2)N1,CCOCn1c(Cc2ccccc2)c(C(C)C)c(=O)[nH]c1=O,1,O=c1cc(Cc2ccccc2)[nH]c(=O)[nH]1,0.21975683890577508,0,0.03302700429828524
CCN1C(=O)N[C@H](c2ccccc2)C1=O,0,O=C1NC(=O)C(c2ccccc2)N1,CN1C(=O)[C@H](O)N=C(c2ccccc2)c2cc(Cl)ccc21,1,O=C1CN=C(c2ccccc2)c2ccccc2N1,0.2367099567099567,0,0.06619954749485907
CCN1C(=O)N[C@H](c2ccccc2)C1=O,0,O=C1NC(=O)C(c2ccccc2)N1,CCOCn1c(Cc2ccccc2)c(C(C)C)c(=O)[nH]c1=O,1,O=c1cc(Cc2ccccc2)[nH]c(=O)[nH]1,0.22822134387351778,0,0.02878378706316258
CCN1C(=O)N[C@H](c2ccccc2)C1=O,0,O=C1NC(=O)C(c2ccccc2)N1,CCOC(=O)[C@H](CCc1ccccc1)N[C@@H](C)C(=O)N1CCC[C@H]1C(=O)O,1,O=C(CNCCCc1ccccc1)N1CCCC1,0.2212244897959184,0,0.06436886980181476
CCN1C(=O)N[C@H](c2ccccc2)C1=O,0,O=C1NC(=O)C(c2ccccc2)N1,Cc1cccc(C)c1NC(=O)CN1CCCC1=O,1,O=C(CN1CCCC1=O)Nc1ccccc1,0.22037037037037038,0,0.08869273070721219
CC1=C(CC(=O)O)c2cc(F)ccc2/C1=C\c1ccc([S@@H](C)=O)cc1,0,C1=Cc2ccccc2C1=Cc1ccccc1,CCCCN(CCCC)C[C@@H](O)c1cc(Cl)cc2c1-c1ccc(Cl)cc1/C2=C\c1ccc(Cl)cc1,1,C(=C1c2ccccc2-c2ccccc21)c1ccccc1,0.22105263157894736,0,0.026731165338673504
CC1=C(CC(=O)O)c2cc(F)ccc2/C1=C\c1ccc([S@@H](C)=O)cc1,0,C1=Cc2ccccc2C1=Cc1ccccc1,COCc1c(C(C)C)nc(C(C)C)c(/C=C\[C@@H](O)C[C@@H](O)CC(=O)O)c1-c1ccc(F)cc1,1,c1ccc(-c2ccncc2)cc1,0.21453432778733986,0,0.13785108958054149
CC1=C(CC(=O)O)c2cc(F)ccc2/C1=C\c1ccc([S@@H](C)=O)cc1,0,C1=Cc2ccccc2C1=Cc1ccccc1,CN(C)CC/C=C1\c2ccccc2COc2ccc(CC(=O)O)cc21,1,C=C1c2ccccc2COc2ccccc21,0.20279605263157896,0,0.24441080331458026
CC1=C(CC(=O)O)c2cc(F)ccc2/C1=C\c1ccc([S@@H](C)=O)cc1,0,C1=Cc2ccccc2C1=Cc1ccccc1,CC(C)c1c(C(=O)Nc2ccccc2)c(-c2ccccc2)c(-c2ccc(F)cc2)n1CC[C@@H](O)C[C@@H](O)CC(=O)O,1,O=C(Nc1ccccc1)c1c[nH]c(-c2ccccc2)c1-c1ccccc1,0.20222145088510934,0,0.233534125840205
CN1CC(=O)N2[C@H](c3ccc4c(c3)OCO4)c3[nH]c4ccccc4c3C[C@@H]2C1=O,1,O=C1NCC(=O)N2C1Cc1c([nH]c3ccccc13)C2c1ccc2c(c1)OCO2,O=C(OC1C[C@@H]2CC3C[C@H](C1)N2CC3=O)c1c[nH]c2ccccc12,1,O=C(OC1CC2CC3CC(C1)N2CC3=O)c1c[nH]c2ccccc12,0.22391817466561764,1,0.8936025041280452
CN1CC(=O)N2[C@H](c3ccc4c(c3)OCO4)c3[nH]c4ccccc4c3C[C@@H]2C1=O,1,O=C1NCC(=O)N2C1Cc1c([nH]c3ccccc13)C2c1ccc2c(c1)OCO2,CC[C@]1(O)C[C@H]2CN(CCc3c([nH]c4ccccc34)[C@@](C(=O)OC)(c3cc4c(cc3OC)N(C)[C@H]3[C@@](O)(C(=O)OC)[C@H](OC(C)=O)[C@]5(CC)C=CCN6CC[C@]43[C@@H]65)C2)C1,1,C1=CC2CCC3Nc4ccc(C5CC6CCCN(CCc7c5[nH]c5ccccc75)C6)cc4C34CCN(C1)C24,0.21746382978723403,1,0.8434197901067959
CN1CC(=O)N2[C@H](c3ccc4c(c3)OCO4)c3[nH]c4ccccc4c3C[C@@H]2C1=O,1,O=C1NCC(=O)N2C1Cc1c([nH]c3ccccc13)C2c1ccc2c(c1)OCO2,CC[C@]1(O)C[C@H]2CN(CCc3c([nH]c4ccccc34)[C@@](C(=O)OC)(c3cc4c(cc3OC)N(C=O)[C@H]3[C@@](O)(C(=O)OC)[C@H](OC(C)=O)[C@]5(CC)C=CCN6CC[C@]43[C@@H]65)C2)C1,1,C1=CC2CCC3Nc4ccc(C5CC6CCCN(CCc7c5[nH]c5ccccc75)C6)cc4C34CCN(C1)C24,0.20833333333333334,1,0.7928613280683033
CN1CC(=O)N2[C@H](c3ccc4c(c3)OCO4)c3[nH]c4ccccc4c3C[C@@H]2C1=O,1,O=C1NCC(=O)N2C1Cc1c([nH]c3ccccc13)C2c1ccc2c(c1)OCO2,CN1CCC[C@@H]1Cc1c[nH]c2ccc(CCS(=O)(=O)c3ccccc3)cc12,1,O=S(=O)(CCc1ccc2[nH]cc(CC3CCCN3)c2c1)c1ccccc1,0.20751506557958171,1,0.8350918557190133
CN(CCOc1ccc(C[C@@H]2SC(=O)NC2=O)cc1)c1ccccn1,0,O=C1NC(=O)C(Cc2ccc(OCCNc3ccccn3)cc2)S1,CN(C)CCOc1ccc(/C(=C(\CCCl)c2ccccc2)c2ccccc2)cc1,1,C(=C(c1ccccc1)c1ccccc1)c1ccccc1,0.2898818695428865,0,0.1456241458980814
CN(CCOc1ccc(C[C@@H]2SC(=O)NC2=O)cc1)c1ccccn1,0,O=C1NC(=O)C(Cc2ccc(OCCNc3ccccn3)cc2)S1,CC/C(=C(/c1ccccc1)c1ccc(OCCN(C)C)cc1)c1ccccc1,1,C(=C(c1ccccc1)c1ccccc1)c1ccccc1,0.28750000000000003,0,0.12159324051521925
CN(CCOc1ccc(C[C@@H]2SC(=O)NC2=O)cc1)c1ccccn1,0,O=C1NC(=O)C(Cc2ccc(OCCNc3ccccn3)cc2)S1,CN(CCOc1ccc(NS(C)(=O)=O)cc1)CCc1ccc(NS(C)(=O)=O)cc1,1,c1ccc(CCNCCOc2ccccc2)cc1,0.28644338118022333,0,0.166461681824862
CN(CCOc1ccc(C[C@@H]2SC(=O)NC2=O)cc1)c1ccccn1,0,O=C1NC(=O)C(Cc2ccc(OCCNc3ccccn3)cc2)S1,CC(C)(C)c1cc(C[C@H]2SCNC2=O)cc(C(C)(C)C)c1O,1,O=C1NCSC1Cc1ccccc1,0.26224433388612495,0,0.05993310094437526
COc1cc([C@@H]2c3cc4c(cc3[C@@H](O[C@@H]3O[C@@H]5CO[C@@H](c6cccs6)O[C@H]5[C@H](O)[C@H]3O)[C@H]3COC(=O)[C@H]23)OCO4)cc(OC)c1O,1,O=C1OCC2C(OC3CCC4OC(c5cccs5)OCC4O3)c3cc4c(cc3C(c3ccccc3)C12)OCO4,COc1cccc2c1C(=O)c1c(O)c3c(c(O)c1C2=O)C[C@@](O)(C(=O)CO)C[C@@H]3O[C@H]1C[C@H](N)[C@H](O)[C@H](C)O1,1,O=C1c2ccccc2C(=O)c2cc3c(cc21)CCCC3OC1CCCCO1,0.19454094292803972,1,0.8227425742260344
COc1cc([C@@H]2c3cc4c(cc3[C@@H](O[C@@H]3O[C@@H]5CO[C@@H](c6cccs6)O[C@H]5[C@H](O)[C@H]3O)[C@H]3COC(=O)[C@H]23)OCO4)cc(OC)c1O,1,O=C1OCC2C(OC3CCC4OC(c5cccs5)OCC4O3)c3cc4c(cc3C(c3ccccc3)C12)OCO4,CN1CC(=O)N2[C@H](c3ccc4c(c3)OCO4)c3[nH]c4ccccc4c3C[C@@H]2C1=O,1,O=C1NCC(=O)N2C1Cc1c([nH]c3ccccc13)C2c1ccc2c(c1)OCO2,0.18179120296767357,1,0.8731110896676295
COc1cc([C@@H]2c3cc4c(cc3[C@@H](O[C@@H]3O[C@@H]5CO[C@@H](c6cccs6)O[C@H]5[C@H](O)[C@H]3O)[C@H]3COC(=O)[C@H]23)OCO4)cc(OC)c1O,1,O=C1OCC2C(OC3CCC4OC(c5cccs5)OCC4O3)c3cc4c(cc3C(c3ccccc3)C12)OCO4,COc1cc(C(C)=O)ccc1OCCCN1CCC(c2noc3cc(F)ccc23)CC1,1,c1ccc(OCCCN2CCC(c3noc4ccccc34)CC2)cc1,0.15701149425287358,1,0.86252049102225
COc1cc([C@@H]2c3cc4c(cc3[C@@H](O[C@@H]3O[C@@H]5CO[C@@H](c6cccs6)O[C@H]5[C@H](O)[C@H]3O)[C@H]3COC(=O)[C@H]23)OCO4)cc(OC)c1O,1,O=C1OCC2C(OC3CCC4OC(c5cccs5)OCC4O3)c3cc4c(cc3C(c3ccccc3)C12)OCO4,CCC(=O)N(c1ccccc1)C1(COC)CCN(CCc2cccs2)CC1,1,c1ccc(NC2CCN(CCc3cccs3)CC2)cc1,0.15476190476190477,1,0.8101470961376435
CC(=O)S[C@@H]1CC2=CC(=O)CC[C@]2(C)[C@H]2CC[C@@]3(C)[C@@H](CC[C@@]34CCC(=O)O4)[C@H]12,0,O=C1C=C2CCC3C(CCC4C3CCC43CCC(=O)O3)C2CC1,COC(=O)[C@@H]1CC2=CC(=O)CC[C@]2(C)[C@@]23O[C@@H]2C[C@@]2(C)[C@@H](CC[C@@]24CCC(=O)O4)[C@H]13,1,O=C1C=C2CCC3C4CCC5(CCC(=O)O5)C4CC4OC43C2CC1,0.47882496940024477,0,0.3094422040423969
CC(=O)S[C@@H]1CC2=CC(=O)CC[C@]2(C)[C@H]2CC[C@@]3(C)[C@@H](CC[C@@]34CCC(=O)O4)[C@H]12,0,O=C1C=C2CCC3C(CCC4C3CCC43CCC(=O)O3)C2CC1,C[C@]12CCC(=O)C=C1[C@@H]1C[C@@H]1[C@H]1[C@@H]3[C@@H]4C[C@@H]4[C@@]4(CCC(=O)O4)[C@@]3(C)CC[C@@H]12,1,O=C1C=C2C(CC1)C1CCC3C(C4CC4C34CCC(=O)O4)C1C1CC21,0.4378082191780822,0,0.15585410447447368
CC(=O)S[C@@H]1CC2=CC(=O)CC[C@]2(C)[C@H]2CC[C@@]3(C)[C@@H](CC[C@@]34CCC(=O)O4)[C@H]12,0,O=C1C=C2CCC3C(CCC4C3CCC43CCC(=O)O3)C2CC1,CC(=O)[C@H]1CC[C@H]2[C@@H]3CCC4=CC(=O)CC[C@]4(C)[C@H]3CC[C@]12C,1,O=C1C=C2CCC3C4CCCC4CCC3C2CC1,0.4031796502384738,0,0.3411870844639404
CC(=O)S[C@@H]1CC2=CC(=O)CC[C@]2(C)[C@H]2CC[C@@]3(C)[C@@H](CC[C@@]34CCC(=O)O4)[C@H]12,0,O=C1C=C2CCC3C(CCC4C3CCC43CCC(=O)O3)C2CC1,C[C@]12CC[C@H]3[C@@H](CCC4=CC(=O)CC[C@@]43C)[C@@H]1CC[C@@H]2O,1,O=C1C=C2CCC3C4CCCC4CCC3C2CC1,0.39303030303030306,0,0.22301306498045187
CC[C@H](C)n1ncn(-c2ccc(N3CCN(c4ccc(OC[C@H]5CO[C@](Cn6cncn6)(c6ccc(Cl)cc6Cl)O5)cc4)CC3)cc2)c1=O,1,O=c1[nH]ncn1-c1ccc(N2CCN(c3ccc(OCC4COC(Cn5cncn5)(c5ccccc5)O4)cc3)CC2)cc1,CC(=O)N1CCN(c2ccc(OC[C@H]3CO[C@](Cn4ccnc4)(c4ccc(Cl)cc4Cl)O3)cc2)CC1,1,c1ccc(C2(Cn3ccnc3)OCC(COc3ccc(N4CCNCC4)cc3)O2)cc1,0.5452558941920644,1,0.9422888977822693
CC[C@H](C)n1ncn(-c2ccc(N3CCN(c4ccc(OC[C@H]5CO[C@](Cn6cncn6)(c6ccc(Cl)cc6Cl)O5)cc4)CC3)cc2)c1=O,1,O=c1[nH]ncn1-c1ccc(N2CCN(c3ccc(OCC4COC(Cn5cncn5)(c5ccccc5)O4)cc3)CC2)cc1,CCc1nn(CCCN2CCN(c3cccc(Cl)c3)CC2)c(=O)n1CCOc1ccccc1,1,O=c1n(CCOc2ccccc2)cnn1CCCN1CCN(c2ccccc2)CC1,0.2675,1,0.9854270707502283
CC[C@H](C)n1ncn(-c2ccc(N3CCN(c4ccc(OC[C@H]5CO[C@](Cn6cncn6)(c6ccc(Cl)cc6Cl)O5)cc4)CC3)cc2)c1=O,1,O=c1[nH]ncn1-c1ccc(N2CCN(c3ccc(OCC4COC(Cn5cncn5)(c5ccccc5)O4)cc3)CC2)cc1,C[C@@H](c1ncncc1F)[C@](O)(Cn1cncn1)c1ccc(F)cc1F,1,c1ccc(C(Cc2ccncn2)Cn2cncn2)cc1,0.22249056603773587,1,0.9762495216764736
CC[C@H](C)n1ncn(-c2ccc(N3CCN(c4ccc(OC[C@H]5CO[C@](Cn6cncn6)(c6ccc(Cl)cc6Cl)O5)cc4)CC3)cc2)c1=O,1,O=c1[nH]ncn1-c1ccc(N2CCN(c3ccc(OCC4COC(Cn5cncn5)(c5ccccc5)O4)cc3)CC2)cc1,CCOC(=O)C(C)(C)Oc1ccc(Cl)cc1,1,c1ccccc1,0.20776119402985077,1,0.9707011486844093
C[C@]12CC[C@H](O)CC1=CC[C@@H]1[C@@H]2CC[C@]2(C)C(=O)CC[C@@H]12,1,O=C1CCC2C1CCC1C3CCCCC3=CCC21,C[C@]12CC[C@H]3[C@@H](CCC4=CC(=O)CC[C@@]43C)[C@@H]1CC[C@@H]2O,1,O=C1C=C2CCC3C4CCCC4CCC3C2CC1,0.4367045454545455,1,0.7581249427427209
C[C@]12CC[C@H](O)CC1=CC[C@@H]1[C@@H]2CC[C@]2(C)C(=O)CC[C@@H]12,1,O=C1CCC2C1CCC1C3CCCCC3=CCC21,C[C@]12CC[C@@H]3c4ccc(O)cc4CC[C@H]3[C@@H]1CCC2=O,1,O=C1CCC2C1CCC1c3ccccc3CCC12,0.39410774410774413,1,0.819197968380403
C[C@]12CC[C@H](O)CC1=CC[C@@H]1[C@@H]2CC[C@]2(C)C(=O)CC[C@@H]12,1,O=C1CCC2C1CCC1C3CCCCC3=CCC21,CC(=O)[C@H]1CC[C@H]2[C@@H]3CCC4=CC(=O)CC[C@]4(C)[C@H]3CC[C@]12C,1,O=C1C=C2CCC3C4CCCC4CCC3C2CC1,0.37421674370826913,1,0.7976310113477074
C[C@]12CC[C@H](O)CC1=CC[C@@H]1[C@@H]2CC[C@]2(C)C(=O)CC[C@@H]12,1,O=C1CCC2C1CCC1C3CCCCC3=CCC21,C[C@]12CCC(=O)C=C1CC[C@@H]1[C@@H]2[C@@H](O)C[C@@]2(C)[C@H]1CC[C@]2(O)C(=O)CO,1,O=C1C=C2CCC3C4CCCC4CCC3C2CC1,0.3235294117647059,1,0.7660437700193905
COc1cc(Cc2cnc(N)nc2N)cc(OC)c1OC,1,c1ccc(Cc2cncnc2)cc1,COc1ccc(CCN(C)CCC[C@@](C#N)(c2cc(OC)c(OC)c(OC)c2)C(C)C)cc1OC,1,c1ccc(CCCCNCCc2ccccc2)cc1,0.2343891402714932,1,0.6621346761063243
COc1cc(Cc2cnc(N)nc2N)cc(OC)c1OC,1,c1ccc(Cc2cncnc2)cc1,COc1ccc2nc([S@H](=O)Cc3ncc(C)c(OC)c3C)[nH]c2c1,1,O=[SH](Cc1ccccn1)c1nc2ccccc2[nH]1,0.21655773420479302,1,0.7086174649228667
COc1cc(Cc2cnc(N)nc2N)cc(OC)c1OC,1,c1ccc(Cc2cncnc2)cc1,COc1ccnc(C[S@H](=O)c2nc3ccc(OC(F)F)cc3[nH]2)c1OC,1,O=[SH](Cc1ccccn1)c1nc2ccccc2[nH]1,0.21149425287356324,1,0.8015082046300586
COc1cc(Cc2cnc(N)nc2N)cc(OC)c1OC,1,c1ccc(Cc2cncnc2)cc1,CCN(CC)CCNC(=O)c1cc(Cl)c(N)cc1OC,1,c1ccccc1,0.20336134453781513,1,0.7424742152593289
CC(C)NC[C@H](O)COc1cccc2[nH]ccc12,0,c1ccc2[nH]ccc2c1,COc1ccccc1OCCNC[C@H](O)COc1cccc2[nH]c3ccccc3c12,1,c1ccc(OCCNCCCOc2cccc3[nH]c4ccccc4c23)cc1,0.4381362007168459,0,0.11920814029337153
CC(C)NC[C@H](O)COc1cccc2[nH]ccc12,0,c1ccc2[nH]ccc2c1,CC(C)NC[C@H](O)COc1ccc(COCCOC(C)C)cc1,1,c1ccccc1,0.4023889511011572,0,0.0918530178453191
CC(C)NC[C@H](O)COc1cccc2[nH]ccc12,0,c1ccc2[nH]ccc2c1,CCCNC[C@H](O)COc1ccccc1C(=O)CCc1ccccc1,1,O=C(CCc1ccccc1)c1ccccc1,0.33163265306122447,0,0.1265130496995944
CC(C)NC[C@H](O)COc1cccc2[nH]ccc12,0,c1ccc2[nH]ccc2c1,CCOc1ccccc1OCCN[C@H](C)Cc1ccc(OC)c(S(N)(=O)=O)c1,1,c1ccc(CCNCCOc2ccccc2)cc1,0.21061061061061062,0,0.22870286503778312
CCCCC/N=C(\N)N/N=C\c1c[nH]c2ccc(CO)cc12,0,c1ccc2[nH]ccc2c1,CN(C)CCc1c[nH]c2ccc(CS(=O)(=O)N3CCCC3)cc12,1,O=S(=O)(Cc1ccc2[nH]ccc2c1)N1CCCC1,0.242140618002687,0,0.3583458732123916
CCCCC/N=C(\N)N/N=C\c1c[nH]c2ccc(CO)cc12,0,c1ccc2[nH]ccc2c1,CN1CCC[C@@H]1Cc1c[nH]c2ccc(CCS(=O)(=O)c3ccccc3)cc12,1,O=S(=O)(CCc1ccc2[nH]cc(CC3CCCN3)c2c1)c1ccccc1,0.2294930875576037,0,0.18474941413174184
CCCCC/N=C(\N)N/N=C\c1c[nH]c2ccc(CO)cc12,0,c1ccc2[nH]ccc2c1,C[C@H](CO)NC(=O)[C@@H]1C=C2c3cccc4[nH]cc(c34)C[C@H]2N(C)C1,1,C1=C2c3cccc4[nH]cc(c34)CC2NCC1,0.19974025974025977,0,0.3918530172503834
CCCCC/N=C(\N)N/N=C\c1c[nH]c2ccc(CO)cc12,0,c1ccc2[nH]ccc2c1,CCCCc1nc(Cl)c(CO)n1Cc1ccc(-c2ccccc2-c2nnn[nH]2)cc1,1,c1ccc(-c2nnn[nH]2)c(-c2ccc(Cn3ccnc3)cc2)c1,0.1911688311688312,0,0.08250307321919353
COCc1c(C(C)C)nc(C(C)C)c(/C=C\[C@@H](O)C[C@@H](O)CC(=O)O)c1-c1ccc(F)cc1,1,c1ccc(-c2ccncc2)cc1,CC(C)c1c(C(=O)Nc2ccccc2)c(-c2ccccc2)c(-c2ccc(F)cc2)n1CC[C@@H](O)C[C@@H](O)CC(=O)O,1,O=C(Nc1ccccc1)c1c[nH]c(-c2ccccc2)c1-c1ccccc1,0.3720553857219925,1,0.8614285770893949
COCc1c(C(C)C)nc(C(C)C)c(/C=C\[C@@H](O)C[C@@H](O)CC(=O)O)c1-c1ccc(F)cc1,1,c1ccc(-c2ccncc2)cc1,CC[C@H](C)C(=O)O[C@H]1C[C@H](O)C=C2C=C[C@H](C)[C@H](CC[C@@H](O)C[C@@H](O)CC(=O)O)[C@H]21,1,C1=CC2=CCCCC2CC1,0.2223081882656351,1,0.9043318148087404
COCc1c(C(C)C)nc(C(C)C)c(/C=C\[C@@H](O)C[C@@H](O)CC(=O)O)c1-c1ccc(F)cc1,1,c1ccc(-c2ccncc2)cc1,COCC(=O)O[C@]1(CCN(C)CCCc2nc3ccccc3[nH]2)CCc2cc(F)ccc2[C@@H]1C(C)C,1,c1ccc2c(c1)CCC(CCNCCCc1nc3ccccc3[nH]1)C2,0.19285403050108932,1,0.827263828718009
COCc1c(C(C)C)nc(C(C)C)c(/C=C\[C@@H](O)C[C@@H](O)CC(=O)O)c1-c1ccc(F)cc1,1,c1ccc(-c2ccncc2)cc1,C[C@@H](c1ncncc1F)[C@](O)(Cn1cncn1)c1ccc(F)cc1F,1,c1ccc(C(Cc2ccncn2)Cn2cncn2)cc1,0.1885628039577394,1,0.8338947007854627
Cc1oncc1C(=O)Nc1ccc(C(F)(F)F)cc1,1,O=C(Nc1ccccc1)c1cnoc1,CC(C)C(=O)Nc1ccc([N+](=O)[O-])c(C(F)(F)F)c1,1,c1ccccc1,0.27507836990595613,1,0.7029566452915327
Cc1oncc1C(=O)Nc1ccc(C(F)(F)F)cc1,1,O=C(Nc1ccccc1)c1cnoc1,CC(=O)Nc1ccc(O)cc1,1,c1ccccc1,0.2722358722358722,1,0.720815611217406
Cc1oncc1C(=O)Nc1ccc(C(F)(F)F)cc1,1,O=C(Nc1ccccc1)c1cnoc1,CCOc1ccc(NC(C)=O)cc1,1,c1ccccc1,0.24463157894736842,1,0.56871073140955
Cc1oncc1C(=O)Nc1ccc(C(F)(F)F)cc1,1,O=C(Nc1ccccc1)c1cnoc1,Cc1ccc(NC(=O)c2ccc(CN3CCN(C)CC3)cc2)cc1Nc1nccc(-c2cccnc2)n1,1,O=C(Nc1cccc(Nc2nccc(-c3cccnc3)n2)c1)c1ccc(CN2CCNCC2)cc1,0.23087027914614122,1,0.7138672525405793
Nc1nc(=O)c(Br)c(-c2ccccc2)[nH]1,0,O=c1cc(-c2ccccc2)[nH]cn1,O=C1CN=C(c2ccccc2)c2cc(Cl)ccc2N1,1,O=C1CN=C(c2ccccc2)c2ccccc2N1,0.2102987421383648,0,0.26417142267078403
Nc1nc(=O)c(Br)c(-c2ccccc2)[nH]1,0,O=c1cc(-c2ccccc2)[nH]cn1,Cc1onc(-c2ccccc2)c1-c1ccc(S(N)(=O)=O)cc1,1,c1ccc(-c2conc2-c2ccccc2)cc1,0.20159329140461218,0,0.1763354493265301
Nc1nc(=O)c(Br)c(-c2ccccc2)[nH]1,0,O=c1cc(-c2ccccc2)[nH]cn1,Cc1ccccc1-n1c(C)nc2ccccc2c1=O,1,O=c1c2ccccc2ncn1-c1ccccc1,0.1947826086956522,0,0.3174253687886371
Nc1nc(=O)c(Br)c(-c2ccccc2)[nH]1,0,O=c1cc(-c2ccccc2)[nH]cn1,CN1C(=O)CN=C(c2ccccc2)c2cc(Cl)ccc21,1,O=C1CN=C(c2ccccc2)c2ccccc2N1,0.18757763975155278,0,0.24211803188881922
O=C(CCCN1CCC(O)(c2ccc(Cl)cc2)CC1)c1ccc(F)cc1,1,O=C(CCCN1CCC(c2ccccc2)CC1)c1ccccc1,O=C(CCCN1CCC(O)(c2ccc(Br)cc2)CC1)c1ccc(F)cc1,1,O=C(CCCN1CCC(c2ccccc2)CC1)c1ccccc1,0.8333333333333333,1,0.6994384591597337
O=C(CCCN1CCC(O)(c2ccc(Cl)cc2)CC1)c1ccc(F)cc1,1,O=C(CCCN1CCC(c2ccccc2)CC1)c1ccccc1,CC(C)(C)c1ccc(C(=O)CCCN2CCC(OC(c3ccccc3)c3ccccc3)CC2)cc1,1,O=C(CCCN1CCC(OC(c2ccccc2)c2ccccc2)CC1)c1ccccc1,0.34959349593495936,1,0.5543150035253213
O=C(CCCN1CCC(O)(c2ccc(Cl)cc2)CC1)c1ccc(F)cc1,1,O=C(CCCN1CCC(c2ccccc2)CC1)c1ccccc1,COc1cc(C(C)=O)ccc1OCCCN1CCC(c2noc3cc(F)ccc23)CC1,1,c1ccc(OCCCN2CCC(c3noc4ccccc34)CC2)cc1,0.27648371262829097,1,0.6689130440663353
O=C(CCCN1CCC(O)(c2ccc(Cl)cc2)CC1)c1ccc(F)cc1,1,O=C(CCCN1CCC(c2ccccc2)CC1)c1ccccc1,COc1cc(N)c(Cl)cc1C(=O)N[C@H]1CCN(CCCOc2ccc(F)cc2)C[C@H]1OC,1,O=C(NC1CCN(CCCOc2ccccc2)CC1)c1ccccc1,0.2529759558533701,1,0.6250727807977355
O=C(CCCN1CCC(O)(c2ccc(Br)cc2)CC1)c1ccc(F)cc1,1,O=C(CCCN1CCC(c2ccccc2)CC1)c1ccccc1,O=C(CCCN1CCC(O)(c2ccc(Cl)cc2)CC1)c1ccc(F)cc1,1,O=C(CCCN1CCC(c2ccccc2)CC1)c1ccccc1,0.8333333333333333,1,0.6683613471647483
O=C(CCCN1CCC(O)(c2ccc(Br)cc2)CC1)c1ccc(F)cc1,1,O=C(CCCN1CCC(c2ccccc2)CC1)c1ccccc1,CC(C)(C)c1ccc(C(=O)CCCN2CCC(OC(c3ccccc3)c3ccccc3)CC2)cc1,1,O=C(CCCN1CCC(OC(c2ccccc2)c2ccccc2)CC1)c1ccccc1,0.34959349593495936,1,0.5960023034007341
O=C(CCCN1CCC(O)(c2ccc(Br)cc2)CC1)c1ccc(F)cc1,1,O=C(CCCN1CCC(c2ccccc2)CC1)c1ccccc1,COc1cc(C(C)=O)ccc1OCCCN1CCC(c2noc3cc(F)ccc23)CC1,1,c1ccc(OCCCN2CCC(c3noc4ccccc34)CC2)cc1,0.27648371262829097,1,0.6779919869416103
O=C(CCCN1CCC(O)(c2ccc(Br)cc2)CC1)c1ccc(F)cc1,1,O=C(CCCN1CCC(c2ccccc2)CC1)c1ccccc1,COc1cc(N)c(Cl)cc1C(=O)N[C@H]1CCN(CCCOc2ccc(F)cc2)C[C@H]1OC,1,O=C(NC1CCN(CCCOc2ccccc2)CC1)c1ccccc1,0.23035439137134053,1,0.6615522551528368
O=C(CCCN1CCC(O)(c2cccc(C(F)(F)F)c2)CC1)c1ccc(F)cc1,0,O=C(CCCN1CCC(c2ccccc2)CC1)c1ccccc1,O=C(CCCN1CCC(O)(c2ccc(Br)cc2)CC1)c1ccc(F)cc1,1,O=C(CCCN1CCC(c2ccccc2)CC1)c1ccccc1,0.6789915966386555,1,0.5655878225482943
O=C(CCCN1CCC(O)(c2cccc(C(F)(F)F)c2)CC1)c1ccc(F)cc1,0,O=C(CCCN1CCC(c2ccccc2)CC1)c1ccccc1,O=C(CCCN1CCC(O)(c2ccc(Cl)cc2)CC1)c1ccc(F)cc1,1,O=C(CCCN1CCC(c2ccccc2)CC1)c1ccccc1,0.6789915966386555,1,0.54983714652397
O=C(CCCN1CCC(O)(c2cccc(C(F)(F)F)c2)CC1)c1ccc(F)cc1,0,O=C(CCCN1CCC(c2ccccc2)CC1)c1ccccc1,CC(C)(C)c1ccc(C(=O)CCCN2CCC(OC(c3ccccc3)c3ccccc3)CC2)cc1,1,O=C(CCCN1CCC(OC(c2ccccc2)c2ccccc2)CC1)c1ccccc1,0.3671497584541063,0,0.466079261188054
O=C(CCCN1CCC(O)(c2cccc(C(F)(F)F)c2)CC1)c1ccc(F)cc1,0,O=C(CCCN1CCC(c2ccccc2)CC1)c1ccccc1,COc1cc(C(C)=O)ccc1OCCCN1CCC(c2noc3cc(F)ccc23)CC1,1,c1ccc(OCCCN2CCC(c3noc4ccccc34)CC2)cc1,0.26666666666666666,1,0.5726138312126368
C1CCN2C[C@H]3C[C@H](CN4CCCC[C@@H]34)[C@H]2C1,0,C1CCN2CC3CC(CN4CCCCC34)C2C1,CN1CCC[C@H]1c1cccnc1,1,c1cncc(C2CCCN2)c1,0.18023255813953493,0,0.27511528501364585
C1CCN2C[C@H]3C[C@H](CN4CCCC[C@@H]34)[C@H]2C1,0,C1CCN2CC3CC(CN4CCCCC34)C2C1,C=C[C@H]1CN2CC[C@H]1C[C@@H]2[C@H](O)c1ccnc2ccc(OC)cc12,1,c1ccc2c(CC3CC4CCN3CC4)ccnc2c1,0.169,0,0.10683898570410966
C1CCN2C[C@H]3C[C@H](CN4CCCC[C@@H]34)[C@H]2C1,0,C1CCN2CC3CC(CN4CCCCC34)C2C1,O=C1[C@H]2CCCC[C@H]2C(=O)N1CCCCN1CCN(c2nsc3ccccc23)CC1,1,O=C1C2CCCCC2C(=O)N1CCCCN1CCN(c2nsc3ccccc23)CC1,0.15847457627118644,0,0.22974392672638175
C1CCN2C[C@H]3C[C@H](CN4CCCC[C@@H]34)[C@H]2C1,0,C1CCN2CC3CC(CN4CCCCC34)C2C1,COc1ccc(C(C)C)cc1CN[C@H]1C2CCN(CC2)[C@H]1C(c1ccccc1)c1ccccc1,1,c1ccc(CNC2C3CCN(CC3)C2C(c2ccccc2)c2ccccc2)cc1,0.15829787234042553,0,0.11181610077650404
CN(C)c1ccc([C@H]2C[C@@]3(C)[C@@H](CC[C@@]3(O)/C=C/CO)[C@@H]3CCC4=CC(=O)CCC4=C32)cc1,1,O=C1C=C2CCC3C(=C2CC1)C(c1ccccc1)CC1CCCC13,CN(C)c1ccc([C@H]2C[C@@]3(C)[C@@H](CC[C@]3(O)CCCO)[C@@H]3CCC4=CC(=O)CCC4=C32)cc1,1,O=C1C=C2CCC3C(=C2CC1)C(c1ccccc1)CC1CCCC13,0.7362318840579711,1,0.9265683963953257
CN(C)c1ccc([C@H]2C[C@@]3(C)[C@@H](CC[C@@]3(O)/C=C/CO)[C@@H]3CCC4=CC(=O)CCC4=C32)cc1,1,O=C1C=C2CCC3C(=C2CC1)C(c1ccccc1)CC1CCCC13,CC#C[C@]1(O)CC[C@H]2[C@@H]3CCC4=CC(=O)CCC4=C3[C@@H](c3ccc(N(C)C)cc3)C[C@@]21C,1,O=C1C=C2CCC3C(=C2CC1)C(c1ccccc1)CC1CCCC13,0.706146572104019,1,0.9098115094055929
CN(C)c1ccc([C@H]2C[C@@]3(C)[C@@H](CC[C@@]3(O)/C=C/CO)[C@@H]3CCC4=CC(=O)CCC4=C32)cc1,1,O=C1C=C2CCC3C(=C2CC1)C(c1ccccc1)CC1CCCC13,C[C@]12CCC(=O)C=C1CC[C@@H]1[C@@H]2[C@@H](O)C[C@@]2(C)[C@H]1CC[C@]2(O)C(=O)CO,1,O=C1C=C2CCC3C4CCCC4CCC3C2CC1,0.29966329966329963,1,0.8706444928946585
CN(C)c1ccc([C@H]2C[C@@]3(C)[C@@H](CC[C@@]3(O)/C=C/CO)[C@@H]3CCC4=CC(=O)CCC4=C32)cc1,1,O=C1C=C2CCC3C(=C2CC1)C(c1ccccc1)CC1CCCC13,C#C[C@]1(O)CC[C@H]2[C@@H]3CCC4=CC(=O)CC[C@@H]4[C@H]3CC[C@@]21CC,1,O=C1C=C2CCC3C4CCCC4CCC3C2CC1,0.2716783216783217,1,0.6864213340523176
CC#C[C@]1(O)CC[C@H]2[C@@H]3CCC4=CC(=O)CCC4=C3[C@@H](c3ccc(N(C)C)cc3)C[C@@]21C,1,O=C1C=C2CCC3C(=C2CC1)C(c1ccccc1)CC1CCCC13,CN(C)c1ccc([C@H]2C[C@@]3(C)[C@@H](CC[C@]3(O)CCCO)[C@@H]3CCC4=CC(=O)CCC4=C32)cc1,1,O=C1C=C2CCC3C(=C2CC1)C(c1ccccc1)CC1CCCC13,0.7173300673606859,1,0.929115656033303
CC#C[C@]1(O)CC[C@H]2[C@@H]3CCC4=CC(=O)CCC4=C3[C@@H](c3ccc(N(C)C)cc3)C[C@@]21C,1,O=C1C=C2CCC3C(=C2CC1)C(c1ccccc1)CC1CCCC13,CN(C)c1ccc([C@H]2C[C@@]3(C)[C@@H](CC[C@@]3(O)/C=C/CO)[C@@H]3CCC4=CC(=O)CCC4=C32)cc1,1,O=C1C=C2CCC3C(=C2CC1)C(c1ccccc1)CC1CCCC13,0.706146572104019,1,0.931384890148383
CC#C[C@]1(O)CC[C@H]2[C@@H]3CCC4=CC(=O)CCC4=C3[C@@H](c3ccc(N(C)C)cc3)C[C@@]21C,1,O=C1C=C2CCC3C(=C2CC1)C(c1ccccc1)CC1CCCC13,C#C[C@]1(O)CC[C@H]2[C@@H]3CCC4=CC(=O)CC[C@@H]4[C@H]3CC[C@@]21CC,1,O=C1C=C2CCC3C4CCCC4CCC3C2CC1,0.31556429800836,1,0.6680004098873106
CC#C[C@]1(O)CC[C@H]2[C@@H]3CCC4=CC(=O)CCC4=C3[C@@H](c3ccc(N(C)C)cc3)C[C@@]21C,1,O=C1C=C2CCC3C(=C2CC1)C(c1ccccc1)CC1CCCC13,C#C[C@]1(O)CC[C@H]2[C@@H]3CCC4=CC(=O)CC[C@@H]4[C@H]3C(=C)C[C@@]21CC,1,C=C1CC2CCCC2C2CCC3=CC(=O)CCC3C12,0.30915119363395227,1,0.7124219194514113
CN(C)c1ccc([C@H]2C[C@@]3(C)[C@@H](CC[C@]3(O)CCCO)[C@@H]3CCC4=CC(=O)CCC4=C32)cc1,1,O=C1C=C2CCC3C(=C2CC1)C(c1ccccc1)CC1CCCC13,CN(C)c1ccc([C@H]2C[C@@]3(C)[C@@H](CC[C@@]3(O)/C=C/CO)[C@@H]3CCC4=CC(=O)CCC4=C32)cc1,1,O=C1C=C2CCC3C(=C2CC1)C(c1ccccc1)CC1CCCC13,0.7362318840579711,1,0.933657802503458
CN(C)c1ccc([C@H]2C[C@@]3(C)[C@@H](CC[C@]3(O)CCCO)[C@@H]3CCC4=CC(=O)CCC4=C32)cc1,1,O=C1C=C2CCC3C(=C2CC1)C(c1ccccc1)CC1CCCC13,CC#C[C@]1(O)CC[C@H]2[C@@H]3CCC4=CC(=O)CCC4=C3[C@@H](c3ccc(N(C)C)cc3)C[C@@]21C,1,O=C1C=C2CCC3C(=C2CC1)C(c1ccccc1)CC1CCCC13,0.7173300673606859,1,0.9011785545083285
CN(C)c1ccc([C@H]2C[C@@]3(C)[C@@H](CC[C@]3(O)CCCO)[C@@H]3CCC4=CC(=O)CCC4=C32)cc1,1,O=C1C=C2CCC3C(=C2CC1)C(c1ccccc1)CC1CCCC13,C[C@]12CCC(=O)C=C1CC[C@@H]1[C@@H]2[C@@H](O)C[C@@]2(C)[C@H]1CC[C@]2(O)C(=O)CO,1,O=C1C=C2CCC3C4CCCC4CCC3C2CC1,0.3037085230969421,1,0.8432455455973114
CN(C)c1ccc([C@H]2C[C@@]3(C)[C@@H](CC[C@]3(O)CCCO)[C@@H]3CCC4=CC(=O)CCC4=C32)cc1,1,O=C1C=C2CCC3C(=C2CC1)C(c1ccccc1)CC1CCCC13,C#C[C@]1(O)CC[C@H]2[C@@H]3CCC4=CC(=O)CC[C@@H]4[C@H]3CC[C@@]21CC,1,O=C1C=C2CCC3C4CCCC4CCC3C2CC1,0.2754563894523327,1,0.6797509802885143
CN1CCC[C@H](n2nc(Cc3ccc(Cl)cc3)c3ccccc3c2=O)CC1,1,O=c1c2ccccc2c(Cc2ccccc2)nn1C1CCCNCC1,CN1[C@@H]2CCC[C@H]1CC(NC(=O)c1nn(C)c3ccccc13)C2,1,O=C(NC1CC2CCCC(C1)N2)c1n[nH]c2ccccc12,0.27696501590186284,1,0.9665090570118607
CN1CCC[C@H](n2nc(Cc3ccc(Cl)cc3)c3ccccc3c2=O)CC1,1,O=c1c2ccccc2c(Cc2ccccc2)nn1C1CCCNCC1,O=c1n(CCCN2CCN(c3cccc(Cl)c3)CC2)nc2ccccn12,1,O=c1n(CCCN2CCN(c3ccccc3)CC2)nc2ccccn12,0.24638798701298703,1,0.9295818372007041
CN1CCC[C@H](n2nc(Cc3ccc(Cl)cc3)c3ccccc3c2=O)CC1,1,O=c1c2ccccc2c(Cc2ccccc2)nn1C1CCCNCC1,CN1CCN(C2=Nc3cc(Cl)ccc3Nc3ccccc32)CC1,1,c1ccc2c(c1)N=C(N1CCNCC1)c1ccccc1N2,0.24462659380692167,1,0.8290293250743552
CN1CCC[C@H](n2nc(Cc3ccc(Cl)cc3)c3ccccc3c2=O)CC1,1,O=c1c2ccccc2c(Cc2ccccc2)nn1C1CCCNCC1,CN1CCC[C@@H]1Cc1c[nH]c2ccc(CCS(=O)(=O)c3ccccc3)cc12,1,O=S(=O)(CCc1ccc2[nH]cc(CC3CCCN3)c2c1)c1ccccc1,0.243684710351377,1,0.882087994718829
CC1=C(C)C(=O)C([C@@H](CCCCCC(=O)O)c2ccccc2)=C(C)C1=O,1,O=C1C=CC(=O)C(Cc2ccccc2)=C1,CC(=O)C[C@@H](c1ccccc1)c1c(O)c2ccccc2oc1=O,1,O=c1oc2ccccc2cc1Cc1ccccc1,0.2859943977591036,1,0.721804093732874
CC1=C(C)C(=O)C([C@@H](CCCCCC(=O)O)c2ccccc2)=C(C)C1=O,1,O=C1C=CC(=O)C(Cc2ccccc2)=C1,NC(=O)OCC(COC(N)=O)c1ccccc1,1,c1ccccc1,0.2777777777777778,1,0.5228328872843305
CC1=C(C)C(=O)C([C@@H](CCCCCC(=O)O)c2ccccc2)=C(C)C1=O,1,O=C1C=CC(=O)C(Cc2ccccc2)=C1,CC(=O)C[C@@H](c1ccc([N+](=O)[O-])cc1)c1c(O)c2ccccc2oc1=O,1,O=c1oc2ccccc2cc1Cc1ccccc1,0.2312275295326143,1,0.7353032961946392
CC1=C(C)C(=O)C([C@@H](CCCCCC(=O)O)c2ccccc2)=C(C)C1=O,1,O=C1C=CC(=O)C(Cc2ccccc2)=C1,COC(=O)[C@H](c1ccccc1)[C@H]1CCCCN1,1,c1ccc(CC2CCCCN2)cc1,0.2308166409861325,1,0.5287991667048032
C/C=C/C[C@@H](C)[C@@H](O)[C@H]1C(=O)N[C@@H](CC)C(=O)N(C)CC(=O)N(C)[C@@H](CC(C)C)C(=O)N[C@H](C(C)C)C(=O)N(C)[C@@H](CC(C)C)C(=O)N[C@@H](C)C(=O)N[C@H](C)C(=O)N(C)[C@@H](CC(C)C)C(=O)N(C)[C@@H](CC(C)C)C(=O)N(C)[C@@H](C(C)C)C(=O)N1C,1,O=C1CNC(=O)CNC(=O)CNC(=O)CNC(=O)CNC(=O)CNC(=O)CNC(=O)CNC(=O)CNC(=O)CNC(=O)CN1,C/C=C/C[C@@H](C)C(=O)[C@H]1C(=O)N[C@@H](C(C)C)C(=O)N(C)CC(=O)N(C)[C@@H](CC(C)C)C(=O)N[C@H](C(C)C)C(=O)N(C)[C@@H](CC(C)C)C(=O)N[C@@H](C)C(=O)N[C@H](C)C(=O)N(C)[C@@H](CC(C)C)C(=O)N(C)[C@@H](CC(C)C)C(=O)N(C)[C@@H](C(C)C)C(=O)N1C,1,O=C1CNC(=O)CNC(=O)CNC(=O)CNC(=O)CNC(=O)CNC(=O)CNC(=O)CNC(=O)CNC(=O)CNC(=O)CN1,0.7134336525307797,1,0.9332470156161068
C/C=C/C[C@@H](C)[C@@H](O)[C@H]1C(=O)N[C@@H](CC)C(=O)N(C)CC(=O)N(C)[C@@H](CC(C)C)C(=O)N[C@H](C(C)C)C(=O)N(C)[C@@H](CC(C)C)C(=O)N[C@@H](C)C(=O)N[C@H](C)C(=O)N(C)[C@@H](CC(C)C)C(=O)N(C)[C@@H](CC(C)C)C(=O)N(C)[C@@H](C(C)C)C(=O)N1C,1,O=C1CNC(=O)CNC(=O)CNC(=O)CNC(=O)CNC(=O)CNC(=O)CNC(=O)CNC(=O)CNC(=O)CNC(=O)CN1,CN1CC(=O)N2[C@H](c3ccc4c(c3)OCO4)c3[nH]c4ccccc4c3C[C@@H]2C1=O,1,O=C1NCC(=O)N2C1Cc1c([nH]c3ccccc13)C2c1ccc2c(c1)OCO2,0.1438298918387414,1,0.9628427419905976
C/C=C/C[C@@H](C)[C@@H](O)[C@H]1C(=O)N[C@@H](CC)C(=O)N(C)CC(=O)N(C)[C@@H](CC(C)C)C(=O)N[C@H](C(C)C)C(=O)N(C)[C@@H](CC(C)C)C(=O)N[C@@H](C)C(=O)N[C@H](C)C(=O)N(C)[C@@H](CC(C)C)C(=O)N(C)[C@@H](CC(C)C)C(=O)N(C)[C@@H](C(C)C)C(=O)N1C,1,O=C1CNC(=O)CNC(=O)CNC(=O)CNC(=O)CNC(=O)CNC(=O)CNC(=O)CNC(=O)CNC(=O)CNC(=O)CN1,Cc1cccc(C)c1OCC(=O)N[C@@H](Cc1ccccc1)[C@@H](O)C[C@H](Cc1ccccc1)NC(=O)[C@H](C(C)C)N1CCCNC1=O,1,O=C(COc1ccccc1)NC(CCC(Cc1ccccc1)NC(=O)CN1CCCNC1=O)Cc1ccccc1,0.12814994793474488,1,0.9977008340434457
C/C=C/C[C@@H](C)[C@@H](O)[C@H]1C(=O)N[C@@H](CC)C(=O)N(C)CC(=O)N(C)[C@@H](CC(C)C)C(=O)N[C@H](C(C)C)C(=O)N(C)[C@@H](CC(C)C)C(=O)N[C@@H](C)C(=O)N[C@H](C)C(=O)N(C)[C@@H](CC(C)C)C(=O)N(C)[C@@H](CC(C)C)C(=O)N(C)[C@@H](C(C)C)C(=O)N1C,1,O=C1CNC(=O)CNC(=O)CNC(=O)CNC(=O)CNC(=O)CNC(=O)CNC(=O)CNC(=O)CNC(=O)CNC(=O)CN1,CN1C[C@H](C(=O)N[C@]2(C)O[C@@]3(O)[C@@H]4CCCN4C(=O)[C@H](Cc4ccccc4)N3C2=O)C[C@@H]2c3cccc4[nH]cc(c34)C[C@H]21,1,O=C(NC1OC2C3CCCN3C(=O)C(Cc3ccccc3)N2C1=O)C1CNC2Cc3c[nH]c4cccc(c34)C2C1,0.12631229235880398,1,0.9930938763844823
C/C=C/C[C@@H](C)C(=O)[C@H]1C(=O)N[C@@H](C(C)C)C(=O)N(C)CC(=O)N(C)[C@@H](CC(C)C)C(=O)N[C@H](C(C)C)C(=O)N(C)[C@@H](CC(C)C)C(=O)N[C@@H](C)C(=O)N[C@H](C)C(=O)N(C)[C@@H](CC(C)C)C(=O)N(C)[C@@H](CC(C)C)C(=O)N(C)[C@@H](C(C)C)C(=O)N1C,1,O=C1CNC(=O)CNC(=O)CNC(=O)CNC(=O)CNC(=O)CNC(=O)CNC(=O)CNC(=O)CNC(=O)CNC(=O)CN1,C/C=C/C[C@@H](C)[C@@H](O)[C@H]1C(=O)N[C@@H](CC)C(=O)N(C)CC(=O)N(C)[C@@H](CC(C)C)C(=O)N[C@H](C(C)C)C(=O)N(C)[C@@H](CC(C)C)C(=O)N[C@@H](C)C(=O)N[C@H](C)C(=O)N(C)[C@@H](CC(C)C)C(=O)N(C)[C@@H](CC(C)C)C(=O)N(C)[C@@H](C(C)C)C(=O)N1C,1,O=C1CNC(=O)CNC(=O)CNC(=O)CNC(=O)CNC(=O)CNC(=O)CNC(=O)CNC(=O)CNC(=O)CNC(=O)CN1,0.7134336525307797,1,0.9281529125991088
C/C=C/C[C@@H](C)C(=O)[C@H]1C(=O)N[C@@H](C(C)C)C(=O)N(C)CC(=O)N(C)[C@@H](CC(C)C)C(=O)N[C@H](C(C)C)C(=O)N(C)[C@@H](CC(C)C)C(=O)N[C@@H](C)C(=O)N[C@H](C)C(=O)N(C)[C@@H](CC(C)C)C(=O)N(C)[C@@H](CC(C)C)C(=O)N(C)[C@@H](C(C)C)C(=O)N1C,1,O=C1CNC(=O)CNC(=O)CNC(=O)CNC(=O)CNC(=O)CNC(=O)CNC(=O)CNC(=O)CNC(=O)CNC(=O)CN1,CN1CC(=O)N2[C@H](c3ccc4c(c3)OCO4)c3[nH]c4ccccc4c3C[C@@H]2C1=O,1,O=C1NCC(=O)N2C1Cc1c([nH]c3ccccc13)C2c1ccc2c(c1)OCO2,0.14293706293706293,1,0.9542942979160757
C/C=C/C[C@@H](C)C(=O)[C@H]1C(=O)N[C@@H](C(C)C)C(=O)N(C)CC(=O)N(C)[C@@H](CC(C)C)C(=O)N[C@H](C(C)C)C(=O)N(C)[C@@H](CC(C)C)C(=O)N[C@@H](C)C(=O)N[C@H](C)C(=O)N(C)[C@@H](CC(C)C)C(=O)N(C)[C@@H](CC(C)C)C(=O)N(C)[C@@H](C(C)C)C(=O)N1C,1,O=C1CNC(=O)CNC(=O)CNC(=O)CNC(=O)CNC(=O)CNC(=O)CNC(=O)CNC(=O)CNC(=O)CNC(=O)CN1,CN1C[C@H](C(=O)N[C@]2(C)O[C@@]3(O)[C@@H]4CCCN4C(=O)[C@H](Cc4ccccc4)N3C2=O)C[C@@H]2c3cccc4[nH]cc(c34)C[C@H]21,1,O=C(NC1OC2C3CCCN3C(=O)C(Cc3ccccc3)N2C1=O)C1CNC2Cc3c[nH]c4cccc(c34)C2C1,0.13956145199926295,1,0.9914120652962667
C/C=C/C[C@@H](C)C(=O)[C@H]1C(=O)N[C@@H](C(C)C)C(=O)N(C)CC(=O)N(C)[C@@H](CC(C)C)C(=O)N[C@H](C(C)C)C(=O)N(C)[C@@H](CC(C)C)C(=O)N[C@@H](C)C(=O)N[C@H](C)C(=O)N(C)[C@@H](CC(C)C)C(=O)N(C)[C@@H](CC(C)C)C(=O)N(C)[C@@H](C(C)C)C(=O)N1C,1,O=C1CNC(=O)CNC(=O)CNC(=O)CNC(=O)CNC(=O)CNC(=O)CNC(=O)CNC(=O)CNC(=O)CNC(=O)CN1,C[C@H](CO)NC(=O)[C@@H]1C=C2c3cccc4[nH]cc(c34)C[C@H]2N(C)C1,1,C1=C2c3cccc4[nH]cc(c34)CC2NCC1,0.13470371780230936,1,0.9819892420417671
CCN(CC)CCCN(c1ccccc1)C1Cc2ccccc2C1,0,c1ccc(NC2Cc3ccccc3C2)cc1,CN(C)CCC=C1c2ccccc2CCc2ccccc21,1,C=C1c2ccccc2CCc2ccccc21,0.26814058956916104,0,0.38529000949067377
CCN(CC)CCCN(c1ccccc1)C1Cc2ccccc2C1,0,c1ccc(NC2Cc3ccccc3C2)cc1,CCN(CC)CC(=O)Nc1c(C)cccc1C,1,c1ccccc1,0.25377777777777777,0,0.19713936036658664
CCN(CC)CCCN(c1ccccc1)C1Cc2ccccc2C1,0,c1ccc(NC2Cc3ccccc3C2)cc1,CN(C)CC/C=C1/c2ccccc2COc2ccccc21,1,C=C1c2ccccc2COc2ccccc21,0.2412121212121212,0,0.25655102233170785
CCN(CC)CCCN(c1ccccc1)C1Cc2ccccc2C1,0,c1ccc(NC2Cc3ccccc3C2)cc1,CCCCc1oc2ccccc2c1C(=O)c1cc(I)c(OCCN(CC)CC)c(I)c1,1,O=C(c1ccccc1)c1coc2ccccc12,0.23324675324675326,0,0.012167421355146587
CN(C)CCC=C1c2ccccc2C=Cc2ccccc21,1,C=C1c2ccccc2C=Cc2ccccc21,CN(C)CCC=C1c2ccccc2CCc2ccccc21,1,C=C1c2ccccc2CCc2ccccc21,0.6548571428571429,1,0.6974735987247618
CN(C)CCC=C1c2ccccc2C=Cc2ccccc21,1,C=C1c2ccccc2C=Cc2ccccc21,CN(C)CC/C=C1/c2ccccc2COc2ccccc21,1,C=C1c2ccccc2COc2ccccc21,0.5480182926829269,1,0.7059890495692189
CN(C)CCC=C1c2ccccc2C=Cc2ccccc21,1,C=C1c2ccccc2C=Cc2ccccc21,CN(C)CC/C=C1\c2ccccc2COc2ccc(CC(=O)O)cc21,1,C=C1c2ccccc2COc2ccccc21,0.41640211640211644,1,0.7461678832950825
CN(C)CCC=C1c2ccccc2C=Cc2ccccc21,1,C=C1c2ccccc2C=Cc2ccccc21,CNCCC=C1c2ccccc2CCc2ccccc21,1,C=C1c2ccccc2CCc2ccccc21,0.36071428571428577,1,0.7791839739985906
CCN[C@H]1C[C@H](C)S(=O)(=O)c2sc(S(N)(=O)=O)cc21,1,O=S1(=O)CCCc2ccsc21,CCN[C@H]1CN(CCCOC)S(=O)(=O)c2sc(S(N)(=O)=O)cc21,1,O=S1(=O)NCCc2ccsc21,0.5888983050847458,1,0.7598082028437023
CCN[C@H]1C[C@H](C)S(=O)(=O)c2sc(S(N)(=O)=O)cc21,1,O=S1(=O)CCCc2ccsc21,CCOc1ccccc1OCCN[C@H](C)Cc1ccc(OC)c(S(N)(=O)=O)c1,1,c1ccc(CCNCCOc2ccccc2)cc1,0.18499025341130604,1,0.545147421908968
CCN[C@H]1C[C@H](C)S(=O)(=O)c2sc(S(N)(=O)=O)cc21,1,O=S1(=O)CCCc2ccsc21,CN[C@H]1CC[C@@H](c2ccc(Cl)c(Cl)c2)c2ccccc21,1,c1ccc(C2CCCc3ccccc32)cc1,0.16666666666666669,1,0.7836856507787376
CCN[C@H]1C[C@H](C)S(=O)(=O)c2sc(S(N)(=O)=O)cc21,1,O=S1(=O)CCCc2ccsc21,CCOP(=S)(OCC)Oc1nc(Cl)c(Cl)cc1Cl,1,c1ccncc1,0.1625200900032144,1,0.6808981100311272
CCCN1C[C@H](CSC)C[C@@H]2c3cccc4[nH]cc(c34)C[C@H]21,0,c1cc2c3c(c[nH]c3c1)CC1NCCCC21,CCN(CC)C(=O)N[C@H]1C[C@@H]2c3cccc4[nH]cc(c34)C[C@H]2N(C)C1,1,c1cc2c3c(c[nH]c3c1)CC1NCCCC21,0.49371980676328503,0,0.4677027781174244
CCCN1C[C@H](CSC)C[C@@H]2c3cccc4[nH]cc(c34)C[C@H]21,0,c1cc2c3c(c[nH]c3c1)CC1NCCCC21,CN1C[C@H](C(=O)N[C@]2(C)O[C@@]3(O)[C@@H]4CCCN4C(=O)[C@H](Cc4ccccc4)N3C2=O)C[C@@H]2c3cccc4[nH]cc(c34)C[C@H]21,1,O=C(NC1OC2C3CCCN3C(=O)C(Cc3ccccc3)N2C1=O)C1CNC2Cc3c[nH]c4cccc(c34)C2C1,0.367895217788608,1,0.5670406497429467
CCCN1C[C@H](CSC)C[C@@H]2c3cccc4[nH]cc(c34)C[C@H]21,0,c1cc2c3c(c[nH]c3c1)CC1NCCCC21,CCN(CC)C(=O)N[C@H]1C=C2c3cccc4[nH]cc(c34)C[C@H]2N(C)C1,1,C1=C2c3cccc4[nH]cc(c34)CC2NCC1,0.34641025641025647,1,0.5243200617110078
CCCN1C[C@H](CSC)C[C@@H]2c3cccc4[nH]cc(c34)C[C@H]21,0,c1cc2c3c(c[nH]c3c1)CC1NCCCC21,C[C@H](CO)NC(=O)[C@@H]1C=C2c3cccc4[nH]cc(c34)C[C@H]2N(C)C1,1,C1=C2c3cccc4[nH]cc(c34)CC2NCC1,0.3270967741935484,1,0.5793395583698913
CCN(CC)C(=O)N[C@H]1C[C@@H]2c3cccc4[nH]cc(c34)C[C@H]2N(C)C1,1,c1cc2c3c(c[nH]c3c1)CC1NCCCC21,CCN(CC)C(=O)N[C@H]1C=C2c3cccc4[nH]cc(c34)C[C@H]2N(C)C1,1,C1=C2c3cccc4[nH]cc(c34)CC2NCC1,0.5965797101449276,1,0.75869105586839
CCN(CC)C(=O)N[C@H]1C[C@@H]2c3cccc4[nH]cc(c34)C[C@H]2N(C)C1,1,c1cc2c3c(c[nH]c3c1)CC1NCCCC21,CN1C[C@H](C(=O)N[C@]2(C)O[C@@]3(O)[C@@H]4CCCN4C(=O)[C@H](Cc4ccccc4)N3C2=O)C[C@@H]2c3cccc4[nH]cc(c34)C[C@H]21,1,O=C(NC1OC2C3CCCN3C(=O)C(Cc3ccccc3)N2C1=O)C1CNC2Cc3c[nH]c4cccc(c34)C2C1,0.4388461538461539,1,0.7618415007084494
CCN(CC)C(=O)N[C@H]1C[C@@H]2c3cccc4[nH]cc(c34)C[C@H]2N(C)C1,1,c1cc2c3c(c[nH]c3c1)CC1NCCCC21,C[C@H](CO)NC(=O)[C@@H]1C=C2c3cccc4[nH]cc(c34)C[C@H]2N(C)C1,1,C1=C2c3cccc4[nH]cc(c34)CC2NCC1,0.4186708860759494,1,0.5924097574626438
CCN(CC)C(=O)N[C@H]1C[C@@H]2c3cccc4[nH]cc(c34)C[C@H]2N(C)C1,1,c1cc2c3c(c[nH]c3c1)CC1NCCCC21,CN1C[C@H](C(=O)N[C@]2(C)O[C@@]3(O)[C@@H]4CCCN4C(=O)[C@H](Cc4ccccc4)N3C2=O)C=C2c3cccc4[nH]cc(c34)C[C@H]21,1,O=C(NC1OC2C3CCCN3C(=O)C(Cc3ccccc3)N2C1=O)C1C=C2c3cccc4[nH]cc(c34)CC2NC1,0.32144192256341786,1,0.715248794889614
Cc1ccnc2c1NC(=O)c1cccnc1N2C1CC1,1,O=C1Nc2cccnc2N(C2CC2)c2ncccc21,O=C1CN=C(c2ccccn2)c2cc(Br)ccc2N1,1,O=C1CN=C(c2ccccn2)c2ccccc2N1,0.222527158376215,1,0.7371965118038004
Cc1ccnc2c1NC(=O)c1cccnc1N2C1CC1,1,O=C1Nc2cccnc2N(C2CC2)c2ncccc21,CN1CCC[C@H]1c1cccnc1,1,c1cncc(C2CCCN2)c1,0.21551724137931033,1,0.6684152847073953
Cc1ccnc2c1NC(=O)c1cccnc1N2C1CC1,1,O=C1Nc2cccnc2N(C2CC2)c2ncccc21,CN1CCN2c3ccccc3Cc3cccnc3[C@@H]2C1,1,c1ccc2c(c1)Cc1cccnc1C1CNCCN21,0.20528301886792455,1,0.7076779602589032
Cc1ccnc2c1NC(=O)c1cccnc1N2C1CC1,1,O=C1Nc2cccnc2N(C2CC2)c2ncccc21,Cc1nccn1C[C@H]1CCc2c(c3ccccc3n2C)C1=O,1,O=C1c2c([nH]c3ccccc23)CCC1Cn1ccnc1,0.20395480225988702,1,0.77603024544655
CCCSc1ccc2nc(NC(=O)OC)[nH]c2c1,1,c1ccc2[nH]cnc2c1,COc1ccc2nc([S@H](=O)Cc3ncc(C)c(OC)c3C)[nH]c2c1,1,O=[SH](Cc1ccccn1)c1nc2ccccc2[nH]1,0.2867924528301887,1,0.6452233810895474
CCCSc1ccc2nc(NC(=O)OC)[nH]c2c1,1,c1ccc2[nH]cnc2c1,COc1ccnc(C[S@H](=O)c2nc3ccc(OC(F)F)cc3[nH]2)c1OC,1,O=[SH](Cc1ccccn1)c1nc2ccccc2[nH]1,0.28214285714285714,1,0.8025499713030869
CCCSc1ccc2nc(NC(=O)OC)[nH]c2c1,1,c1ccc2[nH]cnc2c1,COCCCOc1ccnc(C[S@@H](=O)c2nc3ccccc3[nH]2)c1C,1,O=[SH](Cc1ccccn1)c1nc2ccccc2[nH]1,0.259952380952381,1,0.6260073322866875
CCCSc1ccc2nc(NC(=O)OC)[nH]c2c1,1,c1ccc2[nH]cnc2c1,CCOc1ccc(NC(C)=O)cc1,1,c1ccccc1,0.23189368770764118,1,0.6136845553854412
N[C@@H](Cc1cc(I)c(Oc2ccc(O)c(I)c2)c(I)c1)C(=O)O,0,c1ccc(Oc2ccccc2)cc1,CC(C)(Oc1ccc(Cl)cc1)C(=O)O,1,c1ccccc1,0.21037037037037037,0,0.2141609658414278
N[C@@H](Cc1cc(I)c(Oc2ccc(O)c(I)c2)c(I)c1)C(=O)O,0,c1ccc(Oc2ccccc2)cc1,CC(C)(Oc1ccc(CCNC(=O)c2ccc(Cl)cc2)cc1)C(=O)O,1,O=C(NCCc1ccccc1)c1ccccc1,0.2041394335511983,0,0.32029676907011034
N[C@@H](Cc1cc(I)c(Oc2ccc(O)c(I)c2)c(I)c1)C(=O)O,0,c1ccc(Oc2ccccc2)cc1,O=C(O)c1ccccc1O,1,c1ccccc1,0.20116279069767445,0,0.17715671356562476
N[C@@H](Cc1cc(I)c(Oc2ccc(O)c(I)c2)c(I)c1)C(=O)O,0,c1ccc(Oc2ccccc2)cc1,CCCCc1oc2ccccc2c1C(=O)c1cc(I)c(OCCN(CC)CC)c(I)c1,1,O=C(c1ccccc1)c1coc2ccccc12,0.1976352006202753,0,0.04465894887972726
Clc1ccc([C@@H](Cn2ccnc2)OCc2c(Cl)cccc2Cl)c(Cl)c1,0,c1ccc(COC(Cn2ccnc2)c2ccccc2)cc1,Clc1ccc(CO[C@@H](Cn2ccnc2)c2ccc(Cl)cc2Cl)c(Cl)c1,1,c1ccc(COC(Cn2ccnc2)c2ccccc2)cc1,0.7869387755102041,0,0.47677480136138084
Clc1ccc([C@@H](Cn2ccnc2)OCc2c(Cl)cccc2Cl)c(Cl)c1,0,c1ccc(COC(Cn2ccnc2)c2ccccc2)cc1,CC(=O)N1CCN(c2ccc(OC[C@H]3CO[C@](Cn4ccnc4)(c4ccc(Cl)cc4Cl)O3)cc2)CC1,1,c1ccc(C2(Cn3ccnc3)OCC(COc3ccc(N4CCNCC4)cc3)O2)cc1,0.3001490312965723,0,0.296521589750542
Clc1ccc([C@@H](Cn2ccnc2)OCc2c(Cl)cccc2Cl)c(Cl)c1,0,c1ccc(COC(Cn2ccnc2)c2ccccc2)cc1,Cc1nnc2n1-c1ccc(Cl)cc1C(c1ccccc1Cl)=NC2,1,c1ccc(C2=NCc3nncn3-c3ccccc32)cc1,0.22670639219934993,0,0.4826515677105081
Clc1ccc([C@@H](Cn2ccnc2)OCc2c(Cl)cccc2Cl)c(Cl)c1,0,c1ccc(COC(Cn2ccnc2)c2ccccc2)cc1,C[C@@H](NC(C)(C)C)C(=O)c1cccc(Cl)c1,1,c1ccccc1,0.2065217391304348,0,0.33952577092616126
Clc1ccc(CO[C@@H](Cn2ccnc2)c2ccc(Cl)cc2Cl)c(Cl)c1,1,c1ccc(COC(Cn2ccnc2)c2ccccc2)cc1,CC(=O)N1CCN(c2ccc(OC[C@H]3CO[C@](Cn4ccnc4)(c4ccc(Cl)cc4Cl)O3)cc2)CC1,1,c1ccc(C2(Cn3ccnc3)OCC(COc3ccc(N4CCNCC4)cc3)O2)cc1,0.31139140717382735,0,0.2827492222015025
Clc1ccc(CO[C@@H](Cn2ccnc2)c2ccc(Cl)cc2Cl)c(Cl)c1,1,c1ccc(COC(Cn2ccnc2)c2ccccc2)cc1,Cc1nnc2n1-c1ccc(Cl)cc1C(c1ccccc1Cl)=NC2,1,c1ccc(C2=NCc3nncn3-c3ccccc32)cc1,0.20032502708559047,0,0.482416503957191
Clc1ccc(CO[C@@H](Cn2ccnc2)c2ccc(Cl)cc2Cl)c(Cl)c1,1,c1ccc(COC(Cn2ccnc2)c2ccccc2)cc1,CCN(CC)CCC[C@H](C)Nc1ccnc2cc(Cl)ccc12,1,c1ccc2ncccc2c1,0.1928436911487759,1,0.7526253781217687
Clc1ccc(CO[C@@H](Cn2ccnc2)c2ccc(Cl)cc2Cl)c(Cl)c1,1,c1ccc(COC(Cn2ccnc2)c2ccccc2)cc1,CC[C@H](C)n1ncn(-c2ccc(N3CCN(c4ccc(OC[C@H]5CO[C@](Cn6cncn6)(c6ccc(Cl)cc6Cl)O5)cc4)CC3)cc2)c1=O,1,O=c1[nH]ncn1-c1ccc(N2CCN(c3ccc(OCC4COC(Cn5cncn5)(c5ccccc5)O4)cc3)CC2)cc1,0.19252782193958667,1,0.8597268823169266
Clc1ccc(CO[C@@H](Cn2ccnc2)c2ccc(Cl)cc2Cl)cc1,0,c1ccc(COC(Cn2ccnc2)c2ccccc2)cc1,Clc1ccc(CO[C@@H](Cn2ccnc2)c2ccc(Cl)cc2Cl)c(Cl)c1,1,c1ccc(COC(Cn2ccnc2)c2ccccc2)cc1,0.8180225281602003,0,0.4457768678980524
Clc1ccc(CO[C@@H](Cn2ccnc2)c2ccc(Cl)cc2Cl)cc1,0,c1ccc(COC(Cn2ccnc2)c2ccccc2)cc1,CC(=O)N1CCN(c2ccc(OC[C@H]3CO[C@](Cn4ccnc4)(c4ccc(Cl)cc4Cl)O3)cc2)CC1,1,c1ccc(C2(Cn3ccnc3)OCC(COc3ccc(N4CCNCC4)cc3)O2)cc1,0.3186274509803922,0,0.24321247447295502
Clc1ccc(CO[C@@H](Cn2ccnc2)c2ccc(Cl)cc2Cl)cc1,0,c1ccc(COC(Cn2ccnc2)c2ccccc2)cc1,Cc1nnc2n1-c1ccc(Cl)cc1C(c1ccccc1Cl)=NC2,1,c1ccc(C2=NCc3nncn3-c3ccccc32)cc1,0.20032502708559047,0,0.4764411865525474
Clc1ccc(CO[C@@H](Cn2ccnc2)c2ccc(Cl)cc2Cl)cc1,0,c1ccc(COC(Cn2ccnc2)c2ccccc2)cc1,CN(C)CC[C@H](c1ccc(Cl)cc1)c1ccccn1,1,c1ccc(Cc2ccccn2)cc1,0.19867269984917046,0,0.4096895415008549
Nc1nc(NC2CC2)c2ncn([C@H]3C=C[C@@H](CO)C3)c2n1,0,C1=CC(n2cnc3c(NC4CC4)ncnc32)CC1,CC(C)Cn1cnc2c(N)nc3ccccc3c21,1,c1ccc2c(c1)ncc1nc[nH]c12,0.19584415584415585,0,0.20519591422009043
Nc1nc(NC2CC2)c2ncn([C@H]3C=C[C@@H](CO)C3)c2n1,0,C1=CC(n2cnc3c(NC4CC4)ncnc32)CC1,Nc1c(Br)cc(Br)cc1CNC1CCC(O)CC1,1,c1ccc(CNC2CCCCC2)cc1,0.1716849451645065,0,0.05927349832886853
Nc1nc(NC2CC2)c2ncn([C@H]3C=C[C@@H](CO)C3)c2n1,0,C1=CC(n2cnc3c(NC4CC4)ncnc32)CC1,COc1ccc(CCN2CCC(Nc3nc4ccccc4n3Cc3ccc(F)cc3)CC2)cc1,1,c1ccc(CCN2CCC(Nc3nc4ccccc4n3Cc3ccccc3)CC2)cc1,0.14928636501670212,0,0.24858685405403771
Nc1nc(NC2CC2)c2ncn([C@H]3C=C[C@@H](CO)C3)c2n1,0,C1=CC(n2cnc3c(NC4CC4)ncnc32)CC1,COc1cc(Cc2cnc(N)nc2N)cc(OC)c1OC,1,c1ccc(Cc2cncnc2)cc1,0.14069416498993964,0,0.13211879810981147
Cc1ccccc1-n1c(C)nc2ccccc2c1=O,1,O=c1c2ccccc2ncn1-c1ccccc1,CC(C)Cn1cnc2c(N)nc3ccccc3c21,1,c1ccc2c(c1)ncc1nc[nH]c12,0.25523349436392917,1,0.7870790842676789
Cc1ccccc1-n1c(C)nc2ccccc2c1=O,1,O=c1c2ccccc2ncn1-c1ccccc1,Cc1cc(=O)n(-c2ccccc2)n1C,1,O=c1cc[nH]n1-c1ccccc1,0.2534502923976608,1,0.887731531410359
Cc1ccccc1-n1c(C)nc2ccccc2c1=O,1,O=c1c2ccccc2ncn1-c1ccccc1,Cc1c(N(C)C)c(=O)n(-c2ccccc2)n1C,1,O=c1cc[nH]n1-c1ccccc1,0.2523809523809524,1,0.8009634038872312
Cc1ccccc1-n1c(C)nc2ccccc2c1=O,1,O=c1c2ccccc2ncn1-c1ccccc1,CC(=O)C[C@@H](c1ccccc1)c1c(O)c2ccccc2oc1=O,1,O=c1oc2ccccc2cc1Cc1ccccc1,0.24253968253968256,1,0.8640612931210877
COCC(=O)O[C@]1(CCN(C)CCCc2nc3ccccc3[nH]2)CCc2cc(F)ccc2[C@@H]1C(C)C,1,c1ccc2c(c1)CCC(CCNCCCc1nc3ccccc3[nH]1)C2,COCCCOc1ccnc(C[S@@H](=O)c2nc3ccccc3[nH]2)c1C,1,O=[SH](Cc1ccccn1)c1nc2ccccc2[nH]1,0.24017957351290686,1,0.8117367349814055
COCC(=O)O[C@]1(CCN(C)CCCc2nc3ccccc3[nH]2)CCc2cc(F)ccc2[C@@H]1C(C)C,1,c1ccc2c(c1)CCC(CCNCCCc1nc3ccccc3[nH]1)C2,COC(=O)C1=C(C)NC(C)=C(C(=O)OC(C)(C)CN(C)CCC(c2ccccc2)c2ccccc2)[C@H]1c1cccc([N+](=O)[O-])c1,1,O=C(OCCNCCC(c1ccccc1)c1ccccc1)C1=CNC=CC1c1ccccc1,0.21378446115288222,1,0.7178212668091445
COCC(=O)O[C@]1(CCN(C)CCCc2nc3ccccc3[nH]2)CCc2cc(F)ccc2[C@@H]1C(C)C,1,c1ccc2c(c1)CCC(CCNCCCc1nc3ccccc3[nH]1)C2,Cc1c(OCC(F)(F)F)ccnc1C[S@@H](=O)c1nc2ccccc2[nH]1,1,O=[SH](Cc1ccccn1)c1nc2ccccc2[nH]1,0.21211976619348683,1,0.9277471703249084
COCC(=O)O[C@]1(CCN(C)CCCc2nc3ccccc3[nH]2)CCc2cc(F)ccc2[C@@H]1C(C)C,1,c1ccc2c(c1)CCC(CCNCCCc1nc3ccccc3[nH]1)C2,COc1ccc(CCN2CCC(Nc3nc4ccccc4n3Cc3ccc(F)cc3)CC2)cc1,1,c1ccc(CCN2CCC(Nc3nc4ccccc4n3Cc3ccccc3)CC2)cc1,0.20928899082568808,1,0.8654614501676958
COc1ccccc1OCCNC[C@H](O)COc1cccc2[nH]c3ccccc3c12,1,c1ccc(OCCNCCCOc2cccc3[nH]c4ccccc4c23)cc1,CCCNC[C@H](O)COc1ccccc1C(=O)CCc1ccccc1,1,O=C(CCc1ccccc1)c1ccccc1,0.37411764705882355,1,0.6997286557626531
COc1ccccc1OCCNC[C@H](O)COc1cccc2[nH]c3ccccc3c12,1,c1ccc(OCCNCCCOc2cccc3[nH]c4ccccc4c23)cc1,CCOc1ccccc1OCCN[C@H](C)Cc1ccc(OC)c(S(N)(=O)=O)c1,1,c1ccc(CCNCCOc2ccccc2)cc1,0.28897715988083417,1,0.8643338477698073
COc1ccccc1OCCNC[C@H](O)COc1cccc2[nH]c3ccccc3c12,1,c1ccc(OCCNCCCOc2cccc3[nH]c4ccccc4c23)cc1,CC(C)NC[C@H](O)COc1ccc(COCCOC(C)C)cc1,1,c1ccccc1,0.27494505494505495,1,0.6354732160336561
COc1ccccc1OCCNC[C@H](O)COc1cccc2[nH]c3ccccc3c12,1,c1ccc(OCCNCCCOc2cccc3[nH]c4ccccc4c23)cc1,CNCC[C@@H](Oc1ccccc1C)c1ccccc1,1,c1ccc(COc2ccccc2)cc1,0.21369696969696972,1,0.8136310946758811
N#Cc1ccc([C@H]2CCCc3cncn32)cc1,0,c1ccc(C2CCCc3cncn32)cc1,N#Cc1ccc(C(c2ccc(C#N)cc2)n2cncn2)cc1,1,c1ccc(C(c2ccccc2)n2cncn2)cc1,0.30315789473684207,0,0.26791627001122725
N#Cc1ccc([C@H]2CCCc3cncn32)cc1,0,c1ccc(C2CCCc3cncn32)cc1,CN1CCC[C@H]1c1cccnc1,1,c1cncc(C2CCCN2)c1,0.25724508050089445,0,0.4420469380861809
N#Cc1ccc([C@H]2CCCc3cncn32)cc1,0,c1ccc(C2CCCc3cncn32)cc1,O=C(C1CCCCC1)N1CC(=O)N2CCc3ccccc3[C@H]2C1,1,O=C(C1CCCCC1)N1CC(=O)N2CCc3ccccc3C2C1,0.16419437340153453,0,0.3357405168220377
N#Cc1ccc([C@H]2CCCc3cncn32)cc1,0,c1ccc(C2CCCc3cncn32)cc1,CN1CC(=O)N2[C@H](c3ccc4c(c3)OCO4)c3[nH]c4ccccc4c3C[C@@H]2C1=O,1,O=C1NCC(=O)N2C1Cc1c([nH]c3ccccc13)C2c1ccc2c(c1)OCO2,0.14774849553849348,0,0.1753886391086012
CC(=O)O[C@H]1C(=O)[C@@]2(C)[C@H]([C@H](OC(=O)c3ccccc3)[C@]3(O)C[C@H](OC(=O)[C@H](O)[C@@H](NC(=O)c4ccccc4)c4ccccc4)C(C)=C1C3(C)C)[C@]1(OC(C)=O)CO[C@@H]1C[C@@H]2O,1,O=C(CC(NC(=O)c1ccccc1)c1ccccc1)OC1C=C2CC(=O)C3CCC4OCC4C3C(OC(=O)c3ccccc3)C(C2)C1,COC(=O)[C@H]1[C@@H](OC(=O)c2ccccc2)C[C@@H]2CC[C@H]1N2C,1,O=C(OC1CC2CCC(C1)N2)c1ccccc1,0.21392505979271859,1,0.9864340231416363
CC(=O)O[C@H]1C(=O)[C@@]2(C)[C@H]([C@H](OC(=O)c3ccccc3)[C@]3(O)C[C@H](OC(=O)[C@H](O)[C@@H](NC(=O)c4ccccc4)c4ccccc4)C(C)=C1C3(C)C)[C@]1(OC(C)=O)CO[C@@H]1C[C@@H]2O,1,O=C(CC(NC(=O)c1ccccc1)c1ccccc1)OC1C=C2CC(=O)C3CCC4OCC4C3C(OC(=O)c3ccccc3)C(C2)C1,COC(=O)[C@H](c1ccccc1)[C@H]1CCCCN1,1,c1ccc(CC2CCCCN2)cc1,0.1713382507903056,1,0.9787551665539339
CC(=O)O[C@H]1C(=O)[C@@]2(C)[C@H]([C@H](OC(=O)c3ccccc3)[C@]3(O)C[C@H](OC(=O)[C@H](O)[C@@H](NC(=O)c4ccccc4)c4ccccc4)C(C)=C1C3(C)C)[C@]1(OC(C)=O)CO[C@@H]1C[C@@H]2O,1,O=C(CC(NC(=O)c1ccccc1)c1ccccc1)OC1C=C2CC(=O)C3CCC4OCC4C3C(OC(=O)c3ccccc3)C(C2)C1,COC(=O)C1=C(C)NC(C)=C(C(=O)OCC(C)C)[C@H]1c1ccccc1[N+](=O)[O-],1,C1=CC(c2ccccc2)C=CN1,0.17083333333333334,1,0.9968171694283107
CC(=O)O[C@H]1C(=O)[C@@]2(C)[C@H]([C@H](OC(=O)c3ccccc3)[C@]3(O)C[C@H](OC(=O)[C@H](O)[C@@H](NC(=O)c4ccccc4)c4ccccc4)C(C)=C1C3(C)C)[C@]1(OC(C)=O)CO[C@@H]1C[C@@H]2O,1,O=C(CC(NC(=O)c1ccccc1)c1ccccc1)OC1C=C2CC(=O)C3CCC4OCC4C3C(OC(=O)c3ccccc3)C(C2)C1,CC(=O)C[C@@H](c1ccccc1)c1c(O)c2ccccc2oc1=O,1,O=c1oc2ccccc2cc1Cc1ccccc1,0.16752260397830018,1,0.9965514007584817
CN1C(=O)OC(C)(C)C1=O,1,O=C1COC(=O)N1,CN1[C@@H]2CC[C@H]1CC(NC(=O)c1cc(Cl)cc3c1OC(C)(C)C3)C2,1,O=C(NC1CC2CCC(C1)N2)c1cccc2c1OCC2,0.16413373860182373,1,0.5417538930792652
CN1C(=O)OC(C)(C)C1=O,1,O=C1COC(=O)N1,C[C@]12CCC(=O)C=C1[C@@H]1C[C@@H]1[C@H]1[C@@H]3[C@@H]4C[C@@H]4[C@@]4(CCC(=O)O4)[C@@]3(C)CC[C@@H]12,1,O=C1C=C2C(CC1)C1CCC3C(C4CC4C34CCC(=O)O4)C1C1CC21,0.16047358834244083,1,0.7975164266713365
CN1C(=O)OC(C)(C)C1=O,1,O=C1COC(=O)N1,CC1(C)CC(=O)N(CCCCN2CCN(c3ncccn3)CC2)C(=O)C1,1,O=C1CCCC(=O)N1CCCCN1CCN(c2ncccn2)CC1,0.15918367346938775,1,0.5335232567787215
CN1C(=O)OC(C)(C)C1=O,1,O=C1COC(=O)N1,COC(=O)[C@@H]1CC2=CC(=O)CC[C@]2(C)[C@@]23O[C@@H]2C[C@@]2(C)[C@@H](CC[C@@]24CCC(=O)O4)[C@H]13,1,O=C1C=C2CCC3C4CCC5(CCC(=O)O5)C4CC4OC43C2CC1,0.1477536231884058,1,0.7446797993721704
O=C(c1ccc(OCCN2CCCCC2)cc1)c1c(-c2ccc(O)cc2)sc2cc(O)ccc12,0,O=C(c1ccc(OCCN2CCCCC2)cc1)c1c(-c2ccccc2)sc2ccccc12,COc1cc(C(C)=O)ccc1OCCCN1CCC(c2noc3cc(F)ccc23)CC1,1,c1ccc(OCCCN2CCC(c3noc4ccccc34)CC2)cc1,0.24461538461538462,0,0.15052720637879102
O=C(c1ccc(OCCN2CCCCC2)cc1)c1c(-c2ccc(O)cc2)sc2cc(O)ccc12,0,O=C(c1ccc(OCCN2CCCCC2)cc1)c1c(-c2ccccc2)sc2ccccc12,O=C1CCc2ccc(OCCCCN3CCN(c4cccc(Cl)c4Cl)CC3)cc2N1,1,O=C1CCc2ccc(OCCCCN3CCN(c4ccccc4)CC3)cc2N1,0.23471520053926528,0,0.20571912247977736
O=C(c1ccc(OCCN2CCCCC2)cc1)c1c(-c2ccc(O)cc2)sc2cc(O)ccc12,0,O=C(c1ccc(OCCN2CCCCC2)cc1)c1c(-c2ccccc2)sc2ccccc12,CC/C(=C(/c1ccccc1)c1ccc(OCCN(C)C)cc1)c1ccccc1,1,C(=C(c1ccccc1)c1ccccc1)c1ccccc1,0.23329979879275653,0,0.16497044600941574
O=C(c1ccc(OCCN2CCCCC2)cc1)c1c(-c2ccc(O)cc2)sc2cc(O)ccc12,0,O=C(c1ccc(OCCN2CCCCC2)cc1)c1c(-c2ccccc2)sc2ccccc12,COc1cc(N)c(Cl)cc1C(=O)N[C@H]1CCN(CCCOc2ccc(F)cc2)C[C@H]1OC,1,O=C(NC1CCN(CCCOc2ccccc2)CC1)c1ccccc1,0.22672340425531917,0,0.16489320797322424
CC[C@H]1OC(=O)[C@H](C)[C@@H](O[C@H]2C[C@@](C)(OC)[C@@H](O)[C@H](C)O2)[C@H](C)[C@@H](O[C@@H]2O[C@H](C)C[C@H](N(C)C)[C@H]2O)[C@](C)(O)C[C@@H](C)[C@@H]2N[C@@H](COCCOC)O[C@H]([C@H]2C)[C@]1(C)O,0,O=C1CC(OC2CCCCO2)CC(OC2CCCCO2)CCCC2CC(CCO1)OCN2,CC[C@H]1OC(=O)[C@H](C)[C@@H](O[C@H]2C[C@@](C)(OC)[C@@H](O)[C@H](C)O2)[C@H](C)[C@@H](O[C@@H]2O[C@H](C)C[C@H](N(C)C)[C@H]2O)[C@](C)(O)C[C@@H](C)/C(=N\OCOCCOC)[C@H](C)[C@@H](O)[C@]1(C)O,1,N=C1CCCCOC(=O)CC(OC2CCCCO2)CC(OC2CCCCO2)CCC1,0.6805208610151475,0,0.30503268203980816
CC[C@H]1OC(=O)[C@H](C)[C@@H](O[C@H]2C[C@@](C)(OC)[C@@H](O)[C@H](C)O2)[C@H](C)[C@@H](O[C@@H]2O[C@H](C)C[C@H](N(C)C)[C@H]2O)[C@](C)(O)C[C@@H](C)[C@@H]2N[C@@H](COCCOC)O[C@H]([C@H]2C)[C@]1(C)O,0,O=C1CC(OC2CCCCO2)CC(OC2CCCCO2)CCCC2CC(CCO1)OCN2,CC[C@H]1OC(=O)[C@H](C)[C@@H](O[C@H]2C[C@@](C)(OC)[C@@H](O)[C@H](C)O2)[C@H](C)[C@@H](O[C@@H]2O[C@H](C)C[C@H](N(C)C)[C@H]2O)[C@](C)(O)C[C@@H](C)C(=O)[C@H](C)[C@@H](O)[C@]1(C)O,1,O=C1CCCCOC(=O)CC(OC2CCCCO2)CC(OC2CCCCO2)CCC1,0.6792464678178964,0,0.197135229668293
CC[C@H]1OC(=O)[C@H](C)[C@@H](O[C@H]2C[C@@](C)(OC)[C@@H](O)[C@H](C)O2)[C@H](C)[C@@H](O[C@@H]2O[C@H](C)C[C@H](N(C)C)[C@H]2O)[C@](C)(O)C[C@@H](C)[C@@H]2N[C@@H](COCCOC)O[C@H]([C@H]2C)[C@]1(C)O,0,O=C1CC(OC2CCCCO2)CC(OC2CCCCO2)CCCC2CC(CCO1)OCN2,CC[C@H]1OC(=O)[C@H](C)[C@@H](O[C@H]2C[C@@](C)(OC)[C@@H](O)[C@H](C)O2)[C@H](C)[C@@H](O[C@@H]2O[C@H](C)C[C@H](N(C)C)[C@H]2O)[C@](C)(OC)C[C@@H](C)C(=O)[C@H](C)[C@@H](O)[C@]1(C)O,1,O=C1CCCCOC(=O)CC(OC2CCCCO2)CC(OC2CCCCO2)CCC1,0.6348187759952467,0,0.21892517743862155
CC[C@H]1OC(=O)[C@H](C)[C@@H](O[C@H]2C[C@@](C)(OC)[C@@H](O)[C@H](C)O2)[C@H](C)[C@@H](O[C@@H]2O[C@H](C)C[C@H](N(C)C)[C@H]2O)[C@](C)(O)C[C@@H](C)[C@@H]2N[C@@H](COCCOC)O[C@H]([C@H]2C)[C@]1(C)O,0,O=C1CC(OC2CCCCO2)CC(OC2CCCCO2)CCCC2CC(CCO1)OCN2,CO[C@H]1C[C@H](O[C@H]2[C@H](C)[C@@H](O[C@@H]3O[C@H](C)C[C@H](N(C)C)[C@H]3OC(C)=O)[C@@H](C)C[C@]3(CO3)C(=O)[C@H](C)[C@@H](OC(C)=O)[C@@H](C)[C@@H](C)OC(=O)[C@@H]2C)O[C@@H](C)[C@@H]1OC(C)=O,1,O=C1CC(OC2CCCCO2)CC(OC2CCCCO2)CCC2(CO2)C(=O)CCCCO1,0.3310526315789474,0,0.3779805881588194
CC(C)(Oc1ccc(CCNC(=O)c2ccc(Cl)cc2)cc1)C(=O)O,1,O=C(NCCc1ccccc1)c1ccccc1,CC(C)(Oc1ccc(Cl)cc1)C(=O)O,1,c1ccccc1,0.6192334494773519,1,0.6794614041608497
CC(C)(Oc1ccc(CCNC(=O)c2ccc(Cl)cc2)cc1)C(=O)O,1,O=C(NCCc1ccccc1)c1ccccc1,CCOC(=O)C(C)(C)Oc1ccc(Cl)cc1,1,c1ccccc1,0.42282003710575145,1,0.7835283408819705
CC(C)(Oc1ccc(CCNC(=O)c2ccc(Cl)cc2)cc1)C(=O)O,1,O=C(NCCc1ccccc1)c1ccccc1,CC(C)(Oc1ccc([C@@H]2CC2(Cl)Cl)cc1)C(=O)O,1,c1ccc(C2CC2)cc1,0.4169811320754717,1,0.7941804217267562
CC(C)(Oc1ccc(CCNC(=O)c2ccc(Cl)cc2)cc1)C(=O)O,1,O=C(NCCc1ccccc1)c1ccccc1,CC(C)OC(=O)C(C)(C)Oc1ccc(C(=O)c2ccc(Cl)cc2)cc1,1,O=C(c1ccccc1)c1ccccc1,0.41525491770373346,1,0.8093754183045192
CCCCN(CCCC)C[C@@H](O)c1cc(Cl)cc2c1-c1ccc(Cl)cc1/C2=C\c1ccc(Cl)cc1,1,C(=C1c2ccccc2-c2ccccc21)c1ccccc1,CCCCN(CCCC)CC[C@H](O)c1cc2c(Cl)cc(Cl)cc2c2cc(C(F)(F)F)ccc12,1,c1ccc2c(c1)ccc1ccccc12,0.35854700854700855,1,0.832387334447246
CCCCN(CCCC)C[C@@H](O)c1cc(Cl)cc2c1-c1ccc(Cl)cc1/C2=C\c1ccc(Cl)cc1,1,C(=C1c2ccccc2-c2ccccc21)c1ccccc1,CCN(CC)CCC[C@H](C)Nc1ccnc2cc(Cl)ccc12,1,c1ccc2ncccc2c1,0.2507349454717876,1,0.9210490835124596
CCCCN(CCCC)C[C@@H](O)c1cc(Cl)cc2c1-c1ccc(Cl)cc1/C2=C\c1ccc(Cl)cc1,1,C(=C1c2ccccc2-c2ccccc21)c1ccccc1,CC(C)C[C@H](N(C)C)C1(c2ccc(Cl)cc2)CCC1,1,c1ccc(C2CCC2)cc1,0.22549751243781097,1,0.8999512328725072
CCCCN(CCCC)C[C@@H](O)c1cc(Cl)cc2c1-c1ccc(Cl)cc1/C2=C\c1ccc(Cl)cc1,1,C(=C1c2ccccc2-c2ccccc21)c1ccccc1,CN(C)CC[C@H](c1ccc(Cl)cc1)c1ccccn1,1,c1ccc(Cc2ccccn2)cc1,0.20626373626373626,1,0.7941549316815548
C[C@H](N/C(=N\C#N)Nc1ccncc1)C(C)(C)C,1,c1ccncc1,CN/C(=N\C#N)NCCSCc1nc[nH]c1C,1,c1c[nH]cn1,0.2375,1,0.6426503001918946
C[C@H](N/C(=N\C#N)Nc1ccncc1)C(C)(C)C,1,c1ccncc1,CC(C)/N=C(N)\N=C(/N)Nc1ccc(Cl)cc1,1,c1ccccc1,0.225708245243129,1,0.8478888929238234
C[C@H](N/C(=N\C#N)Nc1ccncc1)C(C)(C)C,1,c1ccncc1,Cc1oncc1C(=O)Nc1ccc(C(F)(F)F)cc1,1,O=C(Nc1ccccc1)c1cnoc1,0.19265306122448983,1,0.65453166468645
C[C@H](N/C(=N\C#N)Nc1ccncc1)C(C)(C)C,1,c1ccncc1,CC(=O)Nc1ccc(O)cc1,1,c1ccccc1,0.17644730331519048,1,0.5826460576407235
NNC(=O)c1ccncc1,0,c1ccncc1,Cc1oncc1C(=O)Nc1ccc(C(F)(F)F)cc1,1,O=C(Nc1ccccc1)c1cnoc1,0.2579710144927536,0,0.24205634696840803
NNC(=O)c1ccncc1,0,c1ccncc1,Nc1ccc(S(=O)(=O)Nc2ncccn2)cc1,1,O=S(=O)(Nc1ncccn1)c1ccccc1,0.2474725274725275,0,0.17734471030962717
NNC(=O)c1ccncc1,0,c1ccncc1,C[C@H](N/C(=N\C#N)Nc1ccncc1)C(C)(C)C,1,c1ccncc1,0.21521276595744684,0,0.18761406140616776
NNC(=O)c1ccncc1,0,c1ccncc1,NC(=O)OCC(COC(N)=O)c1ccccc1,1,c1ccccc1,0.2135823429541596,0,0.11233793066001126
CCOP(=S)(OCC)Oc1nc(Cl)c(Cl)cc1Cl,1,c1ccncc1,CCOP(=S)(OCC)Oc1ccc([N+](=O)[O-])cc1,1,c1ccccc1,0.34668192219679633,1,0.9427552360057524
CCOP(=S)(OCC)Oc1nc(Cl)c(Cl)cc1Cl,1,c1ccncc1,CCOC(=O)C(C)(C)Oc1ccc(Cl)cc1,1,c1ccccc1,0.20873180873180874,1,0.9229860866425104
CCOP(=S)(OCC)Oc1nc(Cl)c(Cl)cc1Cl,1,c1ccncc1,CCOC(=O)C1=C(C)NC(C)=C(C(=O)OC)[C@@H]1c1cccc(Cl)c1Cl,1,C1=CC(c2ccccc2)C=CN1,0.19426229508196724,1,0.9079797159828372
CCOP(=S)(OCC)Oc1nc(Cl)c(Cl)cc1Cl,1,c1ccncc1,CCOCCn1c(N2CCCN(C)CC2)nc2ccccc21,1,c1ccc2[nH]c(N3CCCNCC3)nc2c1,0.17814407814407815,1,0.829191559711206
CCCCc1nc(Cl)c(CO)n1Cc1ccc(-c2ccccc2-c2nnn[nH]2)cc1,1,c1ccc(-c2nnn[nH]2)c(-c2ccc(Cn3ccnc3)cc2)c1,Cc1nc(C)c2c(n1)N(Cc1ccc(-c3ccccc3-c3nnn[nH]3)cc1)C(=O)CC2,1,O=C1CCc2cncnc2N1Cc1ccc(-c2ccccc2-c2nnn[nH]2)cc1,0.433445945945946,1,0.5758670265052676
CCCCc1nc(Cl)c(CO)n1Cc1ccc(-c2ccccc2-c2nnn[nH]2)cc1,1,c1ccc(-c2nnn[nH]2)c(-c2ccc(Cn3ccnc3)cc2)c1,COc1ccc(CCN2CCC(Nc3nc4ccccc4n3Cc3ccc(F)cc3)CC2)cc1,1,c1ccc(CCN2CCC(Nc3nc4ccccc4n3Cc3ccccc3)CC2)cc1,0.1883324160704458,1,0.8338687131598518
CCCCc1nc(Cl)c(CO)n1Cc1ccc(-c2ccccc2-c2nnn[nH]2)cc1,1,c1ccc(-c2nnn[nH]2)c(-c2ccc(Cn3ccnc3)cc2)c1,CCc1nn(CCCN2CCN(c3cccc(Cl)c3)CC2)c(=O)n1CCOc1ccccc1,1,O=c1n(CCOc2ccccc2)cnn1CCCN1CCN(c2ccccc2)CC1,0.17794387621295568,1,0.7773356799528105
CCCCc1nc(Cl)c(CO)n1Cc1ccc(-c2ccccc2-c2nnn[nH]2)cc1,1,c1ccc(-c2nnn[nH]2)c(-c2ccc(Cn3ccnc3)cc2)c1,CN(C)Cc1nnc2n1-c1ccc(Cl)cc1C(c1ccccc1)=NC2,1,c1ccc(C2=NCc3nncn3-c3ccccc32)cc1,0.17573385518591,1,0.7860194824027739
CCCCC1C(=O)N(c2ccccc2)N(c2ccccc2)C1=O,0,O=C1CC(=O)N(c2ccccc2)N1c1ccccc1,Cc1cc(=O)n(-c2ccccc2)n1C,1,O=c1cc[nH]n1-c1ccccc1,0.2877777777777778,0,0.20753114643831552
CCCCC1C(=O)N(c2ccccc2)N(c2ccccc2)C1=O,0,O=C1CC(=O)N(c2ccccc2)N1c1ccccc1,CC1=C(C)C(=O)C([C@@H](CCCCCC(=O)O)c2ccccc2)=C(C)C1=O,1,O=C1C=CC(=O)C(Cc2ccccc2)=C1,0.24603773584905664,0,0.1969821403096522
CCCCC1C(=O)N(c2ccccc2)N(c2ccccc2)C1=O,0,O=C1CC(=O)N(c2ccccc2)N1c1ccccc1,Cc1c(N(C)C)c(=O)n(-c2ccccc2)n1C,1,O=c1cc[nH]n1-c1ccccc1,0.23833333333333334,0,0.08018211327084415
CCCCC1C(=O)N(c2ccccc2)N(c2ccccc2)C1=O,0,O=C1CC(=O)N(c2ccccc2)N1c1ccccc1,CN1C(=O)[C@H](O)N=C(c2ccccc2)c2cc(Cl)ccc21,1,O=C1CN=C(c2ccccc2)c2ccccc2N1,0.2293233082706767,0,0.08387981105087611
COCc1c(C(=O)OC(C)C)ncc2[nH]c3ccc(OCc4ccccc4)cc3c12,0,c1ccc(COc2ccc3[nH]c4cnccc4c3c2)cc1,COc1ccccc1OCCNC[C@H](O)COc1cccc2[nH]c3ccccc3c12,1,c1ccc(OCCNCCCOc2cccc3[nH]c4ccccc4c23)cc1,0.24673933830560338,0,0.13341647117525698
COCc1c(C(=O)OC(C)C)ncc2[nH]c3ccc(OCc4ccccc4)cc3c12,0,c1ccc(COc2ccc3[nH]c4cnccc4c3c2)cc1,COCCOC(=O)C1=C(C)NC(C)=C(C(=O)OC(C)C)[C@@H]1c1cccc([N+](=O)[O-])c1,1,C1=CC(c2ccccc2)C=CN1,0.24057971014492754,0,0.25467913924085345
COCc1c(C(=O)OC(C)C)ncc2[nH]c3ccc(OCc4ccccc4)cc3c12,0,c1ccc(COc2ccc3[nH]c4cnccc4c3c2)cc1,COc1ccnc(C[S@H](=O)c2nc3ccc(OC(F)F)cc3[nH]2)c1OC,1,O=[SH](Cc1ccccn1)c1nc2ccccc2[nH]1,0.2303896103896104,0,0.31264194090784225
COCc1c(C(=O)OC(C)C)ncc2[nH]c3ccc(OCc4ccccc4)cc3c12,0,c1ccc(COc2ccc3[nH]c4cnccc4c3c2)cc1,COc1ccc2nc([S@H](=O)Cc3ncc(C)c(OC)c3C)[nH]c2c1,1,O=[SH](Cc1ccccn1)c1nc2ccccc2[nH]1,0.2239572192513369,0,0.18755130340416598
O=C(CO)NCCCOc1cccc(CN2CCCCC2)c1,0,c1ccc(CN2CCCCC2)cc1,CCOc1cc(CC(=O)N[C@@H](CC(C)C)c2ccccc2N2CCCCC2)ccc1C(=O)O,1,O=C(Cc1ccccc1)NCc1ccccc1N1CCCCC1,0.26937500000000003,0,0.3326633646051574
O=C(CO)NCCCOc1cccc(CN2CCCCC2)c1,0,c1ccc(CN2CCCCC2)cc1,O=C1CCc2ccc(OCCCCN3CCN(c4cccc(Cl)c4Cl)CC3)cc2N1,1,O=C1CCc2ccc(OCCCCN3CCN(c4ccccc4)CC3)cc2N1,0.26573839662447263,0,0.2545777453772161
O=C(CO)NCCCOc1cccc(CN2CCCCC2)c1,0,c1ccc(CN2CCCCC2)cc1,COc1cc2c(cc1OC)C(=O)[C@H](CC1CCN(Cc3ccccc3)CC1)C2,1,O=C1c2ccccc2CC1CC1CCN(Cc2ccccc2)CC1,0.2607068607068607,0,0.42219367739212776
O=C(CO)NCCCOc1cccc(CN2CCCCC2)c1,0,c1ccc(CN2CCCCC2)cc1,CNC(=O)c1cccc(NCC(=O)NCCc2ccc(OC)c(OC)c2)c1,1,O=C(CNc1ccccc1)NCCc1ccccc1,0.24792792792792795,0,0.42405991866190873
CCOC(=O)n1ccn(C)c1=S,0,S=c1[nH]cc[nH]1,CCOC(=O)C(C)(C)Oc1ccc(Cl)cc1,1,c1ccccc1,0.28080808080808084,0,0.18171581248909638
CCOC(=O)n1ccn(C)c1=S,0,S=c1[nH]cc[nH]1,CCOc1ccc(NC(C)=O)cc1,1,c1ccccc1,0.22033222591362125,0,0.1583893300041931
CCOC(=O)n1ccn(C)c1=S,0,S=c1[nH]cc[nH]1,CCOC(=O)[C@H](CCc1ccccc1)N[C@@H](C)C(=O)N1CCC[C@H]1C(=O)O,1,O=C(CNCCCc1ccccc1)N1CCCC1,0.20740740740740743,0,0.08498744100753254
CCOC(=O)n1ccn(C)c1=S,0,S=c1[nH]cc[nH]1,CCOC(=O)C1=C(C)NC(C)=C(C(=O)OC)[C@@H]1c1cccc(Cl)c1Cl,1,C1=CC(c2ccccc2)C=CN1,0.2062111801242236,0,0.16612431556052282
CN1CCCN([C@H](c2ccccc2)c2ccc(Cl)cc2)CC1,0,c1ccc(C(c2ccccc2)N2CCCNCC2)cc1,CN1CCC[C@H](n2nc(Cc3ccc(Cl)cc3)c3ccccc3c2=O)CC1,1,O=c1c2ccccc2c(Cc2ccccc2)nn1C1CCCNCC1,0.3217570350034317,0,0.13546876066033003
CN1CCCN([C@H](c2ccccc2)c2ccc(Cl)cc2)CC1,0,c1ccc(C(c2ccccc2)N2CCCNCC2)cc1,CN(C)CC[C@H](c1ccc(Cl)cc1)c1ccccn1,1,c1ccc(Cc2ccccn2)cc1,0.31588877855014896,0,0.19904309326685946
CN1CCCN([C@H](c2ccccc2)c2ccc(Cl)cc2)CC1,0,c1ccc(C(c2ccccc2)N2CCCNCC2)cc1,CN1CCN(C2=Nc3cc(Cl)ccc3Nc3ccccc32)CC1,1,c1ccc2c(c1)N=C(N1CCNCC1)c1ccccc1N2,0.30970760233918126,0,0.271666949939577
CN1CCCN([C@H](c2ccccc2)c2ccc(Cl)cc2)CC1,0,c1ccc(C(c2ccccc2)N2CCCNCC2)cc1,CCOCCn1c(N2CCCN(C)CC2)nc2ccccc21,1,c1ccc2[nH]c(N3CCCNCC3)nc2c1,0.29410919540229885,0,0.16019459127963115
Cc1ccnc(NS(=O)(=O)c2ccc(N)cc2)n1,0,O=S(=O)(Nc1ncccn1)c1ccccc1,Nc1ccc(S(=O)(=O)Nc2ncccn2)cc1,1,O=S(=O)(Nc1ncccn1)c1ccccc1,0.6946236559139785,0,0.3995534084846931
Cc1ccnc(NS(=O)(=O)c2ccc(N)cc2)n1,0,O=S(=O)(Nc1ncccn1)c1ccccc1,Cc1cc(NS(=O)(=O)c2ccc(N)cc2)no1,1,O=S(=O)(Nc1ccon1)c1ccccc1,0.49533169533169535,0,0.4309698604310343
Cc1ccnc(NS(=O)(=O)c2ccc(N)cc2)n1,0,O=S(=O)(Nc1ncccn1)c1ccccc1,Nc1ccc(S(=O)(=O)c2ccc(N)cc2)cc1,1,O=S(=O)(c1ccccc1)c1ccccc1,0.36161616161616167,0,0.25167793042411957
Cc1ccnc(NS(=O)(=O)c2ccc(N)cc2)n1,0,O=S(=O)(Nc1ncccn1)c1ccccc1,COc1ccccc1Oc1c(NS(=O)(=O)c2ccc(C(C)(C)C)cc2)nc(-c2ncccn2)nc1OCCO,1,O=S(=O)(Nc1nc(-c2ncccn2)ncc1Oc1ccccc1)c1ccccc1,0.2606781944756344,0,0.1806491320730741
Nc1ccc(S(=O)(=O)Nc2ncccn2)cc1,1,O=S(=O)(Nc1ncccn1)c1ccccc1,Cc1cc(NS(=O)(=O)c2ccc(N)cc2)no1,1,O=S(=O)(Nc1ccon1)c1ccccc1,0.49764705882352944,0,0.3686283849000091
Nc1ccc(S(=O)(=O)Nc2ncccn2)cc1,1,O=S(=O)(Nc1ncccn1)c1ccccc1,Nc1ccc(S(=O)(=O)c2ccc(N)cc2)cc1,1,O=S(=O)(c1ccccc1)c1ccccc1,0.42942528735632185,0,0.22560535736403278
Nc1ccc(S(=O)(=O)Nc2ncccn2)cc1,1,O=S(=O)(Nc1ncccn1)c1ccccc1,COc1ccccc1Oc1c(NS(=O)(=O)c2ccc(C(C)(C)C)cc2)nc(-c2ncccn2)nc1OCCO,1,O=S(=O)(Nc1nc(-c2ncccn2)ncc1Oc1ccccc1)c1ccccc1,0.2875799573560768,0,0.15617383555234665
Nc1ccc(S(=O)(=O)Nc2ncccn2)cc1,1,O=S(=O)(Nc1ncccn1)c1ccccc1,CC(C)N(CC[C@@](C(N)=O)(c1ccccc1)c1ccccn1)C(C)C,1,c1ccc(Cc2ccccn2)cc1,0.23909090909090908,0,0.41709967114531254
COc1cc(OC)nc(NS(=O)(=O)c2ccc(N)cc2)n1,0,O=S(=O)(Nc1ncccn1)c1ccccc1,Nc1ccc(S(=O)(=O)Nc2ncccn2)cc1,1,O=S(=O)(Nc1ncccn1)c1ccccc1,0.5641025641025641,0,0.2059852925143719
COc1cc(OC)nc(NS(=O)(=O)c2ccc(N)cc2)n1,0,O=S(=O)(Nc1ncccn1)c1ccccc1,Cc1cc(NS(=O)(=O)c2ccc(N)cc2)no1,1,O=S(=O)(Nc1ccon1)c1ccccc1,0.4818181818181818,0,0.29851098502163015
COc1cc(OC)nc(NS(=O)(=O)c2ccc(N)cc2)n1,0,O=S(=O)(Nc1ncccn1)c1ccccc1,Nc1ccc(S(=O)(=O)c2ccc(N)cc2)cc1,1,O=S(=O)(c1ccccc1)c1ccccc1,0.36388888888888893,0,0.20598819246469385
COc1cc(OC)nc(NS(=O)(=O)c2ccc(N)cc2)n1,0,O=S(=O)(Nc1ncccn1)c1ccccc1,COc1ccccc1Oc1c(NS(=O)(=O)c2ccc(C(C)(C)C)cc2)nc(-c2ncccn2)nc1OCCO,1,O=S(=O)(Nc1nc(-c2ncccn2)ncc1Oc1ccccc1)c1ccccc1,0.27984934086629004,0,0.230066465481515
