query_smiles,query_label,query_scaffold,neighbor_smiles,neighbor_label,neighbor_scaffold,similarity,prediction,score
C[C@H](N)[C@H](O)c1ccccc1,0,c1ccccc1,C[C@@H](NCCC(c1ccccc1)c1ccccc1)c1ccccc1,1,c1ccc(CNCCC(c2ccccc2)c2ccccc2)cc1,0.3238095238095238,0,0.0013240038842986996
C[C@H](N)[C@H](O)c1ccccc1,0,c1ccccc1,COc1ccc([C@@H](O)CN2CCN(C(c3ccccc3)c3ccccc3)CC2)cc1OC,1,c1ccc(CCN2CCN(C(c3ccccc3)c3ccccc3)CC2)cc1,0.25306122448979596,0,0.02369949619306517
C[C@H](N)[C@H](O)c1ccccc1,0,c1ccccc1,CC(=O)c1ccc(OC[C@@H](O)CNCCC(c2ccccc2)c2ccccc2)cc1,1,c1ccc(OCCCNCCC(c2ccccc2)c2ccccc2)cc1,0.24328205128205127,0,0.07909044430144
C[C@H](N)[C@H](O)c1ccccc1,0,c1ccccc1,C[C@H](Cc1ccc(O)cc1)NC[C@H](O)c1cc(O)cc(O)c1,1,c1ccc(CCNCCc2ccccc2)cc1,0.24105571847507334,0,0.0027301015277987036
CNC(=O)Oc1ccccc1OC(C)C,0,c1ccccc1,CCN(CC)C[C@@H](O)COc1ccccc1C(=O)c1ccccc1,1,O=C(c1ccccc1)c1ccccc1,0.2563207547169811,0,0.0136784557560287
CNC(=O)Oc1ccccc1OC(C)C,0,c1ccccc1,CC(C)N(C[C@H](O)COc1ccccc1C(=O)CCc1ccccc1)C(C)C,1,O=C(CCc1ccccc1)c1ccccc1,0.23649122807017545,0,0.024883136459477755
CNC(=O)Oc1ccccc1OC(C)C,0,c1ccccc1,CC(C)[C@@H](NC[C@H](O)COc1ccccc1C(=O)CCc1ccccc1)c1ccccc1,1,O=C(CCc1ccccc1)c1ccccc1OCCCNCc1ccccc1,0.23422131147540984,0,0.025243191135797642
CNC(=O)Oc1ccccc1OC(C)C,0,c1ccccc1,CC(C)(C)[C@@H](NC[C@H](O)COc1ccccc1C(=O)CCc1ccccc1)c1ccccc1,1,O=C(CCc1ccccc1)c1ccccc1OCCCNCc1ccccc1,0.23104838709677422,0,0.019563587225008203
CCNC(=O)Oc1ccccc1[N+](=O)[O-],0,c1ccccc1,CCOC(=O)C1=C(C)NC(C)=C(C(=O)OC)[C@H]1c1cccc([N+](=O)[O-])c1,1,C1=CC(c2ccccc2)C=CN1,0.2812841530054645,0,0.008300901187801099
CCNC(=O)Oc1ccccc1[N+](=O)[O-],0,c1ccccc1,O=C(CCc1ccccc1)c1ccccc1OC[C@@H](O)CNc1ccc([N+](=O)[O-])cc1,1,O=C(CCc1ccccc1)c1ccccc1OCCCNc1ccccc1,0.27478559176672385,0,0.01790028303464134
CCNC(=O)Oc1ccccc1[N+](=O)[O-],0,c1ccccc1,COC(=O)C1=C(C)NC(C)=C(C(=O)OCCN(C)Cc2ccccc2)[C@@H]1c1cccc([N+](=O)[O-])c1,1,O=C(OCCNCc1ccccc1)C1=CNC=CC1c1ccccc1,0.23290659080132764,0,0.0025308036229878214
CCNC(=O)Oc1ccccc1[N+](=O)[O-],0,c1ccccc1,CCN(CC)C[C@@H](O)COc1ccccc1C(=O)c1ccccc1,1,O=C(c1ccccc1)c1ccccc1,0.23223388305847079,0,0.005976418374958944
C=CCOc1ccccc1OC[C@H](O)CNC(C)C,0,c1ccccc1,CC(C)NC[C@@H](O)COc1ccc(Oc2ccccc2)cc1C(=O)CCc1ccccc1,1,O=C(CCc1ccccc1)c1cccc(Oc2ccccc2)c1,0.44796035074342355,0,0.01541753841021542
C=CCOc1ccccc1OC[C@H](O)CNC(C)C,0,c1ccccc1,CC(C)[C@@H](NC[C@H](O)COc1ccccc1C(=O)CCc1ccccc1)c1ccccc1,1,O=C(CCc1ccccc1)c1ccccc1OCCCNCc1ccccc1,0.40888888888888897,0,0.025020880819342423
C=CCOc1ccccc1OC[C@H](O)CNC(C)C,0,c1ccccc1,O=C(CCc1ccccc1)c1ccccc1OC[C@@H](O)CNC(c1ccccc1)c1ccccc1,1,O=C(CCc1ccccc1)c1ccccc1OCCCNC(c1ccccc1)c1ccccc1,0.39392446633825945,0,0.026666071322734772
C=CCOc1ccccc1OC[C@H](O)CNC(C)C,0,c1ccccc1,CC(C)(C)[C@@H](NC[C@H](O)COc1ccccc1C(=O)CCc1ccccc1)c1ccccc1,1,O=C(CCc1ccccc1)c1ccccc1OCCCNCc1ccccc1,0.38566308243727604,0,0.023682380721265463
C[C@H](N)[C@H](O)c1ccc(O)c(O)c1,0,c1ccccc1,CNC[C@@H](O)c1ccc(O)c(OC)c1,1,c1ccccc1,0.32408963585434175,0,0.005526624143170179
C[C@H](N)[C@H](O)c1ccc(O)c(O)c1,0,c1ccccc1,C[C@H](Cc1ccc(O)cc1)NC[C@H](O)c1cc(O)cc(O)c1,1,c1ccc(CCNCCc2ccccc2)cc1,0.29453015427769985,0,0.017950003270811435
C[C@H](N)[C@H](O)c1ccc(O)c(O)c1,0,c1ccccc1,COc1ccc([C@@H](O)CN2CCN(C(c3ccccc3)c3ccccc3)CC2)cc1OC,1,c1ccc(CCN2CCN(C(c3ccccc3)c3ccccc3)CC2)cc1,0.19673659673659677,0,0.12184646747224821
C[C@H](N)[C@H](O)c1ccc(O)c(O)c1,0,c1ccccc1,CC(C)N(C[C@H](O)COc1ccc(O)cc1C(=O)CCc1ccccc1)C(C)C,1,O=C(CCc1ccccc1)c1ccccc1,0.18009608785175016,0,0.015560467231813363
CC(C)NC[C@H](O)c1cc(O)cc(O)c1,0,c1ccccc1,C[C@H](Cc1ccc(O)cc1)NC[C@H](O)c1cc(O)cc(O)c1,1,c1ccc(CCNCCc2ccccc2)cc1,0.638888888888889,0,0.0021968030950905645
CC(C)NC[C@H](O)c1cc(O)cc(O)c1,0,c1ccccc1,CNC[C@@H](O)c1ccc(O)c(OC)c1,1,c1ccccc1,0.35490196078431374,0,0.00473342992753119
CC(C)NC[C@H](O)c1cc(O)cc(O)c1,0,c1ccccc1,CC(C)NC[C@@H](O)COc1ccc(Oc2ccccc2)cc1C(=O)CCc1ccccc1,1,O=C(CCc1ccccc1)c1cccc(Oc2ccccc2)c1,0.25204046041158007,0,0.046278255858858884
CC(C)NC[C@H](O)c1cc(O)cc(O)c1,0,c1ccccc1,Cc1c(C(=O)CCc2ccccc2)c(=O)n(-c2ccccc2)n1C[C@H](O)CNC(C)C,1,O=C(CCc1ccccc1)c1c[nH]n(-c2ccccc2)c1=O,0.23266316115063412,0,0.006737836124529234
CC(=O)Oc1cc(C(F)(F)F)ccc1C(=O)O,0,c1ccccc1,O=C(CCc1ccccc1)c1ccccc1OC[C@@H](O)CNc1ccc(C(F)(F)F)cc1,1,O=C(CCc1ccccc1)c1ccccc1OCCCNc1ccccc1,0.2643518518518519,0,0.004583323901611981
CC(=O)Oc1cc(C(F)(F)F)ccc1C(=O)O,0,c1ccccc1,CNCC[C@@H](Oc1ccc(C(F)(F)F)cc1)c1ccccc1,1,c1ccc(COc2ccccc2)cc1,0.25770887166236006,0,0.0001257792878866794
CC(=O)Oc1cc(C(F)(F)F)ccc1C(=O)O,0,c1ccccc1,CC(=O)Oc1cc2oc(-c3ccccc3)cc(=O)c2c(O)c1OCc1ccccc1,1,O=c1cc(-c2ccccc2)oc2ccc(OCc3ccccc3)cc12,0.2456140350877193,0,0.0005282964476336477
CC(=O)Oc1cc(C(F)(F)F)ccc1C(=O)O,0,c1ccccc1,CC(=O)Oc1c(Oc2ccccc2)cc2oc(-c3ccccc3)cc(=O)c2c1OC(C)=O,1,O=c1cc(-c2ccccc2)oc2cc(Oc3ccccc3)ccc12,0.24489926447073873,0,0.005913301565122786
Oc1c(Cl)c(Cl)c(Cl)c(Cl)c1Cl,0,c1ccccc1,Cn1c2nc(Cl)nc-2c(O)n(C)c1=O,1,O=c1[nH]cc2ncnc-2[nH]1,0.15725806451612903,0,0.010749542088832196
Oc1c(Cl)c(Cl)c(Cl)c(Cl)c1Cl,0,c1ccccc1,NC(=O)OC[C@@H](O)COc1ccc(Cl)cc1,1,c1ccccc1,0.11981981981981982,0,0.02769325291515833
Oc1c(Cl)c(Cl)c(Cl)c(Cl)c1Cl,0,c1ccccc1,C[C@H](Cc1ccc(O)cc1)NC[C@H](O)c1cc(O)cc(O)c1,1,c1ccc(CCNCCc2ccccc2)cc1,0.1062937062937063,0,4.3707176088434754e-05
Oc1c(Cl)c(Cl)c(Cl)c(Cl)c1Cl,0,c1ccccc1,Cc1cc(C(C)(C)C)c(O)c(C)c1CC1=NCCN1,1,c1ccc(CC2=NCCN2)cc1,0.10050505050505051,0,0.03922361590517682
CCN(CC)CC(=O)Nc1c(C)cccc1C,0,c1ccccc1,CCCC(C(=O)OCCN(CC)CC)(c1ccccc1)c1ccccc1,1,c1ccc(Cc2ccccc2)cc1,0.29738562091503273,0,0.003908176192891223
CCN(CC)CC(=O)Nc1c(C)cccc1C,0,c1ccccc1,CCN(CC)C[C@@H](O)COc1ccccc1C(=O)c1ccccc1,1,O=C(c1ccccc1)c1ccccc1,0.28109161793372317,0,0.00465651996782395
CCN(CC)CC(=O)Nc1c(C)cccc1C,0,c1ccccc1,CCN(CC)CCNC(=O)c1cc(S(C)(=O)=O)ccc1OC,1,c1ccccc1,0.26649122807017545,0,0.054552607767283434
CCN(CC)CC(=O)Nc1c(C)cccc1C,0,c1ccccc1,CCN(CC)C[C@@H](O)COc1ccccc1C(=O)CCc1ccccc1,1,O=C(CCc1ccccc1)c1ccccc1,0.26139613120269134,0,0.023070500542694303
COCCCNCc1cc(OC)c(OC)c(OC)c1,0,c1ccccc1,COc1ccc(CCNCCC[C@](C#N)(c2cc(OC)c(OC)c(OC)c2)C(C)C)cc1OC,1,c1ccc(CCCCNCCc2ccccc2)cc1,0.3669278996865204,0,0.0066279770662643735
COCCCNCc1cc(OC)c(OC)c(OC)c1,0,c1ccccc1,COc1ccc(CCNCCC[C@@](C#N)(c2ccc(OC)c(OC)c2)C(C)C)cc1OC,1,c1ccc(CCCCNCCc2ccccc2)cc1,0.30323574730354397,0,0.004429971970982558
COCCCNCc1cc(OC)c(OC)c(OC)c1,0,c1ccccc1,COc1cccc(CCc2ccccc2NCc2cccc(OC)c2OC)c1,1,c1ccc(CCc2ccccc2NCc2ccccc2)cc1,0.2724310776942356,0,0.02617406017966039
COCCCNCc1cc(OC)c(OC)c(OC)c1,0,c1ccccc1,COc1ccc(CCN(C)CCC[C@@](C#N)(c2cc(OC)c(OC)c(OC)c2)C(C)C)cc1OC,1,c1ccc(CCCCNCCc2ccccc2)cc1,0.2689342403628118,0,0.005033472681651398
O=[N+]([O-])c1ccc(O)cc1,0,c1ccccc1,O=C(CCc1ccccc1)c1ccccc1OC[C@@H](O)CNc1ccc([N+](=O)[O-])cc1,1,O=C(CCc1ccccc1)c1ccccc1OCCCNc1ccccc1,0.2558102766798419,0,0.00036010352745189197
O=[N+]([O-])c1ccc(O)cc1,0,c1ccccc1,CCOC(=O)C1=C(C)NC(C)=C(C(=O)OC)[C@H]1c1cccc([N+](=O)[O-])c1,1,C1=CC(c2ccccc2)C=CN1,0.2418938307030129,0,0.0005117761583388118
O=[N+]([O-])c1ccc(O)cc1,0,c1ccccc1,O=C1C[C@H](c2ccc(O)cc2)Oc2cc(O)cc(O)c21,1,O=C1CC(c2ccccc2)Oc2ccccc21,0.213156146179402,0,2.1573829380123324e-05
O=[N+]([O-])c1ccc(O)cc1,0,c1ccccc1,N#Cc1c2n(c3c(N4CCN(CCc5ccc([N+](=O)[O-])cc5)CC4)ncnc13)CCCC2,1,c1ccc(CCN2CCN(c3ncnc4cc5n(c34)CCCC5)CC2)cc1,0.20582010582010582,0,0.023751274884514197
CCc1cccc(CC)c1NC(=O)CN(CC(=O)O)CC(=O)O,0,c1ccccc1,CCCC(C(=O)OCCN(CC)CC)(c1ccccc1)c1ccccc1,1,c1ccc(Cc2ccccc2)cc1,0.24713804713804713,0,0.0005377496909399761
CCc1cccc(CC)c1NC(=O)CN(CC(=O)O)CC(=O)O,0,c1ccccc1,CCN(CC)C[C@@H](O)COc1ccccc1C(=O)c1ccccc1,1,O=C(c1ccccc1)c1ccccc1,0.23463005339435547,0,0.0005349638572947784
CCc1cccc(CC)c1NC(=O)CN(CC(=O)O)CC(=O)O,0,c1ccccc1,CCN(CC)C[C@@H](O)COc1ccccc1C(=O)CCc1ccccc1,1,O=C(CCc1ccccc1)c1ccccc1,0.22465846994535518,0,0.00033636601772656853
CCc1cccc(CC)c1NC(=O)CN(CC(=O)O)CC(=O)O,0,c1ccccc1,CCN(CC)C[C@H](O)COc1ccccc1C(=O)CCc1ccccc1,1,O=C(CCc1ccccc1)c1ccccc1,0.22465846994535518,0,0.00033636601772656853
CCOc1ccc(NC(C)=O)cc1,0,c1ccccc1,CC(=O)c1ccc(OC[C@@H](O)CNCCC(c2ccccc2)c2ccccc2)cc1,1,c1ccc(OCCCNCCC(c2ccccc2)c2ccccc2)cc1,0.278796046720575,0,0.027702440459239586
CCOc1ccc(NC(C)=O)cc1,0,c1ccccc1,NC(=O)OC[C@@H](O)COc1ccc(Cl)cc1,1,c1ccccc1,0.27803921568627454,0,0.028136589326596115
CCOc1ccc(NC(C)=O)cc1,0,c1ccccc1,CCCCOc1ccc(C(=O)Nc2ccc3nc(SCc4c(C)cc(C)c(C(C)=O)c4C)sc3c2)cc1,1,O=C(Nc1ccc2nc(SCc3ccccc3)sc2c1)c1ccccc1,0.27446186553281954,0,0.11775352118125954
CCOc1ccc(NC(C)=O)cc1,0,c1ccccc1,CC/C(=C(/c1ccccc1)c1ccc(OCCN(C)C)cc1)c1ccccc1,1,C(=C(c1ccccc1)c1ccccc1)c1ccccc1,0.25381310418904407,0,0.003180217133808941
CN(C)Cc1ccccc1,0,c1ccccc1,CN(C)Cc1c[nH]c2ccccc12,1,c1ccc2[nH]ccc2c1,0.39767741935483875,0,0.001927979336170213
CN(C)Cc1ccccc1,0,c1ccccc1,c1ccc(CN(CC2=NCCN2)c2ccccc2)cc1,1,c1ccc(CN(CC2=NCCN2)c2ccccc2)cc1,0.3090909090909091,0,0.0021818512659737225
CN(C)Cc1ccccc1,0,c1ccccc1,CN(C)C[C@H](O)COc1ccccc1C(=O)CCc1ccccc1,1,O=C(CCc1ccccc1)c1ccccc1,0.2811111111111111,0,0.0015875472487273381
CN(C)Cc1ccccc1,0,c1ccccc1,CC(C)COC[C@H](CN(Cc1ccccc1)c1ccccc1)N1CCCC1,1,c1ccc(CN(CCN2CCCC2)c2ccccc2)cc1,0.27555555555555555,0,0.008328301778461238
CCN[C@@H](C)Cc1cccc(C(F)(F)F)c1,0,c1ccccc1,C[C@H](Cc1ccc(O)cc1)NC[C@H](O)c1cc(O)cc(O)c1,1,c1ccc(CCNCCc2ccccc2)cc1,0.32571428571428573,0,0.000864715606346085
CCN[C@@H](C)Cc1cccc(C(F)(F)F)c1,0,c1ccccc1,CNCC[C@@H](Oc1ccc(C(F)(F)F)cc1)c1ccccc1,1,c1ccc(COc2ccccc2)cc1,0.28308308308308305,0,0.009970699624468893
CCN[C@@H](C)Cc1cccc(C(F)(F)F)c1,0,c1ccccc1,Nc1ccc(-c2cc(C(F)(F)F)cc(C(F)(F)F)c2)cc1,1,c1ccc(-c2ccccc2)cc1,0.27561890472618156,0,0.006996116392592203
CCN[C@@H](C)Cc1cccc(C(F)(F)F)c1,0,c1ccccc1,COc1cccc(CCc2ccccc2OCCCN2CCN(c3cccc(C(F)(F)F)c3)CC2)c1,1,c1ccc(CCc2ccccc2OCCCN2CCN(c3ccccc3)CC2)cc1,0.25698356807511735,0,0.004020246081948859
COc1cccc(/C=N/NC(=O)C(=O)NC(C)(C)C)c1O,0,c1ccccc1,COc1cc2c(cc1O)[C@@H]1Cc3ccc(OC)c(O)c3CN1CC2,1,c1ccc2c(c1)CC1c3ccccc3CCN1C2,0.22506393861892585,0,0.0024809031152525085
COc1cccc(/C=N/NC(=O)C(=O)NC(C)(C)C)c1O,0,c1ccccc1,CNC[C@@H](O)c1ccc(O)c(OC)c1,1,c1ccccc1,0.223581429624171,0,0.0003915815818541358
COc1cccc(/C=N/NC(=O)C(=O)NC(C)(C)C)c1O,0,c1ccccc1,COc1cccc(COc2ccccc2CCc2ccccc2)c1OC,1,c1ccc(CCc2ccccc2OCc2ccccc2)cc1,0.2093841642228739,0,0.0003583691759363719
COc1cccc(/C=N/NC(=O)C(=O)NC(C)(C)C)c1O,0,c1ccccc1,CCN(CC)CCNC(=O)c1cc(S(C)(=O)=O)ccc1OC,1,c1ccccc1,0.20672463768115945,0,7.157331324905334e-05
COc1ccc(CCN)cc1OC,0,c1ccccc1,COc1ccc(COc2ccccc2CCc2ccccc2)cc1OC,1,c1ccc(CCc2ccccc2OCc2ccccc2)cc1,0.45836236933797914,0,0.006685313223505115
COc1ccc(CCN)cc1OC,0,c1ccccc1,COc1cccc(CCc2ccccc2OCc2ccc(OC)c(OC)c2)c1,1,c1ccc(CCc2ccccc2OCc2ccccc2)cc1,0.4412260536398468,0,0.0077151545019986285
COc1ccc(CCN)cc1OC,0,c1ccccc1,COc1cccc(CCc2ccccc2NCc2ccc(OC)c(OC)c2)c1,1,c1ccc(CCc2ccccc2NCc2ccccc2)cc1,0.42340425531914894,0,0.01813692415198994
COc1ccc(CCN)cc1OC,0,c1ccccc1,COc1ccc(CCNCCC[C@@](C#N)(c2ccc(OC)c(OC)c2)C(C)C)cc1OC,1,c1ccc(CCCCNCCc2ccccc2)cc1,0.39803921568627454,0,0.014171964771793754
CCCC(=O)Nc1ccc(OC[C@H](O)CNC(C)C)c(C(C)=O)c1,0,c1ccccc1,CC(C)NC[C@@H](O)COc1ccc(Oc2ccccc2)cc1C(=O)CCc1ccccc1,1,O=C(CCc1ccccc1)c1cccc(Oc2ccccc2)c1,0.4781492537313433,0,0.10322188752832605
CCCC(=O)Nc1ccc(OC[C@H](O)CNC(C)C)c(C(C)=O)c1,0,c1ccccc1,CCCNC[C@H](O)COc1ccc(O)cc1C(=O)CCc1ccccc1,1,O=C(CCc1ccccc1)c1ccccc1,0.3974603174603175,0,0.02229749733242798
CCCC(=O)Nc1ccc(OC[C@H](O)CNC(C)C)c(C(C)=O)c1,0,c1ccccc1,CCCNC[C@@H](O)COc1ccccc1C(=O)CCc1ccccc1,1,O=C(CCc1ccccc1)c1ccccc1,0.3964666463600366,0,0.09423895747213903
CCCC(=O)Nc1ccc(OC[C@H](O)CNC(C)C)c(C(C)=O)c1,0,c1ccccc1,CCCNC[C@H](O)COc1ccccc1C(=O)CCc1ccccc1,1,O=C(CCc1ccccc1)c1ccccc1,0.3964666463600366,0,0.09423895747213903
CC(=O)Nc1ccc(OC[C@H](O)CNC(C)C)c(C(C)=O)c1,0,c1ccccc1,CC(C)NC[C@@H](O)COc1ccc(Oc2ccccc2)cc1C(=O)CCc1ccccc1,1,O=C(CCc1ccccc1)c1cccc(Oc2ccccc2)c1,0.48928571428571427,0,0.0562587027571629
CC(=O)Nc1ccc(OC[C@H](O)CNC(C)C)c(C(C)=O)c1,0,c1ccccc1,CC(C)[C@@H](NC[C@H](O)COc1ccccc1C(=O)CCc1ccccc1)c1ccccc1,1,O=C(CCc1ccccc1)c1ccccc1OCCCNCc1ccccc1,0.39969230769230774,0,0.03784798276152538
CC(=O)Nc1ccc(OC[C@H](O)CNC(C)C)c(C(C)=O)c1,0,c1ccccc1,O=C(CCc1ccccc1)c1ccccc1OC[C@@H](O)CNC(c1ccccc1)c1ccccc1,1,O=C(CCc1ccccc1)c1ccccc1OCCCNC(c1ccccc1)c1ccccc1,0.38568051334008785,0,0.049762843940914
CC(=O)Nc1ccc(OC[C@H](O)CNC(C)C)c(C(C)=O)c1,0,c1ccccc1,CC(C)(C)[C@@H](NC[C@H](O)COc1ccccc1C(=O)CCc1ccccc1)c1ccccc1,1,O=C(CCc1ccccc1)c1ccccc1OCCCNCc1ccccc1,0.3785671641791045,0,0.037101004064925676
NCCc1ccccc1,0,c1ccccc1,COc1ccc(COc2ccccc2CCc2ccccc2)cc1,1,c1ccc(CCc2ccccc2OCc2ccccc2)cc1,0.29083820662768034,0,0.01044775958604777
NCCc1ccccc1,0,c1ccccc1,COc1cccc(COc2ccccc2CCc2ccccc2)c1OC,1,c1ccc(CCc2ccccc2OCc2ccccc2)cc1,0.2827838827838828,0,0.003706300818018312
NCCc1ccccc1,0,c1ccccc1,COc1cc(COc2ccccc2CCc2ccccc2)cc(OC)c1,1,c1ccc(CCc2ccccc2OCc2ccccc2)cc1,0.28081343943412906,0,0.015286387607257161
NCCc1ccccc1,0,c1ccccc1,COc1ccc(COc2ccccc2CCc2ccccc2)cc1OC,1,c1ccc(CCc2ccccc2OCc2ccccc2)cc1,0.2771428571428572,0,0.01288618419439143
COc1cc(/C=C/C(N)=O)cc(OC)c1OC,0,c1ccccc1,COC(=O)[C@@H]1[C@H]2C[C@@H]3c4[nH]c5cc(OC)ccc5c4CCN3C[C@@H]2C[C@@H](OC(=O)/C=C/c2cc(OC)c(OC)c(OC)c2)[C@H]1OC,1,O=C(C=Cc1ccccc1)OC1CCC2CC3c4[nH]c5ccccc5c4CCN3CC2C1,0.28199920350457985,0,0.007252671051983383
COc1cc(/C=C/C(N)=O)cc(OC)c1OC,0,c1ccccc1,COc1ccc(CCNCCC[C@](C#N)(c2cc(OC)c(OC)c(OC)c2)C(C)C)cc1OC,1,c1ccc(CCCCNCCc2ccccc2)cc1,0.2526392961876833,0,0.0029757987267079824
COc1cc(/C=C/C(N)=O)cc(OC)c1OC,0,c1ccccc1,COc1ccc(CCN(C)CCC[C@@](C#N)(c2cc(OC)c(OC)c(OC)c2)C(C)C)cc1OC,1,c1ccc(CCCCNCCc2ccccc2)cc1,0.24825396825396823,0,0.0055719438045112955
COc1cc(/C=C/C(N)=O)cc(OC)c1OC,0,c1ccccc1,CCN(CC)CCNC(=O)c1cc(S(C)(=O)=O)ccc1OC,1,c1ccccc1,0.24099272571673086,0,0.010921890384447125
O=C(O)c1ccccc1OP(=O)(O)O,0,c1ccccc1,CCN(CC)C[C@@H](O)COc1ccccc1C(=O)c1ccccc1,1,O=C(c1ccccc1)c1ccccc1,0.2612093023255814,0,4.439294950533561e-06
O=C(O)c1ccccc1OP(=O)(O)O,0,c1ccccc1,O=C(CCc1ccccc1)c1ccccc1OCCN1CCCCC1,1,O=C(CCc1ccccc1)c1ccccc1OCCN1CCCCC1,0.2517482517482518,0,1.3313282544461116e-05
O=C(O)c1ccccc1OP(=O)(O)O,0,c1ccccc1,CN(C)C[C@H](O)COc1ccccc1C(=O)CCc1ccccc1,1,O=C(CCc1ccccc1)c1ccccc1,0.2501672240802676,0,6.090155744530023e-06
O=C(O)c1ccccc1OP(=O)(O)O,0,c1ccccc1,O=C(CCc1ccccc1)c1ccccc1OCCCN1CCCCC1,1,O=C(CCc1ccccc1)c1ccccc1OCCCN1CCCCC1,0.24768439108061752,0,1.8315362942634934e-06
CCCCNC(=O)NS(=O)(=O)c1ccc(C)cc1,0,c1ccccc1,CCN(CC)CCNC(=O)c1cc(S(C)(=O)=O)ccc1OC,1,c1ccccc1,0.28448275862068967,0,0.00592559605270556
CCCCNC(=O)NS(=O)(=O)c1ccc(C)cc1,0,c1ccccc1,NCc1ccc(S(N)(=O)=O)cc1,1,c1ccccc1,0.22815249266862173,0,0.001493087636113172
CCCCNC(=O)NS(=O)(=O)c1ccc(C)cc1,0,c1ccccc1,CCCCNC[C@@H](O)Cn1c(C)c(C(=O)CCc2ccccc2)c(=O)n1-c1ccccc1,1,O=C(CCc1ccccc1)c1c[nH]n(-c2ccccc2)c1=O,0.2182127246236037,0,0.0003292374098908685
CCCCNC(=O)NS(=O)(=O)c1ccc(C)cc1,0,c1ccccc1,COc1cc2c(cc1OC)[C@H]1CN(C)CC[C@H]1N=C2c1ccc(NS(=O)(=O)c2ccc(C)cc2)cc1,1,O=S(=O)(Nc1ccc(C2=NC3CCNCC3c3ccccc32)cc1)c1ccccc1,0.21569377990430622,0,0.005232684512003439
C=CCc1ccccc1OC[C@H](O)CNC(C)C,0,c1ccccc1,CC(C)NC[C@@H](O)COc1ccc(Oc2ccccc2)cc1C(=O)CCc1ccccc1,1,O=C(CCc1ccccc1)c1cccc(Oc2ccccc2)c1,0.4557401255075674,0,0.02952066915931677
C=CCc1ccccc1OC[C@H](O)CNC(C)C,0,c1ccccc1,CC(C)[C@@H](NC[C@H](O)COc1ccccc1C(=O)CCc1ccccc1)c1ccccc1,1,O=C(CCc1ccccc1)c1ccccc1OCCCNCc1ccccc1,0.4163440860215054,0,0.03577400601490902
C=CCc1ccccc1OC[C@H](O)CNC(C)C,0,c1ccccc1,O=C(CCc1ccccc1)c1ccccc1OC[C@@H](O)CNC(c1ccccc1)c1ccccc1,1,O=C(CCc1ccccc1)c1ccccc1OCCCNC(c1ccccc1)c1ccccc1,0.40285714285714286,0,0.03660366593948835
C=CCc1ccccc1OC[C@H](O)CNC(C)C,0,c1ccccc1,CC(C)(C)[C@@H](NC[C@H](O)COc1ccccc1C(=O)CCc1ccccc1)c1ccccc1,1,O=C(CCc1ccccc1)c1ccccc1OCCCNCc1ccccc1,0.3941666666666667,0,0.03533253559214152
CCN(CC)CCNC(=O)c1cc(Cl)c(N)cc1OC,0,c1ccccc1,CCN(CC)CCNC(=O)c1cc(S(C)(=O)=O)ccc1OC,1,c1ccccc1,0.5796594569719282,0,0.005601965889542883
CCN(CC)CCNC(=O)c1cc(Cl)c(N)cc1OC,0,c1ccccc1,COc1cc2c(cc1OC)CN(CCNC(=O)c1cccc(Cl)c1NC(=O)c1ccc(C(C)C)cc1)CC2,1,O=C(Nc1ccccc1C(=O)NCCN1CCc2ccccc2C1)c1ccccc1,0.3147457627118644,0,0.00833688857759169
CCN(CC)CCNC(=O)c1cc(Cl)c(N)cc1OC,0,c1ccccc1,COc1cc2c(cc1OC)CN(CCNC(=O)c1ccc(N)cc1NC(=O)c1ccc(C(C)C)cc1)CC2,1,O=C(Nc1ccccc1C(=O)NCCN1CCc2ccccc2C1)c1ccccc1,0.3147457627118644,0,0.026381043371887673
CCN(CC)CCNC(=O)c1cc(Cl)c(N)cc1OC,0,c1ccccc1,COc1cc2c(cc1OC)CN(CCNC(=O)c1cc(Cl)ccc1NC(=O)c1ccc(C(C)C)cc1)CC2,1,O=C(Nc1ccccc1C(=O)NCCN1CCc2ccccc2C1)c1ccccc1,0.308135593220339,0,0.007422590557894495
C#CCN(C)[C@@H](C)Cc1ccccc1,0,c1ccccc1,CC(C)[C@](C#N)(CCCN(C)CCc1ccccc1)c1ccccc1,1,c1ccc(CCCCNCCc2ccccc2)cc1,0.30103950103950106,0,0.0005263209671609216
C#CCN(C)[C@@H](C)Cc1ccccc1,0,c1ccccc1,CC(C)N(C[C@H](O)COc1ccccc1[C@H](O)CCc1ccccc1)C(C)C,1,c1ccc(CCCc2ccccc2)cc1,0.24761904761904763,0,0.0043055849890934585
C#CCN(C)[C@@H](C)Cc1ccccc1,0,c1ccccc1,CN(C)C[C@H](O)COc1ccccc1C(=O)CCc1ccccc1,1,O=C(CCc1ccccc1)c1ccccc1,0.24425087108013938,0,0.0028828251168194043
C#CCN(C)[C@@H](C)Cc1ccccc1,0,c1ccccc1,CC(C)N(C[C@H](O)COc1ccccc1C(=O)CCc1ccccc1)C(C)C,1,O=C(CCc1ccccc1)c1ccccc1,0.24121510673234814,0,0.002712879453943642
CC(=O)Nc1ccc(O)cc1,0,c1ccccc1,C[C@H](Cc1ccc(O)cc1)NC[C@H](O)c1cc(O)cc(O)c1,1,c1ccc(CCNCCc2ccccc2)cc1,0.23469516027655563,0,0.00016354999910815586
CC(=O)Nc1ccc(O)cc1,0,c1ccccc1,CC(=O)Nc1ccc(-c2nc(N3CCN(CCc4ccccc4)CC3)c3c(n2)c(C#N)c2n3CCCC2)cc1,1,c1ccc(CCN2CCN(c3nc(-c4ccccc4)nc4cc5n(c34)CCCC5)CC2)cc1,0.22523540489642185,0,0.015635279222412656
CC(=O)Nc1ccc(O)cc1,0,c1ccccc1,O=C1C[C@H](c2ccc(O)cc2)Oc2cc(O)cc(O)c21,1,O=C1CC(c2ccccc2)Oc2ccccc21,0.21555555555555558,0,0.0003241086384439886
CC(=O)Nc1ccc(O)cc1,0,c1ccccc1,CN(C)c1ccc(-c2nc(-c3ccc(O)cc3)[nH]c2-c2ccc(N(C)C)cc2)cc1,1,c1ccc(-c2nc(-c3ccccc3)c(-c3ccccc3)[nH]2)cc1,0.21241685144124173,0,0.011643305268423646
COc1ccccc1OC[C@@H](O)CO,0,c1ccccc1,COc1ccccc1OCCNC[C@H](O)COc1cccc2[nH]c3ccccc3c12,1,c1ccc(OCCNCCCOc2cccc3[nH]c4ccccc4c23)cc1,0.44102564102564107,0,0.010437393613103583
COc1ccccc1OC[C@@H](O)CO,0,c1ccccc1,CCN(CC)C[C@@H](O)COc1ccccc1C(=O)c1ccccc1,1,O=C(c1ccccc1)c1ccccc1,0.38000000000000006,0,0.002678992970864959
COc1ccccc1OC[C@@H](O)CO,0,c1ccccc1,CO[C@@H](CCc1ccccc1)c1ccccc1OC[C@@H](O)CN(C(C)C)C(C)C,1,c1ccc(CCCc2ccccc2)cc1,0.36946778711484596,0,0.005949145687269797
COc1ccccc1OC[C@@H](O)CO,0,c1ccccc1,CCCN(CCC)C[C@@H](O)COc1ccccc1[C@H](CCc1ccccc1)OC,1,c1ccc(CCCc2ccccc2)cc1,0.36946778711484596,0,0.00408510256597698
Clc1cc(Cl)c(OCC#CI)cc1Cl,0,c1ccccc1,NC(=O)OC[C@@H](O)COc1ccc(Cl)cc1,1,c1ccccc1,0.17539682539682538,0,0.0031693884815017885
Clc1cc(Cl)c(OCC#CI)cc1Cl,0,c1ccccc1,O=C(COc1ccc(Cl)cc1)N1CCN(Cc2ccc3c(c2)OCO3)CC1,1,O=C(COc1ccccc1)N1CCN(Cc2ccc3c(c2)OCO3)CC1,0.16196236559139787,0,0.030530500517814977
Clc1cc(Cl)c(OCC#CI)cc1Cl,0,c1ccccc1,COc1cccc(CCc2ccccc2OCCN2CCN(c3cccc(Cl)c3)CC2)c1,1,c1ccc(CCc2ccccc2OCCN2CCN(c3ccccc3)CC2)cc1,0.1565217391304348,0,0.007928299844863434
Clc1cc(Cl)c(OCC#CI)cc1Cl,0,c1ccccc1,COc1cccc(CCc2ccccc2OCCCN2CCN(c3cccc(Cl)c3)CC2)c1,1,c1ccc(CCc2ccccc2OCCCN2CCN(c3ccccc3)CC2)cc1,0.15183673469387754,0,0.007839323864858163
CSc1ccccc1OC[C@H](O)CNC(C)C,0,c1ccccc1,CC(C)NC[C@@H](O)COc1ccc(Oc2ccccc2)cc1C(=O)CCc1ccccc1,1,O=C(CCc1ccccc1)c1cccc(Oc2ccccc2)c1,0.4588617886178862,0,0.028690431747806024
CSc1ccccc1OC[C@H](O)CNC(C)C,0,c1ccccc1,CC(C)[C@@H](NC[C@H](O)COc1ccccc1C(=O)CCc1ccccc1)c1ccccc1,1,O=C(CCc1ccccc1)c1ccccc1OCCCNCc1ccccc1,0.41844698462751284,0,0.022105107153513853
CSc1ccccc1OC[C@H](O)CNC(C)C,0,c1ccccc1,O=C(CCc1ccccc1)c1ccccc1OC[C@@H](O)CNC(c1ccccc1)c1ccccc1,1,O=C(CCc1ccccc1)c1ccccc1OCCCNC(c1ccccc1)c1ccccc1,0.40377192982456145,0,0.06092329889565613
CSc1ccccc1OC[C@H](O)CNC(C)C,0,c1ccccc1,CC(C)(C)[C@@H](NC[C@H](O)COc1ccccc1C(=O)CCc1ccccc1)c1ccccc1,1,O=C(CCc1ccccc1)c1ccccc1OCCCNCc1ccccc1,0.3946626000762486,0,0.02211717095459161
COc1cc(/C=C/C(=O)O)ccc1O,0,c1ccccc1,CNC[C@@H](O)c1ccc(O)c(OC)c1,1,c1ccccc1,0.37391812865497076,0,0.002112535367309209
COc1cc(/C=C/C(=O)O)ccc1O,0,c1ccccc1,CN(C)c1ccc(-c2nc(-c3ccc(/C=C/C(=O)O)cc3)[nH]c2-c2ccc(N(C)C)cc2)cc1,1,c1ccc(-c2nc(-c3ccccc3)c(-c3ccccc3)[nH]2)cc1,0.3264393939393939,0,0.003033791307776756
COc1cc(/C=C/C(=O)O)ccc1O,0,c1ccccc1,COc1cc([C@](C#N)(CCCN(C)CCc2ccc(OC)c(OC)c2)C(C)C)ccc1O,1,c1ccc(CCCCNCCc2ccccc2)cc1,0.27144522144522143,0,0.004919089716790459
COc1cc(/C=C/C(=O)O)ccc1O,0,c1ccccc1,COc1cc([C@@H]2Oc3cc([C@H]4Oc5cc(OCc6ccccc6)cc(O)c5C(=O)[C@@H]4O)ccc3O[C@H]2CO)ccc1O,1,O=C1CC(c2ccc3c(c2)OC(c2ccccc2)CO3)Oc2cc(OCc3ccccc3)ccc21,0.2689334637964775,0,0.01716612697857022
CN(C)C(=O)Oc1cc(OC(=O)N(C)C)cc([C@H](O)CNC(C)(C)C)c1,0,c1ccccc1,CNC[C@@H](O)c1ccc(O)c(OC)c1,1,c1ccccc1,0.29850024189646834,0,0.035691781120838914
CN(C)C(=O)Oc1cc(OC(=O)N(C)C)cc([C@H](O)CNC(C)(C)C)c1,0,c1ccccc1,C[C@H](Cc1ccc(O)cc1)NC[C@H](O)c1cc(O)cc(O)c1,1,c1ccc(CCNCCc2ccccc2)cc1,0.27030303030303027,0,0.02553702671594567
CN(C)C(=O)Oc1cc(OC(=O)N(C)C)cc([C@H](O)CNC(C)(C)C)c1,0,c1ccccc1,Cc1c(C(=O)CCc2ccccc2)c(=O)n(-c2ccccc2)n1C[C@@H](O)CNC(C)(C)C,1,O=C(CCc1ccccc1)c1c[nH]n(-c2ccccc2)c1=O,0.2504260651629073,0,0.008196005072657265
CN(C)C(=O)Oc1cc(OC(=O)N(C)C)cc([C@H](O)CNC(C)(C)C)c1,0,c1ccccc1,CC(=O)c1ccc(OC[C@@H](O)CNCCC(c2ccccc2)c2ccccc2)cc1,1,c1ccc(OCCCNCCC(c2ccccc2)c2ccccc2)cc1,0.23882978723404258,0,0.07802559944006363
ClNCc1ccccc1Cl,0,c1ccccc1,Clc1ccccc1C(c1ccccc1)(c1ccccc1)n1ccnc1,1,c1ccc(C(c2ccccc2)(c2ccccc2)n2ccnc2)cc1,0.23840960240060016,0,0.00259276832123301
ClNCc1ccccc1Cl,0,c1ccccc1,N#Cc1c2n(c3c(N4CCN(CCc5ccccc5Cl)CC4)ncnc13)CCCC2,1,c1ccc(CCN2CCN(c3ncnc4cc5n(c34)CCCC5)CC2)cc1,0.22138590203106334,0,0.10863052057098577
ClNCc1ccccc1Cl,0,c1ccccc1,Clc1ccccc1-c1nc(N2CCCC2)c2ccccc2n1,1,c1ccc(-c2nc(N3CCCC3)c3ccccc3n2)cc1,0.21587301587301588,0,0.0004117962367943126
ClNCc1ccccc1Cl,0,c1ccccc1,COc1cccc(CCc2ccccc2NCc2cccc(OC)c2)c1,1,c1ccc(CCc2ccccc2NCc2ccccc2)cc1,0.20854700854700856,0,0.0012792742586383362
CC(C)(C)NC[C@H](O)c1cc(O)cc(O)c1,0,c1ccccc1,C[C@H](Cc1ccc(O)cc1)NC[C@H](O)c1cc(O)cc(O)c1,1,c1ccc(CCNCCc2ccccc2)cc1,0.5066666666666667,0,0.000987078112337815
CC(C)(C)NC[C@H](O)c1cc(O)cc(O)c1,0,c1ccccc1,CNC[C@@H](O)c1ccc(O)c(OC)c1,1,c1ccccc1,0.3487004103967169,0,0.004351748693536563
CC(C)(C)NC[C@H](O)c1cc(O)cc(O)c1,0,c1ccccc1,Cc1c(C(=O)CCc2ccccc2)c(=O)n(-c2ccccc2)n1C[C@@H](O)CNC(C)(C)C,1,O=C(CCc1ccccc1)c1c[nH]n(-c2ccccc2)c1=O,0.24260499087035914,0,0.009604139883204499
CC(C)(C)NC[C@H](O)c1cc(O)cc(O)c1,0,c1ccccc1,CCCNC[C@@H](O)c1oc2ccccc2c1CC,1,c1ccc2occc2c1,0.22637362637362637,0,0.03294442823277954
CCCCCN(CCCOC)C(=O)[C@H](CCC(=O)O)NC(=O)c1ccc(Cl)c(Cl)c1,1,c1ccccc1,CCCCCc1ccc(C(=O)Nc2ccccc2C(=O)NCCN2CCc3cc(OC)c(OC)cc3C2)cc1,1,O=C(Nc1ccccc1C(=O)NCCN1CCc2ccccc2C1)c1ccccc1,0.23317998849913746,1,0.7167200292975924
CCCCCN(CCCOC)C(=O)[C@H](CCC(=O)O)NC(=O)c1ccc(Cl)c(Cl)c1,1,c1ccccc1,CCCCCCn1c(-c2ccc(C(=O)OC)cc2)nc(-c2ccc(N(C)C)cc2)c1-c1ccc(N(C)C)cc1,1,c1ccc(-c2nc(-c3ccccc3)c(-c3ccccc3)[nH]2)cc1,0.23100637845499647,1,0.6785808048314453
CCCCCN(CCCOC)C(=O)[C@H](CCC(=O)O)NC(=O)c1ccc(Cl)c(Cl)c1,1,c1ccccc1,COc1cc2c(cc1OC)CN(CCNC(=O)c1c(Cl)cccc1NC(=O)c1ccc(C(C)C)cc1)CC2,1,O=C(Nc1ccccc1C(=O)NCCN1CCc2ccccc2C1)c1ccccc1,0.22864516129032258,1,0.7651445194833344
CCCCCN(CCCOC)C(=O)[C@H](CCC(=O)O)NC(=O)c1ccc(Cl)c(Cl)c1,1,c1ccccc1,COc1cc2c(cc1OC)CN(CCNC(=O)c1cccc(Cl)c1NC(=O)c1ccc(C(C)C)cc1)CC2,1,O=C(Nc1ccccc1C(=O)NCCN1CCc2ccccc2C1)c1ccccc1,0.2170697012802276,1,0.7657395314843992
CCN(CC)CCNC(=O)c1cc(Br)c(N)cc1OC,0,c1ccccc1,CCN(CC)CCNC(=O)c1cc(S(C)(=O)=O)ccc1OC,1,c1ccccc1,0.5796594569719282,0,0.02868023628912259
CCN(CC)CCNC(=O)c1cc(Br)c(N)cc1OC,0,c1ccccc1,COc1cc2c(cc1OC)CN(CCNC(=O)c1ccccc1NC(=O)c1ccc(Br)cc1)CC2,1,O=C(Nc1ccccc1C(=O)NCCN1CCc2ccccc2C1)c1ccccc1,0.31578947368421056,0,0.010200002717770764
CCN(CC)CCNC(=O)c1cc(Br)c(N)cc1OC,0,c1ccccc1,COc1cc2c(cc1OC)CN(CCNC(=O)c1ccc(N)cc1NC(=O)c1ccc(C(C)C)cc1)CC2,1,O=C(Nc1ccccc1C(=O)NCCN1CCc2ccccc2C1)c1ccccc1,0.30202971332914835,0,0.05834088288714374
CCN(CC)CCNC(=O)c1cc(Br)c(N)cc1OC,0,c1ccccc1,CCCc1ccc(C(=O)Nc2ccccc2C(=O)NCCN2CCc3cc(OC)c(OC)cc3C2)cc1,1,O=C(Nc1ccccc1C(=O)NCCN1CCc2ccccc2C1)c1ccccc1,0.2893103448275862,0,0.03789173169722631
COc1cccc(CN(C)C)c1,0,c1ccccc1,COc1cccc(CCc2ccccc2NCc2cccc(OC)c2)c1,1,c1ccc(CCc2ccccc2NCc2ccccc2)cc1,0.4337662337662338,0,0.03023096191073757
COc1cccc(CN(C)C)c1,0,c1ccccc1,COc1cccc(CCc2ccccc2OCc2ccccc2OC)c1,1,c1ccc(CCc2ccccc2OCc2ccccc2)cc1,0.42821705426356593,0,0.006270000094161083
COc1cccc(CN(C)C)c1,0,c1ccccc1,COc1cccc(CCc2ccccc2OCc2cc(OC)cc(OC)c2)c1,1,c1ccc(CCc2ccccc2OCc2ccccc2)cc1,0.4252063015753939,0,0.009141043366455418
COc1cccc(CN(C)C)c1,0,c1ccccc1,COc1ccc(COc2ccccc2CCc2cccc(OC)c2)cc1,1,c1ccc(CCc2ccccc2OCc2ccccc2)cc1,0.42060606060606065,0,0.00434409301522622
O=C(O)c1ccccc1S,0,c1ccccc1,CCN(CC)C[C@@H](O)COc1ccccc1C(=O)c1ccccc1,1,O=C(c1ccccc1)c1ccccc1,0.23250517598343687,0,1.1574953835743508e-06
O=C(O)c1ccccc1S,0,c1ccccc1,CN(C)C[C@H](O)COc1ccccc1C(=O)CCc1ccccc1,1,O=C(CCc1ccccc1)c1ccccc1,0.22222222222222224,0,5.250999867333409e-06
O=C(O)c1ccccc1S,0,c1ccccc1,O=C(CCc1ccccc1)c1ccccc1OC[C@@H](O)CNCc1ccccc1,1,O=C(CCc1ccccc1)c1ccccc1OCCCNCc1ccccc1,0.2176574977817214,0,0.0001984913900115009
O=C(O)c1ccccc1S,0,c1ccccc1,O=C(CCc1ccccc1)c1ccccc1OC[C@H](O)CNc1ccccc1,1,O=C(CCc1ccccc1)c1ccccc1OCCCNc1ccccc1,0.21719496309161965,0,1.2991146530967232e-05
CNCCC[C@](C#N)(c1ccc(OC)c(OC)c1)C(C)C,0,c1ccccc1,COc1ccc(CCNCCC[C@@](C#N)(c2ccc(OC)c(OC)c2)C(C)C)cc1OC,1,c1ccc(CCCCNCCc2ccccc2)cc1,0.737111111111111,0,0.053584344068636894
CNCCC[C@](C#N)(c1ccc(OC)c(OC)c1)C(C)C,0,c1ccccc1,COc1ccc(CCNCCC[C@](C#N)(c2cc(OC)c(OC)c(OC)c2)C(C)C)cc1OC,1,c1ccc(CCCCNCCc2ccccc2)cc1,0.6513022113022113,0,0.02004044302842626
CNCCC[C@](C#N)(c1ccc(OC)c(OC)c1)C(C)C,0,c1ccccc1,COc1ccc(CCN(C)CCC[C@@](C#N)(c2ccc(OC)c(OC)c2)C(C)C)cc1OC,1,c1ccc(CCCCNCCc2ccccc2)cc1,0.6031746031746033,0,0.02055863136450502
CNCCC[C@](C#N)(c1ccc(OC)c(OC)c1)C(C)C,0,c1ccccc1,COc1cc([C@](C#N)(CCCN(C)CCc2ccc(OC)c(OC)c2)C(C)C)ccc1O,1,c1ccc(CCCCNCCc2ccccc2)cc1,0.54,0,0.01300077550797964
COc1ccc([C@@](C#N)(CCCN)C(C)C)cc1OC,0,c1ccccc1,COc1ccc(CCNCCC[C@@](C#N)(c2ccc(OC)c(OC)c2)C(C)C)cc1OC,1,c1ccc(CCCCNCCc2ccccc2)cc1,0.6676470588235295,0,0.0535431017409627
COc1ccc([C@@](C#N)(CCCN)C(C)C)cc1OC,0,c1ccccc1,COc1ccc(CCN(C)CCC[C@@](C#N)(c2ccc(OC)c(OC)c2)C(C)C)cc1OC,1,c1ccc(CCCCNCCc2ccccc2)cc1,0.6276923076923077,0,0.007568752196732198
COc1ccc([C@@](C#N)(CCCN)C(C)C)cc1OC,0,c1ccccc1,COc1ccc(CCNCCC[C@](C#N)(c2cc(OC)c(OC)c(OC)c2)C(C)C)cc1OC,1,c1ccc(CCCCNCCc2ccccc2)cc1,0.5888030888030888,0,0.022544953457734714
COc1ccc([C@@](C#N)(CCCN)C(C)C)cc1OC,0,c1ccccc1,COc1cc([C@](C#N)(CCCN(C)CCc2ccc(OC)c(OC)c2)C(C)C)ccc1O,1,c1ccc(CCCCNCCc2ccccc2)cc1,0.55952023988006,0,0.0032518026780601174
CCN(CC)CCNC(=O)c1cc(S(C)(=O)=O)ccc1OC,1,c1ccccc1,CCCc1ccc(C(=O)Nc2ccccc2C(=O)NCCN2CCc3cc(OC)c(OC)cc3C2)cc1,1,O=C(Nc1ccccc1C(=O)NCCN1CCc2ccccc2C1)c1ccccc1,0.31230769230769234,1,0.6978889237775256
CCN(CC)CCNC(=O)c1cc(S(C)(=O)=O)ccc1OC,1,c1ccccc1,COc1cc2c(cc1OC)CN(CCNC(=O)c1ccccc1NC(=O)c1ccc(C(C)(C)C)cc1)CC2,1,O=C(Nc1ccccc1C(=O)NCCN1CCc2ccccc2C1)c1ccccc1,0.3011197663096397,1,0.6766145128266333
CCN(CC)CCNC(=O)c1cc(S(C)(=O)=O)ccc1OC,1,c1ccccc1,CCCCCc1ccc(C(=O)Nc2ccccc2C(=O)NCCN2CCc3cc(OC)c(OC)cc3C2)cc1,1,O=C(Nc1ccccc1C(=O)NCCN1CCc2ccccc2C1)c1ccccc1,0.30093708165997324,1,0.760475224408241
CCN(CC)CCNC(=O)c1cc(S(C)(=O)=O)ccc1OC,1,c1ccccc1,COc1cc2c(cc1OC)CN(CCNC(=O)c1ccccc1NC(=O)c1ccc(Cc3ccccc3)cc1)CC2,1,O=C(Nc1ccccc1C(=O)NCCN1CCc2ccccc2C1)c1ccc(Cc2ccccc2)cc1,0.3001960784313726,1,0.5874418119875736
CCN(CC)CCN(CC)CCOC(=O)c1ccc(N)cc1,0,c1ccccc1,CCCC(C(=O)OCCN(CC)CC)(c1ccccc1)c1ccccc1,1,c1ccc(Cc2ccccc2)cc1,0.4184225041367899,0,0.0004755789707157328
CCN(CC)CCN(CC)CCOC(=O)c1ccc(N)cc1,0,c1ccccc1,CCN(CC)C[C@@H](O)COc1ccccc1C(=O)c1ccccc1,1,O=C(c1ccccc1)c1ccccc1,0.2771929824561403,0,0.0011776241672163642
CCN(CC)CCN(CC)CCOC(=O)c1ccc(N)cc1,0,c1ccccc1,CCN(CC)CCNC(=O)c1cc(S(C)(=O)=O)ccc1OC,1,c1ccccc1,0.27472693032015066,0,0.0008280986785754017
CCN(CC)CCN(CC)CCOC(=O)c1ccc(N)cc1,0,c1ccccc1,CCN(CC)c1ccc(-c2nc(-c3ccc(/C=C/C(=O)OC)cc3)[nH]c2-c2ccc(N)cc2)cc1,1,c1ccc(-c2nc(-c3ccccc3)c(-c3ccccc3)[nH]2)cc1,0.2542443064182195,0,0.061358535241020334
CN(C)CCOC(=O)COc1ccc(Cl)cc1,0,c1ccccc1,NC(=O)OC[C@@H](O)COc1ccc(Cl)cc1,1,c1ccccc1,0.4019323671497585,0,0.027480141033340063
CN(C)CCOC(=O)COc1ccc(Cl)cc1,0,c1ccccc1,CC/C(=C(/c1ccccc1)c1ccc(OCCN(C)C)cc1)c1ccccc1,1,C(=C(c1ccccc1)c1ccccc1)c1ccccc1,0.3902040816326531,0,0.010822595096440282
CN(C)CCOC(=O)COc1ccc(Cl)cc1,0,c1ccccc1,O=C(COc1ccc(Cl)cc1)N1CCN(Cc2ccc3c(c2)OCO3)CC1,1,O=C(COc1ccccc1)N1CCN(Cc2ccc3c(c2)OCO3)CC1,0.33159420289855074,0,0.0203707240081571
CN(C)CCOC(=O)COc1ccc(Cl)cc1,0,c1ccccc1,CN(C)CCCN1c2ccccc2Sc2ccc(Cl)cc21,1,c1ccc2c(c1)Nc1ccccc1S2,0.28367071524966264,0,0.09470541409571684
CC(=O)Nc1ccc(OC[C@@H](O)CNC(C)C)cc1,0,c1ccccc1,CC(C)NC[C@@H](O)COc1ccc(Oc2ccccc2)cc1C(=O)CCc1ccccc1,1,O=C(CCc1ccccc1)c1cccc(Oc2ccccc2)c1,0.4346006278339728,0,0.01936187837352898
CC(=O)Nc1ccc(OC[C@@H](O)CNC(C)C)cc1,0,c1ccccc1,CC(=O)c1ccc(OC[C@@H](O)CNCCC(c2ccccc2)c2ccccc2)cc1,1,c1ccc(OCCCNCCC(c2ccccc2)c2ccccc2)cc1,0.4254545454545454,0,0.05006266163551307
CC(=O)Nc1ccc(OC[C@@H](O)CNC(C)C)cc1,0,c1ccccc1,NC(=O)OC[C@@H](O)COc1ccc(Cl)cc1,1,c1ccccc1,0.3670482827277253,0,0.06457133306227893
CC(=O)Nc1ccc(OC[C@@H](O)CNC(C)C)cc1,0,c1ccccc1,O=C(CCc1ccccc1)c1ccc(OC[C@@H](O)CNCCC(c2ccccc2)c2ccccc2)cc1,1,O=C(CCc1ccccc1)c1ccc(OCCCNCCC(c2ccccc2)c2ccccc2)cc1,0.3501344086021505,0,0.025477136125997616
NCc1ccc(S(N)(=O)=O)cc1,1,c1ccccc1,CCN(CC)CCNC(=O)c1cc(S(C)(=O)=O)ccc1OC,1,c1ccccc1,0.1758490566037736,0,0.08443022542890816
NCc1ccc(S(N)(=O)=O)cc1,1,c1ccccc1,C=C1CC(=O)c2c(OC[C@@H](O)CN3CCCCC3)cccc21,1,C=C1CC(=O)c2c(OCCCN3CCCCC3)cccc21,0.1596825396825397,1,0.8653735031989681
NCc1ccc(S(N)(=O)=O)cc1,1,c1ccccc1,COc1cccc(CCc2ccccc2NCc2ccc(OC)c(OC)c2)c1,1,c1ccc(CCc2ccccc2NCc2ccccc2)cc1,0.15896103896103894,0,0.3593880237731491
NCc1ccc(S(N)(=O)=O)cc1,1,c1ccccc1,COc1cccc(CCc2ccccc2NCc2cccc(OC)c2)c1,1,c1ccc(CCc2ccccc2NCc2ccccc2)cc1,0.15678271308523412,0,0.17286006163566453
COCCCC/C(=N/OCCN)c1ccc(C(F)(F)F)cc1,0,c1ccccc1,CNCC[C@@H](Oc1ccc(C(F)(F)F)cc1)c1ccccc1,1,c1ccc(COc2ccccc2)cc1,0.2415147265077139,0,0.020250857996658843
COCCCC/C(=N/OCCN)c1ccc(C(F)(F)F)cc1,0,c1ccccc1,O=C(CCc1ccccc1)c1ccccc1OC[C@@H](O)CNc1ccc(C(F)(F)F)cc1,1,O=C(CCc1ccccc1)c1ccccc1OCCCNc1ccccc1,0.222962962962963,0,0.10514410464887582
COCCCC/C(=N/OCCN)c1ccc(C(F)(F)F)cc1,0,c1ccccc1,CCCCCN(CCCOC)C(=O)[C@H](CCC(=O)O)NC(=O)c1ccc(Cl)c(Cl)c1,1,c1ccccc1,0.21541409410261872,0,0.015805724523988155
COCCCC/C(=N/OCCN)c1ccc(C(F)(F)F)cc1,0,c1ccccc1,COc1cccc(CCc2ccccc2OCCCCN2CCN(c3cccc(C(F)(F)F)c3)CC2)c1,1,c1ccc(CCc2ccccc2OCCCCN2CCN(c3ccccc3)CC2)cc1,0.21427937915742795,0,0.04285841845772169
NC(=O)OC[C@@H](O)COc1ccc(Cl)cc1,1,c1ccccc1,CC(=O)c1ccc(OC[C@@H](O)CNCCC(c2ccccc2)c2ccccc2)cc1,1,c1ccc(OCCCNCCC(c2ccccc2)c2ccccc2)cc1,0.3254545454545455,0,0.41068988525574407
NC(=O)OC[C@@H](O)COc1ccc(Cl)cc1,1,c1ccccc1,CC(C)N(C[C@@H](O)COc1ccc(C(=O)CCc2ccccc2)cc1)C(C)C,1,O=C(CCc1ccccc1)c1ccccc1,0.3193650793650794,1,0.7212055905136201
NC(=O)OC[C@@H](O)COc1ccc(Cl)cc1,1,c1ccccc1,CCCN(CCC)C[C@@H](O)COc1ccc(C(=O)CCc2ccccc2)cc1,1,O=C(CCc1ccccc1)c1ccccc1,0.31485380116959066,1,0.6970374590103976
NC(=O)OC[C@@H](O)COc1ccc(Cl)cc1,1,c1ccccc1,O=C(CCc1ccccc1)c1ccc(OC[C@H](O)CN2CCCCC2)cc1,1,O=C(CCc1ccccc1)c1ccc(OCCCN2CCCCC2)cc1,0.31049808429118775,0,0.33159247380362444
CCCNC(=O)NS(=O)(=O)c1ccc(Cl)cc1,0,c1ccccc1,CCN(CC)CCNC(=O)c1cc(S(C)(=O)=O)ccc1OC,1,c1ccccc1,0.26851574212893553,0,0.006804381665603423
CCCNC(=O)NS(=O)(=O)c1ccc(Cl)cc1,0,c1ccccc1,NC(=O)OC[C@@H](O)COc1ccc(Cl)cc1,1,c1ccccc1,0.24323529411764705,0,0.004525577752651016
CCCNC(=O)NS(=O)(=O)c1ccc(Cl)cc1,0,c1ccccc1,NCc1ccc(S(N)(=O)=O)cc1,1,c1ccccc1,0.2280479210711769,0,0.0017879640375537
CCCNC(=O)NS(=O)(=O)c1ccc(Cl)cc1,0,c1ccccc1,CC[C@H](C)c1ccc([C@@H]2Nc3ccccc3C(=O)N2c2ccc(Cl)cc2)cc1,1,O=C1c2ccccc2NC(c2ccccc2)N1c1ccccc1,0.2236363636363637,0,0.009143238542401155
CCN(CC)CCNC(=O)COc1ccc(OC)cc1,0,c1ccccc1,CCN(CC)CCNC(=O)c1cc(S(C)(=O)=O)ccc1OC,1,c1ccccc1,0.4460038986354776,0,0.003770430850991059
CCN(CC)CCNC(=O)COc1ccc(OC)cc1,0,c1ccccc1,CCCN(CCC)C[C@@H](O)COc1ccc(C(=O)CCc2ccccc2)cc1,1,O=C(CCc1ccccc1)c1ccccc1,0.30717668488160293,0,0.015539947845577906
CCN(CC)CCNC(=O)COc1ccc(OC)cc1,0,c1ccccc1,CCCC(C(=O)OCCN(CC)CC)(c1ccccc1)c1ccccc1,1,c1ccc(Cc2ccccc2)cc1,0.2898701298701299,0,0.008209687044052071
CCN(CC)CCNC(=O)COc1ccc(OC)cc1,0,c1ccccc1,CCN(CC)C[C@@H](O)COc1ccccc1C(=O)c1ccccc1,1,O=C(c1ccccc1)c1ccccc1,0.27656056221579167,0,0.008010353309268487
O=C(O)/C=C/c1ccc(O)c(O)c1,0,c1ccccc1,CN(C)c1ccc(-c2nc(-c3ccc(/C=C/C(=O)O)cc3)[nH]c2-c2ccc(N(C)C)cc2)cc1,1,c1ccc(-c2nc(-c3ccccc3)c(-c3ccccc3)[nH]2)cc1,0.33155555555555555,0,0.00040738224500459503
O=C(O)/C=C/c1ccc(O)c(O)c1,0,c1ccccc1,CNc1ccc(-c2nc(-c3ccc(/C=C/C(=O)OC)cc3)[nH]c2-c2ccc(NC)cc2)cc1,1,c1ccc(-c2nc(-c3ccccc3)c(-c3ccccc3)[nH]2)cc1,0.20476190476190476,0,0.031827871606017626
O=C(O)/C=C/c1ccc(O)c(O)c1,0,c1ccccc1,COC(=O)/C=C/c1ccc(-c2nc(-c3ccc(N(C)C)cc3)c(-c3ccc(N(C)C)cc3)[nH]2)cc1,1,c1ccc(-c2nc(-c3ccccc3)c(-c3ccccc3)[nH]2)cc1,0.20371517027863778,0,0.0005079825758800213
O=C(O)/C=C/c1ccc(O)c(O)c1,0,c1ccccc1,C=CCN(CC=C)c1ccc(-c2nc(-c3ccc(/C=C/C(=O)OC)cc3)[nH]c2-c2ccc(N(CC=C)CC=C)cc2)cc1,1,c1ccc(-c2nc(-c3ccccc3)c(-c3ccccc3)[nH]2)cc1,0.20046920821114372,0,0.061113881486154
CC[C@H](C(=O)OCCN(CC)CC)c1ccccc1,0,c1ccccc1,CCCC(C(=O)OCCN(CC)CC)(c1ccccc1)c1ccccc1,1,c1ccc(Cc2ccccc2)cc1,0.53125,0,0.03030656545099465
CC[C@H](C(=O)OCCN(CC)CC)c1ccccc1,0,c1ccccc1,CCN(CC)C[C@@H](O)COc1ccccc1C(=O)c1ccccc1,1,O=C(c1ccccc1)c1ccccc1,0.3416666666666667,0,0.0034051484321564857
CC[C@H](C(=O)OCCN(CC)CC)c1ccccc1,0,c1ccccc1,CCN(CC)C[C@@H](O)COc1ccccc1C(=O)CCc1ccccc1,1,O=C(CCc1ccccc1)c1ccccc1,0.3244663382594417,0,0.0062250347301094034
CC[C@H](C(=O)OCCN(CC)CC)c1ccccc1,0,c1ccccc1,CCN(CC)C[C@H](O)COc1ccccc1C(=O)CCc1ccccc1,1,O=C(CCc1ccccc1)c1ccccc1,0.3244663382594417,0,0.0062250347301094034
CC(C)NC[C@@H](O)COc1ccc(CC(N)=O)cc1,0,c1ccccc1,CC(C)NC[C@@H](O)COc1ccc(Oc2ccccc2)cc1C(=O)CCc1ccccc1,1,O=C(CCc1ccccc1)c1cccc(Oc2ccccc2)c1,0.4722801788375559,0,0.008062298650508429
CC(C)NC[C@@H](O)COc1ccc(CC(N)=O)cc1,0,c1ccccc1,NC(=O)OC[C@@H](O)COc1ccc(Cl)cc1,1,c1ccccc1,0.4354955889984432,0,0.01199997382777179
CC(C)NC[C@@H](O)COc1ccc(CC(N)=O)cc1,0,c1ccccc1,CC(=O)c1ccc(OC[C@@H](O)CNCCC(c2ccccc2)c2ccccc2)cc1,1,c1ccc(OCCCNCCC(c2ccccc2)c2ccccc2)cc1,0.4110975112199103,0,0.01780208193375963
CC(C)NC[C@@H](O)COc1ccc(CC(N)=O)cc1,0,c1ccccc1,O=C(CCc1ccccc1)c1ccc(OC[C@@H](O)CNCCC(c2ccccc2)c2ccccc2)cc1,1,O=C(CCc1ccccc1)c1ccc(OCCCNCCC(c2ccccc2)c2ccccc2)cc1,0.3860931899641577,0,0.029692192961801398
COc1ccc(C[C@@H](O)CO)cc1OC,0,c1ccccc1,COc1ccc(COc2ccccc2CCc2ccccc2)cc1OC,1,c1ccc(CCc2ccccc2OCc2ccccc2)cc1,0.3956521739130435,0,0.00481995365510196
COc1ccc(C[C@@H](O)CO)cc1OC,0,c1ccccc1,COc1cccc(CCc2ccccc2OCc2ccc(OC)c(OC)c2)c1,1,c1ccc(CCc2ccccc2OCc2ccccc2)cc1,0.3634408602150538,0,0.0020455360968865757
COc1ccc(C[C@@H](O)CO)cc1OC,0,c1ccccc1,COc1ccc([C@@H](O)CN2CCN(C(c3ccccc3)c3ccccc3)CC2)cc1OC,1,c1ccc(CCN2CCN(C(c3ccccc3)c3ccccc3)CC2)cc1,0.34487179487179487,0,0.0679859519545249
COc1ccc(C[C@@H](O)CO)cc1OC,0,c1ccccc1,COc1cccc(CCc2ccccc2NCc2ccc(OC)c(OC)c2)c1,1,c1ccc(CCc2ccccc2NCc2ccccc2)cc1,0.34231805929919135,0,0.009919960016635188
CNC[C@@H](O)c1ccc(O)c(OC)c1,1,c1ccccc1,COc1ccc([C@@H](O)CN2CCN(C(c3ccccc3)c3ccccc3)CC2)cc1OC,1,c1ccc(CCN2CCN(C(c3ccccc3)c3ccccc3)CC2)cc1,0.35996318453750575,0,0.3279444395374131
CNC[C@@H](O)c1ccc(O)c(OC)c1,1,c1ccccc1,C[C@H](Cc1ccc(O)cc1)NC[C@H](O)c1cc(O)cc(O)c1,1,c1ccc(CCNCCc2ccccc2)cc1,0.33678985107556536,0,0.27637363757002986
CNC[C@@H](O)c1ccc(O)c(OC)c1,1,c1ccccc1,COc1cc([C@](C#N)(CCCN(C)CCc2ccc(OC)c(OC)c2)C(C)C)ccc1O,1,c1ccc(CCCCNCCc2ccccc2)cc1,0.28484848484848485,0,0.13364351963487922
CNC[C@@H](O)c1ccc(O)c(OC)c1,1,c1ccccc1,COc1cc([C@@H]2Oc3cc([C@H]4Oc5cc(OCc6ccccc6)cc(O)c5C(=O)[C@@H]4O)ccc3O[C@H]2CO)ccc1O,1,O=C1CC(c2ccc3c(c2)OC(c2ccccc2)CO3)Oc2cc(OCc3ccccc3)ccc21,0.25866666666666666,0,0.2889755046332254
CC(C)(C)NC[C@@H](O)c1cc(Cl)c(N)c(Cl)c1,0,c1ccccc1,C[C@H](Cc1ccc(O)cc1)NC[C@H](O)c1cc(O)cc(O)c1,1,c1ccc(CCNCCc2ccccc2)cc1,0.30225563909774433,0,0.0008586234555286536
CC(C)(C)NC[C@@H](O)c1cc(Cl)c(N)c(Cl)c1,0,c1ccccc1,CNC[C@@H](O)c1ccc(O)c(OC)c1,1,c1ccccc1,0.2833333333333333,0,0.03517445749846563
CC(C)(C)NC[C@@H](O)c1cc(Cl)c(N)c(Cl)c1,0,c1ccccc1,Cc1c(C(=O)CCc2ccccc2)c(=O)n(-c2ccccc2)n1C[C@@H](O)CNC(C)(C)C,1,O=C(CCc1ccccc1)c1c[nH]n(-c2ccccc2)c1=O,0.24335164835164838,0,0.003367324598110186
CC(C)(C)NC[C@@H](O)c1cc(Cl)c(N)c(Cl)c1,0,c1ccccc1,CCCNC[C@@H](O)c1oc2ccccc2c1CC,1,c1ccc2occc2c1,0.1936842105263158,0,0.0618371383299487
CCOCCOC(=O)c1ccc(N)cc1,0,c1ccccc1,CCOC(=O)C1=C(C)NC(C)=C(C(=O)OC)[C@H]1c1cccc([N+](=O)[O-])c1,1,C1=CC(c2ccccc2)C=CN1,0.24444444444444446,0,0.003328524920402968
CCOCCOC(=O)c1ccc(N)cc1,0,c1ccccc1,COC(=O)c1ccc(NC[C@@H](O)COc2ccccc2C(=O)CCc2ccccc2)cc1,1,O=C(CCc1ccccc1)c1ccccc1OCCCNc1ccccc1,0.23882978723404258,0,0.014878549722320424
CCOCCOC(=O)c1ccc(N)cc1,0,c1ccccc1,COC(=O)c1ccc(NC[C@H](O)COc2ccccc2C(=O)CCc2ccccc2)cc1,1,O=C(CCc1ccccc1)c1ccccc1OCCCNc1ccccc1,0.23882978723404258,0,0.014878549722320424
CCOCCOC(=O)c1ccc(N)cc1,0,c1ccccc1,CCN(CC)c1ccc(-c2nc(-c3ccc(/C=C/C(=O)OC)cc3)[nH]c2-c2ccc(N)cc2)cc1,1,c1ccc(-c2nc(-c3ccccc3)c(-c3ccccc3)[nH]2)cc1,0.236796785304248,0,0.004645491927849193
CNCC(C)(C)c1ccccc1,0,c1ccccc1,CNCC[C@@H](Oc1ccc(C(F)(F)F)cc1)c1ccccc1,1,c1ccc(COc2ccccc2)cc1,0.3085271317829457,0,0.013042289162987306
CNCC(C)(C)c1ccccc1,0,c1ccccc1,CNCCCC12CCC(c3ccccc31)c1ccccc12,1,c1ccc2c(c1)C1CCC2c2ccccc21,0.2861326442721792,0,0.017437611953136686
CNCC(C)(C)c1ccccc1,0,c1ccccc1,C[C@@H](NCCC(c1ccccc1)c1ccccc1)c1ccccc1,1,c1ccc(CNCCC(c2ccccc2)c2ccccc2)cc1,0.2826373626373626,0,0.0004905625516427499
CNCC(C)(C)c1ccccc1,0,c1ccccc1,CCCC(C(=O)OCCN(CC)CC)(c1ccccc1)c1ccccc1,1,c1ccc(Cc2ccccc2)cc1,0.23444444444444446,0,0.0028374686478386635
CC(C)(Oc1ccc(Cl)cc1)C(=O)O,0,c1ccccc1,NC(=O)OC[C@@H](O)COc1ccc(Cl)cc1,1,c1ccccc1,0.34901960784313724,0,0.0013338098891650225
CC(C)(Oc1ccc(Cl)cc1)C(=O)O,0,c1ccccc1,CN1CCC[C@H]1CCO[C@](C)(c1ccccc1)c1ccc(Cl)cc1,1,c1ccc(C(OCCC2CCCN2)c2ccccc2)cc1,0.26083916083916087,0,0.0012227422588231222
CC(C)(Oc1ccc(Cl)cc1)C(=O)O,0,c1ccccc1,CN(C)C(=O)C(CCN1CCC(O)(c2ccc(Cl)cc2)CC1)(c1ccccc1)c1ccccc1,1,c1ccc(C2CCN(CCC(c3ccccc3)c3ccccc3)CC2)cc1,0.2583524027459954,0,0.0011015688488005561
CC(C)(Oc1ccc(Cl)cc1)C(=O)O,0,c1ccccc1,O=C(COc1ccc(Cl)cc1)N1CCN(Cc2ccc3c(c2)OCO3)CC1,1,O=C(COc1ccccc1)N1CCN(Cc2ccc3c(c2)OCO3)CC1,0.2518103770063457,0,0.0026597855404965464
COc1ccccc1OC[C@H](O)COC(N)=O,0,c1ccccc1,NC(=O)OC[C@@H](O)COc1ccc(Cl)cc1,1,c1ccccc1,0.5603027754415476,0,0.00774494334593702
COc1ccccc1OC[C@H](O)COC(N)=O,0,c1ccccc1,COc1ccccc1OCCNC[C@H](O)COc1cccc2[nH]c3ccccc3c12,1,c1ccc(OCCNCCCOc2cccc3[nH]c4ccccc4c23)cc1,0.4037593984962406,0,0.16197868669994298
COc1ccccc1OC[C@H](O)COC(N)=O,0,c1ccccc1,CCN(CC)C[C@@H](O)COc1ccccc1C(=O)c1ccccc1,1,O=C(c1ccccc1)c1ccccc1,0.3874097007223942,0,0.02770601616485952
COc1ccccc1OC[C@H](O)COC(N)=O,0,c1ccccc1,CN(C)C[C@H](O)COc1ccccc1C(=O)CCc1ccccc1,1,O=C(CCc1ccccc1)c1ccccc1,0.3701794753796595,0,0.008350842495924667
C#CCN(C)CCCOc1ccc(Cl)cc1Cl,0,c1ccccc1,CN(C)CCCN1c2ccccc2Sc2ccc(Cl)cc21,1,c1ccc2c(c1)Nc1ccccc1S2,0.29838983050847456,0,0.163040583787144
C#CCN(C)CCCOc1ccc(Cl)cc1Cl,0,c1ccccc1,COc1cccc(CCc2ccccc2OCCCN2CCN(c3cccc(Cl)c3)CC2)c1,1,c1ccc(CCc2ccccc2OCCCN2CCN(c3ccccc3)CC2)cc1,0.260472972972973,0,0.02857585086202649
C#CCN(C)CCCOc1ccc(Cl)cc1Cl,0,c1ccccc1,COc1ccc(CCN(C)CCC[C@@](C#N)(c2ccc(OC)c(OC)c2)C(C)C)cc1OC,1,c1ccc(CCCCNCCc2ccccc2)cc1,0.251044776119403,0,0.01895802059143079
C#CCN(C)CCCOc1ccc(Cl)cc1Cl,0,c1ccccc1,COc1cccc(CCc2ccccc2OCCCCN2CCN(c3cccc(Cl)c3)CC2)c1,1,c1ccc(CCc2ccccc2OCCCCN2CCN(c3ccccc3)CC2)cc1,0.2506666666666667,0,0.02697339921445705
COc1ccc(OC)c([C@@H](O)[C@H](C)N)c1,0,c1ccccc1,CNC[C@@H](O)c1ccc(O)c(OC)c1,1,c1ccccc1,0.29905437352245867,0,0.0034247781507587005
COc1ccc(OC)c([C@@H](O)[C@H](C)N)c1,0,c1ccccc1,COc1cccc(CCc2ccccc2OCc2ccc(OC)c(OC)c2)c1,1,c1ccc(CCc2ccccc2OCc2ccccc2)cc1,0.2986928104575164,0,0.0009263620114994927
COc1ccc(OC)c([C@@H](O)[C@H](C)N)c1,0,c1ccccc1,COc1cccc(CCc2ccccc2OCc2ccccc2OC)c1,1,c1ccc(CCc2ccccc2OCc2ccccc2)cc1,0.29839572192513375,0,0.0022231980691449693
COc1ccc(OC)c([C@@H](O)[C@H](C)N)c1,0,c1ccccc1,COc1ccc(COc2ccccc2CCc2cccc(OC)c2)cc1,1,c1ccc(CCc2ccccc2OCc2ccccc2)cc1,0.2941724941724942,0,0.0017518691418875897
CNC(=O)Oc1ccc(N(C)C)c(C)c1,0,c1ccccc1,COC(=O)c1ccc(-c2nc(-c3ccc(N(C)C)cc3)c(-c3ccc(N(C)C)cc3)[nH]2)cc1,1,c1ccc(-c2nc(-c3ccccc3)c(-c3ccccc3)[nH]2)cc1,0.20526505589614139,0,0.01666537303608153
CNC(=O)Oc1ccc(N(C)C)c(C)c1,0,c1ccccc1,CCN(CC)CCNC(=O)c1cc(S(C)(=O)=O)ccc1OC,1,c1ccccc1,0.19907834101382488,0,0.009206430855961609
CNC(=O)Oc1ccc(N(C)C)c(C)c1,0,c1ccccc1,COC(=O)[C@H]1C[C@H]1c1ccc(-c2nc(-c3ccc(N(C)C)cc3)c(-c3ccc(N(C)C)cc3)[nH]2)cc1,1,c1ccc(-c2nc(-c3ccc(C4CC4)cc3)[nH]c2-c2ccccc2)cc1,0.19531160663236136,0,0.009283321018272183
CNC(=O)Oc1ccc(N(C)C)c(C)c1,0,c1ccccc1,CCCCCCn1c(-c2ccc(C(=O)OC)cc2)nc(-c2ccc(N(C)C)cc2)c1-c1ccc(N(C)C)cc1,1,c1ccc(-c2nc(-c3ccccc3)c(-c3ccccc3)[nH]2)cc1,0.19294117647058825,0,0.030507201711791946
C[C@H](CN(C)C)[C@](C)(O)Cc1ccc(Cl)cc1,0,c1ccccc1,CN(C)C(=O)C(CCN1CCC(O)(c2ccc(Cl)cc2)CC1)(c1ccccc1)c1ccccc1,1,c1ccc(C2CCN(CCC(c3ccccc3)c3ccccc3)CC2)cc1,0.2540697674418605,0,0.03444352052665905
C[C@H](CN(C)C)[C@](C)(O)Cc1ccc(Cl)cc1,0,c1ccccc1,CN(C)C[C@H](O)COc1ccccc1C(=O)CCc1ccccc1,1,O=C(CCc1ccccc1)c1ccccc1,0.23990755007704162,0,0.030971111751347553
C[C@H](CN(C)C)[C@](C)(O)Cc1ccc(Cl)cc1,0,c1ccccc1,CN1CCC[C@H]1CCO[C@](C)(c1ccccc1)c1ccc(Cl)cc1,1,c1ccc(C(OCCC2CCCN2)c2ccccc2)cc1,0.23142857142857148,0,0.002073808485510833
C[C@H](CN(C)C)[C@](C)(O)Cc1ccc(Cl)cc1,0,c1ccccc1,CN(C)CCCN1c2ccccc2Sc2ccc(Cl)cc21,1,c1ccc2c(c1)Nc1ccccc1S2,0.23032581453634085,0,0.0032417468893369958
CCN(CC)c1ccccc1,0,c1ccccc1,c1ccc(CN(CC2=NCCN2)c2ccccc2)cc1,1,c1ccc(CN(CC2=NCCN2)c2ccccc2)cc1,0.3333333333333333,0,0.012243793200381272
CCN(CC)c1ccccc1,0,c1ccccc1,CC(C)COC[C@H](CN(Cc1ccccc1)c1ccccc1)N1CCCC1,1,c1ccc(CN(CCN2CCCC2)c2ccccc2)cc1,0.29777777777777775,0,0.008271771468826693
CCN(CC)c1ccccc1,0,c1ccccc1,CCOC/C=C/c1ccc(-c2ncc(-c3ccc(N(CC)CC)cc3)[nH]2)cc1,1,c1ccc(-c2cnc(-c3ccccc3)[nH]2)cc1,0.2754027926960258,0,0.02588106835288685
CCN(CC)c1ccccc1,0,c1ccccc1,CCOC/C=C/c1ccc(-c2nc(-c3ccc(N(CC)CC)cc3)c(-c3ccc(N(CC)CC)cc3)[nH]2)cc1,1,c1ccc(-c2nc(-c3ccccc3)c(-c3ccccc3)[nH]2)cc1,0.26953846153846156,0,0.1280807396715181
COCCc1ccc(OC[C@@H](O)CNC(C)C)cc1,0,c1ccccc1,CC(C)NC[C@@H](O)COc1ccc(Oc2ccccc2)cc1C(=O)CCc1ccccc1,1,O=C(CCc1ccccc1)c1cccc(Oc2ccccc2)c1,0.47818181818181826,0,0.022876686522124462
COCCc1ccc(OC[C@@H](O)CNC(C)C)cc1,0,c1ccccc1,O=C(CCc1ccccc1)c1ccc(OC[C@@H](O)CNCCC(c2ccccc2)c2ccccc2)cc1,1,O=C(CCc1ccccc1)c1ccc(OCCCNCCC(c2ccccc2)c2ccccc2)cc1,0.39074681238615666,0,0.02893998768428508
COCCc1ccc(OC[C@@H](O)CNC(C)C)cc1,0,c1ccccc1,CC(C)[C@@H](NC[C@H](O)COc1ccccc1C(=O)CCc1ccccc1)c1ccccc1,1,O=C(CCc1ccccc1)c1ccccc1OCCCNCc1ccccc1,0.3838709677419355,0,0.014149373751729854
COCCc1ccc(OC[C@@H](O)CNC(C)C)cc1,0,c1ccccc1,CC(=O)c1ccc(OC[C@@H](O)CNCCC(c2ccccc2)c2ccccc2)cc1,1,c1ccc(OCCCNCCC(c2ccccc2)c2ccccc2)cc1,0.37818765036086616,0,0.033000095403013054
Cc1cccc(C)c1OC[C@@H](C)N,0,c1ccccc1,Cc1ccccc1N1CCN(C[C@H](O)COc2cccc(C(=O)CCc3ccccc3)c2)CC1,1,O=C(CCc1ccccc1)c1cccc(OCCCN2CCN(c3ccccc3)CC2)c1,0.2274747474747475,0,0.0014625543646779005
Cc1cccc(C)c1OC[C@@H](C)N,0,c1ccccc1,CC(C)N(C[C@H](O)COc1ccccc1[C@H](O)CCc1ccccc1)C(C)C,1,c1ccc(CCCc2ccccc2)cc1,0.2201058201058201,0,0.009271365351939231
Cc1cccc(C)c1OC[C@@H](C)N,0,c1ccccc1,COc1cccc(COc2ccccc2CCc2ccccc2)c1OC,1,c1ccc(CCc2ccccc2OCc2ccccc2)cc1,0.21960784313725493,0,0.0037941629727450176
Cc1cccc(C)c1OC[C@@H](C)N,0,c1ccccc1,CCN(CC)C[C@@H](O)COc1ccccc1C(=O)c1ccccc1,1,O=C(c1ccccc1)c1ccccc1,0.21580826109127998,0,0.0027348118862145286
CCOc1ccc2c(c1)C(C)=CC(C)(C)N2,0,C1=Cc2ccccc2NC1,CCc1ccc(N2C(=O)c3ccccc3N[C@@H]2c2ccc(OCC(C)C)cc2)cc1,1,O=C1c2ccccc2NC(c2ccccc2)N1c1ccccc1,0.226280193236715,0,0.02010453691414827
CCOc1ccc2c(c1)C(C)=CC(C)(C)N2,0,C1=Cc2ccccc2NC1,CC/C(=C(/c1ccccc1)c1ccc(OCCN(C)C)cc1)c1ccccc1,1,C(=C(c1ccccc1)c1ccccc1)c1ccccc1,0.2148510811913505,0,0.00850331354056495
CCOc1ccc2c(c1)C(C)=CC(C)(C)N2,0,C1=Cc2ccccc2NC1,CC[C@@H](C)c1ccc(N2C(=O)c3ccccc3N[C@@H]2c2ccc(OC)cc2)cc1,1,O=C1c2ccccc2NC(c2ccccc2)N1c1ccccc1,0.20731225296442687,0,0.02160969324589243
CCOc1ccc2c(c1)C(C)=CC(C)(C)N2,0,C1=Cc2ccccc2NC1,CCCNC[C@H](O)COc1ccc(OCc2ccccc2)cc1C(=O)CCc1ccccc1,1,O=C(CCc1ccccc1)c1cccc(OCc2ccccc2)c1,0.19529594210390283,0,0.026477253860346706
CN1[C@@H]2CC[C@H]1CC(OC(=O)[C@H](CO)c1ccccc1)C2,0,O=C(Cc1ccccc1)OC1CC2CCC(C1)N2,COC(=O)N1[C@H]2C3[C@H](c4ccccc4)C4(CO)[C@@H]1C1[C@@H](c5ccccc5)C2(CO)[C@@H]3N(C(=O)OC)[C@H]14,1,c1ccc(C2C3C4NC5C2C2NC3C4C(c3ccccc3)C52)cc1,0.2938603868797309,0,0.002038505442319201
CN1[C@@H]2CC[C@H]1CC(OC(=O)[C@H](CO)c1ccccc1)C2,0,O=C(Cc1ccccc1)OC1CC2CCC(C1)N2,CC(C)(C)OC(=O)N1[C@H]2C3[C@H](c4ccccc4)C4(CO)[C@@H]1C1[C@H](c5ccccc5)C2(CO)[C@@H]3N(C(=O)OC(C)(C)C)[C@H]14,1,c1ccc(C2C3C4NC5C2C2NC3C4C(c3ccccc3)C52)cc1,0.2796035074342356,0,0.015921563995024948
CN1[C@@H]2CC[C@H]1CC(OC(=O)[C@H](CO)c1ccccc1)C2,0,O=C(Cc1ccccc1)OC1CC2CCC(C1)N2,O=C(Oc1ccccc1)N1[C@H]2C3[C@@H](c4ccccc4)C4(CO)[C@@H]1C1[C@@H](c5ccccc5)C2(CO)[C@H]3N(C(=O)Oc2ccccc2)[C@H]14,1,O=C(Oc1ccccc1)N1C2C3C(c4ccccc4)C4C1C1C(c5ccccc5)C2C3N(C(=O)Oc2ccccc2)C41,0.2651162790697675,0,0.03052892795222362
CN1[C@@H]2CC[C@H]1CC(OC(=O)[C@H](CO)c1ccccc1)C2,0,O=C(Cc1ccccc1)OC1CC2CCC(C1)N2,CCC(=O)N(c1ccccc1)C1CCN(CCc2ccccc2)CC1,1,c1ccc(CCN2CCC(Nc3ccccc3)CC2)cc1,0.2642293906810036,0,0.01280380222122241
CN(C)c1ccc(-c2nc(C(F)(F)F)nc(C(F)(F)F)n2)cc1,0,c1ccc(-c2ncncn2)cc1,CN(C)c1ccc(-c2nc(-c3ccc(O)cc3)[nH]c2-c2ccc(N(C)C)cc2)cc1,1,c1ccc(-c2nc(-c3ccccc3)c(-c3ccccc3)[nH]2)cc1,0.33178294573643413,0,0.19828577057885977
CN(C)c1ccc(-c2nc(C(F)(F)F)nc(C(F)(F)F)n2)cc1,0,c1ccc(-c2ncncn2)cc1,COC(=O)c1ccc(-c2nc(-c3ccc(N(C)C)cc3)c(-c3ccc(N(C)C)cc3)[nH]2)cc1,1,c1ccc(-c2nc(-c3ccccc3)c(-c3ccccc3)[nH]2)cc1,0.313202614379085,0,0.09571412223042679
CN(C)c1ccc(-c2nc(C(F)(F)F)nc(C(F)(F)F)n2)cc1,0,c1ccc(-c2ncncn2)cc1,CCCCCCn1c(-c2ccc(C(=O)O)cc2)nc(-c2ccc(N(C)C)cc2)c1-c1ccc(N(C)C)cc1,1,c1ccc(-c2nc(-c3ccccc3)c(-c3ccccc3)[nH]2)cc1,0.30526315789473685,0,0.09868418602083012
CN(C)c1ccc(-c2nc(C(F)(F)F)nc(C(F)(F)F)n2)cc1,0,c1ccc(-c2ncncn2)cc1,CN(C)c1ccc(-c2nc(-c3ccc(C(=O)O)cc3)n(CCc3ccccc3)c2-c2ccc(N(C)C)cc2)cc1,1,c1ccc(CCn2c(-c3ccccc3)nc(-c3ccccc3)c2-c2ccccc2)cc1,0.3025964912280702,0,0.09461357015518611
C[C@H]1[C@H](C)CC[C@@]2(C(=O)O)CC[C@@]3(C)C(=CC[C@@H]4[C@@]5(C)CC[C@@H](O)C(C)(C)[C@H]5CC[C@]43C)[C@H]12,0,C1=C2C3CCCCC3CCC2C2CCC3CCCCC3C2C1,CC1(C)[C@H]2CC[C@@]3(C)[C@H](C(=O)C=C4[C@@H]5C[C@@](C)(C(=O)O)CC[C@@]5(C)CC[C@@]43C)[C@]2(C)CC[C@H]1OC(=O)CCC(=O)O,1,O=C1C=C2C3CCCCC3CCC2C2CCC3CCCCC3C12,0.3227168234064786,0,0.20142748278823783
C[C@H]1[C@H](C)CC[C@@]2(C(=O)O)CC[C@@]3(C)C(=CC[C@@H]4[C@@]5(C)CC[C@@H](O)C(C)(C)[C@H]5CC[C@]43C)[C@H]12,0,C1=C2C3CCCCC3CCC2C2CCC3CCCCC3C2C1,CC(=O)O[C@@H]1C[C@]2(C)[C@@H](C[C@@H](O)[C@@H]3[C@]4(C)CC[C@@H](O)[C@H](C)[C@H]4CC[C@]32C)/C1=C(\CCC=C(C)C)C(=O)O,1,C=C1CCC2C1CCC1C3CCCCC3CCC21,0.24201228878648234,0,0.2965254958335823
C[C@H]1[C@H](C)CC[C@@]2(C(=O)O)CC[C@@]3(C)C(=CC[C@@H]4[C@@]5(C)CC[C@@H](O)C(C)(C)[C@H]5CC[C@]43C)[C@H]12,0,C1=C2C3CCCCC3CCC2C2CCC3CCCCC3C2C1,C[C@@]12CC[C@@H]3C(CCC4=CC(=O)CC[C@]43C)[C@H]1CC[C@H]2O,1,O=C1C=C2CCC3C4CCCC4CCC3C2CC1,0.23111111111111116,0,0.18847045824331252
C[C@H]1[C@H](C)CC[C@@]2(C(=O)O)CC[C@@]3(C)C(=CC[C@@H]4[C@@]5(C)CC[C@@H](O)C(C)(C)[C@H]5CC[C@]43C)[C@H]12,0,C1=C2C3CCCCC3CCC2C2CCC3CCCCC3C2C1,CCNC(=O)Nc1ccc(S[C@@H]2CC3=CC(=O)CC[C@]3(C)[C@@H]3CC[C@]4(C)[C@@H](C(C)=O)CC[C@@H]4[C@@H]32)cc1,1,O=C1C=C2CC(Sc3ccccc3)C3C4CCCC4CCC3C2CC1,0.168625,0,0.30694104120046184
N[C@H](Cn1ccc(=O)c(O)c1)C(=O)O,0,O=c1cc[nH]cc1,O=c1c2ccccc2n(CCCCN2CCN(CCO)CC2)c2ccccc12,1,O=c1c2ccccc2n(CCCCN2CCNCC2)c2ccccc12,0.18859180035650627,0,0.0023252747814517874
N[C@H](Cn1ccc(=O)c(O)c1)C(=O)O,0,O=c1cc[nH]cc1,O=c1c2ccccc2n(CCCN2CCN(CCO)CC2)c2ccccc12,1,O=c1c2ccccc2n(CCCN2CCNCC2)c2ccccc12,0.18859180035650627,0,0.0011793339196369244
N[C@H](Cn1ccc(=O)c(O)c1)C(=O)O,0,O=c1cc[nH]cc1,O=c1c2ccccc2n(CCCN2CCOCC2)c2ccccc12,1,O=c1c2ccccc2n(CCCN2CCOCC2)c2ccccc12,0.18545454545454548,0,0.00015841729693155028
N[C@H](Cn1ccc(=O)c(O)c1)C(=O)O,0,O=c1cc[nH]cc1,O=C(CCc1ccccc1)c1ccccc1OC[C@@H](O)CN1CCOCC1,1,O=C(CCc1ccccc1)c1ccccc1OCCCN1CCOCC1,0.18413793103448278,0,0.00020192532774358568
C=C1CC(=O)c2c(OC[C@@H](O)CN3CCCCC3)cccc21,1,C=C1CC(=O)c2c(OCCCN3CCCCC3)cccc21,C=C1CC(=O)c2cccc(OC[C@H](O)CN3CCCCC3)c21,1,C=C1CC(=O)c2cccc(OCCCN3CCCCC3)c21,0.8477661334804192,1,0.7375486677193535
C=C1CC(=O)c2c(OC[C@@H](O)CN3CCCCC3)cccc21,1,C=C1CC(=O)c2c(OCCCN3CCCCC3)cccc21,C=C1c2cccc(OC[C@@H](O)CN3CCCCC3)c2C(=O)[C@H]1c1ccccc1,1,C=C1c2cccc(OCCCN3CCCCC3)c2C(=O)C1c1ccccc1,0.6616949152542373,1,0.9061806567185146
C=C1CC(=O)c2c(OC[C@@H](O)CN3CCCCC3)cccc21,1,C=C1CC(=O)c2c(OCCCN3CCCCC3)cccc21,C=C1c2c(OC[C@@H](O)CN3CCCCC3)cccc2C(=O)[C@@H]1c1ccccc1,1,C=C1c2c(OCCCN3CCCCC3)cccc2C(=O)C1c1ccccc1,0.6445520581113802,1,0.8503614962259383
C=C1CC(=O)c2c(OC[C@@H](O)CN3CCCCC3)cccc21,1,C=C1CC(=O)c2c(OCCCN3CCCCC3)cccc21,O=C(CCc1ccccc1)c1ccccc1OC[C@H](O)CN1CCCCC1,1,O=C(CCc1ccccc1)c1ccccc1OCCCN1CCCCC1,0.545,1,0.7996651861682961
NC(=O)C1c2ccccc2C=Cc2ccccc21,0,C1=Cc2ccccc2Cc2ccccc21,CN1CCC(=C2c3ccccc3C=Cc3ccccc32)CC1,1,C1=Cc2ccccc2C(=C2CCNCC2)c2ccccc21,0.23367427222659326,0,0.00560914746850743
NC(=O)C1c2ccccc2C=Cc2ccccc21,0,C1=Cc2ccccc2Cc2ccccc21,Cc1ccc(C(=O)N2c3ccccc3[C@H](N3CCN(Cc4ccccc4)CC3)[C@@H](O)[C@@H]2C)cc1,1,O=C(c1ccccc1)N1CCC(N2CCN(Cc3ccccc3)CC2)c2ccccc21,0.20604735883424408,0,0.012952417329760709
NC(=O)C1c2ccccc2C=Cc2ccccc21,0,C1=Cc2ccccc2Cc2ccccc21,Cc1ccc(C(=O)O[C@H]2[C@H](C)Nc3ccccc3[C@@H]2N2CCCC2)cc1,1,O=C(OC1CNc2ccccc2C1N1CCCC1)c1ccccc1,0.2032036613272311,0,0.012458651042641003
NC(=O)C1c2ccccc2C=Cc2ccccc21,0,C1=Cc2ccccc2Cc2ccccc21,COC(=O)N1[C@H]2C3[C@H](c4ccccc4)C4(CO)[C@@H]1C1[C@@H](c5ccccc5)C2(CO)[C@@H]3N(C(=O)OC)[C@H]14,1,c1ccc(C2C3C4NC5C2C2NC3C4C(c3ccccc3)C52)cc1,0.19542857142857142,0,0.01718137085076719
CN1CCC(OC(c2ccccc2)c2ccccc2)CC1,0,c1ccc(C(OC2CCNCC2)c2ccccc2)cc1,CN1CCCN([C@@H](c2ccccc2)c2ccc(Cl)cc2)CC1,1,c1ccc(C(c2ccccc2)N2CCCNCC2)cc1,0.36323232323232324,0,0.26048011780657404
CN1CCC(OC(c2ccccc2)c2ccccc2)CC1,0,c1ccc(C(OC2CCNCC2)c2ccccc2)cc1,CN1CCC(=C2c3ccccc3Sc3ccccc32)CC1,1,c1ccc2c(c1)Sc1ccccc1C2=C1CCNCC1,0.31193181818181814,0,0.2508812877458425
CN1CCC(OC(c2ccccc2)c2ccccc2)CC1,0,c1ccc(C(OC2CCNCC2)c2ccccc2)cc1,CN1CCC(=C2c3ccccc3C=Cc3ccccc32)CC1,1,C1=Cc2ccccc2C(=C2CCNCC2)c2ccccc21,0.30712678169542384,0,0.2791712660679285
CN1CCC(OC(c2ccccc2)c2ccccc2)CC1,0,c1ccc(C(OC2CCNCC2)c2ccccc2)cc1,CN1CCC[C@H]1CCO[C@](C)(c1ccccc1)c1ccc(Cl)cc1,1,c1ccc(C(OCCC2CCCN2)c2ccccc2)cc1,0.27543123543123543,0,0.2737750817415428
CN1[C@@H]2CC(OC(=O)[C@@H](CO)c3ccccc3)C[C@H]1[C@@H]1O[C@@H]12,0,O=C(Cc1ccccc1)OC1CC2NC(C1)C1OC21,COC(=O)N1[C@H]2C3[C@H](c4ccccc4)C4(CO)[C@@H]1C1[C@@H](c5ccccc5)C2(CO)[C@@H]3N(C(=O)OC)[C@H]14,1,c1ccc(C2C3C4NC5C2C2NC3C4C(c3ccccc3)C52)cc1,0.28126463700234194,0,0.011084027938552142
CN1[C@@H]2CC(OC(=O)[C@@H](CO)c3ccccc3)C[C@H]1[C@@H]1O[C@@H]12,0,O=C(Cc1ccccc1)OC1CC2NC(C1)C1OC21,CC(C)(C)OC(=O)N1[C@H]2C3[C@H](c4ccccc4)C4(CO)[C@@H]1C1[C@H](c5ccccc5)C2(CO)[C@@H]3N(C(=O)OC(C)(C)C)[C@H]14,1,c1ccc(C2C3C4NC5C2C2NC3C4C(c3ccccc3)C52)cc1,0.2681818181818182,0,0.02258921175602861
CN1[C@@H]2CC(OC(=O)[C@@H](CO)c3ccccc3)C[C@H]1[C@@H]1O[C@@H]12,0,O=C(Cc1ccccc1)OC1CC2NC(C1)C1OC21,O=C(Oc1ccccc1)N1[C@H]2C3[C@@H](c4ccccc4)C4(CO)[C@@H]1C1[C@@H](c5ccccc5)C2(CO)[C@H]3N(C(=O)Oc2ccccc2)[C@H]14,1,O=C(Oc1ccccc1)N1C2C3C(c4ccccc4)C4C1C1C(c5ccccc5)C2C3N(C(=O)Oc2ccccc2)C41,0.2541125541125541,0,0.08781854377532061
CN1[C@@H]2CC(OC(=O)[C@@H](CO)c3ccccc3)C[C@H]1[C@@H]1O[C@@H]12,0,O=C(Cc1ccccc1)OC1CC2NC(C1)C1OC21,OCCOCCN1CCN([C@H](c2ccccc2)c2ccc(Cl)cc2)CC1,1,c1ccc(C(c2ccccc2)N2CCNCC2)cc1,0.24998430141287287,0,0.006039995432585234
CCN(CC)CCn1c(-c2ccccc2)noc1=N,0,N=c1[nH]c(-c2ccccc2)no1,CN(C)c1ccc(-c2nc(-c3ccc(O)cc3)n(CCc3ccccc3)c2-c2ccc(N(C)C)cc2)cc1,1,c1ccc(CCn2c(-c3ccccc3)nc(-c3ccccc3)c2-c2ccccc2)cc1,0.264,0,0.005444666312003872
CCN(CC)CCn1c(-c2ccccc2)noc1=N,0,N=c1[nH]c(-c2ccccc2)no1,CCCC(C(=O)OCCN(CC)CC)(c1ccccc1)c1ccccc1,1,c1ccc(Cc2ccccc2)cc1,0.25400457665903886,0,0.0009644192784825707
CCN(CC)CCn1c(-c2ccccc2)noc1=N,0,N=c1[nH]c(-c2ccccc2)no1,CN(C)c1ccc(-c2nc(-c3ccc(C(=O)O)cc3)n(CCc3ccccc3)c2-c2ccc(N(C)C)cc2)cc1,1,c1ccc(CCn2c(-c3ccccc3)nc(-c3ccccc3)c2-c2ccccc2)cc1,0.24559023066485752,0,0.0024399033814391344
CCN(CC)CCn1c(-c2ccccc2)noc1=N,0,N=c1[nH]c(-c2ccccc2)no1,CCCCCCn1c(-c2ccc(C(=O)O)cc2)nc(-c2ccc(N(C)C)cc2)c1-c1ccc(N(C)C)cc1,1,c1ccc(-c2nc(-c3ccccc3)c(-c3ccccc3)[nH]2)cc1,0.22832244008714597,0,0.01573159773650502
O=C(O)CCC(=O)Nc1ccc(S(=O)(=O)Nc2nccs2)cc1,0,O=S(=O)(Nc1nccs1)c1ccccc1,CC(=O)c1c(C)cc(C)c(CSc2nc3ccc(NC(=O)CCc4ccccc4)cc3s2)c1C,1,O=C(CCc1ccccc1)Nc1ccc2nc(SCc3ccccc3)sc2c1,0.2385171455050973,0,0.09358186704016606
O=C(O)CCC(=O)Nc1ccc(S(=O)(=O)Nc2nccs2)cc1,0,O=S(=O)(Nc1nccs1)c1ccccc1,COc1cc2c(cc1OC)[C@H]1CN(C)CC[C@H]1N=C2c1ccc(NS(=O)(=O)c2ccc(C)cc2)cc1,1,O=S(=O)(Nc1ccc(C2=NC3CCNCC3c3ccccc32)cc1)c1ccccc1,0.1998190045248869,0,0.0006983531495126076
O=C(O)CCC(=O)Nc1ccc(S(=O)(=O)Nc2nccs2)cc1,0,O=S(=O)(Nc1nccs1)c1ccccc1,COc1cc2c(cc1OC)CN(CCc1ccc(NC(=O)c3cccnc3)cc1)CC2,1,O=C(Nc1ccc(CCN2CCc3ccccc3C2)cc1)c1cccnc1,0.19,0,0.0007192333859368079
O=C(O)CCC(=O)Nc1ccc(S(=O)(=O)Nc2nccs2)cc1,0,O=S(=O)(Nc1nccs1)c1ccccc1,COc1cc2c(cc1OC)CN(CCc1ccc(NC(=O)c3ccccc3NC(=O)c3ccccn3)cc1)CC2,1,O=C(Nc1ccccc1C(=O)Nc1ccc(CCN2CCc3ccccc3C2)cc1)c1ccccn1,0.1871391529818496,0,0.012164645752638906
O=C(O)c1cn(C2CC2)c2cc(N3CCNCC3)c(F)cc2c1=O,0,O=c1ccn(C2CC2)c2cc(N3CCNCC3)ccc12,O=c1[nH]c2ccccc2n1C1CCN(CCCC(c2ccc(F)cc2)c2ccc(F)cc2)CC1,1,O=c1[nH]c2ccccc2n1C1CCN(CCCC(c2ccccc2)c2ccccc2)CC1,0.19225352112676058,0,0.04991363094317542
O=C(O)c1cn(C2CC2)c2cc(N3CCNCC3)c(F)cc2c1=O,0,O=c1ccn(C2CC2)c2cc(N3CCNCC3)ccc12,O=c1c2ccccc2c(Cc2ccc(Cl)cc2)nn1[C@H]1CCCNCC1,1,O=c1c2ccccc2c(Cc2ccccc2)nn1C1CCCNCC1,0.1917721518987342,0,0.039834979376190564
O=C(O)c1cn(C2CC2)c2cc(N3CCNCC3)c(F)cc2c1=O,0,O=c1ccn(C2CC2)c2cc(N3CCNCC3)ccc12,O=c1c2ccccc2n(CCCN2CCN(CCO)CC2)c2ccccc12,1,O=c1c2ccccc2n(CCCN2CCNCC2)c2ccccc12,0.18562091503267977,0,0.014534276599347657
O=C(O)c1cn(C2CC2)c2cc(N3CCNCC3)c(F)cc2c1=O,0,O=c1ccn(C2CC2)c2cc(N3CCNCC3)ccc12,O=c1c2ccccc2n(CCCN2CCCCC2)c2ccccc12,1,O=c1c2ccccc2n(CCCN2CCCCC2)c2ccccc12,0.17880091070073362,0,0.025275830695029436
Cc1oncc1C(=O)Nc1ccc(C(F)(F)F)cc1,0,O=C(Nc1ccccc1)c1cnoc1,CN(CCc1ccc(NC(=O)c2ccccc2NC(=O)c2cnc3ccccc3c2)cc1)Cc1ccc(F)c(F)c1,1,O=C(Nc1ccccc1C(=O)Nc1ccc(CCNCc2ccccc2)cc1)c1cnc2ccccc2c1,0.2625805018876305,0,0.040205382836364593
Cc1oncc1C(=O)Nc1ccc(C(F)(F)F)cc1,0,O=C(Nc1ccccc1)c1cnoc1,O=C(CCc1ccccc1)c1ccccc1OC[C@@H](O)CNc1ccc(C(F)(F)F)cc1,1,O=C(CCc1ccccc1)c1ccccc1OCCCNc1ccccc1,0.2554010695187166,0,0.013389754789195693
Cc1oncc1C(=O)Nc1ccc(C(F)(F)F)cc1,0,O=C(Nc1ccccc1)c1cnoc1,CC(=O)c1c(C)cc(C)c(CSc2nc3ccc(NC(=O)c4ccc(C(C)(C)C)cc4)cc3s2)c1C,1,O=C(Nc1ccc2nc(SCc3ccccc3)sc2c1)c1ccccc1,0.25367965367965367,0,0.10581258964085162
Cc1oncc1C(=O)Nc1ccc(C(F)(F)F)cc1,0,O=C(Nc1ccccc1)c1cnoc1,COc1cc2c(cc1OC)CN(CCc1ccc(NC(=O)c3ccccc3NC(=O)c3cccnc3)cc1)CC2,1,O=C(Nc1ccccc1C(=O)Nc1ccc(CCN2CCc3ccccc3C2)cc1)c1cccnc1,0.2519253484526341,0,0.004563829915041502
c1ccc(C[C@@H]2c3ccccc3O[C@H]2CN2CCCCC2)cc1,1,c1ccc(CC2c3ccccc3OC2CN2CCCCC2)cc1,O=C(CCc1ccccc1)c1ccccc1OCCN1CCCCC1,1,O=C(CCc1ccccc1)c1ccccc1OCCN1CCCCC1,0.33347713546160485,1,0.7711916298970428
c1ccc(C[C@@H]2c3ccccc3O[C@H]2CN2CCCCC2)cc1,1,c1ccc(CC2c3ccccc3OC2CN2CCCCC2)cc1,O=C(CCc1ccccc1)c1ccccc1OCCCN1CCCCC1,1,O=C(CCc1ccccc1)c1ccccc1OCCCN1CCCCC1,0.3298811544991511,1,0.8444687300288598
c1ccc(C[C@@H]2c3ccccc3O[C@H]2CN2CCCCC2)cc1,1,c1ccc(CC2c3ccccc3OC2CN2CCCCC2)cc1,O=C(CCc1ccccc1)c1ccccc1OCCCCN1CCCCC1,1,O=C(CCc1ccccc1)c1ccccc1OCCCCN1CCCCC1,0.3263993316624896,1,0.8401701019037311
c1ccc(C[C@@H]2c3ccccc3O[C@H]2CN2CCCCC2)cc1,1,c1ccc(CC2c3ccccc3OC2CN2CCCCC2)cc1,O=C(CCc1ccccc1)c1ccccc1OCCCCCCCCN1CCCCC1,1,O=C(CCc1ccccc1)c1ccccc1OCCCCCCCCN1CCCCC1,0.3230263157894737,1,0.8123252437556856
COc1c(O)cc2c(c1O)[C@@H]1O[C@@H](CO)[C@@H](O)[C@@H](O)[C@H]1OC2=O,0,O=C1OC2CCCOC2c2ccccc21,COc1cc(O)c2c(=O)c(OC)c(-c3ccc4c(c3)O[C@H](c3ccc(O)c(OC)c3)[C@@H](CO)O4)oc2c1,1,O=c1cc(-c2ccc3c(c2)OC(c2ccccc2)CO3)oc2ccccc12,0.2865354938271605,0,0.015351514834195801
COc1c(O)cc2c(c1O)[C@@H]1O[C@@H](CO)[C@@H](O)[C@@H](O)[C@H]1OC2=O,0,O=C1OC2CCCOC2c2ccccc21,COc1cc(O)c2c(=O)c(OC)c(-c3ccc4c(c3)O[C@H](c3ccc(OC)c(OC)c3)[C@@H](CO)O4)oc2c1,1,O=c1cc(-c2ccc3c(c2)OC(c2ccccc2)CO3)oc2ccccc12,0.28522500995619277,0,0.00585249119492493
COc1c(O)cc2c(c1O)[C@@H]1O[C@@H](CO)[C@@H](O)[C@@H](O)[C@H]1OC2=O,0,O=C1OC2CCCOC2c2ccccc21,COc1ccc([C@@H]2Oc3cc(-c4oc5cc(O)cc(O)c5c(=O)c4OC)ccc3O[C@@H]2CO)cc1OC,1,O=c1cc(-c2ccc3c(c2)OC(c2ccccc2)CO3)oc2ccccc12,0.28522500995619277,0,0.013655096725579546
COc1c(O)cc2c(c1O)[C@@H]1O[C@@H](CO)[C@@H](O)[C@@H](O)[C@H]1OC2=O,0,O=C1OC2CCCOC2c2ccccc21,COc1cc([C@@H]2Oc3cc([C@H]4Oc5cc(OCc6ccccc6)cc(O)c5C(=O)[C@@H]4O)ccc3O[C@H]2CO)ccc1O,1,O=C1CC(c2ccc3c(c2)OC(c2ccccc2)CO3)Oc2cc(OCc3ccccc3)ccc21,0.2798448029405759,0,0.003638729105394965
c1ccc(CCc2ccccc2OCc2ccccc2)cc1,0,c1ccc(CCc2ccccc2OCc2ccccc2)cc1,COc1ccc(COc2ccccc2CCc2ccccc2)cc1,1,c1ccc(CCc2ccccc2OCc2ccccc2)cc1,0.7787878787878788,1,0.5438473933757397
c1ccc(CCc2ccccc2OCc2ccccc2)cc1,0,c1ccc(CCc2ccccc2OCc2ccccc2)cc1,COc1cc(COc2ccccc2CCc2ccccc2)cc(OC)c1,1,c1ccc(CCc2ccccc2OCc2ccccc2)cc1,0.7069047619047619,0,0.1858326421235485
c1ccc(CCc2ccccc2OCc2ccccc2)cc1,0,c1ccc(CCc2ccccc2OCc2ccccc2)cc1,COc1ccc(COc2ccccc2CCc2ccccc2)cc1OC,1,c1ccc(CCc2ccccc2OCc2ccccc2)cc1,0.6985507246376812,0,0.22365372885240611
c1ccc(CCc2ccccc2OCc2ccccc2)cc1,0,c1ccc(CCc2ccccc2OCc2ccccc2)cc1,COc1cccc(COc2ccccc2CCc2ccccc2)c1OC,1,c1ccc(CCc2ccccc2OCc2ccccc2)cc1,0.6611111111111111,0,0.2973843126080678
COc1cccc(CCc2ccccc2OCc2ccccc2OC)c1,1,c1ccc(CCc2ccccc2OCc2ccccc2)cc1,COc1cccc(CCc2ccccc2OCc2cccc(OC)c2OC)c1,1,c1ccc(CCc2ccccc2OCc2ccccc2)cc1,0.8474146341463415,1,0.9530459301372122
COc1cccc(CCc2ccccc2OCc2ccccc2OC)c1,1,c1ccc(CCc2ccccc2OCc2ccccc2)cc1,COc1cccc(CCc2ccccc2OCc2cc(OC)cc(OC)c2)c1,1,c1ccc(CCc2ccccc2OCc2ccccc2)cc1,0.8160000000000002,1,0.9541622162232237
COc1cccc(CCc2ccccc2OCc2ccccc2OC)c1,1,c1ccc(CCc2ccccc2OCc2ccccc2)cc1,COc1ccc(COc2ccccc2CCc2cccc(OC)c2)cc1,1,c1ccc(CCc2ccccc2OCc2ccccc2)cc1,0.8077235772357725,1,0.9537121160686646
COc1cccc(CCc2ccccc2OCc2ccccc2OC)c1,1,c1ccc(CCc2ccccc2OCc2ccccc2)cc1,COc1cccc(CCc2ccccc2OCc2ccc(OC)c(OC)c2)c1,1,c1ccc(CCc2ccccc2OCc2ccccc2)cc1,0.7899534883720931,1,0.9501129676739167
COc1ccc(COc2ccccc2CCc2ccccc2)cc1,1,c1ccc(CCc2ccccc2OCc2ccccc2)cc1,COc1ccc(COc2ccccc2CCc2cccc(OC)c2)cc1,1,c1ccc(CCc2ccccc2OCc2ccccc2)cc1,0.8272017837235228,1,0.8739592413323812
COc1ccc(COc2ccccc2CCc2ccccc2)cc1,1,c1ccc(CCc2ccccc2OCc2ccccc2)cc1,COc1cc(COc2ccccc2CCc2ccccc2)cc(OC)c1,1,c1ccc(CCc2ccccc2OCc2ccccc2)cc1,0.7938596491228072,1,0.879986576842916
COc1ccc(COc2ccccc2CCc2ccccc2)cc1,1,c1ccc(CCc2ccccc2OCc2ccccc2)cc1,COc1ccc(COc2ccccc2CCc2ccccc2)cc1OC,1,c1ccc(CCc2ccccc2OCc2ccccc2)cc1,0.735,1,0.7455896042443358
COc1ccc(COc2ccccc2CCc2ccccc2)cc1,1,c1ccc(CCc2ccccc2OCc2ccccc2)cc1,COc1cccc(CCc2ccccc2OCc2cc(OC)cc(OC)c2)c1,1,c1ccc(CCc2ccccc2OCc2ccccc2)cc1,0.6976190476190477,1,0.8878785651243001
COc1ccc(COc2ccccc2CCc2cccc(OC)c2)cc1,1,c1ccc(CCc2ccccc2OCc2ccccc2)cc1,COc1cccc(CCc2ccccc2OCc2cc(OC)cc(OC)c2)c1,1,c1ccc(CCc2ccccc2OCc2ccccc2)cc1,0.8516666666666667,1,0.9486833680361336
COc1ccc(COc2ccccc2CCc2cccc(OC)c2)cc1,1,c1ccc(CCc2ccccc2OCc2ccccc2)cc1,COc1ccc(COc2ccccc2CCc2ccccc2)cc1,1,c1ccc(CCc2ccccc2OCc2ccccc2)cc1,0.8272017837235228,1,0.929388385469528
COc1ccc(COc2ccccc2CCc2cccc(OC)c2)cc1,1,c1ccc(CCc2ccccc2OCc2ccccc2)cc1,COc1cccc(CCc2ccccc2OCc2ccc(OC)c(OC)c2)c1,1,c1ccc(CCc2ccccc2OCc2ccccc2)cc1,0.8242248062015504,1,0.937997754845886
COc1ccc(COc2ccccc2CCc2cccc(OC)c2)cc1,1,c1ccc(CCc2ccccc2OCc2ccccc2)cc1,COc1cccc(CCc2ccccc2OCc2ccccc2OC)c1,1,c1ccc(CCc2ccccc2OCc2ccccc2)cc1,0.8077235772357725,1,0.9512787161398975
COc1cccc(COc2ccccc2CCc2ccccc2)c1OC,1,c1ccc(CCc2ccccc2OCc2ccccc2)cc1,COc1cccc(CCc2ccccc2OCc2cccc(OC)c2OC)c1,1,c1ccc(CCc2ccccc2OCc2ccccc2)cc1,0.8083902439024392,1,0.9644125371713246
COc1cccc(COc2ccccc2CCc2ccccc2)c1OC,1,c1ccc(CCc2ccccc2OCc2ccccc2)cc1,COc1ccc(COc2ccccc2CCc2ccccc2)cc1OC,1,c1ccc(CCc2ccccc2OCc2ccccc2)cc1,0.6822857142857144,1,0.9596777857258991
COc1cccc(COc2ccccc2CCc2ccccc2)c1OC,1,c1ccc(CCc2ccccc2OCc2ccccc2)cc1,COc1cccc(CCc2ccccc2OCc2ccccc2OC)c1,1,c1ccc(CCc2ccccc2OCc2ccccc2)cc1,0.6703255813953489,1,0.9538504946352035
COc1cccc(COc2ccccc2CCc2ccccc2)c1OC,1,c1ccc(CCc2ccccc2OCc2ccccc2)cc1,COc1ccc(COc2ccccc2CCc2ccccc2)cc1,1,c1ccc(CCc2ccccc2OCc2ccccc2)cc1,0.6673170731707317,1,0.8849921939785288
COc1cccc(CCc2ccccc2OCc2cccc(OC)c2OC)c1,1,c1ccc(CCc2ccccc2OCc2ccccc2)cc1,COc1cccc(CCc2ccccc2OCc2ccccc2OC)c1,1,c1ccc(CCc2ccccc2OCc2ccccc2)cc1,0.8474146341463415,1,0.9830161372314866
COc1cccc(CCc2ccccc2OCc2cccc(OC)c2OC)c1,1,c1ccc(CCc2ccccc2OCc2ccccc2)cc1,COc1cccc(COc2ccccc2CCc2ccccc2)c1OC,1,c1ccc(CCc2ccccc2OCc2ccccc2)cc1,0.8083902439024392,1,0.9864871121846797
COc1cccc(CCc2ccccc2OCc2cccc(OC)c2OC)c1,1,c1ccc(CCc2ccccc2OCc2ccccc2)cc1,COc1cccc(CCc2ccccc2OCc2cc(OC)cc(OC)c2)c1,1,c1ccc(CCc2ccccc2OCc2ccccc2)cc1,0.7583118001722653,1,0.9830218625611545
COc1cccc(CCc2ccccc2OCc2cccc(OC)c2OC)c1,1,c1ccc(CCc2ccccc2OCc2ccccc2)cc1,COc1ccc(COc2ccccc2CCc2cccc(OC)c2)cc1,1,c1ccc(CCc2ccccc2OCc2ccccc2)cc1,0.7510489510489511,1,0.9734512882802565
COc1ccc(COc2ccccc2CCc2ccccc2)cc1OC,1,c1ccc(CCc2ccccc2OCc2ccccc2)cc1,COc1cccc(CCc2ccccc2OCc2ccc(OC)c(OC)c2)c1,1,c1ccc(CCc2ccccc2OCc2ccccc2)cc1,0.8202380952380952,1,0.9594014466763207
COc1ccc(COc2ccccc2CCc2ccccc2)cc1OC,1,c1ccc(CCc2ccccc2OCc2ccccc2)cc1,COc1ccc(COc2ccccc2CCc2ccccc2)cc1,1,c1ccc(CCc2ccccc2OCc2ccccc2)cc1,0.735,1,0.8860938031919235
COc1ccc(COc2ccccc2CCc2ccccc2)cc1OC,1,c1ccc(CCc2ccccc2OCc2ccccc2)cc1,COc1cc(COc2ccccc2CCc2ccccc2)cc(OC)c1,1,c1ccc(CCc2ccccc2OCc2ccccc2)cc1,0.7223414634146342,1,0.9538899819617644
COc1ccc(COc2ccccc2CCc2ccccc2)cc1OC,1,c1ccc(CCc2ccccc2OCc2ccccc2)cc1,COc1cccc(COc2ccccc2CCc2ccccc2)c1OC,1,c1ccc(CCc2ccccc2OCc2ccccc2)cc1,0.6822857142857144,1,0.9721941458033205
COc1cccc(CCc2ccccc2OCc2ccc(OC)c(OC)c2)c1,1,c1ccc(CCc2ccccc2OCc2ccccc2)cc1,COc1ccc(COc2ccccc2CCc2cccc(OC)c2)cc1,1,c1ccc(CCc2ccccc2OCc2ccccc2)cc1,0.8242248062015504,1,0.9737307374816006
COc1cccc(CCc2ccccc2OCc2ccc(OC)c(OC)c2)c1,1,c1ccc(CCc2ccccc2OCc2ccccc2)cc1,COc1ccc(COc2ccccc2CCc2ccccc2)cc1OC,1,c1ccc(CCc2ccccc2OCc2ccccc2)cc1,0.8202380952380952,1,0.9852673525540605
COc1cccc(CCc2ccccc2OCc2ccc(OC)c(OC)c2)c1,1,c1ccc(CCc2ccccc2OCc2ccccc2)cc1,COc1cccc(CCc2ccccc2OCc2cc(OC)cc(OC)c2)c1,1,c1ccc(CCc2ccccc2OCc2ccccc2)cc1,0.7979534883720931,1,0.9832023111446339
COc1cccc(CCc2ccccc2OCc2ccc(OC)c(OC)c2)c1,1,c1ccc(CCc2ccccc2OCc2ccccc2)cc1,COc1cccc(CCc2ccccc2OCc2ccccc2OC)c1,1,c1ccc(CCc2ccccc2OCc2ccccc2)cc1,0.7899534883720931,1,0.9832968410057704
COc1cc(COc2ccccc2CCc2ccccc2)cc(OC)c1,1,c1ccc(CCc2ccccc2OCc2ccccc2)cc1,COc1cccc(CCc2ccccc2OCc2cc(OC)cc(OC)c2)c1,1,c1ccc(CCc2ccccc2OCc2ccccc2)cc1,0.8736842105263158,1,0.9530634096981064
COc1cc(COc2ccccc2CCc2ccccc2)cc(OC)c1,1,c1ccc(CCc2ccccc2OCc2ccccc2)cc1,COc1ccc(COc2ccccc2CCc2ccccc2)cc1,1,c1ccc(CCc2ccccc2OCc2ccccc2)cc1,0.7938596491228072,1,0.9150867655689304
COc1cc(COc2ccccc2CCc2ccccc2)cc(OC)c1,1,c1ccc(CCc2ccccc2OCc2ccccc2)cc1,COc1ccc(COc2ccccc2CCc2cccc(OC)c2)cc1,1,c1ccc(CCc2ccccc2OCc2ccccc2)cc1,0.7440476190476191,1,0.955605590634624
COc1cc(COc2ccccc2CCc2ccccc2)cc(OC)c1,1,c1ccc(CCc2ccccc2OCc2ccccc2)cc1,COc1ccc(COc2ccccc2CCc2ccccc2)cc1OC,1,c1ccc(CCc2ccccc2OCc2ccccc2)cc1,0.7223414634146342,1,0.9517622536514203
COc1cccc(CCc2ccccc2OCc2cc(OC)cc(OC)c2)c1,1,c1ccc(CCc2ccccc2OCc2ccccc2)cc1,COc1cc(COc2ccccc2CCc2ccccc2)cc(OC)c1,1,c1ccc(CCc2ccccc2OCc2ccccc2)cc1,0.8736842105263158,1,0.9824739810243
COc1cccc(CCc2ccccc2OCc2cc(OC)cc(OC)c2)c1,1,c1ccc(CCc2ccccc2OCc2ccccc2)cc1,COc1ccc(COc2ccccc2CCc2cccc(OC)c2)cc1,1,c1ccc(CCc2ccccc2OCc2ccccc2)cc1,0.8516666666666667,1,0.9782580831759589
COc1cccc(CCc2ccccc2OCc2cc(OC)cc(OC)c2)c1,1,c1ccc(CCc2ccccc2OCc2ccccc2)cc1,COc1cccc(CCc2ccccc2OCc2ccccc2OC)c1,1,c1ccc(CCc2ccccc2OCc2ccccc2)cc1,0.8160000000000002,1,0.9824977314508783
COc1cccc(CCc2ccccc2OCc2cc(OC)cc(OC)c2)c1,1,c1ccc(CCc2ccccc2OCc2ccccc2)cc1,COc1cccc(CCc2ccccc2OCc2ccc(OC)c(OC)c2)c1,1,c1ccc(CCc2ccccc2OCc2ccccc2)cc1,0.7979534883720931,1,0.9823607734758549
O=C(CCc1ccccc1)c1ccccc1OC[C@@H](O)CN1CCN(Cc2ccccc2)CC1,1,O=C(CCc1ccccc1)c1ccccc1OCCCN1CCN(Cc2ccccc2)CC1,O=C(CCc1ccccc1)c1ccccc1OC[C@H](O)CN1CCN(Cc2ccccc2)CC1,1,O=C(CCc1ccccc1)c1ccccc1OCCCN1CCN(Cc2ccccc2)CC1,1.0,1,0.9997519417621833
O=C(CCc1ccccc1)c1ccccc1OC[C@@H](O)CN1CCN(Cc2ccccc2)CC1,1,O=C(CCc1ccccc1)c1ccccc1OCCCN1CCN(Cc2ccccc2)CC1,O=C(CCc1ccccc1)c1ccccc1OC[C@H](O)CN1CCCC1,1,O=C(CCc1ccccc1)c1ccccc1OCCCN1CCCC1,0.832545649838883,1,0.9983970147991498
O=C(CCc1ccccc1)c1ccccc1OC[C@@H](O)CN1CCN(Cc2ccccc2)CC1,1,O=C(CCc1ccccc1)c1ccccc1OCCCN1CCN(Cc2ccccc2)CC1,O=C(CCc1ccccc1)c1cc(O)ccc1OC[C@H](O)CN1CCN(Cc2ccccc2)CC1,1,O=C(CCc1ccccc1)c1ccccc1OCCCN1CCN(Cc2ccccc2)CC1,0.8170370370370371,1,0.9976824134244267
O=C(CCc1ccccc1)c1ccccc1OC[C@@H](O)CN1CCN(Cc2ccccc2)CC1,1,O=C(CCc1ccccc1)c1ccccc1OCCCN1CCN(Cc2ccccc2)CC1,O=C(CCc1ccccc1)c1ccccc1OC[C@H](O)CN1CCCCC1,1,O=C(CCc1ccccc1)c1ccccc1OCCCN1CCCCC1,0.814974358974359,1,0.9989881799793341
O=C(CCc1ccccc1)c1cc(O)ccc1OC[C@H](O)CN1CCN(Cc2ccccc2)CC1,1,O=C(CCc1ccccc1)c1ccccc1OCCCN1CCN(Cc2ccccc2)CC1,O=C(CCc1ccccc1)c1cc(O)ccc1OC[C@@H](O)CN1CCCCC1,1,O=C(CCc1ccccc1)c1ccccc1OCCCN1CCCCC1,0.8365327695560254,1,0.995224231418307
O=C(CCc1ccccc1)c1cc(O)ccc1OC[C@H](O)CN1CCN(Cc2ccccc2)CC1,1,O=C(CCc1ccccc1)c1ccccc1OCCCN1CCN(Cc2ccccc2)CC1,O=C(CCc1ccccc1)c1ccccc1OC[C@H](O)CN1CCN(Cc2ccccc2)CC1,1,O=C(CCc1ccccc1)c1ccccc1OCCCN1CCN(Cc2ccccc2)CC1,0.8170370370370371,1,0.9952260001914572
O=C(CCc1ccccc1)c1cc(O)ccc1OC[C@H](O)CN1CCN(Cc2ccccc2)CC1,1,O=C(CCc1ccccc1)c1ccccc1OCCCN1CCN(Cc2ccccc2)CC1,O=C(CCc1ccccc1)c1ccccc1OC[C@@H](O)CN1CCN(Cc2ccccc2)CC1,1,O=C(CCc1ccccc1)c1ccccc1OCCCN1CCN(Cc2ccccc2)CC1,0.8170370370370371,1,0.9952260001914572
O=C(CCc1ccccc1)c1cc(O)ccc1OC[C@H](O)CN1CCN(Cc2ccccc2)CC1,1,O=C(CCc1ccccc1)c1ccccc1OCCCN1CCN(Cc2ccccc2)CC1,O=C(CCc1ccccc1)c1cc(OCc2ccccc2)ccc1OC[C@H](O)CN1CCN(Cc2ccccc2)CC1,1,O=C(CCc1ccccc1)c1cc(OCc2ccccc2)ccc1OCCCN1CCN(Cc2ccccc2)CC1,0.8047976011994002,1,0.9966464720112063
O=C(CCc1ccccc1)c1ccccc1OC[C@H](O)CN1CCN(Cc2ccccc2)CC1,1,O=C(CCc1ccccc1)c1ccccc1OCCCN1CCN(Cc2ccccc2)CC1,O=C(CCc1ccccc1)c1ccccc1OC[C@@H](O)CN1CCN(Cc2ccccc2)CC1,1,O=C(CCc1ccccc1)c1ccccc1OCCCN1CCN(Cc2ccccc2)CC1,1.0,1,0.9997519417621833
O=C(CCc1ccccc1)c1ccccc1OC[C@H](O)CN1CCN(Cc2ccccc2)CC1,1,O=C(CCc1ccccc1)c1ccccc1OCCCN1CCN(Cc2ccccc2)CC1,O=C(CCc1ccccc1)c1ccccc1OC[C@H](O)CN1CCCC1,1,O=C(CCc1ccccc1)c1ccccc1OCCCN1CCCC1,0.832545649838883,1,0.9983970147991498
O=C(CCc1ccccc1)c1ccccc1OC[C@H](O)CN1CCN(Cc2ccccc2)CC1,1,O=C(CCc1ccccc1)c1ccccc1OCCCN1CCN(Cc2ccccc2)CC1,O=C(CCc1ccccc1)c1cc(O)ccc1OC[C@H](O)CN1CCN(Cc2ccccc2)CC1,1,O=C(CCc1ccccc1)c1ccccc1OCCCN1CCN(Cc2ccccc2)CC1,0.8170370370370371,1,0.9976824134244267
O=C(CCc1ccccc1)c1ccccc1OC[C@H](O)CN1CCN(Cc2ccccc2)CC1,1,O=C(CCc1ccccc1)c1ccccc1OCCCN1CCN(Cc2ccccc2)CC1,O=C(CCc1ccccc1)c1ccccc1OC[C@H](O)CN1CCCCC1,1,O=C(CCc1ccccc1)c1ccccc1OCCCN1CCCCC1,0.814974358974359,1,0.9989881799793341
CN1CCN(C(=O)c2cc(S(=O)(=O)N(C)C)ccc2N)CC1,0,O=C(c1ccccc1)N1CCNCC1,CCN(CC)CCNC(=O)c1cc(S(C)(=O)=O)ccc1OC,1,c1ccccc1,0.24015151515151517,0,0.0006328590261664258
CN1CCN(C(=O)c2cc(S(=O)(=O)N(C)C)ccc2N)CC1,0,O=C(c1ccccc1)N1CCNCC1,CCOc1cc2c(cc1OC)C(c1ccc(C(=O)N(C(C)C)C(C)C)cc1)=N[C@@H]1CCN(C)C[C@H]21,1,c1ccc(C2=NC3CCNCC3c3ccccc32)cc1,0.21967914438502675,0,0.004474957400585094
CN1CCN(C(=O)c2cc(S(=O)(=O)N(C)C)ccc2N)CC1,0,O=C(c1ccccc1)N1CCNCC1,O=C(CCc1ccccc1)c1ccccc1OC[C@@H](O)CN1CCN(C(=O)c2ccccc2)CC1,1,O=C(CCc1ccccc1)c1ccccc1OCCCN1CCN(C(=O)c2ccccc2)CC1,0.21733333333333335,0,0.011522109034696724
CN1CCN(C(=O)c2cc(S(=O)(=O)N(C)C)ccc2N)CC1,0,O=C(c1ccccc1)N1CCNCC1,CCC(=O)N(c1ccccc1)C1CCN(CCc2ccccc2)CC1,1,c1ccc(CCN2CCC(Nc3ccccc3)CC2)cc1,0.21146540027137042,0,0.006470662479159681
CC/C(=C(/c1ccccc1)c1ccc(OCCN(C)C)cc1)c1ccccc1,1,C(=C(c1ccccc1)c1ccccc1)c1ccccc1,CCCN(CCC)C[C@@H](O)COc1ccc(C(=O)CCc2ccccc2)cc1,1,O=C(CCc1ccccc1)c1ccccc1,0.33333333333333337,1,0.9656946212215954
CC/C(=C(/c1ccccc1)c1ccc(OCCN(C)C)cc1)c1ccccc1,1,C(=C(c1ccccc1)c1ccccc1)c1ccccc1,CC(C)N(C[C@@H](O)COc1ccc(C(=O)CCc2ccccc2)cc1)C(C)C,1,O=C(CCc1ccccc1)c1ccccc1,0.30295081967213117,1,0.9876221364467894
CC/C(=C(/c1ccccc1)c1ccc(OCCN(C)C)cc1)c1ccccc1,1,C(=C(c1ccccc1)c1ccccc1)c1ccccc1,CCN(CC)C[C@@H](O)COc1ccccc1C(=O)c1ccccc1,1,O=C(c1ccccc1)c1ccccc1,0.2795803066989508,1,0.9725532587191765
CC/C(=C(/c1ccccc1)c1ccc(OCCN(C)C)cc1)c1ccccc1,1,C(=C(c1ccccc1)c1ccccc1)c1ccccc1,O=C(CCc1ccccc1)c1ccc(OC[C@H](O)CN2CCCCC2)cc1,1,O=C(CCc1ccccc1)c1ccc(OCCCN2CCCCC2)cc1,0.2739130434782609,1,0.9961017987391927
COc1ccc(C(Cl)=C(c2ccc(OC)cc2)c2ccc(OC)cc2)cc1,0,C(=C(c1ccccc1)c1ccccc1)c1ccccc1,COc1ccc(COc2ccccc2CCc2ccccc2)cc1,1,c1ccc(CCc2ccccc2OCc2ccccc2)cc1,0.28,0,0.14482303493108512
COc1ccc(C(Cl)=C(c2ccc(OC)cc2)c2ccc(OC)cc2)cc1,0,C(=C(c1ccccc1)c1ccccc1)c1ccccc1,CC/C(=C(/c1ccccc1)c1ccc(OCCN(C)C)cc1)c1ccccc1,1,C(=C(c1ccccc1)c1ccccc1)c1ccccc1,0.27819819819819824,0,0.19906396388364436
COc1ccc(C(Cl)=C(c2ccc(OC)cc2)c2ccc(OC)cc2)cc1,0,C(=C(c1ccccc1)c1ccccc1)c1ccccc1,COc1ccc(COc2ccccc2CCc2cccc(OC)c2)cc1,1,c1ccc(CCc2ccccc2OCc2ccccc2)cc1,0.260752688172043,0,0.1369225513460514
COc1ccc(C(Cl)=C(c2ccc(OC)cc2)c2ccc(OC)cc2)cc1,0,C(=C(c1ccccc1)c1ccccc1)c1ccccc1,COc1cc(COc2ccccc2CCc2ccccc2)cc(OC)c1,1,c1ccc(CCc2ccccc2OCc2ccccc2)cc1,0.22819148936170214,0,0.15610692541510832
COc1cccc(CCc2ccccc2OCCCCN2CCN(c3cccc(Cl)c3)CC2)c1,1,c1ccc(CCc2ccccc2OCCCCN2CCN(c3ccccc3)CC2)cc1,COc1cccc(CCc2ccccc2OCCCN2CCN(c3cccc(Cl)c3)CC2)c1,1,c1ccc(CCc2ccccc2OCCCN2CCN(c3ccccc3)CC2)cc1,0.9425087108013938,1,0.998084591062531
COc1cccc(CCc2ccccc2OCCCCN2CCN(c3cccc(Cl)c3)CC2)c1,1,c1ccc(CCc2ccccc2OCCCCN2CCN(c3ccccc3)CC2)cc1,COc1cccc(CCc2ccccc2OCCN2CCN(c3cccc(Cl)c3)CC2)c1,1,c1ccc(CCc2ccccc2OCCN2CCN(c3ccccc3)CC2)cc1,0.8865211810012837,1,0.9865190321457132
COc1cccc(CCc2ccccc2OCCCCN2CCN(c3cccc(Cl)c3)CC2)c1,1,c1ccc(CCc2ccccc2OCCCCN2CCN(c3ccccc3)CC2)cc1,COc1cccc(CCc2ccccc2OCCCCN2CCN(c3ccc(F)cc3)CC2)c1,1,c1ccc(CCc2ccccc2OCCCCN2CCN(c3ccccc3)CC2)cc1,0.8113934426229508,1,0.9981334618731821
COc1cccc(CCc2ccccc2OCCCCN2CCN(c3cccc(Cl)c3)CC2)c1,1,c1ccc(CCc2ccccc2OCCCCN2CCN(c3ccccc3)CC2)cc1,COc1cccc(CCc2ccccc2OCCCCN2CCN(c3cccc(C(F)(F)F)c3)CC2)c1,1,c1ccc(CCc2ccccc2OCCCCN2CCN(c3ccccc3)CC2)cc1,0.7715909090909091,1,0.9989548702922887
COc1cccc(CCc2ccccc2OCCCCN2CCN(c3ccc(F)cc3)CC2)c1,1,c1ccc(CCc2ccccc2OCCCCN2CCN(c3ccccc3)CC2)cc1,COc1cccc(CCc2ccccc2OCCCN2CCN(c3ccc(F)cc3)CC2)c1,1,c1ccc(CCc2ccccc2OCCCN2CCN(c3ccccc3)CC2)cc1,0.9405555555555556,1,0.9980653794977866
COc1cccc(CCc2ccccc2OCCCCN2CCN(c3ccc(F)cc3)CC2)c1,1,c1ccc(CCc2ccccc2OCCCCN2CCN(c3ccccc3)CC2)cc1,COc1cccc(CCc2ccccc2OCCN2CCN(c3ccc(F)cc3)CC2)c1,1,c1ccc(CCc2ccccc2OCCN2CCN(c3ccccc3)CC2)cc1,0.8827272727272728,1,0.9882557907912348
COc1cccc(CCc2ccccc2OCCCCN2CCN(c3ccc(F)cc3)CC2)c1,1,c1ccc(CCc2ccccc2OCCCCN2CCN(c3ccccc3)CC2)cc1,COc1cccc(CCc2ccccc2OCCCCN2CCN(c3cccc(Cl)c3)CC2)c1,1,c1ccc(CCc2ccccc2OCCCCN2CCN(c3ccccc3)CC2)cc1,0.8113934426229508,1,0.9989798426386453
COc1cccc(CCc2ccccc2OCCCCN2CCN(c3ccc(F)cc3)CC2)c1,1,c1ccc(CCc2ccccc2OCCCCN2CCN(c3ccccc3)CC2)cc1,COc1cccc(CCc2ccccc2OCCCCN2CCN(c3cccc(C(F)(F)F)c3)CC2)c1,1,c1ccc(CCc2ccccc2OCCCCN2CCN(c3ccccc3)CC2)cc1,0.7723145071982283,1,0.999248713507877
COc1cccc(CCc2ccccc2OCCCCN2CCN(c3cccc(C(F)(F)F)c3)CC2)c1,1,c1ccc(CCc2ccccc2OCCCCN2CCN(c3ccccc3)CC2)cc1,COc1cccc(CCc2ccccc2OCCCN2CCN(c3cccc(C(F)(F)F)c3)CC2)c1,1,c1ccc(CCc2ccccc2OCCCN2CCN(c3ccccc3)CC2)cc1,0.9443220338983052,1,0.9977780670127672
COc1cccc(CCc2ccccc2OCCCCN2CCN(c3cccc(C(F)(F)F)c3)CC2)c1,1,c1ccc(CCc2ccccc2OCCCCN2CCN(c3ccccc3)CC2)cc1,COc1cccc(CCc2ccccc2OCCCCN2CCN(c3ccc(F)cc3)CC2)c1,1,c1ccc(CCc2ccccc2OCCCCN2CCN(c3ccccc3)CC2)cc1,0.7723145071982283,1,0.9976319249783346
COc1cccc(CCc2ccccc2OCCCCN2CCN(c3cccc(C(F)(F)F)c3)CC2)c1,1,c1ccc(CCc2ccccc2OCCCCN2CCN(c3ccccc3)CC2)cc1,COc1cccc(CCc2ccccc2OCCCCN2CCN(c3cccc(Cl)c3)CC2)c1,1,c1ccc(CCc2ccccc2OCCCCN2CCN(c3ccccc3)CC2)cc1,0.7715909090909091,1,0.9995974165044661
COc1cccc(CCc2ccccc2OCCCCN2CCN(c3cccc(C(F)(F)F)c3)CC2)c1,1,c1ccc(CCc2ccccc2OCCCCN2CCN(c3ccccc3)CC2)cc1,COc1cccc(CCc2ccccc2OCCCN2CCN(c3cccc(Cl)c3)CC2)c1,1,c1ccc(CCc2ccccc2OCCCN2CCN(c3ccccc3)CC2)cc1,0.7251282051282051,1,0.998904097801693
COc1cccc(CCc2ccccc2OCCCCN2CCN(c3ccccc3OC)CC2)c1,1,c1ccc(CCc2ccccc2OCCCCN2CCN(c3ccccc3)CC2)cc1,COc1cccc(CCc2ccccc2OCCCN2CCN(c3ccccc3OC)CC2)c1,1,c1ccc(CCc2ccccc2OCCCN2CCN(c3ccccc3)CC2)cc1,0.9371794871794872,1,0.9988351634402418
COc1cccc(CCc2ccccc2OCCCCN2CCN(c3ccccc3OC)CC2)c1,1,c1ccc(CCc2ccccc2OCCCCN2CCN(c3ccccc3)CC2)cc1,COc1cccc(CCc2ccccc2OCCCCCN2CCN(C)CC2)c1,1,c1ccc(CCc2ccccc2OCCCCCN2CCNCC2)cc1,0.7793006993006993,1,0.9976070023955873
COc1cccc(CCc2ccccc2OCCCCN2CCN(c3ccccc3OC)CC2)c1,1,c1ccc(CCc2ccccc2OCCCCN2CCN(c3ccccc3)CC2)cc1,COc1cccc(CCc2ccccc2OCCCCN2CCN(c3ccc(F)cc3)CC2)c1,1,c1ccc(CCc2ccccc2OCCCCN2CCN(c3ccccc3)CC2)cc1,0.7711451012815214,1,0.9985629507422286
COc1cccc(CCc2ccccc2OCCCCN2CCN(c3ccccc3OC)CC2)c1,1,c1ccc(CCc2ccccc2OCCCCN2CCN(c3ccccc3)CC2)cc1,COc1cccc(CCc2ccccc2OCCCCCN2CCN(c3ncccn3)CC2)c1,1,c1ccc(CCc2ccccc2OCCCCCN2CCN(c3ncccn3)CC2)cc1,0.752391713747646,1,0.9982620979532925
CC(=O)Nc1ccc(N2CCN(CCCN(C)C)CC2)cc1,0,c1ccc(N2CCNCC2)cc1,O=C(CCc1ccccc1)c1ccccc1OCCCCN1CCN(c2ccc(F)cc2)CC1,1,O=C(CCc1ccccc1)c1ccccc1OCCCCN1CCN(c2ccccc2)CC1,0.3306865671641791,0,0.004832074786752352
CC(=O)Nc1ccc(N2CCN(CCCN(C)C)CC2)cc1,0,c1ccc(N2CCNCC2)cc1,CC(=O)Nc1ccc(-c2nc(N3CCN(CCc4ccccc4)CC3)c3c(n2)c(C#N)c2n3CCCC2)cc1,1,c1ccc(CCN2CCN(c3nc(-c4ccccc4)nc4cc5n(c34)CCCC5)CC2)cc1,0.32892127099777374,0,0.16375124176815434
CC(=O)Nc1ccc(N2CCN(CCCN(C)C)CC2)cc1,0,c1ccc(N2CCNCC2)cc1,COc1cccc(CCc2ccccc2OCCCN2CCN(c3ccc(F)cc3)CC2)c1,1,c1ccc(CCc2ccccc2OCCCN2CCN(c3ccccc3)CC2)cc1,0.2933521126760564,0,0.009342025402711233
CC(=O)Nc1ccc(N2CCN(CCCN(C)C)CC2)cc1,0,c1ccc(N2CCNCC2)cc1,COc1cccc(CCc2ccccc2OCCCCN2CCN(c3ccc(F)cc3)CC2)c1,1,c1ccc(CCc2ccccc2OCCCCN2CCN(c3ccccc3)CC2)cc1,0.2888888888888889,0,0.007597734401764622
OC[C@@H](O)CN1CCN(c2ccccc2)CC1,0,c1ccc(N2CCNCC2)cc1,O[C@H](COc1ccccc1[C@@H](O)CCc1ccccc1)CN1CCN(c2ccc(F)cc2)CC1,1,c1ccc(CCCc2ccccc2OCCCN2CCN(c3ccccc3)CC2)cc1,0.4421141649048626,0,0.018195106710264645
OC[C@@H](O)CN1CCN(c2ccccc2)CC1,0,c1ccc(N2CCNCC2)cc1,CO[C@@H](CCc1ccccc1)c1ccccc1OC[C@H](O)CN1CCN(c2ccc(F)cc2)CC1,1,c1ccc(CCCc2ccccc2OCCCN2CCN(c3ccccc3)CC2)cc1,0.4179910044977511,0,0.010629172765669626
OC[C@@H](O)CN1CCN(c2ccccc2)CC1,0,c1ccc(N2CCNCC2)cc1,CO[C@@H](CCc1ccccc1)c1ccccc1OC[C@@H](O)CN1CCN(c2ccc(F)cc2)CC1,1,c1ccc(CCCc2ccccc2OCCCN2CCN(c3ccccc3)CC2)cc1,0.4179910044977511,0,0.010629172765669626
OC[C@@H](O)CN1CCN(c2ccccc2)CC1,0,c1ccc(N2CCNCC2)cc1,O=C(CCc1ccccc1)c1cccc(OC[C@H](O)CN2CCN(c3ccc(F)cc3)CC2)c1,1,O=C(CCc1ccccc1)c1cccc(OCCCN2CCN(c3ccccc3)CC2)c1,0.40566318926974665,0,0.006021296262708232
c1ccc(N2CCNCC2)cc1,0,c1ccc(N2CCNCC2)cc1,O=C(CCc1ccccc1)c1ccccc1OCCCCN1CCN(c2ccc(F)cc2)CC1,1,O=C(CCc1ccccc1)c1ccccc1OCCCCN1CCN(c2ccccc2)CC1,0.2324561403508772,0,0.004553262573459102
c1ccc(N2CCNCC2)cc1,0,c1ccc(N2CCNCC2)cc1,O[C@H](COc1ccccc1[C@@H](O)CCc1ccccc1)CN1CCN(c2ccc(F)cc2)CC1,1,c1ccc(CCCc2ccccc2OCCCN2CCN(c3ccccc3)CC2)cc1,0.23028222730739895,0,0.005370980308641659
c1ccc(N2CCNCC2)cc1,0,c1ccc(N2CCNCC2)cc1,c1ccc(CN(CC2=NCCN2)c2ccccc2)cc1,1,c1ccc(CN(CC2=NCCN2)c2ccccc2)cc1,0.23025210084033615,0,0.015759073266121398
c1ccc(N2CCNCC2)cc1,0,c1ccc(N2CCNCC2)cc1,O=C(Nc1ccccc1C(=O)N[C@@H]1CCCC[C@@H]1N1CCN(c2ccccc2)CC1)c1cnc2ccccc2c1,1,O=C(Nc1ccccc1C(=O)NC1CCCCC1N1CCN(c2ccccc2)CC1)c1cnc2ccccc2c1,0.22609649122807018,0,0.04179389389299519
COc1ccc2c(c1)[C@@]13CCCC[C@H]1[C@@H](C2)N(C)CC3,0,c1ccc2c(c1)CC1NCCC23CCCCC13,COc1cccc(CCc2ccccc2OCCCCCN2CCN(C)CC2)c1,1,c1ccc(CCc2ccccc2OCCCCCN2CCNCC2)cc1,0.2921786035361103,0,0.029682450877595346
COc1ccc2c(c1)[C@@]13CCCC[C@H]1[C@@H](C2)N(C)CC3,0,c1ccc2c(c1)CC1NCCC23CCCCC13,COc1ccc2c(c1)CN(C(=O)CCN1CCC(Cc3ccccc3)CC1)CCS2,1,O=C(CCN1CCC(Cc2ccccc2)CC1)N1CCSc2ccccc2C1,0.2825316455696203,0,0.009587608228451285
COc1ccc2c(c1)[C@@]13CCCC[C@H]1[C@@H](C2)N(C)CC3,0,c1ccc2c(c1)CC1NCCC23CCCCC13,COc1cccc(CCc2ccccc2OCCCN2CCc3ccccc3C2)c1,1,c1ccc(CCc2ccccc2OCCCN2CCc3ccccc3C2)cc1,0.2762272476558191,0,0.007731577804988691
COc1ccc2c(c1)[C@@]13CCCC[C@H]1[C@@H](C2)N(C)CC3,0,c1ccc2c(c1)CC1NCCC23CCCCC13,COc1cccc(CCc2ccccc2OCCCCCN2CCc3ccccc3C2)c1,1,c1ccc(CCc2ccccc2OCCCCCN2CCc3ccccc3C2)cc1,0.2734736842105263,0,0.006894058320030768
COc1cc2c(cc1OC)CN(CCc1ccc(NC(=O)c3cccc4ccccc34)cc1)CC2,1,O=C(Nc1ccc(CCN2CCc3ccccc3C2)cc1)c1cccc2ccccc12,COc1cc2c(cc1OC)CN(CCc1ccc(NC(=O)c3ccccc3NC(=O)c3cccc4ccccc34)cc1)CC2,1,O=C(Nc1ccc(CCN2CCc3ccccc3C2)cc1)c1ccccc1NC(=O)c1cccc2ccccc12,0.9244262295081969,1,0.9993156002209374
COc1cc2c(cc1OC)CN(CCc1ccc(NC(=O)c3cccc4ccccc34)cc1)CC2,1,O=C(Nc1ccc(CCN2CCc3ccccc3C2)cc1)c1cccc2ccccc12,COc1cc2c(cc1OC)CN(CCc1ccc(NC(=O)c3ccc4ccccc4c3)cc1)CC2,1,O=C(Nc1ccc(CCN2CCc3ccccc3C2)cc1)c1ccc2ccccc2c1,0.7675000000000001,1,0.9997152918753878
COc1cc2c(cc1OC)CN(CCc1ccc(NC(=O)c3cccc4ccccc34)cc1)CC2,1,O=C(Nc1ccc(CCN2CCc3ccccc3C2)cc1)c1cccc2ccccc12,COc1cc2c(cc1OC)CN(CCc1ccc(NC(=O)c3ccccc3NC(=O)c3ccccc3)cc1)CC2,1,O=C(Nc1ccccc1C(=O)Nc1ccc(CCN2CCc3ccccc3C2)cc1)c1ccccc1,0.7427937915742795,1,0.999782526429518
COc1cc2c(cc1OC)CN(CCc1ccc(NC(=O)c3cccc4ccccc34)cc1)CC2,1,O=C(Nc1ccc(CCN2CCc3ccccc3C2)cc1)c1cccc2ccccc12,COc1cc2c(cc1OC)CN(CCc1ccc(NC(=O)c3cccc4c(=O)c5cccc(OC)c5[nH]c34)cc1)CC2,1,O=C(Nc1ccc(CCN2CCc3ccccc3C2)cc1)c1cccc2c(=O)c3ccccc3[nH]c12,0.7197101449275363,1,0.9977857837253475
COc1cc(/C=C/C(=O)N2CCN(CC(=O)O)CC2)cc(OC)c1OC,0,O=C(C=Cc1ccccc1)N1CCNCC1,COC(=O)[C@@H]1[C@H]2C[C@@H]3c4[nH]c5cc(OC)ccc5c4CCN3C[C@@H]2C[C@@H](OC(=O)/C=C/c2cc(OC)c(OC)c(OC)c2)[C@H]1OC,1,O=C(C=Cc1ccccc1)OC1CCC2CC3c4[nH]c5ccccc5c4CCN3CC2C1,0.3011111111111111,0,0.007011951230309397
COc1cc(/C=C/C(=O)N2CCN(CC(=O)O)CC2)cc(OC)c1OC,0,O=C(C=Cc1ccccc1)N1CCNCC1,COc1ccc([C@@H](O)CN2CCN(C(c3ccccc3)c3ccccc3)CC2)cc1OC,1,c1ccc(CCN2CCN(C(c3ccccc3)c3ccccc3)CC2)cc1,0.26805429864253394,0,0.08048490921585054
COc1cc(/C=C/C(=O)N2CCN(CC(=O)O)CC2)cc(OC)c1OC,0,O=C(C=Cc1ccccc1)N1CCNCC1,COc1ccccc1N1CCN(CC(=O)c2oc3ccccc3c2CCc2ccccc2)CC1,1,O=C(CN1CCN(c2ccccc2)CC1)c1oc2ccccc2c1CCc1ccccc1,0.2606606606606607,0,0.12968963043590118
COc1cc(/C=C/C(=O)N2CCN(CC(=O)O)CC2)cc(OC)c1OC,0,O=C(C=Cc1ccccc1)N1CCNCC1,COc1ccc2c(c1)CN(C(=O)CCN1CCC(Cc3ccccc3)CC1)CCS2,1,O=C(CCN1CCC(Cc2ccccc2)CC1)N1CCSc2ccccc2C1,0.2554716981132076,0,0.005265553331006581
O=C(Nc1cccnc1)c1c2n(c3c(N4CCN(CCc5ccc(F)c(F)c5)CC4)ncnc13)CCCC2,1,O=C(Nc1cccnc1)c1c2n(c3c(N4CCN(CCc5ccccc5)CC4)ncnc13)CCCC2,CCNC(=O)c1c2n(c3c(N4CCN(CCc5ccc(F)c(F)c5)CC4)ncnc13)CCCC2,1,c1ccc(CCN2CCN(c3ncnc4cc5n(c34)CCCC5)CC2)cc1,0.7295104895104896,1,0.9988801289136328
O=C(Nc1cccnc1)c1c2n(c3c(N4CCN(CCc5ccc(F)c(F)c5)CC4)ncnc13)CCCC2,1,O=C(Nc1cccnc1)c1c2n(c3c(N4CCN(CCc5ccccc5)CC4)ncnc13)CCCC2,COc1cccc(CNC(=O)c2c3n(c4c(N5CCN(CCc6ccc(F)c(F)c6)CC5)ncnc24)CCCC3)c1OC,1,O=C(NCc1ccccc1)c1c2n(c3c(N4CCN(CCc5ccccc5)CC4)ncnc13)CCCC2,0.64,1,0.9916285912138145
O=C(Nc1cccnc1)c1c2n(c3c(N4CCN(CCc5ccc(F)c(F)c5)CC4)ncnc13)CCCC2,1,O=C(Nc1cccnc1)c1c2n(c3c(N4CCN(CCc5ccccc5)CC4)ncnc13)CCCC2,N#Cc1c2n(c3c(N4CCN(CCc5ccc(F)c(F)c5)CC4)ncnc13)CCCC2,1,c1ccc(CCN2CCN(c3ncnc4cc5n(c34)CCCC5)CC2)cc1,0.6178848509595753,1,0.9976524875534196
O=C(Nc1cccnc1)c1c2n(c3c(N4CCN(CCc5ccc(F)c(F)c5)CC4)ncnc13)CCCC2,1,O=C(Nc1cccnc1)c1c2n(c3c(N4CCN(CCc5ccccc5)CC4)ncnc13)CCCC2,O=C(c1ccccc1)c1c2n(c3c(N4CCN(CCc5ccccc5)CC4)ncnc13)CCCC2,1,O=C(c1ccccc1)c1c2n(c3c(N4CCN(CCc5ccccc5)CC4)ncnc13)CCCC2,0.5775712025316456,1,0.9796870879757774
CCOC(=O)c1ncn2c1CN(C)C(=O)c1cc(F)ccc1-2,0,O=C1NCc2cncn2-c2ccccc21,CCOC(=O)N1CCC(=C2c3ccc(Cl)cc3CCc3cccnc32)CC1,1,c1ccc2c(c1)CCc1cccnc1C2=C1CCNCC1,0.25765432098765434,0,0.015238596286063754
CCOC(=O)c1ncn2c1CN(C)C(=O)c1cc(F)ccc1-2,0,O=C1NCc2cncn2-c2ccccc21,Cc1ncc2n1-c1ccc(Cl)cc1C(c1ccccc1F)=NC2,1,c1ccc(C2=NCc3cncn3-c3ccccc32)cc1,0.2161844484629295,0,0.029441093354963574
CCOC(=O)c1ncn2c1CN(C)C(=O)c1cc(F)ccc1-2,0,O=C1NCc2cncn2-c2ccccc21,O=C(CCc1ccccc1)c1ccccc1OCCCCN1CCN(c2ccc(F)cc2)CC1,1,O=C(CCc1ccccc1)c1ccccc1OCCCCN1CCN(c2ccccc2)CC1,0.21029810298102983,0,0.0292686312762519
CCOC(=O)c1ncn2c1CN(C)C(=O)c1cc(F)ccc1-2,0,O=C1NCc2cncn2-c2ccccc21,O=C(CCc1ccccc1)c1cccc(OC[C@H](O)CN2CCN(c3ccc(F)cc3)CC2)c1,1,O=C(CCc1ccccc1)c1cccc(OCCCN2CCN(c3ccccc3)CC2)c1,0.20454545454545453,0,0.10444928998926069
COc1ccc([C@H]2CC(=O)c3c(O)cc(O)cc3O2)cc1O,0,O=C1CC(c2ccccc2)Oc2ccccc21,O=C1C[C@H](c2ccc(O)cc2)Oc2cc(O)cc(O)c21,1,O=C1CC(c2ccccc2)Oc2ccccc21,0.7136111111111111,0,0.058525137160402786
COc1ccc([C@H]2CC(=O)c3c(O)cc(O)cc3O2)cc1O,0,O=C1CC(c2ccccc2)Oc2ccccc21,COc1cc([C@@H]2Oc3cc([C@H]4Oc5cc(OCc6ccccc6)cc(O)c5C(=O)[C@@H]4O)ccc3O[C@H]2CO)ccc1O,1,O=C1CC(c2ccc3c(c2)OC(c2ccccc2)CO3)Oc2cc(OCc3ccccc3)ccc21,0.34547224926971765,0,0.14979671007949458
COc1ccc([C@H]2CC(=O)c3c(O)cc(O)cc3O2)cc1O,0,O=C1CC(c2ccccc2)Oc2ccccc21,COc1ccc([C@@H]2Oc3cc(-c4oc5cc(O)cc(O)c5c(=O)c4O)ccc3O[C@@H]2CO)cc1OC,1,O=c1cc(-c2ccc3c(c2)OC(c2ccccc2)CO3)oc2ccccc12,0.33809099018733274,0,0.115191185486788
COc1ccc([C@H]2CC(=O)c3c(O)cc(O)cc3O2)cc1O,0,O=C1CC(c2ccccc2)Oc2ccccc21,COc1cc([C@@H]2Oc3cc(-c4oc5cc(O)cc(O)c5c(=O)c4O)ccc3O[C@@H]2CO)ccc1O,1,O=c1cc(-c2ccc3c(c2)OC(c2ccccc2)CO3)oc2ccccc12,0.3297402597402598,0,0.20171397479072553
O=C1C[C@H](c2ccc(O)cc2)Oc2cc(O)cc(O)c21,1,O=C1CC(c2ccccc2)Oc2ccccc21,O=c1c(O)c(-c2ccc3c(c2)O[C@@H](c2ccc(O)c(O)c2)[C@@H](CO)O3)oc2cc(O)cc(O)c12,1,O=c1cc(-c2ccc3c(c2)OC(c2ccccc2)CO3)oc2ccccc12,0.28457556935817807,1,0.6375350582596621
O=C1C[C@H](c2ccc(O)cc2)Oc2cc(O)cc(O)c21,1,O=C1CC(c2ccccc2)Oc2ccccc21,COc1cc([C@@H]2Oc3cc([C@H]4Oc5cc(OCc6ccccc6)cc(O)c5C(=O)[C@@H]4O)ccc3O[C@H]2CO)ccc1O,1,O=C1CC(c2ccc3c(c2)OC(c2ccccc2)CO3)Oc2cc(OCc3ccccc3)ccc21,0.279755538579068,0,0.4235748959798547
O=C1C[C@H](c2ccc(O)cc2)Oc2cc(O)cc(O)c21,1,O=C1CC(c2ccccc2)Oc2ccccc21,COc1cc([C@@H]2Oc3cc(-c4oc5cc(O)cc(O)c5c(=O)c4O)ccc3O[C@@H]2CO)ccc1O,1,O=c1cc(-c2ccc3c(c2)OC(c2ccccc2)CO3)oc2ccccc12,0.26368361581920907,1,0.7118664670536914
O=C1C[C@H](c2ccc(O)cc2)Oc2cc(O)cc(O)c21,1,O=C1CC(c2ccccc2)Oc2ccccc21,COc1ccc([C@@H]2Oc3cc(-c4oc5cc(O)cc(O)c5c(=O)c4O)ccc3O[C@@H]2CO)cc1OC,1,O=c1cc(-c2ccc3c(c2)OC(c2ccccc2)CO3)oc2ccccc12,0.2623157894736842,1,0.5606363175886859
O=c1c2ccccc2c(Cc2ccc(Cl)cc2)nn1[C@H]1CCCNCC1,1,O=c1c2ccccc2c(Cc2ccccc2)nn1C1CCCNCC1,CN1CCC[C@H]1CCO[C@](C)(c1ccccc1)c1ccc(Cl)cc1,1,c1ccc(C(OCCC2CCCN2)c2ccccc2)cc1,0.23637688198154444,1,0.8031851587844181
O=c1c2ccccc2c(Cc2ccc(Cl)cc2)nn1[C@H]1CCCNCC1,1,O=c1c2ccccc2c(Cc2ccccc2)nn1C1CCCNCC1,CC[C@H](C)c1ccc([C@@H]2Nc3ccccc3C(=O)N2c2ccc(Cl)cc2)cc1,1,O=C1c2ccccc2NC(c2ccccc2)N1c1ccccc1,0.2145096283027318,1,0.8036930841930834
O=c1c2ccccc2c(Cc2ccc(Cl)cc2)nn1[C@H]1CCCNCC1,1,O=c1c2ccccc2c(Cc2ccccc2)nn1C1CCCNCC1,CN1CCCN([C@@H](c2ccccc2)c2ccc(Cl)cc2)CC1,1,c1ccc(C(c2ccccc2)N2CCCNCC2)cc1,0.2013777267508611,1,0.8289205314630299
O=c1c2ccccc2c(Cc2ccc(Cl)cc2)nn1[C@H]1CCCNCC1,1,O=c1c2ccccc2c(Cc2ccccc2)nn1C1CCCNCC1,Clc1ccccc1-c1nc(N2CCCC2)c2ccccc2n1,1,c1ccc(-c2nc(N3CCCC3)c3ccccc3n2)cc1,0.19479243429132892,1,0.8588096348756427
Oc1cc(O)c2c(c1)O[C@H](c1ccc(O)c(O)c1)[C@@H](O)C2,0,c1ccc(C2CCc3ccccc3O2)cc1,O=C1C[C@H](c2ccc(O)cc2)Oc2cc(O)cc(O)c21,1,O=C1CC(c2ccccc2)Oc2ccccc21,0.41511111111111115,0,0.00942274167272043
Oc1cc(O)c2c(c1)O[C@H](c1ccc(O)c(O)c1)[C@@H](O)C2,0,c1ccc(C2CCc3ccccc3O2)cc1,O=c1c(O)c(-c2ccc3c(c2)O[C@@H](c2ccc(O)c(O)c2)[C@@H](CO)O3)oc2cc(O)cc(O)c12,1,O=c1cc(-c2ccc3c(c2)OC(c2ccccc2)CO3)oc2ccccc12,0.35021645021645026,0,0.06193881246015199
Oc1cc(O)c2c(c1)O[C@H](c1ccc(O)c(O)c1)[C@@H](O)C2,0,c1ccc(C2CCc3ccccc3O2)cc1,COc1cc([C@@H]2Oc3cc([C@H]4Oc5cc(OCc6ccccc6)cc(O)c5C(=O)[C@@H]4O)ccc3O[C@H]2CO)ccc1O,1,O=C1CC(c2ccc3c(c2)OC(c2ccccc2)CO3)Oc2cc(OCc3ccccc3)ccc21,0.2741170778906628,0,0.06983956977273323
Oc1cc(O)c2c(c1)O[C@H](c1ccc(O)c(O)c1)[C@@H](O)C2,0,c1ccc(C2CCc3ccccc3O2)cc1,COc1cc([C@@H]2Oc3cc(-c4oc5cc(O)cc(O)c5c(=O)c4O)ccc3O[C@@H]2CO)ccc1O,1,O=c1cc(-c2ccc3c(c2)OC(c2ccccc2)CO3)oc2ccccc12,0.2723497267759563,0,0.014681230315802842
Oc1cc(O)c2c(c1)O[C@@H](c1ccc(O)c(O)c1)[C@H](O)C2,0,c1ccc(C2CCc3ccccc3O2)cc1,O=C1C[C@H](c2ccc(O)cc2)Oc2cc(O)cc(O)c21,1,O=C1CC(c2ccccc2)Oc2ccccc21,0.41511111111111115,0,0.00942274167272043
Oc1cc(O)c2c(c1)O[C@@H](c1ccc(O)c(O)c1)[C@H](O)C2,0,c1ccc(C2CCc3ccccc3O2)cc1,O=c1c(O)c(-c2ccc3c(c2)O[C@@H](c2ccc(O)c(O)c2)[C@@H](CO)O3)oc2cc(O)cc(O)c12,1,O=c1cc(-c2ccc3c(c2)OC(c2ccccc2)CO3)oc2ccccc12,0.35021645021645026,0,0.06193881246015199
Oc1cc(O)c2c(c1)O[C@@H](c1ccc(O)c(O)c1)[C@H](O)C2,0,c1ccc(C2CCc3ccccc3O2)cc1,COc1cc([C@@H]2Oc3cc([C@H]4Oc5cc(OCc6ccccc6)cc(O)c5C(=O)[C@@H]4O)ccc3O[C@H]2CO)ccc1O,1,O=C1CC(c2ccc3c(c2)OC(c2ccccc2)CO3)Oc2cc(OCc3ccccc3)ccc21,0.2741170778906628,0,0.06983956977273323
Oc1cc(O)c2c(c1)O[C@@H](c1ccc(O)c(O)c1)[C@H](O)C2,0,c1ccc(C2CCc3ccccc3O2)cc1,COc1cc([C@@H]2Oc3cc(-c4oc5cc(O)cc(O)c5c(=O)c4O)ccc3O[C@@H]2CO)ccc1O,1,O=c1cc(-c2ccc3c(c2)OC(c2ccccc2)CO3)oc2ccccc12,0.2723497267759563,0,0.014681230315802842
O=c1cc(-c2ccccc2)oc2cc(O)c(Oc3ccccc3)c(O)c12,1,O=c1cc(-c2ccccc2)oc2ccc(Oc3ccccc3)cc12,CC(=O)Oc1c(Oc2ccccc2)cc2oc(-c3ccccc3)cc(=O)c2c1OC(C)=O,1,O=c1cc(-c2ccccc2)oc2cc(Oc3ccccc3)ccc12,0.5731663685152057,1,0.9697225964262336
O=c1cc(-c2ccccc2)oc2cc(O)c(Oc3ccccc3)c(O)c12,1,O=c1cc(-c2ccccc2)oc2ccc(Oc3ccccc3)cc12,O=c1cc(-c2ccccc2)oc2cc3c(c(O)c12)OCO3,1,O=c1cc(-c2ccccc2)oc2cc3c(cc12)OCO3,0.5485294117647059,1,0.9844474578674206
O=c1cc(-c2ccccc2)oc2cc(O)c(Oc3ccccc3)c(O)c12,1,O=c1cc(-c2ccccc2)oc2ccc(Oc3ccccc3)cc12,CC(=O)Oc1cc2oc(-c3ccccc3)cc(=O)c2c(O)c1OCc1ccccc1,1,O=c1cc(-c2ccccc2)oc2ccc(OCc3ccccc3)cc12,0.5244314013206164,1,0.8837302617991458
O=c1cc(-c2ccccc2)oc2cc(O)c(Oc3ccccc3)c(O)c12,1,O=c1cc(-c2ccccc2)oc2ccc(Oc3ccccc3)cc12,COc1c2c(cc3oc(-c4ccccc4)cc(=O)c13)OCO2,1,O=c1cc(-c2ccccc2)oc2cc3c(cc12)OCO3,0.44805194805194815,1,0.986014033222751
CC[C@@H](C)C(=O)O[C@H]1C[C@H](O)C=C2C=C[C@@H](C)[C@H](CC[C@@H](O)C[C@@H](O)CC(=O)O)[C@H]21,0,C1=CC2=CCCCC2CC1,CC[C@@H](C)C(=O)O[C@@H]1C[C@H](C)C=C2C=C[C@H](C)[C@H](CC[C@H]3C[C@H](O)CC(=O)O3)[C@H]21,1,O=C1CCCC(CCC2CC=CC3=CCCCC32)O1,0.5590724637681159,0,0.05381897787045937
CC[C@@H](C)C(=O)O[C@H]1C[C@H](O)C=C2C=C[C@@H](C)[C@H](CC[C@@H](O)C[C@@H](O)CC(=O)O)[C@H]21,0,C1=CC2=CCCCC2CC1,CCC(C)(C)C(=O)O[C@H]1C[C@H](C)C=C2C=C[C@@H](C)[C@H](CC[C@@H]3C[C@H](O)CC(=O)O3)[C@H]21,1,O=C1CCCC(CCC2CC=CC3=CCCCC32)O1,0.4084337349397591,0,0.051434740176405584
CC[C@@H](C)C(=O)O[C@H]1C[C@H](O)C=C2C=C[C@@H](C)[C@H](CC[C@@H](O)C[C@@H](O)CC(=O)O)[C@H]21,0,C1=CC2=CCCCC2CC1,CCCCCCC[C@H]1OC(=O)C[C@H](O)[C@H](Cc2ccccc2)N(C)C(=O)[C@H](C(C)C)OC(=O)[C@H]1C,1,O=C1COC(=O)CCOC(=O)CCC(Cc2ccccc2)N1,0.18262626262626266,0,0.06383429450656847
CC[C@@H](C)C(=O)O[C@H]1C[C@H](O)C=C2C=C[C@@H](C)[C@H](CC[C@@H](O)C[C@@H](O)CC(=O)O)[C@H]21,0,C1=CC2=CCCCC2CC1,CCCCCCC[C@@H]1OC(=O)C[C@@H](O)[C@H](Cc2ccccc2)N(C)C(=O)[C@H](C(C)C)OC(=O)[C@@H]1C,1,O=C1COC(=O)CCOC(=O)CCC(Cc2ccccc2)N1,0.18262626262626266,0,0.06383429450656847
COc1ccc2c(c1)N(C[C@@H](C)CN(C)C)c1ccccc1S2,1,c1ccc2c(c1)Nc1ccccc1S2,CN(C)CCCN1c2ccccc2Sc2ccc(Cl)cc21,1,c1ccc2c(c1)Nc1ccccc1S2,0.4402930402930403,1,0.9352849171474931
COc1ccc2c(c1)N(C[C@@H](C)CN(C)C)c1ccccc1S2,1,c1ccc2c(c1)Nc1ccccc1S2,c1ccc2c(c1)Sc1ccccc1N2C[C@H]1CN2CCC1CC2,1,c1ccc2c(c1)Sc1ccccc1N2CC1CN2CCC1CC2,0.3447941888619855,1,0.8615780626374334
COc1ccc2c(c1)N(C[C@@H](C)CN(C)C)c1ccccc1S2,1,c1ccc2c(c1)Nc1ccccc1S2,COc1ccc([C@H]2Sc3ccccc3N(CCN(C)C)C(=O)[C@@H]2OC(C)=O)cc1,1,O=C1CC(c2ccccc2)Sc2ccccc2N1,0.33842253521126764,1,0.8554778713743605
COc1ccc2c(c1)N(C[C@@H](C)CN(C)C)c1ccccc1S2,1,c1ccc2c(c1)Nc1ccccc1S2,COc1ccc(OCC[C@@H](O)CN2CCN(c3ccccc3C)CC2)c(C(=O)CCc2ccccc2)c1,1,O=C(CCc1ccccc1)c1ccccc1OCCCCN1CCN(c2ccccc2)CC1,0.25844947735191637,1,0.8424220655073114
CCN(CC)[C@H](C)CN1c2ccccc2Sc2ccccc21,0,c1ccc2c(c1)Nc1ccccc1S2,COc1ccc2c(c1)N(C[C@@H](C)CN(C)C)c1ccccc1S2,1,c1ccc2c(c1)Nc1ccccc1S2,0.47388235294117653,0,0.45906502962665485
CCN(CC)[C@H](C)CN1c2ccccc2Sc2ccccc21,0,c1ccc2c(c1)Nc1ccccc1S2,CN(C)CCCN1c2ccccc2Sc2ccc(Cl)cc21,1,c1ccc2c(c1)Nc1ccccc1S2,0.4011428571428572,0,0.37851355808500947
CCN(CC)[C@H](C)CN1c2ccccc2Sc2ccccc21,0,c1ccc2c(c1)Nc1ccccc1S2,c1ccc2c(c1)Sc1ccccc1N2C[C@H]1CN2CCC1CC2,1,c1ccc2c(c1)Sc1ccccc1N2CC1CN2CCC1CC2,0.3895833333333334,0,0.46655541495692776
CCN(CC)[C@H](C)CN1c2ccccc2Sc2ccccc21,0,c1ccc2c(c1)Nc1ccccc1S2,CN1CCC(=C2c3ccccc3Sc3ccccc32)CC1,1,c1ccc2c(c1)Sc1ccccc1C2=C1CCNCC1,0.27092198581560284,1,0.522145416756217
CN(C)CCCN1c2ccccc2Sc2ccc(Cl)cc21,1,c1ccc2c(c1)Nc1ccccc1S2,COc1ccc2c(c1)N(C[C@@H](C)CN(C)C)c1ccccc1S2,1,c1ccc2c(c1)Nc1ccccc1S2,0.4402930402930403,1,0.541765461743063
CN(C)CCCN1c2ccccc2Sc2ccc(Cl)cc21,1,c1ccc2c(c1)Nc1ccccc1S2,c1ccc2c(c1)Sc1ccccc1N2C[C@H]1CN2CCC1CC2,1,c1ccc2c(c1)Sc1ccccc1N2CC1CN2CCC1CC2,0.3528282828282828,1,0.7601446846587495
CN(C)CCCN1c2ccccc2Sc2ccc(Cl)cc21,1,c1ccc2c(c1)Nc1ccccc1S2,COc1ccc([C@H]2Sc3ccccc3N(CCN(C)C)C(=O)[C@@H]2OC(C)=O)cc1,1,O=C1CC(c2ccccc2)Sc2ccccc2N1,0.29283018867924526,1,0.9493686081974814
CN(C)CCCN1c2ccccc2Sc2ccc(Cl)cc21,1,c1ccc2c(c1)Nc1ccccc1S2,CN1CCC(=C2c3ccccc3Sc3ccccc32)CC1,1,c1ccc2c(c1)Sc1ccccc1C2=C1CCNCC1,0.27314949201741656,1,0.7796650116248603
CNCC[C@@H](Oc1ccc(C(F)(F)F)cc1)c1ccccc1,1,c1ccc(COc2ccccc2)cc1,C[C@@H](NCCC(c1ccccc1)c1ccccc1)c1ccccc1,1,c1ccc(CNCCC(c2ccccc2)c2ccccc2)cc1,0.3261261261261261,1,0.8200610848662655
CNCC[C@@H](Oc1ccc(C(F)(F)F)cc1)c1ccccc1,1,c1ccc(COc2ccccc2)cc1,CC(=O)c1ccc(OC[C@@H](O)CNCCC(c2ccccc2)c2ccccc2)cc1,1,c1ccc(OCCCNCCC(c2ccccc2)c2ccccc2)cc1,0.3111111111111111,1,0.7141350088846024
CNCC[C@@H](Oc1ccc(C(F)(F)F)cc1)c1ccccc1,1,c1ccc(COc2ccccc2)cc1,O=C(CCc1ccccc1)c1ccccc1OC[C@@H](O)CNc1ccc(C(F)(F)F)cc1,1,O=C(CCc1ccccc1)c1ccccc1OCCCNc1ccccc1,0.3003350593968931,1,0.5987708852782311
CNCC[C@@H](Oc1ccc(C(F)(F)F)cc1)c1ccccc1,1,c1ccc(COc2ccccc2)cc1,O=C(CCc1ccccc1)c1ccc(OC[C@@H](O)CNCCC(c2ccccc2)c2ccccc2)cc1,1,O=C(CCc1ccccc1)c1ccc(OCCCNCCC(c2ccccc2)c2ccccc2)cc1,0.2727272727272727,1,0.6406267785516433
CCC(=O)c1ccccc1OC[C@H](O)CN1CCC(O)(c2ccccc2)CC1,1,c1ccc(OCCCN2CCC(c3ccccc3)CC2)cc1,CCC(=O)c1ccccc1OC[C@@H](O)CN1CCC(O)(c2ccccc2)CC1,1,c1ccc(OCCCN2CCC(c3ccccc3)CC2)cc1,1.0,1,0.9881917500776897
CCC(=O)c1ccccc1OC[C@H](O)CN1CCC(O)(c2ccccc2)CC1,1,c1ccc(OCCCN2CCC(c3ccccc3)CC2)cc1,CC(=O)c1ccccc1OC[C@@H](O)CN1CCC(O)(c2ccccc2)CC1,1,c1ccc(OCCCN2CCC(c3ccccc3)CC2)cc1,0.829010989010989,1,0.9740708643186147
CCC(=O)c1ccccc1OC[C@H](O)CN1CCC(O)(c2ccccc2)CC1,1,c1ccc(OCCCN2CCC(c3ccccc3)CC2)cc1,O=C(CCc1ccccc1)c1ccccc1OC[C@@H](O)CN1CCC(O)(c2ccccc2)CC1,1,O=C(CCc1ccccc1)c1ccccc1OCCCN1CCC(c2ccccc2)CC1,0.7827067669172932,1,0.9763621216356956
CCC(=O)c1ccccc1OC[C@H](O)CN1CCC(O)(c2ccccc2)CC1,1,c1ccc(OCCCN2CCC(c3ccccc3)CC2)cc1,O=C(CCc1ccccc1)c1ccccc1OC[C@H](O)CN1CCC(O)(c2ccccc2)CC1,1,O=C(CCc1ccccc1)c1ccccc1OCCCN1CCC(c2ccccc2)CC1,0.7827067669172932,1,0.9763621216356956
CCC(=O)c1ccccc1OC[C@@H](O)CN1CCC(O)(c2ccccc2)CC1,1,c1ccc(OCCCN2CCC(c3ccccc3)CC2)cc1,CCC(=O)c1ccccc1OC[C@H](O)CN1CCC(O)(c2ccccc2)CC1,1,c1ccc(OCCCN2CCC(c3ccccc3)CC2)cc1,1.0,1,0.9881917500776897
CCC(=O)c1ccccc1OC[C@@H](O)CN1CCC(O)(c2ccccc2)CC1,1,c1ccc(OCCCN2CCC(c3ccccc3)CC2)cc1,CC(=O)c1ccccc1OC[C@@H](O)CN1CCC(O)(c2ccccc2)CC1,1,c1ccc(OCCCN2CCC(c3ccccc3)CC2)cc1,0.829010989010989,1,0.9740708643186147
CCC(=O)c1ccccc1OC[C@@H](O)CN1CCC(O)(c2ccccc2)CC1,1,c1ccc(OCCCN2CCC(c3ccccc3)CC2)cc1,O=C(CCc1ccccc1)c1ccccc1OC[C@@H](O)CN1CCC(O)(c2ccccc2)CC1,1,O=C(CCc1ccccc1)c1ccccc1OCCCN1CCC(c2ccccc2)CC1,0.7827067669172932,1,0.9763621216356956
CCC(=O)c1ccccc1OC[C@@H](O)CN1CCC(O)(c2ccccc2)CC1,1,c1ccc(OCCCN2CCC(c3ccccc3)CC2)cc1,O=C(CCc1ccccc1)c1ccccc1OC[C@H](O)CN1CCC(O)(c2ccccc2)CC1,1,O=C(CCc1ccccc1)c1ccccc1OCCCN1CCC(c2ccccc2)CC1,0.7827067669172932,1,0.9763621216356956
CC(=O)c1ccccc1OC[C@@H](O)CN1CCC(O)(c2ccccc2)CC1,1,c1ccc(OCCCN2CCC(c3ccccc3)CC2)cc1,CCC(=O)c1ccccc1OC[C@@H](O)CN1CCC(O)(c2ccccc2)CC1,1,c1ccc(OCCCN2CCC(c3ccccc3)CC2)cc1,0.829010989010989,1,0.9354705119355463
CC(=O)c1ccccc1OC[C@@H](O)CN1CCC(O)(c2ccccc2)CC1,1,c1ccc(OCCCN2CCC(c3ccccc3)CC2)cc1,CCC(=O)c1ccccc1OC[C@H](O)CN1CCC(O)(c2ccccc2)CC1,1,c1ccc(OCCCN2CCC(c3ccccc3)CC2)cc1,0.829010989010989,1,0.9354705119355463
CC(=O)c1ccccc1OC[C@@H](O)CN1CCC(O)(c2ccccc2)CC1,1,c1ccc(OCCCN2CCC(c3ccccc3)CC2)cc1,O=C(c1ccccc1)c1ccccc1OC[C@H](O)CN1CCC(O)(c2ccccc2)CC1,1,O=C(c1ccccc1)c1ccccc1OCCCN1CCC(c2ccccc2)CC1,0.7875259875259875,1,0.9303915249190011
CC(=O)c1ccccc1OC[C@@H](O)CN1CCC(O)(c2ccccc2)CC1,1,c1ccc(OCCCN2CCC(c3ccccc3)CC2)cc1,O=C(c1ccccc1)c1ccccc1OC[C@@H](O)CN1CCC(O)(c2ccccc2)CC1,1,O=C(c1ccccc1)c1ccccc1OCCCN1CCC(c2ccccc2)CC1,0.7875259875259875,1,0.9303915249190011
COc1cccc2c(=O)c3ccccc3n(CCCN3CCN(CCO)CC3)c12,1,O=c1c2ccccc2n(CCCN2CCNCC2)c2ccccc12,COc1cccc2c(=O)c3ccccc3n(CCCCN3CCN(CCO)CC3)c12,1,O=c1c2ccccc2n(CCCCN2CCNCC2)c2ccccc12,0.9559574468085108,1,0.9931960231226555
COc1cccc2c(=O)c3ccccc3n(CCCN3CCN(CCO)CC3)c12,1,O=c1c2ccccc2n(CCCN2CCNCC2)c2ccccc12,COc1cccc2c(=O)c3ccccc3n(CCCN3CCN(C)CC3)c12,1,O=c1c2ccccc2n(CCCN2CCNCC2)c2ccccc12,0.8352414136386263,1,0.9602128116087904
COc1cccc2c(=O)c3ccccc3n(CCCN3CCN(CCO)CC3)c12,1,O=c1c2ccccc2n(CCCN2CCNCC2)c2ccccc12,COc1cccc2c(=O)c3ccccc3n(CCCN3CCCCC3)c12,1,O=c1c2ccccc2n(CCCN2CCCCC2)c2ccccc12,0.8009756097560977,1,0.979355840378044
COc1cccc2c(=O)c3ccccc3n(CCCN3CCN(CCO)CC3)c12,1,O=c1c2ccccc2n(CCCN2CCNCC2)c2ccccc12,COc1cccc2c(=O)c3ccccc3n(CCCCN3CCN(C)CC3)c12,1,O=c1c2ccccc2n(CCCCN2CCNCC2)c2ccccc12,0.7971428571428573,1,0.9834922641918176
O=c1c2ccccc2n(CCCN2CCN(CCO)CC2)c2ccccc12,1,O=c1c2ccccc2n(CCCN2CCNCC2)c2ccccc12,O=c1c2ccccc2n(CCCCN2CCN(CCO)CC2)c2ccccc12,1,O=c1c2ccccc2n(CCCCN2CCNCC2)c2ccccc12,0.9421645021645022,1,0.9924077149502308
O=c1c2ccccc2n(CCCN2CCN(CCO)CC2)c2ccccc12,1,O=c1c2ccccc2n(CCCN2CCNCC2)c2ccccc12,CN1CCN(CCCn2c3ccccc3c(=O)c3ccccc32)CC1,1,O=c1c2ccccc2n(CCCN2CCNCC2)c2ccccc12,0.7693498452012385,1,0.9380529942121646
O=c1c2ccccc2n(CCCN2CCN(CCO)CC2)c2ccccc12,1,O=c1c2ccccc2n(CCCN2CCNCC2)c2ccccc12,O=c1c2ccccc2n(CCCN2CCCCC2)c2ccccc12,1,O=c1c2ccccc2n(CCCN2CCCCC2)c2ccccc12,0.7424148606811145,1,0.9690095732534882
O=c1c2ccccc2n(CCCN2CCN(CCO)CC2)c2ccccc12,1,O=c1c2ccccc2n(CCCN2CCNCC2)c2ccccc12,COc1cccc2c(=O)c3ccccc3n(CCCN3CCN(CCO)CC3)c12,1,O=c1c2ccccc2n(CCCN2CCNCC2)c2ccccc12,0.7258046917621386,1,0.9671083188616981
CN1CCN(CCCn2c3ccccc3c(=O)c3ccccc32)CC1,1,O=c1c2ccccc2n(CCCN2CCNCC2)c2ccccc12,CN1CCN(CCCCn2c3ccccc3c(=O)c3ccccc32)CC1,1,O=c1c2ccccc2n(CCCCN2CCNCC2)c2ccccc12,0.9396078431372549,1,0.9872961003817479
CN1CCN(CCCn2c3ccccc3c(=O)c3ccccc32)CC1,1,O=c1c2ccccc2n(CCCN2CCNCC2)c2ccccc12,O=c1c2ccccc2n(CCCN2CCCCC2)c2ccccc12,1,O=c1c2ccccc2n(CCCN2CCCCC2)c2ccccc12,0.7731473408892764,1,0.9840828001643118
CN1CCN(CCCn2c3ccccc3c(=O)c3ccccc32)CC1,1,O=c1c2ccccc2n(CCCN2CCNCC2)c2ccccc12,O=c1c2ccccc2n(CCCN2CCN(CCO)CC2)c2ccccc12,1,O=c1c2ccccc2n(CCCN2CCNCC2)c2ccccc12,0.7693498452012385,1,0.9731266904501965
CN1CCN(CCCn2c3ccccc3c(=O)c3ccccc32)CC1,1,O=c1c2ccccc2n(CCCN2CCNCC2)c2ccccc12,O=c1c2ccccc2n(CCCN2CCOCC2)c2ccccc12,1,O=c1c2ccccc2n(CCCN2CCOCC2)c2ccccc12,0.731934731934732,1,0.9628232582903005
COc1cccc2c(=O)c3ccccc3n(CCCN3CCN(C)CC3)c12,1,O=c1c2ccccc2n(CCCN2CCNCC2)c2ccccc12,COc1cccc2c(=O)c3ccccc3n(CCCCN3CCN(C)CC3)c12,1,O=c1c2ccccc2n(CCCCN2CCNCC2)c2ccccc12,0.9536336336336337,1,0.9955783005631739
COc1cccc2c(=O)c3ccccc3n(CCCN3CCN(C)CC3)c12,1,O=c1c2ccccc2n(CCCN2CCNCC2)c2ccccc12,COc1cccc2c(=O)c3ccccc3n(CCCN3CCCCC3)c12,1,O=c1c2ccccc2n(CCCN2CCCCC2)c2ccccc12,0.8403508771929825,1,0.9924793416031957
COc1cccc2c(=O)c3ccccc3n(CCCN3CCN(C)CC3)c12,1,O=c1c2ccccc2n(CCCN2CCNCC2)c2ccccc12,COc1cccc2c(=O)c3ccccc3n(CCCN3CCN(CCO)CC3)c12,1,O=c1c2ccccc2n(CCCN2CCNCC2)c2ccccc12,0.8352414136386263,1,0.983573281319404
COc1cccc2c(=O)c3ccccc3n(CCCN3CCN(C)CC3)c12,1,O=c1c2ccccc2n(CCCN2CCNCC2)c2ccccc12,COc1cccc2c(=O)c3ccccc3n(CCCCN3CCCCC3)c12,1,O=c1c2ccccc2n(CCCCN2CCCCC2)c2ccccc12,0.80515574650913,1,0.9911013491358437
COc1cc(/C=C/C2=C(N3CCCC3)CN3CCN2CC3)cc(OC)c1OC,0,C(=Cc1ccccc1)C1=C(N2CCCC2)CN2CCN1CC2,COC(=O)[C@@H]1[C@H]2C[C@@H]3c4[nH]c5cc(OC)ccc5c4CCN3C[C@@H]2C[C@@H](OC(=O)/C=C/c2cc(OC)c(OC)c(OC)c2)[C@H]1OC,1,O=C(C=Cc1ccccc1)OC1CCC2CC3c4[nH]c5ccccc5c4CCN3CC2C1,0.25970149253731345,0,0.015424690531889173
COc1cc(/C=C/C2=C(N3CCCC3)CN3CCN2CC3)cc(OC)c1OC,0,C(=Cc1ccccc1)C1=C(N2CCCC2)CN2CCN1CC2,COc1cccc(CCc2ccccc2OCCCCN2CCN(c3ccccc3OC)CC2)c1,1,c1ccc(CCc2ccccc2OCCCCN2CCN(c3ccccc3)CC2)cc1,0.24260869565217397,0,0.1469986096445948
COc1cc(/C=C/C2=C(N3CCCC3)CN3CCN2CC3)cc(OC)c1OC,0,C(=Cc1ccccc1)C1=C(N2CCCC2)CN2CCN1CC2,COc1cccc(CCc2ccccc2OCCCN2CCN(c3ccccc3OC)CC2)c1,1,c1ccc(CCc2ccccc2OCCCN2CCN(c3ccccc3)CC2)cc1,0.24042303172737955,0,0.08300970042169023
COc1cc(/C=C/C2=C(N3CCCC3)CN3CCN2CC3)cc(OC)c1OC,0,C(=Cc1ccccc1)C1=C(N2CCCC2)CN2CCN1CC2,COc1cccc(CCc2ccccc2OCCCCN2CCN(c3ccc(F)cc3)CC2)c1,1,c1ccc(CCc2ccccc2OCCCCN2CCN(c3ccccc3)CC2)cc1,0.22643239113827351,0,0.07924870429834051
CC(=O)Oc1cc2oc(-c3ccccc3)cc(=O)c2c(O)c1OCc1ccccc1,1,O=c1cc(-c2ccccc2)oc2ccc(OCc3ccccc3)cc12,CC(=O)Oc1c(OCc2ccccc2)cc2oc(-c3ccccc3)cc(=O)c2c1OC(C)=O,1,O=c1cc(-c2ccccc2)oc2cc(OCc3ccccc3)ccc12,0.7664983164983166,1,0.9931308600368649
CC(=O)Oc1cc2oc(-c3ccccc3)cc(=O)c2c(O)c1OCc1ccccc1,1,O=c1cc(-c2ccccc2)oc2ccc(OCc3ccccc3)cc12,CC(=O)Oc1c(Oc2ccccc2)cc2oc(-c3ccccc3)cc(=O)c2c1OC(C)=O,1,O=c1cc(-c2ccccc2)oc2cc(Oc3ccccc3)ccc12,0.585632183908046,1,0.9985163710937079
CC(=O)Oc1cc2oc(-c3ccccc3)cc(=O)c2c(O)c1OCc1ccccc1,1,O=c1cc(-c2ccccc2)oc2ccc(OCc3ccccc3)cc12,O=c1cc(-c2ccccc2)oc2cc(O)c(Oc3ccccc3)c(O)c12,1,O=c1cc(-c2ccccc2)oc2ccc(Oc3ccccc3)cc12,0.5244314013206164,1,0.988446914979169
CC(=O)Oc1cc2oc(-c3ccccc3)cc(=O)c2c(O)c1OCc1ccccc1,1,O=c1cc(-c2ccccc2)oc2ccc(OCc3ccccc3)cc12,O=c1cc(-c2ccccc2)oc2cc3c(c(O)c12)OCO3,1,O=c1cc(-c2ccccc2)oc2cc3c(cc12)OCO3,0.4904619970193741,1,0.9965930547820421
N#Cc1c2n(c3c(NCCc4ccccc4)ncnc13)CCCC2,1,c1ccc(CCNc2ncnc3cc4n(c23)CCCC4)cc1,N#Cc1c2n(c3c(NS(=O)(=O)Cc4ccccc4)ncnc13)CCCC2,1,O=S(=O)(Cc1ccccc1)Nc1ncnc2cc3n(c12)CCCC3,0.6650340136054422,1,0.920839451816329
N#Cc1c2n(c3c(NCCc4ccccc4)ncnc13)CCCC2,1,c1ccc(CCNc2ncnc3cc4n(c23)CCCC4)cc1,N#Cc1c2n(c3c(N4CCN(CCc5ccccc5)CC4)ncnc13)CCCC2,1,c1ccc(CCN2CCN(c3ncnc4cc5n(c34)CCCC5)CC2)cc1,0.6169512966476914,1,0.9620577020831497
N#Cc1c2n(c3c(NCCc4ccccc4)ncnc13)CCCC2,1,c1ccc(CCNc2ncnc3cc4n(c23)CCCC4)cc1,N#Cc1c2n(c3c(N4CCN(CCCc5ccccc5)CC4)ncnc13)CCCC2,1,c1ccc(CCCN2CCN(c3ncnc4cc5n(c34)CCCC5)CC2)cc1,0.5990384615384616,1,0.985544032298796
N#Cc1c2n(c3c(NCCc4ccccc4)ncnc13)CCCC2,1,c1ccc(CCNc2ncnc3cc4n(c23)CCCC4)cc1,N#Cc1c2n(c3c(N4CCN(CCc5ccc(Cl)cc5)CC4)ncnc13)CCCC2,1,c1ccc(CCN2CCN(c3ncnc4cc5n(c34)CCCC5)CC2)cc1,0.517910447761194,1,0.9687763907955653
O=C(CCc1cccc2ccccc12)c1ccccc1OC[C@H](O)CNCCC(c1ccccc1)c1ccccc1,1,O=C(CCc1cccc2ccccc12)c1ccccc1OCCCNCCC(c1ccccc1)c1ccccc1,O=C(CCc1cccc2ccccc12)c1ccccc1OC[C@@H](O)CNCCC(c1ccccc1)c1ccccc1,1,O=C(CCc1cccc2ccccc12)c1ccccc1OCCCNCCC(c1ccccc1)c1ccccc1,1.0,1,0.9999856727021533
O=C(CCc1cccc2ccccc12)c1ccccc1OC[C@H](O)CNCCC(c1ccccc1)c1ccccc1,1,O=C(CCc1cccc2ccccc12)c1ccccc1OCCCNCCC(c1ccccc1)c1ccccc1,O=C(CCc1ccccc1)c1ccccc1OC[C@H](O)CNCCCC(c1ccccc1)c1ccccc1,1,O=C(CCc1ccccc1)c1ccccc1OCCCNCCCC(c1ccccc1)c1ccccc1,0.687171792948237,1,0.9999878198673839
O=C(CCc1cccc2ccccc12)c1ccccc1OC[C@H](O)CNCCC(c1ccccc1)c1ccccc1,1,O=C(CCc1cccc2ccccc12)c1ccccc1OCCCNCCC(c1ccccc1)c1ccccc1,O=C(CCc1ccccc1)c1ccccc1OC[C@@H](O)CNCC(c1ccccc1)c1ccccc1,1,O=C(CCc1ccccc1)c1ccccc1OCCCNCC(c1ccccc1)c1ccccc1,0.6340831109416698,1,0.9996813299070264
O=C(CCc1cccc2ccccc12)c1ccccc1OC[C@H](O)CNCCC(c1ccccc1)c1ccccc1,1,O=C(CCc1cccc2ccccc12)c1ccccc1OCCCNCCC(c1ccccc1)c1ccccc1,O=C(CCc1ccccc1)c1ccccc1OC[C@H](O)CNCC(c1ccccc1)c1ccccc1,1,O=C(CCc1ccccc1)c1ccccc1OCCCNCC(c1ccccc1)c1ccccc1,0.6340831109416698,1,0.9996813299070264
O=C(CCc1cccc2ccccc12)c1ccccc1OC[C@@H](O)CNCCC(c1ccccc1)c1ccccc1,1,O=C(CCc1cccc2ccccc12)c1ccccc1OCCCNCCC(c1ccccc1)c1ccccc1,O=C(CCc1cccc2ccccc12)c1ccccc1OC[C@H](O)CNCCC(c1ccccc1)c1ccccc1,1,O=C(CCc1cccc2ccccc12)c1ccccc1OCCCNCCC(c1ccccc1)c1ccccc1,1.0,1,0.9999856727021533
O=C(CCc1cccc2ccccc12)c1ccccc1OC[C@@H](O)CNCCC(c1ccccc1)c1ccccc1,1,O=C(CCc1cccc2ccccc12)c1ccccc1OCCCNCCC(c1ccccc1)c1ccccc1,O=C(CCc1ccccc1)c1ccccc1OC[C@H](O)CNCCCC(c1ccccc1)c1ccccc1,1,O=C(CCc1ccccc1)c1ccccc1OCCCNCCCC(c1ccccc1)c1ccccc1,0.687171792948237,1,0.9999878198673839
O=C(CCc1cccc2ccccc12)c1ccccc1OC[C@@H](O)CNCCC(c1ccccc1)c1ccccc1,1,O=C(CCc1cccc2ccccc12)c1ccccc1OCCCNCCC(c1ccccc1)c1ccccc1,O=C(CCc1ccccc1)c1ccccc1OC[C@@H](O)CNCC(c1ccccc1)c1ccccc1,1,O=C(CCc1ccccc1)c1ccccc1OCCCNCC(c1ccccc1)c1ccccc1,0.6340831109416698,1,0.9996813299070264
O=C(CCc1cccc2ccccc12)c1ccccc1OC[C@@H](O)CNCCC(c1ccccc1)c1ccccc1,1,O=C(CCc1cccc2ccccc12)c1ccccc1OCCCNCCC(c1ccccc1)c1ccccc1,O=C(CCc1ccccc1)c1ccccc1OC[C@H](O)CNCC(c1ccccc1)c1ccccc1,1,O=C(CCc1ccccc1)c1ccccc1OCCCNCC(c1ccccc1)c1ccccc1,0.6340831109416698,1,0.9996813299070264
COc1cc2c(cc1OC)CN(CCc1cccc(NC(=O)c3ccccc3NC(=O)c3cnc(C)cn3)c1)CC2,1,O=C(Nc1ccccc1C(=O)Nc1cccc(CCN2CCc3ccccc3C2)c1)c1cnccn1,COc1cc2c(cc1OC)CN(CCc1ccc(NC(=O)c3ccccc3NC(=O)c3ccccn3)cc1)CC2,1,O=C(Nc1ccccc1C(=O)Nc1ccc(CCN2CCc3ccccc3C2)cc1)c1ccccn1,0.7218947368421053,1,0.9972239982929723
COc1cc2c(cc1OC)CN(CCc1cccc(NC(=O)c3ccccc3NC(=O)c3cnc(C)cn3)c1)CC2,1,O=C(Nc1ccccc1C(=O)Nc1cccc(CCN2CCc3ccccc3C2)c1)c1cnccn1,COc1cc2c(cc1OC)CN(CCc1ccc(NC(=O)c3ccccc3NC(=O)c3csc(C)n3)cc1)CC2,1,O=C(Nc1ccccc1C(=O)Nc1ccc(CCN2CCc3ccccc3C2)cc1)c1cscn1,0.6900000000000001,1,0.9988740736394174
COc1cc2c(cc1OC)CN(CCc1cccc(NC(=O)c3ccccc3NC(=O)c3cnc(C)cn3)c1)CC2,1,O=C(Nc1ccccc1C(=O)Nc1cccc(CCN2CCc3ccccc3C2)c1)c1cnccn1,COc1cc2c(cc1OC)CN(CCc1ccc(NC(=O)c3ccccc3NC(=O)c3ccc4ccccc4n3)cc1)CC2,1,O=C(Nc1ccccc1C(=O)Nc1ccc(CCN2CCc3ccccc3C2)cc1)c1ccc2ccccc2n1,0.6718181818181819,1,0.9984470898870033
COc1cc2c(cc1OC)CN(CCc1cccc(NC(=O)c3ccccc3NC(=O)c3cnc(C)cn3)c1)CC2,1,O=C(Nc1ccccc1C(=O)Nc1cccc(CCN2CCc3ccccc3C2)c1)c1cnccn1,COc1cc2c(cc1OC)CN(CCc1ccc(NC(=O)c3ccccc3NC(=O)c3ccccc3)cc1)CC2,1,O=C(Nc1ccccc1C(=O)Nc1ccc(CCN2CCc3ccccc3C2)cc1)c1ccccc1,0.6647256438969765,1,0.9974969718179082
COc1ccc(CN2CCc3ccc(NC(=O)c4ccccc4NC(=O)c4cnc5ccccc5n4)cc3C2)cc1OC,1,O=C(Nc1ccccc1C(=O)Nc1ccc2c(c1)CN(Cc1ccccc1)CC2)c1cnc2ccccc2n1,COc1cc2c(cc1OC)CN(CCc1ccc(NC(=O)c3cnc4ccccc4n3)cc1)CC2,1,O=C(Nc1ccc(CCN2CCc3ccccc3C2)cc1)c1cnc2ccccc2n1,0.6848205128205129,1,0.9993050751191512
COc1ccc(CN2CCc3ccc(NC(=O)c4ccccc4NC(=O)c4cnc5ccccc5n4)cc3C2)cc1OC,1,O=C(Nc1ccccc1C(=O)Nc1ccc2c(c1)CN(Cc1ccccc1)CC2)c1cnc2ccccc2n1,COc1cc2c(cc1OC)CN(CCc1ccc(NC(=O)c3ccccc3NC(=O)c3ccc4ccccc4n3)cc1)CC2,1,O=C(Nc1ccccc1C(=O)Nc1ccc(CCN2CCc3ccccc3C2)cc1)c1ccc2ccccc2n1,0.6285714285714286,1,0.9994561909686444
COc1ccc(CN2CCc3ccc(NC(=O)c4ccccc4NC(=O)c4cnc5ccccc5n4)cc3C2)cc1OC,1,O=C(Nc1ccccc1C(=O)Nc1ccc2c(c1)CN(Cc1ccccc1)CC2)c1cnc2ccccc2n1,COc1cc2c(cc1OC)CN(CCc1ccc(NC(=O)c3ccccc3NC(=O)c3cnc4ccccc4c3)cc1)CC2,1,O=C(Nc1ccccc1C(=O)Nc1ccc(CCN2CCc3ccccc3C2)cc1)c1cnc2ccccc2c1,0.6112607099143208,1,0.9995647281862915
COc1ccc(CN2CCc3ccc(NC(=O)c4ccccc4NC(=O)c4cnc5ccccc5n4)cc3C2)cc1OC,1,O=C(Nc1ccccc1C(=O)Nc1ccc2c(c1)CN(Cc1ccccc1)CC2)c1cnc2ccccc2n1,COc1cc2c(cc1OC)CN(CCc1cccc(NC(=O)c3ccccc3NC(=O)c3cnc(C)cn3)c1)CC2,1,O=C(Nc1ccccc1C(=O)Nc1cccc(CCN2CCc3ccccc3C2)c1)c1cnccn1,0.6052916937757536,1,0.9997771060108144
C[C@@H]1C(=O)O[C@@H]2CCN3CC=C(COC(=O)[C@](C)(O)[C@]1(C)O)C23,0,O=C1CCCC(=O)OC2CCN3CC=C(CO1)C23,CCCC[C@H]1OC(=O)C[C@@H](O)[C@H](Cc2ccccc2)N(C)C(=O)COC(=O)[C@H]1C,1,O=C1COC(=O)CCOC(=O)CCC(Cc2ccccc2)N1,0.207541276215975,0,0.04835673694292351
C[C@@H]1C(=O)O[C@@H]2CCN3CC=C(COC(=O)[C@](C)(O)[C@]1(C)O)C23,0,O=C1CCCC(=O)OC2CCN3CC=C(CO1)C23,CCCCCCC[C@H]1OC(=O)C[C@@H](O)[C@H](Cc2ccccc2)N(C)C(=O)COC(=O)[C@H]1C,1,O=C1COC(=O)CCOC(=O)CCC(Cc2ccccc2)N1,0.2041394335511983,0,0.04213468785348782
C[C@@H]1C(=O)O[C@@H]2CCN3CC=C(COC(=O)[C@](C)(O)[C@]1(C)O)C23,0,O=C1CCCC(=O)OC2CCN3CC=C(CO1)C23,CC(C)[C@@H]1OC(=O)[C@@H](C)COC(=O)C[C@@H](O)[C@H](Cc2ccccc2)N(C)C1=O,1,O=C1COC(=O)CCOC(=O)CCC(Cc2ccccc2)N1,0.19696272434422457,0,0.018470829885860126
C[C@@H]1C(=O)O[C@@H]2CCN3CC=C(COC(=O)[C@](C)(O)[C@]1(C)O)C23,0,O=C1CCCC(=O)OC2CCN3CC=C(CO1)C23,CCCCCCC[C@H]1OC(=O)C[C@@H](O)[C@H](Cc2ccccc2)N(C)C(=O)C(C)(C)OC(=O)[C@H]1C,1,O=C1COC(=O)CCOC(=O)CCC(Cc2ccccc2)N1,0.18705384150030252,0,0.04983513313922333
COc1cc2c(cc1OC)CN(CCc1ccc(NC(=O)c3cccc4c(=O)c5cccc(OC)c5[nH]c34)cc1)CC2,1,O=C(Nc1ccc(CCN2CCc3ccccc3C2)cc1)c1cccc2c(=O)c3ccccc3[nH]c12,COc1cc2c(cc1OC)CN(CCc1ccc(NC(=O)c3cccc4ccccc34)cc1)CC2,1,O=C(Nc1ccc(CCN2CCc3ccccc3C2)cc1)c1cccc2ccccc12,0.7197101449275363,1,0.9998298809619379
COc1cc2c(cc1OC)CN(CCc1ccc(NC(=O)c3cccc4c(=O)c5cccc(OC)c5[nH]c34)cc1)CC2,1,O=C(Nc1ccc(CCN2CCc3ccccc3C2)cc1)c1cccc2c(=O)c3ccccc3[nH]c12,COc1cc2c(cc1OC)CN(CCc1ccc(NC(=O)c3ccccc3NC(=O)c3cccc4ccccc34)cc1)CC2,1,O=C(Nc1ccc(CCN2CCc3ccccc3C2)cc1)c1ccccc1NC(=O)c1cccc2ccccc12,0.6935194942044258,1,0.9996653731410456
COc1cc2c(cc1OC)CN(CCc1ccc(NC(=O)c3cccc4c(=O)c5cccc(OC)c5[nH]c34)cc1)CC2,1,O=C(Nc1ccc(CCN2CCc3ccccc3C2)cc1)c1cccc2c(=O)c3ccccc3[nH]c12,COc1cc2c(cc1OC)CN(CCc1ccc(NC(=O)c3ccccc3NC(=O)c3ccccc3)cc1)CC2,1,O=C(Nc1ccccc1C(=O)Nc1ccc(CCN2CCc3ccccc3C2)cc1)c1ccccc1,0.6580273972602739,1,0.9998839459367432
COc1cc2c(cc1OC)CN(CCc1ccc(NC(=O)c3cccc4c(=O)c5cccc(OC)c5[nH]c34)cc1)CC2,1,O=C(Nc1ccc(CCN2CCc3ccccc3C2)cc1)c1cccc2c(=O)c3ccccc3[nH]c12,COc1cc2c(cc1OC)CN(CCc1ccc(NC(=O)c3ccccc3NC(=O)c3ccc(C)cc3)cc1)CC2,1,O=C(Nc1ccccc1C(=O)Nc1ccc(CCN2CCc3ccccc3C2)cc1)c1ccccc1,0.6385964912280702,1,0.9998521251173953
CN[C@@H]1[C@H](O)[C@@H](O[C@@H]2C(O)[C@H](O[C@H]3OC(CN)=CC[C@H]3N)[C@@H](N)C[C@@H]2N)OC[C@]1(C)O,0,C1=COC(OC2CCCC(OC3CCCCO3)C2)CC1,C=CCNC1=C2C[C@H](C)C[C@H](OC)[C@@H](O)[C@@H](C)C=C(C)[C@H](OC(N)=O)[C@@H](OC)C=CC=C(C)C(=O)NC(=CC1=O)C2=O,1,O=C1C=C2CCCCCCC=CCCC=CC=CC(=O)NC(=C1)C2=O,0.1467473858007705,0,0.0014520633347432875
CN[C@@H]1[C@H](O)[C@@H](O[C@@H]2C(O)[C@H](O[C@H]3OC(CN)=CC[C@H]3N)[C@@H](N)C[C@@H]2N)OC[C@]1(C)O,0,C1=COC(OC2CCCC(OC3CCCCO3)C2)CC1,CC(C)c1c(C(=O)Nc2ccccc2)c(-c2ccccc2)c(-c2ccc(F)cc2)n1CC[C@H]1C[C@@H](O)CC(=O)O1,1,O=C1CCCC(CCn2cc(C(=O)Nc3ccccc3)c(-c3ccccc3)c2-c2ccccc2)O1,0.1463118811881188,0,0.04324997954564742
CN[C@@H]1[C@H](O)[C@@H](O[C@@H]2C(O)[C@H](O[C@H]3OC(CN)=CC[C@H]3N)[C@@H](N)C[C@@H]2N)OC[C@]1(C)O,0,C1=COC(OC2CCCC(OC3CCCCO3)C2)CC1,CC[C@@H](C)C(=O)O[C@@H]1C[C@H](C)C=C2C=C[C@H](C)[C@H](CC[C@H]3C[C@H](O)CC(=O)O3)[C@H]21,1,O=C1CCCC(CCC2CC=CC3=CCCCC32)O1,0.13245356793743893,0,0.004634288614749668
CN[C@@H]1[C@H](O)[C@@H](O[C@@H]2C(O)[C@H](O[C@H]3OC(CN)=CC[C@H]3N)[C@@H](N)C[C@@H]2N)OC[C@]1(C)O,0,C1=COC(OC2CCCC(OC3CCCCO3)C2)CC1,CCCCCCC[C@H]1OC(=O)C[C@@H](O)[C@H](Cc2ccccc2)N(C)C(=O)C(C)(C)OC(=O)[C@H]1C,1,O=C1COC(=O)CCOC(=O)CCC(Cc2ccccc2)N1,0.13180533751962326,0,0.006766999071058151
CC[C@]12CCCN3CCc4c(n(c5ccccc45)C(=O)C1)[C@@H]32,0,O=C1CC2CCCN3CCc4c(n1c1ccccc41)C23,CCOC(=O)C1=C[C@@]2(CC)CCCN3CCc4c(n1c1ccccc41)[C@H]32,1,C1=Cn2c3c(c4ccccc42)CCN2CCCC1C32,0.5696969696969697,0,0.13300496022384348
CC[C@]12CCCN3CCc4c(n(c5ccccc45)C(=O)C1)[C@@H]32,0,O=C1CC2CCCN3CCc4c(n1c1ccccc41)C23,O=c1c2ccccc2n(CCCCN2CCCCC2)c2ccccc12,1,O=c1c2ccccc2n(CCCCN2CCCCC2)c2ccccc12,0.29435483870967744,0,0.24326642717832533
CC[C@]12CCCN3CCc4c(n(c5ccccc45)C(=O)C1)[C@@H]32,0,O=C1CC2CCCN3CCc4c(n1c1ccccc41)C23,O=c1c2ccccc2n(CCCN2CCCCC2)c2ccccc12,1,O=c1c2ccccc2n(CCCN2CCCCC2)c2ccccc12,0.29282422646477946,0,0.30658211885281944
CC[C@]12CCCN3CCc4c(n(c5ccccc45)C(=O)C1)[C@@H]32,0,O=C1CC2CCCN3CCc4c(n1c1ccccc41)C23,CN1CCN(CCCCn2c3ccccc3c(=O)c3ccccc32)CC1,1,O=c1c2ccccc2n(CCCCN2CCNCC2)c2ccccc12,0.2878730158730159,0,0.28950558750056504
COc1cc(N)c(Cl)cc1C(=O)NC1CCN(Cc2ccccc2)CC1,0,O=C(NC1CCN(Cc2ccccc2)CC1)c1ccccc1,COc1cc2c(cc1OC)CN(CCNC(=O)c1ccccc1NC(=O)c1ccc(Cc3ccccc3)cc1)CC2,1,O=C(Nc1ccccc1C(=O)NCCN1CCc2ccccc2C1)c1ccc(Cc2ccccc2)cc1,0.33438237608182536,0,0.19221960140659877
COc1cc(N)c(Cl)cc1C(=O)NC1CCN(Cc2ccccc2)CC1,0,O=C(NC1CCN(Cc2ccccc2)CC1)c1ccccc1,COc1cc2c(cc1OC)CN(CCNC(=O)c1ccccc1NC(=O)c1ccc(OCc3ccccc3)cc1)CC2,1,O=C(Nc1ccccc1C(=O)NCCN1CCc2ccccc2C1)c1ccc(OCc2ccccc2)cc1,0.32286764705882354,0,0.13281463897211712
COc1cc(N)c(Cl)cc1C(=O)NC1CCN(Cc2ccccc2)CC1,0,O=C(NC1CCN(Cc2ccccc2)CC1)c1ccccc1,COc1cc2c(cc1OC)CN(CCNC(=O)c1cccc(Cl)c1NC(=O)c1ccc(C(C)C)cc1)CC2,1,O=C(Nc1ccccc1C(=O)NCCN1CCc2ccccc2C1)c1ccccc1,0.31998546511627907,0,0.15983814916158676
COc1cc(N)c(Cl)cc1C(=O)NC1CCN(Cc2ccccc2)CC1,0,O=C(NC1CCN(Cc2ccccc2)CC1)c1ccccc1,O=C(CCc1ccccc1)c1ccccc1OC[C@H](O)CN1CCN(Cc2ccccc2)CC1,1,O=C(CCc1ccccc1)c1ccccc1OCCCN1CCN(Cc2ccccc2)CC1,0.31757203589985833,0,0.4006258705959041
COc1cc2c(cc1O)C[C@H]1c3c(cc(O)c(OC)c3-2)CCN1C,0,c1ccc2c(c1)CC1NCCc3cccc-2c31,COc1cc(C[C@@H]2c3cc(OC)c(OC)cc3CCN2C)c(Oc2cc3c(cc2OC)-c2c(OC)c(OC)cc4c2[C@@H](C3)N(C)CC4)cc1OC,1,c1ccc(Oc2ccc3c(c2)CC2NCCc4cccc-3c42)c(CC2NCCc3ccccc32)c1,0.5671717171717172,0,0.2674531817934585
COc1cc2c(cc1O)C[C@H]1c3c(cc(O)c(OC)c3-2)CCN1C,0,c1ccc2c(c1)CC1NCCc3cccc-2c31,COc1cc2c(cc1O)[C@@H]1Cc3ccc(OC)c(O)c3CN1CC2,1,c1ccc2c(c1)CC1c3ccccc3CCN1C2,0.43103316812809767,0,0.11163599989995049
COc1cc2c(cc1O)C[C@H]1c3c(cc(O)c(OC)c3-2)CCN1C,0,c1ccc2c(c1)CC1NCCc3cccc-2c31,COc1cc(Br)c(C[C@H]2c3cc(OC)c(OC)cc3CCN2C)cc1OC,1,c1ccc(CC2NCCc3ccccc32)cc1,0.3599695005718643,0,0.34990957694230784
COc1cc2c(cc1O)C[C@H]1c3c(cc(O)c(OC)c3-2)CCN1C,0,c1ccc2c(c1)CC1NCCc3cccc-2c31,COc1ccc2c(c1OC)C(=O)O[C@@H]2[C@H]1c2c(cc3c(c2OC)OCO3)CCN1C,1,O=C1OC(C2NCCc3cc4c(cc32)OCO4)c2ccccc21,0.3347118118376841,0,0.1349228918822491
COc1ccc2c(c1O)-c1c(OC)c(OC)cc3c1[C@H](C2)N(C)CC3,0,c1ccc2c(c1)CC1NCCc3cccc-2c31,COc1cc(C[C@@H]2c3cc(OC)c(OC)cc3CCN2C)c(Oc2cc3c(cc2OC)-c2c(OC)c(OC)cc4c2[C@@H](C3)N(C)CC4)cc1OC,1,c1ccc(Oc2ccc3c(c2)CC2NCCc4cccc-3c42)c(CC2NCCc3ccccc32)c1,0.5184742951907131,0,0.1299293346817516
COc1ccc2c(c1O)-c1c(OC)c(OC)cc3c1[C@H](C2)N(C)CC3,0,c1ccc2c(c1)CC1NCCc3cccc-2c31,COc1cc2c(cc1O)[C@@H]1Cc3ccc(OC)c(O)c3CN1CC2,1,c1ccc2c(c1)CC1c3ccccc3CCN1C2,0.47818181818181826,0,0.06682445610670698
COc1ccc2c(c1O)-c1c(OC)c(OC)cc3c1[C@H](C2)N(C)CC3,0,c1ccc2c(c1)CC1NCCc3cccc-2c31,COc1ccc2c(c1OC)C(=O)O[C@@H]2[C@H]1c2c(cc3c(c2OC)OCO3)CCN1C,1,O=C1OC(C2NCCc3cc4c(cc32)OCO4)c2ccccc21,0.40568903617785146,0,0.06525118309091393
COc1ccc2c(c1O)-c1c(OC)c(OC)cc3c1[C@H](C2)N(C)CC3,0,c1ccc2c(c1)CC1NCCc3cccc-2c31,COc1ccc2c(c1OC)C(=O)O[C@@H]2[C@H]1c2cc3c(cc2CCN1C)OCO3,1,O=C1OC(C2NCCc3cc4c(cc32)OCO4)c2ccccc21,0.3934492753623189,0,0.10300664317097263
C/C=C1\C[C@@H](C)[C@](O)(CO)C(=O)OCC2=CCN3CC[C@H](OC1=O)C23,0,C=C1CCCC(=O)OCC2=CCN3CCC(OC1=O)C23,CCCC[C@H]1OC(=O)C[C@@H](O)[C@H](Cc2ccccc2)N(C)C(=O)COC(=O)[C@H]1C,1,O=C1COC(=O)CCOC(=O)CCC(Cc2ccccc2)N1,0.20111111111111113,0,0.03263151228182656
C/C=C1\C[C@@H](C)[C@](O)(CO)C(=O)OCC2=CCN3CC[C@H](OC1=O)C23,0,C=C1CCCC(=O)OCC2=CCN3CCC(OC1=O)C23,CCCCCCC[C@H]1OC(=O)C[C@@H](O)[C@H](Cc2ccccc2)N(C)C(=O)COC(=O)[C@H]1C,1,O=C1COC(=O)CCOC(=O)CCC(Cc2ccccc2)N1,0.19782608695652176,0,0.0542827613347399
C/C=C1\C[C@@H](C)[C@](O)(CO)C(=O)OCC2=CCN3CC[C@H](OC1=O)C23,0,C=C1CCCC(=O)OCC2=CCN3CCC(OC1=O)C23,CC(C)[C@@H]1OC(=O)[C@@H](C)COC(=O)C[C@@H](O)[C@H](Cc2ccccc2)N(C)C1=O,1,O=C1COC(=O)CCOC(=O)CCC(Cc2ccccc2)N1,0.19554436265013564,0,0.031343930854960345
C/C=C1\C[C@@H](C)[C@](O)(CO)C(=O)OCC2=CCN3CC[C@H](OC1=O)C23,0,C=C1CCCC(=O)OCC2=CCN3CCC(OC1=O)C23,CC(C)[C@@H]1OC(=O)[C@@H](C)[C@@H](C)OC(=O)C[C@@H](O)[C@H](Cc2ccccc2)N(C)C1=O,1,O=C1COC(=O)CCOC(=O)CCC(Cc2ccccc2)N1,0.17965904688105386,0,0.03154666856858505
O=C(CCc1ccccc1)c1ccccc1OC[C@@H](O)CNC(c1ccccc1)c1ccccc1,1,O=C(CCc1ccccc1)c1ccccc1OCCCNC(c1ccccc1)c1ccccc1,O=C(CCc1ccccc1)c1ccccc1OC[C@@H](O)CNCC(c1ccccc1)c1ccccc1,1,O=C(CCc1ccccc1)c1ccccc1OCCCNCC(c1ccccc1)c1ccccc1,0.7658947368421054,1,0.9997153067100202
O=C(CCc1ccccc1)c1ccccc1OC[C@@H](O)CNC(c1ccccc1)c1ccccc1,1,O=C(CCc1ccccc1)c1ccccc1OCCCNC(c1ccccc1)c1ccccc1,O=C(CCc1ccccc1)c1ccccc1OC[C@H](O)CNCC(c1ccccc1)c1ccccc1,1,O=C(CCc1ccccc1)c1ccccc1OCCCNCC(c1ccccc1)c1ccccc1,0.7658947368421054,1,0.9997153067100202
O=C(CCc1ccccc1)c1ccccc1OC[C@@H](O)CNC(c1ccccc1)c1ccccc1,1,O=C(CCc1ccccc1)c1ccccc1OCCCNC(c1ccccc1)c1ccccc1,CC(C)[C@@H](NC[C@H](O)COc1ccccc1C(=O)CCc1ccccc1)c1ccccc1,1,O=C(CCc1ccccc1)c1ccccc1OCCCNCc1ccccc1,0.7653846153846154,1,0.9995978765922938
O=C(CCc1ccccc1)c1ccccc1OC[C@@H](O)CNC(c1ccccc1)c1ccccc1,1,O=C(CCc1ccccc1)c1ccccc1OCCCNC(c1ccccc1)c1ccccc1,CC(C)(C)[C@@H](NC[C@H](O)COc1ccccc1C(=O)CCc1ccccc1)c1ccccc1,1,O=C(CCc1ccccc1)c1ccccc1OCCCNCc1ccccc1,0.7537735849056605,1,0.999742485661896
O=C(CCc1cccc2ccccc12)c1ccccc1OC[C@@H](O)CN1CCOCC1,1,O=C(CCc1cccc2ccccc12)c1ccccc1OCCCN1CCOCC1,O=C(CCc1cccc2ccccc12)c1ccccc1OC[C@H](O)CN1CCCCC1,1,O=C(CCc1cccc2ccccc12)c1ccccc1OCCCN1CCCCC1,0.8352588789045786,1,0.9967107007587414
O=C(CCc1cccc2ccccc12)c1ccccc1OC[C@@H](O)CN1CCOCC1,1,O=C(CCc1cccc2ccccc12)c1ccccc1OCCCN1CCOCC1,O=C(CCc1cccc2ccccc12)c1ccccc1OC[C@@H](O)CN1CCCCC1,1,O=C(CCc1cccc2ccccc12)c1ccccc1OCCCN1CCCCC1,0.8352588789045786,1,0.9967107007587414
O=C(CCc1cccc2ccccc12)c1ccccc1OC[C@@H](O)CN1CCOCC1,1,O=C(CCc1cccc2ccccc12)c1ccccc1OCCCN1CCOCC1,O=C(CCc1ccccc1)c1ccccc1OC[C@@H](O)CN1CCOCC1,1,O=C(CCc1ccccc1)c1ccccc1OCCCN1CCOCC1,0.7493103448275863,1,0.99537666907309
O=C(CCc1cccc2ccccc12)c1ccccc1OC[C@@H](O)CN1CCOCC1,1,O=C(CCc1cccc2ccccc12)c1ccccc1OCCCN1CCOCC1,O=C(Cc1cccc2ccccc12)c1ccccc1OC[C@@H](O)CN1CCC(O)(c2ccccc2)CC1,1,O=C(Cc1cccc2ccccc12)c1ccccc1OCCCN1CCC(c2ccccc2)CC1,0.6290196078431373,1,0.991676634765787
CN(C)c1ccc(-c2nc(-c3ccc(O)cc3)n(CCc3ccccc3)c2-c2ccc(N(C)C)cc2)cc1,1,c1ccc(CCn2c(-c3ccccc3)nc(-c3ccccc3)c2-c2ccccc2)cc1,CN(C)c1ccc(-c2nc(-c3ccc(C(=O)O)cc3)n(CCc3ccccc3)c2-c2ccc(N(C)C)cc2)cc1,1,c1ccc(CCn2c(-c3ccccc3)nc(-c3ccccc3)c2-c2ccccc2)cc1,0.7665814151747655,1,0.9887688316655376
CN(C)c1ccc(-c2nc(-c3ccc(O)cc3)n(CCc3ccccc3)c2-c2ccc(N(C)C)cc2)cc1,1,c1ccc(CCn2c(-c3ccccc3)nc(-c3ccccc3)c2-c2ccccc2)cc1,CCCCCCn1c(-c2ccc(C(=O)O)cc2)nc(-c2ccc(N(C)C)cc2)c1-c1ccc(N(C)C)cc1,1,c1ccc(-c2nc(-c3ccccc3)c(-c3ccccc3)[nH]2)cc1,0.5319375207710203,1,0.996955803776491
CN(C)c1ccc(-c2nc(-c3ccc(O)cc3)n(CCc3ccccc3)c2-c2ccc(N(C)C)cc2)cc1,1,c1ccc(CCn2c(-c3ccccc3)nc(-c3ccccc3)c2-c2ccccc2)cc1,CCCCCCn1c(-c2ccc(C(=O)OC)cc2)nc(-c2ccc(N(C)C)cc2)c1-c1ccc(N(C)C)cc1,1,c1ccc(-c2nc(-c3ccccc3)c(-c3ccccc3)[nH]2)cc1,0.5085444106720702,1,0.9991179049595104
CN(C)c1ccc(-c2nc(-c3ccc(O)cc3)n(CCc3ccccc3)c2-c2ccc(N(C)C)cc2)cc1,1,c1ccc(CCn2c(-c3ccccc3)nc(-c3ccccc3)c2-c2ccccc2)cc1,CN(C)c1ccc(-c2nc(-c3ccc(O)cc3)[nH]c2-c2ccc(N(C)C)cc2)cc1,1,c1ccc(-c2nc(-c3ccccc3)c(-c3ccccc3)[nH]2)cc1,0.4075000000000001,1,0.9941084342250827
CN(C)c1ccc(-c2nc(-c3ccc(C(=O)O)cc3)n(CCc3ccccc3)c2-c2ccc(N(C)C)cc2)cc1,1,c1ccc(CCn2c(-c3ccccc3)nc(-c3ccccc3)c2-c2ccccc2)cc1,CN(C)c1ccc(-c2nc(-c3ccc(O)cc3)n(CCc3ccccc3)c2-c2ccc(N(C)C)cc2)cc1,1,c1ccc(CCn2c(-c3ccccc3)nc(-c3ccccc3)c2-c2ccccc2)cc1,0.7665814151747655,1,0.988822391022439
CN(C)c1ccc(-c2nc(-c3ccc(C(=O)O)cc3)n(CCc3ccccc3)c2-c2ccc(N(C)C)cc2)cc1,1,c1ccc(CCn2c(-c3ccccc3)nc(-c3ccccc3)c2-c2ccccc2)cc1,CCCCCCn1c(-c2ccc(C(=O)O)cc2)nc(-c2ccc(N(C)C)cc2)c1-c1ccc(N(C)C)cc1,1,c1ccc(-c2nc(-c3ccccc3)c(-c3ccccc3)[nH]2)cc1,0.715098814229249,1,0.9994591055601013
CN(C)c1ccc(-c2nc(-c3ccc(C(=O)O)cc3)n(CCc3ccccc3)c2-c2ccc(N(C)C)cc2)cc1,1,c1ccc(CCn2c(-c3ccccc3)nc(-c3ccccc3)c2-c2ccccc2)cc1,CCCCCCn1c(-c2ccc(C(=O)OC)cc2)nc(-c2ccc(N(C)C)cc2)c1-c1ccc(N(C)C)cc1,1,c1ccc(-c2nc(-c3ccccc3)c(-c3ccccc3)[nH]2)cc1,0.557495256166983,1,0.9987842527399787
CN(C)c1ccc(-c2nc(-c3ccc(C(=O)O)cc3)n(CCc3ccccc3)c2-c2ccc(N(C)C)cc2)cc1,1,c1ccc(CCn2c(-c3ccccc3)nc(-c3ccccc3)c2-c2ccccc2)cc1,COC(=O)CCc1ccc(-c2nc(-c3ccc(N(C)C)cc3)c(-c3ccc(N(C)C)cc3)[nH]2)cc1,1,c1ccc(-c2nc(-c3ccccc3)c(-c3ccccc3)[nH]2)cc1,0.35014955134596215,1,0.9932066993957864
C[C@@H]1CCC[C@@H](C)N1NC(=O)c1ccc(Cl)c(S(N)(=O)=O)c1,0,O=C(NN1CCCCC1)c1ccccc1,CCCCCN(CCCOC)C(=O)[C@H](CCC(=O)O)NC(=O)c1ccc(Cl)c(Cl)c1,1,c1ccccc1,0.2329796640141468,0,0.0023812068632529442
C[C@@H]1CCC[C@@H](C)N1NC(=O)c1ccc(Cl)c(S(N)(=O)=O)c1,0,O=C(NN1CCCCC1)c1ccccc1,NCc1ccc(S(N)(=O)=O)cc1,1,c1ccccc1,0.21330561330561332,0,0.00032809281954927034
C[C@@H]1CCC[C@@H](C)N1NC(=O)c1ccc(Cl)c(S(N)(=O)=O)c1,0,O=C(NN1CCCCC1)c1ccccc1,COc1cc2c(cc1OC)CN(CCNC(=O)c1c(Cl)cccc1NC(=O)c1ccc(C(C)C)cc1)CC2,1,O=C(Nc1ccccc1C(=O)NCCN1CCc2ccccc2C1)c1ccccc1,0.20813953488372094,0,0.0011126955727856485
C[C@@H]1CCC[C@@H](C)N1NC(=O)c1ccc(Cl)c(S(N)(=O)=O)c1,0,O=C(NN1CCCCC1)c1ccccc1,COc1cc2c(cc1OC)CN(CCNC(=O)c1cccc(Cl)c1NC(=O)c1ccc(C(C)C)cc1)CC2,1,O=C(Nc1ccccc1C(=O)NCCN1CCc2ccccc2C1)c1ccccc1,0.2031968390804598,0,0.0010866595320446711
COC(=O)c1ccc(NC[C@H](O)COc2ccccc2C(=O)CCc2ccccc2)cc1,1,O=C(CCc1ccccc1)c1ccccc1OCCCNc1ccccc1,COC(=O)c1ccc(NC[C@@H](O)COc2ccccc2C(=O)CCc2ccccc2)cc1,1,O=C(CCc1ccccc1)c1ccccc1OCCCNc1ccccc1,1.0,1,0.9980381216386326
COC(=O)c1ccc(NC[C@H](O)COc2ccccc2C(=O)CCc2ccccc2)cc1,1,O=C(CCc1ccccc1)c1ccccc1OCCCNc1ccccc1,O=C(CCc1ccccc1)c1ccccc1OC[C@H](O)CNc1ccccc1,1,O=C(CCc1ccccc1)c1ccccc1OCCCNc1ccccc1,0.8260000000000001,1,0.9946739319389503
COC(=O)c1ccc(NC[C@H](O)COc2ccccc2C(=O)CCc2ccccc2)cc1,1,O=C(CCc1ccccc1)c1ccccc1OCCCNc1ccccc1,O=C(CCc1ccccc1)c1ccccc1OC[C@@H](O)CNc1ccccc1,1,O=C(CCc1ccccc1)c1ccccc1OCCCNc1ccccc1,0.8260000000000001,1,0.9946739319389503
COC(=O)c1ccc(NC[C@H](O)COc2ccccc2C(=O)CCc2ccccc2)cc1,1,O=C(CCc1ccccc1)c1ccccc1OCCCNc1ccccc1,O=C(CCc1ccccc1)c1ccccc1OC[C@@H](O)CNc1ccc(C(F)(F)F)cc1,1,O=C(CCc1ccccc1)c1ccccc1OCCCNc1ccccc1,0.7405847953216373,1,0.9902073973463414
COC(=O)c1ccc(NC[C@@H](O)COc2ccccc2C(=O)CCc2ccccc2)cc1,1,O=C(CCc1ccccc1)c1ccccc1OCCCNc1ccccc1,COC(=O)c1ccc(NC[C@H](O)COc2ccccc2C(=O)CCc2ccccc2)cc1,1,O=C(CCc1ccccc1)c1ccccc1OCCCNc1ccccc1,1.0,1,0.9980381216386326
COC(=O)c1ccc(NC[C@@H](O)COc2ccccc2C(=O)CCc2ccccc2)cc1,1,O=C(CCc1ccccc1)c1ccccc1OCCCNc1ccccc1,O=C(CCc1ccccc1)c1ccccc1OC[C@H](O)CNc1ccccc1,1,O=C(CCc1ccccc1)c1ccccc1OCCCNc1ccccc1,0.8260000000000001,1,0.9946739319389503
COC(=O)c1ccc(NC[C@@H](O)COc2ccccc2C(=O)CCc2ccccc2)cc1,1,O=C(CCc1ccccc1)c1ccccc1OCCCNc1ccccc1,O=C(CCc1ccccc1)c1ccccc1OC[C@@H](O)CNc1ccccc1,1,O=C(CCc1ccccc1)c1ccccc1OCCCNc1ccccc1,0.8260000000000001,1,0.9946739319389503
COC(=O)c1ccc(NC[C@@H](O)COc2ccccc2C(=O)CCc2ccccc2)cc1,1,O=C(CCc1ccccc1)c1ccccc1OCCCNc1ccccc1,O=C(CCc1ccccc1)c1ccccc1OC[C@@H](O)CNc1ccc(C(F)(F)F)cc1,1,O=C(CCc1ccccc1)c1ccccc1OCCCNc1ccccc1,0.7405847953216373,1,0.9902073973463414
O=C(CCc1ccccc1)c1ccccc1OC[C@H](O)CNc1ccccc1,1,O=C(CCc1ccccc1)c1ccccc1OCCCNc1ccccc1,O=C(CCc1ccccc1)c1ccccc1OC[C@@H](O)CNc1ccccc1,1,O=C(CCc1ccccc1)c1ccccc1OCCCNc1ccccc1,1.0,1,0.9979935336095767
O=C(CCc1ccccc1)c1ccccc1OC[C@H](O)CNc1ccccc1,1,O=C(CCc1ccccc1)c1ccccc1OCCCNc1ccccc1,COC(=O)c1ccc(NC[C@@H](O)COc2ccccc2C(=O)CCc2ccccc2)cc1,1,O=C(CCc1ccccc1)c1ccccc1OCCCNc1ccccc1,0.8260000000000001,1,0.9729450676609278
O=C(CCc1ccccc1)c1ccccc1OC[C@H](O)CNc1ccccc1,1,O=C(CCc1ccccc1)c1ccccc1OCCCNc1ccccc1,COC(=O)c1ccc(NC[C@H](O)COc2ccccc2C(=O)CCc2ccccc2)cc1,1,O=C(CCc1ccccc1)c1ccccc1OCCCNc1ccccc1,0.8260000000000001,1,0.9729450676609278
O=C(CCc1ccccc1)c1ccccc1OC[C@H](O)CNc1ccccc1,1,O=C(CCc1ccccc1)c1ccccc1OCCCNc1ccccc1,O=C(CCc1ccccc1)c1ccccc1OC[C@@H](O)CNc1ccc(C(F)(F)F)cc1,1,O=C(CCc1ccccc1)c1ccccc1OCCCNc1ccccc1,0.8174962292609352,1,0.9965013225551735
O=C(CCc1ccccc1)c1ccccc1OC[C@@H](O)CNc1ccc(C(F)(F)F)cc1,1,O=C(CCc1ccccc1)c1ccccc1OCCCNc1ccccc1,O=C(CCc1ccccc1)c1ccccc1OC[C@H](O)CNc1ccccc1,1,O=C(CCc1ccccc1)c1ccccc1OCCCNc1ccccc1,0.8174962292609352,1,0.9989834043659218
O=C(CCc1ccccc1)c1ccccc1OC[C@@H](O)CNc1ccc(C(F)(F)F)cc1,1,O=C(CCc1ccccc1)c1ccccc1OCCCNc1ccccc1,O=C(CCc1ccccc1)c1ccccc1OC[C@@H](O)CNc1ccccc1,1,O=C(CCc1ccccc1)c1ccccc1OCCCNc1ccccc1,0.8174962292609352,1,0.9989834043659218
O=C(CCc1ccccc1)c1ccccc1OC[C@@H](O)CNc1ccc(C(F)(F)F)cc1,1,O=C(CCc1ccccc1)c1ccccc1OCCCNc1ccccc1,COC(=O)c1ccc(NC[C@@H](O)COc2ccccc2C(=O)CCc2ccccc2)cc1,1,O=C(CCc1ccccc1)c1ccccc1OCCCNc1ccccc1,0.7405847953216373,1,0.9908392658711571
O=C(CCc1ccccc1)c1ccccc1OC[C@@H](O)CNc1ccc(C(F)(F)F)cc1,1,O=C(CCc1ccccc1)c1ccccc1OCCCNc1ccccc1,COC(=O)c1ccc(NC[C@H](O)COc2ccccc2C(=O)CCc2ccccc2)cc1,1,O=C(CCc1ccccc1)c1ccccc1OCCCNc1ccccc1,0.7405847953216373,1,0.9908392658711571
O=C(CCc1ccccc1)c1ccccc1OC[C@@H](O)CNc1ccc([N+](=O)[O-])cc1,1,O=C(CCc1ccccc1)c1ccccc1OCCCNc1ccccc1,O=C(CCc1ccccc1)c1ccccc1OC[C@H](O)CNc1ccccc1,1,O=C(CCc1ccccc1)c1ccccc1OCCCNc1ccccc1,0.7926739926739926,1,0.9894804239755175
O=C(CCc1ccccc1)c1ccccc1OC[C@@H](O)CNc1ccc([N+](=O)[O-])cc1,1,O=C(CCc1ccccc1)c1ccccc1OCCCNc1ccccc1,O=C(CCc1ccccc1)c1ccccc1OC[C@@H](O)CNc1ccccc1,1,O=C(CCc1ccccc1)c1ccccc1OCCCNc1ccccc1,0.7926739926739926,1,0.9894804239755175
O=C(CCc1ccccc1)c1ccccc1OC[C@@H](O)CNc1ccc([N+](=O)[O-])cc1,1,O=C(CCc1ccccc1)c1ccccc1OCCCNc1ccccc1,COC(=O)c1ccc(NC[C@@H](O)COc2ccccc2C(=O)CCc2ccccc2)cc1,1,O=C(CCc1ccccc1)c1ccccc1OCCCNc1ccccc1,0.7282465150403522,1,0.99253344226002
O=C(CCc1ccccc1)c1ccccc1OC[C@@H](O)CNc1ccc([N+](=O)[O-])cc1,1,O=C(CCc1ccccc1)c1ccccc1OCCCNc1ccccc1,COC(=O)c1ccc(NC[C@H](O)COc2ccccc2C(=O)CCc2ccccc2)cc1,1,O=C(CCc1ccccc1)c1ccccc1OCCCNc1ccccc1,0.7282465150403522,1,0.99253344226002
CCC(=O)N(C[C@H](O)COc1ccccc1C(=O)CCc1ccccc1)c1ccccc1,1,O=C(CCc1ccccc1)c1ccccc1OCCCNc1ccccc1,CCN(CC)C[C@@H](O)COc1ccccc1C(=O)CCc1ccccc1,1,O=C(CCc1ccccc1)c1ccccc1,0.7035849056603773,1,0.9882049351877082
CCC(=O)N(C[C@H](O)COc1ccccc1C(=O)CCc1ccccc1)c1ccccc1,1,O=C(CCc1ccccc1)c1ccccc1OCCCNc1ccccc1,CCN(CC)C[C@H](O)COc1ccccc1C(=O)CCc1ccccc1,1,O=C(CCc1ccccc1)c1ccccc1,0.7035849056603773,1,0.9882049351877082
CCC(=O)N(C[C@H](O)COc1ccccc1C(=O)CCc1ccccc1)c1ccccc1,1,O=C(CCc1ccccc1)c1ccccc1OCCCNc1ccccc1,CN(C)C[C@H](O)COc1ccccc1C(=O)CCc1ccccc1,1,O=C(CCc1ccccc1)c1ccccc1,0.6911819887429644,1,0.9887672061120665
CCC(=O)N(C[C@H](O)COc1ccccc1C(=O)CCc1ccccc1)c1ccccc1,1,O=C(CCc1ccccc1)c1ccccc1OCCCNc1ccccc1,CCCN(C)C[C@@H](O)COc1ccccc1C(=O)CCc1ccccc1,1,O=C(CCc1ccccc1)c1ccccc1,0.6736575052854122,1,0.9933691226161987
O=C(CCc1ccccc1)c1ccccc1OC[C@@H](O)CNc1ccccc1,1,O=C(CCc1ccccc1)c1ccccc1OCCCNc1ccccc1,O=C(CCc1ccccc1)c1ccccc1OC[C@H](O)CNc1ccccc1,1,O=C(CCc1ccccc1)c1ccccc1OCCCNc1ccccc1,1.0,1,0.9979935336095767
O=C(CCc1ccccc1)c1ccccc1OC[C@@H](O)CNc1ccccc1,1,O=C(CCc1ccccc1)c1ccccc1OCCCNc1ccccc1,COC(=O)c1ccc(NC[C@@H](O)COc2ccccc2C(=O)CCc2ccccc2)cc1,1,O=C(CCc1ccccc1)c1ccccc1OCCCNc1ccccc1,0.8260000000000001,1,0.9729450676609278
O=C(CCc1ccccc1)c1ccccc1OC[C@@H](O)CNc1ccccc1,1,O=C(CCc1ccccc1)c1ccccc1OCCCNc1ccccc1,COC(=O)c1ccc(NC[C@H](O)COc2ccccc2C(=O)CCc2ccccc2)cc1,1,O=C(CCc1ccccc1)c1ccccc1OCCCNc1ccccc1,0.8260000000000001,1,0.9729450676609278
O=C(CCc1ccccc1)c1ccccc1OC[C@@H](O)CNc1ccccc1,1,O=C(CCc1ccccc1)c1ccccc1OCCCNc1ccccc1,O=C(CCc1ccccc1)c1ccccc1OC[C@@H](O)CNc1ccc(C(F)(F)F)cc1,1,O=C(CCc1ccccc1)c1ccccc1OCCCNc1ccccc1,0.8174962292609352,1,0.9965013225551735
CN(C)[C@@H]1C(=O)/C(=C(\N)O)C(=O)[C@]2(O)C(=O)C3=C(O)c4c(O)ccc(Cl)c4[C@@H](O)[C@H]3C[C@H]12,0,C=C1C(=O)CC2CC3Cc4ccccc4C=C3C(=O)C2C1=O,CN(C)C(=O)C(CCN1CCC(O)(c2ccc(Cl)cc2)CC1)(c1ccccc1)c1ccccc1,1,c1ccc(C2CCN(CCC(c3ccccc3)c3ccccc3)CC2)cc1,0.1825089605734767,0,0.001390179813483522
CN(C)[C@@H]1C(=O)/C(=C(\N)O)C(=O)[C@]2(O)C(=O)C3=C(O)c4c(O)ccc(Cl)c4[C@@H](O)[C@H]3C[C@H]12,0,C=C1C(=O)CC2CC3Cc4ccccc4C=C3C(=O)C2C1=O,CC#C[C@@]1(O)CC[C@@H]2[C@H]3CCC4=CC(=O)CCC4=C3[C@@H](c3ccc(N(C)C)cc3)C[C@]21C,1,O=C1C=C2CCC3C(=C2CC1)C(c1ccccc1)CC1CCCC13,0.15664971902595665,0,0.1477144983991683
CN(C)[C@@H]1C(=O)/C(=C(\N)O)C(=O)[C@]2(O)C(=O)C3=C(O)c4c(O)ccc(Cl)c4[C@@H](O)[C@H]3C[C@H]12,0,C=C1C(=O)CC2CC3Cc4ccccc4C=C3C(=O)C2C1=O,COc1cc([C@@H]2Oc3cc([C@H]4Oc5cc(OCc6ccccc6)cc(O)c5C(=O)[C@@H]4O)ccc3O[C@H]2CO)ccc1O,1,O=C1CC(c2ccc3c(c2)OC(c2ccccc2)CO3)Oc2cc(OCc3ccccc3)ccc21,0.1546515914956372,0,0.0016740353959956173
CN(C)[C@@H]1C(=O)/C(=C(\N)O)C(=O)[C@]2(O)C(=O)C3=C(O)c4c(O)ccc(Cl)c4[C@@H](O)[C@H]3C[C@H]12,0,C=C1C(=O)CC2CC3Cc4ccccc4C=C3C(=O)C2C1=O,O=C1C[C@H](c2ccc(O)cc2)Oc2cc(O)cc(O)c21,1,O=C1CC(c2ccccc2)Oc2ccccc21,0.149344262295082,0,8.255075497887572e-05
C[C@H]1c2cccc(O)c2C(O)=C2C(=O)[C@]3(O)C(=O)/C(=C(/N)O)C(=O)[C@@H](N(C)C)[C@H]3[C@@H](O)[C@H]21,0,C=C1C(=O)CC2CC3Cc4ccccc4C=C3C(=O)C2C1=O,CC(C)[C@@H]1OC(=O)[C@@H](C)[C@@H](C)OC(=O)C[C@@H](O)[C@H](Cc2ccccc2)N(C)C1=O,1,O=C1COC(=O)CCOC(=O)CCC(Cc2ccccc2)N1,0.1922073214932947,0,0.005007466849250609
C[C@H]1c2cccc(O)c2C(O)=C2C(=O)[C@]3(O)C(=O)/C(=C(/N)O)C(=O)[C@@H](N(C)C)[C@H]3[C@@H](O)[C@H]21,0,C=C1C(=O)CC2CC3Cc4ccccc4C=C3C(=O)C2C1=O,CCCCCCC[C@H]1OC(=O)C[C@@H](O)[C@H](Cc2ccccc2)N(C)C(=O)C(C)(C)OC(=O)[C@H]1C,1,O=C1COC(=O)CCOC(=O)CCC(Cc2ccccc2)N1,0.18861244019138756,0,0.0058391779482802825
C[C@H]1c2cccc(O)c2C(O)=C2C(=O)[C@]3(O)C(=O)/C(=C(/N)O)C(=O)[C@@H](N(C)C)[C@H]3[C@@H](O)[C@H]21,0,C=C1C(=O)CC2CC3Cc4ccccc4C=C3C(=O)C2C1=O,CCCC[C@H]1OC(=O)C[C@@H](O)[C@H](Cc2ccccc2)N(C)C(=O)COC(=O)[C@H]1C,1,O=C1COC(=O)CCOC(=O)CCC(Cc2ccccc2)N1,0.18458498023715414,0,0.005345122006908795
C[C@H]1c2cccc(O)c2C(O)=C2C(=O)[C@]3(O)C(=O)/C(=C(/N)O)C(=O)[C@@H](N(C)C)[C@H]3[C@@H](O)[C@H]21,0,C=C1C(=O)CC2CC3Cc4ccccc4C=C3C(=O)C2C1=O,CCCCCCC[C@H]1OC(=O)C[C@@H](O)[C@H](Cc2ccccc2)N(C)C(=O)[C@H](C)OC(=O)[C@H]1C,1,O=C1COC(=O)CCOC(=O)CCC(Cc2ccccc2)N1,0.18450940860215057,0,0.0057989249452977095
C[C@@H]1c2ccccc2O[C@H]1C(=O)N1CCCCC1,0,O=C(C1Cc2ccccc2O1)N1CCCCC1,c1ccc(C[C@@H]2c3ccccc3O[C@H]2CN2CCCCC2)cc1,1,c1ccc(CC2c3ccccc3OC2CN2CCCCC2)cc1,0.37868434472208057,0,0.013311322444398576
C[C@@H]1c2ccccc2O[C@H]1C(=O)N1CCCCC1,0,O=C(C1Cc2ccccc2O1)N1CCCCC1,Cc1ccc(C(=O)O[C@H]2[C@H](C)Nc3ccccc3[C@@H]2N2CCCC2)cc1,1,O=C(OC1CNc2ccccc2C1N1CCCC1)c1ccccc1,0.2725714285714286,0,0.01958271257482906
C[C@@H]1c2ccccc2O[C@H]1C(=O)N1CCCCC1,0,O=C(C1Cc2ccccc2O1)N1CCCCC1,CCC(=O)N(c1ccccc1)C1CCN(CCc2ccccc2)CC1,1,c1ccc(CCN2CCC(Nc3ccccc3)CC2)cc1,0.2486065573770492,0,0.08032508297377307
C[C@@H]1c2ccccc2O[C@H]1C(=O)N1CCCCC1,0,O=C(C1Cc2ccccc2O1)N1CCCCC1,O=C(CCc1ccccc1)c1ccccc1OCCN1CCCCC1,1,O=C(CCc1ccccc1)c1ccccc1OCCN1CCCCC1,0.2425499231950845,0,0.031070299147934494
NC(=O)c1cnccn1,0,c1cnccn1,NC(=O)OC[C@@H](O)COc1ccc(Cl)cc1,1,c1ccccc1,0.1787878787878788,0,0.00016778723312400835
NC(=O)c1cnccn1,0,c1cnccn1,COc1cc2c(cc1OC)CN(CCc1ccc(NC(=O)c3cccnc3)cc1)CC2,1,O=C(Nc1ccc(CCN2CCc3ccccc3C2)cc1)c1cccnc1,0.16195617656398859,0,0.0004095591548736479
NC(=O)c1cnccn1,0,c1cnccn1,COc1cc2c(cc1OC)CN(CCc1ccc(NC(=O)c3ccccc3NC(=O)c3ccccn3)cc1)CC2,1,O=C(Nc1ccccc1C(=O)Nc1ccc(CCN2CCc3ccccc3C2)cc1)c1ccccn1,0.1527262959978512,0,0.0008602887045885481
NC(=O)c1cnccn1,0,c1cnccn1,CCOC(=O)N1CCC(=C2c3ccc(Cl)cc3CCc3cccnc32)CC1,1,c1ccc2c(c1)CCc1cccnc1C2=C1CCNCC1,0.15028571428571427,0,0.0009027795004240138
Cc1nc(-c2c3n(c4c(N5CCN(CCc6ccccc6)CC5)ncnc24)CCCC3)sc1C,1,c1ccc(CCN2CCN(c3ncnc4c(-c5nccs5)c5n(c34)CCCC5)CC2)cc1,N#Cc1c2n(c3c(N4CCN(CCc5ccccc5)CC4)ncnc13)CCCC2,1,c1ccc(CCN2CCN(c3ncnc4cc5n(c34)CCCC5)CC2)cc1,0.6381733661471152,1,0.9992270051020598
Cc1nc(-c2c3n(c4c(N5CCN(CCc6ccccc6)CC5)ncnc24)CCCC3)sc1C,1,c1ccc(CCN2CCN(c3ncnc4c(-c5nccs5)c5n(c34)CCCC5)CC2)cc1,O=C(c1ccccc1)c1c2n(c3c(N4CCN(CCc5ccccc5)CC4)ncnc13)CCCC2,1,O=C(c1ccccc1)c1c2n(c3c(N4CCN(CCc5ccccc5)CC4)ncnc13)CCCC2,0.6190524967989757,1,0.9989152276577881
Cc1nc(-c2c3n(c4c(N5CCN(CCc6ccccc6)CC5)ncnc24)CCCC3)sc1C,1,c1ccc(CCN2CCN(c3ncnc4c(-c5nccs5)c5n(c34)CCCC5)CC2)cc1,COC(=O)c1c2n(c3c(N4CCN(CCc5ccccc5)CC4)ncnc13)CCCC2,1,c1ccc(CCN2CCN(c3ncnc4cc5n(c34)CCCC5)CC2)cc1,0.6120163422254266,1,0.9976335491460283
Cc1nc(-c2c3n(c4c(N5CCN(CCc6ccccc6)CC5)ncnc24)CCCC3)sc1C,1,c1ccc(CCN2CCN(c3ncnc4c(-c5nccs5)c5n(c34)CCCC5)CC2)cc1,N#Cc1c2n(c3c(N4CCN(CCCc5ccccc5)CC4)ncnc13)CCCC2,1,c1ccc(CCCN2CCN(c3ncnc4cc5n(c34)CCCC5)CC2)cc1,0.5743150684931507,1,0.9993376495057238
Nc1nc(=O)c2ncn(COC(CO)CO)c2[nH]1,0,O=c1nc[nH]c2[nH]cnc12,CCN(CC)c1ccc(-c2nc(-c3ccc(/C=C/C(=O)OC)cc3)[nH]c2-c2ccc(N)cc2)cc1,1,c1ccc(-c2nc(-c3ccccc3)c(-c3ccccc3)[nH]2)cc1,0.15857142857142859,0,0.0005619879816214606
Nc1nc(=O)c2ncn(COC(CO)CO)c2[nH]1,0,O=c1nc[nH]c2[nH]cnc12,CC(=O)CCCCn1c(=O)c2c(ncn2C)n(C)c1=O,1,O=c1[nH]c(=O)c2[nH]cnc2[nH]1,0.1569327731092437,0,0.0028154136757614916
Nc1nc(=O)c2ncn(COC(CO)CO)c2[nH]1,0,O=c1nc[nH]c2[nH]cnc12,NC(=O)OC[C@@H](O)COc1ccc(Cl)cc1,1,c1ccccc1,0.14254412659768717,0,0.000568836058233016
Nc1nc(=O)c2ncn(COC(CO)CO)c2[nH]1,0,O=c1nc[nH]c2[nH]cnc12,COC(=O)/C=C/c1ccc(-c2nc(-c3ccc(N(C)C)cc3)c(-c3ccc(N)cc3)[nH]2)cc1,1,c1ccc(-c2nc(-c3ccccc3)c(-c3ccccc3)[nH]2)cc1,0.14124315133194784,0,0.0008171081018130166
CCOC(=O)C1=C(C)NC(C)=C(C(=O)OC)[C@H]1c1cccc(Cl)c1Cl,0,C1=CC(c2ccccc2)C=CN1,CCOC(=O)C1=C(C)NC(C)=C(C(=O)OC)[C@H]1c1cccc([N+](=O)[O-])c1,1,C1=CC(c2ccccc2)C=CN1,0.5495016611295681,1,0.5911677001522514
CCOC(=O)C1=C(C)NC(C)=C(C(=O)OC)[C@H]1c1cccc(Cl)c1Cl,0,C1=CC(c2ccccc2)C=CN1,COC(=O)C1=C(C)NC(C)=C(C(=O)OCCN(C)Cc2ccccc2)[C@@H]1c1cccc([N+](=O)[O-])c1,1,O=C(OCCNCc1ccccc1)C1=CNC=CC1c1ccccc1,0.39433962264150946,1,0.5144421314221734
CCOC(=O)C1=C(C)NC(C)=C(C(=O)OC)[C@H]1c1cccc(Cl)c1Cl,0,C1=CC(c2ccccc2)C=CN1,COC(=O)C1=C(C)NC(C)=C(C(=O)OCCN2CCN(C(c3ccccc3)c3ccccc3)CC2)[C@H]1c1cccc([N+](=O)[O-])c1,1,O=C(OCCN1CCN(C(c2ccccc2)c2ccccc2)CC1)C1=CNC=CC1c1ccccc1,0.3731120731120732,0,0.2698827628380376
CCOC(=O)C1=C(C)NC(C)=C(C(=O)OC)[C@H]1c1cccc(Cl)c1Cl,0,C1=CC(c2ccccc2)C=CN1,COC(=O)C1=C(C)NC(C)=C(C(=O)OCCCN2CCC(c3ccccc3)(c3ccccc3)CC2)[C@H]1c1cccc([N+](=O)[O-])c1,1,O=C(OCCCN1CCC(c2ccccc2)(c2ccccc2)CC1)C1=CNC=CC1c1ccccc1,0.37142857142857144,0,0.13741406892745736
CCOC(=O)C1=C(C)NC(C)=C(C(=O)OC)[C@H]1c1cccc([N+](=O)[O-])c1,1,C1=CC(c2ccccc2)C=CN1,COC(=O)C1=C(C)NC(C)=C(C(=O)OCCN(C)Cc2ccccc2)[C@@H]1c1cccc([N+](=O)[O-])c1,1,O=C(OCCNCc1ccccc1)C1=CNC=CC1c1ccccc1,0.7029935851746258,1,0.8077798051320966
CCOC(=O)C1=C(C)NC(C)=C(C(=O)OC)[C@H]1c1cccc([N+](=O)[O-])c1,1,C1=CC(c2ccccc2)C=CN1,COC(=O)C1=C(C)NC(C)=C(C(=O)OCCN2CCN(C(c3ccccc3)c3ccccc3)CC2)[C@H]1c1cccc([N+](=O)[O-])c1,1,O=C(OCCN1CCN(C(c2ccccc2)c2ccccc2)CC1)C1=CNC=CC1c1ccccc1,0.6580270793036751,1,0.6231073678296855
CCOC(=O)C1=C(C)NC(C)=C(C(=O)OC)[C@H]1c1cccc([N+](=O)[O-])c1,1,C1=CC(c2ccccc2)C=CN1,COC(=O)C1=C(C)NC(C)=C(C(=O)OCCCN2CCC(c3ccccc3)(c3ccccc3)CC2)[C@H]1c1cccc([N+](=O)[O-])c1,1,O=C(OCCCN1CCC(c2ccccc2)(c2ccccc2)CC1)C1=CNC=CC1c1ccccc1,0.6549242424242425,1,0.8067439084127819
CCOC(=O)C1=C(C)NC(C)=C(C(=O)OC)[C@H]1c1cccc([N+](=O)[O-])c1,1,C1=CC(c2ccccc2)C=CN1,COC(=O)C1=C(C)NC(C)=C(C(=O)O[C@H]2CCCN(Cc3ccccc3)C2)[C@@H]1c1cccc([N+](=O)[O-])c1,1,O=C(OC1CCCN(Cc2ccccc2)C1)C1=CNC=CC1c1ccccc1,0.5931798806479114,1,0.7144854149649188
CC(=O)OCC1=C(C(=O)O)N2C(=O)[C@H](NC(=O)CSc3ccncc3)[C@H]2SC1,0,O=C(CSc1ccncc1)NC1C(=O)N2C=CCSC12,CO/N=C(/C(=O)N[C@H]1C(=O)N2C(C(=O)O)=C(COC(C)=O)CS[C@@H]12)c1csc(N)n1,1,N=C(C(=O)NC1C(=O)N2C=CCSC12)c1cscn1,0.5291005291005291,0,0.0017743346743980429
CC(=O)OCC1=C(C(=O)O)N2C(=O)[C@H](NC(=O)CSc3ccncc3)[C@H]2SC1,0,O=C(CSc1ccncc1)NC1C(=O)N2C=CCSC12,COc1ccc([C@H]2Sc3ccccc3N(CCN(C)C)C(=O)[C@@H]2OC(C)=O)cc1,1,O=C1CC(c2ccccc2)Sc2ccccc2N1,0.1846808510638298,0,0.0006056013815101582
CC(=O)OCC1=C(C(=O)O)N2C(=O)[C@H](NC(=O)CSc3ccncc3)[C@H]2SC1,0,O=C(CSc1ccncc1)NC1C(=O)N2C=CCSC12,Cc1c(O)cccc1C(=O)N[C@@H](CSc1ccccc1)[C@H](O)CN1C[C@H]2CCCC[C@H]2C[C@H]1C(=O)NC(C)(C)C,1,O=C(NC(CCN1CCC2CCCCC2C1)CSc1ccccc1)c1ccccc1,0.17929495760821063,0,0.0863600278425461
CC(=O)OCC1=C(C(=O)O)N2C(=O)[C@H](NC(=O)CSc3ccncc3)[C@H]2SC1,0,O=C(CSc1ccncc1)NC1C(=O)N2C=CCSC12,CC(=O)N1CCN(c2ccc(OC[C@@H]3CO[C@@](Cn4ccnc4)(c4ccc(Cl)cc4Cl)O3)cc2)CC1,1,c1ccc(C2(Cn3ccnc3)OCC(COc3ccc(N4CCNCC4)cc3)O2)cc1,0.17833333333333334,0,0.036742587031724595
COc1ccc(CCNc2nc(N(C)Cc3ccccc3)c3cc(C)ccc3n2)cc1OC,1,c1ccc(CCNc2nc(NCc3ccccc3)c3ccccc3n2)cc1,COc1cc2nc(NCCc3cccc(OC)c3OC)nc(NCCc3cccc(OC)c3OC)c2cc1OC,1,c1ccc(CCNc2nc(NCCc3ccccc3)c3ccccc3n2)cc1,0.4049577464788733,1,0.986865415710008
COc1ccc(CCNc2nc(N(C)Cc3ccccc3)c3cc(C)ccc3n2)cc1OC,1,c1ccc(CCNc2nc(NCc3ccccc3)c3ccccc3n2)cc1,COc1ccc(COc2ccccc2CCc2ccccc2)cc1OC,1,c1ccc(CCc2ccccc2OCc2ccccc2)cc1,0.3432624113475177,1,0.9848410489445871
COc1ccc(CCNc2nc(N(C)Cc3ccccc3)c3cc(C)ccc3n2)cc1OC,1,c1ccc(CCNc2nc(NCc3ccccc3)c3ccccc3n2)cc1,COc1cccc(CCc2ccccc2NCc2ccc(OC)c(OC)c2)c1,1,c1ccc(CCc2ccccc2NCc2ccccc2)cc1,0.3396533044420369,1,0.9984151077388775
COc1ccc(CCNc2nc(N(C)Cc3ccccc3)c3cc(C)ccc3n2)cc1OC,1,c1ccc(CCNc2nc(NCc3ccccc3)c3ccccc3n2)cc1,COc1cccc(CCc2ccccc2OCc2ccc(OC)c(OC)c2)c1,1,c1ccc(CCc2ccccc2OCc2ccccc2)cc1,0.322887323943662,1,0.9907919315293953
CCC(C)(C)C(=O)O[C@H]1C[C@H](C)C=C2C=C[C@@H](C)[C@H](CC[C@@H]3C[C@H](O)CC(=O)O3)[C@H]21,1,O=C1CCCC(CCC2CC=CC3=CCCCC32)O1,CC[C@@H](C)C(=O)O[C@@H]1C[C@H](C)C=C2C=C[C@H](C)[C@H](CC[C@H]3C[C@H](O)CC(=O)O3)[C@H]21,1,O=C1CCCC(CCC2CC=CC3=CCCCC32)O1,0.7570972886762362,1,0.9841639092326373
CCC(C)(C)C(=O)O[C@H]1C[C@H](C)C=C2C=C[C@@H](C)[C@H](CC[C@@H]3C[C@H](O)CC(=O)O3)[C@H]21,1,O=C1CCCC(CCC2CC=CC3=CCCCC32)O1,CC(C)c1c(C(=O)Nc2ccccc2)c(-c2ccccc2)c(-c2ccc(F)cc2)n1CC[C@H]1C[C@@H](O)CC(=O)O1,1,O=C1CCCC(CCn2cc(C(=O)Nc3ccccc3)c(-c3ccccc3)c2-c2ccccc2)O1,0.25217391304347825,1,0.919875732541517
CCC(C)(C)C(=O)O[C@H]1C[C@H](C)C=C2C=C[C@@H](C)[C@H](CC[C@@H]3C[C@H](O)CC(=O)O3)[C@H]21,1,O=C1CCCC(CCC2CC=CC3=CCCCC32)O1,CCCCCCC[C@@H]1CC(=O)O[C@@H](C(C)C)C(=O)N(C)[C@@H](Cc2ccccc2)[C@H](O)CC(=O)O1,1,O=C1COC(=O)CCOC(=O)CCC(Cc2ccccc2)N1,0.2419287211740042,1,0.9137188212101695
CCC(C)(C)C(=O)O[C@H]1C[C@H](C)C=C2C=C[C@@H](C)[C@H](CC[C@@H]3C[C@H](O)CC(=O)O3)[C@H]21,1,O=C1CCCC(CCC2CC=CC3=CCCCC32)O1,CCCCCCC[C@H]1OC(=O)C[C@@H](O)[C@H](Cc2ccccc2)N(C)C(=O)[C@H](C)OC(=O)[C@H]1C,1,O=C1COC(=O)CCOC(=O)CCC(Cc2ccccc2)N1,0.22936833470057427,1,0.9588789332585421
CC[C@@H](C)C(=O)O[C@@H]1C[C@H](C)C=C2C=C[C@H](C)[C@H](CC[C@H]3C[C@H](O)CC(=O)O3)[C@H]21,1,O=C1CCCC(CCC2CC=CC3=CCCCC32)O1,CCC(C)(C)C(=O)O[C@H]1C[C@H](C)C=C2C=C[C@@H](C)[C@H](CC[C@@H]3C[C@H](O)CC(=O)O3)[C@H]21,1,O=C1CCCC(CCC2CC=CC3=CCCCC32)O1,0.7570972886762362,1,0.9770638132391942
CC[C@@H](C)C(=O)O[C@@H]1C[C@H](C)C=C2C=C[C@H](C)[C@H](CC[C@H]3C[C@H](O)CC(=O)O3)[C@H]21,1,O=C1CCCC(CCC2CC=CC3=CCCCC32)O1,CC(C)c1c(C(=O)Nc2ccccc2)c(-c2ccccc2)c(-c2ccc(F)cc2)n1CC[C@H]1C[C@@H](O)CC(=O)O1,1,O=C1CCCC(CCn2cc(C(=O)Nc3ccccc3)c(-c3ccccc3)c2-c2ccccc2)O1,0.28272841051314146,1,0.9057904859542346
CC[C@@H](C)C(=O)O[C@@H]1C[C@H](C)C=C2C=C[C@H](C)[C@H](CC[C@H]3C[C@H](O)CC(=O)O3)[C@H]21,1,O=C1CCCC(CCC2CC=CC3=CCCCC32)O1,CCCCCCC[C@@H]1CC(=O)O[C@@H](C(C)C)C(=O)N(C)[C@@H](Cc2ccccc2)[C@H](O)CC(=O)O1,1,O=C1COC(=O)CCOC(=O)CCC(Cc2ccccc2)N1,0.2520512820512821,1,0.9089614573416555
CC[C@@H](C)C(=O)O[C@@H]1C[C@H](C)C=C2C=C[C@H](C)[C@H](CC[C@H]3C[C@H](O)CC(=O)O3)[C@H]21,1,O=C1CCCC(CCC2CC=CC3=CCCCC32)O1,CCCCCCC[C@H]1OC(=O)C[C@H](O)[C@H](Cc2ccccc2)N(C)C(=O)[C@H](C(C)C)OC(=O)[C@H]1C,1,O=C1COC(=O)CCOC(=O)CCC(Cc2ccccc2)N1,0.2479541734860884,1,0.9224674374892791
COc1cc2c(cc1OC)CN(CCc1ccc(NC(=O)c3ccccc3NC(=O)c3csc(C)n3)cc1)CC2,1,O=C(Nc1ccccc1C(=O)Nc1ccc(CCN2CCc3ccccc3C2)cc1)c1cscn1,COc1cc2c(cc1OC)CN(CCc1ccc(NC(=O)c3ccccc3NC(=O)c3ccccn3)cc1)CC2,1,O=C(Nc1ccccc1C(=O)Nc1ccc(CCN2CCc3ccccc3C2)cc1)c1ccccn1,0.813086854460094,1,0.9991565858376862
COc1cc2c(cc1OC)CN(CCc1ccc(NC(=O)c3ccccc3NC(=O)c3csc(C)n3)cc1)CC2,1,O=C(Nc1ccccc1C(=O)Nc1ccc(CCN2CCc3ccccc3C2)cc1)c1cscn1,COc1cc2c(cc1OC)CN(CCc1ccc(NC(=O)c3ccccc3NC(=O)c3ccc4ccccc4n3)cc1)CC2,1,O=C(Nc1ccccc1C(=O)Nc1ccc(CCN2CCc3ccccc3C2)cc1)c1ccc2ccccc2n1,0.7687843137254903,1,0.9997004441022648
COc1cc2c(cc1OC)CN(CCc1ccc(NC(=O)c3ccccc3NC(=O)c3csc(C)n3)cc1)CC2,1,O=C(Nc1ccccc1C(=O)Nc1ccc(CCN2CCc3ccccc3C2)cc1)c1cscn1,COc1cc2c(cc1OC)CN(CCc1ccc(NC(=O)c3ccccc3NC(=O)c3cccs3)cc1)CC2,1,O=C(Nc1ccccc1C(=O)Nc1ccc(CCN2CCc3ccccc3C2)cc1)c1cccs1,0.7654279279279279,1,0.9992868376110311
COc1cc2c(cc1OC)CN(CCc1ccc(NC(=O)c3ccccc3NC(=O)c3csc(C)n3)cc1)CC2,1,O=C(Nc1ccccc1C(=O)Nc1ccc(CCN2CCc3ccccc3C2)cc1)c1cscn1,COc1cc2c(cc1OC)CN(CCc1ccc(NC(=O)c3ccccc3NC(=O)c3ccccc3)cc1)CC2,1,O=C(Nc1ccccc1C(=O)Nc1ccc(CCN2CCc3ccccc3C2)cc1)c1ccccc1,0.7527386541471048,1,0.9995080733721907
C[C@@H]1NC(c2ccccc2)(c2ccccc2)C(=O)N1CC(=O)O,0,O=C1NCNC1(c1ccccc1)c1ccccc1,COC(=O)N1[C@H]2C3[C@H](c4ccccc4)C4(CO)[C@@H]1C1[C@@H](c5ccccc5)C2(CO)[C@@H]3N(C(=O)OC)[C@H]14,1,c1ccc(C2C3C4NC5C2C2NC3C4C(c3ccccc3)C52)cc1,0.24444444444444446,0,0.0008193920044956636
C[C@@H]1NC(c2ccccc2)(c2ccccc2)C(=O)N1CC(=O)O,0,O=C1NCNC1(c1ccccc1)c1ccccc1,CCC(=O)N(c1ccccc1)C1CCN(CCc2ccccc2)CC1,1,c1ccc(CCN2CCC(Nc3ccccc3)CC2)cc1,0.24000000000000002,0,0.0046019868774059185
C[C@@H]1NC(c2ccccc2)(c2ccccc2)C(=O)N1CC(=O)O,0,O=C1NCNC1(c1ccccc1)c1ccccc1,CC(C)(C)OC(=O)N1[C@H]2C3[C@H](c4ccccc4)C4(CO)[C@@H]1C1[C@H](c5ccccc5)C2(CO)[C@@H]3N(C(=O)OC(C)(C)C)[C@H]14,1,c1ccc(C2C3C4NC5C2C2NC3C4C(c3ccccc3)C52)cc1,0.23765659543109802,0,0.0025306603032327463
C[C@@H]1NC(c2ccccc2)(c2ccccc2)C(=O)N1CC(=O)O,0,O=C1NCNC1(c1ccccc1)c1ccccc1,O=C(Oc1ccccc1)N1[C@H]2C3[C@@H](c4ccccc4)C4(CO)[C@@H]1C1[C@@H](c5ccccc5)C2(CO)[C@H]3N(C(=O)Oc2ccccc2)[C@H]14,1,O=C(Oc1ccccc1)N1C2C3C(c4ccccc4)C4C1C1C(c5ccccc5)C2C3N(C(=O)Oc2ccccc2)C41,0.22278860569715145,0,0.001411798900303976
CC(=O)[C@@H]1CC[C@@H]2[C@@H]3[C@H](Sc4ccc(NC(=O)NCCCl)cc4)CC4=CC(=O)CC[C@]4(C)[C@H]3CC[C@@]21C,1,O=C1C=C2CC(Sc3ccccc3)C3C4CCCC4CCC3C2CC1,CCNC(=O)Nc1ccc(S[C@@H]2CC3=CC(=O)CC[C@]3(C)[C@@H]3CC[C@]4(C)[C@@H](C(C)=O)CC[C@@H]4[C@@H]32)cc1,1,O=C1C=C2CC(Sc3ccccc3)C3C4CCCC4CCC3C2CC1,0.8522458628841608,1,0.9875777670023209
CC(=O)[C@@H]1CC[C@@H]2[C@@H]3[C@H](Sc4ccc(NC(=O)NCCCl)cc4)CC4=CC(=O)CC[C@]4(C)[C@H]3CC[C@@]21C,1,O=C1C=C2CC(Sc3ccccc3)C3C4CCCC4CCC3C2CC1,CC(=O)[C@@H]1CC[C@@H]2[C@@H]3[C@H](Sc4ccc(NC(=O)N[C@H](C)c5ccccc5)cc4)CC4=CC(=O)CC[C@]4(C)[C@H]3CC[C@]21C,1,O=C1C=C2CC(Sc3ccc(NC(=O)NCc4ccccc4)cc3)C3C4CCCC4CCC3C2CC1,0.7200093174935942,1,0.9945906397931418
CC(=O)[C@@H]1CC[C@@H]2[C@@H]3[C@H](Sc4ccc(NC(=O)NCCCl)cc4)CC4=CC(=O)CC[C@]4(C)[C@H]3CC[C@@]21C,1,O=C1C=C2CC(Sc3ccccc3)C3C4CCCC4CCC3C2CC1,C[C@@]12CC[C@@H]3C(CCC4=CC(=O)CC[C@]43C)[C@H]1CC[C@H]2O,1,O=C1C=C2CCC3C4CCCC4CCC3C2CC1,0.33666666666666667,1,0.9977057044383468
CC(=O)[C@@H]1CC[C@@H]2[C@@H]3[C@H](Sc4ccc(NC(=O)NCCCl)cc4)CC4=CC(=O)CC[C@]4(C)[C@H]3CC[C@@]21C,1,O=C1C=C2CC(Sc3ccccc3)C3C4CCCC4CCC3C2CC1,C[C@]12CC(=O)[C@@H]3[C@@H](CCC4=CC(=O)CC[C@H]43)[C@H]1CC[C@@]2(O)C(=O)CO,1,O=C1C=C2CCC3C4CCCC4CC(=O)C3C2CC1,0.21740747000169006,1,0.9841985791512655
CCNC(=O)Nc1ccc(S[C@@H]2CC3=CC(=O)CC[C@]3(C)[C@@H]3CC[C@]4(C)[C@@H](C(C)=O)CC[C@@H]4[C@@H]32)cc1,1,O=C1C=C2CC(Sc3ccccc3)C3C4CCCC4CCC3C2CC1,CC(=O)[C@@H]1CC[C@@H]2[C@@H]3[C@H](Sc4ccc(NC(=O)NCCCl)cc4)CC4=CC(=O)CC[C@]4(C)[C@H]3CC[C@@]21C,1,O=C1C=C2CC(Sc3ccccc3)C3C4CCCC4CCC3C2CC1,0.8522458628841608,1,0.9994001297600773
CCNC(=O)Nc1ccc(S[C@@H]2CC3=CC(=O)CC[C@]3(C)[C@@H]3CC[C@]4(C)[C@@H](C(C)=O)CC[C@@H]4[C@@H]32)cc1,1,O=C1C=C2CC(Sc3ccccc3)C3C4CCCC4CCC3C2CC1,CC(=O)[C@@H]1CC[C@@H]2[C@@H]3[C@H](Sc4ccc(NC(=O)N[C@H](C)c5ccccc5)cc4)CC4=CC(=O)CC[C@]4(C)[C@H]3CC[C@]21C,1,O=C1C=C2CC(Sc3ccc(NC(=O)NCc4ccccc4)cc3)C3C4CCCC4CCC3C2CC1,0.7540554683411826,1,0.9899336290237196
CCNC(=O)Nc1ccc(S[C@@H]2CC3=CC(=O)CC[C@]3(C)[C@@H]3CC[C@]4(C)[C@@H](C(C)=O)CC[C@@H]4[C@@H]32)cc1,1,O=C1C=C2CC(Sc3ccccc3)C3C4CCCC4CCC3C2CC1,C[C@@]12CC[C@@H]3C(CCC4=CC(=O)CC[C@]43C)[C@H]1CC[C@H]2O,1,O=C1C=C2CCC3C4CCCC4CCC3C2CC1,0.35251948051948057,1,0.9982795776236449
CCNC(=O)Nc1ccc(S[C@@H]2CC3=CC(=O)CC[C@]3(C)[C@@H]3CC[C@]4(C)[C@@H](C(C)=O)CC[C@@H]4[C@@H]32)cc1,1,O=C1C=C2CC(Sc3ccccc3)C3C4CCCC4CCC3C2CC1,C[C@]12CC(=O)[C@@H]3[C@@H](CCC4=CC(=O)CC[C@H]43)[C@H]1CC[C@@]2(O)C(=O)CO,1,O=C1C=C2CCC3C4CCCC4CC(=O)C3C2CC1,0.22635311683463982,1,0.9827733052925581
Cc1cccc(C)c1NC1=NCCCS1,0,c1ccc(NC2=NCCCS2)cc1,c1ccc(CN(CC2=NCCN2)c2ccccc2)cc1,1,c1ccc(CN(CC2=NCCN2)c2ccccc2)cc1,0.1683737646001797,0,0.07600193074731118
Cc1cccc(C)c1NC1=NCCCS1,0,c1ccc(NC2=NCCCS2)cc1,COc1cc2c(cc1OC)CN(CCNC(=O)c1cccc(C)c1NC(=O)c1ccc(C(C)C)cc1)CC2,1,O=C(Nc1ccccc1C(=O)NCCN1CCc2ccccc2C1)c1ccccc1,0.16115376634156464,0,0.06658849271689084
Cc1cccc(C)c1NC1=NCCCS1,0,c1ccc(NC2=NCCCS2)cc1,Cc1cc(C(C)(C)C)c(O)c(C)c1CC1=NCCN1,1,c1ccc(CC2=NCCN2)cc1,0.1603317706455103,0,0.23690424650203587
Cc1cccc(C)c1NC1=NCCCS1,0,c1ccc(NC2=NCCCS2)cc1,CN1CCC(=C2c3ccccc3Sc3ccccc32)CC1,1,c1ccc2c(c1)Sc1ccccc1C2=C1CCNCC1,0.15980392156862747,0,0.05986751488575537
C[C@H]1[C@@H](OC(=O)CCC(=O)O)O[C@H]2O[C@@]3(C)CC[C@H]4[C@H](C)CC[C@@H]1[C@@]24OO3,0,C1CC2CCOC3OC4CCC(C1)C23OO4,CC1(C)[C@H]2CC[C@@]3(C)[C@H](C(=O)C=C4[C@@H]5C[C@@](C)(C(=O)O)CC[C@@]5(C)CC[C@@]43C)[C@]2(C)CC[C@H]1OC(=O)CCC(=O)O,1,O=C1C=C2C3CCCCC3CCC2C2CCC3CCCCC3C12,0.24794871794871798,0,0.004229694008411134
C[C@H]1[C@@H](OC(=O)CCC(=O)O)O[C@H]2O[C@@]3(C)CC[C@H]4[C@H](C)CC[C@@H]1[C@@]24OO3,0,C1CC2CCOC3OC4CCC(C1)C23OO4,CC(=O)O[C@@H]1C[C@]2(C)[C@@H](C[C@@H](O)[C@@H]3[C@]4(C)CC[C@@H](O)[C@H](C)[C@H]4CC[C@]32C)/C1=C(\CCC=C(C)C)C(=O)O,1,C=C1CCC2C1CCC1C3CCCCC3CCC21,0.21209239130434784,0,0.0009864047111118356
C[C@H]1[C@@H](OC(=O)CCC(=O)O)O[C@H]2O[C@@]3(C)CC[C@H]4[C@H](C)CC[C@@H]1[C@@]24OO3,0,C1CC2CCOC3OC4CCC(C1)C23OO4,C[C@@]12CC[C@@H]3C(CCC4=CC(=O)CC[C@]43C)[C@H]1CC[C@H]2O,1,O=C1C=C2CCC3C4CCCC4CCC3C2CC1,0.15863758882626808,0,0.0008972878288637473
C[C@H]1[C@@H](OC(=O)CCC(=O)O)O[C@H]2O[C@@]3(C)CC[C@H]4[C@H](C)CC[C@@H]1[C@@]24OO3,0,C1CC2CCOC3OC4CCC(C1)C23OO4,CCNC(=O)Nc1ccc(S[C@@H]2CC3=CC(=O)CC[C@]3(C)[C@@H]3CC[C@]4(C)[C@@H](C(C)=O)CC[C@@H]4[C@@H]32)cc1,1,O=C1C=C2CC(Sc3ccccc3)C3C4CCCC4CCC3C2CC1,0.1528358208955224,0,0.004491139469678081
O=c1c2ccccc2n(CCCN2CCOCC2)c2ccccc12,1,O=c1c2ccccc2n(CCCN2CCOCC2)c2ccccc12,O=c1c2ccccc2n(CCCN2CCCCC2)c2ccccc12,1,O=c1c2ccccc2n(CCCN2CCCCC2)c2ccccc12,0.7519736842105262,1,0.9705838744763289
O=c1c2ccccc2n(CCCN2CCOCC2)c2ccccc12,1,O=c1c2ccccc2n(CCCN2CCOCC2)c2ccccc12,CN1CCN(CCCn2c3ccccc3c(=O)c3ccccc32)CC1,1,O=c1c2ccccc2n(CCCN2CCNCC2)c2ccccc12,0.731934731934732,1,0.9709146022246049
O=c1c2ccccc2n(CCCN2CCOCC2)c2ccccc12,1,O=c1c2ccccc2n(CCCN2CCOCC2)c2ccccc12,COc1cccc2c(=O)c3ccccc3n(CCCN3CCOCC3)c12,1,O=c1c2ccccc2n(CCCN2CCOCC2)c2ccccc12,0.7238642898217367,1,0.9520534564914129
O=c1c2ccccc2n(CCCN2CCOCC2)c2ccccc12,1,O=c1c2ccccc2n(CCCN2CCOCC2)c2ccccc12,O=c1c2ccccc2n(CCCCN2CCCCC2)c2ccccc12,1,O=c1c2ccccc2n(CCCCN2CCCCC2)c2ccccc12,0.7100961538461539,1,0.9660070633066649
COc1cccc2c(=O)c3ccccc3n(CCCN3CCOCC3)c12,1,O=c1c2ccccc2n(CCCN2CCOCC2)c2ccccc12,COc1cccc2c(=O)c3ccccc3n(CCCN3CCCCC3)c12,1,O=c1c2ccccc2n(CCCN2CCCCC2)c2ccccc12,0.8092307692307694,1,0.9896261029236467
COc1cccc2c(=O)c3ccccc3n(CCCN3CCOCC3)c12,1,O=c1c2ccccc2n(CCCN2CCOCC2)c2ccccc12,COc1cccc2c(=O)c3ccccc3n(CCCN3CCN(C)CC3)c12,1,O=c1c2ccccc2n(CCCN2CCNCC2)c2ccccc12,0.8050000000000002,1,0.9867382259437928
COc1cccc2c(=O)c3ccccc3n(CCCN3CCOCC3)c12,1,O=c1c2ccccc2n(CCCN2CCOCC2)c2ccccc12,COc1cccc2c(=O)c3ccccc3n(CCCCN3CCCCC3)c12,1,O=c1c2ccccc2n(CCCCN2CCCCC2)c2ccccc12,0.7758672699849171,1,0.9837775392507783
COc1cccc2c(=O)c3ccccc3n(CCCN3CCOCC3)c12,1,O=c1c2ccccc2n(CCCN2CCOCC2)c2ccccc12,COc1cccc2c(=O)c3ccccc3n(CCCN3CCN(CCO)CC3)c12,1,O=c1c2ccccc2n(CCCN2CCNCC2)c2ccccc12,0.7688729874776387,1,0.9777549057463132
CCOc1cc2c(cc1OC)C(c1ccc(C(=O)N(C(C)C)C(C)C)cc1)=N[C@@H]1CCN(C)C[C@H]21,1,c1ccc(C2=NC3CCNCC3c3ccccc32)cc1,COc1cc2c(cc1OC)[C@H]1CN(C)CC[C@H]1N=C2c1ccc(NS(=O)(=O)c2ccc(C)cc2)cc1,1,O=S(=O)(Nc1ccc(C2=NC3CCNCC3c3ccccc32)cc1)c1ccccc1,0.5632478632478632,1,0.9668149551911426
CCOc1cc2c(cc1OC)C(c1ccc(C(=O)N(C(C)C)C(C)C)cc1)=N[C@@H]1CCN(C)C[C@H]21,1,c1ccc(C2=NC3CCNCC3c3ccccc32)cc1,COc1cc2c(cc1OC)CN(CCNC(=O)c1cc(Cl)ccc1NC(=O)c1ccc(C(C)C)cc1)CC2,1,O=C(Nc1ccccc1C(=O)NCCN1CCc2ccccc2C1)c1ccccc1,0.24599418845994192,1,0.9684806682005035
CCOc1cc2c(cc1OC)C(c1ccc(C(=O)N(C(C)C)C(C)C)cc1)=N[C@@H]1CCN(C)C[C@H]21,1,c1ccc(C2=NC3CCNCC3c3ccccc32)cc1,COc1ccc2c(c1)CN(C(=O)CCN1CCC(Cc3ccccc3)CC1)CCS2,1,O=C(CCN1CCC(Cc2ccccc2)CC1)N1CCSc2ccccc2C1,0.23922518159806294,1,0.9413503181845524
CCOc1cc2c(cc1OC)C(c1ccc(C(=O)N(C(C)C)C(C)C)cc1)=N[C@@H]1CCN(C)C[C@H]21,1,c1ccc(C2=NC3CCNCC3c3ccccc32)cc1,COc1cc2c(cc1OC)CN(CCNC(=O)c1ccccc1NC(=O)c1ccc(-c3ccccc3)cc1)CC2,1,O=C(Nc1ccccc1C(=O)NCCN1CCc2ccccc2C1)c1ccc(-c2ccccc2)cc1,0.2373809523809524,1,0.9677202984359322
C1CCN2C[C@@H]3C[C@H](CN4CCCC[C@H]34)[C@H]2C1,0,C1CCN2CC3CC(CN4CCCCC34)C2C1,c1ccc2c(c1)Sc1ccccc1N2C[C@H]1CN2CCC1CC2,1,c1ccc2c(c1)Sc1ccccc1N2CC1CN2CCC1CC2,0.18618925831202046,0,0.0014226631164390015
C1CCN2C[C@@H]3C[C@H](CN4CCCC[C@H]34)[C@H]2C1,0,C1CCN2CC3CC(CN4CCCCC34)C2C1,C=C[C@H]1CN2CC[C@H]1C[C@H]2[C@H](O)c1ccnc2ccc(OC)cc12,1,c1ccc2c(CC3CC4CCN3CC4)ccnc2c1,0.169,0,0.00043807267017284464
C1CCN2C[C@@H]3C[C@H](CN4CCCC[C@H]34)[C@H]2C1,0,C1CCN2CC3CC(CN4CCCCC34)C2C1,C=C[C@@H]1CN2CC[C@@H]1C[C@@H]2[C@@H](O)c1ccnc2ccc(OC)cc12,1,c1ccc2c(CC3CC4CCN3CC4)ccnc2c1,0.169,0,0.00043807267017284464
C1CCN2C[C@@H]3C[C@H](CN4CCCC[C@H]34)[C@H]2C1,0,C1CCN2CC3CC(CN4CCCCC34)C2C1,Cc1ccc(C(=O)O[C@H]2[C@H](C)Nc3ccccc3[C@@H]2N2CCCC2)cc1,1,O=C(OC1CNc2ccccc2C1N1CCCC1)c1ccccc1,0.15742690058479533,0,0.0010340261267151828
CCSc1ccc2nc(NC(=O)OC)[nH]c2c1,0,c1ccc2[nH]cnc2c1,CCN(CC)c1ccc(-c2nc(-c3ccc(/C=C/C(=O)OC)cc3)[nH]c2-c2ccc(N(CC)CC)cc2)cc1,1,c1ccc(-c2nc(-c3ccccc3)c(-c3ccccc3)[nH]2)cc1,0.23821596244131454,0,0.023343915605862173
CCSc1ccc2nc(NC(=O)OC)[nH]c2c1,0,c1ccc2[nH]cnc2c1,CCCCOc1ccc(C(=O)Nc2ccc3nc(SCc4c(C)cc(C)c(C(C)=O)c4C)sc3c2)cc1,1,O=C(Nc1ccc2nc(SCc3ccccc3)sc2c1)c1ccccc1,0.23033868092691623,0,0.04996187635460459
CCSc1ccc2nc(NC(=O)OC)[nH]c2c1,0,c1ccc2[nH]cnc2c1,COC(=O)c1ccc(-c2nc(-c3ccc(N(C)C)cc3)c(-c3ccc(N(C)C)cc3)[nH]2)cc1,1,c1ccc(-c2nc(-c3ccccc3)c(-c3ccccc3)[nH]2)cc1,0.2274725274725275,0,0.03825762723610611
CCSc1ccc2nc(NC(=O)OC)[nH]c2c1,0,c1ccc2[nH]cnc2c1,CCN(CC)c1ccc(-c2nc(-c3ccc(/C=C/C(=O)OC)cc3)[nH]c2-c2ccc(N)cc2)cc1,1,c1ccc(-c2nc(-c3ccccc3)c(-c3ccccc3)[nH]2)cc1,0.22582236842105263,0,0.009883266433426092
COc1cc2c(cc1OC)CN(CCNC(=O)c1ccccc1NC(=O)c1ccc3ccccc3n1)CC2,1,O=C(Nc1ccccc1C(=O)NCCN1CCc2ccccc2C1)c1ccc2ccccc2n1,COc1cc2c(cc1OC)CN(CCc1ccc(NC(=O)c3ccccc3NC(=O)c3ccc4ccccc4n3)cc1)CC2,1,O=C(Nc1ccccc1C(=O)Nc1ccc(CCN2CCc3ccccc3C2)cc1)c1ccc2ccccc2n1,0.7814814814814816,1,0.9989587231083287
COc1cc2c(cc1OC)CN(CCNC(=O)c1ccccc1NC(=O)c1ccc3ccccc3n1)CC2,1,O=C(Nc1ccccc1C(=O)NCCN1CCc2ccccc2C1)c1ccc2ccccc2n1,COc1cc2c(cc1OC)CN(CCNC(=O)c1ccccc1NC(=O)c1cc3ccccc3cn1)CC2,1,O=C(Nc1ccccc1C(=O)NCCN1CCc2ccccc2C1)c1cc2ccccc2cn1,0.7731134432783608,1,0.9971616106140323
COc1cc2c(cc1OC)CN(CCNC(=O)c1ccccc1NC(=O)c1ccc3ccccc3n1)CC2,1,O=C(Nc1ccccc1C(=O)NCCN1CCc2ccccc2C1)c1ccc2ccccc2n1,COc1cc2c(cc1OC)CN(CCNC(=O)c1ccccc1NC(=O)c1ccc3ccccc3c1)CC2,1,O=C(Nc1ccccc1C(=O)NCCN1CCc2ccccc2C1)c1ccc2ccccc2c1,0.7490909090909093,1,0.9905224904297176
COc1cc2c(cc1OC)CN(CCNC(=O)c1ccccc1NC(=O)c1ccc3ccccc3n1)CC2,1,O=C(Nc1ccccc1C(=O)NCCN1CCc2ccccc2C1)c1ccc2ccccc2n1,COc1cc2c(cc1OC)CN(CCNC(=O)c1ccccc1NC(=O)c1ccc(-c3ccccc3)cc1)CC2,1,O=C(Nc1ccccc1C(=O)NCCN1CCc2ccccc2C1)c1ccc(-c2ccccc2)cc1,0.687857142857143,1,0.9899836393941561
CO/N=C(/C(=O)N[C@H]1C(=O)N2C(C(=O)O)=C(COC(C)=O)CS[C@@H]12)c1csc(N)n1,1,N=C(C(=O)NC1C(=O)N2C=CCSC12)c1cscn1,COC(=O)C1=C(C)NC(C)=C(C(=O)OCCCN2CCC(c3ccccc3)(c3ccccc3)CC2)[C@H]1c1cccc([N+](=O)[O-])c1,1,O=C(OCCCN1CCC(c2ccccc2)(c2ccccc2)CC1)C1=CNC=CC1c1ccccc1,0.17803320561941252,1,0.8956564588571763
CO/N=C(/C(=O)N[C@H]1C(=O)N2C(C(=O)O)=C(COC(C)=O)CS[C@@H]12)c1csc(N)n1,1,N=C(C(=O)NC1C(=O)N2C=CCSC12)c1cscn1,CCOC(=O)C1=C(C)NC(C)=C(C(=O)OC)[C@H]1c1cccc([N+](=O)[O-])c1,1,C1=CC(c2ccccc2)C=CN1,0.17038073908174692,0,0.4603210157373649
CO/N=C(/C(=O)N[C@H]1C(=O)N2C(C(=O)O)=C(COC(C)=O)CS[C@@H]12)c1csc(N)n1,1,N=C(C(=O)NC1C(=O)N2C=CCSC12)c1cscn1,COc1cc2c(cc1OC)CN(CCc1ccc(NC(=O)c3ccccc3NC(=O)c3csc(C)n3)cc1)CC2,1,O=C(Nc1ccccc1C(=O)Nc1ccc(CCN2CCc3ccccc3C2)cc1)c1cscn1,0.16972553949298136,1,0.5788907571589961
CO/N=C(/C(=O)N[C@H]1C(=O)N2C(C(=O)O)=C(COC(C)=O)CS[C@@H]12)c1csc(N)n1,1,N=C(C(=O)NC1C(=O)N2C=CCSC12)c1cscn1,COC(=O)C1=C(C)NC(C)=C(C(=O)OCCN2CCN(C(c3ccccc3)c3ccccc3)CC2)[C@H]1c1cccc([N+](=O)[O-])c1,1,O=C(OCCN1CCN(C(c2ccccc2)c2ccccc2)CC1)C1=CNC=CC1c1ccccc1,0.16968209942393855,1,0.6145129480209054
O=C(CCc1ccccc1)c1ccccc1OC[C@H](O)CNCC(c1ccccc1)c1ccccc1,1,O=C(CCc1ccccc1)c1ccccc1OCCCNCC(c1ccccc1)c1ccccc1,O=C(CCc1ccccc1)c1ccccc1OC[C@@H](O)CNCC(c1ccccc1)c1ccccc1,1,O=C(CCc1ccccc1)c1ccccc1OCCCNCC(c1ccccc1)c1ccccc1,1.0,1,0.9999130060718383
O=C(CCc1ccccc1)c1ccccc1OC[C@H](O)CNCC(c1ccccc1)c1ccccc1,1,O=C(CCc1ccccc1)c1ccccc1OCCCNCC(c1ccccc1)c1ccccc1,O=C(CCc1ccccc1)c1ccccc1OC[C@H](O)CNCCCC(c1ccccc1)c1ccccc1,1,O=C(CCc1ccccc1)c1ccccc1OCCCNCCCC(c1ccccc1)c1ccccc1,0.8,1,0.9999463064968203
O=C(CCc1ccccc1)c1ccccc1OC[C@H](O)CNCC(c1ccccc1)c1ccccc1,1,O=C(CCc1ccccc1)c1ccccc1OCCCNCC(c1ccccc1)c1ccccc1,O=C(CCc1ccccc1)c1ccccc1OC[C@@H](O)CNCc1ccccc1,1,O=C(CCc1ccccc1)c1ccccc1OCCCNCc1ccccc1,0.7912280701754386,1,0.9999446643507195
O=C(CCc1ccccc1)c1ccccc1OC[C@H](O)CNCC(c1ccccc1)c1ccccc1,1,O=C(CCc1ccccc1)c1ccccc1OCCCNCC(c1ccccc1)c1ccccc1,O=C(CCc1ccccc1)c1ccccc1OC[C@@H](O)CNC(c1ccccc1)c1ccccc1,1,O=C(CCc1ccccc1)c1ccccc1OCCCNC(c1ccccc1)c1ccccc1,0.7658947368421054,1,0.9998162368786829
O=C(CCc1ccccc1)c1ccccc1OC[C@@H](O)CNCC(c1ccccc1)c1ccccc1,1,O=C(CCc1ccccc1)c1ccccc1OCCCNCC(c1ccccc1)c1ccccc1,O=C(CCc1ccccc1)c1ccccc1OC[C@H](O)CNCC(c1ccccc1)c1ccccc1,1,O=C(CCc1ccccc1)c1ccccc1OCCCNCC(c1ccccc1)c1ccccc1,1.0,1,0.9999130060718383
O=C(CCc1ccccc1)c1ccccc1OC[C@@H](O)CNCC(c1ccccc1)c1ccccc1,1,O=C(CCc1ccccc1)c1ccccc1OCCCNCC(c1ccccc1)c1ccccc1,O=C(CCc1ccccc1)c1ccccc1OC[C@H](O)CNCCCC(c1ccccc1)c1ccccc1,1,O=C(CCc1ccccc1)c1ccccc1OCCCNCCCC(c1ccccc1)c1ccccc1,0.8,1,0.9999463064968203
O=C(CCc1ccccc1)c1ccccc1OC[C@@H](O)CNCC(c1ccccc1)c1ccccc1,1,O=C(CCc1ccccc1)c1ccccc1OCCCNCC(c1ccccc1)c1ccccc1,O=C(CCc1ccccc1)c1ccccc1OC[C@@H](O)CNCc1ccccc1,1,O=C(CCc1ccccc1)c1ccccc1OCCCNCc1ccccc1,0.7912280701754386,1,0.9999446643507195
O=C(CCc1ccccc1)c1ccccc1OC[C@@H](O)CNCC(c1ccccc1)c1ccccc1,1,O=C(CCc1ccccc1)c1ccccc1OCCCNCC(c1ccccc1)c1ccccc1,O=C(CCc1ccccc1)c1ccccc1OC[C@@H](O)CNC(c1ccccc1)c1ccccc1,1,O=C(CCc1ccccc1)c1ccccc1OCCCNC(c1ccccc1)c1ccccc1,0.7658947368421054,1,0.9998162368786829
O[C@@H](COc1cccc2ncccc12)CN1CCN(C2c3ccccc3CCc3ccccc32)CC1,1,c1ccc2c(c1)CCc1ccccc1C2N1CCN(CCCOc2cccc3ncccc23)CC1,O[C@H](COc1cccc2ncccc12)CN1CCN(C2c3ccccc3[C@H]3C[C@H]3c3ccccc32)CC1,1,c1ccc2c(c1)C1CC1c1ccccc1C2N1CCN(CCCOc2cccc3ncccc23)CC1,0.803954802259887,1,0.9995649859123482
O[C@@H](COc1cccc2ncccc12)CN1CCN(C2c3ccccc3CCc3ccccc32)CC1,1,c1ccc2c(c1)CCc1ccccc1C2N1CCN(CCCOc2cccc3ncccc23)CC1,O[C@H](COc1cccc2ncccc12)CN1CCN(C2c3ccccc3[C@H]3[C@H](c4ccccc42)C3(F)F)CC1,1,c1ccc2c(c1)C1CC1c1ccccc1C2N1CCN(CCCOc2cccc3ncccc23)CC1,0.7664516129032258,1,0.9998944605965318
O[C@@H](COc1cccc2ncccc12)CN1CCN(C2c3ccccc3CCc3ccccc32)CC1,1,c1ccc2c(c1)CCc1ccccc1C2N1CCN(CCCOc2cccc3ncccc23)CC1,O[C@H](COc1cccc2ncccc12)CN1CCN(C2c3ccccc3C3C(c4ccccc42)C3(F)F)CC1,1,c1ccc2c(c1)C1CC1c1ccccc1C2N1CCN(CCCOc2cccc3ncccc23)CC1,0.7664516129032258,1,0.9998944605965318
O[C@@H](COc1cccc2ncccc12)CN1CCN(C2c3ccccc3CCc3ccccc32)CC1,1,c1ccc2c(c1)CCc1ccccc1C2N1CCN(CCCOc2cccc3ncccc23)CC1,O[C@H](COc1cccc2ncccc12)CN1CCN(C2c3ccccc3C3C(c4ccccc42)C3(Cl)Cl)CC1,1,c1ccc2c(c1)C1CC1c1ccccc1C2N1CCN(CCCOc2cccc3ncccc23)CC1,0.7664516129032258,1,0.9995261526421995
Cc1c(O)cccc1C(=O)N[C@@H](CSc1ccccc1)[C@H](O)CN1C[C@H]2CCCC[C@H]2C[C@H]1C(=O)NC(C)(C)C,1,O=C(NC(CCN1CCC2CCCCC2C1)CSc1ccccc1)c1ccccc1,CC(C)(C)NC(=O)[C@H]1C[C@@H]2CCCC[C@H]2CN1C[C@@H](O)[C@H](Cc1ccccc1)NC(=O)[C@@H](CC(N)=O)NC(=O)c1ccc2ccccc2n1,1,O=C(CNC(=O)c1ccc2ccccc2n1)NC(CCN1CCC2CCCCC2C1)Cc1ccccc1,0.476,1,0.9855411479246386
Cc1c(O)cccc1C(=O)N[C@@H](CSc1ccccc1)[C@H](O)CN1C[C@H]2CCCC[C@H]2C[C@H]1C(=O)NC(C)(C)C,1,O=C(NC(CCN1CCC2CCCCC2C1)CSc1ccccc1)c1ccccc1,O=C(CCc1ccccc1)c1ccccc1OC[C@H](O)CN1CCCCC1,1,O=C(CCc1ccccc1)c1ccccc1OCCCN1CCCCC1,0.21363636363636368,1,0.9609677086520142
Cc1c(O)cccc1C(=O)N[C@@H](CSc1ccccc1)[C@H](O)CN1C[C@H]2CCCC[C@H]2C[C@H]1C(=O)NC(C)(C)C,1,O=C(NC(CCN1CCC2CCCCC2C1)CSc1ccccc1)c1ccccc1,O=C(CCc1ccccc1)c1cc(O)ccc1OC[C@@H](O)CN1CCCCC1,1,O=C(CCc1ccccc1)c1ccccc1OCCCN1CCCCC1,0.2131624927198602,1,0.952672681425
Cc1c(O)cccc1C(=O)N[C@@H](CSc1ccccc1)[C@H](O)CN1C[C@H]2CCCC[C@H]2C[C@H]1C(=O)NC(C)(C)C,1,O=C(NC(CCN1CCC2CCCCC2C1)CSc1ccccc1)c1ccccc1,CC(=O)c1ccccc1OC[C@@H](O)CN1CCC(O)(c2ccccc2)CC1,1,c1ccc(OCCCN2CCC(c3ccccc3)CC2)cc1,0.21306899286280728,1,0.8296700908118035
Cc1cc(CC(=O)O)n(C)c1C(=O)c1ccc(Cl)cc1,0,O=C(c1ccccc1)c1ccc[nH]1,CN(C)C(=O)C(CCN1CCC(O)(c2ccc(Cl)cc2)CC1)(c1ccccc1)c1ccccc1,1,c1ccc(C2CCN(CCC(c3ccccc3)c3ccccc3)CC2)cc1,0.2496969696969697,0,0.00805708814290089
Cc1cc(CC(=O)O)n(C)c1C(=O)c1ccc(Cl)cc1,0,O=C(c1ccccc1)c1ccc[nH]1,Cc1nn(C)c(OC[C@@H](O)CN(C(C)C)C(C)C)c1C(=O)c1ccccc1,1,O=C(c1ccccc1)c1cn[nH]c1,0.22588597842835131,0,0.005922437578700493
Cc1cc(CC(=O)O)n(C)c1C(=O)c1ccc(Cl)cc1,0,O=C(c1ccccc1)c1ccc[nH]1,NC(=O)OC[C@@H](O)COc1ccc(Cl)cc1,1,c1ccccc1,0.22135396518375244,0,0.01921667970676054
Cc1cc(CC(=O)O)n(C)c1C(=O)c1ccc(Cl)cc1,0,O=C(c1ccccc1)c1ccc[nH]1,O=C(COc1ccc(Cl)cc1)N1CCN(Cc2ccc3c(c2)OCO3)CC1,1,O=C(COc1ccccc1)N1CCN(Cc2ccc3c(c2)OCO3)CC1,0.2204837879567679,0,0.026282047125727685
Cc1ccc(C(=O)N2c3ccccc3[C@H](N3CCN(Cc4ccccc4)CC3)[C@@H](O)[C@@H]2C)cc1,1,O=C(c1ccccc1)N1CCC(N2CCN(Cc3ccccc3)CC2)c2ccccc21,CC1(C)Oc2ccc(C#N)cc2[C@H](N2CCN(Cc3ccccc3)CC2)[C@H]1O,1,c1ccc(CN2CCN(C3CCOc4ccccc43)CC2)cc1,0.38772522522522523,1,0.9862244984518912
Cc1ccc(C(=O)N2c3ccccc3[C@H](N3CCN(Cc4ccccc4)CC3)[C@@H](O)[C@@H]2C)cc1,1,O=C(c1ccccc1)N1CCC(N2CCN(Cc3ccccc3)CC2)c2ccccc21,Cc1ccc(C(=O)O[C@H]2[C@H](C)Nc3ccccc3[C@@H]2N2CCCC2)cc1,1,O=C(OC1CNc2ccccc2C1N1CCCC1)c1ccccc1,0.33595959595959596,1,0.9794439099190583
Cc1ccc(C(=O)N2c3ccccc3[C@H](N3CCN(Cc4ccccc4)CC3)[C@@H](O)[C@@H]2C)cc1,1,O=C(c1ccccc1)N1CCC(N2CCN(Cc3ccccc3)CC2)c2ccccc21,O=C(CCc1ccccc1)c1ccccc1OC[C@H](O)CN1CCN(Cc2ccccc2)CC1,1,O=C(CCc1ccccc1)c1ccccc1OCCCN1CCN(Cc2ccccc2)CC1,0.3050526315789474,1,0.9952400725369502
Cc1ccc(C(=O)N2c3ccccc3[C@H](N3CCN(Cc4ccccc4)CC3)[C@@H](O)[C@@H]2C)cc1,1,O=C(c1ccccc1)N1CCC(N2CCN(Cc3ccccc3)CC2)c2ccccc21,O=C(CCc1ccccc1)c1ccccc1OC[C@@H](O)CN1CCN(Cc2ccccc2)CC1,1,O=C(CCc1ccccc1)c1ccccc1OCCCN1CCN(Cc2ccccc2)CC1,0.3050526315789474,1,0.9952400725369502
COc1cc2nc(N3CCN(C(=O)c4ccco4)CC3)nc(N)c2cc1OC,0,O=C(c1ccco1)N1CCN(c2ncc3ccccc3n2)CC1,COc1ccccc1N1CCN(CC(=O)c2oc3ccccc3c2CCc2ccccc2)CC1,1,O=C(CN1CCN(c2ccccc2)CC1)c1oc2ccccc2c1CCc1ccccc1,0.27400914634146345,0,0.14254466248014186
COc1cc2nc(N3CCN(C(=O)c4ccco4)CC3)nc(N)c2cc1OC,0,O=C(c1ccco1)N1CCN(c2ncc3ccccc3n2)CC1,COc1cc2nc(NCCc3cccc(OC)c3OC)nc(NCCc3cccc(OC)c3OC)c2cc1OC,1,c1ccc(CCNc2nc(NCCc3ccccc3)c3ccccc3n2)cc1,0.2677966101694915,0,0.1102045884343031
COc1cc2nc(N3CCN(C(=O)c4ccco4)CC3)nc(N)c2cc1OC,0,O=C(c1ccco1)N1CCN(c2ncc3ccccc3n2)CC1,COc1cc2c(cc1OC)CN(CCc1ccc(NC(=O)c3cnc4ccccc4n3)cc1)CC2,1,O=C(Nc1ccc(CCN2CCc3ccccc3C2)cc1)c1cnc2ccccc2n1,0.25593869731800767,0,0.051458554553778235
COc1cc2nc(N3CCN(C(=O)c4ccco4)CC3)nc(N)c2cc1OC,0,O=C(c1ccco1)N1CCN(c2ncc3ccccc3n2)CC1,COc1cccc(CCc2ccccc2OCCN2CCN(c3ncccn3)CC2)c1,1,c1ccc(CCc2ccccc2OCCN2CCN(c3ncccn3)CC2)cc1,0.25559538032656315,0,0.06310346303706792
CCCCN1CCCC[C@H]1C(=O)Nc1c(C)cccc1C,0,O=C(Nc1ccccc1)C1CCCCN1,COc1cc2c(cc1OC)CN(CCNC(=O)c1cccc(C)c1NC(=O)c1ccc(C(C)C)cc1)CC2,1,O=C(Nc1ccccc1C(=O)NCCN1CCc2ccccc2C1)c1ccccc1,0.26803594351732996,0,0.3560833812450622
CCCCN1CCCC[C@H]1C(=O)Nc1c(C)cccc1C,0,O=C(Nc1ccccc1)C1CCCCN1,Cc1c(O)cccc1C(=O)N[C@@H](CSc1ccccc1)[C@H](O)CN1C[C@H]2CCCC[C@H]2C[C@H]1C(=O)NC(C)(C)C,1,O=C(NC(CCN1CCC2CCCCC2C1)CSc1ccccc1)c1ccccc1,0.2634920634920635,0,0.12081698488372769
CCCCN1CCCC[C@H]1C(=O)Nc1c(C)cccc1C,0,O=C(Nc1ccccc1)C1CCCCN1,CCC(=O)N(c1ccccc1)C1CCN(CCc2ccccc2)CC1,1,c1ccc(CCN2CCC(Nc3ccccc3)CC2)cc1,0.2605594405594406,0,0.030872704252508015
CCCCN1CCCC[C@H]1C(=O)Nc1c(C)cccc1C,0,O=C(Nc1ccccc1)C1CCCCN1,O=C(Nc1ccccc1)OC[C@@H](CN1CCCCC1)OC(=O)Nc1ccccc1,1,O=C(Nc1ccccc1)OCC(CN1CCCCC1)OC(=O)Nc1ccccc1,0.2545454545454546,0,0.11279028664116258
CC(=O)c1cccc(OC[C@H](O)CN2CCOCC2)c1,0,c1ccc(OCCCN2CCOCC2)cc1,O=C(CCc1ccccc1)c1cccc(OC[C@H](O)CN2CCCCC2)c1,1,O=C(CCc1ccccc1)c1cccc(OCCCN2CCCCC2)c1,0.5688983050847458,0,0.07266624404136432
CC(=O)c1cccc(OC[C@H](O)CN2CCOCC2)c1,0,c1ccc(OCCCN2CCOCC2)cc1,Cc1ccccc1N1CCN(C[C@H](O)COc2cccc(C(=O)CCc3ccccc3)c2)CC1,1,O=C(CCc1ccccc1)c1cccc(OCCCN2CCN(c3ccccc3)CC2)c1,0.5255813953488373,0,0.13168752403085413
CC(=O)c1cccc(OC[C@H](O)CN2CCOCC2)c1,0,c1ccc(OCCCN2CCOCC2)cc1,O=C(CCc1ccccc1)c1cccc(OC[C@H](O)CN2CCN(c3ccc(F)cc3)CC2)c1,1,O=C(CCc1ccccc1)c1cccc(OCCCN2CCN(c3ccccc3)CC2)c1,0.5173913043478261,0,0.13681144627752423
CC(=O)c1cccc(OC[C@H](O)CN2CCOCC2)c1,0,c1ccc(OCCCN2CCOCC2)cc1,O=C(CCc1ccccc1)c1ccccc1OC[C@@H](O)CN1CCOCC1,1,O=C(CCc1ccccc1)c1ccccc1OCCCN1CCOCC1,0.515327868852459,0,0.07518853340747575
CC(=O)c1ccc(OC[C@@H](O)CN2CCOCC2)cc1,0,c1ccc(OCCCN2CCOCC2)cc1,O=C(CCc1ccccc1)c1ccc(OC[C@H](O)CN2CCCCC2)cc1,1,O=C(CCc1ccccc1)c1ccc(OCCCN2CCCCC2)cc1,0.5282051282051282,0,0.08234382432244547
CC(=O)c1ccc(OC[C@@H](O)CN2CCOCC2)cc1,0,c1ccc(OCCCN2CCOCC2)cc1,O=C(CCc1ccccc1)c1ccc(OC[C@@H](O)CN2CCCCC2)cc1,1,O=C(CCc1ccccc1)c1ccc(OCCCN2CCCCC2)cc1,0.5282051282051282,0,0.08234382432244547
CC(=O)c1ccc(OC[C@@H](O)CN2CCOCC2)cc1,0,c1ccc(OCCCN2CCOCC2)cc1,O=C(CCc1ccccc1)c1ccccc1OC[C@@H](O)CN1CCOCC1,1,O=C(CCc1ccccc1)c1ccccc1OCCCN1CCOCC1,0.5195402298850575,0,0.07395400189000245
CC(=O)c1ccc(OC[C@@H](O)CN2CCOCC2)cc1,0,c1ccc(OCCCN2CCOCC2)cc1,CO[C@H](CCc1ccccc1)c1ccccc1OC[C@H](O)CN1CCOCC1,1,c1ccc(CCCc2ccccc2OCCCN2CCOCC2)cc1,0.4851493139628733,0,0.10787729780663807
CCC(=O)c1ccccc1OC[C@@H](O)CN1CCOCC1,0,c1ccc(OCCCN2CCOCC2)cc1,O=C(CCc1ccccc1)c1ccccc1OC[C@@H](O)CN1CCOCC1,1,O=C(CCc1ccccc1)c1ccccc1OCCCN1CCOCC1,0.7521829521829522,0,0.07387818385476984
CCC(=O)c1ccccc1OC[C@@H](O)CN1CCOCC1,0,c1ccc(OCCCN2CCOCC2)cc1,CCC(=O)c1ccccc1OC[C@@H](O)CN1CCC(O)(c2ccccc2)CC1,1,c1ccc(OCCCN2CCC(c3ccccc3)CC2)cc1,0.7103103103103103,0,0.1598623133306986
CCC(=O)c1ccccc1OC[C@@H](O)CN1CCOCC1,0,c1ccc(OCCCN2CCOCC2)cc1,CCC(=O)c1ccccc1OC[C@H](O)CN1CCC(O)(c2ccccc2)CC1,1,c1ccc(OCCCN2CCC(c3ccccc3)CC2)cc1,0.7103103103103103,0,0.1598623133306986
CCC(=O)c1ccccc1OC[C@@H](O)CN1CCOCC1,0,c1ccc(OCCCN2CCOCC2)cc1,O=C(CCc1cccc2ccccc12)c1ccccc1OC[C@@H](O)CN1CCOCC1,1,O=C(CCc1cccc2ccccc12)c1ccccc1OCCCN1CCOCC1,0.6753574432296048,0,0.1009298459921851
CCC(=O)c1ccccc1OC[C@H](O)CN1CCOCC1,0,c1ccc(OCCCN2CCOCC2)cc1,O=C(CCc1ccccc1)c1ccccc1OC[C@@H](O)CN1CCOCC1,1,O=C(CCc1ccccc1)c1ccccc1OCCCN1CCOCC1,0.7521829521829522,0,0.07387818385476984
CCC(=O)c1ccccc1OC[C@H](O)CN1CCOCC1,0,c1ccc(OCCCN2CCOCC2)cc1,CCC(=O)c1ccccc1OC[C@@H](O)CN1CCC(O)(c2ccccc2)CC1,1,c1ccc(OCCCN2CCC(c3ccccc3)CC2)cc1,0.7103103103103103,0,0.1598623133306986
CCC(=O)c1ccccc1OC[C@H](O)CN1CCOCC1,0,c1ccc(OCCCN2CCOCC2)cc1,CCC(=O)c1ccccc1OC[C@H](O)CN1CCC(O)(c2ccccc2)CC1,1,c1ccc(OCCCN2CCC(c3ccccc3)CC2)cc1,0.7103103103103103,0,0.1598623133306986
CCC(=O)c1ccccc1OC[C@H](O)CN1CCOCC1,0,c1ccc(OCCCN2CCOCC2)cc1,O=C(CCc1cccc2ccccc12)c1ccccc1OC[C@@H](O)CN1CCOCC1,1,O=C(CCc1cccc2ccccc12)c1ccccc1OCCCN1CCOCC1,0.6753574432296048,0,0.1009298459921851
CCCCOc1ccc(OCCCN2CCOCC2)cc1,0,c1ccc(OCCCN2CCOCC2)cc1,O=C(CCc1ccccc1)c1ccccc1OCCCCN1CCOCC1,1,O=C(CCc1ccccc1)c1ccccc1OCCCCN1CCOCC1,0.4222222222222222,0,0.016502985075647448
CCCCOc1ccc(OCCCN2CCOCC2)cc1,0,c1ccc(OCCCN2CCOCC2)cc1,O=c1c2ccccc2n(CCCN2CCOCC2)c2ccccc12,1,O=c1c2ccccc2n(CCCN2CCOCC2)c2ccccc12,0.3830434782608696,0,0.11636566991402818
CCCCOc1ccc(OCCCN2CCOCC2)cc1,0,c1ccc(OCCCN2CCOCC2)cc1,COc1cccc2c(=O)c3ccccc3n(CCCN3CCOCC3)c12,1,O=c1c2ccccc2n(CCCN2CCOCC2)c2ccccc12,0.362987012987013,0,0.030159427905522736
CCCCOc1ccc(OCCCN2CCOCC2)cc1,0,c1ccc(OCCCN2CCOCC2)cc1,COc1cccc(CCc2ccccc2OCCCN2CCN(c3ccccc3OC)CC2)c1,1,c1ccc(CCc2ccccc2OCCCN2CCN(c3ccccc3)CC2)cc1,0.3296939619520265,0,0.028248611968032262
COc1ccccc1N1CCN(CC(=O)c2oc3ccccc3c2CCc2ccccc2)CC1,1,O=C(CN1CCN(c2ccccc2)CC1)c1oc2ccccc2c1CCc1ccccc1,COc1cccc(CCc2ccccc2OCCCN2CCN(c3ccccc3OC)CC2)c1,1,c1ccc(CCc2ccccc2OCCCN2CCN(c3ccccc3)CC2)cc1,0.41555432984004415,1,0.9988186860797077
COc1ccccc1N1CCN(CC(=O)c2oc3ccccc3c2CCc2ccccc2)CC1,1,O=C(CN1CCN(c2ccccc2)CC1)c1oc2ccccc2c1CCc1ccccc1,COc1cccc(CCc2ccccc2OCCCCN2CCN(c3ccccc3OC)CC2)c1,1,c1ccc(CCc2ccccc2OCCCCN2CCN(c3ccccc3)CC2)cc1,0.4093333333333333,1,0.9990566290444965
COc1ccccc1N1CCN(CC(=O)c2oc3ccccc3c2CCc2ccccc2)CC1,1,O=C(CN1CCN(c2ccccc2)CC1)c1oc2ccccc2c1CCc1ccccc1,COc1ccc(OCC[C@@H](O)CN2CCN(c3ccccc3C)CC2)c(C(=O)CCc2ccccc2)c1,1,O=C(CCc1ccccc1)c1ccccc1OCCCCN1CCN(c2ccccc2)CC1,0.363680387409201,1,0.9982964632382282
COc1ccccc1N1CCN(CC(=O)c2oc3ccccc3c2CCc2ccccc2)CC1,1,O=C(CN1CCN(c2ccccc2)CC1)c1oc2ccccc2c1CCc1ccccc1,CC(C)NCCc1oc2ccccc2c1CCc1ccccc1,1,c1ccc(CCc2coc3ccccc23)cc1,0.3546268656716418,1,0.9994821575980593
Nc1ccc(S(=O)(=O)Nc2ccccn2)cc1,0,O=S(=O)(Nc1ccccn1)c1ccccc1,NCc1ccc(S(N)(=O)=O)cc1,1,c1ccccc1,0.2403156384505022,0,4.851936922733113e-05
Nc1ccc(S(=O)(=O)Nc2ccccn2)cc1,0,O=S(=O)(Nc1ccccn1)c1ccccc1,COc1cc2c(cc1OC)[C@H]1CN(C)CC[C@H]1N=C2c1ccc(NS(=O)(=O)c2ccc(C)cc2)cc1,1,O=S(=O)(Nc1ccc(C2=NC3CCNCC3c3ccccc32)cc1)c1ccccc1,0.21534246575342467,0,0.00011385082058802562
Nc1ccc(S(=O)(=O)Nc2ccccn2)cc1,0,O=S(=O)(Nc1ccccn1)c1ccccc1,Nc1ccc(-c2cc(C(F)(F)F)cc(C(F)(F)F)c2)cc1,1,c1ccc(-c2ccccc2)cc1,0.19282296650717706,0,2.217133745247753e-05
Nc1ccc(S(=O)(=O)Nc2ccccn2)cc1,0,O=S(=O)(Nc1ccccn1)c1ccccc1,N#Cc1c2n(c3c(NS(=O)(=O)Cc4ccccc4)ncnc13)CCCC2,1,O=S(=O)(Cc1ccccc1)Nc1ncnc2cc3n(c12)CCCC3,0.18441558441558442,0,0.00012491998542759792
CN(CCc1ccc(NC(=O)c2ccccc2NC(=O)c2cnc3ccccc3c2)cc1)Cc1ccc(F)c(F)c1,1,O=C(Nc1ccccc1C(=O)Nc1ccc(CCNCc2ccccc2)cc1)c1cnc2ccccc2c1,COc1ccc(CN(C)CCc2ccc(NC(=O)c3ccccc3NC(=O)c3cnc4ccccc4c3)cc2)cc1O,1,O=C(Nc1ccccc1C(=O)Nc1ccc(CCNCc2ccccc2)cc1)c1cnc2ccccc2c1,0.7485024378918042,1,0.9996487705596849
CN(CCc1ccc(NC(=O)c2ccccc2NC(=O)c2cnc3ccccc3c2)cc1)Cc1ccc(F)c(F)c1,1,O=C(Nc1ccccc1C(=O)Nc1ccc(CCNCc2ccccc2)cc1)c1cnc2ccccc2c1,COc1cc(CN(C)CCc2ccc(NC(=O)c3ccccc3NC(=O)c3cnc4ccccc4c3)cc2)ccc1O,1,O=C(Nc1ccccc1C(=O)Nc1ccc(CCNCc2ccccc2)cc1)c1cnc2ccccc2c1,0.7460730593607307,1,0.999694513753408
CN(CCc1ccc(NC(=O)c2ccccc2NC(=O)c2cnc3ccccc3c2)cc1)Cc1ccc(F)c(F)c1,1,O=C(Nc1ccccc1C(=O)Nc1ccc(CCNCc2ccccc2)cc1)c1cnc2ccccc2c1,COc1ccc(CCN(C)CCc2ccc(NC(=O)c3ccccc3NC(=O)c3cnc4ccccc4c3)cc2)cc1OC,1,O=C(Nc1ccccc1C(=O)Nc1ccc(CCNCCc2ccccc2)cc1)c1cnc2ccccc2c1,0.6981898238747555,1,0.9987388638200666
CN(CCc1ccc(NC(=O)c2ccccc2NC(=O)c2cnc3ccccc3c2)cc1)Cc1ccc(F)c(F)c1,1,O=C(Nc1ccccc1C(=O)Nc1ccc(CCNCc2ccccc2)cc1)c1cnc2ccccc2c1,O=C(Nc1ccccc1C(=O)Nc1ccc(CCN2CCc3ccccc3C2)cc1)c1cnc2ccccc2c1,1,O=C(Nc1ccccc1C(=O)Nc1ccc(CCN2CCc3ccccc3C2)cc1)c1cnc2ccccc2c1,0.6184012066365008,1,0.9996455052803029
COc1ccc(CN(C)CCc2ccc(NC(=O)c3ccccc3NC(=O)c3cnc4ccccc4c3)cc2)cc1O,1,O=C(Nc1ccccc1C(=O)Nc1ccc(CCNCc2ccccc2)cc1)c1cnc2ccccc2c1,COc1cc(CN(C)CCc2ccc(NC(=O)c3ccccc3NC(=O)c3cnc4ccccc4c3)cc2)ccc1O,1,O=C(Nc1ccccc1C(=O)Nc1ccc(CCNCc2ccccc2)cc1)c1cnc2ccccc2c1,0.8976623376623377,1,0.999894693010071
COc1ccc(CN(C)CCc2ccc(NC(=O)c3ccccc3NC(=O)c3cnc4ccccc4c3)cc2)cc1O,1,O=C(Nc1ccccc1C(=O)Nc1ccc(CCNCc2ccccc2)cc1)c1cnc2ccccc2c1,COc1ccc(CCN(C)CCc2ccc(NC(=O)c3ccccc3NC(=O)c3cnc4ccccc4c3)cc2)cc1OC,1,O=C(Nc1ccccc1C(=O)Nc1ccc(CCNCCc2ccccc2)cc1)c1cnc2ccccc2c1,0.7958249496981892,1,0.9962801910702215
COc1ccc(CN(C)CCc2ccc(NC(=O)c3ccccc3NC(=O)c3cnc4ccccc4c3)cc2)cc1O,1,O=C(Nc1ccccc1C(=O)Nc1ccc(CCNCc2ccccc2)cc1)c1cnc2ccccc2c1,CN(CCc1ccc(NC(=O)c2ccccc2NC(=O)c2cnc3ccccc3c2)cc1)Cc1ccc(F)c(F)c1,1,O=C(Nc1ccccc1C(=O)Nc1ccc(CCNCc2ccccc2)cc1)c1cnc2ccccc2c1,0.7485024378918042,1,0.999380317681113
COc1ccc(CN(C)CCc2ccc(NC(=O)c3ccccc3NC(=O)c3cnc4ccccc4c3)cc2)cc1O,1,O=C(Nc1ccccc1C(=O)Nc1ccc(CCNCc2ccccc2)cc1)c1cnc2ccccc2c1,COc1cc2c(cc1OC)CN(CCc1ccc(NC(=O)c3ccccc3NC(=O)c3cnc4ccccc4c3)cc1)CC2,1,O=C(Nc1ccccc1C(=O)Nc1ccc(CCN2CCc3ccccc3C2)cc1)c1cnc2ccccc2c1,0.6459522299725217,1,0.9990626427432212
COc1cc(CN(C)CCc2ccc(NC(=O)c3ccccc3NC(=O)c3cnc4ccccc4c3)cc2)ccc1O,1,O=C(Nc1ccccc1C(=O)Nc1ccc(CCNCc2ccccc2)cc1)c1cnc2ccccc2c1,COc1ccc(CN(C)CCc2ccc(NC(=O)c3ccccc3NC(=O)c3cnc4ccccc4c3)cc2)cc1O,1,O=C(Nc1ccccc1C(=O)Nc1ccc(CCNCc2ccccc2)cc1)c1cnc2ccccc2c1,0.8976623376623377,1,0.9998279528213058
COc1cc(CN(C)CCc2ccc(NC(=O)c3ccccc3NC(=O)c3cnc4ccccc4c3)cc2)ccc1O,1,O=C(Nc1ccccc1C(=O)Nc1ccc(CCNCc2ccccc2)cc1)c1cnc2ccccc2c1,COc1ccc(CCN(C)CCc2ccc(NC(=O)c3ccccc3NC(=O)c3cnc4ccccc4c3)cc2)cc1OC,1,O=C(Nc1ccccc1C(=O)Nc1ccc(CCNCCc2ccccc2)cc1)c1cnc2ccccc2c1,0.7993963782696177,1,0.9965169354324316
COc1cc(CN(C)CCc2ccc(NC(=O)c3ccccc3NC(=O)c3cnc4ccccc4c3)cc2)ccc1O,1,O=C(Nc1ccccc1C(=O)Nc1ccc(CCNCc2ccccc2)cc1)c1cnc2ccccc2c1,CN(CCc1ccc(NC(=O)c2ccccc2NC(=O)c2cnc3ccccc3c2)cc1)Cc1ccc(F)c(F)c1,1,O=C(Nc1ccccc1C(=O)Nc1ccc(CCNCc2ccccc2)cc1)c1cnc2ccccc2c1,0.7460730593607307,1,0.9994040219251527
COc1cc(CN(C)CCc2ccc(NC(=O)c3ccccc3NC(=O)c3cnc4ccccc4c3)cc2)ccc1O,1,O=C(Nc1ccccc1C(=O)Nc1ccc(CCNCc2ccccc2)cc1)c1cnc2ccccc2c1,COc1cc2c(cc1OC)CN(CCc1ccc(NC(=O)c3ccccc3NC(=O)c3cnc4ccccc4c3)cc1)CC2,1,O=C(Nc1ccccc1C(=O)Nc1ccc(CCN2CCc3ccccc3C2)cc1)c1cnc2ccccc2c1,0.6494610019023462,1,0.9990814639975718
O=C(O)c1cc(/N=N/c2ccc(S(=O)(=O)Nc3ccccn3)cc2)ccc1O,0,O=S(=O)(Nc1ccccn1)c1ccc(N=Nc2ccccc2)cc1,COc1cc2c(cc1OC)CN(CCc1ccc(NC(=O)c3ccccc3NC(=O)c3ccccn3)cc1)CC2,1,O=C(Nc1ccccc1C(=O)Nc1ccc(CCN2CCc3ccccc3C2)cc1)c1ccccn1,0.197487922705314,0,0.0019088630805867198
O=C(O)c1cc(/N=N/c2ccc(S(=O)(=O)Nc3ccccn3)cc2)ccc1O,0,O=S(=O)(Nc1ccccn1)c1ccc(N=Nc2ccccc2)cc1,COc1cc2c(cc1OC)[C@H]1CN(C)CC[C@H]1N=C2c1ccc(NS(=O)(=O)c2ccc(C)cc2)cc1,1,O=S(=O)(Nc1ccc(C2=NC3CCNCC3c3ccccc32)cc1)c1ccccc1,0.19294155739031896,0,0.00010370729861891198
O=C(O)c1cc(/N=N/c2ccc(S(=O)(=O)Nc3ccccn3)cc2)ccc1O,0,O=S(=O)(Nc1ccccn1)c1ccc(N=Nc2ccccc2)cc1,COc1cc(CN(C)CCc2ccc(NC(=O)c3ccccc3NC(=O)c3cnc4ccccc4c3)cc2)ccc1O,1,O=C(Nc1ccccc1C(=O)Nc1ccc(CCNCc2ccccc2)cc1)c1cnc2ccccc2c1,0.1920492721164614,0,0.001553502115212866
O=C(O)c1cc(/N=N/c2ccc(S(=O)(=O)Nc3ccccn3)cc2)ccc1O,0,O=S(=O)(Nc1ccccn1)c1ccc(N=Nc2ccccc2)cc1,N#Cc1c2n(c3c(NS(=O)(=O)Cc4ccccc4)ncnc13)CCCC2,1,O=S(=O)(Cc1ccccc1)Nc1ncnc2cc3n(c12)CCCC3,0.18514743356388788,0,0.002197838516424892
COc1ccc([C@H]2Sc3ccccc3N(CCN(C)C)C(=O)[C@@H]2OC(C)=O)cc1,1,O=C1CC(c2ccccc2)Sc2ccccc2N1,COc1ccc2c(c1)N(C[C@@H](C)CN(C)C)c1ccccc1S2,1,c1ccc2c(c1)Nc1ccccc1S2,0.33842253521126764,1,0.7308268811471682
COc1ccc([C@H]2Sc3ccccc3N(CCN(C)C)C(=O)[C@@H]2OC(C)=O)cc1,1,O=C1CC(c2ccccc2)Sc2ccccc2N1,CN(C)CCCN1c2ccccc2Sc2ccc(Cl)cc21,1,c1ccc2c(c1)Nc1ccccc1S2,0.29283018867924526,1,0.9209178881683623
COc1ccc([C@H]2Sc3ccccc3N(CCN(C)C)C(=O)[C@@H]2OC(C)=O)cc1,1,O=C1CC(c2ccccc2)Sc2ccccc2N1,COc1ccc(CCN(C)CCCN2C(=O)[C@H]3C4c5ccccc5C(c5ccccc54)[C@@H]3C2=O)cc1OC,1,O=C1C2C3c4ccccc4C(c4ccccc43)C2C(=O)N1CCCNCCc1ccccc1,0.27037037037037037,1,0.6858488260316341
COc1ccc([C@H]2Sc3ccccc3N(CCN(C)C)C(=O)[C@@H]2OC(C)=O)cc1,1,O=C1CC(c2ccccc2)Sc2ccccc2N1,COc1ccc2c(c1)CN(C(=O)CCN1CCC(Cc3ccccc3)CC1)CCS2,1,O=C(CCN1CCC(Cc2ccccc2)CC1)N1CCSc2ccccc2C1,0.26283811901789433,1,0.6510441964535979
CN1[C@@H](CC(=O)c2ccccc2)CCC[C@@H]1C[C@H](O)c1ccccc1,0,O=C(CC1CCCC(CCc2ccccc2)N1)c1ccccc1,O=C(CCc1ccccc1)c1ccc(OC[C@H](O)CN2CCCCC2)cc1,1,O=C(CCc1ccccc1)c1ccc(OCCCN2CCCCC2)cc1,0.2954545454545454,0,0.3192288517246103
CN1[C@@H](CC(=O)c2ccccc2)CCC[C@@H]1C[C@H](O)c1ccccc1,0,O=C(CC1CCCC(CCc2ccccc2)N1)c1ccccc1,O=C(CCc1ccccc1)c1ccc(OC[C@@H](O)CN2CCCCC2)cc1,1,O=C(CCc1ccccc1)c1ccc(OCCCN2CCCCC2)cc1,0.2954545454545454,0,0.3192288517246103
CN1[C@@H](CC(=O)c2ccccc2)CCC[C@@H]1C[C@H](O)c1ccccc1,0,O=C(CC1CCCC(CCc2ccccc2)N1)c1ccccc1,O=C(CCc1ccccc1)c1cccc(OC[C@H](O)CN2CCCCC2)c1,1,O=C(CCc1ccccc1)c1cccc(OCCCN2CCCCC2)c1,0.2842512077294686,0,0.3543647990397926
CN1[C@@H](CC(=O)c2ccccc2)CCC[C@@H]1C[C@H](O)c1ccccc1,0,O=C(CC1CCCC(CCc2ccccc2)N1)c1ccccc1,CC(C)N(C[C@@H](O)COc1ccc(C(=O)CCc2ccccc2)cc1)C(C)C,1,O=C(CCc1ccccc1)c1ccccc1,0.27121212121212124,0,0.1957761726505576
O=C(CCc1ccccc1)c1ccccc1OCCCCN1CCCCC1,1,O=C(CCc1ccccc1)c1ccccc1OCCCCN1CCCCC1,O=C(CCc1ccccc1)c1ccccc1OCCCCCCCCN1CCCCC1,1,O=C(CCc1ccccc1)c1ccccc1OCCCCCCCCN1CCCCC1,0.9818181818181819,1,0.9912286954849323
O=C(CCc1ccccc1)c1ccccc1OCCCCN1CCCCC1,1,O=C(CCc1ccccc1)c1ccccc1OCCCCN1CCCCC1,O=C(CCc1ccccc1)c1ccccc1OCCCCCN1CCCCC1,1,O=C(CCc1ccccc1)c1ccccc1OCCCCCN1CCCCC1,0.9818181818181819,1,0.9947105266356604
O=C(CCc1ccccc1)c1ccccc1OCCCCN1CCCCC1,1,O=C(CCc1ccccc1)c1ccccc1OCCCCN1CCCCC1,O=C(CCc1ccccc1)c1ccccc1OCCCCCCN1CCCCC1,1,O=C(CCc1ccccc1)c1ccccc1OCCCCCCN1CCCCC1,0.9818181818181819,1,0.9910218896035086
O=C(CCc1ccccc1)c1ccccc1OCCCCN1CCCCC1,1,O=C(CCc1ccccc1)c1ccccc1OCCCCN1CCCCC1,O=C(CCc1ccccc1)c1ccccc1OCCCN1CCCCC1,1,O=C(CCc1ccccc1)c1ccccc1OCCCN1CCCCC1,0.9325513196480939,1,0.969945198415488
COC(=O)C1=C(C)NC(C)=C(C(=O)OCCN2CCN(C(c3ccccc3)c3ccccc3)CC2)[C@H]1c1cccc([N+](=O)[O-])c1,1,O=C(OCCN1CCN(C(c2ccccc2)c2ccccc2)CC1)C1=CNC=CC1c1ccccc1,COC(=O)C1=C(C)NC(C)=C(C(=O)OCCCN2CCC(c3ccccc3)(c3ccccc3)CC2)[C@H]1c1cccc([N+](=O)[O-])c1,1,O=C(OCCCN1CCC(c2ccccc2)(c2ccccc2)CC1)C1=CNC=CC1c1ccccc1,0.7066066066066067,1,0.9999723408780742
COC(=O)C1=C(C)NC(C)=C(C(=O)OCCN2CCN(C(c3ccccc3)c3ccccc3)CC2)[C@H]1c1cccc([N+](=O)[O-])c1,1,O=C(OCCN1CCN(C(c2ccccc2)c2ccccc2)CC1)C1=CNC=CC1c1ccccc1,CCOC(=O)C1=C(C)NC(C)=C(C(=O)OC)[C@H]1c1cccc([N+](=O)[O-])c1,1,C1=CC(c2ccccc2)C=CN1,0.6580270793036751,1,0.9998648513899123
COC(=O)C1=C(C)NC(C)=C(C(=O)OCCN2CCN(C(c3ccccc3)c3ccccc3)CC2)[C@H]1c1cccc([N+](=O)[O-])c1,1,O=C(OCCN1CCN(C(c2ccccc2)c2ccccc2)CC1)C1=CNC=CC1c1ccccc1,COC(=O)C1=C(C)NC(C)=C(C(=O)OCCN(C)Cc2ccccc2)[C@@H]1c1cccc([N+](=O)[O-])c1,1,O=C(OCCNCc1ccccc1)C1=CNC=CC1c1ccccc1,0.6475294117647059,1,0.9999029009227435
COC(=O)C1=C(C)NC(C)=C(C(=O)OCCN2CCN(C(c3ccccc3)c3ccccc3)CC2)[C@H]1c1cccc([N+](=O)[O-])c1,1,O=C(OCCN1CCN(C(c2ccccc2)c2ccccc2)CC1)C1=CNC=CC1c1ccccc1,COC(=O)C1=C(C)NC(C)=C(C(=O)O[C@H]2CCCN(Cc3ccccc3)C2)[C@@H]1c1cccc([N+](=O)[O-])c1,1,O=C(OC1CCCN(Cc2ccccc2)C1)C1=CNC=CC1c1ccccc1,0.5784589186888037,1,0.9998475291835801
COc1cc2c(cc1O)[C@@H]1Cc3ccc(OC)c(O)c3CN1CC2,1,c1ccc2c(c1)CC1c3ccccc3CCN1C2,COc1cc(Br)c(C[C@H]2c3cc(OC)c(OC)cc3CCN2C)cc1OC,1,c1ccc(CC2NCCc3ccccc32)cc1,0.33894425987449245,0,0.3564344395789251
COc1cc2c(cc1O)[C@@H]1Cc3ccc(OC)c(O)c3CN1CC2,1,c1ccc2c(c1)CC1c3ccccc3CCN1C2,COc1ccc2c(c1OC)C(=O)O[C@@H]2[C@H]1c2cc3c(cc2CCN1C)OCO3,1,O=C1OC(C2NCCc3cc4c(cc32)OCO4)c2ccccc21,0.3141369863013699,0,0.4448470896777699
COc1cc2c(cc1O)[C@@H]1Cc3ccc(OC)c(O)c3CN1CC2,1,c1ccc2c(c1)CC1c3ccccc3CCN1C2,COc1cc(C[C@@H]2c3cc(OC)c(OC)cc3CCN2C)c(Oc2cc3c(cc2OC)-c2c(OC)c(OC)cc4c2[C@@H](C3)N(C)CC4)cc1OC,1,c1ccc(Oc2ccc3c(c2)CC2NCCc4cccc-3c42)c(CC2NCCc3ccccc32)c1,0.31257142857142856,0,0.4005020130115373
COc1cc2c(cc1O)[C@@H]1Cc3ccc(OC)c(O)c3CN1CC2,1,c1ccc2c(c1)CC1c3ccccc3CCN1C2,COc1cc2c(cc1OC)CN(CCc1ccc(NC(=O)c3cccc4ccccc34)cc1)CC2,1,O=C(Nc1ccc(CCN2CCc3ccccc3C2)cc1)c1cccc2ccccc12,0.28488458674609085,1,0.8736400238765442
O=C(CCc1ccccc1)c1ccccc1OC[C@@H](O)CNC1CCCCC1,1,O=C(CCc1ccccc1)c1ccccc1OCCCNC1CCCCC1,O=C(CCc1ccccc1)c1ccccc1OC[C@H](O)CNC1CCCCC1,1,O=C(CCc1ccccc1)c1ccccc1OCCCNC1CCCCC1,1.0,1,0.9914144580907088
O=C(CCc1ccccc1)c1ccccc1OC[C@@H](O)CNC1CCCCC1,1,O=C(CCc1ccccc1)c1ccccc1OCCCNC1CCCCC1,O=C(CCc1ccccc1)c1ccccc1OC[C@@H](O)CNCc1ccccc1,1,O=C(CCc1ccccc1)c1ccccc1OCCCNCc1ccccc1,0.6912280701754386,1,0.9578047811173326
O=C(CCc1ccccc1)c1ccccc1OC[C@@H](O)CNC1CCCCC1,1,O=C(CCc1ccccc1)c1ccccc1OCCCNC1CCCCC1,O=C(CCc1ccccc1)c1ccccc1OC[C@@H](O)CNC(c1ccccc1)c1ccccc1,1,O=C(CCc1ccccc1)c1ccccc1OCCCNC(c1ccccc1)c1ccccc1,0.6721804511278197,1,0.98503475219669
O=C(CCc1ccccc1)c1ccccc1OC[C@@H](O)CNC1CCCCC1,1,O=C(CCc1ccccc1)c1ccccc1OCCCNC1CCCCC1,O=C(CCc1ccccc1)c1ccccc1OC[C@H](O)CNc1ccccc1,1,O=C(CCc1ccccc1)c1ccccc1OCCCNc1ccccc1,0.6699186991869919,1,0.9937329365546094
O=C(CCc1ccccc1)c1ccccc1OC[C@H](O)CNC1CCCCC1,1,O=C(CCc1ccccc1)c1ccccc1OCCCNC1CCCCC1,O=C(CCc1ccccc1)c1ccccc1OC[C@@H](O)CNC1CCCCC1,1,O=C(CCc1ccccc1)c1ccccc1OCCCNC1CCCCC1,1.0,1,0.9914144580907088
O=C(CCc1ccccc1)c1ccccc1OC[C@H](O)CNC1CCCCC1,1,O=C(CCc1ccccc1)c1ccccc1OCCCNC1CCCCC1,O=C(CCc1ccccc1)c1ccccc1OC[C@@H](O)CNCc1ccccc1,1,O=C(CCc1ccccc1)c1ccccc1OCCCNCc1ccccc1,0.6912280701754386,1,0.9578047811173326
O=C(CCc1ccccc1)c1ccccc1OC[C@H](O)CNC1CCCCC1,1,O=C(CCc1ccccc1)c1ccccc1OCCCNC1CCCCC1,O=C(CCc1ccccc1)c1ccccc1OC[C@@H](O)CNC(c1ccccc1)c1ccccc1,1,O=C(CCc1ccccc1)c1ccccc1OCCCNC(c1ccccc1)c1ccccc1,0.6721804511278197,1,0.98503475219669
O=C(CCc1ccccc1)c1ccccc1OC[C@H](O)CNC1CCCCC1,1,O=C(CCc1ccccc1)c1ccccc1OCCCNC1CCCCC1,O=C(CCc1ccccc1)c1ccccc1OC[C@H](O)CNc1ccccc1,1,O=C(CCc1ccccc1)c1ccccc1OCCCNc1ccccc1,0.6699186991869919,1,0.9937329365546094
C[C@@H]1O[C@H](O[C@@H]2[C@@H](Oc3cc(O)c4c(c3)O[C@H](c3ccc(O)cc3)CC4=O)O[C@@H](CO)[C@@H](O)[C@H]2O)[C@H](O)[C@H](O)[C@H]1O,0,O=C1CC(c2ccccc2)Oc2cc(OC3OCCCC3OC3CCCCO3)ccc21,O=C1C[C@H](c2ccc(O)cc2)Oc2cc(O)cc(O)c21,1,O=C1CC(c2ccccc2)Oc2ccccc21,0.48078755160368375,0,0.0012236720858814453
C[C@@H]1O[C@H](O[C@@H]2[C@@H](Oc3cc(O)c4c(c3)O[C@H](c3ccc(O)cc3)CC4=O)O[C@@H](CO)[C@@H](O)[C@H]2O)[C@H](O)[C@H](O)[C@H]1O,0,O=C1CC(c2ccccc2)Oc2cc(OC3OCCCC3OC3CCCCO3)ccc21,COc1cc([C@@H]2Oc3cc([C@H]4Oc5cc(OCc6ccccc6)cc(O)c5C(=O)[C@@H]4O)ccc3O[C@H]2CO)ccc1O,1,O=C1CC(c2ccc3c(c2)OC(c2ccccc2)CO3)Oc2cc(OCc3ccccc3)ccc21,0.32806414662084765,0,0.02103811658828364
C[C@@H]1O[C@H](O[C@@H]2[C@@H](Oc3cc(O)c4c(c3)O[C@H](c3ccc(O)cc3)CC4=O)O[C@@H](CO)[C@@H](O)[C@H]2O)[C@H](O)[C@H](O)[C@H]1O,0,O=C1CC(c2ccccc2)Oc2cc(OC3OCCCC3OC3CCCCO3)ccc21,COc1cc(O)c2c(=O)c(O)c(-c3ccc4c(c3)O[C@H](c3ccc(O)c(OC)c3)[C@@H](CO)O4)oc2c1,1,O=c1cc(-c2ccc3c(c2)OC(c2ccccc2)CO3)oc2ccccc12,0.2614796614796615,0,0.05633521850023064
C[C@@H]1O[C@H](O[C@@H]2[C@@H](Oc3cc(O)c4c(c3)O[C@H](c3ccc(O)cc3)CC4=O)O[C@@H](CO)[C@@H](O)[C@H]2O)[C@H](O)[C@H](O)[C@H]1O,0,O=C1CC(c2ccccc2)Oc2cc(OC3OCCCC3OC3CCCCO3)ccc21,COc1cc(O)c2c(=O)c(O)c(-c3ccc4c(c3)O[C@H](c3ccc(OC)c(OC)c3)[C@@H](CO)O4)oc2c1,1,O=c1cc(-c2ccc3c(c2)OC(c2ccccc2)CO3)oc2ccccc12,0.2603535353535354,0,0.04530842419310894
CCCCC1(COC(=O)CCC(=O)O)C(=O)N(c2ccccc2)N(c2ccccc2)C1=O,0,O=C1CC(=O)N(c2ccccc2)N1c1ccccc1,CCCC(C(=O)OCCN(CC)CC)(c1ccccc1)c1ccccc1,1,c1ccc(Cc2ccccc2)cc1,0.254305977710233,0,0.012308133531044584
CCCCC1(COC(=O)CCC(=O)O)C(=O)N(c2ccccc2)N(c2ccccc2)C1=O,0,O=C1CC(=O)N(c2ccccc2)N1c1ccccc1,CCCCCN(CCCOC)C(=O)[C@H](CCC(=O)O)NC(=O)c1ccc(Cl)c(Cl)c1,1,c1ccccc1,0.2515519568151147,0,0.15088664368558855
CCCCC1(COC(=O)CCC(=O)O)C(=O)N(c2ccccc2)N(c2ccccc2)C1=O,0,O=C1CC(=O)N(c2ccccc2)N1c1ccccc1,COC(=O)N1[C@H]2C3[C@H](c4ccccc4)C4(CO)[C@@H]1C1[C@@H](c5ccccc5)C2(CO)[C@@H]3N(C(=O)OC)[C@H]14,1,c1ccc(C2C3C4NC5C2C2NC3C4C(c3ccccc3)C52)cc1,0.24464285714285713,0,0.10594800375852362
CCCCC1(COC(=O)CCC(=O)O)C(=O)N(c2ccccc2)N(c2ccccc2)C1=O,0,O=C1CC(=O)N(c2ccccc2)N1c1ccccc1,CCCCNC[C@@H](O)Cn1c(C)c(C(=O)CCc2ccccc2)c(=O)n1-c1ccccc1,1,O=C(CCc1ccccc1)c1c[nH]n(-c2ccccc2)c1=O,0.24241037376048816,0,0.0013113710034130005
O=C1CC[C@@]2(O)[C@@H]3Cc4ccc(O)c5c4[C@]2(CCN3CC2CC2)[C@H]1O5,0,O=C1CCC2C3Cc4cccc5c4C2(CCN3CC2CC2)C1O5,COc1cc2c(cc1O)[C@@H]1Cc3ccc(OC)c(O)c3CN1CC2,1,c1ccc2c(c1)CC1c3ccccc3CCN1C2,0.20814814814814814,0,0.0013132813080990052
O=C1CC[C@@]2(O)[C@@H]3Cc4ccc(O)c5c4[C@]2(CCN3CC2CC2)[C@H]1O5,0,O=C1CCC2C3Cc4cccc5c4C2(CCN3CC2CC2)C1O5,CN1C[C@@H](C(=O)NC2(C)O[C@@]3(O)[C@@H]4CCCN4C(=O)[C@H](Cc4ccccc4)N3C2=O)C[C@@H]2c3cccc4[nH]cc(c34)C[C@H]21,1,O=C(NC1OC2C3CCCN3C(=O)C(Cc3ccccc3)N2C1=O)C1CNC2Cc3c[nH]c4cccc(c34)C2C1,0.19556119213696893,0,0.03279012839113743
O=C1CC[C@@]2(O)[C@@H]3Cc4ccc(O)c5c4[C@]2(CCN3CC2CC2)[C@H]1O5,0,O=C1CCC2C3Cc4cccc5c4C2(CCN3CC2CC2)C1O5,COc1ccc2c(c1OC)C(=O)O[C@@H]2[C@H]1c2c(cc3c(c2OC)OCO3)CCN1C,1,O=C1OC(C2NCCc3cc4c(cc32)OCO4)c2ccccc21,0.19062702003878473,0,0.00018658160141290413
O=C1CC[C@@]2(O)[C@@H]3Cc4ccc(O)c5c4[C@]2(CCN3CC2CC2)[C@H]1O5,0,O=C1CCC2C3Cc4cccc5c4C2(CCN3CC2CC2)C1O5,O=C1C[C@H](c2ccc(O)cc2)Oc2cc(O)cc(O)c21,1,O=C1CC(c2ccccc2)Oc2ccccc21,0.1896633475580844,0,0.020348420587182354
COc1cccc(CNC(=O)c2c3n(c4c(N5CCN(CCc6ccc(F)c(F)c6)CC5)ncnc24)CCCC3)c1OC,1,O=C(NCc1ccccc1)c1c2n(c3c(N4CCN(CCc5ccccc5)CC4)ncnc13)CCCC2,CCNC(=O)c1c2n(c3c(N4CCN(CCc5ccc(F)c(F)c5)CC4)ncnc13)CCCC2,1,c1ccc(CCN2CCN(c3ncnc4cc5n(c34)CCCC5)CC2)cc1,0.7365622032288699,1,0.999997607773437
COc1cccc(CNC(=O)c2c3n(c4c(N5CCN(CCc6ccc(F)c(F)c6)CC5)ncnc24)CCCC3)c1OC,1,O=C(NCc1ccccc1)c1c2n(c3c(N4CCN(CCc5ccccc5)CC4)ncnc13)CCCC2,O=C(Nc1cccnc1)c1c2n(c3c(N4CCN(CCc5ccc(F)c(F)c5)CC4)ncnc13)CCCC2,1,O=C(Nc1cccnc1)c1c2n(c3c(N4CCN(CCc5ccccc5)CC4)ncnc13)CCCC2,0.64,1,0.9999863734598461
COc1cccc(CNC(=O)c2c3n(c4c(N5CCN(CCc6ccc(F)c(F)c6)CC5)ncnc24)CCCC3)c1OC,1,O=C(NCc1ccccc1)c1c2n(c3c(N4CCN(CCc5ccccc5)CC4)ncnc13)CCCC2,COC(=O)c1c2n(c3c(N4CCN(CCc5ccccc5)CC4)ncnc13)CCCC2,1,c1ccc(CCN2CCN(c3ncnc4cc5n(c34)CCCC5)CC2)cc1,0.5854188948306596,1,0.9998773985873252
COc1cccc(CNC(=O)c2c3n(c4c(N5CCN(CCc6ccc(F)c(F)c6)CC5)ncnc24)CCCC3)c1OC,1,O=C(NCc1ccccc1)c1c2n(c3c(N4CCN(CCc5ccccc5)CC4)ncnc13)CCCC2,N#Cc1c2n(c3c(N4CCN(CCc5ccc(F)c(F)c5)CC4)ncnc13)CCCC2,1,c1ccc(CCN2CCN(c3ncnc4cc5n(c34)CCCC5)CC2)cc1,0.5747093023255814,1,0.9999551748803347
COc1ccc(-n2c(C(=N)CCC(N)=O)n[nH]c2=S)cc1,0,S=c1[nH]ncn1-c1ccccc1,CC[C@@H](C)c1ccc(N2C(=O)c3ccccc3N[C@@H]2c2ccc(OC)cc2)cc1,1,O=C1c2ccccc2NC(c2ccccc2)N1c1ccccc1,0.21926436781609196,0,0.000612493664522821
COc1ccc(-n2c(C(=N)CCC(N)=O)n[nH]c2=S)cc1,0,S=c1[nH]ncn1-c1ccccc1,COc1ccc([C@H]2Nc3ccccc3C(=O)N2c2ccc(Oc3ccccc3)cc2)cc1,1,O=C1c2ccccc2NC(c2ccccc2)N1c1ccc(Oc2ccccc2)cc1,0.21733990147783253,0,0.0008916651421325276
COc1ccc(-n2c(C(=N)CCC(N)=O)n[nH]c2=S)cc1,0,S=c1[nH]ncn1-c1ccccc1,NC(=O)OC[C@@H](O)COc1ccc(Cl)cc1,1,c1ccccc1,0.215741935483871,0,0.00014648937609594592
COc1ccc(-n2c(C(=N)CCC(N)=O)n[nH]c2=S)cc1,0,S=c1[nH]ncn1-c1ccccc1,COc1ccc([C@H]2Sc3ccccc3N(CCN(C)C)C(=O)[C@@H]2OC(C)=O)cc1,1,O=C1CC(c2ccccc2)Sc2ccccc2N1,0.20437500000000003,0,5.661253604734556e-05
CC(C)CN(C[C@@H](O)[C@@H](Cc1ccccc1)NC(=O)O[C@H]1CCOC1)S(=O)(=O)c1ccc(N)cc1,0,O=C(NC(CCNS(=O)(=O)c1ccccc1)Cc1ccccc1)OC1CCOC1,CC(C)(C)NC(=O)[C@H]1C[C@@H]2CCCC[C@H]2CN1C[C@@H](O)[C@H](Cc1ccccc1)NC(=O)[C@@H](CC(N)=O)NC(=O)c1ccc2ccccc2n1,1,O=C(CNC(=O)c1ccc2ccccc2n1)NC(CCN1CCC2CCCCC2C1)Cc1ccccc1,0.2383108935128519,0,0.1573739276212606
CC(C)CN(C[C@@H](O)[C@@H](Cc1ccccc1)NC(=O)O[C@H]1CCOC1)S(=O)(=O)c1ccc(N)cc1,0,O=C(NC(CCNS(=O)(=O)c1ccccc1)Cc1ccccc1)OC1CCOC1,CC(C)N(C[C@H](O)COc1ccccc1C(=O)CCc1ccccc1)C(C)C,1,O=C(CCc1ccccc1)c1ccccc1,0.23604651162790696,0,0.10615953773781663
CC(C)CN(C[C@@H](O)[C@@H](Cc1ccccc1)NC(=O)O[C@H]1CCOC1)S(=O)(=O)c1ccc(N)cc1,0,O=C(NC(CCNS(=O)(=O)c1ccccc1)Cc1ccccc1)OC1CCOC1,CC(C)N(C[C@@H](O)COc1ccc(C(=O)CCc2ccccc2)cc1)C(C)C,1,O=C(CCc1ccccc1)c1ccccc1,0.23604651162790696,0,0.2969497306612694
CC(C)CN(C[C@@H](O)[C@@H](Cc1ccccc1)NC(=O)O[C@H]1CCOC1)S(=O)(=O)c1ccc(N)cc1,0,O=C(NC(CCNS(=O)(=O)c1ccccc1)Cc1ccccc1)OC1CCOC1,CC(C)[C@@H]1OC(=O)[C@@H](C)COC(=O)C[C@@H](O)[C@H](Cc2ccccc2)N(C)C1=O,1,O=C1COC(=O)CCOC(=O)CCC(Cc2ccccc2)N1,0.23150308853809198,0,0.31155092305846155
O=C1C[C@@H](CCN2CCCCC2)Oc2ccccc21,0,O=C1CC(CCN2CCCCC2)Oc2ccccc21,c1ccc(C[C@@H]2c3ccccc3O[C@H]2CN2CCCCC2)cc1,1,c1ccc(CC2c3ccccc3OC2CN2CCCCC2)cc1,0.39636363636363636,0,0.040957346804706016
O=C1C[C@@H](CCN2CCCCC2)Oc2ccccc21,0,O=C1CC(CCN2CCCCC2)Oc2ccccc21,O=C(CCc1ccccc1)c1ccccc1OCCN1CCCCC1,1,O=C(CCc1ccccc1)c1ccccc1OCCN1CCCCC1,0.3486651053864169,0,0.08313306575057242
O=C1C[C@@H](CCN2CCCCC2)Oc2ccccc21,0,O=C1CC(CCN2CCCCC2)Oc2ccccc21,O=c1c2ccccc2n(CCCCN2CCCCC2)c2ccccc12,1,O=c1c2ccccc2n(CCCCN2CCCCC2)c2ccccc12,0.3457675753228121,0,0.27178571842058347
O=C1C[C@@H](CCN2CCCCC2)Oc2ccccc21,0,O=C1CC(CCN2CCCCC2)Oc2ccccc21,O=C(CCc1ccccc1)c1ccccc1OCCCN1CCCCC1,1,O=C(CCc1ccccc1)c1ccccc1OCCCN1CCCCC1,0.34506912442396315,0,0.15755306955109447
COc1cccc(C(=O)CCN[C@H](C)[C@@H](O)c2ccccc2)c1,0,O=C(CCNCCc1ccccc1)c1ccccc1,O=C(CCc1ccccc1)c1cccc(OC[C@H](O)CNCCC(c2ccccc2)c2ccccc2)c1,1,O=C(CCc1ccccc1)c1cccc(OCCCNCCC(c2ccccc2)c2ccccc2)c1,0.4561170212765958,0,0.22503529405430098
COc1cccc(C(=O)CCN[C@H](C)[C@@H](O)c2ccccc2)c1,0,O=C(CCNCCc1ccccc1)c1ccccc1,O=C(CCc1ccccc1)c1cccc(OC[C@H](O)CN2CCCCC2)c1,1,O=C(CCc1ccccc1)c1cccc(OCCCN2CCCCC2)c1,0.3764996907854051,0,0.36497353190168264
COc1cccc(C(=O)CCN[C@H](C)[C@@H](O)c2ccccc2)c1,0,O=C(CCNCCc1ccccc1)c1ccccc1,O=C(CCc1ccccc1)c1ccc(OC[C@@H](O)CNCCC(c2ccccc2)c2ccccc2)cc1,1,O=C(CCc1ccccc1)c1ccc(OCCCNCCC(c2ccccc2)c2ccccc2)cc1,0.3639885677993014,0,0.23760158024294498
COc1cccc(C(=O)CCN[C@H](C)[C@@H](O)c2ccccc2)c1,0,O=C(CCNCCc1ccccc1)c1ccccc1,Cc1ccccc1N1CCN(C[C@H](O)COc2cccc(C(=O)CCc3ccccc3)c2)CC1,1,O=C(CCc1ccccc1)c1cccc(OCCCN2CCN(c3ccccc3)CC2)c1,0.3541622760800843,0,0.35474178521210203
CC1(C)S[C@H]2[C@@H](NC(=O)[C@@H](N)c3ccc(O)cc3)C(=O)N2[C@@H]1C(=O)O,0,O=C(Cc1ccccc1)NC1C(=O)N2CCSC12,CO/N=C(/C(=O)N[C@H]1C(=O)N2C(C(=O)O)=C(COC(C)=O)CS[C@@H]12)c1csc(N)n1,1,N=C(C(=O)NC1C(=O)N2C=CCSC12)c1cscn1,0.2310464940178707,0,0.00011326357510607644
CC1(C)S[C@H]2[C@@H](NC(=O)[C@@H](N)c3ccc(O)cc3)C(=O)N2[C@@H]1C(=O)O,0,O=C(Cc1ccccc1)NC1C(=O)N2CCSC12,O=C1C[C@H](c2ccc(O)cc2)Oc2cc(O)cc(O)c21,1,O=C1CC(c2ccccc2)Oc2ccccc21,0.19504643962848298,0,0.00010032034928932179
CC1(C)S[C@H]2[C@@H](NC(=O)[C@@H](N)c3ccc(O)cc3)C(=O)N2[C@@H]1C(=O)O,0,O=C(Cc1ccccc1)NC1C(=O)N2CCSC12,C[C@H](Cc1ccc(O)cc1)NC[C@H](O)c1cc(O)cc(O)c1,1,c1ccc(CCNCCc2ccccc2)cc1,0.18328173374613005,0,0.002376524594413533
CC1(C)S[C@H]2[C@@H](NC(=O)[C@@H](N)c3ccc(O)cc3)C(=O)N2[C@@H]1C(=O)O,0,O=C(Cc1ccccc1)NC1C(=O)N2CCSC12,COC(=O)N1[C@H]2C3[C@H](c4ccccc4)C4(CO)[C@@H]1C1[C@@H](c5ccccc5)C2(CO)[C@@H]3N(C(=O)OC)[C@H]14,1,c1ccc(C2C3C4NC5C2C2NC3C4C(c3ccccc3)C52)cc1,0.18305418719211825,0,0.006287555962738304
CC1(C)S[C@H]2[C@H](NC(=O)[C@H](C(=O)O)c3ccccc3)C(=O)N2[C@@H]1C(=O)O,0,O=C(Cc1ccccc1)NC1C(=O)N2CCSC12,COC(=O)N1[C@H]2C3[C@H](c4ccccc4)C4(CO)[C@@H]1C1[C@@H](c5ccccc5)C2(CO)[C@@H]3N(C(=O)OC)[C@H]14,1,c1ccc(C2C3C4NC5C2C2NC3C4C(c3ccccc3)C52)cc1,0.2195540308747856,0,0.008106376169577854
CC1(C)S[C@H]2[C@H](NC(=O)[C@H](C(=O)O)c3ccccc3)C(=O)N2[C@@H]1C(=O)O,0,O=C(Cc1ccccc1)NC1C(=O)N2CCSC12,CO/N=C(/C(=O)N[C@H]1C(=O)N2C(C(=O)O)=C(COC(C)=O)CS[C@@H]12)c1csc(N)n1,1,N=C(C(=O)NC1C(=O)N2C=CCSC12)c1cscn1,0.21094244149272612,0,0.0007319406704340211
CC1(C)S[C@H]2[C@H](NC(=O)[C@H](C(=O)O)c3ccccc3)C(=O)N2[C@@H]1C(=O)O,0,O=C(Cc1ccccc1)NC1C(=O)N2CCSC12,COC(=O)C1=C(C)NC(C)=C(C(=O)OCCN2CCN(C(c3ccccc3)c3ccccc3)CC2)[C@H]1c1cccc([N+](=O)[O-])c1,1,O=C(OCCN1CCN(C(c2ccccc2)c2ccccc2)CC1)C1=CNC=CC1c1ccccc1,0.20921544209215442,0,0.06965213541888567
CC1(C)S[C@H]2[C@H](NC(=O)[C@H](C(=O)O)c3ccccc3)C(=O)N2[C@@H]1C(=O)O,0,O=C(Cc1ccccc1)NC1C(=O)N2CCSC12,CC(C)(C)OC(=O)N1[C@H]2C3[C@H](c4ccccc4)C4(CO)[C@@H]1C1[C@H](c5ccccc5)C2(CO)[C@@H]3N(C(=O)OC(C)(C)C)[C@H]14,1,c1ccc(C2C3C4NC5C2C2NC3C4C(c3ccccc3)C52)cc1,0.20528301886792455,0,0.02338961104136525
c1ccc2c(c1)CCC[C@@H]2C1=NCCN1,0,c1ccc2c(c1)CCCC2C1=NCCN1,c1ccc(CN(CC2=NCCN2)c2ccccc2)cc1,1,c1ccc(CN(CC2=NCCN2)c2ccccc2)cc1,0.31589189189189193,0,0.10381245993494126
c1ccc2c(c1)CCC[C@@H]2C1=NCCN1,0,c1ccc2c(c1)CCCC2C1=NCCN1,Cc1cc(C(C)(C)C)c(O)c(C)c1CC1=NCCN1,1,c1ccc(CC2=NCCN2)cc1,0.23890234059725587,0,0.0968765134209
c1ccc2c(c1)CCC[C@@H]2C1=NCCN1,0,c1ccc2c(c1)CCCC2C1=NCCN1,O[C@@H](COc1cccc2ncccc12)CN1CCN(C2c3ccccc3CCc3ccccc32)CC1,1,c1ccc2c(c1)CCc1ccccc1C2N1CCN(CCCOc2cccc3ncccc23)CC1,0.20234741784037558,0,0.032481748046261714
c1ccc2c(c1)CCC[C@@H]2C1=NCCN1,0,c1ccc2c(c1)CCCC2C1=NCCN1,CNCCCC12CCC(c3ccccc31)c1ccccc12,1,c1ccc2c(c1)C1CCC2c2ccccc21,0.19047619047619047,0,0.03171415226219157
CC(=O)Oc1c(OCc2ccccc2)cc2oc(-c3ccccc3)cc(=O)c2c1OC(C)=O,1,O=c1cc(-c2ccccc2)oc2cc(OCc3ccccc3)ccc12,CC(=O)Oc1cc2oc(-c3ccccc3)cc(=O)c2c(O)c1OCc1ccccc1,1,O=c1cc(-c2ccccc2)oc2ccc(OCc3ccccc3)cc12,0.7664983164983166,1,0.9940034927299805
CC(=O)Oc1c(OCc2ccccc2)cc2oc(-c3ccccc3)cc(=O)c2c1OC(C)=O,1,O=c1cc(-c2ccccc2)oc2cc(OCc3ccccc3)ccc12,CC(=O)Oc1c(Oc2ccccc2)cc2oc(-c3ccccc3)cc(=O)c2c1OC(C)=O,1,O=c1cc(-c2ccccc2)oc2cc(Oc3ccccc3)ccc12,0.716849816849817,1,0.9998539889502206
CC(=O)Oc1c(OCc2ccccc2)cc2oc(-c3ccccc3)cc(=O)c2c1OC(C)=O,1,O=c1cc(-c2ccccc2)oc2cc(OCc3ccccc3)ccc12,COc1c2c(cc3oc(-c4ccccc4)cc(=O)c13)OCO2,1,O=c1cc(-c2ccccc2)oc2cc3c(cc12)OCO3,0.47967975600457496,1,0.9887992347701063
CC(=O)Oc1c(OCc2ccccc2)cc2oc(-c3ccccc3)cc(=O)c2c1OC(C)=O,1,O=c1cc(-c2ccccc2)oc2cc(OCc3ccccc3)ccc12,COc1c2c(cc3oc(-c4ccccc4)cc(=O)c13)OC(c1ccccc1)(c1ccccc1)O2,1,O=c1cc(-c2ccccc2)oc2cc3c(cc12)OC(c1ccccc1)(c1ccccc1)O3,0.4723837209302326,1,0.9961590990212165
O[C@H](c1cc(C(F)(F)F)nc2c(C(F)(F)F)cccc12)[C@@H]1CCCCN1,1,c1ccc2c(CC3CCCCN3)ccnc2c1,CCCNC[C@@H](O)c1oc2ccccc2c1CC,1,c1ccc2occc2c1,0.20622222222222225,1,0.9148332182773348
O[C@H](c1cc(C(F)(F)F)nc2c(C(F)(F)F)cccc12)[C@@H]1CCCCN1,1,c1ccc2c(CC3CCCCN3)ccnc2c1,CCCNC[C@H](O)c1oc2ccccc2c1CCc1ccccc1,1,c1ccc(CCc2coc3ccccc23)cc1,0.20056022408963586,1,0.9734133869797548
O[C@H](c1cc(C(F)(F)F)nc2c(C(F)(F)F)cccc12)[C@@H]1CCCCN1,1,c1ccc2c(CC3CCCCN3)ccnc2c1,CC(C)NCCc1oc2ccccc2c1CCc1ccccc1,1,c1ccc(CCc2coc3ccccc23)cc1,0.18558904109589042,1,0.9355591536857798
O[C@H](c1cc(C(F)(F)F)nc2c(C(F)(F)F)cccc12)[C@@H]1CCCCN1,1,c1ccc2c(CC3CCCCN3)ccnc2c1,O=c1c2ccccc2c(Cc2ccc(Cl)cc2)nn1[C@H]1CCCNCC1,1,O=c1c2ccccc2c(Cc2ccccc2)nn1C1CCCNCC1,0.18483870967741936,1,0.6310985704937752
CCN(CC)CCOc1ccc2c(c1)C(=O)c1cc(OCCN(CC)CC)ccc1-2,0,O=C1c2ccccc2-c2ccccc21,CC/C(=C(/c1ccccc1)c1ccc(OCCN(C)C)cc1)c1ccccc1,1,C(=C(c1ccccc1)c1ccccc1)c1ccccc1,0.32476780185758514,0,0.1236888146811901
CCN(CC)CCOc1ccc2c(c1)C(=O)c1cc(OCCN(CC)CC)ccc1-2,0,O=C1c2ccccc2-c2ccccc21,CCCC(C(=O)OCCN(CC)CC)(c1ccccc1)c1ccccc1,1,c1ccc(Cc2ccccc2)cc1,0.32277526395173456,0,0.2554517837247854
CCN(CC)CCOc1ccc2c(c1)C(=O)c1cc(OCCN(CC)CC)ccc1-2,0,O=C1c2ccccc2-c2ccccc21,CCN(CC)CCNC(=O)c1cc(S(C)(=O)=O)ccc1OC,1,c1ccccc1,0.2896776825785394,0,0.018635800118153193
CCN(CC)CCOc1ccc2c(c1)C(=O)c1cc(OCCN(CC)CC)ccc1-2,0,O=C1c2ccccc2-c2ccccc21,CCN(CC)C[C@@H](O)COc1ccccc1C(=O)c1ccccc1,1,O=C(c1ccccc1)c1ccccc1,0.2797534376481745,0,0.13694882112722895
O=C(CCc1ccccc1)OCCN1CCN(CCOC(=O)CCc2ccccc2)CC1,0,O=C(CCc1ccccc1)OCCN1CCN(CCOC(=O)CCc2ccccc2)CC1,O=C(CCc1ccccc1)c1ccccc1OCCN1CCCCC1,1,O=C(CCc1ccccc1)c1ccccc1OCCN1CCCCC1,0.513963963963964,0,0.19635844707908093
O=C(CCc1ccccc1)OCCN1CCN(CCOC(=O)CCc2ccccc2)CC1,0,O=C(CCc1ccccc1)OCCN1CCN(CCOC(=O)CCc2ccccc2)CC1,O=C(CCc1ccccc1)c1ccccc1OCCCN1CCCCC1,1,O=C(CCc1ccccc1)c1ccccc1OCCCN1CCCCC1,0.4734736842105263,0,0.23760928843405318
O=C(CCc1ccccc1)OCCN1CCN(CCOC(=O)CCc2ccccc2)CC1,0,O=C(CCc1ccccc1)OCCN1CCN(CCOC(=O)CCc2ccccc2)CC1,O=C(CCc1ccccc1)c1ccccc1OCCCCN1CCOCC1,1,O=C(CCc1ccccc1)c1ccccc1OCCCCN1CCOCC1,0.47037225905150437,0,0.2740469944182752
O=C(CCc1ccccc1)OCCN1CCN(CCOC(=O)CCc2ccccc2)CC1,0,O=C(CCc1ccccc1)OCCN1CCN(CCOC(=O)CCc2ccccc2)CC1,O=C(CCc1ccccc1)c1ccccc1OCCCCN1CCCCC1,1,O=C(CCc1ccccc1)c1ccccc1OCCCCN1CCCCC1,0.46594427244582043,0,0.29660207679881684
CN(C)C(=O)C(CCN1CCC(O)(c2ccc(Cl)cc2)CC1)(c1ccccc1)c1ccccc1,1,c1ccc(C2CCN(CCC(c3ccccc3)c3ccccc3)CC2)cc1,CC(=O)c1ccccc1OC[C@@H](O)CN1CCC(O)(c2ccccc2)CC1,1,c1ccc(OCCCN2CCC(c3ccccc3)CC2)cc1,0.3695652173913043,1,0.989288554526563
CN(C)C(=O)C(CCN1CCC(O)(c2ccc(Cl)cc2)CC1)(c1ccccc1)c1ccccc1,1,c1ccc(C2CCN(CCC(c3ccccc3)c3ccccc3)CC2)cc1,CCC(=O)c1ccccc1OC[C@@H](O)CN1CCC(O)(c2ccccc2)CC1,1,c1ccc(OCCCN2CCC(c3ccccc3)CC2)cc1,0.3597842373389272,1,0.9854640691326676
CN(C)C(=O)C(CCN1CCC(O)(c2ccc(Cl)cc2)CC1)(c1ccccc1)c1ccccc1,1,c1ccc(C2CCN(CCC(c3ccccc3)c3ccccc3)CC2)cc1,CCC(=O)c1ccccc1OC[C@H](O)CN1CCC(O)(c2ccccc2)CC1,1,c1ccc(OCCCN2CCC(c3ccccc3)CC2)cc1,0.3597842373389272,1,0.9854640691326676
CN(C)C(=O)C(CCN1CCC(O)(c2ccc(Cl)cc2)CC1)(c1ccccc1)c1ccccc1,1,c1ccc(C2CCN(CCC(c3ccccc3)c3ccccc3)CC2)cc1,O=C(c1ccccc1)c1ccccc1OC[C@H](O)CN1CCC(O)(c2ccccc2)CC1,1,O=C(c1ccccc1)c1ccccc1OCCCN1CCC(c2ccccc2)CC1,0.34426131255618825,1,0.9917160128471667
O=c1c2ccccc2n(CCCN2CCCCC2)c2ccccc12,1,O=c1c2ccccc2n(CCCN2CCCCC2)c2ccccc12,O=c1c2ccccc2n(CCCCN2CCCCC2)c2ccccc12,1,O=c1c2ccccc2n(CCCCN2CCCCC2)c2ccccc12,0.9443722943722944,1,0.9920519290948965
O=c1c2ccccc2n(CCCN2CCCCC2)c2ccccc12,1,O=c1c2ccccc2n(CCCN2CCCCC2)c2ccccc12,CN1CCN(CCCn2c3ccccc3c(=O)c3ccccc32)CC1,1,O=c1c2ccccc2n(CCCN2CCNCC2)c2ccccc12,0.7731473408892764,1,0.9879540504135695
O=c1c2ccccc2n(CCCN2CCCCC2)c2ccccc12,1,O=c1c2ccccc2n(CCCN2CCCCC2)c2ccccc12,O=c1c2ccccc2n(CCCN2CCOCC2)c2ccccc12,1,O=c1c2ccccc2n(CCCN2CCOCC2)c2ccccc12,0.7519736842105262,1,0.9916573665387899
O=c1c2ccccc2n(CCCN2CCCCC2)c2ccccc12,1,O=c1c2ccccc2n(CCCN2CCCCC2)c2ccccc12,O=c1c2ccccc2n(CCCN2CCN(CCO)CC2)c2ccccc12,1,O=c1c2ccccc2n(CCCN2CCNCC2)c2ccccc12,0.7424148606811145,1,0.9839756353815344
COc1cccc2c(=O)c3ccccc3n(CCCN3CCCCC3)c12,1,O=c1c2ccccc2n(CCCN2CCCCC2)c2ccccc12,COc1cccc2c(=O)c3ccccc3n(CCCCN3CCCCC3)c12,1,O=c1c2ccccc2n(CCCCN2CCCCC2)c2ccccc12,0.9587301587301588,1,0.996170026722932
COc1cccc2c(=O)c3ccccc3n(CCCN3CCCCC3)c12,1,O=c1c2ccccc2n(CCCN2CCCCC2)c2ccccc12,COc1cccc2c(=O)c3ccccc3n(CCCN3CCN(C)CC3)c12,1,O=c1c2ccccc2n(CCCN2CCNCC2)c2ccccc12,0.8403508771929825,1,0.993481299476917
COc1cccc2c(=O)c3ccccc3n(CCCN3CCCCC3)c12,1,O=c1c2ccccc2n(CCCN2CCCCC2)c2ccccc12,COc1cccc2c(=O)c3ccccc3n(CCCCN3CCN(C)CC3)c12,1,O=c1c2ccccc2n(CCCCN2CCNCC2)c2ccccc12,0.8104189044038669,1,0.996293177551537
COc1cccc2c(=O)c3ccccc3n(CCCN3CCCCC3)c12,1,O=c1c2ccccc2n(CCCN2CCCCC2)c2ccccc12,COc1cccc2c(=O)c3ccccc3n(CCCN3CCOCC3)c12,1,O=c1c2ccccc2n(CCCN2CCOCC2)c2ccccc12,0.8092307692307694,1,0.9978838576744363
C[C@H](N[C@@H](C)COc1ccccc1)[C@@H](O)c1ccc(O)cc1,0,c1ccc(CCNCCOc2ccccc2)cc1,C[C@H](Cc1ccc(O)cc1)NC[C@H](O)c1cc(O)cc(O)c1,1,c1ccc(CCNCCc2ccccc2)cc1,0.3465384615384616,0,0.06917639746256941
C[C@H](N[C@@H](C)COc1ccccc1)[C@@H](O)c1ccc(O)cc1,0,c1ccc(CCNCCOc2ccccc2)cc1,CC(=O)c1ccc(OC[C@@H](O)CNCCC(c2ccccc2)c2ccccc2)cc1,1,c1ccc(OCCCNCCC(c2ccccc2)c2ccccc2)cc1,0.3376271186440678,0,0.10900747066758668
C[C@H](N[C@@H](C)COc1ccccc1)[C@@H](O)c1ccc(O)cc1,0,c1ccc(CCNCCOc2ccccc2)cc1,CC(C)N(C[C@@H](O)COc1ccc(C(=O)CCc2ccccc2)cc1)C(C)C,1,O=C(CCc1ccccc1)c1ccccc1,0.30273224043715846,0,0.17687939668693944
C[C@H](N[C@@H](C)COc1ccccc1)[C@@H](O)c1ccc(O)cc1,0,c1ccc(CCNCCOc2ccccc2)cc1,CCCNC[C@H](O)COc1ccc(O)cc1C(=O)CCc1ccccc1,1,O=C(CCc1ccccc1)c1ccccc1,0.299264705882353,0,0.2052710784529222
CC(C)c1c(C(=O)Nc2ccccc2)c(-c2ccccc2)c(-c2ccc(F)cc2)n1CC[C@H]1C[C@@H](O)CC(=O)O1,1,O=C1CCCC(CCn2cc(C(=O)Nc3ccccc3)c(-c3ccccc3)c2-c2ccccc2)O1,CCCCCCC[C@@H]1CC(=O)O[C@@H](C(C)C)C(=O)N(C)[C@@H](Cc2ccccc2)[C@H](O)CC(=O)O1,1,O=C1COC(=O)CCOC(=O)CCC(Cc2ccccc2)N1,0.29857898215465967,1,0.9998079278647108
CC(C)c1c(C(=O)Nc2ccccc2)c(-c2ccccc2)c(-c2ccc(F)cc2)n1CC[C@H]1C[C@@H](O)CC(=O)O1,1,O=C1CCCC(CCn2cc(C(=O)Nc3ccccc3)c(-c3ccccc3)c2-c2ccccc2)O1,CC[C@@H](C)C(=O)O[C@@H]1C[C@H](C)C=C2C=C[C@H](C)[C@H](CC[C@H]3C[C@H](O)CC(=O)O3)[C@H]21,1,O=C1CCCC(CCC2CC=CC3=CCCCC32)O1,0.28272841051314146,1,0.9997076573408342
CC(C)c1c(C(=O)Nc2ccccc2)c(-c2ccccc2)c(-c2ccc(F)cc2)n1CC[C@H]1C[C@@H](O)CC(=O)O1,1,O=C1CCCC(CCn2cc(C(=O)Nc3ccccc3)c(-c3ccccc3)c2-c2ccccc2)O1,CC(C)[C@@H]1OC(=O)[C@@H](C)[C@@H](C)OC(=O)C[C@@H](O)[C@H](Cc2ccccc2)N(C)C1=O,1,O=C1COC(=O)CCOC(=O)CCC(Cc2ccccc2)N1,0.2694616803622338,1,0.9998799340274279
CC(C)c1c(C(=O)Nc2ccccc2)c(-c2ccccc2)c(-c2ccc(F)cc2)n1CC[C@H]1C[C@@H](O)CC(=O)O1,1,O=C1CCCC(CCn2cc(C(=O)Nc3ccccc3)c(-c3ccccc3)c2-c2ccccc2)O1,CCCCCCC[C@H]1OC(=O)C[C@H](O)[C@H](Cc2ccccc2)N(C)C(=O)[C@H](C(C)C)OC(=O)[C@H]1C,1,O=C1COC(=O)CCOC(=O)CCC(Cc2ccccc2)N1,0.2619548872180451,1,0.9995122557809142
C[C@H](C(=O)O)c1cccc(Oc2ccccc2)c1,0,c1ccc(Oc2ccccc2)cc1,CC(C)NC[C@@H](O)COc1ccc(Oc2ccccc2)cc1C(=O)CCc1ccccc1,1,O=C(CCc1ccccc1)c1cccc(Oc2ccccc2)c1,0.3262411347517731,0,0.0002774204049884477
C[C@H](C(=O)O)c1cccc(Oc2ccccc2)c1,0,c1ccc(Oc2ccccc2)cc1,O=C(CCc1ccccc1)c1cc(Oc2ccccc2)ccc1OC[C@@H](O)CN1CCCCC1,1,O=C(CCc1ccccc1)c1cc(Oc2ccccc2)ccc1OCCCN1CCCCC1,0.2791666666666667,0,0.00015027888059513024
C[C@H](C(=O)O)c1cccc(Oc2ccccc2)c1,0,c1ccc(Oc2ccccc2)cc1,CC(=O)Oc1c(Oc2ccccc2)cc2oc(-c3ccccc3)cc(=O)c2c1OC(C)=O,1,O=c1cc(-c2ccccc2)oc2cc(Oc3ccccc3)ccc12,0.2753799392097264,0,0.009770763875090313
C[C@H](C(=O)O)c1cccc(Oc2ccccc2)c1,0,c1ccc(Oc2ccccc2)cc1,COc1cc2c(cc1OC)CN(CCNC(=O)c1ccccc1NC(=O)c1ccc(Oc3ccccc3)cc1)CC2,1,O=C(Nc1ccccc1C(=O)NCCN1CCc2ccccc2C1)c1ccc(Oc2ccccc2)cc1,0.25956043956043956,0,0.005282979653005153
N[C@H](Cc1cc(I)c(Oc2ccc(O)c(I)c2)c(I)c1)C(=O)O,0,c1ccc(Oc2ccccc2)cc1,CC(C)NC[C@@H](O)COc1ccc(Oc2ccccc2)cc1C(=O)CCc1ccccc1,1,O=C(CCc1ccccc1)c1cccc(Oc2ccccc2)c1,0.21963963963963964,0,0.007767413537732863
N[C@H](Cc1cc(I)c(Oc2ccc(O)c(I)c2)c(I)c1)C(=O)O,0,c1ccc(Oc2ccccc2)cc1,O=c1cc(-c2ccccc2)oc2cc(O)c(Oc3ccccc3)c(O)c12,1,O=c1cc(-c2ccccc2)oc2ccc(Oc3ccccc3)cc12,0.2135964912280702,0,0.0060835182835207524
N[C@H](Cc1cc(I)c(Oc2ccc(O)c(I)c2)c(I)c1)C(=O)O,0,c1ccc(Oc2ccccc2)cc1,O=C(CCc1ccccc1)c1cc(Oc2ccccc2)ccc1OC[C@@H](O)CN1CCCCC1,1,O=C(CCc1ccccc1)c1cc(Oc2ccccc2)ccc1OCCCN1CCCCC1,0.21104400345125107,0,0.00850564393556786
N[C@H](Cc1cc(I)c(Oc2ccc(O)c(I)c2)c(I)c1)C(=O)O,0,c1ccc(Oc2ccccc2)cc1,NC(=O)OC[C@@H](O)COc1ccc(Cl)cc1,1,c1ccccc1,0.20951724137931035,0,0.003588454901550406
O=C(CCc1ccccc1)c1ccc(OC[C@@H](O)CN2CCCCC2)cc1,1,O=C(CCc1ccccc1)c1ccc(OCCCN2CCCCC2)cc1,O=C(CCc1ccccc1)c1ccc(OC[C@H](O)CN2CCCCC2)cc1,1,O=C(CCc1ccccc1)c1ccc(OCCCN2CCCCC2)cc1,1.0,1,0.9925887198971278
O=C(CCc1ccccc1)c1ccc(OC[C@@H](O)CN2CCCCC2)cc1,1,O=C(CCc1ccccc1)c1ccc(OCCCN2CCCCC2)cc1,O=C(CCc1ccccc1)c1cccc(OC[C@H](O)CN2CCCCC2)c1,1,O=C(CCc1ccccc1)c1cccc(OCCCN2CCCCC2)c1,0.825054945054945,1,0.9899870735183637
O=C(CCc1ccccc1)c1ccc(OC[C@@H](O)CN2CCCCC2)cc1,1,O=C(CCc1ccccc1)c1ccc(OCCCN2CCCCC2)cc1,O=C(CCc1ccccc1)c1ccccc1OC[C@H](O)CN1CCCCC1,1,O=C(CCc1ccccc1)c1ccccc1OCCCN1CCCCC1,0.7362683438155136,1,0.9904316606809306
O=C(CCc1ccccc1)c1ccc(OC[C@@H](O)CN2CCCCC2)cc1,1,O=C(CCc1ccccc1)c1ccc(OCCCN2CCCCC2)cc1,O=C(CCc1ccccc1)c1ccccc1OC[C@H](O)CN1CCCC1,1,O=C(CCc1ccccc1)c1ccccc1OCCCN1CCCC1,0.7156184486373166,1,0.9757874530359736
O=C(CCc1ccccc1)c1ccc(OC[C@H](O)CN2CCCCC2)cc1,1,O=C(CCc1ccccc1)c1ccc(OCCCN2CCCCC2)cc1,O=C(CCc1ccccc1)c1ccc(OC[C@@H](O)CN2CCCCC2)cc1,1,O=C(CCc1ccccc1)c1ccc(OCCCN2CCCCC2)cc1,1.0,1,0.9925887198971278
O=C(CCc1ccccc1)c1ccc(OC[C@H](O)CN2CCCCC2)cc1,1,O=C(CCc1ccccc1)c1ccc(OCCCN2CCCCC2)cc1,O=C(CCc1ccccc1)c1cccc(OC[C@H](O)CN2CCCCC2)c1,1,O=C(CCc1ccccc1)c1cccc(OCCCN2CCCCC2)c1,0.825054945054945,1,0.9899870735183637
O=C(CCc1ccccc1)c1ccc(OC[C@H](O)CN2CCCCC2)cc1,1,O=C(CCc1ccccc1)c1ccc(OCCCN2CCCCC2)cc1,O=C(CCc1ccccc1)c1ccccc1OC[C@H](O)CN1CCCCC1,1,O=C(CCc1ccccc1)c1ccccc1OCCCN1CCCCC1,0.7362683438155136,1,0.9904316606809306
O=C(CCc1ccccc1)c1ccc(OC[C@H](O)CN2CCCCC2)cc1,1,O=C(CCc1ccccc1)c1ccc(OCCCN2CCCCC2)cc1,O=C(CCc1ccccc1)c1ccccc1OC[C@H](O)CN1CCCC1,1,O=C(CCc1ccccc1)c1ccccc1OCCCN1CCCC1,0.7156184486373166,1,0.9757874530359736
CNCCCC12CCC(c3ccccc31)c1ccccc12,1,c1ccc2c(c1)C1CCC2c2ccccc21,C[C@@H](NCCC(c1ccccc1)c1ccccc1)c1ccccc1,1,c1ccc(CNCCC(c2ccccc2)c2ccccc2)cc1,0.2365939479239972,0,0.4519649413240471
CNCCCC12CCC(c3ccccc31)c1ccccc12,1,c1ccc2c(c1)C1CCC2c2ccccc21,CNCC[C@@H](Oc1ccc(C(F)(F)F)cc1)c1ccccc1,1,c1ccc(COc2ccccc2)cc1,0.23578751164958062,1,0.8067302150781827
CNCCCC12CCC(c3ccccc31)c1ccccc12,1,c1ccc2c(c1)C1CCC2c2ccccc21,CCCNC[C@@H](O)c1oc2ccccc2c1CC,1,c1ccc2occc2c1,0.176602086438152,1,0.769270146673649
CNCCCC12CCC(c3ccccc31)c1ccccc12,1,c1ccc2c(c1)C1CCC2c2ccccc21,CO[C@@H](CCc1ccccc1)c1ccccc1OC[C@H](O)CNCCCC(c1ccccc1)c1ccccc1,1,c1ccc(CCCc2ccccc2OCCCNCCCC(c2ccccc2)c2ccccc2)cc1,0.17341882832993297,1,0.7239993341512116
N#Cc1c2n(c3c(N4CCN(CC(=O)c5ccccc5)CC4)ncnc13)CCCC2,1,O=C(CN1CCN(c2ncnc3cc4n(c23)CCCC4)CC1)c1ccccc1,N#Cc1c2n(c3c(N4CCN(CCc5ccccc5)CC4)ncnc13)CCCC2,1,c1ccc(CCN2CCN(c3ncnc4cc5n(c34)CCCC5)CC2)cc1,0.7282953761214631,1,0.996495330906922
N#Cc1c2n(c3c(N4CCN(CC(=O)c5ccccc5)CC4)ncnc13)CCCC2,1,O=C(CN1CCN(c2ncnc3cc4n(c23)CCCC4)CC1)c1ccccc1,N#Cc1c2n(c3c(N4CCN(CCCc5ccccc5)CC4)ncnc13)CCCC2,1,c1ccc(CCCN2CCN(c3ncnc4cc5n(c34)CCCC5)CC2)cc1,0.7074959083469723,1,0.9965916711258763
N#Cc1c2n(c3c(N4CCN(CC(=O)c5ccccc5)CC4)ncnc13)CCCC2,1,O=C(CN1CCN(c2ncnc3cc4n(c23)CCCC4)CC1)c1ccccc1,N#Cc1c2n(c3c(N4CCN(CCc5ccccc5Cl)CC4)ncnc13)CCCC2,1,c1ccc(CCN2CCN(c3ncnc4cc5n(c34)CCCC5)CC2)cc1,0.6588235294117647,1,0.9909831939705216
N#Cc1c2n(c3c(N4CCN(CC(=O)c5ccccc5)CC4)ncnc13)CCCC2,1,O=C(CN1CCN(c2ncnc3cc4n(c23)CCCC4)CC1)c1ccccc1,N#Cc1c2n(c3c(N4CCN(CCc5ccc(Cl)cc5)CC4)ncnc13)CCCC2,1,c1ccc(CCN2CCN(c3ncnc4cc5n(c34)CCCC5)CC2)cc1,0.6385718466491074,1,0.9910992160699151
O=C(Cc1cccc2ccccc12)c1ccccc1OC[C@@H](O)CN1CCC(O)(c2ccccc2)CC1,1,O=C(Cc1cccc2ccccc12)c1ccccc1OCCCN1CCC(c2ccccc2)CC1,CCC(=O)c1ccccc1OC[C@@H](O)CN1CCC(O)(c2ccccc2)CC1,1,c1ccc(OCCCN2CCC(c3ccccc3)CC2)cc1,0.7115534738485558,1,0.9998507645279415
O=C(Cc1cccc2ccccc12)c1ccccc1OC[C@@H](O)CN1CCC(O)(c2ccccc2)CC1,1,O=C(Cc1cccc2ccccc12)c1ccccc1OCCCN1CCC(c2ccccc2)CC1,CCC(=O)c1ccccc1OC[C@H](O)CN1CCC(O)(c2ccccc2)CC1,1,c1ccc(OCCCN2CCC(c3ccccc3)CC2)cc1,0.7115534738485558,1,0.9998507645279415
O=C(Cc1cccc2ccccc12)c1ccccc1OC[C@@H](O)CN1CCC(O)(c2ccccc2)CC1,1,O=C(Cc1cccc2ccccc12)c1ccccc1OCCCN1CCC(c2ccccc2)CC1,CC(=O)c1ccccc1OC[C@@H](O)CN1CCC(O)(c2ccccc2)CC1,1,c1ccc(OCCCN2CCC(c3ccccc3)CC2)cc1,0.6889244302279088,1,0.999739842830996
O=C(Cc1cccc2ccccc12)c1ccccc1OC[C@@H](O)CN1CCC(O)(c2ccccc2)CC1,1,O=C(Cc1cccc2ccccc12)c1ccccc1OCCCN1CCC(c2ccccc2)CC1,O=C(CCc1ccccc1)c1ccccc1OC[C@@H](O)CN1CCC(O)(c2ccccc2)CC1,1,O=C(CCc1ccccc1)c1ccccc1OCCCN1CCC(c2ccccc2)CC1,0.6863372093023256,1,0.9998021040426851
CCC[C@@H]1C[C@H](C(=O)N[C@H]([C@@H]2O[C@@H](SC)[C@H](O)[C@@H](O)[C@@H]2O)[C@@H](C)Cl)N(C)C1,1,O=C(NCC1CCCCO1)C1CCCN1,Cc1c(O)cccc1C(=O)N[C@@H](CSc1ccccc1)[C@H](O)CN1C[C@H]2CCCC[C@H]2C[C@H]1C(=O)NC(C)(C)C,1,O=C(NC(CCN1CCC2CCCCC2C1)CSc1ccccc1)c1ccccc1,0.19253750815394655,1,0.8050934283470038
CCC[C@@H]1C[C@H](C(=O)N[C@H]([C@@H]2O[C@@H](SC)[C@H](O)[C@@H](O)[C@@H]2O)[C@@H](C)Cl)N(C)C1,1,O=C(NCC1CCCCO1)C1CCCN1,CCCCCCC[C@@H]1CC(=O)O[C@@H](C(C)C)C(=O)N(C)[C@@H](Cc2ccccc2)[C@H](O)CC(=O)O1,1,O=C1COC(=O)CCOC(=O)CCC(Cc2ccccc2)N1,0.1785858585858586,1,0.7724297989619316
CCC[C@@H]1C[C@H](C(=O)N[C@H]([C@@H]2O[C@@H](SC)[C@H](O)[C@@H](O)[C@@H]2O)[C@@H](C)Cl)N(C)C1,1,O=C(NCC1CCCCO1)C1CCCN1,CC(C)(C)NC(=O)[C@H]1C[C@@H]2CCCC[C@H]2CN1C[C@@H](O)[C@H](Cc1ccccc1)NC(=O)[C@@H](CC(N)=O)NC(=O)c1ccc2ccccc2n1,1,O=C(CNC(=O)c1ccc2ccccc2n1)NC(CCN1CCC2CCCCC2C1)Cc1ccccc1,0.1760883690708252,1,0.5300905747040958
CCC[C@@H]1C[C@H](C(=O)N[C@H]([C@@H]2O[C@@H](SC)[C@H](O)[C@@H](O)[C@@H]2O)[C@@H](C)Cl)N(C)C1,1,O=C(NCC1CCCCO1)C1CCCN1,CCCCCCC[C@H]1OC(=O)C[C@H](O)[C@H](Cc2ccccc2)N(C)C(=O)[C@H](C(C)C)OC(=O)[C@H]1C,1,O=C1COC(=O)CCOC(=O)CCC(Cc2ccccc2)N1,0.17199110828834552,1,0.7181223494668945
O=C(CCc1ccccc1)c1cc(OCc2ccccc2)ccc1OC[C@H](O)CN1CCN(Cc2ccccc2)CC1,1,O=C(CCc1ccccc1)c1cc(OCc2ccccc2)ccc1OCCCN1CCN(Cc2ccccc2)CC1,O=C(CCc1ccccc1)c1cc(O)ccc1OC[C@H](O)CN1CCN(Cc2ccccc2)CC1,1,O=C(CCc1ccccc1)c1ccccc1OCCCN1CCN(Cc2ccccc2)CC1,0.8047976011994002,1,0.9999880362151132
O=C(CCc1ccccc1)c1cc(OCc2ccccc2)ccc1OC[C@H](O)CN1CCN(Cc2ccccc2)CC1,1,O=C(CCc1ccccc1)c1cc(OCc2ccccc2)ccc1OCCCN1CCN(Cc2ccccc2)CC1,O=C(CCc1ccccc1)c1ccccc1OC[C@H](O)CN1CCN(Cc2ccccc2)CC1,1,O=C(CCc1ccccc1)c1ccccc1OCCCN1CCN(Cc2ccccc2)CC1,0.7749373433583961,1,0.9999957377541948
O=C(CCc1ccccc1)c1cc(OCc2ccccc2)ccc1OC[C@H](O)CN1CCN(Cc2ccccc2)CC1,1,O=C(CCc1ccccc1)c1cc(OCc2ccccc2)ccc1OCCCN1CCN(Cc2ccccc2)CC1,O=C(CCc1ccccc1)c1ccccc1OC[C@@H](O)CN1CCN(Cc2ccccc2)CC1,1,O=C(CCc1ccccc1)c1ccccc1OCCCN1CCN(Cc2ccccc2)CC1,0.7749373433583961,1,0.9999957377541948
O=C(CCc1ccccc1)c1cc(OCc2ccccc2)ccc1OC[C@H](O)CN1CCN(Cc2ccccc2)CC1,1,O=C(CCc1ccccc1)c1cc(OCc2ccccc2)ccc1OCCCN1CCN(Cc2ccccc2)CC1,O=C(CCc1ccccc1)c1cc(Oc2ccccc2)ccc1OC[C@@H](O)CN1CCCCC1,1,O=C(CCc1ccccc1)c1cc(Oc2ccccc2)ccc1OCCCN1CCCCC1,0.692063492063492,1,0.9999961171043423
C[C@H]1C[C@@H](C)C(=O)[C@@H]([C@H](O)CC2CC(=O)NC(=O)C2)C1,0,O=C1CC(CCC2CCCCC2=O)CC(=O)N1,CC(C)[C@@H]1OC(=O)[C@@H](C)COC(=O)C[C@@H](O)[C@H](Cc2ccccc2)N(C)C1=O,1,O=C1COC(=O)CCOC(=O)CCC(Cc2ccccc2)N1,0.17556306306306307,0,0.010163349374003136
C[C@H]1C[C@@H](C)C(=O)[C@@H]([C@H](O)CC2CC(=O)NC(=O)C2)C1,0,O=C1CC(CCC2CCCCC2=O)CC(=O)N1,COC1=C2C[C@H](C)C[C@H](OC)[C@@H](O)[C@H](C)C=C(C)[C@@H](OC(N)=O)[C@H](OC)C=CC=C(C)C(=O)NC(=CC1=O)C2=O,1,O=C1C=C2CCCCCCC=CCCC=CC=CC(=O)NC(=C1)C2=O,0.17272030651340997,0,0.013718894291823859
C[C@H]1C[C@@H](C)C(=O)[C@@H]([C@H](O)CC2CC(=O)NC(=O)C2)C1,0,O=C1CC(CCC2CCCCC2=O)CC(=O)N1,CC(C)C[C@H]1C(=O)N2CCCC2[C@]2(O)O[C@@](NC(=O)[C@H]3C=C4c5cccc6[nH]cc(c56)C[C@H]4N(C)C3)(C(C)C)C(=O)N12,1,O=C(NC1OC2C3CCCN3C(=O)CN2C1=O)C1C=C2c3cccc4[nH]cc(c34)CC2NC1,0.167128987517337,0,0.011953472565346906
C[C@H]1C[C@@H](C)C(=O)[C@@H]([C@H](O)CC2CC(=O)NC(=O)C2)C1,0,O=C1CC(CCC2CCCCC2=O)CC(=O)N1,CC(C)[C@@H]1OC(=O)[C@@H](C)[C@@H](C)OC(=O)C[C@@H](O)[C@H](Cc2ccccc2)N(C)C1=O,1,O=C1COC(=O)CCOC(=O)CCC(Cc2ccccc2)N1,0.16674500587544067,0,0.010335404535700341
COc1cc2c(cc1OC)CN(CCc1ccc(NC(=O)c3ccccc3NC(=O)c3cccnc3)cc1)CC2,1,O=C(Nc1ccccc1C(=O)Nc1ccc(CCN2CCc3ccccc3C2)cc1)c1cccnc1,COc1cc2c(cc1OC)CN(CCc1ccc(NC(=O)c3cccnc3)cc1)CC2,1,O=C(Nc1ccc(CCN2CCc3ccccc3C2)cc1)c1cccnc1,0.8752772808586763,1,0.9985950557019535
COc1cc2c(cc1OC)CN(CCc1ccc(NC(=O)c3ccccc3NC(=O)c3cccnc3)cc1)CC2,1,O=C(Nc1ccccc1C(=O)Nc1ccc(CCN2CCc3ccccc3C2)cc1)c1cccnc1,COc1cc2c(cc1OC)CN(CCc1ccc(NC(=O)c3ccccc3NC(=O)c3ccccc3)cc1)CC2,1,O=C(Nc1ccccc1C(=O)Nc1ccc(CCN2CCc3ccccc3C2)cc1)c1ccccc1,0.8277476255088195,1,0.9987952189554846
COc1cc2c(cc1OC)CN(CCc1ccc(NC(=O)c3ccccc3NC(=O)c3cccnc3)cc1)CC2,1,O=C(Nc1ccccc1C(=O)Nc1ccc(CCN2CCc3ccccc3C2)cc1)c1cccnc1,COc1cc2c(cc1OC)CN(CCc1ccc(NC(=O)c3ccccc3NC(=O)c3ccccn3)cc1)CC2,1,O=C(Nc1ccccc1C(=O)Nc1ccc(CCN2CCc3ccccc3C2)cc1)c1ccccn1,0.7777777777777779,1,0.9992269756823089
COc1cc2c(cc1OC)CN(CCc1ccc(NC(=O)c3ccccc3NC(=O)c3cccnc3)cc1)CC2,1,O=C(Nc1ccccc1C(=O)Nc1ccc(CCN2CCc3ccccc3C2)cc1)c1cccnc1,COc1cccc(C(=O)Nc2ccccc2C(=O)Nc2ccc(CCN3CCc4cc(OC)c(OC)cc4C3)cc2)c1,1,O=C(Nc1ccccc1C(=O)Nc1ccc(CCN2CCc3ccccc3C2)cc1)c1ccccc1,0.7777777777777778,1,0.9958429018051309
COC(=O)[C@@H]1[C@H]2C[C@@H]3c4[nH]c5cc(OC)ccc5c4CCN3C[C@@H]2C[C@@H](OC(=O)/C=C/c2cc(OC)c(OC)c(OC)c2)[C@H]1OC,1,O=C(C=Cc1ccccc1)OC1CCC2CC3c4[nH]c5ccccc5c4CCN3CC2C1,COC(=O)[C@H]1[C@@H]2C[C@@H]3c4[nH]c5cc(OC)ccc5c4CCN3C[C@@H]2C[C@H](OC(=O)c2cc(OC)c(OC)c(OC)c2)[C@@H]1OC,1,O=C(OC1CCC2CC3c4[nH]c5ccccc5c4CCN3CC2C1)c1ccccc1,0.8111155537784888,1,0.9926929418666538
COC(=O)[C@@H]1[C@H]2C[C@@H]3c4[nH]c5cc(OC)ccc5c4CCN3C[C@@H]2C[C@@H](OC(=O)/C=C/c2cc(OC)c(OC)c(OC)c2)[C@H]1OC,1,O=C(C=Cc1ccccc1)OC1CCC2CC3c4[nH]c5ccccc5c4CCN3CC2C1,COC(=O)/C=C/c1ccc(-c2nc(-c3ccc(N4CCCC4)cc3)c(-c3ccc(N4CCCC4)cc3)[nH]2)cc1,1,c1ccc(-c2nc(-c3ccc(N4CCCC4)cc3)c(-c3ccc(N4CCCC4)cc3)[nH]2)cc1,0.2545454545454546,1,0.9979184318381352
COC(=O)[C@@H]1[C@H]2C[C@@H]3c4[nH]c5cc(OC)ccc5c4CCN3C[C@@H]2C[C@@H](OC(=O)/C=C/c2cc(OC)c(OC)c(OC)c2)[C@H]1OC,1,O=C(C=Cc1ccccc1)OC1CCC2CC3c4[nH]c5ccccc5c4CCN3CC2C1,COc1cc2c(cc1O)[C@@H]1Cc3ccc(OC)c(O)c3CN1CC2,1,c1ccc2c(c1)CC1c3ccccc3CCN1C2,0.24444444444444446,1,0.859200549899532
COC(=O)[C@@H]1[C@H]2C[C@@H]3c4[nH]c5cc(OC)ccc5c4CCN3C[C@@H]2C[C@@H](OC(=O)/C=C/c2cc(OC)c(OC)c(OC)c2)[C@H]1OC,1,O=C(C=Cc1ccccc1)OC1CCC2CC3c4[nH]c5ccccc5c4CCN3CC2C1,COC(=O)/C=C/c1ccc(-c2nc(-c3ccc(N(C)C)cc3)c(-c3ccc(N(C)C)cc3)[nH]2)cc1,1,c1ccc(-c2nc(-c3ccccc3)c(-c3ccccc3)[nH]2)cc1,0.23183183183183184,1,0.9996459899248253
N#Cc1c2n(c3c(N4CCN(CCCc5ccccc5)CC4)ncnc13)CCCC2,1,c1ccc(CCCN2CCN(c3ncnc4cc5n(c34)CCCC5)CC2)cc1,N#Cc1c2n(c3c(N4CCN(CCc5ccccc5)CC4)ncnc13)CCCC2,1,c1ccc(CCN2CCN(c3ncnc4cc5n(c34)CCCC5)CC2)cc1,0.8920634920634922,1,0.9979027843843468
N#Cc1c2n(c3c(N4CCN(CCCc5ccccc5)CC4)ncnc13)CCCC2,1,c1ccc(CCCN2CCN(c3ncnc4cc5n(c34)CCCC5)CC2)cc1,N#Cc1c2n(c3c(N4CCN(CCc5ccc(Cl)cc5)CC4)ncnc13)CCCC2,1,c1ccc(CCN2CCN(c3ncnc4cc5n(c34)CCCC5)CC2)cc1,0.7592786885245902,1,0.996580115264597
N#Cc1c2n(c3c(N4CCN(CCCc5ccccc5)CC4)ncnc13)CCCC2,1,c1ccc(CCCN2CCN(c3ncnc4cc5n(c34)CCCC5)CC2)cc1,N#Cc1c2n(c3c(N4CCN(CCc5cccc(Cl)c5)CC4)ncnc13)CCCC2,1,c1ccc(CCN2CCN(c3ncnc4cc5n(c34)CCCC5)CC2)cc1,0.7353242835595777,1,0.9965276752329951
N#Cc1c2n(c3c(N4CCN(CCCc5ccccc5)CC4)ncnc13)CCCC2,1,c1ccc(CCCN2CCN(c3ncnc4cc5n(c34)CCCC5)CC2)cc1,N#Cc1c2n(c3c(N4CCN(CCc5ccccc5Cl)CC4)ncnc13)CCCC2,1,c1ccc(CCN2CCN(c3ncnc4cc5n(c34)CCCC5)CC2)cc1,0.7279411764705883,1,0.9964758457089592
CC(C)[C@H](Nc1ccc(C(F)(F)F)cc1Cl)C(=O)O[C@@H](C#N)c1cccc(Oc2ccccc2)c1,0,O=C(CNc1ccccc1)OCc1cccc(Oc2ccccc2)c1,CNCC[C@@H](Oc1ccc(C(F)(F)F)cc1)c1ccccc1,1,c1ccc(COc2ccccc2)cc1,0.2762962962962963,0,0.1387875212851593
CC(C)[C@H](Nc1ccc(C(F)(F)F)cc1Cl)C(=O)O[C@@H](C#N)c1cccc(Oc2ccccc2)c1,0,O=C(CNc1ccccc1)OCc1cccc(Oc2ccccc2)c1,CC(C)NC[C@@H](O)COc1ccc(Oc2ccccc2)cc1C(=O)CCc1ccccc1,1,O=C(CCc1ccccc1)c1cccc(Oc2ccccc2)c1,0.23799481417458948,0,0.20132036301175815
CC(C)[C@H](Nc1ccc(C(F)(F)F)cc1Cl)C(=O)O[C@@H](C#N)c1cccc(Oc2ccccc2)c1,0,O=C(CNc1ccccc1)OCc1cccc(Oc2ccccc2)c1,O=C(CCc1ccccc1)c1ccccc1OC[C@@H](O)CNc1ccc(C(F)(F)F)cc1,1,O=C(CCc1ccccc1)c1ccccc1OCCCNc1ccccc1,0.2251388888888889,0,0.317031460075729
CC(C)[C@H](Nc1ccc(C(F)(F)F)cc1Cl)C(=O)O[C@@H](C#N)c1cccc(Oc2ccccc2)c1,0,O=C(CNc1ccccc1)OCc1cccc(Oc2ccccc2)c1,COc1cccc(CCc2ccccc2OCCCN2CCN(c3cccc(C(F)(F)F)c3)CC2)c1,1,c1ccc(CCc2ccccc2OCCCN2CCN(c3ccccc3)CC2)cc1,0.20215557638238052,0,0.29566315313882946
C=C1c2cccc(OC[C@@H](O)CN3CCCCC3)c2C(=O)[C@H]1c1ccccc1,1,C=C1c2cccc(OCCCN3CCCCC3)c2C(=O)C1c1ccccc1,C=C1c2c(OC[C@@H](O)CN3CCCCC3)cccc2C(=O)[C@@H]1c1ccccc1,1,C=C1c2c(OCCCN3CCCCC3)cccc2C(=O)C1c1ccccc1,0.8631235431235431,1,0.9952143007389423
C=C1c2cccc(OC[C@@H](O)CN3CCCCC3)c2C(=O)[C@H]1c1ccccc1,1,C=C1c2cccc(OCCCN3CCCCC3)c2C(=O)C1c1ccccc1,C=C1CC(=O)c2c(OC[C@@H](O)CN3CCCCC3)cccc21,1,C=C1CC(=O)c2c(OCCCN3CCCCC3)cccc21,0.6616949152542373,1,0.9919249389808402
C=C1c2cccc(OC[C@@H](O)CN3CCCCC3)c2C(=O)[C@H]1c1ccccc1,1,C=C1c2cccc(OCCCN3CCCCC3)c2C(=O)C1c1ccccc1,C=C1CC(=O)c2cccc(OC[C@H](O)CN3CCCCC3)c21,1,C=C1CC(=O)c2cccc(OCCCN3CCCCC3)c21,0.6445520581113802,1,0.9888674855591788
C=C1c2cccc(OC[C@@H](O)CN3CCCCC3)c2C(=O)[C@H]1c1ccccc1,1,C=C1c2cccc(OCCCN3CCCCC3)c2C(=O)C1c1ccccc1,O=C(CCc1ccccc1)c1ccccc1OC[C@H](O)CN1CCCCC1,1,O=C(CCc1ccccc1)c1ccccc1OCCCN1CCCCC1,0.5117710196779965,1,0.9947827244645343
CN1C(=O)CN=C(c2ccccc2)c2cc(Cl)ccc21,0,O=C1CN=C(c2ccccc2)c2ccccc2N1,Cc1ncc2n1-c1ccc(Cl)cc1C(c1ccccc1F)=NC2,1,c1ccc(C2=NCc3cncn3-c3ccccc32)cc1,0.38925351604760194,0,0.08801536335772979
CN1C(=O)CN=C(c2ccccc2)c2cc(Cl)ccc21,0,O=C1CN=C(c2ccccc2)c2ccccc2N1,CN(C)CCCN1c2ccccc2Sc2ccc(Cl)cc21,1,c1ccc2c(c1)Nc1ccccc1S2,0.2678787878787879,0,0.10804451646466738
CN1C(=O)CN=C(c2ccccc2)c2cc(Cl)ccc21,0,O=C1CN=C(c2ccccc2)c2ccccc2N1,CN1CCCN([C@@H](c2ccccc2)c2ccc(Cl)cc2)CC1,1,c1ccc(C(c2ccccc2)N2CCCNCC2)cc1,0.25149122807017543,0,0.04117390881533406
CN1C(=O)CN=C(c2ccccc2)c2cc(Cl)ccc21,0,O=C1CN=C(c2ccccc2)c2ccccc2N1,CN(C)C(=O)C(CCN1CCC(O)(c2ccc(Cl)cc2)CC1)(c1ccccc1)c1ccccc1,1,c1ccc(C2CCN(CCC(c3ccccc3)c3ccccc3)CC2)cc1,0.25072463768115943,0,0.024192385226667706
O=C1CN=C(c2ccccc2)c2cc([N+](=O)[O-])ccc2N1,0,O=C1CN=C(c2ccccc2)c2ccccc2N1,CCOC(=O)C1=C(C)NC(C)=C(C(=O)OC)[C@H]1c1cccc([N+](=O)[O-])c1,1,C1=CC(c2ccccc2)C=CN1,0.25609548167092927,0,0.03786329257308021
O=C1CN=C(c2ccccc2)c2cc([N+](=O)[O-])ccc2N1,0,O=C1CN=C(c2ccccc2)c2ccccc2N1,COC(=O)C1=C(C)NC(C)=C(C(=O)OCCN(C)Cc2ccccc2)[C@@H]1c1cccc([N+](=O)[O-])c1,1,O=C(OCCNCc1ccccc1)C1=CNC=CC1c1ccccc1,0.25240506329113926,0,0.02477327487880319
O=C1CN=C(c2ccccc2)c2cc([N+](=O)[O-])ccc2N1,0,O=C1CN=C(c2ccccc2)c2ccccc2N1,COC(=O)C1=C(C)NC(C)=C(C(=O)OCCN2CCN(C(c3ccccc3)c3ccccc3)CC2)[C@H]1c1cccc([N+](=O)[O-])c1,1,O=C(OCCN1CCN(C(c2ccccc2)c2ccccc2)CC1)C1=CNC=CC1c1ccccc1,0.25178747777997235,0,0.02561439288115652
O=C1CN=C(c2ccccc2)c2cc([N+](=O)[O-])ccc2N1,0,O=C1CN=C(c2ccccc2)c2ccccc2N1,COC(=O)C1=C(C)NC(C)=C(C(=O)OCCCN2CCC(c3ccccc3)(c3ccccc3)CC2)[C@H]1c1cccc([N+](=O)[O-])c1,1,O=C(OCCCN1CCC(c2ccccc2)(c2ccccc2)CC1)C1=CNC=CC1c1ccccc1,0.23901689708141324,0,0.010263158768679224
O=C1CN=C(c2ccccc2)c2cc(Cl)ccc2N1,0,O=C1CN=C(c2ccccc2)c2ccccc2N1,Cc1ncc2n1-c1ccc(Cl)cc1C(c1ccccc1F)=NC2,1,c1ccc(C2=NCc3cncn3-c3ccccc32)cc1,0.30638578011849904,0,0.0539596326142515
O=C1CN=C(c2ccccc2)c2cc(Cl)ccc2N1,0,O=C1CN=C(c2ccccc2)c2ccccc2N1,CN(C)C(=O)C(CCN1CCC(O)(c2ccc(Cl)cc2)CC1)(c1ccccc1)c1ccccc1,1,c1ccc(C2CCN(CCC(c3ccccc3)c3ccccc3)CC2)cc1,0.22847058823529415,0,0.016971672112397154
O=C1CN=C(c2ccccc2)c2cc(Cl)ccc2N1,0,O=C1CN=C(c2ccccc2)c2ccccc2N1,CC[C@H](C)c1ccc([C@@H]2Nc3ccccc3C(=O)N2c2ccc(Cl)cc2)cc1,1,O=C1c2ccccc2NC(c2ccccc2)N1c1ccccc1,0.21887254901960784,0,0.018900425004923244
O=C1CN=C(c2ccccc2)c2cc(Cl)ccc2N1,0,O=C1CN=C(c2ccccc2)c2ccccc2N1,CN(C)CCCN1c2ccccc2Sc2ccc(Cl)cc21,1,c1ccc2c(c1)Nc1ccccc1S2,0.20701262272089763,0,0.020636688198233933
Cc1cc2cc3c(C)cc(=O)oc3c(C)c2o1,0,O=c1ccc2cc3ccoc3cc2o1,Cc1c(-c2ccccc2)oc2c(C(=O)OCCN3CCCCC3)cccc2c1=O,1,O=C(OCCN1CCCCC1)c1cccc2c(=O)cc(-c3ccccc3)oc12,0.17386243386243388,0,0.022414233893629766
Cc1cc2cc3c(C)cc(=O)oc3c(C)c2o1,0,O=c1ccc2cc3ccoc3cc2o1,CC(=O)c1c(C)cc(C)c(CSc2nc3ccc(NC(=O)c4cccc5ccccc45)cc3s2)c1C,1,O=C(Nc1ccc2nc(SCc3ccccc3)sc2c1)c1cccc2ccccc12,0.16036505867014342,0,0.06852403993112519
Cc1cc2cc3c(C)cc(=O)oc3c(C)c2o1,0,O=c1ccc2cc3ccoc3cc2o1,COc1c2c(cc3oc(-c4ccccc4)cc(=O)c13)OC(c1ccccc1)(c1ccccc1)O2,1,O=c1cc(-c2ccccc2)oc2cc3c(cc12)OC(c1ccccc1)(c1ccccc1)O3,0.15660256410256412,0,0.023828774006966827
Cc1cc2cc3c(C)cc(=O)oc3c(C)c2o1,0,O=c1ccc2cc3ccoc3cc2o1,CC(=O)c1c(C)cc(C)c(CSc2nc3ccc(NC(=O)c4ccc(C(C)(C)C)cc4)cc3s2)c1C,1,O=C(Nc1ccc2nc(SCc3ccccc3)sc2c1)c1ccccc1,0.1522167487684729,0,0.04099595506522877
C=CCNC1=C2C[C@H](C)C[C@H](OC)[C@@H](O)[C@@H](C)C=C(C)[C@H](OC(N)=O)[C@@H](OC)C=CC=C(C)C(=O)NC(=CC1=O)C2=O,1,O=C1C=C2CCCCCCC=CCCC=CC=CC(=O)NC(=C1)C2=O,COC1=C2C[C@H](C)C[C@H](OC)[C@@H](O)[C@H](C)C=C(C)[C@@H](OC(N)=O)[C@H](OC)C=CC=C(C)C(=O)NC(=CC1=O)C2=O,1,O=C1C=C2CCCCCCC=CCCC=CC=CC(=O)NC(=C1)C2=O,0.7457627118644069,1,0.878833039644602
C=CCNC1=C2C[C@H](C)C[C@H](OC)[C@@H](O)[C@@H](C)C=C(C)[C@H](OC(N)=O)[C@@H](OC)C=CC=C(C)C(=O)NC(=CC1=O)C2=O,1,O=C1C=C2CCCCCCC=CCCC=CC=CC(=O)NC(=C1)C2=O,CO[C@H]1[C@H](C)C=C(C)[C@H](OC(N)=O)[C@H](C)C=CC=C(C)C(=O)Nc2cc(O)cc(c2O)[C@H](OC)[C@H](C)C[C@@H]1OC,1,O=C1C=CC=CCCC=CCCCCCCc2cccc(c2)N1,0.3717948717948718,1,0.9535757743039455
C=CCNC1=C2C[C@H](C)C[C@H](OC)[C@@H](O)[C@@H](C)C=C(C)[C@H](OC(N)=O)[C@@H](OC)C=CC=C(C)C(=O)NC(=CC1=O)C2=O,1,O=C1C=C2CCCCCCC=CCCC=CC=CC(=O)NC(=C1)C2=O,CCC(C)(C)C(=O)O[C@H]1C[C@H](C)C=C2C=C[C@@H](C)[C@H](CC[C@@H]3C[C@H](O)CC(=O)O3)[C@H]21,1,O=C1CCCC(CCC2CC=CC3=CCCCC32)O1,0.17967097532314924,1,0.9795197915117833
C=CCNC1=C2C[C@H](C)C[C@H](OC)[C@@H](O)[C@@H](C)C=C(C)[C@H](OC(N)=O)[C@@H](OC)C=CC=C(C)C(=O)NC(=CC1=O)C2=O,1,O=C1C=C2CCCCCCC=CCCC=CC=CC(=O)NC(=C1)C2=O,CC[C@@H](C)C(=O)O[C@@H]1C[C@H](C)C=C2C=C[C@H](C)[C@H](CC[C@H]3C[C@H](O)CC(=O)O3)[C@H]21,1,O=C1CCCC(CCC2CC=CC3=CCCCC32)O1,0.17902692489371755,1,0.9809408495887856
COC1=C2C[C@H](C)C[C@H](OC)[C@@H](O)[C@H](C)C=C(C)[C@@H](OC(N)=O)[C@H](OC)C=CC=C(C)C(=O)NC(=CC1=O)C2=O,1,O=C1C=C2CCCCCCC=CCCC=CC=CC(=O)NC(=C1)C2=O,C=CCNC1=C2C[C@H](C)C[C@H](OC)[C@@H](O)[C@@H](C)C=C(C)[C@H](OC(N)=O)[C@@H](OC)C=CC=C(C)C(=O)NC(=CC1=O)C2=O,1,O=C1C=C2CCCCCCC=CCCC=CC=CC(=O)NC(=C1)C2=O,0.7457627118644069,1,0.9502527142134065
COC1=C2C[C@H](C)C[C@H](OC)[C@@H](O)[C@H](C)C=C(C)[C@@H](OC(N)=O)[C@H](OC)C=CC=C(C)C(=O)NC(=CC1=O)C2=O,1,O=C1C=C2CCCCCCC=CCCC=CC=CC(=O)NC(=C1)C2=O,CO[C@H]1[C@H](C)C=C(C)[C@H](OC(N)=O)[C@H](C)C=CC=C(C)C(=O)Nc2cc(O)cc(c2O)[C@H](OC)[C@H](C)C[C@@H]1OC,1,O=C1C=CC=CCCC=CCCCCCCc2cccc(c2)N1,0.40628654970760236,1,0.9347484594581832
COC1=C2C[C@H](C)C[C@H](OC)[C@@H](O)[C@H](C)C=C(C)[C@@H](OC(N)=O)[C@H](OC)C=CC=C(C)C(=O)NC(=CC1=O)C2=O,1,O=C1C=C2CCCCCCC=CCCC=CC=CC(=O)NC(=C1)C2=O,CCC(C)(C)C(=O)O[C@H]1C[C@H](C)C=C2C=C[C@@H](C)[C@H](CC[C@@H]3C[C@H](O)CC(=O)O3)[C@H]21,1,O=C1CCCC(CCC2CC=CC3=CCCCC32)O1,0.1861737218251787,1,0.9512044137930492
COC1=C2C[C@H](C)C[C@H](OC)[C@@H](O)[C@H](C)C=C(C)[C@@H](OC(N)=O)[C@H](OC)C=CC=C(C)C(=O)NC(=CC1=O)C2=O,1,O=C1C=C2CCCCCCC=CCCC=CC=CC(=O)NC(=C1)C2=O,CC[C@@H](C)C(=O)O[C@@H]1C[C@H](C)C=C2C=C[C@H](C)[C@H](CC[C@H]3C[C@H](O)CC(=O)O3)[C@H]21,1,O=C1CCCC(CCC2CC=CC3=CCCCC32)O1,0.18551686014372581,1,0.948712743680893
CC(=O)Oc1c(Oc2ccccc2)cc2oc(-c3ccccc3)cc(=O)c2c1OC(C)=O,1,O=c1cc(-c2ccccc2)oc2cc(Oc3ccccc3)ccc12,CC(=O)Oc1c(OCc2ccccc2)cc2oc(-c3ccccc3)cc(=O)c2c1OC(C)=O,1,O=c1cc(-c2ccccc2)oc2cc(OCc3ccccc3)ccc12,0.716849816849817,1,0.9966022564577126
CC(=O)Oc1c(Oc2ccccc2)cc2oc(-c3ccccc3)cc(=O)c2c1OC(C)=O,1,O=c1cc(-c2ccccc2)oc2cc(Oc3ccccc3)ccc12,CC(=O)Oc1cc2oc(-c3ccccc3)cc(=O)c2c(O)c1OCc1ccccc1,1,O=c1cc(-c2ccccc2)oc2ccc(OCc3ccccc3)cc12,0.585632183908046,1,0.9858016051243406
CC(=O)Oc1c(Oc2ccccc2)cc2oc(-c3ccccc3)cc(=O)c2c1OC(C)=O,1,O=c1cc(-c2ccccc2)oc2cc(Oc3ccccc3)ccc12,O=c1cc(-c2ccccc2)oc2cc(O)c(Oc3ccccc3)c(O)c12,1,O=c1cc(-c2ccccc2)oc2ccc(Oc3ccccc3)cc12,0.5731663685152057,1,0.9420782409305918
CC(=O)Oc1c(Oc2ccccc2)cc2oc(-c3ccccc3)cc(=O)c2c1OC(C)=O,1,O=c1cc(-c2ccccc2)oc2cc(Oc3ccccc3)ccc12,COc1c2c(cc3oc(-c4ccccc4)cc(=O)c13)OCO2,1,O=c1cc(-c2ccccc2)oc2cc3c(cc12)OCO3,0.4992430613961312,1,0.973865637235844
COc1cc(C[C@@H]2c3cc(OC)c(OC)cc3CCN2C)c(Oc2cc3c(cc2OC)-c2c(OC)c(OC)cc4c2[C@@H](C3)N(C)CC4)cc1OC,1,c1ccc(Oc2ccc3c(c2)CC2NCCc4cccc-3c42)c(CC2NCCc3ccccc32)c1,COc1cc(Br)c(C[C@H]2c3cc(OC)c(OC)cc3CCN2C)cc1OC,1,c1ccc(CC2NCCc3ccccc32)cc1,0.5374343585896474,1,0.9909990827590857
COc1cc(C[C@@H]2c3cc(OC)c(OC)cc3CCN2C)c(Oc2cc3c(cc2OC)-c2c(OC)c(OC)cc4c2[C@@H](C3)N(C)CC4)cc1OC,1,c1ccc(Oc2ccc3c(c2)CC2NCCc4cccc-3c42)c(CC2NCCc3ccccc32)c1,COc1ccc2c(c1OC)C(=O)O[C@@H]2[C@H]1c2cc3c(cc2CCN1C)OCO3,1,O=C1OC(C2NCCc3cc4c(cc32)OCO4)c2ccccc21,0.3469862018881627,1,0.9829087362807699
COc1cc(C[C@@H]2c3cc(OC)c(OC)cc3CCN2C)c(Oc2cc3c(cc2OC)-c2c(OC)c(OC)cc4c2[C@@H](C3)N(C)CC4)cc1OC,1,c1ccc(Oc2ccc3c(c2)CC2NCCc4cccc-3c42)c(CC2NCCc3ccccc32)c1,COc1ccc2c(c1OC)C(=O)O[C@@H]2[C@H]1c2c(cc3c(c2OC)OCO3)CCN1C,1,O=C1OC(C2NCCc3cc4c(cc32)OCO4)c2ccccc21,0.3401617250673855,1,0.9978649195402935
COc1cc(C[C@@H]2c3cc(OC)c(OC)cc3CCN2C)c(Oc2cc3c(cc2OC)-c2c(OC)c(OC)cc4c2[C@@H](C3)N(C)CC4)cc1OC,1,c1ccc(Oc2ccc3c(c2)CC2NCCc4cccc-3c42)c(CC2NCCc3ccccc32)c1,COc1cc2c(cc1O)[C@@H]1Cc3ccc(OC)c(O)c3CN1CC2,1,c1ccc2c(c1)CC1c3ccccc3CCN1C2,0.31257142857142856,1,0.9801100271426039
C[C@]12CCC(=O)C=C1CC[C@H]1[C@H]3CC[C@@](O)(C(=O)CO)[C@@]3(C)CC(=O)[C@@H]12,0,O=C1C=C2CCC3C4CCCC4CC(=O)C3C2CC1,C[C@]12CC(=O)[C@@H]3[C@@H](CCC4=CC(=O)CC[C@H]43)[C@H]1CC[C@@]2(O)C(=O)CO,1,O=C1C=C2CCC3C4CCCC4CC(=O)C3C2CC1,0.6558341369334619,0,0.2929661806041567
C[C@]12CCC(=O)C=C1CC[C@H]1[C@H]3CC[C@@](O)(C(=O)CO)[C@@]3(C)CC(=O)[C@@H]12,0,O=C1C=C2CCC3C4CCCC4CC(=O)C3C2CC1,C[C@@]12CC[C@@H]3C(CCC4=CC(=O)CC[C@]43C)[C@H]1CC[C@H]2O,1,O=C1C=C2CCC3C4CCCC4CCC3C2CC1,0.47632058287796,0,0.29037524807500875
C[C@]12CCC(=O)C=C1CC[C@H]1[C@H]3CC[C@@](O)(C(=O)CO)[C@@]3(C)CC(=O)[C@@H]12,0,O=C1C=C2CCC3C4CCCC4CC(=O)C3C2CC1,CCNC(=O)Nc1ccc(S[C@@H]2CC3=CC(=O)CC[C@]3(C)[C@@H]3CC[C@]4(C)[C@@H](C(C)=O)CC[C@@H]4[C@@H]32)cc1,1,O=C1C=C2CC(Sc3ccccc3)C3C4CCCC4CCC3C2CC1,0.30064935064935067,0,0.26629303130939297
C[C@]12CCC(=O)C=C1CC[C@H]1[C@H]3CC[C@@](O)(C(=O)CO)[C@@]3(C)CC(=O)[C@@H]12,0,O=C1C=C2CCC3C4CCCC4CC(=O)C3C2CC1,CC(=O)[C@@H]1CC[C@@H]2[C@@H]3[C@H](Sc4ccc(NC(=O)NCCCl)cc4)CC4=CC(=O)CC[C@]4(C)[C@H]3CC[C@@]21C,1,O=C1C=C2CC(Sc3ccccc3)C3C4CCCC4CCC3C2CC1,0.2885714285714286,0,0.30323601422879376
C[C@]12CC(=O)[C@@H]3[C@@H](CCC4=CC(=O)CC[C@H]43)[C@H]1CC[C@@]2(O)C(=O)CO,1,O=C1C=C2CCC3C4CCCC4CC(=O)C3C2CC1,C[C@@]12CC[C@@H]3C(CCC4=CC(=O)CC[C@]43C)[C@H]1CC[C@H]2O,1,O=C1C=C2CCC3C4CCCC4CCC3C2CC1,0.343402225755167,0,0.40266659412698347
C[C@]12CC(=O)[C@@H]3[C@@H](CCC4=CC(=O)CC[C@H]43)[C@H]1CC[C@@]2(O)C(=O)CO,1,O=C1C=C2CCC3C4CCCC4CC(=O)C3C2CC1,CC#C[C@@]1(O)CC[C@@H]2[C@H]3CCC4=CC(=O)CCC4=C3[C@@H](c3ccc(N(C)C)cc3)C[C@]21C,1,O=C1C=C2CCC3C(=C2CC1)C(c1ccccc1)CC1CCCC13,0.3027450980392157,0,0.2657079649757564
C[C@]12CC(=O)[C@@H]3[C@@H](CCC4=CC(=O)CC[C@H]43)[C@H]1CC[C@@]2(O)C(=O)CO,1,O=C1C=C2CCC3C4CCCC4CC(=O)C3C2CC1,CCNC(=O)Nc1ccc(S[C@@H]2CC3=CC(=O)CC[C@]3(C)[C@@H]3CC[C@]4(C)[C@@H](C(C)=O)CC[C@@H]4[C@@H]32)cc1,1,O=C1C=C2CC(Sc3ccccc3)C3C4CCCC4CCC3C2CC1,0.22635311683463982,1,0.5246355586574735
C[C@]12CC(=O)[C@@H]3[C@@H](CCC4=CC(=O)CC[C@H]43)[C@H]1CC[C@@]2(O)C(=O)CO,1,O=C1C=C2CCC3C4CCCC4CC(=O)C3C2CC1,CC(=O)[C@@H]1CC[C@@H]2[C@@H]3[C@H](Sc4ccc(NC(=O)NCCCl)cc4)CC4=CC(=O)CC[C@]4(C)[C@H]3CC[C@@]21C,1,O=C1C=C2CC(Sc3ccccc3)C3C4CCCC4CCC3C2CC1,0.21740747000169006,1,0.5917380552830867
CCn1cc(C(=O)O)c(=O)c2cnc(N3CCNCC3)nc21,0,O=c1cc[nH]c2nc(N3CCNCC3)ncc12,CCCCCCn1c(-c2ccc(C(=O)O)cc2)nc(-c2ccc(N(C)C)cc2)c1-c1ccc(N(C)C)cc1,1,c1ccc(-c2nc(-c3ccccc3)c(-c3ccccc3)[nH]2)cc1,0.18,0,0.0076554628725030655
CCn1cc(C(=O)O)c(=O)c2cnc(N3CCNCC3)nc21,0,O=c1cc[nH]c2nc(N3CCNCC3)ncc12,O=C(Nc1ccccc1C(=O)N[C@@H]1CCCC[C@@H]1N1CCN(c2ccccc2)CC1)c1cnc2ccccc2c1,1,O=C(Nc1ccccc1C(=O)NC1CCCCC1N1CCN(c2ccccc2)CC1)c1cnc2ccccc2c1,0.17893569844789356,0,0.11217502901669198
CCn1cc(C(=O)O)c(=O)c2cnc(N3CCNCC3)nc21,0,O=c1cc[nH]c2nc(N3CCNCC3)ncc12,CN1CCN(CCCn2c3ccccc3c(=O)c3ccccc32)CC1,1,O=c1c2ccccc2n(CCCN2CCNCC2)c2ccccc12,0.17661691542288557,0,0.0006401721089054095
CCn1cc(C(=O)O)c(=O)c2cnc(N3CCNCC3)nc21,0,O=c1cc[nH]c2nc(N3CCNCC3)ncc12,COc1cc2c(cc1OC)CN(CCNC(=O)c1ccccc1NC(=O)c1cc3ccccc3cn1)CC2,1,O=C(Nc1ccccc1C(=O)NCCN1CCc2ccccc2C1)c1cc2ccccc2cn1,0.17520749665327978,0,0.0018268395897279817
C[C@@H](C(=O)O)c1ccc(C(=O)c2cccs2)cc1,0,O=C(c1ccccc1)c1cccs1,Cc1nn(C)c(OC[C@@H](O)CN(C(C)C)C(C)C)c1C(=O)c1ccccc1,1,O=C(c1ccccc1)c1cn[nH]c1,0.22505050505050506,0,0.0012262619752680891
C[C@@H](C(=O)O)c1ccc(C(=O)c2cccs2)cc1,0,O=C(c1ccccc1)c1cccs1,Cc1c(C(=O)c2ccccc2)c(=O)n(-c2ccccc2)n1C[C@H](O)CN(C(C)C)C(C)C,1,O=C(c1ccccc1)c1c[nH]n(-c2ccccc2)c1=O,0.22420634920634921,0,9.243262347512577e-05
C[C@@H](C(=O)O)c1ccc(C(=O)c2cccs2)cc1,0,O=C(c1ccccc1)c1cccs1,CCN(CC)C[C@@H](O)COc1ccccc1C(=O)c1ccccc1,1,O=C(c1ccccc1)c1ccccc1,0.22097701149425292,0,0.0009882424367328641
C[C@@H](C(=O)O)c1ccc(C(=O)c2cccs2)cc1,0,O=C(c1ccccc1)c1cccs1,COc1cc2c(cc1OC)CN(CCc1ccc(NC(=O)c3ccccc3NC(=O)c3cccs3)cc1)CC2,1,O=C(Nc1ccccc1C(=O)Nc1ccc(CCN2CCc3ccccc3C2)cc1)c1cccs1,0.21719773024879965,0,0.002247721637062303
C[C@H]1C[C@@H]2[C@H]3CCC4=CC(=O)C=C[C@@]4(C)[C@]3(Cl)[C@@H](O)C[C@@]2(C)[C@@]1(OC(=O)c1ccco1)C(=O)CCl,1,O=C1C=CC2C(=C1)CCC1C2CCC2C(OC(=O)c3ccco3)CCC21,C[C@@]12CC[C@@H]3C(CCC4=CC(=O)CC[C@]43C)[C@H]1CC[C@H]2O,1,O=C1C=C2CCC3C4CCCC4CCC3C2CC1,0.22179775280898878,1,0.991618929816383
C[C@H]1C[C@@H]2[C@H]3CCC4=CC(=O)C=C[C@@]4(C)[C@]3(Cl)[C@@H](O)C[C@@]2(C)[C@@]1(OC(=O)c1ccco1)C(=O)CCl,1,O=C1C=CC2C(=C1)CCC1C2CCC2C(OC(=O)c3ccco3)CCC21,C[C@]12CC(=O)[C@@H]3[C@@H](CCC4=CC(=O)CC[C@H]43)[C@H]1CC[C@@]2(O)C(=O)CO,1,O=C1C=C2CCC3C4CCCC4CC(=O)C3C2CC1,0.196969696969697,1,0.9877145699295656
C[C@H]1C[C@@H]2[C@H]3CCC4=CC(=O)C=C[C@@]4(C)[C@]3(Cl)[C@@H](O)C[C@@]2(C)[C@@]1(OC(=O)c1ccco1)C(=O)CCl,1,O=C1C=CC2C(=C1)CCC1C2CCC2C(OC(=O)c3ccco3)CCC21,CC(=O)[C@@H]1CC[C@@H]2[C@@H]3[C@H](Sc4ccc(NC(=O)NCCCl)cc4)CC4=CC(=O)CC[C@]4(C)[C@H]3CC[C@@]21C,1,O=C1C=C2CC(Sc3ccccc3)C3C4CCCC4CCC3C2CC1,0.19418822234452396,1,0.9562041874914767
C[C@H]1C[C@@H]2[C@H]3CCC4=CC(=O)C=C[C@@]4(C)[C@]3(Cl)[C@@H](O)C[C@@]2(C)[C@@]1(OC(=O)c1ccco1)C(=O)CCl,1,O=C1C=CC2C(=C1)CCC1C2CCC2C(OC(=O)c3ccco3)CCC21,CC#C[C@@]1(O)CC[C@@H]2[C@H]3CCC4=CC(=O)CCC4=C3[C@@H](c3ccc(N(C)C)cc3)C[C@]21C,1,O=C1C=C2CCC3C(=C2CC1)C(c1ccccc1)CC1CCCC13,0.18810916179337234,1,0.9775668984371311
CCCN(CCC)C[C@@H](O)COc1ccccc1[C@H](CCc1ccccc1)OC,1,c1ccc(CCCc2ccccc2)cc1,CCCN(CCC)C[C@H](O)COc1ccccc1[C@@H](O)CCc1ccccc1,1,c1ccc(CCCc2ccccc2)cc1,0.8018085106382979,1,0.9964108359164007
CCCN(CCC)C[C@@H](O)COc1ccccc1[C@H](CCc1ccccc1)OC,1,c1ccc(CCCc2ccccc2)cc1,CO[C@@H](CCc1ccccc1)c1ccccc1OC[C@@H](O)CN(C(C)C)C(C)C,1,c1ccc(CCCc2ccccc2)cc1,0.7740816326530613,1,0.9992821328373562
CCCN(CCC)C[C@@H](O)COc1ccccc1[C@H](CCc1ccccc1)OC,1,c1ccc(CCCc2ccccc2)cc1,CO[C@H](CCc1ccccc1)c1ccccc1OC[C@H](O)CN1CCCCC1,1,c1ccc(CCCc2ccccc2OCCCN2CCCCC2)cc1,0.6740326340326341,1,0.9967104387094285
CCCN(CCC)C[C@@H](O)COc1ccccc1[C@H](CCc1ccccc1)OC,1,c1ccc(CCCc2ccccc2)cc1,CO[C@@H](CCc1ccccc1)c1ccccc1OC[C@H](O)CN1CCCCC1,1,c1ccc(CCCc2ccccc2OCCCN2CCCCC2)cc1,0.6740326340326341,1,0.9967104387094285
CO[C@@H](CCc1ccccc1)c1ccccc1OC[C@@H](O)CN(C(C)C)C(C)C,1,c1ccc(CCCc2ccccc2)cc1,CC(C)N(C[C@H](O)COc1ccccc1[C@H](O)CCc1ccccc1)C(C)C,1,c1ccc(CCCc2ccccc2)cc1,0.7847872340425532,1,0.9953793283389106
CO[C@@H](CCc1ccccc1)c1ccccc1OC[C@@H](O)CN(C(C)C)C(C)C,1,c1ccc(CCCc2ccccc2)cc1,CCCN(CCC)C[C@@H](O)COc1ccccc1[C@H](CCc1ccccc1)OC,1,c1ccc(CCCc2ccccc2)cc1,0.7740816326530613,1,0.9865389953339958
CO[C@@H](CCc1ccccc1)c1ccccc1OC[C@@H](O)CN(C(C)C)C(C)C,1,c1ccc(CCCc2ccccc2)cc1,CO[C@H](CCc1ccccc1)c1ccccc1OC[C@H](O)CN1CCCCC1,1,c1ccc(CCCc2ccccc2OCCCN2CCCCC2)cc1,0.6555210643015521,1,0.9875316499398611
CO[C@@H](CCc1ccccc1)c1ccccc1OC[C@@H](O)CN(C(C)C)C(C)C,1,c1ccc(CCCc2ccccc2)cc1,CO[C@@H](CCc1ccccc1)c1ccccc1OC[C@H](O)CN1CCCCC1,1,c1ccc(CCCc2ccccc2OCCCN2CCCCC2)cc1,0.6555210643015521,1,0.9875316499398611
CC(C)N(C[C@H](O)COc1ccccc1[C@H](O)CCc1ccccc1)C(C)C,1,c1ccc(CCCc2ccccc2)cc1,CO[C@@H](CCc1ccccc1)c1ccccc1OC[C@@H](O)CN(C(C)C)C(C)C,1,c1ccc(CCCc2ccccc2)cc1,0.7847872340425532,1,0.9693284042755386
CC(C)N(C[C@H](O)COc1ccccc1[C@H](O)CCc1ccccc1)C(C)C,1,c1ccc(CCCc2ccccc2)cc1,CCCN(CCC)C[C@H](O)COc1ccccc1[C@@H](O)CCc1ccccc1,1,c1ccc(CCCc2ccccc2)cc1,0.7509009009009009,1,0.9857659395107188
CC(C)N(C[C@H](O)COc1ccccc1[C@H](O)CCc1ccccc1)C(C)C,1,c1ccc(CCCc2ccccc2)cc1,CC(C)N(C[C@H](O)COc1ccccc1C(=O)CCc1ccccc1)C(C)C,1,O=C(CCc1ccccc1)c1ccccc1,0.6502024291497976,1,0.9816579684670215
CC(C)N(C[C@H](O)COc1ccccc1[C@H](O)CCc1ccccc1)C(C)C,1,c1ccc(CCCc2ccccc2)cc1,O[C@H](COc1ccccc1[C@H](O)CCc1ccccc1)CN1CCCCC1,1,c1ccc(CCCc2ccccc2OCCCN2CCCCC2)cc1,0.6258192651439921,1,0.9799849117987797
CCCN(CCC)C[C@H](O)COc1ccccc1[C@@H](O)CCc1ccccc1,1,c1ccc(CCCc2ccccc2)cc1,CCCN(CCC)C[C@@H](O)COc1ccccc1[C@H](CCc1ccccc1)OC,1,c1ccc(CCCc2ccccc2)cc1,0.8018085106382979,1,0.9624477627099374
CCCN(CCC)C[C@H](O)COc1ccccc1[C@@H](O)CCc1ccccc1,1,c1ccc(CCCc2ccccc2)cc1,CC(C)N(C[C@H](O)COc1ccccc1[C@H](O)CCc1ccccc1)C(C)C,1,c1ccc(CCCc2ccccc2)cc1,0.7509009009009009,1,0.9992125867300027
CCCN(CCC)C[C@H](O)COc1ccccc1[C@@H](O)CCc1ccccc1,1,c1ccc(CCCc2ccccc2)cc1,O[C@H](COc1ccccc1[C@H](O)CCc1ccccc1)CN1CCCCC1,1,c1ccc(CCCc2ccccc2OCCCN2CCCCC2)cc1,0.6370370370370371,1,0.9943920281370875
CCCN(CCC)C[C@H](O)COc1ccccc1[C@@H](O)CCc1ccccc1,1,c1ccc(CCCc2ccccc2)cc1,O[C@@H](COc1ccccc1[C@H](O)CCc1ccccc1)CN1CCCCC1,1,c1ccc(CCCc2ccccc2OCCCN2CCCCC2)cc1,0.6370370370370371,1,0.9943920281370875
ClC1(Cl)C2(Cl)C3(Cl)C4(Cl)C(Cl)(Cl)C5(Cl)C3(Cl)C1(Cl)C5(Cl)C24Cl,0,C1C2C3C4CC5C3C1C5C24,O[C@H](COc1cccc2ncccc12)CN1CCN(C2c3ccccc3C3C(c4ccccc42)C3(Cl)Cl)CC1,1,c1ccc2c(c1)C1CC1c1ccccc1C2N1CCN(CCCOc2cccc3ncccc23)CC1,0.05503053680488589,0,0.013350715493246401
ClC1(Cl)C2(Cl)C3(Cl)C4(Cl)C(Cl)(Cl)C5(Cl)C3(Cl)C1(Cl)C5(Cl)C24Cl,0,C1C2C3C4CC5C3C1C5C24,O[C@@H](COc1cccc2ncccc12)CN1CCN(C2c3ccccc3C3C(c4ccccc42)C3(Cl)Cl)CC1,1,c1ccc2c(c1)C1CC1c1ccccc1C2N1CCN(CCCOc2cccc3ncccc23)CC1,0.05503053680488589,0,0.013350715493246401
ClC1(Cl)C2(Cl)C3(Cl)C4(Cl)C(Cl)(Cl)C5(Cl)C3(Cl)C1(Cl)C5(Cl)C24Cl,0,C1C2C3C4CC5C3C1C5C24,OCC12[C@H](c3ccccc3)C3[C@@H]4N(Cc5ccccc5)[C@H]1C1[C@H](c5ccccc5)C4(CO)[C@@H]3N(Cc3ccccc3)[C@H]12,1,c1ccc(CN2C3C4C(c5ccccc5)C5C2C2C(c6ccccc6)C3C4N(Cc3ccccc3)C52)cc1,0.049493243243243244,0,0.011257525315125532
ClC1(Cl)C2(Cl)C3(Cl)C4(Cl)C(Cl)(Cl)C5(Cl)C3(Cl)C1(Cl)C5(Cl)C24Cl,0,C1C2C3C4CC5C3C1C5C24,C[C@H]1C[C@@H]2[C@H]3CCC4=CC(=O)C=C[C@@]4(C)[C@]3(Cl)[C@@H](O)C[C@@]2(C)[C@@]1(OC(=O)c1ccco1)C(=O)CCl,1,O=C1C=CC2C(=C1)CCC1C2CCC2C(OC(=O)c3ccco3)CCC21,0.047162426614481404,0,0.0001401331302694402
CCNc1nc(Cl)nc(NC(C)C)n1,0,c1ncncn1,CCNc1ccc(-c2nc(-c3ccc(/C=C/COCC)cc3)[nH]c2-c2ccc(NC(C)C)cc2)cc1,1,c1ccc(-c2nc(-c3ccccc3)c(-c3ccccc3)[nH]2)cc1,0.24468403713686732,0,0.006049362091456727
CCNc1nc(Cl)nc(NC(C)C)n1,0,c1ncncn1,CCOC/C=C/c1ccc(-c2nc(-c3ccc(NC(C)C)cc3)c(-c3ccc(NC(C)C)cc3)[nH]2)cc1,1,c1ccc(-c2nc(-c3ccccc3)c(-c3ccccc3)[nH]2)cc1,0.20510718789407312,0,0.00619766266656081
CCNc1nc(Cl)nc(NC(C)C)n1,0,c1ncncn1,CCOC/C=C/c1ccc(-c2nc(-c3ccc(F)cc3)c(-c3ccc(NC(C)C)cc3)[nH]2)cc1,1,c1ccc(-c2nc(-c3ccccc3)c(-c3ccccc3)[nH]2)cc1,0.1975757575757576,0,0.00940825280761645
CCNc1nc(Cl)nc(NC(C)C)n1,0,c1ncncn1,CCOC/C=C/c1ccc(-c2nc(-c3ccc(NC)cc3)c(-c3ccc(NC(C)C)cc3)[nH]2)cc1,1,c1ccc(-c2nc(-c3ccccc3)c(-c3ccccc3)[nH]2)cc1,0.19333333333333336,0,0.01481976021673979
C/C=C(C(=C\C)\c1ccc(O)cc1)/c1ccc(O)cc1,0,C=C(C(=C)c1ccccc1)c1ccccc1,C[C@H](Cc1ccc(O)cc1)NC[C@H](O)c1cc(O)cc(O)c1,1,c1ccc(CCNCCc2ccccc2)cc1,0.244359756097561,0,0.001597261331029073
C/C=C(C(=C\C)\c1ccc(O)cc1)/c1ccc(O)cc1,0,C=C(C(=C)c1ccccc1)c1ccccc1,CN(C)c1ccc(-c2nc(-c3ccc(O)cc3)[nH]c2-c2ccc(N(C)C)cc2)cc1,1,c1ccc(-c2nc(-c3ccccc3)c(-c3ccccc3)[nH]2)cc1,0.22176360225140715,0,0.0464293395519352
C/C=C(C(=C\C)\c1ccc(O)cc1)/c1ccc(O)cc1,0,C=C(C(=C)c1ccccc1)c1ccccc1,O=C1C[C@H](c2ccc(O)cc2)Oc2cc(O)cc(O)c21,1,O=C1CC(c2ccccc2)Oc2ccccc21,0.2094432699083862,0,0.05119395133613847
C/C=C(C(=C\C)\c1ccc(O)cc1)/c1ccc(O)cc1,0,C=C(C(=C)c1ccccc1)c1ccccc1,CN(C)c1ccc(-c2nc(-c3ccc(O)cc3)n(CCc3ccccc3)c2-c2ccc(N(C)C)cc2)cc1,1,c1ccc(CCn2c(-c3ccccc3)nc(-c3ccccc3)c2-c2ccccc2)cc1,0.19084249084249086,0,0.042332363876904894
O[C@H]1[C@H]2c3cc4c(cc3CN3CCC(=C[C@@H]1O)[C@@H]23)OCO4,0,C1=C2CCN3Cc4cc5c(cc4C(CC1)C23)OCO5,COc1ccc2c(c1OC)C(=O)O[C@@H]2[C@H]1c2cc3c(cc2CCN1C)OCO3,1,O=C1OC(C2NCCc3cc4c(cc32)OCO4)c2ccccc21,0.2748538011695907,0,0.0020366996413285353
O[C@H]1[C@H]2c3cc4c(cc3CN3CCC(=C[C@@H]1O)[C@@H]23)OCO4,0,C1=C2CCN3Cc4cc5c(cc4C(CC1)C23)OCO5,COc1cc2c(cc1O)[C@@H]1Cc3ccc(OC)c(O)c3CN1CC2,1,c1ccc2c(c1)CC1c3ccccc3CCN1C2,0.23914438502673796,0,0.009662763385578413
O[C@H]1[C@H]2c3cc4c(cc3CN3CCC(=C[C@@H]1O)[C@@H]23)OCO4,0,C1=C2CCN3Cc4cc5c(cc4C(CC1)C23)OCO5,COc1ccc2c(c1OC)C(=O)O[C@@H]2[C@H]1c2c(cc3c(c2OC)OCO3)CCN1C,1,O=C1OC(C2NCCc3cc4c(cc32)OCO4)c2ccccc21,0.2363395225464191,0,0.0006718600962863875
O[C@H]1[C@H]2c3cc4c(cc3CN3CCC(=C[C@@H]1O)[C@@H]23)OCO4,0,C1=C2CCN3Cc4cc5c(cc4C(CC1)C23)OCO5,O=C(COc1ccc(Cl)cc1)N1CCN(Cc2ccc3c(c2)OCO3)CC1,1,O=C(COc1ccccc1)N1CCN(Cc2ccc3c(c2)OCO3)CC1,0.22512277074179377,0,0.005604462365100718
COC(=O)[C@H]1C[C@H]1c1ccc(-c2nc(-c3ccc(N(C)C)cc3)c(-c3ccc(N(C)C)cc3)[nH]2)cc1,1,c1ccc(-c2nc(-c3ccc(C4CC4)cc3)[nH]c2-c2ccccc2)cc1,COC(=O)c1ccc(-c2nc(-c3ccc(N(C)C)cc3)c(-c3ccc(N(C)C)cc3)[nH]2)cc1,1,c1ccc(-c2nc(-c3ccccc3)c(-c3ccccc3)[nH]2)cc1,0.6400673400673401,1,0.997878783911879
COC(=O)[C@H]1C[C@H]1c1ccc(-c2nc(-c3ccc(N(C)C)cc3)c(-c3ccc(N(C)C)cc3)[nH]2)cc1,1,c1ccc(-c2nc(-c3ccc(C4CC4)cc3)[nH]c2-c2ccccc2)cc1,COC(=O)CCc1ccc(-c2nc(-c3ccc(N(C)C)cc3)c(-c3ccc(N(C)C)cc3)[nH]2)cc1,1,c1ccc(-c2nc(-c3ccccc3)c(-c3ccccc3)[nH]2)cc1,0.6076836158192092,1,0.9996152848952785
COC(=O)[C@H]1C[C@H]1c1ccc(-c2nc(-c3ccc(N(C)C)cc3)c(-c3ccc(N(C)C)cc3)[nH]2)cc1,1,c1ccc(-c2nc(-c3ccc(C4CC4)cc3)[nH]c2-c2ccccc2)cc1,COC(=O)/C=C/c1ccc(-c2nc(-c3ccc(N(C)C)cc3)c(-c3ccc(N(C)C)cc3)[nH]2)cc1,1,c1ccc(-c2nc(-c3ccccc3)c(-c3ccccc3)[nH]2)cc1,0.6032391713747647,1,0.9996732558917198
COC(=O)[C@H]1C[C@H]1c1ccc(-c2nc(-c3ccc(N(C)C)cc3)c(-c3ccc(N(C)C)cc3)[nH]2)cc1,1,c1ccc(-c2nc(-c3ccc(C4CC4)cc3)[nH]c2-c2ccccc2)cc1,CN(C)c1ccc(-c2nc(-c3ccc(O)cc3)[nH]c2-c2ccc(N(C)C)cc2)cc1,1,c1ccc(-c2nc(-c3ccccc3)c(-c3ccccc3)[nH]2)cc1,0.5661538461538462,1,0.9991973763003874
CC[C@H](c1ccc(O)cc1)[C@@H](CC)c1ccc(O)cc1,0,c1ccc(CCc2ccccc2)cc1,C[C@H](Cc1ccc(O)cc1)NC[C@H](O)c1cc(O)cc(O)c1,1,c1ccc(CCNCCc2ccccc2)cc1,0.30874999999999997,0,0.002842541567422845
CC[C@H](c1ccc(O)cc1)[C@@H](CC)c1ccc(O)cc1,0,c1ccc(CCc2ccccc2)cc1,CNC[C@@H](O)c1ccc(O)c(OC)c1,1,c1ccccc1,0.2785822021116139,0,0.014019045955940291
CC[C@H](c1ccc(O)cc1)[C@@H](CC)c1ccc(O)cc1,0,c1ccc(CCc2ccccc2)cc1,O=C1C[C@H](c2ccc(O)cc2)Oc2cc(O)cc(O)c21,1,O=C1CC(c2ccccc2)Oc2ccccc21,0.21097222222222223,0,0.021499113187752227
CC[C@H](c1ccc(O)cc1)[C@@H](CC)c1ccc(O)cc1,0,c1ccc(CCc2ccccc2)cc1,CCCN(CCC)C[C@@H](O)COc1ccc(O)cc1C(=O)CCc1ccccc1,1,O=C(CCc1ccccc1)c1ccccc1,0.2101999184006528,0,0.1481008306846887
CCN(CC)CCOC(=O)[C@H](Cc1ccccc1)c1ccccc1,0,c1ccc(CCc2ccccc2)cc1,CCCC(C(=O)OCCN(CC)CC)(c1ccccc1)c1ccccc1,1,c1ccc(Cc2ccccc2)cc1,0.49672232529375393,0,0.37129590265695567
CCN(CC)CCOC(=O)[C@H](Cc1ccccc1)c1ccccc1,0,c1ccc(CCc2ccccc2)cc1,CCN(CC)C[C@@H](O)COc1ccccc1C(=O)CCc1ccccc1,1,O=C(CCc1ccccc1)c1ccccc1,0.3473769168684423,0,0.19362215255315282
CCN(CC)CCOC(=O)[C@H](Cc1ccccc1)c1ccccc1,0,c1ccc(CCc2ccccc2)cc1,CCN(CC)C[C@H](O)COc1ccccc1C(=O)CCc1ccccc1,1,O=C(CCc1ccccc1)c1ccccc1,0.3473769168684423,0,0.19362215255315282
CCN(CC)CCOC(=O)[C@H](Cc1ccccc1)c1ccccc1,0,c1ccc(CCc2ccccc2)cc1,CCN(CC)C[C@@H](O)COc1ccccc1C(=O)c1ccccc1,1,O=C(c1ccccc1)c1ccccc1,0.32763157894736844,0,0.19449220311692123
COc1cc(Cc2cnc(N)nc2N)cc(OC)c1OC,0,c1ccc(Cc2cncnc2)cc1,COc1cccc(CCc2ccccc2OCc2cccc(OC)c2OC)c1,1,c1ccc(CCc2ccccc2OCc2ccccc2)cc1,0.2654331370899916,0,0.0013863158051927007
COc1cc(Cc2cnc(N)nc2N)cc(OC)c1OC,0,c1ccc(Cc2cncnc2)cc1,COc1ccc(COc2ccccc2CCc2ccccc2)cc1OC,1,c1ccc(CCc2ccccc2OCc2ccccc2)cc1,0.26517482517482516,0,0.0012836123241350493
COc1cc(Cc2cnc(N)nc2N)cc(OC)c1OC,0,c1ccc(Cc2cncnc2)cc1,COc1cccc(COc2ccccc2CCc2ccccc2)c1OC,1,c1ccc(CCc2ccccc2OCc2ccccc2)cc1,0.2624074074074074,0,0.002018397689421039
COc1cc(Cc2cnc(N)nc2N)cc(OC)c1OC,0,c1ccc(Cc2cncnc2)cc1,COc1cc2nc(NCCc3cccc(OC)c3OC)nc(NCCc3cccc(OC)c3OC)c2cc1OC,1,c1ccc(CCNc2nc(NCCc3ccccc3)c3ccccc3n2)cc1,0.2571428571428571,0,0.008544931727728708
CC[C@@H](C)c1ccc(N2C(=O)c3ccccc3N[C@@H]2c2ccc(OC)cc2)cc1,1,O=C1c2ccccc2NC(c2ccccc2)N1c1ccccc1,CC[C@@H](C)c1ccc(N2C(=O)c3ccccc3N[C@@H]2c2ccc(C(C)C)cc2)cc1,1,O=C1c2ccccc2NC(c2ccccc2)N1c1ccccc1,0.8067736185383245,1,0.9989898324405416
CC[C@@H](C)c1ccc(N2C(=O)c3ccccc3N[C@@H]2c2ccc(OC)cc2)cc1,1,O=C1c2ccccc2NC(c2ccccc2)N1c1ccccc1,CC[C@H](C)c1ccc([C@@H]2Nc3ccccc3C(=O)N2c2ccc(Cl)cc2)cc1,1,O=C1c2ccccc2NC(c2ccccc2)N1c1ccccc1,0.764813870474248,1,0.9967733000435045
CC[C@@H](C)c1ccc(N2C(=O)c3ccccc3N[C@@H]2c2ccc(OC)cc2)cc1,1,O=C1c2ccccc2NC(c2ccccc2)N1c1ccccc1,COc1ccc([C@H]2Nc3ccccc3C(=O)N2c2ccc(Oc3ccccc3)cc2)cc1,1,O=C1c2ccccc2NC(c2ccccc2)N1c1ccc(Oc2ccccc2)cc1,0.7184905660377359,1,0.9944194735669556
CC[C@@H](C)c1ccc(N2C(=O)c3ccccc3N[C@@H]2c2ccc(OC)cc2)cc1,1,O=C1c2ccccc2NC(c2ccccc2)N1c1ccccc1,CCc1ccc(N2C(=O)c3ccccc3N[C@@H]2c2ccc(OCC(C)C)cc2)cc1,1,O=C1c2ccccc2NC(c2ccccc2)N1c1ccccc1,0.6283333333333334,1,0.9972961047062578
CCc1ccc(N2C(=O)c3ccccc3N[C@@H]2c2ccc(OCC(C)C)cc2)cc1,1,O=C1c2ccccc2NC(c2ccccc2)N1c1ccccc1,CC[C@@H](C)c1ccc(N2C(=O)c3ccccc3N[C@@H]2c2ccc(OC)cc2)cc1,1,O=C1c2ccccc2NC(c2ccccc2)N1c1ccccc1,0.6283333333333334,1,0.9982137457027874
CCc1ccc(N2C(=O)c3ccccc3N[C@@H]2c2ccc(OCC(C)C)cc2)cc1,1,O=C1c2ccccc2NC(c2ccccc2)N1c1ccccc1,COc1ccc([C@H]2Nc3ccccc3C(=O)N2c2ccc(Oc3ccccc3)cc2)cc1,1,O=C1c2ccccc2NC(c2ccccc2)N1c1ccc(Oc2ccccc2)cc1,0.5851724137931035,1,0.9938567296618057
CCc1ccc(N2C(=O)c3ccccc3N[C@@H]2c2ccc(OCC(C)C)cc2)cc1,1,O=C1c2ccccc2NC(c2ccccc2)N1c1ccccc1,CC[C@@H](C)c1ccc(N2C(=O)c3ccccc3N[C@@H]2c2ccc(C(C)C)cc2)cc1,1,O=C1c2ccccc2NC(c2ccccc2)N1c1ccccc1,0.5840938722294655,1,0.9993546076993645
CCc1ccc(N2C(=O)c3ccccc3N[C@@H]2c2ccc(OCC(C)C)cc2)cc1,1,O=C1c2ccccc2NC(c2ccccc2)N1c1ccccc1,CC[C@H](C)c1ccc([C@@H]2Nc3ccccc3C(=O)N2c2ccc(Cl)cc2)cc1,1,O=C1c2ccccc2NC(c2ccccc2)N1c1ccccc1,0.5575295463210065,1,0.9982701114512944
CC[C@H](C)c1ccc([C@@H]2Nc3ccccc3C(=O)N2c2ccc(Cl)cc2)cc1,1,O=C1c2ccccc2NC(c2ccccc2)N1c1ccccc1,CC[C@@H](C)c1ccc(N2C(=O)c3ccccc3N[C@@H]2c2ccc(C(C)C)cc2)cc1,1,O=C1c2ccccc2NC(c2ccccc2)N1c1ccccc1,0.8636363636363638,1,0.9897853793603254
CC[C@H](C)c1ccc([C@@H]2Nc3ccccc3C(=O)N2c2ccc(Cl)cc2)cc1,1,O=C1c2ccccc2NC(c2ccccc2)N1c1ccccc1,CC[C@@H](C)c1ccc(N2C(=O)c3ccccc3N[C@@H]2c2ccc(OC)cc2)cc1,1,O=C1c2ccccc2NC(c2ccccc2)N1c1ccccc1,0.764813870474248,1,0.9966791466312722
CC[C@H](C)c1ccc([C@@H]2Nc3ccccc3C(=O)N2c2ccc(Cl)cc2)cc1,1,O=C1c2ccccc2NC(c2ccccc2)N1c1ccccc1,CCc1ccc(N2C(=O)c3ccccc3N[C@@H]2c2ccc(OCC(C)C)cc2)cc1,1,O=C1c2ccccc2NC(c2ccccc2)N1c1ccccc1,0.5575295463210065,1,0.9942876861245856
CC[C@H](C)c1ccc([C@@H]2Nc3ccccc3C(=O)N2c2ccc(Cl)cc2)cc1,1,O=C1c2ccccc2NC(c2ccccc2)N1c1ccccc1,COc1ccc([C@H]2Nc3ccccc3C(=O)N2c2ccc(Oc3ccccc3)cc2)cc1,1,O=C1c2ccccc2NC(c2ccccc2)N1c1ccc(Oc2ccccc2)cc1,0.5287931034482759,1,0.9907737205149907
CC[C@@H](C)c1ccc(N2C(=O)c3ccccc3N[C@@H]2c2ccc(C(C)C)cc2)cc1,1,O=C1c2ccccc2NC(c2ccccc2)N1c1ccccc1,CC[C@H](C)c1ccc([C@@H]2Nc3ccccc3C(=O)N2c2ccc(Cl)cc2)cc1,1,O=C1c2ccccc2NC(c2ccccc2)N1c1ccccc1,0.8636363636363638,1,0.9903705869319288
CC[C@@H](C)c1ccc(N2C(=O)c3ccccc3N[C@@H]2c2ccc(C(C)C)cc2)cc1,1,O=C1c2ccccc2NC(c2ccccc2)N1c1ccccc1,CC[C@@H](C)c1ccc(N2C(=O)c3ccccc3N[C@@H]2c2ccc(OC)cc2)cc1,1,O=C1c2ccccc2NC(c2ccccc2)N1c1ccccc1,0.8067736185383245,1,0.9911978134134839
CC[C@@H](C)c1ccc(N2C(=O)c3ccccc3N[C@@H]2c2ccc(C(C)C)cc2)cc1,1,O=C1c2ccccc2NC(c2ccccc2)N1c1ccccc1,CCc1ccc(N2C(=O)c3ccccc3N[C@@H]2c2ccc(OCC(C)C)cc2)cc1,1,O=C1c2ccccc2NC(c2ccccc2)N1c1ccccc1,0.5840938722294655,1,0.9895365636002693
CC[C@@H](C)c1ccc(N2C(=O)c3ccccc3N[C@@H]2c2ccc(C(C)C)cc2)cc1,1,O=C1c2ccccc2NC(c2ccccc2)N1c1ccccc1,COc1ccc([C@H]2Nc3ccccc3C(=O)N2c2ccc(Oc3ccccc3)cc2)cc1,1,O=C1c2ccccc2NC(c2ccccc2)N1c1ccc(Oc2ccccc2)cc1,0.5563492063492064,1,0.960853381929674
COc1cccc(CCc2ccccc2OCc2ccncc2)c1,1,c1ccc(CCc2ccccc2OCc2ccncc2)cc1,COc1ccc(COc2ccccc2CCc2cccc(OC)c2)cc1,1,c1ccc(CCc2ccccc2OCc2ccccc2)cc1,0.7911788291900561,1,0.5788988725822644
COc1cccc(CCc2ccccc2OCc2ccncc2)c1,1,c1ccc(CCc2ccccc2OCc2ccncc2)cc1,COc1cccc(CCc2ccccc2OCc2cc(OC)cc(OC)c2)c1,1,c1ccc(CCc2ccccc2OCc2ccccc2)cc1,0.7672868217054264,1,0.665834593263466
COc1cccc(CCc2ccccc2OCc2ccncc2)c1,1,c1ccc(CCc2ccccc2OCc2ccncc2)cc1,COc1cccc(CCc2ccccc2OCc2ccccc2OC)c1,1,c1ccc(CCc2ccccc2OCc2ccccc2)cc1,0.7284848484848485,1,0.6311597949424747
COc1cccc(CCc2ccccc2OCc2ccncc2)c1,1,c1ccc(CCc2ccccc2OCc2ccncc2)cc1,COc1cccc(CCc2ccccc2OCc2ccc(OC)c(OC)c2)c1,1,c1ccc(CCc2ccccc2OCc2ccccc2)cc1,0.7150354609929078,1,0.619852439514124
Cc1ncc2n1-c1ccc(Cl)cc1C(c1ccccc1F)=NC2,1,c1ccc(C2=NCc3cncn3-c3ccccc32)cc1,CN(C)CCCN1c2ccccc2Sc2ccc(Cl)cc21,1,c1ccc2c(c1)Nc1ccccc1S2,0.22808181315644002,1,0.7685103496718496
Cc1ncc2n1-c1ccc(Cl)cc1C(c1ccccc1F)=NC2,1,c1ccc(C2=NCc3cncn3-c3ccccc32)cc1,CCOC(=O)N1CCC(=C2c3ccc(Cl)cc3CCc3cccnc32)CC1,1,c1ccc2c(c1)CCc1cccnc1C2=C1CCNCC1,0.22461091512761988,1,0.6674872104356635
Cc1ncc2n1-c1ccc(Cl)cc1C(c1ccccc1F)=NC2,1,c1ccc(C2=NCc3cncn3-c3ccccc32)cc1,Clc1ccc([C@H](Cn2ccnc2)OCc2c(Cl)cccc2Cl)c(Cl)c1,1,c1ccc(COC(Cn2ccnc2)c2ccccc2)cc1,0.2022267206477733,1,0.6963595368461052
Cc1ncc2n1-c1ccc(Cl)cc1C(c1ccccc1F)=NC2,1,c1ccc(C2=NCc3cncn3-c3ccccc32)cc1,Cc1ccccc1-c1nc(N2CCN(CCc3ccc(F)c(F)c3)CC2)c2c(n1)c(C#N)c1n2CCCC1,1,c1ccc(CCN2CCN(c3nc(-c4ccccc4)nc4cc5n(c34)CCCC5)CC2)cc1,0.19928315412186381,1,0.8478028161385182
O=C(CCc1ccccc1)c1ccccc1OC[C@H](O)CNCCCC(c1ccccc1)c1ccccc1,1,O=C(CCc1ccccc1)c1ccccc1OCCCNCCCC(c1ccccc1)c1ccccc1,O=C(CCc1ccccc1)c1ccccc1OC[C@@H](O)CNCC(c1ccccc1)c1ccccc1,1,O=C(CCc1ccccc1)c1ccccc1OCCCNCC(c1ccccc1)c1ccccc1,0.8,1,0.9994910160359062
O=C(CCc1ccccc1)c1ccccc1OC[C@H](O)CNCCCC(c1ccccc1)c1ccccc1,1,O=C(CCc1ccccc1)c1ccccc1OCCCNCCCC(c1ccccc1)c1ccccc1,O=C(CCc1ccccc1)c1ccccc1OC[C@H](O)CNCC(c1ccccc1)c1ccccc1,1,O=C(CCc1ccccc1)c1ccccc1OCCCNCC(c1ccccc1)c1ccccc1,0.8,1,0.9994910160359062
O=C(CCc1ccccc1)c1ccccc1OC[C@H](O)CNCCCC(c1ccccc1)c1ccccc1,1,O=C(CCc1ccccc1)c1ccccc1OCCCNCCCC(c1ccccc1)c1ccccc1,CCCNC[C@@H](O)COc1ccccc1C(=O)CCc1ccccc1,1,O=C(CCc1ccccc1)c1ccccc1,0.7566951566951566,1,0.9999666613884689
O=C(CCc1ccccc1)c1ccccc1OC[C@H](O)CNCCCC(c1ccccc1)c1ccccc1,1,O=C(CCc1ccccc1)c1ccccc1OCCCNCCCC(c1ccccc1)c1ccccc1,CCCNC[C@H](O)COc1ccccc1C(=O)CCc1ccccc1,1,O=C(CCc1ccccc1)c1ccccc1,0.7566951566951566,1,0.9999666613884689
O=c1c(-c2ccc(O)cc2)coc2cc(O)ccc12,0,O=c1c(-c2ccccc2)coc2ccccc12,O=c1c(O)c(-c2ccc3c(c2)O[C@@H](c2ccc(O)c(O)c2)[C@@H](CO)O3)oc2cc(O)cc(O)c12,1,O=c1cc(-c2ccc3c(c2)OC(c2ccccc2)CO3)oc2ccccc12,0.2536898395721925,0,0.0603805380076427
O=c1c(-c2ccc(O)cc2)coc2cc(O)ccc12,0,O=c1c(-c2ccccc2)coc2ccccc12,COc1cc([C@@H]2Oc3cc(-c4oc5cc(O)cc(O)c5c(=O)c4O)ccc3O[C@@H]2CO)ccc1O,1,O=c1cc(-c2ccc3c(c2)OC(c2ccccc2)CO3)oc2ccccc12,0.23504193849021437,0,0.14812037778380624
O=c1c(-c2ccc(O)cc2)coc2cc(O)ccc12,0,O=c1c(-c2ccccc2)coc2ccccc12,COc1ccc([C@@H]2Oc3cc(-c4oc5cc(O)cc(O)c5c(=O)c4O)ccc3O[C@@H]2CO)cc1OC,1,O=c1cc(-c2ccc3c(c2)OC(c2ccccc2)CO3)oc2ccccc12,0.2336872586872587,0,0.09034519792451408
O=c1c(-c2ccc(O)cc2)coc2cc(O)ccc12,0,O=c1c(-c2ccccc2)coc2ccccc12,COc1ccc([C@@H]2Oc3cc(-c4oc5cc(O)cc(O)c5c(=O)c4OC)ccc3O[C@@H]2CO)cc1OC,1,O=c1cc(-c2ccc3c(c2)OC(c2ccccc2)CO3)oc2ccccc12,0.23248484848484852,0,0.04578800772856496
O=c1c(-c2ccc(O)cc2)coc2cc(O)cc(O)c12,0,O=c1c(-c2ccccc2)coc2ccccc12,O=c1c(O)c(-c2ccc3c(c2)O[C@@H](c2ccc(O)c(O)c2)[C@@H](CO)O3)oc2cc(O)cc(O)c12,1,O=c1cc(-c2ccc3c(c2)OC(c2ccccc2)CO3)oc2ccccc12,0.37130877508236004,0,0.11385984024283494
O=c1c(-c2ccc(O)cc2)coc2cc(O)cc(O)c12,0,O=c1c(-c2ccccc2)coc2ccccc12,COc1cc([C@@H]2Oc3cc(-c4oc5cc(O)cc(O)c5c(=O)c4O)ccc3O[C@@H]2CO)ccc1O,1,O=c1cc(-c2ccc3c(c2)OC(c2ccccc2)CO3)oc2ccccc12,0.3416666666666667,0,0.1346129883205826
O=c1c(-c2ccc(O)cc2)coc2cc(O)cc(O)c12,0,O=c1c(-c2ccccc2)coc2ccccc12,COc1ccc([C@@H]2Oc3cc(-c4oc5cc(O)cc(O)c5c(=O)c4O)ccc3O[C@@H]2CO)cc1OC,1,O=c1cc(-c2ccc3c(c2)OC(c2ccccc2)CO3)oc2ccccc12,0.34074074074074073,0,0.014478945489062194
O=c1c(-c2ccc(O)cc2)coc2cc(O)cc(O)c12,0,O=c1c(-c2ccccc2)coc2ccccc12,COc1ccc([C@@H]2Oc3cc(-c4oc5cc(O)cc(O)c5c(=O)c4OC)ccc3O[C@@H]2CO)cc1OC,1,O=c1cc(-c2ccc3c(c2)OC(c2ccccc2)CO3)oc2ccccc12,0.33832884097035043,0,0.019022894681780544
CO[C@]12C[C@@H](COC(=O)c3cncc(Br)c3)CN(C)[C@@H]1Cc1cn(C)c3cccc2c13,1,O=C(OCC1CNC2Cc3c[nH]c4cccc(c34)C2C1)c1cccnc1,COc1cc2c(cc1OC)CN(CCc1ccc(NC(=O)c3cccnc3)cc1)CC2,1,O=C(Nc1ccc(CCN2CCc3ccccc3C2)cc1)c1cccnc1,0.22101067249582101,1,0.8537799750875544
CO[C@]12C[C@@H](COC(=O)c3cncc(Br)c3)CN(C)[C@@H]1Cc1cn(C)c3cccc2c13,1,O=C(OCC1CNC2Cc3c[nH]c4cccc(c34)C2C1)c1cccnc1,CCN(CC)C(=O)N[C@H]1C=C2c3cccc4[nH]cc(c34)C[C@H]2N(C)C1,1,C1=C2c3cccc4[nH]cc(c34)CC2NCC1,0.21738271604938272,1,0.8387972881777306
CO[C@]12C[C@@H](COC(=O)c3cncc(Br)c3)CN(C)[C@@H]1Cc1cn(C)c3cccc2c13,1,O=C(OCC1CNC2Cc3c[nH]c4cccc(c34)C2C1)c1cccnc1,COc1cc2c(cc1OC)CN(CCc1ccc(NC(=O)c3ccccc3NC(=O)c3cccnc3)cc1)CC2,1,O=C(Nc1ccccc1C(=O)Nc1ccc(CCN2CCc3ccccc3C2)cc1)c1cccnc1,0.2169086052723261,1,0.7167101004020694
CO[C@]12C[C@@H](COC(=O)c3cncc(Br)c3)CN(C)[C@@H]1Cc1cn(C)c3cccc2c13,1,O=C(OCC1CNC2Cc3c[nH]c4cccc(c34)C2C1)c1cccnc1,CC(C)C[C@H]1C(=O)N2CCCC2[C@@]2(O)O[C@@](NC(=O)[C@H]3C=C4c5cccc6[nH]c(Br)c(c56)C[C@H]4N(C)C3)(C(C)C)C(=O)N12,1,O=C(NC1OC2C3CCCN3C(=O)CN2C1=O)C1C=C2c3cccc4[nH]cc(c34)CC2NC1,0.2143058433485288,1,0.7881277301207084
O=C(COc1ccc(Cl)cc1)N1CCN(Cc2ccc3c(c2)OCO3)CC1,1,O=C(COc1ccccc1)N1CCN(Cc2ccc3c(c2)OCO3)CC1,O=C(CCc1ccccc1)c1cc(OCc2ccccc2)ccc1OC[C@H](O)CN1CCN(Cc2ccccc2)CC1,1,O=C(CCc1ccccc1)c1cc(OCc2ccccc2)ccc1OCCCN1CCN(Cc2ccccc2)CC1,0.2980548187444739,1,0.8025377435941499
O=C(COc1ccc(Cl)cc1)N1CCN(Cc2ccc3c(c2)OCO3)CC1,1,O=C(COc1ccccc1)N1CCN(Cc2ccc3c(c2)OCO3)CC1,NC(=O)OC[C@@H](O)COc1ccc(Cl)cc1,1,c1ccccc1,0.2904964539007092,1,0.9043917001410897
O=C(COc1ccc(Cl)cc1)N1CCN(Cc2ccc3c(c2)OCO3)CC1,1,O=C(COc1ccccc1)N1CCN(Cc2ccc3c(c2)OCO3)CC1,CC(=O)N1CCN(c2ccc(OC[C@@H]3CO[C@@](Cn4ccnc4)(c4ccc(Cl)cc4Cl)O3)cc2)CC1,1,c1ccc(C2(Cn3ccnc3)OCC(COc3ccc(N4CCNCC4)cc3)O2)cc1,0.2830303030303031,1,0.826295192882497
O=C(COc1ccc(Cl)cc1)N1CCN(Cc2ccc3c(c2)OCO3)CC1,1,O=C(COc1ccccc1)N1CCN(Cc2ccc3c(c2)OCO3)CC1,O=C(CCc1ccccc1)c1ccccc1OC[C@H](O)CN1CCN(Cc2ccccc2)CC1,1,O=C(CCc1ccccc1)c1ccccc1OCCCN1CCN(Cc2ccccc2)CC1,0.2785895484525622,1,0.9006795899814944
COC(=O)C1=CO[C@H](C)[C@@H]2CN3CCc4c([nH]c5ccccc45)[C@@H]3C[C@@H]12,0,C1=CC2CC3c4[nH]c5ccccc5c4CCN3CC2CO1,COC(=O)[C@H]1[C@@H]2C[C@@H]3c4[nH]c5cc(OC)ccc5c4CCN3C[C@@H]2C[C@H](OC(=O)c2cc(OC)c(OC)c(OC)c2)[C@@H]1OC,1,O=C(OC1CCC2CC3c4[nH]c5ccccc5c4CCN3CC2C1)c1ccccc1,0.406963249516441,0,0.07650586669166017
COC(=O)C1=CO[C@H](C)[C@@H]2CN3CCc4c([nH]c5ccccc45)[C@@H]3C[C@@H]12,0,C1=CC2CC3c4[nH]c5ccccc5c4CCN3CC2CO1,COC(=O)[C@@H]1[C@H]2C[C@@H]3c4[nH]c5cc(OC)ccc5c4CCN3C[C@@H]2C[C@@H](OC(=O)/C=C/c2cc(OC)c(OC)c(OC)c2)[C@H]1OC,1,O=C(C=Cc1ccccc1)OC1CCC2CC3c4[nH]c5ccccc5c4CCN3CC2C1,0.3806298276886512,0,0.049731559168771776
COC(=O)C1=CO[C@H](C)[C@@H]2CN3CCc4c([nH]c5ccccc45)[C@@H]3C[C@@H]12,0,C1=CC2CC3c4[nH]c5ccccc5c4CCN3CC2CO1,CCOC(=O)C1=C[C@@]2(CC)CCCN3CCc4c(n1c1ccccc41)[C@H]32,1,C1=Cn2c3c(c4ccccc42)CCN2CCCC1C32,0.2538888888888889,0,0.1488726322017808
COC(=O)C1=CO[C@H](C)[C@@H]2CN3CCc4c([nH]c5ccccc45)[C@@H]3C[C@@H]12,0,C1=CC2CC3c4[nH]c5ccccc5c4CCN3CC2CO1,COc1cc2c(cc1O)[C@@H]1Cc3ccc(OC)c(O)c3CN1CC2,1,c1ccc2c(c1)CC1c3ccccc3CCN1C2,0.23688509021842358,0,0.16427187399819487
CC1(C)Oc2ccc(C#N)cc2[C@H](N2CCN(Cc3ccccc3)CC2)[C@H]1O,1,c1ccc(CN2CCN(C3CCOc4ccccc43)CC2)cc1,CC(C)(C)OC(=O)CN(Cc1ccccc1)[C@H]1c2cc(C#N)ccc2OC(C)(C)[C@@H]1O,1,c1ccc(CNC2CCOc3ccccc32)cc1,0.5260911118190507,1,0.9098487631336538
CC1(C)Oc2ccc(C#N)cc2[C@H](N2CCN(Cc3ccccc3)CC2)[C@H]1O,1,c1ccc(CN2CCN(C3CCOc4ccccc43)CC2)cc1,Cc1ccc(C(=O)N2c3ccccc3[C@H](N3CCN(Cc4ccccc4)CC3)[C@@H](O)[C@@H]2C)cc1,1,O=C(c1ccccc1)N1CCC(N2CCN(Cc3ccccc3)CC2)c2ccccc21,0.38772522522522523,1,0.9017628010654997
CC1(C)Oc2ccc(C#N)cc2[C@H](N2CCN(Cc3ccccc3)CC2)[C@H]1O,1,c1ccc(CN2CCN(C3CCOc4ccccc43)CC2)cc1,O=C(CCc1ccccc1)c1ccccc1OC[C@H](O)CN1CCN(Cc2ccccc2)CC1,1,O=C(CCc1ccccc1)c1ccccc1OCCCN1CCN(Cc2ccccc2)CC1,0.2912801484230056,1,0.9297507101343977
CC1(C)Oc2ccc(C#N)cc2[C@H](N2CCN(Cc3ccccc3)CC2)[C@H]1O,1,c1ccc(CN2CCN(C3CCOc4ccccc43)CC2)cc1,O=C(CCc1ccccc1)c1ccccc1OC[C@@H](O)CN1CCN(Cc2ccccc2)CC1,1,O=C(CCc1ccccc1)c1ccccc1OCCCN1CCN(Cc2ccccc2)CC1,0.2912801484230056,1,0.9297507101343977
C=C(C)[C@@H]1CCC(C)=C[C@@H]1c1c(O)cc(CCCCC)cc1O,1,C1=CC(c2ccccc2)CCC1,CCCCCCC[C@H]1OC(=O)CC[C@H](Cc2ccccc2)N(C)C(=O)[C@H](C(C)C)OC(=O)[C@H]1C,1,O=C1COC(=O)CCOC(=O)CCC(Cc2ccccc2)N1,0.19834146341463416,1,0.9679342052497227
C=C(C)[C@@H]1CCC(C)=C[C@@H]1c1c(O)cc(CCCCC)cc1O,1,C1=CC(c2ccccc2)CCC1,CCCCCc1ccc(C(=O)Nc2ccccc2C(=O)NCCN2CCc3cc(OC)c(OC)cc3C2)cc1,1,O=C(Nc1ccccc1C(=O)NCCN1CCc2ccccc2C1)c1ccccc1,0.19324491600353672,1,0.9100093772212269
C=C(C)[C@@H]1CCC(C)=C[C@@H]1c1c(O)cc(CCCCC)cc1O,1,C1=CC(c2ccccc2)CCC1,CCCCCCC[C@H]1OC(=O)C[C@@H](O)[C@H](Cc2ccccc2)N(C)C(=O)[C@H](C)OC(=O)[C@H]1C,1,O=C1COC(=O)CCOC(=O)CCC(Cc2ccccc2)N1,0.1882716049382716,1,0.9574480693620095
C=C(C)[C@@H]1CCC(C)=C[C@@H]1c1c(O)cc(CCCCC)cc1O,1,C1=CC(c2ccccc2)CCC1,CCCCCCC[C@H]1OC(=O)C[C@@H](O)[C@H](Cc2ccccc2)N(C)C(=O)COC(=O)[C@H]1C,1,O=C1COC(=O)CCOC(=O)CCC(Cc2ccccc2)N1,0.1847335140018067,1,0.945153562775997
CCCCS(=O)(=O)Oc1ccc2c(C(=O)c3ccc(OCCN4CCCCC4)cc3)c(-c3ccc(S(=O)(=O)CCCC)cc3)sc2c1,1,O=C(c1ccc(OCCN2CCCCC2)cc1)c1c(-c2ccccc2)sc2ccccc12,Cc1c(-c2ccccc2)oc2c(C(=O)OCCN3CCCCC3)cccc2c1=O,1,O=C(OCCN1CCCCC1)c1cccc2c(=O)cc(-c3ccccc3)oc12,0.2837301587301587,1,0.9998143505701105
CCCCS(=O)(=O)Oc1ccc2c(C(=O)c3ccc(OCCN4CCCCC4)cc3)c(-c3ccc(S(=O)(=O)CCCC)cc3)sc2c1,1,O=C(c1ccc(OCCN2CCCCC2)cc1)c1c(-c2ccccc2)sc2ccccc12,O=C(CCc1ccccc1)c1ccccc1OCCN1CCCCC1,1,O=C(CCc1ccccc1)c1ccccc1OCCN1CCCCC1,0.2758376034686638,1,0.998624200201694
CCCCS(=O)(=O)Oc1ccc2c(C(=O)c3ccc(OCCN4CCCCC4)cc3)c(-c3ccc(S(=O)(=O)CCCC)cc3)sc2c1,1,O=C(c1ccc(OCCN2CCCCC2)cc1)c1c(-c2ccccc2)sc2ccccc12,O=C(CCc1ccccc1)c1ccc(OC[C@H](O)CN2CCCCC2)cc1,1,O=C(CCc1ccccc1)c1ccc(OCCCN2CCCCC2)cc1,0.26222222222222225,1,0.9999576188182041
CCCCS(=O)(=O)Oc1ccc2c(C(=O)c3ccc(OCCN4CCCCC4)cc3)c(-c3ccc(S(=O)(=O)CCCC)cc3)sc2c1,1,O=C(c1ccc(OCCN2CCCCC2)cc1)c1c(-c2ccccc2)sc2ccccc12,O=C(CCc1ccccc1)c1ccc(OC[C@@H](O)CN2CCCCC2)cc1,1,O=C(CCc1ccccc1)c1ccc(OCCCN2CCCCC2)cc1,0.26222222222222225,1,0.9999576188182041
C[C@H]1NCCc2cc(O)c(O)cc21,0,c1ccc2c(c1)CCNC2,COc1cc2c(cc1O)[C@@H]1Cc3ccc(OC)c(O)c3CN1CC2,1,c1ccc2c(c1)CC1c3ccccc3CCN1C2,0.24808080808080807,0,0.005742363673521446
C[C@H]1NCCc2cc(O)c(O)cc21,0,c1ccc2c(c1)CCNC2,C=C(C)[C@@H]1CCC(C)=C[C@@H]1c1c(O)cc(CCCCC)cc1O,1,C1=CC(c2ccccc2)CCC1,0.18913136499786048,0,0.016239822425478508
C[C@H]1NCCc2cc(O)c(O)cc21,0,c1ccc2c(c1)CCNC2,Cc1cc(C(C)(C)C)c(O)c(C)c1CC1=NCCN1,1,c1ccc(CC2=NCCN2)cc1,0.17276955602537,0,0.09337515301525641
C[C@H]1NCCc2cc(O)c(O)cc21,0,c1ccc2c(c1)CCNC2,COc1cc(Br)c(C[C@H]2c3cc(OC)c(OC)cc3CCN2C)cc1OC,1,c1ccc(CC2NCCc3ccccc32)cc1,0.17212121212121215,0,0.002602911782968546
COc1cc2c(cc1OC)CNCC2,0,c1ccc2c(c1)CCNC2,COc1cc(Br)c(C[C@H]2c3cc(OC)c(OC)cc3CCN2C)cc1OC,1,c1ccc(CC2NCCc3ccccc32)cc1,0.29523809523809524,0,0.004570867571360813
COc1cc2c(cc1OC)CNCC2,0,c1ccc2c(c1)CCNC2,COc1cccc(CCc2ccccc2OCCN2CCc3cc(OC)c(OC)cc3C2)c1,1,c1ccc(CCc2ccccc2OCCN2CCc3ccccc3C2)cc1,0.26046511627906976,0,0.010720901424536692
COc1cc2c(cc1OC)CNCC2,0,c1ccc2c(c1)CCNC2,COc1cc2c(cc1OC)CN(CCc1ccc(NC(=O)c3ccc4ccccc4c3)cc1)CC2,1,O=C(Nc1ccc(CCN2CCc3ccccc3C2)cc1)c1ccc2ccccc2c1,0.2584937521107734,0,0.0031073324196339274
COc1cc2c(cc1OC)CNCC2,0,c1ccc2c(c1)CCNC2,COc1cc2c(cc1OC)CN(CCNC(=O)c1ccccc1NC(=O)c1ccc3ccccc3c1)CC2,1,O=C(Nc1ccccc1C(=O)NCCN1CCc2ccccc2C1)c1ccc2ccccc2c1,0.25828737300435417,0,0.008800576338993693
COc1cc2c(cc1OC)[C@@H](C)NCC2,0,c1ccc2c(c1)CCNC2,COc1cc(Br)c(C[C@H]2c3cc(OC)c(OC)cc3CCN2C)cc1OC,1,c1ccc(CC2NCCc3ccccc32)cc1,0.3588775510204082,0,0.004858332710934655
COc1cc2c(cc1OC)[C@@H](C)NCC2,0,c1ccc2c(c1)CCNC2,COc1cc2c(cc1O)[C@@H]1Cc3ccc(OC)c(O)c3CN1CC2,1,c1ccc2c(c1)CC1c3ccccc3CCN1C2,0.28606060606060607,0,0.0037779023014383206
COc1cc2c(cc1OC)[C@@H](C)NCC2,0,c1ccc2c(c1)CCNC2,COc1cc(C[C@@H]2c3cc(OC)c(OC)cc3CCN2C)c(Oc2cc3c(cc2OC)-c2c(OC)c(OC)cc4c2[C@@H](C3)N(C)CC4)cc1OC,1,c1ccc(Oc2ccc3c(c2)CC2NCCc4cccc-3c42)c(CC2NCCc3ccccc32)c1,0.2735009671179884,0,0.1484507388885143
COc1cc2c(cc1OC)[C@@H](C)NCC2,0,c1ccc2c(c1)CCNC2,COc1ccc(CCNCCC[C@@](C#N)(c2ccc(OC)c(OC)c2)C(C)C)cc1OC,1,c1ccc(CCCCNCCc2ccccc2)cc1,0.24714640198511167,0,0.013832895098615752
C[C@@H]1NCCc2cc(O)c(O)cc21,0,c1ccc2c(c1)CCNC2,COc1cc2c(cc1O)[C@@H]1Cc3ccc(OC)c(O)c3CN1CC2,1,c1ccc2c(c1)CC1c3ccccc3CCN1C2,0.24808080808080807,0,0.005742363673521446
C[C@@H]1NCCc2cc(O)c(O)cc21,0,c1ccc2c(c1)CCNC2,C=C(C)[C@@H]1CCC(C)=C[C@@H]1c1c(O)cc(CCCCC)cc1O,1,C1=CC(c2ccccc2)CCC1,0.18913136499786048,0,0.016239822425478508
C[C@@H]1NCCc2cc(O)c(O)cc21,0,c1ccc2c(c1)CCNC2,Cc1cc(C(C)(C)C)c(O)c(C)c1CC1=NCCN1,1,c1ccc(CC2=NCCN2)cc1,0.17276955602537,0,0.09337515301525641
C[C@@H]1NCCc2cc(O)c(O)cc21,0,c1ccc2c(c1)CCNC2,COc1cc(Br)c(C[C@H]2c3cc(OC)c(OC)cc3CCN2C)cc1OC,1,c1ccc(CC2NCCc3ccccc32)cc1,0.17212121212121215,0,0.002602911782968546
Cc1[nH]ccc2c1[nH]c1cc(=O)ccc12,0,O=c1ccc2c(c1)[nH]c1c[nH]ccc12,CN(C)Cc1c[nH]c2ccccc12,1,c1ccc2[nH]ccc2c1,0.1902242668200115,0,0.0011415465234690587
Cc1[nH]ccc2c1[nH]c1cc(=O)ccc12,0,O=c1ccc2c(c1)[nH]c1c[nH]ccc12,COc1cc2c(cc1OC)CN(CCc1ccc(NC(=O)c3cccc4c(=O)c5cccc(OC)c5[nH]c34)cc1)CC2,1,O=C(Nc1ccc(CCN2CCc3ccccc3C2)cc1)c1cccc2c(=O)c3ccccc3[nH]c12,0.15346956151553853,0,0.024628094310947275
Cc1[nH]ccc2c1[nH]c1cc(=O)ccc12,0,O=c1ccc2c(c1)[nH]c1c[nH]ccc12,COc1ccccc1OCCNC[C@H](O)COc1cccc2[nH]c3ccccc3c12,1,c1ccc(OCCNCCCOc2cccc3[nH]c4ccccc4c23)cc1,0.148072772124576,0,0.00200345630011937
Cc1[nH]ccc2c1[nH]c1cc(=O)ccc12,0,O=c1ccc2c(c1)[nH]c1c[nH]ccc12,CN1CCN(CCCCn2c3ccccc3c(=O)c3ccccc32)CC1,1,O=c1c2ccccc2n(CCCCN2CCNCC2)c2ccccc12,0.14272727272727273,0,0.0021966766454812854
NC[C@H]1O[C@@H](O[C@@H]2[C@@H](O)[C@H](O[C@@H]3[C@@H](O)[C@H](N)C[C@H](N)[C@@H]3O[C@H]3O[C@H](CO)[C@@H](O)[C@@H](O)[C@H]3N)O[C@H]2CO)[C@@H](N)[C@@H](O)[C@H]1O,0,C1CCC(OC2COC(OC3CCCCC3OC3CCCCO3)C2)OC1,CCC[C@@H]1C[C@H](C(=O)N[C@H]([C@@H]2O[C@@H](SC)[C@H](O)[C@@H](O)[C@@H]2O)[C@@H](C)Cl)N(C)C1,1,O=C(NCC1CCCCO1)C1CCCN1,0.13221288515406163,0,0.0011191538749922376
NC[C@H]1O[C@@H](O[C@@H]2[C@@H](O)[C@H](O[C@@H]3[C@@H](O)[C@H](N)C[C@H](N)[C@@H]3O[C@H]3O[C@H](CO)[C@@H](O)[C@@H](O)[C@H]3N)O[C@H]2CO)[C@@H](N)[C@@H](O)[C@H]1O,0,C1CCC(OC2COC(OC3CCCCC3OC3CCCCO3)C2)OC1,COc1cc([C@@H]2Oc3cc([C@H]4Oc5cc(OCc6ccccc6)cc(O)c5C(=O)[C@@H]4O)ccc3O[C@H]2CO)ccc1O,1,O=C1CC(c2ccc3c(c2)OC(c2ccccc2)CO3)Oc2cc(OCc3ccccc3)ccc21,0.11781206171107995,0,0.00029881659262973726
NC[C@H]1O[C@@H](O[C@@H]2[C@@H](O)[C@H](O[C@@H]3[C@@H](O)[C@H](N)C[C@H](N)[C@@H]3O[C@H]3O[C@H](CO)[C@@H](O)[C@@H](O)[C@H]3N)O[C@H]2CO)[C@@H](N)[C@@H](O)[C@H]1O,0,C1CCC(OC2COC(OC3CCCCC3OC3CCCCO3)C2)OC1,COc1cc(OC)c2c(=O)c(O)c(-c3ccc4c(c3)O[C@H](c3ccc(OC)c(OC)c3)[C@@H](CO)O4)oc2c1,1,O=c1cc(-c2ccc3c(c2)OC(c2ccccc2)CO3)oc2ccccc12,0.11044729917969355,0,0.00022588432725657138
NC[C@H]1O[C@@H](O[C@@H]2[C@@H](O)[C@H](O[C@@H]3[C@@H](O)[C@H](N)C[C@H](N)[C@@H]3O[C@H]3O[C@H](CO)[C@@H](O)[C@@H](O)[C@H]3N)O[C@H]2CO)[C@@H](N)[C@@H](O)[C@H]1O,0,C1CCC(OC2COC(OC3CCCCC3OC3CCCCO3)C2)OC1,COc1ccc([C@@H]2Oc3cc(-c4oc5cc(O)cc(O)c5c(=O)c4O)ccc3O[C@@H]2CO)cc1OC,1,O=c1cc(-c2ccc3c(c2)OC(c2ccccc2)CO3)oc2ccccc12,0.10949173300673606,0,0.0002527034979128179
O=c1c2ccccc2nc2n1CCCC2,0,O=c1c2ccccc2nc2n1CCCC2,Clc1ccccc1-c1nc(N2CCCC2)c2ccccc2n1,1,c1ccc(-c2nc(N3CCCC3)c3ccccc3n2)cc1,0.33842058562555455,0,0.00815867631378713
O=c1c2ccccc2nc2n1CCCC2,0,O=c1c2ccccc2nc2n1CCCC2,O=c1c2ccccc2n(CCCCN2CCCCC2)c2ccccc12,1,O=c1c2ccccc2n(CCCCN2CCCCC2)c2ccccc12,0.31062271062271063,0,0.02206485170316406
O=c1c2ccccc2nc2n1CCCC2,0,O=c1c2ccccc2nc2n1CCCC2,O=c1c2ccccc2n(CCCN2CCCCC2)c2ccccc12,1,O=c1c2ccccc2n(CCCN2CCCCC2)c2ccccc12,0.3085714285714286,0,0.023550298981378302
O=c1c2ccccc2nc2n1CCCC2,0,O=c1c2ccccc2nc2n1CCCC2,N#Cc1c2n(c3c(NS(=O)(=O)Cc4ccccc4)ncnc13)CCCC2,1,O=S(=O)(Cc1ccccc1)Nc1ncnc2cc3n(c12)CCCC3,0.2626643796455117,0,0.014532147499065435
COc1cc2c(cc1OC)CN(CCc1ccc(NC(=O)c3cccnc3)cc1)CC2,1,O=C(Nc1ccc(CCN2CCc3ccccc3C2)cc1)c1cccnc1,COc1cc2c(cc1OC)CN(CCc1ccc(NC(=O)c3ccccc3NC(=O)c3cccnc3)cc1)CC2,1,O=C(Nc1ccccc1C(=O)Nc1ccc(CCN2CCc3ccccc3C2)cc1)c1cccnc1,0.8752772808586763,1,0.9720428537482724
COc1cc2c(cc1OC)CN(CCc1ccc(NC(=O)c3cccnc3)cc1)CC2,1,O=C(Nc1ccc(CCN2CCc3ccccc3C2)cc1)c1cccnc1,COc1cc2c(cc1OC)CN(CCc1ccc(NC(=O)c3ccccc3NC(=O)c3ccccc3)cc1)CC2,1,O=C(Nc1ccccc1C(=O)Nc1ccc(CCN2CCc3ccccc3C2)cc1)c1ccccc1,0.7066485753052918,1,0.983193898479418
COc1cc2c(cc1OC)CN(CCc1ccc(NC(=O)c3cccnc3)cc1)CC2,1,O=C(Nc1ccc(CCN2CCc3ccccc3C2)cc1)c1cccnc1,COc1cc2c(cc1OC)CN(CCc1ccc(NC(=O)c3ccc4ccccc4c3)cc1)CC2,1,O=C(Nc1ccc(CCN2CCc3ccccc3C2)cc1)c1ccc2ccccc2c1,0.7052842809364549,1,0.9339417945640219
COc1cc2c(cc1OC)CN(CCc1ccc(NC(=O)c3cccnc3)cc1)CC2,1,O=C(Nc1ccc(CCN2CCc3ccccc3C2)cc1)c1cccnc1,COc1cc2c(cc1OC)CN(CCc1ccc(NC(=O)c3cc4ccccc4cn3)cc1)CC2,1,O=C(Nc1ccc(CCN2CCc3ccccc3C2)cc1)c1cc2ccccc2cn1,0.6784313725490196,1,0.9476393583229483
Cc1ncc([N+](=O)[O-])n1C[C@H](O)CCl,0,c1c[nH]cn1,O=C(CCc1ccccc1)c1ccccc1OC[C@@H](O)CNc1ccc([N+](=O)[O-])cc1,1,O=C(CCc1ccccc1)c1ccccc1OCCCNc1ccccc1,0.20127214902317128,0,0.027409841207262635
Cc1ncc([N+](=O)[O-])n1C[C@H](O)CCl,0,c1c[nH]cn1,Cc1nn(C)c(OC[C@@H](O)CN(C(C)C)C(C)C)c1C(=O)c1ccccc1,1,O=C(c1ccccc1)c1cn[nH]c1,0.18145338879373626,0,0.0018876292659612823
Cc1ncc([N+](=O)[O-])n1C[C@H](O)CCl,0,c1c[nH]cn1,CC(=O)c1ccccc1OC[C@@H](O)CN1CCC(O)(c2ccccc2)CC1,1,c1ccc(OCCCN2CCC(c3ccccc3)CC2)cc1,0.17399380804953563,0,0.003130121163041266
Cc1ncc([N+](=O)[O-])n1C[C@H](O)CCl,0,c1c[nH]cn1,Cc1nn(-c2ccccc2)c(OC[C@@H](O)CN(C(C)C)C(C)C)c1C(=O)c1ccccc1,1,O=C(c1ccccc1)c1cnn(-c2ccccc2)c1,0.17396825396825397,0,0.0031633998888208523
Cc1ncc([N+](=O)[O-])n1CCO,0,c1c[nH]cn1,O=c1c2ccccc2n(CCCCN2CCN(CCO)CC2)c2ccccc12,1,O=c1c2ccccc2n(CCCCN2CCNCC2)c2ccccc12,0.2077044025157233,0,0.02990299844617172
Cc1ncc([N+](=O)[O-])n1CCO,0,c1c[nH]cn1,O=c1c2ccccc2n(CCCN2CCN(CCO)CC2)c2ccccc12,1,O=c1c2ccccc2n(CCCN2CCNCC2)c2ccccc12,0.2077044025157233,0,0.008083147293013626
Cc1ncc([N+](=O)[O-])n1CCO,0,c1c[nH]cn1,COc1cccc2c(=O)c3ccccc3n(CCCCN3CCN(CCO)CC3)c12,1,O=c1c2ccccc2n(CCCCN2CCNCC2)c2ccccc12,0.1863636363636364,0,0.09931968133895952
Cc1ncc([N+](=O)[O-])n1CCO,0,c1c[nH]cn1,COc1cccc2c(=O)c3ccccc3n(CCCN3CCN(CCO)CC3)c12,1,O=c1c2ccccc2n(CCCN2CCNCC2)c2ccccc12,0.1863636363636364,0,0.004172107368919158
CCS(=O)(=O)CCn1c([N+](=O)[O-])cnc1C,0,c1c[nH]cn1,CC(=O)CCCCn1c(=O)c2c(ncn2C)n(C)c1=O,1,O=c1[nH]c(=O)c2[nH]cnc2[nH]1,0.18826229508196723,0,0.011478001946399396
CCS(=O)(=O)CCn1c([N+](=O)[O-])cnc1C,0,c1c[nH]cn1,CCOC(=O)C1=C(C)NC(C)=C(C(=O)OC)[C@H]1c1cccc([N+](=O)[O-])c1,1,C1=CC(c2ccccc2)C=CN1,0.1754264392324094,0,0.003296893693490074
CCS(=O)(=O)CCn1c([N+](=O)[O-])cnc1C,0,c1c[nH]cn1,N#Cc1c2n(c3c(N4CCN(CCc5ccc([N+](=O)[O-])cc5)CC4)ncnc13)CCCC2,1,c1ccc(CCN2CCN(c3ncnc4cc5n(c34)CCCC5)CC2)cc1,0.17164556962025318,0,0.0033035771221738217
CCS(=O)(=O)CCn1c([N+](=O)[O-])cnc1C,0,c1c[nH]cn1,CCCCCCn1c(-c2ccc(C(=O)OC)cc2)nc(-c2ccc(N(C)C)cc2)c1-c1ccc(N(C)C)cc1,1,c1ccc(-c2nc(-c3ccccc3)c(-c3ccccc3)[nH]2)cc1,0.1649923896499239,0,0.03399362854643718
O=C(Cn1ccnc1[N+](=O)[O-])NCCO,0,c1c[nH]cn1,O=C(CCc1ccccc1)c1ccccc1OC[C@@H](O)CNc1ccc([N+](=O)[O-])cc1,1,O=C(CCc1ccccc1)c1ccccc1OCCCNc1ccccc1,0.17179054054054055,0,0.005580547461035032
O=C(Cn1ccnc1[N+](=O)[O-])NCCO,0,c1c[nH]cn1,CCOC(=O)C1=C(C)NC(C)=C(C(=O)OC)[C@H]1c1cccc([N+](=O)[O-])c1,1,C1=CC(c2ccccc2)C=CN1,0.16579710144927537,0,0.0055905735887150755
O=C(Cn1ccnc1[N+](=O)[O-])NCCO,0,c1c[nH]cn1,N#Cc1c2n(c3c(N4CCN(CCc5ccc([N+](=O)[O-])cc5)CC4)ncnc13)CCCC2,1,c1ccc(CCN2CCN(c3ncnc4cc5n(c34)CCCC5)CC2)cc1,0.14850174216027873,0,0.007650807147194765
O=C(Cn1ccnc1[N+](=O)[O-])NCCO,0,c1c[nH]cn1,COC(=O)C1=C(C)NC(C)=C(C(=O)OCCN2CCN(C(c3ccccc3)c3ccccc3)CC2)[C@H]1c1cccc([N+](=O)[O-])c1,1,O=C(OCCN1CCN(C(c2ccccc2)c2ccccc2)CC1)C1=CNC=CC1c1ccccc1,0.1437873754152824,0,0.10737477412878607
CCn1cc(C(=O)O)c(=O)c2cc(F)c(N3CCNCC3)nc21,0,O=c1cc[nH]c2nc(N3CCNCC3)ccc12,CCNC(=O)c1c2n(c3c(N4CCN(CCc5ccc(F)c(F)c5)CC4)ncnc13)CCCC2,1,c1ccc(CCN2CCN(c3ncnc4cc5n(c34)CCCC5)CC2)cc1,0.2066808059384942,0,0.04012143556172313
CCn1cc(C(=O)O)c(=O)c2cc(F)c(N3CCNCC3)nc21,0,O=c1cc[nH]c2nc(N3CCNCC3)ccc12,Clc1ccccc1-c1nc(N2CCCC2)c2ccccc2n1,1,c1ccc(-c2nc(N3CCCC3)c3ccccc3n2)cc1,0.19301587301587303,0,0.0017282522943303973
CCn1cc(C(=O)O)c(=O)c2cc(F)c(N3CCNCC3)nc21,0,O=c1cc[nH]c2nc(N3CCNCC3)ccc12,CCCCCCn1c(-c2ccc(C(=O)O)cc2)nc(-c2ccc(N(C)C)cc2)c1-c1ccc(N(C)C)cc1,1,c1ccc(-c2nc(-c3ccccc3)c(-c3ccccc3)[nH]2)cc1,0.17757553694939934,0,0.02127508192862767
CCn1cc(C(=O)O)c(=O)c2cc(F)c(N3CCNCC3)nc21,0,O=c1cc[nH]c2nc(N3CCNCC3)ccc12,CN1CCN(CCCn2c3ccccc3c(=O)c3ccccc32)CC1,1,O=c1c2ccccc2n(CCCN2CCNCC2)c2ccccc12,0.17405106970324363,0,0.0004177633437768053
CC1(C)S[C@@H]2C(NC(=O)[C@@H](NC(=O)N3CCNC3=O)c3ccccc3)C(=O)N2[C@H]1C(=O)O,0,O=C(NC1C(=O)N2CCSC12)C(NC(=O)N1CCNC1=O)c1ccccc1,CC(=O)[C@@H]1CC[C@@H]2[C@@H]3[C@H](Sc4ccc(NC(=O)N[C@H](C)c5ccccc5)cc4)CC4=CC(=O)CC[C@]4(C)[C@H]3CC[C@]21C,1,O=C1C=C2CC(Sc3ccc(NC(=O)NCc4ccccc4)cc3)C3C4CCCC4CCC3C2CC1,0.2160377358490566,0,0.0029881592469378224
CC1(C)S[C@@H]2C(NC(=O)[C@@H](NC(=O)N3CCNC3=O)c3ccccc3)C(=O)N2[C@H]1C(=O)O,0,O=C(NC1C(=O)N2CCSC12)C(NC(=O)N1CCNC1=O)c1ccccc1,COC(=O)C1=C(C)NC(C)=C(C(=O)OCCN2CCN(C(c3ccccc3)c3ccccc3)CC2)[C@H]1c1cccc([N+](=O)[O-])c1,1,O=C(OCCN1CCN(C(c2ccccc2)c2ccccc2)CC1)C1=CNC=CC1c1ccccc1,0.21469072164948452,0,0.0047258455601412045
CC1(C)S[C@@H]2C(NC(=O)[C@@H](NC(=O)N3CCNC3=O)c3ccccc3)C(=O)N2[C@H]1C(=O)O,0,O=C(NC1C(=O)N2CCSC12)C(NC(=O)N1CCNC1=O)c1ccccc1,CCC(=O)N(c1ccccc1)C1CCN(CCc2ccccc2)CC1,1,c1ccc(CCN2CCC(Nc3ccccc3)CC2)cc1,0.1980246913580247,0,4.8427050285199896e-05
CC1(C)S[C@@H]2C(NC(=O)[C@@H](NC(=O)N3CCNC3=O)c3ccccc3)C(=O)N2[C@H]1C(=O)O,0,O=C(NC1C(=O)N2CCSC12)C(NC(=O)N1CCNC1=O)c1ccccc1,COC(=O)C1=C(C)NC(C)=C(C(=O)O[C@H]2CCCN(Cc3ccccc3)C2)[C@@H]1c1cccc([N+](=O)[O-])c1,1,O=C(OC1CCCN(Cc2ccccc2)C1)C1=CNC=CC1c1ccccc1,0.198,0,0.005060344884970963
CN1CCC(=C2c3ccccc3C=Cc3ccccc32)CC1,1,C1=Cc2ccccc2C(=C2CCNCC2)c2ccccc21,CN1CCC(=C2c3ccccc3Sc3ccccc32)CC1,1,c1ccc2c(c1)Sc1ccccc1C2=C1CCNCC1,0.6182555780933063,1,0.7845271588969446
CN1CCC(=C2c3ccccc3C=Cc3ccccc32)CC1,1,C1=Cc2ccccc2C(=C2CCNCC2)c2ccccc21,CN1CCCN([C@@H](c2ccccc2)c2ccc(Cl)cc2)CC1,1,c1ccc(C(c2ccccc2)N2CCCNCC2)cc1,0.2787878787878788,1,0.7460856394355968
CN1CCC(=C2c3ccccc3C=Cc3ccccc32)CC1,1,C1=Cc2ccccc2C(=C2CCNCC2)c2ccccc21,CN1CCN(CCCCn2c3ccccc3c(=O)c3ccccc32)CC1,1,O=c1c2ccccc2n(CCCCN2CCNCC2)c2ccccc12,0.255,1,0.8598266005252514
CN1CCC(=C2c3ccccc3C=Cc3ccccc32)CC1,1,C1=Cc2ccccc2C(=C2CCNCC2)c2ccccc21,CN1CCN(CCCn2c3ccccc3c(=O)c3ccccc32)CC1,1,O=c1c2ccccc2n(CCCN2CCNCC2)c2ccccc12,0.255,1,0.8380767750721787
COC(=O)[C@@H]1[C@H]2C[C@@H]3c4[nH]c5ccccc5c4CCN3C[C@@H]2CC[C@@H]1O,0,c1ccc2c3c([nH]c2c1)C1CC2CCCCC2CN1CC3,COC(=O)[C@H]1[C@@H]2C[C@@H]3c4[nH]c5cc(OC)ccc5c4CCN3C[C@@H]2C[C@H](OC(=O)c2cc(OC)c(OC)c(OC)c2)[C@@H]1OC,1,O=C(OC1CCC2CC3c4[nH]c5ccccc5c4CCN3CC2C1)c1ccccc1,0.515625,0,0.008148386971562664
COC(=O)[C@@H]1[C@H]2C[C@@H]3c4[nH]c5ccccc5c4CCN3C[C@@H]2CC[C@@H]1O,0,c1ccc2c3c([nH]c2c1)C1CC2CCCCC2CN1CC3,COC(=O)[C@@H]1[C@H]2C[C@@H]3c4[nH]c5cc(OC)ccc5c4CCN3C[C@@H]2C[C@@H](OC(=O)/C=C/c2cc(OC)c(OC)c(OC)c2)[C@H]1OC,1,O=C(C=Cc1ccccc1)OC1CCC2CC3c4[nH]c5ccccc5c4CCN3CC2C1,0.49393939393939396,0,0.004429418659853081
COC(=O)[C@@H]1[C@H]2C[C@@H]3c4[nH]c5ccccc5c4CCN3C[C@@H]2CC[C@@H]1O,0,c1ccc2c3c([nH]c2c1)C1CC2CCCCC2CN1CC3,CCOC(=O)C1=C[C@@]2(CC)CCCN3CCc4c(n1c1ccccc41)[C@H]32,1,C1=Cn2c3c(c4ccccc42)CCN2CCCC1C32,0.24646464646464647,0,0.034171634450495286
COC(=O)[C@@H]1[C@H]2C[C@@H]3c4[nH]c5ccccc5c4CCN3C[C@@H]2CC[C@@H]1O,0,c1ccc2c3c([nH]c2c1)C1CC2CCCCC2CN1CC3,COc1cc2c(cc1O)[C@@H]1Cc3ccc(OC)c(O)c3CN1CC2,1,c1ccc2c(c1)CC1c3ccccc3CCN1C2,0.2448717948717949,0,0.012780862306243118
O=C(O)[C@@H]1[C@H]2C[C@@H]3c4[nH]c5ccccc5c4CCN3C[C@@H]2CC[C@H]1O,0,c1ccc2c3c([nH]c2c1)C1CC2CCCCC2CN1CC3,COC(=O)[C@H]1[C@@H]2C[C@@H]3c4[nH]c5cc(OC)ccc5c4CCN3C[C@@H]2C[C@H](OC(=O)c2cc(OC)c(OC)c(OC)c2)[C@@H]1OC,1,O=C(OC1CCC2CC3c4[nH]c5ccccc5c4CCN3CC2C1)c1ccccc1,0.4182170542635659,0,0.0005407514211358066
O=C(O)[C@@H]1[C@H]2C[C@@H]3c4[nH]c5ccccc5c4CCN3C[C@@H]2CC[C@H]1O,0,c1ccc2c3c([nH]c2c1)C1CC2CCCCC2CN1CC3,COC(=O)[C@@H]1[C@H]2C[C@@H]3c4[nH]c5cc(OC)ccc5c4CCN3C[C@@H]2C[C@@H](OC(=O)/C=C/c2cc(OC)c(OC)c(OC)c2)[C@H]1OC,1,O=C(C=Cc1ccccc1)OC1CCC2CC3c4[nH]c5ccccc5c4CCN3CC2C1,0.3887733887733888,0,0.0007896587937976901
O=C(O)[C@@H]1[C@H]2C[C@@H]3c4[nH]c5ccccc5c4CCN3C[C@@H]2CC[C@H]1O,0,c1ccc2c3c([nH]c2c1)C1CC2CCCCC2CN1CC3,CCOC(=O)C1=C[C@@]2(CC)CCCN3CCc4c(n1c1ccccc41)[C@H]32,1,C1=Cn2c3c(c4ccccc42)CCN2CCCC1C32,0.2214810281517748,0,0.0008524626873235698
O=C(O)[C@@H]1[C@H]2C[C@@H]3c4[nH]c5ccccc5c4CCN3C[C@@H]2CC[C@H]1O,0,c1ccc2c3c([nH]c2c1)C1CC2CCCCC2CN1CC3,COc1cc2c(cc1O)[C@@H]1Cc3ccc(OC)c(O)c3CN1CC2,1,c1ccc2c(c1)CC1c3ccccc3CCN1C2,0.2116883116883117,0,0.0014730952162008335
CC[C@@]12CCCN3CCc4c(n(c5ccccc45)[C@@](O)(C(=O)OC)C1)[C@@H]32,0,c1ccc2c(c1)c1c3n2CCC2CCCN(CC1)C32,CCOC(=O)C1=C[C@@]2(CC)CCCN3CCc4c(n1c1ccccc41)[C@H]32,1,C1=Cn2c3c(c4ccccc42)CCN2CCCC1C32,0.5340508806262232,0,0.09328158223601313
CC[C@@]12CCCN3CCc4c(n(c5ccccc45)[C@@](O)(C(=O)OC)C1)[C@@H]32,0,c1ccc2c(c1)c1c3n2CCC2CCCN(CC1)C32,COc1cccc2c(=O)c3ccccc3n(CCCCN3CCCCC3)c12,1,O=c1c2ccccc2n(CCCCN2CCCCC2)c2ccccc12,0.25666666666666665,0,0.04216120311353805
CC[C@@]12CCCN3CCc4c(n(c5ccccc45)[C@@](O)(C(=O)OC)C1)[C@@H]32,0,c1ccc2c(c1)c1c3n2CCC2CCCN(CC1)C32,COc1cccc2c(=O)c3ccccc3n(CCCN3CCCCC3)c12,1,O=c1c2ccccc2n(CCCN2CCCCC2)c2ccccc12,0.2555737704918033,0,0.03328741111057356
CC[C@@]12CCCN3CCc4c(n(c5ccccc45)[C@@](O)(C(=O)OC)C1)[C@@H]32,0,c1ccc2c(c1)c1c3n2CCC2CCCN(CC1)C32,COc1cccc2c(=O)c3ccccc3n(CCCCN3CCN(CCO)CC3)c12,1,O=c1c2ccccc2n(CCCCN2CCNCC2)c2ccccc12,0.25520712349980645,0,0.0957741612009552
COc1cccc(CCc2ccccc2OCCCCCN2CCc3cc(OC)c(OC)cc3C2)c1,1,c1ccc(CCc2ccccc2OCCCCCN2CCc3ccccc3C2)cc1,COc1cccc(CCc2ccccc2OCCCCN2CCc3cc(OC)c(OC)cc3C2)c1,1,c1ccc(CCc2ccccc2OCCCCN2CCc3ccccc3C2)cc1,0.9799220272904484,1,0.9989491399118657
COc1cccc(CCc2ccccc2OCCCCCN2CCc3cc(OC)c(OC)cc3C2)c1,1,c1ccc(CCc2ccccc2OCCCCCN2CCc3ccccc3C2)cc1,COc1cccc(CCc2ccccc2OCCCN2CCc3cc(OC)c(OC)cc3C2)c1,1,c1ccc(CCc2ccccc2OCCCN2CCc3ccccc3C2)cc1,0.9213053613053613,1,0.9987090378591374
COc1cccc(CCc2ccccc2OCCCCCN2CCc3cc(OC)c(OC)cc3C2)c1,1,c1ccc(CCc2ccccc2OCCCCCN2CCc3ccccc3C2)cc1,COc1cccc(CCc2ccccc2OCCCCCN2CCc3ccccc3C2)c1,1,c1ccc(CCc2ccccc2OCCCCCN2CCc3ccccc3C2)cc1,0.8824561403508773,1,0.9991643252039737
COc1cccc(CCc2ccccc2OCCCCCN2CCc3cc(OC)c(OC)cc3C2)c1,1,c1ccc(CCc2ccccc2OCCCCCN2CCc3ccccc3C2)cc1,COc1cccc(CCc2ccccc2OCCCCN2CCc3ccccc3C2)c1,1,c1ccc(CCc2ccccc2OCCCCN2CCc3ccccc3C2)cc1,0.8631578947368421,1,0.9947150888468455
COc1cccc(CCc2ccccc2OCCCCCN2CCc3ccccc3C2)c1,1,c1ccc(CCc2ccccc2OCCCCCN2CCc3ccccc3C2)cc1,COc1cccc(CCc2ccccc2OCCCCN2CCc3ccccc3C2)c1,1,c1ccc(CCc2ccccc2OCCCCN2CCc3ccccc3C2)cc1,0.9792099792099792,1,0.9971399534564814
COc1cccc(CCc2ccccc2OCCCCCN2CCc3ccccc3C2)c1,1,c1ccc(CCc2ccccc2OCCCCCN2CCc3ccccc3C2)cc1,COc1cccc(CCc2ccccc2OCCCN2CCc3ccccc3C2)c1,1,c1ccc(CCc2ccccc2OCCCN2CCc3ccccc3C2)cc1,0.9185700099304867,1,0.9811333505176258
COc1cccc(CCc2ccccc2OCCCCCN2CCc3ccccc3C2)c1,1,c1ccc(CCc2ccccc2OCCCCCN2CCc3ccccc3C2)cc1,COc1cccc(CCc2ccccc2OCCCCCN2CCc3cc(OC)c(OC)cc3C2)c1,1,c1ccc(CCc2ccccc2OCCCCCN2CCc3ccccc3C2)cc1,0.8824561403508773,1,0.9948664726630757
COc1cccc(CCc2ccccc2OCCCCCN2CCc3ccccc3C2)c1,1,c1ccc(CCc2ccccc2OCCCCCN2CCc3ccccc3C2)cc1,COc1cccc(CCc2ccccc2OCCCCN2CCc3cc(OC)c(OC)cc3C2)c1,1,c1ccc(CCc2ccccc2OCCCCN2CCc3ccccc3C2)cc1,0.8631578947368421,1,0.9910721512211764
CC[C@@H]1CN2CCc3cc(OC)c(OC)cc3[C@@H]2C[C@H]1C[C@H]1NCCc2cc(OC)c(OC)cc21,0,c1ccc2c(c1)CCNC2CC1CCN2CCc3ccccc3C2C1,COc1cc2c(cc1O)[C@@H]1Cc3ccc(OC)c(O)c3CN1CC2,1,c1ccc2c(c1)CC1c3ccccc3CCN1C2,0.35144385026737973,0,0.19543905594950936
CC[C@@H]1CN2CCc3cc(OC)c(OC)cc3[C@@H]2C[C@H]1C[C@H]1NCCc2cc(OC)c(OC)cc21,0,c1ccc2c(c1)CCNC2CC1CCN2CCc3ccccc3C2C1,COc1cc(Br)c(C[C@H]2c3cc(OC)c(OC)cc3CCN2C)cc1OC,1,c1ccc(CC2NCCc3ccccc32)cc1,0.3466666666666667,0,0.29444161694176896
CC[C@@H]1CN2CCc3cc(OC)c(OC)cc3[C@@H]2C[C@H]1C[C@H]1NCCc2cc(OC)c(OC)cc21,0,c1ccc2c(c1)CCNC2CC1CCN2CCc3ccccc3C2C1,COc1cc(C[C@@H]2c3cc(OC)c(OC)cc3CCN2C)c(Oc2cc3c(cc2OC)-c2c(OC)c(OC)cc4c2[C@@H](C3)N(C)CC4)cc1OC,1,c1ccc(Oc2ccc3c(c2)CC2NCCc4cccc-3c42)c(CC2NCCc3ccccc32)c1,0.30721247563352827,0,0.13180974557696906
CC[C@@H]1CN2CCc3cc(OC)c(OC)cc3[C@@H]2C[C@H]1C[C@H]1NCCc2cc(OC)c(OC)cc21,0,c1ccc2c(c1)CCNC2CC1CCN2CCc3ccccc3C2C1,CCCc1ccc(C(=O)Nc2ccccc2C(=O)NCCN2CCc3cc(OC)c(OC)cc3C2)cc1,1,O=C(Nc1ccccc1C(=O)NCCN1CCc2ccccc2C1)c1ccccc1,0.2638373121131742,1,0.5300899288713845
Cn1cc[nH]c1=S,0,S=c1[nH]cc[nH]1,CN(C)Cc1c[nH]c2ccccc12,1,c1ccc2[nH]ccc2c1,0.13113553113553114,0,0.0005812028969984873
Cn1cc[nH]c1=S,0,S=c1[nH]cc[nH]1,CC(=O)CCCCn1c(=O)c2c(ncn2C)n(C)c1=O,1,O=c1[nH]c(=O)c2[nH]cnc2[nH]1,0.12933333333333333,0,0.010166285705348629
Cn1cc[nH]c1=S,0,S=c1[nH]cc[nH]1,CN1C[C@H](CO)C=C2c3cccc4[nH]cc(c34)C[C@@H]21,1,C1=C2c3cccc4[nH]cc(c34)CC2NCC1,0.12181818181818181,0,0.0014970550912919293
Cn1cc[nH]c1=S,0,S=c1[nH]cc[nH]1,Cc1cc2c(s1)Nc1ccccc1N=C2N1CCN(C)CC1,1,c1ccc2c(c1)N=C(N1CCNCC1)c1ccsc1N2,0.12104499274310596,0,0.0027713761083919554
CC(=O)c1c(C)cc(C)c(CSc2nc3ccc(NC(=O)c4ccc(C(C)(C)C)cc4)cc3s2)c1C,1,O=C(Nc1ccc2nc(SCc3ccccc3)sc2c1)c1ccccc1,CCCCOc1ccc(C(=O)Nc2ccc3nc(SCc4c(C)cc(C)c(C(C)=O)c4C)sc3c2)cc1,1,O=C(Nc1ccc2nc(SCc3ccccc3)sc2c1)c1ccccc1,0.7634065934065934,1,0.9999305049524927
CC(=O)c1c(C)cc(C)c(CSc2nc3ccc(NC(=O)c4ccc(C(C)(C)C)cc4)cc3s2)c1C,1,O=C(Nc1ccc2nc(SCc3ccccc3)sc2c1)c1ccccc1,CC(=O)c1c(C)cc(C)c(CSc2nc3ccc(NC(=O)c4cccc5ccccc45)cc3s2)c1C,1,O=C(Nc1ccc2nc(SCc3ccccc3)sc2c1)c1cccc2ccccc12,0.7153779821787871,1,0.9993095846415371
CC(=O)c1c(C)cc(C)c(CSc2nc3ccc(NC(=O)c4ccc(C(C)(C)C)cc4)cc3s2)c1C,1,O=C(Nc1ccc2nc(SCc3ccccc3)sc2c1)c1ccccc1,CC(=O)c1c(C)cc(C)c(CSc2nc3ccc(NC(=O)CCc4ccccc4)cc3s2)c1C,1,O=C(CCc1ccccc1)Nc1ccc2nc(SCc3ccccc3)sc2c1,0.6618448637316562,1,0.9963122951543472
CC(=O)c1c(C)cc(C)c(CSc2nc3ccc(NC(=O)c4ccc(C(C)(C)C)cc4)cc3s2)c1C,1,O=C(Nc1ccc2nc(SCc3ccccc3)sc2c1)c1ccccc1,COc1cc2c(cc1OC)CN(CCNC(=O)c1ccccc1NC(=O)c1ccc(C(C)(C)C)cc1)CC2,1,O=C(Nc1ccccc1C(=O)NCCN1CCc2ccccc2C1)c1ccccc1,0.25456821026282855,1,0.9751334474787009
CCCCOc1ccc(C(=O)Nc2ccc3nc(SCc4c(C)cc(C)c(C(C)=O)c4C)sc3c2)cc1,1,O=C(Nc1ccc2nc(SCc3ccccc3)sc2c1)c1ccccc1,CC(=O)c1c(C)cc(C)c(CSc2nc3ccc(NC(=O)c4ccc(C(C)(C)C)cc4)cc3s2)c1C,1,O=C(Nc1ccc2nc(SCc3ccccc3)sc2c1)c1ccccc1,0.7634065934065934,1,0.9996348828890191
CCCCOc1ccc(C(=O)Nc2ccc3nc(SCc4c(C)cc(C)c(C(C)=O)c4C)sc3c2)cc1,1,O=C(Nc1ccc2nc(SCc3ccccc3)sc2c1)c1ccccc1,CC(=O)c1c(C)cc(C)c(CSc2nc3ccc(NC(=O)c4cccc5ccccc45)cc3s2)c1C,1,O=C(Nc1ccc2nc(SCc3ccccc3)sc2c1)c1cccc2ccccc12,0.6639376218323587,1,0.9993606547995917
CCCCOc1ccc(C(=O)Nc2ccc3nc(SCc4c(C)cc(C)c(C(C)=O)c4C)sc3c2)cc1,1,O=C(Nc1ccc2nc(SCc3ccccc3)sc2c1)c1ccccc1,CC(=O)c1c(C)cc(C)c(CSc2nc3ccc(NC(=O)CCc4ccccc4)cc3s2)c1C,1,O=C(CCc1ccccc1)Nc1ccc2nc(SCc3ccccc3)sc2c1,0.6216450216450217,1,0.9957929963971897
CCCCOc1ccc(C(=O)Nc2ccc3nc(SCc4c(C)cc(C)c(C(C)=O)c4C)sc3c2)cc1,1,O=C(Nc1ccc2nc(SCc3ccccc3)sc2c1)c1ccccc1,CCCCS(=O)(=O)Oc1ccc2c(C(=O)c3ccc(OCCN4CCCCC4)cc3)c(-c3ccc(S(=O)(=O)CCCC)cc3)sc2c1,1,O=C(c1ccc(OCCN2CCCCC2)cc1)c1c(-c2ccccc2)sc2ccccc12,0.2583252190847128,1,0.9954400328410031
CCCNC[C@@H](O)c1oc2ccccc2c1CC,1,c1ccc2occc2c1,CCCNC[C@H](O)c1oc2ccccc2c1CCc1ccccc1,1,c1ccc(CCc2coc3ccccc23)cc1,0.7815873015873016,1,0.9799127667984624
CCCNC[C@@H](O)c1oc2ccccc2c1CC,1,c1ccc2occc2c1,CCCNCCc1oc2ccccc2c1CCc1ccccc1,1,c1ccc(CCc2coc3ccccc23)cc1,0.4923632610939113,1,0.7180312704282649
CCCNC[C@@H](O)c1oc2ccccc2c1CC,1,c1ccc2occc2c1,CC(C)NCCc1oc2ccccc2c1CCc1ccccc1,1,c1ccc(CCc2coc3ccccc23)cc1,0.37880266075388025,1,0.6971557436998982
CCCNC[C@@H](O)c1oc2ccccc2c1CC,1,c1ccc2occc2c1,CCCNC[C@@H](O)COc1ccccc1C(=O)CCc1ccccc1,1,O=C(CCc1ccccc1)c1ccccc1,0.30526984126984125,0,0.46086640362131576
COc1cc2c(cc1OC)CN(CCNC(=O)c1ccccc1NC(=O)c1ccc(Oc3ccccc3)cc1)CC2,1,O=C(Nc1ccccc1C(=O)NCCN1CCc2ccccc2C1)c1ccc(Oc2ccccc2)cc1,COc1cc2c(cc1OC)CN(CCNC(=O)c1ccccc1NC(=O)c1ccc(-c3ccccc3)cc1)CC2,1,O=C(Nc1ccccc1C(=O)NCCN1CCc2ccccc2C1)c1ccc(-c2ccccc2)cc1,0.8469289164941339,1,0.9994382061908471
COc1cc2c(cc1OC)CN(CCNC(=O)c1ccccc1NC(=O)c1ccc(Oc3ccccc3)cc1)CC2,1,O=C(Nc1ccccc1C(=O)NCCN1CCc2ccccc2C1)c1ccc(Oc2ccccc2)cc1,COc1cc2c(cc1OC)CN(CCNC(=O)c1ccccc1NC(=O)c1ccc(OCc3ccccc3)cc1)CC2,1,O=C(Nc1ccccc1C(=O)NCCN1CCc2ccccc2C1)c1ccc(OCc2ccccc2)cc1,0.8333333333333335,1,0.9996084985606706
COc1cc2c(cc1OC)CN(CCNC(=O)c1ccccc1NC(=O)c1ccc(Oc3ccccc3)cc1)CC2,1,O=C(Nc1ccccc1C(=O)NCCN1CCc2ccccc2C1)c1ccc(Oc2ccccc2)cc1,COc1cc2c(cc1OC)CN(CCNC(=O)c1ccccc1NC(=O)c1ccc(Cc3ccccc3)cc1)CC2,1,O=C(Nc1ccccc1C(=O)NCCN1CCc2ccccc2C1)c1ccc(Cc2ccccc2)cc1,0.8262207357859532,1,0.9996052150191417
COc1cc2c(cc1OC)CN(CCNC(=O)c1ccccc1NC(=O)c1ccc(Oc3ccccc3)cc1)CC2,1,O=C(Nc1ccccc1C(=O)NCCN1CCc2ccccc2C1)c1ccc(Oc2ccccc2)cc1,COc1cc2c(cc1OC)CN(CCNC(=O)c1ccccc1NC(=O)c1ccc(Br)cc1)CC2,1,O=C(Nc1ccccc1C(=O)NCCN1CCc2ccccc2C1)c1ccccc1,0.8166666666666667,1,0.9998716172052858
CCCN(C[C@H](O)COc1ccccc1C(=O)CCc1ccccc1)C(=O)c1ccccc1,1,O=C(NCCCOc1ccccc1C(=O)CCc1ccccc1)c1ccccc1,CCCN(C)C[C@@H](O)COc1ccccc1C(=O)CCc1ccccc1,1,O=C(CCc1ccccc1)c1ccccc1,0.7211640211640211,1,0.9955648372849927
CCCN(C[C@H](O)COc1ccccc1C(=O)CCc1ccccc1)C(=O)c1ccccc1,1,O=C(NCCCOc1ccccc1C(=O)CCc1ccccc1)c1ccccc1,CCN(CC)C[C@@H](O)COc1ccccc1C(=O)CCc1ccccc1,1,O=C(CCc1ccccc1)c1ccccc1,0.7014245014245015,1,0.9920640062438391
CCCN(C[C@H](O)COc1ccccc1C(=O)CCc1ccccc1)C(=O)c1ccccc1,1,O=C(NCCCOc1ccccc1C(=O)CCc1ccccc1)c1ccccc1,CCN(CC)C[C@H](O)COc1ccccc1C(=O)CCc1ccccc1,1,O=C(CCc1ccccc1)c1ccccc1,0.7014245014245015,1,0.9920640062438391
CCCN(C[C@H](O)COc1ccccc1C(=O)CCc1ccccc1)C(=O)c1ccccc1,1,O=C(NCCCOc1ccccc1C(=O)CCc1ccccc1)c1ccccc1,CN(C)C[C@H](O)COc1ccccc1C(=O)CCc1ccccc1,1,O=C(CCc1ccccc1)c1ccccc1,0.6884905660377358,1,0.9814555026232238
CCCOc1ccccc1-c1nc2[nH][nH]nc-2c(=O)n1,0,O=c1nc(-c2ccccc2)nc2[nH][nH]nc1-2,CCN(CC)C[C@@H](O)COc1ccccc1C(=O)c1ccccc1,1,O=C(c1ccccc1)c1ccccc1,0.2405594405594406,0,0.0013310203482963198
CCCOc1ccccc1-c1nc2[nH][nH]nc-2c(=O)n1,0,O=c1nc(-c2ccccc2)nc2[nH][nH]nc1-2,CCCN(C[C@H](O)COc1ccccc1C(=O)CCc1ccccc1)C(=O)c1ccccc1,1,O=C(NCCCOc1ccccc1C(=O)CCc1ccccc1)c1ccccc1,0.21894252873563222,0,0.02006427206971136
CCCOc1ccccc1-c1nc2[nH][nH]nc-2c(=O)n1,0,O=c1nc(-c2ccccc2)nc2[nH][nH]nc1-2,CCN(CC)C[C@@H](O)COc1ccccc1C(=O)CCc1ccccc1,1,O=C(CCc1ccccc1)c1ccccc1,0.21704260651629073,0,0.0013733140886945433
CCCOc1ccccc1-c1nc2[nH][nH]nc-2c(=O)n1,0,O=c1nc(-c2ccccc2)nc2[nH][nH]nc1-2,CCN(CC)C[C@H](O)COc1ccccc1C(=O)CCc1ccccc1,1,O=C(CCc1ccccc1)c1ccccc1,0.21704260651629073,0,0.0013733140886945433
c1nc(N2CCOCC2)c2nc(N3CCOCC3)nc(N3CCOCC3)c2n1,0,c1nc(N2CCOCC2)c2nc(N3CCOCC3)nc(N3CCOCC3)c2n1,N#Cc1c2n(c3c(N4CCN(CCc5ccccc5)CC4)ncnc13)CCCC2,1,c1ccc(CCN2CCN(c3ncnc4cc5n(c34)CCCC5)CC2)cc1,0.236796785304248,0,0.007253899471919584
c1nc(N2CCOCC2)c2nc(N3CCOCC3)nc(N3CCOCC3)c2n1,0,c1nc(N2CCOCC2)c2nc(N3CCOCC3)nc(N3CCOCC3)c2n1,N#Cc1c2n(c3c(N4CCN(CCCc5ccccc5)CC4)ncnc13)CCCC2,1,c1ccc(CCCN2CCN(c3ncnc4cc5n(c34)CCCC5)CC2)cc1,0.2354515050167224,0,0.004108576490419303
c1nc(N2CCOCC2)c2nc(N3CCOCC3)nc(N3CCOCC3)c2n1,0,c1nc(N2CCOCC2)c2nc(N3CCOCC3)nc(N3CCOCC3)c2n1,N#Cc1c2n(c3c(N4CCN(CCc5ccc(Cl)cc5)CC4)ncnc13)CCCC2,1,c1ccc(CCN2CCN(c3ncnc4cc5n(c34)CCCC5)CC2)cc1,0.2300420168067227,0,0.002868617044069437
c1nc(N2CCOCC2)c2nc(N3CCOCC3)nc(N3CCOCC3)c2n1,0,c1nc(N2CCOCC2)c2nc(N3CCOCC3)nc(N3CCOCC3)c2n1,O=C(c1ccccc1)c1c2n(c3c(N4CCN(CCc5ccccc5)CC4)ncnc13)CCCC2,1,O=C(c1ccccc1)c1c2n(c3c(N4CCN(CCc5ccccc5)CC4)ncnc13)CCCC2,0.22946859903381642,0,0.0167527748393136
COc1cc2c(cc1OC)CN(CCNC(=O)c1ccccc1NC(=O)c1ccc(-c3ccccc3)cc1)CC2,1,O=C(Nc1ccccc1C(=O)NCCN1CCc2ccccc2C1)c1ccc(-c2ccccc2)cc1,COc1cc2c(cc1OC)CN(CCNC(=O)c1ccccc1NC(=O)c1ccc(Oc3ccccc3)cc1)CC2,1,O=C(Nc1ccccc1C(=O)NCCN1CCc2ccccc2C1)c1ccc(Oc2ccccc2)cc1,0.8469289164941339,1,0.9998188717272376
COc1cc2c(cc1OC)CN(CCNC(=O)c1ccccc1NC(=O)c1ccc(-c3ccccc3)cc1)CC2,1,O=C(Nc1ccccc1C(=O)NCCN1CCc2ccccc2C1)c1ccc(-c2ccccc2)cc1,COc1cc2c(cc1OC)CN(CCNC(=O)c1ccccc1NC(=O)c1ccc(Cc3ccccc3)cc1)CC2,1,O=C(Nc1ccccc1C(=O)NCCN1CCc2ccccc2C1)c1ccc(Cc2ccccc2)cc1,0.8469289164941339,1,0.9997037756253345
COc1cc2c(cc1OC)CN(CCNC(=O)c1ccccc1NC(=O)c1ccc(-c3ccccc3)cc1)CC2,1,O=C(Nc1ccccc1C(=O)NCCN1CCc2ccccc2C1)c1ccc(-c2ccccc2)cc1,COc1cc2c(cc1OC)CN(CCNC(=O)c1ccccc1NC(=O)c1ccc(Br)cc1)CC2,1,O=C(Nc1ccccc1C(=O)NCCN1CCc2ccccc2C1)c1ccccc1,0.8376344086021505,1,0.9999293656819652
COc1cc2c(cc1OC)CN(CCNC(=O)c1ccccc1NC(=O)c1ccc(-c3ccccc3)cc1)CC2,1,O=C(Nc1ccccc1C(=O)NCCN1CCc2ccccc2C1)c1ccc(-c2ccccc2)cc1,COc1cc2c(cc1OC)CN(CCNC(=O)c1ccccc1NC(=O)c1ccc(C(C)(C)C)cc1)CC2,1,O=C(Nc1ccccc1C(=O)NCCN1CCc2ccccc2C1)c1ccccc1,0.8305302262749071,1,0.9997983267004523
Clc1ccccc1-c1nc(N2CCCC2)c2ccccc2n1,1,c1ccc(-c2nc(N3CCCC3)c3ccccc3n2)cc1,Cc1ccccc1-c1nc(N2CCN(CCc3ccc(F)c(F)c3)CC2)c2c(n1)c(C#N)c1n2CCCC1,1,c1ccc(CCN2CCN(c3nc(-c4ccccc4)nc4cc5n(c34)CCCC5)CC2)cc1,0.27172441258462765,1,0.9416591224239256
Clc1ccccc1-c1nc(N2CCCC2)c2ccccc2n1,1,c1ccc(-c2nc(N3CCCC3)c3ccccc3n2)cc1,N#Cc1c2n(c3c(N4CCN(CCc5ccccc5)CC4)nc(-c4ccccc4)nc13)CCCC2,1,c1ccc(CCN2CCN(c3nc(-c4ccccc4)nc4cc5n(c34)CCCC5)CC2)cc1,0.26666666666666666,1,0.9025664880603753
Clc1ccccc1-c1nc(N2CCCC2)c2ccccc2n1,1,c1ccc(-c2nc(N3CCCC3)c3ccccc3n2)cc1,N#Cc1c2n(c3c(N4CCN(CCc5ccccc5Cl)CC4)ncnc13)CCCC2,1,c1ccc(CCN2CCN(c3ncnc4cc5n(c34)CCCC5)CC2)cc1,0.2520989836500221,1,0.909905877201987
Clc1ccccc1-c1nc(N2CCCC2)c2ccccc2n1,1,c1ccc(-c2nc(N3CCCC3)c3ccccc3n2)cc1,CC(=O)Nc1ccc(-c2nc(N3CCN(CCc4ccccc4)CC3)c3c(n2)c(C#N)c2n3CCCC2)cc1,1,c1ccc(CCN2CCN(c3nc(-c4ccccc4)nc4cc5n(c34)CCCC5)CC2)cc1,0.22612818261633014,1,0.8185564717982338
CC(C)[C@]1(NC(=O)[C@H]2C=C3c4cccc5[nH]cc(c45)C[C@H]3N(C)C2)O[C@]2(O)C3CCCN3C(=O)[C@H](Cc3ccccc3)N2C1=O,1,O=C(NC1OC2C3CCCN3C(=O)C(Cc3ccccc3)N2C1=O)C1C=C2c3cccc4[nH]cc(c34)CC2NC1,CC(C)C[C@H]1C(=O)N2CCCC2[C@]2(O)O[C@@](NC(=O)[C@H]3C=C4c5cccc6[nH]cc(c56)C[C@H]4N(C)C3)(C(C)C)C(=O)N12,1,O=C(NC1OC2C3CCCN3C(=O)CN2C1=O)C1C=C2c3cccc4[nH]cc(c34)CC2NC1,0.8713315217391304,1,0.9760363352307385
CC(C)[C@]1(NC(=O)[C@H]2C=C3c4cccc5[nH]cc(c45)C[C@H]3N(C)C2)O[C@]2(O)C3CCCN3C(=O)[C@H](Cc3ccccc3)N2C1=O,1,O=C(NC1OC2C3CCCN3C(=O)C(Cc3ccccc3)N2C1=O)C1C=C2c3cccc4[nH]cc(c34)CC2NC1,CC(C)C[C@H]1C(=O)N2CCCC2[C@@]2(O)O[C@@](NC(=O)[C@H]3C=C4c5cccc6[nH]c(Br)c(c56)C[C@H]4N(C)C3)(C(C)C)C(=O)N12,1,O=C(NC1OC2C3CCCN3C(=O)CN2C1=O)C1C=C2c3cccc4[nH]cc(c34)CC2NC1,0.7036893203883496,1,0.9826336172599727
CC(C)[C@]1(NC(=O)[C@H]2C=C3c4cccc5[nH]cc(c45)C[C@H]3N(C)C2)O[C@]2(O)C3CCCN3C(=O)[C@H](Cc3ccccc3)N2C1=O,1,O=C(NC1OC2C3CCCN3C(=O)C(Cc3ccccc3)N2C1=O)C1C=C2c3cccc4[nH]cc(c34)CC2NC1,CN1C[C@@H](C(=O)NC2(C)O[C@@]3(O)[C@@H]4CCCN4C(=O)[C@H](Cc4ccccc4)N3C2=O)C[C@@H]2c3cccc4[nH]cc(c34)C[C@H]21,1,O=C(NC1OC2C3CCCN3C(=O)C(Cc3ccccc3)N2C1=O)C1CNC2Cc3c[nH]c4cccc(c34)C2C1,0.631354051054384,1,0.9189613415598816
CC(C)[C@]1(NC(=O)[C@H]2C=C3c4cccc5[nH]cc(c45)C[C@H]3N(C)C2)O[C@]2(O)C3CCCN3C(=O)[C@H](Cc3ccccc3)N2C1=O,1,O=C(NC1OC2C3CCCN3C(=O)C(Cc3ccccc3)N2C1=O)C1C=C2c3cccc4[nH]cc(c34)CC2NC1,CCN(CC)C(=O)N[C@H]1C=C2c3cccc4[nH]cc(c34)C[C@H]2N(C)C1,1,C1=C2c3cccc4[nH]cc(c34)CC2NCC1,0.42987516142918647,1,0.9758922173006838
Cc1c(NC(=O)c2cccnc2)c(=O)n(-c2ccccc2)n1C,0,O=C(Nc1c[nH]n(-c2ccccc2)c1=O)c1cccnc1,COc1cc2c(cc1OC)CN(CCc1ccc(NC(=O)c3cccnc3)cc1)CC2,1,O=C(Nc1ccc(CCN2CCc3ccccc3C2)cc1)c1cccnc1,0.34663390663390664,0,0.04230670227074644
Cc1c(NC(=O)c2cccnc2)c(=O)n(-c2ccccc2)n1C,0,O=C(Nc1c[nH]n(-c2ccccc2)c1=O)c1cccnc1,COc1cc2c(cc1OC)CN(CCc1ccc(NC(=O)c3ccccc3NC(=O)c3cccnc3)cc1)CC2,1,O=C(Nc1ccccc1C(=O)Nc1ccc(CCN2CCc3ccccc3C2)cc1)c1cccnc1,0.3308515190415062,0,0.01303560901163742
Cc1c(NC(=O)c2cccnc2)c(=O)n(-c2ccccc2)n1C,0,O=C(Nc1c[nH]n(-c2ccccc2)c1=O)c1cccnc1,Cc1c(C(=O)c2ccccc2)c(=O)n(-c2ccccc2)n1C[C@H](O)CN(C(C)C)C(C)C,1,O=C(c1ccccc1)c1c[nH]n(-c2ccccc2)c1=O,0.3174129353233831,0,0.013353352528391073
Cc1c(NC(=O)c2cccnc2)c(=O)n(-c2ccccc2)n1C,0,O=C(Nc1c[nH]n(-c2ccccc2)c1=O)c1cccnc1,Cc1c(C(=O)CCc2ccccc2)c(=O)n(-c2ccccc2)n1C[C@H](O)CNC(C)C,1,O=C(CCc1ccccc1)c1c[nH]n(-c2ccccc2)c1=O,0.2956284153005465,0,0.002337131653776714
NC[C@@H]1O[C@H](O[C@H]2C(O)[C@H](O[C@H]3O[C@H](CO)[C@H](O)[C@@H](N)[C@H]3O)[C@@H](N)C[C@H]2N)[C@H](O)[C@H](O)[C@@H]1O,0,C1CCC(OC2CCCC(OC3CCCCO3)C2)OC1,CCC[C@@H]1C[C@H](C(=O)N[C@H]([C@@H]2O[C@@H](SC)[C@H](O)[C@@H](O)[C@@H]2O)[C@@H](C)Cl)N(C)C1,1,O=C(NCC1CCCCO1)C1CCCN1,0.15609960242728604,0,0.0013069800706381831
NC[C@@H]1O[C@H](O[C@H]2C(O)[C@H](O[C@H]3O[C@H](CO)[C@H](O)[C@@H](N)[C@H]3O)[C@@H](N)C[C@H]2N)[C@H](O)[C@H](O)[C@@H]1O,0,C1CCC(OC2CCCC(OC3CCCCO3)C2)OC1,COc1cc([C@@H]2Oc3cc([C@H]4Oc5cc(OCc6ccccc6)cc(O)c5C(=O)[C@@H]4O)ccc3O[C@H]2CO)ccc1O,1,O=C1CC(c2ccc3c(c2)OC(c2ccccc2)CO3)Oc2cc(OCc3ccccc3)ccc21,0.11179268492701329,0,0.00133020499397943
NC[C@@H]1O[C@H](O[C@H]2C(O)[C@H](O[C@H]3O[C@H](CO)[C@H](O)[C@@H](N)[C@H]3O)[C@@H](N)C[C@H]2N)[C@H](O)[C@H](O)[C@@H]1O,0,C1CCC(OC2CCCC(OC3CCCCO3)C2)OC1,CC[C@@H](C)C(=O)O[C@@H]1C[C@H](C)C=C2C=C[C@H](C)[C@H](CC[C@H]3C[C@H](O)CC(=O)O3)[C@H]21,1,O=C1CCCC(CCC2CC=CC3=CCCCC32)O1,0.1103896103896104,0,0.0037707968543874587
NC[C@@H]1O[C@H](O[C@H]2C(O)[C@H](O[C@H]3O[C@H](CO)[C@H](O)[C@@H](N)[C@H]3O)[C@@H](N)C[C@H]2N)[C@H](O)[C@H](O)[C@@H]1O,0,C1CCC(OC2CCCC(OC3CCCCO3)C2)OC1,CC(=O)O[C@@H]1C[C@]2(C)[C@@H](C[C@@H](O)[C@@H]3[C@]4(C)CC[C@@H](O)[C@H](C)[C@H]4CC[C@]32C)/C1=C(\CCC=C(C)C)C(=O)O,1,C=C1CCC2C1CCC1C3CCCCC3CCC21,0.10373626373626374,0,0.00031646569648420287
NCC[C@H](O)C(=O)N[C@@H]1C[C@@H](N)[C@H](O[C@H]2O[C@H](CN)[C@@H](O)[C@H](O)[C@@H]2O)[C@H](O)[C@H]1O[C@@H]1O[C@@H](CO)[C@H](O)[C@H](N)[C@@H]1O,0,C1CCC(OC2CCCC(OC3CCCCO3)C2)OC1,CCC[C@@H]1C[C@H](C(=O)N[C@H]([C@@H]2O[C@@H](SC)[C@H](O)[C@@H](O)[C@@H]2O)[C@@H](C)Cl)N(C)C1,1,O=C(NCC1CCCCO1)C1CCCN1,0.21186155913978494,0,0.0017888116277450406
NCC[C@H](O)C(=O)N[C@@H]1C[C@@H](N)[C@H](O[C@H]2O[C@H](CN)[C@@H](O)[C@H](O)[C@@H]2O)[C@H](O)[C@H]1O[C@@H]1O[C@@H](CO)[C@H](O)[C@H](N)[C@@H]1O,0,C1CCC(OC2CCCC(OC3CCCCO3)C2)OC1,O=C(CCc1ccccc1)c1ccccc1OC[C@H](O)CNC1CCCCC1,1,O=C(CCc1ccccc1)c1ccccc1OCCCNC1CCCCC1,0.1330765527202696,0,7.098476029147095e-06
NCC[C@H](O)C(=O)N[C@@H]1C[C@@H](N)[C@H](O[C@H]2O[C@H](CN)[C@@H](O)[C@H](O)[C@@H]2O)[C@H](O)[C@H]1O[C@@H]1O[C@@H](CO)[C@H](O)[C@H](N)[C@@H]1O,0,C1CCC(OC2CCCC(OC3CCCCO3)C2)OC1,O=C(CCc1ccccc1)c1ccccc1OC[C@@H](O)CNC1CCCCC1,1,O=C(CCc1ccccc1)c1ccccc1OCCCNC1CCCCC1,0.1330765527202696,0,7.098476029147095e-06
NCC[C@H](O)C(=O)N[C@@H]1C[C@@H](N)[C@H](O[C@H]2O[C@H](CN)[C@@H](O)[C@H](O)[C@@H]2O)[C@H](O)[C@H]1O[C@@H]1O[C@@H](CO)[C@H](O)[C@H](N)[C@@H]1O,0,C1CCC(OC2CCCC(OC3CCCCO3)C2)OC1,CC[C@@H](C)C(=O)O[C@@H]1C[C@H](C)C=C2C=C[C@H](C)[C@H](CC[C@H]3C[C@H](O)CC(=O)O3)[C@H]21,1,O=C1CCCC(CCC2CC=CC3=CCCCC32)O1,0.12006955513693668,0,0.011449444550501979
NC[C@@H]1O[C@H](O[C@H]2C(O)[C@H](O[C@H]3O[C@@H](CO)[C@H](O)[C@H](N)[C@@H]3O)[C@@H](N)C[C@@H]2N)[C@@H](N)C[C@H]1O,0,C1CCC(OC2CCCC(OC3CCCCO3)C2)OC1,CCC[C@@H]1C[C@H](C(=O)N[C@H]([C@@H]2O[C@@H](SC)[C@H](O)[C@@H](O)[C@@H]2O)[C@@H](C)Cl)N(C)C1,1,O=C(NCC1CCCCO1)C1CCCN1,0.13015873015873014,0,0.0014499454416622448
NC[C@@H]1O[C@H](O[C@H]2C(O)[C@H](O[C@H]3O[C@@H](CO)[C@H](O)[C@H](N)[C@@H]3O)[C@@H](N)C[C@@H]2N)[C@@H](N)C[C@H]1O,0,C1CCC(OC2CCCC(OC3CCCCO3)C2)OC1,CC[C@@H](C)C(=O)O[C@@H]1C[C@H](C)C=C2C=C[C@H](C)[C@H](CC[C@H]3C[C@H](O)CC(=O)O3)[C@H]21,1,O=C1CCCC(CCC2CC=CC3=CCCCC32)O1,0.11214285714285716,0,0.0029048434408003357
NC[C@@H]1O[C@H](O[C@H]2C(O)[C@H](O[C@H]3O[C@@H](CO)[C@H](O)[C@H](N)[C@@H]3O)[C@@H](N)C[C@@H]2N)[C@@H](N)C[C@H]1O,0,C1CCC(OC2CCCC(OC3CCCCO3)C2)OC1,CC(=O)O[C@@H]1C[C@]2(C)[C@@H](C[C@@H](O)[C@@H]3[C@]4(C)CC[C@@H](O)[C@H](C)[C@H]4CC[C@]32C)/C1=C(\CCC=C(C)C)C(=O)O,1,C=C1CCC2C1CCC1C3CCCCC3CCC21,0.11119894598155468,0,0.00024328240625164497
NC[C@@H]1O[C@H](O[C@H]2C(O)[C@H](O[C@H]3O[C@@H](CO)[C@H](O)[C@H](N)[C@@H]3O)[C@@H](N)C[C@@H]2N)[C@@H](N)C[C@H]1O,0,C1CCC(OC2CCCC(OC3CCCCO3)C2)OC1,COc1cc([C@@H]2Oc3cc([C@H]4Oc5cc(OCc6ccccc6)cc(O)c5C(=O)[C@@H]4O)ccc3O[C@H]2CO)ccc1O,1,O=C1CC(c2ccc3c(c2)OC(c2ccccc2)CO3)Oc2cc(OCc3ccccc3)ccc21,0.10955091714104997,0,0.0007890527076624912
COc1cc2nc(N3CCN(C(=O)[C@H]4CCCO4)CC3)nc(N)c2cc1OC,0,O=C(C1CCCO1)N1CCN(c2ncc3ccccc3n2)CC1,COc1cc2nc(NCCc3cccc(OC)c3OC)nc(NCCc3cccc(OC)c3OC)c2cc1OC,1,c1ccc(CCNc2nc(NCCc3ccccc3)c3ccccc3n2)cc1,0.23994850890366876,0,0.06757435533049916
COc1cc2nc(N3CCN(C(=O)[C@H]4CCCO4)CC3)nc(N)c2cc1OC,0,O=C(C1CCCO1)N1CCN(c2ncc3ccccc3n2)CC1,COc1ccccc1N1CCN(CC(=O)c2oc3ccccc3c2CCc2ccccc2)CC1,1,O=C(CN1CCN(c2ccccc2)CC1)c1oc2ccccc2c1CCc1ccccc1,0.22825933756166317,0,0.027390185823049373
COc1cc2nc(N3CCN(C(=O)[C@H]4CCCO4)CC3)nc(N)c2cc1OC,0,O=C(C1CCCO1)N1CCN(c2ncc3ccccc3n2)CC1,COc1cc2c(cc1OC)CN(CCc1ccc(NC(=O)c3cnc4ccccc4n3)cc1)CC2,1,O=C(Nc1ccc(CCN2CCc3ccccc3C2)cc1)c1cnc2ccccc2n1,0.22450450450450452,0,0.014590735133511175
COc1cc2nc(N3CCN(C(=O)[C@H]4CCCO4)CC3)nc(N)c2cc1OC,0,O=C(C1CCCO1)N1CCN(c2ncc3ccccc3n2)CC1,COc1cc2c(cc1OC)CN(CCc1ccc(NC(=O)c3cc4ccccc4cn3)cc1)CC2,1,O=C(Nc1ccc(CCN2CCc3ccccc3C2)cc1)c1cc2ccccc2cn1,0.21511111111111111,0,0.009384706248222248
c1ccc(N2CCN(CCc3nn[nH]n3)CC2)cc1,0,c1ccc(N2CCN(CCc3nn[nH]n3)CC2)cc1,O=C(CCc1ccccc1)c1ccccc1OCCCCN1CCN(c2ccc(F)cc2)CC1,1,O=C(CCc1ccccc1)c1ccccc1OCCCCN1CCN(c2ccccc2)CC1,0.31153846153846154,0,0.014348328771389404
c1ccc(N2CCN(CCc3nn[nH]n3)CC2)cc1,0,c1ccc(N2CCN(CCc3nn[nH]n3)CC2)cc1,COc1cccc(CCc2ccccc2OCCN2CCN(c3ccc(F)cc3)CC2)c1,1,c1ccc(CCc2ccccc2OCCN2CCN(c3ccccc3)CC2)cc1,0.29625342674383187,0,0.01087477780936586
c1ccc(N2CCN(CCc3nn[nH]n3)CC2)cc1,0,c1ccc(N2CCN(CCc3nn[nH]n3)CC2)cc1,COc1cccc(CCc2ccccc2OCCCN2CCN(c3ccc(F)cc3)CC2)c1,1,c1ccc(CCc2ccccc2OCCCN2CCN(c3ccccc3)CC2)cc1,0.2889140271493213,0,0.01035241841052599
c1ccc(N2CCN(CCc3nn[nH]n3)CC2)cc1,0,c1ccc(N2CCN(CCc3nn[nH]n3)CC2)cc1,COc1cccc(CCc2ccccc2OCCN2CCN(c3cccc(Cl)c3)CC2)c1,1,c1ccc(CCc2ccccc2OCCN2CCN(c3ccccc3)CC2)cc1,0.2882898550724638,0,0.013801256066117198
COc1cc2c(cc1OC)CN(CCc1ccc(NC(=O)c3ccccc3NC(=O)c3cnc4c(c3)CCCC4)cc1)CC2,1,O=C(Nc1ccccc1C(=O)Nc1ccc(CCN2CCc3ccccc3C2)cc1)c1cnc2c(c1)CCCC2,COc1cc2c(cc1OC)CN(CCc1ccc(NC(=O)c3ccccc3NC(=O)c3cnc4ccccc4c3)cc1)CC2,1,O=C(Nc1ccccc1C(=O)Nc1ccc(CCN2CCc3ccccc3C2)cc1)c1cnc2ccccc2c1,0.7803508771929826,1,0.999944691038363
COc1cc2c(cc1OC)CN(CCc1ccc(NC(=O)c3ccccc3NC(=O)c3cnc4c(c3)CCCC4)cc1)CC2,1,O=C(Nc1ccccc1C(=O)Nc1ccc(CCN2CCc3ccccc3C2)cc1)c1cnc2c(c1)CCCC2,COc1cc2c(cc1OC)CN(CCc1ccc(NC(=O)c3ccccc3NC(=O)c3ccccc3)cc1)CC2,1,O=C(Nc1ccccc1C(=O)Nc1ccc(CCN2CCc3ccccc3C2)cc1)c1ccccc1,0.7685714285714286,1,0.9988088741858275
COc1cc2c(cc1OC)CN(CCc1ccc(NC(=O)c3ccccc3NC(=O)c3cnc4c(c3)CCCC4)cc1)CC2,1,O=C(Nc1ccccc1C(=O)Nc1ccc(CCN2CCc3ccccc3C2)cc1)c1cnc2c(c1)CCCC2,COc1cc2c(cc1OC)CN(CCc1ccc(NC(=O)c3ccccc3NC(=O)c3cccnc3)cc1)CC2,1,O=C(Nc1ccccc1C(=O)Nc1ccc(CCN2CCc3ccccc3C2)cc1)c1cccnc1,0.761846153846154,1,0.9989917047152163
COc1cc2c(cc1OC)CN(CCc1ccc(NC(=O)c3ccccc3NC(=O)c3cnc4c(c3)CCCC4)cc1)CC2,1,O=C(Nc1ccccc1C(=O)Nc1ccc(CCN2CCc3ccccc3C2)cc1)c1cnc2c(c1)CCCC2,COc1cc2c(cc1OC)CN(CCc1ccc(NC(=O)c3ccccc3NC(=O)c3ccccn3)cc1)CC2,1,O=C(Nc1ccccc1C(=O)Nc1ccc(CCN2CCc3ccccc3C2)cc1)c1ccccn1,0.7427427427427428,1,0.9981745287997944
C[C@H](NC1=C(O)C=C1)[C@@H](Cc1ccc(Cl)cc1)c1ccc(Cl)cc1,0,C1=CC(NCC(Cc2ccccc2)c2ccccc2)=C1,C[C@H](Cc1ccc(O)cc1)NC[C@H](O)c1cc(O)cc(O)c1,1,c1ccc(CCNCCc2ccccc2)cc1,0.28,0,0.0007822826476477772
C[C@H](NC1=C(O)C=C1)[C@@H](Cc1ccc(Cl)cc1)c1ccc(Cl)cc1,0,C1=CC(NCC(Cc2ccccc2)c2ccccc2)=C1,CC[C@H](C)c1ccc([C@@H]2Nc3ccccc3C(=O)N2c2ccc(Cl)cc2)cc1,1,O=C1c2ccccc2NC(c2ccccc2)N1c1ccccc1,0.2218487394957983,0,0.3095295094044393
C[C@H](NC1=C(O)C=C1)[C@@H](Cc1ccc(Cl)cc1)c1ccc(Cl)cc1,0,C1=CC(NCC(Cc2ccccc2)c2ccccc2)=C1,OCCOCCN1CCN([C@H](c2ccccc2)c2ccc(Cl)cc2)CC1,1,c1ccc(C(c2ccccc2)N2CCNCC2)cc1,0.2130793650793651,0,0.07874895529560223
C[C@H](NC1=C(O)C=C1)[C@@H](Cc1ccc(Cl)cc1)c1ccc(Cl)cc1,0,C1=CC(NCC(Cc2ccccc2)c2ccccc2)=C1,CN1CCCN([C@@H](c2ccccc2)c2ccc(Cl)cc2)CC1,1,c1ccc(C(c2ccccc2)N2CCCNCC2)cc1,0.2128654970760234,0,0.050381644847427375
COc1ccc(CC/N=C2\CCCN2C)cc1OC,0,c1ccc(CCN=C2CCCN2)cc1,COc1ccc(COc2ccccc2CCc2ccccc2)cc1OC,1,c1ccc(CCc2ccccc2OCc2ccccc2)cc1,0.33874125874125877,0,0.04622163199802458
COc1ccc(CC/N=C2\CCCN2C)cc1OC,0,c1ccc(CCN=C2CCCN2)cc1,COc1cccc(CCc2ccccc2OCc2ccc(OC)c(OC)c2)c1,1,c1ccc(CCc2ccccc2OCc2ccccc2)cc1,0.3326271186440678,0,0.021375428572909725
COc1ccc(CC/N=C2\CCCN2C)cc1OC,0,c1ccc(CCN=C2CCCN2)cc1,COc1ccc(CCN(C)CCCN2C(=O)[C@H]3C4c5ccccc5C(c5ccccc54)[C@@H]3C2=O)cc1OC,1,O=C1C2C3c4ccccc4C(c4ccccc43)C2C(=O)N1CCCNCCc1ccccc1,0.3318877551020408,0,0.016896949762583654
COc1ccc(CC/N=C2\CCCN2C)cc1OC,0,c1ccc(CCN=C2CCCN2)cc1,COc1cccc(CCc2ccccc2NCc2ccc(OC)c(OC)c2)c1,1,c1ccc(CCc2ccccc2NCc2ccccc2)cc1,0.31736214605067065,0,0.04619341967948491
CCCCC(=O)OC/C=C/c1ccc(-c2nc(-c3ccc(N(C)C)cc3)c(-c3ccc(N(C)C)cc3)[nH]2)cc1,1,c1ccc(-c2nc(-c3ccccc3)c(-c3ccccc3)[nH]2)cc1,CCN(CC)C(=O)OC/C=C/c1ccc(-c2nc(-c3ccc(N(C)C)cc3)c(-c3ccc(N(C)C)cc3)[nH]2)cc1,1,c1ccc(-c2nc(-c3ccccc3)c(-c3ccccc3)[nH]2)cc1,0.7561213812347403,1,0.9962112832985112
CCCCC(=O)OC/C=C/c1ccc(-c2nc(-c3ccc(N(C)C)cc3)c(-c3ccc(N(C)C)cc3)[nH]2)cc1,1,c1ccc(-c2nc(-c3ccccc3)c(-c3ccccc3)[nH]2)cc1,CCCCOC/C=C/c1ccc(-c2nc(-c3ccc(N(C)C)cc3)c(-c3ccc(N(C)C)cc3)[nH]2)cc1,1,c1ccc(-c2nc(-c3ccccc3)c(-c3ccccc3)[nH]2)cc1,0.748268238761975,1,0.9997223201771723
CCCCC(=O)OC/C=C/c1ccc(-c2nc(-c3ccc(N(C)C)cc3)c(-c3ccc(N(C)C)cc3)[nH]2)cc1,1,c1ccc(-c2nc(-c3ccccc3)c(-c3ccccc3)[nH]2)cc1,CCOC/C=C/c1ccc(-c2nc(-c3ccc(N(C)C)cc3)c(-c3ccc(N(C)C)cc3)[nH]2)cc1,1,c1ccc(-c2nc(-c3ccccc3)c(-c3ccccc3)[nH]2)cc1,0.7023728813559322,1,0.9976166500382544
CCCCC(=O)OC/C=C/c1ccc(-c2nc(-c3ccc(N(C)C)cc3)c(-c3ccc(N(C)C)cc3)[nH]2)cc1,1,c1ccc(-c2nc(-c3ccccc3)c(-c3ccccc3)[nH]2)cc1,COC/C=C/c1ccc(-c2nc(-c3ccc(N(C)C)cc3)c(-c3ccc(N(C)C)cc3)[nH]2)cc1,1,c1ccc(-c2nc(-c3ccccc3)c(-c3ccccc3)[nH]2)cc1,0.6970219435736678,1,0.9982195754891574
CN(C)C/C=C/c1ccc(-c2nc(-c3ccc(N(C)C)cc3)c(-c3ccc(N(C)C)cc3)[nH]2)cc1,1,c1ccc(-c2nc(-c3ccccc3)c(-c3ccccc3)[nH]2)cc1,COC/C=C/c1ccc(-c2nc(-c3ccc(N(C)C)cc3)c(-c3ccc(N(C)C)cc3)[nH]2)cc1,1,c1ccc(-c2nc(-c3ccccc3)c(-c3ccccc3)[nH]2)cc1,0.7523809523809525,1,0.9993456777266031
CN(C)C/C=C/c1ccc(-c2nc(-c3ccc(N(C)C)cc3)c(-c3ccc(N(C)C)cc3)[nH]2)cc1,1,c1ccc(-c2nc(-c3ccccc3)c(-c3ccccc3)[nH]2)cc1,CCOC/C=C/c1ccc(-c2nc(-c3ccc(N(C)C)cc3)c(-c3ccc(N(C)C)cc3)[nH]2)cc1,1,c1ccc(-c2nc(-c3ccccc3)c(-c3ccccc3)[nH]2)cc1,0.7214545454545455,1,0.9971310529146227
CN(C)C/C=C/c1ccc(-c2nc(-c3ccc(N(C)C)cc3)c(-c3ccc(N(C)C)cc3)[nH]2)cc1,1,c1ccc(-c2nc(-c3ccccc3)c(-c3ccccc3)[nH]2)cc1,CN(C)c1ccc(-c2nc(-c3ccc(/C=C/CN4CCCCC4)cc3)[nH]c2-c2ccc(N(C)C)cc2)cc1,1,C(=Cc1ccc(-c2nc(-c3ccccc3)c(-c3ccccc3)[nH]2)cc1)CN1CCCCC1,0.7108380868802107,1,0.9995820223302494
CN(C)C/C=C/c1ccc(-c2nc(-c3ccc(N(C)C)cc3)c(-c3ccc(N(C)C)cc3)[nH]2)cc1,1,c1ccc(-c2nc(-c3ccccc3)c(-c3ccccc3)[nH]2)cc1,COCCOC/C=C/c1ccc(-c2nc(-c3ccc(N(C)C)cc3)c(-c3ccc(N(C)C)cc3)[nH]2)cc1,1,c1ccc(-c2nc(-c3ccccc3)c(-c3ccccc3)[nH]2)cc1,0.6993006993006994,1,0.9993506424332097
CCCCCCn1c(-c2ccc(C(=O)O)cc2)nc(-c2ccc(N(C)C)cc2)c1-c1ccc(N(C)C)cc1,1,c1ccc(-c2nc(-c3ccccc3)c(-c3ccccc3)[nH]2)cc1,CCCCCCn1c(-c2ccc(C(=O)OC)cc2)nc(-c2ccc(N(C)C)cc2)c1-c1ccc(N(C)C)cc1,1,c1ccc(-c2nc(-c3ccccc3)c(-c3ccccc3)[nH]2)cc1,0.7674718196457327,1,0.9973766639426914
CCCCCCn1c(-c2ccc(C(=O)O)cc2)nc(-c2ccc(N(C)C)cc2)c1-c1ccc(N(C)C)cc1,1,c1ccc(-c2nc(-c3ccccc3)c(-c3ccccc3)[nH]2)cc1,CN(C)c1ccc(-c2nc(-c3ccc(C(=O)O)cc3)n(CCc3ccccc3)c2-c2ccc(N(C)C)cc2)cc1,1,c1ccc(CCn2c(-c3ccccc3)nc(-c3ccccc3)c2-c2ccccc2)cc1,0.715098814229249,1,0.995644823490725
CCCCCCn1c(-c2ccc(C(=O)O)cc2)nc(-c2ccc(N(C)C)cc2)c1-c1ccc(N(C)C)cc1,1,c1ccc(-c2nc(-c3ccccc3)c(-c3ccccc3)[nH]2)cc1,CN(C)c1ccc(-c2nc(-c3ccc(O)cc3)n(CCc3ccccc3)c2-c2ccc(N(C)C)cc2)cc1,1,c1ccc(CCn2c(-c3ccccc3)nc(-c3ccccc3)c2-c2ccccc2)cc1,0.5319375207710203,1,0.9717707875266869
CCCCCCn1c(-c2ccc(C(=O)O)cc2)nc(-c2ccc(N(C)C)cc2)c1-c1ccc(N(C)C)cc1,1,c1ccc(-c2nc(-c3ccccc3)c(-c3ccccc3)[nH]2)cc1,CCCCC(=O)OC/C=C/c1ccc(-c2nc(-c3ccc(N(C)C)cc3)c(-c3ccc(N(C)C)cc3)[nH]2)cc1,1,c1ccc(-c2nc(-c3ccccc3)c(-c3ccccc3)[nH]2)cc1,0.3276740237691002,1,0.9850231424888416
CCCCCCn1c(-c2ccc(C(=O)OC)cc2)nc(-c2ccc(N(C)C)cc2)c1-c1ccc(N(C)C)cc1,1,c1ccc(-c2nc(-c3ccccc3)c(-c3ccccc3)[nH]2)cc1,CCCCCCn1c(-c2ccc(C(=O)O)cc2)nc(-c2ccc(N(C)C)cc2)c1-c1ccc(N(C)C)cc1,1,c1ccc(-c2nc(-c3ccccc3)c(-c3ccccc3)[nH]2)cc1,0.7674718196457327,1,0.9838874553308359
CCCCCCn1c(-c2ccc(C(=O)OC)cc2)nc(-c2ccc(N(C)C)cc2)c1-c1ccc(N(C)C)cc1,1,c1ccc(-c2nc(-c3ccccc3)c(-c3ccccc3)[nH]2)cc1,CN(C)c1ccc(-c2nc(-c3ccc(C(=O)O)cc3)n(CCc3ccccc3)c2-c2ccc(N(C)C)cc2)cc1,1,c1ccc(CCn2c(-c3ccccc3)nc(-c3ccccc3)c2-c2ccccc2)cc1,0.557495256166983,1,0.8804267336501956
CCCCCCn1c(-c2ccc(C(=O)OC)cc2)nc(-c2ccc(N(C)C)cc2)c1-c1ccc(N(C)C)cc1,1,c1ccc(-c2nc(-c3ccccc3)c(-c3ccccc3)[nH]2)cc1,CN(C)c1ccc(-c2nc(-c3ccc(O)cc3)n(CCc3ccccc3)c2-c2ccc(N(C)C)cc2)cc1,1,c1ccc(CCn2c(-c3ccccc3)nc(-c3ccccc3)c2-c2ccccc2)cc1,0.5085444106720702,1,0.9834049456931058
CCCCCCn1c(-c2ccc(C(=O)OC)cc2)nc(-c2ccc(N(C)C)cc2)c1-c1ccc(N(C)C)cc1,1,c1ccc(-c2nc(-c3ccccc3)c(-c3ccccc3)[nH]2)cc1,COC(=O)c1ccc(-c2nc(-c3ccc(N(C)C)cc3)c(-c3ccc(N(C)C)cc3)[nH]2)cc1,1,c1ccc(-c2nc(-c3ccccc3)c(-c3ccccc3)[nH]2)cc1,0.47616120218579233,1,0.9956913028352086
CN(C)c1ccc(-c2nc(-c3ccc(/C=C/C(=O)O)cc3)[nH]c2-c2ccc(N(C)C)cc2)cc1,1,c1ccc(-c2nc(-c3ccccc3)c(-c3ccccc3)[nH]2)cc1,COC(=O)/C=C/c1ccc(-c2nc(-c3ccc(N(C)C)cc3)c(-c3ccc(N(C)C)cc3)[nH]2)cc1,1,c1ccc(-c2nc(-c3ccccc3)c(-c3ccccc3)[nH]2)cc1,0.7581859410430839,1,0.9861329279053456
CN(C)c1ccc(-c2nc(-c3ccc(/C=C/C(=O)O)cc3)[nH]c2-c2ccc(N(C)C)cc2)cc1,1,c1ccc(-c2nc(-c3ccccc3)c(-c3ccccc3)[nH]2)cc1,COC(=O)/C=C/c1ccc(-c2nc(-c3ccc(N(C)C)cc3)c(-c3ccc(N)cc3)[nH]2)cc1,1,c1ccc(-c2nc(-c3ccccc3)c(-c3ccccc3)[nH]2)cc1,0.686962962962963,1,0.9910661249360919
CN(C)c1ccc(-c2nc(-c3ccc(/C=C/C(=O)O)cc3)[nH]c2-c2ccc(N(C)C)cc2)cc1,1,c1ccc(-c2nc(-c3ccccc3)c(-c3ccccc3)[nH]2)cc1,CNc1ccc(-c2[nH]c(-c3ccc(/C=C/C(=O)OC)cc3)nc2-c2ccc(N(C)C)cc2)cc1,1,c1ccc(-c2nc(-c3ccccc3)c(-c3ccccc3)[nH]2)cc1,0.671958041958042,1,0.9960089813485332
CN(C)c1ccc(-c2nc(-c3ccc(/C=C/C(=O)O)cc3)[nH]c2-c2ccc(N(C)C)cc2)cc1,1,c1ccc(-c2nc(-c3ccccc3)c(-c3ccccc3)[nH]2)cc1,CN(C)c1ccc(-c2nc(-c3ccc(/C=C/C#N)cc3)[nH]c2-c2ccc(N(C)C)cc2)cc1,1,c1ccc(-c2nc(-c3ccccc3)c(-c3ccccc3)[nH]2)cc1,0.6689090909090909,1,0.9740428915349375
COC(=O)/C=C/c1ccc(-c2nc(-c3ccc(N(C)C)cc3)c(-c3ccc(N(C)C)cc3)[nH]2)cc1,1,c1ccc(-c2nc(-c3ccccc3)c(-c3ccccc3)[nH]2)cc1,COC(=O)/C=C/c1ccc(-c2nc(-c3ccc(N(C)C)cc3)c(-c3ccc(N)cc3)[nH]2)cc1,1,c1ccc(-c2nc(-c3ccccc3)c(-c3ccccc3)[nH]2)cc1,0.8961904761904763,1,0.9987969537625098
COC(=O)/C=C/c1ccc(-c2nc(-c3ccc(N(C)C)cc3)c(-c3ccc(N(C)C)cc3)[nH]2)cc1,1,c1ccc(-c2nc(-c3ccccc3)c(-c3ccccc3)[nH]2)cc1,CNc1ccc(-c2[nH]c(-c3ccc(/C=C/C(=O)OC)cc3)nc2-c2ccc(N(C)C)cc2)cc1,1,c1ccc(-c2nc(-c3ccccc3)c(-c3ccccc3)[nH]2)cc1,0.8740641711229947,1,0.9998578334721828
COC(=O)/C=C/c1ccc(-c2nc(-c3ccc(N(C)C)cc3)c(-c3ccc(N(C)C)cc3)[nH]2)cc1,1,c1ccc(-c2nc(-c3ccccc3)c(-c3ccccc3)[nH]2)cc1,CCN(CC)c1ccc(-c2nc(-c3ccc(/C=C/C(=O)OC)cc3)[nH]c2-c2ccc(N(CC)CC)cc2)cc1,1,c1ccc(-c2nc(-c3ccccc3)c(-c3ccccc3)[nH]2)cc1,0.8063789868667918,1,0.9996151947334775
COC(=O)/C=C/c1ccc(-c2nc(-c3ccc(N(C)C)cc3)c(-c3ccc(N(C)C)cc3)[nH]2)cc1,1,c1ccc(-c2nc(-c3ccccc3)c(-c3ccccc3)[nH]2)cc1,C=CCN(CC=C)c1ccc(-c2nc(-c3ccc(/C=C/C(=O)OC)cc3)[nH]c2-c2ccc(N(CC=C)CC=C)cc2)cc1,1,c1ccc(-c2nc(-c3ccccc3)c(-c3ccccc3)[nH]2)cc1,0.7936507936507937,1,0.9996238482845891
CN(C)c1ccc(-c2nc(-c3ccc(O)cc3)[nH]c2-c2ccc(N(C)C)cc2)cc1,1,c1ccc(-c2nc(-c3ccccc3)c(-c3ccccc3)[nH]2)cc1,COC(=O)c1ccc(-c2nc(-c3ccc(N(C)C)cc3)c(-c3ccc(N(C)C)cc3)[nH]2)cc1,1,c1ccc(-c2nc(-c3ccccc3)c(-c3ccccc3)[nH]2)cc1,0.6657342657342658,1,0.9488372334965963
CN(C)c1ccc(-c2nc(-c3ccc(O)cc3)[nH]c2-c2ccc(N(C)C)cc2)cc1,1,c1ccc(-c2nc(-c3ccccc3)c(-c3ccccc3)[nH]2)cc1,CN(C)c1ccc(-c2nc(-c3ccc(/C=C/C(=O)O)cc3)[nH]c2-c2ccc(N(C)C)cc2)cc1,1,c1ccc(-c2nc(-c3ccccc3)c(-c3ccccc3)[nH]2)cc1,0.6270750988142293,1,0.9907153589264241
CN(C)c1ccc(-c2nc(-c3ccc(O)cc3)[nH]c2-c2ccc(N(C)C)cc2)cc1,1,c1ccc(-c2nc(-c3ccccc3)c(-c3ccccc3)[nH]2)cc1,CN(C)c1ccc(-c2nc(-c3ccc(/C=C/C#N)cc3)[nH]c2-c2ccc(N(C)C)cc2)cc1,1,c1ccc(-c2nc(-c3ccccc3)c(-c3ccccc3)[nH]2)cc1,0.6186638388123012,1,0.9879507226594197
CN(C)c1ccc(-c2nc(-c3ccc(O)cc3)[nH]c2-c2ccc(N(C)C)cc2)cc1,1,c1ccc(-c2nc(-c3ccccc3)c(-c3ccccc3)[nH]2)cc1,CN(C)C/C=C/c1ccc(-c2nc(-c3ccc(N(C)C)cc3)c(-c3ccc(N(C)C)cc3)[nH]2)cc1,1,c1ccc(-c2nc(-c3ccccc3)c(-c3ccccc3)[nH]2)cc1,0.6125379170879677,1,0.9981062749476018
CCN(CC)c1ccc(-c2nc(-c3ccc(/C=C/C(=O)OC)cc3)[nH]c2-c2ccc(N)cc2)cc1,1,c1ccc(-c2nc(-c3ccccc3)c(-c3ccccc3)[nH]2)cc1,CCN(CC)c1ccc(-c2nc(-c3ccc(/C=C/C(=O)OC)cc3)[nH]c2-c2ccc(N(CC)CC)cc2)cc1,1,c1ccc(-c2nc(-c3ccccc3)c(-c3ccccc3)[nH]2)cc1,0.9023060796645703,1,0.9966194847290055
CCN(CC)c1ccc(-c2nc(-c3ccc(/C=C/C(=O)OC)cc3)[nH]c2-c2ccc(N)cc2)cc1,1,c1ccc(-c2nc(-c3ccccc3)c(-c3ccccc3)[nH]2)cc1,CCN(CC)c1ccc(-c2nc(-c3ccc(/C=C/C(=O)OC)cc3)[nH]c2-c2ccc(NC)cc2)cc1,1,c1ccc(-c2nc(-c3ccccc3)c(-c3ccccc3)[nH]2)cc1,0.8263576617087514,1,0.9922734004865079
CCN(CC)c1ccc(-c2nc(-c3ccc(/C=C/C(=O)OC)cc3)[nH]c2-c2ccc(N)cc2)cc1,1,c1ccc(-c2nc(-c3ccccc3)c(-c3ccccc3)[nH]2)cc1,COC(=O)/C=C/c1ccc(-c2nc(-c3ccc(N(C)C)cc3)c(-c3ccc(N)cc3)[nH]2)cc1,1,c1ccc(-c2nc(-c3ccccc3)c(-c3ccccc3)[nH]2)cc1,0.8238749046529367,1,0.9804323792126559
CCN(CC)c1ccc(-c2nc(-c3ccc(/C=C/C(=O)OC)cc3)[nH]c2-c2ccc(N)cc2)cc1,1,c1ccc(-c2nc(-c3ccccc3)c(-c3ccccc3)[nH]2)cc1,C=CCN(CC=C)c1ccc(-c2nc(-c3ccc(/C=C/C(=O)OC)cc3)[nH]c2-c2ccc(N(CC=C)CC=C)cc2)cc1,1,c1ccc(-c2nc(-c3ccccc3)c(-c3ccccc3)[nH]2)cc1,0.745,1,0.9981298430340212
CNc1ccc(-c2nc(-c3ccc(/C=C/C(=O)OC)cc3)[nH]c2-c2ccc(NC)cc2)cc1,1,c1ccc(-c2nc(-c3ccccc3)c(-c3ccccc3)[nH]2)cc1,CNc1ccc(-c2[nH]c(-c3ccc(/C=C/C(=O)OC)cc3)nc2-c2ccc(NC(C)C)cc2)cc1,1,c1ccc(-c2nc(-c3ccccc3)c(-c3ccccc3)[nH]2)cc1,0.8858181818181818,1,0.9989369357102699
CNc1ccc(-c2nc(-c3ccc(/C=C/C(=O)OC)cc3)[nH]c2-c2ccc(NC)cc2)cc1,1,c1ccc(-c2nc(-c3ccccc3)c(-c3ccccc3)[nH]2)cc1,CNc1ccc(-c2[nH]c(-c3ccc(/C=C/C(=O)OC)cc3)nc2-c2ccc(N(C)C)cc2)cc1,1,c1ccc(-c2nc(-c3ccccc3)c(-c3ccccc3)[nH]2)cc1,0.8720142602495544,1,0.9978625794534937
CNc1ccc(-c2nc(-c3ccc(/C=C/C(=O)OC)cc3)[nH]c2-c2ccc(NC)cc2)cc1,1,c1ccc(-c2nc(-c3ccccc3)c(-c3ccccc3)[nH]2)cc1,CCN(CC)c1ccc(-c2nc(-c3ccc(/C=C/C(=O)OC)cc3)[nH]c2-c2ccc(NC)cc2)cc1,1,c1ccc(-c2nc(-c3ccccc3)c(-c3ccccc3)[nH]2)cc1,0.8220646178092987,1,0.9936393075502311
CNc1ccc(-c2nc(-c3ccc(/C=C/C(=O)OC)cc3)[nH]c2-c2ccc(NC)cc2)cc1,1,c1ccc(-c2nc(-c3ccccc3)c(-c3ccccc3)[nH]2)cc1,CCCN(CCC)c1ccc(-c2nc(-c3ccc(/C=C/C(=O)OC)cc3)[nH]c2-c2ccc(NC)cc2)cc1,1,c1ccc(-c2nc(-c3ccccc3)c(-c3ccccc3)[nH]2)cc1,0.7918367346938775,1,0.996051081444594
CNc1ccc(-c2[nH]c(-c3ccc(/C=C/C(=O)OC)cc3)nc2-c2ccc(NC(C)C)cc2)cc1,1,c1ccc(-c2nc(-c3ccccc3)c(-c3ccccc3)[nH]2)cc1,CNc1ccc(-c2nc(-c3ccc(/C=C/C(=O)OC)cc3)[nH]c2-c2ccc(NC)cc2)cc1,1,c1ccc(-c2nc(-c3ccccc3)c(-c3ccccc3)[nH]2)cc1,0.8858181818181818,1,0.9964958591089812
CNc1ccc(-c2[nH]c(-c3ccc(/C=C/C(=O)OC)cc3)nc2-c2ccc(NC(C)C)cc2)cc1,1,c1ccc(-c2nc(-c3ccccc3)c(-c3ccccc3)[nH]2)cc1,CNc1ccc(-c2[nH]c(-c3ccc(/C=C/C(=O)OC)cc3)nc2-c2ccc(N(C)C)cc2)cc1,1,c1ccc(-c2nc(-c3ccccc3)c(-c3ccccc3)[nH]2)cc1,0.7842105263157895,1,0.99558255488117
CNc1ccc(-c2[nH]c(-c3ccc(/C=C/C(=O)OC)cc3)nc2-c2ccc(NC(C)C)cc2)cc1,1,c1ccc(-c2nc(-c3ccccc3)c(-c3ccccc3)[nH]2)cc1,CCN(CC)c1ccc(-c2nc(-c3ccc(/C=C/C(=O)OC)cc3)[nH]c2-c2ccc(NC)cc2)cc1,1,c1ccc(-c2nc(-c3ccccc3)c(-c3ccccc3)[nH]2)cc1,0.7506666666666667,1,0.9947666493133679
CNc1ccc(-c2[nH]c(-c3ccc(/C=C/C(=O)OC)cc3)nc2-c2ccc(NC(C)C)cc2)cc1,1,c1ccc(-c2nc(-c3ccccc3)c(-c3ccccc3)[nH]2)cc1,CCCN(CCC)c1ccc(-c2nc(-c3ccc(/C=C/C(=O)OC)cc3)[nH]c2-c2ccc(NC)cc2)cc1,1,c1ccc(-c2nc(-c3ccccc3)c(-c3ccccc3)[nH]2)cc1,0.7254342431761787,1,0.9986697014087911
CCOC/C=C/c1ccc(-c2nc(-c3ccc(N(C)C)cc3)c(-c3ccc(N(C)C)cc3)[nH]2)cc1,1,c1ccc(-c2nc(-c3ccccc3)c(-c3ccccc3)[nH]2)cc1,CCOC/C=C/c1ccc(-c2nc(-c3ccc(NC)cc3)c(-c3ccc(N(C)C)cc3)[nH]2)cc1,1,c1ccc(-c2nc(-c3ccccc3)c(-c3ccccc3)[nH]2)cc1,0.8611965811965813,1,0.9997472890505102
CCOC/C=C/c1ccc(-c2nc(-c3ccc(N(C)C)cc3)c(-c3ccc(N(C)C)cc3)[nH]2)cc1,1,c1ccc(-c2nc(-c3ccccc3)c(-c3ccccc3)[nH]2)cc1,CCOC/C=C/c1ccc(-c2nc(-c3ccc(N(CC)CC)cc3)c(-c3ccc(N(CC)CC)cc3)[nH]2)cc1,1,c1ccc(-c2nc(-c3ccccc3)c(-c3ccccc3)[nH]2)cc1,0.8360000000000001,1,0.9997053335269174
CCOC/C=C/c1ccc(-c2nc(-c3ccc(N(C)C)cc3)c(-c3ccc(N(C)C)cc3)[nH]2)cc1,1,c1ccc(-c2nc(-c3ccccc3)c(-c3ccccc3)[nH]2)cc1,CCCCOC/C=C/c1ccc(-c2nc(-c3ccc(N(C)C)cc3)c(-c3ccc(N(C)C)cc3)[nH]2)cc1,1,c1ccc(-c2nc(-c3ccccc3)c(-c3ccccc3)[nH]2)cc1,0.8350140056022409,1,0.9997929777340747
CCOC/C=C/c1ccc(-c2nc(-c3ccc(N(C)C)cc3)c(-c3ccc(N(C)C)cc3)[nH]2)cc1,1,c1ccc(-c2nc(-c3ccccc3)c(-c3ccccc3)[nH]2)cc1,COCCOC/C=C/c1ccc(-c2nc(-c3ccc(N(C)C)cc3)c(-c3ccc(N(C)C)cc3)[nH]2)cc1,1,c1ccc(-c2nc(-c3ccccc3)c(-c3ccccc3)[nH]2)cc1,0.8231372549019609,1,0.9998119911453112
CCOC/C=C/c1ccc(-c2nc(-c3ccc(N(CC)CC)cc3)c(-c3ccc(N(CC)CC)cc3)[nH]2)cc1,1,c1ccc(-c2nc(-c3ccccc3)c(-c3ccccc3)[nH]2)cc1,CCOC/C=C/c1ccc(-c2nc(-c3ccc(NC)cc3)c(-c3ccc(N(CC)CC)cc3)[nH]2)cc1,1,c1ccc(-c2nc(-c3ccccc3)c(-c3ccccc3)[nH]2)cc1,0.8632285115303984,1,0.9998902986487797
CCOC/C=C/c1ccc(-c2nc(-c3ccc(N(CC)CC)cc3)c(-c3ccc(N(CC)CC)cc3)[nH]2)cc1,1,c1ccc(-c2nc(-c3ccccc3)c(-c3ccccc3)[nH]2)cc1,CCOC/C=C/c1ccc(-c2nc(-c3ccc(N(C)C)cc3)c(-c3ccc(N(C)C)cc3)[nH]2)cc1,1,c1ccc(-c2nc(-c3ccccc3)c(-c3ccccc3)[nH]2)cc1,0.8360000000000001,1,0.993878005220919
CCOC/C=C/c1ccc(-c2nc(-c3ccc(N(CC)CC)cc3)c(-c3ccc(N(CC)CC)cc3)[nH]2)cc1,1,c1ccc(-c2nc(-c3ccccc3)c(-c3ccccc3)[nH]2)cc1,CCOC/C=C/c1ccc(-c2nc(-c3ccc(NC)cc3)c(-c3ccc(N(C)C)cc3)[nH]2)cc1,1,c1ccc(-c2nc(-c3ccccc3)c(-c3ccccc3)[nH]2)cc1,0.7286300858529302,1,0.9983728723355941
CCOC/C=C/c1ccc(-c2nc(-c3ccc(N(CC)CC)cc3)c(-c3ccc(N(CC)CC)cc3)[nH]2)cc1,1,c1ccc(-c2nc(-c3ccccc3)c(-c3ccccc3)[nH]2)cc1,CCCCOC/C=C/c1ccc(-c2nc(-c3ccc(N(C)C)cc3)c(-c3ccc(N(C)C)cc3)[nH]2)cc1,1,c1ccc(-c2nc(-c3ccccc3)c(-c3ccccc3)[nH]2)cc1,0.701948051948052,1,0.9998177838679675
CCOC/C=C/c1ccc(-c2nc(-c3ccc(NC)cc3)c(-c3ccc(N(C)C)cc3)[nH]2)cc1,1,c1ccc(-c2nc(-c3ccccc3)c(-c3ccccc3)[nH]2)cc1,CCOC/C=C/c1ccc(-c2nc(-c3ccc(N(C)C)cc3)c(-c3ccc(N(C)C)cc3)[nH]2)cc1,1,c1ccc(-c2nc(-c3ccccc3)c(-c3ccccc3)[nH]2)cc1,0.8611965811965813,1,0.9945945390845508
CCOC/C=C/c1ccc(-c2nc(-c3ccc(NC)cc3)c(-c3ccc(N(C)C)cc3)[nH]2)cc1,1,c1ccc(-c2nc(-c3ccccc3)c(-c3ccccc3)[nH]2)cc1,CCOC/C=C/c1ccc(-c2nc(-c3ccc(NC)cc3)c(-c3ccc(N(CC)CC)cc3)[nH]2)cc1,1,c1ccc(-c2nc(-c3ccccc3)c(-c3ccccc3)[nH]2)cc1,0.8566629339305711,1,0.9998204710830211
CCOC/C=C/c1ccc(-c2nc(-c3ccc(NC)cc3)c(-c3ccc(N(C)C)cc3)[nH]2)cc1,1,c1ccc(-c2nc(-c3ccccc3)c(-c3ccccc3)[nH]2)cc1,CCOC/C=C/c1ccc(-c2nc(-c3ccc(NC)cc3)c(-c3ccc(NC(C)C)cc3)[nH]2)cc1,1,c1ccc(-c2nc(-c3ccccc3)c(-c3ccccc3)[nH]2)cc1,0.7726694915254237,1,0.999582638495417
CCOC/C=C/c1ccc(-c2nc(-c3ccc(NC)cc3)c(-c3ccc(N(C)C)cc3)[nH]2)cc1,1,c1ccc(-c2nc(-c3ccccc3)c(-c3ccccc3)[nH]2)cc1,CCCCOC/C=C/c1ccc(-c2nc(-c3ccc(N(C)C)cc3)c(-c3ccc(N(C)C)cc3)[nH]2)cc1,1,c1ccc(-c2nc(-c3ccccc3)c(-c3ccccc3)[nH]2)cc1,0.7303307529908516,1,0.9981989044918784
CCOC/C=C/c1ccc(-c2nc(-c3ccc(NC)cc3)c(-c3ccc(N(CC)CC)cc3)[nH]2)cc1,1,c1ccc(-c2nc(-c3ccccc3)c(-c3ccccc3)[nH]2)cc1,CCOC/C=C/c1ccc(-c2nc(-c3ccc(N(CC)CC)cc3)c(-c3ccc(N(CC)CC)cc3)[nH]2)cc1,1,c1ccc(-c2nc(-c3ccccc3)c(-c3ccccc3)[nH]2)cc1,0.8632285115303984,1,0.9990971243422083
CCOC/C=C/c1ccc(-c2nc(-c3ccc(NC)cc3)c(-c3ccc(N(CC)CC)cc3)[nH]2)cc1,1,c1ccc(-c2nc(-c3ccccc3)c(-c3ccccc3)[nH]2)cc1,CCOC/C=C/c1ccc(-c2nc(-c3ccc(NC)cc3)c(-c3ccc(N(C)C)cc3)[nH]2)cc1,1,c1ccc(-c2nc(-c3ccccc3)c(-c3ccccc3)[nH]2)cc1,0.8566629339305711,1,0.9983555918310949
CCOC/C=C/c1ccc(-c2nc(-c3ccc(NC)cc3)c(-c3ccc(N(CC)CC)cc3)[nH]2)cc1,1,c1ccc(-c2nc(-c3ccccc3)c(-c3ccccc3)[nH]2)cc1,CCOC/C=C/c1ccc(-c2nc(-c3ccc(NC)cc3)c(-c3ccc(NC(C)C)cc3)[nH]2)cc1,1,c1ccc(-c2nc(-c3ccccc3)c(-c3ccccc3)[nH]2)cc1,0.7625000000000001,1,0.9998018626310395
CCOC/C=C/c1ccc(-c2nc(-c3ccc(NC)cc3)c(-c3ccc(N(CC)CC)cc3)[nH]2)cc1,1,c1ccc(-c2nc(-c3ccccc3)c(-c3ccccc3)[nH]2)cc1,CCOC/C=C/c1ccc(-c2nc(-c3ccc(N(C)C)cc3)c(-c3ccc(N(C)C)cc3)[nH]2)cc1,1,c1ccc(-c2nc(-c3ccccc3)c(-c3ccccc3)[nH]2)cc1,0.7286300858529302,1,0.9936620276479682
CCOC/C=C/c1ccc(-c2nc(-c3ccc(NC)cc3)c(-c3ccc(NC(C)C)cc3)[nH]2)cc1,1,c1ccc(-c2nc(-c3ccccc3)c(-c3ccccc3)[nH]2)cc1,CCOC/C=C/c1ccc(-c2nc(-c3ccc(NC(C)C)cc3)c(-c3ccc(NC(C)C)cc3)[nH]2)cc1,1,c1ccc(-c2nc(-c3ccccc3)c(-c3ccccc3)[nH]2)cc1,0.928937728937729,1,0.9997955544953228
CCOC/C=C/c1ccc(-c2nc(-c3ccc(NC)cc3)c(-c3ccc(NC(C)C)cc3)[nH]2)cc1,1,c1ccc(-c2nc(-c3ccccc3)c(-c3ccccc3)[nH]2)cc1,CCNc1ccc(-c2nc(-c3ccc(/C=C/COCC)cc3)[nH]c2-c2ccc(NC(C)C)cc2)cc1,1,c1ccc(-c2nc(-c3ccccc3)c(-c3ccccc3)[nH]2)cc1,0.8514619883040936,1,0.9996446575807314
CCOC/C=C/c1ccc(-c2nc(-c3ccc(NC)cc3)c(-c3ccc(NC(C)C)cc3)[nH]2)cc1,1,c1ccc(-c2nc(-c3ccccc3)c(-c3ccccc3)[nH]2)cc1,CCOC/C=C/c1ccc(-c2nc(-c3ccc(F)cc3)c(-c3ccc(NC(C)C)cc3)[nH]2)cc1,1,c1ccc(-c2nc(-c3ccccc3)c(-c3ccccc3)[nH]2)cc1,0.8438969764837626,1,0.9977539614935854
CCOC/C=C/c1ccc(-c2nc(-c3ccc(NC)cc3)c(-c3ccc(NC(C)C)cc3)[nH]2)cc1,1,c1ccc(-c2nc(-c3ccccc3)c(-c3ccccc3)[nH]2)cc1,CCOC/C=C/c1ccc(-c2nc(-c3ccc(NC)cc3)c(-c3ccc(N(C)C)cc3)[nH]2)cc1,1,c1ccc(-c2nc(-c3ccccc3)c(-c3ccccc3)[nH]2)cc1,0.7726694915254237,1,0.9961460559710567
CCN(CC)c1ccc(-c2nc(-c3ccc(/C=C/C(=O)OC)cc3)[nH]c2-c2ccc(N(CC)CC)cc2)cc1,1,c1ccc(-c2nc(-c3ccccc3)c(-c3ccccc3)[nH]2)cc1,CCN(CC)c1ccc(-c2nc(-c3ccc(/C=C/C(=O)OC)cc3)[nH]c2-c2ccc(N)cc2)cc1,1,c1ccc(-c2nc(-c3ccccc3)c(-c3ccccc3)[nH]2)cc1,0.9023060796645703,1,0.9975464667763422
CCN(CC)c1ccc(-c2nc(-c3ccc(/C=C/C(=O)OC)cc3)[nH]c2-c2ccc(N(CC)CC)cc2)cc1,1,c1ccc(-c2nc(-c3ccccc3)c(-c3ccccc3)[nH]2)cc1,CCN(CC)c1ccc(-c2nc(-c3ccc(/C=C/C(=O)OC)cc3)[nH]c2-c2ccc(NC)cc2)cc1,1,c1ccc(-c2nc(-c3ccccc3)c(-c3ccccc3)[nH]2)cc1,0.881323877068558,1,0.9986221222411198
CCN(CC)c1ccc(-c2nc(-c3ccc(/C=C/C(=O)OC)cc3)[nH]c2-c2ccc(N(CC)CC)cc2)cc1,1,c1ccc(-c2nc(-c3ccccc3)c(-c3ccccc3)[nH]2)cc1,C=CCN(CC=C)c1ccc(-c2nc(-c3ccc(/C=C/C(=O)OC)cc3)[nH]c2-c2ccc(N(CC=C)CC=C)cc2)cc1,1,c1ccc(-c2nc(-c3ccccc3)c(-c3ccccc3)[nH]2)cc1,0.8167441860465118,1,0.9999144751439921
CCN(CC)c1ccc(-c2nc(-c3ccc(/C=C/C(=O)OC)cc3)[nH]c2-c2ccc(N(CC)CC)cc2)cc1,1,c1ccc(-c2nc(-c3ccccc3)c(-c3ccccc3)[nH]2)cc1,COC(=O)/C=C/c1ccc(-c2nc(-c3ccc(N(C)C)cc3)c(-c3ccc(N(C)C)cc3)[nH]2)cc1,1,c1ccc(-c2nc(-c3ccccc3)c(-c3ccccc3)[nH]2)cc1,0.8063789868667918,1,0.9961331711769559
CCNc1ccc(-c2nc(-c3ccc(/C=C/COCC)cc3)[nH]c2-c2ccc(NC(C)C)cc2)cc1,1,c1ccc(-c2nc(-c3ccccc3)c(-c3ccccc3)[nH]2)cc1,CCOC/C=C/c1ccc(-c2nc(-c3ccc(NC(C)C)cc3)c(-c3ccc(NC(C)C)cc3)[nH]2)cc1,1,c1ccc(-c2nc(-c3ccccc3)c(-c3ccccc3)[nH]2)cc1,0.9105748135146995,1,0.9998170900818658
CCNc1ccc(-c2nc(-c3ccc(/C=C/COCC)cc3)[nH]c2-c2ccc(NC(C)C)cc2)cc1,1,c1ccc(-c2nc(-c3ccccc3)c(-c3ccccc3)[nH]2)cc1,CCOC/C=C/c1ccc(-c2nc(-c3ccc(NC)cc3)c(-c3ccc(NC(C)C)cc3)[nH]2)cc1,1,c1ccc(-c2nc(-c3ccccc3)c(-c3ccccc3)[nH]2)cc1,0.8514619883040936,1,0.9993631381214377
CCNc1ccc(-c2nc(-c3ccc(/C=C/COCC)cc3)[nH]c2-c2ccc(NC(C)C)cc2)cc1,1,c1ccc(-c2nc(-c3ccccc3)c(-c3ccccc3)[nH]2)cc1,CCOC/C=C/c1ccc(-c2nc(-c3ccc(F)cc3)c(-c3ccc(NC(C)C)cc3)[nH]2)cc1,1,c1ccc(-c2nc(-c3ccccc3)c(-c3ccccc3)[nH]2)cc1,0.8287356321839081,1,0.9949960193550524
CCNc1ccc(-c2nc(-c3ccc(/C=C/COCC)cc3)[nH]c2-c2ccc(NC(C)C)cc2)cc1,1,c1ccc(-c2nc(-c3ccccc3)c(-c3ccccc3)[nH]2)cc1,CCOC/C=C/c1ccc(-c2nc(-c3ccc(NC)cc3)c(-c3ccc(N(C)C)cc3)[nH]2)cc1,1,c1ccc(-c2nc(-c3ccccc3)c(-c3ccccc3)[nH]2)cc1,0.6575980392156864,1,0.975022192416611
CCOC/C=C/c1ccc(-c2nc(-c3ccc(F)cc3)c(-c3ccc(NC(C)C)cc3)[nH]2)cc1,1,c1ccc(-c2nc(-c3ccccc3)c(-c3ccccc3)[nH]2)cc1,CCOC/C=C/c1ccc(-c2nc(-c3ccc(NC(C)C)cc3)c(-c3ccc(NC(C)C)cc3)[nH]2)cc1,1,c1ccc(-c2nc(-c3ccccc3)c(-c3ccccc3)[nH]2)cc1,0.9023060796645703,1,0.9993567869394313
CCOC/C=C/c1ccc(-c2nc(-c3ccc(F)cc3)c(-c3ccc(NC(C)C)cc3)[nH]2)cc1,1,c1ccc(-c2nc(-c3ccccc3)c(-c3ccccc3)[nH]2)cc1,CCOC/C=C/c1ccc(-c2nc(-c3ccc(NC)cc3)c(-c3ccc(NC(C)C)cc3)[nH]2)cc1,1,c1ccc(-c2nc(-c3ccccc3)c(-c3ccccc3)[nH]2)cc1,0.8438969764837626,1,0.998227954455344
CCOC/C=C/c1ccc(-c2nc(-c3ccc(F)cc3)c(-c3ccc(NC(C)C)cc3)[nH]2)cc1,1,c1ccc(-c2nc(-c3ccccc3)c(-c3ccccc3)[nH]2)cc1,CCNc1ccc(-c2nc(-c3ccc(/C=C/COCC)cc3)[nH]c2-c2ccc(NC(C)C)cc2)cc1,1,c1ccc(-c2nc(-c3ccccc3)c(-c3ccccc3)[nH]2)cc1,0.8287356321839081,1,0.9992744789244669
CCOC/C=C/c1ccc(-c2nc(-c3ccc(F)cc3)c(-c3ccc(NC(C)C)cc3)[nH]2)cc1,1,c1ccc(-c2nc(-c3ccccc3)c(-c3ccccc3)[nH]2)cc1,CCOC/C=C/c1ccc(-c2nc(-c3ccc(NC)cc3)c(-c3ccc(N(C)C)cc3)[nH]2)cc1,1,c1ccc(-c2nc(-c3ccccc3)c(-c3ccccc3)[nH]2)cc1,0.652122641509434,1,0.9941846949874589
CCOC/C=C/c1ccc(-c2nc(-c3ccc(NC(C)C)cc3)c(-c3ccc(NC(C)C)cc3)[nH]2)cc1,1,c1ccc(-c2nc(-c3ccccc3)c(-c3ccccc3)[nH]2)cc1,CCOC/C=C/c1ccc(-c2nc(-c3ccc(NC)cc3)c(-c3ccc(NC(C)C)cc3)[nH]2)cc1,1,c1ccc(-c2nc(-c3ccccc3)c(-c3ccccc3)[nH]2)cc1,0.928937728937729,1,0.9973822449358384
CCOC/C=C/c1ccc(-c2nc(-c3ccc(NC(C)C)cc3)c(-c3ccc(NC(C)C)cc3)[nH]2)cc1,1,c1ccc(-c2nc(-c3ccccc3)c(-c3ccccc3)[nH]2)cc1,CCNc1ccc(-c2nc(-c3ccc(/C=C/COCC)cc3)[nH]c2-c2ccc(NC(C)C)cc2)cc1,1,c1ccc(-c2nc(-c3ccccc3)c(-c3ccccc3)[nH]2)cc1,0.9105748135146995,1,0.9997512538136389
CCOC/C=C/c1ccc(-c2nc(-c3ccc(NC(C)C)cc3)c(-c3ccc(NC(C)C)cc3)[nH]2)cc1,1,c1ccc(-c2nc(-c3ccccc3)c(-c3ccccc3)[nH]2)cc1,CCOC/C=C/c1ccc(-c2nc(-c3ccc(F)cc3)c(-c3ccc(NC(C)C)cc3)[nH]2)cc1,1,c1ccc(-c2nc(-c3ccccc3)c(-c3ccccc3)[nH]2)cc1,0.9023060796645703,1,0.9926450240996317
CCOC/C=C/c1ccc(-c2nc(-c3ccc(NC(C)C)cc3)c(-c3ccc(NC(C)C)cc3)[nH]2)cc1,1,c1ccc(-c2nc(-c3ccccc3)c(-c3ccccc3)[nH]2)cc1,CCOC/C=C/c1ccc(-c2nc(-c3ccc(NC)cc3)c(-c3ccc(N(C)C)cc3)[nH]2)cc1,1,c1ccc(-c2nc(-c3ccccc3)c(-c3ccccc3)[nH]2)cc1,0.7100988700564972,1,0.9608236748387262
C=CCN(CC=C)c1ccc(-c2nc(-c3ccc(/C=C/C(=O)OC)cc3)[nH]c2-c2ccc(N(CC=C)CC=C)cc2)cc1,1,c1ccc(-c2nc(-c3ccccc3)c(-c3ccccc3)[nH]2)cc1,CCN(CC)c1ccc(-c2nc(-c3ccc(/C=C/C(=O)OC)cc3)[nH]c2-c2ccc(N(CC)CC)cc2)cc1,1,c1ccc(-c2nc(-c3ccccc3)c(-c3ccccc3)[nH]2)cc1,0.8167441860465118,1,0.9995382068505535
C=CCN(CC=C)c1ccc(-c2nc(-c3ccc(/C=C/C(=O)OC)cc3)[nH]c2-c2ccc(N(CC=C)CC=C)cc2)cc1,1,c1ccc(-c2nc(-c3ccccc3)c(-c3ccccc3)[nH]2)cc1,COC(=O)/C=C/c1ccc(-c2nc(-c3ccc(N(C)C)cc3)c(-c3ccc(N(C)C)cc3)[nH]2)cc1,1,c1ccc(-c2nc(-c3ccccc3)c(-c3ccccc3)[nH]2)cc1,0.7936507936507937,1,0.9993270636090004
C=CCN(CC=C)c1ccc(-c2nc(-c3ccc(/C=C/C(=O)OC)cc3)[nH]c2-c2ccc(N(CC=C)CC=C)cc2)cc1,1,c1ccc(-c2nc(-c3ccccc3)c(-c3ccccc3)[nH]2)cc1,CCN(CC)c1ccc(-c2nc(-c3ccc(/C=C/C(=O)OC)cc3)[nH]c2-c2ccc(N)cc2)cc1,1,c1ccc(-c2nc(-c3ccccc3)c(-c3ccccc3)[nH]2)cc1,0.745,1,0.9972848083919583
C=CCN(CC=C)c1ccc(-c2nc(-c3ccc(/C=C/C(=O)OC)cc3)[nH]c2-c2ccc(N(CC=C)CC=C)cc2)cc1,1,c1ccc(-c2nc(-c3ccccc3)c(-c3ccccc3)[nH]2)cc1,CCN(CC)c1ccc(-c2nc(-c3ccc(/C=C/C(=O)OC)cc3)[nH]c2-c2ccc(NC)cc2)cc1,1,c1ccc(-c2nc(-c3ccccc3)c(-c3ccccc3)[nH]2)cc1,0.7290491803278689,1,0.9988932459924951
CNc1ccc(-c2[nH]c(-c3ccc(/C=C/C(=O)OC)cc3)nc2-c2ccc(N(C)C)cc2)cc1,1,c1ccc(-c2nc(-c3ccccc3)c(-c3ccccc3)[nH]2)cc1,COC(=O)/C=C/c1ccc(-c2nc(-c3ccc(N(C)C)cc3)c(-c3ccc(N(C)C)cc3)[nH]2)cc1,1,c1ccc(-c2nc(-c3ccccc3)c(-c3ccccc3)[nH]2)cc1,0.8740641711229947,1,0.9981315865569962
CNc1ccc(-c2[nH]c(-c3ccc(/C=C/C(=O)OC)cc3)nc2-c2ccc(N(C)C)cc2)cc1,1,c1ccc(-c2nc(-c3ccccc3)c(-c3ccccc3)[nH]2)cc1,CNc1ccc(-c2nc(-c3ccc(/C=C/C(=O)OC)cc3)[nH]c2-c2ccc(NC)cc2)cc1,1,c1ccc(-c2nc(-c3ccccc3)c(-c3ccccc3)[nH]2)cc1,0.8720142602495544,1,0.9997477558512415
CNc1ccc(-c2[nH]c(-c3ccc(/C=C/C(=O)OC)cc3)nc2-c2ccc(N(C)C)cc2)cc1,1,c1ccc(-c2nc(-c3ccccc3)c(-c3ccccc3)[nH]2)cc1,CCN(CC)c1ccc(-c2nc(-c3ccc(/C=C/C(=O)OC)cc3)[nH]c2-c2ccc(NC)cc2)cc1,1,c1ccc(-c2nc(-c3ccccc3)c(-c3ccccc3)[nH]2)cc1,0.8274425287356322,1,0.9993378906526029
CNc1ccc(-c2[nH]c(-c3ccc(/C=C/C(=O)OC)cc3)nc2-c2ccc(N(C)C)cc2)cc1,1,c1ccc(-c2nc(-c3ccccc3)c(-c3ccccc3)[nH]2)cc1,COC(=O)/C=C/c1ccc(-c2nc(-c3ccc(N(C)C)cc3)c(-c3ccc(N)cc3)[nH]2)cc1,1,c1ccc(-c2nc(-c3ccccc3)c(-c3ccccc3)[nH]2)cc1,0.8167701863354038,1,0.9988953585856633
CCN(CC)c1ccc(-c2nc(-c3ccc(/C=C/C(=O)OC)cc3)[nH]c2-c2ccc(NC)cc2)cc1,1,c1ccc(-c2nc(-c3ccccc3)c(-c3ccccc3)[nH]2)cc1,CCN(CC)c1ccc(-c2nc(-c3ccc(/C=C/C(=O)OC)cc3)[nH]c2-c2ccc(N(CC)CC)cc2)cc1,1,c1ccc(-c2nc(-c3ccccc3)c(-c3ccccc3)[nH]2)cc1,0.881323877068558,1,0.9990022316508367
CCN(CC)c1ccc(-c2nc(-c3ccc(/C=C/C(=O)OC)cc3)[nH]c2-c2ccc(NC)cc2)cc1,1,c1ccc(-c2nc(-c3ccccc3)c(-c3ccccc3)[nH]2)cc1,CCCN(CCC)c1ccc(-c2nc(-c3ccc(/C=C/C(=O)OC)cc3)[nH]c2-c2ccc(NC)cc2)cc1,1,c1ccc(-c2nc(-c3ccccc3)c(-c3ccccc3)[nH]2)cc1,0.8755254237288137,1,0.9997636185752974
CCN(CC)c1ccc(-c2nc(-c3ccc(/C=C/C(=O)OC)cc3)[nH]c2-c2ccc(NC)cc2)cc1,1,c1ccc(-c2nc(-c3ccccc3)c(-c3ccccc3)[nH]2)cc1,CCCCN(CCCC)c1ccc(-c2nc(-c3ccc(/C=C/C(=O)OC)cc3)[nH]c2-c2ccc(NC)cc2)cc1,1,c1ccc(-c2nc(-c3ccccc3)c(-c3ccccc3)[nH]2)cc1,0.8492446158791387,1,0.9999305889768539
CCN(CC)c1ccc(-c2nc(-c3ccc(/C=C/C(=O)OC)cc3)[nH]c2-c2ccc(NC)cc2)cc1,1,c1ccc(-c2nc(-c3ccccc3)c(-c3ccccc3)[nH]2)cc1,CNc1ccc(-c2[nH]c(-c3ccc(/C=C/C(=O)OC)cc3)nc2-c2ccc(N(C)C)cc2)cc1,1,c1ccc(-c2nc(-c3ccccc3)c(-c3ccccc3)[nH]2)cc1,0.8274425287356322,1,0.9985871620420931
CCCN(CCC)c1ccc(-c2nc(-c3ccc(/C=C/C(=O)OC)cc3)[nH]c2-c2ccc(NC)cc2)cc1,1,c1ccc(-c2nc(-c3ccccc3)c(-c3ccccc3)[nH]2)cc1,CCCCN(CCCC)c1ccc(-c2nc(-c3ccc(/C=C/C(=O)OC)cc3)[nH]c2-c2ccc(NC)cc2)cc1,1,c1ccc(-c2nc(-c3ccccc3)c(-c3ccccc3)[nH]2)cc1,0.9082352941176471,1,0.9999702358249246
CCCN(CCC)c1ccc(-c2nc(-c3ccc(/C=C/C(=O)OC)cc3)[nH]c2-c2ccc(NC)cc2)cc1,1,c1ccc(-c2nc(-c3ccccc3)c(-c3ccccc3)[nH]2)cc1,CCN(CC)c1ccc(-c2nc(-c3ccc(/C=C/C(=O)OC)cc3)[nH]c2-c2ccc(NC)cc2)cc1,1,c1ccc(-c2nc(-c3ccccc3)c(-c3ccccc3)[nH]2)cc1,0.8755254237288137,1,0.997105609470326
CCCN(CCC)c1ccc(-c2nc(-c3ccc(/C=C/C(=O)OC)cc3)[nH]c2-c2ccc(NC)cc2)cc1,1,c1ccc(-c2nc(-c3ccccc3)c(-c3ccccc3)[nH]2)cc1,CNc1ccc(-c2[nH]c(-c3ccc(/C=C/C(=O)OC)cc3)nc2-c2ccc(N(C)C)cc2)cc1,1,c1ccc(-c2nc(-c3ccccc3)c(-c3ccccc3)[nH]2)cc1,0.7986666666666667,1,0.9948927495331789
CCCN(CCC)c1ccc(-c2nc(-c3ccc(/C=C/C(=O)OC)cc3)[nH]c2-c2ccc(NC)cc2)cc1,1,c1ccc(-c2nc(-c3ccccc3)c(-c3ccccc3)[nH]2)cc1,CNc1ccc(-c2nc(-c3ccc(/C=C/C(=O)OC)cc3)[nH]c2-c2ccc(NC)cc2)cc1,1,c1ccc(-c2nc(-c3ccccc3)c(-c3ccccc3)[nH]2)cc1,0.7918367346938775,1,0.9977680001042928
CCCCN(CCCC)c1ccc(-c2nc(-c3ccc(/C=C/C(=O)OC)cc3)[nH]c2-c2ccc(NC)cc2)cc1,1,c1ccc(-c2nc(-c3ccccc3)c(-c3ccccc3)[nH]2)cc1,CCCN(CCC)c1ccc(-c2nc(-c3ccc(/C=C/C(=O)OC)cc3)[nH]c2-c2ccc(NC)cc2)cc1,1,c1ccc(-c2nc(-c3ccccc3)c(-c3ccccc3)[nH]2)cc1,0.9082352941176471,1,0.999804646565349
CCCCN(CCCC)c1ccc(-c2nc(-c3ccc(/C=C/C(=O)OC)cc3)[nH]c2-c2ccc(NC)cc2)cc1,1,c1ccc(-c2nc(-c3ccccc3)c(-c3ccccc3)[nH]2)cc1,CCN(CC)c1ccc(-c2nc(-c3ccc(/C=C/C(=O)OC)cc3)[nH]c2-c2ccc(NC)cc2)cc1,1,c1ccc(-c2nc(-c3ccccc3)c(-c3ccccc3)[nH]2)cc1,0.8492446158791387,1,0.9666805022079275
CCCCN(CCCC)c1ccc(-c2nc(-c3ccc(/C=C/C(=O)OC)cc3)[nH]c2-c2ccc(NC)cc2)cc1,1,c1ccc(-c2nc(-c3ccccc3)c(-c3ccccc3)[nH]2)cc1,CNc1ccc(-c2[nH]c(-c3ccc(/C=C/C(=O)OC)cc3)nc2-c2ccc(N(C)C)cc2)cc1,1,c1ccc(-c2nc(-c3ccccc3)c(-c3ccccc3)[nH]2)cc1,0.775079063883618,1,0.99609199644654
CCCCN(CCCC)c1ccc(-c2nc(-c3ccc(/C=C/C(=O)OC)cc3)[nH]c2-c2ccc(NC)cc2)cc1,1,c1ccc(-c2nc(-c3ccccc3)c(-c3ccccc3)[nH]2)cc1,CNc1ccc(-c2nc(-c3ccc(/C=C/C(=O)OC)cc3)[nH]c2-c2ccc(NC)cc2)cc1,1,c1ccc(-c2nc(-c3ccccc3)c(-c3ccccc3)[nH]2)cc1,0.766896551724138,1,0.9948533141117483
COC(=O)/C=C/c1ccc(-c2nc(-c3ccc(N(C)C)cc3)c(-c3ccc(N)cc3)[nH]2)cc1,1,c1ccc(-c2nc(-c3ccccc3)c(-c3ccccc3)[nH]2)cc1,COC(=O)/C=C/c1ccc(-c2nc(-c3ccc(N(C)C)cc3)c(-c3ccc(N(C)C)cc3)[nH]2)cc1,1,c1ccc(-c2nc(-c3ccccc3)c(-c3ccccc3)[nH]2)cc1,0.8961904761904763,1,0.9919553860473692
COC(=O)/C=C/c1ccc(-c2nc(-c3ccc(N(C)C)cc3)c(-c3ccc(N)cc3)[nH]2)cc1,1,c1ccc(-c2nc(-c3ccccc3)c(-c3ccccc3)[nH]2)cc1,CCN(CC)c1ccc(-c2nc(-c3ccc(/C=C/C(=O)OC)cc3)[nH]c2-c2ccc(N)cc2)cc1,1,c1ccc(-c2nc(-c3ccccc3)c(-c3ccccc3)[nH]2)cc1,0.8238749046529367,1,0.9979239991868352
COC(=O)/C=C/c1ccc(-c2nc(-c3ccc(N(C)C)cc3)c(-c3ccc(N)cc3)[nH]2)cc1,1,c1ccc(-c2nc(-c3ccccc3)c(-c3ccccc3)[nH]2)cc1,CNc1ccc(-c2[nH]c(-c3ccc(/C=C/C(=O)OC)cc3)nc2-c2ccc(N(C)C)cc2)cc1,1,c1ccc(-c2nc(-c3ccccc3)c(-c3ccccc3)[nH]2)cc1,0.8167701863354038,1,0.996230668369728
COC(=O)/C=C/c1ccc(-c2nc(-c3ccc(N(C)C)cc3)c(-c3ccc(N)cc3)[nH]2)cc1,1,c1ccc(-c2nc(-c3ccccc3)c(-c3ccccc3)[nH]2)cc1,CCN(CC)c1ccc(-c2nc(-c3ccc(/C=C/C(=O)OC)cc3)[nH]c2-c2ccc(N(CC)CC)cc2)cc1,1,c1ccc(-c2nc(-c3ccccc3)c(-c3ccccc3)[nH]2)cc1,0.7319603356216628,1,0.9790544909128696
COC(=O)CCc1ccc(-c2nc(-c3ccc(N(C)C)cc3)c(-c3ccc(N(C)C)cc3)[nH]2)cc1,1,c1ccc(-c2nc(-c3ccccc3)c(-c3ccccc3)[nH]2)cc1,COCCCc1ccc(-c2nc(-c3ccc(N(C)C)cc3)c(-c3ccc(N(C)C)cc3)[nH]2)cc1,1,c1ccc(-c2nc(-c3ccccc3)c(-c3ccccc3)[nH]2)cc1,0.7003663003663004,1,0.9996549460715509
COC(=O)CCc1ccc(-c2nc(-c3ccc(N(C)C)cc3)c(-c3ccc(N(C)C)cc3)[nH]2)cc1,1,c1ccc(-c2nc(-c3ccccc3)c(-c3ccccc3)[nH]2)cc1,COCCCCc1ccc(-c2nc(-c3ccc(N(C)C)cc3)c(-c3ccc(N(C)C)cc3)[nH]2)cc1,1,c1ccc(-c2nc(-c3ccccc3)c(-c3ccccc3)[nH]2)cc1,0.6864414216761737,1,0.9993914245220961
COC(=O)CCc1ccc(-c2nc(-c3ccc(N(C)C)cc3)c(-c3ccc(N(C)C)cc3)[nH]2)cc1,1,c1ccc(-c2nc(-c3ccccc3)c(-c3ccccc3)[nH]2)cc1,COC(=O)c1ccc(-c2nc(-c3ccc(N(C)C)cc3)c(-c3ccc(N(C)C)cc3)[nH]2)cc1,1,c1ccc(-c2nc(-c3ccccc3)c(-c3ccccc3)[nH]2)cc1,0.6761904761904762,1,0.9976938244082467
COC(=O)CCc1ccc(-c2nc(-c3ccc(N(C)C)cc3)c(-c3ccc(N(C)C)cc3)[nH]2)cc1,1,c1ccc(-c2nc(-c3ccccc3)c(-c3ccccc3)[nH]2)cc1,COC(=O)/C=C/c1ccc(-c2nc(-c3ccc(N(C)C)cc3)c(-c3ccc(N(C)C)cc3)[nH]2)cc1,1,c1ccc(-c2nc(-c3ccccc3)c(-c3ccccc3)[nH]2)cc1,0.6345514950166113,1,0.9997306782007308
CN(C)c1ccc(-c2nc(-c3ccc(/C=C/C#N)cc3)[nH]c2-c2ccc(N(C)C)cc2)cc1,1,c1ccc(-c2nc(-c3ccccc3)c(-c3ccccc3)[nH]2)cc1,CN(C)C/C=C/c1ccc(-c2nc(-c3ccc(N(C)C)cc3)c(-c3ccc(N(C)C)cc3)[nH]2)cc1,1,c1ccc(-c2nc(-c3ccccc3)c(-c3ccccc3)[nH]2)cc1,0.691156462585034,1,0.9982865987750782
CN(C)c1ccc(-c2nc(-c3ccc(/C=C/C#N)cc3)[nH]c2-c2ccc(N(C)C)cc2)cc1,1,c1ccc(-c2nc(-c3ccccc3)c(-c3ccccc3)[nH]2)cc1,COC(=O)/C=C/c1ccc(-c2nc(-c3ccc(N(C)C)cc3)c(-c3ccc(N(C)C)cc3)[nH]2)cc1,1,c1ccc(-c2nc(-c3ccccc3)c(-c3ccccc3)[nH]2)cc1,0.6791744840525329,1,0.996167420876015
CN(C)c1ccc(-c2nc(-c3ccc(/C=C/C#N)cc3)[nH]c2-c2ccc(N(C)C)cc2)cc1,1,c1ccc(-c2nc(-c3ccccc3)c(-c3ccccc3)[nH]2)cc1,COC/C=C/c1ccc(-c2nc(-c3ccc(N(C)C)cc3)c(-c3ccc(N(C)C)cc3)[nH]2)cc1,1,c1ccc(-c2nc(-c3ccccc3)c(-c3ccccc3)[nH]2)cc1,0.6776470588235295,1,0.9984101641247187
CN(C)c1ccc(-c2nc(-c3ccc(/C=C/C#N)cc3)[nH]c2-c2ccc(N(C)C)cc2)cc1,1,c1ccc(-c2nc(-c3ccccc3)c(-c3ccccc3)[nH]2)cc1,CN(C)c1ccc(-c2nc(-c3ccc(/C=C/C(=O)O)cc3)[nH]c2-c2ccc(N(C)C)cc2)cc1,1,c1ccc(-c2nc(-c3ccccc3)c(-c3ccccc3)[nH]2)cc1,0.6689090909090909,1,0.9936023613822446
COC/C=C/c1ccc(-c2nc(-c3ccc(N(C)C)cc3)c(-c3ccc(N(C)C)cc3)[nH]2)cc1,1,c1ccc(-c2nc(-c3ccccc3)c(-c3ccccc3)[nH]2)cc1,COCCOC/C=C/c1ccc(-c2nc(-c3ccc(N(C)C)cc3)c(-c3ccc(N(C)C)cc3)[nH]2)cc1,1,c1ccc(-c2nc(-c3ccccc3)c(-c3ccccc3)[nH]2)cc1,0.8588614393125672,1,0.999855720511546
COC/C=C/c1ccc(-c2nc(-c3ccc(N(C)C)cc3)c(-c3ccc(N(C)C)cc3)[nH]2)cc1,1,c1ccc(-c2nc(-c3ccccc3)c(-c3ccccc3)[nH]2)cc1,CCOC/C=C/c1ccc(-c2nc(-c3ccc(N(C)C)cc3)c(-c3ccc(N(C)C)cc3)[nH]2)cc1,1,c1ccc(-c2nc(-c3ccccc3)c(-c3ccccc3)[nH]2)cc1,0.8162218733647306,1,0.9992493707422351
COC/C=C/c1ccc(-c2nc(-c3ccc(N(C)C)cc3)c(-c3ccc(N(C)C)cc3)[nH]2)cc1,1,c1ccc(-c2nc(-c3ccccc3)c(-c3ccccc3)[nH]2)cc1,CCCCOC/C=C/c1ccc(-c2nc(-c3ccc(N(C)C)cc3)c(-c3ccc(N(C)C)cc3)[nH]2)cc1,1,c1ccc(-c2nc(-c3ccccc3)c(-c3ccccc3)[nH]2)cc1,0.7666666666666668,1,0.9997059084613278
COC/C=C/c1ccc(-c2nc(-c3ccc(N(C)C)cc3)c(-c3ccc(N(C)C)cc3)[nH]2)cc1,1,c1ccc(-c2nc(-c3ccccc3)c(-c3ccccc3)[nH]2)cc1,CN(C)C/C=C/c1ccc(-c2nc(-c3ccc(N(C)C)cc3)c(-c3ccc(N(C)C)cc3)[nH]2)cc1,1,c1ccc(-c2nc(-c3ccccc3)c(-c3ccccc3)[nH]2)cc1,0.7523809523809525,1,0.9995494432823671
COCCCc1ccc(-c2nc(-c3ccc(N(C)C)cc3)c(-c3ccc(N(C)C)cc3)[nH]2)cc1,1,c1ccc(-c2nc(-c3ccccc3)c(-c3ccccc3)[nH]2)cc1,COCCCCc1ccc(-c2nc(-c3ccc(N(C)C)cc3)c(-c3ccc(N(C)C)cc3)[nH]2)cc1,1,c1ccc(-c2nc(-c3ccccc3)c(-c3ccccc3)[nH]2)cc1,0.9304545454545455,1,0.9994798487372777
COCCCc1ccc(-c2nc(-c3ccc(N(C)C)cc3)c(-c3ccc(N(C)C)cc3)[nH]2)cc1,1,c1ccc(-c2nc(-c3ccccc3)c(-c3ccccc3)[nH]2)cc1,COC(=O)CCc1ccc(-c2nc(-c3ccc(N(C)C)cc3)c(-c3ccc(N(C)C)cc3)[nH]2)cc1,1,c1ccc(-c2nc(-c3ccccc3)c(-c3ccccc3)[nH]2)cc1,0.7003663003663004,1,0.9992831378162025
COCCCc1ccc(-c2nc(-c3ccc(N(C)C)cc3)c(-c3ccc(N(C)C)cc3)[nH]2)cc1,1,c1ccc(-c2nc(-c3ccccc3)c(-c3ccccc3)[nH]2)cc1,COCCOC/C=C/c1ccc(-c2nc(-c3ccc(N(C)C)cc3)c(-c3ccc(N(C)C)cc3)[nH]2)cc1,1,c1ccc(-c2nc(-c3ccccc3)c(-c3ccccc3)[nH]2)cc1,0.64,1,0.9998844706135395
COCCCc1ccc(-c2nc(-c3ccc(N(C)C)cc3)c(-c3ccc(N(C)C)cc3)[nH]2)cc1,1,c1ccc(-c2nc(-c3ccccc3)c(-c3ccccc3)[nH]2)cc1,COC/C=C/c1ccc(-c2nc(-c3ccc(N(C)C)cc3)c(-c3ccc(N(C)C)cc3)[nH]2)cc1,1,c1ccc(-c2nc(-c3ccccc3)c(-c3ccccc3)[nH]2)cc1,0.6353998203054807,1,0.9998080845746845
COC(=O)c1ccc(-c2nc(-c3ccc(N(C)C)cc3)c(-c3ccc(N(C)C)cc3)[nH]2)cc1,1,c1ccc(-c2nc(-c3ccccc3)c(-c3ccccc3)[nH]2)cc1,COC(=O)/C=C/c1ccc(-c2nc(-c3ccc(N(C)C)cc3)c(-c3ccc(N(C)C)cc3)[nH]2)cc1,1,c1ccc(-c2nc(-c3ccccc3)c(-c3ccccc3)[nH]2)cc1,0.6796747967479675,1,0.9986989210015775
COC(=O)c1ccc(-c2nc(-c3ccc(N(C)C)cc3)c(-c3ccc(N(C)C)cc3)[nH]2)cc1,1,c1ccc(-c2nc(-c3ccccc3)c(-c3ccccc3)[nH]2)cc1,COC(=O)CCc1ccc(-c2nc(-c3ccc(N(C)C)cc3)c(-c3ccc(N(C)C)cc3)[nH]2)cc1,1,c1ccc(-c2nc(-c3ccccc3)c(-c3ccccc3)[nH]2)cc1,0.6761904761904762,1,0.9988377878324511
COC(=O)c1ccc(-c2nc(-c3ccc(N(C)C)cc3)c(-c3ccc(N(C)C)cc3)[nH]2)cc1,1,c1ccc(-c2nc(-c3ccccc3)c(-c3ccccc3)[nH]2)cc1,CN(C)c1ccc(-c2nc(-c3ccc(O)cc3)[nH]c2-c2ccc(N(C)C)cc2)cc1,1,c1ccc(-c2nc(-c3ccccc3)c(-c3ccccc3)[nH]2)cc1,0.6657342657342658,1,0.9982820320517735
COC(=O)c1ccc(-c2nc(-c3ccc(N(C)C)cc3)c(-c3ccc(N(C)C)cc3)[nH]2)cc1,1,c1ccc(-c2nc(-c3ccccc3)c(-c3ccccc3)[nH]2)cc1,COC(=O)[C@H]1C[C@H]1c1ccc(-c2nc(-c3ccc(N(C)C)cc3)c(-c3ccc(N(C)C)cc3)[nH]2)cc1,1,c1ccc(-c2nc(-c3ccc(C4CC4)cc3)[nH]c2-c2ccccc2)cc1,0.6400673400673401,1,0.9989086728213293
COCCCCc1ccc(-c2nc(-c3ccc(N(C)C)cc3)c(-c3ccc(N(C)C)cc3)[nH]2)cc1,1,c1ccc(-c2nc(-c3ccccc3)c(-c3ccccc3)[nH]2)cc1,COCCCc1ccc(-c2nc(-c3ccc(N(C)C)cc3)c(-c3ccc(N(C)C)cc3)[nH]2)cc1,1,c1ccc(-c2nc(-c3ccccc3)c(-c3ccccc3)[nH]2)cc1,0.9304545454545455,1,0.999881842518421
COCCCCc1ccc(-c2nc(-c3ccc(N(C)C)cc3)c(-c3ccc(N(C)C)cc3)[nH]2)cc1,1,c1ccc(-c2nc(-c3ccccc3)c(-c3ccccc3)[nH]2)cc1,COC(=O)CCc1ccc(-c2nc(-c3ccc(N(C)C)cc3)c(-c3ccc(N(C)C)cc3)[nH]2)cc1,1,c1ccc(-c2nc(-c3ccccc3)c(-c3ccccc3)[nH]2)cc1,0.6864414216761737,1,0.9975134461175093
COCCCCc1ccc(-c2nc(-c3ccc(N(C)C)cc3)c(-c3ccc(N(C)C)cc3)[nH]2)cc1,1,c1ccc(-c2nc(-c3ccccc3)c(-c3ccccc3)[nH]2)cc1,COCCOC/C=C/c1ccc(-c2nc(-c3ccc(N(C)C)cc3)c(-c3ccc(N(C)C)cc3)[nH]2)cc1,1,c1ccc(-c2nc(-c3ccccc3)c(-c3ccccc3)[nH]2)cc1,0.6279365079365079,1,0.9998376534968144
COCCCCc1ccc(-c2nc(-c3ccc(N(C)C)cc3)c(-c3ccc(N(C)C)cc3)[nH]2)cc1,1,c1ccc(-c2nc(-c3ccccc3)c(-c3ccccc3)[nH]2)cc1,COC/C=C/c1ccc(-c2nc(-c3ccc(N(C)C)cc3)c(-c3ccc(N(C)C)cc3)[nH]2)cc1,1,c1ccc(-c2nc(-c3ccccc3)c(-c3ccccc3)[nH]2)cc1,0.6229112833763997,1,0.9995281121601349
CCCCOC/C=C/c1ccc(-c2nc(-c3ccc(N(C)C)cc3)c(-c3ccc(N(C)C)cc3)[nH]2)cc1,1,c1ccc(-c2nc(-c3ccccc3)c(-c3ccccc3)[nH]2)cc1,CCOC/C=C/c1ccc(-c2nc(-c3ccc(N(C)C)cc3)c(-c3ccc(N(C)C)cc3)[nH]2)cc1,1,c1ccc(-c2nc(-c3ccccc3)c(-c3ccccc3)[nH]2)cc1,0.8350140056022409,1,0.9974419077694853
CCCCOC/C=C/c1ccc(-c2nc(-c3ccc(N(C)C)cc3)c(-c3ccc(N(C)C)cc3)[nH]2)cc1,1,c1ccc(-c2nc(-c3ccccc3)c(-c3ccccc3)[nH]2)cc1,COCCOC/C=C/c1ccc(-c2nc(-c3ccc(N(C)C)cc3)c(-c3ccc(N(C)C)cc3)[nH]2)cc1,1,c1ccc(-c2nc(-c3ccccc3)c(-c3ccccc3)[nH]2)cc1,0.8014041246160598,1,0.9996783537092994
CCCCOC/C=C/c1ccc(-c2nc(-c3ccc(N(C)C)cc3)c(-c3ccc(N(C)C)cc3)[nH]2)cc1,1,c1ccc(-c2nc(-c3ccccc3)c(-c3ccccc3)[nH]2)cc1,COC/C=C/c1ccc(-c2nc(-c3ccc(N(C)C)cc3)c(-c3ccc(N(C)C)cc3)[nH]2)cc1,1,c1ccc(-c2nc(-c3ccccc3)c(-c3ccccc3)[nH]2)cc1,0.7666666666666668,1,0.998388824097457
CCCCOC/C=C/c1ccc(-c2nc(-c3ccc(N(C)C)cc3)c(-c3ccc(N(C)C)cc3)[nH]2)cc1,1,c1ccc(-c2nc(-c3ccccc3)c(-c3ccccc3)[nH]2)cc1,CCCCC(=O)OC/C=C/c1ccc(-c2nc(-c3ccc(N(C)C)cc3)c(-c3ccc(N(C)C)cc3)[nH]2)cc1,1,c1ccc(-c2nc(-c3ccccc3)c(-c3ccccc3)[nH]2)cc1,0.748268238761975,1,0.9991394264154783
COCCOC/C=C/c1ccc(-c2nc(-c3ccc(N(C)C)cc3)c(-c3ccc(N(C)C)cc3)[nH]2)cc1,1,c1ccc(-c2nc(-c3ccccc3)c(-c3ccccc3)[nH]2)cc1,COC/C=C/c1ccc(-c2nc(-c3ccc(N(C)C)cc3)c(-c3ccc(N(C)C)cc3)[nH]2)cc1,1,c1ccc(-c2nc(-c3ccccc3)c(-c3ccccc3)[nH]2)cc1,0.8588614393125672,1,0.9998683018131361
COCCOC/C=C/c1ccc(-c2nc(-c3ccc(N(C)C)cc3)c(-c3ccc(N(C)C)cc3)[nH]2)cc1,1,c1ccc(-c2nc(-c3ccccc3)c(-c3ccccc3)[nH]2)cc1,CCOC/C=C/c1ccc(-c2nc(-c3ccc(N(C)C)cc3)c(-c3ccc(N(C)C)cc3)[nH]2)cc1,1,c1ccc(-c2nc(-c3ccccc3)c(-c3ccccc3)[nH]2)cc1,0.8231372549019609,1,0.9996695943585627
COCCOC/C=C/c1ccc(-c2nc(-c3ccc(N(C)C)cc3)c(-c3ccc(N(C)C)cc3)[nH]2)cc1,1,c1ccc(-c2nc(-c3ccccc3)c(-c3ccccc3)[nH]2)cc1,CCCCOC/C=C/c1ccc(-c2nc(-c3ccc(N(C)C)cc3)c(-c3ccc(N(C)C)cc3)[nH]2)cc1,1,c1ccc(-c2nc(-c3ccccc3)c(-c3ccccc3)[nH]2)cc1,0.8014041246160598,1,0.9999254874289022
COCCOC/C=C/c1ccc(-c2nc(-c3ccc(N(C)C)cc3)c(-c3ccc(N(C)C)cc3)[nH]2)cc1,1,c1ccc(-c2nc(-c3ccccc3)c(-c3ccccc3)[nH]2)cc1,CN(C)c1ccc(-c2nc(-c3ccc(/C=C/COCc4ccccc4)cc3)[nH]c2-c2ccc(N(C)C)cc2)cc1,1,C(=Cc1ccc(-c2nc(-c3ccccc3)c(-c3ccccc3)[nH]2)cc1)COCc1ccccc1,0.7485049833887043,1,0.9997803692922613
CCN(CC)C(=O)OC/C=C/c1ccc(-c2nc(-c3ccc(N(C)C)cc3)c(-c3ccc(N(C)C)cc3)[nH]2)cc1,1,c1ccc(-c2nc(-c3ccccc3)c(-c3ccccc3)[nH]2)cc1,CCCCC(=O)OC/C=C/c1ccc(-c2nc(-c3ccc(N(C)C)cc3)c(-c3ccc(N(C)C)cc3)[nH]2)cc1,1,c1ccc(-c2nc(-c3ccccc3)c(-c3ccccc3)[nH]2)cc1,0.7561213812347403,1,0.9995269195126891
CCN(CC)C(=O)OC/C=C/c1ccc(-c2nc(-c3ccc(N(C)C)cc3)c(-c3ccc(N(C)C)cc3)[nH]2)cc1,1,c1ccc(-c2nc(-c3ccccc3)c(-c3ccccc3)[nH]2)cc1,CCOC/C=C/c1ccc(-c2nc(-c3ccc(N(C)C)cc3)c(-c3ccc(N(C)C)cc3)[nH]2)cc1,1,c1ccc(-c2nc(-c3ccccc3)c(-c3ccccc3)[nH]2)cc1,0.7214035087719298,1,0.9998337175092381
CCN(CC)C(=O)OC/C=C/c1ccc(-c2nc(-c3ccc(N(C)C)cc3)c(-c3ccc(N(C)C)cc3)[nH]2)cc1,1,c1ccc(-c2nc(-c3ccccc3)c(-c3ccccc3)[nH]2)cc1,COC/C=C/c1ccc(-c2nc(-c3ccc(N(C)C)cc3)c(-c3ccc(N(C)C)cc3)[nH]2)cc1,1,c1ccc(-c2nc(-c3ccccc3)c(-c3ccccc3)[nH]2)cc1,0.7162337662337662,1,0.9997409574216828
CCN(CC)C(=O)OC/C=C/c1ccc(-c2nc(-c3ccc(N(C)C)cc3)c(-c3ccc(N(C)C)cc3)[nH]2)cc1,1,c1ccc(-c2nc(-c3ccccc3)c(-c3ccccc3)[nH]2)cc1,CCCCOC/C=C/c1ccc(-c2nc(-c3ccc(N(C)C)cc3)c(-c3ccc(N(C)C)cc3)[nH]2)cc1,1,c1ccc(-c2nc(-c3ccccc3)c(-c3ccccc3)[nH]2)cc1,0.6907801418439716,1,0.9998381999777459
COC(=O)/C=C/c1ccc(-c2nc(-c3ccc(N4CCCC4)cc3)c(-c3ccc(N4CCCC4)cc3)[nH]2)cc1,1,c1ccc(-c2nc(-c3ccc(N4CCCC4)cc3)c(-c3ccc(N4CCCC4)cc3)[nH]2)cc1,COC(=O)/C=C/c1ccc(-c2nc(-c3ccc(N(C)C)cc3)c(-c3ccc(N(C)C)cc3)[nH]2)cc1,1,c1ccc(-c2nc(-c3ccccc3)c(-c3ccccc3)[nH]2)cc1,0.7142857142857144,1,0.9985165087353308
COC(=O)/C=C/c1ccc(-c2nc(-c3ccc(N4CCCC4)cc3)c(-c3ccc(N4CCCC4)cc3)[nH]2)cc1,1,c1ccc(-c2nc(-c3ccc(N4CCCC4)cc3)c(-c3ccc(N4CCCC4)cc3)[nH]2)cc1,CCN(CC)c1ccc(-c2nc(-c3ccc(/C=C/C(=O)OC)cc3)[nH]c2-c2ccc(N(CC)CC)cc2)cc1,1,c1ccc(-c2nc(-c3ccccc3)c(-c3ccccc3)[nH]2)cc1,0.6919984233346472,1,0.9997244442745494
COC(=O)/C=C/c1ccc(-c2nc(-c3ccc(N4CCCC4)cc3)c(-c3ccc(N4CCCC4)cc3)[nH]2)cc1,1,c1ccc(-c2nc(-c3ccc(N4CCCC4)cc3)c(-c3ccc(N4CCCC4)cc3)[nH]2)cc1,CNc1ccc(-c2nc(-c3ccc(/C=C/C(=O)OC)cc3)[nH]c2-c2ccc(NC)cc2)cc1,1,c1ccc(-c2nc(-c3ccccc3)c(-c3ccccc3)[nH]2)cc1,0.6902272727272727,1,0.9988935953939613
COC(=O)/C=C/c1ccc(-c2nc(-c3ccc(N4CCCC4)cc3)c(-c3ccc(N4CCCC4)cc3)[nH]2)cc1,1,c1ccc(-c2nc(-c3ccc(N4CCCC4)cc3)c(-c3ccc(N4CCCC4)cc3)[nH]2)cc1,C=CCN(CC=C)c1ccc(-c2nc(-c3ccc(/C=C/C(=O)OC)cc3)[nH]c2-c2ccc(N(CC=C)CC=C)cc2)cc1,1,c1ccc(-c2nc(-c3ccccc3)c(-c3ccccc3)[nH]2)cc1,0.663049853372434,1,0.9999495358144956
CCN(CC)CCNc1ccc(CO)c2sc3ccccc3c(=O)c12,0,O=c1c2ccccc2sc2ccccc12,CCCC(C(=O)OCCN(CC)CC)(c1ccccc1)c1ccccc1,1,c1ccc(Cc2ccccc2)cc1,0.2457912457912458,0,0.012450222991720031
CCN(CC)CCNc1ccc(CO)c2sc3ccccc3c(=O)c12,0,O=c1c2ccccc2sc2ccccc12,O=c1c2ccccc2n(CCCCN2CCN(CCO)CC2)c2ccccc12,1,O=c1c2ccccc2n(CCCCN2CCNCC2)c2ccccc12,0.23599311136624573,0,0.2736381357446178
CCN(CC)CCNc1ccc(CO)c2sc3ccccc3c(=O)c12,0,O=c1c2ccccc2sc2ccccc12,O=c1c2ccccc2n(CCCN2CCN(CCO)CC2)c2ccccc12,1,O=c1c2ccccc2n(CCCN2CCNCC2)c2ccccc12,0.23599311136624573,0,0.20362005983538206
CCN(CC)CCNc1ccc(CO)c2sc3ccccc3c(=O)c12,0,O=c1c2ccccc2sc2ccccc12,CCN(CC)CCNC(=O)c1cc(S(C)(=O)=O)ccc1OC,1,c1ccccc1,0.2315492957746479,0,0.02750591121442042
CC(=O)C[C@@H](c1ccccc1)c1c(O)c2ccccc2oc1=O,0,O=c1oc2ccccc2cc1Cc1ccccc1,CC(=O)Oc1cc2oc(-c3ccccc3)cc(=O)c2c(O)c1OCc1ccccc1,1,O=c1cc(-c2ccccc2)oc2ccc(OCc3ccccc3)cc12,0.29115138592750534,0,0.0048285134716975365
CC(=O)C[C@@H](c1ccccc1)c1c(O)c2ccccc2oc1=O,0,O=c1oc2ccccc2cc1Cc1ccccc1,CCCNC[C@H](O)c1oc2ccccc2c1CCc1ccccc1,1,c1ccc(CCc2coc3ccccc23)cc1,0.2820999367488931,0,0.017256356954366486
CC(=O)C[C@@H](c1ccccc1)c1c(O)c2ccccc2oc1=O,0,O=c1oc2ccccc2cc1Cc1ccccc1,CCCNC[C@@H](O)c1oc2ccccc2c1CC,1,c1ccc2occc2c1,0.2806896551724138,0,0.04185012648600893
CC(=O)C[C@@H](c1ccccc1)c1c(O)c2ccccc2oc1=O,0,O=c1oc2ccccc2cc1Cc1ccccc1,CC(C)NCCc1oc2ccccc2c1CCc1ccccc1,1,c1ccc(CCc2coc3ccccc23)cc1,0.27783251231527095,0,0.013597801783912358
O=C(CCc1ccccc1)c1ccccc1OCCCCN1CCN(c2ccc(F)cc2)CC1,1,O=C(CCc1ccccc1)c1ccccc1OCCCCN1CCN(c2ccccc2)CC1,O=C(CCc1ccccc1)c1ccccc1OCCCCN1CCOCC1,1,O=C(CCc1ccccc1)c1ccccc1OCCCCN1CCOCC1,0.7318181818181819,1,0.994790755839685
O=C(CCc1ccccc1)c1ccccc1OCCCCN1CCN(c2ccc(F)cc2)CC1,1,O=C(CCc1ccccc1)c1ccccc1OCCCCN1CCN(c2ccccc2)CC1,O=C(CCc1ccccc1)c1ccccc1OCCCCN1CCCCC1,1,O=C(CCc1ccccc1)c1ccccc1OCCCCN1CCCCC1,0.7264957264957266,1,0.9978794160137352
O=C(CCc1ccccc1)c1ccccc1OCCCCN1CCN(c2ccc(F)cc2)CC1,1,O=C(CCc1ccccc1)c1ccccc1OCCCCN1CCN(c2ccccc2)CC1,O=C(CCc1ccccc1)c1ccccc1OCCCCCCCCN1CCCCC1,1,O=C(CCc1ccccc1)c1ccccc1OCCCCCCCCN1CCCCC1,0.715990675990676,1,0.9997509715166335
O=C(CCc1ccccc1)c1ccccc1OCCCCN1CCN(c2ccc(F)cc2)CC1,1,O=C(CCc1ccccc1)c1ccccc1OCCCCN1CCN(c2ccccc2)CC1,O=C(CCc1ccccc1)c1ccccc1OCCCCCN1CCCCC1,1,O=C(CCc1ccccc1)c1ccccc1OCCCCCN1CCCCC1,0.715990675990676,1,0.998785353744301
COc1ccc(OCC[C@@H](O)CN2CCN(c3ccccc3C)CC2)c(C(=O)CCc2ccccc2)c1,1,O=C(CCc1ccccc1)c1ccccc1OCCCCN1CCN(c2ccccc2)CC1,Cc1ccccc1N1CCN(C[C@H](O)COc2cccc(C(=O)CCc3ccccc3)c2)CC1,1,O=C(CCc1ccccc1)c1cccc(OCCCN2CCN(c3ccccc3)CC2)c1,0.6377473363774734,1,0.997203458397052
COc1ccc(OCC[C@@H](O)CN2CCN(c3ccccc3C)CC2)c(C(=O)CCc2ccccc2)c1,1,O=C(CCc1ccccc1)c1ccccc1OCCCCN1CCN(c2ccccc2)CC1,Cc1cccc(N2CCN(C[C@H](O)COc3cccc(C(=O)CCc4ccccc4)c3)CC2)c1C,1,O=C(CCc1ccccc1)c1cccc(OCCCN2CCN(c3ccccc3)CC2)c1,0.5810444874274662,1,0.9962570620630851
COc1ccc(OCC[C@@H](O)CN2CCN(c3ccccc3C)CC2)c(C(=O)CCc2ccccc2)c1,1,O=C(CCc1ccccc1)c1ccccc1OCCCCN1CCN(c2ccccc2)CC1,O=C(CCc1ccccc1)c1cc(OCc2ccccc2)ccc1OC[C@H](O)CN1CCN(Cc2ccccc2)CC1,1,O=C(CCc1ccccc1)c1cc(OCc2ccccc2)ccc1OCCCN1CCN(Cc2ccccc2)CC1,0.5602243753187149,1,0.999834494303604
COc1ccc(OCC[C@@H](O)CN2CCN(c3ccccc3C)CC2)c(C(=O)CCc2ccccc2)c1,1,O=C(CCc1ccccc1)c1ccccc1OCCCCN1CCN(c2ccccc2)CC1,O=C(CCc1ccccc1)c1cc(Oc2ccccc2)ccc1OC[C@@H](O)CN1CCCCC1,1,O=C(CCc1ccccc1)c1cc(Oc2ccccc2)ccc1OCCCN1CCCCC1,0.5524324324324325,1,0.9993524396519289
CC(C)(C)c1ccc(N2C(=O)c3ccccc3N[C@H]2c2ccc3c(c2)OCO3)cc1,1,O=C1c2ccccc2NC(c2ccc3c(c2)OCO3)N1c1ccccc1,COc1ccc([C@H]2Nc3ccccc3C(=O)N2c2ccc(Oc3ccccc3)cc2)cc1,1,O=C1c2ccccc2NC(c2ccccc2)N1c1ccc(Oc2ccccc2)cc1,0.4991935483870968,1,0.9879285340442692
CC(C)(C)c1ccc(N2C(=O)c3ccccc3N[C@H]2c2ccc3c(c2)OCO3)cc1,1,O=C1c2ccccc2NC(c2ccc3c(c2)OCO3)N1c1ccccc1,CC[C@@H](C)c1ccc(N2C(=O)c3ccccc3N[C@@H]2c2ccc(C(C)C)cc2)cc1,1,O=C1c2ccccc2NC(c2ccccc2)N1c1ccccc1,0.48881578947368426,1,0.9961297554277467
CC(C)(C)c1ccc(N2C(=O)c3ccccc3N[C@H]2c2ccc3c(c2)OCO3)cc1,1,O=C1c2ccccc2NC(c2ccc3c(c2)OCO3)N1c1ccccc1,CC[C@@H](C)c1ccc(N2C(=O)c3ccccc3N[C@@H]2c2ccc(OC)cc2)cc1,1,O=C1c2ccccc2NC(c2ccccc2)N1c1ccccc1,0.4711764705882353,1,0.9971507924581187
CC(C)(C)c1ccc(N2C(=O)c3ccccc3N[C@H]2c2ccc3c(c2)OCO3)cc1,1,O=C1c2ccccc2NC(c2ccc3c(c2)OCO3)N1c1ccccc1,CC[C@H](C)c1ccc([C@@H]2Nc3ccccc3C(=O)N2c2ccc(Cl)cc2)cc1,1,O=C1c2ccccc2NC(c2ccccc2)N1c1ccccc1,0.4658008658008658,1,0.9976082742261901
CC(=O)N[C@@H]1CCSC1=O,0,O=C1CCCS1,CO/N=C(/C(=O)N[C@H]1C(=O)N2C(C(=O)O)=C(COC(C)=O)CS[C@@H]12)c1csc(N)n1,1,N=C(C(=O)NC1C(=O)N2C=CCSC12)c1cscn1,0.17913273167510457,0,1.25362382727868e-05
CC(=O)N[C@@H]1CCSC1=O,0,O=C1CCCS1,CCC[C@@H]1C[C@H](C(=O)N[C@H]([C@@H]2O[C@@H](SC)[C@H](O)[C@@H](O)[C@@H]2O)[C@@H](C)Cl)N(C)C1,1,O=C(NCC1CCCCO1)C1CCCN1,0.14748508098891733,0,0.0005874861426848908
CC(=O)N[C@@H]1CCSC1=O,0,O=C1CCCS1,COc1ccc2c(c1)CN(C(=O)CCN1CCC(Cc3ccccc3)CC1)CCS2,1,O=C(CCN1CCC(Cc2ccccc2)CC1)N1CCSc2ccccc2C1,0.143943661971831,0,9.767158340624181e-05
CC(=O)N[C@@H]1CCSC1=O,0,O=C1CCCS1,C[C@@]12CC[C@@H]3C(CCC4=CC(=O)CC[C@]43C)[C@H]1CC[C@H]2O,1,O=C1C=C2CCC3C4CCCC4CCC3C2CC1,0.1392857142857143,0,0.0085670221869515
CN1C(=O)OC(C)(C)C1=O,0,O=C1COC(=O)N1,CCCCCCC[C@H]1OC(=O)C[C@@H](O)[C@H](Cc2ccccc2)N(C)C(=O)C(C)(C)OC(=O)[C@H]1C,1,O=C1COC(=O)CCOC(=O)CCC(Cc2ccccc2)N1,0.23350041771094404,0,0.000263443834005818
CN1C(=O)OC(C)(C)C1=O,0,O=C1COC(=O)N1,CCCCCCC[C@H]1OC(=O)C[C@@H](OCOC)[C@H](Cc2ccccc2)N(C)C(=O)C(C)(C)OC(=O)[C@H]1C,1,O=C1COC(=O)CCOC(=O)CCC(Cc2ccccc2)N1,0.2196078431372549,0,0.001654911816549533
CN1C(=O)OC(C)(C)C1=O,0,O=C1COC(=O)N1,COc1ccc2c(c1)OC[C@H]1[C@@H]2C2=C(OC1(C)C)C1=C(C(=O)C2=O)[C@H]2c3ccc(OC)cc3OC[C@H]2C(C)(C)O1,1,O=C1C(=O)C2=C(OCC3COc4ccccc4C23)C2=C1C1c3ccccc3OCC1CO2,0.16062378167641325,0,9.52809898123614e-06
CN1C(=O)OC(C)(C)C1=O,0,O=C1COC(=O)N1,Cn1c2nc(Cl)nc-2c(O)n(C)c1=O,1,O=c1[nH]cc2ncnc-2[nH]1,0.1541160593792173,0,2.1379768792281253e-05
CC1(C)OC(=O)NC1=O,0,O=C1COC(=O)N1,COc1ccc2c(c1)OC[C@H]1[C@@H]2C2=C(OC1(C)C)C1=C(C(=O)C2=O)[C@H]2c3ccc(OC)cc3OC[C@H]2C(C)(C)O1,1,O=C1C(=O)C2=C(OCC3COc4ccccc4C23)C2=C1C1c3ccccc3OCC1CO2,0.1523452157598499,0,1.8071954970383557e-05
CC1(C)OC(=O)NC1=O,0,O=C1COC(=O)N1,CCCCCCC[C@H]1OC(=O)C[C@@H](O)[C@H](Cc2ccccc2)N(C)C(=O)C(C)(C)OC(=O)[C@H]1C,1,O=C1COC(=O)CCOC(=O)CCC(Cc2ccccc2)N1,0.13685618729096993,0,0.00039515150347811396
CC1(C)OC(=O)NC1=O,0,O=C1COC(=O)N1,CCCCCCC[C@H]1OC(=O)C[C@@H](OCOC)[C@H](Cc2ccccc2)N(C)C(=O)C(C)(C)OC(=O)[C@H]1C,1,O=C1COC(=O)CCOC(=O)CCC(Cc2ccccc2)N1,0.12838905775075987,0,0.0031543270039662216
CC1(C)OC(=O)NC1=O,0,O=C1COC(=O)N1,C[C@@]12CC[C@@H]3C(CCC4=CC(=O)CC[C@]43C)[C@H]1CC[C@H]2O,1,O=C1C=C2CCC3C4CCCC4CCC3C2CC1,0.11762162162162162,0,0.027698442977996163
O=C(c1ccccc1)c1c2n(c3c(N4CCN(CCc5ccccc5)CC4)ncnc13)CCCC2,1,O=C(c1ccccc1)c1c2n(c3c(N4CCN(CCc5ccccc5)CC4)ncnc13)CCCC2,COC(=O)c1c2n(c3c(N4CCN(CCc5ccccc5)CC4)ncnc13)CCCC2,1,c1ccc(CCN2CCN(c3ncnc4cc5n(c34)CCCC5)CC2)cc1,0.7922580645161291,1,0.9992953554517837
O=C(c1ccccc1)c1c2n(c3c(N4CCN(CCc5ccccc5)CC4)ncnc13)CCCC2,1,O=C(c1ccccc1)c1c2n(c3c(N4CCN(CCc5ccccc5)CC4)ncnc13)CCCC2,N#Cc1c2n(c3c(N4CCN(CCc5ccccc5)CC4)ncnc13)CCCC2,1,c1ccc(CCN2CCN(c3ncnc4cc5n(c34)CCCC5)CC2)cc1,0.7119891928402567,1,0.9996069040690615
O=C(c1ccccc1)c1c2n(c3c(N4CCN(CCc5ccccc5)CC4)ncnc13)CCCC2,1,O=C(c1ccccc1)c1c2n(c3c(N4CCN(CCc5ccccc5)CC4)ncnc13)CCCC2,N#Cc1c2n(c3c(N4CCN(CCCc5ccccc5)CC4)ncnc13)CCCC2,1,c1ccc(CCCN2CCN(c3ncnc4cc5n(c34)CCCC5)CC2)cc1,0.6375522388059701,1,0.9998956765251197
O=C(c1ccccc1)c1c2n(c3c(N4CCN(CCc5ccccc5)CC4)ncnc13)CCCC2,1,O=C(c1ccccc1)c1c2n(c3c(N4CCN(CCc5ccccc5)CC4)ncnc13)CCCC2,Cc1nc(-c2c3n(c4c(N5CCN(CCc6ccccc6)CC5)ncnc24)CCCC3)sc1C,1,c1ccc(CCN2CCN(c3ncnc4c(-c5nccs5)c5n(c34)CCCC5)CC2)cc1,0.6190524967989757,1,0.9998855520157889
c1ccc2nc(N3CCNCC3)ccc2c1,0,c1ccc2nc(N3CCNCC3)ccc2c1,Clc1ccccc1-c1nc(N2CCCC2)c2ccccc2n1,1,c1ccc(-c2nc(N3CCCC3)c3ccccc3n2)cc1,0.2841904761904762,0,0.0336960477130871
c1ccc2nc(N3CCNCC3)ccc2c1,0,c1ccc2nc(N3CCNCC3)ccc2c1,COc1cc2c(cc1OC)CN(CCNC(=O)c1ccccc1NC(=O)c1ccc3ccccc3n1)CC2,1,O=C(Nc1ccccc1C(=O)NCCN1CCc2ccccc2C1)c1ccc2ccccc2n1,0.2326388888888889,0,0.011837736765135302
c1ccc2nc(N3CCNCC3)ccc2c1,0,c1ccc2nc(N3CCNCC3)ccc2c1,COc1cc2c(cc1OC)CN(CCc1ccc(NC(=O)c3ccccc3NC(=O)c3ccc4ccccc4n3)cc1)CC2,1,O=C(Nc1ccccc1C(=O)Nc1ccc(CCN2CCc3ccccc3C2)cc1)c1ccc2ccccc2n1,0.2232900432900433,0,0.08686919526562961
c1ccc2nc(N3CCNCC3)ccc2c1,0,c1ccc2nc(N3CCNCC3)ccc2c1,O=C(Nc1ccccc1C(=O)N[C@@H]1CCCC[C@@H]1N1CCN(c2ccccc2)CC1)c1cnc2ccccc2c1,1,O=C(Nc1ccccc1C(=O)NC1CCCCC1N1CCN(c2ccccc2)CC1)c1cnc2ccccc2c1,0.21505376344086025,0,0.12452458302987138
COc1cc(O)c2c(=O)c(O)c(-c3ccc4c(c3)O[C@H](c3ccc(OC)c(OC)c3)[C@@H](CO)O4)oc2c1,1,O=c1cc(-c2ccc3c(c2)OC(c2ccccc2)CO3)oc2ccccc12,COc1cc(O)c2c(=O)c(O)c(-c3ccc4c(c3)O[C@H](c3ccc(O)c(OC)c3)[C@@H](CO)O4)oc2c1,1,O=c1cc(-c2ccc3c(c2)OC(c2ccccc2)CO3)oc2ccccc12,0.9118095238095238,1,0.9983205639639725
COc1cc(O)c2c(=O)c(O)c(-c3ccc4c(c3)O[C@H](c3ccc(OC)c(OC)c3)[C@@H](CO)O4)oc2c1,1,O=c1cc(-c2ccc3c(c2)OC(c2ccccc2)CO3)oc2ccccc12,COc1ccc([C@@H]2Oc3cc(-c4oc5cc(O)cc(O)c5c(=O)c4O)ccc3O[C@@H]2CO)cc1OC,1,O=c1cc(-c2ccc3c(c2)OC(c2ccccc2)CO3)oc2ccccc12,0.899809523809524,1,0.997851819343289
COc1cc(O)c2c(=O)c(O)c(-c3ccc4c(c3)O[C@H](c3ccc(OC)c(OC)c3)[C@@H](CO)O4)oc2c1,1,O=c1cc(-c2ccc3c(c2)OC(c2ccccc2)CO3)oc2ccccc12,COc1cc(OC)c2c(=O)c(O)c(-c3ccc4c(c3)O[C@H](c3ccc(OC)c(OC)c3)[C@@H](CO)O4)oc2c1,1,O=c1cc(-c2ccc3c(c2)OC(c2ccccc2)CO3)oc2ccccc12,0.8871111111111112,1,0.9863199063316792
COc1cc(O)c2c(=O)c(O)c(-c3ccc4c(c3)O[C@H](c3ccc(OC)c(OC)c3)[C@@H](CO)O4)oc2c1,1,O=c1cc(-c2ccc3c(c2)OC(c2ccccc2)CO3)oc2ccccc12,COc1cc(O)c2c(=O)c(OC)c(-c3ccc4c(c3)O[C@H](c3ccc(OC)c(OC)c3)[C@@H](CO)O4)oc2c1,1,O=c1cc(-c2ccc3c(c2)OC(c2ccccc2)CO3)oc2ccccc12,0.8688226059654632,1,0.9949099655384458
COc1ccc([C@@H]2Oc3cc(-c4oc5cc(O)cc(O)c5c(=O)c4OC)ccc3O[C@@H]2CO)cc1OC,1,O=c1cc(-c2ccc3c(c2)OC(c2ccccc2)CO3)oc2ccccc12,COc1cc(O)c2c(=O)c(OC)c(-c3ccc4c(c3)O[C@H](c3ccc(OC)c(OC)c3)[C@@H](CO)O4)oc2c1,1,O=c1cc(-c2ccc3c(c2)OC(c2ccccc2)CO3)oc2ccccc12,0.9005102040816327,1,0.9978470403589663
COc1ccc([C@@H]2Oc3cc(-c4oc5cc(O)cc(O)c5c(=O)c4OC)ccc3O[C@@H]2CO)cc1OC,1,O=c1cc(-c2ccc3c(c2)OC(c2ccccc2)CO3)oc2ccccc12,COc1ccc([C@@H]2Oc3cc(-c4oc5cc(O)cc(O)c5c(=O)c4O)ccc3O[C@@H]2CO)cc1OC,1,O=c1cc(-c2ccc3c(c2)OC(c2ccccc2)CO3)oc2ccccc12,0.8688226059654632,1,0.9976958042001483
COc1ccc([C@@H]2Oc3cc(-c4oc5cc(O)cc(O)c5c(=O)c4OC)ccc3O[C@@H]2CO)cc1OC,1,O=c1cc(-c2ccc3c(c2)OC(c2ccccc2)CO3)oc2ccccc12,COc1cc(O)c2c(=O)c(OC)c(-c3ccc4c(c3)O[C@H](c3ccc(O)c(OC)c3)[C@@H](CO)O4)oc2c1,1,O=c1cc(-c2ccc3c(c2)OC(c2ccccc2)CO3)oc2ccccc12,0.8221010332950632,1,0.9979433552503032
COc1ccc([C@@H]2Oc3cc(-c4oc5cc(O)cc(O)c5c(=O)c4OC)ccc3O[C@@H]2CO)cc1OC,1,O=c1cc(-c2ccc3c(c2)OC(c2ccccc2)CO3)oc2ccccc12,COc1cc([C@@H]2Oc3cc(-c4oc5cc(O)cc(O)c5c(=O)c4O)ccc3O[C@@H]2CO)ccc1O,1,O=c1cc(-c2ccc3c(c2)OC(c2ccccc2)CO3)oc2ccccc12,0.7927601809954752,1,0.9944146427345494
COc1cc(O)c2c(=O)c(OC)c(-c3ccc4c(c3)O[C@H](c3ccc(OC)c(OC)c3)[C@@H](CO)O4)oc2c1,1,O=c1cc(-c2ccc3c(c2)OC(c2ccccc2)CO3)oc2ccccc12,COc1cc(O)c2c(=O)c(OC)c(-c3ccc4c(c3)O[C@H](c3ccc(O)c(OC)c3)[C@@H](CO)O4)oc2c1,1,O=c1cc(-c2ccc3c(c2)OC(c2ccccc2)CO3)oc2ccccc12,0.9127551020408164,1,0.998554508884209
COc1cc(O)c2c(=O)c(OC)c(-c3ccc4c(c3)O[C@H](c3ccc(OC)c(OC)c3)[C@@H](CO)O4)oc2c1,1,O=c1cc(-c2ccc3c(c2)OC(c2ccccc2)CO3)oc2ccccc12,COc1ccc([C@@H]2Oc3cc(-c4oc5cc(O)cc(O)c5c(=O)c4OC)ccc3O[C@@H]2CO)cc1OC,1,O=c1cc(-c2ccc3c(c2)OC(c2ccccc2)CO3)oc2ccccc12,0.9005102040816327,1,0.9979302235099
COc1cc(O)c2c(=O)c(OC)c(-c3ccc4c(c3)O[C@H](c3ccc(OC)c(OC)c3)[C@@H](CO)O4)oc2c1,1,O=c1cc(-c2ccc3c(c2)OC(c2ccccc2)CO3)oc2ccccc12,COc1cc(O)c2c(=O)c(O)c(-c3ccc4c(c3)O[C@H](c3ccc(OC)c(OC)c3)[C@@H](CO)O4)oc2c1,1,O=c1cc(-c2ccc3c(c2)OC(c2ccccc2)CO3)oc2ccccc12,0.8688226059654632,1,0.9975024665179918
COc1cc(O)c2c(=O)c(OC)c(-c3ccc4c(c3)O[C@H](c3ccc(OC)c(OC)c3)[C@@H](CO)O4)oc2c1,1,O=c1cc(-c2ccc3c(c2)OC(c2ccccc2)CO3)oc2ccccc12,COc1cc(O)c2c(=O)c(O)c(-c3ccc4c(c3)O[C@H](c3ccc(O)c(OC)c3)[C@@H](CO)O4)oc2c1,1,O=c1cc(-c2ccc3c(c2)OC(c2ccccc2)CO3)oc2ccccc12,0.7927601809954752,1,0.9970993856509796
COc1cc(OC)c2c(=O)c(O)c(-c3ccc4c(c3)O[C@H](c3ccc(OC)c(OC)c3)[C@@H](CO)O4)oc2c1,1,O=c1cc(-c2ccc3c(c2)OC(c2ccccc2)CO3)oc2ccccc12,COc1cc(O)c2c(=O)c(O)c(-c3ccc4c(c3)O[C@H](c3ccc(OC)c(OC)c3)[C@@H](CO)O4)oc2c1,1,O=c1cc(-c2ccc3c(c2)OC(c2ccccc2)CO3)oc2ccccc12,0.8871111111111112,1,0.9983312918446757
COc1cc(OC)c2c(=O)c(O)c(-c3ccc4c(c3)O[C@H](c3ccc(OC)c(OC)c3)[C@@H](CO)O4)oc2c1,1,O=c1cc(-c2ccc3c(c2)OC(c2ccccc2)CO3)oc2ccccc12,COc1cc(O)c2c(=O)c(O)c(-c3ccc4c(c3)O[C@H](c3ccc(O)c(OC)c3)[C@@H](CO)O4)oc2c1,1,O=c1cc(-c2ccc3c(c2)OC(c2ccccc2)CO3)oc2ccccc12,0.8084619782732991,1,0.9980579231647037
COc1cc(OC)c2c(=O)c(O)c(-c3ccc4c(c3)O[C@H](c3ccc(OC)c(OC)c3)[C@@H](CO)O4)oc2c1,1,O=c1cc(-c2ccc3c(c2)OC(c2ccccc2)CO3)oc2ccccc12,COc1ccc([C@@H]2Oc3cc(-c4oc5cc(O)cc(O)c5c(=O)c4O)ccc3O[C@@H]2CO)cc1OC,1,O=c1cc(-c2ccc3c(c2)OC(c2ccccc2)CO3)oc2ccccc12,0.803962703962704,1,0.9979707181407778
COc1cc(OC)c2c(=O)c(O)c(-c3ccc4c(c3)O[C@H](c3ccc(OC)c(OC)c3)[C@@H](CO)O4)oc2c1,1,O=c1cc(-c2ccc3c(c2)OC(c2ccccc2)CO3)oc2ccccc12,COc1cc(O)c2c(=O)c(OC)c(-c3ccc4c(c3)O[C@H](c3ccc(OC)c(OC)c3)[C@@H](CO)O4)oc2c1,1,O=c1cc(-c2ccc3c(c2)OC(c2ccccc2)CO3)oc2ccccc12,0.7694570135746607,1,0.9986546164961851
O=c1c(O)c(-c2ccc3c(c2)O[C@@H](c2ccc(O)c(O)c2)[C@@H](CO)O3)oc2cc(O)cc(O)c12,1,O=c1cc(-c2ccc3c(c2)OC(c2ccccc2)CO3)oc2ccccc12,COc1cc([C@@H]2Oc3cc(-c4oc5cc(O)cc(O)c5c(=O)c4O)ccc3O[C@@H]2CO)ccc1O,1,O=c1cc(-c2ccc3c(c2)OC(c2ccccc2)CO3)oc2ccccc12,0.8206959706959708,1,0.9595245620312742
O=c1c(O)c(-c2ccc3c(c2)O[C@@H](c2ccc(O)c(O)c2)[C@@H](CO)O3)oc2cc(O)cc(O)c12,1,O=c1cc(-c2ccc3c(c2)OC(c2ccccc2)CO3)oc2ccccc12,COc1ccc([C@@H]2Oc3cc(-c4oc5cc(O)cc(O)c5c(=O)c4O)ccc3O[C@@H]2CO)cc1OC,1,O=c1cc(-c2ccc3c(c2)OC(c2ccccc2)CO3)oc2ccccc12,0.801,1,0.9364060512376431
O=c1c(O)c(-c2ccc3c(c2)O[C@@H](c2ccc(O)c(O)c2)[C@@H](CO)O3)oc2cc(O)cc(O)c12,1,O=c1cc(-c2ccc3c(c2)OC(c2ccccc2)CO3)oc2ccccc12,COc1cc(O)c2c(=O)c(O)c(-c3ccc4c(c3)O[C@H](c3ccc(O)c(OC)c3)[C@@H](CO)O4)oc2c1,1,O=c1cc(-c2ccc3c(c2)OC(c2ccccc2)CO3)oc2ccccc12,0.7345454545454546,1,0.9767305817558036
O=c1c(O)c(-c2ccc3c(c2)O[C@@H](c2ccc(O)c(O)c2)[C@@H](CO)O3)oc2cc(O)cc(O)c12,1,O=c1cc(-c2ccc3c(c2)OC(c2ccccc2)CO3)oc2ccccc12,COc1cc(O)c2c(=O)c(O)c(-c3ccc4c(c3)O[C@H](c3ccc(OC)c(OC)c3)[C@@H](CO)O4)oc2c1,1,O=c1cc(-c2ccc3c(c2)OC(c2ccccc2)CO3)oc2ccccc12,0.7159110109828217,1,0.9787778682645591
COc1cc([C@@H]2Oc3cc(-c4oc5cc(O)cc(O)c5c(=O)c4O)ccc3O[C@@H]2CO)ccc1O,1,O=c1cc(-c2ccc3c(c2)OC(c2ccccc2)CO3)oc2ccccc12,COc1ccc([C@@H]2Oc3cc(-c4oc5cc(O)cc(O)c5c(=O)c4O)ccc3O[C@@H]2CO)cc1OC,1,O=c1cc(-c2ccc3c(c2)OC(c2ccccc2)CO3)oc2ccccc12,0.9118095238095238,1,0.9790017585747041
COc1cc([C@@H]2Oc3cc(-c4oc5cc(O)cc(O)c5c(=O)c4O)ccc3O[C@@H]2CO)ccc1O,1,O=c1cc(-c2ccc3c(c2)OC(c2ccccc2)CO3)oc2ccccc12,COc1cc(O)c2c(=O)c(O)c(-c3ccc4c(c3)O[C@H](c3ccc(O)c(OC)c3)[C@@H](CO)O4)oc2c1,1,O=c1cc(-c2ccc3c(c2)OC(c2ccccc2)CO3)oc2ccccc12,0.9011680143755616,1,0.9925393715522951
COc1cc([C@@H]2Oc3cc(-c4oc5cc(O)cc(O)c5c(=O)c4O)ccc3O[C@@H]2CO)ccc1O,1,O=c1cc(-c2ccc3c(c2)OC(c2ccccc2)CO3)oc2ccccc12,O=c1c(O)c(-c2ccc3c(c2)O[C@@H](c2ccc(O)c(O)c2)[C@@H](CO)O3)oc2cc(O)cc(O)c12,1,O=c1cc(-c2ccc3c(c2)OC(c2ccccc2)CO3)oc2ccccc12,0.8206959706959708,1,0.9878894254273002
COc1cc([C@@H]2Oc3cc(-c4oc5cc(O)cc(O)c5c(=O)c4O)ccc3O[C@@H]2CO)ccc1O,1,O=c1cc(-c2ccc3c(c2)OC(c2ccccc2)CO3)oc2ccccc12,COc1cc(O)c2c(=O)c(O)c(-c3ccc4c(c3)O[C@H](c3ccc(OC)c(OC)c3)[C@@H](CO)O4)oc2c1,1,O=c1cc(-c2ccc3c(c2)OC(c2ccccc2)CO3)oc2ccccc12,0.8205831903945113,1,0.9902207288130535
COc1cc(O)c2c(=O)c(O)c(-c3ccc4c(c3)O[C@H](c3ccc(O)c(OC)c3)[C@@H](CO)O4)oc2c1,1,O=c1cc(-c2ccc3c(c2)OC(c2ccccc2)CO3)oc2ccccc12,COc1cc(O)c2c(=O)c(O)c(-c3ccc4c(c3)O[C@H](c3ccc(OC)c(OC)c3)[C@@H](CO)O4)oc2c1,1,O=c1cc(-c2ccc3c(c2)OC(c2ccccc2)CO3)oc2ccccc12,0.9118095238095238,1,0.9899828620037187
COc1cc(O)c2c(=O)c(O)c(-c3ccc4c(c3)O[C@H](c3ccc(O)c(OC)c3)[C@@H](CO)O4)oc2c1,1,O=c1cc(-c2ccc3c(c2)OC(c2ccccc2)CO3)oc2ccccc12,COc1cc([C@@H]2Oc3cc(-c4oc5cc(O)cc(O)c5c(=O)c4O)ccc3O[C@@H]2CO)ccc1O,1,O=c1cc(-c2ccc3c(c2)OC(c2ccccc2)CO3)oc2ccccc12,0.9011680143755616,1,0.9959888181119559
COc1cc(O)c2c(=O)c(O)c(-c3ccc4c(c3)O[C@H](c3ccc(O)c(OC)c3)[C@@H](CO)O4)oc2c1,1,O=c1cc(-c2ccc3c(c2)OC(c2ccccc2)CO3)oc2ccccc12,COc1cc(O)c2c(=O)c(OC)c(-c3ccc4c(c3)O[C@H](c3ccc(O)c(OC)c3)[C@@H](CO)O4)oc2c1,1,O=c1cc(-c2ccc3c(c2)OC(c2ccccc2)CO3)oc2ccccc12,0.8700000000000001,1,0.9842022667051287
COc1cc(O)c2c(=O)c(O)c(-c3ccc4c(c3)O[C@H](c3ccc(O)c(OC)c3)[C@@H](CO)O4)oc2c1,1,O=c1cc(-c2ccc3c(c2)OC(c2ccccc2)CO3)oc2ccccc12,COc1ccc([C@@H]2Oc3cc(-c4oc5cc(O)cc(O)c5c(=O)c4O)ccc3O[C@@H]2CO)cc1OC,1,O=c1cc(-c2ccc3c(c2)OC(c2ccccc2)CO3)oc2ccccc12,0.8205831903945113,1,0.9957277074429061
COc1ccc([C@@H]2Oc3cc(-c4oc5cc(O)cc(O)c5c(=O)c4O)ccc3O[C@@H]2CO)cc1OC,1,O=c1cc(-c2ccc3c(c2)OC(c2ccccc2)CO3)oc2ccccc12,COc1cc([C@@H]2Oc3cc(-c4oc5cc(O)cc(O)c5c(=O)c4O)ccc3O[C@@H]2CO)ccc1O,1,O=c1cc(-c2ccc3c(c2)OC(c2ccccc2)CO3)oc2ccccc12,0.9118095238095238,1,0.99675049614687
COc1ccc([C@@H]2Oc3cc(-c4oc5cc(O)cc(O)c5c(=O)c4O)ccc3O[C@@H]2CO)cc1OC,1,O=c1cc(-c2ccc3c(c2)OC(c2ccccc2)CO3)oc2ccccc12,COc1cc(O)c2c(=O)c(O)c(-c3ccc4c(c3)O[C@H](c3ccc(OC)c(OC)c3)[C@@H](CO)O4)oc2c1,1,O=c1cc(-c2ccc3c(c2)OC(c2ccccc2)CO3)oc2ccccc12,0.899809523809524,1,0.9963452006081206
COc1ccc([C@@H]2Oc3cc(-c4oc5cc(O)cc(O)c5c(=O)c4O)ccc3O[C@@H]2CO)cc1OC,1,O=c1cc(-c2ccc3c(c2)OC(c2ccccc2)CO3)oc2ccccc12,COc1ccc([C@@H]2Oc3cc(-c4oc5cc(O)cc(O)c5c(=O)c4OC)ccc3O[C@@H]2CO)cc1OC,1,O=c1cc(-c2ccc3c(c2)OC(c2ccccc2)CO3)oc2ccccc12,0.8688226059654632,1,0.9856714449989202
COc1ccc([C@@H]2Oc3cc(-c4oc5cc(O)cc(O)c5c(=O)c4O)ccc3O[C@@H]2CO)cc1OC,1,O=c1cc(-c2ccc3c(c2)OC(c2ccccc2)CO3)oc2ccccc12,COc1cc(O)c2c(=O)c(O)c(-c3ccc4c(c3)O[C@H](c3ccc(O)c(OC)c3)[C@@H](CO)O4)oc2c1,1,O=c1cc(-c2ccc3c(c2)OC(c2ccccc2)CO3)oc2ccccc12,0.8205831903945113,1,0.9986941090831395
COc1cc(O)c2c(=O)c(OC)c(-c3ccc4c(c3)O[C@H](c3ccc(O)c(OC)c3)[C@@H](CO)O4)oc2c1,1,O=c1cc(-c2ccc3c(c2)OC(c2ccccc2)CO3)oc2ccccc12,COc1cc(O)c2c(=O)c(OC)c(-c3ccc4c(c3)O[C@H](c3ccc(OC)c(OC)c3)[C@@H](CO)O4)oc2c1,1,O=c1cc(-c2ccc3c(c2)OC(c2ccccc2)CO3)oc2ccccc12,0.9127551020408164,1,0.9979395978891921
COc1cc(O)c2c(=O)c(OC)c(-c3ccc4c(c3)O[C@H](c3ccc(O)c(OC)c3)[C@@H](CO)O4)oc2c1,1,O=c1cc(-c2ccc3c(c2)OC(c2ccccc2)CO3)oc2ccccc12,COc1cc(O)c2c(=O)c(O)c(-c3ccc4c(c3)O[C@H](c3ccc(O)c(OC)c3)[C@@H](CO)O4)oc2c1,1,O=c1cc(-c2ccc3c(c2)OC(c2ccccc2)CO3)oc2ccccc12,0.8700000000000001,1,0.9976674658487702
COc1cc(O)c2c(=O)c(OC)c(-c3ccc4c(c3)O[C@H](c3ccc(O)c(OC)c3)[C@@H](CO)O4)oc2c1,1,O=c1cc(-c2ccc3c(c2)OC(c2ccccc2)CO3)oc2ccccc12,COc1ccc([C@@H]2Oc3cc(-c4oc5cc(O)cc(O)c5c(=O)c4OC)ccc3O[C@@H]2CO)cc1OC,1,O=c1cc(-c2ccc3c(c2)OC(c2ccccc2)CO3)oc2ccccc12,0.8221010332950632,1,0.9970204813723342
COc1cc(O)c2c(=O)c(OC)c(-c3ccc4c(c3)O[C@H](c3ccc(O)c(OC)c3)[C@@H](CO)O4)oc2c1,1,O=c1cc(-c2ccc3c(c2)OC(c2ccccc2)CO3)oc2ccccc12,COc1cc(O)c2c(=O)c(O)c(-c3ccc4c(c3)O[C@H](c3ccc(OC)c(OC)c3)[C@@H](CO)O4)oc2c1,1,O=c1cc(-c2ccc3c(c2)OC(c2ccccc2)CO3)oc2ccccc12,0.7927601809954752,1,0.9963062154920835
N#Cc1c2n(c3c(N4CCN(CCc5ccc(F)c(F)c5)CC4)ncnc13)CCCC2,1,c1ccc(CCN2CCN(c3ncnc4cc5n(c34)CCCC5)CC2)cc1,N#Cc1c2n(c3c(N4CCN(CCc5ccc(Cl)cc5)CC4)ncnc13)CCCC2,1,c1ccc(CCN2CCN(c3ncnc4cc5n(c34)CCCC5)CC2)cc1,0.8170081967213115,1,0.9970122046303291
N#Cc1c2n(c3c(N4CCN(CCc5ccc(F)c(F)c5)CC4)ncnc13)CCCC2,1,c1ccc(CCN2CCN(c3ncnc4cc5n(c34)CCCC5)CC2)cc1,N#Cc1c2n(c3c(N4CCN(CCc5cccc(Cl)c5)CC4)ncnc13)CCCC2,1,c1ccc(CCN2CCN(c3ncnc4cc5n(c34)CCCC5)CC2)cc1,0.8127551020408164,1,0.9970242862055956
N#Cc1c2n(c3c(N4CCN(CCc5ccc(F)c(F)c5)CC4)ncnc13)CCCC2,1,c1ccc(CCN2CCN(c3ncnc4cc5n(c34)CCCC5)CC2)cc1,N#Cc1c2n(c3c(N4CCN(CCc5ccccc5)CC4)ncnc13)CCCC2,1,c1ccc(CCN2CCN(c3ncnc4cc5n(c34)CCCC5)CC2)cc1,0.7872267759562841,1,0.9973742541645186
N#Cc1c2n(c3c(N4CCN(CCc5ccc(F)c(F)c5)CC4)ncnc13)CCCC2,1,c1ccc(CCN2CCN(c3ncnc4cc5n(c34)CCCC5)CC2)cc1,COc1cccc(CCN2CCN(c3ncnc4c(C#N)c5n(c34)CCCC5)CC2)c1,1,c1ccc(CCN2CCN(c3ncnc4cc5n(c34)CCCC5)CC2)cc1,0.7255614973262032,1,0.9951470818014725
N#Cc1c2n(c3c(N4CCN(CCc5ccccc5)CC4)nc(I)nc13)CCCC2,1,c1ccc(CCN2CCN(c3ncnc4cc5n(c34)CCCC5)CC2)cc1,N#Cc1c2n(c3c(N4CCN(CCc5ccccc5)CC4)nc(-c4ccccc4)nc13)CCCC2,1,c1ccc(CCN2CCN(c3nc(-c4ccccc4)nc4cc5n(c34)CCCC5)CC2)cc1,0.7815081967213116,1,0.9976483963710269
N#Cc1c2n(c3c(N4CCN(CCc5ccccc5)CC4)nc(I)nc13)CCCC2,1,c1ccc(CCN2CCN(c3ncnc4cc5n(c34)CCCC5)CC2)cc1,N#Cc1c2n(c3c(N4CCN(CCc5ccccc5)CC4)ncnc13)CCCC2,1,c1ccc(CCN2CCN(c3ncnc4cc5n(c34)CCCC5)CC2)cc1,0.7484972677595629,1,0.9983785037160207
N#Cc1c2n(c3c(N4CCN(CCc5ccccc5)CC4)nc(I)nc13)CCCC2,1,c1ccc(CCN2CCN(c3ncnc4cc5n(c34)CCCC5)CC2)cc1,N#Cc1c2n(c3c(N4CCN(CCCc5ccccc5)CC4)ncnc13)CCCC2,1,c1ccc(CCCN2CCN(c3ncnc4cc5n(c34)CCCC5)CC2)cc1,0.6704072398190046,1,0.9991790018924006
N#Cc1c2n(c3c(N4CCN(CCc5ccccc5)CC4)nc(I)nc13)CCCC2,1,c1ccc(CCN2CCN(c3ncnc4cc5n(c34)CCCC5)CC2)cc1,N#Cc1c2n(c3c(N4CCN(CCc5ccc(Cl)cc5)CC4)ncnc13)CCCC2,1,c1ccc(CCN2CCN(c3ncnc4cc5n(c34)CCCC5)CC2)cc1,0.6499108734402852,1,0.9987258260705181
COC(=O)c1c2n(c3c(N4CCN(CCc5ccccc5)CC4)ncnc13)CCCC2,1,c1ccc(CCN2CCN(c3ncnc4cc5n(c34)CCCC5)CC2)cc1,O=C(c1ccccc1)c1c2n(c3c(N4CCN(CCc5ccccc5)CC4)ncnc13)CCCC2,1,O=C(c1ccccc1)c1c2n(c3c(N4CCN(CCc5ccccc5)CC4)ncnc13)CCCC2,0.7922580645161291,1,0.9758589719866203
COC(=O)c1c2n(c3c(N4CCN(CCc5ccccc5)CC4)ncnc13)CCCC2,1,c1ccc(CCN2CCN(c3ncnc4cc5n(c34)CCCC5)CC2)cc1,N#Cc1c2n(c3c(N4CCN(CCc5ccccc5)CC4)ncnc13)CCCC2,1,c1ccc(CCN2CCN(c3ncnc4cc5n(c34)CCCC5)CC2)cc1,0.680395794681509,1,0.9862113206893509
COC(=O)c1c2n(c3c(N4CCN(CCc5ccccc5)CC4)ncnc13)CCCC2,1,c1ccc(CCN2CCN(c3ncnc4cc5n(c34)CCCC5)CC2)cc1,CCNC(=O)c1c2n(c3c(N4CCN(CCc5ccc(F)c(F)c5)CC4)ncnc13)CCCC2,1,c1ccc(CCN2CCN(c3ncnc4cc5n(c34)CCCC5)CC2)cc1,0.6251661497563137,1,0.9915294508640066
COC(=O)c1c2n(c3c(N4CCN(CCc5ccccc5)CC4)ncnc13)CCCC2,1,c1ccc(CCN2CCN(c3ncnc4cc5n(c34)CCCC5)CC2)cc1,Cc1nc(-c2c3n(c4c(N5CCN(CCc6ccccc6)CC5)ncnc24)CCCC3)sc1C,1,c1ccc(CCN2CCN(c3ncnc4c(-c5nccs5)c5n(c34)CCCC5)CC2)cc1,0.6120163422254266,1,0.9965136467327764
CCNC(=O)c1c2n(c3c(N4CCN(CCc5ccc(F)c(F)c5)CC4)ncnc13)CCCC2,1,c1ccc(CCN2CCN(c3ncnc4cc5n(c34)CCCC5)CC2)cc1,COc1cccc(CNC(=O)c2c3n(c4c(N5CCN(CCc6ccc(F)c(F)c6)CC5)ncnc24)CCCC3)c1OC,1,O=C(NCc1ccccc1)c1c2n(c3c(N4CCN(CCc5ccccc5)CC4)ncnc13)CCCC2,0.7365622032288699,1,0.992773067555446
CCNC(=O)c1c2n(c3c(N4CCN(CCc5ccc(F)c(F)c5)CC4)ncnc13)CCCC2,1,c1ccc(CCN2CCN(c3ncnc4cc5n(c34)CCCC5)CC2)cc1,O=C(Nc1cccnc1)c1c2n(c3c(N4CCN(CCc5ccc(F)c(F)c5)CC4)ncnc13)CCCC2,1,O=C(Nc1cccnc1)c1c2n(c3c(N4CCN(CCc5ccccc5)CC4)ncnc13)CCCC2,0.7295104895104896,1,0.9968216554196562
CCNC(=O)c1c2n(c3c(N4CCN(CCc5ccc(F)c(F)c5)CC4)ncnc13)CCCC2,1,c1ccc(CCN2CCN(c3ncnc4cc5n(c34)CCCC5)CC2)cc1,N#Cc1c2n(c3c(N4CCN(CCc5ccc(F)c(F)c5)CC4)ncnc13)CCCC2,1,c1ccc(CCN2CCN(c3ncnc4cc5n(c34)CCCC5)CC2)cc1,0.695231035334816,1,0.9727043308885577
CCNC(=O)c1c2n(c3c(N4CCN(CCc5ccc(F)c(F)c5)CC4)ncnc13)CCCC2,1,c1ccc(CCN2CCN(c3ncnc4cc5n(c34)CCCC5)CC2)cc1,COC(=O)c1c2n(c3c(N4CCN(CCc5ccccc5)CC4)ncnc13)CCCC2,1,c1ccc(CCN2CCN(c3ncnc4cc5n(c34)CCCC5)CC2)cc1,0.6251661497563137,1,0.9225174905058846
N#Cc1c2n(c3c(N4CCN(CCc5ccccc5)CC4)ncnc13)CCCC2,1,c1ccc(CCN2CCN(c3ncnc4cc5n(c34)CCCC5)CC2)cc1,N#Cc1c2n(c3c(N4CCN(CCCc5ccccc5)CC4)ncnc13)CCCC2,1,c1ccc(CCCN2CCN(c3ncnc4cc5n(c34)CCCC5)CC2)cc1,0.8920634920634922,1,0.9975962862088064
N#Cc1c2n(c3c(N4CCN(CCc5ccccc5)CC4)ncnc13)CCCC2,1,c1ccc(CCN2CCN(c3ncnc4cc5n(c34)CCCC5)CC2)cc1,N#Cc1c2n(c3c(N4CCN(CCc5ccc(Cl)cc5)CC4)ncnc13)CCCC2,1,c1ccc(CCN2CCN(c3ncnc4cc5n(c34)CCCC5)CC2)cc1,0.8481522956326988,1,0.9941885706166106
N#Cc1c2n(c3c(N4CCN(CCc5ccccc5)CC4)ncnc13)CCCC2,1,c1ccc(CCN2CCN(c3ncnc4cc5n(c34)CCCC5)CC2)cc1,N#Cc1c2n(c3c(N4CCN(CCc5cccc(Cl)c5)CC4)ncnc13)CCCC2,1,c1ccc(CCN2CCN(c3ncnc4cc5n(c34)CCCC5)CC2)cc1,0.8176229508196722,1,0.9941917483657507
N#Cc1c2n(c3c(N4CCN(CCc5ccccc5)CC4)ncnc13)CCCC2,1,c1ccc(CCN2CCN(c3ncnc4cc5n(c34)CCCC5)CC2)cc1,N#Cc1c2n(c3c(N4CCN(CCc5ccc(F)c(F)c5)CC4)ncnc13)CCCC2,1,c1ccc(CCN2CCN(c3ncnc4cc5n(c34)CCCC5)CC2)cc1,0.7872267759562841,1,0.996463456445623
N#Cc1c2n(c3c(N4CCN(CCc5ccccc5Cl)CC4)ncnc13)CCCC2,1,c1ccc(CCN2CCN(c3ncnc4cc5n(c34)CCCC5)CC2)cc1,N#Cc1c2n(c3c(N4CCN(CCc5ccccc5)CC4)ncnc13)CCCC2,1,c1ccc(CCN2CCN(c3ncnc4cc5n(c34)CCCC5)CC2)cc1,0.7872267759562841,1,0.9989039861653543
N#Cc1c2n(c3c(N4CCN(CCc5ccccc5Cl)CC4)ncnc13)CCCC2,1,c1ccc(CCN2CCN(c3ncnc4cc5n(c34)CCCC5)CC2)cc1,N#Cc1c2n(c3c(N4CCN(CCc5ccc(Cl)cc5)CC4)ncnc13)CCCC2,1,c1ccc(CCN2CCN(c3ncnc4cc5n(c34)CCCC5)CC2)cc1,0.7860434496379197,1,0.9989763987175202
N#Cc1c2n(c3c(N4CCN(CCc5ccccc5Cl)CC4)ncnc13)CCCC2,1,c1ccc(CCN2CCN(c3ncnc4cc5n(c34)CCCC5)CC2)cc1,N#Cc1c2n(c3c(N4CCN(CCc5cccc(Cl)c5)CC4)ncnc13)CCCC2,1,c1ccc(CCN2CCN(c3ncnc4cc5n(c34)CCCC5)CC2)cc1,0.761818181818182,1,0.998985292270514
N#Cc1c2n(c3c(N4CCN(CCc5ccccc5Cl)CC4)ncnc13)CCCC2,1,c1ccc(CCN2CCN(c3ncnc4cc5n(c34)CCCC5)CC2)cc1,N#Cc1c2n(c3c(N4CCN(CCCc5ccccc5)CC4)ncnc13)CCCC2,1,c1ccc(CCCN2CCN(c3ncnc4cc5n(c34)CCCC5)CC2)cc1,0.7279411764705883,1,0.9992818047199682
N#Cc1c2n(c3c(N4CCN(CCc5cccc(Cl)c5)CC4)ncnc13)CCCC2,1,c1ccc(CCN2CCN(c3ncnc4cc5n(c34)CCCC5)CC2)cc1,N#Cc1c2n(c3c(N4CCN(CCc5ccc(Cl)cc5)CC4)ncnc13)CCCC2,1,c1ccc(CCN2CCN(c3ncnc4cc5n(c34)CCCC5)CC2)cc1,0.8474043715846995,1,0.9990231859901038
N#Cc1c2n(c3c(N4CCN(CCc5cccc(Cl)c5)CC4)ncnc13)CCCC2,1,c1ccc(CCN2CCN(c3ncnc4cc5n(c34)CCCC5)CC2)cc1,N#Cc1c2n(c3c(N4CCN(CCc5ccccc5)CC4)ncnc13)CCCC2,1,c1ccc(CCN2CCN(c3ncnc4cc5n(c34)CCCC5)CC2)cc1,0.8176229508196722,1,0.9989305012347628
N#Cc1c2n(c3c(N4CCN(CCc5cccc(Cl)c5)CC4)ncnc13)CCCC2,1,c1ccc(CCN2CCN(c3ncnc4cc5n(c34)CCCC5)CC2)cc1,N#Cc1c2n(c3c(N4CCN(CCc5ccc(F)c(F)c5)CC4)ncnc13)CCCC2,1,c1ccc(CCN2CCN(c3ncnc4cc5n(c34)CCCC5)CC2)cc1,0.8127551020408164,1,0.9990220897735654
N#Cc1c2n(c3c(N4CCN(CCc5cccc(Cl)c5)CC4)ncnc13)CCCC2,1,c1ccc(CCN2CCN(c3ncnc4cc5n(c34)CCCC5)CC2)cc1,COc1cccc(CCN2CCN(c3ncnc4c(C#N)c5n(c34)CCCC5)CC2)c1,1,c1ccc(CCN2CCN(c3ncnc4cc5n(c34)CCCC5)CC2)cc1,0.7736227951153325,1,0.9978031185299309
N#Cc1c2n(c3c(N4CCN(CCc5ccc(Cl)cc5)CC4)ncnc13)CCCC2,1,c1ccc(CCN2CCN(c3ncnc4cc5n(c34)CCCC5)CC2)cc1,N#Cc1c2n(c3c(N4CCN(CCc5ccccc5)CC4)ncnc13)CCCC2,1,c1ccc(CCN2CCN(c3ncnc4cc5n(c34)CCCC5)CC2)cc1,0.8481522956326988,1,0.998976380208348
N#Cc1c2n(c3c(N4CCN(CCc5ccc(Cl)cc5)CC4)ncnc13)CCCC2,1,c1ccc(CCN2CCN(c3ncnc4cc5n(c34)CCCC5)CC2)cc1,N#Cc1c2n(c3c(N4CCN(CCc5cccc(Cl)c5)CC4)ncnc13)CCCC2,1,c1ccc(CCN2CCN(c3ncnc4cc5n(c34)CCCC5)CC2)cc1,0.8474043715846995,1,0.9989681576497433
N#Cc1c2n(c3c(N4CCN(CCc5ccc(Cl)cc5)CC4)ncnc13)CCCC2,1,c1ccc(CCN2CCN(c3ncnc4cc5n(c34)CCCC5)CC2)cc1,N#Cc1c2n(c3c(N4CCN(CCc5ccc(F)c(F)c5)CC4)ncnc13)CCCC2,1,c1ccc(CCN2CCN(c3ncnc4cc5n(c34)CCCC5)CC2)cc1,0.8170081967213115,1,0.9990212018863691
N#Cc1c2n(c3c(N4CCN(CCc5ccc(Cl)cc5)CC4)ncnc13)CCCC2,1,c1ccc(CCN2CCN(c3ncnc4cc5n(c34)CCCC5)CC2)cc1,N#Cc1c2n(c3c(N4CCN(CCc5ccccc5Cl)CC4)ncnc13)CCCC2,1,c1ccc(CCN2CCN(c3ncnc4cc5n(c34)CCCC5)CC2)cc1,0.7860434496379197,1,0.9989471528162301
N#Cc1c2n(c3c(N4CCN(CCc5cccc([N+](=O)[O-])c5)CC4)ncnc13)CCCC2,1,c1ccc(CCN2CCN(c3ncnc4cc5n(c34)CCCC5)CC2)cc1,N#Cc1c2n(c3c(N4CCN(CCc5ccc([N+](=O)[O-])cc5)CC4)ncnc13)CCCC2,1,c1ccc(CCN2CCN(c3ncnc4cc5n(c34)CCCC5)CC2)cc1,0.8588235294117648,1,0.9978042015174997
N#Cc1c2n(c3c(N4CCN(CCc5cccc([N+](=O)[O-])c5)CC4)ncnc13)CCCC2,1,c1ccc(CCN2CCN(c3ncnc4cc5n(c34)CCCC5)CC2)cc1,N#Cc1c2n(c3c(N4CCN(CCc5ccccc5)CC4)ncnc13)CCCC2,1,c1ccc(CCN2CCN(c3ncnc4cc5n(c34)CCCC5)CC2)cc1,0.7586452762923351,1,0.993797526697838
N#Cc1c2n(c3c(N4CCN(CCc5cccc([N+](=O)[O-])c5)CC4)ncnc13)CCCC2,1,c1ccc(CCN2CCN(c3ncnc4cc5n(c34)CCCC5)CC2)cc1,N#Cc1c2n(c3c(N4CCN(CCc5cccc(Cl)c5)CC4)ncnc13)CCCC2,1,c1ccc(CCN2CCN(c3ncnc4cc5n(c34)CCCC5)CC2)cc1,0.7502669717772693,1,0.9900321209099049
N#Cc1c2n(c3c(N4CCN(CCc5cccc([N+](=O)[O-])c5)CC4)ncnc13)CCCC2,1,c1ccc(CCN2CCN(c3ncnc4cc5n(c34)CCCC5)CC2)cc1,COc1cccc(CCN2CCN(c3ncnc4c(C#N)c5n(c34)CCCC5)CC2)c1,1,c1ccc(CCN2CCN(c3ncnc4cc5n(c34)CCCC5)CC2)cc1,0.7420106847984458,1,0.9933764003901728
N#Cc1c2n(c3c(N4CCN(CCc5ccc([N+](=O)[O-])cc5)CC4)ncnc13)CCCC2,1,c1ccc(CCN2CCN(c3ncnc4cc5n(c34)CCCC5)CC2)cc1,N#Cc1c2n(c3c(N4CCN(CCc5cccc([N+](=O)[O-])c5)CC4)ncnc13)CCCC2,1,c1ccc(CCN2CCN(c3ncnc4cc5n(c34)CCCC5)CC2)cc1,0.8588235294117648,1,0.9987302288127099
N#Cc1c2n(c3c(N4CCN(CCc5ccc([N+](=O)[O-])cc5)CC4)ncnc13)CCCC2,1,c1ccc(CCN2CCN(c3ncnc4cc5n(c34)CCCC5)CC2)cc1,N#Cc1c2n(c3c(N4CCN(CCc5ccccc5)CC4)ncnc13)CCCC2,1,c1ccc(CCN2CCN(c3ncnc4cc5n(c34)CCCC5)CC2)cc1,0.7833548387096775,1,0.993863110739146
N#Cc1c2n(c3c(N4CCN(CCc5ccc([N+](=O)[O-])cc5)CC4)ncnc13)CCCC2,1,c1ccc(CCN2CCN(c3ncnc4cc5n(c34)CCCC5)CC2)cc1,N#Cc1c2n(c3c(N4CCN(CCc5ccc(Cl)cc5)CC4)ncnc13)CCCC2,1,c1ccc(CCN2CCN(c3ncnc4cc5n(c34)CCCC5)CC2)cc1,0.7613756613756615,1,0.9897915994557943
N#Cc1c2n(c3c(N4CCN(CCc5ccc([N+](=O)[O-])cc5)CC4)ncnc13)CCCC2,1,c1ccc(CCN2CCN(c3ncnc4cc5n(c34)CCCC5)CC2)cc1,N#Cc1c2n(c3c(N4CCN(CCc5ccc(F)c(F)c5)CC4)ncnc13)CCCC2,1,c1ccc(CCN2CCN(c3ncnc4cc5n(c34)CCCC5)CC2)cc1,0.7102849389416555,1,0.9972239755337587
COc1cccc(CCN2CCN(c3ncnc4c(C#N)c5n(c34)CCCC5)CC2)c1,1,c1ccc(CCN2CCN(c3ncnc4cc5n(c34)CCCC5)CC2)cc1,N#Cc1c2n(c3c(N4CCN(CCc5ccccc5)CC4)ncnc13)CCCC2,1,c1ccc(CCN2CCN(c3ncnc4cc5n(c34)CCCC5)CC2)cc1,0.7839285714285715,1,0.9994622110806125
COc1cccc(CCN2CCN(c3ncnc4c(C#N)c5n(c34)CCCC5)CC2)c1,1,c1ccc(CCN2CCN(c3ncnc4cc5n(c34)CCCC5)CC2)cc1,N#Cc1c2n(c3c(N4CCN(CCc5cccc(Cl)c5)CC4)ncnc13)CCCC2,1,c1ccc(CCN2CCN(c3ncnc4cc5n(c34)CCCC5)CC2)cc1,0.7736227951153325,1,0.9990017000778054
COc1cccc(CCN2CCN(c3ncnc4c(C#N)c5n(c34)CCCC5)CC2)c1,1,c1ccc(CCN2CCN(c3ncnc4cc5n(c34)CCCC5)CC2)cc1,N#Cc1c2n(c3c(N4CCN(CCc5cccc([N+](=O)[O-])c5)CC4)ncnc13)CCCC2,1,c1ccc(CCN2CCN(c3ncnc4cc5n(c34)CCCC5)CC2)cc1,0.7420106847984458,1,0.9961721067742777
COc1cccc(CCN2CCN(c3ncnc4c(C#N)c5n(c34)CCCC5)CC2)c1,1,c1ccc(CCN2CCN(c3ncnc4cc5n(c34)CCCC5)CC2)cc1,N#Cc1c2n(c3c(N4CCN(CCc5ccc(F)c(F)c5)CC4)ncnc13)CCCC2,1,c1ccc(CCN2CCN(c3ncnc4cc5n(c34)CCCC5)CC2)cc1,0.7255614973262032,1,0.9994364491748521
O=C(CCc1ccccc1)c1ccccc1OC[C@H](O)CN1CCCC1,1,O=C(CCc1ccccc1)c1ccccc1OCCCN1CCCC1,O=C(CCc1ccccc1)c1ccccc1OC[C@H](O)CN1CCCCC1,1,O=C(CCc1ccccc1)c1ccccc1OCCCN1CCCCC1,0.9763398692810458,1,0.9713914855876008
O=C(CCc1ccccc1)c1ccccc1OC[C@H](O)CN1CCCC1,1,O=C(CCc1ccccc1)c1ccccc1OCCCN1CCCC1,O=C(CCc1ccccc1)c1ccccc1OC[C@@H](O)CN1CCOCC1,1,O=C(CCc1ccccc1)c1ccccc1OCCCN1CCOCC1,0.8337777777777778,1,0.9689954582429495
O=C(CCc1ccccc1)c1ccccc1OC[C@H](O)CN1CCCC1,1,O=C(CCc1ccccc1)c1ccccc1OCCCN1CCCC1,O=C(CCc1ccccc1)c1ccccc1OC[C@H](O)CN1CCN(Cc2ccccc2)CC1,1,O=C(CCc1ccccc1)c1ccccc1OCCCN1CCN(Cc2ccccc2)CC1,0.832545649838883,1,0.9895826624020306
O=C(CCc1ccccc1)c1ccccc1OC[C@H](O)CN1CCCC1,1,O=C(CCc1ccccc1)c1ccccc1OCCCN1CCCC1,O=C(CCc1ccccc1)c1ccccc1OC[C@@H](O)CN1CCN(Cc2ccccc2)CC1,1,O=C(CCc1ccccc1)c1ccccc1OCCCN1CCN(Cc2ccccc2)CC1,0.832545649838883,1,0.9895826624020306
c1ccc2c3c([nH]c2c1)[C@H]1[C@H]2CC[C@@H]([C@H]4CCCNC42)N1CC3,0,c1ccc2c3c([nH]c2c1)C1C2CCC(C4CCCNC42)N1CC3,COC(=O)[C@H]1[C@@H]2C[C@@H]3c4[nH]c5cc(OC)ccc5c4CCN3C[C@@H]2C[C@H](OC(=O)c2cc(OC)c(OC)c(OC)c2)[C@@H]1OC,1,O=C(OC1CCC2CC3c4[nH]c5ccccc5c4CCN3CC2C1)c1ccccc1,0.24075342465753424,0,0.02828026585642656
c1ccc2c3c([nH]c2c1)[C@H]1[C@H]2CC[C@@H]([C@H]4CCCNC42)N1CC3,0,c1ccc2c3c([nH]c2c1)C1C2CCC(C4CCCNC42)N1CC3,COC(=O)[C@@H]1[C@H]2C[C@@H]3c4[nH]c5cc(OC)ccc5c4CCN3C[C@@H]2C[C@@H](OC(=O)/C=C/c2cc(OC)c(OC)c(OC)c2)[C@H]1OC,1,O=C(C=Cc1ccccc1)OC1CCC2CC3c4[nH]c5ccccc5c4CCN3CC2C1,0.232,0,0.011675912684809303
c1ccc2c3c([nH]c2c1)[C@H]1[C@H]2CC[C@@H]([C@H]4CCCNC42)N1CC3,0,c1ccc2c3c([nH]c2c1)C1C2CCC(C4CCCNC42)N1CC3,N#Cc1c2n(c3c(N4CCN(CCc5c[nH]c6ccccc56)CC4)ncnc13)CCCC2,1,c1ccc2c(CCN3CCN(c4ncnc5cc6n(c45)CCCC6)CC3)c[nH]c2c1,0.19627627627627628,0,0.013036878552814764
c1ccc2c3c([nH]c2c1)[C@H]1[C@H]2CC[C@@H]([C@H]4CCCNC42)N1CC3,0,c1ccc2c3c([nH]c2c1)C1C2CCC(C4CCCNC42)N1CC3,O=c1c2ccccc2c(Cc2ccc(Cl)cc2)nn1[C@H]1CCCNCC1,1,O=c1c2ccccc2c(Cc2ccccc2)nn1C1CCCNCC1,0.19352531526444572,0,0.002987786010901691
C[C@H](C(=O)O)c1ccc(N2CC=CC2)c(Cl)c1,0,C1=CCN(c2ccccc2)C1,COc1cc2c(cc1OC)CN(CCNC(=O)c1c(Cl)cccc1NC(=O)c1ccc(C(C)C)cc1)CC2,1,O=C(Nc1ccccc1C(=O)NCCN1CCc2ccccc2C1)c1ccccc1,0.2701039501039501,0,0.0023362882325799125
C[C@H](C(=O)O)c1ccc(N2CC=CC2)c(Cl)c1,0,C1=CCN(c2ccccc2)C1,COc1cc2c(cc1OC)CN(CCNC(=O)c1cccc(Cl)c1NC(=O)c1ccc(C(C)C)cc1)CC2,1,O=C(Nc1ccccc1C(=O)NCCN1CCc2ccccc2C1)c1ccccc1,0.2542763157894737,0,0.00234402555108905
C[C@H](C(=O)O)c1ccc(N2CC=CC2)c(Cl)c1,0,C1=CCN(c2ccccc2)C1,CN1CCCN([C@@H](c2ccccc2)c2ccc(Cl)cc2)CC1,1,c1ccc(C(c2ccccc2)N2CCCNCC2)cc1,0.2513207547169811,0,0.0013185272960486714
C[C@H](C(=O)O)c1ccc(N2CC=CC2)c(Cl)c1,0,C1=CCN(c2ccccc2)C1,COc1cc2c(cc1OC)CN(CCNC(=O)c1cc(Cl)ccc1NC(=O)c1ccc(C(C)C)cc1)CC2,1,O=C(Nc1ccccc1C(=O)NCCN1CCc2ccccc2C1)c1ccccc1,0.246875,0,0.0023631973564966894
O=C(NCCN1CCN(c2cccc3c2OC[C@@H](CO)O3)CC1)c1ccc(F)cc1,0,O=C(NCCN1CCN(c2cccc3c2OCCO3)CC1)c1ccccc1,O=C(CCc1ccccc1)c1ccccc1OCCCCN1CCN(c2ccc(F)cc2)CC1,1,O=C(CCc1ccccc1)c1ccccc1OCCCCN1CCN(c2ccccc2)CC1,0.2972431077694236,0,0.10424601030492607
O=C(NCCN1CCN(c2cccc3c2OC[C@@H](CO)O3)CC1)c1ccc(F)cc1,0,O=C(NCCN1CCN(c2cccc3c2OCCO3)CC1)c1ccccc1,COc1cc2c(cc1OC)CN(CCNC(=O)c1ccccc1NC(=O)c1ccc(Br)cc1)CC2,1,O=C(Nc1ccccc1C(=O)NCCN1CCc2ccccc2C1)c1ccccc1,0.29624772313296904,0,0.30436793650737254
O=C(NCCN1CCN(c2cccc3c2OC[C@@H](CO)O3)CC1)c1ccc(F)cc1,0,O=C(NCCN1CCN(c2cccc3c2OCCO3)CC1)c1ccccc1,COc1cc2c(cc1OC)CN(CCNC(=O)c1c(Cl)cccc1NC(=O)c1ccc(C(C)C)cc1)CC2,1,O=C(Nc1ccccc1C(=O)NCCN1CCc2ccccc2C1)c1ccccc1,0.2882697947214076,0,0.2676781145325115
O=C(NCCN1CCN(c2cccc3c2OC[C@@H](CO)O3)CC1)c1ccc(F)cc1,0,O=C(NCCN1CCN(c2cccc3c2OCCO3)CC1)c1ccccc1,COc1cc2c(cc1OC)CN(CCNC(=O)c1cccc(Cl)c1NC(=O)c1ccc(C(C)C)cc1)CC2,1,O=C(Nc1ccccc1C(=O)NCCN1CCc2ccccc2C1)c1ccccc1,0.28733224222585924,0,0.3569029902530681
CCC(=O)N(c1ccccc1)C1(COC)CCN(CCn2nnn(CC)c2=O)CC1,0,O=c1[nH]nnn1CCN1CCC(Nc2ccccc2)CC1,CCC(=O)N(c1ccccc1)C1CCN(CCc2ccccc2)CC1,1,c1ccc(CCN2CCC(Nc3ccccc3)CC2)cc1,0.3598935226264419,0,0.010225216309120948
CCC(=O)N(c1ccccc1)C1(COC)CCN(CCn2nnn(CC)c2=O)CC1,0,O=c1[nH]nnn1CCN1CCC(Nc2ccccc2)CC1,CCC(=O)c1ccccc1OC[C@@H](O)CN1CCC(O)(c2ccccc2)CC1,1,c1ccc(OCCCN2CCC(c3ccccc3)CC2)cc1,0.26862068965517244,0,0.033624880662311375
CCC(=O)N(c1ccccc1)C1(COC)CCN(CCn2nnn(CC)c2=O)CC1,0,O=c1[nH]nnn1CCN1CCC(Nc2ccccc2)CC1,CCC(=O)c1ccccc1OC[C@H](O)CN1CCC(O)(c2ccccc2)CC1,1,c1ccc(OCCCN2CCC(c3ccccc3)CC2)cc1,0.26862068965517244,0,0.033624880662311375
CCC(=O)N(c1ccccc1)C1(COC)CCN(CCn2nnn(CC)c2=O)CC1,0,O=c1[nH]nnn1CCN1CCC(Nc2ccccc2)CC1,CN(C)C(=O)C(CCN1CCC(O)(c2ccc(Cl)cc2)CC1)(c1ccccc1)c1ccccc1,1,c1ccc(C2CCN(CCC(c3ccccc3)c3ccccc3)CC2)cc1,0.2668955159836945,0,0.013090282422962103
CN1CCc2cc3c(cc2[C@@H]1[C@H]1OC(=O)c2c1ccc1c2OCO1)OCO3,0,O=C1OC(C2NCCc3cc4c(cc32)OCO4)c2ccc3c(c21)OCO3,COc1ccc2c(c1OC)C(=O)O[C@@H]2[C@H]1c2cc3c(cc2CCN1C)OCO3,1,O=C1OC(C2NCCc3cc4c(cc32)OCO4)c2ccccc21,0.750592697961119,0,0.13159937374833275
CN1CCc2cc3c(cc2[C@@H]1[C@H]1OC(=O)c2c1ccc1c2OCO1)OCO3,0,O=C1OC(C2NCCc3cc4c(cc32)OCO4)c2ccc3c(c21)OCO3,COc1ccc2c(c1OC)C(=O)O[C@@H]2[C@H]1c2c(cc3c(c2OC)OCO3)CCN1C,1,O=C1OC(C2NCCc3cc4c(cc32)OCO4)c2ccccc21,0.6368589743589744,0,0.05570283051651359
CN1CCc2cc3c(cc2[C@@H]1[C@H]1OC(=O)c2c1ccc1c2OCO1)OCO3,0,O=C1OC(C2NCCc3cc4c(cc32)OCO4)c2ccc3c(c21)OCO3,COc1cc(Br)c(C[C@H]2c3cc(OC)c(OC)cc3CCN2C)cc1OC,1,c1ccc(CC2NCCc3ccccc32)cc1,0.30381426202321726,0,0.31108670120631066
CN1CCc2cc3c(cc2[C@@H]1[C@H]1OC(=O)c2c1ccc1c2OCO1)OCO3,0,O=C1OC(C2NCCc3cc4c(cc32)OCO4)c2ccc3c(c21)OCO3,CC(C)(C)c1ccc(N2C(=O)c3ccccc3N[C@H]2c2ccc3c(c2)OCO3)cc1,1,O=C1c2ccccc2NC(c2ccc3c(c2)OCO3)N1c1ccccc1,0.2642424242424243,0,0.1729169620739387
OCC12[C@H](c3ccccc3)C3[C@@H]4N(Cc5ccccc5)[C@H]1C1[C@H](c5ccccc5)C4(CO)[C@@H]3N(Cc3ccccc3)[C@H]12,1,c1ccc(CN2C3C4C(c5ccccc5)C5C2C2C(c6ccccc6)C3C4N(Cc3ccccc3)C52)cc1,COC(=O)N1[C@H]2C3[C@H](c4ccccc4)C4(CO)[C@@H]1C1[C@@H](c5ccccc5)C2(CO)[C@@H]3N(C(=O)OC)[C@H]14,1,c1ccc(C2C3C4NC5C2C2NC3C4C(c3ccccc3)C52)cc1,0.5298449612403101,1,0.9998220375489657
OCC12[C@H](c3ccccc3)C3[C@@H]4N(Cc5ccccc5)[C@H]1C1[C@H](c5ccccc5)C4(CO)[C@@H]3N(Cc3ccccc3)[C@H]12,1,c1ccc(CN2C3C4C(c5ccccc5)C5C2C2C(c6ccccc6)C3C4N(Cc3ccccc3)C52)cc1,O=C(Oc1ccccc1)N1[C@H]2C3[C@@H](c4ccccc4)C4(CO)[C@@H]1C1[C@@H](c5ccccc5)C2(CO)[C@H]3N(C(=O)Oc2ccccc2)[C@H]14,1,O=C(Oc1ccccc1)N1C2C3C(c4ccccc4)C4C1C1C(c5ccccc5)C2C3N(C(=O)Oc2ccccc2)C41,0.5174447174447174,1,0.999953896383496
OCC12[C@H](c3ccccc3)C3[C@@H]4N(Cc5ccccc5)[C@H]1C1[C@H](c5ccccc5)C4(CO)[C@@H]3N(Cc3ccccc3)[C@H]12,1,c1ccc(CN2C3C4C(c5ccccc5)C5C2C2C(c6ccccc6)C3C4N(Cc3ccccc3)C52)cc1,CC(C)(C)OC(=O)N1[C@H]2C3[C@H](c4ccccc4)C4(CO)[C@@H]1C1[C@H](c5ccccc5)C2(CO)[C@@H]3N(C(=O)OC(C)(C)C)[C@H]14,1,c1ccc(C2C3C4NC5C2C2NC3C4C(c3ccccc3)C52)cc1,0.4963386727688788,1,0.9995512591247776
OCC12[C@H](c3ccccc3)C3[C@@H]4N(Cc5ccccc5)[C@H]1C1[C@H](c5ccccc5)C4(CO)[C@@H]3N(Cc3ccccc3)[C@H]12,1,c1ccc(CN2C3C4C(c5ccccc5)C5C2C2C(c6ccccc6)C3C4N(Cc3ccccc3)C52)cc1,CC1(C)Oc2ccc(C#N)cc2[C@H](N2CCN(Cc3ccccc3)CC2)[C@H]1O,1,c1ccc(CN2CCN(C3CCOc4ccccc43)CC2)cc1,0.2359848484848485,1,0.9851478123937801
O=C(CCc1ccccc1)c1ccccc1OCCCCCN1CCCCC1,1,O=C(CCc1ccccc1)c1ccccc1OCCCCCN1CCCCC1,O=C(CCc1ccccc1)c1ccccc1OCCCCCCCCN1CCCCC1,1,O=C(CCc1ccccc1)c1ccccc1OCCCCCCCCN1CCCCC1,1.0,1,0.9948364134620468
O=C(CCc1ccccc1)c1ccccc1OCCCCCN1CCCCC1,1,O=C(CCc1ccccc1)c1ccccc1OCCCCCN1CCCCC1,O=C(CCc1ccccc1)c1ccccc1OCCCCCCN1CCCCC1,1,O=C(CCc1ccccc1)c1ccccc1OCCCCCCN1CCCCC1,1.0,1,0.9978202287852109
O=C(CCc1ccccc1)c1ccccc1OCCCCCN1CCCCC1,1,O=C(CCc1ccccc1)c1ccccc1OCCCCCN1CCCCC1,O=C(CCc1ccccc1)c1ccccc1OCCCCN1CCCCC1,1,O=C(CCc1ccccc1)c1ccccc1OCCCCN1CCCCC1,0.9818181818181819,1,0.9934830008366444
O=C(CCc1ccccc1)c1ccccc1OCCCCCN1CCCCC1,1,O=C(CCc1ccccc1)c1ccccc1OCCCCCN1CCCCC1,O=C(CCc1ccccc1)c1ccccc1OCCCN1CCCCC1,1,O=C(CCc1ccccc1)c1ccccc1OCCCN1CCCCC1,0.9159856630824373,1,0.963885734589295
CO[C@@H](C)[C@@](O)(C(=O)OCC1=CCN2CC[C@H](O)C12)C(C)C,0,C1=CC2CCCN2C1,CCOC(=O)C1=C[C@@]2(CC)CCCN3CCc4c(n1c1ccccc41)[C@H]32,1,C1=Cn2c3c(c4ccccc42)CCN2CCCC1C32,0.19062825407844497,0,0.0016333332572835181
CO[C@@H](C)[C@@](O)(C(=O)OCC1=CCN2CC[C@H](O)C12)C(C)C,0,C1=CC2CCCN2C1,CC(C)[C@@H]1OC(=O)[C@@H](C)COC(=O)C[C@@H](O)[C@H](Cc2ccccc2)N(C)C1=O,1,O=C1COC(=O)CCOC(=O)CCC(Cc2ccccc2)N1,0.18787878787878787,0,0.005117096223848109
CO[C@@H](C)[C@@](O)(C(=O)OCC1=CCN2CC[C@H](O)C12)C(C)C,0,C1=CC2CCCN2C1,CC[C@@H](C)C(=O)O[C@@H]1C[C@H](C)C=C2C=C[C@H](C)[C@H](CC[C@H]3C[C@H](O)CC(=O)O3)[C@H]21,1,O=C1CCCC(CCC2CC=CC3=CCCCC32)O1,0.18424242424242424,0,0.022080536660581258
CO[C@@H](C)[C@@](O)(C(=O)OCC1=CCN2CC[C@H](O)C12)C(C)C,0,C1=CC2CCCN2C1,CC(C)[C@@H]1OC(=O)[C@@H](C)[C@@H](C)OC(=O)C[C@@H](O)[C@H](Cc2ccccc2)N(C)C1=O,1,O=C1COC(=O)CCOC(=O)CCC(Cc2ccccc2)N1,0.18221248630887185,0,0.013928742137676246
N[C@@H](C(=O)N[C@@H]1C(=O)N2C(C(=O)O)=C(Cl)CS[C@H]12)c1ccccc1,0,O=C(Cc1ccccc1)NC1C(=O)N2C=CCSC12,CO/N=C(/C(=O)N[C@H]1C(=O)N2C(C(=O)O)=C(COC(C)=O)CS[C@@H]12)c1csc(N)n1,1,N=C(C(=O)NC1C(=O)N2C=CCSC12)c1cscn1,0.3484848484848485,0,0.000201063177934744
N[C@@H](C(=O)N[C@@H]1C(=O)N2C(C(=O)O)=C(Cl)CS[C@H]12)c1ccccc1,0,O=C(Cc1ccccc1)NC1C(=O)N2C=CCSC12,COC(=O)C1=C(C)NC(C)=C(C(=O)OCCN2CCN(C(c3ccccc3)c3ccccc3)CC2)[C@H]1c1cccc([N+](=O)[O-])c1,1,O=C(OCCN1CCN(C(c2ccccc2)c2ccccc2)CC1)C1=CNC=CC1c1ccccc1,0.20711111111111113,0,0.009574298309797077
N[C@@H](C(=O)N[C@@H]1C(=O)N2C(C(=O)O)=C(Cl)CS[C@H]12)c1ccccc1,0,O=C(Cc1ccccc1)NC1C(=O)N2C=CCSC12,CC[C@H](C)c1ccc([C@@H]2Nc3ccccc3C(=O)N2c2ccc(Cl)cc2)cc1,1,O=C1c2ccccc2NC(c2ccccc2)N1c1ccccc1,0.20623376623376627,0,0.022998214686770897
N[C@@H](C(=O)N[C@@H]1C(=O)N2C(C(=O)O)=C(Cl)CS[C@H]12)c1ccccc1,0,O=C(Cc1ccccc1)NC1C(=O)N2C=CCSC12,COC(=O)N1[C@H]2C3[C@H](c4ccccc4)C4(CO)[C@@H]1C1[C@@H](c5ccccc5)C2(CO)[C@@H]3N(C(=O)OC)[C@H]14,1,c1ccc(C2C3C4NC5C2C2NC3C4C(c3ccccc3)C52)cc1,0.1980331262939959,0,0.0029838206993998595
O=C1O[C@@H](CN2CCOCC2)CN1/N=C/c1ccc([N+](=O)[O-])o1,0,O=C1OC(CN2CCOCC2)CN1N=Cc1ccco1,O=c1c2ccccc2n(CCCN2CCOCC2)c2ccccc12,1,O=c1c2ccccc2n(CCCN2CCOCC2)c2ccccc12,0.24461620469083156,0,0.0011111593336567125
O=C1O[C@@H](CN2CCOCC2)CN1/N=C/c1ccc([N+](=O)[O-])o1,0,O=C1OC(CN2CCOCC2)CN1N=Cc1ccco1,COc1cccc2c(=O)c3ccccc3n(CCCN3CCOCC3)c12,1,O=c1c2ccccc2n(CCCN2CCOCC2)c2ccccc12,0.21363821968150265,0,0.0006894285450831205
O=C1O[C@@H](CN2CCOCC2)CN1/N=C/c1ccc([N+](=O)[O-])o1,0,O=C1OC(CN2CCOCC2)CN1N=Cc1ccco1,O=C(CCc1ccccc1)c1ccccc1OCCCCN1CCOCC1,1,O=C(CCc1ccccc1)c1ccccc1OCCCCN1CCOCC1,0.2036228721082497,0,0.0009315270247481298
O=C1O[C@@H](CN2CCOCC2)CN1/N=C/c1ccc([N+](=O)[O-])o1,0,O=C1OC(CN2CCOCC2)CN1N=Cc1ccco1,O[C@@H](COc1ccccc1[C@@H](O)CCc1ccccc1)CN1CCOCC1,1,c1ccc(CCCc2ccccc2OCCCN2CCOCC2)cc1,0.20107906204606768,0,0.002859104034335253
Nc1ncnc2c1ncn2[C@H]1O[C@H](CO)[C@H](O)[C@H]1O,0,c1ncc2ncn(C3CCCO3)c2n1,CC(=O)CCCCn1c(=O)c2c(ncn2C)n(C)c1=O,1,O=c1[nH]c(=O)c2[nH]cnc2[nH]1,0.15032679738562094,0,0.0008452022898837137
Nc1ncnc2c1ncn2[C@H]1O[C@H](CO)[C@H](O)[C@H]1O,0,c1ncc2ncn(C3CCCO3)c2n1,N#Cc1c2n(c3c(NCCc4ccccc4)ncnc13)CCCC2,1,c1ccc(CCNc2ncnc3cc4n(c23)CCCC4)cc1,0.13520703711649862,0,0.0001271778897942022
Nc1ncnc2c1ncn2[C@H]1O[C@H](CO)[C@H](O)[C@H]1O,0,c1ncc2ncn(C3CCCO3)c2n1,COc1cc([C@@H]2Oc3cc([C@H]4Oc5cc(OCc6ccccc6)cc(O)c5C(=O)[C@@H]4O)ccc3O[C@H]2CO)ccc1O,1,O=C1CC(c2ccc3c(c2)OC(c2ccccc2)CO3)Oc2cc(OCc3ccccc3)ccc21,0.13357945425361156,0,0.0012402631242659265
Nc1ncnc2c1ncn2[C@H]1O[C@H](CO)[C@H](O)[C@H]1O,0,c1ncc2ncn(C3CCCO3)c2n1,O=c1c(O)c(-c2ccc3c(c2)O[C@@H](c2ccc(O)c(O)c2)[C@@H](CO)O3)oc2cc(O)cc(O)c12,1,O=c1cc(-c2ccc3c(c2)OC(c2ccccc2)CO3)oc2ccccc12,0.13116815086432687,0,9.589798962686337e-05
CC#C[C@@]1(O)CC[C@@H]2[C@H]3CCC4=CC(=O)CCC4=C3[C@@H](c3ccc(N(C)C)cc3)C[C@]21C,1,O=C1C=C2CCC3C(=C2CC1)C(c1ccccc1)CC1CCCC13,C[C@]12CC(=O)[C@@H]3[C@@H](CCC4=CC(=O)CC[C@H]43)[C@H]1CC[C@@]2(O)C(=O)CO,1,O=C1C=C2CCC3C4CCCC4CC(=O)C3C2CC1,0.3027450980392157,1,0.9746816971404956
CC#C[C@@]1(O)CC[C@@H]2[C@H]3CCC4=CC(=O)CCC4=C3[C@@H](c3ccc(N(C)C)cc3)C[C@]21C,1,O=C1C=C2CCC3C(=C2CC1)C(c1ccccc1)CC1CCCC13,C[C@@]12CC[C@@H]3C(CCC4=CC(=O)CC[C@]43C)[C@H]1CC[C@H]2O,1,O=C1C=C2CCC3C4CCCC4CCC3C2CC1,0.252,1,0.9716250389971853
CC#C[C@@]1(O)CC[C@@H]2[C@H]3CCC4=CC(=O)CCC4=C3[C@@H](c3ccc(N(C)C)cc3)C[C@]21C,1,O=C1C=C2CCC3C(=C2CC1)C(c1ccccc1)CC1CCCC13,COC(=O)[C@H]1C[C@H]1c1ccc(-c2nc(-c3ccc(N(C)C)cc3)c(-c3ccc(N(C)C)cc3)[nH]2)cc1,1,c1ccc(-c2nc(-c3ccc(C4CC4)cc3)[nH]c2-c2ccccc2)cc1,0.22503496503496503,1,0.8599468039398601
CC#C[C@@]1(O)CC[C@@H]2[C@H]3CCC4=CC(=O)CCC4=C3[C@@H](c3ccc(N(C)C)cc3)C[C@]21C,1,O=C1C=C2CCC3C(=C2CC1)C(c1ccccc1)CC1CCCC13,CCNC(=O)Nc1ccc(S[C@@H]2CC3=CC(=O)CC[C@]3(C)[C@@H]3CC[C@]4(C)[C@@H](C(C)=O)CC[C@@H]4[C@@H]32)cc1,1,O=C1C=C2CC(Sc3ccccc3)C3C4CCCC4CCC3C2CC1,0.2083916083916084,1,0.9725730984389513
Clc1ccc(CS[C@@H](Cn2ccnc2)c2ccc(Cl)cc2Cl)cc1,0,c1ccc(CSC(Cn2ccnc2)c2ccccc2)cc1,Clc1ccc([C@H](Cn2ccnc2)OCc2c(Cl)cccc2Cl)c(Cl)c1,1,c1ccc(COC(Cn2ccnc2)c2ccccc2)cc1,0.589874686716792,1,0.6638286229066859
Clc1ccc(CS[C@@H](Cn2ccnc2)c2ccc(Cl)cc2Cl)cc1,0,c1ccc(CSC(Cn2ccnc2)c2ccccc2)cc1,CC(=O)N1CCN(c2ccc(OC[C@@H]3CO[C@@](Cn4ccnc4)(c4ccc(Cl)cc4Cl)O3)cc2)CC1,1,c1ccc(C2(Cn3ccnc3)OCC(COc3ccc(N4CCNCC4)cc3)O2)cc1,0.30658914728682174,0,0.4577616161261181
Clc1ccc(CS[C@@H](Cn2ccnc2)c2ccc(Cl)cc2Cl)cc1,0,c1ccc(CSC(Cn2ccnc2)c2ccccc2)cc1,Clc1ccccc1C(c1ccccc1)(c1ccccc1)n1ccnc1,1,c1ccc(C(c2ccccc2)(c2ccccc2)n2ccnc2)cc1,0.2866666666666667,0,0.4467306587088674
Clc1ccc(CS[C@@H](Cn2ccnc2)c2ccc(Cl)cc2Cl)cc1,0,c1ccc(CSC(Cn2ccnc2)c2ccccc2)cc1,Cc1ncc2n1-c1ccc(Cl)cc1C(c1ccccc1F)=NC2,1,c1ccc(C2=NCc3cncn3-c3ccccc32)cc1,0.2020790020790021,0,0.29978131839110017
CN1CCC[C@H]1CCO[C@](C)(c1ccccc1)c1ccc(Cl)cc1,1,c1ccc(C(OCCC2CCCN2)c2ccccc2)cc1,CN1CCCN([C@@H](c2ccccc2)c2ccc(Cl)cc2)CC1,1,c1ccc(C(c2ccccc2)N2CCCNCC2)cc1,0.3280701754385965,1,0.8657994609895929
CN1CCC[C@H]1CCO[C@](C)(c1ccccc1)c1ccc(Cl)cc1,1,c1ccc(C(OCCC2CCCN2)c2ccccc2)cc1,CN(C)C(=O)C(CCN1CCC(O)(c2ccc(Cl)cc2)CC1)(c1ccccc1)c1ccccc1,1,c1ccc(C2CCN(CCC(c3ccccc3)c3ccccc3)CC2)cc1,0.31188986232790994,1,0.8066073591668493
CN1CCC[C@H]1CCO[C@](C)(c1ccccc1)c1ccc(Cl)cc1,1,c1ccc(C(OCCC2CCCN2)c2ccccc2)cc1,OCCOCCN1CCN([C@H](c2ccccc2)c2ccc(Cl)cc2)CC1,1,c1ccc(C(c2ccccc2)N2CCNCC2)cc1,0.3103896103896104,1,0.8007829709692744
CN1CCC[C@H]1CCO[C@](C)(c1ccccc1)c1ccc(Cl)cc1,1,c1ccc(C(OCCC2CCCN2)c2ccccc2)cc1,COc1cccc(CCc2ccccc2OCCCCN2CCN(c3cccc(Cl)c3)CC2)c1,1,c1ccc(CCc2ccccc2OCCCCN2CCN(c3ccccc3)CC2)cc1,0.24522882181110034,1,0.7413963388965685
O=C(CCc1ccccc1)c1cccc(OC[C@H](O)CNCCC(c2ccccc2)c2ccccc2)c1,1,O=C(CCc1ccccc1)c1cccc(OCCCNCCC(c2ccccc2)c2ccccc2)c1,O=C(CCc1ccccc1)c1ccc(OC[C@@H](O)CNCCC(c2ccccc2)c2ccccc2)cc1,1,O=C(CCc1ccccc1)c1ccc(OCCCNCCC(c2ccccc2)c2ccccc2)cc1,0.8316316316316317,1,0.9999185912883811
O=C(CCc1ccccc1)c1cccc(OC[C@H](O)CNCCC(c2ccccc2)c2ccccc2)c1,1,O=C(CCc1ccccc1)c1cccc(OCCCNCCC(c2ccccc2)c2ccccc2)c1,O=C(CCc1ccccc1)c1ccccc1OC[C@H](O)CNCCCC(c1ccccc1)c1ccccc1,1,O=C(CCc1ccccc1)c1ccccc1OCCCNCCCC(c1ccccc1)c1ccccc1,0.6383949645948073,1,0.9999679101028514
O=C(CCc1ccccc1)c1cccc(OC[C@H](O)CNCCC(c2ccccc2)c2ccccc2)c1,1,O=C(CCc1ccccc1)c1cccc(OCCCNCCC(c2ccccc2)c2ccccc2)c1,CC(=O)c1ccc(OC[C@@H](O)CNCCC(c2ccccc2)c2ccccc2)cc1,1,c1ccc(OCCCNCCC(c2ccccc2)c2ccccc2)cc1,0.6279398762157382,1,0.9999705793940199
O=C(CCc1ccccc1)c1cccc(OC[C@H](O)CNCCC(c2ccccc2)c2ccccc2)c1,1,O=C(CCc1ccccc1)c1cccc(OCCCNCCC(c2ccccc2)c2ccccc2)c1,O=C(CCc1ccccc1)c1ccccc1OC[C@@H](O)CNCC(c1ccccc1)c1ccccc1,1,O=C(CCc1ccccc1)c1ccccc1OCCCNCC(c1ccccc1)c1ccccc1,0.5840063974410237,1,0.998214176031631
CC[C@@]1(O)C(=O)OCc2c1cc1n(c2=O)Cc2cc3ccccc3nc2-1,0,O=C1Cc2cc3n(c(=O)c2CO1)Cc1cc2ccccc2nc1-3,COc1cc2c(cc1OC)CN(CCNC(=O)c1ccccc1NC(=O)c1ccc3ccccc3n1)CC2,1,O=C(Nc1ccccc1C(=O)NCCN1CCc2ccccc2C1)c1ccc2ccccc2n1,0.21768219832735963,0,0.10553918497387749
CC[C@@]1(O)C(=O)OCc2c1cc1n(c2=O)Cc2cc3ccccc3nc2-1,0,O=C1Cc2cc3n(c(=O)c2CO1)Cc1cc2ccccc2nc1-3,O=C(Nc1ccccc1C(=O)Nc1ccc(CCN2CCc3ccccc3C2)cc1)c1cnc2ccccc2c1,1,O=C(Nc1ccccc1C(=O)Nc1ccc(CCN2CCc3ccccc3C2)cc1)c1cnc2ccccc2c1,0.21592705167173254,0,0.23312005551454676
CC[C@@]1(O)C(=O)OCc2c1cc1n(c2=O)Cc2cc3ccccc3nc2-1,0,O=C1Cc2cc3n(c(=O)c2CO1)Cc1cc2ccccc2nc1-3,COc1cc2c(cc1OC)CN(CCc1ccc(NC(=O)c3ccccc3NC(=O)c3ccc4ccccc4n3)cc1)CC2,1,O=C(Nc1ccccc1C(=O)Nc1ccc(CCN2CCc3ccccc3C2)cc1)c1ccc2ccccc2n1,0.2103896103896104,0,0.083139373647937
CC[C@@]1(O)C(=O)OCc2c1cc1n(c2=O)Cc2cc3ccccc3nc2-1,0,O=C1Cc2cc3n(c(=O)c2CO1)Cc1cc2ccccc2nc1-3,COc1cc2c(cc1OC)CN(CCc1ccc(NC(=O)c3ccccc3NC(=O)c3cnc4ccccc4c3)cc1)CC2,1,O=C(Nc1ccccc1C(=O)Nc1ccc(CCN2CCc3ccccc3C2)cc1)c1cnc2ccccc2c1,0.21010526315789474,0,0.08734750168090685
O=c1c2ccccc2n(CCCCN2CCCCC2)c2ccccc12,1,O=c1c2ccccc2n(CCCCN2CCCCC2)c2ccccc12,O=c1c2ccccc2n(CCCN2CCCCC2)c2ccccc12,1,O=c1c2ccccc2n(CCCN2CCCCC2)c2ccccc12,0.9443722943722944,1,0.9937068506143832
O=c1c2ccccc2n(CCCCN2CCCCC2)c2ccccc12,1,O=c1c2ccccc2n(CCCCN2CCCCC2)c2ccccc12,CN1CCN(CCCCn2c3ccccc3c(=O)c3ccccc32)CC1,1,O=c1c2ccccc2n(CCCCN2CCNCC2)c2ccccc12,0.7787387387387388,1,0.9960695588794221
O=c1c2ccccc2n(CCCCN2CCCCC2)c2ccccc12,1,O=c1c2ccccc2n(CCCCN2CCCCC2)c2ccccc12,O=c1c2ccccc2n(CCCCN2CCN(CCO)CC2)c2ccccc12,1,O=c1c2ccccc2n(CCCCN2CCNCC2)c2ccccc12,0.7470494417862839,1,0.9913973397324568
O=c1c2ccccc2n(CCCCN2CCCCC2)c2ccccc12,1,O=c1c2ccccc2n(CCCCN2CCCCC2)c2ccccc12,CN1CCN(CCCn2c3ccccc3c(=O)c3ccccc32)CC1,1,O=c1c2ccccc2n(CCCN2CCNCC2)c2ccccc12,0.7297113752122241,1,0.9968821678634066
COc1cccc2c(=O)c3ccccc3n(CCCCN3CCCCC3)c12,1,O=c1c2ccccc2n(CCCCN2CCCCC2)c2ccccc12,COc1cccc2c(=O)c3ccccc3n(CCCN3CCCCC3)c12,1,O=c1c2ccccc2n(CCCN2CCCCC2)c2ccccc12,0.9587301587301588,1,0.9954364227202048
COc1cccc2c(=O)c3ccccc3n(CCCCN3CCCCC3)c12,1,O=c1c2ccccc2n(CCCCN2CCCCC2)c2ccccc12,COc1cccc2c(=O)c3ccccc3n(CCCCN3CCN(C)CC3)c12,1,O=c1c2ccccc2n(CCCCN2CCNCC2)c2ccccc12,0.8450450450450451,1,0.9984757370760391
COc1cccc2c(=O)c3ccccc3n(CCCCN3CCCCC3)c12,1,O=c1c2ccccc2n(CCCCN2CCCCC2)c2ccccc12,COc1cccc2c(=O)c3ccccc3n(CCCN3CCN(C)CC3)c12,1,O=c1c2ccccc2n(CCCN2CCNCC2)c2ccccc12,0.80515574650913,1,0.997317329994397
COc1cccc2c(=O)c3ccccc3n(CCCCN3CCCCC3)c12,1,O=c1c2ccccc2n(CCCCN2CCCCC2)c2ccccc12,COc1cccc2c(=O)c3ccccc3n(CCCCN3CCN(CCO)CC3)c12,1,O=c1c2ccccc2n(CCCCN2CCNCC2)c2ccccc12,0.8050000000000002,1,0.9945599804573474
O=C(N/N=C/c1c(F)cccc1Cl)C(=O)N1CCCCCC1,0,O=C(NN=Cc1ccccc1)C(=O)N1CCCCCC1,Clc1ccccc1-c1nc(N2CCCC2)c2ccccc2n1,1,c1ccc(-c2nc(N3CCCC3)c3ccccc3n2)cc1,0.2017156862745098,0,0.00968643433458695
O=C(N/N=C/c1c(F)cccc1Cl)C(=O)N1CCCCCC1,0,O=C(NN=Cc1ccccc1)C(=O)N1CCCCCC1,O=C(Nc1ccccc1)OC[C@@H](CN1CCCCC1)OC(=O)Nc1ccccc1,1,O=C(Nc1ccccc1)OCC(CN1CCCCC1)OC(=O)Nc1ccccc1,0.20070588235294118,0,0.023883631976992458
O=C(N/N=C/c1c(F)cccc1Cl)C(=O)N1CCCCCC1,0,O=C(NN=Cc1ccccc1)C(=O)N1CCCCCC1,CN(C)C(=O)C(CCN1CCC(O)(c2ccc(Cl)cc2)CC1)(c1ccccc1)c1ccccc1,1,c1ccc(C2CCN(CCC(c3ccccc3)c3ccccc3)CC2)cc1,0.18717532467532466,0,0.02767830894989599
O=C(N/N=C/c1c(F)cccc1Cl)C(=O)N1CCCCCC1,0,O=C(NN=Cc1ccccc1)C(=O)N1CCCCCC1,COc1cc2c(cc1OC)CN(CCNC(=O)c1c(Cl)cccc1NC(=O)c1ccc(C(C)C)cc1)CC2,1,O=C(Nc1ccccc1C(=O)NCCN1CCc2ccccc2C1)c1ccccc1,0.1871264367816092,0,0.0140304179407082
COc1ccc(CCN(C)CCc2ccc(NC(=O)c3ccccc3NC(=O)c3cnc4ccccc4c3)cc2)cc1OC,1,O=C(Nc1ccccc1C(=O)Nc1ccc(CCNCCc2ccccc2)cc1)c1cnc2ccccc2c1,COc1cc(CN(C)CCc2ccc(NC(=O)c3ccccc3NC(=O)c3cnc4ccccc4c3)cc2)ccc1O,1,O=C(Nc1ccccc1C(=O)Nc1ccc(CCNCc2ccccc2)cc1)c1cnc2ccccc2c1,0.7993963782696177,1,0.9996129877935792
COc1ccc(CCN(C)CCc2ccc(NC(=O)c3ccccc3NC(=O)c3cnc4ccccc4c3)cc2)cc1OC,1,O=C(Nc1ccccc1C(=O)Nc1ccc(CCNCCc2ccccc2)cc1)c1cnc2ccccc2c1,COc1ccc(CN(C)CCc2ccc(NC(=O)c3ccccc3NC(=O)c3cnc4ccccc4c3)cc2)cc1O,1,O=C(Nc1ccccc1C(=O)Nc1ccc(CCNCc2ccccc2)cc1)c1cnc2ccccc2c1,0.7958249496981892,1,0.9995293177263685
COc1ccc(CCN(C)CCc2ccc(NC(=O)c3ccccc3NC(=O)c3cnc4ccccc4c3)cc2)cc1OC,1,O=C(Nc1ccccc1C(=O)Nc1ccc(CCNCCc2ccccc2)cc1)c1cnc2ccccc2c1,COc1cc2c(cc1OC)CN(CCc1ccc(NC(=O)c3ccccc3NC(=O)c3cnc4ccccc4c3)cc1)CC2,1,O=C(Nc1ccccc1C(=O)Nc1ccc(CCN2CCc3ccccc3C2)cc1)c1cnc2ccccc2c1,0.7093333333333334,1,0.9999442161546583
COc1ccc(CCN(C)CCc2ccc(NC(=O)c3ccccc3NC(=O)c3cnc4ccccc4c3)cc2)cc1OC,1,O=C(Nc1ccccc1C(=O)Nc1ccc(CCNCCc2ccccc2)cc1)c1cnc2ccccc2c1,CN(CCc1ccc(NC(=O)c2ccccc2NC(=O)c2cnc3ccccc3c2)cc1)Cc1ccc(F)c(F)c1,1,O=C(Nc1ccccc1C(=O)Nc1ccc(CCNCc2ccccc2)cc1)c1cnc2ccccc2c1,0.6981898238747555,1,0.9998799330867776
CC(=O)Oc1ccc(C(c2ccc(OC(C)=O)cc2)c2ccccn2)cc1,0,c1ccc(C(c2ccccc2)c2ccccn2)cc1,CC(=O)c1ccc(OC[C@@H](O)CNCCC(c2ccccc2)c2ccccc2)cc1,1,c1ccc(OCCCNCCC(c2ccccc2)c2ccccc2)cc1,0.27226830147854314,0,0.1704112669063395
CC(=O)Oc1ccc(C(c2ccc(OC(C)=O)cc2)c2ccccn2)cc1,0,c1ccc(C(c2ccccc2)c2ccccn2)cc1,CC(=O)Oc1c(Oc2ccccc2)cc2oc(-c3ccccc3)cc(=O)c2c1OC(C)=O,1,O=c1cc(-c2ccccc2)oc2cc(Oc3ccccc3)ccc12,0.27166666666666667,0,0.4984764427204883
CC(=O)Oc1ccc(C(c2ccc(OC(C)=O)cc2)c2ccccn2)cc1,0,c1ccc(C(c2ccccc2)c2ccccn2)cc1,CC(=O)Oc1c(OCc2ccccc2)cc2oc(-c3ccccc3)cc(=O)c2c1OC(C)=O,1,O=c1cc(-c2ccccc2)oc2cc(OCc3ccccc3)ccc12,0.26848072562358277,0,0.3479961925573586
CC(=O)Oc1ccc(C(c2ccc(OC(C)=O)cc2)c2ccccn2)cc1,0,c1ccc(C(c2ccccc2)c2ccccn2)cc1,CC(=O)Oc1cc2oc(-c3ccccc3)cc(=O)c2c(O)c1OCc1ccccc1,1,O=c1cc(-c2ccccc2)oc2ccc(OCc3ccccc3)cc12,0.2554778554778555,0,0.2390736417659264
Cc1cc(O)c2c(c1)C(=O)C(c1c(C)cc3c(c1O)C(=O)C=CC3=O)=CC2=O,0,O=C1C=CC(=O)c2cc(C3=CC(=O)c4ccccc4C3=O)ccc21,O=C1C[C@H](c2ccc(O)cc2)Oc2cc(O)cc(O)c21,1,O=C1CC(c2ccccc2)Oc2ccccc21,0.1781469176818014,0,0.030295419665963115
Cc1cc(O)c2c(c1)C(=O)C(c1c(C)cc3c(c1O)C(=O)C=CC3=O)=CC2=O,0,O=C1C=CC(=O)c2cc(C3=CC(=O)c4ccccc4C3=O)ccc21,Cc1cc(C(C)(C)C)c(O)c(C)c1CC1=NCCN1,1,c1ccc(CC2=NCCN2)cc1,0.16366013071895424,0,0.026528601817619662
Cc1cc(O)c2c(c1)C(=O)C(c1c(C)cc3c(c1O)C(=O)C=CC3=O)=CC2=O,0,O=C1C=CC(=O)c2cc(C3=CC(=O)c4ccccc4C3=O)ccc21,O=c1cc(-c2ccccc2)oc2cc(O)c(Oc3ccccc3)c(O)c12,1,O=c1cc(-c2ccccc2)oc2ccc(Oc3ccccc3)cc12,0.14034782608695653,0,0.14489039889882893
Cc1cc(O)c2c(c1)C(=O)C(c1c(C)cc3c(c1O)C(=O)C=CC3=O)=CC2=O,0,O=C1C=CC(=O)c2cc(C3=CC(=O)c4ccccc4C3=O)ccc21,COc1cc([C@@H]2Oc3cc([C@H]4Oc5cc(OCc6ccccc6)cc(O)c5C(=O)[C@@H]4O)ccc3O[C@H]2CO)ccc1O,1,O=C1CC(c2ccc3c(c2)OC(c2ccccc2)CO3)Oc2cc(OCc3ccccc3)ccc21,0.1338433515482696,0,0.02039445487894217
CN1C[C@@H](C(=O)NC2(C)O[C@@]3(O)[C@@H]4CCCN4C(=O)[C@H](Cc4ccccc4)N3C2=O)C[C@@H]2c3cccc4[nH]cc(c34)C[C@H]21,1,O=C(NC1OC2C3CCCN3C(=O)C(Cc3ccccc3)N2C1=O)C1CNC2Cc3c[nH]c4cccc(c34)C2C1,CC(C)[C@]1(NC(=O)[C@H]2C=C3c4cccc5[nH]cc(c45)C[C@H]3N(C)C2)O[C@]2(O)C3CCCN3C(=O)[C@H](Cc3ccccc3)N2C1=O,1,O=C(NC1OC2C3CCCN3C(=O)C(Cc3ccccc3)N2C1=O)C1C=C2c3cccc4[nH]cc(c34)CC2NC1,0.631354051054384,1,0.887040503711198
CN1C[C@@H](C(=O)NC2(C)O[C@@]3(O)[C@@H]4CCCN4C(=O)[C@H](Cc4ccccc4)N3C2=O)C[C@@H]2c3cccc4[nH]cc(c34)C[C@H]21,1,O=C(NC1OC2C3CCCN3C(=O)C(Cc3ccccc3)N2C1=O)C1CNC2Cc3c[nH]c4cccc(c34)C2C1,CC(C)C[C@H]1C(=O)N2CCCC2[C@]2(O)O[C@@](NC(=O)[C@H]3C=C4c5cccc6[nH]cc(c56)C[C@H]4N(C)C3)(C(C)C)C(=O)N12,1,O=C(NC1OC2C3CCCN3C(=O)CN2C1=O)C1C=C2c3cccc4[nH]cc(c34)CC2NC1,0.5392535392535392,1,0.9395997312950429
CN1C[C@@H](C(=O)NC2(C)O[C@@]3(O)[C@@H]4CCCN4C(=O)[C@H](Cc4ccccc4)N3C2=O)C[C@@H]2c3cccc4[nH]cc(c34)C[C@H]21,1,O=C(NC1OC2C3CCCN3C(=O)C(Cc3ccccc3)N2C1=O)C1CNC2Cc3c[nH]c4cccc(c34)C2C1,CC(C)C[C@H]1C(=O)N2CCCC2[C@@]2(O)O[C@@](NC(=O)[C@H]3C=C4c5cccc6[nH]c(Br)c(c56)C[C@H]4N(C)C3)(C(C)C)C(=O)N12,1,O=C(NC1OC2C3CCCN3C(=O)CN2C1=O)C1C=C2c3cccc4[nH]cc(c34)CC2NC1,0.45309597523219813,1,0.9520205618948139
CN1C[C@@H](C(=O)NC2(C)O[C@@]3(O)[C@@H]4CCCN4C(=O)[C@H](Cc4ccccc4)N3C2=O)C[C@@H]2c3cccc4[nH]cc(c34)C[C@H]21,1,O=C(NC1OC2C3CCCN3C(=O)C(Cc3ccccc3)N2C1=O)C1CNC2Cc3c[nH]c4cccc(c34)C2C1,CCN(CC)C(=O)N[C@H]1C=C2c3cccc4[nH]cc(c34)C[C@H]2N(C)C1,1,C1=C2c3cccc4[nH]cc(c34)CC2NCC1,0.312597077793866,1,0.9239971236312234
C=C1c2c(OC[C@@H](O)CN3CCCCC3)cccc2C(=O)[C@@H]1c1ccccc1,1,C=C1c2c(OCCCN3CCCCC3)cccc2C(=O)C1c1ccccc1,C=C1c2cccc(OC[C@@H](O)CN3CCCCC3)c2C(=O)[C@H]1c1ccccc1,1,C=C1c2cccc(OCCCN3CCCCC3)c2C(=O)C1c1ccccc1,0.8631235431235431,1,0.9977012061935872
C=C1c2c(OC[C@@H](O)CN3CCCCC3)cccc2C(=O)[C@@H]1c1ccccc1,1,C=C1c2c(OCCCN3CCCCC3)cccc2C(=O)C1c1ccccc1,C=C1CC(=O)c2cccc(OC[C@H](O)CN3CCCCC3)c21,1,C=C1CC(=O)c2cccc(OCCCN3CCCCC3)c21,0.6616949152542373,1,0.9913619868691129
C=C1c2c(OC[C@@H](O)CN3CCCCC3)cccc2C(=O)[C@@H]1c1ccccc1,1,C=C1c2c(OCCCN3CCCCC3)cccc2C(=O)C1c1ccccc1,C=C1CC(=O)c2c(OC[C@@H](O)CN3CCCCC3)cccc21,1,C=C1CC(=O)c2c(OCCCN3CCCCC3)cccc21,0.6445520581113802,1,0.9917813431868724
C=C1c2c(OC[C@@H](O)CN3CCCCC3)cccc2C(=O)[C@@H]1c1ccccc1,1,C=C1c2c(OCCCN3CCCCC3)cccc2C(=O)C1c1ccccc1,O=C(CCc1ccccc1)c1ccccc1OC[C@H](O)CN1CCCCC1,1,O=C(CCc1ccccc1)c1ccccc1OCCCN1CCCCC1,0.5117710196779965,1,0.9942165383490625
CC(C)NC[C@@H](O)COc1ccc(Oc2ccccc2)cc1C(=O)CCc1ccccc1,1,O=C(CCc1ccccc1)c1cccc(Oc2ccccc2)c1,O=C(CCc1ccccc1)c1cc(Oc2ccccc2)ccc1OC[C@@H](O)CN1CCCCC1,1,O=C(CCc1ccccc1)c1cc(Oc2ccccc2)ccc1OCCCN1CCCCC1,0.6653397391901166,1,0.9971857763802888
CC(C)NC[C@@H](O)COc1ccc(Oc2ccccc2)cc1C(=O)CCc1ccccc1,1,O=C(CCc1ccccc1)c1cccc(Oc2ccccc2)c1,CC(C)[C@@H](NC[C@H](O)COc1ccccc1C(=O)CCc1ccccc1)c1ccccc1,1,O=C(CCc1ccccc1)c1ccccc1OCCCNCc1ccccc1,0.6392697466467958,1,0.9957281175748862
CC(C)NC[C@@H](O)COc1ccc(Oc2ccccc2)cc1C(=O)CCc1ccccc1,1,O=C(CCc1ccccc1)c1cccc(Oc2ccccc2)c1,CCCNC[C@H](O)COc1ccc(OCc2ccccc2)cc1C(=O)CCc1ccccc1,1,O=C(CCc1ccccc1)c1cccc(OCc2ccccc2)c1,0.6391304347826087,1,0.9965982794362617
CC(C)NC[C@@H](O)COc1ccc(Oc2ccccc2)cc1C(=O)CCc1ccccc1,1,O=C(CCc1ccccc1)c1cccc(Oc2ccccc2)c1,O=C(CCc1ccccc1)c1ccccc1OC[C@@H](O)CNC(c1ccccc1)c1ccccc1,1,O=C(CCc1ccccc1)c1ccccc1OCCCNC(c1ccccc1)c1ccccc1,0.6130081300813008,1,0.9955700977965841
Clc1ccc([C@H](Cn2ccnc2)OCc2c(Cl)cccc2Cl)c(Cl)c1,1,c1ccc(COC(Cn2ccnc2)c2ccccc2)cc1,Clc1ccccc1C(c1ccccc1)(c1ccccc1)n1ccnc1,1,c1ccc(C(c2ccccc2)(c2ccccc2)n2ccnc2)cc1,0.3185964912280702,1,0.6893885678528126
Clc1ccc([C@H](Cn2ccnc2)OCc2c(Cl)cccc2Cl)c(Cl)c1,1,c1ccc(COC(Cn2ccnc2)c2ccccc2)cc1,CC(=O)N1CCN(c2ccc(OC[C@@H]3CO[C@@](Cn4ccnc4)(c4ccc(Cl)cc4Cl)O3)cc2)CC1,1,c1ccc(C2(Cn3ccnc3)OCC(COc3ccc(N4CCNCC4)cc3)O2)cc1,0.3001490312965723,1,0.60502678755579
Clc1ccc([C@H](Cn2ccnc2)OCc2c(Cl)cccc2Cl)c(Cl)c1,1,c1ccc(COC(Cn2ccnc2)c2ccccc2)cc1,Cc1ncc2n1-c1ccc(Cl)cc1C(c1ccccc1F)=NC2,1,c1ccc(C2=NCc3cncn3-c3ccccc32)cc1,0.2022267206477733,1,0.7092019107261774
Clc1ccc([C@H](Cn2ccnc2)OCc2c(Cl)cccc2Cl)c(Cl)c1,1,c1ccc(COC(Cn2ccnc2)c2ccccc2)cc1,CCOC(=O)N1CCC(=C2c3ccc(Cl)cc3CCc3cccnc32)CC1,1,c1ccc2c(c1)CCc1cccnc1C2=C1CCNCC1,0.19918032786885248,1,0.9052225091722876
O=C1C(O)=C(O)O[C@H]1[C@H](O)CO,0,O=C1C=COC1,CC(C)[C@@H]1OC(=O)[C@@H](C)[C@@H](C)OC(=O)C[C@@H](O)[C@H](Cc2ccccc2)N(C)C1=O,1,O=C1COC(=O)CCOC(=O)CCC(Cc2ccccc2)N1,0.1793604651162791,0,0.0005774617812865012
O=C1C(O)=C(O)O[C@H]1[C@H](O)CO,0,O=C1C=COC1,CC(C)[C@@H]1OC(=O)[C@@H](C)COC(=O)C[C@@H](O)[C@H](Cc2ccccc2)N(C)C1=O,1,O=C1COC(=O)CCOC(=O)CCC(Cc2ccccc2)N1,0.17538461538461542,0,0.0002594856292760523
O=C1C(O)=C(O)O[C@H]1[C@H](O)CO,0,O=C1C=COC1,CCCCCCC[C@@H]1CC(=O)O[C@@H](C(C)C)C(=O)N(C)[C@@H](Cc2ccccc2)[C@H](O)CC(=O)O1,1,O=C1COC(=O)CCOC(=O)CCC(Cc2ccccc2)N1,0.17134328358208956,0,7.946767638495567e-05
O=C1C(O)=C(O)O[C@H]1[C@H](O)CO,0,O=C1C=COC1,CCCCCCC[C@H]1OC(=O)C[C@H](O)[C@H](Cc2ccccc2)N(C)C(=O)[C@H](C(C)C)OC(=O)[C@H]1C,1,O=C1COC(=O)CCOC(=O)CCC(Cc2ccccc2)N1,0.16307409675443968,0,0.00011649535264461775
Cc1ccc(S(=O)(=O)NC(=O)NN2C[C@H]3CCC[C@H]3C2)cc1,0,O=C(NN1CC2CCCC2C1)NS(=O)(=O)c1ccccc1,COc1cc2c(cc1OC)[C@H]1CN(C)CC[C@H]1N=C2c1ccc(NS(=O)(=O)c2ccc(C)cc2)cc1,1,O=S(=O)(Nc1ccc(C2=NC3CCNCC3c3ccccc32)cc1)c1ccccc1,0.26806779661016955,0,0.0002694061841665265
Cc1ccc(S(=O)(=O)NC(=O)NN2C[C@H]3CCC[C@H]3C2)cc1,0,O=C(NN1CC2CCCC2C1)NS(=O)(=O)c1ccccc1,Cc1ccc(C(=O)O[C@H]2[C@H](C)Nc3ccccc3[C@@H]2N2CCCC2)cc1,1,O=C(OC1CNc2ccccc2C1N1CCCC1)c1ccccc1,0.2179800221975583,0,0.0002494731827242502
Cc1ccc(S(=O)(=O)NC(=O)NN2C[C@H]3CCC[C@H]3C2)cc1,0,O=C(NN1CC2CCCC2C1)NS(=O)(=O)c1ccccc1,Cc1c(O)cccc1C(=O)N[C@@H](CSc1ccccc1)[C@H](O)CN1C[C@H]2CCCC[C@H]2C[C@H]1C(=O)NC(C)(C)C,1,O=C(NC(CCN1CCC2CCCCC2C1)CSc1ccccc1)c1ccccc1,0.2090909090909091,0,0.0042906229902782535
Cc1ccc(S(=O)(=O)NC(=O)NN2C[C@H]3CCC[C@H]3C2)cc1,0,O=C(NN1CC2CCCC2C1)NS(=O)(=O)c1ccccc1,NCc1ccc(S(N)(=O)=O)cc1,1,c1ccccc1,0.19531812725090036,0,0.0007699557548777958
COc1cccc(CCc2ccccc2OCCCN2CCN(c3ncccn3)CC2)c1,1,c1ccc(CCc2ccccc2OCCCN2CCN(c3ncccn3)CC2)cc1,COc1cccc(CCc2ccccc2OCCCCCN2CCN(c3ncccn3)CC2)c1,1,c1ccc(CCc2ccccc2OCCCCCN2CCN(c3ncccn3)CC2)cc1,0.9221360895779501,1,0.9947978560194704
COc1cccc(CCc2ccccc2OCCCN2CCN(c3ncccn3)CC2)c1,1,c1ccc(CCc2ccccc2OCCCN2CCN(c3ncccn3)CC2)cc1,COc1cccc(CCc2ccccc2OCCN2CCN(c3ncccn3)CC2)c1,1,c1ccc(CCc2ccccc2OCCN2CCN(c3ncccn3)CC2)cc1,0.9001380579843535,1,0.9978561456306022
COc1cccc(CCc2ccccc2OCCCN2CCN(c3ncccn3)CC2)c1,1,c1ccc(CCc2ccccc2OCCCN2CCN(c3ncccn3)CC2)cc1,COc1cccc(CCc2ccccc2OCCCN2CCN(c3ccccc3OC)CC2)c1,1,c1ccc(CCc2ccccc2OCCCN2CCN(c3ccccc3)CC2)cc1,0.7617299061607508,1,0.9426942188386067
COc1cccc(CCc2ccccc2OCCCN2CCN(c3ncccn3)CC2)c1,1,c1ccc(CCc2ccccc2OCCCN2CCN(c3ncccn3)CC2)cc1,COc1cccc(CCc2ccccc2OCCCN2CCN(c3ccc(F)cc3)CC2)c1,1,c1ccc(CCc2ccccc2OCCCN2CCN(c3ccccc3)CC2)cc1,0.7285250631085467,1,0.961642307473911
COc1cc2c(cc1OC)CN(CCc1ccc(NC(=O)c3ccccc3NC(=O)c3cccc4ccccc34)cc1)CC2,1,O=C(Nc1ccc(CCN2CCc3ccccc3C2)cc1)c1ccccc1NC(=O)c1cccc2ccccc12,COc1cc2c(cc1OC)CN(CCc1ccc(NC(=O)c3cccc4ccccc34)cc1)CC2,1,O=C(Nc1ccc(CCN2CCc3ccccc3C2)cc1)c1cccc2ccccc12,0.9244262295081969,1,0.9998994519663512
COc1cc2c(cc1OC)CN(CCc1ccc(NC(=O)c3ccccc3NC(=O)c3cccc4ccccc34)cc1)CC2,1,O=C(Nc1ccc(CCN2CCc3ccccc3C2)cc1)c1ccccc1NC(=O)c1cccc2ccccc12,COc1cc2c(cc1OC)CN(CCc1ccc(NC(=O)c3ccccc3NC(=O)c3ccccc3)cc1)CC2,1,O=C(Nc1ccccc1C(=O)Nc1ccc(CCN2CCc3ccccc3C2)cc1)c1ccccc1,0.8131559497413157,1,0.999646542927837
COc1cc2c(cc1OC)CN(CCc1ccc(NC(=O)c3ccccc3NC(=O)c3cccc4ccccc34)cc1)CC2,1,O=C(Nc1ccc(CCN2CCc3ccccc3C2)cc1)c1ccccc1NC(=O)c1cccc2ccccc12,COc1cccc(C(=O)Nc2ccccc2C(=O)Nc2ccc(CCN3CCc4cc(OC)c(OC)cc4C3)cc2)c1,1,O=C(Nc1ccccc1C(=O)Nc1ccc(CCN2CCc3ccccc3C2)cc1)c1ccccc1,0.783809523809524,1,0.9991096067495607
COc1cc2c(cc1OC)CN(CCc1ccc(NC(=O)c3ccccc3NC(=O)c3cccc4ccccc34)cc1)CC2,1,O=C(Nc1ccc(CCN2CCc3ccccc3C2)cc1)c1ccccc1NC(=O)c1cccc2ccccc12,COc1cc2c(cc1OC)CN(CCc1ccc(NC(=O)c3ccccc3NC(=O)c3ccc(C)cc3)cc1)CC2,1,O=C(Nc1ccccc1C(=O)Nc1ccc(CCN2CCc3ccccc3C2)cc1)c1ccccc1,0.777283451297607,1,0.9998306402975957
Cn1c(=O)c2c(ncn2C)n(C)c1=O,0,O=c1[nH]c(=O)c2[nH]cnc2[nH]1,CC(=O)CCCCn1c(=O)c2c(ncn2C)n(C)c1=O,1,O=c1[nH]c(=O)c2[nH]cnc2[nH]1,0.5565410199556542,0,0.05361732323816487
Cn1c(=O)c2c(ncn2C)n(C)c1=O,0,O=c1[nH]c(=O)c2[nH]cnc2[nH]1,Cn1c2nc(Cl)nc-2c(O)n(C)c1=O,1,O=c1[nH]cc2ncnc-2[nH]1,0.24310776942355888,0,0.028286463280566162
Cn1c(=O)c2c(ncn2C)n(C)c1=O,0,O=c1[nH]c(=O)c2[nH]cnc2[nH]1,CN1CCN(CCCCn2c3ccccc3c(=O)c3ccccc32)CC1,1,O=c1c2ccccc2n(CCCCN2CCNCC2)c2ccccc12,0.14162210338680928,0,0.12566432070401565
Cn1c(=O)c2c(ncn2C)n(C)c1=O,0,O=c1[nH]c(=O)c2[nH]cnc2[nH]1,CN1CCN(CCCn2c3ccccc3c(=O)c3ccccc32)CC1,1,O=c1c2ccccc2n(CCCN2CCNCC2)c2ccccc12,0.14162210338680928,0,0.08376030518575439
CC(=O)CCCCn1c(=O)c2c(ncn2C)n(C)c1=O,1,O=c1[nH]c(=O)c2[nH]cnc2[nH]1,CN1CCN(CCCCn2c3ccccc3c(=O)c3ccccc32)CC1,1,O=c1c2ccccc2n(CCCCN2CCNCC2)c2ccccc12,0.2067118644067797,0,0.39742306651175335
CC(=O)CCCCn1c(=O)c2c(ncn2C)n(C)c1=O,1,O=c1[nH]c(=O)c2[nH]cnc2[nH]1,CCCCCCn1c(-c2ccc(C(=O)O)cc2)nc(-c2ccc(N(C)C)cc2)c1-c1ccc(N(C)C)cc1,1,c1ccc(-c2nc(-c3ccccc3)c(-c3ccccc3)[nH]2)cc1,0.202574065080136,1,0.8037553286165362
CC(=O)CCCCn1c(=O)c2c(ncn2C)n(C)c1=O,1,O=c1[nH]c(=O)c2[nH]cnc2[nH]1,O=c1c2ccccc2n(CCCCN2CCN(CCO)CC2)c2ccccc12,1,O=c1c2ccccc2n(CCCCN2CCNCC2)c2ccccc12,0.20150943396226417,1,0.6345918522711191
CC(=O)CCCCn1c(=O)c2c(ncn2C)n(C)c1=O,1,O=c1[nH]c(=O)c2[nH]cnc2[nH]1,COc1cccc2c(=O)c3ccccc3n(CCCCN3CCN(CCO)CC3)c12,1,O=c1c2ccccc2n(CCCCN2CCNCC2)c2ccccc12,0.20067796610169494,1,0.8215250009921924
Cn1c(=O)c2[nH]cnc2n(C)c1=O,0,O=c1[nH]c(=O)c2[nH]cnc2[nH]1,CC(=O)CCCCn1c(=O)c2c(ncn2C)n(C)c1=O,1,O=c1[nH]c(=O)c2[nH]cnc2[nH]1,0.2844651162790698,0,0.046987930506459885
Cn1c(=O)c2[nH]cnc2n(C)c1=O,0,O=c1[nH]c(=O)c2[nH]cnc2[nH]1,Cn1c2nc(Cl)nc-2c(O)n(C)c1=O,1,O=c1[nH]cc2ncnc-2[nH]1,0.24245676803816338,0,0.026410141107293617
Cn1c(=O)c2[nH]cnc2n(C)c1=O,0,O=c1[nH]c(=O)c2[nH]cnc2[nH]1,CN1CCN(CCCCn2c3ccccc3c(=O)c3ccccc32)CC1,1,O=c1c2ccccc2n(CCCCN2CCNCC2)c2ccccc12,0.13322422258592473,0,0.08657109232235043
Cn1c(=O)c2[nH]cnc2n(C)c1=O,0,O=c1[nH]c(=O)c2[nH]cnc2[nH]1,CN1CCN(CCCn2c3ccccc3c(=O)c3ccccc32)CC1,1,O=c1c2ccccc2n(CCCN2CCNCC2)c2ccccc12,0.13322422258592473,0,0.04448801764290162
CN1C(=O)CCS(=O)(=O)[C@H]1c1ccc(Cl)cc1,0,O=C1CCS(=O)(=O)C(c2ccccc2)N1,CC[C@H](C)c1ccc([C@@H]2Nc3ccccc3C(=O)N2c2ccc(Cl)cc2)cc1,1,O=C1c2ccccc2NC(c2ccccc2)N1c1ccccc1,0.26852497096399536,0,0.052562658299376876
CN1C(=O)CCS(=O)(=O)[C@H]1c1ccc(Cl)cc1,0,O=C1CCS(=O)(=O)C(c2ccccc2)N1,CN1CCCN([C@@H](c2ccccc2)c2ccc(Cl)cc2)CC1,1,c1ccc(C(c2ccccc2)N2CCCNCC2)cc1,0.2578947368421053,0,0.0023729701135394984
CN1C(=O)CCS(=O)(=O)[C@H]1c1ccc(Cl)cc1,0,O=C1CCS(=O)(=O)C(c2ccccc2)N1,CN1CCC[C@H]1CCO[C@](C)(c1ccccc1)c1ccc(Cl)cc1,1,c1ccc(C(OCCC2CCCN2)c2ccccc2)cc1,0.2337984496124031,0,0.0030823845079729407
CN1C(=O)CCS(=O)(=O)[C@H]1c1ccc(Cl)cc1,0,O=C1CCS(=O)(=O)C(c2ccccc2)N1,CN(C)C(=O)C(CCN1CCC(O)(c2ccc(Cl)cc2)CC1)(c1ccccc1)c1ccccc1,1,c1ccc(C2CCN(CCC(c3ccccc3)c3ccccc3)CC2)cc1,0.23199436222692038,0,0.01758795525013847
CCn1cc(C(=O)O)c(=O)c2cc(F)c(N3CCN[C@H](C)C3)c(F)c21,0,O=c1cc[nH]c2cc(N3CCNCC3)ccc12,COc1cccc2c(=O)c3ccccc3n(CCCN3CCOCC3)c12,1,O=c1c2ccccc2n(CCCN2CCOCC2)c2ccccc12,0.1784180199057098,0,0.0073177697331817376
CCn1cc(C(=O)O)c(=O)c2cc(F)c(N3CCN[C@H](C)C3)c(F)c21,0,O=c1cc[nH]c2cc(N3CCNCC3)ccc12,O=c1c2ccccc2n(CCCN2CCOCC2)c2ccccc12,1,O=c1c2ccccc2n(CCCN2CCOCC2)c2ccccc12,0.17595129375951293,0,0.01032555069182388
CCn1cc(C(=O)O)c(=O)c2cc(F)c(N3CCN[C@H](C)C3)c(F)c21,0,O=c1cc[nH]c2cc(N3CCNCC3)ccc12,CCNC(=O)c1c2n(c3c(N4CCN(CCc5ccc(F)c(F)c5)CC4)ncnc13)CCCC2,1,c1ccc(CCN2CCN(c3ncnc4cc5n(c34)CCCC5)CC2)cc1,0.17508990649724288,0,0.1424620289795608
CCn1cc(C(=O)O)c(=O)c2cc(F)c(N3CCN[C@H](C)C3)c(F)c21,0,O=c1cc[nH]c2cc(N3CCNCC3)ccc12,CN1CCN(CCCn2c3ccccc3c(=O)c3ccccc32)CC1,1,O=c1c2ccccc2n(CCCN2CCNCC2)c2ccccc12,0.1746031746031746,0,0.007586785663683277
CCn1cc(C(=O)O)c(=O)c2cc(F)c(N3CCNCC3)cc21,0,O=c1cc[nH]c2cc(N3CCNCC3)ccc12,CN1CCN(CCCn2c3ccccc3c(=O)c3ccccc32)CC1,1,O=c1c2ccccc2n(CCCN2CCNCC2)c2ccccc12,0.20503338469440166,0,0.002492809843903253
CCn1cc(C(=O)O)c(=O)c2cc(F)c(N3CCNCC3)cc21,0,O=c1cc[nH]c2cc(N3CCNCC3)ccc12,O=c1c2ccccc2n(CCCN2CCN(CCO)CC2)c2ccccc12,1,O=c1c2ccccc2n(CCCN2CCNCC2)c2ccccc12,0.2003851709195956,0,0.00586710571523329
CCn1cc(C(=O)O)c(=O)c2cc(F)c(N3CCNCC3)cc21,0,O=c1cc[nH]c2cc(N3CCNCC3)ccc12,O=c1c2ccccc2n(CCCN2CCCCC2)c2ccccc12,1,O=c1c2ccccc2n(CCCN2CCCCC2)c2ccccc12,0.193730407523511,0,0.006481388307075663
CCn1cc(C(=O)O)c(=O)c2cc(F)c(N3CCNCC3)cc21,0,O=c1cc[nH]c2cc(N3CCNCC3)ccc12,O=c1c2ccccc2n(CCCN2CCOCC2)c2ccccc12,1,O=c1c2ccccc2n(CCCN2CCOCC2)c2ccccc12,0.19202392821535397,0,0.0039014452364928985
CN1CCN(c2c(F)cc3c(=O)c(C(=O)O)cn(CCF)c3c2F)CC1,0,O=c1cc[nH]c2cc(N3CCNCC3)ccc12,CN1CCN(CCCCn2c3ccccc3c(=O)c3ccccc32)CC1,1,O=c1c2ccccc2n(CCCCN2CCNCC2)c2ccccc12,0.2650723025583982,0,0.0046051186589326455
CN1CCN(c2c(F)cc3c(=O)c(C(=O)O)cn(CCF)c3c2F)CC1,0,O=c1cc[nH]c2cc(N3CCNCC3)ccc12,CN1CCN(CCCn2c3ccccc3c(=O)c3ccccc32)CC1,1,O=c1c2ccccc2n(CCCN2CCNCC2)c2ccccc12,0.2650723025583982,0,0.004123687855409372
CN1CCN(c2c(F)cc3c(=O)c(C(=O)O)cn(CCF)c3c2F)CC1,0,O=c1cc[nH]c2cc(N3CCNCC3)ccc12,COc1cccc2c(=O)c3ccccc3n(CCCN3CCN(C)CC3)c12,1,O=c1c2ccccc2n(CCCN2CCNCC2)c2ccccc12,0.24513888888888888,0,0.001124598255047821
CN1CCN(c2c(F)cc3c(=O)c(C(=O)O)cn(CCF)c3c2F)CC1,0,O=c1cc[nH]c2cc(N3CCNCC3)ccc12,COc1cccc2c(=O)c3ccccc3n(CCCCN3CCN(C)CC3)c12,1,O=c1c2ccccc2n(CCCCN2CCNCC2)c2ccccc12,0.24513888888888888,0,0.002726978470492976
CCn1cc(C(=O)O)c(=O)c2cc(F)c(N3CCN(C)CC3)cc21,0,O=c1cc[nH]c2cc(N3CCNCC3)ccc12,CN1CCN(CCCCn2c3ccccc3c(=O)c3ccccc32)CC1,1,O=c1c2ccccc2n(CCCCN2CCNCC2)c2ccccc12,0.27190615835777127,0,0.020152072039807505
CCn1cc(C(=O)O)c(=O)c2cc(F)c(N3CCN(C)CC3)cc21,0,O=c1cc[nH]c2cc(N3CCNCC3)ccc12,CN1CCN(CCCn2c3ccccc3c(=O)c3ccccc32)CC1,1,O=c1c2ccccc2n(CCCN2CCNCC2)c2ccccc12,0.27190615835777127,0,0.014833029028071628
CCn1cc(C(=O)O)c(=O)c2cc(F)c(N3CCN(C)CC3)cc21,0,O=c1cc[nH]c2cc(N3CCNCC3)ccc12,COc1cccc2c(=O)c3ccccc3n(CCCN3CCN(C)CC3)c12,1,O=c1c2ccccc2n(CCCN2CCNCC2)c2ccccc12,0.23763754772063778,0,0.005010176992393193
CCn1cc(C(=O)O)c(=O)c2cc(F)c(N3CCN(C)CC3)cc21,0,O=c1cc[nH]c2cc(N3CCNCC3)ccc12,COc1cccc2c(=O)c3ccccc3n(CCCCN3CCN(C)CC3)c12,1,O=c1c2ccccc2n(CCCCN2CCNCC2)c2ccccc12,0.23763754772063778,0,0.011811571766502852
COc1ccc2c(c1)OC[C@H]1[C@@H]2C2=C(OC1(C)C)C1=C(C(=O)C2=O)[C@H]2c3ccc(OC)cc3OC[C@H]2C(C)(C)O1,1,O=C1C(=O)C2=C(OCC3COc4ccccc4C23)C2=C1C1c3ccccc3OCC1CO2,COc1ccc2c(c1OC)C(=O)O[C@@H]2[C@H]1c2c(cc3c(c2OC)OCO3)CCN1C,1,O=C1OC(C2NCCc3cc4c(cc32)OCO4)c2ccccc21,0.22561403508771932,1,0.9753205206895545
COc1ccc2c(c1)OC[C@H]1[C@@H]2C2=C(OC1(C)C)C1=C(C(=O)C2=O)[C@H]2c3ccc(OC)cc3OC[C@H]2C(C)(C)O1,1,O=C1C(=O)C2=C(OCC3COc4ccccc4C23)C2=C1C1c3ccccc3OCC1CO2,COc1ccc2c(c1)CN(C(=O)CCN1CCC(Cc3ccccc3)CC1)CCS2,1,O=C(CCN1CCC(Cc2ccccc2)CC1)N1CCSc2ccccc2C1,0.21904761904761905,1,0.9476606539809644
COc1ccc2c(c1)OC[C@H]1[C@@H]2C2=C(OC1(C)C)C1=C(C(=O)C2=O)[C@H]2c3ccc(OC)cc3OC[C@H]2C(C)(C)O1,1,O=C1C(=O)C2=C(OCC3COc4ccccc4C23)C2=C1C1c3ccccc3OCC1CO2,COc1ccc2c(c1OC)C(=O)O[C@@H]2[C@H]1c2cc3c(cc2CCN1C)OCO3,1,O=C1OC(C2NCCc3cc4c(cc32)OCO4)c2ccccc21,0.21872863978127136,1,0.8934900581283681
COc1ccc2c(c1)OC[C@H]1[C@@H]2C2=C(OC1(C)C)C1=C(C(=O)C2=O)[C@H]2c3ccc(OC)cc3OC[C@H]2C(C)(C)O1,1,O=C1C(=O)C2=C(OCC3COc4ccccc4C23)C2=C1C1c3ccccc3OCC1CO2,COc1ccc(COc2ccccc2CCc2cccc(OC)c2)cc1,1,c1ccc(CCc2ccccc2OCc2ccccc2)cc1,0.21712864250177685,1,0.991328129852962
C[C@@H](NCCC(c1ccccc1)c1ccccc1)c1ccccc1,1,c1ccc(CNCCC(c2ccccc2)c2ccccc2)cc1,CC(=O)c1ccc(OC[C@@H](O)CNCCC(c2ccccc2)c2ccccc2)cc1,1,c1ccc(OCCCNCCC(c2ccccc2)c2ccccc2)cc1,0.36403750689464975,1,0.6564187357471647
C[C@@H](NCCC(c1ccccc1)c1ccccc1)c1ccccc1,1,c1ccc(CNCCC(c2ccccc2)c2ccccc2)cc1,CNCC[C@@H](Oc1ccc(C(F)(F)F)cc1)c1ccccc1,1,c1ccc(COc2ccccc2)cc1,0.3261261261261261,1,0.9656922659937401
C[C@@H](NCCC(c1ccccc1)c1ccccc1)c1ccccc1,1,c1ccc(CNCCC(c2ccccc2)c2ccccc2)cc1,O=C(CCc1ccccc1)c1ccc(OC[C@@H](O)CNCCC(c2ccccc2)c2ccccc2)cc1,1,O=C(CCc1ccccc1)c1ccc(OCCCNCCC(c2ccccc2)c2ccccc2)cc1,0.3058980044345898,1,0.7271503998979719
C[C@@H](NCCC(c1ccccc1)c1ccccc1)c1ccccc1,1,c1ccc(CNCCC(c2ccccc2)c2ccccc2)cc1,O=C(CCc1ccccc1)c1cccc(OC[C@H](O)CNCCC(c2ccccc2)c2ccccc2)c1,1,O=C(CCc1ccccc1)c1cccc(OCCCNCCC(c2ccccc2)c2ccccc2)c1,0.29211822660098524,1,0.7900868962125591
C=C1C=C[C@@]2(C)C(=C1)CC[C@H]1[C@@H]3C[C@@H](C)[C@](O)(C(=O)CO)[C@@]3(C)C[C@H](O)C12F,0,C=C1C=CC2C(=C1)CCC1C3CCCC3CCC21,C[C@H]1C[C@@H]2[C@H]3CCC4=CC(=O)C=C[C@@]4(C)[C@]3(Cl)[C@@H](O)C[C@@]2(C)[C@@]1(OC(=O)c1ccco1)C(=O)CCl,1,O=C1C=CC2C(=C1)CCC1C2CCC2C(OC(=O)c3ccco3)CCC21,0.3879365079365079,0,0.002968200920207942
C=C1C=C[C@@]2(C)C(=C1)CC[C@H]1[C@@H]3C[C@@H](C)[C@](O)(C(=O)CO)[C@@]3(C)C[C@H](O)C12F,0,C=C1C=CC2C(=C1)CCC1C3CCCC3CCC21,C[C@]12CC(=O)[C@@H]3[C@@H](CCC4=CC(=O)CC[C@H]43)[C@H]1CC[C@@]2(O)C(=O)CO,1,O=C1C=C2CCC3C4CCCC4CC(=O)C3C2CC1,0.28750000000000003,0,0.05709145118548347
C=C1C=C[C@@]2(C)C(=C1)CC[C@H]1[C@@H]3C[C@@H](C)[C@](O)(C(=O)CO)[C@@]3(C)C[C@H](O)C12F,0,C=C1C=CC2C(=C1)CCC1C3CCCC3CCC21,C[C@@]12CC[C@@H]3C(CCC4=CC(=O)CC[C@]43C)[C@H]1CC[C@H]2O,1,O=C1C=C2CCC3C4CCCC4CCC3C2CC1,0.2466993998908893,0,0.07772685922798353
C=C1C=C[C@@]2(C)C(=C1)CC[C@H]1[C@@H]3C[C@@H](C)[C@](O)(C(=O)CO)[C@@]3(C)C[C@H](O)C12F,0,C=C1C=CC2C(=C1)CCC1C3CCCC3CCC21,CC#C[C@@]1(O)CC[C@@H]2[C@H]3CCC4=CC(=O)CCC4=C3[C@@H](c3ccc(N(C)C)cc3)C[C@]21C,1,O=C1C=C2CCC3C(=C2CC1)C(c1ccccc1)CC1CCCC13,0.2123015873015873,0,0.01924063542537986
C=C1C=C[C@@]2(C)C(=C1)CC[C@H]1[C@@H]3C[C@H](C)[C@](O)(C(=O)CO)[C@@]3(C)C[C@H](O)C12F,0,C=C1C=CC2C(=C1)CCC1C3CCCC3CCC21,C[C@H]1C[C@@H]2[C@H]3CCC4=CC(=O)C=C[C@@]4(C)[C@]3(Cl)[C@@H](O)C[C@@]2(C)[C@@]1(OC(=O)c1ccco1)C(=O)CCl,1,O=C1C=CC2C(=C1)CCC1C2CCC2C(OC(=O)c3ccco3)CCC21,0.3879365079365079,0,0.002968200920207942
C=C1C=C[C@@]2(C)C(=C1)CC[C@H]1[C@@H]3C[C@H](C)[C@](O)(C(=O)CO)[C@@]3(C)C[C@H](O)C12F,0,C=C1C=CC2C(=C1)CCC1C3CCCC3CCC21,C[C@]12CC(=O)[C@@H]3[C@@H](CCC4=CC(=O)CC[C@H]43)[C@H]1CC[C@@]2(O)C(=O)CO,1,O=C1C=C2CCC3C4CCCC4CC(=O)C3C2CC1,0.28750000000000003,0,0.05709145118548347
C=C1C=C[C@@]2(C)C(=C1)CC[C@H]1[C@@H]3C[C@H](C)[C@](O)(C(=O)CO)[C@@]3(C)C[C@H](O)C12F,0,C=C1C=CC2C(=C1)CCC1C3CCCC3CCC21,C[C@@]12CC[C@@H]3C(CCC4=CC(=O)CC[C@]43C)[C@H]1CC[C@H]2O,1,O=C1C=C2CCC3C4CCCC4CCC3C2CC1,0.2466993998908893,0,0.07772685922798353
C=C1C=C[C@@]2(C)C(=C1)CC[C@H]1[C@@H]3C[C@H](C)[C@](O)(C(=O)CO)[C@@]3(C)C[C@H](O)C12F,0,C=C1C=CC2C(=C1)CCC1C3CCCC3CCC21,CC#C[C@@]1(O)CC[C@@H]2[C@H]3CCC4=CC(=O)CCC4=C3[C@@H](c3ccc(N(C)C)cc3)C[C@]21C,1,O=C1C=C2CCC3C(=C2CC1)C(c1ccccc1)CC1CCCC13,0.2123015873015873,0,0.01924063542537986
CC1(C)O[C@@H]2C[C@@H]3[C@H]4CCC5=CC(=O)CC[C@@]5(C)[C@@]4(F)[C@@H](O)C[C@@]3(C)[C@]2(C(=O)CCl)O1,0,O=C1C=C2CCC3C(CCC4C3CC3OCOC34)C2CC1,C[C@H]1C[C@@H]2[C@H]3CCC4=CC(=O)C=C[C@@]4(C)[C@]3(Cl)[C@@H](O)C[C@@]2(C)[C@@]1(OC(=O)c1ccco1)C(=O)CCl,1,O=C1C=CC2C(=C1)CCC1C2CCC2C(OC(=O)c3ccco3)CCC21,0.36354166666666665,0,0.012587019315118027
CC1(C)O[C@@H]2C[C@@H]3[C@H]4CCC5=CC(=O)CC[C@@]5(C)[C@@]4(F)[C@@H](O)C[C@@]3(C)[C@]2(C(=O)CCl)O1,0,O=C1C=C2CCC3C(CCC4C3CC3OCOC34)C2CC1,C[C@@]12CC[C@@H]3C(CCC4=CC(=O)CC[C@]43C)[C@H]1CC[C@H]2O,1,O=C1C=C2CCC3C4CCCC4CCC3C2CC1,0.32960526315789473,0,0.07184253313105114
CC1(C)O[C@@H]2C[C@@H]3[C@H]4CCC5=CC(=O)CC[C@@]5(C)[C@@]4(F)[C@@H](O)C[C@@]3(C)[C@]2(C(=O)CCl)O1,0,O=C1C=C2CCC3C(CCC4C3CC3OCOC34)C2CC1,C[C@]12CC(=O)[C@@H]3[C@@H](CCC4=CC(=O)CC[C@H]43)[C@H]1CC[C@@]2(O)C(=O)CO,1,O=C1C=C2CCC3C4CCCC4CC(=O)C3C2CC1,0.26,0,0.05972465227162963
CC1(C)O[C@@H]2C[C@@H]3[C@H]4CCC5=CC(=O)CC[C@@]5(C)[C@@]4(F)[C@@H](O)C[C@@]3(C)[C@]2(C(=O)CCl)O1,0,O=C1C=C2CCC3C(CCC4C3CC3OCOC34)C2CC1,CC(=O)[C@@H]1CC[C@@H]2[C@@H]3[C@H](Sc4ccc(NC(=O)NCCCl)cc4)CC4=CC(=O)CC[C@]4(C)[C@H]3CC[C@@]21C,1,O=C1C=C2CC(Sc3ccccc3)C3C4CCCC4CCC3C2CC1,0.25593946316390637,0,0.11065716135000833
COc1ccc(CCN(C)CCCN2C(=O)[C@H]3C4c5ccccc5C(c5ccccc54)[C@@H]3C2=O)cc1OC,1,O=C1C2C3c4ccccc4C(c4ccccc43)C2C(=O)N1CCCNCCc1ccccc1,COc1ccc(CCN(C)CCC[C@@](C#N)(c2ccc(OC)c(OC)c2)C(C)C)cc1OC,1,c1ccc(CCCCNCCc2ccccc2)cc1,0.45757575757575764,1,0.9984528347904824
COc1ccc(CCN(C)CCCN2C(=O)[C@H]3C4c5ccccc5C(c5ccccc54)[C@@H]3C2=O)cc1OC,1,O=C1C2C3c4ccccc4C(c4ccccc43)C2C(=O)N1CCCNCCc1ccccc1,COc1ccc(CCN(C)CCC[C@@](C#N)(c2cc(OC)c(OC)c(OC)c2)C(C)C)cc1OC,1,c1ccc(CCCCNCCc2ccccc2)cc1,0.4401932367149759,1,0.9973759785836711
COc1ccc(CCN(C)CCCN2C(=O)[C@H]3C4c5ccccc5C(c5ccccc54)[C@@H]3C2=O)cc1OC,1,O=C1C2C3c4ccccc4C(c4ccccc43)C2C(=O)N1CCCNCCc1ccccc1,COc1cc([C@](C#N)(CCCN(C)CCc2ccc(OC)c(OC)c2)C(C)C)ccc1O,1,c1ccc(CCCCNCCc2ccccc2)cc1,0.4151111111111111,1,0.9974046960147356
COc1ccc(CCN(C)CCCN2C(=O)[C@H]3C4c5ccccc5C(c5ccccc54)[C@@H]3C2=O)cc1OC,1,O=C1C2C3c4ccccc4C(c4ccccc43)C2C(=O)N1CCCNCCc1ccccc1,COc1ccc(CCN(C)CCc2ccc(NC(=O)c3ccccc3NC(=O)c3cnc4ccccc4c3)cc2)cc1OC,1,O=C(Nc1ccccc1C(=O)Nc1ccc(CCNCCc2ccccc2)cc1)c1cnc2ccccc2c1,0.3693103448275862,1,0.985433002318461
C=CCn1c(SCCCC)nc2c(c1=O)C1(CCCC1)Cc1ccccc1-2,1,O=c1[nH]cnc2c1C1(CCCC1)Cc1ccccc1-2,CCCCCCn1c(-c2ccc(C(=O)OC)cc2)nc(-c2ccc(N(C)C)cc2)c1-c1ccc(N(C)C)cc1,1,c1ccc(-c2nc(-c3ccccc3)c(-c3ccccc3)[nH]2)cc1,0.19955792963713392,1,0.9930116933628669
C=CCn1c(SCCCC)nc2c(c1=O)C1(CCCC1)Cc1ccccc1-2,1,O=c1[nH]cnc2c1C1(CCCC1)Cc1ccccc1-2,CCCCCCn1c(-c2ccc(C(=O)O)cc2)nc(-c2ccc(N(C)C)cc2)c1-c1ccc(N(C)C)cc1,1,c1ccc(-c2nc(-c3ccccc3)c(-c3ccccc3)[nH]2)cc1,0.19883720930232557,1,0.9402010957973673
C=CCn1c(SCCCC)nc2c(c1=O)C1(CCCC1)Cc1ccccc1-2,1,O=c1[nH]cnc2c1C1(CCCC1)Cc1ccccc1-2,CN1CCN(CCCCn2c3ccccc3c(=O)c3ccccc32)CC1,1,O=c1c2ccccc2n(CCCCN2CCNCC2)c2ccccc12,0.19771689497716893,1,0.9345892808213783
C=CCn1c(SCCCC)nc2c(c1=O)C1(CCCC1)Cc1ccccc1-2,1,O=c1[nH]cnc2c1C1(CCCC1)Cc1ccccc1-2,CN1CCN(CCCn2c3ccccc3c(=O)c3ccccc32)CC1,1,O=c1c2ccccc2n(CCCN2CCNCC2)c2ccccc12,0.19771689497716893,1,0.9605701492802747
COc1ccc2c(c1OC)C(=O)O[C@@H]2[C@H]1c2cc3c(cc2CCN1C)OCO3,1,O=C1OC(C2NCCc3cc4c(cc32)OCO4)c2ccccc21,COc1ccc2c(c1OC)C(=O)O[C@@H]2[C@H]1c2c(cc3c(c2OC)OCO3)CCN1C,1,O=C1OC(C2NCCc3cc4c(cc32)OCO4)c2ccccc21,0.797948717948718,1,0.6867879061159329
COc1ccc2c(c1OC)C(=O)O[C@@H]2[C@H]1c2cc3c(cc2CCN1C)OCO3,1,O=C1OC(C2NCCc3cc4c(cc32)OCO4)c2ccccc21,COc1cc(Br)c(C[C@H]2c3cc(OC)c(OC)cc3CCN2C)cc1OC,1,c1ccc(CC2NCCc3ccccc32)cc1,0.3724046434494196,1,0.5476495236655204
COc1ccc2c(c1OC)C(=O)O[C@@H]2[C@H]1c2cc3c(cc2CCN1C)OCO3,1,O=C1OC(C2NCCc3cc4c(cc32)OCO4)c2ccccc21,COc1cc(C[C@@H]2c3cc(OC)c(OC)cc3CCN2C)c(Oc2cc3c(cc2OC)-c2c(OC)c(OC)cc4c2[C@@H](C3)N(C)CC4)cc1OC,1,c1ccc(Oc2ccc3c(c2)CC2NCCc4cccc-3c42)c(CC2NCCc3ccccc32)c1,0.3469862018881627,1,0.6250347285110689
COc1ccc2c(c1OC)C(=O)O[C@@H]2[C@H]1c2cc3c(cc2CCN1C)OCO3,1,O=C1OC(C2NCCc3cc4c(cc32)OCO4)c2ccccc21,COc1cc2c(cc1O)[C@@H]1Cc3ccc(OC)c(O)c3CN1CC2,1,c1ccc2c(c1)CC1c3ccccc3CCN1C2,0.3141369863013699,1,0.7228500921844663
COc1ccc2c(c1OC)C(=O)O[C@@H]2[C@H]1c2c(cc3c(c2OC)OCO3)CCN1C,1,O=C1OC(C2NCCc3cc4c(cc32)OCO4)c2ccccc21,COc1ccc2c(c1OC)C(=O)O[C@@H]2[C@H]1c2cc3c(cc2CCN1C)OCO3,1,O=C1OC(C2NCCc3cc4c(cc32)OCO4)c2ccccc21,0.797948717948718,1,0.8655071196527233
COc1ccc2c(c1OC)C(=O)O[C@@H]2[C@H]1c2c(cc3c(c2OC)OCO3)CCN1C,1,O=C1OC(C2NCCc3cc4c(cc32)OCO4)c2ccccc21,COc1cc(C[C@@H]2c3cc(OC)c(OC)cc3CCN2C)c(Oc2cc3c(cc2OC)-c2c(OC)c(OC)cc4c2[C@@H](C3)N(C)CC4)cc1OC,1,c1ccc(Oc2ccc3c(c2)CC2NCCc4cccc-3c42)c(CC2NCCc3ccccc32)c1,0.3401617250673855,1,0.7800412121358068
COc1ccc2c(c1OC)C(=O)O[C@@H]2[C@H]1c2c(cc3c(c2OC)OCO3)CCN1C,1,O=C1OC(C2NCCc3cc4c(cc32)OCO4)c2ccccc21,COc1cc(Br)c(C[C@H]2c3cc(OC)c(OC)cc3CCN2C)cc1OC,1,c1ccc(CC2NCCc3ccccc32)cc1,0.33380614657210406,1,0.6662407689437231
COc1ccc2c(c1OC)C(=O)O[C@@H]2[C@H]1c2c(cc3c(c2OC)OCO3)CCN1C,1,O=C1OC(C2NCCc3cc4c(cc32)OCO4)c2ccccc21,COc1c2c(cc3oc(-c4ccccc4)cc(=O)c13)OCO2,1,O=c1cc(-c2ccccc2)oc2cc3c(cc12)OCO3,0.3233918128654971,1,0.6023133888637013
Cc1c(C(=O)c2ccccc2)c(=O)n(-c2ccccc2)n1C[C@H](O)CN(C(C)C)C(C)C,1,O=C(c1ccccc1)c1c[nH]n(-c2ccccc2)c1=O,Cc1nn(-c2ccccc2)c(OC[C@@H](O)CN(C(C)C)C(C)C)c1C(=O)c1ccccc1,1,O=C(c1ccccc1)c1cnn(-c2ccccc2)c1,0.5176470588235295,1,0.9270483872857311
Cc1c(C(=O)c2ccccc2)c(=O)n(-c2ccccc2)n1C[C@H](O)CN(C(C)C)C(C)C,1,O=C(c1ccccc1)c1c[nH]n(-c2ccccc2)c1=O,Cc1c(C(=O)CCc2ccccc2)c(=O)n(-c2ccccc2)n1C[C@H](O)CNC(C)C,1,O=C(CCc1ccccc1)c1c[nH]n(-c2ccccc2)c1=O,0.5063492063492063,1,0.8018320183274456
Cc1c(C(=O)c2ccccc2)c(=O)n(-c2ccccc2)n1C[C@H](O)CN(C(C)C)C(C)C,1,O=C(c1ccccc1)c1c[nH]n(-c2ccccc2)c1=O,Cc1nn(C)c(OC[C@@H](O)CN(C(C)C)C(C)C)c1C(=O)c1ccccc1,1,O=C(c1ccccc1)c1cn[nH]c1,0.48417402269861287,1,0.9223279185859343
Cc1c(C(=O)c2ccccc2)c(=O)n(-c2ccccc2)n1C[C@H](O)CN(C(C)C)C(C)C,1,O=C(c1ccccc1)c1c[nH]n(-c2ccccc2)c1=O,Cc1c(C(=O)CCc2ccccc2)c(=O)n(-c2ccccc2)n1C[C@@H](O)CNC(C)(C)C,1,O=C(CCc1ccccc1)c1c[nH]n(-c2ccccc2)c1=O,0.4815384615384616,1,0.930636096833344
Cc1c(C(=O)c2ccccc2)c(=O)n(-c2ccccc2)n1C[C@@H](O)CNC(C)(C)C,0,O=C(c1ccccc1)c1c[nH]n(-c2ccccc2)c1=O,Cc1c(C(=O)CCc2ccccc2)c(=O)n(-c2ccccc2)n1C[C@@H](O)CNC(C)(C)C,1,O=C(CCc1ccccc1)c1c[nH]n(-c2ccccc2)c1=O,0.7357142857142858,1,0.5103685186862406
Cc1c(C(=O)c2ccccc2)c(=O)n(-c2ccccc2)n1C[C@@H](O)CNC(C)(C)C,0,O=C(c1ccccc1)c1c[nH]n(-c2ccccc2)c1=O,Cc1c(C(=O)c2ccccc2)c(=O)n(-c2ccccc2)n1C[C@H](O)CN(C(C)C)C(C)C,1,O=C(c1ccccc1)c1c[nH]n(-c2ccccc2)c1=O,0.656969696969697,1,0.6107670210419713
Cc1c(C(=O)c2ccccc2)c(=O)n(-c2ccccc2)n1C[C@@H](O)CNC(C)(C)C,0,O=C(c1ccccc1)c1c[nH]n(-c2ccccc2)c1=O,Cc1c(C(=O)CCc2ccccc2)c(=O)n(-c2ccccc2)n1C[C@H](O)CNC(C)C,1,O=C(CCc1ccccc1)c1c[nH]n(-c2ccccc2)c1=O,0.5681214421252372,0,0.3862372671094488
Cc1c(C(=O)c2ccccc2)c(=O)n(-c2ccccc2)n1C[C@@H](O)CNC(C)(C)C,0,O=C(c1ccccc1)c1c[nH]n(-c2ccccc2)c1=O,CCCNC[C@H](O)Cn1c(C)c(C(=O)CCc2ccccc2)c(=O)n1-c1ccccc1,1,O=C(CCc1ccccc1)c1c[nH]n(-c2ccccc2)c1=O,0.5544117647058824,0,0.4207657189337268
Cc1c(C(=O)c2ccccc2)c(=O)n(-c2ccccc2)n1C[C@@H](O)CNC(C)C,0,O=C(c1ccccc1)c1c[nH]n(-c2ccccc2)c1=O,Cc1c(C(=O)CCc2ccccc2)c(=O)n(-c2ccccc2)n1C[C@H](O)CNC(C)C,1,O=C(CCc1ccccc1)c1c[nH]n(-c2ccccc2)c1=O,0.7318181818181819,0,0.27652248611864055
Cc1c(C(=O)c2ccccc2)c(=O)n(-c2ccccc2)n1C[C@@H](O)CNC(C)C,0,O=C(c1ccccc1)c1c[nH]n(-c2ccccc2)c1=O,Cc1c(C(=O)c2ccccc2)c(=O)n(-c2ccccc2)n1C[C@H](O)CN(C(C)C)C(C)C,1,O=C(c1ccccc1)c1c[nH]n(-c2ccccc2)c1=O,0.6918238993710691,1,0.5397048254721494
Cc1c(C(=O)c2ccccc2)c(=O)n(-c2ccccc2)n1C[C@@H](O)CNC(C)C,0,O=C(c1ccccc1)c1c[nH]n(-c2ccccc2)c1=O,Cc1c(C(=O)CCc2ccccc2)c(=O)n(-c2ccccc2)n1C[C@@H](O)CNC(C)(C)C,1,O=C(CCc1ccccc1)c1c[nH]n(-c2ccccc2)c1=O,0.5681214421252372,0,0.3628360919401815
Cc1c(C(=O)c2ccccc2)c(=O)n(-c2ccccc2)n1C[C@@H](O)CNC(C)C,0,O=C(c1ccccc1)c1c[nH]n(-c2ccccc2)c1=O,CCCNC[C@H](O)Cn1c(C)c(C(=O)CCc2ccccc2)c(=O)n1-c1ccccc1,1,O=C(CCc1ccccc1)c1c[nH]n(-c2ccccc2)c1=O,0.5611577964519141,0,0.3537953734444309
O=C1C=CC(=O)c2c1ccc1c2ccc2ccccc21,0,O=C1C=CC(=O)c2c1ccc1c2ccc2ccccc21,O=C(CCc1cccc2ccccc12)c1ccccc1OC[C@@H](O)CNCCC(c1ccccc1)c1ccccc1,1,O=C(CCc1cccc2ccccc12)c1ccccc1OCCCNCCC(c1ccccc1)c1ccccc1,0.1956521739130435,0,0.0006352828783781038
O=C1C=CC(=O)c2c1ccc1c2ccc2ccccc21,0,O=C1C=CC(=O)c2c1ccc1c2ccc2ccccc21,O=C(CCc1cccc2ccccc12)c1ccccc1OC[C@H](O)CNCCC(c1ccccc1)c1ccccc1,1,O=C(CCc1cccc2ccccc12)c1ccccc1OCCCNCCC(c1ccccc1)c1ccccc1,0.1956521739130435,0,0.0006352828783781038
O=C1C=CC(=O)c2c1ccc1c2ccc2ccccc21,0,O=C1C=CC(=O)c2c1ccc1c2ccc2ccccc21,O=C(Cc1cccc2ccccc12)c1ccccc1OC[C@@H](O)CN1CCC(O)(c2ccccc2)CC1,1,O=C(Cc1cccc2ccccc12)c1ccccc1OCCCN1CCC(c2ccccc2)CC1,0.1929890453834116,0,0.06253270090983985
O=C1C=CC(=O)c2c1ccc1c2ccc2ccccc21,0,O=C1C=CC(=O)c2c1ccc1c2ccc2ccccc21,Clc1ccccc1-c1nc(N2CCCC2)c2ccccc2n1,1,c1ccc(-c2nc(N3CCCC3)c3ccccc3n2)cc1,0.19105545617173525,0,0.010849533368130658
c1ccc(Nc2ccc3ccccc3c2)cc1,0,c1ccc(Nc2ccc3ccccc3c2)cc1,COc1cc2c(cc1OC)CN(CCc1ccc(NC(=O)c3ccc4ccccc4c3)cc1)CC2,1,O=C(Nc1ccc(CCN2CCc3ccccc3C2)cc1)c1ccc2ccccc2c1,0.20731182795698927,0,0.02344903836264344
c1ccc(Nc2ccc3ccccc3c2)cc1,0,c1ccc(Nc2ccc3ccccc3c2)cc1,C[C@@H](NCCC(c1ccccc1)c1ccccc1)c1ccccc1,1,c1ccc(CNCCC(c2ccccc2)c2ccccc2)cc1,0.1749546279491833,0,0.0027867167539530327
c1ccc(Nc2ccc3ccccc3c2)cc1,0,c1ccc(Nc2ccc3ccccc3c2)cc1,COc1cc(COc2ccccc2CCc2ccccc2)cc(OC)c1,1,c1ccc(CCc2ccccc2OCc2ccccc2)cc1,0.1741687979539642,0,0.0014026259766194672
c1ccc(Nc2ccc3ccccc3c2)cc1,0,c1ccc(Nc2ccc3ccccc3c2)cc1,COc1cccc(CCc2ccccc2NCc2cccc(OC)c2)c1,1,c1ccc(CCc2ccccc2NCc2ccccc2)cc1,0.16862745098039217,0,0.010714560267180212
CCCc1cc(=O)[nH]c(=S)[nH]1,0,O=c1cc[nH]c(=S)[nH]1,CCCc1ccc(C(=O)Nc2ccccc2C(=O)NCCN2CCc3cc(OC)c(OC)cc3C2)cc1,1,O=C(Nc1ccccc1C(=O)NCCN1CCc2ccccc2C1)c1ccccc1,0.15463320463320465,0,0.00038360214170359035
CCCc1cc(=O)[nH]c(=S)[nH]1,0,O=c1cc[nH]c(=S)[nH]1,CCN(CC)C[C@@H](O)COc1ccccc1C(=O)CCc1ccccc1,1,O=C(CCc1ccccc1)c1ccccc1,0.1531782945736434,0,0.00021210840479862466
CCCc1cc(=O)[nH]c(=S)[nH]1,0,O=c1cc[nH]c(=S)[nH]1,CCN(CC)C[C@H](O)COc1ccccc1C(=O)CCc1ccccc1,1,O=C(CCc1ccccc1)c1ccccc1,0.1531782945736434,0,0.00021210840479862466
CCCc1cc(=O)[nH]c(=S)[nH]1,0,O=c1cc[nH]c(=S)[nH]1,CCCN(CCC)C[C@@H](O)COc1ccc(O)cc1C(=O)CCc1ccccc1,1,O=C(CCc1ccccc1)c1ccccc1,0.1507692307692308,0,0.0007775969681342237
CC(C)COC[C@H](CN(Cc1ccccc1)c1ccccc1)N1CCCC1,1,c1ccc(CN(CCN2CCCC2)c2ccccc2)cc1,c1ccc(CN(CC2=NCCN2)c2ccccc2)cc1,1,c1ccc(CN(CC2=NCCN2)c2ccccc2)cc1,0.3838827838827839,1,0.9040941595898597
CC(C)COC[C@H](CN(Cc1ccccc1)c1ccccc1)N1CCCC1,1,c1ccc(CN(CCN2CCCC2)c2ccccc2)cc1,CC(C)O[C@@H](CCc1ccccc1)c1ccccc1OC[C@@H](O)CN1CCCCC1,1,c1ccc(CCCc2ccccc2OCCCN2CCCCC2)cc1,0.2863736263736264,1,0.931730600733013
CC(C)COC[C@H](CN(Cc1ccccc1)c1ccccc1)N1CCCC1,1,c1ccc(CN(CCN2CCCC2)c2ccccc2)cc1,CO[C@H](CCc1ccccc1)c1ccccc1OC[C@H](O)CN1CCCCC1,1,c1ccc(CCCc2ccccc2OCCCN2CCCCC2)cc1,0.2753623188405797,1,0.9424466660876318
CC(C)COC[C@H](CN(Cc1ccccc1)c1ccccc1)N1CCCC1,1,c1ccc(CN(CCN2CCCC2)c2ccccc2)cc1,CO[C@@H](CCc1ccccc1)c1ccccc1OC[C@H](O)CN1CCCCC1,1,c1ccc(CCCc2ccccc2OCCCN2CCCCC2)cc1,0.2753623188405797,1,0.9424466660876318
O=C(CCc1ccccc1)c1cc(Oc2ccccc2)ccc1OC[C@@H](O)CN1CCCCC1,1,O=C(CCc1ccccc1)c1cc(Oc2ccccc2)ccc1OCCCN1CCCCC1,O=C(CCc1ccccc1)c1ccccc1OC[C@H](O)CN1CCCCC1,1,O=C(CCc1ccccc1)c1ccccc1OCCCN1CCCCC1,0.7789473684210527,1,0.9995033401650957
O=C(CCc1ccccc1)c1cc(Oc2ccccc2)ccc1OC[C@@H](O)CN1CCCCC1,1,O=C(CCc1ccccc1)c1cc(Oc2ccccc2)ccc1OCCCN1CCCCC1,O=C(CCc1ccccc1)c1cc(O)ccc1OC[C@@H](O)CN1CCCCC1,1,O=C(CCc1ccccc1)c1ccccc1OCCCN1CCCCC1,0.7788291900561347,1,0.9989306229767407
O=C(CCc1ccccc1)c1cc(Oc2ccccc2)ccc1OC[C@@H](O)CN1CCCCC1,1,O=C(CCc1ccccc1)c1cc(Oc2ccccc2)ccc1OCCCN1CCCCC1,O=C(CCc1ccccc1)c1ccccc1OC[C@H](O)CN1CCCC1,1,O=C(CCc1ccccc1)c1ccccc1OCCCN1CCCC1,0.7593984962406015,1,0.9990060745057745
O=C(CCc1ccccc1)c1cc(Oc2ccccc2)ccc1OC[C@@H](O)CN1CCCCC1,1,O=C(CCc1ccccc1)c1cc(Oc2ccccc2)ccc1OCCCN1CCCCC1,O=C(CCc1ccccc1)c1cc(OCc2ccccc2)ccc1OC[C@H](O)CN1CCN(Cc2ccccc2)CC1,1,O=C(CCc1ccccc1)c1cc(OCc2ccccc2)ccc1OCCCN1CCN(Cc2ccccc2)CC1,0.692063492063492,1,0.999736123852146
N#Cc1c2n(c3c(N4CCN(CCc5ccccc5)CC4)nc(-c4ccccc4)nc13)CCCC2,1,c1ccc(CCN2CCN(c3nc(-c4ccccc4)nc4cc5n(c34)CCCC5)CC2)cc1,CC(=O)Nc1ccc(-c2nc(N3CCN(CCc4ccccc4)CC3)c3c(n2)c(C#N)c2n3CCCC2)cc1,1,c1ccc(CCN2CCN(c3nc(-c4ccccc4)nc4cc5n(c34)CCCC5)CC2)cc1,0.7890499194847022,1,0.9997401658521421
N#Cc1c2n(c3c(N4CCN(CCc5ccccc5)CC4)nc(-c4ccccc4)nc13)CCCC2,1,c1ccc(CCN2CCN(c3nc(-c4ccccc4)nc4cc5n(c34)CCCC5)CC2)cc1,N#Cc1c2n(c3c(N4CCN(CCc5ccccc5)CC4)nc(I)nc13)CCCC2,1,c1ccc(CCN2CCN(c3ncnc4cc5n(c34)CCCC5)CC2)cc1,0.7815081967213116,1,0.9999912032279078
N#Cc1c2n(c3c(N4CCN(CCc5ccccc5)CC4)nc(-c4ccccc4)nc13)CCCC2,1,c1ccc(CCN2CCN(c3nc(-c4ccccc4)nc4cc5n(c34)CCCC5)CC2)cc1,N#Cc1c2n(c3c(N4CCN(CCc5ccccc5)CC4)ncnc13)CCCC2,1,c1ccc(CCN2CCN(c3ncnc4cc5n(c34)CCCC5)CC2)cc1,0.738978494623656,1,0.999919354441158
N#Cc1c2n(c3c(N4CCN(CCc5ccccc5)CC4)nc(-c4ccccc4)nc13)CCCC2,1,c1ccc(CCN2CCN(c3nc(-c4ccccc4)nc4cc5n(c34)CCCC5)CC2)cc1,Cc1ccccc1-c1nc(N2CCN(CCc3ccc(F)c(F)c3)CC2)c2c(n1)c(C#N)c1n2CCCC1,1,c1ccc(CCN2CCN(c3nc(-c4ccccc4)nc4cc5n(c34)CCCC5)CC2)cc1,0.6920651331093306,1,0.999916738253301
CC(=O)Nc1ccc(-c2nc(N3CCN(CCc4ccccc4)CC3)c3c(n2)c(C#N)c2n3CCCC2)cc1,1,c1ccc(CCN2CCN(c3nc(-c4ccccc4)nc4cc5n(c34)CCCC5)CC2)cc1,N#Cc1c2n(c3c(N4CCN(CCc5ccccc5)CC4)nc(-c4ccccc4)nc13)CCCC2,1,c1ccc(CCN2CCN(c3nc(-c4ccccc4)nc4cc5n(c34)CCCC5)CC2)cc1,0.7890499194847022,1,0.9985488648023622
CC(=O)Nc1ccc(-c2nc(N3CCN(CCc4ccccc4)CC3)c3c(n2)c(C#N)c2n3CCCC2)cc1,1,c1ccc(CCN2CCN(c3nc(-c4ccccc4)nc4cc5n(c34)CCCC5)CC2)cc1,N#Cc1c2n(c3c(N4CCN(CCc5ccccc5)CC4)nc(I)nc13)CCCC2,1,c1ccc(CCN2CCN(c3ncnc4cc5n(c34)CCCC5)CC2)cc1,0.6455855855855857,1,0.9999797315804285
CC(=O)Nc1ccc(-c2nc(N3CCN(CCc4ccccc4)CC3)c3c(n2)c(C#N)c2n3CCCC2)cc1,1,c1ccc(CCN2CCN(c3nc(-c4ccccc4)nc4cc5n(c34)CCCC5)CC2)cc1,N#Cc1c2n(c3c(N4CCN(CCc5ccccc5)CC4)ncnc13)CCCC2,1,c1ccc(CCN2CCN(c3ncnc4cc5n(c34)CCCC5)CC2)cc1,0.6110344827586207,1,0.9996847839554276
CC(=O)Nc1ccc(-c2nc(N3CCN(CCc4ccccc4)CC3)c3c(n2)c(C#N)c2n3CCCC2)cc1,1,c1ccc(CCN2CCN(c3nc(-c4ccccc4)nc4cc5n(c34)CCCC5)CC2)cc1,Cc1ccccc1-c1nc(N2CCN(CCc3ccc(F)c(F)c3)CC2)c2c(n1)c(C#N)c1n2CCCC1,1,c1ccc(CCN2CCN(c3nc(-c4ccccc4)nc4cc5n(c34)CCCC5)CC2)cc1,0.6008590102707749,1,0.9992667470957948
Cc1ccccc1-c1nc(N2CCN(CCc3ccc(F)c(F)c3)CC2)c2c(n1)c(C#N)c1n2CCCC1,1,c1ccc(CCN2CCN(c3nc(-c4ccccc4)nc4cc5n(c34)CCCC5)CC2)cc1,N#Cc1c2n(c3c(N4CCN(CCc5ccccc5)CC4)nc(-c4ccccc4)nc13)CCCC2,1,c1ccc(CCN2CCN(c3nc(-c4ccccc4)nc4cc5n(c34)CCCC5)CC2)cc1,0.6920651331093306,1,0.9998928048698176
Cc1ccccc1-c1nc(N2CCN(CCc3ccc(F)c(F)c3)CC2)c2c(n1)c(C#N)c1n2CCCC1,1,c1ccc(CCN2CCN(c3nc(-c4ccccc4)nc4cc5n(c34)CCCC5)CC2)cc1,N#Cc1c2n(c3c(N4CCN(CCc5ccc(F)c(F)c5)CC4)ncnc13)CCCC2,1,c1ccc(CCN2CCN(c3ncnc4cc5n(c34)CCCC5)CC2)cc1,0.6878634943523192,1,0.9999864330117356
Cc1ccccc1-c1nc(N2CCN(CCc3ccc(F)c(F)c3)CC2)c2c(n1)c(C#N)c1n2CCCC1,1,c1ccc(CCN2CCN(c3nc(-c4ccccc4)nc4cc5n(c34)CCCC5)CC2)cc1,N#Cc1c2n(c3c(N4CCN(CCc5ccccc5)CC4)nc(I)nc13)CCCC2,1,c1ccc(CCN2CCN(c3ncnc4cc5n(c34)CCCC5)CC2)cc1,0.6203508771929824,1,0.9999962588548041
Cc1ccccc1-c1nc(N2CCN(CCc3ccc(F)c(F)c3)CC2)c2c(n1)c(C#N)c1n2CCCC1,1,c1ccc(CCN2CCN(c3nc(-c4ccccc4)nc4cc5n(c34)CCCC5)CC2)cc1,CC(=O)Nc1ccc(-c2nc(N3CCN(CCc4ccccc4)CC3)c3c(n2)c(C#N)c2n3CCCC2)cc1,1,c1ccc(CCN2CCN(c3nc(-c4ccccc4)nc4cc5n(c34)CCCC5)CC2)cc1,0.6008590102707749,1,0.9998434671316779
Cc1nnc(NS(=O)(=O)c2ccc(N)cc2)s1,0,O=S(=O)(Nc1nncs1)c1ccccc1,NCc1ccc(S(N)(=O)=O)cc1,1,c1ccccc1,0.23410852713178298,0,0.00019143651365788564
Cc1nnc(NS(=O)(=O)c2ccc(N)cc2)s1,0,O=S(=O)(Nc1nncs1)c1ccccc1,COc1cc2c(cc1OC)[C@H]1CN(C)CC[C@H]1N=C2c1ccc(NS(=O)(=O)c2ccc(C)cc2)cc1,1,O=S(=O)(Nc1ccc(C2=NC3CCNCC3c3ccccc32)cc1)c1ccccc1,0.21549425287356325,0,6.569504705132208e-05
Cc1nnc(NS(=O)(=O)c2ccc(N)cc2)s1,0,O=S(=O)(Nc1nncs1)c1ccccc1,Nc1ccc(-c2cc(C(F)(F)F)cc(C(F)(F)F)c2)cc1,1,c1ccc(-c2ccccc2)cc1,0.18777908343125735,0,0.00016998376064315284
Cc1nnc(NS(=O)(=O)c2ccc(N)cc2)s1,0,O=S(=O)(Nc1nncs1)c1ccccc1,COC(=O)/C=C/c1ccc(-c2nc(-c3ccc(N(C)C)cc3)c(-c3ccc(N)cc3)[nH]2)cc1,1,c1ccc(-c2nc(-c3ccccc3)c(-c3ccccc3)[nH]2)cc1,0.18357142857142858,0,0.0007956662130064364
Cc1ccc(/C(=C\CN2CCCC2)c2cccc(/C=C/C(=O)O)n2)cc1,0,C(CN1CCCC1)=C(c1ccccc1)c1ccccn1,Cc1c(-c2ccccc2)oc2c(C(=O)OCCN3CCCCC3)cccc2c1=O,1,O=C(OCCN1CCCCC1)c1cccc2c(=O)cc(-c3ccccc3)oc12,0.25806451612903225,0,0.059771884105918854
Cc1ccc(/C(=C\CN2CCCC2)c2cccc(/C=C/C(=O)O)n2)cc1,0,C(CN1CCCC1)=C(c1ccccc1)c1ccccn1,CN(C)c1ccc(-c2nc(-c3ccc(/C=C/CN4CCCCC4)cc3)[nH]c2-c2ccc(N(C)C)cc2)cc1,1,C(=Cc1ccc(-c2nc(-c3ccccc3)c(-c3ccccc3)[nH]2)cc1)CN1CCCCC1,0.25641899084522035,0,0.0697594593090413
Cc1ccc(/C(=C\CN2CCCC2)c2cccc(/C=C/C(=O)O)n2)cc1,0,C(CN1CCCC1)=C(c1ccccc1)c1ccccn1,Cc1ccc(C(=O)O[C@H]2[C@H](C)Nc3ccccc3[C@@H]2N2CCCC2)cc1,1,O=C(OC1CNc2ccccc2C1N1CCCC1)c1ccccc1,0.25351412429378534,0,0.03522907992420388
Cc1ccc(/C(=C\CN2CCCC2)c2cccc(/C=C/C(=O)O)n2)cc1,0,C(CN1CCCC1)=C(c1ccccc1)c1ccccn1,CN(C)c1ccc(-c2nc(-c3ccc(/C=C/C(=O)O)cc3)[nH]c2-c2ccc(N(C)C)cc2)cc1,1,c1ccc(-c2nc(-c3ccccc3)c(-c3ccccc3)[nH]2)cc1,0.2473183190155561,0,0.09333193688430871
CC[C@H](C1=C([C@H](CC)c2ccccc2)OCCCN2CCN(CCCO1)CC2)c1ccccc1,0,c1ccc(CC2=C(Cc3ccccc3)OCCCN3CCN(CCCO2)CC3)cc1,CN1CCCN([C@@H](c2ccccc2)c2ccc(Cl)cc2)CC1,1,c1ccc(C(c2ccccc2)N2CCCNCC2)cc1,0.28715789473684217,0,0.1491476308529205
CC[C@H](C1=C([C@H](CC)c2ccccc2)OCCCN2CCN(CCCO1)CC2)c1ccccc1,0,c1ccc(CC2=C(Cc3ccccc3)OCCCN3CCN(CCCO2)CC3)cc1,COc1ccc([C@@H](O)CN2CCN(C(c3ccccc3)c3ccccc3)CC2)cc1OC,1,c1ccc(CCN2CCN(C(c3ccccc3)c3ccccc3)CC2)cc1,0.26634026927784576,0,0.4952236774111956
CC[C@H](C1=C([C@H](CC)c2ccccc2)OCCCN2CCN(CCCO1)CC2)c1ccccc1,0,c1ccc(CC2=C(Cc3ccccc3)OCCCN3CCN(CCCO2)CC3)cc1,C[C@@H](NCCC(c1ccccc1)c1ccccc1)c1ccccc1,1,c1ccc(CNCCC(c2ccccc2)c2ccccc2)cc1,0.2653610771113831,0,0.32840840076476224
CC[C@H](C1=C([C@H](CC)c2ccccc2)OCCCN2CCN(CCCO1)CC2)c1ccccc1,0,c1ccc(CC2=C(Cc3ccccc3)OCCCN3CCN(CCCO2)CC3)cc1,CC(C)COC[C@H](CN(Cc1ccccc1)c1ccccc1)N1CCCC1,1,c1ccc(CN(CCN2CCCC2)c2ccccc2)cc1,0.25431996692848285,0,0.24955324900047052
CC[C@@]1(c2ccccc2)NC(=O)N(C)C1=O,0,O=C1NC(=O)C(c2ccccc2)N1,CCC(=O)N(c1ccccc1)C1CCN(CCc2ccccc2)CC1,1,c1ccc(CCN2CCC(Nc3ccccc3)CC2)cc1,0.22995951417004049,0,0.0008593394510096449
CC[C@@]1(c2ccccc2)NC(=O)N(C)C1=O,0,O=C1NC(=O)C(c2ccccc2)N1,CCC(=O)c1ccccc1OC[C@@H](O)CN1CCC(O)(c2ccccc2)CC1,1,c1ccc(OCCCN2CCC(c3ccccc3)CC2)cc1,0.2203309692671395,0,0.0016493631142141445
CC[C@@]1(c2ccccc2)NC(=O)N(C)C1=O,0,O=C1NC(=O)C(c2ccccc2)N1,CCC(=O)c1ccccc1OC[C@H](O)CN1CCC(O)(c2ccccc2)CC1,1,c1ccc(OCCCN2CCC(c3ccccc3)CC2)cc1,0.2203309692671395,0,0.0016493631142141445
CC[C@@]1(c2ccccc2)NC(=O)N(C)C1=O,0,O=C1NC(=O)C(c2ccccc2)N1,CCCCCCC[C@H]1OC(=O)C[C@@H](O)[C@H](Cc2ccccc2)N(C)C(=O)C(C)(C)OC(=O)[C@H]1C,1,O=C1COC(=O)CCOC(=O)CCC(Cc2ccccc2)N1,0.21901408450704224,0,0.035456015576800566
c1coc(CNc2ncnc3nc[nH]c23)c1,0,c1coc(CNc2ncnc3nc[nH]c23)c1,N#Cc1c2n(c3c(NCCc4ccccc4)ncnc13)CCCC2,1,c1ccc(CCNc2ncnc3cc4n(c23)CCCC4)cc1,0.18314371952635244,0,0.0019362848062570131
c1coc(CNc2ncnc3nc[nH]c23)c1,0,c1coc(CNc2ncnc3nc[nH]c23)c1,N#Cc1c2n(c3c(NS(=O)(=O)Cc4ccccc4)ncnc13)CCCC2,1,O=S(=O)(Cc1ccccc1)Nc1ncnc2cc3n(c12)CCCC3,0.14929070929070928,0,0.0014251214300266255
c1coc(CNc2ncnc3nc[nH]c23)c1,0,c1coc(CNc2ncnc3nc[nH]c23)c1,COc1cc2nc(NCCc3cccc(OC)c3OC)nc(NCCc3cccc(OC)c3OC)c2cc1OC,1,c1ccc(CCNc2nc(NCCc3ccccc3)c3ccccc3n2)cc1,0.1389055645347495,0,0.0003736555097964666
c1coc(CNc2ncnc3nc[nH]c23)c1,0,c1coc(CNc2ncnc3nc[nH]c23)c1,N#Cc1c2n(c3c(N4CCN(CCc5c[nH]c6ccccc56)CC4)ncnc13)CCCC2,1,c1ccc2c(CCN3CCN(c4ncnc5cc6n(c45)CCCC6)CC3)c[nH]c2c1,0.13087915501708608,0,0.022269579852966105
CC(=O)O[C@@H]1C[C@]2(C)[C@@H](C[C@@H](O)[C@@H]3[C@]4(C)CC[C@@H](O)[C@H](C)[C@H]4CC[C@]32C)/C1=C(\CCC=C(C)C)C(=O)O,1,C=C1CCC2C1CCC1C3CCCCC3CCC21,CC1(C)[C@H]2CC[C@@]3(C)[C@H](C(=O)C=C4[C@@H]5C[C@@](C)(C(=O)O)CC[C@@]5(C)CC[C@@]43C)[C@]2(C)CC[C@H]1OC(=O)CCC(=O)O,1,O=C1C=C2C3CCCCC3CCC2C2CCC3CCCCC3C12,0.25701587301587303,1,0.7149202318269295
CC(=O)O[C@@H]1C[C@]2(C)[C@@H](C[C@@H](O)[C@@H]3[C@]4(C)CC[C@@H](O)[C@H](C)[C@H]4CC[C@]32C)/C1=C(\CCC=C(C)C)C(=O)O,1,C=C1CCC2C1CCC1C3CCCCC3CCC21,C[C@@]12CC[C@@H]3C(CCC4=CC(=O)CC[C@]43C)[C@H]1CC[C@H]2O,1,O=C1C=C2CCC3C4CCCC4CCC3C2CC1,0.22924003707136237,1,0.736787272634534
CC(=O)O[C@@H]1C[C@]2(C)[C@@H](C[C@@H](O)[C@@H]3[C@]4(C)CC[C@@H](O)[C@H](C)[C@H]4CC[C@]32C)/C1=C(\CCC=C(C)C)C(=O)O,1,C=C1CCC2C1CCC1C3CCCCC3CCC21,CCNC(=O)Nc1ccc(S[C@@H]2CC3=CC(=O)CC[C@]3(C)[C@@H]3CC[C@]4(C)[C@@H](C(C)=O)CC[C@@H]4[C@@H]32)cc1,1,O=C1C=C2CC(Sc3ccccc3)C3C4CCCC4CCC3C2CC1,0.18843288636055805,1,0.8198071587993389
CC(=O)O[C@@H]1C[C@]2(C)[C@@H](C[C@@H](O)[C@@H]3[C@]4(C)CC[C@@H](O)[C@H](C)[C@H]4CC[C@]32C)/C1=C(\CCC=C(C)C)C(=O)O,1,C=C1CCC2C1CCC1C3CCCCC3CCC21,CC(=O)[C@@H]1CC[C@@H]2[C@@H]3[C@H](Sc4ccc(NC(=O)NCCCl)cc4)CC4=CC(=O)CC[C@]4(C)[C@H]3CC[C@@]21C,1,O=C1C=C2CC(Sc3ccccc3)C3C4CCCC4CCC3C2CC1,0.18201743462017433,1,0.8422972066703046
COc1c2c(cc3oc(-c4ccccc4)cc(=O)c13)OC(c1ccccc1)(c1ccccc1)O2,1,O=c1cc(-c2ccccc2)oc2cc3c(cc12)OC(c1ccccc1)(c1ccccc1)O3,COc1c2c(cc3oc(-c4ccccc4)cc(=O)c13)OCO2,1,O=c1cc(-c2ccccc2)oc2cc3c(cc12)OCO3,0.6699643039265681,1,0.9981616224938835
COc1c2c(cc3oc(-c4ccccc4)cc(=O)c13)OC(c1ccccc1)(c1ccccc1)O2,1,O=c1cc(-c2ccccc2)oc2cc3c(cc12)OC(c1ccccc1)(c1ccccc1)O3,CC(=O)Oc1c(Oc2ccccc2)cc2oc(-c3ccccc3)cc(=O)c2c1OC(C)=O,1,O=c1cc(-c2ccccc2)oc2cc(Oc3ccccc3)ccc12,0.47502859321387725,1,0.9989565574550887
COc1c2c(cc3oc(-c4ccccc4)cc(=O)c13)OC(c1ccccc1)(c1ccccc1)O2,1,O=c1cc(-c2ccccc2)oc2cc3c(cc12)OC(c1ccccc1)(c1ccccc1)O3,CC(=O)Oc1c(OCc2ccccc2)cc2oc(-c3ccccc3)cc(=O)c2c1OC(C)=O,1,O=c1cc(-c2ccccc2)oc2cc(OCc3ccccc3)ccc12,0.4723837209302326,1,0.9983568221431602
COc1c2c(cc3oc(-c4ccccc4)cc(=O)c13)OC(c1ccccc1)(c1ccccc1)O2,1,O=c1cc(-c2ccccc2)oc2cc3c(cc12)OC(c1ccccc1)(c1ccccc1)O3,O=c1cc(-c2ccccc2)oc2cc3c(c(O)c12)OCO3,1,O=c1cc(-c2ccccc2)oc2cc3c(cc12)OCO3,0.47024859663191665,1,0.9989715603486918
CCCNC[C@H](O)COc1ccc(O)cc1C(=O)CCc1ccccc1,1,O=C(CCc1ccccc1)c1ccccc1,CCCNC[C@@H](O)COc1ccccc1C(=O)CCc1ccccc1,1,O=C(CCc1ccccc1)c1ccccc1,0.8083212385099179,1,0.8376678502271467
CCCNC[C@H](O)COc1ccc(O)cc1C(=O)CCc1ccccc1,1,O=C(CCc1ccccc1)c1ccccc1,CCCNC[C@H](O)COc1ccccc1C(=O)CCc1ccccc1,1,O=C(CCc1ccccc1)c1ccccc1,0.8083212385099179,1,0.8376678502271467
CCCNC[C@H](O)COc1ccc(O)cc1C(=O)CCc1ccccc1,1,O=C(CCc1ccccc1)c1ccccc1,CCCNC[C@H](O)COc1ccc(OCc2ccccc2)cc1C(=O)CCc1ccccc1,1,O=C(CCc1ccccc1)c1cccc(OCc2ccccc2)c1,0.7967251461988304,1,0.845053445338819
CCCNC[C@H](O)COc1ccc(O)cc1C(=O)CCc1ccccc1,1,O=C(CCc1ccccc1)c1ccccc1,CCCN(CCC)C[C@@H](O)COc1ccc(O)cc1C(=O)CCc1ccccc1,1,O=C(CCc1ccccc1)c1ccccc1,0.6974321349963316,1,0.8183643145294831
CCCN(CCC)C[C@@H](O)COc1ccc(O)cc1C(=O)CCc1ccccc1,1,O=C(CCc1ccccc1)c1ccccc1,CC(C)N(C[C@H](O)COc1ccc(O)cc1C(=O)CCc1ccccc1)C(C)C,1,O=C(CCc1ccccc1)c1ccccc1,0.7823376623376623,1,0.9974516382070998
CCCN(CCC)C[C@@H](O)COc1ccc(O)cc1C(=O)CCc1ccccc1,1,O=C(CCc1ccccc1)c1ccccc1,CCN(CC)C[C@@H](O)COc1ccccc1C(=O)CCc1ccccc1,1,O=C(CCc1ccccc1)c1ccccc1,0.7022843822843823,1,0.990822537171478
CCCN(CCC)C[C@@H](O)COc1ccc(O)cc1C(=O)CCc1ccccc1,1,O=C(CCc1ccccc1)c1ccccc1,CCN(CC)C[C@H](O)COc1ccccc1C(=O)CCc1ccccc1,1,O=C(CCc1ccccc1)c1ccccc1,0.7022843822843823,1,0.990822537171478
CCCN(CCC)C[C@@H](O)COc1ccc(O)cc1C(=O)CCc1ccccc1,1,O=C(CCc1ccccc1)c1ccccc1,CCCNC[C@H](O)COc1ccc(O)cc1C(=O)CCc1ccccc1,1,O=C(CCc1ccccc1)c1ccccc1,0.6974321349963316,1,0.9931975996037941
CCCNC[C@@H](O)COc1ccccc1C(=O)CCc1ccccc1,1,O=C(CCc1ccccc1)c1ccccc1,CCCNC[C@H](O)COc1ccccc1C(=O)CCc1ccccc1,1,O=C(CCc1ccccc1)c1ccccc1,1.0,1,0.9834725886650995
CCCNC[C@@H](O)COc1ccccc1C(=O)CCc1ccccc1,1,O=C(CCc1ccccc1)c1ccccc1,CCCNC[C@H](O)COc1ccc(O)cc1C(=O)CCc1ccccc1,1,O=C(CCc1ccccc1)c1ccccc1,0.8083212385099179,1,0.8269997280676024
CCCNC[C@@H](O)COc1ccccc1C(=O)CCc1ccccc1,1,O=C(CCc1ccccc1)c1ccccc1,O=C(CCc1ccccc1)c1ccccc1OC[C@@H](O)CNCc1ccccc1,1,O=C(CCc1ccccc1)c1ccccc1OCCCNCc1ccccc1,0.7825703254274683,1,0.9165086999787274
CCCNC[C@@H](O)COc1ccccc1C(=O)CCc1ccccc1,1,O=C(CCc1ccccc1)c1ccccc1,CCCNC[C@H](O)COc1ccc(OCc2ccccc2)cc1C(=O)CCc1ccccc1,1,O=C(CCc1ccccc1)c1cccc(OCc2ccccc2)c1,0.7700000000000001,1,0.927114529125106
CC(C)N(C[C@H](O)COc1ccc(O)cc1C(=O)CCc1ccccc1)C(C)C,1,O=C(CCc1ccccc1)c1ccccc1,CC(C)N(C[C@H](O)COc1ccccc1C(=O)CCc1ccccc1)C(C)C,1,O=C(CCc1ccccc1)c1ccccc1,0.8018099547511313,1,0.9799163561451073
CC(C)N(C[C@H](O)COc1ccc(O)cc1C(=O)CCc1ccccc1)C(C)C,1,O=C(CCc1ccccc1)c1ccccc1,CC(C)N(C[C@@H](O)COc1ccc(OCc2ccccc2)cc1C(=O)CCc1ccccc1)C(C)C,1,O=C(CCc1ccccc1)c1cccc(OCc2ccccc2)c1,0.7911111111111112,1,0.9610090672208189
CC(C)N(C[C@H](O)COc1ccc(O)cc1C(=O)CCc1ccccc1)C(C)C,1,O=C(CCc1ccccc1)c1ccccc1,CCCN(CCC)C[C@@H](O)COc1ccc(O)cc1C(=O)CCc1ccccc1,1,O=C(CCc1ccccc1)c1ccccc1,0.7823376623376623,1,0.9622557926019758
CC(C)N(C[C@H](O)COc1ccc(O)cc1C(=O)CCc1ccccc1)C(C)C,1,O=C(CCc1ccccc1)c1ccccc1,CCCNC[C@H](O)COc1ccc(O)cc1C(=O)CCc1ccccc1,1,O=C(CCc1ccccc1)c1ccccc1,0.6836390315480558,1,0.9567556810881969
CCN(CC)C[C@H](O)COc1ccccc1C(=O)CCc1ccccc1,1,O=C(CCc1ccccc1)c1ccccc1,CCN(CC)C[C@@H](O)COc1ccccc1C(=O)CCc1ccccc1,1,O=C(CCc1ccccc1)c1ccccc1,1.0,1,0.9917616491556074
CCN(CC)C[C@H](O)COc1ccccc1C(=O)CCc1ccccc1,1,O=C(CCc1ccccc1)c1ccccc1,CN(C)C[C@H](O)COc1ccccc1C(=O)CCc1ccccc1,1,O=C(CCc1ccccc1)c1ccccc1,0.8062578222778474,1,0.9739371097769093
CCN(CC)C[C@H](O)COc1ccccc1C(=O)CCc1ccccc1,1,O=C(CCc1ccccc1)c1ccccc1,CC(C)N(C[C@H](O)COc1ccccc1C(=O)CCc1ccccc1)C(C)C,1,O=C(CCc1ccccc1)c1ccccc1,0.7812244897959184,1,0.9656451323527653
CCN(CC)C[C@H](O)COc1ccccc1C(=O)CCc1ccccc1,1,O=C(CCc1ccccc1)c1ccccc1,CCCN(C)C[C@@H](O)COc1ccccc1C(=O)CCc1ccccc1,1,O=C(CCc1ccccc1)c1ccccc1,0.7802222222222224,1,0.98249614232912
O=C(O)COc1ccccc1C(=O)CCc1ccccc1,0,O=C(CCc1ccccc1)c1ccccc1,O=C(CCc1ccccc1)c1ccccc1OCCN1CCCCC1,1,O=C(CCc1ccccc1)c1ccccc1OCCN1CCCCC1,0.5670011148272018,0,0.009670625093141013
O=C(O)COc1ccccc1C(=O)CCc1ccccc1,0,O=C(CCc1ccccc1)c1ccccc1,CN(C)C[C@H](O)COc1ccccc1C(=O)CCc1ccccc1,1,O=C(CCc1ccccc1)c1ccccc1,0.5622481442205727,0,0.002852678316866867
O=C(O)COc1ccccc1C(=O)CCc1ccccc1,0,O=C(CCc1ccccc1)c1ccccc1,O=C(CCc1ccccc1)c1ccccc1OCCCN1CCCCC1,1,O=C(CCc1ccccc1)c1ccccc1OCCCN1CCCCC1,0.5570103655210039,0,0.0021241649123967146
O=C(O)COc1ccccc1C(=O)CCc1ccccc1,0,O=C(CCc1ccccc1)c1ccccc1,O=C(CCc1ccccc1)c1ccccc1OC[C@@H](O)CNCc1ccccc1,1,O=C(CCc1ccccc1)c1ccccc1OCCCNCc1ccccc1,0.550050658561297,0,0.01705511913632902
CC(C)N(C[C@H](O)COc1ccccc1C(=O)CCc1ccccc1)C(C)C,1,O=C(CCc1ccccc1)c1ccccc1,CC(C)N(C[C@H](O)COc1ccc(O)cc1C(=O)CCc1ccccc1)C(C)C,1,O=C(CCc1ccccc1)c1ccccc1,0.8018099547511313,1,0.9669458221944177
CC(C)N(C[C@H](O)COc1ccccc1C(=O)CCc1ccccc1)C(C)C,1,O=C(CCc1ccccc1)c1ccccc1,CN(C)C[C@H](O)COc1ccccc1C(=O)CCc1ccccc1,1,O=C(CCc1ccccc1)c1ccccc1,0.79645390070922,1,0.9834214049708886
CC(C)N(C[C@H](O)COc1ccccc1C(=O)CCc1ccccc1)C(C)C,1,O=C(CCc1ccccc1)c1ccccc1,CCN(CC)C[C@@H](O)COc1ccccc1C(=O)CCc1ccccc1,1,O=C(CCc1ccccc1)c1ccccc1,0.7812244897959184,1,0.9952234763473087
CC(C)N(C[C@H](O)COc1ccccc1C(=O)CCc1ccccc1)C(C)C,1,O=C(CCc1ccccc1)c1ccccc1,CCN(CC)C[C@H](O)COc1ccccc1C(=O)CCc1ccccc1,1,O=C(CCc1ccccc1)c1ccccc1,0.7812244897959184,1,0.9952234763473087
CCCN(CCC)C[C@@H](O)COc1ccc(C(=O)CCc2ccccc2)cc1,1,O=C(CCc1ccccc1)c1ccccc1,CC(C)N(C[C@@H](O)COc1ccc(C(=O)CCc2ccccc2)cc1)C(C)C,1,O=C(CCc1ccccc1)c1ccccc1,0.7595675675675675,1,0.9987767719152579
CCCN(CCC)C[C@@H](O)COc1ccc(C(=O)CCc2ccccc2)cc1,1,O=C(CCc1ccccc1)c1ccccc1,CCCN(CCC)C[C@@H](O)COc1ccc(O)cc1C(=O)CCc1ccccc1,1,O=C(CCc1ccccc1)c1ccccc1,0.6613607188703466,1,0.9494376026312129
CCCN(CCC)C[C@@H](O)COc1ccc(C(=O)CCc2ccccc2)cc1,1,O=C(CCc1ccccc1)c1ccccc1,O=C(CCc1ccccc1)c1ccc(OC[C@H](O)CN2CCCCC2)cc1,1,O=C(CCc1ccccc1)c1ccc(OCCCN2CCCCC2)cc1,0.6492063492063492,1,0.9902356850717606
CCCN(CCC)C[C@@H](O)COc1ccc(C(=O)CCc2ccccc2)cc1,1,O=C(CCc1ccccc1)c1ccccc1,O=C(CCc1ccccc1)c1ccc(OC[C@@H](O)CN2CCCCC2)cc1,1,O=C(CCc1ccccc1)c1ccc(OCCCN2CCCCC2)cc1,0.6492063492063492,1,0.9902356850717606
CCCNC[C@H](O)COc1ccccc1C(=O)CCc1ccccc1,1,O=C(CCc1ccccc1)c1ccccc1,CCCNC[C@@H](O)COc1ccccc1C(=O)CCc1ccccc1,1,O=C(CCc1ccccc1)c1ccccc1,1.0,1,0.9834725886650995
CCCNC[C@H](O)COc1ccccc1C(=O)CCc1ccccc1,1,O=C(CCc1ccccc1)c1ccccc1,CCCNC[C@H](O)COc1ccc(O)cc1C(=O)CCc1ccccc1,1,O=C(CCc1ccccc1)c1ccccc1,0.8083212385099179,1,0.8269997280676024
CCCNC[C@H](O)COc1ccccc1C(=O)CCc1ccccc1,1,O=C(CCc1ccccc1)c1ccccc1,O=C(CCc1ccccc1)c1ccccc1OC[C@@H](O)CNCc1ccccc1,1,O=C(CCc1ccccc1)c1ccccc1OCCCNCc1ccccc1,0.7825703254274683,1,0.9165086999787274
CCCNC[C@H](O)COc1ccccc1C(=O)CCc1ccccc1,1,O=C(CCc1ccccc1)c1ccccc1,CCCNC[C@H](O)COc1ccc(OCc2ccccc2)cc1C(=O)CCc1ccccc1,1,O=C(CCc1ccccc1)c1cccc(OCc2ccccc2)c1,0.7700000000000001,1,0.927114529125106
CCN(CC)C[C@@H](O)COc1ccccc1C(=O)CCc1ccccc1,1,O=C(CCc1ccccc1)c1ccccc1,CCN(CC)C[C@H](O)COc1ccccc1C(=O)CCc1ccccc1,1,O=C(CCc1ccccc1)c1ccccc1,1.0,1,0.9917616491556074
CCN(CC)C[C@@H](O)COc1ccccc1C(=O)CCc1ccccc1,1,O=C(CCc1ccccc1)c1ccccc1,CN(C)C[C@H](O)COc1ccccc1C(=O)CCc1ccccc1,1,O=C(CCc1ccccc1)c1ccccc1,0.8062578222778474,1,0.9739371097769093
CCN(CC)C[C@@H](O)COc1ccccc1C(=O)CCc1ccccc1,1,O=C(CCc1ccccc1)c1ccccc1,CC(C)N(C[C@H](O)COc1ccccc1C(=O)CCc1ccccc1)C(C)C,1,O=C(CCc1ccccc1)c1ccccc1,0.7812244897959184,1,0.9656451323527653
CCN(CC)C[C@@H](O)COc1ccccc1C(=O)CCc1ccccc1,1,O=C(CCc1ccccc1)c1ccccc1,CCCN(C)C[C@@H](O)COc1ccccc1C(=O)CCc1ccccc1,1,O=C(CCc1ccccc1)c1ccccc1,0.7802222222222224,1,0.98249614232912
CN(C)C[C@H](O)COc1ccccc1C(=O)CCc1ccccc1,1,O=C(CCc1ccccc1)c1ccccc1,CCN(CC)C[C@@H](O)COc1ccccc1C(=O)CCc1ccccc1,1,O=C(CCc1ccccc1)c1ccccc1,0.8062578222778474,1,0.8702682948678729
CN(C)C[C@H](O)COc1ccccc1C(=O)CCc1ccccc1,1,O=C(CCc1ccccc1)c1ccccc1,CCN(CC)C[C@H](O)COc1ccccc1C(=O)CCc1ccccc1,1,O=C(CCc1ccccc1)c1ccccc1,0.8062578222778474,1,0.8702682948678729
CN(C)C[C@H](O)COc1ccccc1C(=O)CCc1ccccc1,1,O=C(CCc1ccccc1)c1ccccc1,CCCN(C)C[C@@H](O)COc1ccccc1C(=O)CCc1ccccc1,1,O=C(CCc1ccccc1)c1ccccc1,0.8055555555555556,1,0.8881477232116096
CN(C)C[C@H](O)COc1ccccc1C(=O)CCc1ccccc1,1,O=C(CCc1ccccc1)c1ccccc1,CC(C)N(C[C@H](O)COc1ccccc1C(=O)CCc1ccccc1)C(C)C,1,O=C(CCc1ccccc1)c1ccccc1,0.79645390070922,1,0.9216604110351899
CCCN(C)C[C@@H](O)COc1ccccc1C(=O)CCc1ccccc1,1,O=C(CCc1ccccc1)c1ccccc1,CN(C)C[C@H](O)COc1ccccc1C(=O)CCc1ccccc1,1,O=C(CCc1ccccc1)c1ccccc1,0.8055555555555556,1,0.9810394527409915
CCCN(C)C[C@@H](O)COc1ccccc1C(=O)CCc1ccccc1,1,O=C(CCc1ccccc1)c1ccccc1,CCN(CC)C[C@@H](O)COc1ccccc1C(=O)CCc1ccccc1,1,O=C(CCc1ccccc1)c1ccccc1,0.7802222222222224,1,0.9900321537690828
CCCN(C)C[C@@H](O)COc1ccccc1C(=O)CCc1ccccc1,1,O=C(CCc1ccccc1)c1ccccc1,CCN(CC)C[C@H](O)COc1ccccc1C(=O)CCc1ccccc1,1,O=C(CCc1ccccc1)c1ccccc1,0.7802222222222224,1,0.9900321537690828
CCCN(C)C[C@@H](O)COc1ccccc1C(=O)CCc1ccccc1,1,O=C(CCc1ccccc1)c1ccccc1,CC(C)N(C[C@H](O)COc1ccccc1C(=O)CCc1ccccc1)C(C)C,1,O=C(CCc1ccccc1)c1ccccc1,0.7435500515995872,1,0.9692951451548596
CC(C)N(C[C@@H](O)COc1ccc(C(=O)CCc2ccccc2)cc1)C(C)C,1,O=C(CCc1ccccc1)c1ccccc1,CCCN(CCC)C[C@@H](O)COc1ccc(C(=O)CCc2ccccc2)cc1,1,O=C(CCc1ccccc1)c1ccccc1,0.7595675675675675,1,0.9803190614790894
CC(C)N(C[C@@H](O)COc1ccc(C(=O)CCc2ccccc2)cc1)C(C)C,1,O=C(CCc1ccccc1)c1ccccc1,CC(C)N(C[C@H](O)COc1ccccc1C(=O)CCc1ccccc1)C(C)C,1,O=C(CCc1ccccc1)c1ccccc1,0.7267973856209151,1,0.9932959767349683
CC(C)N(C[C@@H](O)COc1ccc(C(=O)CCc2ccccc2)cc1)C(C)C,1,O=C(CCc1ccccc1)c1ccccc1,CC(C)N(C[C@@H](O)COc1ccc(OCc2ccccc2)cc1C(=O)CCc1ccccc1)C(C)C,1,O=C(CCc1ccccc1)c1cccc(OCc2ccccc2)c1,0.6802738553701327,1,0.9669602065085022
CC(C)N(C[C@@H](O)COc1ccc(C(=O)CCc2ccccc2)cc1)C(C)C,1,O=C(CCc1ccccc1)c1ccccc1,CC(C)N(C[C@H](O)COc1ccc(O)cc1C(=O)CCc1ccccc1)C(C)C,1,O=C(CCc1ccccc1)c1ccccc1,0.6560975609756098,1,0.9444458544379564
CC[C@H](C(=O)[C@H](C)[C@H](O)[C@@H](C)CCc1ccc(C)c(O)c1C(=O)O)[C@H]1O[C@](CC)([C@@H]2CC[C@@](O)(CC)[C@@H](C)O2)C[C@H]1C,1,O=C(CCCCCc1ccccc1)CC1CCC(C2CCCCO2)O1,CCCCCCC[C@@H]1CC(=O)O[C@@H](C(C)C)C(=O)N(C)[C@@H](Cc2ccccc2)[C@H](O)CC(=O)O1,1,O=C1COC(=O)CCOC(=O)CCC(Cc2ccccc2)N1,0.17434058898847632,1,0.9632593807602838
CC[C@H](C(=O)[C@H](C)[C@H](O)[C@@H](C)CCc1ccc(C)c(O)c1C(=O)O)[C@H]1O[C@](CC)([C@@H]2CC[C@@](O)(CC)[C@@H](C)O2)C[C@H]1C,1,O=C(CCCCCc1ccccc1)CC1CCC(C2CCCCO2)O1,CC(C)[C@]1(NC(=O)[C@H]2C=C3c4cccc5[nH]cc(c45)C[C@H]3N(C)C2)O[C@]2(O)C3CCCN3C(=O)[C@H](Cc3ccccc3)N2C1=O,1,O=C(NC1OC2C3CCCN3C(=O)C(Cc3ccccc3)N2C1=O)C1C=C2c3cccc4[nH]cc(c34)CC2NC1,0.17006802721088435,1,0.8676354011412882
CC[C@H](C(=O)[C@H](C)[C@H](O)[C@@H](C)CCc1ccc(C)c(O)c1C(=O)O)[C@H]1O[C@](CC)([C@@H]2CC[C@@](O)(CC)[C@@H](C)O2)C[C@H]1C,1,O=C(CCCCCc1ccccc1)CC1CCC(C2CCCCO2)O1,CCCCCCC[C@H]1OC(=O)C[C@H](O)[C@H](Cc2ccccc2)N(C)C(=O)[C@H](C(C)C)OC(=O)[C@H]1C,1,O=C1COC(=O)CCOC(=O)CCC(Cc2ccccc2)N1,0.1692982456140351,1,0.9019285594955999
CC[C@H](C(=O)[C@H](C)[C@H](O)[C@@H](C)CCc1ccc(C)c(O)c1C(=O)O)[C@H]1O[C@](CC)([C@@H]2CC[C@@](O)(CC)[C@@H](C)O2)C[C@H]1C,1,O=C(CCCCCc1ccccc1)CC1CCC(C2CCCCO2)O1,CCCCCCC[C@@H]1OC(=O)C[C@@H](O)[C@H](Cc2ccccc2)N(C)C(=O)[C@H](C(C)C)OC(=O)[C@@H]1C,1,O=C1COC(=O)CCOC(=O)CCC(Cc2ccccc2)N1,0.1692982456140351,1,0.9019285594955999
Cc1nccc2c1[nH]c1ccccc12,0,c1ccc2c(c1)[nH]c1cnccc12,CN(C)Cc1c[nH]c2ccccc12,1,c1ccc2[nH]ccc2c1,0.2723809523809524,0,0.005301120666249692
Cc1nccc2c1[nH]c1ccccc12,0,c1ccc2c(c1)[nH]c1cnccc12,COc1ccccc1OCCNC[C@H](O)COc1cccc2[nH]c3ccccc3c12,1,c1ccc(OCCNCCCOc2cccc3[nH]c4ccccc4c23)cc1,0.240128296507484,0,0.012845646724895042
Cc1nccc2c1[nH]c1ccccc12,0,c1ccc2c(c1)[nH]c1cnccc12,N#Cc1c2n(c3c(N4CCN(CCc5c[nH]c6ccccc56)CC4)ncnc13)CCCC2,1,c1ccc2c(CCN3CCN(c4ncnc5cc6n(c45)CCCC6)CC3)c[nH]c2c1,0.17221742881794652,0,0.058790856127235766
Cc1nccc2c1[nH]c1ccccc12,0,c1ccc2c(c1)[nH]c1cnccc12,COc1cccc(CCc2ccccc2OCc2ccncc2)c1,1,c1ccc(CCc2ccccc2OCc2ccncc2)cc1,0.16050156739811913,0,0.0020837401836247683
COC(=O)[C@H]1[C@@H]2C[C@@H]3c4[nH]c5cc(OC)ccc5c4CCN3C[C@@H]2C[C@H](OC(=O)c2cc(OC)c(OC)c(OC)c2)[C@@H]1OC,1,O=C(OC1CCC2CC3c4[nH]c5ccccc5c4CCN3CC2C1)c1ccccc1,COC(=O)[C@@H]1[C@H]2C[C@@H]3c4[nH]c5cc(OC)ccc5c4CCN3C[C@@H]2C[C@@H](OC(=O)/C=C/c2cc(OC)c(OC)c(OC)c2)[C@H]1OC,1,O=C(C=Cc1ccccc1)OC1CCC2CC3c4[nH]c5ccccc5c4CCN3CC2C1,0.8111155537784888,1,0.9832215402141367
COC(=O)[C@H]1[C@@H]2C[C@@H]3c4[nH]c5cc(OC)ccc5c4CCN3C[C@@H]2C[C@H](OC(=O)c2cc(OC)c(OC)c(OC)c2)[C@@H]1OC,1,O=C(OC1CCC2CC3c4[nH]c5ccccc5c4CCN3CC2C1)c1ccccc1,COc1cc2c(cc1O)[C@@H]1Cc3ccc(OC)c(O)c3CN1CC2,1,c1ccc2c(c1)CC1c3ccccc3CCN1C2,0.2542857142857143,1,0.8294992483651429
COC(=O)[C@H]1[C@@H]2C[C@@H]3c4[nH]c5cc(OC)ccc5c4CCN3C[C@@H]2C[C@H](OC(=O)c2cc(OC)c(OC)c(OC)c2)[C@@H]1OC,1,O=C(OC1CCC2CC3c4[nH]c5ccccc5c4CCN3CC2C1)c1ccccc1,COc1cc2c(cc1OC)CN(CCNC(=O)c1ccccc1NC(=O)c1ccc(OC3CCCCC3)cc1)CC2,1,O=C(Nc1ccccc1C(=O)NCCN1CCc2ccccc2C1)c1ccc(OC2CCCCC2)cc1,0.23923923923923923,1,0.9928339245184938
COC(=O)[C@H]1[C@@H]2C[C@@H]3c4[nH]c5cc(OC)ccc5c4CCN3C[C@@H]2C[C@H](OC(=O)c2cc(OC)c(OC)c(OC)c2)[C@@H]1OC,1,O=C(OC1CCC2CC3c4[nH]c5ccccc5c4CCN3CC2C1)c1ccccc1,COc1cccc(C(=O)Nc2ccccc2C(=O)Nc2ccc(CCN3CCc4cc(OC)c(OC)cc4C3)cc2)c1,1,O=C(Nc1ccccc1C(=O)Nc1ccc(CCN2CCc3ccccc3C2)cc1)c1ccccc1,0.23387297633872978,1,0.9593714832968492
CCOC(=O)Oc1c(OC)cc(C(=O)O[C@@H]2C[C@@H]3CN4CCc5c([nH]c6cc(OC)ccc56)[C@H]4C[C@@H]3[C@@H](C(=O)OC)[C@@H]2OC)cc1OC,0,O=C(OC1CCC2CC3c4[nH]c5ccccc5c4CCN3CC2C1)c1ccccc1,COC(=O)[C@H]1[C@@H]2C[C@@H]3c4[nH]c5cc(OC)ccc5c4CCN3C[C@@H]2C[C@H](OC(=O)c2cc(OC)c(OC)c(OC)c2)[C@@H]1OC,1,O=C(OC1CCC2CC3c4[nH]c5ccccc5c4CCN3CC2C1)c1ccccc1,0.8617567042363001,0,0.11979540028782851
CCOC(=O)Oc1c(OC)cc(C(=O)O[C@@H]2C[C@@H]3CN4CCc5c([nH]c6cc(OC)ccc56)[C@H]4C[C@@H]3[C@@H](C(=O)OC)[C@@H]2OC)cc1OC,0,O=C(OC1CCC2CC3c4[nH]c5ccccc5c4CCN3CC2C1)c1ccccc1,COC(=O)[C@@H]1[C@H]2C[C@@H]3c4[nH]c5cc(OC)ccc5c4CCN3C[C@@H]2C[C@@H](OC(=O)/C=C/c2cc(OC)c(OC)c(OC)c2)[C@H]1OC,1,O=C(C=Cc1ccccc1)OC1CCC2CC3c4[nH]c5ccccc5c4CCN3CC2C1,0.7091397849462366,0,0.10170069265014646
CCOC(=O)Oc1c(OC)cc(C(=O)O[C@@H]2C[C@@H]3CN4CCc5c([nH]c6cc(OC)ccc56)[C@H]4C[C@@H]3[C@@H](C(=O)OC)[C@@H]2OC)cc1OC,0,O=C(OC1CCC2CC3c4[nH]c5ccccc5c4CCN3CC2C1)c1ccccc1,COc1cc2c(cc1O)[C@@H]1Cc3ccc(OC)c(O)c3CN1CC2,1,c1ccc2c(c1)CC1c3ccccc3CCN1C2,0.2297428062133945,0,0.15045981326738522
CCOC(=O)Oc1c(OC)cc(C(=O)O[C@@H]2C[C@@H]3CN4CCc5c([nH]c6cc(OC)ccc56)[C@H]4C[C@@H]3[C@@H](C(=O)OC)[C@@H]2OC)cc1OC,0,O=C(OC1CCC2CC3c4[nH]c5ccccc5c4CCN3CC2C1)c1ccccc1,CCOC(=O)C1=C[C@@]2(CC)CCCN3CCc4c(n1c1ccccc41)[C@H]32,1,C1=Cn2c3c(c4ccccc42)CCN2CCCC1C32,0.22973421926910303,0,0.10497294753594096
OCCN(CCO)c1nc(N2CCCCC2)c2nc(N(CCO)CCO)ncc2n1,0,c1nc(N2CCCCC2)c2ncncc2n1,Clc1ccccc1-c1nc(N2CCCC2)c2ccccc2n1,1,c1ccc(-c2nc(N3CCCC3)c3ccccc3n2)cc1,0.25645105499827053,0,9.707712305140417e-05
OCCN(CCO)c1nc(N2CCCCC2)c2nc(N(CCO)CCO)ncc2n1,0,c1nc(N2CCCCC2)c2ncncc2n1,O=C(c1ccccc1)c1c2n(c3c(N4CCN(CCc5ccccc5)CC4)ncnc13)CCCC2,1,O=C(c1ccccc1)c1c2n(c3c(N4CCN(CCc5ccccc5)CC4)ncnc13)CCCC2,0.19255583126550868,0,0.002916243748590367
OCCN(CCO)c1nc(N2CCCCC2)c2nc(N(CCO)CCO)ncc2n1,0,c1nc(N2CCCCC2)c2ncncc2n1,N#Cc1c2n(c3c(N4CCN(CC(=O)c5ccccc5)CC4)ncnc13)CCCC2,1,O=C(CN1CCN(c2ncnc3cc4n(c23)CCCC4)CC1)c1ccccc1,0.1912429964722972,0,0.0012748176332596339
OCCN(CCO)c1nc(N2CCCCC2)c2nc(N(CCO)CCO)ncc2n1,0,c1nc(N2CCCCC2)c2ncncc2n1,COC(=O)c1c2n(c3c(N4CCN(CCc5ccccc5)CC4)ncnc13)CCCC2,1,c1ccc(CCN2CCN(c3ncnc4cc5n(c34)CCCC5)CC2)cc1,0.18564814814814815,0,0.0019911020741154558
O=C(CCc1ccccc1)c1ccc(OC[C@@H](O)CNCCC(c2ccccc2)c2ccccc2)cc1,1,O=C(CCc1ccccc1)c1ccc(OCCCNCCC(c2ccccc2)c2ccccc2)cc1,O=C(CCc1ccccc1)c1cccc(OC[C@H](O)CNCCC(c2ccccc2)c2ccccc2)c1,1,O=C(CCc1ccccc1)c1cccc(OCCCNCCC(c2ccccc2)c2ccccc2)c1,0.8316316316316317,1,0.9999343184291306
O=C(CCc1ccccc1)c1ccc(OC[C@@H](O)CNCCC(c2ccccc2)c2ccccc2)cc1,1,O=C(CCc1ccccc1)c1ccc(OCCCNCCC(c2ccccc2)c2ccccc2)cc1,CC(=O)c1ccc(OC[C@@H](O)CNCCC(c2ccccc2)c2ccccc2)cc1,1,c1ccc(OCCCNCCC(c2ccccc2)c2ccccc2)cc1,0.7323886639676114,1,0.999973713057227
O=C(CCc1ccccc1)c1ccc(OC[C@@H](O)CNCCC(c2ccccc2)c2ccccc2)cc1,1,O=C(CCc1ccccc1)c1ccc(OCCCNCCC(c2ccccc2)c2ccccc2)cc1,O=C(CCc1ccccc1)c1ccccc1OC[C@H](O)CNCCCC(c1ccccc1)c1ccccc1,1,O=C(CCc1ccccc1)c1ccccc1OCCCNCCCC(c1ccccc1)c1ccccc1,0.6666949152542373,1,0.9999672544552313
O=C(CCc1ccccc1)c1ccc(OC[C@@H](O)CNCCC(c2ccccc2)c2ccccc2)cc1,1,O=C(CCc1ccccc1)c1ccc(OCCCNCCC(c2ccccc2)c2ccccc2)cc1,O=C(CCc1ccccc1)c1ccccc1OC[C@@H](O)CNCC(c1ccccc1)c1ccccc1,1,O=C(CCc1ccccc1)c1ccccc1OCCCNCC(c1ccccc1)c1ccccc1,0.6101724137931035,1,0.9982219464294235
COC(=O)N1[C@H]2C3[C@H](c4ccccc4)C4(CO)[C@@H]1C1[C@@H](c5ccccc5)C2(CO)[C@@H]3N(C(=O)OC)[C@H]14,1,c1ccc(C2C3C4NC5C2C2NC3C4C(c3ccccc3)C52)cc1,CC(C)(C)OC(=O)N1[C@H]2C3[C@H](c4ccccc4)C4(CO)[C@@H]1C1[C@H](c5ccccc5)C2(CO)[C@@H]3N(C(=O)OC(C)(C)C)[C@H]14,1,c1ccc(C2C3C4NC5C2C2NC3C4C(c3ccccc3)C52)cc1,0.7553488372093023,1,0.9449538985415583
COC(=O)N1[C@H]2C3[C@H](c4ccccc4)C4(CO)[C@@H]1C1[C@@H](c5ccccc5)C2(CO)[C@@H]3N(C(=O)OC)[C@H]14,1,c1ccc(C2C3C4NC5C2C2NC3C4C(c3ccccc3)C52)cc1,O=C(Oc1ccccc1)N1[C@H]2C3[C@@H](c4ccccc4)C4(CO)[C@@H]1C1[C@@H](c5ccccc5)C2(CO)[C@H]3N(C(=O)Oc2ccccc2)[C@H]14,1,O=C(Oc1ccccc1)N1C2C3C(c4ccccc4)C4C1C1C(c5ccccc5)C2C3N(C(=O)Oc2ccccc2)C41,0.7324116743471583,1,0.8819459079881574
COC(=O)N1[C@H]2C3[C@H](c4ccccc4)C4(CO)[C@@H]1C1[C@@H](c5ccccc5)C2(CO)[C@@H]3N(C(=O)OC)[C@H]14,1,c1ccc(C2C3C4NC5C2C2NC3C4C(c3ccccc3)C52)cc1,OCC12[C@H](c3ccccc3)C3[C@@H]4N(Cc5ccccc5)[C@H]1C1[C@H](c5ccccc5)C4(CO)[C@@H]3N(Cc3ccccc3)[C@H]12,1,c1ccc(CN2C3C4C(c5ccccc5)C5C2C2C(c6ccccc6)C3C4N(Cc3ccccc3)C52)cc1,0.5298449612403101,1,0.9039280726907903
COC(=O)N1[C@H]2C3[C@H](c4ccccc4)C4(CO)[C@@H]1C1[C@@H](c5ccccc5)C2(CO)[C@@H]3N(C(=O)OC)[C@H]14,1,c1ccc(C2C3C4NC5C2C2NC3C4C(c3ccccc3)C52)cc1,CCOC(=O)C1=C(C)NC(C)=C(C(=O)OC)[C@H]1c1cccc([N+](=O)[O-])c1,1,C1=CC(c2ccccc2)C=CN1,0.27083333333333337,1,0.845705290249564
CC(C)(C)OC(=O)N1[C@H]2C3[C@H](c4ccccc4)C4(CO)[C@@H]1C1[C@H](c5ccccc5)C2(CO)[C@@H]3N(C(=O)OC(C)(C)C)[C@H]14,1,c1ccc(C2C3C4NC5C2C2NC3C4C(c3ccccc3)C52)cc1,COC(=O)N1[C@H]2C3[C@H](c4ccccc4)C4(CO)[C@@H]1C1[C@@H](c5ccccc5)C2(CO)[C@@H]3N(C(=O)OC)[C@H]14,1,c1ccc(C2C3C4NC5C2C2NC3C4C(c3ccccc3)C52)cc1,0.7553488372093023,1,0.997715862004851
CC(C)(C)OC(=O)N1[C@H]2C3[C@H](c4ccccc4)C4(CO)[C@@H]1C1[C@H](c5ccccc5)C2(CO)[C@@H]3N(C(=O)OC(C)(C)C)[C@H]14,1,c1ccc(C2C3C4NC5C2C2NC3C4C(c3ccccc3)C52)cc1,O=C(Oc1ccccc1)N1[C@H]2C3[C@@H](c4ccccc4)C4(CO)[C@@H]1C1[C@@H](c5ccccc5)C2(CO)[C@H]3N(C(=O)Oc2ccccc2)[C@H]14,1,O=C(Oc1ccccc1)N1C2C3C(c4ccccc4)C4C1C1C(c5ccccc5)C2C3N(C(=O)Oc2ccccc2)C41,0.6844444444444444,1,0.9832793311941084
CC(C)(C)OC(=O)N1[C@H]2C3[C@H](c4ccccc4)C4(CO)[C@@H]1C1[C@H](c5ccccc5)C2(CO)[C@@H]3N(C(=O)OC(C)(C)C)[C@H]14,1,c1ccc(C2C3C4NC5C2C2NC3C4C(c3ccccc3)C52)cc1,OCC12[C@H](c3ccccc3)C3[C@@H]4N(Cc5ccccc5)[C@H]1C1[C@H](c5ccccc5)C4(CO)[C@@H]3N(Cc3ccccc3)[C@H]12,1,c1ccc(CN2C3C4C(c5ccccc5)C5C2C2C(c6ccccc6)C3C4N(Cc3ccccc3)C52)cc1,0.4963386727688788,1,0.9927295201474514
CC(C)(C)OC(=O)N1[C@H]2C3[C@H](c4ccccc4)C4(CO)[C@@H]1C1[C@H](c5ccccc5)C2(CO)[C@@H]3N(C(=O)OC(C)(C)C)[C@H]14,1,c1ccc(C2C3C4NC5C2C2NC3C4C(c3ccccc3)C52)cc1,CC(C)(C)OC(=O)CN(Cc1ccccc1)[C@H]1c2cc(C#N)ccc2OC(C)(C)[C@@H]1O,1,c1ccc(CNC2CCOc3ccccc32)cc1,0.25894105894105895,1,0.990368857110961
CCN1C[C@]2(COC)CC[C@@H](O)[C@@]34[C@H]5C[C@@H]6[C@@H](OC)[C@@H]5[C@@](O)(C[C@H]6OC)[C@@](O)([C@@H](OC)[C@@H]23)[C@@H]14,0,C1CC2CNC3C4CC2C3(C1)C1CC2CCC4C1C2,C[C@@]12CC[C@@H]3C(CCC4=CC(=O)CC[C@]43C)[C@H]1CC[C@H]2O,1,O=C1C=C2CCC3C4CCCC4CCC3C2CC1,0.18148148148148147,0,0.0011176371876609262
CCN1C[C@]2(COC)CC[C@@H](O)[C@@]34[C@H]5C[C@@H]6[C@@H](OC)[C@@H]5[C@@](O)(C[C@H]6OC)[C@@](O)([C@@H](OC)[C@@H]23)[C@@H]14,0,C1CC2CNC3C4CC2C3(C1)C1CC2CCC4C1C2,CC(=O)O[C@@H]1C[C@]2(C)[C@@H](C[C@@H](O)[C@@H]3[C@]4(C)CC[C@@H](O)[C@H](C)[C@H]4CC[C@]32C)/C1=C(\CCC=C(C)C)C(=O)O,1,C=C1CCC2C1CCC1C3CCCCC3CCC21,0.1542857142857143,0,0.007223997207755007
CCN1C[C@]2(COC)CC[C@@H](O)[C@@]34[C@H]5C[C@@H]6[C@@H](OC)[C@@H]5[C@@](O)(C[C@H]6OC)[C@@](O)([C@@H](OC)[C@@H]23)[C@@H]14,0,C1CC2CNC3C4CC2C3(C1)C1CC2CCC4C1C2,C[C@]12CC(=O)[C@@H]3[C@@H](CCC4=CC(=O)CC[C@H]43)[C@H]1CC[C@@]2(O)C(=O)CO,1,O=C1C=C2CCC3C4CCCC4CC(=O)C3C2CC1,0.14173174872665537,0,0.0018938292199696574
CCN1C[C@]2(COC)CC[C@@H](O)[C@@]34[C@H]5C[C@@H]6[C@@H](OC)[C@@H]5[C@@](O)(C[C@H]6OC)[C@@](O)([C@@H](OC)[C@@H]23)[C@@H]14,0,C1CC2CNC3C4CC2C3(C1)C1CC2CCC4C1C2,C[C@H]1C[C@@H]2[C@H]3CCC4=CC(=O)C=C[C@@]4(C)[C@]3(Cl)[C@@H](O)C[C@@]2(C)[C@@]1(OC(=O)c1ccco1)C(=O)CCl,1,O=C1C=CC2C(=C1)CCC1C2CCC2C(OC(=O)c3ccco3)CCC21,0.13677248677248677,0,0.0016188100395970945
CCN1C[C@]2(C)CC[C@@H](O)[C@]34[C@@H]5C[C@H]6[C@@H](O)[C@@H]5[C@](O)(C[C@@H]6OC)[C@@H](C[C@H]23)[C@@H]14,0,C1CC2CNC3C4CC2C3(C1)C1CC2CCC4C1C2,C[C@@]12CC[C@@H]3C(CCC4=CC(=O)CC[C@]43C)[C@H]1CC[C@H]2O,1,O=C1C=C2CCC3C4CCCC4CCC3C2CC1,0.2078441558441559,0,0.0003393608765352181
CCN1C[C@]2(C)CC[C@@H](O)[C@]34[C@@H]5C[C@H]6[C@@H](O)[C@@H]5[C@](O)(C[C@@H]6OC)[C@@H](C[C@H]23)[C@@H]14,0,C1CC2CNC3C4CC2C3(C1)C1CC2CCC4C1C2,C[C@]12CC(=O)[C@@H]3[C@@H](CCC4=CC(=O)CC[C@H]43)[C@H]1CC[C@@]2(O)C(=O)CO,1,O=C1C=C2CCC3C4CCCC4CC(=O)C3C2CC1,0.17241379310344832,0,0.0007297849417097792
CCN1C[C@]2(C)CC[C@@H](O)[C@]34[C@@H]5C[C@H]6[C@@H](O)[C@@H]5[C@](O)(C[C@@H]6OC)[C@@H](C[C@H]23)[C@@H]14,0,C1CC2CNC3C4CC2C3(C1)C1CC2CCC4C1C2,CC(=O)O[C@@H]1C[C@]2(C)[C@@H](C[C@@H](O)[C@@H]3[C@]4(C)CC[C@@H](O)[C@H](C)[C@H]4CC[C@]32C)/C1=C(\CCC=C(C)C)C(=O)O,1,C=C1CCC2C1CCC1C3CCCCC3CCC21,0.15442424242424244,0,0.0010304533385555848
CCN1C[C@]2(C)CC[C@@H](O)[C@]34[C@@H]5C[C@H]6[C@@H](O)[C@@H]5[C@](O)(C[C@@H]6OC)[C@@H](C[C@H]23)[C@@H]14,0,C1CC2CNC3C4CC2C3(C1)C1CC2CCC4C1C2,C[C@H]1C[C@@H]2[C@H]3CCC4=CC(=O)C=C[C@@]4(C)[C@]3(Cl)[C@@H](O)C[C@@]2(C)[C@@]1(OC(=O)c1ccco1)C(=O)CCl,1,O=C1C=CC2C(=C1)CCC1C2CCC2C(OC(=O)c3ccco3)CCC21,0.1443763783386425,0,0.0004041734081139174
Cc1c(-c2ccccc2)oc2c(C(=O)OCCN3CCCCC3)cccc2c1=O,1,O=C(OCCN1CCCCC1)c1cccc2c(=O)cc(-c3ccccc3)oc12,O=C(CCc1ccccc1)c1ccccc1OCCN1CCCCC1,1,O=C(CCc1ccccc1)c1ccccc1OCCN1CCCCC1,0.3607843137254902,1,0.8863134256878824
Cc1c(-c2ccccc2)oc2c(C(=O)OCCN3CCCCC3)cccc2c1=O,1,O=C(OCCN1CCCCC1)c1cccc2c(=O)cc(-c3ccccc3)oc12,O=c1c2ccccc2n(CCCCN2CCCCC2)c2ccccc12,1,O=c1c2ccccc2n(CCCCN2CCCCC2)c2ccccc12,0.3541666666666667,1,0.9673640155225666
Cc1c(-c2ccccc2)oc2c(C(=O)OCCN3CCCCC3)cccc2c1=O,1,O=C(OCCN1CCCCC1)c1cccc2c(=O)cc(-c3ccccc3)oc12,O=c1c2ccccc2n(CCCN2CCCCC2)c2ccccc12,1,O=c1c2ccccc2n(CCCN2CCCCC2)c2ccccc12,0.35238095238095235,1,0.9626622142649397
Cc1c(-c2ccccc2)oc2c(C(=O)OCCN3CCCCC3)cccc2c1=O,1,O=C(OCCN1CCCCC1)c1cccc2c(=O)cc(-c3ccccc3)oc12,COc1cccc2c(=O)c3ccccc3n(CCCCN3CCCCC3)c12,1,O=c1c2ccccc2n(CCCCN2CCCCC2)c2ccccc12,0.34814814814814815,1,0.9422211451098115
COc1cc2c(cc1OC)[C@H](CCCC[C@H]1NCCc3cc(OC)c(OC)cc31)NCC2,0,c1ccc2c(c1)CCNC2CCCCC1NCCc2ccccc21,COc1cc(Br)c(C[C@H]2c3cc(OC)c(OC)cc3CCN2C)cc1OC,1,c1ccc(CC2NCCc3ccccc32)cc1,0.35421245421245423,0,0.2897060280389702
COc1cc2c(cc1OC)[C@H](CCCC[C@H]1NCCc3cc(OC)c(OC)cc31)NCC2,0,c1ccc2c(c1)CCNC2CCCCC1NCCc2ccccc21,COc1cc(C[C@@H]2c3cc(OC)c(OC)cc3CCN2C)c(Oc2cc3c(cc2OC)-c2c(OC)c(OC)cc4c2[C@@H](C3)N(C)CC4)cc1OC,1,c1ccc(Oc2ccc3c(c2)CC2NCCc4cccc-3c42)c(CC2NCCc3ccccc32)c1,0.27335107956225974,0,0.1252407141452945
COc1cc2c(cc1OC)[C@H](CCCC[C@H]1NCCc3cc(OC)c(OC)cc31)NCC2,0,c1ccc2c(c1)CCNC2CCCCC1NCCc2ccccc21,COc1cc2c(cc1O)[C@@H]1Cc3ccc(OC)c(O)c3CN1CC2,1,c1ccc2c(c1)CC1c3ccccc3CCN1C2,0.26801298232960696,0,0.27579981307914964
COc1cc2c(cc1OC)[C@H](CCCC[C@H]1NCCc3cc(OC)c(OC)cc31)NCC2,0,c1ccc2c(c1)CCNC2CCCCC1NCCc2ccccc21,COc1ccc(CCNCCC[C@@](C#N)(c2ccc(OC)c(OC)c2)C(C)C)cc1OC,1,c1ccc(CCCCNCCc2ccccc2)cc1,0.2628048780487805,1,0.5821830271564177
C=C(C(=O)OC1C[C@@H]2[C@H]3O[C@H]3[C@H](C1)N2C)c1ccccc1,0,C=C(C(=O)OC1CC2NC(C1)C1OC21)c1ccccc1,Cc1nn(C)c(OC[C@@H](O)CN(C(C)C)C(C)C)c1C(=O)c1ccccc1,1,O=C(c1ccccc1)c1cn[nH]c1,0.22752100840336134,0,0.005241940898398817
C=C(C(=O)OC1C[C@@H]2[C@H]3O[C@H]3[C@H](C1)N2C)c1ccccc1,0,C=C(C(=O)OC1CC2NC(C1)C1OC21)c1ccccc1,O=C(CCc1ccccc1)c1ccccc1OCCCCN1CCOCC1,1,O=C(CCc1ccccc1)c1ccccc1OCCCCN1CCOCC1,0.22391304347826085,0,0.02263019760655101
C=C(C(=O)OC1C[C@@H]2[C@H]3O[C@H]3[C@H](C1)N2C)c1ccccc1,0,C=C(C(=O)OC1CC2NC(C1)C1OC21)c1ccccc1,Cc1ccc(C(=O)O[C@H]2[C@H](C)Nc3ccccc3[C@@H]2N2CCCC2)cc1,1,O=C(OC1CNc2ccccc2C1N1CCCC1)c1ccccc1,0.22240896358543416,0,0.04963047723011799
C=C(C(=O)OC1C[C@@H]2[C@H]3O[C@H]3[C@H](C1)N2C)c1ccccc1,0,C=C(C(=O)OC1CC2NC(C1)C1OC21)c1ccccc1,CC(C)[C@@H]1OC(=O)[C@@H](C)[C@@H](C)OC(=O)C[C@@H](O)[C@H](Cc2ccccc2)N(C)C1=O,1,O=C1COC(=O)CCOC(=O)CCC(Cc2ccccc2)N1,0.22173663024726856,0,0.041531993197498576
COc1cc2c(cc1OC)CN(CCc1ccc(NC(=O)c3ccccc3NC(=O)c3cc4ccccc4o3)cc1)CC2,1,O=C(Nc1ccccc1C(=O)Nc1ccc(CCN2CCc3ccccc3C2)cc1)c1cc2ccccc2o1,COc1cc2c(cc1OC)CN(CCc1ccc(NC(=O)c3ccccc3NC(=O)c3ccc4ccccc4n3)cc1)CC2,1,O=C(Nc1ccccc1C(=O)Nc1ccc(CCN2CCc3ccccc3C2)cc1)c1ccc2ccccc2n1,0.7707841031149302,1,0.9999617213032779
COc1cc2c(cc1OC)CN(CCc1ccc(NC(=O)c3ccccc3NC(=O)c3cc4ccccc4o3)cc1)CC2,1,O=C(Nc1ccccc1C(=O)Nc1ccc(CCN2CCc3ccccc3C2)cc1)c1cc2ccccc2o1,COc1cc2c(cc1OC)CN(CCc1ccc(NC(=O)c3ccccc3NC(=O)c3cccc4ccccc34)cc1)CC2,1,O=C(Nc1ccc(CCN2CCc3ccccc3C2)cc1)c1ccccc1NC(=O)c1cccc2ccccc12,0.7648163490748413,1,0.9998811136053426
COc1cc2c(cc1OC)CN(CCc1ccc(NC(=O)c3ccccc3NC(=O)c3cc4ccccc4o3)cc1)CC2,1,O=C(Nc1ccccc1C(=O)Nc1ccc(CCN2CCc3ccccc3C2)cc1)c1cc2ccccc2o1,COc1cc2c(cc1OC)CN(CCc1ccc(NC(=O)c3ccccc3NC(=O)c3ccccc3)cc1)CC2,1,O=C(Nc1ccccc1C(=O)Nc1ccc(CCN2CCc3ccccc3C2)cc1)c1ccccc1,0.7485714285714287,1,0.9998705413253371
COc1cc2c(cc1OC)CN(CCc1ccc(NC(=O)c3ccccc3NC(=O)c3cc4ccccc4o3)cc1)CC2,1,O=C(Nc1ccccc1C(=O)Nc1ccc(CCN2CCc3ccccc3C2)cc1)c1cc2ccccc2o1,COc1cc2c(cc1OC)CN(CCc1ccc(NC(=O)c3ccccc3NC(=O)c3cnc4ccccc4c3)cc1)CC2,1,O=C(Nc1ccccc1C(=O)Nc1ccc(CCN2CCc3ccccc3C2)cc1)c1cnc2ccccc2c1,0.7263667150459605,1,0.999971689991084
C[C@H]1COc2c(N3CCN(C)CC3)c(F)cc3c(=O)c(C(=O)O)cn1c23,0,O=c1ccn2c3c(c(N4CCNCC4)ccc13)OCC2,CN1CCN(CCCCn2c3ccccc3c(=O)c3ccccc32)CC1,1,O=c1c2ccccc2n(CCCCN2CCNCC2)c2ccccc12,0.21423728813559326,0,0.052529644496498266
C[C@H]1COc2c(N3CCN(C)CC3)c(F)cc3c(=O)c(C(=O)O)cn1c23,0,O=c1ccn2c3c(c(N4CCNCC4)ccc13)OCC2,CN1CCN(CCCn2c3ccccc3c(=O)c3ccccc32)CC1,1,O=c1c2ccccc2n(CCCN2CCNCC2)c2ccccc12,0.21423728813559326,0,0.050266408425874876
C[C@H]1COc2c(N3CCN(C)CC3)c(F)cc3c(=O)c(C(=O)O)cn1c23,0,O=c1ccn2c3c(c(N4CCNCC4)ccc13)OCC2,COc1cccc2c(=O)c3ccccc3n(CCCN3CCN(C)CC3)c12,1,O=c1c2ccccc2n(CCCN2CCNCC2)c2ccccc12,0.21031746031746035,0,0.008618650152553352
C[C@H]1COc2c(N3CCN(C)CC3)c(F)cc3c(=O)c(C(=O)O)cn1c23,0,O=c1ccn2c3c(c(N4CCNCC4)ccc13)OCC2,COc1cccc2c(=O)c3ccccc3n(CCCCN3CCN(C)CC3)c12,1,O=c1c2ccccc2n(CCCCN2CCNCC2)c2ccccc12,0.21031746031746035,0,0.01688803579050186
C[C@@H]1CC[C@@H]2[C@@H](C)[C@@H]3CC[C@@]4(O)[C@@H](C[C@@H]5[C@@H]4CC(=O)[C@@H]4CC(=O)CC[C@@]54C)[C@H]3CN2C1,0,O=C1CCC2C(C1)C(=O)CC1C2CC2C3CN4CCCCC4CC3CCC21,C[C@@]12CC[C@@H]3C(CCC4=CC(=O)CC[C@]43C)[C@H]1CC[C@H]2O,1,O=C1C=C2CCC3C4CCCC4CCC3C2CC1,0.21767594108019642,0,0.025413417250636318
C[C@@H]1CC[C@@H]2[C@@H](C)[C@@H]3CC[C@@]4(O)[C@@H](C[C@@H]5[C@@H]4CC(=O)[C@@H]4CC(=O)CC[C@@]54C)[C@H]3CN2C1,0,O=C1CCC2C(C1)C(=O)CC1C2CC2C3CN4CCCCC4CC3CCC21,C[C@]12CC(=O)[C@@H]3[C@@H](CCC4=CC(=O)CC[C@H]43)[C@H]1CC[C@@]2(O)C(=O)CO,1,O=C1C=C2CCC3C4CCCC4CC(=O)C3C2CC1,0.2151264367816092,0,0.04179801411854938
C[C@@H]1CC[C@@H]2[C@@H](C)[C@@H]3CC[C@@]4(O)[C@@H](C[C@@H]5[C@@H]4CC(=O)[C@@H]4CC(=O)CC[C@@]54C)[C@H]3CN2C1,0,O=C1CCC2C(C1)C(=O)CC1C2CC2C3CN4CCCCC4CC3CCC21,CC(=O)O[C@@H]1C[C@]2(C)[C@@H](C[C@@H](O)[C@@H]3[C@]4(C)CC[C@@H](O)[C@H](C)[C@H]4CC[C@]32C)/C1=C(\CCC=C(C)C)C(=O)O,1,C=C1CCC2C1CCC1C3CCCCC3CCC21,0.18784754764136208,0,0.027978371262575845
C[C@@H]1CC[C@@H]2[C@@H](C)[C@@H]3CC[C@@]4(O)[C@@H](C[C@@H]5[C@@H]4CC(=O)[C@@H]4CC(=O)CC[C@@]54C)[C@H]3CN2C1,0,O=C1CCC2C(C1)C(=O)CC1C2CC2C3CN4CCCCC4CC3CCC21,CC#C[C@@]1(O)CC[C@@H]2[C@H]3CCC4=CC(=O)CCC4=C3[C@@H](c3ccc(N(C)C)cc3)C[C@]21C,1,O=C1C=C2CCC3C(=C2CC1)C(c1ccccc1)CC1CCCC13,0.16474421635711958,0,0.1308568204669596
CN(C)CCO[C@H](c1ccc(Cl)cc1)c1ccccn1,0,c1ccc(Cc2ccccn2)cc1,OCCOCCN1CCN([C@H](c2ccccc2)c2ccc(Cl)cc2)CC1,1,c1ccc(C(c2ccccc2)N2CCNCC2)cc1,0.2890603085553997,0,0.05074200737157315
CN(C)CCO[C@H](c1ccc(Cl)cc1)c1ccccn1,0,c1ccc(Cc2ccccn2)cc1,CC/C(=C(/c1ccccc1)c1ccc(OCCN(C)C)cc1)c1ccccc1,1,C(=C(c1ccccc1)c1ccccc1)c1ccccc1,0.28170426065162907,0,0.02492224851373589
CN(C)CCO[C@H](c1ccc(Cl)cc1)c1ccccn1,0,c1ccc(Cc2ccccn2)cc1,CN(C)CCCN1c2ccccc2Sc2ccc(Cl)cc21,1,c1ccc2c(c1)Nc1ccccc1S2,0.2814184397163121,0,0.030137400377687827
CN(C)CCO[C@H](c1ccc(Cl)cc1)c1ccccn1,0,c1ccc(Cc2ccccn2)cc1,CN1CCCN([C@@H](c2ccccc2)c2ccc(Cl)cc2)CC1,1,c1ccc(C(c2ccccc2)N2CCCNCC2)cc1,0.26625866993064057,0,0.020341861915210636
CN(C)CC[C@H](c1ccc(Cl)cc1)c1ccccn1,0,c1ccc(Cc2ccccn2)cc1,CN1CCCN([C@@H](c2ccccc2)c2ccc(Cl)cc2)CC1,1,c1ccc(C(c2ccccc2)N2CCCNCC2)cc1,0.31588877855014896,0,0.023990644012716257
CN(C)CC[C@H](c1ccc(Cl)cc1)c1ccccn1,0,c1ccc(Cc2ccccn2)cc1,CN(C)CCCN1c2ccccc2Sc2ccc(Cl)cc21,1,c1ccc2c(c1)Nc1ccccc1S2,0.29728867623604466,0,0.028866865004050394
CN(C)CC[C@H](c1ccc(Cl)cc1)c1ccccn1,0,c1ccc(Cc2ccccn2)cc1,OCCOCCN1CCN([C@H](c2ccccc2)c2ccc(Cl)cc2)CC1,1,c1ccc(C(c2ccccc2)N2CCNCC2)cc1,0.2638297872340426,0,0.050960525022004544
CN(C)CC[C@H](c1ccc(Cl)cc1)c1ccccn1,0,c1ccc(Cc2ccccn2)cc1,CN1CCC[C@H]1CCO[C@](C)(c1ccccc1)c1ccc(Cl)cc1,1,c1ccc(C(OCCC2CCCN2)c2ccccc2)cc1,0.25620071684587814,0,0.056338413816801707
c1ccc(Cc2ccccn2)cc1,0,c1ccc(Cc2ccccn2)cc1,c1ccc(CN(CC2=NCCN2)c2ccccc2)cc1,1,c1ccc(CN(CC2=NCCN2)c2ccccc2)cc1,0.2454033771106942,0,0.001422250176804748
c1ccc(Cc2ccccn2)cc1,0,c1ccc(Cc2ccccn2)cc1,COc1cccc(CCc2ccccc2OCc2ccncc2)c1,1,c1ccc(CCc2ccccc2OCc2ccncc2)cc1,0.23005405405405407,0,0.0010539795984670646
c1ccc(Cc2ccccn2)cc1,0,c1ccc(Cc2ccccn2)cc1,CC(C)N(C[C@H](O)COc1ccccc1[C@H](O)CCc1ccccc1)C(C)C,1,c1ccc(CCCc2ccccc2)cc1,0.21808695652173915,0,0.015031002534305395
c1ccc(Cc2ccccn2)cc1,0,c1ccc(Cc2ccccn2)cc1,COc1ccc(COc2ccccc2CCc2ccccc2)cc1,1,c1ccc(CCc2ccccc2OCc2ccccc2)cc1,0.21711229946524066,0,0.003499955445863154
CNCC[C@H](c1ccccc1)c1ccccn1,0,c1ccc(Cc2ccccn2)cc1,C[C@@H](NCCC(c1ccccc1)c1ccccc1)c1ccccc1,1,c1ccc(CNCCC(c2ccccc2)c2ccccc2)cc1,0.4243421052631579,0,0.0028029188898793665
CNCC[C@H](c1ccccc1)c1ccccn1,0,c1ccc(Cc2ccccn2)cc1,CNCC[C@@H](Oc1ccc(C(F)(F)F)cc1)c1ccccc1,1,c1ccc(COc2ccccc2)cc1,0.3634146341463415,0,0.025578497420537537
CNCC[C@H](c1ccccc1)c1ccccn1,0,c1ccc(Cc2ccccn2)cc1,CC(=O)c1ccc(OC[C@@H](O)CNCCC(c2ccccc2)c2ccccc2)cc1,1,c1ccc(OCCCNCCC(c2ccccc2)c2ccccc2)cc1,0.33484848484848484,0,0.0036392636839622473
CNCC[C@H](c1ccccc1)c1ccccn1,0,c1ccc(Cc2ccccn2)cc1,O=C(CCc1ccccc1)c1ccc(OC[C@@H](O)CNCCC(c2ccccc2)c2ccccc2)cc1,1,O=C(CCc1ccccc1)c1ccc(OCCCNCCC(c2ccccc2)c2ccccc2)cc1,0.2904964539007092,0,0.0014135741421186356
CN(C)CCO[C@@](C)(c1ccccc1)c1ccccn1,0,c1ccc(Cc2ccccn2)cc1,CN1CCC[C@H]1CCO[C@](C)(c1ccccc1)c1ccc(Cl)cc1,1,c1ccc(C(OCCC2CCCN2)c2ccccc2)cc1,0.3299043062200957,0,0.011480776386762424
CN(C)CCO[C@@](C)(c1ccccc1)c1ccccn1,0,c1ccc(Cc2ccccn2)cc1,CC/C(=C(/c1ccccc1)c1ccc(OCCN(C)C)cc1)c1ccccc1,1,C(=C(c1ccccc1)c1ccccc1)c1ccccc1,0.32972027972027973,0,0.006351271593768625
CN(C)CCO[C@@](C)(c1ccccc1)c1ccccn1,0,c1ccc(Cc2ccccn2)cc1,CCCC(C(=O)OCCN(CC)CC)(c1ccccc1)c1ccccc1,1,c1ccc(Cc2ccccc2)cc1,0.2896103896103896,0,0.021225040651230966
CN(C)CCO[C@@](C)(c1ccccc1)c1ccccn1,0,c1ccc(Cc2ccccn2)cc1,CC(C)[C@](C#N)(CCCN(C)CCc1ccccc1)c1ccccc1,1,c1ccc(CCCCNCCc2ccccc2)cc1,0.2408943382618103,0,0.017099933636269354
CC(C)N(CC[C@@](C(N)=O)(c1ccccc1)c1ccccn1)C(C)C,0,c1ccc(Cc2ccccn2)cc1,CCCC(C(=O)OCCN(CC)CC)(c1ccccc1)c1ccccc1,1,c1ccc(Cc2ccccc2)cc1,0.32728635682158924,0,0.009827494163694966
CC(C)N(CC[C@@](C(N)=O)(c1ccccc1)c1ccccn1)C(C)C,0,c1ccc(Cc2ccccn2)cc1,Cc1nn(C)c(OC[C@@H](O)CN(C(C)C)C(C)C)c1C(=O)c1ccccc1,1,O=C(c1ccccc1)c1cn[nH]c1,0.2875799573560768,0,0.004984895614290156
CC(C)N(CC[C@@](C(N)=O)(c1ccccc1)c1ccccn1)C(C)C,0,c1ccc(Cc2ccccn2)cc1,CC(C)N(C[C@@H](O)COc1ccc(C(=O)CCc2ccccc2)cc1)C(C)C,1,O=C(CCc1ccccc1)c1ccccc1,0.28484848484848485,0,0.023396706219762396
CC(C)N(CC[C@@](C(N)=O)(c1ccccc1)c1ccccn1)C(C)C,0,c1ccc(Cc2ccccn2)cc1,Cc1nn(-c2ccccc2)c(OC[C@@H](O)CN(C(C)C)C(C)C)c1C(=O)c1ccccc1,1,O=C(c1ccccc1)c1cnn(-c2ccccc2)c1,0.2803007518796993,0,0.003924030203942885
CC(C)c1c(C(=O)Nc2ccccc2)c(-c2ccccc2)c(-c2ccc(F)cc2)n1CC[C@@H](O)C[C@@H](O)CC(=O)O,0,O=C(Nc1ccccc1)c1c[nH]c(-c2ccccc2)c1-c1ccccc1,CC(C)c1c(C(=O)Nc2ccccc2)c(-c2ccccc2)c(-c2ccc(F)cc2)n1CC[C@H]1C[C@@H](O)CC(=O)O1,1,O=C1CCCC(CCn2cc(C(=O)Nc3ccccc3)c(-c3ccccc3)c2-c2ccccc2)O1,0.6041415012942192,0,0.41812285565314117
CC(C)c1c(C(=O)Nc2ccccc2)c(-c2ccccc2)c(-c2ccc(F)cc2)n1CC[C@@H](O)C[C@@H](O)CC(=O)O,0,O=C(Nc1ccccc1)c1c[nH]c(-c2ccccc2)c1-c1ccccc1,CN(C)c1ccc(-c2nc(-c3ccc(C(=O)O)cc3)n(CCc3ccccc3)c2-c2ccc(N(C)C)cc2)cc1,1,c1ccc(CCn2c(-c3ccccc3)nc(-c3ccccc3)c2-c2ccccc2)cc1,0.2268235294117647,0,0.4048159858707896
CC(C)c1c(C(=O)Nc2ccccc2)c(-c2ccccc2)c(-c2ccc(F)cc2)n1CC[C@@H](O)C[C@@H](O)CC(=O)O,0,O=C(Nc1ccccc1)c1c[nH]c(-c2ccccc2)c1-c1ccccc1,COc1cc2c(cc1OC)CN(CCNC(=O)c1ccccc1NC(=O)c1ccc(-c3ccccc3)cc1)CC2,1,O=C(Nc1ccccc1C(=O)NCCN1CCc2ccccc2C1)c1ccc(-c2ccccc2)cc1,0.2169660127106936,0,0.35029419178668036
CC(C)c1c(C(=O)Nc2ccccc2)c(-c2ccccc2)c(-c2ccc(F)cc2)n1CC[C@@H](O)C[C@@H](O)CC(=O)O,0,O=C(Nc1ccccc1)c1c[nH]c(-c2ccccc2)c1-c1ccccc1,Cc1nn(C)c(OC[C@@H](O)CN(C(C)C)C(C)C)c1C(=O)c1ccccc1,1,O=C(c1ccccc1)c1cn[nH]c1,0.21090225563909776,0,0.2968517325304833
COc1ccc2c3c1O[C@H]1C[C@@H](O)C=C[C@]31CCN(C)C2,0,C1=CC23CCNCc4cccc(c42)OC3CC1,COc1ccc2c(c1OC)C(=O)O[C@@H]2[C@H]1c2c(cc3c(c2OC)OCO3)CCN1C,1,O=C1OC(C2NCCc3cc4c(cc32)OCO4)c2ccccc21,0.26250516742455565,0,0.006181461356188973
COc1ccc2c3c1O[C@H]1C[C@@H](O)C=C[C@]31CCN(C)C2,0,C1=CC23CCNCc4cccc(c42)OC3CC1,COc1ccc2c(c1OC)C(=O)O[C@@H]2[C@H]1c2cc3c(cc2CCN1C)OCO3,1,O=C1OC(C2NCCc3cc4c(cc32)OCO4)c2ccccc21,0.2611523352247927,0,0.012131712983184065
COc1ccc2c3c1O[C@H]1C[C@@H](O)C=C[C@]31CCN(C)C2,0,C1=CC23CCNCc4cccc(c42)OC3CC1,COc1cc2c(cc1O)[C@@H]1Cc3ccc(OC)c(O)c3CN1CC2,1,c1ccc2c(c1)CC1c3ccccc3CCN1C2,0.25907845579078453,0,0.0057752369792950205
COc1ccc2c3c1O[C@H]1C[C@@H](O)C=C[C@]31CCN(C)C2,0,C1=CC23CCNCc4cccc(c42)OC3CC1,COc1cccc(CCc2ccccc2OCCCN2CCc3ccccc3C2)c1,1,c1ccc(CCc2ccccc2OCCCN2CCc3ccccc3C2)cc1,0.2382716049382716,0,0.013741142030073709
Clc1cccc(Cl)c1NC1=NCCN1,0,c1ccc(NC2=NCCN2)cc1,c1ccc(CN(CC2=NCCN2)c2ccccc2)cc1,1,c1ccc(CN(CC2=NCCN2)c2ccccc2)cc1,0.2876254180602007,0,0.03203902527061792
Clc1cccc(Cl)c1NC1=NCCN1,0,c1ccc(NC2=NCCN2)cc1,Cc1cc(C(C)(C)C)c(O)c(C)c1CC1=NCCN1,1,c1ccc(CC2=NCCN2)cc1,0.21581395348837212,0,0.07322686579623729
Clc1cccc(Cl)c1NC1=NCCN1,0,c1ccc(NC2=NCCN2)cc1,Clc1ccccc1C(c1ccccc1)(c1ccccc1)n1ccnc1,1,c1ccc(C(c2ccccc2)(c2ccccc2)n2ccnc2)cc1,0.20000000000000004,0,0.02168412825033437
Clc1cccc(Cl)c1NC1=NCCN1,0,c1ccc(NC2=NCCN2)cc1,Clc1ccccc1-c1nc(N2CCCC2)c2ccccc2n1,1,c1ccc(-c2nc(N3CCCC3)c3ccccc3n2)cc1,0.19442165709598033,0,0.017305939016253505
CC(C)C[C@H]1C(=O)N2CCCC2[C@@]2(O)O[C@@](NC(=O)[C@H]3C=C4c5cccc6[nH]c(Br)c(c56)C[C@H]4N(C)C3)(C(C)C)C(=O)N12,1,O=C(NC1OC2C3CCCN3C(=O)CN2C1=O)C1C=C2c3cccc4[nH]cc(c34)CC2NC1,CC(C)C[C@H]1C(=O)N2CCCC2[C@]2(O)O[C@@](NC(=O)[C@H]3C=C4c5cccc6[nH]cc(c56)C[C@H]4N(C)C3)(C(C)C)C(=O)N12,1,O=C(NC1OC2C3CCCN3C(=O)CN2C1=O)C1C=C2c3cccc4[nH]cc(c34)CC2NC1,0.8047132757266301,1,0.9701682483271594
CC(C)C[C@H]1C(=O)N2CCCC2[C@@]2(O)O[C@@](NC(=O)[C@H]3C=C4c5cccc6[nH]c(Br)c(c56)C[C@H]4N(C)C3)(C(C)C)C(=O)N12,1,O=C(NC1OC2C3CCCN3C(=O)CN2C1=O)C1C=C2c3cccc4[nH]cc(c34)CC2NC1,CC(C)[C@]1(NC(=O)[C@H]2C=C3c4cccc5[nH]cc(c45)C[C@H]3N(C)C2)O[C@]2(O)C3CCCN3C(=O)[C@H](Cc3ccccc3)N2C1=O,1,O=C(NC1OC2C3CCCN3C(=O)C(Cc3ccccc3)N2C1=O)C1C=C2c3cccc4[nH]cc(c34)CC2NC1,0.7036893203883496,1,0.9542901775328742
CC(C)C[C@H]1C(=O)N2CCCC2[C@@]2(O)O[C@@](NC(=O)[C@H]3C=C4c5cccc6[nH]c(Br)c(c56)C[C@H]4N(C)C3)(C(C)C)C(=O)N12,1,O=C(NC1OC2C3CCCN3C(=O)CN2C1=O)C1C=C2c3cccc4[nH]cc(c34)CC2NC1,CN1C[C@@H](C(=O)NC2(C)O[C@@]3(O)[C@@H]4CCCN4C(=O)[C@H](Cc4ccccc4)N3C2=O)C[C@@H]2c3cccc4[nH]cc(c34)C[C@H]21,1,O=C(NC1OC2C3CCCN3C(=O)C(Cc3ccccc3)N2C1=O)C1CNC2Cc3c[nH]c4cccc(c34)C2C1,0.45309597523219813,1,0.91889481430247
CC(C)C[C@H]1C(=O)N2CCCC2[C@@]2(O)O[C@@](NC(=O)[C@H]3C=C4c5cccc6[nH]c(Br)c(c56)C[C@H]4N(C)C3)(C(C)C)C(=O)N12,1,O=C(NC1OC2C3CCCN3C(=O)CN2C1=O)C1C=C2c3cccc4[nH]cc(c34)CC2NC1,CCN(CC)C(=O)N[C@H]1C=C2c3cccc4[nH]cc(c34)C[C@H]2N(C)C1,1,C1=C2c3cccc4[nH]cc(c34)CC2NCC1,0.32482023307711383,1,0.9422756459831193
CC(C)[C@H]1C(=O)N2CCC[C@H]2[C@]2(O)O[C@@](NC(=O)[C@H]3C=C4c5cccc6[nH]cc(c56)C[C@@H]4N(C)C3)(C(C)C)C(=O)N12,0,O=C(NC1OC2C3CCCN3C(=O)CN2C1=O)C1C=C2c3cccc4[nH]cc(c34)CC2NC1,CC(C)C[C@H]1C(=O)N2CCCC2[C@]2(O)O[C@@](NC(=O)[C@H]3C=C4c5cccc6[nH]cc(c56)C[C@H]4N(C)C3)(C(C)C)C(=O)N12,1,O=C(NC1OC2C3CCCN3C(=O)CN2C1=O)C1C=C2c3cccc4[nH]cc(c34)CC2NC1,0.853968253968254,1,0.6550746484610104
CC(C)[C@H]1C(=O)N2CCC[C@H]2[C@]2(O)O[C@@](NC(=O)[C@H]3C=C4c5cccc6[nH]cc(c56)C[C@@H]4N(C)C3)(C(C)C)C(=O)N12,0,O=C(NC1OC2C3CCCN3C(=O)CN2C1=O)C1C=C2c3cccc4[nH]cc(c34)CC2NC1,CC(C)[C@]1(NC(=O)[C@H]2C=C3c4cccc5[nH]cc(c45)C[C@H]3N(C)C2)O[C@]2(O)C3CCCN3C(=O)[C@H](Cc3ccccc3)N2C1=O,1,O=C(NC1OC2C3CCCN3C(=O)C(Cc3ccccc3)N2C1=O)C1C=C2c3cccc4[nH]cc(c34)CC2NC1,0.8295362903225807,1,0.5899629620406674
CC(C)[C@H]1C(=O)N2CCC[C@H]2[C@]2(O)O[C@@](NC(=O)[C@H]3C=C4c5cccc6[nH]cc(c56)C[C@@H]4N(C)C3)(C(C)C)C(=O)N12,0,O=C(NC1OC2C3CCCN3C(=O)CN2C1=O)C1C=C2c3cccc4[nH]cc(c34)CC2NC1,CC(C)C[C@H]1C(=O)N2CCCC2[C@@]2(O)O[C@@](NC(=O)[C@H]3C=C4c5cccc6[nH]c(Br)c(c56)C[C@H]4N(C)C3)(C(C)C)C(=O)N12,1,O=C(NC1OC2C3CCCN3C(=O)CN2C1=O)C1C=C2c3cccc4[nH]cc(c34)CC2NC1,0.6983188405797102,1,0.5322229777821701
CC(C)[C@H]1C(=O)N2CCC[C@H]2[C@]2(O)O[C@@](NC(=O)[C@H]3C=C4c5cccc6[nH]cc(c56)C[C@@H]4N(C)C3)(C(C)C)C(=O)N12,0,O=C(NC1OC2C3CCCN3C(=O)CN2C1=O)C1C=C2c3cccc4[nH]cc(c34)CC2NC1,CN1C[C@@H](C(=O)NC2(C)O[C@@]3(O)[C@@H]4CCCN4C(=O)[C@H](Cc4ccccc4)N3C2=O)C[C@@H]2c3cccc4[nH]cc(c34)C[C@H]21,1,O=C(NC1OC2C3CCCN3C(=O)C(Cc3ccccc3)N2C1=O)C1CNC2Cc3c[nH]c4cccc(c34)C2C1,0.5071428571428572,0,0.4992950713782358
CC(C)C[C@H]1C(=O)N2CCCC2[C@]2(O)O[C@@](NC(=O)[C@H]3C=C4c5cccc6[nH]cc(c56)C[C@H]4N(C)C3)(C(C)C)C(=O)N12,1,O=C(NC1OC2C3CCCN3C(=O)CN2C1=O)C1C=C2c3cccc4[nH]cc(c34)CC2NC1,CC(C)[C@]1(NC(=O)[C@H]2C=C3c4cccc5[nH]cc(c45)C[C@H]3N(C)C2)O[C@]2(O)C3CCCN3C(=O)[C@H](Cc3ccccc3)N2C1=O,1,O=C(NC1OC2C3CCCN3C(=O)C(Cc3ccccc3)N2C1=O)C1C=C2c3cccc4[nH]cc(c34)CC2NC1,0.8713315217391304,1,0.851257892256636
CC(C)C[C@H]1C(=O)N2CCCC2[C@]2(O)O[C@@](NC(=O)[C@H]3C=C4c5cccc6[nH]cc(c56)C[C@H]4N(C)C3)(C(C)C)C(=O)N12,1,O=C(NC1OC2C3CCCN3C(=O)CN2C1=O)C1C=C2c3cccc4[nH]cc(c34)CC2NC1,CC(C)C[C@H]1C(=O)N2CCCC2[C@@]2(O)O[C@@](NC(=O)[C@H]3C=C4c5cccc6[nH]c(Br)c(c56)C[C@H]4N(C)C3)(C(C)C)C(=O)N12,1,O=C(NC1OC2C3CCCN3C(=O)CN2C1=O)C1C=C2c3cccc4[nH]cc(c34)CC2NC1,0.8047132757266301,1,0.8847135294611805
CC(C)C[C@H]1C(=O)N2CCCC2[C@]2(O)O[C@@](NC(=O)[C@H]3C=C4c5cccc6[nH]cc(c56)C[C@H]4N(C)C3)(C(C)C)C(=O)N12,1,O=C(NC1OC2C3CCCN3C(=O)CN2C1=O)C1C=C2c3cccc4[nH]cc(c34)CC2NC1,CN1C[C@@H](C(=O)NC2(C)O[C@@]3(O)[C@@H]4CCCN4C(=O)[C@H](Cc4ccccc4)N3C2=O)C[C@@H]2c3cccc4[nH]cc(c34)C[C@H]21,1,O=C(NC1OC2C3CCCN3C(=O)C(Cc3ccccc3)N2C1=O)C1CNC2Cc3c[nH]c4cccc(c34)C2C1,0.5392535392535392,1,0.7011606188166309
CC(C)C[C@H]1C(=O)N2CCCC2[C@]2(O)O[C@@](NC(=O)[C@H]3C=C4c5cccc6[nH]cc(c56)C[C@H]4N(C)C3)(C(C)C)C(=O)N12,1,O=C(NC1OC2C3CCCN3C(=O)CN2C1=O)C1C=C2c3cccc4[nH]cc(c34)CC2NC1,CCN(CC)C(=O)N[C@H]1C=C2c3cccc4[nH]cc(c34)C[C@H]2N(C)C1,1,C1=C2c3cccc4[nH]cc(c34)CC2NCC1,0.44123649459783915,1,0.8283843907376757
O=C(CCc1ccccc1)c1ccccc1OCCCCCCCCN1CCCCC1,1,O=C(CCc1ccccc1)c1ccccc1OCCCCCCCCN1CCCCC1,O=C(CCc1ccccc1)c1ccccc1OCCCCCN1CCCCC1,1,O=C(CCc1ccccc1)c1ccccc1OCCCCCN1CCCCC1,1.0,1,0.9981689364926766
O=C(CCc1ccccc1)c1ccccc1OCCCCCCCCN1CCCCC1,1,O=C(CCc1ccccc1)c1ccccc1OCCCCCCCCN1CCCCC1,O=C(CCc1ccccc1)c1ccccc1OCCCCCCN1CCCCC1,1,O=C(CCc1ccccc1)c1ccccc1OCCCCCCN1CCCCC1,1.0,1,0.9989892595985354
O=C(CCc1ccccc1)c1ccccc1OCCCCCCCCN1CCCCC1,1,O=C(CCc1ccccc1)c1ccccc1OCCCCCCCCN1CCCCC1,O=C(CCc1ccccc1)c1ccccc1OCCCCN1CCCCC1,1,O=C(CCc1ccccc1)c1ccccc1OCCCCN1CCCCC1,0.9818181818181819,1,0.9776589926963672
O=C(CCc1ccccc1)c1ccccc1OCCCCCCCCN1CCCCC1,1,O=C(CCc1ccccc1)c1ccccc1OCCCCCCCCN1CCCCC1,O=C(CCc1ccccc1)c1ccccc1OCCCN1CCCCC1,1,O=C(CCc1ccccc1)c1ccccc1OCCCN1CCCCC1,0.9159856630824373,1,0.9760528105103717
C=C1C[C@@]23C[C@@H]4[C@@H]5[C@]6(C)C[C@H](OC(=O)c7ccccc7)[C@@H](OC(C)=O)[C@]57[C@H]([C@@H]2[C@@H](O)[C@@H]1[C@H](OC(C)=O)[C@H]37)N4C6,0,C=C1CC23CC4C5C6CC(OC(=O)c7ccccc7)CC57C(C2CC1CC37)N4C6,Cc1ccc(C(=O)O[C@H]2[C@H](C)Nc3ccccc3[C@@H]2N2CCCC2)cc1,1,O=C(OC1CNc2ccccc2C1N1CCCC1)c1ccccc1,0.22016366612111293,0,0.01678333642349892
C=C1C[C@@]23C[C@@H]4[C@@H]5[C@]6(C)C[C@H](OC(=O)c7ccccc7)[C@@H](OC(C)=O)[C@]57[C@H]([C@@H]2[C@@H](O)[C@@H]1[C@H](OC(C)=O)[C@H]37)N4C6,0,C=C1CC23CC4C5C6CC(OC(=O)c7ccccc7)CC57C(C2CC1CC37)N4C6,CC(=O)O[C@@H]1C[C@]2(C)[C@@H](C[C@@H](O)[C@@H]3[C@]4(C)CC[C@@H](O)[C@H](C)[C@H]4CC[C@]32C)/C1=C(\CCC=C(C)C)C(=O)O,1,C=C1CCC2C1CCC1C3CCCCC3CCC21,0.2063244142875432,0,0.08566049410717884
C=C1C[C@@]23C[C@@H]4[C@@H]5[C@]6(C)C[C@H](OC(=O)c7ccccc7)[C@@H](OC(C)=O)[C@]57[C@H]([C@@H]2[C@@H](O)[C@@H]1[C@H](OC(C)=O)[C@H]37)N4C6,0,C=C1CC23CC4C5C6CC(OC(=O)c7ccccc7)CC57C(C2CC1CC37)N4C6,COc1ccc([C@H]2Sc3ccccc3N(CCN(C)C)C(=O)[C@@H]2OC(C)=O)cc1,1,O=C1CC(c2ccccc2)Sc2ccccc2N1,0.19411764705882356,0,0.0620990944372784
C=C1C[C@@]23C[C@@H]4[C@@H]5[C@]6(C)C[C@H](OC(=O)c7ccccc7)[C@@H](OC(C)=O)[C@]57[C@H]([C@@H]2[C@@H](O)[C@@H]1[C@H](OC(C)=O)[C@H]37)N4C6,0,C=C1CC23CC4C5C6CC(OC(=O)c7ccccc7)CC57C(C2CC1CC37)N4C6,COC(=O)N1[C@H]2C3[C@H](c4ccccc4)C4(CO)[C@@H]1C1[C@@H](c5ccccc5)C2(CO)[C@@H]3N(C(=O)OC)[C@H]14,1,c1ccc(C2C3C4NC5C2C2NC3C4C(c3ccccc3)C52)cc1,0.19379310344827586,0,0.00378974112178288
O=C(CCc1ccccc1)c1ccccc1OCCCCCCN1CCCCC1,1,O=C(CCc1ccccc1)c1ccccc1OCCCCCCN1CCCCC1,O=C(CCc1ccccc1)c1ccccc1OCCCCCCCCN1CCCCC1,1,O=C(CCc1ccccc1)c1ccccc1OCCCCCCCCN1CCCCC1,1.0,1,0.9968484408389252
O=C(CCc1ccccc1)c1ccccc1OCCCCCCN1CCCCC1,1,O=C(CCc1ccccc1)c1ccccc1OCCCCCCN1CCCCC1,O=C(CCc1ccccc1)c1ccccc1OCCCCCN1CCCCC1,1,O=C(CCc1ccccc1)c1ccccc1OCCCCCN1CCCCC1,1.0,1,0.998275827462191
O=C(CCc1ccccc1)c1ccccc1OCCCCCCN1CCCCC1,1,O=C(CCc1ccccc1)c1ccccc1OCCCCCCN1CCCCC1,O=C(CCc1ccccc1)c1ccccc1OCCCCN1CCCCC1,1,O=C(CCc1ccccc1)c1ccccc1OCCCCN1CCCCC1,0.9818181818181819,1,0.9789554621891389
O=C(CCc1ccccc1)c1ccccc1OCCCCCCN1CCCCC1,1,O=C(CCc1ccccc1)c1ccccc1OCCCCCCN1CCCCC1,O=C(CCc1ccccc1)c1ccccc1OCCCN1CCCCC1,1,O=C(CCc1ccccc1)c1ccccc1OCCCN1CCCCC1,0.9159856630824373,1,0.9703826182057245
COC(=O)C1=C(C)NC(C)=C(C(=O)OCCN(C)Cc2ccccc2)[C@@H]1c1cccc([N+](=O)[O-])c1,1,O=C(OCCNCc1ccccc1)C1=CNC=CC1c1ccccc1,CCOC(=O)C1=C(C)NC(C)=C(C(=O)OC)[C@H]1c1cccc([N+](=O)[O-])c1,1,C1=CC(c2ccccc2)C=CN1,0.7029935851746258,1,0.9951226051684563
COC(=O)C1=C(C)NC(C)=C(C(=O)OCCN(C)Cc2ccccc2)[C@@H]1c1cccc([N+](=O)[O-])c1,1,O=C(OCCNCc1ccccc1)C1=CNC=CC1c1ccccc1,COC(=O)C1=C(C)NC(C)=C(C(=O)OCCN2CCN(C(c3ccccc3)c3ccccc3)CC2)[C@H]1c1cccc([N+](=O)[O-])c1,1,O=C(OCCN1CCN(C(c2ccccc2)c2ccccc2)CC1)C1=CNC=CC1c1ccccc1,0.6475294117647059,1,0.9829847759598184
COC(=O)C1=C(C)NC(C)=C(C(=O)OCCN(C)Cc2ccccc2)[C@@H]1c1cccc([N+](=O)[O-])c1,1,O=C(OCCNCc1ccccc1)C1=CNC=CC1c1ccccc1,COC(=O)C1=C(C)NC(C)=C(C(=O)OCCCN2CCC(c3ccccc3)(c3ccccc3)CC2)[C@H]1c1cccc([N+](=O)[O-])c1,1,O=C(OCCCN1CCC(c2ccccc2)(c2ccccc2)CC1)C1=CNC=CC1c1ccccc1,0.6314074074074074,1,0.995003988715174
COC(=O)C1=C(C)NC(C)=C(C(=O)OCCN(C)Cc2ccccc2)[C@@H]1c1cccc([N+](=O)[O-])c1,1,O=C(OCCNCc1ccccc1)C1=CNC=CC1c1ccccc1,COC(=O)C1=C(C)NC(C)=C(C(=O)O[C@H]2CCCN(Cc3ccccc3)C2)[C@@H]1c1cccc([N+](=O)[O-])c1,1,O=C(OC1CCCN(Cc2ccccc2)C1)C1=CNC=CC1c1ccccc1,0.611976911976912,1,0.9861201525375035
Clc1ccccc1C(c1ccccc1)(c1ccccc1)n1ccnc1,1,c1ccc(C(c2ccccc2)(c2ccccc2)n2ccnc2)cc1,Clc1ccc([C@H](Cn2ccnc2)OCc2c(Cl)cccc2Cl)c(Cl)c1,1,c1ccc(COC(Cn2ccnc2)c2ccccc2)cc1,0.3185964912280702,1,0.9076126678372283
Clc1ccccc1C(c1ccccc1)(c1ccccc1)n1ccnc1,1,c1ccc(C(c2ccccc2)(c2ccccc2)n2ccnc2)cc1,Clc1ccccc1-c1nc(N2CCCC2)c2ccccc2n1,1,c1ccc(-c2nc(N3CCCC3)c3ccccc3n2)cc1,0.21802371541501978,1,0.9075885070972005
Clc1ccccc1C(c1ccccc1)(c1ccccc1)n1ccnc1,1,c1ccc(C(c2ccccc2)(c2ccccc2)n2ccnc2)cc1,CN1CCC[C@H]1CCO[C@](C)(c1ccccc1)c1ccc(Cl)cc1,1,c1ccc(C(OCCC2CCCN2)c2ccccc2)cc1,0.20182149362477234,1,0.936619924080343
Clc1ccccc1C(c1ccccc1)(c1ccccc1)n1ccnc1,1,c1ccc(C(c2ccccc2)(c2ccccc2)n2ccnc2)cc1,CC(=O)N1CCN(c2ccc(OC[C@@H]3CO[C@@](Cn4ccnc4)(c4ccc(Cl)cc4Cl)O3)cc2)CC1,1,c1ccc(C2(Cn3ccnc3)OCC(COc3ccc(N4CCNCC4)cc3)O2)cc1,0.1968992248062016,1,0.960714991742032
COc1cc2c(N)nc(N3CCN(C(=O)OCC(C)(C)O)CC3)nc2c(OC)c1OC,0,c1ccc2nc(N3CCNCC3)ncc2c1,CCOC(=O)N1CCC(=C2c3ccc(Cl)cc3CCc3cccnc32)CC1,1,c1ccc2c(c1)CCc1cccnc1C2=C1CCNCC1,0.23554661301140173,0,0.0021555414397888086
COc1cc2c(N)nc(N3CCN(C(=O)OCC(C)(C)O)CC3)nc2c(OC)c1OC,0,c1ccc2nc(N3CCNCC3)ncc2c1,COc1cc2c(cc1OC)CN(CCc1ccc(NC(=O)c3cc4ccccc4cn3)cc1)CC2,1,O=C(Nc1ccc(CCN2CCc3ccccc3C2)cc1)c1cc2ccccc2cn1,0.22303030303030305,0,0.0009130023392762721
COc1cc2c(N)nc(N3CCN(C(=O)OCC(C)(C)O)CC3)nc2c(OC)c1OC,0,c1ccc2nc(N3CCNCC3)ncc2c1,COc1cc2c(cc1OC)CN(CCc1ccc(NC(=O)c3cnc4ccccc4n3)cc1)CC2,1,O=C(Nc1ccc(CCN2CCc3ccccc3C2)cc1)c1cnc2ccccc2n1,0.22145748987854252,0,0.0019225356940246138
COc1cc2c(N)nc(N3CCN(C(=O)OCC(C)(C)O)CC3)nc2c(OC)c1OC,0,c1ccc2nc(N3CCNCC3)ncc2c1,COc1cc2c(cc1OC)CN(CCNC(=O)c1ccccc1NC(=O)c1ccc3ccccc3n1)CC2,1,O=C(Nc1ccccc1C(=O)NCCN1CCc2ccccc2C1)c1ccc2ccccc2n1,0.21723052714398114,0,0.0053852470257560025
C=CCN1CCN(c2nc(N)c3cc(OC)c(OC)cc3n2)CC1,0,c1ccc2nc(N3CCNCC3)ncc2c1,COc1cc2nc(NCCc3cccc(OC)c3OC)nc(NCCc3cccc(OC)c3OC)c2cc1OC,1,c1ccc(CCNc2nc(NCCc3ccccc3)c3ccccc3n2)cc1,0.2938997821350763,0,0.005474232506206425
C=CCN1CCN(c2nc(N)c3cc(OC)c(OC)cc3n2)CC1,0,c1ccc2nc(N3CCNCC3)ncc2c1,COc1cccc(CCc2ccccc2OCCN2CCN(c3ncccn3)CC2)c1,1,c1ccc(CCc2ccccc2OCCN2CCN(c3ncccn3)CC2)cc1,0.2794794794794795,0,0.023226664197875658
C=CCN1CCN(c2nc(N)c3cc(OC)c(OC)cc3n2)CC1,0,c1ccc2nc(N3CCNCC3)ncc2c1,COc1cccc(CCc2ccccc2OCCCN2CCN(c3ncccn3)CC2)c1,1,c1ccc(CCc2ccccc2OCCCN2CCN(c3ncccn3)CC2)cc1,0.2728421052631579,0,0.03517212013790589
C=CCN1CCN(c2nc(N)c3cc(OC)c(OC)cc3n2)CC1,0,c1ccc2nc(N3CCNCC3)ncc2c1,COc1cccc(CCc2ccccc2OCCCCCN2CCN(c3ncccn3)CC2)c1,1,c1ccc(CCc2ccccc2OCCCCCN2CCN(c3ncccn3)CC2)cc1,0.2651992075720889,0,0.02676804518368509
COc1cc(S(C)=O)ccc1-c1nc2ncccc2[nH]1,0,c1ccc(-c2nc3ncccc3[nH]2)cc1,COc1cc2c(cc1OC)CN(CCc1ccc(NC(=O)c3cccnc3)cc1)CC2,1,O=C(Nc1ccc(CCN2CCc3ccccc3C2)cc1)c1cccnc1,0.22348077718065318,0,0.01795632771633641
COc1cc(S(C)=O)ccc1-c1nc2ncccc2[nH]1,0,c1ccc(-c2nc3ncccc3[nH]2)cc1,COc1cc2c(cc1OC)CN(CCc1ccc(NC(=O)c3ccccc3NC(=O)c3ccccn3)cc1)CC2,1,O=C(Nc1ccccc1C(=O)Nc1ccc(CCN2CCc3ccccc3C2)cc1)c1ccccn1,0.21864224137931035,0,0.005028525001205583
COc1cc(S(C)=O)ccc1-c1nc2ncccc2[nH]1,0,c1ccc(-c2nc3ncccc3[nH]2)cc1,COc1cc2c(cc1OC)CN(CCc1ccc(NC(=O)c3ccccc3NC(=O)c3cccnc3)cc1)CC2,1,O=C(Nc1ccccc1C(=O)Nc1ccc(CCN2CCc3ccccc3C2)cc1)c1cccnc1,0.2148387096774194,0,0.005457206572742773
COc1cc(S(C)=O)ccc1-c1nc2ncccc2[nH]1,0,c1ccc(-c2nc3ncccc3[nH]2)cc1,COc1cccc(CCc2ccccc2OCc2ccncc2)c1,1,c1ccc(CCc2ccccc2OCc2ccncc2)cc1,0.21387755102040817,0,0.0028135565261037903
Oc1ccc(/C=C/c2cc(O)cc(O)c2)cc1,0,C(=Cc1ccccc1)c1ccccc1,C[C@H](Cc1ccc(O)cc1)NC[C@H](O)c1cc(O)cc(O)c1,1,c1ccc(CCNCCc2ccccc2)cc1,0.29463414634146345,0,0.0007311909437311186
Oc1ccc(/C=C/c2cc(O)cc(O)c2)cc1,0,C(=Cc1ccccc1)c1ccccc1,O=C1C[C@H](c2ccc(O)cc2)Oc2cc(O)cc(O)c21,1,O=C1CC(c2ccccc2)Oc2ccccc21,0.25701425356339086,0,0.0002799476381209859
Oc1ccc(/C=C/c2cc(O)cc(O)c2)cc1,0,C(=Cc1ccccc1)c1ccccc1,CC(C)N(C[C@H](O)COc1ccc(O)cc1C(=O)CCc1ccccc1)C(C)C,1,O=C(CCc1ccccc1)c1ccccc1,0.19151366789065688,0,0.13370780947994343
Oc1ccc(/C=C/c2cc(O)cc(O)c2)cc1,0,C(=Cc1ccccc1)c1ccccc1,CN(C)c1ccc(-c2nc(-c3ccc(O)cc3)[nH]c2-c2ccc(N(C)C)cc2)cc1,1,c1ccc(-c2nc(-c3ccccc3)c(-c3ccccc3)[nH]2)cc1,0.1864801864801865,0,0.0020263582041125066
CC/C(=C(\CC)c1ccc(O)cc1)c1ccc(O)cc1,0,C(=Cc1ccccc1)c1ccccc1,CC/C(=C(/c1ccccc1)c1ccc(OCCN(C)C)cc1)c1ccccc1,1,C(=C(c1ccccc1)c1ccccc1)c1ccccc1,0.31714285714285717,0,0.1104434294673161
CC/C(=C(\CC)c1ccc(O)cc1)c1ccc(O)cc1,0,C(=Cc1ccccc1)c1ccccc1,C[C@H](Cc1ccc(O)cc1)NC[C@H](O)c1cc(O)cc(O)c1,1,c1ccc(CCNCCc2ccccc2)cc1,0.26387195121951224,0,0.002097236875993834
CC/C(=C(\CC)c1ccc(O)cc1)c1ccc(O)cc1,0,C(=Cc1ccccc1)c1ccccc1,O=C1C[C@H](c2ccc(O)cc2)Oc2cc(O)cc(O)c21,1,O=C1CC(c2ccccc2)Oc2ccccc21,0.21420454545454548,0,0.05117381893909277
CC/C(=C(\CC)c1ccc(O)cc1)c1ccc(O)cc1,0,C(=Cc1ccccc1)c1ccccc1,CN(C)c1ccc(-c2nc(-c3ccc(O)cc3)[nH]c2-c2ccc(N(C)C)cc2)cc1,1,c1ccc(-c2nc(-c3ccccc3)c(-c3ccccc3)[nH]2)cc1,0.21142857142857144,0,0.08667534301727879
c1ccc(Cn2ccnc2)cc1,0,c1ccc(Cn2ccnc2)cc1,Clc1ccccc1C(c1ccccc1)(c1ccccc1)n1ccnc1,1,c1ccc(C(c2ccccc2)(c2ccccc2)n2ccnc2)cc1,0.3998257839721254,0,0.013271306391185391
c1ccc(Cn2ccnc2)cc1,0,c1ccc(Cn2ccnc2)cc1,Clc1ccc([C@H](Cn2ccnc2)OCc2c(Cl)cccc2Cl)c(Cl)c1,1,c1ccc(COC(Cn2ccnc2)c2ccccc2)cc1,0.3456140350877193,0,0.013220607130751311
c1ccc(Cn2ccnc2)cc1,0,c1ccc(Cn2ccnc2)cc1,OCC12[C@H](c3ccccc3)C3[C@@H]4N(Cc5ccccc5)[C@H]1C1[C@H](c5ccccc5)C4(CO)[C@@H]3N(Cc3ccccc3)[C@H]12,1,c1ccc(CN2C3C4C(c5ccccc5)C5C2C2C(c6ccccc6)C3C4N(Cc3ccccc3)C52)cc1,0.2548347613219094,0,0.02132836703040276
c1ccc(Cn2ccnc2)cc1,0,c1ccc(Cn2ccnc2)cc1,c1ccc(CN(CC2=NCCN2)c2ccccc2)cc1,1,c1ccc(CN(CC2=NCCN2)c2ccccc2)cc1,0.23,0,0.006795274562390352
O=C(Nc1ccccc1)OC[C@@H](CN1CCCCC1)OC(=O)Nc1ccccc1,1,O=C(Nc1ccccc1)OCC(CN1CCCCC1)OC(=O)Nc1ccccc1,CC(=O)O[C@H](COc1ccccc1C(=O)CCc1ccccc1)CN1CCCCC1,1,O=C(CCc1ccccc1)c1ccccc1OCCCN1CCCCC1,0.4220238095238095,1,0.8605635557254852
O=C(Nc1ccccc1)OC[C@@H](CN1CCCCC1)OC(=O)Nc1ccccc1,1,O=C(Nc1ccccc1)OCC(CN1CCCCC1)OC(=O)Nc1ccccc1,O=C(CCc1ccccc1)c1ccc(OC[C@H](O)CN2CCCCC2)cc1,1,O=C(CCc1ccccc1)c1ccc(OCCCN2CCCCC2)cc1,0.3579986833443055,1,0.9732416528575505
O=C(Nc1ccccc1)OC[C@@H](CN1CCCCC1)OC(=O)Nc1ccccc1,1,O=C(Nc1ccccc1)OCC(CN1CCCCC1)OC(=O)Nc1ccccc1,O=C(CCc1ccccc1)c1ccccc1OC[C@H](O)CN1CCCCC1,1,O=C(CCc1ccccc1)c1ccccc1OCCCN1CCCCC1,0.3579986833443055,1,0.9262528880553931
O=C(Nc1ccccc1)OC[C@@H](CN1CCCCC1)OC(=O)Nc1ccccc1,1,O=C(Nc1ccccc1)OCC(CN1CCCCC1)OC(=O)Nc1ccccc1,O=C(CCc1ccccc1)c1ccc(OC[C@@H](O)CN2CCCCC2)cc1,1,O=C(CCc1ccccc1)c1ccc(OCCCN2CCCCC2)cc1,0.3579986833443055,1,0.9732416528575505
CCN1CCN(C(=O)N[C@H](C(=O)N[C@H]2C(=O)N3C(C(=O)O)=C(CSc4nnnn4C)CS[C@@H]23)c2ccc(O)cc2)C(=O)C1=O,0,O=C1NCCN(C(=O)NC(C(=O)NC2C(=O)N3C=C(CSc4nnn[nH]4)CSC23)c2ccccc2)C1=O,CO/N=C(/C(=O)N[C@H]1C(=O)N2C(C(=O)O)=C(COC(C)=O)CS[C@@H]12)c1csc(N)n1,1,N=C(C(=O)NC1C(=O)N2C=CCSC12)c1cscn1,0.32123552123552124,0,0.004864408139960065
CCN1CCN(C(=O)N[C@H](C(=O)N[C@H]2C(=O)N3C(C(=O)O)=C(CSc4nnnn4C)CS[C@@H]23)c2ccc(O)cc2)C(=O)C1=O,0,O=C1NCCN(C(=O)NC(C(=O)NC2C(=O)N3C=C(CSc4nnn[nH]4)CSC23)c2ccccc2)C1=O,Cc1c(O)cccc1C(=O)N[C@@H](CSc1ccccc1)[C@H](O)CN1C[C@H]2CCCC[C@H]2C[C@H]1C(=O)NC(C)(C)C,1,O=C(NC(CCN1CCC2CCCCC2C1)CSc1ccccc1)c1ccccc1,0.1611336032388664,0,0.12271557227449958
CCN1CCN(C(=O)N[C@H](C(=O)N[C@H]2C(=O)N3C(C(=O)O)=C(CSc4nnnn4C)CS[C@@H]23)c2ccc(O)cc2)C(=O)C1=O,0,O=C1NCCN(C(=O)NC(C(=O)NC2C(=O)N3C=C(CSc4nnn[nH]4)CSC23)c2ccccc2)C1=O,CCC(=O)N(c1ccccc1)C1CCN(CCc2ccccc2)CC1,1,c1ccc(CCN2CCC(Nc3ccccc3)CC2)cc1,0.15953883495145632,0,0.008015363080803346
CCN1CCN(C(=O)N[C@H](C(=O)N[C@H]2C(=O)N3C(C(=O)O)=C(CSc4nnnn4C)CS[C@@H]23)c2ccc(O)cc2)C(=O)C1=O,0,O=C1NCCN(C(=O)NC(C(=O)NC2C(=O)N3C=C(CSc4nnn[nH]4)CSC23)c2ccccc2)C1=O,O=C1C[C@H](c2ccc(O)cc2)Oc2cc(O)cc(O)c21,1,O=C1CC(c2ccccc2)Oc2ccccc21,0.1580542264752791,0,0.0003305030228543135
CC(C)NC[C@H](O)COc1cccc2ccccc12,0,c1ccc2ccccc2c1,CC(C)NC[C@@H](O)COc1ccc(Oc2ccccc2)cc1C(=O)CCc1ccccc1,1,O=C(CCc1ccccc1)c1cccc(Oc2ccccc2)c1,0.4536434108527132,0,0.12930025303889545
CC(C)NC[C@H](O)COc1cccc2ccccc12,0,c1ccc2ccccc2c1,COc1ccccc1OCCNC[C@H](O)COc1cccc2[nH]c3ccccc3c12,1,c1ccc(OCCNCCCOc2cccc3[nH]c4ccccc4c23)cc1,0.43018563357546413,0,0.08190513091583874
CC(C)NC[C@H](O)COc1cccc2ccccc12,0,c1ccc2ccccc2c1,O=C(CCc1cccc2ccccc12)c1ccccc1OC[C@@H](O)CNCCC(c1ccccc1)c1ccccc1,1,O=C(CCc1cccc2ccccc12)c1ccccc1OCCCNCCC(c1ccccc1)c1ccccc1,0.42581090407177363,0,0.13508267459180043
CC(C)NC[C@H](O)COc1cccc2ccccc12,0,c1ccc2ccccc2c1,O=C(CCc1cccc2ccccc12)c1ccccc1OC[C@H](O)CNCCC(c1ccccc1)c1ccccc1,1,O=C(CCc1cccc2ccccc12)c1ccccc1OCCCNCCC(c1ccccc1)c1ccccc1,0.42581090407177363,0,0.13508267459180043
CNC(=O)Oc1cccc2ccccc12,0,c1ccc2ccccc2c1,COc1cc2c(cc1OC)CN(CCc1ccc(NC(=O)c3cccc4ccccc34)cc1)CC2,1,O=C(Nc1ccc(CCN2CCc3ccccc3C2)cc1)c1cccc2ccccc12,0.27035573122529644,0,0.001351425918918905
CNC(=O)Oc1cccc2ccccc12,0,c1ccc2ccccc2c1,O=C(CCc1cccc2ccccc12)c1ccccc1OC[C@@H](O)CNCCC(c1ccccc1)c1ccccc1,1,O=C(CCc1cccc2ccccc12)c1ccccc1OCCCNCCC(c1ccccc1)c1ccccc1,0.2698979591836735,0,0.0005972598965611342
CNC(=O)Oc1cccc2ccccc12,0,c1ccc2ccccc2c1,O=C(CCc1cccc2ccccc12)c1ccccc1OC[C@H](O)CNCCC(c1ccccc1)c1ccccc1,1,O=C(CCc1cccc2ccccc12)c1ccccc1OCCCNCCC(c1ccccc1)c1ccccc1,0.2698979591836735,0,0.0005972598965611342
CNC(=O)Oc1cccc2ccccc12,0,c1ccc2ccccc2c1,O=C(CCc1cccc2ccccc12)c1ccccc1OC[C@H](O)CN1CCCCC1,1,O=C(CCc1cccc2ccccc12)c1ccccc1OCCCN1CCCCC1,0.2661633493479753,0,0.00593874220085072
NCCCCCCNS(=O)(=O)c1cccc2c(Cl)cccc12,0,c1ccc2ccccc2c1,NCc1ccc(S(N)(=O)=O)cc1,1,c1ccccc1,0.23032329988851727,0,0.020857409947292665
NCCCCCCNS(=O)(=O)c1cccc2c(Cl)cccc12,0,c1ccc2ccccc2c1,Clc1ccccc1-c1nc(N2CCCC2)c2ccccc2n1,1,c1ccc(-c2nc(N3CCCC3)c3ccccc3n2)cc1,0.1764305598515311,0,0.017243659352714054
NCCCCCCNS(=O)(=O)c1cccc2c(Cl)cccc12,0,c1ccc2ccccc2c1,O=c1c2ccccc2c(Cc2ccc(Cl)cc2)nn1[C@H]1CCCNCC1,1,O=c1c2ccccc2c(Cc2ccccc2)nn1C1CCCNCC1,0.17030332681017613,0,0.05639246411455244
NCCCCCCNS(=O)(=O)c1cccc2c(Cl)cccc12,0,c1ccc2ccccc2c1,COc1cc2c(cc1OC)CN(CCNC(=O)c1c(Cl)cccc1NC(=O)c1ccc(C(C)C)cc1)CC2,1,O=C(Nc1ccccc1C(=O)NCCN1CCc2ccccc2C1)c1ccccc1,0.1685856432125089,0,0.19910030804809006
NCCCCCCNSc1cccc2c(Cl)cccc12,0,c1ccc2ccccc2c1,Clc1ccccc1-c1nc(N2CCCC2)c2ccccc2n1,1,c1ccc(-c2nc(N3CCCC3)c3ccccc3n2)cc1,0.1817470664928292,0,0.01851570884758244
NCCCCCCNSc1cccc2c(Cl)cccc12,0,c1ccc2ccccc2c1,Clc1ccc([C@H](Cn2ccnc2)OCc2c(Cl)cccc2Cl)c(Cl)c1,1,c1ccc(COC(Cn2ccnc2)c2ccccc2)cc1,0.16292223095051062,0,0.012422243254835662
NCCCCCCNSc1cccc2c(Cl)cccc12,0,c1ccc2ccccc2c1,COc1ccccc1OCCNC[C@H](O)COc1cccc2[nH]c3ccccc3c12,1,c1ccc(OCCNCCCOc2cccc3[nH]c4ccccc4c23)cc1,0.1583838383838384,0,0.1545369203254699
NCCCCCCNSc1cccc2c(Cl)cccc12,0,c1ccc2ccccc2c1,CCCNC[C@@H](O)c1oc2ccccc2c1CC,1,c1ccc2occc2c1,0.15316606929510157,0,0.19892216400875523
COc1ccc2cc([C@H](C)C(=O)O)ccc2c1,0,c1ccc2ccccc2c1,CC[C@@H](C)c1ccc(N2C(=O)c3ccccc3N[C@@H]2c2ccc(OC)cc2)cc1,1,O=C1c2ccccc2NC(c2ccccc2)N1c1ccccc1,0.250070126227209,0,0.017465236778386337
COc1ccc2cc([C@H](C)C(=O)O)ccc2c1,0,c1ccc2ccccc2c1,CNC[C@@H](O)c1ccc(O)c(OC)c1,1,c1ccccc1,0.24545454545454548,0,0.0010980755069473723
COc1ccc2cc([C@H](C)C(=O)O)ccc2c1,0,c1ccc2ccccc2c1,COc1ccc2c(c1)N(C[C@@H](C)CN(C)C)c1ccccc1S2,1,c1ccc2c(c1)Nc1ccccc1S2,0.24538011695906434,0,0.0009846885137722557
COc1ccc2cc([C@H](C)C(=O)O)ccc2c1,0,c1ccc2ccccc2c1,COc1ccc(COc2ccccc2CCc2cccc(OC)c2)cc1,1,c1ccc(CCc2ccccc2OCc2ccccc2)cc1,0.2409356725146199,0,0.0203221167111069
CC(C)(C)OC(=O)CN(Cc1ccccc1)[C@H]1c2cc(C#N)ccc2OC(C)(C)[C@@H]1O,1,c1ccc(CNC2CCOc3ccccc32)cc1,CC1(C)Oc2ccc(C#N)cc2[C@H](N2CCN(Cc3ccccc3)CC2)[C@H]1O,1,c1ccc(CN2CCN(C3CCOc4ccccc43)CC2)cc1,0.5260911118190507,1,0.9898805835992676
CC(C)(C)OC(=O)CN(Cc1ccccc1)[C@H]1c2cc(C#N)ccc2OC(C)(C)[C@@H]1O,1,c1ccc(CNC2CCOc3ccccc32)cc1,CC(C)(C)OC(=O)N1[C@H]2C3[C@H](c4ccccc4)C4(CO)[C@@H]1C1[C@H](c5ccccc5)C2(CO)[C@@H]3N(C(=O)OC(C)(C)C)[C@H]14,1,c1ccc(C2C3C4NC5C2C2NC3C4C(c3ccccc3)C52)cc1,0.25894105894105895,1,0.7693498984648397
CC(C)(C)OC(=O)CN(Cc1ccccc1)[C@H]1c2cc(C#N)ccc2OC(C)(C)[C@@H]1O,1,c1ccc(CNC2CCOc3ccccc32)cc1,COC(=O)C1=C(C)NC(C)=C(C(=O)OCCN(C)Cc2ccccc2)[C@@H]1c1cccc([N+](=O)[O-])c1,1,O=C(OCCNCc1ccccc1)C1=CNC=CC1c1ccccc1,0.25,1,0.8589989125216715
CC(C)(C)OC(=O)CN(Cc1ccccc1)[C@H]1c2cc(C#N)ccc2OC(C)(C)[C@@H]1O,1,c1ccc(CNC2CCOc3ccccc32)cc1,CCCN(CCC)C[C@@H](O)COc1ccc(C(=O)CCc2ccccc2)cc1,1,O=C(CCc1ccccc1)c1ccccc1,0.22155388471177945,1,0.9095196017517816
O=C1c2c(O)ccc(O)c2C(=O)c2c(NCCNCCO)ccc(NCCNCCO)c21,0,O=C1c2ccccc2C(=O)c2ccccc21,CNC[C@@H](O)c1ccc(O)c(OC)c1,1,c1ccccc1,0.1949399656946827,0,0.022626966728082433
O=C1c2c(O)ccc(O)c2C(=O)c2c(NCCNCCO)ccc(NCCNCCO)c21,0,O=C1c2ccccc2C(=O)c2ccccc21,CCCNC[C@H](O)Cn1c(C)c(C(=O)CCc2ccccc2)c(=O)n1-c1ccccc1,1,O=C(CCc1ccccc1)c1c[nH]n(-c2ccccc2)c1=O,0.17783421842530595,0,0.006270929367128069
O=C1c2c(O)ccc(O)c2C(=O)c2c(NCCNCCO)ccc(NCCNCCO)c21,0,O=C1c2ccccc2C(=O)c2ccccc21,O=C1C[C@H](c2ccc(O)cc2)Oc2cc(O)cc(O)c21,1,O=C1CC(c2ccccc2)Oc2ccccc21,0.17639751552795033,0,0.00035222255625143106
O=C1c2c(O)ccc(O)c2C(=O)c2c(NCCNCCO)ccc(NCCNCCO)c21,0,O=C1c2ccccc2C(=O)c2ccccc21,CCCCNC[C@@H](O)Cn1c(C)c(C(=O)CCc2ccccc2)c(=O)n1-c1ccccc1,1,O=C(CCc1ccccc1)c1c[nH]n(-c2ccccc2)c1=O,0.17344233318603622,0,0.006408673205550233
COc1ccc(C[C@@H](N)C(=O)N[C@H]2[C@@H](O)[C@@H](n3cnc4c(N(C)C)ncnc43)O[C@@H]2CO)cc1,0,O=C(CCc1ccccc1)NC1COC(n2cnc3cncnc32)C1,COC(=O)c1c2n(c3c(N4CCN(CCc5ccccc5)CC4)ncnc13)CCCC2,1,c1ccc(CCN2CCN(c3ncnc4cc5n(c34)CCCC5)CC2)cc1,0.20162407451636016,0,0.003461834083458353
COc1ccc(C[C@@H](N)C(=O)N[C@H]2[C@@H](O)[C@@H](n3cnc4c(N(C)C)ncnc43)O[C@@H]2CO)cc1,0,O=C(CCc1ccccc1)NC1COC(n2cnc3cncnc32)C1,COc1ccc([C@H]2Sc3ccccc3N(CCN(C)C)C(=O)[C@@H]2OC(C)=O)cc1,1,O=C1CC(c2ccccc2)Sc2ccccc2N1,0.19639052512846225,0,0.00035704266387889794
COc1ccc(C[C@@H](N)C(=O)N[C@H]2[C@@H](O)[C@@H](n3cnc4c(N(C)C)ncnc43)O[C@@H]2CO)cc1,0,O=C(CCc1ccccc1)NC1COC(n2cnc3cncnc32)C1,COc1ccc(CCN2CCC(Nc3nc4ccccc4n3Cc3ccc(F)cc3)CC2)cc1,1,c1ccc(CCN2CCC(Nc3nc4ccccc4n3Cc3ccccc3)CC2)cc1,0.1959814169570267,0,0.03216574932810848
COc1ccc(C[C@@H](N)C(=O)N[C@H]2[C@@H](O)[C@@H](n3cnc4c(N(C)C)ncnc43)O[C@@H]2CO)cc1,0,O=C(CCc1ccccc1)NC1COC(n2cnc3cncnc32)C1,COc1cccc(CCN2CCN(c3ncnc4c(C#N)c5n(c34)CCCC5)CC2)c1,1,c1ccc(CCN2CCN(c3ncnc4cc5n(c34)CCCC5)CC2)cc1,0.19555251453985634,0,0.0014545656674245782
CCOC(=O)C1=C[C@@]2(CC)CCCN3CCc4c(n1c1ccccc41)[C@H]32,1,C1=Cn2c3c(c4ccccc42)CCN2CCCC1C32,O=c1c2ccccc2n(CCCCN2CCCCC2)c2ccccc12,1,O=c1c2ccccc2n(CCCCN2CCCCC2)c2ccccc12,0.24573623559539054,1,0.8465689201580752
CCOC(=O)C1=C[C@@]2(CC)CCCN3CCc4c(n1c1ccccc41)[C@H]32,1,C1=Cn2c3c(c4ccccc42)CCN2CCCC1C32,O=c1c2ccccc2n(CCCN2CCCCC2)c2ccccc12,1,O=c1c2ccccc2n(CCCN2CCCCC2)c2ccccc12,0.2445674044265594,1,0.8499869630284349
CCOC(=O)C1=C[C@@]2(CC)CCCN3CCc4c(n1c1ccccc41)[C@H]32,1,C1=Cn2c3c(c4ccccc42)CCN2CCCC1C32,Cc1c(-c2ccccc2)oc2c(C(=O)OCCN3CCCCC3)cccc2c1=O,1,O=C(OCCN1CCCCC1)c1cccc2c(=O)cc(-c3ccccc3)oc12,0.2427315753887762,1,0.6114956713572375
CCOC(=O)C1=C[C@@]2(CC)CCCN3CCc4c(n1c1ccccc41)[C@H]32,1,C1=Cn2c3c(c4ccccc42)CCN2CCCC1C32,CN1CCN(CCCCn2c3ccccc3c(=O)c3ccccc32)CC1,1,O=c1c2ccccc2n(CCCCN2CCNCC2)c2ccccc12,0.2409356725146199,1,0.7751993580388573
CN(C)CC[C@@](O)(c1ccccc1)c1ccccc1Cl,0,c1ccc(Cc2ccccc2)cc1,Clc1ccccc1C(c1ccccc1)(c1ccccc1)n1ccnc1,1,c1ccc(C(c2ccccc2)(c2ccccc2)n2ccnc2)cc1,0.32456140350877194,0,0.07418419895463425
CN(C)CC[C@@](O)(c1ccccc1)c1ccccc1Cl,0,c1ccc(Cc2ccccc2)cc1,CN(C)C(=O)C(CCN1CCC(O)(c2ccc(Cl)cc2)CC1)(c1ccccc1)c1ccccc1,1,c1ccc(C2CCN(CCC(c3ccccc3)c3ccccc3)CC2)cc1,0.30715971675845793,0,0.08173516906133699
CN(C)CC[C@@](O)(c1ccccc1)c1ccccc1Cl,0,c1ccc(Cc2ccccc2)cc1,CN(C)CCCN1c2ccccc2Sc2ccc(Cl)cc21,1,c1ccc2c(c1)Nc1ccccc1S2,0.27692307692307694,0,0.10752588464600799
CN(C)CC[C@@](O)(c1ccccc1)c1ccccc1Cl,0,c1ccc(Cc2ccccc2)cc1,CCCC(C(=O)OCCN(CC)CC)(c1ccccc1)c1ccccc1,1,c1ccc(Cc2ccccc2)cc1,0.27403414195867026,0,0.08880804526099206
CCCC(C(=O)OCCN(CC)CC)(c1ccccc1)c1ccccc1,1,c1ccc(Cc2ccccc2)cc1,CCN(CC)C[C@@H](O)COc1ccccc1C(=O)c1ccccc1,1,O=C(c1ccccc1)c1ccccc1,0.3258023106546855,1,0.7043854522338789
CCCC(C(=O)OCCN(CC)CC)(c1ccccc1)c1ccccc1,1,c1ccc(Cc2ccccc2)cc1,CCN(CC)C[C@@H](O)COc1ccccc1C(=O)CCc1ccccc1,1,O=C(CCc1ccccc1)c1ccccc1,0.3104841784216546,1,0.7552442293741027
CCCC(C(=O)OCCN(CC)CC)(c1ccccc1)c1ccccc1,1,c1ccc(Cc2ccccc2)cc1,CCN(CC)C[C@H](O)COc1ccccc1C(=O)CCc1ccccc1,1,O=C(CCc1ccccc1)c1ccccc1,0.3104841784216546,1,0.7552442293741027
CCCC(C(=O)OCCN(CC)CC)(c1ccccc1)c1ccccc1,1,c1ccc(Cc2ccccc2)cc1,CN(C)C(=O)C(CCN1CCC(O)(c2ccc(Cl)cc2)CC1)(c1ccccc1)c1ccccc1,1,c1ccc(C2CCN(CCC(c3ccccc3)c3ccccc3)CC2)cc1,0.2926495726495727,1,0.6346060554063608
CC(C)N(CCC(C(N)=O)(c1ccccc1)c1ccccc1)C(C)C,0,c1ccc(Cc2ccccc2)cc1,CCCC(C(=O)OCCN(CC)CC)(c1ccccc1)c1ccccc1,1,c1ccc(Cc2ccccc2)cc1,0.39128516271373415,0,0.04660834851990308
CC(C)N(CCC(C(N)=O)(c1ccccc1)c1ccccc1)C(C)C,0,c1ccc(Cc2ccccc2)cc1,CN(C)C(=O)C(CCN1CCC(O)(c2ccc(Cl)cc2)CC1)(c1ccccc1)c1ccccc1,1,c1ccc(C2CCN(CCC(c3ccccc3)c3ccccc3)CC2)cc1,0.31701795472287275,0,0.1900067840144963
CC(C)N(CCC(C(N)=O)(c1ccccc1)c1ccccc1)C(C)C,0,c1ccc(Cc2ccccc2)cc1,CC(C)N(C[C@H](O)COc1ccccc1C(=O)CCc1ccccc1)C(C)C,1,O=C(CCc1ccccc1)c1ccccc1,0.30890136327185247,0,0.09159088652810735
CC(C)N(CCC(C(N)=O)(c1ccccc1)c1ccccc1)C(C)C,0,c1ccc(Cc2ccccc2)cc1,CC(C)N(C[C@@H](O)COc1ccc(C(=O)CCc2ccccc2)cc1)C(C)C,1,O=C(CCc1ccccc1)c1ccccc1,0.30890136327185247,0,0.0877525839248824
COc1ccc(C(OCCN(C)C)c2ccccc2)cc1,0,c1ccc(Cc2ccccc2)cc1,CC/C(=C(/c1ccccc1)c1ccc(OCCN(C)C)cc1)c1ccccc1,1,C(=C(c1ccccc1)c1ccccc1)c1ccccc1,0.3911748483177055,0,0.09048364635181295
COc1ccc(C(OCCN(C)C)c2ccccc2)cc1,0,c1ccc(Cc2ccccc2)cc1,COc1ccc2c(c1)N(C[C@@H](C)CN(C)C)c1ccccc1S2,1,c1ccc2c(c1)Nc1ccccc1S2,0.3280701754385965,0,0.08636856232717588
COc1ccc(C(OCCN(C)C)c2ccccc2)cc1,0,c1ccc(Cc2ccccc2)cc1,COc1ccc([C@H]2Sc3ccccc3N(CCN(C)C)C(=O)[C@@H]2OC(C)=O)cc1,1,O=C1CC(c2ccccc2)Sc2ccccc2N1,0.3147474747474748,0,0.37065527271268867
COc1ccc(C(OCCN(C)C)c2ccccc2)cc1,0,c1ccc(Cc2ccccc2)cc1,COc1ccc(COc2ccccc2CCc2ccccc2)cc1,1,c1ccc(CCc2ccccc2OCc2ccccc2)cc1,0.3142857142857143,0,0.07555974907351377
NCC(c1ccccc1)c1ccccc1,0,c1ccc(Cc2ccccc2)cc1,C[C@@H](NCCC(c1ccccc1)c1ccccc1)c1ccccc1,1,c1ccc(CNCCC(c2ccccc2)c2ccccc2)cc1,0.3904047976011994,0,0.00472196667806734
NCC(c1ccccc1)c1ccccc1,0,c1ccc(Cc2ccccc2)cc1,CC(=O)c1ccc(OC[C@@H](O)CNCCC(c2ccccc2)c2ccccc2)cc1,1,c1ccc(OCCCNCCC(c2ccccc2)c2ccccc2)cc1,0.24278959810874706,0,0.010102837743047849
NCC(c1ccccc1)c1ccccc1,0,c1ccc(Cc2ccccc2)cc1,O=C(CCc1ccccc1)c1ccccc1OC[C@@H](O)CNCC(c1ccccc1)c1ccccc1,1,O=C(CCc1ccccc1)c1ccccc1OCCCNCC(c1ccccc1)c1ccccc1,0.23905129619415336,0,0.0018337595972819864
NCC(c1ccccc1)c1ccccc1,0,c1ccc(Cc2ccccc2)cc1,O=C(CCc1ccccc1)c1ccccc1OC[C@H](O)CNCC(c1ccccc1)c1ccccc1,1,O=C(CCc1ccccc1)c1ccccc1OCCCNCC(c1ccccc1)c1ccccc1,0.23905129619415336,0,0.0018337595972819864
Cc1ccccc1[C@H](OCCN(C)C)c1ccccc1,0,c1ccc(Cc2ccccc2)cc1,CC/C(=C(/c1ccccc1)c1ccc(OCCN(C)C)cc1)c1ccccc1,1,C(=C(c1ccccc1)c1ccccc1)c1ccccc1,0.32466460268317854,0,0.04142053452729995
Cc1ccccc1[C@H](OCCN(C)C)c1ccccc1,0,c1ccc(Cc2ccccc2)cc1,CCCC(C(=O)OCCN(CC)CC)(c1ccccc1)c1ccccc1,1,c1ccc(Cc2ccccc2)cc1,0.2492063492063492,0,0.1421996840848156
Cc1ccccc1[C@H](OCCN(C)C)c1ccccc1,0,c1ccc(Cc2ccccc2)cc1,OCCOCCN1CCN([C@H](c2ccccc2)c2ccc(Cl)cc2)CC1,1,c1ccc(C(c2ccccc2)N2CCNCC2)cc1,0.23692307692307696,0,0.11650108385839819
Cc1ccccc1[C@H](OCCN(C)C)c1ccccc1,0,c1ccc(Cc2ccccc2)cc1,CN(C)C[C@H](O)COc1ccccc1C(=O)CCc1ccccc1,1,O=C(CCc1ccccc1)c1ccccc1,0.23523809523809525,0,0.09250819501353034
CC(c1ccc(OC#N)cc1)c1ccc(OC#N)cc1,0,c1ccc(Cc2ccccc2)cc1,COc1ccc(CCNCCC[C@@](C#N)(c2ccc(OC)c(OC)c2)C(C)C)cc1OC,1,c1ccc(CCCCNCCc2ccccc2)cc1,0.20804450149764658,0,0.0032154626480610507
CC(c1ccc(OC#N)cc1)c1ccc(OC#N)cc1,0,c1ccc(Cc2ccccc2)cc1,CC[C@@H](C)c1ccc(N2C(=O)c3ccccc3N[C@@H]2c2ccc(OC)cc2)cc1,1,O=C1c2ccccc2NC(c2ccccc2)N1c1ccccc1,0.20556279878313777,0,0.014121171756120312
CC(c1ccc(OC#N)cc1)c1ccc(OC#N)cc1,0,c1ccc(Cc2ccccc2)cc1,CNCC[C@@H](Oc1ccc(C(F)(F)F)cc1)c1ccccc1,1,c1ccc(COc2ccccc2)cc1,0.20249433106575965,0,0.0026017524879605953
CC(c1ccc(OC#N)cc1)c1ccc(OC#N)cc1,0,c1ccc(Cc2ccccc2)cc1,CC(=O)c1ccc(OC[C@@H](O)CNCCC(c2ccccc2)c2ccccc2)cc1,1,c1ccc(OCCCNCCC(c2ccccc2)c2ccccc2)cc1,0.19933014354066986,0,0.0030386244220348174
CN(C)C(=O)C(c1ccccc1)c1ccccc1,0,c1ccc(Cc2ccccc2)cc1,C[C@@H](NCCC(c1ccccc1)c1ccccc1)c1ccccc1,1,c1ccc(CNCCC(c2ccccc2)c2ccccc2)cc1,0.2888888888888889,0,0.011486957248236958
CN(C)C(=O)C(c1ccccc1)c1ccccc1,0,c1ccc(Cc2ccccc2)cc1,CC(=O)c1ccc(OC[C@@H](O)CNCCC(c2ccccc2)c2ccccc2)cc1,1,c1ccc(OCCCNCCC(c2ccccc2)c2ccccc2)cc1,0.26181630546955625,0,0.00593126265888362
CN(C)C(=O)C(c1ccccc1)c1ccccc1,0,c1ccc(Cc2ccccc2)cc1,CN(C)C(=O)C(CCN1CCC(O)(c2ccc(Cl)cc2)CC1)(c1ccccc1)c1ccccc1,1,c1ccc(C2CCN(CCC(c3ccccc3)c3ccccc3)CC2)cc1,0.24887218045112783,0,0.009214914446966437
CN(C)C(=O)C(c1ccccc1)c1ccccc1,0,c1ccc(Cc2ccccc2)cc1,CN(C)C[C@H](O)COc1ccccc1C(=O)CCc1ccccc1,1,O=C(CCc1ccccc1)c1ccccc1,0.24800000000000003,0,0.013489727424526742
Clc1ccc([C@H](c2ccccc2Cl)C(Cl)Cl)cc1,0,c1ccc(Cc2ccccc2)cc1,CN1CCCN([C@@H](c2ccccc2)c2ccc(Cl)cc2)CC1,1,c1ccc(C(c2ccccc2)N2CCCNCC2)cc1,0.29986111111111113,0,0.011487933240103986
Clc1ccc([C@H](c2ccccc2Cl)C(Cl)Cl)cc1,0,c1ccc(Cc2ccccc2)cc1,OCCOCCN1CCN([C@H](c2ccccc2)c2ccc(Cl)cc2)CC1,1,c1ccc(C(c2ccccc2)N2CCNCC2)cc1,0.25641025641025644,0,0.052788418028901586
Clc1ccc([C@H](c2ccccc2Cl)C(Cl)Cl)cc1,0,c1ccc(Cc2ccccc2)cc1,CC[C@H](C)c1ccc([C@@H]2Nc3ccccc3C(=O)N2c2ccc(Cl)cc2)cc1,1,O=C1c2ccccc2NC(c2ccccc2)N1c1ccccc1,0.23431034482758623,0,0.05099679297462347
Clc1ccc([C@H](c2ccccc2Cl)C(Cl)Cl)cc1,0,c1ccc(Cc2ccccc2)cc1,Clc1ccc([C@H](Cn2ccnc2)OCc2c(Cl)cccc2Cl)c(Cl)c1,1,c1ccc(COC(Cn2ccnc2)c2ccccc2)cc1,0.2269576379974326,0,0.043640260872505096
Clc1ccc(C(c2ccc(Cl)cc2)C(Cl)(Cl)Cl)cc1,0,c1ccc(Cc2ccccc2)cc1,CN1CCCN([C@@H](c2ccccc2)c2ccc(Cl)cc2)CC1,1,c1ccc(C(c2ccccc2)N2CCCNCC2)cc1,0.2866666666666667,0,0.00524860960427364
Clc1ccc(C(c2ccc(Cl)cc2)C(Cl)(Cl)Cl)cc1,0,c1ccc(Cc2ccccc2)cc1,OCCOCCN1CCN([C@H](c2ccccc2)c2ccc(Cl)cc2)CC1,1,c1ccc(C(c2ccccc2)N2CCNCC2)cc1,0.24128809660724557,0,0.028046081530526238
Clc1ccc(C(c2ccc(Cl)cc2)C(Cl)(Cl)Cl)cc1,0,c1ccc(Cc2ccccc2)cc1,NC(=O)OC[C@@H](O)COc1ccc(Cl)cc1,1,c1ccccc1,0.2284848484848485,0,0.011459128781599664
Clc1ccc(C(c2ccc(Cl)cc2)C(Cl)(Cl)Cl)cc1,0,c1ccc(Cc2ccccc2)cc1,CC[C@H](C)c1ccc([C@@H]2Nc3ccccc3C(=O)N2c2ccc(Cl)cc2)cc1,1,O=C1c2ccccc2NC(c2ccccc2)N1c1ccccc1,0.21866931479642504,0,0.034216873952144684
CCN(CC)CCOC(=O)C(c1ccccc1)c1ccccc1,0,c1ccc(Cc2ccccc2)cc1,CCCC(C(=O)OCCN(CC)CC)(c1ccccc1)c1ccccc1,1,c1ccc(Cc2ccccc2)cc1,0.5472140762463343,0,0.3354175857848912
CCN(CC)CCOC(=O)C(c1ccccc1)c1ccccc1,0,c1ccc(Cc2ccccc2)cc1,CCN(CC)C[C@@H](O)COc1ccccc1C(=O)c1ccccc1,1,O=C(c1ccccc1)c1ccccc1,0.3558704453441296,0,0.05417541113874956
CCN(CC)CCOC(=O)C(c1ccccc1)c1ccccc1,0,c1ccc(Cc2ccccc2)cc1,CCN(CC)C[C@@H](O)COc1ccccc1C(=O)CCc1ccccc1,1,O=C(CCc1ccccc1)c1ccccc1,0.33031358885017426,0,0.12766934745048597
CCN(CC)CCOC(=O)C(c1ccccc1)c1ccccc1,0,c1ccc(Cc2ccccc2)cc1,CCN(CC)C[C@H](O)COc1ccccc1C(=O)CCc1ccccc1,1,O=C(CCc1ccccc1)c1ccccc1,0.33031358885017426,0,0.12766934745048597
C[C@@H](CC(C(N)=O)(c1ccccc1)c1ccccc1)N(C)C,0,c1ccc(Cc2ccccc2)cc1,CCCC(C(=O)OCCN(CC)CC)(c1ccccc1)c1ccccc1,1,c1ccc(Cc2ccccc2)cc1,0.3476756756756757,0,0.012237948368374451
C[C@@H](CC(C(N)=O)(c1ccccc1)c1ccccc1)N(C)C,0,c1ccc(Cc2ccccc2)cc1,CN(C)C(=O)C(CCN1CCC(O)(c2ccc(Cl)cc2)CC1)(c1ccccc1)c1ccccc1,1,c1ccc(C2CCN(CCC(c3ccccc3)c3ccccc3)CC2)cc1,0.30363636363636365,0,0.020440295097792917
C[C@@H](CC(C(N)=O)(c1ccccc1)c1ccccc1)N(C)C,0,c1ccc(Cc2ccccc2)cc1,CC(C)[C@](C#N)(CCCN(C)CCc1ccccc1)c1ccccc1,1,c1ccc(CCCCNCCc2ccccc2)cc1,0.27671840354767185,0,0.020158411634578665
C[C@@H](CC(C(N)=O)(c1ccccc1)c1ccccc1)N(C)C,0,c1ccc(Cc2ccccc2)cc1,CN(C)C[C@H](O)COc1ccccc1C(=O)CCc1ccccc1,1,O=C(CCc1ccccc1)c1ccccc1,0.24764890282131663,0,0.017038255497041185
CCN(CC)CCOC(=O)C(O)(c1ccccc1)c1ccccc1,0,c1ccc(Cc2ccccc2)cc1,CCCC(C(=O)OCCN(CC)CC)(c1ccccc1)c1ccccc1,1,c1ccc(Cc2ccccc2)cc1,0.6675535846267554,0,0.04315717560211529
CCN(CC)CCOC(=O)C(O)(c1ccccc1)c1ccccc1,0,c1ccc(Cc2ccccc2)cc1,CCN(CC)C[C@@H](O)COc1ccccc1C(=O)c1ccccc1,1,O=C(c1ccccc1)c1ccccc1,0.33674641148325357,0,0.07308335239624252
CCN(CC)CCOC(=O)C(O)(c1ccccc1)c1ccccc1,0,c1ccc(Cc2ccccc2)cc1,CCN(CC)C[C@@H](O)COc1ccccc1C(=O)CCc1ccccc1,1,O=C(CCc1ccccc1)c1ccccc1,0.3134353038445639,0,0.1419180547004074
CCN(CC)CCOC(=O)C(O)(c1ccccc1)c1ccccc1,0,c1ccc(Cc2ccccc2)cc1,CCN(CC)C[C@H](O)COc1ccccc1C(=O)CCc1ccccc1,1,O=C(CCc1ccccc1)c1ccccc1,0.3134353038445639,0,0.1419180547004074
COc1ccc(C(c2ccc(OC)cc2)C(Cl)(Cl)Cl)cc1,0,c1ccc(Cc2ccccc2)cc1,COc1ccc(COc2ccccc2CCc2ccccc2)cc1,1,c1ccc(CCc2ccccc2OCc2ccccc2)cc1,0.2827586206896552,0,0.24207052403774446
COc1ccc(C(c2ccc(OC)cc2)C(Cl)(Cl)Cl)cc1,0,c1ccc(Cc2ccccc2)cc1,COc1ccc(COc2ccccc2CCc2cccc(OC)c2)cc1,1,c1ccc(CCc2ccccc2OCc2ccccc2)cc1,0.26333333333333336,0,0.28659214697294577
COc1ccc(C(c2ccc(OC)cc2)C(Cl)(Cl)Cl)cc1,0,c1ccc(Cc2ccccc2)cc1,CC[C@@H](C)c1ccc(N2C(=O)c3ccccc3N[C@@H]2c2ccc(OC)cc2)cc1,1,O=C1c2ccccc2NC(c2ccccc2)N1c1ccccc1,0.26153846153846155,0,0.16221023675845128
COc1ccc(C(c2ccc(OC)cc2)C(Cl)(Cl)Cl)cc1,0,c1ccc(Cc2ccccc2)cc1,CNC[C@@H](O)c1ccc(O)c(OC)c1,1,c1ccccc1,0.24160206718346253,0,0.001480449571698845
CN(C)CCOC(c1ccccc1)c1ccccc1,0,c1ccc(Cc2ccccc2)cc1,CC/C(=C(/c1ccccc1)c1ccc(OCCN(C)C)cc1)c1ccccc1,1,C(=C(c1ccccc1)c1ccccc1)c1ccccc1,0.37090909090909097,0,0.03643562534987701
CN(C)CCOC(c1ccccc1)c1ccccc1,0,c1ccc(Cc2ccccc2)cc1,CCCC(C(=O)OCCN(CC)CC)(c1ccccc1)c1ccccc1,1,c1ccc(Cc2ccccc2)cc1,0.28076685219542363,0,0.1373427554224508
CN(C)CCOC(c1ccccc1)c1ccccc1,0,c1ccc(Cc2ccccc2)cc1,OCCOCCN1CCN([C@H](c2ccccc2)c2ccc(Cl)cc2)CC1,1,c1ccc(C(c2ccccc2)N2CCNCC2)cc1,0.2756756756756757,0,0.08691540929302284
CN(C)CCOC(c1ccccc1)c1ccccc1,0,c1ccc(Cc2ccccc2)cc1,C[C@@H](NCCC(c1ccccc1)c1ccccc1)c1ccccc1,1,c1ccc(CNCCC(c2ccccc2)c2ccccc2)cc1,0.2668730650154799,0,0.0709798005938082
COc1cc([C@H]2c3cc4c(cc3[C@H](O)[C@H]3COC(=O)C23)OCO4)cc(OC)c1OC,0,O=C1OCC2Cc3cc4c(cc3C(c3ccccc3)C12)OCO4,COc1ccc2c(c1OC)C(=O)O[C@@H]2[C@H]1c2cc3c(cc2CCN1C)OCO3,1,O=C1OC(C2NCCc3cc4c(cc32)OCO4)c2ccccc21,0.32119551681195513,0,0.17836277371901443
COc1cc([C@H]2c3cc4c(cc3[C@H](O)[C@H]3COC(=O)C23)OCO4)cc(OC)c1OC,0,O=C1OCC2Cc3cc4c(cc3C(c3ccccc3)C12)OCO4,COc1ccc2c(c1OC)C(=O)O[C@@H]2[C@H]1c2c(cc3c(c2OC)OCO3)CCN1C,1,O=C1OC(C2NCCc3cc4c(cc32)OCO4)c2ccccc21,0.28460299194476407,0,0.2560748100581015
COc1cc([C@H]2c3cc4c(cc3[C@H](O)[C@H]3COC(=O)C23)OCO4)cc(OC)c1OC,0,O=C1OCC2Cc3cc4c(cc3C(c3ccccc3)C12)OCO4,COc1c2c(cc3oc(-c4ccccc4)cc(=O)c13)OCO2,1,O=c1cc(-c2ccccc2)oc2cc3c(cc12)OCO3,0.25477088948787063,0,0.08177539646806685
COc1cc([C@H]2c3cc4c(cc3[C@H](O)[C@H]3COC(=O)C23)OCO4)cc(OC)c1OC,0,O=C1OCC2Cc3cc4c(cc3C(c3ccccc3)C12)OCO4,COc1ccc2c(c1)OC[C@H]1[C@@H]2C2=C(OC1(C)C)C1=C(C(=O)C2=O)[C@H]2c3ccc(OC)cc3OC[C@H]2C(C)(C)O1,1,O=C1C(=O)C2=C(OCC3COc4ccccc4C23)C2=C1C1c3ccccc3OCC1CO2,0.24273504273504273,0,0.05693684488423105
C[C@@]12CC[C@@H]3C(CCC4=CC(=O)CC[C@]43C)[C@H]1CC[C@H]2O,1,O=C1C=C2CCC3C4CCCC4CCC3C2CC1,CCNC(=O)Nc1ccc(S[C@@H]2CC3=CC(=O)CC[C@]3(C)[C@@H]3CC[C@]4(C)[C@@H](C(C)=O)CC[C@@H]4[C@@H]32)cc1,1,O=C1C=C2CC(Sc3ccccc3)C3C4CCCC4CCC3C2CC1,0.35251948051948057,1,0.860579276668085
C[C@@]12CC[C@@H]3C(CCC4=CC(=O)CC[C@]43C)[C@H]1CC[C@H]2O,1,O=C1C=C2CCC3C4CCCC4CCC3C2CC1,C[C@]12CC(=O)[C@@H]3[C@@H](CCC4=CC(=O)CC[C@H]43)[C@H]1CC[C@@]2(O)C(=O)CO,1,O=C1C=C2CCC3C4CCCC4CC(=O)C3C2CC1,0.343402225755167,0,0.38767810762750715
C[C@@]12CC[C@@H]3C(CCC4=CC(=O)CC[C@]43C)[C@H]1CC[C@H]2O,1,O=C1C=C2CCC3C4CCCC4CCC3C2CC1,CC(=O)[C@@H]1CC[C@@H]2[C@@H]3[C@H](Sc4ccc(NC(=O)NCCCl)cc4)CC4=CC(=O)CC[C@]4(C)[C@H]3CC[C@@]21C,1,O=C1C=C2CC(Sc3ccccc3)C3C4CCCC4CCC3C2CC1,0.33666666666666667,1,0.8327426563338001
C[C@@]12CC[C@@H]3C(CCC4=CC(=O)CC[C@]43C)[C@H]1CC[C@H]2O,1,O=C1C=C2CCC3C4CCCC4CCC3C2CC1,CC(=O)[C@@H]1CC[C@@H]2[C@@H]3[C@H](Sc4ccc(NC(=O)N[C@H](C)c5ccccc5)cc4)CC4=CC(=O)CC[C@]4(C)[C@H]3CC[C@]21C,1,O=C1C=C2CC(Sc3ccc(NC(=O)NCc4ccccc4)cc3)C3C4CCCC4CCC3C2CC1,0.3269076305220883,1,0.7984484487042214
C[C@]12C[C@H](O)[C@@H]3[C@H](CCC4=CC(=O)CC[C@]43C)[C@H]1CC[C@@]2(O)C(=O)CO,0,O=C1C=C2CCC3C4CCCC4CCC3C2CC1,C[C@]12CC(=O)[C@@H]3[C@@H](CCC4=CC(=O)CC[C@H]43)[C@H]1CC[C@@]2(O)C(=O)CO,1,O=C1C=C2CCC3C4CCCC4CC(=O)C3C2CC1,0.5459459459459459,0,0.1355265296421712
C[C@]12C[C@H](O)[C@@H]3[C@H](CCC4=CC(=O)CC[C@]43C)[C@H]1CC[C@@]2(O)C(=O)CO,0,O=C1C=C2CCC3C4CCCC4CCC3C2CC1,C[C@@]12CC[C@@H]3C(CCC4=CC(=O)CC[C@]43C)[C@H]1CC[C@H]2O,1,O=C1C=C2CCC3C4CCCC4CCC3C2CC1,0.49499089253187617,0,0.06793988780555577
C[C@]12C[C@H](O)[C@@H]3[C@H](CCC4=CC(=O)CC[C@]43C)[C@H]1CC[C@@]2(O)C(=O)CO,0,O=C1C=C2CCC3C4CCCC4CCC3C2CC1,CCNC(=O)Nc1ccc(S[C@@H]2CC3=CC(=O)CC[C@]3(C)[C@@H]3CC[C@]4(C)[C@@H](C(C)=O)CC[C@@H]4[C@@H]32)cc1,1,O=C1C=C2CC(Sc3ccccc3)C3C4CCCC4CCC3C2CC1,0.28538011695906434,0,0.21236342931628419
C[C@]12C[C@H](O)[C@@H]3[C@H](CCC4=CC(=O)CC[C@]43C)[C@H]1CC[C@@]2(O)C(=O)CO,0,O=C1C=C2CCC3C4CCCC4CCC3C2CC1,CC#C[C@@]1(O)CC[C@@H]2[C@H]3CCC4=CC(=O)CCC4=C3[C@@H](c3ccc(N(C)C)cc3)C[C@]21C,1,O=C1C=C2CCC3C(=C2CC1)C(c1ccccc1)CC1CCCC13,0.2800766283524905,0,0.05762593672979518
C#C[C@]1(O)CC[C@@H]2[C@@H]3CCC4=CC(=O)CC[C@H]4[C@H]3CC[C@]21CC,0,O=C1C=C2CCC3C4CCCC4CCC3C2CC1,C[C@]12CC(=O)[C@@H]3[C@@H](CCC4=CC(=O)CC[C@H]43)[C@H]1CC[C@@]2(O)C(=O)CO,1,O=C1C=C2CCC3C4CCCC4CC(=O)C3C2CC1,0.4504643962848297,0,0.16014781036536152
C#C[C@]1(O)CC[C@@H]2[C@@H]3CCC4=CC(=O)CC[C@H]4[C@H]3CC[C@]21CC,0,O=C1C=C2CCC3C4CCCC4CCC3C2CC1,C[C@@]12CC[C@@H]3C(CCC4=CC(=O)CC[C@]43C)[C@H]1CC[C@H]2O,1,O=C1C=C2CCC3C4CCCC4CCC3C2CC1,0.34686567164179105,0,0.2654841781323006
C#C[C@]1(O)CC[C@@H]2[C@@H]3CCC4=CC(=O)CC[C@H]4[C@H]3CC[C@]21CC,0,O=C1C=C2CCC3C4CCCC4CCC3C2CC1,CC#C[C@@]1(O)CC[C@@H]2[C@H]3CCC4=CC(=O)CCC4=C3[C@@H](c3ccc(N(C)C)cc3)C[C@]21C,1,O=C1C=C2CCC3C(=C2CC1)C(c1ccccc1)CC1CCCC13,0.31556429800836,0,0.20425407902603215
C#C[C@]1(O)CC[C@@H]2[C@@H]3CCC4=CC(=O)CC[C@H]4[C@H]3CC[C@]21CC,0,O=C1C=C2CCC3C4CCCC4CCC3C2CC1,CCNC(=O)Nc1ccc(S[C@@H]2CC3=CC(=O)CC[C@]3(C)[C@@H]3CC[C@]4(C)[C@@H](C(C)=O)CC[C@@H]4[C@@H]32)cc1,1,O=C1C=C2CC(Sc3ccccc3)C3C4CCCC4CCC3C2CC1,0.2252590420332356,0,0.15885372731452338
C#C[C@]1(O)CC[C@@H]2[C@@H]3CCC4=CC(=O)CC[C@H]4[C@H]3CC[C@]21C,0,O=C1C=C2CCC3C4CCCC4CCC3C2CC1,C[C@]12CC(=O)[C@@H]3[C@@H](CCC4=CC(=O)CC[C@H]43)[C@H]1CC[C@@]2(O)C(=O)CO,1,O=C1C=C2CCC3C4CCCC4CC(=O)C3C2CC1,0.5142857142857142,0,0.10805977760566808
C#C[C@]1(O)CC[C@@H]2[C@@H]3CCC4=CC(=O)CC[C@H]4[C@H]3CC[C@]21C,0,O=C1C=C2CCC3C4CCCC4CCC3C2CC1,C[C@@]12CC[C@@H]3C(CCC4=CC(=O)CC[C@]43C)[C@H]1CC[C@H]2O,1,O=C1C=C2CCC3C4CCCC4CCC3C2CC1,0.37749766573295984,0,0.19537682080786398
C#C[C@]1(O)CC[C@@H]2[C@@H]3CCC4=CC(=O)CC[C@H]4[C@H]3CC[C@]21C,0,O=C1C=C2CCC3C4CCCC4CCC3C2CC1,CC#C[C@@]1(O)CC[C@@H]2[C@H]3CCC4=CC(=O)CCC4=C3[C@@H](c3ccc(N(C)C)cc3)C[C@]21C,1,O=C1C=C2CCC3C(=C2CC1)C(c1ccccc1)CC1CCCC13,0.3585379159847245,0,0.11510949179375801
C#C[C@]1(O)CC[C@@H]2[C@@H]3CCC4=CC(=O)CC[C@H]4[C@H]3CC[C@]21C,0,O=C1C=C2CCC3C4CCCC4CCC3C2CC1,CCNC(=O)Nc1ccc(S[C@@H]2CC3=CC(=O)CC[C@]3(C)[C@@H]3CC[C@]4(C)[C@@H](C(C)=O)CC[C@@H]4[C@@H]32)cc1,1,O=C1C=C2CC(Sc3ccccc3)C3C4CCCC4CCC3C2CC1,0.2212047212047212,0,0.07824690079572336
C[C@]12C[C@H](O)[C@]3(F)[C@H](CCC4=CC(=O)CC[C@]43C)[C@H]1CC[C@@]2(O)C(=O)CO,0,O=C1C=C2CCC3C4CCCC4CCC3C2CC1,C[C@]12CC(=O)[C@@H]3[C@@H](CCC4=CC(=O)CC[C@H]43)[C@H]1CC[C@@]2(O)C(=O)CO,1,O=C1C=C2CCC3C4CCCC4CC(=O)C3C2CC1,0.4696864111498258,0,0.030584888536703606
C[C@]12C[C@H](O)[C@]3(F)[C@H](CCC4=CC(=O)CC[C@]43C)[C@H]1CC[C@@]2(O)C(=O)CO,0,O=C1C=C2CCC3C4CCCC4CCC3C2CC1,C[C@@]12CC[C@@H]3C(CCC4=CC(=O)CC[C@]43C)[C@H]1CC[C@H]2O,1,O=C1C=C2CCC3C4CCCC4CCC3C2CC1,0.3933481152993349,0,0.0160290461682258
C[C@]12C[C@H](O)[C@]3(F)[C@H](CCC4=CC(=O)CC[C@]43C)[C@H]1CC[C@@]2(O)C(=O)CO,0,O=C1C=C2CCC3C4CCCC4CCC3C2CC1,C[C@H]1C[C@@H]2[C@H]3CCC4=CC(=O)C=C[C@@]4(C)[C@]3(Cl)[C@@H](O)C[C@@]2(C)[C@@]1(OC(=O)c1ccco1)C(=O)CCl,1,O=C1C=CC2C(=C1)CCC1C2CCC2C(OC(=O)c3ccco3)CCC21,0.2921310368118879,0,0.0023631972958587724
C[C@]12C[C@H](O)[C@]3(F)[C@H](CCC4=CC(=O)CC[C@]43C)[C@H]1CC[C@@]2(O)C(=O)CO,0,O=C1C=C2CCC3C4CCCC4CCC3C2CC1,CC#C[C@@]1(O)CC[C@@H]2[C@H]3CCC4=CC(=O)CCC4=C3[C@@H](c3ccc(N(C)C)cc3)C[C@]21C,1,O=C1C=C2CCC3C(=C2CC1)C(c1ccccc1)CC1CCCC13,0.2736842105263158,0,0.010572814750093373
CN1CCC(=C2c3ccccc3C(O)c3ccccc32)CC1,0,c1ccc2c(c1)Cc1ccccc1C2=C1CCNCC1,CN1CCC(=C2c3ccccc3C=Cc3ccccc32)CC1,1,C1=Cc2ccccc2C(=C2CCNCC2)c2ccccc21,0.6074074074074075,0,0.3062651637895682
CN1CCC(=C2c3ccccc3C(O)c3ccccc32)CC1,0,c1ccc2c(c1)Cc1ccccc1C2=C1CCNCC1,CN1CCC(=C2c3ccccc3Sc3ccccc32)CC1,1,c1ccc2c(c1)Sc1ccccc1C2=C1CCNCC1,0.5701830863121187,0,0.28301700838039595
CN1CCC(=C2c3ccccc3C(O)c3ccccc32)CC1,0,c1ccc2c(c1)Cc1ccccc1C2=C1CCNCC1,CN1CCCN([C@@H](c2ccccc2)c2ccc(Cl)cc2)CC1,1,c1ccc(C(c2ccccc2)N2CCCNCC2)cc1,0.26252100840336134,0,0.2206371604941711
CN1CCC(=C2c3ccccc3C(O)c3ccccc32)CC1,0,c1ccc2c(c1)Cc1ccccc1C2=C1CCNCC1,CCOC(=O)N1CCC(=C2c3ccc(Cl)cc3CCc3cccnc32)CC1,1,c1ccc2c(c1)CCc1cccnc1C2=C1CCNCC1,0.24821428571428575,0,0.30723438434371647
CCOC/C=C/c1ccc(-c2ncc(-c3ccc(N4CCOCC4)cc3)[nH]2)cc1,1,c1ccc(-c2ncc(-c3ccc(N4CCOCC4)cc3)[nH]2)cc1,CCOC/C=C/c1ccc(-c2ncc(-c3ccc(N(CC)CC)cc3)[nH]2)cc1,1,c1ccc(-c2cnc(-c3ccccc3)[nH]2)cc1,0.6949602122015915,1,0.9937299986990651
CCOC/C=C/c1ccc(-c2ncc(-c3ccc(N4CCOCC4)cc3)[nH]2)cc1,1,c1ccc(-c2ncc(-c3ccc(N4CCOCC4)cc3)[nH]2)cc1,CCCN(CCC)c1ccc(-c2cnc(-c3ccc(/C=C/COCC)cc3)[nH]2)cc1,1,c1ccc(-c2cnc(-c3ccccc3)[nH]2)cc1,0.6689430894308944,1,0.9854696110277744
CCOC/C=C/c1ccc(-c2ncc(-c3ccc(N4CCOCC4)cc3)[nH]2)cc1,1,c1ccc(-c2ncc(-c3ccc(N4CCOCC4)cc3)[nH]2)cc1,CCOC/C=C/c1ccc(-c2ncc(-c3ccc(NC(C)C)cc3)[nH]2)cc1,1,c1ccc(-c2cnc(-c3ccccc3)[nH]2)cc1,0.6281159420289856,1,0.996638299464396
CCOC/C=C/c1ccc(-c2ncc(-c3ccc(N4CCOCC4)cc3)[nH]2)cc1,1,c1ccc(-c2ncc(-c3ccc(N4CCOCC4)cc3)[nH]2)cc1,CCOC/C=C/c1ccc(-c2ncc(-c3ccc(NCC(C)C)cc3)[nH]2)cc1,1,c1ccc(-c2cnc(-c3ccccc3)[nH]2)cc1,0.6065860215053764,1,0.9963464471003957
O=C(CCc1ccccc1)c1cc(O)ccc1OC[C@@H](O)CN1CCCCC1,1,O=C(CCc1ccccc1)c1ccccc1OCCCN1CCCCC1,O=C(CCc1ccccc1)c1cc(O)ccc1OC[C@H](O)CN1CCN(Cc2ccccc2)CC1,1,O=C(CCc1ccccc1)c1ccccc1OCCCN1CCN(Cc2ccccc2)CC1,0.8365327695560254,1,0.9753892483352722
O=C(CCc1ccccc1)c1cc(O)ccc1OC[C@@H](O)CN1CCCCC1,1,O=C(CCc1ccccc1)c1ccccc1OCCCN1CCCCC1,O=C(CCc1ccccc1)c1ccccc1OC[C@H](O)CN1CCCCC1,1,O=C(CCc1ccccc1)c1ccccc1OCCCN1CCCCC1,0.8083212385099179,1,0.9643332767512591
O=C(CCc1ccccc1)c1cc(O)ccc1OC[C@@H](O)CN1CCCCC1,1,O=C(CCc1ccccc1)c1ccccc1OCCCN1CCCCC1,O=C(CCc1ccccc1)c1ccccc1OC[C@H](O)CN1CCCC1,1,O=C(CCc1ccccc1)c1ccccc1OCCCN1CCCC1,0.7880986937590713,1,0.9407707804340331
O=C(CCc1ccccc1)c1cc(O)ccc1OC[C@@H](O)CN1CCCCC1,1,O=C(CCc1ccccc1)c1ccccc1OCCCN1CCCCC1,O=C(CCc1ccccc1)c1cc(Oc2ccccc2)ccc1OC[C@@H](O)CN1CCCCC1,1,O=C(CCc1ccccc1)c1cc(Oc2ccccc2)ccc1OCCCN1CCCCC1,0.7788291900561347,1,0.9282707156853413
CC(=O)O[C@H](COc1ccccc1C(=O)CCc1ccccc1)CN1CCCCC1,1,O=C(CCc1ccccc1)c1ccccc1OCCCN1CCCCC1,O=C(CCc1ccccc1)c1ccccc1OC[C@H](O)CN1CCCCC1,1,O=C(CCc1ccccc1)c1ccccc1OCCCN1CCCCC1,0.7120507399577168,1,0.9613958464492226
CC(=O)O[C@H](COc1ccccc1C(=O)CCc1ccccc1)CN1CCCCC1,1,O=C(CCc1ccccc1)c1ccccc1OCCCN1CCCCC1,O=C(CCc1ccccc1)c1ccccc1OC[C@H](O)CN1CCCC1,1,O=C(CCc1ccccc1)c1ccccc1OCCCN1CCCC1,0.6928541226215645,1,0.9735426606456963
CC(=O)O[C@H](COc1ccccc1C(=O)CCc1ccccc1)CN1CCCCC1,1,O=C(CCc1ccccc1)c1ccccc1OCCCN1CCCCC1,O=C(CCc1ccccc1)c1ccccc1OCCN1CCCCC1,1,O=C(CCc1ccccc1)c1ccccc1OCCN1CCCCC1,0.6435897435897436,1,0.8915482066671421
CC(=O)O[C@H](COc1ccccc1C(=O)CCc1ccccc1)CN1CCCCC1,1,O=C(CCc1ccccc1)c1ccccc1OCCCN1CCCCC1,O=C(CCc1ccccc1)c1ccccc1OCCCN1CCCCC1,1,O=C(CCc1ccccc1)c1ccccc1OCCCN1CCCCC1,0.6348178137651822,1,0.9469622807503174
O=C(CCc1ccccc1)c1ccccc1OCCCN1CCCCC1,1,O=C(CCc1ccccc1)c1ccccc1OCCCN1CCCCC1,O=C(CCc1ccccc1)c1ccccc1OCCCCN1CCCCC1,1,O=C(CCc1ccccc1)c1ccccc1OCCCCN1CCCCC1,0.9325513196480939,1,0.9856171336454951
O=C(CCc1ccccc1)c1ccccc1OCCCN1CCCCC1,1,O=C(CCc1ccccc1)c1ccccc1OCCCN1CCCCC1,O=C(CCc1ccccc1)c1ccccc1OCCCCCCCCN1CCCCC1,1,O=C(CCc1ccccc1)c1ccccc1OCCCCCCCCN1CCCCC1,0.9159856630824373,1,0.9889399691421344
O=C(CCc1ccccc1)c1ccccc1OCCCN1CCCCC1,1,O=C(CCc1ccccc1)c1ccccc1OCCCN1CCCCC1,O=C(CCc1ccccc1)c1ccccc1OCCCCCN1CCCCC1,1,O=C(CCc1ccccc1)c1ccccc1OCCCCCN1CCCCC1,0.9159856630824373,1,0.9810299727186106
O=C(CCc1ccccc1)c1ccccc1OCCCN1CCCCC1,1,O=C(CCc1ccccc1)c1ccccc1OCCCN1CCCCC1,O=C(CCc1ccccc1)c1ccccc1OCCCCCCN1CCCCC1,1,O=C(CCc1ccccc1)c1ccccc1OCCCCCCN1CCCCC1,0.9159856630824373,1,0.9830942937464272
O=C(CCc1ccccc1)c1ccccc1OC[C@H](O)CN1CCCCC1,1,O=C(CCc1ccccc1)c1ccccc1OCCCN1CCCCC1,O=C(CCc1ccccc1)c1ccccc1OC[C@H](O)CN1CCCC1,1,O=C(CCc1ccccc1)c1ccccc1OCCCN1CCCC1,0.9763398692810458,1,0.9873110583569857
O=C(CCc1ccccc1)c1ccccc1OC[C@H](O)CN1CCCCC1,1,O=C(CCc1ccccc1)c1ccccc1OCCCN1CCCCC1,O=C(CCc1ccccc1)c1ccccc1OC[C@@H](O)CN1CCOCC1,1,O=C(CCc1ccccc1)c1ccccc1OCCCN1CCOCC1,0.8161102278749338,1,0.9884009062368084
O=C(CCc1ccccc1)c1ccccc1OC[C@H](O)CN1CCCCC1,1,O=C(CCc1ccccc1)c1ccccc1OCCCN1CCCCC1,O=C(CCc1ccccc1)c1ccccc1OC[C@H](O)CN1CCN(Cc2ccccc2)CC1,1,O=C(CCc1ccccc1)c1ccccc1OCCCN1CCN(Cc2ccccc2)CC1,0.814974358974359,1,0.9918579949234436
O=C(CCc1ccccc1)c1ccccc1OC[C@H](O)CN1CCCCC1,1,O=C(CCc1ccccc1)c1ccccc1OCCCN1CCCCC1,O=C(CCc1ccccc1)c1ccccc1OC[C@@H](O)CN1CCN(Cc2ccccc2)CC1,1,O=C(CCc1ccccc1)c1ccccc1OCCCN1CCN(Cc2ccccc2)CC1,0.814974358974359,1,0.9918579949234436
CC1=c2[nH]c3c(c2CCN1)C=CC(=O)C=3,1,O=C1C=Cc2c3c([nH]c2=C1)=CNCC3,C[C@@]12CC[C@@H]3C(CCC4=CC(=O)CC[C@]43C)[C@H]1CC[C@H]2O,1,O=C1C=C2CCC3C4CCCC4CCC3C2CC1,0.12511671335200747,1,0.5234662218651289
CC1=c2[nH]c3c(c2CCN1)C=CC(=O)C=3,1,O=C1C=Cc2c3c([nH]c2=C1)=CNCC3,Cc1cc(C(C)(C)C)c(O)c(C)c1CC1=NCCN1,1,c1ccc(CC2=NCCN2)cc1,0.12465437788018432,1,0.5992607226746256
CC1=c2[nH]c3c(c2CCN1)C=CC(=O)C=3,1,O=C1C=Cc2c3c([nH]c2=C1)=CNCC3,CNc1ccc(-c2nc(-c3ccc(/C=C/C(=O)OC)cc3)[nH]c2-c2ccc(NC)cc2)cc1,1,c1ccc(-c2nc(-c3ccccc3)c(-c3ccccc3)[nH]2)cc1,0.11782608695652175,1,0.8439936449737694
CC1=c2[nH]c3c(c2CCN1)C=CC(=O)C=3,1,O=C1C=Cc2c3c([nH]c2=C1)=CNCC3,COc1cc2c(cc1OC)CN(CCc1ccc(NC(=O)c3cccc4c(=O)c5cccc(OC)c5[nH]c34)cc1)CC2,1,O=C(Nc1ccc(CCN2CCc3ccccc3C2)cc1)c1cccc2c(=O)c3ccccc3[nH]c12,0.11697478991596638,1,0.8332000163288699
C[C@@H](Cc1ccccc1)NCCC(c1ccccc1)c1ccccc1,0,c1ccc(CCNCCC(c2ccccc2)c2ccccc2)cc1,C[C@@H](NCCC(c1ccccc1)c1ccccc1)c1ccccc1,1,c1ccc(CNCCC(c2ccccc2)c2ccccc2)cc1,0.6230769230769231,1,0.5780600014171382
C[C@@H](Cc1ccccc1)NCCC(c1ccccc1)c1ccccc1,0,c1ccc(CCNCCC(c2ccccc2)c2ccccc2)cc1,C[C@H](Cc1ccc(O)cc1)NC[C@H](O)c1cc(O)cc(O)c1,1,c1ccc(CCNCCc2ccccc2)cc1,0.3726797385620915,0,0.0417733399081664
C[C@@H](Cc1ccccc1)NCCC(c1ccccc1)c1ccccc1,0,c1ccc(CCNCCC(c2ccccc2)c2ccccc2)cc1,CC(=O)c1ccc(OC[C@@H](O)CNCCC(c2ccccc2)c2ccccc2)cc1,1,c1ccc(OCCCNCCC(c2ccccc2)c2ccccc2)cc1,0.3386550556361877,1,0.506149999007876
C[C@@H](Cc1ccccc1)NCCC(c1ccccc1)c1ccccc1,0,c1ccc(CCNCCC(c2ccccc2)c2ccccc2)cc1,O=C(CCc1ccccc1)c1ccc(OC[C@@H](O)CNCCC(c2ccccc2)c2ccccc2)cc1,1,O=C(CCc1ccccc1)c1ccc(OCCCNCCC(c2ccccc2)c2ccccc2)cc1,0.33555840821566113,0,0.40921228489873673
O=C(c1ccccc1)c1ccccc1OC[C@H](O)CN1CCC(O)(c2ccccc2)CC1,1,O=C(c1ccccc1)c1ccccc1OCCCN1CCC(c2ccccc2)CC1,O=C(c1ccccc1)c1ccccc1OC[C@@H](O)CN1CCC(O)(c2ccccc2)CC1,1,O=C(c1ccccc1)c1ccccc1OCCCN1CCC(c2ccccc2)CC1,1.0,1,0.998332868516676
O=C(c1ccccc1)c1ccccc1OC[C@H](O)CN1CCC(O)(c2ccccc2)CC1,1,O=C(c1ccccc1)c1ccccc1OCCCN1CCC(c2ccccc2)CC1,CC(=O)c1ccccc1OC[C@@H](O)CN1CCC(O)(c2ccccc2)CC1,1,c1ccc(OCCCN2CCC(c3ccccc3)CC2)cc1,0.7875259875259875,1,0.9959147329033026
O=C(c1ccccc1)c1ccccc1OC[C@H](O)CN1CCC(O)(c2ccccc2)CC1,1,O=C(c1ccccc1)c1ccccc1OCCCN1CCC(c2ccccc2)CC1,CCC(=O)c1ccccc1OC[C@@H](O)CN1CCC(O)(c2ccccc2)CC1,1,c1ccc(OCCCN2CCC(c3ccccc3)CC2)cc1,0.760038986354776,1,0.9975928637414423
O=C(c1ccccc1)c1ccccc1OC[C@H](O)CN1CCC(O)(c2ccccc2)CC1,1,O=C(c1ccccc1)c1ccccc1OCCCN1CCC(c2ccccc2)CC1,CCC(=O)c1ccccc1OC[C@H](O)CN1CCC(O)(c2ccccc2)CC1,1,c1ccc(OCCCN2CCC(c3ccccc3)CC2)cc1,0.760038986354776,1,0.9975928637414423
O=C(c1ccccc1)c1ccccc1OC[C@@H](O)CN1CCC(O)(c2ccccc2)CC1,1,O=C(c1ccccc1)c1ccccc1OCCCN1CCC(c2ccccc2)CC1,O=C(c1ccccc1)c1ccccc1OC[C@H](O)CN1CCC(O)(c2ccccc2)CC1,1,O=C(c1ccccc1)c1ccccc1OCCCN1CCC(c2ccccc2)CC1,1.0,1,0.998332868516676
O=C(c1ccccc1)c1ccccc1OC[C@@H](O)CN1CCC(O)(c2ccccc2)CC1,1,O=C(c1ccccc1)c1ccccc1OCCCN1CCC(c2ccccc2)CC1,CC(=O)c1ccccc1OC[C@@H](O)CN1CCC(O)(c2ccccc2)CC1,1,c1ccc(OCCCN2CCC(c3ccccc3)CC2)cc1,0.7875259875259875,1,0.9959147329033026
O=C(c1ccccc1)c1ccccc1OC[C@@H](O)CN1CCC(O)(c2ccccc2)CC1,1,O=C(c1ccccc1)c1ccccc1OCCCN1CCC(c2ccccc2)CC1,CCC(=O)c1ccccc1OC[C@@H](O)CN1CCC(O)(c2ccccc2)CC1,1,c1ccc(OCCCN2CCC(c3ccccc3)CC2)cc1,0.760038986354776,1,0.9975928637414423
O=C(c1ccccc1)c1ccccc1OC[C@@H](O)CN1CCC(O)(c2ccccc2)CC1,1,O=C(c1ccccc1)c1ccccc1OCCCN1CCC(c2ccccc2)CC1,CCC(=O)c1ccccc1OC[C@H](O)CN1CCC(O)(c2ccccc2)CC1,1,c1ccc(OCCCN2CCC(c3ccccc3)CC2)cc1,0.760038986354776,1,0.9975928637414423
O[C@](CCN1CCCCC1)(c1ccccc1)[C@H]1C[C@@H]2C=C[C@H]1C2,0,C1=CC2CC1CC2C(CCN1CCCCC1)c1ccccc1,CN(C)C(=O)C(CCN1CCC(O)(c2ccc(Cl)cc2)CC1)(c1ccccc1)c1ccccc1,1,c1ccc(C2CCN(CCC(c3ccccc3)c3ccccc3)CC2)cc1,0.30725034199726403,0,0.06594170732130868
O[C@](CCN1CCCCC1)(c1ccccc1)[C@H]1C[C@@H]2C=C[C@H]1C2,0,C1=CC2CC1CC2C(CCN1CCCCC1)c1ccccc1,O=C(CCc1ccccc1)c1ccccc1OCCN1CCCCC1,1,O=C(CCc1ccccc1)c1ccccc1OCCN1CCCCC1,0.293687707641196,0,0.017107982518214156
O[C@](CCN1CCCCC1)(c1ccccc1)[C@H]1C[C@@H]2C=C[C@H]1C2,0,C1=CC2CC1CC2C(CCN1CCCCC1)c1ccccc1,O=C(CCc1ccccc1)c1ccccc1OCCCN1CCCCC1,1,O=C(CCc1ccccc1)c1ccccc1OCCCN1CCCCC1,0.29011627906976745,0,0.026235351001655853
O[C@](CCN1CCCCC1)(c1ccccc1)[C@H]1C[C@@H]2C=C[C@H]1C2,0,C1=CC2CC1CC2C(CCN1CCCCC1)c1ccccc1,O=C(CCc1ccccc1)c1ccccc1OCCCCN1CCCCC1,1,O=C(CCc1ccccc1)c1ccccc1OCCCCN1CCCCC1,0.28665474060822904,0,0.04331510579481657
c1ccc(CN(CC2=NCCN2)c2ccccc2)cc1,1,c1ccc(CN(CC2=NCCN2)c2ccccc2)cc1,CC(C)COC[C@H](CN(Cc1ccccc1)c1ccccc1)N1CCCC1,1,c1ccc(CN(CCN2CCCC2)c2ccccc2)cc1,0.3838827838827839,0,0.437195200797125
c1ccc(CN(CC2=NCCN2)c2ccccc2)cc1,1,c1ccc(CN(CC2=NCCN2)c2ccccc2)cc1,Cc1cc(C(C)(C)C)c(O)c(C)c1CC1=NCCN1,1,c1ccc(CC2=NCCN2)cc1,0.29198966408268734,1,0.6205739361932952
c1ccc(CN(CC2=NCCN2)c2ccccc2)cc1,1,c1ccc(CN(CC2=NCCN2)c2ccccc2)cc1,CCC(=O)N(c1ccccc1)C1CCN(CCc2ccccc2)CC1,1,c1ccc(CCN2CCC(Nc3ccccc3)CC2)cc1,0.21844077961019492,1,0.5077715639362965
c1ccc(CN(CC2=NCCN2)c2ccccc2)cc1,1,c1ccc(CN(CC2=NCCN2)c2ccccc2)cc1,CN(C)c1ccc(-c2nc(-c3ccc(/C=C/COCc4ccccc4)cc3)[nH]c2-c2ccc(N(C)C)cc2)cc1,1,C(=Cc1ccc(-c2nc(-c3ccccc3)c(-c3ccccc3)[nH]2)cc1)COCc1ccccc1,0.20577136514983352,1,0.7801405716605817
COc1cccc2c1C(=O)c1c(O)c3c(c(O)c1C2=O)C[C@](O)(C(=O)CO)C[C@@H]3O[C@H]1C[C@@H](N)[C@H](O)[C@@H](C)O1,0,O=C1c2ccccc2C(=O)c2cc3c(cc21)CCCC3OC1CCCCO1,COc1cc([C@@H]2Oc3cc([C@H]4Oc5cc(OCc6ccccc6)cc(O)c5C(=O)[C@@H]4O)ccc3O[C@H]2CO)ccc1O,1,O=C1CC(c2ccc3c(c2)OC(c2ccccc2)CO3)Oc2cc(OCc3ccccc3)ccc21,0.20526315789473687,0,0.11688346501380945
COc1cccc2c1C(=O)c1c(O)c3c(c(O)c1C2=O)C[C@](O)(C(=O)CO)C[C@@H]3O[C@H]1C[C@@H](N)[C@H](O)[C@@H](C)O1,0,O=C1c2ccccc2C(=O)c2cc3c(cc21)CCCC3OC1CCCCO1,COc1cc(OC)c2c(=O)c(O)c(-c3ccc4c(c3)O[C@H](c3ccc(OC)c(OC)c3)[C@@H](CO)O4)oc2c1,1,O=c1cc(-c2ccc3c(c2)OC(c2ccccc2)CO3)oc2ccccc12,0.1929545454545455,0,0.016518282636817316
COc1cccc2c1C(=O)c1c(O)c3c(c(O)c1C2=O)C[C@](O)(C(=O)CO)C[C@@H]3O[C@H]1C[C@@H](N)[C@H](O)[C@@H](C)O1,0,O=C1c2ccccc2C(=O)c2cc3c(cc21)CCCC3OC1CCCCO1,COc1ccc([C@@H]2Oc3cc(-c4oc5cc(O)cc(O)c5c(=O)c4O)ccc3O[C@@H]2CO)cc1OC,1,O=c1cc(-c2ccc3c(c2)OC(c2ccccc2)CO3)oc2ccccc12,0.19164414414414416,0,0.01160035859425819
COc1cccc2c1C(=O)c1c(O)c3c(c(O)c1C2=O)C[C@](O)(C(=O)CO)C[C@@H]3O[C@H]1C[C@@H](N)[C@H](O)[C@@H](C)O1,0,O=C1c2ccccc2C(=O)c2cc3c(cc21)CCCC3OC1CCCCO1,COc1cc(O)c2c(=O)c(O)c(-c3ccc4c(c3)O[C@H](c3ccc(OC)c(OC)c3)[C@@H](CO)O4)oc2c1,1,O=c1cc(-c2ccc3c(c2)OC(c2ccccc2)CO3)oc2ccccc12,0.19164414414414416,0,0.027908634161572403
CCn1nc(C(=O)O)c(=O)c2cc3c(cc21)OCO3,0,O=c1cn[nH]c2cc3c(cc12)OCO3,O=c1cc(-c2ccccc2)oc2cc3c(c(O)c12)OCO3,1,O=c1cc(-c2ccccc2)oc2cc3c(cc12)OCO3,0.2416666666666667,0,0.000685690140907802
CCn1nc(C(=O)O)c(=O)c2cc3c(cc21)OCO3,0,O=c1cn[nH]c2cc3c(cc12)OCO3,COc1c2c(cc3oc(-c4ccccc4)cc(=O)c13)OCO2,1,O=c1cc(-c2ccccc2)oc2cc3c(cc12)OCO3,0.23516417910447762,0,0.002979557089874578
CCn1nc(C(=O)O)c(=O)c2cc3c(cc21)OCO3,0,O=c1cn[nH]c2cc3c(cc12)OCO3,O=C(COc1ccc(Cl)cc1)N1CCN(Cc2ccc3c(c2)OCO3)CC1,1,O=C(COc1ccccc1)N1CCN(Cc2ccc3c(c2)OCO3)CC1,0.21776531089294063,0,0.0006320895643127346
CCn1nc(C(=O)O)c(=O)c2cc3c(cc21)OCO3,0,O=c1cn[nH]c2cc3c(cc12)OCO3,CC(C)(C)c1ccc(N2C(=O)c3ccccc3N[C@H]2c2ccc3c(c2)OCO3)cc1,1,O=C1c2ccccc2NC(c2ccc3c(c2)OCO3)N1c1ccccc1,0.20231459612659422,0,0.003316351839143695
CO[C@@H](CCc1ccccc1)c1ccccc1OC[C@@H](O)CN1CCN(c2ccc(F)cc2)CC1,1,c1ccc(CCCc2ccccc2OCCCN2CCN(c3ccccc3)CC2)cc1,CO[C@@H](CCc1ccccc1)c1ccccc1OC[C@H](O)CN1CCN(c2ccc(F)cc2)CC1,1,c1ccc(CCCc2ccccc2OCCCN2CCN(c3ccccc3)CC2)cc1,1.0,1,0.9998459052082339
CO[C@@H](CCc1ccccc1)c1ccccc1OC[C@@H](O)CN1CCN(c2ccc(F)cc2)CC1,1,c1ccc(CCCc2ccccc2OCCCN2CCN(c3ccccc3)CC2)cc1,O[C@H](COc1ccccc1[C@@H](O)CCc1ccccc1)CN1CCN(c2ccc(F)cc2)CC1,1,c1ccc(CCCc2ccccc2OCCCN2CCN(c3ccccc3)CC2)cc1,0.8064836003051106,1,0.9996595900527695
CO[C@@H](CCc1ccccc1)c1ccccc1OC[C@@H](O)CN1CCN(c2ccc(F)cc2)CC1,1,c1ccc(CCCc2ccccc2OCCCN2CCN(c3ccccc3)CC2)cc1,CO[C@H](CCc1ccccc1)c1ccccc1OC[C@H](O)CN1CCOCC1,1,c1ccc(CCCc2ccccc2OCCCN2CCOCC2)cc1,0.7590643274853802,1,0.9968917747855908
CO[C@@H](CCc1ccccc1)c1ccccc1OC[C@@H](O)CN1CCN(c2ccc(F)cc2)CC1,1,c1ccc(CCCc2ccccc2OCCCN2CCN(c3ccccc3)CC2)cc1,CO[C@H](CCc1ccccc1)c1ccccc1OC[C@H](O)CN1CCCCC1,1,c1ccc(CCCc2ccccc2OCCCN2CCCCC2)cc1,0.737299771167048,1,0.9993579997161394
O[C@H](COc1ccccc1[C@@H](O)CCc1ccccc1)CN1CCN(c2ccc(F)cc2)CC1,1,c1ccc(CCCc2ccccc2OCCCN2CCN(c3ccccc3)CC2)cc1,CO[C@@H](CCc1ccccc1)c1ccccc1OC[C@H](O)CN1CCN(c2ccc(F)cc2)CC1,1,c1ccc(CCCc2ccccc2OCCCN2CCN(c3ccccc3)CC2)cc1,0.8064836003051106,1,0.9958928208907633
O[C@H](COc1ccccc1[C@@H](O)CCc1ccccc1)CN1CCN(c2ccc(F)cc2)CC1,1,c1ccc(CCCc2ccccc2OCCCN2CCN(c3ccccc3)CC2)cc1,CO[C@@H](CCc1ccccc1)c1ccccc1OC[C@@H](O)CN1CCN(c2ccc(F)cc2)CC1,1,c1ccc(CCCc2ccccc2OCCCN2CCN(c3ccccc3)CC2)cc1,0.8064836003051106,1,0.9958928208907633
O[C@H](COc1ccccc1[C@@H](O)CCc1ccccc1)CN1CCN(c2ccc(F)cc2)CC1,1,c1ccc(CCCc2ccccc2OCCCN2CCN(c3ccccc3)CC2)cc1,O[C@@H](COc1ccccc1[C@@H](O)CCc1ccccc1)CN1CCOCC1,1,c1ccc(CCCc2ccccc2OCCCN2CCOCC2)cc1,0.7306553911205075,1,0.9955492040648801
O[C@H](COc1ccccc1[C@@H](O)CCc1ccccc1)CN1CCN(c2ccc(F)cc2)CC1,1,c1ccc(CCCc2ccccc2OCCCN2CCN(c3ccccc3)CC2)cc1,O[C@H](COc1ccccc1[C@H](O)CCc1ccccc1)CN1CCOCC1,1,c1ccc(CCCc2ccccc2OCCCN2CCOCC2)cc1,0.7306553911205075,1,0.9955492040648801
CO[C@@H](CCc1ccccc1)c1ccccc1OC[C@H](O)CN1CCN(c2ccc(F)cc2)CC1,1,c1ccc(CCCc2ccccc2OCCCN2CCN(c3ccccc3)CC2)cc1,CO[C@@H](CCc1ccccc1)c1ccccc1OC[C@@H](O)CN1CCN(c2ccc(F)cc2)CC1,1,c1ccc(CCCc2ccccc2OCCCN2CCN(c3ccccc3)CC2)cc1,1.0,1,0.9998459052082339
CO[C@@H](CCc1ccccc1)c1ccccc1OC[C@H](O)CN1CCN(c2ccc(F)cc2)CC1,1,c1ccc(CCCc2ccccc2OCCCN2CCN(c3ccccc3)CC2)cc1,O[C@H](COc1ccccc1[C@@H](O)CCc1ccccc1)CN1CCN(c2ccc(F)cc2)CC1,1,c1ccc(CCCc2ccccc2OCCCN2CCN(c3ccccc3)CC2)cc1,0.8064836003051106,1,0.9996595900527695
CO[C@@H](CCc1ccccc1)c1ccccc1OC[C@H](O)CN1CCN(c2ccc(F)cc2)CC1,1,c1ccc(CCCc2ccccc2OCCCN2CCN(c3ccccc3)CC2)cc1,CO[C@H](CCc1ccccc1)c1ccccc1OC[C@H](O)CN1CCOCC1,1,c1ccc(CCCc2ccccc2OCCCN2CCOCC2)cc1,0.7590643274853802,1,0.9968917747855908
CO[C@@H](CCc1ccccc1)c1ccccc1OC[C@H](O)CN1CCN(c2ccc(F)cc2)CC1,1,c1ccc(CCCc2ccccc2OCCCN2CCN(c3ccccc3)CC2)cc1,CO[C@H](CCc1ccccc1)c1ccccc1OC[C@H](O)CN1CCCCC1,1,c1ccc(CCCc2ccccc2OCCCN2CCCCC2)cc1,0.737299771167048,1,0.9993579997161394
Nc1nc(N)c2nc(-c3ccccc3)c(N)nc2n1,0,c1ccc(-c2cnc3ncncc3n2)cc1,CN(C)c1ccc(-c2nc(-c3ccc(O)cc3)n(CCc3ccccc3)c2-c2ccc(N(C)C)cc2)cc1,1,c1ccc(CCn2c(-c3ccccc3)nc(-c3ccccc3)c2-c2ccccc2)cc1,0.17887767969735185,0,0.0002139777051499447
Nc1nc(N)c2nc(-c3ccccc3)c(N)nc2n1,0,c1ccc(-c2cnc3ncncc3n2)cc1,CN(C)c1ccc(-c2nc(-c3ccc(C(=O)O)cc3)n(CCc3ccccc3)c2-c2ccc(N(C)C)cc2)cc1,1,c1ccc(CCn2c(-c3ccccc3)nc(-c3ccccc3)c2-c2ccccc2)cc1,0.16964285714285715,0,7.789229872791878e-05
Nc1nc(N)c2nc(-c3ccccc3)c(N)nc2n1,0,c1ccc(-c2cnc3ncncc3n2)cc1,CN(C)c1ccc(-c2nc(-c3ccc(/C=C/COCc4ccccc4)cc3)[nH]c2-c2ccc(N(C)C)cc2)cc1,1,C(=Cc1ccc(-c2nc(-c3ccccc3)c(-c3ccccc3)[nH]2)cc1)COCc1ccccc1,0.1640705563093623,0,6.85552745132959e-05
Nc1nc(N)c2nc(-c3ccccc3)c(N)nc2n1,0,c1ccc(-c2cnc3ncncc3n2)cc1,O=c1cc(-c2ccccc2)oc2cc(O)c(Oc3ccccc3)c(O)c12,1,O=c1cc(-c2ccccc2)oc2ccc(Oc3ccccc3)cc12,0.15736346516007535,0,0.0019417074319829188
COc1cccc(CCc2ccccc2NCc2cccc(OC)c2)c1,1,c1ccc(CCc2ccccc2NCc2ccccc2)cc1,COc1cccc(CCc2ccccc2NCc2cc(OC)cc(OC)c2)c1,1,c1ccc(CCc2ccccc2NCc2ccccc2)cc1,0.9086466165413534,1,0.9732994173329031
COc1cccc(CCc2ccccc2NCc2cccc(OC)c2)c1,1,c1ccc(CCc2ccccc2NCc2ccccc2)cc1,COc1cccc(CCc2ccccc2NCc2ccc(OC)c(OC)c2)c1,1,c1ccc(CCc2ccccc2NCc2ccccc2)cc1,0.8595238095238096,1,0.9821973606606269
COc1cccc(CCc2ccccc2NCc2cccc(OC)c2)c1,1,c1ccc(CCc2ccccc2NCc2ccccc2)cc1,COc1cccc(CCc2ccccc2NCc2cccc(OC)c2OC)c1,1,c1ccc(CCc2ccccc2NCc2ccccc2)cc1,0.7733333333333334,1,0.9833517662771988
COc1cccc(CCc2ccccc2NCc2cccc(OC)c2)c1,1,c1ccc(CCc2ccccc2NCc2ccccc2)cc1,COc1cccc(CCc2ccccc2OCc2ccccc2OC)c1,1,c1ccc(CCc2ccccc2OCc2ccccc2)cc1,0.5378129117259551,1,0.9152797384103423
COc1cccc(CCc2ccccc2NCc2cccc(OC)c2OC)c1,1,c1ccc(CCc2ccccc2NCc2ccccc2)cc1,COc1cccc(CCc2ccccc2NCc2cccc(OC)c2)c1,1,c1ccc(CCc2ccccc2NCc2ccccc2)cc1,0.7733333333333334,1,0.9864408273928471
COc1cccc(CCc2ccccc2NCc2cccc(OC)c2OC)c1,1,c1ccc(CCc2ccccc2NCc2ccccc2)cc1,COc1cccc(CCc2ccccc2NCc2ccc(OC)c(OC)c2)c1,1,c1ccc(CCc2ccccc2NCc2ccccc2)cc1,0.7514285714285716,1,0.9947887826177755
COc1cccc(CCc2ccccc2NCc2cccc(OC)c2OC)c1,1,c1ccc(CCc2ccccc2NCc2ccccc2)cc1,COc1cccc(CCc2ccccc2NCc2cc(OC)cc(OC)c2)c1,1,c1ccc(CCc2ccccc2NCc2ccccc2)cc1,0.7416549789621318,1,0.9950848418189886
COc1cccc(CCc2ccccc2NCc2cccc(OC)c2OC)c1,1,c1ccc(CCc2ccccc2NCc2ccccc2)cc1,COc1cccc(CCc2ccccc2OCc2cccc(OC)c2OC)c1,1,c1ccc(CCc2ccccc2OCc2ccccc2)cc1,0.6310204081632652,1,0.9666324754279066
COc1cccc(CCc2ccccc2NCc2ccc(OC)c(OC)c2)c1,1,c1ccc(CCc2ccccc2NCc2ccccc2)cc1,COc1cccc(CCc2ccccc2NCc2cccc(OC)c2)c1,1,c1ccc(CCc2ccccc2NCc2ccccc2)cc1,0.8595238095238096,1,0.9869764459376725
COc1cccc(CCc2ccccc2NCc2ccc(OC)c(OC)c2)c1,1,c1ccc(CCc2ccccc2NCc2ccccc2)cc1,COc1cccc(CCc2ccccc2NCc2cc(OC)cc(OC)c2)c1,1,c1ccc(CCc2ccccc2NCc2ccccc2)cc1,0.7906513409961686,1,0.9950278923664009
COc1cccc(CCc2ccccc2NCc2ccc(OC)c(OC)c2)c1,1,c1ccc(CCc2ccccc2NCc2ccccc2)cc1,COc1cccc(CCc2ccccc2NCc2cccc(OC)c2OC)c1,1,c1ccc(CCc2ccccc2NCc2ccccc2)cc1,0.7514285714285716,1,0.9950322046957831
COc1cccc(CCc2ccccc2NCc2ccc(OC)c(OC)c2)c1,1,c1ccc(CCc2ccccc2NCc2ccccc2)cc1,COc1cccc(CCc2ccccc2OCc2ccc(OC)c(OC)c2)c1,1,c1ccc(CCc2ccccc2OCc2ccccc2)cc1,0.6178823529411765,1,0.9775745921838916
COc1cccc(CCc2ccccc2NCc2cc(OC)cc(OC)c2)c1,1,c1ccc(CCc2ccccc2NCc2ccccc2)cc1,COc1cccc(CCc2ccccc2NCc2cccc(OC)c2)c1,1,c1ccc(CCc2ccccc2NCc2ccccc2)cc1,0.9086466165413534,1,0.9875569997546577
COc1cccc(CCc2ccccc2NCc2cc(OC)cc(OC)c2)c1,1,c1ccc(CCc2ccccc2NCc2ccccc2)cc1,COc1cccc(CCc2ccccc2NCc2ccc(OC)c(OC)c2)c1,1,c1ccc(CCc2ccccc2NCc2ccccc2)cc1,0.7906513409961686,1,0.9950238727849253
COc1cccc(CCc2ccccc2NCc2cc(OC)cc(OC)c2)c1,1,c1ccc(CCc2ccccc2NCc2ccccc2)cc1,COc1cccc(CCc2ccccc2NCc2cccc(OC)c2OC)c1,1,c1ccc(CCc2ccccc2NCc2ccccc2)cc1,0.7416549789621318,1,0.9951605245309119
COc1cccc(CCc2ccccc2NCc2cc(OC)cc(OC)c2)c1,1,c1ccc(CCc2ccccc2NCc2ccccc2)cc1,COc1cccc(CCc2ccccc2OCc2cc(OC)cc(OC)c2)c1,1,c1ccc(CCc2ccccc2OCc2ccccc2)cc1,0.5754475703324808,1,0.9701454489059212
O[C@@H](COc1ccccc1[C@H](O)CCc1ccccc1)CN1CCCCC1,1,c1ccc(CCCc2ccccc2OCCCN2CCCCC2)cc1,O[C@H](COc1ccccc1[C@H](O)CCc1ccccc1)CN1CCCCC1,1,c1ccc(CCCc2ccccc2OCCCN2CCCCC2)cc1,1.0,1,0.9955026449203307
O[C@@H](COc1ccccc1[C@H](O)CCc1ccccc1)CN1CCCCC1,1,c1ccc(CCCc2ccccc2OCCCN2CCCCC2)cc1,O[C@@H](COc1ccccc1[C@@H](O)CCc1ccccc1)CN1CCOCC1,1,c1ccc(CCCc2ccccc2OCCCN2CCOCC2)cc1,0.8097076668505241,1,0.9823661478153739
O[C@@H](COc1ccccc1[C@H](O)CCc1ccccc1)CN1CCCCC1,1,c1ccc(CCCc2ccccc2OCCCN2CCCCC2)cc1,O[C@H](COc1ccccc1[C@H](O)CCc1ccccc1)CN1CCOCC1,1,c1ccc(CCCc2ccccc2OCCCN2CCOCC2)cc1,0.8097076668505241,1,0.9823661478153739
O[C@@H](COc1ccccc1[C@H](O)CCc1ccccc1)CN1CCCCC1,1,c1ccc(CCCc2ccccc2OCCCN2CCCCC2)cc1,CO[C@H](CCc1ccccc1)c1ccccc1OC[C@H](O)CN1CCCCC1,1,c1ccc(CCCc2ccccc2OCCCN2CCCCC2)cc1,0.7790000000000001,1,0.9711657879064587
CO[C@@H](CCc1ccccc1)c1ccccc1OC[C@H](O)CN1CCCCC1,1,c1ccc(CCCc2ccccc2OCCCN2CCCCC2)cc1,CO[C@H](CCc1ccccc1)c1ccccc1OC[C@H](O)CN1CCCCC1,1,c1ccc(CCCc2ccccc2OCCCN2CCCCC2)cc1,1.0,1,0.9969962554852588
CO[C@@H](CCc1ccccc1)c1ccccc1OC[C@H](O)CN1CCCCC1,1,c1ccc(CCCc2ccccc2OCCCN2CCCCC2)cc1,CO[C@H](CCc1ccccc1)c1ccccc1OC[C@H](O)CN1CCOCC1,1,c1ccc(CCCc2ccccc2OCCCN2CCOCC2)cc1,0.8383107088989442,1,0.9895552060232018
CO[C@@H](CCc1ccccc1)c1ccccc1OC[C@H](O)CN1CCCCC1,1,c1ccc(CCCc2ccccc2OCCCN2CCCCC2)cc1,CC(C)O[C@@H](CCc1ccccc1)c1ccccc1OC[C@@H](O)CN1CCCCC1,1,c1ccc(CCCc2ccccc2OCCCN2CCCCC2)cc1,0.8168855534709194,1,0.989586759868459
CO[C@@H](CCc1ccccc1)c1ccccc1OC[C@H](O)CN1CCCCC1,1,c1ccc(CCCc2ccccc2OCCCN2CCCCC2)cc1,O[C@H](COc1ccccc1[C@H](O)CCc1ccccc1)CN1CCCCC1,1,c1ccc(CCCc2ccccc2OCCCN2CCCCC2)cc1,0.7790000000000001,1,0.9938433767443676
CC(C)O[C@@H](CCc1ccccc1)c1ccccc1OC[C@@H](O)CN1CCCCC1,1,c1ccc(CCCc2ccccc2OCCCN2CCCCC2)cc1,CO[C@H](CCc1ccccc1)c1ccccc1OC[C@H](O)CN1CCCCC1,1,c1ccc(CCCc2ccccc2OCCCN2CCCCC2)cc1,0.8168855534709194,1,0.9978359054565014
CC(C)O[C@@H](CCc1ccccc1)c1ccccc1OC[C@@H](O)CN1CCCCC1,1,c1ccc(CCCc2ccccc2OCCCN2CCCCC2)cc1,CO[C@@H](CCc1ccccc1)c1ccccc1OC[C@H](O)CN1CCCCC1,1,c1ccc(CCCc2ccccc2OCCCN2CCCCC2)cc1,0.8168855534709194,1,0.9978359054565014
CC(C)O[C@@H](CCc1ccccc1)c1ccccc1OC[C@@H](O)CN1CCCCC1,1,c1ccc(CCCc2ccccc2OCCCN2CCCCC2)cc1,O[C@H](COc1ccccc1[C@H](O)CCc1ccccc1)CN1CCCCC1,1,c1ccc(CCCc2ccccc2OCCCN2CCCCC2)cc1,0.7395348837209303,1,0.997375345366071
CC(C)O[C@@H](CCc1ccccc1)c1ccccc1OC[C@@H](O)CN1CCCCC1,1,c1ccc(CCCc2ccccc2OCCCN2CCCCC2)cc1,O[C@@H](COc1ccccc1[C@H](O)CCc1ccccc1)CN1CCCCC1,1,c1ccc(CCCc2ccccc2OCCCN2CCCCC2)cc1,0.7395348837209303,1,0.997375345366071
O[C@H](COc1ccccc1[C@H](O)CCc1ccccc1)CN1CCCCC1,1,c1ccc(CCCc2ccccc2OCCCN2CCCCC2)cc1,O[C@@H](COc1ccccc1[C@H](O)CCc1ccccc1)CN1CCCCC1,1,c1ccc(CCCc2ccccc2OCCCN2CCCCC2)cc1,1.0,1,0.9955026449203307
O[C@H](COc1ccccc1[C@H](O)CCc1ccccc1)CN1CCCCC1,1,c1ccc(CCCc2ccccc2OCCCN2CCCCC2)cc1,O[C@@H](COc1ccccc1[C@@H](O)CCc1ccccc1)CN1CCOCC1,1,c1ccc(CCCc2ccccc2OCCCN2CCOCC2)cc1,0.8097076668505241,1,0.9823661478153739
O[C@H](COc1ccccc1[C@H](O)CCc1ccccc1)CN1CCCCC1,1,c1ccc(CCCc2ccccc2OCCCN2CCCCC2)cc1,O[C@H](COc1ccccc1[C@H](O)CCc1ccccc1)CN1CCOCC1,1,c1ccc(CCCc2ccccc2OCCCN2CCOCC2)cc1,0.8097076668505241,1,0.9823661478153739
O[C@H](COc1ccccc1[C@H](O)CCc1ccccc1)CN1CCCCC1,1,c1ccc(CCCc2ccccc2OCCCN2CCCCC2)cc1,CO[C@H](CCc1ccccc1)c1ccccc1OC[C@H](O)CN1CCCCC1,1,c1ccc(CCCc2ccccc2OCCCN2CCCCC2)cc1,0.7790000000000001,1,0.9711657879064587
CO[C@H](CCc1ccccc1)c1ccccc1OC[C@H](O)CN1CCCCC1,1,c1ccc(CCCc2ccccc2OCCCN2CCCCC2)cc1,CO[C@@H](CCc1ccccc1)c1ccccc1OC[C@H](O)CN1CCCCC1,1,c1ccc(CCCc2ccccc2OCCCN2CCCCC2)cc1,1.0,1,0.9969962554852588
CO[C@H](CCc1ccccc1)c1ccccc1OC[C@H](O)CN1CCCCC1,1,c1ccc(CCCc2ccccc2OCCCN2CCCCC2)cc1,CO[C@H](CCc1ccccc1)c1ccccc1OC[C@H](O)CN1CCOCC1,1,c1ccc(CCCc2ccccc2OCCCN2CCOCC2)cc1,0.8383107088989442,1,0.9895552060232018
CO[C@H](CCc1ccccc1)c1ccccc1OC[C@H](O)CN1CCCCC1,1,c1ccc(CCCc2ccccc2OCCCN2CCCCC2)cc1,CC(C)O[C@@H](CCc1ccccc1)c1ccccc1OC[C@@H](O)CN1CCCCC1,1,c1ccc(CCCc2ccccc2OCCCN2CCCCC2)cc1,0.8168855534709194,1,0.989586759868459
CO[C@H](CCc1ccccc1)c1ccccc1OC[C@H](O)CN1CCCCC1,1,c1ccc(CCCc2ccccc2OCCCN2CCCCC2)cc1,O[C@H](COc1ccccc1[C@H](O)CCc1ccccc1)CN1CCCCC1,1,c1ccc(CCCc2ccccc2OCCCN2CCCCC2)cc1,0.7790000000000001,1,0.9938433767443676
O[C@H](COc1ccccc1[C@H](O)CCc1ccccc1)CN1CCOCC1,1,c1ccc(CCCc2ccccc2OCCCN2CCOCC2)cc1,O[C@@H](COc1ccccc1[C@@H](O)CCc1ccccc1)CN1CCOCC1,1,c1ccc(CCCc2ccccc2OCCCN2CCOCC2)cc1,1.0,1,0.9654213396628699
O[C@H](COc1ccccc1[C@H](O)CCc1ccccc1)CN1CCOCC1,1,c1ccc(CCCc2ccccc2OCCCN2CCOCC2)cc1,O[C@H](COc1ccccc1[C@H](O)CCc1ccccc1)CN1CCCCC1,1,c1ccc(CCCc2ccccc2OCCCN2CCCCC2)cc1,0.8097076668505241,1,0.9748415024968445
O[C@H](COc1ccccc1[C@H](O)CCc1ccccc1)CN1CCOCC1,1,c1ccc(CCCc2ccccc2OCCCN2CCOCC2)cc1,O[C@@H](COc1ccccc1[C@H](O)CCc1ccccc1)CN1CCCCC1,1,c1ccc(CCCc2ccccc2OCCCN2CCCCC2)cc1,0.8097076668505241,1,0.9748415024968445
O[C@H](COc1ccccc1[C@H](O)CCc1ccccc1)CN1CCOCC1,1,c1ccc(CCCc2ccccc2OCCCN2CCOCC2)cc1,CO[C@H](CCc1ccccc1)c1ccccc1OC[C@H](O)CN1CCOCC1,1,c1ccc(CCCc2ccccc2OCCCN2CCOCC2)cc1,0.8031372549019609,1,0.8499862219189321
O[C@@H](COc1ccccc1[C@@H](O)CCc1ccccc1)CN1CCOCC1,1,c1ccc(CCCc2ccccc2OCCCN2CCOCC2)cc1,O[C@H](COc1ccccc1[C@H](O)CCc1ccccc1)CN1CCOCC1,1,c1ccc(CCCc2ccccc2OCCCN2CCOCC2)cc1,1.0,1,0.9654213396628699
O[C@@H](COc1ccccc1[C@@H](O)CCc1ccccc1)CN1CCOCC1,1,c1ccc(CCCc2ccccc2OCCCN2CCOCC2)cc1,O[C@H](COc1ccccc1[C@H](O)CCc1ccccc1)CN1CCCCC1,1,c1ccc(CCCc2ccccc2OCCCN2CCCCC2)cc1,0.8097076668505241,1,0.9748415024968445
O[C@@H](COc1ccccc1[C@@H](O)CCc1ccccc1)CN1CCOCC1,1,c1ccc(CCCc2ccccc2OCCCN2CCOCC2)cc1,O[C@@H](COc1ccccc1[C@H](O)CCc1ccccc1)CN1CCCCC1,1,c1ccc(CCCc2ccccc2OCCCN2CCCCC2)cc1,0.8097076668505241,1,0.9748415024968445
O[C@@H](COc1ccccc1[C@@H](O)CCc1ccccc1)CN1CCOCC1,1,c1ccc(CCCc2ccccc2OCCCN2CCOCC2)cc1,CO[C@H](CCc1ccccc1)c1ccccc1OC[C@H](O)CN1CCOCC1,1,c1ccc(CCCc2ccccc2OCCCN2CCOCC2)cc1,0.8031372549019609,1,0.8499862219189321
CO[C@H](CCc1ccccc1)c1ccccc1OC[C@H](O)CN1CCOCC1,1,c1ccc(CCCc2ccccc2OCCCN2CCOCC2)cc1,CO[C@H](CCc1ccccc1)c1ccccc1OC[C@H](O)CN1CCCCC1,1,c1ccc(CCCc2ccccc2OCCCN2CCCCC2)cc1,0.8383107088989442,1,0.9803658365171047
CO[C@H](CCc1ccccc1)c1ccccc1OC[C@H](O)CN1CCOCC1,1,c1ccc(CCCc2ccccc2OCCCN2CCOCC2)cc1,CO[C@@H](CCc1ccccc1)c1ccccc1OC[C@H](O)CN1CCCCC1,1,c1ccc(CCCc2ccccc2OCCCN2CCCCC2)cc1,0.8383107088989442,1,0.9803658365171047
CO[C@H](CCc1ccccc1)c1ccccc1OC[C@H](O)CN1CCOCC1,1,c1ccc(CCCc2ccccc2OCCCN2CCOCC2)cc1,O[C@@H](COc1ccccc1[C@@H](O)CCc1ccccc1)CN1CCOCC1,1,c1ccc(CCCc2ccccc2OCCCN2CCOCC2)cc1,0.8031372549019609,1,0.9384001082037594
CO[C@H](CCc1ccccc1)c1ccccc1OC[C@H](O)CN1CCOCC1,1,c1ccc(CCCc2ccccc2OCCCN2CCOCC2)cc1,O[C@H](COc1ccccc1[C@H](O)CCc1ccccc1)CN1CCOCC1,1,c1ccc(CCCc2ccccc2OCCCN2CCOCC2)cc1,0.8031372549019609,1,0.9384001082037594
C=CCN1CC[C@@]23c4c5ccc(O)c4O[C@H]2C(=O)CC[C@@]3(O)[C@@H]1C5,0,O=C1CCC2C3Cc4cccc5c4C2(CCN3)C1O5,COc1cc2c(cc1O)[C@@H]1Cc3ccc(OC)c(O)c3CN1CC2,1,c1ccc2c(c1)CC1c3ccccc3CCN1C2,0.20634146341463414,0,0.005046439736066788
C=CCN1CC[C@@]23c4c5ccc(O)c4O[C@H]2C(=O)CC[C@@]3(O)[C@@H]1C5,0,O=C1CCC2C3Cc4cccc5c4C2(CCN3)C1O5,C=CCn1c(SCCCC)nc2c(c1=O)C1(CCCC1)Cc1ccccc1-2,1,O=c1[nH]cnc2c1C1(CCCC1)Cc1ccccc1-2,0.19111847057052536,0,0.034805992332075965
C=CCN1CC[C@@]23c4c5ccc(O)c4O[C@H]2C(=O)CC[C@@]3(O)[C@@H]1C5,0,O=C1CCC2C3Cc4cccc5c4C2(CCN3)C1O5,COc1ccc2c(c1OC)C(=O)O[C@@H]2[C@H]1c2c(cc3c(c2OC)OCO3)CCN1C,1,O=C1OC(C2NCCc3cc4c(cc32)OCO4)c2ccccc21,0.18900255754475703,0,0.00044782475915938546
C=CCN1CC[C@@]23c4c5ccc(O)c4O[C@H]2C(=O)CC[C@@]3(O)[C@@H]1C5,0,O=C1CCC2C3Cc4cccc5c4C2(CCN3)C1O5,O=C1C[C@H](c2ccc(O)cc2)Oc2cc(O)cc(O)c21,1,O=C1CC(c2ccccc2)Oc2ccccc21,0.18778947368421056,0,0.004208028514595652
COc1ccc2c3c1O[C@H]1C(=O)CC[C@H]4[C@@H](C2)N(C)CC[C@]314,0,O=C1CCC2C3Cc4cccc5c4C2(CCN3)C1O5,COc1ccc2c(c1OC)C(=O)O[C@@H]2[C@H]1c2cc3c(cc2CCN1C)OCO3,1,O=C1OC(C2NCCc3cc4c(cc32)OCO4)c2ccccc21,0.3172077922077922,0,0.002907721430367732
COc1ccc2c3c1O[C@H]1C(=O)CC[C@H]4[C@@H](C2)N(C)CC[C@]314,0,O=C1CCC2C3Cc4cccc5c4C2(CCN3)C1O5,COc1ccc2c(c1OC)C(=O)O[C@@H]2[C@H]1c2c(cc3c(c2OC)OCO3)CCN1C,1,O=C1OC(C2NCCc3cc4c(cc32)OCO4)c2ccccc21,0.31666666666666665,0,0.0017131258657847653
COc1ccc2c3c1O[C@H]1C(=O)CC[C@H]4[C@@H](C2)N(C)CC[C@]314,0,O=C1CCC2C3Cc4cccc5c4C2(CCN3)C1O5,COc1cc2c(cc1O)[C@@H]1Cc3ccc(OC)c(O)c3CN1CC2,1,c1ccc2c(c1)CC1c3ccccc3CCN1C2,0.2625482625482626,0,0.0006791362358385451
COc1ccc2c3c1O[C@H]1C(=O)CC[C@H]4[C@@H](C2)N(C)CC[C@]314,0,O=C1CCC2C3Cc4cccc5c4C2(CCN3)C1O5,COc1cc(Br)c(C[C@H]2c3cc(OC)c(OC)cc3CCN2C)cc1OC,1,c1ccc(CC2NCCc3ccccc32)cc1,0.2504273504273504,0,0.003544508238115788
COc1cc2c(cc1OC)CN(CCNC(=O)c1ccccc1NC(=O)c1ccc(C3CCCCC3)cc1)CC2,1,O=C(Nc1ccccc1C(=O)NCCN1CCc2ccccc2C1)c1ccc(C2CCCCC2)cc1,COc1cc2c(cc1OC)CN(CCNC(=O)c1ccccc1NC(=O)c1ccc(OC3CCCCC3)cc1)CC2,1,O=C(Nc1ccccc1C(=O)NCCN1CCc2ccccc2C1)c1ccc(OC2CCCCC2)cc1,0.8069594034797017,1,0.9991347810465216
COc1cc2c(cc1OC)CN(CCNC(=O)c1ccccc1NC(=O)c1ccc(C3CCCCC3)cc1)CC2,1,O=C(Nc1ccccc1C(=O)NCCN1CCc2ccccc2C1)c1ccc(C2CCCCC2)cc1,COc1cc2c(cc1OC)CN(CCNC(=O)c1ccccc1NC(=O)c1ccc(-c3ccccc3)cc1)CC2,1,O=C(Nc1ccccc1C(=O)NCCN1CCc2ccccc2C1)c1ccc(-c2ccccc2)cc1,0.7750300120048019,1,0.9995877619695452
COc1cc2c(cc1OC)CN(CCNC(=O)c1ccccc1NC(=O)c1ccc(C3CCCCC3)cc1)CC2,1,O=C(Nc1ccccc1C(=O)NCCN1CCc2ccccc2C1)c1ccc(C2CCCCC2)cc1,COc1cc2c(cc1OC)CN(CCNC(=O)c1ccccc1NC(=O)c1ccc(Br)cc1)CC2,1,O=C(Nc1ccccc1C(=O)NCCN1CCc2ccccc2C1)c1ccccc1,0.7686274509803922,1,0.9998160409643326
COc1cc2c(cc1OC)CN(CCNC(=O)c1ccccc1NC(=O)c1ccc(C3CCCCC3)cc1)CC2,1,O=C(Nc1ccccc1C(=O)NCCN1CCc2ccccc2C1)c1ccc(C2CCCCC2)cc1,COc1cc2c(cc1OC)CN(CCNC(=O)c1ccccc1NC(=O)c1ccc(C(C)(C)C)cc1)CC2,1,O=C(Nc1ccccc1C(=O)NCCN1CCc2ccccc2C1)c1ccccc1,0.7628985507246377,1,0.9996491316385185
COc1cc2c(cc1OC)CN(CCc1ccc(NC(=O)c3ccc4ccccc4c3)cc1)CC2,1,O=C(Nc1ccc(CCN2CCc3ccccc3C2)cc1)c1ccc2ccccc2c1,COc1cc2c(cc1OC)CN(CCc1ccc(NC(=O)c3cccc4ccccc34)cc1)CC2,1,O=C(Nc1ccc(CCN2CCc3ccccc3C2)cc1)c1cccc2ccccc12,0.7675000000000001,1,0.9998242331499356
COc1cc2c(cc1OC)CN(CCc1ccc(NC(=O)c3ccc4ccccc4c3)cc1)CC2,1,O=C(Nc1ccc(CCN2CCc3ccccc3C2)cc1)c1ccc2ccccc2c1,COc1cc2c(cc1OC)CN(CCc1ccc(NC(=O)c3cc4ccccc4cn3)cc1)CC2,1,O=C(Nc1ccc(CCN2CCc3ccccc3C2)cc1)c1cc2ccccc2cn1,0.7407692307692308,1,0.9987464919972131
COc1cc2c(cc1OC)CN(CCc1ccc(NC(=O)c3ccc4ccccc4c3)cc1)CC2,1,O=C(Nc1ccc(CCN2CCc3ccccc3C2)cc1)c1ccc2ccccc2c1,COc1cc2c(cc1OC)CN(CCc1ccc(NC(=O)c3ccccc3NC(=O)c3ccccc3)cc1)CC2,1,O=C(Nc1ccccc1C(=O)Nc1ccc(CCN2CCc3ccccc3C2)cc1)c1ccccc1,0.7396969696969697,1,0.9997712412971747
COc1cc2c(cc1OC)CN(CCc1ccc(NC(=O)c3ccc4ccccc4c3)cc1)CC2,1,O=C(Nc1ccc(CCN2CCc3ccccc3C2)cc1)c1ccc2ccccc2c1,COc1cccc(C(=O)Nc2ccccc2C(=O)Nc2ccc(CCN3CCc4cc(OC)c(OC)cc4C3)cc2)c1,1,O=C(Nc1ccccc1C(=O)Nc1ccc(CCN2CCc3ccccc3C2)cc1)c1ccccc1,0.7339696005655709,1,0.9992058000188507
CC(=O)N[C@H]1[C@@H](O[C@@H](C)C(=O)O)[C@H](O)[C@@H](CO)O[C@@H]1O,0,C1CCOCC1,CCC[C@@H]1C[C@H](C(=O)N[C@H]([C@@H]2O[C@@H](SC)[C@H](O)[C@@H](O)[C@@H]2O)[C@@H](C)Cl)N(C)C1,1,O=C(NCC1CCCCO1)C1CCCN1,0.20584415584415588,0,0.00261709013483221
CC(=O)N[C@H]1[C@@H](O[C@@H](C)C(=O)O)[C@H](O)[C@@H](CO)O[C@@H]1O,0,C1CCOCC1,CC(=O)O[C@@H]1C[C@]2(C)[C@@H](C[C@@H](O)[C@@H]3[C@]4(C)CC[C@@H](O)[C@H](C)[C@H]4CC[C@]32C)/C1=C(\CCC=C(C)C)C(=O)O,1,C=C1CCC2C1CCC1C3CCCCC3CCC21,0.16544186922931978,0,0.0016624705303837112
CC(=O)N[C@H]1[C@@H](O[C@@H](C)C(=O)O)[C@H](O)[C@@H](CO)O[C@@H]1O,0,C1CCOCC1,CO/N=C(/C(=O)N[C@H]1C(=O)N2C(C(=O)O)=C(COC(C)=O)CS[C@@H]12)c1csc(N)n1,1,N=C(C(=O)NC1C(=O)N2C=CCSC12)c1cscn1,0.15714285714285714,0,3.1778825312656058e-06
CC(=O)N[C@H]1[C@@H](O[C@@H](C)C(=O)O)[C@H](O)[C@@H](CO)O[C@@H]1O,0,C1CCOCC1,COC(=O)N1[C@H]2C3[C@H](c4ccccc4)C4(CO)[C@@H]1C1[C@@H](c5ccccc5)C2(CO)[C@@H]3N(C(=O)OC)[C@H]14,1,c1ccc(C2C3C4NC5C2C2NC3C4C(c3ccccc3)C52)cc1,0.15507692307692308,0,0.0002557090470100241
CN(N=O)C(=O)N[C@H]1[C@@H](O)[C@H](O)[C@@H](CO)O[C@@H]1O,0,C1CCOCC1,CCC[C@@H]1C[C@H](C(=O)N[C@H]([C@@H]2O[C@@H](SC)[C@H](O)[C@@H](O)[C@@H]2O)[C@@H](C)Cl)N(C)C1,1,O=C(NCC1CCCCO1)C1CCCN1,0.19223809523809526,0,0.0008921107088573604
CN(N=O)C(=O)N[C@H]1[C@@H](O)[C@H](O)[C@@H](CO)O[C@@H]1O,0,C1CCOCC1,COc1cc([C@@H]2Oc3cc([C@H]4Oc5cc(OCc6ccccc6)cc(O)c5C(=O)[C@@H]4O)ccc3O[C@H]2CO)ccc1O,1,O=C1CC(c2ccc3c(c2)OC(c2ccccc2)CO3)Oc2cc(OCc3ccccc3)ccc21,0.14106617647058825,0,0.0005560289691048625
CN(N=O)C(=O)N[C@H]1[C@@H](O)[C@H](O)[C@@H](CO)O[C@@H]1O,0,C1CCOCC1,COC(=O)N1[C@H]2C3[C@H](c4ccccc4)C4(CO)[C@@H]1C1[C@@H](c5ccccc5)C2(CO)[C@@H]3N(C(=O)OC)[C@H]14,1,c1ccc(C2C3C4NC5C2C2NC3C4C(c3ccccc3)C52)cc1,0.13636991028295375,0,0.00022158622069243738
CN(N=O)C(=O)N[C@H]1[C@@H](O)[C@H](O)[C@@H](CO)O[C@@H]1O,0,C1CCOCC1,CCN(CC)C(=O)N[C@H]1C=C2c3cccc4[nH]cc(c34)C[C@H]2N(C)C1,1,C1=C2c3cccc4[nH]cc(c34)CC2NCC1,0.12895813047711785,0,1.3092010121956032e-05
COc1ccc(CN2CCNCC2)c(OC)c1OC,0,c1ccc(CN2CCNCC2)cc1,COc1cccc(COc2ccccc2CCc2ccccc2)c1OC,1,c1ccc(CCc2ccccc2OCc2ccccc2)cc1,0.2931623931623932,0,0.015486191835882722
COc1ccc(CN2CCNCC2)c(OC)c1OC,0,c1ccc(CN2CCNCC2)cc1,COc1ccc([C@@H](O)CN2CCN(C(c3ccccc3)c3ccccc3)CC2)cc1OC,1,c1ccc(CCN2CCN(C(c3ccccc3)c3ccccc3)CC2)cc1,0.28006728343145504,0,0.016130329341536468
COc1ccc(CN2CCNCC2)c(OC)c1OC,0,c1ccc(CN2CCNCC2)cc1,COc1cccc(CCc2ccccc2NCc2cccc(OC)c2OC)c1,1,c1ccc(CCc2ccccc2NCc2ccccc2)cc1,0.27656056221579167,0,0.011495430494788824
COc1ccc(CN2CCNCC2)c(OC)c1OC,0,c1ccc(CN2CCNCC2)cc1,COc1ccc2c(c1OC)C(=O)O[C@@H]2[C@H]1c2cc3c(cc2CCN1C)OCO3,1,O=C1OC(C2NCCc3cc4c(cc32)OCO4)c2ccccc21,0.2727272727272727,0,0.0010751966796398752
c1ccc(CN2CCNCC2)cc1,0,c1ccc(CN2CCNCC2)cc1,CC1(C)Oc2ccc(C#N)cc2[C@H](N2CCN(Cc3ccccc3)CC2)[C@H]1O,1,c1ccc(CN2CCN(C3CCOc4ccccc43)CC2)cc1,0.32372294372294375,0,0.005966336646423917
c1ccc(CN2CCNCC2)cc1,0,c1ccc(CN2CCNCC2)cc1,O=C(CCc1ccccc1)c1ccccc1OC[C@H](O)CN1CCN(Cc2ccccc2)CC1,1,O=C(CCc1ccccc1)c1ccccc1OCCCN1CCN(Cc2ccccc2)CC1,0.32344322344322346,0,0.012484013141843017
c1ccc(CN2CCNCC2)cc1,0,c1ccc(CN2CCNCC2)cc1,O=C(CCc1ccccc1)c1ccccc1OC[C@@H](O)CN1CCN(Cc2ccccc2)CC1,1,O=C(CCc1ccccc1)c1ccccc1OCCCN1CCN(Cc2ccccc2)CC1,0.32344322344322346,0,0.012484013141843017
c1ccc(CN2CCNCC2)cc1,0,c1ccc(CN2CCNCC2)cc1,Cc1ccc(C(=O)N2c3ccccc3[C@H](N3CCN(Cc4ccccc4)CC3)[C@@H](O)[C@@H]2C)cc1,1,O=C(c1ccccc1)N1CCC(N2CCN(Cc3ccccc3)CC2)c2ccccc21,0.30201112537441166,0,0.002823797057378536
COc1cc2c(cc1OC)CN(CCc1ccc(-n3nnc(-c4cc(OC)c(OC)cc4NC(=O)c4cc(=O)c5ccccc5o4)n3)cc1)CC2,1,O=C(Nc1ccccc1-c1nnn(-c2ccc(CCN3CCc4ccccc4C3)cc2)n1)c1cc(=O)c2ccccc2o1,COc1cc2c(cc1OC)CN(CCc1ccc(NC(=O)c3ccccc3NC(=O)c3cc4ccccc4o3)cc1)CC2,1,O=C(Nc1ccccc1C(=O)Nc1ccc(CCN2CCc3ccccc3C2)cc1)c1cc2ccccc2o1,0.5547826086956522,1,0.9999690553145076
COc1cc2c(cc1OC)CN(CCc1ccc(-n3nnc(-c4cc(OC)c(OC)cc4NC(=O)c4cc(=O)c5ccccc5o4)n3)cc1)CC2,1,O=C(Nc1ccccc1-c1nnn(-c2ccc(CCN3CCc4ccccc4C3)cc2)n1)c1cc(=O)c2ccccc2o1,COc1cc2c(cc1OC)CN(CCc1ccc(NC(=O)c3ccccc3NC(=O)c3cccc4ccccc34)cc1)CC2,1,O=C(Nc1ccc(CCN2CCc3ccccc3C2)cc1)c1ccccc1NC(=O)c1cccc2ccccc12,0.48005452067242166,1,0.9998789317321105
COc1cc2c(cc1OC)CN(CCc1ccc(-n3nnc(-c4cc(OC)c(OC)cc4NC(=O)c4cc(=O)c5ccccc5o4)n3)cc1)CC2,1,O=C(Nc1ccccc1-c1nnn(-c2ccc(CCN3CCc4ccccc4C3)cc2)n1)c1cc(=O)c2ccccc2o1,COc1cc2c(cc1OC)CN(CCc1ccc(NC(=O)c3cccc4ccccc34)cc1)CC2,1,O=C(Nc1ccc(CCN2CCc3ccccc3C2)cc1)c1cccc2ccccc12,0.4778743961352657,1,0.999708877424546
COc1cc2c(cc1OC)CN(CCc1ccc(-n3nnc(-c4cc(OC)c(OC)cc4NC(=O)c4cc(=O)c5ccccc5o4)n3)cc1)CC2,1,O=C(Nc1ccccc1-c1nnn(-c2ccc(CCN3CCc4ccccc4C3)cc2)n1)c1cc(=O)c2ccccc2o1,COc1cc2c(cc1OC)CN(CCc1ccc(NC(=O)c3ccccc3NC(=O)c3ccccc3)cc1)CC2,1,O=C(Nc1ccccc1C(=O)Nc1ccc(CCN2CCc3ccccc3C2)cc1)c1ccccc1,0.47666825927695494,1,0.9999118451389284
COc1cc2c(cc1OC)CN(CCc1ccc(NC(=O)c3cc4ccccc4cn3)cc1)CC2,1,O=C(Nc1ccc(CCN2CCc3ccccc3C2)cc1)c1cc2ccccc2cn1,COc1cc2c(cc1OC)CN(CCc1ccc(NC(=O)c3cnc4ccccc4n3)cc1)CC2,1,O=C(Nc1ccc(CCN2CCc3ccccc3C2)cc1)c1cnc2ccccc2n1,0.7615780445969125,1,0.9980855281767876
COc1cc2c(cc1OC)CN(CCc1ccc(NC(=O)c3cc4ccccc4cn3)cc1)CC2,1,O=C(Nc1ccc(CCN2CCc3ccccc3C2)cc1)c1cc2ccccc2cn1,COc1cc2c(cc1OC)CN(CCc1ccc(NC(=O)c3ccc4ccccc4c3)cc1)CC2,1,O=C(Nc1ccc(CCN2CCc3ccccc3C2)cc1)c1ccc2ccccc2c1,0.7407692307692308,1,0.9990212448399889
COc1cc2c(cc1OC)CN(CCc1ccc(NC(=O)c3cc4ccccc4cn3)cc1)CC2,1,O=C(Nc1ccc(CCN2CCc3ccccc3C2)cc1)c1cc2ccccc2cn1,COc1cc2c(cc1OC)CN(CCc1ccc(NC(=O)c3cccc4ccccc34)cc1)CC2,1,O=C(Nc1ccc(CCN2CCc3ccccc3C2)cc1)c1cccc2ccccc12,0.7111940298507463,1,0.9990134273409825
COc1cc2c(cc1OC)CN(CCc1ccc(NC(=O)c3cc4ccccc4cn3)cc1)CC2,1,O=C(Nc1ccc(CCN2CCc3ccccc3C2)cc1)c1cc2ccccc2cn1,COc1cc2c(cc1OC)CN(CCc1ccc(NC(=O)c3ccccc3NC(=O)c3ccccn3)cc1)CC2,1,O=C(Nc1ccccc1C(=O)Nc1ccc(CCN2CCc3ccccc3C2)cc1)c1ccccn1,0.7089754211543773,1,0.9988447911877567
CNS(=O)(=O)Cc1ccc2[nH]cc(CCN(C)C)c2c1,0,c1ccc2[nH]ccc2c1,CN(C)Cc1c[nH]c2ccccc12,1,c1ccc2[nH]ccc2c1,0.3549268292682927,0,0.008347614687269187
CNS(=O)(=O)Cc1ccc2[nH]cc(CCN(C)C)c2c1,0,c1ccc2[nH]ccc2c1,N#Cc1c2n(c3c(N4CCN(CCc5c[nH]c6ccccc56)CC4)ncnc13)CCCC2,1,c1ccc2c(CCN3CCN(c4ncnc5cc6n(c45)CCCC6)CC3)c[nH]c2c1,0.2207122093023256,0,0.04874253902948632
CNS(=O)(=O)Cc1ccc2[nH]cc(CCN(C)C)c2c1,0,c1ccc2[nH]ccc2c1,CCN(CC)C(=O)N[C@H]1C=C2c3cccc4[nH]cc(c34)C[C@H]2N(C)C1,1,C1=C2c3cccc4[nH]cc(c34)CC2NCC1,0.21611498257839723,0,0.01599780174338789
CNS(=O)(=O)Cc1ccc2[nH]cc(CCN(C)C)c2c1,0,c1ccc2[nH]ccc2c1,COc1ccc(CCN(C)CCCN2C(=O)[C@H]3C4c5ccccc5C(c5ccccc54)[C@@H]3C2=O)cc1OC,1,O=C1C2C3c4ccccc4C(c4ccccc43)C2C(=O)N1CCCNCCc1ccccc1,0.2058968058968059,0,0.018313179912465113
CN(C)Cc1c[nH]c2ccccc12,1,c1ccc2[nH]ccc2c1,N#Cc1c2n(c3c(N4CCN(CCc5c[nH]c6ccccc56)CC4)ncnc13)CCCC2,1,c1ccc2c(CCN3CCN(c4ncnc5cc6n(c45)CCCC6)CC3)c[nH]c2c1,0.27185354691075514,1,0.7372614234111763
CN(C)Cc1c[nH]c2ccccc12,1,c1ccc2[nH]ccc2c1,CN1C[C@H](CO)C=C2c3cccc4[nH]cc(c34)C[C@@H]21,1,C1=C2c3cccc4[nH]cc(c34)CC2NCC1,0.2427899686520376,1,0.6800125222246729
CN(C)Cc1c[nH]c2ccccc12,1,c1ccc2[nH]ccc2c1,CCN(CC)C(=O)N[C@H]1C=C2c3cccc4[nH]cc(c34)C[C@H]2N(C)C1,1,C1=C2c3cccc4[nH]cc(c34)CC2NCC1,0.22060849598163035,1,0.9440778657296879
CN(C)Cc1c[nH]c2ccccc12,1,c1ccc2[nH]ccc2c1,COc1ccccc1OCCNC[C@H](O)COc1cccc2[nH]c3ccccc3c12,1,c1ccc(OCCNCCCOc2cccc3[nH]c4ccccc4c23)cc1,0.2006720430107527,1,0.6903160043009364
CCc1cc(C(N)=S)ccn1,0,c1ccncc1,COc1cccc(CCc2ccccc2OCc2ccncc2)c1,1,c1ccc(CCc2ccccc2OCc2ccncc2)cc1,0.19255898366606172,0,0.0002053676172671099
CCc1cc(C(N)=S)ccn1,0,c1ccncc1,CCOC(=O)N1CCC(=C2c3ccc(Cl)cc3CCc3cccnc32)CC1,1,c1ccc2c(c1)CCc1cccnc1C2=C1CCNCC1,0.18734328358208957,0,0.0009236413623997142
CCc1cc(C(N)=S)ccn1,0,c1ccncc1,CC/C(=C(/c1ccccc1)c1ccc(OCCN(C)C)cc1)c1ccccc1,1,C(=C(c1ccccc1)c1ccccc1)c1ccccc1,0.1676672384219554,0,9.374852636743903e-05
CCc1cc(C(N)=S)ccn1,0,c1ccncc1,COc1ccc(COc2ccccc2CCc2ccccc2)cc1OC,1,c1ccc(CCc2ccccc2OCc2ccccc2)cc1,0.16176176176176177,0,0.00023939944188165467
CNCCc1ccccn1,0,c1ccncc1,CNCCCC12CCC(c3ccccc31)c1ccccc12,1,c1ccc2c(c1)C1CCC2c2ccccc21,0.26163682864450133,0,0.009455651183846562
CNCCc1ccccn1,0,c1ccncc1,CNCC[C@@H](Oc1ccc(C(F)(F)F)cc1)c1ccccc1,1,c1ccc(COc2ccccc2)cc1,0.24500000000000002,0,0.008528797140937117
CNCCc1ccccn1,0,c1ccncc1,C[C@@H](NCCC(c1ccccc1)c1ccccc1)c1ccccc1,1,c1ccc(CNCCC(c2ccccc2)c2ccccc2)cc1,0.2257918552036199,0,0.0005387574424160218
CNCCc1ccccn1,0,c1ccncc1,CC(C)NCCc1oc2ccccc2c1CCc1ccccc1,1,c1ccc(CCc2coc3ccccc23)cc1,0.22528379772961815,0,0.002354770582164679
Cc1ncc(CO)c(CO)c1O,0,c1ccncc1,Cc1cc(C(C)(C)C)c(O)c(C)c1CC1=NCCN1,1,c1ccc(CC2=NCCN2)cc1,0.18566433566433568,0,0.03866162247463155
Cc1ncc(CO)c(CO)c1O,0,c1ccncc1,Cc1nn(C)c(OC[C@@H](O)CN(C(C)C)C(C)C)c1C(=O)c1ccccc1,1,O=C(c1ccccc1)c1cn[nH]c1,0.15137254901960784,0,0.00047930430293365305
Cc1ncc(CO)c(CO)c1O,0,c1ccncc1,Cc1nn(-c2ccccc2)c(OC[C@@H](O)CN(C(C)C)C(C)C)c1C(=O)c1ccccc1,1,O=C(c1ccccc1)c1cnn(-c2ccccc2)c1,0.1444743935309973,0,0.001948533682074614
Cc1ncc(CO)c(CO)c1O,0,c1ccncc1,CCCNC[C@@H](O)c1oc2ccccc2c1CC,1,c1ccc2occc2c1,0.14006734006734006,0,0.019630144716440465
CC1=CC(=O)C2=C(C)C[C@@H](O)[C@@H]3[C@@H](OC(=O)[C@@H]3C)[C@H]12,0,O=C1CC2CCC=C3C(=O)C=CC3C2O1,CC(C)[C@@H]1OC(=O)[C@@H](C)[C@@H](C)OC(=O)C[C@@H](O)[C@H](Cc2ccccc2)N(C)C1=O,1,O=C1COC(=O)CCOC(=O)CCC(Cc2ccccc2)N1,0.282987012987013,0,0.04756419041792351
CC1=CC(=O)C2=C(C)C[C@@H](O)[C@@H]3[C@@H](OC(=O)[C@@H]3C)[C@H]12,0,O=C1CC2CCC=C3C(=O)C=CC3C2O1,CCCCCCC[C@H]1OC(=O)C[C@@H](O)[C@H](Cc2ccccc2)N(C)C(=O)[C@H](C)OC(=O)[C@H]1C,1,O=C1COC(=O)CCOC(=O)CCC(Cc2ccccc2)N1,0.2685076380728555,0,0.07651721658701936
CC1=CC(=O)C2=C(C)C[C@@H](O)[C@@H]3[C@@H](OC(=O)[C@@H]3C)[C@H]12,0,O=C1CC2CCC=C3C(=O)C=CC3C2O1,CCCCCCC[C@H]1OC(=O)C[C@H](O)[C@H](Cc2ccccc2)N(C)C(=O)[C@H](C(C)C)OC(=O)[C@H]1C,1,O=C1COC(=O)CCOC(=O)CCC(Cc2ccccc2)N1,0.2593534125449019,0,0.07487677562066705
CC1=CC(=O)C2=C(C)C[C@@H](O)[C@@H]3[C@@H](OC(=O)[C@@H]3C)[C@H]12,0,O=C1CC2CCC=C3C(=O)C=CC3C2O1,CCCCCCC[C@@H]1OC(=O)C[C@@H](O)[C@H](Cc2ccccc2)N(C)C(=O)[C@H](C(C)C)OC(=O)[C@@H]1C,1,O=C1COC(=O)CCOC(=O)CCC(Cc2ccccc2)N1,0.2593534125449019,0,0.07487677562066705
Cc1cc(C)n(-c2nnc(N/N=C/c3cccnc3)nn2)n1,0,C(=NNc1nnc(-n2cccn2)nn1)c1cccnc1,COc1cc2c(cc1OC)CN(CCc1ccc(NC(=O)c3cccnc3)cc1)CC2,1,O=C(Nc1ccc(CCN2CCc3ccccc3C2)cc1)c1cccnc1,0.18244631185807658,0,0.0006666363295299486
Cc1cc(C)n(-c2nnc(N/N=C/c3cccnc3)nn2)n1,0,C(=NNc1nnc(-n2cccn2)nn1)c1cccnc1,COc1cc2c(cc1OC)CN(CCc1ccc(NC(=O)c3ccccc3NC(=O)c3cccnc3)cc1)CC2,1,O=C(Nc1ccccc1C(=O)Nc1ccc(CCN2CCc3ccccc3C2)cc1)c1cccnc1,0.16705351386202452,0,0.018447339351784043
Cc1cc(C)n(-c2nnc(N/N=C/c3cccnc3)nn2)n1,0,C(=NNc1nnc(-n2cccn2)nn1)c1cccnc1,O=C(Nc1cccnc1)c1c2n(c3c(N4CCN(CCc5ccc(F)c(F)c5)CC4)ncnc13)CCCC2,1,O=C(Nc1cccnc1)c1c2n(c3c(N4CCN(CCc5ccccc5)CC4)ncnc13)CCCC2,0.14656790123456792,0,0.05390120384916293
Cc1cc(C)n(-c2nnc(N/N=C/c3cccnc3)nn2)n1,0,C(=NNc1nnc(-n2cccn2)nn1)c1cccnc1,CCOC(=O)N1CCC(=C2c3ccc(Cl)cc3CCc3cccnc32)CC1,1,c1ccc2c(c1)CCc1cccnc1C2=C1CCNCC1,0.14476190476190479,0,0.002068507809098111
CCN(CC)C[C@@H](O)COc1ccccc1C(=O)c1ccccc1,1,O=C(c1ccccc1)c1ccccc1,CCN(CC)C[C@@H](O)COc1ccccc1C(=O)CCc1ccccc1,1,O=C(CCc1ccccc1)c1ccccc1,0.6776643990929705,1,0.7980108629096041
CCN(CC)C[C@@H](O)COc1ccccc1C(=O)c1ccccc1,1,O=C(c1ccccc1)c1ccccc1,CCN(CC)C[C@H](O)COc1ccccc1C(=O)CCc1ccccc1,1,O=C(CCc1ccccc1)c1ccccc1,0.6776643990929705,1,0.7980108629096041
CCN(CC)C[C@@H](O)COc1ccccc1C(=O)c1ccccc1,1,O=C(c1ccccc1)c1ccccc1,O=C(c1ccccc1)c1ccccc1OC[C@H](O)CN1CCC(O)(c2ccccc2)CC1,1,O=C(c1ccccc1)c1ccccc1OCCCN1CCC(c2ccccc2)CC1,0.5613032581453634,1,0.8797432692054185
CCN(CC)C[C@@H](O)COc1ccccc1C(=O)c1ccccc1,1,O=C(c1ccccc1)c1ccccc1,O=C(c1ccccc1)c1ccccc1OC[C@@H](O)CN1CCC(O)(c2ccccc2)CC1,1,O=C(c1ccccc1)c1ccccc1OCCCN1CCC(c2ccccc2)CC1,0.5613032581453634,1,0.8797432692054185
CC(C)(C)NC(=O)[C@H]1C[C@@H]2CCCC[C@H]2CN1C[C@@H](O)[C@H](Cc1ccccc1)NC(=O)[C@@H](CC(N)=O)NC(=O)c1ccc2ccccc2n1,1,O=C(CNC(=O)c1ccc2ccccc2n1)NC(CCN1CCC2CCCCC2C1)Cc1ccccc1,Cc1c(O)cccc1C(=O)N[C@@H](CSc1ccccc1)[C@H](O)CN1C[C@H]2CCCC[C@H]2C[C@H]1C(=O)NC(C)(C)C,1,O=C(NC(CCN1CCC2CCCCC2C1)CSc1ccccc1)c1ccccc1,0.476,1,0.9825082534252779
CC(C)(C)NC(=O)[C@H]1C[C@@H]2CCCC[C@H]2CN1C[C@@H](O)[C@H](Cc1ccccc1)NC(=O)[C@@H](CC(N)=O)NC(=O)c1ccc2ccccc2n1,1,O=C(CNC(=O)c1ccc2ccccc2n1)NC(CCN1CCC2CCCCC2C1)Cc1ccccc1,COc1cc2c(cc1OC)CN(CCc1ccc(NC(=O)c3ccccc3NC(=O)c3ccc4ccccc4n3)cc1)CC2,1,O=C(Nc1ccccc1C(=O)Nc1ccc(CCN2CCc3ccccc3C2)cc1)c1ccc2ccccc2n1,0.25895710681244744,1,0.9050938325969384
CC(C)(C)NC(=O)[C@H]1C[C@@H]2CCCC[C@H]2CN1C[C@@H](O)[C@H](Cc1ccccc1)NC(=O)[C@@H](CC(N)=O)NC(=O)c1ccc2ccccc2n1,1,O=C(CNC(=O)c1ccc2ccccc2n1)NC(CCN1CCC2CCCCC2C1)Cc1ccccc1,COc1cc2c(cc1OC)CN(CCNC(=O)c1ccccc1NC(=O)c1ccc3ccccc3n1)CC2,1,O=C(Nc1ccccc1C(=O)NCCN1CCc2ccccc2C1)c1ccc2ccccc2n1,0.2468614941345956,1,0.9160929237287863
CC(C)(C)NC(=O)[C@H]1C[C@@H]2CCCC[C@H]2CN1C[C@@H](O)[C@H](Cc1ccccc1)NC(=O)[C@@H](CC(N)=O)NC(=O)c1ccc2ccccc2n1,1,O=C(CNC(=O)c1ccc2ccccc2n1)NC(CCN1CCC2CCCCC2C1)Cc1ccccc1,O=C(Nc1ccccc1C(=O)N[C@@H]1CCCC[C@@H]1N1CCN(c2ccccc2)CC1)c1cnc2ccccc2c1,1,O=C(Nc1ccccc1C(=O)NC1CCCCC1N1CCN(c2ccccc2)CC1)c1cnc2ccccc2c1,0.21971014492753627,1,0.9845378274400954
COc1cc2c(cc1OC)CN(CCc1ccc(NC(=O)c3ccccc3NC(=O)c3ccccn3)cc1)CC2,1,O=C(Nc1ccccc1C(=O)Nc1ccc(CCN2CCc3ccccc3C2)cc1)c1ccccn1,COc1cc2c(cc1OC)CN(CCc1ccc(NC(=O)c3ccccc3NC(=O)c3csc(C)n3)cc1)CC2,1,O=C(Nc1ccccc1C(=O)Nc1ccc(CCN2CCc3ccccc3C2)cc1)c1cscn1,0.813086854460094,1,0.9996231580979142
COc1cc2c(cc1OC)CN(CCc1ccc(NC(=O)c3ccccc3NC(=O)c3ccccn3)cc1)CC2,1,O=C(Nc1ccccc1C(=O)Nc1ccc(CCN2CCc3ccccc3C2)cc1)c1ccccn1,COc1cc2c(cc1OC)CN(CCc1ccc(NC(=O)c3ccccc3NC(=O)c3cccs3)cc1)CC2,1,O=C(Nc1ccccc1C(=O)Nc1ccc(CCN2CCc3ccccc3C2)cc1)c1cccs1,0.788888888888889,1,0.9942998584652004
COc1cc2c(cc1OC)CN(CCc1ccc(NC(=O)c3ccccc3NC(=O)c3ccccn3)cc1)CC2,1,O=C(Nc1ccccc1C(=O)Nc1ccc(CCN2CCc3ccccc3C2)cc1)c1ccccn1,COc1cc2c(cc1OC)CN(CCc1ccc(NC(=O)c3ccccc3NC(=O)c3ccccc3)cc1)CC2,1,O=C(Nc1ccccc1C(=O)Nc1ccc(CCN2CCc3ccccc3C2)cc1)c1ccccc1,0.7850097339390006,1,0.9979601552142365
COc1cc2c(cc1OC)CN(CCc1ccc(NC(=O)c3ccccc3NC(=O)c3ccccn3)cc1)CC2,1,O=C(Nc1ccccc1C(=O)Nc1ccc(CCN2CCc3ccccc3C2)cc1)c1ccccn1,COc1cc2c(cc1OC)CN(CCc1ccc(NC(=O)c3ccccc3NC(=O)c3ccc4ccccc4n3)cc1)CC2,1,O=C(Nc1ccccc1C(=O)Nc1ccc(CCN2CCc3ccccc3C2)cc1)c1ccc2ccccc2n1,0.7799145299145299,1,0.998718550439808
N#Cc1c2n(c3c(N4CCN(CCc5c[nH]c6ccccc56)CC4)ncnc13)CCCC2,1,c1ccc2c(CCN3CCN(c4ncnc5cc6n(c45)CCCC6)CC3)c[nH]c2c1,N#Cc1c2n(c3c(N4CCN(CCc5ccccc5)CC4)ncnc13)CCCC2,1,c1ccc(CCN2CCN(c3ncnc4cc5n(c34)CCCC5)CC2)cc1,0.7178451178451178,1,0.9984311532666456
N#Cc1c2n(c3c(N4CCN(CCc5c[nH]c6ccccc56)CC4)ncnc13)CCCC2,1,c1ccc2c(CCN3CCN(c4ncnc5cc6n(c45)CCCC6)CC3)c[nH]c2c1,N#Cc1c2n(c3c(N4CCN(CCc5ccccc5Cl)CC4)ncnc13)CCCC2,1,c1ccc(CCN2CCN(c3ncnc4cc5n(c34)CCCC5)CC2)cc1,0.7120638085742772,1,0.9982347198605793
N#Cc1c2n(c3c(N4CCN(CCc5c[nH]c6ccccc56)CC4)ncnc13)CCCC2,1,c1ccc2c(CCN3CCN(c4ncnc5cc6n(c45)CCCC6)CC3)c[nH]c2c1,N#Cc1c2n(c3c(N4CCN(CCCc5ccccc5)CC4)ncnc13)CCCC2,1,c1ccc(CCCN2CCN(c3ncnc4cc5n(c34)CCCC5)CC2)cc1,0.6666666666666666,1,0.9990602575641532
N#Cc1c2n(c3c(N4CCN(CCc5c[nH]c6ccccc56)CC4)ncnc13)CCCC2,1,c1ccc2c(CCN3CCN(c4ncnc5cc6n(c45)CCCC6)CC3)c[nH]c2c1,N#Cc1c2n(c3c(N4CCN(CCc5ccc(Cl)cc5)CC4)ncnc13)CCCC2,1,c1ccc(CCN2CCN(c3ncnc4cc5n(c34)CCCC5)CC2)cc1,0.6539425202652911,1,0.998304001261906
COc1cc([C@H]2c3cc4c(cc3[C@H](O[C@@H]3O[C@@H]5CO[C@@H](C)O[C@H]5[C@@H](O)[C@@H]3O)[C@H]3COC(=O)[C@H]23)OCO4)cc(OC)c1O,0,O=C1OCC2C(OC3CCC4OCOCC4O3)c3cc4c(cc3C(c3ccccc3)C12)OCO4,COc1ccc2c(c1OC)C(=O)O[C@@H]2[C@H]1c2cc3c(cc2CCN1C)OCO3,1,O=C1OC(C2NCCc3cc4c(cc32)OCO4)c2ccccc21,0.2366917293233083,0,0.00045916042228214807
COc1cc([C@H]2c3cc4c(cc3[C@H](O[C@@H]3O[C@@H]5CO[C@@H](C)O[C@H]5[C@@H](O)[C@@H]3O)[C@H]3COC(=O)[C@H]23)OCO4)cc(OC)c1O,0,O=C1OCC2C(OC3CCC4OCOCC4O3)c3cc4c(cc3C(c3ccccc3)C12)OCO4,COc1ccc2c(c1OC)C(=O)O[C@@H]2[C@H]1c2c(cc3c(c2OC)OCO3)CCN1C,1,O=C1OC(C2NCCc3cc4c(cc32)OCO4)c2ccccc21,0.2091200669362711,0,0.003434625844149073
COc1cc([C@H]2c3cc4c(cc3[C@H](O[C@@H]3O[C@@H]5CO[C@@H](C)O[C@H]5[C@@H](O)[C@@H]3O)[C@H]3COC(=O)[C@H]23)OCO4)cc(OC)c1O,0,O=C1OCC2C(OC3CCC4OCOCC4O3)c3cc4c(cc3C(c3ccccc3)C12)OCO4,COc1cc([C@@H]2Oc3cc([C@H]4Oc5cc(OCc6ccccc6)cc(O)c5C(=O)[C@@H]4O)ccc3O[C@H]2CO)ccc1O,1,O=C1CC(c2ccc3c(c2)OC(c2ccccc2)CO3)Oc2cc(OCc3ccccc3)ccc21,0.20077972709551656,0,0.10952272942548893
COc1cc([C@H]2c3cc4c(cc3[C@H](O[C@@H]3O[C@@H]5CO[C@@H](C)O[C@H]5[C@@H](O)[C@@H]3O)[C@H]3COC(=O)[C@H]23)OCO4)cc(OC)c1O,0,O=C1OCC2C(OC3CCC4OCOCC4O3)c3cc4c(cc3C(c3ccccc3)C12)OCO4,COc1ccc2c(c1)OC[C@H]1[C@@H]2C2=C(OC1(C)C)C1=C(C(=O)C2=O)[C@H]2c3ccc(OC)cc3OC[C@H]2C(C)(C)O1,1,O=C1C(=O)C2=C(OCC3COc4ccccc4C23)C2=C1C1c3ccccc3OCC1CO2,0.19882146838668577,0,0.0018721784885951428
O=c1[nH]c2ccccc2n1C1CCN(CCCC(c2ccc(F)cc2)c2ccc(F)cc2)CC1,1,O=c1[nH]c2ccccc2n1C1CCN(CCCC(c2ccccc2)c2ccccc2)CC1,O=C(CCCN1CCC2(CC1)C(=O)NCN2c1ccccc1)c1ccc(F)cc1,1,O=C(CCCN1CCC2(CC1)C(=O)NCN2c1ccccc1)c1ccccc1,0.31228070175438594,1,0.9984938653716615
O=c1[nH]c2ccccc2n1C1CCN(CCCC(c2ccc(F)cc2)c2ccc(F)cc2)CC1,1,O=c1[nH]c2ccccc2n1C1CCN(CCCC(c2ccccc2)c2ccccc2)CC1,O=c1c2ccccc2n(CCCCN2CCCCC2)c2ccccc12,1,O=c1c2ccccc2n(CCCCN2CCCCC2)c2ccccc12,0.29523809523809524,1,0.9963905852052595
O=c1[nH]c2ccccc2n1C1CCN(CCCC(c2ccc(F)cc2)c2ccc(F)cc2)CC1,1,O=c1[nH]c2ccccc2n1C1CCN(CCCC(c2ccccc2)c2ccccc2)CC1,O=c1c2ccccc2n(CCCN2CCCCC2)c2ccccc12,1,O=c1c2ccccc2n(CCCN2CCCCC2)c2ccccc12,0.29395604395604397,1,0.9929800791578891
O=c1[nH]c2ccccc2n1C1CCN(CCCC(c2ccc(F)cc2)c2ccc(F)cc2)CC1,1,O=c1[nH]c2ccccc2n1C1CCN(CCCC(c2ccccc2)c2ccccc2)CC1,CN1CCN(CCCCn2c3ccccc3c(=O)c3ccccc32)CC1,1,O=c1c2ccccc2n(CCCCN2CCNCC2)c2ccccc12,0.28915094339622643,1,0.9880348822285443
CC(=O)[C@@H]1CC[C@@H]2[C@@H]3[C@H](Sc4ccc(NC(=O)N[C@H](C)c5ccccc5)cc4)CC4=CC(=O)CC[C@]4(C)[C@H]3CC[C@]21C,1,O=C1C=C2CC(Sc3ccc(NC(=O)NCc4ccccc4)cc3)C3C4CCCC4CCC3C2CC1,CCNC(=O)Nc1ccc(S[C@@H]2CC3=CC(=O)CC[C@]3(C)[C@@H]3CC[C@]4(C)[C@@H](C(C)=O)CC[C@@H]4[C@@H]32)cc1,1,O=C1C=C2CC(Sc3ccccc3)C3C4CCCC4CCC3C2CC1,0.7540554683411826,1,0.99375874666421
CC(=O)[C@@H]1CC[C@@H]2[C@@H]3[C@H](Sc4ccc(NC(=O)N[C@H](C)c5ccccc5)cc4)CC4=CC(=O)CC[C@]4(C)[C@H]3CC[C@]21C,1,O=C1C=C2CC(Sc3ccc(NC(=O)NCc4ccccc4)cc3)C3C4CCCC4CCC3C2CC1,CC(=O)[C@@H]1CC[C@@H]2[C@@H]3[C@H](Sc4ccc(NC(=O)NCCCl)cc4)CC4=CC(=O)CC[C@]4(C)[C@H]3CC[C@@]21C,1,O=C1C=C2CC(Sc3ccccc3)C3C4CCCC4CCC3C2CC1,0.7200093174935942,1,0.9943620511065787
CC(=O)[C@@H]1CC[C@@H]2[C@@H]3[C@H](Sc4ccc(NC(=O)N[C@H](C)c5ccccc5)cc4)CC4=CC(=O)CC[C@]4(C)[C@H]3CC[C@]21C,1,O=C1C=C2CC(Sc3ccc(NC(=O)NCc4ccccc4)cc3)C3C4CCCC4CCC3C2CC1,C[C@@]12CC[C@@H]3C(CCC4=CC(=O)CC[C@]43C)[C@H]1CC[C@H]2O,1,O=C1C=C2CCC3C4CCCC4CCC3C2CC1,0.3269076305220883,1,0.9988537591044095
CC(=O)[C@@H]1CC[C@@H]2[C@@H]3[C@H](Sc4ccc(NC(=O)N[C@H](C)c5ccccc5)cc4)CC4=CC(=O)CC[C@]4(C)[C@H]3CC[C@]21C,1,O=C1C=C2CC(Sc3ccc(NC(=O)NCc4ccccc4)cc3)C3C4CCCC4CCC3C2CC1,CC#C[C@@]1(O)CC[C@@H]2[C@H]3CCC4=CC(=O)CCC4=C3[C@@H](c3ccc(N(C)C)cc3)C[C@]21C,1,O=C1C=C2CCC3C(=C2CC1)C(c1ccccc1)CC1CCCC13,0.2081411126187246,1,0.9786073173176939
N#Cc1c2n(c3c(NS(=O)(=O)Cc4ccccc4)ncnc13)CCCC2,1,O=S(=O)(Cc1ccccc1)Nc1ncnc2cc3n(c12)CCCC3,N#Cc1c2n(c3c(NCCc4ccccc4)ncnc13)CCCC2,1,c1ccc(CCNc2ncnc3cc4n(c23)CCCC4)cc1,0.6650340136054422,1,0.8630533664808306
N#Cc1c2n(c3c(NS(=O)(=O)Cc4ccccc4)ncnc13)CCCC2,1,O=S(=O)(Cc1ccccc1)Nc1ncnc2cc3n(c12)CCCC3,N#Cc1c2n(c3c(N4CCN(CCc5ccccc5)CC4)ncnc13)CCCC2,1,c1ccc(CCN2CCN(c3ncnc4cc5n(c34)CCCC5)CC2)cc1,0.5512250070402704,1,0.8318290117192854
N#Cc1c2n(c3c(NS(=O)(=O)Cc4ccccc4)ncnc13)CCCC2,1,O=S(=O)(Cc1ccccc1)Nc1ncnc2cc3n(c12)CCCC3,N#Cc1c2n(c3c(N4CCN(CCCc5ccccc5)CC4)ncnc13)CCCC2,1,c1ccc(CCCN2CCN(c3ncnc4cc5n(c34)CCCC5)CC2)cc1,0.5363929146537842,1,0.8971917373304585
N#Cc1c2n(c3c(NS(=O)(=O)Cc4ccccc4)ncnc13)CCCC2,1,O=S(=O)(Cc1ccccc1)Nc1ncnc2cc3n(c12)CCCC3,N#Cc1c2n(c3c(N4CCN(CC(=O)c5ccccc5)CC4)ncnc13)CCCC2,1,O=C(CN1CCN(c2ncnc3cc4n(c23)CCCC4)CC1)c1ccccc1,0.5130412102243088,1,0.869746693572891
CC1(C)[C@H](C=C(Cl)Cl)[C@H]1C(=O)OCc1cccc(Oc2ccccc2)c1,0,O=C(OCc1cccc(Oc2ccccc2)c1)C1CC1,CC(C)NC[C@@H](O)COc1ccc(Oc2ccccc2)cc1C(=O)CCc1ccccc1,1,O=C(CCc1ccccc1)c1cccc(Oc2ccccc2)c1,0.274,0,0.000947646164302045
CC1(C)[C@H](C=C(Cl)Cl)[C@H]1C(=O)OCc1cccc(Oc2ccccc2)c1,0,O=C(OCc1cccc(Oc2ccccc2)c1)C1CC1,O=C(CCc1ccccc1)c1cc(Oc2ccccc2)ccc1OC[C@@H](O)CN1CCCCC1,1,O=C(CCc1ccccc1)c1cc(Oc2ccccc2)ccc1OCCCN1CCCCC1,0.2637958532695375,0,0.018949558206048003
CC1(C)[C@H](C=C(Cl)Cl)[C@H]1C(=O)OCc1cccc(Oc2ccccc2)c1,0,O=C(OCc1cccc(Oc2ccccc2)c1)C1CC1,COc1cccc(CCc2ccccc2OCc2ccc(OC)c(OC)c2)c1,1,c1ccc(CCc2ccccc2OCc2ccccc2)cc1,0.2545454545454546,0,0.05205339891003271
CC1(C)[C@H](C=C(Cl)Cl)[C@H]1C(=O)OCc1cccc(Oc2ccccc2)c1,0,O=C(OCc1cccc(Oc2ccccc2)c1)C1CC1,COc1cccc(CCc2ccccc2OCc2cc(OC)cc(OC)c2)c1,1,c1ccc(CCc2ccccc2OCc2ccccc2)cc1,0.2514685314685315,0,0.05872729266492784
CCN(Cc1ccccc1)c1ccccc1,0,c1ccc(CNc2ccccc2)cc1,c1ccc(CN(CC2=NCCN2)c2ccccc2)cc1,1,c1ccc(CN(CC2=NCCN2)c2ccccc2)cc1,0.48812260536398466,0,0.031105511573527124
CCN(Cc1ccccc1)c1ccccc1,0,c1ccc(CNc2ccccc2)cc1,CC(C)COC[C@H](CN(Cc1ccccc1)c1ccccc1)N1CCCC1,1,c1ccc(CN(CCN2CCCC2)c2ccccc2)cc1,0.4262500000000001,0,0.10062915773013299
CCN(Cc1ccccc1)c1ccccc1,0,c1ccc(CNc2ccccc2)cc1,CCC(=O)N(c1ccccc1)C1CCN(CCc2ccccc2)CC1,1,c1ccc(CCN2CCC(Nc3ccccc3)CC2)cc1,0.2888888888888889,0,0.040344067971697324
CCN(Cc1ccccc1)c1ccccc1,0,c1ccc(CNc2ccccc2)cc1,CCN(CC)C[C@@H](O)COc1ccccc1C(=O)CCc1ccccc1,1,O=C(CCc1ccccc1)c1ccccc1,0.26315789473684215,0,0.13932811796261585
c1ccc([C@@H]2CN3CCSC3=N2)cc1,0,c1ccc(C2CN3CCSC3=N2)cc1,COc1ccc2c(c1)CN(C(=O)CCN1CCC(Cc3ccccc3)CC1)CCS2,1,O=C(CCN1CCC(Cc2ccccc2)CC1)N1CCSc2ccccc2C1,0.19743589743589746,0,0.09565674418115556
c1ccc([C@@H]2CN3CCSC3=N2)cc1,0,c1ccc(C2CN3CCSC3=N2)cc1,c1ccc2c(c1)Sc1ccccc1N2C[C@H]1CN2CCC1CC2,1,c1ccc2c(c1)Sc1ccccc1N2CC1CN2CCC1CC2,0.1933104631217839,0,0.01518012178285348
c1ccc([C@@H]2CN3CCSC3=N2)cc1,0,c1ccc(C2CN3CCSC3=N2)cc1,Clc1ccccc1-c1nc(N2CCCC2)c2ccccc2n1,1,c1ccc(-c2nc(N3CCCC3)c3ccccc3n2)cc1,0.19153439153439156,0,0.10564297945228096
c1ccc([C@@H]2CN3CCSC3=N2)cc1,0,c1ccc(C2CN3CCSC3=N2)cc1,CN1CCC(=C2c3ccccc3Sc3ccccc32)CC1,1,c1ccc2c(c1)Sc1ccccc1C2=C1CCNCC1,0.18596316575410654,0,0.12390875856499398
CC1(C)[C@H]2CC[C@@]3(C)[C@H](C(=O)C=C4[C@@H]5C[C@@](C)(C(=O)O)CC[C@@]5(C)CC[C@@]43C)[C@]2(C)CC[C@H]1OC(=O)CCC(=O)O,1,O=C1C=C2C3CCCCC3CCC2C2CCC3CCCCC3C12,CC(=O)O[C@@H]1C[C@]2(C)[C@@H](C[C@@H](O)[C@@H]3[C@]4(C)CC[C@@H](O)[C@H](C)[C@H]4CC[C@]32C)/C1=C(\CCC=C(C)C)C(=O)O,1,C=C1CCC2C1CCC1C3CCCCC3CCC21,0.25701587301587303,1,0.8860146215329059
CC1(C)[C@H]2CC[C@@]3(C)[C@H](C(=O)C=C4[C@@H]5C[C@@](C)(C(=O)O)CC[C@@]5(C)CC[C@@]43C)[C@]2(C)CC[C@H]1OC(=O)CCC(=O)O,1,O=C1C=C2C3CCCCC3CCC2C2CCC3CCCCC3C12,C[C@@]12CC[C@@H]3C(CCC4=CC(=O)CC[C@]43C)[C@H]1CC[C@H]2O,1,O=C1C=C2CCC3C4CCCC4CCC3C2CC1,0.19044397463002113,1,0.7160369504360428
CC1(C)[C@H]2CC[C@@]3(C)[C@H](C(=O)C=C4[C@@H]5C[C@@](C)(C(=O)O)CC[C@@]5(C)CC[C@@]43C)[C@]2(C)CC[C@H]1OC(=O)CCC(=O)O,1,O=C1C=C2C3CCCCC3CCC2C2CCC3CCCCC3C12,CCNC(=O)Nc1ccc(S[C@@H]2CC3=CC(=O)CC[C@]3(C)[C@@H]3CC[C@]4(C)[C@@H](C(C)=O)CC[C@@H]4[C@@H]32)cc1,1,O=C1C=C2CC(Sc3ccccc3)C3C4CCCC4CCC3C2CC1,0.17363636363636364,1,0.8375429133841003
CC1(C)[C@H]2CC[C@@]3(C)[C@H](C(=O)C=C4[C@@H]5C[C@@](C)(C(=O)O)CC[C@@]5(C)CC[C@@]43C)[C@]2(C)CC[C@H]1OC(=O)CCC(=O)O,1,O=C1C=C2C3CCCCC3CCC2C2CCC3CCCCC3C12,C[C@]12CC(=O)[C@@H]3[C@@H](CCC4=CC(=O)CC[C@H]43)[C@H]1CC[C@@]2(O)C(=O)CO,1,O=C1C=C2CCC3C4CCCC4CC(=O)C3C2CC1,0.17344651952461798,1,0.8946768061038041
CN1/C(=C(/O)Nc2ccccn2)C(=O)c2ccccc2S1(=O)=O,0,O=C1C(=CNc2ccccn2)NS(=O)(=O)c2ccccc21,COc1cc2c(cc1OC)CN(CCc1ccc(NC(=O)c3ccccc3NC(=O)c3ccccn3)cc1)CC2,1,O=C(Nc1ccccc1C(=O)Nc1ccc(CCN2CCc3ccccc3C2)cc1)c1ccccn1,0.22193850026973566,0,0.012843852385818711
CN1/C(=C(/O)Nc2ccccn2)C(=O)c2ccccc2S1(=O)=O,0,O=C1C(=CNc2ccccn2)NS(=O)(=O)c2ccccc21,Cc1nn(C)c(OC[C@@H](O)CN(C(C)C)C(C)C)c1C(=O)c1ccccc1,1,O=C(c1ccccc1)c1cn[nH]c1,0.19645615629259428,0,0.0011365926524546375
CN1/C(=C(/O)Nc2ccccn2)C(=O)c2ccccc2S1(=O)=O,0,O=C1C(=CNc2ccccn2)NS(=O)(=O)c2ccccc21,COc1cc2c(cc1OC)CN(CCc1ccc(NC(=O)c3cnc4ccccc4n3)cc1)CC2,1,O=C(Nc1ccc(CCN2CCc3ccccc3C2)cc1)c1cnc2ccccc2n1,0.19302283761913328,0,0.0047529929440595165
CN1/C(=C(/O)Nc2ccccn2)C(=O)c2ccccc2S1(=O)=O,0,O=C1C(=CNc2ccccn2)NS(=O)(=O)c2ccccc21,COc1ccc([C@H]2Nc3ccccc3C(=O)N2c2ccc(Oc3ccccc3)cc2)cc1,1,O=C1c2ccccc2NC(c2ccccc2)N1c1ccc(Oc2ccccc2)cc1,0.19072463768115944,0,0.011251920914224809
CN(C)c1ccc(-c2nc(-c3ccc(/C=C/COCc4ccccc4)cc3)[nH]c2-c2ccc(N(C)C)cc2)cc1,1,C(=Cc1ccc(-c2nc(-c3ccccc3)c(-c3ccccc3)[nH]2)cc1)COCc1ccccc1,CCOC/C=C/c1ccc(-c2nc(-c3ccc(N(C)C)cc3)c(-c3ccc(N(C)C)cc3)[nH]2)cc1,1,c1ccc(-c2nc(-c3ccccc3)c(-c3ccccc3)[nH]2)cc1,0.7701981050818261,1,0.999160828075521
CN(C)c1ccc(-c2nc(-c3ccc(/C=C/COCc4ccccc4)cc3)[nH]c2-c2ccc(N(C)C)cc2)cc1,1,C(=Cc1ccc(-c2nc(-c3ccccc3)c(-c3ccccc3)[nH]2)cc1)COCc1ccccc1,COC/C=C/c1ccc(-c2nc(-c3ccc(N(C)C)cc3)c(-c3ccc(N(C)C)cc3)[nH]2)cc1,1,c1ccc(-c2nc(-c3ccccc3)c(-c3ccccc3)[nH]2)cc1,0.748509485094851,1,0.9997318110129435
CN(C)c1ccc(-c2nc(-c3ccc(/C=C/COCc4ccccc4)cc3)[nH]c2-c2ccc(N(C)C)cc2)cc1,1,C(=Cc1ccc(-c2nc(-c3ccccc3)c(-c3ccccc3)[nH]2)cc1)COCc1ccccc1,COCCOC/C=C/c1ccc(-c2nc(-c3ccc(N(C)C)cc3)c(-c3ccc(N(C)C)cc3)[nH]2)cc1,1,c1ccc(-c2nc(-c3ccccc3)c(-c3ccccc3)[nH]2)cc1,0.7485049833887043,1,0.9996688374580254
CN(C)c1ccc(-c2nc(-c3ccc(/C=C/COCc4ccccc4)cc3)[nH]c2-c2ccc(N(C)C)cc2)cc1,1,C(=Cc1ccc(-c2nc(-c3ccccc3)c(-c3ccccc3)[nH]2)cc1)COCc1ccccc1,CCCCOC/C=C/c1ccc(-c2nc(-c3ccc(N(C)C)cc3)c(-c3ccc(N(C)C)cc3)[nH]2)cc1,1,c1ccc(-c2nc(-c3ccccc3)c(-c3ccccc3)[nH]2)cc1,0.7276125095347064,1,0.9998867180221676
c1ccc(CCN2CCCCC2)cc1,0,c1ccc(CCN2CCCCC2)cc1,O=C(CCc1ccccc1)c1ccccc1OCCN1CCCCC1,1,O=C(CCc1ccccc1)c1ccccc1OCCN1CCCCC1,0.4906976744186047,0,0.004235743171340522
c1ccc(CCN2CCCCC2)cc1,0,c1ccc(CCN2CCCCC2)cc1,O=C(CCc1ccccc1)c1ccccc1OCCCN1CCCCC1,1,O=C(CCc1ccccc1)c1ccccc1OCCCN1CCCCC1,0.4818181818181818,0,0.004531181768591061
c1ccc(CCN2CCCCC2)cc1,0,c1ccc(CCN2CCCCC2)cc1,O=C(CCc1ccccc1)c1ccccc1OCCCCN1CCCCC1,1,O=C(CCc1ccccc1)c1ccccc1OCCCCN1CCCCC1,0.4733333333333334,0,0.006248663820296334
c1ccc(CCN2CCCCC2)cc1,0,c1ccc(CCN2CCCCC2)cc1,O=C(CCc1ccccc1)c1ccccc1OCCCCCCCCN1CCCCC1,1,O=C(CCc1ccccc1)c1ccccc1OCCCCCCCCN1CCCCC1,0.4652173913043478,0,0.014623853864743347
CC(C)NC[C@@H](O)COc1ccc(CCOCC2CC2)cc1,0,c1ccc(CCOCC2CC2)cc1,CC(C)NC[C@@H](O)COc1ccc(Oc2ccccc2)cc1C(=O)CCc1ccccc1,1,O=C(CCc1ccccc1)c1cccc(Oc2ccccc2)c1,0.43728167672276913,0,0.09357188206180232
CC(C)NC[C@@H](O)COc1ccc(CCOCC2CC2)cc1,0,c1ccc(CCOCC2CC2)cc1,O=C(CCc1ccccc1)c1ccccc1OC[C@H](O)CNC1CCCCC1,1,O=C(CCc1ccccc1)c1ccccc1OCCCNC1CCCCC1,0.36376811594202896,0,0.06859674493390254
CC(C)NC[C@@H](O)COc1ccc(CCOCC2CC2)cc1,0,c1ccc(CCOCC2CC2)cc1,O=C(CCc1ccccc1)c1ccccc1OC[C@@H](O)CNC1CCCCC1,1,O=C(CCc1ccccc1)c1ccccc1OCCCNC1CCCCC1,0.36376811594202896,0,0.06859674493390254
CC(C)NC[C@@H](O)COc1ccc(CCOCC2CC2)cc1,0,c1ccc(CCOCC2CC2)cc1,CC(C)[C@@H](NC[C@H](O)COc1ccccc1C(=O)CCc1ccccc1)c1ccccc1,1,O=C(CCc1ccccc1)c1ccccc1OCCCNCc1ccccc1,0.3592391304347826,0,0.057633532824367006
CN(C)CC/C=C1/c2ccccc2COc2ccccc21,1,C=C1c2ccccc2COc2ccccc21,CC/C(=C(/c1ccccc1)c1ccc(OCCN(C)C)cc1)c1ccccc1,1,C(=C(c1ccccc1)c1ccccc1)c1ccccc1,0.25551724137931037,0,0.3566298426163119
CN(C)CC/C=C1/c2ccccc2COc2ccccc21,1,C=C1c2ccccc2COc2ccccc21,CN1CCC(=C2c3ccccc3Sc3ccccc32)CC1,1,c1ccc2c(c1)Sc1ccccc1C2=C1CCNCC1,0.242835288118307,1,0.670300608710696
CN(C)CC/C=C1/c2ccccc2COc2ccccc21,1,C=C1c2ccccc2COc2ccccc21,CN1CCC(=C2c3ccccc3C=Cc3ccccc32)CC1,1,C1=Cc2ccccc2C(=C2CCNCC2)c2ccccc21,0.22952182952182953,1,0.763527067237157
CN(C)CC/C=C1/c2ccccc2COc2ccccc21,1,C=C1c2ccccc2COc2ccccc21,CN(C)CCCN1c2ccccc2Sc2ccc(Cl)cc21,1,c1ccc2c(c1)Nc1ccccc1S2,0.2210134128166915,1,0.6649059702351495
CN[C@H]1c2cc(C#N)ccc2OC(C)(C)[C@@H]1O,0,c1ccc2c(c1)CCCO2,CC1(C)Oc2ccc(C#N)cc2[C@H](N2CCN(Cc3ccccc3)CC2)[C@H]1O,1,c1ccc(CN2CCN(C3CCOc4ccccc43)CC2)cc1,0.4862068965517242,0,0.19926852184264332
CN[C@H]1c2cc(C#N)ccc2OC(C)(C)[C@@H]1O,0,c1ccc2c(c1)CCCO2,CC(C)(C)OC(=O)CN(Cc1ccccc1)[C@H]1c2cc(C#N)ccc2OC(C)(C)[C@@H]1O,1,c1ccc(CNC2CCOc3ccccc32)cc1,0.43628205128205133,0,0.12383917474664925
CN[C@H]1c2cc(C#N)ccc2OC(C)(C)[C@@H]1O,0,c1ccc2c(c1)CCCO2,COc1ccc2c(c1)OC[C@H]1[C@@H]2C2=C(OC1(C)C)C1=C(C(=O)C2=O)[C@H]2c3ccc(OC)cc3OC[C@H]2C(C)(C)O1,1,O=C1C(=O)C2=C(OCC3COc4ccccc4C23)C2=C1C1c3ccccc3OCC1CO2,0.20557575757575758,0,0.0002332542544205544
CN[C@H]1c2cc(C#N)ccc2OC(C)(C)[C@@H]1O,0,c1ccc2c(c1)CCCO2,CNCCCC12CCC(c3ccccc31)c1ccccc12,1,c1ccc2c(c1)C1CCC2c2ccccc21,0.1696969696969697,0,0.015596563998050412
Cc1c(C)c2c(c(C)c1O)CC[C@](C)(C(=O)O)O2,0,c1ccc2c(c1)CCCO2,CC[C@H](C(=O)[C@H](C)[C@H](O)[C@@H](C)CCc1ccc(C)c(O)c1C(=O)O)[C@H]1O[C@](CC)([C@@H]2CC[C@@](O)(CC)[C@@H](C)O2)C[C@H]1C,1,O=C(CCCCCc1ccccc1)CC1CCC(C2CCCCO2)O1,0.15958915101909804,0,0.04315257702303603
Cc1c(C)c2c(c(C)c1O)CC[C@](C)(C(=O)O)O2,0,c1ccc2c(c1)CCCO2,Cc1cc(C(C)(C)C)c(O)c(C)c1CC1=NCCN1,1,c1ccc(CC2=NCCN2)cc1,0.1532258064516129,0,0.07436317241280316
Cc1c(C)c2c(c(C)c1O)CC[C@](C)(C(=O)O)O2,0,c1ccc2c(c1)CCCO2,CC(C)(C)OC(=O)CN(Cc1ccccc1)[C@H]1c2cc(C#N)ccc2OC(C)(C)[C@@H]1O,1,c1ccc(CNC2CCOc3ccccc32)cc1,0.15090483287204598,0,0.00038516900100043133
Cc1c(C)c2c(c(C)c1O)CC[C@](C)(C(=O)O)O2,0,c1ccc2c(c1)CCCO2,CC(=O)Oc1cc2oc(-c3ccccc3)cc(=O)c2c(O)c1OCc1ccccc1,1,O=c1cc(-c2ccccc2)oc2ccc(OCc3ccccc3)cc12,0.1460093896713615,0,0.00043033799081173624
O=C(CCc1ccccc1)c1ccccc1OC[C@H](O)CN1CCC(O)(c2ccccc2)CC1,1,O=C(CCc1ccccc1)c1ccccc1OCCCN1CCC(c2ccccc2)CC1,O=C(CCc1ccccc1)c1ccccc1OC[C@@H](O)CN1CCC(O)(c2ccccc2)CC1,1,O=C(CCc1ccccc1)c1ccccc1OCCCN1CCC(c2ccccc2)CC1,1.0,1,0.9995166955061415
O=C(CCc1ccccc1)c1ccccc1OC[C@H](O)CN1CCC(O)(c2ccccc2)CC1,1,O=C(CCc1ccccc1)c1ccccc1OCCCN1CCC(c2ccccc2)CC1,CCC(=O)c1ccccc1OC[C@@H](O)CN1CCC(O)(c2ccccc2)CC1,1,c1ccc(OCCCN2CCC(c3ccccc3)CC2)cc1,0.7827067669172932,1,0.9980737860864805
O=C(CCc1ccccc1)c1ccccc1OC[C@H](O)CN1CCC(O)(c2ccccc2)CC1,1,O=C(CCc1ccccc1)c1ccccc1OCCCN1CCC(c2ccccc2)CC1,CCC(=O)c1ccccc1OC[C@H](O)CN1CCC(O)(c2ccccc2)CC1,1,c1ccc(OCCCN2CCC(c3ccccc3)CC2)cc1,0.7827067669172932,1,0.9980737860864805
O=C(CCc1ccccc1)c1ccccc1OC[C@H](O)CN1CCC(O)(c2ccccc2)CC1,1,O=C(CCc1ccccc1)c1ccccc1OCCCN1CCC(c2ccccc2)CC1,O=C(CCc1ccccc1)c1ccccc1OC[C@H](O)CN1CCCC1,1,O=C(CCc1ccccc1)c1ccccc1OCCCN1CCCC1,0.7803803803803805,1,0.9978033795794793
O=C(CCc1ccccc1)c1ccccc1OC[C@@H](O)CN1CCC(O)(c2ccccc2)CC1,1,O=C(CCc1ccccc1)c1ccccc1OCCCN1CCC(c2ccccc2)CC1,O=C(CCc1ccccc1)c1ccccc1OC[C@H](O)CN1CCC(O)(c2ccccc2)CC1,1,O=C(CCc1ccccc1)c1ccccc1OCCCN1CCC(c2ccccc2)CC1,1.0,1,0.9995166955061415
O=C(CCc1ccccc1)c1ccccc1OC[C@@H](O)CN1CCC(O)(c2ccccc2)CC1,1,O=C(CCc1ccccc1)c1ccccc1OCCCN1CCC(c2ccccc2)CC1,CCC(=O)c1ccccc1OC[C@@H](O)CN1CCC(O)(c2ccccc2)CC1,1,c1ccc(OCCCN2CCC(c3ccccc3)CC2)cc1,0.7827067669172932,1,0.9980737860864805
O=C(CCc1ccccc1)c1ccccc1OC[C@@H](O)CN1CCC(O)(c2ccccc2)CC1,1,O=C(CCc1ccccc1)c1ccccc1OCCCN1CCC(c2ccccc2)CC1,CCC(=O)c1ccccc1OC[C@H](O)CN1CCC(O)(c2ccccc2)CC1,1,c1ccc(OCCCN2CCC(c3ccccc3)CC2)cc1,0.7827067669172932,1,0.9980737860864805
O=C(CCc1ccccc1)c1ccccc1OC[C@@H](O)CN1CCC(O)(c2ccccc2)CC1,1,O=C(CCc1ccccc1)c1ccccc1OCCCN1CCC(c2ccccc2)CC1,O=C(CCc1ccccc1)c1ccccc1OC[C@H](O)CN1CCCC1,1,O=C(CCc1ccccc1)c1ccccc1OCCCN1CCCC1,0.7803803803803805,1,0.9978033795794793
CCN1C[C@@]2(COC)CC[C@@H](OC)[C@]34[C@@H]1[C@@]1(OCO[C@@]15C[C@@H](OC)[C@@H]1C[C@H]3[C@H]5[C@@H]1OC)[C@H](O)[C@@H]24,0,C1CC2CNC3C4(C1)C2CC31OCOC12CCC1CC4C2C1,CC(=O)O[C@@H]1C[C@]2(C)[C@@H](C[C@@H](O)[C@@H]3[C@]4(C)CC[C@@H](O)[C@H](C)[C@H]4CC[C@]32C)/C1=C(\CCC=C(C)C)C(=O)O,1,C=C1CCC2C1CCC1C3CCCCC3CCC21,0.17168949771689498,0,0.001793876072085197
CCN1C[C@@]2(COC)CC[C@@H](OC)[C@]34[C@@H]1[C@@]1(OCO[C@@]15C[C@@H](OC)[C@@H]1C[C@H]3[C@H]5[C@@H]1OC)[C@H](O)[C@@H]24,0,C1CC2CNC3C4(C1)C2CC31OCOC12CCC1CC4C2C1,C[C@@]12CC[C@@H]3C(CCC4=CC(=O)CC[C@]43C)[C@H]1CC[C@H]2O,1,O=C1C=C2CCC3C4CCCC4CCC3C2CC1,0.1617325800376648,0,0.002019704540772747
CCN1C[C@@]2(COC)CC[C@@H](OC)[C@]34[C@@H]1[C@@]1(OCO[C@@]15C[C@@H](OC)[C@@H]1C[C@H]3[C@H]5[C@@H]1OC)[C@H](O)[C@@H]24,0,C1CC2CNC3C4(C1)C2CC31OCOC12CCC1CC4C2C1,C[C@H]1C[C@@H]2[C@H]3CCC4=CC(=O)C=C[C@@]4(C)[C@]3(Cl)[C@@H](O)C[C@@]2(C)[C@@]1(OC(=O)c1ccco1)C(=O)CCl,1,O=C1C=CC2C(=C1)CCC1C2CCC2C(OC(=O)c3ccco3)CCC21,0.1407270106065287,0,0.002371945969446319
CCN1C[C@@]2(COC)CC[C@@H](OC)[C@]34[C@@H]1[C@@]1(OCO[C@@]15C[C@@H](OC)[C@@H]1C[C@H]3[C@H]5[C@@H]1OC)[C@H](O)[C@@H]24,0,C1CC2CNC3C4(C1)C2CC31OCOC12CCC1CC4C2C1,COC(=O)[C@H]1[C@@H]2C[C@@H]3c4[nH]c5cc(OC)ccc5c4CCN3C[C@@H]2C[C@H](OC(=O)c2cc(OC)c(OC)c(OC)c2)[C@@H]1OC,1,O=C(OC1CCC2CC3c4[nH]c5ccccc5c4CCN3CC2C1)c1ccccc1,0.13833333333333334,0,0.0001428173962614069
CCN1C[C@]2(C)CC[C@H](OC)[C@@]34[C@@H]2[C@@H](C(C)=O)[C@@]2(OCO[C@@]25C[C@H](OC)[C@H]2C[C@]3(O)[C@]5(O)[C@@H]2OC)[C@@H]14,0,C1CC2CNC3C4(C1)C2CC31OCOC12CCC1CC4C2C1,CC1(C)[C@H]2CC[C@@]3(C)[C@H](C(=O)C=C4[C@@H]5C[C@@](C)(C(=O)O)CC[C@@]5(C)CC[C@@]43C)[C@]2(C)CC[C@H]1OC(=O)CCC(=O)O,1,O=C1C=C2C3CCCCC3CCC2C2CCC3CCCCC3C12,0.15990577733697,0,0.001644968496738251
CCN1C[C@]2(C)CC[C@H](OC)[C@@]34[C@@H]2[C@@H](C(C)=O)[C@@]2(OCO[C@@]25C[C@H](OC)[C@H]2C[C@]3(O)[C@]5(O)[C@@H]2OC)[C@@H]14,0,C1CC2CNC3C4(C1)C2CC31OCOC12CCC1CC4C2C1,C[C@]12CC(=O)[C@@H]3[C@@H](CCC4=CC(=O)CC[C@H]43)[C@H]1CC[C@@]2(O)C(=O)CO,1,O=C1C=C2CCC3C4CCCC4CC(=O)C3C2CC1,0.15682397959183675,0,0.004496082224582756
CCN1C[C@]2(C)CC[C@H](OC)[C@@]34[C@@H]2[C@@H](C(C)=O)[C@@]2(OCO[C@@]25C[C@H](OC)[C@H]2C[C@]3(O)[C@]5(O)[C@@H]2OC)[C@@H]14,0,C1CC2CNC3C4(C1)C2CC31OCOC12CCC1CC4C2C1,CC(=O)O[C@@H]1C[C@]2(C)[C@@H](C[C@@H](O)[C@@H]3[C@]4(C)CC[C@@H](O)[C@H](C)[C@H]4CC[C@]32C)/C1=C(\CCC=C(C)C)C(=O)O,1,C=C1CCC2C1CCC1C3CCCCC3CCC21,0.14943119266055047,0,0.004794906359875986
CCN1C[C@]2(C)CC[C@H](OC)[C@@]34[C@@H]2[C@@H](C(C)=O)[C@@]2(OCO[C@@]25C[C@H](OC)[C@H]2C[C@]3(O)[C@]5(O)[C@@H]2OC)[C@@H]14,0,C1CC2CNC3C4(C1)C2CC31OCOC12CCC1CC4C2C1,CCCCCCC[C@H]1OC(=O)C[C@@H](OCOC)[C@H](Cc2ccccc2)N(C)C(=O)C(C)(C)OC(=O)[C@H]1C,1,O=C1COC(=O)CCOC(=O)CCC(Cc2ccccc2)N1,0.1484848484848485,0,0.3621246404477804
O=C(C(c1ccccc1)c1ccccc1)N1CCN(C[C@@H](O)COc2cccc3ncccc23)CC1,1,O=C(C(c1ccccc1)c1ccccc1)N1CCN(CCCOc2cccc3ncccc23)CC1,O=C(C(c1ccccc1)c1ccccc1)N1CCN(C[C@H](O)COc2cccc3ncccc23)CC1,1,O=C(C(c1ccccc1)c1ccccc1)N1CCN(CCCOc2cccc3ncccc23)CC1,1.0,1,0.9996070688572529
O=C(C(c1ccccc1)c1ccccc1)N1CCN(C[C@@H](O)COc2cccc3ncccc23)CC1,1,O=C(C(c1ccccc1)c1ccccc1)N1CCN(CCCOc2cccc3ncccc23)CC1,O[C@@H](COc1cccc2ncccc12)CN1CCN(C2c3ccccc3CCc3ccccc32)CC1,1,c1ccc2c(c1)CCc1ccccc1C2N1CCN(CCCOc2cccc3ncccc23)CC1,0.6243831640058055,1,0.9991915290082406
O=C(C(c1ccccc1)c1ccccc1)N1CCN(C[C@@H](O)COc2cccc3ncccc23)CC1,1,O=C(C(c1ccccc1)c1ccccc1)N1CCN(CCCOc2cccc3ncccc23)CC1,O[C@H](COc1cccc2ncccc12)CN1CCN(C2c3ccccc3[C@H]3C[C@H]3c3ccccc32)CC1,1,c1ccc2c(c1)C1CC1c1ccccc1C2N1CCN(CCCOc2cccc3ncccc23)CC1,0.6060606060606061,1,0.9981824202547827
O=C(C(c1ccccc1)c1ccccc1)N1CCN(C[C@@H](O)COc2cccc3ncccc23)CC1,1,O=C(C(c1ccccc1)c1ccccc1)N1CCN(CCCOc2cccc3ncccc23)CC1,O[C@H](COc1cccc2ncccc12)CN1CCN(C2c3ccccc3[C@H]3[C@H](c4ccccc42)C3(F)F)CC1,1,c1ccc2c(c1)C1CC1c1ccccc1C2N1CCN(CCCOc2cccc3ncccc23)CC1,0.5749809305873379,1,0.9998823648138643
O=C(C(c1ccccc1)c1ccccc1)N1CCN(C[C@H](O)COc2cccc3ncccc23)CC1,1,O=C(C(c1ccccc1)c1ccccc1)N1CCN(CCCOc2cccc3ncccc23)CC1,O=C(C(c1ccccc1)c1ccccc1)N1CCN(C[C@@H](O)COc2cccc3ncccc23)CC1,1,O=C(C(c1ccccc1)c1ccccc1)N1CCN(CCCOc2cccc3ncccc23)CC1,1.0,1,0.9996070688572529
O=C(C(c1ccccc1)c1ccccc1)N1CCN(C[C@H](O)COc2cccc3ncccc23)CC1,1,O=C(C(c1ccccc1)c1ccccc1)N1CCN(CCCOc2cccc3ncccc23)CC1,O[C@@H](COc1cccc2ncccc12)CN1CCN(C2c3ccccc3CCc3ccccc32)CC1,1,c1ccc2c(c1)CCc1ccccc1C2N1CCN(CCCOc2cccc3ncccc23)CC1,0.6243831640058055,1,0.9991915290082406
O=C(C(c1ccccc1)c1ccccc1)N1CCN(C[C@H](O)COc2cccc3ncccc23)CC1,1,O=C(C(c1ccccc1)c1ccccc1)N1CCN(CCCOc2cccc3ncccc23)CC1,O[C@H](COc1cccc2ncccc12)CN1CCN(C2c3ccccc3[C@H]3C[C@H]3c3ccccc32)CC1,1,c1ccc2c(c1)C1CC1c1ccccc1C2N1CCN(CCCOc2cccc3ncccc23)CC1,0.6060606060606061,1,0.9981824202547827
O=C(C(c1ccccc1)c1ccccc1)N1CCN(C[C@H](O)COc2cccc3ncccc23)CC1,1,O=C(C(c1ccccc1)c1ccccc1)N1CCN(CCCOc2cccc3ncccc23)CC1,O[C@H](COc1cccc2ncccc12)CN1CCN(C2c3ccccc3[C@H]3[C@H](c4ccccc42)C3(F)F)CC1,1,c1ccc2c(c1)C1CC1c1ccccc1C2N1CCN(CCCOc2cccc3ncccc23)CC1,0.5749809305873379,1,0.9998823648138643
COc1cc2nc(NCCc3cccc(OC)c3OC)nc(NCCc3cccc(OC)c3OC)c2cc1OC,1,c1ccc(CCNc2nc(NCCc3ccccc3)c3ccccc3n2)cc1,COc1ccc(CCNc2nc(N(C)Cc3ccccc3)c3cc(C)ccc3n2)cc1OC,1,c1ccc(CCNc2nc(NCc3ccccc3)c3ccccc3n2)cc1,0.4049577464788733,1,0.9992898765961374
COc1cc2nc(NCCc3cccc(OC)c3OC)nc(NCCc3cccc(OC)c3OC)c2cc1OC,1,c1ccc(CCNc2nc(NCCc3ccccc3)c3ccccc3n2)cc1,COc1cccc(CCc2ccccc2NCc2cccc(OC)c2OC)c1,1,c1ccc(CCc2ccccc2NCc2ccccc2)cc1,0.36289682539682544,1,0.999815106076276
COc1cc2nc(NCCc3cccc(OC)c3OC)nc(NCCc3cccc(OC)c3OC)c2cc1OC,1,c1ccc(CCNc2nc(NCCc3ccccc3)c3ccccc3n2)cc1,COc1cccc(COc2ccccc2CCc2ccccc2)c1OC,1,c1ccc(CCc2ccccc2OCc2ccccc2)cc1,0.3502806736166801,1,0.9973791869092737
COc1cc2nc(NCCc3cccc(OC)c3OC)nc(NCCc3cccc(OC)c3OC)c2cc1OC,1,c1ccc(CCNc2nc(NCCc3ccccc3)c3ccccc3n2)cc1,COc1cccc(CCc2ccccc2OCc2cccc(OC)c2OC)c1,1,c1ccc(CCc2ccccc2OCc2ccccc2)cc1,0.34207885304659497,1,0.9984321130677544
CN1C(C)(C)CCCC1(C)C,0,C1CCNCC1,CN1CCCN([C@@H](c2ccccc2)c2ccc(Cl)cc2)CC1,1,c1ccc(C(c2ccccc2)N2CCCNCC2)cc1,0.15040650406504064,0,0.0008609008918347086
CN1C(C)(C)CCCC1(C)C,0,C1CCNCC1,CN1CCC(=C2c3ccccc3C=Cc3ccccc32)CC1,1,C1=Cc2ccccc2C(=C2CCNCC2)c2ccccc21,0.12220077220077222,0,0.006730348981769703
CN1C(C)(C)CCCC1(C)C,0,C1CCNCC1,C[C@@]12CC[C@@H]3C(CCC4=CC(=O)CC[C@]43C)[C@H]1CC[C@H]2O,1,O=C1C=C2CCC3C4CCCC4CCC3C2CC1,0.1197747183979975,0,0.011008430447054227
CN1C(C)(C)CCCC1(C)C,0,C1CCNCC1,CN1CCC(=C2c3ccccc3Sc3ccccc32)CC1,1,c1ccc2c(c1)Sc1ccccc1C2=C1CCNCC1,0.1164685908319185,0,0.005376816010753651
C[C@@H]1CCC[C@H](C)N1,0,C1CCNCC1,O[C@H](c1cc(C(F)(F)F)nc2c(C(F)(F)F)cccc12)[C@@H]1CCCCN1,1,c1ccc2c(CC3CCCCN3)ccnc2c1,0.12389937106918239,0,0.00032146237662542665
C[C@@H]1CCC[C@H](C)N1,0,C1CCNCC1,Cc1ccc(C(=O)O[C@H]2[C@H](C)Nc3ccccc3[C@@H]2N2CCCC2)cc1,1,O=C(OC1CNc2ccccc2C1N1CCCC1)c1ccccc1,0.11495628163828808,0,0.0016027850483013844
C[C@@H]1CCC[C@H](C)N1,0,C1CCNCC1,O=c1c2ccccc2c(Cc2ccc(Cl)cc2)nn1[C@H]1CCCNCC1,1,O=c1c2ccccc2c(Cc2ccccc2)nn1C1CCCNCC1,0.10628019323671498,0,0.039838039784636826
C[C@@H]1CCC[C@H](C)N1,0,C1CCNCC1,CNCCCC12CCC(c3ccccc31)c1ccccc12,1,c1ccc2c(c1)C1CCC2c2ccccc21,0.10299003322259136,0,0.00030308359159788884
O=C(CCc1ccccc1)c1ccccc1OCCN1CCCCC1,1,O=C(CCc1ccccc1)c1ccccc1OCCN1CCCCC1,O=C(CCc1ccccc1)c1ccccc1OCCCN1CCCCC1,1,O=C(CCc1ccccc1)c1ccccc1OCCCN1CCCCC1,0.8840909090909091,1,0.9686790299352492
O=C(CCc1ccccc1)c1ccccc1OCCN1CCCCC1,1,O=C(CCc1ccccc1)c1ccccc1OCCN1CCCCC1,O=C(CCc1ccccc1)c1ccccc1OCCCCN1CCCCC1,1,O=C(CCc1ccccc1)c1ccccc1OCCCCN1CCCCC1,0.8683333333333334,1,0.9521430030501163
O=C(CCc1ccccc1)c1ccccc1OCCN1CCCCC1,1,O=C(CCc1ccccc1)c1ccccc1OCCN1CCCCC1,O=C(CCc1ccccc1)c1ccccc1OCCCCCCCCN1CCCCC1,1,O=C(CCc1ccccc1)c1ccccc1OCCCCCCCCN1CCCCC1,0.8532608695652175,1,0.9668663739855223
O=C(CCc1ccccc1)c1ccccc1OCCN1CCCCC1,1,O=C(CCc1ccccc1)c1ccccc1OCCN1CCCCC1,O=C(CCc1ccccc1)c1ccccc1OCCCCCN1CCCCC1,1,O=C(CCc1ccccc1)c1ccccc1OCCCCCN1CCCCC1,0.8532608695652175,1,0.9673840383062935
Nc1ccc(/N=N/c2ccccc2)c(N)n1,0,c1ccc(N=Nc2cccnc2)cc1,Clc1ccccc1-c1nc(N2CCCC2)c2ccccc2n1,1,c1ccc(-c2nc(N3CCCC3)c3ccccc3n2)cc1,0.14742138364779875,0,1.9880071313415923e-06
Nc1ccc(/N=N/c2ccccc2)c(N)n1,0,c1ccc(N=Nc2cccnc2)cc1,c1ccc(CN(CC2=NCCN2)c2ccccc2)cc1,1,c1ccc(CN(CC2=NCCN2)c2ccccc2)cc1,0.14200000000000002,0,5.322730336729318e-05
Nc1ccc(/N=N/c2ccccc2)c(N)n1,0,c1ccc(N=Nc2cccnc2)cc1,CN(C)c1ccc(-c2nc(-c3ccc(O)cc3)n(CCc3ccccc3)c2-c2ccc(N(C)C)cc2)cc1,1,c1ccc(CCn2c(-c3ccccc3)nc(-c3ccccc3)c2-c2ccccc2)cc1,0.13655913978494624,0,3.963002225421182e-05
Nc1ccc(/N=N/c2ccccc2)c(N)n1,0,c1ccc(N=Nc2cccnc2)cc1,Clc1ccccc1C(c1ccccc1)(c1ccccc1)n1ccnc1,1,c1ccc(C(c2ccccc2)(c2ccccc2)n2ccnc2)cc1,0.1361197110423117,0,7.571248249882565e-05
COP(=S)(OC)SCN1C(=O)c2ccccc2C1=O,0,O=C1NC(=O)c2ccccc21,COc1ccc([C@H]2Nc3ccccc3C(=O)N2c2ccc(Oc3ccccc3)cc2)cc1,1,O=C1c2ccccc2NC(c2ccccc2)N1c1ccc(Oc2ccccc2)cc1,0.2374495560936239,0,6.621453094374504e-05
COP(=S)(OC)SCN1C(=O)c2ccccc2C1=O,0,O=C1NC(=O)c2ccccc21,COC(=O)N1[C@H]2C3[C@H](c4ccccc4)C4(CO)[C@@H]1C1[C@@H](c5ccccc5)C2(CO)[C@@H]3N(C(=O)OC)[C@H]14,1,c1ccc(C2C3C4NC5C2C2NC3C4C(c3ccccc3)C52)cc1,0.23565656565656568,0,4.02360251176979e-06
COP(=S)(OC)SCN1C(=O)c2ccccc2C1=O,0,O=C1NC(=O)c2ccccc21,CC[C@@H](C)c1ccc(N2C(=O)c3ccccc3N[C@@H]2c2ccc(OC)cc2)cc1,1,O=C1c2ccccc2NC(c2ccccc2)N1c1ccccc1,0.23401162790697674,0,7.198854145874686e-05
COP(=S)(OC)SCN1C(=O)c2ccccc2C1=O,0,O=C1NC(=O)c2ccccc21,CCc1ccc(N2C(=O)c3ccccc3N[C@@H]2c2ccc(OCC(C)C)cc2)cc1,1,O=C1c2ccccc2NC(c2ccccc2)N1c1ccccc1,0.2185858585858586,0,5.451456188319426e-05
COc1ccc(CCN2CCC(Nc3nc4ccccc4n3Cc3ccc(F)cc3)CC2)cc1,1,c1ccc(CCN2CCC(Nc3nc4ccccc4n3Cc3ccccc3)CC2)cc1,COc1cccc(CCc2ccccc2OCCCN2CCN(c3ccc(F)cc3)CC2)c1,1,c1ccc(CCc2ccccc2OCCCN2CCN(c3ccccc3)CC2)cc1,0.3290994486420258,1,0.9855216770095686
COc1ccc(CCN2CCC(Nc3nc4ccccc4n3Cc3ccc(F)cc3)CC2)cc1,1,c1ccc(CCN2CCC(Nc3nc4ccccc4n3Cc3ccccc3)CC2)cc1,COc1cccc(CCc2ccccc2OCCN2CCN(c3ccc(F)cc3)CC2)c1,1,c1ccc(CCc2ccccc2OCCN2CCN(c3ccccc3)CC2)cc1,0.3266610597140454,1,0.9848390743071433
COc1ccc(CCN2CCC(Nc3nc4ccccc4n3Cc3ccc(F)cc3)CC2)cc1,1,c1ccc(CCN2CCC(Nc3nc4ccccc4n3Cc3ccccc3)CC2)cc1,COc1cccc(CCc2ccccc2OCCCCN2CCN(c3ccc(F)cc3)CC2)c1,1,c1ccc(CCc2ccccc2OCCCCN2CCN(c3ccccc3)CC2)cc1,0.3247619047619048,1,0.9935707194525012
COc1ccc(CCN2CCC(Nc3nc4ccccc4n3Cc3ccc(F)cc3)CC2)cc1,1,c1ccc(CCN2CCC(Nc3nc4ccccc4n3Cc3ccccc3)CC2)cc1,COc1cc2c(cc1OC)CN(CCc1ccc(NC(=O)c3cnc4ccccc4n3)cc1)CC2,1,O=C(Nc1ccc(CCN2CCc3ccccc3C2)cc1)c1cnc2ccccc2n1,0.31604278074866315,1,0.9686143868445825
COc1ccn(C)c(=O)c1C#N,0,O=c1cccc[nH]1,COc1cccc2c(=O)c3ccccc3n(CCCCN3CCCCC3)c12,1,O=c1c2ccccc2n(CCCCN2CCCCC2)c2ccccc12,0.2240972733971997,0,0.001633279997379772
COc1ccn(C)c(=O)c1C#N,0,O=c1cccc[nH]1,COc1cccc2c(=O)c3ccccc3n(CCCN3CCCCC3)c12,1,O=c1c2ccccc2n(CCCN2CCCCC2)c2ccccc12,0.22307969707897585,0,0.0009659359036283297
COc1ccn(C)c(=O)c1C#N,0,O=c1cccc[nH]1,COc1cccc2c(=O)c3ccccc3n(CCCN3CCN(C)CC3)c12,1,O=c1c2ccccc2n(CCCN2CCNCC2)c2ccccc12,0.2221045197740113,0,0.0005579273668028349
COc1ccn(C)c(=O)c1C#N,0,O=c1cccc[nH]1,COc1cccc2c(=O)c3ccccc3n(CCCCN3CCN(C)CC3)c12,1,O=c1c2ccccc2n(CCCCN2CCNCC2)c2ccccc12,0.2221045197740113,0,0.0028560392752566654
Cc1ccc(S(=O)(=O)NC(=O)NN2CCCCCC2)cc1,0,O=C(NN1CCCCCC1)NS(=O)(=O)c1ccccc1,COc1cc2c(cc1OC)[C@H]1CN(C)CC[C@H]1N=C2c1ccc(NS(=O)(=O)c2ccc(C)cc2)cc1,1,O=S(=O)(Nc1ccc(C2=NC3CCNCC3c3ccccc32)cc1)c1ccccc1,0.2538332131699111,0,0.0005333962133505164
Cc1ccc(S(=O)(=O)NC(=O)NN2CCCCCC2)cc1,0,O=C(NN1CCCCCC1)NS(=O)(=O)c1ccccc1,Cc1ccc(C(=O)O[C@H]2[C@H](C)Nc3ccccc3[C@@H]2N2CCCC2)cc1,1,O=C(OC1CNc2ccccc2C1N1CCCC1)c1ccccc1,0.24163614163614164,0,0.00042501202275649363
Cc1ccc(S(=O)(=O)NC(=O)NN2CCCCCC2)cc1,0,O=C(NN1CCCCCC1)NS(=O)(=O)c1ccccc1,O=C(Nc1ccccc1)OC[C@@H](CN1CCCCC1)OC(=O)Nc1ccccc1,1,O=C(Nc1ccccc1)OCC(CN1CCCCC1)OC(=O)Nc1ccccc1,0.21163120567375887,0,0.004090372664755205
Cc1ccc(S(=O)(=O)NC(=O)NN2CCCCCC2)cc1,0,O=C(NN1CCCCCC1)NS(=O)(=O)c1ccccc1,CCN(CC)CCNC(=O)c1cc(S(C)(=O)=O)ccc1OC,1,c1ccccc1,0.20524193548387099,0,0.000814125401878411
C=CCNc1nc(NCC=C)nc(N2CCC(NCC(c3ccc(F)cc3)c3ccc(F)cc3)CC2)n1,1,c1ccc(C(CNC2CCN(c3ncncn3)CC2)c2ccccc2)cc1,COc1ccc(CCN2CCC(Nc3nc4ccccc4n3Cc3ccc(F)cc3)CC2)cc1,1,c1ccc(CCN2CCC(Nc3nc4ccccc4n3Cc3ccccc3)CC2)cc1,0.24929971988795518,1,0.973622208329093
C=CCNc1nc(NCC=C)nc(N2CCC(NCC(c3ccc(F)cc3)c3ccc(F)cc3)CC2)n1,1,c1ccc(C(CNC2CCN(c3ncncn3)CC2)c2ccccc2)cc1,O=c1[nH]c2ccccc2n1C1CCN(CCCC(c2ccc(F)cc2)c2ccc(F)cc2)CC1,1,O=c1[nH]c2ccccc2n1C1CCN(CCCC(c2ccccc2)c2ccccc2)CC1,0.24335664335664337,1,0.994497919054114
C=CCNc1nc(NCC=C)nc(N2CCC(NCC(c3ccc(F)cc3)c3ccc(F)cc3)CC2)n1,1,c1ccc(C(CNC2CCN(c3ncncn3)CC2)c2ccccc2)cc1,O=C(CCc1ccccc1)c1ccccc1OC[C@H](O)CNC1CCCCC1,1,O=C(CCc1ccccc1)c1ccccc1OCCCNC1CCCCC1,0.20516129032258068,1,0.9672900988922655
C=CCNc1nc(NCC=C)nc(N2CCC(NCC(c3ccc(F)cc3)c3ccc(F)cc3)CC2)n1,1,c1ccc(C(CNC2CCN(c3ncncn3)CC2)c2ccccc2)cc1,O=C(CCc1ccccc1)c1ccccc1OC[C@@H](O)CNC1CCCCC1,1,O=C(CCc1ccccc1)c1ccccc1OCCCNC1CCCCC1,0.20516129032258068,1,0.9672900988922655
O=P1(N(CCCl)CCCl)NCCCO1,0,O=[PH]1NCCCO1,CCC[C@@H]1C[C@H](C(=O)N[C@H]([C@@H]2O[C@@H](SC)[C@H](O)[C@@H](O)[C@@H]2O)[C@@H](C)Cl)N(C)C1,1,O=C(NCC1CCCCO1)C1CCCN1,0.11307596513075965,0,0.00014009656421609258
O=P1(N(CCCl)CCCl)NCCCO1,0,O=[PH]1NCCCO1,CN(C)CC/C=C1/c2ccccc2COc2ccccc21,1,C=C1c2ccccc2COc2ccccc21,0.10745341614906832,0,0.002218356379317774
O=P1(N(CCCl)CCCl)NCCCO1,0,O=[PH]1NCCCO1,CC(=O)[C@@H]1CC[C@@H]2[C@@H]3[C@H](Sc4ccc(NC(=O)NCCCl)cc4)CC4=CC(=O)CC[C@]4(C)[C@H]3CC[C@@]21C,1,O=C1C=C2CC(Sc3ccccc3)C3C4CCCC4CCC3C2CC1,0.10223285486443381,0,0.002667451409701211
O=P1(N(CCCl)CCCl)NCCCO1,0,O=[PH]1NCCCO1,O=c1c2ccccc2c(Cc2ccc(Cl)cc2)nn1[C@H]1CCCNCC1,1,O=c1c2ccccc2c(Cc2ccccc2)nn1C1CCCNCC1,0.09737519300051467,0,0.0006857422103058524
Cc1ccc(-c2nc3ccc(C)cn3c2CC(=O)N(C)C)cc1,0,c1ccc(-c2cn3ccccc3n2)cc1,CN(C)c1ccc(-c2nc(-c3ccc(C(=O)O)cc3)n(CCc3ccccc3)c2-c2ccc(N(C)C)cc2)cc1,1,c1ccc(CCn2c(-c3ccccc3)nc(-c3ccccc3)c2-c2ccccc2)cc1,0.26176470588235295,0,0.0867321047496936
Cc1ccc(-c2nc3ccc(C)cn3c2CC(=O)N(C)C)cc1,0,c1ccc(-c2cn3ccccc3n2)cc1,CCCCCCn1c(-c2ccc(C(=O)OC)cc2)nc(-c2ccc(N(C)C)cc2)c1-c1ccc(N(C)C)cc1,1,c1ccc(-c2nc(-c3ccccc3)c(-c3ccccc3)[nH]2)cc1,0.25638832997987926,0,0.06516888429509886
Cc1ccc(-c2nc3ccc(C)cn3c2CC(=O)N(C)C)cc1,0,c1ccc(-c2cn3ccccc3n2)cc1,CCCCCCn1c(-c2ccc(C(=O)O)cc2)nc(-c2ccc(N(C)C)cc2)c1-c1ccc(N(C)C)cc1,1,c1ccc(-c2nc(-c3ccccc3)c(-c3ccccc3)[nH]2)cc1,0.2550980392156863,0,0.07319610384538174
Cc1ccc(-c2nc3ccc(C)cn3c2CC(=O)N(C)C)cc1,0,c1ccc(-c2cn3ccccc3n2)cc1,CN(C)c1ccc(-c2nc(-c3ccc(O)cc3)n(CCc3ccccc3)c2-c2ccc(N(C)C)cc2)cc1,1,c1ccc(CCn2c(-c3ccccc3)nc(-c3ccccc3)c2-c2ccccc2)cc1,0.24461620469083156,0,0.1399587043102207
COc1cc([C@@H]2Oc3cc([C@H]4Oc5cc(OCc6ccccc6)cc(O)c5C(=O)[C@@H]4O)ccc3O[C@H]2CO)ccc1O,1,O=C1CC(c2ccc3c(c2)OC(c2ccccc2)CO3)Oc2cc(OCc3ccccc3)ccc21,COc1cc(O)c2c(=O)c(O)c(-c3ccc4c(c3)O[C@H](c3ccc(O)c(OC)c3)[C@@H](CO)O4)oc2c1,1,O=c1cc(-c2ccc3c(c2)OC(c2ccccc2)CO3)oc2ccccc12,0.5168750000000001,1,0.9993682755198062
COc1cc([C@@H]2Oc3cc([C@H]4Oc5cc(OCc6ccccc6)cc(O)c5C(=O)[C@@H]4O)ccc3O[C@H]2CO)ccc1O,1,O=C1CC(c2ccc3c(c2)OC(c2ccccc2)CO3)Oc2cc(OCc3ccccc3)ccc21,COc1cc(O)c2c(=O)c(OC)c(-c3ccc4c(c3)O[C@H](c3ccc(O)c(OC)c3)[C@@H](CO)O4)oc2c1,1,O=c1cc(-c2ccc3c(c2)OC(c2ccccc2)CO3)oc2ccccc12,0.4984126984126984,1,0.9915874041540741
COc1cc([C@@H]2Oc3cc([C@H]4Oc5cc(OCc6ccccc6)cc(O)c5C(=O)[C@@H]4O)ccc3O[C@H]2CO)ccc1O,1,O=C1CC(c2ccc3c(c2)OC(c2ccccc2)CO3)Oc2cc(OCc3ccccc3)ccc21,COc1cc([C@@H]2Oc3cc(-c4oc5cc(O)cc(O)c5c(=O)c4O)ccc3O[C@@H]2CO)ccc1O,1,O=c1cc(-c2ccc3c(c2)OC(c2ccccc2)CO3)oc2ccccc12,0.4928170594837262,1,0.9991357832500923
COc1cc([C@@H]2Oc3cc([C@H]4Oc5cc(OCc6ccccc6)cc(O)c5C(=O)[C@@H]4O)ccc3O[C@H]2CO)ccc1O,1,O=C1CC(c2ccc3c(c2)OC(c2ccccc2)CO3)Oc2cc(OCc3ccccc3)ccc21,COc1cc(O)c2c(=O)c(O)c(-c3ccc4c(c3)O[C@H](c3ccc(OC)c(OC)c3)[C@@H](CO)O4)oc2c1,1,O=c1cc(-c2ccc3c(c2)OC(c2ccccc2)CO3)oc2ccccc12,0.4634036144578314,1,0.9915987231220578
CCOC/C=C/c1ccc(-c2ncc(-c3ccc(N(CC)CC)cc3)[nH]2)cc1,1,c1ccc(-c2cnc(-c3ccccc3)[nH]2)cc1,CCCN(CCC)c1ccc(-c2cnc(-c3ccc(/C=C/COCC)cc3)[nH]2)cc1,1,c1ccc(-c2cnc(-c3ccccc3)[nH]2)cc1,0.8520000000000001,1,0.9969505105020102
CCOC/C=C/c1ccc(-c2ncc(-c3ccc(N(CC)CC)cc3)[nH]2)cc1,1,c1ccc(-c2cnc(-c3ccccc3)[nH]2)cc1,CCOC/C=C/c1ccc(-c2ncc(-c3ccc(N4CCOCC4)cc3)[nH]2)cc1,1,c1ccc(-c2ncc(-c3ccc(N4CCOCC4)cc3)[nH]2)cc1,0.6949602122015915,1,0.9957279079906582
CCOC/C=C/c1ccc(-c2ncc(-c3ccc(N(CC)CC)cc3)[nH]2)cc1,1,c1ccc(-c2cnc(-c3ccccc3)[nH]2)cc1,CCOC/C=C/c1ccc(-c2nc(-c3ccc(N(CC)CC)cc3)c(-c3ccc(N(CC)CC)cc3)[nH]2)cc1,1,c1ccc(-c2nc(-c3ccccc3)c(-c3ccccc3)[nH]2)cc1,0.6807792207792208,1,0.9843892593880024
CCOC/C=C/c1ccc(-c2ncc(-c3ccc(N(CC)CC)cc3)[nH]2)cc1,1,c1ccc(-c2cnc(-c3ccccc3)[nH]2)cc1,CCOC/C=C/c1ccc(-c2ncc(-c3ccc(NC(C)C)cc3)[nH]2)cc1,1,c1ccc(-c2cnc(-c3ccccc3)[nH]2)cc1,0.675959595959596,1,0.9991847254269539
CCCN(CCC)c1ccc(-c2cnc(-c3ccc(/C=C/COCC)cc3)[nH]2)cc1,1,c1ccc(-c2cnc(-c3ccccc3)[nH]2)cc1,CCOC/C=C/c1ccc(-c2ncc(-c3ccc(N(CC)CC)cc3)[nH]2)cc1,1,c1ccc(-c2cnc(-c3ccccc3)[nH]2)cc1,0.8520000000000001,1,0.9962584918338384
CCCN(CCC)c1ccc(-c2cnc(-c3ccc(/C=C/COCC)cc3)[nH]2)cc1,1,c1ccc(-c2cnc(-c3ccccc3)[nH]2)cc1,CCOC/C=C/c1ccc(-c2ncc(-c3ccc(N4CCOCC4)cc3)[nH]2)cc1,1,c1ccc(-c2ncc(-c3ccc(N4CCOCC4)cc3)[nH]2)cc1,0.6689430894308944,1,0.9929872652518353
CCCN(CCC)c1ccc(-c2cnc(-c3ccc(/C=C/COCC)cc3)[nH]2)cc1,1,c1ccc(-c2cnc(-c3ccccc3)[nH]2)cc1,CCOC/C=C/c1ccc(-c2ncc(-c3ccc(NC(C)C)cc3)[nH]2)cc1,1,c1ccc(-c2cnc(-c3ccccc3)[nH]2)cc1,0.6512131392310564,1,0.9952005879869293
CCCN(CCC)c1ccc(-c2cnc(-c3ccc(/C=C/COCC)cc3)[nH]2)cc1,1,c1ccc(-c2cnc(-c3ccccc3)[nH]2)cc1,CCOC/C=C/c1ccc(-c2ncc(-c3ccc(NCC(C)C)cc3)[nH]2)cc1,1,c1ccc(-c2cnc(-c3ccccc3)[nH]2)cc1,0.6282255274991353,1,0.9991767652150138
CCOC/C=C/c1ccc(-c2ncc(-c3ccc(NC(C)C)cc3)[nH]2)cc1,1,c1ccc(-c2cnc(-c3ccccc3)[nH]2)cc1,CCOC/C=C/c1ccc(-c2ncc(-c3ccc(NCC(C)C)cc3)[nH]2)cc1,1,c1ccc(-c2cnc(-c3ccccc3)[nH]2)cc1,0.7858585858585859,1,0.9979531194818315
CCOC/C=C/c1ccc(-c2ncc(-c3ccc(NC(C)C)cc3)[nH]2)cc1,1,c1ccc(-c2cnc(-c3ccccc3)[nH]2)cc1,CCOC/C=C/c1ccc(-c2nc(-c3ccc(NC(C)C)cc3)c(-c3ccc(NC(C)C)cc3)[nH]2)cc1,1,c1ccc(-c2nc(-c3ccccc3)c(-c3ccccc3)[nH]2)cc1,0.6924242424242424,1,0.9833196888717352
CCOC/C=C/c1ccc(-c2ncc(-c3ccc(NC(C)C)cc3)[nH]2)cc1,1,c1ccc(-c2cnc(-c3ccccc3)[nH]2)cc1,CCOC/C=C/c1ccc(-c2ncc(-c3ccc(N(CC)CC)cc3)[nH]2)cc1,1,c1ccc(-c2cnc(-c3ccccc3)[nH]2)cc1,0.675959595959596,1,0.9951094936432626
CCOC/C=C/c1ccc(-c2ncc(-c3ccc(NC(C)C)cc3)[nH]2)cc1,1,c1ccc(-c2cnc(-c3ccccc3)[nH]2)cc1,CCCN(CCC)c1ccc(-c2cnc(-c3ccc(/C=C/COCC)cc3)[nH]2)cc1,1,c1ccc(-c2cnc(-c3ccccc3)[nH]2)cc1,0.6512131392310564,1,0.986717973425097
CCOC/C=C/c1ccc(-c2ncc(-c3ccc(NCC(C)C)cc3)[nH]2)cc1,1,c1ccc(-c2cnc(-c3ccccc3)[nH]2)cc1,CCOC/C=C/c1ccc(-c2ncc(-c3ccc(NC(C)C)cc3)[nH]2)cc1,1,c1ccc(-c2cnc(-c3ccccc3)[nH]2)cc1,0.7858585858585859,1,0.9984836879368049
CCOC/C=C/c1ccc(-c2ncc(-c3ccc(NCC(C)C)cc3)[nH]2)cc1,1,c1ccc(-c2cnc(-c3ccccc3)[nH]2)cc1,CCOC/C=C/c1ccc(-c2ncc(-c3ccc(N(CC)CC)cc3)[nH]2)cc1,1,c1ccc(-c2cnc(-c3ccccc3)[nH]2)cc1,0.6512131392310564,1,0.9950479865252305
CCOC/C=C/c1ccc(-c2ncc(-c3ccc(NCC(C)C)cc3)[nH]2)cc1,1,c1ccc(-c2cnc(-c3ccccc3)[nH]2)cc1,CCCN(CCC)c1ccc(-c2cnc(-c3ccc(/C=C/COCC)cc3)[nH]2)cc1,1,c1ccc(-c2cnc(-c3ccccc3)[nH]2)cc1,0.6282255274991353,1,0.9946610845144709
CCOC/C=C/c1ccc(-c2ncc(-c3ccc(NCC(C)C)cc3)[nH]2)cc1,1,c1ccc(-c2cnc(-c3ccccc3)[nH]2)cc1,CCOC/C=C/c1ccc(-c2ncc(-c3ccc(N4CCOCC4)cc3)[nH]2)cc1,1,c1ccc(-c2ncc(-c3ccc(N4CCOCC4)cc3)[nH]2)cc1,0.6065860215053764,1,0.9925577086212312
COc1ccc2c(c1OC)CN1CCc3cc4c(cc3[C@@H]1C2)OCO4,0,c1ccc2c(c1)CC1c3cc4c(cc3CCN1C2)OCO4,COc1cc2c(cc1O)[C@@H]1Cc3ccc(OC)c(O)c3CN1CC2,1,c1ccc2c(c1)CC1c3ccccc3CCN1C2,0.5791228070175438,0,0.21114386651643974
COc1ccc2c(c1OC)CN1CCc3cc4c(cc3[C@@H]1C2)OCO4,0,c1ccc2c(c1)CC1c3cc4c(cc3CCN1C2)OCO4,COc1ccc2c(c1OC)C(=O)O[C@@H]2[C@H]1c2cc3c(cc2CCN1C)OCO3,1,O=C1OC(C2NCCc3cc4c(cc32)OCO4)c2ccccc21,0.5334302325581396,0,0.2765905098661812
COc1ccc2c(c1OC)CN1CCc3cc4c(cc3[C@@H]1C2)OCO4,0,c1ccc2c(c1)CC1c3cc4c(cc3CCN1C2)OCO4,COc1ccc2c(c1OC)C(=O)O[C@@H]2[C@H]1c2c(cc3c(c2OC)OCO3)CCN1C,1,O=C1OC(C2NCCc3cc4c(cc32)OCO4)c2ccccc21,0.4491392801251956,0,0.22759023631170586
COc1ccc2c(c1OC)CN1CCc3cc4c(cc3[C@@H]1C2)OCO4,0,c1ccc2c(c1)CC1c3cc4c(cc3CCN1C2)OCO4,COc1cc(Br)c(C[C@H]2c3cc(OC)c(OC)cc3CCN2C)cc1OC,1,c1ccc(CC2NCCc3ccccc32)cc1,0.34030303030303033,0,0.2854358049011031
COc1cccc(CCc2ccccc2OCCCCN2CCc3cc(OC)c(OC)cc3C2)c1,1,c1ccc(CCc2ccccc2OCCCCN2CCc3ccccc3C2)cc1,COc1cccc(CCc2ccccc2OCCCCCN2CCc3cc(OC)c(OC)cc3C2)c1,1,c1ccc(CCc2ccccc2OCCCCCN2CCc3ccccc3C2)cc1,0.9799220272904484,1,0.9988785328011741
COc1cccc(CCc2ccccc2OCCCCN2CCc3cc(OC)c(OC)cc3C2)c1,1,c1ccc(CCc2ccccc2OCCCCN2CCc3ccccc3C2)cc1,COc1cccc(CCc2ccccc2OCCCN2CCc3cc(OC)c(OC)cc3C2)c1,1,c1ccc(CCc2ccccc2OCCCN2CCc3ccccc3C2)cc1,0.939766081871345,1,0.9979693885658478
COc1cccc(CCc2ccccc2OCCCCN2CCc3cc(OC)c(OC)cc3C2)c1,1,c1ccc(CCc2ccccc2OCCCCN2CCc3ccccc3C2)cc1,COc1cccc(CCc2ccccc2OCCCCN2CCc3ccccc3C2)c1,1,c1ccc(CCc2ccccc2OCCCCN2CCc3ccccc3C2)cc1,0.8803088803088803,1,0.9918186500979165
COc1cccc(CCc2ccccc2OCCCCN2CCc3cc(OC)c(OC)cc3C2)c1,1,c1ccc(CCc2ccccc2OCCCCN2CCc3ccccc3C2)cc1,COc1cccc(CCc2ccccc2OCCN2CCc3cc(OC)c(OC)cc3C2)c1,1,c1ccc(CCc2ccccc2OCCN2CCc3ccccc3C2)cc1,0.8768298368298368,1,0.9870302535372283
COc1cccc(CCc2ccccc2OCCCCN2CCc3ccccc3C2)c1,1,c1ccc(CCc2ccccc2OCCCCN2CCc3ccccc3C2)cc1,COc1cccc(CCc2ccccc2OCCCCCN2CCc3ccccc3C2)c1,1,c1ccc(CCc2ccccc2OCCCCCN2CCc3ccccc3C2)cc1,0.9792099792099792,1,0.9962934836217326
COc1cccc(CCc2ccccc2OCCCCN2CCc3ccccc3C2)c1,1,c1ccc(CCc2ccccc2OCCCCN2CCc3ccccc3C2)cc1,COc1cccc(CCc2ccccc2OCCCN2CCc3ccccc3C2)c1,1,c1ccc(CCc2ccccc2OCCCN2CCc3ccccc3C2)cc1,0.9376299376299376,1,0.992408805164301
COc1cccc(CCc2ccccc2OCCCCN2CCc3ccccc3C2)c1,1,c1ccc(CCc2ccccc2OCCCCN2CCc3ccccc3C2)cc1,COc1cccc(CCc2ccccc2OCCCCN2CCc3cc(OC)c(OC)cc3C2)c1,1,c1ccc(CCc2ccccc2OCCCCN2CCc3ccccc3C2)cc1,0.8803088803088803,1,0.9900115910176
COc1cccc(CCc2ccccc2OCCCCN2CCc3ccccc3C2)c1,1,c1ccc(CCc2ccccc2OCCCCN2CCc3ccccc3C2)cc1,COc1cccc(CCc2ccccc2OCCN2CCc3ccccc3C2)c1,1,c1ccc(CCc2ccccc2OCCN2CCc3ccccc3C2)cc1,0.8725918570009932,1,0.9734491059549101
Cl/C=C1/[C@@H]2C[C@H]([C@@H](Cl)C2(Cl)Cl)C1(CCl)CCl,0,C=C1CC2CCC1C2,C[C@H]1C[C@@H]2[C@H]3CCC4=CC(=O)C=C[C@@]4(C)[C@]3(Cl)[C@@H](O)C[C@@]2(C)[C@@]1(OC(=O)c1ccco1)C(=O)CCl,1,O=C1C=CC2C(=C1)CCC1C2CCC2C(OC(=O)c3ccco3)CCC21,0.12052545155993431,0,0.0012683542073710656
Cl/C=C1/[C@@H]2C[C@H]([C@@H](Cl)C2(Cl)Cl)C1(CCl)CCl,0,C=C1CC2CCC1C2,CC(=O)O[C@@H]1C[C@]2(C)[C@@H](C[C@@H](O)[C@@H]3[C@]4(C)CC[C@@H](O)[C@H](C)[C@H]4CC[C@]32C)/C1=C(\CCC=C(C)C)C(=O)O,1,C=C1CCC2C1CCC1C3CCCCC3CCC21,0.10613026819923373,0,0.003740610362744391
Cl/C=C1/[C@@H]2C[C@H]([C@@H](Cl)C2(Cl)Cl)C1(CCl)CCl,0,C=C1CC2CCC1C2,CC(=O)[C@@H]1CC[C@@H]2[C@@H]3[C@H](Sc4ccc(NC(=O)NCCCl)cc4)CC4=CC(=O)CC[C@]4(C)[C@H]3CC[C@@]21C,1,O=C1C=C2CC(Sc3ccccc3)C3C4CCCC4CCC3C2CC1,0.09949631925610229,0,0.004681330135584572
Cl/C=C1/[C@@H]2C[C@H]([C@@H](Cl)C2(Cl)Cl)C1(CCl)CCl,0,C=C1CC2CCC1C2,O[C@H](COc1cccc2ncccc12)CN1CCN(C2c3ccccc3C3C(c4ccccc42)C3(Cl)Cl)CC1,1,c1ccc2c(c1)C1CC1c1ccccc1C2N1CCN(CCCOc2cccc3ncccc23)CC1,0.09581529581529583,0,0.012746500372126249
c1ccc(CNc2ncnc3nc[nH]c23)cc1,0,c1ccc(CNc2ncnc3nc[nH]c23)cc1,N#Cc1c2n(c3c(NCCc4ccccc4)ncnc13)CCCC2,1,c1ccc(CCNc2ncnc3cc4n(c23)CCCC4)cc1,0.26206095791001455,0,0.003474161087184463
c1ccc(CNc2ncnc3nc[nH]c23)cc1,0,c1ccc(CNc2ncnc3nc[nH]c23)cc1,COc1cccc(CCc2ccccc2NCc2cccc(OC)c2)c1,1,c1ccc(CCc2ccccc2NCc2ccccc2)cc1,0.22031746031746033,0,0.001000681578978598
c1ccc(CNc2ncnc3nc[nH]c23)cc1,0,c1ccc(CNc2ncnc3nc[nH]c23)cc1,N#Cc1c2n(c3c(NS(=O)(=O)Cc4ccccc4)ncnc13)CCCC2,1,O=S(=O)(Cc1ccccc1)Nc1ncnc2cc3n(c12)CCCC3,0.21940555146155735,0,0.000522366153564608
c1ccc(CNc2ncnc3nc[nH]c23)cc1,0,c1ccc(CNc2ncnc3nc[nH]c23)cc1,COc1cccc(CCc2ccccc2NCc2cc(OC)cc(OC)c2)c1,1,c1ccc(CCc2ccccc2NCc2ccccc2)cc1,0.21334332833583208,0,0.0066480310743874645
CC1(C)O[C@@H]2C[C@@H]3[C@H]4C[C@@H](F)C5=CC(=O)C=C[C@@]5(C)[C@@H]4[C@@H](O)C[C@]3(C)[C@@]2(C(=O)CO)O1,0,O=C1C=CC2C(=C1)CCC1C2CCC2C1CC1OCOC12,C[C@H]1C[C@@H]2[C@H]3CCC4=CC(=O)C=C[C@@]4(C)[C@]3(Cl)[C@@H](O)C[C@@]2(C)[C@@]1(OC(=O)c1ccco1)C(=O)CCl,1,O=C1C=CC2C(=C1)CCC1C2CCC2C(OC(=O)c3ccco3)CCC21,0.2540134007931082,0,0.0030376576453069403
CC1(C)O[C@@H]2C[C@@H]3[C@H]4C[C@@H](F)C5=CC(=O)C=C[C@@]5(C)[C@@H]4[C@@H](O)C[C@]3(C)[C@@]2(C(=O)CO)O1,0,O=C1C=CC2C(=C1)CCC1C2CCC2C1CC1OCOC12,C[C@]12CC(=O)[C@@H]3[C@@H](CCC4=CC(=O)CC[C@H]43)[C@H]1CC[C@@]2(O)C(=O)CO,1,O=C1C=C2CCC3C4CCCC4CC(=O)C3C2CC1,0.24146730462519936,0,0.00872829299993538
CC1(C)O[C@@H]2C[C@@H]3[C@H]4C[C@@H](F)C5=CC(=O)C=C[C@@]5(C)[C@@H]4[C@@H](O)C[C@]3(C)[C@@]2(C(=O)CO)O1,0,O=C1C=CC2C(=C1)CCC1C2CCC2C1CC1OCOC12,C[C@@]12CC[C@@H]3C(CCC4=CC(=O)CC[C@]43C)[C@H]1CC[C@H]2O,1,O=C1C=C2CCC3C4CCCC4CCC3C2CC1,0.19371069182389938,0,0.03989547151576189
CC1(C)O[C@@H]2C[C@@H]3[C@H]4C[C@@H](F)C5=CC(=O)C=C[C@@]5(C)[C@@H]4[C@@H](O)C[C@]3(C)[C@@]2(C(=O)CO)O1,0,O=C1C=CC2C(=C1)CCC1C2CCC2C1CC1OCOC12,CC(=O)O[C@@H]1C[C@]2(C)[C@@H](C[C@@H](O)[C@@H]3[C@]4(C)CC[C@@H](O)[C@H](C)[C@H]4CC[C@]32C)/C1=C(\CCC=C(C)C)C(=O)O,1,C=C1CCC2C1CCC1C3CCCCC3CCC21,0.17775312066574203,0,0.00565840227672764
CC(=O)OCC(=O)[C@]12OC(C)(C)O[C@H]1C[C@H]1[C@@H]3C[C@@H](F)C4=CC(=O)C=C[C@@]4(C)[C@@]3(F)[C@H](O)C[C@@]12C,0,O=C1C=CC2C(=C1)CCC1C2CCC2C1CC1OCOC12,C[C@H]1C[C@@H]2[C@H]3CCC4=CC(=O)C=C[C@@]4(C)[C@]3(Cl)[C@@H](O)C[C@@]2(C)[C@@]1(OC(=O)c1ccco1)C(=O)CCl,1,O=C1C=CC2C(=C1)CCC1C2CCC2C(OC(=O)c3ccco3)CCC21,0.3193520886615516,0,0.010714707352881646
CC(=O)OCC(=O)[C@]12OC(C)(C)O[C@H]1C[C@H]1[C@@H]3C[C@@H](F)C4=CC(=O)C=C[C@@]4(C)[C@@]3(F)[C@H](O)C[C@@]12C,0,O=C1C=CC2C(=C1)CCC1C2CCC2C1CC1OCOC12,CC(=O)O[C@@H]1C[C@]2(C)[C@@H](C[C@@H](O)[C@@H]3[C@]4(C)CC[C@@H](O)[C@H](C)[C@H]4CC[C@]32C)/C1=C(\CCC=C(C)C)C(=O)O,1,C=C1CCC2C1CCC1C3CCCCC3CCC21,0.19410045176720703,0,0.04400742330779061
CC(=O)OCC(=O)[C@]12OC(C)(C)O[C@H]1C[C@H]1[C@@H]3C[C@@H](F)C4=CC(=O)C=C[C@@]4(C)[C@@]3(F)[C@H](O)C[C@@]12C,0,O=C1C=CC2C(=C1)CCC1C2CCC2C1CC1OCOC12,C[C@@]12CC[C@@H]3C(CCC4=CC(=O)CC[C@]43C)[C@H]1CC[C@H]2O,1,O=C1C=C2CCC3C4CCCC4CCC3C2CC1,0.1784742755765819,0,0.030695821817614655
CC(=O)OCC(=O)[C@]12OC(C)(C)O[C@H]1C[C@H]1[C@@H]3C[C@@H](F)C4=CC(=O)C=C[C@@]4(C)[C@@]3(F)[C@H](O)C[C@@]12C,0,O=C1C=CC2C(=C1)CCC1C2CCC2C1CC1OCOC12,C[C@]12CC(=O)[C@@H]3[C@@H](CCC4=CC(=O)CC[C@H]43)[C@H]1CC[C@@]2(O)C(=O)CO,1,O=C1C=C2CCC3C4CCCC4CC(=O)C3C2CC1,0.1764032073310424,0,0.038066951080736926
COc1cccc(CCc2ccccc2OCCN2CCN(c3ncccn3)CC2)c1,1,c1ccc(CCc2ccccc2OCCN2CCN(c3ncccn3)CC2)cc1,COc1cccc(CCc2ccccc2OCCCN2CCN(c3ncccn3)CC2)c1,1,c1ccc(CCc2ccccc2OCCCN2CCN(c3ncccn3)CC2)cc1,0.9001380579843535,1,0.9932880575614834
COc1cccc(CCc2ccccc2OCCN2CCN(c3ncccn3)CC2)c1,1,c1ccc(CCc2ccccc2OCCN2CCN(c3ncccn3)CC2)cc1,COc1cccc(CCc2ccccc2OCCCCCN2CCN(c3ncccn3)CC2)c1,1,c1ccc(CCc2ccccc2OCCCCCN2CCN(c3ncccn3)CC2)cc1,0.8656236786469346,1,0.989874484304269
COc1cccc(CCc2ccccc2OCCN2CCN(c3ncccn3)CC2)c1,1,c1ccc(CCc2ccccc2OCCN2CCN(c3ncccn3)CC2)cc1,COc1cccc(CCc2ccccc2OCCN2CCN(c3ccc(F)cc3)CC2)c1,1,c1ccc(CCc2ccccc2OCCN2CCN(c3ccccc3)CC2)cc1,0.7203761755485895,1,0.9188645239327361
COc1cccc(CCc2ccccc2OCCN2CCN(c3ncccn3)CC2)c1,1,c1ccc(CCc2ccccc2OCCN2CCN(c3ncccn3)CC2)cc1,COc1cccc(CCc2ccccc2OCCN2CCN(c3cccc(Cl)c3)CC2)c1,1,c1ccc(CCc2ccccc2OCCN2CCN(c3ccccc3)CC2)cc1,0.6977777777777778,1,0.9347461471989883
COc1ccnc(CS(=O)c2nc3cc(OC(F)F)ccc3[nH]2)c1OC,0,O=S(Cc1ccccn1)c1nc2ccccc2[nH]1,COc1cc2nc(NCCc3cccc(OC)c3OC)nc(NCCc3cccc(OC)c3OC)c2cc1OC,1,c1ccc(CCNc2nc(NCCc3ccccc3)c3ccccc3n2)cc1,0.2306655777868518,0,0.0008659488078189436
COc1ccnc(CS(=O)c2nc3cc(OC(F)F)ccc3[nH]2)c1OC,0,O=S(Cc1ccccn1)c1nc2ccccc2[nH]1,COc1cccc(CCc2ccccc2OCc2cccc(OC)c2OC)c1,1,c1ccc(CCc2ccccc2OCc2ccccc2)cc1,0.2128654970760234,0,0.003207663860167037
COc1ccnc(CS(=O)c2nc3cc(OC(F)F)ccc3[nH]2)c1OC,0,O=S(Cc1ccccn1)c1nc2ccccc2[nH]1,COc1cccc(CCc2ccccc2OCc2ccncc2)c1,1,c1ccc(CCc2ccccc2OCc2ccncc2)cc1,0.19631760644418872,0,0.0018602968286180201
COc1ccnc(CS(=O)c2nc3cc(OC(F)F)ccc3[nH]2)c1OC,0,O=S(Cc1ccccn1)c1nc2ccccc2[nH]1,COc1cccc(COc2ccccc2CCc2ccccc2)c1OC,1,c1ccc(CCc2ccccc2OCc2ccccc2)cc1,0.19493409149651075,0,0.004959331050956315
CC(=O)c1c(C)cc(C)c(CSc2nc3ccc(NC(=O)c4cccc5ccccc45)cc3s2)c1C,1,O=C(Nc1ccc2nc(SCc3ccccc3)sc2c1)c1cccc2ccccc12,CC(=O)c1c(C)cc(C)c(CSc2nc3ccc(NC(=O)c4ccc(C(C)(C)C)cc4)cc3s2)c1C,1,O=C(Nc1ccc2nc(SCc3ccccc3)sc2c1)c1ccccc1,0.7153779821787871,1,0.9998264315522736
CC(=O)c1c(C)cc(C)c(CSc2nc3ccc(NC(=O)c4cccc5ccccc45)cc3s2)c1C,1,O=C(Nc1ccc2nc(SCc3ccccc3)sc2c1)c1cccc2ccccc12,CC(=O)c1c(C)cc(C)c(CSc2nc3ccc(NC(=O)CCc4ccccc4)cc3s2)c1C,1,O=C(CCc1ccccc1)Nc1ccc2nc(SCc3ccccc3)sc2c1,0.6878406708595388,1,0.9982323696497587
CC(=O)c1c(C)cc(C)c(CSc2nc3ccc(NC(=O)c4cccc5ccccc45)cc3s2)c1C,1,O=C(Nc1ccc2nc(SCc3ccccc3)sc2c1)c1cccc2ccccc12,CCCCOc1ccc(C(=O)Nc2ccc3nc(SCc4c(C)cc(C)c(C(C)=O)c4C)sc3c2)cc1,1,O=C(Nc1ccc2nc(SCc3ccccc3)sc2c1)c1ccccc1,0.6639376218323587,1,0.9999703452777938
CC(=O)c1c(C)cc(C)c(CSc2nc3ccc(NC(=O)c4cccc5ccccc45)cc3s2)c1C,1,O=C(Nc1ccc2nc(SCc3ccccc3)sc2c1)c1cccc2ccccc12,COc1cc2c(cc1OC)CN(CCc1ccc(NC(=O)c3cccc4ccccc34)cc1)CC2,1,O=C(Nc1ccc(CCN2CCc3ccccc3C2)cc1)c1cccc2ccccc12,0.3238165407994106,1,0.9773262496937194
O=C1c2ccccc2C(=O)C1c1ccccc1,0,O=C1c2ccccc2C(=O)C1c1ccccc1,C=C1c2c(OC[C@@H](O)CN3CCCCC3)cccc2C(=O)[C@@H]1c1ccccc1,1,C=C1c2c(OCCCN3CCCCC3)cccc2C(=O)C1c1ccccc1,0.3250248262164846,0,0.013710206380913902
O=C1c2ccccc2C(=O)C1c1ccccc1,0,O=C1c2ccccc2C(=O)C1c1ccccc1,C=C1c2cccc(OC[C@@H](O)CN3CCCCC3)c2C(=O)[C@H]1c1ccccc1,1,C=C1c2cccc(OCCCN3CCCCC3)c2C(=O)C1c1ccccc1,0.2985754985754986,0,0.03176495523854662
O=C1c2ccccc2C(=O)C1c1ccccc1,0,O=C1c2ccccc2C(=O)C1c1ccccc1,COc1ccc([C@H]2Nc3ccccc3C(=O)N2c2ccc(Oc3ccccc3)cc2)cc1,1,O=C1c2ccccc2NC(c2ccccc2)N1c1ccc(Oc2ccccc2)cc1,0.26864564007421154,0,0.08215896366795995
O=C1c2ccccc2C(=O)C1c1ccccc1,0,O=C1c2ccccc2C(=O)C1c1ccccc1,CC[C@@H](C)c1ccc(N2C(=O)c3ccccc3N[C@@H]2c2ccc(C(C)C)cc2)cc1,1,O=C1c2ccccc2NC(c2ccccc2)N1c1ccccc1,0.24923076923076926,0,0.009449482184018487
COc1ccc(Cl)cc1C(=O)NCCc1ccc(C(=O)O)cc1,0,O=C(NCCc1ccccc1)c1ccccc1,CCN(CC)CCNC(=O)c1cc(S(C)(=O)=O)ccc1OC,1,c1ccccc1,0.40333333333333343,0,0.005058912199312129
COc1ccc(Cl)cc1C(=O)NCCc1ccc(C(=O)O)cc1,0,O=C(NCCc1ccccc1)c1ccccc1,COc1cc2c(cc1OC)CN(CCNC(=O)c1cc(Cl)ccc1NC(=O)c1ccc(C(C)C)cc1)CC2,1,O=C(Nc1ccccc1C(=O)NCCN1CCc2ccccc2C1)c1ccccc1,0.3909328683522232,0,0.09241557049234374
COc1ccc(Cl)cc1C(=O)NCCc1ccc(C(=O)O)cc1,0,O=C(NCCc1ccccc1)c1ccccc1,COc1cc2c(cc1OC)CN(CCNC(=O)c1ccc(Cl)cc1NC(=O)c1ccc(C(C)C)cc1)CC2,1,O=C(Nc1ccccc1C(=O)NCCN1CCc2ccccc2C1)c1ccccc1,0.3728602150537635,0,0.06878243499777423
COc1ccc(Cl)cc1C(=O)NCCc1ccc(C(=O)O)cc1,0,O=C(NCCc1ccccc1)c1ccccc1,CCCc1ccc(C(=O)Nc2ccccc2C(=O)NCCN2CCc3cc(OC)c(OC)cc3C2)cc1,1,O=C(Nc1ccccc1C(=O)NCCN1CCc2ccccc2C1)c1ccccc1,0.3483174603174603,0,0.07747751551643206
Nc1cc(-c2ccncc2)c[nH]c1=O,0,O=c1ccc(-c2ccncc2)c[nH]1,Nc1ccc(-c2cc(C(F)(F)F)cc(C(F)(F)F)c2)cc1,1,c1ccc(-c2ccccc2)cc1,0.19393539881344762,0,3.122753277787782e-05
Nc1cc(-c2ccncc2)c[nH]c1=O,0,O=c1ccc(-c2ccncc2)c[nH]1,COc1cccc(CCc2ccccc2OCc2ccncc2)c1,1,c1ccc(CCc2ccccc2OCc2ccncc2)cc1,0.16413793103448276,0,1.8404496036261236e-06
Nc1cc(-c2ccncc2)c[nH]c1=O,0,O=c1ccc(-c2ccncc2)c[nH]1,O=c1cc(-c2ccccc2)oc2cc3c(c(O)c12)OCO3,1,O=c1cc(-c2ccccc2)oc2cc3c(cc12)OCO3,0.1470795214637579,0,0.0015174248186450058
Nc1cc(-c2ccncc2)c[nH]c1=O,0,O=c1ccc(-c2ccncc2)c[nH]1,COC(=O)/C=C/c1ccc(-c2nc(-c3ccc(N(C)C)cc3)c(-c3ccc(N)cc3)[nH]2)cc1,1,c1ccc(-c2nc(-c3ccccc3)c(-c3ccccc3)[nH]2)cc1,0.14516806722689077,0,0.004739919446606999
CCCNC[C@H](O)COc1ccc(OCc2ccccc2)cc1C(=O)CCc1ccccc1,1,O=C(CCc1ccccc1)c1cccc(OCc2ccccc2)c1,CCCNC[C@H](O)COc1ccc(O)cc1C(=O)CCc1ccccc1,1,O=C(CCc1ccccc1)c1ccccc1,0.7967251461988304,1,0.9939990169648347
CCCNC[C@H](O)COc1ccc(OCc2ccccc2)cc1C(=O)CCc1ccccc1,1,O=C(CCc1ccccc1)c1cccc(OCc2ccccc2)c1,CCCNC[C@@H](O)COc1ccccc1C(=O)CCc1ccccc1,1,O=C(CCc1ccccc1)c1ccccc1,0.7700000000000001,1,0.9991813892461826
CCCNC[C@H](O)COc1ccc(OCc2ccccc2)cc1C(=O)CCc1ccccc1,1,O=C(CCc1ccccc1)c1cccc(OCc2ccccc2)c1,CCCNC[C@H](O)COc1ccccc1C(=O)CCc1ccccc1,1,O=C(CCc1ccccc1)c1ccccc1,0.7700000000000001,1,0.9991813892461826
CCCNC[C@H](O)COc1ccc(OCc2ccccc2)cc1C(=O)CCc1ccccc1,1,O=C(CCc1ccccc1)c1cccc(OCc2ccccc2)c1,CC(C)N(C[C@@H](O)COc1ccc(OCc2ccccc2)cc1C(=O)CCc1ccccc1)C(C)C,1,O=C(CCc1ccccc1)c1cccc(OCc2ccccc2)c1,0.6972677595628415,1,0.99878553179428
CC(C)N(C[C@@H](O)COc1ccc(OCc2ccccc2)cc1C(=O)CCc1ccccc1)C(C)C,1,O=C(CCc1ccccc1)c1cccc(OCc2ccccc2)c1,CC(C)N(C[C@H](O)COc1ccc(O)cc1C(=O)CCc1ccccc1)C(C)C,1,O=C(CCc1ccccc1)c1ccccc1,0.7911111111111112,1,0.9982915474606066
CC(C)N(C[C@@H](O)COc1ccc(OCc2ccccc2)cc1C(=O)CCc1ccccc1)C(C)C,1,O=C(CCc1ccccc1)c1cccc(OCc2ccccc2)c1,CC(C)N(C[C@H](O)COc1ccccc1C(=O)CCc1ccccc1)C(C)C,1,O=C(CCc1ccccc1)c1ccccc1,0.7625925925925926,1,0.9996960510199729
CC(C)N(C[C@@H](O)COc1ccc(OCc2ccccc2)cc1C(=O)CCc1ccccc1)C(C)C,1,O=C(CCc1ccccc1)c1cccc(OCc2ccccc2)c1,CCCNC[C@H](O)COc1ccc(OCc2ccccc2)cc1C(=O)CCc1ccccc1,1,O=C(CCc1ccccc1)c1cccc(OCc2ccccc2)c1,0.6972677595628415,1,0.9981429088801824
CC(C)N(C[C@@H](O)COc1ccc(OCc2ccccc2)cc1C(=O)CCc1ccccc1)C(C)C,1,O=C(CCc1ccccc1)c1cccc(OCc2ccccc2)c1,CC(C)N(C[C@@H](O)COc1ccc(C(=O)CCc2ccccc2)cc1)C(C)C,1,O=C(CCc1ccccc1)c1ccccc1,0.6802738553701327,1,0.9995063059109669
O=C(O)c1cccnc1Nc1cccc(C(F)(F)F)c1,0,c1ccc(Nc2ccccn2)cc1,O=C(CCc1ccccc1)c1ccccc1OC[C@@H](O)CNc1ccc(C(F)(F)F)cc1,1,O=C(CCc1ccccc1)c1ccccc1OCCCNc1ccccc1,0.2702898550724638,0,0.001656980025903613
O=C(O)c1cccnc1Nc1cccc(C(F)(F)F)c1,0,c1ccc(Nc2ccccn2)cc1,Nc1ccc(-c2cc(C(F)(F)F)cc(C(F)(F)F)c2)cc1,1,c1ccc(-c2ccccc2)cc1,0.23540579022306599,0,0.0009542017894334029
O=C(O)c1cccnc1Nc1cccc(C(F)(F)F)c1,0,c1ccc(Nc2ccccn2)cc1,CNCC[C@@H](Oc1ccc(C(F)(F)F)cc1)c1ccccc1,1,c1ccc(COc2ccccc2)cc1,0.22147219543555124,0,4.021399187268129e-05
O=C(O)c1cccnc1Nc1cccc(C(F)(F)F)c1,0,c1ccc(Nc2ccccn2)cc1,O=C(CCc1ccccc1)c1ccccc1OC[C@H](O)CNc1ccccc1,1,O=C(CCc1ccccc1)c1ccccc1OCCCNc1ccccc1,0.20303030303030303,0,0.000736853630141481
CN1CCc2cc3c(c4c2[C@@H]1Cc1ccccc1-4)OCO3,0,c1ccc2c(c1)CC1NCCc3cc4c(c-2c31)OCO4,COc1ccc2c(c1OC)C(=O)O[C@@H]2[C@H]1c2c(cc3c(c2OC)OCO3)CCN1C,1,O=C1OC(C2NCCc3cc4c(cc32)OCO4)c2ccccc21,0.43700980392156863,0,0.034822802926049404
CN1CCc2cc3c(c4c2[C@@H]1Cc1ccccc1-4)OCO3,0,c1ccc2c(c1)CC1NCCc3cc4c(c-2c31)OCO4,COc1cc(C[C@@H]2c3cc(OC)c(OC)cc3CCN2C)c(Oc2cc3c(cc2OC)-c2c(OC)c(OC)cc4c2[C@@H](C3)N(C)CC4)cc1OC,1,c1ccc(Oc2ccc3c(c2)CC2NCCc4cccc-3c42)c(CC2NCCc3ccccc32)c1,0.39955399808856323,0,0.13513234150421496
CN1CCc2cc3c(c4c2[C@@H]1Cc1ccccc1-4)OCO3,0,c1ccc2c(c1)CC1NCCc3cc4c(c-2c31)OCO4,COc1ccc2c(c1OC)C(=O)O[C@@H]2[C@H]1c2cc3c(cc2CCN1C)OCO3,1,O=C1OC(C2NCCc3cc4c(cc32)OCO4)c2ccccc21,0.3761332099907493,0,0.06158246973269487
CN1CCc2cc3c(c4c2[C@@H]1Cc1ccccc1-4)OCO3,0,c1ccc2c(c1)CC1NCCc3cc4c(c-2c31)OCO4,COc1cc(Br)c(C[C@H]2c3cc(OC)c(OC)cc3CCN2C)cc1OC,1,c1ccc(CC2NCCc3ccccc32)cc1,0.28181818181818186,0,0.06840075549996921
Nc1ccc(S(=O)(=O)NC(=O)c2ccccc2)cc1,0,O=C(NS(=O)(=O)c1ccccc1)c1ccccc1,NCc1ccc(S(N)(=O)=O)cc1,1,c1ccccc1,0.25857142857142856,0,4.592862137171391e-05
Nc1ccc(S(=O)(=O)NC(=O)c2ccccc2)cc1,0,O=C(NS(=O)(=O)c1ccccc1)c1ccccc1,COc1cc2c(cc1OC)CN(CCNC(=O)c1ccc(N)cc1NC(=O)c1ccc(C(C)C)cc1)CC2,1,O=C(Nc1ccccc1C(=O)NCCN1CCc2ccccc2C1)c1ccccc1,0.2220456802383317,0,0.001505669628662597
Nc1ccc(S(=O)(=O)NC(=O)c2ccccc2)cc1,0,O=C(NS(=O)(=O)c1ccccc1)c1ccccc1,CCN(CC)CCNC(=O)c1cc(S(C)(=O)=O)ccc1OC,1,c1ccccc1,0.21509281678773207,0,0.0005019679039509376
Nc1ccc(S(=O)(=O)NC(=O)c2ccccc2)cc1,0,O=C(NS(=O)(=O)c1ccccc1)c1ccccc1,Nc1ccc(-c2cc(C(F)(F)F)cc(C(F)(F)F)c2)cc1,1,c1ccc(-c2ccccc2)cc1,0.20508720930232557,0,7.080903527704727e-05
ClC(Cl)=C(c1ccc(Cl)cc1)c1ccc(Cl)cc1,0,C=C(c1ccccc1)c1ccccc1,NC(=O)OC[C@@H](O)COc1ccc(Cl)cc1,1,c1ccccc1,0.23310023310023312,0,0.003386447170081358
ClC(Cl)=C(c1ccc(Cl)cc1)c1ccc(Cl)cc1,0,C=C(c1ccccc1)c1ccccc1,CN1CCCN([C@@H](c2ccccc2)c2ccc(Cl)cc2)CC1,1,c1ccc(C(c2ccccc2)N2CCCNCC2)cc1,0.21904761904761905,0,0.0018564985633839294
ClC(Cl)=C(c1ccc(Cl)cc1)c1ccc(Cl)cc1,0,C=C(c1ccccc1)c1ccccc1,OCCOCCN1CCN([C@H](c2ccccc2)c2ccc(Cl)cc2)CC1,1,c1ccc(C(c2ccccc2)N2CCNCC2)cc1,0.20405405405405408,0,0.009138593381937832
ClC(Cl)=C(c1ccc(Cl)cc1)c1ccc(Cl)cc1,0,C=C(c1ccccc1)c1ccccc1,CC/C(=C(/c1ccccc1)c1ccc(OCCN(C)C)cc1)c1ccccc1,1,C(=C(c1ccccc1)c1ccccc1)c1ccccc1,0.18229665071770337,0,0.0007679772143971527
C1=CCN(Cc2ccccc2)C1,0,C1=CCN(Cc2ccccc2)C1,OCC12[C@H](c3ccccc3)C3[C@@H]4N(Cc5ccccc5)[C@H]1C1[C@H](c5ccccc5)C4(CO)[C@@H]3N(Cc3ccccc3)[C@H]12,1,c1ccc(CN2C3C4C(c5ccccc5)C5C2C2C(c6ccccc6)C3C4N(Cc3ccccc3)C52)cc1,0.31948717948717953,0,0.005303765914779755
C1=CCN(Cc2ccccc2)C1,0,C1=CCN(Cc2ccccc2)C1,O=C(CCc1ccccc1)c1ccccc1OC[C@H](O)CN1CCN(Cc2ccccc2)CC1,1,O=C(CCc1ccccc1)c1ccccc1OCCCN1CCN(Cc2ccccc2)CC1,0.3019607843137255,0,0.0009621014310757028
C1=CCN(Cc2ccccc2)C1,0,C1=CCN(Cc2ccccc2)C1,O=C(CCc1ccccc1)c1ccccc1OC[C@@H](O)CN1CCN(Cc2ccccc2)CC1,1,O=C(CCc1ccccc1)c1ccccc1OCCCN1CCN(Cc2ccccc2)CC1,0.3019607843137255,0,0.0009621014310757028
C1=CCN(Cc2ccccc2)C1,0,C1=CCN(Cc2ccccc2)C1,CC1(C)Oc2ccc(C#N)cc2[C@H](N2CCN(Cc3ccccc3)CC2)[C@H]1O,1,c1ccc(CN2CCN(C3CCOc4ccccc43)CC2)cc1,0.28484848484848485,0,0.005041498696351518
Cc1nn(-c2ccccc2)c(OC[C@@H](O)CN(C(C)C)C(C)C)c1C(=O)c1ccccc1,1,O=C(c1ccccc1)c1cnn(-c2ccccc2)c1,Cc1nn(C)c(OC[C@@H](O)CN(C(C)C)C(C)C)c1C(=O)c1ccccc1,1,O=C(c1ccccc1)c1cn[nH]c1,0.7785953177257525,1,0.9775660162367314
Cc1nn(-c2ccccc2)c(OC[C@@H](O)CN(C(C)C)C(C)C)c1C(=O)c1ccccc1,1,O=C(c1ccccc1)c1cnn(-c2ccccc2)c1,Cc1c(C(=O)c2ccccc2)c(=O)n(-c2ccccc2)n1C[C@H](O)CN(C(C)C)C(C)C,1,O=C(c1ccccc1)c1c[nH]n(-c2ccccc2)c1=O,0.5176470588235295,1,0.9902373752058446
Cc1nn(-c2ccccc2)c(OC[C@@H](O)CN(C(C)C)C(C)C)c1C(=O)c1ccccc1,1,O=C(c1ccccc1)c1cnn(-c2ccccc2)c1,CC(C)N(C[C@@H](O)COc1ccc(C(=O)CCc2ccccc2)cc1)C(C)C,1,O=C(CCc1ccccc1)c1ccccc1,0.4496732026143791,1,0.9891908478443183
Cc1nn(-c2ccccc2)c(OC[C@@H](O)CN(C(C)C)C(C)C)c1C(=O)c1ccccc1,1,O=C(c1ccccc1)c1cnn(-c2ccccc2)c1,CC(C)N(C[C@H](O)COc1ccccc1C(=O)CCc1ccccc1)C(C)C,1,O=C(CCc1ccccc1)c1ccccc1,0.43161764705882355,1,0.9905573880858086
c1ccc2[nH]c(-c3cscn3)nc2c1,0,c1ccc2[nH]c(-c3cscn3)nc2c1,CN(C)Cc1c[nH]c2ccccc12,1,c1ccc2[nH]ccc2c1,0.16833333333333333,0,0.005326988787018888
c1ccc2[nH]c(-c3cscn3)nc2c1,0,c1ccc2[nH]c(-c3cscn3)nc2c1,CN(C)c1ccc(-c2nc(-c3ccc(O)cc3)[nH]c2-c2ccc(N(C)C)cc2)cc1,1,c1ccc(-c2nc(-c3ccccc3)c(-c3ccccc3)[nH]2)cc1,0.16666666666666666,0,0.0023068164422121074
c1ccc2[nH]c(-c3cscn3)nc2c1,0,c1ccc2[nH]c(-c3cscn3)nc2c1,CCOC/C=C/c1ccc(-c2nc(-c3ccc(N(CC)CC)cc3)c(-c3ccc(N(CC)CC)cc3)[nH]2)cc1,1,c1ccc(-c2nc(-c3ccccc3)c(-c3ccccc3)[nH]2)cc1,0.16501424501424505,0,0.01769418291953477
c1ccc2[nH]c(-c3cscn3)nc2c1,0,c1ccc2[nH]c(-c3cscn3)nc2c1,CN(C)c1ccc(-c2nc(-c3ccc(/C=C/COCc4ccccc4)cc3)[nH]c2-c2ccc(N(C)C)cc2)cc1,1,C(=Cc1ccc(-c2nc(-c3ccccc3)c(-c3ccccc3)[nH]2)cc1)COCc1ccccc1,0.1602635046113307,0,0.014937352997880661
CC(=O)N1CCN(c2ccc(OC[C@@H]3CO[C@@](Cn4ccnc4)(c4ccc(Cl)cc4Cl)O3)cc2)CC1,1,c1ccc(C2(Cn3ccnc3)OCC(COc3ccc(N4CCNCC4)cc3)O2)cc1,Clc1ccc([C@H](Cn2ccnc2)OCc2c(Cl)cccc2Cl)c(Cl)c1,1,c1ccc(COC(Cn2ccnc2)c2ccccc2)cc1,0.3001490312965723,1,0.9603975310952767
CC(=O)N1CCN(c2ccc(OC[C@@H]3CO[C@@](Cn4ccnc4)(c4ccc(Cl)cc4Cl)O3)cc2)CC1,1,c1ccc(C2(Cn3ccnc3)OCC(COc3ccc(N4CCNCC4)cc3)O2)cc1,O=C(COc1ccc(Cl)cc1)N1CCN(Cc2ccc3c(c2)OCO3)CC1,1,O=C(COc1ccccc1)N1CCN(Cc2ccc3c(c2)OCO3)CC1,0.2830303030303031,1,0.9839623122500037
CC(=O)N1CCN(c2ccc(OC[C@@H]3CO[C@@](Cn4ccnc4)(c4ccc(Cl)cc4Cl)O3)cc2)CC1,1,c1ccc(C2(Cn3ccnc3)OCC(COc3ccc(N4CCNCC4)cc3)O2)cc1,CCOC(=O)N1CCC(=C2c3ccc(Cl)cc3CCc3cccnc32)CC1,1,c1ccc2c(c1)CCc1cccnc1C2=C1CCNCC1,0.23549735302312624,1,0.991522323003531
CC(=O)N1CCN(c2ccc(OC[C@@H]3CO[C@@](Cn4ccnc4)(c4ccc(Cl)cc4Cl)O3)cc2)CC1,1,c1ccc(C2(Cn3ccnc3)OCC(COc3ccc(N4CCNCC4)cc3)O2)cc1,COc1cccc(CCc2ccccc2OCCN2CCN(c3cccc(Cl)c3)CC2)c1,1,c1ccc(CCc2ccccc2OCCN2CCN(c3ccccc3)CC2)cc1,0.22682352941176473,1,0.9707056965972758
O=C(Oc1ccccc1)N1[C@H]2C3[C@@H](c4ccccc4)C4(CO)[C@@H]1C1[C@@H](c5ccccc5)C2(CO)[C@H]3N(C(=O)Oc2ccccc2)[C@H]14,1,O=C(Oc1ccccc1)N1C2C3C(c4ccccc4)C4C1C1C(c5ccccc5)C2C3N(C(=O)Oc2ccccc2)C41,COC(=O)N1[C@H]2C3[C@H](c4ccccc4)C4(CO)[C@@H]1C1[C@@H](c5ccccc5)C2(CO)[C@@H]3N(C(=O)OC)[C@H]14,1,c1ccc(C2C3C4NC5C2C2NC3C4C(c3ccccc3)C52)cc1,0.7324116743471583,1,0.9999477300082171
O=C(Oc1ccccc1)N1[C@H]2C3[C@@H](c4ccccc4)C4(CO)[C@@H]1C1[C@@H](c5ccccc5)C2(CO)[C@H]3N(C(=O)Oc2ccccc2)[C@H]14,1,O=C(Oc1ccccc1)N1C2C3C(c4ccccc4)C4C1C1C(c5ccccc5)C2C3N(C(=O)Oc2ccccc2)C41,CC(C)(C)OC(=O)N1[C@H]2C3[C@H](c4ccccc4)C4(CO)[C@@H]1C1[C@H](c5ccccc5)C2(CO)[C@@H]3N(C(=O)OC(C)(C)C)[C@H]14,1,c1ccc(C2C3C4NC5C2C2NC3C4C(c3ccccc3)C52)cc1,0.6844444444444444,1,0.9998523957478859
O=C(Oc1ccccc1)N1[C@H]2C3[C@@H](c4ccccc4)C4(CO)[C@@H]1C1[C@@H](c5ccccc5)C2(CO)[C@H]3N(C(=O)Oc2ccccc2)[C@H]14,1,O=C(Oc1ccccc1)N1C2C3C(c4ccccc4)C4C1C1C(c5ccccc5)C2C3N(C(=O)Oc2ccccc2)C41,OCC12[C@H](c3ccccc3)C3[C@@H]4N(Cc5ccccc5)[C@H]1C1[C@H](c5ccccc5)C4(CO)[C@@H]3N(Cc3ccccc3)[C@H]12,1,c1ccc(CN2C3C4C(c5ccccc5)C5C2C2C(c6ccccc6)C3C4N(Cc3ccccc3)C52)cc1,0.5174447174447174,1,0.9997098665628286
O=C(Oc1ccccc1)N1[C@H]2C3[C@@H](c4ccccc4)C4(CO)[C@@H]1C1[C@@H](c5ccccc5)C2(CO)[C@H]3N(C(=O)Oc2ccccc2)[C@H]14,1,O=C(Oc1ccccc1)N1C2C3C(c4ccccc4)C4C1C1C(c5ccccc5)C2C3N(C(=O)Oc2ccccc2)C41,COc1ccc([C@H]2Nc3ccccc3C(=O)N2c2ccc(Oc3ccccc3)cc2)cc1,1,O=C1c2ccccc2NC(c2ccccc2)N1c1ccc(Oc2ccccc2)cc1,0.2300854700854701,1,0.9991578914271265
CC(=O)c1ccc(OC[C@@H](O)CNCCC(c2ccccc2)c2ccccc2)cc1,1,c1ccc(OCCCNCCC(c2ccccc2)c2ccccc2)cc1,O=C(CCc1ccccc1)c1ccc(OC[C@@H](O)CNCCC(c2ccccc2)c2ccccc2)cc1,1,O=C(CCc1ccccc1)c1ccc(OCCCNCCC(c2ccccc2)c2ccccc2)cc1,0.7323886639676114,1,0.9921563331286776
CC(=O)c1ccc(OC[C@@H](O)CNCCC(c2ccccc2)c2ccccc2)cc1,1,c1ccc(OCCCNCCC(c2ccccc2)c2ccccc2)cc1,O=C(CCc1ccccc1)c1cccc(OC[C@H](O)CNCCC(c2ccccc2)c2ccccc2)c1,1,O=C(CCc1ccccc1)c1cccc(OCCCNCCC(c2ccccc2)c2ccccc2)c1,0.6279398762157382,1,0.991885167295326
CC(=O)c1ccc(OC[C@@H](O)CNCCC(c2ccccc2)c2ccccc2)cc1,1,c1ccc(OCCCNCCC(c2ccccc2)c2ccccc2)cc1,O=C(CCc1cccc2ccccc12)c1ccccc1OC[C@@H](O)CNCCC(c1ccccc1)c1ccccc1,1,O=C(CCc1cccc2ccccc12)c1ccccc1OCCCNCCC(c1ccccc1)c1ccccc1,0.5133566433566434,1,0.9977372029085289
CC(=O)c1ccc(OC[C@@H](O)CNCCC(c2ccccc2)c2ccccc2)cc1,1,c1ccc(OCCCNCCC(c2ccccc2)c2ccccc2)cc1,O=C(CCc1cccc2ccccc12)c1ccccc1OC[C@H](O)CNCCC(c1ccccc1)c1ccccc1,1,O=C(CCc1cccc2ccccc12)c1ccccc1OCCCNCCC(c1ccccc1)c1ccccc1,0.5133566433566434,1,0.9977372029085289
COc1cc2c(cc1OC)CN(CCNC(=O)c1ccccc1NC(=O)c1ccc(OC3CCCCC3)cc1)CC2,1,O=C(Nc1ccccc1C(=O)NCCN1CCc2ccccc2C1)c1ccc(OC2CCCCC2)cc1,COc1cc2c(cc1OC)CN(CCNC(=O)c1ccccc1NC(=O)c1ccc(C3CCCCC3)cc1)CC2,1,O=C(Nc1ccccc1C(=O)NCCN1CCc2ccccc2C1)c1ccc(C2CCCCC2)cc1,0.8069594034797017,1,0.9996355078116763
COc1cc2c(cc1OC)CN(CCNC(=O)c1ccccc1NC(=O)c1ccc(OC3CCCCC3)cc1)CC2,1,O=C(Nc1ccccc1C(=O)NCCN1CCc2ccccc2C1)c1ccc(OC2CCCCC2)cc1,COc1cc2c(cc1OC)CN(CCNC(=O)c1ccccc1NC(=O)c1ccc(Oc3ccccc3)cc1)CC2,1,O=C(Nc1ccccc1C(=O)NCCN1CCc2ccccc2C1)c1ccc(Oc2ccccc2)cc1,0.7771428571428572,1,0.9997875194007488
COc1cc2c(cc1OC)CN(CCNC(=O)c1ccccc1NC(=O)c1ccc(OC3CCCCC3)cc1)CC2,1,O=C(Nc1ccccc1C(=O)NCCN1CCc2ccccc2C1)c1ccc(OC2CCCCC2)cc1,COc1cc2c(cc1OC)CN(CCNC(=O)c1ccccc1NC(=O)c1ccc(-c3ccccc3)cc1)CC2,1,O=C(Nc1ccccc1C(=O)NCCN1CCc2ccccc2C1)c1ccc(-c2ccccc2)cc1,0.7542857142857143,1,0.9989134746873851
COc1cc2c(cc1OC)CN(CCNC(=O)c1ccccc1NC(=O)c1ccc(OC3CCCCC3)cc1)CC2,1,O=C(Nc1ccccc1C(=O)NCCN1CCc2ccccc2C1)c1ccc(OC2CCCCC2)cc1,COc1cc2c(cc1OC)CN(CCNC(=O)c1ccccc1NC(=O)c1ccc(OCc3ccccc3)cc1)CC2,1,O=C(Nc1ccccc1C(=O)NCCN1CCc2ccccc2C1)c1ccc(OCc2ccccc2)cc1,0.7525651356432984,1,0.9996457532563385
O=C1C=C2C=C[C@@H]3C[C@@]2(O1)[C@@H]1CCCCN31,0,O=C1C=C2C=CC3CC2(O1)C1CCCCN31,O=c1c2ccccc2n(CCCCN2CCCCC2)c2ccccc12,1,O=c1c2ccccc2n(CCCCN2CCCCC2)c2ccccc12,0.1571632216678546,0,0.0033523451632156065
O=C1C=C2C=C[C@@H]3C[C@@]2(O1)[C@@H]1CCCCN31,0,O=C1C=C2C=CC3CC2(O1)C1CCCCN31,O=c1c2ccccc2n(CCCN2CCCCC2)c2ccccc12,1,O=c1c2ccccc2n(CCCN2CCCCC2)c2ccccc12,0.15633065922567144,0,0.0029461584320835538
O=C1C=C2C=C[C@@H]3C[C@@]2(O1)[C@@H]1CCCCN31,0,O=C1C=C2C=CC3CC2(O1)C1CCCCN31,CC(C)[C@]1(NC(=O)[C@H]2C=C3c4cccc5[nH]cc(c45)C[C@H]3N(C)C2)O[C@]2(O)C3CCCN3C(=O)[C@H](Cc3ccccc3)N2C1=O,1,O=C(NC1OC2C3CCCN3C(=O)C(Cc3ccccc3)N2C1=O)C1C=C2c3cccc4[nH]cc(c34)CC2NC1,0.15377402719174874,0,0.01585319001383263
O=C1C=C2C=C[C@@H]3C[C@@]2(O1)[C@@H]1CCCCN31,0,O=C1C=C2C=CC3CC2(O1)C1CCCCN31,c1ccc(C[C@@H]2c3ccccc3O[C@H]2CN2CCCCC2)cc1,1,c1ccc(CC2c3ccccc3OC2CN2CCCCC2)cc1,0.15164410058027078,0,0.0016959627481701184
COc1cc2c(cc1OC)CN(CCNC(=O)c1ccccc1NC(=O)c1ccc(OCc3ccccc3)cc1)CC2,1,O=C(Nc1ccccc1C(=O)NCCN1CCc2ccccc2C1)c1ccc(OCc2ccccc2)cc1,COc1cc2c(cc1OC)CN(CCNC(=O)c1ccccc1NC(=O)c1ccc(Oc3ccccc3)cc1)CC2,1,O=C(Nc1ccccc1C(=O)NCCN1CCc2ccccc2C1)c1ccc(Oc2ccccc2)cc1,0.8333333333333335,1,0.9999022794360654
COc1cc2c(cc1OC)CN(CCNC(=O)c1ccccc1NC(=O)c1ccc(OCc3ccccc3)cc1)CC2,1,O=C(Nc1ccccc1C(=O)NCCN1CCc2ccccc2C1)c1ccc(OCc2ccccc2)cc1,COc1cc2c(cc1OC)CN(CCNC(=O)c1ccccc1NC(=O)c1ccc(Cc3ccccc3)cc1)CC2,1,O=C(Nc1ccccc1C(=O)NCCN1CCc2ccccc2C1)c1ccc(Cc2ccccc2)cc1,0.8333333333333335,1,0.9997346926041286
COc1cc2c(cc1OC)CN(CCNC(=O)c1ccccc1NC(=O)c1ccc(OCc3ccccc3)cc1)CC2,1,O=C(Nc1ccccc1C(=O)NCCN1CCc2ccccc2C1)c1ccc(OCc2ccccc2)cc1,COc1cc2c(cc1OC)CN(CCNC(=O)c1ccccc1NC(=O)c1ccc(-c3ccccc3)cc1)CC2,1,O=C(Nc1ccccc1C(=O)NCCN1CCc2ccccc2C1)c1ccc(-c2ccccc2)cc1,0.8090909090909091,1,0.9997454759018133
COc1cc2c(cc1OC)CN(CCNC(=O)c1ccccc1NC(=O)c1ccc(OCc3ccccc3)cc1)CC2,1,O=C(Nc1ccccc1C(=O)NCCN1CCc2ccccc2C1)c1ccc(OCc2ccccc2)cc1,COc1cc2c(cc1OC)CN(CCNC(=O)c1ccccc1NC(=O)c1ccc(Br)cc1)CC2,1,O=C(Nc1ccccc1C(=O)NCCN1CCc2ccccc2C1)c1ccccc1,0.7808955223880598,1,0.9999162749434218
COc1cccc(CCc2ccccc2OCCCCCN2CCN(c3ncccn3)CC2)c1,1,c1ccc(CCc2ccccc2OCCCCCN2CCN(c3ncccn3)CC2)cc1,COc1cccc(CCc2ccccc2OCCCN2CCN(c3ncccn3)CC2)c1,1,c1ccc(CCc2ccccc2OCCCN2CCN(c3ncccn3)CC2)cc1,0.9221360895779501,1,0.9991397399452929
COc1cccc(CCc2ccccc2OCCCCCN2CCN(c3ncccn3)CC2)c1,1,c1ccc(CCc2ccccc2OCCCCCN2CCN(c3ncccn3)CC2)cc1,COc1cccc(CCc2ccccc2OCCN2CCN(c3ncccn3)CC2)c1,1,c1ccc(CCc2ccccc2OCCN2CCN(c3ncccn3)CC2)cc1,0.8656236786469346,1,0.9991637804485178
COc1cccc(CCc2ccccc2OCCCCCN2CCN(c3ncccn3)CC2)c1,1,c1ccc(CCc2ccccc2OCCCCCN2CCN(c3ncccn3)CC2)cc1,COc1cccc(CCc2ccccc2OCCCCCN2CCN(C)CC2)c1,1,c1ccc(CCc2ccccc2OCCCCCN2CCNCC2)cc1,0.7663492063492063,1,0.994851240285705
COc1cccc(CCc2ccccc2OCCCCCN2CCN(c3ncccn3)CC2)c1,1,c1ccc(CCc2ccccc2OCCCCCN2CCN(c3ncccn3)CC2)cc1,COc1cccc(CCc2ccccc2OCCCCN2CCN(c3ccccc3OC)CC2)c1,1,c1ccc(CCc2ccccc2OCCCCN2CCN(c3ccccc3)CC2)cc1,0.752391713747646,1,0.9878561902314513
CC(C)(C)NC[C@H](O)COc1ccc(NC(=O)NC2CCCCC2)cc1,0,O=C(Nc1ccccc1)NC1CCCCC1,CC(=O)c1ccc(OC[C@@H](O)CNCCC(c2ccccc2)c2ccccc2)cc1,1,c1ccc(OCCCNCCC(c2ccccc2)c2ccccc2)cc1,0.36707692307692313,0,0.1362603177204627
CC(C)(C)NC[C@H](O)COc1ccc(NC(=O)NC2CCCCC2)cc1,0,O=C(Nc1ccccc1)NC1CCCCC1,O=C(CCc1ccccc1)c1ccccc1OC[C@H](O)CNC1CCCCC1,1,O=C(CCc1ccccc1)c1ccccc1OCCCNC1CCCCC1,0.3653267705769757,0,0.02249356131286522
CC(C)(C)NC[C@H](O)COc1ccc(NC(=O)NC2CCCCC2)cc1,0,O=C(Nc1ccccc1)NC1CCCCC1,O=C(CCc1ccccc1)c1ccccc1OC[C@@H](O)CNC1CCCCC1,1,O=C(CCc1ccccc1)c1ccccc1OCCCNC1CCCCC1,0.3653267705769757,0,0.02249356131286522
CC(C)(C)NC[C@H](O)COc1ccc(NC(=O)NC2CCCCC2)cc1,0,O=C(Nc1ccccc1)NC1CCCCC1,O=C(CCc1ccccc1)c1ccc(OC[C@@H](O)CNCCC(c2ccccc2)c2ccccc2)cc1,1,O=C(CCc1ccccc1)c1ccc(OCCCNCCC(c2ccccc2)c2ccccc2)cc1,0.32196139801773604,0,0.11964845498423565
COc1ccc2c(c1)CN(C(=O)CCN1CCC(Cc3ccccc3)CC1)CCS2,1,O=C(CCN1CCC(Cc2ccccc2)CC1)N1CCSc2ccccc2C1,COc1cccc(CCc2ccccc2OCCCCCN2CCN(C)CC2)c1,1,c1ccc(CCc2ccccc2OCCCCCN2CCNCC2)cc1,0.3527418891759977,1,0.979235192386027
COc1ccc2c(c1)CN(C(=O)CCN1CCC(Cc3ccccc3)CC1)CCS2,1,O=C(CCN1CCC(Cc2ccccc2)CC1)N1CCSc2ccccc2C1,COc1cccc(CCc2ccccc2OCCCN2CCc3ccccc3C2)c1,1,c1ccc(CCc2ccccc2OCCCN2CCc3ccccc3C2)cc1,0.3346031746031746,1,0.9124183544281859
COc1ccc2c(c1)CN(C(=O)CCN1CCC(Cc3ccccc3)CC1)CCS2,1,O=C(CCN1CCC(Cc2ccccc2)CC1)N1CCSc2ccccc2C1,COc1cccc(CCc2ccccc2OCCCN2CCN(c3ccccc3OC)CC2)c1,1,c1ccc(CCc2ccccc2OCCCN2CCN(c3ccccc3)CC2)cc1,0.332640218878249,1,0.968653572738675
COc1ccc2c(c1)CN(C(=O)CCN1CCC(Cc3ccccc3)CC1)CCS2,1,O=C(CCN1CCC(Cc2ccccc2)CC1)N1CCSc2ccccc2C1,COc1cccc(CCc2ccccc2OCCCCN2CCc3ccccc3C2)c1,1,c1ccc(CCc2ccccc2OCCCCN2CCc3ccccc3C2)cc1,0.32951406649616366,1,0.942612751716319
CCN(CC)CCOC(=O)c1cccc(-c2ccccc2)c1O,0,c1ccc(-c2ccccc2)cc1,CCCC(C(=O)OCCN(CC)CC)(c1ccccc1)c1ccccc1,1,c1ccc(Cc2ccccc2)cc1,0.4687782805429864,0,0.06710021641290412
CCN(CC)CCOC(=O)c1cccc(-c2ccccc2)c1O,0,c1ccc(-c2ccccc2)cc1,Cc1c(-c2ccccc2)oc2c(C(=O)OCCN3CCCCC3)cccc2c1=O,1,O=C(OCCN1CCCCC1)c1cccc2c(=O)cc(-c3ccccc3)oc12,0.3585882352941177,0,0.1938228336900839
CCN(CC)CCOC(=O)c1cccc(-c2ccccc2)c1O,0,c1ccc(-c2ccccc2)cc1,CCN(CC)C[C@@H](O)COc1ccccc1C(=O)c1ccccc1,1,O=C(c1ccccc1)c1ccccc1,0.33857949959644873,0,0.06386840513642109
CCN(CC)CCOC(=O)c1cccc(-c2ccccc2)c1O,0,c1ccc(-c2ccccc2)cc1,CCN(CC)C[C@@H](O)COc1ccccc1C(=O)CCc1ccccc1,1,O=C(CCc1ccccc1)c1ccccc1,0.31682539682539684,0,0.3316418916899111
Nc1ccc(-c2cc(C(F)(F)F)cc(C(F)(F)F)c2)cc1,1,c1ccc(-c2ccccc2)cc1,CNCC[C@@H](Oc1ccc(C(F)(F)F)cc1)c1ccccc1,1,c1ccc(COc2ccccc2)cc1,0.20099282956425815,1,0.6231341848675145
Nc1ccc(-c2cc(C(F)(F)F)cc(C(F)(F)F)c2)cc1,1,c1ccc(-c2ccccc2)cc1,COC(=O)/C=C/c1ccc(-c2nc(-c3ccc(N(C)C)cc3)c(-c3ccc(N)cc3)[nH]2)cc1,1,c1ccc(-c2nc(-c3ccccc3)c(-c3ccccc3)[nH]2)cc1,0.17303225806451614,1,0.756525592269134
Nc1ccc(-c2cc(C(F)(F)F)cc(C(F)(F)F)c2)cc1,1,c1ccc(-c2ccccc2)cc1,CC1(C)CN=C(NN=C(/C=C/c2ccc(C(F)(F)F)cc2)/C=C/c2ccc(C(F)(F)F)cc2)NC1,1,C(=Cc1ccccc1)C(C=Cc1ccccc1)=NNC1=NCCCN1,0.16761619190404797,1,0.8685316117641797
Nc1ccc(-c2cc(C(F)(F)F)cc(C(F)(F)F)c2)cc1,1,c1ccc(-c2ccccc2)cc1,O=C(CCc1ccccc1)c1ccccc1OC[C@@H](O)CNc1ccc(C(F)(F)F)cc1,1,O=C(CCc1ccccc1)c1ccccc1OCCCNc1ccccc1,0.16645962732919256,1,0.8623680621916329
Nc1ccc(S(=O)(=O)Nc2ccc3nccnc3c2)cc1,0,O=S(=O)(Nc1ccc2nccnc2c1)c1ccccc1,COc1cc2c(cc1OC)[C@H]1CN(C)CC[C@H]1N=C2c1ccc(NS(=O)(=O)c2ccc(C)cc2)cc1,1,O=S(=O)(Nc1ccc(C2=NC3CCNCC3c3ccccc32)cc1)c1ccccc1,0.24976700838769805,0,0.0006238676188326824
Nc1ccc(S(=O)(=O)Nc2ccc3nccnc3c2)cc1,0,O=S(=O)(Nc1ccc2nccnc2c1)c1ccccc1,NCc1ccc(S(N)(=O)=O)cc1,1,c1ccccc1,0.22474747474747478,0,0.0003263121417090596
Nc1ccc(S(=O)(=O)Nc2ccc3nccnc3c2)cc1,0,O=S(=O)(Nc1ccc2nccnc2c1)c1ccccc1,Nc1ccc(-c2cc(C(F)(F)F)cc(C(F)(F)F)c2)cc1,1,c1ccc(-c2ccccc2)cc1,0.2015217391304348,0,0.00015777800801909577
Nc1ccc(S(=O)(=O)Nc2ccc3nccnc3c2)cc1,0,O=S(=O)(Nc1ccc2nccnc2c1)c1ccccc1,COc1cc2c(cc1OC)CN(CCc1ccc(NC(=O)c3cnc4ccccc4n3)cc1)CC2,1,O=C(Nc1ccc(CCN2CCc3ccccc3C2)cc1)c1cnc2ccccc2n1,0.18785714285714286,0,0.0005349137547086079
CCN1CCC[C@H]1CNC(=O)c1cc(S(N)(=O)=O)ccc1OC,0,O=C(NCC1CCCN1)c1ccccc1,CCN(CC)CCNC(=O)c1cc(S(C)(=O)=O)ccc1OC,1,c1ccccc1,0.46627906976744193,0,0.0046540012254652225
CCN1CCC[C@H]1CNC(=O)c1cc(S(N)(=O)=O)ccc1OC,0,O=C(NCC1CCCN1)c1ccccc1,COc1cc2c(cc1OC)CN(CCNC(=O)c1ccccc1NC(=O)c1ccc(C3CCCCC3)cc1)CC2,1,O=C(Nc1ccccc1C(=O)NCCN1CCc2ccccc2C1)c1ccc(C2CCCCC2)cc1,0.29501466275659827,0,0.13595224696226005
CCN1CCC[C@H]1CNC(=O)c1cc(S(N)(=O)=O)ccc1OC,0,O=C(NCC1CCCN1)c1ccccc1,CCCc1ccc(C(=O)Nc2ccccc2C(=O)NCCN2CCc3cc(OC)c(OC)cc3C2)cc1,1,O=C(Nc1ccccc1C(=O)NCCN1CCc2ccccc2C1)c1ccccc1,0.2894603545684785,0,0.03151329931094374
CCN1CCC[C@H]1CNC(=O)c1cc(S(N)(=O)=O)ccc1OC,0,O=C(NCC1CCCN1)c1ccccc1,COc1cc2c(cc1OC)CN(CCNC(=O)c1ccccc1NC(=O)c1ccc(OC3CCCCC3)cc1)CC2,1,O=C(Nc1ccccc1C(=O)NCCN1CCc2ccccc2C1)c1ccc(OC2CCCCC2)cc1,0.2888888888888889,0,0.0709547026287528
OCCN(CCO)c1nc(N2CCOCC2)c2nc(N(CCO)CCO)nc(N3CCOCC3)c2n1,0,c1nc(N2CCOCC2)c2ncnc(N3CCOCC3)c2n1,CN(C)c1ccc(-c2nc(-c3ccc(/C=C/CN4CCOCC4)cc3)[nH]c2-c2ccc(N(C)C)cc2)cc1,1,C(=Cc1ccc(-c2nc(-c3ccccc3)c(-c3ccccc3)[nH]2)cc1)CN1CCOCC1,0.19521435692921235,0,0.024478778481516774
OCCN(CCO)c1nc(N2CCOCC2)c2nc(N(CCO)CCO)nc(N3CCOCC3)c2n1,0,c1nc(N2CCOCC2)c2ncnc(N3CCOCC3)c2n1,CCOC/C=C/c1ccc(-c2ncc(-c3ccc(N4CCOCC4)cc3)[nH]2)cc1,1,c1ccc(-c2ncc(-c3ccc(N4CCOCC4)cc3)[nH]2)cc1,0.1922340716434236,0,0.02032091978383002
OCCN(CCO)c1nc(N2CCOCC2)c2nc(N(CCO)CCO)nc(N3CCOCC3)c2n1,0,c1nc(N2CCOCC2)c2ncnc(N3CCOCC3)c2n1,Clc1ccccc1-c1nc(N2CCCC2)c2ccccc2n1,1,c1ccc(-c2nc(N3CCCC3)c3ccccc3n2)cc1,0.18201754385964913,0,4.246345711641233e-05
OCCN(CCO)c1nc(N2CCOCC2)c2nc(N(CCO)CCO)nc(N3CCOCC3)c2n1,0,c1nc(N2CCOCC2)c2ncnc(N3CCOCC3)c2n1,O=c1c2ccccc2n(CCCN2CCOCC2)c2ccccc12,1,O=c1c2ccccc2n(CCCN2CCOCC2)c2ccccc12,0.1811550151975684,0,2.889360432689322e-05
c1nc(N2CCOCC2)c2ncnc(N3CCOCC3)c2n1,0,c1nc(N2CCOCC2)c2ncnc(N3CCOCC3)c2n1,N#Cc1c2n(c3c(N4CCN(CCc5ccccc5)CC4)ncnc13)CCCC2,1,c1ccc(CCN2CCN(c3ncnc4cc5n(c34)CCCC5)CC2)cc1,0.2672196177425171,0,0.0185578158340744
c1nc(N2CCOCC2)c2ncnc(N3CCOCC3)c2n1,0,c1nc(N2CCOCC2)c2ncnc(N3CCOCC3)c2n1,N#Cc1c2n(c3c(N4CCN(CCCc5ccccc5)CC4)ncnc13)CCCC2,1,c1ccc(CCCN2CCN(c3ncnc4cc5n(c34)CCCC5)CC2)cc1,0.26480641785838854,0,0.029594996437010176
c1nc(N2CCOCC2)c2ncnc(N3CCOCC3)c2n1,0,c1nc(N2CCOCC2)c2ncnc(N3CCOCC3)c2n1,N#Cc1c2n(c3c(N4CCN(CCc5ccc(Cl)cc5)CC4)ncnc13)CCCC2,1,c1ccc(CCN2CCN(c3ncnc4cc5n(c34)CCCC5)CC2)cc1,0.25882352941176473,0,0.01753150211635275
c1nc(N2CCOCC2)c2ncnc(N3CCOCC3)c2n1,0,c1nc(N2CCOCC2)c2ncnc(N3CCOCC3)c2n1,O=C(c1ccccc1)c1c2n(c3c(N4CCN(CCc5ccccc5)CC4)ncnc13)CCCC2,1,O=C(c1ccccc1)c1c2n(c3c(N4CCN(CCc5ccccc5)CC4)ncnc13)CCCC2,0.2579458012713282,0,0.02196448228918867
C=C[C@@H]1CN2CC[C@@H]1C[C@@H]2[C@@H](O)c1ccnc2ccc(OC)cc12,1,c1ccc2c(CC3CC4CCN3CC4)ccnc2c1,C=C[C@H]1CN2CC[C@H]1C[C@H]2[C@H](O)c1ccnc2ccc(OC)cc12,1,c1ccc2c(CC3CC4CCN3CC4)ccnc2c1,1.0,1,0.9373549104603386
C=C[C@@H]1CN2CC[C@@H]1C[C@@H]2[C@@H](O)c1ccnc2ccc(OC)cc12,1,c1ccc2c(CC3CC4CCN3CC4)ccnc2c1,O[C@H](COc1cccc2ncccc12)CN1CCN(C2c3ccccc3[C@H]3C[C@H]3c3ccccc32)CC1,1,c1ccc2c(c1)C1CC1c1ccccc1C2N1CCN(CCCOc2cccc3ncccc23)CC1,0.2525647623949219,1,0.9653779331433507
C=C[C@@H]1CN2CC[C@@H]1C[C@@H]2[C@@H](O)c1ccnc2ccc(OC)cc12,1,c1ccc2c(CC3CC4CCN3CC4)ccnc2c1,O[C@@H](COc1cccc2ncccc12)CN1CCN(C2c3ccccc3CCc3ccccc32)CC1,1,c1ccc2c(c1)CCc1ccccc1C2N1CCN(CCCOc2cccc3ncccc23)CC1,0.23939393939393938,1,0.9650153180736867
C=C[C@@H]1CN2CC[C@@H]1C[C@@H]2[C@@H](O)c1ccnc2ccc(OC)cc12,1,c1ccc2c(CC3CC4CCN3CC4)ccnc2c1,O=C(C(c1ccccc1)c1ccccc1)N1CCN(C[C@H](O)COc2cccc3ncccc23)CC1,1,O=C(C(c1ccccc1)c1ccccc1)N1CCN(CCCOc2cccc3ncccc23)CC1,0.23405898876404496,1,0.8666107278276736
C=C[C@H]1CN2CC[C@H]1C[C@H]2[C@H](O)c1ccnc2ccc(OC)cc12,1,c1ccc2c(CC3CC4CCN3CC4)ccnc2c1,C=C[C@@H]1CN2CC[C@@H]1C[C@@H]2[C@@H](O)c1ccnc2ccc(OC)cc12,1,c1ccc2c(CC3CC4CCN3CC4)ccnc2c1,1.0,1,0.9373549104603386
C=C[C@H]1CN2CC[C@H]1C[C@H]2[C@H](O)c1ccnc2ccc(OC)cc12,1,c1ccc2c(CC3CC4CCN3CC4)ccnc2c1,O[C@H](COc1cccc2ncccc12)CN1CCN(C2c3ccccc3[C@H]3C[C@H]3c3ccccc32)CC1,1,c1ccc2c(c1)C1CC1c1ccccc1C2N1CCN(CCCOc2cccc3ncccc23)CC1,0.2525647623949219,1,0.9653779331433507
C=C[C@H]1CN2CC[C@H]1C[C@H]2[C@H](O)c1ccnc2ccc(OC)cc12,1,c1ccc2c(CC3CC4CCN3CC4)ccnc2c1,O[C@@H](COc1cccc2ncccc12)CN1CCN(C2c3ccccc3CCc3ccccc32)CC1,1,c1ccc2c(c1)CCc1ccccc1C2N1CCN(CCCOc2cccc3ncccc23)CC1,0.23939393939393938,1,0.9650153180736867
C=C[C@H]1CN2CC[C@H]1C[C@H]2[C@H](O)c1ccnc2ccc(OC)cc12,1,c1ccc2c(CC3CC4CCN3CC4)ccnc2c1,O=C(C(c1ccccc1)c1ccccc1)N1CCN(C[C@H](O)COc2cccc3ncccc23)CC1,1,O=C(C(c1ccccc1)c1ccccc1)N1CCN(CCCOc2cccc3ncccc23)CC1,0.23405898876404496,1,0.8666107278276736
C=C1[C@@H](O)[C@@]23C[C@@H]1[C@H](O)C[C@H]2[C@]12[C@H](O)CC[C@@]4(C)CN(CC)[C@@H]1[C@@H]3C[C@H]42,0,C=C1CC23CC1CCC2C12CCCC4CNC1C3CC42,C[C@@]12CC[C@@H]3C(CCC4=CC(=O)CC[C@]43C)[C@H]1CC[C@H]2O,1,O=C1C=C2CCC3C4CCCC4CCC3C2CC1,0.18612876485216912,0,0.0015070199195410092
C=C1[C@@H](O)[C@@]23C[C@@H]1[C@H](O)C[C@H]2[C@]12[C@H](O)CC[C@@]4(C)CN(CC)[C@@H]1[C@@H]3C[C@H]42,0,C=C1CC23CC1CCC2C12CCCC4CNC1C3CC42,CC(=O)O[C@@H]1C[C@]2(C)[C@@H](C[C@@H](O)[C@@H]3[C@]4(C)CC[C@@H](O)[C@H](C)[C@H]4CC[C@]32C)/C1=C(\CCC=C(C)C)C(=O)O,1,C=C1CCC2C1CCC1C3CCCCC3CCC21,0.16498118147602683,0,0.004199023377412956
C=C1[C@@H](O)[C@@]23C[C@@H]1[C@H](O)C[C@H]2[C@]12[C@H](O)CC[C@@]4(C)CN(CC)[C@@H]1[C@@H]3C[C@H]42,0,C=C1CC23CC1CCC2C12CCCC4CNC1C3CC42,C[C@H]1C[C@@H]2[C@H]3CCC4=CC(=O)C=C[C@@]4(C)[C@]3(Cl)[C@@H](O)C[C@@]2(C)[C@@]1(OC(=O)c1ccco1)C(=O)CCl,1,O=C1C=CC2C(=C1)CCC1C2CCC2C(OC(=O)c3ccco3)CCC21,0.16,0,0.0007752197486111177
C=C1[C@@H](O)[C@@]23C[C@@H]1[C@H](O)C[C@H]2[C@]12[C@H](O)CC[C@@]4(C)CN(CC)[C@@H]1[C@@H]3C[C@H]42,0,C=C1CC23CC1CCC2C12CCCC4CNC1C3CC42,C[C@]12CC(=O)[C@@H]3[C@@H](CCC4=CC(=O)CC[C@H]43)[C@H]1CC[C@@]2(O)C(=O)CO,1,O=C1C=C2CCC3C4CCCC4CC(=O)C3C2CC1,0.14811165845648605,0,0.0010074040411447859
CO[C@@H](CCc1ccccc1)c1ccccc1OC[C@H](O)CNCCCC(c1ccccc1)c1ccccc1,1,c1ccc(CCCc2ccccc2OCCCNCCCC(c2ccccc2)c2ccccc2)cc1,O=C(CCc1ccccc1)c1ccccc1OC[C@H](O)CNCCCC(c1ccccc1)c1ccccc1,1,O=C(CCc1ccccc1)c1ccccc1OCCCNCCCC(c1ccccc1)c1ccccc1,0.6566666666666667,1,0.9999832996234298
CO[C@@H](CCc1ccccc1)c1ccccc1OC[C@H](O)CNCCCC(c1ccccc1)c1ccccc1,1,c1ccc(CCCc2ccccc2OCCCNCCCC(c2ccccc2)c2ccccc2)cc1,CO[C@@H](CCc1ccccc1)c1ccccc1OC[C@@H](O)CN(C(C)C)C(C)C,1,c1ccc(CCCc2ccccc2)cc1,0.5832512315270936,1,0.9995039757052511
CO[C@@H](CCc1ccccc1)c1ccccc1OC[C@H](O)CNCCCC(c1ccccc1)c1ccccc1,1,c1ccc(CCCc2ccccc2OCCCNCCCC(c2ccccc2)c2ccccc2)cc1,CCCN(CCC)C[C@@H](O)COc1ccccc1[C@H](CCc1ccccc1)OC,1,c1ccc(CCCc2ccccc2)cc1,0.5832512315270936,1,0.9993394417171746
CO[C@@H](CCc1ccccc1)c1ccccc1OC[C@H](O)CNCCCC(c1ccccc1)c1ccccc1,1,c1ccc(CCCc2ccccc2OCCCNCCCC(c2ccccc2)c2ccccc2)cc1,CO[C@H](CCc1ccccc1)c1ccccc1OC[C@H](O)CN1CCCCC1,1,c1ccc(CCCc2ccccc2OCCCN2CCCCC2)cc1,0.5601873536299766,1,0.9998992019243634
COc1cc2c(cc1OC)CN(CCNC(=O)c1ccccc1NC(=O)c1cc3ccccc3cn1)CC2,1,O=C(Nc1ccccc1C(=O)NCCN1CCc2ccccc2C1)c1cc2ccccc2cn1,COc1cc2c(cc1OC)CN(CCNC(=O)c1ccccc1NC(=O)c1ccc3ccccc3n1)CC2,1,O=C(Nc1ccccc1C(=O)NCCN1CCc2ccccc2C1)c1ccc2ccccc2n1,0.7731134432783608,1,0.9990321099643967
COc1cc2c(cc1OC)CN(CCNC(=O)c1ccccc1NC(=O)c1cc3ccccc3cn1)CC2,1,O=C(Nc1ccccc1C(=O)NCCN1CCc2ccccc2C1)c1cc2ccccc2cn1,COc1cc2c(cc1OC)CN(CCNC(=O)c1ccccc1NC(=O)c1ccc3ccccc3c1)CC2,1,O=C(Nc1ccccc1C(=O)NCCN1CCc2ccccc2C1)c1ccc2ccccc2c1,0.7555555555555556,1,0.9962111389054732
COc1cc2c(cc1OC)CN(CCNC(=O)c1ccccc1NC(=O)c1cc3ccccc3cn1)CC2,1,O=C(Nc1ccccc1C(=O)NCCN1CCc2ccccc2C1)c1cc2ccccc2cn1,COc1cc2c(cc1OC)CN(CCc1ccc(NC(=O)c3cc4ccccc4cn3)cc1)CC2,1,O=C(Nc1ccc(CCN2CCc3ccccc3C2)cc1)c1cc2ccccc2cn1,0.7038080333854982,1,0.9887034586289918
COc1cc2c(cc1OC)CN(CCNC(=O)c1ccccc1NC(=O)c1cc3ccccc3cn1)CC2,1,O=C(Nc1ccccc1C(=O)NCCN1CCc2ccccc2C1)c1cc2ccccc2cn1,COc1cc2c(cc1OC)CN(CCNC(=O)c1ccccc1NC(=O)c1ccc(Oc3ccccc3)cc1)CC2,1,O=C(Nc1ccccc1C(=O)NCCN1CCc2ccccc2C1)c1ccc(Oc2ccccc2)cc1,0.6913983903420524,1,0.997561803667808
COc1cc2c(cc1OC)CN(CCNC(=O)c1ccccc1NC(=O)c1ccc3ccccc3c1)CC2,1,O=C(Nc1ccccc1C(=O)NCCN1CCc2ccccc2C1)c1ccc2ccccc2c1,COc1cc2c(cc1OC)CN(CCNC(=O)c1ccccc1NC(=O)c1ccc(Oc3ccccc3)cc1)CC2,1,O=C(Nc1ccccc1C(=O)NCCN1CCc2ccccc2C1)c1ccc(Oc2ccccc2)cc1,0.810212765957447,1,0.9992956732432051
COc1cc2c(cc1OC)CN(CCNC(=O)c1ccccc1NC(=O)c1ccc3ccccc3c1)CC2,1,O=C(Nc1ccccc1C(=O)NCCN1CCc2ccccc2C1)c1ccc2ccccc2c1,COc1cc2c(cc1OC)CN(CCNC(=O)c1ccccc1NC(=O)c1ccc(-c3ccccc3)cc1)CC2,1,O=C(Nc1ccccc1C(=O)NCCN1CCc2ccccc2C1)c1ccc(-c2ccccc2)cc1,0.8077127659574469,1,0.9995810386909296
COc1cc2c(cc1OC)CN(CCNC(=O)c1ccccc1NC(=O)c1ccc3ccccc3c1)CC2,1,O=C(Nc1ccccc1C(=O)NCCN1CCc2ccccc2C1)c1ccc2ccccc2c1,COc1cc2c(cc1OC)CN(CCNC(=O)c1ccccc1NC(=O)c1ccc(Br)cc1)CC2,1,O=C(Nc1ccccc1C(=O)NCCN1CCc2ccccc2C1)c1ccccc1,0.8007653061224491,1,0.9996190773030545
COc1cc2c(cc1OC)CN(CCNC(=O)c1ccccc1NC(=O)c1ccc3ccccc3c1)CC2,1,O=C(Nc1ccccc1C(=O)NCCN1CCc2ccccc2C1)c1ccc2ccccc2c1,COc1cc2c(cc1OC)CN(CCNC(=O)c1ccccc1NC(=O)c1ccc(C(C)(C)C)cc1)CC2,1,O=C(Nc1ccccc1C(=O)NCCN1CCc2ccccc2C1)c1ccccc1,0.7943589743589745,1,0.9997085561794834
CCCCNC[C@@H](O)Cn1c(C)c(C(=O)CCc2ccccc2)c(=O)n1-c1ccccc1,1,O=C(CCc1ccccc1)c1c[nH]n(-c2ccccc2)c1=O,CCCNC[C@H](O)Cn1c(C)c(C(=O)CCc2ccccc2)c(=O)n1-c1ccccc1,1,O=C(CCc1ccccc1)c1c[nH]n(-c2ccccc2)c1=O,0.9012422360248449,1,0.9776476418530518
CCCCNC[C@@H](O)Cn1c(C)c(C(=O)CCc2ccccc2)c(=O)n1-c1ccccc1,1,O=C(CCc1ccccc1)c1c[nH]n(-c2ccccc2)c1=O,Cc1c(C(=O)CCc2ccccc2)c(=O)n(-c2ccccc2)n1C[C@H](O)CNC(C)C,1,O=C(CCc1ccccc1)c1c[nH]n(-c2ccccc2)c1=O,0.7575000000000001,1,0.9500272797155429
CCCCNC[C@@H](O)Cn1c(C)c(C(=O)CCc2ccccc2)c(=O)n1-c1ccccc1,1,O=C(CCc1ccccc1)c1c[nH]n(-c2ccccc2)c1=O,Cc1c(C(=O)CCc2ccccc2)c(=O)n(-c2ccccc2)n1C[C@@H](O)CNC(C)(C)C,1,O=C(CCc1ccccc1)c1c[nH]n(-c2ccccc2)c1=O,0.7478825136612022,1,0.965662620351218
CCCCNC[C@@H](O)Cn1c(C)c(C(=O)CCc2ccccc2)c(=O)n1-c1ccccc1,1,O=C(CCc1ccccc1)c1c[nH]n(-c2ccccc2)c1=O,Cc1c(C(=O)c2ccccc2)c(=O)n(-c2ccccc2)n1C[C@H](O)CN(C(C)C)C(C)C,1,O=C(c1ccccc1)c1c[nH]n(-c2ccccc2)c1=O,0.4629514963880289,1,0.9591024823020166
Cc1c(C(=O)CCc2ccccc2)c(=O)n(-c2ccccc2)n1C[C@@H](O)CNC(C)(C)C,1,O=C(CCc1ccccc1)c1c[nH]n(-c2ccccc2)c1=O,Cc1c(C(=O)CCc2ccccc2)c(=O)n(-c2ccccc2)n1C[C@H](O)CNC(C)C,1,O=C(CCc1ccccc1)c1c[nH]n(-c2ccccc2)c1=O,0.7920119447555058,1,0.9160104672903439
Cc1c(C(=O)CCc2ccccc2)c(=O)n(-c2ccccc2)n1C[C@@H](O)CNC(C)(C)C,1,O=C(CCc1ccccc1)c1c[nH]n(-c2ccccc2)c1=O,CCCNC[C@H](O)Cn1c(C)c(C(=O)CCc2ccccc2)c(=O)n1-c1ccccc1,1,O=C(CCc1ccccc1)c1c[nH]n(-c2ccccc2)c1=O,0.7710782545979085,1,0.9083738421884809
Cc1c(C(=O)CCc2ccccc2)c(=O)n(-c2ccccc2)n1C[C@@H](O)CNC(C)(C)C,1,O=C(CCc1ccccc1)c1c[nH]n(-c2ccccc2)c1=O,CCCCNC[C@@H](O)Cn1c(C)c(C(=O)CCc2ccccc2)c(=O)n1-c1ccccc1,1,O=C(CCc1ccccc1)c1c[nH]n(-c2ccccc2)c1=O,0.7478825136612022,1,0.9414521878006472
Cc1c(C(=O)CCc2ccccc2)c(=O)n(-c2ccccc2)n1C[C@@H](O)CNC(C)(C)C,1,O=C(CCc1ccccc1)c1c[nH]n(-c2ccccc2)c1=O,Cc1c(C(=O)c2ccccc2)c(=O)n(-c2ccccc2)n1C[C@H](O)CN(C(C)C)C(C)C,1,O=C(c1ccccc1)c1c[nH]n(-c2ccccc2)c1=O,0.4815384615384616,1,0.9633137610968022
CCCNC[C@H](O)Cn1c(C)c(C(=O)CCc2ccccc2)c(=O)n1-c1ccccc1,1,O=C(CCc1ccccc1)c1c[nH]n(-c2ccccc2)c1=O,CCCCNC[C@@H](O)Cn1c(C)c(C(=O)CCc2ccccc2)c(=O)n1-c1ccccc1,1,O=C(CCc1ccccc1)c1c[nH]n(-c2ccccc2)c1=O,0.9012422360248449,1,0.9418001230098842
CCCNC[C@H](O)Cn1c(C)c(C(=O)CCc2ccccc2)c(=O)n1-c1ccccc1,1,O=C(CCc1ccccc1)c1c[nH]n(-c2ccccc2)c1=O,Cc1c(C(=O)CCc2ccccc2)c(=O)n(-c2ccccc2)n1C[C@H](O)CNC(C)C,1,O=C(CCc1ccccc1)c1c[nH]n(-c2ccccc2)c1=O,0.7813646368305209,1,0.9242120107081838
CCCNC[C@H](O)Cn1c(C)c(C(=O)CCc2ccccc2)c(=O)n1-c1ccccc1,1,O=C(CCc1ccccc1)c1c[nH]n(-c2ccccc2)c1=O,Cc1c(C(=O)CCc2ccccc2)c(=O)n(-c2ccccc2)n1C[C@@H](O)CNC(C)(C)C,1,O=C(CCc1ccccc1)c1c[nH]n(-c2ccccc2)c1=O,0.7710782545979085,1,0.9182684130153553
CCCNC[C@H](O)Cn1c(C)c(C(=O)CCc2ccccc2)c(=O)n1-c1ccccc1,1,O=C(CCc1ccccc1)c1c[nH]n(-c2ccccc2)c1=O,CCCNC[C@@H](O)COc1ccccc1C(=O)CCc1ccccc1,1,O=C(CCc1ccccc1)c1ccccc1,0.4997285067873304,1,0.8782083471713894
Cc1c(C(=O)CCc2ccccc2)c(=O)n(-c2ccccc2)n1C[C@H](O)CNC(C)C,1,O=C(CCc1ccccc1)c1c[nH]n(-c2ccccc2)c1=O,Cc1c(C(=O)CCc2ccccc2)c(=O)n(-c2ccccc2)n1C[C@@H](O)CNC(C)(C)C,1,O=C(CCc1ccccc1)c1c[nH]n(-c2ccccc2)c1=O,0.7920119447555058,1,0.9349975963858912
Cc1c(C(=O)CCc2ccccc2)c(=O)n(-c2ccccc2)n1C[C@H](O)CNC(C)C,1,O=C(CCc1ccccc1)c1c[nH]n(-c2ccccc2)c1=O,CCCNC[C@H](O)Cn1c(C)c(C(=O)CCc2ccccc2)c(=O)n1-c1ccccc1,1,O=C(CCc1ccccc1)c1c[nH]n(-c2ccccc2)c1=O,0.7813646368305209,1,0.9378511112585435
Cc1c(C(=O)CCc2ccccc2)c(=O)n(-c2ccccc2)n1C[C@H](O)CNC(C)C,1,O=C(CCc1ccccc1)c1c[nH]n(-c2ccccc2)c1=O,CCCCNC[C@@H](O)Cn1c(C)c(C(=O)CCc2ccccc2)c(=O)n1-c1ccccc1,1,O=C(CCc1ccccc1)c1c[nH]n(-c2ccccc2)c1=O,0.7575000000000001,1,0.9408180893064843
Cc1c(C(=O)CCc2ccccc2)c(=O)n(-c2ccccc2)n1C[C@H](O)CNC(C)C,1,O=C(CCc1ccccc1)c1c[nH]n(-c2ccccc2)c1=O,Cc1c(C(=O)c2ccccc2)c(=O)n(-c2ccccc2)n1C[C@H](O)CN(C(C)C)C(C)C,1,O=C(c1ccccc1)c1c[nH]n(-c2ccccc2)c1=O,0.5063492063492063,1,0.894960073107219
CCN(CCCCOC(=O)c1ccc(OC)c(OC)c1)[C@@H](C)Cc1ccc(OC)cc1,0,O=C(OCCCCNCCc1ccccc1)c1ccccc1,COc1ccc(CCN(C)CCC[C@@](C#N)(c2ccc(OC)c(OC)c2)C(C)C)cc1OC,1,c1ccc(CCCCNCCc2ccccc2)cc1,0.3098484848484848,0,0.3831071019857053
CCN(CCCCOC(=O)c1ccc(OC)c(OC)c1)[C@@H](C)Cc1ccc(OC)cc1,0,O=C(OCCCCNCCc1ccccc1)c1ccccc1,COc1ccc(CCN(C)CCC[C@@](C#N)(c2cc(OC)c(OC)c(OC)c2)C(C)C)cc1OC,1,c1ccc(CCCCNCCc2ccccc2)cc1,0.299795918367347,0,0.40327222229112225
CCN(CCCCOC(=O)c1ccc(OC)c(OC)c1)[C@@H](C)Cc1ccc(OC)cc1,0,O=C(OCCCCNCCc1ccccc1)c1ccccc1,COc1cc([C@](C#N)(CCCN(C)CCc2ccc(OC)c(OC)c2)C(C)C)ccc1O,1,c1ccc(CCCCNCCc2ccccc2)cc1,0.2961156278229449,0,0.498287734141708
CCN(CCCCOC(=O)c1ccc(OC)c(OC)c1)[C@@H](C)Cc1ccc(OC)cc1,0,O=C(OCCCCNCCc1ccccc1)c1ccccc1,COc1ccc(CCN(C)CCCN2C(=O)[C@H]3C4c5ccccc5C(c5ccccc54)[C@@H]3C2=O)cc1OC,1,O=C1C2C3c4ccccc4C(c4ccccc43)C2C(=O)N1CCCNCCc1ccccc1,0.2908424908424908,0,0.18698838090672737
Nc1ccc(S(=O)(=O)Nc2ccc(Cl)nn2)cc1,0,O=S(=O)(Nc1cccnn1)c1ccccc1,NCc1ccc(S(N)(=O)=O)cc1,1,c1ccccc1,0.2342857142857143,0,1.0867616360392319e-05
Nc1ccc(S(=O)(=O)Nc2ccc(Cl)nn2)cc1,0,O=S(=O)(Nc1cccnn1)c1ccccc1,COc1cc2c(cc1OC)[C@H]1CN(C)CC[C@H]1N=C2c1ccc(NS(=O)(=O)c2ccc(C)cc2)cc1,1,O=S(=O)(Nc1ccc(C2=NC3CCNCC3c3ccccc32)cc1)c1ccccc1,0.199344262295082,0,2.765611748180039e-05
Nc1ccc(S(=O)(=O)Nc2ccc(Cl)nn2)cc1,0,O=S(=O)(Nc1cccnn1)c1ccccc1,Nc1ccc(-c2cc(C(F)(F)F)cc(C(F)(F)F)c2)cc1,1,c1ccc(-c2ccccc2)cc1,0.19485380116959064,0,2.0645469635843672e-05
Nc1ccc(S(=O)(=O)Nc2ccc(Cl)nn2)cc1,0,O=S(=O)(Nc1cccnn1)c1ccccc1,COC(=O)/C=C/c1ccc(-c2nc(-c3ccc(N(C)C)cc3)c(-c3ccc(N)cc3)[nH]2)cc1,1,c1ccc(-c2nc(-c3ccccc3)c(-c3ccccc3)[nH]2)cc1,0.17054187192118228,0,0.000250805678180284
COc1ccc([C@H]2Nc3ccccc3C(=O)N2c2ccc(Oc3ccccc3)cc2)cc1,1,O=C1c2ccccc2NC(c2ccccc2)N1c1ccc(Oc2ccccc2)cc1,CC[C@@H](C)c1ccc(N2C(=O)c3ccccc3N[C@@H]2c2ccc(OC)cc2)cc1,1,O=C1c2ccccc2NC(c2ccccc2)N1c1ccccc1,0.7184905660377359,1,0.9967470152673001
COc1ccc([C@H]2Nc3ccccc3C(=O)N2c2ccc(Oc3ccccc3)cc2)cc1,1,O=C1c2ccccc2NC(c2ccccc2)N1c1ccc(Oc2ccccc2)cc1,CCc1ccc(N2C(=O)c3ccccc3N[C@@H]2c2ccc(OCC(C)C)cc2)cc1,1,O=C1c2ccccc2NC(c2ccccc2)N1c1ccccc1,0.5851724137931035,1,0.9923363978208546
COc1ccc([C@H]2Nc3ccccc3C(=O)N2c2ccc(Oc3ccccc3)cc2)cc1,1,O=C1c2ccccc2NC(c2ccccc2)N1c1ccc(Oc2ccccc2)cc1,CC[C@@H](C)c1ccc(N2C(=O)c3ccccc3N[C@@H]2c2ccc(C(C)C)cc2)cc1,1,O=C1c2ccccc2NC(c2ccccc2)N1c1ccccc1,0.5563492063492064,1,0.9988593882506147
COc1ccc([C@H]2Nc3ccccc3C(=O)N2c2ccc(Oc3ccccc3)cc2)cc1,1,O=C1c2ccccc2NC(c2ccccc2)N1c1ccc(Oc2ccccc2)cc1,CC[C@H](C)c1ccc([C@@H]2Nc3ccccc3C(=O)N2c2ccc(Cl)cc2)cc1,1,O=C1c2ccccc2NC(c2ccccc2)N1c1ccccc1,0.5287931034482759,1,0.9888067841023426
Cc1cccc(N2CCN(C[C@H](O)COc3cccc(C(=O)CCc4ccccc4)c3)CC2)c1C,1,O=C(CCc1ccccc1)c1cccc(OCCCN2CCN(c3ccccc3)CC2)c1,Cc1ccccc1N1CCN(C[C@H](O)COc2cccc(C(=O)CCc3ccccc3)c2)CC1,1,O=C(CCc1ccccc1)c1cccc(OCCCN2CCN(c3ccccc3)CC2)c1,0.9050000000000001,1,0.9996875887615175
Cc1cccc(N2CCN(C[C@H](O)COc3cccc(C(=O)CCc4ccccc4)c3)CC2)c1C,1,O=C(CCc1ccccc1)c1cccc(OCCCN2CCN(c3ccccc3)CC2)c1,O=C(CCc1ccccc1)c1cccc(OC[C@H](O)CN2CCCCC2)c1,1,O=C(CCc1ccccc1)c1cccc(OCCCN2CCCCC2)c1,0.7201228878648234,1,0.9995541770756564
Cc1cccc(N2CCN(C[C@H](O)COc3cccc(C(=O)CCc4ccccc4)c3)CC2)c1C,1,O=C(CCc1ccccc1)c1cccc(OCCCN2CCN(c3ccccc3)CC2)c1,O=C(CCc1ccccc1)c1cccc(OC[C@H](O)CN2CCN(c3ccc(F)cc3)CC2)c1,1,O=C(CCc1ccccc1)c1cccc(OCCCN2CCN(c3ccccc3)CC2)c1,0.7167495854063018,1,0.9995802310806253
Cc1cccc(N2CCN(C[C@H](O)COc3cccc(C(=O)CCc4ccccc4)c3)CC2)c1C,1,O=C(CCc1ccccc1)c1cccc(OCCCN2CCN(c3ccccc3)CC2)c1,O=C(CCc1ccccc1)c1ccc(OC[C@H](O)CN2CCCCC2)cc1,1,O=C(CCc1ccccc1)c1ccc(OCCCN2CCCCC2)cc1,0.5961038961038961,1,0.9992779546760514
Cc1ccccc1N1CCN(C[C@H](O)COc2cccc(C(=O)CCc3ccccc3)c2)CC1,1,O=C(CCc1ccccc1)c1cccc(OCCCN2CCN(c3ccccc3)CC2)c1,Cc1cccc(N2CCN(C[C@H](O)COc3cccc(C(=O)CCc4ccccc4)c3)CC2)c1C,1,O=C(CCc1ccccc1)c1cccc(OCCCN2CCN(c3ccccc3)CC2)c1,0.9050000000000001,1,0.9993446751605399
Cc1ccccc1N1CCN(C[C@H](O)COc2cccc(C(=O)CCc3ccccc3)c2)CC1,1,O=C(CCc1ccccc1)c1cccc(OCCCN2CCN(c3ccccc3)CC2)c1,O=C(CCc1ccccc1)c1cccc(OC[C@H](O)CN2CCCCC2)c1,1,O=C(CCc1ccccc1)c1cccc(OCCCN2CCCCC2)c1,0.7427642276422765,1,0.9987232314927522
Cc1ccccc1N1CCN(C[C@H](O)COc2cccc(C(=O)CCc3ccccc3)c2)CC1,1,O=C(CCc1ccccc1)c1cccc(OCCCN2CCN(c3ccccc3)CC2)c1,O=C(CCc1ccccc1)c1cccc(OC[C@H](O)CN2CCN(c3ccc(F)cc3)CC2)c1,1,O=C(CCc1ccccc1)c1cccc(OCCCN2CCN(c3ccccc3)CC2)c1,0.7375524475524475,1,0.9993967633748254
Cc1ccccc1N1CCN(C[C@H](O)COc2cccc(C(=O)CCc3ccccc3)c2)CC1,1,O=C(CCc1ccccc1)c1cccc(OCCCN2CCN(c3ccccc3)CC2)c1,COc1ccc(OCC[C@@H](O)CN2CCN(c3ccccc3C)CC2)c(C(=O)CCc2ccccc2)c1,1,O=C(CCc1ccccc1)c1ccccc1OCCCCN1CCN(c2ccccc2)CC1,0.6377473363774734,1,0.9952974121544069
O=C(CCc1ccccc1)c1cccc(OC[C@H](O)CN2CCN(c3ccc(F)cc3)CC2)c1,1,O=C(CCc1ccccc1)c1cccc(OCCCN2CCN(c3ccccc3)CC2)c1,Cc1ccccc1N1CCN(C[C@H](O)COc2cccc(C(=O)CCc3ccccc3)c2)CC1,1,O=C(CCc1ccccc1)c1cccc(OCCCN2CCN(c3ccccc3)CC2)c1,0.7375524475524475,1,0.9993102339815748
O=C(CCc1ccccc1)c1cccc(OC[C@H](O)CN2CCN(c3ccc(F)cc3)CC2)c1,1,O=C(CCc1ccccc1)c1cccc(OCCCN2CCN(c3ccccc3)CC2)c1,O=C(CCc1ccccc1)c1cccc(OC[C@H](O)CN2CCCCC2)c1,1,O=C(CCc1ccccc1)c1cccc(OCCCN2CCCCC2)c1,0.7321212121212122,1,0.9990051424331484
O=C(CCc1ccccc1)c1cccc(OC[C@H](O)CN2CCN(c3ccc(F)cc3)CC2)c1,1,O=C(CCc1ccccc1)c1cccc(OCCCN2CCN(c3ccccc3)CC2)c1,Cc1cccc(N2CCN(C[C@H](O)COc3cccc(C(=O)CCc4ccccc4)c3)CC2)c1C,1,O=C(CCc1ccccc1)c1cccc(OCCCN2CCN(c3ccccc3)CC2)c1,0.7167495854063018,1,0.9988103693605991
O=C(CCc1ccccc1)c1cccc(OC[C@H](O)CN2CCN(c3ccc(F)cc3)CC2)c1,1,O=C(CCc1ccccc1)c1cccc(OCCCN2CCN(c3ccccc3)CC2)c1,O[C@H](COc1ccccc1[C@@H](O)CCc1ccccc1)CN1CCN(c2ccc(F)cc2)CC1,1,c1ccc(CCCc2ccccc2OCCCN2CCN(c3ccccc3)CC2)cc1,0.6178455548345231,1,0.9992750226131475
CCN(CC)c1ccc2[nH]c3c(C(=N)O)cc(=O)c(=O)c=3oc2c1,0,O=c1ccc2[nH]c3ccccc3oc=2c1=O,CCN(CC)c1ccc(-c2nc(-c3ccc(/C=C/C(=O)OC)cc3)[nH]c2-c2ccc(N(CC)CC)cc2)cc1,1,c1ccc(-c2nc(-c3ccccc3)c(-c3ccccc3)[nH]2)cc1,0.24661654135338346,0,0.04057932222400834
CCN(CC)c1ccc2[nH]c3c(C(=N)O)cc(=O)c(=O)c=3oc2c1,0,O=c1ccc2[nH]c3ccccc3oc=2c1=O,CCN(CC)c1ccc(-c2nc(-c3ccc(/C=C/C(=O)OC)cc3)[nH]c2-c2ccc(N)cc2)cc1,1,c1ccc(-c2nc(-c3ccccc3)c(-c3ccccc3)[nH]2)cc1,0.23071895424836603,0,0.015738587175222116
CCN(CC)c1ccc2[nH]c3c(C(=N)O)cc(=O)c(=O)c=3oc2c1,0,O=c1ccc2[nH]c3ccccc3oc=2c1=O,CCN(CC)c1ccc(-c2nc(-c3ccc(/C=C/C(=O)OC)cc3)[nH]c2-c2ccc(NC)cc2)cc1,1,c1ccc(-c2nc(-c3ccccc3)c(-c3ccccc3)[nH]2)cc1,0.22703832752613243,0,0.041508084904229026
CCN(CC)c1ccc2[nH]c3c(C(=N)O)cc(=O)c(=O)c=3oc2c1,0,O=c1ccc2[nH]c3ccccc3oc=2c1=O,CCOC/C=C/c1ccc(-c2ncc(-c3ccc(N(CC)CC)cc3)[nH]2)cc1,1,c1ccc(-c2cnc(-c3ccccc3)[nH]2)cc1,0.22640437158469948,0,0.003972028000830333
COc1cc2c(cc1OC)CN(CCc1ccc(NC(=O)c3cnc4ccccc4n3)cc1)CC2,1,O=C(Nc1ccc(CCN2CCc3ccccc3C2)cc1)c1cnc2ccccc2n1,COc1cc2c(cc1OC)CN(CCc1ccc(NC(=O)c3cc4ccccc4cn3)cc1)CC2,1,O=C(Nc1ccc(CCN2CCc3ccccc3C2)cc1)c1cc2ccccc2cn1,0.7615780445969125,1,0.9888618102663832
COc1cc2c(cc1OC)CN(CCc1ccc(NC(=O)c3cnc4ccccc4n3)cc1)CC2,1,O=C(Nc1ccc(CCN2CCc3ccccc3C2)cc1)c1cnc2ccccc2n1,COc1cc2c(cc1OC)CN(CCc1ccc(NC(=O)c3ccccc3NC(=O)c3ccc4ccccc4n3)cc1)CC2,1,O=C(Nc1ccccc1C(=O)Nc1ccc(CCN2CCc3ccccc3C2)cc1)c1ccc2ccccc2n1,0.7208064099250453,1,0.9952882409470437
COc1cc2c(cc1OC)CN(CCc1ccc(NC(=O)c3cnc4ccccc4n3)cc1)CC2,1,O=C(Nc1ccc(CCN2CCc3ccccc3C2)cc1)c1cnc2ccccc2n1,COc1cc2c(cc1OC)CN(CCc1ccc(NC(=O)c3ccccc3NC(=O)c3cnc4ccccc4c3)cc1)CC2,1,O=C(Nc1ccccc1C(=O)Nc1ccc(CCN2CCc3ccccc3C2)cc1)c1cnc2ccccc2c1,0.6991111111111112,1,0.9961594882876932
COc1cc2c(cc1OC)CN(CCc1ccc(NC(=O)c3cnc4ccccc4n3)cc1)CC2,1,O=C(Nc1ccc(CCN2CCc3ccccc3C2)cc1)c1cnc2ccccc2n1,COc1cc2c(cc1OC)CN(CCc1ccc(NC(=O)c3ccccc3NC(=O)c3ccccn3)cc1)CC2,1,O=C(Nc1ccccc1C(=O)Nc1ccc(CCN2CCc3ccccc3C2)cc1)c1ccccn1,0.6905982905982907,1,0.9936354740087533
COc1cccc(CCc2ccccc2OCCCCCN2CCN(C)CC2)c1,1,c1ccc(CCc2ccccc2OCCCCCN2CCNCC2)cc1,COc1cccc(CCc2ccccc2OCCCCN2CCN(c3ccccc3OC)CC2)c1,1,c1ccc(CCc2ccccc2OCCCCN2CCN(c3ccccc3)CC2)cc1,0.7793006993006993,1,0.9182188533070099
COc1cccc(CCc2ccccc2OCCCCCN2CCN(C)CC2)c1,1,c1ccc(CCc2ccccc2OCCCCCN2CCNCC2)cc1,COc1cccc(CCc2ccccc2OCCCCCN2CCN(c3ncccn3)CC2)c1,1,c1ccc(CCc2ccccc2OCCCCCN2CCN(c3ncccn3)CC2)cc1,0.7663492063492063,1,0.956299521130748
COc1cccc(CCc2ccccc2OCCCCCN2CCN(C)CC2)c1,1,c1ccc(CCc2ccccc2OCCCCCN2CCNCC2)cc1,COc1cccc(CCc2ccccc2OCCCCCN2CCc3ccccc3C2)c1,1,c1ccc(CCc2ccccc2OCCCCCN2CCc3ccccc3C2)cc1,0.7606271777003485,1,0.8583966794976764
COc1cccc(CCc2ccccc2OCCCCCN2CCN(C)CC2)c1,1,c1ccc(CCc2ccccc2OCCCCCN2CCNCC2)cc1,COc1cccc(CCc2ccccc2OCCCCN2CCN(c3ccc(F)cc3)CC2)c1,1,c1ccc(CCc2ccccc2OCCCCN2CCN(c3ccccc3)CC2)cc1,0.7430436556507549,1,0.9649919505454183
C=C(C)[C@H]1[C@@H]2OC(=O)[C@@H]1[C@@]1(O)C[C@@H]3O[C@]34C(=O)O[C@H]2[C@]41C,0,O=C1OC2CC1C1CC3OC34C(=O)OC2C14,CCCCCCC[C@H]1OC(=O)C[C@@H](O)[C@H](Cc2ccccc2)N(C)C(=O)C(C)(C)OC(=O)[C@H]1C,1,O=C1COC(=O)CCOC(=O)CCC(Cc2ccccc2)N1,0.16678321678321678,0,0.0033862984447191
C=C(C)[C@H]1[C@@H]2OC(=O)[C@@H]1[C@@]1(O)C[C@@H]3O[C@]34C(=O)O[C@H]2[C@]41C,0,O=C1OC2CC1C1CC3OC34C(=O)OC2C14,CC[C@@H](C)C(=O)O[C@@H]1C[C@H](C)C=C2C=C[C@H](C)[C@H](CC[C@H]3C[C@H](O)CC(=O)O3)[C@H]21,1,O=C1CCCC(CCC2CC=CC3=CCCCC32)O1,0.15457875457875458,0,0.002260245686806607
C=C(C)[C@H]1[C@@H]2OC(=O)[C@@H]1[C@@]1(O)C[C@@H]3O[C@]34C(=O)O[C@H]2[C@]41C,0,O=C1OC2CC1C1CC3OC34C(=O)OC2C14,CCC(C)(C)C(=O)O[C@H]1C[C@H](C)C=C2C=C[C@@H](C)[C@H](CC[C@@H]3C[C@H](O)CC(=O)O3)[C@H]21,1,O=C1CCCC(CCC2CC=CC3=CCCCC32)O1,0.15419501133786848,0,0.0008725882971537858
C=C(C)[C@H]1[C@@H]2OC(=O)[C@@H]1[C@@]1(O)C[C@@H]3O[C@]34C(=O)O[C@H]2[C@]41C,0,O=C1OC2CC1C1CC3OC34C(=O)OC2C14,CC(C)[C@@H]1OC(=O)[C@@H](C)[C@@H](C)OC(=O)C[C@@H](O)[C@H](Cc2ccccc2)N(C)C1=O,1,O=C1COC(=O)CCOC(=O)CCC(Cc2ccccc2)N1,0.15352839931153184,0,0.002407238501365965
C=C1CC(=O)c2cccc(OC[C@H](O)CN3CCCCC3)c21,1,C=C1CC(=O)c2cccc(OCCCN3CCCCC3)c21,C=C1CC(=O)c2c(OC[C@@H](O)CN3CCCCC3)cccc21,1,C=C1CC(=O)c2c(OCCCN3CCCCC3)cccc21,0.8477661334804192,1,0.7716696284826358
C=C1CC(=O)c2cccc(OC[C@H](O)CN3CCCCC3)c21,1,C=C1CC(=O)c2cccc(OCCCN3CCCCC3)c21,C=C1c2c(OC[C@@H](O)CN3CCCCC3)cccc2C(=O)[C@@H]1c1ccccc1,1,C=C1c2c(OCCCN3CCCCC3)cccc2C(=O)C1c1ccccc1,0.6616949152542373,1,0.857383711710731
C=C1CC(=O)c2cccc(OC[C@H](O)CN3CCCCC3)c21,1,C=C1CC(=O)c2cccc(OCCCN3CCCCC3)c21,C=C1c2cccc(OC[C@@H](O)CN3CCCCC3)c2C(=O)[C@H]1c1ccccc1,1,C=C1c2cccc(OCCCN3CCCCC3)c2C(=O)C1c1ccccc1,0.6445520581113802,1,0.8933655640091245
C=C1CC(=O)c2cccc(OC[C@H](O)CN3CCCCC3)c21,1,C=C1CC(=O)c2cccc(OCCCN3CCCCC3)c21,O=C(CCc1ccccc1)c1ccccc1OC[C@H](O)CN1CCCCC1,1,O=C(CCc1ccccc1)c1ccccc1OCCCN1CCCCC1,0.5653389830508475,1,0.7958992550485416
COc1cc(OC)c(C(=O)CCCN2CCCC2)c(OC)c1,0,O=C(CCCN1CCCC1)c1ccccc1,O=C(CCc1ccccc1)c1ccccc1OCCCN1CCCCC1,1,O=C(CCc1ccccc1)c1ccccc1OCCCN1CCCCC1,0.41714285714285715,0,0.005334942030116055
COc1cc(OC)c(C(=O)CCCN2CCCC2)c(OC)c1,0,O=C(CCCN1CCCC1)c1ccccc1,O=C(CCc1ccccc1)c1ccccc1OCCCCN1CCCCC1,1,O=C(CCc1ccccc1)c1ccccc1OCCCCN1CCCCC1,0.4116290726817043,0,0.016954267230417916
COc1cc(OC)c(C(=O)CCCN2CCCC2)c(OC)c1,0,O=C(CCCN1CCCC1)c1ccccc1,O=C(CCc1ccccc1)c1ccccc1OCCCCCCCCN1CCCCC1,1,O=C(CCc1ccccc1)c1ccccc1OCCCCCCCCN1CCCCC1,0.40630541871921183,0,0.08415564023886618
COc1cc(OC)c(C(=O)CCCN2CCCC2)c(OC)c1,0,O=C(CCCN1CCCC1)c1ccccc1,O=C(CCc1ccccc1)c1ccccc1OCCCCCN1CCCCC1,1,O=C(CCc1ccccc1)c1ccccc1OCCCCCN1CCCCC1,0.40630541871921183,0,0.07300062560678239
CCOC(=O)N1CCC(=C2c3ccc(Cl)cc3CCc3cccnc32)CC1,1,c1ccc2c(c1)CCc1cccnc1C2=C1CCNCC1,COc1cc2c(cc1OC)CN(CCNC(=O)c1cc(Cl)ccc1NC(=O)c1ccc(C(C)C)cc1)CC2,1,O=C(Nc1ccccc1C(=O)NCCN1CCc2ccccc2C1)c1ccccc1,0.23822222222222222,1,0.5445061796981772
CCOC(=O)N1CCC(=C2c3ccc(Cl)cc3CCc3cccnc32)CC1,1,c1ccc2c(c1)CCc1cccnc1C2=C1CCNCC1,CC(=O)N1CCN(c2ccc(OC[C@@H]3CO[C@@](Cn4ccnc4)(c4ccc(Cl)cc4Cl)O3)cc2)CC1,1,c1ccc(C2(Cn3ccnc3)OCC(COc3ccc(N4CCNCC4)cc3)O2)cc1,0.23549735302312624,1,0.8369395030978433
CCOC(=O)N1CCC(=C2c3ccc(Cl)cc3CCc3cccnc32)CC1,1,c1ccc2c(c1)CCc1cccnc1C2=C1CCNCC1,CN1CCC(=C2c3ccccc3Sc3ccccc32)CC1,1,c1ccc2c(c1)Sc1ccccc1C2=C1CCNCC1,0.23113636363636364,1,0.7047835428642628
CCOC(=O)N1CCC(=C2c3ccc(Cl)cc3CCc3cccnc32)CC1,1,c1ccc2c(c1)CCc1cccnc1C2=C1CCNCC1,O=C(COc1ccc(Cl)cc1)N1CCN(Cc2ccc3c(c2)OCO3)CC1,1,O=C(COc1ccccc1)N1CCN(Cc2ccc3c(c2)OCO3)CC1,0.22915348101265823,1,0.5673309164220828
CN(C)C/C=C(/c1ccc(Br)cc1)c1cccnc1,0,C=C(c1ccccc1)c1cccnc1,COc1cc2c(cc1OC)CN(CCc1ccc(NC(=O)c3cccnc3)cc1)CC2,1,O=C(Nc1ccc(CCN2CCc3ccccc3C2)cc1)c1cccnc1,0.2368888888888889,0,0.14955011911321647
CN(C)C/C=C(/c1ccc(Br)cc1)c1cccnc1,0,C=C(c1ccccc1)c1cccnc1,CC/C(=C(/c1ccccc1)c1ccc(OCCN(C)C)cc1)c1ccccc1,1,C(=C(c1ccccc1)c1ccccc1)c1ccccc1,0.2314842578710645,0,0.05542149847925244
CN(C)C/C=C(/c1ccc(Br)cc1)c1cccnc1,0,C=C(c1ccccc1)c1cccnc1,COc1cc2c(cc1OC)CN(CCc1ccc(NC(=O)c3ccccc3NC(=O)c3cccnc3)cc1)CC2,1,O=C(Nc1ccccc1C(=O)Nc1ccc(CCN2CCc3ccccc3C2)cc1)c1cccnc1,0.21453634085213033,0,0.04175154082713099
CN(C)C/C=C(/c1ccc(Br)cc1)c1cccnc1,0,C=C(c1ccccc1)c1cccnc1,CN(C)C/C=C/c1ccc(-c2nc(-c3ccc(N(C)C)cc3)c(-c3ccc(N(C)C)cc3)[nH]2)cc1,1,c1ccc(-c2nc(-c3ccccc3)c(-c3ccccc3)[nH]2)cc1,0.2053846153846154,0,0.1146450421494987
CN1CC[C@@]23c4ccccc4N[C@H]1[C@@]21CCN(C)[C@@H]3Nc2ccccc21,0,c1ccc2c(c1)NC1NCCC23C2NCCC13c1ccccc1N2,Cc1ccc(C(=O)O[C@H]2[C@H](C)Nc3ccccc3[C@@H]2N2CCCC2)cc1,1,O=C(OC1CNc2ccccc2C1N1CCCC1)c1ccccc1,0.26783242258652096,0,0.09987899039051086
CN1CC[C@@]23c4ccccc4N[C@H]1[C@@]21CCN(C)[C@@H]3Nc2ccccc21,0,c1ccc2c(c1)NC1NCCC23C2NCCC13c1ccccc1N2,Cc1cc2c(s1)Nc1ccccc1N=C2N1CCN(C)CC1,1,c1ccc2c(c1)N=C(N1CCNCC1)c1ccsc1N2,0.25668016194331983,0,0.06351810559526269
CN1CC[C@@]23c4ccccc4N[C@H]1[C@@]21CCN(C)[C@@H]3Nc2ccccc21,0,c1ccc2c(c1)NC1NCCC23C2NCCC13c1ccccc1N2,CN1CCC(=C2c3ccccc3C=Cc3ccccc32)CC1,1,C1=Cc2ccccc2C(=C2CCNCC2)c2ccccc21,0.2387841945288754,0,0.010692372223472234
CN1CC[C@@]23c4ccccc4N[C@H]1[C@@]21CCN(C)[C@@H]3Nc2ccccc21,0,c1ccc2c(c1)NC1NCCC23C2NCCC13c1ccccc1N2,CN1CCC(=C2c3ccccc3Sc3ccccc32)CC1,1,c1ccc2c(c1)Sc1ccccc1C2=C1CCNCC1,0.23693693693693696,0,0.007790396426635185
CCCCCCC[C@H]1OC(=O)C[C@@H](OCOC)[C@H](Cc2ccccc2)N(C)C(=O)[C@H](C(C)C)OC(=O)[C@H]1C,1,O=C1COC(=O)CCOC(=O)CCC(Cc2ccccc2)N1,CCCCCCC[C@H]1OC(=O)C[C@H](OCOC)[C@H](Cc2ccccc2)N(C)C(=O)[C@H](C(C)C)OC(=O)[C@H]1C,1,O=C1COC(=O)CCOC(=O)CCC(Cc2ccccc2)N1,1.0,1,0.9998033373789809
CCCCCCC[C@H]1OC(=O)C[C@@H](OCOC)[C@H](Cc2ccccc2)N(C)C(=O)[C@H](C(C)C)OC(=O)[C@H]1C,1,O=C1COC(=O)CCOC(=O)CCC(Cc2ccccc2)N1,CCCCCCC[C@@H]1OC(=O)C[C@@H](OCOC)[C@H](Cc2ccccc2)N(C)C(=O)[C@H](C(C)C)OC(=O)[C@@H]1C,1,O=C1COC(=O)CCOC(=O)CCC(Cc2ccccc2)N1,1.0,1,0.9998033373789809
CCCCCCC[C@H]1OC(=O)C[C@@H](OCOC)[C@H](Cc2ccccc2)N(C)C(=O)[C@H](C(C)C)OC(=O)[C@H]1C,1,O=C1COC(=O)CCOC(=O)CCC(Cc2ccccc2)N1,CCCCCCC[C@H]1OC(=O)C[C@@H](OCOC)[C@H](Cc2ccccc2)N(C)C(=O)[C@H](C)OC(=O)[C@H]1C,1,O=C1COC(=O)CCOC(=O)CCC(Cc2ccccc2)N1,0.8734412955465588,1,0.9992413014336144
CCCCCCC[C@H]1OC(=O)C[C@@H](OCOC)[C@H](Cc2ccccc2)N(C)C(=O)[C@H](C(C)C)OC(=O)[C@H]1C,1,O=C1COC(=O)CCOC(=O)CCC(Cc2ccccc2)N1,COCO[C@@H]1CC(=O)O[C@H](C)[C@H](C)C(=O)O[C@@H](C(C)C)C(=O)N(C)[C@H]1Cc1ccccc1,1,O=C1COC(=O)CCOC(=O)CCC(Cc2ccccc2)N1,0.7971291866028708,1,0.9997116154948444
CC(C)[C@@H]1OC(=O)[C@@H](C)COC(=O)C[C@@H](O)[C@H](Cc2ccccc2)N(C)C1=O,1,O=C1COC(=O)CCOC(=O)CCC(Cc2ccccc2)N1,CC(C)[C@@H]1OC(=O)[C@@H](C)[C@@H](C)OC(=O)C[C@@H](O)[C@H](Cc2ccccc2)N(C)C1=O,1,O=C1COC(=O)CCOC(=O)CCC(Cc2ccccc2)N1,0.7606710158434298,1,0.8173720339418861
CC(C)[C@@H]1OC(=O)[C@@H](C)COC(=O)C[C@@H](O)[C@H](Cc2ccccc2)N(C)C1=O,1,O=C1COC(=O)CCOC(=O)CCC(Cc2ccccc2)N1,COCO[C@@H]1CC(=O)OC[C@H](C)C(=O)O[C@@H](C(C)C)C(=O)N(C)[C@@H]1Cc1ccccc1,1,O=C1COC(=O)CCOC(=O)CCC(Cc2ccccc2)N1,0.7155288822205552,1,0.7107473059167725
CC(C)[C@@H]1OC(=O)[C@@H](C)COC(=O)C[C@@H](O)[C@H](Cc2ccccc2)N(C)C1=O,1,O=C1COC(=O)CCOC(=O)CCC(Cc2ccccc2)N1,CCCCCCC[C@H]1OC(=O)C[C@H](O)[C@H](Cc2ccccc2)N(C)C(=O)[C@H](C(C)C)OC(=O)[C@H]1C,1,O=C1COC(=O)CCOC(=O)CCC(Cc2ccccc2)N1,0.6842307692307693,1,0.9403512445052191
CC(C)[C@@H]1OC(=O)[C@@H](C)COC(=O)C[C@@H](O)[C@H](Cc2ccccc2)N(C)C1=O,1,O=C1COC(=O)CCOC(=O)CCC(Cc2ccccc2)N1,CCCCCCC[C@@H]1OC(=O)C[C@@H](O)[C@H](Cc2ccccc2)N(C)C(=O)[C@H](C(C)C)OC(=O)[C@@H]1C,1,O=C1COC(=O)CCOC(=O)CCC(Cc2ccccc2)N1,0.6842307692307693,1,0.9403512445052191
COCO[C@@H]1CC(=O)OC[C@H](C)C(=O)O[C@@H](C(C)C)C(=O)N(C)[C@@H]1Cc1ccccc1,1,O=C1COC(=O)CCOC(=O)CCC(Cc2ccccc2)N1,COCO[C@@H]1CC(=O)O[C@H](C)[C@H](C)C(=O)O[C@@H](C(C)C)C(=O)N(C)[C@H]1Cc1ccccc1,1,O=C1COC(=O)CCOC(=O)CCC(Cc2ccccc2)N1,0.7787545787545789,1,0.9578074694194796
COCO[C@@H]1CC(=O)OC[C@H](C)C(=O)O[C@@H](C(C)C)C(=O)N(C)[C@@H]1Cc1ccccc1,1,O=C1COC(=O)CCOC(=O)CCC(Cc2ccccc2)N1,CC(C)[C@@H]1OC(=O)[C@@H](C)COC(=O)C[C@@H](O)[C@H](Cc2ccccc2)N(C)C1=O,1,O=C1COC(=O)CCOC(=O)CCC(Cc2ccccc2)N1,0.7155288822205552,1,0.8933454943144823
COCO[C@@H]1CC(=O)OC[C@H](C)C(=O)O[C@@H](C(C)C)C(=O)N(C)[C@@H]1Cc1ccccc1,1,O=C1COC(=O)CCOC(=O)CCC(Cc2ccccc2)N1,CCCCCCC[C@H]1OC(=O)C[C@H](OCOC)[C@H](Cc2ccccc2)N(C)C(=O)[C@H](C(C)C)OC(=O)[C@H]1C,1,O=C1COC(=O)CCOC(=O)CCC(Cc2ccccc2)N1,0.7095470383275262,1,0.9783869783655824
COCO[C@@H]1CC(=O)OC[C@H](C)C(=O)O[C@@H](C(C)C)C(=O)N(C)[C@@H]1Cc1ccccc1,1,O=C1COC(=O)CCOC(=O)CCC(Cc2ccccc2)N1,CCCCCCC[C@@H]1OC(=O)C[C@@H](OCOC)[C@H](Cc2ccccc2)N(C)C(=O)[C@H](C(C)C)OC(=O)[C@@H]1C,1,O=C1COC(=O)CCOC(=O)CCC(Cc2ccccc2)N1,0.7095470383275262,1,0.9783869783655824
CCCCCCC[C@H]1OC(=O)CC[C@H](Cc2ccccc2)N(C)C(=O)[C@H](C(C)C)OC(=O)[C@H]1C,1,O=C1COC(=O)CCOC(=O)CCC(Cc2ccccc2)N1,CCCCCCC[C@H]1OC(=O)C[C@H](O)[C@H](Cc2ccccc2)N(C)C(=O)[C@H](C(C)C)OC(=O)[C@H]1C,1,O=C1COC(=O)CCOC(=O)CCC(Cc2ccccc2)N1,0.7235431235431236,1,0.9941828797372191
CCCCCCC[C@H]1OC(=O)CC[C@H](Cc2ccccc2)N(C)C(=O)[C@H](C(C)C)OC(=O)[C@H]1C,1,O=C1COC(=O)CCOC(=O)CCC(Cc2ccccc2)N1,CCCCCCC[C@@H]1OC(=O)C[C@@H](O)[C@H](Cc2ccccc2)N(C)C(=O)[C@H](C(C)C)OC(=O)[C@@H]1C,1,O=C1COC(=O)CCOC(=O)CCC(Cc2ccccc2)N1,0.7235431235431236,1,0.9941828797372191
CCCCCCC[C@H]1OC(=O)CC[C@H](Cc2ccccc2)N(C)C(=O)[C@H](C(C)C)OC(=O)[C@H]1C,1,O=C1COC(=O)CCOC(=O)CCC(Cc2ccccc2)N1,CCCCCCC[C@H]1OC(=O)C[C@H](OCOC)[C@H](Cc2ccccc2)N(C)C(=O)[C@H](C(C)C)OC(=O)[C@H]1C,1,O=C1COC(=O)CCOC(=O)CCC(Cc2ccccc2)N1,0.6795774647887325,1,0.9962583888420585
CCCCCCC[C@H]1OC(=O)CC[C@H](Cc2ccccc2)N(C)C(=O)[C@H](C(C)C)OC(=O)[C@H]1C,1,O=C1COC(=O)CCOC(=O)CCC(Cc2ccccc2)N1,CCCCCCC[C@@H]1OC(=O)C[C@@H](OCOC)[C@H](Cc2ccccc2)N(C)C(=O)[C@H](C(C)C)OC(=O)[C@@H]1C,1,O=C1COC(=O)CCOC(=O)CCC(Cc2ccccc2)N1,0.6795774647887325,1,0.9962583888420585
CCCCCCC[C@H]1OC(=O)C[C@H](O)[C@H](Cc2ccccc2)N(C)C(=O)[C@H](C(C)C)OC(=O)[C@H]1C,1,O=C1COC(=O)CCOC(=O)CCC(Cc2ccccc2)N1,CCCCCCC[C@@H]1OC(=O)C[C@@H](O)[C@H](Cc2ccccc2)N(C)C(=O)[C@H](C(C)C)OC(=O)[C@@H]1C,1,O=C1COC(=O)CCOC(=O)CCC(Cc2ccccc2)N1,1.0,1,0.9990108234361333
CCCCCCC[C@H]1OC(=O)C[C@H](O)[C@H](Cc2ccccc2)N(C)C(=O)[C@H](C(C)C)OC(=O)[C@H]1C,1,O=C1COC(=O)CCOC(=O)CCC(Cc2ccccc2)N1,CCCCCCC[C@H]1OC(=O)C[C@@H](O)[C@H](Cc2ccccc2)N(C)C(=O)[C@H](C)OC(=O)[C@H]1C,1,O=C1COC(=O)CCOC(=O)CCC(Cc2ccccc2)N1,0.8637837837837838,1,0.9965162451273226
CCCCCCC[C@H]1OC(=O)C[C@H](O)[C@H](Cc2ccccc2)N(C)C(=O)[C@H](C(C)C)OC(=O)[C@H]1C,1,O=C1COC(=O)CCOC(=O)CCC(Cc2ccccc2)N1,CC(C)[C@@H]1OC(=O)[C@@H](C)[C@@H](C)OC(=O)C[C@@H](O)[C@H](Cc2ccccc2)N(C)C1=O,1,O=C1COC(=O)CCOC(=O)CCC(Cc2ccccc2)N1,0.7762516614975632,1,0.9957071248746999
CCCCCCC[C@H]1OC(=O)C[C@H](O)[C@H](Cc2ccccc2)N(C)C(=O)[C@H](C(C)C)OC(=O)[C@H]1C,1,O=C1COC(=O)CCOC(=O)CCC(Cc2ccccc2)N1,CCCCCCC[C@@H]1CC(=O)O[C@@H](C(C)C)C(=O)N(C)[C@@H](Cc2ccccc2)[C@H](O)CC(=O)O1,1,O=C1COC(=O)CCOC(=O)CCC(Cc2ccccc2)N1,0.7705096073517126,1,0.9961701442411378
CCCCCCC[C@H]1OC(=O)C[C@H](OCOC)[C@H](Cc2ccccc2)N(C)C(=O)[C@H](C(C)C)OC(=O)[C@H]1C,1,O=C1COC(=O)CCOC(=O)CCC(Cc2ccccc2)N1,CCCCCCC[C@@H]1OC(=O)C[C@@H](OCOC)[C@H](Cc2ccccc2)N(C)C(=O)[C@H](C(C)C)OC(=O)[C@@H]1C,1,O=C1COC(=O)CCOC(=O)CCC(Cc2ccccc2)N1,1.0,1,0.9998033373789809
CCCCCCC[C@H]1OC(=O)C[C@H](OCOC)[C@H](Cc2ccccc2)N(C)C(=O)[C@H](C(C)C)OC(=O)[C@H]1C,1,O=C1COC(=O)CCOC(=O)CCC(Cc2ccccc2)N1,CCCCCCC[C@H]1OC(=O)C[C@@H](OCOC)[C@H](Cc2ccccc2)N(C)C(=O)[C@H](C(C)C)OC(=O)[C@H]1C,1,O=C1COC(=O)CCOC(=O)CCC(Cc2ccccc2)N1,1.0,1,0.9998033373789809
CCCCCCC[C@H]1OC(=O)C[C@H](OCOC)[C@H](Cc2ccccc2)N(C)C(=O)[C@H](C(C)C)OC(=O)[C@H]1C,1,O=C1COC(=O)CCOC(=O)CCC(Cc2ccccc2)N1,CCCCCCC[C@H]1OC(=O)C[C@@H](OCOC)[C@H](Cc2ccccc2)N(C)C(=O)[C@H](C)OC(=O)[C@H]1C,1,O=C1COC(=O)CCOC(=O)CCC(Cc2ccccc2)N1,0.8734412955465588,1,0.9992413014336144
CCCCCCC[C@H]1OC(=O)C[C@H](OCOC)[C@H](Cc2ccccc2)N(C)C(=O)[C@H](C(C)C)OC(=O)[C@H]1C,1,O=C1COC(=O)CCOC(=O)CCC(Cc2ccccc2)N1,COCO[C@@H]1CC(=O)O[C@H](C)[C@H](C)C(=O)O[C@@H](C(C)C)C(=O)N(C)[C@H]1Cc1ccccc1,1,O=C1COC(=O)CCOC(=O)CCC(Cc2ccccc2)N1,0.7971291866028708,1,0.9997116154948444
CCCCCCC[C@H]1OC(=O)C[C@@H](O)[C@H](Cc2ccccc2)N(C)C(=O)C(C)(C)OC(=O)[C@H]1C,1,O=C1COC(=O)CCOC(=O)CCC(Cc2ccccc2)N1,CCCCCCC[C@H]1OC(=O)C[C@@H](O)[C@H](Cc2ccccc2)N(C)C(=O)[C@H](C)OC(=O)[C@H]1C,1,O=C1COC(=O)CCOC(=O)CCC(Cc2ccccc2)N1,0.7567307692307692,1,0.9955583601979341
CCCCCCC[C@H]1OC(=O)C[C@@H](O)[C@H](Cc2ccccc2)N(C)C(=O)C(C)(C)OC(=O)[C@H]1C,1,O=C1COC(=O)CCOC(=O)CCC(Cc2ccccc2)N1,CCCCCCC[C@H]1OC(=O)C[C@@H](OCOC)[C@H](Cc2ccccc2)N(C)C(=O)C(C)(C)OC(=O)[C@H]1C,1,O=C1COC(=O)CCOC(=O)CCC(Cc2ccccc2)N1,0.740909090909091,1,0.9946476994644011
CCCCCCC[C@H]1OC(=O)C[C@@H](O)[C@H](Cc2ccccc2)N(C)C(=O)C(C)(C)OC(=O)[C@H]1C,1,O=C1COC(=O)CCOC(=O)CCC(Cc2ccccc2)N1,CCCCCCC[C@H]1OC(=O)C[C@@H](O)[C@H](Cc2ccccc2)N(C)C(=O)COC(=O)[C@H]1C,1,O=C1COC(=O)CCOC(=O)CCC(Cc2ccccc2)N1,0.7394371482176361,1,0.9959340495065233
CCCCCCC[C@H]1OC(=O)C[C@@H](O)[C@H](Cc2ccccc2)N(C)C(=O)C(C)(C)OC(=O)[C@H]1C,1,O=C1COC(=O)CCOC(=O)CCC(Cc2ccccc2)N1,CCCCCCC[C@H]1OC(=O)C[C@H](O)[C@H](Cc2ccccc2)N(C)C(=O)[C@H](C(C)C)OC(=O)[C@H]1C,1,O=C1COC(=O)CCOC(=O)CCC(Cc2ccccc2)N1,0.7261940298507463,1,0.9965006145250815
CCCCCCC[C@H]1OC(=O)C[C@@H](OCOC)[C@H](Cc2ccccc2)N(C)C(=O)C(C)(C)OC(=O)[C@H]1C,1,O=C1COC(=O)CCOC(=O)CCC(Cc2ccccc2)N1,CCCCCCC[C@H]1OC(=O)C[C@@H](OCOC)[C@H](Cc2ccccc2)N(C)C(=O)[C@H](C)OC(=O)[C@H]1C,1,O=C1COC(=O)CCOC(=O)CCC(Cc2ccccc2)N1,0.7728985507246378,1,0.9989919223852154
CCCCCCC[C@H]1OC(=O)C[C@@H](OCOC)[C@H](Cc2ccccc2)N(C)C(=O)C(C)(C)OC(=O)[C@H]1C,1,O=C1COC(=O)CCOC(=O)CCC(Cc2ccccc2)N1,CCCCCCC[C@H]1OC(=O)C[C@@H](OCOC)[C@H](Cc2ccccc2)N(C)C(=O)COC(=O)[C@H]1C,1,O=C1COC(=O)CCOC(=O)CCC(Cc2ccccc2)N1,0.7648033126293996,1,0.9989975374691443
CCCCCCC[C@H]1OC(=O)C[C@@H](OCOC)[C@H](Cc2ccccc2)N(C)C(=O)C(C)(C)OC(=O)[C@H]1C,1,O=C1COC(=O)CCOC(=O)CCC(Cc2ccccc2)N1,CCCCCCC[C@H]1OC(=O)C[C@H](OCOC)[C@H](Cc2ccccc2)N(C)C(=O)[C@H](C(C)C)OC(=O)[C@H]1C,1,O=C1COC(=O)CCOC(=O)CCC(Cc2ccccc2)N1,0.7436314363143632,1,0.9992418297375838
CCCCCCC[C@H]1OC(=O)C[C@@H](OCOC)[C@H](Cc2ccccc2)N(C)C(=O)C(C)(C)OC(=O)[C@H]1C,1,O=C1COC(=O)CCOC(=O)CCC(Cc2ccccc2)N1,CCCCCCC[C@@H]1OC(=O)C[C@@H](OCOC)[C@H](Cc2ccccc2)N(C)C(=O)[C@H](C(C)C)OC(=O)[C@@H]1C,1,O=C1COC(=O)CCOC(=O)CCC(Cc2ccccc2)N1,0.7436314363143632,1,0.9992418297375838
CCCC[C@H]1OC(=O)C[C@@H](O)[C@H](Cc2ccccc2)N(C)C(=O)COC(=O)[C@H]1C,1,O=C1COC(=O)CCOC(=O)CCC(Cc2ccccc2)N1,CCCCCCC[C@H]1OC(=O)C[C@@H](O)[C@H](Cc2ccccc2)N(C)C(=O)COC(=O)[C@H]1C,1,O=C1COC(=O)CCOC(=O)CCC(Cc2ccccc2)N1,0.9428571428571428,1,0.9529930488667568
CCCC[C@H]1OC(=O)C[C@@H](O)[C@H](Cc2ccccc2)N(C)C(=O)COC(=O)[C@H]1C,1,O=C1COC(=O)CCOC(=O)CCC(Cc2ccccc2)N1,CCCC[C@H]1OC(=O)C[C@@H](OCOC)[C@H](Cc2ccccc2)N(C)C(=O)COC(=O)[C@H]1C,1,O=C1COC(=O)CCOC(=O)CCC(Cc2ccccc2)N1,0.7377344877344878,1,0.890389134726514
CCCC[C@H]1OC(=O)C[C@@H](O)[C@H](Cc2ccccc2)N(C)C(=O)COC(=O)[C@H]1C,1,O=C1COC(=O)CCOC(=O)CCC(Cc2ccccc2)N1,CCCCCCC[C@H]1OC(=O)C[C@@H](O)[C@H](Cc2ccccc2)N(C)C(=O)[C@H](C)OC(=O)[C@H]1C,1,O=C1COC(=O)CCOC(=O)CCC(Cc2ccccc2)N1,0.727960927960928,1,0.9533189646166385
CCCC[C@H]1OC(=O)C[C@@H](O)[C@H](Cc2ccccc2)N(C)C(=O)COC(=O)[C@H]1C,1,O=C1COC(=O)CCOC(=O)CCC(Cc2ccccc2)N1,CCCCCCC[C@H]1OC(=O)C[C@@H](OCOC)[C@H](Cc2ccccc2)N(C)C(=O)COC(=O)[C@H]1C,1,O=C1COC(=O)CCOC(=O)CCC(Cc2ccccc2)N1,0.6984848484848485,1,0.953973480555515
CCCCCCC[C@H]1OC(=O)C[C@@H](O)[C@H](Cc2ccccc2)N(C)C(=O)[C@H](C)OC(=O)[C@H]1C,1,O=C1COC(=O)CCOC(=O)CCC(Cc2ccccc2)N1,CCCCCCC[C@H]1OC(=O)C[C@H](O)[C@H](Cc2ccccc2)N(C)C(=O)[C@H](C(C)C)OC(=O)[C@H]1C,1,O=C1COC(=O)CCOC(=O)CCC(Cc2ccccc2)N1,0.8637837837837838,1,0.9927901049214637
CCCCCCC[C@H]1OC(=O)C[C@@H](O)[C@H](Cc2ccccc2)N(C)C(=O)[C@H](C)OC(=O)[C@H]1C,1,O=C1COC(=O)CCOC(=O)CCC(Cc2ccccc2)N1,CCCCCCC[C@@H]1OC(=O)C[C@@H](O)[C@H](Cc2ccccc2)N(C)C(=O)[C@H](C(C)C)OC(=O)[C@@H]1C,1,O=C1COC(=O)CCOC(=O)CCC(Cc2ccccc2)N1,0.8637837837837838,1,0.9927901049214637
CCCCCCC[C@H]1OC(=O)C[C@@H](O)[C@H](Cc2ccccc2)N(C)C(=O)[C@H](C)OC(=O)[C@H]1C,1,O=C1COC(=O)CCOC(=O)CCC(Cc2ccccc2)N1,CCCCCCC[C@H]1OC(=O)C[C@@H](O)[C@H](Cc2ccccc2)N(C)C(=O)COC(=O)[C@H]1C,1,O=C1COC(=O)CCOC(=O)CCC(Cc2ccccc2)N1,0.7756823821339951,1,0.9934411531973246
CCCCCCC[C@H]1OC(=O)C[C@@H](O)[C@H](Cc2ccccc2)N(C)C(=O)[C@H](C)OC(=O)[C@H]1C,1,O=C1COC(=O)CCOC(=O)CCC(Cc2ccccc2)N1,CCCCCCC[C@H]1OC(=O)C[C@@H](O)[C@H](Cc2ccccc2)N(C)C(=O)C(C)(C)OC(=O)[C@H]1C,1,O=C1COC(=O)CCOC(=O)CCC(Cc2ccccc2)N1,0.7567307692307692,1,0.9945941322009936
CCCC[C@H]1OC(=O)C[C@@H](OCOC)[C@H](Cc2ccccc2)N(C)C(=O)COC(=O)[C@H]1C,1,O=C1COC(=O)CCOC(=O)CCC(Cc2ccccc2)N1,CCCCCCC[C@H]1OC(=O)C[C@@H](OCOC)[C@H](Cc2ccccc2)N(C)C(=O)COC(=O)[C@H]1C,1,O=C1COC(=O)CCOC(=O)CCC(Cc2ccccc2)N1,0.9466666666666668,1,0.9897664326220473
CCCC[C@H]1OC(=O)C[C@@H](OCOC)[C@H](Cc2ccccc2)N(C)C(=O)COC(=O)[C@H]1C,1,O=C1COC(=O)CCOC(=O)CCC(Cc2ccccc2)N1,CCCCCCC[C@H]1OC(=O)C[C@@H](OCOC)[C@H](Cc2ccccc2)N(C)C(=O)[C@H](C)OC(=O)[C@H]1C,1,O=C1COC(=O)CCOC(=O)CCC(Cc2ccccc2)N1,0.7550746268656717,1,0.9878581109270108
CCCC[C@H]1OC(=O)C[C@@H](OCOC)[C@H](Cc2ccccc2)N(C)C(=O)COC(=O)[C@H]1C,1,O=C1COC(=O)CCOC(=O)CCC(Cc2ccccc2)N1,CCCC[C@H]1OC(=O)C[C@@H](O)[C@H](Cc2ccccc2)N(C)C(=O)COC(=O)[C@H]1C,1,O=C1COC(=O)CCOC(=O)CCC(Cc2ccccc2)N1,0.7377344877344878,1,0.9263326763683334
CCCC[C@H]1OC(=O)C[C@@H](OCOC)[C@H](Cc2ccccc2)N(C)C(=O)COC(=O)[C@H]1C,1,O=C1COC(=O)CCOC(=O)CCC(Cc2ccccc2)N1,CCCCCCC[C@H]1OC(=O)C[C@H](OCOC)[C@H](Cc2ccccc2)N(C)C(=O)[C@H](C(C)C)OC(=O)[C@H]1C,1,O=C1COC(=O)CCOC(=O)CCC(Cc2ccccc2)N1,0.7258536585365853,1,0.9843643241926234
CCCCCCC[C@@H]1OC(=O)C[C@@H](O)[C@H](Cc2ccccc2)N(C)C(=O)[C@H](C(C)C)OC(=O)[C@@H]1C,1,O=C1COC(=O)CCOC(=O)CCC(Cc2ccccc2)N1,CCCCCCC[C@H]1OC(=O)C[C@H](O)[C@H](Cc2ccccc2)N(C)C(=O)[C@H](C(C)C)OC(=O)[C@H]1C,1,O=C1COC(=O)CCOC(=O)CCC(Cc2ccccc2)N1,1.0,1,0.9990108234361333
CCCCCCC[C@@H]1OC(=O)C[C@@H](O)[C@H](Cc2ccccc2)N(C)C(=O)[C@H](C(C)C)OC(=O)[C@@H]1C,1,O=C1COC(=O)CCOC(=O)CCC(Cc2ccccc2)N1,CCCCCCC[C@H]1OC(=O)C[C@@H](O)[C@H](Cc2ccccc2)N(C)C(=O)[C@H](C)OC(=O)[C@H]1C,1,O=C1COC(=O)CCOC(=O)CCC(Cc2ccccc2)N1,0.8637837837837838,1,0.9965162451273226
CCCCCCC[C@@H]1OC(=O)C[C@@H](O)[C@H](Cc2ccccc2)N(C)C(=O)[C@H](C(C)C)OC(=O)[C@@H]1C,1,O=C1COC(=O)CCOC(=O)CCC(Cc2ccccc2)N1,CC(C)[C@@H]1OC(=O)[C@@H](C)[C@@H](C)OC(=O)C[C@@H](O)[C@H](Cc2ccccc2)N(C)C1=O,1,O=C1COC(=O)CCOC(=O)CCC(Cc2ccccc2)N1,0.7762516614975632,1,0.9957071248746999
CCCCCCC[C@@H]1OC(=O)C[C@@H](O)[C@H](Cc2ccccc2)N(C)C(=O)[C@H](C(C)C)OC(=O)[C@@H]1C,1,O=C1COC(=O)CCOC(=O)CCC(Cc2ccccc2)N1,CCCCCCC[C@@H]1CC(=O)O[C@@H](C(C)C)C(=O)N(C)[C@@H](Cc2ccccc2)[C@H](O)CC(=O)O1,1,O=C1COC(=O)CCOC(=O)CCC(Cc2ccccc2)N1,0.7705096073517126,1,0.9961701442411378
CCCCCCC[C@@H]1OC(=O)C[C@@H](OCOC)[C@H](Cc2ccccc2)N(C)C(=O)[C@H](C(C)C)OC(=O)[C@@H]1C,1,O=C1COC(=O)CCOC(=O)CCC(Cc2ccccc2)N1,CCCCCCC[C@H]1OC(=O)C[C@H](OCOC)[C@H](Cc2ccccc2)N(C)C(=O)[C@H](C(C)C)OC(=O)[C@H]1C,1,O=C1COC(=O)CCOC(=O)CCC(Cc2ccccc2)N1,1.0,1,0.9998033373789809
CCCCCCC[C@@H]1OC(=O)C[C@@H](OCOC)[C@H](Cc2ccccc2)N(C)C(=O)[C@H](C(C)C)OC(=O)[C@@H]1C,1,O=C1COC(=O)CCOC(=O)CCC(Cc2ccccc2)N1,CCCCCCC[C@H]1OC(=O)C[C@@H](OCOC)[C@H](Cc2ccccc2)N(C)C(=O)[C@H](C(C)C)OC(=O)[C@H]1C,1,O=C1COC(=O)CCOC(=O)CCC(Cc2ccccc2)N1,1.0,1,0.9998033373789809
CCCCCCC[C@@H]1OC(=O)C[C@@H](OCOC)[C@H](Cc2ccccc2)N(C)C(=O)[C@H](C(C)C)OC(=O)[C@@H]1C,1,O=C1COC(=O)CCOC(=O)CCC(Cc2ccccc2)N1,CCCCCCC[C@H]1OC(=O)C[C@@H](OCOC)[C@H](Cc2ccccc2)N(C)C(=O)[C@H](C)OC(=O)[C@H]1C,1,O=C1COC(=O)CCOC(=O)CCC(Cc2ccccc2)N1,0.8734412955465588,1,0.9992413014336144
CCCCCCC[C@@H]1OC(=O)C[C@@H](OCOC)[C@H](Cc2ccccc2)N(C)C(=O)[C@H](C(C)C)OC(=O)[C@@H]1C,1,O=C1COC(=O)CCOC(=O)CCC(Cc2ccccc2)N1,COCO[C@@H]1CC(=O)O[C@H](C)[C@H](C)C(=O)O[C@@H](C(C)C)C(=O)N(C)[C@H]1Cc1ccccc1,1,O=C1COC(=O)CCOC(=O)CCC(Cc2ccccc2)N1,0.7971291866028708,1,0.9997116154948444
CCCCCCC[C@H]1OC(=O)C[C@@H](OCOC)[C@H](Cc2ccccc2)N(C)C(=O)[C@H](C)OC(=O)[C@H]1C,1,O=C1COC(=O)CCOC(=O)CCC(Cc2ccccc2)N1,CCCCCCC[C@H]1OC(=O)C[C@H](OCOC)[C@H](Cc2ccccc2)N(C)C(=O)[C@H](C(C)C)OC(=O)[C@H]1C,1,O=C1COC(=O)CCOC(=O)CCC(Cc2ccccc2)N1,0.8734412955465588,1,0.9985077180418953
CCCCCCC[C@H]1OC(=O)C[C@@H](OCOC)[C@H](Cc2ccccc2)N(C)C(=O)[C@H](C)OC(=O)[C@H]1C,1,O=C1COC(=O)CCOC(=O)CCC(Cc2ccccc2)N1,CCCCCCC[C@@H]1OC(=O)C[C@@H](OCOC)[C@H](Cc2ccccc2)N(C)C(=O)[C@H](C(C)C)OC(=O)[C@@H]1C,1,O=C1COC(=O)CCOC(=O)CCC(Cc2ccccc2)N1,0.8734412955465588,1,0.9985077180418953
CCCCCCC[C@H]1OC(=O)C[C@@H](OCOC)[C@H](Cc2ccccc2)N(C)C(=O)[C@H](C)OC(=O)[C@H]1C,1,O=C1COC(=O)CCOC(=O)CCC(Cc2ccccc2)N1,CCCCCCC[C@H]1OC(=O)C[C@@H](OCOC)[C@H](Cc2ccccc2)N(C)C(=O)[C@H](C(C)C)OC(=O)[C@H]1C,1,O=C1COC(=O)CCOC(=O)CCC(Cc2ccccc2)N1,0.8734412955465588,1,0.9985077180418953
CCCCCCC[C@H]1OC(=O)C[C@@H](OCOC)[C@H](Cc2ccccc2)N(C)C(=O)[C@H](C)OC(=O)[C@H]1C,1,O=C1COC(=O)CCOC(=O)CCC(Cc2ccccc2)N1,CCCCCCC[C@H]1OC(=O)C[C@@H](OCOC)[C@H](Cc2ccccc2)N(C)C(=O)COC(=O)[C@H]1C,1,O=C1COC(=O)CCOC(=O)CCC(Cc2ccccc2)N1,0.8003030303030304,1,0.9987561762461914
CCCCCCC[C@H]1OC(=O)C[C@@H](O)[C@H](Cc2ccccc2)N(C)C(=O)COC(=O)[C@H]1C,1,O=C1COC(=O)CCOC(=O)CCC(Cc2ccccc2)N1,CCCC[C@H]1OC(=O)C[C@@H](O)[C@H](Cc2ccccc2)N(C)C(=O)COC(=O)[C@H]1C,1,O=C1COC(=O)CCOC(=O)CCC(Cc2ccccc2)N1,0.9428571428571428,1,0.9891247901491113
CCCCCCC[C@H]1OC(=O)C[C@@H](O)[C@H](Cc2ccccc2)N(C)C(=O)COC(=O)[C@H]1C,1,O=C1COC(=O)CCOC(=O)CCC(Cc2ccccc2)N1,CCCCCCC[C@H]1OC(=O)C[C@@H](O)[C@H](Cc2ccccc2)N(C)C(=O)[C@H](C)OC(=O)[C@H]1C,1,O=C1COC(=O)CCOC(=O)CCC(Cc2ccccc2)N1,0.7756823821339951,1,0.9932686658829688
CCCCCCC[C@H]1OC(=O)C[C@@H](O)[C@H](Cc2ccccc2)N(C)C(=O)COC(=O)[C@H]1C,1,O=C1COC(=O)CCOC(=O)CCC(Cc2ccccc2)N1,CCCCCCC[C@H]1OC(=O)C[C@@H](OCOC)[C@H](Cc2ccccc2)N(C)C(=O)COC(=O)[C@H]1C,1,O=C1COC(=O)CCOC(=O)CCC(Cc2ccccc2)N1,0.7439860139860139,1,0.9897970635423231
CCCCCCC[C@H]1OC(=O)C[C@@H](O)[C@H](Cc2ccccc2)N(C)C(=O)COC(=O)[C@H]1C,1,O=C1COC(=O)CCOC(=O)CCC(Cc2ccccc2)N1,CCCCCCC[C@H]1OC(=O)C[C@H](O)[C@H](Cc2ccccc2)N(C)C(=O)[C@H](C(C)C)OC(=O)[C@H]1C,1,O=C1COC(=O)CCOC(=O)CCC(Cc2ccccc2)N1,0.7434615384615385,1,0.98841856270744
CCCCCCC[C@H]1OC(=O)C[C@@H](OCOC)[C@H](Cc2ccccc2)N(C)C(=O)COC(=O)[C@H]1C,1,O=C1COC(=O)CCOC(=O)CCC(Cc2ccccc2)N1,CCCC[C@H]1OC(=O)C[C@@H](OCOC)[C@H](Cc2ccccc2)N(C)C(=O)COC(=O)[C@H]1C,1,O=C1COC(=O)CCOC(=O)CCC(Cc2ccccc2)N1,0.9466666666666668,1,0.9942269840443642
CCCCCCC[C@H]1OC(=O)C[C@@H](OCOC)[C@H](Cc2ccccc2)N(C)C(=O)COC(=O)[C@H]1C,1,O=C1COC(=O)CCOC(=O)CCC(Cc2ccccc2)N1,CCCCCCC[C@H]1OC(=O)C[C@@H](OCOC)[C@H](Cc2ccccc2)N(C)C(=O)[C@H](C)OC(=O)[C@H]1C,1,O=C1COC(=O)CCOC(=O)CCC(Cc2ccccc2)N1,0.8003030303030304,1,0.9988307369164899
CCCCCCC[C@H]1OC(=O)C[C@@H](OCOC)[C@H](Cc2ccccc2)N(C)C(=O)COC(=O)[C@H]1C,1,O=C1COC(=O)CCOC(=O)CCC(Cc2ccccc2)N1,CCCCCCC[C@H]1OC(=O)C[C@H](OCOC)[C@H](Cc2ccccc2)N(C)C(=O)[C@H](C(C)C)OC(=O)[C@H]1C,1,O=C1COC(=O)CCOC(=O)CCC(Cc2ccccc2)N1,0.7687522092612231,1,0.9975852961908133
CCCCCCC[C@H]1OC(=O)C[C@@H](OCOC)[C@H](Cc2ccccc2)N(C)C(=O)COC(=O)[C@H]1C,1,O=C1COC(=O)CCOC(=O)CCC(Cc2ccccc2)N1,CCCCCCC[C@@H]1OC(=O)C[C@@H](OCOC)[C@H](Cc2ccccc2)N(C)C(=O)[C@H](C(C)C)OC(=O)[C@@H]1C,1,O=C1COC(=O)CCOC(=O)CCC(Cc2ccccc2)N1,0.7687522092612231,1,0.9975852961908133
CCCCCCC[C@@H]1CC(=O)O[C@@H](C(C)C)C(=O)N(C)[C@@H](Cc2ccccc2)[C@H](O)CC(=O)O1,1,O=C1COC(=O)CCOC(=O)CCC(Cc2ccccc2)N1,CCCCCCC[C@H]1OC(=O)C[C@H](O)[C@H](Cc2ccccc2)N(C)C(=O)[C@H](C(C)C)OC(=O)[C@H]1C,1,O=C1COC(=O)CCOC(=O)CCC(Cc2ccccc2)N1,0.7705096073517126,1,0.9977805211457
CCCCCCC[C@@H]1CC(=O)O[C@@H](C(C)C)C(=O)N(C)[C@@H](Cc2ccccc2)[C@H](O)CC(=O)O1,1,O=C1COC(=O)CCOC(=O)CCC(Cc2ccccc2)N1,CCCCCCC[C@@H]1OC(=O)C[C@@H](O)[C@H](Cc2ccccc2)N(C)C(=O)[C@H](C(C)C)OC(=O)[C@@H]1C,1,O=C1COC(=O)CCOC(=O)CCC(Cc2ccccc2)N1,0.7705096073517126,1,0.9977805211457
CCCCCCC[C@@H]1CC(=O)O[C@@H](C(C)C)C(=O)N(C)[C@@H](Cc2ccccc2)[C@H](O)CC(=O)O1,1,O=C1COC(=O)CCOC(=O)CCC(Cc2ccccc2)N1,CCCCCCC[C@@H]1CC(=O)O[C@@H](C(C)C)C(=O)N(C)[C@@H](Cc2ccccc2)[C@H](OCOC)CC(=O)O1,1,O=C1COC(=O)CCOC(=O)CCC(Cc2ccccc2)N1,0.7255952380952382,1,0.9949656564879719
CCCCCCC[C@@H]1CC(=O)O[C@@H](C(C)C)C(=O)N(C)[C@@H](Cc2ccccc2)[C@H](O)CC(=O)O1,1,O=C1COC(=O)CCOC(=O)CCC(Cc2ccccc2)N1,CC(C)[C@@H]1OC(=O)[C@@H](C)[C@@H](C)OC(=O)C[C@@H](O)[C@H](Cc2ccccc2)N(C)C1=O,1,O=C1COC(=O)CCOC(=O)CCC(Cc2ccccc2)N1,0.6869269949066215,1,0.995548675668696
CCCCCCC[C@@H]1CC(=O)O[C@@H](C(C)C)C(=O)N(C)[C@@H](Cc2ccccc2)[C@H](OCOC)CC(=O)O1,1,O=C1COC(=O)CCOC(=O)CCC(Cc2ccccc2)N1,CCCCCCC[C@H]1OC(=O)C[C@H](OCOC)[C@H](Cc2ccccc2)N(C)C(=O)[C@H](C(C)C)OC(=O)[C@H]1C,1,O=C1COC(=O)CCOC(=O)CCC(Cc2ccccc2)N1,0.7959752321981425,1,0.9995707039009997
CCCCCCC[C@@H]1CC(=O)O[C@@H](C(C)C)C(=O)N(C)[C@@H](Cc2ccccc2)[C@H](OCOC)CC(=O)O1,1,O=C1COC(=O)CCOC(=O)CCC(Cc2ccccc2)N1,CCCCCCC[C@@H]1OC(=O)C[C@@H](OCOC)[C@H](Cc2ccccc2)N(C)C(=O)[C@H](C(C)C)OC(=O)[C@@H]1C,1,O=C1COC(=O)CCOC(=O)CCC(Cc2ccccc2)N1,0.7959752321981425,1,0.9995707039009997
CCCCCCC[C@@H]1CC(=O)O[C@@H](C(C)C)C(=O)N(C)[C@@H](Cc2ccccc2)[C@H](OCOC)CC(=O)O1,1,O=C1COC(=O)CCOC(=O)CCC(Cc2ccccc2)N1,CCCCCCC[C@H]1OC(=O)C[C@@H](OCOC)[C@H](Cc2ccccc2)N(C)C(=O)[C@H](C(C)C)OC(=O)[C@H]1C,1,O=C1COC(=O)CCOC(=O)CCC(Cc2ccccc2)N1,0.7959752321981425,1,0.9995707039009997
CCCCCCC[C@@H]1CC(=O)O[C@@H](C(C)C)C(=O)N(C)[C@@H](Cc2ccccc2)[C@H](OCOC)CC(=O)O1,1,O=C1COC(=O)CCOC(=O)CCC(Cc2ccccc2)N1,CCCCCCC[C@@H]1CC(=O)O[C@@H](C(C)C)C(=O)N(C)[C@@H](Cc2ccccc2)[C@H](O)CC(=O)O1,1,O=C1COC(=O)CCOC(=O)CCC(Cc2ccccc2)N1,0.7255952380952382,1,0.9951792502354445
CC(C)[C@@H]1OC(=O)[C@@H](C)[C@@H](C)OC(=O)C[C@@H](O)[C@H](Cc2ccccc2)N(C)C1=O,1,O=C1COC(=O)CCOC(=O)CCC(Cc2ccccc2)N1,CCCCCCC[C@H]1OC(=O)C[C@H](O)[C@H](Cc2ccccc2)N(C)C(=O)[C@H](C(C)C)OC(=O)[C@H]1C,1,O=C1COC(=O)CCOC(=O)CCC(Cc2ccccc2)N1,0.7762516614975632,1,0.9396753257355338
CC(C)[C@@H]1OC(=O)[C@@H](C)[C@@H](C)OC(=O)C[C@@H](O)[C@H](Cc2ccccc2)N(C)C1=O,1,O=C1COC(=O)CCOC(=O)CCC(Cc2ccccc2)N1,CCCCCCC[C@@H]1OC(=O)C[C@@H](O)[C@H](Cc2ccccc2)N(C)C(=O)[C@H](C(C)C)OC(=O)[C@@H]1C,1,O=C1COC(=O)CCOC(=O)CCC(Cc2ccccc2)N1,0.7762516614975632,1,0.9396753257355338
CC(C)[C@@H]1OC(=O)[C@@H](C)[C@@H](C)OC(=O)C[C@@H](O)[C@H](Cc2ccccc2)N(C)C1=O,1,O=C1COC(=O)CCOC(=O)CCC(Cc2ccccc2)N1,CC(C)[C@@H]1OC(=O)[C@@H](C)COC(=O)C[C@@H](O)[C@H](Cc2ccccc2)N(C)C1=O,1,O=C1COC(=O)CCOC(=O)CCC(Cc2ccccc2)N1,0.7606710158434298,1,0.8791707025524715
CC(C)[C@@H]1OC(=O)[C@@H](C)[C@@H](C)OC(=O)C[C@@H](O)[C@H](Cc2ccccc2)N(C)C1=O,1,O=C1COC(=O)CCOC(=O)CCC(Cc2ccccc2)N1,COCO[C@@H]1CC(=O)O[C@H](C)[C@H](C)C(=O)O[C@@H](C(C)C)C(=O)N(C)[C@H]1Cc1ccccc1,1,O=C1COC(=O)CCOC(=O)CCC(Cc2ccccc2)N1,0.7087564974010396,1,0.8793884517491624
COCO[C@@H]1CC(=O)O[C@H](C)[C@H](C)C(=O)O[C@@H](C(C)C)C(=O)N(C)[C@H]1Cc1ccccc1,1,O=C1COC(=O)CCOC(=O)CCC(Cc2ccccc2)N1,CCCCCCC[C@H]1OC(=O)C[C@H](OCOC)[C@H](Cc2ccccc2)N(C)C(=O)[C@H](C(C)C)OC(=O)[C@H]1C,1,O=C1COC(=O)CCOC(=O)CCC(Cc2ccccc2)N1,0.7971291866028708,1,0.9774016897853045
COCO[C@@H]1CC(=O)O[C@H](C)[C@H](C)C(=O)O[C@@H](C(C)C)C(=O)N(C)[C@H]1Cc1ccccc1,1,O=C1COC(=O)CCOC(=O)CCC(Cc2ccccc2)N1,CCCCCCC[C@@H]1OC(=O)C[C@@H](OCOC)[C@H](Cc2ccccc2)N(C)C(=O)[C@H](C(C)C)OC(=O)[C@@H]1C,1,O=C1COC(=O)CCOC(=O)CCC(Cc2ccccc2)N1,0.7971291866028708,1,0.9774016897853045
COCO[C@@H]1CC(=O)O[C@H](C)[C@H](C)C(=O)O[C@@H](C(C)C)C(=O)N(C)[C@H]1Cc1ccccc1,1,O=C1COC(=O)CCOC(=O)CCC(Cc2ccccc2)N1,CCCCCCC[C@H]1OC(=O)C[C@@H](OCOC)[C@H](Cc2ccccc2)N(C)C(=O)[C@H](C(C)C)OC(=O)[C@H]1C,1,O=C1COC(=O)CCOC(=O)CCC(Cc2ccccc2)N1,0.7971291866028708,1,0.9774016897853045
COCO[C@@H]1CC(=O)O[C@H](C)[C@H](C)C(=O)O[C@@H](C(C)C)C(=O)N(C)[C@H]1Cc1ccccc1,1,O=C1COC(=O)CCOC(=O)CCC(Cc2ccccc2)N1,COCO[C@@H]1CC(=O)OC[C@H](C)C(=O)O[C@@H](C(C)C)C(=O)N(C)[C@@H]1Cc1ccccc1,1,O=C1COC(=O)CCOC(=O)CCC(Cc2ccccc2)N1,0.7787545787545789,1,0.944007772521682
NC12CC3CC(CC(C3)C1)C2,0,C1C2CC3CC1CC(C2)C3,CNCCCC12CCC(c3ccccc31)c1ccccc12,1,c1ccc2c(c1)C1CCC2c2ccccc21,0.07523510971786834,0,0.00033959176786601283
NC12CC3CC(CC(C3)C1)C2,0,C1C2CC3CC1CC(C2)C3,CC(=O)O[C@@H]1C[C@]2(C)[C@@H](C[C@@H](O)[C@@H]3[C@]4(C)CC[C@@H](O)[C@H](C)[C@H]4CC[C@]32C)/C1=C(\CCC=C(C)C)C(=O)O,1,C=C1CCC2C1CCC1C3CCCCC3CCC21,0.06997101449275363,0,0.0013863714689587418
NC12CC3CC(CC(C3)C1)C2,0,C1C2CC3CC1CC(C2)C3,C[C@@]12CC[C@@H]3C(CCC4=CC(=O)CC[C@]43C)[C@H]1CC[C@H]2O,1,O=C1C=C2CCC3C4CCCC4CCC3C2CC1,0.06716141001855289,0,0.008146549868479944
NC12CC3CC(CC(C3)C1)C2,0,C1C2CC3CC1CC(C2)C3,C[C@H]1C[C@@H]2[C@H]3CCC4=CC(=O)C=C[C@@]4(C)[C@]3(Cl)[C@@H](O)C[C@@]2(C)[C@@]1(OC(=O)c1ccco1)C(=O)CCl,1,O=C1C=CC2C(=C1)CCC1C2CCC2C(OC(=O)c3ccco3)CCC21,0.06642468239564428,0,0.0004788329595642036
C=N[C@@H](C(=O)N[C@@H]1C(=O)[C@H]2[C@@H]1SC(C)(C)[C@@H]2C(=O)O)c1ccccc1,0,O=C(Cc1ccccc1)NC1C(=O)C2CCSC21,CC(=O)[C@@H]1CC[C@@H]2[C@@H]3[C@H](Sc4ccc(NC(=O)N[C@H](C)c5ccccc5)cc4)CC4=CC(=O)CC[C@]4(C)[C@H]3CC[C@]21C,1,O=C1C=C2CC(Sc3ccc(NC(=O)NCc4ccccc4)cc3)C3C4CCCC4CCC3C2CC1,0.18685714285714283,0,0.05198600053576826
C=N[C@@H](C(=O)N[C@@H]1C(=O)[C@H]2[C@@H]1SC(C)(C)[C@@H]2C(=O)O)c1ccccc1,0,O=C(Cc1ccccc1)NC1C(=O)C2CCSC21,CO/N=C(/C(=O)N[C@H]1C(=O)N2C(C(=O)O)=C(COC(C)=O)CS[C@@H]12)c1csc(N)n1,1,N=C(C(=O)NC1C(=O)N2C=CCSC12)c1cscn1,0.18656848306332843,0,0.002985584800816649
C=N[C@@H](C(=O)N[C@@H]1C(=O)[C@H]2[C@@H]1SC(C)(C)[C@@H]2C(=O)O)c1ccccc1,0,O=C(Cc1ccccc1)NC1C(=O)C2CCSC21,COC(=O)N1[C@H]2C3[C@H](c4ccccc4)C4(CO)[C@@H]1C1[C@@H](c5ccccc5)C2(CO)[C@@H]3N(C(=O)OC)[C@H]14,1,c1ccc(C2C3C4NC5C2C2NC3C4C(c3ccccc3)C52)cc1,0.18493506493506495,0,0.0010259823522498065
C=N[C@@H](C(=O)N[C@@H]1C(=O)[C@H]2[C@@H]1SC(C)(C)[C@@H]2C(=O)O)c1ccccc1,0,O=C(Cc1ccccc1)NC1C(=O)C2CCSC21,CC(=O)c1ccc(OC[C@@H](O)CNCCC(c2ccccc2)c2ccccc2)cc1,1,c1ccc(OCCCNCCC(c2ccccc2)c2ccccc2)cc1,0.17790476190476193,0,0.001192178216477379
COc1cc([C@@H](O)CN[C@@H](C)CCn2cnc3ccccc32)ccc1O,0,c1ccc(CCNCCCn2cnc3ccccc32)cc1,CNC[C@@H](O)c1ccc(O)c(OC)c1,1,c1ccccc1,0.4853303471444569,0,0.20281658693951699
COc1cc([C@@H](O)CN[C@@H](C)CCn2cnc3ccccc32)ccc1O,0,c1ccc(CCNCCCn2cnc3ccccc32)cc1,C[C@H](Cc1ccc(O)cc1)NC[C@H](O)c1cc(O)cc(O)c1,1,c1ccc(CCNCCc2ccccc2)cc1,0.31934731934731936,0,0.3207591220946804
COc1cc([C@@H](O)CN[C@@H](C)CCn2cnc3ccccc32)ccc1O,0,c1ccc(CCNCCCn2cnc3ccccc32)cc1,COc1ccc([C@@H](O)CN2CCN(C(c3ccccc3)c3ccccc3)CC2)cc1OC,1,c1ccc(CCN2CCN(C(c3ccccc3)c3ccccc3)CC2)cc1,0.2996168582375479,0,0.15239213596511858
COc1cc([C@@H](O)CN[C@@H](C)CCn2cnc3ccccc32)ccc1O,0,c1ccc(CCNCCCn2cnc3ccccc32)cc1,COc1cc(CN(C)CCc2ccc(NC(=O)c3ccccc3NC(=O)c3cnc4ccccc4c3)cc2)ccc1O,1,O=C(Nc1ccccc1C(=O)Nc1ccc(CCNCc2ccccc2)cc1)c1cnc2ccccc2c1,0.2592481203007519,0,0.09468111087347948
CC1(C)CN=C(NN=C(/C=C/c2ccc(C(F)(F)F)cc2)/C=C/c2ccc(C(F)(F)F)cc2)NC1,1,C(=Cc1ccccc1)C(C=Cc1ccccc1)=NNC1=NCCCN1,COC(=O)/C=C/c1ccc(-c2nc(-c3ccc(N(C)C)cc3)c(-c3ccc(N(C)C)cc3)[nH]2)cc1,1,c1ccc(-c2nc(-c3ccccc3)c(-c3ccccc3)[nH]2)cc1,0.20422297297297298,1,0.9820946191103679
CC1(C)CN=C(NN=C(/C=C/c2ccc(C(F)(F)F)cc2)/C=C/c2ccc(C(F)(F)F)cc2)NC1,1,C(=Cc1ccccc1)C(C=Cc1ccccc1)=NNC1=NCCCN1,CCN(CC)c1ccc(-c2nc(-c3ccc(/C=C/C(=O)OC)cc3)[nH]c2-c2ccc(N(CC)CC)cc2)cc1,1,c1ccc(-c2nc(-c3ccccc3)c(-c3ccccc3)[nH]2)cc1,0.20315684315684318,1,0.9892440928346856
CC1(C)CN=C(NN=C(/C=C/c2ccc(C(F)(F)F)cc2)/C=C/c2ccc(C(F)(F)F)cc2)NC1,1,C(=Cc1ccccc1)C(C=Cc1ccccc1)=NNC1=NCCCN1,CN(C)c1ccc(-c2nc(-c3ccc(/C=C/C(=O)O)cc3)[nH]c2-c2ccc(N(C)C)cc2)cc1,1,c1ccc(-c2nc(-c3ccccc3)c(-c3ccccc3)[nH]2)cc1,0.196969696969697,1,0.9596599255751465
CC1(C)CN=C(NN=C(/C=C/c2ccc(C(F)(F)F)cc2)/C=C/c2ccc(C(F)(F)F)cc2)NC1,1,C(=Cc1ccccc1)C(C=Cc1ccccc1)=NNC1=NCCCN1,COC(=O)/C=C/c1ccc(-c2nc(-c3ccc(N4CCCC4)cc3)c(-c3ccc(N4CCCC4)cc3)[nH]2)cc1,1,c1ccc(-c2nc(-c3ccc(N4CCCC4)cc3)c(-c3ccc(N4CCCC4)cc3)[nH]2)cc1,0.1969383849980865,1,0.9759712919535648
C1CN(c2nc(N3CCOCC3)c3nc(N4CCOCC4)nc(N4CCOCC4)c3n2)CCO1,0,C1CN(c2nc(N3CCOCC3)c3nc(N4CCOCC4)nc(N4CCOCC4)c3n2)CCO1,CCOC/C=C/c1ccc(-c2ncc(-c3ccc(N4CCOCC4)cc3)[nH]2)cc1,1,c1ccc(-c2ncc(-c3ccc(N4CCOCC4)cc3)[nH]2)cc1,0.20321038251366122,0,0.004518000097693515
C1CN(c2nc(N3CCOCC3)c3nc(N4CCOCC4)nc(N4CCOCC4)c3n2)CCO1,0,C1CN(c2nc(N3CCOCC3)c3nc(N4CCOCC4)nc(N4CCOCC4)c3n2)CCO1,Clc1ccccc1-c1nc(N2CCCC2)c2ccccc2n1,1,c1ccc(-c2nc(N3CCCC3)c3ccccc3n2)cc1,0.19345040341718084,0,0.0006458019054981485
C1CN(c2nc(N3CCOCC3)c3nc(N4CCOCC4)nc(N4CCOCC4)c3n2)CCO1,0,C1CN(c2nc(N3CCOCC3)c3nc(N4CCOCC4)nc(N4CCOCC4)c3n2)CCO1,O=c1c2ccccc2n(CCCN2CCOCC2)c2ccccc12,1,O=c1c2ccccc2n(CCCN2CCOCC2)c2ccccc12,0.1928571428571429,0,0.0008387612491122375
C1CN(c2nc(N3CCOCC3)c3nc(N4CCOCC4)nc(N4CCOCC4)c3n2)CCO1,0,C1CN(c2nc(N3CCOCC3)c3nc(N4CCOCC4)nc(N4CCOCC4)c3n2)CCO1,CN(C)c1ccc(-c2nc(-c3ccc(/C=C/CN4CCOCC4)cc3)[nH]c2-c2ccc(N(C)C)cc2)cc1,1,C(=Cc1ccc(-c2nc(-c3ccccc3)c(-c3ccccc3)[nH]2)cc1)CN1CCOCC1,0.1907103825136612,0,0.009269757208410159
CCCNCCc1oc2ccccc2c1CCc1ccccc1,1,c1ccc(CCc2coc3ccccc23)cc1,CC(C)NCCc1oc2ccccc2c1CCc1ccccc1,1,c1ccc(CCc2coc3ccccc23)cc1,0.7042780748663101,1,0.997543151455789
CCCNCCc1oc2ccccc2c1CCc1ccccc1,1,c1ccc(CCc2coc3ccccc23)cc1,CCCNC[C@H](O)c1oc2ccccc2c1CCc1ccccc1,1,c1ccc(CCc2coc3ccccc23)cc1,0.6411472697186984,1,0.9617836358112752
CCCNCCc1oc2ccccc2c1CCc1ccccc1,1,c1ccc(CCc2coc3ccccc23)cc1,CCCNC[C@@H](O)c1oc2ccccc2c1CC,1,c1ccc2occc2c1,0.4923632610939113,1,0.9892568036681251
CCCNCCc1oc2ccccc2c1CCc1ccccc1,1,c1ccc(CCc2coc3ccccc23)cc1,COc1ccccc1N1CCN(CC(=O)c2oc3ccccc3c2CCc2ccccc2)CC1,1,O=C(CN1CCN(c2ccccc2)CC1)c1oc2ccccc2c1CCc1ccccc1,0.3530582382206614,1,0.9887557721639145
CC(C)NCCc1oc2ccccc2c1CCc1ccccc1,1,c1ccc(CCc2coc3ccccc23)cc1,CCCNCCc1oc2ccccc2c1CCc1ccccc1,1,c1ccc(CCc2coc3ccccc23)cc1,0.7042780748663101,1,0.9962526617733664
CC(C)NCCc1oc2ccccc2c1CCc1ccccc1,1,c1ccc(CCc2coc3ccccc23)cc1,CCCNC[C@H](O)c1oc2ccccc2c1CCc1ccccc1,1,c1ccc(CCc2coc3ccccc23)cc1,0.5124528301886793,1,0.9551042418830241
CC(C)NCCc1oc2ccccc2c1CCc1ccccc1,1,c1ccc(CCc2coc3ccccc23)cc1,CCCNC[C@@H](O)c1oc2ccccc2c1CC,1,c1ccc2occc2c1,0.37880266075388025,1,0.9879654838163437
CC(C)NCCc1oc2ccccc2c1CCc1ccccc1,1,c1ccc(CCc2coc3ccccc23)cc1,COc1ccccc1N1CCN(CC(=O)c2oc3ccccc3c2CCc2ccccc2)CC1,1,O=C(CN1CCN(c2ccccc2)CC1)c1oc2ccccc2c1CCc1ccccc1,0.3546268656716418,1,0.98821101157568
CCCNC[C@H](O)c1oc2ccccc2c1CCc1ccccc1,1,c1ccc(CCc2coc3ccccc23)cc1,CCCNC[C@@H](O)c1oc2ccccc2c1CC,1,c1ccc2occc2c1,0.7815873015873016,1,0.999400184324216
CCCNC[C@H](O)c1oc2ccccc2c1CCc1ccccc1,1,c1ccc(CCc2coc3ccccc23)cc1,CCCNCCc1oc2ccccc2c1CCc1ccccc1,1,c1ccc(CCc2coc3ccccc23)cc1,0.6411472697186984,1,0.9921789879824301
CCCNC[C@H](O)c1oc2ccccc2c1CCc1ccccc1,1,c1ccc(CCc2coc3ccccc23)cc1,CC(C)NCCc1oc2ccccc2c1CCc1ccccc1,1,c1ccc(CCc2coc3ccccc23)cc1,0.5124528301886793,1,0.9916742196383982
CCCNC[C@H](O)c1oc2ccccc2c1CCc1ccccc1,1,c1ccc(CCc2coc3ccccc23)cc1,CCCNC[C@@H](O)COc1ccccc1C(=O)CCc1ccccc1,1,O=C(CCc1ccccc1)c1ccccc1,0.3767619047619048,1,0.8466857267646875
CC(C)[C@@H](NC[C@H](O)COc1ccccc1C(=O)CCc1ccccc1)c1ccccc1,1,O=C(CCc1ccccc1)c1ccccc1OCCCNCc1ccccc1,CC(C)(C)[C@@H](NC[C@H](O)COc1ccccc1C(=O)CCc1ccccc1)c1ccccc1,1,O=C(CCc1ccccc1)c1ccccc1OCCCNCc1ccccc1,0.780909090909091,1,0.999334832209323
CC(C)[C@@H](NC[C@H](O)COc1ccccc1C(=O)CCc1ccccc1)c1ccccc1,1,O=C(CCc1ccccc1)c1ccccc1OCCCNCc1ccccc1,O=C(CCc1ccccc1)c1ccccc1OC[C@@H](O)CNC(c1ccccc1)c1ccccc1,1,O=C(CCc1ccccc1)c1ccccc1OCCCNC(c1ccccc1)c1ccccc1,0.7653846153846154,1,0.9990037934775305
CC(C)[C@@H](NC[C@H](O)COc1ccccc1C(=O)CCc1ccccc1)c1ccccc1,1,O=C(CCc1ccccc1)c1ccccc1OCCCNCc1ccccc1,O=C(CCc1ccccc1)c1ccccc1OC[C@@H](O)CNCC(c1ccccc1)c1ccccc1,1,O=C(CCc1ccccc1)c1ccccc1OCCCNCC(c1ccccc1)c1ccccc1,0.7058201058201059,1,0.9989093553045819
CC(C)[C@@H](NC[C@H](O)COc1ccccc1C(=O)CCc1ccccc1)c1ccccc1,1,O=C(CCc1ccccc1)c1ccccc1OCCCNCc1ccccc1,O=C(CCc1ccccc1)c1ccccc1OC[C@H](O)CNCC(c1ccccc1)c1ccccc1,1,O=C(CCc1ccccc1)c1ccccc1OCCCNCC(c1ccccc1)c1ccccc1,0.7058201058201059,1,0.9989093553045819
O=C(CCc1ccccc1)c1ccccc1OC[C@@H](O)CNCc1ccccc1,1,O=C(CCc1ccccc1)c1ccccc1OCCCNCc1ccccc1,O=C(CCc1ccccc1)c1ccccc1OC[C@@H](O)CNCC(c1ccccc1)c1ccccc1,1,O=C(CCc1ccccc1)c1ccccc1OCCCNCC(c1ccccc1)c1ccccc1,0.7912280701754386,1,0.994613896720609
O=C(CCc1ccccc1)c1ccccc1OC[C@@H](O)CNCc1ccccc1,1,O=C(CCc1ccccc1)c1ccccc1OCCCNCc1ccccc1,O=C(CCc1ccccc1)c1ccccc1OC[C@H](O)CNCC(c1ccccc1)c1ccccc1,1,O=C(CCc1ccccc1)c1ccccc1OCCCNCC(c1ccccc1)c1ccccc1,0.7912280701754386,1,0.994613896720609
O=C(CCc1ccccc1)c1ccccc1OC[C@@H](O)CNCc1ccccc1,1,O=C(CCc1ccccc1)c1ccccc1OCCCNCc1ccccc1,CCCNC[C@@H](O)COc1ccccc1C(=O)CCc1ccccc1,1,O=C(CCc1ccccc1)c1ccccc1,0.7825703254274683,1,0.9965801888804421
O=C(CCc1ccccc1)c1ccccc1OC[C@@H](O)CNCc1ccccc1,1,O=C(CCc1ccccc1)c1ccccc1OCCCNCc1ccccc1,CCCNC[C@H](O)COc1ccccc1C(=O)CCc1ccccc1,1,O=C(CCc1ccccc1)c1ccccc1,0.7825703254274683,1,0.9965801888804421
CC(C)(C)[C@@H](NC[C@H](O)COc1ccccc1C(=O)CCc1ccccc1)c1ccccc1,1,O=C(CCc1ccccc1)c1ccccc1OCCCNCc1ccccc1,CC(C)[C@@H](NC[C@H](O)COc1ccccc1C(=O)CCc1ccccc1)c1ccccc1,1,O=C(CCc1ccccc1)c1ccccc1OCCCNCc1ccccc1,0.780909090909091,1,0.999003304173116
CC(C)(C)[C@@H](NC[C@H](O)COc1ccccc1C(=O)CCc1ccccc1)c1ccccc1,1,O=C(CCc1ccccc1)c1ccccc1OCCCNCc1ccccc1,O=C(CCc1ccccc1)c1ccccc1OC[C@@H](O)CNC(c1ccccc1)c1ccccc1,1,O=C(CCc1ccccc1)c1ccccc1OCCCNC(c1ccccc1)c1ccccc1,0.7537735849056605,1,0.9985790272865053
CC(C)(C)[C@@H](NC[C@H](O)COc1ccccc1C(=O)CCc1ccccc1)c1ccccc1,1,O=C(CCc1ccccc1)c1ccccc1OCCCNCc1ccccc1,O=C(CCc1ccccc1)c1ccccc1OC[C@@H](O)CNCC(c1ccccc1)c1ccccc1,1,O=C(CCc1ccccc1)c1ccccc1OCCCNCC(c1ccccc1)c1ccccc1,0.6955844155844156,1,0.999195155419791
CC(C)(C)[C@@H](NC[C@H](O)COc1ccccc1C(=O)CCc1ccccc1)c1ccccc1,1,O=C(CCc1ccccc1)c1ccccc1OCCCNCc1ccccc1,O=C(CCc1ccccc1)c1ccccc1OC[C@H](O)CNCC(c1ccccc1)c1ccccc1,1,O=C(CCc1ccccc1)c1ccccc1OCCCNCC(c1ccccc1)c1ccccc1,0.6955844155844156,1,0.999195155419791
O=c1cc(-c2ccccc2)oc2cc3c(c(O)c12)OCO3,1,O=c1cc(-c2ccccc2)oc2cc3c(cc12)OCO3,COc1c2c(cc3oc(-c4ccccc4)cc(=O)c13)OCO2,1,O=c1cc(-c2ccccc2)oc2cc3c(cc12)OCO3,0.6921052631578948,1,0.9170293668749023
O=c1cc(-c2ccccc2)oc2cc3c(c(O)c12)OCO3,1,O=c1cc(-c2ccccc2)oc2cc3c(cc12)OCO3,O=c1cc(-c2ccccc2)oc2cc(O)c(Oc3ccccc3)c(O)c12,1,O=c1cc(-c2ccccc2)oc2ccc(Oc3ccccc3)cc12,0.5485294117647059,1,0.6577200206370091
O=c1cc(-c2ccccc2)oc2cc3c(c(O)c12)OCO3,1,O=c1cc(-c2ccccc2)oc2cc3c(cc12)OCO3,CC(=O)Oc1cc2oc(-c3ccccc3)cc(=O)c2c(O)c1OCc1ccccc1,1,O=c1cc(-c2ccccc2)oc2ccc(OCc3ccccc3)cc12,0.4904619970193741,1,0.7011880324066937
O=c1cc(-c2ccccc2)oc2cc3c(c(O)c12)OCO3,1,O=c1cc(-c2ccccc2)oc2cc3c(cc12)OCO3,COc1c2c(cc3oc(-c4ccccc4)cc(=O)c13)OC(c1ccccc1)(c1ccccc1)O2,1,O=c1cc(-c2ccccc2)oc2cc3c(cc12)OC(c1ccccc1)(c1ccccc1)O3,0.47024859663191665,1,0.683180746126909
COc1c2c(cc3oc(-c4ccccc4)cc(=O)c13)OCO2,1,O=c1cc(-c2ccccc2)oc2cc3c(cc12)OCO3,O=c1cc(-c2ccccc2)oc2cc3c(c(O)c12)OCO3,1,O=c1cc(-c2ccccc2)oc2cc3c(cc12)OCO3,0.6921052631578948,1,0.9493193401461877
COc1c2c(cc3oc(-c4ccccc4)cc(=O)c13)OCO2,1,O=c1cc(-c2ccccc2)oc2cc3c(cc12)OCO3,COc1c2c(cc3oc(-c4ccccc4)cc(=O)c13)OC(c1ccccc1)(c1ccccc1)O2,1,O=c1cc(-c2ccccc2)oc2cc3c(cc12)OC(c1ccccc1)(c1ccccc1)O3,0.6699643039265681,1,0.9484991640571103
COc1c2c(cc3oc(-c4ccccc4)cc(=O)c13)OCO2,1,O=c1cc(-c2ccccc2)oc2cc3c(cc12)OCO3,CC(=O)Oc1c(Oc2ccccc2)cc2oc(-c3ccccc3)cc(=O)c2c1OC(C)=O,1,O=c1cc(-c2ccccc2)oc2cc(Oc3ccccc3)ccc12,0.4992430613961312,1,0.935515138620478
COc1c2c(cc3oc(-c4ccccc4)cc(=O)c13)OCO2,1,O=c1cc(-c2ccccc2)oc2cc3c(cc12)OCO3,CC(=O)Oc1c(OCc2ccccc2)cc2oc(-c3ccccc3)cc(=O)c2c1OC(C)=O,1,O=c1cc(-c2ccccc2)oc2cc(OCc3ccccc3)ccc12,0.47967975600457496,1,0.7776301356402975
O=C(CCc1ccccc1)c1ccccc1OCCCCN1CCOCC1,1,O=C(CCc1ccccc1)c1ccccc1OCCCCN1CCOCC1,O=C(CCc1ccccc1)c1ccccc1OCCCCN1CCCCC1,1,O=C(CCc1ccccc1)c1ccccc1OCCCCN1CCCCC1,0.8124922696351269,1,0.9758796221390407
O=C(CCc1ccccc1)c1ccccc1OCCCCN1CCOCC1,1,O=C(CCc1ccccc1)c1ccccc1OCCCCN1CCOCC1,O=C(CCc1ccccc1)c1ccccc1OCCCCCCCCN1CCCCC1,1,O=C(CCc1ccccc1)c1ccccc1OCCCCCCCCN1CCCCC1,0.7997575757575759,1,0.9715528824793955
O=C(CCc1ccccc1)c1ccccc1OCCCCN1CCOCC1,1,O=C(CCc1ccccc1)c1ccccc1OCCCCN1CCOCC1,O=C(CCc1ccccc1)c1ccccc1OCCCCCN1CCCCC1,1,O=C(CCc1ccccc1)c1ccccc1OCCCCCN1CCCCC1,0.7997575757575759,1,0.9724794693505845
O=C(CCc1ccccc1)c1ccccc1OCCCCN1CCOCC1,1,O=C(CCc1ccccc1)c1ccccc1OCCCCN1CCOCC1,O=C(CCc1ccccc1)c1ccccc1OCCCCCCN1CCCCC1,1,O=C(CCc1ccccc1)c1ccccc1OCCCCCCN1CCCCC1,0.7997575757575759,1,0.9744668430910739
O=c1c2ccccc2n(CCCCN2CCN(CCO)CC2)c2ccccc12,1,O=c1c2ccccc2n(CCCCN2CCNCC2)c2ccccc12,O=c1c2ccccc2n(CCCN2CCN(CCO)CC2)c2ccccc12,1,O=c1c2ccccc2n(CCCN2CCNCC2)c2ccccc12,0.9421645021645022,1,0.9980897941897834
O=c1c2ccccc2n(CCCCN2CCN(CCO)CC2)c2ccccc12,1,O=c1c2ccccc2n(CCCCN2CCNCC2)c2ccccc12,CN1CCN(CCCCn2c3ccccc3c(=O)c3ccccc32)CC1,1,O=c1c2ccccc2n(CCCCN2CCNCC2)c2ccccc12,0.7693498452012385,1,0.9787230356462483
O=c1c2ccccc2n(CCCCN2CCN(CCO)CC2)c2ccccc12,1,O=c1c2ccccc2n(CCCCN2CCNCC2)c2ccccc12,O=c1c2ccccc2n(CCCCN2CCCCC2)c2ccccc12,1,O=c1c2ccccc2n(CCCCN2CCCCC2)c2ccccc12,0.7470494417862839,1,0.9810956627606502
O=c1c2ccccc2n(CCCCN2CCN(CCO)CC2)c2ccccc12,1,O=c1c2ccccc2n(CCCCN2CCNCC2)c2ccccc12,COc1cccc2c(=O)c3ccccc3n(CCCCN3CCN(CCO)CC3)c12,1,O=c1c2ccccc2n(CCCCN2CCNCC2)c2ccccc12,0.7258046917621386,1,0.9809771093811407
COc1cccc2c(=O)c3ccccc3n(CCCCN3CCN(CCO)CC3)c12,1,O=c1c2ccccc2n(CCCCN2CCNCC2)c2ccccc12,COc1cccc2c(=O)c3ccccc3n(CCCN3CCN(CCO)CC3)c12,1,O=c1c2ccccc2n(CCCN2CCNCC2)c2ccccc12,0.9559574468085108,1,0.9975987327807748
COc1cccc2c(=O)c3ccccc3n(CCCCN3CCN(CCO)CC3)c12,1,O=c1c2ccccc2n(CCCCN2CCNCC2)c2ccccc12,COc1cccc2c(=O)c3ccccc3n(CCCCN3CCN(C)CC3)c12,1,O=c1c2ccccc2n(CCCCN2CCNCC2)c2ccccc12,0.8352414136386263,1,0.9904607029267982
COc1cccc2c(=O)c3ccccc3n(CCCCN3CCN(CCO)CC3)c12,1,O=c1c2ccccc2n(CCCCN2CCNCC2)c2ccccc12,COc1cccc2c(=O)c3ccccc3n(CCCCN3CCCCC3)c12,1,O=c1c2ccccc2n(CCCCN2CCCCC2)c2ccccc12,0.8050000000000002,1,0.98494069269389
COc1cccc2c(=O)c3ccccc3n(CCCCN3CCN(CCO)CC3)c12,1,O=c1c2ccccc2n(CCCCN2CCNCC2)c2ccccc12,COc1cccc2c(=O)c3ccccc3n(CCCN3CCN(C)CC3)c12,1,O=c1c2ccccc2n(CCCN2CCNCC2)c2ccccc12,0.7971428571428573,1,0.9820787167599783
CN1CCN(CCCCn2c3ccccc3c(=O)c3ccccc32)CC1,1,O=c1c2ccccc2n(CCCCN2CCNCC2)c2ccccc12,CN1CCN(CCCn2c3ccccc3c(=O)c3ccccc32)CC1,1,O=c1c2ccccc2n(CCCN2CCNCC2)c2ccccc12,0.9396078431372549,1,0.9956776897414492
CN1CCN(CCCCn2c3ccccc3c(=O)c3ccccc32)CC1,1,O=c1c2ccccc2n(CCCCN2CCNCC2)c2ccccc12,O=c1c2ccccc2n(CCCCN2CCCCC2)c2ccccc12,1,O=c1c2ccccc2n(CCCCN2CCCCC2)c2ccccc12,0.7787387387387388,1,0.99267939697852
CN1CCN(CCCCn2c3ccccc3c(=O)c3ccccc32)CC1,1,O=c1c2ccccc2n(CCCCN2CCNCC2)c2ccccc12,O=c1c2ccccc2n(CCCCN2CCN(CCO)CC2)c2ccccc12,1,O=c1c2ccccc2n(CCCCN2CCNCC2)c2ccccc12,0.7693498452012385,1,0.9855220640687754
CN1CCN(CCCCn2c3ccccc3c(=O)c3ccccc32)CC1,1,O=c1c2ccccc2n(CCCCN2CCNCC2)c2ccccc12,O=c1c2ccccc2n(CCCN2CCCCC2)c2ccccc12,1,O=c1c2ccccc2n(CCCN2CCCCC2)c2ccccc12,0.7361629881154499,1,0.9956131856844714
COc1cccc2c(=O)c3ccccc3n(CCCCN3CCN(C)CC3)c12,1,O=c1c2ccccc2n(CCCCN2CCNCC2)c2ccccc12,COc1cccc2c(=O)c3ccccc3n(CCCN3CCN(C)CC3)c12,1,O=c1c2ccccc2n(CCCN2CCNCC2)c2ccccc12,0.9536336336336337,1,0.9962000340687126
COc1cccc2c(=O)c3ccccc3n(CCCCN3CCN(C)CC3)c12,1,O=c1c2ccccc2n(CCCCN2CCNCC2)c2ccccc12,COc1cccc2c(=O)c3ccccc3n(CCCCN3CCCCC3)c12,1,O=c1c2ccccc2n(CCCCN2CCCCC2)c2ccccc12,0.8450450450450451,1,0.9958600091490335
COc1cccc2c(=O)c3ccccc3n(CCCCN3CCN(C)CC3)c12,1,O=c1c2ccccc2n(CCCCN2CCNCC2)c2ccccc12,COc1cccc2c(=O)c3ccccc3n(CCCCN3CCN(CCO)CC3)c12,1,O=c1c2ccccc2n(CCCCN2CCNCC2)c2ccccc12,0.8352414136386263,1,0.9914946151542197
COc1cccc2c(=O)c3ccccc3n(CCCCN3CCN(C)CC3)c12,1,O=c1c2ccccc2n(CCCCN2CCNCC2)c2ccccc12,COc1cccc2c(=O)c3ccccc3n(CCCN3CCCCC3)c12,1,O=c1c2ccccc2n(CCCN2CCCCC2)c2ccccc12,0.8104189044038669,1,0.9946014042666053
COC1=CC(=O)O[C@@H](/C=C/c2ccccc2)C1,0,O=C1C=CCC(C=Cc2ccccc2)O1,COCO[C@@H]1CC(=O)O[C@H](C)[C@H](C)C(=O)O[C@@H](C(C)C)C(=O)N(C)[C@H]1Cc1ccccc1,1,O=C1COC(=O)CCOC(=O)CCC(Cc2ccccc2)N1,0.26247766527695054,0,0.06552077466916736
COC1=CC(=O)O[C@@H](/C=C/c2ccccc2)C1,0,O=C1C=CCC(C=Cc2ccccc2)O1,COCO[C@@H]1CC(=O)OC[C@H](C)C(=O)O[C@@H](C(C)C)C(=O)N(C)[C@@H]1Cc1ccccc1,1,O=C1COC(=O)CCOC(=O)CCC(Cc2ccccc2)N1,0.25173745173745177,0,0.04908468096276206
COC1=CC(=O)O[C@@H](/C=C/c2ccccc2)C1,0,O=C1C=CCC(C=Cc2ccccc2)O1,CCCCCCC[C@H]1OC(=O)C[C@@H](OCOC)[C@H](Cc2ccccc2)N(C)C(=O)[C@H](C)OC(=O)[C@H]1C,1,O=C1COC(=O)CCOC(=O)CCC(Cc2ccccc2)N1,0.2508427742470296,0,0.0677092412834429
COC1=CC(=O)O[C@@H](/C=C/c2ccccc2)C1,0,O=C1C=CCC(C=Cc2ccccc2)O1,CCCCCCC[C@@H]1CC(=O)O[C@@H](C(C)C)C(=O)N(C)[C@@H](Cc2ccccc2)[C@H](OCOC)CC(=O)O1,1,O=C1COC(=O)CCOC(=O)CCC(Cc2ccccc2)N1,0.24780701754385967,0,0.03683988246488589
COc1cc2c(cc1OC)CN(CCc1ccc(NC(=O)c3ccccc3NC(=O)c3ccc(C)cc3)cc1)CC2,1,O=C(Nc1ccccc1C(=O)Nc1ccc(CCN2CCc3ccccc3C2)cc1)c1ccccc1,COc1cc2c(cc1OC)CN(CCc1ccc(NC(=O)c3ccccc3NC(=O)c3ccccc3)cc1)CC2,1,O=C(Nc1ccccc1C(=O)Nc1ccc(CCN2CCc3ccccc3C2)cc1)c1ccccc1,0.9005847953216375,1,0.9999183752180159
COc1cc2c(cc1OC)CN(CCc1ccc(NC(=O)c3ccccc3NC(=O)c3ccc(C)cc3)cc1)CC2,1,O=C(Nc1ccccc1C(=O)Nc1ccc(CCN2CCc3ccccc3C2)cc1)c1ccccc1,COc1cc2c(cc1OC)CN(CCc1ccc(NC(=O)c3ccccc3NC(=O)c3ccc(C)c(C)c3)cc1)CC2,1,O=C(Nc1ccccc1C(=O)Nc1ccc(CCN2CCc3ccccc3C2)cc1)c1ccccc1,0.8655970149253732,1,0.9999472428202516
COc1cc2c(cc1OC)CN(CCc1ccc(NC(=O)c3ccccc3NC(=O)c3ccc(C)cc3)cc1)CC2,1,O=C(Nc1ccccc1C(=O)Nc1ccc(CCN2CCc3ccccc3C2)cc1)c1ccccc1,COc1cccc(C(=O)Nc2ccccc2C(=O)Nc2ccc(CCN3CCc4cc(OC)c(OC)cc4C3)cc2)c1,1,O=C(Nc1ccccc1C(=O)Nc1ccc(CCN2CCc3ccccc3C2)cc1)c1ccccc1,0.8222965440356745,1,0.9995618067413354
COc1cc2c(cc1OC)CN(CCc1ccc(NC(=O)c3ccccc3NC(=O)c3ccc(C)cc3)cc1)CC2,1,O=C(Nc1ccccc1C(=O)Nc1ccc(CCN2CCc3ccccc3C2)cc1)c1ccccc1,COc1cc2c(cc1OC)CN(CCc1ccc(NC(=O)c3ccccc3NC(=O)c3cccc4ccccc34)cc1)CC2,1,O=C(Nc1ccc(CCN2CCc3ccccc3C2)cc1)c1ccccc1NC(=O)c1cccc2ccccc12,0.777283451297607,1,0.9999351656210477
COc1cc2c(cc1OC)CN(CCc1ccc(NC(=O)c3ccccc3NC(=O)c3ccccc3)cc1)CC2,1,O=C(Nc1ccccc1C(=O)Nc1ccc(CCN2CCc3ccccc3C2)cc1)c1ccccc1,COc1cc2c(cc1OC)CN(CCc1ccc(NC(=O)c3ccccc3NC(=O)c3ccc(C)cc3)cc1)CC2,1,O=C(Nc1ccccc1C(=O)Nc1ccc(CCN2CCc3ccccc3C2)cc1)c1ccccc1,0.9005847953216375,1,0.9999264307176083
COc1cc2c(cc1OC)CN(CCc1ccc(NC(=O)c3ccccc3NC(=O)c3ccccc3)cc1)CC2,1,O=C(Nc1ccccc1C(=O)Nc1ccc(CCN2CCc3ccccc3C2)cc1)c1ccccc1,COc1cccc(C(=O)Nc2ccccc2C(=O)Nc2ccc(CCN3CCc4cc(OC)c(OC)cc4C3)cc2)c1,1,O=C(Nc1ccccc1C(=O)Nc1ccc(CCN2CCc3ccccc3C2)cc1)c1ccccc1,0.8838253638253639,1,0.9997350905406266
COc1cc2c(cc1OC)CN(CCc1ccc(NC(=O)c3ccccc3NC(=O)c3ccccc3)cc1)CC2,1,O=C(Nc1ccccc1C(=O)Nc1ccc(CCN2CCc3ccccc3C2)cc1)c1ccccc1,COc1cc2c(cc1OC)CN(CCc1ccc(NC(=O)c3ccccc3NC(=O)c3ccc(C)c(C)c3)cc1)CC2,1,O=C(Nc1ccccc1C(=O)Nc1ccc(CCN2CCc3ccccc3C2)cc1)c1ccccc1,0.8512820512820514,1,0.9998966486599572
COc1cc2c(cc1OC)CN(CCc1ccc(NC(=O)c3ccccc3NC(=O)c3ccccc3)cc1)CC2,1,O=C(Nc1ccccc1C(=O)Nc1ccc(CCN2CCc3ccccc3C2)cc1)c1ccccc1,COc1cc2c(cc1OC)CN(CCc1ccc(NC(=O)c3ccccc3NC(=O)c3cccnc3)cc1)CC2,1,O=C(Nc1ccccc1C(=O)Nc1ccc(CCN2CCc3ccccc3C2)cc1)c1cccnc1,0.8277476255088195,1,0.9996427598456227
COc1cc2c(cc1OC)CN(CCc1ccc(NC(=O)c3ccccc3NC(=O)c3ccc(C)c(C)c3)cc1)CC2,1,O=C(Nc1ccccc1C(=O)Nc1ccc(CCN2CCc3ccccc3C2)cc1)c1ccccc1,COc1cc2c(cc1OC)CN(CCc1ccc(NC(=O)c3ccccc3NC(=O)c3ccc(C)cc3)cc1)CC2,1,O=C(Nc1ccccc1C(=O)Nc1ccc(CCN2CCc3ccccc3C2)cc1)c1ccccc1,0.8655970149253732,1,0.9999352833947447
COc1cc2c(cc1OC)CN(CCc1ccc(NC(=O)c3ccccc3NC(=O)c3ccc(C)c(C)c3)cc1)CC2,1,O=C(Nc1ccccc1C(=O)Nc1ccc(CCN2CCc3ccccc3C2)cc1)c1ccccc1,COc1cc2c(cc1OC)CN(CCc1ccc(NC(=O)c3ccccc3NC(=O)c3ccccc3)cc1)CC2,1,O=C(Nc1ccccc1C(=O)Nc1ccc(CCN2CCc3ccccc3C2)cc1)c1ccccc1,0.8512820512820514,1,0.9999167646171149
COc1cc2c(cc1OC)CN(CCc1ccc(NC(=O)c3ccccc3NC(=O)c3ccc(C)c(C)c3)cc1)CC2,1,O=C(Nc1ccccc1C(=O)Nc1ccc(CCN2CCc3ccccc3C2)cc1)c1ccccc1,COc1cccc(C(=O)Nc2ccccc2C(=O)Nc2ccc(CCN3CCc4cc(OC)c(OC)cc4C3)cc2)c1,1,O=C(Nc1ccccc1C(=O)Nc1ccc(CCN2CCc3ccccc3C2)cc1)c1ccccc1,0.8200000000000002,1,0.9997235454917004
COc1cc2c(cc1OC)CN(CCc1ccc(NC(=O)c3ccccc3NC(=O)c3ccc(C)c(C)c3)cc1)CC2,1,O=C(Nc1ccccc1C(=O)Nc1ccc(CCN2CCc3ccccc3C2)cc1)c1ccccc1,COc1cc2c(cc1OC)CN(CCc1ccc(NC(=O)c3ccccc3NC(=O)c3cccc4ccccc34)cc1)CC2,1,O=C(Nc1ccc(CCN2CCc3ccccc3C2)cc1)c1ccccc1NC(=O)c1cccc2ccccc12,0.7562740076824583,1,0.9998223902756265
COc1cccc(C(=O)Nc2ccccc2C(=O)Nc2ccc(CCN3CCc4cc(OC)c(OC)cc4C3)cc2)c1,1,O=C(Nc1ccccc1C(=O)Nc1ccc(CCN2CCc3ccccc3C2)cc1)c1ccccc1,COc1cc2c(cc1OC)CN(CCc1ccc(NC(=O)c3ccccc3NC(=O)c3ccccc3)cc1)CC2,1,O=C(Nc1ccccc1C(=O)Nc1ccc(CCN2CCc3ccccc3C2)cc1)c1ccccc1,0.8838253638253639,1,0.9998653218370847
COc1cccc(C(=O)Nc2ccccc2C(=O)Nc2ccc(CCN3CCc4cc(OC)c(OC)cc4C3)cc2)c1,1,O=C(Nc1ccccc1C(=O)Nc1ccc(CCN2CCc3ccccc3C2)cc1)c1ccccc1,COc1cc2c(cc1OC)CN(CCc1ccc(NC(=O)c3ccccc3NC(=O)c3ccc(C)cc3)cc1)CC2,1,O=C(Nc1ccccc1C(=O)Nc1ccc(CCN2CCc3ccccc3C2)cc1)c1ccccc1,0.8222965440356745,1,0.9998234195274129
COc1cccc(C(=O)Nc2ccccc2C(=O)Nc2ccc(CCN3CCc4cc(OC)c(OC)cc4C3)cc2)c1,1,O=C(Nc1ccccc1C(=O)Nc1ccc(CCN2CCc3ccccc3C2)cc1)c1ccccc1,COc1cc2c(cc1OC)CN(CCc1ccc(NC(=O)c3ccccc3NC(=O)c3ccc(C)c(C)c3)cc1)CC2,1,O=C(Nc1ccccc1C(=O)Nc1ccc(CCN2CCc3ccccc3C2)cc1)c1ccccc1,0.8200000000000002,1,0.9998153484782386
COc1cccc(C(=O)Nc2ccccc2C(=O)Nc2ccc(CCN3CCc4cc(OC)c(OC)cc4C3)cc2)c1,1,O=C(Nc1ccccc1C(=O)Nc1ccc(CCN2CCc3ccccc3C2)cc1)c1ccccc1,COc1cc2c(cc1OC)CN(CCc1ccc(NC(=O)c3ccccc3NC(=O)c3cccc4ccccc34)cc1)CC2,1,O=C(Nc1ccc(CCN2CCc3ccccc3C2)cc1)c1ccccc1NC(=O)c1cccc2ccccc12,0.783809523809524,1,0.9998196295130405
c1cc2c(c(N3CCNCC3)c1)OCCO2,0,c1cc2c(c(N3CCNCC3)c1)OCCO2,COc1cccc(CCc2ccccc2OCCCN2CCN(c3ccccc3OC)CC2)c1,1,c1ccc(CCc2ccccc2OCCCN2CCN(c3ccccc3)CC2)cc1,0.21434720229555237,0,0.014289198850446386
c1cc2c(c(N3CCNCC3)c1)OCCO2,0,c1cc2c(c(N3CCNCC3)c1)OCCO2,COc1cccc(CCc2ccccc2OCCCCN2CCN(c3ccccc3OC)CC2)c1,1,c1ccc(CCc2ccccc2OCCCCN2CCN(c3ccccc3)CC2)cc1,0.21055900621118012,0,0.008476873206135308
c1cc2c(c(N3CCNCC3)c1)OCCO2,0,c1cc2c(c(N3CCNCC3)c1)OCCO2,O=c1c2ccccc2n(CCCN2CCOCC2)c2ccccc12,1,O=c1c2ccccc2n(CCCN2CCOCC2)c2ccccc12,0.19714884696016774,0,0.023480552585142214
c1cc2c(c(N3CCNCC3)c1)OCCO2,0,c1cc2c(c(N3CCNCC3)c1)OCCO2,COc1cccc2c(=O)c3ccccc3n(CCCN3CCOCC3)c12,1,O=c1c2ccccc2n(CCCN2CCOCC2)c2ccccc12,0.19081632653061226,0,0.004637832919903511
CCCCCC[C@@H]1C(=O)O[C@@H](C)[C@@H](NC(=O)c2cccc(NC=O)c2O)C(=O)O[C@@H](C)[C@H]1OC(=O)CC(C)C,0,O=C1CCCOC(=O)C(NC(=O)c2ccccc2)CO1,CCCCCCC[C@H]1OC(=O)C[C@H](O)[C@H](Cc2ccccc2)N(C)C(=O)[C@H](C(C)C)OC(=O)[C@H]1C,1,O=C1COC(=O)CCOC(=O)CCC(Cc2ccccc2)N1,0.2767610269914418,0,0.16053334214982082
CCCCCC[C@@H]1C(=O)O[C@@H](C)[C@@H](NC(=O)c2cccc(NC=O)c2O)C(=O)O[C@@H](C)[C@H]1OC(=O)CC(C)C,0,O=C1CCCOC(=O)C(NC(=O)c2ccccc2)CO1,CCCCCCC[C@@H]1OC(=O)C[C@@H](O)[C@H](Cc2ccccc2)N(C)C(=O)[C@H](C(C)C)OC(=O)[C@@H]1C,1,O=C1COC(=O)CCOC(=O)CCC(Cc2ccccc2)N1,0.2767610269914418,0,0.16053334214982082
CCCCCC[C@@H]1C(=O)O[C@@H](C)[C@@H](NC(=O)c2cccc(NC=O)c2O)C(=O)O[C@@H](C)[C@H]1OC(=O)CC(C)C,0,O=C1CCCOC(=O)C(NC(=O)c2ccccc2)CO1,CCCCCCC[C@H]1OC(=O)CC[C@H](Cc2ccccc2)N(C)C(=O)[C@H](C(C)C)OC(=O)[C@H]1C,1,O=C1COC(=O)CCOC(=O)CCC(Cc2ccccc2)N1,0.2617360041088855,0,0.10024754423047975
CCCCCC[C@@H]1C(=O)O[C@@H](C)[C@@H](NC(=O)c2cccc(NC=O)c2O)C(=O)O[C@@H](C)[C@H]1OC(=O)CC(C)C,0,O=C1CCCOC(=O)C(NC(=O)c2ccccc2)CO1,CCCCCCC[C@H]1OC(=O)C[C@H](OCOC)[C@H](Cc2ccccc2)N(C)C(=O)[C@H](C(C)C)OC(=O)[C@H]1C,1,O=C1COC(=O)CCOC(=O)CCC(Cc2ccccc2)N1,0.26131674757281553,0,0.26503616679736364
C[C@H](Cc1ccc(O)cc1)NC[C@H](O)c1cc(O)cc(O)c1,1,c1ccc(CCNCCc2ccccc2)cc1,CNC[C@@H](O)c1ccc(O)c(OC)c1,1,c1ccccc1,0.33678985107556536,0,0.38681844044900754
C[C@H](Cc1ccc(O)cc1)NC[C@H](O)c1cc(O)cc(O)c1,1,c1ccc(CCNCCc2ccccc2)cc1,CCCNC[C@H](O)COc1ccc(O)cc1C(=O)CCc1ccccc1,1,O=C(CCc1ccccc1)c1ccccc1,0.2514705882352941,0,0.3735919682512442
C[C@H](Cc1ccc(O)cc1)NC[C@H](O)c1cc(O)cc(O)c1,1,c1ccc(CCNCCc2ccccc2)cc1,CCCNC[C@H](O)c1oc2ccccc2c1CCc1ccccc1,1,c1ccc(CCc2coc3ccccc23)cc1,0.2329593267882188,1,0.597713280805457
C[C@H](Cc1ccc(O)cc1)NC[C@H](O)c1cc(O)cc(O)c1,1,c1ccc(CCNCCc2ccccc2)cc1,CC(C)N(C[C@H](O)COc1ccc(O)cc1C(=O)CCc1ccccc1)C(C)C,1,O=C(CCc1ccccc1)c1ccccc1,0.22598770851624234,1,0.5878322528076948
COc1ccc(CCN[C@@H](C)[C@@H](O)c2ccc(O)c(NS(C)(=O)=O)c2)cc1,0,c1ccc(CCNCCc2ccccc2)cc1,CNC[C@@H](O)c1ccc(O)c(OC)c1,1,c1ccccc1,0.3211719567492152,0,0.017790735715807027
COc1ccc(CCN[C@@H](C)[C@@H](O)c2ccc(O)c(NS(C)(=O)=O)c2)cc1,0,c1ccc(CCNCCc2ccccc2)cc1,C[C@H](Cc1ccc(O)cc1)NC[C@H](O)c1cc(O)cc(O)c1,1,c1ccc(CCNCCc2ccccc2)cc1,0.2820294599018004,0,0.08765521970378574
COc1ccc(CCN[C@@H](C)[C@@H](O)c2ccc(O)c(NS(C)(=O)=O)c2)cc1,0,c1ccc(CCNCCc2ccccc2)cc1,CC(C)NC[C@@H](O)COc1ccc(Oc2ccccc2)cc1C(=O)CCc1ccccc1,1,O=C(CCc1ccccc1)c1cccc(Oc2ccccc2)c1,0.2669384252306372,0,0.03890455083768495
COc1ccc(CCN[C@@H](C)[C@@H](O)c2ccc(O)c(NS(C)(=O)=O)c2)cc1,0,c1ccc(CCNCCc2ccccc2)cc1,COc1ccc(COc2ccccc2CCc2ccccc2)cc1,1,c1ccc(CCc2ccccc2OCc2ccccc2)cc1,0.25525641025641027,0,0.0029118334952255996
C[C@H](NCCc1ccc(O)cc1)[C@H](O)c1ccc(O)cc1,0,c1ccc(CCNCCc2ccccc2)cc1,C[C@H](Cc1ccc(O)cc1)NC[C@H](O)c1cc(O)cc(O)c1,1,c1ccc(CCNCCc2ccccc2)cc1,0.455483870967742,0,0.006533180728175375
C[C@H](NCCc1ccc(O)cc1)[C@H](O)c1ccc(O)cc1,0,c1ccc(CCNCCc2ccccc2)cc1,CC(C)NCCc1oc2ccccc2c1CCc1ccccc1,1,c1ccc(CCc2coc3ccccc23)cc1,0.2796134376438104,0,0.08871218138170411
C[C@H](NCCc1ccc(O)cc1)[C@H](O)c1ccc(O)cc1,0,c1ccc(CCNCCc2ccccc2)cc1,CNC[C@@H](O)c1ccc(O)c(OC)c1,1,c1ccccc1,0.2769994484280199,0,0.02838871750587416
C[C@H](NCCc1ccc(O)cc1)[C@H](O)c1ccc(O)cc1,0,c1ccc(CCNCCc2ccccc2)cc1,CCCNC[C@H](O)COc1ccc(O)cc1C(=O)CCc1ccccc1,1,O=C(CCc1ccccc1)c1ccccc1,0.2723404255319149,0,0.04037638663470242
COc1ccccc1OCCNC[C@H](O)COc1cccc2[nH]c3ccccc3c12,1,c1ccc(OCCNCCCOc2cccc3[nH]c4ccccc4c23)cc1,CCCNC[C@@H](O)COc1ccccc1C(=O)CCc1ccccc1,1,O=C(CCc1ccccc1)c1ccccc1,0.37411764705882355,1,0.8054722396141262
COc1ccccc1OCCNC[C@H](O)COc1cccc2[nH]c3ccccc3c12,1,c1ccc(OCCNCCCOc2cccc3[nH]c4ccccc4c23)cc1,CCCNC[C@H](O)COc1ccccc1C(=O)CCc1ccccc1,1,O=C(CCc1ccccc1)c1ccccc1,0.37411764705882355,1,0.8054722396141262
COc1ccccc1OCCNC[C@H](O)COc1cccc2[nH]c3ccccc3c12,1,c1ccc(OCCNCCCOc2cccc3[nH]c4ccccc4c23)cc1,O=C(CCc1cccc2ccccc12)c1ccccc1OC[C@@H](O)CNCCC(c1ccccc1)c1ccccc1,1,O=C(CCc1cccc2ccccc12)c1ccccc1OCCCNCCC(c1ccccc1)c1ccccc1,0.36948148148148147,1,0.9685366798914513
COc1ccccc1OCCNC[C@H](O)COc1cccc2[nH]c3ccccc3c12,1,c1ccc(OCCNCCCOc2cccc3[nH]c4ccccc4c23)cc1,O=C(CCc1cccc2ccccc12)c1ccccc1OC[C@H](O)CNCCC(c1ccccc1)c1ccccc1,1,O=C(CCc1cccc2ccccc12)c1ccccc1OCCCNCCC(c1ccccc1)c1ccccc1,0.36948148148148147,1,0.9685366798914513
COc1cc(O)ccc1OCCNC[C@H](O)COc1cccc2[nH]c3ccccc3c12,0,c1ccc(OCCNCCCOc2cccc3[nH]c4ccccc4c23)cc1,COc1ccccc1OCCNC[C@H](O)COc1cccc2[nH]c3ccccc3c12,1,c1ccc(OCCNCCCOc2cccc3[nH]c4ccccc4c23)cc1,0.8470383275261325,0,0.09699016793558467
COc1cc(O)ccc1OCCNC[C@H](O)COc1cccc2[nH]c3ccccc3c12,0,c1ccc(OCCNCCCOc2cccc3[nH]c4ccccc4c23)cc1,CCCNC[C@H](O)COc1ccc(O)cc1C(=O)CCc1ccccc1,1,O=C(CCc1ccccc1)c1ccccc1,0.4057142857142858,0,0.2526594695346642
COc1cc(O)ccc1OCCNC[C@H](O)COc1cccc2[nH]c3ccccc3c12,0,c1ccc(OCCNCCCOc2cccc3[nH]c4ccccc4c23)cc1,CCCNC[C@@H](O)COc1ccccc1C(=O)CCc1ccccc1,1,O=C(CCc1ccccc1)c1ccccc1,0.3393939393939394,0,0.2023444401734632
COc1cc(O)ccc1OCCNC[C@H](O)COc1cccc2[nH]c3ccccc3c12,0,c1ccc(OCCNCCCOc2cccc3[nH]c4ccccc4c23)cc1,CCCNC[C@H](O)COc1ccccc1C(=O)CCc1ccccc1,1,O=C(CCc1ccccc1)c1ccccc1,0.3393939393939394,0,0.2023444401734632
COc1ccc(O)cc1OCCNC[C@H](O)COc1cccc2[nH]c3ccccc3c12,0,c1ccc(OCCNCCCOc2cccc3[nH]c4ccccc4c23)cc1,COc1ccccc1OCCNC[C@H](O)COc1cccc2[nH]c3ccccc3c12,1,c1ccc(OCCNCCCOc2cccc3[nH]c4ccccc4c23)cc1,0.8470383275261325,0,0.09382696131720976
COc1ccc(O)cc1OCCNC[C@H](O)COc1cccc2[nH]c3ccccc3c12,0,c1ccc(OCCNCCCOc2cccc3[nH]c4ccccc4c23)cc1,CCCNC[C@H](O)COc1ccc(O)cc1C(=O)CCc1ccccc1,1,O=C(CCc1ccccc1)c1ccccc1,0.4057142857142858,0,0.25449427959027165
COc1ccc(O)cc1OCCNC[C@H](O)COc1cccc2[nH]c3ccccc3c12,0,c1ccc(OCCNCCCOc2cccc3[nH]c4ccccc4c23)cc1,CCCNC[C@@H](O)COc1ccccc1C(=O)CCc1ccccc1,1,O=C(CCc1ccccc1)c1ccccc1,0.3393939393939394,0,0.20477887147856058
COc1ccc(O)cc1OCCNC[C@H](O)COc1cccc2[nH]c3ccccc3c12,0,c1ccc(OCCNCCCOc2cccc3[nH]c4ccccc4c23)cc1,CCCNC[C@H](O)COc1ccccc1C(=O)CCc1ccccc1,1,O=C(CCc1ccccc1)c1ccccc1,0.3393939393939394,0,0.20477887147856058
CNC(=O)Oc1ccc2c(c1)[C@]1(C)CCN(C)[C@@H]1N2C,0,c1ccc2c(c1)NC1NCCC21,COc1cc2c(cc1OC)CN(CCNC(=O)c1ccccc1NC(=O)c1ccc(OC3CCCCC3)cc1)CC2,1,O=C(Nc1ccccc1C(=O)NCCN1CCc2ccccc2C1)c1ccc(OC2CCCCC2)cc1,0.21136675824175824,0,0.0006091569613111349
CNC(=O)Oc1ccc2c(c1)[C@]1(C)CCN(C)[C@@H]1N2C,0,c1ccc2c(c1)NC1NCCC21,COC(=O)C1=C(C)NC(C)=C(C(=O)OCCCN2CCC(c3ccccc3)(c3ccccc3)CC2)[C@H]1c1cccc([N+](=O)[O-])c1,1,O=C(OCCCN1CCC(c2ccccc2)(c2ccccc2)CC1)C1=CNC=CC1c1ccccc1,0.2109625668449198,0,0.0008108442754004101
CNC(=O)Oc1ccc2c(c1)[C@]1(C)CCN(C)[C@@H]1N2C,0,c1ccc2c(c1)NC1NCCC21,COc1ccc2c(c1)CN(C(=O)CCN1CCC(Cc3ccccc3)CC1)CCS2,1,O=C(CCN1CCC(Cc2ccccc2)CC1)N1CCSc2ccccc2C1,0.20984749455337692,0,0.0013249914192121624
CNC(=O)Oc1ccc2c(c1)[C@]1(C)CCN(C)[C@@H]1N2C,0,c1ccc2c(c1)NC1NCCC21,COc1cc2c(cc1OC)CN(CCNC(=O)c1ccccc1NC(=O)c1ccc(Oc3ccccc3)cc1)CC2,1,O=C(Nc1ccccc1C(=O)NCCN1CCc2ccccc2C1)c1ccc(Oc2ccccc2)cc1,0.2065266316579145,0,0.0007064428797652711
NC(=O)N1c2ccccc2C=Cc2ccccc21,0,C1=Cc2ccccc2Nc2ccccc21,CN1CCC(=C2c3ccccc3C=Cc3ccccc32)CC1,1,C1=Cc2ccccc2C(=C2CCNCC2)c2ccccc21,0.25806451612903225,0,0.004887124888466881
NC(=O)N1c2ccccc2C=Cc2ccccc21,0,C1=Cc2ccccc2Nc2ccccc21,COC(=O)N1[C@H]2C3[C@H](c4ccccc4)C4(CO)[C@@H]1C1[C@@H](c5ccccc5)C2(CO)[C@@H]3N(C(=O)OC)[C@H]14,1,c1ccc(C2C3C4NC5C2C2NC3C4C(c3ccccc3)C52)cc1,0.19542857142857142,0,0.05545085171793565
NC(=O)N1c2ccccc2C=Cc2ccccc21,0,C1=Cc2ccccc2Nc2ccccc21,CCC(=O)N(c1ccccc1)C1CCN(CCc2ccccc2)CC1,1,c1ccc(CCN2CCC(Nc3ccccc3)CC2)cc1,0.19304865938430985,0,0.023097311685093568
NC(=O)N1c2ccccc2C=Cc2ccccc21,0,C1=Cc2ccccc2Nc2ccccc21,O=C(Oc1ccccc1)N1[C@H]2C3[C@@H](c4ccccc4)C4(CO)[C@@H]1C1[C@@H](c5ccccc5)C2(CO)[C@H]3N(C(=O)Oc2ccccc2)[C@H]14,1,O=C(Oc1ccccc1)N1C2C3C(c4ccccc4)C4C1C1C(c5ccccc5)C2C3N(C(=O)Oc2ccccc2)C41,0.19117647058823534,0,0.031407721151794195
CC(C)[C@H](C(=O)O[C@H](C#N)c1cccc(Oc2ccccc2)c1)c1ccc(Cl)cc1,0,O=C(Cc1ccccc1)OCc1cccc(Oc2ccccc2)c1,OCCOCCN1CCN([C@H](c2ccccc2)c2ccc(Cl)cc2)CC1,1,c1ccc(C(c2ccccc2)N2CCNCC2)cc1,0.25869565217391305,0,0.31990910824329916
CC(C)[C@H](C(=O)O[C@H](C#N)c1cccc(Oc2ccccc2)c1)c1ccc(Cl)cc1,0,O=C(Cc1ccccc1)OCc1cccc(Oc2ccccc2)c1,NC(=O)OC[C@@H](O)COc1ccc(Cl)cc1,1,c1ccccc1,0.25751544269045984,0,0.05741769517134815
CC(C)[C@H](C(=O)O[C@H](C#N)c1cccc(Oc2ccccc2)c1)c1ccc(Cl)cc1,0,O=C(Cc1ccccc1)OCc1cccc(Oc2ccccc2)c1,CC(C)NC[C@@H](O)COc1ccc(Oc2ccccc2)cc1C(=O)CCc1ccccc1,1,O=C(CCc1ccccc1)c1cccc(Oc2ccccc2)c1,0.2534040671971706,0,0.010464637817648845
CC(C)[C@H](C(=O)O[C@H](C#N)c1cccc(Oc2ccccc2)c1)c1ccc(Cl)cc1,0,O=C(Cc1ccccc1)OCc1cccc(Oc2ccccc2)c1,CN1CCCN([C@@H](c2ccccc2)c2ccc(Cl)cc2)CC1,1,c1ccc(C(c2ccccc2)N2CCCNCC2)cc1,0.2468085106382979,0,0.09794010334413758
COc1cc2c(cc1OC)CN(CCc1ccc(NC(=O)c3ccccc3NC(=O)c3cnc4ccccc4c3)cc1)CC2,1,O=C(Nc1ccccc1C(=O)Nc1ccc(CCN2CCc3ccccc3C2)cc1)c1cnc2ccccc2c1,O=C(Nc1ccccc1C(=O)Nc1ccc(CCN2CCc3ccccc3C2)cc1)c1cnc2ccccc2c1,1,O=C(Nc1ccccc1C(=O)Nc1ccc(CCN2CCc3ccccc3C2)cc1)c1cnc2ccccc2c1,0.8285211267605634,1,0.9999710179308382
COc1cc2c(cc1OC)CN(CCc1ccc(NC(=O)c3ccccc3NC(=O)c3cnc4ccccc4c3)cc1)CC2,1,O=C(Nc1ccccc1C(=O)Nc1ccc(CCN2CCc3ccccc3C2)cc1)c1cnc2ccccc2c1,COc1cc2c(cc1OC)CN(CCc1ccc(NC(=O)c3ccccc3NC(=O)c3cnc4c(c3)CCCC4)cc1)CC2,1,O=C(Nc1ccccc1C(=O)Nc1ccc(CCN2CCc3ccccc3C2)cc1)c1cnc2c(c1)CCCC2,0.7803508771929826,1,0.9999448507451427
COc1cc2c(cc1OC)CN(CCc1ccc(NC(=O)c3ccccc3NC(=O)c3cnc4ccccc4c3)cc1)CC2,1,O=C(Nc1ccccc1C(=O)Nc1ccc(CCN2CCc3ccccc3C2)cc1)c1cnc2ccccc2c1,COc1cc2c(cc1OC)CN(CCc1ccc(NC(=O)c3ccccc3NC(=O)c3ccc4ccccc4n3)cc1)CC2,1,O=C(Nc1ccccc1C(=O)Nc1ccc(CCN2CCc3ccccc3C2)cc1)c1ccc2ccccc2n1,0.77279046673287,1,0.9999801450339346
COc1cc2c(cc1OC)CN(CCc1ccc(NC(=O)c3ccccc3NC(=O)c3cnc4ccccc4c3)cc1)CC2,1,O=C(Nc1ccccc1C(=O)Nc1ccc(CCN2CCc3ccccc3C2)cc1)c1cnc2ccccc2c1,COc1cc2c(cc1OC)CN(CCc1ccc(NC(=O)c3ccccc3NC(=O)c3ccccc3)cc1)CC2,1,O=C(Nc1ccccc1C(=O)Nc1ccc(CCN2CCc3ccccc3C2)cc1)c1ccccc1,0.7625754527162979,1,0.9995114502059651
O=C(Nc1ccccc1C(=O)Nc1ccc(CCN2CCc3ccccc3C2)cc1)c1cnc2ccccc2c1,1,O=C(Nc1ccccc1C(=O)Nc1ccc(CCN2CCc3ccccc3C2)cc1)c1cnc2ccccc2c1,COc1cc2c(cc1OC)CN(CCc1ccc(NC(=O)c3ccccc3NC(=O)c3cnc4ccccc4c3)cc1)CC2,1,O=C(Nc1ccccc1C(=O)Nc1ccc(CCN2CCc3ccccc3C2)cc1)c1cnc2ccccc2c1,0.8285211267605634,1,0.9994687117508118
O=C(Nc1ccccc1C(=O)Nc1ccc(CCN2CCc3ccccc3C2)cc1)c1cnc2ccccc2c1,1,O=C(Nc1ccccc1C(=O)Nc1ccc(CCN2CCc3ccccc3C2)cc1)c1cnc2ccccc2c1,COc1cc2c(cc1OC)CN(CCc1ccc(NC(=O)c3ccccc3NC(=O)c3cnc4c(c3)CCCC4)cc1)CC2,1,O=C(Nc1ccccc1C(=O)Nc1ccc(CCN2CCc3ccccc3C2)cc1)c1cnc2c(c1)CCCC2,0.632118758434548,1,0.9983085744515435
O=C(Nc1ccccc1C(=O)Nc1ccc(CCN2CCc3ccccc3C2)cc1)c1cnc2ccccc2c1,1,O=C(Nc1ccccc1C(=O)Nc1ccc(CCN2CCc3ccccc3C2)cc1)c1cnc2ccccc2c1,COc1cc2c(cc1OC)CN(CCc1ccc(NC(=O)c3ccccc3NC(=O)c3ccc4ccccc4n3)cc1)CC2,1,O=C(Nc1ccccc1C(=O)Nc1ccc(CCN2CCc3ccccc3C2)cc1)c1ccc2ccccc2n1,0.6256985908765226,1,0.998742724132372
O=C(Nc1ccccc1C(=O)Nc1ccc(CCN2CCc3ccccc3C2)cc1)c1cnc2ccccc2c1,1,O=C(Nc1ccccc1C(=O)Nc1ccc(CCN2CCc3ccccc3C2)cc1)c1cnc2ccccc2c1,CN(CCc1ccc(NC(=O)c2ccccc2NC(=O)c2cnc3ccccc3c2)cc1)Cc1ccc(F)c(F)c1,1,O=C(Nc1ccccc1C(=O)Nc1ccc(CCNCc2ccccc2)cc1)c1cnc2ccccc2c1,0.6184012066365008,1,0.9996788842800115
Cc1nn(C)c(OC[C@@H](O)CN(C(C)C)C(C)C)c1C(=O)c1ccccc1,1,O=C(c1ccccc1)c1cn[nH]c1,Cc1nn(-c2ccccc2)c(OC[C@@H](O)CN(C(C)C)C(C)C)c1C(=O)c1ccccc1,1,O=C(c1ccccc1)c1cnn(-c2ccccc2)c1,0.7785953177257525,1,0.7642306744035544
Cc1nn(C)c(OC[C@@H](O)CN(C(C)C)C(C)C)c1C(=O)c1ccccc1,1,O=C(c1ccccc1)c1cn[nH]c1,Cc1c(C(=O)c2ccccc2)c(=O)n(-c2ccccc2)n1C[C@H](O)CN(C(C)C)C(C)C,1,O=C(c1ccccc1)c1c[nH]n(-c2ccccc2)c1=O,0.48417402269861287,1,0.630862131377011
Cc1nn(C)c(OC[C@@H](O)CN(C(C)C)C(C)C)c1C(=O)c1ccccc1,1,O=C(c1ccccc1)c1cn[nH]c1,CC(C)N(C[C@@H](O)COc1ccc(C(=O)CCc2ccccc2)cc1)C(C)C,1,O=C(CCc1ccccc1)c1ccccc1,0.4653333333333334,1,0.7137334161635986
Cc1nn(C)c(OC[C@@H](O)CN(C(C)C)C(C)C)c1C(=O)c1ccccc1,1,O=C(c1ccccc1)c1cn[nH]c1,CC(C)N(C[C@H](O)COc1ccccc1C(=O)CCc1ccccc1)C(C)C,1,O=C(CCc1ccccc1)c1ccccc1,0.44609836065573777,1,0.7334776115174467
COc1cc2c(cc1OC)CN(CCNC(=O)c1ccccc1NC(=O)c1ccc(Cc3ccccc3)cc1)CC2,1,O=C(Nc1ccccc1C(=O)NCCN1CCc2ccccc2C1)c1ccc(Cc2ccccc2)cc1,COc1cc2c(cc1OC)CN(CCNC(=O)c1ccccc1NC(=O)c1ccc(-c3ccccc3)cc1)CC2,1,O=C(Nc1ccccc1C(=O)NCCN1CCc2ccccc2C1)c1ccc(-c2ccccc2)cc1,0.8469289164941339,1,0.9999126397815505
COc1cc2c(cc1OC)CN(CCNC(=O)c1ccccc1NC(=O)c1ccc(Cc3ccccc3)cc1)CC2,1,O=C(Nc1ccccc1C(=O)NCCN1CCc2ccccc2C1)c1ccc(Cc2ccccc2)cc1,COc1cc2c(cc1OC)CN(CCNC(=O)c1ccccc1NC(=O)c1ccc(OCc3ccccc3)cc1)CC2,1,O=C(Nc1ccccc1C(=O)NCCN1CCc2ccccc2C1)c1ccc(OCc2ccccc2)cc1,0.8333333333333335,1,0.9997889353462189
COc1cc2c(cc1OC)CN(CCNC(=O)c1ccccc1NC(=O)c1ccc(Cc3ccccc3)cc1)CC2,1,O=C(Nc1ccccc1C(=O)NCCN1CCc2ccccc2C1)c1ccc(Cc2ccccc2)cc1,CCCc1ccc(C(=O)Nc2ccccc2C(=O)NCCN2CCc3cc(OC)c(OC)cc3C2)cc1,1,O=C(Nc1ccccc1C(=O)NCCN1CCc2ccccc2C1)c1ccccc1,0.8312820512820513,1,0.9998680457260555
COc1cc2c(cc1OC)CN(CCNC(=O)c1ccccc1NC(=O)c1ccc(Cc3ccccc3)cc1)CC2,1,O=C(Nc1ccccc1C(=O)NCCN1CCc2ccccc2C1)c1ccc(Cc2ccccc2)cc1,COc1cc2c(cc1OC)CN(CCNC(=O)c1ccccc1NC(=O)c1ccc(Oc3ccccc3)cc1)CC2,1,O=C(Nc1ccccc1C(=O)NCCN1CCc2ccccc2C1)c1ccc(Oc2ccccc2)cc1,0.8262207357859532,1,0.9999218769232441
Cc1cc(C(C)(C)C)cc(C)c1CC1=NCCN1,0,c1ccc(CC2=NCCN2)cc1,Cc1cc(C(C)(C)C)c(O)c(C)c1CC1=NCCN1,1,c1ccc(CC2=NCCN2)cc1,0.6705357142857143,0,0.05415963917463716
Cc1cc(C(C)(C)C)cc(C)c1CC1=NCCN1,0,c1ccc(CC2=NCCN2)cc1,c1ccc(CN(CC2=NCCN2)c2ccccc2)cc1,1,c1ccc(CN(CC2=NCCN2)c2ccccc2)cc1,0.3342665173572229,0,0.025768246821452706
Cc1cc(C(C)(C)C)cc(C)c1CC1=NCCN1,0,c1ccc(CC2=NCCN2)cc1,CC(=O)c1c(C)cc(C)c(CSc2nc3ccc(NC(=O)c4ccc(C(C)(C)C)cc4)cc3s2)c1C,1,O=C(Nc1ccc2nc(SCc3ccccc3)sc2c1)c1ccccc1,0.21858700806069228,0,0.3072506801416424
Cc1cc(C(C)(C)C)cc(C)c1CC1=NCCN1,0,c1ccc(CC2=NCCN2)cc1,CC1(C)CN=C(NN=C(/C=C/c2ccc(C(F)(F)F)cc2)/C=C/c2ccc(C(F)(F)F)cc2)NC1,1,C(=Cc1ccccc1)C(C=Cc1ccccc1)=NNC1=NCCCN1,0.16351981351981354,0,0.0995965651999591
Cc1cc(C(C)(C)C)c(O)c(C)c1CC1=NCCN1,1,c1ccc(CC2=NCCN2)cc1,c1ccc(CN(CC2=NCCN2)c2ccccc2)cc1,1,c1ccc(CN(CC2=NCCN2)c2ccccc2)cc1,0.29198966408268734,0,0.2579257837220939
Cc1cc(C(C)(C)C)c(O)c(C)c1CC1=NCCN1,1,c1ccc(CC2=NCCN2)cc1,CC(=O)c1c(C)cc(C)c(CSc2nc3ccc(NC(=O)c4ccc(C(C)(C)C)cc4)cc3s2)c1C,1,O=C(Nc1ccc2nc(SCc3ccccc3)sc2c1)c1ccccc1,0.19996017522899243,1,0.6527054899177314
Cc1cc(C(C)(C)C)c(O)c(C)c1CC1=NCCN1,1,c1ccc(CC2=NCCN2)cc1,CC(=O)c1c(C)cc(C)c(CSc2nc3ccc(NC(=O)CCc4ccccc4)cc3s2)c1C,1,O=C(CCc1ccccc1)Nc1ccc2nc(SCc3ccccc3)sc2c1,0.15927601809954753,1,0.5314984518784804
Cc1cc(C(C)(C)C)c(O)c(C)c1CC1=NCCN1,1,c1ccc(CC2=NCCN2)cc1,CC(=O)c1c(C)cc(C)c(CSc2nc3ccc(NC(=O)c4cccc5ccccc45)cc3s2)c1C,1,O=C(Nc1ccc2nc(SCc3ccccc3)sc2c1)c1cccc2ccccc12,0.1547763864042934,1,0.8395165759883599
COc1ccc(CCN(C)CCCC2(c3ccc(OC)c(OC)c3)S(=O)(=O)CCCS2(=O)=O)cc1OC,0,O=S1(=O)CCCS(=O)(=O)C1(CCCNCCc1ccccc1)c1ccccc1,COc1ccc(CCN(C)CCC[C@@](C#N)(c2ccc(OC)c(OC)c2)C(C)C)cc1OC,1,c1ccc(CCCCNCCc2ccccc2)cc1,0.47432835820895525,0,0.05238257093271168
COc1ccc(CCN(C)CCCC2(c3ccc(OC)c(OC)c3)S(=O)(=O)CCCS2(=O)=O)cc1OC,0,O=S1(=O)CCCS(=O)(=O)C1(CCCNCCc1ccccc1)c1ccccc1,COc1ccc(CCN(C)CCCN2C(=O)[C@H]3C4c5ccccc5C(c5ccccc54)[C@@H]3C2=O)cc1OC,1,O=C1C2C3c4ccccc4C(c4ccccc43)C2C(=O)N1CCCNCCc1ccccc1,0.4677942212825934,0,0.0749430479138399
COc1ccc(CCN(C)CCCC2(c3ccc(OC)c(OC)c3)S(=O)(=O)CCCS2(=O)=O)cc1OC,0,O=S1(=O)CCCS(=O)(=O)C1(CCCNCCc1ccccc1)c1ccccc1,COc1ccc(CCN(C)CCC[C@@](C#N)(c2cc(OC)c(OC)c(OC)c2)C(C)C)cc1OC,1,c1ccc(CCCCNCCc2ccccc2)cc1,0.4565853658536586,0,0.117757548123402
COc1ccc(CCN(C)CCCC2(c3ccc(OC)c(OC)c3)S(=O)(=O)CCCS2(=O)=O)cc1OC,0,O=S1(=O)CCCS(=O)(=O)C1(CCCNCCc1ccccc1)c1ccccc1,COc1cc([C@](C#N)(CCCN(C)CCc2ccc(OC)c(OC)c2)C(C)C)ccc1O,1,c1ccc(CCCCNCCc2ccccc2)cc1,0.4285884455032758,0,0.05763449718205616
OCCOCCN1CCN([C@H](c2ccccc2)c2ccc(Cl)cc2)CC1,1,c1ccc(C(c2ccccc2)N2CCNCC2)cc1,CN1CCCN([C@@H](c2ccccc2)c2ccc(Cl)cc2)CC1,1,c1ccc(C(c2ccccc2)N2CCCNCC2)cc1,0.5309523809523811,1,0.6099587209424231
OCCOCCN1CCN([C@H](c2ccccc2)c2ccc(Cl)cc2)CC1,1,c1ccc(C(c2ccccc2)N2CCNCC2)cc1,COc1ccc([C@@H](O)CN2CCN(C(c3ccccc3)c3ccccc3)CC2)cc1OC,1,c1ccc(CCN2CCN(C(c3ccccc3)c3ccccc3)CC2)cc1,0.4225563909774436,1,0.6930075277726907
OCCOCCN1CCN([C@H](c2ccccc2)c2ccc(Cl)cc2)CC1,1,c1ccc(C(c2ccccc2)N2CCNCC2)cc1,OCCOCCN1CCN(C2=Nc3ccccc3Sc3ccccc32)CC1,1,c1ccc2c(c1)N=C(N1CCNCC1)c1ccccc1S2,0.4022540983606558,1,0.9520971608999054
OCCOCCN1CCN([C@H](c2ccccc2)c2ccc(Cl)cc2)CC1,1,c1ccc(C(c2ccccc2)N2CCNCC2)cc1,COC(=O)C1=C(C)NC(C)=C(C(=O)OCCN2CCN(C(c3ccccc3)c3ccccc3)CC2)[C@H]1c1cccc([N+](=O)[O-])c1,1,O=C(OCCN1CCN(C(c2ccccc2)c2ccccc2)CC1)C1=CNC=CC1c1ccccc1,0.3543859649122807,1,0.7195967777748518
O=C(O)COCCN1CCN([C@@H](c2ccccc2)c2ccc(Cl)cc2)CC1,0,c1ccc(C(c2ccccc2)N2CCNCC2)cc1,OCCOCCN1CCN([C@H](c2ccccc2)c2ccc(Cl)cc2)CC1,1,c1ccc(C(c2ccccc2)N2CCNCC2)cc1,0.7207446808510638,0,0.21837171334287192
O=C(O)COCCN1CCN([C@@H](c2ccccc2)c2ccc(Cl)cc2)CC1,0,c1ccc(C(c2ccccc2)N2CCNCC2)cc1,CN1CCCN([C@@H](c2ccccc2)c2ccc(Cl)cc2)CC1,1,c1ccc(C(c2ccccc2)N2CCCNCC2)cc1,0.49743589743589745,0,0.04889464467255982
O=C(O)COCCN1CCN([C@@H](c2ccccc2)c2ccc(Cl)cc2)CC1,0,c1ccc(C(c2ccccc2)N2CCNCC2)cc1,COc1ccc([C@@H](O)CN2CCN(C(c3ccccc3)c3ccccc3)CC2)cc1OC,1,c1ccc(CCN2CCN(C(c3ccccc3)c3ccccc3)CC2)cc1,0.39350883519653806,0,0.1762561597746959
O=C(O)COCCN1CCN([C@@H](c2ccccc2)c2ccc(Cl)cc2)CC1,0,c1ccc(C(c2ccccc2)N2CCNCC2)cc1,COC(=O)C1=C(C)NC(C)=C(C(=O)OCCN2CCN(C(c3ccccc3)c3ccccc3)CC2)[C@H]1c1cccc([N+](=O)[O-])c1,1,O=C(OCCN1CCN(C(c2ccccc2)c2ccccc2)CC1)C1=CNC=CC1c1ccccc1,0.37192982456140355,0,0.06490265981972106
CCN1CCN(C(=O)N[C@@H](C(=O)NC2C(=O)N3[C@H]2SC(C)(C)[C@H]3C(=O)O)c2ccccc2)C(=O)C1=O,0,O=C1NCCN(C(=O)NC(C(=O)NC2C(=O)N3CCSC23)c2ccccc2)C1=O,CCC(=O)N(c1ccccc1)C1CCN(CCc2ccccc2)CC1,1,c1ccc(CCN2CCC(Nc3ccccc3)CC2)cc1,0.2162877221992559,0,0.0023283525911731006
CCN1CCN(C(=O)N[C@@H](C(=O)NC2C(=O)N3[C@H]2SC(C)(C)[C@H]3C(=O)O)c2ccccc2)C(=O)C1=O,0,O=C1NCCN(C(=O)NC(C(=O)NC2C(=O)N3CCSC23)c2ccccc2)C1=O,COC(=O)C1=C(C)NC(C)=C(C(=O)OCCN2CCN(C(c3ccccc3)c3ccccc3)CC2)[C@H]1c1cccc([N+](=O)[O-])c1,1,O=C(OCCN1CCN(C(c2ccccc2)c2ccccc2)CC1)C1=CNC=CC1c1ccccc1,0.20931645569620255,0,0.11611751438635945
CCN1CCN(C(=O)N[C@@H](C(=O)NC2C(=O)N3[C@H]2SC(C)(C)[C@H]3C(=O)O)c2ccccc2)C(=O)C1=O,0,O=C1NCCN(C(=O)NC(C(=O)NC2C(=O)N3CCSC23)c2ccccc2)C1=O,CC(=O)[C@@H]1CC[C@@H]2[C@@H]3[C@H](Sc4ccc(NC(=O)N[C@H](C)c5ccccc5)cc4)CC4=CC(=O)CC[C@]4(C)[C@H]3CC[C@]21C,1,O=C1C=C2CC(Sc3ccc(NC(=O)NCc4ccccc4)cc3)C3C4CCCC4CCC3C2CC1,0.20701298701298704,0,0.0767477777318791
CCN1CCN(C(=O)N[C@@H](C(=O)NC2C(=O)N3[C@H]2SC(C)(C)[C@H]3C(=O)O)c2ccccc2)C(=O)C1=O,0,O=C1NCCN(C(=O)NC(C(=O)NC2C(=O)N3CCSC23)c2ccccc2)C1=O,CO/N=C(/C(=O)N[C@H]1C(=O)N2C(C(=O)O)=C(COC(C)=O)CS[C@@H]12)c1csc(N)n1,1,N=C(C(=O)NC1C(=O)N2C=CCSC12)c1cscn1,0.2028556858745538,0,0.004060439832697997
CC(=O)c1c(C)cc(C)c(CSc2nc3ccc(NC(=O)CCc4ccccc4)cc3s2)c1C,1,O=C(CCc1ccccc1)Nc1ccc2nc(SCc3ccccc3)sc2c1,CC(=O)c1c(C)cc(C)c(CSc2nc3ccc(NC(=O)c4cccc5ccccc45)cc3s2)c1C,1,O=C(Nc1ccc2nc(SCc3ccccc3)sc2c1)c1cccc2ccccc12,0.6878406708595388,1,0.9996755495706423
CC(=O)c1c(C)cc(C)c(CSc2nc3ccc(NC(=O)CCc4ccccc4)cc3s2)c1C,1,O=C(CCc1ccccc1)Nc1ccc2nc(SCc3ccccc3)sc2c1,CC(=O)c1c(C)cc(C)c(CSc2nc3ccc(NC(=O)c4ccc(C(C)(C)C)cc4)cc3s2)c1C,1,O=C(Nc1ccc2nc(SCc3ccccc3)sc2c1)c1ccccc1,0.6618448637316562,1,0.9996687955914411
CC(=O)c1c(C)cc(C)c(CSc2nc3ccc(NC(=O)CCc4ccccc4)cc3s2)c1C,1,O=C(CCc1ccccc1)Nc1ccc2nc(SCc3ccccc3)sc2c1,CCCCOc1ccc(C(=O)Nc2ccc3nc(SCc4c(C)cc(C)c(C(C)=O)c4C)sc3c2)cc1,1,O=C(Nc1ccc2nc(SCc3ccccc3)sc2c1)c1ccccc1,0.6216450216450217,1,0.9999569543724124
CC(=O)c1c(C)cc(C)c(CSc2nc3ccc(NC(=O)CCc4ccccc4)cc3s2)c1C,1,O=C(CCc1ccccc1)Nc1ccc2nc(SCc3ccccc3)sc2c1,COc1ccc(CCN(C)CCc2ccc(NC(=O)c3ccccc3NC(=O)c3cnc4ccccc4c3)cc2)cc1OC,1,O=C(Nc1ccccc1C(=O)Nc1ccc(CCNCCc2ccccc2)cc1)c1cnc2ccccc2c1,0.23300330033003303,1,0.9942735630934291
O=C1OCc2cc3cccc(O[C@@H]4O[C@H](CO)[C@@H](O)[C@@H](O)[C@@H]4O)c3c(O)c21,0,O=C1OCc2cc3cccc(OC4CCCCO4)c3cc21,COc1cc([C@@H]2Oc3cc([C@H]4Oc5cc(OCc6ccccc6)cc(O)c5C(=O)[C@@H]4O)ccc3O[C@H]2CO)ccc1O,1,O=C1CC(c2ccc3c(c2)OC(c2ccccc2)CO3)Oc2cc(OCc3ccccc3)ccc21,0.23834672789896671,0,0.02325957291440562
O=C1OCc2cc3cccc(O[C@@H]4O[C@H](CO)[C@@H](O)[C@@H](O)[C@@H]4O)c3c(O)c21,0,O=C1OCc2cc3cccc(OC4CCCCO4)c3cc21,COc1cc(OC)c2c(=O)c(O)c(-c3ccc4c(c3)O[C@H](c3ccc(OC)c(OC)c3)[C@@H](CO)O4)oc2c1,1,O=c1cc(-c2ccc3c(c2)OC(c2ccccc2)CO3)oc2ccccc12,0.22834670947030497,0,0.05772380131830421
O=C1OCc2cc3cccc(O[C@@H]4O[C@H](CO)[C@@H](O)[C@@H](O)[C@@H]4O)c3c(O)c21,0,O=C1OCc2cc3cccc(OC4CCCCO4)c3cc21,COc1ccc([C@@H]2Oc3cc(-c4oc5cc(O)cc(O)c5c(=O)c4O)ccc3O[C@@H]2CO)cc1OC,1,O=c1cc(-c2ccc3c(c2)OC(c2ccccc2)CO3)oc2ccccc12,0.22284820031298905,0,0.00946385579863739
O=C1OCc2cc3cccc(O[C@@H]4O[C@H](CO)[C@@H](O)[C@@H](O)[C@@H]4O)c3c(O)c21,0,O=C1OCc2cc3cccc(OC4CCCCO4)c3cc21,COc1cc(O)c2c(=O)c(O)c(-c3ccc4c(c3)O[C@H](c3ccc(OC)c(OC)c3)[C@@H](CO)O4)oc2c1,1,O=c1cc(-c2ccc3c(c2)OC(c2ccccc2)CO3)oc2ccccc12,0.22284820031298905,0,0.03523468353528624
COc1ccc(CCNCCC[C@](C#N)(c2cc(OC)c(OC)c(OC)c2)C(C)C)cc1OC,1,c1ccc(CCCCNCCc2ccccc2)cc1,COc1ccc(CCNCCC[C@@](C#N)(c2ccc(OC)c(OC)c2)C(C)C)cc1OC,1,c1ccc(CCCCNCCc2ccccc2)cc1,0.8844817927170869,1,0.9924550795718873
COc1ccc(CCNCCC[C@](C#N)(c2cc(OC)c(OC)c(OC)c2)C(C)C)cc1OC,1,c1ccc(CCCCNCCc2ccccc2)cc1,COc1ccc(CCN(C)CCC[C@@](C#N)(c2cc(OC)c(OC)c(OC)c2)C(C)C)cc1OC,1,c1ccc(CCCCNCCc2ccccc2)cc1,0.6882445141065832,1,0.9849465291034989
COc1ccc(CCNCCC[C@](C#N)(c2cc(OC)c(OC)c(OC)c2)C(C)C)cc1OC,1,c1ccc(CCCCNCCc2ccccc2)cc1,COc1ccc(CCN(C)CCC[C@@](C#N)(c2ccc(OC)c(OC)c2)C(C)C)cc1OC,1,c1ccc(CCCCNCCc2ccccc2)cc1,0.5981818181818181,1,0.960677775965701
COc1ccc(CCNCCC[C@](C#N)(c2cc(OC)c(OC)c(OC)c2)C(C)C)cc1OC,1,c1ccc(CCCCNCCc2ccccc2)cc1,COc1cc([C@](C#N)(CCCN(C)CCc2ccc(OC)c(OC)c2)C(C)C)ccc1O,1,c1ccc(CCCCNCCc2ccccc2)cc1,0.5403636363636364,1,0.9655099519903636
CC(C)[C@](C#N)(CCCN(C)CCc1ccccc1)c1ccccc1,1,c1ccc(CCCCNCCc2ccccc2)cc1,COc1ccc(CCN(C)CCC[C@@](C#N)(c2ccc(OC)c(OC)c2)C(C)C)cc1OC,1,c1ccc(CCCCNCCc2ccccc2)cc1,0.6296296296296297,1,0.9457382170333813
CC(C)[C@](C#N)(CCCN(C)CCc1ccccc1)c1ccccc1,1,c1ccc(CCCCNCCc2ccccc2)cc1,COc1ccc(CCN(C)CCC[C@@](C#N)(c2cc(OC)c(OC)c(OC)c2)C(C)C)cc1OC,1,c1ccc(CCCCNCCc2ccccc2)cc1,0.6004741583688953,1,0.9644261074884038
CC(C)[C@](C#N)(CCCN(C)CCc1ccccc1)c1ccccc1,1,c1ccc(CCCCNCCc2ccccc2)cc1,COc1cc([C@](C#N)(CCCN(C)CCc2ccc(OC)c(OC)c2)C(C)C)ccc1O,1,c1ccc(CCCCNCCc2ccccc2)cc1,0.56,1,0.8064114178959195
CC(C)[C@](C#N)(CCCN(C)CCc1ccccc1)c1ccccc1,1,c1ccc(CCCCNCCc2ccccc2)cc1,COc1ccc(CCNCCC[C@@](C#N)(c2ccc(OC)c(OC)c2)C(C)C)cc1OC,1,c1ccc(CCCCNCCc2ccccc2)cc1,0.3831378299120235,1,0.9068838724713132
COc1ccc(CCN(C)CCC[C@@](C#N)(c2ccc(OC)c(OC)c2)C(C)C)cc1OC,1,c1ccc(CCCCNCCc2ccccc2)cc1,COc1ccc(CCN(C)CCC[C@@](C#N)(c2cc(OC)c(OC)c(OC)c2)C(C)C)cc1OC,1,c1ccc(CCCCNCCc2ccccc2)cc1,0.8867521367521368,1,0.992035535448261
COc1ccc(CCN(C)CCC[C@@](C#N)(c2ccc(OC)c(OC)c2)C(C)C)cc1OC,1,c1ccc(CCCCNCCc2ccccc2)cc1,COc1cc([C@](C#N)(CCCN(C)CCc2ccc(OC)c(OC)c2)C(C)C)ccc1O,1,c1ccc(CCCCNCCc2ccccc2)cc1,0.8801656695812242,1,0.9820224538413799
COc1ccc(CCN(C)CCC[C@@](C#N)(c2ccc(OC)c(OC)c2)C(C)C)cc1OC,1,c1ccc(CCCCNCCc2ccccc2)cc1,COc1ccc(CCNCCC[C@@](C#N)(c2ccc(OC)c(OC)c2)C(C)C)cc1OC,1,c1ccc(CCCCNCCc2ccccc2)cc1,0.6736575052854122,1,0.9907498853662151
COc1ccc(CCN(C)CCC[C@@](C#N)(c2ccc(OC)c(OC)c2)C(C)C)cc1OC,1,c1ccc(CCCCNCCc2ccccc2)cc1,CC(C)[C@](C#N)(CCCN(C)CCc1ccccc1)c1ccccc1,1,c1ccc(CCCCNCCc2ccccc2)cc1,0.6296296296296297,1,0.9941835043592454
COc1ccc(CCN(C)CCC[C@@](C#N)(c2cc(OC)c(OC)c(OC)c2)C(C)C)cc1OC,1,c1ccc(CCCCNCCc2ccccc2)cc1,COc1ccc(CCN(C)CCC[C@@](C#N)(c2ccc(OC)c(OC)c2)C(C)C)cc1OC,1,c1ccc(CCCCNCCc2ccccc2)cc1,0.8867521367521368,1,0.9973220073061738
COc1ccc(CCN(C)CCC[C@@](C#N)(c2cc(OC)c(OC)c(OC)c2)C(C)C)cc1OC,1,c1ccc(CCCCNCCc2ccccc2)cc1,COc1cc([C@](C#N)(CCCN(C)CCc2ccc(OC)c(OC)c2)C(C)C)ccc1O,1,c1ccc(CCCCNCCc2ccccc2)cc1,0.7873563218390804,1,0.9948906865951055
COc1ccc(CCN(C)CCC[C@@](C#N)(c2cc(OC)c(OC)c(OC)c2)C(C)C)cc1OC,1,c1ccc(CCCCNCCc2ccccc2)cc1,COc1ccc(CCNCCC[C@](C#N)(c2cc(OC)c(OC)c(OC)c2)C(C)C)cc1OC,1,c1ccc(CCCCNCCc2ccccc2)cc1,0.6882445141065832,1,0.9954565375878102
COc1ccc(CCN(C)CCC[C@@](C#N)(c2cc(OC)c(OC)c(OC)c2)C(C)C)cc1OC,1,c1ccc(CCCCNCCc2ccccc2)cc1,CC(C)[C@](C#N)(CCCN(C)CCc1ccccc1)c1ccccc1,1,c1ccc(CCCCNCCc2ccccc2)cc1,0.6004741583688953,1,0.9991004623741409
COc1ccc(CCNCCC[C@@](C#N)(c2ccc(OC)c(OC)c2)C(C)C)cc1OC,1,c1ccc(CCCCNCCc2ccccc2)cc1,COc1ccc(CCNCCC[C@](C#N)(c2cc(OC)c(OC)c(OC)c2)C(C)C)cc1OC,1,c1ccc(CCCCNCCc2ccccc2)cc1,0.8844817927170869,1,0.9838858772485627
COc1ccc(CCNCCC[C@@](C#N)(c2ccc(OC)c(OC)c2)C(C)C)cc1OC,1,c1ccc(CCCCNCCc2ccccc2)cc1,COc1ccc(CCN(C)CCC[C@@](C#N)(c2ccc(OC)c(OC)c2)C(C)C)cc1OC,1,c1ccc(CCCCNCCc2ccccc2)cc1,0.6736575052854122,1,0.9602581749118687
COc1ccc(CCNCCC[C@@](C#N)(c2ccc(OC)c(OC)c2)C(C)C)cc1OC,1,c1ccc(CCCCNCCc2ccccc2)cc1,COc1cc([C@](C#N)(CCCN(C)CCc2ccc(OC)c(OC)c2)C(C)C)ccc1O,1,c1ccc(CCCCNCCc2ccccc2)cc1,0.6044831047172968,1,0.9040607602953186
COc1ccc(CCNCCC[C@@](C#N)(c2ccc(OC)c(OC)c2)C(C)C)cc1OC,1,c1ccc(CCCCNCCc2ccccc2)cc1,COc1ccc(CCN(C)CCC[C@@](C#N)(c2cc(OC)c(OC)c(OC)c2)C(C)C)cc1OC,1,c1ccc(CCCCNCCc2ccccc2)cc1,0.5981818181818181,1,0.958135392964796
COc1cc([C@](C#N)(CCCN(C)CCc2ccc(OC)c(OC)c2)C(C)C)ccc1O,1,c1ccc(CCCCNCCc2ccccc2)cc1,COc1ccc(CCN(C)CCC[C@@](C#N)(c2ccc(OC)c(OC)c2)C(C)C)cc1OC,1,c1ccc(CCCCNCCc2ccccc2)cc1,0.8801656695812242,1,0.9828318327549405
COc1cc([C@](C#N)(CCCN(C)CCc2ccc(OC)c(OC)c2)C(C)C)ccc1O,1,c1ccc(CCCCNCCc2ccccc2)cc1,COc1ccc(CCN(C)CCC[C@@](C#N)(c2cc(OC)c(OC)c(OC)c2)C(C)C)cc1OC,1,c1ccc(CCCCNCCc2ccccc2)cc1,0.7873563218390804,1,0.9704710265451065
COc1cc([C@](C#N)(CCCN(C)CCc2ccc(OC)c(OC)c2)C(C)C)ccc1O,1,c1ccc(CCCCNCCc2ccccc2)cc1,COc1ccc(CCNCCC[C@@](C#N)(c2ccc(OC)c(OC)c2)C(C)C)cc1OC,1,c1ccc(CCCCNCCc2ccccc2)cc1,0.6044831047172968,1,0.9587934924471317
COc1cc([C@](C#N)(CCCN(C)CCc2ccc(OC)c(OC)c2)C(C)C)ccc1O,1,c1ccc(CCCCNCCc2ccccc2)cc1,CC(C)[C@](C#N)(CCCN(C)CCc1ccccc1)c1ccccc1,1,c1ccc(CCCCNCCc2ccccc2)cc1,0.56,1,0.9843863041450889
O=C(N/N=C/c1ccc([N+](=O)[O-])o1)c1ccc(O)cc1,0,O=C(NN=Cc1ccco1)c1ccccc1,O=C1C[C@H](c2ccc(O)cc2)Oc2cc(O)cc(O)c21,1,O=C1CC(c2ccccc2)Oc2ccccc21,0.17404295051353874,0,5.888488092491161e-05
O=C(N/N=C/c1ccc([N+](=O)[O-])o1)c1ccc(O)cc1,0,O=C(NN=Cc1ccco1)c1ccccc1,O=C(CCc1ccccc1)c1ccccc1OC[C@@H](O)CNc1ccc([N+](=O)[O-])cc1,1,O=C(CCc1ccccc1)c1ccccc1OCCCNc1ccccc1,0.17142857142857146,0,0.0002216525491513078
O=C(N/N=C/c1ccc([N+](=O)[O-])o1)c1ccc(O)cc1,0,O=C(NN=Cc1ccco1)c1ccccc1,CCOC(=O)C1=C(C)NC(C)=C(C(=O)OC)[C@H]1c1cccc([N+](=O)[O-])c1,1,C1=CC(c2ccccc2)C=CN1,0.16939890710382513,0,0.0023809839339027565
O=C(N/N=C/c1ccc([N+](=O)[O-])o1)c1ccc(O)cc1,0,O=C(NN=Cc1ccco1)c1ccccc1,CC(=O)Oc1cc2oc(-c3ccccc3)cc(=O)c2c(O)c1OCc1ccccc1,1,O=c1cc(-c2ccccc2)oc2ccc(OCc3ccccc3)cc12,0.16323886639676113,0,0.0004887139750214464
Cc1cc2c(s1)Nc1ccccc1N=C2N1CCN(C)CC1,1,c1ccc2c(c1)N=C(N1CCNCC1)c1ccsc1N2,OCCOCCN1CCN(C2=Nc3ccccc3Sc3ccccc32)CC1,1,c1ccc2c(c1)N=C(N1CCNCC1)c1ccccc1S2,0.3295454545454546,1,0.9786227328854289
Cc1cc2c(s1)Nc1ccccc1N=C2N1CCN(C)CC1,1,c1ccc2c(c1)N=C(N1CCNCC1)c1ccsc1N2,CN1CCC(=C2c3ccccc3Sc3ccccc32)CC1,1,c1ccc2c(c1)Sc1ccccc1C2=C1CCNCC1,0.25098039215686274,1,0.6613055140471643
Cc1cc2c(s1)Nc1ccccc1N=C2N1CCN(C)CC1,1,c1ccc2c(c1)N=C(N1CCNCC1)c1ccsc1N2,CN1CCC(=C2c3ccccc3C=Cc3ccccc32)CC1,1,C1=Cc2ccccc2C(=C2CCNCC2)c2ccccc21,0.22492997198879552,1,0.7312026621101563
Cc1cc2c(s1)Nc1ccccc1N=C2N1CCN(C)CC1,1,c1ccc2c(c1)N=C(N1CCNCC1)c1ccsc1N2,CN1CCN(CCCCn2c3ccccc3c(=O)c3ccccc32)CC1,1,O=c1c2ccccc2n(CCCCN2CCNCC2)c2ccccc12,0.21059907834101382,1,0.8203766595483011
O=C(O)COCCOCCN1CCC(=C(c2ccccc2)c2ccccc2)CC1,0,c1ccc(C(=C2CCNCC2)c2ccccc2)cc1,OCCOCCN1CCN([C@H](c2ccccc2)c2ccc(Cl)cc2)CC1,1,c1ccc(C(c2ccccc2)N2CCNCC2)cc1,0.34252873563218394,0,0.2356390701346067
O=C(O)COCCOCCN1CCC(=C(c2ccccc2)c2ccccc2)CC1,0,c1ccc(C(=C2CCNCC2)c2ccccc2)cc1,O=C(CCc1ccccc1)c1ccccc1OCCN1CCCCC1,1,O=C(CCc1ccccc1)c1ccccc1OCCN1CCCCC1,0.31583333333333335,0,0.18546202798290465
O=C(O)COCCOCCN1CCC(=C(c2ccccc2)c2ccccc2)CC1,0,c1ccc(C(=C2CCNCC2)c2ccccc2)cc1,O=C(CCc1ccccc1)c1ccccc1OCCCCN1CCOCC1,1,O=C(CCc1ccccc1)c1ccccc1OCCCCN1CCOCC1,0.30833333333333335,0,0.32038738422316293
O=C(O)COCCOCCN1CCC(=C(c2ccccc2)c2ccccc2)CC1,0,c1ccc(C(=C2CCNCC2)c2ccccc2)cc1,O=C(CCc1ccccc1)c1ccccc1OCCCN1CCCCC1,1,O=C(CCc1ccccc1)c1ccccc1OCCCN1CCCCC1,0.30632318501170963,0,0.09680351826477404
C[C@H]1Nc2ccccc2[C@@H]1NC(=O)c1ccc(Cl)c(S(N)(=O)=O)c1,0,O=C(NC1CNc2ccccc21)c1ccccc1,Cc1ccc(C(=O)O[C@H]2[C@H](C)Nc3ccccc3[C@@H]2N2CCCC2)cc1,1,O=C(OC1CNc2ccccc2C1N1CCCC1)c1ccccc1,0.30503018108651914,0,0.0021377228493312953
C[C@H]1Nc2ccccc2[C@@H]1NC(=O)c1ccc(Cl)c(S(N)(=O)=O)c1,0,O=C(NC1CNc2ccccc21)c1ccccc1,CC[C@H](C)c1ccc([C@@H]2Nc3ccccc3C(=O)N2c2ccc(Cl)cc2)cc1,1,O=C1c2ccccc2NC(c2ccccc2)N1c1ccccc1,0.22584615384615386,0,0.013293297164290778
C[C@H]1Nc2ccccc2[C@@H]1NC(=O)c1ccc(Cl)c(S(N)(=O)=O)c1,0,O=C(NC1CNc2ccccc21)c1ccccc1,CCCCCN(CCCOC)C(=O)[C@H](CCC(=O)O)NC(=O)c1ccc(Cl)c(Cl)c1,1,c1ccccc1,0.21782367565500096,0,0.021208855469597162
C[C@H]1Nc2ccccc2[C@@H]1NC(=O)c1ccc(Cl)c(S(N)(=O)=O)c1,0,O=C(NC1CNc2ccccc21)c1ccccc1,CC[C@@H](C)c1ccc(N2C(=O)c3ccccc3N[C@@H]2c2ccc(C(C)C)cc2)cc1,1,O=C1c2ccccc2NC(c2ccccc2)N1c1ccccc1,0.2014545454545455,0,0.026801145258659627
COc1cc(C(=O)N2CCOCC2)cc(OC)c1OC,0,O=C(c1ccccc1)N1CCOCC1,COc1cccc2c(=O)c3ccccc3n(CCCN3CCOCC3)c12,1,O=c1c2ccccc2n(CCCN2CCOCC2)c2ccccc12,0.27711748633879785,0,0.012097040121542713
COc1cc(C(=O)N2CCOCC2)cc(OC)c1OC,0,O=C(c1ccccc1)N1CCOCC1,O=C(CCc1ccccc1)c1ccccc1OCCCCN1CCOCC1,1,O=C(CCc1ccccc1)c1ccccc1OCCCCN1CCOCC1,0.2602150537634409,0,0.009461050613131735
COc1cc(C(=O)N2CCOCC2)cc(OC)c1OC,0,O=C(c1ccccc1)N1CCOCC1,O=C(CCc1ccccc1)c1ccccc1OC[C@@H](O)CN1CCN(C(=O)c2ccccc2)CC1,1,O=C(CCc1ccccc1)c1ccccc1OCCCN1CCN(C(=O)c2ccccc2)CC1,0.25817424505380077,0,0.009102039114166901
COc1cc(C(=O)N2CCOCC2)cc(OC)c1OC,0,O=C(c1ccccc1)N1CCOCC1,O=C(CCc1ccccc1)c1ccccc1OC[C@@H](O)CN1CCOCC1,1,O=C(CCc1ccccc1)c1ccccc1OCCCN1CCOCC1,0.2556818181818182,0,0.020813155386487165
C[C@H]1[C@@H](NC(=O)/C(=N/OC(C)(C)C(=O)O)c2csc(N)n2)C(=O)N1S(=O)(=O)O,0,N=C(C(=O)NC1CNC1=O)c1cscn1,CO/N=C(/C(=O)N[C@H]1C(=O)N2C(C(=O)O)=C(COC(C)=O)CS[C@@H]12)c1csc(N)n1,1,N=C(C(=O)NC1C(=O)N2C=CCSC12)c1cscn1,0.44910714285714287,0,0.00028991586053328793
C[C@H]1[C@@H](NC(=O)/C(=N/OC(C)(C)C(=O)O)c2csc(N)n2)C(=O)N1S(=O)(=O)O,0,N=C(C(=O)NC1CNC1=O)c1cscn1,COc1cc2c(cc1OC)CN(CCc1ccc(NC(=O)c3ccccc3NC(=O)c3csc(C)n3)cc1)CC2,1,O=C(Nc1ccccc1C(=O)Nc1ccc(CCN2CCc3ccccc3C2)cc1)c1cscn1,0.1560856864654333,0,0.020856280807459684
C[C@H]1[C@@H](NC(=O)/C(=N/OC(C)(C)C(=O)O)c2csc(N)n2)C(=O)N1S(=O)(=O)O,0,N=C(C(=O)NC1CNC1=O)c1cscn1,CC(C)(C)NC(=O)[C@H]1C[C@@H]2CCCC[C@H]2CN1C[C@@H](O)[C@H](Cc1ccccc1)NC(=O)[C@@H](CC(N)=O)NC(=O)c1ccc2ccccc2n1,1,O=C(CNC(=O)c1ccc2ccccc2n1)NC(CCN1CCC2CCCCC2C1)Cc1ccccc1,0.14760395659272066,0,0.06903814420890346
C[C@H]1[C@@H](NC(=O)/C(=N/OC(C)(C)C(=O)O)c2csc(N)n2)C(=O)N1S(=O)(=O)O,0,N=C(C(=O)NC1CNC1=O)c1cscn1,CC(C)(C)OC(=O)N1[C@H]2C3[C@H](c4ccccc4)C4(CO)[C@@H]1C1[C@H](c5ccccc5)C2(CO)[C@@H]3N(C(=O)OC(C)(C)C)[C@H]14,1,c1ccc(C2C3C4NC5C2C2NC3C4C(c3ccccc3)C52)cc1,0.13828529194382852,0,0.001582443050914222
CN1CCCN([C@@H](c2ccccc2)c2ccc(Cl)cc2)CC1,1,c1ccc(C(c2ccccc2)N2CCCNCC2)cc1,OCCOCCN1CCN([C@H](c2ccccc2)c2ccc(Cl)cc2)CC1,1,c1ccc(C(c2ccccc2)N2CCNCC2)cc1,0.5309523809523811,1,0.7158140392600585
CN1CCCN([C@@H](c2ccccc2)c2ccc(Cl)cc2)CC1,1,c1ccc(C(c2ccccc2)N2CCCNCC2)cc1,COc1ccc([C@@H](O)CN2CCN(C(c3ccccc3)c3ccccc3)CC2)cc1OC,1,c1ccc(CCN2CCN(C(c3ccccc3)c3ccccc3)CC2)cc1,0.3680911680911681,1,0.9646990586551758
CN1CCCN([C@@H](c2ccccc2)c2ccc(Cl)cc2)CC1,1,c1ccc(C(c2ccccc2)N2CCCNCC2)cc1,CN1CCC[C@H]1CCO[C@](C)(c1ccccc1)c1ccc(Cl)cc1,1,c1ccc(C(OCCC2CCCN2)c2ccccc2)cc1,0.3280701754385965,1,0.7048659307152891
CN1CCCN([C@@H](c2ccccc2)c2ccc(Cl)cc2)CC1,1,c1ccc(C(c2ccccc2)N2CCCNCC2)cc1,CN1CCC(=C2c3ccccc3C=Cc3ccccc32)CC1,1,C1=Cc2ccccc2C(=C2CCNCC2)c2ccccc21,0.2787878787878788,1,0.8403482906066397
COC(=O)C1=C(C)NC(C)=C(C(=O)O[C@H]2CCCN(Cc3ccccc3)C2)[C@@H]1c1cccc([N+](=O)[O-])c1,1,O=C(OC1CCCN(Cc2ccccc2)C1)C1=CNC=CC1c1ccccc1,COC(=O)C1=C(C)NC(C)=C(C(=O)OCCN(C)Cc2ccccc2)[C@@H]1c1cccc([N+](=O)[O-])c1,1,O=C(OCCNCc1ccccc1)C1=CNC=CC1c1ccccc1,0.611976911976912,1,0.9933103576785138
COC(=O)C1=C(C)NC(C)=C(C(=O)O[C@H]2CCCN(Cc3ccccc3)C2)[C@@H]1c1cccc([N+](=O)[O-])c1,1,O=C(OC1CCCN(Cc2ccccc2)C1)C1=CNC=CC1c1ccccc1,CCOC(=O)C1=C(C)NC(C)=C(C(=O)OC)[C@H]1c1cccc([N+](=O)[O-])c1,1,C1=CC(c2ccccc2)C=CN1,0.5931798806479114,1,0.9928704404235095
COC(=O)C1=C(C)NC(C)=C(C(=O)O[C@H]2CCCN(Cc3ccccc3)C2)[C@@H]1c1cccc([N+](=O)[O-])c1,1,O=C(OC1CCCN(Cc2ccccc2)C1)C1=CNC=CC1c1ccccc1,COC(=O)C1=C(C)NC(C)=C(C(=O)OCCCN2CCC(c3ccccc3)(c3ccccc3)CC2)[C@H]1c1cccc([N+](=O)[O-])c1,1,O=C(OCCCN1CCC(c2ccccc2)(c2ccccc2)CC1)C1=CNC=CC1c1ccccc1,0.5876543209876544,1,0.998856494346807
COC(=O)C1=C(C)NC(C)=C(C(=O)O[C@H]2CCCN(Cc3ccccc3)C2)[C@@H]1c1cccc([N+](=O)[O-])c1,1,O=C(OC1CCCN(Cc2ccccc2)C1)C1=CNC=CC1c1ccccc1,COC(=O)C1=C(C)NC(C)=C(C(=O)OCCN2CCN(C(c3ccccc3)c3ccccc3)CC2)[C@H]1c1cccc([N+](=O)[O-])c1,1,O=C(OCCN1CCN(C(c2ccccc2)c2ccccc2)CC1)C1=CNC=CC1c1ccccc1,0.5784589186888037,1,0.9896564193476741
COc1cccc(CCc2ccccc2OCCCN2CCN(c3cccc(Cl)c3)CC2)c1,1,c1ccc(CCc2ccccc2OCCCN2CCN(c3ccccc3)CC2)cc1,COc1cccc(CCc2ccccc2OCCCCN2CCN(c3cccc(Cl)c3)CC2)c1,1,c1ccc(CCc2ccccc2OCCCCN2CCN(c3ccccc3)CC2)cc1,0.9425087108013938,1,0.9988363619683986
COc1cccc(CCc2ccccc2OCCCN2CCN(c3cccc(Cl)c3)CC2)c1,1,c1ccc(CCc2ccccc2OCCCN2CCN(c3ccccc3)CC2)cc1,COc1cccc(CCc2ccccc2OCCN2CCN(c3cccc(Cl)c3)CC2)c1,1,c1ccc(CCc2ccccc2OCCN2CCN(c3ccccc3)CC2)cc1,0.9035714285714287,1,0.9951761432279532
COc1cccc(CCc2ccccc2OCCCN2CCN(c3cccc(Cl)c3)CC2)c1,1,c1ccc(CCc2ccccc2OCCCN2CCN(c3ccccc3)CC2)cc1,COc1cccc(CCc2ccccc2OCCCN2CCN(c3ccc(F)cc3)CC2)c1,1,c1ccc(CCc2ccccc2OCCCN2CCN(c3ccccc3)CC2)cc1,0.8082051282051282,1,0.9961209767598426
COc1cccc(CCc2ccccc2OCCCN2CCN(c3cccc(Cl)c3)CC2)c1,1,c1ccc(CCc2ccccc2OCCCN2CCN(c3ccccc3)CC2)cc1,COc1cccc(CCc2ccccc2OCCCN2CCN(c3cccc(C(F)(F)F)c3)CC2)c1,1,c1ccc(CCc2ccccc2OCCCN2CCN(c3ccccc3)CC2)cc1,0.7676633444075305,1,0.9994882323621043
COc1cccc(CCc2ccccc2OCCCN2CCN(c3ccc(F)cc3)CC2)c1,1,c1ccc(CCc2ccccc2OCCCN2CCN(c3ccccc3)CC2)cc1,COc1cccc(CCc2ccccc2OCCCCN2CCN(c3ccc(F)cc3)CC2)c1,1,c1ccc(CCc2ccccc2OCCCCN2CCN(c3ccccc3)CC2)cc1,0.9405555555555556,1,0.9985264175033194
COc1cccc(CCc2ccccc2OCCCN2CCN(c3ccc(F)cc3)CC2)c1,1,c1ccc(CCc2ccccc2OCCCN2CCN(c3ccccc3)CC2)cc1,COc1cccc(CCc2ccccc2OCCN2CCN(c3ccc(F)cc3)CC2)c1,1,c1ccc(CCc2ccccc2OCCN2CCN(c3ccccc3)CC2)cc1,0.9002849002849004,1,0.9946877824421186
COc1cccc(CCc2ccccc2OCCCN2CCN(c3ccc(F)cc3)CC2)c1,1,c1ccc(CCc2ccccc2OCCCN2CCN(c3ccccc3)CC2)cc1,COc1cccc(CCc2ccccc2OCCCN2CCN(c3cccc(Cl)c3)CC2)c1,1,c1ccc(CCc2ccccc2OCCCN2CCN(c3ccccc3)CC2)cc1,0.8082051282051282,1,0.9974418056903034
COc1cccc(CCc2ccccc2OCCCN2CCN(c3ccc(F)cc3)CC2)c1,1,c1ccc(CCc2ccccc2OCCCN2CCN(c3ccccc3)CC2)cc1,COc1cccc(CCc2ccccc2OCCCN2CCN(c3cccc(C(F)(F)F)c3)CC2)c1,1,c1ccc(CCc2ccccc2OCCCN2CCN(c3ccccc3)CC2)cc1,0.7683563748079877,1,0.9983917713512225
COc1cccc(CCc2ccccc2OCCCN2CCN(c3cccc(C(F)(F)F)c3)CC2)c1,1,c1ccc(CCc2ccccc2OCCCN2CCN(c3ccccc3)CC2)cc1,COc1cccc(CCc2ccccc2OCCCCN2CCN(c3cccc(C(F)(F)F)c3)CC2)c1,1,c1ccc(CCc2ccccc2OCCCCN2CCN(c3ccccc3)CC2)cc1,0.9443220338983052,1,0.9944363315559432
COc1cccc(CCc2ccccc2OCCCN2CCN(c3cccc(C(F)(F)F)c3)CC2)c1,1,c1ccc(CCc2ccccc2OCCCN2CCN(c3ccccc3)CC2)cc1,COc1cccc(CCc2ccccc2OCCCN2CCN(c3ccc(F)cc3)CC2)c1,1,c1ccc(CCc2ccccc2OCCCN2CCN(c3ccccc3)CC2)cc1,0.7683563748079877,1,0.9971719610032124
COc1cccc(CCc2ccccc2OCCCN2CCN(c3cccc(C(F)(F)F)c3)CC2)c1,1,c1ccc(CCc2ccccc2OCCCN2CCN(c3ccccc3)CC2)cc1,COc1cccc(CCc2ccccc2OCCCN2CCN(c3cccc(Cl)c3)CC2)c1,1,c1ccc(CCc2ccccc2OCCCN2CCN(c3ccccc3)CC2)cc1,0.7676633444075305,1,0.9991534265137116
COc1cccc(CCc2ccccc2OCCCN2CCN(c3cccc(C(F)(F)F)c3)CC2)c1,1,c1ccc(CCc2ccccc2OCCCN2CCN(c3ccccc3)CC2)cc1,COc1cccc(CCc2ccccc2OCCCCN2CCN(c3cccc(Cl)c3)CC2)c1,1,c1ccc(CCc2ccccc2OCCCCN2CCN(c3ccccc3)CC2)cc1,0.7251282051282051,1,0.9992938752954358
COc1cccc(CCc2ccccc2OCCCN2CCN(c3ccccc3OC)CC2)c1,1,c1ccc(CCc2ccccc2OCCCN2CCN(c3ccccc3)CC2)cc1,COc1cccc(CCc2ccccc2OCCCCN2CCN(c3ccccc3OC)CC2)c1,1,c1ccc(CCc2ccccc2OCCCCN2CCN(c3ccccc3)CC2)cc1,0.9371794871794872,1,0.9980505456026801
COc1cccc(CCc2ccccc2OCCCN2CCN(c3ccccc3OC)CC2)c1,1,c1ccc(CCc2ccccc2OCCCN2CCN(c3ccccc3)CC2)cc1,COc1cccc(CCc2ccccc2OCCCN2CCN(c3ccc(F)cc3)CC2)c1,1,c1ccc(CCc2ccccc2OCCCN2CCN(c3ccccc3)CC2)cc1,0.766896551724138,1,0.9954458959769984
COc1cccc(CCc2ccccc2OCCCN2CCN(c3ccccc3OC)CC2)c1,1,c1ccc(CCc2ccccc2OCCCN2CCN(c3ccccc3)CC2)cc1,COc1cccc(CCc2ccccc2OCCCN2CCN(c3ncccn3)CC2)c1,1,c1ccc(CCc2ccccc2OCCCN2CCN(c3ncccn3)CC2)cc1,0.7617299061607508,1,0.9945155872928473
COc1cccc(CCc2ccccc2OCCCN2CCN(c3ccccc3OC)CC2)c1,1,c1ccc(CCc2ccccc2OCCCN2CCN(c3ccccc3)CC2)cc1,COc1cccc(CCc2ccccc2OCCCN2CCN(c3cccc(Cl)c3)CC2)c1,1,c1ccc(CCc2ccccc2OCCCN2CCN(c3ccccc3)CC2)cc1,0.7427642276422765,1,0.9949007553006679
COc1cc(Br)c(C[C@H]2c3cc(OC)c(OC)cc3CCN2C)cc1OC,1,c1ccc(CC2NCCc3ccccc32)cc1,COc1cc(C[C@@H]2c3cc(OC)c(OC)cc3CCN2C)c(Oc2cc3c(cc2OC)-c2c(OC)c(OC)cc4c2[C@@H](C3)N(C)CC4)cc1OC,1,c1ccc(Oc2ccc3c(c2)CC2NCCc4cccc-3c42)c(CC2NCCc3ccccc32)c1,0.5374343585896474,1,0.7933501535797864
COc1cc(Br)c(C[C@H]2c3cc(OC)c(OC)cc3CCN2C)cc1OC,1,c1ccc(CC2NCCc3ccccc32)cc1,COc1ccc2c(c1OC)C(=O)O[C@@H]2[C@H]1c2cc3c(cc2CCN1C)OCO3,1,O=C1OC(C2NCCc3cc4c(cc32)OCO4)c2ccccc21,0.3724046434494196,1,0.8125164121759454
COc1cc(Br)c(C[C@H]2c3cc(OC)c(OC)cc3CCN2C)cc1OC,1,c1ccc(CC2NCCc3ccccc32)cc1,COc1cc2c(cc1O)[C@@H]1Cc3ccc(OC)c(O)c3CN1CC2,1,c1ccc2c(c1)CC1c3ccccc3CCN1C2,0.33894425987449245,1,0.6560655860000224
COc1cc(Br)c(C[C@H]2c3cc(OC)c(OC)cc3CCN2C)cc1OC,1,c1ccc(CC2NCCc3ccccc32)cc1,COc1ccc2c(c1OC)C(=O)O[C@@H]2[C@H]1c2c(cc3c(c2OC)OCO3)CCN1C,1,O=C1OC(C2NCCc3cc4c(cc32)OCO4)c2ccccc21,0.33380614657210406,1,0.8073420433802274
COc1ccc(C[C@H]2c3cc(OC)c(OC)cc3CCN2C)cc1OC,0,c1ccc(CC2NCCc3ccccc32)cc1,COc1cc(Br)c(C[C@H]2c3cc(OC)c(OC)cc3CCN2C)cc1OC,1,c1ccc(CC2NCCc3ccccc32)cc1,0.6671936758893281,0,0.4454539520960139
COc1ccc(C[C@H]2c3cc(OC)c(OC)cc3CCN2C)cc1OC,0,c1ccc(CC2NCCc3ccccc32)cc1,COc1cc(C[C@@H]2c3cc(OC)c(OC)cc3CCN2C)c(Oc2cc3c(cc2OC)-c2c(OC)c(OC)cc4c2[C@@H](C3)N(C)CC4)cc1OC,1,c1ccc(Oc2ccc3c(c2)CC2NCCc4cccc-3c42)c(CC2NCCc3ccccc32)c1,0.52,0,0.2417339592541751
COc1ccc(C[C@H]2c3cc(OC)c(OC)cc3CCN2C)cc1OC,0,c1ccc(CC2NCCc3ccccc32)cc1,COc1ccc2c(c1OC)C(=O)O[C@@H]2[C@H]1c2cc3c(cc2CCN1C)OCO3,1,O=C1OC(C2NCCc3cc4c(cc32)OCO4)c2ccccc21,0.42000000000000004,0,0.21064164601472252
COc1ccc(C[C@H]2c3cc(OC)c(OC)cc3CCN2C)cc1OC,0,c1ccc(CC2NCCc3ccccc32)cc1,COc1cc2c(cc1O)[C@@H]1Cc3ccc(OC)c(O)c3CN1CC2,1,c1ccc2c(c1)CC1c3ccccc3CCN1C2,0.40579839429081177,0,0.16586700452108222
Oc1ccc(C[C@H]2NCCc3cc(O)c(O)cc32)cc1O,0,c1ccc(CC2NCCc3ccccc32)cc1,COc1cc2c(cc1O)[C@@H]1Cc3ccc(OC)c(O)c3CN1CC2,1,c1ccc2c(c1)CC1c3ccccc3CCN1C2,0.22458628841607567,0,0.046521731104315574
Oc1ccc(C[C@H]2NCCc3cc(O)c(O)cc32)cc1O,0,c1ccc(CC2NCCc3ccccc32)cc1,C[C@H](Cc1ccc(O)cc1)NC[C@H](O)c1cc(O)cc(O)c1,1,c1ccc(CCNCCc2ccccc2)cc1,0.2074712643678161,0,0.015924573358274022
Oc1ccc(C[C@H]2NCCc3cc(O)c(O)cc32)cc1O,0,c1ccc(CC2NCCc3ccccc32)cc1,C=C(C)[C@@H]1CCC(C)=C[C@@H]1c1c(O)cc(CCCCC)cc1O,1,C1=CC(c2ccccc2)CCC1,0.19783549783549786,0,0.106547358283854
Oc1ccc(C[C@H]2NCCc3cc(O)c(O)cc32)cc1O,0,c1ccc(CC2NCCc3ccccc32)cc1,CNC[C@@H](O)c1ccc(O)c(OC)c1,1,c1ccccc1,0.19010989010989013,0,0.14887906313858024
COc1cc(C[C@@H]2NCCc3cc(O)c(O)cc32)cc(OC)c1OC,0,c1ccc(CC2NCCc3ccccc32)cc1,COc1cc2c(cc1O)[C@@H]1Cc3ccc(OC)c(O)c3CN1CC2,1,c1ccc2c(c1)CC1c3ccccc3CCN1C2,0.30793650793650795,0,0.19759059537091989
COc1cc(C[C@@H]2NCCc3cc(O)c(O)cc32)cc(OC)c1OC,0,c1ccc(CC2NCCc3ccccc32)cc1,COc1ccc(CCNCCC[C@](C#N)(c2cc(OC)c(OC)c(OC)c2)C(C)C)cc1OC,1,c1ccc(CCCCNCCc2ccccc2)cc1,0.2883229813664596,0,0.32776799765148223
COc1cc(C[C@@H]2NCCc3cc(O)c(O)cc32)cc(OC)c1OC,0,c1ccc(CC2NCCc3ccccc32)cc1,COc1cc(Br)c(C[C@H]2c3cc(OC)c(OC)cc3CCN2C)cc1OC,1,c1ccc(CC2NCCc3ccccc32)cc1,0.2782699686083014,0,0.04028708415412266
COc1cc(C[C@@H]2NCCc3cc(O)c(O)cc32)cc(OC)c1OC,0,c1ccc(CC2NCCc3ccccc32)cc1,COc1cc(C[C@@H]2c3cc(OC)c(OC)cc3CCN2C)c(Oc2cc3c(cc2OC)-c2c(OC)c(OC)cc4c2[C@@H](C3)N(C)CC4)cc1OC,1,c1ccc(Oc2ccc3c(c2)CC2NCCc4cccc-3c42)c(CC2NCCc3ccccc32)c1,0.2614814814814815,0,0.11418606494263261
CN1CCC(=C2c3ccccc3Sc3ccccc32)CC1,1,c1ccc2c(c1)Sc1ccccc1C2=C1CCNCC1,CN1CCC(=C2c3ccccc3C=Cc3ccccc32)CC1,1,C1=Cc2ccccc2C(=C2CCNCC2)c2ccccc21,0.6182555780933063,1,0.941002111027132
CN1CCC(=C2c3ccccc3Sc3ccccc32)CC1,1,c1ccc2c(c1)Sc1ccccc1C2=C1CCNCC1,OCCOCCN1CCN(C2=Nc3ccccc3Sc3ccccc32)CC1,1,c1ccc2c(c1)N=C(N1CCNCC1)c1ccccc1S2,0.3109422492401216,1,0.9822081678261098
CN1CCC(=C2c3ccccc3Sc3ccccc32)CC1,1,c1ccc2c(c1)Sc1ccccc1C2=C1CCNCC1,c1ccc2c(c1)Sc1ccccc1N2C[C@H]1CN2CCC1CC2,1,c1ccc2c(c1)Sc1ccccc1N2CC1CN2CCC1CC2,0.28792057363485934,1,0.8579273312063657
CN1CCC(=C2c3ccccc3Sc3ccccc32)CC1,1,c1ccc2c(c1)Sc1ccccc1C2=C1CCNCC1,CN(C)CCCN1c2ccccc2Sc2ccc(Cl)cc21,1,c1ccc2c(c1)Nc1ccccc1S2,0.27314949201741656,1,0.8854443863119846
O=C(Nc1ccccc1C(=O)N[C@@H]1CCCC[C@@H]1N1CCN(c2ccccc2)CC1)c1cnc2ccccc2c1,1,O=C(Nc1ccccc1C(=O)NC1CCCCC1N1CCN(c2ccccc2)CC1)c1cnc2ccccc2c1,O=C(Nc1ccccc1C(=O)Nc1ccc(CCN2CCc3ccccc3C2)cc1)c1cnc2ccccc2c1,1,O=C(Nc1ccccc1C(=O)Nc1ccc(CCN2CCc3ccccc3C2)cc1)c1cnc2ccccc2c1,0.48073170731707326,1,0.9984452409840263
O=C(Nc1ccccc1C(=O)N[C@@H]1CCCC[C@@H]1N1CCN(c2ccccc2)CC1)c1cnc2ccccc2c1,1,O=C(Nc1ccccc1C(=O)NC1CCCCC1N1CCN(c2ccccc2)CC1)c1cnc2ccccc2c1,COc1cc2c(cc1OC)CN(CCc1ccc(NC(=O)c3ccccc3NC(=O)c3cnc4ccccc4c3)cc1)CC2,1,O=C(Nc1ccccc1C(=O)Nc1ccc(CCN2CCc3ccccc3C2)cc1)c1cnc2ccccc2c1,0.4461884183232498,1,0.9948206837283903
O=C(Nc1ccccc1C(=O)N[C@@H]1CCCC[C@@H]1N1CCN(c2ccccc2)CC1)c1cnc2ccccc2c1,1,O=C(Nc1ccccc1C(=O)NC1CCCCC1N1CCN(c2ccccc2)CC1)c1cnc2ccccc2c1,COc1ccc(CCN(C)CCc2ccc(NC(=O)c3ccccc3NC(=O)c3cnc4ccccc4c3)cc2)cc1OC,1,O=C(Nc1ccccc1C(=O)Nc1ccc(CCNCCc2ccccc2)cc1)c1cnc2ccccc2c1,0.4335179032853452,1,0.9989484271781954
O=C(Nc1ccccc1C(=O)N[C@@H]1CCCC[C@@H]1N1CCN(c2ccccc2)CC1)c1cnc2ccccc2c1,1,O=C(Nc1ccccc1C(=O)NC1CCCCC1N1CCN(c2ccccc2)CC1)c1cnc2ccccc2c1,CN(CCc1ccc(NC(=O)c2ccccc2NC(=O)c2cnc3ccccc3c2)cc1)Cc1ccc(F)c(F)c1,1,O=C(Nc1ccccc1C(=O)Nc1ccc(CCNCc2ccccc2)cc1)c1cnc2ccccc2c1,0.4240888580354044,1,0.9993065825333564
COc1cc2c(cc1OC)CN(CCc1ccc(NC(=O)c3ccccc3NC(=O)c3cccs3)cc1)CC2,1,O=C(Nc1ccccc1C(=O)Nc1ccc(CCN2CCc3ccccc3C2)cc1)c1cccs1,COc1cc2c(cc1OC)CN(CCc1ccc(NC(=O)c3ccccc3NC(=O)c3ccccn3)cc1)CC2,1,O=C(Nc1ccccc1C(=O)Nc1ccc(CCN2CCc3ccccc3C2)cc1)c1ccccn1,0.788888888888889,1,0.9995661928821391
COc1cc2c(cc1OC)CN(CCc1ccc(NC(=O)c3ccccc3NC(=O)c3cccs3)cc1)CC2,1,O=C(Nc1ccccc1C(=O)Nc1ccc(CCN2CCc3ccccc3C2)cc1)c1cccs1,COc1cc2c(cc1OC)CN(CCc1ccc(NC(=O)c3ccccc3NC(=O)c3ccccc3)cc1)CC2,1,O=C(Nc1ccccc1C(=O)Nc1ccc(CCN2CCc3ccccc3C2)cc1)c1ccccc1,0.7757033248081842,1,0.9998430605027605
COc1cc2c(cc1OC)CN(CCc1ccc(NC(=O)c3ccccc3NC(=O)c3cccs3)cc1)CC2,1,O=C(Nc1ccccc1C(=O)Nc1ccc(CCN2CCc3ccccc3C2)cc1)c1cccs1,COc1cc2c(cc1OC)CN(CCc1ccc(NC(=O)c3ccccc3NC(=O)c3csc(C)n3)cc1)CC2,1,O=C(Nc1ccccc1C(=O)Nc1ccc(CCN2CCc3ccccc3C2)cc1)c1cscn1,0.7654279279279279,1,0.9998400863863716
COc1cc2c(cc1OC)CN(CCc1ccc(NC(=O)c3ccccc3NC(=O)c3cccs3)cc1)CC2,1,O=C(Nc1ccccc1C(=O)Nc1ccc(CCN2CCc3ccccc3C2)cc1)c1cccs1,COc1cc2c(cc1OC)CN(CCc1ccc(NC(=O)c3ccccc3NC(=O)c3ccc(C)cc3)cc1)CC2,1,O=C(Nc1ccccc1C(=O)Nc1ccc(CCN2CCc3ccccc3C2)cc1)c1ccccc1,0.7430164319248826,1,0.9999072733562114
COc1cc(/C=C/C2=C(NC(C)C)CN3CCN2CC3)cc(OC)c1OC,0,C(=Cc1ccccc1)C1=CCN2CCN1CC2,COC(=O)[C@@H]1[C@H]2C[C@@H]3c4[nH]c5cc(OC)ccc5c4CCN3C[C@@H]2C[C@@H](OC(=O)/C=C/c2cc(OC)c(OC)c(OC)c2)[C@H]1OC,1,O=C(C=Cc1ccccc1)OC1CCC2CC3c4[nH]c5ccccc5c4CCN3CC2C1,0.25703309692671394,0,0.02053885032531685
COc1cc(/C=C/C2=C(NC(C)C)CN3CCN2CC3)cc(OC)c1OC,0,C(=Cc1ccccc1)C1=CCN2CCN1CC2,COc1ccc(CCNCCC[C@](C#N)(c2cc(OC)c(OC)c(OC)c2)C(C)C)cc1OC,1,c1ccc(CCCCNCCc2ccccc2)cc1,0.22622222222222224,0,0.03819010893166034
COc1cc(/C=C/C2=C(NC(C)C)CN3CCN2CC3)cc(OC)c1OC,0,C(=Cc1ccccc1)C1=CCN2CCN1CC2,COc1cccc(CCc2ccccc2OCCCN2CCN(c3ccccc3OC)CC2)c1,1,c1ccc(CCc2ccccc2OCCCN2CCN(c3ccccc3)CC2)cc1,0.2173826173826174,0,0.07573278792080725
COc1cc(/C=C/C2=C(NC(C)C)CN3CCN2CC3)cc(OC)c1OC,0,C(=Cc1ccccc1)C1=CCN2CCN1CC2,COc1ccc([C@@H](O)CN2CCN(C(c3ccccc3)c3ccccc3)CC2)cc1OC,1,c1ccc(CCN2CCN(C(c3ccccc3)c3ccccc3)CC2)cc1,0.2166565349544073,0,0.04104349602445373
C[C@H]([C@H](O)c1ccc(O)cc1)N1CCC(Cc2ccccc2)CC1,0,c1ccc(CCN2CCC(Cc3ccccc3)CC2)cc1,COc1ccc2c(c1)CN(C(=O)CCN1CCC(Cc3ccccc3)CC1)CCS2,1,O=C(CCN1CCC(Cc2ccccc2)CC1)N1CCSc2ccccc2C1,0.30722559293987867,0,0.022804858041538242
C[C@H]([C@H](O)c1ccc(O)cc1)N1CCC(Cc2ccccc2)CC1,0,c1ccc(CCN2CCC(Cc3ccccc3)CC2)cc1,C[C@H](Cc1ccc(O)cc1)NC[C@H](O)c1cc(O)cc(O)c1,1,c1ccc(CCNCCc2ccccc2)cc1,0.28857509627727856,0,0.004372436925135141
C[C@H]([C@H](O)c1ccc(O)cc1)N1CCC(Cc2ccccc2)CC1,0,c1ccc(CCN2CCC(Cc3ccccc3)CC2)cc1,CCC(=O)N(c1ccccc1)C1CCN(CCc2ccccc2)CC1,1,c1ccc(CCN2CCC(Nc3ccccc3)CC2)cc1,0.27936507936507937,0,0.3210341048040733
C[C@H]([C@H](O)c1ccc(O)cc1)N1CCC(Cc2ccccc2)CC1,0,c1ccc(CCN2CCC(Cc3ccccc3)CC2)cc1,O=C(CCc1ccccc1)c1cc(O)ccc1OC[C@@H](O)CN1CCCCC1,1,O=C(CCc1ccccc1)c1ccccc1OCCCN1CCCCC1,0.2788169014084507,0,0.3498633882714869
CN(C)c1ccc(-c2nc(-c3ccc(/C=C/CN4CCOCC4)cc3)[nH]c2-c2ccc(N(C)C)cc2)cc1,1,C(=Cc1ccc(-c2nc(-c3ccccc3)c(-c3ccccc3)[nH]2)cc1)CN1CCOCC1,CN(C)c1ccc(-c2nc(-c3ccc(/C=C/CN4CCCCC4)cc3)[nH]c2-c2ccc(N(C)C)cc2)cc1,1,C(=Cc1ccc(-c2nc(-c3ccccc3)c(-c3ccccc3)[nH]2)cc1)CN1CCCCC1,0.8207407407407408,1,0.9999100212344205
CN(C)c1ccc(-c2nc(-c3ccc(/C=C/CN4CCOCC4)cc3)[nH]c2-c2ccc(N(C)C)cc2)cc1,1,C(=Cc1ccc(-c2nc(-c3ccccc3)c(-c3ccccc3)[nH]2)cc1)CN1CCOCC1,CN(C)C/C=C/c1ccc(-c2nc(-c3ccc(N(C)C)cc3)c(-c3ccc(N(C)C)cc3)[nH]2)cc1,1,c1ccc(-c2nc(-c3ccccc3)c(-c3ccccc3)[nH]2)cc1,0.6872727272727274,1,0.9997954282149931
CN(C)c1ccc(-c2nc(-c3ccc(/C=C/CN4CCOCC4)cc3)[nH]c2-c2ccc(N(C)C)cc2)cc1,1,C(=Cc1ccc(-c2nc(-c3ccccc3)c(-c3ccccc3)[nH]2)cc1)CN1CCOCC1,COC/C=C/c1ccc(-c2nc(-c3ccc(N(C)C)cc3)c(-c3ccc(N(C)C)cc3)[nH]2)cc1,1,c1ccc(-c2nc(-c3ccccc3)c(-c3ccccc3)[nH]2)cc1,0.6598086124401914,1,0.9992345077382584
CN(C)c1ccc(-c2nc(-c3ccc(/C=C/CN4CCOCC4)cc3)[nH]c2-c2ccc(N(C)C)cc2)cc1,1,C(=Cc1ccc(-c2nc(-c3ccccc3)c(-c3ccccc3)[nH]2)cc1)CN1CCOCC1,CCOC/C=C/c1ccc(-c2nc(-c3ccc(N(C)C)cc3)c(-c3ccc(N(C)C)cc3)[nH]2)cc1,1,c1ccc(-c2nc(-c3ccccc3)c(-c3ccccc3)[nH]2)cc1,0.6436911487758946,1,0.9983795186708416
CCC(=O)N(c1ccccc1)C1CCN(CCc2ccccc2)CC1,1,c1ccc(CCN2CCC(Nc3ccccc3)CC2)cc1,CCC(=O)N(C[C@H](O)COc1ccccc1C(=O)CCc1ccccc1)c1ccccc1,1,O=C(CCc1ccccc1)c1ccccc1OCCCNc1ccccc1,0.3422222222222222,0,0.4883005486054598
CCC(=O)N(c1ccccc1)C1CCN(CCc2ccccc2)CC1,1,c1ccc(CCN2CCC(Nc3ccccc3)CC2)cc1,O=C(CCc1ccccc1)c1ccccc1OCCN1CCCCC1,1,O=C(CCc1ccccc1)c1ccccc1OCCN1CCCCC1,0.3384855581576893,1,0.7818135010866426
CCC(=O)N(c1ccccc1)C1CCN(CCc2ccccc2)CC1,1,c1ccc(CCN2CCC(Nc3ccccc3)CC2)cc1,O=C(CCc1ccccc1)c1ccccc1OCCCN1CCCCC1,1,O=C(CCc1ccccc1)c1ccccc1OCCCN1CCCCC1,0.33425499231950845,1,0.7885230524687021
CCC(=O)N(c1ccccc1)C1CCN(CCc2ccccc2)CC1,1,c1ccc(CCN2CCC(Nc3ccccc3)CC2)cc1,O=C(CCc1ccccc1)c1ccccc1OCCCCN1CCCCC1,1,O=C(CCc1ccccc1)c1ccccc1OCCCCN1CCCCC1,0.33015873015873015,1,0.733664370995177
C[C@@H](CO)NC(=O)[C@@H]1C=C2c3cccc4[nH]cc(c34)C[C@@H]2N(C)C1,0,C1=C2c3cccc4[nH]cc(c34)CC2NCC1,CN1C[C@H](CO)C=C2c3cccc4[nH]cc(c34)C[C@@H]21,1,C1=C2c3cccc4[nH]cc(c34)CC2NCC1,0.642360655737705,0,0.05606079274005643
C[C@@H](CO)NC(=O)[C@@H]1C=C2c3cccc4[nH]cc(c34)C[C@@H]2N(C)C1,0,C1=C2c3cccc4[nH]cc(c34)CC2NCC1,CCN(CC)C(=O)N[C@H]1C=C2c3cccc4[nH]cc(c34)C[C@H]2N(C)C1,1,C1=C2c3cccc4[nH]cc(c34)CC2NCC1,0.6119162640901772,0,0.1056255808696966
C[C@@H](CO)NC(=O)[C@@H]1C=C2c3cccc4[nH]cc(c34)C[C@@H]2N(C)C1,0,C1=C2c3cccc4[nH]cc(c34)CC2NCC1,CC(C)C[C@H]1C(=O)N2CCCC2[C@]2(O)O[C@@](NC(=O)[C@H]3C=C4c5cccc6[nH]cc(c56)C[C@H]4N(C)C3)(C(C)C)C(=O)N12,1,O=C(NC1OC2C3CCCN3C(=O)CN2C1=O)C1C=C2c3cccc4[nH]cc(c34)CC2NC1,0.5389986824769435,0,0.050790476985960877
C[C@@H](CO)NC(=O)[C@@H]1C=C2c3cccc4[nH]cc(c34)C[C@@H]2N(C)C1,0,C1=C2c3cccc4[nH]cc(c34)CC2NCC1,CC(C)[C@]1(NC(=O)[C@H]2C=C3c4cccc5[nH]cc(c45)C[C@H]3N(C)C2)O[C@]2(O)C3CCCN3C(=O)[C@H](Cc3ccccc3)N2C1=O,1,O=C(NC1OC2C3CCCN3C(=O)C(Cc3ccccc3)N2C1=O)C1C=C2c3cccc4[nH]cc(c34)CC2NC1,0.5241476826394345,0,0.0642117925047593
CC[C@H](CO)NC(=O)[C@@H]1C=C2c3cccc4[nH]cc(c34)C[C@H]2N(C)C1,0,C1=C2c3cccc4[nH]cc(c34)CC2NCC1,CN1C[C@H](CO)C=C2c3cccc4[nH]cc(c34)C[C@@H]21,1,C1=C2c3cccc4[nH]cc(c34)CC2NCC1,0.621001221001221,0,0.09119651098631429
CC[C@H](CO)NC(=O)[C@@H]1C=C2c3cccc4[nH]cc(c34)C[C@H]2N(C)C1,0,C1=C2c3cccc4[nH]cc(c34)CC2NCC1,CCN(CC)C(=O)N[C@H]1C=C2c3cccc4[nH]cc(c34)C[C@H]2N(C)C1,1,C1=C2c3cccc4[nH]cc(c34)CC2NCC1,0.6176623376623378,0,0.18236502014612457
CC[C@H](CO)NC(=O)[C@@H]1C=C2c3cccc4[nH]cc(c34)C[C@H]2N(C)C1,0,C1=C2c3cccc4[nH]cc(c34)CC2NCC1,CC(C)C[C@H]1C(=O)N2CCCC2[C@]2(O)O[C@@](NC(=O)[C@H]3C=C4c5cccc6[nH]cc(c56)C[C@H]4N(C)C3)(C(C)C)C(=O)N12,1,O=C(NC1OC2C3CCCN3C(=O)CN2C1=O)C1C=C2c3cccc4[nH]cc(c34)CC2NC1,0.5187117046347212,0,0.09230707167294935
CC[C@H](CO)NC(=O)[C@@H]1C=C2c3cccc4[nH]cc(c34)C[C@H]2N(C)C1,0,C1=C2c3cccc4[nH]cc(c34)CC2NCC1,CC(C)[C@]1(NC(=O)[C@H]2C=C3c4cccc5[nH]cc(c45)C[C@H]3N(C)C2)O[C@]2(O)C3CCCN3C(=O)[C@H](Cc3ccccc3)N2C1=O,1,O=C(NC1OC2C3CCCN3C(=O)C(Cc3ccccc3)N2C1=O)C1C=C2c3cccc4[nH]cc(c34)CC2NC1,0.504921968787515,0,0.06873526543947005
CC[C@@H](CO)NC(=O)[C@H]1C=C2c3cccc4c3c(cn4C)C[C@@H]2N(C)C1,0,C1=C2c3cccc4[nH]cc(c34)CC2NCC1,CCN(CC)C(=O)N[C@H]1C=C2c3cccc4[nH]cc(c34)C[C@H]2N(C)C1,1,C1=C2c3cccc4[nH]cc(c34)CC2NCC1,0.41188811188811186,0,0.1254930843674354
CC[C@@H](CO)NC(=O)[C@H]1C=C2c3cccc4c3c(cn4C)C[C@@H]2N(C)C1,0,C1=C2c3cccc4[nH]cc(c34)CC2NCC1,CN1C[C@H](CO)C=C2c3cccc4[nH]cc(c34)C[C@@H]21,1,C1=C2c3cccc4[nH]cc(c34)CC2NCC1,0.3980326402861614,0,0.16875230198603428
CC[C@@H](CO)NC(=O)[C@H]1C=C2c3cccc4c3c(cn4C)C[C@@H]2N(C)C1,0,C1=C2c3cccc4[nH]cc(c34)CC2NCC1,CC(C)C[C@H]1C(=O)N2CCCC2[C@]2(O)O[C@@](NC(=O)[C@H]3C=C4c5cccc6[nH]cc(c56)C[C@H]4N(C)C3)(C(C)C)C(=O)N12,1,O=C(NC1OC2C3CCCN3C(=O)CN2C1=O)C1C=C2c3cccc4[nH]cc(c34)CC2NC1,0.3667911376649241,0,0.22546769311072534
CC[C@@H](CO)NC(=O)[C@H]1C=C2c3cccc4c3c(cn4C)C[C@@H]2N(C)C1,0,C1=C2c3cccc4[nH]cc(c34)CC2NCC1,CC(C)[C@]1(NC(=O)[C@H]2C=C3c4cccc5[nH]cc(c45)C[C@H]3N(C)C2)O[C@]2(O)C3CCCN3C(=O)[C@H](Cc3ccccc3)N2C1=O,1,O=C(NC1OC2C3CCCN3C(=O)C(Cc3ccccc3)N2C1=O)C1C=C2c3cccc4[nH]cc(c34)CC2NC1,0.3577740625746358,0,0.20559668345999157
CN1C[C@H](CO)C=C2c3cccc4[nH]cc(c34)C[C@@H]21,1,C1=C2c3cccc4[nH]cc(c34)CC2NCC1,CCN(CC)C(=O)N[C@H]1C=C2c3cccc4[nH]cc(c34)C[C@H]2N(C)C1,1,C1=C2c3cccc4[nH]cc(c34)CC2NCC1,0.602227033714816,1,0.5695532222945984
CN1C[C@H](CO)C=C2c3cccc4[nH]cc(c34)C[C@@H]21,1,C1=C2c3cccc4[nH]cc(c34)CC2NCC1,CC(C)C[C@H]1C(=O)N2CCCC2[C@]2(O)O[C@@](NC(=O)[C@H]3C=C4c5cccc6[nH]cc(c56)C[C@H]4N(C)C3)(C(C)C)C(=O)N12,1,O=C(NC1OC2C3CCCN3C(=O)CN2C1=O)C1C=C2c3cccc4[nH]cc(c34)CC2NC1,0.4346497252747253,1,0.9367314103951786
CN1C[C@H](CO)C=C2c3cccc4[nH]cc(c34)C[C@@H]21,1,C1=C2c3cccc4[nH]cc(c34)CC2NCC1,CC(C)[C@]1(NC(=O)[C@H]2C=C3c4cccc5[nH]cc(c45)C[C@H]3N(C)C2)O[C@]2(O)C3CCCN3C(=O)[C@H](Cc3ccccc3)N2C1=O,1,O=C(NC1OC2C3CCCN3C(=O)C(Cc3ccccc3)N2C1=O)C1C=C2c3cccc4[nH]cc(c34)CC2NC1,0.4225859247135843,1,0.9252512883702618
CN1C[C@H](CO)C=C2c3cccc4[nH]cc(c34)C[C@@H]21,1,C1=C2c3cccc4[nH]cc(c34)CC2NCC1,CC(C)C[C@H]1C(=O)N2CCCC2[C@@]2(O)O[C@@](NC(=O)[C@H]3C=C4c5cccc6[nH]c(Br)c(c56)C[C@H]4N(C)C3)(C(C)C)C(=O)N12,1,O=C(NC1OC2C3CCCN3C(=O)CN2C1=O)C1C=C2c3cccc4[nH]cc(c34)CC2NC1,0.31103641456582637,1,0.9693496031835375
CCN(CC)C(=O)N[C@H]1C=C2c3cccc4[nH]cc(c34)C[C@H]2N(C)C1,1,C1=C2c3cccc4[nH]cc(c34)CC2NCC1,CN1C[C@H](CO)C=C2c3cccc4[nH]cc(c34)C[C@@H]21,1,C1=C2c3cccc4[nH]cc(c34)CC2NCC1,0.602227033714816,1,0.6041475421373981
CCN(CC)C(=O)N[C@H]1C=C2c3cccc4[nH]cc(c34)C[C@H]2N(C)C1,1,C1=C2c3cccc4[nH]cc(c34)CC2NCC1,CC(C)C[C@H]1C(=O)N2CCCC2[C@]2(O)O[C@@](NC(=O)[C@H]3C=C4c5cccc6[nH]cc(c56)C[C@H]4N(C)C3)(C(C)C)C(=O)N12,1,O=C(NC1OC2C3CCCN3C(=O)CN2C1=O)C1C=C2c3cccc4[nH]cc(c34)CC2NC1,0.44123649459783915,1,0.8558534781233437
CCN(CC)C(=O)N[C@H]1C=C2c3cccc4[nH]cc(c34)C[C@H]2N(C)C1,1,C1=C2c3cccc4[nH]cc(c34)CC2NCC1,CC(C)[C@]1(NC(=O)[C@H]2C=C3c4cccc5[nH]cc(c45)C[C@H]3N(C)C2)O[C@]2(O)C3CCCN3C(=O)[C@H](Cc3ccccc3)N2C1=O,1,O=C(NC1OC2C3CCCN3C(=O)C(Cc3ccccc3)N2C1=O)C1C=C2c3cccc4[nH]cc(c34)CC2NC1,0.42987516142918647,1,0.8214128250592952
CCN(CC)C(=O)N[C@H]1C=C2c3cccc4[nH]cc(c34)C[C@H]2N(C)C1,1,C1=C2c3cccc4[nH]cc(c34)CC2NCC1,CC(C)C[C@H]1C(=O)N2CCCC2[C@@]2(O)O[C@@](NC(=O)[C@H]3C=C4c5cccc6[nH]c(Br)c(c56)C[C@H]4N(C)C3)(C(C)C)C(=O)N12,1,O=C(NC1OC2C3CCCN3C(=O)CN2C1=O)C1C=C2c3cccc4[nH]cc(c34)CC2NC1,0.32482023307711383,1,0.9127886296610305
c1ccc(CNCc2ccccc2)cc1,0,c1ccc(CNCc2ccccc2)cc1,O=C(CCc1ccccc1)c1ccccc1OC[C@@H](O)CNCc1ccccc1,1,O=C(CCc1ccccc1)c1ccccc1OCCCNCc1ccccc1,0.325170998632011,0,0.022667749220182002
c1ccc(CNCc2ccccc2)cc1,0,c1ccc(CNCc2ccccc2)cc1,C[C@@H](NCCC(c1ccccc1)c1ccccc1)c1ccccc1,1,c1ccc(CNCCC(c2ccccc2)c2ccccc2)cc1,0.2731182795698925,0,0.016985477893005498
c1ccc(CNCc2ccccc2)cc1,0,c1ccc(CNCc2ccccc2)cc1,CCCNCCc1oc2ccccc2c1CCc1ccccc1,1,c1ccc(CCc2coc3ccccc23)cc1,0.26034843205574915,0,0.015628797314457113
c1ccc(CNCc2ccccc2)cc1,0,c1ccc(CNCc2ccccc2)cc1,COc1cccc(CCc2ccccc2NCc2cccc(OC)c2)c1,1,c1ccc(CCc2ccccc2NCc2ccccc2)cc1,0.26,0,0.02521512139044686
COC(=O)C1=C(C)NC(C)=C(C(=O)OCCCN2CCC(c3ccccc3)(c3ccccc3)CC2)[C@H]1c1cccc([N+](=O)[O-])c1,1,O=C(OCCCN1CCC(c2ccccc2)(c2ccccc2)CC1)C1=CNC=CC1c1ccccc1,COC(=O)C1=C(C)NC(C)=C(C(=O)OCCN2CCN(C(c3ccccc3)c3ccccc3)CC2)[C@H]1c1cccc([N+](=O)[O-])c1,1,O=C(OCCN1CCN(C(c2ccccc2)c2ccccc2)CC1)C1=CNC=CC1c1ccccc1,0.7066066066066067,1,0.9982669757526329
COC(=O)C1=C(C)NC(C)=C(C(=O)OCCCN2CCC(c3ccccc3)(c3ccccc3)CC2)[C@H]1c1cccc([N+](=O)[O-])c1,1,O=C(OCCCN1CCC(c2ccccc2)(c2ccccc2)CC1)C1=CNC=CC1c1ccccc1,CCOC(=O)C1=C(C)NC(C)=C(C(=O)OC)[C@H]1c1cccc([N+](=O)[O-])c1,1,C1=CC(c2ccccc2)C=CN1,0.6549242424242425,1,0.999909505759728
COC(=O)C1=C(C)NC(C)=C(C(=O)OCCCN2CCC(c3ccccc3)(c3ccccc3)CC2)[C@H]1c1cccc([N+](=O)[O-])c1,1,O=C(OCCCN1CCC(c2ccccc2)(c2ccccc2)CC1)C1=CNC=CC1c1ccccc1,COC(=O)C1=C(C)NC(C)=C(C(=O)OCCN(C)Cc2ccccc2)[C@@H]1c1cccc([N+](=O)[O-])c1,1,O=C(OCCNCc1ccccc1)C1=CNC=CC1c1ccccc1,0.6314074074074074,1,0.9999440845470585
COC(=O)C1=C(C)NC(C)=C(C(=O)OCCCN2CCC(c3ccccc3)(c3ccccc3)CC2)[C@H]1c1cccc([N+](=O)[O-])c1,1,O=C(OCCCN1CCC(c2ccccc2)(c2ccccc2)CC1)C1=CNC=CC1c1ccccc1,COC(=O)C1=C(C)NC(C)=C(C(=O)O[C@H]2CCCN(Cc3ccccc3)C2)[C@@H]1c1cccc([N+](=O)[O-])c1,1,O=C(OC1CCCN(Cc2ccccc2)C1)C1=CNC=CC1c1ccccc1,0.5876543209876544,1,0.9997821189552328
COc1cccc(CCc2ccccc2OCCCN2CCc3ccccc3C2)c1,1,c1ccc(CCc2ccccc2OCCCN2CCc3ccccc3C2)cc1,COc1cccc(CCc2ccccc2OCCCCN2CCc3ccccc3C2)c1,1,c1ccc(CCc2ccccc2OCCCCN2CCc3ccccc3C2)cc1,0.9376299376299376,1,0.9907699597274745
COc1cccc(CCc2ccccc2OCCCN2CCc3ccccc3C2)c1,1,c1ccc(CCc2ccccc2OCCCN2CCc3ccccc3C2)cc1,COc1cccc(CCc2ccccc2OCCCCCN2CCc3ccccc3C2)c1,1,c1ccc(CCc2ccccc2OCCCCCN2CCc3ccccc3C2)cc1,0.9185700099304867,1,0.9823631805154512
COc1cccc(CCc2ccccc2OCCCN2CCc3ccccc3C2)c1,1,c1ccc(CCc2ccccc2OCCCN2CCc3ccccc3C2)cc1,COc1cccc(CCc2ccccc2OCCN2CCc3ccccc3C2)c1,1,c1ccc(CCc2ccccc2OCCN2CCc3ccccc3C2)cc1,0.8906444906444908,1,0.9871867990126423
COc1cccc(CCc2ccccc2OCCCN2CCc3ccccc3C2)c1,1,c1ccc(CCc2ccccc2OCCCN2CCc3ccccc3C2)cc1,COc1cccc(CCc2ccccc2OCCCN2CCc3cc(OC)c(OC)cc3C2)c1,1,c1ccc(CCc2ccccc2OCCCN2CCc3ccccc3C2)cc1,0.878080808080808,1,0.9750060544457793
COc1cccc(CCc2ccccc2OCCCN2CCc3cc(OC)c(OC)cc3C2)c1,1,c1ccc(CCc2ccccc2OCCCN2CCc3ccccc3C2)cc1,COc1cccc(CCc2ccccc2OCCCCN2CCc3cc(OC)c(OC)cc3C2)c1,1,c1ccc(CCc2ccccc2OCCCCN2CCc3ccccc3C2)cc1,0.939766081871345,1,0.9978081127890864
COc1cccc(CCc2ccccc2OCCCN2CCc3cc(OC)c(OC)cc3C2)c1,1,c1ccc(CCc2ccccc2OCCCN2CCc3ccccc3C2)cc1,COc1cccc(CCc2ccccc2OCCCCCN2CCc3cc(OC)c(OC)cc3C2)c1,1,c1ccc(CCc2ccccc2OCCCCCN2CCc3ccccc3C2)cc1,0.9213053613053613,1,0.9963199501058815
COc1cccc(CCc2ccccc2OCCCN2CCc3cc(OC)c(OC)cc3C2)c1,1,c1ccc(CCc2ccccc2OCCCN2CCc3ccccc3C2)cc1,COc1cccc(CCc2ccccc2OCCN2CCc3cc(OC)c(OC)cc3C2)c1,1,c1ccc(CCc2ccccc2OCCN2CCc3ccccc3C2)cc1,0.8943469785575049,1,0.9941646085109525
COc1cccc(CCc2ccccc2OCCCN2CCc3cc(OC)c(OC)cc3C2)c1,1,c1ccc(CCc2ccccc2OCCCN2CCc3ccccc3C2)cc1,COc1cccc(CCc2ccccc2OCCCN2CCc3ccccc3C2)c1,1,c1ccc(CCc2ccccc2OCCCN2CCc3ccccc3C2)cc1,0.878080808080808,1,0.9860476321388499
O=C(CCc1ccccc1)c1cccc(OC[C@H](O)CN2CCCCC2)c1,1,O=C(CCc1ccccc1)c1cccc(OCCCN2CCCCC2)c1,O=C(CCc1ccccc1)c1ccc(OC[C@H](O)CN2CCCCC2)cc1,1,O=C(CCc1ccccc1)c1ccc(OCCCN2CCCCC2)cc1,0.825054945054945,1,0.9878449288961135
O=C(CCc1ccccc1)c1cccc(OC[C@H](O)CN2CCCCC2)c1,1,O=C(CCc1ccccc1)c1cccc(OCCCN2CCCCC2)c1,O=C(CCc1ccccc1)c1ccc(OC[C@@H](O)CN2CCCCC2)cc1,1,O=C(CCc1ccccc1)c1ccc(OCCCN2CCCCC2)cc1,0.825054945054945,1,0.9878449288961135
O=C(CCc1ccccc1)c1cccc(OC[C@H](O)CN2CCCCC2)c1,1,O=C(CCc1ccccc1)c1cccc(OCCCN2CCCCC2)c1,Cc1ccccc1N1CCN(C[C@H](O)COc2cccc(C(=O)CCc3ccccc3)c2)CC1,1,O=C(CCc1ccccc1)c1cccc(OCCCN2CCN(c3ccccc3)CC2)c1,0.7427642276422765,1,0.963682134648217
O=C(CCc1ccccc1)c1cccc(OC[C@H](O)CN2CCCCC2)c1,1,O=C(CCc1ccccc1)c1cccc(OCCCN2CCCCC2)c1,O=C(CCc1ccccc1)c1cccc(OC[C@H](O)CN2CCN(c3ccc(F)cc3)CC2)c1,1,O=C(CCc1ccccc1)c1cccc(OCCCN2CCN(c3ccccc3)CC2)c1,0.7321212121212122,1,0.9684590542294196
COc1cc2c(cc1OC)CN(CCNC(=O)c1ccccc1NC(=O)c1ccc(C(C)(C)C)cc1)CC2,1,O=C(Nc1ccccc1C(=O)NCCN1CCc2ccccc2C1)c1ccccc1,COc1cc2c(cc1OC)CN(CCNC(=O)c1ccccc1NC(=O)c1ccc(-c3ccccc3)cc1)CC2,1,O=C(Nc1ccccc1C(=O)NCCN1CCc2ccccc2C1)c1ccc(-c2ccccc2)cc1,0.8305302262749071,1,0.9995360411000732
COc1cc2c(cc1OC)CN(CCNC(=O)c1ccccc1NC(=O)c1ccc(C(C)(C)C)cc1)CC2,1,O=C(Nc1ccccc1C(=O)NCCN1CCc2ccccc2C1)c1ccccc1,COc1cc2c(cc1OC)CN(CCNC(=O)c1ccccc1NC(=O)c1ccc(Br)cc1)CC2,1,O=C(Nc1ccccc1C(=O)NCCN1CCc2ccccc2C1)c1ccccc1,0.8235827664399094,1,0.9992183503695717
COc1cc2c(cc1OC)CN(CCNC(=O)c1ccccc1NC(=O)c1ccc(C(C)(C)C)cc1)CC2,1,O=C(Nc1ccccc1C(=O)NCCN1CCc2ccccc2C1)c1ccccc1,COc1cc2c(cc1OC)CN(CCNC(=O)c1ccccc1NC(=O)c1ccc(Oc3ccccc3)cc1)CC2,1,O=C(Nc1ccccc1C(=O)NCCN1CCc2ccccc2C1)c1ccc(Oc2ccccc2)cc1,0.810212765957447,1,0.9994953322113024
COc1cc2c(cc1OC)CN(CCNC(=O)c1ccccc1NC(=O)c1ccc(C(C)(C)C)cc1)CC2,1,O=C(Nc1ccccc1C(=O)NCCN1CCc2ccccc2C1)c1ccccc1,COc1cc2c(cc1OC)CN(CCNC(=O)c1ccccc1NC(=O)c1ccc(Cc3ccccc3)cc1)CC2,1,O=C(Nc1ccccc1C(=O)NCCN1CCc2ccccc2C1)c1ccc(Cc2ccccc2)cc1,0.810212765957447,1,0.9995421688586738
COc1cc2c(cc1OC)CN(CCNC(=O)c1ccc(Cl)cc1NC(=O)c1ccc(C(C)C)cc1)CC2,1,O=C(Nc1ccccc1C(=O)NCCN1CCc2ccccc2C1)c1ccccc1,COc1cc2c(cc1OC)CN(CCNC(=O)c1cc(Cl)ccc1NC(=O)c1ccc(C(C)C)cc1)CC2,1,O=C(Nc1ccccc1C(=O)NCCN1CCc2ccccc2C1)c1ccccc1,0.8895384615384616,1,0.9997760811994264
COc1cc2c(cc1OC)CN(CCNC(=O)c1ccc(Cl)cc1NC(=O)c1ccc(C(C)C)cc1)CC2,1,O=C(Nc1ccccc1C(=O)NCCN1CCc2ccccc2C1)c1ccccc1,COc1cc2c(cc1OC)CN(CCNC(=O)c1ccc(N)cc1NC(=O)c1ccc(C(C)C)cc1)CC2,1,O=C(Nc1ccccc1C(=O)NCCN1CCc2ccccc2C1)c1ccccc1,0.824212271973466,1,0.9987152364972133
COc1cc2c(cc1OC)CN(CCNC(=O)c1ccc(Cl)cc1NC(=O)c1ccc(C(C)C)cc1)CC2,1,O=C(Nc1ccccc1C(=O)NCCN1CCc2ccccc2C1)c1ccccc1,COc1cc2c(cc1OC)CN(CCNC(=O)c1c(Cl)cccc1NC(=O)c1ccc(C(C)C)cc1)CC2,1,O=C(Nc1ccccc1C(=O)NCCN1CCc2ccccc2C1)c1ccccc1,0.7673626373626374,1,0.9997841541106416
COc1cc2c(cc1OC)CN(CCNC(=O)c1ccc(Cl)cc1NC(=O)c1ccc(C(C)C)cc1)CC2,1,O=C(Nc1ccccc1C(=O)NCCN1CCc2ccccc2C1)c1ccccc1,COc1cc2c(cc1OC)CN(CCNC(=O)c1cccc(Cl)c1NC(=O)c1ccc(C(C)C)cc1)CC2,1,O=C(Nc1ccccc1C(=O)NCCN1CCc2ccccc2C1)c1ccccc1,0.7623860811930406,1,0.9997699110673519
COc1cc2c(cc1OC)CN(CCNC(=O)c1cc(Cl)ccc1NC(=O)c1ccc(C(C)C)cc1)CC2,1,O=C(Nc1ccccc1C(=O)NCCN1CCc2ccccc2C1)c1ccccc1,COc1cc2c(cc1OC)CN(CCNC(=O)c1ccc(Cl)cc1NC(=O)c1ccc(C(C)C)cc1)CC2,1,O=C(Nc1ccccc1C(=O)NCCN1CCc2ccccc2C1)c1ccccc1,0.8895384615384616,1,0.9998065297240072
COc1cc2c(cc1OC)CN(CCNC(=O)c1cc(Cl)ccc1NC(=O)c1ccc(C(C)C)cc1)CC2,1,O=C(Nc1ccccc1C(=O)NCCN1CCc2ccccc2C1)c1ccccc1,COc1cc2c(cc1OC)CN(CCNC(=O)c1c(Cl)cccc1NC(=O)c1ccc(C(C)C)cc1)CC2,1,O=C(Nc1ccccc1C(=O)NCCN1CCc2ccccc2C1)c1ccccc1,0.7712087912087913,1,0.9997878727828038
COc1cc2c(cc1OC)CN(CCNC(=O)c1cc(Cl)ccc1NC(=O)c1ccc(C(C)C)cc1)CC2,1,O=C(Nc1ccccc1C(=O)NCCN1CCc2ccccc2C1)c1ccccc1,COc1cc2c(cc1OC)CN(CCNC(=O)c1cccc(Cl)c1NC(=O)c1ccc(C(C)C)cc1)CC2,1,O=C(Nc1ccccc1C(=O)NCCN1CCc2ccccc2C1)c1ccccc1,0.7589924160346696,1,0.9997703427157493
COc1cc2c(cc1OC)CN(CCNC(=O)c1cc(Cl)ccc1NC(=O)c1ccc(C(C)C)cc1)CC2,1,O=C(Nc1ccccc1C(=O)NCCN1CCc2ccccc2C1)c1ccccc1,COc1cc2c(cc1OC)CN(CCNC(=O)c1ccc(N)cc1NC(=O)c1ccc(C(C)C)cc1)CC2,1,O=C(Nc1ccccc1C(=O)NCCN1CCc2ccccc2C1)c1ccccc1,0.7584415584415585,1,0.9984916240364916
CCCCCc1ccc(C(=O)Nc2ccccc2C(=O)NCCN2CCc3cc(OC)c(OC)cc3C2)cc1,1,O=C(Nc1ccccc1C(=O)NCCN1CCc2ccccc2C1)c1ccccc1,CCCc1ccc(C(=O)Nc2ccccc2C(=O)NCCN2CCc3cc(OC)c(OC)cc3C2)cc1,1,O=C(Nc1ccccc1C(=O)NCCN1CCc2ccccc2C1)c1ccccc1,0.8971794871794873,1,0.9997139082453843
CCCCCc1ccc(C(=O)Nc2ccccc2C(=O)NCCN2CCc3cc(OC)c(OC)cc3C2)cc1,1,O=C(Nc1ccccc1C(=O)NCCN1CCc2ccccc2C1)c1ccccc1,COc1cc2c(cc1OC)CN(CCNC(=O)c1ccccc1NC(=O)c1ccc(Cc3ccccc3)cc1)CC2,1,O=C(Nc1ccccc1C(=O)NCCN1CCc2ccccc2C1)c1ccc(Cc2ccccc2)cc1,0.7952941176470588,1,0.9996169621035083
CCCCCc1ccc(C(=O)Nc2ccccc2C(=O)NCCN2CCc3cc(OC)c(OC)cc3C2)cc1,1,O=C(Nc1ccccc1C(=O)NCCN1CCc2ccccc2C1)c1ccccc1,COc1cc2c(cc1OC)CN(CCNC(=O)c1ccccc1NC(=O)c1ccc(-c3ccccc3)cc1)CC2,1,O=C(Nc1ccccc1C(=O)NCCN1CCc2ccccc2C1)c1ccc(-c2ccccc2)cc1,0.771764705882353,1,0.9994306166248985
CCCCCc1ccc(C(=O)Nc2ccccc2C(=O)NCCN2CCc3cc(OC)c(OC)cc3C2)cc1,1,O=C(Nc1ccccc1C(=O)NCCN1CCc2ccccc2C1)c1ccccc1,COc1cc2c(cc1OC)CN(CCNC(=O)c1ccccc1NC(=O)c1ccc(C(C)(C)C)cc1)CC2,1,O=C(Nc1ccccc1C(=O)NCCN1CCc2ccccc2C1)c1ccccc1,0.7668985507246378,1,0.9995591619039503
COc1cc2c(cc1OC)CN(CCNC(=O)c1cccc(C)c1NC(=O)c1ccc(C(C)C)cc1)CC2,1,O=C(Nc1ccccc1C(=O)NCCN1CCc2ccccc2C1)c1ccccc1,COc1cc2c(cc1OC)CN(CCNC(=O)c1cccc(Cl)c1NC(=O)c1ccc(C(C)C)cc1)CC2,1,O=C(Nc1ccccc1C(=O)NCCN1CCc2ccccc2C1)c1ccccc1,0.8453028972783143,1,0.9996375357808954
COc1cc2c(cc1OC)CN(CCNC(=O)c1cccc(C)c1NC(=O)c1ccc(C(C)C)cc1)CC2,1,O=C(Nc1ccccc1C(=O)NCCN1CCc2ccccc2C1)c1ccccc1,COc1cc2c(cc1OC)CN(CCNC(=O)c1ccc(Cl)cc1NC(=O)c1ccc(C(C)C)cc1)CC2,1,O=C(Nc1ccccc1C(=O)NCCN1CCc2ccccc2C1)c1ccccc1,0.7243589743589745,1,0.9996769300175158
COc1cc2c(cc1OC)CN(CCNC(=O)c1cccc(C)c1NC(=O)c1ccc(C(C)C)cc1)CC2,1,O=C(Nc1ccccc1C(=O)NCCN1CCc2ccccc2C1)c1ccccc1,COc1cc2c(cc1OC)CN(CCNC(=O)c1cc(Cl)ccc1NC(=O)c1ccc(C(C)C)cc1)CC2,1,O=C(Nc1ccccc1C(=O)NCCN1CCc2ccccc2C1)c1ccccc1,0.7213836477987423,1,0.9995677872581128
COc1cc2c(cc1OC)CN(CCNC(=O)c1cccc(C)c1NC(=O)c1ccc(C(C)C)cc1)CC2,1,O=C(Nc1ccccc1C(=O)NCCN1CCc2ccccc2C1)c1ccccc1,COc1cc2c(cc1OC)CN(CCNC(=O)c1c(Cl)cccc1NC(=O)c1ccc(C(C)C)cc1)CC2,1,O=C(Nc1ccccc1C(=O)NCCN1CCc2ccccc2C1)c1ccccc1,0.7213836477987423,1,0.9995277814081345
COc1cc2c(cc1OC)CN(CCNC(=O)c1cccc(Cl)c1NC(=O)c1ccc(C(C)C)cc1)CC2,1,O=C(Nc1ccccc1C(=O)NCCN1CCc2ccccc2C1)c1ccccc1,COc1cc2c(cc1OC)CN(CCNC(=O)c1cccc(C)c1NC(=O)c1ccc(C(C)C)cc1)CC2,1,O=C(Nc1ccccc1C(=O)NCCN1CCc2ccccc2C1)c1ccccc1,0.8453028972783143,1,0.9993541194876667
COc1cc2c(cc1OC)CN(CCNC(=O)c1cccc(Cl)c1NC(=O)c1ccc(C(C)C)cc1)CC2,1,O=C(Nc1ccccc1C(=O)NCCN1CCc2ccccc2C1)c1ccccc1,COc1cc2c(cc1OC)CN(CCNC(=O)c1c(Cl)cccc1NC(=O)c1ccc(C(C)C)cc1)CC2,1,O=C(Nc1ccccc1C(=O)NCCN1CCc2ccccc2C1)c1ccccc1,0.7991638795986623,1,0.9996456280955848
COc1cc2c(cc1OC)CN(CCNC(=O)c1cccc(Cl)c1NC(=O)c1ccc(C(C)C)cc1)CC2,1,O=C(Nc1ccccc1C(=O)NCCN1CCc2ccccc2C1)c1ccccc1,COc1cc2c(cc1OC)CN(CCNC(=O)c1ccc(Cl)cc1NC(=O)c1ccc(C(C)C)cc1)CC2,1,O=C(Nc1ccccc1C(=O)NCCN1CCc2ccccc2C1)c1ccccc1,0.7623860811930406,1,0.9997060928205909
COc1cc2c(cc1OC)CN(CCNC(=O)c1cccc(Cl)c1NC(=O)c1ccc(C(C)C)cc1)CC2,1,O=C(Nc1ccccc1C(=O)NCCN1CCc2ccccc2C1)c1ccccc1,COc1cc2c(cc1OC)CN(CCNC(=O)c1cc(Cl)ccc1NC(=O)c1ccc(C(C)C)cc1)CC2,1,O=C(Nc1ccccc1C(=O)NCCN1CCc2ccccc2C1)c1ccccc1,0.7589924160346696,1,0.9996390171171935
COc1cc2c(cc1OC)CN(CCNC(=O)c1c(Cl)cccc1NC(=O)c1ccc(C(C)C)cc1)CC2,1,O=C(Nc1ccccc1C(=O)NCCN1CCc2ccccc2C1)c1ccccc1,COc1cc2c(cc1OC)CN(CCNC(=O)c1cccc(Cl)c1NC(=O)c1ccc(C(C)C)cc1)CC2,1,O=C(Nc1ccccc1C(=O)NCCN1CCc2ccccc2C1)c1ccccc1,0.7991638795986623,1,0.9997836286435292
COc1cc2c(cc1OC)CN(CCNC(=O)c1c(Cl)cccc1NC(=O)c1ccc(C(C)C)cc1)CC2,1,O=C(Nc1ccccc1C(=O)NCCN1CCc2ccccc2C1)c1ccccc1,COc1cc2c(cc1OC)CN(CCNC(=O)c1cc(Cl)ccc1NC(=O)c1ccc(C(C)C)cc1)CC2,1,O=C(Nc1ccccc1C(=O)NCCN1CCc2ccccc2C1)c1ccccc1,0.7712087912087913,1,0.9997569203738966
COc1cc2c(cc1OC)CN(CCNC(=O)c1c(Cl)cccc1NC(=O)c1ccc(C(C)C)cc1)CC2,1,O=C(Nc1ccccc1C(=O)NCCN1CCc2ccccc2C1)c1ccccc1,COc1cc2c(cc1OC)CN(CCNC(=O)c1ccc(Cl)cc1NC(=O)c1ccc(C(C)C)cc1)CC2,1,O=C(Nc1ccccc1C(=O)NCCN1CCc2ccccc2C1)c1ccccc1,0.7673626373626374,1,0.9997723494051098
COc1cc2c(cc1OC)CN(CCNC(=O)c1c(Cl)cccc1NC(=O)c1ccc(C(C)C)cc1)CC2,1,O=C(Nc1ccccc1C(=O)NCCN1CCc2ccccc2C1)c1ccccc1,COc1cc2c(cc1OC)CN(CCNC(=O)c1cccc(C)c1NC(=O)c1ccc(C(C)C)cc1)CC2,1,O=C(Nc1ccccc1C(=O)NCCN1CCc2ccccc2C1)c1ccccc1,0.7213836477987423,1,0.9995452857742249
CCCc1ccc(C(=O)Nc2ccccc2C(=O)NCCN2CCc3cc(OC)c(OC)cc3C2)cc1,1,O=C(Nc1ccccc1C(=O)NCCN1CCc2ccccc2C1)c1ccccc1,CCCCCc1ccc(C(=O)Nc2ccccc2C(=O)NCCN2CCc3cc(OC)c(OC)cc3C2)cc1,1,O=C(Nc1ccccc1C(=O)NCCN1CCc2ccccc2C1)c1ccccc1,0.8971794871794873,1,0.9994569917895106
CCCc1ccc(C(=O)Nc2ccccc2C(=O)NCCN2CCc3cc(OC)c(OC)cc3C2)cc1,1,O=C(Nc1ccccc1C(=O)NCCN1CCc2ccccc2C1)c1ccccc1,COc1cc2c(cc1OC)CN(CCNC(=O)c1ccccc1NC(=O)c1ccc(Cc3ccccc3)cc1)CC2,1,O=C(Nc1ccccc1C(=O)NCCN1CCc2ccccc2C1)c1ccc(Cc2ccccc2)cc1,0.8312820512820513,1,0.9993343041486561
CCCc1ccc(C(=O)Nc2ccccc2C(=O)NCCN2CCc3cc(OC)c(OC)cc3C2)cc1,1,O=C(Nc1ccccc1C(=O)NCCN1CCc2ccccc2C1)c1ccccc1,COc1cc2c(cc1OC)CN(CCNC(=O)c1ccccc1NC(=O)c1ccc(-c3ccccc3)cc1)CC2,1,O=C(Nc1ccccc1C(=O)NCCN1CCc2ccccc2C1)c1ccc(-c2ccccc2)cc1,0.8066666666666669,1,0.9991553542783358
CCCc1ccc(C(=O)Nc2ccccc2C(=O)NCCN2CCc3cc(OC)c(OC)cc3C2)cc1,1,O=C(Nc1ccccc1C(=O)NCCN1CCc2ccccc2C1)c1ccccc1,COc1cc2c(cc1OC)CN(CCNC(=O)c1ccccc1NC(=O)c1ccc(C(C)(C)C)cc1)CC2,1,O=C(Nc1ccccc1C(=O)NCCN1CCc2ccccc2C1)c1ccccc1,0.8011363636363638,1,0.9992349363338606
COc1cc2c(cc1OC)CN(CCNC(=O)c1ccccc1NC(=O)c1ccc(Br)cc1)CC2,1,O=C(Nc1ccccc1C(=O)NCCN1CCc2ccccc2C1)c1ccccc1,COc1cc2c(cc1OC)CN(CCNC(=O)c1ccccc1NC(=O)c1ccc(-c3ccccc3)cc1)CC2,1,O=C(Nc1ccccc1C(=O)NCCN1CCc2ccccc2C1)c1ccc(-c2ccccc2)cc1,0.8376344086021505,1,0.9993691328064018
COc1cc2c(cc1OC)CN(CCNC(=O)c1ccccc1NC(=O)c1ccc(Br)cc1)CC2,1,O=C(Nc1ccccc1C(=O)NCCN1CCc2ccccc2C1)c1ccccc1,COc1cc2c(cc1OC)CN(CCNC(=O)c1ccccc1NC(=O)c1ccc(C(C)(C)C)cc1)CC2,1,O=C(Nc1ccccc1C(=O)NCCN1CCc2ccccc2C1)c1ccccc1,0.8235827664399094,1,0.9991750956454167
COc1cc2c(cc1OC)CN(CCNC(=O)c1ccccc1NC(=O)c1ccc(Br)cc1)CC2,1,O=C(Nc1ccccc1C(=O)NCCN1CCc2ccccc2C1)c1ccccc1,COc1cc2c(cc1OC)CN(CCNC(=O)c1ccccc1NC(=O)c1ccc(Oc3ccccc3)cc1)CC2,1,O=C(Nc1ccccc1C(=O)NCCN1CCc2ccccc2C1)c1ccc(Oc2ccccc2)cc1,0.8166666666666667,1,0.9993648556806031
COc1cc2c(cc1OC)CN(CCNC(=O)c1ccccc1NC(=O)c1ccc(Br)cc1)CC2,1,O=C(Nc1ccccc1C(=O)NCCN1CCc2ccccc2C1)c1ccccc1,COc1cc2c(cc1OC)CN(CCNC(=O)c1ccccc1NC(=O)c1ccc(Cc3ccccc3)cc1)CC2,1,O=C(Nc1ccccc1C(=O)NCCN1CCc2ccccc2C1)c1ccc(Cc2ccccc2)cc1,0.8166666666666667,1,0.9994006191015324
COc1cc2c(cc1OC)CN(CCNC(=O)c1ccc(N)cc1NC(=O)c1ccc(C(C)C)cc1)CC2,1,O=C(Nc1ccccc1C(=O)NCCN1CCc2ccccc2C1)c1ccccc1,COc1cc2c(cc1OC)CN(CCNC(=O)c1ccc(Cl)cc1NC(=O)c1ccc(C(C)C)cc1)CC2,1,O=C(Nc1ccccc1C(=O)NCCN1CCc2ccccc2C1)c1ccccc1,0.824212271973466,1,0.9818404413549602
COc1cc2c(cc1OC)CN(CCNC(=O)c1ccc(N)cc1NC(=O)c1ccc(C(C)C)cc1)CC2,1,O=C(Nc1ccccc1C(=O)NCCN1CCc2ccccc2C1)c1ccccc1,COc1cc2c(cc1OC)CN(CCNC(=O)c1cc(Cl)ccc1NC(=O)c1ccc(C(C)C)cc1)CC2,1,O=C(Nc1ccccc1C(=O)NCCN1CCc2ccccc2C1)c1ccccc1,0.7584415584415585,1,0.976869087076447
COc1cc2c(cc1OC)CN(CCNC(=O)c1ccc(N)cc1NC(=O)c1ccc(C(C)C)cc1)CC2,1,O=C(Nc1ccccc1C(=O)NCCN1CCc2ccccc2C1)c1ccccc1,COc1cc2c(cc1OC)CN(CCNC(=O)c1cccc(C)c1NC(=O)c1ccc(C(C)C)cc1)CC2,1,O=C(Nc1ccccc1C(=O)NCCN1CCc2ccccc2C1)c1ccccc1,0.7165964172813488,1,0.9766459718021675
COc1cc2c(cc1OC)CN(CCNC(=O)c1ccc(N)cc1NC(=O)c1ccc(C(C)C)cc1)CC2,1,O=C(Nc1ccccc1C(=O)NCCN1CCc2ccccc2C1)c1ccccc1,COc1cc2c(cc1OC)CN(CCNC(=O)c1c(Cl)cccc1NC(=O)c1ccc(C(C)C)cc1)CC2,1,O=C(Nc1ccccc1C(=O)NCCN1CCc2ccccc2C1)c1ccccc1,0.7130952380952382,1,0.9766727364277039
O=C(CCc1ccccc1)c1ccccc1OC[C@@H](O)CN1CCN(C(=O)c2ccccc2)CC1,1,O=C(CCc1ccccc1)c1ccccc1OCCCN1CCN(C(=O)c2ccccc2)CC1,O=C(CCc1ccccc1)c1ccccc1OC[C@H](O)CN1CCCC1,1,O=C(CCc1ccccc1)c1ccccc1OCCCN1CCCC1,0.791840897501275,1,0.9984063207747413
O=C(CCc1ccccc1)c1ccccc1OC[C@@H](O)CN1CCN(C(=O)c2ccccc2)CC1,1,O=C(CCc1ccccc1)c1ccccc1OCCCN1CCN(C(=O)c2ccccc2)CC1,O=C(CCc1ccccc1)c1ccccc1OC[C@H](O)CN1CCCCC1,1,O=C(CCc1ccccc1)c1ccccc1OCCCN1CCCCC1,0.7758284600389864,1,0.9980914824565744
O=C(CCc1ccccc1)c1ccccc1OC[C@@H](O)CN1CCN(C(=O)c2ccccc2)CC1,1,O=C(CCc1ccccc1)c1ccccc1OCCCN1CCN(C(=O)c2ccccc2)CC1,O=C(CCc1ccccc1)c1ccccc1OC[C@H](O)CN1CCN(Cc2ccccc2)CC1,1,O=C(CCc1ccccc1)c1ccccc1OCCCN1CCN(Cc2ccccc2)CC1,0.7734417344173442,1,0.9986268013612538
O=C(CCc1ccccc1)c1ccccc1OC[C@@H](O)CN1CCN(C(=O)c2ccccc2)CC1,1,O=C(CCc1ccccc1)c1ccccc1OCCCN1CCN(C(=O)c2ccccc2)CC1,O=C(CCc1ccccc1)c1ccccc1OC[C@@H](O)CN1CCN(Cc2ccccc2)CC1,1,O=C(CCc1ccccc1)c1ccccc1OCCCN1CCN(Cc2ccccc2)CC1,0.7734417344173442,1,0.9986268013612538
COc1cc(=O)n(C)c2c(OC[C@H](O)C(C)(C)O)cccc12,0,O=c1ccc2ccccc2[nH]1,COc1cccc2c(=O)c3ccccc3n(CCCCN3CCN(CCO)CC3)c12,1,O=c1c2ccccc2n(CCCCN2CCNCC2)c2ccccc12,0.3225305216426193,0,0.015797771714040516
COc1cc(=O)n(C)c2c(OC[C@H](O)C(C)(C)O)cccc12,0,O=c1ccc2ccccc2[nH]1,COc1cccc2c(=O)c3ccccc3n(CCCN3CCN(CCO)CC3)c12,1,O=c1c2ccccc2n(CCCN2CCNCC2)c2ccccc12,0.3225305216426193,0,0.003902136927486209
COc1cc(=O)n(C)c2c(OC[C@H](O)C(C)(C)O)cccc12,0,O=c1ccc2ccccc2[nH]1,COc1ccccc1OCCNC[C@H](O)COc1cccc2[nH]c3ccccc3c12,1,c1ccc(OCCNCCCOc2cccc3[nH]c4ccccc4c23)cc1,0.31450980392156863,0,0.006270004238469261
COc1cc(=O)n(C)c2c(OC[C@H](O)C(C)(C)O)cccc12,0,O=c1ccc2ccccc2[nH]1,COc1cccc2c(=O)c3ccccc3n(CCCCN3CCCCC3)c12,1,O=c1c2ccccc2n(CCCCN2CCCCC2)c2ccccc12,0.3108059701492537,0,0.0017390936864189396
CN1CC[C@@]23c4c5ccc(O)c4O[C@H]2[C@H](O)C=C[C@H]3[C@@H]1C5,0,C1=CC2C3Cc4cccc5c4C2(CCN3)C(C1)O5,COc1cc2c(cc1O)[C@@H]1Cc3ccc(OC)c(O)c3CN1CC2,1,c1ccc2c(c1)CC1c3ccccc3CCN1C2,0.2207828518173346,0,0.0017511403733318119
CN1CC[C@@]23c4c5ccc(O)c4O[C@H]2[C@H](O)C=C[C@H]3[C@@H]1C5,0,C1=CC2C3Cc4cccc5c4C2(CCN3)C(C1)O5,COc1ccc2c(c1OC)C(=O)O[C@@H]2[C@H]1c2c(cc3c(c2OC)OCO3)CCN1C,1,O=C1OC(C2NCCc3cc4c(cc32)OCO4)c2ccccc21,0.19366515837104076,0,0.0006636024973573133
CN1CC[C@@]23c4c5ccc(O)c4O[C@H]2[C@H](O)C=C[C@H]3[C@@H]1C5,0,C1=CC2C3Cc4cccc5c4C2(CCN3)C(C1)O5,COc1ccc2c(c1OC)C(=O)O[C@@H]2[C@H]1c2cc3c(cc2CCN1C)OCO3,1,O=C1OC(C2NCCc3cc4c(cc32)OCO4)c2ccccc21,0.19009146341463415,0,0.0005879233275594411
CN1CC[C@@]23c4c5ccc(O)c4O[C@H]2[C@H](O)C=C[C@H]3[C@@H]1C5,0,C1=CC2C3Cc4cccc5c4C2(CCN3)C(C1)O5,CN1C[C@H](CO)C=C2c3cccc4[nH]cc(c34)C[C@@H]21,1,C1=C2c3cccc4[nH]cc(c34)CC2NCC1,0.18990364474235444,0,0.009662798548921782
COc1ccc([C@@H](O)CN2CCN(C(c3ccccc3)c3ccccc3)CC2)cc1OC,1,c1ccc(CCN2CCN(C(c3ccccc3)c3ccccc3)CC2)cc1,OCCOCCN1CCN([C@H](c2ccccc2)c2ccc(Cl)cc2)CC1,1,c1ccc(C(c2ccccc2)N2CCNCC2)cc1,0.4225563909774436,1,0.9961301395966458
COc1ccc([C@@H](O)CN2CCN(C(c3ccccc3)c3ccccc3)CC2)cc1OC,1,c1ccc(CCN2CCN(C(c3ccccc3)c3ccccc3)CC2)cc1,CN1CCCN([C@@H](c2ccccc2)c2ccc(Cl)cc2)CC1,1,c1ccc(C(c2ccccc2)N2CCCNCC2)cc1,0.3680911680911681,1,0.9434440195766864
COc1ccc([C@@H](O)CN2CCN(C(c3ccccc3)c3ccccc3)CC2)cc1OC,1,c1ccc(CCN2CCN(C(c3ccccc3)c3ccccc3)CC2)cc1,CNC[C@@H](O)c1ccc(O)c(OC)c1,1,c1ccccc1,0.35996318453750575,1,0.8491634556631427
COc1ccc([C@@H](O)CN2CCN(C(c3ccccc3)c3ccccc3)CC2)cc1OC,1,c1ccc(CCN2CCN(C(c3ccccc3)c3ccccc3)CC2)cc1,COC(=O)C1=C(C)NC(C)=C(C(=O)OCCN2CCN(C(c3ccccc3)c3ccccc3)CC2)[C@H]1c1cccc([N+](=O)[O-])c1,1,O=C(OCCN1CCN(C(c2ccccc2)c2ccccc2)CC1)C1=CNC=CC1c1ccccc1,0.3436773752563227,1,0.9587102343981658
CO[C@H]1[C@H](C)C=C(C)[C@H](OC(N)=O)[C@H](C)C=CC=C(C)C(=O)Nc2cc(O)cc(c2O)[C@H](OC)[C@H](C)C[C@@H]1OC,1,O=C1C=CC=CCCC=CCCCCCCc2cccc(c2)N1,COC1=C2C[C@H](C)C[C@H](OC)[C@@H](O)[C@H](C)C=C(C)[C@@H](OC(N)=O)[C@H](OC)C=CC=C(C)C(=O)NC(=CC1=O)C2=O,1,O=C1C=C2CCCCCCC=CCCC=CC=CC(=O)NC(=C1)C2=O,0.40628654970760236,1,0.985520216275874
CO[C@H]1[C@H](C)C=C(C)[C@H](OC(N)=O)[C@H](C)C=CC=C(C)C(=O)Nc2cc(O)cc(c2O)[C@H](OC)[C@H](C)C[C@@H]1OC,1,O=C1C=CC=CCCC=CCCCCCCc2cccc(c2)N1,C=CCNC1=C2C[C@H](C)C[C@H](OC)[C@@H](O)[C@@H](C)C=C(C)[C@H](OC(N)=O)[C@@H](OC)C=CC=C(C)C(=O)NC(=CC1=O)C2=O,1,O=C1C=C2CCCCCCC=CCCC=CC=CC(=O)NC(=C1)C2=O,0.3717948717948718,1,0.9931895180607979
CO[C@H]1[C@H](C)C=C(C)[C@H](OC(N)=O)[C@H](C)C=CC=C(C)C(=O)Nc2cc(O)cc(c2O)[C@H](OC)[C@H](C)C[C@@H]1OC,1,O=C1C=CC=CCCC=CCCCCCCc2cccc(c2)N1,CCC(C)(C)C(=O)O[C@H]1C[C@H](C)C=C2C=C[C@@H](C)[C@H](CC[C@@H]3C[C@H](O)CC(=O)O3)[C@H]21,1,O=C1CCCC(CCC2CC=CC3=CCCCC32)O1,0.16830188679245284,1,0.999536733830221
CO[C@H]1[C@H](C)C=C(C)[C@H](OC(N)=O)[C@H](C)C=CC=C(C)C(=O)Nc2cc(O)cc(c2O)[C@H](OC)[C@H](C)C[C@@H]1OC,1,O=C1C=CC=CCCC=CCCCCCCc2cccc(c2)N1,CC[C@@H](C)C(=O)O[C@@H]1C[C@H](C)C=C2C=C[C@H](C)[C@H](CC[C@H]3C[C@H](O)CC(=O)O3)[C@H]21,1,O=C1CCCC(CCC2CC=CC3=CCCCC32)O1,0.1676825138832453,1,0.999335859526185
OCCOCCN1CCN(C2=Nc3ccccc3Sc3ccccc32)CC1,1,c1ccc2c(c1)N=C(N1CCNCC1)c1ccccc1S2,OCCOCCN1CCN([C@H](c2ccccc2)c2ccc(Cl)cc2)CC1,1,c1ccc(C(c2ccccc2)N2CCNCC2)cc1,0.4022540983606558,1,0.9546343509128913
OCCOCCN1CCN(C2=Nc3ccccc3Sc3ccccc32)CC1,1,c1ccc2c(c1)N=C(N1CCNCC1)c1ccccc1S2,Cc1cc2c(s1)Nc1ccccc1N=C2N1CCN(C)CC1,1,c1ccc2c(c1)N=C(N1CCNCC1)c1ccsc1N2,0.3295454545454546,1,0.9511006061275951
OCCOCCN1CCN(C2=Nc3ccccc3Sc3ccccc32)CC1,1,c1ccc2c(c1)N=C(N1CCNCC1)c1ccccc1S2,CN1CCC(=C2c3ccccc3Sc3ccccc32)CC1,1,c1ccc2c(c1)Sc1ccccc1C2=C1CCNCC1,0.3109422492401216,1,0.7927930388582484
OCCOCCN1CCN(C2=Nc3ccccc3Sc3ccccc32)CC1,1,c1ccc2c(c1)N=C(N1CCNCC1)c1ccccc1S2,O=c1c2ccccc2n(CCCCN2CCN(CCO)CC2)c2ccccc12,1,O=c1c2ccccc2n(CCCCN2CCNCC2)c2ccccc12,0.2693548387096774,1,0.9866957856812332
COc1ccc(OC2=NCCc3ccccc32)cc1,0,c1ccc(OC2=NCCc3ccccc32)cc1,COc1ccc(COc2ccccc2CCc2ccccc2)cc1,1,c1ccc(CCc2ccccc2OCc2ccccc2)cc1,0.3071078431372549,0,0.034253634832081166
COc1ccc(OC2=NCCc3ccccc32)cc1,0,c1ccc(OC2=NCCc3ccccc32)cc1,COc1ccc([C@H]2Nc3ccccc3C(=O)N2c2ccc(Oc3ccccc3)cc2)cc1,1,O=C1c2ccccc2NC(c2ccccc2)N1c1ccc(Oc2ccccc2)cc1,0.30688917415489947,0,0.010244092449863473
COc1ccc(OC2=NCCc3ccccc32)cc1,0,c1ccc(OC2=NCCc3ccccc32)cc1,COc1ccc(COc2ccccc2CCc2cccc(OC)c2)cc1,1,c1ccc(CCc2ccccc2OCc2ccccc2)cc1,0.28848484848484846,0,0.04796999026611703
COc1ccc(OC2=NCCc3ccccc32)cc1,0,c1ccc(OC2=NCCc3ccccc32)cc1,COc1cccc(CCc2ccccc2OCCN2CCc3ccccc3C2)c1,1,c1ccc(CCc2ccccc2OCCN2CCc3ccccc3C2)cc1,0.2749718574108818,0,0.04093076220616371
C[C@@H](Cc1ccc2c(c1)OCO2)NC[C@@H](O)c1ccc(O)c(O)c1,0,c1ccc(CCNCCc2ccc3c(c2)OCO3)cc1,C[C@H](Cc1ccc(O)cc1)NC[C@H](O)c1cc(O)cc(O)c1,1,c1ccc(CCNCCc2ccccc2)cc1,0.5197505197505198,0,0.12230703271528362
C[C@@H](Cc1ccc2c(c1)OCO2)NC[C@@H](O)c1ccc(O)c(O)c1,0,c1ccc(CCNCCc2ccc3c(c2)OCO3)cc1,CNC[C@@H](O)c1ccc(O)c(OC)c1,1,c1ccccc1,0.37386759581881535,0,0.062868009228138
C[C@@H](Cc1ccc2c(c1)OCO2)NC[C@@H](O)c1ccc(O)c(O)c1,0,c1ccc(CCNCCc2ccc3c(c2)OCO3)cc1,O=C(COc1ccc(Cl)cc1)N1CCN(Cc2ccc3c(c2)OCO3)CC1,1,O=C(COc1ccccc1)N1CCN(Cc2ccc3c(c2)OCO3)CC1,0.262360369111219,0,0.05485783420877826
C[C@@H](Cc1ccc2c(c1)OCO2)NC[C@@H](O)c1ccc(O)c(O)c1,0,c1ccc(CCNCCc2ccc3c(c2)OCO3)cc1,COc1ccc([C@@H](O)CN2CCN(C(c3ccccc3)c3ccccc3)CC2)cc1OC,1,c1ccc(CCN2CCN(C(c3ccccc3)c3ccccc3)CC2)cc1,0.2244131455399061,0,0.1975489592382261
c1nc(N2CCOCC2)nc2c(N3CCOCC3)nc(N3CCOCC3)nc12,0,c1nc(N2CCOCC2)nc2c(N3CCOCC3)nc(N3CCOCC3)nc12,CCOC/C=C/c1ccc(-c2ncc(-c3ccc(N4CCOCC4)cc3)[nH]2)cc1,1,c1ccc(-c2ncc(-c3ccc(N4CCOCC4)cc3)[nH]2)cc1,0.22616330114135208,0,0.004662786928952303
c1nc(N2CCOCC2)nc2c(N3CCOCC3)nc(N3CCOCC3)nc12,0,c1nc(N2CCOCC2)nc2c(N3CCOCC3)nc(N3CCOCC3)nc12,Clc1ccccc1-c1nc(N2CCCC2)c2ccccc2n1,1,c1ccc(-c2nc(N3CCCC3)c3ccccc3n2)cc1,0.19969604863221885,0,0.002034162240030203
c1nc(N2CCOCC2)nc2c(N3CCOCC3)nc(N3CCOCC3)nc12,0,c1nc(N2CCOCC2)nc2c(N3CCOCC3)nc(N3CCOCC3)nc12,O=c1c2ccccc2n(CCCN2CCOCC2)c2ccccc12,1,O=c1c2ccccc2n(CCCN2CCOCC2)c2ccccc12,0.18198757763975157,0,0.0025837593685835796
c1nc(N2CCOCC2)nc2c(N3CCOCC3)nc(N3CCOCC3)nc12,0,c1nc(N2CCOCC2)nc2c(N3CCOCC3)nc(N3CCOCC3)nc12,CN(C)c1ccc(-c2nc(-c3ccc(/C=C/CN4CCOCC4)cc3)[nH]c2-c2ccc(N(C)C)cc2)cc1,1,C(=Cc1ccc(-c2nc(-c3ccccc3)c(-c3ccccc3)[nH]2)cc1)CN1CCOCC1,0.18175912043978013,0,0.014670288804801904
COc1cccc(CCc2ccccc2OCCN2CCN(c3cccc(Cl)c3)CC2)c1,1,c1ccc(CCc2ccccc2OCCN2CCN(c3ccccc3)CC2)cc1,COc1cccc(CCc2ccccc2OCCCN2CCN(c3cccc(Cl)c3)CC2)c1,1,c1ccc(CCc2ccccc2OCCCN2CCN(c3ccccc3)CC2)cc1,0.9035714285714287,1,0.9971257839144686
COc1cccc(CCc2ccccc2OCCN2CCN(c3cccc(Cl)c3)CC2)c1,1,c1ccc(CCc2ccccc2OCCN2CCN(c3ccccc3)CC2)cc1,COc1cccc(CCc2ccccc2OCCCCN2CCN(c3cccc(Cl)c3)CC2)c1,1,c1ccc(CCc2ccccc2OCCCCN2CCN(c3ccccc3)CC2)cc1,0.8865211810012837,1,0.9948706643782362
COc1cccc(CCc2ccccc2OCCN2CCN(c3cccc(Cl)c3)CC2)c1,1,c1ccc(CCc2ccccc2OCCN2CCN(c3ccccc3)CC2)cc1,COc1cccc(CCc2ccccc2OCCN2CCN(c3ccc(F)cc3)CC2)c1,1,c1ccc(CCc2ccccc2OCCN2CCN(c3ccccc3)CC2)cc1,0.8046139359698682,1,0.992049211632695
COc1cccc(CCc2ccccc2OCCN2CCN(c3cccc(Cl)c3)CC2)c1,1,c1ccc(CCc2ccccc2OCCN2CCN(c3ccccc3)CC2)cc1,COc1cccc(CCc2ccccc2OCCCN2CCN(c3ccc(F)cc3)CC2)c1,1,c1ccc(CCc2ccccc2OCCCN2CCN(c3ccccc3)CC2)cc1,0.7248387096774195,1,0.9932894916479156
COc1cccc(CCc2ccccc2OCCN2CCN(c3ccc(F)cc3)CC2)c1,1,c1ccc(CCc2ccccc2OCCN2CCN(c3ccccc3)CC2)cc1,COc1cccc(CCc2ccccc2OCCCN2CCN(c3ccc(F)cc3)CC2)c1,1,c1ccc(CCc2ccccc2OCCCN2CCN(c3ccccc3)CC2)cc1,0.9002849002849004,1,0.9945737286391261
COc1cccc(CCc2ccccc2OCCN2CCN(c3ccc(F)cc3)CC2)c1,1,c1ccc(CCc2ccccc2OCCN2CCN(c3ccccc3)CC2)cc1,COc1cccc(CCc2ccccc2OCCCCN2CCN(c3ccc(F)cc3)CC2)c1,1,c1ccc(CCc2ccccc2OCCCCN2CCN(c3ccccc3)CC2)cc1,0.8827272727272728,1,0.9944550907920214
COc1cccc(CCc2ccccc2OCCN2CCN(c3ccc(F)cc3)CC2)c1,1,c1ccc(CCc2ccccc2OCCN2CCN(c3ccccc3)CC2)cc1,COc1cccc(CCc2ccccc2OCCN2CCN(c3cccc(Cl)c3)CC2)c1,1,c1ccc(CCc2ccccc2OCCN2CCN(c3ccccc3)CC2)cc1,0.8046139359698682,1,0.9934916334800548
COc1cccc(CCc2ccccc2OCCN2CCN(c3ccc(F)cc3)CC2)c1,1,c1ccc(CCc2ccccc2OCCN2CCN(c3ccccc3)CC2)cc1,COc1cccc(CCc2ccccc2OCCCN2CCN(c3cccc(Cl)c3)CC2)c1,1,c1ccc(CCc2ccccc2OCCCN2CCN(c3ccccc3)CC2)cc1,0.7248387096774195,1,0.9905057340898803
CC(C)(C)NC[C@H](O)COc1cccc2c1CCCC2=O,0,O=C1CCCc2ccccc21,CC(C)(C)[C@@H](NC[C@H](O)COc1ccccc1C(=O)CCc1ccccc1)c1ccccc1,1,O=C(CCc1ccccc1)c1ccccc1OCCCNCc1ccccc1,0.40553359683794465,0,0.04658690836400899
CC(C)(C)NC[C@H](O)COc1cccc2c1CCCC2=O,0,O=C1CCCc2ccccc21,C=C1CC(=O)c2cccc(OC[C@H](O)CN3CCCCC3)c21,1,C=C1CC(=O)c2cccc(OCCCN3CCCCC3)c21,0.4041666666666667,0,0.05120177039479284
CC(C)(C)NC[C@H](O)COc1cccc2c1CCCC2=O,0,O=C1CCCc2ccccc21,C=C1CC(=O)c2c(OC[C@@H](O)CN3CCCCC3)cccc21,1,C=C1CC(=O)c2c(OCCCN3CCCCC3)cccc21,0.39821428571428574,0,0.04935831843926004
CC(C)(C)NC[C@H](O)COc1cccc2c1CCCC2=O,0,O=C1CCCc2ccccc21,O=C(CCc1ccccc1)c1ccccc1OC[C@H](O)CNC1CCCCC1,1,O=C(CCc1ccccc1)c1ccccc1OCCCNC1CCCCC1,0.3922480620155039,0,0.06701877979390147
CC1CCC(NC(=O)N(CCCl)N=O)CC1,0,C1CCCCC1,CC(=O)[C@@H]1CC[C@@H]2[C@@H]3[C@H](Sc4ccc(NC(=O)NCCCl)cc4)CC4=CC(=O)CC[C@]4(C)[C@H]3CC[C@@]21C,1,O=C1C=C2CC(Sc3ccccc3)C3C4CCCC4CCC3C2CC1,0.16224961479198768,0,0.004892219306166153
CC1CCC(NC(=O)N(CCCl)N=O)CC1,0,C1CCCCC1,CCC[C@@H]1C[C@H](C(=O)N[C@H]([C@@H]2O[C@@H](SC)[C@H](O)[C@@H](O)[C@@H]2O)[C@@H](C)Cl)N(C)C1,1,O=C(NCC1CCCCO1)C1CCCN1,0.1608187134502924,0,0.0001752635574575959
CC1CCC(NC(=O)N(CCCl)N=O)CC1,0,C1CCCCC1,CCN(CC)C(=O)N[C@H]1C=C2c3cccc4[nH]cc(c34)C[C@H]2N(C)C1,1,C1=C2c3cccc4[nH]cc(c34)CC2NCC1,0.15185504745470235,0,0.003059122338009889
CC1CCC(NC(=O)N(CCCl)N=O)CC1,0,C1CCCCC1,CCC(=O)N(c1ccccc1)C1CCN(CCc2ccccc2)CC1,1,c1ccc(CCN2CCC(Nc3ccccc3)CC2)cc1,0.1375,0,0.00015843392043602428
NCC1(CC(=O)O)CCCCC1,0,C1CCCCC1,CC1(C)[C@H]2CC[C@@]3(C)[C@H](C(=O)C=C4[C@@H]5C[C@@](C)(C(=O)O)CC[C@@]5(C)CC[C@@]43C)[C@]2(C)CC[C@H]1OC(=O)CCC(=O)O,1,O=C1C=C2C3CCCCC3CCC2C2CCC3CCCCC3C12,0.14906122448979592,0,0.006898038018722938
NCC1(CC(=O)O)CCCCC1,0,C1CCCCC1,O=C(Nc1ccccc1)OC[C@@H](CN1CCCCC1)OC(=O)Nc1ccccc1,1,O=C(Nc1ccccc1)OCC(CN1CCCCC1)OC(=O)Nc1ccccc1,0.14124579124579126,0,0.00025280413194979064
NCC1(CC(=O)O)CCCCC1,0,C1CCCCC1,O=C(CCc1ccccc1)c1ccccc1OCCN1CCCCC1,1,O=C(CCc1ccccc1)c1ccccc1OCCN1CCCCC1,0.13414141414141414,0,1.8074493715569116e-05
NCC1(CC(=O)O)CCCCC1,0,C1CCCCC1,O=C(CCc1ccccc1)c1ccccc1OCCCN1CCCCC1,1,O=C(CCc1ccccc1)c1ccccc1OCCCN1CCCCC1,0.13206349206349205,0,1.810471035349558e-05
ClC1C(Cl)C(Cl)C(Cl)C(Cl)C1Cl,0,C1CCCCC1,OCC12[C@H](c3ccccc3)C3[C@@H]4N(Cc5ccccc5)[C@H]1C1[C@H](c5ccccc5)C4(CO)[C@@H]3N(Cc3ccccc3)[C@H]12,1,c1ccc(CN2C3C4C(c5ccccc5)C5C2C2C(c6ccccc6)C3C4N(Cc3ccccc3)C52)cc1,0.053955375253549695,0,0.0030736185972459764
ClC1C(Cl)C(Cl)C(Cl)C(Cl)C1Cl,0,C1CCCCC1,CN1CCC[C@H]1CCO[C@](C)(c1ccccc1)c1ccc(Cl)cc1,1,c1ccc(C(OCCC2CCCN2)c2ccccc2)cc1,0.04812834224598931,0,9.07679584396531e-05
ClC1C(Cl)C(Cl)C(Cl)C(Cl)C1Cl,0,C1CCCCC1,CC(=O)[C@@H]1CC[C@@H]2[C@@H]3[C@H](Sc4ccc(NC(=O)NCCCl)cc4)CC4=CC(=O)CC[C@]4(C)[C@H]3CC[C@@]21C,1,O=C1C=C2CC(Sc3ccccc3)C3C4CCCC4CCC3C2CC1,0.04678571428571429,0,0.0037708252860391496
ClC1C(Cl)C(Cl)C(Cl)C(Cl)C1Cl,0,C1CCCCC1,CCC[C@@H]1C[C@H](C(=O)N[C@H]([C@@H]2O[C@@H](SC)[C@H](O)[C@@H](O)[C@@H]2O)[C@@H](C)Cl)N(C)C1,1,O=C(NCC1CCCCO1)C1CCCN1,0.046753246753246755,0,1.5371343639372623e-05
CCN(CC)C1CCCCC1,0,C1CCCCC1,CCC(=O)N(c1ccccc1)C1CCN(CCc2ccccc2)CC1,1,c1ccc(CCN2CCC(Nc3ccccc3)CC2)cc1,0.1730364873222016,0,0.0005758720779481398
CCN(CC)C1CCCCC1,0,C1CCCCC1,CN1CCC[C@H]1CCO[C@](C)(c1ccccc1)c1ccc(Cl)cc1,1,c1ccc(C(OCCC2CCCN2)c2ccccc2)cc1,0.14524886877828055,0,0.0002546914489252737
CCN(CC)C1CCCCC1,0,C1CCCCC1,O=C(CCc1ccccc1)c1ccccc1OC[C@H](O)CNC1CCCCC1,1,O=C(CCc1ccccc1)c1ccccc1OCCCNC1CCCCC1,0.13088535291717668,0,0.0003514689694649149
CCN(CC)C1CCCCC1,0,C1CCCCC1,O=C(CCc1ccccc1)c1ccccc1OC[C@@H](O)CNC1CCCCC1,1,O=C(CCc1ccccc1)c1ccccc1OCCCNC1CCCCC1,0.13088535291717668,0,0.0003514689694649149
COc1cc2c(cc1OC)CN(CCc1ccc(NC(=O)c3ccccc3NC(=O)c3ccc4ccccc4n3)cc1)CC2,1,O=C(Nc1ccccc1C(=O)Nc1ccc(CCN2CCc3ccccc3C2)cc1)c1ccc2ccccc2n1,COc1cc2c(cc1OC)CN(CCNC(=O)c1ccccc1NC(=O)c1ccc3ccccc3n1)CC2,1,O=C(Nc1ccccc1C(=O)NCCN1CCc2ccccc2C1)c1ccc2ccccc2n1,0.7814814814814816,1,0.9994468745915127
COc1cc2c(cc1OC)CN(CCc1ccc(NC(=O)c3ccccc3NC(=O)c3ccc4ccccc4n3)cc1)CC2,1,O=C(Nc1ccccc1C(=O)Nc1ccc(CCN2CCc3ccccc3C2)cc1)c1ccc2ccccc2n1,COc1cc2c(cc1OC)CN(CCc1ccc(NC(=O)c3ccccc3NC(=O)c3ccccn3)cc1)CC2,1,O=C(Nc1ccccc1C(=O)Nc1ccc(CCN2CCc3ccccc3C2)cc1)c1ccccn1,0.7799145299145299,1,0.9982909120051568
COc1cc2c(cc1OC)CN(CCc1ccc(NC(=O)c3ccccc3NC(=O)c3ccc4ccccc4n3)cc1)CC2,1,O=C(Nc1ccccc1C(=O)Nc1ccc(CCN2CCc3ccccc3C2)cc1)c1ccc2ccccc2n1,COc1cc2c(cc1OC)CN(CCc1ccc(NC(=O)c3ccccc3NC(=O)c3cnc4ccccc4c3)cc1)CC2,1,O=C(Nc1ccccc1C(=O)Nc1ccc(CCN2CCc3ccccc3C2)cc1)c1cnc2ccccc2c1,0.77279046673287,1,0.9999739162641206
COc1cc2c(cc1OC)CN(CCc1ccc(NC(=O)c3ccccc3NC(=O)c3ccc4ccccc4n3)cc1)CC2,1,O=C(Nc1ccccc1C(=O)Nc1ccc(CCN2CCc3ccccc3C2)cc1)c1ccc2ccccc2n1,COc1cc2c(cc1OC)CN(CCc1ccc(NC(=O)c3ccccc3NC(=O)c3cc4ccccc4o3)cc1)CC2,1,O=C(Nc1ccccc1C(=O)Nc1ccc(CCN2CCc3ccccc3C2)cc1)c1cc2ccccc2o1,0.7707841031149302,1,0.9996795273656377
CCOC(=O)NC1=C(N2CC2)C(=O)C(NC(=O)OCC)=C(N2CC2)C1=O,0,O=C1C=C(N2CC2)C(=O)C=C1N1CC1,O=C(Nc1ccccc1)OC[C@@H](CN1CCCCC1)OC(=O)Nc1ccccc1,1,O=C(Nc1ccccc1)OCC(CN1CCCCC1)OC(=O)Nc1ccccc1,0.25116279069767444,0,0.01297133975616725
CCOC(=O)NC1=C(N2CC2)C(=O)C(NC(=O)OCC)=C(N2CC2)C1=O,0,O=C1C=C(N2CC2)C(=O)C=C1N1CC1,CCOC(=O)C1=C[C@@]2(CC)CCCN3CCc4c(n1c1ccccc41)[C@H]32,1,C1=Cn2c3c(c4ccccc42)CCN2CCCC1C32,0.20476190476190476,0,0.002189661547495942
CCOC(=O)NC1=C(N2CC2)C(=O)C(NC(=O)OCC)=C(N2CC2)C1=O,0,O=C1C=C(N2CC2)C(=O)C=C1N1CC1,CCOC(=O)C1=C(C)NC(C)=C(C(=O)OC)[C@H]1c1cccc([N+](=O)[O-])c1,1,C1=CC(c2ccccc2)C=CN1,0.19415702982349362,0,0.034099575570713234
CCOC(=O)NC1=C(N2CC2)C(=O)C(NC(=O)OCC)=C(N2CC2)C1=O,0,O=C1C=C(N2CC2)C(=O)C=C1N1CC1,CCOC(=O)N1CCC(=C2c3ccc(Cl)cc3CCc3cccnc32)CC1,1,c1ccc2c(c1)CCc1cccnc1C2=C1CCNCC1,0.19089299266379967,0,0.0012494945760308646
N#Cc1ccc2c(c1)N(CCCN1CCC(O)CC1)c1ccccc1S2,0,c1ccc2c(c1)Sc1ccccc1N2CCCN1CCCCC1,CN(C)CCCN1c2ccccc2Sc2ccc(Cl)cc21,1,c1ccc2c(c1)Nc1ccccc1S2,0.4147540983606558,0,0.2178193042923498
N#Cc1ccc2c(c1)N(CCCN1CCC(O)CC1)c1ccccc1S2,0,c1ccc2c(c1)Sc1ccccc1N2CCCN1CCCCC1,c1ccc2c(c1)Sc1ccccc1N2C[C@H]1CN2CCC1CC2,1,c1ccc2c(c1)Sc1ccccc1N2CC1CN2CCC1CC2,0.38,0,0.1631932367736624
N#Cc1ccc2c(c1)N(CCCN1CCC(O)CC1)c1ccccc1S2,0,c1ccc2c(c1)Sc1ccccc1N2CCCN1CCCCC1,CC1(C)Oc2ccc(C#N)cc2[C@H](N2CCN(Cc3ccccc3)CC2)[C@H]1O,1,c1ccc(CN2CCN(C3CCOc4ccccc43)CC2)cc1,0.30917647058823533,1,0.7656792141950137
N#Cc1ccc2c(c1)N(CCCN1CCC(O)CC1)c1ccccc1S2,0,c1ccc2c(c1)Sc1ccccc1N2CCCN1CCCCC1,COc1ccc2c(c1)N(C[C@@H](C)CN(C)C)c1ccccc1S2,1,c1ccc2c(c1)Nc1ccccc1S2,0.3057971014492754,0,0.1362604668800957
CS(=O)(=O)c1ccc2c(c1)N(CCCN1CCC(C(N)=O)CC1)c1ccccc1S2,0,c1ccc2c(c1)Sc1ccccc1N2CCCN1CCCCC1,CN(C)CCCN1c2ccccc2Sc2ccc(Cl)cc21,1,c1ccc2c(c1)Nc1ccccc1S2,0.3984848484848485,0,0.02303986328748872
CS(=O)(=O)c1ccc2c(c1)N(CCCN1CCC(C(N)=O)CC1)c1ccccc1S2,0,c1ccc2c(c1)Sc1ccccc1N2CCCN1CCCCC1,c1ccc2c(c1)Sc1ccccc1N2C[C@H]1CN2CCC1CC2,1,c1ccc2c(c1)Sc1ccccc1N2CC1CN2CCC1CC2,0.3975000000000001,0,0.024564502211504528
CS(=O)(=O)c1ccc2c(c1)N(CCCN1CCC(C(N)=O)CC1)c1ccccc1S2,0,c1ccc2c(c1)Sc1ccccc1N2CCCN1CCCCC1,COc1ccc2c(c1)N(C[C@@H](C)CN(C)C)c1ccccc1S2,1,c1ccc2c(c1)Nc1ccccc1S2,0.309635722679201,0,0.06450043394590452
CS(=O)(=O)c1ccc2c(c1)N(CCCN1CCC(C(N)=O)CC1)c1ccccc1S2,0,c1ccc2c(c1)Sc1ccccc1N2CCCN1CCCCC1,COc1ccc2c(c1)CN(C(=O)CCN1CCC(Cc3ccccc3)CC1)CCS2,1,O=C(CCN1CCC(Cc2ccccc2)CC1)N1CCSc2ccccc2C1,0.3001788908765653,0,0.49925723275014816
ClC1=C(Cl)[C@]2(Cl)[C@H]3[C@@H]4C[C@@H]([C@@H]5O[C@@H]45)[C@@H]3[C@@]1(Cl)C2(Cl)Cl,0,C1=CC2CC1C1C3CC(C4OC34)C21,C[C@H]1C[C@@H]2[C@H]3CCC4=CC(=O)C=C[C@@]4(C)[C@]3(Cl)[C@@H](O)C[C@@]2(C)[C@@]1(OC(=O)c1ccco1)C(=O)CCl,1,O=C1C=CC2C(=C1)CCC1C2CCC2C(OC(=O)c3ccco3)CCC21,0.10897736143637785,0,0.00014787309575053472
ClC1=C(Cl)[C@]2(Cl)[C@H]3[C@@H]4C[C@@H]([C@@H]5O[C@@H]45)[C@@H]3[C@@]1(Cl)C2(Cl)Cl,0,C1=CC2CC1C1C3CC(C4OC34)C21,CCC[C@@H]1C[C@H](C(=O)N[C@H]([C@@H]2O[C@@H](SC)[C@H](O)[C@@H](O)[C@@H]2O)[C@@H](C)Cl)N(C)C1,1,O=C(NCC1CCCCO1)C1CCCN1,0.09723526343244654,0,1.435327426686438e-05
ClC1=C(Cl)[C@]2(Cl)[C@H]3[C@@H]4C[C@@H]([C@@H]5O[C@@H]45)[C@@H]3[C@@]1(Cl)C2(Cl)Cl,0,C1=CC2CC1C1C3CC(C4OC34)C21,O=C(COc1ccc(Cl)cc1)N1CCN(Cc2ccc3c(c2)OCO3)CC1,1,O=C(COc1ccccc1)N1CCN(Cc2ccc3c(c2)OCO3)CC1,0.09460784313725491,0,0.00022980249383632576
ClC1=C(Cl)[C@]2(Cl)[C@H]3[C@@H]4C[C@@H]([C@@H]5O[C@@H]45)[C@@H]3[C@@]1(Cl)C2(Cl)Cl,0,C1=CC2CC1C1C3CC(C4OC34)C21,CC(=O)N1CCN(c2ccc(OC[C@@H]3CO[C@@](Cn4ccnc4)(c4ccc(Cl)cc4Cl)O3)cc2)CC1,1,c1ccc(C2(Cn3ccnc3)OCC(COc3ccc(N4CCNCC4)cc3)O2)cc1,0.09127917833800187,0,0.0003258583183781504
O[C@H](COc1cccc2ncccc12)CN1CCN(C2c3ccccc3C3C(c4ccccc42)C3(F)F)CC1,1,c1ccc2c(c1)C1CC1c1ccccc1C2N1CCN(CCCOc2cccc3ncccc23)CC1,O[C@H](COc1cccc2ncccc12)CN1CCN(C2c3ccccc3[C@H]3[C@H](c4ccccc42)C3(F)F)CC1,1,c1ccc2c(c1)C1CC1c1ccccc1C2N1CCN(CCCOc2cccc3ncccc23)CC1,1.0,1,0.99999155642504
O[C@H](COc1cccc2ncccc12)CN1CCN(C2c3ccccc3C3C(c4ccccc42)C3(F)F)CC1,1,c1ccc2c(c1)C1CC1c1ccccc1C2N1CCN(CCCOc2cccc3ncccc23)CC1,O[C@@H](COc1cccc2ncccc12)CN1CCN(C2c3ccccc3[C@@H]3[C@H](c4ccccc42)C3(F)F)CC1,1,c1ccc2c(c1)C1CC1c1ccccc1C2N1CCN(CCCOc2cccc3ncccc23)CC1,1.0,1,0.99999155642504
O[C@H](COc1cccc2ncccc12)CN1CCN(C2c3ccccc3C3C(c4ccccc42)C3(F)F)CC1,1,c1ccc2c(c1)C1CC1c1ccccc1C2N1CCN(CCCOc2cccc3ncccc23)CC1,O[C@@H](COc1cccc2ncccc12)CN1CCN(C2c3ccccc3C3C(c4ccccc42)C3(F)F)CC1,1,c1ccc2c(c1)C1CC1c1ccccc1C2N1CCN(CCCOc2cccc3ncccc23)CC1,1.0,1,0.99999155642504
O[C@H](COc1cccc2ncccc12)CN1CCN(C2c3ccccc3C3C(c4ccccc42)C3(F)F)CC1,1,c1ccc2c(c1)C1CC1c1ccccc1C2N1CCN(CCCOc2cccc3ncccc23)CC1,O[C@H](COc1cccc2ncccc12)CN1CCN(C2c3ccccc3C3C(c4ccccc42)C3(Cl)Cl)CC1,1,c1ccc2c(c1)C1CC1c1ccccc1C2N1CCN(CCCOc2cccc3ncccc23)CC1,0.8688524590163935,1,0.9987487883311779
O[C@@H](COc1cccc2ncccc12)CN1CCN(C2c3ccccc3C3C(c4ccccc42)C3(F)F)CC1,1,c1ccc2c(c1)C1CC1c1ccccc1C2N1CCN(CCCOc2cccc3ncccc23)CC1,O[C@H](COc1cccc2ncccc12)CN1CCN(C2c3ccccc3[C@H]3[C@H](c4ccccc42)C3(F)F)CC1,1,c1ccc2c(c1)C1CC1c1ccccc1C2N1CCN(CCCOc2cccc3ncccc23)CC1,1.0,1,0.99999155642504
O[C@@H](COc1cccc2ncccc12)CN1CCN(C2c3ccccc3C3C(c4ccccc42)C3(F)F)CC1,1,c1ccc2c(c1)C1CC1c1ccccc1C2N1CCN(CCCOc2cccc3ncccc23)CC1,O[C@H](COc1cccc2ncccc12)CN1CCN(C2c3ccccc3C3C(c4ccccc42)C3(F)F)CC1,1,c1ccc2c(c1)C1CC1c1ccccc1C2N1CCN(CCCOc2cccc3ncccc23)CC1,1.0,1,0.99999155642504
O[C@@H](COc1cccc2ncccc12)CN1CCN(C2c3ccccc3C3C(c4ccccc42)C3(F)F)CC1,1,c1ccc2c(c1)C1CC1c1ccccc1C2N1CCN(CCCOc2cccc3ncccc23)CC1,O[C@@H](COc1cccc2ncccc12)CN1CCN(C2c3ccccc3[C@@H]3[C@H](c4ccccc42)C3(F)F)CC1,1,c1ccc2c(c1)C1CC1c1ccccc1C2N1CCN(CCCOc2cccc3ncccc23)CC1,1.0,1,0.99999155642504
O[C@@H](COc1cccc2ncccc12)CN1CCN(C2c3ccccc3C3C(c4ccccc42)C3(F)F)CC1,1,c1ccc2c(c1)C1CC1c1ccccc1C2N1CCN(CCCOc2cccc3ncccc23)CC1,O[C@H](COc1cccc2ncccc12)CN1CCN(C2c3ccccc3C3C(c4ccccc42)C3(Cl)Cl)CC1,1,c1ccc2c(c1)C1CC1c1ccccc1C2N1CCN(CCCOc2cccc3ncccc23)CC1,0.8688524590163935,1,0.9987487883311779
O[C@H](COc1cccc2ncccc12)CN1CCN(C2c3ccccc3[C@H]3[C@H](c4ccccc42)C3(F)F)CC1,1,c1ccc2c(c1)C1CC1c1ccccc1C2N1CCN(CCCOc2cccc3ncccc23)CC1,O[C@H](COc1cccc2ncccc12)CN1CCN(C2c3ccccc3C3C(c4ccccc42)C3(F)F)CC1,1,c1ccc2c(c1)C1CC1c1ccccc1C2N1CCN(CCCOc2cccc3ncccc23)CC1,1.0,1,0.99999155642504
O[C@H](COc1cccc2ncccc12)CN1CCN(C2c3ccccc3[C@H]3[C@H](c4ccccc42)C3(F)F)CC1,1,c1ccc2c(c1)C1CC1c1ccccc1C2N1CCN(CCCOc2cccc3ncccc23)CC1,O[C@@H](COc1cccc2ncccc12)CN1CCN(C2c3ccccc3[C@@H]3[C@H](c4ccccc42)C3(F)F)CC1,1,c1ccc2c(c1)C1CC1c1ccccc1C2N1CCN(CCCOc2cccc3ncccc23)CC1,1.0,1,0.99999155642504
O[C@H](COc1cccc2ncccc12)CN1CCN(C2c3ccccc3[C@H]3[C@H](c4ccccc42)C3(F)F)CC1,1,c1ccc2c(c1)C1CC1c1ccccc1C2N1CCN(CCCOc2cccc3ncccc23)CC1,O[C@@H](COc1cccc2ncccc12)CN1CCN(C2c3ccccc3C3C(c4ccccc42)C3(F)F)CC1,1,c1ccc2c(c1)C1CC1c1ccccc1C2N1CCN(CCCOc2cccc3ncccc23)CC1,1.0,1,0.99999155642504
O[C@H](COc1cccc2ncccc12)CN1CCN(C2c3ccccc3[C@H]3[C@H](c4ccccc42)C3(F)F)CC1,1,c1ccc2c(c1)C1CC1c1ccccc1C2N1CCN(CCCOc2cccc3ncccc23)CC1,O[C@H](COc1cccc2ncccc12)CN1CCN(C2c3ccccc3C3C(c4ccccc42)C3(Cl)Cl)CC1,1,c1ccc2c(c1)C1CC1c1ccccc1C2N1CCN(CCCOc2cccc3ncccc23)CC1,0.8688524590163935,1,0.9987487883311779
O[C@@H](COc1cccc2ncccc12)CN1CCN(C2c3ccccc3C3C(c4ccccc42)C3(Cl)Cl)CC1,1,c1ccc2c(c1)C1CC1c1ccccc1C2N1CCN(CCCOc2cccc3ncccc23)CC1,O[C@H](COc1cccc2ncccc12)CN1CCN(C2c3ccccc3C3C(c4ccccc42)C3(Cl)Cl)CC1,1,c1ccc2c(c1)C1CC1c1ccccc1C2N1CCN(CCCOc2cccc3ncccc23)CC1,1.0,1,0.9999653809483648
O[C@@H](COc1cccc2ncccc12)CN1CCN(C2c3ccccc3C3C(c4ccccc42)C3(Cl)Cl)CC1,1,c1ccc2c(c1)C1CC1c1ccccc1C2N1CCN(CCCOc2cccc3ncccc23)CC1,O[C@H](COc1cccc2ncccc12)CN1CCN(C2c3ccccc3[C@H]3[C@H](c4ccccc42)C3(F)F)CC1,1,c1ccc2c(c1)C1CC1c1ccccc1C2N1CCN(CCCOc2cccc3ncccc23)CC1,0.8688524590163935,1,0.9999501061228548
O[C@@H](COc1cccc2ncccc12)CN1CCN(C2c3ccccc3C3C(c4ccccc42)C3(Cl)Cl)CC1,1,c1ccc2c(c1)C1CC1c1ccccc1C2N1CCN(CCCOc2cccc3ncccc23)CC1,O[C@H](COc1cccc2ncccc12)CN1CCN(C2c3ccccc3C3C(c4ccccc42)C3(F)F)CC1,1,c1ccc2c(c1)C1CC1c1ccccc1C2N1CCN(CCCOc2cccc3ncccc23)CC1,0.8688524590163935,1,0.9999501061228548
O[C@@H](COc1cccc2ncccc12)CN1CCN(C2c3ccccc3C3C(c4ccccc42)C3(Cl)Cl)CC1,1,c1ccc2c(c1)C1CC1c1ccccc1C2N1CCN(CCCOc2cccc3ncccc23)CC1,O[C@@H](COc1cccc2ncccc12)CN1CCN(C2c3ccccc3[C@@H]3[C@H](c4ccccc42)C3(F)F)CC1,1,c1ccc2c(c1)C1CC1c1ccccc1C2N1CCN(CCCOc2cccc3ncccc23)CC1,0.8688524590163935,1,0.9999501061228548
O[C@H](COc1cccc2ncccc12)CN1CCN(C2c3ccccc3C3C(c4ccccc42)C3(Cl)Cl)CC1,1,c1ccc2c(c1)C1CC1c1ccccc1C2N1CCN(CCCOc2cccc3ncccc23)CC1,O[C@@H](COc1cccc2ncccc12)CN1CCN(C2c3ccccc3C3C(c4ccccc42)C3(Cl)Cl)CC1,1,c1ccc2c(c1)C1CC1c1ccccc1C2N1CCN(CCCOc2cccc3ncccc23)CC1,1.0,1,0.9999653809483648
O[C@H](COc1cccc2ncccc12)CN1CCN(C2c3ccccc3C3C(c4ccccc42)C3(Cl)Cl)CC1,1,c1ccc2c(c1)C1CC1c1ccccc1C2N1CCN(CCCOc2cccc3ncccc23)CC1,O[C@H](COc1cccc2ncccc12)CN1CCN(C2c3ccccc3[C@H]3[C@H](c4ccccc42)C3(F)F)CC1,1,c1ccc2c(c1)C1CC1c1ccccc1C2N1CCN(CCCOc2cccc3ncccc23)CC1,0.8688524590163935,1,0.9999501061228548
O[C@H](COc1cccc2ncccc12)CN1CCN(C2c3ccccc3C3C(c4ccccc42)C3(Cl)Cl)CC1,1,c1ccc2c(c1)C1CC1c1ccccc1C2N1CCN(CCCOc2cccc3ncccc23)CC1,O[C@H](COc1cccc2ncccc12)CN1CCN(C2c3ccccc3C3C(c4ccccc42)C3(F)F)CC1,1,c1ccc2c(c1)C1CC1c1ccccc1C2N1CCN(CCCOc2cccc3ncccc23)CC1,0.8688524590163935,1,0.9999501061228548
O[C@H](COc1cccc2ncccc12)CN1CCN(C2c3ccccc3C3C(c4ccccc42)C3(Cl)Cl)CC1,1,c1ccc2c(c1)C1CC1c1ccccc1C2N1CCN(CCCOc2cccc3ncccc23)CC1,O[C@@H](COc1cccc2ncccc12)CN1CCN(C2c3ccccc3[C@@H]3[C@H](c4ccccc42)C3(F)F)CC1,1,c1ccc2c(c1)C1CC1c1ccccc1C2N1CCN(CCCOc2cccc3ncccc23)CC1,0.8688524590163935,1,0.9999501061228548
O[C@H](COc1cccc2ncccc12)CN1CCN(C2c3ccccc3[C@H]3C[C@H]3c3ccccc32)CC1,1,c1ccc2c(c1)C1CC1c1ccccc1C2N1CCN(CCCOc2cccc3ncccc23)CC1,O[C@@H](COc1cccc2ncccc12)CN1CCN(C2c3ccccc3CCc3ccccc32)CC1,1,c1ccc2c(c1)CCc1ccccc1C2N1CCN(CCCOc2cccc3ncccc23)CC1,0.803954802259887,1,0.9997223754031287
O[C@H](COc1cccc2ncccc12)CN1CCN(C2c3ccccc3[C@H]3C[C@H]3c3ccccc32)CC1,1,c1ccc2c(c1)C1CC1c1ccccc1C2N1CCN(CCCOc2cccc3ncccc23)CC1,O[C@H](COc1cccc2ncccc12)CN1CCN(C2c3ccccc3[C@H]3[C@H](c4ccccc42)C3(F)F)CC1,1,c1ccc2c(c1)C1CC1c1ccccc1C2N1CCN(CCCOc2cccc3ncccc23)CC1,0.7975081967213116,1,0.9999686001903606
O[C@H](COc1cccc2ncccc12)CN1CCN(C2c3ccccc3[C@H]3C[C@H]3c3ccccc32)CC1,1,c1ccc2c(c1)C1CC1c1ccccc1C2N1CCN(CCCOc2cccc3ncccc23)CC1,O[C@H](COc1cccc2ncccc12)CN1CCN(C2c3ccccc3C3C(c4ccccc42)C3(F)F)CC1,1,c1ccc2c(c1)C1CC1c1ccccc1C2N1CCN(CCCOc2cccc3ncccc23)CC1,0.7975081967213116,1,0.9999686001903606
O[C@H](COc1cccc2ncccc12)CN1CCN(C2c3ccccc3[C@H]3C[C@H]3c3ccccc32)CC1,1,c1ccc2c(c1)C1CC1c1ccccc1C2N1CCN(CCCOc2cccc3ncccc23)CC1,O[C@H](COc1cccc2ncccc12)CN1CCN(C2c3ccccc3C3C(c4ccccc42)C3(Cl)Cl)CC1,1,c1ccc2c(c1)C1CC1c1ccccc1C2N1CCN(CCCOc2cccc3ncccc23)CC1,0.7975081967213116,1,0.9996530672581065
O[C@@H](COc1cccc2ncccc12)CN1CCN(C2c3ccccc3[C@@H]3[C@H](c4ccccc42)C3(F)F)CC1,1,c1ccc2c(c1)C1CC1c1ccccc1C2N1CCN(CCCOc2cccc3ncccc23)CC1,O[C@H](COc1cccc2ncccc12)CN1CCN(C2c3ccccc3[C@H]3[C@H](c4ccccc42)C3(F)F)CC1,1,c1ccc2c(c1)C1CC1c1ccccc1C2N1CCN(CCCOc2cccc3ncccc23)CC1,1.0,1,0.99999155642504
O[C@@H](COc1cccc2ncccc12)CN1CCN(C2c3ccccc3[C@@H]3[C@H](c4ccccc42)C3(F)F)CC1,1,c1ccc2c(c1)C1CC1c1ccccc1C2N1CCN(CCCOc2cccc3ncccc23)CC1,O[C@H](COc1cccc2ncccc12)CN1CCN(C2c3ccccc3C3C(c4ccccc42)C3(F)F)CC1,1,c1ccc2c(c1)C1CC1c1ccccc1C2N1CCN(CCCOc2cccc3ncccc23)CC1,1.0,1,0.99999155642504
O[C@@H](COc1cccc2ncccc12)CN1CCN(C2c3ccccc3[C@@H]3[C@H](c4ccccc42)C3(F)F)CC1,1,c1ccc2c(c1)C1CC1c1ccccc1C2N1CCN(CCCOc2cccc3ncccc23)CC1,O[C@@H](COc1cccc2ncccc12)CN1CCN(C2c3ccccc3C3C(c4ccccc42)C3(F)F)CC1,1,c1ccc2c(c1)C1CC1c1ccccc1C2N1CCN(CCCOc2cccc3ncccc23)CC1,1.0,1,0.99999155642504
O[C@@H](COc1cccc2ncccc12)CN1CCN(C2c3ccccc3[C@@H]3[C@H](c4ccccc42)C3(F)F)CC1,1,c1ccc2c(c1)C1CC1c1ccccc1C2N1CCN(CCCOc2cccc3ncccc23)CC1,O[C@H](COc1cccc2ncccc12)CN1CCN(C2c3ccccc3C3C(c4ccccc42)C3(Cl)Cl)CC1,1,c1ccc2c(c1)C1CC1c1ccccc1C2N1CCN(CCCOc2cccc3ncccc23)CC1,0.8688524590163935,1,0.9987487883311779
Cc1ccc(C(=O)O[C@H]2[C@H](C)Nc3ccccc3[C@@H]2N2CCCC2)cc1,1,O=C(OC1CNc2ccccc2C1N1CCCC1)c1ccccc1,Cc1ccc(C(=O)N2c3ccccc3[C@H](N3CCN(Cc4ccccc4)CC3)[C@@H](O)[C@@H]2C)cc1,1,O=C(c1ccccc1)N1CCC(N2CCN(Cc3ccccc3)CC2)c2ccccc21,0.33595959595959596,1,0.9289875745619021
Cc1ccc(C(=O)O[C@H]2[C@H](C)Nc3ccccc3[C@@H]2N2CCCC2)cc1,1,O=C(OC1CNc2ccccc2C1N1CCCC1)c1ccccc1,CCOC(=O)C1=C[C@@]2(CC)CCCN3CCc4c(n1c1ccccc41)[C@H]32,1,C1=Cn2c3c(c4ccccc42)CCN2CCCC1C32,0.23767354596622892,1,0.7782259501522024
Cc1ccc(C(=O)O[C@H]2[C@H](C)Nc3ccccc3[C@@H]2N2CCCC2)cc1,1,O=C(OC1CNc2ccccc2C1N1CCCC1)c1ccccc1,Cc1c(-c2ccccc2)oc2c(C(=O)OCCN3CCCCC3)cccc2c1=O,1,O=C(OCCN1CCCCC1)c1cccc2c(=O)cc(-c3ccccc3)oc12,0.22790123456790123,1,0.8648859828890204
Cc1ccc(C(=O)O[C@H]2[C@H](C)Nc3ccccc3[C@@H]2N2CCCC2)cc1,1,O=C(OC1CNc2ccccc2C1N1CCCC1)c1ccccc1,COc1cc2c(cc1OC)CN(CCc1ccc(NC(=O)c3ccccc3NC(=O)c3ccc(C)cc3)cc1)CC2,1,O=C(Nc1ccccc1C(=O)Nc1ccc(CCN2CCc3ccccc3C2)cc1)c1ccccc1,0.22653099679668362,1,0.7220618181380507
c1ccc2c(c1)Sc1ccccc1N2C[C@H]1CN2CCC1CC2,1,c1ccc2c(c1)Sc1ccccc1N2CC1CN2CCC1CC2,CN(C)CCCN1c2ccccc2Sc2ccc(Cl)cc21,1,c1ccc2c(c1)Nc1ccccc1S2,0.3528282828282828,1,0.9122954687898163
c1ccc2c(c1)Sc1ccccc1N2C[C@H]1CN2CCC1CC2,1,c1ccc2c(c1)Sc1ccccc1N2CC1CN2CCC1CC2,COc1ccc2c(c1)N(C[C@@H](C)CN(C)C)c1ccccc1S2,1,c1ccc2c(c1)Nc1ccccc1S2,0.3447941888619855,1,0.9056459384615064
c1ccc2c(c1)Sc1ccccc1N2C[C@H]1CN2CCC1CC2,1,c1ccc2c(c1)Sc1ccccc1N2CC1CN2CCC1CC2,CN1CCC(=C2c3ccccc3Sc3ccccc32)CC1,1,c1ccc2c(c1)Sc1ccccc1C2=C1CCNCC1,0.28792057363485934,1,0.9053061749010101
c1ccc2c(c1)Sc1ccccc1N2C[C@H]1CN2CCC1CC2,1,c1ccc2c(c1)Sc1ccccc1N2CC1CN2CCC1CC2,OCCOCCN1CCN(C2=Nc3ccccc3Sc3ccccc32)CC1,1,c1ccc2c(c1)N=C(N1CCNCC1)c1ccccc1S2,0.25416666666666665,1,0.9545932892894415
NS(=O)(=O)c1cc(C(=O)O)c(NCc2ccco2)cc1Cl,0,c1ccc(NCc2ccco2)cc1,NCc1ccc(S(N)(=O)=O)cc1,1,c1ccccc1,0.20148148148148148,0,0.0010197198163444444
NS(=O)(=O)c1cc(C(=O)O)c(NCc2ccco2)cc1Cl,0,c1ccc(NCc2ccco2)cc1,COc1cccc(CCc2ccccc2NCc2cccc(OC)c2)c1,1,c1ccc(CCc2ccccc2NCc2ccccc2)cc1,0.16869747899159665,0,0.0005135556779215779
NS(=O)(=O)c1cc(C(=O)O)c(NCc2ccco2)cc1Cl,0,c1ccc(NCc2ccco2)cc1,COc1cccc(CCc2ccccc2NCc2cc(OC)cc(OC)c2)c1,1,c1ccc(CCc2ccccc2NCc2ccccc2)cc1,0.1643107769423559,0,0.0029387003053033016
NS(=O)(=O)c1cc(C(=O)O)c(NCc2ccco2)cc1Cl,0,c1ccc(NCc2ccco2)cc1,COc1cc2c(cc1OC)CN(CCNC(=O)c1c(Cl)cccc1NC(=O)c1ccc(C(C)C)cc1)CC2,1,O=C(Nc1ccccc1C(=O)NCCN1CCc2ccccc2C1)c1ccccc1,0.16153846153846155,0,0.000491125549285592
O=C(CCc1cccc2ccccc12)c1ccccc1OC[C@H](O)CN1CCCCC1,1,O=C(CCc1cccc2ccccc12)c1ccccc1OCCCN1CCCCC1,O=C(CCc1cccc2ccccc12)c1ccccc1OC[C@@H](O)CN1CCCCC1,1,O=C(CCc1cccc2ccccc12)c1ccccc1OCCCN1CCCCC1,1.0,1,0.9995951053354036
O=C(CCc1cccc2ccccc12)c1ccccc1OC[C@H](O)CN1CCCCC1,1,O=C(CCc1cccc2ccccc12)c1ccccc1OCCCN1CCCCC1,O=C(CCc1cccc2ccccc12)c1ccccc1OC[C@@H](O)CN1CCOCC1,1,O=C(CCc1cccc2ccccc12)c1ccccc1OCCCN1CCOCC1,0.8352588789045786,1,0.9989533584611149
O=C(CCc1cccc2ccccc12)c1ccccc1OC[C@H](O)CN1CCCCC1,1,O=C(CCc1cccc2ccccc12)c1ccccc1OCCCN1CCCCC1,O=C(CCc1ccccc1)c1ccccc1OC[C@H](O)CN1CCCCC1,1,O=C(CCc1ccccc1)c1ccccc1OCCCN1CCCCC1,0.7406593406593407,1,0.9995894913756267
O=C(CCc1cccc2ccccc12)c1ccccc1OC[C@H](O)CN1CCCCC1,1,O=C(CCc1cccc2ccccc12)c1ccccc1OCCCN1CCCCC1,O=C(CCc1ccccc1)c1ccccc1OC[C@H](O)CN1CCCC1,1,O=C(CCc1ccccc1)c1ccccc1OCCCN1CCCC1,0.7212454212454212,1,0.9991212310956118
O=C(CCc1cccc2ccccc12)c1ccccc1OC[C@@H](O)CN1CCCCC1,1,O=C(CCc1cccc2ccccc12)c1ccccc1OCCCN1CCCCC1,O=C(CCc1cccc2ccccc12)c1ccccc1OC[C@H](O)CN1CCCCC1,1,O=C(CCc1cccc2ccccc12)c1ccccc1OCCCN1CCCCC1,1.0,1,0.9995951053354036
O=C(CCc1cccc2ccccc12)c1ccccc1OC[C@@H](O)CN1CCCCC1,1,O=C(CCc1cccc2ccccc12)c1ccccc1OCCCN1CCCCC1,O=C(CCc1cccc2ccccc12)c1ccccc1OC[C@@H](O)CN1CCOCC1,1,O=C(CCc1cccc2ccccc12)c1ccccc1OCCCN1CCOCC1,0.8352588789045786,1,0.9989533584611149
O=C(CCc1cccc2ccccc12)c1ccccc1OC[C@@H](O)CN1CCCCC1,1,O=C(CCc1cccc2ccccc12)c1ccccc1OCCCN1CCCCC1,O=C(CCc1ccccc1)c1ccccc1OC[C@H](O)CN1CCCCC1,1,O=C(CCc1ccccc1)c1ccccc1OCCCN1CCCCC1,0.7406593406593407,1,0.9995894913756267
O=C(CCc1cccc2ccccc12)c1ccccc1OC[C@@H](O)CN1CCCCC1,1,O=C(CCc1cccc2ccccc12)c1ccccc1OCCCN1CCCCC1,O=C(CCc1ccccc1)c1ccccc1OC[C@H](O)CN1CCCC1,1,O=C(CCc1ccccc1)c1ccccc1OCCCN1CCCC1,0.7212454212454212,1,0.9991212310956118
Cn1c2nc(Cl)nc-2c(O)n(C)c1=O,1,O=c1[nH]cc2ncnc-2[nH]1,CC(=O)CCCCn1c(=O)c2c(ncn2C)n(C)c1=O,1,O=c1[nH]c(=O)c2[nH]cnc2[nH]1,0.18712121212121213,1,0.5912618030597673
Cn1c2nc(Cl)nc-2c(O)n(C)c1=O,1,O=c1[nH]cc2ncnc-2[nH]1,CN(C)c1ccc(-c2nc(-c3ccc(O)cc3)n(CCc3ccccc3)c2-c2ccc(N(C)C)cc2)cc1,1,c1ccc(CCn2c(-c3ccccc3)nc(-c3ccccc3)c2-c2ccccc2)cc1,0.17345523329129886,1,0.956729759673142
Cn1c2nc(Cl)nc-2c(O)n(C)c1=O,1,O=c1[nH]cc2ncnc-2[nH]1,CCCCCCn1c(-c2ccc(C(=O)O)cc2)nc(-c2ccc(N(C)C)cc2)c1-c1ccc(N(C)C)cc1,1,c1ccc(-c2nc(-c3ccccc3)c(-c3ccccc3)[nH]2)cc1,0.15714285714285714,1,0.7851633901064213
Cn1c2nc(Cl)nc-2c(O)n(C)c1=O,1,O=c1[nH]cc2ncnc-2[nH]1,CN(C)c1ccc(-c2nc(-c3ccc(C(=O)O)cc3)n(CCc3ccccc3)c2-c2ccc(N(C)C)cc2)cc1,1,c1ccc(CCn2c(-c3ccccc3)nc(-c3ccccc3)c2-c2ccccc2)cc1,0.1560344827586207,1,0.9476771114480423
O=C(CCc1ccccc1)c1ccccc1OC[C@@H](O)CN1CCOCC1,1,O=C(CCc1ccccc1)c1ccccc1OCCCN1CCOCC1,O=C(CCc1ccccc1)c1ccccc1OC[C@H](O)CN1CCCC1,1,O=C(CCc1ccccc1)c1ccccc1OCCCN1CCCC1,0.8337777777777778,1,0.9529047437002387
O=C(CCc1ccccc1)c1ccccc1OC[C@@H](O)CN1CCOCC1,1,O=C(CCc1ccccc1)c1ccccc1OCCCN1CCOCC1,O=C(CCc1ccccc1)c1ccccc1OC[C@H](O)CN1CCCCC1,1,O=C(CCc1ccccc1)c1ccccc1OCCCN1CCCCC1,0.8161102278749338,1,0.9792088766315735
O=C(CCc1ccccc1)c1ccccc1OC[C@@H](O)CN1CCOCC1,1,O=C(CCc1ccccc1)c1ccccc1OCCCN1CCOCC1,O=C(CCc1ccccc1)c1ccccc1OC[C@H](O)CN1CCN(Cc2ccccc2)CC1,1,O=C(CCc1ccccc1)c1ccccc1OCCCN1CCN(Cc2ccccc2)CC1,0.7857692307692308,1,0.982891093338924
O=C(CCc1ccccc1)c1ccccc1OC[C@@H](O)CN1CCOCC1,1,O=C(CCc1ccccc1)c1ccccc1OCCCN1CCOCC1,O=C(CCc1ccccc1)c1ccccc1OC[C@@H](O)CN1CCN(Cc2ccccc2)CC1,1,O=C(CCc1ccccc1)c1ccccc1OCCCN1CCN(Cc2ccccc2)CC1,0.7857692307692308,1,0.982891093338924
COc1cc2c(cc1OC)[C@H]1CN(C)CC[C@H]1N=C2c1ccc(NS(=O)(=O)c2ccc(C)cc2)cc1,1,O=S(=O)(Nc1ccc(C2=NC3CCNCC3c3ccccc32)cc1)c1ccccc1,CCOc1cc2c(cc1OC)C(c1ccc(C(=O)N(C(C)C)C(C)C)cc1)=N[C@@H]1CCN(C)C[C@H]21,1,c1ccc(C2=NC3CCNCC3c3ccccc32)cc1,0.5632478632478632,1,0.9918302714317706
COc1cc2c(cc1OC)[C@H]1CN(C)CC[C@H]1N=C2c1ccc(NS(=O)(=O)c2ccc(C)cc2)cc1,1,O=S(=O)(Nc1ccc(C2=NC3CCNCC3c3ccccc32)cc1)c1ccccc1,COc1cc2c(cc1OC)CN(CCc1ccc(NC(=O)c3ccccc3NC(=O)c3ccc(C)cc3)cc1)CC2,1,O=C(Nc1ccccc1C(=O)Nc1ccc(CCN2CCc3ccccc3C2)cc1)c1ccccc1,0.2676568233443998,1,0.992006385304498
COc1cc2c(cc1OC)[C@H]1CN(C)CC[C@H]1N=C2c1ccc(NS(=O)(=O)c2ccc(C)cc2)cc1,1,O=S(=O)(Nc1ccc(C2=NC3CCNCC3c3ccccc32)cc1)c1ccccc1,COc1cc2c(cc1OC)CN(CCc1ccc(NC(=O)c3cccnc3)cc1)CC2,1,O=C(Nc1ccc(CCN2CCc3ccccc3C2)cc1)c1cccnc1,0.23508771929824562,1,0.9776252330899678
COc1cc2c(cc1OC)[C@H]1CN(C)CC[C@H]1N=C2c1ccc(NS(=O)(=O)c2ccc(C)cc2)cc1,1,O=S(=O)(Nc1ccc(C2=NC3CCNCC3c3ccccc32)cc1)c1ccccc1,COc1cc(C[C@@H]2c3cc(OC)c(OC)cc3CCN2C)c(Oc2cc3c(cc2OC)-c2c(OC)c(OC)cc4c2[C@@H](C3)N(C)CC4)cc1OC,1,c1ccc(Oc2ccc3c(c2)CC2NCCc4cccc-3c42)c(CC2NCCc3ccccc32)c1,0.23470185728250248,1,0.8574760057611225
CCN(CC)CCOCCOC(=O)C1(c2ccccc2)CCCC1,0,c1ccc(C2CCCC2)cc1,CCCC(C(=O)OCCN(CC)CC)(c1ccccc1)c1ccccc1,1,c1ccc(Cc2ccccc2)cc1,0.44000000000000006,0,0.041496640391611994
CCN(CC)CCOCCOC(=O)C1(c2ccccc2)CCCC1,0,c1ccc(C2CCCC2)cc1,CCN(CC)C[C@@H](O)COc1ccccc1C(=O)CCc1ccccc1,1,O=C(CCc1ccccc1)c1ccccc1,0.28929292929292927,0,0.03093188414447331
CCN(CC)CCOCCOC(=O)C1(c2ccccc2)CCCC1,0,c1ccc(C2CCCC2)cc1,CCN(CC)C[C@H](O)COc1ccccc1C(=O)CCc1ccccc1,1,O=C(CCc1ccccc1)c1ccccc1,0.28929292929292927,0,0.03093188414447331
CCN(CC)CCOCCOC(=O)C1(c2ccccc2)CCCC1,0,c1ccc(C2CCCC2)cc1,CCN(CC)C[C@@H](O)COc1ccccc1C(=O)c1ccccc1,1,O=C(c1ccccc1)c1ccccc1,0.285640457733481,0,0.026186913923581967
O=C(CCCN1CCC2(CC1)C(=O)NCN2c1ccccc1)c1ccc(F)cc1,1,O=C(CCCN1CCC2(CC1)C(=O)NCN2c1ccccc1)c1ccccc1,O=C(CCc1ccccc1)c1ccccc1OCCCCN1CCN(c2ccc(F)cc2)CC1,1,O=C(CCc1ccccc1)c1ccccc1OCCCCN1CCN(c2ccccc2)CC1,0.37708108108108107,1,0.8456616175980504
O=C(CCCN1CCC2(CC1)C(=O)NCN2c1ccccc1)c1ccc(F)cc1,1,O=C(CCCN1CCC2(CC1)C(=O)NCN2c1ccccc1)c1ccccc1,O=C(CCc1ccccc1)c1cccc(OC[C@H](O)CN2CCN(c3ccc(F)cc3)CC2)c1,1,O=C(CCc1ccccc1)c1cccc(OCCCN2CCN(c3ccccc3)CC2)c1,0.3193315266485998,1,0.9530259890465212
O=C(CCCN1CCC2(CC1)C(=O)NCN2c1ccccc1)c1ccc(F)cc1,1,O=C(CCCN1CCC2(CC1)C(=O)NCN2c1ccccc1)c1ccccc1,O=C(CCc1ccccc1)c1ccccc1OCCCCN1CCOCC1,1,O=C(CCc1ccccc1)c1ccccc1OCCCCN1CCOCC1,0.3130958904109589,1,0.7698782491325803
O=C(CCCN1CCC2(CC1)C(=O)NCN2c1ccccc1)c1ccc(F)cc1,1,O=C(CCCN1CCC2(CC1)C(=O)NCN2c1ccccc1)c1ccccc1,O=c1[nH]c2ccccc2n1C1CCN(CCCC(c2ccc(F)cc2)c2ccc(F)cc2)CC1,1,O=c1[nH]c2ccccc2n1C1CCN(CCCC(c2ccccc2)c2ccccc2)CC1,0.31228070175438594,1,0.977195881591927
C=C1C/C(=C\C)C(=O)O[C@H]2CCN3CC=C(COC(=O)[C@]1(C)O)C23,0,C=C1CC(=C)C(=O)OC2CCN3CC=C(COC(=O)C1)C23,CCCC[C@H]1OC(=O)C[C@@H](O)[C@H](Cc2ccccc2)N(C)C(=O)COC(=O)[C@H]1C,1,O=C1COC(=O)CCOC(=O)CCC(Cc2ccccc2)N1,0.1752919020715631,0,0.011411580086186479
C=C1C/C(=C\C)C(=O)O[C@H]2CCN3CC=C(COC(=O)[C@]1(C)O)C23,0,C=C1CC(=C)C(=O)OC2CCN3CC=C(COC(=O)C1)C23,CCCCCCC[C@H]1OC(=O)C[C@@H](O)[C@H](Cc2ccccc2)N(C)C(=O)COC(=O)[C@H]1C,1,O=C1COC(=O)CCOC(=O)CCC(Cc2ccccc2)N1,0.17258658806190127,0,0.03552359676590248
C=C1C/C(=C\C)C(=O)O[C@H]2CCN3CC=C(COC(=O)[C@]1(C)O)C23,0,C=C1CC(=C)C(=O)OC2CCN3CC=C(COC(=O)C1)C23,CC(C)[C@@H]1OC(=O)[C@@H](C)COC(=O)C[C@@H](O)[C@H](Cc2ccccc2)N(C)C1=O,1,O=C1COC(=O)CCOC(=O)CCC(Cc2ccccc2)N1,0.1694855115316381,0,0.009156024184717951
C=C1C/C(=C\C)C(=O)O[C@H]2CCN3CC=C(COC(=O)[C@]1(C)O)C23,0,C=C1CC(=C)C(=O)OC2CCN3CC=C(COC(=O)C1)C23,C[C@]12CC(=O)[C@@H]3[C@@H](CCC4=CC(=O)CC[C@H]43)[C@H]1CC[C@@]2(O)C(=O)CO,1,O=C1C=C2CCC3C4CCCC4CC(=O)C3C2CC1,0.1688290493676051,0,0.009503021998918263
COc1cccc(CCc2ccccc2OCCN2CCc3ccccc3C2)c1,1,c1ccc(CCc2ccccc2OCCN2CCc3ccccc3C2)cc1,COc1cccc(CCc2ccccc2OCCCN2CCc3ccccc3C2)c1,1,c1ccc(CCc2ccccc2OCCCN2CCc3ccccc3C2)cc1,0.8906444906444908,1,0.9758705145887256
COc1cccc(CCc2ccccc2OCCN2CCc3ccccc3C2)c1,1,c1ccc(CCc2ccccc2OCCN2CCc3ccccc3C2)cc1,COc1cccc(CCc2ccccc2OCCN2CCc3cc(OC)c(OC)cc3C2)c1,1,c1ccc(CCc2ccccc2OCCN2CCc3ccccc3C2)cc1,0.8755991285403051,1,0.9460651818600585
COc1cccc(CCc2ccccc2OCCN2CCc3ccccc3C2)c1,1,c1ccc(CCc2ccccc2OCCN2CCc3ccccc3C2)cc1,COc1cccc(CCc2ccccc2OCCCCN2CCc3ccccc3C2)c1,1,c1ccc(CCc2ccccc2OCCCCN2CCc3ccccc3C2)cc1,0.8725918570009932,1,0.9640580893385036
COc1cccc(CCc2ccccc2OCCN2CCc3ccccc3C2)c1,1,c1ccc(CCc2ccccc2OCCN2CCc3ccccc3C2)cc1,COc1cccc(CCc2ccccc2OCCCCCN2CCc3ccccc3C2)c1,1,c1ccc(CCc2ccccc2OCCCCCN2CCc3ccccc3C2)cc1,0.8552706552706553,1,0.9728359909246395
COc1cccc(CCc2ccccc2OCCN2CCc3cc(OC)c(OC)cc3C2)c1,1,c1ccc(CCc2ccccc2OCCN2CCc3ccccc3C2)cc1,COc1cccc(CCc2ccccc2OCCCN2CCc3cc(OC)c(OC)cc3C2)c1,1,c1ccc(CCc2ccccc2OCCCN2CCc3ccccc3C2)cc1,0.8943469785575049,1,0.9947292857358383
COc1cccc(CCc2ccccc2OCCN2CCc3cc(OC)c(OC)cc3C2)c1,1,c1ccc(CCc2ccccc2OCCN2CCc3ccccc3C2)cc1,COc1cccc(CCc2ccccc2OCCCCN2CCc3cc(OC)c(OC)cc3C2)c1,1,c1ccc(CCc2ccccc2OCCCCN2CCc3ccccc3C2)cc1,0.8768298368298368,1,0.9929043474340051
COc1cccc(CCc2ccccc2OCCN2CCc3cc(OC)c(OC)cc3C2)c1,1,c1ccc(CCc2ccccc2OCCN2CCc3ccccc3C2)cc1,COc1cccc(CCc2ccccc2OCCN2CCc3ccccc3C2)c1,1,c1ccc(CCc2ccccc2OCCN2CCc3ccccc3C2)cc1,0.8755991285403051,1,0.9780174823641871
COc1cccc(CCc2ccccc2OCCN2CCc3cc(OC)c(OC)cc3C2)c1,1,c1ccc(CCc2ccccc2OCCN2CCc3ccccc3C2)cc1,COc1cccc(CCc2ccccc2OCCCCCN2CCc3cc(OC)c(OC)cc3C2)c1,1,c1ccc(CCc2ccccc2OCCCCCN2CCc3ccccc3C2)cc1,0.8600000000000001,1,0.9936174861598246
COc1cccc(CCc2ccccc2OCc2cccnc2)c1,0,c1ccc(CCc2ccccc2OCc2cccnc2)cc1,COc1cccc(CCc2ccccc2OCc2ccncc2)c1,1,c1ccc(CCc2ccccc2OCc2ccncc2)cc1,0.7948369565217392,1,0.5916790289170482
COc1cccc(CCc2ccccc2OCc2cccnc2)c1,0,c1ccc(CCc2ccccc2OCc2cccnc2)cc1,COc1cccc(CCc2ccccc2OCc2cc(OC)cc(OC)c2)c1,1,c1ccc(CCc2ccccc2OCc2ccccc2)cc1,0.7241666666666666,0,0.47493572402686696
COc1cccc(CCc2ccccc2OCc2cccnc2)c1,0,c1ccc(CCc2ccccc2OCc2cccnc2)cc1,COc1ccc(COc2ccccc2CCc2cccc(OC)c2)cc1,1,c1ccc(CCc2ccccc2OCc2ccccc2)cc1,0.7158485273492287,0,0.39308609801106925
COc1cccc(CCc2ccccc2OCc2cccnc2)c1,0,c1ccc(CCc2ccccc2OCc2cccnc2)cc1,COc1cccc(CCc2ccccc2OCc2ccccc2OC)c1,1,c1ccc(CCc2ccccc2OCc2ccccc2)cc1,0.6984572230014026,1,0.5025272723725682
c1ccc(CCc2ccccc2OCc2cccnc2)cc1,0,c1ccc(CCc2ccccc2OCc2cccnc2)cc1,COc1ccc(COc2ccccc2CCc2ccccc2)cc1,1,c1ccc(CCc2ccccc2OCc2ccccc2)cc1,0.5771428571428572,0,0.10554505874684497
c1ccc(CCc2ccccc2OCc2cccnc2)cc1,0,c1ccc(CCc2ccccc2OCc2cccnc2)cc1,COc1cccc(CCc2ccccc2OCc2ccncc2)c1,1,c1ccc(CCc2ccccc2OCc2ccncc2)cc1,0.5604166666666668,0,0.15815653310930922
c1ccc(CCc2ccccc2OCc2cccnc2)cc1,0,c1ccc(CCc2ccccc2OCc2cccnc2)cc1,COc1cc(COc2ccccc2CCc2ccccc2)cc(OC)c1,1,c1ccc(CCc2ccccc2OCc2ccccc2)cc1,0.5590116279069768,0,0.11133515714863772
c1ccc(CCc2ccccc2OCc2cccnc2)cc1,0,c1ccc(CCc2ccccc2OCc2cccnc2)cc1,COc1ccc(COc2ccccc2CCc2ccccc2)cc1OC,1,c1ccc(CCc2ccccc2OCc2ccccc2)cc1,0.5524926686217009,0,0.17055552395393966
CN(C)c1ccc(-c2nc(-c3ccc(/C=C/CN4CCCCC4)cc3)[nH]c2-c2ccc(N(C)C)cc2)cc1,1,C(=Cc1ccc(-c2nc(-c3ccccc3)c(-c3ccccc3)[nH]2)cc1)CN1CCCCC1,CN(C)c1ccc(-c2nc(-c3ccc(/C=C/CN4CCOCC4)cc3)[nH]c2-c2ccc(N(C)C)cc2)cc1,1,C(=Cc1ccc(-c2nc(-c3ccccc3)c(-c3ccccc3)[nH]2)cc1)CN1CCOCC1,0.8207407407407408,1,0.9997672520030738
CN(C)c1ccc(-c2nc(-c3ccc(/C=C/CN4CCCCC4)cc3)[nH]c2-c2ccc(N(C)C)cc2)cc1,1,C(=Cc1ccc(-c2nc(-c3ccccc3)c(-c3ccccc3)[nH]2)cc1)CN1CCCCC1,CN(C)C/C=C/c1ccc(-c2nc(-c3ccc(N(C)C)cc3)c(-c3ccc(N(C)C)cc3)[nH]2)cc1,1,c1ccc(-c2nc(-c3ccccc3)c(-c3ccccc3)[nH]2)cc1,0.7108380868802107,1,0.9995415336363735
CN(C)c1ccc(-c2nc(-c3ccc(/C=C/CN4CCCCC4)cc3)[nH]c2-c2ccc(N(C)C)cc2)cc1,1,C(=Cc1ccc(-c2nc(-c3ccccc3)c(-c3ccccc3)[nH]2)cc1)CN1CCCCC1,COC/C=C/c1ccc(-c2nc(-c3ccc(N(C)C)cc3)c(-c3ccc(N(C)C)cc3)[nH]2)cc1,1,c1ccc(-c2nc(-c3ccccc3)c(-c3ccccc3)[nH]2)cc1,0.6658585858585859,1,0.9954464604165436
CN(C)c1ccc(-c2nc(-c3ccc(/C=C/CN4CCCCC4)cc3)[nH]c2-c2ccc(N(C)C)cc2)cc1,1,C(=Cc1ccc(-c2nc(-c3ccccc3)c(-c3ccccc3)[nH]2)cc1)CN1CCCCC1,CCOC/C=C/c1ccc(-c2nc(-c3ccc(N(C)C)cc3)c(-c3ccc(N(C)C)cc3)[nH]2)cc1,1,c1ccc(-c2nc(-c3ccccc3)c(-c3ccccc3)[nH]2)cc1,0.6487414187643021,1,0.9973567107875992
