query_smiles,query_label,query_scaffold,neighbor_smiles,neighbor_label,neighbor_scaffold,similarity,prediction,score
O=C(O)C=Cc1ccc(O)c(O)c1,0,c1ccccc1,CC(C)NC[C@@H](O)c1ccc(O)c(O)c1,0,c1ccccc1,0.2533333333333333,0,0.13995178944153236
O=C(O)C=Cc1ccc(O)c(O)c1,0,c1ccccc1,Nc1c(O)cccc1C(=O)CC(N)C(=O)O,0,c1ccccc1,0.23344481605351172,0,0.1197521676823303
O=C(O)C=Cc1ccc(O)c(O)c1,0,c1ccccc1,O=c1ccc2cc(O)c(O)cc2o1,0,O=c1ccc2ccccc2o1,0.22731152204836416,0,0.06916159269318989
O=C(O)C=Cc1ccc(O)c(O)c1,0,c1ccccc1,COc1cc(/C=C/C(=O)N2CCC=CC2=O)cc(OC)c1OC,0,O=C1C=CCCN1C(=O)C=Cc1ccccc1,0.20105820105820107,0,0.00043356171885089017
CC(C)NC[C@@H](O)c1ccc(O)c(O)c1,0,c1ccccc1,CNCC(O)c1ccc(O)c(OC)c1,0,c1ccccc1,0.48303030303030303,0,0.008310671975133578
CC(C)NC[C@@H](O)c1ccc(O)c(O)c1,0,c1ccccc1,COCCc1ccc(OCC(O)CNC(C)C)cc1,0,c1ccccc1,0.31319064211050274,0,0.005506117196782126
CC(C)NC[C@@H](O)c1ccc(O)c(O)c1,0,c1ccccc1,O=C(O)C=Cc1ccc(O)c(O)c1,0,c1ccccc1,0.2533333333333333,0,0.03777103570400609
CC(C)NC[C@@H](O)c1ccc(O)c(O)c1,0,c1ccccc1,CC(Cc1ccccc1)NCCC(c1ccccc1)c1ccccc1,0,c1ccc(CCNCCC(c2ccccc2)c2ccccc2)cc1,0.23861892583120203,0,0.003820712946426119
Nc1ccccc1S(N)(=O)=O,0,c1ccccc1,CC(=O)[N]([Na])S(=O)(=O)c1ccc(N)cc1,0,c1ccccc1,0.24990253411306043,0,0.10007370808459964
Nc1ccccc1S(N)(=O)=O,0,c1ccccc1,CN1Cc2c(N)cccc2C(c2ccccc2)C1,0,c1ccc(C2CNCc3ccccc32)cc1,0.23840960240060016,0,0.0040324973420581695
Nc1ccccc1S(N)(=O)=O,0,c1ccccc1,Nc1c(O)cccc1C(=O)CC(N)C(=O)O,0,c1ccccc1,0.21724581724581726,0,0.026196417573587233
Nc1ccccc1S(N)(=O)=O,0,c1ccccc1,Cc1c(N)c(=O)n(-c2ccccc2)n1C,0,O=c1cc[nH]n1-c1ccccc1,0.2154798761609907,0,0.009348634855069933
C[C@](N)(Cc1ccc(O)c(O)c1)C(=O)O,1,c1ccccc1,COc1ccc(C[C@@](C)(N)C(=O)O)cc1OC,0,c1ccccc1,0.6054226475279108,1,0.726465484758456
C[C@](N)(Cc1ccc(O)c(O)c1)C(=O)O,1,c1ccccc1,O=C(O)C=Cc1ccc(O)c(O)c1,0,c1ccccc1,0.36625,1,0.7726407966882605
C[C@](N)(Cc1ccc(O)c(O)c1)C(=O)O,1,c1ccccc1,CC(C)NC[C@@H](O)c1ccc(O)c(O)c1,0,c1ccccc1,0.28555555555555556,1,0.7445362078121135
C[C@](N)(Cc1ccc(O)c(O)c1)C(=O)O,1,c1ccccc1,Nc1c(O)cccc1C(=O)CC(N)C(=O)O,0,c1ccccc1,0.2645918367346939,1,0.6569335282450907
COc1ccc(C[C@@](C)(N)C(=O)O)cc1OC,0,c1ccccc1,COc1ccc(CC2c3cc(OC)c(OC)cc3CCN2C)cc1OC,0,c1ccc(CC2NCCc3ccccc32)cc1,0.345748987854251,0,0.009043472320953832
COc1ccc(C[C@@](C)(N)C(=O)O)cc1OC,0,c1ccccc1,COc1cc(N)c(Cl)cc1C(=O)NC1CCN(Cc2ccccc2)CC1,0,O=C(NC1CCN(Cc2ccccc2)CC1)c1ccccc1,0.2565034965034965,0,0.004674158398968107
COc1ccc(C[C@@](C)(N)C(=O)O)cc1OC,0,c1ccccc1,CNCC(O)c1ccc(O)c(OC)c1,0,c1ccccc1,0.2453781512605042,0,0.024135193815419426
COc1ccc(C[C@@](C)(N)C(=O)O)cc1OC,0,c1ccccc1,COc1cc(=O)n(C)c2c(OCC(O)C(C)(C)O)cccc12,0,O=c1ccc2ccccc2[nH]1,0.23921568627450981,0,0.014688384160771414
CC(=O)[N]([Na])S(=O)(=O)c1ccc(N)cc1,0,c1ccccc1,Nc1ccccc1S(N)(=O)=O,0,c1ccccc1,0.24990253411306043,0,0.015535687464095884
CC(=O)[N]([Na])S(=O)(=O)c1ccc(N)cc1,0,c1ccccc1,COc1ccc(C[C@@](C)(N)C(=O)O)cc1OC,0,c1ccccc1,0.19136842105263158,0,0.014073075395973175
CC(=O)[N]([Na])S(=O)(=O)c1ccc(N)cc1,0,c1ccccc1,Nc1c(O)cccc1C(=O)CC(N)C(=O)O,0,c1ccccc1,0.17678048780487804,0,0.013601880539514962
CC(=O)[N]([Na])S(=O)(=O)c1ccc(N)cc1,0,c1ccccc1,CC(=O)c1cc2ccccc2oc1=O,0,O=c1ccc2ccccc2o1,0.1740080506037953,0,0.0015743984185819543
Nc1c(F)c(N)c(F)c(F)c1F,1,c1ccccc1,Nc1ccccc1S(N)(=O)=O,0,c1ccccc1,0.12088888888888889,1,0.983509326642303
Nc1c(F)c(N)c(F)c(F)c1F,1,c1ccccc1,Cc1c(N)c(=O)n(-c2ccccc2)n1C,0,O=c1cc[nH]n1-c1ccccc1,0.11992409867172675,1,0.960911636171168
Nc1c(F)c(N)c(F)c(F)c1F,1,c1ccccc1,Nc1c(O)cccc1C(=O)CC(N)C(=O)O,0,c1ccccc1,0.10526315789473684,1,0.9859308674471956
Nc1c(F)c(N)c(F)c(F)c1F,1,c1ccccc1,CC(=O)[N]([Na])S(=O)(=O)c1ccc(N)cc1,0,c1ccccc1,0.0982010582010582,1,0.9953794906099638
Cc1cc(C)cc(S(=O)(=O)O)c1,1,c1ccccc1,CC(=O)[N]([Na])S(=O)(=O)c1ccc(N)cc1,0,c1ccccc1,0.23125,1,0.9893352982427945
Cc1cc(C)cc(S(=O)(=O)O)c1,1,c1ccccc1,COc1cc(-c2ccc(/N=N/c3ccc4c(S(=O)(=O)O)cc(S(=O)(=O)O)c(N)c4c3O)c(OC)c2)ccc1/N=N/c1ccc2c(S(=O)(=O)O)cc(S(=O)(=O)O)c(N)c2c1O,0,c1ccc2cc(N=Nc3ccc(-c4ccc(N=Nc5ccc6ccccc6c5)cc4)cc3)ccc2c1,0.19876948318293686,1,0.9999611543050441
Cc1cc(C)cc(S(=O)(=O)O)c1,1,c1ccccc1,COc1ccc(C[C@@](C)(N)C(=O)O)cc1OC,0,c1ccccc1,0.18166112956810634,1,0.9875960914936064
Cc1cc(C)cc(S(=O)(=O)O)c1,1,c1ccccc1,Nc1ccccc1S(N)(=O)=O,0,c1ccccc1,0.16637931034482759,1,0.9625221490308918
CN(C)c1ccc(/N=N/S(=O)(=O)O)cc1,1,c1ccccc1,COc1cc(-c2ccc(/N=N/c3ccc4c(S(=O)(=O)O)cc(S(=O)(=O)O)c(N)c4c3O)c(OC)c2)ccc1/N=N/c1ccc2c(S(=O)(=O)O)cc(S(=O)(=O)O)c(N)c2c1O,0,c1ccc2cc(N=Nc3ccc(-c4ccc(N=Nc5ccc6ccccc6c5)cc4)cc3)ccc2c1,0.2067118644067797,1,0.9999995417411898
CN(C)c1ccc(/N=N/S(=O)(=O)O)cc1,1,c1ccccc1,CC(=O)[N]([Na])S(=O)(=O)c1ccc(N)cc1,0,c1ccccc1,0.19141414141414145,1,0.9999234151132911
CN(C)c1ccc(/N=N/S(=O)(=O)O)cc1,1,c1ccccc1,Nc1ccccc1S(N)(=O)=O,0,c1ccccc1,0.15944055944055946,1,0.9997234237134318
CN(C)c1ccc(/N=N/S(=O)(=O)O)cc1,1,c1ccccc1,O=C(O)C=Cc1ccc(O)c(O)c1,0,c1ccccc1,0.15353535353535352,1,0.9996122034337178
CNCCc1ccc(OC(=O)C(C)C)c(OC(=O)C(C)C)c1,1,c1ccccc1,COc1ccc(C[C@@](C)(N)C(=O)O)cc1OC,0,c1ccccc1,0.3142414860681115,1,0.9838843049874776
CNCCc1ccc(OC(=O)C(C)C)c(OC(=O)C(C)C)c1,1,c1ccccc1,CNCC(O)c1ccc(O)c(OC)c1,0,c1ccccc1,0.27179487179487183,1,0.9642605916473391
CNCCc1ccc(OC(=O)C(C)C)c(OC(=O)C(C)C)c1,1,c1ccccc1,CNCCc1ccccn1,0,c1ccncc1,0.2627497062279671,1,0.9722463830883177
CNCCc1ccc(OC(=O)C(C)C)c(OC(=O)C(C)C)c1,1,c1ccccc1,COCCc1ccc(OCC(O)CNC(C)C)cc1,0,c1ccccc1,0.25222358221134233,1,0.9713541509253075
Cc1ccc(S(=O)(=O)OCC(N)CN=O)cc1,1,c1ccccc1,CC(=O)[N]([Na])S(=O)(=O)c1ccc(N)cc1,0,c1ccccc1,0.20444444444444448,1,0.9995515388475763
Cc1ccc(S(=O)(=O)OCC(N)CN=O)cc1,1,c1ccccc1,Nc1ccccc1S(N)(=O)=O,0,c1ccccc1,0.17150326797385623,1,0.998382012649339
Cc1ccc(S(=O)(=O)OCC(N)CN=O)cc1,1,c1ccccc1,COCCc1ccc(OCC(O)CNC(C)C)cc1,0,c1ccccc1,0.1594634873323398,1,0.9967238497218059
Cc1ccc(S(=O)(=O)OCC(N)CN=O)cc1,1,c1ccccc1,CS(=N)(=O)CC[C@H](N)C(=O)O,0,,0.15833333333333333,1,0.991987225648498
Nc1c(O)cccc1C(=O)CC(N)C(=O)O,0,c1ccccc1,CS(=N)(=O)CC[C@H](N)C(=O)O,0,,0.28573224387177876,0,0.006270732545608102
Nc1c(O)cccc1C(=O)CC(N)C(=O)O,0,c1ccccc1,N=C(N)NOCC[C@H](N)C(=O)O,0,,0.2579710144927536,0,0.044830815810996044
Nc1c(O)cccc1C(=O)CC(N)C(=O)O,0,c1ccccc1,O=C(O)C=Cc1ccc(O)c(O)c1,0,c1ccccc1,0.23344481605351172,0,0.04802794441747927
Nc1c(O)cccc1C(=O)CC(N)C(=O)O,0,c1ccccc1,Nc1ccccc1S(N)(=O)=O,0,c1ccccc1,0.21724581724581726,0,0.0778739308018605
O=C(O)CNC(=O)C(CS)Cc1ccccc1,0,c1ccccc1,CC(Cc1ccccc1)NCCC(c1ccccc1)c1ccccc1,0,c1ccc(CCNCCC(c2ccccc2)c2ccccc2)cc1,0.26329625884732055,0,0.0012108529019024615
O=C(O)CNC(=O)C(CS)Cc1ccccc1,0,c1ccccc1,N/C(=N\C(=O)c1nc(Cl)c(N)nc1N)NCc1ccccc1,0,O=C(N=CNCc1ccccc1)c1cnccn1,0.2612987012987013,0,0.007514915699503827
O=C(O)CNC(=O)C(CS)Cc1ccccc1,0,c1ccccc1,CNC(C)(C)Cc1ccccc1,0,c1ccccc1,0.2337194337194337,0,0.00822662086477742
O=C(O)CNC(=O)C(CS)Cc1ccccc1,0,c1ccccc1,Nc1c(O)cccc1C(=O)CC(N)C(=O)O,0,c1ccccc1,0.21471571906354517,0,0.015266837366776424
CCCCCN(CCCCC)C(=O)C(CCC(=O)O)NC(=O)c1ccc(Cl)c(Cl)c1,0,c1ccccc1,CC(=O)N[C@@H](CC(=O)N[C@H](CCC(=O)O)C(=O)O)C(=O)O,0,,0.2900829426613776,0,0.027246984846381016
CCCCCN(CCCCC)C(=O)C(CCC(=O)O)NC(=O)c1ccc(Cl)c(Cl)c1,0,c1ccccc1,CCCCNc1ccc(C(=O)OCCOCCOCCOCCOCCOCCOCCOCCOCCOC)cc1,0,c1ccccc1,0.2205949656750572,0,0.04043004443015447
CCCCCN(CCCCC)C(=O)C(CCC(=O)O)NC(=O)c1ccc(Cl)c(Cl)c1,0,c1ccccc1,COc1cc(N)c(Cl)cc1C(=O)NC1CCN(Cc2ccccc2)CC1,0,O=C(NC1CCN(Cc2ccccc2)CC1)c1ccccc1,0.21704108480064765,0,0.005664004496675116
CCCCCN(CCCCC)C(=O)C(CCC(=O)O)NC(=O)c1ccc(Cl)c(Cl)c1,0,c1ccccc1,CC(=O)N[C@@H](CC(=O)O)C(=O)O,0,,0.20771929824561405,0,0.030606061851780535
N=C(N)NCc1cccc(I)c1,0,c1ccccc1,N=C(N)NCCCCNC(=N)N,0,,0.2995670995670996,0,0.08960797606261045
N=C(N)NCc1cccc(I)c1,0,c1ccccc1,N/C(=N\C(=O)c1nc(Cl)c(N)nc1N)NCc1ccccc1,0,O=C(N=CNCc1ccccc1)c1cnccn1,0.2672727272727273,0,0.06626841560687215
N=C(N)NCc1cccc(I)c1,0,c1ccccc1,O=C(O)CNC(=O)C(CS)Cc1ccccc1,0,c1ccccc1,0.19962894248608537,0,0.0014955497717846502
N=C(N)NCc1cccc(I)c1,0,c1ccccc1,CNC(C)(C)Cc1ccccc1,0,c1ccccc1,0.19246119733924616,0,0.00525876750769463
CNC(C)(C)Cc1ccccc1,0,c1ccccc1,CC(Cc1ccccc1)NCCC(c1ccccc1)c1ccccc1,0,c1ccc(CCNCCC(c2ccccc2)c2ccccc2)cc1,0.3130604288499026,0,0.004436108719209696
CNC(C)(C)Cc1ccccc1,0,c1ccccc1,CNCCc1ccccn1,0,c1ccncc1,0.25517241379310346,0,0.025362115899590563
CNC(C)(C)Cc1ccccc1,0,c1ccccc1,COc1ccc(C[C@@](C)(N)C(=O)O)cc1OC,0,c1ccccc1,0.23898768809849522,0,0.04338290005903816
CNC(C)(C)Cc1ccccc1,0,c1ccccc1,O=C(O)CNC(=O)C(CS)Cc1ccccc1,0,c1ccccc1,0.2337194337194337,0,0.0024672458849606432
CNCC(O)c1ccc(O)c(OC)c1,0,c1ccccc1,CC(C)NC[C@@H](O)c1ccc(O)c(O)c1,0,c1ccccc1,0.48303030303030303,0,0.0009234080056995099
CNCC(O)c1ccc(O)c(OC)c1,0,c1ccccc1,COc1cc2ccc(=O)oc2cc1O,0,O=c1ccc2ccccc2o1,0.301712506486767,0,0.0018909738101449325
CNCC(O)c1ccc(O)c(OC)c1,0,c1ccccc1,COc1cc2c(c(OC)c1OC)-c1ccc(O)c(=O)cc1[C@@H](N)CC2,0,O=c1cccc2c(c1)CCCc1ccccc1-2,0.2487302676733013,0,0.0003176412690348243
CNCC(O)c1ccc(O)c(OC)c1,0,c1ccccc1,CNCC(O)C(O)C(O)C(O)CO,0,,0.24705882352941178,0,0.001840119498225938
COCCc1ccc(OCC(O)CNC(C)C)cc1,0,c1ccccc1,CC(C)NC[C@@H](O)c1ccc(O)c(O)c1,0,c1ccccc1,0.31319064211050274,0,3.763527107451964e-05
COCCc1ccc(OCC(O)CNC(C)C)cc1,0,c1ccccc1,CCCCNc1ccc(C(=O)OCCOCCOCCOCCOCCOCCOCCOCCOCCOC)cc1,0,c1ccccc1,0.24624113475177306,0,0.0010101031365293204
COCCc1ccc(OCC(O)CNC(C)C)cc1,0,c1ccccc1,CNCC(O)c1ccc(O)c(OC)c1,0,c1ccccc1,0.2367676767676768,0,0.00015790672226923143
COCCc1ccc(OCC(O)CNC(C)C)cc1,0,c1ccccc1,CC(Cc1ccccc1)NCCC(c1ccccc1)c1ccccc1,0,c1ccc(CCNCCC(c2ccccc2)c2ccccc2)cc1,0.2115627822944896,0,2.2141432751217013e-05
CCCCNc1ccc(C(=O)OCCOCCOCCOCCOCCOCCOCCOCCOCCOC)cc1,0,c1ccccc1,COCCc1ccc(OCC(O)CNC(C)C)cc1,0,c1ccccc1,0.24624113475177306,0,0.011113309721015149
CCCCNc1ccc(C(=O)OCCOCCOCCOCCOCCOCCOCCOCCOCCOC)cc1,0,c1ccccc1,CCCCCN(CCCCC)C(=O)C(CCC(=O)O)NC(=O)c1ccc(Cl)c(Cl)c1,0,c1ccccc1,0.2205949656750572,0,0.01956236433873835
CCCCNc1ccc(C(=O)OCCOCCOCCOCCOCCOCCOCCOCCOCCOC)cc1,0,c1ccccc1,COc1ccc2[nH]cc(CCNC(C)=O)c2c1,0,c1ccc2[nH]ccc2c1,0.20740740740740743,0,0.004547197086207887
CCCCNc1ccc(C(=O)OCCOCCOCCOCCOCCOCCOCCOCCOCCOC)cc1,0,c1ccccc1,COc1ccc(C[C@@](C)(N)C(=O)O)cc1OC,0,c1ccccc1,0.19263080324244658,0,0.06403570058521432
CC(CCl)OC(C)CCl,1,,CC(=O)N[C@@H]1[C@@H](O[C@H](C)C(=O)O)[C@H](O)[C@@H](CO)O[C@@H]1O,0,C1CCOCC1,0.11142217245240763,1,0.999506469511477
CC(CCl)OC(C)CCl,1,,COCCc1ccc(OCC(O)CNC(C)C)cc1,0,c1ccccc1,0.11142191142191142,1,0.9989092991737926
CC(CCl)OC(C)CCl,1,,CN(C)CCOC(c1ccc(Cl)cc1)c1ccccn1,0,c1ccc(Cc2ccccn2)cc1,0.10646871686108166,1,0.9994647323995912
CC(CCl)OC(C)CCl,1,,CC(=O)N[C@@H](CC(=O)O)C(=O)O,0,,0.09964157706093191,1,0.9848117500594742
CC(=O)N[C@@H](CC(=O)N[C@H](CCC(=O)O)C(=O)O)C(=O)O,0,,CC(=O)N[C@@H](CC(=O)O)C(=O)O,0,,0.6263225806451613,0,0.00900572785289413
CC(=O)N[C@@H](CC(=O)N[C@H](CCC(=O)O)C(=O)O)C(=O)O,0,,CCCCCN(CCCCC)C(=O)C(CCC(=O)O)NC(=O)c1ccc(Cl)c(Cl)c1,0,c1ccccc1,0.2900829426613776,0,0.02618320837223773
CC(=O)N[C@@H](CC(=O)N[C@H](CCC(=O)O)C(=O)O)C(=O)O,0,,CS(=N)(=O)CC[C@H](N)C(=O)O,0,,0.22626538987688102,0,0.00024099110767901677
CC(=O)N[C@@H](CC(=O)N[C@H](CCC(=O)O)C(=O)O)C(=O)O,0,,C[C@H](CCC(=O)O)[C@H]1CC[C@H]2[C@@H]3CC[C@@H]4C[C@H](O)CC[C@]4(C)[C@H]3CC[C@]12C,0,C1CCC2C(C1)CCC1C3CCCC3CCC21,0.2163771712158809,0,0.00018510331581815398
N=C(N)NOCC[C@H](N)C(=O)O,0,,CS(=N)(=O)CC[C@H](N)C(=O)O,0,,0.4167741935483872,0,0.0026273961481726245
N=C(N)NOCC[C@H](N)C(=O)O,0,,Nc1c(O)cccc1C(=O)CC(N)C(=O)O,0,c1ccccc1,0.2579710144927536,0,0.004890646595973524
N=C(N)NOCC[C@H](N)C(=O)O,0,,N=C(N)NCCCCNC(=N)N,0,,0.23143939393939397,0,0.13321148617087397
N=C(N)NOCC[C@H](N)C(=O)O,0,,CC(=O)N[C@@H](CC(=O)O)C(=O)O,0,,0.20194040194040194,0,0.001299830198670481
O=C/C=C\O,1,,O=C(O)C=Cc1ccc(O)c(O)c1,0,c1ccccc1,0.10948275862068968,1,0.9568719098962256
O=C/C=C\O,1,,O=C(O)[C@]1(O)C[C@H](O)[C@@H](O)[C@@H](O)C1,0,C1CCCCC1,0.10062111801242235,1,0.972495868974765
O=C/C=C\O,1,,CC1(O)CCOC(=O)C1,0,O=C1CCCCO1,0.09509116409537166,1,0.9565838296119458
O=C/C=C\O,1,,CN[C@@H]1[C@H](O[C@H]2[C@H](O[C@@H]3[C@@H](O)[C@H](O)[C@@H](NC(=N)N)[C@H](O)[C@H]3NC(=N)N)O[C@@H](C)[C@]2(O)C=O)O[C@@H](CO)[C@H](O)[C@H]1O,0,C1CCC(OC2OCCC2OC2CCCCO2)CC1,0.0890239783856805,1,0.9629203966874182
C=CCNN,1,,N=C(N)NCCCCNC(=N)N,0,,0.11504761904761905,1,0.9995764497505211
C=CCNN,1,,CN(C)CCCSC(=N)N,0,,0.08981481481481482,1,0.999861129320007
C=CCNN,1,,CNCC(O)C(O)C(O)C(O)CO,0,,0.08060606060606061,1,0.9977235751565696
C=CCNN,1,,N=C(N)NOCC[C@H](N)C(=O)O,0,,0.0787878787878788,1,0.9992013820701616
CN(C)CCCSC(=N)N,0,,N=C(N)NCCCCNC(=N)N,0,,0.23282051282051283,0,0.0129547838043553
CN(C)CCCSC(=N)N,0,,CC(=O)c1ccc2c(c1)N(CCCN(C)C)c1ccccc1S2,0,c1ccc2c(c1)Nc1ccccc1S2,0.20604288499025342,0,0.004130479744869455
CN(C)CCCSC(=N)N,0,,CN(C)CCC(c1ccccc1)c1ccccn1,0,c1ccc(Cc2ccccn2)cc1,0.16768768768768771,0,0.0016653144468049357
CN(C)CCCSC(=N)N,0,,CN(C)CCOC(C)(c1ccccc1)c1ccccn1,0,c1ccc(Cc2ccccn2)cc1,0.15928571428571428,0,0.001876151980004565
CCCCNNCCCC,1,,CCCCNc1ccc(C(=O)OCCOCCOCCOCCOCCOCCOCCOCCOCCOC)cc1,0,c1ccccc1,0.19846689895470385,1,0.9985425723847744
CCCCNNCCCC,1,,N=C(N)NCCCCNC(=N)N,0,,0.1691304347826087,1,0.9998298387162655
CCCCNNCCCC,1,,CCCCCN(CCCCC)C(=O)C(CCC(=O)O)NC(=O)c1ccc(Cl)c(Cl)c1,0,c1ccccc1,0.13094812164579606,1,0.9983394781013714
CCCCNNCCCC,1,,CNCC(O)C(O)C(O)C(O)CO,0,,0.11298701298701298,1,0.9990844311530325
CCCCNN,1,,N=C(N)NCCCCNC(=N)N,0,,0.19523809523809527,1,0.9998298387162655
CCCCNN,1,,CCCCNc1ccc(C(=O)OCCOCCOCCOCCOCCOCCOCCOCCOCCOC)cc1,0,c1ccccc1,0.18966408268733853,1,0.9985425723847744
CCCCNN,1,,CN(C)CCCSC(=N)N,0,,0.13076923076923078,1,0.9999442182180159
CCCCNN,1,,CCCCCN(CCCCC)C(=O)C(CCC(=O)O)NC(=O)c1ccc(Cl)c(Cl)c1,0,c1ccccc1,0.12643097643097642,1,0.9983394781013714
CCNN,1,,N=C(N)NCCCCNC(=N)N,0,,0.1365079365079365,1,0.9998298387162655
CCNN,1,,CNCC(O)C(O)C(O)C(O)CO,0,,0.12757894736842107,1,0.9990844311530325
CCNN,1,,CNC(C)(C)Cc1ccccc1,0,c1ccccc1,0.10793650793650794,1,0.9974864701297577
CCNN,1,,CS(=N)(=O)CC[C@H](N)C(=O)O,0,,0.10675862068965516,1,0.9976179976734771
CCCCCNN,1,,N=C(N)NCCCCNC(=N)N,0,,0.2272727272727273,1,0.9998298387162655
CCCCCNN,1,,CCCCNc1ccc(C(=O)OCCOCCOCCOCCOCCOCCOCCOCCOCCOC)cc1,0,c1ccccc1,0.16384384384384384,1,0.9985425723847744
CCCCCNN,1,,CCCCCN(CCCCC)C(=O)C(CCC(=O)O)NC(=O)c1ccc(Cl)c(Cl)c1,0,c1ccccc1,0.1457912457912458,1,0.9983394781013714
CCCCCNN,1,,CN(C)CCCSC(=N)N,0,,0.1265993265993266,1,0.9999442182180159
CCCNN,1,,N=C(N)NCCCCNC(=N)N,0,,0.1691304347826087,1,0.9998298387162655
CCCNN,1,,CCCCNc1ccc(C(=O)OCCOCCOCCOCCOCCOCCOCCOCCOCCOC)cc1,0,c1ccccc1,0.12575757575757576,1,0.9985425723847744
CCCNN,1,,CNCC(O)C(O)C(O)C(O)CO,0,,0.11298701298701298,1,0.9990844311530325
CCCNN,1,,CC(Cc1ccccc1)NCCC(c1ccccc1)c1ccccc1,0,c1ccc(CCNCCC(c2ccccc2)c2ccccc2)cc1,0.10957854406130269,1,0.9931346256366514
CC(O)CNC(=O)N(N=O)C(C)Cl,1,,CN(N=O)C(=O)N[C@@H]1[C@@H](O)[C@H](O)[C@@H](CO)O[C@@H]1O,0,C1CCOCC1,0.2503118503118503,1,0.9897010745010115
CC(O)CNC(=O)N(N=O)C(C)Cl,1,,CC(=O)N[C@@H](CC(=O)O)C(=O)O,0,,0.17222222222222222,1,0.9285616633323085
CC(O)CNC(=O)N(N=O)C(C)Cl,1,,CNCC(O)C(O)C(O)C(O)CO,0,,0.16285714285714284,1,0.9731213214384236
CC(O)CNC(=O)N(N=O)C(C)Cl,1,,CC(=O)N[C@@H]1[C@@H](O[C@H](C)C(=O)O)[C@H](O)[C@@H](CO)O[C@@H]1O,0,C1CCOCC1,0.15736346516007535,1,0.859999061594456
C=CCNNCC=C,1,,N=C(N)NCCCCNC(=N)N,0,,0.08666666666666667,1,0.9997042854218589
C=CCNNCC=C,1,,CNCC(O)C(O)C(O)C(O)CO,0,,0.08571428571428572,1,0.9984097545834901
C=CCNNCC=C,1,,C=C(C)[C@@H]1CC[C@]2(CO)CC[C@]3(C)[C@H](CC[C@@H]4[C@@]5(C)CC[C@H](O)C(C)(C)[C@@H]5CC[C@]43C)[C@@H]12,0,C1CCC2C(C1)CCC1C2CCC2C3CCCC3CCC21,0.06952380952380953,1,0.983512058808111
C=CCNNCC=C,1,,CN(C)CCCSC(=N)N,0,,0.06699751861042183,1,0.9999030515152882
CN(C)CCN(CCN=O)C(N)=O,1,,CN(C)CCCSC(=N)N,0,,0.27871621621621623,1,0.9986220010567872
CN(C)CCN(CCN=O)C(N)=O,1,,CC(=O)c1ccc2c(c1)N(CCCN(C)C)c1ccccc1S2,0,c1ccc2c(c1)Nc1ccccc1S2,0.19273182957393484,1,0.9899320129943016
CN(C)CCN(CCN=O)C(N)=O,1,,CN(N=O)C(=O)N[C@@H]1[C@@H](O)[C@H](O)[C@@H](CO)O[C@@H]1O,0,C1CCOCC1,0.17299465240641715,1,0.9900226776320156
CN(C)CCN(CCN=O)C(N)=O,1,,CN(C)CCC(c1ccccc1)c1ccccn1,0,c1ccc(Cc2ccccn2)cc1,0.15569105691056911,1,0.975335668370708
CCCCCCCCCCCCNC(=N)N,1,,N=C(N)NCCCCNC(=N)N,0,,0.7339285714285715,1,0.5470748305134389
CCCCCCCCCCCCNC(=N)N,1,,N=C(N)NCc1cccc(I)c1,0,c1ccccc1,0.2567411083540116,1,0.8229341248026795
CCCCCCCCCCCCNC(=N)N,1,,CN(C)CCCSC(=N)N,0,,0.22423645320197044,1,0.5429306441137334
CCCCCCCCCCCCNC(=N)N,1,,N=C(N)NOCC[C@H](N)C(=O)O,0,,0.19838827838827838,1,0.7522148787246845
CC(=O)N[C@@H](CC(=O)O)C(=O)O,0,,CC(=O)N[C@@H](CC(=O)N[C@H](CCC(=O)O)C(=O)O)C(=O)O,0,,0.6263225806451613,0,0.008194019224048586
CC(=O)N[C@@H](CC(=O)O)C(=O)O,0,,CC(=O)N[C@@H]1[C@@H](O[C@H](C)C(=O)O)[C@H](O)[C@@H](CO)O[C@@H]1O,0,C1CCOCC1,0.24113029827315544,0,0.008896716104613912
CC(=O)N[C@@H](CC(=O)O)C(=O)O,0,,CS(=N)(=O)CC[C@H](N)C(=O)O,0,,0.23584229390681005,0,0.0006315949626363911
CC(=O)N[C@@H](CC(=O)O)C(=O)O,0,,CCCCCN(CCCCC)C(=O)C(CCC(=O)O)NC(=O)c1ccc(Cl)c(Cl)c1,0,c1ccccc1,0.20771929824561405,0,0.007388778096726429
CNCC(O)C(O)C(O)C(O)CO,0,,CNCC(O)c1ccc(O)c(OC)c1,0,c1ccccc1,0.24705882352941178,0,0.002908953352871298
CNCC(O)C(O)C(O)C(O)CO,0,,O=C(O)[C@H](O)[C@@H](O)[C@H](O[C@@H]1O[C@H](CO)[C@H](O)[C@H](O)[C@H]1O)[C@H](O)CO,0,C1CCOCC1,0.19208037825059102,0,0.00017929305116739456
CNCC(O)C(O)C(O)C(O)CO,0,,CC(C)NC[C@@H](O)c1ccc(O)c(O)c1,0,c1ccccc1,0.1775,0,0.004298920217548347
CNCC(O)C(O)C(O)C(O)CO,0,,COCCc1ccc(OCC(O)CNC(C)C)cc1,0,c1ccccc1,0.15769230769230771,0,0.003653265905948493
CS(=N)(=O)CC[C@H](N)C(=O)O,0,,N=C(N)NOCC[C@H](N)C(=O)O,0,,0.4167741935483872,0,0.10365375388579831
CS(=N)(=O)CC[C@H](N)C(=O)O,0,,Nc1c(O)cccc1C(=O)CC(N)C(=O)O,0,c1ccccc1,0.28573224387177876,0,0.028188531868224707
CS(=N)(=O)CC[C@H](N)C(=O)O,0,,CC(=O)N[C@@H](CC(=O)O)C(=O)O,0,,0.23584229390681005,0,0.007622951817937124
CS(=N)(=O)CC[C@H](N)C(=O)O,0,,CC(=O)N[C@@H](CC(=O)N[C@H](CCC(=O)O)C(=O)O)C(=O)O,0,,0.22626538987688102,0,0.006041513512060588
N=C(N)NCCCCNC(=N)N,0,,N=C(N)NCc1cccc(I)c1,0,c1ccccc1,0.2995670995670996,0,0.1257366495988444
N=C(N)NCCCCNC(=N)N,0,,CN(C)CCCSC(=N)N,0,,0.23282051282051283,0,0.043554359166818046
N=C(N)NCCCCNC(=N)N,0,,N=C(N)NOCC[C@H](N)C(=O)O,0,,0.23143939393939397,0,0.08587408551705669
N=C(N)NCCCCNC(=N)N,0,,CN[C@@H]1[C@H](O[C@H]2[C@H](O[C@@H]3[C@@H](O)[C@H](O)[C@@H](NC(=N)N)[C@H](O)[C@H]3NC(=N)N)O[C@@H](C)[C@]2(O)CO)O[C@@H](CO)[C@H](O)[C@H]1O,0,C1CCC(OC2OCCC2OC2CCCCO2)CC1,0.14757575757575758,0,0.03289427284978565
CC(N/C(=N/C#N)Nc1ccncc1)C(C)(C)C,0,c1ccncc1,COC(=O)Nc1nc2cc(SC(C)C)ccc2[nH]1,0,c1ccc2[nH]cnc2c1,0.1603846153846154,0,0.0002663998187124331
CC(N/C(=N/C#N)Nc1ccncc1)C(C)(C)C,0,c1ccncc1,CNC(C)(C)Cc1ccccc1,0,c1ccccc1,0.15012444001991038,0,0.006317572283851299
CC(N/C(=N/C#N)Nc1ccncc1)C(C)(C)C,0,c1ccncc1,c1cncc(C2=NCCC2)c1,0,c1cncc(C2=NCCC2)c1,0.14943722943722942,0,0.0015413694188206911
CC(N/C(=N/C#N)Nc1ccncc1)C(C)(C)C,0,c1ccncc1,CN(C)CCOC(C)(c1ccccc1)c1ccccn1,0,c1ccc(Cc2ccccn2)cc1,0.1392258064516129,0,0.0034353332083308526
CNCCc1ccccn1,0,c1ccncc1,CN(C)CCC(c1ccccc1)c1ccccn1,0,c1ccc(Cc2ccccn2)cc1,0.29714285714285715,0,0.001007951333609094
CNCCc1ccccn1,0,c1ccncc1,CN(C)CCOC(C)(c1ccccc1)c1ccccn1,0,c1ccc(Cc2ccccn2)cc1,0.2702341137123746,0,0.001135657926379504
CNCCc1ccccn1,0,c1ccncc1,CN(C)CCC(c1ccc(Cl)cc1)c1ccccn1,0,c1ccc(Cc2ccccn2)cc1,0.2642553191489362,0,0.000611516789549044
CNCCc1ccccn1,0,c1ccncc1,CNC(C)(C)Cc1ccccc1,0,c1ccccc1,0.25517241379310346,0,0.007269887735362935
ClCc1ccccn1,1,c1ccncc1,CNCCc1ccccn1,0,c1ccncc1,0.4785145888594165,1,0.9860185443865542
ClCc1ccccn1,1,c1ccncc1,CN(C)CCC(c1ccccc1)c1ccccn1,0,c1ccc(Cc2ccccn2)cc1,0.30899830220713076,1,0.9880315761262926
ClCc1ccccn1,1,c1ccncc1,CN(C)CCC(c1ccc(Cl)cc1)c1ccccn1,0,c1ccc(Cc2ccccn2)cc1,0.3028571428571428,1,0.9804169454453473
ClCc1ccccn1,1,c1ccncc1,CN(C)CCOC(c1ccc(Cl)cc1)c1ccccn1,0,c1ccc(Cc2ccccn2)cc1,0.2817543859649123,1,0.9825829202205473
CCC1(c2ccccc2)C(=O)N=C(O)NC1=O,1,O=C1N=CNC(=O)C1c1ccccc1,Cc1c(O)c(=O)n(-c2ccccc2)n1C,0,O=c1cc[nH]n1-c1ccccc1,0.20555555555555557,1,0.937452996242912
CCC1(c2ccccc2)C(=O)N=C(O)NC1=O,1,O=C1N=CNC(=O)C1c1ccccc1,CCCOc1ccccc1-c1nc(=O)c2[nH]nnc2[nH]1,0,O=c1nc(-c2ccccc2)[nH]c2nn[nH]c12,0.19988479262672812,1,0.9838548522331707
CCC1(c2ccccc2)C(=O)N=C(O)NC1=O,1,O=C1N=CNC(=O)C1c1ccccc1,CC(C)=CCC/C(C)=C/CC1=C(C)C(=O)c2ccccc2C1=O,0,O=C1C=CC(=O)c2ccccc21,0.19582577132486392,1,0.9642748527761532
CCC1(c2ccccc2)C(=O)N=C(O)NC1=O,1,O=C1N=CNC(=O)C1c1ccccc1,Nc1c(O)cccc1C(=O)CC(N)C(=O)O,0,c1ccccc1,0.19349658771577682,1,0.9721663343289848
C1CCC(C(CC2CCCCN2)C2CCCCC2)CC1,0,C1CCC(C(CC2CCCCN2)C2CCCCC2)CC1,c1ccc2c3c([nH]c2c1)[C@H]1C2CCC([C@@H]4CCCN[C@H]24)N1CC3,0,c1ccc2c3c([nH]c2c1)C1C2CCC(C4CCCNC42)N1CC3,0.1507513661202186,0,0.002297493611176424
C1CCC(C(CC2CCCCN2)C2CCCCC2)CC1,0,C1CCC(C(CC2CCCCN2)C2CCCCC2)CC1,CN1[C@@H](CC(=O)c2ccccc2)CCC[C@H]1C[C@H](O)c1ccccc1,0,O=C(CC1CCCC(CCc2ccccc2)N1)c1ccccc1,0.13099778270509976,0,0.005707832552323574
C1CCC(C(CC2CCCCN2)C2CCCCC2)CC1,0,C1CCC(C(CC2CCCCN2)C2CCCCC2)CC1,CN1C2CCCC1CC(=O)C2,0,O=C1CC2CCCC(C1)N2,0.12325375773651635,0,0.01018992288193722
C1CCC(C(CC2CCCCN2)C2CCCCC2)CC1,0,C1CCC(C(CC2CCCCN2)C2CCCCC2)CC1,S=C(NC1CCCCC1)N1CCC(C2C=NC=N2)CC1,0,S=C(NC1CCCCC1)N1CCC(C2C=NC=N2)CC1,0.1223083548664944,0,0.0031682042920895956
CC(Cc1ccccc1)NCCC(c1ccccc1)c1ccccc1,0,c1ccc(CCNCCC(c2ccccc2)c2ccccc2)cc1,CNC(C)(C)Cc1ccccc1,0,c1ccccc1,0.3130604288499026,0,0.04066417099844568
CC(Cc1ccccc1)NCCC(c1ccccc1)c1ccccc1,0,c1ccc(CCNCCC(c2ccccc2)c2ccccc2)cc1,CN(C)CCC(c1ccccc1)c1ccccn1,0,c1ccc(Cc2ccccn2)cc1,0.27726495726495726,0,0.029047965263807506
CC(Cc1ccccc1)NCCC(c1ccccc1)c1ccccc1,0,c1ccc(CCNCCC(c2ccccc2)c2ccccc2)cc1,O=C(O)CNC(=O)C(CS)Cc1ccccc1,0,c1ccccc1,0.26329625884732055,0,0.003426976652136962
CC(Cc1ccccc1)NCCC(c1ccccc1)c1ccccc1,0,c1ccc(CCNCCC(c2ccccc2)c2ccccc2)cc1,CC(C)NC[C@@H](O)c1ccc(O)c(O)c1,0,c1ccccc1,0.23861892583120203,0,0.03960303788773026
O=C(O)[C@H](O)[C@@H](O)[C@H](O[C@@H]1O[C@H](CO)[C@H](O)[C@H](O)[C@H]1O)[C@H](O)CO,0,C1CCOCC1,CC(=O)N[C@@H]1[C@@H](O[C@H](C)C(=O)O)[C@H](O)[C@@H](CO)O[C@@H]1O,0,C1CCOCC1,0.3333333333333333,0,0.00048006539995901936
O=C(O)[C@H](O)[C@@H](O)[C@H](O[C@@H]1O[C@H](CO)[C@H](O)[C@H](O)[C@H]1O)[C@H](O)CO,0,C1CCOCC1,CN(N=O)C(=O)N[C@@H]1[C@@H](O)[C@H](O)[C@@H](CO)O[C@@H]1O,0,C1CCOCC1,0.26507177033492824,0,0.00022097659576492302
O=C(O)[C@H](O)[C@@H](O)[C@H](O[C@@H]1O[C@H](CO)[C@H](O)[C@H](O)[C@H]1O)[C@H](O)CO,0,C1CCOCC1,NC[C@@H]1O[C@H](O[C@H]2[C@@H](O)[C@H](O[C@@H]3[C@@H](O)[C@H](N)C[C@H](N)[C@H]3O[C@H]3O[C@H](CN)[C@@H](O)[C@H](O)[C@H]3N)O[C@@H]2CO)[C@H](N)[C@@H](O)[C@@H]1O,0,C1CCC(OC2COC(OC3CCCCC3OC3CCCCO3)C2)OC1,0.26297335203366057,0,7.840550678167353e-06
O=C(O)[C@H](O)[C@@H](O)[C@H](O[C@@H]1O[C@H](CO)[C@H](O)[C@H](O)[C@H]1O)[C@H](O)CO,0,C1CCOCC1,CN[C@@H]1[C@H](O[C@H]2[C@H](O[C@@H]3[C@@H](O)[C@H](O)[C@@H](NC(=N)N)[C@H](O)[C@H]3NC(=N)N)O[C@@H](C)[C@]2(O)C=O)O[C@@H](CO)[C@H](O)[C@H]1O,0,C1CCC(OC2OCCC2OC2CCCCO2)CC1,0.23508771929824562,0,0.0002819829886887033
CC(=O)N[C@@H]1[C@@H](O[C@H](C)C(=O)O)[C@H](O)[C@@H](CO)O[C@@H]1O,0,C1CCOCC1,CN(N=O)C(=O)N[C@@H]1[C@@H](O)[C@H](O)[C@@H](CO)O[C@@H]1O,0,C1CCOCC1,0.43846153846153846,0,9.002731849019861e-05
CC(=O)N[C@@H]1[C@@H](O[C@H](C)C(=O)O)[C@H](O)[C@@H](CO)O[C@@H]1O,0,C1CCOCC1,O=C(O)[C@H](O)[C@@H](O)[C@H](O[C@@H]1O[C@H](CO)[C@H](O)[C@H](O)[C@H]1O)[C@H](O)CO,0,C1CCOCC1,0.3333333333333333,0,2.6158981720165067e-05
CC(=O)N[C@@H]1[C@@H](O[C@H](C)C(=O)O)[C@H](O)[C@@H](CO)O[C@@H]1O,0,C1CCOCC1,CN[C@@H]1[C@H](O[C@H]2[C@H](O[C@@H]3[C@@H](O)[C@H](O)[C@@H](NC(=N)N)[C@H](O)[C@H]3NC(=N)N)O[C@@H](C)[C@]2(O)C=O)O[C@@H](CO)[C@H](O)[C@H]1O,0,C1CCC(OC2OCCC2OC2CCCCO2)CC1,0.2492359932088285,0,5.286165454085255e-06
CC(=O)N[C@@H]1[C@@H](O[C@H](C)C(=O)O)[C@H](O)[C@@H](CO)O[C@@H]1O,0,C1CCOCC1,CN[C@@H]1[C@H](O[C@H]2[C@H](O[C@@H]3[C@@H](O)[C@H](O)[C@@H](NC(=N)N)[C@H](O)[C@H]3NC(=N)N)O[C@@H](C)[C@]2(O)CO)O[C@@H](CO)[C@H](O)[C@H]1O,0,C1CCC(OC2OCCC2OC2CCCCO2)CC1,0.24428475185268358,0,2.115492246301385e-06
CN(N=O)C(=O)N[C@@H]1[C@@H](O)[C@H](O)[C@@H](CO)O[C@@H]1O,0,C1CCOCC1,CC(=O)N[C@@H]1[C@@H](O[C@H](C)C(=O)O)[C@H](O)[C@@H](CO)O[C@@H]1O,0,C1CCOCC1,0.43846153846153846,0,0.014626805868812254
CN(N=O)C(=O)N[C@@H]1[C@@H](O)[C@H](O)[C@@H](CO)O[C@@H]1O,0,C1CCOCC1,O=C(O)[C@H](O)[C@@H](O)[C@H](O[C@@H]1O[C@H](CO)[C@H](O)[C@H](O)[C@H]1O)[C@H](O)CO,0,C1CCOCC1,0.26507177033492824,0,0.006414369665228015
CN(N=O)C(=O)N[C@@H]1[C@@H](O)[C@H](O)[C@@H](CO)O[C@@H]1O,0,C1CCOCC1,CN[C@@H]1[C@H](O[C@H]2[C@H](O[C@@H]3[C@@H](O)[C@H](O)[C@@H](NC(=N)N)[C@H](O)[C@H]3NC(=N)N)O[C@@H](C)[C@]2(O)C=O)O[C@@H](CO)[C@H](O)[C@H]1O,0,C1CCC(OC2OCCC2OC2CCCCO2)CC1,0.2538332131699111,0,0.021380256011603066
CN(N=O)C(=O)N[C@@H]1[C@@H](O)[C@H](O)[C@@H](CO)O[C@@H]1O,0,C1CCOCC1,CN[C@@H]1[C@H](O[C@H]2[C@H](O[C@@H]3[C@@H](O)[C@H](O)[C@@H](NC(=N)N)[C@H](O)[C@H]3NC(=N)N)O[C@@H](C)[C@]2(O)CO)O[C@@H](CO)[C@H](O)[C@H]1O,0,C1CCC(OC2OCCC2OC2CCCCO2)CC1,0.24857142857142855,0,0.008737957321513558
COc1ccn(C)c(=O)c1C#N,0,O=c1cccc[nH]1,COc1cc2ccc(=O)oc2cc1O,0,O=c1ccc2ccccc2o1,0.24364429896344791,0,0.005899877114427802
COc1ccn(C)c(=O)c1C#N,0,O=c1cccc[nH]1,COc1cc(=O)n(C)c2c(OCC(O)C(C)(C)O)cccc12,0,O=c1ccc2ccccc2[nH]1,0.23840125391849531,0,0.0017765573356476366
COc1ccn(C)c(=O)c1C#N,0,O=c1cccc[nH]1,COc1ccc2c(OC)c3ccoc3nc2c1OC,0,c1ccc2nc3occc3cc2c1,0.20864864864864868,0,0.00020360756486754753
COc1ccn(C)c(=O)c1C#N,0,O=c1cccc[nH]1,COc1cc(/C=C/C(=O)N2CCC=CC2=O)cc(OC)c1OC,0,O=C1C=CCCN1C(=O)C=Cc1ccccc1,0.20813439434129088,0,9.325434719822502e-05
CC1(C)[C@@H](OC(=O)CCC(=O)O)CC[C@]2(C)[C@H]3C(=O)C=C4[C@@H]5C[C@@](C)(C(=O)O)CC[C@]5(C)CC[C@@]4(C)[C@]3(C)CC[C@@H]12,0,O=C1C=C2C3CCCCC3CCC2C2CCC3CCCCC3C12,C[C@H]1[C@H](C)CC[C@]2(C(=O)O)CC[C@]3(C)C(=CC[C@@H]4[C@@]5(C)CC[C@H](O)C(C)(C)[C@@H]5CC[C@]43C)[C@H]12,0,C1=C2C3CCCCC3CCC2C2CCC3CCCCC3C2C1,0.3227168234064786,0,0.0046807206477625036
CC1(C)[C@@H](OC(=O)CCC(=O)O)CC[C@]2(C)[C@H]3C(=O)C=C4[C@@H]5C[C@@](C)(C(=O)O)CC[C@]5(C)CC[C@@]4(C)[C@]3(C)CC[C@@H]12,0,O=C1C=C2C3CCCCC3CCC2C2CCC3CCCCC3C12,C=C(C)[C@@H]1CC[C@]2(C(=O)O)CC[C@]3(C)[C@H](CC[C@@H]4[C@@]5(C)CC[C@H](O)C(C)(C)[C@@H]5CC[C@]43C)[C@@H]12,0,C1CCC2C(C1)CCC1C2CCC2C3CCCC3CCC21,0.24855144855144856,0,0.0046807206477625036
CC1(C)[C@@H](OC(=O)CCC(=O)O)CC[C@]2(C)[C@H]3C(=O)C=C4[C@@H]5C[C@@](C)(C(=O)O)CC[C@]5(C)CC[C@@]4(C)[C@]3(C)CC[C@@H]12,0,O=C1C=C2C3CCCCC3CCC2C2CCC3CCCCC3C12,C[C@H](CCC(=O)O)[C@H]1CC[C@H]2[C@@H]3CC[C@@H]4C[C@H](O)CC[C@]4(C)[C@H]3CC[C@]12C,0,C1CCC2C(C1)CCC1C3CCCC3CCC21,0.21407407407407408,0,0.007554150349437035
CC1(C)[C@@H](OC(=O)CCC(=O)O)CC[C@]2(C)[C@H]3C(=O)C=C4[C@@H]5C[C@@](C)(C(=O)O)CC[C@]5(C)CC[C@@]4(C)[C@]3(C)CC[C@@H]12,0,O=C1C=C2C3CCCCC3CCC2C2CCC3CCCCC3C12,C=C(C)[C@@H]1CC[C@]2(CO)CC[C@]3(C)[C@H](CC[C@@H]4[C@@]5(C)CC[C@H](O)C(C)(C)[C@@H]5CC[C@]43C)[C@@H]12,0,C1CCC2C(C1)CCC1C2CCC2C3CCCC3CCC21,0.19511823035850498,0,0.030613735583083453
NC[C@@H]1O[C@H](O[C@H]2[C@@H](O)[C@H](O[C@@H]3[C@@H](O)[C@H](N)C[C@H](N)[C@H]3O[C@H]3O[C@H](CN)[C@@H](O)[C@H](O)[C@H]3N)O[C@@H]2CO)[C@H](N)[C@@H](O)[C@@H]1O,0,C1CCC(OC2COC(OC3CCCCC3OC3CCCCO3)C2)OC1,CN[C@H]1[C@@H](O)[C@H](O[C@H]2[C@@H](O)[C@@H](OC3OC(CN)=CCC3N)[C@H](N)C[C@@H]2N)OC[C@@]1(C)O,0,C1=COC(OC2CCCC(OC3CCCCO3)C2)CC1,0.2718974358974359,0,1.2835987335985097e-05
NC[C@@H]1O[C@H](O[C@H]2[C@@H](O)[C@H](O[C@@H]3[C@@H](O)[C@H](N)C[C@H](N)[C@H]3O[C@H]3O[C@H](CN)[C@@H](O)[C@H](O)[C@H]3N)O[C@@H]2CO)[C@H](N)[C@@H](O)[C@@H]1O,0,C1CCC(OC2COC(OC3CCCCC3OC3CCCCO3)C2)OC1,O=C(O)[C@H](O)[C@@H](O)[C@H](O[C@@H]1O[C@H](CO)[C@H](O)[C@H](O)[C@H]1O)[C@H](O)CO,0,C1CCOCC1,0.26297335203366057,0,0.0004511348619142309
NC[C@@H]1O[C@H](O[C@H]2[C@@H](O)[C@H](O[C@@H]3[C@@H](O)[C@H](N)C[C@H](N)[C@H]3O[C@H]3O[C@H](CN)[C@@H](O)[C@H](O)[C@H]3N)O[C@@H]2CO)[C@H](N)[C@@H](O)[C@@H]1O,0,C1CCC(OC2COC(OC3CCCCC3OC3CCCCO3)C2)OC1,CN[C@@H]1[C@@H](O)[C@@H](O[C@@H]2[C@@H](O)[C@H](O[C@H]3O[C@H]([C@@H](C)NC)CC[C@H]3N)[C@@H](N)C[C@H]2N)OC[C@]1(C)O,0,C1CCC(OC2CCCC(OC3CCCCO3)C2)OC1,0.2613877551020408,0,2.0754252776620346e-05
NC[C@@H]1O[C@H](O[C@H]2[C@@H](O)[C@H](O[C@@H]3[C@@H](O)[C@H](N)C[C@H](N)[C@H]3O[C@H]3O[C@H](CN)[C@@H](O)[C@H](O)[C@H]3N)O[C@@H]2CO)[C@H](N)[C@@H](O)[C@@H]1O,0,C1CCC(OC2COC(OC3CCCCC3OC3CCCCO3)C2)OC1,CN[C@@H]1[C@H](O[C@H]2[C@H](O[C@@H]3[C@@H](O)[C@H](O)[C@@H](NC(=N)N)[C@H](O)[C@H]3NC(=N)N)O[C@@H](C)[C@]2(O)CO)O[C@@H](CO)[C@H](O)[C@H]1O,0,C1CCC(OC2OCCC2OC2CCCCO2)CC1,0.2608484848484849,0,0.006017175808783502
C[C@H]1CC[C@@H]2[C@@H](C)[C@H]3[C@H](C[C@H]4[C@@H]5CC=C6C[C@@H](O[C@@H]7O[C@H](CO)[C@H](O)[C@H](O[C@@H]8O[C@H](CO)[C@@H](O)[C@H](O)[C@H]8O)[C@H]7O[C@@H]7O[C@@H](C)[C@H](O)[C@@H](O)[C@H]7O)CC[C@]6(C)[C@H]5CC[C@]34C)N2C1,0,C1=C2CC(OC3OCCC(OC4CCCCO4)C3OC3CCCCO3)CCC2C2CCC3C(CC4C3CC3CCCCN34)C2C1,C[C@@H]1CC[C@@]2(NC1)O[C@H]1C[C@H]3[C@@H]4CC=C5C[C@@H](O)CC[C@]5(C)[C@H]4CC[C@]3(C)[C@H]1[C@@H]2C,0,C1=C2CCCCC2C2CCC3C4CC5(CCCCN5)OC4CC3C2C1,0.34588443919018763,0,5.996733952045732e-06
C[C@H]1CC[C@@H]2[C@@H](C)[C@H]3[C@H](C[C@H]4[C@@H]5CC=C6C[C@@H](O[C@@H]7O[C@H](CO)[C@H](O)[C@H](O[C@@H]8O[C@H](CO)[C@@H](O)[C@H](O)[C@H]8O)[C@H]7O[C@@H]7O[C@@H](C)[C@H](O)[C@@H](O)[C@H]7O)CC[C@]6(C)[C@H]5CC[C@]34C)N2C1,0,C1=C2CC(OC3OCCC(OC4CCCCO4)C3OC3CCCCO3)CCC2C2CCC3C(CC4C3CC3CCCCN34)C2C1,CC[C@H](CC[C@@H](C)[C@H]1CC[C@H]2[C@@H]3CC=C4C[C@@H](O)CC[C@]4(C)[C@H]3CC[C@]12C)C(C)C,0,C1=C2CCCCC2C2CCC3CCCC3C2C1,0.3008113590263692,0,2.5258291674073228e-05
C[C@H]1CC[C@@H]2[C@@H](C)[C@H]3[C@H](C[C@H]4[C@@H]5CC=C6C[C@@H](O[C@@H]7O[C@H](CO)[C@H](O)[C@H](O[C@@H]8O[C@H](CO)[C@@H](O)[C@H](O)[C@H]8O)[C@H]7O[C@@H]7O[C@@H](C)[C@H](O)[C@@H](O)[C@H]7O)CC[C@]6(C)[C@H]5CC[C@]34C)N2C1,0,C1=C2CC(OC3OCCC(OC4CCCCO4)C3OC3CCCCO3)CCC2C2CCC3C(CC4C3CC3CCCCN34)C2C1,NC[C@@H]1O[C@H](O[C@H]2[C@@H](O)[C@H](O[C@@H]3[C@@H](O)[C@H](N)C[C@H](N)[C@H]3O[C@H]3O[C@H](CN)[C@@H](O)[C@H](O)[C@H]3N)O[C@@H]2CO)[C@H](N)[C@@H](O)[C@@H]1O,0,C1CCC(OC2COC(OC3CCCCC3OC3CCCCO3)C2)OC1,0.22255389718076285,0,6.508163128229366e-08
C[C@H]1CC[C@@H]2[C@@H](C)[C@H]3[C@H](C[C@H]4[C@@H]5CC=C6C[C@@H](O[C@@H]7O[C@H](CO)[C@H](O)[C@H](O[C@@H]8O[C@H](CO)[C@@H](O)[C@H](O)[C@H]8O)[C@H]7O[C@@H]7O[C@@H](C)[C@H](O)[C@@H](O)[C@H]7O)CC[C@]6(C)[C@H]5CC[C@]34C)N2C1,0,C1=C2CC(OC3OCCC(OC4CCCCO4)C3OC3CCCCO3)CCC2C2CCC3C(CC4C3CC3CCCCN34)C2C1,CN[C@@H]1[C@H](O[C@H]2[C@H](O[C@@H]3[C@@H](O)[C@H](O)[C@@H](NC(=N)N)[C@H](O)[C@H]3NC(=N)N)O[C@@H](C)[C@]2(O)CO)O[C@@H](CO)[C@H](O)[C@H]1O,0,C1CCC(OC2OCCC2OC2CCCCO2)CC1,0.22005050505050505,0,3.1466888964105033e-06
Cn1cc(C(=O)O)c(=O)c2ccc(/C=C/c3ccc([N+](=O)[O-])o3)nc21,1,O=c1cc[nH]c2nc(C=Cc3ccco3)ccc12,O=C1CN(/N=C/c2ccc(-c3ccc([N+](=O)[O-])cc3)o2)C(O)=N1,0,O=C1CN(N=Cc2ccc(-c3ccccc3)o2)C=N1,0.22229654403567448,1,0.994935943768257
Cn1cc(C(=O)O)c(=O)c2ccc(/C=C/c3ccc([N+](=O)[O-])o3)nc21,1,O=c1cc[nH]c2nc(C=Cc3ccco3)ccc12,Cn1cnc([N+](=O)[O-])c1Sc1ncnc2[nH]cnc12,0,c1nc(Sc2cnc[nH]2)c2nc[nH]c2n1,0.18545454545454548,1,0.8891602508645537
Cn1cc(C(=O)O)c(=O)c2ccc(/C=C/c3ccc([N+](=O)[O-])o3)nc21,1,O=c1cc[nH]c2nc(C=Cc3ccco3)ccc12,CC(=O)c1cc2ccccc2oc1=O,0,O=c1ccc2ccccc2o1,0.17927125506072877,1,0.9421162714342476
Cn1cc(C(=O)O)c(=O)c2ccc(/C=C/c3ccc([N+](=O)[O-])o3)nc21,1,O=c1cc[nH]c2nc(C=Cc3ccco3)ccc12,CC(=O)Nc1cc2ccccc2oc1=O,0,O=c1ccc2ccccc2o1,0.16143453696880372,1,0.9130457605988803
C=C(NC(=O)C(=C)NC(=O)c1csc(C2=N[C@H]3c4csc(n4)[C@H]4NC(=O)c5csc(n5)[C@H]([C@@](C)(O)[C@@H](C)O)NC(=O)[C@H]5CSC(=N5)/C(=C\C)NC(=O)[C@H]([C@@H](C)O)NC(=O)c5csc(n5)[C@]3(CC2)NC(=O)[C@H](C)NC(=O)C(=C)NC(=O)[C@H](C)NC(=O)[C@H](C(C)CC)N[C@@H]2C=Cc3c([C@H](C)O)cc(nc3[C@H]2O)C(=O)O[C@@H]4C)n1)C(N)=O,0,C=C1NC(=O)CNC(=O)CNC2C=Cc3ccc(nc3C2)C(=O)OCC2NC(=O)c3csc(n3)CNC(=O)C3CSC(=N3)C(=C)NC(=O)CNC(=O)c3csc(n3)C3(CCC(c4nccs4)=NC3c3csc2n3)NC(=O)CNC1=O,CCC(C)N1CCC2(CC1)N=C1C(=C3NC(=O)/C(C)=C/C=C/[C@H](C)[C@H](O)[C@@H](C)[C@@H](O)[C@@H](C)[C@H](OC(C)=O)[C@H](C)[C@@H](OC)/C=C/O[C@@]4(C)Oc5c(C)c(O)c(c1c5C4=O)C3=O)N2,0,O=C1C=CC=CCCCCCCCCC=COC2Oc3ccc4c(c3C2=O)C2=NC3(CCNCC3)NC2=C(N1)C4=O,0.13772687224669605,0,2.0753114965254497e-10
C=C(NC(=O)C(=C)NC(=O)c1csc(C2=N[C@H]3c4csc(n4)[C@H]4NC(=O)c5csc(n5)[C@H]([C@@](C)(O)[C@@H](C)O)NC(=O)[C@H]5CSC(=N5)/C(=C\C)NC(=O)[C@H]([C@@H](C)O)NC(=O)c5csc(n5)[C@]3(CC2)NC(=O)[C@H](C)NC(=O)C(=C)NC(=O)[C@H](C)NC(=O)[C@H](C(C)CC)N[C@@H]2C=Cc3c([C@H](C)O)cc(nc3[C@H]2O)C(=O)O[C@@H]4C)n1)C(N)=O,0,C=C1NC(=O)CNC(=O)CNC2C=Cc3ccc(nc3C2)C(=O)OCC2NC(=O)c3csc(n3)CNC(=O)C3CSC(=N3)C(=C)NC(=O)CNC(=O)c3csc(n3)C3(CCC(c4nccs4)=NC3c3csc2n3)NC(=O)CNC1=O,CC(C)CCCCC(=O)NC(CCN)C(=O)NC(C(=O)NC(CCN)C(=O)NC1CCNC(=O)C(C(C)O)NC(=O)C(CCN)NC(=O)C(CCN)NC(=O)C(C(C)C)CNC(=O)C(CC(C)C)NC(=O)C(CCN)NC1=O)C(C)O,0,O=C1CCCNC(=O)CNC(=O)CNC(=O)CNC(=O)CCNC(=O)CNC(=O)CN1,0.13196906219787302,0,3.605682154893678e-08
C=C(NC(=O)C(=C)NC(=O)c1csc(C2=N[C@H]3c4csc(n4)[C@H]4NC(=O)c5csc(n5)[C@H]([C@@](C)(O)[C@@H](C)O)NC(=O)[C@H]5CSC(=N5)/C(=C\C)NC(=O)[C@H]([C@@H](C)O)NC(=O)c5csc(n5)[C@]3(CC2)NC(=O)[C@H](C)NC(=O)C(=C)NC(=O)[C@H](C)NC(=O)[C@H](C(C)CC)N[C@@H]2C=Cc3c([C@H](C)O)cc(nc3[C@H]2O)C(=O)O[C@@H]4C)n1)C(N)=O,0,C=C1NC(=O)CNC(=O)CNC2C=Cc3ccc(nc3C2)C(=O)OCC2NC(=O)c3csc(n3)CNC(=O)C3CSC(=N3)C(=C)NC(=O)CNC(=O)c3csc(n3)C3(CCC(c4nccs4)=NC3c3csc2n3)NC(=O)CNC1=O,CO[C@@]1(NC(=O)Cc2cccs2)C(=O)N2C(C(=O)O)=C(COC(N)=O)CS[C@@H]21,0,O=C(Cc1cccs1)NC1C(=O)N2C=CCSC12,0.1144,0,4.30778277465392e-07
C=C(NC(=O)C(=C)NC(=O)c1csc(C2=N[C@H]3c4csc(n4)[C@H]4NC(=O)c5csc(n5)[C@H]([C@@](C)(O)[C@@H](C)O)NC(=O)[C@H]5CSC(=N5)/C(=C\C)NC(=O)[C@H]([C@@H](C)O)NC(=O)c5csc(n5)[C@]3(CC2)NC(=O)[C@H](C)NC(=O)C(=C)NC(=O)[C@H](C)NC(=O)[C@H](C(C)CC)N[C@@H]2C=Cc3c([C@H](C)O)cc(nc3[C@H]2O)C(=O)O[C@@H]4C)n1)C(N)=O,0,C=C1NC(=O)CNC(=O)CNC2C=Cc3ccc(nc3C2)C(=O)OCC2NC(=O)c3csc(n3)CNC(=O)C3CSC(=N3)C(=C)NC(=O)CNC(=O)c3csc(n3)C3(CCC(c4nccs4)=NC3c3csc2n3)NC(=O)CNC1=O,CC(=O)OCC1=C(C(=O)O)N2C(=O)[C@@H](NC(=O)Cc3cccs3)[C@H]2SC1,0,O=C(Cc1cccs1)NC1C(=O)N2C=CCSC12,0.10505050505050506,0,4.3189688549339693e-07
Nc1nc2c(ncn2[C@H]2CC(O)[C@@H](CO)O2)c(=S)[nH]1,1,S=c1[nH]cnc2c1ncn2C1CCCO1,Nc1ncnc2c1ncn2C1O[C@H](CO)[C@@H](O)[C@@H]1O,0,c1ncc2ncn(C3CCCO3)c2n1,0.4009408602150538,1,0.9613698946571395
Nc1nc2c(ncn2[C@H]2CC(O)[C@@H](CO)O2)c(=S)[nH]1,1,S=c1[nH]cnc2c1ncn2C1CCCO1,Nc1ncn(C2O[C@H](CO)[C@@H](O)[C@H]2O)c(=O)n1,0,O=c1ncncn1C1CCCO1,0.35668202764976953,1,0.9673484756118852
Nc1nc2c(ncn2[C@H]2CC(O)[C@@H](CO)O2)c(=S)[nH]1,1,S=c1[nH]cnc2c1ncn2C1CCCO1,CNc1ncnc2c1ncn2[C@@H]1O[C@H](CO)[C@@H](O)[C@H]1O,0,c1ncc2ncn(C3CCCO3)c2n1,0.34486391571554,1,0.9613698946571395
Nc1nc2c(ncn2[C@H]2CC(O)[C@@H](CO)O2)c(=S)[nH]1,1,S=c1[nH]cnc2c1ncn2C1CCCO1,Nc1nc2[nH]nnc2c(=O)[nH]1,0,O=c1[nH]cnc2[nH]nnc12,0.19237203077952494,1,0.9865295402095339
CO[C@@]1(NC(=O)CSCC#N)C(=O)N2C(C(=O)O)=C(CSc3nnnn3C)CS[C@@H]21,0,O=C1CC2SCC(CSc3nnn[nH]3)=CN12,CO[C@@]1(NC(=O)[C@H](C(=O)O)c2ccc(O)cc2)C(=O)N2C(C(=O)O)=C(CSc3nnnn3C)CO[C@@H]21,0,O=C(Cc1ccccc1)NC1C(=O)N2C=C(CSc3nnn[nH]3)COC12,0.5089878542510122,0,1.165869231803807e-05
CO[C@@]1(NC(=O)CSCC#N)C(=O)N2C(C(=O)O)=C(CSc3nnnn3C)CS[C@@H]21,0,O=C1CC2SCC(CSc3nnn[nH]3)=CN12,Cn1nnnc1SCC1=C(C(=O)O)N2C(=O)[C@@H](NC(=O)[C@H](O)c3ccccc3)[C@H]2SC1,0,O=C(Cc1ccccc1)NC1C(=O)N2C=C(CSc3nnn[nH]3)CSC12,0.4650811874692472,0,1.5404088599816618e-06
CO[C@@]1(NC(=O)CSCC#N)C(=O)N2C(C(=O)O)=C(CSc3nnnn3C)CS[C@@H]21,0,O=C1CC2SCC(CSc3nnn[nH]3)=CN12,CO[C@@]1(NC(=O)Cc2cccs2)C(=O)N2C(C(=O)O)=C(COC(N)=O)CS[C@@H]21,0,O=C(Cc1cccs1)NC1C(=O)N2C=CCSC12,0.44218905472636816,0,3.0650368691065518e-06
CO[C@@]1(NC(=O)CSCC#N)C(=O)N2C(C(=O)O)=C(CSc3nnnn3C)CS[C@@H]21,0,O=C1CC2SCC(CSc3nnn[nH]3)=CN12,CC(=O)OCC1=C(C(=O)O)N2C(=O)[C@@H](NC(=O)Cc3cccs3)[C@H]2SC1,0,O=C(Cc1cccs1)NC1C(=O)N2C=CCSC12,0.27257478333799273,0,1.8207762634811222e-07
c1ccc2nc(N3CCNCC3)ccc2c1,0,c1ccc2nc(N3CCNCC3)ccc2c1,CC(=O)c1cc2ccccc2oc1=O,0,O=c1ccc2ccccc2o1,0.2036036036036036,0,0.010090709010010308
c1ccc2nc(N3CCNCC3)ccc2c1,0,c1ccc2nc(N3CCNCC3)ccc2c1,CN1CC[C@]23c4ccccc4N[C@H]1[C@]21CCN(C)[C@H]3Nc2ccccc21,0,c1ccc2c(c1)NC1NCCC23C2NCCC13c1ccccc1N2,0.19333333333333336,0,4.6659700190464665e-05
c1ccc2nc(N3CCNCC3)ccc2c1,0,c1ccc2nc(N3CCNCC3)ccc2c1,CC(=O)Nc1cc2ccccc2oc1=O,0,O=c1ccc2ccccc2o1,0.19049019607843137,0,0.006533311554513829
c1ccc2nc(N3CCNCC3)ccc2c1,0,c1ccc2nc(N3CCNCC3)ccc2c1,COc1c2c(nc3ccccc13)OC(C(C)(O)CO)C2,0,c1ccc2nc3c(cc2c1)CCO3,0.1886067261496225,0,0.025586468938186765
CCC(=O)O[C@@H]1CC(=O)O[C@H](C)C/C=C/C=C/[C@@H](O)[C@H](C)C[C@H](CC=O)[C@H](O[C@H]2O[C@H](C)[C@@H](O[C@H]3C[C@@](C)(O)[C@@H](OC(=O)CC)[C@H](C)O3)[C@H](N(C)C)[C@H]2O)[C@H]1OC,0,O=C1CCCC(OC2CCC(OC3CCCCO3)CO2)CCCCC=CC=CCCO1,CC1/C=C/C=C/CC/C=C/C=C/C=C/C=C/C(O[C@@H]2O[C@H](C)[C@@H](O)[C@H](N)[C@@H]2O)CC(O)C(C(=O)O)C(O)CC(=O)CC(O)C(O)CCC(O)CC(O)CC(O)CC(=O)OC(C)C(C)C1O,0,O=C1CCCCCCCCCCCC(=O)OCCCCC=CC=CCCC=CC=CC=CC=CC(OC2CCCCO2)CCCCC1,0.2430388949472919,0,0.006118525255802049
CCC(=O)O[C@@H]1CC(=O)O[C@H](C)C/C=C/C=C/[C@@H](O)[C@H](C)C[C@H](CC=O)[C@H](O[C@H]2O[C@H](C)[C@@H](O[C@H]3C[C@@](C)(O)[C@@H](OC(=O)CC)[C@H](C)O3)[C@H](N(C)C)[C@H]2O)[C@H]1OC,0,O=C1CCCC(OC2CCC(OC3CCCCO3)CO2)CCCCC=CC=CCCO1,CN[C@H]1[C@@H](O)[C@H](O[C@H]2[C@@H](O)[C@@H](OC3OC(CN)=CCC3N)[C@H](N)C[C@@H]2N)OC[C@@]1(C)O,0,C1=COC(OC2CCCC(OC3CCCCO3)C2)CC1,0.18350877192982457,0,0.00151381489148153
CCC(=O)O[C@@H]1CC(=O)O[C@H](C)C/C=C/C=C/[C@@H](O)[C@H](C)C[C@H](CC=O)[C@H](O[C@H]2O[C@H](C)[C@@H](O[C@H]3C[C@@](C)(O)[C@@H](OC(=O)CC)[C@H](C)O3)[C@H](N(C)C)[C@H]2O)[C@H]1OC,0,O=C1CCCC(OC2CCC(OC3CCCCO3)CO2)CCCCC=CC=CCCO1,C[C@H]1CC[C@@H]2[C@@H](C)[C@H]3[C@H](C[C@H]4[C@@H]5CC=C6C[C@@H](O[C@@H]7O[C@H](CO)[C@H](O)[C@H](O[C@@H]8O[C@H](CO)[C@@H](O)[C@H](O)[C@H]8O)[C@H]7O[C@@H]7O[C@@H](C)[C@H](O)[C@@H](O)[C@H]7O)CC[C@]6(C)[C@H]5CC[C@]34C)N2C1,0,C1=C2CC(OC3OCCC(OC4CCCCO4)C3OC3CCCCO3)CCC2C2CCC3C(CC4C3CC3CCCCN34)C2C1,0.18174603174603177,0,0.001969158243850066
CCC(=O)O[C@@H]1CC(=O)O[C@H](C)C/C=C/C=C/[C@@H](O)[C@H](C)C[C@H](CC=O)[C@H](O[C@H]2O[C@H](C)[C@@H](O[C@H]3C[C@@](C)(O)[C@@H](OC(=O)CC)[C@H](C)O3)[C@H](N(C)C)[C@H]2O)[C@H]1OC,0,O=C1CCCC(OC2CCC(OC3CCCCO3)CO2)CCCCC=CC=CCCO1,CCN1C[C@]2(C)CC[C@H](OC)[C@@]34C1[C@]1(OCO[C@@]15C[C@H](OC)[C@H]1C[C@]3(O)[C@@H]5[C@H]1OC)[C@@H](OC(C)=O)[C@H]24,0,C1CC2CNC3C4(C1)C2CC31OCOC12CCC1CC4C2C1,0.17246963562753037,0,0.00012799940476221534
COC(=O)C1=CO[C@@H](C)[C@H]2CN3CCc4c([nH]c5ccccc45)[C@@H]3C[C@H]12,0,C1=CC2CC3c4[nH]c5ccccc5c4CCN3CC2CO1,COC(=O)[C@H]1[C@H]2C[C@@H]3c4[nH]c5cc(OC)ccc5c4CCN3C[C@H]2C[C@@H](OC(=O)/C=C/c2cc(OC)c(OC)c(OC)c2)[C@@H]1OC,0,O=C(C=Cc1ccccc1)OC1CCC2CC3c4[nH]c5ccccc5c4CCN3CC2C1,0.3806298276886512,0,4.113950875957697e-07
COC(=O)C1=CO[C@@H](C)[C@H]2CN3CCc4c([nH]c5ccccc45)[C@@H]3C[C@H]12,0,C1=CC2CC3c4[nH]c5ccccc5c4CCN3CC2CO1,c1ccc2c3c([nH]c2c1)[C@H]1C2CCC([C@@H]4CCCN[C@H]24)N1CC3,0,c1ccc2c3c([nH]c2c1)C1C2CCC(C4CCCNC42)N1CC3,0.3286935286935287,0,0.003062418141904222
COC(=O)C1=CO[C@@H](C)[C@H]2CN3CCc4c([nH]c5ccccc45)[C@@H]3C[C@H]12,0,C1=CC2CC3c4[nH]c5ccccc5c4CCN3CC2CO1,COc1ccc2c3c([nH]c2c1)C(C)=NCC3,0,C1=NCCc2c1[nH]c1ccccc21,0.2295670995670996,0,0.01298706004656811
COC(=O)C1=CO[C@@H](C)[C@H]2CN3CCc4c([nH]c5ccccc45)[C@@H]3C[C@H]12,0,C1=CC2CC3c4[nH]c5ccccc5c4CCN3CC2CO1,COc1ccc2[nH]c3c(c2c1)CCN=C3C,0,C1=NCCc2c1[nH]c1ccccc21,0.2295670995670996,0,0.01298706004656811
COC(=O)Nc1nc2cc(SC(C)C)ccc2[nH]1,0,c1ccc2[nH]cnc2c1,COc1ccc2[nH]cc(CCNC(C)=O)c2c1,0,c1ccc2[nH]ccc2c1,0.23,0,0.006651957697526105
COC(=O)Nc1nc2cc(SC(C)C)ccc2[nH]1,0,c1ccc2[nH]cnc2c1,COc1ccc2[nH]c3c(c2c1)CCN=C3C,0,C1=NCCc2c1[nH]c1ccccc21,0.20384615384615387,0,0.004817880452013019
COC(=O)Nc1nc2cc(SC(C)C)ccc2[nH]1,0,c1ccc2[nH]cnc2c1,CC(=O)Nc1cc2ccccc2oc1=O,0,O=c1ccc2ccccc2o1,0.19066666666666668,0,0.007097458541571094
COC(=O)Nc1nc2cc(SC(C)C)ccc2[nH]1,0,c1ccc2[nH]cnc2c1,COc1ccc2c3c([nH]c2c1)C(C)=NCC3,0,C1=NCCc2c1[nH]c1ccccc21,0.18444121915820033,0,0.004817880452013019
COc1ccc2c(OC)c3ccoc3nc2c1OC,0,c1ccc2nc3occc3cc2c1,COc1c2ccoc2nc2c(OC)c(OC[C@@H](O)C(C)(C)O)ccc12,0,c1ccc2nc3occc3cc2c1,0.6393939393939394,0,4.081478849609056e-05
COc1ccc2c(OC)c3ccoc3nc2c1OC,0,c1ccc2nc3occc3cc2c1,COc1cc2ccc(=O)oc2cc1O,0,O=c1ccc2ccccc2o1,0.2503267973856209,0,0.0008586630431672336
COc1ccc2c(OC)c3ccoc3nc2c1OC,0,c1ccc2nc3occc3cc2c1,COc1c2c(nc3ccccc13)OC(C(C)(O)CO)C2,0,c1ccc2nc3c(cc2c1)CCO3,0.24800619434765775,0,0.0010748865203971988
COc1ccc2c(OC)c3ccoc3nc2c1OC,0,c1ccc2nc3occc3cc2c1,COc1ccn(C)c(=O)c1C#N,0,O=c1cccc[nH]1,0.20864864864864868,0,0.0015653656083464366
COc1c2ccoc2nc2c(OC)c(OC[C@@H](O)C(C)(C)O)ccc12,0,c1ccc2nc3occc3cc2c1,COc1ccc2c(OC)c3ccoc3nc2c1OC,0,c1ccc2nc3occc3cc2c1,0.6393939393939394,0,9.692648546070443e-06
COc1c2ccoc2nc2c(OC)c(OC[C@@H](O)C(C)(C)O)ccc12,0,c1ccc2nc3occc3cc2c1,COc1cc(=O)n(C)c2c(OCC(O)C(C)(C)O)cccc12,0,O=c1ccc2ccccc2[nH]1,0.4144322344322345,0,4.405153366077181e-05
COc1c2ccoc2nc2c(OC)c(OC[C@@H](O)C(C)(C)O)ccc12,0,c1ccc2nc3occc3cc2c1,COc1c2c(nc3ccccc13)OC(C(C)(O)CO)C2,0,c1ccc2nc3c(cc2c1)CCO3,0.2893617021276596,0,0.00015179788844000647
COc1c2ccoc2nc2c(OC)c(OC[C@@H](O)C(C)(C)O)ccc12,0,c1ccc2nc3occc3cc2c1,COc1cc2ccc(=O)oc2cc1O,0,O=c1ccc2ccccc2o1,0.20811188811188813,0,0.0003771001311388154
COc1ccc2cc1Oc1ccc(cc1)C[C@H]1c3cc(c(OC)cc3CCN1C)Oc1c(OC)c(OC)cc3c1[C@H](C2)N(C)CC3,0,c1cc2cc(c1)Oc1ccc(cc1)CC1NCCc3ccc(cc31)Oc1cccc3c1C(C2)NCC3,COc1ccc(CC2c3cc(OC)c(OC)cc3CCN2C)cc1OC,0,c1ccc(CC2NCCc3ccccc32)cc1,0.4486786018755328,0,0.00011440051101898162
COc1ccc2cc1Oc1ccc(cc1)C[C@H]1c3cc(c(OC)cc3CCN1C)Oc1c(OC)c(OC)cc3c1[C@H](C2)N(C)CC3,0,c1cc2cc(c1)Oc1ccc(cc1)CC1NCCc3ccc(cc31)Oc1cccc3c1C(C2)NCC3,CN1CCc2cc3c(cc2[C@H]1[C@@H]1OC(=O)c2c1ccc1c2OCO1)OCO3,0,O=C1OC(C2NCCc3cc4c(cc32)OCO4)c2ccc3c(c21)OCO3,0.2984950700570836,0,0.00035292087934737595
COc1ccc2cc1Oc1ccc(cc1)C[C@H]1c3cc(c(OC)cc3CCN1C)Oc1c(OC)c(OC)cc3c1[C@H](C2)N(C)CC3,0,c1cc2cc(c1)Oc1ccc(cc1)CC1NCCc3ccc(cc31)Oc1cccc3c1C(C2)NCC3,CSc1ccc2c(c1)C(N1CCN(C)CC1)Cc1ccccc1S2,0,c1ccc2c(c1)CC(N1CCNCC1)c1ccccc1S2,0.2380952380952381,0,6.311062321756146e-05
COc1ccc2cc1Oc1ccc(cc1)C[C@H]1c3cc(c(OC)cc3CCN1C)Oc1c(OC)c(OC)cc3c1[C@H](C2)N(C)CC3,0,c1cc2cc(c1)Oc1ccc(cc1)CC1NCCc3ccc(cc31)Oc1cccc3c1C(C2)NCC3,COc1cc2c(c(OC)c1OC)-c1ccc(O)c(=O)cc1[C@@H](N)CC2,0,O=c1cccc2c(c1)CCCc1ccccc1-2,0.22874656520820122,0,5.800065826570984e-05
CCC(C)N1CCC2(CC1)N=C1C(=C3NC(=O)/C(C)=C/C=C/[C@H](C)[C@H](O)[C@@H](C)[C@@H](O)[C@@H](C)[C@H](OC(C)=O)[C@H](C)[C@@H](OC)/C=C/O[C@@]4(C)Oc5c(C)c(O)c(c1c5C4=O)C3=O)N2,0,O=C1C=CC=CCCCCCCCCC=COC2Oc3ccc4c(c3C2=O)C2=NC3(CCNCC3)NC2=C(N1)C4=O,CC[C@@H](C)C(=O)O[C@H]1[C@H](O)[C@H]2[C@@H](CN3C[C@@H](C)CC[C@H]3[C@@]2(C)O)C2C[C@]34O[C@@]5(O)[C@@H](OC(=O)[C@](C)(O)CC)CC[C@@]3(C)[C@@H]5[C@@H](OC(C)=O)[C@@H](OC(C)=O)[C@H]4[C@@]21O,0,C1CCN2CC3C(CCC4C3CC35OC6CCCC3C6CCC45)CC2C1,0.18818783865141483,0,7.128537340537709e-10
CCC(C)N1CCC2(CC1)N=C1C(=C3NC(=O)/C(C)=C/C=C/[C@H](C)[C@H](O)[C@@H](C)[C@@H](O)[C@@H](C)[C@H](OC(C)=O)[C@H](C)[C@@H](OC)/C=C/O[C@@]4(C)Oc5c(C)c(O)c(c1c5C4=O)C3=O)N2,0,O=C1C=CC=CCCCCCCCCC=COC2Oc3ccc4c(c3C2=O)C2=NC3(CCNCC3)NC2=C(N1)C4=O,CCN1C[C@]2(C)CC[C@H](OC)[C@@]34C1[C@]1(OCO[C@@]15C[C@H](OC)[C@H]1C[C@]3(O)[C@@H]5[C@H]1OC)[C@@H](OC(C)=O)[C@H]24,0,C1CC2CNC3C4(C1)C2CC31OCOC12CCC1CC4C2C1,0.17395825913526605,0,1.493963423768249e-06
CCC(C)N1CCC2(CC1)N=C1C(=C3NC(=O)/C(C)=C/C=C/[C@H](C)[C@H](O)[C@@H](C)[C@@H](O)[C@@H](C)[C@H](OC(C)=O)[C@H](C)[C@@H](OC)/C=C/O[C@@]4(C)Oc5c(C)c(O)c(c1c5C4=O)C3=O)N2,0,O=C1C=CC=CCCCCCCCCC=COC2Oc3ccc4c(c3C2=O)C2=NC3(CCNCC3)NC2=C(N1)C4=O,CC1/C=C/C=C/CC/C=C/C=C/C=C/C=C/C(O[C@@H]2O[C@H](C)[C@@H](O)[C@H](N)[C@@H]2O)CC(O)C(C(=O)O)C(O)CC(=O)CC(O)C(O)CCC(O)CC(O)CC(O)CC(=O)OC(C)C(C)C1O,0,O=C1CCCCCCCCCCCC(=O)OCCCCC=CC=CCCC=CC=CC=CC=CC(OC2CCCCO2)CCCCC1,0.16731497852993182,0,1.0644697160188696e-05
CCC(C)N1CCC2(CC1)N=C1C(=C3NC(=O)/C(C)=C/C=C/[C@H](C)[C@H](O)[C@@H](C)[C@@H](O)[C@@H](C)[C@H](OC(C)=O)[C@H](C)[C@@H](OC)/C=C/O[C@@]4(C)Oc5c(C)c(O)c(c1c5C4=O)C3=O)N2,0,O=C1C=CC=CCCCCCCCCC=COC2Oc3ccc4c(c3C2=O)C2=NC3(CCNCC3)NC2=C(N1)C4=O,CCC(=O)O[C@@H]1CC(=O)O[C@H](C)C/C=C/C=C/[C@@H](O)[C@H](C)C[C@H](CC=O)[C@H](O[C@H]2O[C@H](C)[C@@H](O[C@H]3C[C@@](C)(O)[C@@H](OC(=O)CC)[C@H](C)O3)[C@H](N(C)C)[C@H]2O)[C@H]1OC,0,O=C1CCCC(OC2CCC(OC3CCCCO3)CO2)CCCCC=CC=CCCO1,0.16002795248078266,0,5.674983490178243e-08
CCOc1ccc2c(c1)C(C)=CC(C)(C)N2,0,C1=Cc2ccccc2NC1,COc1ccc2c3c([nH]c2c1)C(C)=NCC3,0,C1=NCCc2c1[nH]c1ccccc21,0.1814265536723164,0,0.011225570979491771
CCOc1ccc2c(c1)C(C)=CC(C)(C)N2,0,C1=Cc2ccccc2NC1,COc1ccc2[nH]c3c(c2c1)CCN=C3C,0,C1=NCCc2c1[nH]c1ccccc21,0.1814265536723164,0,0.011225570979491771
CCOc1ccc2c(c1)C(C)=CC(C)(C)N2,0,C1=Cc2ccccc2NC1,CNC(=O)Oc1ccc2c(c1)[C@]1(C)CCN(C)[C@@H]1N2C,0,c1ccc2c(c1)NC1NCCC21,0.17733333333333334,0,8.321946952316854e-06
CCOc1ccc2c(c1)C(C)=CC(C)(C)N2,0,C1=Cc2ccccc2NC1,COCCc1ccc(OCC(O)CNC(C)C)cc1,0,c1ccccc1,0.17652173913043478,0,0.014936213024953094
CC(=O)Nc1ccc(S(=O)(=O)O)c2cc(S(=O)(=O)O)c(/N=N/c3ccc(/N=N/c4ccc(S(=O)(=O)O)cc4)c4ccc(S(=O)(=O)O)cc34)c(O)c12,1,c1ccc(N=Nc2ccc(N=Nc3ccc4ccccc4c3)c3ccccc23)cc1,COc1cc(-c2ccc(/N=N/c3ccc4c(S(=O)(=O)O)cc(S(=O)(=O)O)c(N)c4c3O)c(OC)c2)ccc1/N=N/c1ccc2c(S(=O)(=O)O)cc(S(=O)(=O)O)c(N)c2c1O,0,c1ccc2cc(N=Nc3ccc(-c4ccc(N=Nc5ccc6ccccc6c5)cc4)cc3)ccc2c1,0.3246753246753247,1,0.999987367633607
CC(=O)Nc1ccc(S(=O)(=O)O)c2cc(S(=O)(=O)O)c(/N=N/c3ccc(/N=N/c4ccc(S(=O)(=O)O)cc4)c4ccc(S(=O)(=O)O)cc34)c(O)c12,1,c1ccc(N=Nc2ccc(N=Nc3ccc4ccccc4c3)c3ccccc23)cc1,CC(=O)Nc1cc2ccccc2oc1=O,0,O=c1ccc2ccccc2o1,0.22184427318628752,1,0.9944493176490592
CC(=O)Nc1ccc(S(=O)(=O)O)c2cc(S(=O)(=O)O)c(/N=N/c3ccc(/N=N/c4ccc(S(=O)(=O)O)cc4)c4ccc(S(=O)(=O)O)cc34)c(O)c12,1,c1ccc(N=Nc2ccc(N=Nc3ccc4ccccc4c3)c3ccccc23)cc1,CC(=O)[N]([Na])S(=O)(=O)c1ccc(N)cc1,0,c1ccccc1,0.17294685990338166,1,0.9825657094872571
CC(=O)Nc1ccc(S(=O)(=O)O)c2cc(S(=O)(=O)O)c(/N=N/c3ccc(/N=N/c4ccc(S(=O)(=O)O)cc4)c4ccc(S(=O)(=O)O)cc34)c(O)c12,1,c1ccc(N=Nc2ccc(N=Nc3ccc4ccccc4c3)c3ccccc23)cc1,COc1ccc2[nH]cc(CCNC(C)=O)c2c1,0,c1ccc2[nH]ccc2c1,0.14881920247773905,1,0.9940771326298571
CN1CCc2cc3c(cc2[C@H]1[C@@H]1OC(=O)c2c1ccc1c2OCO1)OCO3,0,O=C1OC(C2NCCc3cc4c(cc32)OCO4)c2ccc3c(c21)OCO3,COc1ccc(CC2c3cc(OC)c(OC)cc3CCN2C)cc1OC,0,c1ccc(CC2NCCc3ccccc32)cc1,0.31606060606060604,0,0.0006914401526092646
CN1CCc2cc3c(cc2[C@H]1[C@@H]1OC(=O)c2c1ccc1c2OCO1)OCO3,0,O=C1OC(C2NCCc3cc4c(cc32)OCO4)c2ccc3c(c21)OCO3,COc1ccc2cc1Oc1ccc(cc1)C[C@H]1c3cc(c(OC)cc3CCN1C)Oc1c(OC)c(OC)cc3c1[C@H](C2)N(C)CC3,0,c1cc2cc(c1)Oc1ccc(cc1)CC1NCCc3ccc(cc31)Oc1cccc3c1C(C2)NCC3,0.2984950700570836,0,2.2018093612715248e-05
CN1CCc2cc3c(cc2[C@H]1[C@@H]1OC(=O)c2c1ccc1c2OCO1)OCO3,0,O=C1OC(C2NCCc3cc4c(cc32)OCO4)c2ccc3c(c21)OCO3,Cn1c(-c2ccc3c(c2)OCO3)cc(=O)c2ccccc21,0,O=c1cc(-c2ccc3c(c2)OCO3)[nH]c2ccccc12,0.2731318681318682,0,0.003524357850631929
CN1CCc2cc3c(cc2[C@H]1[C@@H]1OC(=O)c2c1ccc1c2OCO1)OCO3,0,O=C1OC(C2NCCc3cc4c(cc32)OCO4)c2ccc3c(c21)OCO3,CSc1ccc2c(c1)C(N1CCN(C)CC1)Cc1ccccc1S2,0,c1ccc2c(c1)CC(N1CCNCC1)c1ccccc1S2,0.22425799086757991,0,0.0009966373883554434
CC(O)CN(C)c1ccc(NN)nn1,1,c1ccnnc1,CC(C)NC[C@@H](O)c1ccc(O)c(O)c1,0,c1ccccc1,0.20686456400742118,1,0.9996412499862086
CC(O)CN(C)c1ccc(NN)nn1,1,c1ccnnc1,COCCc1ccc(OCC(O)CNC(C)C)cc1,0,c1ccccc1,0.18899486426999268,1,0.9995776000115184
CC(O)CN(C)c1ccc(NN)nn1,1,c1ccnnc1,CNCC(O)c1ccc(O)c(OC)c1,0,c1ccccc1,0.1807306302689683,1,0.9994691820118845
CC(O)CN(C)c1ccc(NN)nn1,1,c1ccnnc1,COc1c2ccoc2nc2c(OC)c(OC[C@@H](O)C(C)(C)O)ccc12,0,c1ccc2nc3occc3cc2c1,0.1625450180072029,1,0.9952089437852599
CN1CCC(=C2c3ccccc3CCc3sccc32)CC1,0,c1ccc2c(c1)CCc1sccc1C2=C1CCNCC1,CN1CCC(=C2c3ccccc3Sc3ccccc32)CC1,0,c1ccc2c(c1)Sc1ccccc1C2=C1CCNCC1,0.5323076923076924,0,0.0007263361645946962
CN1CCC(=C2c3ccccc3CCc3sccc32)CC1,0,c1ccc2c(c1)CCc1sccc1C2=C1CCNCC1,CSc1ccc2c(c1)C(N1CCN(C)CC1)Cc1ccccc1S2,0,c1ccc2c(c1)CC(N1CCNCC1)c1ccccc1S2,0.248,0,6.417012460349078e-05
CN1CCC(=C2c3ccccc3CCc3sccc32)CC1,0,c1ccc2c(c1)CCc1sccc1C2=C1CCNCC1,CN1CC[C@]23c4ccccc4N[C@H]1[C@]21CCN(C)[C@H]3Nc2ccccc21,0,c1ccc2c(c1)NC1NCCC23C2NCCC13c1ccccc1N2,0.20148148148148148,0,0.00010711030792386266
CN1CCC(=C2c3ccccc3CCc3sccc32)CC1,0,c1ccc2c(c1)CCc1sccc1C2=C1CCNCC1,OC(CCN1CCCCC1)(c1ccccc1)c1ccccc1,0,c1ccc(C(CCN2CCCCC2)c2ccccc2)cc1,0.18950759318913946,0,0.0037784243267555344
Nc1ncnc2c1ncn2C1O[C@H](CO)[C@@H](O)[C@@H]1O,0,c1ncc2ncn(C3CCCO3)c2n1,CNc1ncnc2c1ncn2[C@@H]1O[C@H](CO)[C@@H](O)[C@H]1O,0,c1ncc2ncn(C3CCCO3)c2n1,0.718421052631579,0,0.017728715658228252
Nc1ncnc2c1ncn2C1O[C@H](CO)[C@@H](O)[C@@H]1O,0,c1ncc2ncn(C3CCCO3)c2n1,Nc1ncn(C2O[C@H](CO)[C@@H](O)[C@H]2O)c(=O)n1,0,O=c1ncncn1C1CCCO1,0.5503401360544218,0,0.0018085240398509966
Nc1ncnc2c1ncn2C1O[C@H](CO)[C@@H](O)[C@@H]1O,0,c1ncc2ncn(C3CCCO3)c2n1,O=C(O)[C@H](O)[C@@H](O)[C@H](O[C@@H]1O[C@H](CO)[C@H](O)[C@H](O)[C@H]1O)[C@H](O)CO,0,C1CCOCC1,0.2237824161922834,0,0.0025303955214495853
Nc1ncnc2c1ncn2C1O[C@H](CO)[C@@H](O)[C@@H]1O,0,c1ncc2ncn(C3CCCO3)c2n1,O=c1cc(-c2ccc(O)cc2)oc2c(C3O[C@H](CO)[C@@H](O)[C@H](O)[C@H]3O)c(O)cc(O)c12,0,O=c1cc(-c2ccccc2)oc2c(C3CCCCO3)cccc12,0.2214731009004849,0,0.0001981352199288497
CNc1ncnc2c1ncn2[C@@H]1O[C@H](CO)[C@@H](O)[C@H]1O,0,c1ncc2ncn(C3CCCO3)c2n1,Nc1ncnc2c1ncn2C1O[C@H](CO)[C@@H](O)[C@@H]1O,0,c1ncc2ncn(C3CCCO3)c2n1,0.718421052631579,0,0.017728715658228252
CNc1ncnc2c1ncn2[C@@H]1O[C@H](CO)[C@@H](O)[C@H]1O,0,c1ncc2ncn(C3CCCO3)c2n1,Nc1ncn(C2O[C@H](CO)[C@@H](O)[C@H]2O)c(=O)n1,0,O=c1ncncn1C1CCCO1,0.4681481481481482,0,0.0018085240398509966
CNc1ncnc2c1ncn2[C@@H]1O[C@H](CO)[C@@H](O)[C@H]1O,0,c1ncc2ncn(C3CCCO3)c2n1,CN(N=O)C(=O)N[C@@H]1[C@@H](O)[C@H](O)[C@@H](CO)O[C@@H]1O,0,C1CCOCC1,0.23505782105903839,0,0.005435832917765262
CNc1ncnc2c1ncn2[C@@H]1O[C@H](CO)[C@@H](O)[C@H]1O,0,c1ncc2ncn(C3CCCO3)c2n1,CC(=O)N[C@@H]1[C@@H](O[C@H](C)C(=O)O)[C@H](O)[C@@H](CO)O[C@@H]1O,0,C1CCOCC1,0.2163009404388715,0,0.00537092059305004
OC(CCN1CCCCC1)(c1ccccc1)c1ccccc1,0,c1ccc(C(CCN2CCCCC2)c2ccccc2)cc1,CN1[C@@H](CC(=O)c2ccccc2)CCC[C@H]1C[C@H](O)c1ccccc1,0,O=C(CC1CCCC(CCc2ccccc2)N1)c1ccccc1,0.24311688311688312,0,0.009200658995293258
OC(CCN1CCCCC1)(c1ccccc1)c1ccccc1,0,c1ccc(C(CCN2CCCCC2)c2ccccc2)cc1,CN1CC[C@]23c4ccccc4N[C@H]1[C@]21CCN(C)[C@H]3Nc2ccccc21,0,c1ccc2c(c1)NC1NCCC23C2NCCC13c1ccccc1N2,0.23137254901960785,0,0.00016562689312545317
OC(CCN1CCCCC1)(c1ccccc1)c1ccccc1,0,c1ccc(C(CCN2CCCCC2)c2ccccc2)cc1,CN1CCC(=C2c3ccccc3Sc3ccccc32)CC1,0,c1ccc2c(c1)Sc1ccccc1C2=C1CCNCC1,0.2178973717146433,0,0.0031058542602195208
OC(CCN1CCCCC1)(c1ccccc1)c1ccccc1,0,c1ccc(C(CCN2CCCCC2)c2ccccc2)cc1,O=C(c1ccc(F)cc1)C1CCN(CCn2c(=O)[nH]c3ccccc3c2=O)CC1,0,O=C(c1ccccc1)C1CCN(CCn2c(=O)[nH]c3ccccc3c2=O)CC1,0.20778301886792455,0,0.0001864335707222168
O=c1ccc2cc(O)c(O)cc2o1,0,O=c1ccc2ccccc2o1,COc1cc2ccc(=O)oc2cc1O,0,O=c1ccc2ccccc2o1,0.6560344827586208,0,0.01996652826943754
O=c1ccc2cc(O)c(O)cc2o1,0,O=c1ccc2ccccc2o1,CC(=O)c1cc2ccccc2oc1=O,0,O=c1ccc2ccccc2o1,0.32740384615384616,0,0.02006579462185559
O=c1ccc2cc(O)c(O)cc2o1,0,O=c1ccc2ccccc2o1,CC(=O)Nc1cc2ccccc2oc1=O,0,O=c1ccc2ccccc2o1,0.3028571428571428,0,0.013038079348067338
O=c1ccc2cc(O)c(O)cc2o1,0,O=c1ccc2ccccc2o1,O=C(O)C=Cc1ccc(O)c(O)c1,0,c1ccccc1,0.22731152204836416,0,0.06525501225159329
COc1cc2ccc(=O)oc2cc1O,0,O=c1ccc2ccccc2o1,O=c1ccc2cc(O)c(O)cc2o1,0,O=c1ccc2ccccc2o1,0.6560344827586208,0,0.002241925878414596
COc1cc2ccc(=O)oc2cc1O,0,O=c1ccc2ccccc2o1,CC(=O)c1cc2ccccc2oc1=O,0,O=c1ccc2ccccc2o1,0.3067867867867868,0,0.001288940047134947
COc1cc2ccc(=O)oc2cc1O,0,O=c1ccc2ccccc2o1,CNCC(O)c1ccc(O)c(OC)c1,0,c1ccccc1,0.301712506486767,0,0.007325204542832741
COc1cc2ccc(=O)oc2cc1O,0,O=c1ccc2ccccc2o1,CC(=O)Nc1cc2ccccc2oc1=O,0,O=c1ccc2ccccc2o1,0.2866666666666667,0,0.0008319269315491554
CC(=O)Nc1cc2ccccc2oc1=O,0,O=c1ccc2ccccc2o1,CC(=O)c1cc2ccccc2oc1=O,0,O=c1ccc2ccccc2o1,0.5847665847665848,0,0.0036845660377940186
CC(=O)Nc1cc2ccccc2oc1=O,0,O=c1ccc2ccccc2o1,O=c1ccc2cc(O)c(O)cc2o1,0,O=c1ccc2ccccc2o1,0.3028571428571428,0,0.0028542551197979467
CC(=O)Nc1cc2ccccc2oc1=O,0,O=c1ccc2ccccc2o1,COc1cc2ccc(=O)oc2cc1O,0,O=c1ccc2ccccc2o1,0.2866666666666667,0,0.0019304851821225582
CC(=O)Nc1cc2ccccc2oc1=O,0,O=c1ccc2ccccc2o1,Cn1c(-c2ccc3c(c2)OCO3)cc(=O)c2ccccc21,0,O=c1cc(-c2ccc3c(c2)OCO3)[nH]c2ccccc12,0.20824587706146927,0,0.0002312629954420595
CC(=O)c1cc2ccccc2oc1=O,0,O=c1ccc2ccccc2o1,CC(=O)Nc1cc2ccccc2oc1=O,0,O=c1ccc2ccccc2o1,0.5847665847665848,0,0.003841531216490085
CC(=O)c1cc2ccccc2oc1=O,0,O=c1ccc2ccccc2o1,O=c1ccc2cc(O)c(O)cc2o1,0,O=c1ccc2ccccc2o1,0.32740384615384616,0,0.004605344513243847
CC(=O)c1cc2ccccc2oc1=O,0,O=c1ccc2ccccc2o1,COc1cc2ccc(=O)oc2cc1O,0,O=c1ccc2ccccc2o1,0.3067867867867868,0,0.003116611809980457
CC(=O)c1cc2ccccc2oc1=O,0,O=c1ccc2ccccc2o1,Cn1c(-c2ccc3c(c2)OCO3)cc(=O)c2ccccc21,0,O=c1cc(-c2ccc3c(c2)OCO3)[nH]c2ccccc12,0.22046511627906978,0,0.0003737463148978554
O=C(O)[C@]1(O)C[C@H](O)[C@@H](O)[C@@H](O)C1,0,C1CCCCC1,C[N+]1(C)C[C@@H](O)C[C@H]1C(=O)[O-],0,C1CC[NH2+]C1,0.21333333333333337,0,0.00021979562654788983
O=C(O)[C@]1(O)C[C@H](O)[C@@H](O)[C@@H](O)C1,0,C1CCCCC1,O=C(O)[C@H](O)[C@@H](O)[C@H](O[C@@H]1O[C@H](CO)[C@H](O)[C@H](O)[C@H]1O)[C@H](O)CO,0,C1CCOCC1,0.18701298701298702,0,0.001720715810166515
O=C(O)[C@]1(O)C[C@H](O)[C@@H](O)[C@@H](O)C1,0,C1CCCCC1,C=C(C)[C@@H]1CC[C@]2(C(=O)O)CC[C@]3(C)[C@H](CC[C@@H]4[C@@]5(C)CC[C@H](O)C(C)(C)[C@@H]5CC[C@]43C)[C@@H]12,0,C1CCC2C(C1)CCC1C2CCC2C3CCCC3CCC21,0.17992863514719004,0,0.0015965387608059506
O=C(O)[C@]1(O)C[C@H](O)[C@@H](O)[C@@H](O)C1,0,C1CCCCC1,C[C@H](CCC(=O)O)[C@H]1CC[C@H]2[C@@H]3CC[C@@H]4C[C@H](O)CC[C@]4(C)[C@H]3CC[C@]12C,0,C1CCC2C(C1)CCC1C3CCCC3CCC21,0.17899159663865546,0,0.0016979596474697425
O=c1cccc2n1C[C@@H]1CNC[C@H]2C1,0,O=c1cccc2n1CC1CNCC2C1,CN1Cc2c(N)cccc2C(c2ccccc2)C1,0,c1ccc(C2CNCc3ccccc32)cc1,0.1709864603481625,0,0.001715648563232899
O=c1cccc2n1C[C@@H]1CNC[C@H]2C1,0,O=c1cccc2n1CC1CNCC2C1,c1ccc2nc(N3CCNCC3)ccc2c1,0,c1ccc2nc(N3CCNCC3)ccc2c1,0.16752136752136754,0,0.00042856524341479055
O=c1cccc2n1C[C@@H]1CNC[C@H]2C1,0,O=c1cccc2n1CC1CNCC2C1,Cc1c(N)c(=O)n(-c2ccccc2)n1C,0,O=c1cc[nH]n1-c1ccccc1,0.15420393559928444,0,0.005905281041727812
O=c1cccc2n1C[C@@H]1CNC[C@H]2C1,0,O=c1cccc2n1CC1CNCC2C1,O=C(c1ccc(F)cc1)C1CCN(CCn2c(=O)[nH]c3ccccc3c2=O)CC1,0,O=C(c1ccccc1)C1CCN(CCn2c(=O)[nH]c3ccccc3c2=O)CC1,0.151385733757383,0,0.0004033677347979156
O=C(c1ccc(F)cc1)C1CCN(CCn2c(=O)[nH]c3ccccc3c2=O)CC1,0,O=C(c1ccccc1)C1CCN(CCn2c(=O)[nH]c3ccccc3c2=O)CC1,COC(=O)C1=CO[C@@H](C)[C@H]2CN3CCc4c([nH]c5ccccc45)[C@@H]3C[C@H]12,0,C1=CC2CC3c4[nH]c5ccccc5c4CCN3CC2CO1,0.2267674381987089,0,0.00016649965311035835
O=C(c1ccc(F)cc1)C1CCN(CCn2c(=O)[nH]c3ccccc3c2=O)CC1,0,O=C(c1ccccc1)C1CCN(CCn2c(=O)[nH]c3ccccc3c2=O)CC1,c1ccc2c3c([nH]c2c1)[C@H]1C2CCC([C@@H]4CCCN[C@H]24)N1CC3,0,c1ccc2c3c([nH]c2c1)C1C2CCC(C4CCCNC42)N1CC3,0.2251948051948052,0,0.00017878569230704857
O=C(c1ccc(F)cc1)C1CCN(CCn2c(=O)[nH]c3ccccc3c2=O)CC1,0,O=C(c1ccccc1)C1CCN(CCn2c(=O)[nH]c3ccccc3c2=O)CC1,COc1cc(N)c(Cl)cc1C(=O)NC1CCN(Cc2ccccc2)CC1,0,O=C(NC1CCN(Cc2ccccc2)CC1)c1ccccc1,0.21156794425087108,0,0.0005361509608515968
O=C(c1ccc(F)cc1)C1CCN(CCn2c(=O)[nH]c3ccccc3c2=O)CC1,0,O=C(c1ccccc1)C1CCN(CCn2c(=O)[nH]c3ccccc3c2=O)CC1,CN1[C@@H](CC(=O)c2ccccc2)CCC[C@H]1C[C@H](O)c1ccccc1,0,O=C(CC1CCCC(CCc2ccccc2)N1)c1ccccc1,0.2084513582540051,0,0.0014681163503374982
CC1(C)S[C@@H]2[C@H](NC(=O)[C@H](NC(=O)N3CCNC3=O)c3ccccc3)C(=O)N2[C@H]1C(=O)O,0,O=C(NC1C(=O)N2CCSC12)C(NC(=O)N1CCNC1=O)c1ccccc1,Cn1nnnc1SCC1=C(C(=O)O)N2C(=O)[C@@H](NC(=O)[C@H](O)c3ccccc3)[C@H]2SC1,0,O=C(Cc1ccccc1)NC1C(=O)N2C=C(CSc3nnn[nH]3)CSC12,0.2870300204022151,0,0.0013233922353069578
CC1(C)S[C@@H]2[C@H](NC(=O)[C@H](NC(=O)N3CCNC3=O)c3ccccc3)C(=O)N2[C@H]1C(=O)O,0,O=C(NC1C(=O)N2CCSC12)C(NC(=O)N1CCNC1=O)c1ccccc1,CC(=O)OCC1=C(C(=O)O)N2C(=O)[C@@H](NC(=O)Cc3cccs3)[C@H]2SC1,0,O=C(Cc1cccs1)NC1C(=O)N2C=CCSC12,0.23861892583120203,0,0.0001437964655498233
CC1(C)S[C@@H]2[C@H](NC(=O)[C@H](NC(=O)N3CCNC3=O)c3ccccc3)C(=O)N2[C@H]1C(=O)O,0,O=C(NC1C(=O)N2CCSC12)C(NC(=O)N1CCNC1=O)c1ccccc1,CN1C[C@H](C(=O)N[C@]2(C)O[C@@]3(O)[C@@H]4CCCN4C(=O)[C@H](Cc4ccccc4)N3C2=O)CC2c3cccc4[nH]cc(c34)C[C@H]21,0,O=C(NC1OC2C3CCCN3C(=O)C(Cc3ccccc3)N2C1=O)C1CNC2Cc3c[nH]c4cccc(c34)C2C1,0.18996223414828067,0,2.621522841441159e-05
CC1(C)S[C@@H]2[C@H](NC(=O)[C@H](NC(=O)N3CCNC3=O)c3ccccc3)C(=O)N2[C@H]1C(=O)O,0,O=C(NC1C(=O)N2CCSC12)C(NC(=O)N1CCNC1=O)c1ccccc1,CN1[C@@H](CC(=O)c2ccccc2)CCC[C@H]1C[C@H](O)c1ccccc1,0,O=C(CC1CCCC(CCc2ccccc2)N1)c1ccccc1,0.18903225806451618,0,7.144854331870476e-05
Nc1nc2[nH]nnc2c(=O)[nH]1,0,O=c1[nH]cnc2[nH]nnc12,CCCOc1ccccc1-c1nc(=O)c2[nH]nnc2[nH]1,0,O=c1nc(-c2ccccc2)[nH]c2nn[nH]c12,0.2175824175824176,0,0.0019897129046647756
Nc1nc2[nH]nnc2c(=O)[nH]1,0,O=c1[nH]cnc2[nH]nnc12,Nc1ncn(C2O[C@H](CO)[C@@H](O)[C@H]2O)c(=O)n1,0,O=c1ncncn1C1CCCO1,0.1303896103896104,0,0.0017107937710065925
Nc1nc2[nH]nnc2c(=O)[nH]1,0,O=c1[nH]cnc2[nH]nnc12,COC(=O)Nc1nc2cc(SC(C)C)ccc2[nH]1,0,c1ccc2[nH]cnc2c1,0.1279242731575389,0,0.00012666947707948843
Nc1nc2[nH]nnc2c(=O)[nH]1,0,O=c1[nH]cnc2[nH]nnc12,Cn1cnc([N+](=O)[O-])c1Sc1ncnc2[nH]cnc12,0,c1nc(Sc2cnc[nH]2)c2nc[nH]c2n1,0.12352201257861636,0,0.0007721413011142154
Cn1c(-c2ccc3c(c2)OCO3)cc(=O)c2ccccc21,0,O=c1cc(-c2ccc3c(c2)OCO3)[nH]c2ccccc12,CN1CCc2cc3c(cc2[C@H]1[C@@H]1OC(=O)c2c1ccc1c2OCO1)OCO3,0,O=C1OC(C2NCCc3cc4c(cc32)OCO4)c2ccc3c(c21)OCO3,0.2731318681318682,0,0.004906388014727606
Cn1c(-c2ccc3c(c2)OCO3)cc(=O)c2ccccc21,0,O=c1cc(-c2ccc3c(c2)OCO3)[nH]c2ccccc12,CC(=O)c1cc2ccccc2oc1=O,0,O=c1ccc2ccccc2o1,0.22046511627906978,0,0.011558978366734257
Cn1c(-c2ccc3c(c2)OCO3)cc(=O)c2ccccc21,0,O=c1cc(-c2ccc3c(c2)OCO3)[nH]c2ccccc12,COc1cc(=O)n(C)c2c(OCC(O)C(C)(C)O)cccc12,0,O=c1ccc2ccccc2[nH]1,0.21176470588235297,0,0.008665194510436151
Cn1c(-c2ccc3c(c2)OCO3)cc(=O)c2ccccc21,0,O=c1cc(-c2ccc3c(c2)OCO3)[nH]c2ccccc12,CC(=O)Nc1cc2ccccc2oc1=O,0,O=c1ccc2ccccc2o1,0.20824587706146927,0,0.007487869910791397
C=C1C(=O)O[C@@H]2[C@H]3O[C@]3(C)CC/C=C(\C)CC[C@@H]12,0,C=C1C(=O)OC2C1CCC=CCCC1OC12,CC1=CC(=O)C2=C(C)CC[C@@H]3[C@H](OC(=O)[C@H]3C)[C@@H]12,0,O=C1CC2CCC=C3C(=O)C=CC3C2O1,0.23618421052631577,0,0.007500343247640733
C=C1C(=O)O[C@@H]2[C@H]3O[C@]3(C)CC/C=C(\C)CC[C@@H]12,0,C=C1C(=O)OC2C1CCC=CCCC1OC12,C=C1C/C(=C/C)C(=O)O[C@@H]2CCN3CC=C(COC(=O)[C@]1(C)O)[C@H]23,0,C=C1CC(=C)C(=O)OC2CCN3CC=C(COC(=O)C1)C23,0.22442105263157897,0,0.00010464558866762961
C=C1C(=O)O[C@@H]2[C@H]3O[C@]3(C)CC/C=C(\C)CC[C@@H]12,0,C=C1C(=O)OC2C1CCC=CCCC1OC12,C[C@]12CCC(=O)C=C1CC[C@@H]1[C@@H]2C(=O)C[C@]2(C)C(=O)CC[C@@H]12,0,O=C1C=C2CCC3C4CCC(=O)C4CC(=O)C3C2CC1,0.18879551820728294,0,0.0007528215061068531
C=C1C(=O)O[C@@H]2[C@H]3O[C@]3(C)CC/C=C(\C)CC[C@@H]12,0,C=C1C(=O)OC2C1CCC=CCCC1OC12,CC1=CC(=O)C2=C(C)C[C@H](O)[C@@H]3[C@H](OC(=O)[C@H]3C)[C@@H]12,0,O=C1CC2CCC=C3C(=O)C=CC3C2O1,0.18522571819425446,0,0.006005652658149991
C=C(C)[C@@H]1CC[C@]2(CO)CC[C@]3(C)[C@H](CC[C@@H]4[C@@]5(C)CC[C@H](O)C(C)(C)[C@@H]5CC[C@]43C)[C@@H]12,0,C1CCC2C(C1)CCC1C2CCC2C3CCCC3CCC21,C=C(C)[C@@H]1CC[C@]2(C(=O)O)CC[C@]3(C)[C@H](CC[C@@H]4[C@@]5(C)CC[C@H](O)C(C)(C)[C@@H]5CC[C@]43C)[C@@H]12,0,C1CCC2C(C1)CCC1C2CCC2C3CCCC3CCC21,0.6871177944862155,0,0.003906361091912634
C=C(C)[C@@H]1CC[C@]2(CO)CC[C@]3(C)[C@H](CC[C@@H]4[C@@]5(C)CC[C@H](O)C(C)(C)[C@@H]5CC[C@]43C)[C@@H]12,0,C1CCC2C(C1)CCC1C2CCC2C3CCCC3CCC21,C[C@H]1[C@H](C)CC[C@]2(C(=O)O)CC[C@]3(C)C(=CC[C@@H]4[C@@]5(C)CC[C@H](O)C(C)(C)[C@@H]5CC[C@]43C)[C@H]12,0,C1=C2C3CCCCC3CCC2C2CCC3CCCCC3C2C1,0.32781954887218046,0,0.003906361091912634
C=C(C)[C@@H]1CC[C@]2(CO)CC[C@]3(C)[C@H](CC[C@@H]4[C@@]5(C)CC[C@H](O)C(C)(C)[C@@H]5CC[C@]43C)[C@@H]12,0,C1CCC2C(C1)CCC1C2CCC2C3CCCC3CCC21,CC[C@H](CC[C@@H](C)[C@H]1CC[C@H]2[C@@H]3CC=C4C[C@@H](O)CC[C@]4(C)[C@H]3CC[C@]12C)C(C)C,0,C1=C2CCCCC2C2CCC3CCCC3C2C1,0.22805662805662807,0,0.00301565639266901
C=C(C)[C@@H]1CC[C@]2(CO)CC[C@]3(C)[C@H](CC[C@@H]4[C@@]5(C)CC[C@H](O)C(C)(C)[C@@H]5CC[C@]43C)[C@@H]12,0,C1CCC2C(C1)CCC1C2CCC2C3CCCC3CCC21,C=C1[C@@H](O)[C@]23C[C@@H]1[C@@H](O)C[C@H]2[C@@]12C4[C@@H]3C[C@@H]1[C@@](C)(CC[C@@H]2O)CN4CC,0,C=C1CC23CC1CCC2C12CCCC4CNC1C3CC42,0.21785323110624316,0,0.00010725433895550753
C=C(C)[C@@H]1CC[C@]2(C(=O)O)CC[C@]3(C)[C@H](CC[C@@H]4[C@@]5(C)CC[C@H](O)C(C)(C)[C@@H]5CC[C@]43C)[C@@H]12,0,C1CCC2C(C1)CCC1C2CCC2C3CCCC3CCC21,C=C(C)[C@@H]1CC[C@]2(CO)CC[C@]3(C)[C@H](CC[C@@H]4[C@@]5(C)CC[C@H](O)C(C)(C)[C@@H]5CC[C@]43C)[C@@H]12,0,C1CCC2C(C1)CCC1C2CCC2C3CCCC3CCC21,0.6871177944862155,0,0.0030413379857717597
C=C(C)[C@@H]1CC[C@]2(C(=O)O)CC[C@]3(C)[C@H](CC[C@@H]4[C@@]5(C)CC[C@H](O)C(C)(C)[C@@H]5CC[C@]43C)[C@@H]12,0,C1CCC2C(C1)CCC1C2CCC2C3CCCC3CCC21,C[C@H]1[C@H](C)CC[C@]2(C(=O)O)CC[C@]3(C)C(=CC[C@@H]4[C@@]5(C)CC[C@H](O)C(C)(C)[C@@H]5CC[C@]43C)[C@H]12,0,C1=C2C3CCCCC3CCC2C2CCC3CCCCC3C2C1,0.47785714285714287,0,0.0039212314762146145
C=C(C)[C@@H]1CC[C@]2(C(=O)O)CC[C@]3(C)[C@H](CC[C@@H]4[C@@]5(C)CC[C@H](O)C(C)(C)[C@@H]5CC[C@]43C)[C@@H]12,0,C1CCC2C(C1)CCC1C2CCC2C3CCCC3CCC21,C[C@H](CCC(=O)O)[C@H]1CC[C@H]2[C@@H]3CC[C@@H]4C[C@H](O)CC[C@]4(C)[C@H]3CC[C@]12C,0,C1CCC2C(C1)CCC1C3CCCC3CCC21,0.2567854909318324,0,0.00633138710180392
C=C(C)[C@@H]1CC[C@]2(C(=O)O)CC[C@]3(C)[C@H](CC[C@@H]4[C@@]5(C)CC[C@H](O)C(C)(C)[C@@H]5CC[C@]43C)[C@@H]12,0,C1CCC2C(C1)CCC1C2CCC2C3CCCC3CCC21,CC1(C)[C@@H](OC(=O)CCC(=O)O)CC[C@]2(C)[C@H]3C(=O)C=C4[C@@H]5C[C@@](C)(C(=O)O)CC[C@]5(C)CC[C@@]4(C)[C@]3(C)CC[C@@H]12,0,O=C1C=C2C3CCCCC3CCC2C2CCC3CCCCC3C12,0.24855144855144856,0,0.004103545776620142
C[C@]12CC[C@H](O)C[C@@H]1CC[C@@H]1[C@@H]2CC[C@]2(C)C(=O)CC[C@@H]12,0,O=C1CCC2C1CCC1C3CCCCC3CCC21,C[C@H](CCC(=O)O)[C@H]1CC[C@H]2[C@@H]3CC[C@@H]4C[C@H](O)CC[C@]4(C)[C@H]3CC[C@]12C,0,C1CCC2C(C1)CCC1C3CCCC3CCC21,0.5018181818181818,0,0.004378975357278969
C[C@]12CC[C@H](O)C[C@@H]1CC[C@@H]1[C@@H]2CC[C@]2(C)C(=O)CC[C@@H]12,0,O=C1CCC2C1CCC1C3CCCCC3CCC21,C[C@]12CCC(=O)C=C1CC[C@@H]1[C@@H]2C(=O)C[C@]2(C)C(=O)CC[C@@H]12,0,O=C1C=C2CCC3C4CCC(=O)C4CC(=O)C3C2CC1,0.35757575757575755,0,0.013590209810137642
C[C@]12CC[C@H](O)C[C@@H]1CC[C@@H]1[C@@H]2CC[C@]2(C)C(=O)CC[C@@H]12,0,O=C1CCC2C1CCC1C3CCCCC3CCC21,CC[C@H](CC[C@@H](C)[C@H]1CC[C@H]2[C@@H]3CC=C4C[C@@H](O)CC[C@]4(C)[C@H]3CC[C@]12C)C(C)C,0,C1=C2CCCCC2C2CCC3CCCC3C2C1,0.3201193520886616,0,0.0031792508273686595
C[C@]12CC[C@H](O)C[C@@H]1CC[C@@H]1[C@@H]2CC[C@]2(C)C(=O)CC[C@@H]12,0,O=C1CCC2C1CCC1C3CCCCC3CCC21,C[C@H](CCC(=O)NCC(=O)O)[C@H]1CC[C@H]2[C@@H]3[C@H](O)C[C@@H]4C[C@H](O)CC[C@]4(C)[C@H]3C[C@H](O)[C@]12C,0,C1CCC2C(C1)CCC1C3CCCC3CCC21,0.30402109426499674,0,0.0017200439463497263
Nc1ncn(C2O[C@H](CO)[C@@H](O)[C@H]2O)c(=O)n1,0,O=c1ncncn1C1CCCO1,Nc1ncnc2c1ncn2C1O[C@H](CO)[C@@H](O)[C@@H]1O,0,c1ncc2ncn(C3CCCO3)c2n1,0.5503401360544218,0,0.0023718656639179327
Nc1ncn(C2O[C@H](CO)[C@@H](O)[C@H]2O)c(=O)n1,0,O=c1ncncn1C1CCCO1,CNc1ncnc2c1ncn2[C@@H]1O[C@H](CO)[C@@H](O)[C@H]1O,0,c1ncc2ncn(C3CCCO3)c2n1,0.4681481481481482,0,0.0023718656639179327
Nc1ncn(C2O[C@H](CO)[C@@H](O)[C@H]2O)c(=O)n1,0,O=c1ncncn1C1CCCO1,O=c1cc(-c2ccc(O)cc2)oc2c(C3O[C@H](CO)[C@@H](O)[C@H](O)[C@H]3O)c(O)cc(O)c12,0,O=c1cc(-c2ccccc2)oc2c(C3CCCCO3)cccc12,0.2626341974338832,0,0.00012144305624296971
Nc1ncn(C2O[C@H](CO)[C@@H](O)[C@H]2O)c(=O)n1,0,O=c1ncncn1C1CCCO1,CN(N=O)C(=O)N[C@@H]1[C@@H](O)[C@H](O)[C@@H](CO)O[C@@H]1O,0,C1CCOCC1,0.23893678160919543,0,0.0033385558331691695
COc1cc(/C=C/C(=O)N2CCC=CC2=O)cc(OC)c1OC,0,O=C1C=CCCN1C(=O)C=Cc1ccccc1,COC(=O)[C@H]1[C@H]2C[C@@H]3c4[nH]c5cc(OC)ccc5c4CCN3C[C@H]2C[C@@H](OC(=O)/C=C/c2cc(OC)c(OC)c(OC)c2)[C@@H]1OC,0,O=C(C=Cc1ccccc1)OC1CCC2CC3c4[nH]c5ccccc5c4CCN3CC2C1,0.28703296703296705,0,1.140309017181227e-06
COc1cc(/C=C/C(=O)N2CCC=CC2=O)cc(OC)c1OC,0,O=C1C=CCCN1C(=O)C=Cc1ccccc1,COC1=C[C@@H]2C3=C([C@@H]2C1=O)[C@@H](NC(C)=O)CCc1cc(OC)c(OC)c(OC)c13,0,O=C1C=CC2C3=C(CCCc4ccccc43)C12,0.24309831181727903,0,1.3191409118129578e-05
COc1cc(/C=C/C(=O)N2CCC=CC2=O)cc(OC)c1OC,0,O=C1C=CCCN1C(=O)C=Cc1ccccc1,COc1cc2c(c(OC)c1OC)-c1ccc(O)c(=O)cc1[C@@H](N)CC2,0,O=c1cccc2c(c1)CCCc1ccccc1-2,0.24,0,4.400065996191826e-05
COc1cc(/C=C/C(=O)N2CCC=CC2=O)cc(OC)c1OC,0,O=C1C=CCCN1C(=O)C=Cc1ccccc1,COc1ccc(CC2c3cc(OC)c(OC)cc3CCN2C)cc1OC,0,c1ccc(CC2NCCc3ccccc32)cc1,0.21714285714285717,0,4.8033327937538885e-05
CCN1C[C@]2(COC)CC[C@H](OC)[C@@]34C1[C@]1(OCO[C@@]15C[C@H](OC)[C@H]1C[C@@H]3[C@@H]5[C@H]1OC)[C@@H](O)[C@H]24,0,C1CC2CNC3C4(C1)C2CC31OCOC12CCC1CC4C2C1,CCN1C[C@]2(C)CC[C@H](OC)[C@@]34C1[C@]1(OCO[C@@]15C[C@H](OC)[C@H]1C[C@]3(O)[C@@H]5[C@H]1OC)[C@@H](OC(C)=O)[C@H]24,0,C1CC2CNC3C4(C1)C2CC31OCOC12CCC1CC4C2C1,0.45513784461152884,0,5.4805271605638345e-05
CCN1C[C@]2(COC)CC[C@H](OC)[C@@]34C1[C@]1(OCO[C@@]15C[C@H](OC)[C@H]1C[C@@H]3[C@@H]5[C@H]1OC)[C@@H](O)[C@H]24,0,C1CC2CNC3C4(C1)C2CC31OCOC12CCC1CC4C2C1,C=C1[C@@H](O)[C@]23C[C@@H]1[C@@H](O)C[C@H]2[C@@]12C4[C@@H]3C[C@@H]1[C@@](C)(CC[C@@H]2O)CN4CC,0,C=C1CC23CC1CCC2C12CCCC4CNC1C3CC42,0.23350877192982458,0,1.9394167389767332e-07
CCN1C[C@]2(COC)CC[C@H](OC)[C@@]34C1[C@]1(OCO[C@@]15C[C@H](OC)[C@H]1C[C@@H]3[C@@H]5[C@H]1OC)[C@@H](O)[C@H]24,0,C1CC2CNC3C4(C1)C2CC31OCOC12CCC1CC4C2C1,CC[C@@H](C)C(=O)O[C@H]1[C@H](O)[C@H]2[C@@H](CN3C[C@@H](C)CC[C@H]3[C@@]2(C)O)C2C[C@]34O[C@@]5(O)[C@@H](OC(=O)[C@](C)(O)CC)CC[C@@]3(C)[C@@H]5[C@@H](OC(C)=O)[C@@H](OC(C)=O)[C@H]4[C@@]21O,0,C1CCN2CC3C(CCC4C3CC35OC6CCCC3C6CCC45)CC2C1,0.20747028862478778,0,1.4895364553860245e-09
CCN1C[C@]2(COC)CC[C@H](OC)[C@@]34C1[C@]1(OCO[C@@]15C[C@H](OC)[C@H]1C[C@@H]3[C@@H]5[C@H]1OC)[C@@H](O)[C@H]24,0,C1CC2CNC3C4(C1)C2CC31OCOC12CCC1CC4C2C1,CCC(=O)O[C@@H]1CC(=O)O[C@H](C)C/C=C/C=C/[C@@H](O)[C@H](C)C[C@H](CC=O)[C@H](O[C@H]2O[C@H](C)[C@@H](O[C@H]3C[C@@](C)(O)[C@@H](OC(=O)CC)[C@H](C)O3)[C@H](N(C)C)[C@H]2O)[C@H]1OC,0,O=C1CCCC(OC2CCC(OC3CCCCO3)CO2)CCCCC=CC=CCCO1,0.16682211858760826,0,1.2831550494697088e-08
CCN1C[C@]2(C)CC[C@H](OC)[C@@]34C1[C@]1(OCO[C@@]15C[C@H](OC)[C@H]1C[C@]3(O)[C@@H]5[C@H]1OC)[C@@H](OC(C)=O)[C@H]24,0,C1CC2CNC3C4(C1)C2CC31OCOC12CCC1CC4C2C1,CCN1C[C@]2(COC)CC[C@H](OC)[C@@]34C1[C@]1(OCO[C@@]15C[C@H](OC)[C@H]1C[C@@H]3[C@@H]5[C@H]1OC)[C@@H](O)[C@H]24,0,C1CC2CNC3C4(C1)C2CC31OCOC12CCC1CC4C2C1,0.45513784461152884,0,0.003012915677269177
CCN1C[C@]2(C)CC[C@H](OC)[C@@]34C1[C@]1(OCO[C@@]15C[C@H](OC)[C@H]1C[C@]3(O)[C@@H]5[C@H]1OC)[C@@H](OC(C)=O)[C@H]24,0,C1CC2CNC3C4(C1)C2CC31OCOC12CCC1CC4C2C1,CC[C@@H](C)C(=O)O[C@H]1[C@H](O)[C@H]2[C@@H](CN3C[C@@H](C)CC[C@H]3[C@@]2(C)O)C2C[C@]34O[C@@]5(O)[C@@H](OC(=O)[C@](C)(O)CC)CC[C@@]3(C)[C@@H]5[C@@H](OC(C)=O)[C@@H](OC(C)=O)[C@H]4[C@@]21O,0,C1CCN2CC3C(CCC4C3CC35OC6CCCC3C6CCC45)CC2C1,0.26440242763772176,0,5.802801944993518e-09
CCN1C[C@]2(C)CC[C@H](OC)[C@@]34C1[C@]1(OCO[C@@]15C[C@H](OC)[C@H]1C[C@]3(O)[C@@H]5[C@H]1OC)[C@@H](OC(C)=O)[C@H]24,0,C1CC2CNC3C4(C1)C2CC31OCOC12CCC1CC4C2C1,C=C1[C@@H](O)[C@]23C[C@@H]1[C@@H](O)C[C@H]2[C@@]12C4[C@@H]3C[C@@H]1[C@@](C)(CC[C@@H]2O)CN4CC,0,C=C1CC23CC1CCC2C12CCCC4CNC1C3CC42,0.21827956989247313,0,4.729461673408509e-07
CCN1C[C@]2(C)CC[C@H](OC)[C@@]34C1[C@]1(OCO[C@@]15C[C@H](OC)[C@H]1C[C@]3(O)[C@@H]5[C@H]1OC)[C@@H](OC(C)=O)[C@H]24,0,C1CC2CNC3C4(C1)C2CC31OCOC12CCC1CC4C2C1,CC1(C)[C@@H](OC(=O)CCC(=O)O)CC[C@]2(C)[C@H]3C(=O)C=C4[C@@H]5C[C@@](C)(C(=O)O)CC[C@]5(C)CC[C@@]4(C)[C@]3(C)CC[C@@H]12,0,O=C1C=C2C3CCCCC3CCC2C2CCC3CCCCC3C12,0.1785785785785786,0,2.3606904120361866e-06
COc1ccc2[nH]cc(CCNC(C)=O)c2c1,0,c1ccc2[nH]ccc2c1,COc1ccc2[nH]c3c(c2c1)CCN=C3C,0,C1=NCCc2c1[nH]c1ccccc21,0.32993730407523514,0,0.0002860087623992044
COc1ccc2[nH]cc(CCNC(C)=O)c2c1,0,c1ccc2[nH]ccc2c1,CN(C)Cc1c[nH]c2ccccc12,0,c1ccc2[nH]ccc2c1,0.2862745098039216,0,9.66144480628567e-05
COc1ccc2[nH]cc(CCNC(C)=O)c2c1,0,c1ccc2[nH]ccc2c1,COc1ccc2c3c([nH]c2c1)C(C)=NCC3,0,C1=NCCc2c1[nH]c1ccccc21,0.28260869565217395,0,0.0002860087623992044
COc1ccc2[nH]cc(CCNC(C)=O)c2c1,0,c1ccc2[nH]ccc2c1,COC(=O)Nc1nc2cc(SC(C)C)ccc2[nH]1,0,c1ccc2[nH]cnc2c1,0.23,0,1.129874419203393e-05
CN(C)Cc1c[nH]c2ccccc12,0,c1ccc2[nH]ccc2c1,COc1ccc2[nH]cc(CCNC(C)=O)c2c1,0,c1ccc2[nH]ccc2c1,0.2862745098039216,0,0.0053399977251063
CN(C)Cc1c[nH]c2ccccc12,0,c1ccc2[nH]ccc2c1,Cc1nccc2c1[nH]c1ccccc12,0,c1ccc2c(c1)[nH]c1cnccc12,0.2723809523809524,0,0.006689806716791269
CN(C)Cc1c[nH]c2ccccc12,0,c1ccc2[nH]ccc2c1,CN1C[C@H](CO)C=C2c3cccc4[nH]cc(c34)C[C@H]21,0,C1=C2c3cccc4[nH]cc(c34)CC2NCC1,0.2427899686520376,0,0.005541686989792167
CN(C)Cc1c[nH]c2ccccc12,0,c1ccc2[nH]ccc2c1,CN(C)CCC(c1ccccc1)c1ccccn1,0,c1ccc(Cc2ccccn2)cc1,0.234579945799458,0,0.04098612256685602
CSc1ccc2c(c1)C(N1CCN(C)CC1)Cc1ccccc1S2,0,c1ccc2c(c1)CC(N1CCNCC1)c1ccccc1S2,CN1CCC(=C2c3ccccc3Sc3ccccc32)CC1,0,c1ccc2c(c1)Sc1ccccc1C2=C1CCNCC1,0.35101214574898787,0,0.007558055448634708
CSc1ccc2c(c1)C(N1CCN(C)CC1)Cc1ccccc1S2,0,c1ccc2c(c1)CC(N1CCNCC1)c1ccccc1S2,COc1ccc(CC2c3cc(OC)c(OC)cc3CCN2C)cc1OC,0,c1ccc(CC2NCCc3ccccc32)cc1,0.2535626535626536,0,0.00018876859900362884
CSc1ccc2c(c1)C(N1CCN(C)CC1)Cc1ccccc1S2,0,c1ccc2c(c1)CC(N1CCNCC1)c1ccccc1S2,CC(=O)c1ccc2c(c1)N(CCCN(C)C)c1ccccc1S2,0,c1ccc2c(c1)Nc1ccccc1S2,0.24919786096256685,0,0.030382534526047115
CSc1ccc2c(c1)C(N1CCN(C)CC1)Cc1ccccc1S2,0,c1ccc2c(c1)CC(N1CCNCC1)c1ccccc1S2,CN1CCC(=C2c3ccccc3CCc3sccc32)CC1,0,c1ccc2c(c1)CCc1sccc1C2=C1CCNCC1,0.248,0,0.0009441929064352587
O=S(=O)(O)c1cc(S(=O)(=O)O)c2c(/N=N/c3ccccc3)c(O)ccc2c1,1,c1ccc(N=Nc2cccc3ccccc23)cc1,COc1cc(-c2ccc(/N=N/c3ccc4c(S(=O)(=O)O)cc(S(=O)(=O)O)c(N)c4c3O)c(OC)c2)ccc1/N=N/c1ccc2c(S(=O)(=O)O)cc(S(=O)(=O)O)c(N)c2c1O,0,c1ccc2cc(N=Nc3ccc(-c4ccc(N=Nc5ccc6ccccc6c5)cc4)cc3)ccc2c1,0.27990196078431373,1,0.9999723900637912
O=S(=O)(O)c1cc(S(=O)(=O)O)c2c(/N=N/c3ccccc3)c(O)ccc2c1,1,c1ccc(N=Nc2cccc3ccccc23)cc1,O=C(O)C=Cc1ccc(O)c(O)c1,0,c1ccccc1,0.2033243486073675,1,0.9885131602468893
O=S(=O)(O)c1cc(S(=O)(=O)O)c2c(/N=N/c3ccccc3)c(O)ccc2c1,1,c1ccc(N=Nc2cccc3ccccc23)cc1,Nc1ccccc1S(N)(=O)=O,0,c1ccccc1,0.19523809523809527,1,0.9817013670517455
O=S(=O)(O)c1cc(S(=O)(=O)O)c2c(/N=N/c3ccccc3)c(O)ccc2c1,1,c1ccc(N=Nc2cccc3ccccc23)cc1,O=c1ccc2cc(O)c(O)cc2o1,0,O=c1ccc2ccccc2o1,0.19105545617173525,1,0.9949146787171589
Cc1cc(C)c(/N=N/c2c(O)c(S(=O)(=O)O)cc3cc(S(=O)(=O)O)ccc23)cc1C,1,c1ccc(N=Nc2cccc3ccccc23)cc1,COc1cc(-c2ccc(/N=N/c3ccc4c(S(=O)(=O)O)cc(S(=O)(=O)O)c(N)c4c3O)c(OC)c2)ccc1/N=N/c1ccc2c(S(=O)(=O)O)cc(S(=O)(=O)O)c(N)c2c1O,0,c1ccc2cc(N=Nc3ccc(-c4ccc(N=Nc5ccc6ccccc6c5)cc4)cc3)ccc2c1,0.32861952861952864,1,0.9999723900637912
Cc1cc(C)c(/N=N/c2c(O)c(S(=O)(=O)O)cc3cc(S(=O)(=O)O)ccc23)cc1C,1,c1ccc(N=Nc2cccc3ccccc23)cc1,Cc1nccc2c1[nH]c1cc(O)ccc12,0,c1ccc2c(c1)[nH]c1cnccc12,0.17655086848635237,1,0.9939372525245406
Cc1cc(C)c(/N=N/c2c(O)c(S(=O)(=O)O)cc3cc(S(=O)(=O)O)ccc23)cc1C,1,c1ccc(N=Nc2cccc3ccccc23)cc1,CC1=NCCc2c1[nH]c1cc(O)ccc21,0,C1=NCCc2c1[nH]c1ccccc21,0.1575757575757576,1,0.9903869744071573
Cc1cc(C)c(/N=N/c2c(O)c(S(=O)(=O)O)cc3cc(S(=O)(=O)O)ccc23)cc1C,1,c1ccc(N=Nc2cccc3ccccc23)cc1,CC(=O)[N]([Na])S(=O)(=O)c1ccc(N)cc1,0,c1ccccc1,0.15600138360428917,1,0.9948661265799776
Cc1ccc(/N=N/c2c(O)c(S(=O)(=O)O)cc3cc(S(=O)(=O)O)ccc23)c(C)c1,1,c1ccc(N=Nc2cccc3ccccc23)cc1,COc1cc(-c2ccc(/N=N/c3ccc4c(S(=O)(=O)O)cc(S(=O)(=O)O)c(N)c4c3O)c(OC)c2)ccc1/N=N/c1ccc2c(S(=O)(=O)O)cc(S(=O)(=O)O)c(N)c2c1O,0,c1ccc2cc(N=Nc3ccc(-c4ccc(N=Nc5ccc6ccccc6c5)cc4)cc3)ccc2c1,0.3404643449419569,1,0.9999723900637912
Cc1ccc(/N=N/c2c(O)c(S(=O)(=O)O)cc3cc(S(=O)(=O)O)ccc23)c(C)c1,1,c1ccc(N=Nc2cccc3ccccc23)cc1,Cc1nccc2c1[nH]c1cc(O)ccc12,0,c1ccc2c(c1)[nH]c1cnccc12,0.1714622641509434,1,0.9939372525245406
Cc1ccc(/N=N/c2c(O)c(S(=O)(=O)O)cc3cc(S(=O)(=O)O)ccc23)c(C)c1,1,c1ccc(N=Nc2cccc3ccccc23)cc1,CC(=O)[N]([Na])S(=O)(=O)c1ccc(N)cc1,0,c1ccccc1,0.16031420765027324,1,0.9948661265799776
Cc1ccc(/N=N/c2c(O)c(S(=O)(=O)O)cc3cc(S(=O)(=O)O)ccc23)c(C)c1,1,c1ccc(N=Nc2cccc3ccccc23)cc1,CC1=NCCc2c1[nH]c1cc(O)ccc21,0,C1=NCCc2c1[nH]c1ccccc21,0.15336134453781514,1,0.9903869744071573
O=S(=O)(O)c1ccc(/N=N/c2c(O)ccc3cc(S(=O)(=O)O)ccc23)cc1,1,c1ccc(N=Nc2cccc3ccccc23)cc1,COc1cc(-c2ccc(/N=N/c3ccc4c(S(=O)(=O)O)cc(S(=O)(=O)O)c(N)c4c3O)c(OC)c2)ccc1/N=N/c1ccc2c(S(=O)(=O)O)cc(S(=O)(=O)O)c(N)c2c1O,0,c1ccc2cc(N=Nc3ccc(-c4ccc(N=Nc5ccc6ccccc6c5)cc4)cc3)ccc2c1,0.29920634920634925,1,0.9999723900637912
O=S(=O)(O)c1ccc(/N=N/c2c(O)ccc3cc(S(=O)(=O)O)ccc23)cc1,1,c1ccc(N=Nc2cccc3ccccc23)cc1,O=c1ccc2cc(O)c(O)cc2o1,0,O=c1ccc2ccccc2o1,0.20569105691056913,1,0.9949146787171589
O=S(=O)(O)c1ccc(/N=N/c2c(O)ccc3cc(S(=O)(=O)O)ccc23)cc1,1,c1ccc(N=Nc2cccc3ccccc23)cc1,O=C(O)C=Cc1ccc(O)c(O)c1,0,c1ccccc1,0.199,1,0.9885131602468893
O=S(=O)(O)c1ccc(/N=N/c2c(O)ccc3cc(S(=O)(=O)O)ccc23)cc1,1,c1ccc(N=Nc2cccc3ccccc23)cc1,COc1cc2ccc(=O)oc2cc1O,0,O=c1ccc2ccccc2o1,0.18989898989898993,1,0.9921344816828093
N/N=C1\N=NC=C2C=CC=CC21,0,N=C1N=NC=C2C=CC=CC12,N=C(CCSCc1csc(N=C(N)N)n1)NS(N)(=O)=O,0,c1cscn1,0.1006993006993007,0,0.0016214814914911292
N/N=C1\N=NC=C2C=CC=CC21,0,N=C1N=NC=C2C=CC=CC12,CC1/C=C/C=C/CC/C=C/C=C/C=C/C=C/C(O[C@@H]2O[C@H](C)[C@@H](O)[C@H](N)[C@@H]2O)CC(O)C(C(=O)O)C(O)CC(=O)CC(O)C(O)CCC(O)CC(O)CC(O)CC(=O)OC(C)C(C)C1O,0,O=C1CCCCCCCCCCCC(=O)OCCCCC=CC=CCCC=CC=CC=CC=CC(OC2CCCCO2)CCCCC1,0.09608993157380255,0,0.007337666671134562
N/N=C1\N=NC=C2C=CC=CC21,0,N=C1N=NC=C2C=CC=CC12,CCC(C)N1CCC2(CC1)N=C1C(=C3NC(=O)/C(C)=C/C=C/[C@H](C)[C@H](O)[C@@H](C)[C@@H](O)[C@@H](C)[C@H](OC(C)=O)[C@H](C)[C@@H](OC)/C=C/O[C@@]4(C)Oc5c(C)c(O)c(c1c5C4=O)C3=O)N2,0,O=C1C=CC=CCCCCCCCCC=COC2Oc3ccc4c(c3C2=O)C2=NC3(CCNCC3)NC2=C(N1)C4=O,0.09517543859649122,0,2.8351327864098897e-05
N/N=C1\N=NC=C2C=CC=CC21,0,N=C1N=NC=C2C=CC=CC12,Nc1ncn(C2O[C@H](CO)[C@@H](O)[C@H]2O)c(=O)n1,0,O=c1ncncn1C1CCCO1,0.09475862068965517,0,0.010121721189640972
CC/N=c1\cc2oc3cc(NCC)c(C)cc3c(-c3ccccc3C(=O)OCC)c-2cc1C,1,N=c1ccc2c(-c3ccccc3)c3ccccc3oc-2c1,CC(=O)c1cc2ccccc2oc1=O,0,O=c1ccc2ccccc2o1,0.20301318267419963,1,0.9990384393809916
CC/N=c1\cc2oc3cc(NCC)c(C)cc3c(-c3ccccc3C(=O)OCC)c-2cc1C,1,N=c1ccc2c(-c3ccccc3)c3ccccc3oc-2c1,CCCCNc1ccc(C(=O)OCCOCCOCCOCCOCCOCCOCCOCCOCCOC)cc1,0,c1ccccc1,0.20099214551467548,1,0.9591972700846145
CC/N=c1\cc2oc3cc(NCC)c(C)cc3c(-c3ccccc3C(=O)OCC)c-2cc1C,1,N=c1ccc2c(-c3ccccc3)c3ccccc3oc-2c1,CC(=O)Nc1cc2ccccc2oc1=O,0,O=c1ccc2ccccc2o1,0.19966216216216218,1,0.998510319098936
CC/N=c1\cc2oc3cc(NCC)c(C)cc3c(-c3ccccc3C(=O)OCC)c-2cc1C,1,N=c1ccc2c(-c3ccccc3)c3ccccc3oc-2c1,Cn1c(-c2ccc3c(c2)OCO3)cc(=O)c2ccccc21,0,O=c1cc(-c2ccc3c(c2)OCO3)[nH]c2ccccc12,0.1560767590618337,1,0.9659523626017028
CN[C@@H]1[C@H](O[C@H]2[C@H](O[C@@H]3[C@@H](O)[C@H](O)[C@@H](NC(=N)N)[C@H](O)[C@H]3NC(=N)N)O[C@@H](C)[C@]2(O)CO)O[C@@H](CO)[C@H](O)[C@H]1O,0,C1CCC(OC2OCCC2OC2CCCCO2)CC1,CN[C@@H]1[C@H](O[C@H]2[C@H](O[C@@H]3[C@@H](O)[C@H](O)[C@@H](NC(=N)N)[C@H](O)[C@H]3NC(=N)N)O[C@@H](C)[C@]2(O)C=O)O[C@@H](CO)[C@H](O)[C@H]1O,0,C1CCC(OC2OCCC2OC2CCCCO2)CC1,0.7920821114369502,0,0.00012639854940700422
CN[C@@H]1[C@H](O[C@H]2[C@H](O[C@@H]3[C@@H](O)[C@H](O)[C@@H](NC(=N)N)[C@H](O)[C@H]3NC(=N)N)O[C@@H](C)[C@]2(O)CO)O[C@@H](CO)[C@H](O)[C@H]1O,0,C1CCC(OC2OCCC2OC2CCCCO2)CC1,NC[C@@H]1O[C@H](O[C@H]2[C@@H](O)[C@H](O[C@@H]3[C@@H](O)[C@H](N)C[C@H](N)[C@H]3O[C@H]3O[C@H](CN)[C@@H](O)[C@H](O)[C@H]3N)O[C@@H]2CO)[C@H](N)[C@@H](O)[C@@H]1O,0,C1CCC(OC2COC(OC3CCCCC3OC3CCCCO3)C2)OC1,0.2608484848484849,0,5.7869281127913755e-08
CN[C@@H]1[C@H](O[C@H]2[C@H](O[C@@H]3[C@@H](O)[C@H](O)[C@@H](NC(=N)N)[C@H](O)[C@H]3NC(=N)N)O[C@@H](C)[C@]2(O)CO)O[C@@H](CO)[C@H](O)[C@H]1O,0,C1CCC(OC2OCCC2OC2CCCCO2)CC1,CN(N=O)C(=O)N[C@@H]1[C@@H](O)[C@H](O)[C@@H](CO)O[C@@H]1O,0,C1CCOCC1,0.24857142857142855,0,1.6282707000493603e-07
CN[C@@H]1[C@H](O[C@H]2[C@H](O[C@@H]3[C@@H](O)[C@H](O)[C@@H](NC(=N)N)[C@H](O)[C@H]3NC(=N)N)O[C@@H](C)[C@]2(O)CO)O[C@@H](CO)[C@H](O)[C@H]1O,0,C1CCC(OC2OCCC2OC2CCCCO2)CC1,CC(=O)N[C@@H]1[C@@H](O[C@H](C)C(=O)O)[C@H](O)[C@@H](CO)O[C@@H]1O,0,C1CCOCC1,0.24428475185268358,0,7.940837886987541e-08
CN[C@@H]1[C@H](O[C@H]2[C@H](O[C@@H]3[C@@H](O)[C@H](O)[C@@H](NC(=N)N)[C@H](O)[C@H]3NC(=N)N)O[C@@H](C)[C@]2(O)C=O)O[C@@H](CO)[C@H](O)[C@H]1O,0,C1CCC(OC2OCCC2OC2CCCCO2)CC1,CN[C@@H]1[C@H](O[C@H]2[C@H](O[C@@H]3[C@@H](O)[C@H](O)[C@@H](NC(=N)N)[C@H](O)[C@H]3NC(=N)N)O[C@@H](C)[C@]2(O)CO)O[C@@H](CO)[C@H](O)[C@H]1O,0,C1CCC(OC2OCCC2OC2CCCCO2)CC1,0.7920821114369502,0,0.0004521949935255932
CN[C@@H]1[C@H](O[C@H]2[C@H](O[C@@H]3[C@@H](O)[C@H](O)[C@@H](NC(=N)N)[C@H](O)[C@H]3NC(=N)N)O[C@@H](C)[C@]2(O)C=O)O[C@@H](CO)[C@H](O)[C@H]1O,0,C1CCC(OC2OCCC2OC2CCCCO2)CC1,CN(N=O)C(=O)N[C@@H]1[C@@H](O)[C@H](O)[C@@H](CO)O[C@@H]1O,0,C1CCOCC1,0.2538332131699111,0,1.557766227858189e-07
CN[C@@H]1[C@H](O[C@H]2[C@H](O[C@@H]3[C@@H](O)[C@H](O)[C@@H](NC(=N)N)[C@H](O)[C@H]3NC(=N)N)O[C@@H](C)[C@]2(O)C=O)O[C@@H](CO)[C@H](O)[C@H]1O,0,C1CCC(OC2OCCC2OC2CCCCO2)CC1,CC(=O)N[C@@H]1[C@@H](O[C@H](C)C(=O)O)[C@H](O)[C@@H](CO)O[C@@H]1O,0,C1CCOCC1,0.2492359932088285,0,7.635456021323903e-08
CN[C@@H]1[C@H](O[C@H]2[C@H](O[C@@H]3[C@@H](O)[C@H](O)[C@@H](NC(=N)N)[C@H](O)[C@H]3NC(=N)N)O[C@@H](C)[C@]2(O)C=O)O[C@@H](CO)[C@H](O)[C@H]1O,0,C1CCC(OC2OCCC2OC2CCCCO2)CC1,NC[C@@H]1O[C@H](O[C@H]2[C@@H](O)[C@H](O[C@@H]3[C@@H](O)[C@H](N)C[C@H](N)[C@H]3O[C@H]3O[C@H](CN)[C@@H](O)[C@H](O)[C@H]3N)O[C@@H]2CO)[C@H](N)[C@@H](O)[C@@H]1O,0,C1CCC(OC2COC(OC3CCCCC3OC3CCCCO3)C2)OC1,0.24854541416833226,0,1.045698019419983e-07
COc1ccc(CC2c3cc(OC)c(OC)cc3CCN2C)cc1OC,0,c1ccc(CC2NCCc3ccccc32)cc1,COc1ccc2cc1Oc1ccc(cc1)C[C@H]1c3cc(c(OC)cc3CCN1C)Oc1c(OC)c(OC)cc3c1[C@H](C2)N(C)CC3,0,c1cc2cc(c1)Oc1ccc(cc1)CC1NCCc3ccc(cc31)Oc1cccc3c1C(C2)NCC3,0.4486786018755328,0,7.759135439875838e-06
COc1ccc(CC2c3cc(OC)c(OC)cc3CCN2C)cc1OC,0,c1ccc(CC2NCCc3ccccc32)cc1,COc1ccc(C[C@@](C)(N)C(=O)O)cc1OC,0,c1ccccc1,0.345748987854251,0,0.0008180497798950765
COc1ccc(CC2c3cc(OC)c(OC)cc3CCN2C)cc1OC,0,c1ccc(CC2NCCc3ccccc32)cc1,CN1CCc2cc3c(cc2[C@H]1[C@@H]1OC(=O)c2c1ccc1c2OCO1)OCO3,0,O=C1OC(C2NCCc3cc4c(cc32)OCO4)c2ccc3c(c21)OCO3,0.31606060606060604,0,0.0007518111889385611
COc1ccc(CC2c3cc(OC)c(OC)cc3CCN2C)cc1OC,0,c1ccc(CC2NCCc3ccccc32)cc1,COc1cc2c(c(OC)c1OC)-c1ccc(O)c(=O)cc1[C@@H](N)CC2,0,O=c1cccc2c(c1)CCCc1ccccc1-2,0.25628959276018104,0,0.00011011476985916219
CC1/C=C/C=C/CC/C=C/C=C/C=C/C=C/C(O[C@@H]2O[C@H](C)[C@@H](O)[C@H](N)[C@@H]2O)CC(O)C(C(=O)O)C(O)CC(=O)CC(O)C(O)CCC(O)CC(O)CC(O)CC(=O)OC(C)C(C)C1O,0,O=C1CCCCCCCCCCCC(=O)OCCCCC=CC=CCCC=CC=CC=CC=CC(OC2CCCCO2)CCCCC1,CCC(=O)O[C@@H]1CC(=O)O[C@H](C)C/C=C/C=C/[C@@H](O)[C@H](C)C[C@H](CC=O)[C@H](O[C@H]2O[C@H](C)[C@@H](O[C@H]3C[C@@](C)(O)[C@@H](OC(=O)CC)[C@H](C)O3)[C@H](N(C)C)[C@H]2O)[C@H]1OC,0,O=C1CCCC(OC2CCC(OC3CCCCO3)CO2)CCCCC=CC=CCCO1,0.2430388949472919,0,1.9882081306743906e-06
CC1/C=C/C=C/CC/C=C/C=C/C=C/C=C/C(O[C@@H]2O[C@H](C)[C@@H](O)[C@H](N)[C@@H]2O)CC(O)C(C(=O)O)C(O)CC(=O)CC(O)C(O)CCC(O)CC(O)CC(O)CC(=O)OC(C)C(C)C1O,0,O=C1CCCCCCCCCCCC(=O)OCCCCC=CC=CCCC=CC=CC=CC=CC(OC2CCCCO2)CCCCC1,C[C@H]1CC[C@@H]2[C@@H](C)[C@H]3[C@H](C[C@H]4[C@@H]5CC=C6C[C@@H](O[C@@H]7O[C@H](CO)[C@H](O)[C@H](O[C@@H]8O[C@H](CO)[C@@H](O)[C@H](O)[C@H]8O)[C@H]7O[C@@H]7O[C@@H](C)[C@H](O)[C@@H](O)[C@H]7O)CC[C@]6(C)[C@H]5CC[C@]34C)N2C1,0,C1=C2CC(OC3OCCC(OC4CCCCO4)C3OC3CCCCO3)CCC2C2CCC3C(CC4C3CC3CCCCN34)C2C1,0.18677276746242266,0,3.0236611125165456e-06
CC1/C=C/C=C/CC/C=C/C=C/C=C/C=C/C(O[C@@H]2O[C@H](C)[C@@H](O)[C@H](N)[C@@H]2O)CC(O)C(C(=O)O)C(O)CC(=O)CC(O)C(O)CCC(O)CC(O)CC(O)CC(=O)OC(C)C(C)C1O,0,O=C1CCCCCCCCCCCC(=O)OCCCCC=CC=CCCC=CC=CC=CC=CC(OC2CCCCO2)CCCCC1,CN[C@H]1[C@@H](O)[C@H](O[C@H]2[C@@H](O)[C@@H](OC3OC(CN)=CCC3N)[C@H](N)C[C@@H]2N)OC[C@@]1(C)O,0,C1=COC(OC2CCCC(OC3CCCCO3)C2)CC1,0.1774434250764526,0,2.9775707915140294e-07
CC1/C=C/C=C/CC/C=C/C=C/C=C/C=C/C(O[C@@H]2O[C@H](C)[C@@H](O)[C@H](N)[C@@H]2O)CC(O)C(C(=O)O)C(O)CC(=O)CC(O)C(O)CCC(O)CC(O)CC(O)CC(=O)OC(C)C(C)C1O,0,O=C1CCCCCCCCCCCC(=O)OCCCCC=CC=CCCC=CC=CC=CC=CC(OC2CCCCO2)CCCCC1,CC1=CC(=O)C2=C(C)C[C@H](O)[C@@H]3[C@H](OC(=O)[C@H]3C)[C@@H]12,0,O=C1CC2CCC=C3C(=O)C=CC3C2O1,0.17294210943695482,0,1.4415994790203688e-05
CN1CC[C@]23c4ccccc4N[C@H]1[C@]21CCN(C)[C@H]3Nc2ccccc21,0,c1ccc2c(c1)NC1NCCC23C2NCCC13c1ccccc1N2,CN1CC[C@@]2(C)c3cc(O)ccc3N(C)[C@H]12,0,c1ccc2c(c1)NC1NCCC21,0.2798139534883721,0,5.305135894740099e-05
CN1CC[C@]23c4ccccc4N[C@H]1[C@]21CCN(C)[C@H]3Nc2ccccc21,0,c1ccc2c(c1)NC1NCCC23C2NCCC13c1ccccc1N2,C[C@]12N[C@H](Cc3ccccc31)c1ccccc12,0,c1ccc2c(c1)CC1NC2c2ccccc21,0.242093156986774,0,0.000793906220882296
CN1CC[C@]23c4ccccc4N[C@H]1[C@]21CCN(C)[C@H]3Nc2ccccc21,0,c1ccc2c(c1)NC1NCCC23C2NCCC13c1ccccc1N2,CN1Cc2c(N)cccc2C(c2ccccc2)C1,0,c1ccc(C2CNCc3ccccc32)cc1,0.24145299145299148,0,0.0007595747175701741
CN1CC[C@]23c4ccccc4N[C@H]1[C@]21CCN(C)[C@H]3Nc2ccccc21,0,c1ccc2c(c1)NC1NCCC23C2NCCC13c1ccccc1N2,CNC(=O)Oc1ccc2c(c1)[C@]1(C)CCN(C)[C@@H]1N2C,0,c1ccc2c(c1)NC1NCCC21,0.2377304964539007,0,1.7865171155988727e-05
CC(C)C[C@H]1C(=O)N2CCC[C@H]2[C@]2(O)O[C@](NC(=O)[C@@H]3C=C4c5cccc6[nH]cc(c56)C[C@H]4N(C)C3)(C(C)C)C(=O)N12,0,O=C(NC1OC2C3CCCN3C(=O)CN2C1=O)C1C=C2c3cccc4[nH]cc(c34)CC2NC1,CC(C)[C@@]1(NC(=O)[C@@H]2C[C@@H]3c4cccc5[nH]cc(c45)C[C@H]3N(C)C2)O[C@@]2(O)[C@@H]3CCCN3C(=O)[C@H](Cc3ccccc3)N2C1=O,0,O=C(NC1OC2C3CCCN3C(=O)C(Cc3ccccc3)N2C1=O)C1CNC2Cc3c[nH]c4cccc(c34)C2C1,0.626196335794367,0,2.4111528897026564e-05
CC(C)C[C@H]1C(=O)N2CCC[C@H]2[C@]2(O)O[C@](NC(=O)[C@@H]3C=C4c5cccc6[nH]cc(c56)C[C@H]4N(C)C3)(C(C)C)C(=O)N12,0,O=C(NC1OC2C3CCCN3C(=O)CN2C1=O)C1C=C2c3cccc4[nH]cc(c34)CC2NC1,CN1C[C@H](C(=O)N[C@]2(C)O[C@@]3(O)[C@@H]4CCCN4C(=O)[C@H](Cc4ccccc4)N3C2=O)CC2c3cccc4[nH]cc(c34)C[C@H]21,0,O=C(NC1OC2C3CCCN3C(=O)C(Cc3ccccc3)N2C1=O)C1CNC2Cc3c[nH]c4cccc(c34)C2C1,0.5392535392535392,0,2.4111528897026564e-05
CC(C)C[C@H]1C(=O)N2CCC[C@H]2[C@]2(O)O[C@](NC(=O)[C@@H]3C=C4c5cccc6[nH]cc(c56)C[C@H]4N(C)C3)(C(C)C)C(=O)N12,0,O=C(NC1OC2C3CCCN3C(=O)CN2C1=O)C1C=C2c3cccc4[nH]cc(c34)CC2NC1,CC[C@@H](CO)NC(=O)[C@@H]1C=C2c3cccc4[nH]cc(c34)C[C@H]2N(C)C1,0,C1=C2c3cccc4[nH]cc(c34)CC2NCC1,0.5187117046347212,0,3.096393864933488e-07
CC(C)C[C@H]1C(=O)N2CCC[C@H]2[C@]2(O)O[C@](NC(=O)[C@@H]3C=C4c5cccc6[nH]cc(c56)C[C@H]4N(C)C3)(C(C)C)C(=O)N12,0,O=C(NC1OC2C3CCCN3C(=O)CN2C1=O)C1C=C2c3cccc4[nH]cc(c34)CC2NC1,CN1C[C@H](CO)C=C2c3cccc4[nH]cc(c34)C[C@H]21,0,C1=C2c3cccc4[nH]cc(c34)CC2NCC1,0.4346497252747253,0,3.7210662388435293e-08
O=C1C=CC(=O)c2c1ccc1c2ccc2ccccc21,0,O=C1C=CC(=O)c2c1ccc1c2ccc2ccccc21,CC(=O)c1cc2ccccc2oc1=O,0,O=c1ccc2ccccc2o1,0.2171277997364954,0,0.00804431429834499
O=C1C=CC(=O)c2c1ccc1c2ccc2ccccc21,0,O=C1C=CC(=O)c2c1ccc1c2ccc2ccccc21,Cc1c(O)c(=O)n(-c2ccccc2)n1C,0,O=c1cc[nH]n1-c1ccccc1,0.20813397129186603,0,0.019419029772664336
O=C1C=CC(=O)c2c1ccc1c2ccc2ccccc21,0,O=C1C=CC(=O)c2c1ccc1c2ccc2ccccc21,CC(=O)Nc1cc2ccccc2oc1=O,0,O=c1ccc2ccccc2o1,0.18904403866809882,0,0.0574723352967875
O=C1C=CC(=O)c2c1ccc1c2ccc2ccccc21,0,O=C1C=CC(=O)c2c1ccc1c2ccc2ccccc21,CC(C)=CCC/C(C)=C/CC1=C(C)C(=O)c2ccccc2C1=O,0,O=C1C=CC(=O)c2ccccc21,0.18733137829912022,0,0.04275907080241272
Cn1nnnc1SCC1=C(C(=O)O)N2C(=O)[C@@H](NC(=O)[C@H](O)c3ccccc3)[C@H]2SC1,0,O=C(Cc1ccccc1)NC1C(=O)N2C=C(CSc3nnn[nH]3)CSC12,CO[C@@]1(NC(=O)CSCC#N)C(=O)N2C(C(=O)O)=C(CSc3nnnn3C)CS[C@@H]21,0,O=C1CC2SCC(CSc3nnn[nH]3)=CN12,0.4650811874692472,0,0.00020401844006289081
Cn1nnnc1SCC1=C(C(=O)O)N2C(=O)[C@@H](NC(=O)[C@H](O)c3ccccc3)[C@H]2SC1,0,O=C(Cc1ccccc1)NC1C(=O)N2C=C(CSc3nnn[nH]3)CSC12,CO[C@@]1(NC(=O)[C@H](C(=O)O)c2ccc(O)cc2)C(=O)N2C(C(=O)O)=C(CSc3nnnn3C)CO[C@@H]21,0,O=C(Cc1ccccc1)NC1C(=O)N2C=C(CSc3nnn[nH]3)COC12,0.4621646623496763,0,7.162096447144589e-05
Cn1nnnc1SCC1=C(C(=O)O)N2C(=O)[C@@H](NC(=O)[C@H](O)c3ccccc3)[C@H]2SC1,0,O=C(Cc1ccccc1)NC1C(=O)N2C=C(CSc3nnn[nH]3)CSC12,CC(=O)OCC1=C(C(=O)O)N2C(=O)[C@@H](NC(=O)Cc3cccs3)[C@H]2SC1,0,O=C(Cc1cccs1)NC1C(=O)N2C=CCSC12,0.41498599439775913,0,2.9116884974482822e-05
Cn1nnnc1SCC1=C(C(=O)O)N2C(=O)[C@@H](NC(=O)[C@H](O)c3ccccc3)[C@H]2SC1,0,O=C(Cc1ccccc1)NC1C(=O)N2C=C(CSc3nnn[nH]3)CSC12,CC1(C)S[C@@H]2[C@H](NC(=O)[C@H](NC(=O)N3CCNC3=O)c3ccccc3)C(=O)N2[C@H]1C(=O)O,0,O=C(NC1C(=O)N2CCSC12)C(NC(=O)N1CCNC1=O)c1ccccc1,0.2870300204022151,0,0.0010960804011587802
c1cncc(C2=NCCC2)c1,0,c1cncc(C2=NCCC2)c1,CN(C)CCC(c1ccccc1)c1ccccn1,0,c1ccc(Cc2ccccn2)cc1,0.17218045112781954,0,0.023514538423503043
c1cncc(C2=NCCC2)c1,0,c1cncc(C2=NCCC2)c1,CN(C)CCOC(C)(c1ccccc1)c1ccccn1,0,c1ccc(Cc2ccccn2)cc1,0.16419696272434423,0,0.02641840099918393
c1cncc(C2=NCCC2)c1,0,c1cncc(C2=NCCC2)c1,CC1=NCCc2c1[nH]c1cc(O)ccc21,0,C1=NCCc2c1[nH]c1ccccc21,0.1630769230769231,0,0.02198495857063473
c1cncc(C2=NCCC2)c1,0,c1cncc(C2=NCCC2)c1,CN(C)CCC(c1ccc(Cl)cc1)c1ccccn1,0,c1ccc(Cc2ccccn2)cc1,0.16084656084656085,0,0.014393641639321572
Cn1cnc([N+](=O)[O-])c1Sc1ncnc2[nH]cnc12,0,c1nc(Sc2cnc[nH]2)c2nc[nH]c2n1,CNc1ncnc2c1ncn2[C@@H]1O[C@H](CO)[C@@H](O)[C@H]1O,0,c1ncc2ncn(C3CCCO3)c2n1,0.17873693775556565,0,0.007926776050532618
Cn1cnc([N+](=O)[O-])c1Sc1ncnc2[nH]cnc12,0,c1nc(Sc2cnc[nH]2)c2nc[nH]c2n1,c1ccc(CNc2ncnc3nc[nH]c23)cc1,0,c1ccc(CNc2ncnc3nc[nH]c23)cc1,0.1738636363636364,0,0.020292960664869783
Cn1cnc([N+](=O)[O-])c1Sc1ncnc2[nH]cnc12,0,c1nc(Sc2cnc[nH]2)c2nc[nH]c2n1,Nc1ncnc2c1ncn2C1O[C@H](CO)[C@@H](O)[C@@H]1O,0,c1ncc2ncn(C3CCCO3)c2n1,0.15904761904761905,0,0.007926776050532618
Cn1cnc([N+](=O)[O-])c1Sc1ncnc2[nH]cnc12,0,c1nc(Sc2cnc[nH]2)c2nc[nH]c2n1,CN/C(=C/[N+](=O)[O-])NCCSCc1csc(CN(C)C)n1,0,c1cscn1,0.1572139303482587,0,0.0006480992893243206
CN/C(=C/[N+](=O)[O-])NCCSCc1csc(CN(C)C)n1,0,c1cscn1,N=C(CCSCc1csc(N=C(N)N)n1)NS(N)(=O)=O,0,c1cscn1,0.2653965440850687,0,0.0007537613186822066
CN/C(=C/[N+](=O)[O-])NCCSCc1csc(CN(C)C)n1,0,c1cscn1,CNCCc1ccccn1,0,c1ccncc1,0.15739795918367347,0,0.0028172708631905596
CN/C(=C/[N+](=O)[O-])NCCSCc1csc(CN(C)C)n1,0,c1cscn1,Cn1cnc([N+](=O)[O-])c1Sc1ncnc2[nH]cnc12,0,c1nc(Sc2cnc[nH]2)c2nc[nH]c2n1,0.1572139303482587,0,0.0009353907680880694
CN/C(=C/[N+](=O)[O-])NCCSCc1csc(CN(C)C)n1,0,c1cscn1,CN(C)Cc1c[nH]c2ccccc12,0,c1ccc2[nH]ccc2c1,0.1430531732418525,0,0.0013272121997573536
N=C(CCSCc1csc(N=C(N)N)n1)NS(N)(=O)=O,0,c1cscn1,CN/C(=C/[N+](=O)[O-])NCCSCc1csc(CN(C)C)n1,0,c1cscn1,0.2653965440850687,0,7.874670512307326e-05
N=C(CCSCc1csc(N=C(N)N)n1)NS(N)(=O)=O,0,c1cscn1,N/C(=N\C(=O)c1nc(Cl)c(N)nc1N)NCc1ccccc1,0,O=C(N=CNCc1ccccc1)c1cnccn1,0.15830115830115832,0,0.0046695083750575
N=C(CCSCc1csc(N=C(N)N)n1)NS(N)(=O)=O,0,c1cscn1,CN(C)CCCSC(=N)N,0,,0.14677244861161198,0,0.015540022898143404
N=C(CCSCc1csc(N=C(N)N)n1)NS(N)(=O)=O,0,c1cscn1,N=C(N)NOCC[C@H](N)C(=O)O,0,,0.14575866188769415,0,0.03877768505667691
CN1CCC(=C2c3ccccc3Sc3ccccc32)CC1,0,c1ccc2c(c1)Sc1ccccc1C2=C1CCNCC1,CN1CCC(=C2c3ccccc3CCc3sccc32)CC1,0,c1ccc2c(c1)CCc1sccc1C2=C1CCNCC1,0.5323076923076924,0,0.0008287885231429293
CN1CCC(=C2c3ccccc3Sc3ccccc32)CC1,0,c1ccc2c(c1)Sc1ccccc1C2=C1CCNCC1,CSc1ccc2c(c1)C(N1CCN(C)CC1)Cc1ccccc1S2,0,c1ccc2c(c1)CC(N1CCNCC1)c1ccccc1S2,0.35101214574898787,0,0.0005897787301925443
CN1CCC(=C2c3ccccc3Sc3ccccc32)CC1,0,c1ccc2c(c1)Sc1ccccc1C2=C1CCNCC1,CC(=O)c1ccc2c(c1)N(CCCN(C)C)c1ccccc1S2,0,c1ccc2c(c1)Nc1ccccc1S2,0.2719298245614035,0,0.02888630811313857
CN1CCC(=C2c3ccccc3Sc3ccccc32)CC1,0,c1ccc2c(c1)Sc1ccccc1C2=C1CCNCC1,CN1CC[C@]23c4ccccc4N[C@H]1[C@]21CCN(C)[C@H]3Nc2ccccc21,0,c1ccc2c(c1)NC1NCCC23C2NCCC13c1ccccc1N2,0.23693693693693696,0,0.0001807685959362339
CNC(=O)Oc1ccc2c(c1)[C@]1(C)CCN(C)[C@@H]1N2C,0,c1ccc2c(c1)NC1NCCC21,CN1CC[C@@]2(C)c3cc(O)ccc3N(C)[C@H]12,0,c1ccc2c(c1)NC1NCCC21,0.593469387755102,0,0.00035804207727384215
CNC(=O)Oc1ccc2c(c1)[C@]1(C)CCN(C)[C@@H]1N2C,0,c1ccc2c(c1)NC1NCCC21,CN1CC[C@]23c4ccccc4N[C@H]1[C@]21CCN(C)[C@H]3Nc2ccccc21,0,c1ccc2c(c1)NC1NCCC23C2NCCC13c1ccccc1N2,0.2377304964539007,0,3.59611665107762e-05
CNC(=O)Oc1ccc2c(c1)[C@]1(C)CCN(C)[C@@H]1N2C,0,c1ccc2c(c1)NC1NCCC21,COc1cc(N)c(Cl)cc1C(=O)NC1CCN(Cc2ccccc2)CC1,0,O=C(NC1CCN(Cc2ccccc2)CC1)c1ccccc1,0.20613602231280845,0,0.0002799575476485622
CNC(=O)Oc1ccc2c(c1)[C@]1(C)CCN(C)[C@@H]1N2C,0,c1ccc2c(c1)NC1NCCC21,COc1ccc(CC2c3cc(OC)c(OC)cc3CCN2C)cc1OC,0,c1ccc(CC2NCCc3ccccc32)cc1,0.19870490286771508,0,1.8436922995422545e-05
CN1CC[C@@]2(C)c3cc(O)ccc3N(C)[C@H]12,0,c1ccc2c(c1)NC1NCCC21,CNC(=O)Oc1ccc2c(c1)[C@]1(C)CCN(C)[C@@H]1N2C,0,c1ccc2c(c1)NC1NCCC21,0.593469387755102,0,0.00015607195972714235
CN1CC[C@@]2(C)c3cc(O)ccc3N(C)[C@H]12,0,c1ccc2c(c1)NC1NCCC21,CN1CC[C@]23c4ccccc4N[C@H]1[C@]21CCN(C)[C@H]3Nc2ccccc21,0,c1ccc2c(c1)NC1NCCC23C2NCCC13c1ccccc1N2,0.2798139534883721,0,4.654112404137185e-05
CN1CC[C@@]2(C)c3cc(O)ccc3N(C)[C@H]12,0,c1ccc2c(c1)NC1NCCC21,CC[C@H]1C2C[C@H]3[C@@H]4N(C)c5ccccc5C45C[C@H](C2[C@H]5O)N3[C@@H]1O,0,c1ccc2c(c1)NC1C3CC4CCN3C3CC21CC43,0.22870264064293916,0,7.857183928096111e-05
CN1CC[C@@]2(C)c3cc(O)ccc3N(C)[C@H]12,0,c1ccc2c(c1)NC1NCCC21,COc1ccc(CC2c3cc(OC)c(OC)cc3CCN2C)cc1OC,0,c1ccc(CC2NCCc3ccccc32)cc1,0.2,0,2.386128225268029e-05
C=C1C/C(=C/C)C(=O)O[C@@H]2CCN3CC=C(COC(=O)[C@]1(C)O)[C@H]23,0,C=C1CC(=C)C(=O)OC2CCN3CC=C(COC(=O)C1)C23,CO[C@H](C)C(O)(C(=O)OCC1=CCN2CC[C@H](O)[C@@H]12)C(C)C,0,C1=CC2CCCN2C1,0.2809447128287708,0,0.0001678064795673744
C=C1C/C(=C/C)C(=O)O[C@@H]2CCN3CC=C(COC(=O)[C@]1(C)O)[C@H]23,0,C=C1CC(=C)C(=O)OC2CCN3CC=C(COC(=O)C1)C23,C=C1C(=O)O[C@@H]2[C@H]3O[C@]3(C)CC/C=C(\C)CC[C@@H]12,0,C=C1C(=O)OC2C1CCC=CCCC1OC12,0.22442105263157897,0,2.966531751777232e-06
C=C1C/C(=C/C)C(=O)O[C@@H]2CCN3CC=C(COC(=O)[C@]1(C)O)[C@H]23,0,C=C1CC(=C)C(=O)OC2CCN3CC=C(COC(=O)C1)C23,CC1(O)CCOC(=O)C1,0,O=C1CCCCO1,0.2053501180173092,0,0.002161607571728955
C=C1C/C(=C/C)C(=O)O[C@@H]2CCN3CC=C(COC(=O)[C@]1(C)O)[C@H]23,0,C=C1CC(=C)C(=O)OC2CCN3CC=C(COC(=O)C1)C23,C[C@]12CC[C@H](O)C[C@@H]1CC[C@@H]1[C@@H]2CC[C@]2(C)C(=O)CC[C@@H]12,0,O=C1CCC2C1CCC1C3CCCCC3CCC21,0.15708502024291499,0,0.0002855846333991135
C[C@H]1[C@H](C)CC[C@]2(C(=O)O)CC[C@]3(C)C(=CC[C@@H]4[C@@]5(C)CC[C@H](O)C(C)(C)[C@@H]5CC[C@]43C)[C@H]12,0,C1=C2C3CCCCC3CCC2C2CCC3CCCCC3C2C1,C=C(C)[C@@H]1CC[C@]2(C(=O)O)CC[C@]3(C)[C@H](CC[C@@H]4[C@@]5(C)CC[C@H](O)C(C)(C)[C@@H]5CC[C@]43C)[C@@H]12,0,C1CCC2C(C1)CCC1C2CCC2C3CCCC3CCC21,0.47785714285714287,0,0.0039212314762146145
C[C@H]1[C@H](C)CC[C@]2(C(=O)O)CC[C@]3(C)C(=CC[C@@H]4[C@@]5(C)CC[C@H](O)C(C)(C)[C@@H]5CC[C@]43C)[C@H]12,0,C1=C2C3CCCCC3CCC2C2CCC3CCCCC3C2C1,C=C(C)[C@@H]1CC[C@]2(CO)CC[C@]3(C)[C@H](CC[C@@H]4[C@@]5(C)CC[C@H](O)C(C)(C)[C@@H]5CC[C@]43C)[C@@H]12,0,C1CCC2C(C1)CCC1C2CCC2C3CCCC3CCC21,0.32781954887218046,0,0.0030413379857717597
C[C@H]1[C@H](C)CC[C@]2(C(=O)O)CC[C@]3(C)C(=CC[C@@H]4[C@@]5(C)CC[C@H](O)C(C)(C)[C@@H]5CC[C@]43C)[C@H]12,0,C1=C2C3CCCCC3CCC2C2CCC3CCCCC3C2C1,CC1(C)[C@@H](OC(=O)CCC(=O)O)CC[C@]2(C)[C@H]3C(=O)C=C4[C@@H]5C[C@@](C)(C(=O)O)CC[C@]5(C)CC[C@@]4(C)[C@]3(C)CC[C@@H]12,0,O=C1C=C2C3CCCCC3CCC2C2CCC3CCCCC3C12,0.3227168234064786,0,0.004103545776620142
C[C@H]1[C@H](C)CC[C@]2(C(=O)O)CC[C@]3(C)C(=CC[C@@H]4[C@@]5(C)CC[C@H](O)C(C)(C)[C@@H]5CC[C@]43C)[C@H]12,0,C1=C2C3CCCCC3CCC2C2CCC3CCCCC3C2C1,C[C@H](CCC(=O)O)[C@H]1CC[C@H]2[C@@H]3CC[C@@H]4C[C@H](O)CC[C@]4(C)[C@H]3CC[C@]12C,0,C1CCC2C(C1)CCC1C3CCCC3CCC21,0.2345117845117845,0,0.00633138710180392
C[C@]12N[C@H](Cc3ccccc31)c1ccccc12,0,c1ccc2c(c1)CC1NC2c2ccccc21,CN1CC[C@]23c4ccccc4N[C@H]1[C@]21CCN(C)[C@H]3Nc2ccccc21,0,c1ccc2c(c1)NC1NCCC23C2NCCC13c1ccccc1N2,0.242093156986774,0,8.224075954648028e-05
C[C@]12N[C@H](Cc3ccccc31)c1ccccc12,0,c1ccc2c(c1)CC1NC2c2ccccc21,C[C@@H]1NCCc2cc(O)c(O)cc21,0,c1ccc2c(c1)CCNC2,0.2120322817314747,0,0.04026210612592311
C[C@]12N[C@H](Cc3ccccc31)c1ccccc12,0,c1ccc2c(c1)CC1NC2c2ccccc21,CSc1ccc2c(c1)C(N1CCN(C)CC1)Cc1ccccc1S2,0,c1ccc2c(c1)CC(N1CCNCC1)c1ccccc1S2,0.19885057471264367,0,0.0005155997831789493
C[C@]12N[C@H](Cc3ccccc31)c1ccccc12,0,c1ccc2c(c1)CC1NC2c2ccccc21,CN1Cc2c(N)cccc2C(c2ccccc2)C1,0,c1ccc(C2CNCc3ccccc32)cc1,0.19273504273504274,0,0.016618216314723558
NCCNc1cccc2ccccc12,1,c1ccc2ccccc2c1,O=C1C=CC(=O)c2c1ccc1c2ccc2ccccc21,0,O=C1C=CC(=O)c2c1ccc1c2ccc2ccccc21,0.23714285714285713,1,0.9578920130409306
NCCNc1cccc2ccccc12,1,c1ccc2ccccc2c1,CNCCc1ccccn1,0,c1ccncc1,0.2163636363636364,1,0.9363105642734293
NCCNc1cccc2ccccc12,1,c1ccc2ccccc2c1,N=C(N)NCc1cccc(I)c1,0,c1ccccc1,0.2076681332495286,1,0.9849097566571846
NCCNc1cccc2ccccc12,1,c1ccc2ccccc2c1,N/C(=N\C(=O)c1nc(Cl)c(N)nc1N)NCc1ccccc1,0,O=C(N=CNCc1ccccc1)c1cnccn1,0.18553191489361706,1,0.8321507182385056
COc1cc(N)c(Cl)cc1C(=O)NC1CCN(Cc2ccccc2)CC1,0,O=C(NC1CCN(Cc2ccccc2)CC1)c1ccccc1,COc1ccc(C[C@@](C)(N)C(=O)O)cc1OC,0,c1ccccc1,0.2565034965034965,0,0.00027398234814593247
COc1cc(N)c(Cl)cc1C(=O)NC1CCN(Cc2ccccc2)CC1,0,O=C(NC1CCN(Cc2ccccc2)CC1)c1ccccc1,COc1ccc(CC2c3cc(OC)c(OC)cc3CCN2C)cc1OC,0,c1ccc(CC2NCCc3ccccc32)cc1,0.24613756613756613,0,3.1147718653532434e-05
COc1cc(N)c(Cl)cc1C(=O)NC1CCN(Cc2ccccc2)CC1,0,O=C(NC1CCN(Cc2ccccc2)CC1)c1ccccc1,N/C(=N\C(=O)c1nc(Cl)c(N)nc1N)NCc1ccccc1,0,O=C(N=CNCc1ccccc1)c1cnccn1,0.22505362505362506,0,0.00024958052795013837
COc1cc(N)c(Cl)cc1C(=O)NC1CCN(Cc2ccccc2)CC1,0,O=C(NC1CCN(Cc2ccccc2)CC1)c1ccccc1,CCCCCN(CCCCC)C(=O)C(CCC(=O)O)NC(=O)c1ccc(Cl)c(Cl)c1,0,c1ccccc1,0.21704108480064765,0,0.0005090321729226498
Nc1cc(S(=O)(=O)O)cc2cc(S(=O)(=O)O)c(/N=N/c3ccc(-c4ccc(/N=N/c5c(S(=O)(=O)O)cc6cc(S(=O)(=O)O)cc(N)c6c5O)cc4)cc3)c(O)c12,1,c1ccc2cc(N=Nc3ccc(-c4ccc(N=Nc5ccc6ccccc6c5)cc4)cc3)ccc2c1,COc1cc(-c2ccc(/N=N/c3ccc4c(S(=O)(=O)O)cc(S(=O)(=O)O)c(N)c4c3O)c(OC)c2)ccc1/N=N/c1ccc2c(S(=O)(=O)O)cc(S(=O)(=O)O)c(N)c2c1O,0,c1ccc2cc(N=Nc3ccc(-c4ccc(N=Nc5ccc6ccccc6c5)cc4)cc3)ccc2c1,0.37335515548281506,1,0.9999997178875539
Nc1cc(S(=O)(=O)O)cc2cc(S(=O)(=O)O)c(/N=N/c3ccc(-c4ccc(/N=N/c5c(S(=O)(=O)O)cc6cc(S(=O)(=O)O)cc(N)c6c5O)cc4)cc3)c(O)c12,1,c1ccc2cc(N=Nc3ccc(-c4ccc(N=Nc5ccc6ccccc6c5)cc4)cc3)ccc2c1,Nc1ccccc1S(N)(=O)=O,0,c1ccccc1,0.1963636363636364,1,0.9998753624988486
Nc1cc(S(=O)(=O)O)cc2cc(S(=O)(=O)O)c(/N=N/c3ccc(-c4ccc(/N=N/c5c(S(=O)(=O)O)cc6cc(S(=O)(=O)O)cc(N)c6c5O)cc4)cc3)c(O)c12,1,c1ccc2cc(N=Nc3ccc(-c4ccc(N=Nc5ccc6ccccc6c5)cc4)cc3)ccc2c1,CC(=O)[N]([Na])S(=O)(=O)c1ccc(N)cc1,0,c1ccccc1,0.16771826852531185,1,0.9999654912569133
Nc1cc(S(=O)(=O)O)cc2cc(S(=O)(=O)O)c(/N=N/c3ccc(-c4ccc(/N=N/c5c(S(=O)(=O)O)cc6cc(S(=O)(=O)O)cc(N)c6c5O)cc4)cc3)c(O)c12,1,c1ccc2cc(N=Nc3ccc(-c4ccc(N=Nc5ccc6ccccc6c5)cc4)cc3)ccc2c1,Nc1c(O)cccc1C(=O)CC(N)C(=O)O,0,c1ccccc1,0.16,1,0.9999442360421416
COc1cc(-c2ccc(/N=N/c3c(S(=O)(=O)O)cc4cc(S(=O)(=O)O)cc(N)c4c3O)c(OC)c2)ccc1/N=N/c1c(S(=O)(=O)O)cc2cc(S(=O)(=O)O)cc(N)c2c1O,1,c1ccc2cc(N=Nc3ccc(-c4ccc(N=Nc5ccc6ccccc6c5)cc4)cc3)ccc2c1,COc1cc(-c2ccc(/N=N/c3ccc4c(S(=O)(=O)O)cc(S(=O)(=O)O)c(N)c4c3O)c(OC)c2)ccc1/N=N/c1ccc2c(S(=O)(=O)O)cc(S(=O)(=O)O)c(N)c2c1O,0,c1ccc2cc(N=Nc3ccc(-c4ccc(N=Nc5ccc6ccccc6c5)cc4)cc3)ccc2c1,0.5937277263007841,1,0.9999920476002977
COc1cc(-c2ccc(/N=N/c3c(S(=O)(=O)O)cc4cc(S(=O)(=O)O)cc(N)c4c3O)c(OC)c2)ccc1/N=N/c1c(S(=O)(=O)O)cc2cc(S(=O)(=O)O)cc(N)c2c1O,1,c1ccc2cc(N=Nc3ccc(-c4ccc(N=Nc5ccc6ccccc6c5)cc4)cc3)ccc2c1,COc1ccc(C[C@@](C)(N)C(=O)O)cc1OC,0,c1ccccc1,0.22239819004524886,1,0.5412362139292959
COc1cc(-c2ccc(/N=N/c3c(S(=O)(=O)O)cc4cc(S(=O)(=O)O)cc(N)c4c3O)c(OC)c2)ccc1/N=N/c1c(S(=O)(=O)O)cc2cc(S(=O)(=O)O)cc(N)c2c1O,1,c1ccc2cc(N=Nc3ccc(-c4ccc(N=Nc5ccc6ccccc6c5)cc4)cc3)ccc2c1,COc1cc2ccc(=O)oc2cc1O,0,O=c1ccc2ccccc2o1,0.21333333333333335,0,0.44011051427234554
COc1cc(-c2ccc(/N=N/c3c(S(=O)(=O)O)cc4cc(S(=O)(=O)O)cc(N)c4c3O)c(OC)c2)ccc1/N=N/c1c(S(=O)(=O)O)cc2cc(S(=O)(=O)O)cc(N)c2c1O,1,c1ccc2cc(N=Nc3ccc(-c4ccc(N=Nc5ccc6ccccc6c5)cc4)cc3)ccc2c1,COc1cc(N)c(Cl)cc1C(=O)NC1CCN(Cc2ccccc2)CC1,0,O=C(NC1CCN(Cc2ccccc2)CC1)c1ccccc1,0.19061624649859946,1,0.992979303894965
Nc1cc(S(=O)(=O)O)cc2cc(S(=O)(=O)O)c(/N=N/c3ccc(-c4ccc(/N=N/c5c(S(=O)(=O)O)cc6cc(S(=O)(=O)O)cc(N)c6c5O)c(O)c4)cc3O)c(O)c12,1,c1ccc2cc(N=Nc3ccc(-c4ccc(N=Nc5ccc6ccccc6c5)cc4)cc3)ccc2c1,COc1cc(-c2ccc(/N=N/c3ccc4c(S(=O)(=O)O)cc(S(=O)(=O)O)c(N)c4c3O)c(OC)c2)ccc1/N=N/c1ccc2c(S(=O)(=O)O)cc(S(=O)(=O)O)c(N)c2c1O,0,c1ccc2cc(N=Nc3ccc(-c4ccc(N=Nc5ccc6ccccc6c5)cc4)cc3)ccc2c1,0.4243589743589744,1,0.9999997658649433
Nc1cc(S(=O)(=O)O)cc2cc(S(=O)(=O)O)c(/N=N/c3ccc(-c4ccc(/N=N/c5c(S(=O)(=O)O)cc6cc(S(=O)(=O)O)cc(N)c6c5O)c(O)c4)cc3O)c(O)c12,1,c1ccc2cc(N=Nc3ccc(-c4ccc(N=Nc5ccc6ccccc6c5)cc4)cc3)ccc2c1,Nc1ccccc1S(N)(=O)=O,0,c1ccccc1,0.2008203445447088,1,0.9998983810056312
Nc1cc(S(=O)(=O)O)cc2cc(S(=O)(=O)O)c(/N=N/c3ccc(-c4ccc(/N=N/c5c(S(=O)(=O)O)cc6cc(S(=O)(=O)O)cc(N)c6c5O)c(O)c4)cc3O)c(O)c12,1,c1ccc2cc(N=Nc3ccc(-c4ccc(N=Nc5ccc6ccccc6c5)cc4)cc3)ccc2c1,Nc1c(O)cccc1C(=O)CC(N)C(=O)O,0,c1ccccc1,0.16029287524640945,1,0.9999516084092236
Nc1cc(S(=O)(=O)O)cc2cc(S(=O)(=O)O)c(/N=N/c3ccc(-c4ccc(/N=N/c5c(S(=O)(=O)O)cc6cc(S(=O)(=O)O)cc(N)c6c5O)c(O)c4)cc3O)c(O)c12,1,c1ccc2cc(N=Nc3ccc(-c4ccc(N=Nc5ccc6ccccc6c5)cc4)cc3)ccc2c1,CC(=O)[N]([Na])S(=O)(=O)c1ccc(N)cc1,0,c1ccccc1,0.1576036866359447,1,0.9999718649254047
COc1cc(-c2ccc(/N=N/c3ccc4c(S(=O)(=O)O)cc(S(=O)(=O)O)c(N)c4c3O)c(OC)c2)ccc1/N=N/c1ccc2c(S(=O)(=O)O)cc(S(=O)(=O)O)c(N)c2c1O,0,c1ccc2cc(N=Nc3ccc(-c4ccc(N=Nc5ccc6ccccc6c5)cc4)cc3)ccc2c1,COc1ccc(C[C@@](C)(N)C(=O)O)cc1OC,0,c1ccccc1,0.23547008547008547,1,0.5412362139292959
COc1cc(-c2ccc(/N=N/c3ccc4c(S(=O)(=O)O)cc(S(=O)(=O)O)c(N)c4c3O)c(OC)c2)ccc1/N=N/c1ccc2c(S(=O)(=O)O)cc(S(=O)(=O)O)c(N)c2c1O,0,c1ccc2cc(N=Nc3ccc(-c4ccc(N=Nc5ccc6ccccc6c5)cc4)cc3)ccc2c1,COc1cc2ccc(=O)oc2cc1O,0,O=c1ccc2ccccc2o1,0.21589008363201911,0,0.44011051427234554
COc1cc(-c2ccc(/N=N/c3ccc4c(S(=O)(=O)O)cc(S(=O)(=O)O)c(N)c4c3O)c(OC)c2)ccc1/N=N/c1ccc2c(S(=O)(=O)O)cc(S(=O)(=O)O)c(N)c2c1O,0,c1ccc2cc(N=Nc3ccc(-c4ccc(N=Nc5ccc6ccccc6c5)cc4)cc3)ccc2c1,COc1cc2c(c(OC)c1OC)-c1ccc(O)c(=O)cc1[C@@H](N)CC2,0,O=c1cccc2c(c1)CCCc1ccccc1-2,0.19654874892148402,0,0.023427112346430665
COc1cc(-c2ccc(/N=N/c3ccc4c(S(=O)(=O)O)cc(S(=O)(=O)O)c(N)c4c3O)c(OC)c2)ccc1/N=N/c1ccc2c(S(=O)(=O)O)cc(S(=O)(=O)O)c(N)c2c1O,0,c1ccc2cc(N=Nc3ccc(-c4ccc(N=Nc5ccc6ccccc6c5)cc4)cc3)ccc2c1,COc1ccc2c(OC)c3ccoc3nc2c1OC,0,c1ccc2nc3occc3cc2c1,0.19475113122171947,0,0.014240887953089264
CN1C2CCCC1CC(=O)C2,0,O=C1CC2CCCC(C1)N2,CN1[C@@H]2CC(=O)C[C@H]1[C@H](O)C2,0,O=C1CC2CCC(C1)N2,0.485099846390169,0,0.0001476783803872382
CN1C2CCCC1CC(=O)C2,0,O=C1CC2CCCC(C1)N2,CN1[C@@H](CC(=O)c2ccccc2)CCC[C@H]1C[C@H](O)c1ccccc1,0,O=C(CC1CCCC(CCc2ccccc2)N1)c1ccccc1,0.26333333333333336,0,0.0002824303305190843
CN1C2CCCC1CC(=O)C2,0,O=C1CC2CCCC(C1)N2,CN1CCc2cc3c(cc2[C@H]1[C@@H]1OC(=O)c2c1ccc1c2OCO1)OCO3,0,O=C1OC(C2NCCc3cc4c(cc32)OCO4)c2ccc3c(c21)OCO3,0.17012987012987016,0,0.0001194511807954242
CN1C2CCCC1CC(=O)C2,0,O=C1CC2CCCC(C1)N2,CO[C@H](C)C(O)(C(=O)OCC1=CCN2CC[C@H](O)[C@@H]12)C(C)C,0,C1=CC2CCCN2C1,0.1566960705693665,0,3.216356015367936e-05
C[C@@H]1NC(=O)NC1=O,0,O=C1CNC(=O)N1,CN1C2CCCC1CC(=O)C2,0,O=C1CC2CCCC(C1)N2,0.14807692307692308,0,0.002117172375074749
C[C@@H]1NC(=O)NC1=O,0,O=C1CNC(=O)N1,CC1(O)CCOC(=O)C1,0,O=C1CCCCO1,0.14727668845315905,0,0.021923254772964227
C[C@@H]1NC(=O)NC1=O,0,O=C1CNC(=O)N1,C[C@@H]1NCCc2cc(O)c(O)cc21,0,c1ccc2c(c1)CCNC2,0.14185094185094185,0,0.022467068036899098
C[C@@H]1NC(=O)NC1=O,0,O=C1CNC(=O)N1,CN1[C@@H]2CC(=O)C[C@H]1[C@H](O)C2,0,O=C1CC2CCC(C1)N2,0.12810810810810813,0,0.002520626511036303
Cc1c(C)c2c(c(C)c1O)CCC(C)(C(=O)O)O2,0,c1ccc2c(c1)CCCO2,CC1(O)CCOC(=O)C1,0,O=C1CCCCO1,0.18439024390243905,0,0.0028797851389673885
Cc1c(C)c2c(c(C)c1O)CCC(C)(C(=O)O)O2,0,c1ccc2c(c1)CCCO2,O=C(O)[C@]1(O)C[C@H](O)[C@@H](O)[C@@H](O)C1,0,C1CCCCC1,0.17592137592137594,0,0.004380455704452185
Cc1c(C)c2c(c(C)c1O)CCC(C)(C(=O)O)O2,0,c1ccc2c(c1)CCCO2,C=C(C)[C@@H]1CC[C@]2(C(=O)O)CC[C@]3(C)[C@H](CC[C@@H]4[C@@]5(C)CC[C@H](O)C(C)(C)[C@@H]5CC[C@]43C)[C@@H]12,0,C1CCC2C(C1)CCC1C2CCC2C3CCCC3CCC21,0.16492997198879553,0,0.0017575657167710511
Cc1c(C)c2c(c(C)c1O)CCC(C)(C(=O)O)O2,0,c1ccc2c(c1)CCCO2,C[C@H]1[C@H](C)CC[C@]2(C(=O)O)CC[C@]3(C)C(=CC[C@@H]4[C@@]5(C)CC[C@H](O)C(C)(C)[C@@H]5CC[C@]43C)[C@H]12,0,C1=C2C3CCCCC3CCC2C2CCC3CCCCC3C2C1,0.15925925925925927,0,0.0017575657167710511
COC(=O)[C@H]1[C@H]2C[C@@H]3c4[nH]c5cc(OC)ccc5c4CCN3C[C@H]2C[C@@H](OC(=O)/C=C/c2cc(OC)c(OC)c(OC)c2)[C@@H]1OC,0,O=C(C=Cc1ccccc1)OC1CCC2CC3c4[nH]c5ccccc5c4CCN3CC2C1,COC(=O)C1=CO[C@@H](C)[C@H]2CN3CCc4c([nH]c5ccccc45)[C@@H]3C[C@H]12,0,C1=CC2CC3c4[nH]c5ccccc5c4CCN3CC2CO1,0.3806298276886512,0,3.7060807222776e-07
COC(=O)[C@H]1[C@H]2C[C@@H]3c4[nH]c5cc(OC)ccc5c4CCN3C[C@H]2C[C@@H](OC(=O)/C=C/c2cc(OC)c(OC)c(OC)c2)[C@@H]1OC,0,O=C(C=Cc1ccccc1)OC1CCC2CC3c4[nH]c5ccccc5c4CCN3CC2C1,COc1ccc2c3c([nH]c2c1)C(C)=NCC3,0,C1=NCCc2c1[nH]c1ccccc21,0.28787878787878785,0,0.0008637904347245537
COC(=O)[C@H]1[C@H]2C[C@@H]3c4[nH]c5cc(OC)ccc5c4CCN3C[C@H]2C[C@@H](OC(=O)/C=C/c2cc(OC)c(OC)c(OC)c2)[C@@H]1OC,0,O=C(C=Cc1ccccc1)OC1CCC2CC3c4[nH]c5ccccc5c4CCN3CC2C1,COc1cc(/C=C/C(=O)N2CCC=CC2=O)cc(OC)c1OC,0,O=C1C=CCCN1C(=O)C=Cc1ccccc1,0.28703296703296705,0,0.0005174317717611088
COC(=O)[C@H]1[C@H]2C[C@@H]3c4[nH]c5cc(OC)ccc5c4CCN3C[C@H]2C[C@@H](OC(=O)/C=C/c2cc(OC)c(OC)c(OC)c2)[C@@H]1OC,0,O=C(C=Cc1ccccc1)OC1CCC2CC3c4[nH]c5ccccc5c4CCN3CC2C1,COc1ccc2[nH]c3c(c2c1)CCN=C3C,0,C1=NCCc2c1[nH]c1ccccc21,0.2356777493606138,0,0.0008637904347245537
COc1ccc2[nH]c3c(c2c1)CCN=C3C,0,C1=NCCc2c1[nH]c1ccccc21,COc1ccc2c3c([nH]c2c1)C(C)=NCC3,0,C1=NCCc2c1[nH]c1ccccc21,0.8164705882352943,0,0.0019924183085589377
COc1ccc2[nH]c3c(c2c1)CCN=C3C,0,C1=NCCc2c1[nH]c1ccccc21,CC1=NCCc2c1[nH]c1cc(O)ccc21,0,C1=NCCc2c1[nH]c1ccccc21,0.5675213675213675,0,0.0003142177775510656
COc1ccc2[nH]c3c(c2c1)CCN=C3C,0,C1=NCCc2c1[nH]c1ccccc21,COc1ccc2[nH]cc(CCNC(C)=O)c2c1,0,c1ccc2[nH]ccc2c1,0.32993730407523514,0,0.0037046007520784405
COc1ccc2[nH]c3c(c2c1)CCN=C3C,0,C1=NCCc2c1[nH]c1ccccc21,COC(=O)[C@H]1[C@H]2C[C@@H]3c4[nH]c5cc(OC)ccc5c4CCN3C[C@H]2C[C@@H](OC(=O)/C=C/c2cc(OC)c(OC)c(OC)c2)[C@@H]1OC,0,O=C(C=Cc1ccccc1)OC1CCC2CC3c4[nH]c5ccccc5c4CCN3CC2C1,0.2356777493606138,0,4.747580828976042e-06
COc1ccc2c3c([nH]c2c1)C(C)=NCC3,0,C1=NCCc2c1[nH]c1ccccc21,COc1ccc2[nH]c3c(c2c1)CCN=C3C,0,C1=NCCc2c1[nH]c1ccccc21,0.8164705882352943,0,0.0019924183085589377
COc1ccc2c3c([nH]c2c1)C(C)=NCC3,0,C1=NCCc2c1[nH]c1ccccc21,CC1=NCCc2c1[nH]c1cc(O)ccc21,0,C1=NCCc2c1[nH]c1ccccc21,0.6649122807017545,0,0.0003142177775510656
COc1ccc2c3c([nH]c2c1)C(C)=NCC3,0,C1=NCCc2c1[nH]c1ccccc21,COC(=O)[C@H]1[C@H]2C[C@@H]3c4[nH]c5cc(OC)ccc5c4CCN3C[C@H]2C[C@@H](OC(=O)/C=C/c2cc(OC)c(OC)c(OC)c2)[C@@H]1OC,0,O=C(C=Cc1ccccc1)OC1CCC2CC3c4[nH]c5ccccc5c4CCN3CC2C1,0.28787878787878785,0,4.747580828976042e-06
COc1ccc2c3c([nH]c2c1)C(C)=NCC3,0,C1=NCCc2c1[nH]c1ccccc21,COc1ccc2[nH]cc(CCNC(C)=O)c2c1,0,c1ccc2[nH]ccc2c1,0.28260869565217395,0,0.0037046007520784405
CC1=NCCc2c1[nH]c1cc(O)ccc21,0,C1=NCCc2c1[nH]c1ccccc21,COc1ccc2c3c([nH]c2c1)C(C)=NCC3,0,C1=NCCc2c1[nH]c1ccccc21,0.6649122807017545,0,0.003144434088996351
CC1=NCCc2c1[nH]c1cc(O)ccc21,0,C1=NCCc2c1[nH]c1ccccc21,COc1ccc2[nH]c3c(c2c1)CCN=C3C,0,C1=NCCc2c1[nH]c1ccccc21,0.5675213675213675,0,0.003144434088996351
CC1=NCCc2c1[nH]c1cc(O)ccc21,0,C1=NCCc2c1[nH]c1ccccc21,Cc1nccc2c1[nH]c1cc(O)ccc12,0,c1ccc2c(c1)[nH]c1cnccc12,0.4002022244691608,0,0.013983651431134345
CC1=NCCc2c1[nH]c1cc(O)ccc21,0,C1=NCCc2c1[nH]c1ccccc21,c1ccc2c3c([nH]c2c1)[C@H]1C2CCC([C@@H]4CCCN[C@H]24)N1CC3,0,c1ccc2c3c([nH]c2c1)C1C2CCC(C4CCCNC42)N1CC3,0.2240318302387268,0,0.00017248140681964038
CC1(O)CCOC(=O)C1,0,O=C1CCCCO1,C=C1C/C(=C/C)C(=O)O[C@@H]2CCN3CC=C(COC(=O)[C@]1(C)O)[C@H]23,0,C=C1CC(=C)C(=O)OC2CCN3CC=C(COC(=O)C1)C23,0.2053501180173092,0,0.00038226066494862426
CC1(O)CCOC(=O)C1,0,O=C1CCCCO1,CC(=O)OCC(=O)[C@@]1(O)CC[C@H]2[C@@H]3CCC4=CC(=O)CC[C@]4(C)C3(F)C(=O)C[C@@]21C,0,O=C1C=C2CCC3C4CCCC4CC(=O)C3C2CC1,0.1937984496124031,0,0.0003821523443098604
CC1(O)CCOC(=O)C1,0,O=C1CCCCO1,C[C@]12CC[C@H](O)C[C@@H]1CC[C@@H]1[C@@H]2CC[C@]2(C)C(=O)CC[C@@H]12,0,O=C1CCC2C1CCC1C3CCCCC3CCC21,0.1864242424242424,0,0.003995882021130519
CC1(O)CCOC(=O)C1,0,O=C1CCCCO1,Cc1c(C)c2c(c(C)c1O)CCC(C)(C(=O)O)O2,0,c1ccc2c(c1)CCCO2,0.18439024390243905,0,0.0034935716778962847
c1ccc2c3c([nH]c2c1)[C@H]1C2CCC([C@@H]4CCCN[C@H]24)N1CC3,0,c1ccc2c3c([nH]c2c1)C1C2CCC(C4CCCNC42)N1CC3,COC(=O)C1=CO[C@@H](C)[C@H]2CN3CCc4c([nH]c5ccccc45)[C@@H]3C[C@H]12,0,C1=CC2CC3c4[nH]c5ccccc5c4CCN3CC2CO1,0.3286935286935287,0,2.9610333204789575e-05
c1ccc2c3c([nH]c2c1)[C@H]1C2CCC([C@@H]4CCCN[C@H]24)N1CC3,0,c1ccc2c3c([nH]c2c1)C1C2CCC(C4CCCNC42)N1CC3,COC(=O)[C@H]1[C@H]2C[C@@H]3c4[nH]c5cc(OC)ccc5c4CCN3C[C@H]2C[C@@H](OC(=O)/C=C/c2cc(OC)c(OC)c(OC)c2)[C@@H]1OC,0,O=C(C=Cc1ccccc1)OC1CCC2CC3c4[nH]c5ccccc5c4CCN3CC2C1,0.232,0,2.886004402319965e-07
c1ccc2c3c([nH]c2c1)[C@H]1C2CCC([C@@H]4CCCN[C@H]24)N1CC3,0,c1ccc2c3c([nH]c2c1)C1C2CCC(C4CCCNC42)N1CC3,O=C(c1ccc(F)cc1)C1CCN(CCn2c(=O)[nH]c3ccccc3c2=O)CC1,0,O=C(c1ccccc1)C1CCN(CCn2c(=O)[nH]c3ccccc3c2=O)CC1,0.2251948051948052,0,4.295825027360864e-05
c1ccc2c3c([nH]c2c1)[C@H]1C2CCC([C@@H]4CCCN[C@H]24)N1CC3,0,c1ccc2c3c([nH]c2c1)C1C2CCC(C4CCCNC42)N1CC3,CC1=NCCc2c1[nH]c1cc(O)ccc21,0,C1=NCCc2c1[nH]c1ccccc21,0.2240318302387268,0,0.0004167874910893825
CN1Cc2c(N)cccc2C(c2ccccc2)C1,0,c1ccc(C2CNCc3ccccc32)cc1,CN1CC[C@]23c4ccccc4N[C@H]1[C@]21CCN(C)[C@H]3Nc2ccccc21,0,c1ccc2c(c1)NC1NCCC23C2NCCC13c1ccccc1N2,0.24145299145299148,0,0.00017726390560723874
CN1Cc2c(N)cccc2C(c2ccccc2)C1,0,c1ccc(C2CNCc3ccccc32)cc1,Nc1ccccc1S(N)(=O)=O,0,c1ccccc1,0.23840960240060016,0,0.08331915399838973
CN1Cc2c(N)cccc2C(c2ccccc2)C1,0,c1ccc(C2CNCc3ccccc32)cc1,Cc1c(N)c(=O)n(-c2ccccc2)n1C,0,O=c1cc[nH]n1-c1ccccc1,0.21373817819810853,0,0.03611180713927064
CN1Cc2c(N)cccc2C(c2ccccc2)C1,0,c1ccc(C2CNCc3ccccc32)cc1,CN1CCC(=C2c3ccccc3Sc3ccccc32)CC1,0,c1ccc2c(c1)Sc1ccccc1C2=C1CCNCC1,0.20814479638009048,0,0.013439800017650324
COc1cc2c(c(OC)c1OC)-c1ccc(O)c(=O)cc1[C@@H](N)CC2,0,O=c1cccc2c(c1)CCCc1ccccc1-2,COC1=C[C@@H]2C3=C([C@@H]2C1=O)[C@@H](NC(C)=O)CCc1cc(OC)c(OC)c(OC)c13,0,O=C1C=CC2C3=C(CCCc4ccccc43)C12,0.3754313319530711,0,0.0005730853064017613
COc1cc2c(c(OC)c1OC)-c1ccc(O)c(=O)cc1[C@@H](N)CC2,0,O=c1cccc2c(c1)CCCc1ccccc1-2,COc1ccc(CC2c3cc(OC)c(OC)cc3CCN2C)cc1OC,0,c1ccc(CC2NCCc3ccccc32)cc1,0.25628959276018104,0,0.0009721192055015248
COc1cc2c(c(OC)c1OC)-c1ccc(O)c(=O)cc1[C@@H](N)CC2,0,O=c1cccc2c(c1)CCCc1ccccc1-2,COc1cc2ccc(=O)oc2cc1O,0,O=c1ccc2ccccc2o1,0.252,0,0.008855592212575206
COc1cc2c(c(OC)c1OC)-c1ccc(O)c(=O)cc1[C@@H](N)CC2,0,O=c1cccc2c(c1)CCCc1ccccc1-2,CNCC(O)c1ccc(O)c(OC)c1,0,c1ccccc1,0.2487302676733013,0,0.019192407733177427
CC[C@H]1C2C[C@H]3[C@@H]4N(C)c5ccccc5C45C[C@H](C2[C@H]5O)N3[C@@H]1O,0,c1ccc2c(c1)NC1C3CC4CCN3C3CC21CC43,CN1CC[C@@]2(C)c3cc(O)ccc3N(C)[C@H]12,0,c1ccc2c(c1)NC1NCCC21,0.22870264064293916,0,2.9611693661462253e-05
CC[C@H]1C2C[C@H]3[C@@H]4N(C)c5ccccc5C45C[C@H](C2[C@H]5O)N3[C@@H]1O,0,c1ccc2c(c1)NC1C3CC4CCN3C3CC21CC43,CN1CC[C@]23c4ccccc4N[C@H]1[C@]21CCN(C)[C@H]3Nc2ccccc21,0,c1ccc2c(c1)NC1NCCC23C2NCCC13c1ccccc1N2,0.2002358490566038,0,7.30532748675882e-05
CC[C@H]1C2C[C@H]3[C@@H]4N(C)c5ccccc5C45C[C@H](C2[C@H]5O)N3[C@@H]1O,0,c1ccc2c(c1)NC1C3CC4CCN3C3CC21CC43,CNC(=O)Oc1ccc2c(c1)[C@]1(C)CCN(C)[C@@H]1N2C,0,c1ccc2c(c1)NC1NCCC21,0.1980861244019139,0,9.971653156394889e-06
CC[C@H]1C2C[C@H]3[C@@H]4N(C)c5ccccc5C45C[C@H](C2[C@H]5O)N3[C@@H]1O,0,c1ccc2c(c1)NC1C3CC4CCN3C3CC21CC43,CN1[C@@H]2CC(=O)C[C@H]1[C@H](O)C2,0,O=C1CC2CCC(C1)N2,0.18681548657132893,0,9.425830016655693e-05
CC[C@H](CC[C@@H](C)[C@H]1CC[C@H]2[C@@H]3CC=C4C[C@@H](O)CC[C@]4(C)[C@H]3CC[C@]12C)C(C)C,0,C1=C2CCCCC2C2CCC3CCCC3C2C1,C[C@@H]1CC[C@@]2(NC1)O[C@H]1C[C@H]3[C@@H]4CC=C5C[C@@H](O)CC[C@]5(C)[C@H]4CC[C@]3(C)[C@H]1[C@@H]2C,0,C1=C2CCCCC2C2CCC3C4CC5(CCCCN5)OC4CC3C2C1,0.43916768665850675,0,0.0009777407762064174
CC[C@H](CC[C@@H](C)[C@H]1CC[C@H]2[C@@H]3CC=C4C[C@@H](O)CC[C@]4(C)[C@H]3CC[C@]12C)C(C)C,0,C1=C2CCCCC2C2CCC3CCCC3C2C1,C[C@H](CCC(=O)O)[C@H]1CC[C@H]2[C@@H]3CC[C@@H]4C[C@H](O)CC[C@]4(C)[C@H]3CC[C@]12C,0,C1CCC2C(C1)CCC1C3CCCC3CCC21,0.4165295730513122,0,0.008576547713697884
CC[C@H](CC[C@@H](C)[C@H]1CC[C@H]2[C@@H]3CC=C4C[C@@H](O)CC[C@]4(C)[C@H]3CC[C@]12C)C(C)C,0,C1=C2CCCCC2C2CCC3CCCC3C2C1,C[C@]12CC[C@H](O)C[C@@H]1CC[C@@H]1[C@@H]2CC[C@]2(C)C(=O)CC[C@@H]12,0,O=C1CCC2C1CCC1C3CCCCC3CCC21,0.3201193520886616,0,0.010380284077697272
CC[C@H](CC[C@@H](C)[C@H]1CC[C@H]2[C@@H]3CC=C4C[C@@H](O)CC[C@]4(C)[C@H]3CC[C@]12C)C(C)C,0,C1=C2CCCCC2C2CCC3CCCC3C2C1,C[C@H]1CC[C@@H]2[C@@H](C)[C@H]3[C@H](C[C@H]4[C@@H]5CC=C6C[C@@H](O[C@@H]7O[C@H](CO)[C@H](O)[C@H](O[C@@H]8O[C@H](CO)[C@@H](O)[C@H](O)[C@H]8O)[C@H]7O[C@@H]7O[C@@H](C)[C@H](O)[C@@H](O)[C@H]7O)CC[C@]6(C)[C@H]5CC[C@]34C)N2C1,0,C1=C2CC(OC3OCCC(OC4CCCCO4)C3OC3CCCCO3)CCC2C2CCC3C(CC4C3CC3CCCCN34)C2C1,0.3008113590263692,0,7.606687562614867e-05
Cc1c(N)c(=O)n(-c2ccccc2)n1C,0,O=c1cc[nH]n1-c1ccccc1,Cc1c(O)c(=O)n(-c2ccccc2)n1C,0,O=c1cc[nH]n1-c1ccccc1,0.6290909090909091,0,0.029110711782397707
Cc1c(N)c(=O)n(-c2ccccc2)n1C,0,O=c1cc[nH]n1-c1ccccc1,Nc1ccccc1S(N)(=O)=O,0,c1ccccc1,0.2154798761609907,0,0.09510122437390676
Cc1c(N)c(=O)n(-c2ccccc2)n1C,0,O=c1cc[nH]n1-c1ccccc1,CN1Cc2c(N)cccc2C(c2ccccc2)C1,0,c1ccc(C2CNCc3ccccc32)cc1,0.21373817819810853,0,0.018246765163443937
Cc1c(N)c(=O)n(-c2ccccc2)n1C,0,O=c1cc[nH]n1-c1ccccc1,COc1ccn(C)c(=O)c1C#N,0,O=c1cccc[nH]1,0.1975473801560758,0,0.01524395786573305
Cc1c(O)c(=O)n(-c2ccccc2)n1C,0,O=c1cc[nH]n1-c1ccccc1,Cc1c(N)c(=O)n(-c2ccccc2)n1C,0,O=c1cc[nH]n1-c1ccccc1,0.6290909090909091,0,0.10972962151307303
Cc1c(O)c(=O)n(-c2ccccc2)n1C,0,O=c1cc[nH]n1-c1ccccc1,O=C1C=CC(=O)c2c1ccc1c2ccc2ccccc21,0,O=C1C=CC(=O)c2c1ccc1c2ccc2ccccc21,0.20813397129186603,0,0.025708949841261545
Cc1c(O)c(=O)n(-c2ccccc2)n1C,0,O=c1cc[nH]n1-c1ccccc1,COc1ccn(C)c(=O)c1C#N,0,O=c1cccc[nH]1,0.1975473801560758,0,0.06345383952768908
Cc1c(O)c(=O)n(-c2ccccc2)n1C,0,O=c1cc[nH]n1-c1ccccc1,CC(=O)c1cc2ccccc2oc1=O,0,O=c1ccc2ccccc2o1,0.1965217391304348,0,0.058209177025648415
Cc1c(N(C)CS(=O)(=O)O)c(=O)n(-c2ccccc2)n1C,1,O=c1cc[nH]n1-c1ccccc1,Cc1c(O)c(=O)n(-c2ccccc2)n1C,0,O=c1cc[nH]n1-c1ccccc1,0.5016100178890877,1,0.9688795705036769
Cc1c(N(C)CS(=O)(=O)O)c(=O)n(-c2ccccc2)n1C,1,O=c1cc[nH]n1-c1ccccc1,Cc1c(N)c(=O)n(-c2ccccc2)n1C,0,O=c1cc[nH]n1-c1ccccc1,0.47412587412587415,1,0.9669316629750927
Cc1c(N(C)CS(=O)(=O)O)c(=O)n(-c2ccccc2)n1C,1,O=c1cc[nH]n1-c1ccccc1,CC(=O)c1ccc2c(c1)N(CCCN(C)C)c1ccccc1S2,0,c1ccc2c(c1)Nc1ccccc1S2,0.1946969696969697,1,0.9844896114071434
Cc1c(N(C)CS(=O)(=O)O)c(=O)n(-c2ccccc2)n1C,1,O=c1cc[nH]n1-c1ccccc1,COc1ccn(C)c(=O)c1C#N,0,O=c1cccc[nH]1,0.1863354037267081,1,0.9414296670470711
C[C@@H]1NCCc2cc(O)c(O)cc21,0,c1ccc2c(c1)CCNC2,CC(C)NC[C@@H](O)c1ccc(O)c(O)c1,0,c1ccccc1,0.2230014025245442,0,0.08315937689036519
C[C@@H]1NCCc2cc(O)c(O)cc21,0,c1ccc2c(c1)CCNC2,C[C@]12N[C@H](Cc3ccccc31)c1ccccc12,0,c1ccc2c(c1)CC1NC2c2ccccc21,0.2120322817314747,0,0.0065625356560559825
C[C@@H]1NCCc2cc(O)c(O)cc21,0,c1ccc2c(c1)CCNC2,COc1cc2c(c(OC)c1OC)-c1ccc(O)c(=O)cc1[C@@H](N)CC2,0,O=c1cccc2c(c1)CCCc1ccccc1-2,0.20526505589614139,0,0.00023054099122477964
C[C@@H]1NCCc2cc(O)c(O)cc21,0,c1ccc2c(c1)CCNC2,CC1=NCCc2c1[nH]c1cc(O)ccc21,0,C1=NCCc2c1[nH]c1ccccc21,0.18879551820728294,0,0.0028399580633412767
O=c1cc(-c2ccc(O)cc2)oc2c(C3O[C@H](CO)[C@@H](O)[C@H](O)[C@H]3O)c(O)cc(O)c12,0,O=c1cc(-c2ccccc2)oc2c(C3CCCCO3)cccc12,Nc1ncn(C2O[C@H](CO)[C@@H](O)[C@H]2O)c(=O)n1,0,O=c1ncncn1C1CCCO1,0.2626341974338832,0,0.002610794766836979
O=c1cc(-c2ccc(O)cc2)oc2c(C3O[C@H](CO)[C@@H](O)[C@H](O)[C@H]3O)c(O)cc(O)c12,0,O=c1cc(-c2ccccc2)oc2c(C3CCCCO3)cccc12,Nc1ncnc2c1ncn2C1O[C@H](CO)[C@@H](O)[C@@H]1O,0,c1ncc2ncn(C3CCCO3)c2n1,0.2214731009004849,0,0.005573321715835863
O=c1cc(-c2ccc(O)cc2)oc2c(C3O[C@H](CO)[C@@H](O)[C@H](O)[C@H]3O)c(O)cc(O)c12,0,O=c1cc(-c2ccccc2)oc2c(C3CCCCO3)cccc12,O=C(O)[C@H](O)[C@@H](O)[C@H](O[C@@H]1O[C@H](CO)[C@H](O)[C@H](O)[C@H]1O)[C@H](O)CO,0,C1CCOCC1,0.21459100957995578,0,0.005262283779587237
O=c1cc(-c2ccc(O)cc2)oc2c(C3O[C@H](CO)[C@@H](O)[C@H](O)[C@H]3O)c(O)cc(O)c12,0,O=c1cc(-c2ccccc2)oc2c(C3CCCCO3)cccc12,CNc1ncnc2c1ncn2[C@@H]1O[C@H](CO)[C@@H](O)[C@H]1O,0,c1ncc2ncn(C3CCCO3)c2n1,0.20903716216216217,0,0.005573321715835863
CC1=CC(=O)C2=C(C)C[C@H](O)[C@@H]3[C@H](OC(=O)[C@H]3C)[C@@H]12,0,O=C1CC2CCC=C3C(=O)C=CC3C2O1,CC1=CC(=O)C2=C(C)CC[C@@H]3[C@H](OC(=O)[C@H]3C)[C@@H]12,0,O=C1CC2CCC=C3C(=O)C=CC3C2O1,0.6015099519560742,0,0.0036930621673962856
CC1=CC(=O)C2=C(C)C[C@H](O)[C@@H]3[C@H](OC(=O)[C@H]3C)[C@@H]12,0,O=C1CC2CCC=C3C(=O)C=CC3C2O1,CN1[C@@H]2CC(=O)C[C@H]1[C@H](O)C2,0,O=C1CC2CCC(C1)N2,0.19196903725205614,0,0.00022929682854152405
CC1=CC(=O)C2=C(C)C[C@H](O)[C@@H]3[C@H](OC(=O)[C@H]3C)[C@@H]12,0,O=C1CC2CCC=C3C(=O)C=CC3C2O1,C=C1C(=O)O[C@@H]2[C@H]3O[C@]3(C)CC/C=C(\C)CC[C@@H]12,0,C=C1C(=O)OC2C1CCC=CCCC1OC12,0.18522571819425446,0,0.0006713124536404563
CC1=CC(=O)C2=C(C)C[C@H](O)[C@@H]3[C@H](OC(=O)[C@H]3C)[C@@H]12,0,O=C1CC2CCC=C3C(=O)C=CC3C2O1,C[C@@H]1C(=O)O[C@H]2CC34[C@H]5C[C@@H](C(C)(C)C)[C@]36[C@@H](OC(=O)[C@@H]6O)O[C@@]4(C(=O)O5)[C@]21O,0,O=C1CC2C(CC34C5CCC36CC(=O)OC6OC24C(=O)O5)O1,0.18345864661654135,0,0.00011832875566981509
CC1=CC(=O)C2=C(C)CC[C@@H]3[C@H](OC(=O)[C@H]3C)[C@@H]12,0,O=C1CC2CCC=C3C(=O)C=CC3C2O1,CC1=CC(=O)C2=C(C)C[C@H](O)[C@@H]3[C@H](OC(=O)[C@H]3C)[C@@H]12,0,O=C1CC2CCC=C3C(=O)C=CC3C2O1,0.6015099519560742,0,0.0024027496074759975
CC1=CC(=O)C2=C(C)CC[C@@H]3[C@H](OC(=O)[C@H]3C)[C@@H]12,0,O=C1CC2CCC=C3C(=O)C=CC3C2O1,C=C1C(=O)O[C@@H]2[C@H]3O[C@]3(C)CC/C=C(\C)CC[C@@H]12,0,C=C1C(=O)OC2C1CCC=CCCC1OC12,0.23618421052631577,0,0.0005456492935220755
CC1=CC(=O)C2=C(C)CC[C@@H]3[C@H](OC(=O)[C@H]3C)[C@@H]12,0,O=C1CC2CCC=C3C(=O)C=CC3C2O1,C[C@]12CCC(=O)C=C1CC[C@@H]1[C@@H]2C(=O)C[C@]2(C)C(=O)CC[C@@H]12,0,O=C1C=C2CCC3C4CCC(=O)C4CC(=O)C3C2CC1,0.2308998302207131,0,0.001589209402192183
CC1=CC(=O)C2=C(C)CC[C@@H]3[C@H](OC(=O)[C@H]3C)[C@@H]12,0,O=C1CC2CCC=C3C(=O)C=CC3C2O1,CC(=O)OCC(=O)[C@@]1(O)CC[C@H]2[C@@H]3CCC4=CC(=O)CC[C@]4(C)C3(F)C(=O)C[C@@]21C,0,O=C1C=C2CCC3C4CCCC4CC(=O)C3C2CC1,0.1712244897959184,0,0.00023113422455691478
COC1=C[C@@H]2C3=C([C@@H]2C1=O)[C@@H](NC(C)=O)CCc1cc(OC)c(OC)c(OC)c13,0,O=C1C=CC2C3=C(CCCc4ccccc43)C12,COc1cc2c(c(OC)c1OC)-c1ccc(O)c(=O)cc1[C@@H](N)CC2,0,O=c1cccc2c(c1)CCCc1ccccc1-2,0.3754313319530711,0,8.017287835360573e-07
COC1=C[C@@H]2C3=C([C@@H]2C1=O)[C@@H](NC(C)=O)CCc1cc(OC)c(OC)c(OC)c13,0,O=C1C=CC2C3=C(CCCc4ccccc43)C12,COc1cc(/C=C/C(=O)N2CCC=CC2=O)cc(OC)c1OC,0,O=C1C=CCCN1C(=O)C=Cc1ccccc1,0.24309831181727903,0,4.5787831027929205e-07
COC1=C[C@@H]2C3=C([C@@H]2C1=O)[C@@H](NC(C)=O)CCc1cc(OC)c(OC)c(OC)c13,0,O=C1C=CC2C3=C(CCCc4ccccc43)C12,COc1ccc(CC2c3cc(OC)c(OC)cc3CCN2C)cc1OC,0,c1ccc(CC2NCCc3ccccc32)cc1,0.21216216216216216,0,8.752108283011192e-07
COC1=C[C@@H]2C3=C([C@@H]2C1=O)[C@@H](NC(C)=O)CCc1cc(OC)c(OC)c(OC)c13,0,O=C1C=CC2C3=C(CCCc4ccccc43)C12,COc1cc(N)c(Cl)cc1C(=O)NC1CCN(Cc2ccccc2)CC1,0,O=C(NC1CCN(Cc2ccccc2)CC1)c1ccccc1,0.20347826086956525,0,1.2775985456540752e-05
C[C@@H]1C(=O)O[C@H]2CC34[C@H]5C[C@@H](C(C)(C)C)[C@]36[C@@H](OC(=O)[C@@H]6O)O[C@@]4(C(=O)O5)[C@]21O,0,O=C1CC2C(CC34C5CCC36CC(=O)OC6OC24C(=O)O5)O1,CC1=CC(=O)C2=C(C)C[C@H](O)[C@@H]3[C@H](OC(=O)[C@H]3C)[C@@H]12,0,O=C1CC2CCC=C3C(=O)C=CC3C2O1,0.18345864661654135,0,0.0005253853792589219
C[C@@H]1C(=O)O[C@H]2CC34[C@H]5C[C@@H](C(C)(C)C)[C@]36[C@@H](OC(=O)[C@@H]6O)O[C@@]4(C(=O)O5)[C@]21O,0,O=C1CC2C(CC34C5CCC36CC(=O)OC6OC24C(=O)O5)O1,CC[C@@H](C)C(=O)O[C@H]1[C@H](O)[C@H]2[C@@H](CN3C[C@@H](C)CC[C@H]3[C@@]2(C)O)C2C[C@]34O[C@@]5(O)[C@@H](OC(=O)[C@](C)(O)CC)CC[C@@]3(C)[C@@H]5[C@@H](OC(C)=O)[C@@H](OC(C)=O)[C@H]4[C@@]21O,0,C1CCN2CC3C(CCC4C3CC35OC6CCCC3C6CCC45)CC2C1,0.16581280788177338,0,1.8652247372881257e-05
C[C@@H]1C(=O)O[C@H]2CC34[C@H]5C[C@@H](C(C)(C)C)[C@]36[C@@H](OC(=O)[C@@H]6O)O[C@@]4(C(=O)O5)[C@]21O,0,O=C1CC2C(CC34C5CCC36CC(=O)OC6OC24C(=O)O5)O1,CC1(O)CCOC(=O)C1,0,O=C1CCCCO1,0.16190476190476188,0,0.014667057777734475
C[C@@H]1C(=O)O[C@H]2CC34[C@H]5C[C@@H](C(C)(C)C)[C@]36[C@@H](OC(=O)[C@@H]6O)O[C@@]4(C(=O)O5)[C@]21O,0,O=C1CC2C(CC34C5CCC36CC(=O)OC6OC24C(=O)O5)O1,C=C1C(=O)O[C@@H]2[C@H]3O[C@]3(C)CC/C=C(\C)CC[C@@H]12,0,C=C1C(=O)OC2C1CCC=CCCC1OC12,0.1531372549019608,0,0.0004830261211582542
C=C1[C@@H](O)[C@]23C[C@@H]1[C@@H](O)C[C@H]2[C@@]12C4[C@@H]3C[C@@H]1[C@@](C)(CC[C@@H]2O)CN4CC,0,C=C1CC23CC1CCC2C12CCCC4CNC1C3CC42,CCN1C[C@]2(COC)CC[C@H](OC)[C@@]34C1[C@]1(OCO[C@@]15C[C@H](OC)[C@H]1C[C@@H]3[C@@H]5[C@H]1OC)[C@@H](O)[C@H]24,0,C1CC2CNC3C4(C1)C2CC31OCOC12CCC1CC4C2C1,0.23350877192982458,0,3.350518262101495e-05
C=C1[C@@H](O)[C@]23C[C@@H]1[C@@H](O)C[C@H]2[C@@]12C4[C@@H]3C[C@@H]1[C@@](C)(CC[C@@H]2O)CN4CC,0,C=C1CC23CC1CCC2C12CCCC4CNC1C3CC42,CCN1C[C@]2(C)CC[C@H](OC)[C@@]34C1[C@]1(OCO[C@@]15C[C@H](OC)[C@H]1C[C@]3(O)[C@@H]5[C@H]1OC)[C@@H](OC(C)=O)[C@H]24,0,C1CC2CNC3C4(C1)C2CC31OCOC12CCC1CC4C2C1,0.21827956989247313,0,7.388277990291061e-05
C=C1[C@@H](O)[C@]23C[C@@H]1[C@@H](O)C[C@H]2[C@@]12C4[C@@H]3C[C@@H]1[C@@](C)(CC[C@@H]2O)CN4CC,0,C=C1CC23CC1CCC2C12CCCC4CNC1C3CC42,C=C(C)[C@@H]1CC[C@]2(CO)CC[C@]3(C)[C@H](CC[C@@H]4[C@@]5(C)CC[C@H](O)C(C)(C)[C@@H]5CC[C@]43C)[C@@H]12,0,C1CCC2C(C1)CCC1C2CCC2C3CCCC3CCC21,0.21785323110624316,0,0.0003260942197321048
C=C1[C@@H](O)[C@]23C[C@@H]1[C@@H](O)C[C@H]2[C@@]12C4[C@@H]3C[C@@H]1[C@@](C)(CC[C@@H]2O)CN4CC,0,C=C1CC23CC1CCC2C12CCCC4CNC1C3CC42,C=C(C)[C@@H]1CC[C@]2(C(=O)O)CC[C@]3(C)[C@H](CC[C@@H]4[C@@]5(C)CC[C@H](O)C(C)(C)[C@@H]5CC[C@]43C)[C@@H]12,0,C1CCC2C(C1)CCC1C2CCC2C3CCCC3CCC21,0.19607843137254904,0,0.00044323951156902326
CC(=O)C(/N=N\c1ccc(Cl)cc1Cl)C(=O)Nc1ccc(-c2ccc(NC(=O)C(/N=N/c3ccc(Cl)cc3Cl)C(C)=O)c(C)c2)cc1C,1,O=C(CN=Nc1ccccc1)Nc1ccc(-c2ccc(NC(=O)CN=Nc3ccccc3)cc2)cc1,CC(=O)Nc1cc2ccccc2oc1=O,0,O=c1ccc2ccccc2o1,0.19150943396226416,1,0.9412982465564627
CC(=O)C(/N=N\c1ccc(Cl)cc1Cl)C(=O)Nc1ccc(-c2ccc(NC(=O)C(/N=N/c3ccc(Cl)cc3Cl)C(C)=O)c(C)c2)cc1C,1,O=C(CN=Nc1ccccc1)Nc1ccc(-c2ccc(NC(=O)CN=Nc3ccccc3)cc2)cc1,COc1cc(-c2ccc(/N=N/c3ccc4c(S(=O)(=O)O)cc(S(=O)(=O)O)c(N)c4c3O)c(OC)c2)ccc1/N=N/c1ccc2c(S(=O)(=O)O)cc(S(=O)(=O)O)c(N)c2c1O,0,c1ccc2cc(N=Nc3ccc(-c4ccc(N=Nc5ccc6ccccc6c5)cc4)cc3)ccc2c1,0.1807017543859649,1,0.9996721060081898
CC(=O)C(/N=N\c1ccc(Cl)cc1Cl)C(=O)Nc1ccc(-c2ccc(NC(=O)C(/N=N/c3ccc(Cl)cc3Cl)C(C)=O)c(C)c2)cc1C,1,O=C(CN=Nc1ccccc1)Nc1ccc(-c2ccc(NC(=O)CN=Nc3ccccc3)cc2)cc1,CCCCCN(CCCCC)C(=O)C(CCC(=O)O)NC(=O)c1ccc(Cl)c(Cl)c1,0,c1ccccc1,0.1735810534912209,1,0.9542907056990585
CC(=O)C(/N=N\c1ccc(Cl)cc1Cl)C(=O)Nc1ccc(-c2ccc(NC(=O)C(/N=N/c3ccc(Cl)cc3Cl)C(C)=O)c(C)c2)cc1C,1,O=C(CN=Nc1ccccc1)Nc1ccc(-c2ccc(NC(=O)CN=Nc3ccccc3)cc2)cc1,COc1ccc2[nH]cc(CCNC(C)=O)c2c1,0,c1ccc2[nH]ccc2c1,0.15388127853881278,1,0.9375858484048136
COc1c2c(nc3ccccc13)OC(C(C)(O)CO)C2,0,c1ccc2nc3c(cc2c1)CCO3,COc1c2ccoc2nc2c(OC)c(OC[C@@H](O)C(C)(C)O)ccc12,0,c1ccc2nc3occc3cc2c1,0.2893617021276596,0,1.194606935230797e-05
COc1c2c(nc3ccccc13)OC(C(C)(O)CO)C2,0,c1ccc2nc3c(cc2c1)CCO3,COc1ccc2c(OC)c3ccoc3nc2c1OC,0,c1ccc2nc3occc3cc2c1,0.24800619434765775,0,2.0106242260152423e-05
COc1c2c(nc3ccccc13)OC(C(C)(O)CO)C2,0,c1ccc2nc3c(cc2c1)CCO3,COc1cc(=O)n(C)c2c(OCC(O)C(C)(C)O)cccc12,0,O=c1ccc2ccccc2[nH]1,0.23725490196078436,0,0.00016029708246282119
COc1c2c(nc3ccccc13)OC(C(C)(O)CO)C2,0,c1ccc2nc3c(cc2c1)CCO3,COc1ccc2[nH]c3c(c2c1)CCN=C3C,0,C1=NCCc2c1[nH]c1ccccc21,0.19886024423337859,0,0.00031555232567827626
CC[C@@H](CO)NC(=O)[C@@H]1C=C2c3cccc4[nH]cc(c34)C[C@H]2N(C)C1,0,C1=C2c3cccc4[nH]cc(c34)CC2NCC1,CN1C[C@H](CO)C=C2c3cccc4[nH]cc(c34)C[C@H]21,0,C1=C2c3cccc4[nH]cc(c34)CC2NCC1,0.621001221001221,0,0.00016600920883685577
CC[C@@H](CO)NC(=O)[C@@H]1C=C2c3cccc4[nH]cc(c34)C[C@H]2N(C)C1,0,C1=C2c3cccc4[nH]cc(c34)CC2NCC1,CC(C)C[C@H]1C(=O)N2CCC[C@H]2[C@]2(O)O[C@](NC(=O)[C@@H]3C=C4c5cccc6[nH]cc(c56)C[C@H]4N(C)C3)(C(C)C)C(=O)N12,0,O=C(NC1OC2C3CCCN3C(=O)CN2C1=O)C1C=C2c3cccc4[nH]cc(c34)CC2NC1,0.5187117046347212,0,1.735507056373521e-05
CC[C@@H](CO)NC(=O)[C@@H]1C=C2c3cccc4[nH]cc(c34)C[C@H]2N(C)C1,0,C1=C2c3cccc4[nH]cc(c34)CC2NCC1,CC(C)[C@@]1(NC(=O)[C@@H]2C[C@@H]3c4cccc5[nH]cc(c45)C[C@H]3N(C)C2)O[C@@]2(O)[C@@H]3CCCN3C(=O)[C@H](Cc3ccccc3)N2C1=O,0,O=C(NC1OC2C3CCCN3C(=O)C(Cc3ccccc3)N2C1=O)C1CNC2Cc3c[nH]c4cccc(c34)C2C1,0.3247932864371221,0,2.8309886121726132e-05
CC[C@@H](CO)NC(=O)[C@@H]1C=C2c3cccc4[nH]cc(c34)C[C@H]2N(C)C1,0,C1=C2c3cccc4[nH]cc(c34)CC2NCC1,CN1C[C@H](C(=O)N[C@]2(C)O[C@@]3(O)[C@@H]4CCCN4C(=O)[C@H](Cc4ccccc4)N3C2=O)CC2c3cccc4[nH]cc(c34)C[C@H]21,0,O=C(NC1OC2C3CCCN3C(=O)C(Cc3ccccc3)N2C1=O)C1CNC2Cc3c[nH]c4cccc(c34)C2C1,0.32296126401630987,0,2.8309886121726132e-05
CN1C[C@H](CO)C=C2c3cccc4[nH]cc(c34)C[C@H]21,0,C1=C2c3cccc4[nH]cc(c34)CC2NCC1,CC[C@@H](CO)NC(=O)[C@@H]1C=C2c3cccc4[nH]cc(c34)C[C@H]2N(C)C1,0,C1=C2c3cccc4[nH]cc(c34)CC2NCC1,0.621001221001221,0,0.0013310908146675485
CN1C[C@H](CO)C=C2c3cccc4[nH]cc(c34)C[C@H]21,0,C1=C2c3cccc4[nH]cc(c34)CC2NCC1,CC(C)C[C@H]1C(=O)N2CCC[C@H]2[C@]2(O)O[C@](NC(=O)[C@@H]3C=C4c5cccc6[nH]cc(c56)C[C@H]4N(C)C3)(C(C)C)C(=O)N12,0,O=C(NC1OC2C3CCCN3C(=O)CN2C1=O)C1C=C2c3cccc4[nH]cc(c34)CC2NC1,0.4346497252747253,0,1.67424730514e-05
CN1C[C@H](CO)C=C2c3cccc4[nH]cc(c34)C[C@H]21,0,C1=C2c3cccc4[nH]cc(c34)CC2NCC1,CN1C[C@H](C(=O)N[C@]2(C)O[C@@]3(O)[C@@H]4CCCN4C(=O)[C@H](Cc4ccccc4)N3C2=O)CC2c3cccc4[nH]cc(c34)C[C@H]21,0,O=C(NC1OC2C3CCCN3C(=O)C(Cc3ccccc3)N2C1=O)C1CNC2Cc3c[nH]c4cccc(c34)C2C1,0.2932941176470588,0,2.73106172067903e-05
CN1C[C@H](CO)C=C2c3cccc4[nH]cc(c34)C[C@H]21,0,C1=C2c3cccc4[nH]cc(c34)CC2NCC1,CC(C)[C@@]1(NC(=O)[C@@H]2C[C@@H]3c4cccc5[nH]cc(c45)C[C@H]3N(C)C2)O[C@@]2(O)[C@@H]3CCCN3C(=O)[C@H](Cc3ccccc3)N2C1=O,0,O=C(NC1OC2C3CCCN3C(=O)C(Cc3ccccc3)N2C1=O)C1CNC2Cc3c[nH]c4cccc(c34)C2C1,0.2859997185873083,0,2.73106172067903e-05
C[C@H](CCC(=O)O)[C@H]1CC[C@H]2[C@@H]3CC[C@@H]4C[C@H](O)CC[C@]4(C)[C@H]3CC[C@]12C,0,C1CCC2C(C1)CCC1C3CCCC3CCC21,C[C@H](CCC(=O)NCC(=O)O)[C@H]1CC[C@H]2[C@@H]3[C@H](O)C[C@@H]4C[C@H](O)CC[C@]4(C)[C@H]3C[C@H](O)[C@]12C,0,C1CCC2C(C1)CCC1C3CCCC3CCC21,0.5121951219512195,0,0.006176318065154407
C[C@H](CCC(=O)O)[C@H]1CC[C@H]2[C@@H]3CC[C@@H]4C[C@H](O)CC[C@]4(C)[C@H]3CC[C@]12C,0,C1CCC2C(C1)CCC1C3CCCC3CCC21,C[C@]12CC[C@H](O)C[C@@H]1CC[C@@H]1[C@@H]2CC[C@]2(C)C(=O)CC[C@@H]12,0,O=C1CCC2C1CCC1C3CCCCC3CCC21,0.5018181818181818,0,0.019860583191327715
C[C@H](CCC(=O)O)[C@H]1CC[C@H]2[C@@H]3CC[C@@H]4C[C@H](O)CC[C@]4(C)[C@H]3CC[C@]12C,0,C1CCC2C(C1)CCC1C3CCCC3CCC21,CC[C@H](CC[C@@H](C)[C@H]1CC[C@H]2[C@@H]3CC=C4C[C@@H](O)CC[C@]4(C)[C@H]3CC[C@]12C)C(C)C,0,C1=C2CCCCC2C2CCC3CCCC3C2C1,0.4165295730513122,0,0.0119733179889045
C[C@H](CCC(=O)O)[C@H]1CC[C@H]2[C@@H]3CC[C@@H]4C[C@H](O)CC[C@]4(C)[C@H]3CC[C@]12C,0,C1CCC2C(C1)CCC1C3CCCC3CCC21,C=C(C)[C@@H]1CC[C@]2(C(=O)O)CC[C@]3(C)[C@H](CC[C@@H]4[C@@]5(C)CC[C@H](O)C(C)(C)[C@@H]5CC[C@]43C)[C@@H]12,0,C1CCC2C(C1)CCC1C2CCC2C3CCCC3CCC21,0.2567854909318324,0,0.014695688166567413
C[C@H](CCC(=O)NCC(=O)O)[C@H]1CC[C@H]2[C@@H]3[C@H](O)C[C@@H]4C[C@H](O)CC[C@]4(C)[C@H]3C[C@H](O)[C@]12C,0,C1CCC2C(C1)CCC1C3CCCC3CCC21,C[C@H](CCC(=O)O)[C@H]1CC[C@H]2[C@@H]3CC[C@@H]4C[C@H](O)CC[C@]4(C)[C@H]3CC[C@]12C,0,C1CCC2C(C1)CCC1C3CCCC3CCC21,0.5121951219512195,0,0.0005642408744279924
C[C@H](CCC(=O)NCC(=O)O)[C@H]1CC[C@H]2[C@@H]3[C@H](O)C[C@@H]4C[C@H](O)CC[C@]4(C)[C@H]3C[C@H](O)[C@]12C,0,C1CCC2C(C1)CCC1C3CCCC3CCC21,C[C@]12CC[C@H](O)C[C@@H]1CC[C@@H]1[C@@H]2CC[C@]2(C)C(=O)CC[C@@H]12,0,O=C1CCC2C1CCC1C3CCCCC3CCC21,0.30402109426499674,0,0.0007205915718838192
C[C@H](CCC(=O)NCC(=O)O)[C@H]1CC[C@H]2[C@@H]3[C@H](O)C[C@@H]4C[C@H](O)CC[C@]4(C)[C@H]3C[C@H](O)[C@]12C,0,C1CCC2C(C1)CCC1C3CCCC3CCC21,CC[C@H](CC[C@@H](C)[C@H]1CC[C@H]2[C@@H]3CC=C4C[C@@H](O)CC[C@]4(C)[C@H]3CC[C@]12C)C(C)C,0,C1=C2CCCCC2C2CCC3CCCC3C2C1,0.2835187057633974,0,0.0004310788206283741
C[C@H](CCC(=O)NCC(=O)O)[C@H]1CC[C@H]2[C@@H]3[C@H](O)C[C@@H]4C[C@H](O)CC[C@]4(C)[C@H]3C[C@H](O)[C@]12C,0,C1CCC2C(C1)CCC1C3CCCC3CCC21,C=C(C)[C@@H]1CC[C@]2(C(=O)O)CC[C@]3(C)[C@H](CC[C@@H]4[C@@]5(C)CC[C@H](O)C(C)(C)[C@@H]5CC[C@]43C)[C@@H]12,0,C1CCC2C(C1)CCC1C2CCC2C3CCCC3CCC21,0.2361423220973783,0,0.0005305021974107379
N/C(=N\C(=O)c1nc(Cl)c(N)nc1N)NCc1ccccc1,0,O=C(N=CNCc1ccccc1)c1cnccn1,N=C(N)NCc1cccc(I)c1,0,c1ccccc1,0.2672727272727273,0,0.0709711065052591
N/C(=N\C(=O)c1nc(Cl)c(N)nc1N)NCc1ccccc1,0,O=C(N=CNCc1ccccc1)c1cnccn1,O=C(O)CNC(=O)C(CS)Cc1ccccc1,0,c1ccccc1,0.2612987012987013,0,0.00012244690463187984
N/C(=N\C(=O)c1nc(Cl)c(N)nc1N)NCc1ccccc1,0,O=C(N=CNCc1ccccc1)c1cnccn1,COc1cc(N)c(Cl)cc1C(=O)NC1CCN(Cc2ccccc2)CC1,0,O=C(NC1CCN(Cc2ccccc2)CC1)c1ccccc1,0.22505362505362506,0,0.04196922880850988
N/C(=N\C(=O)c1nc(Cl)c(N)nc1N)NCc1ccccc1,0,O=C(N=CNCc1ccccc1)c1cnccn1,c1ccc(CNc2ncnc3nc[nH]c23)cc1,0,c1ccc(CNc2ncnc3nc[nH]c23)cc1,0.20752884031572555,0,0.0004642905648509482
Nc1ccc(/N=N/c2ccc(-c3ccc(/N=N/c4c(S(=O)(=O)O)cc5cc(S(=O)(=O)O)c(/N=N/c6ccccc6)c(O)c5c4N)cc3)cc2)c(N)c1,1,c1ccc(N=Nc2ccc(-c3ccc(N=Nc4ccc5ccc(N=Nc6ccccc6)cc5c4)cc3)cc2)cc1,COc1cc(-c2ccc(/N=N/c3ccc4c(S(=O)(=O)O)cc(S(=O)(=O)O)c(N)c4c3O)c(OC)c2)ccc1/N=N/c1ccc2c(S(=O)(=O)O)cc(S(=O)(=O)O)c(N)c2c1O,0,c1ccc2cc(N=Nc3ccc(-c4ccc(N=Nc5ccc6ccccc6c5)cc4)cc3)ccc2c1,0.3855362946912243,1,0.9999999962817001
Nc1ccc(/N=N/c2ccc(-c3ccc(/N=N/c4c(S(=O)(=O)O)cc5cc(S(=O)(=O)O)c(/N=N/c6ccccc6)c(O)c5c4N)cc3)cc2)c(N)c1,1,c1ccc(N=Nc2ccc(-c3ccc(N=Nc4ccc5ccc(N=Nc6ccccc6)cc5c4)cc3)cc2)cc1,Nc1ccccc1S(N)(=O)=O,0,c1ccccc1,0.20807043286867205,1,0.9998848217362654
Nc1ccc(/N=N/c2ccc(-c3ccc(/N=N/c4c(S(=O)(=O)O)cc5cc(S(=O)(=O)O)c(/N=N/c6ccccc6)c(O)c5c4N)cc3)cc2)c(N)c1,1,c1ccc(N=Nc2ccc(-c3ccc(N=Nc4ccc5ccc(N=Nc6ccccc6)cc5c4)cc3)cc2)cc1,Nc1c(O)cccc1C(=O)CC(N)C(=O)O,0,c1ccccc1,0.18320292123109025,1,0.9999543228536384
Nc1ccc(/N=N/c2ccc(-c3ccc(/N=N/c4c(S(=O)(=O)O)cc5cc(S(=O)(=O)O)c(/N=N/c6ccccc6)c(O)c5c4N)cc3)cc2)c(N)c1,1,c1ccc(N=Nc2ccc(-c3ccc(N=Nc4ccc5ccc(N=Nc6ccccc6)cc5c4)cc3)cc2)cc1,CC(=O)[N]([Na])S(=O)(=O)c1ccc(N)cc1,0,c1ccccc1,0.16734328358208955,1,0.9999681104813166
CC(=O)OCC(=O)[C@@]1(O)CC[C@H]2[C@@H]3CCC4=CC(=O)CC[C@]4(C)C3(F)C(=O)C[C@@]21C,0,O=C1C=C2CCC3C4CCCC4CC(=O)C3C2CC1,C[C@]12CCC(=O)C=C1CC[C@@H]1[C@@H]2C(=O)C[C@]2(C)C(=O)CC[C@@H]12,0,O=C1C=C2CCC3C4CCC(=O)C4CC(=O)C3C2CC1,0.34359937402190927,0,0.0006066950357755405
CC(=O)OCC(=O)[C@@]1(O)CC[C@H]2[C@@H]3CCC4=CC(=O)CC[C@]4(C)C3(F)C(=O)C[C@@]21C,0,O=C1C=C2CCC3C4CCCC4CC(=O)C3C2CC1,C[C@]12CC[C@H](O)C[C@@H]1CC[C@@H]1[C@@H]2CC[C@]2(C)C(=O)CC[C@@H]12,0,O=C1CCC2C1CCC1C3CCCCC3CCC21,0.2396666666666667,0,0.0008905299698752782
CC(=O)OCC(=O)[C@@]1(O)CC[C@H]2[C@@H]3CCC4=CC(=O)CC[C@]4(C)C3(F)C(=O)C[C@@]21C,0,O=C1C=C2CCC3C4CCCC4CC(=O)C3C2CC1,CC1(O)CCOC(=O)C1,0,O=C1CCCCO1,0.1937984496124031,0,0.054148252660152794
CC(=O)OCC(=O)[C@@]1(O)CC[C@H]2[C@@H]3CCC4=CC(=O)CC[C@]4(C)C3(F)C(=O)C[C@@]21C,0,O=C1C=C2CCC3C4CCCC4CC(=O)C3C2CC1,CC[C@H](CC[C@@H](C)[C@H]1CC[C@H]2[C@@H]3CC=C4C[C@@H](O)CC[C@]4(C)[C@H]3CC[C@]12C)C(C)C,0,C1=C2CCCCC2C2CCC3CCCC3C2C1,0.1906593406593407,0,0.0034019357059886105
CC(C)=CCC/C(C)=C/CC1=C(C)C(=O)c2ccccc2C1=O,0,O=C1C=CC(=O)c2ccccc21,CC(=O)c1cc2ccccc2oc1=O,0,O=c1ccc2ccccc2o1,0.19551656920077973,0,0.0017055307068472648
CC(C)=CCC/C(C)=C/CC1=C(C)C(=O)c2ccccc2C1=O,0,O=C1C=CC(=O)c2ccccc21,O=C1C=CC(=O)c2c1ccc1c2ccc2ccccc21,0,O=C1C=CC(=O)c2c1ccc1c2ccc2ccccc21,0.18733137829912022,0,0.0022432688711932903
CC(C)=CCC/C(C)=C/CC1=C(C)C(=O)c2ccccc2C1=O,0,O=C1C=CC(=O)c2ccccc21,Cc1c(N)c(=O)n(-c2ccccc2)n1C,0,O=c1cc[nH]n1-c1ccccc1,0.17475292003593892,0,0.023403810174264014
CC(C)=CCC/C(C)=C/CC1=C(C)C(=O)c2ccccc2C1=O,0,O=C1C=CC(=O)c2ccccc21,Cc1c(O)c(=O)n(-c2ccccc2)n1C,0,O=c1cc[nH]n1-c1ccccc1,0.17475292003593892,0,0.024881118362929062
CO[C@@]1(NC(=O)[C@H](C(=O)O)c2ccc(O)cc2)C(=O)N2C(C(=O)O)=C(CSc3nnnn3C)CO[C@@H]21,0,O=C(Cc1ccccc1)NC1C(=O)N2C=C(CSc3nnn[nH]3)COC12,CO[C@@]1(NC(=O)CSCC#N)C(=O)N2C(C(=O)O)=C(CSc3nnnn3C)CS[C@@H]21,0,O=C1CC2SCC(CSc3nnn[nH]3)=CN12,0.5089878542510122,0,4.2185249964850425e-07
CO[C@@]1(NC(=O)[C@H](C(=O)O)c2ccc(O)cc2)C(=O)N2C(C(=O)O)=C(CSc3nnnn3C)CO[C@@H]21,0,O=C(Cc1ccccc1)NC1C(=O)N2C=C(CSc3nnn[nH]3)COC12,Cn1nnnc1SCC1=C(C(=O)O)N2C(=O)[C@@H](NC(=O)[C@H](O)c3ccccc3)[C@H]2SC1,0,O=C(Cc1ccccc1)NC1C(=O)N2C=C(CSc3nnn[nH]3)CSC12,0.4621646623496763,0,4.2490518376910516e-08
CO[C@@]1(NC(=O)[C@H](C(=O)O)c2ccc(O)cc2)C(=O)N2C(C(=O)O)=C(CSc3nnnn3C)CO[C@@H]21,0,O=C(Cc1ccccc1)NC1C(=O)N2C=C(CSc3nnn[nH]3)COC12,CO[C@@]1(NC(=O)Cc2cccs2)C(=O)N2C(C(=O)O)=C(COC(N)=O)CS[C@@H]21,0,O=C(Cc1cccs1)NC1C(=O)N2C=CCSC12,0.3372112211221122,0,7.378168930341963e-08
CO[C@@]1(NC(=O)[C@H](C(=O)O)c2ccc(O)cc2)C(=O)N2C(C(=O)O)=C(CSc3nnnn3C)CO[C@@H]21,0,O=C(Cc1ccccc1)NC1C(=O)N2C=C(CSc3nnn[nH]3)COC12,CC(=O)OCC1=C(C(=O)O)N2C(=O)[C@@H](NC(=O)Cc3cccs3)[C@H]2SC1,0,O=C(Cc1cccs1)NC1C(=O)N2C=CCSC12,0.24530744336569582,0,2.035813310658043e-09
C[C@@H]1CC[C@@]2(NC1)O[C@H]1C[C@H]3[C@@H]4CC=C5C[C@@H](O)CC[C@]5(C)[C@H]4CC[C@]3(C)[C@H]1[C@@H]2C,0,C1=C2CCCCC2C2CCC3C4CC5(CCCCN5)OC4CC3C2C1,CC[C@H](CC[C@@H](C)[C@H]1CC[C@H]2[C@@H]3CC=C4C[C@@H](O)CC[C@]4(C)[C@H]3CC[C@]12C)C(C)C,0,C1=C2CCCCC2C2CCC3CCCC3C2C1,0.43916768665850675,0,0.0006237466048952297
C[C@@H]1CC[C@@]2(NC1)O[C@H]1C[C@H]3[C@@H]4CC=C5C[C@@H](O)CC[C@]5(C)[C@H]4CC[C@]3(C)[C@H]1[C@@H]2C,0,C1=C2CCCCC2C2CCC3C4CC5(CCCCN5)OC4CC3C2C1,C[C@H]1CC[C@@H]2[C@@H](C)[C@H]3[C@H](C[C@H]4[C@@H]5CC=C6C[C@@H](O[C@@H]7O[C@H](CO)[C@H](O)[C@H](O[C@@H]8O[C@H](CO)[C@@H](O)[C@H](O)[C@H]8O)[C@H]7O[C@@H]7O[C@@H](C)[C@H](O)[C@@H](O)[C@H]7O)CC[C@]6(C)[C@H]5CC[C@]34C)N2C1,0,C1=C2CC(OC3OCCC(OC4CCCCO4)C3OC3CCCCO3)CCC2C2CCC3C(CC4C3CC3CCCCN34)C2C1,0.34588443919018763,0,1.1517458644840958e-05
C[C@@H]1CC[C@@]2(NC1)O[C@H]1C[C@H]3[C@@H]4CC=C5C[C@@H](O)CC[C@]5(C)[C@H]4CC[C@]3(C)[C@H]1[C@@H]2C,0,C1=C2CCCCC2C2CCC3C4CC5(CCCCN5)OC4CC3C2C1,C[C@]12CC[C@H](O)C[C@@H]1CC[C@@H]1[C@@H]2CC[C@]2(C)C(=O)CC[C@@H]12,0,O=C1CCC2C1CCC1C3CCCCC3CCC21,0.28874329958308514,0,0.001585567731142791
C[C@@H]1CC[C@@]2(NC1)O[C@H]1C[C@H]3[C@@H]4CC=C5C[C@@H](O)CC[C@]5(C)[C@H]4CC[C@]3(C)[C@H]1[C@@H]2C,0,C1=C2CCCCC2C2CCC3C4CC5(CCCCN5)OC4CC3C2C1,C[C@H](CCC(=O)O)[C@H]1CC[C@H]2[C@@H]3CC[C@@H]4C[C@H](O)CC[C@]4(C)[C@H]3CC[C@]12C,0,C1CCC2C(C1)CCC1C3CCCC3CCC21,0.22990476190476192,0,0.0013080306668322205
O=C(O)C1=NN(c2ccc(S(=O)(=O)O)cc2)C(=O)C1/N=N/c1ccc(S(=O)(=O)O)cc1,1,O=C1C(N=Nc2ccccc2)C=NN1c1ccccc1,COc1cc(-c2ccc(/N=N/c3ccc4c(S(=O)(=O)O)cc(S(=O)(=O)O)c(N)c4c3O)c(OC)c2)ccc1/N=N/c1ccc2c(S(=O)(=O)O)cc(S(=O)(=O)O)c(N)c2c1O,0,c1ccc2cc(N=Nc3ccc(-c4ccc(N=Nc5ccc6ccccc6c5)cc4)cc3)ccc2c1,0.178,1,0.9999984710178891
O=C(O)C1=NN(c2ccc(S(=O)(=O)O)cc2)C(=O)C1/N=N/c1ccc(S(=O)(=O)O)cc1,1,O=C1C(N=Nc2ccccc2)C=NN1c1ccccc1,Cn1nnnc1SCC1=C(C(=O)O)N2C(=O)[C@@H](NC(=O)[C@H](O)c3ccccc3)[C@H]2SC1,0,O=C(Cc1ccccc1)NC1C(=O)N2C=C(CSc3nnn[nH]3)CSC12,0.17117117117117117,1,0.9918913204445671
O=C(O)C1=NN(c2ccc(S(=O)(=O)O)cc2)C(=O)C1/N=N/c1ccc(S(=O)(=O)O)cc1,1,O=C1C(N=Nc2ccccc2)C=NN1c1ccccc1,CC(=O)[N]([Na])S(=O)(=O)c1ccc(N)cc1,0,c1ccccc1,0.1696357735304724,1,0.9998329519588163
O=C(O)C1=NN(c2ccc(S(=O)(=O)O)cc2)C(=O)C1/N=N/c1ccc(S(=O)(=O)O)cc1,1,O=C1C(N=Nc2ccccc2)C=NN1c1ccccc1,CC1(C)S[C@@H]2[C@H](NC(=O)[C@H](NC(=O)N3CCNC3=O)c3ccccc3)C(=O)N2[C@H]1C(=O)O,0,O=C(NC1C(=O)N2CCSC12)C(NC(=O)N1CCNC1=O)c1ccccc1,0.16400715563506263,1,0.9969675374476396
COc1cc(=O)n(C)c2c(OCC(O)C(C)(C)O)cccc12,0,O=c1ccc2ccccc2[nH]1,COc1c2ccoc2nc2c(OC)c(OC[C@@H](O)C(C)(C)O)ccc12,0,c1ccc2nc3occc3cc2c1,0.4144322344322345,0,8.933807390975763e-06
COc1cc(=O)n(C)c2c(OCC(O)C(C)(C)O)cccc12,0,O=c1ccc2ccccc2[nH]1,COc1ccc(C[C@@](C)(N)C(=O)O)cc1OC,0,c1ccccc1,0.23921568627450981,0,0.002779294577713391
COc1cc(=O)n(C)c2c(OCC(O)C(C)(C)O)cccc12,0,O=c1ccc2ccccc2[nH]1,COc1cc2ccc(=O)oc2cc1O,0,O=c1ccc2ccccc2o1,0.23855072463768118,0,0.0004299028246610887
COc1cc(=O)n(C)c2c(OCC(O)C(C)(C)O)cccc12,0,O=c1ccc2ccccc2[nH]1,COc1ccn(C)c(=O)c1C#N,0,O=c1cccc[nH]1,0.23840125391849531,0,0.0007840012018627499
CN[C@H]1[C@@H](O)[C@H](O[C@H]2[C@@H](O)[C@@H](OC3OC(CN)=CCC3N)[C@H](N)C[C@@H]2N)OC[C@@]1(C)O,0,C1=COC(OC2CCCC(OC3CCCCO3)C2)CC1,CN[C@@H]1[C@@H](O)[C@@H](O[C@@H]2[C@@H](O)[C@H](O[C@H]3O[C@H]([C@@H](C)NC)CC[C@H]3N)[C@@H](N)C[C@H]2N)OC[C@]1(C)O,0,C1CCC(OC2CCCC(OC3CCCCO3)C2)OC1,0.5794801641586868,0,0.0009106260885182771
CN[C@H]1[C@@H](O)[C@H](O[C@H]2[C@@H](O)[C@@H](OC3OC(CN)=CCC3N)[C@H](N)C[C@@H]2N)OC[C@@]1(C)O,0,C1=COC(OC2CCCC(OC3CCCCO3)C2)CC1,NC[C@@H]1O[C@H](O[C@H]2[C@@H](O)[C@H](O[C@@H]3[C@@H](O)[C@H](N)C[C@H](N)[C@H]3O[C@H]3O[C@H](CN)[C@@H](O)[C@H](O)[C@H]3N)O[C@@H]2CO)[C@H](N)[C@@H](O)[C@@H]1O,0,C1CCC(OC2COC(OC3CCCCC3OC3CCCCO3)C2)OC1,0.2718974358974359,0,1.7068446397624113e-07
CN[C@H]1[C@@H](O)[C@H](O[C@H]2[C@@H](O)[C@@H](OC3OC(CN)=CCC3N)[C@H](N)C[C@@H]2N)OC[C@@]1(C)O,0,C1=COC(OC2CCCC(OC3CCCCO3)C2)CC1,CN[C@@H]1[C@H](O[C@H]2[C@H](O[C@@H]3[C@@H](O)[C@H](O)[C@@H](NC(=N)N)[C@H](O)[C@H]3NC(=N)N)O[C@@H](C)[C@]2(O)CO)O[C@@H](CO)[C@H](O)[C@H]1O,0,C1CCC(OC2OCCC2OC2CCCCO2)CC1,0.21847507331378302,0,2.399175540061223e-05
CN[C@H]1[C@@H](O)[C@H](O[C@H]2[C@@H](O)[C@@H](OC3OC(CN)=CCC3N)[C@H](N)C[C@@H]2N)OC[C@@]1(C)O,0,C1=COC(OC2CCCC(OC3CCCCO3)C2)CC1,CN[C@@H]1[C@H](O[C@H]2[C@H](O[C@@H]3[C@@H](O)[C@H](O)[C@@H](NC(=N)N)[C@H](O)[C@H]3NC(=N)N)O[C@@H](C)[C@]2(O)C=O)O[C@@H](CO)[C@H](O)[C@H]1O,0,C1CCC(OC2OCCC2OC2CCCCO2)CC1,0.2096467391304348,0,0.00032716673359635173
c1ccc(CNc2ncnc3nc[nH]c23)cc1,0,c1ccc(CNc2ncnc3nc[nH]c23)cc1,CNC(C)(C)Cc1ccccc1,0,c1ccccc1,0.21866028708133972,0,0.01910695761864326
c1ccc(CNc2ncnc3nc[nH]c23)cc1,0,c1ccc(CNc2ncnc3nc[nH]c23)cc1,N/C(=N\C(=O)c1nc(Cl)c(N)nc1N)NCc1ccccc1,0,O=C(N=CNCc1ccccc1)c1cnccn1,0.20752884031572555,0,0.017470548978727074
c1ccc(CNc2ncnc3nc[nH]c23)cc1,0,c1ccc(CNc2ncnc3nc[nH]c23)cc1,Cc1nccc2c1[nH]c1ccccc12,0,c1ccc2c(c1)[nH]c1cnccc12,0.20186046511627911,0,0.008404254800193649
c1ccc(CNc2ncnc3nc[nH]c23)cc1,0,c1ccc(CNc2ncnc3nc[nH]c23)cc1,CC(Cc1ccccc1)NCCC(c1ccccc1)c1ccccc1,0,c1ccc(CCNCCC(c2ccccc2)c2ccccc2)cc1,0.18868092691622104,0,0.002838858648322437
CCCOc1ccccc1-c1nc(=O)c2[nH]nnc2[nH]1,0,O=c1nc(-c2ccccc2)[nH]c2nn[nH]c12,Nc1nc2[nH]nnc2c(=O)[nH]1,0,O=c1[nH]cnc2[nH]nnc12,0.2175824175824176,0,0.0017140455665511048
CCCOc1ccccc1-c1nc(=O)c2[nH]nnc2[nH]1,0,O=c1nc(-c2ccccc2)[nH]c2nn[nH]c12,Cc1nccc2c1[nH]c1ccccc12,0,c1ccc2c(c1)[nH]c1cnccc12,0.18311480652382475,0,0.0016691859677208775
CCCOc1ccccc1-c1nc(=O)c2[nH]nnc2[nH]1,0,O=c1nc(-c2ccccc2)[nH]c2nn[nH]c12,COc1cc(=O)n(C)c2c(OCC(O)C(C)(C)O)cccc12,0,O=c1ccc2ccccc2[nH]1,0.1771873568483738,0,0.002143244471277662
CCCOc1ccccc1-c1nc(=O)c2[nH]nnc2[nH]1,0,O=c1nc(-c2ccccc2)[nH]c2nn[nH]c12,CCOc1ccc2c(c1)C(C)=CC(C)(C)N2,0,C1=Cc2ccccc2NC1,0.17538461538461542,0,0.002214767376149315
CC[C@@H](C)C(=O)O[C@H]1[C@H](O)[C@H]2[C@@H](CN3C[C@@H](C)CC[C@H]3[C@@]2(C)O)C2C[C@]34O[C@@]5(O)[C@@H](OC(=O)[C@](C)(O)CC)CC[C@@]3(C)[C@@H]5[C@@H](OC(C)=O)[C@@H](OC(C)=O)[C@H]4[C@@]21O,0,C1CCN2CC3C(CCC4C3CC35OC6CCCC3C6CCC45)CC2C1,CCN1C[C@]2(C)CC[C@H](OC)[C@@]34C1[C@]1(OCO[C@@]15C[C@H](OC)[C@H]1C[C@]3(O)[C@@H]5[C@H]1OC)[C@@H](OC(C)=O)[C@H]24,0,C1CC2CNC3C4(C1)C2CC31OCOC12CCC1CC4C2C1,0.26440242763772176,0,3.7865796622675676e-06
CC[C@@H](C)C(=O)O[C@H]1[C@H](O)[C@H]2[C@@H](CN3C[C@@H](C)CC[C@H]3[C@@]2(C)O)C2C[C@]34O[C@@]5(O)[C@@H](OC(=O)[C@](C)(O)CC)CC[C@@]3(C)[C@@H]5[C@@H](OC(C)=O)[C@@H](OC(C)=O)[C@H]4[C@@]21O,0,C1CCN2CC3C(CCC4C3CC35OC6CCCC3C6CCC45)CC2C1,CCN1C[C@]2(COC)CC[C@H](OC)[C@@]34C1[C@]1(OCO[C@@]15C[C@H](OC)[C@H]1C[C@@H]3[C@@H]5[C@H]1OC)[C@@H](O)[C@H]24,0,C1CC2CNC3C4(C1)C2CC31OCOC12CCC1CC4C2C1,0.20747028862478778,0,0.000700145494401866
CC[C@@H](C)C(=O)O[C@H]1[C@H](O)[C@H]2[C@@H](CN3C[C@@H](C)CC[C@H]3[C@@]2(C)O)C2C[C@]34O[C@@]5(O)[C@@H](OC(=O)[C@](C)(O)CC)CC[C@@]3(C)[C@@H]5[C@@H](OC(C)=O)[C@@H](OC(C)=O)[C@H]4[C@@]21O,0,C1CCN2CC3C(CCC4C3CC35OC6CCCC3C6CCC45)CC2C1,CO[C@H](C)C(O)(C(=O)OCC1=CCN2CC[C@H](O)[C@@H]12)C(C)C,0,C1=CC2CCCN2C1,0.19281928987811342,0,1.2411361853755631e-06
CC[C@@H](C)C(=O)O[C@H]1[C@H](O)[C@H]2[C@@H](CN3C[C@@H](C)CC[C@H]3[C@@]2(C)O)C2C[C@]34O[C@@]5(O)[C@@H](OC(=O)[C@](C)(O)CC)CC[C@@]3(C)[C@@H]5[C@@H](OC(C)=O)[C@@H](OC(C)=O)[C@H]4[C@@]21O,0,C1CCN2CC3C(CCC4C3CC35OC6CCCC3C6CCC45)CC2C1,C[C@H]1CC[C@@H]2[C@@H](C)[C@H]3[C@H](C[C@H]4[C@@H]5CC=C6C[C@@H](O[C@@H]7O[C@H](CO)[C@H](O)[C@H](O[C@@H]8O[C@H](CO)[C@@H](O)[C@H](O)[C@H]8O)[C@H]7O[C@@H]7O[C@@H](C)[C@H](O)[C@@H](O)[C@H]7O)CC[C@]6(C)[C@H]5CC[C@]34C)N2C1,0,C1=C2CC(OC3OCCC(OC4CCCCO4)C3OC3CCCCO3)CCC2C2CCC3C(CC4C3CC3CCCCN34)C2C1,0.1893490085979997,0,0.0003679860428657249
CN1[C@@H]2CC(=O)C[C@H]1[C@H](O)C2,0,O=C1CC2CCC(C1)N2,CN1C2CCCC1CC(=O)C2,0,O=C1CC2CCCC(C1)N2,0.485099846390169,0,0.00062218471449418
CN1[C@@H]2CC(=O)C[C@H]1[C@H](O)C2,0,O=C1CC2CCC(C1)N2,CN1[C@@H](CC(=O)c2ccccc2)CCC[C@H]1C[C@H](O)c1ccccc1,0,O=C(CC1CCCC(CCc2ccccc2)N1)c1ccccc1,0.2187363834422658,0,8.864565243316444e-05
CN1[C@@H]2CC(=O)C[C@H]1[C@H](O)C2,0,O=C1CC2CCC(C1)N2,CO[C@H](C)C(O)(C(=O)OCC1=CCN2CC[C@H](O)[C@@H]12)C(C)C,0,C1=CC2CCCN2C1,0.21116279069767446,0,1.3779690161132056e-05
CN1[C@@H]2CC(=O)C[C@H]1[C@H](O)C2,0,O=C1CC2CCC(C1)N2,CC1=CC(=O)C2=C(C)C[C@H](O)[C@@H]3[C@H](OC(=O)[C@H]3C)[C@@H]12,0,O=C1CC2CCC=C3C(=O)C=CC3C2O1,0.19196903725205614,0,2.088100969596174e-05
CO[C@H](C)C(O)(C(=O)OCC1=CCN2CC[C@H](O)[C@@H]12)C(C)C,0,C1=CC2CCCN2C1,C=C1C/C(=C/C)C(=O)O[C@@H]2CCN3CC=C(COC(=O)[C@]1(C)O)[C@H]23,0,C=C1CC(=C)C(=O)OC2CCN3CC=C(COC(=O)C1)C23,0.2809447128287708,0,0.0007629211864564247
CO[C@H](C)C(O)(C(=O)OCC1=CCN2CC[C@H](O)[C@@H]12)C(C)C,0,C1=CC2CCCN2C1,CN1[C@@H]2CC(=O)C[C@H]1[C@H](O)C2,0,O=C1CC2CCC(C1)N2,0.21116279069767446,0,0.0002593198811584512
CO[C@H](C)C(O)(C(=O)OCC1=CCN2CC[C@H](O)[C@@H]12)C(C)C,0,C1=CC2CCCN2C1,CC[C@@H](C)C(=O)O[C@H]1[C@H](O)[C@H]2[C@@H](CN3C[C@@H](C)CC[C@H]3[C@@]2(C)O)C2C[C@]34O[C@@]5(O)[C@@H](OC(=O)[C@](C)(O)CC)CC[C@@]3(C)[C@@H]5[C@@H](OC(C)=O)[C@@H](OC(C)=O)[C@H]4[C@@]21O,0,C1CCN2CC3C(CCC4C3CC35OC6CCCC3C6CCC45)CC2C1,0.19281928987811342,0,6.417930627163336e-08
CO[C@H](C)C(O)(C(=O)OCC1=CCN2CC[C@H](O)[C@@H]12)C(C)C,0,C1=CC2CCCN2C1,CC(=O)OCC(=O)[C@@]1(O)CC[C@H]2[C@@H]3CCC4=CC(=O)CC[C@]4(C)C3(F)C(=O)C[C@@]21C,0,O=C1C=C2CCC3C4CCCC4CC(=O)C3C2CC1,0.17812018489984593,0,1.9512135103333993e-05
CC(C)CCCCC(=O)NC(CCN)C(=O)NC(C(=O)NC(CCN)C(=O)NC1CCNC(=O)C(C(C)O)NC(=O)C(CCN)NC(=O)C(CCN)NC(=O)C(C(C)C)CNC(=O)C(CC(C)C)NC(=O)C(CCN)NC1=O)C(C)O,0,O=C1CCCNC(=O)CNC(=O)CNC(=O)CNC(=O)CCNC(=O)CNC(=O)CN1,CN(C)[C@@H]1C(O)=C(C(=O)NCNC(CCCCN)C(=O)O)C(=O)[C@@]2(O)C(O)=C3C(=O)c4c(O)cccc4[C@@](C)(O)[C@H]3C[C@@H]12,0,O=C1C2=CC3C(=O)C=CCC3CC2Cc2ccccc21,0.16941176470588237,0,0.002261298010264043
CC(C)CCCCC(=O)NC(CCN)C(=O)NC(C(=O)NC(CCN)C(=O)NC1CCNC(=O)C(C(C)O)NC(=O)C(CCN)NC(=O)C(CCN)NC(=O)C(C(C)C)CNC(=O)C(CC(C)C)NC(=O)C(CCN)NC1=O)C(C)O,0,O=C1CCCNC(=O)CNC(=O)CNC(=O)CNC(=O)CCNC(=O)CNC(=O)CN1,CC(C)C[C@H]1C(=O)N2CCC[C@H]2[C@]2(O)O[C@](NC(=O)[C@@H]3C=C4c5cccc6[nH]cc(c56)C[C@H]4N(C)C3)(C(C)C)C(=O)N12,0,O=C(NC1OC2C3CCCN3C(=O)CN2C1=O)C1C=C2c3cccc4[nH]cc(c34)CC2NC1,0.16572204310198543,0,0.0039950074111896995
CC(C)CCCCC(=O)NC(CCN)C(=O)NC(C(=O)NC(CCN)C(=O)NC1CCNC(=O)C(C(C)O)NC(=O)C(CCN)NC(=O)C(CCN)NC(=O)C(C(C)C)CNC(=O)C(CC(C)C)NC(=O)C(CCN)NC1=O)C(C)O,0,O=C1CCCNC(=O)CNC(=O)CNC(=O)CNC(=O)CCNC(=O)CNC(=O)CN1,CC1(C)S[C@@H]2[C@H](NC(=O)[C@H](NC(=O)N3CCNC3=O)c3ccccc3)C(=O)N2[C@H]1C(=O)O,0,O=C(NC1C(=O)N2CCSC12)C(NC(=O)N1CCNC1=O)c1ccccc1,0.1578512396694215,0,0.050834296847269735
CC(C)CCCCC(=O)NC(CCN)C(=O)NC(C(=O)NC(CCN)C(=O)NC1CCNC(=O)C(C(C)O)NC(=O)C(CCN)NC(=O)C(CCN)NC(=O)C(C(C)C)CNC(=O)C(CC(C)C)NC(=O)C(CCN)NC1=O)C(C)O,0,O=C1CCCNC(=O)CNC(=O)CNC(=O)CNC(=O)CCNC(=O)CNC(=O)CN1,C[C@H](CCC(=O)NCC(=O)O)[C@H]1CC[C@H]2[C@@H]3[C@H](O)C[C@@H]4C[C@H](O)CC[C@]4(C)[C@H]3C[C@H](O)[C@]12C,0,C1CCC2C(C1)CCC1C3CCCC3CCC21,0.1492851135407906,0,0.03582931616000621
CN1[C@@H](CC(=O)c2ccccc2)CCC[C@H]1C[C@H](O)c1ccccc1,0,O=C(CC1CCCC(CCc2ccccc2)N1)c1ccccc1,CN1C2CCCC1CC(=O)C2,0,O=C1CC2CCCC(C1)N2,0.26333333333333336,0,0.008018703915269923
CN1[C@@H](CC(=O)c2ccccc2)CCC[C@H]1C[C@H](O)c1ccccc1,0,O=C(CC1CCCC(CCc2ccccc2)N1)c1ccccc1,OC(CCN1CCCCC1)(c1ccccc1)c1ccccc1,0,c1ccc(C(CCN2CCCCC2)c2ccccc2)cc1,0.24311688311688312,0,0.02822159103257195
CN1[C@@H](CC(=O)c2ccccc2)CCC[C@H]1C[C@H](O)c1ccccc1,0,O=C(CC1CCCC(CCc2ccccc2)N1)c1ccccc1,Cn1nnnc1SCC1=C(C(=O)O)N2C(=O)[C@@H](NC(=O)[C@H](O)c3ccccc3)[C@H]2SC1,0,O=C(Cc1ccccc1)NC1C(=O)N2C=C(CSc3nnn[nH]3)CSC12,0.23041606886657104,0,0.00031283221264401945
CN1[C@@H](CC(=O)c2ccccc2)CCC[C@H]1C[C@H](O)c1ccccc1,0,O=C(CC1CCCC(CCc2ccccc2)N1)c1ccccc1,CN1[C@@H]2CC(=O)C[C@H]1[C@H](O)C2,0,O=C1CC2CCC(C1)N2,0.2187363834422658,0,0.0006014406435180505
CN1C[C@H](C(=O)N[C@]2(C)O[C@@]3(O)[C@@H]4CCCN4C(=O)[C@H](Cc4ccccc4)N3C2=O)CC2c3cccc4[nH]cc(c34)C[C@H]21,0,O=C(NC1OC2C3CCCN3C(=O)C(Cc3ccccc3)N2C1=O)C1CNC2Cc3c[nH]c4cccc(c34)C2C1,CC(C)[C@@]1(NC(=O)[C@@H]2C[C@@H]3c4cccc5[nH]cc(c45)C[C@H]3N(C)C2)O[C@@]2(O)[C@@H]3CCCN3C(=O)[C@H](Cc3ccccc3)N2C1=O,0,O=C(NC1OC2C3CCCN3C(=O)C(Cc3ccccc3)N2C1=O)C1CNC2Cc3c[nH]c4cccc(c34)C2C1,0.8746083788706739,0,4.632561512229266e-05
CN1C[C@H](C(=O)N[C@]2(C)O[C@@]3(O)[C@@H]4CCCN4C(=O)[C@H](Cc4ccccc4)N3C2=O)CC2c3cccc4[nH]cc(c34)C[C@H]21,0,O=C(NC1OC2C3CCCN3C(=O)C(Cc3ccccc3)N2C1=O)C1CNC2Cc3c[nH]c4cccc(c34)C2C1,CC(C)C[C@H]1C(=O)N2CCC[C@H]2[C@]2(O)O[C@](NC(=O)[C@@H]3C=C4c5cccc6[nH]cc(c56)C[C@H]4N(C)C3)(C(C)C)C(=O)N12,0,O=C(NC1OC2C3CCCN3C(=O)CN2C1=O)C1C=C2c3cccc4[nH]cc(c34)CC2NC1,0.5392535392535392,0,1.630920547518444e-05
CN1C[C@H](C(=O)N[C@]2(C)O[C@@]3(O)[C@@H]4CCCN4C(=O)[C@H](Cc4ccccc4)N3C2=O)CC2c3cccc4[nH]cc(c34)C[C@H]21,0,O=C(NC1OC2C3CCCN3C(=O)C(Cc3ccccc3)N2C1=O)C1CNC2Cc3c[nH]c4cccc(c34)C2C1,CC[C@@H](CO)NC(=O)[C@@H]1C=C2c3cccc4[nH]cc(c34)C[C@H]2N(C)C1,0,C1=C2c3cccc4[nH]cc(c34)CC2NCC1,0.32296126401630987,0,3.416467917815683e-07
CN1C[C@H](C(=O)N[C@]2(C)O[C@@]3(O)[C@@H]4CCCN4C(=O)[C@H](Cc4ccccc4)N3C2=O)CC2c3cccc4[nH]cc(c34)C[C@H]21,0,O=C(NC1OC2C3CCCN3C(=O)C(Cc3ccccc3)N2C1=O)C1CNC2Cc3c[nH]c4cccc(c34)C2C1,CN1C[C@H](CO)C=C2c3cccc4[nH]cc(c34)C[C@H]21,0,C1=C2c3cccc4[nH]cc(c34)CC2NCC1,0.2932941176470588,0,4.105712754135195e-08
CC(C)[C@@]1(NC(=O)[C@@H]2C[C@@H]3c4cccc5[nH]cc(c45)C[C@H]3N(C)C2)O[C@@]2(O)[C@@H]3CCCN3C(=O)[C@H](Cc3ccccc3)N2C1=O,0,O=C(NC1OC2C3CCCN3C(=O)C(Cc3ccccc3)N2C1=O)C1CNC2Cc3c[nH]c4cccc(c34)C2C1,CN1C[C@H](C(=O)N[C@]2(C)O[C@@]3(O)[C@@H]4CCCN4C(=O)[C@H](Cc4ccccc4)N3C2=O)CC2c3cccc4[nH]cc(c34)C[C@H]21,0,O=C(NC1OC2C3CCCN3C(=O)C(Cc3ccccc3)N2C1=O)C1CNC2Cc3c[nH]c4cccc(c34)C2C1,0.8746083788706739,0,4.632561512229266e-05
CC(C)[C@@]1(NC(=O)[C@@H]2C[C@@H]3c4cccc5[nH]cc(c45)C[C@H]3N(C)C2)O[C@@]2(O)[C@@H]3CCCN3C(=O)[C@H](Cc3ccccc3)N2C1=O,0,O=C(NC1OC2C3CCCN3C(=O)C(Cc3ccccc3)N2C1=O)C1CNC2Cc3c[nH]c4cccc(c34)C2C1,CC(C)C[C@H]1C(=O)N2CCC[C@H]2[C@]2(O)O[C@](NC(=O)[C@@H]3C=C4c5cccc6[nH]cc(c56)C[C@H]4N(C)C3)(C(C)C)C(=O)N12,0,O=C(NC1OC2C3CCCN3C(=O)CN2C1=O)C1C=C2c3cccc4[nH]cc(c34)CC2NC1,0.626196335794367,0,1.630920547518444e-05
CC(C)[C@@]1(NC(=O)[C@@H]2C[C@@H]3c4cccc5[nH]cc(c45)C[C@H]3N(C)C2)O[C@@]2(O)[C@@H]3CCCN3C(=O)[C@H](Cc3ccccc3)N2C1=O,0,O=C(NC1OC2C3CCCN3C(=O)C(Cc3ccccc3)N2C1=O)C1CNC2Cc3c[nH]c4cccc(c34)C2C1,CC[C@@H](CO)NC(=O)[C@@H]1C=C2c3cccc4[nH]cc(c34)C[C@H]2N(C)C1,0,C1=C2c3cccc4[nH]cc(c34)CC2NCC1,0.3247932864371221,0,3.416467917815683e-07
CC(C)[C@@]1(NC(=O)[C@@H]2C[C@@H]3c4cccc5[nH]cc(c45)C[C@H]3N(C)C2)O[C@@]2(O)[C@@H]3CCCN3C(=O)[C@H](Cc3ccccc3)N2C1=O,0,O=C(NC1OC2C3CCCN3C(=O)C(Cc3ccccc3)N2C1=O)C1CNC2Cc3c[nH]c4cccc(c34)C2C1,CN1C[C@H](CO)C=C2c3cccc4[nH]cc(c34)C[C@H]21,0,C1=C2c3cccc4[nH]cc(c34)CC2NCC1,0.2859997185873083,0,4.105712754135195e-08
CCC(OC(C)=O)C(CC(C)N(C)C)(c1ccccc1)c1ccccc1,1,c1ccc(Cc2ccccc2)cc1,CN(C)CCOC(C)(c1ccccc1)c1ccccn1,0,c1ccc(Cc2ccccn2)cc1,0.24643678160919544,1,0.8788365173884072
CCC(OC(C)=O)C(CC(C)N(C)C)(c1ccccc1)c1ccccc1,1,c1ccc(Cc2ccccc2)cc1,OC(CCN1CCCCC1)(c1ccccc1)c1ccccc1,0,c1ccc(C(CCN2CCCCC2)c2ccccc2)cc1,0.22514619883040937,1,0.8824689164409156
CCC(OC(C)=O)C(CC(C)N(C)C)(c1ccccc1)c1ccccc1,1,c1ccc(Cc2ccccc2)cc1,CC(=O)c1ccc2c(c1)N(CCCN(C)C)c1ccccc1S2,0,c1ccc2c(c1)Nc1ccccc1S2,0.21431478968792406,1,0.953648054105995
CCC(OC(C)=O)C(CC(C)N(C)C)(c1ccccc1)c1ccccc1,1,c1ccc(Cc2ccccc2)cc1,CN1[C@@H](CC(=O)c2ccccc2)CCC[C@H]1C[C@H](O)c1ccccc1,0,O=C(CC1CCCC(CCc2ccccc2)N1)c1ccccc1,0.21110694183864917,1,0.8671367703777257
O=C1CN(/N=C/c2ccc(-c3ccc([N+](=O)[O-])cc3)o2)C(O)=N1,0,O=C1CN(N=Cc2ccc(-c3ccccc3)o2)C=N1,O=c1cc(-c2ccc(O)cc2)oc2c(C3O[C@H](CO)[C@@H](O)[C@H](O)[C@H]3O)c(O)cc(O)c12,0,O=c1cc(-c2ccccc2)oc2c(C3CCCCO3)cccc12,0.17380281690140845,0,0.003167524586238227
O=C1CN(/N=C/c2ccc(-c3ccc([N+](=O)[O-])cc3)o2)C(O)=N1,0,O=C1CN(N=Cc2ccc(-c3ccccc3)o2)C=N1,O=c1ccc2cc(O)c(O)cc2o1,0,O=c1ccc2ccccc2o1,0.15119047619047618,0,0.032090111792619634
O=C1CN(/N=C/c2ccc(-c3ccc([N+](=O)[O-])cc3)o2)C(O)=N1,0,O=C1CN(N=Cc2ccc(-c3ccccc3)o2)C=N1,COc1cc2ccc(=O)oc2cc1O,0,O=c1ccc2ccccc2o1,0.1427363184079602,0,0.021912184969922692
O=C1CN(/N=C/c2ccc(-c3ccc([N+](=O)[O-])cc3)o2)C(O)=N1,0,O=C1CN(N=Cc2ccc(-c3ccccc3)o2)C=N1,Cn1c(-c2ccc3c(c2)OCO3)cc(=O)c2ccccc21,0,O=c1cc(-c2ccc3c(c2)OCO3)[nH]c2ccccc12,0.1427322404371585,0,0.007102697458970751
C[N+]1(C)C[C@@H](O)C[C@H]1C(=O)[O-],0,C1CC[NH2+]C1,C[N+]1(C)CCC[C@H]1C(=O)[O-],0,C1CC[NH2+]C1,0.4862903225806452,0,0.00987794741388331
C[N+]1(C)C[C@@H](O)C[C@H]1C(=O)[O-],0,C1CC[NH2+]C1,O=C(O)[C@]1(O)C[C@H](O)[C@@H](O)[C@@H](O)C1,0,C1CCCCC1,0.21333333333333337,0,0.03280242795593253
C[N+]1(C)C[C@@H](O)C[C@H]1C(=O)[O-],0,C1CC[NH2+]C1,CN1[C@@H]2CC(=O)C[C@H]1[C@H](O)C2,0,O=C1CC2CCC(C1)N2,0.17187948350071738,0,0.002732446644803191
C[N+]1(C)C[C@@H](O)C[C@H]1C(=O)[O-],0,C1CC[NH2+]C1,C[C@H](CCC(=O)O)[C@H]1CC[C@H]2[C@@H]3CC[C@@H]4C[C@H](O)CC[C@]4(C)[C@H]3CC[C@]12C,0,C1CCC2C(C1)CCC1C3CCCC3CCC21,0.1610582885489872,0,0.0036728447506899522
C[N+]1(C)CCC[C@H]1C(=O)[O-],0,C1CC[NH2+]C1,C[N+]1(C)C[C@@H](O)C[C@H]1C(=O)[O-],0,C1CC[NH2+]C1,0.4862903225806452,0,0.006440677987766602
C[N+]1(C)CCC[C@H]1C(=O)[O-],0,C1CC[NH2+]C1,O=C(O)[C@]1(O)C[C@H](O)[C@@H](O)[C@@H](O)C1,0,C1CCCCC1,0.17047619047619048,0,0.026823574893611014
C[N+]1(C)CCC[C@H]1C(=O)[O-],0,C1CC[NH2+]C1,CN1C2CCCC1CC(=O)C2,0,O=C1CC2CCCC(C1)N2,0.15333333333333332,0,0.001709673571422315
C[N+]1(C)CCC[C@H]1C(=O)[O-],0,C1CC[NH2+]C1,C=C(C)[C@@H]1CC[C@]2(C(=O)O)CC[C@]3(C)[C@H](CC[C@@H]4[C@@]5(C)CC[C@H](O)C(C)(C)[C@@H]5CC[C@]43C)[C@@H]12,0,C1CCC2C(C1)CCC1C2CCC2C3CCCC3CCC21,0.14868717179294827,0,0.010909647273843791
CCN(Cc1cccc(S(=O)(=O)O)c1)c1ccc(C(=C2C=CC(=[N+](CC)Cc3cccc(S(=O)(=O)[O-])c3)C=C2)c2ccccc2S(=O)(=O)O)cc1,1,C1=CC(=C(c2ccccc2)c2ccc(NCc3ccccc3)cc2)C=CC1=[NH+]Cc1ccccc1,COc1cc(-c2ccc(/N=N/c3ccc4c(S(=O)(=O)O)cc(S(=O)(=O)O)c(N)c4c3O)c(OC)c2)ccc1/N=N/c1ccc2c(S(=O)(=O)O)cc(S(=O)(=O)O)c(N)c2c1O,0,c1ccc2cc(N=Nc3ccc(-c4ccc(N=Nc5ccc6ccccc6c5)cc4)cc3)ccc2c1,0.15442495648681215,1,0.9999870276678715
CCN(Cc1cccc(S(=O)(=O)O)c1)c1ccc(C(=C2C=CC(=[N+](CC)Cc3cccc(S(=O)(=O)[O-])c3)C=C2)c2ccccc2S(=O)(=O)O)cc1,1,C1=CC(=C(c2ccccc2)c2ccc(NCc3ccccc3)cc2)C=CC1=[NH+]Cc1ccccc1,CC(=O)c1ccc2c(c1)N(CCCN(C)C)c1ccccc1S2,0,c1ccc2c(c1)Nc1ccccc1S2,0.15343465045592705,1,0.9995820081525705
CCN(Cc1cccc(S(=O)(=O)O)c1)c1ccc(C(=C2C=CC(=[N+](CC)Cc3cccc(S(=O)(=O)[O-])c3)C=C2)c2ccccc2S(=O)(=O)O)cc1,1,C1=CC(=C(c2ccccc2)c2ccc(NCc3ccccc3)cc2)C=CC1=[NH+]Cc1ccccc1,CCCCCN(CCCCC)C(=O)C(CCC(=O)O)NC(=O)c1ccc(Cl)c(Cl)c1,0,c1ccccc1,0.1439005439005439,1,0.9958113916769702
CCN(Cc1cccc(S(=O)(=O)O)c1)c1ccc(C(=C2C=CC(=[N+](CC)Cc3cccc(S(=O)(=O)[O-])c3)C=C2)c2ccccc2S(=O)(=O)O)cc1,1,C1=CC(=C(c2ccccc2)c2ccc(NCc3ccccc3)cc2)C=CC1=[NH+]Cc1ccccc1,COc1ccc(C[C@@](C)(N)C(=O)O)cc1OC,0,c1ccccc1,0.14054336468129575,1,0.9987748232826
CCN(Cc1cccc(S(=O)(=O)O)c1)c1ccc(C(=C2C=CC(=[N+](CC)Cc3cccc(S(=O)(=O)[O-])c3)C=C2)c2ccc(O)cc2S(=O)(=O)O)cc1,1,C1=CC(=C(c2ccccc2)c2ccc(NCc3ccccc3)cc2)C=CC1=[NH+]Cc1ccccc1,COc1cc(-c2ccc(/N=N/c3ccc4c(S(=O)(=O)O)cc(S(=O)(=O)O)c(N)c4c3O)c(OC)c2)ccc1/N=N/c1ccc2c(S(=O)(=O)O)cc(S(=O)(=O)O)c(N)c2c1O,0,c1ccc2cc(N=Nc3ccc(-c4ccc(N=Nc5ccc6ccccc6c5)cc4)cc3)ccc2c1,0.16371212121212123,1,0.9999912316938901
CCN(Cc1cccc(S(=O)(=O)O)c1)c1ccc(C(=C2C=CC(=[N+](CC)Cc3cccc(S(=O)(=O)[O-])c3)C=C2)c2ccc(O)cc2S(=O)(=O)O)cc1,1,C1=CC(=C(c2ccccc2)c2ccc(NCc3ccccc3)cc2)C=CC1=[NH+]Cc1ccccc1,Nc1c(O)cccc1C(=O)CC(N)C(=O)O,0,c1ccccc1,0.14332084893882646,1,0.9977124329272478
CCN(Cc1cccc(S(=O)(=O)O)c1)c1ccc(C(=C2C=CC(=[N+](CC)Cc3cccc(S(=O)(=O)[O-])c3)C=C2)c2ccc(O)cc2S(=O)(=O)O)cc1,1,C1=CC(=C(c2ccccc2)c2ccc(NCc3ccccc3)cc2)C=CC1=[NH+]Cc1ccccc1,CCCCCN(CCCCC)C(=O)C(CCC(=O)O)NC(=O)c1ccc(Cl)c(Cl)c1,0,c1ccccc1,0.13871958421922986,1,0.9936455429676959
CCN(Cc1cccc(S(=O)(=O)O)c1)c1ccc(C(=C2C=CC(=[N+](CC)Cc3cccc(S(=O)(=O)[O-])c3)C=C2)c2ccc(O)cc2S(=O)(=O)O)cc1,1,C1=CC(=C(c2ccccc2)c2ccc(NCc3ccccc3)cc2)C=CC1=[NH+]Cc1ccccc1,CC(=O)c1ccc2c(c1)N(CCCN(C)C)c1ccccc1S2,0,c1ccc2c(c1)Nc1ccccc1S2,0.13812244897959186,1,0.9993646286143879
CCN(Cc1cccc(S(=O)(=O)O)c1)c1ccc(C(=C2C=CC(=[N+](CC)Cc3cccc(S(=O)(=O)[O-])c3)C=C2)c2ccc(N(C)C)cc2)cc1,1,C1=CC(=C(c2ccccc2)c2ccc(NCc3ccccc3)cc2)C=CC1=[NH+]Cc1ccccc1,CC(=O)c1ccc2c(c1)N(CCCN(C)C)c1ccccc1S2,0,c1ccc2c(c1)Nc1ccccc1S2,0.16012841091492777,1,0.9997826164189076
CCN(Cc1cccc(S(=O)(=O)O)c1)c1ccc(C(=C2C=CC(=[N+](CC)Cc3cccc(S(=O)(=O)[O-])c3)C=C2)c2ccc(N(C)C)cc2)cc1,1,C1=CC(=C(c2ccccc2)c2ccc(NCc3ccccc3)cc2)C=CC1=[NH+]Cc1ccccc1,CCCCCN(CCCCC)C(=O)C(CCC(=O)O)NC(=O)c1ccc(Cl)c(Cl)c1,0,c1ccccc1,0.1598014888337469,1,0.9978176940389847
CCN(Cc1cccc(S(=O)(=O)O)c1)c1ccc(C(=C2C=CC(=[N+](CC)Cc3cccc(S(=O)(=O)[O-])c3)C=C2)c2ccc(N(C)C)cc2)cc1,1,C1=CC(=C(c2ccccc2)c2ccc(NCc3ccccc3)cc2)C=CC1=[NH+]Cc1ccccc1,COc1cc(-c2ccc(/N=N/c3ccc4c(S(=O)(=O)O)cc(S(=O)(=O)O)c(N)c4c3O)c(OC)c2)ccc1/N=N/c1ccc2c(S(=O)(=O)O)cc(S(=O)(=O)O)c(N)c2c1O,0,c1ccc2cc(N=Nc3ccc(-c4ccc(N=Nc5ccc6ccccc6c5)cc4)cc3)ccc2c1,0.14423292273236282,1,0.9999943559416912
CCN(Cc1cccc(S(=O)(=O)O)c1)c1ccc(C(=C2C=CC(=[N+](CC)Cc3cccc(S(=O)(=O)[O-])c3)C=C2)c2ccc(N(C)C)cc2)cc1,1,C1=CC(=C(c2ccccc2)c2ccc(NCc3ccccc3)cc2)C=CC1=[NH+]Cc1ccccc1,COc1ccc(C[C@@](C)(N)C(=O)O)cc1OC,0,c1ccccc1,0.1394624652455978,1,0.9993625795256658
CCN(Cc1cccc(S(=O)(=O)O)c1)c1ccc(C(=C2C=CC(=[N+](CC)Cc3cccc(S(=O)(=O)[O-])c3)C=C2)c2ccc(S(=O)(=O)O)cc2)cc1,1,C1=CC(=C(c2ccccc2)c2ccc(NCc3ccccc3)cc2)C=CC1=[NH+]Cc1ccccc1,CC(=O)c1ccc2c(c1)N(CCCN(C)C)c1ccccc1S2,0,c1ccc2c(c1)Nc1ccccc1S2,0.1548343475321163,1,0.9995820081525705
CCN(Cc1cccc(S(=O)(=O)O)c1)c1ccc(C(=C2C=CC(=[N+](CC)Cc3cccc(S(=O)(=O)[O-])c3)C=C2)c2ccc(S(=O)(=O)O)cc2)cc1,1,C1=CC(=C(c2ccccc2)c2ccc(NCc3ccccc3)cc2)C=CC1=[NH+]Cc1ccccc1,CCCCCN(CCCCC)C(=O)C(CCC(=O)O)NC(=O)c1ccc(Cl)c(Cl)c1,0,c1ccccc1,0.15465587044534412,1,0.9958113916769702
CCN(Cc1cccc(S(=O)(=O)O)c1)c1ccc(C(=C2C=CC(=[N+](CC)Cc3cccc(S(=O)(=O)[O-])c3)C=C2)c2ccc(S(=O)(=O)O)cc2)cc1,1,C1=CC(=C(c2ccccc2)c2ccc(NCc3ccccc3)cc2)C=CC1=[NH+]Cc1ccccc1,COc1cc(-c2ccc(/N=N/c3ccc4c(S(=O)(=O)O)cc(S(=O)(=O)O)c(N)c4c3O)c(OC)c2)ccc1/N=N/c1ccc2c(S(=O)(=O)O)cc(S(=O)(=O)O)c(N)c2c1O,0,c1ccc2cc(N=Nc3ccc(-c4ccc(N=Nc5ccc6ccccc6c5)cc4)cc3)ccc2c1,0.14549450549450552,1,0.9999870276678715
CCN(Cc1cccc(S(=O)(=O)O)c1)c1ccc(C(=C2C=CC(=[N+](CC)Cc3cccc(S(=O)(=O)[O-])c3)C=C2)c2ccc(S(=O)(=O)O)cc2)cc1,1,C1=CC(=C(c2ccccc2)c2ccc(NCc3ccccc3)cc2)C=CC1=[NH+]Cc1ccccc1,CC(=O)[N]([Na])S(=O)(=O)c1ccc(N)cc1,0,c1ccccc1,0.14472537053182216,1,0.9989482799076362
CCN(Cc1cccc(S(=O)(=O)O)c1)c1ccc(C(=C2C=CC(=[N+](CC)Cc3cccc(S(=O)(=O)[O-])c3)C=C2)c2ccccc2)cc1,1,C1=CC(=C(c2ccccc2)c2ccc(NCc3ccccc3)cc2)C=CC1=[NH+]Cc1ccccc1,CC(=O)c1ccc2c(c1)N(CCCN(C)C)c1ccccc1S2,0,c1ccc2c(c1)Nc1ccccc1S2,0.16256684491978612,1,0.9994998596063598
CCN(Cc1cccc(S(=O)(=O)O)c1)c1ccc(C(=C2C=CC(=[N+](CC)Cc3cccc(S(=O)(=O)[O-])c3)C=C2)c2ccccc2)cc1,1,C1=CC(=C(c2ccccc2)c2ccc(NCc3ccccc3)cc2)C=CC1=[NH+]Cc1ccccc1,CCCCCN(CCCCC)C(=O)C(CCC(=O)O)NC(=O)c1ccc(Cl)c(Cl)c1,0,c1ccccc1,0.16201372997711672,1,0.9949919111560668
CCN(Cc1cccc(S(=O)(=O)O)c1)c1ccc(C(=C2C=CC(=[N+](CC)Cc3cccc(S(=O)(=O)[O-])c3)C=C2)c2ccccc2)cc1,1,C1=CC(=C(c2ccccc2)c2ccc(NCc3ccccc3)cc2)C=CC1=[NH+]Cc1ccccc1,CNC(C)(C)Cc1ccccc1,0,c1ccccc1,0.14944309927360777,1,0.9924322977095881
CCN(Cc1cccc(S(=O)(=O)O)c1)c1ccc(C(=C2C=CC(=[N+](CC)Cc3cccc(S(=O)(=O)[O-])c3)C=C2)c2ccccc2)cc1,1,C1=CC(=C(c2ccccc2)c2ccc(NCc3ccccc3)cc2)C=CC1=[NH+]Cc1ccccc1,COc1ccc(C[C@@](C)(N)C(=O)O)cc1OC,0,c1ccccc1,0.14926697530864197,1,0.9985342701354821
CN[C@@H]1[C@@H](O)[C@@H](O[C@@H]2[C@@H](O)[C@H](O[C@H]3O[C@H]([C@@H](C)NC)CC[C@H]3N)[C@@H](N)C[C@H]2N)OC[C@]1(C)O,0,C1CCC(OC2CCCC(OC3CCCCO3)C2)OC1,CN[C@H]1[C@@H](O)[C@H](O[C@H]2[C@@H](O)[C@@H](OC3OC(CN)=CCC3N)[C@H](N)C[C@@H]2N)OC[C@@]1(C)O,0,C1=COC(OC2CCCC(OC3CCCCO3)C2)CC1,0.5794801641586868,0,1.0864881130431304e-07
CN[C@@H]1[C@@H](O)[C@@H](O[C@@H]2[C@@H](O)[C@H](O[C@H]3O[C@H]([C@@H](C)NC)CC[C@H]3N)[C@@H](N)C[C@H]2N)OC[C@]1(C)O,0,C1CCC(OC2CCCC(OC3CCCCO3)C2)OC1,NC[C@@H]1O[C@H](O[C@H]2[C@@H](O)[C@H](O[C@@H]3[C@@H](O)[C@H](N)C[C@H](N)[C@H]3O[C@H]3O[C@H](CN)[C@@H](O)[C@H](O)[C@H]3N)O[C@@H]2CO)[C@H](N)[C@@H](O)[C@@H]1O,0,C1CCC(OC2COC(OC3CCCCC3OC3CCCCO3)C2)OC1,0.2613877551020408,0,1.574463875615089e-08
CN[C@@H]1[C@@H](O)[C@@H](O[C@@H]2[C@@H](O)[C@H](O[C@H]3O[C@H]([C@@H](C)NC)CC[C@H]3N)[C@@H](N)C[C@H]2N)OC[C@]1(C)O,0,C1CCC(OC2CCCC(OC3CCCCO3)C2)OC1,CN[C@@H]1[C@H](O[C@H]2[C@H](O[C@@H]3[C@@H](O)[C@H](O)[C@@H](NC(=N)N)[C@H](O)[C@H]3NC(=N)N)O[C@@H](C)[C@]2(O)CO)O[C@@H](CO)[C@H](O)[C@H]1O,0,C1CCC(OC2OCCC2OC2CCCCO2)CC1,0.22867513611615245,0,2.6125331441261236e-06
CN[C@@H]1[C@@H](O)[C@@H](O[C@@H]2[C@@H](O)[C@H](O[C@H]3O[C@H]([C@@H](C)NC)CC[C@H]3N)[C@@H](N)C[C@H]2N)OC[C@]1(C)O,0,C1CCC(OC2CCCC(OC3CCCCO3)C2)OC1,CN[C@@H]1[C@H](O[C@H]2[C@H](O[C@@H]3[C@@H](O)[C@H](O)[C@@H](NC(=N)N)[C@H](O)[C@H]3NC(=N)N)O[C@@H](C)[C@]2(O)C=O)O[C@@H](CO)[C@H](O)[C@H]1O,0,C1CCC(OC2OCCC2OC2CCCCO2)CC1,0.21925870739430062,0,3.56357800805286e-05
C[C@]12CCC(=O)C=C1CC[C@@H]1[C@@H]2C(=O)C[C@]2(C)C(=O)CC[C@@H]12,0,O=C1C=C2CCC3C4CCC(=O)C4CC(=O)C3C2CC1,C[C@]12CC[C@H](O)C[C@@H]1CC[C@@H]1[C@@H]2CC[C@]2(C)C(=O)CC[C@@H]12,0,O=C1CCC2C1CCC1C3CCCCC3CCC21,0.35757575757575755,0,0.0007572209479397309
C[C@]12CCC(=O)C=C1CC[C@@H]1[C@@H]2C(=O)C[C@]2(C)C(=O)CC[C@@H]12,0,O=C1C=C2CCC3C4CCC(=O)C4CC(=O)C3C2CC1,CC(=O)OCC(=O)[C@@]1(O)CC[C@H]2[C@@H]3CCC4=CC(=O)CC[C@]4(C)C3(F)C(=O)C[C@@]21C,0,O=C1C=C2CCC3C4CCCC4CC(=O)C3C2CC1,0.34359937402190927,0,7.495668606746822e-05
C[C@]12CCC(=O)C=C1CC[C@@H]1[C@@H]2C(=O)C[C@]2(C)C(=O)CC[C@@H]12,0,O=C1C=C2CCC3C4CCC(=O)C4CC(=O)C3C2CC1,CC1=CC(=O)C2=C(C)CC[C@@H]3[C@H](OC(=O)[C@H]3C)[C@@H]12,0,O=C1CC2CCC=C3C(=O)C=CC3C2O1,0.2308998302207131,0,0.00020200899518562444
C[C@]12CCC(=O)C=C1CC[C@@H]1[C@@H]2C(=O)C[C@]2(C)C(=O)CC[C@@H]12,0,O=C1C=C2CCC3C4CCC(=O)C4CC(=O)C3C2CC1,CC[C@H](CC[C@@H](C)[C@H]1CC[C@H]2[C@@H]3CC=C4C[C@@H](O)CC[C@]4(C)[C@H]3CC[C@]12C)C(C)C,0,C1=C2CCCCC2C2CCC3CCCC3C2C1,0.21387559808612444,0,0.0028937674688485
S=C(NC1CCCCC1)N1CCC(C2C=NC=N2)CC1,0,S=C(NC1CCCCC1)N1CCC(C2C=NC=N2)CC1,COc1cc(N)c(Cl)cc1C(=O)NC1CCN(Cc2ccccc2)CC1,0,O=C(NC1CCN(Cc2ccccc2)CC1)c1ccccc1,0.1309409888357257,0,0.0009216026389595388
S=C(NC1CCCCC1)N1CCC(C2C=NC=N2)CC1,0,S=C(NC1CCCCC1)N1CCC(C2C=NC=N2)CC1,C1CCC(C(CC2CCCCN2)C2CCCCC2)CC1,0,C1CCC(C(CC2CCCCN2)C2CCCCC2)CC1,0.1223083548664944,0,0.007794450084772188
S=C(NC1CCCCC1)N1CCC(C2C=NC=N2)CC1,0,S=C(NC1CCCCC1)N1CCC(C2C=NC=N2)CC1,C[N+]1(C)CCC[C@H]1C(=O)[O-],0,C1CC[NH2+]C1,0.11913746630727763,0,0.0008877265651507699
S=C(NC1CCCCC1)N1CCC(C2C=NC=N2)CC1,0,S=C(NC1CCCCC1)N1CCC(C2C=NC=N2)CC1,OC(CCN1CCCCC1)(c1ccccc1)c1ccccc1,0,c1ccc(C(CCN2CCCCC2)c2ccccc2)cc1,0.10931768158473956,0,0.0028004231034903246
CO[C@@]1(NC(=O)Cc2cccs2)C(=O)N2C(C(=O)O)=C(COC(N)=O)CS[C@@H]21,0,O=C(Cc1cccs1)NC1C(=O)N2C=CCSC12,CC(=O)OCC1=C(C(=O)O)N2C(=O)[C@@H](NC(=O)Cc3cccs3)[C@H]2SC1,0,O=C(Cc1cccs1)NC1C(=O)N2C=CCSC12,0.5694761904761905,0,4.725550023208156e-06
CO[C@@]1(NC(=O)Cc2cccs2)C(=O)N2C(C(=O)O)=C(COC(N)=O)CS[C@@H]21,0,O=C(Cc1cccs1)NC1C(=O)N2C=CCSC12,CO[C@@]1(NC(=O)CSCC#N)C(=O)N2C(C(=O)O)=C(CSc3nnnn3C)CS[C@@H]21,0,O=C1CC2SCC(CSc3nnn[nH]3)=CN12,0.44218905472636816,0,0.00013159313110800024
CO[C@@]1(NC(=O)Cc2cccs2)C(=O)N2C(C(=O)O)=C(COC(N)=O)CS[C@@H]21,0,O=C(Cc1cccs1)NC1C(=O)N2C=CCSC12,CO[C@@]1(NC(=O)[C@H](C(=O)O)c2ccc(O)cc2)C(=O)N2C(C(=O)O)=C(CSc3nnnn3C)CO[C@@H]21,0,O=C(Cc1ccccc1)NC1C(=O)N2C=C(CSc3nnn[nH]3)COC12,0.3372112211221122,0,1.9103346587407784e-05
CO[C@@]1(NC(=O)Cc2cccs2)C(=O)N2C(C(=O)O)=C(COC(N)=O)CS[C@@H]21,0,O=C(Cc1cccs1)NC1C(=O)N2C=CCSC12,Cn1nnnc1SCC1=C(C(=O)O)N2C(=O)[C@@H](NC(=O)[C@H](O)c3ccccc3)[C@H]2SC1,0,O=C(Cc1ccccc1)NC1C(=O)N2C=C(CSc3nnn[nH]3)CSC12,0.2722904722904723,0,9.41367438365156e-06
CC(=O)OCC1=C(C(=O)O)N2C(=O)[C@@H](NC(=O)Cc3cccs3)[C@H]2SC1,0,O=C(Cc1cccs1)NC1C(=O)N2C=CCSC12,CO[C@@]1(NC(=O)Cc2cccs2)C(=O)N2C(C(=O)O)=C(COC(N)=O)CS[C@@H]21,0,O=C(Cc1cccs1)NC1C(=O)N2C=CCSC12,0.5694761904761905,0,0.0037047246053220346
CC(=O)OCC1=C(C(=O)O)N2C(=O)[C@@H](NC(=O)Cc3cccs3)[C@H]2SC1,0,O=C(Cc1cccs1)NC1C(=O)N2C=CCSC12,Cn1nnnc1SCC1=C(C(=O)O)N2C(=O)[C@@H](NC(=O)[C@H](O)c3ccccc3)[C@H]2SC1,0,O=C(Cc1ccccc1)NC1C(=O)N2C=C(CSc3nnn[nH]3)CSC12,0.41498599439775913,0,0.0073720703423258115
CC(=O)OCC1=C(C(=O)O)N2C(=O)[C@@H](NC(=O)Cc3cccs3)[C@H]2SC1,0,O=C(Cc1cccs1)NC1C(=O)N2C=CCSC12,CO[C@@]1(NC(=O)CSCC#N)C(=O)N2C(C(=O)O)=C(CSc3nnnn3C)CS[C@@H]21,0,O=C1CC2SCC(CSc3nnn[nH]3)=CN12,0.27257478333799273,0,0.0061144839036562796
CC(=O)OCC1=C(C(=O)O)N2C(=O)[C@@H](NC(=O)Cc3cccs3)[C@H]2SC1,0,O=C(Cc1cccs1)NC1C(=O)N2C=CCSC12,CO[C@@]1(NC(=O)[C@H](C(=O)O)c2ccc(O)cc2)C(=O)N2C(C(=O)O)=C(CSc3nnnn3C)CO[C@@H]21,0,O=C(Cc1ccccc1)NC1C(=O)N2C=C(CSc3nnn[nH]3)COC12,0.24530744336569582,0,0.0008745459241340485
Cc1nccc2c1[nH]c1ccccc12,0,c1ccc2c(c1)[nH]c1cnccc12,Cc1nccc2c1[nH]c1cc(O)ccc12,0,c1ccc2c(c1)[nH]c1cnccc12,0.6337164750957855,0,0.0037170951239406166
Cc1nccc2c1[nH]c1ccccc12,0,c1ccc2c(c1)[nH]c1cnccc12,CN(C)Cc1c[nH]c2ccccc12,0,c1ccc2[nH]ccc2c1,0.2723809523809524,0,0.004554667796180405
Cc1nccc2c1[nH]c1ccccc12,0,c1ccc2c(c1)[nH]c1cnccc12,CNCCc1ccccn1,0,c1ccncc1,0.23025210084033615,0,0.02617672024376833
Cc1nccc2c1[nH]c1ccccc12,0,c1ccc2c(c1)[nH]c1cnccc12,COc1ccc2[nH]c3c(c2c1)CCN=C3C,0,C1=NCCc2c1[nH]c1ccccc21,0.22736572890025575,0,0.0021768380872973325
Cc1nccc2c1[nH]c1cc(O)ccc12,0,c1ccc2c(c1)[nH]c1cnccc12,Cc1nccc2c1[nH]c1ccccc12,0,c1ccc2c(c1)[nH]c1cnccc12,0.6337164750957855,0,0.002729512038381053
Cc1nccc2c1[nH]c1cc(O)ccc12,0,c1ccc2c(c1)[nH]c1cnccc12,CC1=NCCc2c1[nH]c1cc(O)ccc21,0,C1=NCCc2c1[nH]c1ccccc21,0.4002022244691608,0,0.0030018027584200837
Cc1nccc2c1[nH]c1cc(O)ccc12,0,c1ccc2c(c1)[nH]c1cnccc12,COc1ccc2c3c([nH]c2c1)C(C)=NCC3,0,C1=NCCc2c1[nH]c1ccccc21,0.2285925925925926,0,0.00143283285636924
Cc1nccc2c1[nH]c1cc(O)ccc12,0,c1ccc2c(c1)[nH]c1cnccc12,COc1ccc2[nH]c3c(c2c1)CCN=C3C,0,C1=NCCc2c1[nH]c1ccccc21,0.18851540616246498,0,0.00143283285636924
CC(=O)c1ccc2c(c1)N(CCCN(C)C)c1ccccc1S2,0,c1ccc2c(c1)Nc1ccccc1S2,COc1ccc2c(c1)N(C[C@H](C)CN(C)C)c1ccccc1S2,0,c1ccc2c(c1)Nc1ccccc1S2,0.4225641025641026,0,0.00845895569829856
CC(=O)c1ccc2c(c1)N(CCCN(C)C)c1ccccc1S2,0,c1ccc2c(c1)Nc1ccccc1S2,CN1CCC(=C2c3ccccc3Sc3ccccc32)CC1,0,c1ccc2c(c1)Sc1ccccc1C2=C1CCNCC1,0.2719298245614035,0,0.0004896945864619049
CC(=O)c1ccc2c(c1)N(CCCN(C)C)c1ccccc1S2,0,c1ccc2c(c1)Nc1ccccc1S2,CSc1ccc2c(c1)C(N1CCN(C)CC1)Cc1ccccc1S2,0,c1ccc2c(c1)CC(N1CCNCC1)c1ccccc1S2,0.24919786096256685,0,3.9991033092112205e-05
CC(=O)c1ccc2c(c1)N(CCCN(C)C)c1ccccc1S2,0,c1ccc2c(c1)Nc1ccccc1S2,CN(C)CCC(c1ccccc1)c1ccccn1,0,c1ccc(Cc2ccccn2)cc1,0.22666666666666668,0,0.010624687755661536
COc1ccc2c(c1)N(C[C@H](C)CN(C)C)c1ccccc1S2,0,c1ccc2c(c1)Nc1ccccc1S2,CC(=O)c1ccc2c(c1)N(CCCN(C)C)c1ccccc1S2,0,c1ccc2c(c1)Nc1ccccc1S2,0.4225641025641026,0,0.004777817498056493
COc1ccc2c(c1)N(C[C@H](C)CN(C)C)c1ccccc1S2,0,c1ccc2c(c1)Nc1ccccc1S2,CSc1ccc2c(c1)C(N1CCN(C)CC1)Cc1ccccc1S2,0,c1ccc2c(c1)CC(N1CCNCC1)c1ccccc1S2,0.24327122153209113,0,1.3128021754876955e-05
COc1ccc2c(c1)N(C[C@H](C)CN(C)C)c1ccccc1S2,0,c1ccc2c(c1)Nc1ccccc1S2,CN1CCC(=C2c3ccccc3Sc3ccccc32)CC1,0,c1ccc2c(c1)Sc1ccccc1C2=C1CCNCC1,0.2289318755256518,0,0.00016080264308503288
COc1ccc2c(c1)N(C[C@H](C)CN(C)C)c1ccccc1S2,0,c1ccc2c(c1)Nc1ccccc1S2,COc1ccc2c3c([nH]c2c1)C(C)=NCC3,0,C1=NCCc2c1[nH]c1ccccc21,0.20897959183673473,0,0.00714487810145354
CN(C)CCC(c1ccccc1)c1ccccn1,0,c1ccc(Cc2ccccn2)cc1,CN(C)CCC(c1ccc(Cl)cc1)c1ccccn1,0,c1ccc(Cc2ccccn2)cc1,0.8121863799283154,0,0.013717113313303473
CN(C)CCC(c1ccccc1)c1ccccn1,0,c1ccc(Cc2ccccn2)cc1,CN(C)CCOC(c1ccc(Cl)cc1)c1ccccn1,0,c1ccc(Cc2ccccn2)cc1,0.47529162248144224,0,0.015430188742719762
CN(C)CCC(c1ccccc1)c1ccccn1,0,c1ccc(Cc2ccccn2)cc1,CN(C)CCOC(C)(c1ccccc1)c1ccccn1,0,c1ccc(Cc2ccccn2)cc1,0.4157461809635723,0,0.02519113189546966
CN(C)CCC(c1ccccc1)c1ccccn1,0,c1ccc(Cc2ccccn2)cc1,CNCCc1ccccn1,0,c1ccncc1,0.29714285714285715,0,0.010294823354634138
CN(C)CCOC(c1ccc(Cl)cc1)c1ccccn1,0,c1ccc(Cc2ccccn2)cc1,CN(C)CCC(c1ccc(Cl)cc1)c1ccccn1,0,c1ccc(Cc2ccccn2)cc1,0.6148509485094851,0,0.0007727122167924414
CN(C)CCOC(c1ccc(Cl)cc1)c1ccccn1,0,c1ccc(Cc2ccccn2)cc1,CN(C)CCC(c1ccccc1)c1ccccn1,0,c1ccc(Cc2ccccn2)cc1,0.47529162248144224,0,0.0011730312511778087
CN(C)CCOC(c1ccc(Cl)cc1)c1ccccn1,0,c1ccc(Cc2ccccn2)cc1,CN(C)CCOC(C)(c1ccccc1)c1ccccn1,0,c1ccc(Cc2ccccn2)cc1,0.4276923076923077,0,0.02184721890941763
CN(C)CCOC(c1ccc(Cl)cc1)c1ccccn1,0,c1ccc(Cc2ccccn2)cc1,CNCCc1ccccn1,0,c1ccncc1,0.2478139534883721,0,0.0005323979624938293
CN(C)CCC(c1ccc(Cl)cc1)c1ccccn1,0,c1ccc(Cc2ccccn2)cc1,CN(C)CCC(c1ccccc1)c1ccccn1,0,c1ccc(Cc2ccccn2)cc1,0.8121863799283154,0,0.019121148290257576
CN(C)CCC(c1ccc(Cl)cc1)c1ccccn1,0,c1ccc(Cc2ccccn2)cc1,CN(C)CCOC(c1ccc(Cl)cc1)c1ccccn1,0,c1ccc(Cc2ccccn2)cc1,0.6148509485094851,0,0.014258029587034158
CN(C)CCC(c1ccc(Cl)cc1)c1ccccn1,0,c1ccc(Cc2ccccn2)cc1,CN(C)CCOC(C)(c1ccccc1)c1ccccn1,0,c1ccc(Cc2ccccn2)cc1,0.3728291316526611,0,0.02149440396370409
CN(C)CCC(c1ccc(Cl)cc1)c1ccccn1,0,c1ccc(Cc2ccccn2)cc1,CNCCc1ccccn1,0,c1ccncc1,0.2642553191489362,0,0.008764432825371307
CN(C)CCOC(C)(c1ccccc1)c1ccccn1,0,c1ccc(Cc2ccccn2)cc1,CN(C)CCOC(c1ccc(Cl)cc1)c1ccccn1,0,c1ccc(Cc2ccccn2)cc1,0.4276923076923077,0,0.015685059605360267
CN(C)CCOC(C)(c1ccccc1)c1ccccn1,0,c1ccc(Cc2ccccn2)cc1,CN(C)CCC(c1ccccc1)c1ccccn1,0,c1ccc(Cc2ccccn2)cc1,0.4157461809635723,0,0.0013797036983293925
CN(C)CCOC(C)(c1ccccc1)c1ccccn1,0,c1ccc(Cc2ccccn2)cc1,CN(C)CCC(c1ccc(Cl)cc1)c1ccccn1,0,c1ccc(Cc2ccccn2)cc1,0.3728291316526611,0,0.0008371787923745483
CN(C)CCOC(C)(c1ccccc1)c1ccccn1,0,c1ccc(Cc2ccccn2)cc1,CNCCc1ccccn1,0,c1ccncc1,0.2702341137123746,0,0.0006262701470475617
CN(C)[C@@H]1C(O)=C(C(N)=O)C(=O)[C@@]2(O)C(O)=C3C(=O)c4c(O)ccc(Cl)c4[C@@](C)(O)C3C[C@@H]12,0,O=C1C2=CC3C(=O)C=CCC3CC2Cc2ccccc21,CN(C)[C@@H]1C(O)=C(C(N)=O)C(=O)[C@@]2(O)C(O)=C3C(=O)c4c(O)ccc(Cl)c4[C@@H](O)[C@H]3C[C@@H]12,0,O=C1C2=CC3C(=O)C=CCC3CC2Cc2ccccc21,0.7109652720809407,0,5.85535015430863e-06
CN(C)[C@@H]1C(O)=C(C(N)=O)C(=O)[C@@]2(O)C(O)=C3C(=O)c4c(O)ccc(Cl)c4[C@@](C)(O)C3C[C@@H]12,0,O=C1C2=CC3C(=O)C=CCC3CC2Cc2ccccc21,CN(C)[C@@H]1C(O)=C(C(=O)NCNC(CCCCN)C(=O)O)C(=O)[C@@]2(O)C(O)=C3C(=O)c4c(O)cccc4[C@@](C)(O)[C@H]3C[C@@H]12,0,O=C1C2=CC3C(=O)C=CCC3CC2Cc2ccccc21,0.5123287671232877,0,7.062551948801014e-05
CN(C)[C@@H]1C(O)=C(C(N)=O)C(=O)[C@@]2(O)C(O)=C3C(=O)c4c(O)ccc(Cl)c4[C@@](C)(O)C3C[C@@H]12,0,O=C1C2=CC3C(=O)C=CCC3CC2Cc2ccccc21,Nc1c(O)cccc1C(=O)CC(N)C(=O)O,0,c1ccccc1,0.1634812948245784,0,0.0043214572281419445
CN(C)[C@@H]1C(O)=C(C(N)=O)C(=O)[C@@]2(O)C(O)=C3C(=O)c4c(O)ccc(Cl)c4[C@@](C)(O)C3C[C@@H]12,0,O=C1C2=CC3C(=O)C=CCC3CC2Cc2ccccc21,COc1cc2c(c(OC)c1OC)-c1ccc(O)c(=O)cc1[C@@H](N)CC2,0,O=c1cccc2c(c1)CCCc1ccccc1-2,0.15250936329588016,0,0.0005097101210027722
CN(C)[C@@H]1C(O)=C(C(N)=O)C(=O)[C@@]2(O)C(O)=C3C(=O)c4c(O)ccc(Cl)c4[C@@H](O)[C@H]3C[C@@H]12,0,O=C1C2=CC3C(=O)C=CCC3CC2Cc2ccccc21,CN(C)[C@@H]1C(O)=C(C(N)=O)C(=O)[C@@]2(O)C(O)=C3C(=O)c4c(O)ccc(Cl)c4[C@@](C)(O)C3C[C@@H]12,0,O=C1C2=CC3C(=O)C=CCC3CC2Cc2ccccc21,0.7109652720809407,0,9.358702165325833e-05
CN(C)[C@@H]1C(O)=C(C(N)=O)C(=O)[C@@]2(O)C(O)=C3C(=O)c4c(O)ccc(Cl)c4[C@@H](O)[C@H]3C[C@@H]12,0,O=C1C2=CC3C(=O)C=CCC3CC2Cc2ccccc21,CN(C)[C@@H]1C(O)=C(C(=O)NCNC(CCCCN)C(=O)O)C(=O)[C@@]2(O)C(O)=C3C(=O)c4c(O)cccc4[C@@](C)(O)[C@H]3C[C@@H]12,0,O=C1C2=CC3C(=O)C=CCC3CC2Cc2ccccc21,0.4107704829083017,0,0.00016865486868893842
CN(C)[C@@H]1C(O)=C(C(N)=O)C(=O)[C@@]2(O)C(O)=C3C(=O)c4c(O)ccc(Cl)c4[C@@H](O)[C@H]3C[C@@H]12,0,O=C1C2=CC3C(=O)C=CCC3CC2Cc2ccccc21,COc1cc2c(c(OC)c1OC)-c1ccc(O)c(=O)cc1[C@@H](N)CC2,0,O=c1cccc2c(c1)CCCc1ccccc1-2,0.15286972365624052,0,0.0007746457379732762
CN(C)[C@@H]1C(O)=C(C(N)=O)C(=O)[C@@]2(O)C(O)=C3C(=O)c4c(O)ccc(Cl)c4[C@@H](O)[C@H]3C[C@@H]12,0,O=C1C2=CC3C(=O)C=CCC3CC2Cc2ccccc21,CCCCCN(CCCCC)C(=O)C(CCC(=O)O)NC(=O)c1ccc(Cl)c(Cl)c1,0,c1ccccc1,0.14547932757837345,0,0.027143133098667973
CN(C)[C@@H]1C(O)=C(C(=O)NCNC(CCCCN)C(=O)O)C(=O)[C@@]2(O)C(O)=C3C(=O)c4c(O)cccc4[C@@](C)(O)[C@H]3C[C@@H]12,0,O=C1C2=CC3C(=O)C=CCC3CC2Cc2ccccc21,CN(C)[C@@H]1C(O)=C(C(N)=O)C(=O)[C@@]2(O)C(O)=C3C(=O)c4c(O)ccc(Cl)c4[C@@](C)(O)C3C[C@@H]12,0,O=C1C2=CC3C(=O)C=CCC3CC2Cc2ccccc21,0.5123287671232877,0,5.350658843561708e-05
CN(C)[C@@H]1C(O)=C(C(=O)NCNC(CCCCN)C(=O)O)C(=O)[C@@]2(O)C(O)=C3C(=O)c4c(O)cccc4[C@@](C)(O)[C@H]3C[C@@H]12,0,O=C1C2=CC3C(=O)C=CCC3CC2Cc2ccccc21,CN(C)[C@@H]1C(O)=C(C(N)=O)C(=O)[C@@]2(O)C(O)=C3C(=O)c4c(O)ccc(Cl)c4[C@@H](O)[C@H]3C[C@@H]12,0,O=C1C2=CC3C(=O)C=CCC3CC2Cc2ccccc21,0.4107704829083017,0,7.994770023595044e-06
CN(C)[C@@H]1C(O)=C(C(=O)NCNC(CCCCN)C(=O)O)C(=O)[C@@]2(O)C(O)=C3C(=O)c4c(O)cccc4[C@@](C)(O)[C@H]3C[C@@H]12,0,O=C1C2=CC3C(=O)C=CCC3CC2Cc2ccccc21,Nc1c(O)cccc1C(=O)CC(N)C(=O)O,0,c1ccccc1,0.21246424808068642,0,0.009470160883104211
CN(C)[C@@H]1C(O)=C(C(=O)NCNC(CCCCN)C(=O)O)C(=O)[C@@]2(O)C(O)=C3C(=O)c4c(O)cccc4[C@@](C)(O)[C@H]3C[C@@H]12,0,O=C1C2=CC3C(=O)C=CCC3CC2Cc2ccccc21,CN1C[C@H](C(=O)N[C@]2(C)O[C@@]3(O)[C@@H]4CCCN4C(=O)[C@H](Cc4ccccc4)N3C2=O)CC2c3cccc4[nH]cc(c34)C[C@H]21,0,O=C(NC1OC2C3CCCN3C(=O)C(Cc3ccccc3)N2C1=O)C1CNC2Cc3c[nH]c4cccc(c34)C2C1,0.1808386721025044,0,0.0022247682438452554
