query_smiles,query_label,query_scaffold,neighbor_smiles,neighbor_label,neighbor_scaffold,similarity,prediction,score
O=C(O)C=Cc1ccc(O)c(O)c1,0,c1ccccc1,CC(C)NC[C@@H](O)c1ccc(O)c(O)c1,0,c1ccccc1,0.2533333333333333,0,0.16324186083040443
O=C(O)C=Cc1ccc(O)c(O)c1,0,c1ccccc1,Nc1c(O)cccc1C(=O)CC(N)C(=O)O,0,c1ccccc1,0.23344481605351172,0,0.20290099442482196
O=C(O)C=Cc1ccc(O)c(O)c1,0,c1ccccc1,O=c1ccc2cc(O)c(O)cc2o1,0,O=c1ccc2ccccc2o1,0.22731152204836416,0,0.09980348466944018
O=C(O)C=Cc1ccc(O)c(O)c1,0,c1ccccc1,COc1cc(/C=C/C(=O)N2CCC=CC2=O)cc(OC)c1OC,0,O=C1C=CCCN1C(=O)C=Cc1ccccc1,0.20105820105820107,0,0.02277453670913504
CC(C)NC[C@@H](O)c1ccc(O)c(O)c1,0,c1ccccc1,CNCC(O)c1ccc(O)c(OC)c1,0,c1ccccc1,0.48303030303030303,0,0.062157509646601494
CC(C)NC[C@@H](O)c1ccc(O)c(O)c1,0,c1ccccc1,COCCc1ccc(OCC(O)CNC(C)C)cc1,0,c1ccccc1,0.31319064211050274,0,0.05655954138568148
CC(C)NC[C@@H](O)c1ccc(O)c(O)c1,0,c1ccccc1,O=C(O)C=Cc1ccc(O)c(O)c1,0,c1ccccc1,0.2533333333333333,0,0.10985039593268786
CC(C)NC[C@@H](O)c1ccc(O)c(O)c1,0,c1ccccc1,CC(Cc1ccccc1)NCCC(c1ccccc1)c1ccccc1,0,c1ccc(CCNCCC(c2ccccc2)c2ccccc2)cc1,0.23861892583120203,0,0.04895968498596394
Nc1ccccc1S(N)(=O)=O,0,c1ccccc1,CC(=O)[N]([Na])S(=O)(=O)c1ccc(N)cc1,0,c1ccccc1,0.24990253411306043,0,0.04274876155712729
Nc1ccccc1S(N)(=O)=O,0,c1ccccc1,CN1Cc2c(N)cccc2C(c2ccccc2)C1,0,c1ccc(C2CNCc3ccccc32)cc1,0.23840960240060016,0,0.01794821452969653
Nc1ccccc1S(N)(=O)=O,0,c1ccccc1,Nc1c(O)cccc1C(=O)CC(N)C(=O)O,0,c1ccccc1,0.21724581724581726,0,0.020368286125429763
Nc1ccccc1S(N)(=O)=O,0,c1ccccc1,Cc1c(N)c(=O)n(-c2ccccc2)n1C,0,O=c1cc[nH]n1-c1ccccc1,0.2154798761609907,0,0.03546183545201077
C[C@](N)(Cc1ccc(O)c(O)c1)C(=O)O,1,c1ccccc1,COc1ccc(C[C@@](C)(N)C(=O)O)cc1OC,0,c1ccccc1,0.6054226475279108,1,0.6471007040077877
C[C@](N)(Cc1ccc(O)c(O)c1)C(=O)O,1,c1ccccc1,O=C(O)C=Cc1ccc(O)c(O)c1,0,c1ccccc1,0.36625,1,0.7143208756615868
C[C@](N)(Cc1ccc(O)c(O)c1)C(=O)O,1,c1ccccc1,CC(C)NC[C@@H](O)c1ccc(O)c(O)c1,0,c1ccccc1,0.28555555555555556,1,0.8107612192446959
C[C@](N)(Cc1ccc(O)c(O)c1)C(=O)O,1,c1ccccc1,Nc1c(O)cccc1C(=O)CC(N)C(=O)O,0,c1ccccc1,0.2645918367346939,1,0.6696882137005784
COc1ccc(C[C@@](C)(N)C(=O)O)cc1OC,0,c1ccccc1,COc1ccc(CC2c3cc(OC)c(OC)cc3CCN2C)cc1OC,0,c1ccc(CC2NCCc3ccccc32)cc1,0.345748987854251,0,0.007549700888045305
COc1ccc(C[C@@](C)(N)C(=O)O)cc1OC,0,c1ccccc1,COc1cc(N)c(Cl)cc1C(=O)NC1CCN(Cc2ccccc2)CC1,0,O=C(NC1CCN(Cc2ccccc2)CC1)c1ccccc1,0.2565034965034965,0,0.009730602628512108
COc1ccc(C[C@@](C)(N)C(=O)O)cc1OC,0,c1ccccc1,CNCC(O)c1ccc(O)c(OC)c1,0,c1ccccc1,0.2453781512605042,0,0.07387119908139934
COc1ccc(C[C@@](C)(N)C(=O)O)cc1OC,0,c1ccccc1,COc1cc(=O)n(C)c2c(OCC(O)C(C)(C)O)cccc12,0,O=c1ccc2ccccc2[nH]1,0.23921568627450981,0,0.029876038518649204
CC(=O)[N]([Na])S(=O)(=O)c1ccc(N)cc1,0,c1ccccc1,Nc1ccccc1S(N)(=O)=O,0,c1ccccc1,0.24990253411306043,0,0.007393436537356261
CC(=O)[N]([Na])S(=O)(=O)c1ccc(N)cc1,0,c1ccccc1,COc1ccc(C[C@@](C)(N)C(=O)O)cc1OC,0,c1ccccc1,0.19136842105263158,0,0.02349946007838658
CC(=O)[N]([Na])S(=O)(=O)c1ccc(N)cc1,0,c1ccccc1,Nc1c(O)cccc1C(=O)CC(N)C(=O)O,0,c1ccccc1,0.17678048780487804,0,0.016495906770684476
CC(=O)[N]([Na])S(=O)(=O)c1ccc(N)cc1,0,c1ccccc1,CC(=O)c1cc2ccccc2oc1=O,0,O=c1ccc2ccccc2o1,0.1740080506037953,0,0.00461472788060426
Nc1c(F)c(N)c(F)c(F)c1F,1,c1ccccc1,Nc1ccccc1S(N)(=O)=O,0,c1ccccc1,0.12088888888888889,1,0.8813303735519923
Nc1c(F)c(N)c(F)c(F)c1F,1,c1ccccc1,Cc1c(N)c(=O)n(-c2ccccc2)n1C,0,O=c1cc[nH]n1-c1ccccc1,0.11992409867172675,1,0.8473477023457071
Nc1c(F)c(N)c(F)c(F)c1F,1,c1ccccc1,Nc1c(O)cccc1C(=O)CC(N)C(=O)O,0,c1ccccc1,0.10526315789473684,1,0.9412084904715242
Nc1c(F)c(N)c(F)c(F)c1F,1,c1ccccc1,CC(=O)[N]([Na])S(=O)(=O)c1ccc(N)cc1,0,c1ccccc1,0.0982010582010582,1,0.9740740684282149
Cc1cc(C)cc(S(=O)(=O)O)c1,1,c1ccccc1,CC(=O)[N]([Na])S(=O)(=O)c1ccc(N)cc1,0,c1ccccc1,0.23125,1,0.9965181585971676
Cc1cc(C)cc(S(=O)(=O)O)c1,1,c1ccccc1,COc1cc(-c2ccc(/N=N/c3ccc4c(S(=O)(=O)O)cc(S(=O)(=O)O)c(N)c4c3O)c(OC)c2)ccc1/N=N/c1ccc2c(S(=O)(=O)O)cc(S(=O)(=O)O)c(N)c2c1O,0,c1ccc2cc(N=Nc3ccc(-c4ccc(N=Nc5ccc6ccccc6c5)cc4)cc3)ccc2c1,0.19876948318293686,1,0.9991105744522832
Cc1cc(C)cc(S(=O)(=O)O)c1,1,c1ccccc1,COc1ccc(C[C@@](C)(N)C(=O)O)cc1OC,0,c1ccccc1,0.18166112956810634,1,0.7909081242561353
Cc1cc(C)cc(S(=O)(=O)O)c1,1,c1ccccc1,Nc1ccccc1S(N)(=O)=O,0,c1ccccc1,0.16637931034482759,1,0.9578378328574314
CN(C)c1ccc(/N=N/S(=O)(=O)O)cc1,1,c1ccccc1,COc1cc(-c2ccc(/N=N/c3ccc4c(S(=O)(=O)O)cc(S(=O)(=O)O)c(N)c4c3O)c(OC)c2)ccc1/N=N/c1ccc2c(S(=O)(=O)O)cc(S(=O)(=O)O)c(N)c2c1O,0,c1ccc2cc(N=Nc3ccc(-c4ccc(N=Nc5ccc6ccccc6c5)cc4)cc3)ccc2c1,0.2067118644067797,1,0.9999817001570896
CN(C)c1ccc(/N=N/S(=O)(=O)O)cc1,1,c1ccccc1,CC(=O)[N]([Na])S(=O)(=O)c1ccc(N)cc1,0,c1ccccc1,0.19141414141414145,1,0.9999254662895248
CN(C)c1ccc(/N=N/S(=O)(=O)O)cc1,1,c1ccccc1,Nc1ccccc1S(N)(=O)=O,0,c1ccccc1,0.15944055944055946,1,0.9992130635116632
CN(C)c1ccc(/N=N/S(=O)(=O)O)cc1,1,c1ccccc1,O=C(O)C=Cc1ccc(O)c(O)c1,0,c1ccccc1,0.15353535353535352,1,0.9891410012035096
CNCCc1ccc(OC(=O)C(C)C)c(OC(=O)C(C)C)c1,1,c1ccccc1,COc1ccc(C[C@@](C)(N)C(=O)O)cc1OC,0,c1ccccc1,0.3142414860681115,1,0.8326277292028953
CNCCc1ccc(OC(=O)C(C)C)c(OC(=O)C(C)C)c1,1,c1ccccc1,CNCC(O)c1ccc(O)c(OC)c1,0,c1ccccc1,0.27179487179487183,1,0.8598720104909583
CNCCc1ccc(OC(=O)C(C)C)c(OC(=O)C(C)C)c1,1,c1ccccc1,CNCCc1ccccn1,0,c1ccncc1,0.2627497062279671,1,0.9115860133284512
CNCCc1ccc(OC(=O)C(C)C)c(OC(=O)C(C)C)c1,1,c1ccccc1,COCCc1ccc(OCC(O)CNC(C)C)cc1,0,c1ccccc1,0.25222358221134233,1,0.8770075142844517
Cc1ccc(S(=O)(=O)OCC(N)CN=O)cc1,1,c1ccccc1,CC(=O)[N]([Na])S(=O)(=O)c1ccc(N)cc1,0,c1ccccc1,0.20444444444444448,1,0.988937640081101
Cc1ccc(S(=O)(=O)OCC(N)CN=O)cc1,1,c1ccccc1,Nc1ccccc1S(N)(=O)=O,0,c1ccccc1,0.17150326797385623,1,0.969479264074095
Cc1ccc(S(=O)(=O)OCC(N)CN=O)cc1,1,c1ccccc1,COCCc1ccc(OCC(O)CNC(C)C)cc1,0,c1ccccc1,0.1594634873323398,1,0.9755567482866763
Cc1ccc(S(=O)(=O)OCC(N)CN=O)cc1,1,c1ccccc1,CS(=N)(=O)CC[C@H](N)C(=O)O,0,,0.15833333333333333,1,0.9597830958332381
Nc1c(O)cccc1C(=O)CC(N)C(=O)O,0,c1ccccc1,CS(=N)(=O)CC[C@H](N)C(=O)O,0,,0.28573224387177876,0,0.01144781287621738
Nc1c(O)cccc1C(=O)CC(N)C(=O)O,0,c1ccccc1,N=C(N)NOCC[C@H](N)C(=O)O,0,,0.2579710144927536,0,0.03908827333019299
Nc1c(O)cccc1C(=O)CC(N)C(=O)O,0,c1ccccc1,O=C(O)C=Cc1ccc(O)c(O)c1,0,c1ccccc1,0.23344481605351172,0,0.1060494008012552
Nc1c(O)cccc1C(=O)CC(N)C(=O)O,0,c1ccccc1,Nc1ccccc1S(N)(=O)=O,0,c1ccccc1,0.21724581724581726,0,0.2052860880377434
O=C(O)CNC(=O)C(CS)Cc1ccccc1,0,c1ccccc1,CC(Cc1ccccc1)NCCC(c1ccccc1)c1ccccc1,0,c1ccc(CCNCCC(c2ccccc2)c2ccccc2)cc1,0.26329625884732055,0,0.036156399049134376
O=C(O)CNC(=O)C(CS)Cc1ccccc1,0,c1ccccc1,N/C(=N\C(=O)c1nc(Cl)c(N)nc1N)NCc1ccccc1,0,O=C(N=CNCc1ccccc1)c1cnccn1,0.2612987012987013,0,0.023429685338836492
O=C(O)CNC(=O)C(CS)Cc1ccccc1,0,c1ccccc1,CNC(C)(C)Cc1ccccc1,0,c1ccccc1,0.2337194337194337,0,0.02447815484007888
O=C(O)CNC(=O)C(CS)Cc1ccccc1,0,c1ccccc1,Nc1c(O)cccc1C(=O)CC(N)C(=O)O,0,c1ccccc1,0.21471571906354517,0,0.07767782612324121
CCCCCN(CCCCC)C(=O)C(CCC(=O)O)NC(=O)c1ccc(Cl)c(Cl)c1,0,c1ccccc1,CC(=O)N[C@@H](CC(=O)N[C@H](CCC(=O)O)C(=O)O)C(=O)O,0,,0.2900829426613776,0,0.034295067854290255
CCCCCN(CCCCC)C(=O)C(CCC(=O)O)NC(=O)c1ccc(Cl)c(Cl)c1,0,c1ccccc1,CCCCNc1ccc(C(=O)OCCOCCOCCOCCOCCOCCOCCOCCOCCOC)cc1,0,c1ccccc1,0.2205949656750572,0,0.09542157286606531
CCCCCN(CCCCC)C(=O)C(CCC(=O)O)NC(=O)c1ccc(Cl)c(Cl)c1,0,c1ccccc1,COc1cc(N)c(Cl)cc1C(=O)NC1CCN(Cc2ccccc2)CC1,0,O=C(NC1CCN(Cc2ccccc2)CC1)c1ccccc1,0.21704108480064765,0,0.030290921825951243
CCCCCN(CCCCC)C(=O)C(CCC(=O)O)NC(=O)c1ccc(Cl)c(Cl)c1,0,c1ccccc1,CC(=O)N[C@@H](CC(=O)O)C(=O)O,0,,0.20771929824561405,0,0.05188068418501177
N=C(N)NCc1cccc(I)c1,0,c1ccccc1,N=C(N)NCCCCNC(=N)N,0,,0.2995670995670996,0,0.11068904915314051
N=C(N)NCc1cccc(I)c1,0,c1ccccc1,N/C(=N\C(=O)c1nc(Cl)c(N)nc1N)NCc1ccccc1,0,O=C(N=CNCc1ccccc1)c1cnccn1,0.2672727272727273,0,0.07131411567721975
N=C(N)NCc1cccc(I)c1,0,c1ccccc1,O=C(O)CNC(=O)C(CS)Cc1ccccc1,0,c1ccccc1,0.19962894248608537,0,0.018800359964199185
N=C(N)NCc1cccc(I)c1,0,c1ccccc1,CNC(C)(C)Cc1ccccc1,0,c1ccccc1,0.19246119733924616,0,0.05047546171611214
CNC(C)(C)Cc1ccccc1,0,c1ccccc1,CC(Cc1ccccc1)NCCC(c1ccccc1)c1ccccc1,0,c1ccc(CCNCCC(c2ccccc2)c2ccccc2)cc1,0.3130604288499026,0,0.026349801658476883
CNC(C)(C)Cc1ccccc1,0,c1ccccc1,CNCCc1ccccn1,0,c1ccncc1,0.25517241379310346,0,0.1615269878973438
CNC(C)(C)Cc1ccccc1,0,c1ccccc1,COc1ccc(C[C@@](C)(N)C(=O)O)cc1OC,0,c1ccccc1,0.23898768809849522,0,0.11745251387391653
CNC(C)(C)Cc1ccccc1,0,c1ccccc1,O=C(O)CNC(=O)C(CS)Cc1ccccc1,0,c1ccccc1,0.2337194337194337,0,0.047130977500602314
CNCC(O)c1ccc(O)c(OC)c1,0,c1ccccc1,CC(C)NC[C@@H](O)c1ccc(O)c(O)c1,0,c1ccccc1,0.48303030303030303,0,0.02589827718153719
CNCC(O)c1ccc(O)c(OC)c1,0,c1ccccc1,COc1cc2ccc(=O)oc2cc1O,0,O=c1ccc2ccccc2o1,0.301712506486767,0,0.0313939023411234
CNCC(O)c1ccc(O)c(OC)c1,0,c1ccccc1,COc1cc2c(c(OC)c1OC)-c1ccc(O)c(=O)cc1[C@@H](N)CC2,0,O=c1cccc2c(c1)CCCc1ccccc1-2,0.2487302676733013,0,0.013567159483286594
CNCC(O)c1ccc(O)c(OC)c1,0,c1ccccc1,CNCC(O)C(O)C(O)C(O)CO,0,,0.24705882352941178,0,0.1008582795317472
COCCc1ccc(OCC(O)CNC(C)C)cc1,0,c1ccccc1,CC(C)NC[C@@H](O)c1ccc(O)c(O)c1,0,c1ccccc1,0.31319064211050274,0,0.01625557692992576
COCCc1ccc(OCC(O)CNC(C)C)cc1,0,c1ccccc1,CCCCNc1ccc(C(=O)OCCOCCOCCOCCOCCOCCOCCOCCOCCOC)cc1,0,c1ccccc1,0.24624113475177306,0,0.03375500293997295
COCCc1ccc(OCC(O)CNC(C)C)cc1,0,c1ccccc1,CNCC(O)c1ccc(O)c(OC)c1,0,c1ccccc1,0.2367676767676768,0,0.03189002763951342
COCCc1ccc(OCC(O)CNC(C)C)cc1,0,c1ccccc1,CC(Cc1ccccc1)NCCC(c1ccccc1)c1ccccc1,0,c1ccc(CCNCCC(c2ccccc2)c2ccccc2)cc1,0.2115627822944896,0,0.00928839560318805
CCCCNc1ccc(C(=O)OCCOCCOCCOCCOCCOCCOCCOCCOCCOC)cc1,0,c1ccccc1,COCCc1ccc(OCC(O)CNC(C)C)cc1,0,c1ccccc1,0.24624113475177306,0,0.0870957993145151
CCCCNc1ccc(C(=O)OCCOCCOCCOCCOCCOCCOCCOCCOCCOC)cc1,0,c1ccccc1,CCCCCN(CCCCC)C(=O)C(CCC(=O)O)NC(=O)c1ccc(Cl)c(Cl)c1,0,c1ccccc1,0.2205949656750572,0,0.05761287545097544
CCCCNc1ccc(C(=O)OCCOCCOCCOCCOCCOCCOCCOCCOCCOC)cc1,0,c1ccccc1,COc1ccc2[nH]cc(CCNC(C)=O)c2c1,0,c1ccc2[nH]ccc2c1,0.20740740740740743,0,0.03699362366076378
CCCCNc1ccc(C(=O)OCCOCCOCCOCCOCCOCCOCCOCCOCCOC)cc1,0,c1ccccc1,COc1ccc(C[C@@](C)(N)C(=O)O)cc1OC,0,c1ccccc1,0.19263080324244658,0,0.1784118565850199
CC(CCl)OC(C)CCl,1,,CC(=O)N[C@@H]1[C@@H](O[C@H](C)C(=O)O)[C@H](O)[C@@H](CO)O[C@@H]1O,0,C1CCOCC1,0.11142217245240763,1,0.9911535532160684
CC(CCl)OC(C)CCl,1,,COCCc1ccc(OCC(O)CNC(C)C)cc1,0,c1ccccc1,0.11142191142191142,1,0.9575448046155179
CC(CCl)OC(C)CCl,1,,CN(C)CCOC(c1ccc(Cl)cc1)c1ccccn1,0,c1ccc(Cc2ccccn2)cc1,0.10646871686108166,1,0.9454395242784386
CC(CCl)OC(C)CCl,1,,CC(=O)N[C@@H](CC(=O)O)C(=O)O,0,,0.09964157706093191,1,0.9692322220809054
CC(=O)N[C@@H](CC(=O)N[C@H](CCC(=O)O)C(=O)O)C(=O)O,0,,CC(=O)N[C@@H](CC(=O)O)C(=O)O,0,,0.6263225806451613,0,0.017107233186071644
CC(=O)N[C@@H](CC(=O)N[C@H](CCC(=O)O)C(=O)O)C(=O)O,0,,CCCCCN(CCCCC)C(=O)C(CCC(=O)O)NC(=O)c1ccc(Cl)c(Cl)c1,0,c1ccccc1,0.2900829426613776,0,0.059815644971204104
CC(=O)N[C@@H](CC(=O)N[C@H](CCC(=O)O)C(=O)O)C(=O)O,0,,CS(=N)(=O)CC[C@H](N)C(=O)O,0,,0.22626538987688102,0,0.0008719006191024911
CC(=O)N[C@@H](CC(=O)N[C@H](CCC(=O)O)C(=O)O)C(=O)O,0,,C[C@H](CCC(=O)O)[C@H]1CC[C@H]2[C@@H]3CC[C@@H]4C[C@H](O)CC[C@]4(C)[C@H]3CC[C@]12C,0,C1CCC2C(C1)CCC1C3CCCC3CCC21,0.2163771712158809,0,0.002965402463745831
N=C(N)NOCC[C@H](N)C(=O)O,0,,CS(=N)(=O)CC[C@H](N)C(=O)O,0,,0.4167741935483872,0,0.0030622011561299944
N=C(N)NOCC[C@H](N)C(=O)O,0,,Nc1c(O)cccc1C(=O)CC(N)C(=O)O,0,c1ccccc1,0.2579710144927536,0,0.03732969653417329
N=C(N)NOCC[C@H](N)C(=O)O,0,,N=C(N)NCCCCNC(=N)N,0,,0.23143939393939397,0,0.029326870056215388
N=C(N)NOCC[C@H](N)C(=O)O,0,,CC(=O)N[C@@H](CC(=O)O)C(=O)O,0,,0.20194040194040194,0,0.006553937492134886
O=C/C=C\O,1,,O=C(O)C=Cc1ccc(O)c(O)c1,0,c1ccccc1,0.10948275862068968,1,0.8971312066193797
O=C/C=C\O,1,,O=C(O)[C@]1(O)C[C@H](O)[C@@H](O)[C@@H](O)C1,0,C1CCCCC1,0.10062111801242235,1,0.9102580410558779
O=C/C=C\O,1,,CC1(O)CCOC(=O)C1,0,O=C1CCCCO1,0.09509116409537166,1,0.9198775151913644
O=C/C=C\O,1,,CN[C@@H]1[C@H](O[C@H]2[C@H](O[C@@H]3[C@@H](O)[C@H](O)[C@@H](NC(=N)N)[C@H](O)[C@H]3NC(=N)N)O[C@@H](C)[C@]2(O)C=O)O[C@@H](CO)[C@H](O)[C@H]1O,0,C1CCC(OC2OCCC2OC2CCCCO2)CC1,0.0890239783856805,1,0.8457912680791523
C=CCNN,1,,N=C(N)NCCCCNC(=N)N,0,,0.11504761904761905,1,0.9965630023582149
C=CCNN,1,,CN(C)CCCSC(=N)N,0,,0.08981481481481482,1,0.995983705662811
C=CCNN,1,,CNCC(O)C(O)C(O)C(O)CO,0,,0.08060606060606061,1,0.9960508940951023
C=CCNN,1,,N=C(N)NOCC[C@H](N)C(=O)O,0,,0.0787878787878788,1,0.9972958875850506
CN(C)CCCSC(=N)N,0,,N=C(N)NCCCCNC(=N)N,0,,0.23282051282051283,0,0.13830682571202305
CN(C)CCCSC(=N)N,0,,CC(=O)c1ccc2c(c1)N(CCCN(C)C)c1ccccc1S2,0,c1ccc2c(c1)Nc1ccccc1S2,0.20604288499025342,0,0.08233339800917332
CN(C)CCCSC(=N)N,0,,CN(C)CCC(c1ccccc1)c1ccccn1,0,c1ccc(Cc2ccccn2)cc1,0.16768768768768771,0,0.06235389464509476
CN(C)CCCSC(=N)N,0,,CN(C)CCOC(C)(c1ccccc1)c1ccccn1,0,c1ccc(Cc2ccccn2)cc1,0.15928571428571428,0,0.0650875999271965
CCCCNNCCCC,1,,CCCCNc1ccc(C(=O)OCCOCCOCCOCCOCCOCCOCCOCCOCCOC)cc1,0,c1ccccc1,0.19846689895470385,1,0.9773699626587756
CCCCNNCCCC,1,,N=C(N)NCCCCNC(=N)N,0,,0.1691304347826087,1,0.9978536221704731
CCCCNNCCCC,1,,CCCCCN(CCCCC)C(=O)C(CCC(=O)O)NC(=O)c1ccc(Cl)c(Cl)c1,0,c1ccccc1,0.13094812164579606,1,0.9867701870012443
CCCCNNCCCC,1,,CNCC(O)C(O)C(O)C(O)CO,0,,0.11298701298701298,1,0.9902977078100471
CCCCNN,1,,N=C(N)NCCCCNC(=N)N,0,,0.19523809523809527,1,0.9984083435381115
CCCCNN,1,,CCCCNc1ccc(C(=O)OCCOCCOCCOCCOCCOCCOCCOCCOCCOC)cc1,0,c1ccccc1,0.18966408268733853,1,0.994698635226569
CCCCNN,1,,CN(C)CCCSC(=N)N,0,,0.13076923076923078,1,0.9948435504860146
CCCCNN,1,,CCCCCN(CCCCC)C(=O)C(CCC(=O)O)NC(=O)c1ccc(Cl)c(Cl)c1,0,c1ccccc1,0.12643097643097642,1,0.9903476158435968
CCNN,1,,N=C(N)NCCCCNC(=N)N,0,,0.1365079365079365,1,0.9984383103325497
CCNN,1,,CNCC(O)C(O)C(O)C(O)CO,0,,0.12757894736842107,1,0.9948466368399242
CCNN,1,,CNC(C)(C)Cc1ccccc1,0,c1ccccc1,0.10793650793650794,1,0.9776224068043913
CCNN,1,,CS(=N)(=O)CC[C@H](N)C(=O)O,0,,0.10675862068965516,1,0.970354885773414
CCCCCNN,1,,N=C(N)NCCCCNC(=N)N,0,,0.2272727272727273,1,0.9981316731074691
CCCCCNN,1,,CCCCNc1ccc(C(=O)OCCOCCOCCOCCOCCOCCOCCOCCOCCOC)cc1,0,c1ccccc1,0.16384384384384384,1,0.9948037569260635
CCCCCNN,1,,CCCCCN(CCCCC)C(=O)C(CCC(=O)O)NC(=O)c1ccc(Cl)c(Cl)c1,0,c1ccccc1,0.1457912457912458,1,0.9899452583316876
CCCCCNN,1,,CN(C)CCCSC(=N)N,0,,0.1265993265993266,1,0.9917157054076347
CCCNN,1,,N=C(N)NCCCCNC(=N)N,0,,0.1691304347826087,1,0.9983140286815672
CCCNN,1,,CCCCNc1ccc(C(=O)OCCOCCOCCOCCOCCOCCOCCOCCOCCOC)cc1,0,c1ccccc1,0.12575757575757576,1,0.9887949130460977
CCCNN,1,,CNCC(O)C(O)C(O)C(O)CO,0,,0.11298701298701298,1,0.9940814674492966
CCCNN,1,,CC(Cc1ccccc1)NCCC(c1ccccc1)c1ccccc1,0,c1ccc(CCNCCC(c2ccccc2)c2ccccc2)cc1,0.10957854406130269,1,0.950189700732156
CC(O)CNC(=O)N(N=O)C(C)Cl,1,,CN(N=O)C(=O)N[C@@H]1[C@@H](O)[C@H](O)[C@@H](CO)O[C@@H]1O,0,C1CCOCC1,0.2503118503118503,1,0.9252367888594639
CC(O)CNC(=O)N(N=O)C(C)Cl,1,,CC(=O)N[C@@H](CC(=O)O)C(=O)O,0,,0.17222222222222222,1,0.8216087370940872
CC(O)CNC(=O)N(N=O)C(C)Cl,1,,CNCC(O)C(O)C(O)C(O)CO,0,,0.16285714285714284,1,0.918797358035469
CC(O)CNC(=O)N(N=O)C(C)Cl,1,,CC(=O)N[C@@H]1[C@@H](O[C@H](C)C(=O)O)[C@H](O)[C@@H](CO)O[C@@H]1O,0,C1CCOCC1,0.15736346516007535,1,0.8822556223979248
C=CCNNCC=C,1,,N=C(N)NCCCCNC(=N)N,0,,0.08666666666666667,1,0.9973845980591081
C=CCNNCC=C,1,,CNCC(O)C(O)C(O)C(O)CO,0,,0.08571428571428572,1,0.9964163390954477
C=CCNNCC=C,1,,C=C(C)[C@@H]1CC[C@]2(CO)CC[C@]3(C)[C@H](CC[C@@H]4[C@@]5(C)CC[C@H](O)C(C)(C)[C@@H]5CC[C@]43C)[C@@H]12,0,C1CCC2C(C1)CCC1C2CCC2C3CCCC3CCC21,0.06952380952380953,1,0.7667249029118665
C=CCNNCC=C,1,,CN(C)CCCSC(=N)N,0,,0.06699751861042183,1,0.9864446283686241
CN(C)CCN(CCN=O)C(N)=O,1,,CN(C)CCCSC(=N)N,0,,0.27871621621621623,1,0.940523343563726
CN(C)CCN(CCN=O)C(N)=O,1,,CC(=O)c1ccc2c(c1)N(CCCN(C)C)c1ccccc1S2,0,c1ccc2c(c1)Nc1ccccc1S2,0.19273182957393484,1,0.954513464417377
CN(C)CCN(CCN=O)C(N)=O,1,,CN(N=O)C(=O)N[C@@H]1[C@@H](O)[C@H](O)[C@@H](CO)O[C@@H]1O,0,C1CCOCC1,0.17299465240641715,1,0.9641787279213403
CN(C)CCN(CCN=O)C(N)=O,1,,CN(C)CCC(c1ccccc1)c1ccccn1,0,c1ccc(Cc2ccccn2)cc1,0.15569105691056911,1,0.8369698423060894
CCCCCCCCCCCCNC(=N)N,1,,N=C(N)NCCCCNC(=N)N,0,,0.7339285714285715,1,0.7046149552892822
CCCCCCCCCCCCNC(=N)N,1,,N=C(N)NCc1cccc(I)c1,0,c1ccccc1,0.2567411083540116,1,0.8477929938682246
CCCCCCCCCCCCNC(=N)N,1,,CN(C)CCCSC(=N)N,0,,0.22423645320197044,1,0.7795848024995663
CCCCCCCCCCCCNC(=N)N,1,,N=C(N)NOCC[C@H](N)C(=O)O,0,,0.19838827838827838,1,0.8923273670817928
CC(=O)N[C@@H](CC(=O)O)C(=O)O,0,,CC(=O)N[C@@H](CC(=O)N[C@H](CCC(=O)O)C(=O)O)C(=O)O,0,,0.6263225806451613,0,0.029565268578724355
CC(=O)N[C@@H](CC(=O)O)C(=O)O,0,,CC(=O)N[C@@H]1[C@@H](O[C@H](C)C(=O)O)[C@H](O)[C@@H](CO)O[C@@H]1O,0,C1CCOCC1,0.24113029827315544,0,0.06590652525397112
CC(=O)N[C@@H](CC(=O)O)C(=O)O,0,,CS(=N)(=O)CC[C@H](N)C(=O)O,0,,0.23584229390681005,0,0.001651911523506375
CC(=O)N[C@@H](CC(=O)O)C(=O)O,0,,CCCCCN(CCCCC)C(=O)C(CCC(=O)O)NC(=O)c1ccc(Cl)c(Cl)c1,0,c1ccccc1,0.20771929824561405,0,0.11476012355948202
CNCC(O)C(O)C(O)C(O)CO,0,,CNCC(O)c1ccc(O)c(OC)c1,0,c1ccccc1,0.24705882352941178,0,0.009865012220469115
CNCC(O)C(O)C(O)C(O)CO,0,,O=C(O)[C@H](O)[C@@H](O)[C@H](O[C@@H]1O[C@H](CO)[C@H](O)[C@H](O)[C@H]1O)[C@H](O)CO,0,C1CCOCC1,0.19208037825059102,0,0.018992801172616973
CNCC(O)C(O)C(O)C(O)CO,0,,CC(C)NC[C@@H](O)c1ccc(O)c(O)c1,0,c1ccccc1,0.1775,0,0.026718802852163683
CNCC(O)C(O)C(O)C(O)CO,0,,COCCc1ccc(OCC(O)CNC(C)C)cc1,0,c1ccccc1,0.15769230769230771,0,0.0236891635395108
CS(=N)(=O)CC[C@H](N)C(=O)O,0,,N=C(N)NOCC[C@H](N)C(=O)O,0,,0.4167741935483872,0,0.06042763531395193
CS(=N)(=O)CC[C@H](N)C(=O)O,0,,Nc1c(O)cccc1C(=O)CC(N)C(=O)O,0,c1ccccc1,0.28573224387177876,0,0.09365986127160421
CS(=N)(=O)CC[C@H](N)C(=O)O,0,,CC(=O)N[C@@H](CC(=O)O)C(=O)O,0,,0.23584229390681005,0,0.029325282436347775
CS(=N)(=O)CC[C@H](N)C(=O)O,0,,CC(=O)N[C@@H](CC(=O)N[C@H](CCC(=O)O)C(=O)O)C(=O)O,0,,0.22626538987688102,0,0.08721074133561048
N=C(N)NCCCCNC(=N)N,0,,N=C(N)NCc1cccc(I)c1,0,c1ccccc1,0.2995670995670996,0,0.18509584355777653
N=C(N)NCCCCNC(=N)N,0,,CN(C)CCCSC(=N)N,0,,0.23282051282051283,0,0.10209005361209457
N=C(N)NCCCCNC(=N)N,0,,N=C(N)NOCC[C@H](N)C(=O)O,0,,0.23143939393939397,0,0.09860182941512867
N=C(N)NCCCCNC(=N)N,0,,CN[C@@H]1[C@H](O[C@H]2[C@H](O[C@@H]3[C@@H](O)[C@H](O)[C@@H](NC(=N)N)[C@H](O)[C@H]3NC(=N)N)O[C@@H](C)[C@]2(O)CO)O[C@@H](CO)[C@H](O)[C@H]1O,0,C1CCC(OC2OCCC2OC2CCCCO2)CC1,0.14757575757575758,0,0.05437768456805929
CC(N/C(=N/C#N)Nc1ccncc1)C(C)(C)C,0,c1ccncc1,COC(=O)Nc1nc2cc(SC(C)C)ccc2[nH]1,0,c1ccc2[nH]cnc2c1,0.1603846153846154,0,0.0007537907591329807
CC(N/C(=N/C#N)Nc1ccncc1)C(C)(C)C,0,c1ccncc1,CNC(C)(C)Cc1ccccc1,0,c1ccccc1,0.15012444001991038,0,0.011231784617992596
CC(N/C(=N/C#N)Nc1ccncc1)C(C)(C)C,0,c1ccncc1,c1cncc(C2=NCCC2)c1,0,c1cncc(C2=NCCC2)c1,0.14943722943722942,0,0.02315753312685911
CC(N/C(=N/C#N)Nc1ccncc1)C(C)(C)C,0,c1ccncc1,CN(C)CCOC(C)(c1ccccc1)c1ccccn1,0,c1ccc(Cc2ccccn2)cc1,0.1392258064516129,0,0.02698422649995925
CNCCc1ccccn1,0,c1ccncc1,CN(C)CCC(c1ccccc1)c1ccccn1,0,c1ccc(Cc2ccccn2)cc1,0.29714285714285715,0,0.015118464265256263
CNCCc1ccccn1,0,c1ccncc1,CN(C)CCOC(C)(c1ccccc1)c1ccccn1,0,c1ccc(Cc2ccccn2)cc1,0.2702341137123746,0,0.023402521232895424
CNCCc1ccccn1,0,c1ccncc1,CN(C)CCC(c1ccc(Cl)cc1)c1ccccn1,0,c1ccc(Cc2ccccn2)cc1,0.2642553191489362,0,0.03498705108846605
CNCCc1ccccn1,0,c1ccncc1,CNC(C)(C)Cc1ccccc1,0,c1ccccc1,0.25517241379310346,0,0.018150047699700824
ClCc1ccccn1,1,c1ccncc1,CNCCc1ccccn1,0,c1ccncc1,0.4785145888594165,1,0.8820414719157649
ClCc1ccccn1,1,c1ccncc1,CN(C)CCC(c1ccccc1)c1ccccn1,0,c1ccc(Cc2ccccn2)cc1,0.30899830220713076,1,0.9204620566397396
ClCc1ccccn1,1,c1ccncc1,CN(C)CCC(c1ccc(Cl)cc1)c1ccccn1,0,c1ccc(Cc2ccccn2)cc1,0.3028571428571428,1,0.9311641046553557
ClCc1ccccn1,1,c1ccncc1,CN(C)CCOC(c1ccc(Cl)cc1)c1ccccn1,0,c1ccc(Cc2ccccn2)cc1,0.2817543859649123,1,0.839685364176986
CCC1(c2ccccc2)C(=O)N=C(O)NC1=O,1,O=C1N=CNC(=O)C1c1ccccc1,Cc1c(O)c(=O)n(-c2ccccc2)n1C,0,O=c1cc[nH]n1-c1ccccc1,0.20555555555555557,1,0.929904220470303
CCC1(c2ccccc2)C(=O)N=C(O)NC1=O,1,O=C1N=CNC(=O)C1c1ccccc1,CCCOc1ccccc1-c1nc(=O)c2[nH]nnc2[nH]1,0,O=c1nc(-c2ccccc2)[nH]c2nn[nH]c12,0.19988479262672812,1,0.9824156740134753
CCC1(c2ccccc2)C(=O)N=C(O)NC1=O,1,O=C1N=CNC(=O)C1c1ccccc1,CC(C)=CCC/C(C)=C/CC1=C(C)C(=O)c2ccccc2C1=O,0,O=C1C=CC(=O)c2ccccc21,0.19582577132486392,1,0.909253024743625
CCC1(c2ccccc2)C(=O)N=C(O)NC1=O,1,O=C1N=CNC(=O)C1c1ccccc1,Nc1c(O)cccc1C(=O)CC(N)C(=O)O,0,c1ccccc1,0.19349658771577682,1,0.938876911438602
C1CCC(C(CC2CCCCN2)C2CCCCC2)CC1,0,C1CCC(C(CC2CCCCN2)C2CCCCC2)CC1,c1ccc2c3c([nH]c2c1)[C@H]1C2CCC([C@@H]4CCCN[C@H]24)N1CC3,0,c1ccc2c3c([nH]c2c1)C1C2CCC(C4CCCNC42)N1CC3,0.1507513661202186,0,0.0009939675048624777
C1CCC(C(CC2CCCCN2)C2CCCCC2)CC1,0,C1CCC(C(CC2CCCCN2)C2CCCCC2)CC1,CN1[C@@H](CC(=O)c2ccccc2)CCC[C@H]1C[C@H](O)c1ccccc1,0,O=C(CC1CCCC(CCc2ccccc2)N1)c1ccccc1,0.13099778270509976,0,0.01873753426264855
C1CCC(C(CC2CCCCN2)C2CCCCC2)CC1,0,C1CCC(C(CC2CCCCN2)C2CCCCC2)CC1,CN1C2CCCC1CC(=O)C2,0,O=C1CC2CCCC(C1)N2,0.12325375773651635,0,0.003235409330696886
C1CCC(C(CC2CCCCN2)C2CCCCC2)CC1,0,C1CCC(C(CC2CCCCN2)C2CCCCC2)CC1,S=C(NC1CCCCC1)N1CCC(C2C=NC=N2)CC1,0,S=C(NC1CCCCC1)N1CCC(C2C=NC=N2)CC1,0.1223083548664944,0,0.001576327202175069
CC(Cc1ccccc1)NCCC(c1ccccc1)c1ccccc1,0,c1ccc(CCNCCC(c2ccccc2)c2ccccc2)cc1,CNC(C)(C)Cc1ccccc1,0,c1ccccc1,0.3130604288499026,0,0.05336645980972332
CC(Cc1ccccc1)NCCC(c1ccccc1)c1ccccc1,0,c1ccc(CCNCCC(c2ccccc2)c2ccccc2)cc1,CN(C)CCC(c1ccccc1)c1ccccn1,0,c1ccc(Cc2ccccn2)cc1,0.27726495726495726,0,0.14337036124641817
CC(Cc1ccccc1)NCCC(c1ccccc1)c1ccccc1,0,c1ccc(CCNCCC(c2ccccc2)c2ccccc2)cc1,O=C(O)CNC(=O)C(CS)Cc1ccccc1,0,c1ccccc1,0.26329625884732055,0,0.07828565171380462
CC(Cc1ccccc1)NCCC(c1ccccc1)c1ccccc1,0,c1ccc(CCNCCC(c2ccccc2)c2ccccc2)cc1,CC(C)NC[C@@H](O)c1ccc(O)c(O)c1,0,c1ccccc1,0.23861892583120203,0,0.17136437312076766
O=C(O)[C@H](O)[C@@H](O)[C@H](O[C@@H]1O[C@H](CO)[C@H](O)[C@H](O)[C@H]1O)[C@H](O)CO,0,C1CCOCC1,CC(=O)N[C@@H]1[C@@H](O[C@H](C)C(=O)O)[C@H](O)[C@@H](CO)O[C@@H]1O,0,C1CCOCC1,0.3333333333333333,0,0.0013704410915886085
O=C(O)[C@H](O)[C@@H](O)[C@H](O[C@@H]1O[C@H](CO)[C@H](O)[C@H](O)[C@H]1O)[C@H](O)CO,0,C1CCOCC1,CN(N=O)C(=O)N[C@@H]1[C@@H](O)[C@H](O)[C@@H](CO)O[C@@H]1O,0,C1CCOCC1,0.26507177033492824,0,0.010153436351801227
O=C(O)[C@H](O)[C@@H](O)[C@H](O[C@@H]1O[C@H](CO)[C@H](O)[C@H](O)[C@H]1O)[C@H](O)CO,0,C1CCOCC1,NC[C@@H]1O[C@H](O[C@H]2[C@@H](O)[C@H](O[C@@H]3[C@@H](O)[C@H](N)C[C@H](N)[C@H]3O[C@H]3O[C@H](CN)[C@@H](O)[C@H](O)[C@H]3N)O[C@@H]2CO)[C@H](N)[C@@H](O)[C@@H]1O,0,C1CCC(OC2COC(OC3CCCCC3OC3CCCCO3)C2)OC1,0.26297335203366057,0,0.00013339998803413978
O=C(O)[C@H](O)[C@@H](O)[C@H](O[C@@H]1O[C@H](CO)[C@H](O)[C@H](O)[C@H]1O)[C@H](O)CO,0,C1CCOCC1,CN[C@@H]1[C@H](O[C@H]2[C@H](O[C@@H]3[C@@H](O)[C@H](O)[C@@H](NC(=N)N)[C@H](O)[C@H]3NC(=N)N)O[C@@H](C)[C@]2(O)C=O)O[C@@H](CO)[C@H](O)[C@H]1O,0,C1CCC(OC2OCCC2OC2CCCCO2)CC1,0.23508771929824562,0,0.0032696979577325766
CC(=O)N[C@@H]1[C@@H](O[C@H](C)C(=O)O)[C@H](O)[C@@H](CO)O[C@@H]1O,0,C1CCOCC1,CN(N=O)C(=O)N[C@@H]1[C@@H](O)[C@H](O)[C@@H](CO)O[C@@H]1O,0,C1CCOCC1,0.43846153846153846,0,0.006519949721934352
CC(=O)N[C@@H]1[C@@H](O[C@H](C)C(=O)O)[C@H](O)[C@@H](CO)O[C@@H]1O,0,C1CCOCC1,O=C(O)[C@H](O)[C@@H](O)[C@H](O[C@@H]1O[C@H](CO)[C@H](O)[C@H](O)[C@H]1O)[C@H](O)CO,0,C1CCOCC1,0.3333333333333333,0,0.002478731099153338
CC(=O)N[C@@H]1[C@@H](O[C@H](C)C(=O)O)[C@H](O)[C@@H](CO)O[C@@H]1O,0,C1CCOCC1,CN[C@@H]1[C@H](O[C@H]2[C@H](O[C@@H]3[C@@H](O)[C@H](O)[C@@H](NC(=N)N)[C@H](O)[C@H]3NC(=N)N)O[C@@H](C)[C@]2(O)C=O)O[C@@H](CO)[C@H](O)[C@H]1O,0,C1CCC(OC2OCCC2OC2CCCCO2)CC1,0.2492359932088285,0,0.002273092551895391
CC(=O)N[C@@H]1[C@@H](O[C@H](C)C(=O)O)[C@H](O)[C@@H](CO)O[C@@H]1O,0,C1CCOCC1,CN[C@@H]1[C@H](O[C@H]2[C@H](O[C@@H]3[C@@H](O)[C@H](O)[C@@H](NC(=N)N)[C@H](O)[C@H]3NC(=N)N)O[C@@H](C)[C@]2(O)CO)O[C@@H](CO)[C@H](O)[C@H]1O,0,C1CCC(OC2OCCC2OC2CCCCO2)CC1,0.24428475185268358,0,0.0012545316261066252
CN(N=O)C(=O)N[C@@H]1[C@@H](O)[C@H](O)[C@@H](CO)O[C@@H]1O,0,C1CCOCC1,CC(=O)N[C@@H]1[C@@H](O[C@H](C)C(=O)O)[C@H](O)[C@@H](CO)O[C@@H]1O,0,C1CCOCC1,0.43846153846153846,0,0.00260315339529476
CN(N=O)C(=O)N[C@@H]1[C@@H](O)[C@H](O)[C@@H](CO)O[C@@H]1O,0,C1CCOCC1,O=C(O)[C@H](O)[C@@H](O)[C@H](O[C@@H]1O[C@H](CO)[C@H](O)[C@H](O)[C@H]1O)[C@H](O)CO,0,C1CCOCC1,0.26507177033492824,0,0.028590180101522433
CN(N=O)C(=O)N[C@@H]1[C@@H](O)[C@H](O)[C@@H](CO)O[C@@H]1O,0,C1CCOCC1,CN[C@@H]1[C@H](O[C@H]2[C@H](O[C@@H]3[C@@H](O)[C@H](O)[C@@H](NC(=N)N)[C@H](O)[C@H]3NC(=N)N)O[C@@H](C)[C@]2(O)C=O)O[C@@H](CO)[C@H](O)[C@H]1O,0,C1CCC(OC2OCCC2OC2CCCCO2)CC1,0.2538332131699111,0,0.029925198300478975
CN(N=O)C(=O)N[C@@H]1[C@@H](O)[C@H](O)[C@@H](CO)O[C@@H]1O,0,C1CCOCC1,CN[C@@H]1[C@H](O[C@H]2[C@H](O[C@@H]3[C@@H](O)[C@H](O)[C@@H](NC(=N)N)[C@H](O)[C@H]3NC(=N)N)O[C@@H](C)[C@]2(O)CO)O[C@@H](CO)[C@H](O)[C@H]1O,0,C1CCC(OC2OCCC2OC2CCCCO2)CC1,0.24857142857142855,0,0.017205049014503503
COc1ccn(C)c(=O)c1C#N,0,O=c1cccc[nH]1,COc1cc2ccc(=O)oc2cc1O,0,O=c1ccc2ccccc2o1,0.24364429896344791,0,0.005462184364483407
COc1ccn(C)c(=O)c1C#N,0,O=c1cccc[nH]1,COc1cc(=O)n(C)c2c(OCC(O)C(C)(C)O)cccc12,0,O=c1ccc2ccccc2[nH]1,0.23840125391849531,0,0.0036413359118708795
COc1ccn(C)c(=O)c1C#N,0,O=c1cccc[nH]1,COc1ccc2c(OC)c3ccoc3nc2c1OC,0,c1ccc2nc3occc3cc2c1,0.20864864864864868,0,0.002288704556665
COc1ccn(C)c(=O)c1C#N,0,O=c1cccc[nH]1,COc1cc(/C=C/C(=O)N2CCC=CC2=O)cc(OC)c1OC,0,O=C1C=CCCN1C(=O)C=Cc1ccccc1,0.20813439434129088,0,0.0006287987902573064
CC1(C)[C@@H](OC(=O)CCC(=O)O)CC[C@]2(C)[C@H]3C(=O)C=C4[C@@H]5C[C@@](C)(C(=O)O)CC[C@]5(C)CC[C@@]4(C)[C@]3(C)CC[C@@H]12,0,O=C1C=C2C3CCCCC3CCC2C2CCC3CCCCC3C12,C[C@H]1[C@H](C)CC[C@]2(C(=O)O)CC[C@]3(C)C(=CC[C@@H]4[C@@]5(C)CC[C@H](O)C(C)(C)[C@@H]5CC[C@]43C)[C@H]12,0,C1=C2C3CCCCC3CCC2C2CCC3CCCCC3C2C1,0.3227168234064786,0,0.001988193234971595
CC1(C)[C@@H](OC(=O)CCC(=O)O)CC[C@]2(C)[C@H]3C(=O)C=C4[C@@H]5C[C@@](C)(C(=O)O)CC[C@]5(C)CC[C@@]4(C)[C@]3(C)CC[C@@H]12,0,O=C1C=C2C3CCCCC3CCC2C2CCC3CCCCC3C12,C=C(C)[C@@H]1CC[C@]2(C(=O)O)CC[C@]3(C)[C@H](CC[C@@H]4[C@@]5(C)CC[C@H](O)C(C)(C)[C@@H]5CC[C@]43C)[C@@H]12,0,C1CCC2C(C1)CCC1C2CCC2C3CCCC3CCC21,0.24855144855144856,0,0.0019062562457618868
CC1(C)[C@@H](OC(=O)CCC(=O)O)CC[C@]2(C)[C@H]3C(=O)C=C4[C@@H]5C[C@@](C)(C(=O)O)CC[C@]5(C)CC[C@@]4(C)[C@]3(C)CC[C@@H]12,0,O=C1C=C2C3CCCCC3CCC2C2CCC3CCCCC3C12,C[C@H](CCC(=O)O)[C@H]1CC[C@H]2[C@@H]3CC[C@@H]4C[C@H](O)CC[C@]4(C)[C@H]3CC[C@]12C,0,C1CCC2C(C1)CCC1C3CCCC3CCC21,0.21407407407407408,0,0.0054735694375844714
CC1(C)[C@@H](OC(=O)CCC(=O)O)CC[C@]2(C)[C@H]3C(=O)C=C4[C@@H]5C[C@@](C)(C(=O)O)CC[C@]5(C)CC[C@@]4(C)[C@]3(C)CC[C@@H]12,0,O=C1C=C2C3CCCCC3CCC2C2CCC3CCCCC3C12,C=C(C)[C@@H]1CC[C@]2(CO)CC[C@]3(C)[C@H](CC[C@@H]4[C@@]5(C)CC[C@H](O)C(C)(C)[C@@H]5CC[C@]43C)[C@@H]12,0,C1CCC2C(C1)CCC1C2CCC2C3CCCC3CCC21,0.19511823035850498,0,0.011357814814771047
NC[C@@H]1O[C@H](O[C@H]2[C@@H](O)[C@H](O[C@@H]3[C@@H](O)[C@H](N)C[C@H](N)[C@H]3O[C@H]3O[C@H](CN)[C@@H](O)[C@H](O)[C@H]3N)O[C@@H]2CO)[C@H](N)[C@@H](O)[C@@H]1O,0,C1CCC(OC2COC(OC3CCCCC3OC3CCCCO3)C2)OC1,CN[C@H]1[C@@H](O)[C@H](O[C@H]2[C@@H](O)[C@@H](OC3OC(CN)=CCC3N)[C@H](N)C[C@@H]2N)OC[C@@]1(C)O,0,C1=COC(OC2CCCC(OC3CCCCO3)C2)CC1,0.2718974358974359,0,9.142690080630727e-05
NC[C@@H]1O[C@H](O[C@H]2[C@@H](O)[C@H](O[C@@H]3[C@@H](O)[C@H](N)C[C@H](N)[C@H]3O[C@H]3O[C@H](CN)[C@@H](O)[C@H](O)[C@H]3N)O[C@@H]2CO)[C@H](N)[C@@H](O)[C@@H]1O,0,C1CCC(OC2COC(OC3CCCCC3OC3CCCCO3)C2)OC1,O=C(O)[C@H](O)[C@@H](O)[C@H](O[C@@H]1O[C@H](CO)[C@H](O)[C@H](O)[C@H]1O)[C@H](O)CO,0,C1CCOCC1,0.26297335203366057,0,2.9998429978653607e-05
NC[C@@H]1O[C@H](O[C@H]2[C@@H](O)[C@H](O[C@@H]3[C@@H](O)[C@H](N)C[C@H](N)[C@H]3O[C@H]3O[C@H](CN)[C@@H](O)[C@H](O)[C@H]3N)O[C@@H]2CO)[C@H](N)[C@@H](O)[C@@H]1O,0,C1CCC(OC2COC(OC3CCCCC3OC3CCCCO3)C2)OC1,CN[C@@H]1[C@@H](O)[C@@H](O[C@@H]2[C@@H](O)[C@H](O[C@H]3O[C@H]([C@@H](C)NC)CC[C@H]3N)[C@@H](N)C[C@H]2N)OC[C@]1(C)O,0,C1CCC(OC2CCCC(OC3CCCCO3)C2)OC1,0.2613877551020408,0,0.00016620774322363108
NC[C@@H]1O[C@H](O[C@H]2[C@@H](O)[C@H](O[C@@H]3[C@@H](O)[C@H](N)C[C@H](N)[C@H]3O[C@H]3O[C@H](CN)[C@@H](O)[C@H](O)[C@H]3N)O[C@@H]2CO)[C@H](N)[C@@H](O)[C@@H]1O,0,C1CCC(OC2COC(OC3CCCCC3OC3CCCCO3)C2)OC1,CN[C@@H]1[C@H](O[C@H]2[C@H](O[C@@H]3[C@@H](O)[C@H](O)[C@@H](NC(=N)N)[C@H](O)[C@H]3NC(=N)N)O[C@@H](C)[C@]2(O)CO)O[C@@H](CO)[C@H](O)[C@H]1O,0,C1CCC(OC2OCCC2OC2CCCCO2)CC1,0.2608484848484849,0,2.3559086582411653e-05
C[C@H]1CC[C@@H]2[C@@H](C)[C@H]3[C@H](C[C@H]4[C@@H]5CC=C6C[C@@H](O[C@@H]7O[C@H](CO)[C@H](O)[C@H](O[C@@H]8O[C@H](CO)[C@@H](O)[C@H](O)[C@H]8O)[C@H]7O[C@@H]7O[C@@H](C)[C@H](O)[C@@H](O)[C@H]7O)CC[C@]6(C)[C@H]5CC[C@]34C)N2C1,0,C1=C2CC(OC3OCCC(OC4CCCCO4)C3OC3CCCCO3)CCC2C2CCC3C(CC4C3CC3CCCCN34)C2C1,C[C@@H]1CC[C@@]2(NC1)O[C@H]1C[C@H]3[C@@H]4CC=C5C[C@@H](O)CC[C@]5(C)[C@H]4CC[C@]3(C)[C@H]1[C@@H]2C,0,C1=C2CCCCC2C2CCC3C4CC5(CCCCN5)OC4CC3C2C1,0.34588443919018763,0,2.0056219066943567e-05
C[C@H]1CC[C@@H]2[C@@H](C)[C@H]3[C@H](C[C@H]4[C@@H]5CC=C6C[C@@H](O[C@@H]7O[C@H](CO)[C@H](O)[C@H](O[C@@H]8O[C@H](CO)[C@@H](O)[C@H](O)[C@H]8O)[C@H]7O[C@@H]7O[C@@H](C)[C@H](O)[C@@H](O)[C@H]7O)CC[C@]6(C)[C@H]5CC[C@]34C)N2C1,0,C1=C2CC(OC3OCCC(OC4CCCCO4)C3OC3CCCCO3)CCC2C2CCC3C(CC4C3CC3CCCCN34)C2C1,CC[C@H](CC[C@@H](C)[C@H]1CC[C@H]2[C@@H]3CC=C4C[C@@H](O)CC[C@]4(C)[C@H]3CC[C@]12C)C(C)C,0,C1=C2CCCCC2C2CCC3CCCC3C2C1,0.3008113590263692,0,9.17711929985555e-05
C[C@H]1CC[C@@H]2[C@@H](C)[C@H]3[C@H](C[C@H]4[C@@H]5CC=C6C[C@@H](O[C@@H]7O[C@H](CO)[C@H](O)[C@H](O[C@@H]8O[C@H](CO)[C@@H](O)[C@H](O)[C@H]8O)[C@H]7O[C@@H]7O[C@@H](C)[C@H](O)[C@@H](O)[C@H]7O)CC[C@]6(C)[C@H]5CC[C@]34C)N2C1,0,C1=C2CC(OC3OCCC(OC4CCCCO4)C3OC3CCCCO3)CCC2C2CCC3C(CC4C3CC3CCCCN34)C2C1,NC[C@@H]1O[C@H](O[C@H]2[C@@H](O)[C@H](O[C@@H]3[C@@H](O)[C@H](N)C[C@H](N)[C@H]3O[C@H]3O[C@H](CN)[C@@H](O)[C@H](O)[C@H]3N)O[C@@H]2CO)[C@H](N)[C@@H](O)[C@@H]1O,0,C1CCC(OC2COC(OC3CCCCC3OC3CCCCO3)C2)OC1,0.22255389718076285,0,7.0914950526601e-06
C[C@H]1CC[C@@H]2[C@@H](C)[C@H]3[C@H](C[C@H]4[C@@H]5CC=C6C[C@@H](O[C@@H]7O[C@H](CO)[C@H](O)[C@H](O[C@@H]8O[C@H](CO)[C@@H](O)[C@H](O)[C@H]8O)[C@H]7O[C@@H]7O[C@@H](C)[C@H](O)[C@@H](O)[C@H]7O)CC[C@]6(C)[C@H]5CC[C@]34C)N2C1,0,C1=C2CC(OC3OCCC(OC4CCCCO4)C3OC3CCCCO3)CCC2C2CCC3C(CC4C3CC3CCCCN34)C2C1,CN[C@@H]1[C@H](O[C@H]2[C@H](O[C@@H]3[C@@H](O)[C@H](O)[C@@H](NC(=N)N)[C@H](O)[C@H]3NC(=N)N)O[C@@H](C)[C@]2(O)CO)O[C@@H](CO)[C@H](O)[C@H]1O,0,C1CCC(OC2OCCC2OC2CCCCO2)CC1,0.22005050505050505,0,7.002243917125167e-05
Cn1cc(C(=O)O)c(=O)c2ccc(/C=C/c3ccc([N+](=O)[O-])o3)nc21,1,O=c1cc[nH]c2nc(C=Cc3ccco3)ccc12,O=C1CN(/N=C/c2ccc(-c3ccc([N+](=O)[O-])cc3)o2)C(O)=N1,0,O=C1CN(N=Cc2ccc(-c3ccccc3)o2)C=N1,0.22229654403567448,1,0.9752122357647789
Cn1cc(C(=O)O)c(=O)c2ccc(/C=C/c3ccc([N+](=O)[O-])o3)nc21,1,O=c1cc[nH]c2nc(C=Cc3ccco3)ccc12,Cn1cnc([N+](=O)[O-])c1Sc1ncnc2[nH]cnc12,0,c1nc(Sc2cnc[nH]2)c2nc[nH]c2n1,0.18545454545454548,1,0.8490962035412274
Cn1cc(C(=O)O)c(=O)c2ccc(/C=C/c3ccc([N+](=O)[O-])o3)nc21,1,O=c1cc[nH]c2nc(C=Cc3ccco3)ccc12,CC(=O)c1cc2ccccc2oc1=O,0,O=c1ccc2ccccc2o1,0.17927125506072877,1,0.884454621941445
Cn1cc(C(=O)O)c(=O)c2ccc(/C=C/c3ccc([N+](=O)[O-])o3)nc21,1,O=c1cc[nH]c2nc(C=Cc3ccco3)ccc12,CC(=O)Nc1cc2ccccc2oc1=O,0,O=c1ccc2ccccc2o1,0.16143453696880372,1,0.9177659401698064
C=C(NC(=O)C(=C)NC(=O)c1csc(C2=N[C@H]3c4csc(n4)[C@H]4NC(=O)c5csc(n5)[C@H]([C@@](C)(O)[C@@H](C)O)NC(=O)[C@H]5CSC(=N5)/C(=C\C)NC(=O)[C@H]([C@@H](C)O)NC(=O)c5csc(n5)[C@]3(CC2)NC(=O)[C@H](C)NC(=O)C(=C)NC(=O)[C@H](C)NC(=O)[C@H](C(C)CC)N[C@@H]2C=Cc3c([C@H](C)O)cc(nc3[C@H]2O)C(=O)O[C@@H]4C)n1)C(N)=O,0,C=C1NC(=O)CNC(=O)CNC2C=Cc3ccc(nc3C2)C(=O)OCC2NC(=O)c3csc(n3)CNC(=O)C3CSC(=N3)C(=C)NC(=O)CNC(=O)c3csc(n3)C3(CCC(c4nccs4)=NC3c3csc2n3)NC(=O)CNC1=O,CCC(C)N1CCC2(CC1)N=C1C(=C3NC(=O)/C(C)=C/C=C/[C@H](C)[C@H](O)[C@@H](C)[C@@H](O)[C@@H](C)[C@H](OC(C)=O)[C@H](C)[C@@H](OC)/C=C/O[C@@]4(C)Oc5c(C)c(O)c(c1c5C4=O)C3=O)N2,0,O=C1C=CC=CCCCCCCCCC=COC2Oc3ccc4c(c3C2=O)C2=NC3(CCNCC3)NC2=C(N1)C4=O,0.13772687224669605,0,3.2290486983596876e-08
C=C(NC(=O)C(=C)NC(=O)c1csc(C2=N[C@H]3c4csc(n4)[C@H]4NC(=O)c5csc(n5)[C@H]([C@@](C)(O)[C@@H](C)O)NC(=O)[C@H]5CSC(=N5)/C(=C\C)NC(=O)[C@H]([C@@H](C)O)NC(=O)c5csc(n5)[C@]3(CC2)NC(=O)[C@H](C)NC(=O)C(=C)NC(=O)[C@H](C)NC(=O)[C@H](C(C)CC)N[C@@H]2C=Cc3c([C@H](C)O)cc(nc3[C@H]2O)C(=O)O[C@@H]4C)n1)C(N)=O,0,C=C1NC(=O)CNC(=O)CNC2C=Cc3ccc(nc3C2)C(=O)OCC2NC(=O)c3csc(n3)CNC(=O)C3CSC(=N3)C(=C)NC(=O)CNC(=O)c3csc(n3)C3(CCC(c4nccs4)=NC3c3csc2n3)NC(=O)CNC1=O,CC(C)CCCCC(=O)NC(CCN)C(=O)NC(C(=O)NC(CCN)C(=O)NC1CCNC(=O)C(C(C)O)NC(=O)C(CCN)NC(=O)C(CCN)NC(=O)C(C(C)C)CNC(=O)C(CC(C)C)NC(=O)C(CCN)NC1=O)C(C)O,0,O=C1CCCNC(=O)CNC(=O)CNC(=O)CNC(=O)CCNC(=O)CNC(=O)CN1,0.13196906219787302,0,3.1054298276231946e-06
C=C(NC(=O)C(=C)NC(=O)c1csc(C2=N[C@H]3c4csc(n4)[C@H]4NC(=O)c5csc(n5)[C@H]([C@@](C)(O)[C@@H](C)O)NC(=O)[C@H]5CSC(=N5)/C(=C\C)NC(=O)[C@H]([C@@H](C)O)NC(=O)c5csc(n5)[C@]3(CC2)NC(=O)[C@H](C)NC(=O)C(=C)NC(=O)[C@H](C)NC(=O)[C@H](C(C)CC)N[C@@H]2C=Cc3c([C@H](C)O)cc(nc3[C@H]2O)C(=O)O[C@@H]4C)n1)C(N)=O,0,C=C1NC(=O)CNC(=O)CNC2C=Cc3ccc(nc3C2)C(=O)OCC2NC(=O)c3csc(n3)CNC(=O)C3CSC(=N3)C(=C)NC(=O)CNC(=O)c3csc(n3)C3(CCC(c4nccs4)=NC3c3csc2n3)NC(=O)CNC1=O,CO[C@@]1(NC(=O)Cc2cccs2)C(=O)N2C(C(=O)O)=C(COC(N)=O)CS[C@@H]21,0,O=C(Cc1cccs1)NC1C(=O)N2C=CCSC12,0.1144,0,9.229809879331674e-07
C=C(NC(=O)C(=C)NC(=O)c1csc(C2=N[C@H]3c4csc(n4)[C@H]4NC(=O)c5csc(n5)[C@H]([C@@](C)(O)[C@@H](C)O)NC(=O)[C@H]5CSC(=N5)/C(=C\C)NC(=O)[C@H]([C@@H](C)O)NC(=O)c5csc(n5)[C@]3(CC2)NC(=O)[C@H](C)NC(=O)C(=C)NC(=O)[C@H](C)NC(=O)[C@H](C(C)CC)N[C@@H]2C=Cc3c([C@H](C)O)cc(nc3[C@H]2O)C(=O)O[C@@H]4C)n1)C(N)=O,0,C=C1NC(=O)CNC(=O)CNC2C=Cc3ccc(nc3C2)C(=O)OCC2NC(=O)c3csc(n3)CNC(=O)C3CSC(=N3)C(=C)NC(=O)CNC(=O)c3csc(n3)C3(CCC(c4nccs4)=NC3c3csc2n3)NC(=O)CNC1=O,CC(=O)OCC1=C(C(=O)O)N2C(=O)[C@@H](NC(=O)Cc3cccs3)[C@H]2SC1,0,O=C(Cc1cccs1)NC1C(=O)N2C=CCSC12,0.10505050505050506,0,2.0519101623251027e-06
Nc1nc2c(ncn2[C@H]2CC(O)[C@@H](CO)O2)c(=S)[nH]1,1,S=c1[nH]cnc2c1ncn2C1CCCO1,Nc1ncnc2c1ncn2C1O[C@H](CO)[C@@H](O)[C@@H]1O,0,c1ncc2ncn(C3CCCO3)c2n1,0.4009408602150538,1,0.896906546463153
Nc1nc2c(ncn2[C@H]2CC(O)[C@@H](CO)O2)c(=S)[nH]1,1,S=c1[nH]cnc2c1ncn2C1CCCO1,Nc1ncn(C2O[C@H](CO)[C@@H](O)[C@H]2O)c(=O)n1,0,O=c1ncncn1C1CCCO1,0.35668202764976953,1,0.8443277713782787
Nc1nc2c(ncn2[C@H]2CC(O)[C@@H](CO)O2)c(=S)[nH]1,1,S=c1[nH]cnc2c1ncn2C1CCCO1,CNc1ncnc2c1ncn2[C@@H]1O[C@H](CO)[C@@H](O)[C@H]1O,0,c1ncc2ncn(C3CCCO3)c2n1,0.34486391571554,1,0.9015864653557165
Nc1nc2c(ncn2[C@H]2CC(O)[C@@H](CO)O2)c(=S)[nH]1,1,S=c1[nH]cnc2c1ncn2C1CCCO1,Nc1nc2[nH]nnc2c(=O)[nH]1,0,O=c1[nH]cnc2[nH]nnc12,0.19237203077952494,1,0.9151754461438485
CO[C@@]1(NC(=O)CSCC#N)C(=O)N2C(C(=O)O)=C(CSc3nnnn3C)CS[C@@H]21,0,O=C1CC2SCC(CSc3nnn[nH]3)=CN12,CO[C@@]1(NC(=O)[C@H](C(=O)O)c2ccc(O)cc2)C(=O)N2C(C(=O)O)=C(CSc3nnnn3C)CO[C@@H]21,0,O=C(Cc1ccccc1)NC1C(=O)N2C=C(CSc3nnn[nH]3)COC12,0.5089878542510122,0,0.00020848582800990208
CO[C@@]1(NC(=O)CSCC#N)C(=O)N2C(C(=O)O)=C(CSc3nnnn3C)CS[C@@H]21,0,O=C1CC2SCC(CSc3nnn[nH]3)=CN12,Cn1nnnc1SCC1=C(C(=O)O)N2C(=O)[C@@H](NC(=O)[C@H](O)c3ccccc3)[C@H]2SC1,0,O=C(Cc1ccccc1)NC1C(=O)N2C=C(CSc3nnn[nH]3)CSC12,0.4650811874692472,0,0.00010071993476499784
CO[C@@]1(NC(=O)CSCC#N)C(=O)N2C(C(=O)O)=C(CSc3nnnn3C)CS[C@@H]21,0,O=C1CC2SCC(CSc3nnn[nH]3)=CN12,CO[C@@]1(NC(=O)Cc2cccs2)C(=O)N2C(C(=O)O)=C(COC(N)=O)CS[C@@H]21,0,O=C(Cc1cccs1)NC1C(=O)N2C=CCSC12,0.44218905472636816,0,0.00014361406397840948
CO[C@@]1(NC(=O)CSCC#N)C(=O)N2C(C(=O)O)=C(CSc3nnnn3C)CS[C@@H]21,0,O=C1CC2SCC(CSc3nnn[nH]3)=CN12,CC(=O)OCC1=C(C(=O)O)N2C(=O)[C@@H](NC(=O)Cc3cccs3)[C@H]2SC1,0,O=C(Cc1cccs1)NC1C(=O)N2C=CCSC12,0.27257478333799273,0,0.0001423835006835082
c1ccc2nc(N3CCNCC3)ccc2c1,0,c1ccc2nc(N3CCNCC3)ccc2c1,CC(=O)c1cc2ccccc2oc1=O,0,O=c1ccc2ccccc2o1,0.2036036036036036,0,0.02270254681575042
c1ccc2nc(N3CCNCC3)ccc2c1,0,c1ccc2nc(N3CCNCC3)ccc2c1,CN1CC[C@]23c4ccccc4N[C@H]1[C@]21CCN(C)[C@H]3Nc2ccccc21,0,c1ccc2c(c1)NC1NCCC23C2NCCC13c1ccccc1N2,0.19333333333333336,0,0.00018086718311576143
c1ccc2nc(N3CCNCC3)ccc2c1,0,c1ccc2nc(N3CCNCC3)ccc2c1,CC(=O)Nc1cc2ccccc2oc1=O,0,O=c1ccc2ccccc2o1,0.19049019607843137,0,0.017819096236068248
c1ccc2nc(N3CCNCC3)ccc2c1,0,c1ccc2nc(N3CCNCC3)ccc2c1,COc1c2c(nc3ccccc13)OC(C(C)(O)CO)C2,0,c1ccc2nc3c(cc2c1)CCO3,0.1886067261496225,0,0.010015317564672454
CCC(=O)O[C@@H]1CC(=O)O[C@H](C)C/C=C/C=C/[C@@H](O)[C@H](C)C[C@H](CC=O)[C@H](O[C@H]2O[C@H](C)[C@@H](O[C@H]3C[C@@](C)(O)[C@@H](OC(=O)CC)[C@H](C)O3)[C@H](N(C)C)[C@H]2O)[C@H]1OC,0,O=C1CCCC(OC2CCC(OC3CCCCO3)CO2)CCCCC=CC=CCCO1,CC1/C=C/C=C/CC/C=C/C=C/C=C/C=C/C(O[C@@H]2O[C@H](C)[C@@H](O)[C@H](N)[C@@H]2O)CC(O)C(C(=O)O)C(O)CC(=O)CC(O)C(O)CCC(O)CC(O)CC(O)CC(=O)OC(C)C(C)C1O,0,O=C1CCCCCCCCCCCC(=O)OCCCCC=CC=CCCC=CC=CC=CC=CC(OC2CCCCO2)CCCCC1,0.2430388949472919,0,0.004020816223137818
CCC(=O)O[C@@H]1CC(=O)O[C@H](C)C/C=C/C=C/[C@@H](O)[C@H](C)C[C@H](CC=O)[C@H](O[C@H]2O[C@H](C)[C@@H](O[C@H]3C[C@@](C)(O)[C@@H](OC(=O)CC)[C@H](C)O3)[C@H](N(C)C)[C@H]2O)[C@H]1OC,0,O=C1CCCC(OC2CCC(OC3CCCCO3)CO2)CCCCC=CC=CCCO1,CN[C@H]1[C@@H](O)[C@H](O[C@H]2[C@@H](O)[C@@H](OC3OC(CN)=CCC3N)[C@H](N)C[C@@H]2N)OC[C@@]1(C)O,0,C1=COC(OC2CCCC(OC3CCCCO3)C2)CC1,0.18350877192982457,0,0.004071857261574317
CCC(=O)O[C@@H]1CC(=O)O[C@H](C)C/C=C/C=C/[C@@H](O)[C@H](C)C[C@H](CC=O)[C@H](O[C@H]2O[C@H](C)[C@@H](O[C@H]3C[C@@](C)(O)[C@@H](OC(=O)CC)[C@H](C)O3)[C@H](N(C)C)[C@H]2O)[C@H]1OC,0,O=C1CCCC(OC2CCC(OC3CCCCO3)CO2)CCCCC=CC=CCCO1,C[C@H]1CC[C@@H]2[C@@H](C)[C@H]3[C@H](C[C@H]4[C@@H]5CC=C6C[C@@H](O[C@@H]7O[C@H](CO)[C@H](O)[C@H](O[C@@H]8O[C@H](CO)[C@@H](O)[C@H](O)[C@H]8O)[C@H]7O[C@@H]7O[C@@H](C)[C@H](O)[C@@H](O)[C@H]7O)CC[C@]6(C)[C@H]5CC[C@]34C)N2C1,0,C1=C2CC(OC3OCCC(OC4CCCCO4)C3OC3CCCCO3)CCC2C2CCC3C(CC4C3CC3CCCCN34)C2C1,0.18174603174603177,0,9.581755750894475e-05
CCC(=O)O[C@@H]1CC(=O)O[C@H](C)C/C=C/C=C/[C@@H](O)[C@H](C)C[C@H](CC=O)[C@H](O[C@H]2O[C@H](C)[C@@H](O[C@H]3C[C@@](C)(O)[C@@H](OC(=O)CC)[C@H](C)O3)[C@H](N(C)C)[C@H]2O)[C@H]1OC,0,O=C1CCCC(OC2CCC(OC3CCCCO3)CO2)CCCCC=CC=CCCO1,CCN1C[C@]2(C)CC[C@H](OC)[C@@]34C1[C@]1(OCO[C@@]15C[C@H](OC)[C@H]1C[C@]3(O)[C@@H]5[C@H]1OC)[C@@H](OC(C)=O)[C@H]24,0,C1CC2CNC3C4(C1)C2CC31OCOC12CCC1CC4C2C1,0.17246963562753037,0,0.00019458453718965393
COC(=O)C1=CO[C@@H](C)[C@H]2CN3CCc4c([nH]c5ccccc45)[C@@H]3C[C@H]12,0,C1=CC2CC3c4[nH]c5ccccc5c4CCN3CC2CO1,COC(=O)[C@H]1[C@H]2C[C@@H]3c4[nH]c5cc(OC)ccc5c4CCN3C[C@H]2C[C@@H](OC(=O)/C=C/c2cc(OC)c(OC)c(OC)c2)[C@@H]1OC,0,O=C(C=Cc1ccccc1)OC1CCC2CC3c4[nH]c5ccccc5c4CCN3CC2C1,0.3806298276886512,0,2.4725622818375125e-05
COC(=O)C1=CO[C@@H](C)[C@H]2CN3CCc4c([nH]c5ccccc45)[C@@H]3C[C@H]12,0,C1=CC2CC3c4[nH]c5ccccc5c4CCN3CC2CO1,c1ccc2c3c([nH]c2c1)[C@H]1C2CCC([C@@H]4CCCN[C@H]24)N1CC3,0,c1ccc2c3c([nH]c2c1)C1C2CCC(C4CCCNC42)N1CC3,0.3286935286935287,0,0.00012234325334429158
COC(=O)C1=CO[C@@H](C)[C@H]2CN3CCc4c([nH]c5ccccc45)[C@@H]3C[C@H]12,0,C1=CC2CC3c4[nH]c5ccccc5c4CCN3CC2CO1,COc1ccc2c3c([nH]c2c1)C(C)=NCC3,0,C1=NCCc2c1[nH]c1ccccc21,0.2295670995670996,0,0.001126483428517119
COC(=O)C1=CO[C@@H](C)[C@H]2CN3CCc4c([nH]c5ccccc45)[C@@H]3C[C@H]12,0,C1=CC2CC3c4[nH]c5ccccc5c4CCN3CC2CO1,COc1ccc2[nH]c3c(c2c1)CCN=C3C,0,C1=NCCc2c1[nH]c1ccccc21,0.2295670995670996,0,0.001039517859537403
COC(=O)Nc1nc2cc(SC(C)C)ccc2[nH]1,0,c1ccc2[nH]cnc2c1,COc1ccc2[nH]cc(CCNC(C)=O)c2c1,0,c1ccc2[nH]ccc2c1,0.23,0,0.0008477242105479619
COC(=O)Nc1nc2cc(SC(C)C)ccc2[nH]1,0,c1ccc2[nH]cnc2c1,COc1ccc2[nH]c3c(c2c1)CCN=C3C,0,C1=NCCc2c1[nH]c1ccccc21,0.20384615384615387,0,0.0016084084054430094
COC(=O)Nc1nc2cc(SC(C)C)ccc2[nH]1,0,c1ccc2[nH]cnc2c1,CC(=O)Nc1cc2ccccc2oc1=O,0,O=c1ccc2ccccc2o1,0.19066666666666668,0,0.008320934168484477
COC(=O)Nc1nc2cc(SC(C)C)ccc2[nH]1,0,c1ccc2[nH]cnc2c1,COc1ccc2c3c([nH]c2c1)C(C)=NCC3,0,C1=NCCc2c1[nH]c1ccccc21,0.18444121915820033,0,0.001795244659851802
COc1ccc2c(OC)c3ccoc3nc2c1OC,0,c1ccc2nc3occc3cc2c1,COc1c2ccoc2nc2c(OC)c(OC[C@@H](O)C(C)(C)O)ccc12,0,c1ccc2nc3occc3cc2c1,0.6393939393939394,0,0.008571803560310693
COc1ccc2c(OC)c3ccoc3nc2c1OC,0,c1ccc2nc3occc3cc2c1,COc1cc2ccc(=O)oc2cc1O,0,O=c1ccc2ccccc2o1,0.2503267973856209,0,0.008871415368049133
COc1ccc2c(OC)c3ccoc3nc2c1OC,0,c1ccc2nc3occc3cc2c1,COc1c2c(nc3ccccc13)OC(C(C)(O)CO)C2,0,c1ccc2nc3c(cc2c1)CCO3,0.24800619434765775,0,0.009930854547891986
COc1ccc2c(OC)c3ccoc3nc2c1OC,0,c1ccc2nc3occc3cc2c1,COc1ccn(C)c(=O)c1C#N,0,O=c1cccc[nH]1,0.20864864864864868,0,0.006146131236263062
COc1c2ccoc2nc2c(OC)c(OC[C@@H](O)C(C)(C)O)ccc12,0,c1ccc2nc3occc3cc2c1,COc1ccc2c(OC)c3ccoc3nc2c1OC,0,c1ccc2nc3occc3cc2c1,0.6393939393939394,0,0.0032044800228318566
COc1c2ccoc2nc2c(OC)c(OC[C@@H](O)C(C)(C)O)ccc12,0,c1ccc2nc3occc3cc2c1,COc1cc(=O)n(C)c2c(OCC(O)C(C)(C)O)cccc12,0,O=c1ccc2ccccc2[nH]1,0.4144322344322345,0,0.0022399039711015587
COc1c2ccoc2nc2c(OC)c(OC[C@@H](O)C(C)(C)O)ccc12,0,c1ccc2nc3occc3cc2c1,COc1c2c(nc3ccccc13)OC(C(C)(O)CO)C2,0,c1ccc2nc3c(cc2c1)CCO3,0.2893617021276596,0,0.01045183173494795
COc1c2ccoc2nc2c(OC)c(OC[C@@H](O)C(C)(C)O)ccc12,0,c1ccc2nc3occc3cc2c1,COc1cc2ccc(=O)oc2cc1O,0,O=c1ccc2ccccc2o1,0.20811188811188813,0,0.006693169889517741
COc1ccc2cc1Oc1ccc(cc1)C[C@H]1c3cc(c(OC)cc3CCN1C)Oc1c(OC)c(OC)cc3c1[C@H](C2)N(C)CC3,0,c1cc2cc(c1)Oc1ccc(cc1)CC1NCCc3ccc(cc31)Oc1cccc3c1C(C2)NCC3,COc1ccc(CC2c3cc(OC)c(OC)cc3CCN2C)cc1OC,0,c1ccc(CC2NCCc3ccccc32)cc1,0.4486786018755328,0,0.005478420895214605
COc1ccc2cc1Oc1ccc(cc1)C[C@H]1c3cc(c(OC)cc3CCN1C)Oc1c(OC)c(OC)cc3c1[C@H](C2)N(C)CC3,0,c1cc2cc(c1)Oc1ccc(cc1)CC1NCCc3ccc(cc31)Oc1cccc3c1C(C2)NCC3,CN1CCc2cc3c(cc2[C@H]1[C@@H]1OC(=O)c2c1ccc1c2OCO1)OCO3,0,O=C1OC(C2NCCc3cc4c(cc32)OCO4)c2ccc3c(c21)OCO3,0.2984950700570836,0,0.002811640930448914
COc1ccc2cc1Oc1ccc(cc1)C[C@H]1c3cc(c(OC)cc3CCN1C)Oc1c(OC)c(OC)cc3c1[C@H](C2)N(C)CC3,0,c1cc2cc(c1)Oc1ccc(cc1)CC1NCCc3ccc(cc31)Oc1cccc3c1C(C2)NCC3,CSc1ccc2c(c1)C(N1CCN(C)CC1)Cc1ccccc1S2,0,c1ccc2c(c1)CC(N1CCNCC1)c1ccccc1S2,0.2380952380952381,0,0.0007801741704248793
COc1ccc2cc1Oc1ccc(cc1)C[C@H]1c3cc(c(OC)cc3CCN1C)Oc1c(OC)c(OC)cc3c1[C@H](C2)N(C)CC3,0,c1cc2cc(c1)Oc1ccc(cc1)CC1NCCc3ccc(cc31)Oc1cccc3c1C(C2)NCC3,COc1cc2c(c(OC)c1OC)-c1ccc(O)c(=O)cc1[C@@H](N)CC2,0,O=c1cccc2c(c1)CCCc1ccccc1-2,0.22874656520820122,0,0.00544491798521087
CCC(C)N1CCC2(CC1)N=C1C(=C3NC(=O)/C(C)=C/C=C/[C@H](C)[C@H](O)[C@@H](C)[C@@H](O)[C@@H](C)[C@H](OC(C)=O)[C@H](C)[C@@H](OC)/C=C/O[C@@]4(C)Oc5c(C)c(O)c(c1c5C4=O)C3=O)N2,0,O=C1C=CC=CCCCCCCCCC=COC2Oc3ccc4c(c3C2=O)C2=NC3(CCNCC3)NC2=C(N1)C4=O,CC[C@@H](C)C(=O)O[C@H]1[C@H](O)[C@H]2[C@@H](CN3C[C@@H](C)CC[C@H]3[C@@]2(C)O)C2C[C@]34O[C@@]5(O)[C@@H](OC(=O)[C@](C)(O)CC)CC[C@@]3(C)[C@@H]5[C@@H](OC(C)=O)[C@@H](OC(C)=O)[C@H]4[C@@]21O,0,C1CCN2CC3C(CCC4C3CC35OC6CCCC3C6CCC45)CC2C1,0.18818783865141483,0,2.2261084872863142e-06
CCC(C)N1CCC2(CC1)N=C1C(=C3NC(=O)/C(C)=C/C=C/[C@H](C)[C@H](O)[C@@H](C)[C@@H](O)[C@@H](C)[C@H](OC(C)=O)[C@H](C)[C@@H](OC)/C=C/O[C@@]4(C)Oc5c(C)c(O)c(c1c5C4=O)C3=O)N2,0,O=C1C=CC=CCCCCCCCCC=COC2Oc3ccc4c(c3C2=O)C2=NC3(CCNCC3)NC2=C(N1)C4=O,CCN1C[C@]2(C)CC[C@H](OC)[C@@]34C1[C@]1(OCO[C@@]15C[C@H](OC)[C@H]1C[C@]3(O)[C@@H]5[C@H]1OC)[C@@H](OC(C)=O)[C@H]24,0,C1CC2CNC3C4(C1)C2CC31OCOC12CCC1CC4C2C1,0.17395825913526605,0,3.217030949497245e-05
CCC(C)N1CCC2(CC1)N=C1C(=C3NC(=O)/C(C)=C/C=C/[C@H](C)[C@H](O)[C@@H](C)[C@@H](O)[C@@H](C)[C@H](OC(C)=O)[C@H](C)[C@@H](OC)/C=C/O[C@@]4(C)Oc5c(C)c(O)c(c1c5C4=O)C3=O)N2,0,O=C1C=CC=CCCCCCCCCC=COC2Oc3ccc4c(c3C2=O)C2=NC3(CCNCC3)NC2=C(N1)C4=O,CC1/C=C/C=C/CC/C=C/C=C/C=C/C=C/C(O[C@@H]2O[C@H](C)[C@@H](O)[C@H](N)[C@@H]2O)CC(O)C(C(=O)O)C(O)CC(=O)CC(O)C(O)CCC(O)CC(O)CC(O)CC(=O)OC(C)C(C)C1O,0,O=C1CCCCCCCCCCCC(=O)OCCCCC=CC=CCCC=CC=CC=CC=CC(OC2CCCCO2)CCCCC1,0.16731497852993182,0,0.00035744052923412575
CCC(C)N1CCC2(CC1)N=C1C(=C3NC(=O)/C(C)=C/C=C/[C@H](C)[C@H](O)[C@@H](C)[C@@H](O)[C@@H](C)[C@H](OC(C)=O)[C@H](C)[C@@H](OC)/C=C/O[C@@]4(C)Oc5c(C)c(O)c(c1c5C4=O)C3=O)N2,0,O=C1C=CC=CCCCCCCCCC=COC2Oc3ccc4c(c3C2=O)C2=NC3(CCNCC3)NC2=C(N1)C4=O,CCC(=O)O[C@@H]1CC(=O)O[C@H](C)C/C=C/C=C/[C@@H](O)[C@H](C)C[C@H](CC=O)[C@H](O[C@H]2O[C@H](C)[C@@H](O[C@H]3C[C@@](C)(O)[C@@H](OC(=O)CC)[C@H](C)O3)[C@H](N(C)C)[C@H]2O)[C@H]1OC,0,O=C1CCCC(OC2CCC(OC3CCCCO3)CO2)CCCCC=CC=CCCO1,0.16002795248078266,0,0.00018363895701025248
CCOc1ccc2c(c1)C(C)=CC(C)(C)N2,0,C1=Cc2ccccc2NC1,COc1ccc2c3c([nH]c2c1)C(C)=NCC3,0,C1=NCCc2c1[nH]c1ccccc21,0.1814265536723164,0,0.0010679791537150912
CCOc1ccc2c(c1)C(C)=CC(C)(C)N2,0,C1=Cc2ccccc2NC1,COc1ccc2[nH]c3c(c2c1)CCN=C3C,0,C1=NCCc2c1[nH]c1ccccc21,0.1814265536723164,0,0.0012515676215743602
CCOc1ccc2c(c1)C(C)=CC(C)(C)N2,0,C1=Cc2ccccc2NC1,CNC(=O)Oc1ccc2c(c1)[C@]1(C)CCN(C)[C@@H]1N2C,0,c1ccc2c(c1)NC1NCCC21,0.17733333333333334,0,9.579988138639145e-06
CCOc1ccc2c(c1)C(C)=CC(C)(C)N2,0,C1=Cc2ccccc2NC1,COCCc1ccc(OCC(O)CNC(C)C)cc1,0,c1ccccc1,0.17652173913043478,0,0.014172365673905068
CC(=O)Nc1ccc(S(=O)(=O)O)c2cc(S(=O)(=O)O)c(/N=N/c3ccc(/N=N/c4ccc(S(=O)(=O)O)cc4)c4ccc(S(=O)(=O)O)cc34)c(O)c12,1,c1ccc(N=Nc2ccc(N=Nc3ccc4ccccc4c3)c3ccccc23)cc1,COc1cc(-c2ccc(/N=N/c3ccc4c(S(=O)(=O)O)cc(S(=O)(=O)O)c(N)c4c3O)c(OC)c2)ccc1/N=N/c1ccc2c(S(=O)(=O)O)cc(S(=O)(=O)O)c(N)c2c1O,0,c1ccc2cc(N=Nc3ccc(-c4ccc(N=Nc5ccc6ccccc6c5)cc4)cc3)ccc2c1,0.3246753246753247,1,0.9941584369189558
CC(=O)Nc1ccc(S(=O)(=O)O)c2cc(S(=O)(=O)O)c(/N=N/c3ccc(/N=N/c4ccc(S(=O)(=O)O)cc4)c4ccc(S(=O)(=O)O)cc34)c(O)c12,1,c1ccc(N=Nc2ccc(N=Nc3ccc4ccccc4c3)c3ccccc23)cc1,CC(=O)Nc1cc2ccccc2oc1=O,0,O=c1ccc2ccccc2o1,0.22184427318628752,1,0.9736286148466706
CC(=O)Nc1ccc(S(=O)(=O)O)c2cc(S(=O)(=O)O)c(/N=N/c3ccc(/N=N/c4ccc(S(=O)(=O)O)cc4)c4ccc(S(=O)(=O)O)cc34)c(O)c12,1,c1ccc(N=Nc2ccc(N=Nc3ccc4ccccc4c3)c3ccccc23)cc1,CC(=O)[N]([Na])S(=O)(=O)c1ccc(N)cc1,0,c1ccccc1,0.17294685990338166,1,0.9966523453144177
CC(=O)Nc1ccc(S(=O)(=O)O)c2cc(S(=O)(=O)O)c(/N=N/c3ccc(/N=N/c4ccc(S(=O)(=O)O)cc4)c4ccc(S(=O)(=O)O)cc34)c(O)c12,1,c1ccc(N=Nc2ccc(N=Nc3ccc4ccccc4c3)c3ccccc23)cc1,COc1ccc2[nH]cc(CCNC(C)=O)c2c1,0,c1ccc2[nH]ccc2c1,0.14881920247773905,1,0.9763073916800019
CN1CCc2cc3c(cc2[C@H]1[C@@H]1OC(=O)c2c1ccc1c2OCO1)OCO3,0,O=C1OC(C2NCCc3cc4c(cc32)OCO4)c2ccc3c(c21)OCO3,COc1ccc(CC2c3cc(OC)c(OC)cc3CCN2C)cc1OC,0,c1ccc(CC2NCCc3ccccc32)cc1,0.31606060606060604,0,0.0004410187383264558
CN1CCc2cc3c(cc2[C@H]1[C@@H]1OC(=O)c2c1ccc1c2OCO1)OCO3,0,O=C1OC(C2NCCc3cc4c(cc32)OCO4)c2ccc3c(c21)OCO3,COc1ccc2cc1Oc1ccc(cc1)C[C@H]1c3cc(c(OC)cc3CCN1C)Oc1c(OC)c(OC)cc3c1[C@H](C2)N(C)CC3,0,c1cc2cc(c1)Oc1ccc(cc1)CC1NCCc3ccc(cc31)Oc1cccc3c1C(C2)NCC3,0.2984950700570836,0,0.0006398184730650376
CN1CCc2cc3c(cc2[C@H]1[C@@H]1OC(=O)c2c1ccc1c2OCO1)OCO3,0,O=C1OC(C2NCCc3cc4c(cc32)OCO4)c2ccc3c(c21)OCO3,Cn1c(-c2ccc3c(c2)OCO3)cc(=O)c2ccccc21,0,O=c1cc(-c2ccc3c(c2)OCO3)[nH]c2ccccc12,0.2731318681318682,0,0.001270020819072692
CN1CCc2cc3c(cc2[C@H]1[C@@H]1OC(=O)c2c1ccc1c2OCO1)OCO3,0,O=C1OC(C2NCCc3cc4c(cc32)OCO4)c2ccc3c(c21)OCO3,CSc1ccc2c(c1)C(N1CCN(C)CC1)Cc1ccccc1S2,0,c1ccc2c(c1)CC(N1CCNCC1)c1ccccc1S2,0.22425799086757991,0,0.0007057200961272799
CC(O)CN(C)c1ccc(NN)nn1,1,c1ccnnc1,CC(C)NC[C@@H](O)c1ccc(O)c(O)c1,0,c1ccccc1,0.20686456400742118,1,0.9795856430378443
CC(O)CN(C)c1ccc(NN)nn1,1,c1ccnnc1,COCCc1ccc(OCC(O)CNC(C)C)cc1,0,c1ccccc1,0.18899486426999268,1,0.9816772964720898
CC(O)CN(C)c1ccc(NN)nn1,1,c1ccnnc1,CNCC(O)c1ccc(O)c(OC)c1,0,c1ccccc1,0.1807306302689683,1,0.985116279414836
CC(O)CN(C)c1ccc(NN)nn1,1,c1ccnnc1,COc1c2ccoc2nc2c(OC)c(OC[C@@H](O)C(C)(C)O)ccc12,0,c1ccc2nc3occc3cc2c1,0.1625450180072029,1,0.9206448137314207
CN1CCC(=C2c3ccccc3CCc3sccc32)CC1,0,c1ccc2c(c1)CCc1sccc1C2=C1CCNCC1,CN1CCC(=C2c3ccccc3Sc3ccccc32)CC1,0,c1ccc2c(c1)Sc1ccccc1C2=C1CCNCC1,0.5323076923076924,0,0.002056096218980162
CN1CCC(=C2c3ccccc3CCc3sccc32)CC1,0,c1ccc2c(c1)CCc1sccc1C2=C1CCNCC1,CSc1ccc2c(c1)C(N1CCN(C)CC1)Cc1ccccc1S2,0,c1ccc2c(c1)CC(N1CCNCC1)c1ccccc1S2,0.248,0,0.0002896190813295759
CN1CCC(=C2c3ccccc3CCc3sccc32)CC1,0,c1ccc2c(c1)CCc1sccc1C2=C1CCNCC1,CN1CC[C@]23c4ccccc4N[C@H]1[C@]21CCN(C)[C@H]3Nc2ccccc21,0,c1ccc2c(c1)NC1NCCC23C2NCCC13c1ccccc1N2,0.20148148148148148,0,0.00046428480553022057
CN1CCC(=C2c3ccccc3CCc3sccc32)CC1,0,c1ccc2c(c1)CCc1sccc1C2=C1CCNCC1,OC(CCN1CCCCC1)(c1ccccc1)c1ccccc1,0,c1ccc(C(CCN2CCCCC2)c2ccccc2)cc1,0.18950759318913946,0,0.05815656880281095
Nc1ncnc2c1ncn2C1O[C@H](CO)[C@@H](O)[C@@H]1O,0,c1ncc2ncn(C3CCCO3)c2n1,CNc1ncnc2c1ncn2[C@@H]1O[C@H](CO)[C@@H](O)[C@H]1O,0,c1ncc2ncn(C3CCCO3)c2n1,0.718421052631579,0,0.0020691171670776886
Nc1ncnc2c1ncn2C1O[C@H](CO)[C@@H](O)[C@@H]1O,0,c1ncc2ncn(C3CCCO3)c2n1,Nc1ncn(C2O[C@H](CO)[C@@H](O)[C@H]2O)c(=O)n1,0,O=c1ncncn1C1CCCO1,0.5503401360544218,0,0.01080299671876605
Nc1ncnc2c1ncn2C1O[C@H](CO)[C@@H](O)[C@@H]1O,0,c1ncc2ncn(C3CCCO3)c2n1,O=C(O)[C@H](O)[C@@H](O)[C@H](O[C@@H]1O[C@H](CO)[C@H](O)[C@H](O)[C@H]1O)[C@H](O)CO,0,C1CCOCC1,0.2237824161922834,0,0.010132628154093447
Nc1ncnc2c1ncn2C1O[C@H](CO)[C@@H](O)[C@@H]1O,0,c1ncc2ncn(C3CCCO3)c2n1,O=c1cc(-c2ccc(O)cc2)oc2c(C3O[C@H](CO)[C@@H](O)[C@H](O)[C@H]3O)c(O)cc(O)c12,0,O=c1cc(-c2ccccc2)oc2c(C3CCCCO3)cccc12,0.2214731009004849,0,0.0002739716761148272
CNc1ncnc2c1ncn2[C@@H]1O[C@H](CO)[C@@H](O)[C@H]1O,0,c1ncc2ncn(C3CCCO3)c2n1,Nc1ncnc2c1ncn2C1O[C@H](CO)[C@@H](O)[C@@H]1O,0,c1ncc2ncn(C3CCCO3)c2n1,0.718421052631579,0,0.003805335811976382
CNc1ncnc2c1ncn2[C@@H]1O[C@H](CO)[C@@H](O)[C@H]1O,0,c1ncc2ncn(C3CCCO3)c2n1,Nc1ncn(C2O[C@H](CO)[C@@H](O)[C@H]2O)c(=O)n1,0,O=c1ncncn1C1CCCO1,0.4681481481481482,0,0.007049797111073167
CNc1ncnc2c1ncn2[C@@H]1O[C@H](CO)[C@@H](O)[C@H]1O,0,c1ncc2ncn(C3CCCO3)c2n1,CN(N=O)C(=O)N[C@@H]1[C@@H](O)[C@H](O)[C@@H](CO)O[C@@H]1O,0,C1CCOCC1,0.23505782105903839,0,0.005620591784367305
CNc1ncnc2c1ncn2[C@@H]1O[C@H](CO)[C@@H](O)[C@H]1O,0,c1ncc2ncn(C3CCCO3)c2n1,CC(=O)N[C@@H]1[C@@H](O[C@H](C)C(=O)O)[C@H](O)[C@@H](CO)O[C@@H]1O,0,C1CCOCC1,0.2163009404388715,0,0.005243171527383184
OC(CCN1CCCCC1)(c1ccccc1)c1ccccc1,0,c1ccc(C(CCN2CCCCC2)c2ccccc2)cc1,CN1[C@@H](CC(=O)c2ccccc2)CCC[C@H]1C[C@H](O)c1ccccc1,0,O=C(CC1CCCC(CCc2ccccc2)N1)c1ccccc1,0.24311688311688312,0,0.0015529090712041846
OC(CCN1CCCCC1)(c1ccccc1)c1ccccc1,0,c1ccc(C(CCN2CCCCC2)c2ccccc2)cc1,CN1CC[C@]23c4ccccc4N[C@H]1[C@]21CCN(C)[C@H]3Nc2ccccc21,0,c1ccc2c(c1)NC1NCCC23C2NCCC13c1ccccc1N2,0.23137254901960785,0,0.000473036288130128
OC(CCN1CCCCC1)(c1ccccc1)c1ccccc1,0,c1ccc(C(CCN2CCCCC2)c2ccccc2)cc1,CN1CCC(=C2c3ccccc3Sc3ccccc32)CC1,0,c1ccc2c(c1)Sc1ccccc1C2=C1CCNCC1,0.2178973717146433,0,0.013373431402331729
OC(CCN1CCCCC1)(c1ccccc1)c1ccccc1,0,c1ccc(C(CCN2CCCCC2)c2ccccc2)cc1,O=C(c1ccc(F)cc1)C1CCN(CCn2c(=O)[nH]c3ccccc3c2=O)CC1,0,O=C(c1ccccc1)C1CCN(CCn2c(=O)[nH]c3ccccc3c2=O)CC1,0.20778301886792455,0,0.0014476967301408161
O=c1ccc2cc(O)c(O)cc2o1,0,O=c1ccc2ccccc2o1,COc1cc2ccc(=O)oc2cc1O,0,O=c1ccc2ccccc2o1,0.6560344827586208,0,0.025238710912139233
O=c1ccc2cc(O)c(O)cc2o1,0,O=c1ccc2ccccc2o1,CC(=O)c1cc2ccccc2oc1=O,0,O=c1ccc2ccccc2o1,0.32740384615384616,0,0.018982314600128405
O=c1ccc2cc(O)c(O)cc2o1,0,O=c1ccc2ccccc2o1,CC(=O)Nc1cc2ccccc2oc1=O,0,O=c1ccc2ccccc2o1,0.3028571428571428,0,0.025198112120679517
O=c1ccc2cc(O)c(O)cc2o1,0,O=c1ccc2ccccc2o1,O=C(O)C=Cc1ccc(O)c(O)c1,0,c1ccccc1,0.22731152204836416,0,0.039356154163082135
COc1cc2ccc(=O)oc2cc1O,0,O=c1ccc2ccccc2o1,O=c1ccc2cc(O)c(O)cc2o1,0,O=c1ccc2ccccc2o1,0.6560344827586208,0,0.009719698791500374
COc1cc2ccc(=O)oc2cc1O,0,O=c1ccc2ccccc2o1,CC(=O)c1cc2ccccc2oc1=O,0,O=c1ccc2ccccc2o1,0.3067867867867868,0,0.0056166218135136
COc1cc2ccc(=O)oc2cc1O,0,O=c1ccc2ccccc2o1,CNCC(O)c1ccc(O)c(OC)c1,0,c1ccccc1,0.301712506486767,0,0.05347051482038022
COc1cc2ccc(=O)oc2cc1O,0,O=c1ccc2ccccc2o1,CC(=O)Nc1cc2ccccc2oc1=O,0,O=c1ccc2ccccc2o1,0.2866666666666667,0,0.00686531829384573
CC(=O)Nc1cc2ccccc2oc1=O,0,O=c1ccc2ccccc2o1,CC(=O)c1cc2ccccc2oc1=O,0,O=c1ccc2ccccc2o1,0.5847665847665848,0,0.006896512739037532
CC(=O)Nc1cc2ccccc2oc1=O,0,O=c1ccc2ccccc2o1,O=c1ccc2cc(O)c(O)cc2o1,0,O=c1ccc2ccccc2o1,0.3028571428571428,0,0.013638812393880852
CC(=O)Nc1cc2ccccc2oc1=O,0,O=c1ccc2ccccc2o1,COc1cc2ccc(=O)oc2cc1O,0,O=c1ccc2ccccc2o1,0.2866666666666667,0,0.006737523331727665
CC(=O)Nc1cc2ccccc2oc1=O,0,O=c1ccc2ccccc2o1,Cn1c(-c2ccc3c(c2)OCO3)cc(=O)c2ccccc21,0,O=c1cc(-c2ccc3c(c2)OCO3)[nH]c2ccccc12,0.20824587706146927,0,0.0022316320268647386
CC(=O)c1cc2ccccc2oc1=O,0,O=c1ccc2ccccc2o1,CC(=O)Nc1cc2ccccc2oc1=O,0,O=c1ccc2ccccc2o1,0.5847665847665848,0,0.016048040805861478
CC(=O)c1cc2ccccc2oc1=O,0,O=c1ccc2ccccc2o1,O=c1ccc2cc(O)c(O)cc2o1,0,O=c1ccc2ccccc2o1,0.32740384615384616,0,0.026592414448617974
CC(=O)c1cc2ccccc2oc1=O,0,O=c1ccc2ccccc2o1,COc1cc2ccc(=O)oc2cc1O,0,O=c1ccc2ccccc2o1,0.3067867867867868,0,0.024181204643304272
CC(=O)c1cc2ccccc2oc1=O,0,O=c1ccc2ccccc2o1,Cn1c(-c2ccc3c(c2)OCO3)cc(=O)c2ccccc21,0,O=c1cc(-c2ccc3c(c2)OCO3)[nH]c2ccccc12,0.22046511627906978,0,0.0048646143279919354
O=C(O)[C@]1(O)C[C@H](O)[C@@H](O)[C@@H](O)C1,0,C1CCCCC1,C[N+]1(C)C[C@@H](O)C[C@H]1C(=O)[O-],0,C1CC[NH2+]C1,0.21333333333333337,0,0.00769655748776459
O=C(O)[C@]1(O)C[C@H](O)[C@@H](O)[C@@H](O)C1,0,C1CCCCC1,O=C(O)[C@H](O)[C@@H](O)[C@H](O[C@@H]1O[C@H](CO)[C@H](O)[C@H](O)[C@H]1O)[C@H](O)CO,0,C1CCOCC1,0.18701298701298702,0,0.010413645068523271
O=C(O)[C@]1(O)C[C@H](O)[C@@H](O)[C@@H](O)C1,0,C1CCCCC1,C=C(C)[C@@H]1CC[C@]2(C(=O)O)CC[C@]3(C)[C@H](CC[C@@H]4[C@@]5(C)CC[C@H](O)C(C)(C)[C@@H]5CC[C@]43C)[C@@H]12,0,C1CCC2C(C1)CCC1C2CCC2C3CCCC3CCC21,0.17992863514719004,0,0.006885996671174212
O=C(O)[C@]1(O)C[C@H](O)[C@@H](O)[C@@H](O)C1,0,C1CCCCC1,C[C@H](CCC(=O)O)[C@H]1CC[C@H]2[C@@H]3CC[C@@H]4C[C@H](O)CC[C@]4(C)[C@H]3CC[C@]12C,0,C1CCC2C(C1)CCC1C3CCCC3CCC21,0.17899159663865546,0,0.005030682452708795
O=c1cccc2n1C[C@@H]1CNC[C@H]2C1,0,O=c1cccc2n1CC1CNCC2C1,CN1Cc2c(N)cccc2C(c2ccccc2)C1,0,c1ccc(C2CNCc3ccccc32)cc1,0.1709864603481625,0,0.009161898315670073
O=c1cccc2n1C[C@@H]1CNC[C@H]2C1,0,O=c1cccc2n1CC1CNCC2C1,c1ccc2nc(N3CCNCC3)ccc2c1,0,c1ccc2nc(N3CCNCC3)ccc2c1,0.16752136752136754,0,0.002747996781106212
O=c1cccc2n1C[C@@H]1CNC[C@H]2C1,0,O=c1cccc2n1CC1CNCC2C1,Cc1c(N)c(=O)n(-c2ccccc2)n1C,0,O=c1cc[nH]n1-c1ccccc1,0.15420393559928444,0,0.030787275849852212
O=c1cccc2n1C[C@@H]1CNC[C@H]2C1,0,O=c1cccc2n1CC1CNCC2C1,O=C(c1ccc(F)cc1)C1CCN(CCn2c(=O)[nH]c3ccccc3c2=O)CC1,0,O=C(c1ccccc1)C1CCN(CCn2c(=O)[nH]c3ccccc3c2=O)CC1,0.151385733757383,0,0.00023069658946643176
O=C(c1ccc(F)cc1)C1CCN(CCn2c(=O)[nH]c3ccccc3c2=O)CC1,0,O=C(c1ccccc1)C1CCN(CCn2c(=O)[nH]c3ccccc3c2=O)CC1,COC(=O)C1=CO[C@@H](C)[C@H]2CN3CCc4c([nH]c5ccccc45)[C@@H]3C[C@H]12,0,C1=CC2CC3c4[nH]c5ccccc5c4CCN3CC2CO1,0.2267674381987089,0,0.0008651993376278899
O=C(c1ccc(F)cc1)C1CCN(CCn2c(=O)[nH]c3ccccc3c2=O)CC1,0,O=C(c1ccccc1)C1CCN(CCn2c(=O)[nH]c3ccccc3c2=O)CC1,c1ccc2c3c([nH]c2c1)[C@H]1C2CCC([C@@H]4CCCN[C@H]24)N1CC3,0,c1ccc2c3c([nH]c2c1)C1C2CCC(C4CCCNC42)N1CC3,0.2251948051948052,0,0.0002232517965590567
O=C(c1ccc(F)cc1)C1CCN(CCn2c(=O)[nH]c3ccccc3c2=O)CC1,0,O=C(c1ccccc1)C1CCN(CCn2c(=O)[nH]c3ccccc3c2=O)CC1,COc1cc(N)c(Cl)cc1C(=O)NC1CCN(Cc2ccccc2)CC1,0,O=C(NC1CCN(Cc2ccccc2)CC1)c1ccccc1,0.21156794425087108,0,0.003743744598472116
O=C(c1ccc(F)cc1)C1CCN(CCn2c(=O)[nH]c3ccccc3c2=O)CC1,0,O=C(c1ccccc1)C1CCN(CCn2c(=O)[nH]c3ccccc3c2=O)CC1,CN1[C@@H](CC(=O)c2ccccc2)CCC[C@H]1C[C@H](O)c1ccccc1,0,O=C(CC1CCCC(CCc2ccccc2)N1)c1ccccc1,0.2084513582540051,0,0.011928172223190368
CC1(C)S[C@@H]2[C@H](NC(=O)[C@H](NC(=O)N3CCNC3=O)c3ccccc3)C(=O)N2[C@H]1C(=O)O,0,O=C(NC1C(=O)N2CCSC12)C(NC(=O)N1CCNC1=O)c1ccccc1,Cn1nnnc1SCC1=C(C(=O)O)N2C(=O)[C@@H](NC(=O)[C@H](O)c3ccccc3)[C@H]2SC1,0,O=C(Cc1ccccc1)NC1C(=O)N2C=C(CSc3nnn[nH]3)CSC12,0.2870300204022151,0,0.000431072530386083
CC1(C)S[C@@H]2[C@H](NC(=O)[C@H](NC(=O)N3CCNC3=O)c3ccccc3)C(=O)N2[C@H]1C(=O)O,0,O=C(NC1C(=O)N2CCSC12)C(NC(=O)N1CCNC1=O)c1ccccc1,CC(=O)OCC1=C(C(=O)O)N2C(=O)[C@@H](NC(=O)Cc3cccs3)[C@H]2SC1,0,O=C(Cc1cccs1)NC1C(=O)N2C=CCSC12,0.23861892583120203,0,0.00037276407042377
CC1(C)S[C@@H]2[C@H](NC(=O)[C@H](NC(=O)N3CCNC3=O)c3ccccc3)C(=O)N2[C@H]1C(=O)O,0,O=C(NC1C(=O)N2CCSC12)C(NC(=O)N1CCNC1=O)c1ccccc1,CN1C[C@H](C(=O)N[C@]2(C)O[C@@]3(O)[C@@H]4CCCN4C(=O)[C@H](Cc4ccccc4)N3C2=O)CC2c3cccc4[nH]cc(c34)C[C@H]21,0,O=C(NC1OC2C3CCCN3C(=O)C(Cc3ccccc3)N2C1=O)C1CNC2Cc3c[nH]c4cccc(c34)C2C1,0.18996223414828067,0,0.00014120564832384823
CC1(C)S[C@@H]2[C@H](NC(=O)[C@H](NC(=O)N3CCNC3=O)c3ccccc3)C(=O)N2[C@H]1C(=O)O,0,O=C(NC1C(=O)N2CCSC12)C(NC(=O)N1CCNC1=O)c1ccccc1,CN1[C@@H](CC(=O)c2ccccc2)CCC[C@H]1C[C@H](O)c1ccccc1,0,O=C(CC1CCCC(CCc2ccccc2)N1)c1ccccc1,0.18903225806451618,0,0.010381859106237314
Nc1nc2[nH]nnc2c(=O)[nH]1,0,O=c1[nH]cnc2[nH]nnc12,CCCOc1ccccc1-c1nc(=O)c2[nH]nnc2[nH]1,0,O=c1nc(-c2ccccc2)[nH]c2nn[nH]c12,0.2175824175824176,0,0.015293098270138214
Nc1nc2[nH]nnc2c(=O)[nH]1,0,O=c1[nH]cnc2[nH]nnc12,Nc1ncn(C2O[C@H](CO)[C@@H](O)[C@H]2O)c(=O)n1,0,O=c1ncncn1C1CCCO1,0.1303896103896104,0,0.08163885063126068
Nc1nc2[nH]nnc2c(=O)[nH]1,0,O=c1[nH]cnc2[nH]nnc12,COC(=O)Nc1nc2cc(SC(C)C)ccc2[nH]1,0,c1ccc2[nH]cnc2c1,0.1279242731575389,0,0.006013208875923349
Nc1nc2[nH]nnc2c(=O)[nH]1,0,O=c1[nH]cnc2[nH]nnc12,Cn1cnc([N+](=O)[O-])c1Sc1ncnc2[nH]cnc12,0,c1nc(Sc2cnc[nH]2)c2nc[nH]c2n1,0.12352201257861636,0,0.004872649746067413
Cn1c(-c2ccc3c(c2)OCO3)cc(=O)c2ccccc21,0,O=c1cc(-c2ccc3c(c2)OCO3)[nH]c2ccccc12,CN1CCc2cc3c(cc2[C@H]1[C@@H]1OC(=O)c2c1ccc1c2OCO1)OCO3,0,O=C1OC(C2NCCc3cc4c(cc32)OCO4)c2ccc3c(c21)OCO3,0.2731318681318682,0,0.002112574277954236
Cn1c(-c2ccc3c(c2)OCO3)cc(=O)c2ccccc21,0,O=c1cc(-c2ccc3c(c2)OCO3)[nH]c2ccccc12,CC(=O)c1cc2ccccc2oc1=O,0,O=c1ccc2ccccc2o1,0.22046511627906978,0,0.010854308894962961
Cn1c(-c2ccc3c(c2)OCO3)cc(=O)c2ccccc21,0,O=c1cc(-c2ccc3c(c2)OCO3)[nH]c2ccccc12,COc1cc(=O)n(C)c2c(OCC(O)C(C)(C)O)cccc12,0,O=c1ccc2ccccc2[nH]1,0.21176470588235297,0,0.0075636778151581315
Cn1c(-c2ccc3c(c2)OCO3)cc(=O)c2ccccc21,0,O=c1cc(-c2ccc3c(c2)OCO3)[nH]c2ccccc12,CC(=O)Nc1cc2ccccc2oc1=O,0,O=c1ccc2ccccc2o1,0.20824587706146927,0,0.012424600406432364
C=C1C(=O)O[C@@H]2[C@H]3O[C@]3(C)CC/C=C(\C)CC[C@@H]12,0,C=C1C(=O)OC2C1CCC=CCCC1OC12,CC1=CC(=O)C2=C(C)CC[C@@H]3[C@H](OC(=O)[C@H]3C)[C@@H]12,0,O=C1CC2CCC=C3C(=O)C=CC3C2O1,0.23618421052631577,0,0.0014616570476187606
C=C1C(=O)O[C@@H]2[C@H]3O[C@]3(C)CC/C=C(\C)CC[C@@H]12,0,C=C1C(=O)OC2C1CCC=CCCC1OC12,C=C1C/C(=C/C)C(=O)O[C@@H]2CCN3CC=C(COC(=O)[C@]1(C)O)[C@H]23,0,C=C1CC(=C)C(=O)OC2CCN3CC=C(COC(=O)C1)C23,0.22442105263157897,0,0.00017151552023567663
C=C1C(=O)O[C@@H]2[C@H]3O[C@]3(C)CC/C=C(\C)CC[C@@H]12,0,C=C1C(=O)OC2C1CCC=CCCC1OC12,C[C@]12CCC(=O)C=C1CC[C@@H]1[C@@H]2C(=O)C[C@]2(C)C(=O)CC[C@@H]12,0,O=C1C=C2CCC3C4CCC(=O)C4CC(=O)C3C2CC1,0.18879551820728294,0,0.0007196580018406511
C=C1C(=O)O[C@@H]2[C@H]3O[C@]3(C)CC/C=C(\C)CC[C@@H]12,0,C=C1C(=O)OC2C1CCC=CCCC1OC12,CC1=CC(=O)C2=C(C)C[C@H](O)[C@@H]3[C@H](OC(=O)[C@H]3C)[C@@H]12,0,O=C1CC2CCC=C3C(=O)C=CC3C2O1,0.18522571819425446,0,0.0033890494049531
C=C(C)[C@@H]1CC[C@]2(CO)CC[C@]3(C)[C@H](CC[C@@H]4[C@@]5(C)CC[C@H](O)C(C)(C)[C@@H]5CC[C@]43C)[C@@H]12,0,C1CCC2C(C1)CCC1C2CCC2C3CCCC3CCC21,C=C(C)[C@@H]1CC[C@]2(C(=O)O)CC[C@]3(C)[C@H](CC[C@@H]4[C@@]5(C)CC[C@H](O)C(C)(C)[C@@H]5CC[C@]43C)[C@@H]12,0,C1CCC2C(C1)CCC1C2CCC2C3CCCC3CCC21,0.6871177944862155,0,0.0007241118221685206
C=C(C)[C@@H]1CC[C@]2(CO)CC[C@]3(C)[C@H](CC[C@@H]4[C@@]5(C)CC[C@H](O)C(C)(C)[C@@H]5CC[C@]43C)[C@@H]12,0,C1CCC2C(C1)CCC1C2CCC2C3CCCC3CCC21,C[C@H]1[C@H](C)CC[C@]2(C(=O)O)CC[C@]3(C)C(=CC[C@@H]4[C@@]5(C)CC[C@H](O)C(C)(C)[C@@H]5CC[C@]43C)[C@H]12,0,C1=C2C3CCCCC3CCC2C2CCC3CCCCC3C2C1,0.32781954887218046,0,0.000770780396023318
C=C(C)[C@@H]1CC[C@]2(CO)CC[C@]3(C)[C@H](CC[C@@H]4[C@@]5(C)CC[C@H](O)C(C)(C)[C@@H]5CC[C@]43C)[C@@H]12,0,C1CCC2C(C1)CCC1C2CCC2C3CCCC3CCC21,CC[C@H](CC[C@@H](C)[C@H]1CC[C@H]2[C@@H]3CC=C4C[C@@H](O)CC[C@]4(C)[C@H]3CC[C@]12C)C(C)C,0,C1=C2CCCCC2C2CCC3CCCC3C2C1,0.22805662805662807,0,0.0001479368705959877
C=C(C)[C@@H]1CC[C@]2(CO)CC[C@]3(C)[C@H](CC[C@@H]4[C@@]5(C)CC[C@H](O)C(C)(C)[C@@H]5CC[C@]43C)[C@@H]12,0,C1CCC2C(C1)CCC1C2CCC2C3CCCC3CCC21,C=C1[C@@H](O)[C@]23C[C@@H]1[C@@H](O)C[C@H]2[C@@]12C4[C@@H]3C[C@@H]1[C@@](C)(CC[C@@H]2O)CN4CC,0,C=C1CC23CC1CCC2C12CCCC4CNC1C3CC42,0.21785323110624316,0,8.719505492292665e-05
C=C(C)[C@@H]1CC[C@]2(C(=O)O)CC[C@]3(C)[C@H](CC[C@@H]4[C@@]5(C)CC[C@H](O)C(C)(C)[C@@H]5CC[C@]43C)[C@@H]12,0,C1CCC2C(C1)CCC1C2CCC2C3CCCC3CCC21,C=C(C)[C@@H]1CC[C@]2(CO)CC[C@]3(C)[C@H](CC[C@@H]4[C@@]5(C)CC[C@H](O)C(C)(C)[C@@H]5CC[C@]43C)[C@@H]12,0,C1CCC2C(C1)CCC1C2CCC2C3CCCC3CCC21,0.6871177944862155,0,0.005356074016848782
C=C(C)[C@@H]1CC[C@]2(C(=O)O)CC[C@]3(C)[C@H](CC[C@@H]4[C@@]5(C)CC[C@H](O)C(C)(C)[C@@H]5CC[C@]43C)[C@@H]12,0,C1CCC2C(C1)CCC1C2CCC2C3CCCC3CCC21,C[C@H]1[C@H](C)CC[C@]2(C(=O)O)CC[C@]3(C)C(=CC[C@@H]4[C@@]5(C)CC[C@H](O)C(C)(C)[C@@H]5CC[C@]43C)[C@H]12,0,C1=C2C3CCCCC3CCC2C2CCC3CCCCC3C2C1,0.47785714285714287,0,0.0012894210024649232
C=C(C)[C@@H]1CC[C@]2(C(=O)O)CC[C@]3(C)[C@H](CC[C@@H]4[C@@]5(C)CC[C@H](O)C(C)(C)[C@@H]5CC[C@]43C)[C@@H]12,0,C1CCC2C(C1)CCC1C2CCC2C3CCCC3CCC21,C[C@H](CCC(=O)O)[C@H]1CC[C@H]2[C@@H]3CC[C@@H]4C[C@H](O)CC[C@]4(C)[C@H]3CC[C@]12C,0,C1CCC2C(C1)CCC1C3CCCC3CCC21,0.2567854909318324,0,0.0030210216212750176
C=C(C)[C@@H]1CC[C@]2(C(=O)O)CC[C@]3(C)[C@H](CC[C@@H]4[C@@]5(C)CC[C@H](O)C(C)(C)[C@@H]5CC[C@]43C)[C@@H]12,0,C1CCC2C(C1)CCC1C2CCC2C3CCCC3CCC21,CC1(C)[C@@H](OC(=O)CCC(=O)O)CC[C@]2(C)[C@H]3C(=O)C=C4[C@@H]5C[C@@](C)(C(=O)O)CC[C@]5(C)CC[C@@]4(C)[C@]3(C)CC[C@@H]12,0,O=C1C=C2C3CCCCC3CCC2C2CCC3CCCCC3C12,0.24855144855144856,0,0.001972677332893548
C[C@]12CC[C@H](O)C[C@@H]1CC[C@@H]1[C@@H]2CC[C@]2(C)C(=O)CC[C@@H]12,0,O=C1CCC2C1CCC1C3CCCCC3CCC21,C[C@H](CCC(=O)O)[C@H]1CC[C@H]2[C@@H]3CC[C@@H]4C[C@H](O)CC[C@]4(C)[C@H]3CC[C@]12C,0,C1CCC2C(C1)CCC1C3CCCC3CCC21,0.5018181818181818,0,0.0012544300493482425
C[C@]12CC[C@H](O)C[C@@H]1CC[C@@H]1[C@@H]2CC[C@]2(C)C(=O)CC[C@@H]12,0,O=C1CCC2C1CCC1C3CCCCC3CCC21,C[C@]12CCC(=O)C=C1CC[C@@H]1[C@@H]2C(=O)C[C@]2(C)C(=O)CC[C@@H]12,0,O=C1C=C2CCC3C4CCC(=O)C4CC(=O)C3C2CC1,0.35757575757575755,0,0.0011958816581021038
C[C@]12CC[C@H](O)C[C@@H]1CC[C@@H]1[C@@H]2CC[C@]2(C)C(=O)CC[C@@H]12,0,O=C1CCC2C1CCC1C3CCCCC3CCC21,CC[C@H](CC[C@@H](C)[C@H]1CC[C@H]2[C@@H]3CC=C4C[C@@H](O)CC[C@]4(C)[C@H]3CC[C@]12C)C(C)C,0,C1=C2CCCCC2C2CCC3CCCC3C2C1,0.3201193520886616,0,0.00027536528242866646
C[C@]12CC[C@H](O)C[C@@H]1CC[C@@H]1[C@@H]2CC[C@]2(C)C(=O)CC[C@@H]12,0,O=C1CCC2C1CCC1C3CCCCC3CCC21,C[C@H](CCC(=O)NCC(=O)O)[C@H]1CC[C@H]2[C@@H]3[C@H](O)C[C@@H]4C[C@H](O)CC[C@]4(C)[C@H]3C[C@H](O)[C@]12C,0,C1CCC2C(C1)CCC1C3CCCC3CCC21,0.30402109426499674,0,0.003107431901462692
Nc1ncn(C2O[C@H](CO)[C@@H](O)[C@H]2O)c(=O)n1,0,O=c1ncncn1C1CCCO1,Nc1ncnc2c1ncn2C1O[C@H](CO)[C@@H](O)[C@@H]1O,0,c1ncc2ncn(C3CCCO3)c2n1,0.5503401360544218,0,0.0013161135770592
Nc1ncn(C2O[C@H](CO)[C@@H](O)[C@H]2O)c(=O)n1,0,O=c1ncncn1C1CCCO1,CNc1ncnc2c1ncn2[C@@H]1O[C@H](CO)[C@@H](O)[C@H]1O,0,c1ncc2ncn(C3CCCO3)c2n1,0.4681481481481482,0,0.001008129822900036
Nc1ncn(C2O[C@H](CO)[C@@H](O)[C@H]2O)c(=O)n1,0,O=c1ncncn1C1CCCO1,O=c1cc(-c2ccc(O)cc2)oc2c(C3O[C@H](CO)[C@@H](O)[C@H](O)[C@H]3O)c(O)cc(O)c12,0,O=c1cc(-c2ccccc2)oc2c(C3CCCCO3)cccc12,0.2626341974338832,0,0.0002204869479353515
Nc1ncn(C2O[C@H](CO)[C@@H](O)[C@H]2O)c(=O)n1,0,O=c1ncncn1C1CCCO1,CN(N=O)C(=O)N[C@@H]1[C@@H](O)[C@H](O)[C@@H](CO)O[C@@H]1O,0,C1CCOCC1,0.23893678160919543,0,0.0006454420406476925
COc1cc(/C=C/C(=O)N2CCC=CC2=O)cc(OC)c1OC,0,O=C1C=CCCN1C(=O)C=Cc1ccccc1,COC(=O)[C@H]1[C@H]2C[C@@H]3c4[nH]c5cc(OC)ccc5c4CCN3C[C@H]2C[C@@H](OC(=O)/C=C/c2cc(OC)c(OC)c(OC)c2)[C@@H]1OC,0,O=C(C=Cc1ccccc1)OC1CCC2CC3c4[nH]c5ccccc5c4CCN3CC2C1,0.28703296703296705,0,0.0005559839324350088
COc1cc(/C=C/C(=O)N2CCC=CC2=O)cc(OC)c1OC,0,O=C1C=CCCN1C(=O)C=Cc1ccccc1,COC1=C[C@@H]2C3=C([C@@H]2C1=O)[C@@H](NC(C)=O)CCc1cc(OC)c(OC)c(OC)c13,0,O=C1C=CC2C3=C(CCCc4ccccc43)C12,0.24309831181727903,0,6.358429756636797e-05
COc1cc(/C=C/C(=O)N2CCC=CC2=O)cc(OC)c1OC,0,O=C1C=CCCN1C(=O)C=Cc1ccccc1,COc1cc2c(c(OC)c1OC)-c1ccc(O)c(=O)cc1[C@@H](N)CC2,0,O=c1cccc2c(c1)CCCc1ccccc1-2,0.24,0,0.0008743561134273016
COc1cc(/C=C/C(=O)N2CCC=CC2=O)cc(OC)c1OC,0,O=C1C=CCCN1C(=O)C=Cc1ccccc1,COc1ccc(CC2c3cc(OC)c(OC)cc3CCN2C)cc1OC,0,c1ccc(CC2NCCc3ccccc32)cc1,0.21714285714285717,0,0.000682309273713548
CCN1C[C@]2(COC)CC[C@H](OC)[C@@]34C1[C@]1(OCO[C@@]15C[C@H](OC)[C@H]1C[C@@H]3[C@@H]5[C@H]1OC)[C@@H](O)[C@H]24,0,C1CC2CNC3C4(C1)C2CC31OCOC12CCC1CC4C2C1,CCN1C[C@]2(C)CC[C@H](OC)[C@@]34C1[C@]1(OCO[C@@]15C[C@H](OC)[C@H]1C[C@]3(O)[C@@H]5[C@H]1OC)[C@@H](OC(C)=O)[C@H]24,0,C1CC2CNC3C4(C1)C2CC31OCOC12CCC1CC4C2C1,0.45513784461152884,0,5.2586381205517015e-06
CCN1C[C@]2(COC)CC[C@H](OC)[C@@]34C1[C@]1(OCO[C@@]15C[C@H](OC)[C@H]1C[C@@H]3[C@@H]5[C@H]1OC)[C@@H](O)[C@H]24,0,C1CC2CNC3C4(C1)C2CC31OCOC12CCC1CC4C2C1,C=C1[C@@H](O)[C@]23C[C@@H]1[C@@H](O)C[C@H]2[C@@]12C4[C@@H]3C[C@@H]1[C@@](C)(CC[C@@H]2O)CN4CC,0,C=C1CC23CC1CCC2C12CCCC4CNC1C3CC42,0.23350877192982458,0,2.082613647207989e-06
CCN1C[C@]2(COC)CC[C@H](OC)[C@@]34C1[C@]1(OCO[C@@]15C[C@H](OC)[C@H]1C[C@@H]3[C@@H]5[C@H]1OC)[C@@H](O)[C@H]24,0,C1CC2CNC3C4(C1)C2CC31OCOC12CCC1CC4C2C1,CC[C@@H](C)C(=O)O[C@H]1[C@H](O)[C@H]2[C@@H](CN3C[C@@H](C)CC[C@H]3[C@@]2(C)O)C2C[C@]34O[C@@]5(O)[C@@H](OC(=O)[C@](C)(O)CC)CC[C@@]3(C)[C@@H]5[C@@H](OC(C)=O)[C@@H](OC(C)=O)[C@H]4[C@@]21O,0,C1CCN2CC3C(CCC4C3CC35OC6CCCC3C6CCC45)CC2C1,0.20747028862478778,0,2.426558921970776e-07
CCN1C[C@]2(COC)CC[C@H](OC)[C@@]34C1[C@]1(OCO[C@@]15C[C@H](OC)[C@H]1C[C@@H]3[C@@H]5[C@H]1OC)[C@@H](O)[C@H]24,0,C1CC2CNC3C4(C1)C2CC31OCOC12CCC1CC4C2C1,CCC(=O)O[C@@H]1CC(=O)O[C@H](C)C/C=C/C=C/[C@@H](O)[C@H](C)C[C@H](CC=O)[C@H](O[C@H]2O[C@H](C)[C@@H](O[C@H]3C[C@@](C)(O)[C@@H](OC(=O)CC)[C@H](C)O3)[C@H](N(C)C)[C@H]2O)[C@H]1OC,0,O=C1CCCC(OC2CCC(OC3CCCCO3)CO2)CCCCC=CC=CCCO1,0.16682211858760826,0,6.275085268527109e-06
CCN1C[C@]2(C)CC[C@H](OC)[C@@]34C1[C@]1(OCO[C@@]15C[C@H](OC)[C@H]1C[C@]3(O)[C@@H]5[C@H]1OC)[C@@H](OC(C)=O)[C@H]24,0,C1CC2CNC3C4(C1)C2CC31OCOC12CCC1CC4C2C1,CCN1C[C@]2(COC)CC[C@H](OC)[C@@]34C1[C@]1(OCO[C@@]15C[C@H](OC)[C@H]1C[C@@H]3[C@@H]5[C@H]1OC)[C@@H](O)[C@H]24,0,C1CC2CNC3C4(C1)C2CC31OCOC12CCC1CC4C2C1,0.45513784461152884,0,1.0765814838489994e-05
CCN1C[C@]2(C)CC[C@H](OC)[C@@]34C1[C@]1(OCO[C@@]15C[C@H](OC)[C@H]1C[C@]3(O)[C@@H]5[C@H]1OC)[C@@H](OC(C)=O)[C@H]24,0,C1CC2CNC3C4(C1)C2CC31OCOC12CCC1CC4C2C1,CC[C@@H](C)C(=O)O[C@H]1[C@H](O)[C@H]2[C@@H](CN3C[C@@H](C)CC[C@H]3[C@@]2(C)O)C2C[C@]34O[C@@]5(O)[C@@H](OC(=O)[C@](C)(O)CC)CC[C@@]3(C)[C@@H]5[C@@H](OC(C)=O)[C@@H](OC(C)=O)[C@H]4[C@@]21O,0,C1CCN2CC3C(CCC4C3CC35OC6CCCC3C6CCC45)CC2C1,0.26440242763772176,0,2.6559587783217516e-07
CCN1C[C@]2(C)CC[C@H](OC)[C@@]34C1[C@]1(OCO[C@@]15C[C@H](OC)[C@H]1C[C@]3(O)[C@@H]5[C@H]1OC)[C@@H](OC(C)=O)[C@H]24,0,C1CC2CNC3C4(C1)C2CC31OCOC12CCC1CC4C2C1,C=C1[C@@H](O)[C@]23C[C@@H]1[C@@H](O)C[C@H]2[C@@]12C4[C@@H]3C[C@@H]1[C@@](C)(CC[C@@H]2O)CN4CC,0,C=C1CC23CC1CCC2C12CCCC4CNC1C3CC42,0.21827956989247313,0,7.092358007678019e-06
CCN1C[C@]2(C)CC[C@H](OC)[C@@]34C1[C@]1(OCO[C@@]15C[C@H](OC)[C@H]1C[C@]3(O)[C@@H]5[C@H]1OC)[C@@H](OC(C)=O)[C@H]24,0,C1CC2CNC3C4(C1)C2CC31OCOC12CCC1CC4C2C1,CC1(C)[C@@H](OC(=O)CCC(=O)O)CC[C@]2(C)[C@H]3C(=O)C=C4[C@@H]5C[C@@](C)(C(=O)O)CC[C@]5(C)CC[C@@]4(C)[C@]3(C)CC[C@@H]12,0,O=C1C=C2C3CCCCC3CCC2C2CCC3CCCCC3C12,0.1785785785785786,0,3.124865885446031e-05
COc1ccc2[nH]cc(CCNC(C)=O)c2c1,0,c1ccc2[nH]ccc2c1,COc1ccc2[nH]c3c(c2c1)CCN=C3C,0,C1=NCCc2c1[nH]c1ccccc21,0.32993730407523514,0,0.0009577473807369625
COc1ccc2[nH]cc(CCNC(C)=O)c2c1,0,c1ccc2[nH]ccc2c1,CN(C)Cc1c[nH]c2ccccc12,0,c1ccc2[nH]ccc2c1,0.2862745098039216,0,0.007545845618767097
COc1ccc2[nH]cc(CCNC(C)=O)c2c1,0,c1ccc2[nH]ccc2c1,COc1ccc2c3c([nH]c2c1)C(C)=NCC3,0,C1=NCCc2c1[nH]c1ccccc21,0.28260869565217395,0,0.0010842788838128223
COc1ccc2[nH]cc(CCNC(C)=O)c2c1,0,c1ccc2[nH]ccc2c1,COC(=O)Nc1nc2cc(SC(C)C)ccc2[nH]1,0,c1ccc2[nH]cnc2c1,0.23,0,3.994713747212973e-05
CN(C)Cc1c[nH]c2ccccc12,0,c1ccc2[nH]ccc2c1,COc1ccc2[nH]cc(CCNC(C)=O)c2c1,0,c1ccc2[nH]ccc2c1,0.2862745098039216,0,0.02311429370804151
CN(C)Cc1c[nH]c2ccccc12,0,c1ccc2[nH]ccc2c1,Cc1nccc2c1[nH]c1ccccc12,0,c1ccc2c(c1)[nH]c1cnccc12,0.2723809523809524,0,0.007627576042070628
CN(C)Cc1c[nH]c2ccccc12,0,c1ccc2[nH]ccc2c1,CN1C[C@H](CO)C=C2c3cccc4[nH]cc(c34)C[C@H]21,0,C1=C2c3cccc4[nH]cc(c34)CC2NCC1,0.2427899686520376,0,0.001449812551055239
CN(C)Cc1c[nH]c2ccccc12,0,c1ccc2[nH]ccc2c1,CN(C)CCC(c1ccccc1)c1ccccn1,0,c1ccc(Cc2ccccn2)cc1,0.234579945799458,0,0.007995703256527662
CSc1ccc2c(c1)C(N1CCN(C)CC1)Cc1ccccc1S2,0,c1ccc2c(c1)CC(N1CCNCC1)c1ccccc1S2,CN1CCC(=C2c3ccccc3Sc3ccccc32)CC1,0,c1ccc2c(c1)Sc1ccccc1C2=C1CCNCC1,0.35101214574898787,0,0.0010774587200334592
CSc1ccc2c(c1)C(N1CCN(C)CC1)Cc1ccccc1S2,0,c1ccc2c(c1)CC(N1CCNCC1)c1ccccc1S2,COc1ccc(CC2c3cc(OC)c(OC)cc3CCN2C)cc1OC,0,c1ccc(CC2NCCc3ccccc32)cc1,0.2535626535626536,0,0.00023132362932605876
CSc1ccc2c(c1)C(N1CCN(C)CC1)Cc1ccccc1S2,0,c1ccc2c(c1)CC(N1CCNCC1)c1ccccc1S2,CC(=O)c1ccc2c(c1)N(CCCN(C)C)c1ccccc1S2,0,c1ccc2c(c1)Nc1ccccc1S2,0.24919786096256685,0,0.005750681844692969
CSc1ccc2c(c1)C(N1CCN(C)CC1)Cc1ccccc1S2,0,c1ccc2c(c1)CC(N1CCNCC1)c1ccccc1S2,CN1CCC(=C2c3ccccc3CCc3sccc32)CC1,0,c1ccc2c(c1)CCc1sccc1C2=C1CCNCC1,0.248,0,0.0004633621886962151
O=S(=O)(O)c1cc(S(=O)(=O)O)c2c(/N=N/c3ccccc3)c(O)ccc2c1,1,c1ccc(N=Nc2cccc3ccccc23)cc1,COc1cc(-c2ccc(/N=N/c3ccc4c(S(=O)(=O)O)cc(S(=O)(=O)O)c(N)c4c3O)c(OC)c2)ccc1/N=N/c1ccc2c(S(=O)(=O)O)cc(S(=O)(=O)O)c(N)c2c1O,0,c1ccc2cc(N=Nc3ccc(-c4ccc(N=Nc5ccc6ccccc6c5)cc4)cc3)ccc2c1,0.27990196078431373,1,0.9990992418920871
O=S(=O)(O)c1cc(S(=O)(=O)O)c2c(/N=N/c3ccccc3)c(O)ccc2c1,1,c1ccc(N=Nc2cccc3ccccc23)cc1,O=C(O)C=Cc1ccc(O)c(O)c1,0,c1ccccc1,0.2033243486073675,1,0.9398026837435409
O=S(=O)(O)c1cc(S(=O)(=O)O)c2c(/N=N/c3ccccc3)c(O)ccc2c1,1,c1ccc(N=Nc2cccc3ccccc23)cc1,Nc1ccccc1S(N)(=O)=O,0,c1ccccc1,0.19523809523809527,1,0.9712395021056008
O=S(=O)(O)c1cc(S(=O)(=O)O)c2c(/N=N/c3ccccc3)c(O)ccc2c1,1,c1ccc(N=Nc2cccc3ccccc23)cc1,O=c1ccc2cc(O)c(O)cc2o1,0,O=c1ccc2ccccc2o1,0.19105545617173525,1,0.9593491350353179
Cc1cc(C)c(/N=N/c2c(O)c(S(=O)(=O)O)cc3cc(S(=O)(=O)O)ccc23)cc1C,1,c1ccc(N=Nc2cccc3ccccc23)cc1,COc1cc(-c2ccc(/N=N/c3ccc4c(S(=O)(=O)O)cc(S(=O)(=O)O)c(N)c4c3O)c(OC)c2)ccc1/N=N/c1ccc2c(S(=O)(=O)O)cc(S(=O)(=O)O)c(N)c2c1O,0,c1ccc2cc(N=Nc3ccc(-c4ccc(N=Nc5ccc6ccccc6c5)cc4)cc3)ccc2c1,0.32861952861952864,1,0.998506335439778
Cc1cc(C)c(/N=N/c2c(O)c(S(=O)(=O)O)cc3cc(S(=O)(=O)O)ccc23)cc1C,1,c1ccc(N=Nc2cccc3ccccc23)cc1,Cc1nccc2c1[nH]c1cc(O)ccc12,0,c1ccc2c(c1)[nH]c1cnccc12,0.17655086848635237,1,0.9696860496414937
Cc1cc(C)c(/N=N/c2c(O)c(S(=O)(=O)O)cc3cc(S(=O)(=O)O)ccc23)cc1C,1,c1ccc(N=Nc2cccc3ccccc23)cc1,CC1=NCCc2c1[nH]c1cc(O)ccc21,0,C1=NCCc2c1[nH]c1ccccc21,0.1575757575757576,1,0.9675346025988117
Cc1cc(C)c(/N=N/c2c(O)c(S(=O)(=O)O)cc3cc(S(=O)(=O)O)ccc23)cc1C,1,c1ccc(N=Nc2cccc3ccccc23)cc1,CC(=O)[N]([Na])S(=O)(=O)c1ccc(N)cc1,0,c1ccccc1,0.15600138360428917,1,0.9956181883330604
Cc1ccc(/N=N/c2c(O)c(S(=O)(=O)O)cc3cc(S(=O)(=O)O)ccc23)c(C)c1,1,c1ccc(N=Nc2cccc3ccccc23)cc1,COc1cc(-c2ccc(/N=N/c3ccc4c(S(=O)(=O)O)cc(S(=O)(=O)O)c(N)c4c3O)c(OC)c2)ccc1/N=N/c1ccc2c(S(=O)(=O)O)cc(S(=O)(=O)O)c(N)c2c1O,0,c1ccc2cc(N=Nc3ccc(-c4ccc(N=Nc5ccc6ccccc6c5)cc4)cc3)ccc2c1,0.3404643449419569,1,0.9986530481391567
Cc1ccc(/N=N/c2c(O)c(S(=O)(=O)O)cc3cc(S(=O)(=O)O)ccc23)c(C)c1,1,c1ccc(N=Nc2cccc3ccccc23)cc1,Cc1nccc2c1[nH]c1cc(O)ccc12,0,c1ccc2c(c1)[nH]c1cnccc12,0.1714622641509434,1,0.9676660496108608
Cc1ccc(/N=N/c2c(O)c(S(=O)(=O)O)cc3cc(S(=O)(=O)O)ccc23)c(C)c1,1,c1ccc(N=Nc2cccc3ccccc23)cc1,CC(=O)[N]([Na])S(=O)(=O)c1ccc(N)cc1,0,c1ccccc1,0.16031420765027324,1,0.9953997803703066
Cc1ccc(/N=N/c2c(O)c(S(=O)(=O)O)cc3cc(S(=O)(=O)O)ccc23)c(C)c1,1,c1ccc(N=Nc2cccc3ccccc23)cc1,CC1=NCCc2c1[nH]c1cc(O)ccc21,0,C1=NCCc2c1[nH]c1ccccc21,0.15336134453781514,1,0.967097891193107
O=S(=O)(O)c1ccc(/N=N/c2c(O)ccc3cc(S(=O)(=O)O)ccc23)cc1,1,c1ccc(N=Nc2cccc3ccccc23)cc1,COc1cc(-c2ccc(/N=N/c3ccc4c(S(=O)(=O)O)cc(S(=O)(=O)O)c(N)c4c3O)c(OC)c2)ccc1/N=N/c1ccc2c(S(=O)(=O)O)cc(S(=O)(=O)O)c(N)c2c1O,0,c1ccc2cc(N=Nc3ccc(-c4ccc(N=Nc5ccc6ccccc6c5)cc4)cc3)ccc2c1,0.29920634920634925,1,0.9990838213252075
O=S(=O)(O)c1ccc(/N=N/c2c(O)ccc3cc(S(=O)(=O)O)ccc23)cc1,1,c1ccc(N=Nc2cccc3ccccc23)cc1,O=c1ccc2cc(O)c(O)cc2o1,0,O=c1ccc2ccccc2o1,0.20569105691056913,1,0.9592175481923523
O=S(=O)(O)c1ccc(/N=N/c2c(O)ccc3cc(S(=O)(=O)O)ccc23)cc1,1,c1ccc(N=Nc2cccc3ccccc23)cc1,O=C(O)C=Cc1ccc(O)c(O)c1,0,c1ccccc1,0.199,1,0.9388042543261949
O=S(=O)(O)c1ccc(/N=N/c2c(O)ccc3cc(S(=O)(=O)O)ccc23)cc1,1,c1ccc(N=Nc2cccc3ccccc23)cc1,COc1cc2ccc(=O)oc2cc1O,0,O=c1ccc2ccccc2o1,0.18989898989898993,1,0.9583437190980045
N/N=C1\N=NC=C2C=CC=CC21,0,N=C1N=NC=C2C=CC=CC12,N=C(CCSCc1csc(N=C(N)N)n1)NS(N)(=O)=O,0,c1cscn1,0.1006993006993007,0,0.011878241846528042
N/N=C1\N=NC=C2C=CC=CC21,0,N=C1N=NC=C2C=CC=CC12,CC1/C=C/C=C/CC/C=C/C=C/C=C/C=C/C(O[C@@H]2O[C@H](C)[C@@H](O)[C@H](N)[C@@H]2O)CC(O)C(C(=O)O)C(O)CC(=O)CC(O)C(O)CCC(O)CC(O)CC(O)CC(=O)OC(C)C(C)C1O,0,O=C1CCCCCCCCCCCC(=O)OCCCCC=CC=CCCC=CC=CC=CC=CC(OC2CCCCO2)CCCCC1,0.09608993157380255,0,0.01715243590473577
N/N=C1\N=NC=C2C=CC=CC21,0,N=C1N=NC=C2C=CC=CC12,CCC(C)N1CCC2(CC1)N=C1C(=C3NC(=O)/C(C)=C/C=C/[C@H](C)[C@H](O)[C@@H](C)[C@@H](O)[C@@H](C)[C@H](OC(C)=O)[C@H](C)[C@@H](OC)/C=C/O[C@@]4(C)Oc5c(C)c(O)c(c1c5C4=O)C3=O)N2,0,O=C1C=CC=CCCCCCCCCC=COC2Oc3ccc4c(c3C2=O)C2=NC3(CCNCC3)NC2=C(N1)C4=O,0.09517543859649122,0,0.00197620470794914
N/N=C1\N=NC=C2C=CC=CC21,0,N=C1N=NC=C2C=CC=CC12,Nc1ncn(C2O[C@H](CO)[C@@H](O)[C@H]2O)c(=O)n1,0,O=c1ncncn1C1CCCO1,0.09475862068965517,0,0.04199634107689994
CC/N=c1\cc2oc3cc(NCC)c(C)cc3c(-c3ccccc3C(=O)OCC)c-2cc1C,1,N=c1ccc2c(-c3ccccc3)c3ccccc3oc-2c1,CC(=O)c1cc2ccccc2oc1=O,0,O=c1ccc2ccccc2o1,0.20301318267419963,1,0.98378462882291
CC/N=c1\cc2oc3cc(NCC)c(C)cc3c(-c3ccccc3C(=O)OCC)c-2cc1C,1,N=c1ccc2c(-c3ccccc3)c3ccccc3oc-2c1,CCCCNc1ccc(C(=O)OCCOCCOCCOCCOCCOCCOCCOCCOCCOC)cc1,0,c1ccccc1,0.20099214551467548,1,0.9215309911056283
CC/N=c1\cc2oc3cc(NCC)c(C)cc3c(-c3ccccc3C(=O)OCC)c-2cc1C,1,N=c1ccc2c(-c3ccccc3)c3ccccc3oc-2c1,CC(=O)Nc1cc2ccccc2oc1=O,0,O=c1ccc2ccccc2o1,0.19966216216216218,1,0.9659994465082478
CC/N=c1\cc2oc3cc(NCC)c(C)cc3c(-c3ccccc3C(=O)OCC)c-2cc1C,1,N=c1ccc2c(-c3ccccc3)c3ccccc3oc-2c1,Cn1c(-c2ccc3c(c2)OCO3)cc(=O)c2ccccc21,0,O=c1cc(-c2ccc3c(c2)OCO3)[nH]c2ccccc12,0.1560767590618337,1,0.9027904750044671
CN[C@@H]1[C@H](O[C@H]2[C@H](O[C@@H]3[C@@H](O)[C@H](O)[C@@H](NC(=N)N)[C@H](O)[C@H]3NC(=N)N)O[C@@H](C)[C@]2(O)CO)O[C@@H](CO)[C@H](O)[C@H]1O,0,C1CCC(OC2OCCC2OC2CCCCO2)CC1,CN[C@@H]1[C@H](O[C@H]2[C@H](O[C@@H]3[C@@H](O)[C@H](O)[C@@H](NC(=N)N)[C@H](O)[C@H]3NC(=N)N)O[C@@H](C)[C@]2(O)C=O)O[C@@H](CO)[C@H](O)[C@H]1O,0,C1CCC(OC2OCCC2OC2CCCCO2)CC1,0.7920821114369502,0,0.00012220311209857614
CN[C@@H]1[C@H](O[C@H]2[C@H](O[C@@H]3[C@@H](O)[C@H](O)[C@@H](NC(=N)N)[C@H](O)[C@H]3NC(=N)N)O[C@@H](C)[C@]2(O)CO)O[C@@H](CO)[C@H](O)[C@H]1O,0,C1CCC(OC2OCCC2OC2CCCCO2)CC1,NC[C@@H]1O[C@H](O[C@H]2[C@@H](O)[C@H](O[C@@H]3[C@@H](O)[C@H](N)C[C@H](N)[C@H]3O[C@H]3O[C@H](CN)[C@@H](O)[C@H](O)[C@H]3N)O[C@@H]2CO)[C@H](N)[C@@H](O)[C@@H]1O,0,C1CCC(OC2COC(OC3CCCCC3OC3CCCCO3)C2)OC1,0.2608484848484849,0,0.00015408367903037176
CN[C@@H]1[C@H](O[C@H]2[C@H](O[C@@H]3[C@@H](O)[C@H](O)[C@@H](NC(=N)N)[C@H](O)[C@H]3NC(=N)N)O[C@@H](C)[C@]2(O)CO)O[C@@H](CO)[C@H](O)[C@H]1O,0,C1CCC(OC2OCCC2OC2CCCCO2)CC1,CN(N=O)C(=O)N[C@@H]1[C@@H](O)[C@H](O)[C@@H](CO)O[C@@H]1O,0,C1CCOCC1,0.24857142857142855,0,0.0005171824498325718
CN[C@@H]1[C@H](O[C@H]2[C@H](O[C@@H]3[C@@H](O)[C@H](O)[C@@H](NC(=N)N)[C@H](O)[C@H]3NC(=N)N)O[C@@H](C)[C@]2(O)CO)O[C@@H](CO)[C@H](O)[C@H]1O,0,C1CCC(OC2OCCC2OC2CCCCO2)CC1,CC(=O)N[C@@H]1[C@@H](O[C@H](C)C(=O)O)[C@H](O)[C@@H](CO)O[C@@H]1O,0,C1CCOCC1,0.24428475185268358,0,7.510848033091412e-05
CN[C@@H]1[C@H](O[C@H]2[C@H](O[C@@H]3[C@@H](O)[C@H](O)[C@@H](NC(=N)N)[C@H](O)[C@H]3NC(=N)N)O[C@@H](C)[C@]2(O)C=O)O[C@@H](CO)[C@H](O)[C@H]1O,0,C1CCC(OC2OCCC2OC2CCCCO2)CC1,CN[C@@H]1[C@H](O[C@H]2[C@H](O[C@@H]3[C@@H](O)[C@H](O)[C@@H](NC(=N)N)[C@H](O)[C@H]3NC(=N)N)O[C@@H](C)[C@]2(O)CO)O[C@@H](CO)[C@H](O)[C@H]1O,0,C1CCC(OC2OCCC2OC2CCCCO2)CC1,0.7920821114369502,0,0.00015325328253353338
CN[C@@H]1[C@H](O[C@H]2[C@H](O[C@@H]3[C@@H](O)[C@H](O)[C@@H](NC(=N)N)[C@H](O)[C@H]3NC(=N)N)O[C@@H](C)[C@]2(O)C=O)O[C@@H](CO)[C@H](O)[C@H]1O,0,C1CCC(OC2OCCC2OC2CCCCO2)CC1,CN(N=O)C(=O)N[C@@H]1[C@@H](O)[C@H](O)[C@@H](CO)O[C@@H]1O,0,C1CCOCC1,0.2538332131699111,0,0.0014066704030062283
CN[C@@H]1[C@H](O[C@H]2[C@H](O[C@@H]3[C@@H](O)[C@H](O)[C@@H](NC(=N)N)[C@H](O)[C@H]3NC(=N)N)O[C@@H](C)[C@]2(O)C=O)O[C@@H](CO)[C@H](O)[C@H]1O,0,C1CCC(OC2OCCC2OC2CCCCO2)CC1,CC(=O)N[C@@H]1[C@@H](O[C@H](C)C(=O)O)[C@H](O)[C@@H](CO)O[C@@H]1O,0,C1CCOCC1,0.2492359932088285,0,0.00018821391182269112
CN[C@@H]1[C@H](O[C@H]2[C@H](O[C@@H]3[C@@H](O)[C@H](O)[C@@H](NC(=N)N)[C@H](O)[C@H]3NC(=N)N)O[C@@H](C)[C@]2(O)C=O)O[C@@H](CO)[C@H](O)[C@H]1O,0,C1CCC(OC2OCCC2OC2CCCCO2)CC1,NC[C@@H]1O[C@H](O[C@H]2[C@@H](O)[C@H](O[C@@H]3[C@@H](O)[C@H](N)C[C@H](N)[C@H]3O[C@H]3O[C@H](CN)[C@@H](O)[C@H](O)[C@H]3N)O[C@@H]2CO)[C@H](N)[C@@H](O)[C@@H]1O,0,C1CCC(OC2COC(OC3CCCCC3OC3CCCCO3)C2)OC1,0.24854541416833226,0,0.0003096016471373336
COc1ccc(CC2c3cc(OC)c(OC)cc3CCN2C)cc1OC,0,c1ccc(CC2NCCc3ccccc32)cc1,COc1ccc2cc1Oc1ccc(cc1)C[C@H]1c3cc(c(OC)cc3CCN1C)Oc1c(OC)c(OC)cc3c1[C@H](C2)N(C)CC3,0,c1cc2cc(c1)Oc1ccc(cc1)CC1NCCc3ccc(cc31)Oc1cccc3c1C(C2)NCC3,0.4486786018755328,0,0.0015971025688003453
COc1ccc(CC2c3cc(OC)c(OC)cc3CCN2C)cc1OC,0,c1ccc(CC2NCCc3ccccc32)cc1,COc1ccc(C[C@@](C)(N)C(=O)O)cc1OC,0,c1ccccc1,0.345748987854251,0,0.015293356771666449
COc1ccc(CC2c3cc(OC)c(OC)cc3CCN2C)cc1OC,0,c1ccc(CC2NCCc3ccccc32)cc1,CN1CCc2cc3c(cc2[C@H]1[C@@H]1OC(=O)c2c1ccc1c2OCO1)OCO3,0,O=C1OC(C2NCCc3cc4c(cc32)OCO4)c2ccc3c(c21)OCO3,0.31606060606060604,0,0.00611880342552126
COc1ccc(CC2c3cc(OC)c(OC)cc3CCN2C)cc1OC,0,c1ccc(CC2NCCc3ccccc32)cc1,COc1cc2c(c(OC)c1OC)-c1ccc(O)c(=O)cc1[C@@H](N)CC2,0,O=c1cccc2c(c1)CCCc1ccccc1-2,0.25628959276018104,0,0.002240624817490988
CC1/C=C/C=C/CC/C=C/C=C/C=C/C=C/C(O[C@@H]2O[C@H](C)[C@@H](O)[C@H](N)[C@@H]2O)CC(O)C(C(=O)O)C(O)CC(=O)CC(O)C(O)CCC(O)CC(O)CC(O)CC(=O)OC(C)C(C)C1O,0,O=C1CCCCCCCCCCCC(=O)OCCCCC=CC=CCCC=CC=CC=CC=CC(OC2CCCCO2)CCCCC1,CCC(=O)O[C@@H]1CC(=O)O[C@H](C)C/C=C/C=C/[C@@H](O)[C@H](C)C[C@H](CC=O)[C@H](O[C@H]2O[C@H](C)[C@@H](O[C@H]3C[C@@](C)(O)[C@@H](OC(=O)CC)[C@H](C)O3)[C@H](N(C)C)[C@H]2O)[C@H]1OC,0,O=C1CCCC(OC2CCC(OC3CCCCO3)CO2)CCCCC=CC=CCCO1,0.2430388949472919,0,0.00018297297208923335
CC1/C=C/C=C/CC/C=C/C=C/C=C/C=C/C(O[C@@H]2O[C@H](C)[C@@H](O)[C@H](N)[C@@H]2O)CC(O)C(C(=O)O)C(O)CC(=O)CC(O)C(O)CCC(O)CC(O)CC(O)CC(=O)OC(C)C(C)C1O,0,O=C1CCCCCCCCCCCC(=O)OCCCCC=CC=CCCC=CC=CC=CC=CC(OC2CCCCO2)CCCCC1,C[C@H]1CC[C@@H]2[C@@H](C)[C@H]3[C@H](C[C@H]4[C@@H]5CC=C6C[C@@H](O[C@@H]7O[C@H](CO)[C@H](O)[C@H](O[C@@H]8O[C@H](CO)[C@@H](O)[C@H](O)[C@H]8O)[C@H]7O[C@@H]7O[C@@H](C)[C@H](O)[C@@H](O)[C@H]7O)CC[C@]6(C)[C@H]5CC[C@]34C)N2C1,0,C1=C2CC(OC3OCCC(OC4CCCCO4)C3OC3CCCCO3)CCC2C2CCC3C(CC4C3CC3CCCCN34)C2C1,0.18677276746242266,0,6.116186227933381e-06
CC1/C=C/C=C/CC/C=C/C=C/C=C/C=C/C(O[C@@H]2O[C@H](C)[C@@H](O)[C@H](N)[C@@H]2O)CC(O)C(C(=O)O)C(O)CC(=O)CC(O)C(O)CCC(O)CC(O)CC(O)CC(=O)OC(C)C(C)C1O,0,O=C1CCCCCCCCCCCC(=O)OCCCCC=CC=CCCC=CC=CC=CC=CC(OC2CCCCO2)CCCCC1,CN[C@H]1[C@@H](O)[C@H](O[C@H]2[C@@H](O)[C@@H](OC3OC(CN)=CCC3N)[C@H](N)C[C@@H]2N)OC[C@@]1(C)O,0,C1=COC(OC2CCCC(OC3CCCCO3)C2)CC1,0.1774434250764526,0,0.0005409386113201702
CC1/C=C/C=C/CC/C=C/C=C/C=C/C=C/C(O[C@@H]2O[C@H](C)[C@@H](O)[C@H](N)[C@@H]2O)CC(O)C(C(=O)O)C(O)CC(=O)CC(O)C(O)CCC(O)CC(O)CC(O)CC(=O)OC(C)C(C)C1O,0,O=C1CCCCCCCCCCCC(=O)OCCCCC=CC=CCCC=CC=CC=CC=CC(OC2CCCCO2)CCCCC1,CC1=CC(=O)C2=C(C)C[C@H](O)[C@@H]3[C@H](OC(=O)[C@H]3C)[C@@H]12,0,O=C1CC2CCC=C3C(=O)C=CC3C2O1,0.17294210943695482,0,0.010559569362524283
CN1CC[C@]23c4ccccc4N[C@H]1[C@]21CCN(C)[C@H]3Nc2ccccc21,0,c1ccc2c(c1)NC1NCCC23C2NCCC13c1ccccc1N2,CN1CC[C@@]2(C)c3cc(O)ccc3N(C)[C@H]12,0,c1ccc2c(c1)NC1NCCC21,0.2798139534883721,0,3.37685131922881e-05
CN1CC[C@]23c4ccccc4N[C@H]1[C@]21CCN(C)[C@H]3Nc2ccccc21,0,c1ccc2c(c1)NC1NCCC23C2NCCC13c1ccccc1N2,C[C@]12N[C@H](Cc3ccccc31)c1ccccc12,0,c1ccc2c(c1)CC1NC2c2ccccc21,0.242093156986774,0,0.000471306632135447
CN1CC[C@]23c4ccccc4N[C@H]1[C@]21CCN(C)[C@H]3Nc2ccccc21,0,c1ccc2c(c1)NC1NCCC23C2NCCC13c1ccccc1N2,CN1Cc2c(N)cccc2C(c2ccccc2)C1,0,c1ccc(C2CNCc3ccccc32)cc1,0.24145299145299148,0,9.567377326797902e-05
CN1CC[C@]23c4ccccc4N[C@H]1[C@]21CCN(C)[C@H]3Nc2ccccc21,0,c1ccc2c(c1)NC1NCCC23C2NCCC13c1ccccc1N2,CNC(=O)Oc1ccc2c(c1)[C@]1(C)CCN(C)[C@@H]1N2C,0,c1ccc2c(c1)NC1NCCC21,0.2377304964539007,0,2.6395264739017607e-06
CC(C)C[C@H]1C(=O)N2CCC[C@H]2[C@]2(O)O[C@](NC(=O)[C@@H]3C=C4c5cccc6[nH]cc(c56)C[C@H]4N(C)C3)(C(C)C)C(=O)N12,0,O=C(NC1OC2C3CCCN3C(=O)CN2C1=O)C1C=C2c3cccc4[nH]cc(c34)CC2NC1,CC(C)[C@@]1(NC(=O)[C@@H]2C[C@@H]3c4cccc5[nH]cc(c45)C[C@H]3N(C)C2)O[C@@]2(O)[C@@H]3CCCN3C(=O)[C@H](Cc3ccccc3)N2C1=O,0,O=C(NC1OC2C3CCCN3C(=O)C(Cc3ccccc3)N2C1=O)C1CNC2Cc3c[nH]c4cccc(c34)C2C1,0.626196335794367,0,1.8554132369823912e-05
CC(C)C[C@H]1C(=O)N2CCC[C@H]2[C@]2(O)O[C@](NC(=O)[C@@H]3C=C4c5cccc6[nH]cc(c56)C[C@H]4N(C)C3)(C(C)C)C(=O)N12,0,O=C(NC1OC2C3CCCN3C(=O)CN2C1=O)C1C=C2c3cccc4[nH]cc(c34)CC2NC1,CN1C[C@H](C(=O)N[C@]2(C)O[C@@]3(O)[C@@H]4CCCN4C(=O)[C@H](Cc4ccccc4)N3C2=O)CC2c3cccc4[nH]cc(c34)C[C@H]21,0,O=C(NC1OC2C3CCCN3C(=O)C(Cc3ccccc3)N2C1=O)C1CNC2Cc3c[nH]c4cccc(c34)C2C1,0.5392535392535392,0,3.236700133245717e-05
CC(C)C[C@H]1C(=O)N2CCC[C@H]2[C@]2(O)O[C@](NC(=O)[C@@H]3C=C4c5cccc6[nH]cc(c56)C[C@H]4N(C)C3)(C(C)C)C(=O)N12,0,O=C(NC1OC2C3CCCN3C(=O)CN2C1=O)C1C=C2c3cccc4[nH]cc(c34)CC2NC1,CC[C@@H](CO)NC(=O)[C@@H]1C=C2c3cccc4[nH]cc(c34)C[C@H]2N(C)C1,0,C1=C2c3cccc4[nH]cc(c34)CC2NCC1,0.5187117046347212,0,0.0003982050944359046
CC(C)C[C@H]1C(=O)N2CCC[C@H]2[C@]2(O)O[C@](NC(=O)[C@@H]3C=C4c5cccc6[nH]cc(c56)C[C@H]4N(C)C3)(C(C)C)C(=O)N12,0,O=C(NC1OC2C3CCCN3C(=O)CN2C1=O)C1C=C2c3cccc4[nH]cc(c34)CC2NC1,CN1C[C@H](CO)C=C2c3cccc4[nH]cc(c34)C[C@H]21,0,C1=C2c3cccc4[nH]cc(c34)CC2NCC1,0.4346497252747253,0,0.0002545218806209884
O=C1C=CC(=O)c2c1ccc1c2ccc2ccccc21,0,O=C1C=CC(=O)c2c1ccc1c2ccc2ccccc21,CC(=O)c1cc2ccccc2oc1=O,0,O=c1ccc2ccccc2o1,0.2171277997364954,0,0.027634597761483044
O=C1C=CC(=O)c2c1ccc1c2ccc2ccccc21,0,O=C1C=CC(=O)c2c1ccc1c2ccc2ccccc21,Cc1c(O)c(=O)n(-c2ccccc2)n1C,0,O=c1cc[nH]n1-c1ccccc1,0.20813397129186603,0,0.06934740934994406
O=C1C=CC(=O)c2c1ccc1c2ccc2ccccc21,0,O=C1C=CC(=O)c2c1ccc1c2ccc2ccccc21,CC(=O)Nc1cc2ccccc2oc1=O,0,O=c1ccc2ccccc2o1,0.18904403866809882,0,0.04631247109055374
O=C1C=CC(=O)c2c1ccc1c2ccc2ccccc21,0,O=C1C=CC(=O)c2c1ccc1c2ccc2ccccc21,CC(C)=CCC/C(C)=C/CC1=C(C)C(=O)c2ccccc2C1=O,0,O=C1C=CC(=O)c2ccccc21,0.18733137829912022,0,0.00969494750560293
Cn1nnnc1SCC1=C(C(=O)O)N2C(=O)[C@@H](NC(=O)[C@H](O)c3ccccc3)[C@H]2SC1,0,O=C(Cc1ccccc1)NC1C(=O)N2C=C(CSc3nnn[nH]3)CSC12,CO[C@@]1(NC(=O)CSCC#N)C(=O)N2C(C(=O)O)=C(CSc3nnnn3C)CS[C@@H]21,0,O=C1CC2SCC(CSc3nnn[nH]3)=CN12,0.4650811874692472,0,0.001427808520829665
Cn1nnnc1SCC1=C(C(=O)O)N2C(=O)[C@@H](NC(=O)[C@H](O)c3ccccc3)[C@H]2SC1,0,O=C(Cc1ccccc1)NC1C(=O)N2C=C(CSc3nnn[nH]3)CSC12,CO[C@@]1(NC(=O)[C@H](C(=O)O)c2ccc(O)cc2)C(=O)N2C(C(=O)O)=C(CSc3nnnn3C)CO[C@@H]21,0,O=C(Cc1ccccc1)NC1C(=O)N2C=C(CSc3nnn[nH]3)COC12,0.4621646623496763,0,0.0017020477154108986
Cn1nnnc1SCC1=C(C(=O)O)N2C(=O)[C@@H](NC(=O)[C@H](O)c3ccccc3)[C@H]2SC1,0,O=C(Cc1ccccc1)NC1C(=O)N2C=C(CSc3nnn[nH]3)CSC12,CC(=O)OCC1=C(C(=O)O)N2C(=O)[C@@H](NC(=O)Cc3cccs3)[C@H]2SC1,0,O=C(Cc1cccs1)NC1C(=O)N2C=CCSC12,0.41498599439775913,0,0.0007125992924328551
Cn1nnnc1SCC1=C(C(=O)O)N2C(=O)[C@@H](NC(=O)[C@H](O)c3ccccc3)[C@H]2SC1,0,O=C(Cc1ccccc1)NC1C(=O)N2C=C(CSc3nnn[nH]3)CSC12,CC1(C)S[C@@H]2[C@H](NC(=O)[C@H](NC(=O)N3CCNC3=O)c3ccccc3)C(=O)N2[C@H]1C(=O)O,0,O=C(NC1C(=O)N2CCSC12)C(NC(=O)N1CCNC1=O)c1ccccc1,0.2870300204022151,0,0.0031628967773155115
c1cncc(C2=NCCC2)c1,0,c1cncc(C2=NCCC2)c1,CN(C)CCC(c1ccccc1)c1ccccn1,0,c1ccc(Cc2ccccn2)cc1,0.17218045112781954,0,0.03598570405412026
c1cncc(C2=NCCC2)c1,0,c1cncc(C2=NCCC2)c1,CN(C)CCOC(C)(c1ccccc1)c1ccccn1,0,c1ccc(Cc2ccccn2)cc1,0.16419696272434423,0,0.039353355896261114
c1cncc(C2=NCCC2)c1,0,c1cncc(C2=NCCC2)c1,CC1=NCCc2c1[nH]c1cc(O)ccc21,0,C1=NCCc2c1[nH]c1ccccc21,0.1630769230769231,0,0.008252225333176893
c1cncc(C2=NCCC2)c1,0,c1cncc(C2=NCCC2)c1,CN(C)CCC(c1ccc(Cl)cc1)c1ccccn1,0,c1ccc(Cc2ccccn2)cc1,0.16084656084656085,0,0.044102536223683486
Cn1cnc([N+](=O)[O-])c1Sc1ncnc2[nH]cnc12,0,c1nc(Sc2cnc[nH]2)c2nc[nH]c2n1,CNc1ncnc2c1ncn2[C@@H]1O[C@H](CO)[C@@H](O)[C@H]1O,0,c1ncc2ncn(C3CCCO3)c2n1,0.17873693775556565,0,0.021921681147210943
Cn1cnc([N+](=O)[O-])c1Sc1ncnc2[nH]cnc12,0,c1nc(Sc2cnc[nH]2)c2nc[nH]c2n1,c1ccc(CNc2ncnc3nc[nH]c23)cc1,0,c1ccc(CNc2ncnc3nc[nH]c23)cc1,0.1738636363636364,0,0.038903650188702565
Cn1cnc([N+](=O)[O-])c1Sc1ncnc2[nH]cnc12,0,c1nc(Sc2cnc[nH]2)c2nc[nH]c2n1,Nc1ncnc2c1ncn2C1O[C@H](CO)[C@@H](O)[C@@H]1O,0,c1ncc2ncn(C3CCCO3)c2n1,0.15904761904761905,0,0.04040072172955069
Cn1cnc([N+](=O)[O-])c1Sc1ncnc2[nH]cnc12,0,c1nc(Sc2cnc[nH]2)c2nc[nH]c2n1,CN/C(=C/[N+](=O)[O-])NCCSCc1csc(CN(C)C)n1,0,c1cscn1,0.1572139303482587,0,0.0019316910627593155
CN/C(=C/[N+](=O)[O-])NCCSCc1csc(CN(C)C)n1,0,c1cscn1,N=C(CCSCc1csc(N=C(N)N)n1)NS(N)(=O)=O,0,c1cscn1,0.2653965440850687,0,0.006631541558027114
CN/C(=C/[N+](=O)[O-])NCCSCc1csc(CN(C)C)n1,0,c1cscn1,CNCCc1ccccn1,0,c1ccncc1,0.15739795918367347,0,0.06755239249393222
CN/C(=C/[N+](=O)[O-])NCCSCc1csc(CN(C)C)n1,0,c1cscn1,Cn1cnc([N+](=O)[O-])c1Sc1ncnc2[nH]cnc12,0,c1nc(Sc2cnc[nH]2)c2nc[nH]c2n1,0.1572139303482587,0,0.02248385407238498
CN/C(=C/[N+](=O)[O-])NCCSCc1csc(CN(C)C)n1,0,c1cscn1,CN(C)Cc1c[nH]c2ccccc12,0,c1ccc2[nH]ccc2c1,0.1430531732418525,0,0.06373970890230708
N=C(CCSCc1csc(N=C(N)N)n1)NS(N)(=O)=O,0,c1cscn1,CN/C(=C/[N+](=O)[O-])NCCSCc1csc(CN(C)C)n1,0,c1cscn1,0.2653965440850687,0,0.00022749914892528707
N=C(CCSCc1csc(N=C(N)N)n1)NS(N)(=O)=O,0,c1cscn1,N/C(=N\C(=O)c1nc(Cl)c(N)nc1N)NCc1ccccc1,0,O=C(N=CNCc1ccccc1)c1cnccn1,0.15830115830115832,0,0.006420345854758896
N=C(CCSCc1csc(N=C(N)N)n1)NS(N)(=O)=O,0,c1cscn1,CN(C)CCCSC(=N)N,0,,0.14677244861161198,0,0.031213054653288906
N=C(CCSCc1csc(N=C(N)N)n1)NS(N)(=O)=O,0,c1cscn1,N=C(N)NOCC[C@H](N)C(=O)O,0,,0.14575866188769415,0,0.02225259156981996
CN1CCC(=C2c3ccccc3Sc3ccccc32)CC1,0,c1ccc2c(c1)Sc1ccccc1C2=C1CCNCC1,CN1CCC(=C2c3ccccc3CCc3sccc32)CC1,0,c1ccc2c(c1)CCc1sccc1C2=C1CCNCC1,0.5323076923076924,0,0.002249629108941954
CN1CCC(=C2c3ccccc3Sc3ccccc32)CC1,0,c1ccc2c(c1)Sc1ccccc1C2=C1CCNCC1,CSc1ccc2c(c1)C(N1CCN(C)CC1)Cc1ccccc1S2,0,c1ccc2c(c1)CC(N1CCNCC1)c1ccccc1S2,0.35101214574898787,0,0.0010092866272449587
CN1CCC(=C2c3ccccc3Sc3ccccc32)CC1,0,c1ccc2c(c1)Sc1ccccc1C2=C1CCNCC1,CC(=O)c1ccc2c(c1)N(CCCN(C)C)c1ccccc1S2,0,c1ccc2c(c1)Nc1ccccc1S2,0.2719298245614035,0,0.0391657435557714
CN1CCC(=C2c3ccccc3Sc3ccccc32)CC1,0,c1ccc2c(c1)Sc1ccccc1C2=C1CCNCC1,CN1CC[C@]23c4ccccc4N[C@H]1[C@]21CCN(C)[C@H]3Nc2ccccc21,0,c1ccc2c(c1)NC1NCCC23C2NCCC13c1ccccc1N2,0.23693693693693696,0,0.0007975534428795076
CNC(=O)Oc1ccc2c(c1)[C@]1(C)CCN(C)[C@@H]1N2C,0,c1ccc2c(c1)NC1NCCC21,CN1CC[C@@]2(C)c3cc(O)ccc3N(C)[C@H]12,0,c1ccc2c(c1)NC1NCCC21,0.593469387755102,0,0.0003129791907803836
CNC(=O)Oc1ccc2c(c1)[C@]1(C)CCN(C)[C@@H]1N2C,0,c1ccc2c(c1)NC1NCCC21,CN1CC[C@]23c4ccccc4N[C@H]1[C@]21CCN(C)[C@H]3Nc2ccccc21,0,c1ccc2c(c1)NC1NCCC23C2NCCC13c1ccccc1N2,0.2377304964539007,0,5.173172587398438e-05
CNC(=O)Oc1ccc2c(c1)[C@]1(C)CCN(C)[C@@H]1N2C,0,c1ccc2c(c1)NC1NCCC21,COc1cc(N)c(Cl)cc1C(=O)NC1CCN(Cc2ccccc2)CC1,0,O=C(NC1CCN(Cc2ccccc2)CC1)c1ccccc1,0.20613602231280845,0,0.00028410410575338123
CNC(=O)Oc1ccc2c(c1)[C@]1(C)CCN(C)[C@@H]1N2C,0,c1ccc2c(c1)NC1NCCC21,COc1ccc(CC2c3cc(OC)c(OC)cc3CCN2C)cc1OC,0,c1ccc(CC2NCCc3ccccc32)cc1,0.19870490286771508,0,0.0001551814056161447
CN1CC[C@@]2(C)c3cc(O)ccc3N(C)[C@H]12,0,c1ccc2c(c1)NC1NCCC21,CNC(=O)Oc1ccc2c(c1)[C@]1(C)CCN(C)[C@@H]1N2C,0,c1ccc2c(c1)NC1NCCC21,0.593469387755102,0,8.021573089899453e-05
CN1CC[C@@]2(C)c3cc(O)ccc3N(C)[C@H]12,0,c1ccc2c(c1)NC1NCCC21,CN1CC[C@]23c4ccccc4N[C@H]1[C@]21CCN(C)[C@H]3Nc2ccccc21,0,c1ccc2c(c1)NC1NCCC23C2NCCC13c1ccccc1N2,0.2798139534883721,0,7.411729166494778e-05
CN1CC[C@@]2(C)c3cc(O)ccc3N(C)[C@H]12,0,c1ccc2c(c1)NC1NCCC21,CC[C@H]1C2C[C@H]3[C@@H]4N(C)c5ccccc5C45C[C@H](C2[C@H]5O)N3[C@@H]1O,0,c1ccc2c(c1)NC1C3CC4CCN3C3CC21CC43,0.22870264064293916,0,4.257275764498409e-06
CN1CC[C@@]2(C)c3cc(O)ccc3N(C)[C@H]12,0,c1ccc2c(c1)NC1NCCC21,COc1ccc(CC2c3cc(OC)c(OC)cc3CCN2C)cc1OC,0,c1ccc(CC2NCCc3ccccc32)cc1,0.2,0,0.00010497728786251621
C=C1C/C(=C/C)C(=O)O[C@@H]2CCN3CC=C(COC(=O)[C@]1(C)O)[C@H]23,0,C=C1CC(=C)C(=O)OC2CCN3CC=C(COC(=O)C1)C23,CO[C@H](C)C(O)(C(=O)OCC1=CCN2CC[C@H](O)[C@@H]12)C(C)C,0,C1=CC2CCCN2C1,0.2809447128287708,0,0.0006517247889247425
C=C1C/C(=C/C)C(=O)O[C@@H]2CCN3CC=C(COC(=O)[C@]1(C)O)[C@H]23,0,C=C1CC(=C)C(=O)OC2CCN3CC=C(COC(=O)C1)C23,C=C1C(=O)O[C@@H]2[C@H]3O[C@]3(C)CC/C=C(\C)CC[C@@H]12,0,C=C1C(=O)OC2C1CCC=CCCC1OC12,0.22442105263157897,0,7.14138170002453e-05
C=C1C/C(=C/C)C(=O)O[C@@H]2CCN3CC=C(COC(=O)[C@]1(C)O)[C@H]23,0,C=C1CC(=C)C(=O)OC2CCN3CC=C(COC(=O)C1)C23,CC1(O)CCOC(=O)C1,0,O=C1CCCCO1,0.2053501180173092,0,0.0019008946883195626
C=C1C/C(=C/C)C(=O)O[C@@H]2CCN3CC=C(COC(=O)[C@]1(C)O)[C@H]23,0,C=C1CC(=C)C(=O)OC2CCN3CC=C(COC(=O)C1)C23,C[C@]12CC[C@H](O)C[C@@H]1CC[C@@H]1[C@@H]2CC[C@]2(C)C(=O)CC[C@@H]12,0,O=C1CCC2C1CCC1C3CCCCC3CCC21,0.15708502024291499,0,0.00032595861252276
C[C@H]1[C@H](C)CC[C@]2(C(=O)O)CC[C@]3(C)C(=CC[C@@H]4[C@@]5(C)CC[C@H](O)C(C)(C)[C@@H]5CC[C@]43C)[C@H]12,0,C1=C2C3CCCCC3CCC2C2CCC3CCCCC3C2C1,C=C(C)[C@@H]1CC[C@]2(C(=O)O)CC[C@]3(C)[C@H](CC[C@@H]4[C@@]5(C)CC[C@H](O)C(C)(C)[C@@H]5CC[C@]43C)[C@@H]12,0,C1CCC2C(C1)CCC1C2CCC2C3CCCC3CCC21,0.47785714285714287,0,0.0014209868127204902
C[C@H]1[C@H](C)CC[C@]2(C(=O)O)CC[C@]3(C)C(=CC[C@@H]4[C@@]5(C)CC[C@H](O)C(C)(C)[C@@H]5CC[C@]43C)[C@H]12,0,C1=C2C3CCCCC3CCC2C2CCC3CCCCC3C2C1,C=C(C)[C@@H]1CC[C@]2(CO)CC[C@]3(C)[C@H](CC[C@@H]4[C@@]5(C)CC[C@H](O)C(C)(C)[C@@H]5CC[C@]43C)[C@@H]12,0,C1CCC2C(C1)CCC1C2CCC2C3CCCC3CCC21,0.32781954887218046,0,0.0068086308234549964
C[C@H]1[C@H](C)CC[C@]2(C(=O)O)CC[C@]3(C)C(=CC[C@@H]4[C@@]5(C)CC[C@H](O)C(C)(C)[C@@H]5CC[C@]43C)[C@H]12,0,C1=C2C3CCCCC3CCC2C2CCC3CCCCC3C2C1,CC1(C)[C@@H](OC(=O)CCC(=O)O)CC[C@]2(C)[C@H]3C(=O)C=C4[C@@H]5C[C@@](C)(C(=O)O)CC[C@]5(C)CC[C@@]4(C)[C@]3(C)CC[C@@H]12,0,O=C1C=C2C3CCCCC3CCC2C2CCC3CCCCC3C12,0.3227168234064786,0,0.0024559567147477007
C[C@H]1[C@H](C)CC[C@]2(C(=O)O)CC[C@]3(C)C(=CC[C@@H]4[C@@]5(C)CC[C@H](O)C(C)(C)[C@@H]5CC[C@]43C)[C@H]12,0,C1=C2C3CCCCC3CCC2C2CCC3CCCCC3C2C1,C[C@H](CCC(=O)O)[C@H]1CC[C@H]2[C@@H]3CC[C@@H]4C[C@H](O)CC[C@]4(C)[C@H]3CC[C@]12C,0,C1CCC2C(C1)CCC1C3CCCC3CCC21,0.2345117845117845,0,0.0038593754426562805
C[C@]12N[C@H](Cc3ccccc31)c1ccccc12,0,c1ccc2c(c1)CC1NC2c2ccccc21,CN1CC[C@]23c4ccccc4N[C@H]1[C@]21CCN(C)[C@H]3Nc2ccccc21,0,c1ccc2c(c1)NC1NCCC23C2NCCC13c1ccccc1N2,0.242093156986774,0,0.0002177142223519823
C[C@]12N[C@H](Cc3ccccc31)c1ccccc12,0,c1ccc2c(c1)CC1NC2c2ccccc21,C[C@@H]1NCCc2cc(O)c(O)cc21,0,c1ccc2c(c1)CCNC2,0.2120322817314747,0,0.03344822519098782
C[C@]12N[C@H](Cc3ccccc31)c1ccccc12,0,c1ccc2c(c1)CC1NC2c2ccccc21,CSc1ccc2c(c1)C(N1CCN(C)CC1)Cc1ccccc1S2,0,c1ccc2c(c1)CC(N1CCNCC1)c1ccccc1S2,0.19885057471264367,0,0.0006753095903530874
C[C@]12N[C@H](Cc3ccccc31)c1ccccc12,0,c1ccc2c(c1)CC1NC2c2ccccc21,CN1Cc2c(N)cccc2C(c2ccccc2)C1,0,c1ccc(C2CNCc3ccccc32)cc1,0.19273504273504274,0,0.00894640299982501
NCCNc1cccc2ccccc12,1,c1ccc2ccccc2c1,O=C1C=CC(=O)c2c1ccc1c2ccc2ccccc21,0,O=C1C=CC(=O)c2c1ccc1c2ccc2ccccc21,0.23714285714285713,1,0.8410419424048846
NCCNc1cccc2ccccc12,1,c1ccc2ccccc2c1,CNCCc1ccccn1,0,c1ccncc1,0.2163636363636364,1,0.5896336189424032
NCCNc1cccc2ccccc12,1,c1ccc2ccccc2c1,N=C(N)NCc1cccc(I)c1,0,c1ccccc1,0.2076681332495286,1,0.8350733831189363
NCCNc1cccc2ccccc12,1,c1ccc2ccccc2c1,N/C(=N\C(=O)c1nc(Cl)c(N)nc1N)NCc1ccccc1,0,O=C(N=CNCc1ccccc1)c1cnccn1,0.18553191489361706,1,0.6481016237352143
COc1cc(N)c(Cl)cc1C(=O)NC1CCN(Cc2ccccc2)CC1,0,O=C(NC1CCN(Cc2ccccc2)CC1)c1ccccc1,COc1ccc(C[C@@](C)(N)C(=O)O)cc1OC,0,c1ccccc1,0.2565034965034965,0,0.005966826382022847
COc1cc(N)c(Cl)cc1C(=O)NC1CCN(Cc2ccccc2)CC1,0,O=C(NC1CCN(Cc2ccccc2)CC1)c1ccccc1,COc1ccc(CC2c3cc(OC)c(OC)cc3CCN2C)cc1OC,0,c1ccc(CC2NCCc3ccccc32)cc1,0.24613756613756613,0,0.00043944766278145026
COc1cc(N)c(Cl)cc1C(=O)NC1CCN(Cc2ccccc2)CC1,0,O=C(NC1CCN(Cc2ccccc2)CC1)c1ccccc1,N/C(=N\C(=O)c1nc(Cl)c(N)nc1N)NCc1ccccc1,0,O=C(N=CNCc1ccccc1)c1cnccn1,0.22505362505362506,0,0.016341110819821657
COc1cc(N)c(Cl)cc1C(=O)NC1CCN(Cc2ccccc2)CC1,0,O=C(NC1CCN(Cc2ccccc2)CC1)c1ccccc1,CCCCCN(CCCCC)C(=O)C(CCC(=O)O)NC(=O)c1ccc(Cl)c(Cl)c1,0,c1ccccc1,0.21704108480064765,0,0.010022142826603601
Nc1cc(S(=O)(=O)O)cc2cc(S(=O)(=O)O)c(/N=N/c3ccc(-c4ccc(/N=N/c5c(S(=O)(=O)O)cc6cc(S(=O)(=O)O)cc(N)c6c5O)cc4)cc3)c(O)c12,1,c1ccc2cc(N=Nc3ccc(-c4ccc(N=Nc5ccc6ccccc6c5)cc4)cc3)ccc2c1,COc1cc(-c2ccc(/N=N/c3ccc4c(S(=O)(=O)O)cc(S(=O)(=O)O)c(N)c4c3O)c(OC)c2)ccc1/N=N/c1ccc2c(S(=O)(=O)O)cc(S(=O)(=O)O)c(N)c2c1O,0,c1ccc2cc(N=Nc3ccc(-c4ccc(N=Nc5ccc6ccccc6c5)cc4)cc3)ccc2c1,0.37335515548281506,1,0.996425252817466
Nc1cc(S(=O)(=O)O)cc2cc(S(=O)(=O)O)c(/N=N/c3ccc(-c4ccc(/N=N/c5c(S(=O)(=O)O)cc6cc(S(=O)(=O)O)cc(N)c6c5O)cc4)cc3)c(O)c12,1,c1ccc2cc(N=Nc3ccc(-c4ccc(N=Nc5ccc6ccccc6c5)cc4)cc3)ccc2c1,Nc1ccccc1S(N)(=O)=O,0,c1ccccc1,0.1963636363636364,1,0.9956645116313264
Nc1cc(S(=O)(=O)O)cc2cc(S(=O)(=O)O)c(/N=N/c3ccc(-c4ccc(/N=N/c5c(S(=O)(=O)O)cc6cc(S(=O)(=O)O)cc(N)c6c5O)cc4)cc3)c(O)c12,1,c1ccc2cc(N=Nc3ccc(-c4ccc(N=Nc5ccc6ccccc6c5)cc4)cc3)ccc2c1,CC(=O)[N]([Na])S(=O)(=O)c1ccc(N)cc1,0,c1ccccc1,0.16771826852531185,1,0.9996239930921448
Nc1cc(S(=O)(=O)O)cc2cc(S(=O)(=O)O)c(/N=N/c3ccc(-c4ccc(/N=N/c5c(S(=O)(=O)O)cc6cc(S(=O)(=O)O)cc(N)c6c5O)cc4)cc3)c(O)c12,1,c1ccc2cc(N=Nc3ccc(-c4ccc(N=Nc5ccc6ccccc6c5)cc4)cc3)ccc2c1,Nc1c(O)cccc1C(=O)CC(N)C(=O)O,0,c1ccccc1,0.16,1,0.9825602449028923
COc1cc(-c2ccc(/N=N/c3c(S(=O)(=O)O)cc4cc(S(=O)(=O)O)cc(N)c4c3O)c(OC)c2)ccc1/N=N/c1c(S(=O)(=O)O)cc2cc(S(=O)(=O)O)cc(N)c2c1O,1,c1ccc2cc(N=Nc3ccc(-c4ccc(N=Nc5ccc6ccccc6c5)cc4)cc3)ccc2c1,COc1cc(-c2ccc(/N=N/c3ccc4c(S(=O)(=O)O)cc(S(=O)(=O)O)c(N)c4c3O)c(OC)c2)ccc1/N=N/c1ccc2c(S(=O)(=O)O)cc(S(=O)(=O)O)c(N)c2c1O,0,c1ccc2cc(N=Nc3ccc(-c4ccc(N=Nc5ccc6ccccc6c5)cc4)cc3)ccc2c1,0.5937277263007841,1,0.9948228073899418
COc1cc(-c2ccc(/N=N/c3c(S(=O)(=O)O)cc4cc(S(=O)(=O)O)cc(N)c4c3O)c(OC)c2)ccc1/N=N/c1c(S(=O)(=O)O)cc2cc(S(=O)(=O)O)cc(N)c2c1O,1,c1ccc2cc(N=Nc3ccc(-c4ccc(N=Nc5ccc6ccccc6c5)cc4)cc3)ccc2c1,COc1ccc(C[C@@](C)(N)C(=O)O)cc1OC,0,c1ccccc1,0.22239819004524886,1,0.6056199390792025
COc1cc(-c2ccc(/N=N/c3c(S(=O)(=O)O)cc4cc(S(=O)(=O)O)cc(N)c4c3O)c(OC)c2)ccc1/N=N/c1c(S(=O)(=O)O)cc2cc(S(=O)(=O)O)cc(N)c2c1O,1,c1ccc2cc(N=Nc3ccc(-c4ccc(N=Nc5ccc6ccccc6c5)cc4)cc3)ccc2c1,COc1cc2ccc(=O)oc2cc1O,0,O=c1ccc2ccccc2o1,0.21333333333333335,1,0.5484959038165788
COc1cc(-c2ccc(/N=N/c3c(S(=O)(=O)O)cc4cc(S(=O)(=O)O)cc(N)c4c3O)c(OC)c2)ccc1/N=N/c1c(S(=O)(=O)O)cc2cc(S(=O)(=O)O)cc(N)c2c1O,1,c1ccc2cc(N=Nc3ccc(-c4ccc(N=Nc5ccc6ccccc6c5)cc4)cc3)ccc2c1,COc1cc(N)c(Cl)cc1C(=O)NC1CCN(Cc2ccccc2)CC1,0,O=C(NC1CCN(Cc2ccccc2)CC1)c1ccccc1,0.19061624649859946,1,0.9122156995382376
Nc1cc(S(=O)(=O)O)cc2cc(S(=O)(=O)O)c(/N=N/c3ccc(-c4ccc(/N=N/c5c(S(=O)(=O)O)cc6cc(S(=O)(=O)O)cc(N)c6c5O)c(O)c4)cc3O)c(O)c12,1,c1ccc2cc(N=Nc3ccc(-c4ccc(N=Nc5ccc6ccccc6c5)cc4)cc3)ccc2c1,COc1cc(-c2ccc(/N=N/c3ccc4c(S(=O)(=O)O)cc(S(=O)(=O)O)c(N)c4c3O)c(OC)c2)ccc1/N=N/c1ccc2c(S(=O)(=O)O)cc(S(=O)(=O)O)c(N)c2c1O,0,c1ccc2cc(N=Nc3ccc(-c4ccc(N=Nc5ccc6ccccc6c5)cc4)cc3)ccc2c1,0.4243589743589744,1,0.9979648742965055
Nc1cc(S(=O)(=O)O)cc2cc(S(=O)(=O)O)c(/N=N/c3ccc(-c4ccc(/N=N/c5c(S(=O)(=O)O)cc6cc(S(=O)(=O)O)cc(N)c6c5O)c(O)c4)cc3O)c(O)c12,1,c1ccc2cc(N=Nc3ccc(-c4ccc(N=Nc5ccc6ccccc6c5)cc4)cc3)ccc2c1,Nc1ccccc1S(N)(=O)=O,0,c1ccccc1,0.2008203445447088,1,0.9951700211447907
Nc1cc(S(=O)(=O)O)cc2cc(S(=O)(=O)O)c(/N=N/c3ccc(-c4ccc(/N=N/c5c(S(=O)(=O)O)cc6cc(S(=O)(=O)O)cc(N)c6c5O)c(O)c4)cc3O)c(O)c12,1,c1ccc2cc(N=Nc3ccc(-c4ccc(N=Nc5ccc6ccccc6c5)cc4)cc3)ccc2c1,Nc1c(O)cccc1C(=O)CC(N)C(=O)O,0,c1ccccc1,0.16029287524640945,1,0.9786168065930387
Nc1cc(S(=O)(=O)O)cc2cc(S(=O)(=O)O)c(/N=N/c3ccc(-c4ccc(/N=N/c5c(S(=O)(=O)O)cc6cc(S(=O)(=O)O)cc(N)c6c5O)c(O)c4)cc3O)c(O)c12,1,c1ccc2cc(N=Nc3ccc(-c4ccc(N=Nc5ccc6ccccc6c5)cc4)cc3)ccc2c1,CC(=O)[N]([Na])S(=O)(=O)c1ccc(N)cc1,0,c1ccccc1,0.1576036866359447,1,0.9995287301765055
COc1cc(-c2ccc(/N=N/c3ccc4c(S(=O)(=O)O)cc(S(=O)(=O)O)c(N)c4c3O)c(OC)c2)ccc1/N=N/c1ccc2c(S(=O)(=O)O)cc(S(=O)(=O)O)c(N)c2c1O,0,c1ccc2cc(N=Nc3ccc(-c4ccc(N=Nc5ccc6ccccc6c5)cc4)cc3)ccc2c1,COc1ccc(C[C@@](C)(N)C(=O)O)cc1OC,0,c1ccccc1,0.23547008547008547,1,0.5250369377574418
COc1cc(-c2ccc(/N=N/c3ccc4c(S(=O)(=O)O)cc(S(=O)(=O)O)c(N)c4c3O)c(OC)c2)ccc1/N=N/c1ccc2c(S(=O)(=O)O)cc(S(=O)(=O)O)c(N)c2c1O,0,c1ccc2cc(N=Nc3ccc(-c4ccc(N=Nc5ccc6ccccc6c5)cc4)cc3)ccc2c1,COc1cc2ccc(=O)oc2cc1O,0,O=c1ccc2ccccc2o1,0.21589008363201911,0,0.471965939447282
COc1cc(-c2ccc(/N=N/c3ccc4c(S(=O)(=O)O)cc(S(=O)(=O)O)c(N)c4c3O)c(OC)c2)ccc1/N=N/c1ccc2c(S(=O)(=O)O)cc(S(=O)(=O)O)c(N)c2c1O,0,c1ccc2cc(N=Nc3ccc(-c4ccc(N=Nc5ccc6ccccc6c5)cc4)cc3)ccc2c1,COc1cc2c(c(OC)c1OC)-c1ccc(O)c(=O)cc1[C@@H](N)CC2,0,O=c1cccc2c(c1)CCCc1ccccc1-2,0.19654874892148402,0,0.07950657289893885
COc1cc(-c2ccc(/N=N/c3ccc4c(S(=O)(=O)O)cc(S(=O)(=O)O)c(N)c4c3O)c(OC)c2)ccc1/N=N/c1ccc2c(S(=O)(=O)O)cc(S(=O)(=O)O)c(N)c2c1O,0,c1ccc2cc(N=Nc3ccc(-c4ccc(N=Nc5ccc6ccccc6c5)cc4)cc3)ccc2c1,COc1ccc2c(OC)c3ccoc3nc2c1OC,0,c1ccc2nc3occc3cc2c1,0.19475113122171947,0,0.14819544296953605
CN1C2CCCC1CC(=O)C2,0,O=C1CC2CCCC(C1)N2,CN1[C@@H]2CC(=O)C[C@H]1[C@H](O)C2,0,O=C1CC2CCC(C1)N2,0.485099846390169,0,0.006276696947027314
CN1C2CCCC1CC(=O)C2,0,O=C1CC2CCCC(C1)N2,CN1[C@@H](CC(=O)c2ccccc2)CCC[C@H]1C[C@H](O)c1ccccc1,0,O=C(CC1CCCC(CCc2ccccc2)N1)c1ccccc1,0.26333333333333336,0,0.017646763028572668
CN1C2CCCC1CC(=O)C2,0,O=C1CC2CCCC(C1)N2,CN1CCc2cc3c(cc2[C@H]1[C@@H]1OC(=O)c2c1ccc1c2OCO1)OCO3,0,O=C1OC(C2NCCc3cc4c(cc32)OCO4)c2ccc3c(c21)OCO3,0.17012987012987016,0,0.003602149734363334
CN1C2CCCC1CC(=O)C2,0,O=C1CC2CCCC(C1)N2,CO[C@H](C)C(O)(C(=O)OCC1=CCN2CC[C@H](O)[C@@H]12)C(C)C,0,C1=CC2CCCN2C1,0.1566960705693665,0,0.002272033080562749
C[C@@H]1NC(=O)NC1=O,0,O=C1CNC(=O)N1,CN1C2CCCC1CC(=O)C2,0,O=C1CC2CCCC(C1)N2,0.14807692307692308,0,0.006427105674467112
C[C@@H]1NC(=O)NC1=O,0,O=C1CNC(=O)N1,CC1(O)CCOC(=O)C1,0,O=C1CCCCO1,0.14727668845315905,0,0.004258021374494945
C[C@@H]1NC(=O)NC1=O,0,O=C1CNC(=O)N1,C[C@@H]1NCCc2cc(O)c(O)cc21,0,c1ccc2c(c1)CCNC2,0.14185094185094185,0,0.051002125025471835
C[C@@H]1NC(=O)NC1=O,0,O=C1CNC(=O)N1,CN1[C@@H]2CC(=O)C[C@H]1[C@H](O)C2,0,O=C1CC2CCC(C1)N2,0.12810810810810813,0,0.0011641092128185687
Cc1c(C)c2c(c(C)c1O)CCC(C)(C(=O)O)O2,0,c1ccc2c(c1)CCCO2,CC1(O)CCOC(=O)C1,0,O=C1CCCCO1,0.18439024390243905,0,0.07086433527647977
Cc1c(C)c2c(c(C)c1O)CCC(C)(C(=O)O)O2,0,c1ccc2c(c1)CCCO2,O=C(O)[C@]1(O)C[C@H](O)[C@@H](O)[C@@H](O)C1,0,C1CCCCC1,0.17592137592137594,0,0.027774692543724635
Cc1c(C)c2c(c(C)c1O)CCC(C)(C(=O)O)O2,0,c1ccc2c(c1)CCCO2,C=C(C)[C@@H]1CC[C@]2(C(=O)O)CC[C@]3(C)[C@H](CC[C@@H]4[C@@]5(C)CC[C@H](O)C(C)(C)[C@@H]5CC[C@]43C)[C@@H]12,0,C1CCC2C(C1)CCC1C2CCC2C3CCCC3CCC21,0.16492997198879553,0,0.010376278511122305
Cc1c(C)c2c(c(C)c1O)CCC(C)(C(=O)O)O2,0,c1ccc2c(c1)CCCO2,C[C@H]1[C@H](C)CC[C@]2(C(=O)O)CC[C@]3(C)C(=CC[C@@H]4[C@@]5(C)CC[C@H](O)C(C)(C)[C@@H]5CC[C@]43C)[C@H]12,0,C1=C2C3CCCCC3CCC2C2CCC3CCCCC3C2C1,0.15925925925925927,0,0.004217121288129355
COC(=O)[C@H]1[C@H]2C[C@@H]3c4[nH]c5cc(OC)ccc5c4CCN3C[C@H]2C[C@@H](OC(=O)/C=C/c2cc(OC)c(OC)c(OC)c2)[C@@H]1OC,0,O=C(C=Cc1ccccc1)OC1CCC2CC3c4[nH]c5ccccc5c4CCN3CC2C1,COC(=O)C1=CO[C@@H](C)[C@H]2CN3CCc4c([nH]c5ccccc45)[C@@H]3C[C@H]12,0,C1=CC2CC3c4[nH]c5ccccc5c4CCN3CC2CO1,0.3806298276886512,0,0.00022439615370732792
COC(=O)[C@H]1[C@H]2C[C@@H]3c4[nH]c5cc(OC)ccc5c4CCN3C[C@H]2C[C@@H](OC(=O)/C=C/c2cc(OC)c(OC)c(OC)c2)[C@@H]1OC,0,O=C(C=Cc1ccccc1)OC1CCC2CC3c4[nH]c5ccccc5c4CCN3CC2C1,COc1ccc2c3c([nH]c2c1)C(C)=NCC3,0,C1=NCCc2c1[nH]c1ccccc21,0.28787878787878785,0,0.010068558172691413
COC(=O)[C@H]1[C@H]2C[C@@H]3c4[nH]c5cc(OC)ccc5c4CCN3C[C@H]2C[C@@H](OC(=O)/C=C/c2cc(OC)c(OC)c(OC)c2)[C@@H]1OC,0,O=C(C=Cc1ccccc1)OC1CCC2CC3c4[nH]c5ccccc5c4CCN3CC2C1,COc1cc(/C=C/C(=O)N2CCC=CC2=O)cc(OC)c1OC,0,O=C1C=CCCN1C(=O)C=Cc1ccccc1,0.28703296703296705,0,0.0023032900140318364
COC(=O)[C@H]1[C@H]2C[C@@H]3c4[nH]c5cc(OC)ccc5c4CCN3C[C@H]2C[C@@H](OC(=O)/C=C/c2cc(OC)c(OC)c(OC)c2)[C@@H]1OC,0,O=C(C=Cc1ccccc1)OC1CCC2CC3c4[nH]c5ccccc5c4CCN3CC2C1,COc1ccc2[nH]c3c(c2c1)CCN=C3C,0,C1=NCCc2c1[nH]c1ccccc21,0.2356777493606138,0,0.008472895053665037
COc1ccc2[nH]c3c(c2c1)CCN=C3C,0,C1=NCCc2c1[nH]c1ccccc21,COc1ccc2c3c([nH]c2c1)C(C)=NCC3,0,C1=NCCc2c1[nH]c1ccccc21,0.8164705882352943,0,0.0005386427910721608
COc1ccc2[nH]c3c(c2c1)CCN=C3C,0,C1=NCCc2c1[nH]c1ccccc21,CC1=NCCc2c1[nH]c1cc(O)ccc21,0,C1=NCCc2c1[nH]c1ccccc21,0.5675213675213675,0,0.002259682572703602
COc1ccc2[nH]c3c(c2c1)CCN=C3C,0,C1=NCCc2c1[nH]c1ccccc21,COc1ccc2[nH]cc(CCNC(C)=O)c2c1,0,c1ccc2[nH]ccc2c1,0.32993730407523514,0,0.00212590156607732
COc1ccc2[nH]c3c(c2c1)CCN=C3C,0,C1=NCCc2c1[nH]c1ccccc21,COC(=O)[C@H]1[C@H]2C[C@@H]3c4[nH]c5cc(OC)ccc5c4CCN3C[C@H]2C[C@@H](OC(=O)/C=C/c2cc(OC)c(OC)c(OC)c2)[C@@H]1OC,0,O=C(C=Cc1ccccc1)OC1CCC2CC3c4[nH]c5ccccc5c4CCN3CC2C1,0.2356777493606138,0,0.00019194535407809273
COc1ccc2c3c([nH]c2c1)C(C)=NCC3,0,C1=NCCc2c1[nH]c1ccccc21,COc1ccc2[nH]c3c(c2c1)CCN=C3C,0,C1=NCCc2c1[nH]c1ccccc21,0.8164705882352943,0,0.000571657353433401
COc1ccc2c3c([nH]c2c1)C(C)=NCC3,0,C1=NCCc2c1[nH]c1ccccc21,CC1=NCCc2c1[nH]c1cc(O)ccc21,0,C1=NCCc2c1[nH]c1ccccc21,0.6649122807017545,0,0.002305635977483493
COc1ccc2c3c([nH]c2c1)C(C)=NCC3,0,C1=NCCc2c1[nH]c1ccccc21,COC(=O)[C@H]1[C@H]2C[C@@H]3c4[nH]c5cc(OC)ccc5c4CCN3C[C@H]2C[C@@H](OC(=O)/C=C/c2cc(OC)c(OC)c(OC)c2)[C@@H]1OC,0,O=C(C=Cc1ccccc1)OC1CCC2CC3c4[nH]c5ccccc5c4CCN3CC2C1,0.28787878787878785,0,0.00017089358606608401
COc1ccc2c3c([nH]c2c1)C(C)=NCC3,0,C1=NCCc2c1[nH]c1ccccc21,COc1ccc2[nH]cc(CCNC(C)=O)c2c1,0,c1ccc2[nH]ccc2c1,0.28260869565217395,0,0.0021263472633173586
CC1=NCCc2c1[nH]c1cc(O)ccc21,0,C1=NCCc2c1[nH]c1ccccc21,COc1ccc2c3c([nH]c2c1)C(C)=NCC3,0,C1=NCCc2c1[nH]c1ccccc21,0.6649122807017545,0,0.000764171559249723
CC1=NCCc2c1[nH]c1cc(O)ccc21,0,C1=NCCc2c1[nH]c1ccccc21,COc1ccc2[nH]c3c(c2c1)CCN=C3C,0,C1=NCCc2c1[nH]c1ccccc21,0.5675213675213675,0,0.0007172957489448585
CC1=NCCc2c1[nH]c1cc(O)ccc21,0,C1=NCCc2c1[nH]c1ccccc21,Cc1nccc2c1[nH]c1cc(O)ccc12,0,c1ccc2c(c1)[nH]c1cnccc12,0.4002022244691608,0,0.010997779048667314
CC1=NCCc2c1[nH]c1cc(O)ccc21,0,C1=NCCc2c1[nH]c1ccccc21,c1ccc2c3c([nH]c2c1)[C@H]1C2CCC([C@@H]4CCCN[C@H]24)N1CC3,0,c1ccc2c3c([nH]c2c1)C1C2CCC(C4CCCNC42)N1CC3,0.2240318302387268,0,0.00019242773320579732
CC1(O)CCOC(=O)C1,0,O=C1CCCCO1,C=C1C/C(=C/C)C(=O)O[C@@H]2CCN3CC=C(COC(=O)[C@]1(C)O)[C@H]23,0,C=C1CC(=C)C(=O)OC2CCN3CC=C(COC(=O)C1)C23,0.2053501180173092,0,0.00024181580080718482
CC1(O)CCOC(=O)C1,0,O=C1CCCCO1,CC(=O)OCC(=O)[C@@]1(O)CC[C@H]2[C@@H]3CCC4=CC(=O)CC[C@]4(C)C3(F)C(=O)C[C@@]21C,0,O=C1C=C2CCC3C4CCCC4CC(=O)C3C2CC1,0.1937984496124031,0,0.00028213999462068176
CC1(O)CCOC(=O)C1,0,O=C1CCCCO1,C[C@]12CC[C@H](O)C[C@@H]1CC[C@@H]1[C@@H]2CC[C@]2(C)C(=O)CC[C@@H]12,0,O=C1CCC2C1CCC1C3CCCCC3CCC21,0.1864242424242424,0,0.0027388253737446666
CC1(O)CCOC(=O)C1,0,O=C1CCCCO1,Cc1c(C)c2c(c(C)c1O)CCC(C)(C(=O)O)O2,0,c1ccc2c(c1)CCCO2,0.18439024390243905,0,0.018833877100283142
c1ccc2c3c([nH]c2c1)[C@H]1C2CCC([C@@H]4CCCN[C@H]24)N1CC3,0,c1ccc2c3c([nH]c2c1)C1C2CCC(C4CCCNC42)N1CC3,COC(=O)C1=CO[C@@H](C)[C@H]2CN3CCc4c([nH]c5ccccc45)[C@@H]3C[C@H]12,0,C1=CC2CC3c4[nH]c5ccccc5c4CCN3CC2CO1,0.3286935286935287,0,6.1425512453757e-06
c1ccc2c3c([nH]c2c1)[C@H]1C2CCC([C@@H]4CCCN[C@H]24)N1CC3,0,c1ccc2c3c([nH]c2c1)C1C2CCC(C4CCCNC42)N1CC3,COC(=O)[C@H]1[C@H]2C[C@@H]3c4[nH]c5cc(OC)ccc5c4CCN3C[C@H]2C[C@@H](OC(=O)/C=C/c2cc(OC)c(OC)c(OC)c2)[C@@H]1OC,0,O=C(C=Cc1ccccc1)OC1CCC2CC3c4[nH]c5ccccc5c4CCN3CC2C1,0.232,0,3.210253123960171e-05
c1ccc2c3c([nH]c2c1)[C@H]1C2CCC([C@@H]4CCCN[C@H]24)N1CC3,0,c1ccc2c3c([nH]c2c1)C1C2CCC(C4CCCNC42)N1CC3,O=C(c1ccc(F)cc1)C1CCN(CCn2c(=O)[nH]c3ccccc3c2=O)CC1,0,O=C(c1ccccc1)C1CCN(CCn2c(=O)[nH]c3ccccc3c2=O)CC1,0.2251948051948052,0,3.128392969546344e-05
c1ccc2c3c([nH]c2c1)[C@H]1C2CCC([C@@H]4CCCN[C@H]24)N1CC3,0,c1ccc2c3c([nH]c2c1)C1C2CCC(C4CCCNC42)N1CC3,CC1=NCCc2c1[nH]c1cc(O)ccc21,0,C1=NCCc2c1[nH]c1ccccc21,0.2240318302387268,0,0.0005641501660731247
CN1Cc2c(N)cccc2C(c2ccccc2)C1,0,c1ccc(C2CNCc3ccccc32)cc1,CN1CC[C@]23c4ccccc4N[C@H]1[C@]21CCN(C)[C@H]3Nc2ccccc21,0,c1ccc2c(c1)NC1NCCC23C2NCCC13c1ccccc1N2,0.24145299145299148,0,0.0001084822804023215
CN1Cc2c(N)cccc2C(c2ccccc2)C1,0,c1ccc(C2CNCc3ccccc32)cc1,Nc1ccccc1S(N)(=O)=O,0,c1ccccc1,0.23840960240060016,0,0.06670067596064382
CN1Cc2c(N)cccc2C(c2ccccc2)C1,0,c1ccc(C2CNCc3ccccc32)cc1,Cc1c(N)c(=O)n(-c2ccccc2)n1C,0,O=c1cc[nH]n1-c1ccccc1,0.21373817819810853,0,0.1207219060937701
CN1Cc2c(N)cccc2C(c2ccccc2)C1,0,c1ccc(C2CNCc3ccccc32)cc1,CN1CCC(=C2c3ccccc3Sc3ccccc32)CC1,0,c1ccc2c(c1)Sc1ccccc1C2=C1CCNCC1,0.20814479638009048,0,0.007110274421625195
COc1cc2c(c(OC)c1OC)-c1ccc(O)c(=O)cc1[C@@H](N)CC2,0,O=c1cccc2c(c1)CCCc1ccccc1-2,COC1=C[C@@H]2C3=C([C@@H]2C1=O)[C@@H](NC(C)=O)CCc1cc(OC)c(OC)c(OC)c13,0,O=C1C=CC2C3=C(CCCc4ccccc43)C12,0.3754313319530711,0,0.0006945583112835397
COc1cc2c(c(OC)c1OC)-c1ccc(O)c(=O)cc1[C@@H](N)CC2,0,O=c1cccc2c(c1)CCCc1ccccc1-2,COc1ccc(CC2c3cc(OC)c(OC)cc3CCN2C)cc1OC,0,c1ccc(CC2NCCc3ccccc32)cc1,0.25628959276018104,0,0.0020425284180942693
COc1cc2c(c(OC)c1OC)-c1ccc(O)c(=O)cc1[C@@H](N)CC2,0,O=c1cccc2c(c1)CCCc1ccccc1-2,COc1cc2ccc(=O)oc2cc1O,0,O=c1ccc2ccccc2o1,0.252,0,0.03887892020520136
COc1cc2c(c(OC)c1OC)-c1ccc(O)c(=O)cc1[C@@H](N)CC2,0,O=c1cccc2c(c1)CCCc1ccccc1-2,CNCC(O)c1ccc(O)c(OC)c1,0,c1ccccc1,0.2487302676733013,0,0.043028685801086826
CC[C@H]1C2C[C@H]3[C@@H]4N(C)c5ccccc5C45C[C@H](C2[C@H]5O)N3[C@@H]1O,0,c1ccc2c(c1)NC1C3CC4CCN3C3CC21CC43,CN1CC[C@@]2(C)c3cc(O)ccc3N(C)[C@H]12,0,c1ccc2c(c1)NC1NCCC21,0.22870264064293916,0,3.71729154436595e-06
CC[C@H]1C2C[C@H]3[C@@H]4N(C)c5ccccc5C45C[C@H](C2[C@H]5O)N3[C@@H]1O,0,c1ccc2c(c1)NC1C3CC4CCN3C3CC21CC43,CN1CC[C@]23c4ccccc4N[C@H]1[C@]21CCN(C)[C@H]3Nc2ccccc21,0,c1ccc2c(c1)NC1NCCC23C2NCCC13c1ccccc1N2,0.2002358490566038,0,3.0006468603936317e-06
CC[C@H]1C2C[C@H]3[C@@H]4N(C)c5ccccc5C45C[C@H](C2[C@H]5O)N3[C@@H]1O,0,c1ccc2c(c1)NC1C3CC4CCN3C3CC21CC43,CNC(=O)Oc1ccc2c(c1)[C@]1(C)CCN(C)[C@@H]1N2C,0,c1ccc2c(c1)NC1NCCC21,0.1980861244019139,0,2.739782543454271e-07
CC[C@H]1C2C[C@H]3[C@@H]4N(C)c5ccccc5C45C[C@H](C2[C@H]5O)N3[C@@H]1O,0,c1ccc2c(c1)NC1C3CC4CCN3C3CC21CC43,CN1[C@@H]2CC(=O)C[C@H]1[C@H](O)C2,0,O=C1CC2CCC(C1)N2,0.18681548657132893,0,2.104559065212346e-05
CC[C@H](CC[C@@H](C)[C@H]1CC[C@H]2[C@@H]3CC=C4C[C@@H](O)CC[C@]4(C)[C@H]3CC[C@]12C)C(C)C,0,C1=C2CCCCC2C2CCC3CCCC3C2C1,C[C@@H]1CC[C@@]2(NC1)O[C@H]1C[C@H]3[C@@H]4CC=C5C[C@@H](O)CC[C@]5(C)[C@H]4CC[C@]3(C)[C@H]1[C@@H]2C,0,C1=C2CCCCC2C2CCC3C4CC5(CCCCN5)OC4CC3C2C1,0.43916768665850675,0,0.0010266812170478068
CC[C@H](CC[C@@H](C)[C@H]1CC[C@H]2[C@@H]3CC=C4C[C@@H](O)CC[C@]4(C)[C@H]3CC[C@]12C)C(C)C,0,C1=C2CCCCC2C2CCC3CCCC3C2C1,C[C@H](CCC(=O)O)[C@H]1CC[C@H]2[C@@H]3CC[C@@H]4C[C@H](O)CC[C@]4(C)[C@H]3CC[C@]12C,0,C1CCC2C(C1)CCC1C3CCCC3CCC21,0.4165295730513122,0,0.010808374825501347
CC[C@H](CC[C@@H](C)[C@H]1CC[C@H]2[C@@H]3CC=C4C[C@@H](O)CC[C@]4(C)[C@H]3CC[C@]12C)C(C)C,0,C1=C2CCCCC2C2CCC3CCCC3C2C1,C[C@]12CC[C@H](O)C[C@@H]1CC[C@@H]1[C@@H]2CC[C@]2(C)C(=O)CC[C@@H]12,0,O=C1CCC2C1CCC1C3CCCCC3CCC21,0.3201193520886616,0,0.00039920072662361783
CC[C@H](CC[C@@H](C)[C@H]1CC[C@H]2[C@@H]3CC=C4C[C@@H](O)CC[C@]4(C)[C@H]3CC[C@]12C)C(C)C,0,C1=C2CCCCC2C2CCC3CCCC3C2C1,C[C@H]1CC[C@@H]2[C@@H](C)[C@H]3[C@H](C[C@H]4[C@@H]5CC=C6C[C@@H](O[C@@H]7O[C@H](CO)[C@H](O)[C@H](O[C@@H]8O[C@H](CO)[C@@H](O)[C@H](O)[C@H]8O)[C@H]7O[C@@H]7O[C@@H](C)[C@H](O)[C@@H](O)[C@H]7O)CC[C@]6(C)[C@H]5CC[C@]34C)N2C1,0,C1=C2CC(OC3OCCC(OC4CCCCO4)C3OC3CCCCO3)CCC2C2CCC3C(CC4C3CC3CCCCN34)C2C1,0.3008113590263692,0,7.932355099698918e-05
Cc1c(N)c(=O)n(-c2ccccc2)n1C,0,O=c1cc[nH]n1-c1ccccc1,Cc1c(O)c(=O)n(-c2ccccc2)n1C,0,O=c1cc[nH]n1-c1ccccc1,0.6290909090909091,0,0.04334701696719219
Cc1c(N)c(=O)n(-c2ccccc2)n1C,0,O=c1cc[nH]n1-c1ccccc1,Nc1ccccc1S(N)(=O)=O,0,c1ccccc1,0.2154798761609907,0,0.12079992859635535
Cc1c(N)c(=O)n(-c2ccccc2)n1C,0,O=c1cc[nH]n1-c1ccccc1,CN1Cc2c(N)cccc2C(c2ccccc2)C1,0,c1ccc(C2CNCc3ccccc32)cc1,0.21373817819810853,0,0.018895251784587695
Cc1c(N)c(=O)n(-c2ccccc2)n1C,0,O=c1cc[nH]n1-c1ccccc1,COc1ccn(C)c(=O)c1C#N,0,O=c1cccc[nH]1,0.1975473801560758,0,0.017605329261229128
Cc1c(O)c(=O)n(-c2ccccc2)n1C,0,O=c1cc[nH]n1-c1ccccc1,Cc1c(N)c(=O)n(-c2ccccc2)n1C,0,O=c1cc[nH]n1-c1ccccc1,0.6290909090909091,0,0.0726914638839038
Cc1c(O)c(=O)n(-c2ccccc2)n1C,0,O=c1cc[nH]n1-c1ccccc1,O=C1C=CC(=O)c2c1ccc1c2ccc2ccccc21,0,O=C1C=CC(=O)c2c1ccc1c2ccc2ccccc21,0.20813397129186603,0,0.05154821756508192
Cc1c(O)c(=O)n(-c2ccccc2)n1C,0,O=c1cc[nH]n1-c1ccccc1,COc1ccn(C)c(=O)c1C#N,0,O=c1cccc[nH]1,0.1975473801560758,0,0.02258234745075645
Cc1c(O)c(=O)n(-c2ccccc2)n1C,0,O=c1cc[nH]n1-c1ccccc1,CC(=O)c1cc2ccccc2oc1=O,0,O=c1ccc2ccccc2o1,0.1965217391304348,0,0.021777096492672916
Cc1c(N(C)CS(=O)(=O)O)c(=O)n(-c2ccccc2)n1C,1,O=c1cc[nH]n1-c1ccccc1,Cc1c(O)c(=O)n(-c2ccccc2)n1C,0,O=c1cc[nH]n1-c1ccccc1,0.5016100178890877,1,0.9179482953423889
Cc1c(N(C)CS(=O)(=O)O)c(=O)n(-c2ccccc2)n1C,1,O=c1cc[nH]n1-c1ccccc1,Cc1c(N)c(=O)n(-c2ccccc2)n1C,0,O=c1cc[nH]n1-c1ccccc1,0.47412587412587415,1,0.919669314610013
Cc1c(N(C)CS(=O)(=O)O)c(=O)n(-c2ccccc2)n1C,1,O=c1cc[nH]n1-c1ccccc1,CC(=O)c1ccc2c(c1)N(CCCN(C)C)c1ccccc1S2,0,c1ccc2c(c1)Nc1ccccc1S2,0.1946969696969697,1,0.8707458254698262
Cc1c(N(C)CS(=O)(=O)O)c(=O)n(-c2ccccc2)n1C,1,O=c1cc[nH]n1-c1ccccc1,COc1ccn(C)c(=O)c1C#N,0,O=c1cccc[nH]1,0.1863354037267081,1,0.950914650075295
C[C@@H]1NCCc2cc(O)c(O)cc21,0,c1ccc2c(c1)CCNC2,CC(C)NC[C@@H](O)c1ccc(O)c(O)c1,0,c1ccccc1,0.2230014025245442,0,0.07804227616686492
C[C@@H]1NCCc2cc(O)c(O)cc21,0,c1ccc2c(c1)CCNC2,C[C@]12N[C@H](Cc3ccccc31)c1ccccc12,0,c1ccc2c(c1)CC1NC2c2ccccc21,0.2120322817314747,0,0.031002431650842488
C[C@@H]1NCCc2cc(O)c(O)cc21,0,c1ccc2c(c1)CCNC2,COc1cc2c(c(OC)c1OC)-c1ccc(O)c(=O)cc1[C@@H](N)CC2,0,O=c1cccc2c(c1)CCCc1ccccc1-2,0.20526505589614139,0,0.010290380706976432
C[C@@H]1NCCc2cc(O)c(O)cc21,0,c1ccc2c(c1)CCNC2,CC1=NCCc2c1[nH]c1cc(O)ccc21,0,C1=NCCc2c1[nH]c1ccccc21,0.18879551820728294,0,0.03718241044399435
O=c1cc(-c2ccc(O)cc2)oc2c(C3O[C@H](CO)[C@@H](O)[C@H](O)[C@H]3O)c(O)cc(O)c12,0,O=c1cc(-c2ccccc2)oc2c(C3CCCCO3)cccc12,Nc1ncn(C2O[C@H](CO)[C@@H](O)[C@H]2O)c(=O)n1,0,O=c1ncncn1C1CCCO1,0.2626341974338832,0,0.05115326127587966
O=c1cc(-c2ccc(O)cc2)oc2c(C3O[C@H](CO)[C@@H](O)[C@H](O)[C@H]3O)c(O)cc(O)c12,0,O=c1cc(-c2ccccc2)oc2c(C3CCCCO3)cccc12,Nc1ncnc2c1ncn2C1O[C@H](CO)[C@@H](O)[C@@H]1O,0,c1ncc2ncn(C3CCCO3)c2n1,0.2214731009004849,0,0.06860938280232454
O=c1cc(-c2ccc(O)cc2)oc2c(C3O[C@H](CO)[C@@H](O)[C@H](O)[C@H]3O)c(O)cc(O)c12,0,O=c1cc(-c2ccccc2)oc2c(C3CCCCO3)cccc12,O=C(O)[C@H](O)[C@@H](O)[C@H](O[C@@H]1O[C@H](CO)[C@H](O)[C@H](O)[C@H]1O)[C@H](O)CO,0,C1CCOCC1,0.21459100957995578,0,0.02938973958463546
O=c1cc(-c2ccc(O)cc2)oc2c(C3O[C@H](CO)[C@@H](O)[C@H](O)[C@H]3O)c(O)cc(O)c12,0,O=c1cc(-c2ccccc2)oc2c(C3CCCCO3)cccc12,CNc1ncnc2c1ncn2[C@@H]1O[C@H](CO)[C@@H](O)[C@H]1O,0,c1ncc2ncn(C3CCCO3)c2n1,0.20903716216216217,0,0.06959215414941328
CC1=CC(=O)C2=C(C)C[C@H](O)[C@@H]3[C@H](OC(=O)[C@H]3C)[C@@H]12,0,O=C1CC2CCC=C3C(=O)C=CC3C2O1,CC1=CC(=O)C2=C(C)CC[C@@H]3[C@H](OC(=O)[C@H]3C)[C@@H]12,0,O=C1CC2CCC=C3C(=O)C=CC3C2O1,0.6015099519560742,0,0.001656567040381274
CC1=CC(=O)C2=C(C)C[C@H](O)[C@@H]3[C@H](OC(=O)[C@H]3C)[C@@H]12,0,O=C1CC2CCC=C3C(=O)C=CC3C2O1,CN1[C@@H]2CC(=O)C[C@H]1[C@H](O)C2,0,O=C1CC2CCC(C1)N2,0.19196903725205614,0,0.002729346890586319
CC1=CC(=O)C2=C(C)C[C@H](O)[C@@H]3[C@H](OC(=O)[C@H]3C)[C@@H]12,0,O=C1CC2CCC=C3C(=O)C=CC3C2O1,C=C1C(=O)O[C@@H]2[C@H]3O[C@]3(C)CC/C=C(\C)CC[C@@H]12,0,C=C1C(=O)OC2C1CCC=CCCC1OC12,0.18522571819425446,0,0.0004452402404581344
CC1=CC(=O)C2=C(C)C[C@H](O)[C@@H]3[C@H](OC(=O)[C@H]3C)[C@@H]12,0,O=C1CC2CCC=C3C(=O)C=CC3C2O1,C[C@@H]1C(=O)O[C@H]2CC34[C@H]5C[C@@H](C(C)(C)C)[C@]36[C@@H](OC(=O)[C@@H]6O)O[C@@]4(C(=O)O5)[C@]21O,0,O=C1CC2C(CC34C5CCC36CC(=O)OC6OC24C(=O)O5)O1,0.18345864661654135,0,0.0002122418215258127
CC1=CC(=O)C2=C(C)CC[C@@H]3[C@H](OC(=O)[C@H]3C)[C@@H]12,0,O=C1CC2CCC=C3C(=O)C=CC3C2O1,CC1=CC(=O)C2=C(C)C[C@H](O)[C@@H]3[C@H](OC(=O)[C@H]3C)[C@@H]12,0,O=C1CC2CCC=C3C(=O)C=CC3C2O1,0.6015099519560742,0,0.007896196425290315
CC1=CC(=O)C2=C(C)CC[C@@H]3[C@H](OC(=O)[C@H]3C)[C@@H]12,0,O=C1CC2CCC=C3C(=O)C=CC3C2O1,C=C1C(=O)O[C@@H]2[C@H]3O[C@]3(C)CC/C=C(\C)CC[C@@H]12,0,C=C1C(=O)OC2C1CCC=CCCC1OC12,0.23618421052631577,0,0.0005867977636810305
CC1=CC(=O)C2=C(C)CC[C@@H]3[C@H](OC(=O)[C@H]3C)[C@@H]12,0,O=C1CC2CCC=C3C(=O)C=CC3C2O1,C[C@]12CCC(=O)C=C1CC[C@@H]1[C@@H]2C(=O)C[C@]2(C)C(=O)CC[C@@H]12,0,O=C1C=C2CCC3C4CCC(=O)C4CC(=O)C3C2CC1,0.2308998302207131,0,0.0018580663315202275
CC1=CC(=O)C2=C(C)CC[C@@H]3[C@H](OC(=O)[C@H]3C)[C@@H]12,0,O=C1CC2CCC=C3C(=O)C=CC3C2O1,CC(=O)OCC(=O)[C@@]1(O)CC[C@H]2[C@@H]3CCC4=CC(=O)CC[C@]4(C)C3(F)C(=O)C[C@@]21C,0,O=C1C=C2CCC3C4CCCC4CC(=O)C3C2CC1,0.1712244897959184,0,0.0003295592189950739
COC1=C[C@@H]2C3=C([C@@H]2C1=O)[C@@H](NC(C)=O)CCc1cc(OC)c(OC)c(OC)c13,0,O=C1C=CC2C3=C(CCCc4ccccc43)C12,COc1cc2c(c(OC)c1OC)-c1ccc(O)c(=O)cc1[C@@H](N)CC2,0,O=c1cccc2c(c1)CCCc1ccccc1-2,0.3754313319530711,0,0.00018858912669986354
COC1=C[C@@H]2C3=C([C@@H]2C1=O)[C@@H](NC(C)=O)CCc1cc(OC)c(OC)c(OC)c13,0,O=C1C=CC2C3=C(CCCc4ccccc43)C12,COc1cc(/C=C/C(=O)N2CCC=CC2=O)cc(OC)c1OC,0,O=C1C=CCCN1C(=O)C=Cc1ccccc1,0.24309831181727903,0,7.86336712499861e-05
COC1=C[C@@H]2C3=C([C@@H]2C1=O)[C@@H](NC(C)=O)CCc1cc(OC)c(OC)c(OC)c13,0,O=C1C=CC2C3=C(CCCc4ccccc43)C12,COc1ccc(CC2c3cc(OC)c(OC)cc3CCN2C)cc1OC,0,c1ccc(CC2NCCc3ccccc32)cc1,0.21216216216216216,0,0.00017827744376415703
COC1=C[C@@H]2C3=C([C@@H]2C1=O)[C@@H](NC(C)=O)CCc1cc(OC)c(OC)c(OC)c13,0,O=C1C=CC2C3=C(CCCc4ccccc43)C12,COc1cc(N)c(Cl)cc1C(=O)NC1CCN(Cc2ccccc2)CC1,0,O=C(NC1CCN(Cc2ccccc2)CC1)c1ccccc1,0.20347826086956525,0,0.0005668679992453557
C[C@@H]1C(=O)O[C@H]2CC34[C@H]5C[C@@H](C(C)(C)C)[C@]36[C@@H](OC(=O)[C@@H]6O)O[C@@]4(C(=O)O5)[C@]21O,0,O=C1CC2C(CC34C5CCC36CC(=O)OC6OC24C(=O)O5)O1,CC1=CC(=O)C2=C(C)C[C@H](O)[C@@H]3[C@H](OC(=O)[C@H]3C)[C@@H]12,0,O=C1CC2CCC=C3C(=O)C=CC3C2O1,0.18345864661654135,0,0.00011977984607496705
C[C@@H]1C(=O)O[C@H]2CC34[C@H]5C[C@@H](C(C)(C)C)[C@]36[C@@H](OC(=O)[C@@H]6O)O[C@@]4(C(=O)O5)[C@]21O,0,O=C1CC2C(CC34C5CCC36CC(=O)OC6OC24C(=O)O5)O1,CC[C@@H](C)C(=O)O[C@H]1[C@H](O)[C@H]2[C@@H](CN3C[C@@H](C)CC[C@H]3[C@@]2(C)O)C2C[C@]34O[C@@]5(O)[C@@H](OC(=O)[C@](C)(O)CC)CC[C@@]3(C)[C@@H]5[C@@H](OC(C)=O)[C@@H](OC(C)=O)[C@H]4[C@@]21O,0,C1CCN2CC3C(CCC4C3CC35OC6CCCC3C6CCC45)CC2C1,0.16581280788177338,0,2.969152769167937e-06
C[C@@H]1C(=O)O[C@H]2CC34[C@H]5C[C@@H](C(C)(C)C)[C@]36[C@@H](OC(=O)[C@@H]6O)O[C@@]4(C(=O)O5)[C@]21O,0,O=C1CC2C(CC34C5CCC36CC(=O)OC6OC24C(=O)O5)O1,CC1(O)CCOC(=O)C1,0,O=C1CCCCO1,0.16190476190476188,0,0.0002947535295636548
C[C@@H]1C(=O)O[C@H]2CC34[C@H]5C[C@@H](C(C)(C)C)[C@]36[C@@H](OC(=O)[C@@H]6O)O[C@@]4(C(=O)O5)[C@]21O,0,O=C1CC2C(CC34C5CCC36CC(=O)OC6OC24C(=O)O5)O1,C=C1C(=O)O[C@@H]2[C@H]3O[C@]3(C)CC/C=C(\C)CC[C@@H]12,0,C=C1C(=O)OC2C1CCC=CCCC1OC12,0.1531372549019608,0,6.54758441086162e-05
C=C1[C@@H](O)[C@]23C[C@@H]1[C@@H](O)C[C@H]2[C@@]12C4[C@@H]3C[C@@H]1[C@@](C)(CC[C@@H]2O)CN4CC,0,C=C1CC23CC1CCC2C12CCCC4CNC1C3CC42,CCN1C[C@]2(COC)CC[C@H](OC)[C@@]34C1[C@]1(OCO[C@@]15C[C@H](OC)[C@H]1C[C@@H]3[C@@H]5[C@H]1OC)[C@@H](O)[C@H]24,0,C1CC2CNC3C4(C1)C2CC31OCOC12CCC1CC4C2C1,0.23350877192982458,0,9.635431400438e-06
C=C1[C@@H](O)[C@]23C[C@@H]1[C@@H](O)C[C@H]2[C@@]12C4[C@@H]3C[C@@H]1[C@@](C)(CC[C@@H]2O)CN4CC,0,C=C1CC23CC1CCC2C12CCCC4CNC1C3CC42,CCN1C[C@]2(C)CC[C@H](OC)[C@@]34C1[C@]1(OCO[C@@]15C[C@H](OC)[C@H]1C[C@]3(O)[C@@H]5[C@H]1OC)[C@@H](OC(C)=O)[C@H]24,0,C1CC2CNC3C4(C1)C2CC31OCOC12CCC1CC4C2C1,0.21827956989247313,0,3.2028815466745134e-05
C=C1[C@@H](O)[C@]23C[C@@H]1[C@@H](O)C[C@H]2[C@@]12C4[C@@H]3C[C@@H]1[C@@](C)(CC[C@@H]2O)CN4CC,0,C=C1CC23CC1CCC2C12CCCC4CNC1C3CC42,C=C(C)[C@@H]1CC[C@]2(CO)CC[C@]3(C)[C@H](CC[C@@H]4[C@@]5(C)CC[C@H](O)C(C)(C)[C@@H]5CC[C@]43C)[C@@H]12,0,C1CCC2C(C1)CCC1C2CCC2C3CCCC3CCC21,0.21785323110624316,0,0.00044331244042090923
C=C1[C@@H](O)[C@]23C[C@@H]1[C@@H](O)C[C@H]2[C@@]12C4[C@@H]3C[C@@H]1[C@@](C)(CC[C@@H]2O)CN4CC,0,C=C1CC23CC1CCC2C12CCCC4CNC1C3CC42,C=C(C)[C@@H]1CC[C@]2(C(=O)O)CC[C@]3(C)[C@H](CC[C@@H]4[C@@]5(C)CC[C@H](O)C(C)(C)[C@@H]5CC[C@]43C)[C@@H]12,0,C1CCC2C(C1)CCC1C2CCC2C3CCCC3CCC21,0.19607843137254904,0,0.00022139007735740034
CC(=O)C(/N=N\c1ccc(Cl)cc1Cl)C(=O)Nc1ccc(-c2ccc(NC(=O)C(/N=N/c3ccc(Cl)cc3Cl)C(C)=O)c(C)c2)cc1C,1,O=C(CN=Nc1ccccc1)Nc1ccc(-c2ccc(NC(=O)CN=Nc3ccccc3)cc2)cc1,CC(=O)Nc1cc2ccccc2oc1=O,0,O=c1ccc2ccccc2o1,0.19150943396226416,1,0.9532467094173341
CC(=O)C(/N=N\c1ccc(Cl)cc1Cl)C(=O)Nc1ccc(-c2ccc(NC(=O)C(/N=N/c3ccc(Cl)cc3Cl)C(C)=O)c(C)c2)cc1C,1,O=C(CN=Nc1ccccc1)Nc1ccc(-c2ccc(NC(=O)CN=Nc3ccccc3)cc2)cc1,COc1cc(-c2ccc(/N=N/c3ccc4c(S(=O)(=O)O)cc(S(=O)(=O)O)c(N)c4c3O)c(OC)c2)ccc1/N=N/c1ccc2c(S(=O)(=O)O)cc(S(=O)(=O)O)c(N)c2c1O,0,c1ccc2cc(N=Nc3ccc(-c4ccc(N=Nc5ccc6ccccc6c5)cc4)cc3)ccc2c1,0.1807017543859649,1,0.996638726334818
CC(=O)C(/N=N\c1ccc(Cl)cc1Cl)C(=O)Nc1ccc(-c2ccc(NC(=O)C(/N=N/c3ccc(Cl)cc3Cl)C(C)=O)c(C)c2)cc1C,1,O=C(CN=Nc1ccccc1)Nc1ccc(-c2ccc(NC(=O)CN=Nc3ccccc3)cc2)cc1,CCCCCN(CCCCC)C(=O)C(CCC(=O)O)NC(=O)c1ccc(Cl)c(Cl)c1,0,c1ccccc1,0.1735810534912209,1,0.9030755405140272
CC(=O)C(/N=N\c1ccc(Cl)cc1Cl)C(=O)Nc1ccc(-c2ccc(NC(=O)C(/N=N/c3ccc(Cl)cc3Cl)C(C)=O)c(C)c2)cc1C,1,O=C(CN=Nc1ccccc1)Nc1ccc(-c2ccc(NC(=O)CN=Nc3ccccc3)cc2)cc1,COc1ccc2[nH]cc(CCNC(C)=O)c2c1,0,c1ccc2[nH]ccc2c1,0.15388127853881278,1,0.9280731407969129
COc1c2c(nc3ccccc13)OC(C(C)(O)CO)C2,0,c1ccc2nc3c(cc2c1)CCO3,COc1c2ccoc2nc2c(OC)c(OC[C@@H](O)C(C)(C)O)ccc12,0,c1ccc2nc3occc3cc2c1,0.2893617021276596,0,0.0005795622139851429
COc1c2c(nc3ccccc13)OC(C(C)(O)CO)C2,0,c1ccc2nc3c(cc2c1)CCO3,COc1ccc2c(OC)c3ccoc3nc2c1OC,0,c1ccc2nc3occc3cc2c1,0.24800619434765775,0,0.0008406431449726668
COc1c2c(nc3ccccc13)OC(C(C)(O)CO)C2,0,c1ccc2nc3c(cc2c1)CCO3,COc1cc(=O)n(C)c2c(OCC(O)C(C)(C)O)cccc12,0,O=c1ccc2ccccc2[nH]1,0.23725490196078436,0,0.0003206909190182258
COc1c2c(nc3ccccc13)OC(C(C)(O)CO)C2,0,c1ccc2nc3c(cc2c1)CCO3,COc1ccc2[nH]c3c(c2c1)CCN=C3C,0,C1=NCCc2c1[nH]c1ccccc21,0.19886024423337859,0,0.0004054707520617645
CC[C@@H](CO)NC(=O)[C@@H]1C=C2c3cccc4[nH]cc(c34)C[C@H]2N(C)C1,0,C1=C2c3cccc4[nH]cc(c34)CC2NCC1,CN1C[C@H](CO)C=C2c3cccc4[nH]cc(c34)C[C@H]21,0,C1=C2c3cccc4[nH]cc(c34)CC2NCC1,0.621001221001221,0,0.0005581881580544691
CC[C@@H](CO)NC(=O)[C@@H]1C=C2c3cccc4[nH]cc(c34)C[C@H]2N(C)C1,0,C1=C2c3cccc4[nH]cc(c34)CC2NCC1,CC(C)C[C@H]1C(=O)N2CCC[C@H]2[C@]2(O)O[C@](NC(=O)[C@@H]3C=C4c5cccc6[nH]cc(c56)C[C@H]4N(C)C3)(C(C)C)C(=O)N12,0,O=C(NC1OC2C3CCCN3C(=O)CN2C1=O)C1C=C2c3cccc4[nH]cc(c34)CC2NC1,0.5187117046347212,0,0.00011343841860458267
CC[C@@H](CO)NC(=O)[C@@H]1C=C2c3cccc4[nH]cc(c34)C[C@H]2N(C)C1,0,C1=C2c3cccc4[nH]cc(c34)CC2NCC1,CC(C)[C@@]1(NC(=O)[C@@H]2C[C@@H]3c4cccc5[nH]cc(c45)C[C@H]3N(C)C2)O[C@@]2(O)[C@@H]3CCCN3C(=O)[C@H](Cc3ccccc3)N2C1=O,0,O=C(NC1OC2C3CCCN3C(=O)C(Cc3ccccc3)N2C1=O)C1CNC2Cc3c[nH]c4cccc(c34)C2C1,0.3247932864371221,0,7.09607323782797e-05
CC[C@@H](CO)NC(=O)[C@@H]1C=C2c3cccc4[nH]cc(c34)C[C@H]2N(C)C1,0,C1=C2c3cccc4[nH]cc(c34)CC2NCC1,CN1C[C@H](C(=O)N[C@]2(C)O[C@@]3(O)[C@@H]4CCCN4C(=O)[C@H](Cc4ccccc4)N3C2=O)CC2c3cccc4[nH]cc(c34)C[C@H]21,0,O=C(NC1OC2C3CCCN3C(=O)C(Cc3ccccc3)N2C1=O)C1CNC2Cc3c[nH]c4cccc(c34)C2C1,0.32296126401630987,0,8.312458297232365e-05
CN1C[C@H](CO)C=C2c3cccc4[nH]cc(c34)C[C@H]21,0,C1=C2c3cccc4[nH]cc(c34)CC2NCC1,CC[C@@H](CO)NC(=O)[C@@H]1C=C2c3cccc4[nH]cc(c34)C[C@H]2N(C)C1,0,C1=C2c3cccc4[nH]cc(c34)CC2NCC1,0.621001221001221,0,0.001155852083879347
CN1C[C@H](CO)C=C2c3cccc4[nH]cc(c34)C[C@H]21,0,C1=C2c3cccc4[nH]cc(c34)CC2NCC1,CC(C)C[C@H]1C(=O)N2CCC[C@H]2[C@]2(O)O[C@](NC(=O)[C@@H]3C=C4c5cccc6[nH]cc(c56)C[C@H]4N(C)C3)(C(C)C)C(=O)N12,0,O=C(NC1OC2C3CCCN3C(=O)CN2C1=O)C1C=C2c3cccc4[nH]cc(c34)CC2NC1,0.4346497252747253,0,0.00032606656619473304
CN1C[C@H](CO)C=C2c3cccc4[nH]cc(c34)C[C@H]21,0,C1=C2c3cccc4[nH]cc(c34)CC2NCC1,CN1C[C@H](C(=O)N[C@]2(C)O[C@@]3(O)[C@@H]4CCCN4C(=O)[C@H](Cc4ccccc4)N3C2=O)CC2c3cccc4[nH]cc(c34)C[C@H]21,0,O=C(NC1OC2C3CCCN3C(=O)C(Cc3ccccc3)N2C1=O)C1CNC2Cc3c[nH]c4cccc(c34)C2C1,0.2932941176470588,0,0.0002306656509806665
CN1C[C@H](CO)C=C2c3cccc4[nH]cc(c34)C[C@H]21,0,C1=C2c3cccc4[nH]cc(c34)CC2NCC1,CC(C)[C@@]1(NC(=O)[C@@H]2C[C@@H]3c4cccc5[nH]cc(c45)C[C@H]3N(C)C2)O[C@@]2(O)[C@@H]3CCCN3C(=O)[C@H](Cc3ccccc3)N2C1=O,0,O=C(NC1OC2C3CCCN3C(=O)C(Cc3ccccc3)N2C1=O)C1CNC2Cc3c[nH]c4cccc(c34)C2C1,0.2859997185873083,0,0.0002123167541379863
C[C@H](CCC(=O)O)[C@H]1CC[C@H]2[C@@H]3CC[C@@H]4C[C@H](O)CC[C@]4(C)[C@H]3CC[C@]12C,0,C1CCC2C(C1)CCC1C3CCCC3CCC21,C[C@H](CCC(=O)NCC(=O)O)[C@H]1CC[C@H]2[C@@H]3[C@H](O)C[C@@H]4C[C@H](O)CC[C@]4(C)[C@H]3C[C@H](O)[C@]12C,0,C1CCC2C(C1)CCC1C3CCCC3CCC21,0.5121951219512195,0,0.002163804071285555
C[C@H](CCC(=O)O)[C@H]1CC[C@H]2[C@@H]3CC[C@@H]4C[C@H](O)CC[C@]4(C)[C@H]3CC[C@]12C,0,C1CCC2C(C1)CCC1C3CCCC3CCC21,C[C@]12CC[C@H](O)C[C@@H]1CC[C@@H]1[C@@H]2CC[C@]2(C)C(=O)CC[C@@H]12,0,O=C1CCC2C1CCC1C3CCCCC3CCC21,0.5018181818181818,0,0.02788785268832384
C[C@H](CCC(=O)O)[C@H]1CC[C@H]2[C@@H]3CC[C@@H]4C[C@H](O)CC[C@]4(C)[C@H]3CC[C@]12C,0,C1CCC2C(C1)CCC1C3CCCC3CCC21,CC[C@H](CC[C@@H](C)[C@H]1CC[C@H]2[C@@H]3CC=C4C[C@@H](O)CC[C@]4(C)[C@H]3CC[C@]12C)C(C)C,0,C1=C2CCCCC2C2CCC3CCCC3C2C1,0.4165295730513122,0,0.008707552784089422
C[C@H](CCC(=O)O)[C@H]1CC[C@H]2[C@@H]3CC[C@@H]4C[C@H](O)CC[C@]4(C)[C@H]3CC[C@]12C,0,C1CCC2C(C1)CCC1C3CCCC3CCC21,C=C(C)[C@@H]1CC[C@]2(C(=O)O)CC[C@]3(C)[C@H](CC[C@@H]4[C@@]5(C)CC[C@H](O)C(C)(C)[C@@H]5CC[C@]43C)[C@@H]12,0,C1CCC2C(C1)CCC1C2CCC2C3CCCC3CCC21,0.2567854909318324,0,0.0022932321054652395
C[C@H](CCC(=O)NCC(=O)O)[C@H]1CC[C@H]2[C@@H]3[C@H](O)C[C@@H]4C[C@H](O)CC[C@]4(C)[C@H]3C[C@H](O)[C@]12C,0,C1CCC2C(C1)CCC1C3CCCC3CCC21,C[C@H](CCC(=O)O)[C@H]1CC[C@H]2[C@@H]3CC[C@@H]4C[C@H](O)CC[C@]4(C)[C@H]3CC[C@]12C,0,C1CCC2C(C1)CCC1C3CCCC3CCC21,0.5121951219512195,0,0.0013188343722167492
C[C@H](CCC(=O)NCC(=O)O)[C@H]1CC[C@H]2[C@@H]3[C@H](O)C[C@@H]4C[C@H](O)CC[C@]4(C)[C@H]3C[C@H](O)[C@]12C,0,C1CCC2C(C1)CCC1C3CCCC3CCC21,C[C@]12CC[C@H](O)C[C@@H]1CC[C@@H]1[C@@H]2CC[C@]2(C)C(=O)CC[C@@H]12,0,O=C1CCC2C1CCC1C3CCCCC3CCC21,0.30402109426499674,0,0.012672511602915814
C[C@H](CCC(=O)NCC(=O)O)[C@H]1CC[C@H]2[C@@H]3[C@H](O)C[C@@H]4C[C@H](O)CC[C@]4(C)[C@H]3C[C@H](O)[C@]12C,0,C1CCC2C(C1)CCC1C3CCCC3CCC21,CC[C@H](CC[C@@H](C)[C@H]1CC[C@H]2[C@@H]3CC=C4C[C@@H](O)CC[C@]4(C)[C@H]3CC[C@]12C)C(C)C,0,C1=C2CCCCC2C2CCC3CCCC3C2C1,0.2835187057633974,0,0.007926805958378665
C[C@H](CCC(=O)NCC(=O)O)[C@H]1CC[C@H]2[C@@H]3[C@H](O)C[C@@H]4C[C@H](O)CC[C@]4(C)[C@H]3C[C@H](O)[C@]12C,0,C1CCC2C(C1)CCC1C3CCCC3CCC21,C=C(C)[C@@H]1CC[C@]2(C(=O)O)CC[C@]3(C)[C@H](CC[C@@H]4[C@@]5(C)CC[C@H](O)C(C)(C)[C@@H]5CC[C@]43C)[C@@H]12,0,C1CCC2C(C1)CCC1C2CCC2C3CCCC3CCC21,0.2361423220973783,0,0.0018492217187349967
N/C(=N\C(=O)c1nc(Cl)c(N)nc1N)NCc1ccccc1,0,O=C(N=CNCc1ccccc1)c1cnccn1,N=C(N)NCc1cccc(I)c1,0,c1ccccc1,0.2672727272727273,0,0.07854046798277245
N/C(=N\C(=O)c1nc(Cl)c(N)nc1N)NCc1ccccc1,0,O=C(N=CNCc1ccccc1)c1cnccn1,O=C(O)CNC(=O)C(CS)Cc1ccccc1,0,c1ccccc1,0.2612987012987013,0,0.0027656714799431156
N/C(=N\C(=O)c1nc(Cl)c(N)nc1N)NCc1ccccc1,0,O=C(N=CNCc1ccccc1)c1cnccn1,COc1cc(N)c(Cl)cc1C(=O)NC1CCN(Cc2ccccc2)CC1,0,O=C(NC1CCN(Cc2ccccc2)CC1)c1ccccc1,0.22505362505362506,0,0.06497371127579402
N/C(=N\C(=O)c1nc(Cl)c(N)nc1N)NCc1ccccc1,0,O=C(N=CNCc1ccccc1)c1cnccn1,c1ccc(CNc2ncnc3nc[nH]c23)cc1,0,c1ccc(CNc2ncnc3nc[nH]c23)cc1,0.20752884031572555,0,0.017204182504561783
Nc1ccc(/N=N/c2ccc(-c3ccc(/N=N/c4c(S(=O)(=O)O)cc5cc(S(=O)(=O)O)c(/N=N/c6ccccc6)c(O)c5c4N)cc3)cc2)c(N)c1,1,c1ccc(N=Nc2ccc(-c3ccc(N=Nc4ccc5ccc(N=Nc6ccccc6)cc5c4)cc3)cc2)cc1,COc1cc(-c2ccc(/N=N/c3ccc4c(S(=O)(=O)O)cc(S(=O)(=O)O)c(N)c4c3O)c(OC)c2)ccc1/N=N/c1ccc2c(S(=O)(=O)O)cc(S(=O)(=O)O)c(N)c2c1O,0,c1ccc2cc(N=Nc3ccc(-c4ccc(N=Nc5ccc6ccccc6c5)cc4)cc3)ccc2c1,0.3855362946912243,1,0.9998059726325397
Nc1ccc(/N=N/c2ccc(-c3ccc(/N=N/c4c(S(=O)(=O)O)cc5cc(S(=O)(=O)O)c(/N=N/c6ccccc6)c(O)c5c4N)cc3)cc2)c(N)c1,1,c1ccc(N=Nc2ccc(-c3ccc(N=Nc4ccc5ccc(N=Nc6ccccc6)cc5c4)cc3)cc2)cc1,Nc1ccccc1S(N)(=O)=O,0,c1ccccc1,0.20807043286867205,1,0.9970358695147208
Nc1ccc(/N=N/c2ccc(-c3ccc(/N=N/c4c(S(=O)(=O)O)cc5cc(S(=O)(=O)O)c(/N=N/c6ccccc6)c(O)c5c4N)cc3)cc2)c(N)c1,1,c1ccc(N=Nc2ccc(-c3ccc(N=Nc4ccc5ccc(N=Nc6ccccc6)cc5c4)cc3)cc2)cc1,Nc1c(O)cccc1C(=O)CC(N)C(=O)O,0,c1ccccc1,0.18320292123109025,1,0.9916315200895249
Nc1ccc(/N=N/c2ccc(-c3ccc(/N=N/c4c(S(=O)(=O)O)cc5cc(S(=O)(=O)O)c(/N=N/c6ccccc6)c(O)c5c4N)cc3)cc2)c(N)c1,1,c1ccc(N=Nc2ccc(-c3ccc(N=Nc4ccc5ccc(N=Nc6ccccc6)cc5c4)cc3)cc2)cc1,CC(=O)[N]([Na])S(=O)(=O)c1ccc(N)cc1,0,c1ccccc1,0.16734328358208955,1,0.9997185378644471
CC(=O)OCC(=O)[C@@]1(O)CC[C@H]2[C@@H]3CCC4=CC(=O)CC[C@]4(C)C3(F)C(=O)C[C@@]21C,0,O=C1C=C2CCC3C4CCCC4CC(=O)C3C2CC1,C[C@]12CCC(=O)C=C1CC[C@@H]1[C@@H]2C(=O)C[C@]2(C)C(=O)CC[C@@H]12,0,O=C1C=C2CCC3C4CCC(=O)C4CC(=O)C3C2CC1,0.34359937402190927,0,0.0013576321173222221
CC(=O)OCC(=O)[C@@]1(O)CC[C@H]2[C@@H]3CCC4=CC(=O)CC[C@]4(C)C3(F)C(=O)C[C@@]21C,0,O=C1C=C2CCC3C4CCCC4CC(=O)C3C2CC1,C[C@]12CC[C@H](O)C[C@@H]1CC[C@@H]1[C@@H]2CC[C@]2(C)C(=O)CC[C@@H]12,0,O=C1CCC2C1CCC1C3CCCCC3CCC21,0.2396666666666667,0,0.0006221282607367403
CC(=O)OCC(=O)[C@@]1(O)CC[C@H]2[C@@H]3CCC4=CC(=O)CC[C@]4(C)C3(F)C(=O)C[C@@]21C,0,O=C1C=C2CCC3C4CCCC4CC(=O)C3C2CC1,CC1(O)CCOC(=O)C1,0,O=C1CCCCO1,0.1937984496124031,0,0.0028266322796936137
CC(=O)OCC(=O)[C@@]1(O)CC[C@H]2[C@@H]3CCC4=CC(=O)CC[C@]4(C)C3(F)C(=O)C[C@@]21C,0,O=C1C=C2CCC3C4CCCC4CC(=O)C3C2CC1,CC[C@H](CC[C@@H](C)[C@H]1CC[C@H]2[C@@H]3CC=C4C[C@@H](O)CC[C@]4(C)[C@H]3CC[C@]12C)C(C)C,0,C1=C2CCCCC2C2CCC3CCCC3C2C1,0.1906593406593407,0,0.0006053217794366251
CC(C)=CCC/C(C)=C/CC1=C(C)C(=O)c2ccccc2C1=O,0,O=C1C=CC(=O)c2ccccc21,CC(=O)c1cc2ccccc2oc1=O,0,O=c1ccc2ccccc2o1,0.19551656920077973,0,0.02381276319008206
CC(C)=CCC/C(C)=C/CC1=C(C)C(=O)c2ccccc2C1=O,0,O=C1C=CC(=O)c2ccccc21,O=C1C=CC(=O)c2c1ccc1c2ccc2ccccc21,0,O=C1C=CC(=O)c2c1ccc1c2ccc2ccccc21,0.18733137829912022,0,0.010950995892627066
CC(C)=CCC/C(C)=C/CC1=C(C)C(=O)c2ccccc2C1=O,0,O=C1C=CC(=O)c2ccccc21,Cc1c(N)c(=O)n(-c2ccccc2)n1C,0,O=c1cc[nH]n1-c1ccccc1,0.17475292003593892,0,0.07728389450363761
CC(C)=CCC/C(C)=C/CC1=C(C)C(=O)c2ccccc2C1=O,0,O=C1C=CC(=O)c2ccccc21,Cc1c(O)c(=O)n(-c2ccccc2)n1C,0,O=c1cc[nH]n1-c1ccccc1,0.17475292003593892,0,0.06123505599803414
CO[C@@]1(NC(=O)[C@H](C(=O)O)c2ccc(O)cc2)C(=O)N2C(C(=O)O)=C(CSc3nnnn3C)CO[C@@H]21,0,O=C(Cc1ccccc1)NC1C(=O)N2C=C(CSc3nnn[nH]3)COC12,CO[C@@]1(NC(=O)CSCC#N)C(=O)N2C(C(=O)O)=C(CSc3nnnn3C)CS[C@@H]21,0,O=C1CC2SCC(CSc3nnn[nH]3)=CN12,0.5089878542510122,0,4.070330528405649e-05
CO[C@@]1(NC(=O)[C@H](C(=O)O)c2ccc(O)cc2)C(=O)N2C(C(=O)O)=C(CSc3nnnn3C)CO[C@@H]21,0,O=C(Cc1ccccc1)NC1C(=O)N2C=C(CSc3nnn[nH]3)COC12,Cn1nnnc1SCC1=C(C(=O)O)N2C(=O)[C@@H](NC(=O)[C@H](O)c3ccccc3)[C@H]2SC1,0,O=C(Cc1ccccc1)NC1C(=O)N2C=C(CSc3nnn[nH]3)CSC12,0.4621646623496763,0,0.0001561597596736539
CO[C@@]1(NC(=O)[C@H](C(=O)O)c2ccc(O)cc2)C(=O)N2C(C(=O)O)=C(CSc3nnnn3C)CO[C@@H]21,0,O=C(Cc1ccccc1)NC1C(=O)N2C=C(CSc3nnn[nH]3)COC12,CO[C@@]1(NC(=O)Cc2cccs2)C(=O)N2C(C(=O)O)=C(COC(N)=O)CS[C@@H]21,0,O=C(Cc1cccs1)NC1C(=O)N2C=CCSC12,0.3372112211221122,0,4.242316018514546e-05
CO[C@@]1(NC(=O)[C@H](C(=O)O)c2ccc(O)cc2)C(=O)N2C(C(=O)O)=C(CSc3nnnn3C)CO[C@@H]21,0,O=C(Cc1ccccc1)NC1C(=O)N2C=C(CSc3nnn[nH]3)COC12,CC(=O)OCC1=C(C(=O)O)N2C(=O)[C@@H](NC(=O)Cc3cccs3)[C@H]2SC1,0,O=C(Cc1cccs1)NC1C(=O)N2C=CCSC12,0.24530744336569582,0,0.00011648551409342073
C[C@@H]1CC[C@@]2(NC1)O[C@H]1C[C@H]3[C@@H]4CC=C5C[C@@H](O)CC[C@]5(C)[C@H]4CC[C@]3(C)[C@H]1[C@@H]2C,0,C1=C2CCCCC2C2CCC3C4CC5(CCCCN5)OC4CC3C2C1,CC[C@H](CC[C@@H](C)[C@H]1CC[C@H]2[C@@H]3CC=C4C[C@@H](O)CC[C@]4(C)[C@H]3CC[C@]12C)C(C)C,0,C1=C2CCCCC2C2CCC3CCCC3C2C1,0.43916768665850675,0,0.0007813459651776154
C[C@@H]1CC[C@@]2(NC1)O[C@H]1C[C@H]3[C@@H]4CC=C5C[C@@H](O)CC[C@]5(C)[C@H]4CC[C@]3(C)[C@H]1[C@@H]2C,0,C1=C2CCCCC2C2CCC3C4CC5(CCCCN5)OC4CC3C2C1,C[C@H]1CC[C@@H]2[C@@H](C)[C@H]3[C@H](C[C@H]4[C@@H]5CC=C6C[C@@H](O[C@@H]7O[C@H](CO)[C@H](O)[C@H](O[C@@H]8O[C@H](CO)[C@@H](O)[C@H](O)[C@H]8O)[C@H]7O[C@@H]7O[C@@H](C)[C@H](O)[C@@H](O)[C@H]7O)CC[C@]6(C)[C@H]5CC[C@]34C)N2C1,0,C1=C2CC(OC3OCCC(OC4CCCCO4)C3OC3CCCCO3)CCC2C2CCC3C(CC4C3CC3CCCCN34)C2C1,0.34588443919018763,0,2.3126346429393647e-05
C[C@@H]1CC[C@@]2(NC1)O[C@H]1C[C@H]3[C@@H]4CC=C5C[C@@H](O)CC[C@]5(C)[C@H]4CC[C@]3(C)[C@H]1[C@@H]2C,0,C1=C2CCCCC2C2CCC3C4CC5(CCCCN5)OC4CC3C2C1,C[C@]12CC[C@H](O)C[C@@H]1CC[C@@H]1[C@@H]2CC[C@]2(C)C(=O)CC[C@@H]12,0,O=C1CCC2C1CCC1C3CCCCC3CCC21,0.28874329958308514,0,0.0012102542528562032
C[C@@H]1CC[C@@]2(NC1)O[C@H]1C[C@H]3[C@@H]4CC=C5C[C@@H](O)CC[C@]5(C)[C@H]4CC[C@]3(C)[C@H]1[C@@H]2C,0,C1=C2CCCCC2C2CCC3C4CC5(CCCCN5)OC4CC3C2C1,C[C@H](CCC(=O)O)[C@H]1CC[C@H]2[C@@H]3CC[C@@H]4C[C@H](O)CC[C@]4(C)[C@H]3CC[C@]12C,0,C1CCC2C(C1)CCC1C3CCCC3CCC21,0.22990476190476192,0,0.0006371054037399307
O=C(O)C1=NN(c2ccc(S(=O)(=O)O)cc2)C(=O)C1/N=N/c1ccc(S(=O)(=O)O)cc1,1,O=C1C(N=Nc2ccccc2)C=NN1c1ccccc1,COc1cc(-c2ccc(/N=N/c3ccc4c(S(=O)(=O)O)cc(S(=O)(=O)O)c(N)c4c3O)c(OC)c2)ccc1/N=N/c1ccc2c(S(=O)(=O)O)cc(S(=O)(=O)O)c(N)c2c1O,0,c1ccc2cc(N=Nc3ccc(-c4ccc(N=Nc5ccc6ccccc6c5)cc4)cc3)ccc2c1,0.178,1,0.9999787736003938
O=C(O)C1=NN(c2ccc(S(=O)(=O)O)cc2)C(=O)C1/N=N/c1ccc(S(=O)(=O)O)cc1,1,O=C1C(N=Nc2ccccc2)C=NN1c1ccccc1,Cn1nnnc1SCC1=C(C(=O)O)N2C(=O)[C@@H](NC(=O)[C@H](O)c3ccccc3)[C@H]2SC1,0,O=C(Cc1ccccc1)NC1C(=O)N2C=C(CSc3nnn[nH]3)CSC12,0.17117117117117117,1,0.9697365456527633
O=C(O)C1=NN(c2ccc(S(=O)(=O)O)cc2)C(=O)C1/N=N/c1ccc(S(=O)(=O)O)cc1,1,O=C1C(N=Nc2ccccc2)C=NN1c1ccccc1,CC(=O)[N]([Na])S(=O)(=O)c1ccc(N)cc1,0,c1ccccc1,0.1696357735304724,1,0.9999611619877726
O=C(O)C1=NN(c2ccc(S(=O)(=O)O)cc2)C(=O)C1/N=N/c1ccc(S(=O)(=O)O)cc1,1,O=C1C(N=Nc2ccccc2)C=NN1c1ccccc1,CC1(C)S[C@@H]2[C@H](NC(=O)[C@H](NC(=O)N3CCNC3=O)c3ccccc3)C(=O)N2[C@H]1C(=O)O,0,O=C(NC1C(=O)N2CCSC12)C(NC(=O)N1CCNC1=O)c1ccccc1,0.16400715563506263,1,0.9655857291829243
COc1cc(=O)n(C)c2c(OCC(O)C(C)(C)O)cccc12,0,O=c1ccc2ccccc2[nH]1,COc1c2ccoc2nc2c(OC)c(OC[C@@H](O)C(C)(C)O)ccc12,0,c1ccc2nc3occc3cc2c1,0.4144322344322345,0,0.0005786726703234103
COc1cc(=O)n(C)c2c(OCC(O)C(C)(C)O)cccc12,0,O=c1ccc2ccccc2[nH]1,COc1ccc(C[C@@](C)(N)C(=O)O)cc1OC,0,c1ccccc1,0.23921568627450981,0,0.006249817530402084
COc1cc(=O)n(C)c2c(OCC(O)C(C)(C)O)cccc12,0,O=c1ccc2ccccc2[nH]1,COc1cc2ccc(=O)oc2cc1O,0,O=c1ccc2ccccc2o1,0.23855072463768118,0,0.0028636910467515556
COc1cc(=O)n(C)c2c(OCC(O)C(C)(C)O)cccc12,0,O=c1ccc2ccccc2[nH]1,COc1ccn(C)c(=O)c1C#N,0,O=c1cccc[nH]1,0.23840125391849531,0,0.0066966784404104696
CN[C@H]1[C@@H](O)[C@H](O[C@H]2[C@@H](O)[C@@H](OC3OC(CN)=CCC3N)[C@H](N)C[C@@H]2N)OC[C@@]1(C)O,0,C1=COC(OC2CCCC(OC3CCCCO3)C2)CC1,CN[C@@H]1[C@@H](O)[C@@H](O[C@@H]2[C@@H](O)[C@H](O[C@H]3O[C@H]([C@@H](C)NC)CC[C@H]3N)[C@@H](N)C[C@H]2N)OC[C@]1(C)O,0,C1CCC(OC2CCCC(OC3CCCCO3)C2)OC1,0.5794801641586868,0,0.0001813433925440579
CN[C@H]1[C@@H](O)[C@H](O[C@H]2[C@@H](O)[C@@H](OC3OC(CN)=CCC3N)[C@H](N)C[C@@H]2N)OC[C@@]1(C)O,0,C1=COC(OC2CCCC(OC3CCCCO3)C2)CC1,NC[C@@H]1O[C@H](O[C@H]2[C@@H](O)[C@H](O[C@@H]3[C@@H](O)[C@H](N)C[C@H](N)[C@H]3O[C@H]3O[C@H](CN)[C@@H](O)[C@H](O)[C@H]3N)O[C@@H]2CO)[C@H](N)[C@@H](O)[C@@H]1O,0,C1CCC(OC2COC(OC3CCCCC3OC3CCCCO3)C2)OC1,0.2718974358974359,0,0.00015779980197502382
CN[C@H]1[C@@H](O)[C@H](O[C@H]2[C@@H](O)[C@@H](OC3OC(CN)=CCC3N)[C@H](N)C[C@@H]2N)OC[C@@]1(C)O,0,C1=COC(OC2CCCC(OC3CCCCO3)C2)CC1,CN[C@@H]1[C@H](O[C@H]2[C@H](O[C@@H]3[C@@H](O)[C@H](O)[C@@H](NC(=N)N)[C@H](O)[C@H]3NC(=N)N)O[C@@H](C)[C@]2(O)CO)O[C@@H](CO)[C@H](O)[C@H]1O,0,C1CCC(OC2OCCC2OC2CCCCO2)CC1,0.21847507331378302,0,0.000412226395535048
CN[C@H]1[C@@H](O)[C@H](O[C@H]2[C@@H](O)[C@@H](OC3OC(CN)=CCC3N)[C@H](N)C[C@@H]2N)OC[C@@]1(C)O,0,C1=COC(OC2CCCC(OC3CCCCO3)C2)CC1,CN[C@@H]1[C@H](O[C@H]2[C@H](O[C@@H]3[C@@H](O)[C@H](O)[C@@H](NC(=N)N)[C@H](O)[C@H]3NC(=N)N)O[C@@H](C)[C@]2(O)C=O)O[C@@H](CO)[C@H](O)[C@H]1O,0,C1CCC(OC2OCCC2OC2CCCCO2)CC1,0.2096467391304348,0,0.0008318395149429451
c1ccc(CNc2ncnc3nc[nH]c23)cc1,0,c1ccc(CNc2ncnc3nc[nH]c23)cc1,CNC(C)(C)Cc1ccccc1,0,c1ccccc1,0.21866028708133972,0,0.016205563957892487
c1ccc(CNc2ncnc3nc[nH]c23)cc1,0,c1ccc(CNc2ncnc3nc[nH]c23)cc1,N/C(=N\C(=O)c1nc(Cl)c(N)nc1N)NCc1ccccc1,0,O=C(N=CNCc1ccccc1)c1cnccn1,0.20752884031572555,0,0.03274722626283698
c1ccc(CNc2ncnc3nc[nH]c23)cc1,0,c1ccc(CNc2ncnc3nc[nH]c23)cc1,Cc1nccc2c1[nH]c1ccccc12,0,c1ccc2c(c1)[nH]c1cnccc12,0.20186046511627911,0,0.011356001383434773
c1ccc(CNc2ncnc3nc[nH]c23)cc1,0,c1ccc(CNc2ncnc3nc[nH]c23)cc1,CC(Cc1ccccc1)NCCC(c1ccccc1)c1ccccc1,0,c1ccc(CCNCCC(c2ccccc2)c2ccccc2)cc1,0.18868092691622104,0,0.019729007231226274
CCCOc1ccccc1-c1nc(=O)c2[nH]nnc2[nH]1,0,O=c1nc(-c2ccccc2)[nH]c2nn[nH]c12,Nc1nc2[nH]nnc2c(=O)[nH]1,0,O=c1[nH]cnc2[nH]nnc12,0.2175824175824176,0,0.047731774988462955
CCCOc1ccccc1-c1nc(=O)c2[nH]nnc2[nH]1,0,O=c1nc(-c2ccccc2)[nH]c2nn[nH]c12,Cc1nccc2c1[nH]c1ccccc12,0,c1ccc2c(c1)[nH]c1cnccc12,0.18311480652382475,0,0.03368770362865655
CCCOc1ccccc1-c1nc(=O)c2[nH]nnc2[nH]1,0,O=c1nc(-c2ccccc2)[nH]c2nn[nH]c12,COc1cc(=O)n(C)c2c(OCC(O)C(C)(C)O)cccc12,0,O=c1ccc2ccccc2[nH]1,0.1771873568483738,0,0.0028626251837455983
CCCOc1ccccc1-c1nc(=O)c2[nH]nnc2[nH]1,0,O=c1nc(-c2ccccc2)[nH]c2nn[nH]c12,CCOc1ccc2c(c1)C(C)=CC(C)(C)N2,0,C1=Cc2ccccc2NC1,0.17538461538461542,0,0.004505995571542505
CC[C@@H](C)C(=O)O[C@H]1[C@H](O)[C@H]2[C@@H](CN3C[C@@H](C)CC[C@H]3[C@@]2(C)O)C2C[C@]34O[C@@]5(O)[C@@H](OC(=O)[C@](C)(O)CC)CC[C@@]3(C)[C@@H]5[C@@H](OC(C)=O)[C@@H](OC(C)=O)[C@H]4[C@@]21O,0,C1CCN2CC3C(CCC4C3CC35OC6CCCC3C6CCC45)CC2C1,CCN1C[C@]2(C)CC[C@H](OC)[C@@]34C1[C@]1(OCO[C@@]15C[C@H](OC)[C@H]1C[C@]3(O)[C@@H]5[C@H]1OC)[C@@H](OC(C)=O)[C@H]24,0,C1CC2CNC3C4(C1)C2CC31OCOC12CCC1CC4C2C1,0.26440242763772176,0,1.7943383839381078e-06
CC[C@@H](C)C(=O)O[C@H]1[C@H](O)[C@H]2[C@@H](CN3C[C@@H](C)CC[C@H]3[C@@]2(C)O)C2C[C@]34O[C@@]5(O)[C@@H](OC(=O)[C@](C)(O)CC)CC[C@@]3(C)[C@@H]5[C@@H](OC(C)=O)[C@@H](OC(C)=O)[C@H]4[C@@]21O,0,C1CCN2CC3C(CCC4C3CC35OC6CCCC3C6CCC45)CC2C1,CCN1C[C@]2(COC)CC[C@H](OC)[C@@]34C1[C@]1(OCO[C@@]15C[C@H](OC)[C@H]1C[C@@H]3[C@@H]5[C@H]1OC)[C@@H](O)[C@H]24,0,C1CC2CNC3C4(C1)C2CC31OCOC12CCC1CC4C2C1,0.20747028862478778,0,9.569230839191284e-06
CC[C@@H](C)C(=O)O[C@H]1[C@H](O)[C@H]2[C@@H](CN3C[C@@H](C)CC[C@H]3[C@@]2(C)O)C2C[C@]34O[C@@]5(O)[C@@H](OC(=O)[C@](C)(O)CC)CC[C@@]3(C)[C@@H]5[C@@H](OC(C)=O)[C@@H](OC(C)=O)[C@H]4[C@@]21O,0,C1CCN2CC3C(CCC4C3CC35OC6CCCC3C6CCC45)CC2C1,CO[C@H](C)C(O)(C(=O)OCC1=CCN2CC[C@H](O)[C@@H]12)C(C)C,0,C1=CC2CCCN2C1,0.19281928987811342,0,3.843344973027309e-05
CC[C@@H](C)C(=O)O[C@H]1[C@H](O)[C@H]2[C@@H](CN3C[C@@H](C)CC[C@H]3[C@@]2(C)O)C2C[C@]34O[C@@]5(O)[C@@H](OC(=O)[C@](C)(O)CC)CC[C@@]3(C)[C@@H]5[C@@H](OC(C)=O)[C@@H](OC(C)=O)[C@H]4[C@@]21O,0,C1CCN2CC3C(CCC4C3CC35OC6CCCC3C6CCC45)CC2C1,C[C@H]1CC[C@@H]2[C@@H](C)[C@H]3[C@H](C[C@H]4[C@@H]5CC=C6C[C@@H](O[C@@H]7O[C@H](CO)[C@H](O)[C@H](O[C@@H]8O[C@H](CO)[C@@H](O)[C@H](O)[C@H]8O)[C@H]7O[C@@H]7O[C@@H](C)[C@H](O)[C@@H](O)[C@H]7O)CC[C@]6(C)[C@H]5CC[C@]34C)N2C1,0,C1=C2CC(OC3OCCC(OC4CCCCO4)C3OC3CCCCO3)CCC2C2CCC3C(CC4C3CC3CCCCN34)C2C1,0.1893490085979997,0,1.4602663166111383e-06
CN1[C@@H]2CC(=O)C[C@H]1[C@H](O)C2,0,O=C1CC2CCC(C1)N2,CN1C2CCCC1CC(=O)C2,0,O=C1CC2CCCC(C1)N2,0.485099846390169,0,0.0016182691018703324
CN1[C@@H]2CC(=O)C[C@H]1[C@H](O)C2,0,O=C1CC2CCC(C1)N2,CN1[C@@H](CC(=O)c2ccccc2)CCC[C@H]1C[C@H](O)c1ccccc1,0,O=C(CC1CCCC(CCc2ccccc2)N1)c1ccccc1,0.2187363834422658,0,0.004593031626481427
CN1[C@@H]2CC(=O)C[C@H]1[C@H](O)C2,0,O=C1CC2CCC(C1)N2,CO[C@H](C)C(O)(C(=O)OCC1=CCN2CC[C@H](O)[C@@H]12)C(C)C,0,C1=CC2CCCN2C1,0.21116279069767446,0,0.0005221743960489922
CN1[C@@H]2CC(=O)C[C@H]1[C@H](O)C2,0,O=C1CC2CCC(C1)N2,CC1=CC(=O)C2=C(C)C[C@H](O)[C@@H]3[C@H](OC(=O)[C@H]3C)[C@@H]12,0,O=C1CC2CCC=C3C(=O)C=CC3C2O1,0.19196903725205614,0,0.005612333370384331
CO[C@H](C)C(O)(C(=O)OCC1=CCN2CC[C@H](O)[C@@H]12)C(C)C,0,C1=CC2CCCN2C1,C=C1C/C(=C/C)C(=O)O[C@@H]2CCN3CC=C(COC(=O)[C@]1(C)O)[C@H]23,0,C=C1CC(=C)C(=O)OC2CCN3CC=C(COC(=O)C1)C23,0.2809447128287708,0,0.0008194223829977376
CO[C@H](C)C(O)(C(=O)OCC1=CCN2CC[C@H](O)[C@@H]12)C(C)C,0,C1=CC2CCCN2C1,CN1[C@@H]2CC(=O)C[C@H]1[C@H](O)C2,0,O=C1CC2CCC(C1)N2,0.21116279069767446,0,0.0035924122438457523
CO[C@H](C)C(O)(C(=O)OCC1=CCN2CC[C@H](O)[C@@H]12)C(C)C,0,C1=CC2CCCN2C1,CC[C@@H](C)C(=O)O[C@H]1[C@H](O)[C@H]2[C@@H](CN3C[C@@H](C)CC[C@H]3[C@@]2(C)O)C2C[C@]34O[C@@]5(O)[C@@H](OC(=O)[C@](C)(O)CC)CC[C@@]3(C)[C@@H]5[C@@H](OC(C)=O)[C@@H](OC(C)=O)[C@H]4[C@@]21O,0,C1CCN2CC3C(CCC4C3CC35OC6CCCC3C6CCC45)CC2C1,0.19281928987811342,0,5.519049158780373e-06
CO[C@H](C)C(O)(C(=O)OCC1=CCN2CC[C@H](O)[C@@H]12)C(C)C,0,C1=CC2CCCN2C1,CC(=O)OCC(=O)[C@@]1(O)CC[C@H]2[C@@H]3CCC4=CC(=O)CC[C@]4(C)C3(F)C(=O)C[C@@]21C,0,O=C1C=C2CCC3C4CCCC4CC(=O)C3C2CC1,0.17812018489984593,0,7.186064837495677e-05
CC(C)CCCCC(=O)NC(CCN)C(=O)NC(C(=O)NC(CCN)C(=O)NC1CCNC(=O)C(C(C)O)NC(=O)C(CCN)NC(=O)C(CCN)NC(=O)C(C(C)C)CNC(=O)C(CC(C)C)NC(=O)C(CCN)NC1=O)C(C)O,0,O=C1CCCNC(=O)CNC(=O)CNC(=O)CNC(=O)CCNC(=O)CNC(=O)CN1,CN(C)[C@@H]1C(O)=C(C(=O)NCNC(CCCCN)C(=O)O)C(=O)[C@@]2(O)C(O)=C3C(=O)c4c(O)cccc4[C@@](C)(O)[C@H]3C[C@@H]12,0,O=C1C2=CC3C(=O)C=CCC3CC2Cc2ccccc21,0.16941176470588237,0,4.087430778712105e-06
CC(C)CCCCC(=O)NC(CCN)C(=O)NC(C(=O)NC(CCN)C(=O)NC1CCNC(=O)C(C(C)O)NC(=O)C(CCN)NC(=O)C(CCN)NC(=O)C(C(C)C)CNC(=O)C(CC(C)C)NC(=O)C(CCN)NC1=O)C(C)O,0,O=C1CCCNC(=O)CNC(=O)CNC(=O)CNC(=O)CCNC(=O)CNC(=O)CN1,CC(C)C[C@H]1C(=O)N2CCC[C@H]2[C@]2(O)O[C@](NC(=O)[C@@H]3C=C4c5cccc6[nH]cc(c56)C[C@H]4N(C)C3)(C(C)C)C(=O)N12,0,O=C(NC1OC2C3CCCN3C(=O)CN2C1=O)C1C=C2c3cccc4[nH]cc(c34)CC2NC1,0.16572204310198543,0,3.788759457433719e-05
CC(C)CCCCC(=O)NC(CCN)C(=O)NC(C(=O)NC(CCN)C(=O)NC1CCNC(=O)C(C(C)O)NC(=O)C(CCN)NC(=O)C(CCN)NC(=O)C(C(C)C)CNC(=O)C(CC(C)C)NC(=O)C(CCN)NC1=O)C(C)O,0,O=C1CCCNC(=O)CNC(=O)CNC(=O)CNC(=O)CCNC(=O)CNC(=O)CN1,CC1(C)S[C@@H]2[C@H](NC(=O)[C@H](NC(=O)N3CCNC3=O)c3ccccc3)C(=O)N2[C@H]1C(=O)O,0,O=C(NC1C(=O)N2CCSC12)C(NC(=O)N1CCNC1=O)c1ccccc1,0.1578512396694215,0,0.000640899314360158
CC(C)CCCCC(=O)NC(CCN)C(=O)NC(C(=O)NC(CCN)C(=O)NC1CCNC(=O)C(C(C)O)NC(=O)C(CCN)NC(=O)C(CCN)NC(=O)C(C(C)C)CNC(=O)C(CC(C)C)NC(=O)C(CCN)NC1=O)C(C)O,0,O=C1CCCNC(=O)CNC(=O)CNC(=O)CNC(=O)CCNC(=O)CNC(=O)CN1,C[C@H](CCC(=O)NCC(=O)O)[C@H]1CC[C@H]2[C@@H]3[C@H](O)C[C@@H]4C[C@H](O)CC[C@]4(C)[C@H]3C[C@H](O)[C@]12C,0,C1CCC2C(C1)CCC1C3CCCC3CCC21,0.1492851135407906,0,0.0008662022788493304
CN1[C@@H](CC(=O)c2ccccc2)CCC[C@H]1C[C@H](O)c1ccccc1,0,O=C(CC1CCCC(CCc2ccccc2)N1)c1ccccc1,CN1C2CCCC1CC(=O)C2,0,O=C1CC2CCCC(C1)N2,0.26333333333333336,0,0.02598692656274237
CN1[C@@H](CC(=O)c2ccccc2)CCC[C@H]1C[C@H](O)c1ccccc1,0,O=C(CC1CCCC(CCc2ccccc2)N1)c1ccccc1,OC(CCN1CCCCC1)(c1ccccc1)c1ccccc1,0,c1ccc(C(CCN2CCCCC2)c2ccccc2)cc1,0.24311688311688312,0,0.022596375473551613
CN1[C@@H](CC(=O)c2ccccc2)CCC[C@H]1C[C@H](O)c1ccccc1,0,O=C(CC1CCCC(CCc2ccccc2)N1)c1ccccc1,Cn1nnnc1SCC1=C(C(=O)O)N2C(=O)[C@@H](NC(=O)[C@H](O)c3ccccc3)[C@H]2SC1,0,O=C(Cc1ccccc1)NC1C(=O)N2C=C(CSc3nnn[nH]3)CSC12,0.23041606886657104,0,0.029752006376333486
CN1[C@@H](CC(=O)c2ccccc2)CCC[C@H]1C[C@H](O)c1ccccc1,0,O=C(CC1CCCC(CCc2ccccc2)N1)c1ccccc1,CN1[C@@H]2CC(=O)C[C@H]1[C@H](O)C2,0,O=C1CC2CCC(C1)N2,0.2187363834422658,0,0.004512345291309793
CN1C[C@H](C(=O)N[C@]2(C)O[C@@]3(O)[C@@H]4CCCN4C(=O)[C@H](Cc4ccccc4)N3C2=O)CC2c3cccc4[nH]cc(c34)C[C@H]21,0,O=C(NC1OC2C3CCCN3C(=O)C(Cc3ccccc3)N2C1=O)C1CNC2Cc3c[nH]c4cccc(c34)C2C1,CC(C)[C@@]1(NC(=O)[C@@H]2C[C@@H]3c4cccc5[nH]cc(c45)C[C@H]3N(C)C2)O[C@@]2(O)[C@@H]3CCCN3C(=O)[C@H](Cc3ccccc3)N2C1=O,0,O=C(NC1OC2C3CCCN3C(=O)C(Cc3ccccc3)N2C1=O)C1CNC2Cc3c[nH]c4cccc(c34)C2C1,0.8746083788706739,0,1.9013873839540972e-05
CN1C[C@H](C(=O)N[C@]2(C)O[C@@]3(O)[C@@H]4CCCN4C(=O)[C@H](Cc4ccccc4)N3C2=O)CC2c3cccc4[nH]cc(c34)C[C@H]21,0,O=C(NC1OC2C3CCCN3C(=O)C(Cc3ccccc3)N2C1=O)C1CNC2Cc3c[nH]c4cccc(c34)C2C1,CC(C)C[C@H]1C(=O)N2CCC[C@H]2[C@]2(O)O[C@](NC(=O)[C@@H]3C=C4c5cccc6[nH]cc(c56)C[C@H]4N(C)C3)(C(C)C)C(=O)N12,0,O=C(NC1OC2C3CCCN3C(=O)CN2C1=O)C1C=C2c3cccc4[nH]cc(c34)CC2NC1,0.5392535392535392,0,3.4983986097466066e-05
CN1C[C@H](C(=O)N[C@]2(C)O[C@@]3(O)[C@@H]4CCCN4C(=O)[C@H](Cc4ccccc4)N3C2=O)CC2c3cccc4[nH]cc(c34)C[C@H]21,0,O=C(NC1OC2C3CCCN3C(=O)C(Cc3ccccc3)N2C1=O)C1CNC2Cc3c[nH]c4cccc(c34)C2C1,CC[C@@H](CO)NC(=O)[C@@H]1C=C2c3cccc4[nH]cc(c34)C[C@H]2N(C)C1,0,C1=C2c3cccc4[nH]cc(c34)CC2NCC1,0.32296126401630987,0,0.00018531540790299713
CN1C[C@H](C(=O)N[C@]2(C)O[C@@]3(O)[C@@H]4CCCN4C(=O)[C@H](Cc4ccccc4)N3C2=O)CC2c3cccc4[nH]cc(c34)C[C@H]21,0,O=C(NC1OC2C3CCCN3C(=O)C(Cc3ccccc3)N2C1=O)C1CNC2Cc3c[nH]c4cccc(c34)C2C1,CN1C[C@H](CO)C=C2c3cccc4[nH]cc(c34)C[C@H]21,0,C1=C2c3cccc4[nH]cc(c34)CC2NCC1,0.2932941176470588,0,0.0001411526651283154
CC(C)[C@@]1(NC(=O)[C@@H]2C[C@@H]3c4cccc5[nH]cc(c45)C[C@H]3N(C)C2)O[C@@]2(O)[C@@H]3CCCN3C(=O)[C@H](Cc3ccccc3)N2C1=O,0,O=C(NC1OC2C3CCCN3C(=O)C(Cc3ccccc3)N2C1=O)C1CNC2Cc3c[nH]c4cccc(c34)C2C1,CN1C[C@H](C(=O)N[C@]2(C)O[C@@]3(O)[C@@H]4CCCN4C(=O)[C@H](Cc4ccccc4)N3C2=O)CC2c3cccc4[nH]cc(c34)C[C@H]21,0,O=C(NC1OC2C3CCCN3C(=O)C(Cc3ccccc3)N2C1=O)C1CNC2Cc3c[nH]c4cccc(c34)C2C1,0.8746083788706739,0,5.233319452707179e-05
CC(C)[C@@]1(NC(=O)[C@@H]2C[C@@H]3c4cccc5[nH]cc(c45)C[C@H]3N(C)C2)O[C@@]2(O)[C@@H]3CCCN3C(=O)[C@H](Cc3ccccc3)N2C1=O,0,O=C(NC1OC2C3CCCN3C(=O)C(Cc3ccccc3)N2C1=O)C1CNC2Cc3c[nH]c4cccc(c34)C2C1,CC(C)C[C@H]1C(=O)N2CCC[C@H]2[C@]2(O)O[C@](NC(=O)[C@@H]3C=C4c5cccc6[nH]cc(c56)C[C@H]4N(C)C3)(C(C)C)C(=O)N12,0,O=C(NC1OC2C3CCCN3C(=O)CN2C1=O)C1C=C2c3cccc4[nH]cc(c34)CC2NC1,0.626196335794367,0,5.231850100189376e-05
CC(C)[C@@]1(NC(=O)[C@@H]2C[C@@H]3c4cccc5[nH]cc(c45)C[C@H]3N(C)C2)O[C@@]2(O)[C@@H]3CCCN3C(=O)[C@H](Cc3ccccc3)N2C1=O,0,O=C(NC1OC2C3CCCN3C(=O)C(Cc3ccccc3)N2C1=O)C1CNC2Cc3c[nH]c4cccc(c34)C2C1,CC[C@@H](CO)NC(=O)[C@@H]1C=C2c3cccc4[nH]cc(c34)C[C@H]2N(C)C1,0,C1=C2c3cccc4[nH]cc(c34)CC2NCC1,0.3247932864371221,0,0.0003504114853104439
CC(C)[C@@]1(NC(=O)[C@@H]2C[C@@H]3c4cccc5[nH]cc(c45)C[C@H]3N(C)C2)O[C@@]2(O)[C@@H]3CCCN3C(=O)[C@H](Cc3ccccc3)N2C1=O,0,O=C(NC1OC2C3CCCN3C(=O)C(Cc3ccccc3)N2C1=O)C1CNC2Cc3c[nH]c4cccc(c34)C2C1,CN1C[C@H](CO)C=C2c3cccc4[nH]cc(c34)C[C@H]21,0,C1=C2c3cccc4[nH]cc(c34)CC2NCC1,0.2859997185873083,0,0.00024243062520409026
CCC(OC(C)=O)C(CC(C)N(C)C)(c1ccccc1)c1ccccc1,1,c1ccc(Cc2ccccc2)cc1,CN(C)CCOC(C)(c1ccccc1)c1ccccn1,0,c1ccc(Cc2ccccn2)cc1,0.24643678160919544,1,0.7976111293071735
CCC(OC(C)=O)C(CC(C)N(C)C)(c1ccccc1)c1ccccc1,1,c1ccc(Cc2ccccc2)cc1,OC(CCN1CCCCC1)(c1ccccc1)c1ccccc1,0,c1ccc(C(CCN2CCCCC2)c2ccccc2)cc1,0.22514619883040937,1,0.8173472214679444
CCC(OC(C)=O)C(CC(C)N(C)C)(c1ccccc1)c1ccccc1,1,c1ccc(Cc2ccccc2)cc1,CC(=O)c1ccc2c(c1)N(CCCN(C)C)c1ccccc1S2,0,c1ccc2c(c1)Nc1ccccc1S2,0.21431478968792406,1,0.9113903425708952
CCC(OC(C)=O)C(CC(C)N(C)C)(c1ccccc1)c1ccccc1,1,c1ccc(Cc2ccccc2)cc1,CN1[C@@H](CC(=O)c2ccccc2)CCC[C@H]1C[C@H](O)c1ccccc1,0,O=C(CC1CCCC(CCc2ccccc2)N1)c1ccccc1,0.21110694183864917,1,0.6652726471502669
O=C1CN(/N=C/c2ccc(-c3ccc([N+](=O)[O-])cc3)o2)C(O)=N1,0,O=C1CN(N=Cc2ccc(-c3ccccc3)o2)C=N1,O=c1cc(-c2ccc(O)cc2)oc2c(C3O[C@H](CO)[C@@H](O)[C@H](O)[C@H]3O)c(O)cc(O)c12,0,O=c1cc(-c2ccccc2)oc2c(C3CCCCO3)cccc12,0.17380281690140845,0,0.0021938683685756707
O=C1CN(/N=C/c2ccc(-c3ccc([N+](=O)[O-])cc3)o2)C(O)=N1,0,O=C1CN(N=Cc2ccc(-c3ccccc3)o2)C=N1,O=c1ccc2cc(O)c(O)cc2o1,0,O=c1ccc2ccccc2o1,0.15119047619047618,0,0.059126123333916696
O=C1CN(/N=C/c2ccc(-c3ccc([N+](=O)[O-])cc3)o2)C(O)=N1,0,O=C1CN(N=Cc2ccc(-c3ccccc3)o2)C=N1,COc1cc2ccc(=O)oc2cc1O,0,O=c1ccc2ccccc2o1,0.1427363184079602,0,0.04006603539625271
O=C1CN(/N=C/c2ccc(-c3ccc([N+](=O)[O-])cc3)o2)C(O)=N1,0,O=C1CN(N=Cc2ccc(-c3ccccc3)o2)C=N1,Cn1c(-c2ccc3c(c2)OCO3)cc(=O)c2ccccc21,0,O=c1cc(-c2ccc3c(c2)OCO3)[nH]c2ccccc12,0.1427322404371585,0,0.03601400257937788
C[N+]1(C)C[C@@H](O)C[C@H]1C(=O)[O-],0,C1CC[NH2+]C1,C[N+]1(C)CCC[C@H]1C(=O)[O-],0,C1CC[NH2+]C1,0.4862903225806452,0,0.0004292574531112117
C[N+]1(C)C[C@@H](O)C[C@H]1C(=O)[O-],0,C1CC[NH2+]C1,O=C(O)[C@]1(O)C[C@H](O)[C@@H](O)[C@@H](O)C1,0,C1CCCCC1,0.21333333333333337,0,0.006918872777459182
C[N+]1(C)C[C@@H](O)C[C@H]1C(=O)[O-],0,C1CC[NH2+]C1,CN1[C@@H]2CC(=O)C[C@H]1[C@H](O)C2,0,O=C1CC2CCC(C1)N2,0.17187948350071738,0,0.00023079649054980495
C[N+]1(C)C[C@@H](O)C[C@H]1C(=O)[O-],0,C1CC[NH2+]C1,C[C@H](CCC(=O)O)[C@H]1CC[C@H]2[C@@H]3CC[C@@H]4C[C@H](O)CC[C@]4(C)[C@H]3CC[C@]12C,0,C1CCC2C(C1)CCC1C3CCCC3CCC21,0.1610582885489872,0,0.007481563832267545
C[N+]1(C)CCC[C@H]1C(=O)[O-],0,C1CC[NH2+]C1,C[N+]1(C)C[C@@H](O)C[C@H]1C(=O)[O-],0,C1CC[NH2+]C1,0.4862903225806452,0,0.004990854055759704
C[N+]1(C)CCC[C@H]1C(=O)[O-],0,C1CC[NH2+]C1,O=C(O)[C@]1(O)C[C@H](O)[C@@H](O)[C@@H](O)C1,0,C1CCCCC1,0.17047619047619048,0,0.0888866296340715
C[N+]1(C)CCC[C@H]1C(=O)[O-],0,C1CC[NH2+]C1,CN1C2CCCC1CC(=O)C2,0,O=C1CC2CCCC(C1)N2,0.15333333333333332,0,0.0027178491065294247
C[N+]1(C)CCC[C@H]1C(=O)[O-],0,C1CC[NH2+]C1,C=C(C)[C@@H]1CC[C@]2(C(=O)O)CC[C@]3(C)[C@H](CC[C@@H]4[C@@]5(C)CC[C@H](O)C(C)(C)[C@@H]5CC[C@]43C)[C@@H]12,0,C1CCC2C(C1)CCC1C2CCC2C3CCCC3CCC21,0.14868717179294827,0,0.016684019639883644
CCN(Cc1cccc(S(=O)(=O)O)c1)c1ccc(C(=C2C=CC(=[N+](CC)Cc3cccc(S(=O)(=O)[O-])c3)C=C2)c2ccccc2S(=O)(=O)O)cc1,1,C1=CC(=C(c2ccccc2)c2ccc(NCc3ccccc3)cc2)C=CC1=[NH+]Cc1ccccc1,COc1cc(-c2ccc(/N=N/c3ccc4c(S(=O)(=O)O)cc(S(=O)(=O)O)c(N)c4c3O)c(OC)c2)ccc1/N=N/c1ccc2c(S(=O)(=O)O)cc(S(=O)(=O)O)c(N)c2c1O,0,c1ccc2cc(N=Nc3ccc(-c4ccc(N=Nc5ccc6ccccc6c5)cc4)cc3)ccc2c1,0.15442495648681215,1,0.9993776070398812
CCN(Cc1cccc(S(=O)(=O)O)c1)c1ccc(C(=C2C=CC(=[N+](CC)Cc3cccc(S(=O)(=O)[O-])c3)C=C2)c2ccccc2S(=O)(=O)O)cc1,1,C1=CC(=C(c2ccccc2)c2ccc(NCc3ccccc3)cc2)C=CC1=[NH+]Cc1ccccc1,CC(=O)c1ccc2c(c1)N(CCCN(C)C)c1ccccc1S2,0,c1ccc2c(c1)Nc1ccccc1S2,0.15343465045592705,1,0.9973153288460997
CCN(Cc1cccc(S(=O)(=O)O)c1)c1ccc(C(=C2C=CC(=[N+](CC)Cc3cccc(S(=O)(=O)[O-])c3)C=C2)c2ccccc2S(=O)(=O)O)cc1,1,C1=CC(=C(c2ccccc2)c2ccc(NCc3ccccc3)cc2)C=CC1=[NH+]Cc1ccccc1,CCCCCN(CCCCC)C(=O)C(CCC(=O)O)NC(=O)c1ccc(Cl)c(Cl)c1,0,c1ccccc1,0.1439005439005439,1,0.9873090321632021
CCN(Cc1cccc(S(=O)(=O)O)c1)c1ccc(C(=C2C=CC(=[N+](CC)Cc3cccc(S(=O)(=O)[O-])c3)C=C2)c2ccccc2S(=O)(=O)O)cc1,1,C1=CC(=C(c2ccccc2)c2ccc(NCc3ccccc3)cc2)C=CC1=[NH+]Cc1ccccc1,COc1ccc(C[C@@](C)(N)C(=O)O)cc1OC,0,c1ccccc1,0.14054336468129575,1,0.9692010084752151
CCN(Cc1cccc(S(=O)(=O)O)c1)c1ccc(C(=C2C=CC(=[N+](CC)Cc3cccc(S(=O)(=O)[O-])c3)C=C2)c2ccc(O)cc2S(=O)(=O)O)cc1,1,C1=CC(=C(c2ccccc2)c2ccc(NCc3ccccc3)cc2)C=CC1=[NH+]Cc1ccccc1,COc1cc(-c2ccc(/N=N/c3ccc4c(S(=O)(=O)O)cc(S(=O)(=O)O)c(N)c4c3O)c(OC)c2)ccc1/N=N/c1ccc2c(S(=O)(=O)O)cc(S(=O)(=O)O)c(N)c2c1O,0,c1ccc2cc(N=Nc3ccc(-c4ccc(N=Nc5ccc6ccccc6c5)cc4)cc3)ccc2c1,0.16371212121212123,1,0.9994098559042413
CCN(Cc1cccc(S(=O)(=O)O)c1)c1ccc(C(=C2C=CC(=[N+](CC)Cc3cccc(S(=O)(=O)[O-])c3)C=C2)c2ccc(O)cc2S(=O)(=O)O)cc1,1,C1=CC(=C(c2ccccc2)c2ccc(NCc3ccccc3)cc2)C=CC1=[NH+]Cc1ccccc1,Nc1c(O)cccc1C(=O)CC(N)C(=O)O,0,c1ccccc1,0.14332084893882646,1,0.9812128201545295
CCN(Cc1cccc(S(=O)(=O)O)c1)c1ccc(C(=C2C=CC(=[N+](CC)Cc3cccc(S(=O)(=O)[O-])c3)C=C2)c2ccc(O)cc2S(=O)(=O)O)cc1,1,C1=CC(=C(c2ccccc2)c2ccc(NCc3ccccc3)cc2)C=CC1=[NH+]Cc1ccccc1,CCCCCN(CCCCC)C(=O)C(CCC(=O)O)NC(=O)c1ccc(Cl)c(Cl)c1,0,c1ccccc1,0.13871958421922986,1,0.9802883765827929
CCN(Cc1cccc(S(=O)(=O)O)c1)c1ccc(C(=C2C=CC(=[N+](CC)Cc3cccc(S(=O)(=O)[O-])c3)C=C2)c2ccc(O)cc2S(=O)(=O)O)cc1,1,C1=CC(=C(c2ccccc2)c2ccc(NCc3ccccc3)cc2)C=CC1=[NH+]Cc1ccccc1,CC(=O)c1ccc2c(c1)N(CCCN(C)C)c1ccccc1S2,0,c1ccc2c(c1)Nc1ccccc1S2,0.13812244897959186,1,0.9965455281588966
CCN(Cc1cccc(S(=O)(=O)O)c1)c1ccc(C(=C2C=CC(=[N+](CC)Cc3cccc(S(=O)(=O)[O-])c3)C=C2)c2ccc(N(C)C)cc2)cc1,1,C1=CC(=C(c2ccccc2)c2ccc(NCc3ccccc3)cc2)C=CC1=[NH+]Cc1ccccc1,CC(=O)c1ccc2c(c1)N(CCCN(C)C)c1ccccc1S2,0,c1ccc2c(c1)Nc1ccccc1S2,0.16012841091492777,1,0.9976892230544321
CCN(Cc1cccc(S(=O)(=O)O)c1)c1ccc(C(=C2C=CC(=[N+](CC)Cc3cccc(S(=O)(=O)[O-])c3)C=C2)c2ccc(N(C)C)cc2)cc1,1,C1=CC(=C(c2ccccc2)c2ccc(NCc3ccccc3)cc2)C=CC1=[NH+]Cc1ccccc1,CCCCCN(CCCCC)C(=O)C(CCC(=O)O)NC(=O)c1ccc(Cl)c(Cl)c1,0,c1ccccc1,0.1598014888337469,1,0.9915298297880202
CCN(Cc1cccc(S(=O)(=O)O)c1)c1ccc(C(=C2C=CC(=[N+](CC)Cc3cccc(S(=O)(=O)[O-])c3)C=C2)c2ccc(N(C)C)cc2)cc1,1,C1=CC(=C(c2ccccc2)c2ccc(NCc3ccccc3)cc2)C=CC1=[NH+]Cc1ccccc1,COc1cc(-c2ccc(/N=N/c3ccc4c(S(=O)(=O)O)cc(S(=O)(=O)O)c(N)c4c3O)c(OC)c2)ccc1/N=N/c1ccc2c(S(=O)(=O)O)cc(S(=O)(=O)O)c(N)c2c1O,0,c1ccc2cc(N=Nc3ccc(-c4ccc(N=Nc5ccc6ccccc6c5)cc4)cc3)ccc2c1,0.14423292273236282,1,0.9997739295395928
CCN(Cc1cccc(S(=O)(=O)O)c1)c1ccc(C(=C2C=CC(=[N+](CC)Cc3cccc(S(=O)(=O)[O-])c3)C=C2)c2ccc(N(C)C)cc2)cc1,1,C1=CC(=C(c2ccccc2)c2ccc(NCc3ccccc3)cc2)C=CC1=[NH+]Cc1ccccc1,COc1ccc(C[C@@](C)(N)C(=O)O)cc1OC,0,c1ccccc1,0.1394624652455978,1,0.9894778802661813
CCN(Cc1cccc(S(=O)(=O)O)c1)c1ccc(C(=C2C=CC(=[N+](CC)Cc3cccc(S(=O)(=O)[O-])c3)C=C2)c2ccc(S(=O)(=O)O)cc2)cc1,1,C1=CC(=C(c2ccccc2)c2ccc(NCc3ccccc3)cc2)C=CC1=[NH+]Cc1ccccc1,CC(=O)c1ccc2c(c1)N(CCCN(C)C)c1ccccc1S2,0,c1ccc2c(c1)Nc1ccccc1S2,0.1548343475321163,1,0.997272639382429
CCN(Cc1cccc(S(=O)(=O)O)c1)c1ccc(C(=C2C=CC(=[N+](CC)Cc3cccc(S(=O)(=O)[O-])c3)C=C2)c2ccc(S(=O)(=O)O)cc2)cc1,1,C1=CC(=C(c2ccccc2)c2ccc(NCc3ccccc3)cc2)C=CC1=[NH+]Cc1ccccc1,CCCCCN(CCCCC)C(=O)C(CCC(=O)O)NC(=O)c1ccc(Cl)c(Cl)c1,0,c1ccccc1,0.15465587044534412,1,0.9867328917815242
CCN(Cc1cccc(S(=O)(=O)O)c1)c1ccc(C(=C2C=CC(=[N+](CC)Cc3cccc(S(=O)(=O)[O-])c3)C=C2)c2ccc(S(=O)(=O)O)cc2)cc1,1,C1=CC(=C(c2ccccc2)c2ccc(NCc3ccccc3)cc2)C=CC1=[NH+]Cc1ccccc1,COc1cc(-c2ccc(/N=N/c3ccc4c(S(=O)(=O)O)cc(S(=O)(=O)O)c(N)c4c3O)c(OC)c2)ccc1/N=N/c1ccc2c(S(=O)(=O)O)cc(S(=O)(=O)O)c(N)c2c1O,0,c1ccc2cc(N=Nc3ccc(-c4ccc(N=Nc5ccc6ccccc6c5)cc4)cc3)ccc2c1,0.14549450549450552,1,0.9993072130651278
CCN(Cc1cccc(S(=O)(=O)O)c1)c1ccc(C(=C2C=CC(=[N+](CC)Cc3cccc(S(=O)(=O)[O-])c3)C=C2)c2ccc(S(=O)(=O)O)cc2)cc1,1,C1=CC(=C(c2ccccc2)c2ccc(NCc3ccccc3)cc2)C=CC1=[NH+]Cc1ccccc1,CC(=O)[N]([Na])S(=O)(=O)c1ccc(N)cc1,0,c1ccccc1,0.14472537053182216,1,0.9994097469188686
CCN(Cc1cccc(S(=O)(=O)O)c1)c1ccc(C(=C2C=CC(=[N+](CC)Cc3cccc(S(=O)(=O)[O-])c3)C=C2)c2ccccc2)cc1,1,C1=CC(=C(c2ccccc2)c2ccc(NCc3ccccc3)cc2)C=CC1=[NH+]Cc1ccccc1,CC(=O)c1ccc2c(c1)N(CCCN(C)C)c1ccccc1S2,0,c1ccc2c(c1)Nc1ccccc1S2,0.16256684491978612,1,0.9961501965557256
CCN(Cc1cccc(S(=O)(=O)O)c1)c1ccc(C(=C2C=CC(=[N+](CC)Cc3cccc(S(=O)(=O)[O-])c3)C=C2)c2ccccc2)cc1,1,C1=CC(=C(c2ccccc2)c2ccc(NCc3ccccc3)cc2)C=CC1=[NH+]Cc1ccccc1,CCCCCN(CCCCC)C(=O)C(CCC(=O)O)NC(=O)c1ccc(Cl)c(Cl)c1,0,c1ccccc1,0.16201372997711672,1,0.9784038160080946
CCN(Cc1cccc(S(=O)(=O)O)c1)c1ccc(C(=C2C=CC(=[N+](CC)Cc3cccc(S(=O)(=O)[O-])c3)C=C2)c2ccccc2)cc1,1,C1=CC(=C(c2ccccc2)c2ccc(NCc3ccccc3)cc2)C=CC1=[NH+]Cc1ccccc1,CNC(C)(C)Cc1ccccc1,0,c1ccccc1,0.14944309927360777,1,0.9576086154763325
CCN(Cc1cccc(S(=O)(=O)O)c1)c1ccc(C(=C2C=CC(=[N+](CC)Cc3cccc(S(=O)(=O)[O-])c3)C=C2)c2ccccc2)cc1,1,C1=CC(=C(c2ccccc2)c2ccc(NCc3ccccc3)cc2)C=CC1=[NH+]Cc1ccccc1,COc1ccc(C[C@@](C)(N)C(=O)O)cc1OC,0,c1ccccc1,0.14926697530864197,1,0.9749887669772055
CN[C@@H]1[C@@H](O)[C@@H](O[C@@H]2[C@@H](O)[C@H](O[C@H]3O[C@H]([C@@H](C)NC)CC[C@H]3N)[C@@H](N)C[C@H]2N)OC[C@]1(C)O,0,C1CCC(OC2CCCC(OC3CCCCO3)C2)OC1,CN[C@H]1[C@@H](O)[C@H](O[C@H]2[C@@H](O)[C@@H](OC3OC(CN)=CCC3N)[C@H](N)C[C@@H]2N)OC[C@@]1(C)O,0,C1=COC(OC2CCCC(OC3CCCCO3)C2)CC1,0.5794801641586868,0,0.0005975541879069524
CN[C@@H]1[C@@H](O)[C@@H](O[C@@H]2[C@@H](O)[C@H](O[C@H]3O[C@H]([C@@H](C)NC)CC[C@H]3N)[C@@H](N)C[C@H]2N)OC[C@]1(C)O,0,C1CCC(OC2CCCC(OC3CCCCO3)C2)OC1,NC[C@@H]1O[C@H](O[C@H]2[C@@H](O)[C@H](O[C@@H]3[C@@H](O)[C@H](N)C[C@H](N)[C@H]3O[C@H]3O[C@H](CN)[C@@H](O)[C@H](O)[C@H]3N)O[C@@H]2CO)[C@H](N)[C@@H](O)[C@@H]1O,0,C1CCC(OC2COC(OC3CCCCC3OC3CCCCO3)C2)OC1,0.2613877551020408,0,0.00017796777864363976
CN[C@@H]1[C@@H](O)[C@@H](O[C@@H]2[C@@H](O)[C@H](O[C@H]3O[C@H]([C@@H](C)NC)CC[C@H]3N)[C@@H](N)C[C@H]2N)OC[C@]1(C)O,0,C1CCC(OC2CCCC(OC3CCCCO3)C2)OC1,CN[C@@H]1[C@H](O[C@H]2[C@H](O[C@@H]3[C@@H](O)[C@H](O)[C@@H](NC(=N)N)[C@H](O)[C@H]3NC(=N)N)O[C@@H](C)[C@]2(O)CO)O[C@@H](CO)[C@H](O)[C@H]1O,0,C1CCC(OC2OCCC2OC2CCCCO2)CC1,0.22867513611615245,0,0.0006945433357605029
CN[C@@H]1[C@@H](O)[C@@H](O[C@@H]2[C@@H](O)[C@H](O[C@H]3O[C@H]([C@@H](C)NC)CC[C@H]3N)[C@@H](N)C[C@H]2N)OC[C@]1(C)O,0,C1CCC(OC2CCCC(OC3CCCCO3)C2)OC1,CN[C@@H]1[C@H](O[C@H]2[C@H](O[C@@H]3[C@@H](O)[C@H](O)[C@@H](NC(=N)N)[C@H](O)[C@H]3NC(=N)N)O[C@@H](C)[C@]2(O)C=O)O[C@@H](CO)[C@H](O)[C@H]1O,0,C1CCC(OC2OCCC2OC2CCCCO2)CC1,0.21925870739430062,0,0.0008214947516189563
C[C@]12CCC(=O)C=C1CC[C@@H]1[C@@H]2C(=O)C[C@]2(C)C(=O)CC[C@@H]12,0,O=C1C=C2CCC3C4CCC(=O)C4CC(=O)C3C2CC1,C[C@]12CC[C@H](O)C[C@@H]1CC[C@@H]1[C@@H]2CC[C@]2(C)C(=O)CC[C@@H]12,0,O=C1CCC2C1CCC1C3CCCCC3CCC21,0.35757575757575755,0,0.0010513016294408503
C[C@]12CCC(=O)C=C1CC[C@@H]1[C@@H]2C(=O)C[C@]2(C)C(=O)CC[C@@H]12,0,O=C1C=C2CCC3C4CCC(=O)C4CC(=O)C3C2CC1,CC(=O)OCC(=O)[C@@]1(O)CC[C@H]2[C@@H]3CCC4=CC(=O)CC[C@]4(C)C3(F)C(=O)C[C@@]21C,0,O=C1C=C2CCC3C4CCCC4CC(=O)C3C2CC1,0.34359937402190927,0,0.0007376541087493998
C[C@]12CCC(=O)C=C1CC[C@@H]1[C@@H]2C(=O)C[C@]2(C)C(=O)CC[C@@H]12,0,O=C1C=C2CCC3C4CCC(=O)C4CC(=O)C3C2CC1,CC1=CC(=O)C2=C(C)CC[C@@H]3[C@H](OC(=O)[C@H]3C)[C@@H]12,0,O=C1CC2CCC=C3C(=O)C=CC3C2O1,0.2308998302207131,0,0.001340235673731624
C[C@]12CCC(=O)C=C1CC[C@@H]1[C@@H]2C(=O)C[C@]2(C)C(=O)CC[C@@H]12,0,O=C1C=C2CCC3C4CCC(=O)C4CC(=O)C3C2CC1,CC[C@H](CC[C@@H](C)[C@H]1CC[C@H]2[C@@H]3CC=C4C[C@@H](O)CC[C@]4(C)[C@H]3CC[C@]12C)C(C)C,0,C1=C2CCCCC2C2CCC3CCCC3C2C1,0.21387559808612444,0,0.0012157507396803892
S=C(NC1CCCCC1)N1CCC(C2C=NC=N2)CC1,0,S=C(NC1CCCCC1)N1CCC(C2C=NC=N2)CC1,COc1cc(N)c(Cl)cc1C(=O)NC1CCN(Cc2ccccc2)CC1,0,O=C(NC1CCN(Cc2ccccc2)CC1)c1ccccc1,0.1309409888357257,0,0.0007981177974962611
S=C(NC1CCCCC1)N1CCC(C2C=NC=N2)CC1,0,S=C(NC1CCCCC1)N1CCC(C2C=NC=N2)CC1,C1CCC(C(CC2CCCCN2)C2CCCCC2)CC1,0,C1CCC(C(CC2CCCCN2)C2CCCCC2)CC1,0.1223083548664944,0,0.0022480084110082245
S=C(NC1CCCCC1)N1CCC(C2C=NC=N2)CC1,0,S=C(NC1CCCCC1)N1CCC(C2C=NC=N2)CC1,C[N+]1(C)CCC[C@H]1C(=O)[O-],0,C1CC[NH2+]C1,0.11913746630727763,0,0.007291768791407968
S=C(NC1CCCCC1)N1CCC(C2C=NC=N2)CC1,0,S=C(NC1CCCCC1)N1CCC(C2C=NC=N2)CC1,OC(CCN1CCCCC1)(c1ccccc1)c1ccccc1,0,c1ccc(C(CCN2CCCCC2)c2ccccc2)cc1,0.10931768158473956,0,0.0012468156003250948
CO[C@@]1(NC(=O)Cc2cccs2)C(=O)N2C(C(=O)O)=C(COC(N)=O)CS[C@@H]21,0,O=C(Cc1cccs1)NC1C(=O)N2C=CCSC12,CC(=O)OCC1=C(C(=O)O)N2C(=O)[C@@H](NC(=O)Cc3cccs3)[C@H]2SC1,0,O=C(Cc1cccs1)NC1C(=O)N2C=CCSC12,0.5694761904761905,0,0.0010806865474710233
CO[C@@]1(NC(=O)Cc2cccs2)C(=O)N2C(C(=O)O)=C(COC(N)=O)CS[C@@H]21,0,O=C(Cc1cccs1)NC1C(=O)N2C=CCSC12,CO[C@@]1(NC(=O)CSCC#N)C(=O)N2C(C(=O)O)=C(CSc3nnnn3C)CS[C@@H]21,0,O=C1CC2SCC(CSc3nnn[nH]3)=CN12,0.44218905472636816,0,0.0018231350537383172
CO[C@@]1(NC(=O)Cc2cccs2)C(=O)N2C(C(=O)O)=C(COC(N)=O)CS[C@@H]21,0,O=C(Cc1cccs1)NC1C(=O)N2C=CCSC12,CO[C@@]1(NC(=O)[C@H](C(=O)O)c2ccc(O)cc2)C(=O)N2C(C(=O)O)=C(CSc3nnnn3C)CO[C@@H]21,0,O=C(Cc1ccccc1)NC1C(=O)N2C=C(CSc3nnn[nH]3)COC12,0.3372112211221122,0,0.0020581711393669027
CO[C@@]1(NC(=O)Cc2cccs2)C(=O)N2C(C(=O)O)=C(COC(N)=O)CS[C@@H]21,0,O=C(Cc1cccs1)NC1C(=O)N2C=CCSC12,Cn1nnnc1SCC1=C(C(=O)O)N2C(=O)[C@@H](NC(=O)[C@H](O)c3ccccc3)[C@H]2SC1,0,O=C(Cc1ccccc1)NC1C(=O)N2C=C(CSc3nnn[nH]3)CSC12,0.2722904722904723,0,0.0005150128252834505
CC(=O)OCC1=C(C(=O)O)N2C(=O)[C@@H](NC(=O)Cc3cccs3)[C@H]2SC1,0,O=C(Cc1cccs1)NC1C(=O)N2C=CCSC12,CO[C@@]1(NC(=O)Cc2cccs2)C(=O)N2C(C(=O)O)=C(COC(N)=O)CS[C@@H]21,0,O=C(Cc1cccs1)NC1C(=O)N2C=CCSC12,0.5694761904761905,0,0.0026184153903825594
CC(=O)OCC1=C(C(=O)O)N2C(=O)[C@@H](NC(=O)Cc3cccs3)[C@H]2SC1,0,O=C(Cc1cccs1)NC1C(=O)N2C=CCSC12,Cn1nnnc1SCC1=C(C(=O)O)N2C(=O)[C@@H](NC(=O)[C@H](O)c3ccccc3)[C@H]2SC1,0,O=C(Cc1ccccc1)NC1C(=O)N2C=C(CSc3nnn[nH]3)CSC12,0.41498599439775913,0,0.005499317963180053
CC(=O)OCC1=C(C(=O)O)N2C(=O)[C@@H](NC(=O)Cc3cccs3)[C@H]2SC1,0,O=C(Cc1cccs1)NC1C(=O)N2C=CCSC12,CO[C@@]1(NC(=O)CSCC#N)C(=O)N2C(C(=O)O)=C(CSc3nnnn3C)CS[C@@H]21,0,O=C1CC2SCC(CSc3nnn[nH]3)=CN12,0.27257478333799273,0,0.0042657018820298175
CC(=O)OCC1=C(C(=O)O)N2C(=O)[C@@H](NC(=O)Cc3cccs3)[C@H]2SC1,0,O=C(Cc1cccs1)NC1C(=O)N2C=CCSC12,CO[C@@]1(NC(=O)[C@H](C(=O)O)c2ccc(O)cc2)C(=O)N2C(C(=O)O)=C(CSc3nnnn3C)CO[C@@H]21,0,O=C(Cc1ccccc1)NC1C(=O)N2C=C(CSc3nnn[nH]3)COC12,0.24530744336569582,0,0.005679250507905344
Cc1nccc2c1[nH]c1ccccc12,0,c1ccc2c(c1)[nH]c1cnccc12,Cc1nccc2c1[nH]c1cc(O)ccc12,0,c1ccc2c(c1)[nH]c1cnccc12,0.6337164750957855,0,0.005770567386937083
Cc1nccc2c1[nH]c1ccccc12,0,c1ccc2c(c1)[nH]c1cnccc12,CN(C)Cc1c[nH]c2ccccc12,0,c1ccc2[nH]ccc2c1,0.2723809523809524,0,0.006162293248766054
Cc1nccc2c1[nH]c1ccccc12,0,c1ccc2c(c1)[nH]c1cnccc12,CNCCc1ccccn1,0,c1ccncc1,0.23025210084033615,0,0.02855402829025921
Cc1nccc2c1[nH]c1ccccc12,0,c1ccc2c(c1)[nH]c1cnccc12,COc1ccc2[nH]c3c(c2c1)CCN=C3C,0,C1=NCCc2c1[nH]c1ccccc21,0.22736572890025575,0,0.007204770240493886
Cc1nccc2c1[nH]c1cc(O)ccc12,0,c1ccc2c(c1)[nH]c1cnccc12,Cc1nccc2c1[nH]c1ccccc12,0,c1ccc2c(c1)[nH]c1cnccc12,0.6337164750957855,0,0.009001510466976859
Cc1nccc2c1[nH]c1cc(O)ccc12,0,c1ccc2c(c1)[nH]c1cnccc12,CC1=NCCc2c1[nH]c1cc(O)ccc21,0,C1=NCCc2c1[nH]c1ccccc21,0.4002022244691608,0,0.006882562101650831
Cc1nccc2c1[nH]c1cc(O)ccc12,0,c1ccc2c(c1)[nH]c1cnccc12,COc1ccc2c3c([nH]c2c1)C(C)=NCC3,0,C1=NCCc2c1[nH]c1ccccc21,0.2285925925925926,0,0.003811181929677001
Cc1nccc2c1[nH]c1cc(O)ccc12,0,c1ccc2c(c1)[nH]c1cnccc12,COc1ccc2[nH]c3c(c2c1)CCN=C3C,0,C1=NCCc2c1[nH]c1ccccc21,0.18851540616246498,0,0.0035249967850606917
CC(=O)c1ccc2c(c1)N(CCCN(C)C)c1ccccc1S2,0,c1ccc2c(c1)Nc1ccccc1S2,COc1ccc2c(c1)N(C[C@H](C)CN(C)C)c1ccccc1S2,0,c1ccc2c(c1)Nc1ccccc1S2,0.4225641025641026,0,0.013448729062786921
CC(=O)c1ccc2c(c1)N(CCCN(C)C)c1ccccc1S2,0,c1ccc2c(c1)Nc1ccccc1S2,CN1CCC(=C2c3ccccc3Sc3ccccc32)CC1,0,c1ccc2c(c1)Sc1ccccc1C2=C1CCNCC1,0.2719298245614035,0,0.0076935153383343525
CC(=O)c1ccc2c(c1)N(CCCN(C)C)c1ccccc1S2,0,c1ccc2c(c1)Nc1ccccc1S2,CSc1ccc2c(c1)C(N1CCN(C)CC1)Cc1ccccc1S2,0,c1ccc2c(c1)CC(N1CCNCC1)c1ccccc1S2,0.24919786096256685,0,0.0005407445440398773
CC(=O)c1ccc2c(c1)N(CCCN(C)C)c1ccccc1S2,0,c1ccc2c(c1)Nc1ccccc1S2,CN(C)CCC(c1ccccc1)c1ccccn1,0,c1ccc(Cc2ccccn2)cc1,0.22666666666666668,0,0.01561464056128882
COc1ccc2c(c1)N(C[C@H](C)CN(C)C)c1ccccc1S2,0,c1ccc2c(c1)Nc1ccccc1S2,CC(=O)c1ccc2c(c1)N(CCCN(C)C)c1ccccc1S2,0,c1ccc2c(c1)Nc1ccccc1S2,0.4225641025641026,0,0.0173311675532121
COc1ccc2c(c1)N(C[C@H](C)CN(C)C)c1ccccc1S2,0,c1ccc2c(c1)Nc1ccccc1S2,CSc1ccc2c(c1)C(N1CCN(C)CC1)Cc1ccccc1S2,0,c1ccc2c(c1)CC(N1CCNCC1)c1ccccc1S2,0.24327122153209113,0,0.0005189252372506388
COc1ccc2c(c1)N(C[C@H](C)CN(C)C)c1ccccc1S2,0,c1ccc2c(c1)Nc1ccccc1S2,CN1CCC(=C2c3ccccc3Sc3ccccc32)CC1,0,c1ccc2c(c1)Sc1ccccc1C2=C1CCNCC1,0.2289318755256518,0,0.005343238005835478
COc1ccc2c(c1)N(C[C@H](C)CN(C)C)c1ccccc1S2,0,c1ccc2c(c1)Nc1ccccc1S2,COc1ccc2c3c([nH]c2c1)C(C)=NCC3,0,C1=NCCc2c1[nH]c1ccccc21,0.20897959183673473,0,0.009332821099861926
CN(C)CCC(c1ccccc1)c1ccccn1,0,c1ccc(Cc2ccccn2)cc1,CN(C)CCC(c1ccc(Cl)cc1)c1ccccn1,0,c1ccc(Cc2ccccn2)cc1,0.8121863799283154,0,0.0053482085728121034
CN(C)CCC(c1ccccc1)c1ccccn1,0,c1ccc(Cc2ccccn2)cc1,CN(C)CCOC(c1ccc(Cl)cc1)c1ccccn1,0,c1ccc(Cc2ccccn2)cc1,0.47529162248144224,0,0.014039542370790659
CN(C)CCC(c1ccccc1)c1ccccn1,0,c1ccc(Cc2ccccn2)cc1,CN(C)CCOC(C)(c1ccccc1)c1ccccn1,0,c1ccc(Cc2ccccn2)cc1,0.4157461809635723,0,0.010361336033669642
CN(C)CCC(c1ccccc1)c1ccccn1,0,c1ccc(Cc2ccccn2)cc1,CNCCc1ccccn1,0,c1ccncc1,0.29714285714285715,0,0.029669354599864615
CN(C)CCOC(c1ccc(Cl)cc1)c1ccccn1,0,c1ccc(Cc2ccccn2)cc1,CN(C)CCC(c1ccc(Cl)cc1)c1ccccn1,0,c1ccc(Cc2ccccn2)cc1,0.6148509485094851,0,0.006185102465219983
CN(C)CCOC(c1ccc(Cl)cc1)c1ccccn1,0,c1ccc(Cc2ccccn2)cc1,CN(C)CCC(c1ccccc1)c1ccccn1,0,c1ccc(Cc2ccccn2)cc1,0.47529162248144224,0,0.006148495760307722
CN(C)CCOC(c1ccc(Cl)cc1)c1ccccn1,0,c1ccc(Cc2ccccn2)cc1,CN(C)CCOC(C)(c1ccccc1)c1ccccn1,0,c1ccc(Cc2ccccn2)cc1,0.4276923076923077,0,0.010490565920690226
CN(C)CCOC(c1ccc(Cl)cc1)c1ccccn1,0,c1ccc(Cc2ccccn2)cc1,CNCCc1ccccn1,0,c1ccncc1,0.2478139534883721,0,0.021809787095380503
CN(C)CCC(c1ccc(Cl)cc1)c1ccccn1,0,c1ccc(Cc2ccccn2)cc1,CN(C)CCC(c1ccccc1)c1ccccn1,0,c1ccc(Cc2ccccn2)cc1,0.8121863799283154,0,0.007101469752318603
CN(C)CCC(c1ccc(Cl)cc1)c1ccccn1,0,c1ccc(Cc2ccccn2)cc1,CN(C)CCOC(c1ccc(Cl)cc1)c1ccccn1,0,c1ccc(Cc2ccccn2)cc1,0.6148509485094851,0,0.017263124751414033
CN(C)CCC(c1ccc(Cl)cc1)c1ccccn1,0,c1ccc(Cc2ccccn2)cc1,CN(C)CCOC(C)(c1ccccc1)c1ccccn1,0,c1ccc(Cc2ccccn2)cc1,0.3728291316526611,0,0.012833546081954838
CN(C)CCC(c1ccc(Cl)cc1)c1ccccn1,0,c1ccc(Cc2ccccn2)cc1,CNCCc1ccccn1,0,c1ccncc1,0.2642553191489362,0,0.026835293305304778
CN(C)CCOC(C)(c1ccccc1)c1ccccn1,0,c1ccc(Cc2ccccn2)cc1,CN(C)CCOC(c1ccc(Cl)cc1)c1ccccn1,0,c1ccc(Cc2ccccn2)cc1,0.4276923076923077,0,0.01249659713596959
CN(C)CCOC(C)(c1ccccc1)c1ccccn1,0,c1ccc(Cc2ccccn2)cc1,CN(C)CCC(c1ccccc1)c1ccccn1,0,c1ccc(Cc2ccccn2)cc1,0.4157461809635723,0,0.005761511032134421
CN(C)CCOC(C)(c1ccccc1)c1ccccn1,0,c1ccc(Cc2ccccn2)cc1,CN(C)CCC(c1ccc(Cl)cc1)c1ccccn1,0,c1ccc(Cc2ccccn2)cc1,0.3728291316526611,0,0.006470350339285871
CN(C)CCOC(C)(c1ccccc1)c1ccccn1,0,c1ccc(Cc2ccccn2)cc1,CNCCc1ccccn1,0,c1ccncc1,0.2702341137123746,0,0.024016925224705634
CN(C)[C@@H]1C(O)=C(C(N)=O)C(=O)[C@@]2(O)C(O)=C3C(=O)c4c(O)ccc(Cl)c4[C@@](C)(O)C3C[C@@H]12,0,O=C1C2=CC3C(=O)C=CCC3CC2Cc2ccccc21,CN(C)[C@@H]1C(O)=C(C(N)=O)C(=O)[C@@]2(O)C(O)=C3C(=O)c4c(O)ccc(Cl)c4[C@@H](O)[C@H]3C[C@@H]12,0,O=C1C2=CC3C(=O)C=CCC3CC2Cc2ccccc21,0.7109652720809407,0,0.0010986804765896205
CN(C)[C@@H]1C(O)=C(C(N)=O)C(=O)[C@@]2(O)C(O)=C3C(=O)c4c(O)ccc(Cl)c4[C@@](C)(O)C3C[C@@H]12,0,O=C1C2=CC3C(=O)C=CCC3CC2Cc2ccccc21,CN(C)[C@@H]1C(O)=C(C(=O)NCNC(CCCCN)C(=O)O)C(=O)[C@@]2(O)C(O)=C3C(=O)c4c(O)cccc4[C@@](C)(O)[C@H]3C[C@@H]12,0,O=C1C2=CC3C(=O)C=CCC3CC2Cc2ccccc21,0.5123287671232877,0,0.0008523923703295813
CN(C)[C@@H]1C(O)=C(C(N)=O)C(=O)[C@@]2(O)C(O)=C3C(=O)c4c(O)ccc(Cl)c4[C@@](C)(O)C3C[C@@H]12,0,O=C1C2=CC3C(=O)C=CCC3CC2Cc2ccccc21,Nc1c(O)cccc1C(=O)CC(N)C(=O)O,0,c1ccccc1,0.1634812948245784,0,0.021792034017301638
CN(C)[C@@H]1C(O)=C(C(N)=O)C(=O)[C@@]2(O)C(O)=C3C(=O)c4c(O)ccc(Cl)c4[C@@](C)(O)C3C[C@@H]12,0,O=C1C2=CC3C(=O)C=CCC3CC2Cc2ccccc21,COc1cc2c(c(OC)c1OC)-c1ccc(O)c(=O)cc1[C@@H](N)CC2,0,O=c1cccc2c(c1)CCCc1ccccc1-2,0.15250936329588016,0,0.0007218797118227589
CN(C)[C@@H]1C(O)=C(C(N)=O)C(=O)[C@@]2(O)C(O)=C3C(=O)c4c(O)ccc(Cl)c4[C@@H](O)[C@H]3C[C@@H]12,0,O=C1C2=CC3C(=O)C=CCC3CC2Cc2ccccc21,CN(C)[C@@H]1C(O)=C(C(N)=O)C(=O)[C@@]2(O)C(O)=C3C(=O)c4c(O)ccc(Cl)c4[C@@](C)(O)C3C[C@@H]12,0,O=C1C2=CC3C(=O)C=CCC3CC2Cc2ccccc21,0.7109652720809407,0,0.000696995690002076
CN(C)[C@@H]1C(O)=C(C(N)=O)C(=O)[C@@]2(O)C(O)=C3C(=O)c4c(O)ccc(Cl)c4[C@@H](O)[C@H]3C[C@@H]12,0,O=C1C2=CC3C(=O)C=CCC3CC2Cc2ccccc21,CN(C)[C@@H]1C(O)=C(C(=O)NCNC(CCCCN)C(=O)O)C(=O)[C@@]2(O)C(O)=C3C(=O)c4c(O)cccc4[C@@](C)(O)[C@H]3C[C@@H]12,0,O=C1C2=CC3C(=O)C=CCC3CC2Cc2ccccc21,0.4107704829083017,0,0.000864380340548986
CN(C)[C@@H]1C(O)=C(C(N)=O)C(=O)[C@@]2(O)C(O)=C3C(=O)c4c(O)ccc(Cl)c4[C@@H](O)[C@H]3C[C@@H]12,0,O=C1C2=CC3C(=O)C=CCC3CC2Cc2ccccc21,COc1cc2c(c(OC)c1OC)-c1ccc(O)c(=O)cc1[C@@H](N)CC2,0,O=c1cccc2c(c1)CCCc1ccccc1-2,0.15286972365624052,0,0.0009971145166938497
CN(C)[C@@H]1C(O)=C(C(N)=O)C(=O)[C@@]2(O)C(O)=C3C(=O)c4c(O)ccc(Cl)c4[C@@H](O)[C@H]3C[C@@H]12,0,O=C1C2=CC3C(=O)C=CCC3CC2Cc2ccccc21,CCCCCN(CCCCC)C(=O)C(CCC(=O)O)NC(=O)c1ccc(Cl)c(Cl)c1,0,c1ccccc1,0.14547932757837345,0,0.023050210141801586
CN(C)[C@@H]1C(O)=C(C(=O)NCNC(CCCCN)C(=O)O)C(=O)[C@@]2(O)C(O)=C3C(=O)c4c(O)cccc4[C@@](C)(O)[C@H]3C[C@@H]12,0,O=C1C2=CC3C(=O)C=CCC3CC2Cc2ccccc21,CN(C)[C@@H]1C(O)=C(C(N)=O)C(=O)[C@@]2(O)C(O)=C3C(=O)c4c(O)ccc(Cl)c4[C@@](C)(O)C3C[C@@H]12,0,O=C1C2=CC3C(=O)C=CCC3CC2Cc2ccccc21,0.5123287671232877,0,0.002180752970971398
CN(C)[C@@H]1C(O)=C(C(=O)NCNC(CCCCN)C(=O)O)C(=O)[C@@]2(O)C(O)=C3C(=O)c4c(O)cccc4[C@@](C)(O)[C@H]3C[C@@H]12,0,O=C1C2=CC3C(=O)C=CCC3CC2Cc2ccccc21,CN(C)[C@@H]1C(O)=C(C(N)=O)C(=O)[C@@]2(O)C(O)=C3C(=O)c4c(O)ccc(Cl)c4[C@@H](O)[C@H]3C[C@@H]12,0,O=C1C2=CC3C(=O)C=CCC3CC2Cc2ccccc21,0.4107704829083017,0,0.0025553240983934972
CN(C)[C@@H]1C(O)=C(C(=O)NCNC(CCCCN)C(=O)O)C(=O)[C@@]2(O)C(O)=C3C(=O)c4c(O)cccc4[C@@](C)(O)[C@H]3C[C@@H]12,0,O=C1C2=CC3C(=O)C=CCC3CC2Cc2ccccc21,Nc1c(O)cccc1C(=O)CC(N)C(=O)O,0,c1ccccc1,0.21246424808068642,0,0.019919337213527556
CN(C)[C@@H]1C(O)=C(C(=O)NCNC(CCCCN)C(=O)O)C(=O)[C@@]2(O)C(O)=C3C(=O)c4c(O)cccc4[C@@](C)(O)[C@H]3C[C@@H]12,0,O=C1C2=CC3C(=O)C=CCC3CC2Cc2ccccc21,CN1C[C@H](C(=O)N[C@]2(C)O[C@@]3(O)[C@@H]4CCCN4C(=O)[C@H](Cc4ccccc4)N3C2=O)CC2c3cccc4[nH]cc(c34)C[C@H]21,0,O=C(NC1OC2C3CCCN3C(=O)C(Cc3ccccc3)N2C1=O)C1CNC2Cc3c[nH]c4cccc(c34)C2C1,0.1808386721025044,0,0.0004734330533757315
