query_smiles,query_label,query_scaffold,neighbor_smiles,neighbor_label,neighbor_scaffold,similarity,prediction,score
CC[N+](C)(C)c1cccc(O)c1,0,c1ccccc1,CNC[C@H](O)c1cccc(O)c1,1,c1ccccc1,0.32993421052631583,0,0.1418159028911994
CC[N+](C)(C)c1cccc(O)c1,0,c1ccccc1,CCC(=O)C1(c2cccc(O)c2)CCN(C)CC1,1,c1ccc(C2CCNCC2)cc1,0.2961098398169337,0,0.10239158993853141
CC[N+](C)(C)c1cccc(O)c1,0,c1ccccc1,CC[N+](C)(C)Cc1ccccc1Br,1,c1ccccc1,0.26052631578947366,0,0.15412012334097966
CC[N+](C)(C)c1cccc(O)c1,0,c1ccccc1,CCN(C)C(=O)Oc1cccc([C@H](C)N(C)C)c1,1,c1ccccc1,0.22439024390243903,0,0.13374735615488342
C[C@H](N)[C@H](O)c1ccccc1,1,c1ccccc1,CN[C@@H](C)[C@@H](O)c1ccccc1,1,c1ccccc1,0.5844444444444444,1,0.8874084512568572
C[C@H](N)[C@H](O)c1ccccc1,1,c1ccccc1,NC(=O)OCC(COC(N)=O)c1ccccc1,1,c1ccccc1,0.3337662337662338,1,0.9262990613396878
C[C@H](N)[C@H](O)c1ccccc1,1,c1ccccc1,CC(CC(c1ccccc1)c1ccccc1)NC(C)(C)C,1,c1ccc(Cc2ccccc2)cc1,0.328054298642534,1,0.7497275126490623
C[C@H](N)[C@H](O)c1ccccc1,1,c1ccccc1,CC(C(=O)O)c1cccc(C(=O)c2ccccc2)c1,1,O=C(c1ccccc1)c1ccccc1,0.32,1,0.936427777824025
Cc1cccc(C)c1NC(=O)C(C)N,1,c1ccccc1,CCN(CC)CC(=O)Nc1c(C)cccc1C,1,c1ccccc1,0.4793233082706767,1,0.9032279131281672
Cc1cccc(C)c1NC(=O)C(C)N,1,c1ccccc1,Cc1cccc(C)c1NC(=O)c1cc(S(N)(=O)=O)c(Cl)cc1O,1,O=C(Nc1ccccc1)c1ccccc1,0.4004347826086957,1,0.9848737659963834
Cc1cccc(C)c1NC(=O)C(C)N,1,c1ccccc1,Cc1cccc(C)c1OCC(C)N,1,c1ccccc1,0.3610810810810811,1,0.9783723300474744
Cc1cccc(C)c1NC(=O)C(C)N,1,c1ccccc1,C[C@H](N)[C@H](O)c1ccccc1,1,c1ccccc1,0.29365079365079366,1,0.9750753541857553
CC(C)(C)NCC(O)c1ccccc1Cl,1,c1ccccc1,CCc1cccc2cc(C(O)CNC(C)(C)C)oc12,1,c1ccc2occc2c1,0.40384615384615385,1,0.6484501914106501
CC(C)(C)NCC(O)c1ccccc1Cl,1,c1ccccc1,CC(C)(C)NC[C@H](O)COc1ccccc1C1CCCC1,1,c1ccc(C2CCCC2)cc1,0.3555236728837877,1,0.9053410134821666
CC(C)(C)NCC(O)c1ccccc1Cl,1,c1ccccc1,CC(C)(C)NCC(O)COc1cccc2c1C[C@H](O)[C@H](O)C2,1,c1ccc2c(c1)CCCC2,0.3268518518518519,1,0.9478652608437818
CC(C)(C)NCC(O)c1ccccc1Cl,1,c1ccccc1,Clc1ccc(C(c2ccccc2Cl)C(Cl)Cl)cc1,1,c1ccc(Cc2ccccc2)cc1,0.32240853658536583,1,0.9843009622544453
CCN(CC)CCNC(=O)c1cc(Cl)c(N)cc1OC,1,c1ccccc1,CCN(CC)CCNC(=O)c1cc(Br)c(N)cc1OC,1,c1ccccc1,0.7957446808510638,1,0.9844944697950064
CCN(CC)CCNC(=O)c1cc(Cl)c(N)cc1OC,1,c1ccccc1,CCN(CC)CCNC(=O)c1ccc(N)cc1,1,c1ccccc1,0.4905102040816327,1,0.98383394742667
CCN(CC)CCNC(=O)c1cc(Cl)c(N)cc1OC,1,c1ccccc1,COc1cc(N)c(Cl)cc1C(=O)N[C@@H]1CCN(CCCOc2ccc(F)cc2)C[C@@H]1OC,1,O=C(NC1CCN(CCCOc2ccccc2)CC1)c1ccccc1,0.40202020202020206,1,0.9711286945211449
CCN(CC)CCNC(=O)c1cc(Cl)c(N)cc1OC,1,c1ccccc1,CC(C)(Oc1ccc(CCNC(=O)c2ccc(Cl)cc2)cc1)C(=O)O,1,O=C(NCCc1ccccc1)c1ccccc1,0.26701631701631706,1,0.9957318996836341
CC[N+](C)(C)Cc1ccccc1Br,1,c1ccccc1,CCC1(c2ccccc2)C(=O)NC(=O)NC1=O,1,O=C1NC(=O)C(c2ccccc2)C(=O)N1,0.1960975609756098,1,0.8763238929422582
CC[N+](C)(C)Cc1ccccc1Br,1,c1ccccc1,Nc1c(CC(=O)O)cccc1C(=O)c1ccc(Br)cc1,1,O=C(c1ccccc1)c1ccccc1,0.19571926331508216,1,0.7351774429584289
CC[N+](C)(C)Cc1ccccc1Br,1,c1ccccc1,CC(C)(C)NCC(O)c1ccccc1Cl,1,c1ccccc1,0.19446640316205538,1,0.5350215833901265
CC[N+](C)(C)Cc1ccccc1Br,1,c1ccccc1,CCC1(c2ccccc2)C(=O)NCNC1=O,1,O=C1NCNC(=O)C1c1ccccc1,0.1888372093023256,1,0.8929109174244166
CCOc1ccc(NC(C)=O)cc1,1,c1ccccc1,CC(=O)Nc1ccc(OCC(O)CNC(C)C)cc1,1,c1ccccc1,0.5587500000000001,1,0.9054229432419647
CCOc1ccc(NC(C)=O)cc1,1,c1ccccc1,CC(=O)Nc1ccc(O)cc1,1,c1ccccc1,0.5386666666666667,1,0.9400972245691102
CCOc1ccc(NC(C)=O)cc1,1,c1ccccc1,CN(CCOc1ccc(NS(C)(=O)=O)cc1)CCc1ccc(NS(C)(=O)=O)cc1,1,c1ccc(CCNCCOc2ccccc2)cc1,0.31746031746031744,1,0.9529165094184636
CCOc1ccc(NC(C)=O)cc1,1,c1ccccc1,CCCC(=O)Nc1ccc(OCC(O)CNC(C)C)c(C(C)=O)c1,1,c1ccccc1,0.3055137844611529,1,0.9333568290372424
C[C@](N)(Cc1ccc(O)c(O)c1)C(=O)O,1,c1ccccc1,N[C@@H](Cc1ccc(O)c(O)c1)C(=O)O,1,c1ccccc1,0.5189473684210526,1,0.8909865199376891
C[C@](N)(Cc1ccc(O)c(O)c1)C(=O)O,1,c1ccccc1,CC(C)Cc1ccc(C(C)C(=O)O)cc1,1,c1ccccc1,0.2984011627906977,1,0.8932481497328234
C[C@](N)(Cc1ccc(O)c(O)c1)C(=O)O,1,c1ccccc1,CC(CCc1ccccc1)NCC(O)c1ccc(O)c(C(N)=O)c1,1,c1ccc(CCCNCCc2ccccc2)cc1,0.2686072218128224,1,0.8682861503786707
C[C@](N)(Cc1ccc(O)c(O)c1)C(=O)O,1,c1ccccc1,Cc1ccc(C)c(OCCCC(C)(C)C(=O)O)c1,1,c1ccccc1,0.2651428571428572,1,0.7828407689998577
O=C(O)CCCc1ccc(N(CCCl)CCCl)cc1,1,c1ccccc1,N[C@@H](Cc1ccc(N(CCCl)CCCl)cc1)C(=O)O,1,c1ccccc1,0.5626016260162602,1,0.9785754057067209
O=C(O)CCCc1ccc(N(CCCl)CCCl)cc1,1,c1ccccc1,Cn1c(CCCC(=O)O)nc2cc(N(CCCl)CCCl)ccc21,1,c1ccc2[nH]cnc2c1,0.5341818181818182,1,0.9909633760034057
O=C(O)CCCc1ccc(N(CCCl)CCCl)cc1,1,c1ccccc1,O=C(O)CCC(=O)c1ccc(-c2ccccc2)cc1,1,c1ccc(-c2ccccc2)cc1,0.28421052631578947,1,0.9933356930557965
O=C(O)CCCc1ccc(N(CCCl)CCCl)cc1,1,c1ccccc1,CC(C)Cc1ccc(C(C)C(=O)O)cc1,1,c1ccccc1,0.2423340961098398,1,0.9877650661709325
CCNC(C)Cc1cccc(C(F)(F)F)c1,1,c1ccccc1,CCOc1ccccc1OCCN[C@H](C)Cc1ccc(OC)c(S(N)(=O)=O)c1,1,c1ccc(CCNCCOc2ccccc2)cc1,0.31149825783972124,1,0.8509137213847774
CCNC(C)Cc1cccc(C(F)(F)F)c1,1,c1ccccc1,CC(CCc1ccccc1)NCC(O)c1ccc(O)c(C(N)=O)c1,1,c1ccc(CCCNCCc2ccccc2)cc1,0.2633158289572393,1,0.8538939888450334
CCNC(C)Cc1cccc(C(F)(F)F)c1,1,c1ccccc1,CC(CC(c1ccccc1)c1ccccc1)NC(C)(C)C,1,c1ccc(Cc2ccccc2)cc1,0.25380434782608696,1,0.8741580958847921
CCNC(C)Cc1cccc(C(F)(F)F)c1,1,c1ccccc1,C[C@H](NCCc1ccc(O)cc1)[C@H](O)c1ccc(O)cc1,1,c1ccc(CCNCCc2ccccc2)cc1,0.22813186813186814,1,0.9558388869168963
CCN(CC)CCNC(=O)c1ccc(N)cc1,1,c1ccccc1,CCN(CC)CCNC(=O)c1cc(Br)c(N)cc1OC,1,c1ccccc1,0.4905102040816327,1,0.9794304914464071
CCN(CC)CCNC(=O)c1ccc(N)cc1,1,c1ccccc1,CCN(CC)CCNC(=O)c1cc(Cl)c(N)cc1OC,1,c1ccccc1,0.4905102040816327,1,0.9830554090507378
CCN(CC)CCNC(=O)c1ccc(N)cc1,1,c1ccccc1,O=C(NCCN1CCOCC1)c1ccc(Cl)cc1,1,O=C(NCCN1CCOCC1)c1ccccc1,0.3641081081081081,1,0.9773374838193688
CCN(CC)CCNC(=O)c1ccc(N)cc1,1,c1ccccc1,CCN(CC)CC(=O)Nc1c(C)cccc1C,1,c1ccccc1,0.32125603864734303,1,0.9631588673217044
CN(C)C(=O)Oc1cccc([N+](C)(C)C)c1,0,c1ccccc1,CCN(C)C(=O)Oc1cccc([C@H](C)N(C)C)c1,1,c1ccccc1,0.40118203309692674,0,0.0977040372387338
CN(C)C(=O)Oc1cccc([N+](C)(C)C)c1,0,c1ccccc1,CC(C(=O)O)c1cccc(Oc2ccccc2)c1,1,c1ccc(Oc2ccccc2)cc1,0.26819221967963386,0,0.11638003772939913
CN(C)C(=O)Oc1cccc([N+](C)(C)C)c1,0,c1ccccc1,CN(C)CC(Oc1ccccc1)Oc1ccccc1,1,c1ccc(OCOc2ccccc2)cc1,0.24229651162790697,0,0.16989413848509577
CN(C)C(=O)Oc1cccc([N+](C)(C)C)c1,0,c1ccccc1,COc1cccc([C@@]2(O)CCCC[C@@H]2CN(C)C)c1,1,c1ccc(C2CCCCC2)cc1,0.2247648902821317,0,0.07780994278290551
Cc1ccc(C)c(OCCCC(C)(C)C(=O)O)c1,1,c1ccccc1,C[C@](N)(Cc1ccc(O)c(O)c1)C(=O)O,1,c1ccccc1,0.2651428571428572,1,0.9247449856589824
Cc1ccc(C)c(OCCCC(C)(C)C(=O)O)c1,1,c1ccccc1,Cc1ccc(Nc2c(F)cccc2Cl)c(CC(=O)O)c1,1,c1ccc(Nc2ccccc2)cc1,0.24582877959927144,1,0.970017559876704
Cc1ccc(C)c(OCCCC(C)(C)C(=O)O)c1,1,c1ccccc1,CC(C(=O)O)c1cccc(Oc2ccccc2)c1,1,c1ccc(Oc2ccccc2)cc1,0.23427672955974846,1,0.9657598733570005
Cc1ccc(C)c(OCCCC(C)(C)C(=O)O)c1,1,c1ccccc1,CCCCNC(=O)NS(=O)(=O)c1ccc(C)cc1,1,c1ccccc1,0.2282039911308204,1,0.9115824783359109
CC(=O)Nc1ccc(O)cc1,1,c1ccccc1,CCOc1ccc(NC(C)=O)cc1,1,c1ccccc1,0.5386666666666667,1,0.682544472045813
CC(=O)Nc1ccc(O)cc1,1,c1ccccc1,CC(=O)Nc1ccc(OCC(O)CNC(C)C)cc1,1,c1ccccc1,0.4057142857142858,1,0.974917236498619
CC(=O)Nc1ccc(O)cc1,1,c1ccccc1,Cc1cccc(C)c1NC(=O)C(C)N,1,c1ccccc1,0.26792792792792797,1,0.832593283869199
CC(=O)Nc1ccc(O)cc1,1,c1ccccc1,CC(C)NC[C@H](O)COc1ccc(O)cc1,1,c1ccccc1,0.2628571428571429,1,0.8893128811567617
CC(C)NCC(O)COc1ccc(CC(N)=O)cc1,1,c1ccccc1,COCCc1ccc(OCC(O)CNC(C)C)cc1,1,c1ccccc1,0.6437237237237238,1,0.9361319884672537
CC(C)NCC(O)COc1ccc(CC(N)=O)cc1,1,c1ccccc1,CC(C)NC[C@H](O)COc1ccc(O)cc1,1,c1ccccc1,0.6350948509485095,1,0.8661396338542007
CC(C)NCC(O)COc1ccc(CC(N)=O)cc1,1,c1ccccc1,CC(=O)Nc1ccc(OCC(O)CNC(C)C)cc1,1,c1ccccc1,0.6293567251461989,1,0.8446338406537508
CC(C)NCC(O)COc1ccc(CC(N)=O)cc1,1,c1ccccc1,CC(C)NCC(O)COc1ccc(COCCOC(C)C)cc1,1,c1ccccc1,0.5790940766550523,1,0.9382806160968016
CC(C)Cc1ccc(C(C)C(=O)O)cc1,1,c1ccccc1,CC(C(=O)O)c1cccc(C(=O)c2ccccc2)c1,1,O=C(c1ccccc1)c1ccccc1,0.4343079922027291,1,0.9565586384783314
CC(C)Cc1ccc(C(C)C(=O)O)cc1,1,c1ccccc1,CC(C(=O)O)c1ccc(-c2ccccc2)c(F)c1,1,c1ccc(-c2ccccc2)cc1,0.42322580645161295,1,0.928538374361962
CC(C)Cc1ccc(C(C)C(=O)O)cc1,1,c1ccccc1,CC(C(=O)O)c1cccc(Oc2ccccc2)c1,1,c1ccc(Oc2ccccc2)cc1,0.421978021978022,1,0.9537252099153899
CC(C)Cc1ccc(C(C)C(=O)O)cc1,1,c1ccccc1,N[C@@H](Cc1ccc(O)c(O)c1)C(=O)O,1,c1ccccc1,0.3541666666666667,1,0.9326133288584317
COCCCC/C(=N\OCCN)c1ccc(C(F)(F)F)cc1,1,c1ccccc1,CCNC(C)Cc1cccc(C(F)(F)F)c1,1,c1ccccc1,0.20007624857033932,1,0.8396790557073446
COCCCC/C(=N\OCCN)c1ccc(C(F)(F)F)cc1,1,c1ccccc1,NNC(=O)c1ccncc1,1,c1ccncc1,0.18294970161977836,1,0.9443123394277324
COCCCC/C(=N\OCCN)c1ccc(C(F)(F)F)cc1,1,c1ccccc1,COCCc1ccc(OCC(O)CNC(C)C)cc1,1,c1ccccc1,0.18153846153846157,1,0.7880082696856624
COCCCC/C(=N\OCCN)c1ccc(C(F)(F)F)cc1,1,c1ccccc1,CCN(CC)CCNC(=O)c1ccc(N)cc1,1,c1ccccc1,0.1780392156862745,1,0.9014577363213669
NC[C@H](O)c1ccc(O)c(O)c1,0,c1ccccc1,CNC[C@H](O)c1cccc(O)c1,1,c1ccccc1,0.38063157894736843,0,0.23099934789403515
NC[C@H](O)c1ccc(O)c(O)c1,0,c1ccccc1,N[C@@H](Cc1ccc(O)c(O)c1)C(=O)O,1,c1ccccc1,0.3649520488230166,0,0.3341070224411266
NC[C@H](O)c1ccc(O)c(O)c1,0,c1ccccc1,CC(CCc1ccccc1)NCC(O)c1ccc(O)c(C(N)=O)c1,1,c1ccc(CCCNCCc2ccccc2)cc1,0.3230769230769231,0,0.43908312436065505
NC[C@H](O)c1ccc(O)c(O)c1,0,c1ccccc1,C[C@](N)(Cc1ccc(O)c(O)c1)C(=O)O,1,c1ccccc1,0.32125,0,0.3961993335051648
NCC(O)c1cccc(O)c1,0,c1ccccc1,CNC[C@H](O)c1cccc(O)c1,1,c1ccccc1,0.625,1,0.5921425353974855
NCC(O)c1cccc(O)c1,0,c1ccccc1,C[C@H](N)[C@H](O)c1ccccc1,1,c1ccccc1,0.33529411764705885,1,0.6619965600181544
NCC(O)c1cccc(O)c1,0,c1ccccc1,CCC(=O)C1(c2cccc(O)c2)CCN(C)CC1,1,c1ccc(C2CCNCC2)cc1,0.2861414606095457,0,0.3017773585108704
NCC(O)c1cccc(O)c1,0,c1ccccc1,CC(CCc1ccccc1)NCC(O)c1ccc(O)c(C(N)=O)c1,1,c1ccc(CCCNCCc2ccccc2)cc1,0.28568764568764565,0,0.3987125859994438
CN[C@@H](C)[C@@H](O)c1ccccc1,1,c1ccccc1,C[C@H](N)[C@H](O)c1ccccc1,1,c1ccccc1,0.5844444444444444,1,0.8389729207868067
CN[C@@H](C)[C@@H](O)c1ccccc1,1,c1ccccc1,C[C@H](NCCc1ccc(O)cc1)[C@H](O)c1ccc(O)cc1,1,c1ccc(CCNCCc2ccccc2)cc1,0.4018796992481203,1,0.9762826961681781
CN[C@@H](C)[C@@H](O)c1ccccc1,1,c1ccccc1,CNC[C@H](O)c1cccc(O)c1,1,c1ccccc1,0.3557557557557558,1,0.8477986312380211
CN[C@@H](C)[C@@H](O)c1ccccc1,1,c1ccccc1,CC(CC(c1ccccc1)c1ccccc1)NC(C)(C)C,1,c1ccc(Cc2ccccc2)cc1,0.34835978835978837,1,0.8861814727894572
CCOC(=O)C(C)(C)Oc1ccc(Cl)cc1,0,c1ccccc1,CC(C)(Oc1ccc(CCNC(=O)c2ccc(Cl)cc2)cc1)C(=O)O,1,O=C(NCCc1ccccc1)c1ccccc1,0.42282003710575145,0,0.40092580313480763
CCOC(=O)C(C)(C)Oc1ccc(Cl)cc1,0,c1ccccc1,CCOc1ccc(NC(C)=O)cc1,1,c1ccccc1,0.3024665257223397,0,0.41570412276520907
CCOC(=O)C(C)(C)Oc1ccc(Cl)cc1,0,c1ccccc1,CCOC(=O)C1(c2ccccc2)CCN(C)CC1,1,c1ccc(C2CCNCC2)cc1,0.26181630546955625,1,0.508128153253675
CCOC(=O)C(C)(C)Oc1ccc(Cl)cc1,0,c1ccccc1,NCC(CC(=O)O)c1ccc(Cl)cc1,1,c1ccccc1,0.25833333333333336,0,0.28572867244713557
Cc1cccc(C)c1OCC(C)N,1,c1ccccc1,Cc1cccc(C)c1NC(=O)C(C)N,1,c1ccccc1,0.3610810810810811,1,0.9049712273327263
Cc1cccc(C)c1OCC(C)N,1,c1ccccc1,C[C@H](N)[C@H](O)c1ccccc1,1,c1ccccc1,0.2826373626373626,1,0.9346889879618584
Cc1cccc(C)c1OCC(C)N,1,c1ccccc1,Cc1ccccc1C(OCCN(C)C)c1ccccc1,1,c1ccc(Cc2ccccc2)cc1,0.2484967320261438,1,0.8820321556182263
Cc1cccc(C)c1OCC(C)N,1,c1ccccc1,C=CCOc1ccccc1OCC(O)CNC(C)C,1,c1ccccc1,0.24625850340136057,1,0.8347596933926547
COc1cc(C)c(/C=C/C(C)=C/C=C/C(C)=C/C(=O)O)c(C)c1C,1,c1ccccc1,CC1=C(/C=C/C(C)=C/C=C/C(C)=C\C(=O)O)C(C)(C)CCC1,1,C1=CCCCC1,0.426578073089701,1,0.9488538555691959
COc1cc(C)c(/C=C/C(C)=C/C=C/C(C)=C/C(=O)O)c(C)c1C,1,c1ccccc1,Cc1ccc(C)c(OCCCC(C)(C)C(=O)O)c1,1,c1ccccc1,0.2204660587639311,1,0.8583336038787533
COc1cc(C)c(/C=C/C(C)=C/C=C/C(C)=C/C(=O)O)c(C)c1C,1,c1ccccc1,COc1cc2c(c(OC)c1OC)-c1ccc(OC)c(=O)cc1C(NC(C)=O)CC2,1,O=c1cccc2c(c1)CCCc1ccccc1-2,0.19845614035087722,1,0.8827867796414774
COc1cc(C)c(/C=C/C(C)=C/C=C/C(C)=C/C(=O)O)c(C)c1C,1,c1ccccc1,COc1cc(OC)c(C(=O)CCCN2CCCC2)c(OC)c1,1,O=C(CCCN1CCCC1)c1ccccc1,0.18935897435897436,1,0.9200274618117237
CCCN(CCC)S(=O)(=O)c1ccc(C(=O)O)cc1,1,c1ccccc1,CCCCNc1cc(C(=O)O)cc(S(N)(=O)=O)c1Oc1ccccc1,1,c1ccc(Oc2ccccc2)cc1,0.3100383141762452,1,0.9792636917303138
CCCN(CCC)S(=O)(=O)c1ccc(C(=O)O)cc1,1,c1ccccc1,CCCCNC(=O)NS(=O)(=O)c1ccc(C)cc1,1,c1ccccc1,0.2912280701754386,1,0.958546479258106
CCCN(CCC)S(=O)(=O)c1ccc(C(=O)O)cc1,1,c1ccccc1,CCN(CC)CCNC(=O)c1ccc(N)cc1,1,c1ccccc1,0.26313706086095995,1,0.9894107919734774
CCCN(CCC)S(=O)(=O)c1ccc(C(=O)O)cc1,1,c1ccccc1,O=C(O)CCC(=O)c1ccc(-c2ccccc2)cc1,1,c1ccc(-c2ccccc2)cc1,0.25091137649277184,1,0.9685419375135921
CC(C)NC[C@H](O)COc1ccc(O)cc1,1,c1ccccc1,CC(=O)Nc1ccc(OCC(O)CNC(C)C)cc1,1,c1ccccc1,0.6514285714285715,1,0.8687701263334451
CC(C)NC[C@H](O)COc1ccc(O)cc1,1,c1ccccc1,COCCc1ccc(OCC(O)CNC(C)C)cc1,1,c1ccccc1,0.6477777777777778,1,0.7741791259043135
CC(C)NC[C@H](O)COc1ccc(O)cc1,1,c1ccccc1,CC(C)NCC(O)COc1ccc(CC(N)=O)cc1,1,c1ccccc1,0.6350948509485095,1,0.8635944441759935
CC(C)NC[C@H](O)COc1ccc(O)cc1,1,c1ccccc1,CC(C)NCC(O)COc1ccc(COCCOC(C)C)cc1,1,c1ccccc1,0.6233782129742963,1,0.8149218259323601
CCN(CC)CC(=O)Nc1c(C)cccc1C,1,c1ccccc1,Cc1cccc(C)c1NC(=O)C(C)N,1,c1ccccc1,0.4793233082706767,1,0.969858541935765
CCN(CC)CC(=O)Nc1c(C)cccc1C,1,c1ccccc1,Cc1cccc(C)c1NC(=O)c1cc(S(N)(=O)=O)c(Cl)cc1O,1,O=C(Nc1ccccc1)c1ccccc1,0.33495934959349594,1,0.9818595019525277
CCN(CC)CC(=O)Nc1c(C)cccc1C,1,c1ccccc1,CCN(CC)CCNC(=O)c1ccc(N)cc1,1,c1ccccc1,0.32125603864734303,1,0.9837403049831087
CCN(CC)CC(=O)Nc1c(C)cccc1C,1,c1ccccc1,CCCN(CCC)CCc1cccc2c1CC(=O)N2,1,O=C1Cc2ccccc2N1,0.26884531590413946,1,0.9781570236879562
CCCCNC(=O)NS(=O)(=O)c1ccc(C)cc1,1,c1ccccc1,Cc1cnc(C(=O)NCCc2ccc(S(=O)(=O)NC(=O)NC3CCCCC3)cc2)cn1,1,O=C(NC1CCCCC1)NS(=O)(=O)c1ccc(CCNC(=O)c2cnccn2)cc1,0.35681818181818187,1,0.995857617208142
CCCCNC(=O)NS(=O)(=O)c1ccc(C)cc1,1,c1ccccc1,CCCN(CCC)S(=O)(=O)c1ccc(C(=O)O)cc1,1,c1ccccc1,0.2912280701754386,1,0.9673370021814226
CCCCNC(=O)NS(=O)(=O)c1ccc(C)cc1,1,c1ccccc1,CCCCNc1cc(C(=O)O)cc(S(N)(=O)=O)c1Oc1ccccc1,1,c1ccc(Oc2ccccc2)cc1,0.26833443054641215,1,0.9821435385915419
CCCCNC(=O)NS(=O)(=O)c1ccc(C)cc1,1,c1ccccc1,Cc1noc(NS(=O)(=O)c2ccc(N)cc2)c1C,1,O=S(=O)(Nc1ccno1)c1ccccc1,0.24860736747529202,1,0.9795209395847732
C=CCc1ccccc1OCC(O)CNC(C)C,0,c1ccccc1,C=CCOc1ccccc1OCC(O)CNC(C)C,1,c1ccccc1,0.7196013289036545,1,0.7544000747580712
C=CCc1ccccc1OCC(O)CNC(C)C,0,c1ccccc1,CC(C)NC[C@H](O)COc1ccc(O)cc1,1,c1ccccc1,0.5015276145710929,1,0.7823211365344304
C=CCc1ccccc1OCC(O)CNC(C)C,0,c1ccccc1,CC(C)NCC(O)COc1ccc(CC(N)=O)cc1,1,c1ccccc1,0.4820512820512821,1,0.7308848873010051
C=CCc1ccccc1OCC(O)CNC(C)C,0,c1ccccc1,COCCc1ccc(OCC(O)CNC(C)C)cc1,1,c1ccccc1,0.4666666666666667,1,0.8730806926917367
NC(=O)OCC(COC(N)=O)c1ccccc1,1,c1ccccc1,C[C@H](N)[C@H](O)c1ccccc1,1,c1ccccc1,0.3337662337662338,1,0.9468325809796772
NC(=O)OCC(COC(N)=O)c1ccccc1,1,c1ccccc1,NCC(CC(=O)O)c1ccc(Cl)cc1,1,c1ccccc1,0.3180952380952381,1,0.8583897925965823
NC(=O)OCC(COC(N)=O)c1ccccc1,1,c1ccccc1,CC(C(=O)O)c1cccc(Oc2ccccc2)c1,1,c1ccc(Oc2ccccc2)cc1,0.3099085365853659,1,0.8933576005537827
NC(=O)OCC(COC(N)=O)c1ccccc1,1,c1ccccc1,CC(C(=O)O)c1cccc(C(=O)c2ccccc2)c1,1,O=C(c1ccccc1)c1ccccc1,0.2922108575924469,1,0.8961329472717563
CCCCCCCN(CC)CCCC(O)c1ccc(NS(C)(=O)=O)cc1,0,c1ccccc1,CC(C)NCC(O)c1ccc(NS(C)(=O)=O)cc1,1,c1ccccc1,0.49183673469387756,1,0.5058492934724865
CCCCCCCN(CC)CCCC(O)c1ccc(NS(C)(=O)=O)cc1,0,c1ccccc1,CN(CCOc1ccc(NS(C)(=O)=O)cc1)CCc1ccc(NS(C)(=O)=O)cc1,1,c1ccc(CCNCCOc2ccccc2)cc1,0.34853620955315867,0,0.35168281641892996
CCCCCCCN(CC)CCCC(O)c1ccc(NS(C)(=O)=O)cc1,0,c1ccccc1,CC(C)(C(=O)O)c1ccc(C(O)CCCN2CCC(C(O)(c3ccccc3)c3ccccc3)CC2)cc1,1,c1ccc(CCCCN2CCC(C(c3ccccc3)c3ccccc3)CC2)cc1,0.26470416788108425,0,0.39421894080816605
CCCCCCCN(CC)CCCC(O)c1ccc(NS(C)(=O)=O)cc1,0,c1ccccc1,CCN(CC)CC(=O)Nc1c(C)cccc1C,1,c1ccccc1,0.26450742240215924,0,0.371567647680924
N[C@@H](Cc1ccc(O)c(O)c1)C(=O)O,1,c1ccccc1,C[C@](N)(Cc1ccc(O)c(O)c1)C(=O)O,1,c1ccccc1,0.5189473684210526,1,0.910465506801506
N[C@@H](Cc1ccc(O)c(O)c1)C(=O)O,1,c1ccccc1,N[C@@H](Cc1ccc(N(CCCl)CCCl)cc1)C(=O)O,1,c1ccccc1,0.4855555555555556,1,0.9607468428176636
N[C@@H](Cc1ccc(O)c(O)c1)C(=O)O,1,c1ccccc1,CC(C)Cc1ccc(C(C)C(=O)O)cc1,1,c1ccccc1,0.3541666666666667,1,0.8162281265890639
N[C@@H](Cc1ccc(O)c(O)c1)C(=O)O,1,c1ccccc1,N[C@@H](CCS)C(=O)O,1,,0.33624288425047444,1,0.9032162049650742
CNC[C@H](O)c1cccc(O)c1,1,c1ccccc1,CN[C@@H](C)[C@@H](O)c1ccccc1,1,c1ccccc1,0.3557557557557558,1,0.6631143793935342
CNC[C@H](O)c1cccc(O)c1,1,c1ccccc1,CC(CCc1ccccc1)NCC(O)c1ccc(O)c(C(N)=O)c1,1,c1ccc(CCCNCCc2ccccc2)cc1,0.3395804195804196,1,0.5582799319991577
CNC[C@H](O)c1cccc(O)c1,1,c1ccccc1,C[C@H](NCCc1ccc(O)cc1)[C@H](O)c1ccc(O)cc1,1,c1ccc(CCNCCc2ccccc2)cc1,0.31655913978494626,1,0.930292429745742
CNC[C@H](O)c1cccc(O)c1,1,c1ccccc1,CC(C)(C)NCC(O)c1ccccc1Cl,1,c1ccccc1,0.30568181818181817,1,0.6606989950891583
C#CCN(C)[C@H](C)Cc1ccccc1,0,c1ccccc1,CN(C)CC(Oc1ccccc1)Oc1ccccc1,1,c1ccc(OCOc2ccccc2)cc1,0.29776674937965264,0,0.3235883178630855
C#CCN(C)[C@H](C)Cc1ccccc1,0,c1ccccc1,CCC(=O)C(CC(C)N(C)C)(c1ccccc1)c1ccccc1,1,c1ccc(Cc2ccccc2)cc1,0.28794326241134754,0,0.40183867475276125
C#CCN(C)[C@H](C)Cc1ccccc1,0,c1ccccc1,CN(C)CCOC(c1ccccc1)c1ccccc1,1,c1ccc(Cc2ccccc2)cc1,0.2740399385560676,1,0.6014657551691763
C#CCN(C)[C@H](C)Cc1ccccc1,0,c1ccccc1,CC(CN1c2ccccc2Sc2ccccc21)N(C)C,1,c1ccc2c(c1)Nc1ccccc1S2,0.2662745098039216,0,0.3487926594864613
CCCC(=O)Nc1ccc(OCC(O)CNC(C)C)c(C(C)=O)c1,1,c1ccccc1,CCN(CC)C(=O)Nc1ccc(OCC(O)CNC(C)(C)C)c(C(C)=O)c1,1,c1ccccc1,0.5893799002138276,1,0.8741637959309847
CCCC(=O)Nc1ccc(OCC(O)CNC(C)C)c(C(C)=O)c1,1,c1ccccc1,CC(=O)Nc1ccc(OCC(O)CNC(C)C)cc1,1,c1ccccc1,0.5487361419068736,1,0.8549080842137191
CCCC(=O)Nc1ccc(OCC(O)CNC(C)C)c(C(C)=O)c1,1,c1ccccc1,CC(C)NCC(O)COc1ccc(CC(N)=O)cc1,1,c1ccccc1,0.4286956521739131,1,0.817635619405704
CCCC(=O)Nc1ccc(OCC(O)CNC(C)C)c(C(C)=O)c1,1,c1ccccc1,C=CCOc1ccccc1OCC(O)CNC(C)C,1,c1ccccc1,0.42320150659133715,1,0.8184231748357901
CC(C)NCC(O)COc1ccc(COCCOC(C)C)cc1,1,c1ccccc1,COCCc1ccc(OCC(O)CNC(C)C)cc1,1,c1ccccc1,0.6236170212765958,1,0.9435813766860286
CC(C)NCC(O)COc1ccc(COCCOC(C)C)cc1,1,c1ccccc1,CC(C)NC[C@H](O)COc1ccc(O)cc1,1,c1ccccc1,0.6233782129742963,1,0.8829232842274787
CC(C)NCC(O)COc1ccc(COCCOC(C)C)cc1,1,c1ccccc1,CC(C)NCC(O)COc1ccc(CC(N)=O)cc1,1,c1ccccc1,0.5790940766550523,1,0.9309862209231166
CC(C)NCC(O)COc1ccc(COCCOC(C)C)cc1,1,c1ccccc1,CC(C)NCC(O)COc1ccc(CCOCC2CC2)cc1,1,c1ccc(CCOCC2CC2)cc1,0.5710120068610635,1,0.9166661680765484
CCN(C)C(=O)Oc1cccc([C@H](C)N(C)C)c1,1,c1ccccc1,CC(C(=O)O)c1cccc(Oc2ccccc2)c1,1,c1ccc(Oc2ccccc2)cc1,0.3627932351336607,1,0.7515241204726416
CCN(C)C(=O)Oc1cccc([C@H](C)N(C)C)c1,1,c1ccccc1,CCC(=O)C(CC(C)N(C)C)(c1ccccc1)c1ccccc1,1,c1ccc(Cc2ccccc2)cc1,0.2966853646098929,1,0.8366960323993301
CCN(C)C(=O)Oc1cccc([C@H](C)N(C)C)c1,1,c1ccccc1,CN(C)CC(Oc1ccccc1)Oc1ccccc1,1,c1ccc(OCOc2ccccc2)cc1,0.2769825918762089,1,0.7212609193287608
CCN(C)C(=O)Oc1cccc([C@H](C)N(C)C)c1,1,c1ccccc1,CCC(=O)c1ccc2c(c1)N(CC(C)N(C)C)c1ccccc1S2,1,c1ccc2c(c1)Nc1ccccc1S2,0.27142857142857146,1,0.8415138712943905
CCN(CC)C(=O)/C(C#N)=C/c1cc(O)c(O)c([N+](=O)[O-])c1,1,c1ccccc1,Cc1ccc(C(=O)c2cc(O)c(O)c([N+](=O)[O-])c2)cc1,1,O=C(c1ccccc1)c1ccccc1,0.3832752613240419,1,0.8659849750362675
CCN(CC)C(=O)/C(C#N)=C/c1cc(O)c(O)c([N+](=O)[O-])c1,1,c1ccccc1,COC(=O)C1=C(C)NC(C)=C(C(=O)OCCN(C)Cc2ccccc2)C1c1cccc([N+](=O)[O-])c1,1,O=C(OCCNCc1ccccc1)C1=CNC=CC1c1ccccc1,0.1856887298747764,1,0.8782787718409587
CCN(CC)C(=O)/C(C#N)=C/c1cc(O)c(O)c([N+](=O)[O-])c1,1,c1ccccc1,CCN(C(C)=O)c1cccc(-c2ccnc3c(C#N)cnn23)c1,1,c1ccc(-c2ccnc3ccnn23)cc1,0.18415679869334425,1,0.9542614163984802
CCN(CC)C(=O)/C(C#N)=C/c1cc(O)c(O)c([N+](=O)[O-])c1,1,c1ccccc1,CCN(CC)C(=O)Nc1ccc(OCC(O)CNC(C)(C)C)c(C(C)=O)c1,1,c1ccccc1,0.1798295454545455,1,0.9407940723561011
CC(C)(C)NCC(O)c1cc(O)cc(O)c1,0,c1ccccc1,CNC[C@H](O)c1cccc(O)c1,1,c1ccccc1,0.4718718718718719,0,0.3720126914599759
CC(C)(C)NCC(O)c1cc(O)cc(O)c1,0,c1ccccc1,CC(C)(C)NCC(O)c1ccccc1Cl,1,c1ccccc1,0.46456140350877195,1,0.5786769373819795
CC(C)(C)NCC(O)c1cc(O)cc(O)c1,0,c1ccccc1,CCc1cccc2cc(C(O)CNC(C)(C)C)oc12,1,c1ccc2occc2c1,0.3899665551839465,0,0.3495903769161981
CC(C)(C)NCC(O)c1cc(O)cc(O)c1,0,c1ccccc1,CC(C)NCC(O)c1ccc(NS(C)(=O)=O)cc1,1,c1ccccc1,0.3088888888888889,1,0.540074214704503
CCN(CC)CCNC(=O)c1cc(Br)c(N)cc1OC,1,c1ccccc1,CCN(CC)CCNC(=O)c1cc(Cl)c(N)cc1OC,1,c1ccccc1,0.7957446808510638,1,0.9849293321404042
CCN(CC)CCNC(=O)c1cc(Br)c(N)cc1OC,1,c1ccccc1,CCN(CC)CCNC(=O)c1ccc(N)cc1,1,c1ccccc1,0.4905102040816327,1,0.9827463863207343
CCN(CC)CCNC(=O)c1cc(Br)c(N)cc1OC,1,c1ccccc1,COc1cc(N)c(Cl)cc1C(=O)N[C@@H]1CCN(CCCOc2ccc(F)cc2)C[C@@H]1OC,1,O=C(NC1CCN(CCCOc2ccccc2)CC1)c1ccccc1,0.3231593038821955,1,0.9791604294153482
CCN(CC)CCNC(=O)c1cc(Br)c(N)cc1OC,1,c1ccccc1,COc1cc2nc(N(C)CCCNC(=O)C3CCCO3)nc(N)c2cc1OC,1,O=C(NCCCNc1ncc2ccccc2n1)C1CCCO1,0.2510164940544688,1,0.9899605934837067
CCN(CC)C(=O)Nc1ccc(OCC(O)CNC(C)(C)C)c(C(C)=O)c1,1,c1ccccc1,CCCC(=O)Nc1ccc(OCC(O)CNC(C)C)c(C(C)=O)c1,1,c1ccccc1,0.5893799002138276,1,0.7688627405473617
CCN(CC)C(=O)Nc1ccc(OCC(O)CNC(C)(C)C)c(C(C)=O)c1,1,c1ccccc1,CC(C)(C)NCC(O)COc1cccc2c1CCC(=O)N2,1,O=C1CCc2ccccc2N1,0.4423626548110512,1,0.9621854024929947
CCN(CC)C(=O)Nc1ccc(OCC(O)CNC(C)(C)C)c(C(C)=O)c1,1,c1ccccc1,CC(C)(C)NC[C@H](O)COc1ccccc1C1CCCC1,1,c1ccc(C2CCCC2)cc1,0.4238432961837217,1,0.8429125273686029
CCN(CC)C(=O)Nc1ccc(OCC(O)CNC(C)(C)C)c(C(C)=O)c1,1,c1ccccc1,CC(C)(C)NCC(O)COc1cccc2c1C[C@H](O)[C@H](O)C2,1,c1ccc2c(c1)CCCC2,0.4098199672667758,1,0.9316930764790851
NCC(CC(=O)O)c1ccc(Cl)cc1,1,c1ccccc1,NC(=O)OCC(COC(N)=O)c1ccccc1,1,c1ccccc1,0.3180952380952381,1,0.9601873455596587
NCC(CC(=O)O)c1ccc(Cl)cc1,1,c1ccccc1,CC(C)Cc1ccc(C(C)C(=O)O)cc1,1,c1ccccc1,0.283205574912892,1,0.9787909033807894
NCC(CC(=O)O)c1ccc(Cl)cc1,1,c1ccccc1,Clc1ccc(C(c2ccccc2Cl)C(Cl)Cl)cc1,1,c1ccc(Cc2ccccc2)cc1,0.2717770034843206,1,0.9852464795232718
NCC(CC(=O)O)c1ccc(Cl)cc1,1,c1ccccc1,O=C(O)Cc1ccccc1Nc1c(Cl)cccc1Cl,1,c1ccc(Nc2ccccc2)cc1,0.271444568868981,1,0.9753600953411555
CC(NC(C)(C)C)C(=O)c1cccc(Cl)c1,1,c1ccccc1,CC(CC(c1ccccc1)c1ccccc1)NC(C)(C)C,1,c1ccc(Cc2ccccc2)cc1,0.32023460410557186,1,0.7124165655591842
CC(NC(C)(C)C)C(=O)c1cccc(Cl)c1,1,c1ccccc1,CC(C)(C)NCC(O)c1ccccc1Cl,1,c1ccccc1,0.30490196078431375,1,0.7550962386262544
CC(NC(C)(C)C)C(=O)c1cccc(Cl)c1,1,c1ccccc1,CC(C(=O)O)c1cccc(C(=O)c2ccccc2)c1,1,O=C(c1ccccc1)c1ccccc1,0.2908466819221968,1,0.8751886503287257
CC(NC(C)(C)C)C(=O)c1cccc(Cl)c1,1,c1ccccc1,Cc1cccc(C)c1NC(=O)c1cc(S(N)(=O)=O)c(Cl)cc1O,1,O=C(Nc1ccccc1)c1ccccc1,0.28055335968379447,1,0.943986277005955
N=C(N)NC(=O)Cc1c(Cl)cccc1Cl,1,c1ccccc1,O=C(O)Cc1ccccc1Nc1c(Cl)cccc1Cl,1,c1ccc(Nc2ccccc2)cc1,0.3252032520325203,1,0.8712435103240893
N=C(N)NC(=O)Cc1c(Cl)cccc1Cl,1,c1ccccc1,N=C(N)NC(=O)c1nc(Cl)c(N)nc1N,1,c1cnccn1,0.31796008869179604,1,0.9993080737754464
N=C(N)NC(=O)Cc1c(Cl)cccc1Cl,1,c1ccccc1,Cc1ccc(Nc2c(F)cccc2Cl)c(CC(=O)O)c1,1,c1ccc(Nc2ccccc2)cc1,0.2727272727272727,1,0.8698918388809022
N=C(N)NC(=O)Cc1c(Cl)cccc1Cl,1,c1ccccc1,Cc1cccc(C)c1NC(=O)c1cc(S(N)(=O)=O)c(Cl)cc1O,1,O=C(Nc1ccccc1)c1ccccc1,0.24818181818181817,1,0.9458902696135723
O=C(N[C@H](CO)[C@H](O)c1ccc([N+](=O)[O-])cc1)C(Cl)Cl,1,c1ccccc1,Cc1ccc(C(=O)c2cc(O)c(O)c([N+](=O)[O-])c2)cc1,1,O=C(c1ccccc1)c1ccccc1,0.2153605015673981,1,0.9301390373705909
O=C(N[C@H](CO)[C@H](O)c1ccc([N+](=O)[O-])cc1)C(Cl)Cl,1,c1ccccc1,C[C@H](NCCc1ccc(O)cc1)[C@H](O)c1ccc(O)cc1,1,c1ccc(CCNCCc2ccccc2)cc1,0.2152777777777778,1,0.9210570413956205
O=C(N[C@H](CO)[C@H](O)c1ccc([N+](=O)[O-])cc1)C(Cl)Cl,1,c1ccccc1,CN[C@@H](C)[C@@H](O)c1ccccc1,1,c1ccccc1,0.21056910569105694,1,0.880818553095522
O=C(N[C@H](CO)[C@H](O)c1ccc([N+](=O)[O-])cc1)C(Cl)Cl,1,c1ccccc1,O=C(NCCO[N+](=O)[O-])c1cccnc1,1,c1ccncc1,0.20443587270973965,1,0.9149047205985256
N[C@@H](Cc1ccc(N(CCCl)CCCl)cc1)C(=O)O,1,c1ccccc1,O=C(O)CCCc1ccc(N(CCCl)CCCl)cc1,1,c1ccccc1,0.5626016260162602,1,0.9908922344629001
N[C@@H](Cc1ccc(N(CCCl)CCCl)cc1)C(=O)O,1,c1ccccc1,N[C@@H](Cc1ccc(O)c(O)c1)C(=O)O,1,c1ccccc1,0.4855555555555556,1,0.9967737561325964
N[C@@H](Cc1ccc(N(CCCl)CCCl)cc1)C(=O)O,1,c1ccccc1,Cn1c(CCCC(=O)O)nc2cc(N(CCCl)CCCl)ccc21,1,c1ccc2[nH]cnc2c1,0.3477832512315271,1,0.9848812917563046
N[C@@H](Cc1ccc(N(CCCl)CCCl)cc1)C(=O)O,1,c1ccccc1,CC(C)Cc1ccc(C(C)C(=O)O)cc1,1,c1ccccc1,0.3361407919547455,1,0.9898437936564357
C=CCOc1ccccc1OCC(O)CNC(C)C,1,c1ccccc1,CC(C)NC[C@H](O)COc1ccc(O)cc1,1,c1ccccc1,0.5333333333333333,1,0.8153114424841383
C=CCOc1ccccc1OCC(O)CNC(C)C,1,c1ccccc1,CC(=O)Nc1ccc(OCC(O)CNC(C)C)cc1,1,c1ccccc1,0.47091891891891896,1,0.8760893473831608
C=CCOc1ccccc1OCC(O)CNC(C)C,1,c1ccccc1,COCCc1ccc(OCC(O)CNC(C)C)cc1,1,c1ccccc1,0.4677894736842106,1,0.901826200561492
C=CCOc1ccccc1OCC(O)CNC(C)C,1,c1ccccc1,CC(C)NCC(O)COc1ccc(CC(N)=O)cc1,1,c1ccccc1,0.4608875128998969,1,0.8015680792628225
COCCc1ccc(OCC(O)CNC(C)C)cc1,1,c1ccccc1,CC(C)NCC(O)COc1ccc(CCOCC2CC2)cc1,1,c1ccc(CCOCC2CC2)cc1,0.7025755879059351,1,0.9577875806064947
COCCc1ccc(OCC(O)CNC(C)C)cc1,1,c1ccccc1,CC(C)NC[C@H](O)COc1ccc(O)cc1,1,c1ccccc1,0.6477777777777778,1,0.901913950525426
COCCc1ccc(OCC(O)CNC(C)C)cc1,1,c1ccccc1,CC(C)NCC(O)COc1ccc(CC(N)=O)cc1,1,c1ccccc1,0.6437237237237238,1,0.9124028579128349
COCCc1ccc(OCC(O)CNC(C)C)cc1,1,c1ccccc1,CC(C)NCC(O)COc1ccc(COCCOC(C)C)cc1,1,c1ccccc1,0.6236170212765958,1,0.9603538770633259
CC(C)NCC(O)c1ccc(NS(C)(=O)=O)cc1,1,c1ccccc1,CC(=O)Nc1ccc(OCC(O)CNC(C)C)cc1,1,c1ccccc1,0.383,1,0.8705536279383568
CC(C)NCC(O)c1ccc(NS(C)(=O)=O)cc1,1,c1ccccc1,CC(CCc1ccccc1)NCC(O)c1ccc(O)c(C(N)=O)c1,1,c1ccc(CCCNCCc2ccccc2)cc1,0.337091052424123,1,0.9340015976264763
CC(C)NCC(O)c1ccc(NS(C)(=O)=O)cc1,1,c1ccccc1,CN(CCOc1ccc(NS(C)(=O)=O)cc1)CCc1ccc(NS(C)(=O)=O)cc1,1,c1ccc(CCNCCOc2ccccc2)cc1,0.3342657342657343,1,0.8883267253824042
CC(C)NCC(O)c1ccc(NS(C)(=O)=O)cc1,1,c1ccccc1,CC(C)NC[C@H](O)COc1ccc(O)cc1,1,c1ccccc1,0.3236118318629995,1,0.9364865107180517
CC(=O)Nc1ccc(OCC(O)CNC(C)C)cc1,1,c1ccccc1,CC(C)NC[C@H](O)COc1ccc(O)cc1,1,c1ccccc1,0.6514285714285715,1,0.8904537424298202
CC(=O)Nc1ccc(OCC(O)CNC(C)C)cc1,1,c1ccccc1,CC(C)NCC(O)COc1ccc(CC(N)=O)cc1,1,c1ccccc1,0.6293567251461989,1,0.8602621351881418
CC(=O)Nc1ccc(OCC(O)CNC(C)C)cc1,1,c1ccccc1,COCCc1ccc(OCC(O)CNC(C)C)cc1,1,c1ccccc1,0.5671739130434783,1,0.8379414406485861
CC(=O)Nc1ccc(OCC(O)CNC(C)C)cc1,1,c1ccccc1,CCOc1ccc(NC(C)=O)cc1,1,c1ccccc1,0.5587500000000001,1,0.9371308537173924
CCOC(=O)Nc1ccc2c(c1)N(C(=O)CCN1CCOCC1)c1ccccc1S2,1,O=C(CCN1CCOCC1)N1c2ccccc2Sc2ccccc21,OCCN1CCN(CCCN2c3ccccc3Sc3ccc(Cl)cc32)CC1,1,c1ccc2c(c1)Sc1ccccc1N2CCCN1CCNCC1,0.30247619047619045,1,0.83783666441168
CCOC(=O)Nc1ccc2c(c1)N(C(=O)CCN1CCOCC1)c1ccccc1S2,1,O=C(CCN1CCOCC1)N1c2ccccc2Sc2ccccc21,CCN1CC(CCN2CCOCC2)C(c2ccccc2)(c2ccccc2)C1=O,1,O=C1NCC(CCN2CCOCC2)C1(c1ccccc1)c1ccccc1,0.29701726844583987,1,0.9573665439715147
CCOC(=O)Nc1ccc2c(c1)N(C(=O)CCN1CCOCC1)c1ccccc1S2,1,O=C(CCN1CCOCC1)N1c2ccccc2Sc2ccccc21,CN(C)S(=O)(=O)c1ccc2c(c1)N(CCCN1CCC(CCO)CC1)c1ccccc1S2,1,c1ccc2c(c1)Sc1ccccc1N2CCCN1CCCCC1,0.29540229885057473,1,0.6312218393892157
CCOC(=O)Nc1ccc2c(c1)N(C(=O)CCN1CCOCC1)c1ccccc1S2,1,O=C(CCN1CCOCC1)N1c2ccccc2Sc2ccccc21,O=C(NCCN1CCOCC1)c1ccc(Cl)cc1,1,O=C(NCCN1CCOCC1)c1ccccc1,0.29073672806067175,1,0.9834377361526788
COC(=O)[C@H]1[C@@H](OC(=O)c2ccccc2)C[C@@H]2CC[C@H]1N2C,1,O=C(OC1CC2CCC(C1)N2)c1ccccc1,CN1[C@@H]2CC[C@H]1C[C@@H](OC(=O)c1c[nH]c3ccccc13)C2,1,O=C(OC1CC2CCC(C1)N2)c1c[nH]c2ccccc12,0.3910077519379845,1,0.8374786805409998
COC(=O)[C@H]1[C@@H](OC(=O)c2ccccc2)C[C@@H]2CC[C@H]1N2C,1,O=C(OC1CC2CCC(C1)N2)c1ccccc1,COC(=O)[C@H]1[C@H]2C[C@@H]3c4[nH]c5cc(OC)ccc5c4CCN3C[C@H]2C[C@@H](OC(=O)c2cc(OC)c(OC)c(OC)c2)[C@@H]1OC,1,O=C(OC1CCC2CC3c4[nH]c5ccccc5c4CCN3CC2C1)c1ccccc1,0.28625756266205704,1,0.782133945047425
COC(=O)[C@H]1[C@@H](OC(=O)c2ccccc2)C[C@@H]2CC[C@H]1N2C,1,O=C(OC1CC2CCC(C1)N2)c1ccccc1,CN1[C@@H]2CCC[C@H]1C[C@@H](NC(=O)c1nn(C)c3ccccc13)C2,1,O=C(NC1CC2CCCC(C1)N2)c1n[nH]c2ccccc12,0.2831332189822756,1,0.9787647991592258
COC(=O)[C@H]1[C@@H](OC(=O)c2ccccc2)C[C@@H]2CC[C@H]1N2C,1,O=C(OC1CC2CCC(C1)N2)c1ccccc1,COC(=O)[C@@H]1[C@H]2C[C@H]3c4[nH]c5ccccc5c4CCN3C[C@@H]2CC[C@@H]1O,1,c1ccc2c3c([nH]c2c1)C1CC2CCCCC2CN1CC3,0.2773333333333334,1,0.8802679897326504
NS(=O)(=O)c1cc2c(cc1Cl)NCNS2(=O)=O,1,O=S1(=O)NCNc2ccccc21,NS(=O)(=O)c1cc2c(cc1C(F)(F)F)NCNS2(=O)=O,1,O=S1(=O)NCNc2ccccc21,0.6562243502051985,1,0.9879744259881001
NS(=O)(=O)c1cc2c(cc1Cl)NCNS2(=O)=O,1,O=S1(=O)NCNc2ccccc21,NS(=O)(=O)c1cc2c(cc1Cl)NC(CC1CCCC1)NS2(=O)=O,1,O=S1(=O)NC(CC2CCCC2)Nc2ccccc21,0.5263157894736843,1,0.9721265336745688
NS(=O)(=O)c1cc2c(cc1Cl)NCNS2(=O)=O,1,O=S1(=O)NCNc2ccccc21,Cc1ccccc1N1C(=O)c2cc(S(N)(=O)=O)c(Cl)cc2NC1C,1,O=C1c2ccccc2NCN1c1ccccc1,0.3666666666666667,1,0.9787450105703729
NS(=O)(=O)c1cc2c(cc1Cl)NCNS2(=O)=O,1,O=S1(=O)NCNc2ccccc21,NS(=O)(=O)c1cc2c(cc1C(F)(F)F)NC(Cc1ccccc1)NS2(=O)=O,1,O=S1(=O)NC(Cc2ccccc2)Nc2ccccc21,0.35066717499046896,1,0.9801900983764108
NS(=O)(=O)c1cc2c(cc1C(F)(F)F)NCNS2(=O)=O,1,O=S1(=O)NCNc2ccccc21,NS(=O)(=O)c1cc2c(cc1Cl)NCNS2(=O)=O,1,O=S1(=O)NCNc2ccccc21,0.6562243502051985,1,0.9739151407765909
NS(=O)(=O)c1cc2c(cc1C(F)(F)F)NCNS2(=O)=O,1,O=S1(=O)NCNc2ccccc21,NS(=O)(=O)c1cc2c(cc1C(F)(F)F)NC(Cc1ccccc1)NS2(=O)=O,1,O=S1(=O)NC(Cc2ccccc2)Nc2ccccc21,0.5533971291866029,1,0.9648029949343337
NS(=O)(=O)c1cc2c(cc1C(F)(F)F)NCNS2(=O)=O,1,O=S1(=O)NCNc2ccccc21,NS(=O)(=O)c1cc2c(cc1Cl)NC(CC1CCCC1)NS2(=O)=O,1,O=S1(=O)NC(CC2CCCC2)Nc2ccccc21,0.3486587183308495,1,0.9747919228350833
NS(=O)(=O)c1cc2c(cc1C(F)(F)F)NCNS2(=O)=O,1,O=S1(=O)NCNc2ccccc21,Cc1ccccc1N1C(=O)c2cc(S(N)(=O)=O)c(Cl)cc2NC1C,1,O=C1c2ccccc2NCN1c1ccccc1,0.22898550724637684,1,0.9805804741691507
O=C1CN(/N=C/c2ccc([N+](=O)[O-])o2)C(=O)N1,1,O=C1CN(N=Cc2ccco2)C(=O)N1,Cn1cnc([N+](=O)[O-])c1Sc1ncnc2nc[nH]c12,1,c1nc(Sc2cnc[nH]2)c2[nH]cnc2n1,0.1703933747412008,1,0.9776880441749313
O=C1CN(/N=C/c2ccc([N+](=O)[O-])o2)C(=O)N1,1,O=C1CN(N=Cc2ccco2)C(=O)N1,CCC1(c2ccccc2)C(=O)NCNC1=O,1,O=C1NCNC(=O)C1c1ccccc1,0.1685714285714286,1,0.9967690426078896
O=C1CN(/N=C/c2ccc([N+](=O)[O-])o2)C(=O)N1,1,O=C1CN(N=Cc2ccco2)C(=O)N1,Cc1ccc(C(=O)c2cc(O)c(O)c([N+](=O)[O-])c2)cc1,1,O=C(c1ccccc1)c1ccccc1,0.16714754098360657,1,0.9797774778035907
O=C1CN(/N=C/c2ccc([N+](=O)[O-])o2)C(=O)N1,1,O=C1CN(N=Cc2ccco2)C(=O)N1,CCN(CC)C(=O)/C(C#N)=C/c1cc(O)c(O)c([N+](=O)[O-])c1,1,c1ccccc1,0.1601970443349754,1,0.9867675978673144
CCCCNc1cc(C(=O)O)cc(S(N)(=O)=O)c1Oc1ccccc1,1,c1ccc(Oc2ccccc2)cc1,NS(=O)(=O)c1cc(C(=O)O)cc(N2CCCC2)c1Oc1ccccc1,1,c1ccc(Oc2ccccc2N2CCCC2)cc1,0.5249042145593871,1,0.9780563404330194
CCCCNc1cc(C(=O)O)cc(S(N)(=O)=O)c1Oc1ccccc1,1,c1ccc(Oc2ccccc2)cc1,NS(=O)(=O)c1cc(C(=O)O)c(NCc2ccco2)cc1Cl,1,c1ccc(NCc2ccco2)cc1,0.3136536994660565,1,0.9889440754206211
CCCCNc1cc(C(=O)O)cc(S(N)(=O)=O)c1Oc1ccccc1,1,c1ccc(Oc2ccccc2)cc1,CCCN(CCC)S(=O)(=O)c1ccc(C(=O)O)cc1,1,c1ccccc1,0.3100383141762452,1,0.9750909866508778
CCCCNc1cc(C(=O)O)cc(S(N)(=O)=O)c1Oc1ccccc1,1,c1ccc(Oc2ccccc2)cc1,CC(C(=O)O)c1cccc(Oc2ccccc2)c1,1,c1ccc(Oc2ccccc2)cc1,0.28967642526964565,1,0.9742107212764646
CC(C(=O)O)c1cccc(Oc2ccccc2)c1,1,c1ccc(Oc2ccccc2)cc1,CC(C(=O)O)c1cccc(C(=O)c2ccccc2)c1,1,O=C(c1ccccc1)c1ccccc1,0.6000000000000001,1,0.9884359002625946
CC(C(=O)O)c1cccc(Oc2ccccc2)c1,1,c1ccc(Oc2ccccc2)cc1,CC(C(=O)O)c1ccc(-c2ccccc2)c(F)c1,1,c1ccc(-c2ccccc2)cc1,0.47698170731707323,1,0.9705134404065953
CC(C(=O)O)c1cccc(Oc2ccccc2)c1,1,c1ccc(Oc2ccccc2)cc1,CC(C)Cc1ccc(C(C)C(=O)O)cc1,1,c1ccccc1,0.421978021978022,1,0.9921210675827238
CC(C(=O)O)c1cccc(Oc2ccccc2)c1,1,c1ccc(Oc2ccccc2)cc1,CCN(C)C(=O)Oc1cccc([C@H](C)N(C)C)c1,1,c1ccccc1,0.3627932351336607,1,0.9836870482988875
COc1ccc([C@@H]2CC(=O)c3c(O)cc(O[C@@H]4O[C@H](CO[C@@H]5O[C@@H](C)[C@H](O)[C@@H](O)[C@H]5O)[C@@H](O)[C@H](O)[C@H]4O)cc3O2)cc1O,0,O=C1CC(c2ccccc2)Oc2cc(OC3CCCC(COC4CCCCO4)O3)ccc21,COc1ccc(C2CNC(=O)C2)cc1OC1CCCC1,1,O=C1CC(c2cccc(OC3CCCC3)c2)CN1,0.21778956675508404,0,0.005688867426162789
COc1ccc([C@@H]2CC(=O)c3c(O)cc(O[C@@H]4O[C@H](CO[C@@H]5O[C@@H](C)[C@H](O)[C@@H](O)[C@H]5O)[C@@H](O)[C@H](O)[C@H]4O)cc3O2)cc1O,0,O=C1CC(c2ccccc2)Oc2cc(OC3CCCC(COC4CCCCO4)O3)ccc21,COC1=CC(=O)C[C@@H](C)[C@]12Oc1c(Cl)c(OC)cc(OC)c1C2=O,1,O=C1C=CC2(CC1)Oc1ccccc1C2=O,0.19996790242336704,0,0.0008864295908697041
COc1ccc([C@@H]2CC(=O)c3c(O)cc(O[C@@H]4O[C@H](CO[C@@H]5O[C@@H](C)[C@H](O)[C@@H](O)[C@H]5O)[C@@H](O)[C@H](O)[C@H]4O)cc3O2)cc1O,0,O=C1CC(c2ccccc2)Oc2cc(OC3CCCC(COC4CCCCO4)O3)ccc21,COc1ccc2c(c1OC)C(=O)O[C@@H]2[C@H]1c2c(cc3c(c2OC)OCO3)CCN1C,1,O=C1OC(C2NCCc3cc4c(cc32)OCO4)c2ccccc21,0.1967720059677201,0,0.016786602998920746
COc1ccc([C@@H]2CC(=O)c3c(O)cc(O[C@@H]4O[C@H](CO[C@@H]5O[C@@H](C)[C@H](O)[C@@H](O)[C@H]5O)[C@@H](O)[C@H](O)[C@H]4O)cc3O2)cc1O,0,O=C1CC(c2ccccc2)Oc2cc(OC3CCCC(COC4CCCCO4)O3)ccc21,COc1cc(OC)c(C(=O)CCCN2CCCC2)c(OC)c1,1,O=C(CCCN1CCCC1)c1ccccc1,0.18441558441558442,0,0.0024045181876304026
CCCc1nc2c(C)cc(-c3nc4ccccc4n3C)cc2n1Cc1ccc(-c2ccccc2C(=O)O)cc1,1,c1ccc(-c2ccc(Cn3cnc4ccc(-c5nc6ccccc6[nH]5)cc43)cc2)cc1,CCCCc1nc(Cl)c(CO)n1Cc1ccc(-c2ccccc2-c2nn[nH]n2)cc1,1,c1ccc(-c2nn[nH]n2)c(-c2ccc(Cn3ccnc3)cc2)c1,0.3061705989110708,1,0.9276488745936473
CCCc1nc2c(C)cc(-c3nc4ccccc4n3C)cc2n1Cc1ccc(-c2ccccc2C(=O)O)cc1,1,c1ccc(-c2ccc(Cn3cnc4ccc(-c5nc6ccccc6[nH]5)cc43)cc2)cc1,Cn1c(CCCC(=O)O)nc2cc(N(CCCl)CCCl)ccc21,1,c1ccc2[nH]cnc2c1,0.286392629340893,1,0.7700762233808263
CCCc1nc2c(C)cc(-c3nc4ccccc4n3C)cc2n1Cc1ccc(-c2ccccc2C(=O)O)cc1,1,c1ccc(-c2ccc(Cn3cnc4ccc(-c5nc6ccccc6[nH]5)cc43)cc2)cc1,CN(c1nccc(=O)[nH]1)C1CCN(c2nc3ccccc3n2Cc2ccc(F)cc2)CC1,1,O=c1ccnc(NC2CCN(c3nc4ccccc4n3Cc3ccccc3)CC2)[nH]1,0.22833333333333336,1,0.7988950413581064
CCCc1nc2c(C)cc(-c3nc4ccccc4n3C)cc2n1Cc1ccc(-c2ccccc2C(=O)O)cc1,1,c1ccc(-c2ccc(Cn3cnc4ccc(-c5nc6ccccc6[nH]5)cc43)cc2)cc1,CCCCC1=NC2(CCCC2)C(=O)N1Cc1ccc(-c2ccccc2-c2nn[nH]n2)cc1,1,O=C1N(Cc2ccc(-c3ccccc3-c3nn[nH]n3)cc2)C=NC12CCCC2,0.22372469635627532,1,0.9728877810956627
CC(C)N(CCC(C(N)=O)(c1ccccc1)c1ccccn1)C(C)C,1,c1ccc(Cc2ccccn2)cc1,CCC(=O)C(CC(C)N(C)C)(c1ccccc1)c1ccccc1,1,c1ccc(Cc2ccccc2)cc1,0.3733153638814017,1,0.9846829134352766
CC(C)N(CCC(C(N)=O)(c1ccccc1)c1ccccn1)C(C)C,1,c1ccc(Cc2ccccn2)cc1,CN(C)CCC(c1ccccc1)c1ccccn1,1,c1ccc(Cc2ccccn2)cc1,0.32541019955654105,1,0.9716778068724486
CC(C)N(CCC(C(N)=O)(c1ccccc1)c1ccccn1)C(C)C,1,c1ccc(Cc2ccccn2)cc1,CN(C)CCC(c1ccc(Cl)cc1)c1ccccn1,1,c1ccc(Cc2ccccn2)cc1,0.29594202898550726,1,0.9749403602168473
CC(C)N(CCC(C(N)=O)(c1ccccc1)c1ccccn1)C(C)C,1,c1ccc(Cc2ccccn2)cc1,CN(C)C(=O)C(CCN1CCC(O)(c2ccc(Cl)cc2)CC1)(c1ccccc1)c1ccccc1,1,c1ccc(C2CCN(CCC(c3ccccc3)c3ccccc3)CC2)cc1,0.2723809523809524,1,0.9573598989026962
CN(C)CCC(c1ccc(Cl)cc1)c1ccccn1,1,c1ccc(Cc2ccccn2)cc1,CN(C)CCC(c1ccccc1)c1ccccn1,1,c1ccc(Cc2ccccn2)cc1,0.8121863799283154,1,0.9740303732534201
CN(C)CCC(c1ccc(Cl)cc1)c1ccccn1,1,c1ccc(Cc2ccccn2)cc1,CN(C)CCOC(c1ccccc1)c1ccccc1,1,c1ccc(Cc2ccccc2)cc1,0.32166666666666666,1,0.9649883110771019
CN(C)CCC(c1ccc(Cl)cc1)c1ccccn1,1,c1ccc(Cc2ccccn2)cc1,CN(C)CC/C=C1/c2ccccc2Sc2ccc(Cl)cc21,1,C=C1c2ccccc2Sc2ccccc21,0.30637958532695375,1,0.98868796704117
CN(C)CCC(c1ccc(Cl)cc1)c1ccccn1,1,c1ccc(Cc2ccccn2)cc1,CN(C)CCCN1c2ccccc2CCc2ccc(Cl)cc21,1,c1ccc2c(c1)CCc1ccccc1N2,0.30637958532695375,1,0.9859203008392563
CN(C)CCC(c1ccccc1)c1ccccn1,1,c1ccc(Cc2ccccn2)cc1,CN(C)CCC(c1ccc(Cl)cc1)c1ccccn1,1,c1ccc(Cc2ccccn2)cc1,0.8121863799283154,1,0.9669571934017517
CN(C)CCC(c1ccccc1)c1ccccn1,1,c1ccc(Cc2ccccn2)cc1,CN(C)CCOC(c1ccccc1)c1ccccc1,1,c1ccc(Cc2ccccc2)cc1,0.3910622710622711,1,0.9398538300252428
CN(C)CCC(c1ccccc1)c1ccccn1,1,c1ccc(Cc2ccccn2)cc1,Cc1ccccc1C(OCCN(C)C)c1ccccc1,1,c1ccc(Cc2ccccc2)cc1,0.33615560640732267,1,0.9511296735972988
CN(C)CCC(c1ccccc1)c1ccccn1,1,c1ccc(Cc2ccccn2)cc1,CC(C)N(CCC(C(N)=O)(c1ccccc1)c1ccccn1)C(C)C,1,c1ccc(Cc2ccccn2)cc1,0.32541019955654105,1,0.9314326102483578
CCN(CC)c1cc(C)nc2ncnn12,1,c1cnc2ncnn2c1,CC(C)(C#N)c1cc(Cn2cncn2)cc(C(C)(C)C#N)c1,1,c1ccc(Cn2cncn2)cc1,0.19196617336152222,1,0.9835825513904201
CCN(CC)c1cc(C)nc2ncnn12,1,c1cnc2ncnn2c1,CCN(C(C)=O)c1cccc(-c2ccnc3c(C#N)cnn23)c1,1,c1ccc(-c2ccnc3ccnn23)cc1,0.18345191040843217,1,0.9965270518169863
CCN(CC)c1cc(C)nc2ncnn12,1,c1cnc2ncnn2c1,CCN(CC)CC(=O)Nc1c(C)cccc1C,1,c1ccccc1,0.17373461012311905,1,0.9189050922822233
CCN(CC)c1cc(C)nc2ncnn12,1,c1cnc2ncnn2c1,Cc1ncsc1CCCl,1,c1cscn1,0.1601745771958538,1,0.9907927473109102
CC[C@H]1OC(=O)[C@H](C)[C@@H](O[C@H]2C[C@@](C)(OC)[C@@H](O)[C@H](C)O2)[C@H](C)[C@@H](O[C@@H]2O[C@H](C)C[C@H](N(C)C)[C@H]2O)[C@](C)(OC)C[C@@H](C)C(=O)[C@H](C)[C@@H](O)[C@]1(C)O,1,O=C1CCCCOC(=O)CC(OC2CCCCO2)CC(OC2CCCCO2)CCC1,CC[C@H]1OC(=O)[C@H](C)[C@@H](O[C@H]2C[C@@](C)(OC)[C@@H](O)[C@H](C)O2)[C@H](C)[C@@H](O[C@@H]2O[C@H](C)C[C@H](N(C)C)[C@H]2O)[C@](C)(O)C[C@@H](C)C(=O)[C@H](C)[C@@H](O)[C@]1(C)O,1,O=C1CCCCOC(=O)CC(OC2CCCCO2)CC(OC2CCCCO2)CCC1,0.9145854145854146,1,0.9641380193459153
CC[C@H]1OC(=O)[C@H](C)[C@@H](O[C@H]2C[C@@](C)(OC)[C@@H](O)[C@H](C)O2)[C@H](C)[C@@H](O[C@@H]2O[C@H](C)C[C@H](N(C)C)[C@H]2O)[C@](C)(OC)C[C@@H](C)C(=O)[C@H](C)[C@@H](O)[C@]1(C)O,1,O=C1CCCCOC(=O)CC(OC2CCCCO2)CC(OC2CCCCO2)CCC1,CC[C@H]1OC(=O)[C@H](C)[C@@H](O[C@H]2C[C@@](C)(OC)[C@@H](O)[C@H](C)O2)[C@H](C)[C@@H](O[C@@H]2O[C@H](C)C[C@H](N(C)C)[C@H]2O)[C@](C)(O)C[C@@H](C)CN(C)[C@H](C)[C@@H](O)[C@]1(C)O,1,O=C1CC(OC2CCCCO2)CC(OC2CCCCO2)CCCCNCCCCO1,0.7322884012539186,1,0.9694306670489102
CC[C@H]1OC(=O)[C@H](C)[C@@H](O[C@H]2C[C@@](C)(OC)[C@@H](O)[C@H](C)O2)[C@H](C)[C@@H](O[C@@H]2O[C@H](C)C[C@H](N(C)C)[C@H]2O)[C@](C)(OC)C[C@@H](C)C(=O)[C@H](C)[C@@H](O)[C@]1(C)O,1,O=C1CCCCOC(=O)CC(OC2CCCCO2)CC(OC2CCCCO2)CCC1,CC[C@H]1OC(=O)[C@H](C)C(=O)[C@H](C)[C@@H](O[C@@H]2O[C@H](C)C[C@H](N(C)C)[C@H]2O)[C@](C)(OC)C[C@@H](C)C(=O)[C@H](C)[C@H]2N(CCCCn3cnc(-c4cccnc4)c3)C(=O)O[C@]12C,1,O=C1CC(=O)OCC2OC(=O)N(CCCCn3cnc(-c4cccnc4)c3)C2CC(=O)CCCC(OC2CCCCO2)C1,0.4406130268199234,1,0.9819434673069714
CC[C@H]1OC(=O)[C@H](C)[C@@H](O[C@H]2C[C@@](C)(OC)[C@@H](O)[C@H](C)O2)[C@H](C)[C@@H](O[C@@H]2O[C@H](C)C[C@H](N(C)C)[C@H]2O)[C@](C)(OC)C[C@@H](C)C(=O)[C@H](C)[C@@H](O)[C@]1(C)O,1,O=C1CCCCOC(=O)CC(OC2CCCCO2)CC(OC2CCCCO2)CCC1,CO[C@@H]1[C@@H](O[C@@H]2O[C@H](C)[C@@H](O[C@H]3C[C@@](C)(O)[C@@H](O)[C@H](C)O3)[C@H](N(C)C)[C@H]2O)[C@@H](CC=O)C[C@@H](C)[C@@H](O[C@H]2CC[C@H](N(C)C)[C@H](C)O2)/C=C/C=C/C[C@@H](C)OC(=O)C[C@H]1O,1,O=C1CCCC(OC2CCC(OC3CCCCO3)CO2)CCCC(OC2CCCCO2)C=CC=CCCO1,0.3152911604524508,1,0.9391998109518906
CC[C@H]1OC(=O)[C@H](C)[C@@H](O[C@H]2C[C@@](C)(OC)[C@@H](O)[C@H](C)O2)[C@H](C)[C@@H](O[C@@H]2O[C@H](C)C[C@H](N(C)C)[C@H]2O)[C@](C)(O)C[C@@H](C)C(=O)[C@H](C)[C@@H](O)[C@]1(C)O,1,O=C1CCCCOC(=O)CC(OC2CCCCO2)CC(OC2CCCCO2)CCC1,CC[C@H]1OC(=O)[C@H](C)[C@@H](O[C@H]2C[C@@](C)(OC)[C@@H](O)[C@H](C)O2)[C@H](C)[C@@H](O[C@@H]2O[C@H](C)C[C@H](N(C)C)[C@H]2O)[C@](C)(OC)C[C@@H](C)C(=O)[C@H](C)[C@@H](O)[C@]1(C)O,1,O=C1CCCCOC(=O)CC(OC2CCCCO2)CC(OC2CCCCO2)CCC1,0.9145854145854146,1,0.9632842400584929
CC[C@H]1OC(=O)[C@H](C)[C@@H](O[C@H]2C[C@@](C)(OC)[C@@H](O)[C@H](C)O2)[C@H](C)[C@@H](O[C@@H]2O[C@H](C)C[C@H](N(C)C)[C@H]2O)[C@](C)(O)C[C@@H](C)C(=O)[C@H](C)[C@@H](O)[C@]1(C)O,1,O=C1CCCCOC(=O)CC(OC2CCCCO2)CC(OC2CCCCO2)CCC1,CC[C@H]1OC(=O)[C@H](C)[C@@H](O[C@H]2C[C@@](C)(OC)[C@@H](O)[C@H](C)O2)[C@H](C)[C@@H](O[C@@H]2O[C@H](C)C[C@H](N(C)C)[C@H]2O)[C@](C)(O)C[C@@H](C)CN(C)[C@H](C)[C@@H](O)[C@]1(C)O,1,O=C1CC(OC2CCCCO2)CC(OC2CCCCO2)CCCCNCCCCO1,0.7852873563218392,1,0.9791793889094054
CC[C@H]1OC(=O)[C@H](C)[C@@H](O[C@H]2C[C@@](C)(OC)[C@@H](O)[C@H](C)O2)[C@H](C)[C@@H](O[C@@H]2O[C@H](C)C[C@H](N(C)C)[C@H]2O)[C@](C)(O)C[C@@H](C)C(=O)[C@H](C)[C@@H](O)[C@]1(C)O,1,O=C1CCCCOC(=O)CC(OC2CCCCO2)CC(OC2CCCCO2)CCC1,CC[C@H]1OC(=O)[C@H](C)C(=O)[C@H](C)[C@@H](O[C@@H]2O[C@H](C)C[C@H](N(C)C)[C@H]2O)[C@](C)(OC)C[C@@H](C)C(=O)[C@H](C)[C@H]2N(CCCCn3cnc(-c4cccnc4)c3)C(=O)O[C@]12C,1,O=C1CC(=O)OCC2OC(=O)N(CCCCn3cnc(-c4cccnc4)c3)C2CC(=O)CCCC(OC2CCCCO2)C1,0.4147058823529412,1,0.971777881454096
CC[C@H]1OC(=O)[C@H](C)[C@@H](O[C@H]2C[C@@](C)(OC)[C@@H](O)[C@H](C)O2)[C@H](C)[C@@H](O[C@@H]2O[C@H](C)C[C@H](N(C)C)[C@H]2O)[C@](C)(O)C[C@@H](C)C(=O)[C@H](C)[C@@H](O)[C@]1(C)O,1,O=C1CCCCOC(=O)CC(OC2CCCCO2)CC(OC2CCCCO2)CCC1,CO[C@@H]1[C@@H](O[C@@H]2O[C@H](C)[C@@H](O[C@H]3C[C@@](C)(O)[C@@H](O)[C@H](C)O3)[C@H](N(C)C)[C@H]2O)[C@@H](CC=O)C[C@@H](C)[C@@H](O[C@H]2CC[C@H](N(C)C)[C@H](C)O2)/C=C/C=C/C[C@@H](C)OC(=O)C[C@H]1O,1,O=C1CCCC(OC2CCC(OC3CCCCO3)CO2)CCCC(OC2CCCCO2)C=CC=CCCO1,0.3281943862589024,1,0.9453294793770642
COc1ccccc1Oc1c(NS(=O)(=O)c2ccc(C(C)(C)C)cc2)nc(-c2ncccn2)nc1OCCO,1,O=S(=O)(Nc1nc(-c2ncccn2)ncc1Oc1ccccc1)c1ccccc1,O=C(O)c1cc(/N=N/c2ccc(S(=O)(=O)Nc3ccccn3)cc2)ccc1O,1,O=S(=O)(Nc1ccccn1)c1ccc(N=Nc2ccccc2)cc1,0.2660460021905805,1,0.9973882165443896
COc1ccccc1Oc1c(NS(=O)(=O)c2ccc(C(C)(C)C)cc2)nc(-c2ncccn2)nc1OCCO,1,O=S(=O)(Nc1nc(-c2ncccn2)ncc1Oc1ccccc1)c1ccccc1,CCOc1ccccc1OCCN[C@H](C)Cc1ccc(OC)c(S(N)(=O)=O)c1,1,c1ccc(CCNCCOc2ccccc2)cc1,0.23412587412587413,1,0.8836843248723117
COc1ccccc1Oc1c(NS(=O)(=O)c2ccc(C(C)(C)C)cc2)nc(-c2ncccn2)nc1OCCO,1,O=S(=O)(Nc1nc(-c2ncccn2)ncc1Oc1ccccc1)c1ccccc1,Cc1noc(NS(=O)(=O)c2ccc(N)cc2)c1C,1,O=S(=O)(Nc1ccno1)c1ccccc1,0.2176013805004314,1,0.9855096816294603
COc1ccccc1Oc1c(NS(=O)(=O)c2ccc(C(C)(C)C)cc2)nc(-c2ncccn2)nc1OCCO,1,O=S(=O)(Nc1nc(-c2ncccn2)ncc1Oc1ccccc1)c1ccccc1,CC(C)N(CCC(C(N)=O)(c1ccccc1)c1ccccn1)C(C)C,1,c1ccc(Cc2ccccn2)cc1,0.2174008008736804,1,0.9811941115658139
Nc1nc(=O)c2ncn(COCCO)c2[nH]1,0,O=c1nc[nH]c2[nH]cnc12,Nc1nc(=O)c2ncn(CCC(CO)CO)c2[nH]1,1,O=c1nc[nH]c2[nH]cnc12,0.5990507831039393,0,0.37761425106668844
Nc1nc(=O)c2ncn(COCCO)c2[nH]1,0,O=c1nc[nH]c2[nH]cnc12,O=c1nc[nH]c2c1ncn2[C@H]1CC[C@@H](CO)O1,1,O=c1nc[nH]c2c1ncn2C1CCCO1,0.30566893424036284,1,0.723153941723847
Nc1nc(=O)c2ncn(COCCO)c2[nH]1,0,O=c1nc[nH]c2[nH]cnc12,C[C@H](Cn1cnc2c(N)ncnc21)OCP(=O)(O)O,1,c1ncc2nc[nH]c2n1,0.24692307692307697,0,0.47937542718035864
Nc1nc(=O)c2ncn(COCCO)c2[nH]1,0,O=c1nc[nH]c2[nH]cnc12,CC(=O)OCC(CCn1cnc2cnc(N)nc21)COC(C)=O,1,c1ncc2nc[nH]c2n1,0.2326759061833689,0,0.47230011090795454
Nc1nc(=O)c2ncn(CCC(CO)CO)c2[nH]1,1,O=c1nc[nH]c2[nH]cnc12,CC(=O)OCC(CCn1cnc2cnc(N)nc21)COC(C)=O,1,c1ncc2nc[nH]c2n1,0.32598904443091903,1,0.6432328025041716
Nc1nc(=O)c2ncn(CCC(CO)CO)c2[nH]1,1,O=c1nc[nH]c2[nH]cnc12,O=c1nc[nH]c2c1ncn2[C@H]1CC[C@@H](CO)O1,1,O=c1nc[nH]c2c1ncn2C1CCCO1,0.32205398288347603,1,0.7936795017408693
Nc1nc(=O)c2ncn(CCC(CO)CO)c2[nH]1,1,O=c1nc[nH]c2[nH]cnc12,CC(O)Cn1cnc2c1c(=O)n(C)c(=O)n2C,1,O=c1[nH]c(=O)c2[nH]cnc2[nH]1,0.24583050847457627,1,0.8805254174445883
Nc1nc(=O)c2ncn(CCC(CO)CO)c2[nH]1,1,O=c1nc[nH]c2[nH]cnc12,C[C@H](Cn1cnc2c(N)ncnc21)OCP(=O)(O)O,1,c1ncc2nc[nH]c2n1,0.24253711201079625,1,0.6425771020092997
CCCc1c2oc(C(=O)O)cc(=O)c2cc2c(=O)cc(C(=O)O)n(CC)c12,0,O=c1cc[nH]c2cc3occc(=O)c3cc12,CCCc1nc2c(C)cc(-c3nc4ccccc4n3C)cc2n1Cc1ccc(-c2ccccc2C(=O)O)cc1,1,c1ccc(-c2ccc(Cn3cnc4ccc(-c5nc6ccccc6[nH]5)cc43)cc2)cc1,0.2067193675889328,0,0.1546551113680699
CCCc1c2oc(C(=O)O)cc(=O)c2cc2c(=O)cc(C(=O)O)n(CC)c12,0,O=c1cc[nH]c2cc3occc(=O)c3cc12,CC1COc2c(N3CCN(C)CC3)c(F)cc3c(=O)c(C(=O)O)cn1c23,1,O=c1ccn2c3c(c(N4CCNCC4)ccc13)OCC2,0.20151515151515154,0,0.4334601195720246
CCCc1c2oc(C(=O)O)cc(=O)c2cc2c(=O)cc(C(=O)O)n(CC)c12,0,O=c1cc[nH]c2cc3occc(=O)c3cc12,C[C@](N)(Cc1ccc(O)c(O)c1)C(=O)O,1,c1ccccc1,0.19968474148802018,0,0.21260337913264712
CCCc1c2oc(C(=O)O)cc(=O)c2cc2c(=O)cc(C(=O)O)n(CC)c12,0,O=c1cc[nH]c2cc3occc(=O)c3cc12,CCOc1cc(CC(=O)N[C@@H](CC(C)C)c2ccccc2N2CCCCC2)ccc1C(=O)O,1,O=C(Cc1ccccc1)NCc1ccccc1N1CCCCC1,0.19176470588235295,0,0.09475834660485585
CN1[C@@H]2CC[C@H]1C[C@@H](OC(=O)c1c[nH]c3ccccc13)C2,1,O=C(OC1CC2CCC(C1)N2)c1c[nH]c2ccccc12,COC(=O)[C@H]1[C@@H](OC(=O)c2ccccc2)C[C@@H]2CC[C@H]1N2C,1,O=C(OC1CC2CCC(C1)N2)c1ccccc1,0.3910077519379845,1,0.9002808103084868
CN1[C@@H]2CC[C@H]1C[C@@H](OC(=O)c1c[nH]c3ccccc13)C2,1,O=C(OC1CC2CCC(C1)N2)c1c[nH]c2ccccc12,CN1[C@@H]2CCC[C@H]1C[C@@H](NC(=O)c1nn(C)c3ccccc13)C2,1,O=C(NC1CC2CCCC(C1)N2)c1n[nH]c2ccccc12,0.329149560117302,1,0.9668705932380239
CN1[C@@H]2CC[C@H]1C[C@@H](OC(=O)c1c[nH]c3ccccc13)C2,1,O=C(OC1CC2CCC(C1)N2)c1c[nH]c2ccccc12,CN1CCC[C@@H]1Cc1c[nH]c2ccc(CCS(=O)(=O)c3ccccc3)cc12,1,O=S(=O)(CCc1ccc2[nH]cc(CC3CCCN3)c2c1)c1ccccc1,0.29740540540540544,1,0.7495427115976044
CN1[C@@H]2CC[C@H]1C[C@@H](OC(=O)c1c[nH]c3ccccc13)C2,1,O=C(OC1CC2CCC(C1)N2)c1c[nH]c2ccccc12,COC(=O)[C@@H]1[C@H]2C[C@H]3c4[nH]c5ccccc5c4CCN3C[C@@H]2CC[C@@H]1O,1,c1ccc2c3c([nH]c2c1)C1CC2CCCCC2CN1CC3,0.27851129818342935,1,0.935745234331644
Nc1nc2ccc(OC(F)(F)F)cc2s1,1,c1ccc2scnc2c1,COc1cc(NCc2ccc3nc(N)nc(N)c3c2C)cc(OC)c1OC,1,c1ccc(NCc2ccc3ncncc3c2)cc1,0.1987244897959184,1,0.9849622587244091
Nc1nc2ccc(OC(F)(F)F)cc2s1,1,c1ccc2scnc2c1,COc1ccc(OC)c(Cc2cnc3nc(N)nc(N)c3c2C)c1,1,c1ccc(Cc2cnc3ncncc3c2)cc1,0.19464285714285715,1,0.9842193615680457
Nc1nc2ccc(OC(F)(F)F)cc2s1,1,c1ccc2scnc2c1,Nc1c2c(nc3ccccc13)CCCC2,1,c1ccc2nc3c(cc2c1)CCCC3,0.17787114845938376,1,0.9902976155570029
Nc1nc2ccc(OC(F)(F)F)cc2s1,1,c1ccc2scnc2c1,COc1cc2nc(N3CCN(C(=O)c4ccco4)CC3)nc(N)c2cc1OC,1,O=C(c1ccco1)N1CCN(c2ncc3ccccc3n2)CC1,0.1703703703703704,1,0.9938617620831296
CO/N=C(\C(=O)N[C@@H]1C(=O)N2C(C(=O)O)=C(COC(N)=O)CS[C@H]12)c1ccco1,1,N=C(C(=O)NC1C(=O)N2C=CCSC12)c1ccco1,C=CC1=C(C(=O)O)N2C(=O)[C@@H](NC(=O)/C(=N\OCC(=O)O)c3csc(N)n3)[C@H]2SC1,1,N=C(C(=O)NC1C(=O)N2C=CCSC12)c1cscn1,0.4380434782608696,1,0.7673536779332042
CO/N=C(\C(=O)N[C@@H]1C(=O)N2C(C(=O)O)=C(COC(N)=O)CS[C@H]12)c1ccco1,1,N=C(C(=O)NC1C(=O)N2C=CCSC12)c1ccco1,C=CC1=C(C(=O)O)N2C(=O)[C@@H](NC(=O)/C(=N\O)c3csc(N)n3)[C@H]2SC1,1,N=C(C(=O)NC1C(=O)N2C=CCSC12)c1cscn1,0.40739844425237687,1,0.8796754255698572
CO/N=C(\C(=O)N[C@@H]1C(=O)N2C(C(=O)O)=C(COC(N)=O)CS[C@H]12)c1ccco1,1,N=C(C(=O)NC1C(=O)N2C=CCSC12)c1ccco1,CC1=C(C(=O)O)N2C(=O)[C@@H](NC(=O)[C@H](N)c3ccccc3)[C@H]2SC1,1,O=C(Cc1ccccc1)NC1C(=O)N2C=CCSC12,0.40666666666666673,1,0.688436202375162
CO/N=C(\C(=O)N[C@@H]1C(=O)N2C(C(=O)O)=C(COC(N)=O)CS[C@H]12)c1ccco1,1,N=C(C(=O)NC1C(=O)N2C=CCSC12)c1ccco1,CC1=C(C(=O)O)N2C(=O)[C@@H](NC(=O)[C@H](N)c3ccc(O)cc3)[C@H]2SC1,1,O=C(Cc1ccccc1)NC1C(=O)N2C=CCSC12,0.39306402439024396,1,0.7659908083464717
c1ccc(C2(N3CCCCC3)CCCCC2)cc1,1,c1ccc(C2(N3CCCCC3)CCCCC2)cc1,OC(CCN1CCCC1)(c1ccccc1)C1CCCCC1,1,c1ccc(C(CCN2CCCC2)C2CCCCC2)cc1,0.3015527950310559,1,0.8640391417131359
c1ccc(C2(N3CCCCC3)CCCCC2)cc1,1,c1ccc(C2(N3CCCCC3)CCCCC2)cc1,CCOC(=O)C1(c2ccccc2)CCN(C)CC1,1,c1ccc(C2CCNCC2)cc1,0.29777777777777775,1,0.6122360608382589
c1ccc(C2(N3CCCCC3)CCCCC2)cc1,1,c1ccc(C2(N3CCCCC3)CCCCC2)cc1,CN(C)CCCOC1(Cc2ccccc2)CCCCCC1,1,c1ccc(CC2CCCCCC2)cc1,0.2792553191489362,1,0.9569768667663094
c1ccc(C2(N3CCCCC3)CCCCC2)cc1,1,c1ccc(C2(N3CCCCC3)CCCCC2)cc1,OC(CCN1CCCCC1)(c1ccccc1)C1CC2C=CC1C2,1,C1=CC2CC1CC2C(CCN1CCCCC1)c1ccccc1,0.2658653846153846,1,0.881072074227058
NCC[C@H](O)C(=O)N[C@@H]1C[C@H](N)[C@@H](O[C@H]2O[C@H](CN)[C@@H](O)[C@H](O)[C@H]2O)[C@H](O)[C@H]1O[C@H]1O[C@H](CO)[C@@H](O)[C@H](N)[C@H]1O,0,C1CCC(OC2CCCC(OC3CCCCO3)C2)OC1,N[C@H]1C(O)O[C@H](CO)[C@@H](O)[C@@H]1O,1,C1CCOCC1,0.2660260809883322,0,0.0015277027361360758
NCC[C@H](O)C(=O)N[C@@H]1C[C@H](N)[C@@H](O[C@H]2O[C@H](CN)[C@@H](O)[C@H](O)[C@H]2O)[C@H](O)[C@H]1O[C@H]1O[C@H](CO)[C@@H](O)[C@H](N)[C@H]1O,0,C1CCC(OC2CCCC(OC3CCCCO3)C2)OC1,CN(N=O)C(=O)N[C@@H]1[C@@H](O)[C@H](O)[C@@H](CO)O[C@@H]1O,1,C1CCOCC1,0.24548427672955975,0,0.0007291304419695854
NCC[C@H](O)C(=O)N[C@@H]1C[C@H](N)[C@@H](O[C@H]2O[C@H](CN)[C@@H](O)[C@H](O)[C@H]2O)[C@H](O)[C@H]1O[C@H]1O[C@H](CO)[C@@H](O)[C@H](N)[C@H]1O,0,C1CCC(OC2CCCC(OC3CCCCO3)C2)OC1,NC(=O)c1ncn([C@@H]2O[C@H](CO)[C@@H](O)[C@H]2O)n1,1,c1ncn(C2CCCO2)n1,0.21924632744304876,0,0.0003068576584328597
NCC[C@H](O)C(=O)N[C@@H]1C[C@H](N)[C@@H](O[C@H]2O[C@H](CN)[C@@H](O)[C@H](O)[C@H]2O)[C@H](O)[C@H]1O[C@H]1O[C@H](CO)[C@@H](O)[C@H](N)[C@H]1O,0,C1CCC(OC2CCCC(OC3CCCCO3)C2)OC1,Nc1nc(F)nc2c1ncn2[C@@H]1O[C@H](CO)[C@@H](O)[C@@H]1O,1,c1ncc2ncn(C3CCCO3)c2n1,0.16758560140474102,0,0.00046288095531082896
NCC[C@H](O)C(=O)N[C@@H]1C[C@H](N)[C@@H](O[C@H]2O[C@H](CN)CC[C@H]2N)[C@H](O)[C@H]1O[C@H]1O[C@H](CO)[C@@H](O)[C@H](N)[C@H]1O,0,C1CCC(OC2CCCC(OC3CCCCO3)C2)OC1,N[C@H]1C(O)O[C@H](CO)[C@@H](O)[C@@H]1O,1,C1CCOCC1,0.23216570210173623,0,0.005495905310660104
NCC[C@H](O)C(=O)N[C@@H]1C[C@H](N)[C@@H](O[C@H]2O[C@H](CN)CC[C@H]2N)[C@H](O)[C@H]1O[C@H]1O[C@H](CO)[C@@H](O)[C@H](N)[C@H]1O,0,C1CCC(OC2CCCC(OC3CCCCO3)C2)OC1,CN(N=O)C(=O)N[C@@H]1[C@@H](O)[C@H](O)[C@@H](CO)O[C@@H]1O,1,C1CCOCC1,0.2181818181818182,0,0.0038123425067690324
NCC[C@H](O)C(=O)N[C@@H]1C[C@H](N)[C@@H](O[C@H]2O[C@H](CN)CC[C@H]2N)[C@H](O)[C@H]1O[C@H]1O[C@H](CO)[C@@H](O)[C@H](N)[C@H]1O,0,C1CCC(OC2CCCC(OC3CCCCO3)C2)OC1,NC(=O)c1ncn([C@@H]2O[C@H](CO)[C@@H](O)[C@H]2O)n1,1,c1ncn(C2CCCO2)n1,0.20599647266313934,0,0.001847679588823045
NCC[C@H](O)C(=O)N[C@@H]1C[C@H](N)[C@@H](O[C@H]2O[C@H](CN)CC[C@H]2N)[C@H](O)[C@H]1O[C@H]1O[C@H](CO)[C@@H](O)[C@H](N)[C@H]1O,0,C1CCC(OC2CCCC(OC3CCCCO3)C2)OC1,Nc1ccn([C@H]2CC[C@@H](CO)O2)c(=O)n1,1,O=c1ncccn1C1CCCO1,0.1567279411764706,0,0.0010715325267452644
NC[C@H]1O[C@H](O[C@H]2[C@H](O)[C@@H](O[C@H]3O[C@H](CO)[C@@H](O)[C@H](N)[C@H]3O)[C@H](N)C[C@@H]2N)[C@H](N)C[C@@H]1O,0,C1CCC(OC2CCCC(OC3CCCCO3)C2)OC1,N[C@H]1C(O)O[C@H](CO)[C@@H](O)[C@@H]1O,1,C1CCOCC1,0.3255894192064405,0,0.01623087081048385
NC[C@H]1O[C@H](O[C@H]2[C@H](O)[C@@H](O[C@H]3O[C@H](CO)[C@@H](O)[C@H](N)[C@H]3O)[C@H](N)C[C@@H]2N)[C@H](N)C[C@@H]1O,0,C1CCC(OC2CCCC(OC3CCCCO3)C2)OC1,Nc1nc(Cl)nc2c1ncn2[C@H]1C[C@H](O)[C@@H](CO)O1,1,c1ncc2ncn(C3CCCO3)c2n1,0.21785714285714286,0,0.006143672792848483
NC[C@H]1O[C@H](O[C@H]2[C@H](O)[C@@H](O[C@H]3O[C@H](CO)[C@@H](O)[C@H](N)[C@H]3O)[C@H](N)C[C@@H]2N)[C@H](N)C[C@@H]1O,0,C1CCC(OC2CCCC(OC3CCCCO3)C2)OC1,NC(=O)c1ncn([C@@H]2O[C@H](CO)[C@@H](O)[C@H]2O)n1,1,c1ncn(C2CCCO2)n1,0.2127358490566038,0,0.0015088623337533385
NC[C@H]1O[C@H](O[C@H]2[C@H](O)[C@@H](O[C@H]3O[C@H](CO)[C@@H](O)[C@H](N)[C@H]3O)[C@H](N)C[C@@H]2N)[C@H](N)C[C@@H]1O,0,C1CCC(OC2CCCC(OC3CCCCO3)C2)OC1,OC[C@@H]1O[C@@](O)(CO)[C@H](O)[C@H]1O,1,C1CCOC1,0.20499745028046917,0,0.002742171698550212
NC[C@H]1O[C@H](O[C@H]2[C@H](O)[C@@H](O[C@H]3O[C@H](CO)[C@@H](O)[C@H](N)[C@H]3O)[C@H](N)C[C@@H]2N)[C@H](O)[C@@H](O)[C@@H]1O,0,C1CCC(OC2CCCC(OC3CCCCO3)C2)OC1,N[C@H]1C(O)O[C@H](CO)[C@@H](O)[C@@H]1O,1,C1CCOCC1,0.37090909090909097,0,0.005332017054988516
NC[C@H]1O[C@H](O[C@H]2[C@H](O)[C@@H](O[C@H]3O[C@H](CO)[C@@H](O)[C@H](N)[C@H]3O)[C@H](N)C[C@@H]2N)[C@H](O)[C@@H](O)[C@@H]1O,0,C1CCC(OC2CCCC(OC3CCCCO3)C2)OC1,NC(=O)c1ncn([C@@H]2O[C@H](CO)[C@@H](O)[C@H]2O)n1,1,c1ncn(C2CCCO2)n1,0.2237824161922834,0,0.0008863379960990935
NC[C@H]1O[C@H](O[C@H]2[C@H](O)[C@@H](O[C@H]3O[C@H](CO)[C@@H](O)[C@H](N)[C@H]3O)[C@H](N)C[C@@H]2N)[C@H](O)[C@@H](O)[C@@H]1O,0,C1CCC(OC2CCCC(OC3CCCCO3)C2)OC1,OC[C@@H]1O[C@@](O)(CO)[C@H](O)[C@H]1O,1,C1CCOC1,0.21971988795518207,0,0.001000633067153267
NC[C@H]1O[C@H](O[C@H]2[C@H](O)[C@@H](O[C@H]3O[C@H](CO)[C@@H](O)[C@H](N)[C@H]3O)[C@H](N)C[C@@H]2N)[C@H](O)[C@@H](O)[C@@H]1O,0,C1CCC(OC2CCCC(OC3CCCCO3)C2)OC1,CN(N=O)C(=O)N[C@@H]1[C@@H](O)[C@H](O)[C@@H](CO)O[C@@H]1O,1,C1CCOCC1,0.2173003139169864,0,0.0020908151493883452
CCC[C@H](N[C@@H](C)C(=O)N1[C@H](C(=O)O)C[C@@H]2CCCC[C@@H]21)C(=O)OCC,1,C1CCC2NCCC2C1,CCOC(=O)[C@H](CCc1ccccc1)N[C@@H](C)C(=O)N1[C@H](C(=O)O)C[C@@H]2CCC[C@@H]21,1,O=C(CNCCCc1ccccc1)N1CCC2CCCC21,0.758007662835249,1,0.9706881881287639
CCC[C@H](N[C@@H](C)C(=O)N1[C@H](C(=O)O)C[C@@H]2CCCC[C@@H]21)C(=O)OCC,1,C1CCC2NCCC2C1,CCOC(=O)[C@H](CCc1ccccc1)N[C@@H](C)C(=O)N1CCC[C@H]1C(=O)O,1,O=C(CNCCCc1ccccc1)N1CCCC1,0.5338134206219313,1,0.9449446640589001
CCC[C@H](N[C@@H](C)C(=O)N1[C@H](C(=O)O)C[C@@H]2CCCC[C@@H]21)C(=O)OCC,1,C1CCC2NCCC2C1,CCOC(=O)[C@H](CCc1ccccc1)N[C@@H](C)C(=O)N1Cc2ccccc2C[C@H]1C(=O)O,1,O=C(CNCCCc1ccccc1)N1CCc2ccccc2C1,0.46742028985507245,1,0.9458264631055533
CCC[C@H](N[C@@H](C)C(=O)N1[C@H](C(=O)O)C[C@@H]2CCCC[C@@H]21)C(=O)OCC,1,C1CCC2NCCC2C1,CCOC(=O)[C@H](CCc1ccccc1)N[C@H]1CCCN2CCC[C@@H](C(=O)O)N2C1=O,1,O=C1C(NCCCc2ccccc2)CCCN2CCCCN12,0.36824242424242426,1,0.973113297593592
C#C[C@]1(O)C=C[C@H]2[C@@H]3CCC4=CC(=O)CC[C@@H]4[C@H]3CC[C@@]21CC,1,O=C1C=C2CCC3C4C=CCC4CCC3C2CC1,C#C[C@]1(O)CC[C@H]2[C@@H]3CCC4=CCCC[C@@H]4[C@H]3CC[C@@]21C,1,C1=C2CCC3C4CCCC4CCC3C2CCC1,0.3666666666666667,1,0.7669033700526092
C#C[C@]1(O)C=C[C@H]2[C@@H]3CCC4=CC(=O)CC[C@@H]4[C@H]3CC[C@@]21CC,1,O=C1C=C2CCC3C4C=CCC4CCC3C2CC1,CC#C[C@]1(O)CC[C@H]2[C@@H]3CCC4=CC(=O)CCC4=C3[C@@H](c3ccc(N(C)C)cc3)C[C@@]21C,1,O=C1C=C2CCC3C(=C2CC1)C(c1ccccc1)CC1CCCC13,0.24625821496714015,1,0.6270799171633392
C#C[C@]1(O)C=C[C@H]2[C@@H]3CCC4=CC(=O)CC[C@@H]4[C@H]3CC[C@@]21CC,1,O=C1C=C2CCC3C4C=CCC4CCC3C2CC1,C=C1C[C@@H]2[C@H](CC[C@]3(C)C(=O)CC[C@@H]23)[C@@]2(C)C=CC(=O)C=C12,1,C=C1CC2C(CCC3C(=O)CCC32)C2C=CC(=O)C=C12,0.218796992481203,1,0.8407865986338512
C#C[C@]1(O)C=C[C@H]2[C@@H]3CCC4=CC(=O)CC[C@@H]4[C@H]3CC[C@@]21CC,1,O=C1C=C2CCC3C4C=CCC4CCC3C2CC1,CC(=O)S[C@@H]1CC2=CC(=O)CC[C@]2(C)[C@H]2CC[C@@]3(C)[C@@H](CC[C@@]34CCC(=O)O4)[C@H]12,1,O=C1C=C2CCC3C(CCC4C3CCC43CCC(=O)O3)C2CC1,0.2134479271991911,1,0.7275131399152814
N=C(N)c1ccc(OCCCCCOc2ccc(C(=N)N)cc2)cc1,0,c1ccc(OCCCCCOc2ccccc2)cc1,CCOc1ccc(NC(C)=O)cc1,1,c1ccccc1,0.2625,0,0.1539085277139978
N=C(N)c1ccc(OCCCCCOc2ccc(C(=N)N)cc2)cc1,0,c1ccc(OCCCCCOc2ccccc2)cc1,CC(C)NCC(O)COc1ccc(CC(N)=O)cc1,1,c1ccccc1,0.25933300149328026,0,0.2882625134396666
N=C(N)c1ccc(OCCCCCOc2ccc(C(=N)N)cc2)cc1,0,c1ccc(OCCCCCOc2ccccc2)cc1,COCCc1ccc(OCC(O)CNC(C)C)cc1,1,c1ccccc1,0.24300647088103536,0,0.3063651780218077
N=C(N)c1ccc(OCCCCCOc2ccc(C(=N)N)cc2)cc1,0,c1ccc(OCCCCCOc2ccccc2)cc1,CC(C)NC[C@H](O)COc1ccc(O)cc1,1,c1ccccc1,0.2397129186602871,0,0.25016486087607664
COc1ccc2c(c1OC)C(=O)O[C@@H]2[C@H]1c2c(cc3c(c2OC)OCO3)CCN1C,1,O=C1OC(C2NCCc3cc4c(cc32)OCO4)c2ccccc21,COc1ccc2c3c1O[C@H]1C[C@@H](O)C=C[C@@]31CCN(C)C2,1,C1=CC23CCNCc4cccc(c42)OC3CC1,0.26250516742455565,1,0.8631525027488242
COc1ccc2c(c1OC)C(=O)O[C@@H]2[C@H]1c2c(cc3c(c2OC)OCO3)CCN1C,1,O=C1OC(C2NCCc3cc4c(cc32)OCO4)c2ccccc21,COc1cc2c(c(OC)c1OC)-c1ccc(OC)c(=O)cc1C(NC(C)=O)CC2,1,O=c1cccc2c(c1)CCCc1ccccc1-2,0.2515447154471545,1,0.9203446525411688
COc1ccc2c(c1OC)C(=O)O[C@@H]2[C@H]1c2c(cc3c(c2OC)OCO3)CCN1C,1,O=C1OC(C2NCCc3cc4c(cc32)OCO4)c2ccccc21,COc1cc2nc(N3CCN(C(=O)C4COc5ccccc5O4)CC3)nc(N)c2cc1OC,1,O=C(C1COc2ccccc2O1)N1CCN(c2ncc3ccccc3n2)CC1,0.22743961352657005,1,0.957845138212339
COc1ccc2c(c1OC)C(=O)O[C@@H]2[C@H]1c2c(cc3c(c2OC)OCO3)CCN1C,1,O=C1OC(C2NCCc3cc4c(cc32)OCO4)c2ccccc21,COc1ccc(C2CNC(=O)C2)cc1OC1CCCC1,1,O=C1CC(c2cccc(OC3CCCC3)c2)CN1,0.22163170163170165,1,0.8303005458482479
Cc1nnc2n1-c1ccc(Cl)cc1C(c1ccccc1)=NC2,1,c1ccc(C2=NCc3nncn3-c3ccccc32)cc1,Cc1nnc2n1-c1ccc(Cl)cc1C(c1ccccc1Cl)=NC2,1,c1ccc(C2=NCc3nncn3-c3ccccc32)cc1,0.7951188986232791,1,0.9940357153377234
Cc1nnc2n1-c1ccc(Cl)cc1C(c1ccccc1)=NC2,1,c1ccc(C2=NCc3nncn3-c3ccccc32)cc1,CN(C)Cc1nnc2n1-c1ccc(Cl)cc1C(c1ccccc1)=NC2,1,c1ccc(C2=NCc3nncn3-c3ccccc32)cc1,0.7185520361990951,1,0.9955039596340151
Cc1nnc2n1-c1ccc(Cl)cc1C(c1ccccc1)=NC2,1,c1ccc(C2=NCc3nncn3-c3ccccc32)cc1,CNC1=Nc2ccc(Cl)cc2C(c2ccccc2)=[N+]([O-])C1,1,C1=Nc2ccccc2C(c2ccccc2)=[NH+]C1,0.2912698412698413,1,0.9985021770602911
Cc1nnc2n1-c1ccc(Cl)cc1C(c1ccccc1)=NC2,1,c1ccc(C2=NCc3nncn3-c3ccccc32)cc1,CN(C)CCCN1c2ccccc2CCc2ccc(Cl)cc21,1,c1ccc2c(c1)CCc1ccccc1N2,0.25023342670401494,1,0.9855368924387521
CN(C)Cc1nnc2n1-c1ccc(Cl)cc1C(c1ccccc1)=NC2,1,c1ccc(C2=NCc3nncn3-c3ccccc32)cc1,Cc1nnc2n1-c1ccc(Cl)cc1C(c1ccccc1)=NC2,1,c1ccc(C2=NCc3nncn3-c3ccccc32)cc1,0.7185520361990951,1,0.996339462712204
CN(C)Cc1nnc2n1-c1ccc(Cl)cc1C(c1ccccc1)=NC2,1,c1ccc(C2=NCc3nncn3-c3ccccc32)cc1,Cc1nnc2n1-c1ccc(Cl)cc1C(c1ccccc1Cl)=NC2,1,c1ccc(C2=NCc3nncn3-c3ccccc32)cc1,0.576551133932392,1,0.9952623541382477
CN(C)Cc1nnc2n1-c1ccc(Cl)cc1C(c1ccccc1)=NC2,1,c1ccc(C2=NCc3nncn3-c3ccccc32)cc1,CN(C)CCCN1c2ccccc2CCc2ccc(Cl)cc21,1,c1ccc2c(c1)CCc1ccccc1N2,0.2904499274310595,1,0.958116248274285
CN(C)Cc1nnc2n1-c1ccc(Cl)cc1C(c1ccccc1)=NC2,1,c1ccc(C2=NCc3nncn3-c3ccccc32)cc1,CN(C)CC/C=C1/c2ccccc2Sc2ccc(Cl)cc21,1,C=C1c2ccccc2Sc2ccccc21,0.2797202797202797,1,0.9719947740129103
Cc1nnc2n1-c1ccc(Cl)cc1C(c1ccccc1Cl)=NC2,1,c1ccc(C2=NCc3nncn3-c3ccccc32)cc1,Cc1nnc2n1-c1ccc(Cl)cc1C(c1ccccc1)=NC2,1,c1ccc(C2=NCc3nncn3-c3ccccc32)cc1,0.7951188986232791,1,0.9972792345574204
Cc1nnc2n1-c1ccc(Cl)cc1C(c1ccccc1Cl)=NC2,1,c1ccc(C2=NCc3nncn3-c3ccccc32)cc1,CN(C)Cc1nnc2n1-c1ccc(Cl)cc1C(c1ccccc1)=NC2,1,c1ccc(C2=NCc3nncn3-c3ccccc32)cc1,0.576551133932392,1,0.9955392185327829
Cc1nnc2n1-c1ccc(Cl)cc1C(c1ccccc1Cl)=NC2,1,c1ccc(C2=NCc3nncn3-c3ccccc32)cc1,CN(C)CC/C=C1/c2ccccc2Sc2ccc(Cl)cc21,1,C=C1c2ccccc2Sc2ccccc21,0.25098039215686274,1,0.9774402696635249
Cc1nnc2n1-c1ccc(Cl)cc1C(c1ccccc1Cl)=NC2,1,c1ccc(C2=NCc3nncn3-c3ccccc32)cc1,CN1CCN(C2=Nc3cc(Cl)ccc3Nc3ccccc32)CC1,1,c1ccc2c(c1)N=C(N1CCNCC1)c1ccccc1N2,0.24743991640543364,1,0.992235689219403
C[N+]1(CC2CC2)[C@@H]2C[C@@H](OC(=O)[C@H](CO)c3ccccc3)C[C@H]1[C@@H]1O[C@@H]12,0,O=C(Cc1ccccc1)OC1CC2C3OC3C(C1)[NH+]2CC1CC1,NC(=O)OCC(COC(N)=O)c1ccccc1,1,c1ccccc1,0.2580593424218124,0,0.08722218124025335
C[N+]1(CC2CC2)[C@@H]2C[C@@H](OC(=O)[C@H](CO)c3ccccc3)C[C@H]1[C@@H]1O[C@@H]12,0,O=C(Cc1ccccc1)OC1CC2C3OC3C(C1)[NH+]2CC1CC1,CN1[C@@H]2CC[C@H]1C[C@@H](OC(=O)c1c[nH]c3ccccc13)C2,1,O=C(OC1CC2CCC(C1)N2)c1c[nH]c2ccccc12,0.251328320802005,0,0.014378291011764861
C[N+]1(CC2CC2)[C@@H]2C[C@@H](OC(=O)[C@H](CO)c3ccccc3)C[C@H]1[C@@H]1O[C@@H]12,0,O=C(Cc1ccccc1)OC1CC2C3OC3C(C1)[NH+]2CC1CC1,COC(=O)[C@H]1[C@@H](OC(=O)c2ccccc2)C[C@@H]2CC[C@H]1N2C,1,O=C(OC1CC2CCC(C1)N2)c1ccccc1,0.24512489927477843,0,0.03257907157749065
C[N+]1(CC2CC2)[C@@H]2C[C@@H](OC(=O)[C@H](CO)c3ccccc3)C[C@H]1[C@@H]1O[C@@H]12,0,O=C(Cc1ccccc1)OC1CC2C3OC3C(C1)[NH+]2CC1CC1,CCC(C(=O)O)c1ccc(N2Cc3ccccc3C2=O)cc1,1,O=C1c2ccccc2CN1c1ccccc1,0.21851851851851853,0,0.04972265417520883
CN1C[C@H](C(=O)N[C@]2(C)O[C@@]3(O)[C@@H]4CCCN4C(=O)[C@H](Cc4ccccc4)N3C2=O)C=C2c3cccc4[nH]cc(c34)C[C@H]21,0,O=C(NC1OC2C3CCCN3C(=O)C(Cc3ccccc3)N2C1=O)C1C=C2c3cccc4[nH]cc(c34)CC2NC1,C=CCN1C[C@H](C(=O)N(CCCN(C)C)C(=O)NCC)C[C@@H]2c3cccc4[nH]cc(c34)C[C@H]21,1,c1cc2c3c(c[nH]c3c1)CC1NCCCC21,0.2740601503759399,0,0.06627889372917262
CN1C[C@H](C(=O)N[C@]2(C)O[C@@]3(O)[C@@H]4CCCN4C(=O)[C@H](Cc4ccccc4)N3C2=O)C=C2c3cccc4[nH]cc(c34)C[C@H]21,0,O=C(NC1OC2C3CCCN3C(=O)C(Cc3ccccc3)N2C1=O)C1C=C2c3cccc4[nH]cc(c34)CC2NC1,CN1CCC[C@@H]1Cc1c[nH]c2ccc(CCS(=O)(=O)c3ccccc3)cc12,1,O=S(=O)(CCc1ccc2[nH]cc(CC3CCCN3)c2c1)c1ccccc1,0.2651651651651652,0,0.015033430477577974
CN1C[C@H](C(=O)N[C@]2(C)O[C@@]3(O)[C@@H]4CCCN4C(=O)[C@H](Cc4ccccc4)N3C2=O)C=C2c3cccc4[nH]cc(c34)C[C@H]21,0,O=C(NC1OC2C3CCCN3C(=O)C(Cc3ccccc3)N2C1=O)C1C=C2c3cccc4[nH]cc(c34)CC2NC1,CCCN1C[C@H](CSC)C[C@@H]2c3cccc4[nH]cc(c34)C[C@H]21,1,c1cc2c3c(c[nH]c3c1)CC1NCCCC21,0.2646372399797058,0,0.049742295081244
CN1C[C@H](C(=O)N[C@]2(C)O[C@@]3(O)[C@@H]4CCCN4C(=O)[C@H](Cc4ccccc4)N3C2=O)C=C2c3cccc4[nH]cc(c34)C[C@H]21,0,O=C(NC1OC2C3CCCN3C(=O)C(Cc3ccccc3)N2C1=O)C1C=C2c3cccc4[nH]cc(c34)CC2NC1,CN1[C@@H]2CC[C@H]1C[C@@H](OC(=O)c1c[nH]c3ccccc13)C2,1,O=C(OC1CC2CCC(C1)N2)c1c[nH]c2ccccc12,0.21412012644889358,0,0.021425736645409445
Cc1cc(=O)n(-c2ccccc2)n1C,1,O=c1cc[nH]n1-c1ccccc1,CCCCC1C(=O)N(c2ccccc2)N(c2ccccc2)C1=O,1,O=C1CC(=O)N(c2ccccc2)N1c1ccccc1,0.2877777777777778,1,0.9972661792950593
Cc1cc(=O)n(-c2ccccc2)n1C,1,O=c1cc[nH]n1-c1ccccc1,O=C1C(CCS(=O)c2ccccc2)C(=O)N(c2ccccc2)N1c1ccccc1,1,O=C1C(CCS(=O)c2ccccc2)C(=O)N(c2ccccc2)N1c1ccccc1,0.2452088452088452,1,0.9993837859818879
Cc1cc(=O)n(-c2ccccc2)n1C,1,O=c1cc[nH]n1-c1ccccc1,O=C1c2ccccc2C(=O)C1c1ccccc1,1,O=C1c2ccccc2C(=O)C1c1ccccc1,0.2111111111111111,1,0.9908194356504981
Cc1cc(=O)n(-c2ccccc2)n1C,1,O=c1cc[nH]n1-c1ccccc1,CCOC(=O)C1(c2ccccc2)CCN(C)CC1,1,c1ccc(C2CCNCC2)cc1,0.20714285714285716,1,0.9303595634620666
CC(C)(Oc1ccc(CCNC(=O)c2ccc(Cl)cc2)cc1)C(=O)O,1,O=C(NCCc1ccccc1)c1ccccc1,O=C(NCCN1CCOCC1)c1ccc(Cl)cc1,1,O=C(NCCN1CCOCC1)c1ccccc1,0.3880632411067194,1,0.9694412466189712
CC(C)(Oc1ccc(CCNC(=O)c2ccc(Cl)cc2)cc1)C(=O)O,1,O=C(NCCc1ccccc1)c1ccccc1,CCN(CC)CCNC(=O)c1ccc(N)cc1,1,c1ccccc1,0.31683794466403165,1,0.9939775382972059
CC(C)(Oc1ccc(CCNC(=O)c2ccc(Cl)cc2)cc1)C(=O)O,1,O=C(NCCc1ccccc1)c1ccccc1,CCN(CC)CCNC(=O)c1cc(Cl)c(N)cc1OC,1,c1ccccc1,0.26701631701631706,1,0.9871338323633226
CC(C)(Oc1ccc(CCNC(=O)c2ccc(Cl)cc2)cc1)C(=O)O,1,O=C(NCCc1ccccc1)c1ccccc1,NCC(CC(=O)O)c1ccc(Cl)cc1,1,c1ccccc1,0.2602020202020202,1,0.9099620403436628
O=C1C(O)=C([C@H]2CC[C@H](c3ccc(Cl)cc3)CC2)C(=O)c2ccccc21,0,O=C1C=C(C2CCC(c3ccccc3)CC2)C(=O)c2ccccc21,O=C1c2ccccc2C(=O)C1c1ccccc1,1,O=C1c2ccccc2C(=O)C1c1ccccc1,0.28452380952380957,0,0.3495494211593758
O=C1C(O)=C([C@H]2CC[C@H](c3ccc(Cl)cc3)CC2)C(=O)c2ccccc21,0,O=C1C=C(C2CCC(c3ccccc3)CC2)C(=O)c2ccccc21,Clc1ccc(C(c2ccccc2Cl)C(Cl)Cl)cc1,1,c1ccc(Cc2ccccc2)cc1,0.24122807017543862,1,0.5751235125383533
O=C1C(O)=C([C@H]2CC[C@H](c3ccc(Cl)cc3)CC2)C(=O)c2ccccc21,0,O=C1C=C(C2CCC(c3ccccc3)CC2)C(=O)c2ccccc21,NCC(CC(=O)O)c1ccc(Cl)cc1,1,c1ccccc1,0.2364651162790698,1,0.5371065537203574
O=C1C(O)=C([C@H]2CC[C@H](c3ccc(Cl)cc3)CC2)C(=O)c2ccccc21,0,O=C1C=C(C2CCC(c3ccccc3)CC2)C(=O)c2ccccc21,CN(C)C(=O)C(CCN1CCC(O)(c2ccc(Cl)cc2)CC1)(c1ccccc1)c1ccccc1,1,c1ccc(C2CCN(CCC(c3ccccc3)c3ccccc3)CC2)cc1,0.22528160200250313,1,0.5160043166380655
O=C(O)[C@H](CCc1ccccc1)N[C@H]1CCCN2CCC[C@@H](C(=O)O)N2C1=O,1,O=C1C(NCCCc2ccccc2)CCCN2CCCCN12,CCOC(=O)[C@H](CCc1ccccc1)N[C@H]1CCCN2CCC[C@@H](C(=O)O)N2C1=O,1,O=C1C(NCCCc2ccccc2)CCCN2CCCCN12,0.7857142857142858,1,0.946243353973248
O=C(O)[C@H](CCc1ccccc1)N[C@H]1CCCN2CCC[C@@H](C(=O)O)N2C1=O,1,O=C1C(NCCCc2ccccc2)CCCN2CCCCN12,NCCCC[C@H](N[C@@H](CCc1ccccc1)C(=O)O)C(=O)N1CCC[C@H]1C(=O)O,1,O=C(CNCCCc1ccccc1)N1CCCC1,0.524,1,0.9748532492275643
O=C(O)[C@H](CCc1ccccc1)N[C@H]1CCCN2CCC[C@@H](C(=O)O)N2C1=O,1,O=C1C(NCCCc2ccccc2)CCCN2CCCCN12,CCOC(=O)[C@H](CCc1ccccc1)N[C@@H](C)C(=O)N1CCC[C@H]1C(=O)O,1,O=C(CNCCCc1ccccc1)N1CCCC1,0.45943496801705763,1,0.9504034431847382
O=C(O)[C@H](CCc1ccccc1)N[C@H]1CCCN2CCC[C@@H](C(=O)O)N2C1=O,1,O=C1C(NCCCc2ccccc2)CCCN2CCCCN12,CCOC(=O)[C@H](CCc1ccccc1)N[C@H]1CCc2ccccc2N(CC(=O)O)C1=O,1,O=C1Nc2ccccc2CCC1NCCCc1ccccc1,0.4140350877192983,1,0.8679711544153181
CCOC(=O)[C@H](CCc1ccccc1)N[C@H]1CCCN2CCC[C@@H](C(=O)O)N2C1=O,1,O=C1C(NCCCc2ccccc2)CCCN2CCCCN12,O=C(O)[C@H](CCc1ccccc1)N[C@H]1CCCN2CCC[C@@H](C(=O)O)N2C1=O,1,O=C1C(NCCCc2ccccc2)CCCN2CCCCN12,0.7857142857142858,1,0.9415127881965252
CCOC(=O)[C@H](CCc1ccccc1)N[C@H]1CCCN2CCC[C@@H](C(=O)O)N2C1=O,1,O=C1C(NCCCc2ccccc2)CCCN2CCCCN12,CCOC(=O)[C@H](CCc1ccccc1)N[C@@H](C)C(=O)N1CCC[C@H]1C(=O)O,1,O=C(CNCCCc1ccccc1)N1CCCC1,0.601025641025641,1,0.9724233800660318
CCOC(=O)[C@H](CCc1ccccc1)N[C@H]1CCCN2CCC[C@@H](C(=O)O)N2C1=O,1,O=C1C(NCCCc2ccccc2)CCCN2CCCCN12,CCOC(=O)[C@H](CCc1ccccc1)N[C@H]1CCc2ccccc2N(CC(=O)O)C1=O,1,O=C1Nc2ccccc2CCC1NCCCc1ccccc1,0.5636566332218507,1,0.9232953630998987
CCOC(=O)[C@H](CCc1ccccc1)N[C@H]1CCCN2CCC[C@@H](C(=O)O)N2C1=O,1,O=C1C(NCCCc2ccccc2)CCCN2CCCCN12,CCOC(=O)[C@H](CCc1ccccc1)N[C@@H](C)C(=O)N1[C@H](C(=O)O)C[C@@H]2CCC[C@@H]21,1,O=C(CNCCCc1ccccc1)N1CCC2CCCC21,0.5111111111111111,1,0.9813822924738739
O=C(CCCN1CCC(O)(c2ccc(Cl)cc2)CC1)c1ccc(F)cc1,1,O=C(CCCN1CCC(c2ccccc2)CC1)c1ccccc1,CN(C)C(=O)C(CCN1CCC(O)(c2ccc(Cl)cc2)CC1)(c1ccccc1)c1ccccc1,1,c1ccc(C2CCN(CCC(c3ccccc3)c3ccccc3)CC2)cc1,0.4876061120543294,1,0.9163312305318498
O=C(CCCN1CCC(O)(c2ccc(Cl)cc2)CC1)c1ccc(F)cc1,1,O=C(CCCN1CCC(c2ccccc2)CC1)c1ccccc1,O=C(CCCN1CCC(n2c(O)nc3ccccc32)CC1)c1ccc(F)cc1,1,O=C(CCCN1CCC(n2cnc3ccccc32)CC1)c1ccccc1,0.4515921288014312,1,0.920279728074717
O=C(CCCN1CCC(O)(c2ccc(Cl)cc2)CC1)c1ccc(F)cc1,1,O=C(CCCN1CCC(c2ccccc2)CC1)c1ccccc1,O=C(CCCN1CC=C(n2c(=O)[nH]c3ccccc32)CC1)c1ccc(F)cc1,1,O=C(CCCN1CC=C(n2c(=O)[nH]c3ccccc32)CC1)c1ccccc1,0.4010434782608696,1,0.9480615926716698
O=C(CCCN1CCC(O)(c2ccc(Cl)cc2)CC1)c1ccc(F)cc1,1,O=C(CCCN1CCC(c2ccccc2)CC1)c1ccccc1,O=C(NCCN1CCOCC1)c1ccc(Cl)cc1,1,O=C(NCCN1CCOCC1)c1ccccc1,0.35878889823381,1,0.957953520531687
COc1ccc(CCN(C)CCCC(C#N)(c2ccc(OC)c(OC)c2)C(C)C)cc1OC,1,c1ccc(CCCCNCCc2ccccc2)cc1,COc1ccc(CCNCC(O)COc2cccc(C)c2)cc1OC,1,c1ccc(CCNCCCOc2ccccc2)cc1,0.27578185577668646,0,0.4368635861265627
COc1ccc(CCN(C)CCCC(C#N)(c2ccc(OC)c(OC)c2)C(C)C)cc1OC,1,c1ccc(CCCCNCCc2ccccc2)cc1,CN(CCOc1ccc(NS(C)(=O)=O)cc1)CCc1ccc(NS(C)(=O)=O)cc1,1,c1ccc(CCNCCOc2ccccc2)cc1,0.2733416770963705,1,0.6800890564812446
COc1ccc(CCN(C)CCCC(C#N)(c2ccc(OC)c(OC)c2)C(C)C)cc1OC,1,c1ccc(CCCCNCCc2ccccc2)cc1,CCOc1ccccc1OCCN[C@H](C)Cc1ccc(OC)c(S(N)(=O)=O)c1,1,c1ccc(CCNCCOc2ccccc2)cc1,0.21454545454545457,1,0.65052479793229
COc1ccc(CCN(C)CCCC(C#N)(c2ccc(OC)c(OC)c2)C(C)C)cc1OC,1,c1ccc(CCCCNCCc2ccccc2)cc1,COc1ccc(C2CNC(=O)C2)cc1OC1CCCC1,1,O=C1CC(c2cccc(OC3CCCC3)c2)CN1,0.2083266183185603,1,0.8314964029707045
COc1ccc(CCN(C)CCCC(C#N)(c2cc(OC)c(OC)c(OC)c2)C(C)C)cc1OC,0,c1ccc(CCCCNCCc2ccccc2)cc1,COc1ccc(CCN(C)CCCC(C#N)(c2ccc(OC)c(OC)c2)C(C)C)cc1OC,1,c1ccc(CCCCNCCc2ccccc2)cc1,0.8867521367521368,0,0.3799324855715935
COc1ccc(CCN(C)CCCC(C#N)(c2cc(OC)c(OC)c(OC)c2)C(C)C)cc1OC,0,c1ccc(CCCCNCCc2ccccc2)cc1,COc1ccc(CCNCC(O)COc2cccc(C)c2)cc1OC,1,c1ccc(CCNCCCOc2ccccc2)cc1,0.26608187134502925,0,0.33154207898074317
COc1ccc(CCN(C)CCCC(C#N)(c2cc(OC)c(OC)c(OC)c2)C(C)C)cc1OC,0,c1ccc(CCCCNCCc2ccccc2)cc1,CN(CCOc1ccc(NS(C)(=O)=O)cc1)CCc1ccc(NS(C)(=O)=O)cc1,1,c1ccc(CCNCCOc2ccccc2)cc1,0.2636150234741784,1,0.5745397344194838
COc1ccc(CCN(C)CCCC(C#N)(c2cc(OC)c(OC)c(OC)c2)C(C)C)cc1OC,0,c1ccc(CCCCNCCc2ccccc2)cc1,COc1cc(Cc2cnc(N)nc2N)cc(OC)c1OC,1,c1ccc(Cc2cncnc2)cc1,0.2343891402714932,0,0.45249799234815385
CCC(=O)O[C@@H](O[P@](=O)(CCCCc1ccccc1)CC(=O)N1C[C@H](C2CCCCC2)C[C@H]1C(=O)O)C(C)C,1,O=C(C[PH](=O)CCCCc1ccccc1)N1CCC(C2CCCCC2)C1,CCOC(=O)[C@H](CCc1ccccc1)N[C@@H](C)C(=O)N1[C@H](C(=O)O)C[C@@H]2CCC[C@@H]21,1,O=C(CNCCCc1ccccc1)N1CCC2CCCC21,0.40697674418604657,1,0.9621621783246513
CCC(=O)O[C@@H](O[P@](=O)(CCCCc1ccccc1)CC(=O)N1C[C@H](C2CCCCC2)C[C@H]1C(=O)O)C(C)C,1,O=C(C[PH](=O)CCCCc1ccccc1)N1CCC(C2CCCCC2)C1,CCOC(=O)[C@H](CCc1ccccc1)N[C@@H](C)C(=O)N1CCC[C@H]1C(=O)O,1,O=C(CNCCCc1ccccc1)N1CCCC1,0.3805985552115584,1,0.9123154498411599
CCC(=O)O[C@@H](O[P@](=O)(CCCCc1ccccc1)CC(=O)N1C[C@H](C2CCCCC2)C[C@H]1C(=O)O)C(C)C,1,O=C(C[PH](=O)CCCCc1ccccc1)N1CCC(C2CCCCC2)C1,CCOC(=O)[C@H](CCc1ccccc1)N[C@@H](C)C(=O)N1Cc2ccccc2C[C@H]1C(=O)O,1,O=C(CNCCCc1ccccc1)N1CCc2ccccc2C1,0.33037391784859094,1,0.939199928762325
CCC(=O)O[C@@H](O[P@](=O)(CCCCc1ccccc1)CC(=O)N1C[C@H](C2CCCCC2)C[C@H]1C(=O)O)C(C)C,1,O=C(C[PH](=O)CCCCc1ccccc1)N1CCC(C2CCCCC2)C1,CCOC(=O)[C@H](CCc1ccccc1)N[C@H]1CCCN2CCC[C@@H](C(=O)O)N2C1=O,1,O=C1C(NCCCc2ccccc2)CCCN2CCCCN12,0.3196581196581197,1,0.9530416701207068
Cc1nnc(SCC2=C(C(=O)O)N3C(=O)[C@@H](NC(=O)Cn4cnnn4)[C@H]3SC2)s1,1,O=C(Cn1cnnn1)NC1C(=O)N2C=C(CSc3nncs3)CSC12,N[C@@H](C(=O)N[C@@H]1C(=O)N2C(C(=O)O)=C(CSc3c[nH]nn3)CS[C@H]12)c1ccc(O)cc1,1,O=C(Cc1ccccc1)NC1C(=O)N2C=C(CSc3c[nH]nn3)CSC12,0.4300659340659341,1,0.9442759029227306
Cc1nnc(SCC2=C(C(=O)O)N3C(=O)[C@@H](NC(=O)Cn4cnnn4)[C@H]3SC2)s1,1,O=C(Cn1cnnn1)NC1C(=O)N2C=C(CSc3nncs3)CSC12,CC1=C(C(=O)O)N2C(=O)[C@@H](NC(=O)[C@H](N)c3ccccc3)[C@H]2SC1,1,O=C(Cc1ccccc1)NC1C(=O)N2C=CCSC12,0.37355182926829267,1,0.9537329810860933
Cc1nnc(SCC2=C(C(=O)O)N3C(=O)[C@@H](NC(=O)Cn4cnnn4)[C@H]3SC2)s1,1,O=C(Cn1cnnn1)NC1C(=O)N2C=C(CSc3nncs3)CSC12,CC1=C(C(=O)O)N2C(=O)[C@@H](NC(=O)[C@H](N)c3ccc(O)cc3)[C@H]2SC1,1,O=C(Cc1ccccc1)NC1C(=O)N2C=CCSC12,0.36148459383753506,1,0.9660621083371764
Cc1nnc(SCC2=C(C(=O)O)N3C(=O)[C@@H](NC(=O)Cn4cnnn4)[C@H]3SC2)s1,1,O=C(Cn1cnnn1)NC1C(=O)N2C=C(CSc3nncs3)CSC12,CO/N=C(\C(=O)N[C@@H]1C(=O)N2C(C(=O)O)=C(COC(N)=O)CS[C@H]12)c1ccco1,1,N=C(C(=O)NC1C(=O)N2C=CCSC12)c1ccco1,0.35555555555555557,1,0.9298298389345251
COc1ccc(C2CNC(=O)C2)cc1OC1CCCC1,1,O=C1CC(c2cccc(OC3CCCC3)c2)CN1,COc1cc2c(c(OC)c1OC)-c1ccc(OC)c(=O)cc1C(NC(C)=O)CC2,1,O=c1cccc2c(c1)CCCc1ccccc1-2,0.2555492957746479,1,0.974258810017858
COc1ccc(C2CNC(=O)C2)cc1OC1CCCC1,1,O=C1CC(c2cccc(OC3CCCC3)c2)CN1,COc1cccc([C@@]2(O)CCCC[C@@H]2CN(C)C)c1,1,c1ccc(C2CCCCC2)cc1,0.226738647189584,1,0.7880453366374779
COc1ccc(C2CNC(=O)C2)cc1OC1CCCC1,1,O=C1CC(c2cccc(OC3CCCC3)c2)CN1,COc1ccc2c(c1OC)C(=O)O[C@@H]2[C@H]1c2c(cc3c(c2OC)OCO3)CCN1C,1,O=C1OC(C2NCCc3cc4c(cc32)OCO4)c2ccccc21,0.22163170163170165,1,0.9185981680620056
COc1ccc(C2CNC(=O)C2)cc1OC1CCCC1,1,O=C1CC(c2cccc(OC3CCCC3)c2)CN1,COc1ccc(CCN(C)CCCC(C#N)(c2ccc(OC)c(OC)c2)C(C)C)cc1OC,1,c1ccc(CCCCNCCc2ccccc2)cc1,0.2083266183185603,1,0.9576326062865166
C#C[C@]1(O)CC[C@H]2[C@@H]3CCC4=CCCC[C@@H]4[C@H]3CC[C@@]21C,1,C1=C2CCC3C4CCCC4CCC3C2CCC1,C#C[C@]1(O)C=C[C@H]2[C@@H]3CCC4=CC(=O)CC[C@@H]4[C@H]3CC[C@@]21CC,1,O=C1C=C2CCC3C4C=CCC4CCC3C2CC1,0.3666666666666667,1,0.6393887403968811
C#C[C@]1(O)CC[C@H]2[C@@H]3CCC4=CCCC[C@@H]4[C@H]3CC[C@@]21C,1,C1=C2CCC3C4CCCC4CCC3C2CCC1,CC#C[C@]1(O)CC[C@H]2[C@@H]3CCC4=CC(=O)CCC4=C3[C@@H](c3ccc(N(C)C)cc3)C[C@@]21C,1,O=C1C=C2CCC3C(=C2CC1)C(c1ccccc1)CC1CCCC13,0.2551325301204819,1,0.6155891115427948
C#C[C@]1(O)CC[C@H]2[C@@H]3CCC4=CCCC[C@@H]4[C@H]3CC[C@@]21C,1,C1=C2CCC3C4CCCC4CCC3C2CCC1,CN1C(=O)NC(=O)C(C)(C2=CCCCC2)C1=O,1,O=C1NC(=O)C(C2=CCCCC2)C(=O)N1,0.20236486486486488,1,0.9488658217382584
C#C[C@]1(O)CC[C@H]2[C@@H]3CCC4=CCCC[C@@H]4[C@H]3CC[C@@]21C,1,C1=C2CCC3C4CCCC4CCC3C2CCC1,C=C1C[C@@H]2[C@H](CC[C@]3(C)C(=O)CC[C@@H]23)[C@@]2(C)C=CC(=O)C=C12,1,C=C1CC2C(CCC3C(=O)CCC32)C2C=CC(=O)C=C12,0.2001374098248025,1,0.7887964127119144
Nc1nc(F)nc2c1ncn2[C@@H]1O[C@H](CO)[C@@H](O)[C@@H]1O,1,c1ncc2ncn(C3CCCO3)c2n1,Nc1nc(Cl)nc2c1ncn2[C@H]1C[C@H](O)[C@@H](CO)O1,1,c1ncc2ncn(C3CCCO3)c2n1,0.5520605550883095,1,0.6454890226440858
Nc1nc(F)nc2c1ncn2[C@@H]1O[C@H](CO)[C@@H](O)[C@@H]1O,1,c1ncc2ncn(C3CCCO3)c2n1,NC(=O)c1ncn([C@@H]2O[C@H](CO)[C@@H](O)[C@H]2O)n1,1,c1ncn(C2CCCO2)n1,0.39915966386554624,1,0.7850215948248749
Nc1nc(F)nc2c1ncn2[C@@H]1O[C@H](CO)[C@@H](O)[C@@H]1O,1,c1ncc2ncn(C3CCCO3)c2n1,N[C@H]1C(O)O[C@H](CO)[C@@H](O)[C@@H]1O,1,C1CCOCC1,0.30454545454545456,1,0.9811028320675947
Nc1nc(F)nc2c1ncn2[C@@H]1O[C@H](CO)[C@@H](O)[C@@H]1O,1,c1ncc2ncn(C3CCCO3)c2n1,O=c1nc[nH]c2c1ncn2[C@H]1CC[C@@H](CO)O1,1,O=c1nc[nH]c2c1ncn2C1CCCO1,0.2715151515151515,1,0.8885346366147331
Nc1ncnc2c1ncn2[C@@H]1O[C@H](CO)[C@@H](O)[C@@H]1O,0,c1ncc2ncn(C3CCCO3)c2n1,Nc1nc(F)nc2c1ncn2[C@@H]1O[C@H](CO)[C@@H](O)[C@@H]1O,1,c1ncc2ncn(C3CCCO3)c2n1,0.7050000000000001,0,0.3186471222788712
Nc1ncnc2c1ncn2[C@@H]1O[C@H](CO)[C@@H](O)[C@@H]1O,0,c1ncc2ncn(C3CCCO3)c2n1,Nc1nc(Cl)nc2c1ncn2[C@H]1C[C@H](O)[C@@H](CO)O1,1,c1ncc2ncn(C3CCCO3)c2n1,0.4721003134796239,0,0.401463360490899
Nc1ncnc2c1ncn2[C@@H]1O[C@H](CO)[C@@H](O)[C@@H]1O,0,c1ncc2ncn(C3CCCO3)c2n1,NC(=O)c1ncn([C@@H]2O[C@H](CO)[C@@H](O)[C@H]2O)n1,1,c1ncn(C2CCCO2)n1,0.42216981132075476,1,0.5484763092348117
Nc1ncnc2c1ncn2[C@@H]1O[C@H](CO)[C@@H](O)[C@@H]1O,0,c1ncc2ncn(C3CCCO3)c2n1,C[C@H](Cn1cnc2c(N)ncnc21)OCP(=O)(O)O,1,c1ncc2nc[nH]c2n1,0.3559121032438089,0,0.15538831237423428
Nc1nc(Cl)nc2c1ncn2[C@H]1C[C@H](O)[C@@H](CO)O1,1,c1ncc2ncn(C3CCCO3)c2n1,Nc1nc(F)nc2c1ncn2[C@@H]1O[C@H](CO)[C@@H](O)[C@@H]1O,1,c1ncc2ncn(C3CCCO3)c2n1,0.5520605550883095,1,0.7721861495778195
Nc1nc(Cl)nc2c1ncn2[C@H]1C[C@H](O)[C@@H](CO)O1,1,c1ncc2ncn(C3CCCO3)c2n1,O=c1nc[nH]c2c1ncn2[C@H]1CC[C@@H](CO)O1,1,O=c1nc[nH]c2c1ncn2C1CCCO1,0.30954831332189825,1,0.9269168285903951
Nc1nc(Cl)nc2c1ncn2[C@H]1C[C@H](O)[C@@H](CO)O1,1,c1ncc2ncn(C3CCCO3)c2n1,Nc1ccn([C@H]2CC[C@@H](CO)O2)c(=O)n1,1,O=c1ncccn1C1CCCO1,0.29250000000000004,1,0.8383364216902695
Nc1nc(Cl)nc2c1ncn2[C@H]1C[C@H](O)[C@@H](CO)O1,1,c1ncc2ncn(C3CCCO3)c2n1,NC(=O)c1ncn([C@@H]2O[C@H](CO)[C@@H](O)[C@H]2O)n1,1,c1ncn(C2CCCO2)n1,0.27175925925925926,1,0.8646288524403097
NS(=O)(=O)Cc1noc2ccccc12,1,c1ccc2oncc2c1,Cc1onc(-c2ccccc2)c1-c1ccc(S(N)(=O)=O)cc1,1,c1ccc(-c2conc2-c2ccccc2)cc1,0.28498168498168497,1,0.9850715088197554
NS(=O)(=O)Cc1noc2ccccc12,1,c1ccc2oncc2c1,Cc1noc(NS(=O)(=O)c2ccc(N)cc2)c1C,1,O=S(=O)(Nc1ccno1)c1ccccc1,0.2296585365853659,1,0.9942546554665211
NS(=O)(=O)Cc1noc2ccccc12,1,c1ccc2oncc2c1,CC(=O)CC(c1ccccc1)c1c(O)c2ccccc2oc1=O,1,O=c1oc2ccccc2cc1Cc1ccccc1,0.22461033634126334,1,0.9851825005226171
NS(=O)(=O)Cc1noc2ccccc12,1,c1ccc2oncc2c1,NC(=O)OCC(COC(N)=O)c1ccccc1,1,c1ccccc1,0.21212121212121215,1,0.9849728970464
NS(=O)(=O)c1cc2c(cc1Cl)NC=NS2(=O)=O,0,O=S1(=O)N=CNc2ccccc21,NS(=O)(=O)c1cc2c(cc1Cl)NCNS2(=O)=O,1,O=S1(=O)NCNc2ccccc21,0.48693766937669375,0,0.3207390062301915
NS(=O)(=O)c1cc2c(cc1Cl)NC=NS2(=O)=O,0,O=S1(=O)N=CNc2ccccc21,NS(=O)(=O)c1cc2c(cc1Cl)NC(CC1CCCC1)NS2(=O)=O,1,O=S1(=O)NC(CC2CCCC2)Nc2ccccc21,0.4084584980237154,0,0.43508984635937314
NS(=O)(=O)c1cc2c(cc1Cl)NC=NS2(=O)=O,0,O=S1(=O)N=CNc2ccccc21,Cc1ccccc1N1C(=O)c2cc(S(N)(=O)=O)c(Cl)cc2NC1C,1,O=C1c2ccccc2NCN1c1ccccc1,0.32152075340076736,0,0.4351968552018813
NS(=O)(=O)c1cc2c(cc1Cl)NC=NS2(=O)=O,0,O=S1(=O)N=CNc2ccccc21,CC1=NS(=O)(=O)c2cc(Cl)ccc2N1,1,O=S1(=O)N=CNc2ccccc21,0.31347368421052635,0,0.29239742698397797
CC1=NS(=O)(=O)c2cc(Cl)ccc2N1,1,O=S1(=O)N=CNc2ccccc21,CN1CCN(C2=Nc3cc(Cl)ccc3Nc3ccccc32)CC1,1,c1ccc2c(c1)N=C(N1CCNCC1)c1ccccc1N2,0.2704631217838765,1,0.9756966399171606
CC1=NS(=O)(=O)c2cc(Cl)ccc2N1,1,O=S1(=O)N=CNc2ccccc21,Cc1nnc2n1-c1ccc(Cl)cc1C(c1ccccc1)=NC2,1,c1ccc(C2=NCc3nncn3-c3ccccc32)cc1,0.22611885546588412,1,0.9914439046926036
CC1=NS(=O)(=O)c2cc(Cl)ccc2N1,1,O=S1(=O)N=CNc2ccccc21,O=C1NS(=O)(=O)c2ccccc21,1,O=C1NS(=O)(=O)c2ccccc21,0.2229086229086229,1,0.956770501397466
CC1=NS(=O)(=O)c2cc(Cl)ccc2N1,1,O=S1(=O)N=CNc2ccccc21,CC(NC(C)(C)C)C(=O)c1cccc(Cl)c1,1,c1ccccc1,0.2222672064777328,1,0.9567953150292703
Nc1ccc(S(=O)(=O)c2ccc(N)cc2)cc1,1,O=S(=O)(c1ccccc1)c1ccccc1,Cc1noc(NS(=O)(=O)c2ccc(N)cc2)c1C,1,O=S(=O)(Nc1ccno1)c1ccccc1,0.36388888888888893,1,0.9566550669858735
Nc1ccc(S(=O)(=O)c2ccc(N)cc2)cc1,1,O=S(=O)(c1ccccc1)c1ccccc1,CCN(CC)CCNC(=O)c1ccc(N)cc1,1,c1ccccc1,0.2694736842105263,1,0.9867052851655386
Nc1ccc(S(=O)(=O)c2ccc(N)cc2)cc1,1,O=S(=O)(c1ccccc1)c1ccccc1,CCCN(CCC)S(=O)(=O)c1ccc(C(=O)O)cc1,1,c1ccccc1,0.2153972153972154,1,0.978043195125855
Nc1ccc(S(=O)(=O)c2ccc(N)cc2)cc1,1,O=S(=O)(c1ccccc1)c1ccccc1,Cc1onc(-c2ccccc2)c1-c1ccc(S(N)(=O)=O)cc1,1,c1ccc(-c2conc2-c2ccccc2)cc1,0.21142857142857144,1,0.986749326634207
Cc1onc(-c2ccccc2Cl)c1C(=O)N[C@@H]1C(=O)N2[C@@H]1SC(C)(C)[C@@H]2C(=O)O,1,O=C(NC1C(=O)N2CCSC12)c1conc1-c1ccccc1,Cc1onc(-c2c(Cl)cccc2Cl)c1C(=O)N[C@@H]1C(=O)N2[C@@H]1SC(C)(C)[C@@H]2C(=O)O,1,O=C(NC1C(=O)N2CCSC12)c1conc1-c1ccccc1,0.858967741935484,1,0.9624966983767882
Cc1onc(-c2ccccc2Cl)c1C(=O)N[C@@H]1C(=O)N2[C@@H]1SC(C)(C)[C@@H]2C(=O)O,1,O=C(NC1C(=O)N2CCSC12)c1conc1-c1ccccc1,Cc1onc(-c2ccccc2)c1C(=O)N[C@@H]1C(=O)N2[C@@H]1SC(C)(C)[C@@H]2C(=O)O,1,O=C(NC1C(=O)N2CCSC12)c1conc1-c1ccccc1,0.8082580645161291,1,0.9676995110186535
Cc1onc(-c2ccccc2Cl)c1C(=O)N[C@@H]1C(=O)N2[C@@H]1SC(C)(C)[C@@H]2C(=O)O,1,O=C(NC1C(=O)N2CCSC12)c1conc1-c1ccccc1,CC1(C)S[C@@H]2[C@H](NC(=O)[C@H](N)c3ccccc3)C(=O)N2[C@H]1C(=O)O,1,O=C(Cc1ccccc1)NC1C(=O)N2CCSC12,0.49420289855072463,1,0.9633284571597117
Cc1onc(-c2ccccc2Cl)c1C(=O)N[C@@H]1C(=O)N2[C@@H]1SC(C)(C)[C@@H]2C(=O)O,1,O=C(NC1C(=O)N2CCSC12)c1conc1-c1ccccc1,CC1(C)S[C@@H]2[C@H](NC(=O)[C@H](N=[N+]=[N-])c3ccccc3)C(=O)N2[C@H]1C(=O)O,1,O=C(Cc1ccccc1)NC1C(=O)N2CCSC12,0.4562150537634409,1,0.9685620081821978
Cc1onc(-c2ccccc2)c1C(=O)N[C@@H]1C(=O)N2[C@@H]1SC(C)(C)[C@@H]2C(=O)O,1,O=C(NC1C(=O)N2CCSC12)c1conc1-c1ccccc1,Cc1onc(-c2ccccc2Cl)c1C(=O)N[C@@H]1C(=O)N2[C@@H]1SC(C)(C)[C@@H]2C(=O)O,1,O=C(NC1C(=O)N2CCSC12)c1conc1-c1ccccc1,0.8082580645161291,1,0.9825733799705558
Cc1onc(-c2ccccc2)c1C(=O)N[C@@H]1C(=O)N2[C@@H]1SC(C)(C)[C@@H]2C(=O)O,1,O=C(NC1C(=O)N2CCSC12)c1conc1-c1ccccc1,Cc1onc(-c2c(Cl)cccc2Cl)c1C(=O)N[C@@H]1C(=O)N2[C@@H]1SC(C)(C)[C@@H]2C(=O)O,1,O=C(NC1C(=O)N2CCSC12)c1conc1-c1ccccc1,0.8015081967213116,1,0.977993333681074
Cc1onc(-c2ccccc2)c1C(=O)N[C@@H]1C(=O)N2[C@@H]1SC(C)(C)[C@@H]2C(=O)O,1,O=C(NC1C(=O)N2CCSC12)c1conc1-c1ccccc1,CC1(C)S[C@@H]2[C@H](NC(=O)[C@H](N)c3ccccc3)C(=O)N2[C@H]1C(=O)O,1,O=C(Cc1ccccc1)NC1C(=O)N2CCSC12,0.5324074074074074,1,0.9701881514611244
Cc1onc(-c2ccccc2)c1C(=O)N[C@@H]1C(=O)N2[C@@H]1SC(C)(C)[C@@H]2C(=O)O,1,O=C(NC1C(=O)N2CCSC12)c1conc1-c1ccccc1,CC1(C)S[C@@H]2[C@H](NC(=O)[C@H](N=[N+]=[N-])c3ccccc3)C(=O)N2[C@H]1C(=O)O,1,O=C(Cc1ccccc1)NC1C(=O)N2CCSC12,0.48857142857142855,1,0.9685854446780297
Cc1onc(-c2c(Cl)cccc2Cl)c1C(=O)N[C@@H]1C(=O)N2[C@@H]1SC(C)(C)[C@@H]2C(=O)O,1,O=C(NC1C(=O)N2CCSC12)c1conc1-c1ccccc1,Cc1onc(-c2ccccc2Cl)c1C(=O)N[C@@H]1C(=O)N2[C@@H]1SC(C)(C)[C@@H]2C(=O)O,1,O=C(NC1C(=O)N2CCSC12)c1conc1-c1ccccc1,0.858967741935484,1,0.972462048692123
Cc1onc(-c2c(Cl)cccc2Cl)c1C(=O)N[C@@H]1C(=O)N2[C@@H]1SC(C)(C)[C@@H]2C(=O)O,1,O=C(NC1C(=O)N2CCSC12)c1conc1-c1ccccc1,Cc1onc(-c2ccccc2)c1C(=O)N[C@@H]1C(=O)N2[C@@H]1SC(C)(C)[C@@H]2C(=O)O,1,O=C(NC1C(=O)N2CCSC12)c1conc1-c1ccccc1,0.8015081967213116,1,0.9704476501776286
Cc1onc(-c2c(Cl)cccc2Cl)c1C(=O)N[C@@H]1C(=O)N2[C@@H]1SC(C)(C)[C@@H]2C(=O)O,1,O=C(NC1C(=O)N2CCSC12)c1conc1-c1ccccc1,CC1(C)S[C@@H]2[C@H](NC(=O)[C@H](N)c3ccccc3)C(=O)N2[C@H]1C(=O)O,1,O=C(Cc1ccccc1)NC1C(=O)N2CCSC12,0.4899896800825594,1,0.9633035096795857
Cc1onc(-c2c(Cl)cccc2Cl)c1C(=O)N[C@@H]1C(=O)N2[C@@H]1SC(C)(C)[C@@H]2C(=O)O,1,O=C(NC1C(=O)N2CCSC12)c1conc1-c1ccccc1,CC1(C)S[C@@H]2[C@H](NC(=O)[C@H](N=[N+]=[N-])c3ccccc3)C(=O)N2[C@H]1C(=O)O,1,O=C(Cc1ccccc1)NC1C(=O)N2CCSC12,0.4518387239698715,1,0.9737097227892988
O=C(O)CCC(=O)c1ccc(-c2ccccc2)cc1,1,c1ccc(-c2ccccc2)cc1,O=C(O)CCc1nc(-c2ccccc2)c(-c2ccccc2)o1,1,c1ccc(-c2ncoc2-c2ccccc2)cc1,0.3815718157181572,1,0.9753406097130695
O=C(O)CCC(=O)c1ccc(-c2ccccc2)cc1,1,c1ccc(-c2ccccc2)cc1,CC(C(=O)O)c1ccc(-c2ccccc2)c(F)c1,1,c1ccc(-c2ccccc2)cc1,0.2857142857142857,1,0.9690239654403348
O=C(O)CCC(=O)c1ccc(-c2ccccc2)cc1,1,c1ccc(-c2ccccc2)cc1,O=C(O)CCCc1ccc(N(CCCl)CCCl)cc1,1,c1ccccc1,0.28421052631578947,1,0.9931884442437315
O=C(O)CCC(=O)c1ccc(-c2ccccc2)cc1,1,c1ccc(-c2ccccc2)cc1,Nc1c(CC(=O)O)cccc1C(=O)c1ccc(Br)cc1,1,O=C(c1ccccc1)c1ccccc1,0.2721102863202545,1,0.9956586310443741
O=C(O)c1cc(-c2ccc(F)cc2F)ccc1O,1,c1ccc(-c2ccccc2)cc1,CC(C(=O)O)c1ccc(-c2ccccc2)c(F)c1,1,c1ccc(-c2ccccc2)cc1,0.35720823798627005,1,0.9372679464214236
O=C(O)c1cc(-c2ccc(F)cc2F)ccc1O,1,c1ccc(-c2ccccc2)cc1,O=C(O)c1cc(/N=N/c2ccc(S(=O)(=O)Nc3ccccn3)cc2)ccc1O,1,O=S(=O)(Nc1ccccn1)c1ccc(N=Nc2ccccc2)cc1,0.27607843137254906,1,0.9989881476733811
O=C(O)c1cc(-c2ccc(F)cc2F)ccc1O,1,c1ccc(-c2ccccc2)cc1,N[C@@H]1[C@H]2CN(c3nc4c(cc3F)c(=O)c(C(=O)O)cn4-c3ccc(F)cc3F)C[C@@H]12,1,O=c1ccn(-c2ccccc2)c2nc(N3CC4CC4C3)ccc12,0.2706408345752608,1,0.9990422178543704
O=C(O)c1cc(-c2ccc(F)cc2F)ccc1O,1,c1ccc(-c2ccccc2)cc1,CC1CN(c2cc3c(cc2F)c(=O)c(C(=O)O)cn3-c2ccc(F)cc2F)CCN1,1,O=c1ccn(-c2ccccc2)c2cc(N3CCNCC3)ccc12,0.26571902392797914,1,0.9982893553841425
CC(C(=O)O)c1ccc(-c2ccccc2)c(F)c1,1,c1ccc(-c2ccccc2)cc1,CC(C(=O)O)c1cccc(C(=O)c2ccccc2)c1,1,O=C(c1ccccc1)c1ccccc1,0.4896774193548387,1,0.9830246105032474
CC(C(=O)O)c1ccc(-c2ccccc2)c(F)c1,1,c1ccc(-c2ccccc2)cc1,CC(C(=O)O)c1cccc(Oc2ccccc2)c1,1,c1ccc(Oc2ccccc2)cc1,0.47698170731707323,1,0.9763518518361697
CC(C(=O)O)c1ccc(-c2ccccc2)c(F)c1,1,c1ccc(-c2ccccc2)cc1,CC(C)Cc1ccc(C(C)C(=O)O)cc1,1,c1ccccc1,0.42322580645161295,1,0.988220418284685
CC(C(=O)O)c1ccc(-c2ccccc2)c(F)c1,1,c1ccc(-c2ccccc2)cc1,O=C(O)c1cc(-c2ccc(F)cc2F)ccc1O,1,c1ccc(-c2ccccc2)cc1,0.35720823798627005,1,0.9734917418387601
CN(C)C(=O)C(CCN1CCC(O)(c2ccc(Cl)cc2)CC1)(c1ccccc1)c1ccccc1,1,c1ccc(C2CCN(CCC(c3ccccc3)c3ccccc3)CC2)cc1,O=C(CCCN1CCC(O)(c2ccc(Cl)cc2)CC1)c1ccc(F)cc1,1,O=C(CCCN1CCC(c2ccccc2)CC1)c1ccccc1,0.4876061120543294,1,0.6294401360570122
CN(C)C(=O)C(CCN1CCC(O)(c2ccc(Cl)cc2)CC1)(c1ccccc1)c1ccccc1,1,c1ccc(C2CCN(CCC(c3ccccc3)c3ccccc3)CC2)cc1,OC(CCN1CCCC1)(c1ccccc1)C1CCCCC1,1,c1ccc(C(CCN2CCCC2)C2CCCCC2)cc1,0.337468982630273,1,0.8757979064342923
CN(C)C(=O)C(CCN1CCC(O)(c2ccc(Cl)cc2)CC1)(c1ccccc1)c1ccccc1,1,c1ccc(C2CCN(CCC(c3ccccc3)c3ccccc3)CC2)cc1,CCC(=O)C(CC(C)N(C)C)(c1ccccc1)c1ccccc1,1,c1ccc(Cc2ccccc2)cc1,0.3141143542582967,1,0.8714436306199485
CN(C)C(=O)C(CCN1CCC(O)(c2ccc(Cl)cc2)CC1)(c1ccccc1)c1ccccc1,1,c1ccc(C2CCN(CCC(c3ccccc3)c3ccccc3)CC2)cc1,OC(CCN1CCCCC1)(c1ccccc1)C1CC2C=CC1C2,1,C1=CC2CC1CC2C(CCN1CCCCC1)c1ccccc1,0.30725034199726403,1,0.717199402706337
COc1cc2nc(N3CCN(C(=O)c4ccco4)CC3)nc(N)c2cc1OC,1,O=C(c1ccco1)N1CCN(c2ncc3ccccc3n2)CC1,COc1cc2nc(N3CCN(C(=O)C4COc5ccccc5O4)CC3)nc(N)c2cc1OC,1,O=C(C1COc2ccccc2O1)N1CCN(c2ncc3ccccc3n2)CC1,0.603921568627451,1,0.9979870269986019
COc1cc2nc(N3CCN(C(=O)c4ccco4)CC3)nc(N)c2cc1OC,1,O=C(c1ccco1)N1CCN(c2ncc3ccccc3n2)CC1,COc1cc2nc(N3CCN(C(=O)C4CCCO4)CC3)nc(N)c2cc1OC,1,O=C(C1CCCO1)N1CCN(c2ncc3ccccc3n2)CC1,0.5922206095791002,1,0.9966689701497768
COc1cc2nc(N3CCN(C(=O)c4ccco4)CC3)nc(N)c2cc1OC,1,O=C(c1ccco1)N1CCN(c2ncc3ccccc3n2)CC1,COc1cc2c(N)nc(N3CCN(C(=O)OCC(C)(C)O)CC3)nc2c(OC)c1OC,1,c1ccc2nc(N3CCNCC3)ncc2c1,0.4484979572218217,1,0.9913085782876154
COc1cc2nc(N3CCN(C(=O)c4ccco4)CC3)nc(N)c2cc1OC,1,O=C(c1ccco1)N1CCN(c2ncc3ccccc3n2)CC1,COc1cc2nc(N(C)CCCNC(=O)C3CCCO3)nc(N)c2cc1OC,1,O=C(NCCCNc1ncc2ccccc2n1)C1CCCO1,0.36510954940057877,1,0.9956064978717369
O=C(NCCNCC(O)COc1ccc(O)cc1)N1CCOCC1,0,O=C(NCCNCCCOc1ccccc1)N1CCOCC1,CC(C)NC[C@H](O)COc1ccc(O)cc1,1,c1ccccc1,0.4541465555068013,0,0.26361888783791404
O=C(NCCNCC(O)COc1ccc(O)cc1)N1CCOCC1,0,O=C(NCCNCCCOc1ccccc1)N1CCOCC1,CC(=O)Nc1ccc(OCC(O)CNC(C)C)cc1,1,c1ccccc1,0.36112412177985953,0,0.36161988075573076
O=C(NCCNCC(O)COc1ccc(O)cc1)N1CCOCC1,0,O=C(NCCNCCCOc1ccccc1)N1CCOCC1,CC(C)NCC(O)COc1ccc(CC(N)=O)cc1,1,c1ccccc1,0.35496774193548386,0,0.37803527770150425
O=C(NCCNCC(O)COc1ccc(O)cc1)N1CCOCC1,0,O=C(NCCNCCCOc1ccccc1)N1CCOCC1,CC(C)NCC(O)COc1ccc(COCCOC(C)C)cc1,1,c1ccccc1,0.33393323657474605,0,0.3224163479449542
CC1=C(C(=O)O)N2C(=O)[C@@H](NC(=O)[C@H](N)c3ccc(O)cc3)[C@H]2SC1,1,O=C(Cc1ccccc1)NC1C(=O)N2C=CCSC12,CC1=C(C(=O)O)N2C(=O)[C@@H](NC(=O)[C@H](N)c3ccccc3)[C@H]2SC1,1,O=C(Cc1ccccc1)NC1C(=O)N2C=CCSC12,0.8496503496503497,1,0.9336444844029175
CC1=C(C(=O)O)N2C(=O)[C@@H](NC(=O)[C@H](N)c3ccc(O)cc3)[C@H]2SC1,1,O=C(Cc1ccccc1)NC1C(=O)N2C=CCSC12,CC=CC1=C(C(=O)O)N2C(=O)[C@@H](NC(=O)[C@H](N)c3ccc(O)cc3)[C@H]2SC1,1,O=C(Cc1ccccc1)NC1C(=O)N2C=CCSC12,0.7753335737468446,1,0.9114002330002386
CC1=C(C(=O)O)N2C(=O)[C@@H](NC(=O)[C@H](N)c3ccc(O)cc3)[C@H]2SC1,1,O=C(Cc1ccccc1)NC1C(=O)N2C=CCSC12,N[C@@H](C(=O)N[C@@H]1C(=O)N2C(C(=O)O)=C(Cl)CS[C@H]12)c1ccccc1,1,O=C(Cc1ccccc1)NC1C(=O)N2C=CCSC12,0.6561379310344828,1,0.9765010350860479
CC1=C(C(=O)O)N2C(=O)[C@@H](NC(=O)[C@H](N)c3ccc(O)cc3)[C@H]2SC1,1,O=C(Cc1ccccc1)NC1C(=O)N2C=CCSC12,N[C@@H](C(=O)N[C@@H]1C(=O)N2C(C(=O)O)=C(CSc3c[nH]nn3)CS[C@H]12)c1ccc(O)cc1,1,O=C(Cc1ccccc1)NC1C(=O)N2C=C(CSc3c[nH]nn3)CSC12,0.6234900931009788,1,0.9311749293255411
CC1=C(C(=O)O)N2C(=O)[C@@H](NC(=O)[C@H](N)c3ccccc3)[C@H]2SC1,1,O=C(Cc1ccccc1)NC1C(=O)N2C=CCSC12,CC1=C(C(=O)O)N2C(=O)[C@@H](NC(=O)[C@H](N)c3ccc(O)cc3)[C@H]2SC1,1,O=C(Cc1ccccc1)NC1C(=O)N2C=CCSC12,0.8496503496503497,1,0.9399387894756268
CC1=C(C(=O)O)N2C(=O)[C@@H](NC(=O)[C@H](N)c3ccccc3)[C@H]2SC1,1,O=C(Cc1ccccc1)NC1C(=O)N2C=CCSC12,N[C@@H](C(=O)N[C@@H]1C(=O)N2C(C(=O)O)=C(Cl)CS[C@H]12)c1ccccc1,1,O=C(Cc1ccccc1)NC1C(=O)N2C=CCSC12,0.7699790356394131,1,0.9858435719893281
CC1=C(C(=O)O)N2C(=O)[C@@H](NC(=O)[C@H](N)c3ccccc3)[C@H]2SC1,1,O=C(Cc1ccccc1)NC1C(=O)N2C=CCSC12,CC=CC1=C(C(=O)O)N2C(=O)[C@@H](NC(=O)[C@H](N)c3ccc(O)cc3)[C@H]2SC1,1,O=C(Cc1ccccc1)NC1C(=O)N2C=CCSC12,0.6573924731182796,1,0.9499470715198018
CC1=C(C(=O)O)N2C(=O)[C@@H](NC(=O)[C@H](N)c3ccccc3)[C@H]2SC1,1,O=C(Cc1ccccc1)NC1C(=O)N2C=CCSC12,CC1(C)S[C@@H]2[C@H](NC(=O)[C@H](N)c3ccccc3)C(=O)N2[C@H]1C(=O)O,1,O=C(Cc1ccccc1)NC1C(=O)N2CCSC12,0.5413399857448326,1,0.9771993630140944
CC=CC1=C(C(=O)O)N2C(=O)[C@@H](NC(=O)[C@H](N)c3ccc(O)cc3)[C@H]2SC1,1,O=C(Cc1ccccc1)NC1C(=O)N2C=CCSC12,CC1=C(C(=O)O)N2C(=O)[C@@H](NC(=O)[C@H](N)c3ccc(O)cc3)[C@H]2SC1,1,O=C(Cc1ccccc1)NC1C(=O)N2C=CCSC12,0.7753335737468446,1,0.8902530044576101
CC=CC1=C(C(=O)O)N2C(=O)[C@@H](NC(=O)[C@H](N)c3ccc(O)cc3)[C@H]2SC1,1,O=C(Cc1ccccc1)NC1C(=O)N2C=CCSC12,CC1=C(C(=O)O)N2C(=O)[C@@H](NC(=O)[C@H](N)c3ccccc3)[C@H]2SC1,1,O=C(Cc1ccccc1)NC1C(=O)N2C=CCSC12,0.6573924731182796,1,0.9332912455912136
CC=CC1=C(C(=O)O)N2C(=O)[C@@H](NC(=O)[C@H](N)c3ccc(O)cc3)[C@H]2SC1,1,O=C(Cc1ccccc1)NC1C(=O)N2C=CCSC12,N[C@@H](C(=O)N[C@@H]1C(=O)N2C(C(=O)O)=C(Cl)CS[C@H]12)c1ccccc1,1,O=C(Cc1ccccc1)NC1C(=O)N2C=CCSC12,0.607067984426475,1,0.975099381589808
CC=CC1=C(C(=O)O)N2C(=O)[C@@H](NC(=O)[C@H](N)c3ccc(O)cc3)[C@H]2SC1,1,O=C(Cc1ccccc1)NC1C(=O)N2C=CCSC12,N[C@@H](C(=O)N[C@@H]1C(=O)N2C(C(=O)O)=C(CSc3c[nH]nn3)CS[C@H]12)c1ccc(O)cc1,1,O=C(Cc1ccccc1)NC1C(=O)N2C=C(CSc3c[nH]nn3)CSC12,0.5848896434634975,1,0.9378600680721515
N[C@@H](C(=O)N[C@@H]1C(=O)N2C(C(=O)O)=C(Cl)CS[C@H]12)c1ccccc1,1,O=C(Cc1ccccc1)NC1C(=O)N2C=CCSC12,CC1=C(C(=O)O)N2C(=O)[C@@H](NC(=O)[C@H](N)c3ccccc3)[C@H]2SC1,1,O=C(Cc1ccccc1)NC1C(=O)N2C=CCSC12,0.7699790356394131,1,0.9696714415639124
N[C@@H](C(=O)N[C@@H]1C(=O)N2C(C(=O)O)=C(Cl)CS[C@H]12)c1ccccc1,1,O=C(Cc1ccccc1)NC1C(=O)N2C=CCSC12,CC1=C(C(=O)O)N2C(=O)[C@@H](NC(=O)[C@H](N)c3ccc(O)cc3)[C@H]2SC1,1,O=C(Cc1ccccc1)NC1C(=O)N2C=CCSC12,0.6561379310344828,1,0.9652598992675885
N[C@@H](C(=O)N[C@@H]1C(=O)N2C(C(=O)O)=C(Cl)CS[C@H]12)c1ccccc1,1,O=C(Cc1ccccc1)NC1C(=O)N2C=CCSC12,CC=CC1=C(C(=O)O)N2C(=O)[C@@H](NC(=O)[C@H](N)c3ccc(O)cc3)[C@H]2SC1,1,O=C(Cc1ccccc1)NC1C(=O)N2C=CCSC12,0.607067984426475,1,0.9798715995073567
N[C@@H](C(=O)N[C@@H]1C(=O)N2C(C(=O)O)=C(Cl)CS[C@H]12)c1ccccc1,1,O=C(Cc1ccccc1)NC1C(=O)N2C=CCSC12,N[C@@H](C(=O)N[C@@H]1C(=O)N2C(C(=O)O)=C(CSc3c[nH]nn3)CS[C@H]12)c1ccc(O)cc1,1,O=C(Cc1ccccc1)NC1C(=O)N2C=C(CSc3c[nH]nn3)CSC12,0.5139358108108109,1,0.9645566171495369
CN1CCN(C2=Nc3cc(Cl)ccc3Nc3ccccc32)CC1,1,c1ccc2c(c1)N=C(N1CCNCC1)c1ccccc1N2,Cc1cc2c(s1)Nc1ccccc1N=C2N1CCN(C)CC1,1,c1ccc2c(c1)N=C(N1CCNCC1)c1ccsc1N2,0.5398337112622827,1,0.9952447595208925
CN1CCN(C2=Nc3cc(Cl)ccc3Nc3ccccc32)CC1,1,c1ccc2c(c1)N=C(N1CCNCC1)c1ccccc1N2,Clc1ccc2c(c1)C(N1CCNCC1)=Nc1ccccc1O2,1,c1ccc2c(c1)N=C(N1CCNCC1)c1ccccc1O2,0.4225563909774436,1,0.9635684009622286
CN1CCN(C2=Nc3cc(Cl)ccc3Nc3ccccc32)CC1,1,c1ccc2c(c1)N=C(N1CCNCC1)c1ccccc1N2,OCCOCCN1CCN(C2=Nc3ccccc3Sc3ccccc32)CC1,1,c1ccc2c(c1)N=C(N1CCNCC1)c1ccccc1S2,0.33623931623931624,1,0.9595635468562227
CN1CCN(C2=Nc3cc(Cl)ccc3Nc3ccccc32)CC1,1,c1ccc2c(c1)N=C(N1CCNCC1)c1ccccc1N2,CN(C)CCCN1c2ccccc2CCc2ccc(Cl)cc21,1,c1ccc2c(c1)CCc1ccccc1N2,0.3080655737704918,1,0.8181891665100853
CN(C)CCN(Cc1cccs1)c1ccccn1,0,c1ccc(NCc2cccs2)nc1,CN(C)CCC(c1ccccc1)c1ccccn1,1,c1ccc(Cc2ccccn2)cc1,0.3670247046186896,0,0.4120840526716339
CN(C)CCN(Cc1cccs1)c1ccccn1,0,c1ccc(NCc2cccs2)nc1,CN(C)CCC(c1ccc(Cl)cc1)c1ccccn1,1,c1ccc(Cc2ccccn2)cc1,0.33092161929371233,0,0.47082078998062443
CN(C)CCN(Cc1cccs1)c1ccccn1,0,c1ccc(NCc2cccs2)nc1,CN(CCOc1ccc(CC2SC(=O)NC2=O)cc1)c1ccccn1,1,O=C1NC(=O)C(Cc2ccc(OCCNc3ccccn3)cc2)S1,0.29310541310541316,0,0.45941313346898044
CN(C)CCN(Cc1cccs1)c1ccccn1,0,c1ccc(NCc2cccs2)nc1,CN(C)CCOC(c1ccccc1)c1ccccc1,1,c1ccc(Cc2ccccc2)cc1,0.26078323221180366,1,0.5796920179102035
CCC(=O)N(c1ccccc1)C1CCN(CCc2ccccc2)CC1,0,c1ccc(CCN2CCC(Nc3ccccc3)CC2)cc1,CC(C)(C(=O)O)c1ccc(C(O)CCCN2CCC(C(O)(c3ccccc3)c3ccccc3)CC2)cc1,1,c1ccc(CCCCN2CCC(C(c3ccccc3)c3ccccc3)CC2)cc1,0.32308669418863134,0,0.18643122407539742
CCC(=O)N(c1ccccc1)C1CCN(CCc2ccccc2)CC1,0,c1ccc(CCN2CCC(Nc3ccccc3)CC2)cc1,CCOC(=O)[C@H](CCc1ccccc1)N[C@@H](C)C(=O)N1CCC[C@H]1C(=O)O,1,O=C(CNCCCc1ccccc1)N1CCCC1,0.30973262032085563,0,0.33960089139540833
CCC(=O)N(c1ccccc1)C1CCN(CCc2ccccc2)CC1,0,c1ccc(CCN2CCC(Nc3ccccc3)CC2)cc1,CCOC(=O)C1(c2ccccc2)CCN(C)CC1,1,c1ccc(C2CCNCC2)cc1,0.30859649122807015,0,0.43660664230336854
CCC(=O)N(c1ccccc1)C1CCN(CCc2ccccc2)CC1,0,c1ccc(CCN2CCC(Nc3ccccc3)CC2)cc1,OC(CCN1CCCC1)(c1ccccc1)C1CCCCC1,1,c1ccc(C(CCN2CCCC2)C2CCCCC2)cc1,0.30701754385964913,0,0.4925157485971859
CC(C)(C)NC(=O)[C@@H]1C[C@@H]2CCCC[C@@H]2CN1C[C@@H](O)[C@H](Cc1ccccc1)NC(=O)[C@H](CC(N)=O)NC(=O)c1ccc2ccccc2n1,0,O=C(CNC(=O)c1ccc2ccccc2n1)NC(CCN1CCC2CCCCC2C1)Cc1ccccc1,CCOC(=O)[C@H](CCc1ccccc1)N[C@@H](C)C(=O)N1[C@H](C(=O)O)C[C@@H]2CCC[C@@H]21,1,O=C(CNCCCc1ccccc1)N1CCC2CCCC21,0.2475747508305648,0,0.2164644481478476
CC(C)(C)NC(=O)[C@@H]1C[C@@H]2CCCC[C@@H]2CN1C[C@@H](O)[C@H](Cc1ccccc1)NC(=O)[C@H](CC(N)=O)NC(=O)c1ccc2ccccc2n1,0,O=C(CNC(=O)c1ccc2ccccc2n1)NC(CCN1CCC2CCCCC2C1)Cc1ccccc1,CC(C)c1nc(CN(C)C(=O)N[C@H](C(=O)N[C@@H](Cc2ccccc2)C[C@H](O)[C@H](Cc2ccccc2)NC(=O)OCc2cncs2)C(C)C)cs1,1,O=C(CNC(=O)NCc1cscn1)NC(CCC(Cc1ccccc1)NC(=O)OCc1cncs1)Cc1ccccc1,0.23444655624943436,0,0.04416674366114914
CC(C)(C)NC(=O)[C@@H]1C[C@@H]2CCCC[C@@H]2CN1C[C@@H](O)[C@H](Cc1ccccc1)NC(=O)[C@H](CC(N)=O)NC(=O)c1ccc2ccccc2n1,0,O=C(CNC(=O)c1ccc2ccccc2n1)NC(CCN1CCC2CCCCC2C1)Cc1ccccc1,CCC(=O)O[C@@H](O[P@](=O)(CCCCc1ccccc1)CC(=O)N1C[C@H](C2CCCCC2)C[C@H]1C(=O)O)C(C)C,1,O=C(C[PH](=O)CCCCc1ccccc1)N1CCC(C2CCCCC2)C1,0.22758620689655173,0,0.009208470801229926
CC(C)(C)NC(=O)[C@@H]1C[C@@H]2CCCC[C@@H]2CN1C[C@@H](O)[C@H](Cc1ccccc1)NC(=O)[C@H](CC(N)=O)NC(=O)c1ccc2ccccc2n1,0,O=C(CNC(=O)c1ccc2ccccc2n1)NC(CCN1CCC2CCCCC2C1)Cc1ccccc1,NCCCC[C@H](N[C@@H](CCc1ccccc1)C(=O)O)C(=O)N1CCC[C@H]1C(=O)O,1,O=C(CNCCCc1ccccc1)N1CCCC1,0.2257142857142857,0,0.020386275796737838
CO[C@@H]1[C@@H](O[C@@H]2O[C@H](C)[C@@H](O[C@H]3C[C@@](C)(O)[C@@H](O)[C@H](C)O3)[C@H](N(C)C)[C@H]2O)[C@@H](CC=O)C[C@@H](C)[C@@H](O[C@H]2CC[C@H](N(C)C)[C@H](C)O2)/C=C/C=C/C[C@@H](C)OC(=O)C[C@H]1O,1,O=C1CCCC(OC2CCC(OC3CCCCO3)CO2)CCCC(OC2CCCCO2)C=CC=CCCO1,CC[C@H]1OC(=O)[C@H](C)[C@@H](O[C@H]2C[C@@](C)(OC)[C@@H](O)[C@H](C)O2)[C@H](C)[C@@H](O[C@@H]2O[C@H](C)C[C@H](N(C)C)[C@H]2O)[C@](C)(O)C[C@@H](C)C(=O)[C@H](C)[C@@H](O)[C@]1(C)O,1,O=C1CCCCOC(=O)CC(OC2CCCCO2)CC(OC2CCCCO2)CCC1,0.3281943862589024,1,0.9479828681746999
CO[C@@H]1[C@@H](O[C@@H]2O[C@H](C)[C@@H](O[C@H]3C[C@@](C)(O)[C@@H](O)[C@H](C)O3)[C@H](N(C)C)[C@H]2O)[C@@H](CC=O)C[C@@H](C)[C@@H](O[C@H]2CC[C@H](N(C)C)[C@H](C)O2)/C=C/C=C/C[C@@H](C)OC(=O)C[C@H]1O,1,O=C1CCCC(OC2CCC(OC3CCCCO3)CO2)CCCC(OC2CCCCO2)C=CC=CCCO1,CC[C@H]1OC(=O)[C@H](C)[C@@H](O[C@H]2C[C@@](C)(OC)[C@@H](O)[C@H](C)O2)[C@H](C)[C@@H](O[C@@H]2O[C@H](C)C[C@H](N(C)C)[C@H]2O)[C@](C)(OC)C[C@@H](C)C(=O)[C@H](C)[C@@H](O)[C@]1(C)O,1,O=C1CCCCOC(=O)CC(OC2CCCCO2)CC(OC2CCCCO2)CCC1,0.3152911604524508,1,0.9388198887858354
CO[C@@H]1[C@@H](O[C@@H]2O[C@H](C)[C@@H](O[C@H]3C[C@@](C)(O)[C@@H](O)[C@H](C)O3)[C@H](N(C)C)[C@H]2O)[C@@H](CC=O)C[C@@H](C)[C@@H](O[C@H]2CC[C@H](N(C)C)[C@H](C)O2)/C=C/C=C/C[C@@H](C)OC(=O)C[C@H]1O,1,O=C1CCCC(OC2CCC(OC3CCCCO3)CO2)CCCC(OC2CCCCO2)C=CC=CCCO1,CC[C@H]1OC(=O)[C@H](C)[C@@H](O[C@H]2C[C@@](C)(OC)[C@@H](O)[C@H](C)O2)[C@H](C)[C@@H](O[C@@H]2O[C@H](C)C[C@H](N(C)C)[C@H]2O)[C@](C)(O)C[C@@H](C)CN(C)[C@H](C)[C@@H](O)[C@]1(C)O,1,O=C1CC(OC2CCCCO2)CC(OC2CCCCO2)CCCCNCCCCO1,0.3092307692307692,1,0.9702005414934733
CO[C@@H]1[C@@H](O[C@@H]2O[C@H](C)[C@@H](O[C@H]3C[C@@](C)(O)[C@@H](O)[C@H](C)O3)[C@H](N(C)C)[C@H]2O)[C@@H](CC=O)C[C@@H](C)[C@@H](O[C@H]2CC[C@H](N(C)C)[C@H](C)O2)/C=C/C=C/C[C@@H](C)OC(=O)C[C@H]1O,1,O=C1CCCC(OC2CCC(OC3CCCCO3)CO2)CCCC(OC2CCCCO2)C=CC=CCCO1,C[C@H]1O[C@@H](O[C@H]2[C@@H](O)C[C@H](O[C@H]3[C@@H](O)C[C@H](O[C@H]4CC[C@@]5(C)[C@H](CC[C@@H]6[C@@H]5CC[C@]5(C)[C@@H](C7=CC(=O)OC7)CC[C@]65O)C4)O[C@@H]3C)O[C@@H]2C)C[C@H](O)[C@@H]1O,1,O=C1C=C(C2CCC3C2CCC2C4CCC(OC5CCC(OC6CCC(OC7CCCCO7)CO6)CO5)CC4CCC23)CO1,0.22668016194331986,1,0.9694712770065101
CN(C)CC(Oc1ccccc1)Oc1ccccc1,1,c1ccc(OCOc2ccccc2)cc1,CN(C)CCOC(c1ccccc1)c1ccccc1,1,c1ccc(Cc2ccccc2)cc1,0.3685714285714286,1,0.855278674675017
CN(C)CC(Oc1ccccc1)Oc1ccccc1,1,c1ccc(OCOc2ccccc2)cc1,CC(CN(C)C)CN1c2ccccc2CCc2ccccc21,1,c1ccc2c(c1)CCc1ccccc1N2,0.32865853658536587,1,0.9091088925369445
CN(C)CC(Oc1ccccc1)Oc1ccccc1,1,c1ccc(OCOc2ccccc2)cc1,COc1ccc2c(c1)N(C[C@H](C)CN(C)C)c1ccccc1S2,1,c1ccc2c(c1)Nc1ccccc1S2,0.32484848484848483,1,0.7617211324253322
CN(C)CC(Oc1ccccc1)Oc1ccccc1,1,c1ccc(OCOc2ccccc2)cc1,Cc1ccccc1C(OCCN(C)C)c1ccccc1,1,c1ccc(Cc2ccccc2)cc1,0.3121351766513057,1,0.8526528007515505
CN1CCC[C@@H]1Cc1c[nH]c2ccc(CCS(=O)(=O)c3ccccc3)cc12,1,O=S(=O)(CCc1ccc2[nH]cc(CC3CCCN3)c2c1)c1ccccc1,CN(C)CCc1c[nH]c2ccc(CS(=O)(=O)N3CCCC3)cc12,1,O=S(=O)(Cc1ccc2[nH]ccc2c1)N1CCCC1,0.4590636254501801,1,0.905889664247158
CN1CCC[C@@H]1Cc1c[nH]c2ccc(CCS(=O)(=O)c3ccccc3)cc12,1,O=S(=O)(CCc1ccc2[nH]cc(CC3CCCN3)c2c1)c1ccccc1,CN1[C@@H]2CC[C@H]1C[C@@H](OC(=O)c1c[nH]c3ccccc13)C2,1,O=C(OC1CC2CCC(C1)N2)c1c[nH]c2ccccc12,0.29740540540540544,1,0.8924105342999042
CN1CCC[C@@H]1Cc1c[nH]c2ccc(CCS(=O)(=O)c3ccccc3)cc12,1,O=S(=O)(CCc1ccc2[nH]cc(CC3CCCN3)c2c1)c1ccccc1,CCCN1C[C@H](CSC)C[C@@H]2c3cccc4[nH]cc(c34)C[C@H]21,1,c1cc2c3c(c[nH]c3c1)CC1NCCCC21,0.22884012539184956,1,0.7708419184445034
CN1CCC[C@@H]1Cc1c[nH]c2ccc(CCS(=O)(=O)c3ccccc3)cc12,1,O=S(=O)(CCc1ccc2[nH]cc(CC3CCCN3)c2c1)c1ccccc1,CN1CCC[C@H]1c1cccnc1,1,c1cncc(C2CCCN2)c1,0.2235294117647059,1,0.8805793601015943
OC(CNCC(O)C1CCc2cc(F)ccc2O1)C1CCc2cc(F)ccc2O1,1,c1ccc2c(c1)CCC(CCNCCC1CCc3ccccc3O1)O2,CC(C)(C)NC[C@H](O)COc1ccccc1C1CCCC1,1,c1ccc(C2CCCC2)cc1,0.23484042553191492,1,0.8801861803862412
OC(CNCC(O)C1CCc2cc(F)ccc2O1)C1CCc2cc(F)ccc2O1,1,c1ccc2c(c1)CCC(CCNCCC1CCc3ccccc3O1)O2,CC(C)(C)NCC(O)COc1cccc2c1C[C@H](O)[C@H](O)C2,1,c1ccc2c(c1)CCCC2,0.23148880105401848,1,0.9027254798182144
OC(CNCC(O)C1CCc2cc(F)ccc2O1)C1CCc2cc(F)ccc2O1,1,c1ccc2c(c1)CCC(CCNCCC1CCc3ccccc3O1)O2,CC(C)(C)NCC(O)COc1cccc2c1CCC(=O)N2,1,O=C1CCc2ccccc2N1,0.21165266106442576,1,0.964011319930081
OC(CNCC(O)C1CCc2cc(F)ccc2O1)C1CCc2cc(F)ccc2O1,1,c1ccc2c(c1)CCC(CCNCCC1CCc3ccccc3O1)O2,CC(C)NCC(O)COc1ccc(CCOCC2CC2)cc1,1,c1ccc(CCOCC2CC2)cc1,0.207843137254902,1,0.919247717724161
O=C(NC1CCN(CCc2c[nH]c3ccccc23)CC1)c1ccccc1,0,O=C(NC1CCN(CCc2c[nH]c3ccccc23)CC1)c1ccccc1,CN1CCC[C@@H]1Cc1c[nH]c2ccc(CCS(=O)(=O)c3ccccc3)cc12,1,O=S(=O)(CCc1ccc2[nH]cc(CC3CCCN3)c2c1)c1ccccc1,0.36642411642411643,0,0.37560654458569853
O=C(NC1CCN(CCc2c[nH]c3ccccc23)CC1)c1ccccc1,0,O=C(NC1CCN(CCc2c[nH]c3ccccc23)CC1)c1ccccc1,CN1[C@@H]2CC[C@H]1C[C@@H](OC(=O)c1c[nH]c3ccccc13)C2,1,O=C(OC1CC2CCC(C1)N2)c1c[nH]c2ccccc12,0.3573529411764706,1,0.6148357711601722
O=C(NC1CCN(CCc2c[nH]c3ccccc23)CC1)c1ccccc1,0,O=C(NC1CCN(CCc2c[nH]c3ccccc23)CC1)c1ccccc1,O=C(c1ccc(F)cc1)C1CCN(CCn2c(=O)[nH]c3ccccc3c2=O)CC1,1,O=C(c1ccccc1)C1CCN(CCn2c(=O)[nH]c3ccccc3c2=O)CC1,0.3381644706951386,1,0.6697182811838193
O=C(NC1CCN(CCc2c[nH]c3ccccc23)CC1)c1ccccc1,0,O=C(NC1CCN(CCc2c[nH]c3ccccc23)CC1)c1ccccc1,CN(C)CCc1c[nH]c2ccc(CS(=O)(=O)N3CCCC3)cc12,1,O=S(=O)(Cc1ccc2[nH]ccc2c1)N1CCCC1,0.31315192743764175,1,0.5480084650972638
NC(=O)c1ncn([C@@H]2O[C@H](CO)[C@@H](O)[C@H]2O)n1,1,c1ncn(C2CCCO2)n1,Nc1nc(F)nc2c1ncn2[C@@H]1O[C@H](CO)[C@@H](O)[C@@H]1O,1,c1ncc2ncn(C3CCCO3)c2n1,0.39915966386554624,1,0.5798202055427074
NC(=O)c1ncn([C@@H]2O[C@H](CO)[C@@H](O)[C@H]2O)n1,1,c1ncn(C2CCCO2)n1,N[C@H]1C(O)O[C@H](CO)[C@@H](O)[C@@H]1O,1,C1CCOCC1,0.30954545454545457,1,0.9165098847150787
NC(=O)c1ncn([C@@H]2O[C@H](CO)[C@@H](O)[C@H]2O)n1,1,c1ncn(C2CCCO2)n1,CN(N=O)C(=O)N[C@@H]1[C@@H](O)[C@H](O)[C@@H](CO)O[C@@H]1O,1,C1CCOCC1,0.2838905775075988,1,0.9738522047149577
NC(=O)c1ncn([C@@H]2O[C@H](CO)[C@@H](O)[C@H]2O)n1,1,c1ncn(C2CCCO2)n1,Nc1nc(Cl)nc2c1ncn2[C@H]1C[C@H](O)[C@@H](CO)O1,1,c1ncc2ncn(C3CCCO3)c2n1,0.27175925925925926,1,0.710971369093072
CC(C)NCC(O)COc1ccc(CCOCC2CC2)cc1,1,c1ccc(CCOCC2CC2)cc1,COCCc1ccc(OCC(O)CNC(C)C)cc1,1,c1ccccc1,0.7025755879059351,1,0.9246041005479125
CC(C)NCC(O)COc1ccc(CCOCC2CC2)cc1,1,c1ccc(CCOCC2CC2)cc1,CC(C)NCC(O)COc1ccc(COCCOC(C)C)cc1,1,c1ccccc1,0.5710120068610635,1,0.9082217672117859
CC(C)NCC(O)COc1ccc(CCOCC2CC2)cc1,1,c1ccc(CCOCC2CC2)cc1,CC(C)NCC(O)COc1ccc(CC(N)=O)cc1,1,c1ccccc1,0.5624765478424015,1,0.8434244249793981
CC(C)NCC(O)COc1ccc(CCOCC2CC2)cc1,1,c1ccc(CCOCC2CC2)cc1,CC(C)NC[C@H](O)COc1ccc(O)cc1,1,c1ccccc1,0.5575531914893617,1,0.8421988425345238
C[C@@H](O)[C@H]1C(=O)N2C(C(=O)O)=C(S[C@@H]3CN[C@H](C(=O)N(C)C)C3)[C@H](C)[C@H]12,0,O=C1CC2CC(SC3CCNC3)=CN12,CC1=C(C(=O)O)N2C(=O)[C@@H](NC(=O)[C@H](N)c3ccccc3)[C@H]2SC1,1,O=C(Cc1ccccc1)NC1C(=O)N2C=CCSC12,0.20689121176926056,0,0.033796617783731116
C[C@@H](O)[C@H]1C(=O)N2C(C(=O)O)=C(S[C@@H]3CN[C@H](C(=O)N(C)C)C3)[C@H](C)[C@H]12,0,O=C1CC2CC(SC3CCNC3)=CN12,CC1=C(C(=O)O)N2C(=O)[C@@H](NC(=O)[C@H](N)c3ccc(O)cc3)[C@H]2SC1,1,O=C(Cc1ccccc1)NC1C(=O)N2C=CCSC12,0.2038961038961039,0,0.031723342000779975
C[C@@H](O)[C@H]1C(=O)N2C(C(=O)O)=C(S[C@@H]3CN[C@H](C(=O)N(C)C)C3)[C@H](C)[C@H]12,0,O=C1CC2CC(SC3CCNC3)=CN12,CC=CC1=C(C(=O)O)N2C(=O)[C@@H](NC(=O)[C@H](N)c3ccc(O)cc3)[C@H]2SC1,1,O=C(Cc1ccccc1)NC1C(=O)N2C=CCSC12,0.20382081686429512,0,0.03603213344817061
C[C@@H](O)[C@H]1C(=O)N2C(C(=O)O)=C(S[C@@H]3CN[C@H](C(=O)N(C)C)C3)[C@H](C)[C@H]12,0,O=C1CC2CC(SC3CCNC3)=CN12,N[C@@H](C(=O)N[C@@H]1C(=O)N2C(C(=O)O)=C(Cl)CS[C@H]12)c1ccccc1,1,O=C(Cc1ccccc1)NC1C(=O)N2C=CCSC12,0.1907321594068582,0,0.08620409945980059
C[C@@H]1O[C@@H](O[C@@H]2C=C3CC[C@@H]4[C@H](CC[C@]5(C)[C@@H](c6ccc(=O)oc6)CC[C@]45O)[C@@]3(C)CC2)[C@H](O)[C@H](O)[C@H]1O,0,O=c1ccc(C2CCC3C2CCC2C4CCC(OC5CCCCO5)C=C4CCC23)co1,C[C@H]1O[C@@H](O[C@H]2[C@@H](O)C[C@H](O[C@H]3[C@@H](O)C[C@H](O[C@H]4CC[C@@]5(C)[C@H](CC[C@@H]6[C@@H]5CC[C@]5(C)[C@@H](C7=CC(=O)OC7)CC[C@]65O)C4)O[C@@H]3C)O[C@@H]2C)C[C@H](O)[C@@H]1O,1,O=C1C=C(C2CCC3C2CCC2C4CCC(OC5CCC(OC6CCC(OC7CCCCO7)CO6)CO5)CC4CCC23)CO1,0.33542857142857146,0,0.14512081838994131
C[C@@H]1O[C@@H](O[C@@H]2C=C3CC[C@@H]4[C@H](CC[C@]5(C)[C@@H](c6ccc(=O)oc6)CC[C@]45O)[C@@]3(C)CC2)[C@H](O)[C@H](O)[C@H]1O,0,O=c1ccc(C2CCC3C2CCC2C4CCC(OC5CCCCO5)C=C4CCC23)co1,C[C@H]1O[C@@H](O[C@H]2[C@@H](O)C[C@H](O[C@H]3[C@@H](O)C[C@H](O[C@H]4CC[C@@]5(C)[C@H](CC[C@@H]6[C@@H]5C[C@@H](O)[C@]5(C)[C@@H](C7=CC(=O)OC7)CC[C@]65O)C4)O[C@@H]3C)O[C@@H]2C)C[C@H](O)[C@@H]1O,1,O=C1C=C(C2CCC3C2CCC2C4CCC(OC5CCC(OC6CCC(OC7CCCCO7)CO6)CO5)CC4CCC23)CO1,0.28761904761904766,0,0.05788876780444226
C[C@@H]1O[C@@H](O[C@@H]2C=C3CC[C@@H]4[C@H](CC[C@]5(C)[C@@H](c6ccc(=O)oc6)CC[C@]45O)[C@@]3(C)CC2)[C@H](O)[C@H](O)[C@H]1O,0,O=c1ccc(C2CCC3C2CCC2C4CCC(OC5CCCCO5)C=C4CCC23)co1,CC(=O)S[C@@H]1CC2=CC(=O)CC[C@]2(C)[C@H]2CC[C@@]3(C)[C@@H](CC[C@@]34CCC(=O)O4)[C@H]12,1,O=C1C=C2CCC3C(CCC4C3CCC43CCC(=O)O3)C2CC1,0.21911764705882356,0,0.10529404475150454
C[C@@H]1O[C@@H](O[C@@H]2C=C3CC[C@@H]4[C@H](CC[C@]5(C)[C@@H](c6ccc(=O)oc6)CC[C@]45O)[C@@]3(C)CC2)[C@H](O)[C@H](O)[C@H]1O,0,O=c1ccc(C2CCC3C2CCC2C4CCC(OC5CCCCO5)C=C4CCC23)co1,CC#C[C@]1(O)CC[C@H]2[C@@H]3CCC4=CC(=O)CCC4=C3[C@@H](c3ccc(N(C)C)cc3)C[C@@]21C,1,O=C1C=C2CCC3C(=C2CC1)C(c1ccccc1)CC1CCCC13,0.2121794871794872,0,0.08741775250688365
Nc1ccn([C@@H]2O[C@H](CO)[C@@H](O)[C@@H]2O)c(=O)n1,0,O=c1ncccn1C1CCCO1,Nc1ccn([C@H]2CC[C@@H](CO)O2)c(=O)n1,1,O=c1ncccn1C1CCCO1,0.5792792792792794,0,0.16697474493176023
Nc1ccn([C@@H]2O[C@H](CO)[C@@H](O)[C@@H]2O)c(=O)n1,0,O=c1ncccn1C1CCCO1,Nc1ccn([C@@H]2CS[C@H](CO)O2)c(=O)n1,1,O=c1ncccn1C1CSCO1,0.536,0,0.22362313464546124
Nc1ccn([C@@H]2O[C@H](CO)[C@@H](O)[C@@H]2O)c(=O)n1,0,O=c1ncccn1C1CCCO1,Nc1nc(F)nc2c1ncn2[C@@H]1O[C@H](CO)[C@@H](O)[C@@H]1O,1,c1ncc2ncn(C3CCCO3)c2n1,0.4639873916469662,0,0.35603917435186205
Nc1ccn([C@@H]2O[C@H](CO)[C@@H](O)[C@@H]2O)c(=O)n1,0,O=c1ncccn1C1CCCO1,NC(=O)c1ncn([C@@H]2O[C@H](CO)[C@@H](O)[C@H]2O)n1,1,c1ncn(C2CCCO2)n1,0.41080196399345337,0,0.4279665088654269
Nc1ccn([C@H]2CC[C@@H](CO)O2)c(=O)n1,1,O=c1ncccn1C1CCCO1,Nc1ccn([C@@H]2CS[C@H](CO)O2)c(=O)n1,1,O=c1ncccn1C1CSCO1,0.6136170212765958,1,0.8386420212342919
Nc1ccn([C@H]2CC[C@@H](CO)O2)c(=O)n1,1,O=c1ncccn1C1CCCO1,O=c1nc[nH]c2c1ncn2[C@H]1CC[C@@H](CO)O1,1,O=c1nc[nH]c2c1ncn2C1CCCO1,0.4388888888888889,1,0.9484660353967798
Nc1ccn([C@H]2CC[C@@H](CO)O2)c(=O)n1,1,O=c1ncccn1C1CCCO1,Nc1nc(Cl)nc2c1ncn2[C@H]1C[C@H](O)[C@@H](CO)O1,1,c1ncc2ncn(C3CCCO3)c2n1,0.29250000000000004,1,0.9325553947385028
Nc1ccn([C@H]2CC[C@@H](CO)O2)c(=O)n1,1,O=c1ncccn1C1CCCO1,Cc1cn([C@H]2C[C@H](N=[N+]=[N-])[C@@H](CO)O2)c(=O)[nH]c1=O,1,O=c1ccn(C2CCCO2)c(=O)[nH]1,0.27021154945683246,1,0.9337158125877335
Cc1cc2c(s1)Nc1ccccc1N=C2N1CCN(C)CC1,1,c1ccc2c(c1)N=C(N1CCNCC1)c1ccsc1N2,CN1CCN(C2=Nc3cc(Cl)ccc3Nc3ccccc32)CC1,1,c1ccc2c(c1)N=C(N1CCNCC1)c1ccccc1N2,0.5398337112622827,1,0.9847977763486795
Cc1cc2c(s1)Nc1ccccc1N=C2N1CCN(C)CC1,1,c1ccc2c(c1)N=C(N1CCNCC1)c1ccsc1N2,OCCOCCN1CCN(C2=Nc3ccccc3Sc3ccccc32)CC1,1,c1ccc2c(c1)N=C(N1CCNCC1)c1ccccc1S2,0.3295454545454546,1,0.9222382568440662
Cc1cc2c(s1)Nc1ccccc1N=C2N1CCN(C)CC1,1,c1ccc2c(c1)N=C(N1CCNCC1)c1ccsc1N2,Clc1ccc2c(c1)C(N1CCNCC1)=Nc1ccccc1O2,1,c1ccc2c(c1)N=C(N1CCNCC1)c1ccccc1O2,0.3198826979472141,1,0.9182608606712844
Cc1cc2c(s1)Nc1ccccc1N=C2N1CCN(C)CC1,1,c1ccc2c(c1)N=C(N1CCNCC1)c1ccsc1N2,CCOC(=O)C1(c2ccccc2)CCN(C)CC1,1,c1ccc(C2CCNCC2)cc1,0.24200433034333435,1,0.5208726595080325
O=C1NS(=O)(=O)c2ccccc21,1,O=C1NS(=O)(=O)c2ccccc21,O=C1c2ccccc2C(=O)C1c1ccccc1,1,O=C1c2ccccc2C(=O)C1c1ccccc1,0.29456521739130437,1,0.9923860236109668
O=C1NS(=O)(=O)c2ccccc21,1,O=C1NS(=O)(=O)c2ccccc21,O=C1NC(=O)C(c2ccccc2)(c2ccccc2)N1,1,O=C1NC(=O)C(c2ccccc2)(c2ccccc2)N1,0.2547008547008547,1,0.9724650247063797
O=C1NS(=O)(=O)c2ccccc21,1,O=C1NS(=O)(=O)c2ccccc21,NC(=O)N1c2ccccc2CC(=O)c2ccccc21,1,O=C1Cc2ccccc2Nc2ccccc21,0.24811547714514837,1,0.962776095829286
O=C1NS(=O)(=O)c2ccccc21,1,O=C1NS(=O)(=O)c2ccccc21,CCC1(c2ccccc2)C(=O)NC(=O)NC1=O,1,O=C1NC(=O)C(c2ccccc2)C(=O)N1,0.23553113553113553,1,0.9966158601789155
Cn1nnc2c(C(N)=O)ncn2c1=O,1,O=c1[nH]nnc2cncn12,Cn1c(=O)c2c(ncn2C)n(C)c1=O,1,O=c1[nH]c(=O)c2[nH]cnc2[nH]1,0.26333333333333336,1,0.969434612363454
Cn1nnc2c(C(N)=O)ncn2c1=O,1,O=c1[nH]nnc2cncn12,CC(=O)CCCCn1c(=O)c2c(ncn2C)n(C)c1=O,1,O=c1[nH]c(=O)c2[nH]cnc2[nH]1,0.2448979591836735,1,0.9406015032030671
Cn1nnc2c(C(N)=O)ncn2c1=O,1,O=c1[nH]nnc2cncn12,CC(O)Cn1cnc2c1c(=O)n(C)c(=O)n2C,1,O=c1[nH]c(=O)c2[nH]cnc2[nH]1,0.24405250205086138,1,0.9436184774923317
Cn1nnc2c(C(N)=O)ncn2c1=O,1,O=c1[nH]nnc2cncn12,NC(=O)c1ncn([C@@H]2O[C@H](CO)[C@@H](O)[C@H]2O)n1,1,c1ncn(C2CCCO2)n1,0.23508771929824562,1,0.9642406783097907
CC1=CC[C@@H](C(C)(C)O)C[C@@H]1O,1,C1=CCCCC1,C=C1/C(=C\C=C2/CCC[C@]3(C)[C@@H]([C@H](C)CCCC(C)(C)O)CC[C@@H]23)C[C@@H](O)C[C@@H]1O,1,C=C1CCCCC1=CC=C1CCCC2CCCC12,0.1850547730829421,1,0.976817773594889
CC1=CC[C@@H](C(C)(C)O)C[C@@H]1O,1,C1=CCCCC1,C#C[C@]1(O)CC[C@H]2[C@@H]3CCC4=CCCC[C@@H]4[C@H]3CC[C@@]21C,1,C1=C2CCC3C4CCCC4CCC3C2CCC1,0.1672727272727273,1,0.9216569224535007
CC1=CC[C@@H](C(C)(C)O)C[C@@H]1O,1,C1=CCCCC1,CC(C)(C)NCC(O)COc1cccc2c1C[C@H](O)[C@H](O)C2,1,c1ccc2c(c1)CCCC2,0.1636066911464708,1,0.933586126218798
CC1=CC[C@@H](C(C)(C)O)C[C@@H]1O,1,C1=CCCCC1,CCCCC(C)(O)C/C=C/[C@H]1[C@H](O)CC(=O)[C@@H]1CCCCCCC(=O)OC,1,O=C1CCCC1,0.1600942655145326,1,0.936470199830981
CC1=C(/C=C/C(C)=C/C=C/C(C)=C\C(=O)O)C(C)(C)CCC1,1,C1=CCCCC1,COc1cc(C)c(/C=C/C(C)=C/C=C/C(C)=C/C(=O)O)c(C)c1C,1,c1ccccc1,0.426578073089701,1,0.8478636294691863
CC1=C(/C=C/C(C)=C/C=C/C(C)=C\C(=O)O)C(C)(C)CCC1,1,C1=CCCCC1,NCC1(CC(=O)O)CCCCC1,1,C1CCCCC1,0.18546059933407327,1,0.8343440365828875
CC1=C(/C=C/C(C)=C/C=C/C(C)=C\C(=O)O)C(C)(C)CCC1,1,C1=CCCCC1,CN1C(=O)NC(=O)C(C)(C2=CCCCC2)C1=O,1,O=C1NC(=O)C(C2=CCCCC2)C(=O)N1,0.1674110835401158,1,0.9493101930771429
CC1=C(/C=C/C(C)=C/C=C/C(C)=C\C(=O)O)C(C)(C)CCC1,1,C1=CCCCC1,CCc1cccc2c3c([nH]c12)C(CC)(CC(=O)O)OCC3,1,c1ccc2c3c([nH]c2c1)COCC3,0.1526908023483366,1,0.6907432333803543
C[C@H]1O[C@@H](O[C@H]2[C@@H](O)C[C@H](O[C@H]3[C@@H](O)C[C@H](O[C@H]4CC[C@@]5(C)[C@H](CC[C@@H]6[C@@H]5C[C@@H](O)[C@]5(C)[C@@H](C7=CC(=O)OC7)CC[C@]65O)C4)O[C@@H]3C)O[C@@H]2C)C[C@H](O)[C@@H]1O,1,O=C1C=C(C2CCC3C2CCC2C4CCC(OC5CCC(OC6CCC(OC7CCCCO7)CO6)CO5)CC4CCC23)CO1,C[C@H]1O[C@@H](O[C@H]2[C@@H](O)C[C@H](O[C@H]3[C@@H](O)C[C@H](O[C@H]4CC[C@@]5(C)[C@H](CC[C@@H]6[C@@H]5CC[C@]5(C)[C@@H](C7=CC(=O)OC7)CC[C@]65O)C4)O[C@@H]3C)O[C@@H]2C)C[C@H](O)[C@@H]1O,1,O=C1C=C(C2CCC3C2CCC2C4CCC(OC5CCC(OC6CCC(OC7CCCCO7)CO6)CO5)CC4CCC23)CO1,0.8376231884057972,1,0.9316322591349709
C[C@H]1O[C@@H](O[C@H]2[C@@H](O)C[C@H](O[C@H]3[C@@H](O)C[C@H](O[C@H]4CC[C@@]5(C)[C@H](CC[C@@H]6[C@@H]5C[C@@H](O)[C@]5(C)[C@@H](C7=CC(=O)OC7)CC[C@]65O)C4)O[C@@H]3C)O[C@@H]2C)C[C@H](O)[C@@H]1O,1,O=C1C=C(C2CCC3C2CCC2C4CCC(OC5CCC(OC6CCC(OC7CCCCO7)CO6)CO5)CC4CCC23)CO1,CO[C@@H]1[C@@H](O[C@@H]2O[C@H](C)[C@@H](O[C@H]3C[C@@](C)(O)[C@@H](O)[C@H](C)O3)[C@H](N(C)C)[C@H]2O)[C@@H](CC=O)C[C@@H](C)[C@@H](O[C@H]2CC[C@H](N(C)C)[C@H](C)O2)/C=C/C=C/C[C@@H](C)OC(=O)C[C@H]1O,1,O=C1CCCC(OC2CCC(OC3CCCCO3)CO2)CCCC(OC2CCCCO2)C=CC=CCCO1,0.22256410256410258,1,0.9423053722064104
C[C@H]1O[C@@H](O[C@H]2[C@@H](O)C[C@H](O[C@H]3[C@@H](O)C[C@H](O[C@H]4CC[C@@]5(C)[C@H](CC[C@@H]6[C@@H]5C[C@@H](O)[C@]5(C)[C@@H](C7=CC(=O)OC7)CC[C@]65O)C4)O[C@@H]3C)O[C@@H]2C)C[C@H](O)[C@@H]1O,1,O=C1C=C(C2CCC3C2CCC2C4CCC(OC5CCC(OC6CCC(OC7CCCCO7)CO6)CO5)CC4CCC23)CO1,CC[C@H]1OC(=O)[C@H](C)[C@@H](O[C@H]2C[C@@](C)(OC)[C@@H](O)[C@H](C)O2)[C@H](C)[C@@H](O[C@@H]2O[C@H](C)C[C@H](N(C)C)[C@H]2O)[C@](C)(OC)C[C@@H](C)C(=O)[C@H](C)[C@@H](O)[C@]1(C)O,1,O=C1CCCCOC(=O)CC(OC2CCCCO2)CC(OC2CCCCO2)CCC1,0.2114709851551957,1,0.9364585837397491
C[C@H]1O[C@@H](O[C@H]2[C@@H](O)C[C@H](O[C@H]3[C@@H](O)C[C@H](O[C@H]4CC[C@@]5(C)[C@H](CC[C@@H]6[C@@H]5C[C@@H](O)[C@]5(C)[C@@H](C7=CC(=O)OC7)CC[C@]65O)C4)O[C@@H]3C)O[C@@H]2C)C[C@H](O)[C@@H]1O,1,O=C1C=C(C2CCC3C2CCC2C4CCC(OC5CCC(OC6CCC(OC7CCCCO7)CO6)CO5)CC4CCC23)CO1,CC[C@H]1OC(=O)[C@H](C)[C@@H](O[C@H]2C[C@@](C)(OC)[C@@H](O)[C@H](C)O2)[C@H](C)[C@@H](O[C@@H]2O[C@H](C)C[C@H](N(C)C)[C@H]2O)[C@](C)(O)C[C@@H](C)C(=O)[C@H](C)[C@@H](O)[C@]1(C)O,1,O=C1CCCCOC(=O)CC(OC2CCCCO2)CC(OC2CCCCO2)CCC1,0.20871295886775765,1,0.980879150056656
C[C@H]1O[C@@H](O[C@H]2[C@@H](O)C[C@H](O[C@H]3[C@@H](O)C[C@H](O[C@H]4CC[C@@]5(C)[C@H](CC[C@@H]6[C@@H]5CC[C@]5(C)[C@@H](C7=CC(=O)OC7)CC[C@]65O)C4)O[C@@H]3C)O[C@@H]2C)C[C@H](O)[C@@H]1O,1,O=C1C=C(C2CCC3C2CCC2C4CCC(OC5CCC(OC6CCC(OC7CCCCO7)CO6)CO5)CC4CCC23)CO1,C[C@H]1O[C@@H](O[C@H]2[C@@H](O)C[C@H](O[C@H]3[C@@H](O)C[C@H](O[C@H]4CC[C@@]5(C)[C@H](CC[C@@H]6[C@@H]5C[C@@H](O)[C@]5(C)[C@@H](C7=CC(=O)OC7)CC[C@]65O)C4)O[C@@H]3C)O[C@@H]2C)C[C@H](O)[C@@H]1O,1,O=C1C=C(C2CCC3C2CCC2C4CCC(OC5CCC(OC6CCC(OC7CCCCO7)CO6)CO5)CC4CCC23)CO1,0.8376231884057972,1,0.9570140034863964
C[C@H]1O[C@@H](O[C@H]2[C@@H](O)C[C@H](O[C@H]3[C@@H](O)C[C@H](O[C@H]4CC[C@@]5(C)[C@H](CC[C@@H]6[C@@H]5CC[C@]5(C)[C@@H](C7=CC(=O)OC7)CC[C@]65O)C4)O[C@@H]3C)O[C@@H]2C)C[C@H](O)[C@@H]1O,1,O=C1C=C(C2CCC3C2CCC2C4CCC(OC5CCC(OC6CCC(OC7CCCCO7)CO6)CO5)CC4CCC23)CO1,CO[C@@H]1[C@@H](O[C@@H]2O[C@H](C)[C@@H](O[C@H]3C[C@@](C)(O)[C@@H](O)[C@H](C)O3)[C@H](N(C)C)[C@H]2O)[C@@H](CC=O)C[C@@H](C)[C@@H](O[C@H]2CC[C@H](N(C)C)[C@H](C)O2)/C=C/C=C/C[C@@H](C)OC(=O)C[C@H]1O,1,O=C1CCCC(OC2CCC(OC3CCCCO3)CO2)CCCC(OC2CCCCO2)C=CC=CCCO1,0.22668016194331986,1,0.9633805446501538
C[C@H]1O[C@@H](O[C@H]2[C@@H](O)C[C@H](O[C@H]3[C@@H](O)C[C@H](O[C@H]4CC[C@@]5(C)[C@H](CC[C@@H]6[C@@H]5CC[C@]5(C)[C@@H](C7=CC(=O)OC7)CC[C@]65O)C4)O[C@@H]3C)O[C@@H]2C)C[C@H](O)[C@@H]1O,1,O=C1C=C(C2CCC3C2CCC2C4CCC(OC5CCC(OC6CCC(OC7CCCCO7)CO6)CO5)CC4CCC23)CO1,CC[C@H]1OC(=O)[C@H](C)[C@@H](O[C@H]2C[C@@](C)(OC)[C@@H](O)[C@H](C)O2)[C@H](C)[C@@H](O[C@@H]2O[C@H](C)C[C@H](N(C)C)[C@H]2O)[C@](C)(OC)C[C@@H](C)C(=O)[C@H](C)[C@@H](O)[C@]1(C)O,1,O=C1CCCCOC(=O)CC(OC2CCCCO2)CC(OC2CCCCO2)CCC1,0.22041379310344827,1,0.950510746874967
C[C@H]1O[C@@H](O[C@H]2[C@@H](O)C[C@H](O[C@H]3[C@@H](O)C[C@H](O[C@H]4CC[C@@]5(C)[C@H](CC[C@@H]6[C@@H]5CC[C@]5(C)[C@@H](C7=CC(=O)OC7)CC[C@]65O)C4)O[C@@H]3C)O[C@@H]2C)C[C@H](O)[C@@H]1O,1,O=C1C=C(C2CCC3C2CCC2C4CCC(OC5CCC(OC6CCC(OC7CCCCO7)CO6)CO5)CC4CCC23)CO1,CC[C@H]1OC(=O)[C@H](C)[C@@H](O[C@H]2C[C@@](C)(OC)[C@@H](O)[C@H](C)O2)[C@H](C)[C@@H](O[C@@H]2O[C@H](C)C[C@H](N(C)C)[C@H]2O)[C@](C)(O)C[C@@H](C)C(=O)[C@H](C)[C@@H](O)[C@]1(C)O,1,O=C1CCCCOC(=O)CC(OC2CCCCO2)CC(OC2CCCCO2)CCC1,0.2174915254237288,1,0.9698369200635493
N[C@@H]1[C@H]2CN(c3nc4c(cc3F)c(=O)c(C(=O)O)cn4-c3ccc(F)cc3F)C[C@@H]12,1,O=c1ccn(-c2ccccc2)c2nc(N3CC4CC4C3)ccc12,CC1CN(c2cc3c(cc2F)c(=O)c(C(=O)O)cn3-c2ccc(F)cc2F)CCN1,1,O=c1ccn(-c2ccccc2)c2cc(N3CCNCC3)ccc12,0.5101114147571999,1,0.9949558651403607
N[C@@H]1[C@H]2CN(c3nc4c(cc3F)c(=O)c(C(=O)O)cn4-c3ccc(F)cc3F)C[C@@H]12,1,O=c1ccn(-c2ccccc2)c2nc(N3CC4CC4C3)ccc12,NC1CCN(c2c(F)cc3c(=O)c(C(=O)O)cn(C4CC4)c3c2Cl)C1,1,O=c1ccn(C2CC2)c2cc(N3CCCC3)ccc12,0.35878035008469794,1,0.9985753200057368
N[C@@H]1[C@H]2CN(c3nc4c(cc3F)c(=O)c(C(=O)O)cn4-c3ccc(F)cc3F)C[C@@H]12,1,O=c1ccn(-c2ccccc2)c2nc(N3CC4CC4C3)ccc12,O=C(O)c1cn(C2CC2)c2cc(N3CCNCC3)c(F)cc2c1=O,1,O=c1ccn(C2CC2)c2cc(N3CCNCC3)ccc12,0.3563600782778865,1,0.9977797127375956
N[C@@H]1[C@H]2CN(c3nc4c(cc3F)c(=O)c(C(=O)O)cn4-c3ccc(F)cc3F)C[C@@H]12,1,O=c1ccn(-c2ccccc2)c2nc(N3CC4CC4C3)ccc12,N[C@@H]1CN(c2c(F)cc3c(=O)c(C(=O)O)cn([C@@H]4C[C@@H]4F)c3c2Cl)CC12CC2,1,O=c1ccn(C2CC2)c2cc(N3CCC4(CC4)C3)ccc12,0.33801874163319945,1,0.9990688083153554
CN(C)CCCOc1nn(Cc2ccccc2)c2ccccc12,1,c1ccc(Cn2ncc3ccccc32)cc1,CN(C)CCCOC1(Cc2ccccc2)CCCCCC1,1,c1ccc(CC2CCCCCC2)cc1,0.38809224318658286,1,0.9897208440983036
CN(C)CCCOc1nn(Cc2ccccc2)c2ccccc12,1,c1ccc(Cn2ncc3ccccc32)cc1,CN(C)CCOC(c1ccccc1)c1ccccc1,1,c1ccc(Cc2ccccc2)cc1,0.3068027210884354,1,0.9504112228989045
CN(C)CCCOc1nn(Cc2ccccc2)c2ccccc12,1,c1ccc(Cn2ncc3ccccc32)cc1,CN(C)CCCN1c2ccccc2CCc2ccccc21,1,c1ccc2c(c1)CCc1ccccc1N2,0.2991423670668954,1,0.9465748096956929
CN(C)CCCOc1nn(Cc2ccccc2)c2ccccc12,1,c1ccc(Cn2ncc3ccccc32)cc1,CN(C)CCC(c1ccccc1)c1ccccn1,1,c1ccc(Cc2ccccn2)cc1,0.28743961352657005,1,0.9269855456321284
CC(C)=CCN1CC[C@@]2(C)c3cc(O)ccc3C[C@@H]1[C@@H]2C,0,c1ccc2c(c1)CC1CC2CCN1,CCC(=O)C1(c2cccc(O)c2)CCN(C)CC1,1,c1ccc(C2CCNCC2)cc1,0.28837209302325584,0,0.30922441455574856
CC(C)=CCN1CC[C@@]2(C)c3cc(O)ccc3C[C@@H]1[C@@H]2C,0,c1ccc2c(c1)CC1CC2CCN1,CO[C@]12CC[C@@]3(C[C@@H]1[C@](C)(O)C(C)(C)C)[C@H]1Cc4ccc(O)c5c4[C@@]3(CCN1CC1CC1)[C@H]2O5,1,c1cc2c3c(c1)OC1C4CCC5(CC4)C(C2)N(CC2CC2)CCC315,0.23419354838709683,0,0.2841011064745318
CC(C)=CCN1CC[C@@]2(C)c3cc(O)ccc3C[C@@H]1[C@@H]2C,0,c1ccc2c(c1)CC1CC2CCN1,COc1ccc2c3c1O[C@H]1C[C@@H](O)C=C[C@@]31CCN(C)C2,1,C1=CC23CCNCc4cccc(c42)OC3CC1,0.20496696286169974,1,0.5290515095583509
CC(C)=CCN1CC[C@@]2(C)c3cc(O)ccc3C[C@@H]1[C@@H]2C,0,c1ccc2c(c1)CC1CC2CCN1,CCOC(=O)C1(c2ccccc2)CCN(C)CC1,1,c1ccc(C2CCNCC2)cc1,0.20197628458498026,0,0.39559389788458416
CN(C)CCCOC1(Cc2ccccc2)CCCCCC1,1,c1ccc(CC2CCCCCC2)cc1,CN(C)CCCOc1nn(Cc2ccccc2)c2ccccc12,1,c1ccc(Cn2ncc3ccccc32)cc1,0.38809224318658286,1,0.945101455998006
CN(C)CCCOC1(Cc2ccccc2)CCCCCC1,1,c1ccc(CC2CCCCCC2)cc1,CN(C)CCOC(c1ccccc1)c1ccccc1,1,c1ccc(Cc2ccccc2)cc1,0.3541666666666667,1,0.7759556844738924
CN(C)CCCOC1(Cc2ccccc2)CCCCCC1,1,c1ccc(CC2CCCCCC2)cc1,CN(C)CCCN1c2ccccc2CCc2ccccc21,1,c1ccc2c(c1)CCc1ccccc1N2,0.3448979591836735,1,0.8519961303394185
CN(C)CCCOC1(Cc2ccccc2)CCCCCC1,1,c1ccc(CC2CCCCCC2)cc1,Cc1ccccc1C(OCCN(C)C)c1ccccc1,1,c1ccc(Cc2ccccc2)cc1,0.3107692307692308,1,0.7953058501832158
CC[N+]1(C)[C@@H]2C[C@@H](OC(=O)[C@H](CO)c3ccccc3)C[C@H]1[C@@H]1O[C@@H]12,0,O=C(Cc1ccccc1)OC1CC2[NH2+]C(C1)C1OC21,NC(=O)OCC(COC(N)=O)c1ccccc1,1,c1ccccc1,0.27184035476718404,0,0.15093903969747205
CC[N+]1(C)[C@@H]2C[C@@H](OC(=O)[C@H](CO)c3ccccc3)C[C@H]1[C@@H]1O[C@@H]12,0,O=C(Cc1ccccc1)OC1CC2[NH2+]C(C1)C1OC21,CN1[C@@H]2CC[C@H]1C[C@@H](OC(=O)c1c[nH]c3ccccc13)C2,1,O=C(OC1CC2CCC(C1)N2)c1c[nH]c2ccccc12,0.2621981004070556,0,0.020417452350082136
CC[N+]1(C)[C@@H]2C[C@@H](OC(=O)[C@H](CO)c3ccccc3)C[C@H]1[C@@H]1O[C@@H]12,0,O=C(Cc1ccccc1)OC1CC2[NH2+]C(C1)C1OC21,CCC(C(=O)O)c1ccc(N2Cc3ccccc3C2=O)cc1,1,O=C1c2ccccc2CN1c1ccccc1,0.24705882352941178,0,0.07351684456031633
CC[N+]1(C)[C@@H]2C[C@@H](OC(=O)[C@H](CO)c3ccccc3)C[C@H]1[C@@H]1O[C@@H]12,0,O=C(Cc1ccccc1)OC1CC2[NH2+]C(C1)C1OC21,CCOC(=O)C1(c2ccccc2)CCN(C)CC1,1,c1ccc(C2CCNCC2)cc1,0.2375,0,0.1008588444221903
NS(=O)(=O)c1cc(C(=O)O)cc(N2CCCC2)c1Oc1ccccc1,1,c1ccc(Oc2ccccc2N2CCCC2)cc1,CCCCNc1cc(C(=O)O)cc(S(N)(=O)=O)c1Oc1ccccc1,1,c1ccc(Oc2ccccc2)cc1,0.5249042145593871,1,0.9914143644762934
NS(=O)(=O)c1cc(C(=O)O)cc(N2CCCC2)c1Oc1ccccc1,1,c1ccc(Oc2ccccc2N2CCCC2)cc1,CCOc1cc(CC(=O)N[C@@H](CC(C)C)c2ccccc2N2CCCCC2)ccc1C(=O)O,1,O=C(Cc1ccccc1)NCc1ccccc1N1CCCCC1,0.30225563909774433,1,0.9826693176043095
NS(=O)(=O)c1cc(C(=O)O)cc(N2CCCC2)c1Oc1ccccc1,1,c1ccc(Oc2ccccc2N2CCCC2)cc1,CC(C(=O)O)c1cccc(Oc2ccccc2)c1,1,c1ccc(Oc2ccccc2)cc1,0.2874564459930314,1,0.9876636255988989
NS(=O)(=O)c1cc(C(=O)O)cc(N2CCCC2)c1Oc1ccccc1,1,c1ccc(Oc2ccccc2N2CCCC2)cc1,NS(=O)(=O)c1cc(C(=O)O)c(NCc2ccco2)cc1Cl,1,c1ccc(NCc2ccco2)cc1,0.25781573498964805,1,0.9928863848714677
CC[C@@H](C(N)=O)N1CCCC1=O,1,O=C1CCCN1,C[C@H](CN1CCOCC1)C(C(=O)N1CCCC1)(c1ccccc1)c1ccccc1,1,O=C(N1CCCC1)C(CCN1CCOCC1)(c1ccccc1)c1ccccc1,0.2043557168784029,1,0.9875059025847422
CC[C@@H](C(N)=O)N1CCCC1=O,1,O=C1CCCN1,CCC(C(=O)O)c1ccc(N2Cc3ccccc3C2=O)cc1,1,O=C1c2ccccc2CN1c1ccccc1,0.20069686411149826,1,0.9011746347541262
CC[C@@H](C(N)=O)N1CCCC1=O,1,O=C1CCCN1,CCC1(CCC(C)C)C(=O)NC(=O)NC1=O,1,O=C1CC(=O)NC(=O)N1,0.18840579710144928,1,0.9964317120045888
CC[C@@H](C(N)=O)N1CCCC1=O,1,O=C1CCCN1,CCCC(C)C1(CC)C(=O)NC(=O)NC1=O,1,O=C1CC(=O)NC(=O)N1,0.18840579710144928,1,0.9957307944302772
COc1cc2nc(N(C)CCCNC(=O)C3CCCO3)nc(N)c2cc1OC,1,O=C(NCCCNc1ncc2ccccc2n1)C1CCCO1,COc1cc2nc(N3CCN(C(=O)C4CCCO4)CC3)nc(N)c2cc1OC,1,O=C(C1CCCO1)N1CCN(c2ncc3ccccc3n2)CC1,0.5413285086585682,1,0.9770943055579866
COc1cc2nc(N(C)CCCNC(=O)C3CCCO3)nc(N)c2cc1OC,1,O=C(NCCCNc1ncc2ccccc2n1)C1CCCO1,COc1cc2nc(N3CCN(C(=O)C4COc5ccccc5O4)CC3)nc(N)c2cc1OC,1,O=C(C1COc2ccccc2O1)N1CCN(c2ncc3ccccc3n2)CC1,0.37853937168502655,1,0.9912862813212691
COc1cc2nc(N(C)CCCNC(=O)C3CCCO3)nc(N)c2cc1OC,1,O=C(NCCCNc1ncc2ccccc2n1)C1CCCO1,COc1cc2nc(N3CCN(C(=O)c4ccco4)CC3)nc(N)c2cc1OC,1,O=C(c1ccco1)N1CCN(c2ncc3ccccc3n2)CC1,0.36510954940057877,1,0.9883847435137687
COc1cc2nc(N(C)CCCNC(=O)C3CCCO3)nc(N)c2cc1OC,1,O=C(NCCCNc1ncc2ccccc2n1)C1CCCO1,COc1cc2c(N)nc(N3CCN(C(=O)OCC(C)(C)O)CC3)nc2c(OC)c1OC,1,c1ccc2nc(N3CCNCC3)ncc2c1,0.2913011960855382,1,0.972787522688807
CN1CCOC(c2ccccc2)c2ccccc2C1,1,c1ccc(C2OCCNCc3ccccc32)cc1,CCOC(=O)C1(c2ccccc2)CCN(C)CC1,1,c1ccc(C2CCNCC2)cc1,0.26286286286286287,1,0.8452541977090077
CN1CCOC(c2ccccc2)c2ccccc2C1,1,c1ccc(C2OCCNCc3ccccc32)cc1,CN(C)CCOC(c1ccccc1)c1ccccc1,1,c1ccc(Cc2ccccc2)cc1,0.2618039215686275,1,0.8422954905391785
CN1CCOC(c2ccccc2)c2ccccc2C1,1,c1ccc(C2OCCNCc3ccccc32)cc1,CCN1CC(CCN2CCOCC2)C(c2ccccc2)(c2ccccc2)C1=O,1,O=C1NCC(CCN2CCOCC2)C1(c1ccccc1)c1ccccc1,0.2506451612903226,1,0.936351093494114
CN1CCOC(c2ccccc2)c2ccccc2C1,1,c1ccc(C2OCCNCc3ccccc32)cc1,Cc1ccccc1C(OCCN(C)C)c1ccccc1,1,c1ccc(Cc2ccccc2)cc1,0.2446998722860792,1,0.8476176867042355
CC(C)(C)NC(=O)[C@H]1CC[C@H]2[C@@H]3CC[C@H]4NC(=O)C=C[C@]4(C)[C@H]3CC[C@]12C,1,O=C1C=CC2C(CCC3C4CCCC4CCC23)N1,C=C1C[C@@H]2[C@H](CC[C@]3(C)C(=O)CC[C@@H]23)[C@@]2(C)C=CC(=O)C=C12,1,C=C1CC2C(CCC3C(=O)CCC32)C2C=CC(=O)C=C12,0.2325714285714286,1,0.9877144464202436
CC(C)(C)NC(=O)[C@H]1CC[C@H]2[C@@H]3CC[C@H]4NC(=O)C=C[C@]4(C)[C@H]3CC[C@]12C,1,O=C1C=CC2C(CCC3C4CCCC4CCC23)N1,C#C[C@]1(O)CC[C@H]2[C@@H]3CCC4=CCCC[C@@H]4[C@H]3CC[C@@]21C,1,C1=C2CCC3C4CCCC4CCC3C2CCC1,0.18621659634317864,1,0.968633297383403
CC(C)(C)NC(=O)[C@H]1CC[C@H]2[C@@H]3CC[C@H]4NC(=O)C=C[C@]4(C)[C@H]3CC[C@]12C,1,O=C1C=CC2C(CCC3C4CCCC4CCC23)N1,CC(=O)S[C@@H]1CC2=CC(=O)CC[C@]2(C)[C@H]2CC[C@@]3(C)[C@@H](CC[C@@]34CCC(=O)O4)[C@H]12,1,O=C1C=C2CCC3C(CCC4C3CCC43CCC(=O)O3)C2CC1,0.18193103448275866,1,0.9055627437522091
CC(C)(C)NC(=O)[C@H]1CC[C@H]2[C@@H]3CC[C@H]4NC(=O)C=C[C@]4(C)[C@H]3CC[C@]12C,1,O=C1C=CC2C(CCC3C4CCCC4CCC23)N1,C[C@H]1O[C@@H](O[C@H]2[C@@H](O)C[C@H](O[C@H]3[C@@H](O)C[C@H](O[C@H]4CC[C@@]5(C)[C@H](CC[C@@H]6[C@@H]5CC[C@]5(C)[C@@H](C7=CC(=O)OC7)CC[C@]65O)C4)O[C@@H]3C)O[C@@H]2C)C[C@H](O)[C@@H]1O,1,O=C1C=C(C2CCC3C2CCC2C4CCC(OC5CCC(OC6CCC(OC7CCCCO7)CO6)CO5)CC4CCC23)CO1,0.17399772764161664,1,0.7120920768240118
COc1ccc2c3c1O[C@H]1[C@@H](O)CC[C@H]4[C@@H](C2)N(C)CC[C@@]341,0,c1cc2c3c(c1)OC1CCCC4C(C2)NCCC314,COc1ccc2c3c1O[C@H]1C[C@@H](O)C=C[C@@]31CCN(C)C2,1,C1=CC23CCNCc4cccc(c42)OC3CC1,0.4144537815126051,1,0.5384898954690921
COc1ccc2c3c1O[C@H]1[C@@H](O)CC[C@H]4[C@@H](C2)N(C)CC[C@@]341,0,c1cc2c3c(c1)OC1CCCC4C(C2)NCCC314,CO[C@]12CC[C@@]3(C[C@@H]1[C@](C)(O)C(C)(C)C)[C@H]1Cc4ccc(O)c5c4[C@@]3(CCN1CC1CC1)[C@H]2O5,1,c1cc2c3c(c1)OC1C4CCC5(CC4)C(C2)N(CC2CC2)CCC315,0.28752136752136753,0,0.3873647889435414
COc1ccc2c3c1O[C@H]1[C@@H](O)CC[C@H]4[C@@H](C2)N(C)CC[C@@]341,0,c1cc2c3c(c1)OC1CCCC4C(C2)NCCC314,COc1ccc2c(c1OC)C(=O)O[C@@H]2[C@H]1c2c(cc3c(c2OC)OCO3)CCN1C,1,O=C1OC(C2NCCc3cc4c(cc32)OCO4)c2ccccc21,0.27904092600248037,0,0.360658449668101
COc1ccc2c3c1O[C@H]1[C@@H](O)CC[C@H]4[C@@H](C2)N(C)CC[C@@]341,0,c1cc2c3c(c1)OC1CCCC4C(C2)NCCC314,COc1cccc([C@@]2(O)CCCC[C@@H]2CN(C)C)c1,1,c1ccc(C2CCCCC2)cc1,0.23843137254901964,0,0.16931278389470933
NC(N)=NCCN1CCCCCCC1,0,C1CCCNCCC1,OC(CCN1CCCC1)(c1ccccc1)C1CCCCC1,1,c1ccc(C(CCN2CCCC2)C2CCCCC2)cc1,0.27443181818181817,0,0.2651506320230982
NC(N)=NCCN1CCCCCCC1,0,C1CCCNCCC1,COc1cc(OC)c(C(=O)CCCN2CCCC2)c(OC)c1,1,O=C(CCCN1CCCC1)c1ccccc1,0.2434840425531915,0,0.38027343768959543
NC(N)=NCCN1CCCCCCC1,0,C1CCCNCCC1,OC(CCN1CCCCC1)(c1ccccc1)C1CC2C=CC1C2,1,C1=CC2CC1CC2C(CCN1CCCCC1)c1ccccc1,0.242,0,0.2282490084274374
NC(N)=NCCN1CCCCCCC1,0,C1CCCNCCC1,O=C(NCCN1CCOCC1)c1ccc(Cl)cc1,1,O=C(NCCN1CCOCC1)c1ccccc1,0.18324382384532759,0,0.4640392125350601
NC12CC3CC(CC(C3)C1)C2,1,C1C2CC3CC1CC(C2)C3,NCC1(CC(=O)O)CCCCC1,1,C1CCCCC1,0.10700000000000001,1,0.8784343237818415
NC12CC3CC(CC(C3)C1)C2,1,C1C2CC3CC1CC(C2)C3,c1ccc(C2(c3ccccc3)CC2C2=NCCN2)cc1,1,c1ccc(C2(c3ccccc3)CC2C2=NCCN2)cc1,0.10080128205128205,1,0.9119331434865122
NC12CC3CC(CC(C3)C1)C2,1,C1C2CC3CC1CC(C2)C3,CC1=CC[C@@H](C(C)(C)O)C[C@@H]1O,1,C1=CCCCC1,0.09357142857142858,1,0.9102945601768611
NC12CC3CC(CC(C3)C1)C2,1,C1C2CC3CC1CC(C2)C3,CC[C@@H](C(N)=O)N1CCCC1=O,1,O=C1CCCN1,0.0871578947368421,1,0.9732483510298465
O=C1c2ccccc2C(=O)C1c1ccccc1,1,O=C1c2ccccc2C(=O)C1c1ccccc1,CCCCC1C(=O)N(c2ccccc2)N(c2ccccc2)C1=O,1,O=C1CC(=O)N(c2ccccc2)N1c1ccccc1,0.2995495495495496,1,0.9943741744005706
O=C1c2ccccc2C(=O)C1c1ccccc1,1,O=C1c2ccccc2C(=O)C1c1ccccc1,O=C1NS(=O)(=O)c2ccccc21,1,O=C1NS(=O)(=O)c2ccccc21,0.29456521739130437,1,0.9830305571492217
O=C1c2ccccc2C(=O)C1c1ccccc1,1,O=C1c2ccccc2C(=O)C1c1ccccc1,NC(=O)N1c2ccccc2CC(=O)c2ccccc21,1,O=C1Cc2ccccc2Nc2ccccc21,0.28,1,0.8701199213156737
O=C1c2ccccc2C(=O)C1c1ccccc1,1,O=C1c2ccccc2C(=O)C1c1ccccc1,NC(=O)OCC(COC(N)=O)c1ccccc1,1,c1ccccc1,0.2686868686868687,1,0.9034586845594229
CN(C)CCOC1=Cc2ccccc2Sc2ccc(Cl)cc21,0,C1=Cc2ccccc2Sc2ccccc21,CN(C)CC/C=C1/c2ccccc2Sc2ccc(Cl)cc21,1,C=C1c2ccccc2Sc2ccccc21,0.5197422917625403,0,0.16076686572966595
CN(C)CCOC1=Cc2ccccc2Sc2ccc(Cl)cc21,0,C1=Cc2ccccc2Sc2ccccc21,CN(C)CCCN1c2ccccc2Sc2ccc(Cl)cc21,1,c1ccc2c(c1)Nc1ccccc1S2,0.4380952380952381,0,0.22066689361817113
CN(C)CCOC1=Cc2ccccc2Sc2ccc(Cl)cc21,0,C1=Cc2ccccc2Sc2ccccc21,CN(C)CCCN1c2ccccc2CCc2ccc(Cl)cc21,1,c1ccc2c(c1)CCc1ccccc1N2,0.32316715542522,0,0.4227165044264902
CN(C)CCOC1=Cc2ccccc2Sc2ccc(Cl)cc21,0,C1=Cc2ccccc2Sc2ccccc21,CN(C)CCOC(c1ccccc1)c1ccccc1,1,c1ccc(Cc2ccccc2)cc1,0.3172557172557172,0,0.4622778633074395
Cc1noc(NS(=O)(=O)c2ccc(N)cc2)c1C,1,O=S(=O)(Nc1ccno1)c1ccccc1,Nc1ccc(S(=O)(=O)c2ccc(N)cc2)cc1,1,O=S(=O)(c1ccccc1)c1ccccc1,0.36388888888888893,1,0.9855531378025972
Cc1noc(NS(=O)(=O)c2ccc(N)cc2)c1C,1,O=S(=O)(Nc1ccno1)c1ccccc1,Cc1onc(-c2ccccc2)c1-c1ccc(S(N)(=O)=O)cc1,1,c1ccc(-c2conc2-c2ccccc2)cc1,0.2930817610062893,1,0.9963106886095441
Cc1noc(NS(=O)(=O)c2ccc(N)cc2)c1C,1,O=S(=O)(Nc1ccno1)c1ccccc1,CCCCNC(=O)NS(=O)(=O)c1ccc(C)cc1,1,c1ccccc1,0.24860736747529202,1,0.9959523854406317
Cc1noc(NS(=O)(=O)c2ccc(N)cc2)c1C,1,O=S(=O)(Nc1ccno1)c1ccccc1,O=C(O)c1cc(/N=N/c2ccc(S(=O)(=O)Nc3ccccn3)cc2)ccc1O,1,O=S(=O)(Nc1ccccn1)c1ccc(N=Nc2ccccc2)cc1,0.24603174603174602,1,0.9993546145187265
Cc1ccccc1N1C(=O)c2cc(S(N)(=O)=O)c(Cl)cc2NC1C,1,O=C1c2ccccc2NCN1c1ccccc1,NS(=O)(=O)c1cc2c(cc1Cl)NCNS2(=O)=O,1,O=S1(=O)NCNc2ccccc21,0.3666666666666667,1,0.9965021330090945
Cc1ccccc1N1C(=O)c2cc(S(N)(=O)=O)c(Cl)cc2NC1C,1,O=C1c2ccccc2NCN1c1ccccc1,Cc1cccc(C)c1NC(=O)c1cc(S(N)(=O)=O)c(Cl)cc1O,1,O=C(Nc1ccccc1)c1ccccc1,0.35853174603174603,1,0.9890263575459729
Cc1ccccc1N1C(=O)c2cc(S(N)(=O)=O)c(Cl)cc2NC1C,1,O=C1c2ccccc2NCN1c1ccccc1,NS(=O)(=O)c1cc2c(cc1Cl)NC(CC1CCCC1)NS2(=O)=O,1,O=S1(=O)NC(CC2CCCC2)Nc2ccccc21,0.3309782608695653,1,0.9883212361799802
Cc1ccccc1N1C(=O)c2cc(S(N)(=O)=O)c(Cl)cc2NC1C,1,O=C1c2ccccc2NCN1c1ccccc1,NS(=O)(=O)c1cc(C(=O)O)c(NCc2ccco2)cc1Cl,1,c1ccc(NCc2ccco2)cc1,0.2678571428571429,1,0.9903833724040362
O=C(c1ccccc1)c1ccc2n1CCC2C(=O)O,1,O=C(c1ccccc1)c1ccc2n1CCC2,CC(C(=O)O)c1cccc(C(=O)c2ccccc2)c1,1,O=C(c1ccccc1)c1ccccc1,0.3138095238095238,1,0.9460715370207684
O=C(c1ccccc1)c1ccc2n1CCC2C(=O)O,1,O=C(c1ccccc1)c1ccc2n1CCC2,Nc1c(CC(=O)O)cccc1C(=O)c1ccc(Br)cc1,1,O=C(c1ccccc1)c1ccccc1,0.2412121212121212,1,0.9925003823155684
O=C(c1ccccc1)c1ccc2n1CCC2C(=O)O,1,O=C(c1ccccc1)c1ccc2n1CCC2,O=C(O)CCC(=O)c1ccc(-c2ccccc2)cc1,1,c1ccc(-c2ccccc2)cc1,0.24021276595744684,1,0.9614165949863082
O=C(c1ccccc1)c1ccc2n1CCC2C(=O)O,1,O=C(c1ccccc1)c1ccc2n1CCC2,CCOC(=O)[C@H](CCc1ccccc1)N[C@@H](C)C(=O)N1CCC[C@H]1C(=O)O,1,O=C(CNCCCc1ccccc1)N1CCCC1,0.24016758313694686,1,0.9597396591590308
CC(C)(C)NC[C@H](O)COc1ccccc1C1CCCC1,1,c1ccc(C2CCCC2)cc1,CC(C)(C)NCC(O)COc1cccc2c1C[C@H](O)[C@H](O)C2,1,c1ccc2c(c1)CCCC2,0.5782763895971443,1,0.9659912663456566
CC(C)(C)NC[C@H](O)COc1ccccc1C1CCCC1,1,c1ccc(C2CCCC2)cc1,CC(C)(C)NCC(O)COc1cccc2c1CCC(=O)N2,1,O=C1CCc2ccccc2N1,0.511164274322169,1,0.9825371958126637
CC(C)(C)NC[C@H](O)COc1ccccc1C1CCCC1,1,c1ccc(C2CCCC2)cc1,C=CCOc1ccccc1OCC(O)CNC(C)C,1,c1ccccc1,0.42592592592592593,1,0.8577608013294079
CC(C)(C)NC[C@H](O)COc1ccccc1C1CCCC1,1,c1ccc(C2CCCC2)cc1,CCN(CC)C(=O)Nc1ccc(OCC(O)CNC(C)(C)C)c(C(C)=O)c1,1,c1ccccc1,0.4238432961837217,1,0.9307456962169367
CCC1(c2ccccc2)C(=O)NCNC1=O,1,O=C1NCNC(=O)C1c1ccccc1,CCC1(c2ccccc2)C(=O)NC(=O)NC1=O,1,O=C1NC(=O)C(c2ccccc2)C(=O)N1,0.6919354838709677,1,0.9936136221643709
CCC1(c2ccccc2)C(=O)NCNC1=O,1,O=C1NCNC(=O)C1c1ccccc1,O=C1NC(=O)C(c2ccccc2)(c2ccccc2)N1,1,O=C1NC(=O)C(c2ccccc2)(c2ccccc2)N1,0.36475095785440614,1,0.9916964831405827
CCC1(c2ccccc2)C(=O)NCNC1=O,1,O=C1NCNC(=O)C1c1ccccc1,CCOC(=O)C1(c2ccccc2)CCN(C)CC1,1,c1ccc(C2CCNCC2)cc1,0.3068693009118541,1,0.868258583133874
CCC1(c2ccccc2)C(=O)NCNC1=O,1,O=C1NCNC(=O)C1c1ccccc1,CCC(=O)C1(c2cccc(O)c2)CCN(C)CC1,1,c1ccc(C2CCNCC2)cc1,0.27115789473684215,1,0.8911104412626046
c1ccc(C2(c3ccccc3)CC2C2=NCCN2)cc1,1,c1ccc(C2(c3ccccc3)CC2C2=NCCN2)cc1,Clc1cccc(Cl)c1NC1=NCCN1,1,c1ccc(NC2=NCCN2)cc1,0.29597597597597597,1,0.9774331189506476
c1ccc(C2(c3ccccc3)CC2C2=NCCN2)cc1,1,c1ccc(C2(c3ccccc3)CC2C2=NCCN2)cc1,CCC1(c2ccccc2)C(=O)NCNC1=O,1,O=C1NCNC(=O)C1c1ccccc1,0.2554385964912281,1,0.9943598948302919
c1ccc(C2(c3ccccc3)CC2C2=NCCN2)cc1,1,c1ccc(C2(c3ccccc3)CC2C2=NCCN2)cc1,O=C1NC(=O)C(c2ccccc2)(c2ccccc2)N1,1,O=C1NC(=O)C(c2ccccc2)(c2ccccc2)N1,0.2283140283140283,1,0.9961810917130257
c1ccc(C2(c3ccccc3)CC2C2=NCCN2)cc1,1,c1ccc(C2(c3ccccc3)CC2C2=NCCN2)cc1,c1ccc(C2(N3CCCCC3)CCCCC2)cc1,1,c1ccc(C2(N3CCCCC3)CCCCC2)cc1,0.2207070707070707,1,0.9791125383176167
NC(=O)N1c2ccccc2C=Cc2ccccc21,1,C1=Cc2ccccc2Nc2ccccc21,NC(=O)N1c2ccccc2CC(=O)c2ccccc21,1,O=C1Cc2ccccc2Nc2ccccc21,0.4925675675675676,1,0.9039025171044085
NC(=O)N1c2ccccc2C=Cc2ccccc21,1,C1=Cc2ccccc2Nc2ccccc21,NC(=O)OCC(COC(N)=O)c1ccccc1,1,c1ccccc1,0.2874493927125506,1,0.959011411000666
NC(=O)N1c2ccccc2C=Cc2ccccc21,1,C1=Cc2ccccc2Nc2ccccc21,CNCCCC1c2ccccc2C=Cc2ccccc21,1,C1=Cc2ccccc2Cc2ccccc21,0.25,1,0.9343559937995152
NC(=O)N1c2ccccc2C=Cc2ccccc21,1,C1=Cc2ccccc2Nc2ccccc21,Cc1cccc(C)c1NC(=O)C(C)N,1,c1ccccc1,0.231959629941127,1,0.9798483566252937
CCOc1ccc(/C=C2\NCCc3cc(OCC)c(OCC)cc32)cc1OCC,1,C(=C1NCCc2ccccc21)c1ccccc1,CCOc1ccccc1OCC1CNCCO1,1,c1ccc(OCC2CNCCO2)cc1,0.30148448043184883,1,0.8677306962869356
CCOc1ccc(/C=C2\NCCc3cc(OCC)c(OCC)cc32)cc1OCC,1,C(=C1NCCc2ccccc21)c1ccccc1,CCOc1ccccc1OCCN[C@H](C)Cc1ccc(OC)c(S(N)(=O)=O)c1,1,c1ccc(CCNCCOc2ccccc2)cc1,0.24492753623188407,1,0.8646592633885785
CCOc1ccc(/C=C2\NCCc3cc(OCC)c(OCC)cc32)cc1OCC,1,C(=C1NCCc2ccccc21)c1ccccc1,CCCc1nn(C)c2c(=O)[nH]c(-c3cc(S(=O)(=O)N4CCN(C)CC4)ccc3OCC)nc12,1,O=c1[nH]c(-c2cccc(S(=O)(=O)N3CCNCC3)c2)nc2cn[nH]c12,0.21835748792270532,1,0.9945179660104284
CCOc1ccc(/C=C2\NCCc3cc(OCC)c(OCC)cc32)cc1OCC,1,C(=C1NCCc2ccccc21)c1ccccc1,CCOc1ccc(NC(C)=O)cc1,1,c1ccccc1,0.20604288499025342,1,0.847531937839282
CN(Cc1cnc2nc(N)nc(N)c2n1)c1ccc(C(=O)N[C@@H](CCC(=O)O)C(=O)O)cc1,1,c1ccc(NCc2cnc3ncncc3n2)cc1,Nc1nc(N)c2nc(-c3ccccc3)c(N)nc2n1,1,c1ccc(-c2cnc3ncncc3n2)cc1,0.2660019940179462,1,0.9966608854730461
CN(Cc1cnc2nc(N)nc(N)c2n1)c1ccc(C(=O)N[C@@H](CCC(=O)O)C(=O)O)cc1,1,c1ccc(NCc2cnc3ncncc3n2)cc1,COc1ccc(OC)c(Cc2cnc3nc(N)nc(N)c3c2C)c1,1,c1ccc(Cc2cnc3ncncc3c2)cc1,0.23113006396588487,1,0.9568011043926531
CN(Cc1cnc2nc(N)nc(N)c2n1)c1ccc(C(=O)N[C@@H](CCC(=O)O)C(=O)O)cc1,1,c1ccc(NCc2cnc3ncncc3n2)cc1,Cn1c(CCCC(=O)O)nc2cc(N(CCCl)CCCl)ccc21,1,c1ccc2[nH]cnc2c1,0.22941176470588237,1,0.9934034038219254
CN(Cc1cnc2nc(N)nc(N)c2n1)c1ccc(C(=O)N[C@@H](CCC(=O)O)C(=O)O)cc1,1,c1ccc(NCc2cnc3ncncc3n2)cc1,O=C(O)CCC(=O)c1ccc(-c2ccccc2)cc1,1,c1ccc(-c2ccccc2)cc1,0.2233265720081136,1,0.9495068244652894
NC[C@@H]1O[C@H](O[C@H]2[C@@H](O)[C@H](O[C@@H]3[C@@H](O)[C@H](N)C[C@H](N)[C@H]3O[C@H]3O[C@H](CO)[C@@H](O)[C@H](O)[C@H]3N)O[C@@H]2CO)[C@H](N)[C@@H](O)[C@@H]1O,0,C1CCC(OC2COC(OC3CCCCC3OC3CCCCO3)C2)OC1,N[C@H]1C(O)O[C@H](CO)[C@@H](O)[C@@H]1O,1,C1CCOCC1,0.3789855072463768,0,0.00039977700168033223
NC[C@@H]1O[C@H](O[C@H]2[C@@H](O)[C@H](O[C@@H]3[C@@H](O)[C@H](N)C[C@H](N)[C@H]3O[C@H]3O[C@H](CO)[C@@H](O)[C@H](O)[C@H]3N)O[C@@H]2CO)[C@H](N)[C@@H](O)[C@@H]1O,0,C1CCC(OC2COC(OC3CCCCC3OC3CCCCO3)C2)OC1,NC(=O)c1ncn([C@@H]2O[C@H](CO)[C@@H](O)[C@H]2O)n1,1,c1ncn(C2CCCO2)n1,0.21846153846153848,0,7.455343809460946e-05
NC[C@@H]1O[C@H](O[C@H]2[C@@H](O)[C@H](O[C@@H]3[C@@H](O)[C@H](N)C[C@H](N)[C@H]3O[C@H]3O[C@H](CO)[C@@H](O)[C@H](O)[C@H]3N)O[C@@H]2CO)[C@H](N)[C@@H](O)[C@@H]1O,0,C1CCC(OC2COC(OC3CCCCC3OC3CCCCO3)C2)OC1,OC[C@@H]1O[C@@](O)(CO)[C@H](O)[C@H]1O,1,C1CCOC1,0.2076076076076076,0,4.6688706894924965e-05
NC[C@@H]1O[C@H](O[C@H]2[C@@H](O)[C@H](O[C@@H]3[C@@H](O)[C@H](N)C[C@H](N)[C@H]3O[C@H]3O[C@H](CO)[C@@H](O)[C@H](O)[C@H]3N)O[C@@H]2CO)[C@H](N)[C@@H](O)[C@@H]1O,0,C1CCC(OC2COC(OC3CCCCC3OC3CCCCO3)C2)OC1,CN(N=O)C(=O)N[C@@H]1[C@@H](O)[C@H](O)[C@@H](CO)O[C@@H]1O,1,C1CCOCC1,0.20739795918367349,0,0.00017929142182764458
Cc1cn([C@H]2C=C[C@@H](CO)O2)c(=O)[nH]c1=O,1,O=c1ccn(C2C=CCO2)c(=O)[nH]1,Cc1cn([C@H]2C[C@H](N=[N+]=[N-])[C@@H](CO)O2)c(=O)[nH]c1=O,1,O=c1ccn(C2CCCO2)c(=O)[nH]1,0.5037632135306553,1,0.9379050179502789
Cc1cn([C@H]2C=C[C@@H](CO)O2)c(=O)[nH]c1=O,1,O=c1ccn(C2C=CCO2)c(=O)[nH]1,O=c1nc[nH]c2c1ncn2[C@H]1CC[C@@H](CO)O1,1,O=c1nc[nH]c2c1ncn2C1CCCO1,0.2582597730138714,1,0.974105779407324
Cc1cn([C@H]2C=C[C@@H](CO)O2)c(=O)[nH]c1=O,1,O=c1ccn(C2C=CCO2)c(=O)[nH]1,Nc1ccn([C@H]2CC[C@@H](CO)O2)c(=O)n1,1,O=c1ncccn1C1CCCO1,0.25432793807178045,1,0.9626565934094846
Cc1cn([C@H]2C=C[C@@H](CO)O2)c(=O)[nH]c1=O,1,O=c1ccn(C2C=CCO2)c(=O)[nH]1,Nc1ccn([C@@H]2CS[C@H](CO)O2)c(=O)n1,1,O=c1ncccn1C1CSCO1,0.21664564943253467,1,0.9559946892126618
CC(C)(C)NCC(O)COc1cccc2c1C[C@H](O)[C@H](O)C2,1,c1ccc2c(c1)CCCC2,CC(C)(C)NC[C@H](O)COc1ccccc1C1CCCC1,1,c1ccc(C2CCCC2)cc1,0.5782763895971443,1,0.7137625170012024
CC(C)(C)NCC(O)COc1cccc2c1C[C@H](O)[C@H](O)C2,1,c1ccc2c(c1)CCCC2,CC(C)(C)NCC(O)COc1cccc2c1CCC(=O)N2,1,O=C1CCc2ccccc2N1,0.5637873754152825,1,0.9730601942958018
CC(C)(C)NCC(O)COc1cccc2c1C[C@H](O)[C@H](O)C2,1,c1ccc2c(c1)CCCC2,CCN(CC)C(=O)Nc1ccc(OCC(O)CNC(C)(C)C)c(C(C)=O)c1,1,c1ccccc1,0.4098199672667758,1,0.9057677126296458
CC(C)(C)NCC(O)COc1cccc2c1C[C@H](O)[C@H](O)C2,1,c1ccc2c(c1)CCCC2,CC(C)(Cc1c[nH]c2ccccc12)NCC(O)COc1ccccc1C#N,1,c1ccc(OCCCNCCc2c[nH]c3ccccc23)cc1,0.39597752144335996,1,0.8622290054958611
O=C(NCCN1CCOCC1)c1ccc(Cl)cc1,1,O=C(NCCN1CCOCC1)c1ccccc1,CC(C)(Oc1ccc(CCNC(=O)c2ccc(Cl)cc2)cc1)C(=O)O,1,O=C(NCCc1ccccc1)c1ccccc1,0.3880632411067194,1,0.9156511148646465
O=C(NCCN1CCOCC1)c1ccc(Cl)cc1,1,O=C(NCCN1CCOCC1)c1ccccc1,CCN(CC)CCNC(=O)c1ccc(N)cc1,1,c1ccccc1,0.3641081081081081,1,0.9816832795841833
O=C(NCCN1CCOCC1)c1ccc(Cl)cc1,1,O=C(NCCN1CCOCC1)c1ccccc1,O=C(CCCN1CCC(O)(c2ccc(Cl)cc2)CC1)c1ccc(F)cc1,1,O=C(CCCN1CCC(c2ccccc2)CC1)c1ccccc1,0.35878889823381,1,0.8163095169374234
O=C(NCCN1CCOCC1)c1ccc(Cl)cc1,1,O=C(NCCN1CCOCC1)c1ccccc1,C[C@H](CN1CCOCC1)C(C(=O)N1CCCC1)(c1ccccc1)c1ccccc1,1,O=C(N1CCCC1)C(CCN1CCOCC1)(c1ccccc1)c1ccccc1,0.30323574730354397,1,0.9771102399580316
CC1(C)S[C@@H]2[C@H](N=CN3CCCCCC3)C(=O)N2[C@H]1C(=O)O,0,O=C1C(N=CN2CCCCCC2)C2SCCN12,CC1(C)S[C@@H]2[C@H](NC(=O)[C@H](N)c3ccccc3)C(=O)N2[C@H]1C(=O)O,1,O=C(Cc1ccccc1)NC1C(=O)N2CCSC12,0.40334055057222395,0,0.12152177326983236
CC1(C)S[C@@H]2[C@H](N=CN3CCCCCC3)C(=O)N2[C@H]1C(=O)O,0,O=C1C(N=CN2CCCCCC2)C2SCCN12,CC1(C)S[C@@H]2[C@H](NC(=O)[C@H](N=[N+]=[N-])c3ccccc3)C(=O)N2[C@H]1C(=O)O,1,O=C(Cc1ccccc1)NC1C(=O)N2CCSC12,0.3901515151515152,0,0.24209231256762673
CC1(C)S[C@@H]2[C@H](N=CN3CCCCCC3)C(=O)N2[C@H]1C(=O)O,0,O=C1C(N=CN2CCCCCC2)C2SCCN12,CC1(C)S[C@@H]2[C@H](NC(=O)[C@H](N)c3ccc(O)cc3)C(=O)N2[C@H]1C(=O)O,1,O=C(Cc1ccccc1)NC1C(=O)N2CCSC12,0.37500000000000006,0,0.15688169734301086
CC1(C)S[C@@H]2[C@H](N=CN3CCCCCC3)C(=O)N2[C@H]1C(=O)O,0,O=C1C(N=CN2CCCCCC2)C2SCCN12,Cc1onc(-c2ccccc2)c1C(=O)N[C@@H]1C(=O)N2[C@@H]1SC(C)(C)[C@@H]2C(=O)O,1,O=C(NC1C(=O)N2CCSC12)c1conc1-c1ccccc1,0.37254901960784315,0,0.3761751389975823
Cn1c(=O)c2c(ncn2C)n(C)c1=O,1,O=c1[nH]c(=O)c2[nH]cnc2[nH]1,CC(O)Cn1cnc2c1c(=O)n(C)c(=O)n2C,1,O=c1[nH]c(=O)c2[nH]cnc2[nH]1,0.5821052631578948,1,0.8953980220330062
Cn1c(=O)c2c(ncn2C)n(C)c1=O,1,O=c1[nH]c(=O)c2[nH]cnc2[nH]1,CC(=O)CCCCn1c(=O)c2c(ncn2C)n(C)c1=O,1,O=c1[nH]c(=O)c2[nH]cnc2[nH]1,0.5565410199556542,1,0.9108825427365292
Cn1c(=O)c2c(ncn2C)n(C)c1=O,1,O=c1[nH]c(=O)c2[nH]cnc2[nH]1,Cn1c(=O)c2[nH]cnc2n(C)c1=O,1,O=c1[nH]c(=O)c2[nH]cnc2[nH]1,0.45321428571428574,1,0.953580646531563
Cn1c(=O)c2c(ncn2C)n(C)c1=O,1,O=c1[nH]c(=O)c2[nH]cnc2[nH]1,Cn1nnc2c(C(N)=O)ncn2c1=O,1,O=c1[nH]nnc2cncn12,0.26333333333333336,1,0.9830571435282284
CC(=O)CCCCn1c(=O)c2c(ncn2C)n(C)c1=O,1,O=c1[nH]c(=O)c2[nH]cnc2[nH]1,Cn1c(=O)c2c(ncn2C)n(C)c1=O,1,O=c1[nH]c(=O)c2[nH]cnc2[nH]1,0.5565410199556542,1,0.991639140128348
CC(=O)CCCCn1c(=O)c2c(ncn2C)n(C)c1=O,1,O=c1[nH]c(=O)c2[nH]cnc2[nH]1,CC(O)Cn1cnc2c1c(=O)n(C)c(=O)n2C,1,O=c1[nH]c(=O)c2[nH]cnc2[nH]1,0.4205128205128205,1,0.9733251581183832
CC(=O)CCCCn1c(=O)c2c(ncn2C)n(C)c1=O,1,O=c1[nH]c(=O)c2[nH]cnc2[nH]1,Cn1c(=O)c2[nH]cnc2n(C)c1=O,1,O=c1[nH]c(=O)c2[nH]cnc2[nH]1,0.2844651162790698,1,0.9901078625457881
CC(=O)CCCCn1c(=O)c2c(ncn2C)n(C)c1=O,1,O=c1[nH]c(=O)c2[nH]cnc2[nH]1,Cn1nnc2c(C(N)=O)ncn2c1=O,1,O=c1[nH]nnc2cncn12,0.2448979591836735,1,0.9965796320160673
Cn1c(=O)c2[nH]cnc2n(C)c1=O,1,O=c1[nH]c(=O)c2[nH]cnc2[nH]1,Cn1c(=O)c2c(ncn2C)n(C)c1=O,1,O=c1[nH]c(=O)c2[nH]cnc2[nH]1,0.45321428571428574,1,0.9730658944801881
Cn1c(=O)c2[nH]cnc2n(C)c1=O,1,O=c1[nH]c(=O)c2[nH]cnc2[nH]1,CC(O)Cn1cnc2c1c(=O)n(C)c(=O)n2C,1,O=c1[nH]c(=O)c2[nH]cnc2[nH]1,0.36270396270396277,1,0.9281875694976156
Cn1c(=O)c2[nH]cnc2n(C)c1=O,1,O=c1[nH]c(=O)c2[nH]cnc2[nH]1,CC(=O)CCCCn1c(=O)c2c(ncn2C)n(C)c1=O,1,O=c1[nH]c(=O)c2[nH]cnc2[nH]1,0.2844651162790698,1,0.9371338368092859
Cn1c(=O)c2[nH]cnc2n(C)c1=O,1,O=c1[nH]c(=O)c2[nH]cnc2[nH]1,Cn1cnc([N+](=O)[O-])c1Sc1ncnc2nc[nH]c12,1,c1nc(Sc2cnc[nH]2)c2[nH]cnc2n1,0.2755892255892256,1,0.8277142308621819
CC(O)Cn1cnc2c1c(=O)n(C)c(=O)n2C,1,O=c1[nH]c(=O)c2[nH]cnc2[nH]1,Cn1c(=O)c2c(ncn2C)n(C)c1=O,1,O=c1[nH]c(=O)c2[nH]cnc2[nH]1,0.5821052631578948,1,0.9723041003734801
CC(O)Cn1cnc2c1c(=O)n(C)c(=O)n2C,1,O=c1[nH]c(=O)c2[nH]cnc2[nH]1,CC(=O)CCCCn1c(=O)c2c(ncn2C)n(C)c1=O,1,O=c1[nH]c(=O)c2[nH]cnc2[nH]1,0.4205128205128205,1,0.9215494581579722
CC(O)Cn1cnc2c1c(=O)n(C)c(=O)n2C,1,O=c1[nH]c(=O)c2[nH]cnc2[nH]1,Cn1c(=O)c2[nH]cnc2n(C)c1=O,1,O=c1[nH]c(=O)c2[nH]cnc2[nH]1,0.36270396270396277,1,0.9734603181355924
CC(O)Cn1cnc2c1c(=O)n(C)c(=O)n2C,1,O=c1[nH]c(=O)c2[nH]cnc2[nH]1,C[C@H](Cn1cnc2c(N)ncnc21)OCP(=O)(O)O,1,c1ncc2nc[nH]c2n1,0.26933333333333337,1,0.7546349878263511
CC[C@H]1OC(=O)[C@H](C)C(=O)[C@H](C)[C@@H](O[C@@H]2O[C@H](C)C[C@H](N(C)C)[C@H]2O)[C@](C)(OC)C[C@@H](C)C(=O)[C@H](C)[C@H]2N(CCCCn3cnc(-c4cccnc4)c3)C(=O)O[C@]12C,1,O=C1CC(=O)OCC2OC(=O)N(CCCCn3cnc(-c4cccnc4)c3)C2CC(=O)CCCC(OC2CCCCO2)C1,CC[C@H]1OC(=O)[C@H](C)[C@@H](O[C@H]2C[C@@](C)(OC)[C@@H](O)[C@H](C)O2)[C@H](C)[C@@H](O[C@@H]2O[C@H](C)C[C@H](N(C)C)[C@H]2O)[C@](C)(OC)C[C@@H](C)C(=O)[C@H](C)[C@@H](O)[C@]1(C)O,1,O=C1CCCCOC(=O)CC(OC2CCCCO2)CC(OC2CCCCO2)CCC1,0.4406130268199234,1,0.9773275648313366
CC[C@H]1OC(=O)[C@H](C)C(=O)[C@H](C)[C@@H](O[C@@H]2O[C@H](C)C[C@H](N(C)C)[C@H]2O)[C@](C)(OC)C[C@@H](C)C(=O)[C@H](C)[C@H]2N(CCCCn3cnc(-c4cccnc4)c3)C(=O)O[C@]12C,1,O=C1CC(=O)OCC2OC(=O)N(CCCCn3cnc(-c4cccnc4)c3)C2CC(=O)CCCC(OC2CCCCO2)C1,CC[C@H]1OC(=O)[C@H](C)[C@@H](O[C@H]2C[C@@](C)(OC)[C@@H](O)[C@H](C)O2)[C@H](C)[C@@H](O[C@@H]2O[C@H](C)C[C@H](N(C)C)[C@H]2O)[C@](C)(O)C[C@@H](C)C(=O)[C@H](C)[C@@H](O)[C@]1(C)O,1,O=C1CCCCOC(=O)CC(OC2CCCCO2)CC(OC2CCCCO2)CCC1,0.4147058823529412,1,0.9757978721147234
CC[C@H]1OC(=O)[C@H](C)C(=O)[C@H](C)[C@@H](O[C@@H]2O[C@H](C)C[C@H](N(C)C)[C@H]2O)[C@](C)(OC)C[C@@H](C)C(=O)[C@H](C)[C@H]2N(CCCCn3cnc(-c4cccnc4)c3)C(=O)O[C@]12C,1,O=C1CC(=O)OCC2OC(=O)N(CCCCn3cnc(-c4cccnc4)c3)C2CC(=O)CCCC(OC2CCCCO2)C1,CC[C@H]1OC(=O)[C@H](C)[C@@H](O[C@H]2C[C@@](C)(OC)[C@@H](O)[C@H](C)O2)[C@H](C)[C@@H](O[C@@H]2O[C@H](C)C[C@H](N(C)C)[C@H]2O)[C@](C)(O)C[C@@H](C)CN(C)[C@H](C)[C@@H](O)[C@]1(C)O,1,O=C1CC(OC2CCCCO2)CC(OC2CCCCO2)CCCCNCCCCO1,0.37294372294372297,1,0.9575207130725026
CC[C@H]1OC(=O)[C@H](C)C(=O)[C@H](C)[C@@H](O[C@@H]2O[C@H](C)C[C@H](N(C)C)[C@H]2O)[C@](C)(OC)C[C@@H](C)C(=O)[C@H](C)[C@H]2N(CCCCn3cnc(-c4cccnc4)c3)C(=O)O[C@]12C,1,O=C1CC(=O)OCC2OC(=O)N(CCCCn3cnc(-c4cccnc4)c3)C2CC(=O)CCCC(OC2CCCCO2)C1,CO[C@@H]1[C@@H](O[C@@H]2O[C@H](C)[C@@H](O[C@H]3C[C@@](C)(O)[C@@H](O)[C@H](C)O3)[C@H](N(C)C)[C@H]2O)[C@@H](CC=O)C[C@@H](C)[C@@H](O[C@H]2CC[C@H](N(C)C)[C@H](C)O2)/C=C/C=C/C[C@@H](C)OC(=O)C[C@H]1O,1,O=C1CCCC(OC2CCC(OC3CCCCO3)CO2)CCCC(OC2CCCCO2)C=CC=CCCO1,0.20788315326130452,1,0.9502311932897717
N[C@H]1C(O)O[C@H](CO)[C@@H](O)[C@@H]1O,1,C1CCOCC1,CN(N=O)C(=O)N[C@@H]1[C@@H](O)[C@H](O)[C@@H](CO)O[C@@H]1O,1,C1CCOCC1,0.3691535150645624,1,0.9034805611193282
N[C@H]1C(O)O[C@H](CO)[C@@H](O)[C@@H]1O,1,C1CCOCC1,OC[C@@H]1O[C@@](O)(CO)[C@H](O)[C@H]1O,1,C1CCOC1,0.3340909090909091,1,0.8927225319035584
N[C@H]1C(O)O[C@H](CO)[C@@H](O)[C@@H]1O,1,C1CCOCC1,NC(=O)c1ncn([C@@H]2O[C@H](CO)[C@@H](O)[C@H]2O)n1,1,c1ncn(C2CCCO2)n1,0.30954545454545457,1,0.7733801261963762
N[C@H]1C(O)O[C@H](CO)[C@@H](O)[C@@H]1O,1,C1CCOCC1,Nc1nc(F)nc2c1ncn2[C@@H]1O[C@H](CO)[C@@H](O)[C@@H]1O,1,c1ncc2ncn(C3CCCO3)c2n1,0.30454545454545456,1,0.882943809159668
CN(N=O)C(=O)N[C@@H]1[C@@H](O)[C@H](O)[C@@H](CO)O[C@@H]1O,1,C1CCOCC1,N[C@H]1C(O)O[C@H](CO)[C@@H](O)[C@@H]1O,1,C1CCOCC1,0.3691535150645624,1,0.9164564042194625
CN(N=O)C(=O)N[C@@H]1[C@@H](O)[C@H](O)[C@@H](CO)O[C@@H]1O,1,C1CCOCC1,NC(=O)c1ncn([C@@H]2O[C@H](CO)[C@@H](O)[C@H]2O)n1,1,c1ncn(C2CCCO2)n1,0.2838905775075988,1,0.8059296472500175
CN(N=O)C(=O)N[C@@H]1[C@@H](O)[C@H](O)[C@@H](CO)O[C@@H]1O,1,C1CCOCC1,OC[C@@H]1O[C@@](O)(CO)[C@H](O)[C@H]1O,1,C1CCOC1,0.23687943262411348,1,0.9190143933667813
CN(N=O)C(=O)N[C@@H]1[C@@H](O)[C@H](O)[C@@H](CO)O[C@@H]1O,1,C1CCOCC1,Nc1nc(F)nc2c1ncn2[C@@H]1O[C@H](CO)[C@@H](O)[C@@H]1O,1,c1ncc2ncn(C3CCCO3)c2n1,0.21851851851851853,1,0.8556731411793832
CC[P](CC)(CC)=[Au][S][C@@H]1O[C@H](COC(C)=O)[C@@H](OC(C)=O)[C@H](OC(C)=O)[C@H]1OC(C)=O,0,C1CCOCC1,CC1(C)O[C@@H]2[C@@H](CO[C@@]3(COS(N)(=O)=O)OC(C)(C)O[C@@H]23)O1,1,C1OC2COC3OCOC3C2O1,0.15691119691119693,0,0.01410443898805264
CC[P](CC)(CC)=[Au][S][C@@H]1O[C@H](COC(C)=O)[C@@H](OC(C)=O)[C@H](OC(C)=O)[C@H]1OC(C)=O,0,C1CCOCC1,C[C@@H]1O[C@@H]1P(=O)(O)O,1,C1CO1,0.15666666666666668,0,0.00109147276854812
CC[P](CC)(CC)=[Au][S][C@@H]1O[C@H](COC(C)=O)[C@@H](OC(C)=O)[C@H](OC(C)=O)[C@H]1OC(C)=O,0,C1CCOCC1,CCOC(=O)C1(c2ccccc2)CCN(C)CC1,1,c1ccc(C2CCNCC2)cc1,0.15640243902439024,0,0.010835620243059212
CC[P](CC)(CC)=[Au][S][C@@H]1O[C@H](COC(C)=O)[C@@H](OC(C)=O)[C@H](OC(C)=O)[C@H]1OC(C)=O,0,C1CCOCC1,CC(=O)OCC(CCn1cnc2cnc(N)nc21)COC(C)=O,1,c1ncc2nc[nH]c2n1,0.15111111111111114,0,0.039618355843234525
Oc1c(Cl)cc(Cl)c2cccnc12,1,c1ccc2ncccc2c1,COc1cc(NC(C)CCCN)c2ncccc2c1,1,c1ccc2ncccc2c1,0.21425438596491228,1,0.9771562283446374
Oc1c(Cl)cc(Cl)c2cccnc12,1,c1ccc2ncccc2c1,CCN(CCO)CCCC(C)Nc1ccnc2cc(Cl)ccc12,1,c1ccc2ncccc2c1,0.20728291316526612,1,0.9365633390527909
Oc1c(Cl)cc(Cl)c2cccnc12,1,c1ccc2ncccc2c1,CCN(CC)CCCC(C)Nc1ccnc2cc(Cl)ccc12,1,c1ccc2ncccc2c1,0.20447169130905157,1,0.9265922449889014
Oc1c(Cl)cc(Cl)c2cccnc12,1,c1ccc2ncccc2c1,CN(C)CCC(c1ccc(Cl)cc1)c1ccccn1,1,c1ccc(Cc2ccccn2)cc1,0.20231729055258468,1,0.9247572162702624
CCN(CCO)CCCC(C)Nc1ccnc2cc(Cl)ccc12,1,c1ccc2ncccc2c1,CCN(CC)CCCC(C)Nc1ccnc2cc(Cl)ccc12,1,c1ccc2ncccc2c1,0.8641904761904763,1,0.9617500164846683
CCN(CCO)CCCC(C)Nc1ccnc2cc(Cl)ccc12,1,c1ccc2ncccc2c1,COc1cc(NC(C)CCCN)c2ncccc2c1,1,c1ccc2ncccc2c1,0.29118773946360155,1,0.9614016448781528
CCN(CCO)CCCC(C)Nc1ccnc2cc(Cl)ccc12,1,c1ccc2ncccc2c1,CN(C)CCC(c1ccc(Cl)cc1)c1ccccn1,1,c1ccc(Cc2ccccn2)cc1,0.24894957983193278,1,0.9266810890975308
CCN(CCO)CCCC(C)Nc1ccnc2cc(Cl)ccc12,1,c1ccc2ncccc2c1,OCCN1CCN(CCCN2c3ccccc3Sc3ccc(Cl)cc32)CC1,1,c1ccc2c(c1)Sc1ccccc1N2CCCN1CCNCC1,0.21331168831168834,1,0.8934584897728054
CCN(CC)CCCC(C)Nc1ccnc2cc(Cl)ccc12,1,c1ccc2ncccc2c1,CCN(CCO)CCCC(C)Nc1ccnc2cc(Cl)ccc12,1,c1ccc2ncccc2c1,0.8641904761904763,1,0.9759464896126214
CCN(CC)CCCC(C)Nc1ccnc2cc(Cl)ccc12,1,c1ccc2ncccc2c1,COc1cc(NC(C)CCCN)c2ncccc2c1,1,c1ccc2ncccc2c1,0.3142776682624613,1,0.991782615965013
CCN(CC)CCCC(C)Nc1ccnc2cc(Cl)ccc12,1,c1ccc2ncccc2c1,CN(C)CCC(c1ccc(Cl)cc1)c1ccccn1,1,c1ccc(Cc2ccccn2)cc1,0.2698412698412698,1,0.9466568055835806
CCN(CC)CCCC(C)Nc1ccnc2cc(Cl)ccc12,1,c1ccc2ncccc2c1,CCN(CC)CCNC(=O)c1cc(Cl)c(N)cc1OC,1,c1ccccc1,0.2188861985472155,1,0.9013587529585275
COc1cc(NC(C)CCCN)c2ncccc2c1,1,c1ccc2ncccc2c1,CCN(CC)CCCC(C)Nc1ccnc2cc(Cl)ccc12,1,c1ccc2ncccc2c1,0.3142776682624613,1,0.9899294210917543
COc1cc(NC(C)CCCN)c2ncccc2c1,1,c1ccc2ncccc2c1,CCN(CCO)CCCC(C)Nc1ccnc2cc(Cl)ccc12,1,c1ccc2ncccc2c1,0.29118773946360155,1,0.9808403634181958
COc1cc(NC(C)CCCN)c2ncccc2c1,1,c1ccc2ncccc2c1,CC(C)Nc1cccnc1N1CCN(C(=O)c2cc3cc(NS(C)(=O)=O)ccc3[nH]2)CC1,1,O=C(c1cc2ccccc2[nH]1)N1CCN(c2ccccn2)CC1,0.2323809523809524,1,0.9949570913636528
COc1cc(NC(C)CCCN)c2ncccc2c1,1,c1ccc2ncccc2c1,CCOc1ccccc1OCCN[C@H](C)Cc1ccc(OC)c(S(N)(=O)=O)c1,1,c1ccc(CCNCCOc2ccccc2)cc1,0.22201129943502826,1,0.9125812521578919
O=c1[nH]c2ccccc2n1CCCN1CCC(n2c(=O)[nH]c3cc(Cl)ccc32)CC1,0,O=c1[nH]c2ccccc2n1CCCN1CCC(n2c(=O)[nH]c3ccccc32)CC1,O=c1[nH]c2ccccc2n1C1CCN(CCCC(c2ccc(F)cc2)c2ccc(F)cc2)CC1,1,O=c1[nH]c2ccccc2n1C1CCN(CCCC(c2ccccc2)c2ccccc2)CC1,0.5853260869565218,0,0.2888545589316918
O=c1[nH]c2ccccc2n1CCCN1CCC(n2c(=O)[nH]c3cc(Cl)ccc32)CC1,0,O=c1[nH]c2ccccc2n1CCCN1CCC(n2c(=O)[nH]c3ccccc32)CC1,O=C(c1ccc(F)cc1)C1CCN(CCn2c(=O)[nH]c3ccccc3c2=O)CC1,1,O=C(c1ccccc1)C1CCN(CCn2c(=O)[nH]c3ccccc3c2=O)CC1,0.36500711237553346,0,0.280868345448084
O=c1[nH]c2ccccc2n1CCCN1CCC(n2c(=O)[nH]c3cc(Cl)ccc32)CC1,0,O=c1[nH]c2ccccc2n1CCCN1CCC(n2c(=O)[nH]c3ccccc32)CC1,O=C(CCCN1CC=C(n2c(=O)[nH]c3ccccc32)CC1)c1ccc(F)cc1,1,O=C(CCCN1CC=C(n2c(=O)[nH]c3ccccc32)CC1)c1ccccc1,0.3562455218533557,0,0.21136877796932813
O=c1[nH]c2ccccc2n1CCCN1CCC(n2c(=O)[nH]c3cc(Cl)ccc32)CC1,0,O=c1[nH]c2ccccc2n1CCCN1CCC(n2c(=O)[nH]c3ccccc32)CC1,O=C(CCCN1CCC(n2c(O)nc3ccccc32)CC1)c1ccc(F)cc1,1,O=C(CCCN1CCC(n2cnc3ccccc32)CC1)c1ccccc1,0.3378167641325536,1,0.5233973515365389
COC(=O)C1=C(C)NC(C)=C(C(=O)O[C@H]2CCN(Cc3ccccc3)C2)[C@H]1c1cccc([N+](=O)[O-])c1,0,O=C(OC1CCN(Cc2ccccc2)C1)C1=CNC=CC1c1ccccc1,COC(=O)C1=C(C)NC(C)=C(C(=O)OCCN(C)Cc2ccccc2)C1c1cccc([N+](=O)[O-])c1,1,O=C(OCCNCc1ccccc1)C1=CNC=CC1c1ccccc1,0.6103277060575969,0,0.21227060839303602
COC(=O)C1=C(C)NC(C)=C(C(=O)O[C@H]2CCN(Cc3ccccc3)C2)[C@H]1c1cccc([N+](=O)[O-])c1,0,O=C(OC1CCN(Cc2ccccc2)C1)C1=CNC=CC1c1ccccc1,COC(=O)[C@H]1[C@@H](OC(=O)c2ccccc2)C[C@@H]2CC[C@H]1N2C,1,O=C(OC1CC2CCC(C1)N2)c1ccccc1,0.23549019607843139,0,0.2417788932873447
COC(=O)C1=C(C)NC(C)=C(C(=O)O[C@H]2CCN(Cc3ccccc3)C2)[C@H]1c1cccc([N+](=O)[O-])c1,0,O=C(OC1CCN(Cc2ccccc2)C1)C1=CNC=CC1c1ccccc1,CCOC(=O)[C@H](CCc1ccccc1)N[C@@H](C)C(=O)N1CCC[C@H]1C(=O)O,1,O=C(CNCCCc1ccccc1)N1CCCC1,0.2333933933933934,0,0.34175817510073336
COC(=O)C1=C(C)NC(C)=C(C(=O)O[C@H]2CCN(Cc3ccccc3)C2)[C@H]1c1cccc([N+](=O)[O-])c1,0,O=C(OC1CCN(Cc2ccccc2)C1)C1=CNC=CC1c1ccccc1,CN1[C@@H]2CC[C@H]1C[C@@H](OC(=O)c1c[nH]c3ccccc13)C2,1,O=C(OC1CC2CCC(C1)N2)c1c[nH]c2ccccc12,0.23335724533715926,0,0.28654985618004186
O=C(NCCO[N+](=O)[O-])c1cccnc1,1,c1ccncc1,NNC(=O)c1ccncc1,1,c1ccncc1,0.29953216374269004,1,0.99061062917115
O=C(NCCO[N+](=O)[O-])c1cccnc1,1,c1ccncc1,CCN(CC)CCNC(=O)c1ccc(N)cc1,1,c1ccccc1,0.2651851851851852,1,0.9513359014582373
O=C(NCCO[N+](=O)[O-])c1cccnc1,1,c1ccncc1,O=C(NCCN1CCOCC1)c1ccc(Cl)cc1,1,O=C(NCCN1CCOCC1)c1ccccc1,0.2526779163609685,1,0.9200839575789864
O=C(NCCO[N+](=O)[O-])c1cccnc1,1,c1ccncc1,CC(C)(Oc1ccc(CCNC(=O)c2ccc(Cl)cc2)cc1)C(=O)O,1,O=C(NCCc1ccccc1)c1ccccc1,0.23953279424977536,1,0.9351513011166762
COc1nc(C(Cl)(Cl)Cl)c(Cl)c(OC)c1Cl,1,c1ccncc1,COc1nc(C)nc(Cl)c1NC1=NCCN1,1,c1ncc(NC2=NCCN2)cn1,0.2228085106382979,1,0.9899329029814552
COc1nc(C(Cl)(Cl)Cl)c(Cl)c(OC)c1Cl,1,c1ccncc1,COc1cc(Cc2cnc(N)nc2N)cc(OC)c1OC,1,c1ccc(Cc2cncnc2)cc1,0.18586046511627907,1,0.9857002190936701
COc1nc(C(Cl)(Cl)Cl)c(Cl)c(OC)c1Cl,1,c1ccncc1,COc1cc2c(N)nc(N3CCN(C(=O)OCC(C)(C)O)CC3)nc2c(OC)c1OC,1,c1ccc2nc(N3CCNCC3)ncc2c1,0.1652415886668353,1,0.9957655226976801
COc1nc(C(Cl)(Cl)Cl)c(Cl)c(OC)c1Cl,1,c1ccncc1,COc1cc(NCc2ccc3nc(N)nc(N)c3c2C)cc(OC)c1OC,1,c1ccc(NCc2ccc3ncncc3c2)cc1,0.1546153846153846,1,0.9819849728294379
NNC(=O)c1ccncc1,1,c1ccncc1,O=C(NCCO[N+](=O)[O-])c1cccnc1,1,c1ccncc1,0.29953216374269004,1,0.9806404933506592
NNC(=O)c1ccncc1,1,c1ccncc1,CCN(CC)CCNC(=O)c1ccc(N)cc1,1,c1ccccc1,0.28736842105263155,1,0.9884081014361549
NNC(=O)c1ccncc1,1,c1ccncc1,Nc1cc(-c2ccncc2)c[nH]c1=O,1,O=c1ccc(-c2ccncc2)c[nH]1,0.2537695590327169,1,0.9933078108196619
NNC(=O)c1ccncc1,1,c1ccncc1,O=C(NCCN1CCOCC1)c1ccc(Cl)cc1,1,O=C(NCCN1CCOCC1)c1ccccc1,0.23945799457994582,1,0.9959131984291166
Clc1ccc(COC(Cn2ccnc2)c2ccc(Cl)cc2Cl)c(Cl)c1,1,c1ccc(COC(Cn2ccnc2)c2ccccc2)cc1,Cc1nnc2n1-c1ccc(Cl)cc1C(c1ccccc1Cl)=NC2,1,c1ccc(C2=NCc3nncn3-c3ccccc32)cc1,0.20032502708559047,1,0.9918423324694724
Clc1ccc(COC(Cn2ccnc2)c2ccc(Cl)cc2Cl)c(Cl)c1,1,c1ccc(COC(Cn2ccnc2)c2ccccc2)cc1,Clc1ccc(C(c2ccccc2Cl)C(Cl)Cl)cc1,1,c1ccc(Cc2ccccc2)cc1,0.1940094137783483,1,0.9785102609571875
Clc1ccc(COC(Cn2ccnc2)c2ccc(Cl)cc2Cl)c(Cl)c1,1,c1ccc(COC(Cn2ccnc2)c2ccccc2)cc1,CCN(CC)CCCC(C)Nc1ccnc2cc(Cl)ccc12,1,c1ccc2ncccc2c1,0.1928436911487759,1,0.9081946430564126
Clc1ccc(COC(Cn2ccnc2)c2ccc(Cl)cc2Cl)c(Cl)c1,1,c1ccc(COC(Cn2ccnc2)c2ccccc2)cc1,CCC(C)n1ncn(-c2ccc(N3CCN(c4ccc(OC[C@H]5CO[C@](Cn6cncn6)(c6ccc(Cl)cc6Cl)O5)cc4)CC3)cc2)c1=O,1,O=c1[nH]ncn1-c1ccc(N2CCN(c3ccc(OCC4COC(Cn5cncn5)(c5ccccc5)O4)cc3)CC2)cc1,0.19252782193958667,1,0.9567054404375841
CN1CCc2cccc3c2[C@H]1Cc1ccc(O)c(O)c1-3,0,c1ccc2c(c1)CC1NCCc3cccc-2c31,COc1ccc2c(c1OC)C(=O)O[C@@H]2[C@H]1c2c(cc3c(c2OC)OCO3)CCN1C,1,O=C1OC(C2NCCc3cc4c(cc32)OCO4)c2ccccc21,0.25927044025157236,0,0.43670983494895554
CN1CCc2cccc3c2[C@H]1Cc1ccc(O)c(O)c1-3,0,c1ccc2c(c1)CC1NCCc3cccc-2c31,CN1CCC[C@H]1c1cccnc1,1,c1cncc(C2CCCN2)c1,0.25479915433403805,0,0.44690589455550617
CN1CCc2cccc3c2[C@H]1Cc1ccc(O)c(O)c1-3,0,c1ccc2c(c1)CC1NCCc3cccc-2c31,CCC(=O)C1(c2cccc(O)c2)CCN(C)CC1,1,c1ccc(C2CCNCC2)cc1,0.22996415770609321,0,0.29919106101540266
CN1CCc2cccc3c2[C@H]1Cc1ccc(O)c(O)c1-3,0,c1ccc2c(c1)CC1NCCc3cccc-2c31,CN(C)CCC=C1c2ccccc2CCc2ccccc21,1,C=C1c2ccccc2CCc2ccccc21,0.2210526315789474,0,0.26042582894262395
COC1=CC(=O)C[C@@H](C)[C@]12Oc1c(Cl)c(OC)cc(OC)c1C2=O,1,O=C1C=CC2(CC1)Oc1ccccc1C2=O,COc1ccc(C2CNC(=O)C2)cc1OC1CCCC1,1,O=C1CC(c2cccc(OC3CCCC3)c2)CN1,0.20000000000000004,1,0.9095211138203882
COC1=CC(=O)C[C@@H](C)[C@]12Oc1c(Cl)c(OC)cc(OC)c1C2=O,1,O=C1C=CC2(CC1)Oc1ccccc1C2=O,COc1cc(OC)c(C(=O)CCCN2CCCC2)c(OC)c1,1,O=C(CCCN1CCCC1)c1ccccc1,0.19571805006587614,1,0.8766196331976309
COC1=CC(=O)C[C@@H](C)[C@]12Oc1c(Cl)c(OC)cc(OC)c1C2=O,1,O=C1C=CC2(CC1)Oc1ccccc1C2=O,COc1ccc2c3c1O[C@H]1C[C@@H](O)C=C[C@@]31CCN(C)C2,1,C1=CC23CCNCc4cccc(c42)OC3CC1,0.19455383326351072,1,0.8303197479312032
COC1=CC(=O)C[C@@H](C)[C@]12Oc1c(Cl)c(OC)cc(OC)c1C2=O,1,O=C1C=CC2(CC1)Oc1ccccc1C2=O,COc1ccc2c(c1OC)C(=O)O[C@@H]2[C@H]1c2c(cc3c(c2OC)OCO3)CCN1C,1,O=C1OC(C2NCCc3cc4c(cc32)OCO4)c2ccccc21,0.19292654488923439,1,0.8532018328847719
Cn1cnc([N+](=O)[O-])c1Sc1ncnc2nc[nH]c12,1,c1nc(Sc2cnc[nH]2)c2[nH]cnc2n1,Cn1c(=O)c2[nH]cnc2n(C)c1=O,1,O=c1[nH]c(=O)c2[nH]cnc2[nH]1,0.2755892255892256,1,0.9746383619193257
Cn1cnc([N+](=O)[O-])c1Sc1ncnc2nc[nH]c12,1,c1nc(Sc2cnc[nH]2)c2[nH]cnc2n1,Cn1c(=O)c2c(ncn2C)n(C)c1=O,1,O=c1[nH]c(=O)c2[nH]cnc2[nH]1,0.20496894409937888,1,0.9648895444977612
Cn1cnc([N+](=O)[O-])c1Sc1ncnc2nc[nH]c12,1,c1nc(Sc2cnc[nH]2)c2[nH]cnc2n1,O=C1CN(/N=C/c2ccc([N+](=O)[O-])o2)C(=O)N1,1,O=C1CN(N=Cc2ccco2)C(=O)N1,0.1703933747412008,1,0.9970808396326876
Cn1cnc([N+](=O)[O-])c1Sc1ncnc2nc[nH]c12,1,c1nc(Sc2cnc[nH]2)c2[nH]cnc2n1,CC(=O)CCCCn1c(=O)c2c(ncn2C)n(C)c1=O,1,O=c1[nH]c(=O)c2[nH]cnc2[nH]1,0.16682194616977225,1,0.9026963217212928
O=C(c1ccc(F)cc1)C1CCN(CCn2c(=O)[nH]c3ccccc3c2=O)CC1,1,O=C(c1ccccc1)C1CCN(CCn2c(=O)[nH]c3ccccc3c2=O)CC1,O=C(CCCN1CC=C(n2c(=O)[nH]c3ccccc32)CC1)c1ccc(F)cc1,1,O=C(CCCN1CC=C(n2c(=O)[nH]c3ccccc32)CC1)c1ccccc1,0.42470477090222014,1,0.9486885618890022
O=C(c1ccc(F)cc1)C1CCN(CCn2c(=O)[nH]c3ccccc3c2=O)CC1,1,O=C(c1ccccc1)C1CCN(CCn2c(=O)[nH]c3ccccc3c2=O)CC1,O=c1[nH]c2ccccc2n1C1CCN(CCCC(c2ccc(F)cc2)c2ccc(F)cc2)CC1,1,O=c1[nH]c2ccccc2n1C1CCN(CCCC(c2ccccc2)c2ccccc2)CC1,0.4165517241379311,1,0.9527412640446413
O=C(c1ccc(F)cc1)C1CCN(CCn2c(=O)[nH]c3ccccc3c2=O)CC1,1,O=C(c1ccccc1)C1CCN(CCn2c(=O)[nH]c3ccccc3c2=O)CC1,O=C(CCCN1CCC(n2c(O)nc3ccccc32)CC1)c1ccc(F)cc1,1,O=C(CCCN1CCC(n2cnc3ccccc32)CC1)c1ccccc1,0.3516262024736601,1,0.8953632992848862
O=C(c1ccc(F)cc1)C1CCN(CCn2c(=O)[nH]c3ccccc3c2=O)CC1,1,O=C(c1ccccc1)C1CCN(CCn2c(=O)[nH]c3ccccc3c2=O)CC1,O=C(CCCN1CCC(O)(c2ccc(Cl)cc2)CC1)c1ccc(F)cc1,1,O=C(CCCN1CCC(c2ccccc2)CC1)c1ccccc1,0.2976939203354298,1,0.9510510836534087
COc1ccc(CCN2CCC(Nc3nc4ccccc4n3Cc3ccc(F)cc3)CC2)cc1,0,c1ccc(CCN2CCC(Nc3nc4ccccc4n3Cc3ccccc3)CC2)cc1,CN(c1nccc(=O)[nH]1)C1CCN(c2nc3ccccc3n2Cc2ccc(F)cc2)CC1,1,O=c1ccnc(NC2CCN(c3nc4ccccc4n3Cc3ccccc3)CC2)[nH]1,0.3914117015566291,0,0.47041472876636653
COc1ccc(CCN2CCC(Nc3nc4ccccc4n3Cc3ccc(F)cc3)CC2)cc1,0,c1ccc(CCN2CCC(Nc3nc4ccccc4n3Cc3ccccc3)CC2)cc1,O=C(CCCN1CCC(n2c(O)nc3ccccc32)CC1)c1ccc(F)cc1,1,O=C(CCCN1CCC(n2cnc3ccccc32)CC1)c1ccccc1,0.36155331473932634,1,0.5372439580029746
COc1ccc(CCN2CCC(Nc3nc4ccccc4n3Cc3ccc(F)cc3)CC2)cc1,0,c1ccc(CCN2CCC(Nc3nc4ccccc4n3Cc3ccccc3)CC2)cc1,O=c1[nH]c2ccccc2n1C1CCN(CCCC(c2ccc(F)cc2)c2ccc(F)cc2)CC1,1,O=c1[nH]c2ccccc2n1C1CCN(CCCC(c2ccccc2)c2ccccc2)CC1,0.27871485943775104,0,0.25511908558538016
COc1ccc(CCN2CCC(Nc3nc4ccccc4n3Cc3ccc(F)cc3)CC2)cc1,0,c1ccc(CCN2CCC(Nc3nc4ccccc4n3Cc3ccccc3)CC2)cc1,O=C(c1ccc(F)cc1)C1CCN(CCn2c(=O)[nH]c3ccccc3c2=O)CC1,1,O=C(c1ccccc1)C1CCN(CCn2c(=O)[nH]c3ccccc3c2=O)CC1,0.2749053356282272,0,0.1786352384513097
CNC(=C[N+](=O)[O-])NCCSCc1ccc(CN(C)C)o1,1,c1ccoc1,CNC(=C[N+](=O)[O-])NCCSCc1csc(CN(C)C)n1,1,c1cscn1,0.6745762711864407,1,0.9623126838925323
CNC(=C[N+](=O)[O-])NCCSCc1ccc(CN(C)C)o1,1,c1ccoc1,COC(=O)C1=C(C)NC(C)=C(C(=O)OCCN(C)Cc2ccccc2)C1c1cccc([N+](=O)[O-])c1,1,O=C(OCCNCc1ccccc1)C1=CNC=CC1c1ccccc1,0.19418526031102096,1,0.9748736288388279
CNC(=C[N+](=O)[O-])NCCSCc1ccc(CN(C)C)o1,1,c1ccoc1,O=C(NCCO[N+](=O)[O-])c1cccnc1,1,c1ccncc1,0.18801277327437976,1,0.9931570235479658
CNC(=C[N+](=O)[O-])NCCSCc1ccc(CN(C)C)o1,1,c1ccoc1,CCN(CC)CCNC(=O)c1ccc(N)cc1,1,c1ccccc1,0.16297082228116713,1,0.9938075432511566
CN(CCOc1ccc(NS(C)(=O)=O)cc1)CCc1ccc(NS(C)(=O)=O)cc1,1,c1ccc(CCNCCOc2ccccc2)cc1,CC(C)NCC(O)c1ccc(NS(C)(=O)=O)cc1,1,c1ccccc1,0.3342657342657343,1,0.8478118230171777
CN(CCOc1ccc(NS(C)(=O)=O)cc1)CCc1ccc(NS(C)(=O)=O)cc1,1,c1ccc(CCNCCOc2ccccc2)cc1,CCOc1ccc(NC(C)=O)cc1,1,c1ccccc1,0.31746031746031744,1,0.8972509996214607
CN(CCOc1ccc(NS(C)(=O)=O)cc1)CCc1ccc(NS(C)(=O)=O)cc1,1,c1ccc(CCNCCOc2ccccc2)cc1,CN(CCOc1ccc(CC2SC(=O)NC2=O)cc1)c1ccccn1,1,O=C1NC(=O)C(Cc2ccc(OCCNc3ccccn3)cc2)S1,0.28644338118022333,1,0.860146669957964
CN(CCOc1ccc(NS(C)(=O)=O)cc1)CCc1ccc(NS(C)(=O)=O)cc1,1,c1ccc(CCNCCOc2ccccc2)cc1,COCCc1ccc(OCC(O)CNC(C)C)cc1,1,c1ccccc1,0.2857858933046903,1,0.9281597592077316
CCOc1ccccc1OCCN[C@H](C)Cc1ccc(OC)c(S(N)(=O)=O)c1,1,c1ccc(CCNCCOc2ccccc2)cc1,CCNC(C)Cc1cccc(C(F)(F)F)c1,1,c1ccccc1,0.31149825783972124,1,0.9756911942869233
CCOc1ccccc1OCCN[C@H](C)Cc1ccc(OC)c(S(N)(=O)=O)c1,1,c1ccc(CCNCCOc2ccccc2)cc1,COc1ccc(CCNCC(O)COc2cccc(C)c2)cc1OC,1,c1ccc(CCNCCCOc2ccccc2)cc1,0.2833333333333333,1,0.8553082404251493
CCOc1ccccc1OCCN[C@H](C)Cc1ccc(OC)c(S(N)(=O)=O)c1,1,c1ccc(CCNCCOc2ccccc2)cc1,CCCCNc1cc(C(=O)O)cc(S(N)(=O)=O)c1Oc1ccccc1,1,c1ccc(Oc2ccccc2)cc1,0.2704761904761905,1,0.9750801636844814
CCOc1ccccc1OCCN[C@H](C)Cc1ccc(OC)c(S(N)(=O)=O)c1,1,c1ccc(CCNCCOc2ccccc2)cc1,CCOc1ccccc1OCC1CNCCO1,1,c1ccc(OCC2CNCCO2)cc1,0.2673050615595075,1,0.9424531270957609
O=C(CCCN1CC=C(n2c(=O)[nH]c3ccccc32)CC1)c1ccc(F)cc1,1,O=C(CCCN1CC=C(n2c(=O)[nH]c3ccccc32)CC1)c1ccccc1,O=c1[nH]c2ccccc2n1C1CCN(CCCC(c2ccc(F)cc2)c2ccc(F)cc2)CC1,1,O=c1[nH]c2ccccc2n1C1CCN(CCCC(c2ccccc2)c2ccccc2)CC1,0.44473129610115913,1,0.887161117940179
O=C(CCCN1CC=C(n2c(=O)[nH]c3ccccc32)CC1)c1ccc(F)cc1,1,O=C(CCCN1CC=C(n2c(=O)[nH]c3ccccc32)CC1)c1ccccc1,O=C(CCCN1CCC(n2c(O)nc3ccccc32)CC1)c1ccc(F)cc1,1,O=C(CCCN1CCC(n2cnc3ccccc32)CC1)c1ccccc1,0.4426262626262627,1,0.9133322976521001
O=C(CCCN1CC=C(n2c(=O)[nH]c3ccccc32)CC1)c1ccc(F)cc1,1,O=C(CCCN1CC=C(n2c(=O)[nH]c3ccccc32)CC1)c1ccccc1,O=C(c1ccc(F)cc1)C1CCN(CCn2c(=O)[nH]c3ccccc3c2=O)CC1,1,O=C(c1ccccc1)C1CCN(CCn2c(=O)[nH]c3ccccc3c2=O)CC1,0.42470477090222014,1,0.8972883268777562
O=C(CCCN1CC=C(n2c(=O)[nH]c3ccccc32)CC1)c1ccc(F)cc1,1,O=C(CCCN1CC=C(n2c(=O)[nH]c3ccccc32)CC1)c1ccccc1,O=C(CCCN1CCC(O)(c2ccc(Cl)cc2)CC1)c1ccc(F)cc1,1,O=C(CCCN1CCC(c2ccccc2)CC1)c1ccccc1,0.4010434782608696,1,0.9655366766718517
CN1C[C@H](C(=O)N[C@]2(C)O[C@@]3(O)[C@@H]4CCCN4C(=O)[C@H](Cc4ccccc4)N3C2=O)C[C@@H]2c3cccc4[nH]cc(c34)C[C@H]21,0,O=C(NC1OC2C3CCCN3C(=O)C(Cc3ccccc3)N2C1=O)C1CNC2Cc3c[nH]c4cccc(c34)C2C1,C=CCN1C[C@H](C(=O)N(CCCN(C)C)C(=O)NCC)C[C@@H]2c3cccc4[nH]cc(c34)C[C@H]21,1,c1cc2c3c(c[nH]c3c1)CC1NCCCC21,0.37795898196194716,0,0.034452412574356946
CN1C[C@H](C(=O)N[C@]2(C)O[C@@]3(O)[C@@H]4CCCN4C(=O)[C@H](Cc4ccccc4)N3C2=O)C[C@@H]2c3cccc4[nH]cc(c34)C[C@H]21,0,O=C(NC1OC2C3CCCN3C(=O)C(Cc3ccccc3)N2C1=O)C1CNC2Cc3c[nH]c4cccc(c34)C2C1,CCCN1C[C@H](CSC)C[C@@H]2c3cccc4[nH]cc(c34)C[C@H]21,1,c1cc2c3c(c[nH]c3c1)CC1NCCCC21,0.367895217788608,0,0.022935138814855868
CN1C[C@H](C(=O)N[C@]2(C)O[C@@]3(O)[C@@H]4CCCN4C(=O)[C@H](Cc4ccccc4)N3C2=O)C[C@@H]2c3cccc4[nH]cc(c34)C[C@H]21,0,O=C(NC1OC2C3CCCN3C(=O)C(Cc3ccccc3)N2C1=O)C1CNC2Cc3c[nH]c4cccc(c34)C2C1,CN1CCC[C@@H]1Cc1c[nH]c2ccc(CCS(=O)(=O)c3ccccc3)cc12,1,O=S(=O)(CCc1ccc2[nH]cc(CC3CCCN3)c2c1)c1ccccc1,0.26181818181818184,0,0.01007435069204448
CN1C[C@H](C(=O)N[C@]2(C)O[C@@]3(O)[C@@H]4CCCN4C(=O)[C@H](Cc4ccccc4)N3C2=O)C[C@@H]2c3cccc4[nH]cc(c34)C[C@H]21,0,O=C(NC1OC2C3CCCN3C(=O)C(Cc3ccccc3)N2C1=O)C1CNC2Cc3c[nH]c4cccc(c34)C2C1,CN1[C@@H]2CC[C@H]1C[C@@H](OC(=O)c1c[nH]c3ccccc13)C2,1,O=C(OC1CC2CCC(C1)N2)c1c[nH]c2ccccc12,0.22830846464928184,0,0.011262137820251771
Nc1ncnc2c1ncn2CCOCP(=O)(O)O,0,c1ncc2nc[nH]c2n1,C[C@H](Cn1cnc2c(N)ncnc21)OCP(=O)(O)O,1,c1ncc2nc[nH]c2n1,0.6538947368421053,0,0.41519321850819657
Nc1ncnc2c1ncn2CCOCP(=O)(O)O,0,c1ncc2nc[nH]c2n1,CC(=O)OCC(CCn1cnc2cnc(N)nc21)COC(C)=O,1,c1ncc2nc[nH]c2n1,0.29086342229199375,1,0.5139471609475659
Nc1ncnc2c1ncn2CCOCP(=O)(O)O,0,c1ncc2nc[nH]c2n1,Nc1nc(=O)c2ncn(CCC(CO)CO)c2[nH]1,1,O=c1nc[nH]c2[nH]cnc12,0.2537243401759531,0,0.39386060109680965
Nc1ncnc2c1ncn2CCOCP(=O)(O)O,0,c1ncc2nc[nH]c2n1,Nc1nc(F)nc2c1ncn2[C@@H]1O[C@H](CO)[C@@H](O)[C@@H]1O,1,c1ncc2ncn(C3CCCO3)c2n1,0.2510489510489511,0,0.28222724476168
C[C@H](Cn1cnc2c(N)ncnc21)OCP(=O)(O)O,1,c1ncc2nc[nH]c2n1,CC(=O)OCC(CCn1cnc2cnc(N)nc21)COC(C)=O,1,c1ncc2nc[nH]c2n1,0.28400000000000003,1,0.741178136402848
C[C@H](Cn1cnc2c(N)ncnc21)OCP(=O)(O)O,1,c1ncc2nc[nH]c2n1,CC(O)Cn1cnc2c1c(=O)n(C)c(=O)n2C,1,O=c1[nH]c(=O)c2[nH]cnc2[nH]1,0.26933333333333337,1,0.9192948837797871
C[C@H](Cn1cnc2c(N)ncnc21)OCP(=O)(O)O,1,c1ncc2nc[nH]c2n1,Nc1nc(F)nc2c1ncn2[C@@H]1O[C@H](CO)[C@@H](O)[C@@H]1O,1,c1ncc2ncn(C3CCCO3)c2n1,0.24561115668580802,1,0.7397416200967506
C[C@H](Cn1cnc2c(N)ncnc21)OCP(=O)(O)O,1,c1ncc2nc[nH]c2n1,Nc1nc(=O)c2ncn(CCC(CO)CO)c2[nH]1,1,O=c1nc[nH]c2[nH]cnc12,0.24253711201079625,1,0.6333223821614011
CC(=O)OCC(CCn1cnc2cnc(N)nc21)COC(C)=O,1,c1ncc2nc[nH]c2n1,Nc1nc(=O)c2ncn(CCC(CO)CO)c2[nH]1,1,O=c1nc[nH]c2[nH]cnc12,0.32598904443091903,1,0.9908010131712415
CC(=O)OCC(CCn1cnc2cnc(N)nc21)COC(C)=O,1,c1ncc2nc[nH]c2n1,C[C@H](Cn1cnc2c(N)ncnc21)OCP(=O)(O)O,1,c1ncc2nc[nH]c2n1,0.28400000000000003,1,0.9533670982836292
CC(=O)OCC(CCn1cnc2cnc(N)nc21)COC(C)=O,1,c1ncc2nc[nH]c2n1,CC(O)Cn1cnc2c1c(=O)n(C)c(=O)n2C,1,O=c1[nH]c(=O)c2[nH]cnc2[nH]1,0.24354838709677423,1,0.9907450346544588
CC(=O)OCC(CCn1cnc2cnc(N)nc21)COC(C)=O,1,c1ncc2nc[nH]c2n1,CC(=O)CCCCn1c(=O)c2c(ncn2C)n(C)c1=O,1,O=c1[nH]c(=O)c2[nH]cnc2[nH]1,0.22870264064293916,1,0.9813296345901968
C[C@H](NCCc1ccc(O)cc1)[C@H](O)c1ccc(O)cc1,1,c1ccc(CCNCCc2ccccc2)cc1,CN[C@@H](C)[C@@H](O)c1ccccc1,1,c1ccccc1,0.4018796992481203,1,0.7780314829624585
C[C@H](NCCc1ccc(O)cc1)[C@H](O)c1ccc(O)cc1,1,c1ccc(CCNCCc2ccccc2)cc1,CC(C)NC[C@H](O)COc1ccc(O)cc1,1,c1ccccc1,0.34774774774774775,1,0.7231442207669024
C[C@H](NCCc1ccc(O)cc1)[C@H](O)c1ccc(O)cc1,1,c1ccc(CCNCCc2ccccc2)cc1,CC(CCc1ccccc1)NCC(O)c1ccc(O)c(C(N)=O)c1,1,c1ccc(CCCNCCc2ccccc2)cc1,0.33448275862068966,1,0.7109447231093211
C[C@H](NCCc1ccc(O)cc1)[C@H](O)c1ccc(O)cc1,1,c1ccc(CCNCCc2ccccc2)cc1,C[C@H](N)[C@H](O)c1ccccc1,1,c1ccccc1,0.3184981684981685,1,0.5946353532782924
CC(Cc1ccc(O)cc1)NCC(O)c1cc(O)cc(O)c1,0,c1ccc(CCNCCc2ccccc2)cc1,C[C@H](NCCc1ccc(O)cc1)[C@H](O)c1ccc(O)cc1,1,c1ccc(CCNCCc2ccccc2)cc1,0.455483870967742,0,0.43847683742850385
CC(Cc1ccc(O)cc1)NCC(O)c1cc(O)cc(O)c1,0,c1ccc(CCNCCc2ccccc2)cc1,CNC[C@H](O)c1cccc(O)c1,1,c1ccccc1,0.4429457364341085,0,0.16227514023271625
CC(Cc1ccc(O)cc1)NCC(O)c1cc(O)cc(O)c1,0,c1ccc(CCNCCc2ccccc2)cc1,CC(CCc1ccccc1)NCC(O)c1ccc(O)c(C(N)=O)c1,1,c1ccc(CCCNCCc2ccccc2)cc1,0.4047368421052632,0,0.47762442946077593
CC(Cc1ccc(O)cc1)NCC(O)c1cc(O)cc(O)c1,0,c1ccc(CCNCCc2ccccc2)cc1,CC(C)NCC(O)c1ccc(NS(C)(=O)=O)cc1,1,c1ccccc1,0.35069817400644465,0,0.28681491193361147
S=c1nc[nH]c2nc[nH]c12,0,S=c1nc[nH]c2nc[nH]c12,Cn1c(=O)c2[nH]cnc2n(C)c1=O,1,O=c1[nH]c(=O)c2[nH]cnc2[nH]1,0.3288479262672811,0,0.42989165436650245
S=c1nc[nH]c2nc[nH]c12,0,S=c1nc[nH]c2nc[nH]c12,Cn1cc[nH]c1=S,1,S=c1[nH]cc[nH]1,0.2206451612903226,0,0.22168627761367005
S=c1nc[nH]c2nc[nH]c12,0,S=c1nc[nH]c2nc[nH]c12,Cn1cnc([N+](=O)[O-])c1Sc1ncnc2nc[nH]c12,1,c1nc(Sc2cnc[nH]2)c2[nH]cnc2n1,0.2180035650623886,0,0.23052201231868233
S=c1nc[nH]c2nc[nH]c12,0,S=c1nc[nH]c2nc[nH]c12,O=c1nc[nH]c2c1ncn2[C@H]1CC[C@@H](CO)O1,1,O=c1nc[nH]c2c1ncn2C1CCCO1,0.20036630036630038,0,0.22532067446516474
CCc1c2c(nc3ccc(OC(=O)N4CCC(N5CCCCC5)CC4)cc13)-c1cc3c(c(=O)n1C2)COC(=O)[C@]3(O)CC,0,O=C1Cc2cc3n(c(=O)c2CO1)Cc1cc2cc(OC(=O)N4CCC(N5CCCCC5)CC4)ccc2nc1-3,CC[C@@]1(O)C(=O)OCc2c1cc1n(c2=O)Cc2cc3c(CN(C)C)c(O)ccc3nc2-1,1,O=C1Cc2cc3n(c(=O)c2CO1)Cc1cc2ccccc2nc1-3,0.5264167393199651,0,0.05419392552199468
CCc1c2c(nc3ccc(OC(=O)N4CCC(N5CCCCC5)CC4)cc13)-c1cc3c(c(=O)n1C2)COC(=O)[C@]3(O)CC,0,O=C1Cc2cc3n(c(=O)c2CO1)Cc1cc2cc(OC(=O)N4CCC(N5CCCCC5)CC4)ccc2nc1-3,COc1cc2c(N)nc(N3CCN(C(=O)OCC(C)(C)O)CC3)nc2c(OC)c1OC,1,c1ccc2nc(N3CCNCC3)ncc2c1,0.19530693484181857,0,0.06589860751672437
CCc1c2c(nc3ccc(OC(=O)N4CCC(N5CCCCC5)CC4)cc13)-c1cc3c(c(=O)n1C2)COC(=O)[C@]3(O)CC,0,O=C1Cc2cc3n(c(=O)c2CO1)Cc1cc2cc(OC(=O)N4CCC(N5CCCCC5)CC4)ccc2nc1-3,COc1cc2nc(N3CCN(C(=O)C4CCCO4)CC3)nc(N)c2cc1OC,1,O=C(C1CCCO1)N1CCN(c2ncc3ccccc3n2)CC1,0.1950375312760634,0,0.13227549704324126
CCc1c2c(nc3ccc(OC(=O)N4CCC(N5CCCCC5)CC4)cc13)-c1cc3c(c(=O)n1C2)COC(=O)[C@]3(O)CC,0,O=C1Cc2cc3n(c(=O)c2CO1)Cc1cc2cc(OC(=O)N4CCC(N5CCCCC5)CC4)ccc2nc1-3,COC(=O)[C@@H]1[C@H]2C[C@H]3c4[nH]c5ccccc5c4CCN3C[C@@H]2CC[C@@H]1O,1,c1ccc2c3c([nH]c2c1)C1CC2CCCCC2CN1CC3,0.18241758241758244,0,0.0585381837549324
C=CCNc1nc(NCC=C)nc(N2CCN(C(c3ccc(F)cc3)c3ccc(F)cc3)CC2)n1,1,c1ccc(C(c2ccccc2)N2CCN(c3ncncn3)CC2)cc1,O=c1[nH]c2ccccc2n1C1CCN(CCCC(c2ccc(F)cc2)c2ccc(F)cc2)CC1,1,O=c1[nH]c2ccccc2n1C1CCN(CCCC(c2ccccc2)c2ccccc2)CC1,0.20476973684210528,1,0.9298466430277484
C=CCNc1nc(NCC=C)nc(N2CCN(C(c3ccc(F)cc3)c3ccc(F)cc3)CC2)n1,1,c1ccc(C(c2ccccc2)N2CCN(c3ncncn3)CC2)cc1,CN(c1nccc(=O)[nH]1)C1CCN(c2nc3ccccc3n2Cc2ccc(F)cc2)CC1,1,O=c1ccnc(NC2CCN(c3nc4ccccc4n3Cc3ccccc3)CC2)[nH]1,0.2034922297887201,1,0.9863088472340054
C=CCNc1nc(NCC=C)nc(N2CCN(C(c3ccc(F)cc3)c3ccc(F)cc3)CC2)n1,1,c1ccc(C(c2ccccc2)N2CCN(c3ncncn3)CC2)cc1,O=C(CCCN1CCC(n2c(O)nc3ccccc32)CC1)c1ccc(F)cc1,1,O=C(CCCN1CCC(n2cnc3ccccc32)CC1)c1ccccc1,0.19692307692307695,1,0.9761332605235831
C=CCNc1nc(NCC=C)nc(N2CCN(C(c3ccc(F)cc3)c3ccc(F)cc3)CC2)n1,1,c1ccc(C(c2ccccc2)N2CCN(c3ncncn3)CC2)cc1,CCOC(=O)Nc1ccc(NCc2ccc(F)cc2)nc1N,1,c1ccc(CNc2ccccn2)cc1,0.1969034608378871,1,0.9571235798915073
CC(C)N=c1cc2n(-c3ccc(Cl)cc3)c3ccccc3nc-2cc1Nc1ccc(Cl)cc1,1,N=c1cc2n(-c3ccccc3)c3ccccc3nc-2cc1Nc1ccccc1,Cc1nnc2n1-c1ccc(Cl)cc1C(c1ccccc1)=NC2,1,c1ccc(C2=NCc3nncn3-c3ccccc32)cc1,0.20535236396074935,1,0.9987857426147833
CC(C)N=c1cc2n(-c3ccc(Cl)cc3)c3ccccc3nc-2cc1Nc1ccc(Cl)cc1,1,N=c1cc2n(-c3ccccc3)c3ccccc3nc-2cc1Nc1ccccc1,Cc1nnc2n1-c1ccc(Cl)cc1C(c1ccccc1Cl)=NC2,1,c1ccc(C2=NCc3nncn3-c3ccccc32)cc1,0.20251082251082253,1,0.9991283604021165
CC(C)N=c1cc2n(-c3ccc(Cl)cc3)c3ccccc3nc-2cc1Nc1ccc(Cl)cc1,1,N=c1cc2n(-c3ccccc3)c3ccccc3nc-2cc1Nc1ccccc1,CCN(CC)CCCC(C)Nc1ccnc2cc(Cl)ccc12,1,c1ccc2ncccc2c1,0.19564873417721523,1,0.995537130090126
CC(C)N=c1cc2n(-c3ccc(Cl)cc3)c3ccccc3nc-2cc1Nc1ccc(Cl)cc1,1,N=c1cc2n(-c3ccccc3)c3ccccc3nc-2cc1Nc1ccccc1,CN(C)Cc1nnc2n1-c1ccc(Cl)cc1C(c1ccccc1)=NC2,1,c1ccc(C2=NCc3nncn3-c3ccccc32)cc1,0.19189814814814815,1,0.99753232790664
CCOC(=O)[C@H](CCc1ccccc1)N[C@@H](C)C(=O)N1Cc2ccccc2C[C@H]1C(=O)O,1,O=C(CNCCCc1ccccc1)N1CCc2ccccc2C1,CCOC(=O)[C@H](CCc1ccccc1)N[C@@H](C)C(=O)N1CCC[C@H]1C(=O)O,1,O=C(CNCCCc1ccccc1)N1CCCC1,0.7165217391304347,1,0.9588989982889365
CCOC(=O)[C@H](CCc1ccccc1)N[C@@H](C)C(=O)N1Cc2ccccc2C[C@H]1C(=O)O,1,O=C(CNCCCc1ccccc1)N1CCc2ccccc2C1,CCOC(=O)[C@H](CCc1ccccc1)N[C@@H](C)C(=O)N1[C@H](C(=O)O)C[C@@H]2CCC[C@@H]21,1,O=C(CNCCCc1ccccc1)N1CCC2CCCC21,0.6348484848484849,1,0.9733643613348992
CCOC(=O)[C@H](CCc1ccccc1)N[C@@H](C)C(=O)N1Cc2ccccc2C[C@H]1C(=O)O,1,O=C(CNCCCc1ccccc1)N1CCc2ccccc2C1,CCOC(=O)[C@H](CCc1ccccc1)N[C@H]1CCCN2CCC[C@@H](C(=O)O)N2C1=O,1,O=C1C(NCCCc2ccccc2)CCCN2CCCCN12,0.4935897435897436,1,0.975056354765023
CCOC(=O)[C@H](CCc1ccccc1)N[C@@H](C)C(=O)N1Cc2ccccc2C[C@H]1C(=O)O,1,O=C(CNCCCc1ccccc1)N1CCc2ccccc2C1,CCOC(=O)[C@H](CCc1ccccc1)N[C@H]1CCc2ccccc2N(CC(=O)O)C1=O,1,O=C1Nc2ccccc2CCC1NCCCc1ccccc1,0.47655819084390516,1,0.9404019485330549
O=C(CCCN1CCC(n2c(O)nc3ccccc32)CC1)c1ccc(F)cc1,1,O=C(CCCN1CCC(n2cnc3ccccc32)CC1)c1ccccc1,O=C(CCCN1CCC(O)(c2ccc(Cl)cc2)CC1)c1ccc(F)cc1,1,O=C(CCCN1CCC(c2ccccc2)CC1)c1ccccc1,0.4515921288014312,1,0.9767291493635467
O=C(CCCN1CCC(n2c(O)nc3ccccc32)CC1)c1ccc(F)cc1,1,O=C(CCCN1CCC(n2cnc3ccccc32)CC1)c1ccccc1,O=C(CCCN1CC=C(n2c(=O)[nH]c3ccccc32)CC1)c1ccc(F)cc1,1,O=C(CCCN1CC=C(n2c(=O)[nH]c3ccccc32)CC1)c1ccccc1,0.4426262626262627,1,0.9354291511057842
O=C(CCCN1CCC(n2c(O)nc3ccccc32)CC1)c1ccc(F)cc1,1,O=C(CCCN1CCC(n2cnc3ccccc32)CC1)c1ccccc1,O=c1[nH]c2ccccc2n1C1CCN(CCCC(c2ccc(F)cc2)c2ccc(F)cc2)CC1,1,O=c1[nH]c2ccccc2n1C1CCN(CCCC(c2ccccc2)c2ccccc2)CC1,0.4295417789757413,1,0.9526085310407553
O=C(CCCN1CCC(n2c(O)nc3ccccc32)CC1)c1ccc(F)cc1,1,O=C(CCCN1CCC(n2cnc3ccccc32)CC1)c1ccccc1,O=C(c1ccc(F)cc1)C1CCN(CCn2c(=O)[nH]c3ccccc3c2=O)CC1,1,O=C(c1ccccc1)C1CCN(CCn2c(=O)[nH]c3ccccc3c2=O)CC1,0.3516262024736601,1,0.8246903605017708
CC(C)n1c(/C=C/[C@H](O)C[C@H](O)CC(=O)O)c(-c2ccc(F)cc2)c2ccccc21,1,c1ccc(-c2c[nH]c3ccccc23)cc1,COCc1c(C(C)C)nc(C(C)C)c(/C=C/[C@@H](O)C[C@@H](O)CC(=O)O)c1-c1ccc(F)cc1,1,c1ccc(-c2ccncc2)cc1,0.49769953051643195,1,0.8039344664959555
CC(C)n1c(/C=C/[C@H](O)C[C@H](O)CC(=O)O)c(-c2ccc(F)cc2)c2ccccc21,1,c1ccc(-c2c[nH]c3ccccc23)cc1,CC(C(=O)O)c1ccc(-c2ccccc2)c(F)c1,1,c1ccc(-c2ccccc2)cc1,0.26186392224128074,1,0.849247424585432
CC(C)n1c(/C=C/[C@H](O)C[C@H](O)CC(=O)O)c(-c2ccc(F)cc2)c2ccccc21,1,c1ccc(-c2c[nH]c3ccccc23)cc1,O=C(O)CCC(=O)c1ccc(-c2ccccc2)cc1,1,c1ccc(-c2ccccc2)cc1,0.24398391586761525,1,0.8354145514359168
CC(C)n1c(/C=C/[C@H](O)C[C@H](O)CC(=O)O)c(-c2ccc(F)cc2)c2ccccc21,1,c1ccc(-c2c[nH]c3ccccc23)cc1,O=C(CCCN1CCC(n2c(O)nc3ccccc32)CC1)c1ccc(F)cc1,1,O=C(CCCN1CCC(n2cnc3ccccc32)CC1)c1ccccc1,0.22887859128822988,1,0.8367759642334195
CC1(C)O[C@@H]2C[C@H]3[C@@H]4C[C@H](F)C5=CC(=O)C=C[C@]5(C)[C@H]4[C@@H](O)C[C@]3(C)[C@]2(C(=O)CO)O1,0,O=C1C=CC2C(=C1)CCC1C2CCC2C1CC1OCOC12,C=C1C[C@@H]2[C@H](CC[C@]3(C)C(=O)CC[C@@H]23)[C@@]2(C)C=CC(=O)C=C12,1,C=C1CC2C(CCC3C(=O)CCC32)C2C=CC(=O)C=C12,0.2409943714821764,0,0.22177468470665657
CC1(C)O[C@@H]2C[C@H]3[C@@H]4C[C@H](F)C5=CC(=O)C=C[C@]5(C)[C@H]4[C@@H](O)C[C@]3(C)[C@]2(C(=O)CO)O1,0,O=C1C=CC2C(=C1)CCC1C2CCC2C1CC1OCOC12,CC(=O)S[C@@H]1CC2=CC(=O)CC[C@]2(C)[C@H]2CC[C@@]3(C)[C@@H](CC[C@@]34CCC(=O)O4)[C@H]12,1,O=C1C=C2CCC3C(CCC4C3CCC43CCC(=O)O3)C2CC1,0.18897413024085638,0,0.2845965588845045
CC1(C)O[C@@H]2C[C@H]3[C@@H]4C[C@H](F)C5=CC(=O)C=C[C@]5(C)[C@H]4[C@@H](O)C[C@]3(C)[C@]2(C(=O)CO)O1,0,O=C1C=CC2C(=C1)CCC1C2CCC2C1CC1OCOC12,CC#C[C@]1(O)CC[C@H]2[C@@H]3CCC4=CC(=O)CCC4=C3[C@@H](c3ccc(N(C)C)cc3)C[C@@]21C,1,O=C1C=C2CCC3C(=C2CC1)C(c1ccccc1)CC1CCCC13,0.17409008506484452,0,0.29156768048499376
CC1(C)O[C@@H]2C[C@H]3[C@@H]4C[C@H](F)C5=CC(=O)C=C[C@]5(C)[C@H]4[C@@H](O)C[C@]3(C)[C@]2(C(=O)CO)O1,0,O=C1C=CC2C(=C1)CCC1C2CCC2C1CC1OCOC12,C[C@H]1O[C@@H](O[C@H]2[C@@H](O)C[C@H](O[C@H]3[C@@H](O)C[C@H](O[C@H]4CC[C@@]5(C)[C@H](CC[C@@H]6[C@@H]5CC[C@]5(C)[C@@H](C7=CC(=O)OC7)CC[C@]65O)C4)O[C@@H]3C)O[C@@H]2C)C[C@H](O)[C@@H]1O,1,O=C1C=C(C2CCC3C2CCC2C4CCC(OC5CCC(OC6CCC(OC7CCCCO7)CO6)CO5)CC4CCC23)CO1,0.1722077922077922,0,0.08023328099676595
CCCC1O[C@@H]2C[C@H]3[C@@H]4CCC5=CC(=O)C=C[C@]5(C)[C@H]4[C@@H](O)C[C@]3(C)[C@]2(C(=O)CO)O1,0,O=C1C=CC2C(=C1)CCC1C2CCC2C1CC1OCOC12,C=C1C[C@@H]2[C@H](CC[C@]3(C)C(=O)CC[C@@H]23)[C@@]2(C)C=CC(=O)C=C12,1,C=C1CC2C(CCC3C(=O)CCC32)C2C=CC(=O)C=C12,0.2624761904761905,0,0.27163992424852673
CCCC1O[C@@H]2C[C@H]3[C@@H]4CCC5=CC(=O)C=C[C@]5(C)[C@H]4[C@@H](O)C[C@]3(C)[C@]2(C(=O)CO)O1,0,O=C1C=CC2C(=C1)CCC1C2CCC2C1CC1OCOC12,CC(=O)S[C@@H]1CC2=CC(=O)CC[C@]2(C)[C@H]2CC[C@@]3(C)[C@@H](CC[C@@]34CCC(=O)O4)[C@H]12,1,O=C1C=C2CCC3C(CCC4C3CCC43CCC(=O)O3)C2CC1,0.212739322533137,0,0.31102356369332185
CCCC1O[C@@H]2C[C@H]3[C@@H]4CCC5=CC(=O)C=C[C@]5(C)[C@H]4[C@@H](O)C[C@]3(C)[C@]2(C(=O)CO)O1,0,O=C1C=CC2C(=C1)CCC1C2CCC2C1CC1OCOC12,C[C@H]1O[C@@H](O[C@H]2[C@@H](O)C[C@H](O[C@H]3[C@@H](O)C[C@H](O[C@H]4CC[C@@]5(C)[C@H](CC[C@@H]6[C@@H]5CC[C@]5(C)[C@@H](C7=CC(=O)OC7)CC[C@]65O)C4)O[C@@H]3C)O[C@@H]2C)C[C@H](O)[C@@H]1O,1,O=C1C=C(C2CCC3C2CCC2C4CCC(OC5CCC(OC6CCC(OC7CCCCO7)CO6)CO5)CC4CCC23)CO1,0.20446428571428574,0,0.09540108797375363
CCCC1O[C@@H]2C[C@H]3[C@@H]4CCC5=CC(=O)C=C[C@]5(C)[C@H]4[C@@H](O)C[C@]3(C)[C@]2(C(=O)CO)O1,0,O=C1C=CC2C(=C1)CCC1C2CCC2C1CC1OCOC12,C#C[C@]1(O)C=C[C@H]2[C@@H]3CCC4=CC(=O)CC[C@@H]4[C@H]3CC[C@@]21CC,1,O=C1C=C2CCC3C4C=CCC4CCC3C2CC1,0.20387218045112784,0,0.3964508383103613
COc1cc2c(c(OC)c1OC)-c1ccc(OC)c(=O)cc1C(NC(C)=O)CC2,1,O=c1cccc2c(c1)CCCc1ccccc1-2,COc1ccc(C2CNC(=O)C2)cc1OC1CCCC1,1,O=C1CC(c2cccc(OC3CCCC3)c2)CN1,0.2555492957746479,1,0.9694156829271493
COc1cc2c(c(OC)c1OC)-c1ccc(OC)c(=O)cc1C(NC(C)=O)CC2,1,O=c1cccc2c(c1)CCCc1ccccc1-2,COc1ccc2c(c1OC)C(=O)O[C@@H]2[C@H]1c2c(cc3c(c2OC)OCO3)CCN1C,1,O=C1OC(C2NCCc3cc4c(cc32)OCO4)c2ccccc21,0.2515447154471545,1,0.927695345792977
COc1cc2c(c(OC)c1OC)-c1ccc(OC)c(=O)cc1C(NC(C)=O)CC2,1,O=c1cccc2c(c1)CCCc1ccccc1-2,COc1cc2c(N)nc(N3CCN(C(=O)OCC(C)(C)O)CC3)nc2c(OC)c1OC,1,c1ccc2nc(N3CCNCC3)ncc2c1,0.21172927002126155,1,0.9785195942800825
COc1cc2c(c(OC)c1OC)-c1ccc(OC)c(=O)cc1C(NC(C)=O)CC2,1,O=c1cccc2c(c1)CCCc1ccccc1-2,COc1cc(OC)c(C(=O)CCCN2CCCC2)c(OC)c1,1,O=C(CCCN1CCCC1)c1ccccc1,0.21106382978723406,1,0.9359082700249385
C=C1/C(=C\C=C2/CCC[C@]3(C)[C@@H]([C@H](C)CCCC(C)(C)O)CC[C@@H]23)C[C@@H](O)C[C@@H]1O,1,C=C1CCCCC1=CC=C1CCCC2CCCC12,C#C[C@]1(O)CC[C@H]2[C@@H]3CCC4=CCCC[C@@H]4[C@H]3CC[C@@]21C,1,C1=C2CCC3C4CCCC4CCC3C2CCC1,0.1860558916738692,1,0.7433581531505904
C=C1/C(=C\C=C2/CCC[C@]3(C)[C@@H]([C@H](C)CCCC(C)(C)O)CC[C@@H]23)C[C@@H](O)C[C@@H]1O,1,C=C1CCCCC1=CC=C1CCCC2CCCC12,CC1=CC[C@@H](C(C)(C)O)C[C@@H]1O,1,C1=CCCCC1,0.1850547730829421,1,0.7980377796745451
C=C1/C(=C\C=C2/CCC[C@]3(C)[C@@H]([C@H](C)CCCC(C)(C)O)CC[C@@H]23)C[C@@H](O)C[C@@H]1O,1,C=C1CCCCC1=CC=C1CCCC2CCCC12,CCCCC(C)(O)C/C=C/[C@H]1[C@H](O)CC(=O)[C@@H]1CCCCCCC(=O)OC,1,O=C1CCCC1,0.17331560283687944,1,0.8724549975130895
C=C1/C(=C\C=C2/CCC[C@]3(C)[C@@H]([C@H](C)CCCC(C)(C)O)CC[C@@H]23)C[C@@H](O)C[C@@H]1O,1,C=C1CCCCC1=CC=C1CCCC2CCCC12,C[C@H]1O[C@@H](O[C@H]2[C@@H](O)C[C@H](O[C@H]3[C@@H](O)C[C@H](O[C@H]4CC[C@@]5(C)[C@H](CC[C@@H]6[C@@H]5CC[C@]5(C)[C@@H](C7=CC(=O)OC7)CC[C@]65O)C4)O[C@@H]3C)O[C@@H]2C)C[C@H](O)[C@@H]1O,1,O=C1C=C(C2CCC3C2CCC2C4CCC(OC5CCC(OC6CCC(OC7CCCCO7)CO6)CO5)CC4CCC23)CO1,0.16055002370791843,1,0.8888914020943866
CO[C@]12CC[C@@]3(C[C@@H]1[C@](C)(O)C(C)(C)C)[C@H]1Cc4ccc(O)c5c4[C@@]3(CCN1CC1CC1)[C@H]2O5,1,c1cc2c3c(c1)OC1C4CCC5(CC4)C(C2)N(CC2CC2)CCC315,COc1ccc2c3c1O[C@H]1C[C@@H](O)C=C[C@@]31CCN(C)C2,1,C1=CC23CCNCc4cccc(c42)OC3CC1,0.2564251207729469,1,0.8933602280720006
CO[C@]12CC[C@@]3(C[C@@H]1[C@](C)(O)C(C)(C)C)[C@H]1Cc4ccc(O)c5c4[C@@]3(CCN1CC1CC1)[C@H]2O5,1,c1cc2c3c(c1)OC1C4CCC5(CC4)C(C2)N(CC2CC2)CCC315,CCC(=O)C1(c2cccc(O)c2)CCN(C)CC1,1,c1ccc(C2CCNCC2)cc1,0.18737541528239204,1,0.8738782481149721
CO[C@]12CC[C@@]3(C[C@@H]1[C@](C)(O)C(C)(C)C)[C@H]1Cc4ccc(O)c5c4[C@@]3(CCN1CC1CC1)[C@H]2O5,1,c1cc2c3c(c1)OC1C4CCC5(CC4)C(C2)N(CC2CC2)CCC315,COc1ccc2c(c1OC)C(=O)O[C@@H]2[C@H]1c2c(cc3c(c2OC)OCO3)CCN1C,1,O=C1OC(C2NCCc3cc4c(cc32)OCO4)c2ccccc21,0.18257425742574257,1,0.7849854942141822
CO[C@]12CC[C@@]3(C[C@@H]1[C@](C)(O)C(C)(C)C)[C@H]1Cc4ccc(O)c5c4[C@@]3(CCN1CC1CC1)[C@H]2O5,1,c1cc2c3c(c1)OC1C4CCC5(CC4)C(C2)N(CC2CC2)CCC315,CCOC(=O)C1(c2ccccc2)CCN(C)CC1,1,c1ccc(C2CCNCC2)cc1,0.18095238095238095,1,0.8453212980042116
CC(C)(O/N=C(\C(=O)N[C@@H]1C(=O)N2C(C(=O)[O-])=C(C[n+]3ccccc3)CS[C@H]12)c1csc(N)n1)C(=O)O,0,N=C(C(=O)NC1C(=O)N2C=C(C[n+]3ccccc3)CSC12)c1cscn1,C=CC1=C(C(=O)O)N2C(=O)[C@@H](NC(=O)/C(=N\OCC(=O)O)c3csc(N)n3)[C@H]2SC1,1,N=C(C(=O)NC1C(=O)N2C=CCSC12)c1cscn1,0.54,0,0.17678049041063335
CC(C)(O/N=C(\C(=O)N[C@@H]1C(=O)N2C(C(=O)[O-])=C(C[n+]3ccccc3)CS[C@H]12)c1csc(N)n1)C(=O)O,0,N=C(C(=O)NC1C(=O)N2C=C(C[n+]3ccccc3)CSC12)c1cscn1,C=CC1=C(C(=O)O)N2C(=O)[C@@H](NC(=O)/C(=N\O)c3csc(N)n3)[C@H]2SC1,1,N=C(C(=O)NC1C(=O)N2C=CCSC12)c1cscn1,0.5004981320049813,0,0.23239619831579722
CC(C)(O/N=C(\C(=O)N[C@@H]1C(=O)N2C(C(=O)[O-])=C(C[n+]3ccccc3)CS[C@H]12)c1csc(N)n1)C(=O)O,0,N=C(C(=O)NC1C(=O)N2C=C(C[n+]3ccccc3)CSC12)c1cscn1,CO/N=C(\C(=O)N[C@@H]1C(=O)N2C(C(=O)O)=C(COC(N)=O)CS[C@H]12)c1ccco1,1,N=C(C(=O)NC1C(=O)N2C=CCSC12)c1ccco1,0.40977340977340976,0,0.234486988713519
CC(C)(O/N=C(\C(=O)N[C@@H]1C(=O)N2C(C(=O)[O-])=C(C[n+]3ccccc3)CS[C@H]12)c1csc(N)n1)C(=O)O,0,N=C(C(=O)NC1C(=O)N2C=C(C[n+]3ccccc3)CSC12)c1cscn1,CC1=C(C(=O)O)N2C(=O)[C@@H](NC(=O)[C@H](N)c3ccccc3)[C@H]2SC1,1,O=C(Cc1ccccc1)NC1C(=O)N2C=CCSC12,0.33204968944099383,0,0.3838419742877793
CCC1(c2cccc(O)c2)CCCCN(C)C1,0,c1ccc(C2CCCCNC2)cc1,CCC(=O)C1(c2cccc(O)c2)CCN(C)CC1,1,c1ccc(C2CCNCC2)cc1,0.5423809523809524,0,0.3484488786909258
CCC1(c2cccc(O)c2)CCCCN(C)C1,0,c1ccc(C2CCCCNC2)cc1,CCOC(=O)C1(c2ccccc2)CCN(C)CC1,1,c1ccc(C2CCNCC2)cc1,0.33606237816764134,0,0.47019048066044566
CCC1(c2cccc(O)c2)CCCCN(C)C1,0,c1ccc(C2CCCCNC2)cc1,c1ccc(C2(N3CCCCC3)CCCCC2)cc1,1,c1ccc(C2(N3CCCCC3)CCCCC2)cc1,0.31708575112830434,0,0.44269134208041944
CCC1(c2cccc(O)c2)CCCCN(C)C1,0,c1ccc(C2CCCCNC2)cc1,COc1cccc([C@@]2(O)CCCC[C@@H]2CN(C)C)c1,1,c1ccc(C2CCCCC2)cc1,0.2851730418943534,0,0.3002305699068408
C[C@@H](O[C@H]1OCCN(Cc2n[nH]c(=O)[nH]2)[C@H]1c1ccc(F)cc1)c1cc(C(F)(F)F)cc(C(F)(F)F)c1,1,O=c1[nH]nc(CN2CCOC(OCc3ccccc3)C2c2ccccc2)[nH]1,CN(c1nccc(=O)[nH]1)C1CCN(c2nc3ccccc3n2Cc2ccc(F)cc2)CC1,1,O=c1ccnc(NC2CCN(c3nc4ccccc4n3Cc3ccccc3)CC2)[nH]1,0.2356595191682911,1,0.9580168972155948
C[C@@H](O[C@H]1OCCN(Cc2n[nH]c(=O)[nH]2)[C@H]1c1ccc(F)cc1)c1cc(C(F)(F)F)cc(C(F)(F)F)c1,1,O=c1[nH]nc(CN2CCOC(OCc3ccccc3)C2c2ccccc2)[nH]1,O=c1[nH]c2ccccc2n1C1CCN(CCCC(c2ccc(F)cc2)c2ccc(F)cc2)CC1,1,O=c1[nH]c2ccccc2n1C1CCN(CCCC(c2ccccc2)c2ccccc2)CC1,0.22709284627092846,1,0.8691988922064372
C[C@@H](O[C@H]1OCCN(Cc2n[nH]c(=O)[nH]2)[C@H]1c1ccc(F)cc1)c1cc(C(F)(F)F)cc(C(F)(F)F)c1,1,O=c1[nH]nc(CN2CCOC(OCc3ccccc3)C2c2ccccc2)[nH]1,O=C(c1ccc(F)cc1)C1CCN(CCn2c(=O)[nH]c3ccccc3c2=O)CC1,1,O=C(c1ccccc1)C1CCN(CCn2c(=O)[nH]c3ccccc3c2=O)CC1,0.22453102453102453,1,0.8745545482473673
C[C@@H](O[C@H]1OCCN(Cc2n[nH]c(=O)[nH]2)[C@H]1c1ccc(F)cc1)c1cc(C(F)(F)F)cc(C(F)(F)F)c1,1,O=c1[nH]nc(CN2CCOC(OCc3ccccc3)C2c2ccccc2)[nH]1,C[C@H](CN1CCOCC1)C(C(=O)N1CCCC1)(c1ccccc1)c1ccccc1,1,O=C(N1CCCC1)C(CCN1CCOCC1)(c1ccccc1)c1ccccc1,0.191261451726568,1,0.9916250142598616
CC1(C)S[C@@H]2[C@H](NC(=O)[C@H](C(=O)O)c3ccsc3)C(=O)N2[C@H]1C(=O)O,0,O=C(Cc1ccsc1)NC1C(=O)N2CCSC12,CC1(C)S[C@@H]2[C@H](NC(=O)[C@H](N)c3ccccc3)C(=O)N2[C@H]1C(=O)O,1,O=C(Cc1ccccc1)NC1C(=O)N2CCSC12,0.616551724137931,0,0.23782492685738718
CC1(C)S[C@@H]2[C@H](NC(=O)[C@H](C(=O)O)c3ccsc3)C(=O)N2[C@H]1C(=O)O,0,O=C(Cc1ccsc1)NC1C(=O)N2CCSC12,CC1(C)S[C@@H]2[C@H](NC(=O)[C@H](N)c3ccc(O)cc3)C(=O)N2[C@H]1C(=O)O,1,O=C(Cc1ccccc1)NC1C(=O)N2CCSC12,0.5911111111111111,0,0.3576849052853687
CC1(C)S[C@@H]2[C@H](NC(=O)[C@H](C(=O)O)c3ccsc3)C(=O)N2[C@H]1C(=O)O,0,O=C(Cc1ccsc1)NC1C(=O)N2CCSC12,CC1(C)S[C@@H]2[C@H](NC(=O)[C@H](N=[N+]=[N-])c3ccccc3)C(=O)N2[C@H]1C(=O)O,1,O=C(Cc1ccccc1)NC1C(=O)N2CCSC12,0.5611111111111111,0,0.2623932891749243
CC1(C)S[C@@H]2[C@H](NC(=O)[C@H](C(=O)O)c3ccsc3)C(=O)N2[C@H]1C(=O)O,0,O=C(Cc1ccsc1)NC1C(=O)N2CCSC12,Cc1onc(-c2ccccc2)c1C(=O)N[C@@H]1C(=O)N2[C@@H]1SC(C)(C)[C@@H]2C(=O)O,1,O=C(NC1C(=O)N2CCSC12)c1conc1-c1ccccc1,0.48793650793650795,0,0.3508260873811756
COc1ccccc1N1CCN(CCCNc2cc(=O)n(C)c(=O)n2C)CC1,1,O=c1cc(NCCCN2CCN(c3ccccc3)CC2)[nH]c(=O)[nH]1,COc1cc(OC)c(C(=O)CCCN2CCCC2)c(OC)c1,1,O=C(CCCN1CCCC1)c1ccccc1,0.29634615384615387,1,0.8604764514580958
COc1ccccc1N1CCN(CCCNc2cc(=O)n(C)c(=O)n2C)CC1,1,O=c1cc(NCCCN2CCN(c3ccccc3)CC2)[nH]c(=O)[nH]1,O=c1n(CCCN2CCN(c3cccc(Cl)c3)CC2)nc2ccccn12,1,O=c1n(CCCN2CCN(c3ccccc3)CC2)nc2ccccn12,0.2958794860434205,1,0.9178606454757927
COc1ccccc1N1CCN(CCCNc2cc(=O)n(C)c(=O)n2C)CC1,1,O=c1cc(NCCCN2CCN(c3ccccc3)CC2)[nH]c(=O)[nH]1,CNCCCN1c2ccccc2CCc2ccccc21,1,c1ccc2c(c1)CCc1ccccc1N2,0.2505768063145113,1,0.8526428149848042
COc1ccccc1N1CCN(CCCNc2cc(=O)n(C)c(=O)n2C)CC1,1,O=c1cc(NCCCN2CCN(c3ccccc3)CC2)[nH]c(=O)[nH]1,OCCN1CCN(CCCN2c3ccccc3Sc3ccc(Cl)cc32)CC1,1,c1ccc2c(c1)Sc1ccccc1N2CCCN1CCNCC1,0.24745762711864408,1,0.8923275258408809
NS(=O)(=O)c1cc(C(=O)O)c(NCc2ccco2)cc1Cl,1,c1ccc(NCc2ccco2)cc1,Cc1cccc(C)c1NC(=O)c1cc(S(N)(=O)=O)c(Cl)cc1O,1,O=C(Nc1ccccc1)c1ccccc1,0.3592982456140351,1,0.9934511997452576
NS(=O)(=O)c1cc(C(=O)O)c(NCc2ccco2)cc1Cl,1,c1ccc(NCc2ccco2)cc1,CCCCNc1cc(C(=O)O)cc(S(N)(=O)=O)c1Oc1ccccc1,1,c1ccc(Oc2ccccc2)cc1,0.3136536994660565,1,0.9981114954067353
NS(=O)(=O)c1cc(C(=O)O)c(NCc2ccco2)cc1Cl,1,c1ccc(NCc2ccco2)cc1,NS(=O)(=O)c1cc2c(cc1Cl)NCNS2(=O)=O,1,O=S1(=O)NCNc2ccccc21,0.28978494623655915,1,0.9968286638644077
NS(=O)(=O)c1cc(C(=O)O)c(NCc2ccco2)cc1Cl,1,c1ccc(NCc2ccco2)cc1,Cc1ccccc1N1C(=O)c2cc(S(N)(=O)=O)c(Cl)cc2NC1C,1,O=C1c2ccccc2NCN1c1ccccc1,0.2678571428571429,1,0.9934443047390816
CCOC(=O)C1(c2ccccc2)CCN(C)CC1,1,c1ccc(C2CCNCC2)cc1,CCC(=O)C1(c2cccc(O)c2)CCN(C)CC1,1,c1ccc(C2CCNCC2)cc1,0.49704491725768324,1,0.5015394802583788
CCOC(=O)C1(c2ccccc2)CCN(C)CC1,1,c1ccc(C2CCNCC2)cc1,CCC1(c2ccccc2)C(=O)NCNC1=O,1,O=C1NCNC(=O)C1c1ccccc1,0.3068693009118541,1,0.9512398013047065
CCOC(=O)C1(c2ccccc2)CCN(C)CC1,1,c1ccc(C2CCNCC2)cc1,CCN1CC(CCN2CCOCC2)C(c2ccccc2)(c2ccccc2)C1=O,1,O=C1NCC(CCN2CCOCC2)C1(c1ccccc1)c1ccccc1,0.3066666666666667,1,0.855618349315009
CCOC(=O)C1(c2ccccc2)CCN(C)CC1,1,c1ccc(C2CCNCC2)cc1,c1ccc(C2(N3CCCCC3)CCCCC2)cc1,1,c1ccc(C2(N3CCCCC3)CCCCC2)cc1,0.29777777777777775,1,0.6751683982866408
CCC(=O)C1(c2cccc(O)c2)CCN(C)CC1,1,c1ccc(C2CCNCC2)cc1,CCOC(=O)C1(c2ccccc2)CCN(C)CC1,1,c1ccc(C2CCNCC2)cc1,0.49704491725768324,1,0.7400815485471389
CCC(=O)C1(c2cccc(O)c2)CCN(C)CC1,1,c1ccc(C2CCNCC2)cc1,CNC[C@H](O)c1cccc(O)c1,1,c1ccccc1,0.2901098901098901,1,0.7783062642391178
CCC(=O)C1(c2cccc(O)c2)CCN(C)CC1,1,c1ccc(C2CCNCC2)cc1,CCC1(c2ccccc2)C(=O)NCNC1=O,1,O=C1NCNC(=O)C1c1ccccc1,0.27115789473684215,1,0.9839304906552157
CCC(=O)C1(c2cccc(O)c2)CCN(C)CC1,1,c1ccc(C2CCNCC2)cc1,CN(C)C(=O)C(CCN1CCC(O)(c2ccc(Cl)cc2)CC1)(c1ccccc1)c1ccccc1,1,c1ccc(C2CCN(CCC(c3ccccc3)c3ccccc3)CC2)cc1,0.2591298825023817,1,0.8315691597169544
CN[C@@H]1CCc2[nH]c3ccc(C(N)=O)cc3c2C1,1,c1ccc2c3c([nH]c2c1)CCCC3,COC(=O)[C@@H]1[C@H]2C[C@H]3c4[nH]c5ccccc5c4CCN3C[C@@H]2CC[C@@H]1O,1,c1ccc2c3c([nH]c2c1)C1CC2CCCCC2CN1CC3,0.24175824175824176,1,0.8751066533982395
CN[C@@H]1CCc2[nH]c3ccc(C(N)=O)cc3c2C1,1,c1ccc2c3c([nH]c2c1)CCCC3,CN1[C@@H]2CC[C@H]1C[C@@H](OC(=O)c1c[nH]c3ccccc13)C2,1,O=C(OC1CC2CCC(C1)N2)c1c[nH]c2ccccc12,0.21561497326203208,1,0.8967399382435286
CN[C@@H]1CCc2[nH]c3ccc(C(N)=O)cc3c2C1,1,c1ccc2c3c([nH]c2c1)CCCC3,O=C(c1ccc(F)cc1)C1CCN(CCn2c(=O)[nH]c3ccccc3c2=O)CC1,1,O=C(c1ccccc1)C1CCN(CCn2c(=O)[nH]c3ccccc3c2=O)CC1,0.2130909090909091,1,0.8701004640958373
CN[C@@H]1CCc2[nH]c3ccc(C(N)=O)cc3c2C1,1,c1ccc2c3c([nH]c2c1)CCCC3,CC(CCc1ccccc1)NCC(O)c1ccc(O)c(C(N)=O)c1,1,c1ccc(CCCNCCc2ccccc2)cc1,0.20469148393676695,1,0.9830551847250424
CN1CCN(C(=O)OC2c3nccnc3C(=O)N2c2ccc(Cl)cn2)CC1,1,O=C(OC1c2nccnc2C(=O)N1c1ccccn1)N1CCNCC1,CCOC(=O)C1(c2ccccc2)CCN(C)CC1,1,c1ccc(C2CCNCC2)cc1,0.2242587601078167,1,0.9531965513839947
CN1CCN(C(=O)OC2c3nccnc3C(=O)N2c2ccc(Cl)cn2)CC1,1,O=C(OC1c2nccnc2C(=O)N1c1ccccn1)N1CCNCC1,CN1CCN(C2=Nc3cc(Cl)ccc3Nc3ccccc32)CC1,1,c1ccc2c(c1)N=C(N1CCNCC1)c1ccccc1N2,0.22133333333333335,1,0.9862944057314574
CN1CCN(C(=O)OC2c3nccnc3C(=O)N2c2ccc(Cl)cn2)CC1,1,O=C(OC1c2nccnc2C(=O)N1c1ccccn1)N1CCNCC1,O=C(NCCN1CCOCC1)c1ccc(Cl)cc1,1,O=C(NCCN1CCOCC1)c1ccccc1,0.2181368915245861,1,0.9816388788280489
CN1CCN(C(=O)OC2c3nccnc3C(=O)N2c2ccc(Cl)cn2)CC1,1,O=C(OC1c2nccnc2C(=O)N1c1ccccn1)N1CCNCC1,COc1cc2c(N)nc(N3CCN(C(=O)OCC(C)(C)O)CC3)nc2c(OC)c1OC,1,c1ccc2nc(N3CCNCC3)ncc2c1,0.20969538159187687,1,0.9502928634442153
CCOC(=O)[C@H](CCc1ccccc1)N[C@@H](C)C(=O)N1[C@H](C(=O)O)C[C@@H]2CCC[C@@H]21,1,O=C(CNCCCc1ccccc1)N1CCC2CCCC21,CCC[C@H](N[C@@H](C)C(=O)N1[C@H](C(=O)O)C[C@@H]2CCCC[C@@H]21)C(=O)OCC,1,C1CCC2NCCC2C1,0.758007662835249,1,0.8975474843668988
CCOC(=O)[C@H](CCc1ccccc1)N[C@@H](C)C(=O)N1[C@H](C(=O)O)C[C@@H]2CCC[C@@H]21,1,O=C(CNCCCc1ccccc1)N1CCC2CCCC21,CCOC(=O)[C@H](CCc1ccccc1)N[C@@H](C)C(=O)N1CCC[C@H]1C(=O)O,1,O=C(CNCCCc1ccccc1)N1CCCC1,0.715268817204301,1,0.9090481748285302
CCOC(=O)[C@H](CCc1ccccc1)N[C@@H](C)C(=O)N1[C@H](C(=O)O)C[C@@H]2CCC[C@@H]21,1,O=C(CNCCCc1ccccc1)N1CCC2CCCC21,CCOC(=O)[C@H](CCc1ccccc1)N[C@@H](C)C(=O)N1Cc2ccccc2C[C@H]1C(=O)O,1,O=C(CNCCCc1ccccc1)N1CCc2ccccc2C1,0.6348484848484849,1,0.9097955622257189
CCOC(=O)[C@H](CCc1ccccc1)N[C@@H](C)C(=O)N1[C@H](C(=O)O)C[C@@H]2CCC[C@@H]21,1,O=C(CNCCCc1ccccc1)N1CCC2CCCC21,CCOC(=O)[C@H](CCc1ccccc1)N[C@H]1CCCN2CCC[C@@H](C(=O)O)N2C1=O,1,O=C1C(NCCCc2ccccc2)CCCN2CCCCN12,0.5111111111111111,1,0.9480795705980725
CC(=O)O[C@H]1C[C@@H]2CC[C@@H]3[C@H](CC[C@@]4(C)[C@H]3C[C@H]([N+]3(C)CCCCC3)[C@@H]4OC(C)=O)[C@@]2(C)C[C@@H]1N1CCCCC1,0,C1CCN(C2CCC3CCC4C5CC([NH+]6CCCCC6)CC5CCC4C3C2)CC1,CC(C)(C)NC(=O)[C@H]1CC[C@H]2[C@@H]3CC[C@H]4NC(=O)C=C[C@]4(C)[C@H]3CC[C@]12C,1,O=C1C=CC2C(CCC3C4CCCC4CCC23)N1,0.21026819923371648,0,0.13913897516304852
CC(=O)O[C@H]1C[C@@H]2CC[C@@H]3[C@H](CC[C@@]4(C)[C@H]3C[C@H]([N+]3(C)CCCCC3)[C@@H]4OC(C)=O)[C@@]2(C)C[C@@H]1N1CCCCC1,0,C1CCN(C2CCC3CCC4C5CC([NH+]6CCCCC6)CC5CCC4C3C2)CC1,C[C@H]1O[C@@H](O[C@H]2[C@@H](O)C[C@H](O[C@H]3[C@@H](O)C[C@H](O[C@H]4CC[C@@]5(C)[C@H](CC[C@@H]6[C@@H]5CC[C@]5(C)[C@@H](C7=CC(=O)OC7)CC[C@]65O)C4)O[C@@H]3C)O[C@@H]2C)C[C@H](O)[C@@H]1O,1,O=C1C=C(C2CCC3C2CCC2C4CCC(OC5CCC(OC6CCC(OC7CCCCO7)CO6)CO5)CC4CCC23)CO1,0.17848690333732217,0,0.09970034127637536
CC(=O)O[C@H]1C[C@@H]2CC[C@@H]3[C@H](CC[C@@]4(C)[C@H]3C[C@H]([N+]3(C)CCCCC3)[C@@H]4OC(C)=O)[C@@]2(C)C[C@@H]1N1CCCCC1,0,C1CCN(C2CCC3CCC4C5CC([NH+]6CCCCC6)CC5CCC4C3C2)CC1,C[C@H]1O[C@@H](O[C@H]2[C@@H](O)C[C@H](O[C@H]3[C@@H](O)C[C@H](O[C@H]4CC[C@@]5(C)[C@H](CC[C@@H]6[C@@H]5C[C@@H](O)[C@]5(C)[C@@H](C7=CC(=O)OC7)CC[C@]65O)C4)O[C@@H]3C)O[C@@H]2C)C[C@H](O)[C@@H]1O,1,O=C1C=C(C2CCC3C2CCC2C4CCC(OC5CCC(OC6CCC(OC7CCCCO7)CO6)CO5)CC4CCC23)CO1,0.16935064935064936,0,0.07771057678250946
CC(=O)O[C@H]1C[C@@H]2CC[C@@H]3[C@H](CC[C@@]4(C)[C@H]3C[C@H]([N+]3(C)CCCCC3)[C@@H]4OC(C)=O)[C@@]2(C)C[C@@H]1N1CCCCC1,0,C1CCN(C2CCC3CCC4C5CC([NH+]6CCCCC6)CC5CCC4C3C2)CC1,CC(=O)S[C@@H]1CC2=CC(=O)CC[C@]2(C)[C@H]2CC[C@@]3(C)[C@@H](CC[C@@]34CCC(=O)O4)[C@H]12,1,O=C1C=C2CCC3C(CCC4C3CCC43CCC(=O)O3)C2CC1,0.16718805545680768,0,0.11659352650362577
CC(C)C[C@H]1C(=O)N2CCC[C@H]2[C@]2(O)O[C@](NC(=O)[C@@H]3C=C4c5cccc6[nH]c(Br)c(c56)C[C@H]4N(C)C3)(C(C)C)C(=O)N12,0,O=C(NC1OC2C3CCCN3C(=O)CN2C1=O)C1C=C2c3cccc4[nH]cc(c34)CC2NC1,C=CCN1C[C@H](C(=O)N(CCCN(C)C)C(=O)NCC)C[C@@H]2c3cccc4[nH]cc(c34)C[C@H]21,1,c1cc2c3c(c[nH]c3c1)CC1NCCCC21,0.21317801237713874,0,0.10719802470372763
CC(C)C[C@H]1C(=O)N2CCC[C@H]2[C@]2(O)O[C@](NC(=O)[C@@H]3C=C4c5cccc6[nH]c(Br)c(c56)C[C@H]4N(C)C3)(C(C)C)C(=O)N12,0,O=C(NC1OC2C3CCCN3C(=O)CN2C1=O)C1C=C2c3cccc4[nH]cc(c34)CC2NC1,COC(=O)[C@@H]1[C@H]2C[C@H]3c4[nH]c5ccccc5c4CCN3C[C@@H]2CC[C@@H]1O,1,c1ccc2c3c([nH]c2c1)C1CC2CCCCC2CN1CC3,0.21307891075332935,0,0.10265362981671287
CC(C)C[C@H]1C(=O)N2CCC[C@H]2[C@]2(O)O[C@](NC(=O)[C@@H]3C=C4c5cccc6[nH]c(Br)c(c56)C[C@H]4N(C)C3)(C(C)C)C(=O)N12,0,O=C(NC1OC2C3CCCN3C(=O)CN2C1=O)C1C=C2c3cccc4[nH]cc(c34)CC2NC1,O=C(c1ccc(F)cc1)C1CCN(CCn2c(=O)[nH]c3ccccc3c2=O)CC1,1,O=C(c1ccccc1)C1CCN(CCn2c(=O)[nH]c3ccccc3c2=O)CC1,0.19794313369630973,0,0.1369042082497632
CC(C)C[C@H]1C(=O)N2CCC[C@H]2[C@]2(O)O[C@](NC(=O)[C@@H]3C=C4c5cccc6[nH]c(Br)c(c56)C[C@H]4N(C)C3)(C(C)C)C(=O)N12,0,O=C(NC1OC2C3CCCN3C(=O)CN2C1=O)C1C=C2c3cccc4[nH]cc(c34)CC2NC1,CN1[C@@H]2CC[C@H]1C[C@@H](OC(=O)c1c[nH]c3ccccc13)C2,1,O=C(OC1CC2CCC(C1)N2)c1c[nH]c2ccccc12,0.19333812604840644,0,0.02483461603380997
CCCNCC(O)COc1ccccc1C(=O)CCc1ccccc1,0,O=C(CCc1ccccc1)c1ccccc1,COc1ccc(CCNCC(O)COc2cccc(C)c2)cc1OC,1,c1ccc(CCNCCCOc2ccccc2)cc1,0.3981950711558487,0,0.33797645636190626
CCCNCC(O)COc1ccccc1C(=O)CCc1ccccc1,0,O=C(CCc1ccccc1)c1ccccc1,CCCC(=O)Nc1ccc(OCC(O)CNC(C)C)c(C(C)=O)c1,1,c1ccccc1,0.3964666463600366,1,0.5045277916978569
CCCNCC(O)COc1ccccc1C(=O)CCc1ccccc1,0,O=C(CCc1ccccc1)c1ccccc1,CC(C)(C)NC[C@H](O)COc1ccccc1C1CCCC1,1,c1ccc(C2CCCC2)cc1,0.3767857142857143,1,0.5760131415611538
CCCNCC(O)COc1ccccc1C(=O)CCc1ccccc1,0,O=C(CCc1ccccc1)c1ccccc1,C=CCOc1ccccc1OCC(O)CNC(C)C,1,c1ccccc1,0.3752380952380952,0,0.4943139101171729
CCCN(CCC)CCc1cccc2c1CC(=O)N2,1,O=C1Cc2ccccc2N1,CC(C)(C)NCC(O)COc1cccc2c1CCC(=O)N2,1,O=C1CCc2ccccc2N1,0.2965714285714286,1,0.9852870214443523
CCCN(CCC)CCc1cccc2c1CC(=O)N2,1,O=C1Cc2ccccc2N1,CCC1(c2ccccc2)C(=O)NCNC1=O,1,O=C1NCNC(=O)C1c1ccccc1,0.27115789473684215,1,0.9922376921209867
CCCN(CCC)CCc1cccc2c1CC(=O)N2,1,O=C1Cc2ccccc2N1,CCN(CC)CC(=O)Nc1c(C)cccc1C,1,c1ccccc1,0.26884531590413946,1,0.9640545104181005
CCCN(CCC)CCc1cccc2c1CC(=O)N2,1,O=C1Cc2ccccc2N1,O=C1Cc2cc(CCN3CCN(c4nsc5ccccc45)CC3)c(Cl)cc2N1,1,O=C1Cc2cc(CCN3CCN(c4nsc5ccccc45)CC3)ccc2N1,0.26839916839916844,1,0.9984206037487661
C[C@@H](O)[C@@H]1NC(=O)[C@H](CCCCN)NC(=O)[C@@H](Cc2c[nH]c3ccccc23)NC(=O)[C@H](Cc2ccccc2)NC(=O)[C@@H](NC(=O)[C@H](N)Cc2ccccc2)CSSC[C@@H](C(=O)N[C@H](CO)[C@@H](C)O)NC1=O,0,O=C1CNC(=O)CNC(=O)C(Cc2c[nH]c3ccccc23)NC(=O)C(Cc2ccccc2)NC(=O)C(NC(=O)CCc2ccccc2)CSSCCN1,CC(C)(Cc1c[nH]c2ccccc12)NCC(O)COc1ccccc1C#N,1,c1ccc(OCCCNCCc2c[nH]c3ccccc23)cc1,0.2313341775066191,0,0.0027278871987543606
C[C@@H](O)[C@@H]1NC(=O)[C@H](CCCCN)NC(=O)[C@@H](Cc2c[nH]c3ccccc23)NC(=O)[C@H](Cc2ccccc2)NC(=O)[C@@H](NC(=O)[C@H](N)Cc2ccccc2)CSSC[C@@H](C(=O)N[C@H](CO)[C@@H](C)O)NC1=O,0,O=C1CNC(=O)CNC(=O)C(Cc2c[nH]c3ccccc23)NC(=O)C(Cc2ccccc2)NC(=O)C(NC(=O)CCc2ccccc2)CSSCCN1,CN1CCC[C@@H]1Cc1c[nH]c2ccc(CCS(=O)(=O)c3ccccc3)cc12,1,O=S(=O)(CCc1ccc2[nH]cc(CC3CCCN3)c2c1)c1ccccc1,0.2127927927927928,0,0.0002760219207414282
C[C@@H](O)[C@@H]1NC(=O)[C@H](CCCCN)NC(=O)[C@@H](Cc2c[nH]c3ccccc23)NC(=O)[C@H](Cc2ccccc2)NC(=O)[C@@H](NC(=O)[C@H](N)Cc2ccccc2)CSSC[C@@H](C(=O)N[C@H](CO)[C@@H](C)O)NC1=O,0,O=C1CNC(=O)CNC(=O)C(Cc2c[nH]c3ccccc23)NC(=O)C(Cc2ccccc2)NC(=O)C(NC(=O)CCc2ccccc2)CSSCCN1,CN1[C@@H]2CC[C@H]1C[C@@H](OC(=O)c1c[nH]c3ccccc13)C2,1,O=C(OC1CC2CCC(C1)N2)c1c[nH]c2ccccc12,0.20690621814475027,0,0.0003857849283538059
C[C@@H](O)[C@@H]1NC(=O)[C@H](CCCCN)NC(=O)[C@@H](Cc2c[nH]c3ccccc23)NC(=O)[C@H](Cc2ccccc2)NC(=O)[C@@H](NC(=O)[C@H](N)Cc2ccccc2)CSSC[C@@H](C(=O)N[C@H](CO)[C@@H](C)O)NC1=O,0,O=C1CNC(=O)CNC(=O)C(Cc2c[nH]c3ccccc23)NC(=O)C(Cc2ccccc2)NC(=O)C(NC(=O)CCc2ccccc2)CSSCCN1,NCCCC[C@H](N[C@@H](CCc1ccccc1)C(=O)O)C(=O)N1CCC[C@H]1C(=O)O,1,O=C(CNCCCc1ccccc1)N1CCCC1,0.19600042548665036,0,0.0020664132623028106
CN(C)[C@@H]1C(O)=C(C(N)=O)C(=O)[C@@]2(O)C(O)=C3C(=O)c4c(O)ccc(Cl)c4[C@@](C)(O)[C@H]3C[C@@H]12,1,O=C1C2=CC3C(=O)C=CCC3CC2Cc2ccccc21,CN(C)[C@@H]1C(O)=C(C(N)=O)C(=O)[C@@]2(O)C(O)=C3C(=O)c4c(O)cccc4[C@@](C)(O)[C@H]3C[C@@H]12,1,O=C1C2=CC3C(=O)C=CCC3CC2Cc2ccccc21,0.7684615384615384,1,0.9952173907705195
CN(C)[C@@H]1C(O)=C(C(N)=O)C(=O)[C@@]2(O)C(O)=C3C(=O)c4c(O)ccc(Cl)c4[C@@](C)(O)[C@H]3C[C@@H]12,1,O=C1C2=CC3C(=O)C=CCC3CC2Cc2ccccc21,CN(C)[C@@H]1C(O)=C(C(N)=O)C(=O)[C@@]2(O)C(O)=C3C(=O)c4c(O)ccc(Cl)c4[C@@H](O)[C@H]3C[C@@H]12,1,O=C1C2=CC3C(=O)C=CCC3CC2Cc2ccccc21,0.7109652720809407,1,0.9952318790570674
CN(C)[C@@H]1C(O)=C(C(N)=O)C(=O)[C@@]2(O)C(O)=C3C(=O)c4c(O)ccc(Cl)c4[C@@](C)(O)[C@H]3C[C@@H]12,1,O=C1C2=CC3C(=O)C=CCC3CC2Cc2ccccc21,CN(C)c1ccc(O)c2c1C[C@H]1C[C@H]3[C@H](N(C)C)C(O)=C(C(N)=O)C(=O)[C@@]3(O)C(O)=C1C2=O,1,O=C1C2=CC3C(=O)C=CCC3CC2Cc2ccccc21,0.6146198830409357,1,0.992517336092181
CN(C)[C@@H]1C(O)=C(C(N)=O)C(=O)[C@@]2(O)C(O)=C3C(=O)c4c(O)ccc(Cl)c4[C@@](C)(O)[C@H]3C[C@@H]12,1,O=C1C2=CC3C(=O)C=CCC3CC2Cc2ccccc21,CN(C)[C@@H]1C(O)=C(C(N)=O)C(=O)[C@@]2(O)C(O)=C3C(=O)c4c(O)cccc4[C@@](C)(O)[C@H]3[C@H](O)[C@@H]12,1,O=C1C2=CC3C(=O)C=CCC3CC2Cc2ccccc21,0.5552857142857144,1,0.9984091896106104
CN(C)[C@@H]1C(O)=C(C(N)=O)C(=O)[C@@]2(O)C(O)=C3C(=O)c4c(O)ccc(Cl)c4[C@@H](O)[C@H]3C[C@@H]12,1,O=C1C2=CC3C(=O)C=CCC3CC2Cc2ccccc21,CN(C)[C@@H]1C(O)=C(C(N)=O)C(=O)[C@@]2(O)C(O)=C3C(=O)c4c(O)ccc(Cl)c4[C@@](C)(O)[C@H]3C[C@@H]12,1,O=C1C2=CC3C(=O)C=CCC3CC2Cc2ccccc21,0.7109652720809407,1,0.9914955298413023
CN(C)[C@@H]1C(O)=C(C(N)=O)C(=O)[C@@]2(O)C(O)=C3C(=O)c4c(O)ccc(Cl)c4[C@@H](O)[C@H]3C[C@@H]12,1,O=C1C2=CC3C(=O)C=CCC3CC2Cc2ccccc21,CN(C)c1ccc(O)c2c1C[C@H]1C[C@H]3[C@H](N(C)C)C(O)=C(C(N)=O)C(=O)[C@@]3(O)C(O)=C1C2=O,1,O=C1C2=CC3C(=O)C=CCC3CC2Cc2ccccc21,0.6170634920634921,1,0.9815626871372177
CN(C)[C@@H]1C(O)=C(C(N)=O)C(=O)[C@@]2(O)C(O)=C3C(=O)c4c(O)ccc(Cl)c4[C@@H](O)[C@H]3C[C@@H]12,1,O=C1C2=CC3C(=O)C=CCC3CC2Cc2ccccc21,CN(C)[C@@H]1C(O)=C(C(N)=O)C(=O)[C@@]2(O)C(O)=C3C(=O)c4c(O)cccc4[C@@](C)(O)[C@H]3C[C@@H]12,1,O=C1C2=CC3C(=O)C=CCC3CC2Cc2ccccc21,0.6084848484848485,1,0.991254180767882
CN(C)[C@@H]1C(O)=C(C(N)=O)C(=O)[C@@]2(O)C(O)=C3C(=O)c4c(O)ccc(Cl)c4[C@@H](O)[C@H]3C[C@@H]12,1,O=C1C2=CC3C(=O)C=CCC3CC2Cc2ccccc21,CN(C)[C@@H]1C(O)=C(C(N)=O)C(=O)[C@@]2(O)C(O)=C3C(=O)c4c(O)cccc4[C@@](C)(O)[C@H]3[C@H](O)[C@@H]12,1,O=C1C2=CC3C(=O)C=CCC3CC2Cc2ccccc21,0.5085535154500672,1,0.9968336022859543
CN(C)c1ccc(O)c2c1C[C@H]1C[C@H]3[C@H](N(C)C)C(O)=C(C(N)=O)C(=O)[C@@]3(O)C(O)=C1C2=O,1,O=C1C2=CC3C(=O)C=CCC3CC2Cc2ccccc21,CN(C)[C@@H]1C(O)=C(C(N)=O)C(=O)[C@@]2(O)C(O)=C3C(=O)c4c(O)cccc4[C@@](C)(O)[C@H]3C[C@@H]12,1,O=C1C2=CC3C(=O)C=CCC3CC2Cc2ccccc21,0.6176838810641628,1,0.9949938339811801
CN(C)c1ccc(O)c2c1C[C@H]1C[C@H]3[C@H](N(C)C)C(O)=C(C(N)=O)C(=O)[C@@]3(O)C(O)=C1C2=O,1,O=C1C2=CC3C(=O)C=CCC3CC2Cc2ccccc21,CN(C)[C@@H]1C(O)=C(C(N)=O)C(=O)[C@@]2(O)C(O)=C3C(=O)c4c(O)ccc(Cl)c4[C@@H](O)[C@H]3C[C@@H]12,1,O=C1C2=CC3C(=O)C=CCC3CC2Cc2ccccc21,0.6170634920634921,1,0.9947635093367706
CN(C)c1ccc(O)c2c1C[C@H]1C[C@H]3[C@H](N(C)C)C(O)=C(C(N)=O)C(=O)[C@@]3(O)C(O)=C1C2=O,1,O=C1C2=CC3C(=O)C=CCC3CC2Cc2ccccc21,CN(C)[C@@H]1C(O)=C(C(N)=O)C(=O)[C@@]2(O)C(O)=C3C(=O)c4c(O)ccc(Cl)c4[C@@](C)(O)[C@H]3C[C@@H]12,1,O=C1C2=CC3C(=O)C=CCC3CC2Cc2ccccc21,0.6146198830409357,1,0.996668690047847
CN(C)c1ccc(O)c2c1C[C@H]1C[C@H]3[C@H](N(C)C)C(O)=C(C(N)=O)C(=O)[C@@]3(O)C(O)=C1C2=O,1,O=C1C2=CC3C(=O)C=CCC3CC2Cc2ccccc21,C[C@H]1c2cccc(O)c2C(=O)C2=C(O)[C@]3(O)C(=O)C(C(N)=O)=C(O)[C@@H](N(C)C)[C@@H]3[C@@H](O)[C@@H]21,1,O=C1C2=CC3C(=O)C=CCC3CC2Cc2ccccc21,0.5157894736842106,1,0.9917216767316586
CN(C)[C@@H]1C(O)=C(C(N)=O)C(=O)[C@@]2(O)C(O)=C3C(=O)c4c(O)cccc4[C@@](C)(O)[C@H]3C[C@@H]12,1,O=C1C2=CC3C(=O)C=CCC3CC2Cc2ccccc21,CN(C)[C@@H]1C(O)=C(C(N)=O)C(=O)[C@@]2(O)C(O)=C3C(=O)c4c(O)ccc(Cl)c4[C@@](C)(O)[C@H]3C[C@@H]12,1,O=C1C2=CC3C(=O)C=CCC3CC2Cc2ccccc21,0.7684615384615384,1,0.9957134665101761
CN(C)[C@@H]1C(O)=C(C(N)=O)C(=O)[C@@]2(O)C(O)=C3C(=O)c4c(O)cccc4[C@@](C)(O)[C@H]3C[C@@H]12,1,O=C1C2=CC3C(=O)C=CCC3CC2Cc2ccccc21,CN(C)[C@@H]1C(O)=C(C(N)=O)C(=O)[C@@]2(O)C(O)=C3C(=O)c4c(O)cccc4[C@@](C)(O)[C@H]3[C@H](O)[C@@H]12,1,O=C1C2=CC3C(=O)C=CCC3CC2Cc2ccccc21,0.705313432835821,1,0.9974604250737281
CN(C)[C@@H]1C(O)=C(C(N)=O)C(=O)[C@@]2(O)C(O)=C3C(=O)c4c(O)cccc4[C@@](C)(O)[C@H]3C[C@@H]12,1,O=C1C2=CC3C(=O)C=CCC3CC2Cc2ccccc21,CN(C)c1ccc(O)c2c1C[C@H]1C[C@H]3[C@H](N(C)C)C(O)=C(C(N)=O)C(=O)[C@@]3(O)C(O)=C1C2=O,1,O=C1C2=CC3C(=O)C=CCC3CC2Cc2ccccc21,0.6176838810641628,1,0.9914680229445693
CN(C)[C@@H]1C(O)=C(C(N)=O)C(=O)[C@@]2(O)C(O)=C3C(=O)c4c(O)cccc4[C@@](C)(O)[C@H]3C[C@@H]12,1,O=C1C2=CC3C(=O)C=CCC3CC2Cc2ccccc21,CN(C)[C@@H]1C(O)=C(C(N)=O)C(=O)[C@@]2(O)C(O)=C3C(=O)c4c(O)ccc(Cl)c4[C@@H](O)[C@H]3C[C@@H]12,1,O=C1C2=CC3C(=O)C=CCC3CC2Cc2ccccc21,0.6084848484848485,1,0.9951669436884121
CN(C)[C@@H]1C(O)=C(C(N)=O)C(=O)[C@@]2(O)C(O)=C3C(=O)c4c(O)cccc4[C@@](C)(O)[C@H]3[C@H](O)[C@@H]12,1,O=C1C2=CC3C(=O)C=CCC3CC2Cc2ccccc21,CN(C)[C@@H]1C(O)=C(C(N)=O)C(=O)[C@@]2(O)C(O)=C3C(=O)c4c(O)cccc4[C@@](C)(O)[C@H]3C[C@@H]12,1,O=C1C2=CC3C(=O)C=CCC3CC2Cc2ccccc21,0.705313432835821,1,0.9876716771638557
CN(C)[C@@H]1C(O)=C(C(N)=O)C(=O)[C@@]2(O)C(O)=C3C(=O)c4c(O)cccc4[C@@](C)(O)[C@H]3[C@H](O)[C@@H]12,1,O=C1C2=CC3C(=O)C=CCC3CC2Cc2ccccc21,C[C@H]1c2cccc(O)c2C(=O)C2=C(O)[C@]3(O)C(=O)C(C(N)=O)=C(O)[C@@H](N(C)C)[C@@H]3[C@@H](O)[C@@H]21,1,O=C1C2=CC3C(=O)C=CCC3CC2Cc2ccccc21,0.705313432835821,1,0.98404607994206
CN(C)[C@@H]1C(O)=C(C(N)=O)C(=O)[C@@]2(O)C(O)=C3C(=O)c4c(O)cccc4[C@@](C)(O)[C@H]3[C@H](O)[C@@H]12,1,O=C1C2=CC3C(=O)C=CCC3CC2Cc2ccccc21,CN(C)[C@@H]1C(O)=C(C(N)=O)C(=O)[C@@]2(O)C(O)=C3C(=O)c4c(O)ccc(Cl)c4[C@@](C)(O)[C@H]3C[C@@H]12,1,O=C1C2=CC3C(=O)C=CCC3CC2Cc2ccccc21,0.5552857142857144,1,0.9910415983184266
CN(C)[C@@H]1C(O)=C(C(N)=O)C(=O)[C@@]2(O)C(O)=C3C(=O)c4c(O)cccc4[C@@](C)(O)[C@H]3[C@H](O)[C@@H]12,1,O=C1C2=CC3C(=O)C=CCC3CC2Cc2ccccc21,CN(C)[C@@H]1C(O)=C(C(N)=O)C(=O)[C@@]2(O)C(O)=C3C(=O)c4c(O)ccc(Cl)c4[C@@H](O)[C@H]3C[C@@H]12,1,O=C1C2=CC3C(=O)C=CCC3CC2Cc2ccccc21,0.5085535154500672,1,0.9888593140320104
C[C@H]1c2cccc(O)c2C(=O)C2=C(O)[C@]3(O)C(=O)C(C(N)=O)=C(O)[C@@H](N(C)C)[C@@H]3[C@@H](O)[C@@H]21,1,O=C1C2=CC3C(=O)C=CCC3CC2Cc2ccccc21,CN(C)[C@@H]1C(O)=C(C(N)=O)C(=O)[C@@]2(O)C(O)=C3C(=O)c4c(O)cccc4[C@@](C)(O)[C@H]3[C@H](O)[C@@H]12,1,O=C1C2=CC3C(=O)C=CCC3CC2Cc2ccccc21,0.705313432835821,1,0.9947266415674401
C[C@H]1c2cccc(O)c2C(=O)C2=C(O)[C@]3(O)C(=O)C(C(N)=O)=C(O)[C@@H](N(C)C)[C@@H]3[C@@H](O)[C@@H]21,1,O=C1C2=CC3C(=O)C=CCC3CC2Cc2ccccc21,CN(C)[C@@H]1C(O)=C(C(N)=O)C(=O)[C@@]2(O)C(O)=C3C(=O)c4c(O)cccc4[C@@](C)(O)[C@H]3C[C@@H]12,1,O=C1C2=CC3C(=O)C=CCC3CC2Cc2ccccc21,0.5745670715947273,1,0.989921142299118
C[C@H]1c2cccc(O)c2C(=O)C2=C(O)[C@]3(O)C(=O)C(C(N)=O)=C(O)[C@@H](N(C)C)[C@@H]3[C@@H](O)[C@@H]21,1,O=C1C2=CC3C(=O)C=CCC3CC2Cc2ccccc21,CN(C)c1ccc(O)c2c1C[C@H]1C[C@H]3[C@H](N(C)C)C(O)=C(C(N)=O)C(=O)[C@@]3(O)C(O)=C1C2=O,1,O=C1C2=CC3C(=O)C=CCC3CC2Cc2ccccc21,0.5157894736842106,1,0.9770341240116615
C[C@H]1c2cccc(O)c2C(=O)C2=C(O)[C@]3(O)C(=O)C(C(N)=O)=C(O)[C@@H](N(C)C)[C@@H]3[C@@H](O)[C@@H]21,1,O=C1C2=CC3C(=O)C=CCC3CC2Cc2ccccc21,CN(C)[C@@H]1C(O)=C(C(N)=O)C(=O)[C@@]2(O)C(O)=C3C(=O)c4c(O)ccc(Cl)c4[C@@](C)(O)[C@H]3C[C@@H]12,1,O=C1C2=CC3C(=O)C=CCC3CC2Cc2ccccc21,0.5120017913121362,1,0.9907686441531451
CN(C)CC/C=C1/c2ccccc2Sc2ccc(Cl)cc21,1,C=C1c2ccccc2Sc2ccccc21,CN(C)CCC=C1c2ccccc2C=Cc2ccccc21,1,C=C1c2ccccc2C=Cc2ccccc21,0.5028571428571429,1,0.9648190866069281
CN(C)CC/C=C1/c2ccccc2Sc2ccc(Cl)cc21,1,C=C1c2ccccc2Sc2ccccc21,CN(C)CCC=C1c2ccccc2CCc2ccccc21,1,C=C1c2ccccc2CCc2ccccc21,0.493968253968254,1,0.8719523796150146
CN(C)CC/C=C1/c2ccccc2Sc2ccc(Cl)cc21,1,C=C1c2ccccc2Sc2ccccc21,CN(C)CCCN1c2ccccc2Sc2ccc(Cl)cc21,1,c1ccc2c(c1)Nc1ccccc1S2,0.47692307692307695,1,0.8999601920608211
CN(C)CC/C=C1/c2ccccc2Sc2ccc(Cl)cc21,1,C=C1c2ccccc2Sc2ccccc21,CN(C)CCCN1c2ccccc2CCc2ccc(Cl)cc21,1,c1ccc2c(c1)CCc1ccccc1N2,0.35071488645920945,1,0.9498368005667378
CC1(C)O[C@@H]2[C@@H](CO[C@@]3(COS(N)(=O)=O)OC(C)(C)O[C@@H]23)O1,1,C1OC2COC3OCOC3C2O1,CS(=O)(=O)OCCCCOS(C)(=O)=O,1,,0.17754952311078503,1,0.995980286980515
CC1(C)O[C@@H]2[C@@H](CO[C@@]3(COS(N)(=O)=O)OC(C)(C)O[C@@H]23)O1,1,C1OC2COC3OCOC3C2O1,CS(=O)(=O)OC[C@H](O)[C@@H](O)COS(C)(=O)=O,1,,0.168,1,0.9900145447019165
CC1(C)O[C@@H]2[C@@H](CO[C@@]3(COS(N)(=O)=O)OC(C)(C)O[C@@H]23)O1,1,C1OC2COC3OCOC3C2O1,C[C@@H]1O[C@@H]1P(=O)(O)O,1,C1CO1,0.1207977207977208,1,0.7828358423737243
CC1(C)O[C@@H]2[C@@H](CO[C@@]3(COS(N)(=O)=O)OC(C)(C)O[C@@H]23)O1,1,C1OC2COC3OCOC3C2O1,Cc1c(C)c2c(c(C)c1O)CCC(C)(COc1ccc(CC3SC(=O)NC3=O)cc1)O2,1,O=C1NC(=O)C(Cc2ccc(OCC3CCc4ccccc4O3)cc2)S1,0.12060946271050521,1,0.9644720774496048
Clc1ccc2c(c1)C(N1CCNCC1)=Nc1ccccc1O2,1,c1ccc2c(c1)N=C(N1CCNCC1)c1ccccc1O2,CN1CCN(C2=Nc3cc(Cl)ccc3Nc3ccccc32)CC1,1,c1ccc2c(c1)N=C(N1CCNCC1)c1ccccc1N2,0.4225563909774436,1,0.9635510294044807
Clc1ccc2c(c1)C(N1CCNCC1)=Nc1ccccc1O2,1,c1ccc2c(c1)N=C(N1CCNCC1)c1ccccc1O2,Cc1cc2c(s1)Nc1ccccc1N=C2N1CCN(C)CC1,1,c1ccc2c(c1)N=C(N1CCNCC1)c1ccsc1N2,0.3198826979472141,1,0.9964220611671061
Clc1ccc2c(c1)C(N1CCNCC1)=Nc1ccccc1O2,1,c1ccc2c(c1)N=C(N1CCNCC1)c1ccccc1O2,OCCOCCN1CCN(C2=Nc3ccccc3Sc3ccccc32)CC1,1,c1ccc2c(c1)N=C(N1CCNCC1)c1ccccc1S2,0.3047212915016753,1,0.9690690423470594
Clc1ccc2c(c1)C(N1CCNCC1)=Nc1ccccc1O2,1,c1ccc2c(c1)N=C(N1CCNCC1)c1ccccc1O2,CNC1=Nc2ccc(Cl)cc2C(c2ccccc2)=[N+]([O-])C1,1,C1=Nc2ccccc2C(c2ccccc2)=[NH+]C1,0.28188775510204084,1,0.999147816018756
COc1cc(OC)c(C(=O)CCCN2CCCC2)c(OC)c1,1,O=C(CCCN1CCCC1)c1ccccc1,O=C(CCCN1CCC(O)(c2ccc(Cl)cc2)CC1)c1ccc(F)cc1,1,O=C(CCCN1CCC(c2ccccc2)CC1)c1ccccc1,0.3193989071038251,1,0.9370746353695791
COc1cc(OC)c(C(=O)CCCN2CCCC2)c(OC)c1,1,O=C(CCCN1CCCC1)c1ccccc1,COc1ccccc1N1CCN(CCCNc2cc(=O)n(C)c(=O)n2C)CC1,1,O=c1cc(NCCCN2CCN(c3ccccc3)CC2)[nH]c(=O)[nH]1,0.29634615384615387,1,0.9704041333321678
COc1cc(OC)c(C(=O)CCCN2CCCC2)c(OC)c1,1,O=C(CCCN1CCCC1)c1ccccc1,COc1cc(N)c(Cl)cc1C(=O)N[C@@H]1CCN(CCCOc2ccc(F)cc2)C[C@@H]1OC,1,O=C(NC1CCN(CCCOc2ccccc2)CC1)c1ccccc1,0.28058275614998807,1,0.9521750385212573
COc1cc(OC)c(C(=O)CCCN2CCCC2)c(OC)c1,1,O=C(CCCN1CCCC1)c1ccccc1,O=C(CCCN1CCC(n2c(O)nc3ccccc32)CC1)c1ccc(F)cc1,1,O=C(CCCN1CCC(n2cnc3ccccc32)CC1)c1ccccc1,0.2769820971867008,1,0.9745609841062097
C[C@@H](NCCCc1cccc(C(F)(F)F)c1)c1cccc2ccccc12,0,c1ccc(CCCNCc2cccc3ccccc23)cc1,CCNC(C)Cc1cccc(C(F)(F)F)c1,1,c1ccccc1,0.45670329670329673,0,0.4473072370320187
C[C@@H](NCCCc1cccc(C(F)(F)F)c1)c1cccc2ccccc12,0,c1ccc(CCCNCc2cccc3ccccc23)cc1,OC(c1cc(C(F)(F)F)nc2c(C(F)(F)F)cccc12)C1CCCCN1,1,c1ccc2c(CC3CCCCN3)ccnc2c1,0.24072708113804003,0,0.230508201574227
C[C@@H](NCCCc1cccc(C(F)(F)F)c1)c1cccc2ccccc12,0,c1ccc(CCCNCc2cccc3ccccc23)cc1,CC(CCc1ccccc1)NCC(O)c1ccc(O)c(C(N)=O)c1,1,c1ccc(CCCNCCc2ccccc2)cc1,0.23777777777777778,0,0.4891295596961649
C[C@@H](NCCCc1cccc(C(F)(F)F)c1)c1cccc2ccccc12,0,c1ccc(CCCNCc2cccc3ccccc23)cc1,CC(C)(C)NCC(O)c1ccccc1Cl,1,c1ccccc1,0.21116279069767446,0,0.4253217957343975
C[C@@H]1CN(c2c(F)c(N)c3c(=O)c(C(=O)O)cn(C4CC4)c3c2F)C[C@H](C)N1,1,O=c1ccn(C2CC2)c2cc(N3CCNCC3)ccc12,COc1c(N2CCNC(C)C2)c(F)cc2c(=O)c(C(=O)O)cn(C3CC3)c12,1,O=c1ccn(C2CC2)c2cc(N3CCNCC3)ccc12,0.5076887554837219,1,0.99613760285911
C[C@@H]1CN(c2c(F)c(N)c3c(=O)c(C(=O)O)cn(C4CC4)c3c2F)C[C@H](C)N1,1,O=c1ccn(C2CC2)c2cc(N3CCNCC3)ccc12,NC1CCN(c2c(F)cc3c(=O)c(C(=O)O)cn(C4CC4)c3c2Cl)C1,1,O=c1ccn(C2CC2)c2cc(N3CCCC3)ccc12,0.48103896103896104,1,0.99453616534973
C[C@@H]1CN(c2c(F)c(N)c3c(=O)c(C(=O)O)cn(C4CC4)c3c2F)C[C@H](C)N1,1,O=c1ccn(C2CC2)c2cc(N3CCNCC3)ccc12,O=C(O)c1cn(C2CC2)c2cc(N3CCNCC3)c(F)cc2c1=O,1,O=c1ccn(C2CC2)c2cc(N3CCNCC3)ccc12,0.4186906546726637,1,0.9952751656396644
C[C@@H]1CN(c2c(F)c(N)c3c(=O)c(C(=O)O)cn(C4CC4)c3c2F)C[C@H](C)N1,1,O=c1ccn(C2CC2)c2cc(N3CCNCC3)ccc12,N[C@@H]1CN(c2c(F)cc3c(=O)c(C(=O)O)cn([C@@H]4C[C@@H]4F)c3c2Cl)CC12CC2,1,O=c1ccn(C2CC2)c2cc(N3CCC4(CC4)C3)ccc12,0.36494636713215944,1,0.9988393490148727
COc1c(N2CCNC(C)C2)c(F)cc2c(=O)c(C(=O)O)cn(C3CC3)c12,1,O=c1ccn(C2CC2)c2cc(N3CCNCC3)ccc12,NC1CCN(c2c(F)cc3c(=O)c(C(=O)O)cn(C4CC4)c3c2Cl)C1,1,O=c1ccn(C2CC2)c2cc(N3CCCC3)ccc12,0.5727830999754361,1,0.9715036451475981
COc1c(N2CCNC(C)C2)c(F)cc2c(=O)c(C(=O)O)cn(C3CC3)c12,1,O=c1ccn(C2CC2)c2cc(N3CCNCC3)ccc12,O=C(O)c1cn(C2CC2)c2cc(N3CCNCC3)c(F)cc2c1=O,1,O=c1ccn(C2CC2)c2cc(N3CCNCC3)ccc12,0.5464285714285715,1,0.9726870506112634
COc1c(N2CCNC(C)C2)c(F)cc2c(=O)c(C(=O)O)cn(C3CC3)c12,1,O=c1ccn(C2CC2)c2cc(N3CCNCC3)ccc12,CC1CN(c2cc3c(cc2F)c(=O)c(C(=O)O)cn3-c2ccc(F)cc2F)CCN1,1,O=c1ccn(-c2ccccc2)c2cc(N3CCNCC3)ccc12,0.5091891891891892,1,0.9909967745776362
COc1c(N2CCNC(C)C2)c(F)cc2c(=O)c(C(=O)O)cn(C3CC3)c12,1,O=c1ccn(C2CC2)c2cc(N3CCNCC3)ccc12,C[C@@H]1CN(c2c(F)c(N)c3c(=O)c(C(=O)O)cn(C4CC4)c3c2F)C[C@H](C)N1,1,O=c1ccn(C2CC2)c2cc(N3CCNCC3)ccc12,0.5076887554837219,1,0.9954427154546248
O=C(O)c1cn(C2CC2)c2cc(N3CCNCC3)c(F)cc2c1=O,1,O=c1ccn(C2CC2)c2cc(N3CCNCC3)ccc12,COc1c(N2CCNC(C)C2)c(F)cc2c(=O)c(C(=O)O)cn(C3CC3)c12,1,O=c1ccn(C2CC2)c2cc(N3CCNCC3)ccc12,0.5464285714285715,1,0.9910847217196223
O=C(O)c1cn(C2CC2)c2cc(N3CCNCC3)c(F)cc2c1=O,1,O=c1ccn(C2CC2)c2cc(N3CCNCC3)ccc12,CC1CN(c2cc3c(cc2F)c(=O)c(C(=O)O)cn3-c2ccc(F)cc2F)CCN1,1,O=c1ccn(-c2ccccc2)c2cc(N3CCNCC3)ccc12,0.530153999006458,1,0.9916275590377732
O=C(O)c1cn(C2CC2)c2cc(N3CCNCC3)c(F)cc2c1=O,1,O=c1ccn(C2CC2)c2cc(N3CCNCC3)ccc12,NC1CCN(c2c(F)cc3c(=O)c(C(=O)O)cn(C4CC4)c3c2Cl)C1,1,O=c1ccn(C2CC2)c2cc(N3CCCC3)ccc12,0.5127946127946128,1,0.9748987844849188
O=C(O)c1cn(C2CC2)c2cc(N3CCNCC3)c(F)cc2c1=O,1,O=c1ccn(C2CC2)c2cc(N3CCNCC3)ccc12,CC1COc2c(N3CCN(C)CC3)c(F)cc3c(=O)c(C(=O)O)cn1c23,1,O=c1ccn2c3c(c(N4CCNCC4)ccc13)OCC2,0.4223645320197045,1,0.9788593102924739
CCCN1C[C@H](CSC)C[C@@H]2c3cccc4[nH]cc(c34)C[C@H]21,1,c1cc2c3c(c[nH]c3c1)CC1NCCCC21,C=CCN1C[C@H](C(=O)N(CCCN(C)C)C(=O)NCC)C[C@@H]2c3cccc4[nH]cc(c34)C[C@H]21,1,c1cc2c3c(c[nH]c3c1)CC1NCCCC21,0.4404761904761905,1,0.9341557708164053
CCCN1C[C@H](CSC)C[C@@H]2c3cccc4[nH]cc(c34)C[C@H]21,1,c1cc2c3c(c[nH]c3c1)CC1NCCCC21,CN1[C@@H]2CC[C@H]1C[C@@H](OC(=O)c1c[nH]c3ccccc13)C2,1,O=C(OC1CC2CCC(C1)N2)c1c[nH]c2ccccc12,0.2480697384806974,1,0.9800975972249846
CCCN1C[C@H](CSC)C[C@@H]2c3cccc4[nH]cc(c34)C[C@H]21,1,c1cc2c3c(c[nH]c3c1)CC1NCCCC21,CN1CCC[C@@H]1Cc1c[nH]c2ccc(CCS(=O)(=O)c3ccccc3)cc12,1,O=S(=O)(CCc1ccc2[nH]cc(CC3CCCN3)c2c1)c1ccccc1,0.22884012539184956,1,0.9657210507437066
CCCN1C[C@H](CSC)C[C@@H]2c3cccc4[nH]cc(c34)C[C@H]21,1,c1cc2c3c(c[nH]c3c1)CC1NCCCC21,CN(C)CCc1c[nH]c2ccc(CS(=O)(=O)N3CCCC3)cc12,1,O=S(=O)(Cc1ccc2[nH]ccc2c1)N1CCCC1,0.2022583559168925,1,0.9554777986418589
CCN(CC)C(=O)N[C@H]1C[C@@H]2c3cccc4[nH]cc(c34)C[C@H]2N(C)C1,0,c1cc2c3c(c[nH]c3c1)CC1NCCCC21,CCCN1C[C@H](CSC)C[C@@H]2c3cccc4[nH]cc(c34)C[C@H]21,1,c1cc2c3c(c[nH]c3c1)CC1NCCCC21,0.49371980676328503,0,0.3464516155666581
CCN(CC)C(=O)N[C@H]1C[C@@H]2c3cccc4[nH]cc(c34)C[C@H]2N(C)C1,0,c1cc2c3c(c[nH]c3c1)CC1NCCCC21,C=CCN1C[C@H](C(=O)N(CCCN(C)C)C(=O)NCC)C[C@@H]2c3cccc4[nH]cc(c34)C[C@H]21,1,c1cc2c3c(c[nH]c3c1)CC1NCCCC21,0.47993754879000783,1,0.7347340619858147
CCN(CC)C(=O)N[C@H]1C[C@@H]2c3cccc4[nH]cc(c34)C[C@H]2N(C)C1,0,c1cc2c3c(c[nH]c3c1)CC1NCCCC21,CN1[C@@H]2CC[C@H]1C[C@@H](OC(=O)c1c[nH]c3ccccc13)C2,1,O=C(OC1CC2CCC(C1)N2)c1c[nH]c2ccccc12,0.28040540540540543,1,0.5478623220026662
CCN(CC)C(=O)N[C@H]1C[C@@H]2c3cccc4[nH]cc(c34)C[C@H]2N(C)C1,0,c1cc2c3c(c[nH]c3c1)CC1NCCCC21,CN1CCC[C@@H]1Cc1c[nH]c2ccc(CCS(=O)(=O)c3ccccc3)cc12,1,O=S(=O)(CCc1ccc2[nH]cc(CC3CCCN3)c2c1)c1ccccc1,0.26181818181818184,0,0.38563582106709204
C=CCN1C[C@H](C(=O)N(CCCN(C)C)C(=O)NCC)C[C@@H]2c3cccc4[nH]cc(c34)C[C@H]21,1,c1cc2c3c(c[nH]c3c1)CC1NCCCC21,CCCN1C[C@H](CSC)C[C@@H]2c3cccc4[nH]cc(c34)C[C@H]21,1,c1cc2c3c(c[nH]c3c1)CC1NCCCC21,0.4404761904761905,1,0.5079569963759972
C=CCN1C[C@H](C(=O)N(CCCN(C)C)C(=O)NCC)C[C@@H]2c3cccc4[nH]cc(c34)C[C@H]21,1,c1cc2c3c(c[nH]c3c1)CC1NCCCC21,CN(C)CCc1c[nH]c2ccc(CS(=O)(=O)N3CCCC3)cc12,1,O=S(=O)(Cc1ccc2[nH]ccc2c1)N1CCCC1,0.23125,1,0.7540036365301093
C=CCN1C[C@H](C(=O)N(CCCN(C)C)C(=O)NCC)C[C@@H]2c3cccc4[nH]cc(c34)C[C@H]21,1,c1cc2c3c(c[nH]c3c1)CC1NCCCC21,CN1[C@@H]2CC[C@H]1C[C@@H](OC(=O)c1c[nH]c3ccccc13)C2,1,O=C(OC1CC2CCC(C1)N2)c1c[nH]c2ccccc12,0.2249084249084249,1,0.8330133271910499
C=CCN1C[C@H](C(=O)N(CCCN(C)C)C(=O)NCC)C[C@@H]2c3cccc4[nH]cc(c34)C[C@H]21,1,c1cc2c3c(c[nH]c3c1)CC1NCCCC21,CN(C)CCCN1c2ccccc2CCc2ccccc21,1,c1ccc2c(c1)CCc1ccccc1N2,0.21093627065302914,1,0.8923422487465101
CC[C@@]1(O)C(=O)OCc2c1cc1n(c2=O)Cc2cc3c(CN(C)C)c(O)ccc3nc2-1,1,O=C1Cc2cc3n(c(=O)c2CO1)Cc1cc2ccccc2nc1-3,CCC(=O)C1(c2cccc(O)c2)CCN(C)CC1,1,c1ccc(C2CCNCC2)cc1,0.18763326226012794,1,0.7660831809016596
CC[C@@]1(O)C(=O)OCc2c1cc1n(c2=O)Cc2cc3c(CN(C)C)c(O)ccc3nc2-1,1,O=C1Cc2cc3n(c(=O)c2CO1)Cc1cc2ccccc2nc1-3,CCOC(=O)C1(c2ccccc2)CCN(C)CC1,1,c1ccc(C2CCNCC2)cc1,0.17433369843008398,1,0.8611566642811694
CC[C@@]1(O)C(=O)OCc2c1cc1n(c2=O)Cc2cc3c(CN(C)C)c(O)ccc3nc2-1,1,O=C1Cc2cc3n(c(=O)c2CO1)Cc1cc2ccccc2nc1-3,CN(C)[C@@H]1C(O)=C(C(N)=O)C(=O)[C@@]2(O)C(O)=C3C(=O)c4c(O)cccc4[C@@](C)(O)[C@H]3C[C@@H]12,1,O=C1C2=CC3C(=O)C=CCC3CC2Cc2ccccc21,0.17177184466019418,1,0.9875462310949329
CC[C@@]1(O)C(=O)OCc2c1cc1n(c2=O)Cc2cc3c(CN(C)C)c(O)ccc3nc2-1,1,O=C1Cc2cc3n(c(=O)c2CO1)Cc1cc2ccccc2nc1-3,CN(C)Cc1nnc2n1-c1ccc(Cl)cc1C(c1ccccc1)=NC2,1,c1ccc(C2=NCc3nncn3-c3ccccc32)cc1,0.17140064236838434,1,0.8635994312666924
O=c1[nH]c2ccccc2n1C1CCN(CCCC(c2ccc(F)cc2)c2ccc(F)cc2)CC1,1,O=c1[nH]c2ccccc2n1C1CCN(CCCC(c2ccccc2)c2ccccc2)CC1,O=C(CCCN1CC=C(n2c(=O)[nH]c3ccccc32)CC1)c1ccc(F)cc1,1,O=C(CCCN1CC=C(n2c(=O)[nH]c3ccccc32)CC1)c1ccccc1,0.44473129610115913,1,0.7292703459175379
O=c1[nH]c2ccccc2n1C1CCN(CCCC(c2ccc(F)cc2)c2ccc(F)cc2)CC1,1,O=c1[nH]c2ccccc2n1C1CCN(CCCC(c2ccccc2)c2ccccc2)CC1,O=C(CCCN1CCC(n2c(O)nc3ccccc32)CC1)c1ccc(F)cc1,1,O=C(CCCN1CCC(n2cnc3ccccc32)CC1)c1ccccc1,0.4295417789757413,1,0.9059175836917474
O=c1[nH]c2ccccc2n1C1CCN(CCCC(c2ccc(F)cc2)c2ccc(F)cc2)CC1,1,O=c1[nH]c2ccccc2n1C1CCN(CCCC(c2ccccc2)c2ccccc2)CC1,O=C(c1ccc(F)cc1)C1CCN(CCn2c(=O)[nH]c3ccccc3c2=O)CC1,1,O=C(c1ccccc1)C1CCN(CCn2c(=O)[nH]c3ccccc3c2=O)CC1,0.4165517241379311,1,0.7903215430714996
O=c1[nH]c2ccccc2n1C1CCN(CCCC(c2ccc(F)cc2)c2ccc(F)cc2)CC1,1,O=c1[nH]c2ccccc2n1C1CCN(CCCC(c2ccccc2)c2ccccc2)CC1,CC(C)(C(=O)O)c1ccc(C(O)CCCN2CCC(C(O)(c3ccccc3)c3ccccc3)CC2)cc1,1,c1ccc(CCCCN2CCC(C(c3ccccc3)c3ccccc3)CC2)cc1,0.32222222222222224,1,0.7839135485520528
Clc1cccc(Cl)c1NC1=NCCN1,1,c1ccc(NC2=NCCN2)cc1,COc1nc(C)nc(Cl)c1NC1=NCCN1,1,c1ncc(NC2=NCCN2)cn1,0.46107226107226107,1,0.9860175639584777
Clc1cccc(Cl)c1NC1=NCCN1,1,c1ccc(NC2=NCCN2)cc1,c1ccc(C2(c3ccccc3)CC2C2=NCCN2)cc1,1,c1ccc(C2(c3ccccc3)CC2C2=NCCN2)cc1,0.29597597597597597,1,0.9947580919479025
Clc1cccc(Cl)c1NC1=NCCN1,1,c1ccc(NC2=NCCN2)cc1,O=C(O)Cc1ccccc1Nc1c(Cl)cccc1Cl,1,c1ccc(Nc2ccccc2)cc1,0.290749354005168,1,0.9931325178375598
Clc1cccc(Cl)c1NC1=NCCN1,1,c1ccc(NC2=NCCN2)cc1,Cc1ccc(Nc2c(F)cccc2Cl)c(CC(=O)O)c1,1,c1ccc(Nc2ccccc2)cc1,0.2248447204968944,1,0.9926992710362088
N=C(N)NC(=O)c1nc(Cl)c(N)nc1N,1,c1cnccn1,N=C(N)NC(=O)Cc1c(Cl)cccc1Cl,1,c1ccccc1,0.31796008869179604,1,0.918978821435806
N=C(N)NC(=O)c1nc(Cl)c(N)nc1N,1,c1cnccn1,CN(C)C(=N)NC(=N)N,1,,0.22023562023562024,1,0.9888537998498843
N=C(N)NC(=O)c1nc(Cl)c(N)nc1N,1,c1cnccn1,NNC(=O)c1ccncc1,1,c1ccncc1,0.1973809523809524,1,0.9860295446699805
N=C(N)NC(=O)c1nc(Cl)c(N)nc1N,1,c1cnccn1,CCN(CC)CCNC(=O)c1cc(Cl)c(N)cc1OC,1,c1ccccc1,0.17861635220125788,1,0.9614924793048797
CCC(C(=O)O)c1ccc(N2Cc3ccccc3C2=O)cc1,1,O=C1c2ccccc2CN1c1ccccc1,CC(C(=O)O)c1cccc(C(=O)c2ccccc2)c1,1,O=C(c1ccccc1)c1ccccc1,0.3074074074074074,1,0.9896853349284888
CCC(C(=O)O)c1ccc(N2Cc3ccccc3C2=O)cc1,1,O=C1c2ccccc2CN1c1ccccc1,CC(C(=O)O)c1cccc(Oc2ccccc2)c1,1,c1ccc(Oc2ccccc2)cc1,0.30077922077922076,1,0.9858576013917055
CCC(C(=O)O)c1ccc(N2Cc3ccccc3C2=O)cc1,1,O=C1c2ccccc2CN1c1ccccc1,CC(C(=O)O)c1ccc(-c2ccccc2)c(F)c1,1,c1ccc(-c2ccccc2)cc1,0.29633699633699634,1,0.9813646903192469
CCC(C(=O)O)c1ccc(N2Cc3ccccc3C2=O)cc1,1,O=C1c2ccccc2CN1c1ccccc1,CC(C)Cc1ccc(C(C)C(=O)O)cc1,1,c1ccccc1,0.29411764705882354,1,0.9944855232544715
N[C@@H]1CN(c2c(F)cc3c(=O)c(C(=O)O)cn([C@@H]4C[C@@H]4F)c3c2Cl)CC12CC2,1,O=c1ccn(C2CC2)c2cc(N3CCC4(CC4)C3)ccc12,NC1CCN(c2c(F)cc3c(=O)c(C(=O)O)cn(C4CC4)c3c2Cl)C1,1,O=c1ccn(C2CC2)c2cc(N3CCCC3)ccc12,0.6196791443850268,1,0.9834412186888526
N[C@@H]1CN(c2c(F)cc3c(=O)c(C(=O)O)cn([C@@H]4C[C@@H]4F)c3c2Cl)CC12CC2,1,O=c1ccn(C2CC2)c2cc(N3CCC4(CC4)C3)ccc12,COc1c(N2CCNC(C)C2)c(F)cc2c(=O)c(C(=O)O)cn(C3CC3)c12,1,O=c1ccn(C2CC2)c2cc(N3CCNCC3)ccc12,0.41628517823639777,1,0.9811979955707019
N[C@@H]1CN(c2c(F)cc3c(=O)c(C(=O)O)cn([C@@H]4C[C@@H]4F)c3c2Cl)CC12CC2,1,O=c1ccn(C2CC2)c2cc(N3CCC4(CC4)C3)ccc12,CC1COc2c(N3CCN(C)CC3)c(F)cc3c(=O)c(C(=O)O)cn1c23,1,O=c1ccn2c3c(c(N4CCNCC4)ccc13)OCC2,0.4124542124542125,1,0.9748560159081341
N[C@@H]1CN(c2c(F)cc3c(=O)c(C(=O)O)cn([C@@H]4C[C@@H]4F)c3c2Cl)CC12CC2,1,O=c1ccn(C2CC2)c2cc(N3CCC4(CC4)C3)ccc12,O=C(O)c1cn(C2CC2)c2cc(N3CCNCC3)c(F)cc2c1=O,1,O=c1ccn(C2CC2)c2cc(N3CCNCC3)ccc12,0.38679653679653686,1,0.9780559076370174
CCc1cccc2cc(C(O)CNC(C)(C)C)oc12,1,c1ccc2occc2c1,CC(C)(C)NCC(O)c1ccccc1Cl,1,c1ccccc1,0.40384615384615385,1,0.9728560663258738
CCc1cccc2cc(C(O)CNC(C)(C)C)oc12,1,c1ccc2occc2c1,CC(C)(C)NCC(O)COc1cccc2c1C[C@H](O)[C@H](O)C2,1,c1ccc2c(c1)CCCC2,0.3003431708991078,1,0.960651793311355
CCc1cccc2cc(C(O)CNC(C)(C)C)oc12,1,c1ccc2occc2c1,CC(C)(C)NCC(O)COc1cccc2c1CCC(=O)N2,1,O=C1CCc2ccccc2N1,0.29204545454545455,1,0.9937284546929323
CCc1cccc2cc(C(O)CNC(C)(C)C)oc12,1,c1ccc2occc2c1,CC(C)(C)NC[C@H](O)COc1ccccc1C1CCCC1,1,c1ccc(C2CCCC2)cc1,0.28417530946804953,1,0.9289253175005645
CC(C)(C)NC[C@H](O)COc1nsnc1N1CCOCC1,1,c1nsnc1N1CCOCC1,CC(C)(C)NCC(O)COc1cccc2c1C[C@H](O)[C@H](O)C2,1,c1ccc2c(c1)CCCC2,0.3879382889200561,1,0.9688283677037338
CC(C)(C)NC[C@H](O)COc1nsnc1N1CCOCC1,1,c1nsnc1N1CCOCC1,CC(C)(C)NC[C@H](O)COc1ccccc1C1CCCC1,1,c1ccc(C2CCCC2)cc1,0.37823508894314617,1,0.9461764773016825
CC(C)(C)NC[C@H](O)COc1nsnc1N1CCOCC1,1,c1nsnc1N1CCOCC1,CC(C)(C)NCC(O)COc1cccc2c1CCC(=O)N2,1,O=C1CCc2ccccc2N1,0.3467124070897656,1,0.987072500014948
CC(C)(C)NC[C@H](O)COc1nsnc1N1CCOCC1,1,c1nsnc1N1CCOCC1,CCN(CC)C(=O)Nc1ccc(OCC(O)CNC(C)(C)C)c(C(C)=O)c1,1,c1ccccc1,0.3020742637644046,1,0.9562539786659503
CCc1cccc2c3c([nH]c12)C(CC)(CC(=O)O)OCC3,1,c1ccc2c3c([nH]c2c1)COCC3,CCCN(CCC)CCc1cccc2c1CC(=O)N2,1,O=C1Cc2ccccc2N1,0.220414673046252,1,0.9978330984014965
CCc1cccc2c3c([nH]c12)C(CC)(CC(=O)O)OCC3,1,c1ccc2c3c([nH]c2c1)COCC3,COC(=O)[C@@H]1[C@H]2C[C@H]3c4[nH]c5ccccc5c4CCN3C[C@@H]2CC[C@@H]1O,1,c1ccc2c3c([nH]c2c1)C1CC2CCCCC2CN1CC3,0.21958500182016746,1,0.964375498938335
CCc1cccc2c3c([nH]c12)C(CC)(CC(=O)O)OCC3,1,c1ccc2c3c([nH]c2c1)COCC3,CCC1(c2ccccc2)C(=O)NCNC1=O,1,O=C1NCNC(=O)C1c1ccccc1,0.21627118644067797,1,0.995807620379625
CCc1cccc2c3c([nH]c12)C(CC)(CC(=O)O)OCC3,1,c1ccc2c3c([nH]c2c1)COCC3,O=C(O)Cc1ccccc1Nc1c(Cl)cccc1Cl,1,c1ccc(Nc2ccccc2)cc1,0.20871572871572872,1,0.974987385865157
CC1CN(c2cc3c(cc2F)c(=O)c(C(=O)O)cn3-c2ccc(F)cc2F)CCN1,1,O=c1ccn(-c2ccccc2)c2cc(N3CCNCC3)ccc12,O=C(O)c1cn(C2CC2)c2cc(N3CCNCC3)c(F)cc2c1=O,1,O=c1ccn(C2CC2)c2cc(N3CCNCC3)ccc12,0.530153999006458,1,0.9949966862531249
CC1CN(c2cc3c(cc2F)c(=O)c(C(=O)O)cn3-c2ccc(F)cc2F)CCN1,1,O=c1ccn(-c2ccccc2)c2cc(N3CCNCC3)ccc12,N[C@@H]1[C@H]2CN(c3nc4c(cc3F)c(=O)c(C(=O)O)cn4-c3ccc(F)cc3F)C[C@@H]12,1,O=c1ccn(-c2ccccc2)c2nc(N3CC4CC4C3)ccc12,0.5101114147571999,1,0.9923294144669277
CC1CN(c2cc3c(cc2F)c(=O)c(C(=O)O)cn3-c2ccc(F)cc2F)CCN1,1,O=c1ccn(-c2ccccc2)c2cc(N3CCNCC3)ccc12,COc1c(N2CCNC(C)C2)c(F)cc2c(=O)c(C(=O)O)cn(C3CC3)c12,1,O=c1ccn(C2CC2)c2cc(N3CCNCC3)ccc12,0.5091891891891892,1,0.9917205105837872
CC1CN(c2cc3c(cc2F)c(=O)c(C(=O)O)cn3-c2ccc(F)cc2F)CCN1,1,O=c1ccn(-c2ccccc2)c2cc(N3CCNCC3)ccc12,CC1COc2c(N3CCN(C)CC3)c(F)cc3c(=O)c(C(=O)O)cn1c23,1,O=c1ccn2c3c(c(N4CCNCC4)ccc13)OCC2,0.365158371040724,1,0.9943677533611969
OC[C@H]1O[C@@H](O[C@@H]2[C@@H](CO)O[C@](O)(CO)[C@H]2O)[C@H](O)[C@@H](O)[C@H]1O,0,C1CCC(OC2CCOC2)OC1,OC[C@@H]1O[C@@](O)(CO)[C@H](O)[C@H]1O,1,C1CCOC1,0.5358108108108108,0,0.040431543816585286
OC[C@H]1O[C@@H](O[C@@H]2[C@@H](CO)O[C@](O)(CO)[C@H]2O)[C@H](O)[C@@H](O)[C@H]1O,0,C1CCC(OC2CCOC2)OC1,N[C@H]1C(O)O[C@H](CO)[C@@H](O)[C@@H]1O,1,C1CCOCC1,0.3185867895545315,0,0.05606909981584178
OC[C@H]1O[C@@H](O[C@@H]2[C@@H](CO)O[C@](O)(CO)[C@H]2O)[C@H](O)[C@@H](O)[C@H]1O,0,C1CCC(OC2CCOC2)OC1,NC(=O)c1ncn([C@@H]2O[C@H](CO)[C@@H](O)[C@H]2O)n1,1,c1ncn(C2CCCO2)n1,0.24649122807017543,0,0.037716740667045036
OC[C@H]1O[C@@H](O[C@@H]2[C@@H](CO)O[C@](O)(CO)[C@H]2O)[C@H](O)[C@@H](O)[C@H]1O,0,C1CCC(OC2CCOC2)OC1,CN(N=O)C(=O)N[C@@H]1[C@@H](O)[C@H](O)[C@@H](CO)O[C@@H]1O,1,C1CCOCC1,0.24071428571428571,0,0.19437062714250464
OC[C@@H]1O[C@@](O)(CO)[C@H](O)[C@H]1O,1,C1CCOC1,N[C@H]1C(O)O[C@H](CO)[C@@H](O)[C@@H]1O,1,C1CCOCC1,0.3340909090909091,1,0.8059597221249584
OC[C@@H]1O[C@@](O)(CO)[C@H](O)[C@H]1O,1,C1CCOC1,NC(=O)c1ncn([C@@H]2O[C@H](CO)[C@@H](O)[C@H]2O)n1,1,c1ncn(C2CCCO2)n1,0.2427927927927928,1,0.6277494202004462
OC[C@@H]1O[C@@](O)(CO)[C@H](O)[C@H]1O,1,C1CCOC1,CN(N=O)C(=O)N[C@@H]1[C@@H](O)[C@H](O)[C@@H](CO)O[C@@H]1O,1,C1CCOCC1,0.23687943262411348,1,0.8929926707834581
OC[C@@H]1O[C@@](O)(CO)[C@H](O)[C@H]1O,1,C1CCOC1,Nc1nc(F)nc2c1ncn2[C@@H]1O[C@H](CO)[C@@H](O)[C@@H]1O,1,c1ncc2ncn(C3CCCO3)c2n1,0.218418688230009,1,0.8015546676596297
NS(=O)(=O)c1cc2c(cc1Cl)NC(CC1CCCC1)NS2(=O)=O,1,O=S1(=O)NC(CC2CCCC2)Nc2ccccc21,NS(=O)(=O)c1cc2c(cc1Cl)NCNS2(=O)=O,1,O=S1(=O)NCNc2ccccc21,0.5263157894736843,1,0.9842612834631423
NS(=O)(=O)c1cc2c(cc1Cl)NC(CC1CCCC1)NS2(=O)=O,1,O=S1(=O)NC(CC2CCCC2)Nc2ccccc21,NS(=O)(=O)c1cc2c(cc1C(F)(F)F)NC(Cc1ccccc1)NS2(=O)=O,1,O=S1(=O)NC(Cc2ccccc2)Nc2ccccc21,0.45120772946859905,1,0.9778764004056171
NS(=O)(=O)c1cc2c(cc1Cl)NC(CC1CCCC1)NS2(=O)=O,1,O=S1(=O)NC(CC2CCCC2)Nc2ccccc21,NS(=O)(=O)c1cc2c(cc1C(F)(F)F)NCNS2(=O)=O,1,O=S1(=O)NCNc2ccccc21,0.3486587183308495,1,0.9759272132404089
NS(=O)(=O)c1cc2c(cc1Cl)NC(CC1CCCC1)NS2(=O)=O,1,O=S1(=O)NC(CC2CCCC2)Nc2ccccc21,Cc1ccccc1N1C(=O)c2cc(S(N)(=O)=O)c(Cl)cc2NC1C,1,O=C1c2ccccc2NCN1c1ccccc1,0.3309782608695653,1,0.9751864508602064
COc1cc(N)c(Cl)cc1C(=O)N[C@@H]1CCN(CCCOc2ccc(F)cc2)C[C@@H]1OC,1,O=C(NC1CCN(CCCOc2ccccc2)CC1)c1ccccc1,CCN(CC)CCNC(=O)c1cc(Cl)c(N)cc1OC,1,c1ccccc1,0.40202020202020206,1,0.9008486459018366
COc1cc(N)c(Cl)cc1C(=O)N[C@@H]1CCN(CCCOc2ccc(F)cc2)C[C@@H]1OC,1,O=C(NC1CCN(CCCOc2ccccc2)CC1)c1ccccc1,CCN(CC)CCNC(=O)c1cc(Br)c(N)cc1OC,1,c1ccccc1,0.3231593038821955,1,0.9139381835060424
COc1cc(N)c(Cl)cc1C(=O)N[C@@H]1CCN(CCCOc2ccc(F)cc2)C[C@@H]1OC,1,O=C(NC1CCN(CCCOc2ccccc2)CC1)c1ccccc1,COc1cc2ncnc(Nc3ccc(F)c(Cl)c3)c2cc1OCCCN1CCOCC1,1,c1ccc(Nc2ncnc3ccc(OCCCN4CCOCC4)cc23)cc1,0.2969661266568483,1,0.9853655282663007
COc1cc(N)c(Cl)cc1C(=O)N[C@@H]1CCN(CCCOc2ccc(F)cc2)C[C@@H]1OC,1,O=C(NC1CCN(CCCOc2ccccc2)CC1)c1ccccc1,COc1cc(OC)c(C(=O)CCCN2CCCC2)c(OC)c1,1,O=C(CCCN1CCCC1)c1ccccc1,0.28058275614998807,1,0.9387744622249727
CCOc1ccccc1OCC1CNCCO1,1,c1ccc(OCC2CNCCO2)cc1,CCOc1ccc(/C=C2\NCCc3cc(OCC)c(OCC)cc32)cc1OCC,1,C(=C1NCCc2ccccc21)c1ccccc1,0.30148448043184883,1,0.9745782054578421
CCOc1ccccc1OCC1CNCCO1,1,c1ccc(OCC2CNCCO2)cc1,CCOc1ccccc1OCCN[C@H](C)Cc1ccc(OC)c(S(N)(=O)=O)c1,1,c1ccc(CCNCCOc2ccccc2)cc1,0.2673050615595075,1,0.8551390843044185
CCOc1ccccc1OCC1CNCCO1,1,c1ccc(OCC2CNCCO2)cc1,C=CCOc1ccccc1OCC(O)CNC(C)C,1,c1ccccc1,0.2416592328278323,1,0.8733770635485859
CCOc1ccccc1OCC1CNCCO1,1,c1ccc(OCC2CNCCO2)cc1,CC(C)(C)NC[C@H](O)COc1ccccc1C1CCCC1,1,c1ccc(C2CCCC2)cc1,0.23285821455363842,1,0.6201837387822827
COC(=O)Nc1nc2ccc(C(=O)c3ccccc3)cc2[nH]1,1,O=C(c1ccccc1)c1ccc2nc[nH]c2c1,CC(C(=O)O)c1cccc(C(=O)c2ccccc2)c1,1,O=C(c1ccccc1)c1ccccc1,0.32248062015503876,1,0.9640566767663764
COC(=O)Nc1nc2ccc(C(=O)c3ccccc3)cc2[nH]1,1,O=C(c1ccccc1)c1ccc2nc[nH]c2c1,O=C(c1ccccc1)c1ccc2n1CCC2C(=O)O,1,O=C(c1ccccc1)c1ccc2n1CCC2,0.22533333333333333,1,0.9829804954724819
COC(=O)Nc1nc2ccc(C(=O)c3ccccc3)cc2[nH]1,1,O=C(c1ccccc1)c1ccc2nc[nH]c2c1,Nc1c(CC(=O)O)cccc1C(=O)c1ccc(Br)cc1,1,O=C(c1ccccc1)c1ccccc1,0.2224918032786885,1,0.9883853054442653
COC(=O)Nc1nc2ccc(C(=O)c3ccccc3)cc2[nH]1,1,O=C(c1ccccc1)c1ccc2nc[nH]c2c1,COC(=O)[C@H]1[C@@H](OC(=O)c2ccccc2)C[C@@H]2CC[C@H]1N2C,1,O=C(OC1CC2CCC(C1)N2)c1ccccc1,0.21684032666854408,1,0.9011099889398884
C[C@@H](O)[C@H]1C(=O)N2C(C(=O)O)=C(SCC/N=C/N)C[C@H]12,0,O=C1CC2CC=CN12,CC=CC1=C(C(=O)O)N2C(=O)[C@@H](NC(=O)[C@H](N)c3ccc(O)cc3)[C@H]2SC1,1,O=C(Cc1ccccc1)NC1C(=O)N2C=CCSC12,0.2338507021433851,0,0.019492412411243363
C[C@@H](O)[C@H]1C(=O)N2C(C(=O)O)=C(SCC/N=C/N)C[C@H]12,0,O=C1CC2CC=CN12,CC1=C(C(=O)O)N2C(=O)[C@@H](NC(=O)[C@H](N)c3ccccc3)[C@H]2SC1,1,O=C(Cc1ccccc1)NC1C(=O)N2C=CCSC12,0.22662337662337662,0,0.017119846046745556
C[C@@H](O)[C@H]1C(=O)N2C(C(=O)O)=C(SCC/N=C/N)C[C@H]12,0,O=C1CC2CC=CN12,C=CC1=C(C(=O)O)N2C(=O)[C@@H](NC(=O)/C(=N\OCC(=O)O)c3csc(N)n3)[C@H]2SC1,1,N=C(C(=O)NC1C(=O)N2C=CCSC12)c1cscn1,0.22350877192982457,0,0.029370724598309274
C[C@@H](O)[C@H]1C(=O)N2C(C(=O)O)=C(SCC/N=C/N)C[C@H]12,0,O=C1CC2CC=CN12,CC1=C(C(=O)O)N2C(=O)[C@@H](NC(=O)[C@H](N)c3ccc(O)cc3)[C@H]2SC1,1,O=C(Cc1ccccc1)NC1C(=O)N2C=CCSC12,0.22294554952782802,0,0.02120178385832569
Cn1c(CCCC(=O)O)nc2cc(N(CCCl)CCCl)ccc21,1,c1ccc2[nH]cnc2c1,O=C(O)CCCc1ccc(N(CCCl)CCCl)cc1,1,c1ccccc1,0.5341818181818182,1,0.9887290736510838
Cn1c(CCCC(=O)O)nc2cc(N(CCCl)CCCl)ccc21,1,c1ccc2[nH]cnc2c1,N[C@@H](Cc1ccc(N(CCCl)CCCl)cc1)C(=O)O,1,c1ccccc1,0.3477832512315271,1,0.9807662997140393
Cn1c(CCCC(=O)O)nc2cc(N(CCCl)CCCl)ccc21,1,c1ccc2[nH]cnc2c1,CCCc1nc2c(C)cc(-c3nc4ccccc4n3C)cc2n1Cc1ccc(-c2ccccc2C(=O)O)cc1,1,c1ccc(-c2ccc(Cn3cnc4ccc(-c5nc6ccccc6[nH]5)cc43)cc2)cc1,0.286392629340893,1,0.9888701309949232
Cn1c(CCCC(=O)O)nc2cc(N(CCCl)CCCl)ccc21,1,c1ccc2[nH]cnc2c1,O=C(O)CCc1nc(-c2ccccc2)c(-c2ccccc2)o1,1,c1ccc(-c2ncoc2-c2ccccc2)cc1,0.22962962962962963,1,0.99351995080652
COC(=O)C1=C(C)NC(C)=C(C(=O)OCCN(C)Cc2ccccc2)C1c1cccc([N+](=O)[O-])c1,1,O=C(OCCNCc1ccccc1)C1=CNC=CC1c1ccccc1,CCOC(=O)C1(c2ccccc2)CCN(C)CC1,1,c1ccc(C2CCNCC2)cc1,0.24429629629629632,1,0.7257343956754597
COC(=O)C1=C(C)NC(C)=C(C(=O)OCCN(C)Cc2ccccc2)C1c1cccc([N+](=O)[O-])c1,1,O=C(OCCNCc1ccccc1)C1=CNC=CC1c1ccccc1,CN(C)CCCOC1(Cc2ccccc2)CCCCCC1,1,c1ccc(CC2CCCCCC2)cc1,0.21106135244066282,1,0.7688859211989928
COC(=O)C1=C(C)NC(C)=C(C(=O)OCCN(C)Cc2ccccc2)C1c1cccc([N+](=O)[O-])c1,1,O=C(OCCNCc1ccccc1)C1=CNC=CC1c1ccccc1,CCOC(=O)[C@H](CCc1ccccc1)N[C@H]1CCc2ccccc2N(CC(=O)O)C1=O,1,O=C1Nc2ccccc2CCC1NCCCc1ccccc1,0.20981767180925667,1,0.5839127992988775
COC(=O)C1=C(C)NC(C)=C(C(=O)OCCN(C)Cc2ccccc2)C1c1cccc([N+](=O)[O-])c1,1,O=C(OCCNCc1ccccc1)C1=CNC=CC1c1ccccc1,CCOC(=O)[C@H](CCc1ccccc1)N[C@@H](C)C(=O)N1Cc2ccccc2C[C@H]1C(=O)O,1,O=C(CNCCCc1ccccc1)N1CCc2ccccc2C1,0.2092864881597276,1,0.7268807995590014
CC(C)Nc1cccnc1N1CCN(C(=O)c2cc3cc(NS(C)(=O)=O)ccc3[nH]2)CC1,1,O=C(c1cc2ccccc2[nH]1)N1CCN(c2ccccn2)CC1,CC(C)NCC(O)c1ccc(NS(C)(=O)=O)cc1,1,c1ccccc1,0.2582191780821918,1,0.8523615323834398
CC(C)Nc1cccnc1N1CCN(C(=O)c2cc3cc(NS(C)(=O)=O)ccc3[nH]2)CC1,1,O=C(c1cc2ccccc2[nH]1)N1CCN(c2ccccn2)CC1,COc1cc2nc(N3CCN(C(=O)c4ccco4)CC3)nc(N)c2cc1OC,1,O=C(c1ccco1)N1CCN(c2ncc3ccccc3n2)CC1,0.2325809325809326,1,0.8859688141780011
CC(C)Nc1cccnc1N1CCN(C(=O)c2cc3cc(NS(C)(=O)=O)ccc3[nH]2)CC1,1,O=C(c1cc2ccccc2[nH]1)N1CCN(c2ccccn2)CC1,COc1cc(NC(C)CCCN)c2ncccc2c1,1,c1ccc2ncccc2c1,0.2323809523809524,1,0.9326419617630975
CC(C)Nc1cccnc1N1CCN(C(=O)c2cc3cc(NS(C)(=O)=O)ccc3[nH]2)CC1,1,O=C(c1cc2ccccc2[nH]1)N1CCN(c2ccccn2)CC1,CN(CCOc1ccc(NS(C)(=O)=O)cc1)CCc1ccc(NS(C)(=O)=O)cc1,1,c1ccc(CCNCCOc2ccccc2)cc1,0.2087709600147411,1,0.8450409222308584
Nc1ccn([C@@H]2CS[C@H](CO)O2)c(=O)n1,1,O=c1ncccn1C1CSCO1,Nc1ccn([C@H]2CC[C@@H](CO)O2)c(=O)n1,1,O=c1ncccn1C1CCCO1,0.6136170212765958,1,0.9179293890750032
Nc1ccn([C@@H]2CS[C@H](CO)O2)c(=O)n1,1,O=c1ncccn1C1CSCO1,Nc1nc(Cl)nc2c1ncn2[C@H]1C[C@H](O)[C@@H](CO)O1,1,c1ncc2ncn(C3CCCO3)c2n1,0.2606060606060606,1,0.9760416128716637
Nc1ccn([C@@H]2CS[C@H](CO)O2)c(=O)n1,1,O=c1ncccn1C1CSCO1,Nc1nc(F)nc2c1ncn2[C@@H]1O[C@H](CO)[C@@H](O)[C@@H]1O,1,c1ncc2ncn(C3CCCO3)c2n1,0.2524786324786325,1,0.9580881567786756
Nc1ccn([C@@H]2CS[C@H](CO)O2)c(=O)n1,1,O=c1ncccn1C1CSCO1,O=c1nc[nH]c2c1ncn2[C@H]1CC[C@@H](CO)O1,1,O=c1nc[nH]c2c1ncn2C1CCCO1,0.24285714285714288,1,0.9797225036482284
CN(C)CCC=C1c2ccccc2CCc2ccccc21,1,C=C1c2ccccc2CCc2ccccc21,CN(C)CCC=C1c2ccccc2C=Cc2ccccc21,1,C=C1c2ccccc2C=Cc2ccccc21,0.6548571428571429,1,0.9844968555104133
CN(C)CCC=C1c2ccccc2CCc2ccccc21,1,C=C1c2ccccc2CCc2ccccc21,CNCCC=C1c2ccccc2CCc2ccccc21,1,C=C1c2ccccc2CCc2ccccc21,0.5923371647509579,1,0.9690465953634932
CN(C)CCC=C1c2ccccc2CCc2ccccc21,1,C=C1c2ccccc2CCc2ccccc21,CN(C)CC/C=C1/c2ccccc2Sc2ccc(Cl)cc21,1,C=C1c2ccccc2Sc2ccccc21,0.493968253968254,1,0.9896347387098033
CN(C)CCC=C1c2ccccc2CCc2ccccc21,1,C=C1c2ccccc2CCc2ccccc21,CN(C)CCCN1c2ccccc2CCc2ccccc21,1,c1ccc2c(c1)CCc1ccccc1N2,0.42545731707317075,1,0.9906862039486621
CNCCC=C1c2ccccc2CCc2ccccc21,1,C=C1c2ccccc2CCc2ccccc21,CN(C)CCC=C1c2ccccc2CCc2ccccc21,1,C=C1c2ccccc2CCc2ccccc21,0.5923371647509579,1,0.9745933977595501
CNCCC=C1c2ccccc2CCc2ccccc21,1,C=C1c2ccccc2CCc2ccccc21,CNCCCN1c2ccccc2CCc2ccccc21,1,c1ccc2c(c1)CCc1ccccc1N2,0.42545731707317075,1,0.9829622748395547
CNCCC=C1c2ccccc2CCc2ccccc21,1,C=C1c2ccccc2CCc2ccccc21,CN(C)CCC=C1c2ccccc2C=Cc2ccccc21,1,C=C1c2ccccc2C=Cc2ccccc21,0.36071428571428577,1,0.9863027320421879
CNCCC=C1c2ccccc2CCc2ccccc21,1,C=C1c2ccccc2CCc2ccccc21,CNCCCC1c2ccccc2C=Cc2ccccc21,1,C1=Cc2ccccc2Cc2ccccc21,0.32303030303030306,1,0.9828740610808411
CCOC(=O)C1(c2ccccc2)CCN(CCC(O)c2ccccc2)CC1,0,c1ccc(CCCN2CCC(c3ccccc3)CC2)cc1,CCOC(=O)C1(c2ccccc2)CCN(C)CC1,1,c1ccc(C2CCNCC2)cc1,0.6731141199226306,0,0.4558321921591533
CCOC(=O)C1(c2ccccc2)CCN(CCC(O)c2ccccc2)CC1,0,c1ccc(CCCN2CCC(c3ccccc3)CC2)cc1,CC(C)(C(=O)O)c1ccc(C(O)CCCN2CCC(C(O)(c3ccccc3)c3ccccc3)CC2)cc1,1,c1ccc(CCCCN2CCC(C(c3ccccc3)c3ccccc3)CC2)cc1,0.3615196078431373,0,0.11450416993111259
CCOC(=O)C1(c2ccccc2)CCN(CCC(O)c2ccccc2)CC1,0,c1ccc(CCCN2CCC(c3ccccc3)CC2)cc1,CCC(=O)C1(c2cccc(O)c2)CCN(C)CC1,1,c1ccc(C2CCNCC2)cc1,0.35238095238095235,0,0.3850433317826847
CCOC(=O)C1(c2ccccc2)CCN(CCC(O)c2ccccc2)CC1,0,c1ccc(CCCN2CCC(c3ccccc3)CC2)cc1,CCN1CC(CCN2CCOCC2)C(c2ccccc2)(c2ccccc2)C1=O,1,O=C1NCC(CCN2CCOCC2)C1(c1ccccc1)c1ccccc1,0.33181818181818185,1,0.784616831503625
CCC1(c2ccccc2)C(=O)NC(=O)NC1=O,1,O=C1NC(=O)C(c2ccccc2)C(=O)N1,CCC1(c2ccccc2)C(=O)NCNC1=O,1,O=C1NCNC(=O)C1c1ccccc1,0.6919354838709677,1,0.9909539334553282
CCC1(c2ccccc2)C(=O)NC(=O)NC1=O,1,O=C1NC(=O)C(c2ccccc2)C(=O)N1,O=C1NC(=O)C(c2ccccc2)(c2ccccc2)N1,1,O=C1NC(=O)C(c2ccccc2)(c2ccccc2)N1,0.4826923076923077,1,0.9854201104389528
CCC1(c2ccccc2)C(=O)NC(=O)NC1=O,1,O=C1NC(=O)C(c2ccccc2)C(=O)N1,CCC1(CCC(C)C)C(=O)NC(=O)NC1=O,1,O=C1CC(=O)NC(=O)N1,0.35965250965250967,1,0.9879279688295382
CCC1(c2ccccc2)C(=O)NC(=O)NC1=O,1,O=C1NC(=O)C(c2ccccc2)C(=O)N1,CCCC(C)C1(CC)C(=O)NC(=O)NC1=O,1,O=C1CC(=O)NC(=O)N1,0.35965250965250967,1,0.9879455353649876
CCCCC1C(=O)N(c2ccccc2)N(c2ccccc2)C1=O,1,O=C1CC(=O)N(c2ccccc2)N1c1ccccc1,O=C1C(CCS(=O)c2ccccc2)C(=O)N(c2ccccc2)N1c1ccccc1,1,O=C1C(CCS(=O)c2ccccc2)C(=O)N(c2ccccc2)N1c1ccccc1,0.5837719298245615,1,0.9998312172712317
CCCCC1C(=O)N(c2ccccc2)N(c2ccccc2)C1=O,1,O=C1CC(=O)N(c2ccccc2)N1c1ccccc1,O=C1c2ccccc2C(=O)C1c1ccccc1,1,O=C1c2ccccc2C(=O)C1c1ccccc1,0.2995495495495496,1,0.989789343118848
CCCCC1C(=O)N(c2ccccc2)N(c2ccccc2)C1=O,1,O=C1CC(=O)N(c2ccccc2)N1c1ccccc1,Cc1cc(=O)n(-c2ccccc2)n1C,1,O=c1cc[nH]n1-c1ccccc1,0.2877777777777778,1,0.9986658078514266
CCCCC1C(=O)N(c2ccccc2)N(c2ccccc2)C1=O,1,O=C1CC(=O)N(c2ccccc2)N1c1ccccc1,CCC1(c2ccccc2)C(=O)NC(=O)NC1=O,1,O=C1NC(=O)C(c2ccccc2)C(=O)N1,0.2740399385560676,1,0.9910311665073673
Cc1ccc(-c2nc3ccc(C)cn3c2CC(=O)N(C)C)cc1,1,c1ccc(-c2cn3ccccc3n2)cc1,O=C(O)CCc1nc(-c2ccccc2)c(-c2ccccc2)o1,1,c1ccc(-c2ncoc2-c2ccccc2)cc1,0.2107118644067797,1,0.9116840589712044
Cc1ccc(-c2nc3ccc(C)cn3c2CC(=O)N(C)C)cc1,1,c1ccc(-c2cn3ccccc3n2)cc1,CCCCNC(=O)NS(=O)(=O)c1ccc(C)cc1,1,c1ccccc1,0.20680851063829792,1,0.8991775445471756
Cc1ccc(-c2nc3ccc(C)cn3c2CC(=O)N(C)C)cc1,1,c1ccc(-c2cn3ccccc3n2)cc1,Cc1onc(-c2ccccc2)c1-c1ccc(S(N)(=O)=O)cc1,1,c1ccc(-c2conc2-c2ccccc2)cc1,0.20489993098688752,1,0.934423255392896
Cc1ccc(-c2nc3ccc(C)cn3c2CC(=O)N(C)C)cc1,1,c1ccc(-c2cn3ccccc3n2)cc1,Cc1ccc(C(=O)c2cc(O)c(O)c([N+](=O)[O-])c2)cc1,1,O=C(c1ccccc1)c1ccccc1,0.19529411764705887,1,0.9591299833026946
C[C@H](CN1CCOCC1)C(C(=O)N1CCCC1)(c1ccccc1)c1ccccc1,1,O=C(N1CCCC1)C(CCN1CCOCC1)(c1ccccc1)c1ccccc1,CCN1CC(CCN2CCOCC2)C(c2ccccc2)(c2ccccc2)C1=O,1,O=C1NCC(CCN2CCOCC2)C1(c1ccccc1)c1ccccc1,0.40294117647058825,1,0.9421661722597626
C[C@H](CN1CCOCC1)C(C(=O)N1CCCC1)(c1ccccc1)c1ccccc1,1,O=C(N1CCCC1)C(CCN1CCOCC1)(c1ccccc1)c1ccccc1,OC(CCN1CCCC1)(c1ccccc1)C1CCCCC1,1,c1ccc(C(CCN2CCCC2)C2CCCCC2)cc1,0.3134301270417423,1,0.6730368012552105
C[C@H](CN1CCOCC1)C(C(=O)N1CCCC1)(c1ccccc1)c1ccccc1,1,O=C(N1CCCC1)C(CCN1CCOCC1)(c1ccccc1)c1ccccc1,CCC(=O)C(CC(C)N(C)C)(c1ccccc1)c1ccccc1,1,c1ccc(Cc2ccccc2)cc1,0.30350877192982456,1,0.810115943910162
C[C@H](CN1CCOCC1)C(C(=O)N1CCCC1)(c1ccccc1)c1ccccc1,1,O=C(N1CCCC1)C(CCN1CCOCC1)(c1ccccc1)c1ccccc1,O=C(NCCN1CCOCC1)c1ccc(Cl)cc1,1,O=C(NCCN1CCOCC1)c1ccccc1,0.30323574730354397,1,0.8427097802491825
COc1ccc(CCNCC(O)COc2cccc(C)c2)cc1OC,1,c1ccc(CCNCCCOc2ccccc2)cc1,COCCc1ccc(OCC(O)CNC(C)C)cc1,1,c1ccccc1,0.41040650406504064,1,0.9601248673804399
COc1ccc(CCNCC(O)COc2cccc(C)c2)cc1OC,1,c1ccc(CCNCCCOc2ccccc2)cc1,CC(C)NCC(O)COc1ccc(CC(N)=O)cc1,1,c1ccccc1,0.38049155145929336,1,0.8793046891857166
COc1ccc(CCNCC(O)COc2cccc(C)c2)cc1OC,1,c1ccc(CCNCCCOc2ccccc2)cc1,CC(C)NCC(O)COc1ccc(COCCOC(C)C)cc1,1,c1ccccc1,0.3497658862876254,1,0.9652350870407708
COc1ccc(CCNCC(O)COc2cccc(C)c2)cc1OC,1,c1ccc(CCNCCCOc2ccccc2)cc1,CC(C)NCC(O)COc1ccc(CCOCC2CC2)cc1,1,c1ccc(CCOCC2CC2)cc1,0.34705882352941175,1,0.9353051021422791
CN[C@@H]1[C@H](O[C@H]2[C@H](O[C@H]3[C@H](O)[C@@H](O)[C@H](NC(=N)N)[C@@H](O)[C@@H]3NC(=N)N)O[C@@H](C)[C@]2(O)C=O)O[C@@H](CO)[C@H](O)[C@H]1O,0,C1CCC(OC2OCCC2OC2CCCCO2)CC1,CN(N=O)C(=O)N[C@@H]1[C@@H](O)[C@H](O)[C@@H](CO)O[C@@H]1O,1,C1CCOCC1,0.2538332131699111,0,0.005157339285718362
CN[C@@H]1[C@H](O[C@H]2[C@H](O[C@H]3[C@H](O)[C@@H](O)[C@H](NC(=N)N)[C@@H](O)[C@@H]3NC(=N)N)O[C@@H](C)[C@]2(O)C=O)O[C@@H](CO)[C@H](O)[C@H]1O,0,C1CCC(OC2OCCC2OC2CCCCO2)CC1,N[C@H]1C(O)O[C@H](CO)[C@@H](O)[C@@H]1O,1,C1CCOCC1,0.2345744680851064,0,0.002245140022647263
CN[C@@H]1[C@H](O[C@H]2[C@H](O[C@H]3[C@H](O)[C@@H](O)[C@H](NC(=N)N)[C@@H](O)[C@@H]3NC(=N)N)O[C@@H](C)[C@]2(O)C=O)O[C@@H](CO)[C@H](O)[C@H]1O,0,C1CCC(OC2OCCC2OC2CCCCO2)CC1,NC(=O)c1ncn([C@@H]2O[C@H](CO)[C@@H](O)[C@H]2O)n1,1,c1ncn(C2CCCO2)n1,0.21533305404273145,0,0.0021957968319360394
CN[C@@H]1[C@H](O[C@H]2[C@H](O[C@H]3[C@H](O)[C@@H](O)[C@H](NC(=N)N)[C@@H](O)[C@@H]3NC(=N)N)O[C@@H](C)[C@]2(O)C=O)O[C@@H](CO)[C@H](O)[C@H]1O,0,C1CCC(OC2OCCC2OC2CCCCO2)CC1,OC[C@@H]1O[C@@](O)(CO)[C@H](O)[C@H]1O,1,C1CCOC1,0.1954574951330305,0,0.002518903353207792
COc1cc2c(N)nc(N3CCN(C(=O)OCC(C)(C)O)CC3)nc2c(OC)c1OC,1,c1ccc2nc(N3CCNCC3)ncc2c1,COc1cc2nc(N3CCN(C(=O)C4CCCO4)CC3)nc(N)c2cc1OC,1,O=C(C1CCCO1)N1CCN(c2ncc3ccccc3n2)CC1,0.4494208494208494,1,0.9736645467132912
COc1cc2c(N)nc(N3CCN(C(=O)OCC(C)(C)O)CC3)nc2c(OC)c1OC,1,c1ccc2nc(N3CCNCC3)ncc2c1,COc1cc2nc(N3CCN(C(=O)c4ccco4)CC3)nc(N)c2cc1OC,1,O=C(c1ccco1)N1CCN(c2ncc3ccccc3n2)CC1,0.4484979572218217,1,0.9819585463652324
COc1cc2c(N)nc(N3CCN(C(=O)OCC(C)(C)O)CC3)nc2c(OC)c1OC,1,c1ccc2nc(N3CCNCC3)ncc2c1,COc1cc2nc(N3CCN(C(=O)C4COc5ccccc5O4)CC3)nc(N)c2cc1OC,1,O=C(C1COc2ccccc2O1)N1CCN(c2ncc3ccccc3n2)CC1,0.4246383363471971,1,0.9767785395338487
COc1cc2c(N)nc(N3CCN(C(=O)OCC(C)(C)O)CC3)nc2c(OC)c1OC,1,c1ccc2nc(N3CCNCC3)ncc2c1,COc1cc2nc(N(C)CCCNC(=O)C3CCCO3)nc(N)c2cc1OC,1,O=C(NCCCNc1ncc2ccccc2n1)C1CCCO1,0.2913011960855382,1,0.9729670980905966
CCc1nn(CCCN2CCN(c3cccc(Cl)c3)CC2)c(=O)n1CCOc1ccccc1,0,O=c1n(CCOc2ccccc2)cnn1CCCN1CCN(c2ccccc2)CC1,O=c1n(CCCN2CCN(c3cccc(Cl)c3)CC2)nc2ccccn12,1,O=c1n(CCCN2CCN(c3ccccc3)CC2)nc2ccccn12,0.5596481876332623,1,0.5031594563455469
CCc1nn(CCCN2CCN(c3cccc(Cl)c3)CC2)c(=O)n1CCOc1ccccc1,0,O=c1n(CCOc2ccccc2)cnn1CCCN1CCN(c2ccccc2)CC1,COc1ccccc1N1CCN(CCCNc2cc(=O)n(C)c(=O)n2C)CC1,1,O=c1cc(NCCCN2CCN(c3ccccc3)CC2)[nH]c(=O)[nH]1,0.30472934472934476,1,0.672846697018276
CCc1nn(CCCN2CCN(c3cccc(Cl)c3)CC2)c(=O)n1CCOc1ccccc1,0,O=c1n(CCOc2ccccc2)cnn1CCCN1CCN(c2ccccc2)CC1,OCCN1CCN(CCCN2c3ccccc3Sc3ccc(Cl)cc32)CC1,1,c1ccc2c(c1)Sc1ccccc1N2CCCN1CCNCC1,0.28205128205128205,0,0.4879667513541164
CCc1nn(CCCN2CCN(c3cccc(Cl)c3)CC2)c(=O)n1CCOc1ccccc1,0,O=c1n(CCOc2ccccc2)cnn1CCCN1CCN(c2ccccc2)CC1,CCC(C)n1ncn(-c2ccc(N3CCN(c4ccc(OC[C@H]5CO[C@](Cn6cncn6)(c6ccc(Cl)cc6Cl)O5)cc4)CC3)cc2)c1=O,1,O=c1[nH]ncn1-c1ccc(N2CCN(c3ccc(OCC4COC(Cn5cncn5)(c5ccccc5)O4)cc3)CC2)cc1,0.2675,0,0.07938950561890296
OCCN(CCO)c1nc(N2CCCCC2)c2nc(N(CCO)CCO)nc(N3CCCCC3)c2n1,1,c1nc(N2CCCCC2)c2ncnc(N3CCCCC3)c2n1,CC(C)(C)NC[C@H](O)COc1nsnc1N1CCOCC1,1,c1nsnc1N1CCOCC1,0.17083333333333334,1,0.9464537135362103
OCCN(CCO)c1nc(N2CCCCC2)c2nc(N(CCO)CCO)nc(N3CCCCC3)c2n1,1,c1nc(N2CCCCC2)c2ncnc(N3CCCCC3)c2n1,COc1cc2c(N)nc(N3CCN(C(=O)OCC(C)(C)O)CC3)nc2c(OC)c1OC,1,c1ccc2nc(N3CCNCC3)ncc2c1,0.16777085927770857,1,0.937587935603549
OCCN(CCO)c1nc(N2CCCCC2)c2nc(N(CCO)CCO)nc(N3CCCCC3)c2n1,1,c1nc(N2CCCCC2)c2ncnc(N3CCCCC3)c2n1,OC(CCN1CCCC1)(c1ccccc1)C1CCCCC1,1,c1ccc(C(CCN2CCCC2)C2CCCCC2)cc1,0.16424242424242425,1,0.7713735688035576
OCCN(CCO)c1nc(N2CCCCC2)c2nc(N(CCO)CCO)nc(N3CCCCC3)c2n1,1,c1nc(N2CCCCC2)c2ncnc(N3CCCCC3)c2n1,COc1cc2nc(N(C)CCCNC(=O)C3CCCO3)nc(N)c2cc1OC,1,O=C(NCCCNc1ncc2ccccc2n1)C1CCCO1,0.1625615763546798,1,0.9442557567484012
CC(C)(C(=O)O)c1ccc(C(O)CCCN2CCC(C(O)(c3ccccc3)c3ccccc3)CC2)cc1,1,c1ccc(CCCCN2CCC(C(c3ccccc3)c3ccccc3)CC2)cc1,OC(CCN1CCCC1)(c1ccccc1)C1CCCCC1,1,c1ccc(C(CCN2CCCC2)C2CCCCC2)cc1,0.3498284407167366,1,0.6045531947778572
CC(C)(C(=O)O)c1ccc(C(O)CCCN2CCC(C(O)(c3ccccc3)c3ccccc3)CC2)cc1,1,c1ccc(CCCCN2CCC(C(c3ccccc3)c3ccccc3)CC2)cc1,O=c1[nH]c2ccccc2n1C1CCN(CCCC(c2ccc(F)cc2)c2ccc(F)cc2)CC1,1,O=c1[nH]c2ccccc2n1C1CCN(CCCC(c2ccccc2)c2ccccc2)CC1,0.32222222222222224,1,0.6948316139805494
CC(C)(C(=O)O)c1ccc(C(O)CCCN2CCC(C(O)(c3ccccc3)c3ccccc3)CC2)cc1,1,c1ccc(CCCCN2CCC(C(c3ccccc3)c3ccccc3)CC2)cc1,CN(C)C(=O)C(CCN1CCC(O)(c2ccc(Cl)cc2)CC1)(c1ccccc1)c1ccccc1,1,c1ccc(C2CCN(CCC(c3ccccc3)c3ccccc3)CC2)cc1,0.29117797042325344,1,0.6745381067119074
CC(C)(C(=O)O)c1ccc(C(O)CCCN2CCC(C(O)(c3ccccc3)c3ccccc3)CC2)cc1,1,c1ccc(CCCCN2CCC(C(c3ccccc3)c3ccccc3)CC2)cc1,C[C@H](CN1CCOCC1)C(C(=O)N1CCCC1)(c1ccccc1)c1ccccc1,1,O=C(N1CCCC1)C(CCN1CCOCC1)(c1ccccc1)c1ccccc1,0.29070758738277924,1,0.8308364670714486
CC(C)(C)c1ccc(C(O)CCCN2CCC(C(O)(c3ccccc3)c3ccccc3)CC2)cc1,0,c1ccc(CCCCN2CCC(C(c3ccccc3)c3ccccc3)CC2)cc1,CC(C)(C(=O)O)c1ccc(C(O)CCCN2CCC(C(O)(c3ccccc3)c3ccccc3)CC2)cc1,1,c1ccc(CCCCN2CCC(C(c3ccccc3)c3ccccc3)CC2)cc1,0.7764705882352941,0,0.17690378757975153
CC(C)(C)c1ccc(C(O)CCCN2CCC(C(O)(c3ccccc3)c3ccccc3)CC2)cc1,0,c1ccc(CCCCN2CCC(C(c3ccccc3)c3ccccc3)CC2)cc1,OC(CCN1CCCC1)(c1ccccc1)C1CCCCC1,1,c1ccc(C(CCN2CCCC2)C2CCCCC2)cc1,0.38362573099415204,0,0.32011118618170215
CC(C)(C)c1ccc(C(O)CCCN2CCC(C(O)(c3ccccc3)c3ccccc3)CC2)cc1,0,c1ccc(CCCCN2CCC(C(c3ccccc3)c3ccccc3)CC2)cc1,OC(CCN1CCCCC1)(c1ccccc1)C1CC2C=CC1C2,1,C1=CC2CC1CC2C(CCN1CCCCC1)c1ccccc1,0.3138461538461539,0,0.3043550298800256
CC(C)(C)c1ccc(C(O)CCCN2CCC(C(O)(c3ccccc3)c3ccccc3)CC2)cc1,0,c1ccc(CCCCN2CCC(C(c3ccccc3)c3ccccc3)CC2)cc1,O=c1[nH]c2ccccc2n1C1CCN(CCCC(c2ccc(F)cc2)c2ccc(F)cc2)CC1,1,O=c1[nH]c2ccccc2n1C1CCN(CCCC(c2ccccc2)c2ccccc2)CC1,0.3084711779448621,0,0.34131770021459085
COc1cccc([C@@]2(O)CCCC[C@@H]2CN(C)C)c1,1,c1ccc(C2CCCCC2)cc1,COc1ccc2c(c1)N(C[C@H](C)CN(C)C)c1ccccc1S2,1,c1ccc2c(c1)Nc1ccccc1S2,0.2767590618336887,1,0.9628297555383349
COc1cccc([C@@]2(O)CCCC[C@@H]2CN(C)C)c1,1,c1ccc(C2CCCCC2)cc1,CN(C)CC(Oc1ccccc1)Oc1ccccc1,1,c1ccc(OCOc2ccccc2)cc1,0.26461538461538464,1,0.9102130737613108
COc1cccc([C@@]2(O)CCCC[C@@H]2CN(C)C)c1,1,c1ccc(C2CCCCC2)cc1,CN(C)CCCOC1(Cc2ccccc2)CCCCCC1,1,c1ccc(CC2CCCCCC2)cc1,0.2618375905451773,1,0.9377305086363347
COc1cccc([C@@]2(O)CCCC[C@@H]2CN(C)C)c1,1,c1ccc(C2CCCCC2)cc1,CCN(C)C(=O)Oc1cccc([C@H](C)N(C)C)c1,1,c1ccccc1,0.26070460704607046,1,0.8969224685598542
CCOC(=O)[C@H](CCc1ccccc1)N[C@H]1CCc2ccccc2N(CC(=O)O)C1=O,1,O=C1Nc2ccccc2CCC1NCCCc1ccccc1,CCOC(=O)[C@H](CCc1ccccc1)N[C@H]1CCCN2CCC[C@@H](C(=O)O)N2C1=O,1,O=C1C(NCCCc2ccccc2)CCCN2CCCCN12,0.5636566332218507,1,0.9696021437161736
CCOC(=O)[C@H](CCc1ccccc1)N[C@H]1CCc2ccccc2N(CC(=O)O)C1=O,1,O=C1Nc2ccccc2CCC1NCCCc1ccccc1,CCOC(=O)[C@H](CCc1ccccc1)N[C@@H](C)C(=O)N1Cc2ccccc2C[C@H]1C(=O)O,1,O=C(CNCCCc1ccccc1)N1CCc2ccccc2C1,0.47655819084390516,1,0.9781236724908773
CCOC(=O)[C@H](CCc1ccccc1)N[C@H]1CCc2ccccc2N(CC(=O)O)C1=O,1,O=C1Nc2ccccc2CCC1NCCCc1ccccc1,CCOC(=O)[C@H](CCc1ccccc1)N[C@@H](C)C(=O)N1CCC[C@H]1C(=O)O,1,O=C(CNCCCc1ccccc1)N1CCCC1,0.46372602739726027,1,0.978271156249503
CCOC(=O)[C@H](CCc1ccccc1)N[C@H]1CCc2ccccc2N(CC(=O)O)C1=O,1,O=C1Nc2ccccc2CCC1NCCCc1ccccc1,CCOC(=O)[C@H](CCc1ccccc1)N[C@@H](C)C(=O)N1[C@H](C(=O)O)C[C@@H]2CCC[C@@H]21,1,O=C(CNCCCc1ccccc1)N1CCC2CCCC21,0.4413086913086914,1,0.9854993687567228
CCc1nc(N)nc(N)c1-c1ccc(Cl)cc1,1,c1ccc(-c2cncnc2)cc1,Nc1nc(N)c2nc(-c3ccccc3)c(N)nc2n1,1,c1ccc(-c2cnc3ncncc3n2)cc1,0.2702341137123746,1,0.9990478647080893
CCc1nc(N)nc(N)c1-c1ccc(Cl)cc1,1,c1ccc(-c2cncnc2)cc1,NCC(CC(=O)O)c1ccc(Cl)cc1,1,c1ccccc1,0.23221343873517789,1,0.9888670341858344
CCc1nc(N)nc(N)c1-c1ccc(Cl)cc1,1,c1ccc(-c2cncnc2)cc1,COc1cc(Cc2cnc(N)nc2N)cc(OC)c1OC,1,c1ccc(Cc2cncnc2)cc1,0.2160377358490566,1,0.9563593344672926
CCc1nc(N)nc(N)c1-c1ccc(Cl)cc1,1,c1ccc(-c2cncnc2)cc1,COc1ccc(OC)c(Cc2cnc3nc(N)nc(N)c3c2C)c1,1,c1ccc(Cc2cnc3ncncc3c2)cc1,0.21279949558638084,1,0.9882625434160712
CN(C)CCC=C1c2ccccc2C=Cc2ccccc21,1,C=C1c2ccccc2C=Cc2ccccc21,CN(C)CCC=C1c2ccccc2CCc2ccccc21,1,C=C1c2ccccc2CCc2ccccc21,0.6548571428571429,1,0.9783121181762076
CN(C)CCC=C1c2ccccc2C=Cc2ccccc21,1,C=C1c2ccccc2C=Cc2ccccc21,CN(C)CC/C=C1/c2ccccc2Sc2ccc(Cl)cc21,1,C=C1c2ccccc2Sc2ccccc21,0.5028571428571429,1,0.9892751057277446
CN(C)CCC=C1c2ccccc2C=Cc2ccccc21,1,C=C1c2ccccc2C=Cc2ccccc21,CNCCC=C1c2ccccc2CCc2ccccc21,1,C=C1c2ccccc2CCc2ccccc21,0.36071428571428577,1,0.9425337907648477
CN(C)CCC=C1c2ccccc2C=Cc2ccccc21,1,C=C1c2ccccc2C=Cc2ccccc21,CN(C)CCOC(c1ccccc1)c1ccccc1,1,c1ccc(Cc2ccccc2)cc1,0.3051140833988985,1,0.9476450470626123
CN1C(=O)NC(=O)C(C)(C2=CCCCC2)C1=O,1,O=C1NC(=O)C(C2=CCCCC2)C(=O)N1,C#C[C@]1(O)CC[C@H]2[C@@H]3CCC4=CCCC[C@@H]4[C@H]3CC[C@@]21C,1,C1=C2CCC3C4CCCC4CCC3C2CCC1,0.20236486486486488,1,0.9629055022709001
CN1C(=O)NC(=O)C(C)(C2=CCCCC2)C1=O,1,O=C1NC(=O)C(C2=CCCCC2)C(=O)N1,CCC1(c2ccccc2)C(=O)NCNC1=O,1,O=C1NCNC(=O)C1c1ccccc1,0.18844444444444444,1,0.962242863596215
CN1C(=O)NC(=O)C(C)(C2=CCCCC2)C1=O,1,O=C1NC(=O)C(C2=CCCCC2)C(=O)N1,CC[C@@H](C(N)=O)N1CCCC1=O,1,O=C1CCCN1,0.18759305210918115,1,0.9276835175585454
CN1C(=O)NC(=O)C(C)(C2=CCCCC2)C1=O,1,O=C1NC(=O)C(C2=CCCCC2)C(=O)N1,C=C1C[C@@H]2[C@H](CC[C@]3(C)C(=O)CC[C@@H]23)[C@@]2(C)C=CC(=O)C=C12,1,C=C1CC2C(CCC3C(=O)CCC32)C2C=CC(=O)C=C12,0.17826617826617824,1,0.9900518641157223
Cc1cc(O)c2c(=O)c3c(O)cc(O)c4c5c(O)cc(O)c6c(=O)c7c(O)cc(C)c8c1c2c(c34)c(c78)c65,0,O=c1c2cccc3c4cccc5c(=O)c6cccc7c8cccc1c8c(c23)c(c54)c67,Cc1ccc(C(=O)c2cc(O)c(O)c([N+](=O)[O-])c2)cc1,1,O=C(c1ccccc1)c1ccccc1,0.21207729468599035,0,0.006963076362820607
Cc1cc(O)c2c(=O)c3c(O)cc(O)c4c5c(O)cc(O)c6c(=O)c7c(O)cc(C)c8c1c2c(c34)c(c78)c65,0,O=c1c2cccc3c4cccc5c(=O)c6cccc7c8cccc1c8c(c23)c(c54)c67,Cc1cccc(C)c1NC(=O)c1cc(S(N)(=O)=O)c(Cl)cc1O,1,O=C(Nc1ccccc1)c1ccccc1,0.1987232102143183,0,0.009226028557881785
Cc1cc(O)c2c(=O)c3c(O)cc(O)c4c5c(O)cc(O)c6c(=O)c7c(O)cc(C)c8c1c2c(c34)c(c78)c65,0,O=c1c2cccc3c4cccc5c(=O)c6cccc7c8cccc1c8c(c23)c(c54)c67,C[C@](N)(Cc1ccc(O)c(O)c1)C(=O)O,1,c1ccccc1,0.19748585795097423,0,0.00772187430915385
Cc1cc(O)c2c(=O)c3c(O)cc(O)c4c5c(O)cc(O)c6c(=O)c7c(O)cc(C)c8c1c2c(c34)c(c78)c65,0,O=c1c2cccc3c4cccc5c(=O)c6cccc7c8cccc1c8c(c23)c(c54)c67,N[C@@H](Cc1ccc(O)c(O)c1)C(=O)O,1,c1ccccc1,0.18333333333333335,0,0.0061838082302245355
CC(C)COCC(CN(Cc1ccccc1)c1ccccc1)N1CCCC1,1,c1ccc(CN(CCN2CCCC2)c2ccccc2)cc1,C[C@H](CN1CCOCC1)C(C(=O)N1CCCC1)(c1ccccc1)c1ccccc1,1,O=C(N1CCCC1)C(CCN1CCOCC1)(c1ccccc1)c1ccccc1,0.2563772048846676,1,0.9342296986207205
CC(C)COCC(CN(Cc1ccccc1)c1ccccc1)N1CCCC1,1,c1ccc(CN(CCN2CCCC2)c2ccccc2)cc1,CC(CN(C)C)CN1c2ccccc2CCc2ccccc21,1,c1ccc2c(c1)CCc1ccccc1N2,0.24769975786924942,1,0.896942408147127
CC(C)COCC(CN(Cc1ccccc1)c1ccccc1)N1CCCC1,1,c1ccc(CN(CCN2CCCC2)c2ccccc2)cc1,c1ccc(C2(N3CCCCC3)CCCCC2)cc1,1,c1ccc(C2(N3CCCCC3)CCCCC2)cc1,0.245996940336563,1,0.9754622270174207
CC(C)COCC(CN(Cc1ccccc1)c1ccccc1)N1CCCC1,1,c1ccc(CN(CCN2CCCC2)c2ccccc2)cc1,CCOC(=O)C1(c2ccccc2)CCN(C)CC1,1,c1ccc(C2CCNCC2)cc1,0.24579071597167587,1,0.756238403718773
CC[C@H](C)C(=O)O[C@H]1C[C@H](O)C=C2C=C[C@H](C)[C@H](CC[C@@H](O)C[C@@H](O)CC(=O)O)[C@H]21,0,C1=CC2=CCCCC2CC1,COCc1c(C(C)C)nc(C(C)C)c(/C=C/[C@@H](O)C[C@@H](O)CC(=O)O)c1-c1ccc(F)cc1,1,c1ccc(-c2ccncc2)cc1,0.2223081882656351,0,0.1300006817973144
CC[C@H](C)C(=O)O[C@H]1C[C@H](O)C=C2C=C[C@H](C)[C@H](CC[C@@H](O)C[C@@H](O)CC(=O)O)[C@H]21,0,C1=CC2=CCCCC2CC1,CC(C)n1c(/C=C/[C@H](O)C[C@H](O)CC(=O)O)c(-c2ccc(F)cc2)c2ccccc21,1,c1ccc(-c2c[nH]c3ccccc23)cc1,0.21197310152534032,0,0.1193357177507055
CC[C@H](C)C(=O)O[C@H]1C[C@H](O)C=C2C=C[C@H](C)[C@H](CC[C@@H](O)C[C@@H](O)CC(=O)O)[C@H]21,0,C1=CC2=CCCCC2CC1,CCOC(=O)[C@H](CCc1ccccc1)N[C@@H](C)C(=O)N1[C@H](C(=O)O)C[C@@H]2CCC[C@@H]21,1,O=C(CNCCCc1ccccc1)N1CCC2CCCC21,0.19730913642052567,0,0.41539383967106036
CC[C@H](C)C(=O)O[C@H]1C[C@H](O)C=C2C=C[C@H](C)[C@H](CC[C@@H](O)C[C@@H](O)CC(=O)O)[C@H]21,0,C1=CC2=CCCCC2CC1,CCC[C@H](N[C@@H](C)C(=O)N1[C@H](C(=O)O)C[C@@H]2CCCC[C@@H]21)C(=O)OCC,1,C1CCC2NCCC2C1,0.19140255009107468,0,0.20645832471577125
N#Cc1ccc(C(c2ccc(C#N)cc2)n2cncn2)cc1,1,c1ccc(C(c2ccccc2)n2cncn2)cc1,CC(C)(C#N)c1cc(Cn2cncn2)cc(C(C)(C)C#N)c1,1,c1ccc(Cn2cncn2)cc1,0.2989090909090909,1,0.9965205023581053
N#Cc1ccc(C(c2ccc(C#N)cc2)n2cncn2)cc1,1,c1ccc(C(c2ccccc2)n2cncn2)cc1,CCN(C(C)=O)c1cccc(-c2ccnc3c(C#N)cnn23)c1,1,c1ccc(-c2ccnc3ccnn23)cc1,0.18700980392156866,1,0.9925896992411821
N#Cc1ccc(C(c2ccc(C#N)cc2)n2cncn2)cc1,1,c1ccc(C(c2ccccc2)n2cncn2)cc1,Cc1[nH]c(=O)c(C#N)cc1-c1ccncc1,1,O=c1ccc(-c2ccncc2)c[nH]1,0.1808490566037736,1,0.9887883243349977
N#Cc1ccc(C(c2ccc(C#N)cc2)n2cncn2)cc1,1,c1ccc(C(c2ccccc2)n2cncn2)cc1,C=CCNc1nc(NCC=C)nc(N2CCN(C(c3ccc(F)cc3)c3ccc(F)cc3)CC2)n1,1,c1ccc(C(c2ccccc2)N2CCN(c3ncncn3)CC2)cc1,0.1664416586306654,1,0.9992609114960386
CCN1CC(CCN2CCOCC2)C(c2ccccc2)(c2ccccc2)C1=O,1,O=C1NCC(CCN2CCOCC2)C1(c1ccccc1)c1ccccc1,C[C@H](CN1CCOCC1)C(C(=O)N1CCCC1)(c1ccccc1)c1ccccc1,1,O=C(N1CCCC1)C(CCN1CCOCC1)(c1ccccc1)c1ccccc1,0.40294117647058825,1,0.9623988729916445
CCN1CC(CCN2CCOCC2)C(c2ccccc2)(c2ccccc2)C1=O,1,O=C1NCC(CCN2CCOCC2)C1(c1ccccc1)c1ccccc1,CCOC(=O)C1(c2ccccc2)CCN(C)CC1,1,c1ccc(C2CCNCC2)cc1,0.3066666666666667,1,0.7086030098251936
CCN1CC(CCN2CCOCC2)C(c2ccccc2)(c2ccccc2)C1=O,1,O=C1NCC(CCN2CCOCC2)C1(c1ccccc1)c1ccccc1,CCOC(=O)Nc1ccc2c(c1)N(C(=O)CCN1CCOCC1)c1ccccc1S2,1,O=C(CCN1CCOCC1)N1c2ccccc2Sc2ccccc21,0.29701726844583987,1,0.8850662855342373
CCN1CC(CCN2CCOCC2)C(c2ccccc2)(c2ccccc2)C1=O,1,O=C1NCC(CCN2CCOCC2)C1(c1ccccc1)c1ccccc1,O=C(NCCN1CCOCC1)c1ccc(Cl)cc1,1,O=C(NCCN1CCOCC1)c1ccccc1,0.2956780923994039,1,0.9237362305893916
COc1cc(NCc2ccc3nc(N)nc(N)c3c2C)cc(OC)c1OC,1,c1ccc(NCc2ccc3ncncc3c2)cc1,COc1ccc(OC)c(Cc2cnc3nc(N)nc(N)c3c2C)c1,1,c1ccc(Cc2cnc3ncncc3c2)cc1,0.40373482726423904,1,0.9810053966607174
COc1cc(NCc2ccc3nc(N)nc(N)c3c2C)cc(OC)c1OC,1,c1ccc(NCc2ccc3ncncc3c2)cc1,COc1cc(Cc2cnc(N)nc2N)cc(OC)c1OC,1,c1ccc(Cc2cncnc2)cc1,0.3968944099378882,1,0.9628241540769102
COc1cc(NCc2ccc3nc(N)nc(N)c3c2C)cc(OC)c1OC,1,c1ccc(NCc2ccc3ncncc3c2)cc1,COc1cc2c(N)nc(N3CCN(C(=O)OCC(C)(C)O)CC3)nc2c(OC)c1OC,1,c1ccc2nc(N3CCNCC3)ncc2c1,0.23852848101265822,1,0.9791715668910768
COc1cc(NCc2ccc3nc(N)nc(N)c3c2C)cc(OC)c1OC,1,c1ccc(NCc2ccc3ncncc3c2)cc1,CCOC(=O)Nc1ccc(NCc2ccc(F)cc2)nc1N,1,c1ccc(CNc2ccccn2)cc1,0.22946201800969754,1,0.9958802118768361
CCCc1cc(=O)[nH]c(=S)[nH]1,1,O=c1cc[nH]c(=S)[nH]1,CCCCC1C(=O)N(c2ccccc2)N(c2ccccc2)C1=O,1,O=C1CC(=O)N(c2ccccc2)N1c1ccccc1,0.19792207792207794,1,0.9937043358439983
CCCc1cc(=O)[nH]c(=S)[nH]1,1,O=c1cc[nH]c(=S)[nH]1,CCCN(CCC)CCc1cccc2c1CC(=O)N2,1,O=C1Cc2ccccc2N1,0.18942088463292295,1,0.8473383067853822
CCCc1cc(=O)[nH]c(=S)[nH]1,1,O=c1cc[nH]c(=S)[nH]1,CCC1(c2ccccc2)C(=O)NC(=O)NC1=O,1,O=C1NC(=O)C(c2ccccc2)C(=O)N1,0.18571428571428572,1,0.9873915159526245
CCCc1cc(=O)[nH]c(=S)[nH]1,1,O=c1cc[nH]c(=S)[nH]1,CCCc1nn(C)c2c(=O)[nH]c(-c3cc(S(=O)(=O)N4CCN(C)CC4)ccc3OCC)nc12,1,O=c1[nH]c(-c2cccc(S(=O)(=O)N3CCNCC3)c2)nc2cn[nH]c12,0.18440123729562527,1,0.9789499933672696
C#C[C@]1(O)CC[C@H]2[C@@H]3CCC4=CCCC[C@@H]4[C@H]3C(=C)C[C@@]21CC,0,C=C1CC2CCCC2C2CCC3=CCCCC3C12,C#C[C@]1(O)CC[C@H]2[C@@H]3CCC4=CCCC[C@@H]4[C@H]3CC[C@@]21C,1,C1=C2CCC3C4CCCC4CCC3C2CCC1,0.5827868852459017,1,0.5297110056694927
C#C[C@]1(O)CC[C@H]2[C@@H]3CCC4=CCCC[C@@H]4[C@H]3C(=C)C[C@@]21CC,0,C=C1CC2CCCC2C2CCC3=CCCCC3C12,C#C[C@]1(O)C=C[C@H]2[C@@H]3CCC4=CC(=O)CC[C@@H]4[C@H]3CC[C@@]21CC,1,O=C1C=C2CCC3C4C=CCC4CCC3C2CC1,0.3642276422764228,1,0.5242644293477328
C#C[C@]1(O)CC[C@H]2[C@@H]3CCC4=CCCC[C@@H]4[C@H]3C(=C)C[C@@]21CC,0,C=C1CC2CCCC2C2CCC3=CCCCC3C12,CC#C[C@]1(O)CC[C@H]2[C@@H]3CCC4=CC(=O)CCC4=C3[C@@H](c3ccc(N(C)C)cc3)C[C@@]21C,1,O=C1C=C2CCC3C(=C2CC1)C(c1ccccc1)CC1CCCC13,0.21833992094861662,0,0.4722372113775584
C#C[C@]1(O)CC[C@H]2[C@@H]3CCC4=CCCC[C@@H]4[C@H]3C(=C)C[C@@]21CC,0,C=C1CC2CCCC2C2CCC3=CCCCC3C12,C=C1/C(=C\C=C2/CCC[C@]3(C)[C@@H]([C@H](C)CCCC(C)(C)O)CC[C@@H]23)C[C@@H](O)C[C@@H]1O,1,C=C1CCCCC1=CC=C1CCCC2CCCC12,0.19821870361207322,0,0.12448025157154236
CC(C)c1nc(N(C)S(C)(=O)=O)nc(-c2ccc(F)cc2)c1/C=C/[C@@H](O)C[C@@H](O)CC(=O)O,0,c1ccc(-c2ccncn2)cc1,COCc1c(C(C)C)nc(C(C)C)c(/C=C/[C@@H](O)C[C@@H](O)CC(=O)O)c1-c1ccc(F)cc1,1,c1ccc(-c2ccncc2)cc1,0.5861097620203983,1,0.515600111649524
CC(C)c1nc(N(C)S(C)(=O)=O)nc(-c2ccc(F)cc2)c1/C=C/[C@@H](O)C[C@@H](O)CC(=O)O,0,c1ccc(-c2ccncn2)cc1,CC(C)n1c(/C=C/[C@H](O)C[C@H](O)CC(=O)O)c(-c2ccc(F)cc2)c2ccccc21,1,c1ccc(-c2c[nH]c3ccccc23)cc1,0.44723809523809527,1,0.5033862731890626
CC(C)c1nc(N(C)S(C)(=O)=O)nc(-c2ccc(F)cc2)c1/C=C/[C@@H](O)C[C@@H](O)CC(=O)O,0,c1ccc(-c2ccncn2)cc1,O=C(O)CCc1nc(-c2ccccc2)c(-c2ccccc2)o1,1,c1ccc(-c2ncoc2-c2ccccc2)cc1,0.22423112767940356,1,0.5255190975900128
CC(C)c1nc(N(C)S(C)(=O)=O)nc(-c2ccc(F)cc2)c1/C=C/[C@@H](O)C[C@@H](O)CC(=O)O,0,c1ccc(-c2ccncn2)cc1,O=C(O)CCC(=O)c1ccc(-c2ccccc2)cc1,1,c1ccc(-c2ccccc2)cc1,0.21475935828877007,1,0.723002726344762
Cc1onc(-c2ccccc2)c1-c1ccc(S(N)(=O)=O)cc1,1,c1ccc(-c2conc2-c2ccccc2)cc1,Cc1onc(-c2ccccc2)c1C(=O)N[C@@H]1C(=O)N2[C@@H]1SC(C)(C)[C@@H]2C(=O)O,1,O=C(NC1C(=O)N2CCSC12)c1conc1-c1ccccc1,0.3019607843137255,1,0.9919272003126641
Cc1onc(-c2ccccc2)c1-c1ccc(S(N)(=O)=O)cc1,1,c1ccc(-c2conc2-c2ccccc2)cc1,Cc1noc(NS(=O)(=O)c2ccc(N)cc2)c1C,1,O=S(=O)(Nc1ccno1)c1ccccc1,0.2930817610062893,1,0.9900459377016757
Cc1onc(-c2ccccc2)c1-c1ccc(S(N)(=O)=O)cc1,1,c1ccc(-c2conc2-c2ccccc2)cc1,NS(=O)(=O)Cc1noc2ccccc12,1,c1ccc2oncc2c1,0.28498168498168497,1,0.9861846360728268
Cc1onc(-c2ccccc2)c1-c1ccc(S(N)(=O)=O)cc1,1,c1ccc(-c2conc2-c2ccccc2)cc1,O=C(O)CCc1nc(-c2ccccc2)c(-c2ccccc2)o1,1,c1ccc(-c2ncoc2-c2ccccc2)cc1,0.26088527551942187,1,0.9624401425724515
O=c1ccn([C@@H]2O[C@H](CO)[C@@H](O)[C@H]2O)c(=O)[nH]1,0,O=c1ccn(C2CCCO2)c(=O)[nH]1,NC(=O)c1ncn([C@@H]2O[C@H](CO)[C@@H](O)[C@H]2O)n1,1,c1ncn(C2CCCO2)n1,0.42008510638297875,0,0.36664455967730003
O=c1ccn([C@@H]2O[C@H](CO)[C@@H](O)[C@H]2O)c(=O)[nH]1,0,O=c1ccn(C2CCCO2)c(=O)[nH]1,Nc1nc(F)nc2c1ncn2[C@@H]1O[C@H](CO)[C@@H](O)[C@@H]1O,1,c1ncc2ncn(C3CCCO3)c2n1,0.3775510204081633,0,0.38057028906993723
O=c1ccn([C@@H]2O[C@H](CO)[C@@H](O)[C@H]2O)c(=O)[nH]1,0,O=c1ccn(C2CCCO2)c(=O)[nH]1,Cc1cn([C@H]2C=C[C@@H](CO)O2)c(=O)[nH]c1=O,1,O=c1ccn(C2C=CCO2)c(=O)[nH]1,0.3639208467556374,0,0.15217010668218228
O=c1ccn([C@@H]2O[C@H](CO)[C@@H](O)[C@H]2O)c(=O)[nH]1,0,O=c1ccn(C2CCCO2)c(=O)[nH]1,Cc1cn([C@H]2C[C@H](N=[N+]=[N-])[C@@H](CO)O2)c(=O)[nH]c1=O,1,O=c1ccn(C2CCCO2)c(=O)[nH]1,0.33877831159917643,0,0.10471486010330824
Cc1cn([C@H]2C[C@H](N=[N+]=[N-])[C@@H](CO)O2)c(=O)[nH]c1=O,1,O=c1ccn(C2CCCO2)c(=O)[nH]1,Cc1cn([C@H]2C=C[C@@H](CO)O2)c(=O)[nH]c1=O,1,O=c1ccn(C2C=CCO2)c(=O)[nH]1,0.5037632135306553,1,0.8756975974364185
Cc1cn([C@H]2C[C@H](N=[N+]=[N-])[C@@H](CO)O2)c(=O)[nH]c1=O,1,O=c1ccn(C2CCCO2)c(=O)[nH]1,O=c1nc[nH]c2c1ncn2[C@H]1CC[C@@H](CO)O1,1,O=c1nc[nH]c2c1ncn2C1CCCO1,0.27298136645962734,1,0.9694933463280963
Cc1cn([C@H]2C[C@H](N=[N+]=[N-])[C@@H](CO)O2)c(=O)[nH]c1=O,1,O=c1ccn(C2CCCO2)c(=O)[nH]1,Nc1ccn([C@H]2CC[C@@H](CO)O2)c(=O)n1,1,O=c1ncccn1C1CCCO1,0.27021154945683246,1,0.9160407599478659
Cc1cn([C@H]2C[C@H](N=[N+]=[N-])[C@@H](CO)O2)c(=O)[nH]c1=O,1,O=c1ccn(C2CCCO2)c(=O)[nH]1,Nc1nc(Cl)nc2c1ncn2[C@H]1C[C@H](O)[C@@H](CO)O1,1,c1ncc2ncn(C3CCCO3)c2n1,0.25333333333333335,1,0.9430433172674154
CNCCCC1c2ccccc2C=Cc2ccccc21,1,C1=Cc2ccccc2Cc2ccccc21,CNCCCN1c2ccccc2CCc2ccccc21,1,c1ccc2c(c1)CCc1ccccc1N2,0.3392529950669486,1,0.9742881422964249
CNCCCC1c2ccccc2C=Cc2ccccc21,1,C1=Cc2ccccc2Cc2ccccc21,CNCCC=C1c2ccccc2CCc2ccccc21,1,C=C1c2ccccc2CCc2ccccc21,0.32303030303030306,1,0.9201476823576246
CNCCCC1c2ccccc2C=Cc2ccccc21,1,C1=Cc2ccccc2Cc2ccccc21,CN(C)CCC=C1c2ccccc2C=Cc2ccccc21,1,C=C1c2ccccc2C=Cc2ccccc21,0.2787878787878788,1,0.9680295039713358
CNCCCC1c2ccccc2C=Cc2ccccc21,1,C1=Cc2ccccc2Cc2ccccc21,CCCCC1C(=O)N(c2ccccc2)N(c2ccccc2)C1=O,1,O=C1CC(=O)N(c2ccccc2)N1c1ccccc1,0.25935828877005346,1,0.999483596853698
CC(C)(Cc1c[nH]c2ccccc12)NCC(O)COc1ccccc1C#N,1,c1ccc(OCCCNCCc2c[nH]c3ccccc23)cc1,CC(C)(C)NC[C@H](O)COc1ccccc1C1CCCC1,1,c1ccc(C2CCCC2)cc1,0.4131907308377897,1,0.9099553974606956
CC(C)(Cc1c[nH]c2ccccc12)NCC(O)COc1ccccc1C#N,1,c1ccc(OCCCNCCc2c[nH]c3ccccc23)cc1,CC(C)(C)NCC(O)COc1cccc2c1C[C@H](O)[C@H](O)C2,1,c1ccc2c(c1)CCCC2,0.39597752144335996,1,0.9573492034141327
CC(C)(Cc1c[nH]c2ccccc12)NCC(O)COc1ccccc1C#N,1,c1ccc(OCCCNCCc2c[nH]c3ccccc23)cc1,CC(C)(C)NCC(O)COc1cccc2c1CCC(=O)N2,1,O=C1CCc2ccccc2N1,0.38067704472448727,1,0.9688495725589552
CC(C)(Cc1c[nH]c2ccccc12)NCC(O)COc1ccccc1C#N,1,c1ccc(OCCCNCCc2c[nH]c3ccccc23)cc1,C=CCOc1ccccc1OCC(O)CNC(C)C,1,c1ccccc1,0.3435897435897436,1,0.8454395089642273
OC(CCN1CCCCC1)(c1ccccc1)C1CC2C=CC1C2,1,C1=CC2CC1CC2C(CCN1CCCCC1)c1ccccc1,OC(CCN1CCCC1)(c1ccccc1)C1CCCCC1,1,c1ccc(C(CCN2CCCC2)C2CCCCC2)cc1,0.6317841079460271,1,0.9360329316742687
OC(CCN1CCCCC1)(c1ccccc1)C1CC2C=CC1C2,1,C1=CC2CC1CC2C(CCN1CCCCC1)c1ccccc1,CN(C)C(=O)C(CCN1CCC(O)(c2ccc(Cl)cc2)CC1)(c1ccccc1)c1ccccc1,1,c1ccc(C2CCN(CCC(c3ccccc3)c3ccccc3)CC2)cc1,0.30725034199726403,1,0.9153606016970939
OC(CCN1CCCCC1)(c1ccccc1)C1CC2C=CC1C2,1,C1=CC2CC1CC2C(CCN1CCCCC1)c1ccccc1,CC(C)(C(=O)O)c1ccc(C(O)CCCN2CCC(C(O)(c3ccccc3)c3ccccc3)CC2)cc1,1,c1ccc(CCCCN2CCC(C(c3ccccc3)c3ccccc3)CC2)cc1,0.2883749614554425,1,0.8291168046989191
OC(CCN1CCCCC1)(c1ccccc1)C1CC2C=CC1C2,1,C1=CC2CC1CC2C(CCN1CCCCC1)c1ccccc1,C[C@H](CN1CCOCC1)C(C(=O)N1CCCC1)(c1ccccc1)c1ccccc1,1,O=C(N1CCCC1)C(CCN1CCOCC1)(c1ccccc1)c1ccccc1,0.2776162790697675,1,0.9081745937413872
N[C@@H](C(=O)N[C@@H]1C(=O)N2C(C(=O)O)=C(CSc3c[nH]nn3)CS[C@H]12)c1ccc(O)cc1,1,O=C(Cc1ccccc1)NC1C(=O)N2C=C(CSc3c[nH]nn3)CSC12,CC1=C(C(=O)O)N2C(=O)[C@@H](NC(=O)[C@H](N)c3ccc(O)cc3)[C@H]2SC1,1,O=C(Cc1ccccc1)NC1C(=O)N2C=CCSC12,0.6234900931009788,1,0.9609239866428906
N[C@@H](C(=O)N[C@@H]1C(=O)N2C(C(=O)O)=C(CSc3c[nH]nn3)CS[C@H]12)c1ccc(O)cc1,1,O=C(Cc1ccccc1)NC1C(=O)N2C=C(CSc3c[nH]nn3)CSC12,CC=CC1=C(C(=O)O)N2C(=O)[C@@H](NC(=O)[C@H](N)c3ccc(O)cc3)[C@H]2SC1,1,O=C(Cc1ccccc1)NC1C(=O)N2C=CCSC12,0.5848896434634975,1,0.9622360147444924
N[C@@H](C(=O)N[C@@H]1C(=O)N2C(C(=O)O)=C(CSc3c[nH]nn3)CS[C@H]12)c1ccc(O)cc1,1,O=C(Cc1ccccc1)NC1C(=O)N2C=C(CSc3c[nH]nn3)CSC12,CC1=C(C(=O)O)N2C(=O)[C@@H](NC(=O)[C@H](N)c3ccccc3)[C@H]2SC1,1,O=C(Cc1ccccc1)NC1C(=O)N2C=CCSC12,0.5308108108108108,1,0.9479424577030203
N[C@@H](C(=O)N[C@@H]1C(=O)N2C(C(=O)O)=C(CSc3c[nH]nn3)CS[C@H]12)c1ccc(O)cc1,1,O=C(Cc1ccccc1)NC1C(=O)N2C=C(CSc3c[nH]nn3)CSC12,N[C@@H](C(=O)N[C@@H]1C(=O)N2C(C(=O)O)=C(Cl)CS[C@H]12)c1ccccc1,1,O=C(Cc1ccccc1)NC1C(=O)N2C=CCSC12,0.5139358108108109,1,0.9772592343876145
CCOC(=O)Nc1ccc(NCc2ccc(F)cc2)nc1N,1,c1ccc(CNc2ccccn2)cc1,CCOC(=O)Nc1ccc2c(c1)N(C(=O)CCN1CCOCC1)c1ccccc1S2,1,O=C(CCN1CCOCC1)N1c2ccccc2Sc2ccccc21,0.25146198830409355,1,0.9874140833651578
CCOC(=O)Nc1ccc(NCc2ccc(F)cc2)nc1N,1,c1ccc(CNc2ccccn2)cc1,CCOc1ccc(NC(C)=O)cc1,1,c1ccccc1,0.23154761904761906,1,0.9770331903166064
CCOC(=O)Nc1ccc(NCc2ccc(F)cc2)nc1N,1,c1ccc(CNc2ccccn2)cc1,COc1cc(NCc2ccc3nc(N)nc(N)c3c2C)cc(OC)c1OC,1,c1ccc(NCc2ccc3ncncc3c2)cc1,0.22946201800969754,1,0.9926686340293525
CCOC(=O)Nc1ccc(NCc2ccc(F)cc2)nc1N,1,c1ccc(CNc2ccccn2)cc1,Cc1ccc(Nc2c(F)cccc2Cl)c(CC(=O)O)c1,1,c1ccc(Nc2ccccc2)cc1,0.21529235382308845,1,0.9851129724508857
O=C1Cc2cc(CCN3CCN(c4nsc5ccccc45)CC3)c(Cl)cc2N1,1,O=C1Cc2cc(CCN3CCN(c4nsc5ccccc45)CC3)ccc2N1,CCCN(CCC)CCc1cccc2c1CC(=O)N2,1,O=C1Cc2ccccc2N1,0.26839916839916844,1,0.9648683474471058
O=C1Cc2cc(CCN3CCN(c4nsc5ccccc45)CC3)c(Cl)cc2N1,1,O=C1Cc2cc(CCN3CCN(c4nsc5ccccc45)CC3)ccc2N1,O=c1n(CCCN2CCN(c3cccc(Cl)c3)CC2)nc2ccccn12,1,O=c1n(CCCN2CCN(c3ccccc3)CC2)nc2ccccn12,0.25958132045088567,1,0.8903489772642849
O=C1Cc2cc(CCN3CCN(c4nsc5ccccc45)CC3)c(Cl)cc2N1,1,O=C1Cc2cc(CCN3CCN(c4nsc5ccccc45)CC3)ccc2N1,CN1CCN(C2=Nc3cc(Cl)ccc3Nc3ccccc32)CC1,1,c1ccc2c(c1)N=C(N1CCNCC1)c1ccccc1N2,0.25828571428571434,1,0.9783071570575452
O=C1Cc2cc(CCN3CCN(c4nsc5ccccc45)CC3)c(Cl)cc2N1,1,O=C1Cc2cc(CCN3CCN(c4nsc5ccccc45)CC3)ccc2N1,OCCN1CCN(CCCN2c3ccccc3Sc3ccc(Cl)cc32)CC1,1,c1ccc2c(c1)Sc1ccccc1N2CCCN1CCNCC1,0.22602848101265824,1,0.9287338750291358
COCc1c(C(C)C)nc(C(C)C)c(/C=C/[C@@H](O)C[C@@H](O)CC(=O)O)c1-c1ccc(F)cc1,1,c1ccc(-c2ccncc2)cc1,CC(C)n1c(/C=C/[C@H](O)C[C@H](O)CC(=O)O)c(-c2ccc(F)cc2)c2ccccc21,1,c1ccc(-c2c[nH]c3ccccc23)cc1,0.49769953051643195,1,0.5833149100517344
COCc1c(C(C)C)nc(C(C)C)c(/C=C/[C@@H](O)C[C@@H](O)CC(=O)O)c1-c1ccc(F)cc1,1,c1ccc(-c2ccncc2)cc1,CC(C(=O)O)c1ccc(-c2ccccc2)c(F)c1,1,c1ccc(-c2ccccc2)cc1,0.2222222222222222,1,0.758849508109464
COCc1c(C(C)C)nc(C(C)C)c(/C=C/[C@@H](O)C[C@@H](O)CC(=O)O)c1-c1ccc(F)cc1,1,c1ccc(-c2ccncc2)cc1,O=C(O)c1cc(-c2ccc(F)cc2F)ccc1O,1,c1ccc(-c2ccccc2)cc1,0.21169590643274855,1,0.7316471183054781
COCc1c(C(C)C)nc(C(C)C)c(/C=C/[C@@H](O)C[C@@H](O)CC(=O)O)c1-c1ccc(F)cc1,1,c1ccc(-c2ccncc2)cc1,O=C(O)CCC(=O)c1ccc(-c2ccccc2)cc1,1,c1ccc(-c2ccccc2)cc1,0.20743452548577868,1,0.7396063558413568
O=C(O)c1cc(/N=N/c2ccc(S(=O)(=O)Nc3ccccn3)cc2)ccc1O,1,O=S(=O)(Nc1ccccn1)c1ccc(N=Nc2ccccc2)cc1,O=C(O)c1cc(-c2ccc(F)cc2F)ccc1O,1,c1ccc(-c2ccccc2)cc1,0.27607843137254906,1,0.9328283897639893
O=C(O)c1cc(/N=N/c2ccc(S(=O)(=O)Nc3ccccn3)cc2)ccc1O,1,O=S(=O)(Nc1ccccn1)c1ccc(N=Nc2ccccc2)cc1,COc1ccccc1Oc1c(NS(=O)(=O)c2ccc(C(C)(C)C)cc2)nc(-c2ncccn2)nc1OCCO,1,O=S(=O)(Nc1nc(-c2ncccn2)ncc1Oc1ccccc1)c1ccccc1,0.2660460021905805,1,0.9935635799958298
O=C(O)c1cc(/N=N/c2ccc(S(=O)(=O)Nc3ccccn3)cc2)ccc1O,1,O=S(=O)(Nc1ccccn1)c1ccc(N=Nc2ccccc2)cc1,CN1C(C(=O)Nc2ccccn2)=C(O)c2sccc2S1(=O)=O,1,O=C(Nc1ccccn1)C1=Cc2sccc2S(=O)(=O)N1,0.26277751535191307,1,0.9872946152175928
O=C(O)c1cc(/N=N/c2ccc(S(=O)(=O)Nc3ccccn3)cc2)ccc1O,1,O=S(=O)(Nc1ccccn1)c1ccc(N=Nc2ccccc2)cc1,Cc1noc(NS(=O)(=O)c2ccc(N)cc2)c1C,1,O=S(=O)(Nc1ccno1)c1ccccc1,0.24603174603174602,1,0.9413043633426291
COc1cc2ncnc(Nc3ccc(F)c(Cl)c3)c2cc1OCCCN1CCOCC1,1,c1ccc(Nc2ncnc3ccc(OCCCN4CCOCC4)cc23)cc1,COc1cc(N)c(Cl)cc1C(=O)N[C@@H]1CCN(CCCOc2ccc(F)cc2)C[C@@H]1OC,1,O=C(NC1CCN(CCCOc2ccccc2)CC1)c1ccccc1,0.2969661266568483,1,0.9674258804860691
COc1cc2ncnc(Nc3ccc(F)c(Cl)c3)c2cc1OCCCN1CCOCC1,1,c1ccc(Nc2ncnc3ccc(OCCCN4CCOCC4)cc23)cc1,O=C(NCCN1CCOCC1)c1ccc(Cl)cc1,1,O=C(NCCN1CCOCC1)c1ccccc1,0.26907103825136613,1,0.9977633956177271
COc1cc2ncnc(Nc3ccc(F)c(Cl)c3)c2cc1OCCCN1CCOCC1,1,c1ccc(Nc2ncnc3ccc(OCCCN4CCOCC4)cc23)cc1,COc1cc2nc(N3CCN(C(=O)C4CCCO4)CC3)nc(N)c2cc1OC,1,O=C(C1CCCO1)N1CCN(c2ncc3ccccc3n2)CC1,0.24156010230179029,1,0.9824870583723008
COc1cc2ncnc(Nc3ccc(F)c(Cl)c3)c2cc1OCCCN1CCOCC1,1,c1ccc(Nc2ncnc3ccc(OCCCN4CCOCC4)cc23)cc1,COc1ccccc1N1CCN(CCCNc2cc(=O)n(C)c(=O)n2C)CC1,1,O=c1cc(NCCCN2CCN(c3ccccc3)CC2)[nH]c(=O)[nH]1,0.24064171122994654,1,0.9678402637436369
COc1nc(C)nc(Cl)c1NC1=NCCN1,1,c1ncc(NC2=NCCN2)cn1,Clc1cccc(Cl)c1NC1=NCCN1,1,c1ccc(NC2=NCCN2)cc1,0.46107226107226107,1,0.9592362855940659
COc1nc(C)nc(Cl)c1NC1=NCCN1,1,c1ncc(NC2=NCCN2)cn1,COc1nc(C(Cl)(Cl)Cl)c(Cl)c(OC)c1Cl,1,c1ccncc1,0.2228085106382979,1,0.9931490671284673
COc1nc(C)nc(Cl)c1NC1=NCCN1,1,c1ncc(NC2=NCCN2)cn1,c1ccc(C2(c3ccccc3)CC2C2=NCCN2)cc1,1,c1ccc(C2(c3ccccc3)CC2C2=NCCN2)cc1,0.20081632653061227,1,0.9713788937560436
COc1nc(C)nc(Cl)c1NC1=NCCN1,1,c1ncc(NC2=NCCN2)cn1,Cc1nnc2n1-c1ccc(Cl)cc1C(c1ccccc1Cl)=NC2,1,c1ccc(C2=NCc3nncn3-c3ccccc32)cc1,0.1486815415821501,1,0.9926923061010278
CCOC(=O)C1=C[C@]2(CC)CCCN3CCc4c(n1c1ccccc41)[C@@H]32,0,C1=Cn2c3c(c4ccccc42)CCN2CCCC1C32,CCOC(=O)C1(c2ccccc2)CCN(C)CC1,1,c1ccc(C2CCNCC2)cc1,0.2985507246376812,0,0.23330406892629918
CCOC(=O)C1=C[C@]2(CC)CCCN3CCc4c(n1c1ccccc41)[C@@H]32,0,C1=Cn2c3c(c4ccccc42)CCN2CCCC1C32,COC(=O)[C@@H]1[C@H]2C[C@H]3c4[nH]c5ccccc5c4CCN3C[C@@H]2CC[C@@H]1O,1,c1ccc2c3c([nH]c2c1)C1CC2CCCCC2CN1CC3,0.24646464646464647,0,0.40660485807826524
CCOC(=O)C1=C[C@]2(CC)CCCN3CCc4c(n1c1ccccc41)[C@@H]32,0,C1=Cn2c3c(c4ccccc42)CCN2CCCC1C32,CCOC(=O)[C@H](CCc1ccccc1)N[C@@H](C)C(=O)N1CCC[C@H]1C(=O)O,1,O=C(CNCCCc1ccccc1)N1CCCC1,0.22990196078431374,0,0.18628037840639547
CCOC(=O)C1=C[C@]2(CC)CCCN3CCc4c(n1c1ccccc41)[C@@H]32,0,C1=Cn2c3c(c4ccccc42)CCN2CCCC1C32,Cc1[nH]cnc1CN1CCc2c(c3ccccc3n2C)C1=O,1,O=C1c2c([nH]c3ccccc23)CCN1Cc1c[nH]cn1,0.22436974789915967,0,0.18274815360169575
NCCCC[C@H](N[C@@H](CCc1ccccc1)C(=O)O)C(=O)N1CCC[C@H]1C(=O)O,1,O=C(CNCCCc1ccccc1)N1CCCC1,CCOC(=O)[C@H](CCc1ccccc1)N[C@@H](C)C(=O)N1CCC[C@H]1C(=O)O,1,O=C(CNCCCc1ccccc1)N1CCCC1,0.5778846153846154,1,0.8273819146579824
NCCCC[C@H](N[C@@H](CCc1ccccc1)C(=O)O)C(=O)N1CCC[C@H]1C(=O)O,1,O=C(CNCCCc1ccccc1)N1CCCC1,O=C(O)[C@H](CCc1ccccc1)N[C@H]1CCCN2CCC[C@@H](C(=O)O)N2C1=O,1,O=C1C(NCCCc2ccccc2)CCCN2CCCCN12,0.524,1,0.9380036400008482
NCCCC[C@H](N[C@@H](CCc1ccccc1)C(=O)O)C(=O)N1CCC[C@H]1C(=O)O,1,O=C(CNCCCc1ccccc1)N1CCCC1,CCOC(=O)[C@H](CCc1ccccc1)N[C@H]1CCCN2CCC[C@@H](C(=O)O)N2C1=O,1,O=C1C(NCCCc2ccccc2)CCCN2CCCCN12,0.42786162061759925,1,0.8939968407689509
NCCCC[C@H](N[C@@H](CCc1ccccc1)C(=O)O)C(=O)N1CCC[C@H]1C(=O)O,1,O=C(CNCCCc1ccccc1)N1CCCC1,CCOC(=O)[C@H](CCc1ccccc1)N[C@@H](C)C(=O)N1[C@H](C(=O)O)C[C@@H]2CCC[C@@H]21,1,O=C(CNCCCc1ccccc1)N1CCC2CCCC21,0.42545454545454553,1,0.9029954256968951
CCOC(=O)[C@H](CCc1ccccc1)N[C@@H](C)C(=O)N1CCC[C@H]1C(=O)O,1,O=C(CNCCCc1ccccc1)N1CCCC1,CCOC(=O)[C@H](CCc1ccccc1)N[C@@H](C)C(=O)N1Cc2ccccc2C[C@H]1C(=O)O,1,O=C(CNCCCc1ccccc1)N1CCc2ccccc2C1,0.7165217391304347,1,0.9699294964024134
CCOC(=O)[C@H](CCc1ccccc1)N[C@@H](C)C(=O)N1CCC[C@H]1C(=O)O,1,O=C(CNCCCc1ccccc1)N1CCCC1,CCOC(=O)[C@H](CCc1ccccc1)N[C@@H](C)C(=O)N1[C@H](C(=O)O)C[C@@H]2CCC[C@@H]21,1,O=C(CNCCCc1ccccc1)N1CCC2CCCC21,0.715268817204301,1,0.9760298918630258
CCOC(=O)[C@H](CCc1ccccc1)N[C@@H](C)C(=O)N1CCC[C@H]1C(=O)O,1,O=C(CNCCCc1ccccc1)N1CCCC1,CCOC(=O)[C@H](CCc1ccccc1)N[C@H]1CCCN2CCC[C@@H](C(=O)O)N2C1=O,1,O=C1C(NCCCc2ccccc2)CCCN2CCCCN12,0.601025641025641,1,0.9791857307423889
CCOC(=O)[C@H](CCc1ccccc1)N[C@@H](C)C(=O)N1CCC[C@H]1C(=O)O,1,O=C(CNCCCc1ccccc1)N1CCCC1,NCCCC[C@H](N[C@@H](CCc1ccccc1)C(=O)O)C(=O)N1CCC[C@H]1C(=O)O,1,O=C(CNCCCc1ccccc1)N1CCCC1,0.5778846153846154,1,0.9349724435565004
COC(=O)[C@H]1[C@H]2C[C@@H]3c4[nH]c5cc(OC)ccc5c4CCN3C[C@H]2C[C@@H](OC(=O)c2cc(OC)c(OC)c(OC)c2)[C@@H]1OC,1,O=C(OC1CCC2CC3c4[nH]c5ccccc5c4CCN3CC2C1)c1ccccc1,COC(=O)[C@@H]1[C@H]2C[C@H]3c4[nH]c5ccccc5c4CCN3C[C@@H]2CC[C@@H]1O,1,c1ccc2c3c([nH]c2c1)C1CC2CCCCC2CN1CC3,0.515625,1,0.8588597344112395
COC(=O)[C@H]1[C@H]2C[C@@H]3c4[nH]c5cc(OC)ccc5c4CCN3C[C@H]2C[C@@H](OC(=O)c2cc(OC)c(OC)c(OC)c2)[C@@H]1OC,1,O=C(OC1CCC2CC3c4[nH]c5ccccc5c4CCN3CC2C1)c1ccccc1,COC(=O)[C@H]1[C@@H](OC(=O)c2ccccc2)C[C@@H]2CC[C@H]1N2C,1,O=C(OC1CC2CCC(C1)N2)c1ccccc1,0.28625756266205704,1,0.7222568811642929
COC(=O)[C@H]1[C@H]2C[C@@H]3c4[nH]c5cc(OC)ccc5c4CCN3C[C@H]2C[C@@H](OC(=O)c2cc(OC)c(OC)c(OC)c2)[C@@H]1OC,1,O=C(OC1CCC2CC3c4[nH]c5ccccc5c4CCN3CC2C1)c1ccccc1,COc1ccc2c(c1OC)C(=O)O[C@@H]2[C@H]1c2c(cc3c(c2OC)OCO3)CCN1C,1,O=C1OC(C2NCCc3cc4c(cc32)OCO4)c2ccccc21,0.21524699599465952,1,0.6757716421000749
COC(=O)[C@H]1[C@H]2C[C@@H]3c4[nH]c5cc(OC)ccc5c4CCN3C[C@H]2C[C@@H](OC(=O)c2cc(OC)c(OC)c(OC)c2)[C@@H]1OC,1,O=C(OC1CCC2CC3c4[nH]c5ccccc5c4CCN3CC2C1)c1ccccc1,CN1[C@@H]2CC[C@H]1C[C@@H](OC(=O)c1c[nH]c3ccccc13)C2,1,O=C(OC1CC2CCC(C1)N2)c1c[nH]c2ccccc12,0.21495619524405507,1,0.8161938591643744
CCCCC[C@H](O)/C=C/[C@H]1[C@H](O)CC(=O)[C@@H]1CCCCCCC(=O)O,0,O=C1CCCC1,CCCCC(C)(O)C/C=C/[C@H]1[C@H](O)CC(=O)[C@@H]1CCCCCCC(=O)OC,1,O=C1CCCC1,0.4868694096601074,0,0.16524645098530394
CCCCC[C@H](O)/C=C/[C@H]1[C@H](O)CC(=O)[C@@H]1CCCCCCC(=O)O,0,O=C1CCCC1,C=CC(N)CCC(=O)O,1,,0.21868131868131868,0,0.2692859772689791
CCCCC[C@H](O)/C=C/[C@H]1[C@H](O)CC(=O)[C@@H]1CCCCCCC(=O)O,0,O=C1CCCC1,CCCCC1C(=O)N(c2ccccc2)N(c2ccccc2)C1=O,1,O=C1CC(=O)N(c2ccccc2)N1c1ccccc1,0.20245775729646698,1,0.6821985815420399
CCCCC[C@H](O)/C=C/[C@H]1[C@H](O)CC(=O)[C@@H]1CCCCCCC(=O)O,0,O=C1CCCC1,CCC[C@H](N[C@@H](C)C(=O)N1[C@H](C(=O)O)C[C@@H]2CCCC[C@@H]21)C(=O)OCC,1,C1CCC2NCCC2C1,0.19660377358490566,0,0.3800299985798745
CCCCC(C)(O)C/C=C/[C@H]1[C@H](O)CC(=O)[C@@H]1CCCCCCC(=O)OC,1,O=C1CCCC1,CCCCC1C(=O)N(c2ccccc2)N(c2ccccc2)C1=O,1,O=C1CC(=O)N(c2ccccc2)N1c1ccccc1,0.17819225251076043,1,0.8621206822594378
CCCCC(C)(O)C/C=C/[C@H]1[C@H](O)CC(=O)[C@@H]1CCCCCCC(=O)OC,1,O=C1CCCC1,C=C1/C(=C\C=C2/CCC[C@]3(C)[C@@H]([C@H](C)CCCC(C)(C)O)CC[C@@H]23)C[C@@H](O)C[C@@H]1O,1,C=C1CCCCC1=CC=C1CCCC2CCCC12,0.17331560283687944,1,0.6586386419613954
CCCCC(C)(O)C/C=C/[C@H]1[C@H](O)CC(=O)[C@@H]1CCCCCCC(=O)OC,1,O=C1CCCC1,CCC[C@H](N[C@@H](C)C(=O)N1[C@H](C(=O)O)C[C@@H]2CCCC[C@@H]21)C(=O)OCC,1,C1CCC2NCCC2C1,0.16456659619450317,0,0.4287803481873595
CCCCC(C)(O)C/C=C/[C@H]1[C@H](O)CC(=O)[C@@H]1CCCCCCC(=O)OC,1,O=C1CCCC1,CC[C@@H](C(N)=O)N1CCCC1=O,1,O=C1CCCN1,0.16075187969924812,1,0.8320058485247301
CO[C@@]1(NC(=O)Cc2cccs2)C(=O)N2C(C(=O)O)=C(COC(N)=O)CS[C@@H]21,0,O=C(Cc1cccs1)NC1C(=O)N2C=CCSC12,CO/N=C(\C(=O)N[C@@H]1C(=O)N2C(C(=O)O)=C(COC(N)=O)CS[C@H]12)c1ccco1,1,N=C(C(=O)NC1C(=O)N2C=CCSC12)c1ccco1,0.45969696969696977,0,0.20082249097748744
CO[C@@]1(NC(=O)Cc2cccs2)C(=O)N2C(C(=O)O)=C(COC(N)=O)CS[C@@H]21,0,O=C(Cc1cccs1)NC1C(=O)N2C=CCSC12,CC1=C(C(=O)O)N2C(=O)[C@@H](NC(=O)[C@H](N)c3ccccc3)[C@H]2SC1,1,O=C(Cc1ccccc1)NC1C(=O)N2C=CCSC12,0.2820705176294074,0,0.11294237289421961
CO[C@@]1(NC(=O)Cc2cccs2)C(=O)N2C(C(=O)O)=C(COC(N)=O)CS[C@@H]21,0,O=C(Cc1cccs1)NC1C(=O)N2C=CCSC12,N[C@@H](C(=O)N[C@@H]1C(=O)N2C(C(=O)O)=C(CSc3c[nH]nn3)CS[C@H]12)c1ccc(O)cc1,1,O=C(Cc1ccccc1)NC1C(=O)N2C=C(CSc3c[nH]nn3)CSC12,0.27466666666666667,0,0.18053131783623394
CO[C@@]1(NC(=O)Cc2cccs2)C(=O)N2C(C(=O)O)=C(COC(N)=O)CS[C@@H]21,0,O=C(Cc1cccs1)NC1C(=O)N2C=CCSC12,Cc1nnc(SCC2=C(C(=O)O)N3C(=O)[C@@H](NC(=O)Cn4cnnn4)[C@H]3SC2)s1,1,O=C(Cn1cnnn1)NC1C(=O)N2C=C(CSc3nncs3)CSC12,0.27297297297297296,0,0.042710917072721254
C=CC[N@@+]12CC[C@@]34c5ccccc5N5/C=C6/[C@H]7C[C@H]8[C@@]9(CC[N@@+]8(CC=C)C/C7=C/CO)c7ccccc7N(/C=C(/[C@@H](C[C@@H]31)/C(=C\CO)C2)[C@H]54)[C@@H]69,0,C=C1C[NH+]2CCC34c5ccccc5N5C=C6C7CC8[NH+](CCC89c8ccccc8N(C=C(C1CC23)C54)C69)CC7=C,CCOC(=O)C1(c2ccccc2)CCN(C)CC1,1,c1ccc(C2CCNCC2)cc1,0.16360392506690455,0,0.013200683964503041
C=CC[N@@+]12CC[C@@]34c5ccccc5N5/C=C6/[C@H]7C[C@H]8[C@@]9(CC[N@@+]8(CC=C)C/C7=C/CO)c7ccccc7N(/C=C(/[C@@H](C[C@@H]31)/C(=C\CO)C2)[C@H]54)[C@@H]69,0,C=C1C[NH+]2CCC34c5ccccc5N5C=C6C7CC8[NH+](CCC89c8ccccc8N(C=C(C1CC23)C54)C69)CC7=C,c1ccc(C2(N3CCCCC3)CCCCC2)cc1,1,c1ccc(C2(N3CCCCC3)CCCCC2)cc1,0.1609729132117192,0,0.014055650376859467
C=CC[N@@+]12CC[C@@]34c5ccccc5N5/C=C6/[C@H]7C[C@H]8[C@@]9(CC[N@@+]8(CC=C)C/C7=C/CO)c7ccccc7N(/C=C(/[C@@H](C[C@@H]31)/C(=C\CO)C2)[C@H]54)[C@@H]69,0,C=C1C[NH+]2CCC34c5ccccc5N5C=C6C7CC8[NH+](CCC89c8ccccc8N(C=C(C1CC23)C54)C69)CC7=C,COC(=O)[C@H]1[C@@H](OC(=O)c2ccccc2)C[C@@H]2CC[C@H]1N2C,1,O=C(OC1CC2CCC(C1)N2)c1ccccc1,0.15690866510538642,0,0.000961747549801203
C=CC[N@@+]12CC[C@@]34c5ccccc5N5/C=C6/[C@H]7C[C@H]8[C@@]9(CC[N@@+]8(CC=C)C/C7=C/CO)c7ccccc7N(/C=C(/[C@@H](C[C@@H]31)/C(=C\CO)C2)[C@H]54)[C@@H]69,0,C=C1C[NH+]2CCC34c5ccccc5N5C=C6C7CC8[NH+](CCC89c8ccccc8N(C=C(C1CC23)C54)C69)CC7=C,CN(C)S(=O)(=O)c1ccc2c(c1)N(CCCN1CCC(CCO)CC1)c1ccccc1S2,1,c1ccc2c(c1)Sc1ccccc1N2CCCN1CCCCC1,0.15570134333020932,0,0.010022633877590115
Cc1[nH]c(=O)c(C#N)cc1-c1ccncc1,1,O=c1ccc(-c2ccncc2)c[nH]1,Nc1cc(-c2ccncc2)c[nH]c1=O,1,O=c1ccc(-c2ccncc2)c[nH]1,0.34774774774774775,1,0.9930105512990675
Cc1[nH]c(=O)c(C#N)cc1-c1ccncc1,1,O=c1ccc(-c2ccncc2)c[nH]1,CCN(C(C)=O)c1cccc(-c2ccnc3c(C#N)cnn23)c1,1,c1ccc(-c2ccnc3ccnn23)cc1,0.2248934356351236,1,0.9964227230095751
Cc1[nH]c(=O)c(C#N)cc1-c1ccncc1,1,O=c1ccc(-c2ccncc2)c[nH]1,NNC(=O)c1ccncc1,1,c1ccncc1,0.2140540540540541,1,0.998018545661579
Cc1[nH]c(=O)c(C#N)cc1-c1ccncc1,1,O=c1ccc(-c2ccncc2)c[nH]1,Cc1cn([C@H]2C=C[C@@H](CO)O2)c(=O)[nH]c1=O,1,O=c1ccn(C2C=CCO2)c(=O)[nH]1,0.19445277361319344,1,0.9779247487278285
Nc1cc(-c2ccncc2)c[nH]c1=O,1,O=c1ccc(-c2ccncc2)c[nH]1,Cc1[nH]c(=O)c(C#N)cc1-c1ccncc1,1,O=c1ccc(-c2ccncc2)c[nH]1,0.34774774774774775,1,0.9961412904032017
Nc1cc(-c2ccncc2)c[nH]c1=O,1,O=c1ccc(-c2ccncc2)c[nH]1,NNC(=O)c1ccncc1,1,c1ccncc1,0.2537695590327169,1,0.9980940511107693
Nc1cc(-c2ccncc2)c[nH]c1=O,1,O=c1ccc(-c2ccncc2)c[nH]1,Cn1c(=O)c2[nH]cnc2n(C)c1=O,1,O=c1[nH]c(=O)c2[nH]cnc2[nH]1,0.18124661246612467,1,0.998258894726015
Nc1cc(-c2ccncc2)c[nH]c1=O,1,O=c1ccc(-c2ccncc2)c[nH]1,Nc1ccc(S(=O)(=O)c2ccc(N)cc2)cc1,1,O=S(=O)(c1ccccc1)c1ccccc1,0.16502384737678857,1,0.9635650894971579
CCC(C)n1ncn(-c2ccc(N3CCN(c4ccc(OC[C@H]5CO[C@](Cn6cncn6)(c6ccc(Cl)cc6Cl)O5)cc4)CC3)cc2)c1=O,1,O=c1[nH]ncn1-c1ccc(N2CCN(c3ccc(OCC4COC(Cn5cncn5)(c5ccccc5)O4)cc3)CC2)cc1,O=c1n(CCCN2CCN(c3cccc(Cl)c3)CC2)nc2ccccn12,1,O=c1n(CCCN2CCN(c3ccccc3)CC2)nc2ccccn12,0.2073809523809524,1,0.8741281703086998
CCC(C)n1ncn(-c2ccc(N3CCN(c4ccc(OC[C@H]5CO[C@](Cn6cncn6)(c6ccc(Cl)cc6Cl)O5)cc4)CC3)cc2)c1=O,1,O=c1[nH]ncn1-c1ccc(N2CCN(c3ccc(OCC4COC(Cn5cncn5)(c5ccccc5)O4)cc3)CC2)cc1,Clc1ccc(COC(Cn2ccnc2)c2ccc(Cl)cc2Cl)c(Cl)c1,1,c1ccc(COC(Cn2ccnc2)c2ccccc2)cc1,0.19252782193958667,1,0.8935080995635082
CCC(C)n1ncn(-c2ccc(N3CCN(c4ccc(OC[C@H]5CO[C@](Cn6cncn6)(c6ccc(Cl)cc6Cl)O5)cc4)CC3)cc2)c1=O,1,O=c1[nH]ncn1-c1ccc(N2CCN(c3ccc(OCC4COC(Cn5cncn5)(c5ccccc5)O4)cc3)CC2)cc1,COc1cc2ncnc(Nc3ccc(F)c(Cl)c3)c2cc1OCCCN1CCOCC1,1,c1ccc(Nc2ncnc3ccc(OCCCN4CCOCC4)cc23)cc1,0.18358974358974361,1,0.9749046117949788
CCC(C)n1ncn(-c2ccc(N3CCN(c4ccc(OC[C@H]5CO[C@](Cn6cncn6)(c6ccc(Cl)cc6Cl)O5)cc4)CC3)cc2)c1=O,1,O=c1[nH]ncn1-c1ccc(N2CCN(c3ccc(OCC4COC(Cn5cncn5)(c5ccccc5)O4)cc3)CC2)cc1,CC(C)(C#N)c1cc(Cn2cncn2)cc(C(C)(C)C#N)c1,1,c1ccc(Cn2cncn2)cc1,0.17904761904761904,1,0.9319243697812201
CC(C)c1nc(CN(C)C(=O)N[C@H](C(=O)N[C@@H](Cc2ccccc2)C[C@H](O)[C@H](Cc2ccccc2)NC(=O)OCc2cncs2)C(C)C)cs1,1,O=C(CNC(=O)NCc1cscn1)NC(CCC(Cc1ccccc1)NC(=O)OCc1cncs1)Cc1ccccc1,CCOC(=O)[C@H](CCc1ccccc1)N[C@@H](C)C(=O)N1CCC[C@H]1C(=O)O,1,O=C(CNCCCc1ccccc1)N1CCCC1,0.18844339622641512,1,0.793038365432357
CC(C)c1nc(CN(C)C(=O)N[C@H](C(=O)N[C@@H](Cc2ccccc2)C[C@H](O)[C@H](Cc2ccccc2)NC(=O)OCc2cncs2)C(C)C)cs1,1,O=C(CNC(=O)NCc1cscn1)NC(CCC(Cc1ccccc1)NC(=O)OCc1cncs1)Cc1ccccc1,COCc1c(C(C)C)nc(C(C)C)c(/C=C/[C@@H](O)C[C@@H](O)CC(=O)O)c1-c1ccc(F)cc1,1,c1ccc(-c2ccncc2)cc1,0.18571428571428572,1,0.8128248930753973
CC(C)c1nc(CN(C)C(=O)N[C@H](C(=O)N[C@@H](Cc2ccccc2)C[C@H](O)[C@H](Cc2ccccc2)NC(=O)OCc2cncs2)C(C)C)cs1,1,O=C(CNC(=O)NCc1cscn1)NC(CCC(Cc1ccccc1)NC(=O)OCc1cncs1)Cc1ccccc1,CC(CCc1ccccc1)NCC(O)c1ccc(O)c(C(N)=O)c1,1,c1ccc(CCCNCCc2ccccc2)cc1,0.1836414416810746,1,0.7618089249493797
CC(C)c1nc(CN(C)C(=O)N[C@H](C(=O)N[C@@H](Cc2ccccc2)C[C@H](O)[C@H](Cc2ccccc2)NC(=O)OCc2cncs2)C(C)C)cs1,1,O=C(CNC(=O)NCc1cscn1)NC(CCC(Cc1ccccc1)NC(=O)OCc1cncs1)Cc1ccccc1,CCOC(=O)[C@H](CCc1ccccc1)N[C@@H](C)C(=O)N1[C@H](C(=O)O)C[C@@H]2CCC[C@@H]21,1,O=C(CNCCCc1ccccc1)N1CCC2CCCC21,0.18203991130820402,1,0.877935601070168
CC(=O)CC(c1ccccc1)c1c(O)c2ccccc2oc1=O,1,O=c1oc2ccccc2cc1Cc1ccccc1,NC(=O)OCC(COC(N)=O)c1ccccc1,1,c1ccccc1,0.2705426356589148,1,0.8777418697854908
CC(=O)CC(c1ccccc1)c1c(O)c2ccccc2oc1=O,1,O=c1oc2ccccc2cc1Cc1ccccc1,CC(CC(c1ccccc1)c1ccccc1)NC(C)(C)C,1,c1ccc(Cc2ccccc2)cc1,0.24565853658536585,1,0.9179160841897116
CC(=O)CC(c1ccccc1)c1c(O)c2ccccc2oc1=O,1,O=c1oc2ccccc2cc1Cc1ccccc1,CC(C(=O)O)c1cccc(C(=O)c2ccccc2)c1,1,O=C(c1ccccc1)c1ccccc1,0.2391304347826087,1,0.9505664835953411
CC(=O)CC(c1ccccc1)c1c(O)c2ccccc2oc1=O,1,O=c1oc2ccccc2cc1Cc1ccccc1,CC(C(=O)O)c1cccc(Oc2ccccc2)c1,1,c1ccc(Oc2ccccc2)cc1,0.23452428743476517,1,0.9432713317377097
CN(C)CCOC(c1ccccc1)c1ccccc1,1,c1ccc(Cc2ccccc2)cc1,Cc1ccccc1C(OCCN(C)C)c1ccccc1,1,c1ccc(Cc2ccccc2)cc1,0.7557312252964428,1,0.8859839247055655
CN(C)CCOC(c1ccccc1)c1ccccc1,1,c1ccc(Cc2ccccc2)cc1,CN(C)CCC(c1ccccc1)c1ccccn1,1,c1ccc(Cc2ccccn2)cc1,0.3910622710622711,1,0.8249520316239737
CN(C)CCOC(c1ccccc1)c1ccccc1,1,c1ccc(Cc2ccccc2)cc1,CN(C)CC(Oc1ccccc1)Oc1ccccc1,1,c1ccc(OCOc2ccccc2)cc1,0.3685714285714286,1,0.8419501458974721
CN(C)CCOC(c1ccccc1)c1ccccc1,1,c1ccc(Cc2ccccc2)cc1,CN(C)CCCOC1(Cc2ccccc2)CCCCCC1,1,c1ccc(CC2CCCCCC2)cc1,0.3541666666666667,1,0.8829233434760883
Clc1ccc(C(c2ccccc2Cl)C(Cl)Cl)cc1,1,c1ccc(Cc2ccccc2)cc1,CC(C)(C)NCC(O)c1ccccc1Cl,1,c1ccccc1,0.32240853658536583,1,0.9349714566671149
Clc1ccc(C(c2ccccc2Cl)C(Cl)Cl)cc1,1,c1ccc(Cc2ccccc2)cc1,CN(C)CCC(c1ccc(Cl)cc1)c1ccccn1,1,c1ccc(Cc2ccccn2)cc1,0.29154686601495117,1,0.9847318420889885
Clc1ccc(C(c2ccccc2Cl)C(Cl)Cl)cc1,1,c1ccc(Cc2ccccc2)cc1,NCC(CC(=O)O)c1ccc(Cl)cc1,1,c1ccccc1,0.2717770034843206,1,0.7875270655703559
Clc1ccc(C(c2ccccc2Cl)C(Cl)Cl)cc1,1,c1ccc(Cc2ccccc2)cc1,O=C(O)Cc1ccccc1Nc1c(Cl)cccc1Cl,1,c1ccc(Nc2ccccc2)cc1,0.22796709753231492,1,0.8277357280283567
Cc1ccccc1C(OCCN(C)C)c1ccccc1,1,c1ccc(Cc2ccccc2)cc1,CN(C)CCOC(c1ccccc1)c1ccccc1,1,c1ccc(Cc2ccccc2)cc1,0.7557312252964428,1,0.8876815605603338
Cc1ccccc1C(OCCN(C)C)c1ccccc1,1,c1ccc(Cc2ccccc2)cc1,CN(C)CCC(c1ccccc1)c1ccccn1,1,c1ccc(Cc2ccccn2)cc1,0.33615560640732267,1,0.7913494900263859
Cc1ccccc1C(OCCN(C)C)c1ccccc1,1,c1ccc(Cc2ccccc2)cc1,CN(C)CC(Oc1ccccc1)Oc1ccccc1,1,c1ccc(OCOc2ccccc2)cc1,0.3121351766513057,1,0.7946329361628852
Cc1ccccc1C(OCCN(C)C)c1ccccc1,1,c1ccc(Cc2ccccc2)cc1,CN(C)CCCOC1(Cc2ccccc2)CCCCCC1,1,c1ccc(CC2CCCCCC2)cc1,0.3107692307692308,1,0.8782907050102378
CCC(=O)C(CC(C)N(C)C)(c1ccccc1)c1ccccc1,1,c1ccc(Cc2ccccc2)cc1,CC(C)N(CCC(C(N)=O)(c1ccccc1)c1ccccn1)C(C)C,1,c1ccc(Cc2ccccn2)cc1,0.3733153638814017,1,0.9296581095125749
CCC(=O)C(CC(C)N(C)C)(c1ccccc1)c1ccccc1,1,c1ccc(Cc2ccccc2)cc1,CCC(=O)c1ccc2c(c1)N(CC(C)N(C)C)c1ccccc1S2,1,c1ccc2c(c1)Nc1ccccc1S2,0.3456140350877193,1,0.8952194534270418
CCC(=O)C(CC(C)N(C)C)(c1ccccc1)c1ccccc1,1,c1ccc(Cc2ccccc2)cc1,CN(C)C(=O)C(CCN1CCC(O)(c2ccc(Cl)cc2)CC1)(c1ccccc1)c1ccccc1,1,c1ccc(C2CCN(CCC(c3ccccc3)c3ccccc3)CC2)cc1,0.3141143542582967,1,0.9346591027140766
CCC(=O)C(CC(C)N(C)C)(c1ccccc1)c1ccccc1,1,c1ccc(Cc2ccccc2)cc1,CC(CN1c2ccccc2Sc2ccccc21)N(C)C,1,c1ccc2c(c1)Nc1ccccc1S2,0.3110251450676983,1,0.9081876653968322
CC[N+](C)(C)C(C)CC(c1ccccc1)c1ccccc1,0,c1ccc(Cc2ccccc2)cc1,CC(CC(c1ccccc1)c1ccccc1)NC(C)(C)C,1,c1ccc(Cc2ccccc2)cc1,0.42142857142857143,0,0.05782245028122404
CC[N+](C)(C)C(C)CC(c1ccccc1)c1ccccc1,0,c1ccc(Cc2ccccc2)cc1,CC[N+](C)(C)Cc1ccccc1Br,1,c1ccccc1,0.3143375680580762,0,0.18821249246216698
CC[N+](C)(C)C(C)CC(c1ccccc1)c1ccccc1,0,c1ccc(Cc2ccccc2)cc1,C[C@H](N)[C@H](O)c1ccccc1,1,c1ccccc1,0.30709939148073023,0,0.3040237228222623
CC[N+](C)(C)C(C)CC(c1ccccc1)c1ccccc1,0,c1ccc(Cc2ccccc2)cc1,CN[C@@H](C)[C@@H](O)c1ccccc1,1,c1ccccc1,0.2896057347670251,0,0.2806044434112377
CC(CC(c1ccccc1)c1ccccc1)NC(C)(C)C,1,c1ccc(Cc2ccccc2)cc1,CN[C@@H](C)[C@@H](O)c1ccccc1,1,c1ccccc1,0.34835978835978837,1,0.9186853841410859
CC(CC(c1ccccc1)c1ccccc1)NC(C)(C)C,1,c1ccc(Cc2ccccc2)cc1,C[C@H](N)[C@H](O)c1ccccc1,1,c1ccccc1,0.328054298642534,1,0.8791035895962667
CC(CC(c1ccccc1)c1ccccc1)NC(C)(C)C,1,c1ccc(Cc2ccccc2)cc1,CC(NC(C)(C)C)C(=O)c1cccc(Cl)c1,1,c1ccccc1,0.32023460410557186,1,0.9649291772785535
CC(CC(c1ccccc1)c1ccccc1)NC(C)(C)C,1,c1ccc(Cc2ccccc2)cc1,CC(C)(C)NCC(O)c1ccccc1Cl,1,c1ccccc1,0.29732142857142857,1,0.9457486773376322
CNCCCCOc1ccccc1Cc1ccccc1,0,c1ccc(Cc2ccccc2)cc1,CNCCCN1c2ccccc2CCc2ccccc21,1,c1ccc2c(c1)CCc1ccccc1N2,0.3406211180124224,1,0.5853301825462619
CNCCCCOc1ccccc1Cc1ccccc1,0,c1ccc(Cc2ccccc2)cc1,CNCCCC1c2ccccc2C=Cc2ccccc21,1,C1=Cc2ccccc2Cc2ccccc21,0.3312418300653595,0,0.4806027570385218
CNCCCCOc1ccccc1Cc1ccccc1,0,c1ccc(Cc2ccccc2)cc1,CCOc1ccccc1OCCN[C@H](C)Cc1ccc(OC)c(S(N)(=O)=O)c1,1,c1ccc(CCNCCOc2ccccc2)cc1,0.2854382332643202,1,0.5640507675937353
CNCCCCOc1ccccc1Cc1ccccc1,0,c1ccc(Cc2ccccc2)cc1,CNCCC=C1c2ccccc2CCc2ccccc21,1,C=C1c2ccccc2CCc2ccccc21,0.27222222222222225,0,0.40398123316822004
OC(CCN1CCCC1)(c1ccccc1)C1CCCCC1,1,c1ccc(C(CCN2CCCC2)C2CCCCC2)cc1,OC(CCN1CCCCC1)(c1ccccc1)C1CC2C=CC1C2,1,C1=CC2CC1CC2C(CCN1CCCCC1)c1ccccc1,0.6317841079460271,1,0.963876536690056
OC(CCN1CCCC1)(c1ccccc1)C1CCCCC1,1,c1ccc(C(CCN2CCCC2)C2CCCCC2)cc1,CC(C)(C(=O)O)c1ccc(C(O)CCCN2CCC(C(O)(c3ccccc3)c3ccccc3)CC2)cc1,1,c1ccc(CCCCN2CCC(C(c3ccccc3)c3ccccc3)CC2)cc1,0.3498284407167366,1,0.9368789252893948
OC(CCN1CCCC1)(c1ccccc1)C1CCCCC1,1,c1ccc(C(CCN2CCCC2)C2CCCCC2)cc1,CN(C)C(=O)C(CCN1CCC(O)(c2ccc(Cl)cc2)CC1)(c1ccccc1)c1ccccc1,1,c1ccc(C2CCN(CCC(c3ccccc3)c3ccccc3)CC2)cc1,0.337468982630273,1,0.9624155017531556
OC(CCN1CCCC1)(c1ccccc1)C1CCCCC1,1,c1ccc(C(CCN2CCCC2)C2CCCCC2)cc1,C[C@H](CN1CCOCC1)C(C(=O)N1CCCC1)(c1ccccc1)c1ccccc1,1,O=C(N1CCCC1)C(CCN1CCOCC1)(c1ccccc1)c1ccccc1,0.3134301270417423,1,0.9630844585844037
CC#C[C@]1(O)CC[C@H]2[C@@H]3CCC4=CC(=O)CCC4=C3[C@@H](c3ccc(N(C)C)cc3)C[C@@]21C,1,O=C1C=C2CCC3C(=C2CC1)C(c1ccccc1)CC1CCCC13,C#C[C@]1(O)CC[C@H]2[C@@H]3CCC4=CCCC[C@@H]4[C@H]3CC[C@@]21C,1,C1=C2CCC3C4CCCC4CCC3C2CCC1,0.2551325301204819,1,0.9569079859109795
CC#C[C@]1(O)CC[C@H]2[C@@H]3CCC4=CC(=O)CCC4=C3[C@@H](c3ccc(N(C)C)cc3)C[C@@]21C,1,O=C1C=C2CCC3C(=C2CC1)C(c1ccccc1)CC1CCCC13,C#C[C@]1(O)C=C[C@H]2[C@@H]3CCC4=CC(=O)CC[C@@H]4[C@H]3CC[C@@]21CC,1,O=C1C=C2CCC3C4C=CCC4CCC3C2CC1,0.24625821496714015,1,0.9003818142769187
CC#C[C@]1(O)CC[C@H]2[C@@H]3CCC4=CC(=O)CCC4=C3[C@@H](c3ccc(N(C)C)cc3)C[C@@]21C,1,O=C1C=C2CCC3C(=C2CC1)C(c1ccccc1)CC1CCCC13,CC(=O)S[C@@H]1CC2=CC(=O)CC[C@]2(C)[C@H]2CC[C@@]3(C)[C@@H](CC[C@@]34CCC(=O)O4)[C@H]12,1,O=C1C=C2CCC3C(CCC4C3CCC43CCC(=O)O3)C2CC1,0.2160648489314665,1,0.8460786515783829
CC#C[C@]1(O)CC[C@H]2[C@@H]3CCC4=CC(=O)CCC4=C3[C@@H](c3ccc(N(C)C)cc3)C[C@@]21C,1,O=C1C=C2CCC3C(=C2CC1)C(c1ccccc1)CC1CCCC13,C=C1C[C@@H]2[C@H](CC[C@]3(C)C(=O)CC[C@@H]23)[C@@]2(C)C=CC(=O)C=C12,1,C=C1CC2C(CCC3C(=O)CCC32)C2C=CC(=O)C=C12,0.20423280423280424,1,0.949693815627001
Nc1nc(N)c2nc(-c3ccccc3)c(N)nc2n1,1,c1ccc(-c2cnc3ncncc3n2)cc1,CCc1nc(N)nc(N)c1-c1ccc(Cl)cc1,1,c1ccc(-c2cncnc2)cc1,0.2702341137123746,1,0.9893239480884243
Nc1nc(N)c2nc(-c3ccccc3)c(N)nc2n1,1,c1ccc(-c2cnc3ncncc3n2)cc1,CN(Cc1cnc2nc(N)nc(N)c2n1)c1ccc(C(=O)N[C@@H](CCC(=O)O)C(=O)O)cc1,1,c1ccc(NCc2cnc3ncncc3n2)cc1,0.2660019940179462,1,0.9974723909848331
Nc1nc(N)c2nc(-c3ccccc3)c(N)nc2n1,1,c1ccc(-c2cnc3ncncc3n2)cc1,O=C(O)CCc1nc(-c2ccccc2)c(-c2ccccc2)o1,1,c1ccc(-c2ncoc2-c2ccccc2)cc1,0.2418604651162791,1,0.9780677285114384
Nc1nc(N)c2nc(-c3ccccc3)c(N)nc2n1,1,c1ccc(-c2cnc3ncncc3n2)cc1,Cc1onc(-c2ccccc2)c1-c1ccc(S(N)(=O)=O)cc1,1,c1ccc(-c2conc2-c2ccccc2)cc1,0.23109243697478993,1,0.996786053391995
O=C1NC(=O)C(c2ccccc2)(c2ccccc2)N1,1,O=C1NC(=O)C(c2ccccc2)(c2ccccc2)N1,CCC1(c2ccccc2)C(=O)NC(=O)NC1=O,1,O=C1NC(=O)C(c2ccccc2)C(=O)N1,0.4826923076923077,1,0.997740728378786
O=C1NC(=O)C(c2ccccc2)(c2ccccc2)N1,1,O=C1NC(=O)C(c2ccccc2)(c2ccccc2)N1,CCC1(c2ccccc2)C(=O)NCNC1=O,1,O=C1NCNC(=O)C1c1ccccc1,0.36475095785440614,1,0.9960885264951825
O=C1NC(=O)C(c2ccccc2)(c2ccccc2)N1,1,O=C1NC(=O)C(c2ccccc2)(c2ccccc2)N1,O=C1c2ccccc2C(=O)C1c1ccccc1,1,O=C1c2ccccc2C(=O)C1c1ccccc1,0.25793939393939397,1,0.9942215764946336
O=C1NC(=O)C(c2ccccc2)(c2ccccc2)N1,1,O=C1NC(=O)C(c2ccccc2)(c2ccccc2)N1,O=C1NS(=O)(=O)c2ccccc21,1,O=C1NS(=O)(=O)c2ccccc21,0.2547008547008547,1,0.9962471407199167
CN1CCC[C@H]1c1cccnc1,1,c1cncc(C2CCCN2)c1,CN1CCOC(c2ccccc2)c2ccccc2C1,1,c1ccc(C2OCCNCc3ccccc32)cc1,0.2343891402714932,1,0.8246270364238576
CN1CCC[C@H]1c1cccnc1,1,c1cncc(C2CCCN2)c1,O=C(NCCO[N+](=O)[O-])c1cccnc1,1,c1ccncc1,0.23035940803382665,1,0.9743292842383484
CN1CCC[C@H]1c1cccnc1,1,c1cncc(C2CCCN2)c1,OC(CCN1CCCC1)(c1ccccc1)C1CCCCC1,1,c1ccc(C(CCN2CCCC2)C2CCCCC2)cc1,0.22714884696016774,1,0.9550697790633139
CN1CCC[C@H]1c1cccnc1,1,c1cncc(C2CCCN2)c1,CN1CCC[C@@H]1Cc1c[nH]c2ccc(CCS(=O)(=O)c3ccccc3)cc12,1,O=S(=O)(CCc1ccc2[nH]cc(CC3CCCN3)c2c1)c1ccccc1,0.2235294117647059,1,0.7244657536554798
OCCOCCN1CCN(C2=Nc3ccccc3Sc3ccccc32)CC1,1,c1ccc2c(c1)N=C(N1CCNCC1)c1ccccc1S2,OCCN1CCN(CCCN2c3ccccc3Sc3ccc(Cl)cc32)CC1,1,c1ccc2c(c1)Sc1ccccc1N2CCCN1CCNCC1,0.36057692307692313,1,0.7278414102774063
OCCOCCN1CCN(C2=Nc3ccccc3Sc3ccccc32)CC1,1,c1ccc2c(c1)N=C(N1CCNCC1)c1ccccc1S2,CN1CCN(C2=Nc3cc(Cl)ccc3Nc3ccccc32)CC1,1,c1ccc2c(c1)N=C(N1CCNCC1)c1ccccc1N2,0.33623931623931624,1,0.9537528921875577
OCCOCCN1CCN(C2=Nc3ccccc3Sc3ccccc32)CC1,1,c1ccc2c(c1)N=C(N1CCNCC1)c1ccccc1S2,Cc1cc2c(s1)Nc1ccccc1N=C2N1CCN(C)CC1,1,c1ccc2c(c1)N=C(N1CCNCC1)c1ccsc1N2,0.3295454545454546,1,0.9920088036823737
OCCOCCN1CCN(C2=Nc3ccccc3Sc3ccccc32)CC1,1,c1ccc2c(c1)N=C(N1CCNCC1)c1ccccc1S2,CN(C)S(=O)(=O)c1ccc2c(c1)N(CCCN1CCC(CCO)CC1)c1ccccc1S2,1,c1ccc2c(c1)Sc1ccccc1N2CCCN1CCCCC1,0.32571428571428573,1,0.7219304816868369
OC(c1cc(C(F)(F)F)nc2c(C(F)(F)F)cccc12)C1CCCCN1,1,c1ccc2c(CC3CCCCN3)ccnc2c1,CCc1cccc2cc(C(O)CNC(C)(C)C)oc12,1,c1ccc2occc2c1,0.21176470588235294,1,0.8128902084904494
OC(c1cc(C(F)(F)F)nc2c(C(F)(F)F)cccc12)C1CCCCN1,1,c1ccc2c(CC3CCCCN3)ccnc2c1,CCNC(C)Cc1cccc(C(F)(F)F)c1,1,c1ccccc1,0.20928433268858804,1,0.8664901233583657
OC(c1cc(C(F)(F)F)nc2c(C(F)(F)F)cccc12)C1CCCCN1,1,c1ccc2c(CC3CCCCN3)ccnc2c1,CC(C)(C)NC[C@H](O)COc1ccccc1C1CCCC1,1,c1ccc(C2CCCC2)cc1,0.20038314176245212,1,0.915600648766625
OC(c1cc(C(F)(F)F)nc2c(C(F)(F)F)cccc12)C1CCCCN1,1,c1ccc2c(CC3CCCCN3)ccnc2c1,CNC[C@H](O)c1cccc(O)c1,1,c1ccccc1,0.19091507570770244,1,0.9011995112526606
Oc1ccc2c3c1O[C@H]1[C@@H](O)CC[C@@]4(O)[C@@H](C2)N(CC2CCC2)CC[C@]314,0,c1cc2c3c(c1)OC1CCCC4C(C2)N(CC2CCC2)CCC314,CO[C@]12CC[C@@]3(C[C@@H]1[C@](C)(O)C(C)(C)C)[C@H]1Cc4ccc(O)c5c4[C@@]3(CCN1CC1CC1)[C@H]2O5,1,c1cc2c3c(c1)OC1C4CCC5(CC4)C(C2)N(CC2CC2)CCC315,0.4847540983606558,0,0.2358725558857762
Oc1ccc2c3c1O[C@H]1[C@@H](O)CC[C@@]4(O)[C@@H](C2)N(CC2CCC2)CC[C@]314,0,c1cc2c3c(c1)OC1CCCC4C(C2)N(CC2CCC2)CCC314,COc1ccc2c3c1O[C@H]1C[C@@H](O)C=C[C@@]31CCN(C)C2,1,C1=CC23CCNCc4cccc(c42)OC3CC1,0.24234643492000793,0,0.40767775608313994
Oc1ccc2c3c1O[C@H]1[C@@H](O)CC[C@@]4(O)[C@@H](C2)N(CC2CCC2)CC[C@]314,0,c1cc2c3c(c1)OC1CCCC4C(C2)N(CC2CCC2)CCC314,CCC(=O)C1(c2cccc(O)c2)CCN(C)CC1,1,c1ccc(C2CCNCC2)cc1,0.19755639097744362,0,0.2847400805299866
Oc1ccc2c3c1O[C@H]1[C@@H](O)CC[C@@]4(O)[C@@H](C2)N(CC2CCC2)CC[C@]314,0,c1cc2c3c(c1)OC1CCCC4C(C2)N(CC2CCC2)CCC314,COc1cccc([C@@]2(O)CCCC[C@@H]2CN(C)C)c1,1,c1ccc(C2CCCCC2)cc1,0.19155295646523718,0,0.08960254649863365
O=c1nc[nH]c2c1ncn2[C@H]1CC[C@@H](CO)O1,1,O=c1nc[nH]c2c1ncn2C1CCCO1,Nc1ccn([C@H]2CC[C@@H](CO)O2)c(=O)n1,1,O=c1ncccn1C1CCCO1,0.4388888888888889,1,0.9426650028742859
O=c1nc[nH]c2c1ncn2[C@H]1CC[C@@H](CO)O1,1,O=c1nc[nH]c2c1ncn2C1CCCO1,Nc1nc(=O)c2ncn(CCC(CO)CO)c2[nH]1,1,O=c1nc[nH]c2[nH]cnc12,0.32205398288347603,1,0.8857176059185486
O=c1nc[nH]c2c1ncn2[C@H]1CC[C@@H](CO)O1,1,O=c1nc[nH]c2c1ncn2C1CCCO1,Nc1nc(Cl)nc2c1ncn2[C@H]1C[C@H](O)[C@@H](CO)O1,1,c1ncc2ncn(C3CCCO3)c2n1,0.30954831332189825,1,0.9496235452259588
O=c1nc[nH]c2c1ncn2[C@H]1CC[C@@H](CO)O1,1,O=c1nc[nH]c2c1ncn2C1CCCO1,Cc1cn([C@H]2C[C@H](N=[N+]=[N-])[C@@H](CO)O2)c(=O)[nH]c1=O,1,O=c1ccn(C2CCCO2)c(=O)[nH]1,0.27298136645962734,1,0.9161480112621824
COc1ccc(OC)c(Cc2cnc3nc(N)nc(N)c3c2C)c1,1,c1ccc(Cc2cnc3ncncc3c2)cc1,COc1cc(Cc2cnc(N)nc2N)cc(OC)c1OC,1,c1ccc(Cc2cncnc2)cc1,0.4264808362369338,1,0.9762350998459061
COc1ccc(OC)c(Cc2cnc3nc(N)nc(N)c3c2C)c1,1,c1ccc(Cc2cnc3ncncc3c2)cc1,COc1cc(NCc2ccc3nc(N)nc(N)c3c2C)cc(OC)c1OC,1,c1ccc(NCc2ccc3ncncc3c2)cc1,0.40373482726423904,1,0.973523882190798
COc1ccc(OC)c(Cc2cnc3nc(N)nc(N)c3c2C)c1,1,c1ccc(Cc2cnc3ncncc3c2)cc1,CN(Cc1cnc2nc(N)nc(N)c2n1)c1ccc(C(=O)N[C@@H](CCC(=O)O)C(=O)O)cc1,1,c1ccc(NCc2cnc3ncncc3n2)cc1,0.23113006396588487,1,0.9969737803994133
COc1ccc(OC)c(Cc2cnc3nc(N)nc(N)c3c2C)c1,1,c1ccc(Cc2cnc3ncncc3c2)cc1,Nc1nc(N)c2nc(-c3ccccc3)c(N)nc2n1,1,c1ccc(-c2cnc3ncncc3n2)cc1,0.22627118644067795,1,0.9993691352381107
COc1cc(Cc2cnc(N)nc2N)cc(OC)c1OC,1,c1ccc(Cc2cncnc2)cc1,COc1ccc(OC)c(Cc2cnc3nc(N)nc(N)c3c2C)c1,1,c1ccc(Cc2cnc3ncncc3c2)cc1,0.4264808362369338,1,0.9938216645227299
COc1cc(Cc2cnc(N)nc2N)cc(OC)c1OC,1,c1ccc(Cc2cncnc2)cc1,COc1cc(NCc2ccc3nc(N)nc(N)c3c2C)cc(OC)c1OC,1,c1ccc(NCc2ccc3ncncc3c2)cc1,0.3968944099378882,1,0.9917052294343269
COc1cc(Cc2cnc(N)nc2N)cc(OC)c1OC,1,c1ccc(Cc2cncnc2)cc1,COc1cc2c(N)nc(N3CCN(C(=O)OCC(C)(C)O)CC3)nc2c(OC)c1OC,1,c1ccc2nc(N3CCNCC3)ncc2c1,0.26041979010494753,1,0.9963663779405029
COc1cc(Cc2cnc(N)nc2N)cc(OC)c1OC,1,c1ccc(Cc2cncnc2)cc1,COc1cc2nc(N3CCN(C(=O)c4ccco4)CC3)nc(N)c2cc1OC,1,O=C(c1ccco1)N1CCN(c2ncc3ccccc3n2)CC1,0.225,1,0.9955193635052549
C[C@@H]1[C@H](O)[C@@H](C)/C=C/C=C/CC/C=C/C=C/C=C/C=C/C(O[C@H]2O[C@H](C)[C@@H](O)[C@H](N)[C@@H]2O)CC2O[C@](O)(CC(O)C(O)CCC(O)CC(O)CC(O)CC(=O)O[C@H]1C)CC(O)C2C(=O)O,0,O=C1CCCCCCCCCCCC2CCCC(CC(OC3CCCCO3)C=CC=CC=CC=CCCC=CC=CCCCCO1)O2,CO[C@@H]1[C@@H](O[C@@H]2O[C@H](C)[C@@H](O[C@H]3C[C@@](C)(O)[C@@H](O)[C@H](C)O3)[C@H](N(C)C)[C@H]2O)[C@@H](CC=O)C[C@@H](C)[C@@H](O[C@H]2CC[C@H](N(C)C)[C@H](C)O2)/C=C/C=C/C[C@@H](C)OC(=O)C[C@H]1O,1,O=C1CCCC(OC2CCC(OC3CCCCO3)CO2)CCCC(OC2CCCCO2)C=CC=CCCO1,0.2602809706257982,0,0.0536018579723132
C[C@@H]1[C@H](O)[C@@H](C)/C=C/C=C/CC/C=C/C=C/C=C/C=C/C(O[C@H]2O[C@H](C)[C@@H](O)[C@H](N)[C@@H]2O)CC2O[C@](O)(CC(O)C(O)CCC(O)CC(O)CC(O)CC(=O)O[C@H]1C)CC(O)C2C(=O)O,0,O=C1CCCCCCCCCCCC2CCCC(CC(OC3CCCCO3)C=CC=CC=CC=CCCC=CC=CCCCCO1)O2,C[C@H]1O[C@@H](O[C@H]2[C@@H](O)C[C@H](O[C@H]3[C@@H](O)C[C@H](O[C@H]4CC[C@@]5(C)[C@H](CC[C@@H]6[C@@H]5C[C@@H](O)[C@]5(C)[C@@H](C7=CC(=O)OC7)CC[C@]65O)C4)O[C@@H]3C)O[C@@H]2C)C[C@H](O)[C@@H]1O,1,O=C1C=C(C2CCC3C2CCC2C4CCC(OC5CCC(OC6CCC(OC7CCCCO7)CO6)CO5)CC4CCC23)CO1,0.19750243902439027,0,0.029863821462285296
C[C@@H]1[C@H](O)[C@@H](C)/C=C/C=C/CC/C=C/C=C/C=C/C=C/C(O[C@H]2O[C@H](C)[C@@H](O)[C@H](N)[C@@H]2O)CC2O[C@](O)(CC(O)C(O)CCC(O)CC(O)CC(O)CC(=O)O[C@H]1C)CC(O)C2C(=O)O,0,O=C1CCCCCCCCCCCC2CCCC(CC(OC3CCCCO3)C=CC=CC=CC=CCCC=CC=CCCCCO1)O2,CC[C@H]1OC(=O)[C@H](C)[C@@H](O[C@H]2C[C@@](C)(OC)[C@@H](O)[C@H](C)O2)[C@H](C)[C@@H](O[C@@H]2O[C@H](C)C[C@H](N(C)C)[C@H]2O)[C@](C)(OC)C[C@@H](C)C(=O)[C@H](C)[C@@H](O)[C@]1(C)O,1,O=C1CCCCOC(=O)CC(OC2CCCCO2)CC(OC2CCCCO2)CCC1,0.19411921946003746,0,0.01168644141883216
C[C@@H]1[C@H](O)[C@@H](C)/C=C/C=C/CC/C=C/C=C/C=C/C=C/C(O[C@H]2O[C@H](C)[C@@H](O)[C@H](N)[C@@H]2O)CC2O[C@](O)(CC(O)C(O)CCC(O)CC(O)CC(O)CC(=O)O[C@H]1C)CC(O)C2C(=O)O,0,O=C1CCCCCCCCCCCC2CCCC(CC(OC3CCCCO3)C=CC=CC=CC=CCCC=CC=CCCCCO1)O2,CC[C@H]1OC(=O)[C@H](C)[C@@H](O[C@H]2C[C@@](C)(OC)[C@@H](O)[C@H](C)O2)[C@H](C)[C@@H](O[C@@H]2O[C@H](C)C[C@H](N(C)C)[C@H]2O)[C@](C)(O)C[C@@H](C)C(=O)[C@H](C)[C@@H](O)[C@]1(C)O,1,O=C1CCCCOC(=O)CC(OC2CCCCO2)CC(OC2CCCCO2)CCC1,0.19175221549530583,0,0.01752522896926944
NNc1nncc2ccccc12,1,c1ccc2cnncc2c1,Nc1c2c(nc3ccccc13)CCCC2,1,c1ccc2nc3c(cc2c1)CCCC3,0.21681574239713775,1,0.9921573543615023
NNc1nncc2ccccc12,1,c1ccc2cnncc2c1,NS(=O)(=O)Cc1noc2ccccc12,1,c1ccc2oncc2c1,0.21069518716577543,1,0.9537332097362773
NNc1nncc2ccccc12,1,c1ccc2cnncc2c1,Nc1nc(N)c2nc(-c3ccccc3)c(N)nc2n1,1,c1ccc(-c2cnc3ncncc3n2)cc1,0.1841491841491842,1,0.998791789861255
NNc1nncc2ccccc12,1,c1ccc2cnncc2c1,NNC(=O)c1ccncc1,1,c1ccncc1,0.17300150829562597,1,0.9977273005879432
Nc1c2c(nc3ccccc13)CCCC2,1,c1ccc2nc3c(cc2c1)CCCC3,NNc1nncc2ccccc12,1,c1ccc2cnncc2c1,0.21681574239713775,1,0.9905302469821818
Nc1c2c(nc3ccccc13)CCCC2,1,c1ccc2nc3c(cc2c1)CCCC3,Nc1nc(N)c2nc(-c3ccccc3)c(N)nc2n1,1,c1ccc(-c2cnc3ncncc3n2)cc1,0.21200828157349896,1,0.9954297184910321
Nc1c2c(nc3ccccc13)CCCC2,1,c1ccc2nc3c(cc2c1)CCCC3,NS(=O)(=O)Cc1noc2ccccc12,1,c1ccc2oncc2c1,0.2044735406437534,1,0.9850598980703008
Nc1c2c(nc3ccccc13)CCCC2,1,c1ccc2nc3c(cc2c1)CCCC3,O=C1c2ccccc2C(=O)C1c1ccccc1,1,O=C1c2ccccc2C(=O)C1c1ccccc1,0.19267399267399268,1,0.9858322112464513
Cc1[nH]cnc1CN1CCc2c(c3ccccc3n2C)C1=O,1,O=C1c2c([nH]c3ccccc23)CCN1Cc1c[nH]cn1,Cn1c(=O)c2[nH]cnc2n(C)c1=O,1,O=c1[nH]c(=O)c2[nH]cnc2[nH]1,0.23133994243684042,1,0.9980744690325081
Cc1[nH]cnc1CN1CCc2c(c3ccccc3n2C)C1=O,1,O=C1c2c([nH]c3ccccc23)CCN1Cc1c[nH]cn1,CN(c1nccc(=O)[nH]1)C1CCN(c2nc3ccccc3n2Cc2ccc(F)cc2)CC1,1,O=c1ccnc(NC2CCN(c3nc4ccccc4n3Cc3ccccc3)CC2)[nH]1,0.21666136724960255,1,0.989641911390568
Cc1[nH]cnc1CN1CCc2c(c3ccccc3n2C)C1=O,1,O=C1c2c([nH]c3ccccc23)CCN1Cc1c[nH]cn1,O=C(CCCN1CC=C(n2c(=O)[nH]c3ccccc32)CC1)c1ccc(F)cc1,1,O=C(CCCN1CC=C(n2c(=O)[nH]c3ccccc32)CC1)c1ccccc1,0.21091424521615876,1,0.9894131712860241
Cc1[nH]cnc1CN1CCc2c(c3ccccc3n2C)C1=O,1,O=C1c2c([nH]c3ccccc23)CCN1Cc1c[nH]cn1,CN(C)CCCOc1nn(Cc2ccccc2)c2ccccc12,1,c1ccc(Cn2ncc3ccccc32)cc1,0.20710932260228035,1,0.9887866940515856
CNC1(c2ccccc2Cl)CCCCC1=O,0,O=C1CCCCC1c1ccccc1,CC(C)(C)NCC(O)c1ccccc1Cl,1,c1ccccc1,0.2462702702702703,1,0.6161438563011895
CNC1(c2ccccc2Cl)CCCCC1=O,0,O=C1CCCCC1c1ccccc1,O=C(O)Cc1ccccc1Nc1c(Cl)cccc1Cl,1,c1ccc(Nc2ccccc2)cc1,0.22637362637362637,0,0.49368043713934945
CNC1(c2ccccc2Cl)CCCCC1=O,0,O=C1CCCCC1c1ccccc1,N=C(N)NC(=O)Cc1c(Cl)cccc1Cl,1,c1ccccc1,0.21840120663650076,1,0.6029592948729451
CNC1(c2ccccc2Cl)CCCCC1=O,0,O=C1CCCCC1c1ccccc1,CNCCCN1c2ccccc2CCc2ccccc21,1,c1ccc2c(c1)CCc1ccccc1N2,0.21840120663650076,1,0.5632370244848228
NC1CCN(c2c(F)cc3c(=O)c(C(=O)O)cn(C4CC4)c3c2Cl)C1,1,O=c1ccn(C2CC2)c2cc(N3CCCC3)ccc12,N[C@@H]1CN(c2c(F)cc3c(=O)c(C(=O)O)cn([C@@H]4C[C@@H]4F)c3c2Cl)CC12CC2,1,O=c1ccn(C2CC2)c2cc(N3CCC4(CC4)C3)ccc12,0.6196791443850268,1,0.9986153400975856
NC1CCN(c2c(F)cc3c(=O)c(C(=O)O)cn(C4CC4)c3c2Cl)C1,1,O=c1ccn(C2CC2)c2cc(N3CCCC3)ccc12,COc1c(N2CCNC(C)C2)c(F)cc2c(=O)c(C(=O)O)cn(C3CC3)c12,1,O=c1ccn(C2CC2)c2cc(N3CCNCC3)ccc12,0.5727830999754361,1,0.9941979852673691
NC1CCN(c2c(F)cc3c(=O)c(C(=O)O)cn(C4CC4)c3c2Cl)C1,1,O=c1ccn(C2CC2)c2cc(N3CCCC3)ccc12,O=C(O)c1cn(C2CC2)c2cc(N3CCNCC3)c(F)cc2c1=O,1,O=c1ccn(C2CC2)c2cc(N3CCNCC3)ccc12,0.5127946127946128,1,0.9838525682850305
NC1CCN(c2c(F)cc3c(=O)c(C(=O)O)cn(C4CC4)c3c2Cl)C1,1,O=c1ccn(C2CC2)c2cc(N3CCCC3)ccc12,C[C@@H]1CN(c2c(F)c(N)c3c(=O)c(C(=O)O)cn(C4CC4)c3c2F)C[C@H](C)N1,1,O=c1ccn(C2CC2)c2cc(N3CCNCC3)ccc12,0.48103896103896104,1,0.9979128768800365
CCCc1nn(C)c2c(=O)[nH]c(-c3cc(S(=O)(=O)N4CCN(C)CC4)ccc3OCC)nc12,1,O=c1[nH]c(-c2cccc(S(=O)(=O)N3CCNCC3)c2)nc2cn[nH]c12,CCOc1ccc(/C=C2\NCCc3cc(OCC)c(OCC)cc32)cc1OCC,1,C(=C1NCCc2ccccc21)c1ccccc1,0.21835748792270532,1,0.9940572773626082
CCCc1nn(C)c2c(=O)[nH]c(-c3cc(S(=O)(=O)N4CCN(C)CC4)ccc3OCC)nc12,1,O=c1[nH]c(-c2cccc(S(=O)(=O)N3CCNCC3)c2)nc2cn[nH]c12,CCOC(=O)C1(c2ccccc2)CCN(C)CC1,1,c1ccc(C2CCNCC2)cc1,0.2,1,0.9693080927716686
CCCc1nn(C)c2c(=O)[nH]c(-c3cc(S(=O)(=O)N4CCN(C)CC4)ccc3OCC)nc12,1,O=c1[nH]c(-c2cccc(S(=O)(=O)N3CCNCC3)c2)nc2cn[nH]c12,Cc1[nH]cnc1CN1CCc2c(c3ccccc3n2C)C1=O,1,O=C1c2c([nH]c3ccccc23)CCN1Cc1c[nH]cn1,0.1936063936063936,1,0.8820393573483538
CCCc1nn(C)c2c(=O)[nH]c(-c3cc(S(=O)(=O)N4CCN(C)CC4)ccc3OCC)nc12,1,O=c1[nH]c(-c2cccc(S(=O)(=O)N3CCNCC3)c2)nc2cn[nH]c12,CN(C)S(=O)(=O)c1ccc2c(c1)N(CCCN1CCC(CCO)CC1)c1ccccc1S2,1,c1ccc2c(c1)Sc1ccccc1N2CCCN1CCCCC1,0.19155555555555556,1,0.8994049326517156
CS(=O)(=O)c1ccc2c(c1)N(CCCN1CCC(C(N)=O)CC1)c1ccccc1S2,0,c1ccc2c(c1)Sc1ccccc1N2CCCN1CCCCC1,CN(C)S(=O)(=O)c1ccc2c(c1)N(CCCN1CCC(CCO)CC1)c1ccccc1S2,1,c1ccc2c(c1)Sc1ccccc1N2CCCN1CCCCC1,0.6187165775401069,0,0.2958520579592937
CS(=O)(=O)c1ccc2c(c1)N(CCCN1CCC(C(N)=O)CC1)c1ccccc1S2,0,c1ccc2c(c1)Sc1ccccc1N2CCCN1CCCCC1,OCCN1CCN(CCCN2c3ccccc3Sc3ccc(Cl)cc32)CC1,1,c1ccc2c(c1)Sc1ccccc1N2CCCN1CCNCC1,0.4811170212765958,1,0.5210021300424573
CS(=O)(=O)c1ccc2c(c1)N(CCCN1CCC(C(N)=O)CC1)c1ccccc1S2,0,c1ccc2c(c1)Sc1ccccc1N2CCCN1CCCCC1,CN(C)CCCN1c2ccccc2Sc2ccc(Cl)cc21,1,c1ccc2c(c1)Nc1ccccc1S2,0.3984848484848485,0,0.3172075419503831
CS(=O)(=O)c1ccc2c(c1)N(CCCN1CCC(C(N)=O)CC1)c1ccccc1S2,0,c1ccc2c(c1)Sc1ccccc1N2CCCN1CCCCC1,CCC(=O)c1ccc2c(c1)N(CC(C)N(C)C)c1ccccc1S2,1,c1ccc2c(c1)Nc1ccccc1S2,0.3563470319634703,0,0.3447807228722722
CN(C)S(=O)(=O)c1ccc2c(c1)N(CCCN1CCC(CCO)CC1)c1ccccc1S2,1,c1ccc2c(c1)Sc1ccccc1N2CCCN1CCCCC1,OCCN1CCN(CCCN2c3ccccc3Sc3ccc(Cl)cc32)CC1,1,c1ccc2c(c1)Sc1ccccc1N2CCCN1CCNCC1,0.5148494983277592,1,0.7152727915305369
CN(C)S(=O)(=O)c1ccc2c(c1)N(CCCN1CCC(CCO)CC1)c1ccccc1S2,1,c1ccc2c(c1)Sc1ccccc1N2CCCN1CCCCC1,CN(C)CCCN1c2ccccc2Sc2ccc(Cl)cc21,1,c1ccc2c(c1)Nc1ccccc1S2,0.4136924075275795,1,0.7246183971604689
CN(C)S(=O)(=O)c1ccc2c(c1)N(CCCN1CCC(CCO)CC1)c1ccccc1S2,1,c1ccc2c(c1)Sc1ccccc1N2CCCN1CCCCC1,CCC(=O)c1ccc2c(c1)N(CC(C)N(C)C)c1ccccc1S2,1,c1ccc2c(c1)Nc1ccccc1S2,0.35602836879432626,1,0.8196883471826482
CN(C)S(=O)(=O)c1ccc2c(c1)N(CCCN1CCC(CCO)CC1)c1ccccc1S2,1,c1ccc2c(c1)Sc1ccccc1N2CCCN1CCCCC1,OCCOCCN1CCN(C2=Nc3ccccc3Sc3ccccc32)CC1,1,c1ccc2c(c1)N=C(N1CCNCC1)c1ccccc1S2,0.32571428571428573,1,0.7962600032606519
CC(C)(C#N)c1cc(Cn2cncn2)cc(C(C)(C)C#N)c1,1,c1ccc(Cn2cncn2)cc1,N#Cc1ccc(C(c2ccc(C#N)cc2)n2cncn2)cc1,1,c1ccc(C(c2ccccc2)n2cncn2)cc1,0.2989090909090909,1,0.9959788712466782
CC(C)(C#N)c1cc(Cn2cncn2)cc(C(C)(C)C#N)c1,1,c1ccc(Cn2cncn2)cc1,CCN(CC)c1cc(C)nc2ncnn12,1,c1cnc2ncnn2c1,0.19196617336152222,1,0.9859315235838354
CC(C)(C#N)c1cc(Cn2cncn2)cc(C(C)(C)C#N)c1,1,c1ccc(Cn2cncn2)cc1,COc1ccc(CCN(C)CCCC(C#N)(c2ccc(OC)c(OC)c2)C(C)C)cc1OC,1,c1ccc(CCCCNCCc2ccccc2)cc1,0.1831304347826087,1,0.9757351483463113
CC(C)(C#N)c1cc(Cn2cncn2)cc(C(C)(C)C#N)c1,1,c1ccc(Cn2cncn2)cc1,CCN(C(C)=O)c1cccc(-c2ccnc3c(C#N)cnn23)c1,1,c1ccc(-c2ccnc3ccnn23)cc1,0.18218029350104825,1,0.9957331130981143
C=C1C[C@@H]2[C@H](CC[C@]3(C)C(=O)CC[C@@H]23)[C@@]2(C)C=CC(=O)C=C12,1,C=C1CC2C(CCC3C(=O)CCC32)C2C=CC(=O)C=C12,CC(=O)S[C@@H]1CC2=CC(=O)CC[C@]2(C)[C@H]2CC[C@@]3(C)[C@@H](CC[C@@]34CCC(=O)O4)[C@H]12,1,O=C1C=C2CCC3C(CCC4C3CCC43CCC(=O)O3)C2CC1,0.24871481028151776,1,0.9110789142098071
C=C1C[C@@H]2[C@H](CC[C@]3(C)C(=O)CC[C@@H]23)[C@@]2(C)C=CC(=O)C=C12,1,C=C1CC2C(CCC3C(=O)CCC32)C2C=CC(=O)C=C12,CC(C)(C)NC(=O)[C@H]1CC[C@H]2[C@@H]3CC[C@H]4NC(=O)C=C[C@]4(C)[C@H]3CC[C@]12C,1,O=C1C=CC2C(CCC3C4CCCC4CCC23)N1,0.2325714285714286,1,0.901996571495531
C=C1C[C@@H]2[C@H](CC[C@]3(C)C(=O)CC[C@@H]23)[C@@]2(C)C=CC(=O)C=C12,1,C=C1CC2C(CCC3C(=O)CCC32)C2C=CC(=O)C=C12,C#C[C@]1(O)C=C[C@H]2[C@@H]3CCC4=CC(=O)CC[C@@H]4[C@H]3CC[C@@]21CC,1,O=C1C=C2CCC3C4C=CCC4CCC3C2CC1,0.218796992481203,1,0.7280311865506321
C=C1C[C@@H]2[C@H](CC[C@]3(C)C(=O)CC[C@@H]23)[C@@]2(C)C=CC(=O)C=C12,1,C=C1CC2C(CCC3C(=O)CCC32)C2C=CC(=O)C=C12,CC#C[C@]1(O)CC[C@H]2[C@@H]3CCC4=CC(=O)CCC4=C3[C@@H](c3ccc(N(C)C)cc3)C[C@@]21C,1,O=C1C=C2CCC3C(=C2CC1)C(c1ccccc1)CC1CCCC13,0.20423280423280424,1,0.6771848913199761
CCCC(C)C1(CC)C(=O)NC(=O)NC1=O,1,O=C1CC(=O)NC(=O)N1,CCC1(CCC(C)C)C(=O)NC(=O)NC1=O,1,O=C1CC(=O)NC(=O)N1,0.519327731092437,1,0.9819937983369792
CCCC(C)C1(CC)C(=O)NC(=O)NC1=O,1,O=C1CC(=O)NC(=O)N1,CCC1(c2ccccc2)C(=O)NC(=O)NC1=O,1,O=C1NC(=O)C(c2ccccc2)C(=O)N1,0.35965250965250967,1,0.9810455673369742
CCCC(C)C1(CC)C(=O)NC(=O)NC1=O,1,O=C1CC(=O)NC(=O)N1,CCC1(c2ccccc2)C(=O)NCNC1=O,1,O=C1NCNC(=O)C1c1ccccc1,0.2420890937019969,1,0.985322040385332
CCCC(C)C1(CC)C(=O)NC(=O)NC1=O,1,O=C1CC(=O)NC(=O)N1,O=C1NC(=O)C(c2ccccc2)(c2ccccc2)N1,1,O=C1NC(=O)C(c2ccccc2)(c2ccccc2)N1,0.2283882783882784,1,0.9816732296149772
CCC1(CCC(C)C)C(=O)NC(=O)NC1=O,1,O=C1CC(=O)NC(=O)N1,CCCC(C)C1(CC)C(=O)NC(=O)NC1=O,1,O=C1CC(=O)NC(=O)N1,0.519327731092437,1,0.9838595598356709
CCC1(CCC(C)C)C(=O)NC(=O)NC1=O,1,O=C1CC(=O)NC(=O)N1,CCC1(c2ccccc2)C(=O)NC(=O)NC1=O,1,O=C1NC(=O)C(c2ccccc2)C(=O)N1,0.35965250965250967,1,0.9805940000642379
CCC1(CCC(C)C)C(=O)NC(=O)NC1=O,1,O=C1CC(=O)NC(=O)N1,CCC1(c2ccccc2)C(=O)NCNC1=O,1,O=C1NCNC(=O)C1c1ccccc1,0.2420890937019969,1,0.9851509486239111
CCC1(CCC(C)C)C(=O)NC(=O)NC1=O,1,O=C1CC(=O)NC(=O)N1,O=C1NC(=O)C(c2ccccc2)(c2ccccc2)N1,1,O=C1NC(=O)C(c2ccccc2)(c2ccccc2)N1,0.2283882783882784,1,0.9834405379326161
CN(CCOc1ccc(CC2SC(=O)NC2=O)cc1)c1ccccn1,1,O=C1NC(=O)C(Cc2ccc(OCCNc3ccccn3)cc2)S1,Cc1c(C)c2c(c(C)c1O)CCC(C)(COc1ccc(CC3SC(=O)NC3=O)cc1)O2,1,O=C1NC(=O)C(Cc2ccc(OCC3CCc4ccccc4O3)cc2)S1,0.41397949673811746,1,0.9856737066345727
CN(CCOc1ccc(CC2SC(=O)NC2=O)cc1)c1ccccn1,1,O=C1NC(=O)C(Cc2ccc(OCCNc3ccccn3)cc2)S1,CN(CCOc1ccc(NS(C)(=O)=O)cc1)CCc1ccc(NS(C)(=O)=O)cc1,1,c1ccc(CCNCCOc2ccccc2)cc1,0.28644338118022333,1,0.9757117164189928
CN(CCOc1ccc(CC2SC(=O)NC2=O)cc1)c1ccccn1,1,O=C1NC(=O)C(Cc2ccc(OCCNc3ccccn3)cc2)S1,CN(C)CCC(c1ccccc1)c1ccccn1,1,c1ccc(Cc2ccccn2)cc1,0.2500879765395895,1,0.9472821504820864
CN(CCOc1ccc(CC2SC(=O)NC2=O)cc1)c1ccccn1,1,O=C1NC(=O)C(Cc2ccc(OCCNc3ccccn3)cc2)S1,CN(C)CCC(c1ccc(Cl)cc1)c1ccccn1,1,c1ccc(Cc2ccccn2)cc1,0.231044776119403,1,0.9514842813735017
CC1COc2c(N3CCN(C)CC3)c(F)cc3c(=O)c(C(=O)O)cn1c23,1,O=c1ccn2c3c(c(N4CCNCC4)ccc13)OCC2,COc1c(N2CCNC(C)C2)c(F)cc2c(=O)c(C(=O)O)cn(C3CC3)c12,1,O=c1ccn(C2CC2)c2cc(N3CCNCC3)ccc12,0.4834234234234235,1,0.9843013937738813
CC1COc2c(N3CCN(C)CC3)c(F)cc3c(=O)c(C(=O)O)cn1c23,1,O=c1ccn2c3c(c(N4CCNCC4)ccc13)OCC2,NC1CCN(c2c(F)cc3c(=O)c(C(=O)O)cn(C4CC4)c3c2Cl)C1,1,O=c1ccn(C2CC2)c2cc(N3CCCC3)ccc12,0.46116018142754833,1,0.9736590647722729
CC1COc2c(N3CCN(C)CC3)c(F)cc3c(=O)c(C(=O)O)cn1c23,1,O=c1ccn2c3c(c(N4CCNCC4)ccc13)OCC2,O=C(O)c1cn(C2CC2)c2cc(N3CCNCC3)c(F)cc2c1=O,1,O=c1ccn(C2CC2)c2cc(N3CCNCC3)ccc12,0.4223645320197045,1,0.968767430224604
CC1COc2c(N3CCN(C)CC3)c(F)cc3c(=O)c(C(=O)O)cn1c23,1,O=c1ccn2c3c(c(N4CCNCC4)ccc13)OCC2,N[C@@H]1CN(c2c(F)cc3c(=O)c(C(=O)O)cn([C@@H]4C[C@@H]4F)c3c2Cl)CC12CC2,1,O=c1ccn(C2CC2)c2cc(N3CCC4(CC4)C3)ccc12,0.4124542124542125,1,0.9947989331538202
CCCCC1=NC2(CCCC2)C(=O)N1Cc1ccc(-c2ccccc2-c2nn[nH]n2)cc1,1,O=C1N(Cc2ccc(-c3ccccc3-c3nn[nH]n3)cc2)C=NC12CCCC2,CCCCc1nc(Cl)c(CO)n1Cc1ccc(-c2ccccc2-c2nn[nH]n2)cc1,1,c1ccc(-c2nn[nH]n2)c(-c2ccc(Cn3ccnc3)cc2)c1,0.49548611111111107,1,0.9807493057189011
CCCCC1=NC2(CCCC2)C(=O)N1Cc1ccc(-c2ccccc2-c2nn[nH]n2)cc1,1,O=C1N(Cc2ccc(-c3ccccc3-c3nn[nH]n3)cc2)C=NC12CCCC2,CCCCC1C(=O)N(c2ccccc2)N(c2ccccc2)C1=O,1,O=C1CC(=O)N(c2ccccc2)N1c1ccccc1,0.231055900621118,1,0.9991927066597809
CCCCC1=NC2(CCCC2)C(=O)N1Cc1ccc(-c2ccccc2-c2nn[nH]n2)cc1,1,O=C1N(Cc2ccc(-c3ccccc3-c3nn[nH]n3)cc2)C=NC12CCCC2,CCCc1nc2c(C)cc(-c3nc4ccccc4n3C)cc2n1Cc1ccc(-c2ccccc2C(=O)O)cc1,1,c1ccc(-c2ccc(Cn3cnc4ccc(-c5nc6ccccc6[nH]5)cc43)cc2)cc1,0.22372469635627532,1,0.9733451080495389
CCCCC1=NC2(CCCC2)C(=O)N1Cc1ccc(-c2ccccc2-c2nn[nH]n2)cc1,1,O=C1N(Cc2ccc(-c3ccccc3-c3nn[nH]n3)cc2)C=NC12CCCC2,CN(C)CCCOC1(Cc2ccccc2)CCCCCC1,1,c1ccc(CC2CCCCCC2)cc1,0.2043233082706767,1,0.9931056597776723
NS(=O)(=O)c1cc2c(cc1C(F)(F)F)NC(Cc1ccccc1)NS2(=O)=O,1,O=S1(=O)NC(Cc2ccccc2)Nc2ccccc21,NS(=O)(=O)c1cc2c(cc1C(F)(F)F)NCNS2(=O)=O,1,O=S1(=O)NCNc2ccccc21,0.5533971291866029,1,0.9665812692615918
NS(=O)(=O)c1cc2c(cc1C(F)(F)F)NC(Cc1ccccc1)NS2(=O)=O,1,O=S1(=O)NC(Cc2ccccc2)Nc2ccccc21,NS(=O)(=O)c1cc2c(cc1Cl)NC(CC1CCCC1)NS2(=O)=O,1,O=S1(=O)NC(CC2CCCC2)Nc2ccccc21,0.45120772946859905,1,0.9804543859725198
NS(=O)(=O)c1cc2c(cc1C(F)(F)F)NC(Cc1ccccc1)NS2(=O)=O,1,O=S1(=O)NC(Cc2ccccc2)Nc2ccccc21,NS(=O)(=O)c1cc2c(cc1Cl)NCNS2(=O)=O,1,O=S1(=O)NCNc2ccccc21,0.35066717499046896,1,0.9899195634991067
NS(=O)(=O)c1cc2c(cc1C(F)(F)F)NC(Cc1ccccc1)NS2(=O)=O,1,O=S1(=O)NC(Cc2ccccc2)Nc2ccccc21,Cc1ccccc1N1C(=O)c2cc(S(N)(=O)=O)c(Cl)cc2NC1C,1,O=C1c2ccccc2NCN1c1ccccc1,0.2625882352941177,1,0.9782367965381646
CN1[C@@H]2CCC[C@H]1C[C@@H](NC(=O)c1nn(C)c3ccccc13)C2,1,O=C(NC1CC2CCCC(C1)N2)c1n[nH]c2ccccc12,CN1[C@@H]2CC[C@H]1C[C@@H](OC(=O)c1c[nH]c3ccccc13)C2,1,O=C(OC1CC2CCC(C1)N2)c1c[nH]c2ccccc12,0.329149560117302,1,0.9263561057130547
CN1[C@@H]2CCC[C@H]1C[C@@H](NC(=O)c1nn(C)c3ccccc13)C2,1,O=C(NC1CC2CCCC(C1)N2)c1n[nH]c2ccccc12,COC(=O)[C@H]1[C@@H](OC(=O)c2ccccc2)C[C@@H]2CC[C@H]1N2C,1,O=C(OC1CC2CCC(C1)N2)c1ccccc1,0.2831332189822756,1,0.9643947115738435
CN1[C@@H]2CCC[C@H]1C[C@@H](NC(=O)c1nn(C)c3ccccc13)C2,1,O=C(NC1CC2CCCC(C1)N2)c1n[nH]c2ccccc12,Cc1cnc(C(=O)NCCc2ccc(S(=O)(=O)NC(=O)NC3CCCCC3)cc2)cn1,1,O=C(NC1CCCCC1)NS(=O)(=O)c1ccc(CCNC(=O)c2cnccn2)cc1,0.22215189873417723,1,0.9982589918866316
CN1[C@@H]2CCC[C@H]1C[C@@H](NC(=O)c1nn(C)c3ccccc13)C2,1,O=C(NC1CC2CCCC(C1)N2)c1n[nH]c2ccccc12,O=C(CCCN1CCC(n2c(O)nc3ccccc32)CC1)c1ccc(F)cc1,1,O=C(CCCN1CCC(n2cnc3ccccc32)CC1)c1ccccc1,0.22088285229202037,1,0.9749131039654054
Cc1cccc(C)c1NC(=O)c1cc(S(N)(=O)=O)c(Cl)cc1O,1,O=C(Nc1ccccc1)c1ccccc1,Cc1cccc(C)c1NC(=O)C(C)N,1,c1ccccc1,0.4004347826086957,1,0.9362794828138338
Cc1cccc(C)c1NC(=O)c1cc(S(N)(=O)=O)c(Cl)cc1O,1,O=C(Nc1ccccc1)c1ccccc1,NS(=O)(=O)c1cc(C(=O)O)c(NCc2ccco2)cc1Cl,1,c1ccc(NCc2ccco2)cc1,0.3592982456140351,1,0.9705738984089862
Cc1cccc(C)c1NC(=O)c1cc(S(N)(=O)=O)c(Cl)cc1O,1,O=C(Nc1ccccc1)c1ccccc1,Cc1ccccc1N1C(=O)c2cc(S(N)(=O)=O)c(Cl)cc2NC1C,1,O=C1c2ccccc2NCN1c1ccccc1,0.35853174603174603,1,0.933386096590941
Cc1cccc(C)c1NC(=O)c1cc(S(N)(=O)=O)c(Cl)cc1O,1,O=C(Nc1ccccc1)c1ccccc1,CCN(CC)CC(=O)Nc1c(C)cccc1C,1,c1ccccc1,0.33495934959349594,1,0.9495937453940861
Cc1cnc(C(=O)O)c[n+]1[O-],1,c1c[nH+]ccn1,CCCN(CCC)S(=O)(=O)c1ccc(C(=O)O)cc1,1,c1ccccc1,0.21587301587301588,1,0.9642163801562283
Cc1cnc(C(=O)O)c[n+]1[O-],1,c1c[nH+]ccn1,Cc1cnc(C(=O)NCCc2ccc(S(=O)(=O)NC(=O)NC3CCCCC3)cc2)cn1,1,O=C(NC1CCCCC1)NS(=O)(=O)c1ccc(CCNC(=O)c2cnccn2)cc1,0.2013986013986014,1,0.9822203655605267
Cc1cnc(C(=O)O)c[n+]1[O-],1,c1c[nH+]ccn1,Cn1nnc2c(C(N)=O)ncn2c1=O,1,O=c1[nH]nnc2cncn12,0.19219858156028372,1,0.9960654840233746
Cc1cnc(C(=O)O)c[n+]1[O-],1,c1c[nH+]ccn1,O=C(O)c1cc(/N=N/c2ccc(S(=O)(=O)Nc3ccccn3)cc2)ccc1O,1,O=S(=O)(Nc1ccccn1)c1ccc(N=Nc2ccccc2)cc1,0.19194968553459119,1,0.9834556261816775
COC(=O)[C@@H]1[C@H]2C[C@H]3c4[nH]c5ccccc5c4CCN3C[C@@H]2CC[C@@H]1O,1,c1ccc2c3c([nH]c2c1)C1CC2CCCCC2CN1CC3,COC(=O)[C@H]1[C@H]2C[C@@H]3c4[nH]c5cc(OC)ccc5c4CCN3C[C@H]2C[C@@H](OC(=O)c2cc(OC)c(OC)c(OC)c2)[C@@H]1OC,1,O=C(OC1CCC2CC3c4[nH]c5ccccc5c4CCN3CC2C1)c1ccccc1,0.515625,1,0.8920200095741062
COC(=O)[C@@H]1[C@H]2C[C@H]3c4[nH]c5ccccc5c4CCN3C[C@@H]2CC[C@@H]1O,1,c1ccc2c3c([nH]c2c1)C1CC2CCCCC2CN1CC3,CN1[C@@H]2CC[C@H]1C[C@@H](OC(=O)c1c[nH]c3ccccc13)C2,1,O=C(OC1CC2CCC(C1)N2)c1c[nH]c2ccccc12,0.27851129818342935,0,0.48028302102230436
COC(=O)[C@@H]1[C@H]2C[C@H]3c4[nH]c5ccccc5c4CCN3C[C@@H]2CC[C@@H]1O,1,c1ccc2c3c([nH]c2c1)C1CC2CCCCC2CN1CC3,COC(=O)[C@H]1[C@@H](OC(=O)c2ccccc2)C[C@@H]2CC[C@H]1N2C,1,O=C(OC1CC2CCC(C1)N2)c1ccccc1,0.2773333333333334,1,0.6934225517985662
COC(=O)[C@@H]1[C@H]2C[C@H]3c4[nH]c5ccccc5c4CCN3C[C@@H]2CC[C@@H]1O,1,c1ccc2c3c([nH]c2c1)C1CC2CCCCC2CN1CC3,O=C(c1ccc(F)cc1)C1CCN(CCn2c(=O)[nH]c3ccccc3c2=O)CC1,1,O=C(c1ccccc1)C1CCN(CCn2c(=O)[nH]c3ccccc3c2=O)CC1,0.2455488621151272,1,0.5313767432517682
NCC1(CC(=O)O)CCCCC1,1,C1CCCCC1,C=CC(N)CCC(=O)O,1,,0.24786324786324787,1,0.9403290094783199
NCC1(CC(=O)O)CCCCC1,1,C1CCCCC1,NCC(CC(=O)O)c1ccc(Cl)cc1,1,c1ccccc1,0.22882483370288254,1,0.9330866979162665
NCC1(CC(=O)O)CCCCC1,1,C1CCCCC1,NCCCC(N)(C(=O)O)C(F)F,1,,0.21945181255526086,1,0.9553791575167817
NCC1(CC(=O)O)CCCCC1,1,C1CCCCC1,N[C@@H](CCS)C(=O)O,1,,0.2152505446623094,1,0.9527677077202954
CC(C)(C)NCC(O)COc1cccc2c1CCC(=O)N2,1,O=C1CCc2ccccc2N1,CC(C)(C)NCC(O)COc1cccc2c1C[C@H](O)[C@H](O)C2,1,c1ccc2c(c1)CCCC2,0.5637873754152825,1,0.986549030139849
CC(C)(C)NCC(O)COc1cccc2c1CCC(=O)N2,1,O=C1CCc2ccccc2N1,CC(C)(C)NC[C@H](O)COc1ccccc1C1CCCC1,1,c1ccc(C2CCCC2)cc1,0.511164274322169,1,0.9713980567404391
CC(C)(C)NCC(O)COc1cccc2c1CCC(=O)N2,1,O=C1CCc2ccccc2N1,CCN(CC)C(=O)Nc1ccc(OCC(O)CNC(C)(C)C)c(C(C)=O)c1,1,c1ccccc1,0.4423626548110512,1,0.9832187402263087
CC(C)(C)NCC(O)COc1cccc2c1CCC(=O)N2,1,O=C1CCc2ccccc2N1,CC(C)(Cc1c[nH]c2ccccc12)NCC(O)COc1ccccc1C#N,1,c1ccc(OCCCNCCc2c[nH]c3ccccc23)cc1,0.38067704472448727,1,0.9832605389396107
CNC(=O)Oc1ccc2c(c1)[C@]1(C)CCN(C)[C@@H]1N2C,0,c1ccc2c(c1)NC1NCCC21,CCOC(=O)C1(c2ccccc2)CCN(C)CC1,1,c1ccc(C2CCNCC2)cc1,0.2416666666666667,0,0.16734494822614077
CNC(=O)Oc1ccc2c(c1)[C@]1(C)CCN(C)[C@@H]1N2C,0,c1ccc2c(c1)NC1NCCC21,CCC(=O)C1(c2cccc(O)c2)CCN(C)CC1,1,c1ccc(C2CCNCC2)cc1,0.2321969696969697,0,0.19383040526345996
CNC(=O)Oc1ccc2c(c1)[C@]1(C)CCN(C)[C@@H]1N2C,0,c1ccc2c(c1)NC1NCCC21,COc1cc(OC)c(C(=O)CCCN2CCCC2)c(OC)c1,1,O=C(CCCN1CCCC1)c1ccccc1,0.22665245202558637,0,0.17155472551119325
CNC(=O)Oc1ccc2c(c1)[C@]1(C)CCN(C)[C@@H]1N2C,0,c1ccc2c(c1)NC1NCCC21,COc1cc(N)c(Cl)cc1C(=O)N[C@@H]1CCN(CCCOc2ccc(F)cc2)C[C@@H]1OC,1,O=C(NC1CCN(CCCOc2ccccc2)CC1)c1ccccc1,0.21230769230769234,0,0.2299298172427153
CCC(C)(C)C(=O)O[C@H]1C[C@@H](C)C=C2C=C[C@H](C)[C@H](CC[C@@H]3C[C@@H](O)CC(=O)O3)[C@H]21,0,O=C1CCCC(CCC2CC=CC3=CCCCC32)O1,CO[C@@H]1[C@@H](O[C@@H]2O[C@H](C)[C@@H](O[C@H]3C[C@@](C)(O)[C@@H](O)[C@H](C)O3)[C@H](N(C)C)[C@H]2O)[C@@H](CC=O)C[C@@H](C)[C@@H](O[C@H]2CC[C@H](N(C)C)[C@H](C)O2)/C=C/C=C/C[C@@H](C)OC(=O)C[C@H]1O,1,O=C1CCCC(OC2CCC(OC3CCCCO3)CO2)CCCC(OC2CCCCO2)C=CC=CCCO1,0.21089817594089127,0,0.10676148135673644
CCC(C)(C)C(=O)O[C@H]1C[C@@H](C)C=C2C=C[C@H](C)[C@H](CC[C@@H]3C[C@@H](O)CC(=O)O3)[C@H]21,0,O=C1CCCC(CCC2CC=CC3=CCCCC32)O1,CCCCC(C)(O)C/C=C/[C@H]1[C@H](O)CC(=O)[C@@H]1CCCCCCC(=O)OC,1,O=C1CCCC1,0.20827407886231417,0,0.2049860526594981
CCC(C)(C)C(=O)O[C@H]1C[C@@H](C)C=C2C=C[C@H](C)[C@H](CC[C@@H]3C[C@@H](O)CC(=O)O3)[C@H]21,0,O=C1CCCC(CCC2CC=CC3=CCCCC32)O1,C[C@H]1O[C@@H](O[C@H]2[C@@H](O)C[C@H](O[C@H]3[C@@H](O)C[C@H](O[C@H]4CC[C@@]5(C)[C@H](CC[C@@H]6[C@@H]5CC[C@]5(C)[C@@H](C7=CC(=O)OC7)CC[C@]65O)C4)O[C@@H]3C)O[C@@H]2C)C[C@H](O)[C@@H]1O,1,O=C1C=C(C2CCC3C2CCC2C4CCC(OC5CCC(OC6CCC(OC7CCCCO7)CO6)CO5)CC4CCC23)CO1,0.16869751107039244,0,0.08970480647235132
CCC(C)(C)C(=O)O[C@H]1C[C@@H](C)C=C2C=C[C@H](C)[C@H](CC[C@@H]3C[C@@H](O)CC(=O)O3)[C@H]21,0,O=C1CCCC(CCC2CC=CC3=CCCCC32)O1,CC[C@H]1OC(=O)[C@H](C)[C@@H](O[C@H]2C[C@@](C)(OC)[C@@H](O)[C@H](C)O2)[C@H](C)[C@@H](O[C@@H]2O[C@H](C)C[C@H](N(C)C)[C@H]2O)[C@](C)(OC)C[C@@H](C)C(=O)[C@H](C)[C@@H](O)[C@]1(C)O,1,O=C1CCCCOC(=O)CC(OC2CCCCO2)CC(OC2CCCCO2)CCC1,0.16519114688128775,0,0.3011595881213868
CC[C@H](C)C(=O)O[C@H]1C[C@@H](C)C=C2C=C[C@H](C)[C@H](CC[C@@H]3C[C@@H](O)CC(=O)O3)[C@H]21,0,O=C1CCCC(CCC2CC=CC3=CCCCC32)O1,CO[C@@H]1[C@@H](O[C@@H]2O[C@H](C)[C@@H](O[C@H]3C[C@@](C)(O)[C@@H](O)[C@H](C)O3)[C@H](N(C)C)[C@H]2O)[C@@H](CC=O)C[C@@H](C)[C@@H](O[C@H]2CC[C@H](N(C)C)[C@H](C)O2)/C=C/C=C/C[C@@H](C)OC(=O)C[C@H]1O,1,O=C1CCCC(OC2CCC(OC3CCCCO3)CO2)CCCC(OC2CCCCO2)C=CC=CCCO1,0.20267281105990786,0,0.10883202633153606
CC[C@H](C)C(=O)O[C@H]1C[C@@H](C)C=C2C=C[C@H](C)[C@H](CC[C@@H]3C[C@@H](O)CC(=O)O3)[C@H]21,0,O=C1CCCC(CCC2CC=CC3=CCCCC32)O1,CCCCC(C)(O)C/C=C/[C@H]1[C@H](O)CC(=O)[C@@H]1CCCCCCC(=O)OC,1,O=C1CCCC1,0.18765957446808512,0,0.19909207701087892
CC[C@H](C)C(=O)O[C@H]1C[C@@H](C)C=C2C=C[C@H](C)[C@H](CC[C@@H]3C[C@@H](O)CC(=O)O3)[C@H]21,0,O=C1CCCC(CCC2CC=CC3=CCCCC32)O1,CC[C@@H](C(N)=O)N1CCCC1=O,1,O=C1CCCN1,0.1788293897882939,0,0.41616044242068206
CC[C@H](C)C(=O)O[C@H]1C[C@@H](C)C=C2C=C[C@H](C)[C@H](CC[C@@H]3C[C@@H](O)CC(=O)O3)[C@H]21,0,O=C1CCCC(CCC2CC=CC3=CCCCC32)O1,C[C@H]1O[C@@H](O[C@H]2[C@@H](O)C[C@H](O[C@H]3[C@@H](O)C[C@H](O[C@H]4CC[C@@]5(C)[C@H](CC[C@@H]6[C@@H]5CC[C@]5(C)[C@@H](C7=CC(=O)OC7)CC[C@]65O)C4)O[C@@H]3C)O[C@@H]2C)C[C@H](O)[C@@H]1O,1,O=C1C=C(C2CCC3C2CCC2C4CCC(OC5CCC(OC6CCC(OC7CCCCO7)CO6)CO5)CC4CCC23)CO1,0.16440677966101697,0,0.12204746320606345
CNC1=Nc2ccc(Cl)cc2C(c2ccccc2)=[N+]([O-])C1,1,C1=Nc2ccccc2C(c2ccccc2)=[NH+]C1,Cc1nnc2n1-c1ccc(Cl)cc1C(c1ccccc1)=NC2,1,c1ccc(C2=NCc3nncn3-c3ccccc32)cc1,0.2912698412698413,1,0.9669609011969152
CNC1=Nc2ccc(Cl)cc2C(c2ccccc2)=[N+]([O-])C1,1,C1=Nc2ccccc2C(c2ccccc2)=[NH+]C1,Clc1ccc2c(c1)C(N1CCNCC1)=Nc1ccccc1O2,1,c1ccc2c(c1)N=C(N1CCNCC1)c1ccccc1O2,0.28188775510204084,1,0.9839212343368569
CNC1=Nc2ccc(Cl)cc2C(c2ccccc2)=[N+]([O-])C1,1,C1=Nc2ccccc2C(c2ccccc2)=[NH+]C1,CN(C)Cc1nnc2n1-c1ccc(Cl)cc1C(c1ccccc1)=NC2,1,c1ccc(C2=NCc3nncn3-c3ccccc32)cc1,0.2691434468524252,1,0.9617816790377055
CNC1=Nc2ccc(Cl)cc2C(c2ccccc2)=[N+]([O-])C1,1,C1=Nc2ccccc2C(c2ccccc2)=[NH+]C1,CN1CCN(C2=Nc3cc(Cl)ccc3Nc3ccccc32)CC1,1,c1ccc2c(c1)N=C(N1CCNCC1)c1ccccc1N2,0.2684900284900285,1,0.9911994220100643
CCOc1cc(CC(=O)N[C@@H](CC(C)C)c2ccccc2N2CCCCC2)ccc1C(=O)O,1,O=C(Cc1ccccc1)NCc1ccccc1N1CCCCC1,NS(=O)(=O)c1cc(C(=O)O)cc(N2CCCC2)c1Oc1ccccc1,1,c1ccc(Oc2ccccc2N2CCCC2)cc1,0.30225563909774433,1,0.7882408809545931
CCOc1cc(CC(=O)N[C@@H](CC(C)C)c2ccccc2N2CCCCC2)ccc1C(=O)O,1,O=C(Cc1ccccc1)NCc1ccccc1N1CCCCC1,CCOC(=O)[C@H](CCc1ccccc1)N[C@@H](C)C(=O)N1CCC[C@H]1C(=O)O,1,O=C(CNCCCc1ccccc1)N1CCCC1,0.2676648841354724,1,0.8572780594741414
CCOc1cc(CC(=O)N[C@@H](CC(C)C)c2ccccc2N2CCCCC2)ccc1C(=O)O,1,O=C(Cc1ccccc1)NCc1ccccc1N1CCCCC1,CC(C)NCC(O)COc1ccc(CC(N)=O)cc1,1,c1ccccc1,0.25933333333333336,1,0.8692877225935319
CCOc1cc(CC(=O)N[C@@H](CC(C)C)c2ccccc2N2CCCCC2)ccc1C(=O)O,1,O=C(Cc1ccccc1)NCc1ccccc1N1CCCCC1,CCOC(=O)[C@H](CCc1ccccc1)N[C@@H](C)C(=O)N1[C@H](C(=O)O)C[C@@H]2CCC[C@@H]21,1,O=C(CNCCCc1ccccc1)N1CCC2CCCC21,0.25657633840052874,1,0.9091007028429383
CNC(=C[N+](=O)[O-])NCCSCc1csc(CN(C)C)n1,1,c1cscn1,CNC(=C[N+](=O)[O-])NCCSCc1ccc(CN(C)C)o1,1,c1ccoc1,0.6745762711864407,1,0.9557308588542646
CNC(=C[N+](=O)[O-])NCCSCc1csc(CN(C)C)n1,1,c1cscn1,NC(N)=Nc1nc(CSCCC(N)=NS(N)(=O)=O)cs1,1,c1cscn1,0.26195856873822976,1,0.9564152058379688
CNC(=C[N+](=O)[O-])NCCSCc1csc(CN(C)C)n1,1,c1cscn1,O=C(NCCO[N+](=O)[O-])c1cccnc1,1,c1ccncc1,0.17975388901787787,1,0.9929588779946075
CNC(=C[N+](=O)[O-])NCCSCc1csc(CN(C)C)n1,1,c1cscn1,COC(=O)C1=C(C)NC(C)=C(C(=O)OCCN(C)Cc2ccccc2)C1c1cccc([N+](=O)[O-])c1,1,O=C(OCCNCc1ccccc1)C1=CNC=CC1c1ccccc1,0.1774936061381074,1,0.9776794808888984
NC(N)=Nc1nc(CSCCC(N)=NS(N)(=O)=O)cs1,1,c1cscn1,CNC(=C[N+](=O)[O-])NCCSCc1csc(CN(C)C)n1,1,c1cscn1,0.26195856873822976,1,0.784826238009205
NC(N)=Nc1nc(CSCCC(N)=NS(N)(=O)=O)cs1,1,c1cscn1,NS(=O)(=O)Cc1noc2ccccc12,1,c1ccc2oncc2c1,0.1648412975235438,1,0.9040481239210825
NC(N)=Nc1nc(CSCCC(N)=NS(N)(=O)=O)cs1,1,c1cscn1,C=CC1=C(C(=O)O)N2C(=O)[C@@H](NC(=O)/C(=N\OCC(=O)O)c3csc(N)n3)[C@H]2SC1,1,N=C(C(=O)NC1C(=O)N2C=CCSC12)c1cscn1,0.15907246376811596,1,0.9285801859054308
NC(N)=Nc1nc(CSCCC(N)=NS(N)(=O)=O)cs1,1,c1cscn1,CNC(=C[N+](=O)[O-])NCCSCc1ccc(CN(C)C)o1,1,c1ccoc1,0.15474356152322255,1,0.8697127217230781
Cc1ncsc1CCCl,1,c1cscn1,CN(C)CCC(c1ccc(Cl)cc1)c1ccccn1,1,c1ccc(Cc2ccccn2)cc1,0.16480392156862747,1,0.979026016592932
Cc1ncsc1CCCl,1,c1cscn1,CCN(CC)c1cc(C)nc2ncnn12,1,c1cnc2ncnn2c1,0.1601745771958538,1,0.9266412305115161
Cc1ncsc1CCCl,1,c1cscn1,CN(C)CCC(c1ccccc1)c1ccccn1,1,c1ccc(Cc2ccccn2)cc1,0.15768321513002365,1,0.9061193068007246
Cc1ncsc1CCCl,1,c1cscn1,Cn1c(CCCC(=O)O)nc2cc(N(CCCl)CCCl)ccc21,1,c1ccc2[nH]cnc2c1,0.1573280159521436,1,0.9479760130509316
CC(CN(C)C)CN1c2ccccc2CCc2ccccc21,1,c1ccc2c(c1)CCc1ccccc1N2,CN(C)CCCN1c2ccccc2CCc2ccccc21,1,c1ccc2c(c1)CCc1ccccc1N2,0.5707692307692308,1,0.9843169147947646
CC(CN(C)C)CN1c2ccccc2CCc2ccccc21,1,c1ccc2c(c1)CCc1ccccc1N2,COc1ccc2c(c1)N(C[C@H](C)CN(C)C)c1ccccc1S2,1,c1ccc2c(c1)Nc1ccccc1S2,0.5061224489795919,1,0.9656775786937006
CC(CN(C)C)CN1c2ccccc2CCc2ccccc21,1,c1ccc2c(c1)CCc1ccccc1N2,CN(C)CCCN1c2ccccc2CCc2ccc(Cl)cc21,1,c1ccc2c(c1)CCc1ccccc1N2,0.46666666666666673,1,0.9826510296566016
CC(CN(C)C)CN1c2ccccc2CCc2ccccc21,1,c1ccc2c(c1)CCc1ccccc1N2,CNCCCN1c2ccccc2CCc2ccccc21,1,c1ccc2c(c1)CCc1ccccc1N2,0.4342857142857143,1,0.9737165715786286
CN(C)CCCN1c2ccccc2CCc2ccc(Cl)cc21,1,c1ccc2c(c1)CCc1ccccc1N2,CN(C)CCCN1c2ccccc2CCc2ccccc21,1,c1ccc2c(c1)CCc1ccccc1N2,0.7718166383701189,1,0.9856671176390722
CN(C)CCCN1c2ccccc2CCc2ccc(Cl)cc21,1,c1ccc2c(c1)CCc1ccccc1N2,CN(C)CCCN1c2ccccc2Sc2ccc(Cl)cc21,1,c1ccc2c(c1)Nc1ccccc1S2,0.6364741641337387,1,0.966706124527545
CN(C)CCCN1c2ccccc2CCc2ccc(Cl)cc21,1,c1ccc2c(c1)CCc1ccccc1N2,CNCCCN1c2ccccc2CCc2ccccc21,1,c1ccc2c(c1)CCc1ccccc1N2,0.4858479532163743,1,0.978448564246809
CN(C)CCCN1c2ccccc2CCc2ccc(Cl)cc21,1,c1ccc2c(c1)CCc1ccccc1N2,CC(CN(C)C)CN1c2ccccc2CCc2ccccc21,1,c1ccc2c(c1)CCc1ccccc1N2,0.46666666666666673,1,0.9824203475475721
CNCCCN1c2ccccc2CCc2ccccc21,1,c1ccc2c(c1)CCc1ccccc1N2,CN(C)CCCN1c2ccccc2CCc2ccccc21,1,c1ccc2c(c1)CCc1ccccc1N2,0.601388888888889,1,0.9844152318459154
CNCCCN1c2ccccc2CCc2ccccc21,1,c1ccc2c(c1)CCc1ccccc1N2,CN(C)CCCN1c2ccccc2CCc2ccc(Cl)cc21,1,c1ccc2c(c1)CCc1ccccc1N2,0.4858479532163743,1,0.9850015934994844
CNCCCN1c2ccccc2CCc2ccccc21,1,c1ccc2c(c1)CCc1ccccc1N2,CC(CN(C)C)CN1c2ccccc2CCc2ccccc21,1,c1ccc2c(c1)CCc1ccccc1N2,0.4342857142857143,1,0.9823635267634214
CNCCCN1c2ccccc2CCc2ccccc21,1,c1ccc2c(c1)CCc1ccccc1N2,CNCCC=C1c2ccccc2CCc2ccccc21,1,C=C1c2ccccc2CCc2ccccc21,0.42545731707317075,1,0.9589400484584545
CN(C)CCCN1c2ccccc2CCc2ccccc21,1,c1ccc2c(c1)CCc1ccccc1N2,CN(C)CCCN1c2ccccc2CCc2ccc(Cl)cc21,1,c1ccc2c(c1)CCc1ccccc1N2,0.7718166383701189,1,0.9841116789086067
CN(C)CCCN1c2ccccc2CCc2ccccc21,1,c1ccc2c(c1)CCc1ccccc1N2,CNCCCN1c2ccccc2CCc2ccccc21,1,c1ccc2c(c1)CCc1ccccc1N2,0.601388888888889,1,0.9758688039159727
CN(C)CCCN1c2ccccc2CCc2ccccc21,1,c1ccc2c(c1)CCc1ccccc1N2,CC(CN(C)C)CN1c2ccccc2CCc2ccccc21,1,c1ccc2c(c1)CCc1ccccc1N2,0.5707692307692308,1,0.9831827486765857
CN(C)CCCN1c2ccccc2CCc2ccccc21,1,c1ccc2c(c1)CCc1ccccc1N2,CN(C)CCCN1c2ccccc2Sc2ccc(Cl)cc21,1,c1ccc2c(c1)Nc1ccccc1S2,0.49968253968253973,1,0.984608797619289
Cc1ccnc2c1NC(=O)c1cccnc1N2C1CC1,1,O=C1Nc2cccnc2N(C2CC2)c2ncccc21,CN1CCC[C@H]1c1cccnc1,1,c1cncc(C2CCCN2)c1,0.21551724137931033,1,0.994242159020978
Cc1ccnc2c1NC(=O)c1cccnc1N2C1CC1,1,O=C1Nc2cccnc2N(C2CC2)c2ncccc21,CN(CCOc1ccc(CC2SC(=O)NC2=O)cc1)c1ccccn1,1,O=C1NC(=O)C(Cc2ccc(OCCNc3ccccn3)cc2)S1,0.2084942084942085,1,0.9883790794263357
Cc1ccnc2c1NC(=O)c1cccnc1N2C1CC1,1,O=C1Nc2cccnc2N(C2CC2)c2ncccc21,CN(c1nccc(=O)[nH]1)C1CCN(c2nc3ccccc3n2Cc2ccc(F)cc2)CC1,1,O=c1ccnc(NC2CCN(c3nc4ccccc4n3Cc3ccccc3)CC2)[nH]1,0.20582089552238808,1,0.9684125784135634
Cc1ccnc2c1NC(=O)c1cccnc1N2C1CC1,1,O=C1Nc2cccnc2N(C2CC2)c2ncccc21,CC(C)Nc1cccnc1N1CCN(C(=O)c2cc3cc(NS(C)(=O)=O)ccc3[nH]2)CC1,1,O=C(c1cc2ccccc2[nH]1)N1CCN(c2ccccn2)CC1,0.20014214641080313,1,0.9915021031085571
CN(CCCCCCN(C)C(=O)Oc1ccc[n+](C)c1)C(=O)Oc1ccc[n+](C)c1,0,O=C(NCCCCCCNC(=O)Oc1ccc[nH+]c1)Oc1ccc[nH+]c1,CCN(C)C(=O)Oc1cccc([C@H](C)N(C)C)c1,1,c1ccccc1,0.3659919028340081,0,0.21273359559118457
CN(CCCCCCN(C)C(=O)Oc1ccc[n+](C)c1)C(=O)Oc1ccc[n+](C)c1,0,O=C(NCCCCCCNC(=O)Oc1ccc[nH+]c1)Oc1ccc[nH+]c1,CN(C)CC(Oc1ccccc1)Oc1ccccc1,1,c1ccc(OCOc2ccccc2)cc1,0.2261229314420804,0,0.46259630436948274
CN(CCCCCCN(C)C(=O)Oc1ccc[n+](C)c1)C(=O)Oc1ccc[n+](C)c1,0,O=C(NCCCCCCNC(=O)Oc1ccc[nH+]c1)Oc1ccc[nH+]c1,CCCCNc1cc(C(=O)O)cc(S(N)(=O)=O)c1Oc1ccccc1,1,c1ccc(Oc2ccccc2)cc1,0.21144781144781144,0,0.16352768285907243
CN(CCCCCCN(C)C(=O)Oc1ccc[n+](C)c1)C(=O)Oc1ccc[n+](C)c1,0,O=C(NCCCCCCNC(=O)Oc1ccc[nH+]c1)Oc1ccc[nH+]c1,CCCN(CCC)S(=O)(=O)c1ccc(C(=O)O)cc1,1,c1ccccc1,0.20994017487344688,0,0.13423763192893254
Cc1cnc(C(=O)NCCc2ccc(S(=O)(=O)NC(=O)NC3CCCCC3)cc2)cn1,1,O=C(NC1CCCCC1)NS(=O)(=O)c1ccc(CCNC(=O)c2cnccn2)cc1,CCCCNC(=O)NS(=O)(=O)c1ccc(C)cc1,1,c1ccccc1,0.35681818181818187,1,0.9505419370814983
Cc1cnc(C(=O)NCCc2ccc(S(=O)(=O)NC(=O)NC3CCCCC3)cc2)cn1,1,O=C(NC1CCCCC1)NS(=O)(=O)c1ccc(CCNC(=O)c2cnccn2)cc1,CC(C)(Oc1ccc(CCNC(=O)c2ccc(Cl)cc2)cc1)C(=O)O,1,O=C(NCCc1ccccc1)c1ccccc1,0.25880701754385965,1,0.9759638447177896
Cc1cnc(C(=O)NCCc2ccc(S(=O)(=O)NC(=O)NC3CCCCC3)cc2)cn1,1,O=C(NC1CCCCC1)NS(=O)(=O)c1ccc(CCNC(=O)c2cnccn2)cc1,Cc1noc(NS(=O)(=O)c2ccc(N)cc2)c1C,1,O=S(=O)(Nc1ccno1)c1ccccc1,0.23175918254625794,1,0.9605593641247515
Cc1cnc(C(=O)NCCc2ccc(S(=O)(=O)NC(=O)NC3CCCCC3)cc2)cn1,1,O=C(NC1CCCCC1)NS(=O)(=O)c1ccc(CCNC(=O)c2cnccn2)cc1,CN1[C@@H]2CCC[C@H]1C[C@@H](NC(=O)c1nn(C)c3ccccc13)C2,1,O=C(NC1CC2CCCC(C1)N2)c1n[nH]c2ccccc12,0.22215189873417723,1,0.9846704605416806
Nc1c(CC(=O)O)cccc1C(=O)c1ccc(Br)cc1,1,O=C(c1ccccc1)c1ccccc1,O=C(O)Cc1ccccc1Nc1c(Cl)cccc1Cl,1,c1ccc(Nc2ccccc2)cc1,0.38344671201814057,1,0.992037188862473
Nc1c(CC(=O)O)cccc1C(=O)c1ccc(Br)cc1,1,O=C(c1ccccc1)c1ccccc1,Cc1ccc(Nc2c(F)cccc2Cl)c(CC(=O)O)c1,1,c1ccc(Nc2ccccc2)cc1,0.3128205128205128,1,0.9874317024883001
Nc1c(CC(=O)O)cccc1C(=O)c1ccc(Br)cc1,1,O=C(c1ccccc1)c1ccccc1,CC(C(=O)O)c1cccc(C(=O)c2ccccc2)c1,1,O=C(c1ccccc1)c1ccccc1,0.2808888888888889,1,0.9938035362974458
Nc1c(CC(=O)O)cccc1C(=O)c1ccc(Br)cc1,1,O=C(c1ccccc1)c1ccccc1,O=C(O)CCC(=O)c1ccc(-c2ccccc2)cc1,1,c1ccc(-c2ccccc2)cc1,0.2721102863202545,1,0.9926122646453387
CC(C(=O)O)c1cccc(C(=O)c2ccccc2)c1,1,O=C(c1ccccc1)c1ccccc1,CC(C(=O)O)c1cccc(Oc2ccccc2)c1,1,c1ccc(Oc2ccccc2)cc1,0.6000000000000001,1,0.9725927784366022
CC(C(=O)O)c1cccc(C(=O)c2ccccc2)c1,1,O=C(c1ccccc1)c1ccccc1,CC(C(=O)O)c1ccc(-c2ccccc2)c(F)c1,1,c1ccc(-c2ccccc2)cc1,0.4896774193548387,1,0.9623583338687344
CC(C(=O)O)c1cccc(C(=O)c2ccccc2)c1,1,O=C(c1ccccc1)c1ccccc1,CC(C)Cc1ccc(C(C)C(=O)O)cc1,1,c1ccccc1,0.4343079922027291,1,0.9892715031638045
CC(C(=O)O)c1cccc(C(=O)c2ccccc2)c1,1,O=C(c1ccccc1)c1ccccc1,CN[C@@H](C)[C@@H](O)c1ccccc1,1,c1ccccc1,0.3235053235053235,1,0.9882595365795239
Cc1ccc(C(=O)c2cc(O)c(O)c([N+](=O)[O-])c2)cc1,1,O=C(c1ccccc1)c1ccccc1,CCN(CC)C(=O)/C(C#N)=C/c1cc(O)c(O)c([N+](=O)[O-])c1,1,c1ccccc1,0.3832752613240419,1,0.8505334879441568
Cc1ccc(C(=O)c2cc(O)c(O)c([N+](=O)[O-])c2)cc1,1,O=C(c1ccccc1)c1ccccc1,CC(C(=O)O)c1cccc(C(=O)c2ccccc2)c1,1,O=C(c1ccccc1)c1ccccc1,0.25537782680639826,1,0.8910835161950766
Cc1ccc(C(=O)c2cc(O)c(O)c([N+](=O)[O-])c2)cc1,1,O=C(c1ccccc1)c1ccccc1,CCCCNC(=O)NS(=O)(=O)c1ccc(C)cc1,1,c1ccccc1,0.22168021680216804,1,0.9228873970463286
Cc1ccc(C(=O)c2cc(O)c(O)c([N+](=O)[O-])c2)cc1,1,O=C(c1ccccc1)c1ccccc1,O=C(N[C@H](CO)[C@H](O)c1ccc([N+](=O)[O-])cc1)C(Cl)Cl,1,c1ccccc1,0.2153605015673981,1,0.869310475013746
CC(CN1CCN(CCOCCO)CC1)CN1c2ccccc2Sc2ccccc21,0,c1ccc2c(c1)Sc1ccccc1N2CCCN1CCNCC1,OCCOCCN1CCN(C2=Nc3ccccc3Sc3ccccc32)CC1,1,c1ccc2c(c1)N=C(N1CCNCC1)c1ccccc1S2,0.5089073205914173,0,0.4369034779572269
CC(CN1CCN(CCOCCO)CC1)CN1c2ccccc2Sc2ccccc21,0,c1ccc2c(c1)Sc1ccccc1N2CCCN1CCNCC1,OCCN1CCN(CCCN2c3ccccc3Sc3ccc(Cl)cc32)CC1,1,c1ccc2c(c1)Sc1ccccc1N2CCCN1CCNCC1,0.47307843910130076,0,0.4091251607094038
CC(CN1CCN(CCOCCO)CC1)CN1c2ccccc2Sc2ccccc21,0,c1ccc2c(c1)Sc1ccccc1N2CCCN1CCNCC1,COc1ccc2c(c1)N(C[C@H](C)CN(C)C)c1ccccc1S2,1,c1ccc2c(c1)Nc1ccccc1S2,0.4378688524590164,0,0.37582042046649544
CC(CN1CCN(CCOCCO)CC1)CN1c2ccccc2Sc2ccccc21,0,c1ccc2c(c1)Sc1ccccc1N2CCCN1CCNCC1,CC(CN1c2ccccc2Sc2ccccc21)N(C)C,1,c1ccc2c(c1)Nc1ccccc1S2,0.43457172342621264,0,0.30759186190461807
OCCN1CCN(CCCN2c3ccccc3Sc3ccc(Cl)cc32)CC1,1,c1ccc2c(c1)Sc1ccccc1N2CCCN1CCNCC1,CN(C)CCCN1c2ccccc2Sc2ccc(Cl)cc21,1,c1ccc2c(c1)Nc1ccccc1S2,0.6342857142857143,1,0.6925342972405901
OCCN1CCN(CCCN2c3ccccc3Sc3ccc(Cl)cc32)CC1,1,c1ccc2c(c1)Sc1ccccc1N2CCCN1CCNCC1,CN(C)S(=O)(=O)c1ccc2c(c1)N(CCCN1CCC(CCO)CC1)c1ccccc1S2,1,c1ccc2c(c1)Sc1ccccc1N2CCCN1CCCCC1,0.5148494983277592,1,0.6351405816452258
OCCN1CCN(CCCN2c3ccccc3Sc3ccc(Cl)cc32)CC1,1,c1ccc2c(c1)Sc1ccccc1N2CCCN1CCNCC1,CN(C)CCCN1c2ccccc2CCc2ccc(Cl)cc21,1,c1ccc2c(c1)CCc1ccccc1N2,0.4156433978132885,1,0.7217212337678646
OCCN1CCN(CCCN2c3ccccc3Sc3ccc(Cl)cc32)CC1,1,c1ccc2c(c1)Sc1ccccc1N2CCCN1CCNCC1,OCCOCCN1CCN(C2=Nc3ccccc3Sc3ccccc32)CC1,1,c1ccc2c(c1)N=C(N1CCNCC1)c1ccccc1S2,0.36057692307692313,1,0.7775006763560233
OCCN1CCN(CCCN2c3ccccc3Sc3ccc(C(F)(F)F)cc32)CC1,0,c1ccc2c(c1)Sc1ccccc1N2CCCN1CCNCC1,OCCN1CCN(CCCN2c3ccccc3Sc3ccc(Cl)cc32)CC1,1,c1ccc2c(c1)Sc1ccccc1N2CCCN1CCNCC1,0.7047058823529413,1,0.5277628194447703
OCCN1CCN(CCCN2c3ccccc3Sc3ccc(C(F)(F)F)cc32)CC1,0,c1ccc2c(c1)Sc1ccccc1N2CCCN1CCNCC1,CN(C)S(=O)(=O)c1ccc2c(c1)N(CCCN1CCC(CCO)CC1)c1ccccc1S2,1,c1ccc2c(c1)Sc1ccccc1N2CCCN1CCCCC1,0.5304145936981758,0,0.3535675703648302
OCCN1CCN(CCCN2c3ccccc3Sc3ccc(C(F)(F)F)cc32)CC1,0,c1ccc2c(c1)Sc1ccccc1N2CCCN1CCNCC1,CN(C)CCCN1c2ccccc2Sc2ccc(Cl)cc21,1,c1ccc2c(c1)Nc1ccccc1S2,0.43018563357546413,0,0.4495827968325653
OCCN1CCN(CCCN2c3ccccc3Sc3ccc(C(F)(F)F)cc32)CC1,0,c1ccc2c(c1)Sc1ccccc1N2CCCN1CCNCC1,OCCOCCN1CCN(C2=Nc3ccccc3Sc3ccccc32)CC1,1,c1ccc2c(c1)N=C(N1CCNCC1)c1ccccc1S2,0.35539609644087256,1,0.5091038561468743
CN1CCN(CCCN2c3ccccc3Sc3ccc(Cl)cc32)CC1,0,c1ccc2c(c1)Sc1ccccc1N2CCCN1CCNCC1,OCCN1CCN(CCCN2c3ccccc3Sc3ccc(Cl)cc32)CC1,1,c1ccc2c(c1)Sc1ccccc1N2CCCN1CCNCC1,0.809192546583851,1,0.6202401035828445
CN1CCN(CCCN2c3ccccc3Sc3ccc(Cl)cc32)CC1,0,c1ccc2c(c1)Sc1ccccc1N2CCCN1CCNCC1,CN(C)CCCN1c2ccccc2Sc2ccc(Cl)cc21,1,c1ccc2c(c1)Nc1ccccc1S2,0.6916666666666668,0,0.34998974383293757
CN1CCN(CCCN2c3ccccc3Sc3ccc(Cl)cc32)CC1,0,c1ccc2c(c1)Sc1ccccc1N2CCCN1CCNCC1,CN(C)CCCN1c2ccccc2CCc2ccc(Cl)cc21,1,c1ccc2c(c1)CCc1ccccc1N2,0.47540669856459333,0,0.4084878969796758
CN1CCN(CCCN2c3ccccc3Sc3ccc(Cl)cc32)CC1,0,c1ccc2c(c1)Sc1ccccc1N2CCCN1CCNCC1,CN(C)S(=O)(=O)c1ccc2c(c1)N(CCCN1CCC(CCO)CC1)c1ccccc1S2,1,c1ccc2c(c1)Sc1ccccc1N2CCCN1CCCCC1,0.46937459703417156,0,0.28909800984252537
NC(=O)N1c2ccccc2CC(=O)c2ccccc21,1,O=C1Cc2ccccc2Nc2ccccc21,NC(=O)N1c2ccccc2C=Cc2ccccc21,1,C1=Cc2ccccc2Nc2ccccc21,0.4925675675675676,1,0.9683101126068369
NC(=O)N1c2ccccc2CC(=O)c2ccccc21,1,O=C1Cc2ccccc2Nc2ccccc21,CCC(C(=O)O)c1ccc(N2Cc3ccccc3C2=O)cc1,1,O=C1c2ccccc2CN1c1ccccc1,0.2845559845559846,1,0.9261621925449497
NC(=O)N1c2ccccc2CC(=O)c2ccccc21,1,O=C1Cc2ccccc2Nc2ccccc21,O=C1c2ccccc2C(=O)C1c1ccccc1,1,O=C1c2ccccc2C(=O)C1c1ccccc1,0.28,1,0.9948645952387677
NC(=O)N1c2ccccc2CC(=O)c2ccccc21,1,O=C1Cc2ccccc2Nc2ccccc21,O=C1NS(=O)(=O)c2ccccc21,1,O=C1NS(=O)(=O)c2ccccc21,0.24811547714514837,1,0.9923688698512282
CC(CCc1ccccc1)NCC(O)c1ccc(O)c(C(N)=O)c1,1,c1ccc(CCCNCCc2ccccc2)cc1,CNC[C@H](O)c1cccc(O)c1,1,c1ccccc1,0.3395804195804196,1,0.7077635551339488
CC(CCc1ccccc1)NCC(O)c1ccc(O)c(C(N)=O)c1,1,c1ccc(CCCNCCc2ccccc2)cc1,CC(C)NCC(O)c1ccc(NS(C)(=O)=O)cc1,1,c1ccccc1,0.337091052424123,1,0.6413251201327197
CC(CCc1ccccc1)NCC(O)c1ccc(O)c(C(N)=O)c1,1,c1ccc(CCCNCCc2ccccc2)cc1,C[C@H](NCCc1ccc(O)cc1)[C@H](O)c1ccc(O)cc1,1,c1ccc(CCNCCc2ccccc2)cc1,0.33448275862068966,1,0.8954857997504736
CC(CCc1ccccc1)NCC(O)c1ccc(O)c(C(N)=O)c1,1,c1ccc(CCCNCCc2ccccc2)cc1,CC(C)NCC(O)COc1ccc(CC(N)=O)cc1,1,c1ccccc1,0.28839743589743594,1,0.918492110697651
C[C@H]1O[C@H](O[C@H]2[C@H](O)[C@@H](O)[C@@H](O[C@@H]([C@H](O)[C@@H](O)C=O)[C@H](O)CO)O[C@@H]2CO)[C@H](O)[C@@H](O)[C@@H]1N[C@H]1C=C(CO)[C@@H](O)[C@H](O)[C@H]1O,0,C1=CC(NC2CCC(OC3CCCOC3)OC2)CCC1,CN(N=O)C(=O)N[C@@H]1[C@@H](O)[C@H](O)[C@@H](CO)O[C@@H]1O,1,C1CCOCC1,0.1942245989304813,0,0.004000899137275013
C[C@H]1O[C@H](O[C@H]2[C@H](O)[C@@H](O)[C@@H](O[C@@H]([C@H](O)[C@@H](O)C=O)[C@H](O)CO)O[C@@H]2CO)[C@H](O)[C@@H](O)[C@@H]1N[C@H]1C=C(CO)[C@@H](O)[C@H](O)[C@H]1O,0,C1=CC(NC2CCC(OC3CCCOC3)OC2)CCC1,N[C@H]1C(O)O[C@H](CO)[C@@H](O)[C@@H]1O,1,C1CCOCC1,0.17356725146198831,0,0.0012023251123419044
C[C@H]1O[C@H](O[C@H]2[C@H](O)[C@@H](O)[C@@H](O[C@@H]([C@H](O)[C@@H](O)C=O)[C@H](O)CO)O[C@@H]2CO)[C@H](O)[C@@H](O)[C@@H]1N[C@H]1C=C(CO)[C@@H](O)[C@H](O)[C@H]1O,0,C1=CC(NC2CCC(OC3CCCOC3)OC2)CCC1,CO[C@@H]1[C@@H](O[C@@H]2O[C@H](C)[C@@H](O[C@H]3C[C@@](C)(O)[C@@H](O)[C@H](C)O3)[C@H](N(C)C)[C@H]2O)[C@@H](CC=O)C[C@@H](C)[C@@H](O[C@H]2CC[C@H](N(C)C)[C@H](C)O2)/C=C/C=C/C[C@@H](C)OC(=O)C[C@H]1O,1,O=C1CCCC(OC2CCC(OC3CCCCO3)CO2)CCCC(OC2CCCCO2)C=CC=CCCO1,0.17335646809331018,0,0.0026533214982556222
C[C@H]1O[C@H](O[C@H]2[C@H](O)[C@@H](O)[C@@H](O[C@@H]([C@H](O)[C@@H](O)C=O)[C@H](O)CO)O[C@@H]2CO)[C@H](O)[C@@H](O)[C@@H]1N[C@H]1C=C(CO)[C@@H](O)[C@H](O)[C@H]1O,0,C1=CC(NC2CCC(OC3CCCOC3)OC2)CCC1,NC(=O)c1ncn([C@@H]2O[C@H](CO)[C@@H](O)[C@H]2O)n1,1,c1ncn(C2CCCO2)n1,0.17303030303030303,0,0.001071176491779842
CN(C)CCCN1c2ccccc2Sc2ccc(Cl)cc21,1,c1ccc2c(c1)Nc1ccccc1S2,CN(C)CCCN1c2ccccc2CCc2ccc(Cl)cc21,1,c1ccc2c(c1)CCc1ccccc1N2,0.6364741641337387,1,0.9200683389999283
CN(C)CCCN1c2ccccc2Sc2ccc(Cl)cc21,1,c1ccc2c(c1)Nc1ccccc1S2,OCCN1CCN(CCCN2c3ccccc3Sc3ccc(Cl)cc32)CC1,1,c1ccc2c(c1)Sc1ccccc1N2CCCN1CCNCC1,0.6342857142857143,1,0.9057862915017997
CN(C)CCCN1c2ccccc2Sc2ccc(Cl)cc21,1,c1ccc2c(c1)Nc1ccccc1S2,CN(C)CCCN1c2ccccc2CCc2ccccc21,1,c1ccc2c(c1)CCc1ccccc1N2,0.49968253968253973,1,0.949355161104169
CN(C)CCCN1c2ccccc2Sc2ccc(Cl)cc21,1,c1ccc2c(c1)Nc1ccccc1S2,CN(C)CC/C=C1/c2ccccc2Sc2ccc(Cl)cc21,1,C=C1c2ccccc2Sc2ccccc21,0.47692307692307695,1,0.9116472444237387
CCC(=O)c1ccc2c(c1)N(CC(C)N(C)C)c1ccccc1S2,1,c1ccc2c(c1)Nc1ccccc1S2,CC(CN1c2ccccc2Sc2ccccc21)N(C)C,1,c1ccc2c(c1)Nc1ccccc1S2,0.6739393939393938,1,0.8643945098288256
CCC(=O)c1ccc2c(c1)N(CC(C)N(C)C)c1ccccc1S2,1,c1ccc2c(c1)Nc1ccccc1S2,COc1ccc2c(c1)N(C[C@H](C)CN(C)C)c1ccccc1S2,1,c1ccc2c(c1)Nc1ccccc1S2,0.45390657296403475,1,0.8579408271388733
CCC(=O)c1ccc2c(c1)N(CC(C)N(C)C)c1ccccc1S2,1,c1ccc2c(c1)Nc1ccccc1S2,CN(C)CCCN1c2ccccc2Sc2ccc(Cl)cc21,1,c1ccc2c(c1)Nc1ccccc1S2,0.39966928482844155,1,0.8678653502041195
CCC(=O)c1ccc2c(c1)N(CC(C)N(C)C)c1ccccc1S2,1,c1ccc2c(c1)Nc1ccccc1S2,CN(C)S(=O)(=O)c1ccc2c(c1)N(CCCN1CCC(CCO)CC1)c1ccccc1S2,1,c1ccc2c(c1)Sc1ccccc1N2CCCN1CCCCC1,0.35602836879432626,1,0.779162934314222
COc1ccc2c(c1)N(C[C@H](C)CN(C)C)c1ccccc1S2,1,c1ccc2c(c1)Nc1ccccc1S2,CC(CN1c2ccccc2Sc2ccccc21)N(C)C,1,c1ccc2c(c1)Nc1ccccc1S2,0.5176015473887814,1,0.7854112163354328
COc1ccc2c(c1)N(C[C@H](C)CN(C)C)c1ccccc1S2,1,c1ccc2c(c1)Nc1ccccc1S2,CC(CN(C)C)CN1c2ccccc2CCc2ccccc21,1,c1ccc2c(c1)CCc1ccccc1N2,0.5061224489795919,1,0.8449391926851689
COc1ccc2c(c1)N(C[C@H](C)CN(C)C)c1ccccc1S2,1,c1ccc2c(c1)Nc1ccccc1S2,CCC(=O)c1ccc2c(c1)N(CC(C)N(C)C)c1ccccc1S2,1,c1ccc2c(c1)Nc1ccccc1S2,0.45390657296403475,1,0.8404764235829706
COc1ccc2c(c1)N(C[C@H](C)CN(C)C)c1ccccc1S2,1,c1ccc2c(c1)Nc1ccccc1S2,CN(C)CCCN1c2ccccc2Sc2ccc(Cl)cc21,1,c1ccc2c(c1)Nc1ccccc1S2,0.4402930402930403,1,0.785285481794885
CC(CN1c2ccccc2Sc2ccccc21)N(C)C,1,c1ccc2c(c1)Nc1ccccc1S2,CCC(=O)c1ccc2c(c1)N(CC(C)N(C)C)c1ccccc1S2,1,c1ccc2c(c1)Nc1ccccc1S2,0.6739393939393938,1,0.9310586242547527
CC(CN1c2ccccc2Sc2ccccc21)N(C)C,1,c1ccc2c(c1)Nc1ccccc1S2,COc1ccc2c(c1)N(C[C@H](C)CN(C)C)c1ccccc1S2,1,c1ccc2c(c1)Nc1ccccc1S2,0.5176015473887814,1,0.9342455619245925
CC(CN1c2ccccc2Sc2ccccc21)N(C)C,1,c1ccc2c(c1)Nc1ccccc1S2,CN(C)CCCN1c2ccccc2Sc2ccc(Cl)cc21,1,c1ccc2c(c1)Nc1ccccc1S2,0.44042553191489364,1,0.9412334668634013
CC(CN1c2ccccc2Sc2ccccc21)N(C)C,1,c1ccc2c(c1)Nc1ccccc1S2,CC(CN(C)C)CN1c2ccccc2CCc2ccccc21,1,c1ccc2c(c1)CCc1ccccc1N2,0.39863201094391243,1,0.9469987942917366
CCCCc1nc(Cl)c(CO)n1Cc1ccc(-c2ccccc2-c2nn[nH]n2)cc1,1,c1ccc(-c2nn[nH]n2)c(-c2ccc(Cn3ccnc3)cc2)c1,CCCCC1=NC2(CCCC2)C(=O)N1Cc1ccc(-c2ccccc2-c2nn[nH]n2)cc1,1,O=C1N(Cc2ccc(-c3ccccc3-c3nn[nH]n3)cc2)C=NC12CCCC2,0.49548611111111107,1,0.9897526256923012
CCCCc1nc(Cl)c(CO)n1Cc1ccc(-c2ccccc2-c2nn[nH]n2)cc1,1,c1ccc(-c2nn[nH]n2)c(-c2ccc(Cn3ccnc3)cc2)c1,CCCc1nc2c(C)cc(-c3nc4ccccc4n3C)cc2n1Cc1ccc(-c2ccccc2C(=O)O)cc1,1,c1ccc(-c2ccc(Cn3cnc4ccc(-c5nc6ccccc6[nH]5)cc43)cc2)cc1,0.3061705989110708,1,0.966520707401409
CCCCc1nc(Cl)c(CO)n1Cc1ccc(-c2ccccc2-c2nn[nH]n2)cc1,1,c1ccc(-c2nn[nH]n2)c(-c2ccc(Cn3ccnc3)cc2)c1,CCCCC1C(=O)N(c2ccccc2)N(c2ccccc2)C1=O,1,O=C1CC(=O)N(c2ccccc2)N1c1ccccc1,0.19767265368074882,1,0.9927011725217505
CCCCc1nc(Cl)c(CO)n1Cc1ccc(-c2ccccc2-c2nn[nH]n2)cc1,1,c1ccc(-c2nn[nH]n2)c(-c2ccc(Cn3ccnc3)cc2)c1,CCc1nc(N)nc(N)c1-c1ccc(Cl)cc1,1,c1ccc(-c2cncnc2)cc1,0.19050691244239631,1,0.9274239221782372
O=C1OC2(c3ccc(O)cc3Oc3cc(O)ccc32)c2ccccc21,1,O=C1OC2(c3ccccc3Oc3ccccc32)c2ccccc21,O=C1c2ccccc2C(=O)C1c1ccccc1,1,O=C1c2ccccc2C(=O)C1c1ccccc1,0.21744186046511632,1,0.9098689422285527
O=C1OC2(c3ccc(O)cc3Oc3cc(O)ccc32)c2ccccc21,1,O=C1OC2(c3ccccc3Oc3ccccc32)c2ccccc21,Clc1ccc2c(c1)C(N1CCNCC1)=Nc1ccccc1O2,1,c1ccc2c(c1)N=C(N1CCNCC1)c1ccccc1O2,0.21389878831076267,1,0.95355868377256
O=C1OC2(c3ccc(O)cc3Oc3cc(O)ccc32)c2ccccc21,1,O=C1OC2(c3ccccc3Oc3ccccc32)c2ccccc21,CCC(=O)C1(c2cccc(O)c2)CCN(C)CC1,1,c1ccc(C2CCNCC2)cc1,0.2136288998357964,1,0.7293033959766273
O=C1OC2(c3ccc(O)cc3Oc3cc(O)ccc32)c2ccccc21,1,O=C1OC2(c3ccccc3Oc3ccccc32)c2ccccc21,O=C1NS(=O)(=O)c2ccccc21,1,O=C1NS(=O)(=O)c2ccccc21,0.2022360248447205,1,0.8712842410280002
Nc1c(Br)cc(Br)cc1CN[C@H]1CC[C@H](O)CC1,1,c1ccc(CNC2CCCCC2)cc1,Nc1c(CC(=O)O)cccc1C(=O)c1ccc(Br)cc1,1,O=C(c1ccccc1)c1ccccc1,0.21726190476190477,1,0.9978944715615808
Nc1c(Br)cc(Br)cc1CN[C@H]1CC[C@H](O)CC1,1,c1ccc(CNC2CCCCC2)cc1,CCN(CC)CCNC(=O)c1cc(Br)c(N)cc1OC,1,c1ccccc1,0.18278301886792453,1,0.9353787140426342
Nc1c(Br)cc(Br)cc1CN[C@H]1CC[C@H](O)CC1,1,c1ccc(CNC2CCCCC2)cc1,OC(CNCC(O)C1CCc2cc(F)ccc2O1)C1CCc2cc(F)ccc2O1,1,c1ccc2c(c1)CCC(CCNCCC1CCc3ccccc3O1)O2,0.18134642356241237,1,0.9721325430467319
Nc1c(Br)cc(Br)cc1CN[C@H]1CC[C@H](O)CC1,1,c1ccc(CNC2CCCCC2)cc1,CCCN[C@H]1CCc2nc(N)sc2C1,1,c1nc2c(s1)CCCC2,0.17309322033898306,1,0.9817347407077789
CC1(C)S[C@@H]2[C@H](NC(=O)[C@H](NC(=O)N3CCNC3=O)c3ccccc3)C(=O)N2[C@H]1C(=O)O,0,O=C(NC1C(=O)N2CCSC12)C(NC(=O)N1CCNC1=O)c1ccccc1,CC1(C)S[C@@H]2[C@H](NC(=O)[C@H](N)c3ccccc3)C(=O)N2[C@H]1C(=O)O,1,O=C(Cc1ccccc1)NC1C(=O)N2CCSC12,0.6232380952380953,0,0.006121087110817028
CC1(C)S[C@@H]2[C@H](NC(=O)[C@H](NC(=O)N3CCNC3=O)c3ccccc3)C(=O)N2[C@H]1C(=O)O,0,O=C(NC1C(=O)N2CCSC12)C(NC(=O)N1CCNC1=O)c1ccccc1,CC1(C)S[C@@H]2[C@H](NC(=O)[C@H](N=[N+]=[N-])c3ccccc3)C(=O)N2[C@H]1C(=O)O,1,O=C(Cc1ccccc1)NC1C(=O)N2CCSC12,0.5706924315619968,0,0.008883259788300804
CC1(C)S[C@@H]2[C@H](NC(=O)[C@H](NC(=O)N3CCNC3=O)c3ccccc3)C(=O)N2[C@H]1C(=O)O,0,O=C(NC1C(=O)N2CCSC12)C(NC(=O)N1CCNC1=O)c1ccccc1,CC1(C)S[C@@H]2[C@H](NC(=O)[C@H](N)c3ccc(O)cc3)C(=O)N2[C@H]1C(=O)O,1,O=C(Cc1ccccc1)NC1C(=O)N2CCSC12,0.5362566844919787,0,0.017057701372341978
CC1(C)S[C@@H]2[C@H](NC(=O)[C@H](NC(=O)N3CCNC3=O)c3ccccc3)C(=O)N2[C@H]1C(=O)O,0,O=C(NC1C(=O)N2CCSC12)C(NC(=O)N1CCNC1=O)c1ccccc1,Cc1onc(-c2ccccc2)c1C(=O)N[C@@H]1C(=O)N2[C@@H]1SC(C)(C)[C@@H]2C(=O)O,1,O=C(NC1C(=O)N2CCSC12)c1conc1-c1ccccc1,0.45456140350877194,0,0.010454580502854895
COc1cc2nc(N3CCN(C(=O)C4COc5ccccc5O4)CC3)nc(N)c2cc1OC,1,O=C(C1COc2ccccc2O1)N1CCN(c2ncc3ccccc3n2)CC1,COc1cc2nc(N3CCN(C(=O)C4CCCO4)CC3)nc(N)c2cc1OC,1,O=C(C1CCCO1)N1CCN(c2ncc3ccccc3n2)CC1,0.6753787878787879,1,0.9881425817730344
COc1cc2nc(N3CCN(C(=O)C4COc5ccccc5O4)CC3)nc(N)c2cc1OC,1,O=C(C1COc2ccccc2O1)N1CCN(c2ncc3ccccc3n2)CC1,COc1cc2nc(N3CCN(C(=O)c4ccco4)CC3)nc(N)c2cc1OC,1,O=C(c1ccco1)N1CCN(c2ncc3ccccc3n2)CC1,0.603921568627451,1,0.9892009366386525
COc1cc2nc(N3CCN(C(=O)C4COc5ccccc5O4)CC3)nc(N)c2cc1OC,1,O=C(C1COc2ccccc2O1)N1CCN(c2ncc3ccccc3n2)CC1,COc1cc2c(N)nc(N3CCN(C(=O)OCC(C)(C)O)CC3)nc2c(OC)c1OC,1,c1ccc2nc(N3CCNCC3)ncc2c1,0.4246383363471971,1,0.9706537923773505
COc1cc2nc(N3CCN(C(=O)C4COc5ccccc5O4)CC3)nc(N)c2cc1OC,1,O=C(C1COc2ccccc2O1)N1CCN(c2ncc3ccccc3n2)CC1,COc1cc2nc(N(C)CCCNC(=O)C3CCCO3)nc(N)c2cc1OC,1,O=C(NCCCNc1ncc2ccccc2n1)C1CCCO1,0.37853937168502655,1,0.9873533497562743
C[C@@H]1O[C@@H]1P(=O)(O)O,1,C1CO1,CN(N=O)C(=O)N[C@@H]1[C@@H](O)[C@H](O)[C@@H](CO)O[C@@H]1O,1,C1CCOCC1,0.1490909090909091,1,0.9586981811797503
C[C@@H]1O[C@@H]1P(=O)(O)O,1,C1CO1,C[C@H](Cn1cnc2c(N)ncnc21)OCP(=O)(O)O,1,c1ncc2nc[nH]c2n1,0.1396761133603239,1,0.8877696469804512
C[C@@H]1O[C@@H]1P(=O)(O)O,1,C1CO1,OC[C@@H]1O[C@@](O)(CO)[C@H](O)[C@H]1O,1,C1CCOC1,0.12745098039215685,1,0.8890857002392502
C[C@@H]1O[C@@H]1P(=O)(O)O,1,C1CO1,CS(=O)(=O)OC[C@H](O)[C@@H](O)COS(C)(=O)=O,1,,0.1274193548387097,1,0.9598430863818045
OCC(S)CS,0,,CCO,1,,0.25,0,0.35192880957913764
OCC(S)CS,0,,CC[C@@H](CO)NCCN[C@@H](CC)CO,1,,0.20444444444444448,0,0.17819799049474527
OCC(S)CS,0,,N[C@@H](CCS)C(=O)O,1,,0.19194139194139195,0,0.049891890616609806
OCC(S)CS,0,,CC(S)C(=O)NCC(=O)O,1,,0.17271364317841081,0,0.09306769593338514
CC[C@@H](CO)NCCN[C@@H](CC)CO,1,,CCO,1,,0.2888888888888889,1,0.9763418764134215
CC[C@@H](CO)NCCN[C@@H](CC)CO,1,,C[C@H](NCCc1ccc(O)cc1)[C@H](O)c1ccc(O)cc1,1,c1ccc(CCNCCc2ccccc2)cc1,0.19806451612903225,1,0.981070245395922
CC[C@@H](CO)NCCN[C@@H](CC)CO,1,,CC(C)NC[C@H](O)COc1ccc(O)cc1,1,c1ccccc1,0.17161862527716185,1,0.9574969648952392
CC[C@@H](CO)NCCN[C@@H](CC)CO,1,,CC(C)NCC(O)c1ccc(NS(C)(=O)=O)cc1,1,c1ccccc1,0.16456908344733243,1,0.8988762332867842
CN(C)C(=N)NC(=N)N,1,,N=C(N)NC(=O)Cc1c(Cl)cccc1Cl,1,c1ccccc1,0.2231660231660232,1,0.8811877122812012
CN(C)C(=N)NC(=N)N,1,,N=C(N)NC(=O)c1nc(Cl)c(N)nc1N,1,c1cnccn1,0.22023562023562024,1,0.9964872823443397
CN(C)C(=N)NC(=N)N,1,,NC(=O)NO,1,,0.16640316205533598,1,0.8646556147855436
CN(C)C(=N)NC(=N)N,1,,Cc1ccc(-c2nc3ccc(C)cn3c2CC(=O)N(C)C)cc1,1,c1ccc(-c2cn3ccccc3n2)cc1,0.10451063829787234,1,0.892686722135613
N[C@@H](CCS)C(=O)O,1,,CC(C)(S)[C@@H](N)C(=O)O,1,,0.3848484848484849,1,0.7648410664435324
N[C@@H](CCS)C(=O)O,1,,N[C@@H](Cc1ccc(O)c(O)c1)C(=O)O,1,c1ccccc1,0.33624288425047444,1,0.883069353835138
N[C@@H](CCS)C(=O)O,1,,C=CC(N)CCC(=O)O,1,,0.31407407407407406,1,0.850851425562582
N[C@@H](CCS)C(=O)O,1,,N[C@@H](Cc1ccc(N(CCCl)CCCl)cc1)C(=O)O,1,c1ccccc1,0.28510048510048513,1,0.9757930926135214
CS(=O)(=O)OCCCCOS(C)(=O)=O,1,,CS(=O)(=O)OC[C@H](O)[C@@H](O)COS(C)(=O)=O,1,,0.4603260869565217,1,0.9648329455132243
CS(=O)(=O)OCCCCOS(C)(=O)=O,1,,CC1(C)O[C@@H]2[C@@H](CO[C@@]3(COS(N)(=O)=O)OC(C)(C)O[C@@H]23)O1,1,C1OC2COC3OCOC3C2O1,0.17754952311078503,1,0.9558097992483224
CS(=O)(=O)OCCCCOS(C)(=O)=O,1,,CN(CCOc1ccc(NS(C)(=O)=O)cc1)CCc1ccc(NS(C)(=O)=O)cc1,1,c1ccc(CCNCCOc2ccccc2)cc1,0.1710955710955711,1,0.9478657726210258
CS(=O)(=O)OCCCCOS(C)(=O)=O,1,,Cc1ccc(C)c(OCCCC(C)(C)C(=O)O)c1,1,c1ccccc1,0.14692202462380302,1,0.845875056850556
CC(C)(S)[C@@H](N)C(=O)O,1,,N[C@@H](CCS)C(=O)O,1,,0.3848484848484849,1,0.86338313363123
CC(C)(S)[C@@H](N)C(=O)O,1,,C=CC(N)CCC(=O)O,1,,0.2731182795698925,1,0.9053773141822463
CC(C)(S)[C@@H](N)C(=O)O,1,,N[C@@H](Cc1ccc(O)c(O)c1)C(=O)O,1,c1ccccc1,0.252972972972973,1,0.9005978845315358
CC(C)(S)[C@@H](N)C(=O)O,1,,CC(S)C(=O)NCC(=O)O,1,,0.2490740740740741,1,0.6571754172128401
CCO,1,,CC[C@@H](CO)NCCN[C@@H](CC)CO,1,,0.2888888888888889,1,0.9178745735823143
CCO,1,,CS(=O)(=O)OC[C@H](O)[C@@H](O)COS(C)(=O)=O,1,,0.17142857142857143,1,0.9858883972562877
CCO,1,,OC[C@@H]1O[C@@](O)(CO)[C@H](O)[C@H]1O,1,C1CCOC1,0.14305882352941177,1,0.9776265375911457
CCO,1,,N[C@H]1C(O)O[C@H](CO)[C@@H](O)[C@@H]1O,1,C1CCOCC1,0.14,1,0.9844351427813849
OC[C@@H](O)[C@@H](O)[C@H](O)[C@H](O)CO,0,,CCO,1,,0.26031746031746034,0,0.031208968981281948
OC[C@@H](O)[C@@H](O)[C@H](O)[C@H](O)CO,0,,CC[C@@H](CO)NCCN[C@@H](CC)CO,1,,0.2160183066361556,0,0.057734546690755936
OC[C@@H](O)[C@@H](O)[C@H](O)[C@H](O)CO,0,,CS(=O)(=O)OC[C@H](O)[C@@H](O)COS(C)(=O)=O,1,,0.21372549019607845,0,0.23088775122524066
OC[C@@H](O)[C@@H](O)[C@H](O)[C@H](O)CO,0,,O=C(N[C@H](CO)[C@H](O)c1ccc([N+](=O)[O-])cc1)C(Cl)Cl,1,c1ccccc1,0.13929539295392954,0,0.11911862295583578
NCCCC(N)(C(=O)O)C(F)F,1,,N[C@@H](CCS)C(=O)O,1,,0.22896551724137937,1,0.9371778578375098
NCCCC(N)(C(=O)O)C(F)F,1,,C[C@](N)(Cc1ccc(O)c(O)c1)C(=O)O,1,c1ccccc1,0.22474747474747478,1,0.9445009146722305
NCCCC(N)(C(=O)O)C(F)F,1,,CC(C)(S)[C@@H](N)C(=O)O,1,,0.22206896551724142,1,0.9182351273469237
NCCCC(N)(C(=O)O)C(F)F,1,,NCC1(CC(=O)O)CCCCC1,1,C1CCCCC1,0.21945181255526086,1,0.9617419494534631
CC(S)C(=O)NCC(=O)O,1,,CC(C)(S)[C@@H](N)C(=O)O,1,,0.2490740740740741,1,0.608566139346213
CC(S)C(=O)NCC(=O)O,1,,N[C@@H](CCS)C(=O)O,1,,0.2370689655172414,1,0.6257297054518007
CC(S)C(=O)NCC(=O)O,1,,CC(C)Cc1ccc(C(C)C(=O)O)cc1,1,c1ccccc1,0.21690590111642744,1,0.6255787220716851
CC(S)C(=O)NCC(=O)O,1,,C=CC(N)CCC(=O)O,1,,0.20375000000000004,1,0.7672843208738489
NC(=O)NO,1,,NNC(=O)c1ccncc1,1,c1ccncc1,0.21471571906354517,1,0.9893537795419364
NC(=O)NO,1,,NC(=O)N1c2ccccc2C=Cc2ccccc21,1,C1=Cc2ccccc2Nc2ccccc21,0.1863354037267081,1,0.9868598663374657
NC(=O)NO,1,,N=C(N)NC(=O)Cc1c(Cl)cccc1Cl,1,c1ccccc1,0.1787878787878788,1,0.9569671959625472
NC(=O)NO,1,,NC(=O)OCC(COC(N)=O)c1ccccc1,1,c1ccccc1,0.17681159420289855,1,0.9675458004778505
C=CC(N)CCC(=O)O,1,,N[C@@H](CCS)C(=O)O,1,,0.31407407407407406,1,0.9224316358482768
C=CC(N)CCC(=O)O,1,,CC(C)(S)[C@@H](N)C(=O)O,1,,0.2731182795698925,1,0.9243705780966113
C=CC(N)CCC(=O)O,1,,O=C(O)CCC(=O)c1ccc(-c2ccccc2)cc1,1,c1ccc(-c2ccccc2)cc1,0.25039232781168264,1,0.9671755229433299
C=CC(N)CCC(=O)O,1,,NCC1(CC(=O)O)CCCCC1,1,C1CCCCC1,0.24786324786324787,1,0.9698035202668114
CC(=O)N[C@@H](CS)C(=O)O,0,,CC(S)C(=O)NCC(=O)O,1,,0.31447811447811447,1,0.5970123142259236
CC(=O)N[C@@H](CS)C(=O)O,0,,N[C@@H](CCS)C(=O)O,1,,0.31142857142857144,1,0.6158929598471495
CC(=O)N[C@@H](CS)C(=O)O,0,,CC(C)(S)[C@@H](N)C(=O)O,1,,0.28052568697729985,1,0.5970983512128877
CC(=O)N[C@@H](CS)C(=O)O,0,,CC(C)Cc1ccc(C(C)C(=O)O)cc1,1,c1ccccc1,0.21690590111642744,1,0.6218986367022374
CCCCCN(C)CCC(O)(P(=O)(O)O)P(=O)(O)O,0,,COc1ccc(CCN(C)CCCC(C#N)(c2ccc(OC)c(OC)c2)C(C)C)cc1OC,1,c1ccc(CCCCNCCc2ccccc2)cc1,0.18967391304347828,0,0.15169745026014322
CCCCCN(C)CCC(O)(P(=O)(O)O)P(=O)(O)O,0,,C[C@@H]1O[C@@H]1P(=O)(O)O,1,C1CO1,0.1763157894736842,0,0.2832719510322297
CCCCCN(C)CCC(O)(P(=O)(O)O)P(=O)(O)O,0,,CCCCC(C)(O)C/C=C/[C@H]1[C@H](O)CC(=O)[C@@H]1CCCCCCC(=O)OC,1,O=C1CCCC1,0.1748663101604278,0,0.10812411402981295
CCCCCN(C)CCC(O)(P(=O)(O)O)P(=O)(O)O,0,,CCC(=O)C(CC(C)N(C)C)(c1ccccc1)c1ccccc1,1,c1ccc(Cc2ccccc2)cc1,0.1651821862348178,0,0.2386441276112145
CC(=O)NCCCS(=O)(=O)O,0,,CCCCNC(=O)NS(=O)(=O)c1ccc(C)cc1,1,c1ccccc1,0.2746843853820598,0,0.14064914239369256
CC(=O)NCCCS(=O)(=O)O,0,,CC(S)C(=O)NCC(=O)O,1,,0.2222222222222222,0,0.14637299886399777
CC(=O)NCCCS(=O)(=O)O,0,,CC(=O)Nc1ccc(O)cc1,1,c1ccccc1,0.1963636363636364,0,0.17222745705009423
CC(=O)NCCCS(=O)(=O)O,0,,CCOc1ccc(NC(C)=O)cc1,1,c1ccccc1,0.19529411764705887,0,0.05988331312252648
O=C(O)P(=O)(O)O,0,,C[C@@H]1O[C@@H]1P(=O)(O)O,1,C1CO1,0.24603174603174602,0,0.2009666717584464
O=C(O)P(=O)(O)O,0,,NC(=O)NO,1,,0.20367647058823532,0,0.2781726612920474
O=C(O)P(=O)(O)O,0,,CC(C)(S)[C@@H](N)C(=O)O,1,,0.2,0,0.23442603736227172
O=C(O)P(=O)(O)O,0,,N[C@@H](CCS)C(=O)O,1,,0.19696969696969696,0,0.1833939189258546
CS(=O)(=O)OC[C@H](O)[C@@H](O)COS(C)(=O)=O,1,,CS(=O)(=O)OCCCCOS(C)(=O)=O,1,,0.4603260869565217,1,0.7804195977180981
CS(=O)(=O)OC[C@H](O)[C@@H](O)COS(C)(=O)=O,1,,CC(C)NCC(O)c1ccc(NS(C)(=O)=O)cc1,1,c1ccccc1,0.20989547038327527,1,0.9251874008545178
CS(=O)(=O)OC[C@H](O)[C@@H](O)COS(C)(=O)=O,1,,CC(C)NC[C@H](O)COc1ccc(O)cc1,1,c1ccccc1,0.18658536585365854,1,0.9214817979110174
CS(=O)(=O)OC[C@H](O)[C@@H](O)COS(C)(=O)=O,1,,CC(=O)Nc1ccc(OCC(O)CNC(C)C)cc1,1,c1ccccc1,0.18357487922705315,1,0.8555076141134831
CC(C)c1c(C(=O)Nc2ccccc2)c(-c2ccccc2)c(-c2ccc(F)cc2)n1CC[C@@H](O)C[C@@H](O)CC(=O)O,0,O=C(Nc1ccccc1)c1c[nH]c(-c2ccccc2)c1-c1ccccc1,CC(C)n1c(/C=C/[C@H](O)C[C@H](O)CC(=O)O)c(-c2ccc(F)cc2)c2ccccc21,1,c1ccc(-c2c[nH]c3ccccc23)cc1,0.41163016088389226,0,0.3218788005527568
CC(C)c1c(C(=O)Nc2ccccc2)c(-c2ccccc2)c(-c2ccc(F)cc2)n1CC[C@@H](O)C[C@@H](O)CC(=O)O,0,O=C(Nc1ccccc1)c1c[nH]c(-c2ccccc2)c1-c1ccccc1,COCc1c(C(C)C)nc(C(C)C)c(/C=C/[C@@H](O)C[C@@H](O)CC(=O)O)c1-c1ccc(F)cc1,1,c1ccc(-c2ccncc2)cc1,0.3720553857219925,0,0.23765249665146373
CC(C)c1c(C(=O)Nc2ccccc2)c(-c2ccccc2)c(-c2ccc(F)cc2)n1CC[C@@H](O)C[C@@H](O)CC(=O)O,0,O=C(Nc1ccccc1)c1c[nH]c(-c2ccccc2)c1-c1ccccc1,CC(C(=O)O)c1ccc(-c2ccccc2)c(F)c1,1,c1ccc(-c2ccccc2)cc1,0.25595607543566484,0,0.20090398736814802
CC(C)c1c(C(=O)Nc2ccccc2)c(-c2ccccc2)c(-c2ccc(F)cc2)n1CC[C@@H](O)C[C@@H](O)CC(=O)O,0,O=C(Nc1ccccc1)c1c[nH]c(-c2ccccc2)c1-c1ccccc1,O=C(O)CCC(=O)c1ccc(-c2ccccc2)cc1,1,c1ccc(-c2ccccc2)cc1,0.229233144621719,0,0.30209528707975253
Cc1c(C)c2c(c(C)c1O)CCC(C)(COc1ccc(CC3SC(=O)NC3=O)cc1)O2,1,O=C1NC(=O)C(Cc2ccc(OCC3CCc4ccccc4O3)cc2)S1,CN(CCOc1ccc(CC2SC(=O)NC2=O)cc1)c1ccccn1,1,O=C1NC(=O)C(Cc2ccc(OCCNc3ccccn3)cc2)S1,0.41397949673811746,1,0.8704335373685355
Cc1c(C)c2c(c(C)c1O)CCC(C)(COc1ccc(CC3SC(=O)NC3=O)cc1)O2,1,O=C1NC(=O)C(Cc2ccc(OCC3CCc4ccccc4O3)cc2)S1,CC(C)NCC(O)COc1ccc(CC(N)=O)cc1,1,c1ccccc1,0.2049300466355763,1,0.9233695640074718
Cc1c(C)c2c(c(C)c1O)CCC(C)(COc1ccc(CC3SC(=O)NC3=O)cc1)O2,1,O=C1NC(=O)C(Cc2ccc(OCC3CCc4ccccc4O3)cc2)S1,CC(C)NCC(O)COc1ccc(CCOCC2CC2)cc1,1,c1ccc(CCOCC2CC2)cc1,0.20187353629976584,1,0.957544195704359
Cc1c(C)c2c(c(C)c1O)CCC(C)(COc1ccc(CC3SC(=O)NC3=O)cc1)O2,1,O=C1NC(=O)C(Cc2ccc(OCC3CCc4ccccc4O3)cc2)S1,CN(CCOc1ccc(NS(C)(=O)=O)cc1)CCc1ccc(NS(C)(=O)=O)cc1,1,c1ccc(CCNCCOc2ccccc2)cc1,0.1960094400343274,1,0.9284767267489421
O=c1ccc2ccccc2o1,0,O=c1ccc2ccccc2o1,CC(=O)CC(c1ccccc1)c1c(O)c2ccccc2oc1=O,1,O=c1oc2ccccc2cc1Cc1ccccc1,0.26908212560386474,0,0.057239432607614195
O=c1ccc2ccccc2o1,0,O=c1ccc2ccccc2o1,NS(=O)(=O)Cc1noc2ccccc12,1,c1ccc2oncc2c1,0.23461538461538461,0,0.22419219063581225
O=c1ccc2ccccc2o1,0,O=c1ccc2ccccc2o1,O=C1c2ccccc2C(=O)C1c1ccccc1,1,O=C1c2ccccc2C(=O)C1c1ccccc1,0.20462962962962966,0,0.2851549088225044
O=c1ccc2ccccc2o1,0,O=c1ccc2ccccc2o1,O=C(O)CCc1nc(-c2ccccc2)c(-c2ccccc2)o1,1,c1ccc(-c2ncoc2-c2ccccc2)cc1,0.19821109123434708,0,0.11016406867989913
CC[C@H]1OC(=O)[C@H](C)[C@@H](O[C@H]2C[C@@](C)(OC)[C@@H](O)[C@H](C)O2)[C@H](C)[C@@H](O[C@@H]2O[C@H](C)C[C@H](N(C)C)[C@H]2O)[C@](C)(O)C[C@@H](C)CN(C)[C@H](C)[C@@H](O)[C@]1(C)O,1,O=C1CC(OC2CCCCO2)CC(OC2CCCCO2)CCCCNCCCCO1,CC[C@H]1OC(=O)[C@H](C)[C@@H](O[C@H]2C[C@@](C)(OC)[C@@H](O)[C@H](C)O2)[C@H](C)[C@@H](O[C@@H]2O[C@H](C)C[C@H](N(C)C)[C@H]2O)[C@](C)(O)C[C@@H](C)C(=O)[C@H](C)[C@@H](O)[C@]1(C)O,1,O=C1CCCCOC(=O)CC(OC2CCCCO2)CC(OC2CCCCO2)CCC1,0.7852873563218392,1,0.9766703816653228
CC[C@H]1OC(=O)[C@H](C)[C@@H](O[C@H]2C[C@@](C)(OC)[C@@H](O)[C@H](C)O2)[C@H](C)[C@@H](O[C@@H]2O[C@H](C)C[C@H](N(C)C)[C@H]2O)[C@](C)(O)C[C@@H](C)CN(C)[C@H](C)[C@@H](O)[C@]1(C)O,1,O=C1CC(OC2CCCCO2)CC(OC2CCCCO2)CCCCNCCCCO1,CC[C@H]1OC(=O)[C@H](C)[C@@H](O[C@H]2C[C@@](C)(OC)[C@@H](O)[C@H](C)O2)[C@H](C)[C@@H](O[C@@H]2O[C@H](C)C[C@H](N(C)C)[C@H]2O)[C@](C)(OC)C[C@@H](C)C(=O)[C@H](C)[C@@H](O)[C@]1(C)O,1,O=C1CCCCOC(=O)CC(OC2CCCCO2)CC(OC2CCCCO2)CCC1,0.7322884012539186,1,0.9667189950904442
CC[C@H]1OC(=O)[C@H](C)[C@@H](O[C@H]2C[C@@](C)(OC)[C@@H](O)[C@H](C)O2)[C@H](C)[C@@H](O[C@@H]2O[C@H](C)C[C@H](N(C)C)[C@H]2O)[C@](C)(O)C[C@@H](C)CN(C)[C@H](C)[C@@H](O)[C@]1(C)O,1,O=C1CC(OC2CCCCO2)CC(OC2CCCCO2)CCCCNCCCCO1,CC[C@H]1OC(=O)[C@H](C)C(=O)[C@H](C)[C@@H](O[C@@H]2O[C@H](C)C[C@H](N(C)C)[C@H]2O)[C@](C)(OC)C[C@@H](C)C(=O)[C@H](C)[C@H]2N(CCCCn3cnc(-c4cccnc4)c3)C(=O)O[C@]12C,1,O=C1CC(=O)OCC2OC(=O)N(CCCCn3cnc(-c4cccnc4)c3)C2CC(=O)CCCC(OC2CCCCO2)C1,0.37294372294372297,1,0.9832520543434877
CC[C@H]1OC(=O)[C@H](C)[C@@H](O[C@H]2C[C@@](C)(OC)[C@@H](O)[C@H](C)O2)[C@H](C)[C@@H](O[C@@H]2O[C@H](C)C[C@H](N(C)C)[C@H]2O)[C@](C)(O)C[C@@H](C)CN(C)[C@H](C)[C@@H](O)[C@]1(C)O,1,O=C1CC(OC2CCCCO2)CC(OC2CCCCO2)CCCCNCCCCO1,CO[C@@H]1[C@@H](O[C@@H]2O[C@H](C)[C@@H](O[C@H]3C[C@@](C)(O)[C@@H](O)[C@H](C)O3)[C@H](N(C)C)[C@H]2O)[C@@H](CC=O)C[C@@H](C)[C@@H](O[C@H]2CC[C@H](N(C)C)[C@H](C)O2)/C=C/C=C/C[C@@H](C)OC(=O)C[C@H]1O,1,O=C1CCCC(OC2CCC(OC3CCCCO3)CO2)CCCC(OC2CCCCO2)C=CC=CCCO1,0.3092307692307692,1,0.9532559756069245
O=P1(NCCCl)OCCCN1CCCl,1,O=[PH]1NCCCO1,O=P1(N(CCCl)CCCl)NCCCO1,1,O=[PH]1NCCCO1,0.39020979020979024,1,0.980141028894323
O=P1(NCCCl)OCCCN1CCCl,1,O=[PH]1NCCCO1,O=C(NCCN1CCOCC1)c1ccc(Cl)cc1,1,O=C(NCCN1CCOCC1)c1ccccc1,0.20296296296296298,1,0.983051161535395
O=P1(NCCCl)OCCCN1CCCl,1,O=[PH]1NCCCO1,O=C(O)CCCc1ccc(N(CCCl)CCCl)cc1,1,c1ccccc1,0.16075471698113208,1,0.9700522890072686
O=P1(NCCCl)OCCCN1CCCl,1,O=[PH]1NCCCO1,CCN1CC(CCN2CCOCC2)C(c2ccccc2)(c2ccccc2)C1=O,1,O=C1NCC(CCN2CCOCC2)C1(c1ccccc1)c1ccccc1,0.15677136102668016,1,0.9909523143962102
O=P1(N(CCCl)CCCl)NCCCO1,1,O=[PH]1NCCCO1,O=P1(NCCCl)OCCCN1CCCl,1,O=[PH]1NCCCO1,0.39020979020979024,1,0.9792089600142377
O=P1(N(CCCl)CCCl)NCCCO1,1,O=[PH]1NCCCO1,O=C(O)CCCc1ccc(N(CCCl)CCCl)cc1,1,c1ccccc1,0.16986046511627909,1,0.9599944816446839
O=P1(N(CCCl)CCCl)NCCCO1,1,O=[PH]1NCCCO1,N[C@@H](Cc1ccc(N(CCCl)CCCl)cc1)C(=O)O,1,c1ccccc1,0.16185383244206775,1,0.9062249048829025
O=P1(N(CCCl)CCCl)NCCCO1,1,O=[PH]1NCCCO1,Cn1c(CCCC(=O)O)nc2cc(N(CCCl)CCCl)ccc21,1,c1ccc2[nH]cnc2c1,0.1339622641509434,1,0.9750327724054685
CCN(C(C)=O)c1cccc(-c2ccnc3c(C#N)cnn23)c1,1,c1ccc(-c2ccnc3ccnn23)cc1,Cc1[nH]c(=O)c(C#N)cc1-c1ccncc1,1,O=c1ccc(-c2ccncc2)c[nH]1,0.2248934356351236,1,0.993338745233987
CCN(C(C)=O)c1cccc(-c2ccnc3c(C#N)cnn23)c1,1,c1ccc(-c2ccnc3ccnn23)cc1,CCN(C)C(=O)Oc1cccc([C@H](C)N(C)C)c1,1,c1ccccc1,0.19493409149651075,1,0.982156734913347
CCN(C(C)=O)c1cccc(-c2ccnc3c(C#N)cnn23)c1,1,c1ccc(-c2ccnc3ccnn23)cc1,CCC(=O)C1(c2cccc(O)c2)CCN(C)CC1,1,c1ccc(C2CCNCC2)cc1,0.1934246575342466,1,0.9888956544001887
CCN(C(C)=O)c1cccc(-c2ccnc3c(C#N)cnn23)c1,1,c1ccc(-c2ccnc3ccnn23)cc1,CC(C)N(CCC(C(N)=O)(c1ccccc1)c1ccccn1)C(C)C,1,c1ccc(Cc2ccccn2)cc1,0.19271255060728748,1,0.9835270821383274
CC(C)(Sc1cc(C(C)(C)C)c(O)c(C(C)(C)C)c1)Sc1cc(C(C)(C)C)c(O)c(C(C)(C)C)c1,0,c1ccc(SCSc2ccccc2)cc1,C[C@](N)(Cc1ccc(O)c(O)c1)C(=O)O,1,c1ccccc1,0.20102960102960105,0,0.014598048004635147
CC(C)(Sc1cc(C(C)(C)C)c(O)c(C(C)(C)C)c1)Sc1cc(C(C)(C)C)c(O)c(C(C)(C)C)c1,0,c1ccc(SCSc2ccccc2)cc1,CC(=O)Nc1ccc(O)cc1,1,c1ccccc1,0.1887557603686636,0,0.07953058009069913
CC(C)(Sc1cc(C(C)(C)C)c(O)c(C(C)(C)C)c1)Sc1cc(C(C)(C)C)c(O)c(C(C)(C)C)c1,0,c1ccc(SCSc2ccccc2)cc1,Cc1ccc(C)c(OCCCC(C)(C)C(=O)O)c1,1,c1ccccc1,0.16282051282051285,0,0.06330487177015925
CC(C)(Sc1cc(C(C)(C)C)c(O)c(C(C)(C)C)c1)Sc1cc(C(C)(C)C)c(O)c(C(C)(C)C)c1,0,c1ccc(SCSc2ccccc2)cc1,Cc1ccc(C(=O)c2cc(O)c(O)c([N+](=O)[O-])c2)cc1,1,O=C(c1ccccc1)c1ccccc1,0.1612541993281075,0,0.057467157149878274
CN(c1nccc(=O)[nH]1)C1CCN(c2nc3ccccc3n2Cc2ccc(F)cc2)CC1,1,O=c1ccnc(NC2CCN(c3nc4ccccc4n3Cc3ccccc3)CC2)[nH]1,O=C(CCCN1CCC(n2c(O)nc3ccccc32)CC1)c1ccc(F)cc1,1,O=C(CCCN1CCC(n2cnc3ccccc32)CC1)c1ccccc1,0.3000753012048193,1,0.915494381231338
CN(c1nccc(=O)[nH]1)C1CCN(c2nc3ccccc3n2Cc2ccc(F)cc2)CC1,1,O=c1ccnc(NC2CCN(c3nc4ccccc4n3Cc3ccccc3)CC2)[nH]1,O=c1[nH]c2ccccc2n1C1CCN(CCCC(c2ccc(F)cc2)c2ccc(F)cc2)CC1,1,O=c1[nH]c2ccccc2n1C1CCN(CCCC(c2ccccc2)c2ccccc2)CC1,0.2873583887789966,1,0.8857583577191167
CN(c1nccc(=O)[nH]1)C1CCN(c2nc3ccccc3n2Cc2ccc(F)cc2)CC1,1,O=c1ccnc(NC2CCN(c3nc4ccccc4n3Cc3ccccc3)CC2)[nH]1,O=C(c1ccc(F)cc1)C1CCN(CCn2c(=O)[nH]c3ccccc3c2=O)CC1,1,O=C(c1ccccc1)C1CCN(CCn2c(=O)[nH]c3ccccc3c2=O)CC1,0.25598039215686275,1,0.8500437778223804
CN(c1nccc(=O)[nH]1)C1CCN(c2nc3ccccc3n2Cc2ccc(F)cc2)CC1,1,O=c1ccnc(NC2CCN(c3nc4ccccc4n3Cc3ccccc3)CC2)[nH]1,O=C(CCCN1CC=C(n2c(=O)[nH]c3ccccc32)CC1)c1ccc(F)cc1,1,O=C(CCCN1CC=C(n2c(=O)[nH]c3ccccc32)CC1)c1ccccc1,0.24444444444444446,1,0.9257152108052766
COC(=O)C1=C(C)NC(C)=C(C(=O)OC(C)C)C1c1cccc2nonc12,0,C1=CC(c2cccc3nonc23)C=CN1,COC(=O)C1=C(C)NC(C)=C(C(=O)OCCN(C)Cc2ccccc2)C1c1cccc([N+](=O)[O-])c1,1,O=C(OCCNCc1ccccc1)C1=CNC=CC1c1ccccc1,0.3293103448275862,0,0.07284986559122608
COC(=O)C1=C(C)NC(C)=C(C(=O)OC(C)C)C1c1cccc2nonc12,0,C1=CC(c2cccc3nonc23)C=CN1,Cc1cccc(C)c1NC(=O)C(C)N,1,c1ccccc1,0.23149717514124296,0,0.23437125381906723
COC(=O)C1=C(C)NC(C)=C(C(=O)OC(C)C)C1c1cccc2nonc12,0,C1=CC(c2cccc3nonc23)C=CN1,COC(=O)Nc1nc2ccc(C(=O)c3ccccc3)cc2[nH]1,1,O=C(c1ccccc1)c1ccc2nc[nH]c2c1,0.2175757575757576,0,0.3605944331595798
COC(=O)C1=C(C)NC(C)=C(C(=O)OC(C)C)C1c1cccc2nonc12,0,C1=CC(c2cccc3nonc23)C=CN1,COC(=O)[C@H]1[C@@H](OC(=O)c2ccccc2)C[C@@H]2CC[C@H]1N2C,1,O=C(OC1CC2CCC(C1)N2)c1ccccc1,0.19838993710691827,0,0.2575421147357177
c1ccc([C@H]2CN3CCSC3=N2)cc1,1,c1ccc(C2CN3CCSC3=N2)cc1,CN1CCOC(c2ccccc2)c2ccccc2C1,1,c1ccc(C2OCCNCc3ccccc32)cc1,0.2343891402714932,1,0.7379519640091021
c1ccc([C@H]2CN3CCSC3=N2)cc1,1,c1ccc(C2CN3CCSC3=N2)cc1,O=C1c2ccccc2C(=O)C1c1ccccc1,1,O=C1c2ccccc2C(=O)C1c1ccccc1,0.22516129032258067,1,0.9694115409062394
c1ccc([C@H]2CN3CCSC3=N2)cc1,1,c1ccc(C2CN3CCSC3=N2)cc1,CN1CCC[C@H]1c1cccnc1,1,c1cncc(C2CCCN2)c1,0.20284765068818228,1,0.9249084943102364
c1ccc([C@H]2CN3CCSC3=N2)cc1,1,c1ccc(C2CN3CCSC3=N2)cc1,Clc1ccc2c(c1)C(N1CCNCC1)=Nc1ccccc1O2,1,c1ccc2c(c1)N=C(N1CCNCC1)c1ccccc1O2,0.1969786293294031,1,0.9539403895771853
COc1cc2nc(N3CCN(C(=O)C4CCCO4)CC3)nc(N)c2cc1OC,1,O=C(C1CCCO1)N1CCN(c2ncc3ccccc3n2)CC1,COc1cc2nc(N3CCN(C(=O)C4COc5ccccc5O4)CC3)nc(N)c2cc1OC,1,O=C(C1COc2ccccc2O1)N1CCN(c2ncc3ccccc3n2)CC1,0.6753787878787879,1,0.9947016183735163
COc1cc2nc(N3CCN(C(=O)C4CCCO4)CC3)nc(N)c2cc1OC,1,O=C(C1CCCO1)N1CCN(c2ncc3ccccc3n2)CC1,COc1cc2nc(N3CCN(C(=O)c4ccco4)CC3)nc(N)c2cc1OC,1,O=C(c1ccco1)N1CCN(c2ncc3ccccc3n2)CC1,0.5922206095791002,1,0.9879512796160644
COc1cc2nc(N3CCN(C(=O)C4CCCO4)CC3)nc(N)c2cc1OC,1,O=C(C1CCCO1)N1CCN(c2ncc3ccccc3n2)CC1,COc1cc2nc(N(C)CCCNC(=O)C3CCCO3)nc(N)c2cc1OC,1,O=C(NCCCNc1ncc2ccccc2n1)C1CCCO1,0.5413285086585682,1,0.9851545725480743
COc1cc2nc(N3CCN(C(=O)C4CCCO4)CC3)nc(N)c2cc1OC,1,O=C(C1CCCO1)N1CCN(c2ncc3ccccc3n2)CC1,COc1cc2c(N)nc(N3CCN(C(=O)OCC(C)(C)O)CC3)nc2c(OC)c1OC,1,c1ccc2nc(N3CCNCC3)ncc2c1,0.4494208494208494,1,0.9697711672049428
CCOC(=O)n1ccn(C)c1=S,0,S=c1[nH]cc[nH]1,CCOC(=O)C1(c2ccccc2)CCN(C)CC1,1,c1ccc(C2CCNCC2)cc1,0.2793235133660666,0,0.1737545670220994
CCOC(=O)n1ccn(C)c1=S,0,S=c1[nH]cc[nH]1,Cn1cc[nH]c1=S,1,S=c1[nH]cc[nH]1,0.25333333333333335,0,0.38509108106568396
CCOC(=O)n1ccn(C)c1=S,0,S=c1[nH]cc[nH]1,CCOC(=O)[N-]c1c[n+](N2CCOCC2)no1,1,c1c[n+](N2CCOCC2)no1,0.24137308039747063,0,0.174807791598041
CCOC(=O)n1ccn(C)c1=S,0,S=c1[nH]cc[nH]1,CCOc1ccc(NC(C)=O)cc1,1,c1ccccc1,0.22033222591362125,0,0.30963876812396507
Cn1cc[nH]c1=S,1,S=c1[nH]cc[nH]1,Cn1c(=O)c2[nH]cnc2n(C)c1=O,1,O=c1[nH]c(=O)c2[nH]cnc2[nH]1,0.20760135135135135,1,0.8891593278028157
Cn1cc[nH]c1=S,1,S=c1[nH]cc[nH]1,Cn1c(=O)c2c(ncn2C)n(C)c1=O,1,O=c1[nH]c(=O)c2[nH]cnc2[nH]1,0.17347972972972975,1,0.9385625383263049
Cn1cc[nH]c1=S,1,S=c1[nH]cc[nH]1,CCCc1cc(=O)[nH]c(=S)[nH]1,1,O=c1cc[nH]c(=S)[nH]1,0.16722972972972974,1,0.8326768712412922
Cn1cc[nH]c1=S,1,S=c1[nH]cc[nH]1,Cn1cnc([N+](=O)[O-])c1Sc1ncnc2nc[nH]c12,1,c1nc(Sc2cnc[nH]2)c2[nH]cnc2n1,0.15944055944055946,1,0.943987008873072
CC(C)(C)NC(=O)[C@@H]1CN(Cc2cccnc2)CCN1C[C@@H](O)C[C@@H](Cc1ccccc1)C(=O)N[C@H]1c2ccccc2C[C@H]1O,0,O=C(NC1CCc2ccccc21)C(CCCN1CCN(Cc2cccnc2)CC1)Cc1ccccc1,CC(C)(C)NCC(O)COc1cccc2c1C[C@H](O)[C@H](O)C2,1,c1ccc2c(c1)CCCC2,0.23392018779342724,0,0.19916340190747328
CC(C)(C)NC(=O)[C@@H]1CN(Cc2cccnc2)CCN1C[C@@H](O)C[C@@H](Cc1ccccc1)C(=O)N[C@H]1c2ccccc2C[C@H]1O,0,O=C(NC1CCc2ccccc21)C(CCCN1CCN(Cc2cccnc2)CC1)Cc1ccccc1,CC(C)c1nc(CN(C)C(=O)N[C@H](C(=O)N[C@@H](Cc2ccccc2)C[C@H](O)[C@H](Cc2ccccc2)NC(=O)OCc2cncs2)C(C)C)cs1,1,O=C(CNC(=O)NCc1cscn1)NC(CCC(Cc1ccccc1)NC(=O)OCc1cncs1)Cc1ccccc1,0.21890060240963854,0,0.023269510810403245
CC(C)(C)NC(=O)[C@@H]1CN(Cc2cccnc2)CCN1C[C@@H](O)C[C@@H](Cc1ccccc1)C(=O)N[C@H]1c2ccccc2C[C@H]1O,0,O=C(NC1CCc2ccccc21)C(CCCN1CCN(Cc2cccnc2)CC1)Cc1ccccc1,CCOC(=O)[C@H](CCc1ccccc1)N[C@@H](C)C(=O)N1Cc2ccccc2C[C@H]1C(=O)O,1,O=C(CNCCCc1ccccc1)N1CCc2ccccc2C1,0.2166228803439217,0,0.09037061179988096
CC(C)(C)NC(=O)[C@@H]1CN(Cc2cccnc2)CCN1C[C@@H](O)C[C@@H](Cc1ccccc1)C(=O)N[C@H]1c2ccccc2C[C@H]1O,0,O=C(NC1CCc2ccccc21)C(CCCN1CCN(Cc2cccnc2)CC1)Cc1ccccc1,CCOC(=O)[C@H](CCc1ccccc1)N[C@@H](C)C(=O)N1CCC[C@H]1C(=O)O,1,O=C(CNCCCc1ccccc1)N1CCCC1,0.20465608465608467,0,0.08354593584016091
CN(C)C(=O)Oc1ccc[n+](C)c1,0,c1cc[nH+]cc1,CCN(C)C(=O)Oc1cccc([C@H](C)N(C)C)c1,1,c1ccccc1,0.3260893546607832,0,0.18326951353241144
CN(C)C(=O)Oc1ccc[n+](C)c1,0,c1cc[nH+]cc1,CN(C)CC(Oc1ccccc1)Oc1ccccc1,1,c1ccc(OCOc2ccccc2)cc1,0.23290043290043289,0,0.35470993587739524
CN(C)C(=O)Oc1ccc[n+](C)c1,0,c1cc[nH+]cc1,CC(C(=O)O)c1cccc(Oc2ccccc2)c1,1,c1ccc(Oc2ccccc2)cc1,0.2240761478163494,0,0.4152810716308611
CN(C)C(=O)Oc1ccc[n+](C)c1,0,c1cc[nH+]cc1,CCOc1ccc(NC(C)=O)cc1,1,c1ccccc1,0.20358056265984656,0,0.1982387853912932
Cc1ccc(Nc2c(F)cccc2Cl)c(CC(=O)O)c1,1,c1ccc(Nc2ccccc2)cc1,O=C(O)Cc1ccccc1Nc1c(Cl)cccc1Cl,1,c1ccc(Nc2ccccc2)cc1,0.6328190743338009,1,0.9874215599880161
Cc1ccc(Nc2c(F)cccc2Cl)c(CC(=O)O)c1,1,c1ccc(Nc2ccccc2)cc1,Nc1c(CC(=O)O)cccc1C(=O)c1ccc(Br)cc1,1,O=C(c1ccccc1)c1ccccc1,0.3128205128205128,1,0.9984016162179455
Cc1ccc(Nc2c(F)cccc2Cl)c(CC(=O)O)c1,1,c1ccc(Nc2ccccc2)cc1,N=C(N)NC(=O)Cc1c(Cl)cccc1Cl,1,c1ccccc1,0.2727272727272727,1,0.9737080379037956
Cc1ccc(Nc2c(F)cccc2Cl)c(CC(=O)O)c1,1,c1ccc(Nc2ccccc2)cc1,CC(C(=O)O)c1ccc(-c2ccccc2)c(F)c1,1,c1ccc(-c2ccccc2)cc1,0.261271186440678,1,0.9882474404524384
O=C(O)Cc1ccccc1Nc1c(Cl)cccc1Cl,1,c1ccc(Nc2ccccc2)cc1,Cc1ccc(Nc2c(F)cccc2Cl)c(CC(=O)O)c1,1,c1ccc(Nc2ccccc2)cc1,0.6328190743338009,1,0.9864563696359047
O=C(O)Cc1ccccc1Nc1c(Cl)cccc1Cl,1,c1ccc(Nc2ccccc2)cc1,Nc1c(CC(=O)O)cccc1C(=O)c1ccc(Br)cc1,1,O=C(c1ccccc1)c1ccccc1,0.38344671201814057,1,0.99802753350977
O=C(O)Cc1ccccc1Nc1c(Cl)cccc1Cl,1,c1ccc(Nc2ccccc2)cc1,N=C(N)NC(=O)Cc1c(Cl)cccc1Cl,1,c1ccccc1,0.3252032520325203,1,0.9734433306313489
O=C(O)Cc1ccccc1Nc1c(Cl)cccc1Cl,1,c1ccc(Nc2ccccc2)cc1,Clc1cccc(Cl)c1NC1=NCCN1,1,c1ccc(NC2=NCCN2)cc1,0.290749354005168,1,0.9989489086229185
COc1ccc2c3c1O[C@H]1C[C@@H](O)C=C[C@@]31CCN(C)C2,1,C1=CC23CCNCc4cccc(c42)OC3CC1,COc1ccc2c(c1OC)C(=O)O[C@@H]2[C@H]1c2c(cc3c(c2OC)OCO3)CCN1C,1,O=C1OC(C2NCCc3cc4c(cc32)OCO4)c2ccccc21,0.26250516742455565,1,0.733018693191598
COc1ccc2c3c1O[C@H]1C[C@@H](O)C=C[C@@]31CCN(C)C2,1,C1=CC23CCNCc4cccc(c42)OC3CC1,CO[C@]12CC[C@@]3(C[C@@H]1[C@](C)(O)C(C)(C)C)[C@H]1Cc4ccc(O)c5c4[C@@]3(CCN1CC1CC1)[C@H]2O5,1,c1cc2c3c(c1)OC1C4CCC5(CC4)C(C2)N(CC2CC2)CCC315,0.2564251207729469,1,0.5547038341599758
COc1ccc2c3c1O[C@H]1C[C@@H](O)C=C[C@@]31CCN(C)C2,1,C1=CC23CCNCc4cccc(c42)OC3CC1,CCOC(=O)C1(c2ccccc2)CCN(C)CC1,1,c1ccc(C2CCNCC2)cc1,0.2403289674078587,1,0.799835926221564
COc1ccc2c3c1O[C@H]1C[C@@H](O)C=C[C@@]31CCN(C)C2,1,C1=CC23CCNCc4cccc(c42)OC3CC1,CN1CCOC(c2ccccc2)c2ccccc2C1,1,c1ccc(C2OCCNCc3ccccc32)cc1,0.24015151515151517,1,0.8863646720889439
O=C1C(CCS(=O)c2ccccc2)C(=O)N(c2ccccc2)N1c1ccccc1,1,O=C1C(CCS(=O)c2ccccc2)C(=O)N(c2ccccc2)N1c1ccccc1,CCCCC1C(=O)N(c2ccccc2)N(c2ccccc2)C1=O,1,O=C1CC(=O)N(c2ccccc2)N1c1ccccc1,0.5837719298245615,1,0.9989426990873546
O=C1C(CCS(=O)c2ccccc2)C(=O)N(c2ccccc2)N1c1ccccc1,1,O=C1C(CCS(=O)c2ccccc2)C(=O)N(c2ccccc2)N1c1ccccc1,O=C1c2ccccc2C(=O)C1c1ccccc1,1,O=C1c2ccccc2C(=O)C1c1ccccc1,0.2672764227642277,1,0.996490185206337
O=C1C(CCS(=O)c2ccccc2)C(=O)N(c2ccccc2)N1c1ccccc1,1,O=C1C(CCS(=O)c2ccccc2)C(=O)N(c2ccccc2)N1c1ccccc1,Cc1cc(=O)n(-c2ccccc2)n1C,1,O=c1cc[nH]n1-c1ccccc1,0.2452088452088452,1,0.9993499309798698
O=C1C(CCS(=O)c2ccccc2)C(=O)N(c2ccccc2)N1c1ccccc1,1,O=C1C(CCS(=O)c2ccccc2)C(=O)N(c2ccccc2)N1c1ccccc1,O=C(O)CCC(=O)c1ccc(-c2ccccc2)cc1,1,c1ccc(-c2ccccc2)cc1,0.22924901185770752,1,0.9921270735878449
CN1C(C(=O)Nc2ccccn2)=C(O)c2sccc2S1(=O)=O,1,O=C(Nc1ccccn1)C1=Cc2sccc2S(=O)(=O)N1,O=C(O)c1cc(/N=N/c2ccc(S(=O)(=O)Nc3ccccn3)cc2)ccc1O,1,O=S(=O)(Nc1ccccn1)c1ccc(N=Nc2ccccc2)cc1,0.26277751535191307,1,0.961707760905322
CN1C(C(=O)Nc2ccccn2)=C(O)c2sccc2S1(=O)=O,1,O=C(Nc1ccccn1)C1=Cc2sccc2S(=O)(=O)N1,CC(C)N(CCC(C(N)=O)(c1ccccc1)c1ccccn1)C(C)C,1,c1ccc(Cc2ccccn2)cc1,0.21638762049720955,1,0.9066564338141305
CN1C(C(=O)Nc2ccccn2)=C(O)c2sccc2S1(=O)=O,1,O=C(Nc1ccccn1)C1=Cc2sccc2S(=O)(=O)N1,NNC(=O)c1ccncc1,1,c1ccncc1,0.19944178628389153,1,0.7470520858424121
CN1C(C(=O)Nc2ccccn2)=C(O)c2sccc2S1(=O)=O,1,O=C(Nc1ccccn1)C1=Cc2sccc2S(=O)(=O)N1,CCN(CC)CC(=O)Nc1c(C)cccc1C,1,c1ccccc1,0.19727891156462588,1,0.8013111039096238
CCCN[C@H]1CCc2nc(N)sc2C1,1,c1nc2c(s1)CCCC2,CN[C@@H]1CCc2[nH]c3ccc(C(N)=O)cc3c2C1,1,c1ccc2c3c([nH]c2c1)CCCC3,0.19475113122171947,1,0.8393130805088818
CCCN[C@H]1CCc2nc(N)sc2C1,1,c1nc2c(s1)CCCC2,Nc1c2c(nc3ccccc13)CCCC2,1,c1ccc2nc3c(cc2c1)CCCC3,0.17977827050997783,1,0.9520628768378738
CCCN[C@H]1CCc2nc(N)sc2C1,1,c1nc2c(s1)CCCC2,Nc1c(Br)cc(Br)cc1CN[C@H]1CC[C@H](O)CC1,1,c1ccc(CNC2CCCCC2)cc1,0.17309322033898306,1,0.9788477936560179
CCCN[C@H]1CCc2nc(N)sc2C1,1,c1nc2c(s1)CCCC2,Nc1nc2ccc(OC(F)(F)F)cc2s1,1,c1ccc2scnc2c1,0.1654462242562929,1,0.9547776864730859
O=C(O)CCc1nc(-c2ccccc2)c(-c2ccccc2)o1,1,c1ccc(-c2ncoc2-c2ccccc2)cc1,O=C(O)CCC(=O)c1ccc(-c2ccccc2)cc1,1,c1ccc(-c2ccccc2)cc1,0.3815718157181572,1,0.9937136608981701
O=C(O)CCc1nc(-c2ccccc2)c(-c2ccccc2)o1,1,c1ccc(-c2ncoc2-c2ccccc2)cc1,Cc1onc(-c2ccccc2)c1-c1ccc(S(N)(=O)=O)cc1,1,c1ccc(-c2conc2-c2ccccc2)cc1,0.26088527551942187,1,0.9824643864757755
O=C(O)CCc1nc(-c2ccccc2)c(-c2ccccc2)o1,1,c1ccc(-c2ncoc2-c2ccccc2)cc1,Nc1nc(N)c2nc(-c3ccccc3)c(N)nc2n1,1,c1ccc(-c2cnc3ncncc3n2)cc1,0.2418604651162791,1,0.9993614583915845
O=C(O)CCc1nc(-c2ccccc2)c(-c2ccccc2)o1,1,c1ccc(-c2ncoc2-c2ccccc2)cc1,O=C(O)CCCc1ccc(N(CCCl)CCCl)cc1,1,c1ccccc1,0.24040920716112532,1,0.9971746393783908
O=C(C1CCCCC1)N1CC(=O)N2CCc3ccccc3C2C1,0,O=C(C1CCCCC1)N1CC(=O)N2CCc3ccccc3C2C1,CCOC(=O)[C@H](CCc1ccccc1)N[C@H]1CCc2ccccc2N(CC(=O)O)C1=O,1,O=C1Nc2ccccc2CCC1NCCCc1ccccc1,0.26661573720397247,0,0.2311277797466749
O=C(C1CCCCC1)N1CC(=O)N2CCc3ccccc3C2C1,0,O=C(C1CCCCC1)N1CC(=O)N2CCc3ccccc3C2C1,OC(CCN1CCCC1)(c1ccccc1)C1CCCCC1,1,c1ccc(C(CCN2CCCC2)C2CCCCC2)cc1,0.22905982905982908,0,0.4574819158040051
O=C(C1CCCCC1)N1CC(=O)N2CCc3ccccc3C2C1,0,O=C(C1CCCCC1)N1CC(=O)N2CCc3ccccc3C2C1,O=C(O)[C@H](CCc1ccccc1)N[C@H]1CCCN2CCC[C@@H](C(=O)O)N2C1=O,1,O=C1C(NCCCc2ccccc2)CCCN2CCCCN12,0.22822822822822825,0,0.33616121524741566
O=C(C1CCCCC1)N1CC(=O)N2CCc3ccccc3C2C1,0,O=C(C1CCCCC1)N1CC(=O)N2CCc3ccccc3C2C1,CCOC(=O)[C@H](CCc1ccccc1)N[C@H]1CCCN2CCC[C@@H](C(=O)O)N2C1=O,1,O=C1C(NCCCc2ccccc2)CCCN2CCCCN12,0.2259946949602122,0,0.33615155058418705
C=CC1=C(C(=O)O)N2C(=O)[C@@H](NC(=O)/C(=N\O)c3csc(N)n3)[C@H]2SC1,1,N=C(C(=O)NC1C(=O)N2C=CCSC12)c1cscn1,C=CC1=C(C(=O)O)N2C(=O)[C@@H](NC(=O)/C(=N\OCC(=O)O)c3csc(N)n3)[C@H]2SC1,1,N=C(C(=O)NC1C(=O)N2C=CCSC12)c1cscn1,0.7912263210368893,1,0.7886775511224512
C=CC1=C(C(=O)O)N2C(=O)[C@@H](NC(=O)/C(=N\O)c3csc(N)n3)[C@H]2SC1,1,N=C(C(=O)NC1C(=O)N2C=CCSC12)c1cscn1,CC=CC1=C(C(=O)O)N2C(=O)[C@@H](NC(=O)[C@H](N)c3ccc(O)cc3)[C@H]2SC1,1,O=C(Cc1ccccc1)NC1C(=O)N2C=CCSC12,0.4231250000000001,1,0.9472158922760845
C=CC1=C(C(=O)O)N2C(=O)[C@@H](NC(=O)/C(=N\O)c3csc(N)n3)[C@H]2SC1,1,N=C(C(=O)NC1C(=O)N2C=CCSC12)c1cscn1,CO/N=C(\C(=O)N[C@@H]1C(=O)N2C(C(=O)O)=C(COC(N)=O)CS[C@H]12)c1ccco1,1,N=C(C(=O)NC1C(=O)N2C=CCSC12)c1ccco1,0.40739844425237687,1,0.9206451488820603
C=CC1=C(C(=O)O)N2C(=O)[C@@H](NC(=O)/C(=N\O)c3csc(N)n3)[C@H]2SC1,1,N=C(C(=O)NC1C(=O)N2C=CCSC12)c1cscn1,CC1=C(C(=O)O)N2C(=O)[C@@H](NC(=O)[C@H](N)c3ccccc3)[C@H]2SC1,1,O=C(Cc1ccccc1)NC1C(=O)N2C=CCSC12,0.390909090909091,1,0.9377428310278813
C=CC1=C(C(=O)O)N2C(=O)[C@@H](NC(=O)/C(=N\OCC(=O)O)c3csc(N)n3)[C@H]2SC1,1,N=C(C(=O)NC1C(=O)N2C=CCSC12)c1cscn1,C=CC1=C(C(=O)O)N2C(=O)[C@@H](NC(=O)/C(=N\O)c3csc(N)n3)[C@H]2SC1,1,N=C(C(=O)NC1C(=O)N2C=CCSC12)c1cscn1,0.7912263210368893,1,0.628229557809542
C=CC1=C(C(=O)O)N2C(=O)[C@@H](NC(=O)/C(=N\OCC(=O)O)c3csc(N)n3)[C@H]2SC1,1,N=C(C(=O)NC1C(=O)N2C=CCSC12)c1cscn1,CO/N=C(\C(=O)N[C@@H]1C(=O)N2C(C(=O)O)=C(COC(N)=O)CS[C@H]12)c1ccco1,1,N=C(C(=O)NC1C(=O)N2C=CCSC12)c1ccco1,0.4380434782608696,1,0.6399493945459397
C=CC1=C(C(=O)O)N2C(=O)[C@@H](NC(=O)/C(=N\OCC(=O)O)c3csc(N)n3)[C@H]2SC1,1,N=C(C(=O)NC1C(=O)N2C=CCSC12)c1cscn1,CC=CC1=C(C(=O)O)N2C(=O)[C@@H](NC(=O)[C@H](N)c3ccc(O)cc3)[C@H]2SC1,1,O=C(Cc1ccccc1)NC1C(=O)N2C=CCSC12,0.3917920656634747,1,0.8431688489342136
C=CC1=C(C(=O)O)N2C(=O)[C@@H](NC(=O)/C(=N\OCC(=O)O)c3csc(N)n3)[C@H]2SC1,1,N=C(C(=O)NC1C(=O)N2C=CCSC12)c1cscn1,CC1=C(C(=O)O)N2C(=O)[C@@H](NC(=O)[C@H](N)c3ccccc3)[C@H]2SC1,1,O=C(Cc1ccccc1)NC1C(=O)N2C=CCSC12,0.3651176133103844,1,0.7840777402812414
CO/N=C(\C(=O)N[C@@H]1C(=O)N2C(C(=O)O)=CCS[C@H]12)c1csc(N)n1,0,N=C(C(=O)NC1C(=O)N2C=CCSC12)c1cscn1,C=CC1=C(C(=O)O)N2C(=O)[C@@H](NC(=O)/C(=N\OCC(=O)O)c3csc(N)n3)[C@H]2SC1,1,N=C(C(=O)NC1C(=O)N2C=CCSC12)c1cscn1,0.5901781833985225,0,0.269396798766074
CO/N=C(\C(=O)N[C@@H]1C(=O)N2C(C(=O)O)=CCS[C@H]12)c1csc(N)n1,0,N=C(C(=O)NC1C(=O)N2C=CCSC12)c1cscn1,C=CC1=C(C(=O)O)N2C(=O)[C@@H](NC(=O)/C(=N\O)c3csc(N)n3)[C@H]2SC1,1,N=C(C(=O)NC1C(=O)N2C=CCSC12)c1cscn1,0.56,0,0.41229087700031775
CO/N=C(\C(=O)N[C@@H]1C(=O)N2C(C(=O)O)=CCS[C@H]12)c1csc(N)n1,0,N=C(C(=O)NC1C(=O)N2C=CCSC12)c1cscn1,CO/N=C(\C(=O)N[C@@H]1C(=O)N2C(C(=O)O)=C(COC(N)=O)CS[C@H]12)c1ccco1,1,N=C(C(=O)NC1C(=O)N2C=CCSC12)c1ccco1,0.45558139534883724,1,0.593478189213206
CO/N=C(\C(=O)N[C@@H]1C(=O)N2C(C(=O)O)=CCS[C@H]12)c1csc(N)n1,0,N=C(C(=O)NC1C(=O)N2C=CCSC12)c1cscn1,CC1=C(C(=O)O)N2C(=O)[C@@H](NC(=O)[C@H](N)c3ccccc3)[C@H]2SC1,1,O=C(Cc1ccccc1)NC1C(=O)N2C=CCSC12,0.34168914712595977,1,0.7647213623691445
O=c1n(CCCN2CCN(c3cccc(Cl)c3)CC2)nc2ccccn12,1,O=c1n(CCCN2CCN(c3ccccc3)CC2)nc2ccccn12,OCCN1CCN(CCCN2c3ccccc3Sc3ccc(Cl)cc32)CC1,1,c1ccc2c(c1)Sc1ccccc1N2CCCN1CCNCC1,0.33541383989145185,1,0.7925775743591355
O=c1n(CCCN2CCN(c3cccc(Cl)c3)CC2)nc2ccccn12,1,O=c1n(CCCN2CCN(c3ccccc3)CC2)nc2ccccn12,COc1ccccc1N1CCN(CCCNc2cc(=O)n(C)c(=O)n2C)CC1,1,O=c1cc(NCCCN2CCN(c3ccccc3)CC2)[nH]c(=O)[nH]1,0.2958794860434205,1,0.9215506463267965
O=c1n(CCCN2CCN(c3cccc(Cl)c3)CC2)nc2ccccn12,1,O=c1n(CCCN2CCN(c3ccccc3)CC2)nc2ccccn12,O=C1Cc2cc(CCN3CCN(c4nsc5ccccc45)CC3)c(Cl)cc2N1,1,O=C1Cc2cc(CCN3CCN(c4nsc5ccccc45)CC3)ccc2N1,0.25958132045088567,1,0.9941340721693
O=c1n(CCCN2CCN(c3cccc(Cl)c3)CC2)nc2ccccn12,1,O=c1n(CCCN2CCN(c3ccccc3)CC2)nc2ccccn12,CN(C)CCCN1c2ccccc2CCc2ccc(Cl)cc21,1,c1ccc2c(c1)CCc1ccccc1N2,0.25587761674718196,1,0.9116242292027605
CC(=O)S[C@@H]1CC2=CC(=O)CC[C@]2(C)[C@H]2CC[C@@]3(C)[C@@H](CC[C@@]34CCC(=O)O4)[C@H]12,1,O=C1C=C2CCC3C(CCC4C3CCC43CCC(=O)O3)C2CC1,C=C1C[C@@H]2[C@H](CC[C@]3(C)C(=O)CC[C@@H]23)[C@@]2(C)C=CC(=O)C=C12,1,C=C1CC2C(CCC3C(=O)CCC32)C2C=CC(=O)C=C12,0.24871481028151776,1,0.9053481211053099
CC(=O)S[C@@H]1CC2=CC(=O)CC[C@]2(C)[C@H]2CC[C@@]3(C)[C@@H](CC[C@@]34CCC(=O)O4)[C@H]12,1,O=C1C=C2CCC3C(CCC4C3CCC43CCC(=O)O3)C2CC1,CC#C[C@]1(O)CC[C@H]2[C@@H]3CCC4=CC(=O)CCC4=C3[C@@H](c3ccc(N(C)C)cc3)C[C@@]21C,1,O=C1C=C2CCC3C(=C2CC1)C(c1ccccc1)CC1CCCC13,0.2160648489314665,1,0.8226424796144617
CC(=O)S[C@@H]1CC2=CC(=O)CC[C@]2(C)[C@H]2CC[C@@]3(C)[C@@H](CC[C@@]34CCC(=O)O4)[C@H]12,1,O=C1C=C2CCC3C(CCC4C3CCC43CCC(=O)O3)C2CC1,C#C[C@]1(O)C=C[C@H]2[C@@H]3CCC4=CC(=O)CC[C@@H]4[C@H]3CC[C@@]21CC,1,O=C1C=C2CCC3C4C=CCC4CCC3C2CC1,0.2134479271991911,1,0.8977538812319078
CC(=O)S[C@@H]1CC2=CC(=O)CC[C@]2(C)[C@H]2CC[C@@]3(C)[C@@H](CC[C@@]34CCC(=O)O4)[C@H]12,1,O=C1C=C2CCC3C(CCC4C3CCC43CCC(=O)O3)C2CC1,C[C@H]1O[C@@H](O[C@H]2[C@@H](O)C[C@H](O[C@H]3[C@@H](O)C[C@H](O[C@H]4CC[C@@]5(C)[C@H](CC[C@@H]6[C@@H]5CC[C@]5(C)[C@@H](C7=CC(=O)OC7)CC[C@]65O)C4)O[C@@H]3C)O[C@@H]2C)C[C@H](O)[C@@H]1O,1,O=C1C=C(C2CCC3C2CCC2C4CCC(OC5CCC(OC6CCC(OC7CCCCO7)CO6)CO5)CC4CCC23)CO1,0.2091803278688525,1,0.7092907146759073
CN(C)CCc1c[nH]c2ccc(CS(=O)(=O)N3CCCC3)cc12,1,O=S(=O)(Cc1ccc2[nH]ccc2c1)N1CCCC1,CN1CCC[C@@H]1Cc1c[nH]c2ccc(CCS(=O)(=O)c3ccccc3)cc12,1,O=S(=O)(CCc1ccc2[nH]cc(CC3CCCN3)c2c1)c1ccccc1,0.4590636254501801,1,0.922912699368534
CN(C)CCc1c[nH]c2ccc(CS(=O)(=O)N3CCCC3)cc12,1,O=S(=O)(Cc1ccc2[nH]ccc2c1)N1CCCC1,CN1[C@@H]2CC[C@H]1C[C@@H](OC(=O)c1c[nH]c3ccccc13)C2,1,O=C(OC1CC2CCC(C1)N2)c1c[nH]c2ccccc12,0.23774647887323946,1,0.9763360672408982
CN(C)CCc1c[nH]c2ccc(CS(=O)(=O)N3CCCC3)cc12,1,O=S(=O)(Cc1ccc2[nH]ccc2c1)N1CCCC1,C=CCN1C[C@H](C(=O)N(CCCN(C)C)C(=O)NCC)C[C@@H]2c3cccc4[nH]cc(c34)C[C@H]21,1,c1cc2c3c(c[nH]c3c1)CC1NCCCC21,0.23125,1,0.9744134569348939
CN(C)CCc1c[nH]c2ccc(CS(=O)(=O)N3CCCC3)cc12,1,O=S(=O)(Cc1ccc2[nH]ccc2c1)N1CCCC1,CN(CCOc1ccc(NS(C)(=O)=O)cc1)CCc1ccc(NS(C)(=O)=O)cc1,1,c1ccc(CCNCCOc2ccccc2)cc1,0.22130965593784685,1,0.9601646144514498
CC1(C)S[C@@H]2[C@H](NC(=O)[C@H](N)c3ccccc3)C(=O)N2[C@H]1C(=O)O,1,O=C(Cc1ccccc1)NC1C(=O)N2CCSC12,CC1(C)S[C@@H]2[C@H](NC(=O)[C@H](N)c3ccc(O)cc3)C(=O)N2[C@H]1C(=O)O,1,O=C(Cc1ccccc1)NC1C(=O)N2CCSC12,0.844093023255814,1,0.9588531771938416
CC1(C)S[C@@H]2[C@H](NC(=O)[C@H](N)c3ccccc3)C(=O)N2[C@H]1C(=O)O,1,O=C(Cc1ccccc1)NC1C(=O)N2CCSC12,CC1(C)S[C@@H]2[C@H](NC(=O)[C@H](N=[N+]=[N-])c3ccccc3)C(=O)N2[C@H]1C(=O)O,1,O=C(Cc1ccccc1)NC1C(=O)N2CCSC12,0.7047619047619048,1,0.9498474168239138
CC1(C)S[C@@H]2[C@H](NC(=O)[C@H](N)c3ccccc3)C(=O)N2[C@H]1C(=O)O,1,O=C(Cc1ccccc1)NC1C(=O)N2CCSC12,CC1=C(C(=O)O)N2C(=O)[C@@H](NC(=O)[C@H](N)c3ccccc3)[C@H]2SC1,1,O=C(Cc1ccccc1)NC1C(=O)N2C=CCSC12,0.5413399857448326,1,0.9454475234591789
CC1(C)S[C@@H]2[C@H](NC(=O)[C@H](N)c3ccccc3)C(=O)N2[C@H]1C(=O)O,1,O=C(Cc1ccccc1)NC1C(=O)N2CCSC12,Cc1onc(-c2ccccc2)c1C(=O)N[C@@H]1C(=O)N2[C@@H]1SC(C)(C)[C@@H]2C(=O)O,1,O=C(NC1C(=O)N2CCSC12)c1conc1-c1ccccc1,0.5324074074074074,1,0.9627867283970154
CC1(C)S[C@@H]2[C@H](NC(=O)[C@H](N)c3ccc(O)cc3)C(=O)N2[C@H]1C(=O)O,1,O=C(Cc1ccccc1)NC1C(=O)N2CCSC12,CC1(C)S[C@@H]2[C@H](NC(=O)[C@H](N)c3ccccc3)C(=O)N2[C@H]1C(=O)O,1,O=C(Cc1ccccc1)NC1C(=O)N2CCSC12,0.844093023255814,1,0.9416277442418551
CC1(C)S[C@@H]2[C@H](NC(=O)[C@H](N)c3ccc(O)cc3)C(=O)N2[C@H]1C(=O)O,1,O=C(Cc1ccccc1)NC1C(=O)N2CCSC12,CC1(C)S[C@@H]2[C@H](NC(=O)[C@H](N=[N+]=[N-])c3ccccc3)C(=O)N2[C@H]1C(=O)O,1,O=C(Cc1ccccc1)NC1C(=O)N2CCSC12,0.602227033714816,1,0.9157670031031537
CC1(C)S[C@@H]2[C@H](NC(=O)[C@H](N)c3ccc(O)cc3)C(=O)N2[C@H]1C(=O)O,1,O=C(Cc1ccccc1)NC1C(=O)N2CCSC12,CC1=C(C(=O)O)N2C(=O)[C@@H](NC(=O)[C@H](N)c3ccc(O)cc3)[C@H]2SC1,1,O=C(Cc1ccccc1)NC1C(=O)N2C=CCSC12,0.5590476190476191,1,0.8702409445013388
CC1(C)S[C@@H]2[C@H](NC(=O)[C@H](N)c3ccc(O)cc3)C(=O)N2[C@H]1C(=O)O,1,O=C(Cc1ccccc1)NC1C(=O)N2CCSC12,CC=CC1=C(C(=O)O)N2C(=O)[C@@H](NC(=O)[C@H](N)c3ccc(O)cc3)[C@H]2SC1,1,O=C(Cc1ccccc1)NC1C(=O)N2C=CCSC12,0.5203107658157603,1,0.8820367895964444
CC1(C)S[C@@H]2[C@H](NC(=O)[C@H](N=[N+]=[N-])c3ccccc3)C(=O)N2[C@H]1C(=O)O,1,O=C(Cc1ccccc1)NC1C(=O)N2CCSC12,CC1(C)S[C@@H]2[C@H](NC(=O)[C@H](N)c3ccccc3)C(=O)N2[C@H]1C(=O)O,1,O=C(Cc1ccccc1)NC1C(=O)N2CCSC12,0.7047619047619048,1,0.8765928323327835
CC1(C)S[C@@H]2[C@H](NC(=O)[C@H](N=[N+]=[N-])c3ccccc3)C(=O)N2[C@H]1C(=O)O,1,O=C(Cc1ccccc1)NC1C(=O)N2CCSC12,CC1(C)S[C@@H]2[C@H](NC(=O)[C@H](N)c3ccc(O)cc3)C(=O)N2[C@H]1C(=O)O,1,O=C(Cc1ccccc1)NC1C(=O)N2CCSC12,0.602227033714816,1,0.8685284555978248
CC1(C)S[C@@H]2[C@H](NC(=O)[C@H](N=[N+]=[N-])c3ccccc3)C(=O)N2[C@H]1C(=O)O,1,O=C(Cc1ccccc1)NC1C(=O)N2CCSC12,Cc1onc(-c2ccccc2)c1C(=O)N[C@@H]1C(=O)N2[C@@H]1SC(C)(C)[C@@H]2C(=O)O,1,O=C(NC1C(=O)N2CCSC12)c1conc1-c1ccccc1,0.48857142857142855,1,0.9435265382778641
CC1(C)S[C@@H]2[C@H](NC(=O)[C@H](N=[N+]=[N-])c3ccccc3)C(=O)N2[C@H]1C(=O)O,1,O=C(Cc1ccccc1)NC1C(=O)N2CCSC12,Cc1onc(-c2ccccc2Cl)c1C(=O)N[C@@H]1C(=O)N2[C@@H]1SC(C)(C)[C@@H]2C(=O)O,1,O=C(NC1C(=O)N2CCSC12)c1conc1-c1ccccc1,0.4562150537634409,1,0.9578271501706498
CCOC(=O)[N-]c1c[n+](N2CCOCC2)no1,1,c1c[n+](N2CCOCC2)no1,CCOC(=O)C1(c2ccccc2)CCN(C)CC1,1,c1ccc(C2CCNCC2)cc1,0.25793528505392915,1,0.8304375696651844
CCOC(=O)[N-]c1c[n+](N2CCOCC2)no1,1,c1c[n+](N2CCOCC2)no1,CCOC(=O)Nc1ccc2c(c1)N(C(=O)CCN1CCOCC1)c1ccccc1S2,1,O=C(CCN1CCOCC1)N1c2ccccc2Sc2ccccc21,0.24442462087421943,1,0.9686735388032602
CCOC(=O)[N-]c1c[n+](N2CCOCC2)no1,1,c1c[n+](N2CCOCC2)no1,C[C@H](CN1CCOCC1)C(C(=O)N1CCCC1)(c1ccccc1)c1ccccc1,1,O=C(N1CCCC1)C(CCN1CCOCC1)(c1ccccc1)c1ccccc1,0.22181818181818183,1,0.984686483660923
CCOC(=O)[N-]c1c[n+](N2CCOCC2)no1,1,c1c[n+](N2CCOCC2)no1,O=C(NCCN1CCOCC1)c1ccc(Cl)cc1,1,O=C(NCCN1CCOCC1)c1ccccc1,0.21437578814627997,1,0.9252207370185783
