query_smiles,query_label,query_scaffold,neighbor_smiles,neighbor_label,neighbor_scaffold,similarity,prediction,score
CCCC(=O)Nc1ccc(OC[C@@H](O)CNC(C)C)c(C(C)=O)c1,0,c1ccccc1,CC(C)NC[C@H](O)COc1cccc2ccccc12,0,c1ccc2ccccc2c1,0.4486549707602339,0,0.03682634906152309
CCCC(=O)Nc1ccc(OC[C@@H](O)CNC(C)C)c(C(C)=O)c1,0,c1ccccc1,C=CCc1ccccc1OC[C@@H](O)CNC(C)C,0,c1ccccc1,0.4234497505345688,0,0.023474891313220392
CCCC(=O)Nc1ccc(OC[C@@H](O)CNC(C)C)c(C(C)=O)c1,0,c1ccccc1,C=CCOc1ccccc1OC[C@@H](O)CNC(C)C,0,c1ccccc1,0.42320150659133715,0,0.028890618075093605
CCCC(=O)Nc1ccc(OC[C@@H](O)CNC(C)C)c(C(C)=O)c1,0,c1ccccc1,COCCc1ccc(OC[C@@H](O)CNC(C)C)cc1,0,c1ccccc1,0.3843579234972678,0,0.018470113318265032
CC(=O)Oc1ccccc1C(=O)O,1,c1ccccc1,O=C(O)c1ccccc1O,0,c1ccccc1,0.4443349753694582,1,0.6508492672021248
CC(=O)Oc1ccccc1C(=O)O,1,c1ccccc1,CC(=O)Nc1ccccc1,0,c1ccccc1,0.33017241379310347,1,0.6517181528203284
CC(=O)Oc1ccccc1C(=O)O,1,c1ccccc1,C[C@@H](C(=O)O)c1cccc(C(=O)c2ccccc2)c1,0,O=C(c1ccccc1)c1ccccc1,0.2813008130081301,1,0.5235079566232422
CC(=O)Oc1ccccc1C(=O)O,1,c1ccccc1,C[C@H](N)C(=O)c1ccccc1,0,c1ccccc1,0.2737327188940092,0,0.41584840781866356
CC(=O)Nc1ccc(O)cc1,1,c1ccccc1,CC(=O)Nc1ccccc1,0,c1ccccc1,0.64,1,0.5953431540707893
CC(=O)Nc1ccc(O)cc1,1,c1ccccc1,CC/C(=C(\CC)c1ccc(O)cc1)c1ccc(O)cc1,0,C(=Cc1ccccc1)c1ccccc1,0.3175066312997348,1,0.5454174989746979
CC(=O)Nc1ccc(O)cc1,1,c1ccccc1,Oc1ccccc1,0,c1ccccc1,0.30333333333333334,1,0.6986615662443663
CC(=O)Nc1ccc(O)cc1,1,c1ccccc1,Cc1oncc1C(=O)Nc1ccc(C(F)(F)F)cc1,0,O=C(Nc1ccccc1)c1cnoc1,0.2722358722358722,1,0.5545201707404628
CC(=O)Nc1ccccc1,0,c1ccccc1,C[C@H](N)C(=O)c1ccccc1,0,c1ccccc1,0.325,0,0.13389188914522832
CC(=O)Nc1ccccc1,0,c1ccccc1,Cc1cccc(C)c1NC(=O)[C@H](C)N,0,c1ccccc1,0.32457142857142857,0,0.08883693274407659
CC(=O)Nc1ccccc1,0,c1ccccc1,O=C(O)c1ccccc1O,0,c1ccccc1,0.29285714285714287,0,0.08179809868447017
CC(=O)Nc1ccccc1,0,c1ccccc1,Cc1ccccc1,0,c1ccccc1,0.28558352402746,0,0.08677308446267906
CC(C)(Oc1ccc(Cl)cc1)C(=O)O,0,c1ccccc1,CC(C)(Oc1ccc(CCNC(=O)c2ccc(Cl)cc2)cc1)C(=O)O,0,O=C(NCCc1ccccc1)c1ccccc1,0.6192334494773519,0,0.03275509776082233
CC(C)(Oc1ccc(Cl)cc1)C(=O)O,0,c1ccccc1,CCOC(=O)C(C)(C)Oc1ccc(Cl)cc1,0,c1ccccc1,0.5816176470588236,0,0.1448995960544637
CC(C)(Oc1ccc(Cl)cc1)C(=O)O,0,c1ccccc1,CC(C)(Oc1ccc([C@@H]2CC2(Cl)Cl)cc1)C(=O)O,0,c1ccc(C2CC2)cc1,0.5728040540540541,0,0.188926436272493
CC(C)(Oc1ccc(Cl)cc1)C(=O)O,0,c1ccccc1,CC(C)OC(=O)C(C)(C)Oc1ccc(C(=O)c2ccc(Cl)cc2)cc1,0,O=C(c1ccccc1)c1ccccc1,0.5064449064449065,0,0.15310261482645146
CCOC(=O)C(C)(C)Oc1ccc(Cl)cc1,0,c1ccccc1,CC(C)(Oc1ccc(Cl)cc1)C(=O)O,0,c1ccccc1,0.5816176470588236,0,0.10106277869739572
CCOC(=O)C(C)(C)Oc1ccc(Cl)cc1,0,c1ccccc1,CC(C)OC(=O)C(C)(C)Oc1ccc(C(=O)c2ccc(Cl)cc2)cc1,0,O=C(c1ccccc1)c1ccccc1,0.5671274961597543,0,0.04026456212163841
CCOC(=O)C(C)(C)Oc1ccc(Cl)cc1,0,c1ccccc1,CC(C)(Oc1ccc(CCNC(=O)c2ccc(Cl)cc2)cc1)C(=O)O,0,O=C(NCCc1ccccc1)c1ccccc1,0.42282003710575145,0,0.041688032420238254
CCOC(=O)C(C)(C)Oc1ccc(Cl)cc1,0,c1ccccc1,CC(C)(Oc1ccc([C@@H]2CC2(Cl)Cl)cc1)C(=O)O,0,c1ccc(C2CC2)cc1,0.34443266171792153,0,0.09527449085054523
CC(C)C(=O)Nc1ccc([N+](=O)[O-])c(C(F)(F)F)c1,0,c1ccccc1,CC1(C)NC(=O)N(c2ccc([N+](=O)[O-])c(C(F)(F)F)c2)C1=O,0,O=C1CNC(=O)N1c1ccccc1,0.4223255813953489,0,0.24782044730282266
CC(C)C(=O)Nc1ccc([N+](=O)[O-])c(C(F)(F)F)c1,0,c1ccccc1,Cc1oncc1C(=O)Nc1ccc(C(F)(F)F)cc1,0,O=C(Nc1ccccc1)c1cnoc1,0.27507836990595613,0,0.23625586251595662
CC(C)C(=O)Nc1ccc([N+](=O)[O-])c(C(F)(F)F)c1,0,c1ccccc1,Cc1ccc(C(=O)c2cc(O)c(O)c([N+](=O)[O-])c2)cc1,0,O=C(c1ccccc1)c1ccccc1,0.2715151515151515,0,0.08063941721312538
CC(C)C(=O)Nc1ccc([N+](=O)[O-])c(C(F)(F)F)c1,0,c1ccccc1,Cc1cccc(C)c1NC(=O)[C@H](C)N,0,c1ccccc1,0.2665365853658537,0,0.06646489548419851
COCCCC/C(=N/OCCN)c1ccc(C(F)(F)F)cc1,0,c1ccccc1,NCC[C@@H](Oc1ccc(C(F)(F)F)cc1)c1ccccc1,0,c1ccc(COc2ccccc2)cc1,0.29432884536923704,0,0.0008055656876661207
COCCCC/C(=N/OCCN)c1ccc(C(F)(F)F)cc1,0,c1ccccc1,O=C(CCCN1CCC(O)(c2cccc(C(F)(F)F)c2)CC1)c1ccc(F)cc1,0,O=C(CCCN1CCC(c2ccccc2)CC1)c1ccccc1,0.23416599516518938,0,0.0014260040387509697
COCCCC/C(=N/OCCN)c1ccc(C(F)(F)F)cc1,0,c1ccccc1,Cc1oncc1C(=O)Nc1ccc(C(F)(F)F)cc1,0,O=C(Nc1ccccc1)c1cnoc1,0.2306451612903226,0,0.00602081102652752
COCCCC/C(=N/OCCN)c1ccc(C(F)(F)F)cc1,0,c1ccccc1,N=C(N)c1ccc(OCCCCCOc2ccc(C(=N)N)cc2)cc1,0,c1ccc(OCCCCCOc2ccccc2)cc1,0.2300699300699301,0,0.005232192583651883
CC(C)(C)NC[C@@H](O)c1ccc(O)c(CO)c1,0,c1ccccc1,CNC[C@H](O)c1ccc(O)c(O)c1,0,c1ccccc1,0.49333333333333335,0,0.10673351139001372
CC(C)(C)NC[C@@H](O)c1ccc(O)c(CO)c1,0,c1ccccc1,OCc1cc([C@H](O)CNCCCCCCOCCCCc2ccccc2)ccc1O,0,c1ccc(CCCCOCCCCCCNCCc2ccccc2)cc1,0.461904761904762,0,0.053588426272497124
CC(C)(C)NC[C@@H](O)c1ccc(O)c(CO)c1,0,c1ccccc1,C[C@@H](CCc1ccccc1)NC[C@H](O)c1ccc(O)c(C(N)=O)c1,0,c1ccc(CCCNCCc2ccccc2)cc1,0.3551880942538239,0,0.17149728606303027
CC(C)(C)NC[C@@H](O)c1ccc(O)c(CO)c1,0,c1ccccc1,Cc1ccc(Cl)c(OC[C@@H](O)CNC(C)(C)C)c1,0,c1ccccc1,0.3202401372212693,0,0.10864121775449175
Cc1ccc(C)c(OCCCC(C)(C)C(=O)O)c1,0,c1ccccc1,Cc1ccc(Cl)c(OC[C@@H](O)CNC(C)(C)C)c1,0,c1ccccc1,0.31272141706924317,0,0.329638614911113
Cc1ccc(C)c(OCCCC(C)(C)C(=O)O)c1,0,c1ccccc1,CC(C)(Oc1ccc(Cl)cc1)C(=O)O,0,c1ccccc1,0.2657937806873977,0,0.3023821842195615
Cc1ccc(C)c(OCCCC(C)(C)C(=O)O)c1,0,c1ccccc1,CC(C)(Oc1ccc([C@@H]2CC2(Cl)Cl)cc1)C(=O)O,0,c1ccc(C2CC2)cc1,0.24771618625277164,1,0.5022341632239777
Cc1ccc(C)c(OCCCC(C)(C)C(=O)O)c1,0,c1ccccc1,CC(C)(Oc1ccc(CCNC(=O)c2ccc(Cl)cc2)cc1)C(=O)O,0,O=C(NCCc1ccccc1)c1ccccc1,0.2248847926267281,0,0.2724981837110754
C=CCc1ccccc1OC[C@@H](O)CNC(C)C,0,c1ccccc1,C=CCOc1ccccc1OC[C@@H](O)CNC(C)C,0,c1ccccc1,0.7196013289036545,0,0.06753029682291103
C=CCc1ccccc1OC[C@@H](O)CNC(C)C,0,c1ccccc1,CC(C)NC[C@H](O)COc1cccc2ccccc12,0,c1ccc2ccccc2c1,0.5938895417156287,0,0.09984677520444726
C=CCc1ccccc1OC[C@@H](O)CNC(C)C,0,c1ccccc1,COCCc1ccc(OC[C@@H](O)CNC(C)C)cc1,0,c1ccccc1,0.4666666666666667,0,0.04214027816115843
C=CCc1ccccc1OC[C@@H](O)CNC(C)C,0,c1ccccc1,CC(C)(C)NC[C@H](O)COc1ccccc1C#N,0,c1ccccc1,0.4290598290598291,0,0.06746249814024016
Cc1cc(N(C)C)ccc1C[C@H](C)N,0,c1ccccc1,C[C@H](N)Cc1ccccc1,0,c1ccccc1,0.37028571428571433,0,0.1934600539307756
Cc1cc(N(C)C)ccc1C[C@H](C)N,0,c1ccccc1,Cc1cccc(C)c1OC[C@@H](C)N,0,c1ccccc1,0.31741935483870964,0,0.04010230945698135
Cc1cc(N(C)C)ccc1C[C@H](C)N,0,c1ccccc1,Cc1cccc(C)c1NC(=O)[C@H](C)N,0,c1ccccc1,0.2545454545454546,0,0.06814829648345902
Cc1cc(N(C)C)ccc1C[C@H](C)N,0,c1ccccc1,C[C@@H](Cc1ccccc1)N(C)Cc1ccccc1,0,c1ccc(CCNCc2ccccc2)cc1,0.23753501400560223,0,0.05343365586216875
O=C(O)c1ccccc1O,0,c1ccccc1,Oc1ccccc1,0,c1ccccc1,0.3784461152882206,0,0.2488925017492922
O=C(O)c1ccccc1O,0,c1ccccc1,O=C(O)c1cc(/N=N\c2ccc(S(=O)(=O)Nc3ccccn3)cc2)ccc1O,0,O=S(=O)(Nc1ccccn1)c1ccc(N=Nc2ccccc2)cc1,0.3329268292682927,0,0.057176279102056
O=C(O)c1ccccc1O,0,c1ccccc1,CC(=O)Nc1ccccc1,0,c1ccccc1,0.29285714285714287,0,0.18293300970200096
O=C(O)c1ccccc1O,0,c1ccccc1,C[C@H](N)C(=O)c1ccccc1,0,c1ccccc1,0.26666666666666666,0,0.17735709735519198
N=C(N)N/N=C\c1c(Cl)cccc1Cl,0,c1ccccc1,CCOC(=O)C1=C(C)NC(C)=C(C(=O)OC)[C@@H]1c1cccc(Cl)c1Cl,0,C1=CC(c2ccccc2)C=CN1,0.21097424412094065,0,0.01639653908926006
N=C(N)N/N=C\c1c(Cl)cccc1Cl,0,c1ccccc1,N=C(N)N1CCc2ccccc2C1,0,c1ccc2c(c1)CCNC2,0.20736842105263162,0,0.07614701054434837
N=C(N)N/N=C\c1c(Cl)cccc1Cl,0,c1ccccc1,C[C@@H](NC(C)(C)C)C(=O)c1cccc(Cl)c1,0,c1ccccc1,0.19245852187028661,0,0.09640971832181347
N=C(N)N/N=C\c1c(Cl)cccc1Cl,0,c1ccccc1,N=C(N)c1ccc(OCCCCCOc2ccc(C(=N)N)cc2)cc1,0,c1ccc(OCCCCCOc2ccccc2)cc1,0.1875598086124402,0,0.07123479901991261
C[C@H](N)Cc1ccccc1,0,c1ccccc1,CN[C@@H](C)Cc1ccccc1,0,c1ccccc1,0.5641025641025641,0,0.045607406064634134
C[C@H](N)Cc1ccccc1,0,c1ccccc1,CCc1ccccc1,0,c1ccccc1,0.4678260869565217,0,0.020564629428683624
C[C@H](N)Cc1ccccc1,0,c1ccccc1,C[C@@H](Cc1ccccc1)N(C)Cc1ccccc1,0,c1ccc(CCNCc2ccccc2)cc1,0.4612068965517242,0,0.005067714332582871
C[C@H](N)Cc1ccccc1,0,c1ccccc1,C[C@H](N)C(=O)c1ccccc1,0,c1ccccc1,0.403448275862069,0,0.031925913624804285
C#CCN(C)[C@@H](C)Cc1ccccc1,1,c1ccccc1,C[C@@H](Cc1ccccc1)N(C)Cc1ccccc1,0,c1ccc(CCNCc2ccccc2)cc1,0.62,1,0.5830678523112031
C#CCN(C)[C@@H](C)Cc1ccccc1,1,c1ccccc1,C#CCN(C)Cc1ccccc1,0,c1ccccc1,0.5355294117647059,1,0.6749257137683986
C#CCN(C)[C@@H](C)Cc1ccccc1,1,c1ccccc1,C[C@H](N)Cc1ccccc1,0,c1ccccc1,0.4086247086247087,0,0.4273740399997726
C#CCN(C)[C@@H](C)Cc1ccccc1,1,c1ccccc1,CN[C@@H](C)Cc1ccccc1,0,c1ccccc1,0.38428571428571434,1,0.5741531905811109
Nc1ccccc1,0,c1ccccc1,Cc1ccccc1,0,c1ccccc1,0.3461538461538462,0,0.0017839603915445889
Nc1ccccc1,0,c1ccccc1,Oc1ccccc1,0,c1ccccc1,0.3461538461538462,0,0.004404143982415119
Nc1ccccc1,0,c1ccccc1,Nc1ccc(S(N)(=O)=O)cc1,0,c1ccccc1,0.34444444444444444,0,0.02575001148585886
Nc1ccccc1,0,c1ccccc1,N[C@@H]1C[C@H]1c1ccccc1,0,c1ccc(C2CC2)cc1,0.29898989898989903,0,0.052421402366058065
CCCCCN(CCCOC)C(=O)[C@@H](CCC(=O)O)NC(=O)c1ccc(Cl)c(Cl)c1,0,c1ccccc1,O=C(N[C@H](Cc1cc(=O)[nH]c2ccccc12)C(=O)O)c1ccc(Cl)cc1,0,O=C(NCCc1cc(=O)[nH]c2ccccc12)c1ccccc1,0.2631377061756809,0,0.031036093676072084
CCCCCN(CCCOC)C(=O)[C@@H](CCC(=O)O)NC(=O)c1ccc(Cl)c(Cl)c1,0,c1ccccc1,CCOC(=O)[C@H](CCc1ccccc1)N[C@@H](C)C(=O)N(CC(=O)O)C1Cc2ccccc2C1,0,O=C(CNCCCc1ccccc1)NC1Cc2ccccc2C1,0.24036199095022626,0,0.014060141173680055
CCCCCN(CCCOC)C(=O)[C@@H](CCC(=O)O)NC(=O)c1ccc(Cl)c(Cl)c1,0,c1ccccc1,CCCN(CCC)S(=O)(=O)c1ccc(C(=O)O)cc1,0,c1ccccc1,0.23948183610250634,0,0.022564331066113136
CCCCCN(CCCOC)C(=O)[C@@H](CCC(=O)O)NC(=O)c1ccc(Cl)c(Cl)c1,0,c1ccccc1,CCN(CC)CCNC(=O)c1cc(Cl)c(N)cc1OC,0,c1ccccc1,0.23947368421052634,0,0.024685570506430415
CC(C)Cc1ccc([C@@H](C)C(=O)O)cc1,1,c1ccccc1,C[C@@H](C(=O)O)c1cccc(C(=O)c2ccccc2)c1,0,O=C(c1ccccc1)c1ccccc1,0.4343079922027291,1,0.7774764021555007
CC(C)Cc1ccc([C@@H](C)C(=O)O)cc1,1,c1ccccc1,C[C@H](N)Cc1ccccc1,0,c1ccccc1,0.3358974358974359,1,0.9121860946190309
CC(C)Cc1ccc([C@@H](C)C(=O)O)cc1,1,c1ccccc1,CN[C@@H](C)Cc1ccccc1,0,c1ccccc1,0.3066009852216749,1,0.8525029316727801
CC(C)Cc1ccc([C@@H](C)C(=O)O)cc1,1,c1ccccc1,C[C@@H](Cc1ccccc1)N(C)Cc1ccccc1,0,c1ccc(CCNCc2ccccc2)cc1,0.2815789473684211,1,0.596295677897212
CCCCCCCN(CC)CCC[C@@H](O)c1ccc(NS(C)(=O)=O)cc1,0,c1ccccc1,CN(CCOc1ccc(NS(C)(=O)=O)cc1)CCc1ccc(NS(C)(=O)=O)cc1,0,c1ccc(CCNCCOc2ccccc2)cc1,0.34853620955315867,0,0.227715139658855
CCCCCCCN(CC)CCC[C@@H](O)c1ccc(NS(C)(=O)=O)cc1,0,c1ccccc1,CCCCN(CCCC)CC[C@H](O)c1cc2c(Cl)cc(Cl)cc2c2cc(C(F)(F)F)ccc12,0,c1ccc2c(c1)ccc1ccccc12,0.2846727423363712,0,0.040705609545798965
CCCCCCCN(CC)CCC[C@@H](O)c1ccc(NS(C)(=O)=O)cc1,0,c1ccccc1,CCCCN(CCCC)C[C@@H](O)c1cc(Cl)cc2c1-c1ccc(Cl)cc1/C2=C\c1ccc(Cl)cc1,0,C(=C1c2ccccc2-c2ccccc21)c1ccccc1,0.26948356807511736,0,0.005511758090278311
CCCCCCCN(CC)CCC[C@@H](O)c1ccc(NS(C)(=O)=O)cc1,0,c1ccccc1,CCN(CCO)CCC[C@H](C)Nc1ccnc2cc(Cl)ccc12,0,c1ccc2ncccc2c1,0.2607511737089202,0,0.0205450879802167
C=Cc1ccccc1,0,c1ccccc1,Cc1ccccc1,0,c1ccccc1,0.3526315789473684,0,0.004583927206848021
C=Cc1ccccc1,0,c1ccccc1,CCc1ccccc1,0,c1ccccc1,0.3038961038961039,0,0.004846723728426697
C=Cc1ccccc1,0,c1ccccc1,Oc1ccccc1,0,c1ccccc1,0.29263157894736846,0,0.008038520476029177
C=Cc1ccccc1,0,c1ccccc1,Nc1ccccc1,0,c1ccccc1,0.29263157894736846,0,0.009713679739270436
Nc1ccc(S(N)(=O)=O)cc1,0,c1ccccc1,Cc1onc(NS(=O)(=O)c2ccc(N)cc2)c1C,0,O=S(=O)(Nc1ccon1)c1ccccc1,0.38452935694315005,0,0.056674141423310384
Nc1ccc(S(N)(=O)=O)cc1,0,c1ccccc1,Cc1noc(NS(=O)(=O)c2ccc(N)cc2)c1C,0,O=S(=O)(Nc1ccno1)c1ccccc1,0.3778552746294682,0,0.09667192603870724
Nc1ccc(S(N)(=O)=O)cc1,0,c1ccccc1,Nc1ccccc1,0,c1ccccc1,0.34444444444444444,0,0.14311971983831767
Nc1ccc(S(N)(=O)=O)cc1,0,c1ccccc1,COc1ncnc(NS(=O)(=O)c2ccc(N)cc2)c1OC,0,O=S(=O)(Nc1ccncn1)c1ccccc1,0.3369918699186992,0,0.10806680227028162
C=CCOc1ccccc1OC[C@@H](O)CNC(C)C,0,c1ccccc1,C=CCc1ccccc1OC[C@@H](O)CNC(C)C,0,c1ccccc1,0.7196013289036545,0,0.041067939155331995
C=CCOc1ccccc1OC[C@@H](O)CNC(C)C,0,c1ccccc1,CC(C)NC[C@H](O)COc1cccc2ccccc12,0,c1ccc2ccccc2c1,0.6303030303030304,0,0.05095465833336169
C=CCOc1ccccc1OC[C@@H](O)CNC(C)C,0,c1ccccc1,COCCc1ccc(OC[C@@H](O)CNC(C)C)cc1,0,c1ccccc1,0.4677894736842106,0,0.03558563079620802
C=CCOc1ccccc1OC[C@@H](O)CNC(C)C,0,c1ccccc1,CC(C)NC[C@H](O)COc1ccc(COCCOC(C)C)cc1,0,c1ccccc1,0.43592592592592594,0,0.01402365519634217
CCOP(=S)(OCC)Oc1ccc([N+](=O)[O-])cc1,0,c1ccccc1,CCOC(=O)C1=C(C)NC(C)=C(C(=O)OC)[C@@H]1c1cccc([N+](=O)[O-])c1,0,C1=CC(c2ccccc2)C=CN1,0.2924031007751938,0,0.38403743732971973
CCOP(=S)(OCC)Oc1ccc([N+](=O)[O-])cc1,0,c1ccccc1,O=C(N[C@H](CO)[C@H](O)c1ccc([N+](=O)[O-])cc1)C(Cl)Cl,0,c1ccccc1,0.2717858709960509,1,0.574505994222337
CCOP(=S)(OCC)Oc1ccc([N+](=O)[O-])cc1,0,c1ccccc1,CCCOCCOC(=O)C1=C(C)NC(C)=C(C(=O)OCCOCCC)C1c1cccc([N+](=O)[O-])c1,0,C1=CC(c2ccccc2)C=CN1,0.25706521739130433,0,0.06059328313254548
CCOP(=S)(OCC)Oc1ccc([N+](=O)[O-])cc1,0,c1ccccc1,CCOC(=O)C(C)(C)Oc1ccc(Cl)cc1,0,c1ccccc1,0.2445714285714286,0,0.29359669060208676
c1ccccc1,0,c1ccccc1,Cc1ccccc1,0,c1ccccc1,0.2931818181818182,0,0.0028905923093397335
c1ccccc1,0,c1ccccc1,Oc1ccccc1,0,c1ccccc1,0.2931818181818182,0,0.00887297268523588
c1ccccc1,0,c1ccccc1,Nc1ccccc1,0,c1ccccc1,0.2931818181818182,0,0.011592929065693149
c1ccccc1,0,c1ccccc1,CCc1ccccc1,0,c1ccccc1,0.23142857142857143,0,0.0023143295881309428
Cc1cc(Cl)c(S(N)(=O)=O)cc1S(N)(=O)=O,0,c1ccccc1,Nc1ccc(S(N)(=O)=O)cc1,0,c1ccccc1,0.2740740740740741,0,0.18550682633583723
Cc1cc(Cl)c(S(N)(=O)=O)cc1S(N)(=O)=O,0,c1ccccc1,CCOc1ccccc1OCCN[C@H](C)Cc1ccc(OC)c(S(N)(=O)=O)c1,0,c1ccc(CCNCCOc2ccccc2)cc1,0.21000000000000002,0,0.2157443489138745
Cc1cc(Cl)c(S(N)(=O)=O)cc1S(N)(=O)=O,0,c1ccccc1,CCOC(=O)C(C)(C)Oc1ccc(Cl)cc1,0,c1ccccc1,0.20935064935064937,0,0.0876209740747645
Cc1cc(Cl)c(S(N)(=O)=O)cc1S(N)(=O)=O,0,c1ccccc1,C[C@@H](NC(C)(C)C)C(=O)c1cccc(Cl)c1,0,c1ccccc1,0.19331306990881458,0,0.08842921973568463
C#CCN(C)Cc1ccccc1,0,c1ccccc1,C[C@@H](Cc1ccccc1)N(C)Cc1ccccc1,0,c1ccc(CCNCc2ccccc2)cc1,0.4254117647058824,0,0.30927350845000695
C#CCN(C)Cc1ccccc1,0,c1ccccc1,CCc1ccccc1,0,c1ccccc1,0.3402597402597403,0,0.11122304292617662
C#CCN(C)Cc1ccccc1,0,c1ccccc1,CN(C)CC(Oc1ccccc1)Oc1ccccc1,0,c1ccc(OCOc2ccccc2)cc1,0.3015873015873016,0,0.09320971383708887
C#CCN(C)Cc1ccccc1,0,c1ccccc1,C[C@H](N)Cc1ccccc1,0,c1ccccc1,0.2885780885780886,0,0.23677256610434552
CC(C)NC[C@H](O)COc1ccc(COCCOC(C)C)cc1,0,c1ccccc1,COCCc1ccc(OC[C@@H](O)CNC(C)C)cc1,0,c1ccccc1,0.6236170212765958,0,0.0003055864683754736
CC(C)NC[C@H](O)COc1ccc(COCCOC(C)C)cc1,0,c1ccccc1,CC(C)NC[C@H](O)COc1ccc(CCOCC2CC2)cc1,0,c1ccc(CCOCC2CC2)cc1,0.5710120068610635,0,0.0005825187604846613
CC(C)NC[C@H](O)COc1ccc(COCCOC(C)C)cc1,0,c1ccccc1,CC(C)NC[C@H](O)COc1cccc2ccccc12,0,c1ccc2ccccc2c1,0.44207547169811323,0,0.0019834745424503484
CC(C)NC[C@H](O)COc1ccc(COCCOC(C)C)cc1,0,c1ccccc1,C=CCOc1ccccc1OC[C@@H](O)CNC(C)C,0,c1ccccc1,0.43592592592592594,0,0.002095027622253716
CCN(CC)CC(=O)Nc1c(C)cccc1C,1,c1ccccc1,Cc1cccc(C)c1NC(=O)[C@H](C)N,0,c1ccccc1,0.4793233082706767,0,0.34952032917355563
CCN(CC)CC(=O)Nc1c(C)cccc1C,1,c1ccccc1,Cc1cccc(C)c1NC(=O)CC12CCCN1CCC2,0,O=C(CC12CCCN1CCC2)Nc1ccccc1,0.4743055555555556,0,0.47852002447429987
CCN(CC)CC(=O)Nc1c(C)cccc1C,1,c1ccccc1,Cc1cccc(C)c1NC(=O)CN1CCCC1=O,0,O=C(CN1CCCC1=O)Nc1ccccc1,0.45252525252525255,0,0.4611646817584607
CCN(CC)CC(=O)Nc1c(C)cccc1C,1,c1ccccc1,CCCN1CCCC[C@H]1C(=O)Nc1c(C)cccc1C,0,O=C(Nc1ccccc1)C1CCCCN1,0.4314162028447743,0,0.43567116416099394
CCOc1ccc(NC(C)=O)cc1,1,c1ccccc1,CC(=O)Nc1ccccc1,0,c1ccccc1,0.5333333333333333,1,0.8402059643306674
CCOc1ccc(NC(C)=O)cc1,1,c1ccccc1,CN(CCOc1ccc(NS(C)(=O)=O)cc1)CCc1ccc(NS(C)(=O)=O)cc1,0,c1ccc(CCNCCOc2ccccc2)cc1,0.31746031746031744,1,0.5493136495795342
CCOc1ccc(NC(C)=O)cc1,1,c1ccccc1,CCCC(=O)Nc1ccc(OC[C@@H](O)CNC(C)C)c(C(C)=O)c1,0,c1ccccc1,0.3055137844611529,1,0.526801099053897
CCOc1ccc(NC(C)=O)cc1,1,c1ccccc1,CCOC(=O)C(C)(C)Oc1ccc(Cl)cc1,0,c1ccccc1,0.3024665257223397,0,0.3883698506169296
NC(N)=N/C(N)=N/CCc1ccccc1,0,c1ccccc1,CCc1ccccc1,0,c1ccccc1,0.3018232819074334,0,0.21777248236319233
NC(N)=N/C(N)=N/CCc1ccccc1,0,c1ccccc1,C[C@H](N)Cc1ccccc1,0,c1ccccc1,0.2878306878306878,0,0.01174230408924033
NC(N)=N/C(N)=N/CCc1ccccc1,0,c1ccccc1,NC(=O)OCC(COC(N)=O)c1ccccc1,0,c1ccccc1,0.24673485444531865,0,0.06208530260990014
NC(N)=N/C(N)=N/CCc1ccccc1,0,c1ccccc1,CN[C@@H](C)Cc1ccccc1,0,c1ccccc1,0.24464609800362977,0,0.026536588640256903
Oc1ccccc1,0,c1ccccc1,O=C(O)c1ccccc1O,0,c1ccccc1,0.3784461152882206,0,0.09485229810569012
Oc1ccccc1,0,c1ccccc1,Cc1ccccc1,0,c1ccccc1,0.3461538461538462,0,0.00530648953307875
Oc1ccccc1,0,c1ccccc1,Nc1ccccc1,0,c1ccccc1,0.3461538461538462,0,0.10579911828112656
Oc1ccccc1,0,c1ccccc1,CC/C(=C(\CC)c1ccc(O)cc1)c1ccc(O)cc1,0,C(=Cc1ccccc1)c1ccccc1,0.33689839572192515,0,0.2561760024156159
CCN(CC)C(=O)/C(C#N)=C\c1cc(O)c(O)c([N+](=O)[O-])c1,0,c1ccccc1,Cc1ccc(C(=O)c2cc(O)c(O)c([N+](=O)[O-])c2)cc1,0,O=C(c1ccccc1)c1ccccc1,0.3832752613240419,0,0.08419653469063561
CCN(CC)C(=O)/C(C#N)=C\c1cc(O)c(O)c([N+](=O)[O-])c1,0,c1ccccc1,CC(C)C(=O)Nc1ccc([N+](=O)[O-])c(C(F)(F)F)c1,0,c1ccccc1,0.23846153846153847,0,0.062190830400515054
CCN(CC)C(=O)/C(C#N)=C\c1cc(O)c(O)c([N+](=O)[O-])c1,0,c1ccccc1,COC(=O)C1=C(C)NC(C)=C(C(=O)OC)C1c1ccccc1[N+](=O)[O-],0,C1=CC(c2ccccc2)C=CN1,0.222527158376215,0,0.019919613562704736
CCN(CC)C(=O)/C(C#N)=C\c1cc(O)c(O)c([N+](=O)[O-])c1,0,c1ccccc1,COC(=O)C1=C(C#N)NC(C)=C(C(=O)OC(C)C)[C@H]1c1cccc([N+](=O)[O-])c1,0,C1=CC(c2ccccc2)C=CN1,0.21862068965517245,0,0.03543527214687516
CC(C)(C)NC[C@H](O)COc1ccccc1C#N,0,c1ccccc1,CC(C)(C)NC[C@H](O)COc1ccccc1C1CCCC1,0,c1ccc(C2CCCC2)cc1,0.6015873015873016,0,0.048535412182832964
CC(C)(C)NC[C@H](O)COc1ccccc1C#N,0,c1ccccc1,CC(C)(C)NC[C@H](O)COc1cccc2c1CCC(=O)N2,0,O=C1CCc2ccccc2N1,0.5310938845822567,0,0.029504571787164806
CC(C)(C)NC[C@H](O)COc1ccccc1C#N,0,c1ccccc1,Cc1ccc(Cl)c(OC[C@@H](O)CNC(C)(C)C)c1,0,c1ccccc1,0.5261119832548404,0,0.039081465789602504
CC(C)(C)NC[C@H](O)COc1ccccc1C#N,0,c1ccccc1,CC(C)NC[C@H](O)COc1cccc2ccccc12,0,c1ccc2ccccc2c1,0.4346749226006192,0,0.043160601771786065
CNC[C@H](O)c1ccc(O)c(O)c1,0,c1ccccc1,CC(C)(C)NC[C@@H](O)c1ccc(O)c(CO)c1,0,c1ccccc1,0.49333333333333335,0,0.009062894525944436
CNC[C@H](O)c1ccc(O)c(O)c1,0,c1ccccc1,C[C@@H](CCc1ccccc1)NC[C@H](O)c1ccc(O)c(C(N)=O)c1,0,c1ccc(CCCNCCc2ccccc2)cc1,0.3794871794871795,0,0.042765614340752836
CNC[C@H](O)c1ccc(O)c(O)c1,0,c1ccccc1,OCc1cc([C@H](O)CNCCCCCCOCCCCc2ccccc2)ccc1O,0,c1ccc(CCCCOCCCCCCNCCc2ccccc2)cc1,0.3380952380952381,0,0.012753928977725265
CNC[C@H](O)c1ccc(O)c(O)c1,0,c1ccccc1,CN[C@@H](C)Cc1ccccc1,0,c1ccccc1,0.21927497789566755,0,0.09511713237433715
Cc1ccc(Cl)c(OC[C@@H](O)CNC(C)(C)C)c1,0,c1ccccc1,CC(C)(C)NC[C@H](O)COc1ccccc1C#N,0,c1ccccc1,0.5261119832548404,0,0.05022701464397638
Cc1ccc(Cl)c(OC[C@@H](O)CNC(C)(C)C)c1,0,c1ccccc1,CC(C)(C)NC[C@H](O)COc1ccccc1C1CCCC1,0,c1ccc(C2CCCC2)cc1,0.4968105065666042,0,0.0763996760424314
Cc1ccc(Cl)c(OC[C@@H](O)CNC(C)(C)C)c1,0,c1ccccc1,CC(C)(C)NC[C@H](O)COc1cccc2c1CCC(=O)N2,0,O=C1CCc2ccccc2N1,0.4425438596491228,0,0.02776423434228506
Cc1ccc(Cl)c(OC[C@@H](O)CNC(C)(C)C)c1,0,c1ccccc1,CC(C)(C)NC[C@H](O)COc1nsnc1N1CCOCC1,0,c1nsnc1N1CCOCC1,0.35659574468085103,0,0.012712995795424903
C[C@@H](NC(C)(C)C)C(=O)c1cccc(Cl)c1,0,c1ccccc1,C[C@H](N)C(=O)c1ccccc1,0,c1ccccc1,0.3637037037037037,0,0.25542791898472256
C[C@@H](NC(C)(C)C)C(=O)c1cccc(Cl)c1,0,c1ccccc1,CC(C)OC(=O)C(C)(C)Oc1ccc(C(=O)c2ccc(Cl)cc2)cc1,0,O=C(c1ccccc1)c1ccccc1,0.31598039215686274,0,0.14806712199552277
C[C@@H](NC(C)(C)C)C(=O)c1cccc(Cl)c1,0,c1ccccc1,C[C@@H](C(=O)O)c1cccc(C(=O)c2ccccc2)c1,0,O=C(c1ccccc1)c1ccccc1,0.2908466819221968,0,0.2920790513871802
C[C@@H](NC(C)(C)C)C(=O)c1cccc(Cl)c1,0,c1ccccc1,CC(C)(Oc1ccc(Cl)cc1)C(=O)O,0,c1ccccc1,0.2727927927927928,0,0.21277827674608668
CCc1ccccc1,0,c1ccccc1,C[C@H](N)Cc1ccccc1,0,c1ccccc1,0.4678260869565217,0,0.00794613521095259
CCc1ccccc1,0,c1ccccc1,CN[C@@H](C)Cc1ccccc1,0,c1ccccc1,0.42588235294117655,0,0.03644038351029986
CCc1ccccc1,0,c1ccccc1,Cc1ccccc1,0,c1ccccc1,0.4111111111111111,0,0.014256553960573421
CCc1ccccc1,0,c1ccccc1,C[C@@H](Cc1ccccc1)N(C)Cc1ccccc1,0,c1ccc(CCNCc2ccccc2)cc1,0.3757142857142858,0,0.11362753198432371
Cc1cccc(C)c1NC(=O)[C@H](C)N,0,c1ccccc1,Cc1cccc(C)c1NC(=O)CN1CCCC1=O,0,O=C(CN1CCCC1=O)Nc1ccccc1,0.40222222222222226,0,0.09133047149862873
Cc1cccc(C)c1NC(=O)[C@H](C)N,0,c1ccccc1,C[C@H](N)C(=O)c1ccccc1,0,c1ccccc1,0.3981900452488688,0,0.11874026705450139
Cc1cccc(C)c1NC(=O)[C@H](C)N,0,c1ccccc1,Cc1cccc(C)c1NC(=O)CC12CCCN1CCC2,0,O=C(CC12CCCN1CCC2)Nc1ccccc1,0.39633986928104575,0,0.08207638633905255
Cc1cccc(C)c1NC(=O)[C@H](C)N,0,c1ccccc1,CCCN1CCCC[C@H]1C(=O)Nc1c(C)cccc1C,0,O=C(Nc1ccccc1)C1CCCCN1,0.3804761904761905,0,0.05917654772207158
CCCCNC(=O)NS(=O)(=O)c1ccc(C)cc1,1,c1ccccc1,CCCN(CCC)S(=O)(=O)c1ccc(C(=O)O)cc1,0,c1ccccc1,0.2912280701754386,1,0.6414554886347058
CCCCNC(=O)NS(=O)(=O)c1ccc(C)cc1,1,c1ccccc1,Cc1onc(NS(=O)(=O)c2ccc(N)cc2)c1C,0,O=S(=O)(Nc1ccon1)c1ccccc1,0.25122641509433963,1,0.7470072633669238
CCCCNC(=O)NS(=O)(=O)c1ccc(C)cc1,1,c1ccccc1,CCN1CCC[C@@H]1CNC(=O)c1cc(S(N)(=O)=O)ccc1OC,0,O=C(NCC1CCCN1)c1ccccc1,0.2506192442045094,1,0.894513479102979
CCCCNC(=O)NS(=O)(=O)c1ccc(C)cc1,1,c1ccccc1,Cc1noc(NS(=O)(=O)c2ccc(N)cc2)c1C,0,O=S(=O)(Nc1ccno1)c1ccccc1,0.24860736747529202,1,0.7767892056598114
C[C@H](N)C(=O)c1ccccc1,0,c1ccccc1,C[C@H](N)Cc1ccccc1,0,c1ccccc1,0.403448275862069,0,0.03707368460212956
C[C@H](N)C(=O)c1ccccc1,0,c1ccccc1,Cc1cccc(C)c1NC(=O)[C@H](C)N,0,c1ccccc1,0.3981900452488688,0,0.0487675297769097
C[C@H](N)C(=O)c1ccccc1,0,c1ccccc1,C[C@@H](C(=O)O)c1cccc(C(=O)c2ccccc2)c1,0,O=C(c1ccccc1)c1ccccc1,0.3914285714285715,0,0.11421655754797301
C[C@H](N)C(=O)c1ccccc1,0,c1ccccc1,C[C@@H](NC(C)(C)C)C(=O)c1cccc(Cl)c1,0,c1ccccc1,0.3637037037037037,0,0.011604243032200754
CCCN(CCC)S(=O)(=O)c1ccc(C(=O)O)cc1,0,c1ccccc1,C=C(c1ccc(C(=O)O)cc1)c1cc2c(cc1C)C(C)(C)CCC2(C)C,0,C=C(c1ccccc1)c1ccc2c(c1)CCCC2,0.2998918918918919,0,0.22054342683824724
CCCN(CCC)S(=O)(=O)c1ccc(C(=O)O)cc1,0,c1ccccc1,O=C(O)c1ccc(OCCn2ccnc2)cc1,0,c1ccc(OCCn2ccnc2)cc1,0.27058823529411763,0,0.15182749939312054
CCCN(CCC)S(=O)(=O)c1ccc(C(=O)O)cc1,0,c1ccccc1,CCN(CC)CCNC(=O)c1ccc(N)cc1,0,c1ccccc1,0.26313706086095995,0,0.22222976187254323
CCCN(CCC)S(=O)(=O)c1ccc(C(=O)O)cc1,0,c1ccccc1,CCCCc1ncc(/C=C(/Cc2cccs2)C(=O)O)n1Cc1ccc(C(=O)O)cc1,0,C(=Cc1cncn1Cc1ccccc1)Cc1cccs1,0.24952380952380954,0,0.3504855062093861
CCN(CC)CCNC(=O)c1ccc(N)cc1,0,c1ccccc1,CCN(CC)CCNC(=O)c1cc(Cl)c(N)cc1OC,0,c1ccccc1,0.4905102040816327,0,0.2197385209191796
CCN(CC)CCNC(=O)c1ccc(N)cc1,0,c1ccccc1,CC(C)(Oc1ccc(CCNC(=O)c2ccc(Cl)cc2)cc1)C(=O)O,0,O=C(NCCc1ccccc1)c1ccccc1,0.31683794466403165,0,0.09507626057611777
CCN(CC)CCNC(=O)c1ccc(N)cc1,0,c1ccccc1,CCCC(C(=O)OCCN(CC)CC)(c1ccccc1)c1ccccc1,0,c1ccc(Cc2ccccc2)cc1,0.29418386491557225,0,0.09342243341140342
CCN(CC)CCNC(=O)c1ccc(N)cc1,0,c1ccccc1,NNC(=O)c1ccncc1,0,c1ccncc1,0.28736842105263155,0,0.03764701958099876
Cc1ccccc1,0,c1ccccc1,CCc1ccccc1,0,c1ccccc1,0.4111111111111111,0,0.007273187791817819
Cc1ccccc1,0,c1ccccc1,C=Cc1ccccc1,0,c1ccccc1,0.3526315789473684,0,0.007958636858731447
Cc1ccccc1,0,c1ccccc1,Oc1ccccc1,0,c1ccccc1,0.3461538461538462,0,0.011332051681874835
Cc1ccccc1,0,c1ccccc1,Nc1ccccc1,0,c1ccccc1,0.3461538461538462,0,0.014717208363590695
CN[C@@H](C)Cc1ccccc1,0,c1ccccc1,C[C@H](N)Cc1ccccc1,0,c1ccccc1,0.5641025641025641,0,0.05008785923926222
CN[C@@H](C)Cc1ccccc1,0,c1ccccc1,C[C@@H](Cc1ccccc1)N(C)Cc1ccccc1,0,c1ccc(CCNCc2ccccc2)cc1,0.4305210918114144,0,0.04047494391909817
CN[C@@H](C)Cc1ccccc1,0,c1ccccc1,CCc1ccccc1,0,c1ccccc1,0.42588235294117655,0,0.04351349201871896
CN[C@@H](C)Cc1ccccc1,0,c1ccccc1,CCN[C@H](C)Cc1cccc(C(F)(F)F)c1,0,c1ccccc1,0.39917948717948726,0,0.021170872751447488
CC(C)/N=C(N)\N=C(/N)Nc1ccc(Cl)cc1,1,c1ccccc1,CC(C)OC(=O)C(C)(C)Oc1ccc(C(=O)c2ccc(Cl)cc2)cc1,0,O=C(c1ccccc1)c1ccccc1,0.23015873015873017,0,0.2717026786667627
CC(C)/N=C(N)\N=C(/N)Nc1ccc(Cl)cc1,1,c1ccccc1,CC(C)(Oc1ccc(Cl)cc1)C(=O)O,0,c1ccccc1,0.22654462242562928,1,0.5086229980654203
CC(C)/N=C(N)\N=C(/N)Nc1ccc(Cl)cc1,1,c1ccccc1,C[C@H](N/C(=N\C#N)Nc1ccncc1)C(C)(C)C,0,c1ccncc1,0.225708245243129,0,0.39319764741079755
CC(C)/N=C(N)\N=C(/N)Nc1ccc(Cl)cc1,1,c1ccccc1,C[C@@H](NC(C)(C)C)C(=O)c1cccc(Cl)c1,0,c1ccccc1,0.21923076923076923,0,0.4882701813181957
CNC(=O)Oc1cc(C)c(SC)c(C)c1,0,c1ccccc1,CNC(=O)O/N=C(\C)SC,0,,0.3024038461538462,1,0.5498166962244012
CNC(=O)Oc1cc(C)c(SC)c(C)c1,0,c1ccccc1,Cc1ccc(C)c(OCCCC(C)(C)C(=O)O)c1,0,c1ccccc1,0.21025641025641026,0,0.2521464744122513
CNC(=O)Oc1cc(C)c(SC)c(C)c1,0,c1ccccc1,Cc1cccc(C)c1NC(=O)[C@H](C)N,0,c1ccccc1,0.20444444444444448,0,0.29346210693373653
CNC(=O)Oc1cc(C)c(SC)c(C)c1,0,c1ccccc1,CCOC(=O)C(C)(C)Oc1ccc(Cl)cc1,0,c1ccccc1,0.1969387755102041,0,0.2863579087114219
NC(=O)OCC(COC(N)=O)c1ccccc1,0,c1ccccc1,NC(=O)C[S@H](=O)C(c1ccccc1)c1ccccc1,0,c1ccc(Cc2ccccc2)cc1,0.43714285714285717,0,0.16740101893338805
NC(=O)OCC(COC(N)=O)c1ccccc1,0,c1ccccc1,C[C@H](N)C(=O)c1ccccc1,0,c1ccccc1,0.312967032967033,0,0.10861324253692838
NC(=O)OCC(COC(N)=O)c1ccccc1,0,c1ccccc1,CCOC(=O)c1cncn1[C@H](C)c1ccccc1,0,c1ccc(Cn2ccnc2)cc1,0.30405405405405406,0,0.12372826189657593
NC(=O)OCC(COC(N)=O)c1ccccc1,0,c1ccccc1,COC(=O)[C@H](c1ccccc1)[C@H]1CCCCN1,0,c1ccc(CC2CCCCN2)cc1,0.3030037546933667,0,0.12952982709950256
CC(C)c1cccc(C(C)C)c1O,1,c1ccccc1,C[C@H](N)Cc1ccccc1,0,c1ccccc1,0.29523809523809524,1,0.6467994147726588
CC(C)c1cccc(C(C)C)c1O,1,c1ccccc1,Oc1ccccc1,0,c1ccccc1,0.2931818181818182,1,0.8382474363062403
CC(C)c1cccc(C(C)C)c1O,1,c1ccccc1,CC(C)c1cc(C(C)C)c(CC(=O)NS(=O)(=O)Oc2c(C(C)C)cccc2C(C)C)c(C(C)C)c1,0,O=C(Cc1ccccc1)NS(=O)(=O)Oc1ccccc1,0.2840522875816993,1,0.9496834982293699
CC(C)c1cccc(C(C)C)c1O,1,c1ccccc1,C[C@H](N)C(=O)c1ccccc1,0,c1ccccc1,0.27420289855072466,1,0.6323762555515318
CCN[C@H](C)Cc1cccc(C(F)(F)F)c1,0,c1ccccc1,CN[C@@H](C)Cc1ccccc1,0,c1ccccc1,0.39917948717948726,0,0.2189462675567173
CCN[C@H](C)Cc1cccc(C(F)(F)F)c1,0,c1ccccc1,C[C@H](N)Cc1ccccc1,0,c1ccccc1,0.34215384615384614,0,0.19857108852761685
CCN[C@H](C)Cc1cccc(C(F)(F)F)c1,0,c1ccccc1,CCOc1ccccc1OCCN[C@H](C)Cc1ccc(OC)c(S(N)(=O)=O)c1,0,c1ccc(CCNCCOc2ccccc2)cc1,0.31149825783972124,0,0.1315889380711475
CCN[C@H](C)Cc1cccc(C(F)(F)F)c1,0,c1ccccc1,CCc1ccccc1,0,c1ccccc1,0.2695945945945946,0,0.06981691679402816
CCN(CC)CCNC(=O)c1cc(Cl)c(N)cc1OC,0,c1ccccc1,CCN(CC)CCNC(=O)c1ccc(N)cc1,0,c1ccccc1,0.4905102040816327,0,0.19690901797244284
CCN(CC)CCNC(=O)c1cc(Cl)c(N)cc1OC,0,c1ccccc1,CCOc1cc(N)c(Cl)cc1C(=O)NC[C@@H]1CN(Cc2ccc(F)cc2)CCO1,0,O=C(NCC1CN(Cc2ccccc2)CCO1)c1ccccc1,0.3991111111111111,0,0.08572421953980304
CCN(CC)CCNC(=O)c1cc(Cl)c(N)cc1OC,0,c1ccccc1,CCN1CCC[C@@H]1CNC(=O)c1cc(S(N)(=O)=O)ccc1OC,0,O=C(NCC1CCCN1)c1ccccc1,0.332,0,0.18824181683450916
CCN(CC)CCNC(=O)c1cc(Cl)c(N)cc1OC,0,c1ccccc1,CCN1CCC[C@H]1CNC(=O)c1c(OC)ccc(Br)c1OC,0,O=C(NCC1CCCN1)c1ccccc1,0.29305555555555557,0,0.06886270669222143
COCCc1ccc(OC[C@@H](O)CNC(C)C)cc1,0,c1ccccc1,CC(C)NC[C@H](O)COc1ccc(CCOCC2CC2)cc1,0,c1ccc(CCOCC2CC2)cc1,0.7025755879059351,0,0.009483732868755415
COCCc1ccc(OC[C@@H](O)CNC(C)C)cc1,0,c1ccccc1,CC(C)NC[C@H](O)COc1ccc(COCCOC(C)C)cc1,0,c1ccccc1,0.6236170212765958,0,0.01927158244838108
COCCc1ccc(OC[C@@H](O)CNC(C)C)cc1,0,c1ccccc1,CC(C)NC[C@H](O)COc1cccc2ccccc12,0,c1ccc2ccccc2c1,0.47497314715359834,0,0.0036664952318037737
COCCc1ccc(OC[C@@H](O)CNC(C)C)cc1,0,c1ccccc1,C=CCOc1ccccc1OC[C@@H](O)CNC(C)C,0,c1ccccc1,0.4677894736842106,0,0.0038835654734472765
O=C(N[C@H](CO)[C@H](O)c1ccc([N+](=O)[O-])cc1)C(Cl)Cl,0,c1ccccc1,CCOP(=S)(OCC)Oc1ccc([N+](=O)[O-])cc1,0,c1ccccc1,0.2717858709960509,0,0.08467379264245237
O=C(N[C@H](CO)[C@H](O)c1ccc([N+](=O)[O-])cc1)C(Cl)Cl,0,c1ccccc1,CC(C)C(=O)Nc1ccc([N+](=O)[O-])c(C(F)(F)F)c1,0,c1ccccc1,0.26374355195283716,0,0.06380627138647034
O=C(N[C@H](CO)[C@H](O)c1ccc([N+](=O)[O-])cc1)C(Cl)Cl,0,c1ccccc1,CCOC(=O)C1=C(C)NC(C)=C(C(=O)OC)[C@@H]1c1cccc([N+](=O)[O-])c1,0,C1=CC(c2ccccc2)C=CN1,0.23842195540308747,0,0.09895852134850307
O=C(N[C@H](CO)[C@H](O)c1ccc([N+](=O)[O-])cc1)C(Cl)Cl,0,c1ccccc1,COCCOC(=O)C1=C(C)NC(C)=C(C(=O)OC(C)C)[C@@H]1c1cccc([N+](=O)[O-])c1,0,C1=CC(c2ccccc2)C=CN1,0.22258551307847083,0,0.043796014045087796
Cc1cccc(C)c1OC[C@@H](C)N,0,c1ccccc1,C[C@H](N)Cc1ccccc1,0,c1ccccc1,0.3930107526881721,0,0.18733390629705798
Cc1cccc(C)c1OC[C@@H](C)N,0,c1ccccc1,Cc1cccc(C)c1NC(=O)[C@H](C)N,0,c1ccccc1,0.3610810810810811,0,0.15079565359309546
Cc1cccc(C)c1OC[C@@H](C)N,0,c1ccccc1,Cc1cc(N(C)C)ccc1C[C@H](C)N,0,c1ccccc1,0.31741935483870964,0,0.07637565441814384
Cc1cccc(C)c1OC[C@@H](C)N,0,c1ccccc1,C[C@H](N)C(=O)c1ccccc1,0,c1ccccc1,0.28800000000000003,0,0.27830600839121583
CC(C)c1c(C(=O)Nc2ccccc2)c(-c2ccccc2)c(-c2ccc(F)cc2)n1CC[C@@H](O)C[C@@H](O)CC(=O)O,0,O=C(Nc1ccccc1)c1c[nH]c(-c2ccccc2)c1-c1ccccc1,COCc1c(C(C)C)nc(C(C)C)c(/C=C\[C@@H](O)C[C@@H](O)CC(=O)O)c1-c1ccc(F)cc1,0,c1ccc(-c2ccncc2)cc1,0.3720553857219925,0,0.061747013623362094
CC(C)c1c(C(=O)Nc2ccccc2)c(-c2ccccc2)c(-c2ccc(F)cc2)n1CC[C@@H](O)C[C@@H](O)CC(=O)O,0,O=C(Nc1ccccc1)c1c[nH]c(-c2ccccc2)c1-c1ccccc1,CC[C@H](C)C(=O)O[C@H]1C[C@H](O)C=C2C=C[C@H](C)[C@H](CC[C@@H](O)C[C@@H](O)CC(=O)O)[C@H]21,0,C1=CC2=CCCCC2CC1,0.24480286738351256,0,0.08378661101074196
CC(C)c1c(C(=O)Nc2ccccc2)c(-c2ccccc2)c(-c2ccc(F)cc2)n1CC[C@@H](O)C[C@@H](O)CC(=O)O,0,O=C(Nc1ccccc1)c1c[nH]c(-c2ccccc2)c1-c1ccccc1,CC(=O)Nc1ccccc1,0,c1ccccc1,0.24035767511177347,0,0.14244329906219674
CC(C)c1c(C(=O)Nc2ccccc2)c(-c2ccccc2)c(-c2ccc(F)cc2)n1CC[C@@H](O)C[C@@H](O)CC(=O)O,0,O=C(Nc1ccccc1)c1c[nH]c(-c2ccccc2)c1-c1ccccc1,CC1=C(CC(=O)O)c2cc(F)ccc2/C1=C\c1ccc([S@@H](C)=O)cc1,0,C1=Cc2ccccc2C1=Cc1ccccc1,0.20222145088510934,0,0.14158471803214395
OC(c1ccccc1)(c1ccccc1)C1CCNCC1,0,c1ccc(C(c2ccccc2)C2CCNCC2)cc1,c1ccc2cc(COC3CCNCC3)ccc2c1,0,c1ccc2cc(COC3CCNCC3)ccc2c1,0.30909090909090914,0,0.08238019566075727
OC(c1ccccc1)(c1ccccc1)C1CCNCC1,0,c1ccc(C(c2ccccc2)C2CCNCC2)cc1,COC(=O)[C@H](c1ccccc1)[C@H]1CCCCN1,0,c1ccc(CC2CCCCN2)cc1,0.2570294784580499,0,0.019588313369356673
OC(c1ccccc1)(c1ccccc1)C1CCNCC1,0,c1ccc(C(c2ccccc2)C2CCNCC2)cc1,N[C@@H]1C[C@H]1c1ccccc1,0,c1ccc(C2CC2)cc1,0.2443956043956044,0,0.09623810147501793
OC(c1ccccc1)(c1ccccc1)C1CCNCC1,0,c1ccc(C(c2ccccc2)C2CCNCC2)cc1,Oc1ccccc1,0,c1ccccc1,0.22643678160919542,0,0.03746870330445014
CN1CCN2c3ccccc3Cc3cccnc3[C@@H]2C1,1,c1ccc2c(c1)Cc1cccnc1C1CNCCN21,CN1CCC(=C2c3ccccc3CCc3cccnc32)CC1,0,c1ccc2c(c1)CCc1cccnc1C2=C1CCNCC1,0.3432624113475177,0,0.415366819786997
CN1CCN2c3ccccc3Cc3cccnc3[C@@H]2C1,1,c1ccc2c(c1)Cc1cccnc1C1CNCCN21,CN1CCN(C2=Nc3cc(F)ccc3Cc3ccccc32)CC1,0,c1ccc2c(c1)Cc1ccccc1C(N1CCNCC1)=N2,0.30444515510073555,0,0.39666758072379343
CN1CCN2c3ccccc3Cc3cccnc3[C@@H]2C1,1,c1ccc2c(c1)Cc1cccnc1C1CNCCN21,NC1=NC[C@@H]2c3ccccc3Cc3ccccc3N12,0,C1=NCC2c3ccccc3Cc3ccccc3N12,0.29629629629629634,1,0.9192808513031477
CN1CCN2c3ccccc3Cc3cccnc3[C@@H]2C1,1,c1ccc2c(c1)Cc1cccnc1C1CNCCN21,CCOC(=O)C1(c2ccccc2)CCN(C)CC1,0,c1ccc(C2CCNCC2)cc1,0.2539730134932534,0,0.377962994636622
C[C@]12CC[C@@H]3c4ccc(O)cc4CC[C@H]3[C@@H]1CCC2=O,1,O=C1CCC2C1CCC1c3ccccc3CCC12,C#C[C@]1(O)CC[C@H]2[C@@H]3CCc4cc(O)ccc4[C@H]3CC[C@@]21C,0,c1ccc2c(c1)CCC1C2CCC2CCCC21,0.5915384615384616,1,0.6307443348060912
C[C@]12CC[C@@H]3c4ccc(O)cc4CC[C@H]3[C@@H]1CCC2=O,1,O=C1CCC2C1CCC1c3ccccc3CCC12,C[C@]12CC[C@H](O)CC1=CC[C@@H]1[C@@H]2CC[C@]2(C)C(=O)CC[C@@H]12,0,O=C1CCC2C1CCC1C3CCCCC3=CCC21,0.39410774410774413,0,0.49727237350601977
C[C@]12CC[C@@H]3c4ccc(O)cc4CC[C@H]3[C@@H]1CCC2=O,1,O=C1CCC2C1CCC1c3ccccc3CCC12,C=C1C[C@@H]2[C@H](CC[C@]3(C)C(=O)CC[C@@H]23)[C@@]2(C)C=CC(=O)C=C12,0,C=C1CC2C(CCC3C(=O)CCC32)C2C=CC(=O)C=C12,0.34838212634822807,1,0.666406933397001
C[C@]12CC[C@@H]3c4ccc(O)cc4CC[C@H]3[C@@H]1CCC2=O,1,O=C1CCC2C1CCC1c3ccccc3CCC12,CC(C)=CCN1CC[C@]2(C)c3cc(O)ccc3C[C@H]1[C@H]2C,0,c1ccc2c(c1)CC1CC2CCN1,0.27136672850958565,1,0.8563847623319948
Cc1cnc(NC(=O)C2=C(O)c3ccccc3S(=O)(=O)N2C)s1,1,O=C(Nc1nccs1)C1=Cc2ccccc2S(=O)(=O)N1,Cc1cccc(C)c1NC(=O)[C@H](C)N,0,c1ccccc1,0.2177777777777778,1,0.8071270402030697
Cc1cnc(NC(=O)C2=C(O)c3ccccc3S(=O)(=O)N2C)s1,1,O=C(Nc1nccs1)C1=Cc2ccccc2S(=O)(=O)N1,CC(=O)Nc1ccccc1,0,c1ccccc1,0.211743450767841,1,0.9056937643376504
Cc1cnc(NC(=O)C2=C(O)c3ccccc3S(=O)(=O)N2C)s1,1,O=C(Nc1nccs1)C1=Cc2ccccc2S(=O)(=O)N1,CCCN1CCCC[C@H]1C(=O)Nc1c(C)cccc1C,0,O=C(Nc1ccccc1)C1CCCCN1,0.20680308264682434,1,0.936402272050872
Cc1cnc(NC(=O)C2=C(O)c3ccccc3S(=O)(=O)N2C)s1,1,O=C(Nc1nccs1)C1=Cc2ccccc2S(=O)(=O)N1,Cc1oncc1C(=O)Nc1ccc(C(F)(F)F)cc1,0,O=C(Nc1ccccc1)c1cnoc1,0.20672463768115945,1,0.9168803310133271
CN1C(C(=O)Nc2ccccn2)=C(O)c2ccccc2S1(=O)=O,1,O=C(Nc1ccccn1)C1=Cc2ccccc2S(=O)(=O)N1,O=C(O)c1cc(/N=N\c2ccc(S(=O)(=O)Nc3ccccn3)cc2)ccc1O,0,O=S(=O)(Nc1ccccn1)c1ccc(N=Nc2ccccc2)cc1,0.2814229249011858,1,0.5787017107533944
CN1C(C(=O)Nc2ccccn2)=C(O)c2ccccc2S1(=O)=O,1,O=C(Nc1ccccn1)C1=Cc2ccccc2S(=O)(=O)N1,CN1CCC(=C2c3ccccc3CCc3cccnc32)CC1,0,c1ccc2c(c1)CCc1cccnc1C2=C1CCNCC1,0.24116575591985429,1,0.6138525753691472
CN1C(C(=O)Nc2ccccn2)=C(O)c2ccccc2S1(=O)=O,1,O=C(Nc1ccccn1)C1=Cc2ccccc2S(=O)(=O)N1,CC(=O)Nc1ccccc1,0,c1ccccc1,0.22600000000000003,1,0.770307823596311
CN1C(C(=O)Nc2ccccn2)=C(O)c2ccccc2S1(=O)=O,1,O=C(Nc1ccccn1)C1=Cc2ccccc2S(=O)(=O)N1,Cc1cccc(C)c1NC(=O)CN1CCCC1=O,0,O=C(CN1CCCC1=O)Nc1ccccc1,0.20897959183673473,1,0.8109012022859619
CCOCn1c(Cc2ccccc2)c(C(C)C)c(=O)[nH]c1=O,0,O=c1cc(Cc2ccccc2)[nH]c(=O)[nH]1,CCOC(=O)c1cncn1[C@H](C)c1ccccc1,0,c1ccc(Cn2ccnc2)cc1,0.2660260809883322,0,0.0030542135654825957
CCOCn1c(Cc2ccccc2)c(C(C)C)c(=O)[nH]c1=O,0,O=c1cc(Cc2ccccc2)[nH]c(=O)[nH]1,CN[C@@H](C)Cc1ccccc1,0,c1ccccc1,0.25081300813008134,0,0.010836415928812708
CCOCn1c(Cc2ccccc2)c(C(C)C)c(=O)[nH]c1=O,0,O=c1cc(Cc2ccccc2)[nH]c(=O)[nH]1,CCc1ccccc1,0,c1ccccc1,0.2446511627906977,0,0.021295111329982776
CCOCn1c(Cc2ccccc2)c(C(C)C)c(=O)[nH]c1=O,0,O=c1cc(Cc2ccccc2)[nH]c(=O)[nH]1,C[C@H](N)Cc1ccccc1,0,c1ccccc1,0.24015275504637207,0,0.013067028647618759
CCCC(CCC)C(=O)O,1,,CCCO,0,,0.243859649122807,1,0.5753443022233145
CCCC(CCC)C(=O)O,1,,CCCN(CCC)S(=O)(=O)c1ccc(C(=O)O)cc1,0,c1ccccc1,0.23297297297297298,1,0.5905110651889021
CCCC(CCC)C(=O)O,1,,CC(C)=O,0,,0.2152777777777778,1,0.6144763269294282
CCCC(CCC)C(=O)O,1,,C[C@@H](C(=O)O)c1cccc(C(=O)c2ccccc2)c1,0,O=C(c1ccccc1)c1ccccc1,0.2084942084942085,1,0.6345903078170471
CC(C)=O,0,,CS(C)=O,0,,0.36000000000000004,0,0.005890607505453252
CC(C)=O,0,,CC(=O)Nc1ccccc1,0,c1ccccc1,0.25,0,0.022346436401155256
CC(C)=O,0,,CCO,0,,0.21000000000000002,0,0.01884573582747832
CC(C)=O,0,,CNC(=O)O/N=C(\C)SC,0,,0.2066666666666667,0,0.0341828633305378
O=[N+]([O-])OCC(CO[N+](=O)[O-])O[N+](=O)[O-],0,,CCOP(=S)(OCC)Oc1ccc([N+](=O)[O-])cc1,0,c1ccccc1,0.1898809523809524,0,0.012104794257599128
O=[N+]([O-])OCC(CO[N+](=O)[O-])O[N+](=O)[O-],0,,O=C(N[C@H](CO)[C@H](O)c1ccc([N+](=O)[O-])cc1)C(Cl)Cl,0,c1ccccc1,0.16056045666839647,0,0.03340220936470388
O=[N+]([O-])OCC(CO[N+](=O)[O-])O[N+](=O)[O-],0,,COC(=O)C1=C(C)NC(C)=C(C(=O)OCC(C)C)[C@H]1c1ccccc1[N+](=O)[O-],0,C1=CC(c2ccccc2)C=CN1,0.1529824561403509,0,0.002579793637677537
O=[N+]([O-])OCC(CO[N+](=O)[O-])O[N+](=O)[O-],0,,CC(C)C(=O)Nc1ccc([N+](=O)[O-])c(C(F)(F)F)c1,0,c1ccccc1,0.1392857142857143,0,0.02110967148559142
NN=O,0,,Nc1ccc(S(N)(=O)=O)cc1,0,c1ccccc1,0.14,0,0.0024763278496022704
NN=O,0,,Cc1cc(Cl)c(S(N)(=O)=O)cc1S(N)(=O)=O,0,c1ccccc1,0.1096989966555184,0,0.01884060851584225
NN=O,0,,O=NN(CCCl)C(=O)NC1CCCCC1,0,C1CCCCC1,0.09672727272727275,0,0.002842435247107283
NN=O,0,,CS(=O)(=O)OCCCCOS(C)(=O)=O,0,,0.09671052631578947,0,0.0018020019420768377
FC(F)(F)[C@H](Cl)Br,1,,FC(F)O[C@@H](Cl)C(F)(F)F,0,,0.33714285714285713,1,0.9465474199166718
FC(F)(F)[C@H](Cl)Br,1,,COC(F)(F)C(Cl)Cl,0,,0.30153846153846153,1,0.9587677648346395
FC(F)(F)[C@H](Cl)Br,1,,FC(F)OC(F)(F)[C@@H](F)Cl,0,,0.2857142857142857,1,0.9504941321042503
FC(F)(F)[C@H](Cl)Br,1,,FCOC(C(F)(F)F)C(F)(F)F,0,,0.2476190476190476,1,0.8527466248418509
FCOC(C(F)(F)F)C(F)(F)F,0,,FC(F)O[C@@H](Cl)C(F)(F)F,0,,0.25866666666666666,0,0.06155188783312313
FCOC(C(F)(F)F)C(F)(F)F,0,,COC(F)(F)C(Cl)Cl,0,,0.21555555555555558,0,0.07086528298291402
FCOC(C(F)(F)F)C(F)(F)F,0,,FC(F)OC(F)(F)[C@@H](F)Cl,0,,0.20647773279352227,0,0.07590150272468381
FCOC(C(F)(F)F)C(F)(F)F,0,,NCC[C@@H](Oc1ccc(C(F)(F)F)cc1)c1ccccc1,0,c1ccc(COc2ccccc2)cc1,0.13781512605042018,0,0.013269379281584602
FC(F)O[C@@H](Cl)C(F)(F)F,0,,FC(F)OC(F)(F)[C@@H](F)Cl,0,,0.39539641943734016,0,0.09742896691383013
FC(F)O[C@@H](Cl)C(F)(F)F,0,,COC(F)(F)C(Cl)Cl,0,,0.2888888888888889,0,0.05109595139158605
FC(F)O[C@@H](Cl)C(F)(F)F,0,,FCOC(C(F)(F)F)C(F)(F)F,0,,0.25866666666666666,0,0.019971403883097597
FC(F)O[C@@H](Cl)C(F)(F)F,0,,OC(O)C(Cl)(Cl)Cl,0,,0.1590909090909091,0,0.021083794049784905
CCN(CC)C(=S)SSC(=S)N(CC)CC,0,,CCO,0,,0.20277777777777778,0,0.0326972824898288
CCN(CC)C(=S)SSC(=S)N(CC)CC,0,,CCCO,0,,0.18222222222222226,0,0.04318968226114058
CCN(CC)C(=S)SSC(=S)N(CC)CC,0,,CCN(CC)C(=O)[C@]1(c2ccccc2)C[C@@H]1CN,0,c1ccc(C2CC2)cc1,0.1730796335447498,0,0.011635355087248783
CCN(CC)C(=S)SSC(=S)N(CC)CC,0,,CCN(CC)CCNC(=O)c1ccc(N)cc1,0,c1ccccc1,0.1622222222222222,0,0.04382895385820738
CS(C)=O,0,,CC(C)=O,0,,0.36000000000000004,0,0.027859495721334376
CS(C)=O,0,,CS(=O)(=O)OCCCCOS(C)(=O)=O,0,,0.145748987854251,0,0.008729804970215022
CS(C)=O,0,,CCO,0,,0.12272727272727274,0,0.03558297736545307
CS(C)=O,0,,CC(=O)Nc1ccccc1,0,c1ccccc1,0.11956521739130435,0,0.024409380515472857
CN(C)S(=O)(=O)CCNC(=O)N(CCCl)N=O,1,,O=NN(CCCl)C(=O)NC1CCCCC1,0,C1CCCCC1,0.4502777777777778,1,0.714262772368618
CN(C)S(=O)(=O)CCNC(=O)N(CCCl)N=O,1,,CCCN(CCC)S(=O)(=O)c1ccc(C(=O)O)cc1,0,c1ccccc1,0.20034188034188036,1,0.5489011528602078
CN(C)S(=O)(=O)CCNC(=O)N(CCCl)N=O,1,,CCN(CC)CCNC(=O)c1ccc(N)cc1,0,c1ccccc1,0.17524177949709868,1,0.6270243526155667
CN(C)S(=O)(=O)CCNC(=O)N(CCCl)N=O,1,,CCN(CC)CCNC(=O)c1cc(Cl)c(N)cc1OC,0,c1ccccc1,0.1665909090909091,1,0.5922420221080179
FC(F)OC(F)(F)[C@@H](F)Cl,0,,COC(F)(F)C(Cl)Cl,0,,0.406832298136646,0,0.020274197377626254
FC(F)OC(F)(F)[C@@H](F)Cl,0,,FC(F)O[C@@H](Cl)C(F)(F)F,0,,0.39539641943734016,0,0.016938300232253452
FC(F)OC(F)(F)[C@@H](F)Cl,0,,FCOC(C(F)(F)F)C(F)(F)F,0,,0.20647773279352227,0,0.008109254106896916
FC(F)OC(F)(F)[C@@H](F)Cl,0,,OC(O)C(Cl)(Cl)Cl,0,,0.1443850267379679,0,0.02117805839879014
CCOC(=O)C[C@@H](SP(=S)(OC)OC)C(=O)OCC,0,,CCOC(=O)C(C)(C)Oc1ccc(Cl)cc1,0,c1ccccc1,0.21746880570409982,0,0.0033123126072472303
CCOC(=O)C[C@@H](SP(=S)(OC)OC)C(=O)OCC,0,,CCOC(=O)C1(c2ccccc2)CCN(C)CC1,0,c1ccc(C2CCNCC2)cc1,0.20101010101010103,0,0.005169810739723957
CCOC(=O)C[C@@H](SP(=S)(OC)OC)C(=O)OCC,0,,CCOC(=O)C1=C(C)NC(C)=C(C(=O)OC)[C@@H]1c1cccc(Cl)c1Cl,0,C1=CC(c2ccccc2)C=CN1,0.1966432474629196,0,0.0034304261603787974
CCOC(=O)C[C@@H](SP(=S)(OC)OC)C(=O)OCC,0,,CCOC(=O)c1cncn1[C@H](C)c1ccccc1,0,c1ccc(Cn2ccnc2)cc1,0.1850574712643678,0,0.004326207445141282
CS(=O)(=O)OCCCCOS(C)(=O)=O,0,,CN(CCOc1ccc(NS(C)(=O)=O)cc1)CCc1ccc(NS(C)(=O)=O)cc1,0,c1ccc(CCNCCOc2ccccc2)cc1,0.1710955710955711,0,0.13749660671073868
CS(=O)(=O)OCCCCOS(C)(=O)=O,0,,N=C(N)c1ccc(OCCCCCOc2ccc(C(=N)N)cc2)cc1,0,c1ccc(OCCCCCOc2ccccc2)cc1,0.16050420168067228,0,0.07547946354111694
CS(=O)(=O)OCCCCOS(C)(=O)=O,0,,CCN[C@H]1CN(CCCOC)S(=O)(=O)c2sc(S(N)(=O)=O)cc21,0,O=S1(=O)NCCc2ccsc21,0.15320197044334977,0,0.13941098796678256
CS(=O)(=O)OCCCCOS(C)(=O)=O,0,,Cc1ccc(C)c(OCCCC(C)(C)C(=O)O)c1,0,c1ccccc1,0.14692202462380302,0,0.031822844424768376
COC(F)(F)C(Cl)Cl,0,,FC(F)OC(F)(F)[C@@H](F)Cl,0,,0.406832298136646,0,0.10544822382081476
COC(F)(F)C(Cl)Cl,0,,FC(F)O[C@@H](Cl)C(F)(F)F,0,,0.2888888888888889,0,0.06993269209535506
COC(F)(F)C(Cl)Cl,0,,FCOC(C(F)(F)F)C(F)(F)F,0,,0.21555555555555558,0,0.01964750351189079
COC(F)(F)C(Cl)Cl,0,,OC(O)C(Cl)(Cl)Cl,0,,0.1517857142857143,0,0.03802208901726854
CCC[C@@](C)(COC(N)=O)COC(=O)NC(C)C,0,,NC(=O)OCC(COC(N)=O)c1ccccc1,0,c1ccccc1,0.2472340425531915,0,0.21420060641437194
CCC[C@@](C)(COC(N)=O)COC(=O)NC(C)C,0,,CCCC(C(=O)OCCN(CC)CC)(c1ccccc1)c1ccccc1,0,c1ccc(Cc2ccccc2)cc1,0.20842105263157895,0,0.0720622113044437
CCC[C@@](C)(COC(N)=O)COC(=O)NC(C)C,0,,CNC(=O)O/N=C(\C)SC,0,,0.18333333333333335,0,0.11636917565029803
CCC[C@@](C)(COC(N)=O)COC(=O)NC(C)C,0,,CCOC(=O)C(C)(C)Oc1ccc(Cl)cc1,0,c1ccccc1,0.18252234359483616,0,0.05330775315197258
CCO,0,,CCCO,0,,0.5873015873015873,0,0.00982645331501291
CCO,0,,CC(C)=O,0,,0.21000000000000002,0,0.029924438042365664
CCO,0,,CCN(CC)C(=S)SSC(=S)N(CC)CC,0,,0.20277777777777778,0,0.0033754123591369437
CCO,0,,CC/C(=C(\CC)c1ccc(O)cc1)c1ccc(O)cc1,0,C(=Cc1ccccc1)c1ccccc1,0.19333333333333336,0,0.026348689215740063
CCCO,0,,CCO,0,,0.5873015873015873,0,0.016689948080524878
CCCO,0,,CC/C(=C(\CC)c1ccc(O)cc1)c1ccc(O)cc1,0,C(=Cc1ccccc1)c1ccccc1,0.1875598086124402,0,0.02697772140140125
CCCO,0,,CCN(CC)C(=S)SSC(=S)N(CC)CC,0,,0.18222222222222226,0,0.0035769535708843284
CCCO,0,,CC(C)=O,0,,0.17333333333333334,0,0.02837182359318206
ClC(Cl)Cl,1,,OC(O)C(Cl)(Cl)Cl,0,,0.21212121212121215,1,0.7023254798761076
ClC(Cl)Cl,1,,COC(F)(F)C(Cl)Cl,0,,0.2,1,0.7303169740020956
ClC(Cl)Cl,1,,FC(F)OC(F)(F)[C@@H](F)Cl,0,,0.18733031674208148,1,0.6608623534344911
ClC(Cl)Cl,1,,FC(F)O[C@@H](Cl)C(F)(F)F,0,,0.18733031674208148,1,0.6817825484525492
CNC(=O)O/N=C(\C)SC,0,,CNC(=O)Oc1cc(C)c(SC)c(C)c1,0,c1ccccc1,0.3024038461538462,0,0.04354107049674648
CNC(=O)O/N=C(\C)SC,0,,CC(C)=O,0,,0.2066666666666667,0,0.06007530682213515
CNC(=O)O/N=C(\C)SC,0,,CC(=O)Nc1ccccc1,0,c1ccccc1,0.1944827586206897,0,0.06522262112640619
CNC(=O)O/N=C(\C)SC,0,,CCC[C@@](C)(COC(N)=O)COC(=O)NC(C)C,0,,0.18333333333333335,0,0.019467595400339786
ClC=C(Cl)Cl,0,,OC(O)C(Cl)(Cl)Cl,0,,0.16121212121212122,0,0.11603310543123488
ClC=C(Cl)Cl,0,,N=C(N)N/N=C\c1c(Cl)cccc1Cl,0,c1ccccc1,0.1142857142857143,0,0.0036676865835761903
ClC=C(Cl)Cl,0,,Oc1nc2cc(Cl)ccc2o1,0,c1ccc2ocnc2c1,0.08769230769230771,0,0.0053892034529965235
ClC=C(Cl)Cl,0,,CCO,0,,0.08153846153846155,0,0.016934835335875323
OC(O)C(Cl)(Cl)Cl,0,,ClC=C(Cl)Cl,0,,0.16121212121212122,0,0.01406919101732757
OC(O)C(Cl)(Cl)Cl,0,,FC(F)O[C@@H](Cl)C(F)(F)F,0,,0.1590909090909091,0,0.10951506212870918
OC(O)C(Cl)(Cl)Cl,0,,COC(F)(F)C(Cl)Cl,0,,0.1517857142857143,0,0.12595329612859224
OC(O)C(Cl)(Cl)Cl,0,,FC(F)OC(F)(F)[C@@H](F)Cl,0,,0.1443850267379679,0,0.092244578685989
C[C@H](CN(C)C)CN1c2ccccc2CCc2ccccc21,0,c1ccc2c(c1)CCc1ccccc1N2,CNCCCN1c2ccccc2CCc2ccccc21,0,c1ccc2c(c1)CCc1ccccc1N2,0.4342857142857143,1,0.7180448153728652
C[C@H](CN(C)C)CN1c2ccccc2CCc2ccccc21,0,c1ccc2c(c1)CCc1ccccc1N2,C[C@H](CN1c2ccccc2Sc2ccccc21)N(C)C,0,c1ccc2c(c1)Nc1ccccc1S2,0.39863201094391243,1,0.5177905300706245
C[C@H](CN(C)C)CN1c2ccccc2CCc2ccccc21,0,c1ccc2c(c1)CCc1ccccc1N2,CN(C)CC(Oc1ccccc1)Oc1ccccc1,0,c1ccc(OCOc2ccccc2)cc1,0.32865853658536587,0,0.1154774163541768
C[C@H](CN(C)C)CN1c2ccccc2CCc2ccccc21,0,c1ccc2c(c1)CCc1ccccc1N2,CN(C)CCCN1c2ccccc2Sc2ccc(Cl)cc21,0,c1ccc2c(c1)Nc1ccccc1S2,0.2786363636363636,0,0.3572983929945263
CN(C)CCCN1c2ccccc2CCc2ccc(Cl)cc21,1,c1ccc2c(c1)CCc1ccccc1N2,CN(C)CCCN1c2ccccc2Sc2ccc(Cl)cc21,0,c1ccc2c(c1)Nc1ccccc1S2,0.6364741641337387,1,0.5821185825077204
CN(C)CCCN1c2ccccc2CCc2ccc(Cl)cc21,1,c1ccc2c(c1)CCc1ccccc1N2,CNCCCN1c2ccccc2CCc2ccccc21,0,c1ccc2c(c1)CCc1ccccc1N2,0.4858479532163743,1,0.6506006321513315
CN(C)CCCN1c2ccccc2CCc2ccc(Cl)cc21,1,c1ccc2c(c1)CCc1ccccc1N2,C[C@H](CN(C)C)CN1c2ccccc2CCc2ccccc21,0,c1ccc2c(c1)CCc1ccccc1N2,0.46666666666666673,1,0.7565472510902576
CN(C)CCCN1c2ccccc2CCc2ccc(Cl)cc21,1,c1ccc2c(c1)CCc1ccccc1N2,OCCN1CCN(CCCN2c3ccccc3C=Cc3ccccc32)CC1,0,C1=Cc2ccccc2N(CCCN2CCNCC2)c2ccccc21,0.31574279379157427,1,0.64509168087392
CNCCCN1c2ccccc2CCc2ccccc21,0,c1ccc2c(c1)CCc1ccccc1N2,C[C@H](CN(C)C)CN1c2ccccc2CCc2ccccc21,0,c1ccc2c(c1)CCc1ccccc1N2,0.4342857142857143,0,0.212057841011615
CNCCCN1c2ccccc2CCc2ccccc21,0,c1ccc2c(c1)CCc1ccccc1N2,CNCCC=C1c2ccccc2CCc2ccccc21,0,C=C1c2ccccc2CCc2ccccc21,0.42545731707317075,0,0.15654361041516301
CNCCCN1c2ccccc2CCc2ccccc21,0,c1ccc2c(c1)CCc1ccccc1N2,OCCN1CCN(CCCN2c3ccccc3C=Cc3ccccc32)CC1,0,C1=Cc2ccccc2N(CCCN2CCNCC2)c2ccccc21,0.3358695652173913,0,0.485544943927446
CNCCCN1c2ccccc2CCc2ccccc21,0,c1ccc2c(c1)CCc1ccccc1N2,CNCCCC12CCC(c3ccccc31)c1ccccc12,0,c1ccc2c(c1)C1CCC2c2ccccc21,0.3264705882352941,0,0.12072293954267485
CN(C)CCCN1c2ccccc2CCc2ccccc21,1,c1ccc2c(c1)CCc1ccccc1N2,CNCCCN1c2ccccc2CCc2ccccc21,0,c1ccc2c(c1)CCc1ccccc1N2,0.601388888888889,1,0.6945293106446084
CN(C)CCCN1c2ccccc2CCc2ccccc21,1,c1ccc2c(c1)CCc1ccccc1N2,C[C@H](CN(C)C)CN1c2ccccc2CCc2ccccc21,0,c1ccc2c(c1)CCc1ccccc1N2,0.5707692307692308,1,0.6996251465688735
CN(C)CCCN1c2ccccc2CCc2ccccc21,1,c1ccc2c(c1)CCc1ccccc1N2,CN(C)CCCN1c2ccccc2Sc2ccc(Cl)cc21,0,c1ccc2c(c1)Nc1ccccc1S2,0.49968253968253973,1,0.5818889761114346
CN(C)CCCN1c2ccccc2CCc2ccccc21,1,c1ccc2c(c1)CCc1ccccc1N2,OCCN1CCN(CCCN2c3ccccc3C=Cc3ccccc32)CC1,0,C1=Cc2ccccc2N(CCCN2CCNCC2)c2ccccc21,0.37515527950310557,1,0.623952209481949
C[C@]12CCC(=O)C=C1CC[C@@H]1[C@@H]2C(=O)C[C@@]2(C)[C@H]1CC[C@]2(O)C(=O)CO,0,O=C1C=C2CCC3C4CCCC4CC(=O)C3C2CC1,C[C@]12C=CC(=O)C=C1CC[C@@H]1[C@@H]2[C@@H](O)C[C@@]2(C)[C@H]1CC[C@]2(O)C(=O)CO,0,O=C1C=CC2C(=C1)CCC1C3CCCC3CCC21,0.5190298507462687,0,0.011340980363783051
C[C@]12CCC(=O)C=C1CC[C@@H]1[C@@H]2C(=O)C[C@@]2(C)[C@H]1CC[C@]2(O)C(=O)CO,0,O=C1C=C2CCC3C4CCCC4CC(=O)C3C2CC1,C[C@H]1C[C@@H]2[C@H]([C@@H](O)C[C@@]3(C)[C@H]2CC[C@]3(O)C(=O)CO)[C@@]2(C)C=CC(=O)C=C12,0,O=C1C=CC2C(=C1)CCC1C3CCCC3CCC21,0.42478496336412874,0,0.012115069421435474
C[C@]12CCC(=O)C=C1CC[C@@H]1[C@@H]2C(=O)C[C@@]2(C)[C@H]1CC[C@]2(O)C(=O)CO,0,O=C1C=C2CCC3C4CCCC4CC(=O)C3C2CC1,CC(=O)S[C@@H]1CC2=CC(=O)CC[C@]2(C)[C@H]2CC[C@@]3(C)[C@@H](CC[C@@]34CCC(=O)O4)[C@H]12,0,O=C1C=C2CCC3C(CCC4C3CCC43CCC(=O)O3)C2CC1,0.34141876430205953,0,0.004722024000347143
C[C@]12CCC(=O)C=C1CC[C@@H]1[C@@H]2C(=O)C[C@@]2(C)[C@H]1CC[C@]2(O)C(=O)CO,0,O=C1C=C2CCC3C4CCCC4CC(=O)C3C2CC1,C[C@H]1C[C@H]2[C@@H]3CCC4=CC(=O)C=C[C@]4(C)[C@@]3(Cl)[C@@H](O)C[C@]2(C)[C@@]1(O)C(=O)CO,0,O=C1C=CC2C(=C1)CCC1C3CCCC3CCC21,0.3366549959601401,0,0.015509377606982388
COc1ccc2c3c1O[C@H]1[C@@H](O)CC[C@H]4[C@@H](C2)N(C)CC[C@@]341,0,c1cc2c3c(c1)OC1CCCC4C(C2)NCCC314,COc1ccc2c3c1O[C@H]1C(=O)CC[C@H]4[C@@H](C2)N(C)CC[C@]314,0,O=C1CCC2C3Cc4cccc5c4C2(CCN3)C1O5,0.6745454545454546,0,0.011649243000106389
COc1ccc2c3c1O[C@H]1[C@@H](O)CC[C@H]4[C@@H](C2)N(C)CC[C@@]341,0,c1cc2c3c(c1)OC1CCCC4C(C2)NCCC314,COc1ccc2c3c1O[C@H]1C(=O)CC[C@@]4(O)[C@@H](C2)N(C)CC[C@]314,0,O=C1CCC2C3Cc4cccc5c4C2(CCN3)C1O5,0.46938775510204084,0,0.0118355153596404
COc1ccc2c3c1O[C@H]1[C@@H](O)CC[C@H]4[C@@H](C2)N(C)CC[C@@]341,0,c1cc2c3c(c1)OC1CCCC4C(C2)NCCC314,COc1ccc2c3c1O[C@H]1C[C@@H](O)C=C[C@@]31CCN(C)C2,0,C1=CC23CCNCc4cccc(c42)OC3CC1,0.4144537815126051,0,0.050216996045726006
COc1ccc2c3c1O[C@H]1[C@@H](O)CC[C@H]4[C@@H](C2)N(C)CC[C@@]341,0,c1cc2c3c(c1)OC1CCCC4C(C2)NCCC314,CC(C)=CCN1CC[C@]2(C)c3cc(O)ccc3C[C@H]1[C@H]2C,0,c1ccc2c(c1)CC1CC2CCN1,0.26237037037037036,0,0.01538717947091431
Cc1ccc(C(=O)[C@H](C)CN2CCCCC2)cc1,0,O=C(CCN1CCCCC1)c1ccccc1,Cc1ccc(/C(=C/CN2CCCC2)c2ccccn2)cc1,0,C(CN1CCCC1)=C(c1ccccc1)c1ccccn1,0.36923076923076925,0,0.1254117834279421
Cc1ccc(C(=O)[C@H](C)CN2CCCCC2)cc1,0,O=C(CCN1CCCCC1)c1ccccc1,C[C@H](N)C(=O)c1ccccc1,0,c1ccccc1,0.30081300813008127,0,0.08123503841730874
Cc1ccc(C(=O)[C@H](C)CN2CCCCC2)cc1,0,O=C(CCN1CCCCC1)c1ccccc1,CCCN1CCCC[C@H]1C(=O)Nc1c(C)cccc1C,0,O=C(Nc1ccccc1)C1CCCCN1,0.2807017543859649,0,0.12262993555207222
Cc1ccc(C(=O)[C@H](C)CN2CCCCC2)cc1,0,O=C(CCN1CCCCC1)c1ccccc1,CCCCN1CCCC[C@H]1C(=O)Nc1c(C)cccc1C,0,O=C(Nc1ccccc1)C1CCCCN1,0.27404103479036573,0,0.10381956582412018
NC1=NC[C@@H]2c3ccccc3Cc3ccccc3N12,0,C1=NCC2c3ccccc3Cc3ccccc3N12,C[C@H](CN(C)C)CN1c2ccccc2CCc2ccccc21,0,c1ccc2c(c1)CCc1ccccc1N2,0.244947209653092,0,0.0852757442359142
NC1=NC[C@@H]2c3ccccc3Cc3ccccc3N12,0,C1=NCC2c3ccccc3Cc3ccccc3N12,CNCCCN1c2ccccc2CCc2ccccc21,0,c1ccc2c(c1)CCc1ccccc1N2,0.2146542827657379,0,0.12087916335781668
NC1=NC[C@@H]2c3ccccc3Cc3ccccc3N12,0,C1=NCC2c3ccccc3Cc3ccccc3N12,CN1CCN(C2=Nc3cc(F)ccc3Cc3ccccc32)CC1,0,c1ccc2c(c1)Cc1ccccc1C(N1CCNCC1)=N2,0.20888888888888893,0,0.09136310236141004
NC1=NC[C@@H]2c3ccccc3Cc3ccccc3N12,0,C1=NCC2c3ccccc3Cc3ccccc3N12,N=C(N)N1CCc2ccccc2C1,0,c1ccc2c(c1)CCNC2,0.20770975056689345,0,0.1837642871300622
CO[C@H]1C[C@@H]2CC[C@@H](C)[C@@](O)(O2)C(=O)C(=O)N2CCCC[C@H]2C(=O)O[C@H]([C@H](C)C[C@@H]2CC[C@@H](OCCO)[C@H](OC)C2)CC(=O)[C@H](C)C=C(C)[C@@H](O)[C@@H](OC)C(=O)[C@H](C)C[C@H](C)C=CC=CC=C1C,0,O=C1CCC=CCC(=O)CC(CCC2CCCCC2)OC(=O)C2CCCCN2C(=O)C(=O)C2CCCC(CCC=CC=CC=CCCC1)O2,CO[C@@H]1[C@@H](O[C@@H]2O[C@H](C)[C@@H](O[C@H]3C[C@@](C)(O)[C@@H](OC(=O)CC(C)C)[C@H](C)O3)[C@H](N(C)C)[C@H]2O)[C@@H](CC=O)C[C@@H](C)[C@@H](O)C=CC=CC[C@@H](C)OC(=O)C[C@H]1OC(C)=O,0,O=C1CCCC(OC2CCC(OC3CCCCO3)CO2)CCCCC=CC=CCCO1,0.17932816537467702,0,1.2284235197154513e-06
CO[C@H]1C[C@@H]2CC[C@@H](C)[C@@](O)(O2)C(=O)C(=O)N2CCCC[C@H]2C(=O)O[C@H]([C@H](C)C[C@@H]2CC[C@@H](OCCO)[C@H](OC)C2)CC(=O)[C@H](C)C=C(C)[C@@H](O)[C@@H](OC)C(=O)[C@H](C)C[C@H](C)C=CC=CC=C1C,0,O=C1CCC=CCC(=O)CC(CCC2CCCCC2)OC(=O)C2CCCCN2C(=O)C(=O)C2CCCC(CCC=CC=CC=CCCC1)O2,CO[C@H]1C=CO[C@@]2(C)Oc3c(C)c(O)c4c(c3C2=O)C2=NC3(CCN(CC(C)C)CC3)NC2=C(NC(=O)C(C)=CC=C[C@H](C)[C@H](O)[C@@H](C)[C@@H](O)[C@@H](C)[C@H](OC(C)=O)[C@@H]1C)C4=O,0,O=C1C=CC=CCCCCCCCCC=COC2Oc3ccc4c(c3C2=O)C2=NC3(CCNCC3)NC2=C(N1)C4=O,0.16950227633127016,0,6.879101639688432e-06
CO[C@H]1C[C@@H]2CC[C@@H](C)[C@@](O)(O2)C(=O)C(=O)N2CCCC[C@H]2C(=O)O[C@H]([C@H](C)C[C@@H]2CC[C@@H](OCCO)[C@H](OC)C2)CC(=O)[C@H](C)C=C(C)[C@@H](O)[C@@H](OC)C(=O)[C@H](C)C[C@H](C)C=CC=CC=C1C,0,O=C1CCC=CCC(=O)CC(CCC2CCCCC2)OC(=O)C2CCCCN2C(=O)C(=O)C2CCCC(CCC=CC=CC=CCCC1)O2,CC(C)C[C@H]1C(=O)N2CCC[C@H]2[C@]2(O)O[C@](NC(=O)[C@@H]3C=C4c5cccc6[nH]c(Br)c(c56)C[C@H]4N(C)C3)(C(C)C)C(=O)N12,0,O=C(NC1OC2C3CCCN3C(=O)CN2C1=O)C1C=C2c3cccc4[nH]cc(c34)CC2NC1,0.1636013986013986,0,5.1781068478373314e-06
CO[C@H]1C[C@@H]2CC[C@@H](C)[C@@](O)(O2)C(=O)C(=O)N2CCCC[C@H]2C(=O)O[C@H]([C@H](C)C[C@@H]2CC[C@@H](OCCO)[C@H](OC)C2)CC(=O)[C@H](C)C=C(C)[C@@H](O)[C@@H](OC)C(=O)[C@H](C)C[C@H](C)C=CC=CC=C1C,0,O=C1CCC=CCC(=O)CC(CCC2CCCCC2)OC(=O)C2CCCCN2C(=O)C(=O)C2CCCC(CCC=CC=CC=CCCC1)O2,CCCC(=O)O[C@H]1[C@H](C)O[C@@H](O[C@H]2[C@H](N(C)C)[C@@H](O)[C@H](O[C@H]3[C@@H](CC=O)C[C@@H](C)[C@@H](O)C=CC=CC[C@@H](C)OC(=O)C[C@@H](O)[C@@H]3OC)O[C@@H]2C)C[C@@]1(C)OC(=O)CC,0,O=C1CCCC(OC2CCC(OC3CCCCO3)CO2)CCCCC=CC=CCCO1,0.15304695304695304,0,1.5839385027621047e-06
C[C@@H](CCc1ccccc1)NC[C@H](O)c1ccc(O)c(C(N)=O)c1,0,c1ccc(CCCNCCc2ccccc2)cc1,OCc1cc([C@H](O)CNCCCCCCOCCCCc2ccccc2)ccc1O,0,c1ccc(CCCCOCCCCCCNCCc2ccccc2)cc1,0.4146144278606966,0,0.06046549555104077
C[C@@H](CCc1ccccc1)NC[C@H](O)c1ccc(O)c(C(N)=O)c1,0,c1ccc(CCCNCCc2ccccc2)cc1,CNC[C@H](O)c1ccc(O)c(O)c1,0,c1ccccc1,0.3794871794871795,0,0.03935136103469365
C[C@@H](CCc1ccccc1)NC[C@H](O)c1ccc(O)c(C(N)=O)c1,0,c1ccc(CCCNCCc2ccccc2)cc1,CC(C)(C)NC[C@@H](O)c1ccc(O)c(CO)c1,0,c1ccccc1,0.3551880942538239,0,0.030980515555759803
C[C@@H](CCc1ccccc1)NC[C@H](O)c1ccc(O)c(C(N)=O)c1,0,c1ccc(CCCNCCc2ccccc2)cc1,CCOC(=O)[C@H](CCc1ccccc1)N[C@@H](C)C(=O)N(CC(=O)O)C1Cc2ccccc2C1,0,O=C(CNCCCc1ccccc1)NC1Cc2ccccc2C1,0.2860689655172414,0,0.058767513605175424
NC(N)=Nc1nc(CSCC/N=C/NS(=O)(=O)c2ccc(Br)cc2)cs1,0,O=S(=O)(NC=NCCSCc1cscn1)c1ccccc1,O=C(O)c1cc(/N=N\c2ccc(S(=O)(=O)Nc3ccccn3)cc2)ccc1O,0,O=S(=O)(Nc1ccccn1)c1ccc(N=Nc2ccccc2)cc1,0.20013937282229965,0,0.022175766444776732
NC(N)=Nc1nc(CSCC/N=C/NS(=O)(=O)c2ccc(Br)cc2)cs1,0,O=S(=O)(NC=NCCSCc1cscn1)c1ccccc1,Cc1noc(NS(=O)(=O)c2ccc(N)cc2)c1C,0,O=S(=O)(Nc1ccno1)c1ccccc1,0.19825224374114314,0,0.051246795947448125
NC(N)=Nc1nc(CSCC/N=C/NS(=O)(=O)c2ccc(Br)cc2)cs1,0,O=S(=O)(NC=NCCSCc1cscn1)c1ccccc1,Cc1onc(NS(=O)(=O)c2ccc(N)cc2)c1C,0,O=S(=O)(Nc1ccon1)c1ccccc1,0.18264580369843528,0,0.04239694759148542
NC(N)=Nc1nc(CSCC/N=C/NS(=O)(=O)c2ccc(Br)cc2)cs1,0,O=S(=O)(NC=NCCSCc1cscn1)c1ccccc1,CN/C(=C\[N+](=O)[O-])NCCSCc1ccc(CN(C)C)o1,0,c1ccoc1,0.1809954751131222,0,0.010847145626345589
CC(C)NC[C@@H]1CCc2cc(CO)c([N+](=O)[O-])cc2N1,0,c1ccc2c(c1)CCCN2,CC(C)C(=O)Nc1ccc([N+](=O)[O-])c(C(F)(F)F)c1,0,c1ccccc1,0.2565034965034965,0,0.033259369519145016
CC(C)NC[C@@H]1CCc2cc(CO)c([N+](=O)[O-])cc2N1,0,c1ccc2c(c1)CCCN2,COC(=O)C1=C(C)NC(C)=C(C(=O)OCC(C)C)[C@H]1c1ccccc1[N+](=O)[O-],0,C1=CC(c2ccccc2)C=CN1,0.24544205222171325,0,0.06888440844673413
CC(C)NC[C@@H]1CCc2cc(CO)c([N+](=O)[O-])cc2N1,0,c1ccc2c(c1)CCCN2,COC(=O)C1=C(C)NC(C)=C(C(=O)OC)C1c1ccccc1[N+](=O)[O-],0,C1=CC(c2ccccc2)C=CN1,0.23466003316749587,0,0.09439181841865972
CC(C)NC[C@@H]1CCc2cc(CO)c([N+](=O)[O-])cc2N1,0,c1ccc2c(c1)CCCN2,COC(=O)C1=C(C)NC(C)=C(C(=O)OCC(C)=O)[C@@H]1c1ccccc1[N+](=O)[O-],0,C1=CC(c2ccccc2)C=CN1,0.22151412429378534,0,0.033049081752614735
Cc1cccc(C)c1NC(=O)CN1CCCC1=O,0,O=C(CN1CCCC1=O)Nc1ccccc1,Cc1cccc(C)c1NC(=O)CC12CCCN1CCC2,0,O=C(CC12CCCN1CCC2)Nc1ccccc1,0.5,0,0.0821760191957094
Cc1cccc(C)c1NC(=O)CN1CCCC1=O,0,O=C(CN1CCCC1=O)Nc1ccccc1,CCCN1CCCC[C@H]1C(=O)Nc1c(C)cccc1C,0,O=C(Nc1ccccc1)C1CCCCN1,0.4268123138033764,0,0.0745151047013938
Cc1cccc(C)c1NC(=O)CN1CCCC1=O,0,O=C(CN1CCCC1=O)Nc1ccccc1,CCCCN1CCCC[C@H]1C(=O)Nc1c(C)cccc1C,0,O=C(Nc1ccccc1)C1CCCCN1,0.41473684210526324,0,0.1365362802582659
Cc1cccc(C)c1NC(=O)CN1CCCC1=O,0,O=C(CN1CCCC1=O)Nc1ccccc1,Cc1cccc(C)c1NC(=O)[C@H](C)N,0,c1ccccc1,0.40222222222222226,0,0.09460525929522796
O=[S@H](Cc1ccccn1)c1nc2ccccc2[nH]1,0,O=[SH](Cc1ccccn1)c1nc2ccccc2[nH]1,COCCCOc1ccnc(C[S@@H](=O)c2nc3ccccc3[nH]2)c1C,0,O=[SH](Cc1ccccn1)c1nc2ccccc2[nH]1,0.5208333333333334,0,0.32121517848521286
O=[S@H](Cc1ccccn1)c1nc2ccccc2[nH]1,0,O=[SH](Cc1ccccn1)c1nc2ccccc2[nH]1,COc1ccnc(C[S@H](=O)c2nc3ccc(OC(F)F)cc3[nH]2)c1OC,0,O=[SH](Cc1ccccn1)c1nc2ccccc2[nH]1,0.3955769230769231,0,0.18078600608187886
O=[S@H](Cc1ccccn1)c1nc2ccccc2[nH]1,0,O=[SH](Cc1ccccn1)c1nc2ccccc2[nH]1,COC(=O)Nc1nc2cc(C(=O)c3ccccc3)ccc2[nH]1,0,O=C(c1ccccc1)c1ccc2[nH]cnc2c1,0.24433768016472204,0,0.25992090301065146
O=[S@H](Cc1ccccn1)c1nc2ccccc2[nH]1,0,O=[SH](Cc1ccccn1)c1nc2ccccc2[nH]1,CN(C)CC[C@H](c1ccc(Cl)cc1)c1ccccn1,0,c1ccc(Cc2ccccn2)cc1,0.2125760649087221,0,0.2710960934976718
Cc1c(OCC(F)(F)F)ccnc1C[S@@H](=O)c1nc2ccccc2[nH]1,1,O=[SH](Cc1ccccn1)c1nc2ccccc2[nH]1,COCCCOc1ccnc(C[S@@H](=O)c2nc3ccccc3[nH]2)c1C,0,O=[SH](Cc1ccccn1)c1nc2ccccc2[nH]1,0.7314385964912281,1,0.5718168224530751
Cc1c(OCC(F)(F)F)ccnc1C[S@@H](=O)c1nc2ccccc2[nH]1,1,O=[SH](Cc1ccccn1)c1nc2ccccc2[nH]1,O=[S@H](Cc1ccccn1)c1nc2ccccc2[nH]1,0,O=[SH](Cc1ccccn1)c1nc2ccccc2[nH]1,0.5234042553191489,1,0.7753872371787952
Cc1c(OCC(F)(F)F)ccnc1C[S@@H](=O)c1nc2ccccc2[nH]1,1,O=[SH](Cc1ccccn1)c1nc2ccccc2[nH]1,COc1ccnc(C[S@H](=O)c2nc3ccc(OC(F)F)cc3[nH]2)c1OC,0,O=[SH](Cc1ccccn1)c1nc2ccccc2[nH]1,0.4820779220779221,1,0.8754851651763795
Cc1c(OCC(F)(F)F)ccnc1C[S@@H](=O)c1nc2ccccc2[nH]1,1,O=[SH](Cc1ccccn1)c1nc2ccccc2[nH]1,COC(=O)Nc1nc2cc(C(=O)c3ccccc3)ccc2[nH]1,0,O=C(c1ccccc1)c1ccc2[nH]cnc2c1,0.22767940354147254,1,0.7528136628666544
COc1ccc2nc([S@H](=O)Cc3ncc(C)c(OC)c3C)[nH]c2c1,1,O=[SH](Cc1ccccn1)c1nc2ccccc2[nH]1,COc1ccnc(C[S@H](=O)c2nc3ccc(OC(F)F)cc3[nH]2)c1OC,0,O=[SH](Cc1ccccn1)c1nc2ccccc2[nH]1,0.5750769230769232,1,0.7655295900406435
COc1ccc2nc([S@H](=O)Cc3ncc(C)c(OC)c3C)[nH]c2c1,1,O=[SH](Cc1ccccn1)c1nc2ccccc2[nH]1,COCCCOc1ccnc(C[S@@H](=O)c2nc3ccccc3[nH]2)c1C,0,O=[SH](Cc1ccccn1)c1nc2ccccc2[nH]1,0.48513203214695755,1,0.5773151511690874
COc1ccc2nc([S@H](=O)Cc3ncc(C)c(OC)c3C)[nH]c2c1,1,O=[SH](Cc1ccccn1)c1nc2ccccc2[nH]1,O=[S@H](Cc1ccccn1)c1nc2ccccc2[nH]1,0,O=[SH](Cc1ccccn1)c1nc2ccccc2[nH]1,0.401568068424804,1,0.6813717419351024
COc1ccc2nc([S@H](=O)Cc3ncc(C)c(OC)c3C)[nH]c2c1,1,O=[SH](Cc1ccccn1)c1nc2ccccc2[nH]1,COc1cc(NCc2ccc3nc(N)nc(N)c3c2C)cc(OC)c1OC,0,c1ccc(NCc2ccc3ncncc3c2)cc1,0.2297204301075269,1,0.5941622738254594
COc1ccnc(C[S@H](=O)c2nc3ccc(OC(F)F)cc3[nH]2)c1OC,0,O=[SH](Cc1ccccn1)c1nc2ccccc2[nH]1,COCCCOc1ccnc(C[S@@H](=O)c2nc3ccccc3[nH]2)c1C,0,O=[SH](Cc1ccccn1)c1nc2ccccc2[nH]1,0.4744862155388471,0,0.27087430464392453
COc1ccnc(C[S@H](=O)c2nc3ccc(OC(F)F)cc3[nH]2)c1OC,0,O=[SH](Cc1ccccn1)c1nc2ccccc2[nH]1,O=[S@H](Cc1ccccn1)c1nc2ccccc2[nH]1,0,O=[SH](Cc1ccccn1)c1nc2ccccc2[nH]1,0.3955769230769231,0,0.3952811467727574
COc1ccnc(C[S@H](=O)c2nc3ccc(OC(F)F)cc3[nH]2)c1OC,0,O=[SH](Cc1ccccn1)c1nc2ccccc2[nH]1,COc1ccc(Cc2nccc3cc(OC)c(OC)cc23)cc1OC,0,c1ccc(Cc2nccc3ccccc23)cc1,0.26687747035573123,0,0.11977577666867494
COc1ccnc(C[S@H](=O)c2nc3ccc(OC(F)F)cc3[nH]2)c1OC,0,O=[SH](Cc1ccccn1)c1nc2ccccc2[nH]1,COCc1c(C(=O)OC(C)C)ncc2[nH]c3ccc(OCc4ccccc4)cc3c12,0,c1ccc(COc2ccc3[nH]c4cnccc4c3c2)cc1,0.2303896103896104,0,0.04653079879976569
COCCCOc1ccnc(C[S@@H](=O)c2nc3ccccc3[nH]2)c1C,0,O=[SH](Cc1ccccn1)c1nc2ccccc2[nH]1,O=[S@H](Cc1ccccn1)c1nc2ccccc2[nH]1,0,O=[SH](Cc1ccccn1)c1nc2ccccc2[nH]1,0.5208333333333334,0,0.10652976876485143
COCCCOc1ccnc(C[S@@H](=O)c2nc3ccccc3[nH]2)c1C,0,O=[SH](Cc1ccccn1)c1nc2ccccc2[nH]1,COc1ccnc(C[S@H](=O)c2nc3ccc(OC(F)F)cc3[nH]2)c1OC,0,O=[SH](Cc1ccccn1)c1nc2ccccc2[nH]1,0.4744862155388471,0,0.10629965689810257
COCCCOc1ccnc(C[S@@H](=O)c2nc3ccccc3[nH]2)c1C,0,O=[SH](Cc1ccccn1)c1nc2ccccc2[nH]1,COC(=O)Nc1nc2cc(C(=O)c3ccccc3)ccc2[nH]1,0,O=C(c1ccccc1)c1ccc2[nH]cnc2c1,0.24902667627974046,0,0.04028995694176861
COCCCOc1ccnc(C[S@@H](=O)c2nc3ccccc3[nH]2)c1C,0,O=[SH](Cc1ccccn1)c1nc2ccccc2[nH]1,COCC(=O)O[C@]1(CCN(C)CCCc2nc3ccccc3[nH]2)CCc2cc(F)ccc2[C@@H]1C(C)C,0,c1ccc2c(c1)CCC(CCNCCCc1nc3ccccc3[nH]1)C2,0.24017957351290686,0,0.017901080290252783
C[C@H]1O[C@@H](O[C@H]2[C@@H](O)C[C@H](O[C@H]3[C@@H](O)C[C@H](O[C@H]4CC[C@@]5(C)[C@H](CC[C@@H]6[C@@H]5CC[C@]5(C)[C@@H](C7=CC(=O)OC7)CC[C@]65O)C4)O[C@@H]3C)O[C@@H]2C)C[C@H](O)[C@@H]1O,0,O=C1C=C(C2CCC3C2CCC2C4CCC(OC5CCC(OC6CCC(OC7CCCCO7)CO6)CO5)CC4CCC23)CO1,C[C@H]1O[C@@H](O[C@H]2[C@@H](O)C[C@H](O[C@H]3[C@@H](O)C[C@H](O[C@H]4CC[C@@]5(C)[C@H](CC[C@@H]6[C@@H]5C[C@@H](O)[C@]5(C)[C@@H](C7=CC(=O)OC7)CC[C@]65O)C4)O[C@@H]3C)O[C@@H]2C)C[C@H](O)[C@@H]1O,0,O=C1C=C(C2CCC3C2CCC2C4CCC(OC5CCC(OC6CCC(OC7CCCCO7)CO6)CO5)CC4CCC23)CO1,0.8376231884057972,0,1.6384601898527033e-05
C[C@H]1O[C@@H](O[C@H]2[C@@H](O)C[C@H](O[C@H]3[C@@H](O)C[C@H](O[C@H]4CC[C@@]5(C)[C@H](CC[C@@H]6[C@@H]5CC[C@]5(C)[C@@H](C7=CC(=O)OC7)CC[C@]65O)C4)O[C@@H]3C)O[C@@H]2C)C[C@H](O)[C@@H]1O,0,O=C1C=C(C2CCC3C2CCC2C4CCC(OC5CCC(OC6CCC(OC7CCCCO7)CO6)CO5)CC4CCC23)CO1,C[C@H]1C[C@@H]2[C@H]([C@@H](O)C[C@@]3(C)[C@H]2CC[C@]3(O)C(=O)CO)[C@@]2(C)C=CC(=O)C=C12,0,O=C1C=CC2C(=C1)CCC1C3CCCC3CCC21,0.23777777777777778,0,7.413265113099736e-05
C[C@H]1O[C@@H](O[C@H]2[C@@H](O)C[C@H](O[C@H]3[C@@H](O)C[C@H](O[C@H]4CC[C@@]5(C)[C@H](CC[C@@H]6[C@@H]5CC[C@]5(C)[C@@H](C7=CC(=O)OC7)CC[C@]65O)C4)O[C@@H]3C)O[C@@H]2C)C[C@H](O)[C@@H]1O,0,O=C1C=C(C2CCC3C2CCC2C4CCC(OC5CCC(OC6CCC(OC7CCCCO7)CO6)CO5)CC4CCC23)CO1,CC(=O)[C@H]1CC[C@H]2[C@@H]3CC[C@H]4C[C@](C)(O)CC[C@]4(C)[C@H]3CC[C@]12C,0,C1CCC2C(C1)CCC1C3CCCC3CCC21,0.22951724137931034,0,0.00011046976708841707
C[C@H]1O[C@@H](O[C@H]2[C@@H](O)C[C@H](O[C@H]3[C@@H](O)C[C@H](O[C@H]4CC[C@@]5(C)[C@H](CC[C@@H]6[C@@H]5CC[C@]5(C)[C@@H](C7=CC(=O)OC7)CC[C@]65O)C4)O[C@@H]3C)O[C@@H]2C)C[C@H](O)[C@@H]1O,0,O=C1C=C(C2CCC3C2CCC2C4CCC(OC5CCC(OC6CCC(OC7CCCCO7)CO6)CO5)CC4CCC23)CO1,C[C@]12CC[C@H]3[C@@H](CCC4=CC(=O)C=C[C@@]43C)[C@@H]1CC[C@@H]2O,0,O=C1C=CC2C(=C1)CCC1C3CCCC3CCC21,0.22435794542536117,0,0.0003236849275606472
C[C@H]1O[C@@H](O[C@H]2[C@@H](O)C[C@H](O[C@H]3[C@@H](O)C[C@H](O[C@H]4CC[C@@]5(C)[C@H](CC[C@@H]6[C@@H]5C[C@@H](O)[C@]5(C)[C@@H](C7=CC(=O)OC7)CC[C@]65O)C4)O[C@@H]3C)O[C@@H]2C)C[C@H](O)[C@@H]1O,0,O=C1C=C(C2CCC3C2CCC2C4CCC(OC5CCC(OC6CCC(OC7CCCCO7)CO6)CO5)CC4CCC23)CO1,C[C@H]1O[C@@H](O[C@H]2[C@@H](O)C[C@H](O[C@H]3[C@@H](O)C[C@H](O[C@H]4CC[C@@]5(C)[C@H](CC[C@@H]6[C@@H]5CC[C@]5(C)[C@@H](C7=CC(=O)OC7)CC[C@]65O)C4)O[C@@H]3C)O[C@@H]2C)C[C@H](O)[C@@H]1O,0,O=C1C=C(C2CCC3C2CCC2C4CCC(OC5CCC(OC6CCC(OC7CCCCO7)CO6)CO5)CC4CCC23)CO1,0.8376231884057972,0,7.410204972510904e-06
C[C@H]1O[C@@H](O[C@H]2[C@@H](O)C[C@H](O[C@H]3[C@@H](O)C[C@H](O[C@H]4CC[C@@]5(C)[C@H](CC[C@@H]6[C@@H]5C[C@@H](O)[C@]5(C)[C@@H](C7=CC(=O)OC7)CC[C@]65O)C4)O[C@@H]3C)O[C@@H]2C)C[C@H](O)[C@@H]1O,0,O=C1C=C(C2CCC3C2CCC2C4CCC(OC5CCC(OC6CCC(OC7CCCCO7)CO6)CO5)CC4CCC23)CO1,C[C@]12CC[C@H]3[C@@H](CCC4=CC(=O)C=C[C@@]43C)[C@@H]1CC[C@@H]2O,0,O=C1C=CC2C(=C1)CCC1C3CCCC3CCC21,0.22792937399678972,0,0.0002160108378215437
C[C@H]1O[C@@H](O[C@H]2[C@@H](O)C[C@H](O[C@H]3[C@@H](O)C[C@H](O[C@H]4CC[C@@]5(C)[C@H](CC[C@@H]6[C@@H]5C[C@@H](O)[C@]5(C)[C@@H](C7=CC(=O)OC7)CC[C@]65O)C4)O[C@@H]3C)O[C@@H]2C)C[C@H](O)[C@@H]1O,0,O=C1C=C(C2CCC3C2CCC2C4CCC(OC5CCC(OC6CCC(OC7CCCCO7)CO6)CO5)CC4CCC23)CO1,CC(=O)[C@H]1CC[C@H]2[C@@H]3CC[C@H]4C[C@](C)(O)CC[C@]4(C)[C@H]3CC[C@]12C,0,C1CCC2C(C1)CCC1C3CCCC3CCC21,0.21729055258467023,0,7.825327077792494e-05
C[C@H]1O[C@@H](O[C@H]2[C@@H](O)C[C@H](O[C@H]3[C@@H](O)C[C@H](O[C@H]4CC[C@@]5(C)[C@H](CC[C@@H]6[C@@H]5C[C@@H](O)[C@]5(C)[C@@H](C7=CC(=O)OC7)CC[C@]65O)C4)O[C@@H]3C)O[C@@H]2C)C[C@H](O)[C@@H]1O,0,O=C1C=C(C2CCC3C2CCC2C4CCC(OC5CCC(OC6CCC(OC7CCCCO7)CO6)CO5)CC4CCC23)CO1,CC[C@H]1OC(=O)[C@H](C)[C@@H](O[C@H]2C[C@@](C)(OC)[C@@H](O)[C@H](C)O2)[C@H](C)[C@@H](O[C@@H]2O[C@H](C)C[C@H](N(C)C)[C@H]2O)[C@](C)(OC)C[C@@H](C)C(=O)[C@H](C)[C@@H](O)[C@]1(C)O,0,O=C1CCCCOC(=O)CC(OC2CCCCO2)CC(OC2CCCCO2)CCC1,0.2114709851551957,0,2.134388390318635e-05
CN1[C@@H]2CC[C@H]1CC(OC(=O)c1c[nH]c3ccccc13)C2,1,O=C(OC1CC2CCC(C1)N2)c1c[nH]c2ccccc12,O=C(NC1CCN(CCc2c[nH]c3ccccc23)CC1)c1ccccc1,0,O=C(NC1CCN(CCc2c[nH]c3ccccc23)CC1)c1ccccc1,0.3573529411764706,0,0.2522199809747011
CN1[C@@H]2CC[C@H]1CC(OC(=O)c1c[nH]c3ccccc13)C2,1,O=C(OC1CC2CCC(C1)N2)c1c[nH]c2ccccc12,CN1[C@@H]2CCC[C@H]1CC(NC(=O)c1nn(C)c3ccccc13)C2,0,O=C(NC1CC2CCCC(C1)N2)c1n[nH]c2ccccc12,0.329149560117302,1,0.7701091095355362
CN1[C@@H]2CC[C@H]1CC(OC(=O)c1c[nH]c3ccccc13)C2,1,O=C(OC1CC2CCC(C1)N2)c1c[nH]c2ccccc12,CCN(CC)C(=O)N[C@H]1C[C@@H]2c3cccc4[nH]cc(c34)C[C@H]2N(C)C1,0,c1cc2c3c(c[nH]c3c1)CC1NCCCC21,0.28040540540540543,1,0.7271676335006763
CN1[C@@H]2CC[C@H]1CC(OC(=O)c1c[nH]c3ccccc13)C2,1,O=C(OC1CC2CCC(C1)N2)c1c[nH]c2ccccc12,CN1[C@@H]2CC[C@H]1CC(NC(=O)c1cc(Cl)cc3c1OC(C)(C)C3)C2,0,O=C(NC1CC2CCC(C1)N2)c1cccc2c1OCC2,0.25697151424287856,1,0.6240627508950655
COc1ccc(CCN2CCC(Nc3nc4ccccc4n3Cc3ccc(F)cc3)CC2)cc1,0,c1ccc(CCN2CCC(Nc3nc4ccccc4n3Cc3ccccc3)CC2)cc1,CCC(=O)N(c1ccccc1)C1CCN(CCc2ccccc2)CC1,0,c1ccc(CCN2CCC(Nc3ccccc3)CC2)cc1,0.28715789473684217,0,0.18696744901069498
COc1ccc(CCN2CCC(Nc3nc4ccccc4n3Cc3ccc(F)cc3)CC2)cc1,0,c1ccc(CCN2CCC(Nc3nc4ccccc4n3Cc3ccccc3)CC2)cc1,O=c1[nH]c2ccccc2n1C1CCN(CCCC(c2ccc(F)cc2)c2ccc(F)cc2)CC1,0,O=c1[nH]c2ccccc2n1C1CCN(CCCC(c2ccccc2)c2ccccc2)CC1,0.27871485943775104,0,0.034500583924036266
COc1ccc(CCN2CCC(Nc3nc4ccccc4n3Cc3ccc(F)cc3)CC2)cc1,0,c1ccc(CCN2CCC(Nc3nc4ccccc4n3Cc3ccccc3)CC2)cc1,COc1ccc(C(=O)Nc2ccccc2CC[C@H]2CCCCN2C)cc1,0,O=C(Nc1ccccc1CCC1CCCCN1)c1ccccc1,0.272209903917221,0,0.06368995703748061
COc1ccc(CCN2CCC(Nc3nc4ccccc4n3Cc3ccc(F)cc3)CC2)cc1,0,c1ccc(CCN2CCC(Nc3nc4ccccc4n3Cc3ccccc3)CC2)cc1,CCOCCn1c(N2CCCN(C)CC2)nc2ccccc21,0,c1ccc2[nH]c(N3CCCNCC3)nc2c1,0.26769230769230773,0,0.08682300538469241
C[C@]12CCC(=O)C=C1[C@@H]1C[C@@H]1[C@H]1[C@@H]3[C@@H]4C[C@@H]4[C@@]4(CCC(=O)O4)[C@@]3(C)CC[C@@H]12,0,O=C1C=C2C(CC1)C1CCC3C(C4CC4C34CCC(=O)O4)C1C1CC21,CC(=O)S[C@@H]1CC2=CC(=O)CC[C@]2(C)[C@H]2CC[C@@]3(C)[C@@H](CC[C@@]34CCC(=O)O4)[C@H]12,0,O=C1C=C2CCC3C(CCC4C3CCC43CCC(=O)O3)C2CC1,0.4378082191780822,0,0.0004954863457017709
C[C@]12CCC(=O)C=C1[C@@H]1C[C@@H]1[C@H]1[C@@H]3[C@@H]4C[C@@H]4[C@@]4(CCC(=O)O4)[C@@]3(C)CC[C@@H]12,0,O=C1C=C2C(CC1)C1CCC3C(C4CC4C34CCC(=O)O4)C1C1CC21,C[C@]12C=CC(=O)C=C1CC[C@@H]1[C@@H]2CC[C@]2(C)OC(=O)CC[C@@H]12,0,O=C1C=CC2C(=C1)CCC1C3CCC(=O)OC3CCC21,0.33304442036836407,0,0.0015844218819974138
C[C@]12CCC(=O)C=C1[C@@H]1C[C@@H]1[C@H]1[C@@H]3[C@@H]4C[C@@H]4[C@@]4(CCC(=O)O4)[C@@]3(C)CC[C@@H]12,0,O=C1C=C2C(CC1)C1CCC3C(C4CC4C34CCC(=O)O4)C1C1CC21,C[C@]12CCC(=O)C=C1CC[C@@H]1[C@@H]2C(=O)C[C@@]2(C)[C@H]1CC[C@]2(O)C(=O)CO,0,O=C1C=C2CCC3C4CCCC4CC(=O)C3C2CC1,0.32036613272311215,0,0.0022227467162426054
C[C@]12CCC(=O)C=C1[C@@H]1C[C@@H]1[C@H]1[C@@H]3[C@@H]4C[C@@H]4[C@@]4(CCC(=O)O4)[C@@]3(C)CC[C@@H]12,0,O=C1C=C2C(CC1)C1CCC3C(C4CC4C34CCC(=O)O4)C1C1CC21,C[C@H]1C[C@@H]2[C@H]([C@@H](O)C[C@@]3(C)[C@H]2CC[C@]3(O)C(=O)CO)[C@@]2(C)C=CC(=O)C=C12,0,O=C1C=CC2C(=C1)CCC1C3CCCC3CCC21,0.2688780487804878,0,0.0020315398842018135
CCN(CC)CCC[C@H](C)Nc1ccnc2cc(Cl)ccc12,0,c1ccc2ncccc2c1,CCN(CCO)CCC[C@H](C)Nc1ccnc2cc(Cl)ccc12,0,c1ccc2ncccc2c1,0.8641904761904763,0,0.025465349149823072
CCN(CC)CCC[C@H](C)Nc1ccnc2cc(Cl)ccc12,0,c1ccc2ncccc2c1,CCN(CC)CCC[C@@H](C)Nc1c2ccc(Cl)cc2nc2ccc(OC)cc12,0,c1ccc2nc3ccccc3cc2c1,0.5720430107526882,0,0.03048971040481102
CCN(CC)CCC[C@H](C)Nc1ccnc2cc(Cl)ccc12,0,c1ccc2ncccc2c1,CCN(CC)Cc1cc(Nc2ccnc3cc(Cl)ccc23)ccc1O,0,c1ccc(Nc2ccnc3ccccc23)cc1,0.5018867924528302,0,0.007112103924314248
CCN(CC)CCC[C@H](C)Nc1ccnc2cc(Cl)ccc12,0,c1ccc2ncccc2c1,COc1cc(N[C@@H](C)CCCN)c2ncccc2c1,0,c1ccc2ncccc2c1,0.3142776682624613,0,0.014664674230481501
CCN(CCO)CCC[C@H](C)Nc1ccnc2cc(Cl)ccc12,0,c1ccc2ncccc2c1,CCN(CC)CCC[C@H](C)Nc1ccnc2cc(Cl)ccc12,0,c1ccc2ncccc2c1,0.8641904761904763,0,0.021482560199820314
CCN(CCO)CCC[C@H](C)Nc1ccnc2cc(Cl)ccc12,0,c1ccc2ncccc2c1,CCN(CC)CCC[C@@H](C)Nc1c2ccc(Cl)cc2nc2ccc(OC)cc12,0,c1ccc2nc3ccccc3cc2c1,0.5089900110987792,0,0.018646859232201576
CCN(CCO)CCC[C@H](C)Nc1ccnc2cc(Cl)ccc12,0,c1ccc2ncccc2c1,CCN(CC)Cc1cc(Nc2ccnc3cc(Cl)ccc23)ccc1O,0,c1ccc(Nc2ccnc3ccccc23)cc1,0.48574561403508776,0,0.005031738745116005
CCN(CCO)CCC[C@H](C)Nc1ccnc2cc(Cl)ccc12,0,c1ccc2ncccc2c1,COc1cc(N[C@@H](C)CCCN)c2ncccc2c1,0,c1ccc2ncccc2c1,0.29118773946360155,0,0.017263975001707968
COc1cc(N[C@@H](C)CCCN)c2ncccc2c1,0,c1ccc2ncccc2c1,CCN(CC)CCC[C@@H](C)Nc1c2ccc(Cl)cc2nc2ccc(OC)cc12,0,c1ccc2nc3ccccc3cc2c1,0.3283686176836862,0,0.003960368163965617
COc1cc(N[C@@H](C)CCCN)c2ncccc2c1,0,c1ccc2ncccc2c1,CCN(CC)CCC[C@H](C)Nc1ccnc2cc(Cl)ccc12,0,c1ccc2ncccc2c1,0.3142776682624613,0,0.0075191354279649375
COc1cc(N[C@@H](C)CCCN)c2ncccc2c1,0,c1ccc2ncccc2c1,CCN(CCO)CCC[C@H](C)Nc1ccnc2cc(Cl)ccc12,0,c1ccc2ncccc2c1,0.29118773946360155,0,0.009573796870203691
COc1cc(N[C@@H](C)CCCN)c2ncccc2c1,0,c1ccc2ncccc2c1,CC[C@H]1CN2CC[C@H]1C[C@@H]2[C@@H](O)c1ccnc2ccc(OC)cc12,0,c1ccc2c(CC3CC4CCN3CC4)ccnc2c1,0.22469135802469137,0,0.0014290377699818562
CN(C)CCc1c[nH]c2ccc(CS(=O)(=O)N3CCCC3)cc12,0,O=S(=O)(Cc1ccc2[nH]ccc2c1)N1CCCC1,O=C(NC1CCN(CCc2c[nH]c3ccccc23)CC1)c1ccccc1,0,O=C(NC1CCN(CCc2c[nH]c3ccccc23)CC1)c1ccccc1,0.31315192743764175,0,0.14411829911891924
CN(C)CCc1c[nH]c2ccc(CS(=O)(=O)N3CCCC3)cc12,0,O=S(=O)(Cc1ccc2[nH]ccc2c1)N1CCCC1,CN(CCOc1ccc(NS(C)(=O)=O)cc1)CCc1ccc(NS(C)(=O)=O)cc1,0,c1ccc(CCNCCOc2ccccc2)cc1,0.22130965593784685,0,0.22506354023935612
CN(C)CCc1c[nH]c2ccc(CS(=O)(=O)N3CCCC3)cc12,0,O=S(=O)(Cc1ccc2[nH]ccc2c1)N1CCCC1,CCN(CC)C(=O)N[C@H]1C[C@@H]2c3cccc4[nH]cc(c34)C[C@H]2N(C)C1,0,c1cc2c3c(c[nH]c3c1)CC1NCCCC21,0.2206060606060606,0,0.26719902465053924
CN(C)CCc1c[nH]c2ccc(CS(=O)(=O)N3CCCC3)cc12,0,O=S(=O)(Cc1ccc2[nH]ccc2c1)N1CCCC1,CN1C[C@H](C(=O)N[C@]2(C)O[C@@]3(O)[C@@H]4CCCN4C(=O)[C@H](Cc4ccccc4)N3C2=O)C[C@@H]2c3cccc4[nH]cc(c34)C[C@H]21,0,O=C(NC1OC2C3CCCN3C(=O)C(Cc3ccccc3)N2C1=O)C1CNC2Cc3c[nH]c4cccc(c34)C2C1,0.21152185644900162,0,0.015458233224894842
COC(=O)[C@H]1[C@H]2C[C@@H]3c4[nH]c5cc(OC)ccc5c4CCN3C[C@H]2C[C@@H](OC(=O)c2cc(OC)c(OC)c(OC)c2)[C@@H]1OC,0,O=C(OC1CCC2CC3c4[nH]c5ccccc5c4CCN3CC2C1)c1ccccc1,CC[C@]1(O)C[C@H]2CN(CCc3c([nH]c4ccccc34)[C@@](C(=O)OC)(c3cc4c(cc3OC)N(C)[C@H]3[C@@](O)(C(=O)OC)[C@H](OC(C)=O)[C@]5(CC)C=CCN6CC[C@]43[C@@H]65)C2)C1,0,C1=CC2CCC3Nc4ccc(C5CC6CCCN(CCc7c5[nH]c5ccccc75)C6)cc4C34CCN(C1)C24,0.25762304921968787,0,0.00014569273829534988
COC(=O)[C@H]1[C@H]2C[C@@H]3c4[nH]c5cc(OC)ccc5c4CCN3C[C@H]2C[C@@H](OC(=O)c2cc(OC)c(OC)c(OC)c2)[C@@H]1OC,0,O=C(OC1CCC2CC3c4[nH]c5ccccc5c4CCN3CC2C1)c1ccccc1,CC[C@]1(O)C[C@H]2CN(CCc3c([nH]c4ccccc34)[C@@](C(=O)OC)(c3cc4c(cc3OC)N(C)[C@H]3[C@@](O)(C(N)=O)[C@H](O)[C@]5(CC)C=CCN6CC[C@]43[C@@H]65)C2)C1,0,C1=CC2CCC3Nc4ccc(C5CC6CCCN(CCc7c5[nH]c5ccccc75)C6)cc4C34CCN(C1)C24,0.25623529411764706,0,0.0002703857413785646
COC(=O)[C@H]1[C@H]2C[C@@H]3c4[nH]c5cc(OC)ccc5c4CCN3C[C@H]2C[C@@H](OC(=O)c2cc(OC)c(OC)c(OC)c2)[C@@H]1OC,0,O=C(OC1CCC2CC3c4[nH]c5ccccc5c4CCN3CC2C1)c1ccccc1,CC[C@]1(O)C[C@H]2CN(CCc3c([nH]c4ccccc34)[C@@](C(=O)OC)(c3cc4c(cc3OC)N(C=O)[C@H]3[C@@](O)(C(=O)OC)[C@H](OC(C)=O)[C@]5(CC)C=CCN6CC[C@]43[C@@H]65)C2)C1,0,C1=CC2CCC3Nc4ccc(C5CC6CCCN(CCc7c5[nH]c5ccccc75)C6)cc4C34CCN(C1)C24,0.2555072463768116,0,6.891574638013535e-05
COC(=O)[C@H]1[C@H]2C[C@@H]3c4[nH]c5cc(OC)ccc5c4CCN3C[C@H]2C[C@@H](OC(=O)c2cc(OC)c(OC)c(OC)c2)[C@@H]1OC,0,O=C(OC1CCC2CC3c4[nH]c5ccccc5c4CCN3CC2C1)c1ccccc1,CC[C@H]1CN2CC[C@H]1C[C@@H]2[C@@H](O)c1ccnc2ccc(OC)cc12,0,c1ccc2c(CC3CC4CCN3CC4)ccnc2c1,0.22614077669902916,0,0.001164437424471766
O=C(OC1C[C@@H]2CC3C[C@H](C1)N2CC3=O)c1c[nH]c2ccccc12,1,O=C(OC1CC2CC3CC(C1)N2CC3=O)c1c[nH]c2ccccc12,O=C(NC1CCN(CCc2c[nH]c3ccccc23)CC1)c1ccccc1,0,O=C(NC1CCN(CCc2c[nH]c3ccccc23)CC1)c1ccccc1,0.3085714285714286,1,0.7637903640730942
O=C(OC1C[C@@H]2CC3C[C@H](C1)N2CC3=O)c1c[nH]c2ccccc12,1,O=C(OC1CC2CC3CC(C1)N2CC3=O)c1c[nH]c2ccccc12,CCN(CC)C(=O)N[C@H]1C[C@@H]2c3cccc4[nH]cc(c34)C[C@H]2N(C)C1,0,c1cc2c3c(c[nH]c3c1)CC1NCCCC21,0.24333333333333335,1,0.772738693381576
O=C(OC1C[C@@H]2CC3C[C@H](C1)N2CC3=O)c1c[nH]c2ccccc12,1,O=C(OC1CC2CC3CC(C1)N2CC3=O)c1c[nH]c2ccccc12,CN(C)CCc1c[nH]c2ccc(CS(=O)(=O)N3CCCC3)cc12,0,O=S(=O)(Cc1ccc2[nH]ccc2c1)N1CCCC1,0.22711111111111112,1,0.5828236556481264
O=C(OC1C[C@@H]2CC3C[C@H](C1)N2CC3=O)c1c[nH]c2ccccc12,1,O=C(OC1CC2CC3CC(C1)N2CC3=O)c1c[nH]c2ccccc12,CN1CC(=O)N2[C@H](c3ccc4c(c3)OCO4)c3[nH]c4ccccc4c3C[C@@H]2C1=O,0,O=C1NCC(=O)N2C1Cc1c([nH]c3ccccc13)C2c1ccc2c(c1)OCO2,0.22391817466561764,1,0.5965890584300069
NNc1nncc2ccccc12,0,c1ccc2cnncc2c1,NNc1nnc(NN)c2ccccc12,0,c1ccc2cnncc2c1,0.6319688109161794,0,0.015924567104526877
NNc1nncc2ccccc12,0,c1ccc2cnncc2c1,Nc1c2c(nc3ccccc13)CCCC2,0,c1ccc2nc3c(cc2c1)CCCC3,0.21681574239713775,0,0.005583557049348244
NNc1nncc2ccccc12,0,c1ccc2cnncc2c1,NS(=O)(=O)Cc1noc2ccccc12,0,c1ccc2oncc2c1,0.21069518716577543,0,0.012017791178788899
NNc1nncc2ccccc12,0,c1ccc2cnncc2c1,CC(C)Cn1cnc2c(N)nc3ccccc3c21,0,c1ccc2c(c1)ncc1nc[nH]c12,0.20112044817927174,0,0.0010569263211043318
NNc1nnc(NN)c2ccccc12,0,c1ccc2cnncc2c1,NNc1nncc2ccccc12,0,c1ccc2cnncc2c1,0.6319688109161794,0,0.011435915152535933
NNc1nnc(NN)c2ccccc12,0,c1ccc2cnncc2c1,Nc1ccccc1,0,c1ccccc1,0.23869565217391306,0,0.027428159634139096
NNc1nnc(NN)c2ccccc12,0,c1ccc2cnncc2c1,NS(=O)(=O)Cc1noc2ccccc12,0,c1ccc2oncc2c1,0.2320945945945946,0,0.0031349267360898402
NNc1nnc(NN)c2ccccc12,0,c1ccc2cnncc2c1,Nc1c2c(nc3ccccc13)CCCC2,0,c1ccc2nc3c(cc2c1)CCCC3,0.22888030888030889,0,0.0011866510481825536
Nc1c2c(nc3ccccc13)CCCC2,0,c1ccc2nc3c(cc2c1)CCCC3,Cc1ccccc1-n1c(C)nc2ccccc2c1=O,0,O=c1c2ccccc2ncn1-c1ccccc1,0.28322981366459626,0,0.12112668942833742
Nc1c2c(nc3ccccc13)CCCC2,0,c1ccc2nc3c(cc2c1)CCCC3,CC(C)Cn1cnc2c(N)nc3ccccc3c21,0,c1ccc2c(c1)ncc1nc[nH]c12,0.2815126050420168,0,0.033411268252651706
Nc1c2c(nc3ccccc13)CCCC2,0,c1ccc2nc3c(cc2c1)CCCC3,Nc1ccccc1,0,c1ccccc1,0.24930875576036865,0,0.1294573529103462
Nc1c2c(nc3ccccc13)CCCC2,0,c1ccc2nc3c(cc2c1)CCCC3,CCOCc1nc2c(N)nc3ccccc3c2n1CC(C)(C)O,0,c1ccc2c(c1)ncc1nc[nH]c12,0.23764705882352943,0,0.014366055273195432
CCN[C@H]1CN(CCCOC)S(=O)(=O)c2sc(S(N)(=O)=O)cc21,0,O=S1(=O)NCCc2ccsc21,CCN1CCC[C@@H]1CNC(=O)c1cc(S(N)(=O)=O)ccc1OC,0,O=C(NCC1CCCN1)c1ccccc1,0.22286585365853662,0,0.0721137337362052
CCN[C@H]1CN(CCCOC)S(=O)(=O)c2sc(S(N)(=O)=O)cc21,0,O=S1(=O)NCCc2ccsc21,CCCCCN(CCCOC)C(=O)[C@@H](CCC(=O)O)NC(=O)c1ccc(Cl)c(Cl)c1,0,c1ccccc1,0.2078369905956113,0,0.015378284370104281
CCN[C@H]1CN(CCCOC)S(=O)(=O)c2sc(S(N)(=O)=O)cc21,0,O=S1(=O)NCCc2ccsc21,CCOc1ccccc1OCCN[C@H](C)Cc1ccc(OC)c(S(N)(=O)=O)c1,0,c1ccc(CCNCCOc2ccccc2)cc1,0.20322841000807104,0,0.027336609360297495
CCN[C@H]1CN(CCCOC)S(=O)(=O)c2sc(S(N)(=O)=O)cc21,0,O=S1(=O)NCCc2ccsc21,CCOC(=O)C1=C(COCCN)NC(C)=C(C(=O)OC)[C@@H]1c1ccccc1Cl,0,C1=CC(c2ccccc2)C=CN1,0.1888372093023256,0,0.02374787167730256
CCN(CC)C(=O)[C@]1(c2ccccc2)C[C@@H]1CN,0,c1ccc(C2CC2)cc1,CC[C@]1(c2ccccc2)C(=O)NC(=O)N(C)C1=O,0,O=C1NC(=O)C(c2ccccc2)C(=O)N1,0.31051693404634584,0,0.07140680714582497
CCN(CC)C(=O)[C@]1(c2ccccc2)C[C@@H]1CN,0,c1ccc(C2CC2)cc1,CCOC(=O)C1(c2ccccc2)CCN(C)CC1,0,c1ccc(C2CCNCC2)cc1,0.3046673286991063,0,0.03723451726163324
CCN(CC)C(=O)[C@]1(c2ccccc2)C[C@@H]1CN,0,c1ccc(C2CC2)cc1,C[C@H](N)C(=O)c1ccccc1,0,c1ccccc1,0.2940438871473354,0,0.07977399914696114
CCN(CC)C(=O)[C@]1(c2ccccc2)C[C@@H]1CN,0,c1ccc(C2CC2)cc1,CCC(=O)N(c1ccccc1)C1CCN(CCc2ccccc2)CC1,0,c1ccc(CCN2CCC(Nc3ccccc3)CC2)cc1,0.26,0,0.011635725308605023
N[C@@H]1C[C@H]1c1ccccc1,0,c1ccc(C2CC2)cc1,Nc1ccccc1,0,c1ccccc1,0.29898989898989903,0,0.030221770160977574
N[C@@H]1C[C@H]1c1ccccc1,0,c1ccc(C2CC2)cc1,Cc1ccccc1,0,c1ccccc1,0.28369565217391307,0,0.01807632196239858
N[C@@H]1C[C@H]1c1ccccc1,0,c1ccc(C2CC2)cc1,C[C@H](N)Cc1ccccc1,0,c1ccccc1,0.2814035087719298,0,0.01729966217996491
N[C@@H]1C[C@H]1c1ccccc1,0,c1ccc(C2CC2)cc1,C[C@H](N)C(=O)c1ccccc1,0,c1ccccc1,0.26071428571428573,0,0.02393414384366599
CC(C)(Oc1ccc([C@@H]2CC2(Cl)Cl)cc1)C(=O)O,0,c1ccc(C2CC2)cc1,CC(C)(Oc1ccc(Cl)cc1)C(=O)O,0,c1ccccc1,0.5728040540540541,0,0.35091501589285057
CC(C)(Oc1ccc([C@@H]2CC2(Cl)Cl)cc1)C(=O)O,0,c1ccc(C2CC2)cc1,CC(C)(Oc1ccc(CCNC(=O)c2ccc(Cl)cc2)cc1)C(=O)O,0,O=C(NCCc1ccccc1)c1ccccc1,0.4169811320754717,0,0.2654040494553628
CC(C)(Oc1ccc([C@@H]2CC2(Cl)Cl)cc1)C(=O)O,0,c1ccc(C2CC2)cc1,CCOC(=O)C(C)(C)Oc1ccc(Cl)cc1,0,c1ccccc1,0.34443266171792153,0,0.14343033730393545
CC(C)(Oc1ccc([C@@H]2CC2(Cl)Cl)cc1)C(=O)O,0,c1ccc(C2CC2)cc1,CC(C)OC(=O)C(C)(C)Oc1ccc(C(=O)c2ccc(Cl)cc2)cc1,0,O=C(c1ccccc1)c1ccccc1,0.3212121212121212,0,0.3500542978304521
CC(=O)C[C@@H](c1ccccc1)c1c(O)c2ccccc2oc1=O,1,O=c1oc2ccccc2cc1Cc1ccccc1,CCc1oc2ccccc2c1C(=O)c1cc(Br)c(O)c(Br)c1,0,O=C(c1ccccc1)c1coc2ccccc12,0.3448979591836735,1,0.8304653598224168
CC(=O)C[C@@H](c1ccccc1)c1c(O)c2ccccc2oc1=O,1,O=c1oc2ccccc2cc1Cc1ccccc1,NC(=O)OCC(COC(N)=O)c1ccccc1,0,c1ccccc1,0.2705426356589148,1,0.8033577076305498
CC(=O)C[C@@H](c1ccccc1)c1c(O)c2ccccc2oc1=O,1,O=c1oc2ccccc2cc1Cc1ccccc1,O=c1ccc2ccccc2o1,0,O=c1ccc2ccccc2o1,0.26908212560386474,1,0.6902925375782273
CC(=O)C[C@@H](c1ccccc1)c1c(O)c2ccccc2oc1=O,1,O=c1oc2ccccc2cc1Cc1ccccc1,COC(=O)[C@H](c1ccccc1)[C@H]1CCCCN1,0,c1ccc(CC2CCCCN2)cc1,0.24689655172413796,1,0.8599832744269218
CC[C@H](c1ccccc1)c1c(O)c2ccccc2oc1=O,1,O=c1oc2ccccc2cc1Cc1ccccc1,CCc1oc2ccccc2c1C(=O)c1cc(Br)c(O)c(Br)c1,0,O=C(c1ccccc1)c1coc2ccccc12,0.35913287836210356,1,0.8630843867342359
CC[C@H](c1ccccc1)c1c(O)c2ccccc2oc1=O,1,O=c1oc2ccccc2cc1Cc1ccccc1,O=c1ccc2ccccc2o1,0,O=c1ccc2ccccc2o1,0.28949964763918257,1,0.6816753760195302
CC[C@H](c1ccccc1)c1c(O)c2ccccc2oc1=O,1,O=c1oc2ccccc2cc1Cc1ccccc1,NC(=O)OCC(COC(N)=O)c1ccccc1,0,c1ccccc1,0.26023329798515377,1,0.8244590667635378
CC[C@H](c1ccccc1)c1c(O)c2ccccc2oc1=O,1,O=c1oc2ccccc2cc1Cc1ccccc1,Cc1ccccc1-n1c(C)nc2ccccc2c1=O,0,O=c1c2ccccc2ncn1-c1ccccc1,0.2573225516621743,1,0.7673035563411192
CC(=O)C[C@@H](c1ccc([N+](=O)[O-])cc1)c1c(O)c2ccccc2oc1=O,1,O=c1oc2ccccc2cc1Cc1ccccc1,O=C(N[C@H](CO)[C@H](O)c1ccc([N+](=O)[O-])cc1)C(Cl)Cl,0,c1ccccc1,0.29741019214703424,1,0.7499987773197085
CC(=O)C[C@@H](c1ccc([N+](=O)[O-])cc1)c1c(O)c2ccccc2oc1=O,1,O=c1oc2ccccc2cc1Cc1ccccc1,CCc1oc2ccccc2c1C(=O)c1cc(Br)c(O)c(Br)c1,0,O=C(c1ccccc1)c1coc2ccccc12,0.297004048582996,1,0.7422709726618603
CC(=O)C[C@@H](c1ccc([N+](=O)[O-])cc1)c1c(O)c2ccccc2oc1=O,1,O=c1oc2ccccc2cc1Cc1ccccc1,COC(=O)C1=C(C)NC(C)=C(C(=O)OC(C)(C)CN(C)CCC(c2ccccc2)c2ccccc2)[C@H]1c1cccc([N+](=O)[O-])c1,0,O=C(OCCNCCC(c1ccccc1)c1ccccc1)C1=CNC=CC1c1ccccc1,0.26176470588235295,1,0.8228004695735383
CC(=O)C[C@@H](c1ccc([N+](=O)[O-])cc1)c1c(O)c2ccccc2oc1=O,1,O=c1oc2ccccc2cc1Cc1ccccc1,CCOP(=S)(OCC)Oc1ccc([N+](=O)[O-])cc1,0,c1ccccc1,0.24845034788108794,1,0.6941568090258451
Cc1nnc2n1-c1ccc(Cl)cc1C(c1ccccc1)=NC2,0,c1ccc(C2=NCc3nncn3-c3ccccc32)cc1,Cc1nnc2n1-c1ccc(Cl)cc1C(c1ccccc1Cl)=NC2,0,c1ccc(C2=NCc3nncn3-c3ccccc32)cc1,0.7951188986232791,0,0.19413184147966447
Cc1nnc2n1-c1ccc(Cl)cc1C(c1ccccc1)=NC2,0,c1ccc(C2=NCc3nncn3-c3ccccc32)cc1,CN(C)Cc1nnc2n1-c1ccc(Cl)cc1C(c1ccccc1)=NC2,0,c1ccc(C2=NCc3nncn3-c3ccccc32)cc1,0.7185520361990951,0,0.20059577291932065
Cc1nnc2n1-c1ccc(Cl)cc1C(c1ccccc1)=NC2,0,c1ccc(C2=NCc3nncn3-c3ccccc32)cc1,CN1CCN=C(c2ccccc2)c2cc(Cl)ccc21,0,c1ccc(C2=NCCNc3ccccc32)cc1,0.5064186046511628,0,0.13835788281065503
Cc1nnc2n1-c1ccc(Cl)cc1C(c1ccccc1)=NC2,0,c1ccc(C2=NCc3nncn3-c3ccccc32)cc1,Cc1nnc2n1-c1sc(Br)cc1C(c1ccccc1Cl)=NC2,0,c1ccc(C2=NCc3nncn3-c3sccc32)cc1,0.4840417000801925,0,0.09103789383554736
CN(C)Cc1nnc2n1-c1ccc(Cl)cc1C(c1ccccc1)=NC2,0,c1ccc(C2=NCc3nncn3-c3ccccc32)cc1,Cc1nnc2n1-c1ccc(Cl)cc1C(c1ccccc1)=NC2,0,c1ccc(C2=NCc3nncn3-c3ccccc32)cc1,0.7185520361990951,0,0.14793969284656844
CN(C)Cc1nnc2n1-c1ccc(Cl)cc1C(c1ccccc1)=NC2,0,c1ccc(C2=NCc3nncn3-c3ccccc32)cc1,Cc1nnc2n1-c1ccc(Cl)cc1C(c1ccccc1Cl)=NC2,0,c1ccc(C2=NCc3nncn3-c3ccccc32)cc1,0.576551133932392,0,0.12048865409775535
CN(C)Cc1nnc2n1-c1ccc(Cl)cc1C(c1ccccc1)=NC2,0,c1ccc(C2=NCc3nncn3-c3ccccc32)cc1,CN1CCN=C(c2ccccc2)c2cc(Cl)ccc21,0,c1ccc(C2=NCCNc3ccccc32)cc1,0.46506769825918765,0,0.10197327543651206
CN(C)Cc1nnc2n1-c1ccc(Cl)cc1C(c1ccccc1)=NC2,0,c1ccc(C2=NCc3nncn3-c3ccccc32)cc1,Cc1nnc2n1-c1sc(Br)cc1C(c1ccccc1Cl)=NC2,0,c1ccc(C2=NCc3nncn3-c3sccc32)cc1,0.3626268656716418,0,0.09155846150116585
Cc1nnc2n1-c1ccc(Cl)cc1C(c1ccccc1Cl)=NC2,0,c1ccc(C2=NCc3nncn3-c3ccccc32)cc1,Cc1nnc2n1-c1ccc(Cl)cc1C(c1ccccc1)=NC2,0,c1ccc(C2=NCc3nncn3-c3ccccc32)cc1,0.7951188986232791,0,0.2269626152586583
Cc1nnc2n1-c1ccc(Cl)cc1C(c1ccccc1Cl)=NC2,0,c1ccc(C2=NCc3nncn3-c3ccccc32)cc1,Cc1nnc2n1-c1sc(Br)cc1C(c1ccccc1Cl)=NC2,0,c1ccc(C2=NCc3nncn3-c3sccc32)cc1,0.6219227313566936,0,0.17510868077075842
Cc1nnc2n1-c1ccc(Cl)cc1C(c1ccccc1Cl)=NC2,0,c1ccc(C2=NCc3nncn3-c3ccccc32)cc1,CN(C)Cc1nnc2n1-c1ccc(Cl)cc1C(c1ccccc1)=NC2,0,c1ccc(C2=NCc3nncn3-c3ccccc32)cc1,0.576551133932392,0,0.20916341339290062
Cc1nnc2n1-c1ccc(Cl)cc1C(c1ccccc1Cl)=NC2,0,c1ccc(C2=NCc3nncn3-c3ccccc32)cc1,CN1CCN=C(c2ccccc2)c2cc(Cl)ccc21,0,c1ccc(C2=NCCNc3ccccc32)cc1,0.4012121212121212,0,0.14769417803084864
CC(=O)[C@H]1CC[C@H]2[C@@H]3CC[C@H]4C[C@](C)(O)CC[C@]4(C)[C@H]3CC[C@]12C,0,C1CCC2C(C1)CCC1C3CCCC3CCC21,CC(=O)[C@H]1CC[C@H]2[C@@H]3CC=C4C[C@@H](O)CC[C@]4(C)[C@H]3CC[C@]12C,0,C1=C2CCCCC2C2CCC3CCCC3C2C1,0.45534090909090913,0,0.014693449648332501
CC(=O)[C@H]1CC[C@H]2[C@@H]3CC[C@H]4C[C@](C)(O)CC[C@]4(C)[C@H]3CC[C@]12C,0,C1CCC2C(C1)CCC1C3CCCC3CCC21,C[C@]12CC[C@H]3[C@@H](CCC4=CC(=O)C=C[C@@]43C)[C@@H]1CC[C@@H]2O,0,O=C1C=CC2C(=C1)CCC1C3CCCC3CCC21,0.3066666666666667,0,0.021458649379137558
CC(=O)[C@H]1CC[C@H]2[C@@H]3CC[C@H]4C[C@](C)(O)CC[C@]4(C)[C@H]3CC[C@]12C,0,C1CCC2C(C1)CCC1C3CCCC3CCC21,C[C@]12C=CC(=O)N[C@@H]1CC[C@@H]1[C@@H]2CC[C@]2(C)[C@@H](C(=O)Nc3cc(C(F)(F)F)ccc3C(F)(F)F)CC[C@@H]12,0,O=C1C=CC2C(CCC3C2CCC2C(C(=O)Nc4ccccc4)CCC23)N1,0.28601986249045075,0,0.011772488355013436
CC(=O)[C@H]1CC[C@H]2[C@@H]3CC[C@H]4C[C@](C)(O)CC[C@]4(C)[C@H]3CC[C@]12C,0,C1CCC2C(C1)CCC1C3CCCC3CCC21,C[C@H](CCC(=O)O)[C@H]1CC[C@H]2[C@@H]3[C@H](O)C[C@H]4C[C@H](O)CC[C@]4(C)[C@H]3CC[C@]12C,0,C1CCC2C(C1)CCC1C3CCCC3CCC21,0.274481658692185,0,0.0107134144491587
C[C@H](CCC(=O)O)[C@H]1CC[C@H]2[C@@H]3[C@H](O)C[C@H]4C[C@H](O)CC[C@]4(C)[C@H]3CC[C@]12C,0,C1CCC2C(C1)CCC1C3CCCC3CCC21,CC(=O)[C@H]1CC[C@H]2[C@@H]3CC=C4C[C@@H](O)CC[C@]4(C)[C@H]3CC[C@]12C,0,C1=C2CCCCC2C2CCC3CCCC3C2C1,0.2857142857142857,0,0.021286992671005287
C[C@H](CCC(=O)O)[C@H]1CC[C@H]2[C@@H]3[C@H](O)C[C@H]4C[C@H](O)CC[C@]4(C)[C@H]3CC[C@]12C,0,C1CCC2C(C1)CCC1C3CCCC3CCC21,C=C1CC[C@H](O)C/C1=C/C=C1\CCC[C@]2(C)[C@@H]([C@H](C)CCCC(C)C)CC[C@@H]12,0,C=C1CCCCC1=CC=C1CCCC2CCCC12,0.27570237727693736,0,0.1050275280852403
C[C@H](CCC(=O)O)[C@H]1CC[C@H]2[C@@H]3[C@H](O)C[C@H]4C[C@H](O)CC[C@]4(C)[C@H]3CC[C@]12C,0,C1CCC2C(C1)CCC1C3CCCC3CCC21,CC(=O)[C@H]1CC[C@H]2[C@@H]3CC[C@H]4C[C@](C)(O)CC[C@]4(C)[C@H]3CC[C@]12C,0,C1CCC2C(C1)CCC1C3CCCC3CCC21,0.274481658692185,0,0.012230208143525325
C[C@H](CCC(=O)O)[C@H]1CC[C@H]2[C@@H]3[C@H](O)C[C@H]4C[C@H](O)CC[C@]4(C)[C@H]3CC[C@]12C,0,C1CCC2C(C1)CCC1C3CCCC3CCC21,C[C@]12CC[C@H](O)CC1=CC[C@@H]1[C@@H]2CC[C@]2(C)C(=O)CC[C@@H]12,0,O=C1CCC2C1CCC1C3CCCCC3=CCC21,0.23548957228702722,0,0.03128731269385087
CCCc1nc2c(C)cc(-c3nc4ccccc4n3C)cc2n1Cc1ccc(-c2ccccc2C(=O)O)cc1,0,c1ccc(-c2ccc(Cn3cnc4ccc(-c5nc6ccccc6[nH]5)cc43)cc2)cc1,CCCCc1ncc(/C=C(/Cc2cccs2)C(=O)O)n1Cc1ccc(C(=O)O)cc1,0,C(=Cc1cncn1Cc1ccccc1)Cc1cccs1,0.2669236471460341,0,0.310823351602275
CCCc1nc2c(C)cc(-c3nc4ccccc4n3C)cc2n1Cc1ccc(-c2ccccc2C(=O)O)cc1,0,c1ccc(-c2ccc(Cn3cnc4ccc(-c5nc6ccccc6[nH]5)cc43)cc2)cc1,COc1ccc(CCN2CCC(Nc3nc4ccccc4n3Cc3ccc(F)cc3)CC2)cc1,0,c1ccc(CCN2CCC(Nc3nc4ccccc4n3Cc3ccccc3)CC2)cc1,0.24446262956901255,0,0.15485108779623752
CCCc1nc2c(C)cc(-c3nc4ccccc4n3C)cc2n1Cc1ccc(-c2ccccc2C(=O)O)cc1,0,c1ccc(-c2ccc(Cn3cnc4ccc(-c5nc6ccccc6[nH]5)cc43)cc2)cc1,Cc1nc(C)c2c(n1)N(Cc1ccc(-c3ccccc3-c3nnn[nH]3)cc1)C(=O)CC2,0,O=C1CCc2cncnc2N1Cc1ccc(-c2ccccc2-c2nnn[nH]2)cc1,0.24322344322344322,0,0.1875156976919074
CCCc1nc2c(C)cc(-c3nc4ccccc4n3C)cc2n1Cc1ccc(-c2ccccc2C(=O)O)cc1,0,c1ccc(-c2ccc(Cn3cnc4ccc(-c5nc6ccccc6[nH]5)cc43)cc2)cc1,CCn1cc(C(=O)O)c(=O)c2ccc(C)nc21,0,O=c1cc[nH]c2ncccc12,0.22933730454207,0,0.004055658771492437
CC(C)c1nc(CN(C)C(=O)N[C@H](C(=O)N[C@@H](Cc2ccccc2)C[C@H](O)[C@H](Cc2ccccc2)NC(=O)OCc2cncs2)C(C)C)cs1,1,O=C(CNC(=O)NCc1cscn1)NC(CCC(Cc1ccccc1)NC(=O)OCc1cncs1)Cc1ccccc1,Cc1cccc(C)c1OCC(=O)N[C@@H](Cc1ccccc1)[C@@H](O)C[C@H](Cc1ccccc1)NC(=O)[C@H](C(C)C)N1CCCNC1=O,0,O=C(COc1ccccc1)NC(CCC(Cc1ccccc1)NC(=O)CN1CCCNC1=O)Cc1ccccc1,0.3266841415465269,1,0.9240592603379674
CC(C)c1nc(CN(C)C(=O)N[C@H](C(=O)N[C@@H](Cc2ccccc2)C[C@H](O)[C@H](Cc2ccccc2)NC(=O)OCc2cncs2)C(C)C)cs1,1,O=C(CNC(=O)NCc1cscn1)NC(CCC(Cc1ccccc1)NC(=O)OCc1cncs1)Cc1ccccc1,C[C@@H](Cc1ccccc1)N(C)Cc1ccccc1,0,c1ccc(CCNCc2ccccc2)cc1,0.203734756097561,1,0.9688209922556956
CC(C)c1nc(CN(C)C(=O)N[C@H](C(=O)N[C@@H](Cc2ccccc2)C[C@H](O)[C@H](Cc2ccccc2)NC(=O)OCc2cncs2)C(C)C)cs1,1,O=C(CNC(=O)NCc1cscn1)NC(CCC(Cc1ccccc1)NC(=O)OCc1cncs1)Cc1ccccc1,CC(C)c1nc(COC(N)=O)n(Cc2ccncc2)c1Sc1cc(Cl)cc(Cl)c1,0,c1ccc(Sc2cncn2Cc2ccncc2)cc1,0.20063514467184193,1,0.7952846345740374
CC(C)c1nc(CN(C)C(=O)N[C@H](C(=O)N[C@@H](Cc2ccccc2)C[C@H](O)[C@H](Cc2ccccc2)NC(=O)OCc2cncs2)C(C)C)cs1,1,O=C(CNC(=O)NCc1cscn1)NC(CCC(Cc1ccccc1)NC(=O)OCc1cncs1)Cc1ccccc1,CCOC(=O)c1cncn1[C@H](C)c1ccccc1,0,c1ccc(Cn2ccnc2)cc1,0.19057971014492756,1,0.8250393092150305
CC(=O)N1CCN(c2ccc(OC[C@H]3CO[C@](Cn4ccnc4)(c4ccc(Cl)cc4Cl)O3)cc2)CC1,0,c1ccc(C2(Cn3ccnc3)OCC(COc3ccc(N4CCNCC4)cc3)O2)cc1,CC[C@H](C)n1ncn(-c2ccc(N3CCN(c4ccc(OC[C@H]5CO[C@](Cn6cncn6)(c6ccc(Cl)cc6Cl)O5)cc4)CC3)cc2)c1=O,0,O=c1[nH]ncn1-c1ccc(N2CCN(c3ccc(OCC4COC(Cn5cncn5)(c5ccccc5)O4)cc3)CC2)cc1,0.5452558941920644,0,0.07746379705081151
CC(=O)N1CCN(c2ccc(OC[C@H]3CO[C@](Cn4ccnc4)(c4ccc(Cl)cc4Cl)O3)cc2)CC1,0,c1ccc(C2(Cn3ccnc3)OCC(COc3ccc(N4CCNCC4)cc3)O2)cc1,Clc1ccc(CO[C@@H](Cn2ccnc2)c2ccc(Cl)cc2Cl)cc1,0,c1ccc(COC(Cn2ccnc2)c2ccccc2)cc1,0.3186274509803922,0,0.04028339122248478
CC(=O)N1CCN(c2ccc(OC[C@H]3CO[C@](Cn4ccnc4)(c4ccc(Cl)cc4Cl)O3)cc2)CC1,0,c1ccc(C2(Cn3ccnc3)OCC(COc3ccc(N4CCNCC4)cc3)O2)cc1,Clc1ccc(CO[C@@H](Cn2ccnc2)c2ccc(Cl)cc2Cl)c(Cl)c1,0,c1ccc(COC(Cn2ccnc2)c2ccccc2)cc1,0.31139140717382735,0,0.03211030449792174
CC(=O)N1CCN(c2ccc(OC[C@H]3CO[C@](Cn4ccnc4)(c4ccc(Cl)cc4Cl)O3)cc2)CC1,0,c1ccc(C2(Cn3ccnc3)OCC(COc3ccc(N4CCNCC4)cc3)O2)cc1,O=C(O)c1ccc(OCCn2ccnc2)cc1,0,c1ccc(OCCn2ccnc2)cc1,0.3107799101674153,0,0.042660936535585864
O=c1[nH]cc(F)c(=O)[nH]1,0,O=c1cc[nH]c(=O)[nH]1,Cn1cnc2c1c(=O)[nH]c(=O)n2C,0,O=c1[nH]c(=O)c2[nH]cnc2[nH]1,0.1778754578754579,0,0.06265001715135148
O=c1[nH]cc(F)c(=O)[nH]1,0,O=c1cc[nH]c(=O)[nH]1,Fc1cccc2c1O[C@H]1CNC[C@@H]1O2,0,c1ccc2c(c1)OC1CNCC1O2,0.16857142857142857,0,0.052164811079325274
O=c1[nH]cc(F)c(=O)[nH]1,0,O=c1cc[nH]c(=O)[nH]1,Nc1nc(=O)c(Br)c(-c2ccccc2)[nH]1,0,O=c1cc(-c2ccccc2)[nH]cn1,0.16,0,0.04842860418277788
O=c1[nH]cc(F)c(=O)[nH]1,0,O=c1cc[nH]c(=O)[nH]1,Cn1c(=O)[nH]c2ncn(C)c2c1=O,0,O=c1[nH]c(=O)c2[nH]cnc2[nH]1,0.14777777777777779,0,0.0640758729670781
COc1cccc([C@@]2(O)CCCC[C@@H]2CN(C)C)c1,0,c1ccc(C2CCCCC2)cc1,COc1ccc(C(=O)Nc2ccccc2CC[C@H]2CCCCN2C)cc1,0,O=C(Nc1ccccc1CCC1CCCCN1)c1ccccc1,0.2788169014084507,0,0.06471171357036958
COc1cccc([C@@]2(O)CCCC[C@@H]2CN(C)C)c1,0,c1ccc(C2CCCCC2)cc1,CN(C)CC(Oc1ccccc1)Oc1ccccc1,0,c1ccc(OCOc2ccccc2)cc1,0.26461538461538464,0,0.13492517290335998
COc1cccc([C@@]2(O)CCCC[C@@H]2CN(C)C)c1,0,c1ccc(C2CCCCC2)cc1,COc1ccc2c3c1O[C@H]1[C@@H](O)CC[C@H]4[C@@H](C2)N(C)CC[C@@]341,0,c1cc2c3c(c1)OC1CCCC4C(C2)NCCC314,0.23843137254901964,0,0.04079807522826248
COc1cccc([C@@]2(O)CCCC[C@@H]2CN(C)C)c1,0,c1ccc(C2CCCCC2)cc1,CC[C@H]1CN2CC[C@H]1C[C@@H]2[C@@H](O)c1ccnc2ccc(OC)cc12,0,c1ccc2c(CC3CC4CCN3CC4)ccnc2c1,0.22988245931283907,0,0.008825158207917046
CCN[C@H]1C[C@H](C)S(=O)(=O)c2sc(S(N)(=O)=O)cc21,1,O=S1(=O)CCCc2ccsc21,CCN[C@H]1CN(CCCOC)S(=O)(=O)c2sc(S(N)(=O)=O)cc21,0,O=S1(=O)NCCc2ccsc21,0.5888983050847458,1,0.8533377258642281
CCN[C@H]1C[C@H](C)S(=O)(=O)c2sc(S(N)(=O)=O)cc21,1,O=S1(=O)CCCc2ccsc21,Cc1cc(Cl)c(S(N)(=O)=O)cc1S(N)(=O)=O,0,c1ccccc1,0.21109123434704832,1,0.7999459469245647
CCN[C@H]1C[C@H](C)S(=O)(=O)c2sc(S(N)(=O)=O)cc21,1,O=S1(=O)CCCc2ccsc21,CCN1CCC[C@@H]1CNC(=O)c1cc(S(N)(=O)=O)ccc1OC,0,O=C(NCC1CCCN1)c1ccccc1,0.19793103448275864,1,0.856950009178229
CCN[C@H]1C[C@H](C)S(=O)(=O)c2sc(S(N)(=O)=O)cc21,1,O=S1(=O)CCCc2ccsc21,CCOc1ccccc1OCCN[C@H](C)Cc1ccc(OC)c(S(N)(=O)=O)c1,0,c1ccc(CCNCCOc2ccccc2)cc1,0.18499025341130604,1,0.7647633975387879
CC[C@H]1OC(=O)[C@H](C)[C@@H](O[C@H]2C[C@@](C)(OC)[C@@H](O)[C@H](C)O2)[C@H](C)[C@@H](O[C@@H]2O[C@H](C)C[C@H](N(C)C)[C@H]2O)[C@](C)(O)C[C@@H](C)[C@@H]2N[C@@H](COCCOC)O[C@H]([C@H]2C)[C@]1(C)O,0,O=C1CC(OC2CCCCO2)CC(OC2CCCCO2)CCCC2CC(CCO1)OCN2,CC[C@H]1OC(=O)[C@H](C)[C@@H](O[C@H]2C[C@@](C)(OC)[C@@H](O)[C@H](C)O2)[C@H](C)[C@@H](O[C@@H]2O[C@H](C)C[C@H](N(C)C)[C@H]2O)[C@](C)(O)C[C@@H](C)/C(=N\OCOCCOC)[C@H](C)[C@@H](O)[C@]1(C)O,0,N=C1CCCCOC(=O)CC(OC2CCCCO2)CC(OC2CCCCO2)CCC1,0.6805208610151475,0,4.153530742230738e-06
CC[C@H]1OC(=O)[C@H](C)[C@@H](O[C@H]2C[C@@](C)(OC)[C@@H](O)[C@H](C)O2)[C@H](C)[C@@H](O[C@@H]2O[C@H](C)C[C@H](N(C)C)[C@H]2O)[C@](C)(O)C[C@@H](C)[C@@H]2N[C@@H](COCCOC)O[C@H]([C@H]2C)[C@]1(C)O,0,O=C1CC(OC2CCCCO2)CC(OC2CCCCO2)CCCC2CC(CCO1)OCN2,CC[C@H]1OC(=O)[C@H](C)[C@@H](O[C@H]2C[C@@](C)(OC)[C@@H](O)[C@H](C)O2)[C@H](C)[C@@H](O[C@@H]2O[C@H](C)C[C@H](N(C)C)[C@H]2O)[C@](C)(O)C[C@@H](C)C(=O)[C@H](C)[C@@H](O)[C@]1(C)O,0,O=C1CCCCOC(=O)CC(OC2CCCCO2)CC(OC2CCCCO2)CCC1,0.6792464678178964,0,6.018783048527917e-06
CC[C@H]1OC(=O)[C@H](C)[C@@H](O[C@H]2C[C@@](C)(OC)[C@@H](O)[C@H](C)O2)[C@H](C)[C@@H](O[C@@H]2O[C@H](C)C[C@H](N(C)C)[C@H]2O)[C@](C)(O)C[C@@H](C)[C@@H]2N[C@@H](COCCOC)O[C@H]([C@H]2C)[C@]1(C)O,0,O=C1CC(OC2CCCCO2)CC(OC2CCCCO2)CCCC2CC(CCO1)OCN2,CC[C@H]1OC(=O)[C@H](C)[C@@H](O[C@H]2C[C@@](C)(OC)[C@@H](O)[C@H](C)O2)[C@H](C)[C@@H](O[C@@H]2O[C@H](C)C[C@H](N(C)C)[C@H]2O)[C@](C)(O)C[C@](C)(F)C(=O)[C@H](C)[C@@H](O)[C@]1(C)O,0,O=C1CCCCOC(=O)CC(OC2CCCCO2)CC(OC2CCCCO2)CCC1,0.6445114076625054,0,6.471965535651478e-06
CC[C@H]1OC(=O)[C@H](C)[C@@H](O[C@H]2C[C@@](C)(OC)[C@@H](O)[C@H](C)O2)[C@H](C)[C@@H](O[C@@H]2O[C@H](C)C[C@H](N(C)C)[C@H]2O)[C@](C)(O)C[C@@H](C)[C@@H]2N[C@@H](COCCOC)O[C@H]([C@H]2C)[C@]1(C)O,0,O=C1CC(OC2CCCCO2)CC(OC2CCCCO2)CCCC2CC(CCO1)OCN2,CC[C@H]1OC(=O)[C@H](C)[C@@H](O[C@H]2C[C@@](C)(OC)[C@@H](O)[C@H](C)O2)[C@H](C)[C@@H](O[C@@H]2O[C@H](C)C[C@H](N(C)C)[C@H]2O)[C@](C)(OC)C[C@@H](C)C(=O)[C@H](C)[C@@H](O)[C@]1(C)O,0,O=C1CCCCOC(=O)CC(OC2CCCCO2)CC(OC2CCCCO2)CCC1,0.6348187759952467,0,5.344485522494021e-06
C[C@]12CC[C@H](O)CC1=CC[C@@H]1[C@@H]2CC[C@]2(C)C(c3cccnc3)=CC[C@@H]12,0,C1=C2CCCCC2C2CCC3C(c4cccnc4)=CCC3C2C1,C[C@]12CC[C@H](O)CC1=CC[C@@H]1[C@@H]2CC[C@]2(C)C(=O)CC[C@@H]12,0,O=C1CCC2C1CCC1C3CCCCC3=CCC21,0.519492600422833,0,0.02315418978984989
C[C@]12CC[C@H](O)CC1=CC[C@@H]1[C@@H]2CC[C@]2(C)C(c3cccnc3)=CC[C@@H]12,0,C1=C2CCCCC2C2CCC3C(c4cccnc4)=CCC3C2C1,CC(=O)[C@H]1CC[C@H]2[C@@H]3CC=C4C[C@@H](O)CC[C@]4(C)[C@H]3CC[C@]12C,0,C1=C2CCCCC2C2CCC3CCCC3C2C1,0.48434108527131786,0,0.01924662795263051
C[C@]12CC[C@H](O)CC1=CC[C@@H]1[C@@H]2CC[C@]2(C)C(c3cccnc3)=CC[C@@H]12,0,C1=C2CCCCC2C2CCC3C(c4cccnc4)=CCC3C2C1,C#C[C@]1(O)CC[C@H]2[C@@H]3CCC4=Cc5oncc5C[C@]4(C)[C@H]3CC[C@@]21C,0,C1=C2CCC3C4CCCC4CCC3C2Cc2cnoc21,0.2693281402142162,0,0.04419018742086379
C[C@]12CC[C@H](O)CC1=CC[C@@H]1[C@@H]2CC[C@]2(C)C(c3cccnc3)=CC[C@@H]12,0,C1=C2CCCCC2C2CCC3C(c4cccnc4)=CCC3C2C1,CN1C(=O)CC[C@H]1c1cccnc1,0,O=C1CCC(c2cccnc2)N1,0.25132978723404253,0,0.09073672588089167
CC(C)C[C@@H](NC(=O)[C@@H](Cc1ccccc1)NC(=O)c1cnccn1)B(O)O,1,O=C(NCCc1ccccc1)c1cnccn1,Cc1cccc(C)c1OCC(=O)N[C@@H](Cc1ccccc1)[C@@H](O)C[C@H](Cc1ccccc1)NC(=O)[C@H](C(C)C)N1CCCNC1=O,0,O=C(COc1ccccc1)NC(CCC(Cc1ccccc1)NC(=O)CN1CCCNC1=O)Cc1ccccc1,0.30774193548387097,1,0.9709702118245924
CC(C)C[C@@H](NC(=O)[C@@H](Cc1ccccc1)NC(=O)c1cnccn1)B(O)O,1,O=C(NCCc1ccccc1)c1cnccn1,CN[C@@H](C)Cc1ccccc1,0,c1ccccc1,0.25258358662613983,1,0.9076322484576783
CC(C)C[C@@H](NC(=O)[C@@H](Cc1ccccc1)NC(=O)c1cnccn1)B(O)O,1,O=C(NCCc1ccccc1)c1cnccn1,C[C@H](N)Cc1ccccc1,0,c1ccccc1,0.24363636363636362,1,0.9502597355066309
CC(C)C[C@@H](NC(=O)[C@@H](Cc1ccccc1)NC(=O)c1cnccn1)B(O)O,1,O=C(NCCc1ccccc1)c1cnccn1,CCOC(=O)c1cncn1[C@H](C)c1ccccc1,0,c1ccc(Cn2ccnc2)cc1,0.24245838668373879,1,0.8308827998618404
CCOc1ccccc1O[C@H](c1ccccc1)[C@H]1CNCCO1,0,c1ccc(OC(c2ccccc2)C2CNCCO2)cc1,CCOc1ccccc1OCCN[C@H](C)Cc1ccc(OC)c(S(N)(=O)=O)c1,0,c1ccc(CCNCCOc2ccccc2)cc1,0.26639247943595773,0,0.12428062244376295
CCOc1ccccc1O[C@H](c1ccccc1)[C@H]1CNCCO1,0,c1ccc(OC(c2ccccc2)C2CNCCO2)cc1,CCOC(=O)c1cncn1[C@H](C)c1ccccc1,0,c1ccc(Cn2ccnc2)cc1,0.24583333333333335,0,0.03498425690289107
CCOc1ccccc1O[C@H](c1ccccc1)[C@H]1CNCCO1,0,c1ccc(OC(c2ccccc2)C2CNCCO2)cc1,COC(=O)[C@H](c1ccccc1)[C@H]1CCCCN1,0,c1ccc(CC2CCCCN2)cc1,0.2438095238095238,0,0.023746493129947935
CCOc1ccccc1O[C@H](c1ccccc1)[C@H]1CNCCO1,0,c1ccc(OC(c2ccccc2)C2CNCCO2)cc1,CC(C)(C)NC[C@H](O)COc1ccccc1C1CCCC1,0,c1ccc(C2CCCC2)cc1,0.23427109974424554,0,0.04444075024392852
CN1CCN(C2=Nc3cc(F)ccc3Cc3ccccc32)CC1,0,c1ccc2c(c1)Cc1ccccc1C(N1CCNCC1)=N2,CN1CCC(=C2c3ccccc3CCc3cccnc32)CC1,0,c1ccc2c(c1)CCc1cccnc1C2=C1CCNCC1,0.26456140350877194,0,0.3099549355368045
CN1CCN(C2=Nc3cc(F)ccc3Cc3ccccc32)CC1,0,c1ccc2c(c1)Cc1ccccc1C(N1CCNCC1)=N2,CCOCCn1c(N2CCCN(C)CC2)nc2ccccc21,0,c1ccc2[nH]c(N3CCCNCC3)nc2c1,0.2312275295326143,0,0.13893513166346205
CN1CCN(C2=Nc3cc(F)ccc3Cc3ccccc32)CC1,0,c1ccc2c(c1)Cc1ccccc1C(N1CCNCC1)=N2,CN1CCN=C(c2ccccc2)c2cc(Cl)ccc21,0,c1ccc(C2=NCCNc3ccccc32)cc1,0.22607526881720433,0,0.24997503039081959
CN1CCN(C2=Nc3cc(F)ccc3Cc3ccccc32)CC1,0,c1ccc2c(c1)Cc1ccccc1C(N1CCNCC1)=N2,CCOC(=O)C1(c2ccccc2)CCN(C)CC1,0,c1ccc(C2CCNCC2)cc1,0.22231292517006804,0,0.20062344221322517
COC(=O)Nc1nc2cc(C(=O)c3ccccc3)ccc2[nH]1,0,O=C(c1ccccc1)c1ccc2[nH]cnc2c1,C[C@@H](C(=O)O)c1cccc(C(=O)c2ccccc2)c1,0,O=C(c1ccccc1)c1ccccc1,0.32248062015503876,0,0.0782853110777119
COC(=O)Nc1nc2cc(C(=O)c3ccccc3)ccc2[nH]1,0,O=C(c1ccccc1)c1ccc2[nH]cnc2c1,COCCCOc1ccnc(C[S@@H](=O)c2nc3ccccc3[nH]2)c1C,0,O=[SH](Cc1ccccn1)c1nc2ccccc2[nH]1,0.24902667627974046,0,0.29564789647537093
COC(=O)Nc1nc2cc(C(=O)c3ccccc3)ccc2[nH]1,0,O=C(c1ccccc1)c1ccc2[nH]cnc2c1,O=[S@H](Cc1ccccn1)c1nc2ccccc2[nH]1,0,O=[SH](Cc1ccccn1)c1nc2ccccc2[nH]1,0.24433768016472204,0,0.3505052755462707
COC(=O)Nc1nc2cc(C(=O)c3ccccc3)ccc2[nH]1,0,O=C(c1ccccc1)c1ccc2[nH]cnc2c1,CC(=O)Nc1ccccc1,0,c1ccccc1,0.24425531914893617,0,0.23497571018989802
CNC(=O)c1cccc(NCC(=O)NCCc2ccc(OC)c(OC)c2)c1,0,O=C(CNc1ccccc1)NCCc1ccccc1,CC(C)(Oc1ccc(CCNC(=O)c2ccc(Cl)cc2)cc1)C(=O)O,0,O=C(NCCc1ccccc1)c1ccccc1,0.2926145552560647,0,0.06598170747246242
CNC(=O)c1cccc(NCC(=O)NCCc2ccc(OC)c(OC)c2)c1,0,O=C(CNc1ccccc1)NCCc1ccccc1,COc1ccc(Cc2nccc3cc(OC)c(OC)cc23)cc1OC,0,c1ccc(Cc2nccc3ccccc23)cc1,0.27405660377358493,0,0.22385448461223795
CNC(=O)c1cccc(NCC(=O)NCCc2ccc(OC)c(OC)c2)c1,0,O=C(CNc1ccccc1)NCCc1ccccc1,CCN(CC)CCNC(=O)c1cc(Cl)c(N)cc1OC,0,c1ccccc1,0.25317460317460316,0,0.11629818304289066
CNC(=O)c1cccc(NCC(=O)NCCc2ccc(OC)c(OC)c2)c1,0,O=C(CNc1ccccc1)NCCc1ccccc1,O=C(CO)NCCCOc1cccc(CN2CCCCC2)c1,0,c1ccc(CN2CCCCC2)cc1,0.24792792792792795,0,0.11111184692355583
CC(C)(C)[C@@H](O)/C=C\c1ccc2c(c1)OCO2,0,c1ccc2c(c1)OCO2,Fc1ccc([C@@H]2CCNC[C@H]2COc2ccc3c(c2)OCO3)cc1,0,c1ccc(C2CCNCC2COc2ccc3c(c2)OCO3)cc1,0.24056122448979592,0,0.12895625013311562
CC(C)(C)[C@@H](O)/C=C\c1ccc2c(c1)OCO2,0,c1ccc2c(c1)OCO2,CN1CC(=O)N2[C@H](c3ccc4c(c3)OCO4)c3[nH]c4ccccc4c3C[C@@H]2C1=O,0,O=C1NCC(=O)N2C1Cc1c([nH]c3ccccc13)C2c1ccc2c(c1)OCO2,0.2220758693361433,0,0.06177597974657858
CC(C)(C)[C@@H](O)/C=C\c1ccc2c(c1)OCO2,0,c1ccc2c(c1)OCO2,CC(C)(C)NC[C@@H](O)c1ccc(O)c(CO)c1,0,c1ccccc1,0.21414141414141416,0,0.029104557631988912
CC(C)(C)[C@@H](O)/C=C\c1ccc2c(c1)OCO2,0,c1ccc2c(c1)OCO2,CCOC(=O)C1=C(C)NC(C)=C(C(=O)OC)[C@@H]1c1cccc2c1OCO2,0,C1=CC(c2cccc3c2OCO3)C=CN1,0.20415314730694356,0,0.021020347506618742
CC(C)c1nc(COC(N)=O)n(Cc2ccncc2)c1Sc1cc(Cl)cc(Cl)c1,0,c1ccc(Sc2cncn2Cc2ccncc2)cc1,NC(=O)OCC(COC(N)=O)c1ccccc1,0,c1ccccc1,0.22205882352941178,0,0.06902921804402168
CC(C)c1nc(COC(N)=O)n(Cc2ccncc2)c1Sc1cc(Cl)cc(Cl)c1,0,c1ccc(Sc2cncn2Cc2ccncc2)cc1,NNC(=O)c1ccncc1,0,c1ccncc1,0.2204918032786885,0,0.029797276829914048
CC(C)c1nc(COC(N)=O)n(Cc2ccncc2)c1Sc1cc(Cl)cc(Cl)c1,0,c1ccc(Sc2cncn2Cc2ccncc2)cc1,Clc1ccc(CO[C@@H](Cn2ccnc2)c2ccc(Cl)cc2Cl)cc1,0,c1ccc(COC(Cn2ccnc2)c2ccccc2)cc1,0.217763021373729,0,0.021836803269390925
CC(C)c1nc(COC(N)=O)n(Cc2ccncc2)c1Sc1cc(Cl)cc(Cl)c1,0,c1ccc(Sc2cncn2Cc2ccncc2)cc1,COCc1c(C(C)C)nc(C(C)C)c(/C=C\[C@@H](O)C[C@@H](O)CC(=O)O)c1-c1ccc(F)cc1,0,c1ccc(-c2ccncc2)cc1,0.21277777777777782,0,0.1205537971324988
Clc1ccc(CO/N=C(\Cn2ccnc2)c2ccc(Cl)cc2Cl)c(Cl)c1,0,c1ccc(CON=C(Cn2ccnc2)c2ccccc2)cc1,Clc1ccc(CO[C@@H](Cn2ccnc2)c2ccc(Cl)cc2Cl)c(Cl)c1,0,c1ccc(COC(Cn2ccnc2)c2ccccc2)cc1,0.5238095238095238,0,0.030860495557534843
Clc1ccc(CO/N=C(\Cn2ccnc2)c2ccc(Cl)cc2Cl)c(Cl)c1,0,c1ccc(CON=C(Cn2ccnc2)c2ccccc2)cc1,Clc1ccc(CO[C@@H](Cn2ccnc2)c2ccc(Cl)cc2Cl)cc1,0,c1ccc(COC(Cn2ccnc2)c2ccccc2)cc1,0.4388597149287322,0,0.04479117122627635
Clc1ccc(CO/N=C(\Cn2ccnc2)c2ccc(Cl)cc2Cl)c(Cl)c1,0,c1ccc(CON=C(Cn2ccnc2)c2ccccc2)cc1,Clc1ccc([C@@H](Cn2ccnc2)OCc2c(Cl)cccc2Cl)c(Cl)c1,0,c1ccc(COC(Cn2ccnc2)c2ccccc2)cc1,0.42613636363636365,0,0.030990230069103692
Clc1ccc(CO/N=C(\Cn2ccnc2)c2ccc(Cl)cc2Cl)c(Cl)c1,0,c1ccc(CON=C(Cn2ccnc2)c2ccccc2)cc1,CC(=O)N1CCN(c2ccc(OC[C@H]3CO[C@](Cn4ccnc4)(c4ccc(Cl)cc4Cl)O3)cc2)CC1,0,c1ccc(C2(Cn3ccnc3)OCC(COc3ccc(N4CCNCC4)cc3)O2)cc1,0.30791788856304986,0,0.02969180479872478
CCC(=O)N(c1ccccc1)C1(COC)CCN(CCc2cccs2)CC1,0,c1ccc(NC2CCN(CCc3cccs3)CC2)cc1,CCC(=O)N(c1ccccc1)C1(COC)CCN(CCn2nnn(CC)c2=O)CC1,0,O=c1[nH]nnn1CCN1CCC(Nc2ccccc2)CC1,0.6076923076923078,0,0.01223921454714221
CCC(=O)N(c1ccccc1)C1(COC)CCN(CCc2cccs2)CC1,0,c1ccc(NC2CCN(CCc3cccs3)CC2)cc1,CCC(=O)N(c1ccccc1)C1CCN(CCc2ccccc2)CC1,0,c1ccc(CCN2CCC(Nc3ccccc3)CC2)cc1,0.40876853642811095,0,0.006485835571731459
CCC(=O)N(c1ccccc1)C1(COC)CCN(CCc2cccs2)CC1,0,c1ccc(NC2CCN(CCc3cccs3)CC2)cc1,CCOC(=O)C1(c2ccccc2)CCN(C)CC1,0,c1ccc(C2CCNCC2)cc1,0.32120663650075415,0,0.009049632252603303
CCC(=O)N(c1ccccc1)C1(COC)CCN(CCc2cccs2)CC1,0,c1ccc(NC2CCN(CCc3cccs3)CC2)cc1,CCCCc1ncc(/C=C(/Cc2cccs2)C(=O)O)n1Cc1ccc(C(=O)O)cc1,0,C(=Cc1cncn1Cc1ccccc1)Cc1cccs1,0.24233766233766235,0,0.007934621489637538
C[C@H](N/C(=N\C#N)Nc1ccncc1)C(C)(C)C,0,c1ccncc1,CN/C(=N\C#N)NCCSCc1nc[nH]c1C,0,c1c[nH]cn1,0.2375,0,0.1470280477868809
C[C@H](N/C(=N\C#N)Nc1ccncc1)C(C)(C)C,0,c1ccncc1,NNC(=O)c1ccncc1,0,c1ccncc1,0.21521276595744684,0,0.022369073681021052
C[C@H](N/C(=N\C#N)Nc1ccncc1)C(C)(C)C,0,c1ccncc1,Cc1oncc1C(=O)Nc1ccc(C(F)(F)F)cc1,0,O=C(Nc1ccccc1)c1cnoc1,0.19265306122448983,0,0.16935609255308826
C[C@H](N/C(=N\C#N)Nc1ccncc1)C(C)(C)C,0,c1ccncc1,CC(C)(C)NC[C@H](O)COc1ccccc1C#N,0,c1ccccc1,0.1843001261034048,0,0.14600045239451298
NNC(=O)c1ccncc1,0,c1ccncc1,CCN(CC)CCNC(=O)c1ccc(N)cc1,0,c1ccccc1,0.28736842105263155,0,0.04486642121818347
NNC(=O)c1ccncc1,0,c1ccncc1,CC[C@@]1(c2ccncc2)CCC(=O)NC1=O,0,O=C1CCC(c2ccncc2)C(=O)N1,0.26483439041578577,0,0.09907017731205721
NNC(=O)c1ccncc1,0,c1ccncc1,Cc1oncc1C(=O)Nc1ccc(C(F)(F)F)cc1,0,O=C(Nc1ccccc1)c1cnoc1,0.2579710144927536,0,0.051189245567459504
NNC(=O)c1ccncc1,0,c1ccncc1,O=C(O)c1ccc(OCCn2ccnc2)cc1,0,c1ccc(OCCn2ccnc2)cc1,0.2384126984126984,0,0.0048740338264772415
CCOP(=S)(OCC)Oc1nc(Cl)c(Cl)cc1Cl,1,c1ccncc1,CCOP(=S)(OCC)Oc1ccc([N+](=O)[O-])cc1,0,c1ccccc1,0.34668192219679633,1,0.9419114383129245
CCOP(=S)(OCC)Oc1nc(Cl)c(Cl)cc1Cl,1,c1ccncc1,CCOC(=O)C(C)(C)Oc1ccc(Cl)cc1,0,c1ccccc1,0.20873180873180874,1,0.6665145037667514
CCOP(=S)(OCC)Oc1nc(Cl)c(Cl)cc1Cl,1,c1ccncc1,CCOC(=O)C1=C(C)NC(C)=C(C(=O)OC)[C@@H]1c1cccc(Cl)c1Cl,0,C1=CC(c2ccccc2)C=CN1,0.19426229508196724,1,0.6847067034533384
CCOP(=S)(OCC)Oc1nc(Cl)c(Cl)cc1Cl,1,c1ccncc1,CCOC(=O)N1CCC(=C2c3ccc(Cl)cc3CCc3cccnc32)CC1,0,c1ccc2c(c1)CCc1cccnc1C2=C1CCNCC1,0.18805194805194805,1,0.7685743986053496
CN1CCN=C(c2ccccc2)c2cc(Cl)ccc21,0,c1ccc(C2=NCCNc3ccccc32)cc1,Cc1nnc2n1-c1ccc(Cl)cc1C(c1ccccc1)=NC2,0,c1ccc(C2=NCc3nncn3-c3ccccc32)cc1,0.5064186046511628,0,0.1521920951759146
CN1CCN=C(c2ccccc2)c2cc(Cl)ccc21,0,c1ccc(C2=NCCNc3ccccc32)cc1,CN(C)Cc1nnc2n1-c1ccc(Cl)cc1C(c1ccccc1)=NC2,0,c1ccc(C2=NCc3nncn3-c3ccccc32)cc1,0.46506769825918765,0,0.16778260899034395
CN1CCN=C(c2ccccc2)c2cc(Cl)ccc21,0,c1ccc(C2=NCCNc3ccccc32)cc1,Cc1nnc2n1-c1ccc(Cl)cc1C(c1ccccc1Cl)=NC2,0,c1ccc(C2=NCc3nncn3-c3ccccc32)cc1,0.4012121212121212,0,0.1303822177407457
CN1CCN=C(c2ccccc2)c2cc(Cl)ccc21,0,c1ccc(C2=NCCNc3ccccc32)cc1,CNC1=Nc2ccc(Cl)cc2C(c2ccccc2)=[N+]([O-])C1,0,C1=Nc2ccccc2C(c2ccccc2)=[NH+]C1,0.32873563218390806,0,0.06693816614246619
CN1CCCN=C1/C=C\c1cccs1,1,C(=Cc1cccs1)C1=NCCCN1,CN1CCN=C(c2ccccc2)c2cc(Cl)ccc21,0,c1ccc(C2=NCCNc3ccccc32)cc1,0.23485838779956428,1,0.6596945352193316
CN1CCCN=C1/C=C\c1cccs1,1,C(=Cc1cccs1)C1=NCCCN1,CCC(=O)N(c1ccccc1)C1(COC)CCN(CCc2cccs2)CC1,0,c1ccc(NC2CCN(CCc3cccs3)CC2)cc1,0.2221889055472264,0,0.41460371234216403
CN1CCCN=C1/C=C\c1cccs1,1,C(=Cc1cccs1)C1=NCCCN1,Cc1ccc(/C(=C/CN2CCCC2)c2ccccn2)cc1,0,C(CN1CCCC1)=C(c1ccccc1)c1ccccn1,0.20083333333333334,1,0.705183239839564
CN1CCCN=C1/C=C\c1cccs1,1,C(=Cc1cccs1)C1=NCCCN1,CN1CCN(C2=Nc3cc(F)ccc3Cc3ccccc32)CC1,0,c1ccc2c(c1)Cc1ccccc1C(N1CCNCC1)=N2,0.1984261501210654,1,0.7364967979190352
CCN(CC)Cc1cc(Nc2ccnc3cc(Cl)ccc23)ccc1O,0,c1ccc(Nc2ccnc3ccccc23)cc1,CCN(CC)CCC[C@H](C)Nc1ccnc2cc(Cl)ccc12,0,c1ccc2ncccc2c1,0.5018867924528302,0,0.1390429768206452
CCN(CC)Cc1cc(Nc2ccnc3cc(Cl)ccc23)ccc1O,0,c1ccc(Nc2ccnc3ccccc23)cc1,CCN(CCO)CCC[C@H](C)Nc1ccnc2cc(Cl)ccc12,0,c1ccc2ncccc2c1,0.48574561403508776,0,0.13588220512643537
CCN(CC)Cc1cc(Nc2ccnc3cc(Cl)ccc23)ccc1O,0,c1ccc(Nc2ccnc3ccccc23)cc1,CCN(CC)CCC[C@@H](C)Nc1c2ccc(Cl)cc2nc2ccc(OC)cc12,0,c1ccc2nc3ccccc3cc2c1,0.3045948203842941,0,0.11305219477411711
CCN(CC)Cc1cc(Nc2ccnc3cc(Cl)ccc23)ccc1O,0,c1ccc(Nc2ccnc3ccccc23)cc1,Oc1nc2cc(Cl)ccc2o1,0,c1ccc2ocnc2c1,0.2631578947368421,0,0.10499009463362678
CN1CCN(CCCCN2C(=O)CN(/N=C\c3ccc(-c4ccc(Cl)cc4)o3)C2=O)CC1,0,O=C1CN(N=Cc2ccc(-c3ccccc3)o2)C(=O)N1CCCCN1CCNCC1,CC1(C)CC(=O)N(CCCCN2CCN(c3ncccn3)CC2)C(=O)C1,0,O=C1CCCC(=O)N1CCCCN1CCN(c2ncccn2)CC1,0.27890772128060265,0,0.06131540291908867
CN1CCN(CCCCN2C(=O)CN(/N=C\c3ccc(-c4ccc(Cl)cc4)o3)C2=O)CC1,0,O=C1CN(N=Cc2ccc(-c3ccccc3)o2)C(=O)N1CCCCN1CCNCC1,O=C1CC2(CCCC2)CC(=O)N1CCCCN1CCN(c2ncccn2)CC1,0,O=C1CC2(CCCC2)CC(=O)N1CCCCN1CCN(c2ncccn2)CC1,0.2597966101694915,0,0.021241753766378883
CN1CCN(CCCCN2C(=O)CN(/N=C\c3ccc(-c4ccc(Cl)cc4)o3)C2=O)CC1,0,O=C1CN(N=Cc2ccc(-c3ccccc3)o2)C(=O)N1CCCCN1CCNCC1,O=C(CCCN1CCC(O)(c2ccc(Cl)cc2)CC1)c1ccc(F)cc1,0,O=C(CCCN1CCC(c2ccccc2)CC1)c1ccccc1,0.25006993006993006,0,0.04302353009906983
CN1CCN(CCCCN2C(=O)CN(/N=C\c3ccc(-c4ccc(Cl)cc4)o3)C2=O)CC1,0,O=C1CN(N=Cc2ccc(-c3ccccc3)o2)C(=O)N1CCCCN1CCNCC1,O=C1[C@H]2CCCC[C@H]2C(=O)N1CCCCN1CCN(c2nsc3ccccc23)CC1,0,O=C1C2CCCCC2C(=O)N1CCCCN1CCN(c2nsc3ccccc23)CC1,0.23894308943089432,0,0.001445534380218948
CCOC(=O)[C@H](CCc1ccccc1)N[C@@H](C)C(=O)N1CCC[C@H]1C(=O)O,0,O=C(CNCCCc1ccccc1)N1CCCC1,CCOC(=O)[C@H](CCc1ccccc1)N[C@@H](C)C(=O)N(CC(=O)O)C1Cc2ccccc2C1,0,O=C(CNCCCc1ccccc1)NC1Cc2ccccc2C1,0.547636815920398,0,0.006222219540394884
CCOC(=O)[C@H](CCc1ccccc1)N[C@@H](C)C(=O)N1CCC[C@H]1C(=O)O,0,O=C(CNCCCc1ccccc1)N1CCCC1,CCC(=O)N(c1ccccc1)C1CCN(CCc2ccccc2)CC1,0,c1ccc(CCN2CCC(Nc3ccccc3)CC2)cc1,0.30973262032085563,0,0.11879982761085772
CCOC(=O)[C@H](CCc1ccccc1)N[C@@H](C)C(=O)N1CCC[C@H]1C(=O)O,0,O=C(CNCCCc1ccccc1)N1CCCC1,CCOC(=O)C1(c2ccccc2)CCN(C)CC1,0,c1ccc(C2CCNCC2)cc1,0.2915384615384616,0,0.03600506499468062
CCOC(=O)[C@H](CCc1ccccc1)N[C@@H](C)C(=O)N1CCC[C@H]1C(=O)O,0,O=C(CNCCCc1ccccc1)N1CCCC1,COC(=O)[C@H](c1ccccc1)[C@H]1CCCCN1,0,c1ccc(CC2CCCCN2)cc1,0.2834694452266967,0,0.012857827968332498
COC(=O)[C@H](c1ccccc1)[C@H]1CCCCN1,0,c1ccc(CC2CCCCN2)cc1,O[C@@H](c1cc(C(F)(F)F)nc2c(C(F)(F)F)cccc12)[C@H]1CCCCN1,0,c1ccc2c(CC3CCCCN3)ccnc2c1,0.32745227123107307,0,0.006671742374350505
COC(=O)[C@H](c1ccccc1)[C@H]1CCCCN1,0,c1ccc(CC2CCCCN2)cc1,NC(=O)OCC(COC(N)=O)c1ccccc1,0,c1ccccc1,0.3030037546933667,0,0.05846492662480306
COC(=O)[C@H](c1ccccc1)[C@H]1CCCCN1,0,c1ccc(CC2CCCCN2)cc1,CCOC(=O)[C@H](CCc1ccccc1)N[C@@H](C)C(=O)N1CCC[C@H]1C(=O)O,0,O=C(CNCCCc1ccccc1)N1CCCC1,0.2834694452266967,0,0.007902786041182094
COC(=O)[C@H](c1ccccc1)[C@H]1CCCCN1,0,c1ccc(CC2CCCCN2)cc1,C1CCC(C(C[C@H]2CCCCN2)C2CCCCC2)CC1,0,C1CCC(C(CC2CCCCN2)C2CCCCC2)CC1,0.26666666666666666,0,0.10503109595526523
O=c1n(CCCN2CCN(c3cccc(Cl)c3)CC2)nc2ccccn12,0,O=c1n(CCCN2CCN(c3ccccc3)CC2)nc2ccccn12,O=c1[nH]c2ccccc2n1CCCN1CCC(n2c(=O)[nH]c3cc(Cl)ccc32)CC1,0,O=c1[nH]c2ccccc2n1CCCN1CCC(n2c(=O)[nH]c3ccccc32)CC1,0.3046666666666667,0,0.42489463403131034
O=c1n(CCCN2CCN(c3cccc(Cl)c3)CC2)nc2ccccn12,0,O=c1n(CCCN2CCN(c3ccccc3)CC2)nc2ccccn12,O=C1[C@H]2CCCC[C@H]2C(=O)N1CCCCN1CCN(c2nsc3ccccc23)CC1,0,O=C1C2CCCCC2C(=O)N1CCCCN1CCN(c2nsc3ccccc23)CC1,0.2877641049454377,0,0.012221844247208308
O=c1n(CCCN2CCN(c3cccc(Cl)c3)CC2)nc2ccccn12,0,O=c1n(CCCN2CCN(c3ccccc3)CC2)nc2ccccn12,O=C1CCc2ccc(OCCCCN3CCN(c4cccc(Cl)c4Cl)CC3)cc2N1,0,O=C1CCc2ccc(OCCCCN3CCN(c4ccccc4)CC3)cc2N1,0.2874001947419669,0,0.18897666305659622
O=c1n(CCCN2CCN(c3cccc(Cl)c3)CC2)nc2ccccn12,0,O=c1n(CCCN2CCN(c3ccccc3)CC2)nc2ccccn12,CC1(C)CC(=O)N(CCCCN2CCN(c3ncccn3)CC2)C(=O)C1,0,O=C1CCCC(=O)N1CCCCN1CCN(c2ncccn2)CC1,0.2682587064676617,0,0.2674754334889726
CS(=O)(=O)c1ccc(C2=C(c3ccccc3)C(=O)OC2)cc1,0,O=C1OCC(c2ccccc2)=C1c1ccccc1,O=C1c2ccccc2C(=O)c2ccccc21,0,O=C1c2ccccc2C(=O)c2ccccc21,0.24177777777777779,0,0.2166439871816157
CS(=O)(=O)c1ccc(C2=C(c3ccccc3)C(=O)OC2)cc1,0,O=C1OCC(c2ccccc2)=C1c1ccccc1,CCCN(CCC)S(=O)(=O)c1ccc(C(=O)O)cc1,0,c1ccccc1,0.21091679915209327,0,0.08411668862205132
CS(=O)(=O)c1ccc(C2=C(c3ccccc3)C(=O)OC2)cc1,0,O=C1OCC(c2ccccc2)=C1c1ccccc1,Cc1ccccc1,0,c1ccccc1,0.20555555555555555,0,0.1903072792305869
CS(=O)(=O)c1ccc(C2=C(c3ccccc3)C(=O)OC2)cc1,0,O=C1OCC(c2ccccc2)=C1c1ccccc1,C[C@H](N)C(=O)c1ccccc1,0,c1ccccc1,0.20429118773946361,0,0.14029581390745738
O=C1CCc2cc(OCCCCc3nnnn3C3CCCCC3)ccc2N1,0,O=C1CCc2cc(OCCCCc3nnnn3C3CCCCC3)ccc2N1,O=C1CCc2ccc(OCCCCN3CCN(c4cccc(Cl)c4Cl)CC3)cc2N1,0,O=C1CCc2ccc(OCCCCN3CCN(c4ccccc4)CC3)cc2N1,0.37431604736627194,0,0.023580753517201552
O=C1CCc2cc(OCCCCc3nnnn3C3CCCCC3)ccc2N1,0,O=C1CCc2cc(OCCCCc3nnnn3C3CCCCC3)ccc2N1,COc1ccc(C(=O)N2CCN(c3ccc4c(c3)CCC(=O)N4)CC2)cc1OC,0,O=C1CCc2cc(N3CCN(C(=O)c4ccccc4)CC3)ccc2N1,0.29798570500324884,0,0.04031523776996152
O=C1CCc2cc(OCCCCc3nnnn3C3CCCCC3)ccc2N1,0,O=C1CCc2cc(OCCCCc3nnnn3C3CCCCC3)ccc2N1,CC(C)(C)NC[C@H](O)COc1cccc2c1CCC(=O)N2,0,O=C1CCc2ccccc2N1,0.24042992972302607,0,0.06194807556717173
O=C1CCc2cc(OCCCCc3nnnn3C3CCCCC3)ccc2N1,0,O=C1CCc2cc(OCCCCc3nnnn3C3CCCCC3)ccc2N1,O=C(CO)NCCCOc1cccc(CN2CCCCC2)c1,0,c1ccc(CN2CCCCC2)cc1,0.22504409171075837,0,0.09951765592915278
CCCCc1ncc(/C=C(/Cc2cccs2)C(=O)O)n1Cc1ccc(C(=O)O)cc1,0,C(=Cc1cncn1Cc1ccccc1)Cc1cccs1,CCCc1nc2c(C)cc(-c3nc4ccccc4n3C)cc2n1Cc1ccc(-c2ccccc2C(=O)O)cc1,0,c1ccc(-c2ccc(Cn3cnc4ccc(-c5nc6ccccc6[nH]5)cc43)cc2)cc1,0.2669236471460341,0,0.33713787217244195
CCCCc1ncc(/C=C(/Cc2cccs2)C(=O)O)n1Cc1ccc(C(=O)O)cc1,0,C(=Cc1cncn1Cc1ccccc1)Cc1cccs1,CCCN(CCC)S(=O)(=O)c1ccc(C(=O)O)cc1,0,c1ccccc1,0.24952380952380954,0,0.37438797029427834
CCCCc1ncc(/C=C(/Cc2cccs2)C(=O)O)n1Cc1ccc(C(=O)O)cc1,0,C(=Cc1cncn1Cc1ccccc1)Cc1cccs1,CCC(=O)N(c1ccccc1)C1(COC)CCN(CCc2cccs2)CC1,0,c1ccc(NC2CCN(CCc3cccs3)CC2)cc1,0.24233766233766235,0,0.33776217995557706
CCCCc1ncc(/C=C(/Cc2cccs2)C(=O)O)n1Cc1ccc(C(=O)O)cc1,0,C(=Cc1cncn1Cc1ccccc1)Cc1cccs1,O=C(O)c1ccc(OCCn2ccnc2)cc1,0,c1ccc(OCCn2ccnc2)cc1,0.22415875754961173,0,0.22737798476375312
CC(C)(C)NC[C@H](O)COc1ccccc1C1CCCC1,0,c1ccc(C2CCCC2)cc1,CC(C)(C)NC[C@H](O)COc1ccccc1C#N,0,c1ccccc1,0.6015873015873016,0,0.12732134795839598
CC(C)(C)NC[C@H](O)COc1ccccc1C1CCCC1,0,c1ccc(C2CCCC2)cc1,CC(C)(C)NC[C@H](O)COc1cccc2c1CCC(=O)N2,0,O=C1CCc2ccccc2N1,0.511164274322169,0,0.022741667207341124
CC(C)(C)NC[C@H](O)COc1ccccc1C1CCCC1,0,c1ccc(C2CCCC2)cc1,Cc1ccc(Cl)c(OC[C@@H](O)CNC(C)(C)C)c1,0,c1ccccc1,0.4968105065666042,0,0.1309832973515608
CC(C)(C)NC[C@H](O)COc1ccccc1C1CCCC1,0,c1ccc(C2CCCC2)cc1,CC(C)NC[C@H](O)COc1cccc2ccccc12,0,c1ccc2ccccc2c1,0.4320754716981132,0,0.05526426700901693
CC(C)=CCN1CC[C@]2(C)c3cc(O)ccc3C[C@H]1[C@H]2C,0,c1ccc2c(c1)CC1CC2CCN1,COc1ccc2c3c1O[C@H]1[C@@H](O)CC[C@H]4[C@@H](C2)N(C)CC[C@@]341,0,c1cc2c3c(c1)OC1CCCC4C(C2)NCCC314,0.26237037037037036,0,0.05231764197927426
CC(C)=CCN1CC[C@]2(C)c3cc(O)ccc3C[C@H]1[C@H]2C,0,c1ccc2c(c1)CC1CC2CCN1,C#C[C@]1(O)CC[C@H]2[C@@H]3CCc4cc(O)ccc4[C@H]3CC[C@@]21C,0,c1ccc2c(c1)CCC1C2CCC2CCCC21,0.24302678818006077,0,0.35781192537626694
CC(C)=CCN1CC[C@]2(C)c3cc(O)ccc3C[C@H]1[C@H]2C,0,c1ccc2c(c1)CC1CC2CCN1,COc1ccc2c3c1O[C@H]1C(=O)CC[C@H]4[C@@H](C2)N(C)CC[C@]314,0,O=C1CCC2C3Cc4cccc5c4C2(CCN3)C1O5,0.2320270924044509,0,0.02662371666746358
CC(C)=CCN1CC[C@]2(C)c3cc(O)ccc3C[C@H]1[C@H]2C,0,c1ccc2c(c1)CC1CC2CCN1,CN1CCc2cccc3c2[C@@H]1Cc1ccc(O)c(O)c1-3,0,c1ccc2c(c1)CC1NCCc3cccc-2c31,0.21107142857142858,0,0.06557710809191729
COc1cccc2c1C(=O)c1c(O)c3c(c(O)c1C2=O)C[C@@](O)(C(C)=O)C[C@@H]3O[C@H]1C[C@H](N)[C@H](O)[C@H](C)O1,0,O=C1c2ccccc2C(=O)c2cc3c(cc21)CCCC3OC1CCCCO1,COc1cccc2c1C(=O)c1c(O)c3c(c(O)c1C2=O)C[C@@](O)(C(=O)CO)C[C@@H]3O[C@H]1C[C@H](N)[C@H](O)[C@H](C)O1,0,O=C1c2ccccc2C(=O)c2cc3c(cc21)CCCC3OC1CCCCO1,0.8675723270440252,0,0.0033311943306733103
COc1cccc2c1C(=O)c1c(O)c3c(c(O)c1C2=O)C[C@@](O)(C(C)=O)C[C@@H]3O[C@H]1C[C@H](N)[C@H](O)[C@H](C)O1,0,O=C1c2ccccc2C(=O)c2cc3c(cc21)CCCC3OC1CCCCO1,COc1ccc2c3c1O[C@H]1C(=O)CC[C@@]4(O)[C@@H](C2)N(C)CC[C@]314,0,O=C1CCC2C3Cc4cccc5c4C2(CCN3)C1O5,0.21161616161616165,0,0.0012422051627291697
COc1cccc2c1C(=O)c1c(O)c3c(c(O)c1C2=O)C[C@@](O)(C(C)=O)C[C@@H]3O[C@H]1C[C@H](N)[C@H](O)[C@H](C)O1,0,O=C1c2ccccc2C(=O)c2cc3c(cc21)CCCC3OC1CCCCO1,C[C@H]1c2cccc(O)c2C(=O)C2=C(O)[C@]3(O)C(=O)C(C(N)=O)=C(O)[C@@H](N(C)C)[C@@H]3[C@@H](O)[C@@H]21,0,O=C1C2=CC3C(=O)C=CCC3CC2Cc2ccccc21,0.20310679611650487,0,0.0008643156039876632
COc1cccc2c1C(=O)c1c(O)c3c(c(O)c1C2=O)C[C@@](O)(C(C)=O)C[C@@H]3O[C@H]1C[C@H](N)[C@H](O)[C@H](C)O1,0,O=C1c2ccccc2C(=O)c2cc3c(cc21)CCCC3OC1CCCCO1,C[C@H]1O[C@@H](O[C@H]2[C@@H](O)C[C@H](O[C@H]3[C@@H](O)C[C@H](O[C@H]4CC[C@@]5(C)[C@H](CC[C@@H]6[C@@H]5CC[C@]5(C)[C@@H](C7=CC(=O)OC7)CC[C@]65O)C4)O[C@@H]3C)O[C@@H]2C)C[C@H](O)[C@@H]1O,0,O=C1C=C(C2CCC3C2CCC2C4CCC(OC5CCC(OC6CCC(OC7CCCCO7)CO6)CO5)CC4CCC23)CO1,0.20080654195138348,0,1.788546740482378e-05
COc1cccc2c1C(=O)c1c(O)c3c(c(O)c1C2=O)C[C@@](O)(C(=O)CO)C[C@@H]3O[C@H]1C[C@H](N)[C@H](O)[C@H](C)O1,0,O=C1c2ccccc2C(=O)c2cc3c(cc21)CCCC3OC1CCCCO1,COc1cccc2c1C(=O)c1c(O)c3c(c(O)c1C2=O)C[C@@](O)(C(C)=O)C[C@@H]3O[C@H]1C[C@H](N)[C@H](O)[C@H](C)O1,0,O=C1c2ccccc2C(=O)c2cc3c(cc21)CCCC3OC1CCCCO1,0.8675723270440252,0,0.00023630014482882677
COc1cccc2c1C(=O)c1c(O)c3c(c(O)c1C2=O)C[C@@](O)(C(=O)CO)C[C@@H]3O[C@H]1C[C@H](N)[C@H](O)[C@H](C)O1,0,O=C1c2ccccc2C(=O)c2cc3c(cc21)CCCC3OC1CCCCO1,COc1ccc2c3c1O[C@H]1C(=O)CC[C@@]4(O)[C@@H](C2)N(C)CC[C@]314,0,O=C1CCC2C3Cc4cccc5c4C2(CCN3)C1O5,0.20551139374668786,0,0.0009460399467694591
COc1cccc2c1C(=O)c1c(O)c3c(c(O)c1C2=O)C[C@@](O)(C(=O)CO)C[C@@H]3O[C@H]1C[C@H](N)[C@H](O)[C@H](C)O1,0,O=C1c2ccccc2C(=O)c2cc3c(cc21)CCCC3OC1CCCCO1,CCC[C@H]1O[C@@H]2C[C@H]3[C@@H]4CCC5=CC(=O)C=C[C@]5(C)[C@H]4[C@@H](O)C[C@]3(C)[C@]2(C(=O)CO)O1,0,O=C1C=CC2C(=C1)CCC1C2CCC2C1CC1OCOC12,0.19816849816849816,0,0.0002849073261871028
COc1cccc2c1C(=O)c1c(O)c3c(c(O)c1C2=O)C[C@@](O)(C(=O)CO)C[C@@H]3O[C@H]1C[C@H](N)[C@H](O)[C@H](C)O1,0,O=C1c2ccccc2C(=O)c2cc3c(cc21)CCCC3OC1CCCCO1,C[C@H]1c2cccc(O)c2C(=O)C2=C(O)[C@]3(O)C(=O)C(C(N)=O)=C(O)[C@@H](N(C)C)[C@@H]3[C@@H](O)[C@@H]21,0,O=C1C2=CC3C(=O)C=CCC3CC2Cc2ccccc21,0.19751495628163832,0,0.0024051544739503656
Cc1ccc(/C(=C/CN2CCCC2)c2ccccn2)cc1,0,C(CN1CCCC1)=C(c1ccccc1)c1ccccn1,Cc1ccc(C(=O)[C@H](C)CN2CCCCC2)cc1,0,O=C(CCN1CCCCC1)c1ccccc1,0.36923076923076925,0,0.08188182416709355
Cc1ccc(/C(=C/CN2CCCC2)c2ccccn2)cc1,0,C(CN1CCCC1)=C(c1ccccc1)c1ccccn1,CN1CCC(=C2c3ccccc3CCc3cccnc32)CC1,0,c1ccc2c(c1)CCc1cccnc1C2=C1CCNCC1,0.2708943089430894,0,0.221035845632819
Cc1ccc(/C(=C/CN2CCCC2)c2ccccn2)cc1,0,C(CN1CCCC1)=C(c1ccccc1)c1ccccn1,CN(C)CC[C@H](c1ccc(Cl)cc1)c1ccccn1,0,c1ccc(Cc2ccccn2)cc1,0.24531490015360985,0,0.15438939761688936
Cc1ccc(/C(=C/CN2CCCC2)c2ccccn2)cc1,0,C(CN1CCCC1)=C(c1ccccc1)c1ccccn1,Cc1ccccc1,0,c1ccccc1,0.22894308943089434,0,0.07701865222114376
C#C[C@]1(O)CC[C@H]2[C@@H]3CCC4=Cc5oncc5C[C@]4(C)[C@H]3CC[C@@]21C,0,C1=C2CCC3C4CCCC4CCC3C2Cc2cnoc21,C#C[C@]1(O)CC[C@H]2[C@@H]3CCc4cc(O)ccc4[C@H]3CC[C@@]21C,0,c1ccc2c(c1)CCC1C2CCC2CCCC21,0.4385557299843015,0,0.09392348845046751
C#C[C@]1(O)CC[C@H]2[C@@H]3CCC4=Cc5oncc5C[C@]4(C)[C@H]3CC[C@@]21C,0,C1=C2CCC3C4CCCC4CCC3C2Cc2cnoc21,C[C@]12CCC(=O)C=C1CC[C@@H]1[C@@H]2C(=O)C[C@@]2(C)[C@H]1CC[C@]2(O)C(=O)CO,0,O=C1C=C2CCC3C4CCCC4CC(=O)C3C2CC1,0.3153766769865841,0,0.01270477881355131
C#C[C@]1(O)CC[C@H]2[C@@H]3CCC4=Cc5oncc5C[C@]4(C)[C@H]3CC[C@@]21C,0,C1=C2CCC3C4CCCC4CCC3C2Cc2cnoc21,C[C@]12CC[C@H](O)CC1=CC[C@@H]1[C@@H]2CC[C@]2(C)C(c3cccnc3)=CC[C@@H]12,0,C1=C2CCCCC2C2CCC3C(c4cccnc4)=CCC3C2C1,0.2693281402142162,0,0.027968269343320088
C#C[C@]1(O)CC[C@H]2[C@@H]3CCC4=Cc5oncc5C[C@]4(C)[C@H]3CC[C@@]21C,0,C1=C2CCC3C4CCCC4CCC3C2Cc2cnoc21,C[C@]12CC[C@H]3[C@@H](CCC4=CC(=O)C=C[C@@]43C)[C@@H]1CC[C@@H]2O,0,O=C1C=CC2C(=C1)CCC1C3CCCC3CCC21,0.2641723356009071,0,0.03886834548731822
CCCN(CCC)CCc1cccc2c1CC(=O)N2,0,O=C1Cc2ccccc2N1,CC(C)(C)NC[C@H](O)COc1cccc2c1CCC(=O)N2,0,O=C1CCc2ccccc2N1,0.2965714285714286,0,0.05458263938023001
CCCN(CCC)CCc1cccc2c1CC(=O)N2,0,O=C1Cc2ccccc2N1,O=C1Cc2cc(CCN3CCN(c4nsc5ccccc45)CC3)c(Cl)cc2N1,0,O=C1Cc2cc(CCN3CCN(c4nsc5ccccc45)CC3)ccc2N1,0.26839916839916844,0,0.013637375212490225
CCCN(CCC)CCc1cccc2c1CC(=O)N2,0,O=C1Cc2ccccc2N1,CCN(CC)CCCN(c1ccccc1)C1Cc2ccccc2C1,0,c1ccc(NC2Cc3ccccc3C2)cc1,0.24156545209176788,0,0.07429610048288063
CCCN(CCC)CCc1cccc2c1CC(=O)N2,0,O=C1Cc2ccccc2N1,CCCN1CCCC[C@H]1C(=O)Nc1c(C)cccc1C,0,O=C(Nc1ccccc1)C1CCCCN1,0.24006410256410257,0,0.12401686606349366
C=C1C[C@@H]2[C@H](CC[C@]3(C)C(=O)CC[C@@H]23)[C@@]2(C)C=CC(=O)C=C12,0,C=C1CC2C(CCC3C(=O)CCC32)C2C=CC(=O)C=C12,C[C@]12C=CC(=O)C=C1CC[C@@H]1[C@@H]2CC[C@]2(C)OC(=O)CC[C@@H]12,0,O=C1C=CC2C(=C1)CCC1C3CCC(=O)OC3CCC21,0.43103448275862066,0,0.0020786663548229543
C=C1C[C@@H]2[C@H](CC[C@]3(C)C(=O)CC[C@@H]23)[C@@]2(C)C=CC(=O)C=C12,0,C=C1CC2C(CCC3C(=O)CCC32)C2C=CC(=O)C=C12,C[C@]12CC[C@H]3[C@@H](CCC4=CC(=O)C=C[C@@]43C)[C@@H]1CC[C@@H]2O,0,O=C1C=CC2C(=C1)CCC1C3CCCC3CCC21,0.4290060851926978,0,0.01883127123950385
C=C1C[C@@H]2[C@H](CC[C@]3(C)C(=O)CC[C@@H]23)[C@@]2(C)C=CC(=O)C=C12,0,C=C1CC2C(CCC3C(=O)CCC32)C2C=CC(=O)C=C12,C[C@]12CC[C@H](O)CC1=CC[C@@H]1[C@@H]2CC[C@]2(C)C(=O)CC[C@@H]12,0,O=C1CCC2C1CCC1C3CCCCC3=CCC21,0.428989898989899,0,0.014109130885907437
C=C1C[C@@H]2[C@H](CC[C@]3(C)C(=O)CC[C@@H]23)[C@@]2(C)C=CC(=O)C=C12,0,C=C1CC2C(CCC3C(=O)CCC32)C2C=CC(=O)C=C12,C[C@]12C=CC(=O)C=C1CC[C@@H]1[C@@H]2[C@@H](O)C[C@@]2(C)[C@H]1CC[C@]2(O)C(=O)CO,0,O=C1C=CC2C(=C1)CCC1C3CCCC3CCC21,0.33923344947735196,0,0.002737821581866879
CC(=O)S[C@@H]1CC2=CC(=O)CC[C@]2(C)[C@H]2CC[C@@]3(C)[C@@H](CC[C@@]34CCC(=O)O4)[C@H]12,0,O=C1C=C2CCC3C(CCC4C3CCC43CCC(=O)O3)C2CC1,C[C@]12CCC(=O)C=C1[C@@H]1C[C@@H]1[C@H]1[C@@H]3[C@@H]4C[C@@H]4[C@@]4(CCC(=O)O4)[C@@]3(C)CC[C@@H]12,0,O=C1C=C2C(CC1)C1CCC3C(C4CC4C34CCC(=O)O4)C1C1CC21,0.4378082191780822,0,0.002201053298119876
CC(=O)S[C@@H]1CC2=CC(=O)CC[C@]2(C)[C@H]2CC[C@@]3(C)[C@@H](CC[C@@]34CCC(=O)O4)[C@H]12,0,O=C1C=C2CCC3C(CCC4C3CCC43CCC(=O)O3)C2CC1,C[C@]12CCC(=O)C=C1CC[C@@H]1[C@@H]2C(=O)C[C@@]2(C)[C@H]1CC[C@]2(O)C(=O)CO,0,O=C1C=C2CCC3C4CCCC4CC(=O)C3C2CC1,0.34141876430205953,0,0.0037873579741893398
CC(=O)S[C@@H]1CC2=CC(=O)CC[C@]2(C)[C@H]2CC[C@@]3(C)[C@@H](CC[C@@]34CCC(=O)O4)[C@H]12,0,O=C1C=C2CCC3C(CCC4C3CCC43CCC(=O)O3)C2CC1,C[C@]12C=CC(=O)C=C1CC[C@@H]1[C@@H]2CC[C@]2(C)OC(=O)CC[C@@H]12,0,O=C1C=CC2C(=C1)CCC1C3CCC(=O)OC3CCC21,0.3191780821917808,0,0.0017062474730810248
CC(=O)S[C@@H]1CC2=CC(=O)CC[C@]2(C)[C@H]2CC[C@@]3(C)[C@@H](CC[C@@]34CCC(=O)O4)[C@H]12,0,O=C1C=C2CCC3C(CCC4C3CCC43CCC(=O)O3)C2CC1,C[C@]12CC[C@H](O)CC1=CC[C@@H]1[C@@H]2CC[C@]2(C)C(=O)CC[C@@H]12,0,O=C1CCC2C1CCC1C3CCCCC3=CCC21,0.2915614617940199,0,0.006969775799019804
NC(=O)C[S@H](=O)C(c1ccccc1)c1ccccc1,0,c1ccc(Cc2ccccc2)cc1,NC(=O)OCC(COC(N)=O)c1ccccc1,0,c1ccccc1,0.43714285714285717,0,0.06577333389261958
NC(=O)C[S@H](=O)C(c1ccccc1)c1ccccc1,0,c1ccc(Cc2ccccc2)cc1,C[C@H](N)C(=O)c1ccccc1,0,c1ccccc1,0.3015873015873016,0,0.16320744060026862
NC(=O)C[S@H](=O)C(c1ccccc1)c1ccccc1,0,c1ccc(Cc2ccccc2)cc1,C[C@@H](C(=O)O)c1cccc(C(=O)c2ccccc2)c1,0,O=C(c1ccccc1)c1ccccc1,0.2831168831168831,0,0.19576548139381922
NC(=O)C[S@H](=O)C(c1ccccc1)c1ccccc1,0,c1ccc(Cc2ccccc2)cc1,CC(=O)Nc1ccccc1,0,c1ccccc1,0.2592592592592593,0,0.21421622620928107
CCCC(C(=O)OCCN(CC)CC)(c1ccccc1)c1ccccc1,0,c1ccc(Cc2ccccc2)cc1,CCN(CC)CCCN(c1ccccc1)C1Cc2ccccc2C1,0,c1ccc(NC2Cc3ccccc3C2)cc1,0.3106256206554121,0,0.1625434143087836
CCCC(C(=O)OCCN(CC)CC)(c1ccccc1)c1ccccc1,0,c1ccc(Cc2ccccc2)cc1,CCOC(=O)C1(c2ccccc2)CCN(C)CC1,0,c1ccc(C2CCNCC2)cc1,0.29444444444444445,0,0.08104581283366603
CCCC(C(=O)OCCN(CC)CC)(c1ccccc1)c1ccccc1,0,c1ccc(Cc2ccccc2)cc1,CCN(CC)CCNC(=O)c1ccc(N)cc1,0,c1ccccc1,0.29418386491557225,0,0.1649132819201464
CCCC(C(=O)OCCN(CC)CC)(c1ccccc1)c1ccccc1,0,c1ccc(Cc2ccccc2)cc1,CN(C)CCOC(c1ccccc1)c1ccccc1,0,c1ccc(Cc2ccccc2)cc1,0.28076685219542363,0,0.3073530288923021
Cc1ccc(O)c([C@@H](CCN(C(C)C)C(C)C)c2ccccc2)c1,1,c1ccc(Cc2ccccc2)cc1,CN(C)CC[C@H](c1ccc(Cl)cc1)c1ccccn1,0,c1ccc(Cc2ccccn2)cc1,0.27650793650793654,1,0.7287977385601498
Cc1ccc(O)c([C@@H](CCN(C(C)C)C(C)C)c2ccccc2)c1,1,c1ccc(Cc2ccccc2)cc1,Cc1ccccc1[C@H](OCCN(C)C)c1ccccc1,0,c1ccc(Cc2ccccc2)cc1,0.2751955821445007,1,0.7733733860850086
Cc1ccc(O)c([C@@H](CCN(C(C)C)C(C)C)c2ccccc2)c1,1,c1ccc(Cc2ccccc2)cc1,C[C@@H](CCc1ccccc1)NC[C@H](O)c1ccc(O)c(C(N)=O)c1,0,c1ccc(CCCNCCc2ccccc2)cc1,0.2696428571428572,1,0.6377260590345252
Cc1ccc(O)c([C@@H](CCN(C(C)C)C(C)C)c2ccccc2)c1,1,c1ccc(Cc2ccccc2)cc1,CN(C)CCOC(c1ccccc1)c1ccccc1,0,c1ccc(Cc2ccccc2)cc1,0.26282051282051283,1,0.7735190418016625
Cc1ccccc1[C@H](OCCN(C)C)c1ccccc1,0,c1ccc(Cc2ccccc2)cc1,CN(C)CCOC(c1ccccc1)c1ccccc1,0,c1ccc(Cc2ccccc2)cc1,0.7557312252964428,0,0.11555271191521023
Cc1ccccc1[C@H](OCCN(C)C)c1ccccc1,0,c1ccc(Cc2ccccc2)cc1,CN(C)CC(Oc1ccccc1)Oc1ccccc1,0,c1ccc(OCOc2ccccc2)cc1,0.3121351766513057,0,0.01672615441004432
Cc1ccccc1[C@H](OCCN(C)C)c1ccccc1,0,c1ccc(Cc2ccccc2)cc1,CN(C)CC[C@H](c1ccc(Cl)cc1)c1ccccn1,0,c1ccc(Cc2ccccn2)cc1,0.28193202146690516,0,0.033964494754899786
Cc1ccccc1[C@H](OCCN(C)C)c1ccccc1,0,c1ccc(Cc2ccccc2)cc1,CN(C)CCC=C1c2ccccc2C=Cc2ccccc21,0,C=C1c2ccccc2C=Cc2ccccc21,0.2647058823529412,0,0.0543096581126816
CN(C)CCOC(c1ccccc1)c1ccccc1,0,c1ccc(Cc2ccccc2)cc1,Cc1ccccc1[C@H](OCCN(C)C)c1ccccc1,0,c1ccc(Cc2ccccc2)cc1,0.7557312252964428,0,0.13174271630574075
CN(C)CCOC(c1ccccc1)c1ccccc1,0,c1ccc(Cc2ccccc2)cc1,CN(C)CC(Oc1ccccc1)Oc1ccccc1,0,c1ccc(OCOc2ccccc2)cc1,0.3685714285714286,0,0.01657826404230236
CN(C)CCOC(c1ccccc1)c1ccccc1,0,c1ccc(Cc2ccccc2)cc1,CN(C)CC[C@H](c1ccc(Cl)cc1)c1ccccn1,0,c1ccc(Cc2ccccn2)cc1,0.32166666666666666,0,0.03284681502180242
CN(C)CCOC(c1ccccc1)c1ccccc1,0,c1ccc(Cc2ccccc2)cc1,CN(C)CCC=C1c2ccccc2C=Cc2ccccc21,0,C=C1c2ccccc2C=Cc2ccccc21,0.3051140833988985,0,0.055647915212663324
c1ccc(C2(c3ccccc3)C[C@H]2C2=NCCN2)cc1,0,c1ccc(C2(c3ccccc3)CC2C2=NCCN2)cc1,CCN(CC)C(=O)[C@]1(c2ccccc2)C[C@@H]1CN,0,c1ccc(C2CC2)cc1,0.24500000000000002,0,0.04085499731602173
c1ccc(C2(c3ccccc3)C[C@H]2C2=NCCN2)cc1,0,c1ccc(C2(c3ccccc3)CC2C2=NCCN2)cc1,CC(C)(C)N1CCC(c2ccccc2)(c2ccccc2)CC1,0,c1ccc(C2(c3ccccc3)CCNCC2)cc1,0.22920634920634922,0,0.032269326237123905
c1ccc(C2(c3ccccc3)C[C@H]2C2=NCCN2)cc1,0,c1ccc(C2(c3ccccc3)CC2C2=NCCN2)cc1,OC(c1ccccc1)(c1ccccc1)C1CCNCC1,0,c1ccc(C(c2ccccc2)C2CCNCC2)cc1,0.22102102102102103,0,0.015431255829261007
c1ccc(C2(c3ccccc3)C[C@H]2C2=NCCN2)cc1,0,c1ccc(C2(c3ccccc3)CC2C2=NCCN2)cc1,c1ccc(C2(N3CCCCC3)CCCCC2)cc1,0,c1ccc(C2(N3CCCCC3)CCCCC2)cc1,0.2207070707070707,0,0.03921586818504609
CC(C)(C)N1CCC(c2ccccc2)(c2ccccc2)CC1,0,c1ccc(C2(c3ccccc3)CCNCC2)cc1,c1ccc(C2(N3CCCCC3)CCCCC2)cc1,0,c1ccc(C2(N3CCCCC3)CCCCC2)cc1,0.3735042735042735,0,0.10429936666169604
CC(C)(C)N1CCC(c2ccccc2)(c2ccccc2)CC1,0,c1ccc(C2(c3ccccc3)CCNCC2)cc1,CCOC(=O)C1(c2ccccc2)CCN(C)CC1,0,c1ccc(C2CCNCC2)cc1,0.32161616161616163,0,0.11483198845886837
CC(C)(C)N1CCC(c2ccccc2)(c2ccccc2)CC1,0,c1ccc(C2(c3ccccc3)CCNCC2)cc1,Cc1ccccc1,0,c1ccccc1,0.25024630541871923,0,0.030424342071712424
CC(C)(C)N1CCC(c2ccccc2)(c2ccccc2)CC1,0,c1ccc(C2(c3ccccc3)CCNCC2)cc1,CC[C@]1(c2ccccc2)C(=O)NC(=O)N(C)C1=O,0,O=C1NC(=O)C(c2ccccc2)C(=O)N1,0.24571428571428572,0,0.1561710035468068
Cc1ccc(NC(=O)c2ccc(CN3CCN(C)CC3)cc2)cc1Nc1nccc(-c2cccnc2)n1,0,O=C(Nc1cccc(Nc2nccc(-c3cccnc3)n2)c1)c1ccc(CN2CCNCC2)cc1,COc1ccc(C(=O)Nc2ccccc2CC[C@H]2CCCCN2C)cc1,0,O=C(Nc1ccccc1CCC1CCCCN1)c1ccccc1,0.23768115942028986,0,0.11789425601127591
Cc1ccc(NC(=O)c2ccc(CN3CCN(C)CC3)cc2)cc1Nc1nccc(-c2cccnc2)n1,0,O=C(Nc1cccc(Nc2nccc(-c3cccnc3)n2)c1)c1ccc(CN2CCNCC2)cc1,Cc1oncc1C(=O)Nc1ccc(C(F)(F)F)cc1,0,O=C(Nc1ccccc1)c1cnoc1,0.23087027914614122,0,0.16907981924496743
Cc1ccc(NC(=O)c2ccc(CN3CCN(C)CC3)cc2)cc1Nc1nccc(-c2cccnc2)n1,0,O=C(Nc1cccc(Nc2nccc(-c3cccnc3)n2)c1)c1ccc(CN2CCNCC2)cc1,CCOc1cc(N)c(Cl)cc1C(=O)NC[C@@H]1CN(Cc2ccc(F)cc2)CCO1,0,O=C(NCC1CN(Cc2ccccc2)CCO1)c1ccccc1,0.21423076923076925,0,0.035682684967366506
Cc1ccc(NC(=O)c2ccc(CN3CCN(C)CC3)cc2)cc1Nc1nccc(-c2cccnc2)n1,0,O=C(Nc1cccc(Nc2nccc(-c3cccnc3)n2)c1)c1ccc(CN2CCNCC2)cc1,O=C(CO)NCCCOc1cccc(CN2CCCCC2)c1,0,c1ccc(CN2CCCCC2)cc1,0.2099847792998478,0,0.12810968872216608
Nc1ccc(S(=O)(=O)c2ccc(N)cc2)cc1,1,O=S(=O)(c1ccccc1)c1ccccc1,Nc1ccc(S(N)(=O)=O)cc1,0,c1ccccc1,0.64,1,0.7628686763361875
Nc1ccc(S(=O)(=O)c2ccc(N)cc2)cc1,1,O=S(=O)(c1ccccc1)c1ccccc1,Cc1onc(NS(=O)(=O)c2ccc(N)cc2)c1C,0,O=S(=O)(Nc1ccon1)c1ccccc1,0.36888888888888893,1,0.6977502601504115
Nc1ccc(S(=O)(=O)c2ccc(N)cc2)cc1,1,O=S(=O)(c1ccccc1)c1ccccc1,Nc1ccccc1,0,c1ccccc1,0.3675,1,0.6340115396328503
Nc1ccc(S(=O)(=O)c2ccc(N)cc2)cc1,1,O=S(=O)(c1ccccc1)c1ccccc1,Cc1noc(NS(=O)(=O)c2ccc(N)cc2)c1C,0,O=S(=O)(Nc1ccno1)c1ccccc1,0.36388888888888893,1,0.7915288074539524
S=P(N1CC1)(N1CC1)N1CC1,0,S=P(N1CC1)(N1CC1)N1CC1,O=[P@@]1(N(CCCl)CCCl)OCCCN1CCCl,0,O=[PH]1NCCCO1,0.11770334928229664,0,0.029695111711080597
S=P(N1CC1)(N1CC1)N1CC1,0,S=P(N1CC1)(N1CC1)N1CC1,Cc1cccc(C)c1NC(=O)CN1CCCC1=O,0,O=C(CN1CCCC1=O)Nc1ccccc1,0.09592476489028212,0,0.053766197101385194
S=P(N1CC1)(N1CC1)N1CC1,0,S=P(N1CC1)(N1CC1)N1CC1,Cc1ccc(C(=O)[C@H](C)CN2CCCCC2)cc1,0,O=C(CCN1CCCCC1)c1ccccc1,0.09571428571428572,0,0.0409129036546123
S=P(N1CC1)(N1CC1)N1CC1,0,S=P(N1CC1)(N1CC1)N1CC1,CC[C@]1(C)CC(=O)NC1=O,0,O=C1CCC(=O)N1,0.09543859649122807,0,0.04529301177566561
CCCC(=O)O[C@H]1[C@H](C)O[C@@H](O[C@H]2[C@H](N(C)C)[C@@H](O)[C@H](O[C@H]3[C@@H](CC=O)C[C@@H](C)[C@@H](O)C=CC=CC[C@@H](C)OC(=O)C[C@@H](O)[C@@H]3OC)O[C@@H]2C)C[C@@]1(C)OC(=O)CC,0,O=C1CCCC(OC2CCC(OC3CCCCO3)CO2)CCCCC=CC=CCCO1,CO[C@@H]1[C@@H](O[C@@H]2O[C@H](C)[C@@H](O[C@H]3C[C@@](C)(O)[C@@H](OC(=O)CC(C)C)[C@H](C)O3)[C@H](N(C)C)[C@H]2O)[C@@H](CC=O)C[C@@H](C)[C@@H](O)C=CC=CC[C@@H](C)OC(=O)C[C@H]1OC(C)=O,0,O=C1CCCC(OC2CCC(OC3CCCCO3)CO2)CCCCC=CC=CCCO1,0.6843750000000001,0,4.358592373044643e-05
CCCC(=O)O[C@H]1[C@H](C)O[C@@H](O[C@H]2[C@H](N(C)C)[C@@H](O)[C@H](O[C@H]3[C@@H](CC=O)C[C@@H](C)[C@@H](O)C=CC=CC[C@@H](C)OC(=O)C[C@@H](O)[C@@H]3OC)O[C@@H]2C)C[C@@]1(C)OC(=O)CC,0,O=C1CCCC(OC2CCC(OC3CCCCO3)CO2)CCCCC=CC=CCCO1,CC[C@H]1OC(=O)[C@H](C)[C@@H](O[C@H]2C[C@@](C)(OC)[C@@H](O)[C@H](C)O2)[C@H](C)[C@@H](O[C@@H]2O[C@H](C)C[C@H](N(C)C)[C@H]2O)[C@](C)(OC)C[C@@H](C)C(=O)[C@H](C)[C@@H](O)[C@]1(C)O,0,O=C1CCCCOC(=O)CC(OC2CCCCO2)CC(OC2CCCCO2)CCC1,0.3103255813953489,0,0.0001866425634223569
CCCC(=O)O[C@H]1[C@H](C)O[C@@H](O[C@H]2[C@H](N(C)C)[C@@H](O)[C@H](O[C@H]3[C@@H](CC=O)C[C@@H](C)[C@@H](O)C=CC=CC[C@@H](C)OC(=O)C[C@@H](O)[C@@H]3OC)O[C@@H]2C)C[C@@]1(C)OC(=O)CC,0,O=C1CCCC(OC2CCC(OC3CCCCO3)CO2)CCCCC=CC=CCCO1,CC[C@H]1OC(=O)[C@H](C)[C@@H](O[C@H]2C[C@@](C)(OC)[C@@H](O)[C@H](C)O2)[C@H](C)[C@@H](O[C@@H]2O[C@H](C)C[C@H](N(C)C)[C@H]2O)[C@](C)(O)C[C@](C)(F)C(=O)[C@H](C)[C@@H](O)[C@]1(C)O,0,O=C1CCCCOC(=O)CC(OC2CCCCO2)CC(OC2CCCCO2)CCC1,0.3047180667433832,0,0.0001084144854225371
CCCC(=O)O[C@H]1[C@H](C)O[C@@H](O[C@H]2[C@H](N(C)C)[C@@H](O)[C@H](O[C@H]3[C@@H](CC=O)C[C@@H](C)[C@@H](O)C=CC=CC[C@@H](C)OC(=O)C[C@@H](O)[C@@H]3OC)O[C@@H]2C)C[C@@]1(C)OC(=O)CC,0,O=C1CCCC(OC2CCC(OC3CCCCO3)CO2)CCCCC=CC=CCCO1,CC[C@H]1OC(=O)[C@H](C)[C@@H](O[C@H]2C[C@@](C)(OC)[C@@H](O)[C@H](C)O2)[C@H](C)[C@@H](O[C@@H]2O[C@H](C)C[C@H](N(C)C)[C@H]2O)[C@](C)(O)C[C@@H](C)C(=O)[C@H](C)[C@@H](O)[C@]1(C)O,0,O=C1CCCCOC(=O)CC(OC2CCCCO2)CC(OC2CCCCO2)CCC1,0.3031137002812374,0,0.00010785683684396166
CO[C@@H]1[C@@H](O[C@@H]2O[C@H](C)[C@@H](O[C@H]3C[C@@](C)(O)[C@@H](OC(=O)CC(C)C)[C@H](C)O3)[C@H](N(C)C)[C@H]2O)[C@@H](CC=O)C[C@@H](C)[C@@H](O)C=CC=CC[C@@H](C)OC(=O)C[C@H]1OC(C)=O,0,O=C1CCCC(OC2CCC(OC3CCCCO3)CO2)CCCCC=CC=CCCO1,CCCC(=O)O[C@H]1[C@H](C)O[C@@H](O[C@H]2[C@H](N(C)C)[C@@H](O)[C@H](O[C@H]3[C@@H](CC=O)C[C@@H](C)[C@@H](O)C=CC=CC[C@@H](C)OC(=O)C[C@@H](O)[C@@H]3OC)O[C@@H]2C)C[C@@]1(C)OC(=O)CC,0,O=C1CCCC(OC2CCC(OC3CCCCO3)CO2)CCCCC=CC=CCCO1,0.6843750000000001,0,6.49253401200859e-05
CO[C@@H]1[C@@H](O[C@@H]2O[C@H](C)[C@@H](O[C@H]3C[C@@](C)(O)[C@@H](OC(=O)CC(C)C)[C@H](C)O3)[C@H](N(C)C)[C@H]2O)[C@@H](CC=O)C[C@@H](C)[C@@H](O)C=CC=CC[C@@H](C)OC(=O)C[C@H]1OC(C)=O,0,O=C1CCCC(OC2CCC(OC3CCCCO3)CO2)CCCCC=CC=CCCO1,CC[C@H]1OC(=O)[C@H](C)[C@@H](O[C@H]2C[C@@](C)(OC)[C@@H](O)[C@H](C)O2)[C@H](C)[C@@H](O[C@@H]2O[C@H](C)C[C@H](N(C)C)[C@H]2O)[C@](C)(O)C[C@@H](C)C(=O)[C@H](C)[C@@H](O)[C@]1(C)O,0,O=C1CCCCOC(=O)CC(OC2CCCCO2)CC(OC2CCCCO2)CCC1,0.30230303030303035,0,0.00013345894562772064
CO[C@@H]1[C@@H](O[C@@H]2O[C@H](C)[C@@H](O[C@H]3C[C@@](C)(O)[C@@H](OC(=O)CC(C)C)[C@H](C)O3)[C@H](N(C)C)[C@H]2O)[C@@H](CC=O)C[C@@H](C)[C@@H](O)C=CC=CC[C@@H](C)OC(=O)C[C@H]1OC(C)=O,0,O=C1CCCC(OC2CCC(OC3CCCCO3)CO2)CCCCC=CC=CCCO1,CC[C@H]1OC(=O)[C@H](C)[C@@H](O[C@H]2C[C@@](C)(OC)[C@@H](O)[C@H](C)O2)[C@H](C)[C@@H](O[C@@H]2O[C@H](C)C[C@H](N(C)C)[C@H]2O)[C@](C)(O)C[C@](C)(F)C(=O)[C@H](C)[C@@H](O)[C@]1(C)O,0,O=C1CCCCOC(=O)CC(OC2CCCCO2)CC(OC2CCCCO2)CCC1,0.29609644087256026,0,0.0001323312061938762
CO[C@@H]1[C@@H](O[C@@H]2O[C@H](C)[C@@H](O[C@H]3C[C@@](C)(O)[C@@H](OC(=O)CC(C)C)[C@H](C)O3)[C@H](N(C)C)[C@H]2O)[C@@H](CC=O)C[C@@H](C)[C@@H](O)C=CC=CC[C@@H](C)OC(=O)C[C@H]1OC(C)=O,0,O=C1CCCC(OC2CCC(OC3CCCCO3)CO2)CCCCC=CC=CCCO1,CC[C@H]1OC(=O)[C@H](C)[C@@H](O[C@H]2C[C@@](C)(OC)[C@@H](O)[C@H](C)O2)[C@H](C)[C@@H](O[C@@H]2O[C@H](C)C[C@H](N(C)C)[C@H]2O)[C@](C)(OC)C[C@@H](C)C(=O)[C@H](C)[C@@H](O)[C@]1(C)O,0,O=C1CCCCOC(=O)CC(OC2CCCCO2)CC(OC2CCCCO2)CCC1,0.28660287081339714,0,0.0002070742463985605
O=c1c(O)c(-c2ccc(O)c(O)c2)oc2cc(O)cc(O)c12,0,O=c1cc(-c2ccccc2)oc2ccccc12,CNC[C@H](O)c1ccc(O)c(O)c1,0,c1ccccc1,0.19255813953488377,0,0.007091317393595285
O=c1c(O)c(-c2ccc(O)c(O)c2)oc2cc(O)cc(O)c12,0,O=c1cc(-c2ccccc2)oc2ccccc12,Oc1nc2cc(Cl)ccc2o1,0,c1ccc2ocnc2c1,0.18790243902439024,0,0.00407835429994306
O=c1c(O)c(-c2ccc(O)c(O)c2)oc2cc(O)cc(O)c12,0,O=c1cc(-c2ccccc2)oc2ccccc12,O=c1ccc2ccccc2o1,0,O=c1ccc2ccccc2o1,0.18777908343125735,0,0.01213642686457852
O=c1c(O)c(-c2ccc(O)c(O)c2)oc2cc(O)cc(O)c12,0,O=c1cc(-c2ccccc2)oc2ccccc12,CCc1oc2ccccc2c1C(=O)c1cc(Br)c(O)c(Br)c1,0,O=C(c1ccccc1)c1coc2ccccc12,0.18656998738965952,0,0.030714316453383857
CCN1CCC[C@@H]1CNC(=O)c1cc(S(N)(=O)=O)ccc1OC,0,O=C(NCC1CCCN1)c1ccccc1,CCN1CCC[C@H]1CNC(=O)c1c(OC)ccc(Br)c1OC,0,O=C(NCC1CCCN1)c1ccccc1,0.6216095380029807,0,0.09312678405463559
CCN1CCC[C@@H]1CNC(=O)c1cc(S(N)(=O)=O)ccc1OC,0,O=C(NCC1CCCN1)c1ccccc1,CCN(CC)CCNC(=O)c1cc(Cl)c(N)cc1OC,0,c1ccccc1,0.332,0,0.040467428091414376
CCN1CCC[C@@H]1CNC(=O)c1cc(S(N)(=O)=O)ccc1OC,0,O=C(NCC1CCCN1)c1ccccc1,CCOc1cc(N)c(Cl)cc1C(=O)NC[C@@H]1CN(Cc2ccc(F)cc2)CCO1,0,O=C(NCC1CN(Cc2ccccc2)CCO1)c1ccccc1,0.29818313953488373,0,0.04866022473486305
CCN1CCC[C@@H]1CNC(=O)c1cc(S(N)(=O)=O)ccc1OC,0,O=C(NCC1CCCN1)c1ccccc1,COc1ccc(C(=O)Nc2ccccc2CC[C@H]2CCCCN2C)cc1,0,O=C(Nc1ccccc1CCC1CCCCN1)c1ccccc1,0.295959595959596,0,0.07907421941171333
CCN1CCC[C@H]1CNC(=O)c1c(OC)ccc(Br)c1OC,0,O=C(NCC1CCCN1)c1ccccc1,CCN1CCC[C@@H]1CNC(=O)c1cc(S(N)(=O)=O)ccc1OC,0,O=C(NCC1CCCN1)c1ccccc1,0.6216095380029807,0,0.037444254096254244
CCN1CCC[C@H]1CNC(=O)c1c(OC)ccc(Br)c1OC,0,O=C(NCC1CCCN1)c1ccccc1,COc1ccc(C(=O)Nc2ccccc2CC[C@H]2CCCCN2C)cc1,0,O=C(Nc1ccccc1CCC1CCCCN1)c1ccccc1,0.2967272727272728,0,0.03604544820265268
CCN1CCC[C@H]1CNC(=O)c1c(OC)ccc(Br)c1OC,0,O=C(NCC1CCCN1)c1ccccc1,CCN(CC)CCNC(=O)c1cc(Cl)c(N)cc1OC,0,c1ccccc1,0.29305555555555557,0,0.017998166107999477
CCN1CCC[C@H]1CNC(=O)c1c(OC)ccc(Br)c1OC,0,O=C(NCC1CCCN1)c1ccccc1,CCCN1CCCC[C@H]1C(=O)Nc1c(C)cccc1C,0,O=C(Nc1ccccc1)C1CCCCN1,0.2915294117647059,0,0.046827882051437515
CC[C@]1(O)C[C@H]2CN(CCc3c([nH]c4ccccc34)[C@@](C(=O)OC)(c3cc4c(cc3OC)N(C)[C@H]3[C@@](O)(C(=O)OC)[C@H](OC(C)=O)[C@]5(CC)C=CCN6CC[C@]43[C@@H]65)C2)C1,0,C1=CC2CCC3Nc4ccc(C5CC6CCCN(CCc7c5[nH]c5ccccc75)C6)cc4C34CCN(C1)C24,CC[C@]1(O)C[C@H]2CN(CCc3c([nH]c4ccccc34)[C@@](C(=O)OC)(c3cc4c(cc3OC)N(C=O)[C@H]3[C@@](O)(C(=O)OC)[C@H](OC(C)=O)[C@]5(CC)C=CCN6CC[C@]43[C@@H]65)C2)C1,0,C1=CC2CCC3Nc4ccc(C5CC6CCCN(CCc7c5[nH]c5ccccc75)C6)cc4C34CCN(C1)C24,0.8677156567347395,0,7.298943188531302e-05
CC[C@]1(O)C[C@H]2CN(CCc3c([nH]c4ccccc34)[C@@](C(=O)OC)(c3cc4c(cc3OC)N(C)[C@H]3[C@@](O)(C(=O)OC)[C@H](OC(C)=O)[C@]5(CC)C=CCN6CC[C@]43[C@@H]65)C2)C1,0,C1=CC2CCC3Nc4ccc(C5CC6CCCN(CCc7c5[nH]c5ccccc75)C6)cc4C34CCN(C1)C24,CC[C@]1(O)C[C@H]2CN(CCc3c([nH]c4ccccc34)[C@@](C(=O)OC)(c3cc4c(cc3OC)N(C)[C@H]3[C@@](O)(C(N)=O)[C@H](O)[C@]5(CC)C=CCN6CC[C@]43[C@@H]65)C2)C1,0,C1=CC2CCC3Nc4ccc(C5CC6CCCN(CCc7c5[nH]c5ccccc75)C6)cc4C34CCN(C1)C24,0.8439819004524888,0,0.000305733384610351
CC[C@]1(O)C[C@H]2CN(CCc3c([nH]c4ccccc34)[C@@](C(=O)OC)(c3cc4c(cc3OC)N(C)[C@H]3[C@@](O)(C(=O)OC)[C@H](OC(C)=O)[C@]5(CC)C=CCN6CC[C@]43[C@@H]65)C2)C1,0,C1=CC2CCC3Nc4ccc(C5CC6CCCN(CCc7c5[nH]c5ccccc75)C6)cc4C34CCN(C1)C24,COC(=O)[C@H]1[C@H]2C[C@@H]3c4[nH]c5cc(OC)ccc5c4CCN3C[C@H]2C[C@@H](OC(=O)c2cc(OC)c(OC)c(OC)c2)[C@@H]1OC,0,O=C(OC1CCC2CC3c4[nH]c5ccccc5c4CCN3CC2C1)c1ccccc1,0.25762304921968787,0,0.00023400529921678632
CC[C@]1(O)C[C@H]2CN(CCc3c([nH]c4ccccc34)[C@@](C(=O)OC)(c3cc4c(cc3OC)N(C)[C@H]3[C@@](O)(C(=O)OC)[C@H](OC(C)=O)[C@]5(CC)C=CCN6CC[C@]43[C@@H]65)C2)C1,0,C1=CC2CCC3Nc4ccc(C5CC6CCCN(CCc7c5[nH]c5ccccc75)C6)cc4C34CCN(C1)C24,CN1CC(=O)N2[C@H](c3ccc4c(c3)OCO4)c3[nH]c4ccccc4c3C[C@@H]2C1=O,0,O=C1NCC(=O)N2C1Cc1c([nH]c3ccccc13)C2c1ccc2c(c1)OCO2,0.21746382978723403,0,0.009433468841259354
CC[C@]1(O)C[C@H]2CN(CCc3c([nH]c4ccccc34)[C@@](C(=O)OC)(c3cc4c(cc3OC)N(C=O)[C@H]3[C@@](O)(C(=O)OC)[C@H](OC(C)=O)[C@]5(CC)C=CCN6CC[C@]43[C@@H]65)C2)C1,0,C1=CC2CCC3Nc4ccc(C5CC6CCCN(CCc7c5[nH]c5ccccc75)C6)cc4C34CCN(C1)C24,CC[C@]1(O)C[C@H]2CN(CCc3c([nH]c4ccccc34)[C@@](C(=O)OC)(c3cc4c(cc3OC)N(C)[C@H]3[C@@](O)(C(=O)OC)[C@H](OC(C)=O)[C@]5(CC)C=CCN6CC[C@]43[C@@H]65)C2)C1,0,C1=CC2CCC3Nc4ccc(C5CC6CCCN(CCc7c5[nH]c5ccccc75)C6)cc4C34CCN(C1)C24,0.8677156567347395,0,4.398458193803044e-05
CC[C@]1(O)C[C@H]2CN(CCc3c([nH]c4ccccc34)[C@@](C(=O)OC)(c3cc4c(cc3OC)N(C=O)[C@H]3[C@@](O)(C(=O)OC)[C@H](OC(C)=O)[C@]5(CC)C=CCN6CC[C@]43[C@@H]65)C2)C1,0,C1=CC2CCC3Nc4ccc(C5CC6CCCN(CCc7c5[nH]c5ccccc75)C6)cc4C34CCN(C1)C24,CC[C@]1(O)C[C@H]2CN(CCc3c([nH]c4ccccc34)[C@@](C(=O)OC)(c3cc4c(cc3OC)N(C)[C@H]3[C@@](O)(C(N)=O)[C@H](O)[C@]5(CC)C=CCN6CC[C@]43[C@@H]65)C2)C1,0,C1=CC2CCC3Nc4ccc(C5CC6CCCN(CCc7c5[nH]c5ccccc75)C6)cc4C34CCN(C1)C24,0.7364960705386238,0,0.00020980555447069505
CC[C@]1(O)C[C@H]2CN(CCc3c([nH]c4ccccc34)[C@@](C(=O)OC)(c3cc4c(cc3OC)N(C=O)[C@H]3[C@@](O)(C(=O)OC)[C@H](OC(C)=O)[C@]5(CC)C=CCN6CC[C@]43[C@@H]65)C2)C1,0,C1=CC2CCC3Nc4ccc(C5CC6CCCN(CCc7c5[nH]c5ccccc75)C6)cc4C34CCN(C1)C24,COC(=O)[C@H]1[C@H]2C[C@@H]3c4[nH]c5cc(OC)ccc5c4CCN3C[C@H]2C[C@@H](OC(=O)c2cc(OC)c(OC)c(OC)c2)[C@@H]1OC,0,O=C(OC1CCC2CC3c4[nH]c5ccccc5c4CCN3CC2C1)c1ccccc1,0.2555072463768116,0,0.0003155825968138227
CC[C@]1(O)C[C@H]2CN(CCc3c([nH]c4ccccc34)[C@@](C(=O)OC)(c3cc4c(cc3OC)N(C=O)[C@H]3[C@@](O)(C(=O)OC)[C@H](OC(C)=O)[C@]5(CC)C=CCN6CC[C@]43[C@@H]65)C2)C1,0,C1=CC2CCC3Nc4ccc(C5CC6CCCN(CCc7c5[nH]c5ccccc75)C6)cc4C34CCN(C1)C24,CN1CC(=O)N2[C@H](c3ccc4c(c3)OCO4)c3[nH]c4ccccc4c3C[C@@H]2C1=O,0,O=C1NCC(=O)N2C1Cc1c([nH]c3ccccc13)C2c1ccc2c(c1)OCO2,0.20833333333333334,0,0.006685702519314497
CC[C@]1(O)C[C@H]2CN(CCc3c([nH]c4ccccc34)[C@@](C(=O)OC)(c3cc4c(cc3OC)N(C)[C@H]3[C@@](O)(C(N)=O)[C@H](O)[C@]5(CC)C=CCN6CC[C@]43[C@@H]65)C2)C1,0,C1=CC2CCC3Nc4ccc(C5CC6CCCN(CCc7c5[nH]c5ccccc75)C6)cc4C34CCN(C1)C24,CC[C@]1(O)C[C@H]2CN(CCc3c([nH]c4ccccc34)[C@@](C(=O)OC)(c3cc4c(cc3OC)N(C)[C@H]3[C@@](O)(C(=O)OC)[C@H](OC(C)=O)[C@]5(CC)C=CCN6CC[C@]43[C@@H]65)C2)C1,0,C1=CC2CCC3Nc4ccc(C5CC6CCCN(CCc7c5[nH]c5ccccc75)C6)cc4C34CCN(C1)C24,0.8439819004524888,0,0.00012714918641805754
CC[C@]1(O)C[C@H]2CN(CCc3c([nH]c4ccccc34)[C@@](C(=O)OC)(c3cc4c(cc3OC)N(C)[C@H]3[C@@](O)(C(N)=O)[C@H](O)[C@]5(CC)C=CCN6CC[C@]43[C@@H]65)C2)C1,0,C1=CC2CCC3Nc4ccc(C5CC6CCCN(CCc7c5[nH]c5ccccc75)C6)cc4C34CCN(C1)C24,CC[C@]1(O)C[C@H]2CN(CCc3c([nH]c4ccccc34)[C@@](C(=O)OC)(c3cc4c(cc3OC)N(C=O)[C@H]3[C@@](O)(C(=O)OC)[C@H](OC(C)=O)[C@]5(CC)C=CCN6CC[C@]43[C@@H]65)C2)C1,0,C1=CC2CCC3Nc4ccc(C5CC6CCCN(CCc7c5[nH]c5ccccc75)C6)cc4C34CCN(C1)C24,0.7364960705386238,0,4.777128517563538e-05
CC[C@]1(O)C[C@H]2CN(CCc3c([nH]c4ccccc34)[C@@](C(=O)OC)(c3cc4c(cc3OC)N(C)[C@H]3[C@@](O)(C(N)=O)[C@H](O)[C@]5(CC)C=CCN6CC[C@]43[C@@H]65)C2)C1,0,C1=CC2CCC3Nc4ccc(C5CC6CCCN(CCc7c5[nH]c5ccccc75)C6)cc4C34CCN(C1)C24,COC(=O)[C@H]1[C@H]2C[C@@H]3c4[nH]c5cc(OC)ccc5c4CCN3C[C@H]2C[C@@H](OC(=O)c2cc(OC)c(OC)c(OC)c2)[C@@H]1OC,0,O=C(OC1CCC2CC3c4[nH]c5ccccc5c4CCN3CC2C1)c1ccccc1,0.25623529411764706,0,0.0005643979947394124
CC[C@]1(O)C[C@H]2CN(CCc3c([nH]c4ccccc34)[C@@](C(=O)OC)(c3cc4c(cc3OC)N(C)[C@H]3[C@@](O)(C(N)=O)[C@H](O)[C@]5(CC)C=CCN6CC[C@]43[C@@H]65)C2)C1,0,C1=CC2CCC3Nc4ccc(C5CC6CCCN(CCc7c5[nH]c5ccccc75)C6)cc4C34CCN(C1)C24,CN1CC(=O)N2[C@H](c3ccc4c(c3)OCO4)c3[nH]c4ccccc4c3C[C@@H]2C1=O,0,O=C1NCC(=O)N2C1Cc1c([nH]c3ccccc13)C2c1ccc2c(c1)OCO2,0.2011811023622047,0,0.01243746015787088
COc1ncnc(NS(=O)(=O)c2ccc(N)cc2)c1OC,0,O=S(=O)(Nc1ccncn1)c1ccccc1,Cc1onc(NS(=O)(=O)c2ccc(N)cc2)c1C,0,O=S(=O)(Nc1ccon1)c1ccccc1,0.4716666666666667,0,0.1841046560091157
COc1ncnc(NS(=O)(=O)c2ccc(N)cc2)c1OC,0,O=S(=O)(Nc1ccncn1)c1ccccc1,Cc1noc(NS(=O)(=O)c2ccc(N)cc2)c1C,0,O=S(=O)(Nc1ccno1)c1ccccc1,0.4063636363636364,0,0.21219406764427565
COc1ncnc(NS(=O)(=O)c2ccc(N)cc2)c1OC,0,O=S(=O)(Nc1ccncn1)c1ccccc1,Nc1ccc(S(N)(=O)=O)cc1,0,c1ccccc1,0.3369918699186992,0,0.23284060275287669
COc1ncnc(NS(=O)(=O)c2ccc(N)cc2)c1OC,0,O=S(=O)(Nc1ccncn1)c1ccccc1,O=C(O)c1cc(/N=N\c2ccc(S(=O)(=O)Nc3ccccn3)cc2)ccc1O,0,O=S(=O)(Nc1ccccn1)c1ccc(N=Nc2ccccc2)cc1,0.25358851674641153,0,0.07333451449776916
CC(C)Cn1cnc2c(N)nc3ccccc3c21,0,c1ccc2c(c1)ncc1nc[nH]c12,CCOCc1nc2c(N)nc3ccccc3c2n1CC(C)(C)O,0,c1ccc2c(c1)ncc1nc[nH]c12,0.4044444444444445,0,0.022855993735904346
CC(C)Cn1cnc2c(N)nc3ccccc3c21,0,c1ccc2c(c1)ncc1nc[nH]c12,C[C@H](Cn1cnc2c(N)ncnc21)OCP(=O)(O)O,0,c1ncc2nc[nH]c2n1,0.2972900635664102,0,0.02215327651470883
CC(C)Cn1cnc2c(N)nc3ccccc3c21,0,c1ccc2c(c1)ncc1nc[nH]c12,Nc1c2c(nc3ccccc13)CCCC2,0,c1ccc2nc3c(cc2c1)CCCC3,0.2815126050420168,0,0.017745754503918267
CC(C)Cn1cnc2c(N)nc3ccccc3c21,0,c1ccc2c(c1)ncc1nc[nH]c12,Cc1ccccc1-n1c(C)nc2ccccc2c1=O,0,O=c1c2ccccc2ncn1-c1ccccc1,0.25523349436392917,0,0.05702282497745533
CCOCc1nc2c(N)nc3ccccc3c2n1CC(C)(C)O,0,c1ccc2c(c1)ncc1nc[nH]c12,CC(C)Cn1cnc2c(N)nc3ccccc3c21,0,c1ccc2c(c1)ncc1nc[nH]c12,0.4044444444444445,0,0.0016094280186871235
CCOCc1nc2c(N)nc3ccccc3c2n1CC(C)(C)O,0,c1ccc2c(c1)ncc1nc[nH]c12,CCOCCn1c(N2CCCN(C)CC2)nc2ccccc21,0,c1ccc2[nH]c(N3CCCNCC3)nc2c1,0.2545410393394852,0,0.02697855839426216
CCOCc1nc2c(N)nc3ccccc3c2n1CC(C)(C)O,0,c1ccc2c(c1)ncc1nc[nH]c12,Cc1ccccc1-n1c(C)nc2ccccc2c1=O,0,O=c1c2ccccc2ncn1-c1ccccc1,0.24177777777777779,0,0.0031095577641052116
CCOCc1nc2c(N)nc3ccccc3c2n1CC(C)(C)O,0,c1ccc2c(c1)ncc1nc[nH]c12,Nc1c2c(nc3ccccc13)CCCC2,0,c1ccc2nc3c(cc2c1)CCCC3,0.23764705882352943,0,0.0008395816038035188
N=C(N)c1ccc(OCCCCCOc2ccc(C(=N)N)cc2)cc1,0,c1ccc(OCCCCCOc2ccccc2)cc1,O=C(O)c1ccc(OCCn2ccnc2)cc1,0,c1ccc(OCCn2ccnc2)cc1,0.3012698412698413,0,0.06675710494156065
N=C(N)c1ccc(OCCCCCOc2ccc(C(=N)N)cc2)cc1,0,c1ccc(OCCCCCOc2ccccc2)cc1,COCCc1ccc(OC[C@@H](O)CNC(C)C)cc1,0,c1ccccc1,0.24300647088103536,0,0.04907000599347258
N=C(N)c1ccc(OCCCCCOc2ccc(C(=N)N)cc2)cc1,0,c1ccc(OCCCCCOc2ccccc2)cc1,O=C(c1ccc(OCCN2CCCCC2)cc1)c1c(-c2ccc(O)cc2)sc2cc(O)ccc12,0,O=C(c1ccc(OCCN2CCCCC2)cc1)c1c(-c2ccccc2)sc2ccccc12,0.24129886506935688,0,0.008207447825572865
N=C(N)c1ccc(OCCCCCOc2ccc(C(=N)N)cc2)cc1,0,c1ccc(OCCCCCOc2ccccc2)cc1,O=C(CO)NCCCOc1cccc(CN2CCCCC2)c1,0,c1ccc(CN2CCCCC2)cc1,0.2334557323541412,0,0.027744650292402168
C=C[C@H]1CN2CC[C@H]1C[C@@H]2[C@H](O)c1ccnc2ccc(OC)cc12,0,c1ccc2c(CC3CC4CCN3CC4)ccnc2c1,CC[C@H]1CN2CC[C@H]1C[C@@H]2[C@@H](O)c1ccnc2ccc(OC)cc12,0,c1ccc2c(CC3CC4CCN3CC4)ccnc2c1,0.7643817204301075,0,0.011093045447185909
C=C[C@H]1CN2CC[C@H]1C[C@@H]2[C@H](O)c1ccnc2ccc(OC)cc12,0,c1ccc2c(CC3CC4CCN3CC4)ccnc2c1,CCN(CC)CCC[C@@H](C)Nc1c2ccc(Cl)cc2nc2ccc(OC)cc12,0,c1ccc2nc3ccccc3cc2c1,0.24137931034482762,0,0.017972022780885815
C=C[C@H]1CN2CC[C@H]1C[C@@H]2[C@H](O)c1ccnc2ccc(OC)cc12,0,c1ccc2c(CC3CC4CCN3CC4)ccnc2c1,COC(=O)[C@H]1[C@H]2C[C@@H]3c4[nH]c5cc(OC)ccc5c4CCN3C[C@H]2C[C@@H](OC(=O)c2cc(OC)c(OC)c(OC)c2)[C@@H]1OC,0,O=C(OC1CCC2CC3c4[nH]c5ccccc5c4CCN3CC2C1)c1ccccc1,0.2225432157234194,0,0.025385186271141693
C=C[C@H]1CN2CC[C@H]1C[C@@H]2[C@H](O)c1ccnc2ccc(OC)cc12,0,c1ccc2c(CC3CC4CCN3CC4)ccnc2c1,CCc1c2c(nc3ccc(OC(=O)N4CCC(N5CCCCC5)CC4)cc13)-c1cc3c(c(=O)n1C2)COC(=O)[C@]3(O)CC,0,O=C1Cc2cc3n(c(=O)c2CO1)Cc1cc2cc(OC(=O)N4CCC(N5CCCCC5)CC4)ccc2nc1-3,0.218018018018018,0,0.015527307609527235
CC[C@H]1CN2CC[C@H]1C[C@@H]2[C@@H](O)c1ccnc2ccc(OC)cc12,0,c1ccc2c(CC3CC4CCN3CC4)ccnc2c1,C=C[C@H]1CN2CC[C@H]1C[C@@H]2[C@H](O)c1ccnc2ccc(OC)cc12,0,c1ccc2c(CC3CC4CCN3CC4)ccnc2c1,0.7643817204301075,0,0.006330828932884425
CC[C@H]1CN2CC[C@H]1C[C@@H]2[C@@H](O)c1ccnc2ccc(OC)cc12,0,c1ccc2c(CC3CC4CCN3CC4)ccnc2c1,CCN(CC)CCC[C@@H](C)Nc1c2ccc(Cl)cc2nc2ccc(OC)cc12,0,c1ccc2nc3ccccc3cc2c1,0.2695220588235294,0,0.016938564461344813
CC[C@H]1CN2CC[C@H]1C[C@@H]2[C@@H](O)c1ccnc2ccc(OC)cc12,0,c1ccc2c(CC3CC4CCN3CC4)ccnc2c1,CCc1c2c(nc3ccc(OC(=O)N4CCC(N5CCCCC5)CC4)cc13)-c1cc3c(c(=O)n1C2)COC(=O)[C@]3(O)CC,0,O=C1Cc2cc3n(c(=O)c2CO1)Cc1cc2cc(OC(=O)N4CCC(N5CCCCC5)CC4)ccc2nc1-3,0.23969341539890837,0,0.015180817683973972
CC[C@H]1CN2CC[C@H]1C[C@@H]2[C@@H](O)c1ccnc2ccc(OC)cc12,0,c1ccc2c(CC3CC4CCN3CC4)ccnc2c1,COc1cccc([C@@]2(O)CCCC[C@@H]2CN(C)C)c1,0,c1ccc(C2CCCCC2)cc1,0.22988245931283907,0,0.060468025826953334
CCC[C@H]1O[C@@H]2C[C@H]3[C@@H]4CCC5=CC(=O)C=C[C@]5(C)[C@H]4[C@@H](O)C[C@]3(C)[C@]2(C(=O)CO)O1,0,O=C1C=CC2C(=C1)CCC1C2CCC2C1CC1OCOC12,C[C@]12C=CC(=O)C=C1CC[C@@H]1[C@@H]2[C@@H](O)C[C@@]2(C)[C@H]1CC[C@]2(O)C(=O)CO,0,O=C1C=CC2C(=C1)CCC1C3CCCC3CCC21,0.5927536231884059,0,0.0025791998770537386
CCC[C@H]1O[C@@H]2C[C@H]3[C@@H]4CCC5=CC(=O)C=C[C@]5(C)[C@H]4[C@@H](O)C[C@]3(C)[C@]2(C(=O)CO)O1,0,O=C1C=CC2C(=C1)CCC1C2CCC2C1CC1OCOC12,C[C@H]1C[C@@H]2[C@H]([C@@H](O)C[C@@]3(C)[C@H]2CC[C@]3(O)C(=O)CO)[C@@]2(C)C=CC(=O)C=C12,0,O=C1C=CC2C(=C1)CCC1C3CCCC3CCC21,0.45588309397833204,0,0.0028190501565460713
CCC[C@H]1O[C@@H]2C[C@H]3[C@@H]4CCC5=CC(=O)C=C[C@]5(C)[C@H]4[C@@H](O)C[C@]3(C)[C@]2(C(=O)CO)O1,0,O=C1C=CC2C(=C1)CCC1C2CCC2C1CC1OCOC12,C[C@]12CC[C@H]3[C@@H](CCC4=CC(=O)C=C[C@@]43C)[C@@H]1CC[C@@H]2O,0,O=C1C=CC2C(=C1)CCC1C3CCCC3CCC21,0.38421052631578945,0,0.007255976927872841
CCC[C@H]1O[C@@H]2C[C@H]3[C@@H]4CCC5=CC(=O)C=C[C@]5(C)[C@H]4[C@@H](O)C[C@]3(C)[C@]2(C(=O)CO)O1,0,O=C1C=CC2C(=C1)CCC1C2CCC2C1CC1OCOC12,C[C@H]1C[C@H]2[C@@H]3CCC4=CC(=O)C=C[C@]4(C)[C@@]3(Cl)[C@@H](O)C[C@]2(C)[C@@]1(O)C(=O)CO,0,O=C1C=CC2C(=C1)CCC1C3CCCC3CCC21,0.3809646856158484,0,0.0033375162460282048
COc1cc2c(cc1OC)C(=O)[C@H](CC1CCN(Cc3ccccc3)CC1)C2,0,O=C1c2ccccc2CC1CC1CCN(Cc2ccccc2)CC1,CCC(=O)N(c1ccccc1)C1CCN(CCc2ccccc2)CC1,0,c1ccc(CCN2CCC(Nc3ccccc3)CC2)cc1,0.2782608695652174,0,0.11295251335051146
COc1cc2c(cc1OC)C(=O)[C@H](CC1CCN(Cc3ccccc3)CC1)C2,0,O=C1c2ccccc2CC1CC1CCN(Cc2ccccc2)CC1,COc1ccc(CCN2CCC(Nc3nc4ccccc4n3Cc3ccc(F)cc3)CC2)cc1,0,c1ccc(CCN2CCC(Nc3nc4ccccc4n3Cc3ccccc3)CC2)cc1,0.262020905923345,0,0.03787001360364534
COc1cc2c(cc1OC)C(=O)[C@H](CC1CCN(Cc3ccccc3)CC1)C2,0,O=C1c2ccccc2CC1CC1CCN(Cc2ccccc2)CC1,O=C(CO)NCCCOc1cccc(CN2CCCCC2)c1,0,c1ccc(CN2CCCCC2)cc1,0.2607068607068607,0,0.04012928553260131
COc1cc2c(cc1OC)C(=O)[C@H](CC1CCN(Cc3ccccc3)CC1)C2,0,O=C1c2ccccc2CC1CC1CCN(Cc2ccccc2)CC1,COc1ccc2c3c1O[C@H]1C(=O)CC[C@H]4[C@@H](C2)N(C)CC[C@]314,0,O=C1CCC2C3Cc4cccc5c4C2(CCN3)C1O5,0.2592015579357352,0,0.01743834332916509
Cc1cccc(C)c1NC(=O)CC12CCCN1CCC2,0,O=C(CC12CCCN1CCC2)Nc1ccccc1,Cc1cccc(C)c1NC(=O)CN1CCCC1=O,0,O=C(CN1CCCC1=O)Nc1ccccc1,0.5,0,0.07494595562373729
Cc1cccc(C)c1NC(=O)CC12CCCN1CCC2,0,O=C(CC12CCCN1CCC2)Nc1ccccc1,CCCN1CCCC[C@H]1C(=O)Nc1c(C)cccc1C,0,O=C(Nc1ccccc1)C1CCCCN1,0.4542976939203355,0,0.03645359850515452
Cc1cccc(C)c1NC(=O)CC12CCCN1CCC2,0,O=C(CC12CCCN1CCC2)Nc1ccccc1,CCCCN1CCCC[C@H]1C(=O)Nc1c(C)cccc1C,0,O=C(Nc1ccccc1)C1CCCCN1,0.4422222222222223,0,0.04022160576102875
Cc1cccc(C)c1NC(=O)CC12CCCN1CCC2,0,O=C(CC12CCCN1CCC2)Nc1ccccc1,Cc1cccc(C)c1NC(=O)[C@H](C)N,0,c1ccccc1,0.39633986928104575,0,0.10728520223117487
O=C1NC(=O)C(c2ccccc2)(c2ccccc2)N1,1,O=C1NC(=O)C(c2ccccc2)(c2ccccc2)N1,O=C1NC(c2ccccc2)(c2ccccc2)C(=O)N1COP(=O)(O)O,0,O=C1NC(=O)C(c2ccccc2)(c2ccccc2)N1,0.36450216450216455,1,0.6210125814964631
O=C1NC(=O)C(c2ccccc2)(c2ccccc2)N1,1,O=C1NC(=O)C(c2ccccc2)(c2ccccc2)N1,CC[C@]1(c2ccccc2)C(=O)NC(=O)N(C)C1=O,0,O=C1NC(=O)C(c2ccccc2)C(=O)N1,0.3354166666666667,0,0.4782187686045813
O=C1NC(=O)C(c2ccccc2)(c2ccccc2)N1,1,O=C1NC(=O)C(c2ccccc2)(c2ccccc2)N1,O=C1c2ccccc2C(=O)c2ccccc21,0,O=C1c2ccccc2C(=O)c2ccccc21,0.2801346801346801,0,0.48447212850083915
O=C1NC(=O)C(c2ccccc2)(c2ccccc2)N1,1,O=C1NC(=O)C(c2ccccc2)(c2ccccc2)N1,Cc1ccccc1,0,c1ccccc1,0.23492063492063492,0,0.44957342330309286
O=C1NC(c2ccccc2)(c2ccccc2)C(=O)N1COP(=O)(O)O,0,O=C1NC(=O)C(c2ccccc2)(c2ccccc2)N1,CC[C@]1(c2ccccc2)C(=O)NC(=O)N(C)C1=O,0,O=C1NC(=O)C(c2ccccc2)C(=O)N1,0.31567567567567567,0,0.055705192906430646
O=C1NC(c2ccccc2)(c2ccccc2)C(=O)N1COP(=O)(O)O,0,O=C1NC(=O)C(c2ccccc2)(c2ccccc2)N1,CCOC(=O)C1(c2ccccc2)CCN(C)CC1,0,c1ccc(C2CCNCC2)cc1,0.25014799154334033,0,0.035464190450214865
O=C1NC(c2ccccc2)(c2ccccc2)C(=O)N1COP(=O)(O)O,0,O=C1NC(=O)C(c2ccccc2)(c2ccccc2)N1,NC(=O)OCC(COC(N)=O)c1ccccc1,0,c1ccccc1,0.23272727272727278,0,0.04007172265268405
O=C1NC(c2ccccc2)(c2ccccc2)C(=O)N1COP(=O)(O)O,0,O=C1NC(=O)C(c2ccccc2)(c2ccccc2)N1,CCN(CC)C(=O)[C@]1(c2ccccc2)C[C@@H]1CN,0,c1ccc(C2CC2)cc1,0.23123662815575524,0,0.010633253244273895
CO/N=C\C1=CCCN(C)C1,0,C1=CCNCC1,COc1ccc2c3c1O[C@H]1C[C@@H](O)C=C[C@@]31CCN(C)C2,0,C1=CC23CCNCc4cccc(c42)OC3CC1,0.19000000000000003,0,0.08419531817344443
CO/N=C\C1=CCCN(C)C1,0,C1=CCNCC1,CCOC(=O)C1(c2ccccc2)CCN(C)CC1,0,c1ccc(C2CCNCC2)cc1,0.18200290275761974,0,0.03881818834051537
CO/N=C\C1=CCCN(C)C1,0,C1=CCNCC1,CN1CCN(CCCCN2C(=O)CN(/N=C\c3ccc(-c4ccc(Cl)cc4)o3)C2=O)CC1,0,O=C1CN(N=Cc2ccc(-c3ccccc3)o2)C(=O)N1CCCCN1CCNCC1,0.1742181540808543,0,0.003965108197865927
CO/N=C\C1=CCCN(C)C1,0,C1=CCNCC1,CN1CCC(=C2c3ccccc3CCc3cccnc32)CC1,0,c1ccc2c(c1)CCc1cccnc1C2=C1CCNCC1,0.15942760942760945,0,0.039628042194565526
C=C1CC[C@H](O)C/C1=C/C=C1\CCC[C@]2(C)[C@@H]([C@H](C)CCCC(C)C)CC[C@@H]12,0,C=C1CCCCC1=CC=C1CCCC2CCCC12,C[C@H](CCC(=O)O)[C@H]1CC[C@H]2[C@@H]3[C@H](O)C[C@H]4C[C@H](O)CC[C@]4(C)[C@H]3CC[C@]12C,0,C1CCC2C(C1)CCC1C3CCCC3CCC21,0.27570237727693736,0,0.026847535696710296
C=C1CC[C@H](O)C/C1=C/C=C1\CCC[C@]2(C)[C@@H]([C@H](C)CCCC(C)C)CC[C@@H]12,0,C=C1CCCCC1=CC=C1CCCC2CCCC12,C[C@]12CC[C@H](O)CC1=CC[C@@H]1[C@@H]2CC[C@]2(C)C(=O)CC[C@@H]12,0,O=C1CCC2C1CCC1C3CCCCC3=CCC21,0.23926031294452346,0,0.024404555154879024
C=C1CC[C@H](O)C/C1=C/C=C1\CCC[C@]2(C)[C@@H]([C@H](C)CCCC(C)C)CC[C@@H]12,0,C=C1CCCCC1=CC=C1CCCC2CCCC12,CC(=O)[C@H]1CC[C@H]2[C@@H]3CC=C4C[C@@H](O)CC[C@]4(C)[C@H]3CC[C@]12C,0,C1=C2CCCCC2C2CCC3CCCC3C2C1,0.2382716049382716,0,0.02532780487005464
C=C1CC[C@H](O)C/C1=C/C=C1\CCC[C@]2(C)[C@@H]([C@H](C)CCCC(C)C)CC[C@@H]12,0,C=C1CCCCC1=CC=C1CCCC2CCCC12,C[C@]12CC[C@H]3[C@@H](CCC4=CC(=O)C=C[C@@]43C)[C@@H]1CC[C@@H]2O,0,O=C1C=CC2C(=C1)CCC1C3CCCC3CCC21,0.21421052631578946,0,0.02696433698188682
COc1cc(C(C)=O)ccc1OCCCN1CCC(c2noc3cc(F)ccc23)CC1,0,c1ccc(OCCCN2CCC(c3noc4ccccc34)CC2)cc1,O=C(CCCN1CCC(O)(c2ccc(Cl)cc2)CC1)c1ccc(F)cc1,0,O=C(CCCN1CCC(c2ccccc2)CC1)c1ccccc1,0.27648371262829097,0,0.027011921036925252
COc1cc(C(C)=O)ccc1OCCCN1CCC(c2noc3cc(F)ccc23)CC1,0,c1ccc(OCCCN2CCC(c3noc4ccccc34)CC2)cc1,O=C(CCCN1CCC(O)(c2ccc(Br)cc2)CC1)c1ccc(F)cc1,0,O=C(CCCN1CCC(c2ccccc2)CC1)c1ccccc1,0.27648371262829097,0,0.013160806480816942
COc1cc(C(C)=O)ccc1OCCCN1CCC(c2noc3cc(F)ccc23)CC1,0,c1ccc(OCCCN2CCC(c3noc4ccccc34)CC2)cc1,O=C(CCCN1CCC(O)(c2cccc(C(F)(F)F)c2)CC1)c1ccc(F)cc1,0,O=C(CCCN1CCC(c2ccccc2)CC1)c1ccccc1,0.26666666666666666,0,0.02599398860471213
COc1cc(C(C)=O)ccc1OCCCN1CCC(c2noc3cc(F)ccc23)CC1,0,c1ccc(OCCCN2CCC(c3noc4ccccc34)CC2)cc1,COc1ccc(CCN2CCC(Nc3nc4ccccc4n3Cc3ccc(F)cc3)CC2)cc1,0,c1ccc(CCN2CCC(Nc3nc4ccccc4n3Cc3ccccc3)CC2)cc1,0.26530989824236817,0,0.016710089162689717
CC[C@@H]1C(=O)OC[C@@H]1Cc1cncn1C,0,O=C1CC(Cc2cnc[nH]2)CO1,O=[N+]([O-])c1cncn1CCN1CCOCC1,0,c1cn(CCN2CCOCC2)cn1,0.2314357321876119,0,0.08157143696856524
CC[C@@H]1C(=O)OC[C@@H]1Cc1cncn1C,0,O=C1CC(Cc2cnc[nH]2)CO1,CCOC(=O)c1cncn1[C@H](C)c1ccccc1,0,c1ccc(Cn2ccnc2)cc1,0.22925731432858215,0,0.0425637233773294
CC[C@@H]1C(=O)OC[C@@H]1Cc1cncn1C,0,O=C1CC(Cc2cnc[nH]2)CO1,CN1C(=O)CC[C@H]1c1cccnc1,0,O=C1CCC(c2cccnc2)N1,0.21587301587301588,0,0.1432090778074348
CC[C@@H]1C(=O)OC[C@@H]1Cc1cncn1C,0,O=C1CC(Cc2cnc[nH]2)CO1,CC(=O)CCCCn1c(=O)c2c(ncn2C)n(C)c1=O,0,O=c1[nH]c(=O)c2[nH]cnc2[nH]1,0.20283870967741935,0,0.04475432287951976
Nc1cc(N2CCCCC2)nc(N)[n+]1[O-],0,c1cc(N2CCCCC2)nc[nH+]1,C[C@@H]1C[C@H]2[C@@H]3CCC4=CC(=O)C=C[C@]4(C)C3=CC[C@]2(C)[C@H]1C(=O)CN1CCN(c2cc(N3CCCC3)nc(N3CCCC3)n2)CC1,0,O=C1C=CC2C(=C1)CCC1C2=CCC2C(C(=O)CN3CCN(c4cc(N5CCCC5)nc(N5CCCC5)n4)CC3)CCC12,0.19682539682539685,0,0.024954538972485306
Nc1cc(N2CCCCC2)nc(N)[n+]1[O-],0,c1cc(N2CCCCC2)nc[nH+]1,c1ccc(C2(N3CCCCC3)CCCCC2)cc1,0,c1ccc(C2(N3CCCCC3)CCCCC2)cc1,0.172991452991453,0,0.110066787358034
Nc1cc(N2CCCCC2)nc(N)[n+]1[O-],0,c1cc(N2CCCCC2)nc[nH+]1,CCOCCn1c(N2CCCN(C)CC2)nc2ccccc21,0,c1ccc2[nH]c(N3CCCNCC3)nc2c1,0.1674937965260546,0,0.04229617617690976
Nc1cc(N2CCCCC2)nc(N)[n+]1[O-],0,c1cc(N2CCCCC2)nc[nH+]1,Nc1c2c(nc3ccccc13)CCCC2,0,c1ccc2nc3c(cc2c1)CCCC3,0.16616780045351473,0,0.005086791043871393
CCCCN(CCCC)CC[C@H](O)c1cc2c(Cl)cc(Cl)cc2c2cc(C(F)(F)F)ccc12,0,c1ccc2c(c1)ccc1ccccc12,CCCCN(CCCC)C[C@@H](O)c1cc(Cl)cc2c1-c1ccc(Cl)cc1/C2=C\c1ccc(Cl)cc1,0,C(=C1c2ccccc2-c2ccccc21)c1ccccc1,0.35854700854700855,0,0.0141966325246067
CCCCN(CCCC)CC[C@H](O)c1cc2c(Cl)cc(Cl)cc2c2cc(C(F)(F)F)ccc12,0,c1ccc2c(c1)ccc1ccccc12,CCCCCCCN(CC)CCC[C@@H](O)c1ccc(NS(C)(=O)=O)cc1,0,c1ccccc1,0.2846727423363712,0,0.05949482479460907
CCCCN(CCCC)CC[C@H](O)c1cc2c(Cl)cc(Cl)cc2c2cc(C(F)(F)F)ccc12,0,c1ccc2c(c1)ccc1ccccc12,CCN(CCO)CCC[C@H](C)Nc1ccnc2cc(Cl)ccc12,0,c1ccc2ncccc2c1,0.2684615384615385,0,0.054376533337047124
CCCCN(CCCC)CC[C@H](O)c1cc2c(Cl)cc(Cl)cc2c2cc(C(F)(F)F)ccc12,0,c1ccc2c(c1)ccc1ccccc12,CCN(CC)CCC[C@H](C)Nc1ccnc2cc(Cl)ccc12,0,c1ccc2ncccc2c1,0.265054528212423,0,0.0775686669679687
O=C1C(=O)c2ccccc2C(O)=C1C1CCC(c2ccc(Cl)cc2)CC1,0,O=C1C(=O)c2ccccc2C=C1C1CCC(c2ccccc2)CC1,O=C1c2ccccc2C(=O)c2ccccc21,0,O=C1c2ccccc2C(=O)c2ccccc21,0.2888888888888889,0,0.4335587932061145
O=C1C(=O)c2ccccc2C(O)=C1C1CCC(c2ccc(Cl)cc2)CC1,0,O=C1C(=O)c2ccccc2C=C1C1CCC(c2ccccc2)CC1,OCCOCCN1CCN([C@H](c2ccccc2)c2ccc(Cl)cc2)CC1,0,c1ccc(C(c2ccccc2)N2CCNCC2)cc1,0.223741935483871,0,0.24080782072586707
O=C1C(=O)c2ccccc2C(O)=C1C1CCC(c2ccc(Cl)cc2)CC1,0,O=C1C(=O)c2ccccc2C=C1C1CCC(c2ccccc2)CC1,O=C(O)COCCN1CCN([C@H](c2ccccc2)c2ccc(Cl)cc2)CC1,0,c1ccc(C(c2ccccc2)N2CCNCC2)cc1,0.22141414141414142,0,0.3558890350059367
O=C1C(=O)c2ccccc2C(O)=C1C1CCC(c2ccc(Cl)cc2)CC1,0,O=C1C(=O)c2ccccc2C=C1C1CCC(c2ccccc2)CC1,COC1=CC(=O)O[C@H]1[C@H](O)c1ccccc1Cl,0,O=C1C=CC(Cc2ccccc2)O1,0.21714285714285717,0,0.09095592216217244
Cc1ncc2n1-c1ccc(Cl)cc1C(c1ccccc1F)=NC2,1,c1ccc(C2=NCc3cncn3-c3ccccc32)cc1,Cc1nnc2n1-c1ccc(Cl)cc1C(c1ccccc1Cl)=NC2,0,c1ccc(C2=NCc3nncn3-c3ccccc32)cc1,0.5527599486521181,0,0.348288147400485
Cc1ncc2n1-c1ccc(Cl)cc1C(c1ccccc1F)=NC2,1,c1ccc(C2=NCc3cncn3-c3ccccc32)cc1,Cc1nnc2n1-c1ccc(Cl)cc1C(c1ccccc1)=NC2,0,c1ccc(C2=NCc3nncn3-c3ccccc32)cc1,0.5052545155993432,0,0.364954318144558
Cc1ncc2n1-c1ccc(Cl)cc1C(c1ccccc1F)=NC2,1,c1ccc(C2=NCc3cncn3-c3ccccc32)cc1,CN(C)Cc1nnc2n1-c1ccc(Cl)cc1C(c1ccccc1)=NC2,0,c1ccc(C2=NCc3nncn3-c3ccccc32)cc1,0.42000000000000004,0,0.28953164064161946
Cc1ncc2n1-c1ccc(Cl)cc1C(c1ccccc1F)=NC2,1,c1ccc(C2=NCc3cncn3-c3ccccc32)cc1,CN1CCN=C(c2ccccc2)c2cc(Cl)ccc21,0,c1ccc(C2=NCCNc3ccccc32)cc1,0.3621348719798053,0,0.2605334484405764
Cc1nc(C)c2c(n1)N(Cc1ccc(-c3ccccc3-c3nnn[nH]3)cc1)C(=O)CC2,0,O=C1CCc2cncnc2N1Cc1ccc(-c2ccccc2-c2nnn[nH]2)cc1,CCCCOC(=O)C(=O)Nc1cccc(-c2nnn[nH]2)c1,0,c1ccc(-c2nnn[nH]2)cc1,0.25666666666666665,0,0.38298952902714795
Cc1nc(C)c2c(n1)N(Cc1ccc(-c3ccccc3-c3nnn[nH]3)cc1)C(=O)CC2,0,O=C1CCc2cncnc2N1Cc1ccc(-c2ccccc2-c2nnn[nH]2)cc1,CCCc1nc2c(C)cc(-c3nc4ccccc4n3C)cc2n1Cc1ccc(-c2ccccc2C(=O)O)cc1,0,c1ccc(-c2ccc(Cn3cnc4ccc(-c5nc6ccccc6[nH]5)cc43)cc2)cc1,0.24322344322344322,0,0.3437401630673192
Cc1nc(C)c2c(n1)N(Cc1ccc(-c3ccccc3-c3nnn[nH]3)cc1)C(=O)CC2,0,O=C1CCc2cncnc2N1Cc1ccc(-c2ccccc2-c2nnn[nH]2)cc1,CN1CCN(CCCCN2C(=O)CN(/N=C\c3ccc(-c4ccc(Cl)cc4)o3)C2=O)CC1,0,O=C1CN(N=Cc2ccc(-c3ccccc3)o2)C(=O)N1CCCCN1CCNCC1,0.19480519480519484,0,0.025666338955120768
Cc1nc(C)c2c(n1)N(Cc1ccc(-c3ccccc3-c3nnn[nH]3)cc1)C(=O)CC2,0,O=C1CCc2cncnc2N1Cc1ccc(-c2ccccc2-c2nnn[nH]2)cc1,Cc1nnc2n1-c1ccc(Cl)cc1C(c1ccccc1)=NC2,0,c1ccc(C2=NCc3nncn3-c3ccccc32)cc1,0.18574488802336908,0,0.18038890906224261
CCc1c2c(nc3ccc(OC(=O)N4CCC(N5CCCCC5)CC4)cc13)-c1cc3c(c(=O)n1C2)COC(=O)[C@]3(O)CC,0,O=C1Cc2cc3n(c(=O)c2CO1)Cc1cc2cc(OC(=O)N4CCC(N5CCCCC5)CC4)ccc2nc1-3,CC[C@H]1CN2CC[C@H]1C[C@@H]2[C@@H](O)c1ccnc2ccc(OC)cc12,0,c1ccc2c(CC3CC4CCN3CC4)ccnc2c1,0.23969341539890837,0,0.0006933965616102883
CCc1c2c(nc3ccc(OC(=O)N4CCC(N5CCCCC5)CC4)cc13)-c1cc3c(c(=O)n1C2)COC(=O)[C@]3(O)CC,0,O=C1Cc2cc3n(c(=O)c2CO1)Cc1cc2cc(OC(=O)N4CCC(N5CCCCC5)CC4)ccc2nc1-3,C=C[C@H]1CN2CC[C@H]1C[C@@H]2[C@H](O)c1ccnc2ccc(OC)cc12,0,c1ccc2c(CC3CC4CCN3CC4)ccnc2c1,0.218018018018018,0,0.0009428209707836897
CCc1c2c(nc3ccc(OC(=O)N4CCC(N5CCCCC5)CC4)cc13)-c1cc3c(c(=O)n1C2)COC(=O)[C@]3(O)CC,0,O=C1Cc2cc3n(c(=O)c2CO1)Cc1cc2cc(OC(=O)N4CCC(N5CCCCC5)CC4)ccc2nc1-3,O=C(c1ccc(OCCN2CCCCC2)cc1)c1c(-c2ccc(O)cc2)sc2cc(O)ccc12,0,O=C(c1ccc(OCCN2CCCCC2)cc1)c1c(-c2ccccc2)sc2ccccc12,0.18997069358515142,0,0.0004875524352540528
CCc1c2c(nc3ccc(OC(=O)N4CCC(N5CCCCC5)CC4)cc13)-c1cc3c(c(=O)n1C2)COC(=O)[C@]3(O)CC,0,O=C1Cc2cc3n(c(=O)c2CO1)Cc1cc2cc(OC(=O)N4CCC(N5CCCCC5)CC4)ccc2nc1-3,COc1ccc(C(=O)Nc2ccccc2CC[C@H]2CCCCN2C)cc1,0,O=C(Nc1ccccc1CCC1CCCCN1)c1ccccc1,0.18271604938271604,0,0.025196857551197355
C[C@@H](Cc1ccccc1)N(C)Cc1ccccc1,0,c1ccc(CCNCc2ccccc2)cc1,C[C@H](N)Cc1ccccc1,0,c1ccccc1,0.4612068965517242,0,0.1361000598947541
C[C@@H](Cc1ccccc1)N(C)Cc1ccccc1,0,c1ccc(CCNCc2ccccc2)cc1,CN[C@@H](C)Cc1ccccc1,0,c1ccccc1,0.4305210918114144,0,0.23641732238452096
C[C@@H](Cc1ccccc1)N(C)Cc1ccccc1,0,c1ccc(CCNCc2ccccc2)cc1,C#CCN(C)Cc1ccccc1,0,c1ccccc1,0.4254117647058824,0,0.48501976771668104
C[C@@H](Cc1ccccc1)N(C)Cc1ccccc1,0,c1ccc(CCNCc2ccccc2)cc1,CCc1ccccc1,0,c1ccccc1,0.3757142857142858,0,0.05428725546625747
CCC(=O)N(c1ccccc1)C1CCN(CCc2ccccc2)CC1,0,c1ccc(CCN2CCC(Nc3ccccc3)CC2)cc1,CCC(=O)N(c1ccccc1)C1(COC)CCN(CCc2cccs2)CC1,0,c1ccc(NC2CCN(CCc3cccs3)CC2)cc1,0.40876853642811095,0,0.05554202686429857
CCC(=O)N(c1ccccc1)C1CCN(CCc2ccccc2)CC1,0,c1ccc(CCN2CCC(Nc3ccccc3)CC2)cc1,CCC(=O)N(c1ccccc1)C1(COC)CCN(CCn2nnn(CC)c2=O)CC1,0,O=c1[nH]nnn1CCN1CCC(Nc2ccccc2)CC1,0.3598935226264419,0,0.04047540467220523
CCC(=O)N(c1ccccc1)C1CCN(CCc2ccccc2)CC1,0,c1ccc(CCN2CCC(Nc3ccccc3)CC2)cc1,O=C(NC1CCN(CCc2c[nH]c3ccccc23)CC1)c1ccccc1,0,O=C(NC1CCN(CCc2c[nH]c3ccccc23)CC1)c1ccccc1,0.3278492935635793,0,0.06424369131031436
CCC(=O)N(c1ccccc1)C1CCN(CCc2ccccc2)CC1,0,c1ccc(CCN2CCC(Nc3ccccc3)CC2)cc1,CCOC(=O)[C@H](CCc1ccccc1)N[C@@H](C)C(=O)N1CCC[C@H]1C(=O)O,0,O=C(CNCCCc1ccccc1)N1CCCC1,0.30973262032085563,0,0.02291502624902947
CCOC(=O)[C@H](CCc1ccccc1)N[C@@H](C)C(=O)N(CC(=O)O)C1Cc2ccccc2C1,0,O=C(CNCCCc1ccccc1)NC1Cc2ccccc2C1,CCOC(=O)[C@H](CCc1ccccc1)N[C@@H](C)C(=O)N1CCC[C@H]1C(=O)O,0,O=C(CNCCCc1ccccc1)N1CCCC1,0.547636815920398,0,0.09826383107908211
CCOC(=O)[C@H](CCc1ccccc1)N[C@@H](C)C(=O)N(CC(=O)O)C1Cc2ccccc2C1,0,O=C(CNCCCc1ccccc1)NC1Cc2ccccc2C1,CCC(=O)N(c1ccccc1)C1CCN(CCc2ccccc2)CC1,0,c1ccc(CCN2CCC(Nc3ccccc3)CC2)cc1,0.2909090909090909,0,0.18885722760863544
CCOC(=O)[C@H](CCc1ccccc1)N[C@@H](C)C(=O)N(CC(=O)O)C1Cc2ccccc2C1,0,O=C(CNCCCc1ccccc1)NC1Cc2ccccc2C1,C[C@@H](CCc1ccccc1)NC[C@H](O)c1ccc(O)c(C(N)=O)c1,0,c1ccc(CCCNCCc2ccccc2)cc1,0.2860689655172414,0,0.2514186024450722
CCOC(=O)[C@H](CCc1ccccc1)N[C@@H](C)C(=O)N(CC(=O)O)C1Cc2ccccc2C1,0,O=C(CNCCCc1ccccc1)NC1Cc2ccccc2C1,CCN(CC)CCCN(c1ccccc1)C1Cc2ccccc2C1,0,c1ccc(NC2Cc3ccccc3C2)cc1,0.27339031339031344,0,0.2044866517056972
CCC[C@@H]1C[C@H](C(=O)N[C@@H]([C@H]2O[C@H](SC)[C@H](O)[C@@H](O)[C@H]2O)[C@H](C)Cl)N(C)C1,0,O=C(NCC1CCCCO1)C1CCCN1,CCCCN1CCCC[C@H]1C(=O)Nc1c(C)cccc1C,0,O=C(Nc1ccccc1)C1CCCCN1,0.18333333333333332,0,0.005615620930167613
CCC[C@@H]1C[C@H](C(=O)N[C@@H]([C@H]2O[C@H](SC)[C@H](O)[C@@H](O)[C@H]2O)[C@H](C)Cl)N(C)C1,0,O=C(NCC1CCCCO1)C1CCCN1,CCCN1CCCC[C@H]1C(=O)Nc1c(C)cccc1C,0,O=C(Nc1ccccc1)C1CCCCN1,0.18293400588482558,0,0.007448852906215594
CCC[C@@H]1C[C@H](C(=O)N[C@@H]([C@H]2O[C@H](SC)[C@H](O)[C@@H](O)[C@H]2O)[C@H](C)Cl)N(C)C1,0,O=C(NCC1CCCCO1)C1CCCN1,CCN(CC)C(=O)N[C@H]1C[C@@H]2c3cccc4[nH]cc(c34)C[C@H]2N(C)C1,0,c1cc2c3c(c[nH]c3c1)CC1NCCCC21,0.18114349418697245,0,0.013176537816996198
CCC[C@@H]1C[C@H](C(=O)N[C@@H]([C@H]2O[C@H](SC)[C@H](O)[C@@H](O)[C@H]2O)[C@H](C)Cl)N(C)C1,0,O=C(NCC1CCCCO1)C1CCCN1,CN1[C@@H]2CC[C@H]1CC(NC(=O)c1cc(Cl)cc3c1OC(C)(C)C3)C2,0,O=C(NC1CC2CCC(C1)N2)c1cccc2c1OCC2,0.16846785225718197,0,0.011208627371700627
Cn1nnc2ccc([C@H](c3ccc(Cl)cc3)n3cncn3)cc21,0,c1ccc(C(c2ccc3nn[nH]c3c2)n2cncn2)cc1,N#Cc1ccc(C(c2ccc(C#N)cc2)n2cncn2)cc1,0,c1ccc(C(c2ccccc2)n2cncn2)cc1,0.4332972972972973,0,0.14724699216837883
Cn1nnc2ccc([C@H](c3ccc(Cl)cc3)n3cncn3)cc21,0,c1ccc(C(c2ccc3nn[nH]c3c2)n2cncn2)cc1,Clc1cccc([C@H](c2ccc3nc[nH]c3c2)n2ccnc2)c1,0,c1ccc(C(c2ccc3nc[nH]c3c2)n2ccnc2)cc1,0.27591564927857937,0,0.05906614761948801
Cn1nnc2ccc([C@H](c3ccc(Cl)cc3)n3cncn3)cc21,0,c1ccc(C(c2ccc3nn[nH]c3c2)n2cncn2)cc1,OC(Cn1cncn1)(Cn1cncn1)c1ccc(F)cc1F,0,c1ccc(C(Cn2cncn2)Cn2cncn2)cc1,0.23606440071556353,0,0.05015260977547842
Cn1nnc2ccc([C@H](c3ccc(Cl)cc3)n3cncn3)cc21,0,c1ccc(C(c2ccc3nn[nH]c3c2)n2cncn2)cc1,OCCOCCN1CCN([C@H](c2ccccc2)c2ccc(Cl)cc2)CC1,0,c1ccc(C(c2ccccc2)N2CCNCC2)cc1,0.21614151464897735,0,0.05502245922715078
COCc1c(C(C)C)nc(C(C)C)c(/C=C\[C@@H](O)C[C@@H](O)CC(=O)O)c1-c1ccc(F)cc1,0,c1ccc(-c2ccncc2)cc1,CC(C)c1c(C(=O)Nc2ccccc2)c(-c2ccccc2)c(-c2ccc(F)cc2)n1CC[C@@H](O)C[C@@H](O)CC(=O)O,0,O=C(Nc1ccccc1)c1c[nH]c(-c2ccccc2)c1-c1ccccc1,0.3720553857219925,0,0.005601898207382414
COCc1c(C(C)C)nc(C(C)C)c(/C=C\[C@@H](O)C[C@@H](O)CC(=O)O)c1-c1ccc(F)cc1,0,c1ccc(-c2ccncc2)cc1,CC[C@H](C)C(=O)O[C@H]1C[C@H](O)C=C2C=C[C@H](C)[C@H](CC[C@@H](O)C[C@@H](O)CC(=O)O)[C@H]21,0,C1=CC2=CCCCC2CC1,0.2223081882656351,0,0.02077900888167972
COCc1c(C(C)C)nc(C(C)C)c(/C=C\[C@@H](O)C[C@@H](O)CC(=O)O)c1-c1ccc(F)cc1,0,c1ccc(-c2ccncc2)cc1,CC1=C(CC(=O)O)c2cc(F)ccc2/C1=C\c1ccc([S@@H](C)=O)cc1,0,C1=Cc2ccccc2C1=Cc1ccccc1,0.21453432778733986,0,0.01819194832400867
COCc1c(C(C)C)nc(C(C)C)c(/C=C\[C@@H](O)C[C@@H](O)CC(=O)O)c1-c1ccc(F)cc1,0,c1ccc(-c2ccncc2)cc1,CC(C)c1nc(COC(N)=O)n(Cc2ccncc2)c1Sc1cc(Cl)cc(Cl)c1,0,c1ccc(Sc2cncn2Cc2ccncc2)cc1,0.21277777777777782,0,0.028369851042888593
CCC[C@H]1C(=O)N2C(N(C)C)=Nc3ccc(C)cc3N2C1=O,0,O=C1CC(=O)N2c3ccccc3N=CN12,Cc1ccc(C)c(OCCCC(C)(C)C(=O)O)c1,0,c1ccccc1,0.19973666886109284,0,0.21116313813858723
CCC[C@H]1C(=O)N2C(N(C)C)=Nc3ccc(C)cc3N2C1=O,0,O=C1CC(=O)N2c3ccccc3N=CN12,Cc1cc(N(C)C)ccc1C[C@H](C)N,0,c1ccccc1,0.19883040935672516,0,0.13515243769492294
CCC[C@H]1C(=O)N2C(N(C)C)=Nc3ccc(C)cc3N2C1=O,0,O=C1CC(=O)N2c3ccccc3N=CN12,Cc1ccc(C(=O)[C@H](C)CN2CCCCC2)cc1,0,O=C(CCN1CCCCC1)c1ccccc1,0.18357771260997066,0,0.2270518163917664
CCC[C@H]1C(=O)N2C(N(C)C)=Nc3ccc(C)cc3N2C1=O,0,O=C1CC(=O)N2c3ccccc3N=CN12,CCCCN1CCCC[C@H]1C(=O)Nc1c(C)cccc1C,0,O=C(Nc1ccccc1)C1CCCCN1,0.1822676896845695,0,0.24164325931797678
Cc1nc2c([nH]1)c(=O)n(C)c(=O)n2Cc1ccco1,0,O=c1[nH]c(=O)n(Cc2ccco2)c2nc[nH]c12,CC(=O)CCCCn1c(=O)c2c(ncn2C)n(C)c1=O,0,O=c1[nH]c(=O)c2[nH]cnc2[nH]1,0.22825174825174827,0,0.20276783105019613
Cc1nc2c([nH]1)c(=O)n(C)c(=O)n2Cc1ccco1,0,O=c1[nH]c(=O)n(Cc2ccco2)c2nc[nH]c12,C[C@@H](O)CCCCn1c(=O)c2c(ncn2C)n(C)c1=O,0,O=c1[nH]c(=O)c2[nH]cnc2[nH]1,0.2246753246753247,0,0.09114139824376814
Cc1nc2c([nH]1)c(=O)n(C)c(=O)n2Cc1ccco1,0,O=c1[nH]c(=O)n(Cc2ccco2)c2nc[nH]c12,Cn1cnc2c1c(=O)[nH]c(=O)n2C,0,O=c1[nH]c(=O)c2[nH]cnc2[nH]1,0.21425438596491228,0,0.21999298171202256
Cc1nc2c([nH]1)c(=O)n(C)c(=O)n2Cc1ccco1,0,O=c1[nH]c(=O)n(Cc2ccco2)c2nc[nH]c12,Cn1c(=O)[nH]c2ncn(C)c2c1=O,0,O=c1[nH]c(=O)c2[nH]cnc2[nH]1,0.21425438596491228,0,0.22558242067457562
Cc1cnc(C(=O)NCCc2ccc(S(=O)(=O)NC(=O)NC3CCCCC3)cc2)cn1,1,O=C(NC1CCCCC1)NS(=O)(=O)c1ccc(CCNC(=O)c2cnccn2)cc1,CC(C)(Oc1ccc(CCNC(=O)c2ccc(Cl)cc2)cc1)C(=O)O,0,O=C(NCCc1ccccc1)c1ccccc1,0.25880701754385965,1,0.8106686424048353
Cc1cnc(C(=O)NCCc2ccc(S(=O)(=O)NC(=O)NC3CCCCC3)cc2)cn1,1,O=C(NC1CCCCC1)NS(=O)(=O)c1ccc(CCNC(=O)c2cnccn2)cc1,CCN1CCC[C@@H]1CNC(=O)c1cc(S(N)(=O)=O)ccc1OC,0,O=C(NCC1CCCN1)c1ccccc1,0.2351896690879742,1,0.907880023506947
Cc1cnc(C(=O)NCCc2ccc(S(=O)(=O)NC(=O)NC3CCCCC3)cc2)cn1,1,O=C(NC1CCCCC1)NS(=O)(=O)c1ccc(CCNC(=O)c2cnccn2)cc1,Cc1noc(NS(=O)(=O)c2ccc(N)cc2)c1C,0,O=S(=O)(Nc1ccno1)c1ccccc1,0.23175918254625794,1,0.854654457035024
Cc1cnc(C(=O)NCCc2ccc(S(=O)(=O)NC(=O)NC3CCCCC3)cc2)cn1,1,O=C(NC1CCCCC1)NS(=O)(=O)c1ccc(CCNC(=O)c2cnccn2)cc1,O=NN(CCCl)C(=O)NC1CCCCC1,0,C1CCCCC1,0.2302604623939128,1,0.8805273860409457
Nc1nc(=O)c(Br)c(-c2ccccc2)[nH]1,0,O=c1cc(-c2ccccc2)[nH]cn1,Nc1ccccc1,0,c1ccccc1,0.23448275862068968,0,0.06597964678163054
Nc1nc(=O)c(Br)c(-c2ccccc2)[nH]1,0,O=c1cc(-c2ccccc2)[nH]cn1,O=c1ccc2ccccc2o1,0,O=c1ccc2ccccc2o1,0.2018118466898955,0,0.02228896508513243
Nc1nc(=O)c(Br)c(-c2ccccc2)[nH]1,0,O=c1cc(-c2ccccc2)[nH]cn1,Nc1c2c(nc3ccccc13)CCCC2,0,c1ccc2nc3c(cc2c1)CCCC3,0.20132387706855795,0,0.01440808066111729
Nc1nc(=O)c(Br)c(-c2ccccc2)[nH]1,0,O=c1cc(-c2ccccc2)[nH]cn1,Cc1ccccc1-n1c(C)nc2ccccc2c1=O,0,O=c1c2ccccc2ncn1-c1ccccc1,0.1947826086956522,0,0.018682133700377402
C#C[C@]1(O)C=C[C@H]2[C@@H]3CCC4=CC(=O)CC[C@@H]4[C@H]3CC[C@@]21CC,0,O=C1C=C2CCC3C4C=CCC4CCC3C2CC1,C[C@]12CCC(=O)C=C1CC[C@@H]1[C@@H]2C(=O)C[C@@]2(C)[C@H]1CC[C@]2(O)C(=O)CO,0,O=C1C=C2CCC3C4CCCC4CC(=O)C3C2CC1,0.29240506329113924,0,0.008901838884326165
C#C[C@]1(O)C=C[C@H]2[C@@H]3CCC4=CC(=O)CC[C@@H]4[C@H]3CC[C@@]21CC,0,O=C1C=C2CCC3C4C=CCC4CCC3C2CC1,C[C@]12CC[C@H]3[C@@H](CCC4=CC(=O)C=C[C@@]43C)[C@@H]1CC[C@@H]2O,0,O=C1C=CC2C(=C1)CCC1C3CCCC3CCC21,0.2653424657534247,0,0.05187561952492736
C#C[C@]1(O)C=C[C@H]2[C@@H]3CCC4=CC(=O)CC[C@@H]4[C@H]3CC[C@@]21CC,0,O=C1C=C2CCC3C4C=CCC4CCC3C2CC1,C[C@]12C=CC(=O)C=C1CC[C@@H]1[C@@H]2[C@@H](O)C[C@@]2(C)[C@H]1CC[C@]2(O)C(=O)CO,0,O=C1C=CC2C(=C1)CCC1C3CCCC3CCC21,0.2538706256627784,0,0.018944199447375475
C#C[C@]1(O)C=C[C@H]2[C@@H]3CCC4=CC(=O)CC[C@@H]4[C@H]3CC[C@@]21CC,0,O=C1C=C2CCC3C4C=CCC4CCC3C2CC1,CC#C[C@]1(O)CC[C@H]2[C@@H]3CCC4=CC(=O)CCC4=C3[C@@H](c3ccc(N(C)C)cc3)C[C@@]21C,0,O=C1C=C2CCC3C(=C2CC1)C(c1ccccc1)CC1CCCC13,0.24625821496714015,0,0.03155255055452792
CN[C@H]1CC[C@@H](c2ccc(Cl)c(Cl)c2)c2ccccc21,1,c1ccc(C2CCCc3ccccc32)cc1,CNCCCC12CCC(c3ccccc31)c1ccccc12,0,c1ccc2c(c1)C1CCC2c2ccccc21,0.289760348583878,1,0.5414957794443069
CN[C@H]1CC[C@@H](c2ccc(Cl)c(Cl)c2)c2ccccc21,1,c1ccc(C2CCCc3ccccc32)cc1,O=C1C(=O)c2ccccc2C(O)=C1C1CCC(c2ccc(Cl)cc2)CC1,0,O=C1C(=O)c2ccccc2C=C1C1CCC(c2ccccc2)CC1,0.23154761904761906,1,0.5127479249415118
CN[C@H]1CC[C@@H](c2ccc(Cl)c(Cl)c2)c2ccccc21,1,c1ccc(C2CCCc3ccccc32)cc1,CCOC(=O)C1=C(C)NC(C)=C(C(=O)OC)[C@@H]1c1cccc(Cl)c1Cl,0,C1=CC(c2ccccc2)C=CN1,0.20890269151138718,0,0.2721413741573594
CN[C@H]1CC[C@@H](c2ccc(Cl)c(Cl)c2)c2ccccc21,1,c1ccc(C2CCCc3ccccc32)cc1,CC(C)(C)NC[C@H](O)COc1ccccc1C1CCCC1,0,c1ccc(C2CCCC2)cc1,0.20722649715623953,0,0.35551989677481216
CN1[C@@H]2CCC[C@H]1CC(NC(=O)c1nn(C)c3ccccc13)C2,0,O=C(NC1CC2CCCC(C1)N2)c1n[nH]c2ccccc12,CN1[C@@H]2CC[C@H]1CC(NC(=O)c1cc(Cl)cc3c1OC(C)(C)C3)C2,0,O=C(NC1CC2CCC(C1)N2)c1cccc2c1OCC2,0.34735413839891455,0,0.032333122669085536
CN1[C@@H]2CCC[C@H]1CC(NC(=O)c1nn(C)c3ccccc13)C2,0,O=C(NC1CC2CCCC(C1)N2)c1n[nH]c2ccccc12,O=C(NC1CCN(CCc2c[nH]c3ccccc23)CC1)c1ccccc1,0,O=C(NC1CCN(CCc2c[nH]c3ccccc23)CC1)c1ccccc1,0.29050474762618694,0,0.005204144981189397
CN1[C@@H]2CCC[C@H]1CC(NC(=O)c1nn(C)c3ccccc13)C2,0,O=C(NC1CC2CCCC(C1)N2)c1n[nH]c2ccccc12,COc1ccc(C(=O)Nc2ccccc2CC[C@H]2CCCCN2C)cc1,0,O=C(Nc1ccccc1CCC1CCCCN1)c1ccccc1,0.25149756210819596,0,0.00590283547829278
CN1[C@@H]2CCC[C@H]1CC(NC(=O)c1nn(C)c3ccccc13)C2,0,O=C(NC1CC2CCCC(C1)N2)c1n[nH]c2ccccc12,CCCN1CCCC[C@H]1C(=O)Nc1c(C)cccc1C,0,O=C(Nc1ccccc1)C1CCCCN1,0.22725262576008848,0,0.00789907595441881
CC(C)NC[C@H](O)COc1ccc(CCOCC2CC2)cc1,0,c1ccc(CCOCC2CC2)cc1,COCCc1ccc(OC[C@@H](O)CNC(C)C)cc1,0,c1ccccc1,0.7025755879059351,0,0.004292075043399358
CC(C)NC[C@H](O)COc1ccc(CCOCC2CC2)cc1,0,c1ccc(CCOCC2CC2)cc1,CC(C)NC[C@H](O)COc1ccc(COCCOC(C)C)cc1,0,c1ccccc1,0.5710120068610635,0,0.016953060498421397
CC(C)NC[C@H](O)COc1ccc(CCOCC2CC2)cc1,0,c1ccc(CCOCC2CC2)cc1,CC(C)NC[C@H](O)COc1cccc2ccccc12,0,c1ccc2ccccc2c1,0.41904761904761906,0,0.003850019443603724
CC(C)NC[C@H](O)COc1ccc(CCOCC2CC2)cc1,0,c1ccc(CCOCC2CC2)cc1,C=CCc1ccccc1OC[C@@H](O)CNC(C)C,0,c1ccccc1,0.41458415451320463,0,0.0026056300682295677
CCC(=O)N(c1ccccc1)C1(COC)CCN(CCn2nnn(CC)c2=O)CC1,0,O=c1[nH]nnn1CCN1CCC(Nc2ccccc2)CC1,CCC(=O)N(c1ccccc1)C1(COC)CCN(CCc2cccs2)CC1,0,c1ccc(NC2CCN(CCc3cccs3)CC2)cc1,0.6076923076923078,0,0.0035484297995407366
CCC(=O)N(c1ccccc1)C1(COC)CCN(CCn2nnn(CC)c2=O)CC1,0,O=c1[nH]nnn1CCN1CCC(Nc2ccccc2)CC1,CCC(=O)N(c1ccccc1)C1CCN(CCc2ccccc2)CC1,0,c1ccc(CCN2CCC(Nc3ccccc3)CC2)cc1,0.3598935226264419,0,0.002118439907177754
CCC(=O)N(c1ccccc1)C1(COC)CCN(CCn2nnn(CC)c2=O)CC1,0,O=c1[nH]nnn1CCN1CCC(Nc2ccccc2)CC1,CCOC(=O)C1(c2ccccc2)CCN(C)CC1,0,c1ccc(C2CCNCC2)cc1,0.30155106818846944,0,0.005760877224757485
CCC(=O)N(c1ccccc1)C1(COC)CCN(CCn2nnn(CC)c2=O)CC1,0,O=c1[nH]nnn1CCN1CCC(Nc2ccccc2)CC1,O=c1n(CCCN2CCN(c3cccc(Cl)c3)CC2)nc2ccccn12,0,O=c1n(CCCN2CCN(c3ccccc3)CC2)nc2ccccn12,0.2192400370713624,0,0.004155791116653957
N#Cc1ccc(C(c2ccc(C#N)cc2)n2cncn2)cc1,0,c1ccc(C(c2ccccc2)n2cncn2)cc1,Cn1nnc2ccc([C@H](c3ccc(Cl)cc3)n3cncn3)cc21,0,c1ccc(C(c2ccc3nn[nH]c3c2)n2cncn2)cc1,0.4332972972972973,0,0.15871208668862113
N#Cc1ccc(C(c2ccc(C#N)cc2)n2cncn2)cc1,0,c1ccc(C(c2ccccc2)n2cncn2)cc1,N#Cc1ccc([C@H]2CCCc3cncn32)cc1,0,c1ccc(C2CCCc3cncn32)cc1,0.30315789473684207,0,0.03863614971517586
N#Cc1ccc(C(c2ccc(C#N)cc2)n2cncn2)cc1,0,c1ccc(C(c2ccccc2)n2cncn2)cc1,OC(Cn1cncn1)(Cn1cncn1)c1ccc(F)cc1F,0,c1ccc(C(Cn2cncn2)Cn2cncn2)cc1,0.2417134115247323,0,0.03491818480081561
N#Cc1ccc(C(c2ccc(C#N)cc2)n2cncn2)cc1,0,c1ccc(C(c2ccccc2)n2cncn2)cc1,Clc1cccc([C@H](c2ccc3nc[nH]c3c2)n2ccnc2)c1,0,c1ccc(C(c2ccc3nc[nH]c3c2)n2ccnc2)cc1,0.18275181040158,0,0.041057780926981424
CC(C)Oc1ccc2c(=O)c(-c3ccccc3)coc2c1,0,O=c1c(-c2ccccc2)coc2ccccc12,COCc1c(C(=O)OC(C)C)ncc2[nH]c3ccc(OCc4ccccc4)cc3c12,0,c1ccc(COc2ccc3[nH]c4cnccc4c3c2)cc1,0.242,0,0.010857622018313723
CC(C)Oc1ccc2c(=O)c(-c3ccccc3)coc2c1,0,O=c1c(-c2ccccc2)coc2ccccc12,C[C@H](N)C(=O)c1ccccc1,0,c1ccccc1,0.22435897435897437,0,0.26496325969385803
CC(C)Oc1ccc2c(=O)c(-c3ccccc3)coc2c1,0,O=c1c(-c2ccccc2)coc2ccccc12,CN(C)CC(Oc1ccccc1)Oc1ccccc1,0,c1ccc(OCOc2ccccc2)cc1,0.22100000000000003,0,0.18168217994989694
CC(C)Oc1ccc2c(=O)c(-c3ccccc3)coc2c1,0,O=c1c(-c2ccccc2)coc2ccccc12,COc1c2occc2cc2ccc(=O)oc12,0,O=c1ccc2cc3ccoc3cc2o1,0.21684041700080192,0,0.08131892161387384
CC1=C(/C=C\C(C)=C/C=C\C(C)=C/C(=O)O)C(C)(C)CCC1,0,C1=CCCCC1,C=C(c1ccc(C(=O)O)cc1)c1cc2c(cc1C)C(C)(C)CCC2(C)C,0,C=C(c1ccccc1)c1ccc2c(c1)CCCC2,0.19650748396293657,0,0.14141336056902168
CC1=C(/C=C\C(C)=C/C=C\C(C)=C/C(=O)O)C(C)(C)CCC1,0,C1=CCCCC1,CC(=O)[C@H]1CC[C@H]2[C@@H]3CC=C4C[C@@H](O)CC[C@]4(C)[C@H]3CC[C@]12C,0,C1=C2CCCCC2C2CCC3CCCC3C2C1,0.15918768424500493,0,0.07414220909651939
CC1=C(/C=C\C(C)=C/C=C\C(C)=C/C(=O)O)C(C)(C)CCC1,0,C1=CCCCC1,C[C@H](CCC(=O)O)[C@H]1CC[C@H]2[C@@H]3[C@H](O)C[C@H]4C[C@H](O)CC[C@]4(C)[C@H]3CC[C@]12C,0,C1CCC2C(C1)CCC1C3CCCC3CCC21,0.15666666666666668,0,0.08176754750398471
CC1=C(/C=C\C(C)=C/C=C\C(C)=C/C(=O)O)C(C)(C)CCC1,0,C1=CCCCC1,C=C1CC[C@H](O)C/C1=C/C=C1\CCC[C@]2(C)[C@@H]([C@H](C)CCCC(C)C)CC[C@@H]12,0,C=C1CCCCC1=CC=C1CCCC2CCCC12,0.15515360321561872,0,0.03559998659489554
O=C1CC2(CCCC2)CC(=O)N1CCCCN1CCN(c2ncccn2)CC1,0,O=C1CC2(CCCC2)CC(=O)N1CCCCN1CCN(c2ncccn2)CC1,CC1(C)CC(=O)N(CCCCN2CCN(c3ncccn3)CC2)C(=O)C1,0,O=C1CCCC(=O)N1CCCCN1CCN(c2ncccn2)CC1,0.7644444444444445,0,0.1261242325294798
O=C1CC2(CCCC2)CC(=O)N1CCCCN1CCN(c2ncccn2)CC1,0,O=C1CC2(CCCC2)CC(=O)N1CCCCN1CCN(c2ncccn2)CC1,O=C1[C@H]2CCCC[C@H]2C(=O)N1CCCCN1CCN(c2nsc3ccccc23)CC1,0,O=C1C2CCCCC2C(=O)N1CCCCN1CCN(c2nsc3ccccc23)CC1,0.37299145299145303,0,0.001148151361971044
O=C1CC2(CCCC2)CC(=O)N1CCCCN1CCN(c2ncccn2)CC1,0,O=C1CC2(CCCC2)CC(=O)N1CCCCN1CCN(c2ncccn2)CC1,O=C1CCc2ccc(OCCCCN3CCN(c4cccc(Cl)c4Cl)CC3)cc2N1,0,O=C1CCc2ccc(OCCCCN3CCN(c4ccccc4)CC3)cc2N1,0.2678291194420227,0,0.03092927238680536
O=C1CC2(CCCC2)CC(=O)N1CCCCN1CCN(c2ncccn2)CC1,0,O=C1CC2(CCCC2)CC(=O)N1CCCCN1CCN(c2ncccn2)CC1,O=c1n(CCCN2CCN(c3cccc(Cl)c3)CC2)nc2ccccn12,0,O=c1n(CCCN2CCN(c3ccccc3)CC2)nc2ccccn12,0.2620289855072464,0,0.0463055711652403
O=C1CCc2ccc(OCCCCN3CCN(c4cccc(Cl)c4Cl)CC3)cc2N1,0,O=C1CCc2ccc(OCCCCN3CCN(c4ccccc4)CC3)cc2N1,O=C1CCc2cc(OCCCCc3nnnn3C3CCCCC3)ccc2N1,0,O=C1CCc2cc(OCCCCc3nnnn3C3CCCCC3)ccc2N1,0.37431604736627194,0,0.03138269064670601
O=C1CCc2ccc(OCCCCN3CCN(c4cccc(Cl)c4Cl)CC3)cc2N1,0,O=C1CCc2ccc(OCCCCN3CCN(c4ccccc4)CC3)cc2N1,O=C1Cc2cc(CCN3CCN(c4nsc5ccccc45)CC3)c(Cl)cc2N1,0,O=C1Cc2cc(CCN3CCN(c4nsc5ccccc45)CC3)ccc2N1,0.3415396341463415,0,0.013362062609696445
O=C1CCc2ccc(OCCCCN3CCN(c4cccc(Cl)c4Cl)CC3)cc2N1,0,O=C1CCc2ccc(OCCCCN3CCN(c4ccccc4)CC3)cc2N1,COc1ccc(C(=O)N2CCN(c3ccc4c(c3)CCC(=O)N4)CC2)cc1OC,0,O=C1CCc2cc(N3CCN(C(=O)c4ccccc4)CC3)ccc2N1,0.31421052631578944,0,0.029173382415651674
O=C1CCc2ccc(OCCCCN3CCN(c4cccc(Cl)c4Cl)CC3)cc2N1,0,O=C1CCc2ccc(OCCCCN3CCN(c4ccccc4)CC3)cc2N1,O=c1n(CCCN2CCN(c3cccc(Cl)c3)CC2)nc2ccccn12,0,O=c1n(CCCN2CCN(c3ccccc3)CC2)nc2ccccn12,0.2874001947419669,0,0.1797414914841845
CCCCN1CCCC[C@H]1C(=O)Nc1c(C)cccc1C,0,O=C(Nc1ccccc1)C1CCCCN1,CCCN1CCCC[C@H]1C(=O)Nc1c(C)cccc1C,0,O=C(Nc1ccccc1)C1CCCCN1,0.8754688672168043,0,0.04317200272182559
CCCCN1CCCC[C@H]1C(=O)Nc1c(C)cccc1C,0,O=C(Nc1ccccc1)C1CCCCN1,Cc1cccc(C)c1NC(=O)CC12CCCN1CCC2,0,O=C(CC12CCCN1CCC2)Nc1ccccc1,0.4422222222222223,0,0.02902399488448758
CCCCN1CCCC[C@H]1C(=O)Nc1c(C)cccc1C,0,O=C(Nc1ccccc1)C1CCCCN1,Cc1cccc(C)c1NC(=O)CN1CCCC1=O,0,O=C(CN1CCCC1=O)Nc1ccccc1,0.41473684210526324,0,0.10862525316732949
CCCCN1CCCC[C@H]1C(=O)Nc1c(C)cccc1C,0,O=C(Nc1ccccc1)C1CCCCN1,Cc1cccc(C)c1NC(=O)[C@H](C)N,0,c1ccccc1,0.36914285714285716,0,0.05859166767871085
CCCN1CCCC[C@H]1C(=O)Nc1c(C)cccc1C,0,O=C(Nc1ccccc1)C1CCCCN1,CCCCN1CCCC[C@H]1C(=O)Nc1c(C)cccc1C,0,O=C(Nc1ccccc1)C1CCCCN1,0.8754688672168043,0,0.039253157109790625
CCCN1CCCC[C@H]1C(=O)Nc1c(C)cccc1C,0,O=C(Nc1ccccc1)C1CCCCN1,Cc1cccc(C)c1NC(=O)CC12CCCN1CCC2,0,O=C(CC12CCCN1CCC2)Nc1ccccc1,0.4542976939203355,0,0.02378797930278238
CCCN1CCCC[C@H]1C(=O)Nc1c(C)cccc1C,0,O=C(Nc1ccccc1)C1CCCCN1,Cc1cccc(C)c1NC(=O)CN1CCCC1=O,0,O=C(CN1CCCC1=O)Nc1ccccc1,0.4268123138033764,0,0.06970428794501411
CCCN1CCCC[C@H]1C(=O)Nc1c(C)cccc1C,0,O=C(Nc1ccccc1)C1CCCCN1,Cc1cccc(C)c1NC(=O)[C@H](C)N,0,c1ccccc1,0.3804761904761905,0,0.0728078635123752
Cn1cc([S@H](C)=O)c(=O)c2ccc(F)cc21,0,O=c1cc[nH]c2ccccc12,CC1=C(CC(=O)O)c2cc(F)ccc2/C1=C\c1ccc([S@@H](C)=O)cc1,0,C1=Cc2ccccc2C1=Cc1ccccc1,0.2512406947890819,0,0.019552672898957662
Cn1cc([S@H](C)=O)c(=O)c2ccc(F)cc21,0,O=c1cc[nH]c2ccccc12,O=C1NCCN1CCN1CCC(c2cn(-c3ccc(F)cc3)c3ccc(Cl)cc23)CC1,0,O=C1NCCN1CCN1CCC(c2cn(-c3ccccc3)c3ccccc23)CC1,0.20882800608828006,0,0.024253781921786434
Cn1cc([S@H](C)=O)c(=O)c2ccc(F)cc21,0,O=c1cc[nH]c2ccccc12,CN1CCN(C2=Nc3cc(F)ccc3Cc3ccccc32)CC1,0,c1ccc2c(c1)Cc1ccccc1C(N1CCNCC1)=N2,0.207850133809099,0,0.10692914839751498
Cn1cc([S@H](C)=O)c(=O)c2ccc(F)cc21,0,O=c1cc[nH]c2ccccc12,C[C@H]1COc2c(N3CCN(C)CC3)c(F)cc3c(=O)c(C(=O)O)cn1c23,0,O=c1ccn2c3c(c(N4CCNCC4)ccc13)OCC2,0.2031455399061033,0,0.008035459701403309
CN1C[C@H](C(=O)N[C@]2(C)O[C@@]3(O)[C@@H]4CCCN4C(=O)[C@H](Cc4ccccc4)N3C2=O)C=C2c3cccc4[nH]cc(c34)C[C@H]21,0,O=C(NC1OC2C3CCCN3C(=O)C(Cc3ccccc3)N2C1=O)C1C=C2c3cccc4[nH]cc(c34)CC2NC1,CN1C[C@H](C(=O)N[C@]2(C)O[C@@]3(O)[C@@H]4CCCN4C(=O)[C@H](Cc4ccccc4)N3C2=O)C[C@@H]2c3cccc4[nH]cc(c34)C[C@H]21,0,O=C(NC1OC2C3CCCN3C(=O)C(Cc3ccccc3)N2C1=O)C1CNC2Cc3c[nH]c4cccc(c34)C2C1,0.7187384044526902,0,0.006273356566067775
CN1C[C@H](C(=O)N[C@]2(C)O[C@@]3(O)[C@@H]4CCCN4C(=O)[C@H](Cc4ccccc4)N3C2=O)C=C2c3cccc4[nH]cc(c34)C[C@H]21,0,O=C(NC1OC2C3CCCN3C(=O)C(Cc3ccccc3)N2C1=O)C1C=C2c3cccc4[nH]cc(c34)CC2NC1,CC(C)C[C@H]1C(=O)N2CCC[C@H]2[C@]2(O)O[C@](NC(=O)[C@@H]3C=C4c5cccc6[nH]c(Br)c(c56)C[C@H]4N(C)C3)(C(C)C)C(=O)N12,0,O=C(NC1OC2C3CCCN3C(=O)CN2C1=O)C1C=C2c3cccc4[nH]cc(c34)CC2NC1,0.6113719353155973,0,0.0045698595595049865
CN1C[C@H](C(=O)N[C@]2(C)O[C@@]3(O)[C@@H]4CCCN4C(=O)[C@H](Cc4ccccc4)N3C2=O)C=C2c3cccc4[nH]cc(c34)C[C@H]21,0,O=C(NC1OC2C3CCCN3C(=O)C(Cc3ccccc3)N2C1=O)C1C=C2c3cccc4[nH]cc(c34)CC2NC1,CCN(CC)C(=O)N[C@H]1C[C@@H]2c3cccc4[nH]cc(c34)C[C@H]2N(C)C1,0,c1cc2c3c(c[nH]c3c1)CC1NCCCC21,0.32144192256341786,0,0.009204316101500576
CN1C[C@H](C(=O)N[C@]2(C)O[C@@]3(O)[C@@H]4CCCN4C(=O)[C@H](Cc4ccccc4)N3C2=O)C=C2c3cccc4[nH]cc(c34)C[C@H]21,0,O=C(NC1OC2C3CCCN3C(=O)C(Cc3ccccc3)N2C1=O)C1C=C2c3cccc4[nH]cc(c34)CC2NC1,CCCN1C[C@H](CSC)C[C@@H]2c3cccc4[nH]cc(c34)C[C@H]21,0,c1cc2c3c(c[nH]c3c1)CC1NCCCC21,0.2646372399797058,0,0.013544764377662225
Clc1cccc([C@H](c2ccc3nc[nH]c3c2)n2ccnc2)c1,0,c1ccc(C(c2ccc3nc[nH]c3c2)n2ccnc2)cc1,Clc1ccc([C@@H](Cn2ccnc2)OCc2c(Cl)cccc2Cl)c(Cl)c1,0,c1ccc(COC(Cn2ccnc2)c2ccccc2)cc1,0.2987212276214834,0,0.011816744375793818
Clc1cccc([C@H](c2ccc3nc[nH]c3c2)n2ccnc2)c1,0,c1ccc(C(c2ccc3nc[nH]c3c2)n2ccnc2)cc1,Cn1nnc2ccc([C@H](c3ccc(Cl)cc3)n3cncn3)cc21,0,c1ccc(C(c2ccc3nn[nH]c3c2)n2cncn2)cc1,0.27591564927857937,0,0.1474492887696847
Clc1cccc([C@H](c2ccc3nc[nH]c3c2)n2ccnc2)c1,0,c1ccc(C(c2ccc3nc[nH]c3c2)n2ccnc2)cc1,Clc1ccc(CO[C@@H](Cn2ccnc2)c2ccc(Cl)cc2Cl)c(Cl)c1,0,c1ccc(COC(Cn2ccnc2)c2ccccc2)cc1,0.27161125319693097,0,0.011787418204778721
Clc1cccc([C@H](c2ccc3nc[nH]c3c2)n2ccnc2)c1,0,c1ccc(C(c2ccc3nc[nH]c3c2)n2ccnc2)cc1,Clc1ccc(CO[C@@H](Cn2ccnc2)c2ccc(Cl)cc2Cl)cc1,0,c1ccc(COC(Cn2ccnc2)c2ccccc2)cc1,0.27161125319693097,0,0.029538607753875228
O=C(N[C@H](Cc1cc(=O)[nH]c2ccccc12)C(=O)O)c1ccc(Cl)cc1,0,O=C(NCCc1cc(=O)[nH]c2ccccc12)c1ccccc1,O=C(NC1CCN(CCc2c[nH]c3ccccc23)CC1)c1ccccc1,0,O=C(NC1CCN(CCc2c[nH]c3ccccc23)CC1)c1ccccc1,0.3124817872753764,0,0.15723519873735212
O=C(N[C@H](Cc1cc(=O)[nH]c2ccccc12)C(=O)O)c1ccc(Cl)cc1,0,O=C(NCCc1cc(=O)[nH]c2ccccc12)c1ccccc1,CC(C)(Oc1ccc(CCNC(=O)c2ccc(Cl)cc2)cc1)C(=O)O,0,O=C(NCCc1ccccc1)c1ccccc1,0.2886956521739131,0,0.030812146499428896
O=C(N[C@H](Cc1cc(=O)[nH]c2ccccc12)C(=O)O)c1ccc(Cl)cc1,0,O=C(NCCc1cc(=O)[nH]c2ccccc12)c1ccccc1,CCCCCN(CCCOC)C(=O)[C@@H](CCC(=O)O)NC(=O)c1ccc(Cl)c(Cl)c1,0,c1ccccc1,0.2631377061756809,0,0.17999343187486527
O=C(N[C@H](Cc1cc(=O)[nH]c2ccccc12)C(=O)O)c1ccc(Cl)cc1,0,O=C(NCCc1cc(=O)[nH]c2ccccc12)c1ccccc1,CN[C@@H]1CCc2[nH]c3ccc(C(N)=O)cc3c2C1,0,c1ccc2c3c([nH]c2c1)CCCC3,0.23879472693032017,0,0.20051436107497705
OCCN1CCN(CCCN2c3ccccc3C=Cc3ccccc32)CC1,0,C1=Cc2ccccc2N(CCCN2CCNCC2)c2ccccc21,CNCCCN1c2ccccc2CCc2ccccc21,0,c1ccc2c(c1)CCc1ccccc1N2,0.3358695652173913,0,0.37406169281893303
OCCN1CCN(CCCN2c3ccccc3C=Cc3ccccc32)CC1,0,C1=Cc2ccccc2N(CCCN2CCNCC2)c2ccccc21,OCCOCCN1CCN([C@H](c2ccccc2)c2ccc(Cl)cc2)CC1,0,c1ccc(C(c2ccccc2)N2CCNCC2)cc1,0.3245454545454546,0,0.09696082359152736
OCCN1CCN(CCCN2c3ccccc3C=Cc3ccccc32)CC1,0,C1=Cc2ccccc2N(CCCN2CCNCC2)c2ccccc21,CN(C)CCCN1c2ccccc2Sc2ccc(Cl)cc21,0,c1ccc2c(c1)Nc1ccccc1S2,0.2878048780487805,0,0.1764611591082667
OCCN1CCN(CCCN2c3ccccc3C=Cc3ccccc32)CC1,0,C1=Cc2ccccc2N(CCCN2CCNCC2)c2ccccc21,O=C1[C@H]2CCCC[C@H]2C(=O)N1CCCCN1CCN(c2nsc3ccccc23)CC1,0,O=C1C2CCCCC2C(=O)N1CCCCN1CCN(c2nsc3ccccc23)CC1,0.28704596592735454,0,0.006431004220412512
Cc1cccc(C)c1OCC(=O)N[C@@H](Cc1ccccc1)[C@@H](O)C[C@H](Cc1ccccc1)NC(=O)[C@H](C(C)C)N1CCCNC1=O,0,O=C(COc1ccccc1)NC(CCC(Cc1ccccc1)NC(=O)CN1CCCNC1=O)Cc1ccccc1,Cc1cccc(C)c1OC[C@@H](C)N,0,c1ccccc1,0.2462837837837838,0,0.053499411036170695
Cc1cccc(C)c1OCC(=O)N[C@@H](Cc1ccccc1)[C@@H](O)C[C@H](Cc1ccccc1)NC(=O)[C@H](C(C)C)N1CCCNC1=O,0,O=C(COc1ccccc1)NC(CCC(Cc1ccccc1)NC(=O)CN1CCCNC1=O)Cc1ccccc1,O=C(CO)NCCCOc1cccc(CN2CCCCC2)c1,0,c1ccc(CN2CCCCC2)cc1,0.24582417582417582,0,0.1413983294169184
Cc1cccc(C)c1OCC(=O)N[C@@H](Cc1ccccc1)[C@@H](O)C[C@H](Cc1ccccc1)NC(=O)[C@H](C(C)C)N1CCCNC1=O,0,O=C(COc1ccccc1)NC(CCC(Cc1ccccc1)NC(=O)CN1CCCNC1=O)Cc1ccccc1,Cc1cccc(C)c1NC(=O)CN1CCCC1=O,0,O=C(CN1CCCC1=O)Nc1ccccc1,0.2436801752464403,0,0.3208880853704923
Cc1cccc(C)c1OCC(=O)N[C@@H](Cc1ccccc1)[C@@H](O)C[C@H](Cc1ccccc1)NC(=O)[C@H](C(C)C)N1CCCNC1=O,0,O=C(COc1ccccc1)NC(CCC(Cc1ccccc1)NC(=O)CN1CCCNC1=O)Cc1ccccc1,CCOC(=O)[C@H](CCc1ccccc1)N[C@@H](C)C(=O)N1CCC[C@H]1C(=O)O,0,O=C(CNCCCc1ccccc1)N1CCCC1,0.2428035043804756,0,0.10628976919465934
COC1=CC(=O)C[C@@H](C)[C@]12Oc1c(Cl)c(OC)cc(OC)c1C2=O,0,O=C1C=CC2(CC1)Oc1ccccc1C2=O,COc1cc2c(cc1OC)C(=O)[C@H](CC1CCN(Cc3ccccc3)CC1)C2,0,O=C1c2ccccc2CC1CC1CCN(Cc2ccccc2)CC1,0.216280701754386,0,0.08420069886959082
COC1=CC(=O)C[C@@H](C)[C@]12Oc1c(Cl)c(OC)cc(OC)c1C2=O,0,O=C1C=CC2(CC1)Oc1ccccc1C2=O,COC1=CC(=O)O[C@H]1[C@H](O)c1ccccc1Cl,0,O=C1C=CC(Cc2ccccc2)O1,0.2067873303167421,0,0.02177198526928939
COC1=CC(=O)C[C@@H](C)[C@]12Oc1c(Cl)c(OC)cc(OC)c1C2=O,0,O=C1C=CC2(CC1)Oc1ccccc1C2=O,COc1ccc2c3c1O[C@H]1C(=O)CC[C@H]4[C@@H](C2)N(C)CC[C@]314,0,O=C1CCC2C3Cc4cccc5c4C2(CCN3)C1O5,0.20672551492223623,0,0.020686215300400213
COC1=CC(=O)C[C@@H](C)[C@]12Oc1c(Cl)c(OC)cc(OC)c1C2=O,0,O=C1C=CC2(CC1)Oc1ccccc1C2=O,COc1ccc2c3c1O[C@H]1C(=O)CC[C@@]4(O)[C@@H](C2)N(C)CC[C@]314,0,O=C1CCC2C3Cc4cccc5c4C2(CCN3)C1O5,0.20329515772553747,0,0.028801348508538466
CCOc1nc2cccc(C(=O)O)c2n1Cc1ccc(-c2ccccc2-c2nnn[nH]2)cc1,1,c1ccc(-c2nnn[nH]2)c(-c2ccc(Cn3cnc4ccccc43)cc2)c1,Cc1nc(C)c2c(n1)N(Cc1ccc(-c3ccccc3-c3nnn[nH]3)cc1)C(=O)CC2,0,O=C1CCc2cncnc2N1Cc1ccc(-c2ccccc2-c2nnn[nH]2)cc1,0.40989010989010993,1,0.7622952223437459
CCOc1nc2cccc(C(=O)O)c2n1Cc1ccc(-c2ccccc2-c2nnn[nH]2)cc1,1,c1ccc(-c2nnn[nH]2)c(-c2ccc(Cn3cnc4ccccc43)cc2)c1,CCCc1nc2c(C)cc(-c3nc4ccccc4n3C)cc2n1Cc1ccc(-c2ccccc2C(=O)O)cc1,0,c1ccc(-c2ccc(Cn3cnc4ccc(-c5nc6ccccc6[nH]5)cc43)cc2)cc1,0.3709652023303417,1,0.823766351203857
CCOc1nc2cccc(C(=O)O)c2n1Cc1ccc(-c2ccccc2-c2nnn[nH]2)cc1,1,c1ccc(-c2nnn[nH]2)c(-c2ccc(Cn3cnc4ccccc43)cc2)c1,CCCCOC(=O)C(=O)Nc1cccc(-c2nnn[nH]2)c1,0,c1ccc(-c2nnn[nH]2)cc1,0.30376811594202896,1,0.7762917357543214
CCOc1nc2cccc(C(=O)O)c2n1Cc1ccc(-c2ccccc2-c2nnn[nH]2)cc1,1,c1ccc(-c2nnn[nH]2)c(-c2ccc(Cn3cnc4ccccc43)cc2)c1,CCCCc1ncc(/C=C(/Cc2cccs2)C(=O)O)n1Cc1ccc(C(=O)O)cc1,0,C(=Cc1cncn1Cc1ccccc1)Cc1cccs1,0.2332688588007737,1,0.6319311475595641
c1ccc(C2(N3CCCCC3)CCCCC2)cc1,0,c1ccc(C2(N3CCCCC3)CCCCC2)cc1,CC(C)(C)N1CCC(c2ccccc2)(c2ccccc2)CC1,0,c1ccc(C2(c3ccccc3)CCNCC2)cc1,0.3735042735042735,0,0.1586614686856286
c1ccc(C2(N3CCCCC3)CCCCC2)cc1,0,c1ccc(C2(N3CCCCC3)CCCCC2)cc1,CCOC(=O)C1(c2ccccc2)CCN(C)CC1,0,c1ccc(C2CCNCC2)cc1,0.29777777777777775,0,0.05579466786660757
c1ccc(C2(N3CCCCC3)CCCCC2)cc1,0,c1ccc(C2(N3CCCCC3)CCCCC2)cc1,Cc1cccc(C)c1NC(=O)CC12CCCN1CCC2,0,O=C(CC12CCCN1CCC2)Nc1ccccc1,0.2705882352941177,0,0.07459668712822064
c1ccc(C2(N3CCCCC3)CCCCC2)cc1,0,c1ccc(C2(N3CCCCC3)CCCCC2)cc1,CN1CCC[C@@H]1CCO[C@](C)(c1ccccc1)c1ccc(Cl)cc1,0,c1ccc(C(OCCC2CCCN2)c2ccccc2)cc1,0.23518518518518522,0,0.05400660815105542
O=c1[nH]c(=O)n([C@@H]2CCCO2)cc1F,1,O=c1ccn(C2CCCO2)c(=O)[nH]1,O=c1[nH]cc(F)c(=O)[nH]1,0,O=c1cc[nH]c(=O)[nH]1,0.270189701897019,1,0.7757035804350101
O=c1[nH]c(=O)n([C@@H]2CCCO2)cc1F,1,O=c1ccn(C2CCCO2)c(=O)[nH]1,Cn1cnc2c1c(=O)[nH]c(=O)n2C,0,O=c1[nH]c(=O)c2[nH]cnc2[nH]1,0.22500000000000003,0,0.48935132115044405
O=c1[nH]c(=O)n([C@@H]2CCCO2)cc1F,1,O=c1ccn(C2CCCO2)c(=O)[nH]1,O=C(O)c1cn(C2CC2)c2cc(N3CCNCC3)c(F)cc2c1=O,0,O=c1ccn(C2CC2)c2cc(N3CCNCC3)ccc12,0.21101736972704715,0,0.22199895191745048
O=c1[nH]c(=O)n([C@@H]2CCCO2)cc1F,1,O=c1ccn(C2CCCO2)c(=O)[nH]1,CCOCn1c(Cc2ccccc2)c(C(C)C)c(=O)[nH]c1=O,0,O=c1cc(Cc2ccccc2)[nH]c(=O)[nH]1,0.20150995195607413,1,0.8421781454043072
CCOC(=O)C1=C(C)NC(C)=C(C(=O)OCC)C1c1ccccc1/C=C\C(=O)OC(C)(C)C,0,C1=CC(c2ccccc2)C=CN1,CCOC(=O)C1=C(C)NC(C)=C(C(=O)OC)[C@@H]1c1cccc(Cl)c1Cl,0,C1=CC(c2ccccc2)C=CN1,0.49128892392589674,0,0.00897557608500633
CCOC(=O)C1=C(C)NC(C)=C(C(=O)OCC)C1c1ccccc1/C=C\C(=O)OC(C)(C)C,0,C1=CC(c2ccccc2)C=CN1,CCOC(=O)C1=C(C)NC(C)=C(C(=O)OC)[C@@H]1c1cccc2c1OCO2,0,C1=CC(c2cccc3c2OCO3)C=CN1,0.47734487734487735,0,0.012650468605687963
CCOC(=O)C1=C(C)NC(C)=C(C(=O)OCC)C1c1ccccc1/C=C\C(=O)OC(C)(C)C,0,C1=CC(c2ccccc2)C=CN1,CCOC(=O)C1=C(COCCN)NC(C)=C(C(=O)OC)[C@@H]1c1ccccc1Cl,0,C1=CC(c2ccccc2)C=CN1,0.4225968648328897,0,0.019240490893405602
CCOC(=O)C1=C(C)NC(C)=C(C(=O)OCC)C1c1ccccc1/C=C\C(=O)OC(C)(C)C,0,C1=CC(c2ccccc2)C=CN1,COC(=O)C1=C(C)NC(C)=C(C(=O)OCC(C)=O)[C@@H]1c1ccccc1[N+](=O)[O-],0,C1=CC(c2ccccc2)C=CN1,0.4109848484848485,0,0.009302826240732927
COC(=O)C1=C(C)NC(C)=C(C(=O)OCC(C)=O)[C@@H]1c1ccccc1[N+](=O)[O-],0,C1=CC(c2ccccc2)C=CN1,COC(=O)C1=C(C)NC(C)=C(C(=O)OC)C1c1ccccc1[N+](=O)[O-],0,C1=CC(c2ccccc2)C=CN1,0.8164512338425383,0,0.013950715633402354
COC(=O)C1=C(C)NC(C)=C(C(=O)OCC(C)=O)[C@@H]1c1ccccc1[N+](=O)[O-],0,C1=CC(c2ccccc2)C=CN1,COC(=O)C1=C(C)NC(C)=C(C(=O)OCC(C)C)[C@H]1c1ccccc1[N+](=O)[O-],0,C1=CC(c2ccccc2)C=CN1,0.7737735849056605,0,0.012335852006854851
COC(=O)C1=C(C)NC(C)=C(C(=O)OCC(C)=O)[C@@H]1c1ccccc1[N+](=O)[O-],0,C1=CC(c2ccccc2)C=CN1,CCOC(=O)C1=C(C)NC(C)=C(C(=O)OC)[C@@H]1c1cccc([N+](=O)[O-])c1,0,C1=CC(c2ccccc2)C=CN1,0.5694308943089432,0,0.014191291581562395
COC(=O)C1=C(C)NC(C)=C(C(=O)OCC(C)=O)[C@@H]1c1ccccc1[N+](=O)[O-],0,C1=CC(c2ccccc2)C=CN1,COC(=O)C1=C(C)NC(C)=C(C(=O)OC/C=C/c2ccccc2)[C@H]1c1cccc([N+](=O)[O-])c1,0,O=C(OCC=Cc1ccccc1)C1=CNC=CC1c1ccccc1,0.5186928104575164,0,0.01464892698416603
CCOC(=O)C1=C(C)NC(C)=C(C(=O)OC)[C@@H]1c1cccc(Cl)c1Cl,0,C1=CC(c2ccccc2)C=CN1,CCOC(=O)C1=C(COCCN)NC(C)=C(C(=O)OC)[C@@H]1c1ccccc1Cl,0,C1=CC(c2ccccc2)C=CN1,0.6424475823705607,0,0.03636104458013118
CCOC(=O)C1=C(C)NC(C)=C(C(=O)OC)[C@@H]1c1cccc(Cl)c1Cl,0,C1=CC(c2ccccc2)C=CN1,CCOC(=O)C1=C(C)NC(C)=C(C(=O)OC)[C@@H]1c1cccc2c1OCO2,0,C1=CC(c2cccc3c2OCO3)C=CN1,0.6157181571815719,0,0.02469178071240353
CCOC(=O)C1=C(C)NC(C)=C(C(=O)OC)[C@@H]1c1cccc(Cl)c1Cl,0,C1=CC(c2ccccc2)C=CN1,CCOC(=O)C1=C(C)NC(C)=C(C(=O)OC)[C@@H]1c1cccc([N+](=O)[O-])c1,0,C1=CC(c2ccccc2)C=CN1,0.5495016611295681,0,0.014913254771773484
CCOC(=O)C1=C(C)NC(C)=C(C(=O)OC)[C@@H]1c1cccc(Cl)c1Cl,0,C1=CC(c2ccccc2)C=CN1,COC(=O)C1=C(C)NC(C)=C(C(=O)OCC(C)=O)[C@@H]1c1ccccc1[N+](=O)[O-],0,C1=CC(c2ccccc2)C=CN1,0.5111111111111112,0,0.01552961040467074
COC(=O)C1=C(C)NC(C)=C(C(=O)OC)C1c1ccccc1[N+](=O)[O-],0,C1=CC(c2ccccc2)C=CN1,COC(=O)C1=C(C)NC(C)=C(C(=O)OCC(C)=O)[C@@H]1c1ccccc1[N+](=O)[O-],0,C1=CC(c2ccccc2)C=CN1,0.8164512338425383,0,0.01638962719974639
COC(=O)C1=C(C)NC(C)=C(C(=O)OC)C1c1ccccc1[N+](=O)[O-],0,C1=CC(c2ccccc2)C=CN1,COC(=O)C1=C(C)NC(C)=C(C(=O)OCC(C)C)[C@H]1c1ccccc1[N+](=O)[O-],0,C1=CC(c2ccccc2)C=CN1,0.8027602070155262,0,0.010636653777055038
COC(=O)C1=C(C)NC(C)=C(C(=O)OC)C1c1ccccc1[N+](=O)[O-],0,C1=CC(c2ccccc2)C=CN1,CCOC(=O)C1=C(C)NC(C)=C(C(=O)OC)[C@@H]1c1cccc([N+](=O)[O-])c1,0,C1=CC(c2ccccc2)C=CN1,0.5727095516569201,0,0.012800456816102592
COC(=O)C1=C(C)NC(C)=C(C(=O)OC)C1c1ccccc1[N+](=O)[O-],0,C1=CC(c2ccccc2)C=CN1,COC(=O)C1=C(C)NC(C)=C(C(=O)OC/C=C/c2ccccc2)[C@H]1c1cccc([N+](=O)[O-])c1,0,O=C(OCC=Cc1ccccc1)C1=CNC=CC1c1ccccc1,0.5170506912442396,0,0.005606443491385024
CCCOCCOC(=O)C1=C(C)NC(C)=C(C(=O)OCCOCCC)C1c1cccc([N+](=O)[O-])c1,0,C1=CC(c2ccccc2)C=CN1,CCOC(=O)C1=C(C)NC(C)=C(C(=O)OC)[C@@H]1c1cccc([N+](=O)[O-])c1,0,C1=CC(c2ccccc2)C=CN1,0.7387533875338754,0,0.0004494355236645191
CCCOCCOC(=O)C1=C(C)NC(C)=C(C(=O)OCCOCCC)C1c1cccc([N+](=O)[O-])c1,0,C1=CC(c2ccccc2)C=CN1,COCCOC(=O)C1=C(C)NC(C)=C(C(=O)OC(C)C)[C@@H]1c1cccc([N+](=O)[O-])c1,0,C1=CC(c2ccccc2)C=CN1,0.733578131374949,0,7.846050067530481e-05
CCCOCCOC(=O)C1=C(C)NC(C)=C(C(=O)OCCOCCC)C1c1cccc([N+](=O)[O-])c1,0,C1=CC(c2ccccc2)C=CN1,COCCOC(=O)C1=C(C)NC(C)=C(C(=O)OC/C=C/c2ccccc2)[C@H]1c1cccc([N+](=O)[O-])c1,0,O=C(OCC=Cc1ccccc1)C1=CNC=CC1c1ccccc1,0.6717460317460318,0,0.00010225693003705981
CCCOCCOC(=O)C1=C(C)NC(C)=C(C(=O)OCCOCCC)C1c1cccc([N+](=O)[O-])c1,0,C1=CC(c2ccccc2)C=CN1,COC(=O)C1=C(C)NC(C)=C(C(=O)OC/C=C/c2ccccc2)[C@H]1c1cccc([N+](=O)[O-])c1,0,O=C(OCC=Cc1ccccc1)C1=CNC=CC1c1ccccc1,0.6216666666666667,0,0.0003692298128905014
COC(=O)C1=C(C#N)NC(C)=C(C(=O)OC(C)C)[C@H]1c1cccc([N+](=O)[O-])c1,0,C1=CC(c2ccccc2)C=CN1,COCCOC(=O)C1=C(C)NC(C)=C(C(=O)OC(C)C)[C@@H]1c1cccc([N+](=O)[O-])c1,0,C1=CC(c2ccccc2)C=CN1,0.6881231671554252,0,0.010991314656790239
COC(=O)C1=C(C#N)NC(C)=C(C(=O)OC(C)C)[C@H]1c1cccc([N+](=O)[O-])c1,0,C1=CC(c2ccccc2)C=CN1,CCOC(=O)C1=C(C)NC(C)=C(C(=O)OC)[C@@H]1c1cccc([N+](=O)[O-])c1,0,C1=CC(c2ccccc2)C=CN1,0.66015503875969,0,0.010035351466709764
COC(=O)C1=C(C#N)NC(C)=C(C(=O)OC(C)C)[C@H]1c1cccc([N+](=O)[O-])c1,0,C1=CC(c2ccccc2)C=CN1,COC(=O)C1=C(C)NC(C)=C(C(=O)OC/C=C/c2ccccc2)[C@H]1c1cccc([N+](=O)[O-])c1,0,O=C(OCC=Cc1ccccc1)C1=CNC=CC1c1ccccc1,0.5810052420598212,0,0.010631513232525381
COC(=O)C1=C(C#N)NC(C)=C(C(=O)OC(C)C)[C@H]1c1cccc([N+](=O)[O-])c1,0,C1=CC(c2ccccc2)C=CN1,COC(=O)C1=C(C)NC(C)=C(C(=O)OCCN(C)Cc2ccccc2)[C@H]1c1cccc([N+](=O)[O-])c1,0,O=C(OCCNCc1ccccc1)C1=CNC=CC1c1ccccc1,0.5433614330874605,0,0.00829673002633122
COCCOC(=O)C1=C(C)NC(C)=C(C(=O)OC(C)C)[C@@H]1c1cccc([N+](=O)[O-])c1,0,C1=CC(c2ccccc2)C=CN1,CCCOCCOC(=O)C1=C(C)NC(C)=C(C(=O)OCCOCCC)C1c1cccc([N+](=O)[O-])c1,0,C1=CC(c2ccccc2)C=CN1,0.733578131374949,0,0.004442239921144699
COCCOC(=O)C1=C(C)NC(C)=C(C(=O)OC(C)C)[C@@H]1c1cccc([N+](=O)[O-])c1,0,C1=CC(c2ccccc2)C=CN1,COCCOC(=O)C1=C(C)NC(C)=C(C(=O)OC/C=C/c2ccccc2)[C@H]1c1cccc([N+](=O)[O-])c1,0,O=C(OCC=Cc1ccccc1)C1=CNC=CC1c1ccccc1,0.7313782991202347,0,0.002060800949310899
COCCOC(=O)C1=C(C)NC(C)=C(C(=O)OC(C)C)[C@@H]1c1cccc([N+](=O)[O-])c1,0,C1=CC(c2ccccc2)C=CN1,CCOC(=O)C1=C(C)NC(C)=C(C(=O)OC)[C@@H]1c1cccc([N+](=O)[O-])c1,0,C1=CC(c2ccccc2)C=CN1,0.7229965156794426,0,0.0006965319663197214
COCCOC(=O)C1=C(C)NC(C)=C(C(=O)OC(C)C)[C@@H]1c1cccc([N+](=O)[O-])c1,0,C1=CC(c2ccccc2)C=CN1,COC(=O)C1=C(C#N)NC(C)=C(C(=O)OC(C)C)[C@H]1c1cccc([N+](=O)[O-])c1,0,C1=CC(c2ccccc2)C=CN1,0.6881231671554252,0,0.0005207068139597604
CCOC(=O)C1=C(COCCN)NC(C)=C(C(=O)OC)[C@@H]1c1ccccc1Cl,0,C1=CC(c2ccccc2)C=CN1,CCOC(=O)C1=C(C)NC(C)=C(C(=O)OC)[C@@H]1c1cccc(Cl)c1Cl,0,C1=CC(c2ccccc2)C=CN1,0.6424475823705607,0,0.00036971504402924944
CCOC(=O)C1=C(COCCN)NC(C)=C(C(=O)OC)[C@@H]1c1ccccc1Cl,0,C1=CC(c2ccccc2)C=CN1,CCOC(=O)C1=C(C)NC(C)=C(C(=O)OC)[C@@H]1c1cccc2c1OCO2,0,C1=CC(c2cccc3c2OCO3)C=CN1,0.4863958736299162,0,0.00043095031008064414
CCOC(=O)C1=C(COCCN)NC(C)=C(C(=O)OC)[C@@H]1c1ccccc1Cl,0,C1=CC(c2ccccc2)C=CN1,COC(=O)C1=C(C)NC(C)=C(C(=O)OCC(C)=O)[C@@H]1c1ccccc1[N+](=O)[O-],0,C1=CC(c2ccccc2)C=CN1,0.4392156862745098,0,0.0005049772227723648
CCOC(=O)C1=C(COCCN)NC(C)=C(C(=O)OC)[C@@H]1c1ccccc1Cl,0,C1=CC(c2ccccc2)C=CN1,CCOC(=O)C1=C(C)NC(C)=C(C(=O)OC)[C@@H]1c1cccc([N+](=O)[O-])c1,0,C1=CC(c2ccccc2)C=CN1,0.4355342136854742,0,0.0005349170990826068
COC(=O)C1=C(C)NC(C)=C(C(=O)OCC(C)C)[C@H]1c1ccccc1[N+](=O)[O-],0,C1=CC(c2ccccc2)C=CN1,COC(=O)C1=C(C)NC(C)=C(C(=O)OC)C1c1ccccc1[N+](=O)[O-],0,C1=CC(c2ccccc2)C=CN1,0.8027602070155262,0,0.014441420669650068
COC(=O)C1=C(C)NC(C)=C(C(=O)OCC(C)C)[C@H]1c1ccccc1[N+](=O)[O-],0,C1=CC(c2ccccc2)C=CN1,COC(=O)C1=C(C)NC(C)=C(C(=O)OCC(C)=O)[C@@H]1c1ccccc1[N+](=O)[O-],0,C1=CC(c2ccccc2)C=CN1,0.7737735849056605,0,0.014842671963064404
COC(=O)C1=C(C)NC(C)=C(C(=O)OCC(C)C)[C@H]1c1ccccc1[N+](=O)[O-],0,C1=CC(c2ccccc2)C=CN1,CCOC(=O)C1=C(C)NC(C)=C(C(=O)OC)[C@@H]1c1cccc([N+](=O)[O-])c1,0,C1=CC(c2ccccc2)C=CN1,0.5626549380247902,0,0.013447652413460853
COC(=O)C1=C(C)NC(C)=C(C(=O)OCC(C)C)[C@H]1c1ccccc1[N+](=O)[O-],0,C1=CC(c2ccccc2)C=CN1,COC(=O)C1=C(C)NC(C)=C(C(=O)OC/C=C/c2ccccc2)[C@H]1c1cccc([N+](=O)[O-])c1,0,O=C(OCC=Cc1ccccc1)C1=CNC=CC1c1ccccc1,0.5132367149758454,0,0.01199787525294173
CCOC(=O)C1=C(C)NC(C)=C(C(=O)OC)[C@@H]1c1cccc([N+](=O)[O-])c1,0,C1=CC(c2ccccc2)C=CN1,COC(=O)C1=C(C)NC(C)=C(C(=O)OC/C=C/c2ccccc2)[C@H]1c1cccc([N+](=O)[O-])c1,0,O=C(OCC=Cc1ccccc1)C1=CNC=CC1c1ccccc1,0.7602053915275995,0,0.006944839563436637
CCOC(=O)C1=C(C)NC(C)=C(C(=O)OC)[C@@H]1c1cccc([N+](=O)[O-])c1,0,C1=CC(c2ccccc2)C=CN1,CCCOCCOC(=O)C1=C(C)NC(C)=C(C(=O)OCCOCCC)C1c1cccc([N+](=O)[O-])c1,0,C1=CC(c2ccccc2)C=CN1,0.7387533875338754,0,0.0014292617890269762
CCOC(=O)C1=C(C)NC(C)=C(C(=O)OC)[C@@H]1c1cccc([N+](=O)[O-])c1,0,C1=CC(c2ccccc2)C=CN1,COCCOC(=O)C1=C(C)NC(C)=C(C(=O)OC(C)C)[C@@H]1c1cccc([N+](=O)[O-])c1,0,C1=CC(c2ccccc2)C=CN1,0.7229965156794426,0,0.013643209932759602
CCOC(=O)C1=C(C)NC(C)=C(C(=O)OC)[C@@H]1c1cccc([N+](=O)[O-])c1,0,C1=CC(c2ccccc2)C=CN1,COC(=O)C1=C(C)NC(C)=C(C(=O)OCCN(C)Cc2ccccc2)[C@H]1c1cccc([N+](=O)[O-])c1,0,O=C(OCCNCc1ccccc1)C1=CNC=CC1c1ccccc1,0.7029935851746258,0,0.009649192499229832
CCOc1cc(N)c(Cl)cc1C(=O)NC[C@@H]1CN(Cc2ccc(F)cc2)CCO1,0,O=C(NCC1CN(Cc2ccccc2)CCO1)c1ccccc1,CCN(CC)CCNC(=O)c1cc(Cl)c(N)cc1OC,0,c1ccccc1,0.3991111111111111,0,0.04629810636414787
CCOc1cc(N)c(Cl)cc1C(=O)NC[C@@H]1CN(Cc2ccc(F)cc2)CCO1,0,O=C(NCC1CN(Cc2ccccc2)CCO1)c1ccccc1,CCN1CCC[C@@H]1CNC(=O)c1cc(S(N)(=O)=O)ccc1OC,0,O=C(NCC1CCCN1)c1ccccc1,0.29818313953488373,0,0.08782983497915606
CCOc1cc(N)c(Cl)cc1C(=O)NC[C@@H]1CN(Cc2ccc(F)cc2)CCO1,0,O=C(NCC1CN(Cc2ccccc2)CCO1)c1ccccc1,CC(=O)NC[C@H]1CN(c2ccc(N3CCOCC3)c(F)c2)C(=O)O1,0,O=C1OCCN1c1ccc(N2CCOCC2)cc1,0.28432601880877745,0,0.013556315203529819
CCOc1cc(N)c(Cl)cc1C(=O)NC[C@@H]1CN(Cc2ccc(F)cc2)CCO1,0,O=C(NCC1CN(Cc2ccccc2)CCO1)c1ccccc1,CCN1CCC[C@H]1CNC(=O)c1c(OC)ccc(Br)c1OC,0,O=C(NCC1CCCN1)c1ccccc1,0.2695976154992549,0,0.024960174972088918
CN(C)CC(Oc1ccccc1)Oc1ccccc1,0,c1ccc(OCOc2ccccc2)cc1,CN(C)CCOC(c1ccccc1)c1ccccc1,0,c1ccc(Cc2ccccc2)cc1,0.3685714285714286,0,0.18679435705655248
CN(C)CC(Oc1ccccc1)Oc1ccccc1,0,c1ccc(OCOc2ccccc2)cc1,C[C@H](CN(C)C)CN1c2ccccc2CCc2ccccc21,0,c1ccc2c(c1)CCc1ccccc1N2,0.32865853658536587,0,0.2744021576892191
CN(C)CC(Oc1ccccc1)Oc1ccccc1,0,c1ccc(OCOc2ccccc2)cc1,Cc1ccccc1[C@H](OCCN(C)C)c1ccccc1,0,c1ccc(Cc2ccccc2)cc1,0.3121351766513057,0,0.23132766921288722
CN(C)CC(Oc1ccccc1)Oc1ccccc1,0,c1ccc(OCOc2ccccc2)cc1,C#CCN(C)Cc1ccccc1,0,c1ccccc1,0.3015873015873016,0,0.1533695208919569
Cc1c(-c2cnccn2)ssc1=S,0,S=c1cc(-c2cnccn2)ss1,CN1C(=O)CC[C@H]1c1cccnc1,0,O=C1CCC(c2cccnc2)N1,0.17044534412955467,0,0.05078470313865112
Cc1c(-c2cnccn2)ssc1=S,0,S=c1cc(-c2cnccn2)ss1,Cc1ccc(NC(=O)c2ccc(CN3CCN(C)CC3)cc2)cc1Nc1nccc(-c2cccnc2)n1,0,O=C(Nc1cccc(Nc2nccc(-c3cccnc3)n2)c1)c1ccc(CN2CCNCC2)cc1,0.16225806451612904,0,0.051684654732067986
Cc1c(-c2cnccn2)ssc1=S,0,S=c1cc(-c2cnccn2)ss1,Cn1ccnc1S,0,c1c[nH]cn1,0.15870967741935482,0,0.004998183107335926
Cc1c(-c2cnccn2)ssc1=S,0,S=c1cc(-c2cnccn2)ss1,CCS(=O)(=O)CCn1c([N+](=O)[O-])cnc1C,0,c1c[nH]cn1,0.15033670033670035,0,0.03367640981552833
CCOC(=O)C1(c2ccccc2)CCN(C)CC1,0,c1ccc(C2CCNCC2)cc1,CC(C)(C)N1CCC(c2ccccc2)(c2ccccc2)CC1,0,c1ccc(C2(c3ccccc3)CCNCC2)cc1,0.32161616161616163,0,0.1920140331802926
CCOC(=O)C1(c2ccccc2)CCN(C)CC1,0,c1ccc(C2CCNCC2)cc1,CCC(=O)N(c1ccccc1)C1(COC)CCN(CCc2cccs2)CC1,0,c1ccc(NC2CCN(CCc3cccs3)CC2)cc1,0.32120663650075415,0,0.05714400359069264
CCOC(=O)C1(c2ccccc2)CCN(C)CC1,0,c1ccc(C2CCNCC2)cc1,CCC(=O)N(c1ccccc1)C1CCN(CCc2ccccc2)CC1,0,c1ccc(CCN2CCC(Nc3ccccc3)CC2)cc1,0.30859649122807015,0,0.14386068688017886
CCOC(=O)C1(c2ccccc2)CCN(C)CC1,0,c1ccc(C2CCNCC2)cc1,CC[C@]1(c2ccccc2)C(=O)NC(=O)N(C)C1=O,0,O=C1NC(=O)C(c2ccccc2)C(=O)N1,0.3080558539205156,0,0.16882768440640694
N#Cc1ccc([C@H]2CCCc3cncn32)cc1,0,c1ccc(C2CCCc3cncn32)cc1,N#Cc1ccc(C(c2ccc(C#N)cc2)n2cncn2)cc1,0,c1ccc(C(c2ccccc2)n2cncn2)cc1,0.30315789473684207,0,0.1962480220373181
N#Cc1ccc([C@H]2CCCc3cncn32)cc1,0,c1ccc(C2CCCc3cncn32)cc1,CN1C(=O)CC[C@H]1c1cccnc1,0,O=C1CCC(c2cccnc2)N1,0.23560253699788583,0,0.17639635661087388
N#Cc1ccc([C@H]2CCCc3cncn32)cc1,0,c1ccc(C2CCCc3cncn32)cc1,CCOC(=O)c1cncn1[C@H](C)c1ccccc1,0,c1ccc(Cn2ccnc2)cc1,0.2030769230769231,0,0.10237037510513036
N#Cc1ccc([C@H]2CCCc3cncn32)cc1,0,c1ccc(C2CCCc3cncn32)cc1,CC[C@@H]1C(=O)OC[C@@H]1Cc1cncn1C,0,O=C1CC(Cc2cnc[nH]2)CO1,0.19879969992498125,0,0.0045542167978569375
ClC1=C(Cl)[C@]2(Cl)[C@@H]3[C@@H]4C[C@@H]([C@H]5O[C@@H]45)[C@@H]3[C@@]1(Cl)C2(Cl)Cl,0,C1=CC2CC1C1C3CC(C4OC34)C21,COC1=CC(=O)C[C@@H](C)[C@]12Oc1c(Cl)c(OC)cc(OC)c1C2=O,0,O=C1C=CC2(CC1)Oc1ccccc1C2=O,0.13115646258503402,0,0.009467904750099105
ClC1=C(Cl)[C@]2(Cl)[C@@H]3[C@@H]4C[C@@H]([C@H]5O[C@@H]45)[C@@H]3[C@@]1(Cl)C2(Cl)Cl,0,C1=CC2CC1C1C3CC(C4OC34)C21,CC(C)(Oc1ccc([C@@H]2CC2(Cl)Cl)cc1)C(=O)O,0,c1ccc(C2CC2)cc1,0.12911764705882353,0,0.017133677368585426
ClC1=C(Cl)[C@]2(Cl)[C@@H]3[C@@H]4C[C@@H]([C@H]5O[C@@H]45)[C@@H]3[C@@]1(Cl)C2(Cl)Cl,0,C1=CC2CC1C1C3CC(C4OC34)C21,C[C@]12CCC(=O)C=C1[C@@H]1C[C@@H]1[C@H]1[C@@H]3[C@@H]4C[C@@H]4[C@@]4(CCC(=O)O4)[C@@]3(C)CC[C@@H]12,0,O=C1C=C2C(CC1)C1CCC3C(C4CC4C34CCC(=O)O4)C1C1CC21,0.12363636363636366,0,0.00024513902067306294
ClC1=C(Cl)[C@]2(Cl)[C@@H]3[C@@H]4C[C@@H]([C@H]5O[C@@H]45)[C@@H]3[C@@]1(Cl)C2(Cl)Cl,0,C1=CC2CC1C1C3CC(C4OC34)C21,O=C1Nc2ccc(Cl)cc2[C@@](C#CC2CC2)(C(F)(F)F)O1,0,O=C1Nc2ccccc2C(C#CC2CC2)O1,0.12312056737588653,0,0.024750699940782737
O=C(C1CCCCC1)N1CC(=O)N2CCc3ccccc3[C@H]2C1,1,O=C(C1CCCCC1)N1CC(=O)N2CCc3ccccc3C2C1,N=C(N)N1CCc2ccccc2C1,0,c1ccc2c(c1)CCNC2,0.27350427350427353,0,0.420495607984854
O=C(C1CCCCC1)N1CC(=O)N2CCc3ccccc3[C@H]2C1,1,O=C(C1CCCCC1)N1CC(=O)N2CCc3ccccc3C2C1,Cc1cccc(C)c1NC(=O)CN1CCCC1=O,0,O=C(CN1CCCC1=O)Nc1ccccc1,0.2685810810810811,0,0.4176562990650672
O=C(C1CCCCC1)N1CC(=O)N2CCc3ccccc3[C@H]2C1,1,O=C(C1CCCCC1)N1CC(=O)N2CCc3ccccc3C2C1,CN1C(=O)CC[C@H]1c1cccnc1,0,O=C1CCC(c2cccnc2)N1,0.25202761000862817,0,0.4714269397384499
O=C(C1CCCCC1)N1CC(=O)N2CCc3ccccc3[C@H]2C1,1,O=C(C1CCCCC1)N1CC(=O)N2CCc3ccccc3C2C1,NC1=NC[C@@H]2c3ccccc3Cc3ccccc3N12,0,C1=NCC2c3ccccc3Cc3ccccc3N12,0.22801358234295419,1,0.8526850381082881
O=c1[nH]c2ccccc2n1CCCN1CCC(n2c(=O)[nH]c3cc(Cl)ccc32)CC1,0,O=c1[nH]c2ccccc2n1CCCN1CCC(n2c(=O)[nH]c3ccccc32)CC1,O=c1[nH]c2ccccc2n1C1CCN(CCCC(c2ccc(F)cc2)c2ccc(F)cc2)CC1,0,O=c1[nH]c2ccccc2n1C1CCN(CCCC(c2ccccc2)c2ccccc2)CC1,0.5853260869565218,0,0.02340785305729431
O=c1[nH]c2ccccc2n1CCCN1CCC(n2c(=O)[nH]c3cc(Cl)ccc32)CC1,0,O=c1[nH]c2ccccc2n1CCCN1CCC(n2c(=O)[nH]c3ccccc32)CC1,O=C1NCCN1CCN1CCC(c2cn(-c3ccc(F)cc3)c3ccc(Cl)cc23)CC1,0,O=C1NCCN1CCN1CCC(c2cn(-c3ccccc3)c3ccccc23)CC1,0.31702248252408843,0,0.003920652851575543
O=c1[nH]c2ccccc2n1CCCN1CCC(n2c(=O)[nH]c3cc(Cl)ccc32)CC1,0,O=c1[nH]c2ccccc2n1CCCN1CCC(n2c(=O)[nH]c3ccccc32)CC1,O=c1n(CCCN2CCN(c3cccc(Cl)c3)CC2)nc2ccccn12,0,O=c1n(CCCN2CCN(c3ccccc3)CC2)nc2ccccn12,0.3046666666666667,0,0.03216424018401784
O=c1[nH]c2ccccc2n1CCCN1CCC(n2c(=O)[nH]c3cc(Cl)ccc32)CC1,0,O=c1[nH]c2ccccc2n1CCCN1CCC(n2c(=O)[nH]c3ccccc32)CC1,O=C(NC1CCN(CCc2c[nH]c3ccccc23)CC1)c1ccccc1,0,O=C(NC1CCN(CCc2c[nH]c3ccccc23)CC1)c1ccccc1,0.24578969417679097,0,0.022480097759667698
Clc1ccc([C@@H](Cn2ccnc2)OCc2c(Cl)cccc2Cl)c(Cl)c1,0,c1ccc(COC(Cn2ccnc2)c2ccccc2)cc1,Clc1ccc(CO[C@@H](Cn2ccnc2)c2ccc(Cl)cc2Cl)c(Cl)c1,0,c1ccc(COC(Cn2ccnc2)c2ccccc2)cc1,0.7869387755102041,0,0.012808212307605473
Clc1ccc([C@@H](Cn2ccnc2)OCc2c(Cl)cccc2Cl)c(Cl)c1,0,c1ccc(COC(Cn2ccnc2)c2ccccc2)cc1,Clc1ccc(CO[C@@H](Cn2ccnc2)c2ccc(Cl)cc2Cl)cc1,0,c1ccc(COC(Cn2ccnc2)c2ccccc2)cc1,0.7869387755102041,0,0.015483393077674221
Clc1ccc([C@@H](Cn2ccnc2)OCc2c(Cl)cccc2Cl)c(Cl)c1,0,c1ccc(COC(Cn2ccnc2)c2ccccc2)cc1,Clc1ccc(CO/N=C(\Cn2ccnc2)c2ccc(Cl)cc2Cl)c(Cl)c1,0,c1ccc(CON=C(Cn2ccnc2)c2ccccc2)cc1,0.42613636363636365,0,0.0013544649816649946
Clc1ccc([C@@H](Cn2ccnc2)OCc2c(Cl)cccc2Cl)c(Cl)c1,0,c1ccc(COC(Cn2ccnc2)c2ccccc2)cc1,Clc1ccccc1C(c1ccccc1)(c1ccccc1)n1ccnc1,0,c1ccc(C(c2ccccc2)(c2ccccc2)n2ccnc2)cc1,0.3185964912280702,0,0.03453511344354037
Clc1ccc(CO[C@@H](Cn2ccnc2)c2ccc(Cl)cc2Cl)c(Cl)c1,0,c1ccc(COC(Cn2ccnc2)c2ccccc2)cc1,Clc1ccc(CO[C@@H](Cn2ccnc2)c2ccc(Cl)cc2Cl)cc1,0,c1ccc(COC(Cn2ccnc2)c2ccccc2)cc1,0.8180225281602003,0,0.015309500522072283
Clc1ccc(CO[C@@H](Cn2ccnc2)c2ccc(Cl)cc2Cl)c(Cl)c1,0,c1ccc(COC(Cn2ccnc2)c2ccccc2)cc1,Clc1ccc([C@@H](Cn2ccnc2)OCc2c(Cl)cccc2Cl)c(Cl)c1,0,c1ccc(COC(Cn2ccnc2)c2ccccc2)cc1,0.7869387755102041,0,0.014095009823763122
Clc1ccc(CO[C@@H](Cn2ccnc2)c2ccc(Cl)cc2Cl)c(Cl)c1,0,c1ccc(COC(Cn2ccnc2)c2ccccc2)cc1,Clc1ccc(CO/N=C(\Cn2ccnc2)c2ccc(Cl)cc2Cl)c(Cl)c1,0,c1ccc(CON=C(Cn2ccnc2)c2ccccc2)cc1,0.5238095238095238,0,0.0013504201956476632
Clc1ccc(CO[C@@H](Cn2ccnc2)c2ccc(Cl)cc2Cl)c(Cl)c1,0,c1ccc(COC(Cn2ccnc2)c2ccccc2)cc1,CC(=O)N1CCN(c2ccc(OC[C@H]3CO[C@](Cn4ccnc4)(c4ccc(Cl)cc4Cl)O3)cc2)CC1,0,c1ccc(C2(Cn3ccnc3)OCC(COc3ccc(N4CCNCC4)cc3)O2)cc1,0.31139140717382735,0,0.0042217955916509535
Clc1ccc(CO[C@@H](Cn2ccnc2)c2ccc(Cl)cc2Cl)cc1,0,c1ccc(COC(Cn2ccnc2)c2ccccc2)cc1,Clc1ccc(CO[C@@H](Cn2ccnc2)c2ccc(Cl)cc2Cl)c(Cl)c1,0,c1ccc(COC(Cn2ccnc2)c2ccccc2)cc1,0.8180225281602003,0,0.012662884574275632
Clc1ccc(CO[C@@H](Cn2ccnc2)c2ccc(Cl)cc2Cl)cc1,0,c1ccc(COC(Cn2ccnc2)c2ccccc2)cc1,Clc1ccc([C@@H](Cn2ccnc2)OCc2c(Cl)cccc2Cl)c(Cl)c1,0,c1ccc(COC(Cn2ccnc2)c2ccccc2)cc1,0.7869387755102041,0,0.012627687821644508
Clc1ccc(CO[C@@H](Cn2ccnc2)c2ccc(Cl)cc2Cl)cc1,0,c1ccc(COC(Cn2ccnc2)c2ccccc2)cc1,Clc1ccc(CO/N=C(\Cn2ccnc2)c2ccc(Cl)cc2Cl)c(Cl)c1,0,c1ccc(CON=C(Cn2ccnc2)c2ccccc2)cc1,0.4388597149287322,0,0.0014212598653809794
Clc1ccc(CO[C@@H](Cn2ccnc2)c2ccc(Cl)cc2Cl)cc1,0,c1ccc(COC(Cn2ccnc2)c2ccccc2)cc1,CC(=O)N1CCN(c2ccc(OC[C@H]3CO[C@](Cn4ccnc4)(c4ccc(Cl)cc4Cl)O3)cc2)CC1,0,c1ccc(C2(Cn3ccnc3)OCC(COc3ccc(N4CCNCC4)cc3)O2)cc1,0.3186274509803922,0,0.0024319665875875474
Nc1c(Br)cc(Br)cc1CNC1CCC(O)CC1,0,c1ccc(CNC2CCCCC2)cc1,Nc1nc(NC2CC2)c2ncn([C@H]3C=C[C@@H](CO)C3)c2n1,0,C1=CC(n2cnc3c(NC4CC4)ncnc32)CC1,0.1716849451645065,0,0.0037525416702429894
Nc1c(Br)cc(Br)cc1CNC1CCC(O)CC1,0,c1ccc(CNC2CCCCC2)cc1,CC(C)NC[C@@H]1CCc2cc(CO)c([N+](=O)[O-])cc2N1,0,c1ccc2c(c1)CCCN2,0.16941176470588237,0,0.0008183976416133819
Nc1c(Br)cc(Br)cc1CNC1CCC(O)CC1,0,c1ccc(CNC2CCCCC2)cc1,CCN1CCC[C@H]1CNC(=O)c1c(OC)ccc(Br)c1OC,0,O=C(NCC1CCCN1)c1ccccc1,0.1515298688683827,0,0.013038669903348062
Nc1c(Br)cc(Br)cc1CNC1CCC(O)CC1,0,c1ccc(CNC2CCCCC2)cc1,COc1cc(Br)c2oc(C3CCNCC3)cc2c1,0,c1ccc2oc(C3CCNCC3)cc2c1,0.15136612021857923,0,0.012617456743605739
CC(C)(Oc1ccc(CCNC(=O)c2ccc(Cl)cc2)cc1)C(=O)O,0,O=C(NCCc1ccccc1)c1ccccc1,CC(C)(Oc1ccc(Cl)cc1)C(=O)O,0,c1ccccc1,0.6192334494773519,0,0.3793014275577698
CC(C)(Oc1ccc(CCNC(=O)c2ccc(Cl)cc2)cc1)C(=O)O,0,O=C(NCCc1ccccc1)c1ccccc1,CCOC(=O)C(C)(C)Oc1ccc(Cl)cc1,0,c1ccccc1,0.42282003710575145,0,0.12870239553563173
CC(C)(Oc1ccc(CCNC(=O)c2ccc(Cl)cc2)cc1)C(=O)O,0,O=C(NCCc1ccccc1)c1ccccc1,CC(C)(Oc1ccc([C@@H]2CC2(Cl)Cl)cc1)C(=O)O,0,c1ccc(C2CC2)cc1,0.4169811320754717,0,0.23192602863453074
CC(C)(Oc1ccc(CCNC(=O)c2ccc(Cl)cc2)cc1)C(=O)O,0,O=C(NCCc1ccccc1)c1ccccc1,CC(C)OC(=O)C(C)(C)Oc1ccc(C(=O)c2ccc(Cl)cc2)cc1,0,O=C(c1ccccc1)c1ccccc1,0.41525491770373346,0,0.28199604859418703
Cn1c(=O)c2c(ncn2C)n(C)c1=O,1,O=c1[nH]c(=O)c2[nH]cnc2[nH]1,CC(=O)CCCCn1c(=O)c2c(ncn2C)n(C)c1=O,0,O=c1[nH]c(=O)c2[nH]cnc2[nH]1,0.5565410199556542,0,0.434797609386738
Cn1c(=O)c2c(ncn2C)n(C)c1=O,1,O=c1[nH]c(=O)c2[nH]cnc2[nH]1,C[C@@H](O)CCCCn1c(=O)c2c(ncn2C)n(C)c1=O,0,O=c1[nH]c(=O)c2[nH]cnc2[nH]1,0.542577030812325,0,0.42894322004615426
Cn1c(=O)c2c(ncn2C)n(C)c1=O,1,O=c1[nH]c(=O)c2[nH]cnc2[nH]1,Cn1cnc2c1c(=O)[nH]c(=O)n2C,0,O=c1[nH]c(=O)c2[nH]cnc2[nH]1,0.520303605313093,1,0.5520720672123073
Cn1c(=O)c2c(ncn2C)n(C)c1=O,1,O=c1[nH]c(=O)c2[nH]cnc2[nH]1,Cn1c(=O)[nH]c2ncn(C)c2c1=O,0,O=c1[nH]c(=O)c2[nH]cnc2[nH]1,0.4760714285714286,1,0.5251327696297858
CC(=O)CCCCn1c(=O)c2c(ncn2C)n(C)c1=O,0,O=c1[nH]c(=O)c2[nH]cnc2[nH]1,C[C@@H](O)CCCCn1c(=O)c2c(ncn2C)n(C)c1=O,0,O=c1[nH]c(=O)c2[nH]cnc2[nH]1,0.69048178613396,0,0.3053453307790011
CC(=O)CCCCn1c(=O)c2c(ncn2C)n(C)c1=O,0,O=c1[nH]c(=O)c2[nH]cnc2[nH]1,Cn1cnc2c1c(=O)[nH]c(=O)n2C,0,O=c1[nH]c(=O)c2[nH]cnc2[nH]1,0.37955371043072134,0,0.20226266722726147
CC(=O)CCCCn1c(=O)c2c(ncn2C)n(C)c1=O,0,O=c1[nH]c(=O)c2[nH]cnc2[nH]1,Cn1c(=O)[nH]c2ncn(C)c2c1=O,0,O=c1[nH]c(=O)c2[nH]cnc2[nH]1,0.3343952215032354,0,0.1777870717187052
CC(=O)CCCCn1c(=O)c2c(ncn2C)n(C)c1=O,0,O=c1[nH]c(=O)c2[nH]cnc2[nH]1,Cc1nc2c([nH]1)c(=O)n(C)c(=O)n2Cc1ccco1,0,O=c1[nH]c(=O)n(Cc2ccco2)c2nc[nH]c12,0.22825174825174827,0,0.17109234146815008
C[C@@H](O)CCCCn1c(=O)c2c(ncn2C)n(C)c1=O,0,O=c1[nH]c(=O)c2[nH]cnc2[nH]1,CC(=O)CCCCn1c(=O)c2c(ncn2C)n(C)c1=O,0,O=c1[nH]c(=O)c2[nH]cnc2[nH]1,0.69048178613396,0,0.33634498421050135
C[C@@H](O)CCCCn1c(=O)c2c(ncn2C)n(C)c1=O,0,O=c1[nH]c(=O)c2[nH]cnc2[nH]1,Cn1cnc2c1c(=O)[nH]c(=O)n2C,0,O=c1[nH]c(=O)c2[nH]cnc2[nH]1,0.3714285714285715,0,0.19455409544269833
C[C@@H](O)CCCCn1c(=O)c2c(ncn2C)n(C)c1=O,0,O=c1[nH]c(=O)c2[nH]cnc2[nH]1,Cn1c(=O)[nH]c2ncn(C)c2c1=O,0,O=c1[nH]c(=O)c2[nH]cnc2[nH]1,0.32742857142857146,0,0.2144376968530854
C[C@@H](O)CCCCn1c(=O)c2c(ncn2C)n(C)c1=O,0,O=c1[nH]c(=O)c2[nH]cnc2[nH]1,Cc1nc2c([nH]1)c(=O)n(C)c(=O)n2Cc1ccco1,0,O=c1[nH]c(=O)n(Cc2ccco2)c2nc[nH]c12,0.2246753246753247,0,0.08125259932622617
Cn1cnc2c1c(=O)[nH]c(=O)n2C,0,O=c1[nH]c(=O)c2[nH]cnc2[nH]1,Cn1c(=O)[nH]c2ncn(C)c2c1=O,0,O=c1[nH]c(=O)c2[nH]cnc2[nH]1,0.5342857142857143,0,0.4884649833134269
Cn1cnc2c1c(=O)[nH]c(=O)n2C,0,O=c1[nH]c(=O)c2[nH]cnc2[nH]1,CC(=O)CCCCn1c(=O)c2c(ncn2C)n(C)c1=O,0,O=c1[nH]c(=O)c2[nH]cnc2[nH]1,0.37955371043072134,0,0.3148470646891003
Cn1cnc2c1c(=O)[nH]c(=O)n2C,0,O=c1[nH]c(=O)c2[nH]cnc2[nH]1,C[C@@H](O)CCCCn1c(=O)c2c(ncn2C)n(C)c1=O,0,O=c1[nH]c(=O)c2[nH]cnc2[nH]1,0.3714285714285715,0,0.1661105563869232
Cn1cnc2c1c(=O)[nH]c(=O)n2C,0,O=c1[nH]c(=O)c2[nH]cnc2[nH]1,Cc1nc2c([nH]1)c(=O)n(C)c(=O)n2Cc1ccco1,0,O=c1[nH]c(=O)n(Cc2ccco2)c2nc[nH]c12,0.21425438596491228,0,0.26040185805752
Cn1c(=O)c2[nH]cnc2n(C)c1=O,1,O=c1[nH]c(=O)c2[nH]cnc2[nH]1,Cc1nc2c([nH]1)c(=O)n(C)c(=O)n2Cc1ccco1,0,O=c1[nH]c(=O)n(Cc2ccco2)c2nc[nH]c12,0.34115384615384614,0,0.2966416340937924
Cn1c(=O)c2[nH]cnc2n(C)c1=O,1,O=c1[nH]c(=O)c2[nH]cnc2[nH]1,Cn1cnc2c1c(=O)[nH]c(=O)n2C,0,O=c1[nH]c(=O)c2[nH]cnc2[nH]1,0.2936058009228741,1,0.557776098491221
Cn1c(=O)c2[nH]cnc2n(C)c1=O,1,O=c1[nH]c(=O)c2[nH]cnc2[nH]1,Cn1c(=O)[nH]c2ncn(C)c2c1=O,0,O=c1[nH]c(=O)c2[nH]cnc2[nH]1,0.2936058009228741,1,0.5989582596246957
Cn1c(=O)c2[nH]cnc2n(C)c1=O,1,O=c1[nH]c(=O)c2[nH]cnc2[nH]1,CC(=O)CCCCn1c(=O)c2c(ncn2C)n(C)c1=O,0,O=c1[nH]c(=O)c2[nH]cnc2[nH]1,0.2844651162790698,0,0.4216418668625709
Cn1c(=O)[nH]c2ncn(C)c2c1=O,0,O=c1[nH]c(=O)c2[nH]cnc2[nH]1,Cn1cnc2c1c(=O)[nH]c(=O)n2C,0,O=c1[nH]c(=O)c2[nH]cnc2[nH]1,0.5342857142857143,0,0.47725947839861804
Cn1c(=O)[nH]c2ncn(C)c2c1=O,0,O=c1[nH]c(=O)c2[nH]cnc2[nH]1,CC(=O)CCCCn1c(=O)c2c(ncn2C)n(C)c1=O,0,O=c1[nH]c(=O)c2[nH]cnc2[nH]1,0.3343952215032354,0,0.3503039266909374
Cn1c(=O)[nH]c2ncn(C)c2c1=O,0,O=c1[nH]c(=O)c2[nH]cnc2[nH]1,C[C@@H](O)CCCCn1c(=O)c2c(ncn2C)n(C)c1=O,0,O=c1[nH]c(=O)c2[nH]cnc2[nH]1,0.32742857142857146,0,0.1925134927728062
Cn1c(=O)[nH]c2ncn(C)c2c1=O,0,O=c1[nH]c(=O)c2[nH]cnc2[nH]1,Cc1nc2c([nH]1)c(=O)n(C)c(=O)n2Cc1ccco1,0,O=c1[nH]c(=O)n(Cc2ccco2)c2nc[nH]c12,0.21425438596491228,0,0.28522293054503517
C[C@]12CC[C@@H]3c4ccc(O)cc4CC[C@H]3[C@@H]1CC[C@@H]2O,1,c1ccc2c(c1)CCC1C2CCC2CCCC21,C#C[C@]1(O)CC[C@H]2[C@@H]3CCc4cc(O)ccc4[C@H]3CC[C@@]21C,0,c1ccc2c(c1)CCC1C2CCC2CCCC21,0.6036437246963562,1,0.5534553856165292
C[C@]12CC[C@@H]3c4ccc(O)cc4CC[C@H]3[C@@H]1CC[C@@H]2O,1,c1ccc2c(c1)CCC1C2CCC2CCCC21,C[C@]12CC[C@H]3[C@@H](CCC4=CC(=O)C=C[C@@]43C)[C@@H]1CC[C@@H]2O,0,O=C1C=CC2C(=C1)CCC1C3CCCC3CCC21,0.3922077922077922,1,0.590249798699346
C[C@]12CC[C@@H]3c4ccc(O)cc4CC[C@H]3[C@@H]1CC[C@@H]2O,1,c1ccc2c(c1)CCC1C2CCC2CCCC21,CC(C)=CCN1CC[C@]2(C)c3cc(O)ccc3C[C@H]1[C@H]2C,0,c1ccc2c(c1)CC1CC2CCN1,0.2727272727272727,1,0.7624438073935047
C[C@]12CC[C@@H]3c4ccc(O)cc4CC[C@H]3[C@@H]1CC[C@@H]2O,1,c1ccc2c(c1)CCC1C2CCC2CCCC21,CC(=O)[C@H]1CC[C@H]2[C@@H]3CC=C4C[C@@H](O)CC[C@]4(C)[C@H]3CC[C@]12C,0,C1=C2CCCCC2C2CCC3CCCC3C2C1,0.2646739130434783,0,0.3536027449148365
C#C[C@]1(O)CC[C@H]2[C@@H]3CCc4cc(O)ccc4[C@H]3CC[C@@]21C,0,c1ccc2c(c1)CCC1C2CCC2CCCC21,C#C[C@]1(O)CC[C@H]2[C@@H]3CCC4=Cc5oncc5C[C@]4(C)[C@H]3CC[C@@]21C,0,C1=C2CCC3C4CCCC4CCC3C2Cc2cnoc21,0.4385557299843015,0,0.34339923939269146
C#C[C@]1(O)CC[C@H]2[C@@H]3CCc4cc(O)ccc4[C@H]3CC[C@@]21C,0,c1ccc2c(c1)CCC1C2CCC2CCCC21,CC#C[C@]1(O)CC[C@H]2[C@@H]3CCC4=CC(=O)CCC4=C3[C@@H](c3ccc(N(C)C)cc3)C[C@@]21C,0,O=C1C=C2CCC3C(=C2CC1)C(c1ccccc1)CC1CCCC13,0.26178861788617885,0,0.2212218320170435
C#C[C@]1(O)CC[C@H]2[C@@H]3CCc4cc(O)ccc4[C@H]3CC[C@@]21C,0,c1ccc2c(c1)CCC1C2CCC2CCCC21,C#C[C@]1(O)C=C[C@H]2[C@@H]3CCC4=CC(=O)CC[C@@H]4[C@H]3CC[C@@]21CC,0,O=C1C=C2CCC3C4C=CCC4CCC3C2CC1,0.2445945945945946,0,0.32731300594518536
C#C[C@]1(O)CC[C@H]2[C@@H]3CCc4cc(O)ccc4[C@H]3CC[C@@]21C,0,c1ccc2c(c1)CCC1C2CCC2CCCC21,C[C@]12CCC(=O)C=C1CC[C@@H]1[C@@H]2C(=O)C[C@@]2(C)[C@H]1CC[C@]2(O)C(=O)CO,0,O=C1C=C2CCC3C4CCCC4CC(=O)C3C2CC1,0.2436511983681795,0,0.16643469759852775
C#C[C@]1(O)CC[C@H]2[C@@H]3CCc4cc(OC)ccc4[C@H]3CC[C@@]21C,1,c1ccc2c(c1)CCC1C2CCC2CCCC21,C#C[C@]1(O)CC[C@H]2[C@@H]3CCc4cc(O)ccc4[C@H]3CC[C@@]21C,0,c1ccc2c(c1)CCC1C2CCC2CCCC21,0.7546218487394959,1,0.5643721062195162
C#C[C@]1(O)CC[C@H]2[C@@H]3CCc4cc(OC)ccc4[C@H]3CC[C@@]21C,1,c1ccc2c(c1)CCC1C2CCC2CCCC21,C#C[C@]1(O)CC[C@H]2[C@@H]3CCC4=Cc5oncc5C[C@]4(C)[C@H]3CC[C@@]21C,0,C1=C2CCC3C4CCCC4CCC3C2Cc2cnoc21,0.41170358217117853,1,0.5774036528693065
C#C[C@]1(O)CC[C@H]2[C@@H]3CCc4cc(OC)ccc4[C@H]3CC[C@@]21C,1,c1ccc2c(c1)CCC1C2CCC2CCCC21,COc1cccc([C@@]2(O)CCCC[C@@H]2CN(C)C)c1,0,c1ccc(C2CCCCC2)cc1,0.29087809036658147,0,0.3455406931177548
C#C[C@]1(O)CC[C@H]2[C@@H]3CCc4cc(OC)ccc4[C@H]3CC[C@@]21C,1,c1ccc2c(c1)CCC1C2CCC2CCCC21,CC#C[C@]1(O)CC[C@H]2[C@@H]3CCC4=CC(=O)CCC4=C3[C@@H](c3ccc(N(C)C)cc3)C[C@@]21C,0,O=C1C=C2CCC3C(=C2CC1)C(c1ccccc1)CC1CCCC13,0.28336134453781514,0,0.44476881250539824
CC(C)c1cc(C(C)C)c(CC(=O)NS(=O)(=O)Oc2c(C(C)C)cccc2C(C)C)c(C(C)C)c1,0,O=C(Cc1ccccc1)NS(=O)(=O)Oc1ccccc1,Cc1cccc(C)c1NC(=O)[C@H](C)N,0,c1ccccc1,0.2475925925925926,0,0.07168652818293425
CC(C)c1cc(C(C)C)c(CC(=O)NS(=O)(=O)Oc2c(C(C)C)cccc2C(C)C)c(C(C)C)c1,0,O=C(Cc1ccccc1)NS(=O)(=O)Oc1ccccc1,C[C@@H](C(=O)O)c1cccc(C(=O)c2ccccc2)c1,0,O=C(c1ccccc1)c1ccccc1,0.24071428571428571,0,0.11641129218695312
CC(C)c1cc(C(C)C)c(CC(=O)NS(=O)(=O)Oc2c(C(C)C)cccc2C(C)C)c(C(C)C)c1,0,O=C(Cc1ccccc1)NS(=O)(=O)Oc1ccccc1,Cc1cccc(C)c1OC[C@@H](C)N,0,c1ccccc1,0.2390268123138034,0,0.07018780251166166
CC(C)c1cc(C(C)C)c(CC(=O)NS(=O)(=O)Oc2c(C(C)C)cccc2C(C)C)c(C(C)C)c1,0,O=C(Cc1ccccc1)NS(=O)(=O)Oc1ccccc1,C[C@H](N)C(=O)c1ccccc1,0,c1ccccc1,0.22254901960784318,0,0.04629790086681344
C[C@H]1c2cccc(O)c2C(=O)C2=C(O)[C@]3(O)C(=O)C(C(N)=O)=C(O)[C@@H](N(C)C)[C@@H]3[C@@H](O)[C@@H]21,0,O=C1C2=CC3C(=O)C=CCC3CC2Cc2ccccc21,CN(C)[C@@H]1C(O)=C(C(N)=O)C(=O)[C@@]2(O)C(O)=C3C(=O)c4c(O)cccc4[C@@](C)(O)[C@H]3C[C@@H]12,0,O=C1C2=CC3C(=O)C=CCC3CC2Cc2ccccc21,0.5745670715947273,0,0.03116802709131495
C[C@H]1c2cccc(O)c2C(=O)C2=C(O)[C@]3(O)C(=O)C(C(N)=O)=C(O)[C@@H](N(C)C)[C@@H]3[C@@H](O)[C@@H]21,0,O=C1C2=CC3C(=O)C=CCC3CC2Cc2ccccc21,COc1cccc2c1C(=O)c1c(O)c3c(c(O)c1C2=O)C[C@@](O)(C(C)=O)C[C@@H]3O[C@H]1C[C@H](N)[C@H](O)[C@H](C)O1,0,O=C1c2ccccc2C(=O)c2cc3c(cc21)CCCC3OC1CCCCO1,0.20310679611650487,0,0.004430820097006586
C[C@H]1c2cccc(O)c2C(=O)C2=C(O)[C@]3(O)C(=O)C(C(N)=O)=C(O)[C@@H](N(C)C)[C@@H]3[C@@H](O)[C@@H]21,0,O=C1C2=CC3C(=O)C=CCC3CC2Cc2ccccc21,COc1cccc2c1C(=O)c1c(O)c3c(c(O)c1C2=O)C[C@@](O)(C(=O)CO)C[C@@H]3O[C@H]1C[C@H](N)[C@H](O)[C@H](C)O1,0,O=C1c2ccccc2C(=O)c2cc3c(cc21)CCCC3OC1CCCCO1,0.19751495628163832,0,0.0007893650499150516
C[C@H]1c2cccc(O)c2C(=O)C2=C(O)[C@]3(O)C(=O)C(C(N)=O)=C(O)[C@@H](N(C)C)[C@@H]3[C@@H](O)[C@@H]21,0,O=C1C2=CC3C(=O)C=CCC3CC2Cc2ccccc21,CO[C@H]1C=CO[C@@]2(C)Oc3c(C)c(O)c4c(O)c(cc(O)c4c3C2=O)NC(=O)C(C)=CC=C[C@H](C)[C@H](O)[C@@H](C)[C@@H](O)[C@@H](C)[C@H](OC(C)=O)[C@H]1C,0,O=C1C=CC=CCCCCCCCCC=COC2Oc3ccc4cc(ccc4c3C2=O)N1,0.17878787878787877,0,0.0033679715035722967
CN(C)[C@@H]1C(O)=C(C(N)=O)C(=O)[C@@]2(O)C(O)=C3C(=O)c4c(O)cccc4[C@@](C)(O)[C@H]3C[C@@H]12,0,O=C1C2=CC3C(=O)C=CCC3CC2Cc2ccccc21,C[C@H]1c2cccc(O)c2C(=O)C2=C(O)[C@]3(O)C(=O)C(C(N)=O)=C(O)[C@@H](N(C)C)[C@@H]3[C@@H](O)[C@@H]21,0,O=C1C2=CC3C(=O)C=CCC3CC2Cc2ccccc21,0.5745670715947273,0,0.05940807533129515
CN(C)[C@@H]1C(O)=C(C(N)=O)C(=O)[C@@]2(O)C(O)=C3C(=O)c4c(O)cccc4[C@@](C)(O)[C@H]3C[C@@H]12,0,O=C1C2=CC3C(=O)C=CCC3CC2Cc2ccccc21,COc1cccc2c1C(=O)c1c(O)c3c(c(O)c1C2=O)C[C@@](O)(C(C)=O)C[C@@H]3O[C@H]1C[C@H](N)[C@H](O)[C@H](C)O1,0,O=C1c2ccccc2C(=O)c2cc3c(cc21)CCCC3OC1CCCCO1,0.19384615384615386,0,0.004074328307803781
CN(C)[C@@H]1C(O)=C(C(N)=O)C(=O)[C@@]2(O)C(O)=C3C(=O)c4c(O)cccc4[C@@](C)(O)[C@H]3C[C@@H]12,0,O=C1C2=CC3C(=O)C=CCC3CC2Cc2ccccc21,CC#C[C@]1(O)CC[C@H]2[C@@H]3CCC4=CC(=O)CCC4=C3[C@@H](c3ccc(N(C)C)cc3)C[C@@]21C,0,O=C1C=C2CCC3C(=C2CC1)C(c1ccccc1)CC1CCCC13,0.19020408163265307,0,0.06010201743587026
CN(C)[C@@H]1C(O)=C(C(N)=O)C(=O)[C@@]2(O)C(O)=C3C(=O)c4c(O)cccc4[C@@](C)(O)[C@H]3C[C@@H]12,0,O=C1C2=CC3C(=O)C=CCC3CC2Cc2ccccc21,COc1cccc2c1C(=O)c1c(O)c3c(c(O)c1C2=O)C[C@@](O)(C(=O)CO)C[C@@H]3O[C@H]1C[C@H](N)[C@H](O)[C@H](C)O1,0,O=C1c2ccccc2C(=O)c2cc3c(cc21)CCCC3OC1CCCCO1,0.18855710052427627,0,0.0007401790438298355
CC[C@H]1OC(=O)[C@H](C)[C@@H](O[C@H]2C[C@@](C)(OC)[C@@H](O)[C@H](C)O2)[C@H](C)[C@@H](O[C@@H]2O[C@H](C)C[C@H](N(C)C)[C@H]2O)[C@](C)(O)C[C@@H](C)/C(=N\OCOCCOC)[C@H](C)[C@@H](O)[C@]1(C)O,0,N=C1CCCCOC(=O)CC(OC2CCCCO2)CC(OC2CCCCO2)CCC1,CC[C@H]1OC(=O)[C@H](C)[C@@H](O[C@H]2C[C@@](C)(OC)[C@@H](O)[C@H](C)O2)[C@H](C)[C@@H](O[C@@H]2O[C@H](C)C[C@H](N(C)C)[C@H]2O)[C@](C)(O)C[C@@H](C)C(=O)[C@H](C)[C@@H](O)[C@]1(C)O,0,O=C1CCCCOC(=O)CC(OC2CCCCO2)CC(OC2CCCCO2)CCC1,0.7734645525788227,0,2.799972776618913e-06
CC[C@H]1OC(=O)[C@H](C)[C@@H](O[C@H]2C[C@@](C)(OC)[C@@H](O)[C@H](C)O2)[C@H](C)[C@@H](O[C@@H]2O[C@H](C)C[C@H](N(C)C)[C@H]2O)[C@](C)(O)C[C@@H](C)/C(=N\OCOCCOC)[C@H](C)[C@@H](O)[C@]1(C)O,0,N=C1CCCCOC(=O)CC(OC2CCCCO2)CC(OC2CCCCO2)CCC1,CC[C@H]1OC(=O)[C@H](C)[C@@H](O[C@H]2C[C@@](C)(OC)[C@@H](O)[C@H](C)O2)[C@H](C)[C@@H](O[C@@H]2O[C@H](C)C[C@H](N(C)C)[C@H]2O)[C@](C)(OC)C[C@@H](C)C(=O)[C@H](C)[C@@H](O)[C@]1(C)O,0,O=C1CCCCOC(=O)CC(OC2CCCCO2)CC(OC2CCCCO2)CCC1,0.7093718166383701,0,2.997786541066535e-06
CC[C@H]1OC(=O)[C@H](C)[C@@H](O[C@H]2C[C@@](C)(OC)[C@@H](O)[C@H](C)O2)[C@H](C)[C@@H](O[C@@H]2O[C@H](C)C[C@H](N(C)C)[C@H]2O)[C@](C)(O)C[C@@H](C)/C(=N\OCOCCOC)[C@H](C)[C@@H](O)[C@]1(C)O,0,N=C1CCCCOC(=O)CC(OC2CCCCO2)CC(OC2CCCCO2)CCC1,CC[C@H]1OC(=O)[C@H](C)[C@@H](O[C@H]2C[C@@](C)(OC)[C@@H](O)[C@H](C)O2)[C@H](C)[C@@H](O[C@@H]2O[C@H](C)C[C@H](N(C)C)[C@H]2O)[C@](C)(O)C[C@](C)(F)C(=O)[C@H](C)[C@@H](O)[C@]1(C)O,0,O=C1CCCCOC(=O)CC(OC2CCCCO2)CC(OC2CCCCO2)CCC1,0.6988520408163266,0,3.113656736470274e-06
CC[C@H]1OC(=O)[C@H](C)[C@@H](O[C@H]2C[C@@](C)(OC)[C@@H](O)[C@H](C)O2)[C@H](C)[C@@H](O[C@@H]2O[C@H](C)C[C@H](N(C)C)[C@H]2O)[C@](C)(O)C[C@@H](C)/C(=N\OCOCCOC)[C@H](C)[C@@H](O)[C@]1(C)O,0,N=C1CCCCOC(=O)CC(OC2CCCCO2)CC(OC2CCCCO2)CCC1,CC[C@H]1OC(=O)[C@H](C)[C@@H](O[C@H]2C[C@@](C)(OC)[C@@H](O)[C@H](C)O2)[C@H](C)[C@@H](O[C@@H]2O[C@H](C)C[C@H](N(C)C)[C@H]2O)[C@](C)(O)C[C@@H](C)[C@@H]2N[C@@H](COCCOC)O[C@H]([C@H]2C)[C@]1(C)O,0,O=C1CC(OC2CCCCO2)CC(OC2CCCCO2)CCCC2CC(CCO1)OCN2,0.6805208610151475,0,3.5064017128364565e-05
COC(=O)C1=C(C)NC(C)=C(C(=O)OCCN(C)Cc2ccccc2)[C@H]1c1cccc([N+](=O)[O-])c1,0,O=C(OCCNCc1ccccc1)C1=CNC=CC1c1ccccc1,CCOC(=O)C1=C(C)NC(C)=C(C(=O)OC)[C@@H]1c1cccc([N+](=O)[O-])c1,0,C1=CC(c2ccccc2)C=CN1,0.7029935851746258,0,0.019425246626630248
COC(=O)C1=C(C)NC(C)=C(C(=O)OCCN(C)Cc2ccccc2)[C@H]1c1cccc([N+](=O)[O-])c1,0,O=C(OCCNCc1ccccc1)C1=CNC=CC1c1ccccc1,COC(=O)C1=C(C)NC(C)=C(C(=O)OC/C=C/c2ccccc2)[C@H]1c1cccc([N+](=O)[O-])c1,0,O=C(OCC=Cc1ccccc1)C1=CNC=CC1c1ccccc1,0.6576470588235295,0,0.0232568375639076
COC(=O)C1=C(C)NC(C)=C(C(=O)OCCN(C)Cc2ccccc2)[C@H]1c1cccc([N+](=O)[O-])c1,0,O=C(OCCNCc1ccccc1)C1=CNC=CC1c1ccccc1,COCCOC(=O)C1=C(C)NC(C)=C(C(=O)OC(C)C)[C@@H]1c1cccc([N+](=O)[O-])c1,0,C1=CC(c2ccccc2)C=CN1,0.6255522388059702,0,0.015232121596381312
COC(=O)C1=C(C)NC(C)=C(C(=O)OCCN(C)Cc2ccccc2)[C@H]1c1cccc([N+](=O)[O-])c1,0,O=C(OCCNCc1ccccc1)C1=CNC=CC1c1ccccc1,CCCOCCOC(=O)C1=C(C)NC(C)=C(C(=O)OCCOCCC)C1c1cccc([N+](=O)[O-])c1,0,C1=CC(c2ccccc2)C=CN1,0.6168484848484849,0,0.005661618046440121
CCc1ccc(CCOc2ccc(C[C@@H]3SC(=O)NC3=O)cc2)nc1,0,O=C1NC(=O)C(Cc2ccc(OCCc3ccccn3)cc2)S1,CN(CCOc1ccc(NS(C)(=O)=O)cc1)CCc1ccc(NS(C)(=O)=O)cc1,0,c1ccc(CCNCCOc2ccccc2)cc1,0.25212121212121213,1,0.7357093037283997
CCc1ccc(CCOc2ccc(C[C@@H]3SC(=O)NC3=O)cc2)nc1,0,O=C1NC(=O)C(Cc2ccc(OCCc3ccccn3)cc2)S1,COCCc1ccc(OC[C@@H](O)CNC(C)C)cc1,0,c1ccccc1,0.24,0,0.26507884149053934
CCc1ccc(CCOc2ccc(C[C@@H]3SC(=O)NC3=O)cc2)nc1,0,O=C1NC(=O)C(Cc2ccc(OCCc3ccccn3)cc2)S1,CC(C)NC[C@H](O)COc1ccc(CCOCC2CC2)cc1,0,c1ccc(CCOCC2CC2)cc1,0.232015065913371,0,0.35129331361852995
CCc1ccc(CCOc2ccc(C[C@@H]3SC(=O)NC3=O)cc2)nc1,0,O=C1NC(=O)C(Cc2ccc(OCCc3ccccn3)cc2)S1,O=C(O)c1ccc(OCCn2ccnc2)cc1,0,c1ccc(OCCn2ccnc2)cc1,0.21969696969696972,0,0.37354342028973553
O=C1NCCN1CCN1CCC(c2cn(-c3ccc(F)cc3)c3ccc(Cl)cc23)CC1,0,O=C1NCCN1CCN1CCC(c2cn(-c3ccccc3)c3ccccc23)CC1,O=c1[nH]c2ccccc2n1CCCN1CCC(n2c(=O)[nH]c3cc(Cl)ccc32)CC1,0,O=c1[nH]c2ccccc2n1CCCN1CCC(n2c(=O)[nH]c3ccccc32)CC1,0.31702248252408843,0,0.04310248619893161
O=C1NCCN1CCN1CCC(c2cn(-c3ccc(F)cc3)c3ccc(Cl)cc23)CC1,0,O=C1NCCN1CCN1CCC(c2cn(-c3ccccc3)c3ccccc23)CC1,O=c1[nH]c2ccccc2n1C1CCN(CCCC(c2ccc(F)cc2)c2ccc(F)cc2)CC1,0,O=c1[nH]c2ccccc2n1C1CCN(CCCC(c2ccccc2)c2ccccc2)CC1,0.27051649928263993,0,0.03864827658252014
O=C1NCCN1CCN1CCC(c2cn(-c3ccc(F)cc3)c3ccc(Cl)cc23)CC1,0,O=C1NCCN1CCN1CCC(c2cn(-c3ccccc3)c3ccccc23)CC1,O=C(CCCN1CCC(O)(c2ccc(Cl)cc2)CC1)c1ccc(F)cc1,0,O=C(CCCN1CCC(c2ccccc2)CC1)c1ccccc1,0.2647773279352227,0,0.040977332393615014
O=C1NCCN1CCN1CCC(c2cn(-c3ccc(F)cc3)c3ccc(Cl)cc23)CC1,0,O=C1NCCN1CCN1CCC(c2cn(-c3ccccc3)c3ccccc23)CC1,COc1cc(C(C)=O)ccc1OCCCN1CCC(c2noc3cc(F)ccc23)CC1,0,c1ccc(OCCCN2CCC(c3noc4ccccc34)CC2)cc1,0.2539007092198582,0,0.015108619052025278
Cc1nnc2n1-c1sc(Br)cc1C(c1ccccc1Cl)=NC2,0,c1ccc(C2=NCc3nncn3-c3sccc32)cc1,Cc1nnc2n1-c1ccc(Cl)cc1C(c1ccccc1Cl)=NC2,0,c1ccc(C2=NCc3nncn3-c3ccccc32)cc1,0.6219227313566936,0,0.08331590859112772
Cc1nnc2n1-c1sc(Br)cc1C(c1ccccc1Cl)=NC2,0,c1ccc(C2=NCc3nncn3-c3sccc32)cc1,Cc1nnc2n1-c1ccc(Cl)cc1C(c1ccccc1)=NC2,0,c1ccc(C2=NCc3nncn3-c3ccccc32)cc1,0.4840417000801925,0,0.07892228443144869
Cc1nnc2n1-c1sc(Br)cc1C(c1ccccc1Cl)=NC2,0,c1ccc(C2=NCc3nncn3-c3sccc32)cc1,CN(C)Cc1nnc2n1-c1ccc(Cl)cc1C(c1ccccc1)=NC2,0,c1ccc(C2=NCc3nncn3-c3ccccc32)cc1,0.3626268656716418,0,0.09769379293057087
Cc1nnc2n1-c1sc(Br)cc1C(c1ccccc1Cl)=NC2,0,c1ccc(C2=NCc3nncn3-c3sccc32)cc1,CN1CCN=C(c2ccccc2)c2cc(Cl)ccc21,0,c1ccc(C2=NCCNc3ccccc32)cc1,0.25306122448979596,0,0.06482125240515703
COc1c(N2CCN[C@@H](C)C2)c(F)cc2c(=O)c(C(=O)O)cn(C3CC3)c12,0,O=c1ccn(C2CC2)c2cc(N3CCNCC3)ccc12,Cc1c(F)c(N2CCN[C@H](C)C2)cc2c1c(=O)c(C(=O)O)cn2C1CC1,0,O=c1ccn(C2CC2)c2cc(N3CCNCC3)ccc12,0.5715023474178403,0,0.04269806550723512
COc1c(N2CCN[C@@H](C)C2)c(F)cc2c(=O)c(C(=O)O)cn(C3CC3)c12,0,O=c1ccn(C2CC2)c2cc(N3CCNCC3)ccc12,O=C(O)c1cn(C2CC2)c2cc(N3CCNCC3)c(F)cc2c1=O,0,O=c1ccn(C2CC2)c2cc(N3CCNCC3)ccc12,0.5464285714285715,0,0.04020571996373645
COc1c(N2CCN[C@@H](C)C2)c(F)cc2c(=O)c(C(=O)O)cn(C3CC3)c12,0,O=c1ccn(C2CC2)c2cc(N3CCNCC3)ccc12,C[C@H]1COc2c(N3CCN(C)CC3)c(F)cc3c(=O)c(C(=O)O)cn1c23,0,O=c1ccn2c3c(c(N4CCNCC4)ccc13)OCC2,0.4834234234234235,0,0.052948497511446424
COc1c(N2CCN[C@@H](C)C2)c(F)cc2c(=O)c(C(=O)O)cn(C3CC3)c12,0,O=c1ccn(C2CC2)c2cc(N3CCNCC3)ccc12,CCn1cc(C(=O)O)c(=O)c2ccc(C)nc21,0,O=c1cc[nH]c2ncccc12,0.24594871794871798,0,0.020340563127564146
Cc1c(F)c(N2CCN[C@H](C)C2)cc2c1c(=O)c(C(=O)O)cn2C1CC1,0,O=c1ccn(C2CC2)c2cc(N3CCNCC3)ccc12,COc1c(N2CCN[C@@H](C)C2)c(F)cc2c(=O)c(C(=O)O)cn(C3CC3)c12,0,O=c1ccn(C2CC2)c2cc(N3CCNCC3)ccc12,0.5715023474178403,0,0.01435234487078412
Cc1c(F)c(N2CCN[C@H](C)C2)cc2c1c(=O)c(C(=O)O)cn2C1CC1,0,O=c1ccn(C2CC2)c2cc(N3CCNCC3)ccc12,O=C(O)c1cn(C2CC2)c2cc(N3CCNCC3)c(F)cc2c1=O,0,O=c1ccn(C2CC2)c2cc(N3CCNCC3)ccc12,0.5675524475524476,0,0.023481777046359738
Cc1c(F)c(N2CCN[C@H](C)C2)cc2c1c(=O)c(C(=O)O)cn2C1CC1,0,O=c1ccn(C2CC2)c2cc(N3CCNCC3)ccc12,C[C@H]1COc2c(N3CCN(C)CC3)c(F)cc3c(=O)c(C(=O)O)cn1c23,0,O=c1ccn2c3c(c(N4CCNCC4)ccc13)OCC2,0.34710395090141927,0,0.026452173977209007
Cc1c(F)c(N2CCN[C@H](C)C2)cc2c1c(=O)c(C(=O)O)cn2C1CC1,0,O=c1ccn(C2CC2)c2cc(N3CCNCC3)ccc12,CCn1cc(C(=O)O)c(=O)c2ccc(C)nc21,0,O=c1cc[nH]c2ncccc12,0.2451837355946945,0,0.010404050746154966
O=C(O)c1cn(C2CC2)c2cc(N3CCNCC3)c(F)cc2c1=O,0,O=c1ccn(C2CC2)c2cc(N3CCNCC3)ccc12,Cc1c(F)c(N2CCN[C@H](C)C2)cc2c1c(=O)c(C(=O)O)cn2C1CC1,0,O=c1ccn(C2CC2)c2cc(N3CCNCC3)ccc12,0.5675524475524476,0,0.026833095649519773
O=C(O)c1cn(C2CC2)c2cc(N3CCNCC3)c(F)cc2c1=O,0,O=c1ccn(C2CC2)c2cc(N3CCNCC3)ccc12,COc1c(N2CCN[C@@H](C)C2)c(F)cc2c(=O)c(C(=O)O)cn(C3CC3)c12,0,O=c1ccn(C2CC2)c2cc(N3CCNCC3)ccc12,0.5464285714285715,0,0.011709039985043797
O=C(O)c1cn(C2CC2)c2cc(N3CCNCC3)c(F)cc2c1=O,0,O=c1ccn(C2CC2)c2cc(N3CCNCC3)ccc12,C[C@H]1COc2c(N3CCN(C)CC3)c(F)cc3c(=O)c(C(=O)O)cn1c23,0,O=c1ccn2c3c(c(N4CCNCC4)ccc13)OCC2,0.4223645320197045,0,0.03065013681051349
O=C(O)c1cn(C2CC2)c2cc(N3CCNCC3)c(F)cc2c1=O,0,O=c1ccn(C2CC2)c2cc(N3CCNCC3)ccc12,CCn1cc(C(=O)O)c(=O)c2ccc(C)nc21,0,O=c1cc[nH]c2ncccc12,0.2617360041088855,0,0.011362548416760727
CC1(C)NC(=O)N(c2ccc([N+](=O)[O-])c(C(F)(F)F)c2)C1=O,0,O=C1CNC(=O)N1c1ccccc1,CC(C)C(=O)Nc1ccc([N+](=O)[O-])c(C(F)(F)F)c1,0,c1ccccc1,0.4223255813953489,0,0.13376644570848975
CC1(C)NC(=O)N(c2ccc([N+](=O)[O-])c(C(F)(F)F)c2)C1=O,0,O=C1CNC(=O)N1c1ccccc1,COC(=O)C1=C(C)NC(C)=C(C(=O)OC)C1c1ccccc1[N+](=O)[O-],0,C1=CC(c2ccccc2)C=CN1,0.2471655328798186,0,0.1188446993629082
CC1(C)NC(=O)N(c2ccc([N+](=O)[O-])c(C(F)(F)F)c2)C1=O,0,O=C1CNC(=O)N1c1ccccc1,Cc1ccc(C(=O)c2cc(O)c(O)c([N+](=O)[O-])c2)cc1,0,O=C(c1ccccc1)c1ccccc1,0.22865248226950355,0,0.07040031185891997
CC1(C)NC(=O)N(c2ccc([N+](=O)[O-])c(C(F)(F)F)c2)C1=O,0,O=C1CNC(=O)N1c1ccccc1,COC(=O)C1=C(C)NC(C)=C(C(=O)OCC(C)=O)[C@@H]1c1ccccc1[N+](=O)[O-],0,C1=CC(c2ccccc2)C=CN1,0.22348008385744234,0,0.07947647902311207
CCS(=O)(=O)CCn1c([N+](=O)[O-])cnc1C,0,c1c[nH]cn1,O=[N+]([O-])c1cncn1CCN1CCOCC1,0,c1cn(CCN2CCOCC2)cn1,0.2991423670668954,0,0.18874198819501906
CCS(=O)(=O)CCn1c([N+](=O)[O-])cnc1C,0,c1c[nH]cn1,CCOP(=S)(OCC)Oc1ccc([N+](=O)[O-])cc1,0,c1ccccc1,0.2038720538720539,0,0.2431417395020152
CCS(=O)(=O)CCn1c([N+](=O)[O-])cnc1C,0,c1c[nH]cn1,CC[C@@H]1C(=O)OC[C@@H]1Cc1cncn1C,0,O=C1CC(Cc2cnc[nH]2)CO1,0.18996886890349363,0,0.012668168952410344
CCS(=O)(=O)CCn1c([N+](=O)[O-])cnc1C,0,c1c[nH]cn1,CC(=O)CCCCn1c(=O)c2c(ncn2C)n(C)c1=O,0,O=c1[nH]c(=O)c2[nH]cnc2[nH]1,0.18826229508196723,0,0.18288030863335245
Cn1ccnc1S,0,c1c[nH]cn1,Cn1cnc2c1c(=O)[nH]c(=O)n2C,0,O=c1[nH]c(=O)c2[nH]cnc2[nH]1,0.20933660933660936,0,0.005030106778209827
Cn1ccnc1S,0,c1c[nH]cn1,Cn1c(=O)[nH]c2ncn(C)c2c1=O,0,O=c1[nH]c(=O)c2[nH]cnc2[nH]1,0.20933660933660936,0,0.005721063261766617
Cn1ccnc1S,0,c1c[nH]cn1,O=C(O)c1ccc(OCCn2ccnc2)cc1,0,c1ccc(OCCn2ccnc2)cc1,0.18432748538011695,0,0.005491192371190246
Cn1ccnc1S,0,c1c[nH]cn1,CC[C@@H]1C(=O)OC[C@@H]1Cc1cncn1C,0,O=C1CC(Cc2cnc[nH]2)CO1,0.1759725400457666,0,0.0005221813127452278
Cc1ncc([N+](=O)[O-])n1CCO,1,c1c[nH]cn1,CCS(=O)(=O)CCn1c([N+](=O)[O-])cnc1C,0,c1c[nH]cn1,0.6363499245852188,1,0.5463036140789114
Cc1ncc([N+](=O)[O-])n1CCO,1,c1c[nH]cn1,O=[N+]([O-])c1cncn1CCN1CCOCC1,0,c1cn(CCN2CCOCC2)cn1,0.32294673967147836,0,0.2731201389549683
Cc1ncc([N+](=O)[O-])n1CCO,1,c1c[nH]cn1,Cc1ccc(C(=O)c2cc(O)c(O)c([N+](=O)[O-])c2)cc1,0,O=C(c1ccccc1)c1ccccc1,0.21109123434704832,0,0.4610598416002655
Cc1ncc([N+](=O)[O-])n1CCO,1,c1c[nH]cn1,O=C(N[C@H](CO)[C@H](O)c1ccc([N+](=O)[O-])cc1)C(Cl)Cl,0,c1ccccc1,0.20166666666666672,1,0.5127441711995814
CN(C)/N=N\c1[nH]cnc1C(N)=O,0,c1c[nH]cn1,NNC(=O)c1ccncc1,0,c1ccncc1,0.1864801864801865,0,0.20184393656202448
CN(C)/N=N\c1[nH]cnc1C(N)=O,0,c1c[nH]cn1,CN/C(=N\C#N)NCCSCc1nc[nH]c1C,0,c1c[nH]cn1,0.181990231990232,0,0.0666520932179875
CN(C)/N=N\c1[nH]cnc1C(N)=O,0,c1c[nH]cn1,CN[C@@H]1CCc2[nH]c3ccc(C(N)=O)cc3c2C1,0,c1ccc2c3c([nH]c2c1)CCCC3,0.17589774802191113,0,0.03785280835643294
CN(C)/N=N\c1[nH]cnc1C(N)=O,0,c1c[nH]cn1,C[C@H](N)C(=O)c1ccccc1,0,c1ccccc1,0.1568768768768769,0,0.1768995460510721
CN/C(=N\C#N)NCCSCc1nc[nH]c1C,0,c1c[nH]cn1,C[C@H](N/C(=N\C#N)Nc1ccncc1)C(C)(C)C,0,c1ccncc1,0.2375,0,0.21836606039105003
CN/C(=N\C#N)NCCSCc1nc[nH]c1C,0,c1c[nH]cn1,CN/C(=C\[N+](=O)[O-])NCCSCc1ccc(CN(C)C)o1,0,c1ccoc1,0.2259242957746479,0,0.012817167238368763
CN/C(=N\C#N)NCCSCc1nc[nH]c1C,0,c1c[nH]cn1,CN(C)/N=N\c1[nH]cnc1C(N)=O,0,c1c[nH]cn1,0.181990231990232,0,0.027070350345560296
CN/C(=N\C#N)NCCSCc1nc[nH]c1C,0,c1c[nH]cn1,NC(N)=Nc1nc(CSCC/N=C/NS(=O)(=O)c2ccc(Br)cc2)cs1,0,O=S(=O)(NC=NCCSCc1cscn1)c1ccccc1,0.15669117647058825,0,0.01060557980394895
C[C@]12C=CC(=O)N[C@@H]1CC[C@@H]1[C@@H]2CC[C@]2(C)[C@@H](C(=O)Nc3cc(C(F)(F)F)ccc3C(F)(F)F)CC[C@@H]12,0,O=C1C=CC2C(CCC3C2CCC2C(C(=O)Nc4ccccc4)CCC23)N1,CC(=O)[C@H]1CC[C@H]2[C@@H]3CC[C@H]4C[C@](C)(O)CC[C@]4(C)[C@H]3CC[C@]12C,0,C1CCC2C(C1)CCC1C3CCCC3CCC21,0.28601986249045075,0,0.007253991180467879
C[C@]12C=CC(=O)N[C@@H]1CC[C@@H]1[C@@H]2CC[C@]2(C)[C@@H](C(=O)Nc3cc(C(F)(F)F)ccc3C(F)(F)F)CC[C@@H]12,0,O=C1C=CC2C(CCC3C2CCC2C(C(=O)Nc4ccccc4)CCC23)N1,C[C@]12CC[C@H]3[C@@H](CCC4=CC(=O)C=C[C@@]43C)[C@@H]1CC[C@@H]2O,0,O=C1C=CC2C(=C1)CCC1C3CCCC3CCC21,0.26455667789001125,0,0.043597423503547145
C[C@]12C=CC(=O)N[C@@H]1CC[C@@H]1[C@@H]2CC[C@]2(C)[C@@H](C(=O)Nc3cc(C(F)(F)F)ccc3C(F)(F)F)CC[C@@H]12,0,O=C1C=CC2C(CCC3C2CCC2C(C(=O)Nc4ccccc4)CCC23)N1,CC(=O)[C@H]1CC[C@H]2[C@@H]3CC=C4C[C@@H](O)CC[C@]4(C)[C@H]3CC[C@]12C,0,C1=C2CCCCC2C2CCC3CCCC3C2C1,0.25932092004381163,0,0.025492627304173694
C[C@]12C=CC(=O)N[C@@H]1CC[C@@H]1[C@@H]2CC[C@]2(C)[C@@H](C(=O)Nc3cc(C(F)(F)F)ccc3C(F)(F)F)CC[C@@H]12,0,O=C1C=CC2C(CCC3C2CCC2C(C(=O)Nc4ccccc4)CCC23)N1,CC(C)C(=O)Nc1ccc([N+](=O)[O-])c(C(F)(F)F)c1,0,c1ccccc1,0.23555353489429415,0,0.05395717713024442
CCc1nn(CCCN2CCN(c3cccc(Cl)c3)CC2)c(=O)n1CC,1,O=c1[nH]cnn1CCCN1CCN(c2ccccc2)CC1,O=c1n(CCCN2CCN(c3cccc(Cl)c3)CC2)nc2ccccn12,0,O=c1n(CCCN2CCN(c3ccccc3)CC2)nc2ccccn12,0.615058670143416,0,0.3307924335610384
CCc1nn(CCCN2CCN(c3cccc(Cl)c3)CC2)c(=O)n1CC,1,O=c1[nH]cnn1CCCN1CCN(c2ccccc2)CC1,O=c1[nH]c2ccccc2n1CCCN1CCC(n2c(=O)[nH]c3cc(Cl)ccc32)CC1,0,O=c1[nH]c2ccccc2n1CCCN1CCC(n2c(=O)[nH]c3ccccc32)CC1,0.3049122807017544,0,0.39179103004232635
CCc1nn(CCCN2CCN(c3cccc(Cl)c3)CC2)c(=O)n1CC,1,O=c1[nH]cnn1CCCN1CCN(c2ccccc2)CC1,O=C1CCc2ccc(OCCCCN3CCN(c4cccc(Cl)c4Cl)CC3)cc2N1,0,O=C1CCc2ccc(OCCCCN3CCN(c4ccccc4)CC3)cc2N1,0.28769230769230775,0,0.21709402491276036
CCc1nn(CCCN2CCN(c3cccc(Cl)c3)CC2)c(=O)n1CC,1,O=c1[nH]cnn1CCCN1CCN(c2ccccc2)CC1,CC1(C)CC(=O)N(CCCCN2CCN(c3ncccn3)CC2)C(=O)C1,0,O=C1CCCC(=O)N1CCCCN1CCN(c2ncccn2)CC1,0.2793246880352337,0,0.47637103453500124
COC(=O)C1=C(C)NC(C)=C(C(=O)OC(C)(C)CN(C)CCC(c2ccccc2)c2ccccc2)[C@H]1c1cccc([N+](=O)[O-])c1,0,O=C(OCCNCCC(c1ccccc1)c1ccccc1)C1=CNC=CC1c1ccccc1,COC(=O)C1=C(C)NC(C)=C(C(=O)OCCN(C)Cc2ccccc2)[C@H]1c1cccc([N+](=O)[O-])c1,0,O=C(OCCNCc1ccccc1)C1=CNC=CC1c1ccccc1,0.6163533834586467,0,0.05740947198628982
COC(=O)C1=C(C)NC(C)=C(C(=O)OC(C)(C)CN(C)CCC(c2ccccc2)c2ccccc2)[C@H]1c1cccc([N+](=O)[O-])c1,0,O=C(OCCNCCC(c1ccccc1)c1ccccc1)C1=CNC=CC1c1ccccc1,CCOC(=O)C1=C(C)NC(C)=C(C(=O)OC)[C@@H]1c1cccc([N+](=O)[O-])c1,0,C1=CC(c2ccccc2)C=CN1,0.5931798806479114,0,0.019119796769111564
COC(=O)C1=C(C)NC(C)=C(C(=O)OC(C)(C)CN(C)CCC(c2ccccc2)c2ccccc2)[C@H]1c1cccc([N+](=O)[O-])c1,0,O=C(OCCNCCC(c1ccccc1)c1ccccc1)C1=CNC=CC1c1ccccc1,COC(=O)C1=C(C)NC(C)=C(C(=O)OC/C=C/c2ccccc2)[C@H]1c1cccc([N+](=O)[O-])c1,0,O=C(OCC=Cc1ccccc1)C1=CNC=CC1c1ccccc1,0.5621052631578948,0,0.08273273506462263
COC(=O)C1=C(C)NC(C)=C(C(=O)OC(C)(C)CN(C)CCC(c2ccccc2)c2ccccc2)[C@H]1c1cccc([N+](=O)[O-])c1,0,O=C(OCCNCCC(c1ccccc1)c1ccccc1)C1=CNC=CC1c1ccccc1,COC(=O)C1=C(C#N)NC(C)=C(C(=O)OC(C)C)[C@H]1c1cccc([N+](=O)[O-])c1,0,C1=CC(c2ccccc2)C=CN1,0.52,0,0.017146701375195528
COc1ccc(CCN(C)CCC[C@@](C#N)(c2cc(OC)c(OC)c(OC)c2)C(C)C)cc1OC,0,c1ccc(CCCCNCCc2ccccc2)cc1,CN(CCOc1ccc(NS(C)(=O)=O)cc1)CCc1ccc(NS(C)(=O)=O)cc1,0,c1ccc(CCNCCOc2ccccc2)cc1,0.2636150234741784,0,0.41967725332710687
COc1ccc(CCN(C)CCC[C@@](C#N)(c2cc(OC)c(OC)c(OC)c2)C(C)C)cc1OC,0,c1ccc(CCCCNCCc2ccccc2)cc1,COc1ccc(Cc2nccc3cc(OC)c(OC)cc23)cc1OC,0,c1ccc(Cc2nccc3ccccc23)cc1,0.25396546678372844,0,0.26706730219266483
COc1ccc(CCN(C)CCC[C@@](C#N)(c2cc(OC)c(OC)c(OC)c2)C(C)C)cc1OC,0,c1ccc(CCCCNCCc2ccccc2)cc1,CNC(=O)c1cccc(NCC(=O)NCCc2ccc(OC)c(OC)c2)c1,0,O=C(CNc1ccccc1)NCCc1ccccc1,0.24757747708424271,0,0.22147691789835044
COc1ccc(CCN(C)CCC[C@@](C#N)(c2cc(OC)c(OC)c(OC)c2)C(C)C)cc1OC,0,c1ccc(CCCCNCCc2ccccc2)cc1,COc1cc2c(cc1OC)C(=O)[C@H](CC1CCN(Cc3ccccc3)CC1)C2,0,O=C1c2ccccc2CC1CC1CCN(Cc2ccccc2)CC1,0.22634146341463415,0,0.06600641380217379
COc1ccc(CCN(C)CCC[C@@](C#N)(c2ccc(OC)c(OC)c2)C(C)C)cc1OC,1,c1ccc(CCCCNCCc2ccccc2)cc1,COc1ccc(CCN(C)CCC[C@@](C#N)(c2cc(OC)c(OC)c(OC)c2)C(C)C)cc1OC,0,c1ccc(CCCCNCCc2ccccc2)cc1,0.8867521367521368,1,0.6237304261219303
COc1ccc(CCN(C)CCC[C@@](C#N)(c2ccc(OC)c(OC)c2)C(C)C)cc1OC,1,c1ccc(CCCCNCCc2ccccc2)cc1,CN(CCOc1ccc(NS(C)(=O)=O)cc1)CCc1ccc(NS(C)(=O)=O)cc1,0,c1ccc(CCNCCOc2ccccc2)cc1,0.2733416770963705,0,0.4981041399949545
COc1ccc(CCN(C)CCC[C@@](C#N)(c2ccc(OC)c(OC)c2)C(C)C)cc1OC,1,c1ccc(CCCCNCCc2ccccc2)cc1,COc1ccc(Cc2nccc3cc(OC)c(OC)cc23)cc1OC,0,c1ccc(Cc2nccc3ccccc23)cc1,0.2645,0,0.35457934915262646
COc1ccc(CCN(C)CCC[C@@](C#N)(c2ccc(OC)c(OC)c2)C(C)C)cc1OC,1,c1ccc(CCCCNCCc2ccccc2)cc1,CNC(=O)c1cccc(NCC(=O)NCCc2ccc(OC)c(OC)c2)c1,0,O=C(CNc1ccccc1)NCCc1ccccc1,0.256140350877193,0,0.3578352338960527
O[C@@H](c1cc(C(F)(F)F)nc2c(C(F)(F)F)cccc12)[C@H]1CCCCN1,0,c1ccc2c(CC3CCCCN3)ccnc2c1,COC(=O)[C@H](c1ccccc1)[C@H]1CCCCN1,0,c1ccc(CC2CCCCN2)cc1,0.32745227123107307,0,0.018979045232864193
O[C@@H](c1cc(C(F)(F)F)nc2c(C(F)(F)F)cccc12)[C@H]1CCCCN1,0,c1ccc2c(CC3CCCCN3)ccnc2c1,CCN[C@H](C)Cc1cccc(C(F)(F)F)c1,0,c1ccccc1,0.20928433268858804,0,0.08647678270614477
O[C@@H](c1cc(C(F)(F)F)nc2c(C(F)(F)F)cccc12)[C@H]1CCCCN1,0,c1ccc2c(CC3CCCCN3)ccnc2c1,OC(c1ccccc1)(c1ccccc1)C1CCNCC1,0,c1ccc(C(c2ccccc2)C2CCNCC2)cc1,0.20318840579710146,0,0.019597410343982425
O[C@@H](c1cc(C(F)(F)F)nc2c(C(F)(F)F)cccc12)[C@H]1CCCCN1,0,c1ccc2c(CC3CCCCN3)ccnc2c1,CC(C)NC[C@H](O)COc1cccc2ccccc12,0,c1ccc2ccccc2c1,0.2010893246187364,0,0.02909659505429995
CC1(C)CC(=O)N(CCCCN2CCN(c3ncccn3)CC2)C(=O)C1,0,O=C1CCCC(=O)N1CCCCN1CCN(c2ncccn2)CC1,O=C1CC2(CCCC2)CC(=O)N1CCCCN1CCN(c2ncccn2)CC1,0,O=C1CC2(CCCC2)CC(=O)N1CCCCN1CCN(c2ncccn2)CC1,0.7644444444444445,0,0.020227421601548147
CC1(C)CC(=O)N(CCCCN2CCN(c3ncccn3)CC2)C(=O)C1,0,O=C1CCCC(=O)N1CCCCN1CCN(c2ncccn2)CC1,O=C1[C@H]2CCCC[C@H]2C(=O)N1CCCCN1CCN(c2nsc3ccccc23)CC1,0,O=C1C2CCCCC2C(=O)N1CCCCN1CCN(c2nsc3ccccc23)CC1,0.3647222222222222,0,0.0006831061928917989
CC1(C)CC(=O)N(CCCCN2CCN(c3ncccn3)CC2)C(=O)C1,0,O=C1CCCC(=O)N1CCCCN1CCN(c2ncccn2)CC1,O=C1CCc2ccc(OCCCCN3CCN(c4cccc(Cl)c4Cl)CC3)cc2N1,0,O=C1CCc2ccc(OCCCCN3CCN(c4ccccc4)CC3)cc2N1,0.2842387659289068,0,0.00693913418471443
CC1(C)CC(=O)N(CCCCN2CCN(c3ncccn3)CC2)C(=O)C1,0,O=C1CCCC(=O)N1CCCCN1CCN(c2ncccn2)CC1,CN1CCN(CCCCN2C(=O)CN(/N=C\c3ccc(-c4ccc(Cl)cc4)o3)C2=O)CC1,0,O=C1CN(N=Cc2ccc(-c3ccccc3)o2)C(=O)N1CCCCN1CCNCC1,0.27890772128060265,0,0.002054853179642351
CO[C@H]1C=CO[C@@]2(C)Oc3c(C)c(O)c4c(O)c(cc(O)c4c3C2=O)NC(=O)C(C)=CC=C[C@H](C)[C@H](O)[C@@H](C)[C@@H](O)[C@@H](C)[C@H](OC(C)=O)[C@H]1C,0,O=C1C=CC=CCCCCCCCCC=COC2Oc3ccc4cc(ccc4c3C2=O)N1,CO[C@H]1C=CO[C@@]2(C)Oc3c(C)c(O)c4c(c3C2=O)C2=NC3(CCN(CC(C)C)CC3)NC2=C(NC(=O)C(C)=CC=C[C@H](C)[C@H](O)[C@@H](C)[C@@H](O)[C@@H](C)[C@H](OC(C)=O)[C@@H]1C)C4=O,0,O=C1C=CC=CCCCCCCCCC=COC2Oc3ccc4c(c3C2=O)C2=NC3(CCNCC3)NC2=C(N1)C4=O,0.5763914373088685,0,0.00012421332960416492
CO[C@H]1C=CO[C@@]2(C)Oc3c(C)c(O)c4c(O)c(cc(O)c4c3C2=O)NC(=O)C(C)=CC=C[C@H](C)[C@H](O)[C@@H](C)[C@@H](O)[C@@H](C)[C@H](OC(C)=O)[C@H]1C,0,O=C1C=CC=CCCCCCCCCC=COC2Oc3ccc4cc(ccc4c3C2=O)N1,C[C@H]1c2cccc(O)c2C(=O)C2=C(O)[C@]3(O)C(=O)C(C(N)=O)=C(O)[C@@H](N(C)C)[C@@H]3[C@@H](O)[C@@H]21,0,O=C1C2=CC3C(=O)C=CCC3CC2Cc2ccccc21,0.17878787878787877,0,6.564797305649638e-05
CO[C@H]1C=CO[C@@]2(C)Oc3c(C)c(O)c4c(O)c(cc(O)c4c3C2=O)NC(=O)C(C)=CC=C[C@H](C)[C@H](O)[C@@H](C)[C@@H](O)[C@@H](C)[C@H](OC(C)=O)[C@H]1C,0,O=C1C=CC=CCCCCCCCCC=COC2Oc3ccc4cc(ccc4c3C2=O)N1,CO[C@@H]1[C@@H](O[C@@H]2O[C@H](C)[C@@H](O[C@H]3C[C@@](C)(O)[C@@H](OC(=O)CC(C)C)[C@H](C)O3)[C@H](N(C)C)[C@H]2O)[C@@H](CC=O)C[C@@H](C)[C@@H](O)C=CC=CC[C@@H](C)OC(=O)C[C@H]1OC(C)=O,0,O=C1CCCC(OC2CCC(OC3CCCCO3)CO2)CCCCC=CC=CCCO1,0.16684313179158541,0,1.303783949180684e-05
CO[C@H]1C=CO[C@@]2(C)Oc3c(C)c(O)c4c(O)c(cc(O)c4c3C2=O)NC(=O)C(C)=CC=C[C@H](C)[C@H](O)[C@@H](C)[C@@H](O)[C@@H](C)[C@H](OC(C)=O)[C@H]1C,0,O=C1C=CC=CCCCCCCCCC=COC2Oc3ccc4cc(ccc4c3C2=O)N1,COc1cccc2c1C(=O)c1c(O)c3c(c(O)c1C2=O)C[C@@](O)(C(C)=O)C[C@@H]3O[C@H]1C[C@H](N)[C@H](O)[C@H](C)O1,0,O=C1c2ccccc2C(=O)c2cc3c(cc21)CCCC3OC1CCCCO1,0.16629787234042553,0,0.0005154061711690972
CC[C@]1(C)C[C@@H](OC(=O)CSc2n[nH]c(N)n2)[C@@]2(C)[C@@H]3C(=O)CC[C@@]3(CC[C@@H]2C)[C@@H](C)[C@@H]1O,0,O=C(CSc1nc[nH]n1)OC1CCCCC23CCCC1C2C(=O)CC3,C[C@H]1C[C@H]2[C@@H]3CCC4=CC(=O)C=C[C@]4(C)[C@@]3(Cl)[C@@H](O)C[C@]2(C)[C@@]1(O)C(=O)CO,0,O=C1C=CC2C(=C1)CCC1C3CCCC3CCC21,0.18292748193738295,0,0.054815701044927195
CC[C@]1(C)C[C@@H](OC(=O)CSc2n[nH]c(N)n2)[C@@]2(C)[C@@H]3C(=O)CC[C@@]3(CC[C@@H]2C)[C@@H](C)[C@@H]1O,0,O=C(CSc1nc[nH]n1)OC1CCCCC23CCCC1C2C(=O)CC3,C[C@H]1C[C@H]2[C@@H]3CCC4=CC(=O)C=C[C@]4(C)[C@@]3(F)[C@@H](O)C[C@]2(C)[C@@]1(O)C(=O)CO,0,O=C1C=CC2C(=C1)CCC1C3CCCC3CCC21,0.18292748193738295,0,0.052012109045691396
CC[C@]1(C)C[C@@H](OC(=O)CSc2n[nH]c(N)n2)[C@@]2(C)[C@@H]3C(=O)CC[C@@]3(CC[C@@H]2C)[C@@H](C)[C@@H]1O,0,O=C(CSc1nc[nH]n1)OC1CCCCC23CCCC1C2C(=O)CC3,C[C@@H]1C[C@H]2[C@@H]3CCC4=CC(=O)C=C[C@]4(C)[C@@]3(F)[C@@H](O)C[C@]2(C)[C@@]1(O)C(=O)CO,0,O=C1C=CC2C(=C1)CCC1C3CCCC3CCC21,0.18292748193738295,0,0.052012109045691396
CC[C@]1(C)C[C@@H](OC(=O)CSc2n[nH]c(N)n2)[C@@]2(C)[C@@H]3C(=O)CC[C@@]3(CC[C@@H]2C)[C@@H](C)[C@@H]1O,0,O=C(CSc1nc[nH]n1)OC1CCCCC23CCCC1C2C(=O)CC3,C[C@]12C=CC(=O)C=C1CC[C@@H]1[C@@H]2[C@@H](O)C[C@@]2(C)[C@H]1CC[C@]2(O)C(=O)CO,0,O=C1C=CC2C(=C1)CCC1C3CCCC3CCC21,0.17974025974025976,0,0.05350660362974019
Cc1cccc(Nc2ccncc2S(=O)(=O)NC(=O)NC(C)C)c1,1,c1ccc(Nc2ccncc2)cc1,C[C@@H](NC(C)(C)C)C(=O)c1cccc(Cl)c1,0,c1ccccc1,0.2306372549019608,1,0.7372133162063396
Cc1cccc(Nc2ccncc2S(=O)(=O)NC(=O)NC(C)C)c1,1,c1ccc(Nc2ccncc2)cc1,Cc1cccc(C)c1NC(=O)[C@H](C)N,0,c1ccccc1,0.22439716312056737,1,0.5453669923936854
Cc1cccc(Nc2ccncc2S(=O)(=O)NC(=O)NC(C)C)c1,1,c1ccc(Nc2ccncc2)cc1,CC(C)c1cc(C(C)C)c(CC(=O)NS(=O)(=O)Oc2c(C(C)C)cccc2C(C)C)c(C(C)C)c1,0,O=C(Cc1ccccc1)NS(=O)(=O)Oc1ccccc1,0.2177777777777778,1,0.9580787191888973
Cc1cccc(Nc2ccncc2S(=O)(=O)NC(=O)NC(C)C)c1,1,c1ccc(Nc2ccncc2)cc1,Cc1ccc(NC(=O)c2ccc(CN3CCN(C)CC3)cc2)cc1Nc1nccc(-c2cccnc2)n1,0,O=C(Nc1cccc(Nc2nccc(-c3cccnc3)n2)c1)c1ccc(CN2CCNCC2)cc1,0.21561477325853204,1,0.8687455244762292
CCCc1nn(C)c2c(=O)nc(-c3cc(S(=O)(=O)N4CCN(C)CC4)ccc3OCC)[nH]c12,1,O=c1nc(-c2cccc(S(=O)(=O)N3CCNCC3)c2)[nH]c2cn[nH]c12,CCOCCn1c(N2CCCN(C)CC2)nc2ccccc21,0,c1ccc2[nH]c(N3CCCNCC3)nc2c1,0.21401720293086973,1,0.9071516687986402
CCCc1nn(C)c2c(=O)nc(-c3cc(S(=O)(=O)N4CCN(C)CC4)ccc3OCC)[nH]c12,1,O=c1nc(-c2cccc(S(=O)(=O)N3CCNCC3)c2)[nH]c2cn[nH]c12,CCN1CCC[C@@H]1CNC(=O)c1cc(S(N)(=O)=O)ccc1OC,0,O=C(NCC1CCCN1)c1ccccc1,0.20417843026538682,1,0.9582959099735715
CCCc1nn(C)c2c(=O)nc(-c3cc(S(=O)(=O)N4CCN(C)CC4)ccc3OCC)[nH]c12,1,O=c1nc(-c2cccc(S(=O)(=O)N3CCNCC3)c2)[nH]c2cn[nH]c12,CCOC(=O)C1(c2ccccc2)CCN(C)CC1,0,c1ccc(C2CCNCC2)cc1,0.19923076923076927,1,0.9279689881594037
CCCc1nn(C)c2c(=O)nc(-c3cc(S(=O)(=O)N4CCN(C)CC4)ccc3OCC)[nH]c12,1,O=c1nc(-c2cccc(S(=O)(=O)N3CCNCC3)c2)[nH]c2cn[nH]c12,COc1cc2c(cc1OC)C(=O)[C@H](CC1CCN(Cc3ccccc3)CC1)C2,0,O=C1c2ccccc2CC1CC1CCN(Cc2ccccc2)CC1,0.18635265700483092,1,0.7706240225829141
CC(C)(C)NC[C@H](O)COc1nsnc1N1CCOCC1,0,c1nsnc1N1CCOCC1,CC(C)(C)NC[C@H](O)COc1ccccc1C#N,0,c1ccccc1,0.3846687211093991,0,0.0016677128356821678
CC(C)(C)NC[C@H](O)COc1nsnc1N1CCOCC1,0,c1nsnc1N1CCOCC1,CC(C)(C)NC[C@H](O)COc1ccccc1C1CCCC1,0,c1ccc(C2CCCC2)cc1,0.37823508894314617,0,0.003219458080630032
CC(C)(C)NC[C@H](O)COc1nsnc1N1CCOCC1,0,c1nsnc1N1CCOCC1,Cc1ccc(Cl)c(OC[C@@H](O)CNC(C)(C)C)c1,0,c1ccccc1,0.35659574468085103,0,0.0021302681626297086
CC(C)(C)NC[C@H](O)COc1nsnc1N1CCOCC1,0,c1nsnc1N1CCOCC1,CC(C)(C)NC[C@H](O)COc1cccc2c1CCC(=O)N2,0,O=C1CCc2ccccc2N1,0.3467124070897656,0,0.0010263274695982694
COc1ccc2c3c1O[C@H]1C[C@@H](O)C=C[C@@]31CCN(C)C2,0,C1=CC23CCNCc4cccc(c42)OC3CC1,COc1ccc2c3c1O[C@H]1[C@@H](O)CC[C@H]4[C@@H](C2)N(C)CC[C@@]341,0,c1cc2c3c(c1)OC1CCCC4C(C2)NCCC314,0.4144537815126051,0,0.04183596382228693
COc1ccc2c3c1O[C@H]1C[C@@H](O)C=C[C@@]31CCN(C)C2,0,C1=CC23CCNCc4cccc(c42)OC3CC1,COc1ccc2c3c1O[C@H]1C(=O)CC[C@@]4(O)[C@@H](C2)N(C)CC[C@]314,0,O=C1CCC2C3Cc4cccc5c4C2(CCN3)C1O5,0.4,0,0.058512788545225305
COc1ccc2c3c1O[C@H]1C[C@@H](O)C=C[C@@]31CCN(C)C2,0,C1=CC23CCNCc4cccc(c42)OC3CC1,COc1ccc2c3c1O[C@H]1C(=O)CC[C@H]4[C@@H](C2)N(C)CC[C@]314,0,O=C1CCC2C3Cc4cccc5c4C2(CCN3)C1O5,0.38119658119658123,0,0.07595397906355457
COc1ccc2c3c1O[C@H]1C[C@@H](O)C=C[C@@]31CCN(C)C2,0,C1=CC23CCNCc4cccc(c42)OC3CC1,CCOC(=O)C1(c2ccccc2)CCN(C)CC1,0,c1ccc(C2CCNCC2)cc1,0.2403289674078587,0,0.1640086965231455
NS(=O)(=O)Cc1noc2ccccc12,0,c1ccc2oncc2c1,O=c1ccc2ccccc2o1,0,O=c1ccc2ccccc2o1,0.23461538461538461,0,0.06370121901143985
NS(=O)(=O)Cc1noc2ccccc12,0,c1ccc2oncc2c1,NNc1nnc(NN)c2ccccc12,0,c1ccc2cnncc2c1,0.2320945945945946,0,0.032773001400477834
NS(=O)(=O)Cc1noc2ccccc12,0,c1ccc2oncc2c1,CCc1oc2ccccc2c1C(=O)c1cc(Br)c(O)c(Br)c1,0,O=C(c1ccccc1)c1coc2ccccc12,0.23111111111111113,0,0.15500695224330477
NS(=O)(=O)Cc1noc2ccccc12,0,c1ccc2oncc2c1,Cc1noc(NS(=O)(=O)c2ccc(N)cc2)c1C,0,O=S(=O)(Nc1ccno1)c1ccccc1,0.2296585365853659,0,0.3670758378525497
CN[C@@H]1CCc2[nH]c3ccc(C(N)=O)cc3c2C1,0,c1ccc2c3c([nH]c2c1)CCCC3,O=C(N[C@H](Cc1cc(=O)[nH]c2ccccc12)C(=O)O)c1ccc(Cl)cc1,0,O=C(NCCc1cc(=O)[nH]c2ccccc12)c1ccccc1,0.23879472693032017,0,0.36370240419769634
CN[C@@H]1CCc2[nH]c3ccc(C(N)=O)cc3c2C1,0,c1ccc2c3c([nH]c2c1)CCCC3,O=C(NC1CCN(CCc2c[nH]c3ccccc23)CC1)c1ccccc1,0,O=C(NC1CCN(CCc2c[nH]c3ccccc23)CC1)c1ccccc1,0.23475393201420597,0,0.053346783025403625
CN[C@@H]1CCc2[nH]c3ccc(C(N)=O)cc3c2C1,0,c1ccc2c3c([nH]c2c1)CCCC3,COC(=O)Nc1nc2cc(C(=O)c3ccccc3)ccc2[nH]1,0,O=C(c1ccccc1)c1ccc2[nH]cnc2c1,0.2219616204690832,0,0.10505529198534207
CN[C@@H]1CCc2[nH]c3ccc(C(N)=O)cc3c2C1,0,c1ccc2c3c([nH]c2c1)CCCC3,CN1CC(=O)N2[C@H](c3ccc4c(c3)OCO4)c3[nH]c4ccccc4c3C[C@@H]2C1=O,0,O=C1NCC(=O)N2C1Cc1c([nH]c3ccccc13)C2c1ccc2c(c1)OCO2,0.21300813008130082,0,0.06390341921297524
O=C1Cc2cc(CCN3CCN(c4nsc5ccccc45)CC3)c(Cl)cc2N1,0,O=C1Cc2cc(CCN3CCN(c4nsc5ccccc45)CC3)ccc2N1,O=C1[C@H]2CCCC[C@H]2C(=O)N1CCCCN1CCN(c2nsc3ccccc23)CC1,0,O=C1C2CCCCC2C(=O)N1CCCCN1CCN(c2nsc3ccccc23)CC1,0.45830687830687833,0,0.003924136312815743
O=C1Cc2cc(CCN3CCN(c4nsc5ccccc45)CC3)c(Cl)cc2N1,0,O=C1Cc2cc(CCN3CCN(c4nsc5ccccc45)CC3)ccc2N1,O=C1CCc2ccc(OCCCCN3CCN(c4cccc(Cl)c4Cl)CC3)cc2N1,0,O=C1CCc2ccc(OCCCCN3CCN(c4ccccc4)CC3)cc2N1,0.3415396341463415,0,0.019086808488897884
O=C1Cc2cc(CCN3CCN(c4nsc5ccccc45)CC3)c(Cl)cc2N1,0,O=C1Cc2cc(CCN3CCN(c4nsc5ccccc45)CC3)ccc2N1,CCCN(CCC)CCc1cccc2c1CC(=O)N2,0,O=C1Cc2ccccc2N1,0.26839916839916844,0,0.007811991889765528
O=C1Cc2cc(CCN3CCN(c4nsc5ccccc45)CC3)c(Cl)cc2N1,0,O=C1Cc2cc(CCN3CCN(c4nsc5ccccc45)CC3)ccc2N1,O=c1n(CCCN2CCN(c3cccc(Cl)c3)CC2)nc2ccccn12,0,O=c1n(CCCN2CCN(c3ccccc3)CC2)nc2ccccn12,0.25958132045088567,0,0.06418761876211732
Clc1ccccc1C(c1ccccc1)(c1ccccc1)n1ccnc1,0,c1ccc(C(c2ccccc2)(c2ccccc2)n2ccnc2)cc1,Clc1ccc([C@@H](Cn2ccnc2)OCc2c(Cl)cccc2Cl)c(Cl)c1,0,c1ccc(COC(Cn2ccnc2)c2ccccc2)cc1,0.3185964912280702,0,0.030217445668527226
Clc1ccccc1C(c1ccccc1)(c1ccccc1)n1ccnc1,0,c1ccc(C(c2ccccc2)(c2ccccc2)n2ccnc2)cc1,Clc1ccc(CO[C@@H](Cn2ccnc2)c2ccc(Cl)cc2Cl)c(Cl)c1,0,c1ccc(COC(Cn2ccnc2)c2ccccc2)cc1,0.2866666666666667,0,0.030053562170870476
Clc1ccccc1C(c1ccccc1)(c1ccccc1)n1ccnc1,0,c1ccc(C(c2ccccc2)(c2ccccc2)n2ccnc2)cc1,Clc1ccc(CO[C@@H](Cn2ccnc2)c2ccc(Cl)cc2Cl)cc1,0,c1ccc(COC(Cn2ccnc2)c2ccccc2)cc1,0.2866666666666667,0,0.04071142123117503
Clc1ccccc1C(c1ccccc1)(c1ccccc1)n1ccnc1,0,c1ccc(C(c2ccccc2)(c2ccccc2)n2ccnc2)cc1,Clc1ccc(CO/N=C(\Cn2ccnc2)c2ccc(Cl)cc2Cl)c(Cl)c1,0,c1ccc(CON=C(Cn2ccnc2)c2ccccc2)cc1,0.2727777777777778,0,0.010635986312530684
CNCCC=C1c2ccccc2CCc2ccccc21,0,C=C1c2ccccc2CCc2ccccc21,CNCCCN1c2ccccc2CCc2ccccc21,0,c1ccc2c(c1)CCc1ccccc1N2,0.42545731707317075,0,0.1844031053508436
CNCCC=C1c2ccccc2CCc2ccccc21,0,C=C1c2ccccc2CCc2ccccc21,CN(C)CCC=C1c2ccccc2C=Cc2ccccc21,0,C=C1c2ccccc2C=Cc2ccccc21,0.36071428571428577,0,0.1696082826914717
CNCCC=C1c2ccccc2CCc2ccccc21,0,C=C1c2ccccc2CCc2ccccc21,CN(C)CC/C=C1\c2ccccc2COc2ccc(CC(=O)O)cc21,0,C=C1c2ccccc2COc2ccccc21,0.3110485573539761,0,0.29860809829508284
CNCCC=C1c2ccccc2CCc2ccccc21,0,C=C1c2ccccc2CCc2ccccc21,CNCCCC12CCC(c3ccccc31)c1ccccc12,0,c1ccc2c(c1)C1CCC2c2ccccc21,0.2918709677419355,0,0.15298447827627873
CN(C)CCC=C1c2ccccc2CCc2ccccc21,1,C=C1c2ccccc2CCc2ccccc21,CN(C)CCC=C1c2ccccc2C=Cc2ccccc21,0,C=C1c2ccccc2C=Cc2ccccc21,0.6548571428571429,1,0.6462941096061516
CN(C)CCC=C1c2ccccc2CCc2ccccc21,1,C=C1c2ccccc2CCc2ccccc21,CNCCC=C1c2ccccc2CCc2ccccc21,0,C=C1c2ccccc2CCc2ccccc21,0.5923371647509579,1,0.55542249245458
CN(C)CCC=C1c2ccccc2CCc2ccccc21,1,C=C1c2ccccc2CCc2ccccc21,CN(C)CC/C=C1\c2ccccc2COc2ccc(CC(=O)O)cc21,0,C=C1c2ccccc2COc2ccccc21,0.49831932773109244,0,0.4367414002167258
CN(C)CCC=C1c2ccccc2CCc2ccccc21,1,C=C1c2ccccc2CCc2ccccc21,C[C@H](CN(C)C)CN1c2ccccc2CCc2ccccc21,0,c1ccc2c(c1)CCc1ccccc1N2,0.34095238095238095,1,0.6963484769073283
CC[C@]1(C)CC(=O)NC1=O,0,O=C1CCC(=O)N1,CC[C@@]1(c2ccncc2)CCC(=O)NC1=O,0,O=C1CCC(c2ccncc2)C(=O)N1,0.32666666666666666,0,0.03292165921008512
CC[C@]1(C)CC(=O)NC1=O,0,O=C1CCC(=O)N1,CC[C@]1(c2ccccc2)C(=O)NC(=O)N(C)C1=O,0,O=C1NC(=O)C(c2ccccc2)C(=O)N1,0.2571909167367536,0,0.01983787460095452
CC[C@]1(C)CC(=O)NC1=O,0,O=C1CCC(=O)N1,CCCN(CCC)CCc1cccc2c1CC(=O)N2,0,O=C1Cc2ccccc2N1,0.20910165484633572,0,0.017049974976722535
CC[C@]1(C)CC(=O)NC1=O,0,O=C1CCC(=O)N1,CC1(C)CC(=O)N(CCCCN2CCN(c3ncccn3)CC2)C(=O)C1,0,O=C1CCCC(=O)N1CCCCN1CCN(c2ncccn2)CC1,0.17257142857142857,0,0.028865096589858547
COc1cc2c(c(OC)c1OC)-c1ccc(OC)c(=O)cc1[C@@H](NC(C)=O)CC2,0,O=c1cccc2c(c1)CCCc1ccccc1-2,CCN1CCC[C@H]1CNC(=O)c1c(OC)ccc(Br)c1OC,0,O=C(NCC1CCCN1)c1ccccc1,0.26225045372050815,0,0.13621666491348314
COc1cc2c(c(OC)c1OC)-c1ccc(OC)c(=O)cc1[C@@H](NC(C)=O)CC2,0,O=c1cccc2c(c1)CCCc1ccccc1-2,COc1ccc(C(=O)N2CCN(c3ccc4c(c3)CCC(=O)N4)CC2)cc1OC,0,O=C1CCc2cc(N3CCN(C(=O)c4ccccc4)CC3)ccc2N1,0.24299276672694395,0,0.06992905159598506
COc1cc2c(c(OC)c1OC)-c1ccc(OC)c(=O)cc1[C@@H](NC(C)=O)CC2,0,O=c1cccc2c(c1)CCCc1ccccc1-2,COc1cc2c(cc1OC)C(=O)[C@H](CC1CCN(Cc3ccccc3)CC1)C2,0,O=C1c2ccccc2CC1CC1CCN(Cc2ccccc2)CC1,0.237012987012987,0,0.12811779884506466
COc1cc2c(c(OC)c1OC)-c1ccc(OC)c(=O)cc1[C@@H](NC(C)=O)CC2,0,O=c1cccc2c(c1)CCCc1ccccc1-2,COc1cc(C(C)=O)ccc1OCCCN1CCC(c2noc3cc(F)ccc23)CC1,0,c1ccc(OCCCN2CCC(c3noc4ccccc34)CC2)cc1,0.2320855614973262,0,0.04471498458325428
Cc1ccc(S(=O)(=O)NC(=O)NN2C[C@H]3CCC[C@H]3C2)cc1,1,O=C(NN1CC2CCCC2C1)NS(=O)(=O)c1ccccc1,Cc1ccc(C(=O)[C@H](C)CN2CCCCC2)cc1,0,O=C(CCN1CCCCC1)c1ccccc1,0.2636363636363636,1,0.7128978492352115
Cc1ccc(S(=O)(=O)NC(=O)NN2C[C@H]3CCC[C@H]3C2)cc1,1,O=C(NN1CC2CCCC2C1)NS(=O)(=O)c1ccccc1,CCN1CCC[C@@H]1CNC(=O)c1cc(S(N)(=O)=O)ccc1OC,0,O=C(NCC1CCCN1)c1ccccc1,0.2539786710418376,1,0.9757007586254717
Cc1ccc(S(=O)(=O)NC(=O)NN2C[C@H]3CCC[C@H]3C2)cc1,1,O=C(NN1CC2CCCC2C1)NS(=O)(=O)c1ccccc1,Cc1onc(NS(=O)(=O)c2ccc(N)cc2)c1C,0,O=S(=O)(Nc1ccon1)c1ccccc1,0.2382700938392493,1,0.9490244700850402
Cc1ccc(S(=O)(=O)NC(=O)NN2C[C@H]3CCC[C@H]3C2)cc1,1,O=C(NN1CC2CCCC2C1)NS(=O)(=O)c1ccccc1,Cc1noc(NS(=O)(=O)c2ccc(N)cc2)c1C,0,O=S(=O)(Nc1ccno1)c1ccccc1,0.23578947368421055,1,0.9565423276071042
Fc1ccc([C@@H]2CCNC[C@H]2COc2ccc3c(c2)OCO3)cc1,0,c1ccc(C2CCNCC2COc2ccc3c(c2)OCO3)cc1,CC(C)(C)[C@@H](O)/C=C\c1ccc2c(c1)OCO2,0,c1ccc2c(c1)OCO2,0.24056122448979592,0,0.05461800005727821
Fc1ccc([C@@H]2CCNC[C@H]2COc2ccc3c(c2)OCO3)cc1,0,c1ccc(C2CCNCC2COc2ccc3c(c2)OCO3)cc1,CCOc1ccccc1O[C@H](c1ccccc1)[C@H]1CNCCO1,0,c1ccc(OC(c2ccccc2)C2CNCCO2)cc1,0.23377131674587642,0,0.026685211637037447
Fc1ccc([C@@H]2CCNC[C@H]2COc2ccc3c(c2)OCO3)cc1,0,c1ccc(C2CCNCC2COc2ccc3c(c2)OCO3)cc1,Fc1cccc2c1O[C@H]1CNC[C@@H]1O2,0,c1ccc2c(c1)OC1CNCC1O2,0.22925731432858215,0,0.036380146151566345
Fc1ccc([C@@H]2CCNC[C@H]2COc2ccc3c(c2)OCO3)cc1,0,c1ccc(C2CCNCC2COc2ccc3c(c2)OCO3)cc1,COc1cc(Br)c2oc(C3CCNCC3)cc2c1,0,c1ccc2oc(C3CCNCC3)cc2c1,0.22523444160272804,0,0.005467996289606064
COc1c2occc2cc2ccc(=O)oc12,0,O=c1ccc2cc3ccoc3cc2o1,O=c1ccc2ccccc2o1,0,O=c1ccc2ccccc2o1,0.34270557029177723,0,0.36713560240246124
COc1c2occc2cc2ccc(=O)oc12,0,O=c1ccc2cc3ccoc3cc2o1,CC(C)Oc1ccc2c(=O)c(-c3ccccc3)coc2c1,0,O=c1c(-c2ccccc2)coc2ccccc12,0.21684041700080192,0,0.07907027629780687
COc1c2occc2cc2ccc(=O)oc12,0,O=c1ccc2cc3ccoc3cc2o1,COc1ccc(Cc2nccc3cc(OC)c(OC)cc23)cc1OC,0,c1ccc(Cc2nccc3ccccc23)cc1,0.21545454545454545,0,0.1259585869730299
COc1c2occc2cc2ccc(=O)oc12,0,O=c1ccc2cc3ccoc3cc2o1,COc1cc(Br)c2oc(C3CCNCC3)cc2c1,0,c1ccc2oc(C3CCNCC3)cc2c1,0.21246200607902735,0,0.12051949917361914
CNCCCC12CCC(c3ccccc31)c1ccccc12,0,c1ccc2c(c1)C1CCC2c2ccccc21,CNCCCN1c2ccccc2CCc2ccccc21,0,c1ccc2c(c1)CCc1ccccc1N2,0.3264705882352941,0,0.14109435883740618
CNCCCC12CCC(c3ccccc31)c1ccccc12,0,c1ccc2c(c1)C1CCC2c2ccccc21,CNCCC=C1c2ccccc2CCc2ccccc21,0,C=C1c2ccccc2CCc2ccccc21,0.2918709677419355,0,0.3172782308968447
CNCCCC12CCC(c3ccccc31)c1ccccc12,0,c1ccc2c(c1)C1CCC2c2ccccc21,CN[C@@H](C)Cc1ccccc1,0,c1ccccc1,0.2185907046476762,0,0.07224471426365442
CNCCCC12CCC(c3ccccc31)c1ccccc12,0,c1ccc2c(c1)C1CCC2c2ccccc21,CC(C)(C)NC[C@H](O)COc1ccccc1C1CCCC1,0,c1ccc(C2CCCC2)cc1,0.21594634873323398,0,0.138610028230526
CN1[C@@H]2CC[C@H]1CC(NC(=O)c1cc(Cl)cc3c1OC(C)(C)C3)C2,0,O=C(NC1CC2CCC(C1)N2)c1cccc2c1OCC2,CN1[C@@H]2CCC[C@H]1CC(NC(=O)c1nn(C)c3ccccc13)C2,0,O=C(NC1CC2CCCC(C1)N2)c1n[nH]c2ccccc12,0.34735413839891455,0,0.2026888176055102
CN1[C@@H]2CC[C@H]1CC(NC(=O)c1cc(Cl)cc3c1OC(C)(C)C3)C2,0,O=C(NC1CC2CCC(C1)N2)c1cccc2c1OCC2,O=C(NC1CCN(CCc2c[nH]c3ccccc23)CC1)c1ccccc1,0,O=C(NC1CCN(CCc2c[nH]c3ccccc23)CC1)c1ccccc1,0.22386088487783407,0,0.03299835481924677
CN1[C@@H]2CC[C@H]1CC(NC(=O)c1cc(Cl)cc3c1OC(C)(C)C3)C2,0,O=C(NC1CC2CCC(C1)N2)c1cccc2c1OCC2,CCN(CC)CCNC(=O)c1cc(Cl)c(N)cc1OC,0,c1ccccc1,0.21274074074074076,0,0.01407502138973147
CN1[C@@H]2CC[C@H]1CC(NC(=O)c1cc(Cl)cc3c1OC(C)(C)C3)C2,0,O=C(NC1CC2CCC(C1)N2)c1cccc2c1OCC2,CCN1CCC[C@H]1CNC(=O)c1c(OC)ccc(Br)c1OC,0,O=C(NCC1CCCN1)c1ccccc1,0.2046070460704607,0,0.029423676746155036
COc1cc(C(=O)NS(=O)(=O)c2ccccc2C)ccc1Cc1cn(C)c2ccc(NC(=O)OC3CCCC3)cc12,1,O=C(Nc1ccc2[nH]cc(Cc3ccc(C(=O)NS(=O)(=O)c4ccccc4)cc3)c2c1)OC1CCCC1,COc1ccc(C(=O)Nc2ccccc2CC[C@H]2CCCCN2C)cc1,0,O=C(Nc1ccccc1CCC1CCCCN1)c1ccccc1,0.2784504345264398,1,0.8742819566029024
COc1cc(C(=O)NS(=O)(=O)c2ccccc2C)ccc1Cc1cn(C)c2ccc(NC(=O)OC3CCCC3)cc12,1,O=C(Nc1ccc2[nH]cc(Cc3ccc(C(=O)NS(=O)(=O)c4ccccc4)cc3)c2c1)OC1CCCC1,CCN1CCC[C@@H]1CNC(=O)c1cc(S(N)(=O)=O)ccc1OC,0,O=C(NCC1CCCN1)c1ccccc1,0.236403750689465,1,0.8124953831612645
COc1cc(C(=O)NS(=O)(=O)c2ccccc2C)ccc1Cc1cn(C)c2ccc(NC(=O)OC3CCCC3)cc12,1,O=C(Nc1ccc2[nH]cc(Cc3ccc(C(=O)NS(=O)(=O)c4ccccc4)cc3)c2c1)OC1CCCC1,CNC(=O)c1cccc(NCC(=O)NCCc2ccc(OC)c(OC)c2)c1,0,O=C(CNc1ccccc1)NCCc1ccccc1,0.22944329896907217,1,0.9001453915503556
COc1cc(C(=O)NS(=O)(=O)c2ccccc2C)ccc1Cc1cn(C)c2ccc(NC(=O)OC3CCCC3)cc12,1,O=C(Nc1ccc2[nH]cc(Cc3ccc(C(=O)NS(=O)(=O)c4ccccc4)cc3)c2c1)OC1CCCC1,CCCN1CCCC[C@H]1C(=O)Nc1c(C)cccc1C,0,O=C(Nc1ccccc1)C1CCCCN1,0.2282006646621301,1,0.8434004178828735
CNCC[C@@H](Oc1ccc(C(F)(F)F)cc1)c1ccccc1,1,c1ccc(COc2ccccc2)cc1,NCC[C@@H](Oc1ccc(C(F)(F)F)cc1)c1ccccc1,0,c1ccc(COc2ccccc2)cc1,0.7063414634146342,1,0.7953429644831852
CNCC[C@@H](Oc1ccc(C(F)(F)F)cc1)c1ccccc1,1,c1ccc(COc2ccccc2)cc1,CNCCCN1c2ccccc2CCc2ccccc21,0,c1ccc2c(c1)CCc1ccccc1N2,0.2864864864864865,1,0.7438709381017877
CNCC[C@@H](Oc1ccc(C(F)(F)F)cc1)c1ccccc1,1,c1ccc(COc2ccccc2)cc1,CCN[C@H](C)Cc1cccc(C(F)(F)F)c1,0,c1ccccc1,0.28308308308308305,0,0.4065697320163279
CNCC[C@@H](Oc1ccc(C(F)(F)F)cc1)c1ccccc1,1,c1ccc(COc2ccccc2)cc1,CN(C)CC(Oc1ccccc1)Oc1ccccc1,0,c1ccc(OCOc2ccccc2)cc1,0.27473560517038775,1,0.5545127323886129
CNCC[C@@H](Oc1ccccc1C)c1ccccc1,1,c1ccc(COc2ccccc2)cc1,NCC[C@@H](Oc1ccc(C(F)(F)F)cc1)c1ccccc1,0,c1ccc(COc2ccccc2)cc1,0.3703153988868274,1,0.7002300008726948
CNCC[C@@H](Oc1ccccc1C)c1ccccc1,1,c1ccc(COc2ccccc2)cc1,CCOc1ccccc1O[C@H](c1ccccc1)[C@H]1CNCCO1,0,c1ccc(OC(c2ccccc2)C2CNCCO2)cc1,0.3027409372236958,1,0.6777612008079651
CNCC[C@@H](Oc1ccccc1C)c1ccccc1,1,c1ccc(COc2ccccc2)cc1,CNCCCN1c2ccccc2CCc2ccccc21,0,c1ccc2c(c1)CCc1ccccc1N2,0.2900360144057623,1,0.7171047010877514
CNCC[C@@H](Oc1ccccc1C)c1ccccc1,1,c1ccc(COc2ccccc2)cc1,Cc1ccccc1[C@H](OCCN(C)C)c1ccccc1,0,c1ccc(Cc2ccccc2)cc1,0.2848979591836735,1,0.5573442684203161
NCC[C@@H](Oc1ccc(C(F)(F)F)cc1)c1ccccc1,0,c1ccc(COc2ccccc2)cc1,COCCCC/C(=N/OCCN)c1ccc(C(F)(F)F)cc1,0,c1ccccc1,0.29432884536923704,0,0.03599664913610393
NCC[C@@H](Oc1ccc(C(F)(F)F)cc1)c1ccccc1,0,c1ccc(COc2ccccc2)cc1,CN(C)CC(Oc1ccccc1)Oc1ccccc1,0,c1ccc(OCOc2ccccc2)cc1,0.2696103896103896,0,0.1629299673243272
NCC[C@@H](Oc1ccc(C(F)(F)F)cc1)c1ccccc1,0,c1ccc(COc2ccccc2)cc1,CCN[C@H](C)Cc1cccc(C(F)(F)F)c1,0,c1ccccc1,0.25335429769392037,0,0.10083466498238554
NCC[C@@H](Oc1ccc(C(F)(F)F)cc1)c1ccccc1,0,c1ccc(COc2ccccc2)cc1,NC(=O)OCC(COC(N)=O)c1ccccc1,0,c1ccccc1,0.2531400966183575,0,0.1276263493554498
CCCCOC(=O)C(=O)Nc1cccc(-c2nnn[nH]2)c1,0,c1ccc(-c2nnn[nH]2)cc1,Cc1nc(C)c2c(n1)N(Cc1ccc(-c3ccccc3-c3nnn[nH]3)cc1)C(=O)CC2,0,O=C1CCc2cncnc2N1Cc1ccc(-c2ccccc2-c2nnn[nH]2)cc1,0.25666666666666665,0,0.2448664570757592
CCCCOC(=O)C(=O)Nc1cccc(-c2nnn[nH]2)c1,0,c1ccc(-c2nnn[nH]2)cc1,CC(=O)Nc1ccccc1,0,c1ccccc1,0.2494247583985274,0,0.20743686031598862
CCCCOC(=O)C(=O)Nc1cccc(-c2nnn[nH]2)c1,0,c1ccc(-c2nnn[nH]2)cc1,CCCCN1CCCC[C@H]1C(=O)Nc1c(C)cccc1C,0,O=C(Nc1ccccc1)C1CCCCN1,0.2302816901408451,0,0.13206337957250108
CCCCOC(=O)C(=O)Nc1cccc(-c2nnn[nH]2)c1,0,c1ccc(-c2nnn[nH]2)cc1,CCCC(=O)Nc1ccc(OC[C@@H](O)CNC(C)C)c(C(C)=O)c1,0,c1ccccc1,0.21702741702741707,0,0.142225264119561
CC1=C(CC(=O)O)c2cc(F)ccc2/C1=C\c1ccc([S@@H](C)=O)cc1,0,C1=Cc2ccccc2C1=Cc1ccccc1,Cn1cc([S@H](C)=O)c(=O)c2ccc(F)cc21,0,O=c1cc[nH]c2ccccc12,0.2512406947890819,0,0.10077333877632541
CC1=C(CC(=O)O)c2cc(F)ccc2/C1=C\c1ccc([S@@H](C)=O)cc1,0,C1=Cc2ccccc2C1=Cc1ccccc1,CCCCN(CCCC)C[C@@H](O)c1cc(Cl)cc2c1-c1ccc(Cl)cc1/C2=C\c1ccc(Cl)cc1,0,C(=C1c2ccccc2-c2ccccc21)c1ccccc1,0.22105263157894736,0,0.01047141026948615
CC1=C(CC(=O)O)c2cc(F)ccc2/C1=C\c1ccc([S@@H](C)=O)cc1,0,C1=Cc2ccccc2C1=Cc1ccccc1,COCc1c(C(C)C)nc(C(C)C)c(/C=C\[C@@H](O)C[C@@H](O)CC(=O)O)c1-c1ccc(F)cc1,0,c1ccc(-c2ccncc2)cc1,0.21453432778733986,0,0.1259828822444254
CC1=C(CC(=O)O)c2cc(F)ccc2/C1=C\c1ccc([S@@H](C)=O)cc1,0,C1=Cc2ccccc2C1=Cc1ccccc1,CN(C)CC/C=C1\c2ccccc2COc2ccc(CC(=O)O)cc21,0,C=C1c2ccccc2COc2ccccc21,0.20279605263157896,0,0.2071415696148503
CN1CCc2cccc3c2[C@@H]1Cc1ccc(O)c(O)c1-3,0,c1ccc2c(c1)CC1NCCc3cccc-2c31,CN1CCC(=C2c3ccccc3CCc3cccnc32)CC1,0,c1ccc2c(c1)CCc1cccnc1C2=C1CCNCC1,0.23881010031131097,0,0.18780824500174173
CN1CCc2cccc3c2[C@@H]1Cc1ccc(O)c(O)c1-3,0,c1ccc2c(c1)CC1NCCc3cccc-2c31,N=C(N)N1CCc2ccccc2C1,0,c1ccc2c(c1)CCNC2,0.22764370337867487,0,0.09775255481329145
CN1CCc2cccc3c2[C@@H]1Cc1ccc(O)c(O)c1-3,0,c1ccc2c(c1)CC1NCCc3cccc-2c31,CN1CCN(C2=Nc3cc(F)ccc3Cc3ccccc32)CC1,0,c1ccc2c(c1)Cc1ccccc1C(N1CCNCC1)=N2,0.21574074074074076,0,0.25900767943392455
CN1CCc2cccc3c2[C@@H]1Cc1ccc(O)c(O)c1-3,0,c1ccc2c(c1)CC1NCCc3cccc-2c31,COc1ccc2c3c1O[C@H]1C(=O)CC[C@@]4(O)[C@@H](C2)N(C)CC[C@]314,0,O=C1CCC2C3Cc4cccc5c4C2(CCN3)C1O5,0.21435228331780057,0,0.015507259738903302
CC(C)C1CCC(C(=O)N[C@H](Cc2ccccc2)C(=O)O)CC1,1,O=C(NCCc1ccccc1)C1CCCCC1,CN[C@@H](C)Cc1ccccc1,0,c1ccccc1,0.32137592137592136,1,0.8018082670977573
CC(C)C1CCC(C(=O)N[C@H](Cc2ccccc2)C(=O)O)CC1,1,O=C(NCCc1ccccc1)C1CCCCC1,C[C@H](N)Cc1ccccc1,0,c1ccccc1,0.31928864569083454,1,0.7613353626152012
CC(C)C1CCC(C(=O)N[C@H](Cc2ccccc2)C(=O)O)CC1,1,O=C(NCCc1ccccc1)C1CCCCC1,CCOC(=O)[C@H](CCc1ccccc1)N[C@@H](C)C(=O)N1CCC[C@H]1C(=O)O,0,O=C(CNCCCc1ccccc1)N1CCCC1,0.3083710407239819,1,0.7917262869788846
CC(C)C1CCC(C(=O)N[C@H](Cc2ccccc2)C(=O)O)CC1,1,O=C(NCCc1ccccc1)C1CCCCC1,O=C(N[C@H](Cc1cc(=O)[nH]c2ccccc12)C(=O)O)c1ccc(Cl)cc1,0,O=C(NCCc1cc(=O)[nH]c2ccccc12)c1ccccc1,0.28987993138936535,1,0.7778089132852625
CC[C@H]1OC(=O)[C@H](C)[C@@H](O[C@H]2C[C@@](C)(OC)[C@@H](O)[C@H](C)O2)[C@H](C)[C@@H](O[C@@H]2O[C@H](C)C[C@H](N(C)C)[C@H]2O)[C@](C)(OC)C[C@@H](C)C(=O)[C@H](C)[C@@H](O)[C@]1(C)O,0,O=C1CCCCOC(=O)CC(OC2CCCCO2)CC(OC2CCCCO2)CCC1,CC[C@H]1OC(=O)[C@H](C)[C@@H](O[C@H]2C[C@@](C)(OC)[C@@H](O)[C@H](C)O2)[C@H](C)[C@@H](O[C@@H]2O[C@H](C)C[C@H](N(C)C)[C@H]2O)[C@](C)(O)C[C@@H](C)C(=O)[C@H](C)[C@@H](O)[C@]1(C)O,0,O=C1CCCCOC(=O)CC(OC2CCCCO2)CC(OC2CCCCO2)CCC1,0.9145854145854146,0,1.6419428223162767e-05
CC[C@H]1OC(=O)[C@H](C)[C@@H](O[C@H]2C[C@@](C)(OC)[C@@H](O)[C@H](C)O2)[C@H](C)[C@@H](O[C@@H]2O[C@H](C)C[C@H](N(C)C)[C@H]2O)[C@](C)(OC)C[C@@H](C)C(=O)[C@H](C)[C@@H](O)[C@]1(C)O,0,O=C1CCCCOC(=O)CC(OC2CCCCO2)CC(OC2CCCCO2)CCC1,CC[C@H]1OC(=O)[C@H](C)[C@@H](O[C@H]2C[C@@](C)(OC)[C@@H](O)[C@H](C)O2)[C@H](C)[C@@H](O[C@@H]2O[C@H](C)C[C@H](N(C)C)[C@H]2O)[C@](C)(O)C[C@](C)(F)C(=O)[C@H](C)[C@@H](O)[C@]1(C)O,0,O=C1CCCCOC(=O)CC(OC2CCCCO2)CC(OC2CCCCO2)CCC1,0.7829573934837093,0,2.0236380257948384e-05
CC[C@H]1OC(=O)[C@H](C)[C@@H](O[C@H]2C[C@@](C)(OC)[C@@H](O)[C@H](C)O2)[C@H](C)[C@@H](O[C@@H]2O[C@H](C)C[C@H](N(C)C)[C@H]2O)[C@](C)(OC)C[C@@H](C)C(=O)[C@H](C)[C@@H](O)[C@]1(C)O,0,O=C1CCCCOC(=O)CC(OC2CCCCO2)CC(OC2CCCCO2)CCC1,CC[C@H]1OC(=O)[C@H](C)[C@@H](O[C@H]2C[C@@](C)(OC)[C@@H](O)[C@H](C)O2)[C@H](C)[C@@H](O[C@@H]2O[C@H](C)C[C@H](N(C)C)[C@H]2O)[C@](C)(O)C[C@@H](C)/C(=N\OCOCCOC)[C@H](C)[C@@H](O)[C@]1(C)O,0,N=C1CCCCOC(=O)CC(OC2CCCCO2)CC(OC2CCCCO2)CCC1,0.7093718166383701,0,6.904998018626089e-05
CC[C@H]1OC(=O)[C@H](C)[C@@H](O[C@H]2C[C@@](C)(OC)[C@@H](O)[C@H](C)O2)[C@H](C)[C@@H](O[C@@H]2O[C@H](C)C[C@H](N(C)C)[C@H]2O)[C@](C)(OC)C[C@@H](C)C(=O)[C@H](C)[C@@H](O)[C@]1(C)O,0,O=C1CCCCOC(=O)CC(OC2CCCCO2)CC(OC2CCCCO2)CCC1,CC[C@H]1OC(=O)[C@H](C)[C@@H](O[C@H]2C[C@@](C)(OC)[C@@H](O)[C@H](C)O2)[C@H](C)[C@@H](O[C@@H]2O[C@H](C)C[C@H](N(C)C)[C@H]2O)[C@](C)(O)C[C@@H](C)[C@@H]2N[C@@H](COCCOC)O[C@H]([C@H]2C)[C@]1(C)O,0,O=C1CC(OC2CCCCO2)CC(OC2CCCCO2)CCCC2CC(CCO1)OCN2,0.6348187759952467,0,0.00010205339556941921
CC[C@H]1OC(=O)[C@H](C)[C@@H](O[C@H]2C[C@@](C)(OC)[C@@H](O)[C@H](C)O2)[C@H](C)[C@@H](O[C@@H]2O[C@H](C)C[C@H](N(C)C)[C@H]2O)[C@](C)(O)C[C@](C)(F)C(=O)[C@H](C)[C@@H](O)[C@]1(C)O,0,O=C1CCCCOC(=O)CC(OC2CCCCO2)CC(OC2CCCCO2)CCC1,CC[C@H]1OC(=O)[C@H](C)[C@@H](O[C@H]2C[C@@](C)(OC)[C@@H](O)[C@H](C)O2)[C@H](C)[C@@H](O[C@@H]2O[C@H](C)C[C@H](N(C)C)[C@H]2O)[C@](C)(O)C[C@@H](C)C(=O)[C@H](C)[C@@H](O)[C@]1(C)O,0,O=C1CCCCOC(=O)CC(OC2CCCCO2)CC(OC2CCCCO2)CCC1,0.8148917748917749,0,0.00010156240721196948
CC[C@H]1OC(=O)[C@H](C)[C@@H](O[C@H]2C[C@@](C)(OC)[C@@H](O)[C@H](C)O2)[C@H](C)[C@@H](O[C@@H]2O[C@H](C)C[C@H](N(C)C)[C@H]2O)[C@](C)(O)C[C@](C)(F)C(=O)[C@H](C)[C@@H](O)[C@]1(C)O,0,O=C1CCCCOC(=O)CC(OC2CCCCO2)CC(OC2CCCCO2)CCC1,CC[C@H]1OC(=O)[C@H](C)[C@@H](O[C@H]2C[C@@](C)(OC)[C@@H](O)[C@H](C)O2)[C@H](C)[C@@H](O[C@@H]2O[C@H](C)C[C@H](N(C)C)[C@H]2O)[C@](C)(OC)C[C@@H](C)C(=O)[C@H](C)[C@@H](O)[C@]1(C)O,0,O=C1CCCCOC(=O)CC(OC2CCCCO2)CC(OC2CCCCO2)CCC1,0.7829573934837093,0,0.00018051755318911753
CC[C@H]1OC(=O)[C@H](C)[C@@H](O[C@H]2C[C@@](C)(OC)[C@@H](O)[C@H](C)O2)[C@H](C)[C@@H](O[C@@H]2O[C@H](C)C[C@H](N(C)C)[C@H]2O)[C@](C)(O)C[C@](C)(F)C(=O)[C@H](C)[C@@H](O)[C@]1(C)O,0,O=C1CCCCOC(=O)CC(OC2CCCCO2)CC(OC2CCCCO2)CCC1,CC[C@H]1OC(=O)[C@H](C)[C@@H](O[C@H]2C[C@@](C)(OC)[C@@H](O)[C@H](C)O2)[C@H](C)[C@@H](O[C@@H]2O[C@H](C)C[C@H](N(C)C)[C@H]2O)[C@](C)(O)C[C@@H](C)/C(=N\OCOCCOC)[C@H](C)[C@@H](O)[C@]1(C)O,0,N=C1CCCCOC(=O)CC(OC2CCCCO2)CC(OC2CCCCO2)CCC1,0.6988520408163266,0,7.303426050374483e-05
CC[C@H]1OC(=O)[C@H](C)[C@@H](O[C@H]2C[C@@](C)(OC)[C@@H](O)[C@H](C)O2)[C@H](C)[C@@H](O[C@@H]2O[C@H](C)C[C@H](N(C)C)[C@H]2O)[C@](C)(O)C[C@](C)(F)C(=O)[C@H](C)[C@@H](O)[C@]1(C)O,0,O=C1CCCCOC(=O)CC(OC2CCCCO2)CC(OC2CCCCO2)CCC1,CC[C@H]1OC(=O)[C@H](C)[C@@H](O[C@H]2C[C@@](C)(OC)[C@@H](O)[C@H](C)O2)[C@H](C)[C@@H](O[C@@H]2O[C@H](C)C[C@H](N(C)C)[C@H]2O)[C@](C)(O)C[C@@H](C)[C@@H]2N[C@@H](COCCOC)O[C@H]([C@H]2C)[C@]1(C)O,0,O=C1CC(OC2CCCCO2)CC(OC2CCCCO2)CCCC2CC(CCO1)OCN2,0.6445114076625054,0,8.77209728758427e-05
CC[C@H]1OC(=O)[C@H](C)[C@@H](O[C@H]2C[C@@](C)(OC)[C@@H](O)[C@H](C)O2)[C@H](C)[C@@H](O[C@@H]2O[C@H](C)C[C@H](N(C)C)[C@H]2O)[C@](C)(O)C[C@@H](C)C(=O)[C@H](C)[C@@H](O)[C@]1(C)O,0,O=C1CCCCOC(=O)CC(OC2CCCCO2)CC(OC2CCCCO2)CCC1,CC[C@H]1OC(=O)[C@H](C)[C@@H](O[C@H]2C[C@@](C)(OC)[C@@H](O)[C@H](C)O2)[C@H](C)[C@@H](O[C@@H]2O[C@H](C)C[C@H](N(C)C)[C@H]2O)[C@](C)(OC)C[C@@H](C)C(=O)[C@H](C)[C@@H](O)[C@]1(C)O,0,O=C1CCCCOC(=O)CC(OC2CCCCO2)CC(OC2CCCCO2)CCC1,0.9145854145854146,0,0.000329752390571974
CC[C@H]1OC(=O)[C@H](C)[C@@H](O[C@H]2C[C@@](C)(OC)[C@@H](O)[C@H](C)O2)[C@H](C)[C@@H](O[C@@H]2O[C@H](C)C[C@H](N(C)C)[C@H]2O)[C@](C)(O)C[C@@H](C)C(=O)[C@H](C)[C@@H](O)[C@]1(C)O,0,O=C1CCCCOC(=O)CC(OC2CCCCO2)CC(OC2CCCCO2)CCC1,CC[C@H]1OC(=O)[C@H](C)[C@@H](O[C@H]2C[C@@](C)(OC)[C@@H](O)[C@H](C)O2)[C@H](C)[C@@H](O[C@@H]2O[C@H](C)C[C@H](N(C)C)[C@H]2O)[C@](C)(O)C[C@](C)(F)C(=O)[C@H](C)[C@@H](O)[C@]1(C)O,0,O=C1CCCCOC(=O)CC(OC2CCCCO2)CC(OC2CCCCO2)CCC1,0.8148917748917749,0,0.0002530664549170455
CC[C@H]1OC(=O)[C@H](C)[C@@H](O[C@H]2C[C@@](C)(OC)[C@@H](O)[C@H](C)O2)[C@H](C)[C@@H](O[C@@H]2O[C@H](C)C[C@H](N(C)C)[C@H]2O)[C@](C)(O)C[C@@H](C)C(=O)[C@H](C)[C@@H](O)[C@]1(C)O,0,O=C1CCCCOC(=O)CC(OC2CCCCO2)CC(OC2CCCCO2)CCC1,CC[C@H]1OC(=O)[C@H](C)[C@@H](O[C@H]2C[C@@](C)(OC)[C@@H](O)[C@H](C)O2)[C@H](C)[C@@H](O[C@@H]2O[C@H](C)C[C@H](N(C)C)[C@H]2O)[C@](C)(O)C[C@@H](C)/C(=N\OCOCCOC)[C@H](C)[C@@H](O)[C@]1(C)O,0,N=C1CCCCOC(=O)CC(OC2CCCCO2)CC(OC2CCCCO2)CCC1,0.7734645525788227,0,6.225005425836269e-05
CC[C@H]1OC(=O)[C@H](C)[C@@H](O[C@H]2C[C@@](C)(OC)[C@@H](O)[C@H](C)O2)[C@H](C)[C@@H](O[C@@H]2O[C@H](C)C[C@H](N(C)C)[C@H]2O)[C@](C)(O)C[C@@H](C)C(=O)[C@H](C)[C@@H](O)[C@]1(C)O,0,O=C1CCCCOC(=O)CC(OC2CCCCO2)CC(OC2CCCCO2)CCC1,CC[C@H]1OC(=O)[C@H](C)[C@@H](O[C@H]2C[C@@](C)(OC)[C@@H](O)[C@H](C)O2)[C@H](C)[C@@H](O[C@@H]2O[C@H](C)C[C@H](N(C)C)[C@H]2O)[C@](C)(O)C[C@@H](C)[C@@H]2N[C@@H](COCCOC)O[C@H]([C@H]2C)[C@]1(C)O,0,O=C1CC(OC2CCCCO2)CC(OC2CCCCO2)CCCC2CC(CCO1)OCN2,0.6792464678178964,0,6.665636934780553e-05
CN1C(=O)[C@@](C)(C2=CCCCC2)C(=O)N=C1O,1,O=C1N=CNC(=O)C1C1=CCCCC1,C[C@]12CC[C@H](O)CC1=CC[C@@H]1[C@@H]2CC[C@]2(C)C(=O)CC[C@@H]12,0,O=C1CCC2C1CCC1C3CCCCC3=CCC21,0.22153846153846157,1,0.8659516035769678
CN1C(=O)[C@@](C)(C2=CCCCC2)C(=O)N=C1O,1,O=C1N=CNC(=O)C1C1=CCCCC1,C[C@]12CC[C@H]3[C@@H](CCC4=CC(=O)C=C[C@@]43C)[C@@H]1CC[C@@H]2O,0,O=C1C=CC2C(=C1)CCC1C3CCCC3CCC21,0.19903846153846155,1,0.9338087802894242
CN1C(=O)[C@@](C)(C2=CCCCC2)C(=O)N=C1O,1,O=C1N=CNC(=O)C1C1=CCCCC1,CN1C(=O)CC[C@H]1c1cccnc1,0,O=C1CCC(c2cccnc2)N1,0.19047619047619047,1,0.908532795897932
CN1C(=O)[C@@](C)(C2=CCCCC2)C(=O)N=C1O,1,O=C1N=CNC(=O)C1C1=CCCCC1,CC[C@]1(c2ccccc2)C(=O)NC(=O)N(C)C1=O,0,O=C1NC(=O)C(c2ccccc2)C(=O)N1,0.18545454545454548,1,0.9073310246088563
O=C1c2ccccc2C(=O)c2ccccc21,0,O=C1c2ccccc2C(=O)c2ccccc21,Cc1ccccc1,0,c1ccccc1,0.3145299145299145,0,0.03771214742063553
O=C1c2ccccc2C(=O)c2ccccc21,0,O=C1c2ccccc2C(=O)c2ccccc21,C[C@H](N)C(=O)c1ccccc1,0,c1ccccc1,0.29959514170040485,0,0.08649847294247433
O=C1c2ccccc2C(=O)c2ccccc21,0,O=C1c2ccccc2C(=O)c2ccccc21,O=C1C(=O)c2ccccc2C(O)=C1C1CCC(c2ccc(Cl)cc2)CC1,0,O=C1C(=O)c2ccccc2C=C1C1CCC(c2ccccc2)CC1,0.2888888888888889,0,0.04814100272244887
O=C1c2ccccc2C(=O)c2ccccc21,0,O=C1c2ccccc2C(=O)c2ccccc21,CCc1ccccc1,0,c1ccccc1,0.2704761904761905,0,0.020205562718999124
O=C1c2c(O)ccc(O)c2C(=O)c2c(NCCNCCO)ccc(NCCNCCO)c21,0,O=C1c2ccccc2C(=O)c2ccccc21,CNC[C@H](O)c1ccc(O)c(O)c1,0,c1ccccc1,0.21153846153846156,0,0.00037788442997798544
O=C1c2c(O)ccc(O)c2C(=O)c2c(NCCNCCO)ccc(NCCNCCO)c21,0,O=C1c2ccccc2C(=O)c2ccccc21,CC(C)(C)NC[C@@H](O)c1ccc(O)c(CO)c1,0,c1ccccc1,0.2086132644272179,0,0.0002980193793017258
O=C1c2c(O)ccc(O)c2C(=O)c2c(NCCNCCO)ccc(NCCNCCO)c21,0,O=C1c2ccccc2C(=O)c2ccccc21,OCc1cc([C@H](O)CNCCCCCCOCCCCc2ccccc2)ccc1O,0,c1ccc(CCCCOCCCCCCNCCc2ccccc2)cc1,0.19988735567445792,0,0.0014646253457187227
O=C1c2c(O)ccc(O)c2C(=O)c2c(NCCNCCO)ccc(NCCNCCO)c21,0,O=C1c2ccccc2C(=O)c2ccccc21,C[C@@H](CCc1ccccc1)NC[C@H](O)c1ccc(O)c(C(N)=O)c1,0,c1ccc(CCCNCCc2ccccc2)cc1,0.1953846153846154,0,0.0015428278825954532
CCOc1cc(CC(=O)N[C@@H](CC(C)C)c2ccccc2N2CCCCC2)ccc1C(=O)O,1,O=C(Cc1ccccc1)NCc1ccccc1N1CCCCC1,O=C(CO)NCCCOc1cccc(CN2CCCCC2)c1,0,c1ccc(CN2CCCCC2)cc1,0.26937500000000003,0,0.27852757236283127
CCOc1cc(CC(=O)N[C@@H](CC(C)C)c2ccccc2N2CCCCC2)ccc1C(=O)O,1,O=C(Cc1ccccc1)NCc1ccccc1N1CCCCC1,CCOC(=O)[C@H](CCc1ccccc1)N[C@@H](C)C(=O)N1CCC[C@H]1C(=O)O,0,O=C(CNCCCc1ccccc1)N1CCCC1,0.2676648841354724,0,0.34980984987691927
CCOc1cc(CC(=O)N[C@@H](CC(C)C)c2ccccc2N2CCCCC2)ccc1C(=O)O,1,O=C(Cc1ccccc1)NCc1ccccc1N1CCCCC1,CC(C)c1cc(C(C)C)c(CC(=O)NS(=O)(=O)Oc2c(C(C)C)cccc2C(C)C)c(C(C)C)c1,0,O=C(Cc1ccccc1)NS(=O)(=O)Oc1ccccc1,0.2647773279352227,1,0.9401847488118705
CCOc1cc(CC(=O)N[C@@H](CC(C)C)c2ccccc2N2CCCCC2)ccc1C(=O)O,1,O=C(Cc1ccccc1)NCc1ccccc1N1CCCCC1,CCOc1ccccc1OCCN[C@H](C)Cc1ccc(OC)c(S(N)(=O)=O)c1,0,c1ccc(CCNCCOc2ccccc2)cc1,0.2516153127917834,0,0.49634880116418756
CN1CCC[C@@H]1Cc1c[nH]c2ccc(CCS(=O)(=O)c3ccccc3)cc12,1,O=S(=O)(CCc1ccc2[nH]cc(CC3CCCN3)c2c1)c1ccccc1,CN(C)CCc1c[nH]c2ccc(CS(=O)(=O)N3CCCC3)cc12,0,O=S(=O)(Cc1ccc2[nH]ccc2c1)N1CCCC1,0.4590636254501801,1,0.5977053357568283
CN1CCC[C@@H]1Cc1c[nH]c2ccc(CCS(=O)(=O)c3ccccc3)cc12,1,O=S(=O)(CCc1ccc2[nH]cc(CC3CCCN3)c2c1)c1ccccc1,O=C(NC1CCN(CCc2c[nH]c3ccccc23)CC1)c1ccccc1,0,O=C(NC1CCN(CCc2c[nH]c3ccccc23)CC1)c1ccccc1,0.36642411642411643,1,0.5939460882208504
CN1CCC[C@@H]1Cc1c[nH]c2ccc(CCS(=O)(=O)c3ccccc3)cc12,1,O=S(=O)(CCc1ccc2[nH]cc(CC3CCCN3)c2c1)c1ccccc1,CN1CCC[C@@H]1CCO[C@](C)(c1ccccc1)c1ccc(Cl)cc1,0,c1ccc(C(OCCC2CCCN2)c2ccccc2)cc1,0.29428792969759626,0,0.4811243350404325
CN1CCC[C@@H]1Cc1c[nH]c2ccc(CCS(=O)(=O)c3ccccc3)cc12,1,O=S(=O)(CCc1ccc2[nH]cc(CC3CCCN3)c2c1)c1ccccc1,COc1ccc(C(=O)Nc2ccccc2CC[C@H]2CCCCN2C)cc1,0,O=C(Nc1ccccc1CCC1CCCCN1)c1ccccc1,0.29296024872307347,1,0.5600079905921274
COc1cc([C@@H]2c3cc4c(cc3[C@@H](O[C@@H]3O[C@@H]5CO[C@@H](c6cccs6)O[C@H]5[C@H](O)[C@H]3O)[C@H]3COC(=O)[C@H]23)OCO4)cc(OC)c1O,0,O=C1OCC2C(OC3CCC4OC(c5cccs5)OCC4O3)c3cc4c(cc3C(c3ccccc3)C12)OCO4,COc1cccc2c1C(=O)c1c(O)c3c(c(O)c1C2=O)C[C@@](O)(C(C)=O)C[C@@H]3O[C@H]1C[C@H](N)[C@H](O)[C@H](C)O1,0,O=C1c2ccccc2C(=O)c2cc3c(cc21)CCCC3OC1CCCCO1,0.19925712693843442,0,0.014016163333516657
COc1cc([C@@H]2c3cc4c(cc3[C@@H](O[C@@H]3O[C@@H]5CO[C@@H](c6cccs6)O[C@H]5[C@H](O)[C@H]3O)[C@H]3COC(=O)[C@H]23)OCO4)cc(OC)c1O,0,O=C1OCC2C(OC3CCC4OC(c5cccs5)OCC4O3)c3cc4c(cc3C(c3ccccc3)C12)OCO4,COc1cccc2c1C(=O)c1c(O)c3c(c(O)c1C2=O)C[C@@](O)(C(=O)CO)C[C@@H]3O[C@H]1C[C@H](N)[C@H](O)[C@H](C)O1,0,O=C1c2ccccc2C(=O)c2cc3c(cc21)CCCC3OC1CCCCO1,0.19454094292803972,0,0.009625567435639344
COc1cc([C@@H]2c3cc4c(cc3[C@@H](O[C@@H]3O[C@@H]5CO[C@@H](c6cccs6)O[C@H]5[C@H](O)[C@H]3O)[C@H]3COC(=O)[C@H]23)OCO4)cc(OC)c1O,0,O=C1OCC2C(OC3CCC4OC(c5cccs5)OCC4O3)c3cc4c(cc3C(c3ccccc3)C12)OCO4,CCOC(=O)C1=C(C)NC(C)=C(C(=O)OC)[C@@H]1c1cccc2c1OCO2,0,C1=CC(c2cccc3c2OCO3)C=CN1,0.19172865968982472,0,0.024042614773096136
COc1cc([C@@H]2c3cc4c(cc3[C@@H](O[C@@H]3O[C@@H]5CO[C@@H](c6cccs6)O[C@H]5[C@H](O)[C@H]3O)[C@H]3COC(=O)[C@H]23)OCO4)cc(OC)c1O,0,O=C1OCC2C(OC3CCC4OC(c5cccs5)OCC4O3)c3cc4c(cc3C(c3ccccc3)C12)OCO4,CN1CC(=O)N2[C@H](c3ccc4c(c3)OCO4)c3[nH]c4ccccc4c3C[C@@H]2C1=O,0,O=C1NCC(=O)N2C1Cc1c([nH]c3ccccc13)C2c1ccc2c(c1)OCO2,0.18179120296767357,0,0.052756420793807816
COc1cc(Cc2cnc(N)nc2N)cc(OC)c1OC,1,c1ccc(Cc2cncnc2)cc1,COc1cc(NCc2ccc3nc(N)nc(N)c3c2C)cc(OC)c1OC,0,c1ccc(NCc2ccc3ncncc3c2)cc1,0.3968944099378882,1,0.5495603021169371
COc1cc(Cc2cnc(N)nc2N)cc(OC)c1OC,1,c1ccc(Cc2cncnc2)cc1,COc1ccc(Cc2nccc3cc(OC)c(OC)cc23)cc1OC,0,c1ccc(Cc2nccc3ccccc23)cc1,0.3261538461538462,1,0.5979088855788381
COc1cc(Cc2cnc(N)nc2N)cc(OC)c1OC,1,c1ccc(Cc2cncnc2)cc1,COc1ccc(CCN(C)CCC[C@@](C#N)(c2cc(OC)c(OC)c(OC)c2)C(C)C)cc1OC,0,c1ccc(CCCCNCCc2ccccc2)cc1,0.2343891402714932,0,0.4032834528822921
COc1cc(Cc2cnc(N)nc2N)cc(OC)c1OC,1,c1ccc(Cc2cncnc2)cc1,CCc1nc(N)nc(N)c1-c1ccc(Cl)cc1,0,c1ccc(-c2cncnc2)cc1,0.2160377358490566,1,0.5305428563860909
CC(=O)NC[C@H]1CN(c2ccc(N3CCOCC3)c(F)c2)C(=O)O1,0,O=C1OCCN1c1ccc(N2CCOCC2)cc1,CCOc1cc(N)c(Cl)cc1C(=O)NC[C@@H]1CN(Cc2ccc(F)cc2)CCO1,0,O=C(NCC1CN(Cc2ccccc2)CCO1)c1ccccc1,0.28432601880877745,0,0.04258324469019588
CC(=O)NC[C@H]1CN(c2ccc(N3CCOCC3)c(F)c2)C(=O)O1,0,O=C1OCCN1c1ccc(N2CCOCC2)cc1,O=C1NCCN1CCN1CCC(c2cn(-c3ccc(F)cc3)c3ccc(Cl)cc23)CC1,0,O=C1NCCN1CCN1CCC(c2cn(-c3ccccc3)c3ccccc23)CC1,0.23047552933009374,0,0.002631773234026356
CC(=O)NC[C@H]1CN(c2ccc(N3CCOCC3)c(F)c2)C(=O)O1,0,O=C1OCCN1c1ccc(N2CCOCC2)cc1,O=C(O)c1cn(C2CC2)c2cc(N3CCNCC3)c(F)cc2c1=O,0,O=c1ccn(C2CC2)c2cc(N3CCNCC3)ccc12,0.22809364548494984,0,0.010013416506386371
CC(=O)NC[C@H]1CN(c2ccc(N3CCOCC3)c(F)c2)C(=O)O1,0,O=C1OCCN1c1ccc(N2CCOCC2)cc1,CCN1CCC[C@H]1CNC(=O)c1c(OC)ccc(Br)c1OC,0,O=C(NCC1CCCN1)c1ccccc1,0.21816652649285118,0,0.03256630002274499
C[C@H](C(=O)O)c1cccc(C(=O)c2cccs2)c1,1,O=C(c1ccccc1)c1cccs1,C[C@@H](C(=O)O)c1cccc(C(=O)c2ccccc2)c1,0,O=C(c1ccccc1)c1ccccc1,0.6575657894736843,1,0.7389796712996695
C[C@H](C(=O)O)c1cccc(C(=O)c2cccs2)c1,1,O=C(c1ccccc1)c1cccs1,C[C@H](N)C(=O)c1ccccc1,0,c1ccccc1,0.3029715762273902,1,0.7478097990349524
C[C@H](C(=O)O)c1cccc(C(=O)c2cccs2)c1,1,O=C(c1ccccc1)c1cccs1,C[C@@H](NC(C)(C)C)C(=O)c1cccc(Cl)c1,0,c1ccccc1,0.2547990155865464,1,0.5705786690563648
C[C@H](C(=O)O)c1cccc(C(=O)c2cccs2)c1,1,O=C(c1ccccc1)c1cccs1,COC(=O)Nc1nc2cc(C(=O)c3ccccc3)ccc2[nH]1,0,O=C(c1ccccc1)c1ccc2[nH]cnc2c1,0.23458694953391196,1,0.6261617529934506
O=C(O)COc1ccc(C(=O)c2cccs2)c(Cl)c1Cl,1,O=C(c1ccccc1)c1cccs1,O=C(O)COCCN1CCN([C@H](c2ccccc2)c2ccc(Cl)cc2)CC1,0,c1ccc(C(c2ccccc2)N2CCNCC2)cc1,0.2438746438746439,1,0.878042047206224
O=C(O)COc1ccc(C(=O)c2cccs2)c(Cl)c1Cl,1,O=C(c1ccccc1)c1cccs1,CCCCc1ncc(/C=C(/Cc2cccs2)C(=O)O)n1Cc1ccc(C(=O)O)cc1,0,C(=Cc1cncn1Cc1ccccc1)Cc1cccs1,0.22140031645569622,1,0.8518949895770386
O=C(O)COc1ccc(C(=O)c2cccs2)c(Cl)c1Cl,1,O=C(c1ccccc1)c1cccs1,CCC(=O)N(c1ccccc1)C1(COC)CCN(CCc2cccs2)CC1,0,c1ccc(NC2CCN(CCc3cccs3)CC2)cc1,0.22136006974716654,1,0.7510190485695546
O=C(O)COc1ccc(C(=O)c2cccs2)c(Cl)c1Cl,1,O=C(c1ccccc1)c1cccs1,CC(C)(Oc1ccc(Cl)cc1)C(=O)O,0,c1ccccc1,0.2191252144082333,1,0.5654210784536432
CN1CCC[C@@H]1CCO[C@](C)(c1ccccc1)c1ccc(Cl)cc1,0,c1ccc(C(OCCC2CCCN2)c2ccccc2)cc1,COc1ccc(C(=O)Nc2ccccc2CC[C@H]2CCCCN2C)cc1,0,O=C(Nc1ccccc1CCC1CCCCN1)c1ccccc1,0.3493761140819965,0,0.027405442799476157
CN1CCC[C@@H]1CCO[C@](C)(c1ccccc1)c1ccc(Cl)cc1,0,c1ccc(C(OCCC2CCCN2)c2ccccc2)cc1,OCCOCCN1CCN([C@H](c2ccccc2)c2ccc(Cl)cc2)CC1,0,c1ccc(C(c2ccccc2)N2CCNCC2)cc1,0.3103896103896104,0,0.030277615309251407
CN1CCC[C@@H]1CCO[C@](C)(c1ccccc1)c1ccc(Cl)cc1,0,c1ccc(C(OCCC2CCCN2)c2ccccc2)cc1,O=C(O)COCCN1CCN([C@H](c2ccccc2)c2ccc(Cl)cc2)CC1,0,c1ccc(C(c2ccccc2)N2CCNCC2)cc1,0.29237179487179493,0,0.027630889987976477
CN1CCC[C@@H]1CCO[C@](C)(c1ccccc1)c1ccc(Cl)cc1,0,c1ccc(C(OCCC2CCCN2)c2ccccc2)cc1,CC(C)(Oc1ccc(Cl)cc1)C(=O)O,0,c1ccccc1,0.26083916083916087,0,0.014845110243890198
C[C@]12CC[C@H](O)CC1=CC[C@@H]1[C@@H]2CC[C@]2(C)C(=O)CC[C@@H]12,0,O=C1CCC2C1CCC1C3CCCCC3=CCC21,CC(=O)[C@H]1CC[C@H]2[C@@H]3CC=C4C[C@@H](O)CC[C@]4(C)[C@H]3CC[C@]12C,0,C1=C2CCCCC2C2CCC3CCCC3C2C1,0.649795918367347,0,0.014195408502121833
C[C@]12CC[C@H](O)CC1=CC[C@@H]1[C@@H]2CC[C@]2(C)C(=O)CC[C@@H]12,0,O=C1CCC2C1CCC1C3CCCCC3=CCC21,C[C@]12CC[C@H](O)CC1=CC[C@@H]1[C@@H]2CC[C@]2(C)C(c3cccnc3)=CC[C@@H]12,0,C1=C2CCCCC2C2CCC3C(c4cccnc4)=CCC3C2C1,0.519492600422833,0,0.03489361258906099
C[C@]12CC[C@H](O)CC1=CC[C@@H]1[C@@H]2CC[C@]2(C)C(=O)CC[C@@H]12,0,O=C1CCC2C1CCC1C3CCCCC3=CCC21,C=C1C[C@@H]2[C@H](CC[C@]3(C)C(=O)CC[C@@H]23)[C@@]2(C)C=CC(=O)C=C12,0,C=C1CC2C(CCC3C(=O)CCC32)C2C=CC(=O)C=C12,0.428989898989899,0,0.02660048367399856
C[C@]12CC[C@H](O)CC1=CC[C@@H]1[C@@H]2CC[C@]2(C)C(=O)CC[C@@H]12,0,O=C1CCC2C1CCC1C3CCCCC3=CCC21,C[C@]12CC[C@H]3[C@@H](CCC4=CC(=O)C=C[C@@]43C)[C@@H]1CC[C@@H]2O,0,O=C1C=CC2C(=C1)CCC1C3CCCC3CCC21,0.35263922518159807,0,0.020758652075483976
Oc1nc2cc(Cl)ccc2o1,0,c1ccc2ocnc2c1,Nc1nc2cc(Cl)ccc2o1,0,c1ccc2ocnc2c1,0.6014336917562725,0,0.02474142786593535
Oc1nc2cc(Cl)ccc2o1,0,c1ccc2ocnc2c1,CCN(CC)Cc1cc(Nc2ccnc3cc(Cl)ccc23)ccc1O,0,c1ccc(Nc2ccnc3ccccc23)cc1,0.2631578947368421,0,0.0030124975065833966
Oc1nc2cc(Cl)ccc2o1,0,c1ccc2ocnc2c1,CCN(CCO)CCC[C@H](C)Nc1ccnc2cc(Cl)ccc12,0,c1ccc2ncccc2c1,0.23299180327868851,0,0.033906429450266916
Oc1nc2cc(Cl)ccc2o1,0,c1ccc2ocnc2c1,CCN(CC)CCC[C@H](C)Nc1ccnc2cc(Cl)ccc12,0,c1ccc2ncccc2c1,0.23205741626794257,0,0.03379410532739911
Nc1nc2cc(Cl)ccc2o1,0,c1ccc2ocnc2c1,Oc1nc2cc(Cl)ccc2o1,0,c1ccc2ocnc2c1,0.6014336917562725,0,0.026054951313306852
Nc1nc2cc(Cl)ccc2o1,0,c1ccc2ocnc2c1,CCc1nc(N)nc(N)c1-c1ccc(Cl)cc1,0,c1ccc(-c2cncnc2)cc1,0.26666666666666666,0,0.09657291352721163
Nc1nc2cc(Cl)ccc2o1,0,c1ccc2ocnc2c1,CCN(CC)CCC[C@H](C)Nc1ccnc2cc(Cl)ccc12,0,c1ccc2ncccc2c1,0.23818849449204405,0,0.053809789544527954
Nc1nc2cc(Cl)ccc2o1,0,c1ccc2ocnc2c1,CCN(CC)Cc1cc(Nc2ccnc3cc(Cl)ccc23)ccc1O,0,c1ccc(Nc2ccnc3ccccc23)cc1,0.22393635420269806,0,0.0040563748915247505
C[C@]12C=CC(=O)C=C1CC[C@@H]1[C@@H]2CC[C@]2(C)OC(=O)CC[C@@H]12,0,O=C1C=CC2C(=C1)CCC1C3CCC(=O)OC3CCC21,C[C@]12CC[C@H]3[C@@H](CCC4=CC(=O)C=C[C@@]43C)[C@@H]1CC[C@@H]2O,0,O=C1C=CC2C(=C1)CCC1C3CCCC3CCC21,0.584873949579832,0,0.028784266454434253
C[C@]12C=CC(=O)C=C1CC[C@@H]1[C@@H]2CC[C@]2(C)OC(=O)CC[C@@H]12,0,O=C1C=CC2C(=C1)CCC1C3CCC(=O)OC3CCC21,C=C1C[C@@H]2[C@H](CC[C@]3(C)C(=O)CC[C@@H]23)[C@@]2(C)C=CC(=O)C=C12,0,C=C1CC2C(CCC3C(=O)CCC32)C2C=CC(=O)C=C12,0.43103448275862066,0,0.02285746444978143
C[C@]12C=CC(=O)C=C1CC[C@@H]1[C@@H]2CC[C@]2(C)OC(=O)CC[C@@H]12,0,O=C1C=CC2C(=C1)CCC1C3CCC(=O)OC3CCC21,C[C@]12C=CC(=O)C=C1CC[C@@H]1[C@@H]2[C@@H](O)C[C@@]2(C)[C@H]1CC[C@]2(O)C(=O)CO,0,O=C1C=CC2C(=C1)CCC1C3CCCC3CCC21,0.4298686679174485,0,0.008002610021523988
C[C@]12C=CC(=O)C=C1CC[C@@H]1[C@@H]2CC[C@]2(C)OC(=O)CC[C@@H]12,0,O=C1C=CC2C(=C1)CCC1C3CCC(=O)OC3CCC21,CCC[C@H]1O[C@@H]2C[C@H]3[C@@H]4CCC5=CC(=O)C=C[C@]5(C)[C@H]4[C@@H](O)C[C@]3(C)[C@]2(C(=O)CO)O1,0,O=C1C=CC2C(=C1)CCC1C2CCC2C1CC1OCOC12,0.35833333333333334,0,0.0067597831955078245
CCOCCn1c(N2CCCN(C)CC2)nc2ccccc21,0,c1ccc2[nH]c(N3CCCNCC3)nc2c1,CCOC(=O)C1(c2ccccc2)CCN(C)CC1,0,c1ccc(C2CCNCC2)cc1,0.2977777777777778,0,0.026224497440043525
CCOCCn1c(N2CCCN(C)CC2)nc2ccccc21,0,c1ccc2[nH]c(N3CCCNCC3)nc2c1,COc1ccc(CCN2CCC(Nc3nc4ccccc4n3Cc3ccc(F)cc3)CC2)cc1,0,c1ccc(CCN2CCC(Nc3nc4ccccc4n3Cc3ccccc3)CC2)cc1,0.26769230769230773,0,0.0040125335954581225
CCOCCn1c(N2CCCN(C)CC2)nc2ccccc21,0,c1ccc2[nH]c(N3CCCNCC3)nc2c1,CCOCc1nc2c(N)nc3ccccc3c2n1CC(C)(C)O,0,c1ccc2c(c1)ncc1nc[nH]c12,0.2545410393394852,0,0.0052656311902867315
CCOCCn1c(N2CCCN(C)CC2)nc2ccccc21,0,c1ccc2[nH]c(N3CCCNCC3)nc2c1,CN1CCN(C2=Nc3cc(F)ccc3Cc3ccccc32)CC1,0,c1ccc2c(c1)Cc1ccccc1C(N1CCNCC1)=N2,0.2312275295326143,0,0.009427417533278413
OC(Cn1cncn1)(Cn1cncn1)c1ccc(F)cc1F,0,c1ccc(C(Cn2cncn2)Cn2cncn2)cc1,N#Cc1ccc(C(c2ccc(C#N)cc2)n2cncn2)cc1,0,c1ccc(C(c2ccccc2)n2cncn2)cc1,0.2417134115247323,0,0.23837332792252205
OC(Cn1cncn1)(Cn1cncn1)c1ccc(F)cc1F,0,c1ccc(C(Cn2cncn2)Cn2cncn2)cc1,Cn1nnc2ccc([C@H](c3ccc(Cl)cc3)n3cncn3)cc21,0,c1ccc(C(c2ccc3nn[nH]c3c2)n2cncn2)cc1,0.23606440071556353,0,0.19967595664741217
OC(Cn1cncn1)(Cn1cncn1)c1ccc(F)cc1F,0,c1ccc(C(Cn2cncn2)Cn2cncn2)cc1,CC[C@H](C)n1ncn(-c2ccc(N3CCN(c4ccc(OC[C@H]5CO[C@](Cn6cncn6)(c6ccc(Cl)cc6Cl)O5)cc4)CC3)cc2)c1=O,0,O=c1[nH]ncn1-c1ccc(N2CCN(c3ccc(OCC4COC(Cn5cncn5)(c5ccccc5)O4)cc3)CC2)cc1,0.20165573258356764,0,0.2677050994491162
OC(Cn1cncn1)(Cn1cncn1)c1ccc(F)cc1F,0,c1ccc(C(Cn2cncn2)Cn2cncn2)cc1,O=C(CCCN1CCC(O)(c2cccc(C(F)(F)F)c2)CC1)c1ccc(F)cc1,0,O=C(CCCN1CCC(c2ccccc2)CC1)c1ccccc1,0.19583333333333333,0,0.01876022426020411
CO[C@H]1C=CO[C@@]2(C)Oc3c(C)c(O)c4c(c3C2=O)C2=NC3(CCN(CC(C)C)CC3)NC2=C(NC(=O)C(C)=CC=C[C@H](C)[C@H](O)[C@@H](C)[C@@H](O)[C@@H](C)[C@H](OC(C)=O)[C@@H]1C)C4=O,0,O=C1C=CC=CCCCCCCCCC=COC2Oc3ccc4c(c3C2=O)C2=NC3(CCNCC3)NC2=C(N1)C4=O,CO[C@H]1C=CO[C@@]2(C)Oc3c(C)c(O)c4c(O)c(cc(O)c4c3C2=O)NC(=O)C(C)=CC=C[C@H](C)[C@H](O)[C@@H](C)[C@@H](O)[C@@H](C)[C@H](OC(C)=O)[C@H]1C,0,O=C1C=CC=CCCCCCCCCC=COC2Oc3ccc4cc(ccc4c3C2=O)N1,0.5763914373088685,0,4.035917882640132e-05
CO[C@H]1C=CO[C@@]2(C)Oc3c(C)c(O)c4c(c3C2=O)C2=NC3(CCN(CC(C)C)CC3)NC2=C(NC(=O)C(C)=CC=C[C@H](C)[C@H](O)[C@@H](C)[C@@H](O)[C@@H](C)[C@H](OC(C)=O)[C@@H]1C)C4=O,0,O=C1C=CC=CCCCCCCCCC=COC2Oc3ccc4c(c3C2=O)C2=NC3(CCNCC3)NC2=C(N1)C4=O,CO[C@@H]1[C@@H](O[C@@H]2O[C@H](C)[C@@H](O[C@H]3C[C@@](C)(O)[C@@H](OC(=O)CC(C)C)[C@H](C)O3)[C@H](N(C)C)[C@H]2O)[C@@H](CC=O)C[C@@H](C)[C@@H](O)C=CC=CC[C@@H](C)OC(=O)C[C@H]1OC(C)=O,0,O=C1CCCC(OC2CCC(OC3CCCCO3)CO2)CCCCC=CC=CCCO1,0.19018981830846926,0,2.22602654603638e-05
CO[C@H]1C=CO[C@@]2(C)Oc3c(C)c(O)c4c(c3C2=O)C2=NC3(CCN(CC(C)C)CC3)NC2=C(NC(=O)C(C)=CC=C[C@H](C)[C@H](O)[C@@H](C)[C@@H](O)[C@@H](C)[C@H](OC(C)=O)[C@@H]1C)C4=O,0,O=C1C=CC=CCCCCCCCCC=COC2Oc3ccc4c(c3C2=O)C2=NC3(CCNCC3)NC2=C(N1)C4=O,COc1cccc2c1C(=O)c1c(O)c3c(c(O)c1C2=O)C[C@@](O)(C(C)=O)C[C@@H]3O[C@H]1C[C@H](N)[C@H](O)[C@H](C)O1,0,O=C1c2ccccc2C(=O)c2cc3c(cc21)CCCC3OC1CCCCO1,0.17487870619946094,0,4.1076607380943e-05
CO[C@H]1C=CO[C@@]2(C)Oc3c(C)c(O)c4c(c3C2=O)C2=NC3(CCN(CC(C)C)CC3)NC2=C(NC(=O)C(C)=CC=C[C@H](C)[C@H](O)[C@@H](C)[C@@H](O)[C@@H](C)[C@H](OC(C)=O)[C@@H]1C)C4=O,0,O=C1C=CC=CCCCCCCCCC=COC2Oc3ccc4c(c3C2=O)C2=NC3(CCNCC3)NC2=C(N1)C4=O,COc1cccc2c1C(=O)c1c(O)c3c(c(O)c1C2=O)C[C@@](O)(C(=O)CO)C[C@@H]3O[C@H]1C[C@H](N)[C@H](O)[C@H](C)O1,0,O=C1c2ccccc2C(=O)c2cc3c(cc21)CCCC3OC1CCCCO1,0.1735180707143324,0,1.1854803704607263e-05
C[C@H]1C[C@H]2[C@@H]3CCC4=CC(=O)C=C[C@]4(C)[C@@]3(F)[C@@H](O)C[C@]2(C)[C@@]1(O)C(=O)CO,0,O=C1C=CC2C(=C1)CCC1C3CCCC3CCC21,C[C@@H]1C[C@H]2[C@@H]3CCC4=CC(=O)C=C[C@]4(C)[C@@]3(F)[C@@H](O)C[C@]2(C)[C@@]1(O)C(=O)CO,0,O=C1C=CC2C(=C1)CCC1C3CCCC3CCC21,1.0,0,0.006190000778749816
C[C@H]1C[C@H]2[C@@H]3CCC4=CC(=O)C=C[C@]4(C)[C@@]3(F)[C@@H](O)C[C@]2(C)[C@@]1(O)C(=O)CO,0,O=C1C=CC2C(=C1)CCC1C3CCCC3CCC21,C[C@H]1C[C@H]2[C@@H]3CCC4=CC(=O)C=C[C@]4(C)[C@@]3(Cl)[C@@H](O)C[C@]2(C)[C@@]1(O)C(=O)CO,0,O=C1C=CC2C(=C1)CCC1C3CCCC3CCC21,0.8163934426229509,0,0.004634259470793439
C[C@H]1C[C@H]2[C@@H]3CCC4=CC(=O)C=C[C@]4(C)[C@@]3(F)[C@@H](O)C[C@]2(C)[C@@]1(O)C(=O)CO,0,O=C1C=CC2C(=C1)CCC1C3CCCC3CCC21,C[C@]12C=CC(=O)C=C1CC[C@@H]1[C@@H]2[C@@H](O)C[C@@]2(C)[C@H]1CC[C@]2(O)C(=O)CO,0,O=C1C=CC2C(=C1)CCC1C3CCCC3CCC21,0.4607165304839724,0,0.0036615664829153854
C[C@H]1C[C@H]2[C@@H]3CCC4=CC(=O)C=C[C@]4(C)[C@@]3(F)[C@@H](O)C[C@]2(C)[C@@]1(O)C(=O)CO,0,O=C1C=CC2C(=C1)CCC1C3CCCC3CCC21,CCC(=O)O[C@]1(C(=O)SCF)[C@H](C)C[C@H]2[C@@H]3C[C@H](F)C4=CC(=O)C=C[C@]4(C)[C@@]3(F)[C@@H](O)C[C@@]21C,0,O=C1C=CC2C(=C1)CCC1C3CCCC3CCC21,0.4392361900431917,0,0.0005462004771299827
C[C@]12C=CC(=O)C=C1CC[C@@H]1[C@@H]2[C@@H](O)C[C@@]2(C)[C@H]1CC[C@]2(O)C(=O)CO,0,O=C1C=CC2C(=C1)CCC1C3CCCC3CCC21,C[C@H]1C[C@@H]2[C@H]([C@@H](O)C[C@@]3(C)[C@H]2CC[C@]3(O)C(=O)CO)[C@@]2(C)C=CC(=O)C=C12,0,O=C1C=CC2C(=C1)CCC1C3CCCC3CCC21,0.7361566484517305,0,0.007322425229225736
C[C@]12C=CC(=O)C=C1CC[C@@H]1[C@@H]2[C@@H](O)C[C@@]2(C)[C@H]1CC[C@]2(O)C(=O)CO,0,O=C1C=CC2C(=C1)CCC1C3CCCC3CCC21,CCC[C@H]1O[C@@H]2C[C@H]3[C@@H]4CCC5=CC(=O)C=C[C@]5(C)[C@H]4[C@@H](O)C[C@]3(C)[C@]2(C(=O)CO)O1,0,O=C1C=CC2C(=C1)CCC1C2CCC2C1CC1OCOC12,0.5927536231884059,0,0.013406077961322541
C[C@]12C=CC(=O)C=C1CC[C@@H]1[C@@H]2[C@@H](O)C[C@@]2(C)[C@H]1CC[C@]2(O)C(=O)CO,0,O=C1C=CC2C(=C1)CCC1C3CCCC3CCC21,C[C@]12CCC(=O)C=C1CC[C@@H]1[C@@H]2C(=O)C[C@@]2(C)[C@H]1CC[C@]2(O)C(=O)CO,0,O=C1C=C2CCC3C4CCCC4CC(=O)C3C2CC1,0.5190298507462687,0,0.0028004402528589946
C[C@]12C=CC(=O)C=C1CC[C@@H]1[C@@H]2[C@@H](O)C[C@@]2(C)[C@H]1CC[C@]2(O)C(=O)CO,0,O=C1C=CC2C(=C1)CCC1C3CCCC3CCC21,C[C@]12CC[C@H]3[C@@H](CCC4=CC(=O)C=C[C@@]43C)[C@@H]1CC[C@@H]2O,0,O=C1C=CC2C(=C1)CCC1C3CCCC3CCC21,0.4985178727114211,0,0.012618152636611481
C[C@@H]1C[C@H]2[C@@H]3CCC4=CC(=O)C=C[C@]4(C)[C@@]3(F)[C@@H](O)C[C@]2(C)[C@@]1(O)C(=O)CO,0,O=C1C=CC2C(=C1)CCC1C3CCCC3CCC21,C[C@H]1C[C@H]2[C@@H]3CCC4=CC(=O)C=C[C@]4(C)[C@@]3(F)[C@@H](O)C[C@]2(C)[C@@]1(O)C(=O)CO,0,O=C1C=CC2C(=C1)CCC1C3CCCC3CCC21,1.0,0,0.006190000778749816
C[C@@H]1C[C@H]2[C@@H]3CCC4=CC(=O)C=C[C@]4(C)[C@@]3(F)[C@@H](O)C[C@]2(C)[C@@]1(O)C(=O)CO,0,O=C1C=CC2C(=C1)CCC1C3CCCC3CCC21,C[C@H]1C[C@H]2[C@@H]3CCC4=CC(=O)C=C[C@]4(C)[C@@]3(Cl)[C@@H](O)C[C@]2(C)[C@@]1(O)C(=O)CO,0,O=C1C=CC2C(=C1)CCC1C3CCCC3CCC21,0.8163934426229509,0,0.004634259470793439
C[C@@H]1C[C@H]2[C@@H]3CCC4=CC(=O)C=C[C@]4(C)[C@@]3(F)[C@@H](O)C[C@]2(C)[C@@]1(O)C(=O)CO,0,O=C1C=CC2C(=C1)CCC1C3CCCC3CCC21,C[C@]12C=CC(=O)C=C1CC[C@@H]1[C@@H]2[C@@H](O)C[C@@]2(C)[C@H]1CC[C@]2(O)C(=O)CO,0,O=C1C=CC2C(=C1)CCC1C3CCCC3CCC21,0.4607165304839724,0,0.0036615664829153854
C[C@@H]1C[C@H]2[C@@H]3CCC4=CC(=O)C=C[C@]4(C)[C@@]3(F)[C@@H](O)C[C@]2(C)[C@@]1(O)C(=O)CO,0,O=C1C=CC2C(=C1)CCC1C3CCCC3CCC21,CCC(=O)O[C@]1(C(=O)SCF)[C@H](C)C[C@H]2[C@@H]3C[C@H](F)C4=CC(=O)C=C[C@]4(C)[C@@]3(F)[C@@H](O)C[C@@]21C,0,O=C1C=CC2C(=C1)CCC1C3CCCC3CCC21,0.4392361900431917,0,0.0005462004771299827
CCC(=O)O[C@]1(C(=O)SCF)[C@H](C)C[C@H]2[C@@H]3C[C@H](F)C4=CC(=O)C=C[C@]4(C)[C@@]3(F)[C@@H](O)C[C@@]21C,0,O=C1C=CC2C(=C1)CCC1C3CCCC3CCC21,C[C@H]1C[C@H]2[C@@H]3CCC4=CC(=O)C=C[C@]4(C)[C@@]3(F)[C@@H](O)C[C@]2(C)[C@@]1(O)C(=O)CO,0,O=C1C=CC2C(=C1)CCC1C3CCCC3CCC21,0.4392361900431917,0,0.0029880699219795447
CCC(=O)O[C@]1(C(=O)SCF)[C@H](C)C[C@H]2[C@@H]3C[C@H](F)C4=CC(=O)C=C[C@]4(C)[C@@]3(F)[C@@H](O)C[C@@]21C,0,O=C1C=CC2C(=C1)CCC1C3CCCC3CCC21,C[C@@H]1C[C@H]2[C@@H]3CCC4=CC(=O)C=C[C@]4(C)[C@@]3(F)[C@@H](O)C[C@]2(C)[C@@]1(O)C(=O)CO,0,O=C1C=CC2C(=C1)CCC1C3CCCC3CCC21,0.4392361900431917,0,0.0029880699219795447
CCC(=O)O[C@]1(C(=O)SCF)[C@H](C)C[C@H]2[C@@H]3C[C@H](F)C4=CC(=O)C=C[C@]4(C)[C@@]3(F)[C@@H](O)C[C@@]21C,0,O=C1C=CC2C(=C1)CCC1C3CCCC3CCC21,C[C@H]1C[C@H]2[C@@H]3CCC4=CC(=O)C=C[C@]4(C)[C@@]3(Cl)[C@@H](O)C[C@]2(C)[C@@]1(O)C(=O)CO,0,O=C1C=CC2C(=C1)CCC1C3CCCC3CCC21,0.3746140651801029,0,0.003966571095411919
CCC(=O)O[C@]1(C(=O)SCF)[C@H](C)C[C@H]2[C@@H]3C[C@H](F)C4=CC(=O)C=C[C@]4(C)[C@@]3(F)[C@@H](O)C[C@@]21C,0,O=C1C=CC2C(=C1)CCC1C3CCCC3CCC21,C[C@H]1C[C@@H]2[C@H]([C@@H](O)C[C@@]3(C)[C@H]2CC[C@]3(O)C(=O)CO)[C@@]2(C)C=CC(=O)C=C12,0,O=C1C=CC2C(=C1)CCC1C3CCCC3CCC21,0.2875667429443173,0,0.002825654307864252
C[C@]12CC[C@H]3[C@@H](CCC4=CC(=O)C=C[C@@]43C)[C@@H]1CC[C@@H]2O,0,O=C1C=CC2C(=C1)CCC1C3CCCC3CCC21,C[C@]12C=CC(=O)C=C1CC[C@@H]1[C@@H]2CC[C@]2(C)OC(=O)CC[C@@H]12,0,O=C1C=CC2C(=C1)CCC1C3CCC(=O)OC3CCC21,0.584873949579832,0,0.00673408291820783
C[C@]12CC[C@H]3[C@@H](CCC4=CC(=O)C=C[C@@]43C)[C@@H]1CC[C@@H]2O,0,O=C1C=CC2C(=C1)CCC1C3CCCC3CCC21,C[C@]12C=CC(=O)C=C1CC[C@@H]1[C@@H]2[C@@H](O)C[C@@]2(C)[C@H]1CC[C@]2(O)C(=O)CO,0,O=C1C=CC2C(=C1)CCC1C3CCCC3CCC21,0.4985178727114211,0,0.008146501314122978
C[C@]12CC[C@H]3[C@@H](CCC4=CC(=O)C=C[C@@]43C)[C@@H]1CC[C@@H]2O,0,O=C1C=CC2C(=C1)CCC1C3CCCC3CCC21,C=C1C[C@@H]2[C@H](CC[C@]3(C)C(=O)CC[C@@H]23)[C@@]2(C)C=CC(=O)C=C12,0,C=C1CC2C(CCC3C(=O)CCC32)C2C=CC(=O)C=C12,0.4290060851926978,0,0.031934263123752006
C[C@]12CC[C@H]3[C@@H](CCC4=CC(=O)C=C[C@@]43C)[C@@H]1CC[C@@H]2O,0,O=C1C=CC2C(=C1)CCC1C3CCCC3CCC21,CCC[C@H]1O[C@@H]2C[C@H]3[C@@H]4CCC5=CC(=O)C=C[C@]5(C)[C@H]4[C@@H](O)C[C@]3(C)[C@]2(C(=O)CO)O1,0,O=C1C=CC2C(=C1)CCC1C2CCC2C1CC1OCOC12,0.38421052631578945,0,0.009146888569495762
C[C@H]1C[C@@H]2[C@H]([C@@H](O)C[C@@]3(C)[C@H]2CC[C@]3(O)C(=O)CO)[C@@]2(C)C=CC(=O)C=C12,0,O=C1C=CC2C(=C1)CCC1C3CCCC3CCC21,C[C@]12C=CC(=O)C=C1CC[C@@H]1[C@@H]2[C@@H](O)C[C@@]2(C)[C@H]1CC[C@]2(O)C(=O)CO,0,O=C1C=CC2C(=C1)CCC1C3CCCC3CCC21,0.7361566484517305,0,0.006598263474245554
C[C@H]1C[C@@H]2[C@H]([C@@H](O)C[C@@]3(C)[C@H]2CC[C@]3(O)C(=O)CO)[C@@]2(C)C=CC(=O)C=C12,0,O=C1C=CC2C(=C1)CCC1C3CCCC3CCC21,CCC[C@H]1O[C@@H]2C[C@H]3[C@@H]4CCC5=CC(=O)C=C[C@]5(C)[C@H]4[C@@H](O)C[C@]3(C)[C@]2(C(=O)CO)O1,0,O=C1C=CC2C(=C1)CCC1C2CCC2C1CC1OCOC12,0.45588309397833204,0,0.014230161736991527
C[C@H]1C[C@@H]2[C@H]([C@@H](O)C[C@@]3(C)[C@H]2CC[C@]3(O)C(=O)CO)[C@@]2(C)C=CC(=O)C=C12,0,O=C1C=CC2C(=C1)CCC1C3CCCC3CCC21,C[C@]12CCC(=O)C=C1CC[C@@H]1[C@@H]2C(=O)C[C@@]2(C)[C@H]1CC[C@]2(O)C(=O)CO,0,O=C1C=C2CCC3C4CCCC4CC(=O)C3C2CC1,0.42478496336412874,0,0.0027980127963985876
C[C@H]1C[C@@H]2[C@H]([C@@H](O)C[C@@]3(C)[C@H]2CC[C@]3(O)C(=O)CO)[C@@]2(C)C=CC(=O)C=C12,0,O=C1C=CC2C(=C1)CCC1C3CCCC3CCC21,C[C@H]1C[C@H]2[C@@H]3CCC4=CC(=O)C=C[C@]4(C)[C@@]3(Cl)[C@@H](O)C[C@]2(C)[C@@]1(O)C(=O)CO,0,O=C1C=CC2C(=C1)CCC1C3CCCC3CCC21,0.412991452991453,0,0.010420342532340785
C[C@H]1C[C@H]2[C@@H]3CCC4=CC(=O)C=C[C@]4(C)[C@@]3(Cl)[C@@H](O)C[C@]2(C)[C@@]1(O)C(=O)CO,0,O=C1C=CC2C(=C1)CCC1C3CCCC3CCC21,C[C@H]1C[C@H]2[C@@H]3CCC4=CC(=O)C=C[C@]4(C)[C@@]3(F)[C@@H](O)C[C@]2(C)[C@@]1(O)C(=O)CO,0,O=C1C=CC2C(=C1)CCC1C3CCCC3CCC21,0.8163934426229509,0,0.007357554622381525
C[C@H]1C[C@H]2[C@@H]3CCC4=CC(=O)C=C[C@]4(C)[C@@]3(Cl)[C@@H](O)C[C@]2(C)[C@@]1(O)C(=O)CO,0,O=C1C=CC2C(=C1)CCC1C3CCCC3CCC21,C[C@@H]1C[C@H]2[C@@H]3CCC4=CC(=O)C=C[C@]4(C)[C@@]3(F)[C@@H](O)C[C@]2(C)[C@@]1(O)C(=O)CO,0,O=C1C=CC2C(=C1)CCC1C3CCCC3CCC21,0.8163934426229509,0,0.007357554622381525
C[C@H]1C[C@H]2[C@@H]3CCC4=CC(=O)C=C[C@]4(C)[C@@]3(Cl)[C@@H](O)C[C@]2(C)[C@@]1(O)C(=O)CO,0,O=C1C=CC2C(=C1)CCC1C3CCCC3CCC21,C[C@]12C=CC(=O)C=C1CC[C@@H]1[C@@H]2[C@@H](O)C[C@@]2(C)[C@H]1CC[C@]2(O)C(=O)CO,0,O=C1C=CC2C(=C1)CCC1C3CCCC3CCC21,0.4607165304839724,0,0.004730287109008586
C[C@H]1C[C@H]2[C@@H]3CCC4=CC(=O)C=C[C@]4(C)[C@@]3(Cl)[C@@H](O)C[C@]2(C)[C@@]1(O)C(=O)CO,0,O=C1C=CC2C(=C1)CCC1C3CCCC3CCC21,C[C@H]1C[C@@H]2[C@H]([C@@H](O)C[C@@]3(C)[C@H]2CC[C@]3(O)C(=O)CO)[C@@]2(C)C=CC(=O)C=C12,0,O=C1C=CC2C(=C1)CCC1C3CCCC3CCC21,0.412991452991453,0,0.005230222769527751
CNC1=Nc2ccc(Cl)cc2C(c2ccccc2)=[N+]([O-])C1,0,C1=Nc2ccccc2C(c2ccccc2)=[NH+]C1,CN1CCN=C(c2ccccc2)c2cc(Cl)ccc21,0,c1ccc(C2=NCCNc3ccccc32)cc1,0.32873563218390806,0,0.1148185292932074
CNC1=Nc2ccc(Cl)cc2C(c2ccccc2)=[N+]([O-])C1,0,C1=Nc2ccccc2C(c2ccccc2)=[NH+]C1,Cc1nnc2n1-c1ccc(Cl)cc1C(c1ccccc1)=NC2,0,c1ccc(C2=NCc3nncn3-c3ccccc32)cc1,0.2912698412698413,0,0.09482827047274699
CNC1=Nc2ccc(Cl)cc2C(c2ccccc2)=[N+]([O-])C1,0,C1=Nc2ccccc2C(c2ccccc2)=[NH+]C1,CN(C)Cc1nnc2n1-c1ccc(Cl)cc1C(c1ccccc1)=NC2,0,c1ccc(C2=NCc3nncn3-c3ccccc32)cc1,0.2691434468524252,0,0.2203307816991874
CNC1=Nc2ccc(Cl)cc2C(c2ccccc2)=[N+]([O-])C1,0,C1=Nc2ccccc2C(c2ccccc2)=[NH+]C1,Cc1nnc2n1-c1ccc(Cl)cc1C(c1ccccc1Cl)=NC2,0,c1ccc(C2=NCc3nncn3-c3ccccc32)cc1,0.2401013798929879,0,0.09112530349080229
C1CCC(C(C[C@H]2CCCCN2)C2CCCCC2)CC1,0,C1CCC(C(CC2CCCCN2)C2CCCCC2)CC1,COC(=O)[C@H](c1ccccc1)[C@H]1CCCCN1,0,c1ccc(CC2CCCCN2)cc1,0.26666666666666666,0,0.019495138857559047
C1CCC(C(C[C@H]2CCCCN2)C2CCCCC2)CC1,0,C1CCC(C(CC2CCCCN2)C2CCCCC2)CC1,O[C@@H](c1cc(C(F)(F)F)nc2c(C(F)(F)F)cccc12)[C@H]1CCCCN1,0,c1ccc2c(CC3CCCCN3)ccnc2c1,0.19804143126177026,0,0.006339777318520574
C1CCC(C(C[C@H]2CCCCN2)C2CCCCC2)CC1,0,C1CCC(C(CC2CCCCN2)C2CCCCC2)CC1,O=NN(CCCl)C(=O)NC1CCCCC1,0,C1CCCCC1,0.17621621621621625,0,0.1999277747478134
C1CCC(C(C[C@H]2CCCCN2)C2CCCCC2)CC1,0,C1CCC(C(CC2CCCCN2)C2CCCCC2)CC1,OC(c1ccccc1)(c1ccccc1)C1CCNCC1,0,c1ccc(C(c2ccccc2)C2CCNCC2)cc1,0.13757575757575757,0,0.008032086737536371
Fc1cccc2c1O[C@H]1CNC[C@@H]1O2,0,c1ccc2c(c1)OC1CNCC1O2,Fc1ccc([C@@H]2CCNC[C@H]2COc2ccc3c(c2)OCO3)cc1,0,c1ccc(C2CCNCC2COc2ccc3c(c2)OCO3)cc1,0.22925731432858215,0,0.03573867604748249
Fc1cccc2c1O[C@H]1CNC[C@@H]1O2,0,c1ccc2c(c1)OC1CNCC1O2,CCOc1ccccc1O[C@H](c1ccccc1)[C@H]1CNCCO1,0,c1ccc(OC(c2ccccc2)C2CNCCO2)cc1,0.228099910793934,0,0.08837272140978365
Fc1cccc2c1O[C@H]1CNC[C@@H]1O2,0,c1ccc2c(c1)OC1CNCC1O2,OC(c1ccccc1)(c1ccccc1)C1CCNCC1,0,c1ccc(C(c2ccccc2)C2CCNCC2)cc1,0.20935064935064937,0,0.0634592855678005
Fc1cccc2c1O[C@H]1CNC[C@@H]1O2,0,c1ccc2c(c1)OC1CNCC1O2,CCOC(=O)C1=C(C)NC(C)=C(C(=O)OC)[C@@H]1c1cccc2c1OCO2,0,C1=CC(c2cccc3c2OCO3)C=CN1,0.2026647966339411,0,0.035318594595909844
COc1cc(Br)c2oc(C3CCNCC3)cc2c1,0,c1ccc2oc(C3CCNCC3)cc2c1,c1ccc2cc(COC3CCNCC3)ccc2c1,0,c1ccc2cc(COC3CCNCC3)ccc2c1,0.25324074074074077,0,0.02505739218594631
COc1cc(Br)c2oc(C3CCNCC3)cc2c1,0,c1ccc2oc(C3CCNCC3)cc2c1,Fc1ccc([C@@H]2CCNC[C@H]2COc2ccc3c(c2)OCO3)cc1,0,c1ccc(C2CCNCC2COc2ccc3c(c2)OCO3)cc1,0.22523444160272804,0,0.015156591230527351
COc1cc(Br)c2oc(C3CCNCC3)cc2c1,0,c1ccc2oc(C3CCNCC3)cc2c1,OC(c1ccccc1)(c1ccccc1)C1CCNCC1,0,c1ccc(C(c2ccccc2)C2CCNCC2)cc1,0.21600000000000003,0,0.03849783814723587
COc1cc(Br)c2oc(C3CCNCC3)cc2c1,0,c1ccc2oc(C3CCNCC3)cc2c1,COc1cc(N[C@@H](C)CCCN)c2ncccc2c1,0,c1ccc2ncccc2c1,0.21251435132032148,0,0.0045505387452941795
CN1C(=O)CC[C@H]1c1cccnc1,0,O=C1CCC(c2cccnc2)N1,C[C@]12CC[C@H](O)CC1=CC[C@@H]1[C@@H]2CC[C@]2(C)C(c3cccnc3)=CC[C@@H]12,0,C1=C2CCCCC2C2CCC3C(c4cccnc4)=CCC3C2C1,0.25132978723404253,0,0.08860666623604928
CN1C(=O)CC[C@H]1c1cccnc1,0,O=C1CCC(c2cccnc2)N1,N#Cc1ccc([C@H]2CCCc3cncn32)cc1,0,c1ccc(C2CCCc3cncn32)cc1,0.23560253699788583,0,0.1708064408532358
CN1C(=O)CC[C@H]1c1cccnc1,0,O=C1CCC(c2cccnc2)N1,CC[C@@]1(c2ccncc2)CCC(=O)NC1=O,0,O=C1CCC(c2ccncc2)C(=O)N1,0.23445878848063556,0,0.271360238127139
CN1C(=O)CC[C@H]1c1cccnc1,0,O=C1CCC(c2cccnc2)N1,Cc1cccc(C)c1NC(=O)CN1CCCC1=O,0,O=C(CN1CCCC1=O)Nc1ccccc1,0.23296703296703297,0,0.23774017458196364
COc1ccc([C@@H]2Sc3ccccc3N(CCN(C)C)C(=O)[C@@H]2OC(C)=O)cc1,1,O=C1CC(c2ccccc2)Sc2ccccc2N1,CN(C)CCCN1c2ccccc2Sc2ccc(Cl)cc21,0,c1ccc2c(c1)Nc1ccccc1S2,0.29283018867924526,1,0.6656692985600658
COc1ccc([C@@H]2Sc3ccccc3N(CCN(C)C)C(=O)[C@@H]2OC(C)=O)cc1,1,O=C1CC(c2ccccc2)Sc2ccccc2N1,COc1ccc(C(=O)Nc2ccccc2CC[C@H]2CCCCN2C)cc1,0,O=C(Nc1ccccc1CCC1CCCCN1)c1ccccc1,0.2641975308641975,1,0.6077803394691175
COc1ccc([C@@H]2Sc3ccccc3N(CCN(C)C)C(=O)[C@@H]2OC(C)=O)cc1,1,O=C1CC(c2ccccc2)Sc2ccccc2N1,C[C@H](CN1c2ccccc2Sc2ccccc21)N(C)C,0,c1ccc2c(c1)Nc1ccccc1S2,0.25412872841444273,1,0.7878855953235807
COc1ccc([C@@H]2Sc3ccccc3N(CCN(C)C)C(=O)[C@@H]2OC(C)=O)cc1,1,O=C1CC(c2ccccc2)Sc2ccccc2N1,COc1cccc([C@@]2(O)CCCC[C@@H]2CN(C)C)c1,0,c1ccc(C2CCCCC2)cc1,0.24010256410256411,0,0.48742643863456464
CN1C[C@H](C(=O)N[C@]2(C)O[C@@]3(O)[C@@H]4CCCN4C(=O)[C@H](Cc4ccccc4)N3C2=O)C[C@@H]2c3cccc4[nH]cc(c34)C[C@H]21,0,O=C(NC1OC2C3CCCN3C(=O)C(Cc3ccccc3)N2C1=O)C1CNC2Cc3c[nH]c4cccc(c34)C2C1,CN1C[C@H](C(=O)N[C@]2(C)O[C@@]3(O)[C@@H]4CCCN4C(=O)[C@H](Cc4ccccc4)N3C2=O)C=C2c3cccc4[nH]cc(c34)C[C@H]21,0,O=C(NC1OC2C3CCCN3C(=O)C(Cc3ccccc3)N2C1=O)C1C=C2c3cccc4[nH]cc(c34)CC2NC1,0.7187384044526902,0,0.0038107170396684082
CN1C[C@H](C(=O)N[C@]2(C)O[C@@]3(O)[C@@H]4CCCN4C(=O)[C@H](Cc4ccccc4)N3C2=O)C[C@@H]2c3cccc4[nH]cc(c34)C[C@H]21,0,O=C(NC1OC2C3CCCN3C(=O)C(Cc3ccccc3)N2C1=O)C1CNC2Cc3c[nH]c4cccc(c34)C2C1,CC(C)C[C@H]1C(=O)N2CCC[C@H]2[C@]2(O)O[C@](NC(=O)[C@@H]3C=C4c5cccc6[nH]c(Br)c(c56)C[C@H]4N(C)C3)(C(C)C)C(=O)N12,0,O=C(NC1OC2C3CCCN3C(=O)CN2C1=O)C1C=C2c3cccc4[nH]cc(c34)CC2NC1,0.45309597523219813,0,0.0016101624403389758
CN1C[C@H](C(=O)N[C@]2(C)O[C@@]3(O)[C@@H]4CCCN4C(=O)[C@H](Cc4ccccc4)N3C2=O)C[C@@H]2c3cccc4[nH]cc(c34)C[C@H]21,0,O=C(NC1OC2C3CCCN3C(=O)C(Cc3ccccc3)N2C1=O)C1CNC2Cc3c[nH]c4cccc(c34)C2C1,CCN(CC)C(=O)N[C@H]1C[C@@H]2c3cccc4[nH]cc(c34)C[C@H]2N(C)C1,0,c1cc2c3c(c[nH]c3c1)CC1NCCCC21,0.4388461538461539,0,0.014280575748119658
CN1C[C@H](C(=O)N[C@]2(C)O[C@@]3(O)[C@@H]4CCCN4C(=O)[C@H](Cc4ccccc4)N3C2=O)C[C@@H]2c3cccc4[nH]cc(c34)C[C@H]21,0,O=C(NC1OC2C3CCCN3C(=O)C(Cc3ccccc3)N2C1=O)C1CNC2Cc3c[nH]c4cccc(c34)C2C1,CCCN1C[C@H](CSC)C[C@@H]2c3cccc4[nH]cc(c34)C[C@H]21,0,c1cc2c3c(c[nH]c3c1)CC1NCCCC21,0.367895217788608,0,0.0182358744834333
CC[C@]1(c2ccccc2)C(=O)NC(=O)N(C)C1=O,0,O=C1NC(=O)C(c2ccccc2)C(=O)N1,O=C1NC(c2ccccc2)(c2ccccc2)C(=O)N1COP(=O)(O)O,0,O=C1NC(=O)C(c2ccccc2)(c2ccccc2)N1,0.31567567567567567,0,0.26580823175425927
CC[C@]1(c2ccccc2)C(=O)NC(=O)N(C)C1=O,0,O=C1NC(=O)C(c2ccccc2)C(=O)N1,CCN(CC)C(=O)[C@]1(c2ccccc2)C[C@@H]1CN,0,c1ccc(C2CC2)cc1,0.31051693404634584,0,0.1460675696494387
CC[C@]1(c2ccccc2)C(=O)NC(=O)N(C)C1=O,0,O=C1NC(=O)C(c2ccccc2)C(=O)N1,CCOC(=O)C1(c2ccccc2)CCN(C)CC1,0,c1ccc(C2CCNCC2)cc1,0.3080558539205156,0,0.2037632533148453
CC[C@]1(c2ccccc2)C(=O)NC(=O)N(C)C1=O,0,O=C1NC(=O)C(c2ccccc2)C(=O)N1,CC[C@@]1(c2ccncc2)CCC(=O)NC1=O,0,O=C1CCC(c2ccncc2)C(=O)N1,0.3063625450180072,0,0.4632370613442405
CCC1(c2ccccc2)C(=O)NC(=O)NC1=O,1,O=C1NC(=O)C(c2ccccc2)C(=O)N1,CC[C@]1(c2ccccc2)C(=O)NC(=O)N(C)C1=O,0,O=C1NC(=O)C(c2ccccc2)C(=O)N1,0.615546218487395,1,0.7470082133615676
CCC1(c2ccccc2)C(=O)NC(=O)NC1=O,1,O=C1NC(=O)C(c2ccccc2)C(=O)N1,CC[C@@]1(c2ccncc2)CCC(=O)NC1=O,0,O=C1CCC(c2ccncc2)C(=O)N1,0.3301136363636364,1,0.5443035995490265
CCC1(c2ccccc2)C(=O)NC(=O)NC1=O,1,O=C1NC(=O)C(c2ccccc2)C(=O)N1,CCc1ccccc1,0,c1ccccc1,0.29833333333333334,1,0.5338494824024458
CCC1(c2ccccc2)C(=O)NC(=O)NC1=O,1,O=C1NC(=O)C(c2ccccc2)C(=O)N1,CCOC(=O)C1(c2ccccc2)CCN(C)CC1,0,c1ccc(C2CCNCC2)cc1,0.2946583850931677,0,0.34137719678811196
CC(=O)[C@H]1CC[C@H]2[C@@H]3CC=C4C[C@@H](O)CC[C@]4(C)[C@H]3CC[C@]12C,0,C1=C2CCCCC2C2CCC3CCCC3C2C1,C[C@]12CC[C@H](O)CC1=CC[C@@H]1[C@@H]2CC[C@]2(C)C(=O)CC[C@@H]12,0,O=C1CCC2C1CCC1C3CCCCC3=CCC21,0.649795918367347,0,0.01962112481871832
CC(=O)[C@H]1CC[C@H]2[C@@H]3CC=C4C[C@@H](O)CC[C@]4(C)[C@H]3CC[C@]12C,0,C1=C2CCCCC2C2CCC3CCCC3C2C1,C[C@]12CC[C@H](O)CC1=CC[C@@H]1[C@@H]2CC[C@]2(C)C(c3cccnc3)=CC[C@@H]12,0,C1=C2CCCCC2C2CCC3C(c4cccnc4)=CCC3C2C1,0.48434108527131786,0,0.02290528458044889
CC(=O)[C@H]1CC[C@H]2[C@@H]3CC=C4C[C@@H](O)CC[C@]4(C)[C@H]3CC[C@]12C,0,C1=C2CCCCC2C2CCC3CCCC3C2C1,CC(=O)[C@H]1CC[C@H]2[C@@H]3CC[C@H]4C[C@](C)(O)CC[C@]4(C)[C@H]3CC[C@]12C,0,C1CCC2C(C1)CCC1C3CCCC3CCC21,0.45534090909090913,0,0.015880465131947016
CC(=O)[C@H]1CC[C@H]2[C@@H]3CC=C4C[C@@H](O)CC[C@]4(C)[C@H]3CC[C@]12C,0,C1=C2CCCCC2C2CCC3CCCC3C2C1,C[C@]12CC[C@H]3[C@@H](CCC4=CC(=O)C=C[C@@]43C)[C@@H]1CC[C@@H]2O,0,O=C1C=CC2C(=C1)CCC1C3CCCC3CCC21,0.3666359447004608,0,0.025523135965197813
c1ccc2cc(COC3CCNCC3)ccc2c1,0,c1ccc2cc(COC3CCNCC3)ccc2c1,OC(c1ccccc1)(c1ccccc1)C1CCNCC1,0,c1ccc(C(c2ccccc2)C2CCNCC2)cc1,0.30909090909090914,0,0.008560038640948578
c1ccc2cc(COC3CCNCC3)ccc2c1,0,c1ccc2cc(COC3CCNCC3)ccc2c1,COc1cc(Br)c2oc(C3CCNCC3)cc2c1,0,c1ccc2oc(C3CCNCC3)cc2c1,0.25324074074074077,0,0.002645859834299474
c1ccc2cc(COC3CCNCC3)ccc2c1,0,c1ccc2cc(COC3CCNCC3)ccc2c1,Fc1ccc([C@@H]2CCNC[C@H]2COc2ccc3c(c2)OCO3)cc1,0,c1ccc(C2CCNCC2COc2ccc3c(c2)OCO3)cc1,0.22397959183673471,0,0.013903376077932132
c1ccc2cc(COC3CCNCC3)ccc2c1,0,c1ccc2cc(COC3CCNCC3)ccc2c1,COC(=O)[C@H](c1ccccc1)[C@H]1CCCCN1,0,c1ccc(CC2CCCCN2)cc1,0.2210526315789474,0,0.0025423970362314858
O=NN(CCCl)C(=O)NC1CCCCC1,0,C1CCCCC1,O=[P@@]1(N(CCCl)CCCl)OCCCN1CCCl,0,O=[PH]1NCCCO1,0.18823529411764708,0,0.27422886831085314
O=NN(CCCl)C(=O)NC1CCCCC1,0,C1CCCCC1,C1CCC(C(C[C@H]2CCCCN2)C2CCCCC2)CC1,0,C1CCC(C(CC2CCCCN2)C2CCCCC2)CC1,0.17621621621621625,0,0.3100215050205177
O=NN(CCCl)C(=O)NC1CCCCC1,0,C1CCCCC1,CCCN1CCCC[C@H]1C(=O)Nc1c(C)cccc1C,0,O=C(Nc1ccccc1)C1CCCCN1,0.1711487758945386,0,0.24092745388055778
O=NN(CCCl)C(=O)NC1CCCCC1,0,C1CCCCC1,CCN(CC)C(=O)N[C@H]1C[C@@H]2c3cccc4[nH]cc(c34)C[C@H]2N(C)C1,0,c1cc2c3c(c[nH]c3c1)CC1NCCCC21,0.16679021497405488,0,0.08645569423972872
O=[P@]1(N(CCCl)CCCl)NCCCO1,1,O=[PH]1NCCCO1,O=[P@@]1(N(CCCl)CCCl)OCCCN1CCCl,0,O=[PH]1NCCCO1,0.4328571428571429,1,0.8156288701401722
O=[P@]1(N(CCCl)CCCl)NCCCO1,1,O=[PH]1NCCCO1,O=NN(CCCl)C(=O)NC1CCCCC1,0,C1CCCCC1,0.22735562310030397,1,0.8232175522069569
O=[P@]1(N(CCCl)CCCl)NCCCO1,1,O=[PH]1NCCCO1,C1CCC(C(C[C@H]2CCCCN2)C2CCCCC2)CC1,0,C1CCC(C(CC2CCCCN2)C2CCCCC2)CC1,0.12333333333333334,0,0.48336635146089585
O=[P@]1(N(CCCl)CCCl)NCCCO1,1,O=[PH]1NCCCO1,CCC[C@@H]1C[C@H](C(=O)N[C@@H]([C@H]2O[C@H](SC)[C@H](O)[C@@H](O)[C@H]2O)[C@H](C)Cl)N(C)C1,0,O=C(NCC1CCCCO1)C1CCCN1,0.11307596513075965,1,0.7124256551780997
O=[P@]1(NCCCl)OCCCN1CCCl,1,O=[PH]1NCCCO1,O=[P@@]1(N(CCCl)CCCl)OCCCN1CCCl,0,O=[PH]1NCCCO1,0.537912087912088,1,0.8360970159335191
O=[P@]1(NCCCl)OCCCN1CCCl,1,O=[PH]1NCCCO1,O=NN(CCCl)C(=O)NC1CCCCC1,0,C1CCCCC1,0.17713097713097714,1,0.8111697265423914
O=[P@]1(NCCCl)OCCCN1CCCl,1,O=[PH]1NCCCO1,O=C(NC1CCN(CCc2c[nH]c3ccccc23)CC1)c1ccccc1,0,O=C(NC1CCN(CCc2c[nH]c3ccccc23)CC1)c1ccccc1,0.14264069264069265,1,0.5392474672310401
O=[P@]1(NCCCl)OCCCN1CCCl,1,O=[PH]1NCCCO1,O=C(CO)NCCCOc1cccc(CN2CCCCC2)c1,0,c1ccc(CN2CCCCC2)cc1,0.13093196112064037,1,0.7223818961273644
O=[P@@]1(N(CCCl)CCCl)OCCCN1CCCl,0,O=[PH]1NCCCO1,O=NN(CCCl)C(=O)NC1CCCCC1,0,C1CCCCC1,0.18823529411764708,1,0.6829804880377826
O=[P@@]1(N(CCCl)CCCl)OCCCN1CCCl,0,O=[PH]1NCCCO1,O=[N+]([O-])c1cncn1CCN1CCOCC1,0,c1cn(CCN2CCOCC2)cn1,0.13167701863354037,0,0.04602567943752218
O=[P@@]1(N(CCCl)CCCl)OCCCN1CCCl,0,O=[PH]1NCCCO1,O=C1[C@H]2CCCC[C@H]2C(=O)N1CCCCN1CCN(c2nsc3ccccc23)CC1,0,O=C1C2CCCCC2C(=O)N1CCCCN1CCN(c2nsc3ccccc23)CC1,0.12318840579710146,0,0.008217013122684648
O=[P@@]1(N(CCCl)CCCl)OCCCN1CCCl,0,O=[PH]1NCCCO1,CN1CCC[C@@H]1CCO[C@](C)(c1ccccc1)c1ccc(Cl)cc1,0,c1ccc(C(OCCC2CCCN2)c2ccccc2)cc1,0.12005813953488373,0,0.11490064584826096
Cc1c(C)c2c(c(C)c1O)CC[C@](C)(COc1ccc(C[C@@H]3SC(=O)NC3=O)cc1)O2,1,O=C1NC(=O)C(Cc2ccc(OCC3CCc4ccccc4O3)cc2)S1,CCc1ccc(CCOc2ccc(C[C@@H]3SC(=O)NC3=O)cc2)nc1,0,O=C1NC(=O)C(Cc2ccc(OCCc3ccccn3)cc2)S1,0.4362099871959027,1,0.9113643520192386
Cc1c(C)c2c(c(C)c1O)CC[C@](C)(COc1ccc(C[C@@H]3SC(=O)NC3=O)cc1)O2,1,O=C1NC(=O)C(Cc2ccc(OCC3CCc4ccccc4O3)cc2)S1,CC(C)NC[C@H](O)COc1ccc(CCOCC2CC2)cc1,0,c1ccc(CCOCC2CC2)cc1,0.20187353629976584,1,0.6777952446951323
Cc1c(C)c2c(c(C)c1O)CC[C@](C)(COc1ccc(C[C@@H]3SC(=O)NC3=O)cc1)O2,1,O=C1NC(=O)C(Cc2ccc(OCC3CCc4ccccc4O3)cc2)S1,CN(CCOc1ccc(NS(C)(=O)=O)cc1)CCc1ccc(NS(C)(=O)=O)cc1,0,c1ccc(CCNCCOc2ccccc2)cc1,0.1960094400343274,1,0.9159786612168823
Cc1c(C)c2c(c(C)c1O)CC[C@](C)(COc1ccc(C[C@@H]3SC(=O)NC3=O)cc1)O2,1,O=C1NC(=O)C(Cc2ccc(OCC3CCc4ccccc4O3)cc2)S1,CO[C@H]1C=CO[C@@]2(C)Oc3c(C)c(O)c4c(c3C2=O)C2=NC3(CCN(CC(C)C)CC3)NC2=C(NC(=O)C(C)=CC=C[C@H](C)[C@H](O)[C@@H](C)[C@@H](O)[C@@H](C)[C@H](OC(C)=O)[C@@H]1C)C4=O,0,O=C1C=CC=CCCCCCCCCC=COC2Oc3ccc4c(c3C2=O)C2=NC3(CCNCC3)NC2=C(N1)C4=O,0.1928571428571429,1,0.7691557454249994
O=c1[nH]c2ccccc2n1C1CCN(CCCC(c2ccc(F)cc2)c2ccc(F)cc2)CC1,0,O=c1[nH]c2ccccc2n1C1CCN(CCCC(c2ccccc2)c2ccccc2)CC1,O=c1[nH]c2ccccc2n1CCCN1CCC(n2c(=O)[nH]c3cc(Cl)ccc32)CC1,0,O=c1[nH]c2ccccc2n1CCCN1CCC(n2c(=O)[nH]c3ccccc32)CC1,0.5853260869565218,0,0.10374160483487158
O=c1[nH]c2ccccc2n1C1CCN(CCCC(c2ccc(F)cc2)c2ccc(F)cc2)CC1,0,O=c1[nH]c2ccccc2n1C1CCN(CCCC(c2ccccc2)c2ccccc2)CC1,COc1ccc(CCN2CCC(Nc3nc4ccccc4n3Cc3ccc(F)cc3)CC2)cc1,0,c1ccc(CCN2CCC(Nc3nc4ccccc4n3Cc3ccccc3)CC2)cc1,0.27871485943775104,0,0.08327877860456685
O=c1[nH]c2ccccc2n1C1CCN(CCCC(c2ccc(F)cc2)c2ccc(F)cc2)CC1,0,O=c1[nH]c2ccccc2n1C1CCN(CCCC(c2ccccc2)c2ccccc2)CC1,O=C1NCCN1CCN1CCC(c2cn(-c3ccc(F)cc3)c3ccc(Cl)cc23)CC1,0,O=C1NCCN1CCN1CCC(c2cn(-c3ccccc3)c3ccccc23)CC1,0.27051649928263993,0,0.014717970884436778
O=c1[nH]c2ccccc2n1C1CCN(CCCC(c2ccc(F)cc2)c2ccc(F)cc2)CC1,0,O=c1[nH]c2ccccc2n1C1CCN(CCCC(c2ccccc2)c2ccccc2)CC1,O=C(NC1CCN(CCc2c[nH]c3ccccc23)CC1)c1ccccc1,0,O=C(NC1CCN(CCc2c[nH]c3ccccc23)CC1)c1ccccc1,0.2681720430107527,0,0.1116645967728616
COc1ccccc1Oc1c(NS(=O)(=O)c2ccc(C(C)(C)C)cc2)nc(-c2ncccn2)nc1OCCO,1,O=S(=O)(Nc1nc(-c2ncccn2)ncc1Oc1ccccc1)c1ccccc1,COc1ccccc1Oc1c(NS(=O)(=O)c2ccc(C(C)C)cn2)nc(-c2ccnc(-c3nn[nH]n3)c2)nc1OCCO,0,O=S(=O)(Nc1nc(-c2ccnc(-c3nn[nH]n3)c2)ncc1Oc1ccccc1)c1ccccn1,0.5007001522070016,1,0.9874791859952189
COc1ccccc1Oc1c(NS(=O)(=O)c2ccc(C(C)(C)C)cc2)nc(-c2ncccn2)nc1OCCO,1,O=S(=O)(Nc1nc(-c2ncccn2)ncc1Oc1ccccc1)c1ccccc1,COc1ncnc(NS(=O)(=O)c2ccc(N)cc2)c1OC,0,O=S(=O)(Nc1ccncn1)c1ccccc1,0.33136513934813416,1,0.8193491075542473
COc1ccccc1Oc1c(NS(=O)(=O)c2ccc(C(C)(C)C)cc2)nc(-c2ncccn2)nc1OCCO,1,O=S(=O)(Nc1nc(-c2ncccn2)ncc1Oc1ccccc1)c1ccccc1,O=C(O)c1cc(/N=N\c2ccc(S(=O)(=O)Nc3ccccn3)cc2)ccc1O,0,O=S(=O)(Nc1ccccn1)c1ccc(N=Nc2ccccc2)cc1,0.2660460021905805,1,0.8237064981836976
COc1ccccc1Oc1c(NS(=O)(=O)c2ccc(C(C)(C)C)cc2)nc(-c2ncccn2)nc1OCCO,1,O=S(=O)(Nc1nc(-c2ncccn2)ncc1Oc1ccccc1)c1ccccc1,Cc1onc(NS(=O)(=O)c2ccc(N)cc2)c1C,0,O=S(=O)(Nc1ccon1)c1ccccc1,0.24098245614035088,1,0.6164128337912957
O=C(O)c1ccc(OCCn2ccnc2)cc1,0,c1ccc(OCCn2ccnc2)cc1,CC(=O)N1CCN(c2ccc(OC[C@H]3CO[C@](Cn4ccnc4)(c4ccc(Cl)cc4Cl)O3)cc2)CC1,0,c1ccc(C2(Cn3ccnc3)OCC(COc3ccc(N4CCNCC4)cc3)O2)cc1,0.3107799101674153,0,0.048731116374646576
O=C(O)c1ccc(OCCn2ccnc2)cc1,0,c1ccc(OCCn2ccnc2)cc1,N=C(N)c1ccc(OCCCCCOc2ccc(C(=N)N)cc2)cc1,0,c1ccc(OCCCCCOc2ccccc2)cc1,0.3012698412698413,0,0.2239655318906387
O=C(O)c1ccc(OCCn2ccnc2)cc1,0,c1ccc(OCCn2ccnc2)cc1,Clc1ccc(CO/N=C(\Cn2ccnc2)c2ccc(Cl)cc2Cl)c(Cl)c1,0,c1ccc(CON=C(Cn2ccnc2)c2ccccc2)cc1,0.2746965452847806,0,0.005526893143130426
O=C(O)c1ccc(OCCn2ccnc2)cc1,0,c1ccc(OCCn2ccnc2)cc1,Clc1ccc(CO[C@@H](Cn2ccnc2)c2ccc(Cl)cc2Cl)c(Cl)c1,0,c1ccc(COC(Cn2ccnc2)c2ccccc2)cc1,0.27106055536968887,0,0.02299936901108942
COc1ccc2c3c1O[C@H]1C(=O)CC[C@@]4(O)[C@@H](C2)N(C)CC[C@]314,0,O=C1CCC2C3Cc4cccc5c4C2(CCN3)C1O5,COc1ccc2c3c1O[C@H]1C(=O)CC[C@H]4[C@@H](C2)N(C)CC[C@]314,0,O=C1CCC2C3Cc4cccc5c4C2(CCN3)C1O5,0.5897435897435899,0,0.008271170485314793
COc1ccc2c3c1O[C@H]1C(=O)CC[C@@]4(O)[C@@H](C2)N(C)CC[C@]314,0,O=C1CCC2C3Cc4cccc5c4C2(CCN3)C1O5,COc1ccc2c3c1O[C@H]1[C@@H](O)CC[C@H]4[C@@H](C2)N(C)CC[C@@]341,0,c1cc2c3c(c1)OC1CCCC4C(C2)NCCC314,0.46938775510204084,0,0.015053700270782275
COc1ccc2c3c1O[C@H]1C(=O)CC[C@@]4(O)[C@@H](C2)N(C)CC[C@]314,0,O=C1CCC2C3Cc4cccc5c4C2(CCN3)C1O5,COc1ccc2c3c1O[C@H]1C[C@@H](O)C=C[C@@]31CCN(C)C2,0,C1=CC23CCNCc4cccc(c42)OC3CC1,0.4,0,0.04301142419062251
COc1ccc2c3c1O[C@H]1C(=O)CC[C@@]4(O)[C@@H](C2)N(C)CC[C@]314,0,O=C1CCC2C3Cc4cccc5c4C2(CCN3)C1O5,COc1cc2c(cc1OC)C(=O)[C@H](CC1CCN(Cc3ccccc3)CC1)C2,0,O=C1c2ccccc2CC1CC1CCN(Cc2ccccc2)CC1,0.2490909090909091,0,0.06466559655487628
COc1ccc2c3c1O[C@H]1C(=O)CC[C@H]4[C@@H](C2)N(C)CC[C@]314,0,O=C1CCC2C3Cc4cccc5c4C2(CCN3)C1O5,COc1ccc2c3c1O[C@H]1[C@@H](O)CC[C@H]4[C@@H](C2)N(C)CC[C@@]341,0,c1cc2c3c(c1)OC1CCCC4C(C2)NCCC314,0.6745454545454546,0,0.02993500577002258
COc1ccc2c3c1O[C@H]1C(=O)CC[C@H]4[C@@H](C2)N(C)CC[C@]314,0,O=C1CCC2C3Cc4cccc5c4C2(CCN3)C1O5,COc1ccc2c3c1O[C@H]1C(=O)CC[C@@]4(O)[C@@H](C2)N(C)CC[C@]314,0,O=C1CCC2C3Cc4cccc5c4C2(CCN3)C1O5,0.5897435897435899,0,0.02036985236242649
COc1ccc2c3c1O[C@H]1C(=O)CC[C@H]4[C@@H](C2)N(C)CC[C@]314,0,O=C1CCC2C3Cc4cccc5c4C2(CCN3)C1O5,COc1ccc2c3c1O[C@H]1C[C@@H](O)C=C[C@@]31CCN(C)C2,0,C1=CC23CCNCc4cccc(c42)OC3CC1,0.38119658119658123,0,0.18847233817051756
COc1ccc2c3c1O[C@H]1C(=O)CC[C@H]4[C@@H](C2)N(C)CC[C@]314,0,O=C1CCC2C3Cc4cccc5c4C2(CCN3)C1O5,COc1cc2c(cc1OC)C(=O)[C@H](CC1CCN(Cc3ccccc3)CC1)C2,0,O=C1c2ccccc2CC1CC1CCN(Cc2ccccc2)CC1,0.2592015579357352,0,0.07014083972684777
COC1=CC(=O)O[C@H]1[C@H](O)c1ccccc1Cl,0,O=C1C=CC(Cc2ccccc2)O1,CCOC(=O)C1=C(C)NC(C)=C(C(=O)OC)[C@@H]1c1cccc(Cl)c1Cl,0,C1=CC(c2ccccc2)C=CN1,0.23750000000000002,0,0.009734611065504875
COC1=CC(=O)O[C@H]1[C@H](O)c1ccccc1Cl,0,O=C1C=CC(Cc2ccccc2)O1,CCOC(=O)C1=C(COCCN)NC(C)=C(C(=O)OC)[C@@H]1c1ccccc1Cl,0,C1=CC(c2ccccc2)C=CN1,0.22476092013440163,0,0.026640309776066795
COC1=CC(=O)O[C@H]1[C@H](O)c1ccccc1Cl,0,O=C1C=CC(Cc2ccccc2)O1,O=C1C(=O)c2ccccc2C(O)=C1C1CCC(c2ccc(Cl)cc2)CC1,0,O=C1C(=O)c2ccccc2C=C1C1CCC(c2ccccc2)CC1,0.21714285714285717,0,0.029972086402380697
COC1=CC(=O)O[C@H]1[C@H](O)c1ccccc1Cl,0,O=C1C=CC(Cc2ccccc2)O1,COC1=CC(=O)C[C@@H](C)[C@]12Oc1c(Cl)c(OC)cc(OC)c1C2=O,0,O=C1C=CC2(CC1)Oc1ccccc1C2=O,0.2067873303167421,0,0.03907837295479221
CC[C@@H]1[C@@H]2C[C@H]3[C@@H]4N(C)c5ccccc5[C@]45C[C@@H]([C@H]2[C@H]5O)N3[C@@H]1O,0,c1ccc2c(c1)NC1C3CC4CCN3C3CC21CC43,CCOC(=O)C1(c2ccccc2)CCN(C)CC1,0,c1ccc(C2CCNCC2)cc1,0.20392156862745098,0,0.005098569819615269
CC[C@@H]1[C@@H]2C[C@H]3[C@@H]4N(C)c5ccccc5[C@]45C[C@@H]([C@H]2[C@H]5O)N3[C@@H]1O,0,c1ccc2c(c1)NC1C3CC4CCN3C3CC21CC43,CCN(CC)C(=O)[C@]1(c2ccccc2)C[C@@H]1CN,0,c1ccc(C2CC2)cc1,0.20378586217095535,0,0.001863844837106178
CC[C@@H]1[C@@H]2C[C@H]3[C@@H]4N(C)c5ccccc5[C@]45C[C@@H]([C@H]2[C@H]5O)N3[C@@H]1O,0,c1ccc2c(c1)NC1C3CC4CCN3C3CC21CC43,COc1ccc2c3c1O[C@H]1[C@@H](O)CC[C@H]4[C@@H](C2)N(C)CC[C@@]341,0,c1cc2c3c(c1)OC1CCCC4C(C2)NCCC314,0.20099214551467548,0,0.0012075149252190234
CC[C@@H]1[C@@H]2C[C@H]3[C@@H]4N(C)c5ccccc5[C@]45C[C@@H]([C@H]2[C@H]5O)N3[C@@H]1O,0,c1ccc2c(c1)NC1C3CC4CCN3C3CC21CC43,OCCN1CCN(CCCN2c3ccccc3C=Cc3ccccc32)CC1,0,C1=Cc2ccccc2N(CCCN2CCNCC2)c2ccccc21,0.1951354339414041,0,0.0074986115468290305
CCCCc1oc2ccccc2c1C(=O)c1cc(I)c(OCCN(CC)CC)c(I)c1,1,O=C(c1ccccc1)c1coc2ccccc12,CCc1oc2ccccc2c1C(=O)c1cc(Br)c(O)c(Br)c1,0,O=C(c1ccccc1)c1coc2ccccc12,0.44730392156862747,1,0.929888507394994
CCCCc1oc2ccccc2c1C(=O)c1cc(I)c(OCCN(CC)CC)c(I)c1,1,O=C(c1ccccc1)c1coc2ccccc12,CCCC(C(=O)OCCN(CC)CC)(c1ccccc1)c1ccccc1,0,c1ccc(Cc2ccccc2)cc1,0.3088770053475936,1,0.7589768319407764
CCCCc1oc2ccccc2c1C(=O)c1cc(I)c(OCCN(CC)CC)c(I)c1,1,O=C(c1ccccc1)c1coc2ccccc12,CCN(CC)CCCN(c1ccccc1)C1Cc2ccccc2C1,0,c1ccc(NC2Cc3ccccc3C2)cc1,0.23324675324675326,1,0.6235725653685361
CCCCc1oc2ccccc2c1C(=O)c1cc(I)c(OCCN(CC)CC)c(I)c1,1,O=C(c1ccccc1)c1coc2ccccc12,CCN(CC)CCC[C@H](C)Nc1ccnc2cc(Cl)ccc12,0,c1ccc2ncccc2c1,0.23031746031746034,1,0.5040492210569558
CCc1oc2ccccc2c1C(=O)c1cc(Br)c(O)c(Br)c1,0,O=C(c1ccccc1)c1coc2ccccc12,NS(=O)(=O)Cc1noc2ccccc12,0,c1ccc2oncc2c1,0.23111111111111113,0,0.04798453833621967
CCc1oc2ccccc2c1C(=O)c1cc(Br)c(O)c(Br)c1,0,O=C(c1ccccc1)c1coc2ccccc12,Cc1ccc(C(=O)c2cc(O)c(O)c([N+](=O)[O-])c2)cc1,0,O=C(c1ccccc1)c1ccccc1,0.22931034482758622,0,0.030584133417238035
CCc1oc2ccccc2c1C(=O)c1cc(Br)c(O)c(Br)c1,0,O=C(c1ccccc1)c1coc2ccccc12,C[C@@H](C(=O)O)c1cccc(C(=O)c2ccccc2)c1,0,O=C(c1ccccc1)c1ccccc1,0.22666666666666668,0,0.15885870257599974
CCc1oc2ccccc2c1C(=O)c1cc(Br)c(O)c(Br)c1,0,O=C(c1ccccc1)c1coc2ccccc12,O=c1ccc2ccccc2o1,0,O=c1ccc2ccccc2o1,0.22166666666666668,0,0.049814460896893155
CC(C)(C)NC(=O)[C@@H]1CN(Cc2cccnc2)CCN1C[C@@H](O)C[C@@H](Cc1ccccc1)C(=O)N[C@H]1c2ccccc2C[C@H]1O,1,O=C(NC1CCc2ccccc21)C(CCCN1CCN(Cc2cccnc2)CC1)Cc1ccccc1,Cc1ccc(NC(=O)c2ccc(CN3CCN(C)CC3)cc2)cc1Nc1nccc(-c2cccnc2)n1,0,O=C(Nc1cccc(Nc2nccc(-c3cccnc3)n2)c1)c1ccc(CN2CCNCC2)cc1,0.23782608695652174,1,0.559322505394705
CC(C)(C)NC(=O)[C@@H]1CN(Cc2cccnc2)CCN1C[C@@H](O)C[C@@H](Cc1ccccc1)C(=O)N[C@H]1c2ccccc2C[C@H]1O,1,O=C(NC1CCc2ccccc21)C(CCCN1CCN(Cc2cccnc2)CC1)Cc1ccccc1,COc1cc2c(cc1OC)C(=O)[C@H](CC1CCN(Cc3ccccc3)CC1)C2,0,O=C1c2ccccc2CC1CC1CCN(Cc2ccccc2)CC1,0.2210778106092585,1,0.6454308080856018
CC(C)(C)NC(=O)[C@@H]1CN(Cc2cccnc2)CCN1C[C@@H](O)C[C@@H](Cc1ccccc1)C(=O)N[C@H]1c2ccccc2C[C@H]1O,1,O=C(NC1CCc2ccccc21)C(CCCN1CCN(Cc2cccnc2)CC1)Cc1ccccc1,Cc1cccc(C)c1OCC(=O)N[C@@H](Cc1ccccc1)[C@@H](O)C[C@H](Cc1ccccc1)NC(=O)[C@H](C(C)C)N1CCCNC1=O,0,O=C(COc1ccccc1)NC(CCC(Cc1ccccc1)NC(=O)CN1CCCNC1=O)Cc1ccccc1,0.21934927817280758,1,0.7407531111664143
CC(C)(C)NC(=O)[C@@H]1CN(Cc2cccnc2)CCN1C[C@@H](O)C[C@@H](Cc1ccccc1)C(=O)N[C@H]1c2ccccc2C[C@H]1O,1,O=C(NC1CCc2ccccc21)C(CCCN1CCN(Cc2cccnc2)CC1)Cc1ccccc1,CCOC(=O)[C@H](CCc1ccccc1)N[C@@H](C)C(=O)N1CCC[C@H]1C(=O)O,0,O=C(CNCCCc1ccccc1)N1CCCC1,0.20465608465608467,0,0.42492274436928035
C/C=C/C[C@@H](C)C(=O)[C@H]1C(=O)N[C@@H](C(C)C)C(=O)N(C)CC(=O)N(C)[C@@H](CC(C)C)C(=O)N[C@H](C(C)C)C(=O)N(C)[C@@H](CC(C)C)C(=O)N[C@@H](C)C(=O)N[C@H](C)C(=O)N(C)[C@@H](CC(C)C)C(=O)N(C)[C@@H](CC(C)C)C(=O)N(C)[C@@H](C(C)C)C(=O)N1C,0,O=C1CNC(=O)CNC(=O)CNC(=O)CNC(=O)CNC(=O)CNC(=O)CNC(=O)CNC(=O)CNC(=O)CNC(=O)CN1,CC(C)C[C@H]1C(=O)N2CCC[C@H]2[C@]2(O)O[C@](NC(=O)[C@@H]3C=C4c5cccc6[nH]c(Br)c(c56)C[C@H]4N(C)C3)(C(C)C)C(=O)N12,0,O=C(NC1OC2C3CCCN3C(=O)CN2C1=O)C1C=C2c3cccc4[nH]cc(c34)CC2NC1,0.16989750044955942,0,0.0038413967292939125
C/C=C/C[C@@H](C)C(=O)[C@H]1C(=O)N[C@@H](C(C)C)C(=O)N(C)CC(=O)N(C)[C@@H](CC(C)C)C(=O)N[C@H](C(C)C)C(=O)N(C)[C@@H](CC(C)C)C(=O)N[C@@H](C)C(=O)N[C@H](C)C(=O)N(C)[C@@H](CC(C)C)C(=O)N(C)[C@@H](CC(C)C)C(=O)N(C)[C@@H](C(C)C)C(=O)N1C,0,O=C1CNC(=O)CNC(=O)CNC(=O)CNC(=O)CNC(=O)CNC(=O)CNC(=O)CNC(=O)CNC(=O)CNC(=O)CN1,CN1CC(=O)N2[C@H](c3ccc4c(c3)OCO4)c3[nH]c4ccccc4c3C[C@@H]2C1=O,0,O=C1NCC(=O)N2C1Cc1c([nH]c3ccccc13)C2c1ccc2c(c1)OCO2,0.14293706293706293,0,0.014381339486228889
C/C=C/C[C@@H](C)C(=O)[C@H]1C(=O)N[C@@H](C(C)C)C(=O)N(C)CC(=O)N(C)[C@@H](CC(C)C)C(=O)N[C@H](C(C)C)C(=O)N(C)[C@@H](CC(C)C)C(=O)N[C@@H](C)C(=O)N[C@H](C)C(=O)N(C)[C@@H](CC(C)C)C(=O)N(C)[C@@H](CC(C)C)C(=O)N(C)[C@@H](C(C)C)C(=O)N1C,0,O=C1CNC(=O)CNC(=O)CNC(=O)CNC(=O)CNC(=O)CNC(=O)CNC(=O)CNC(=O)CNC(=O)CNC(=O)CN1,CN1C[C@H](C(=O)N[C@]2(C)O[C@@]3(O)[C@@H]4CCCN4C(=O)[C@H](Cc4ccccc4)N3C2=O)C[C@@H]2c3cccc4[nH]cc(c34)C[C@H]21,0,O=C(NC1OC2C3CCCN3C(=O)C(Cc3ccccc3)N2C1=O)C1CNC2Cc3c[nH]c4cccc(c34)C2C1,0.13956145199926295,0,0.001687569449786062
C/C=C/C[C@@H](C)C(=O)[C@H]1C(=O)N[C@@H](C(C)C)C(=O)N(C)CC(=O)N(C)[C@@H](CC(C)C)C(=O)N[C@H](C(C)C)C(=O)N(C)[C@@H](CC(C)C)C(=O)N[C@@H](C)C(=O)N[C@H](C)C(=O)N(C)[C@@H](CC(C)C)C(=O)N(C)[C@@H](CC(C)C)C(=O)N(C)[C@@H](C(C)C)C(=O)N1C,0,O=C1CNC(=O)CNC(=O)CNC(=O)CNC(=O)CNC(=O)CNC(=O)CNC(=O)CNC(=O)CNC(=O)CNC(=O)CN1,CCN(CC)C(=O)N[C@H]1C[C@@H]2c3cccc4[nH]cc(c34)C[C@H]2N(C)C1,0,c1cc2c3c(c[nH]c3c1)CC1NCCCC21,0.13090909090909092,0,0.013011068366243932
CC[C@H](C)C(=O)O[C@H]1C[C@H](O)C=C2C=C[C@H](C)[C@H](CC[C@@H](O)C[C@@H](O)CC(=O)O)[C@H]21,0,C1=CC2=CCCCC2CC1,CC(C)c1c(C(=O)Nc2ccccc2)c(-c2ccccc2)c(-c2ccc(F)cc2)n1CC[C@@H](O)C[C@@H](O)CC(=O)O,0,O=C(Nc1ccccc1)c1c[nH]c(-c2ccccc2)c1-c1ccccc1,0.24480286738351256,0,0.008893666691688125
CC[C@H](C)C(=O)O[C@H]1C[C@H](O)C=C2C=C[C@H](C)[C@H](CC[C@@H](O)C[C@@H](O)CC(=O)O)[C@H]21,0,C1=CC2=CCCCC2CC1,COCc1c(C(C)C)nc(C(C)C)c(/C=C\[C@@H](O)C[C@@H](O)CC(=O)O)c1-c1ccc(F)cc1,0,c1ccc(-c2ccncc2)cc1,0.2223081882656351,0,0.01812159879888047
CC[C@H](C)C(=O)O[C@H]1C[C@H](O)C=C2C=C[C@H](C)[C@H](CC[C@@H](O)C[C@@H](O)CC(=O)O)[C@H]21,0,C1=CC2=CCCCC2CC1,CCOC(=O)[C@H](CCc1ccccc1)N[C@@H](C)C(=O)N(CC(=O)O)C1Cc2ccccc2C1,0,O=C(CNCCCc1ccccc1)NC1Cc2ccccc2C1,0.2036963036963037,0,0.07566661385606895
CC[C@H](C)C(=O)O[C@H]1C[C@H](O)C=C2C=C[C@H](C)[C@H](CC[C@@H](O)C[C@@H](O)CC(=O)O)[C@H]21,0,C1=CC2=CCCCC2CC1,C[C@H](CCC(=O)O)[C@H]1CC[C@H]2[C@@H]3[C@H](O)C[C@H]4C[C@H](O)CC[C@]4(C)[C@H]3CC[C@]12C,0,C1CCC2C(C1)CCC1C3CCCC3CCC21,0.19503267973856211,0,0.029613271075782207
CC[C@@]1(c2ccncc2)CCC(=O)NC1=O,0,O=C1CCC(c2ccncc2)C(=O)N1,CC[C@]1(C)CC(=O)NC1=O,0,O=C1CCC(=O)N1,0.32666666666666666,0,0.025279920177323514
CC[C@@]1(c2ccncc2)CCC(=O)NC1=O,0,O=C1CCC(c2ccncc2)C(=O)N1,CC[C@]1(c2ccccc2)C(=O)NC(=O)N(C)C1=O,0,O=C1NC(=O)C(c2ccccc2)C(=O)N1,0.3063625450180072,0,0.16324365489612191
CC[C@@]1(c2ccncc2)CCC(=O)NC1=O,0,O=C1CCC(c2ccncc2)C(=O)N1,NNC(=O)c1ccncc1,0,c1ccncc1,0.26483439041578577,0,0.04287170244027516
CC[C@@]1(c2ccncc2)CCC(=O)NC1=O,0,O=C1CCC(c2ccncc2)C(=O)N1,CN1C(=O)CC[C@H]1c1cccnc1,0,O=C1CCC(c2cccnc2)N1,0.23445878848063556,0,0.06478168593662517
Cc1c(N(C)C)c(=O)n(-c2ccccc2)n1C,1,O=c1cc[nH]n1-c1ccccc1,Cc1ccccc1-n1c(C)nc2ccccc2c1=O,0,O=c1c2ccccc2ncn1-c1ccccc1,0.2523809523809524,1,0.931617258268192
Cc1c(N(C)C)c(=O)n(-c2ccccc2)n1C,1,O=c1cc[nH]n1-c1ccccc1,Cc1ccccc1,0,c1ccccc1,0.23571428571428574,1,0.9453130593895861
Cc1c(N(C)C)c(=O)n(-c2ccccc2)n1C,1,O=c1cc[nH]n1-c1ccccc1,CCOC(=O)C1(c2ccccc2)CCN(C)CC1,0,c1ccc(C2CCNCC2)cc1,0.21490196078431373,1,0.8672006863903121
Cc1c(N(C)C)c(=O)n(-c2ccccc2)n1C,1,O=c1cc[nH]n1-c1ccccc1,CN(C)CC(Oc1ccccc1)Oc1ccccc1,0,c1ccc(OCOc2ccccc2)cc1,0.2063307493540052,1,0.9030203002697441
Cc1cc(=O)n(-c2ccccc2)n1C,1,O=c1cc[nH]n1-c1ccccc1,Cc1ccccc1,0,c1ccccc1,0.2702380952380952,1,0.9458241050893337
Cc1cc(=O)n(-c2ccccc2)n1C,1,O=c1cc[nH]n1-c1ccccc1,Cc1ccccc1-n1c(C)nc2ccccc2c1=O,0,O=c1c2ccccc2ncn1-c1ccccc1,0.2534502923976608,1,0.9569548016492713
Cc1cc(=O)n(-c2ccccc2)n1C,1,O=c1cc[nH]n1-c1ccccc1,CC[C@]1(c2ccccc2)C(=O)NC(=O)N(C)C1=O,0,O=C1NC(=O)C(c2ccccc2)C(=O)N1,0.225,1,0.9021776944559224
Cc1cc(=O)n(-c2ccccc2)n1C,1,O=c1cc[nH]n1-c1ccccc1,O=C1c2ccccc2C(=O)c2ccccc21,0,O=C1c2ccccc2C(=O)c2ccccc21,0.2237037037037037,1,0.9264516748128618
CCn1cc(C(=O)O)c(=O)c2ccc(C)nc21,0,O=c1cc[nH]c2ncccc12,C[C@H]1COc2c(N3CCN(C)CC3)c(F)cc3c(=O)c(C(=O)O)cn1c23,0,O=c1ccn2c3c(c(N4CCNCC4)ccc13)OCC2,0.2654721549636804,0,0.02769330149104426
CCn1cc(C(=O)O)c(=O)c2ccc(C)nc21,0,O=c1cc[nH]c2ncccc12,O=C(O)c1cn(C2CC2)c2cc(N3CCNCC3)c(F)cc2c1=O,0,O=c1ccn(C2CC2)c2cc(N3CCNCC3)ccc12,0.2617360041088855,0,0.05024907865414312
CCn1cc(C(=O)O)c(=O)c2ccc(C)nc21,0,O=c1cc[nH]c2ncccc12,COc1c(N2CCN[C@@H](C)C2)c(F)cc2c(=O)c(C(=O)O)cn(C3CC3)c12,0,O=c1ccn(C2CC2)c2cc(N3CCNCC3)ccc12,0.24594871794871798,0,0.01511820435960587
CCn1cc(C(=O)O)c(=O)c2ccc(C)nc21,0,O=c1cc[nH]c2ncccc12,Cc1c(F)c(N2CCN[C@H](C)C2)cc2c1c(=O)c(C(=O)O)cn2C1CC1,0,O=c1ccn(C2CC2)c2cc(N3CCNCC3)ccc12,0.2451837355946945,0,0.02140915093180226
COc1ccc(Cc2nccc3cc(OC)c(OC)cc23)cc1OC,0,c1ccc(Cc2nccc3ccccc23)cc1,CNC(=O)c1cccc(NCC(=O)NCCc2ccc(OC)c(OC)c2)c1,0,O=C(CNc1ccccc1)NCCc1ccccc1,0.27405660377358493,0,0.17945041077228266
COc1ccc(Cc2nccc3cc(OC)c(OC)cc23)cc1OC,0,c1ccc(Cc2nccc3ccccc23)cc1,COc1ccnc(C[S@H](=O)c2nc3ccc(OC(F)F)cc3[nH]2)c1OC,0,O=[SH](Cc1ccccn1)c1nc2ccccc2[nH]1,0.26687747035573123,0,0.16281786217448888
COc1ccc(Cc2nccc3cc(OC)c(OC)cc23)cc1OC,0,c1ccc(Cc2nccc3ccccc23)cc1,COc1ccc(CCN(C)CCC[C@@](C#N)(c2cc(OC)c(OC)c(OC)c2)C(C)C)cc1OC,0,c1ccc(CCCCNCCc2ccccc2)cc1,0.25396546678372844,0,0.20452791494457828
COc1ccc(Cc2nccc3cc(OC)c(OC)cc23)cc1OC,0,c1ccc(Cc2nccc3ccccc23)cc1,COc1cc(C(C)=O)ccc1OCCCN1CCC(c2noc3cc(F)ccc23)CC1,0,c1ccc(OCCCN2CCC(c3noc4ccccc34)CC2)cc1,0.23609939052977028,0,0.023406175672479816
COc1ccc(C(=O)N2CCN(c3ccc4c(c3)CCC(=O)N4)CC2)cc1OC,0,O=C1CCc2cc(N3CCN(C(=O)c4ccccc4)CC3)ccc2N1,O=C1CCc2ccc(OCCCCN3CCN(c4cccc(Cl)c4Cl)CC3)cc2N1,0,O=C1CCc2ccc(OCCCCN3CCN(c4ccccc4)CC3)cc2N1,0.31421052631578944,0,0.02184874411837664
COc1ccc(C(=O)N2CCN(c3ccc4c(c3)CCC(=O)N4)CC2)cc1OC,0,O=C1CCc2cc(N3CCN(C(=O)c4ccccc4)CC3)ccc2N1,O=C1CCc2cc(OCCCCc3nnnn3C3CCCCC3)ccc2N1,0,O=C1CCc2cc(OCCCCc3nnnn3C3CCCCC3)ccc2N1,0.29798570500324884,0,0.031854032346450456
COc1ccc(C(=O)N2CCN(c3ccc4c(c3)CCC(=O)N4)CC2)cc1OC,0,O=C1CCc2cc(N3CCN(C(=O)c4ccccc4)CC3)ccc2N1,CC(C)(C)NC[C@H](O)COc1cccc2c1CCC(=O)N2,0,O=C1CCc2ccccc2N1,0.2672514619883041,0,0.02030076020915142
COc1ccc(C(=O)N2CCN(c3ccc4c(c3)CCC(=O)N4)CC2)cc1OC,0,O=C1CCc2cc(N3CCN(C(=O)c4ccccc4)CC3)ccc2N1,COc1cc2c(cc1OC)C(=O)[C@H](CC1CCN(Cc3ccccc3)CC1)C2,0,O=C1c2ccccc2CC1CC1CCN(Cc2ccccc2)CC1,0.24522882181110034,0,0.06412868045078292
O=[N+]([O-])c1cncn1CCN1CCOCC1,0,c1cn(CCN2CCOCC2)cn1,CCS(=O)(=O)CCn1c([N+](=O)[O-])cnc1C,0,c1c[nH]cn1,0.2991423670668954,0,0.11151014718929159
O=[N+]([O-])c1cncn1CCN1CCOCC1,0,c1cn(CCN2CCOCC2)cn1,CC[C@@H]1C(=O)OC[C@@H]1Cc1cncn1C,0,O=C1CC(Cc2cnc[nH]2)CO1,0.2314357321876119,0,0.002174077546704523
O=[N+]([O-])c1cncn1CCN1CCOCC1,0,c1cn(CCN2CCOCC2)cn1,CC1(C)CC(=O)N(CCCCN2CCN(c3ncccn3)CC2)C(=O)C1,0,O=C1CCCC(=O)N1CCCCN1CCN(c2ncccn2)CC1,0.21000000000000002,0,0.047648516401563604
O=[N+]([O-])c1cncn1CCN1CCOCC1,0,c1cn(CCN2CCOCC2)cn1,O=C1CC2(CCCC2)CC(=O)N1CCCCN1CCN(c2ncccn2)CC1,0,O=C1CC2(CCCC2)CC(=O)N1CCCCN1CCN(c2ncccn2)CC1,0.20483870967741935,0,0.014003248104044769
CC/C(=C(\CC)c1ccc(O)cc1)c1ccc(O)cc1,0,C(=Cc1ccccc1)c1ccccc1,Oc1ccccc1,0,c1ccccc1,0.33689839572192515,0,0.3517609321052219
CC/C(=C(\CC)c1ccc(O)cc1)c1ccc(O)cc1,0,C(=Cc1ccccc1)c1ccccc1,CCc1ccccc1,0,c1ccccc1,0.24461538461538462,0,0.029544269069728013
CC/C(=C(\CC)c1ccc(O)cc1)c1ccc(O)cc1,0,C(=Cc1ccccc1)c1ccccc1,CCCN(CCC)S(=O)(=O)c1ccc(C(=O)O)cc1,0,c1ccccc1,0.2306501547987616,0,0.052828647635480376
CC/C(=C(\CC)c1ccc(O)cc1)c1ccc(O)cc1,0,C(=Cc1ccccc1)c1ccccc1,CNC[C@H](O)c1ccc(O)c(O)c1,0,c1ccccc1,0.21563706563706564,0,0.16876950486683778
Cc1c(O)cccc1C(=O)N[C@@H](CSc1ccccc1)[C@H](O)CN1C[C@H]2CCCC[C@H]2C[C@H]1C(=O)NC(C)(C)C,1,O=C(NC(CCN1CCC2CCCCC2C1)CSc1ccccc1)c1ccccc1,CCCN1CCCC[C@H]1C(=O)Nc1c(C)cccc1C,0,O=C(Nc1ccccc1)C1CCCCN1,0.2681432262827612,1,0.8617823131415906
Cc1c(O)cccc1C(=O)N[C@@H](CSc1ccccc1)[C@H](O)CN1C[C@H]2CCCC[C@H]2C[C@H]1C(=O)NC(C)(C)C,1,O=C(NC(CCN1CCC2CCCCC2C1)CSc1ccccc1)c1ccccc1,CCCCN1CCCC[C@H]1C(=O)Nc1c(C)cccc1C,0,O=C(Nc1ccccc1)C1CCCCN1,0.2634920634920635,1,0.8669975175830364
Cc1c(O)cccc1C(=O)N[C@@H](CSc1ccccc1)[C@H](O)CN1C[C@H]2CCCC[C@H]2C[C@H]1C(=O)NC(C)(C)C,1,O=C(NC(CCN1CCC2CCCCC2C1)CSc1ccccc1)c1ccccc1,Cc1cccc(C)c1OCC(=O)N[C@@H](Cc1ccccc1)[C@@H](O)C[C@H](Cc1ccccc1)NC(=O)[C@H](C(C)C)N1CCCNC1=O,0,O=C(COc1ccccc1)NC(CCC(Cc1ccccc1)NC(=O)CN1CCCNC1=O)Cc1ccccc1,0.22949852507374635,1,0.9397368960729895
Cc1c(O)cccc1C(=O)N[C@@H](CSc1ccccc1)[C@H](O)CN1C[C@H]2CCCC[C@H]2C[C@H]1C(=O)NC(C)(C)C,1,O=C(NC(CCN1CCC2CCCCC2C1)CSc1ccccc1)c1ccccc1,CC(C)(C)NC[C@H](O)COc1ccccc1C1CCCC1,0,c1ccc(C2CCCC2)cc1,0.22262023217247098,1,0.7549196645235106
O=C1[C@H]2CCCC[C@H]2C(=O)N1CCCCN1CCN(c2nsc3ccccc23)CC1,0,O=C1C2CCCCC2C(=O)N1CCCCN1CCN(c2nsc3ccccc23)CC1,O=C1Cc2cc(CCN3CCN(c4nsc5ccccc45)CC3)c(Cl)cc2N1,0,O=C1Cc2cc(CCN3CCN(c4nsc5ccccc45)CC3)ccc2N1,0.45830687830687833,0,0.0040978449248184785
O=C1[C@H]2CCCC[C@H]2C(=O)N1CCCCN1CCN(c2nsc3ccccc23)CC1,0,O=C1C2CCCCC2C(=O)N1CCCCN1CCN(c2nsc3ccccc23)CC1,O=C1CC2(CCCC2)CC(=O)N1CCCCN1CCN(c2ncccn2)CC1,0,O=C1CC2(CCCC2)CC(=O)N1CCCCN1CCN(c2ncccn2)CC1,0.37299145299145303,0,0.011556822888001042
O=C1[C@H]2CCCC[C@H]2C(=O)N1CCCCN1CCN(c2nsc3ccccc23)CC1,0,O=C1C2CCCCC2C(=O)N1CCCCN1CCN(c2nsc3ccccc23)CC1,CC1(C)CC(=O)N(CCCCN2CCN(c3ncccn3)CC2)C(=O)C1,0,O=C1CCCC(=O)N1CCCCN1CCN(c2ncccn2)CC1,0.3647222222222222,0,0.05060461734462425
O=C1[C@H]2CCCC[C@H]2C(=O)N1CCCCN1CCN(c2nsc3ccccc23)CC1,0,O=C1C2CCCCC2C(=O)N1CCCCN1CCN(c2nsc3ccccc23)CC1,O=c1n(CCCN2CCN(c3cccc(Cl)c3)CC2)nc2ccccn12,0,O=c1n(CCCN2CCN(c3ccccc3)CC2)nc2ccccn12,0.2877641049454377,0,0.018158344103982017
OCCOCCN1CCN([C@H](c2ccccc2)c2ccc(Cl)cc2)CC1,0,c1ccc(C(c2ccccc2)N2CCNCC2)cc1,O=C(O)COCCN1CCN([C@H](c2ccccc2)c2ccc(Cl)cc2)CC1,0,c1ccc(C(c2ccccc2)N2CCNCC2)cc1,0.7207446808510638,0,0.02964800974083908
OCCOCCN1CCN([C@H](c2ccccc2)c2ccc(Cl)cc2)CC1,0,c1ccc(C(c2ccccc2)N2CCNCC2)cc1,OCCN1CCN(CCCN2c3ccccc3C=Cc3ccccc32)CC1,0,C1=Cc2ccccc2N(CCCN2CCNCC2)c2ccccc21,0.3245454545454546,0,0.007303424646946877
OCCOCCN1CCN([C@H](c2ccccc2)c2ccc(Cl)cc2)CC1,0,c1ccc(C(c2ccccc2)N2CCNCC2)cc1,CN1CCC[C@@H]1CCO[C@](C)(c1ccccc1)c1ccc(Cl)cc1,0,c1ccc(C(OCCC2CCCN2)c2ccccc2)cc1,0.3103896103896104,0,0.04091924047551584
OCCOCCN1CCN([C@H](c2ccccc2)c2ccc(Cl)cc2)CC1,0,c1ccc(C(c2ccccc2)N2CCNCC2)cc1,O=C(CCCN1CCC(O)(c2ccc(Cl)cc2)CC1)c1ccc(F)cc1,0,O=C(CCCN1CCC(c2ccccc2)CC1)c1ccccc1,0.29386548410938657,0,0.003927877000169776
O=C(O)COCCN1CCN([C@H](c2ccccc2)c2ccc(Cl)cc2)CC1,0,c1ccc(C(c2ccccc2)N2CCNCC2)cc1,OCCOCCN1CCN([C@H](c2ccccc2)c2ccc(Cl)cc2)CC1,0,c1ccc(C(c2ccccc2)N2CCNCC2)cc1,0.7207446808510638,0,0.029154785619465256
O=C(O)COCCN1CCN([C@H](c2ccccc2)c2ccc(Cl)cc2)CC1,0,c1ccc(C(c2ccccc2)N2CCNCC2)cc1,O=C(CCCN1CCC(O)(c2ccc(Cl)cc2)CC1)c1ccc(F)cc1,0,O=C(CCCN1CCC(c2ccccc2)CC1)c1ccccc1,0.2941328175370729,0,0.013808990921237614
O=C(O)COCCN1CCN([C@H](c2ccccc2)c2ccc(Cl)cc2)CC1,0,c1ccc(C(c2ccccc2)N2CCNCC2)cc1,CN1CCC[C@@H]1CCO[C@](C)(c1ccccc1)c1ccc(Cl)cc1,0,c1ccc(C(OCCC2CCCN2)c2ccccc2)cc1,0.29237179487179493,0,0.054780373228156466
O=C(O)COCCN1CCN([C@H](c2ccccc2)c2ccc(Cl)cc2)CC1,0,c1ccc(C(c2ccccc2)N2CCNCC2)cc1,CN(C)CCOC(c1ccccc1)c1ccccc1,0,c1ccc(Cc2ccccc2)cc1,0.2625925925925926,0,0.06061386449234942
CCc1nc(N)nc(N)c1-c1ccc(Cl)cc1,0,c1ccc(-c2cncnc2)cc1,Nc1nc2cc(Cl)ccc2o1,0,c1ccc2ocnc2c1,0.26666666666666666,0,0.005480539042102394
CCc1nc(N)nc(N)c1-c1ccc(Cl)cc1,0,c1ccc(-c2cncnc2)cc1,CCOC(=O)C(C)(C)Oc1ccc(Cl)cc1,0,c1ccccc1,0.22349427575908415,0,0.14225614189564023
CCc1nc(N)nc(N)c1-c1ccc(Cl)cc1,0,c1ccc(-c2cncnc2)cc1,COc1cc(NCc2ccc3nc(N)nc(N)c3c2C)cc(OC)c1OC,0,c1ccc(NCc2ccc3ncncc3c2)cc1,0.21200123724095266,0,0.20104565237485345
CCc1nc(N)nc(N)c1-c1ccc(Cl)cc1,0,c1ccc(-c2cncnc2)cc1,CN(C)CC[C@H](c1ccc(Cl)cc1)c1ccccn1,0,c1ccc(Cc2ccccn2)cc1,0.20977147360126086,0,0.10207647256504872
C[C@@H]1C[C@H]2[C@@H]3CCC4=CC(=O)C=C[C@]4(C)C3=CC[C@]2(C)[C@H]1C(=O)CN1CCN(c2cc(N3CCCC3)nc(N3CCCC3)n2)CC1,0,O=C1C=CC2C(=C1)CCC1C2=CCC2C(C(=O)CN3CCN(c4cc(N5CCCC5)nc(N5CCCC5)n4)CC3)CCC12,C[C@H]1C[C@H]2[C@@H]3CCC4=CC(=O)C=C[C@]4(C)[C@@]3(Cl)[C@@H](O)C[C@]2(C)[C@@]1(O)C(=O)CO,0,O=C1C=CC2C(=C1)CCC1C3CCCC3CCC21,0.2762905162064826,0,0.005826466226711641
C[C@@H]1C[C@H]2[C@@H]3CCC4=CC(=O)C=C[C@]4(C)C3=CC[C@]2(C)[C@H]1C(=O)CN1CCN(c2cc(N3CCCC3)nc(N3CCCC3)n2)CC1,0,O=C1C=CC2C(=C1)CCC1C2=CCC2C(C(=O)CN3CCN(c4cc(N5CCCC5)nc(N5CCCC5)n4)CC3)CCC12,C[C@H]1C[C@H]2[C@@H]3CCC4=CC(=O)C=C[C@]4(C)[C@@]3(F)[C@@H](O)C[C@]2(C)[C@@]1(O)C(=O)CO,0,O=C1C=CC2C(=C1)CCC1C3CCCC3CCC21,0.2762905162064826,0,0.005670956482819187
C[C@@H]1C[C@H]2[C@@H]3CCC4=CC(=O)C=C[C@]4(C)C3=CC[C@]2(C)[C@H]1C(=O)CN1CCN(c2cc(N3CCCC3)nc(N3CCCC3)n2)CC1,0,O=C1C=CC2C(=C1)CCC1C2=CCC2C(C(=O)CN3CCN(c4cc(N5CCCC5)nc(N5CCCC5)n4)CC3)CCC12,C[C@@H]1C[C@H]2[C@@H]3CCC4=CC(=O)C=C[C@]4(C)[C@@]3(F)[C@@H](O)C[C@]2(C)[C@@]1(O)C(=O)CO,0,O=C1C=CC2C(=C1)CCC1C3CCCC3CCC21,0.2762905162064826,0,0.005670956482819187
C[C@@H]1C[C@H]2[C@@H]3CCC4=CC(=O)C=C[C@]4(C)C3=CC[C@]2(C)[C@H]1C(=O)CN1CCN(c2cc(N3CCCC3)nc(N3CCCC3)n2)CC1,0,O=C1C=CC2C(=C1)CCC1C2=CCC2C(C(=O)CN3CCN(c4cc(N5CCCC5)nc(N5CCCC5)n4)CC3)CCC12,C[C@]12CC[C@H]3[C@@H](CCC4=CC(=O)C=C[C@@]43C)[C@@H]1CC[C@@H]2O,0,O=C1C=CC2C(=C1)CCC1C3CCCC3CCC21,0.2587697581413064,0,0.017714364465574742
C[C@H](Cn1cnc2c(N)ncnc21)OCP(=O)(O)O,0,c1ncc2nc[nH]c2n1,CC(C)Cn1cnc2c(N)nc3ccccc3c21,0,c1ccc2c(c1)ncc1nc[nH]c12,0.2972900635664102,0,0.00022941195343975426
C[C@H](Cn1cnc2c(N)ncnc21)OCP(=O)(O)O,0,c1ncc2nc[nH]c2n1,C[C@@H](O)CCCCn1c(=O)c2c(ncn2C)n(C)c1=O,0,O=c1[nH]c(=O)c2[nH]cnc2[nH]1,0.2047930283224401,0,0.0005790232505850606
C[C@H](Cn1cnc2c(N)ncnc21)OCP(=O)(O)O,0,c1ncc2nc[nH]c2n1,Nc1nc(NC2CC2)c2ncn([C@H]3C=C[C@@H](CO)C3)c2n1,0,C1=CC(n2cnc3c(NC4CC4)ncnc32)CC1,0.18951412429378534,0,0.0010297284664984782
C[C@H](Cn1cnc2c(N)ncnc21)OCP(=O)(O)O,0,c1ncc2nc[nH]c2n1,CCOC(=O)c1cncn1[C@H](C)c1ccccc1,0,c1ccc(Cn2ccnc2)cc1,0.18733031674208148,0,0.0007535494062897932
C[C@H]1CNc2ccc(S(=O)(=O)N[C@@H](CCCN=C(N)N)C(=O)N3CC[C@H](C)C[C@@H]3C(=O)O)cc2C1,0,O=C(CNS(=O)(=O)c1ccc2c(c1)CCCN2)N1CCCCC1,CCOC(=O)[C@H](CCc1ccccc1)N[C@@H](C)C(=O)N1CCC[C@H]1C(=O)O,0,O=C(CNCCCc1ccccc1)N1CCCC1,0.27246376811594203,0,0.0016551078061653407
C[C@H]1CNc2ccc(S(=O)(=O)N[C@@H](CCCN=C(N)N)C(=O)N3CC[C@H](C)C[C@@H]3C(=O)O)cc2C1,0,O=C(CNS(=O)(=O)c1ccc2c(c1)CCCN2)N1CCCCC1,CCN1CCC[C@@H]1CNC(=O)c1cc(S(N)(=O)=O)ccc1OC,0,O=C(NCC1CCCN1)c1ccccc1,0.20000000000000004,0,0.004210356931582319
C[C@H]1CNc2ccc(S(=O)(=O)N[C@@H](CCCN=C(N)N)C(=O)N3CC[C@H](C)C[C@@H]3C(=O)O)cc2C1,0,O=C(CNS(=O)(=O)c1ccc2c(c1)CCCN2)N1CCCCC1,CCCCCN(CCCOC)C(=O)[C@@H](CCC(=O)O)NC(=O)c1ccc(Cl)c(Cl)c1,0,c1ccccc1,0.19405531144998706,0,0.0030356517016157953
C[C@H]1CNc2ccc(S(=O)(=O)N[C@@H](CCCN=C(N)N)C(=O)N3CC[C@H](C)C[C@@H]3C(=O)O)cc2C1,0,O=C(CNS(=O)(=O)c1ccc2c(c1)CCCN2)N1CCCCC1,CCOC(=O)[C@H](CCc1ccccc1)N[C@@H](C)C(=O)N(CC(=O)O)C1Cc2ccccc2C1,0,O=C(CNCCCc1ccccc1)NC1Cc2ccccc2C1,0.18830347734457326,0,0.0007593123357083008
CN(C)CCCN1c2ccccc2Sc2ccc(Cl)cc21,0,c1ccc2c(c1)Nc1ccccc1S2,C[C@H](CN1c2ccccc2Sc2ccccc21)N(C)C,0,c1ccc2c(c1)Nc1ccccc1S2,0.44042553191489364,1,0.6688597350303471
CN(C)CCCN1c2ccccc2Sc2ccc(Cl)cc21,0,c1ccc2c(c1)Nc1ccccc1S2,CN(C)CC[C@H](c1ccc(Cl)cc1)c1ccccn1,0,c1ccc(Cc2ccccn2)cc1,0.29728867623604466,0,0.33595314244711916
CN(C)CCCN1c2ccccc2Sc2ccc(Cl)cc21,0,c1ccc2c(c1)Nc1ccccc1S2,CNCCCN1c2ccccc2CCc2ccccc21,0,c1ccc2c(c1)CCc1ccccc1N2,0.2879120879120879,0,0.38996412600326935
CN(C)CCCN1c2ccccc2Sc2ccc(Cl)cc21,0,c1ccc2c(c1)Nc1ccccc1S2,OCCN1CCN(CCCN2c3ccccc3C=Cc3ccccc32)CC1,0,C1=Cc2ccccc2N(CCCN2CCNCC2)c2ccccc21,0.2878048780487805,0,0.4692156600864909
CN(C)CCCN1c2ccccc2Sc2ccccc21,1,c1ccc2c(c1)Nc1ccccc1S2,CN(C)CCCN1c2ccccc2Sc2ccc(Cl)cc21,0,c1ccc2c(c1)Nc1ccccc1S2,0.7691470054446462,1,0.6274103666166487
CN(C)CCCN1c2ccccc2Sc2ccccc21,1,c1ccc2c(c1)Nc1ccccc1S2,C[C@H](CN1c2ccccc2Sc2ccccc21)N(C)C,0,c1ccc2c(c1)Nc1ccccc1S2,0.5424812030075188,1,0.6598868478962586
CN(C)CCCN1c2ccccc2Sc2ccccc21,1,c1ccc2c(c1)Nc1ccccc1S2,CNCCCN1c2ccccc2CCc2ccccc21,0,c1ccc2c(c1)CCc1ccccc1N2,0.3457364341085271,1,0.5660168588817848
CN(C)CCCN1c2ccccc2Sc2ccccc21,1,c1ccc2c(c1)Nc1ccccc1S2,OCCN1CCN(CCCN2c3ccccc3C=Cc3ccccc32)CC1,0,C1=Cc2ccccc2N(CCCN2CCNCC2)c2ccccc21,0.3411550151975684,1,0.619163330126323
C[C@H](CN1c2ccccc2Sc2ccccc21)N(C)C,0,c1ccc2c(c1)Nc1ccccc1S2,CN(C)CCCN1c2ccccc2Sc2ccc(Cl)cc21,0,c1ccc2c(c1)Nc1ccccc1S2,0.44042553191489364,0,0.4063151754697906
C[C@H](CN1c2ccccc2Sc2ccccc21)N(C)C,0,c1ccc2c(c1)Nc1ccccc1S2,C[C@H](CN(C)C)CN1c2ccccc2CCc2ccccc21,0,c1ccc2c(c1)CCc1ccccc1N2,0.39863201094391243,0,0.3948611356945814
C[C@H](CN1c2ccccc2Sc2ccccc21)N(C)C,0,c1ccc2c(c1)Nc1ccccc1S2,C[C@@H](Cc1ccccc1)N(C)Cc1ccccc1,0,c1ccc(CCNCc2ccccc2)cc1,0.29039634146341464,0,0.15925626385486172
C[C@H](CN1c2ccccc2Sc2ccccc21)N(C)C,0,c1ccc2c(c1)Nc1ccccc1S2,CN(C)CC(Oc1ccccc1)Oc1ccccc1,0,c1ccc(OCOc2ccccc2)cc1,0.2571428571428571,0,0.09662065556317367
N=C(N)N1CCc2ccccc2C1,0,c1ccc2c(c1)CCNC2,CN1CCc2cccc3c2[C@@H]1Cc1ccc(O)c(O)c1-3,0,c1ccc2c(c1)CC1NCCc3cccc-2c31,0.22764370337867487,0,0.09895076742267982
N=C(N)N1CCc2ccccc2C1,0,c1ccc2c(c1)CCNC2,CNCCCN1c2ccccc2CCc2ccccc21,0,c1ccc2c(c1)CCc1ccccc1N2,0.2177777777777778,0,0.09861732590227959
N=C(N)N1CCc2ccccc2C1,0,c1ccc2c(c1)CCNC2,CN1CCC(=C2c3ccccc3CCc3cccnc32)CC1,0,c1ccc2c(c1)CCc1cccnc1C2=C1CCNCC1,0.21437444543034606,0,0.07952019366478667
N=C(N)N1CCc2ccccc2C1,0,c1ccc2c(c1)CCNC2,C[C@H](CN(C)C)CN1c2ccccc2CCc2ccccc21,0,c1ccc2c(c1)CCc1ccccc1N2,0.20923715620134928,0,0.054337078218225525
O=C(NC1CCN(CCc2c[nH]c3ccccc23)CC1)c1ccccc1,0,O=C(NC1CCN(CCc2c[nH]c3ccccc23)CC1)c1ccccc1,CCC(=O)N(c1ccccc1)C1CCN(CCc2ccccc2)CC1,0,c1ccc(CCN2CCC(Nc3ccccc3)CC2)cc1,0.3278492935635793,0,0.0931086817754528
O=C(NC1CCN(CCc2c[nH]c3ccccc23)CC1)c1ccccc1,0,O=C(NC1CCN(CCc2c[nH]c3ccccc23)CC1)c1ccccc1,CCN(CC)C(=O)N[C@H]1C[C@@H]2c3cccc4[nH]cc(c34)C[C@H]2N(C)C1,0,c1cc2c3c(c[nH]c3c1)CC1NCCCC21,0.32311688311688314,0,0.12716496214991244
O=C(NC1CCN(CCc2c[nH]c3ccccc23)CC1)c1ccccc1,0,O=C(NC1CCN(CCc2c[nH]c3ccccc23)CC1)c1ccccc1,CN(C)CCc1c[nH]c2ccc(CS(=O)(=O)N3CCCC3)cc12,0,O=S(=O)(Cc1ccc2[nH]ccc2c1)N1CCCC1,0.31315192743764175,0,0.06849064732529127
O=C(NC1CCN(CCc2c[nH]c3ccccc23)CC1)c1ccccc1,0,O=C(NC1CCN(CCc2c[nH]c3ccccc23)CC1)c1ccccc1,O=C(N[C@H](Cc1cc(=O)[nH]c2ccccc12)C(=O)O)c1ccc(Cl)cc1,0,O=C(NCCc1cc(=O)[nH]c2ccccc12)c1ccccc1,0.3124817872753764,0,0.2067786372228133
Cc1onc(NS(=O)(=O)c2ccc(N)cc2)c1C,0,O=S(=O)(Nc1ccon1)c1ccccc1,Cc1noc(NS(=O)(=O)c2ccc(N)cc2)c1C,0,O=S(=O)(Nc1ccno1)c1ccccc1,0.6078048780487805,1,0.5322545030992987
Cc1onc(NS(=O)(=O)c2ccc(N)cc2)c1C,0,O=S(=O)(Nc1ccon1)c1ccccc1,COc1ncnc(NS(=O)(=O)c2ccc(N)cc2)c1OC,0,O=S(=O)(Nc1ccncn1)c1ccccc1,0.4716666666666667,0,0.3000998746061943
Cc1onc(NS(=O)(=O)c2ccc(N)cc2)c1C,0,O=S(=O)(Nc1ccon1)c1ccccc1,Nc1ccc(S(N)(=O)=O)cc1,0,c1ccccc1,0.38452935694315005,0,0.3646033404599593
Cc1onc(NS(=O)(=O)c2ccc(N)cc2)c1C,0,O=S(=O)(Nc1ccon1)c1ccccc1,O=C(O)c1cc(/N=N\c2ccc(S(=O)(=O)Nc3ccccn3)cc2)ccc1O,0,O=S(=O)(Nc1ccccn1)c1ccc(N=Nc2ccccc2)cc1,0.2639455782312925,0,0.09656540354187516
Cc1cc(NS(=O)(=O)c2ccc(N)cc2)no1,1,O=S(=O)(Nc1ccon1)c1ccccc1,Cc1onc(NS(=O)(=O)c2ccc(N)cc2)c1C,0,O=S(=O)(Nc1ccon1)c1ccccc1,0.634959349593496,1,0.6278014213148723
Cc1cc(NS(=O)(=O)c2ccc(N)cc2)no1,1,O=S(=O)(Nc1ccon1)c1ccccc1,Cc1noc(NS(=O)(=O)c2ccc(N)cc2)c1C,0,O=S(=O)(Nc1ccno1)c1ccccc1,0.5849593495934959,1,0.674910983332108
Cc1cc(NS(=O)(=O)c2ccc(N)cc2)no1,1,O=S(=O)(Nc1ccon1)c1ccccc1,COc1ncnc(NS(=O)(=O)c2ccc(N)cc2)c1OC,0,O=S(=O)(Nc1ccncn1)c1ccccc1,0.42896963663514187,0,0.4679895207303733
Cc1cc(NS(=O)(=O)c2ccc(N)cc2)no1,1,O=S(=O)(Nc1ccon1)c1ccccc1,Nc1ccc(S(N)(=O)=O)cc1,0,c1ccccc1,0.38888888888888895,0,0.40039193546404284
COC(=O)C1=C(C)NC(C)=C(C(=O)OC/C=C/c2ccccc2)[C@H]1c1cccc([N+](=O)[O-])c1,0,O=C(OCC=Cc1ccccc1)C1=CNC=CC1c1ccccc1,COCCOC(=O)C1=C(C)NC(C)=C(C(=O)OC/C=C/c2ccccc2)[C@H]1c1cccc([N+](=O)[O-])c1,0,O=C(OCC=Cc1ccccc1)C1=CNC=CC1c1ccccc1,0.8772397094430994,0,0.02687224790668364
COC(=O)C1=C(C)NC(C)=C(C(=O)OC/C=C/c2ccccc2)[C@H]1c1cccc([N+](=O)[O-])c1,0,O=C(OCC=Cc1ccccc1)C1=CNC=CC1c1ccccc1,CCOC(=O)C1=C(C)NC(C)=C(C(=O)OC)[C@@H]1c1cccc([N+](=O)[O-])c1,0,C1=CC(c2ccccc2)C=CN1,0.7602053915275995,0,0.008745669008361535
COC(=O)C1=C(C)NC(C)=C(C(=O)OC/C=C/c2ccccc2)[C@H]1c1cccc([N+](=O)[O-])c1,0,O=C(OCC=Cc1ccccc1)C1=CNC=CC1c1ccccc1,COC(=O)C1=C(C)NC(C)=C(C(=O)OCCN(C)Cc2ccccc2)[C@H]1c1cccc([N+](=O)[O-])c1,0,O=C(OCCNCc1ccccc1)C1=CNC=CC1c1ccccc1,0.6576470588235295,0,0.04185461461076321
COC(=O)C1=C(C)NC(C)=C(C(=O)OC/C=C/c2ccccc2)[C@H]1c1cccc([N+](=O)[O-])c1,0,O=C(OCC=Cc1ccccc1)C1=CNC=CC1c1ccccc1,COCCOC(=O)C1=C(C)NC(C)=C(C(=O)OC(C)C)[C@@H]1c1cccc([N+](=O)[O-])c1,0,C1=CC(c2ccccc2)C=CN1,0.6311111111111111,0,0.013505375610060225
COCCOC(=O)C1=C(C)NC(C)=C(C(=O)OC/C=C/c2ccccc2)[C@H]1c1cccc([N+](=O)[O-])c1,0,O=C(OCC=Cc1ccccc1)C1=CNC=CC1c1ccccc1,COC(=O)C1=C(C)NC(C)=C(C(=O)OC/C=C/c2ccccc2)[C@H]1c1cccc([N+](=O)[O-])c1,0,O=C(OCC=Cc1ccccc1)C1=CNC=CC1c1ccccc1,0.8772397094430994,0,0.0008016300685167153
COCCOC(=O)C1=C(C)NC(C)=C(C(=O)OC/C=C/c2ccccc2)[C@H]1c1cccc([N+](=O)[O-])c1,0,O=C(OCC=Cc1ccccc1)C1=CNC=CC1c1ccccc1,COCCOC(=O)C1=C(C)NC(C)=C(C(=O)OC(C)C)[C@@H]1c1cccc([N+](=O)[O-])c1,0,C1=CC(c2ccccc2)C=CN1,0.7313782991202347,0,0.001193212872732818
COCCOC(=O)C1=C(C)NC(C)=C(C(=O)OC/C=C/c2ccccc2)[C@H]1c1cccc([N+](=O)[O-])c1,0,O=C(OCC=Cc1ccccc1)C1=CNC=CC1c1ccccc1,CCCOCCOC(=O)C1=C(C)NC(C)=C(C(=O)OCCOCCC)C1c1cccc([N+](=O)[O-])c1,0,C1=CC(c2ccccc2)C=CN1,0.6717460317460318,0,0.004239746859519492
COCCOC(=O)C1=C(C)NC(C)=C(C(=O)OC/C=C/c2ccccc2)[C@H]1c1cccc([N+](=O)[O-])c1,0,O=C(OCC=Cc1ccccc1)C1=CNC=CC1c1ccccc1,CCOC(=O)C1=C(C)NC(C)=C(C(=O)OC)[C@@H]1c1cccc([N+](=O)[O-])c1,0,C1=CC(c2ccccc2)C=CN1,0.6613653413353339,0,0.0007269775130632636
CCN(CC)CCC[C@@H](C)Nc1c2ccc(Cl)cc2nc2ccc(OC)cc12,0,c1ccc2nc3ccccc3cc2c1,CCN(CC)CCC[C@H](C)Nc1ccnc2cc(Cl)ccc12,0,c1ccc2ncccc2c1,0.5720430107526882,0,0.06062380593705447
CCN(CC)CCC[C@@H](C)Nc1c2ccc(Cl)cc2nc2ccc(OC)cc12,0,c1ccc2nc3ccccc3cc2c1,CCN(CCO)CCC[C@H](C)Nc1ccnc2cc(Cl)ccc12,0,c1ccc2ncccc2c1,0.5089900110987792,0,0.02162868300671374
CCN(CC)CCC[C@@H](C)Nc1c2ccc(Cl)cc2nc2ccc(OC)cc12,0,c1ccc2nc3ccccc3cc2c1,COc1cc(N[C@@H](C)CCCN)c2ncccc2c1,0,c1ccc2ncccc2c1,0.3283686176836862,0,0.016675831626514554
CCN(CC)CCC[C@@H](C)Nc1c2ccc(Cl)cc2nc2ccc(OC)cc12,0,c1ccc2nc3ccccc3cc2c1,CCN(CC)Cc1cc(Nc2ccnc3cc(Cl)ccc23)ccc1O,0,c1ccc(Nc2ccnc3ccccc23)cc1,0.3045948203842941,0,0.009356647678940073
COc1ccc(C(=O)Nc2ccccc2CC[C@H]2CCCCN2C)cc1,0,O=C(Nc1ccccc1CCC1CCCCN1)c1ccccc1,CN1CCC[C@@H]1CCO[C@](C)(c1ccccc1)c1ccc(Cl)cc1,0,c1ccc(C(OCCC2CCCN2)c2ccccc2)cc1,0.3493761140819965,0,0.15605677548280203
COc1ccc(C(=O)Nc2ccccc2CC[C@H]2CCCCN2C)cc1,0,O=C(Nc1ccccc1CCC1CCCCN1)c1ccccc1,CCCN1CCCC[C@H]1C(=O)Nc1c(C)cccc1C,0,O=C(Nc1ccccc1)C1CCCCN1,0.32213930348258707,0,0.18155757881854093
COc1ccc(C(=O)Nc2ccccc2CC[C@H]2CCCCN2C)cc1,0,O=C(Nc1ccccc1CCC1CCCCN1)c1ccccc1,CCCCN1CCCC[C@H]1C(=O)Nc1c(C)cccc1C,0,O=C(Nc1ccccc1)C1CCCCN1,0.3152173913043479,0,0.17533880913162508
COc1ccc(C(=O)Nc2ccccc2CC[C@H]2CCCCN2C)cc1,0,O=C(Nc1ccccc1CCC1CCCCN1)c1ccccc1,CCN1CCC[C@H]1CNC(=O)c1c(OC)ccc(Br)c1OC,0,O=C(NCC1CCCN1)c1ccccc1,0.2967272727272728,0,0.060845075752661425
CN(C)CCC[C@@]1(c2ccc(F)cc2)OCc2cc(C#N)ccc21,0,c1ccc(C2OCc3ccccc32)cc1,O=C(CCCN1CCC(O)(c2ccc(Cl)cc2)CC1)c1ccc(F)cc1,0,O=C(CCCN1CCC(c2ccccc2)CC1)c1ccccc1,0.22292397660818714,0,0.006107138755596876
CN(C)CCC[C@@]1(c2ccc(F)cc2)OCc2cc(C#N)ccc21,0,c1ccc(C2OCc3ccccc32)cc1,O=C(CCCN1CCC(O)(c2ccc(Br)cc2)CC1)c1ccc(F)cc1,0,O=C(CCCN1CCC(c2ccccc2)CC1)c1ccccc1,0.22292397660818714,0,0.0046405251595925305
CN(C)CCC[C@@]1(c2ccc(F)cc2)OCc2cc(C#N)ccc21,0,c1ccc(C2OCc3ccccc32)cc1,CN(C)CC/C=C1\c2ccccc2COc2ccc(CC(=O)O)cc21,0,C=C1c2ccccc2COc2ccccc21,0.2181656673328892,0,0.04749253990767023
CN(C)CCC[C@@]1(c2ccc(F)cc2)OCc2cc(C#N)ccc21,0,c1ccc(C2OCc3ccccc32)cc1,CN(C)CCCN1c2ccccc2Sc2ccc(Cl)cc21,0,c1ccc2c(c1)Nc1ccccc1S2,0.2125295508274232,0,0.01948855513137128
COc1ccccc1Oc1c(NS(=O)(=O)c2ccc(C(C)C)cn2)nc(-c2ccnc(-c3nn[nH]n3)c2)nc1OCCO,0,O=S(=O)(Nc1nc(-c2ccnc(-c3nn[nH]n3)c2)ncc1Oc1ccccc1)c1ccccn1,COc1ncnc(NS(=O)(=O)c2ccc(N)cc2)c1OC,0,O=S(=O)(Nc1ccncn1)c1ccccc1,0.2270776004402862,0,0.04034521120536482
COc1ccccc1Oc1c(NS(=O)(=O)c2ccc(C(C)C)cn2)nc(-c2ccnc(-c3nn[nH]n3)c2)nc1OCCO,0,O=S(=O)(Nc1nc(-c2ccnc(-c3nn[nH]n3)c2)ncc1Oc1ccccc1)c1ccccn1,COc1ccc(Cc2nccc3cc(OC)c(OC)cc23)cc1OC,0,c1ccc(Cc2nccc3ccccc23)cc1,0.21625730994152048,0,0.25436377620135026
COc1ccccc1Oc1c(NS(=O)(=O)c2ccc(C(C)C)cn2)nc(-c2ccnc(-c3nn[nH]n3)c2)nc1OCCO,0,O=S(=O)(Nc1nc(-c2ccnc(-c3nn[nH]n3)c2)ncc1Oc1ccccc1)c1ccccn1,CCOc1ccccc1OCCN[C@H](C)Cc1ccc(OC)c(S(N)(=O)=O)c1,0,c1ccc(CCNCCOc2ccccc2)cc1,0.21302521008403363,0,0.09677405958120104
COc1ccccc1Oc1c(NS(=O)(=O)c2ccc(C(C)C)cn2)nc(-c2ccnc(-c3nn[nH]n3)c2)nc1OCCO,0,O=S(=O)(Nc1nc(-c2ccnc(-c3nn[nH]n3)c2)ncc1Oc1ccccc1)c1ccccn1,COc1ccnc(C[S@H](=O)c2nc3ccc(OC(F)F)cc3[nH]2)c1OC,0,O=[SH](Cc1ccccn1)c1nc2ccccc2[nH]1,0.19656978535483208,0,0.1464744905914504
CCOC(=O)c1cncn1[C@H](C)c1ccccc1,0,c1ccc(Cn2ccnc2)cc1,NC(=O)OCC(COC(N)=O)c1ccccc1,0,c1ccccc1,0.30405405405405406,0,0.3852801396000375
CCOC(=O)c1cncn1[C@H](C)c1ccccc1,0,c1ccc(Cn2ccnc2)cc1,CCOC(=O)C1(c2ccccc2)CCN(C)CC1,0,c1ccc(C2CCNCC2)cc1,0.30308668076109935,0,0.11966261686423299
CCOC(=O)c1cncn1[C@H](C)c1ccccc1,0,c1ccc(Cn2ccnc2)cc1,C[C@H](N)C(=O)c1ccccc1,0,c1ccccc1,0.28322981366459626,0,0.19443554633339502
CCOC(=O)c1cncn1[C@H](C)c1ccccc1,0,c1ccc(Cn2ccnc2)cc1,CCOC(=O)[C@H](CCc1ccccc1)N[C@@H](C)C(=O)N1CCC[C@H]1C(=O)O,0,O=C(CNCCCc1ccccc1)N1CCCC1,0.27667342799188643,0,0.04942437269575633
OCc1cc([C@H](O)CNCCCCCCOCCCCc2ccccc2)ccc1O,0,c1ccc(CCCCOCCCCCCNCCc2ccccc2)cc1,CC(C)(C)NC[C@@H](O)c1ccc(O)c(CO)c1,0,c1ccccc1,0.461904761904762,0,0.0018726880722761076
OCc1cc([C@H](O)CNCCCCCCOCCCCc2ccccc2)ccc1O,0,c1ccc(CCCCOCCCCCCNCCc2ccccc2)cc1,C[C@@H](CCc1ccccc1)NC[C@H](O)c1ccc(O)c(C(N)=O)c1,0,c1ccc(CCCNCCc2ccccc2)cc1,0.4146144278606966,0,0.010891347004382315
OCc1cc([C@H](O)CNCCCCCCOCCCCc2ccccc2)ccc1O,0,c1ccc(CCCCOCCCCCCNCCc2ccccc2)cc1,CNC[C@H](O)c1ccc(O)c(O)c1,0,c1ccccc1,0.3380952380952381,0,0.0018053972523272162
OCc1cc([C@H](O)CNCCCCCCOCCCCc2ccccc2)ccc1O,0,c1ccc(CCCCOCCCCCCNCCc2ccccc2)cc1,CC(C)NC[C@H](O)COc1ccc(CCOCC2CC2)cc1,0,c1ccc(CCOCC2CC2)cc1,0.23031578947368422,0,0.00949314311198155
CC/C(=C(/c1ccccc1)c1ccc(OCCN(C)C)cc1)c1ccccc1,1,C(=C(c1ccccc1)c1ccccc1)c1ccccc1,CN(C)CCOC(c1ccccc1)c1ccccc1,0,c1ccc(Cc2ccccc2)cc1,0.37090909090909097,1,0.772369023054232
CC/C(=C(/c1ccccc1)c1ccc(OCCN(C)C)cc1)c1ccccc1,1,C(=C(c1ccccc1)c1ccccc1)c1ccccc1,Cc1ccccc1[C@H](OCCN(C)C)c1ccccc1,0,c1ccc(Cc2ccccc2)cc1,0.32466460268317854,1,0.7719285656459693
CC/C(=C(/c1ccccc1)c1ccc(OCCN(C)C)cc1)c1ccccc1,1,C(=C(c1ccccc1)c1ccccc1)c1ccccc1,CN(CCOc1ccc(NS(C)(=O)=O)cc1)CCc1ccc(NS(C)(=O)=O)cc1,0,c1ccc(CCNCCOc2ccccc2)cc1,0.319047619047619,1,0.7143905997657352
CC/C(=C(/c1ccccc1)c1ccc(OCCN(C)C)cc1)c1ccccc1,1,C(=C(c1ccccc1)c1ccccc1)c1ccccc1,N=C(N)c1ccc(OCCCCCOc2ccc(C(=N)N)cc2)cc1,0,c1ccc(OCCCCCOc2ccccc2)cc1,0.3173099415204679,1,0.6942379618337312
CN(C)CCOc1ccc(/C(=C(\CCCl)c2ccccc2)c2ccccc2)cc1,1,C(=C(c1ccccc1)c1ccccc1)c1ccccc1,CN(C)CCOC(c1ccccc1)c1ccccc1,0,c1ccc(Cc2ccccc2)cc1,0.3460246360582307,1,0.8060435522363506
CN(C)CCOc1ccc(/C(=C(\CCCl)c2ccccc2)c2ccccc2)cc1,1,C(=C(c1ccccc1)c1ccccc1)c1ccccc1,CN(CCOc1ccc(NS(C)(=O)=O)cc1)CCc1ccc(NS(C)(=O)=O)cc1,0,c1ccc(CCNCCOc2ccccc2)cc1,0.31274362818590706,1,0.7694633856961721
CN(C)CCOc1ccc(/C(=C(\CCCl)c2ccccc2)c2ccccc2)cc1,1,C(=C(c1ccccc1)c1ccccc1)c1ccccc1,Cc1ccccc1[C@H](OCCN(C)C)c1ccccc1,0,c1ccc(Cc2ccccc2)cc1,0.3053297199638663,1,0.8415742553941432
CN(C)CCOc1ccc(/C(=C(\CCCl)c2ccccc2)c2ccccc2)cc1,1,C(=C(c1ccccc1)c1ccccc1)c1ccccc1,N=C(N)c1ccc(OCCCCCOc2ccc(C(=N)N)cc2)cc1,0,c1ccc(OCCCCCOc2ccccc2)cc1,0.2967479674796748,1,0.6950412479408513
CN(CCOc1ccc(C[C@@H]2SC(=O)NC2=O)cc1)c1ccccn1,1,O=C1NC(=O)C(Cc2ccc(OCCNc3ccccn3)cc2)S1,CCc1ccc(CCOc2ccc(C[C@@H]3SC(=O)NC3=O)cc2)nc1,0,O=C1NC(=O)C(Cc2ccc(OCCc3ccccn3)cc2)S1,0.5333976213436195,1,0.8625286648755545
CN(CCOc1ccc(C[C@@H]2SC(=O)NC2=O)cc1)c1ccccn1,1,O=C1NC(=O)C(Cc2ccc(OCCNc3ccccn3)cc2)S1,CN(CCOc1ccc(NS(C)(=O)=O)cc1)CCc1ccc(NS(C)(=O)=O)cc1,0,c1ccc(CCNCCOc2ccccc2)cc1,0.28644338118022333,1,0.8350652102940004
CN(CCOc1ccc(C[C@@H]2SC(=O)NC2=O)cc1)c1ccccn1,1,O=C1NC(=O)C(Cc2ccc(OCCNc3ccccn3)cc2)S1,O=C(O)c1ccc(OCCn2ccnc2)cc1,0,c1ccc(OCCn2ccnc2)cc1,0.23932063818836852,0,0.4027449827348759
CN(CCOc1ccc(C[C@@H]2SC(=O)NC2=O)cc1)c1ccccn1,1,O=C1NC(=O)C(Cc2ccc(OCCNc3ccccn3)cc2)S1,CN(C)CC[C@H](c1ccc(Cl)cc1)c1ccccn1,0,c1ccc(Cc2ccccn2)cc1,0.231044776119403,1,0.7815339593181773
Cc1noc(NS(=O)(=O)c2ccc(N)cc2)c1C,0,O=S(=O)(Nc1ccno1)c1ccccc1,Cc1onc(NS(=O)(=O)c2ccc(N)cc2)c1C,0,O=S(=O)(Nc1ccon1)c1ccccc1,0.6078048780487805,0,0.453802364725649
Cc1noc(NS(=O)(=O)c2ccc(N)cc2)c1C,0,O=S(=O)(Nc1ccno1)c1ccccc1,COc1ncnc(NS(=O)(=O)c2ccc(N)cc2)c1OC,0,O=S(=O)(Nc1ccncn1)c1ccccc1,0.4063636363636364,0,0.35288356336159954
Cc1noc(NS(=O)(=O)c2ccc(N)cc2)c1C,0,O=S(=O)(Nc1ccno1)c1ccccc1,Nc1ccc(S(N)(=O)=O)cc1,0,c1ccccc1,0.3778552746294682,0,0.33660539443696696
Cc1noc(NS(=O)(=O)c2ccc(N)cc2)c1C,0,O=S(=O)(Nc1ccno1)c1ccccc1,O=C(O)c1cc(/N=N\c2ccc(S(=O)(=O)Nc3ccccn3)cc2)ccc1O,0,O=S(=O)(Nc1ccccn1)c1ccc(N=Nc2ccccc2)cc1,0.24603174603174602,0,0.10661891174700498
CN/C(=C\[N+](=O)[O-])NCCSCc1ccc(CN(C)C)o1,0,c1ccoc1,CN/C(=N\C#N)NCCSCc1nc[nH]c1C,0,c1c[nH]cn1,0.2259242957746479,0,0.03090512026818247
CN/C(=C\[N+](=O)[O-])NCCSCc1ccc(CN(C)C)o1,0,c1ccoc1,COC(=O)C1=C(C)NC(C)=C(C(=O)OCCN(C)Cc2ccccc2)[C@H]1c1cccc([N+](=O)[O-])c1,0,O=C(OCCNCc1ccccc1)C1=CNC=CC1c1ccccc1,0.19418526031102096,0,0.02046313521640102
CN/C(=C\[N+](=O)[O-])NCCSCc1ccc(CN(C)C)o1,0,c1ccoc1,NC(N)=Nc1nc(CSCC/N=C/NS(=O)(=O)c2ccc(Br)cc2)cs1,0,O=S(=O)(NC=NCCSCc1cscn1)c1ccccc1,0.1809954751131222,0,0.010120865367769733
CN/C(=C\[N+](=O)[O-])NCCSCc1ccc(CN(C)C)o1,0,c1ccoc1,CCOC(=O)C1=C(C)NC(C)=C(C(=O)OC)[C@@H]1c1cccc([N+](=O)[O-])c1,0,C1=CC(c2ccccc2)C=CN1,0.17316017316017318,0,0.05381999867441367
CC[C@H](C)n1ncn(-c2ccc(N3CCN(c4ccc(OC[C@H]5CO[C@](Cn6cncn6)(c6ccc(Cl)cc6Cl)O5)cc4)CC3)cc2)c1=O,0,O=c1[nH]ncn1-c1ccc(N2CCN(c3ccc(OCC4COC(Cn5cncn5)(c5ccccc5)O4)cc3)CC2)cc1,CC(=O)N1CCN(c2ccc(OC[C@H]3CO[C@](Cn4ccnc4)(c4ccc(Cl)cc4Cl)O3)cc2)CC1,0,c1ccc(C2(Cn3ccnc3)OCC(COc3ccc(N4CCNCC4)cc3)O2)cc1,0.5452558941920644,0,0.04226529650531223
CC[C@H](C)n1ncn(-c2ccc(N3CCN(c4ccc(OC[C@H]5CO[C@](Cn6cncn6)(c6ccc(Cl)cc6Cl)O5)cc4)CC3)cc2)c1=O,0,O=c1[nH]ncn1-c1ccc(N2CCN(c3ccc(OCC4COC(Cn5cncn5)(c5ccccc5)O4)cc3)CC2)cc1,CCOC(=O)C(C)(C)Oc1ccc(Cl)cc1,0,c1ccccc1,0.20776119402985077,0,0.07312010231617927
CC[C@H](C)n1ncn(-c2ccc(N3CCN(c4ccc(OC[C@H]5CO[C@](Cn6cncn6)(c6ccc(Cl)cc6Cl)O5)cc4)CC3)cc2)c1=O,0,O=c1[nH]ncn1-c1ccc(N2CCN(c3ccc(OCC4COC(Cn5cncn5)(c5ccccc5)O4)cc3)CC2)cc1,O=c1n(CCCN2CCN(c3cccc(Cl)c3)CC2)nc2ccccn12,0,O=c1n(CCCN2CCN(c3ccccc3)CC2)nc2ccccn12,0.2073809523809524,0,0.054598123769624356
CC[C@H](C)n1ncn(-c2ccc(N3CCN(c4ccc(OC[C@H]5CO[C@](Cn6cncn6)(c6ccc(Cl)cc6Cl)O5)cc4)CC3)cc2)c1=O,0,O=c1[nH]ncn1-c1ccc(N2CCN(c3ccc(OCC4COC(Cn5cncn5)(c5ccccc5)O4)cc3)CC2)cc1,Cn1nnc2ccc([C@H](c3ccc(Cl)cc3)n3cncn3)cc21,0,c1ccc(C(c2ccc3nn[nH]c3c2)n2cncn2)cc1,0.20528957005289572,0,0.05505768894133699
O=C(O)c1cc(/N=N\c2ccc(S(=O)(=O)Nc3ccccn3)cc2)ccc1O,0,O=S(=O)(Nc1ccccn1)c1ccc(N=Nc2ccccc2)cc1,O=C(O)c1ccccc1O,0,c1ccccc1,0.3329268292682927,0,0.1158837580160209
O=C(O)c1cc(/N=N\c2ccc(S(=O)(=O)Nc3ccccn3)cc2)ccc1O,0,O=S(=O)(Nc1ccccn1)c1ccc(N=Nc2ccccc2)cc1,Cc1onc(NS(=O)(=O)c2ccc(N)cc2)c1C,0,O=S(=O)(Nc1ccon1)c1ccccc1,0.2639455782312925,0,0.15540923698492828
O=C(O)c1cc(/N=N\c2ccc(S(=O)(=O)Nc3ccccn3)cc2)ccc1O,0,O=S(=O)(Nc1ccccn1)c1ccc(N=Nc2ccccc2)cc1,COc1ncnc(NS(=O)(=O)c2ccc(N)cc2)c1OC,0,O=S(=O)(Nc1ccncn1)c1ccccc1,0.25358851674641153,0,0.10353951705371098
O=C(O)c1cc(/N=N\c2ccc(S(=O)(=O)Nc3ccccn3)cc2)ccc1O,0,O=S(=O)(Nc1ccccn1)c1ccc(N=Nc2ccccc2)cc1,Cc1noc(NS(=O)(=O)c2ccc(N)cc2)c1C,0,O=S(=O)(Nc1ccno1)c1ccccc1,0.24603174603174602,0,0.1558738255768041
C[C@H]1COc2c(N3CCN(C)CC3)c(F)cc3c(=O)c(C(=O)O)cn1c23,0,O=c1ccn2c3c(c(N4CCNCC4)ccc13)OCC2,COc1c(N2CCN[C@@H](C)C2)c(F)cc2c(=O)c(C(=O)O)cn(C3CC3)c12,0,O=c1ccn(C2CC2)c2cc(N3CCNCC3)ccc12,0.4834234234234235,0,0.004449495954751911
C[C@H]1COc2c(N3CCN(C)CC3)c(F)cc3c(=O)c(C(=O)O)cn1c23,0,O=c1ccn2c3c(c(N4CCNCC4)ccc13)OCC2,O=C(O)c1cn(C2CC2)c2cc(N3CCNCC3)c(F)cc2c1=O,0,O=c1ccn(C2CC2)c2cc(N3CCNCC3)ccc12,0.4223645320197045,0,0.017198872396587076
C[C@H]1COc2c(N3CCN(C)CC3)c(F)cc3c(=O)c(C(=O)O)cn1c23,0,O=c1ccn2c3c(c(N4CCNCC4)ccc13)OCC2,Cc1c(F)c(N2CCN[C@H](C)C2)cc2c1c(=O)c(C(=O)O)cn2C1CC1,0,O=c1ccn(C2CC2)c2cc(N3CCNCC3)ccc12,0.34710395090141927,0,0.04713034365201101
C[C@H]1COc2c(N3CCN(C)CC3)c(F)cc3c(=O)c(C(=O)O)cn1c23,0,O=c1ccn2c3c(c(N4CCNCC4)ccc13)OCC2,CCn1cc(C(=O)O)c(=O)c2ccc(C)nc21,0,O=c1cc[nH]c2ncccc12,0.2654721549636804,0,0.009273939388593368
CCOC(=O)C1=C(C)NC(C)=C(C(=O)OC)[C@@H]1c1cccc2c1OCO2,0,C1=CC(c2cccc3c2OCO3)C=CN1,CCOC(=O)C1=C(C)NC(C)=C(C(=O)OC)[C@@H]1c1cccc(Cl)c1Cl,0,C1=CC(c2ccccc2)C=CN1,0.6157181571815719,0,0.002528944536755877
CCOC(=O)C1=C(C)NC(C)=C(C(=O)OC)[C@@H]1c1cccc2c1OCO2,0,C1=CC(c2cccc3c2OCO3)C=CN1,CCOC(=O)C1=C(C)NC(C)=C(C(=O)OC)[C@@H]1c1cccc([N+](=O)[O-])c1,0,C1=CC(c2ccccc2)C=CN1,0.5116244411326378,0,0.007496041196656148
CCOC(=O)C1=C(C)NC(C)=C(C(=O)OC)[C@@H]1c1cccc2c1OCO2,0,C1=CC(c2cccc3c2OCO3)C=CN1,CCOC(=O)C1=C(COCCN)NC(C)=C(C(=O)OC)[C@@H]1c1ccccc1Cl,0,C1=CC(c2ccccc2)C=CN1,0.4863958736299162,0,0.015988837779485524
CCOC(=O)C1=C(C)NC(C)=C(C(=O)OC)[C@@H]1c1cccc2c1OCO2,0,C1=CC(c2cccc3c2OCO3)C=CN1,CCOC(=O)C1=C(C)NC(C)=C(C(=O)OCC)C1c1ccccc1/C=C\C(=O)OC(C)(C)C,0,C1=CC(c2ccccc2)C=CN1,0.47734487734487735,0,0.008810467970165894
O=C(c1ccc(OCCN2CCCCC2)cc1)c1c(-c2ccc(O)cc2)sc2cc(O)ccc12,0,O=C(c1ccc(OCCN2CCCCC2)cc1)c1c(-c2ccccc2)sc2ccccc12,O=C(CO)NCCCOc1cccc(CN2CCCCC2)c1,0,c1ccc(CN2CCCCC2)cc1,0.29051909051909053,0,0.007668664538467021
O=C(c1ccc(OCCN2CCCCC2)cc1)c1c(-c2ccc(O)cc2)sc2cc(O)ccc12,0,O=C(c1ccc(OCCN2CCCCC2)cc1)c1c(-c2ccccc2)sc2ccccc12,Cc1ccc(C(=O)[C@H](C)CN2CCCCC2)cc1,0,O=C(CCN1CCCCC1)c1ccccc1,0.2664379645511721,0,0.04576337316613656
O=C(c1ccc(OCCN2CCCCC2)cc1)c1c(-c2ccc(O)cc2)sc2cc(O)ccc12,0,O=C(c1ccc(OCCN2CCCCC2)cc1)c1c(-c2ccccc2)sc2ccccc12,O=C(O)c1ccc(OCCn2ccnc2)cc1,0,c1ccc(OCCn2ccnc2)cc1,0.26436567164179103,0,0.006081471063673625
O=C(c1ccc(OCCN2CCCCC2)cc1)c1c(-c2ccc(O)cc2)sc2cc(O)ccc12,0,O=C(c1ccc(OCCN2CCCCC2)cc1)c1c(-c2ccccc2)sc2ccccc12,COc1cc(C(C)=O)ccc1OCCCN1CCC(c2noc3cc(F)ccc23)CC1,0,c1ccc(OCCCN2CCC(c3noc4ccccc34)CC2)cc1,0.24461538461538462,0,0.003865296374119781
Cc1ccc(-c2cc(C(F)(F)F)nn2-c2ccc(S(N)(=O)=O)cc2)cc1,1,c1ccc(-c2ccnn2-c2ccccc2)cc1,Nc1ccc(S(N)(=O)=O)cc1,0,c1ccccc1,0.29790209790209793,1,0.8803862756045521
Cc1ccc(-c2cc(C(F)(F)F)nn2-c2ccc(S(N)(=O)=O)cc2)cc1,1,c1ccc(-c2ccnn2-c2ccccc2)cc1,Cc1cc(Cl)c(S(N)(=O)=O)cc1S(N)(=O)=O,0,c1ccccc1,0.22637362637362637,1,0.9321490308903988
Cc1ccc(-c2cc(C(F)(F)F)nn2-c2ccc(S(N)(=O)=O)cc2)cc1,1,c1ccc(-c2ccnn2-c2ccccc2)cc1,CC1(C)NC(=O)N(c2ccc([N+](=O)[O-])c(C(F)(F)F)c2)C1=O,0,O=C1CNC(=O)N1c1ccccc1,0.2232118758434548,1,0.9164517177019754
Cc1ccc(-c2cc(C(F)(F)F)nn2-c2ccc(S(N)(=O)=O)cc2)cc1,1,c1ccc(-c2ccnn2-c2ccccc2)cc1,CCN1CCC[C@@H]1CNC(=O)c1cc(S(N)(=O)=O)ccc1OC,0,O=C(NCC1CCCN1)c1ccccc1,0.21780055917986954,1,0.9437054316787861
Cc1oncc1C(=O)Nc1ccc(C(F)(F)F)cc1,0,O=C(Nc1ccccc1)c1cnoc1,CC(C)C(=O)Nc1ccc([N+](=O)[O-])c(C(F)(F)F)c1,0,c1ccccc1,0.27507836990595613,0,0.21435988326898814
Cc1oncc1C(=O)Nc1ccc(C(F)(F)F)cc1,0,O=C(Nc1ccccc1)c1cnoc1,CC(=O)Nc1ccccc1,0,c1ccccc1,0.2606060606060606,0,0.2018996200280631
Cc1oncc1C(=O)Nc1ccc(C(F)(F)F)cc1,0,O=C(Nc1ccccc1)c1cnoc1,NNC(=O)c1ccncc1,0,c1ccncc1,0.2579710144927536,0,0.08109268464981781
Cc1oncc1C(=O)Nc1ccc(C(F)(F)F)cc1,0,O=C(Nc1ccccc1)c1cnoc1,Cc1ccc(NC(=O)c2ccc(CN3CCN(C)CC3)cc2)cc1Nc1nccc(-c2cccnc2)n1,0,O=C(Nc1cccc(Nc2nccc(-c3cccnc3)n2)c1)c1ccc(CN2CCNCC2)cc1,0.23087027914614122,0,0.26674666112002665
O=C(CCCN1CCC(O)(c2ccc(Cl)cc2)CC1)c1ccc(F)cc1,0,O=C(CCCN1CCC(c2ccccc2)CC1)c1ccccc1,O=C(CCCN1CCC(O)(c2ccc(Br)cc2)CC1)c1ccc(F)cc1,0,O=C(CCCN1CCC(c2ccccc2)CC1)c1ccccc1,0.8333333333333333,0,0.02164961170475883
O=C(CCCN1CCC(O)(c2ccc(Cl)cc2)CC1)c1ccc(F)cc1,0,O=C(CCCN1CCC(c2ccccc2)CC1)c1ccccc1,O=C(CCCN1CCC(O)(c2cccc(C(F)(F)F)c2)CC1)c1ccc(F)cc1,0,O=C(CCCN1CCC(c2ccccc2)CC1)c1ccccc1,0.6789915966386555,0,0.04423672329777923
O=C(CCCN1CCC(O)(c2ccc(Cl)cc2)CC1)c1ccc(F)cc1,0,O=C(CCCN1CCC(c2ccccc2)CC1)c1ccccc1,O=C(O)COCCN1CCN([C@H](c2ccccc2)c2ccc(Cl)cc2)CC1,0,c1ccc(C(c2ccccc2)N2CCNCC2)cc1,0.2941328175370729,0,0.056347446575661084
O=C(CCCN1CCC(O)(c2ccc(Cl)cc2)CC1)c1ccc(F)cc1,0,O=C(CCCN1CCC(c2ccccc2)CC1)c1ccccc1,OCCOCCN1CCN([C@H](c2ccccc2)c2ccc(Cl)cc2)CC1,0,c1ccc(C(c2ccccc2)N2CCNCC2)cc1,0.29386548410938657,0,0.03978769205877355
O=C(CCCN1CCC(O)(c2ccc(Br)cc2)CC1)c1ccc(F)cc1,0,O=C(CCCN1CCC(c2ccccc2)CC1)c1ccccc1,O=C(CCCN1CCC(O)(c2ccc(Cl)cc2)CC1)c1ccc(F)cc1,0,O=C(CCCN1CCC(c2ccccc2)CC1)c1ccccc1,0.8333333333333333,0,0.010873116795670849
O=C(CCCN1CCC(O)(c2ccc(Br)cc2)CC1)c1ccc(F)cc1,0,O=C(CCCN1CCC(c2ccccc2)CC1)c1ccccc1,O=C(CCCN1CCC(O)(c2cccc(C(F)(F)F)c2)CC1)c1ccc(F)cc1,0,O=C(CCCN1CCC(c2ccccc2)CC1)c1ccccc1,0.6789915966386555,0,0.011482235569313498
O=C(CCCN1CCC(O)(c2ccc(Br)cc2)CC1)c1ccc(F)cc1,0,O=C(CCCN1CCC(c2ccccc2)CC1)c1ccccc1,COc1cc(C(C)=O)ccc1OCCCN1CCC(c2noc3cc(F)ccc23)CC1,0,c1ccc(OCCCN2CCC(c3noc4ccccc34)CC2)cc1,0.27648371262829097,0,0.005040498790928824
O=C(CCCN1CCC(O)(c2ccc(Br)cc2)CC1)c1ccc(F)cc1,0,O=C(CCCN1CCC(c2ccccc2)CC1)c1ccccc1,O=c1[nH]c2ccccc2n1C1CCN(CCCC(c2ccc(F)cc2)c2ccc(F)cc2)CC1,0,O=c1[nH]c2ccccc2n1C1CCN(CCCC(c2ccccc2)c2ccccc2)CC1,0.2651828298887123,0,0.012398170956235976
O=C(CCCN1CCC(O)(c2cccc(C(F)(F)F)c2)CC1)c1ccc(F)cc1,0,O=C(CCCN1CCC(c2ccccc2)CC1)c1ccccc1,O=C(CCCN1CCC(O)(c2ccc(Cl)cc2)CC1)c1ccc(F)cc1,0,O=C(CCCN1CCC(c2ccccc2)CC1)c1ccccc1,0.6789915966386555,0,0.02872438515648943
O=C(CCCN1CCC(O)(c2cccc(C(F)(F)F)c2)CC1)c1ccc(F)cc1,0,O=C(CCCN1CCC(c2ccccc2)CC1)c1ccccc1,O=C(CCCN1CCC(O)(c2ccc(Br)cc2)CC1)c1ccc(F)cc1,0,O=C(CCCN1CCC(c2ccccc2)CC1)c1ccccc1,0.6789915966386555,0,0.013862214999832347
O=C(CCCN1CCC(O)(c2cccc(C(F)(F)F)c2)CC1)c1ccc(F)cc1,0,O=C(CCCN1CCC(c2ccccc2)CC1)c1ccccc1,COc1cc(C(C)=O)ccc1OCCCN1CCC(c2noc3cc(F)ccc23)CC1,0,c1ccc(OCCCN2CCC(c3noc4ccccc34)CC2)cc1,0.26666666666666666,0,0.01533917054454431
O=C(CCCN1CCC(O)(c2cccc(C(F)(F)F)c2)CC1)c1ccc(F)cc1,0,O=C(CCCN1CCC(c2ccccc2)CC1)c1ccccc1,O=c1[nH]c2ccccc2n1C1CCN(CCCC(c2ccc(F)cc2)c2ccc(F)cc2)CC1,0,O=c1[nH]c2ccccc2n1C1CCN(CCCC(c2ccccc2)c2ccccc2)CC1,0.2602622061482821,0,0.04665995702706221
CC(C)C[C@H]1C(=O)N2CCC[C@H]2[C@]2(O)O[C@](NC(=O)[C@@H]3C=C4c5cccc6[nH]c(Br)c(c56)C[C@H]4N(C)C3)(C(C)C)C(=O)N12,0,O=C(NC1OC2C3CCCN3C(=O)CN2C1=O)C1C=C2c3cccc4[nH]cc(c34)CC2NC1,CN1C[C@H](C(=O)N[C@]2(C)O[C@@]3(O)[C@@H]4CCCN4C(=O)[C@H](Cc4ccccc4)N3C2=O)C=C2c3cccc4[nH]cc(c34)C[C@H]21,0,O=C(NC1OC2C3CCCN3C(=O)C(Cc3ccccc3)N2C1=O)C1C=C2c3cccc4[nH]cc(c34)CC2NC1,0.6113719353155973,0,0.0028427606519117582
CC(C)C[C@H]1C(=O)N2CCC[C@H]2[C@]2(O)O[C@](NC(=O)[C@@H]3C=C4c5cccc6[nH]c(Br)c(c56)C[C@H]4N(C)C3)(C(C)C)C(=O)N12,0,O=C(NC1OC2C3CCCN3C(=O)CN2C1=O)C1C=C2c3cccc4[nH]cc(c34)CC2NC1,CN1C[C@H](C(=O)N[C@]2(C)O[C@@]3(O)[C@@H]4CCCN4C(=O)[C@H](Cc4ccccc4)N3C2=O)C[C@@H]2c3cccc4[nH]cc(c34)C[C@H]21,0,O=C(NC1OC2C3CCCN3C(=O)C(Cc3ccccc3)N2C1=O)C1CNC2Cc3c[nH]c4cccc(c34)C2C1,0.45309597523219813,0,0.0011900106088538057
CC(C)C[C@H]1C(=O)N2CCC[C@H]2[C@]2(O)O[C@](NC(=O)[C@@H]3C=C4c5cccc6[nH]c(Br)c(c56)C[C@H]4N(C)C3)(C(C)C)C(=O)N12,0,O=C(NC1OC2C3CCCN3C(=O)CN2C1=O)C1C=C2c3cccc4[nH]cc(c34)CC2NC1,CCN(CC)C(=O)N[C@H]1C[C@@H]2c3cccc4[nH]cc(c34)C[C@H]2N(C)C1,0,c1cc2c3c(c[nH]c3c1)CC1NCCCC21,0.2320062977957715,0,0.0026621083612891993
CC(C)C[C@H]1C(=O)N2CCC[C@H]2[C@]2(O)O[C@](NC(=O)[C@@H]3C=C4c5cccc6[nH]c(Br)c(c56)C[C@H]4N(C)C3)(C(C)C)C(=O)N12,0,O=C(NC1OC2C3CCCN3C(=O)CN2C1=O)C1C=C2c3cccc4[nH]cc(c34)CC2NC1,CCCN1CCCC[C@H]1C(=O)Nc1c(C)cccc1C,0,O=C(Nc1ccccc1)C1CCCCN1,0.2056943056943057,0,0.005554205792831422
C[C@@H](c1ncncc1F)[C@](O)(Cn1cncn1)c1ccc(F)cc1F,1,c1ccc(C(Cc2ccncn2)Cn2cncn2)cc1,OC(Cn1cncn1)(Cn1cncn1)c1ccc(F)cc1F,0,c1ccc(C(Cn2cncn2)Cn2cncn2)cc1,0.6079245283018868,0,0.4929861019456701
C[C@@H](c1ncncc1F)[C@](O)(Cn1cncn1)c1ccc(F)cc1F,1,c1ccc(C(Cc2ccncn2)Cn2cncn2)cc1,CC[C@H](C)n1ncn(-c2ccc(N3CCN(c4ccc(OC[C@H]5CO[C@](Cn6cncn6)(c6ccc(Cl)cc6Cl)O5)cc4)CC3)cc2)c1=O,0,O=c1[nH]ncn1-c1ccc(N2CCN(c3ccc(OCC4COC(Cn5cncn5)(c5ccccc5)O4)cc3)CC2)cc1,0.22249056603773587,1,0.6477401384771259
C[C@@H](c1ncncc1F)[C@](O)(Cn1cncn1)c1ccc(F)cc1F,1,c1ccc(C(Cc2ccncn2)Cn2cncn2)cc1,Cn1nnc2ccc([C@H](c3ccc(Cl)cc3)n3cncn3)cc21,0,c1ccc(C(c2ccc3nn[nH]c3c2)n2cncn2)cc1,0.21715265866209266,0,0.49776160261374136
C[C@@H](c1ncncc1F)[C@](O)(Cn1cncn1)c1ccc(F)cc1F,1,c1ccc(C(Cc2ccncn2)Cn2cncn2)cc1,N#Cc1ccc(C(c2ccc(C#N)cc2)n2cncn2)cc1,0,c1ccc(C(c2ccccc2)n2cncn2)cc1,0.20502901353965186,1,0.6487501006296654
CN(C)c1ccc([C@H]2C[C@@]3(C)[C@@H](CC[C@]3(O)CCCO)[C@@H]3CCC4=CC(=O)CCC4=C32)cc1,0,O=C1C=C2CCC3C(=C2CC1)C(c1ccccc1)CC1CCCC13,CN(C)c1ccc([C@H]2C[C@@]3(C)[C@@H](CC[C@@]3(O)/C=C/CO)[C@@H]3CCC4=CC(=O)CCC4=C32)cc1,0,O=C1C=C2CCC3C(=C2CC1)C(c1ccccc1)CC1CCCC13,0.7362318840579711,0,0.030730829109605232
CN(C)c1ccc([C@H]2C[C@@]3(C)[C@@H](CC[C@]3(O)CCCO)[C@@H]3CCC4=CC(=O)CCC4=C32)cc1,0,O=C1C=C2CCC3C(=C2CC1)C(c1ccccc1)CC1CCCC13,CC#C[C@]1(O)CC[C@H]2[C@@H]3CCC4=CC(=O)CCC4=C3[C@@H](c3ccc(N(C)C)cc3)C[C@@]21C,0,O=C1C=C2CCC3C(=C2CC1)C(c1ccccc1)CC1CCCC13,0.7173300673606859,0,0.055378214907033485
CN(C)c1ccc([C@H]2C[C@@]3(C)[C@@H](CC[C@]3(O)CCCO)[C@@H]3CCC4=CC(=O)CCC4=C32)cc1,0,O=C1C=C2CCC3C(=C2CC1)C(c1ccccc1)CC1CCCC13,C[C@]12CCC(=O)C=C1CC[C@@H]1[C@@H]2C(=O)C[C@@]2(C)[C@H]1CC[C@]2(O)C(=O)CO,0,O=C1C=C2CCC3C4CCCC4CC(=O)C3C2CC1,0.307871198568873,0,0.00867345157652961
CN(C)c1ccc([C@H]2C[C@@]3(C)[C@@H](CC[C@]3(O)CCCO)[C@@H]3CCC4=CC(=O)CCC4=C32)cc1,0,O=C1C=C2CCC3C(=C2CC1)C(c1ccccc1)CC1CCCC13,C[C@]12C=CC(=O)C=C1CC[C@@H]1[C@@H]2[C@@H](O)C[C@@]2(C)[C@H]1CC[C@]2(O)C(=O)CO,0,O=C1C=CC2C(=C1)CCC1C3CCCC3CCC21,0.2682828282828283,0,0.019925213838115845
CN(C)c1ccc([C@H]2C[C@@]3(C)[C@@H](CC[C@@]3(O)/C=C/CO)[C@@H]3CCC4=CC(=O)CCC4=C32)cc1,0,O=C1C=C2CCC3C(=C2CC1)C(c1ccccc1)CC1CCCC13,CN(C)c1ccc([C@H]2C[C@@]3(C)[C@@H](CC[C@]3(O)CCCO)[C@@H]3CCC4=CC(=O)CCC4=C32)cc1,0,O=C1C=C2CCC3C(=C2CC1)C(c1ccccc1)CC1CCCC13,0.7362318840579711,0,0.008507112542516185
CN(C)c1ccc([C@H]2C[C@@]3(C)[C@@H](CC[C@@]3(O)/C=C/CO)[C@@H]3CCC4=CC(=O)CCC4=C32)cc1,0,O=C1C=C2CCC3C(=C2CC1)C(c1ccccc1)CC1CCCC13,CC#C[C@]1(O)CC[C@H]2[C@@H]3CCC4=CC(=O)CCC4=C3[C@@H](c3ccc(N(C)C)cc3)C[C@@]21C,0,O=C1C=C2CCC3C(=C2CC1)C(c1ccccc1)CC1CCCC13,0.706146572104019,0,0.024296783218056325
CN(C)c1ccc([C@H]2C[C@@]3(C)[C@@H](CC[C@@]3(O)/C=C/CO)[C@@H]3CCC4=CC(=O)CCC4=C32)cc1,0,O=C1C=C2CCC3C(=C2CC1)C(c1ccccc1)CC1CCCC13,C[C@]12CCC(=O)C=C1CC[C@@H]1[C@@H]2C(=O)C[C@@]2(C)[C@H]1CC[C@]2(O)C(=O)CO,0,O=C1C=C2CCC3C4CCCC4CC(=O)C3C2CC1,0.3037085230969421,0,0.0075533926613800175
CN(C)c1ccc([C@H]2C[C@@]3(C)[C@@H](CC[C@@]3(O)/C=C/CO)[C@@H]3CCC4=CC(=O)CCC4=C32)cc1,0,O=C1C=C2CCC3C(=C2CC1)C(c1ccccc1)CC1CCCC13,C[C@]12C=CC(=O)C=C1CC[C@@H]1[C@@H]2[C@@H](O)C[C@@]2(C)[C@H]1CC[C@]2(O)C(=O)CO,0,O=C1C=CC2C(=C1)CCC1C3CCCC3CCC21,0.26483516483516484,0,0.006422587243538011
CC#C[C@]1(O)CC[C@H]2[C@@H]3CCC4=CC(=O)CCC4=C3[C@@H](c3ccc(N(C)C)cc3)C[C@@]21C,0,O=C1C=C2CCC3C(=C2CC1)C(c1ccccc1)CC1CCCC13,CN(C)c1ccc([C@H]2C[C@@]3(C)[C@@H](CC[C@]3(O)CCCO)[C@@H]3CCC4=CC(=O)CCC4=C32)cc1,0,O=C1C=C2CCC3C(=C2CC1)C(c1ccccc1)CC1CCCC13,0.7173300673606859,0,0.045937011281740533
CC#C[C@]1(O)CC[C@H]2[C@@H]3CCC4=CC(=O)CCC4=C3[C@@H](c3ccc(N(C)C)cc3)C[C@@]21C,0,O=C1C=C2CCC3C(=C2CC1)C(c1ccccc1)CC1CCCC13,CN(C)c1ccc([C@H]2C[C@@]3(C)[C@@H](CC[C@@]3(O)/C=C/CO)[C@@H]3CCC4=CC(=O)CCC4=C32)cc1,0,O=C1C=C2CCC3C(=C2CC1)C(c1ccccc1)CC1CCCC13,0.706146572104019,0,0.048457002222843444
CC#C[C@]1(O)CC[C@H]2[C@@H]3CCC4=CC(=O)CCC4=C3[C@@H](c3ccc(N(C)C)cc3)C[C@@]21C,0,O=C1C=C2CCC3C(=C2CC1)C(c1ccccc1)CC1CCCC13,C[C@]12CCC(=O)C=C1CC[C@@H]1[C@@H]2C(=O)C[C@@]2(C)[C@H]1CC[C@]2(O)C(=O)CO,0,O=C1C=C2CCC3C4CCCC4CC(=O)C3C2CC1,0.28389644580956563,0,0.012156501791131103
CC#C[C@]1(O)CC[C@H]2[C@@H]3CCC4=CC(=O)CCC4=C3[C@@H](c3ccc(N(C)C)cc3)C[C@@]21C,0,O=C1C=C2CCC3C(=C2CC1)C(c1ccccc1)CC1CCCC13,C#C[C@]1(O)CC[C@H]2[C@@H]3CCc4cc(O)ccc4[C@H]3CC[C@@]21C,0,c1ccc2c(c1)CCC1C2CCC2CCCC21,0.26178861788617885,0,0.17743918470464276
CCOC(=O)N1CCC(=C2c3ccc(Cl)cc3CCc3cccnc32)CC1,0,c1ccc2c(c1)CCc1cccnc1C2=C1CCNCC1,Clc1ccc2c(c1)CCc1cccnc1C2=C1CCNCC1,0,c1ccc2c(c1)CCc1cccnc1C2=C1CCNCC1,0.5839912280701754,0,0.14608433436920587
CCOC(=O)N1CCC(=C2c3ccc(Cl)cc3CCc3cccnc32)CC1,0,c1ccc2c(c1)CCc1cccnc1C2=C1CCNCC1,CN1CCC(=C2c3ccccc3CCc3cccnc32)CC1,0,c1ccc2c(c1)CCc1cccnc1C2=C1CCNCC1,0.4849824561403509,0,0.3370578877537854
CCOC(=O)N1CCC(=C2c3ccc(Cl)cc3CCc3cccnc32)CC1,0,c1ccc2c(c1)CCc1cccnc1C2=C1CCNCC1,CCOC(=O)C(C)(C)Oc1ccc(Cl)cc1,0,c1ccccc1,0.2778061224489796,0,0.08784553536436718
CCOC(=O)N1CCC(=C2c3ccc(Cl)cc3CCc3cccnc32)CC1,0,c1ccc2c(c1)CCc1cccnc1C2=C1CCNCC1,CCOC(=O)C1(c2ccccc2)CCN(C)CC1,0,c1ccc(C2CCNCC2)cc1,0.26677722498618023,0,0.059057697310644974
Clc1ccc2c(c1)CCc1cccnc1C2=C1CCNCC1,0,c1ccc2c(c1)CCc1cccnc1C2=C1CCNCC1,CCOC(=O)N1CCC(=C2c3ccc(Cl)cc3CCc3cccnc32)CC1,0,c1ccc2c(c1)CCc1cccnc1C2=C1CCNCC1,0.5839912280701754,0,0.05246520251066735
Clc1ccc2c(c1)CCc1cccnc1C2=C1CCNCC1,0,c1ccc2c(c1)CCc1cccnc1C2=C1CCNCC1,CN1CCC(=C2c3ccccc3CCc3cccnc32)CC1,0,c1ccc2c(c1)CCc1cccnc1C2=C1CCNCC1,0.4988134788799241,0,0.13661619856219165
Clc1ccc2c(c1)CCc1cccnc1C2=C1CCNCC1,0,c1ccc2c(c1)CCc1cccnc1C2=C1CCNCC1,CN(C)CC[C@H](c1ccc(Cl)cc1)c1ccccn1,0,c1ccc(Cc2ccccn2)cc1,0.24549180327868853,0,0.1734965096586103
Clc1ccc2c(c1)CCc1cccnc1C2=C1CCNCC1,0,c1ccc2c(c1)CCc1cccnc1C2=C1CCNCC1,CN1CCN=C(c2ccccc2)c2cc(Cl)ccc21,0,c1ccc(C2=NCCNc3ccccc32)cc1,0.21087919038583178,0,0.08320917362626584
CN1CCC(=C2c3ccccc3CCc3cccnc32)CC1,0,c1ccc2c(c1)CCc1cccnc1C2=C1CCNCC1,Clc1ccc2c(c1)CCc1cccnc1C2=C1CCNCC1,0,c1ccc2c(c1)CCc1cccnc1C2=C1CCNCC1,0.4988134788799241,0,0.1630182773748066
CN1CCC(=C2c3ccccc3CCc3cccnc32)CC1,0,c1ccc2c(c1)CCc1cccnc1C2=C1CCNCC1,CCOC(=O)N1CCC(=C2c3ccc(Cl)cc3CCc3cccnc32)CC1,0,c1ccc2c(c1)CCc1cccnc1C2=C1CCNCC1,0.4849824561403509,0,0.02166418750609223
CN1CCC(=C2c3ccccc3CCc3cccnc32)CC1,0,c1ccc2c(c1)CCc1cccnc1C2=C1CCNCC1,CNCCC=C1c2ccccc2CCc2ccccc21,0,C=C1c2ccccc2CCc2ccccc21,0.28710801393728225,0,0.14660902415036053
CN1CCC(=C2c3ccccc3CCc3cccnc32)CC1,0,c1ccc2c(c1)CCc1cccnc1C2=C1CCNCC1,Cc1ccc(/C(=C/CN2CCCC2)c2ccccn2)cc1,0,C(CN1CCCC1)=C(c1ccccc1)c1ccccn1,0.2708943089430894,0,0.15294225025824246
CC1=C(C)C(=O)C([C@@H](CCCCCC(=O)O)c2ccccc2)=C(C)C1=O,1,O=C1C=CC(=O)C(Cc2ccccc2)=C1,C[C@@H](C(=O)O)c1cccc(C(=O)c2ccccc2)c1,0,O=C(c1ccccc1)c1ccccc1,0.27959724430312666,0,0.49252473217464776
CC1=C(C)C(=O)C([C@@H](CCCCCC(=O)O)c2ccccc2)=C(C)C1=O,1,O=C1C=CC(=O)C(Cc2ccccc2)=C1,NC(=O)OCC(COC(N)=O)c1ccccc1,0,c1ccccc1,0.2777777777777778,0,0.49082064783339335
CC1=C(C)C(=O)C([C@@H](CCCCCC(=O)O)c2ccccc2)=C(C)C1=O,1,O=C1C=CC(=O)C(Cc2ccccc2)=C1,NC(=O)C[S@H](=O)C(c1ccccc1)c1ccccc1,0,c1ccc(Cc2ccccc2)cc1,0.2572448979591837,1,0.695801601925034
CC1=C(C)C(=O)C([C@@H](CCCCCC(=O)O)c2ccccc2)=C(C)C1=O,1,O=C1C=CC(=O)C(Cc2ccccc2)=C1,CC(=O)Nc1ccccc1,0,c1ccccc1,0.24444444444444446,1,0.7066532642606514
CN(C)CCC=C1c2ccccc2C=Cc2ccccc21,0,C=C1c2ccccc2C=Cc2ccccc21,CN(C)CC/C=C1\c2ccccc2COc2ccc(CC(=O)O)cc21,0,C=C1c2ccccc2COc2ccccc21,0.41640211640211644,0,0.2248915216434749
CN(C)CCC=C1c2ccccc2C=Cc2ccccc21,0,C=C1c2ccccc2C=Cc2ccccc21,CNCCC=C1c2ccccc2CCc2ccccc21,0,C=C1c2ccccc2CCc2ccccc21,0.36071428571428577,0,0.2844829211005498
CN(C)CCC=C1c2ccccc2C=Cc2ccccc21,0,C=C1c2ccccc2C=Cc2ccccc21,CN(C)CCOC(c1ccccc1)c1ccccc1,0,c1ccc(Cc2ccccc2)cc1,0.3051140833988985,0,0.19122502334170957
CN(C)CCC=C1c2ccccc2C=Cc2ccccc21,0,C=C1c2ccccc2C=Cc2ccccc21,Cc1ccccc1[C@H](OCCN(C)C)c1ccccc1,0,c1ccc(Cc2ccccc2)cc1,0.2647058823529412,0,0.15833583263052214
CCN(CC)CCCN(c1ccccc1)C1Cc2ccccc2C1,0,c1ccc(NC2Cc3ccccc3C2)cc1,CCCC(C(=O)OCCN(CC)CC)(c1ccccc1)c1ccccc1,0,c1ccc(Cc2ccccc2)cc1,0.3106256206554121,0,0.2908144615421069
CCN(CC)CCCN(c1ccccc1)C1Cc2ccccc2C1,0,c1ccc(NC2Cc3ccccc3C2)cc1,CCC(=O)N(c1ccccc1)C1CCN(CCc2ccccc2)CC1,0,c1ccc(CCN2CCC(Nc3ccccc3)CC2)cc1,0.3,0,0.12168446551906345
CCN(CC)CCCN(c1ccccc1)C1Cc2ccccc2C1,0,c1ccc(NC2Cc3ccccc3C2)cc1,CCOC(=O)[C@H](CCc1ccccc1)N[C@@H](C)C(=O)N(CC(=O)O)C1Cc2ccccc2C1,0,O=C(CNCCCc1ccccc1)NC1Cc2ccccc2C1,0.27339031339031344,0,0.03889913920094387
CCN(CC)CCCN(c1ccccc1)C1Cc2ccccc2C1,0,c1ccc(NC2Cc3ccccc3C2)cc1,CCc1ccccc1,0,c1ccccc1,0.2588803088803089,0,0.12355064507381171
O=c1ccc2ccccc2o1,0,O=c1ccc2ccccc2o1,COc1c2occc2cc2ccc(=O)oc12,0,O=c1ccc2cc3ccoc3cc2o1,0.34270557029177723,0,0.054734253135735836
O=c1ccc2ccccc2o1,0,O=c1ccc2ccccc2o1,O=C1c2ccccc2C(=O)c2ccccc21,0,O=C1c2ccccc2C(=O)c2ccccc21,0.25733333333333336,0,0.3334191513920036
O=c1ccc2ccccc2o1,0,O=c1ccc2ccccc2o1,NS(=O)(=O)Cc1noc2ccccc12,0,c1ccc2oncc2c1,0.23461538461538461,0,0.09294191413299582
O=c1ccc2ccccc2o1,0,O=c1ccc2ccccc2o1,Cc1ccccc1-n1c(C)nc2ccccc2c1=O,0,O=c1c2ccccc2ncn1-c1ccccc1,0.23008720930232557,0,0.16969049242060721
CN(C)CC/C=C1\c2ccccc2COc2ccc(CC(=O)O)cc21,0,C=C1c2ccccc2COc2ccccc21,CN(C)CCC=C1c2ccccc2C=Cc2ccccc21,0,C=C1c2ccccc2C=Cc2ccccc21,0.41640211640211644,0,0.40593052203714586
CN(C)CC/C=C1\c2ccccc2COc2ccc(CC(=O)O)cc21,0,C=C1c2ccccc2COc2ccccc21,CNCCC=C1c2ccccc2CCc2ccccc21,0,C=C1c2ccccc2CCc2ccccc21,0.3110485573539761,0,0.22425523952292897
CN(C)CC/C=C1\c2ccccc2COc2ccc(CC(=O)O)cc21,0,C=C1c2ccccc2COc2ccccc21,CN(C)CCOC(c1ccccc1)c1ccccc1,0,c1ccc(Cc2ccccc2)cc1,0.22439716312056737,0,0.11751950755146712
CN(C)CC/C=C1\c2ccccc2COc2ccc(CC(=O)O)cc21,0,C=C1c2ccccc2COc2ccccc21,CN(C)CCC[C@@]1(c2ccc(F)cc2)OCc2cc(C#N)ccc21,0,c1ccc(C2OCc3ccccc32)cc1,0.2181656673328892,0,0.08954466318178535
CN(C)CC/C=C1/c2ccccc2COc2ccccc21,1,C=C1c2ccccc2COc2ccccc21,CN(C)CC/C=C1\c2ccccc2COc2ccc(CC(=O)O)cc21,0,C=C1c2ccccc2COc2ccccc21,0.6767179487179488,1,0.5663231979306723
CN(C)CC/C=C1/c2ccccc2COc2ccccc21,1,C=C1c2ccccc2COc2ccccc21,CN(C)CCC=C1c2ccccc2C=Cc2ccccc21,0,C=C1c2ccccc2C=Cc2ccccc21,0.5480182926829269,1,0.7278574635663688
CN(C)CC/C=C1/c2ccccc2COc2ccccc21,1,C=C1c2ccccc2COc2ccccc21,CNCCC=C1c2ccccc2CCc2ccccc21,0,C=C1c2ccccc2CCc2ccccc21,0.39931623931623933,1,0.6322758349024284
CN(C)CC/C=C1/c2ccccc2COc2ccccc21,1,C=C1c2ccccc2COc2ccccc21,CN(C)CCOC(c1ccccc1)c1ccccc1,0,c1ccc(Cc2ccccc2)cc1,0.2648648648648649,0,0.4635460840653647
CCCN1C[C@H](CSC)C[C@@H]2c3cccc4[nH]cc(c34)C[C@H]21,0,c1cc2c3c(c[nH]c3c1)CC1NCCCC21,CCN(CC)C(=O)N[C@H]1C[C@@H]2c3cccc4[nH]cc(c34)C[C@H]2N(C)C1,0,c1cc2c3c(c[nH]c3c1)CC1NCCCC21,0.49371980676328503,0,0.10343662547229905
CCCN1C[C@H](CSC)C[C@@H]2c3cccc4[nH]cc(c34)C[C@H]21,0,c1cc2c3c(c[nH]c3c1)CC1NCCCC21,CN1C[C@H](C(=O)N[C@]2(C)O[C@@]3(O)[C@@H]4CCCN4C(=O)[C@H](Cc4ccccc4)N3C2=O)C[C@@H]2c3cccc4[nH]cc(c34)C[C@H]21,0,O=C(NC1OC2C3CCCN3C(=O)C(Cc3ccccc3)N2C1=O)C1CNC2Cc3c[nH]c4cccc(c34)C2C1,0.367895217788608,0,0.014529844207434339
CCCN1C[C@H](CSC)C[C@@H]2c3cccc4[nH]cc(c34)C[C@H]21,0,c1cc2c3c(c[nH]c3c1)CC1NCCCC21,CN1C[C@H](C(=O)N[C@]2(C)O[C@@]3(O)[C@@H]4CCCN4C(=O)[C@H](Cc4ccccc4)N3C2=O)C=C2c3cccc4[nH]cc(c34)C[C@H]21,0,O=C(NC1OC2C3CCCN3C(=O)C(Cc3ccccc3)N2C1=O)C1C=C2c3cccc4[nH]cc(c34)CC2NC1,0.2646372399797058,0,0.036073436116199356
CCCN1C[C@H](CSC)C[C@@H]2c3cccc4[nH]cc(c34)C[C@H]21,0,c1cc2c3c(c[nH]c3c1)CC1NCCCC21,CCCN1CCCC[C@H]1C(=O)Nc1c(C)cccc1C,0,O=C(Nc1ccccc1)C1CCCCN1,0.24074074074074076,0,0.0597951295860437
CCN(CC)C(=O)N[C@H]1C[C@@H]2c3cccc4[nH]cc(c34)C[C@H]2N(C)C1,0,c1cc2c3c(c[nH]c3c1)CC1NCCCC21,CCCN1C[C@H](CSC)C[C@@H]2c3cccc4[nH]cc(c34)C[C@H]21,0,c1cc2c3c(c[nH]c3c1)CC1NCCCC21,0.49371980676328503,0,0.03875647749662301
CCN(CC)C(=O)N[C@H]1C[C@@H]2c3cccc4[nH]cc(c34)C[C@H]2N(C)C1,0,c1cc2c3c(c[nH]c3c1)CC1NCCCC21,CN1C[C@H](C(=O)N[C@]2(C)O[C@@]3(O)[C@@H]4CCCN4C(=O)[C@H](Cc4ccccc4)N3C2=O)C[C@@H]2c3cccc4[nH]cc(c34)C[C@H]21,0,O=C(NC1OC2C3CCCN3C(=O)C(Cc3ccccc3)N2C1=O)C1CNC2Cc3c[nH]c4cccc(c34)C2C1,0.4388461538461539,0,0.022570511998852544
CCN(CC)C(=O)N[C@H]1C[C@@H]2c3cccc4[nH]cc(c34)C[C@H]2N(C)C1,0,c1cc2c3c(c[nH]c3c1)CC1NCCCC21,O=C(NC1CCN(CCc2c[nH]c3ccccc23)CC1)c1ccccc1,0,O=C(NC1CCN(CCc2c[nH]c3ccccc23)CC1)c1ccccc1,0.32311688311688314,0,0.14416779343104835
CCN(CC)C(=O)N[C@H]1C[C@@H]2c3cccc4[nH]cc(c34)C[C@H]2N(C)C1,0,c1cc2c3c(c[nH]c3c1)CC1NCCCC21,CN1C[C@H](C(=O)N[C@]2(C)O[C@@]3(O)[C@@H]4CCCN4C(=O)[C@H](Cc4ccccc4)N3C2=O)C=C2c3cccc4[nH]cc(c34)C[C@H]21,0,O=C(NC1OC2C3CCCN3C(=O)C(Cc3ccccc3)N2C1=O)C1C=C2c3cccc4[nH]cc(c34)CC2NC1,0.32144192256341786,0,0.05382336211704625
Cc1ccnc2c1NC(=O)c1cccnc1N2C1CC1,1,O=C1Nc2cccnc2N(C2CC2)c2ncccc21,CN1C(=O)CC[C@H]1c1cccnc1,0,O=C1CCC(c2cccnc2)N1,0.2535685645549319,1,0.7805143346439327
Cc1ccnc2c1NC(=O)c1cccnc1N2C1CC1,1,O=C1Nc2cccnc2N(C2CC2)c2ncccc21,CN1CCC(=C2c3ccccc3CCc3cccnc32)CC1,0,c1ccc2c(c1)CCc1cccnc1C2=C1CCNCC1,0.22980392156862747,1,0.5620586109549972
Cc1ccnc2c1NC(=O)c1cccnc1N2C1CC1,1,O=C1Nc2cccnc2N(C2CC2)c2ncccc21,CC[C@@]1(c2ccncc2)CCC(=O)NC1=O,0,O=C1CCC(c2ccncc2)C(=O)N1,0.20335320417287633,1,0.7734850315649914
Cc1ccnc2c1NC(=O)c1cccnc1N2C1CC1,1,O=C1Nc2cccnc2N(C2CC2)c2ncccc21,CCOC(=O)N1CCC(=C2c3ccc(Cl)cc3CCc3cccnc32)CC1,0,c1ccc2c(c1)CCc1cccnc1C2=C1CCNCC1,0.20122807017543862,1,0.5629548261152477
CCCSc1ccc2nc(NC(=O)OC)[nH]c2c1,1,c1ccc2[nH]cnc2c1,COC(=O)Nc1nc2cc(C(=O)c3ccccc3)ccc2[nH]1,0,O=C(c1ccccc1)c1ccc2[nH]cnc2c1,0.4850649350649351,1,0.8135718537459963
CCCSc1ccc2nc(NC(=O)OC)[nH]c2c1,1,c1ccc2[nH]cnc2c1,COc1ccnc(C[S@H](=O)c2nc3ccc(OC(F)F)cc3[nH]2)c1OC,0,O=[SH](Cc1ccccn1)c1nc2ccccc2[nH]1,0.28214285714285714,1,0.8159697338254207
CCCSc1ccc2nc(NC(=O)OC)[nH]c2c1,1,c1ccc2[nH]cnc2c1,COCCCOc1ccnc(C[S@@H](=O)c2nc3ccccc3[nH]2)c1C,0,O=[SH](Cc1ccccn1)c1nc2ccccc2[nH]1,0.259952380952381,0,0.44838323856539636
CCCSc1ccc2nc(NC(=O)OC)[nH]c2c1,1,c1ccc2[nH]cnc2c1,CCCCOC(=O)C(=O)Nc1cccc(-c2nnn[nH]2)c1,0,c1ccc(-c2nnn[nH]2)cc1,0.23281913704448914,1,0.5468733283451801
N[C@@H](Cc1cc(I)c(Oc2ccc(O)c(I)c2)c(I)c1)C(=O)O,0,c1ccc(Oc2ccccc2)cc1,C[C@@H](CCc1ccccc1)NC[C@H](O)c1ccc(O)c(C(N)=O)c1,0,c1ccc(CCCNCCc2ccccc2)cc1,0.2230358504958047,0,0.12952777101611748
N[C@@H](Cc1cc(I)c(Oc2ccc(O)c(I)c2)c(I)c1)C(=O)O,0,c1ccc(Oc2ccccc2)cc1,CC(C)(Oc1ccc(Cl)cc1)C(=O)O,0,c1ccccc1,0.21037037037037037,0,0.052631446725463604
N[C@@H](Cc1cc(I)c(Oc2ccc(O)c(I)c2)c(I)c1)C(=O)O,0,c1ccc(Oc2ccccc2)cc1,C[C@H](N)Cc1ccccc1,0,c1ccccc1,0.20476190476190478,0,0.021084198140050393
N[C@@H](Cc1cc(I)c(Oc2ccc(O)c(I)c2)c(I)c1)C(=O)O,0,c1ccc(Oc2ccccc2)cc1,CC(C)(Oc1ccc(CCNC(=O)c2ccc(Cl)cc2)cc1)C(=O)O,0,O=C(NCCc1ccccc1)c1ccccc1,0.2041394335511983,0,0.04286760693300239
O=C1Nc2ccc(Cl)cc2[C@@](C#CC2CC2)(C(F)(F)F)O1,0,O=C1Nc2ccccc2C(C#CC2CC2)O1,O=C1NCCN1CCN1CCC(c2cn(-c3ccc(F)cc3)c3ccc(Cl)cc23)CC1,0,O=C1NCCN1CCN1CCC(c2cn(-c3ccccc3)c3ccccc23)CC1,0.20969227934402063,0,0.035997582336366137
O=C1Nc2ccc(Cl)cc2[C@@](C#CC2CC2)(C(F)(F)F)O1,0,O=C1Nc2ccccc2C(C#CC2CC2)O1,O=c1[nH]c2ccccc2n1CCCN1CCC(n2c(=O)[nH]c3cc(Cl)ccc32)CC1,0,O=c1[nH]c2ccccc2n1CCCN1CCC(n2c(=O)[nH]c3ccccc32)CC1,0.19748376623376626,0,0.14898655721103254
O=C1Nc2ccc(Cl)cc2[C@@](C#CC2CC2)(C(F)(F)F)O1,0,O=C1Nc2ccccc2C(C#CC2CC2)O1,O=C1C(=O)c2ccccc2C(O)=C1C1CCC(c2ccc(Cl)cc2)CC1,0,O=C1C(=O)c2ccccc2C=C1C1CCC(c2ccccc2)CC1,0.19730639730639732,0,0.23806932186638632
O=C1Nc2ccc(Cl)cc2[C@@](C#CC2CC2)(C(F)(F)F)O1,0,O=C1Nc2ccccc2C(C#CC2CC2)O1,O=C1CCc2ccc(OCCCCN3CCN(c4cccc(Cl)c4Cl)CC3)cc2N1,0,O=C1CCc2ccc(OCCCCN3CCN(c4ccccc4)CC3)cc2N1,0.18181475903614458,0,0.034560639880358596
Nc1nc(NC2CC2)c2ncn([C@H]3C=C[C@@H](CO)C3)c2n1,0,C1=CC(n2cnc3c(NC4CC4)ncnc32)CC1,CC(C)Cn1cnc2c(N)nc3ccccc3c21,0,c1ccc2c(c1)ncc1nc[nH]c12,0.19584415584415585,0,0.0031378301043096875
Nc1nc(NC2CC2)c2ncn([C@H]3C=C[C@@H](CO)C3)c2n1,0,C1=CC(n2cnc3c(NC4CC4)ncnc32)CC1,C[C@H](Cn1cnc2c(N)ncnc21)OCP(=O)(O)O,0,c1ncc2nc[nH]c2n1,0.18951412429378534,0,0.00531190794522251
Nc1nc(NC2CC2)c2ncn([C@H]3C=C[C@@H](CO)C3)c2n1,0,C1=CC(n2cnc3c(NC4CC4)ncnc32)CC1,Nc1c(Br)cc(Br)cc1CNC1CCC(O)CC1,0,c1ccc(CNC2CCCCC2)cc1,0.1716849451645065,0,0.034969196079312176
Nc1nc(NC2CC2)c2ncn([C@H]3C=C[C@@H](CO)C3)c2n1,0,C1=CC(n2cnc3c(NC4CC4)ncnc32)CC1,COc1ccc(CCN2CCC(Nc3nc4ccccc4n3Cc3ccc(F)cc3)CC2)cc1,0,c1ccc(CCN2CCC(Nc3nc4ccccc4n3Cc3ccccc3)CC2)cc1,0.14928636501670212,0,0.002643372105479669
Cc1ccccc1-n1c(C)nc2ccccc2c1=O,0,O=c1c2ccccc2ncn1-c1ccccc1,Nc1c2c(nc3ccccc13)CCCC2,0,c1ccc2nc3c(cc2c1)CCCC3,0.28322981366459626,0,0.03303281626518073
Cc1ccccc1-n1c(C)nc2ccccc2c1=O,0,O=c1c2ccccc2ncn1-c1ccccc1,CC(C)Cn1cnc2c(N)nc3ccccc3c21,0,c1ccc2c(c1)ncc1nc[nH]c12,0.25523349436392917,0,0.01844223377437019
Cc1ccccc1-n1c(C)nc2ccccc2c1=O,0,O=c1c2ccccc2ncn1-c1ccccc1,CCOCc1nc2c(N)nc3ccccc3c2n1CC(C)(C)O,0,c1ccc2c(c1)ncc1nc[nH]c12,0.24177777777777779,0,0.018811237339248745
Cc1ccccc1-n1c(C)nc2ccccc2c1=O,0,O=c1c2ccccc2ncn1-c1ccccc1,Cc1nnc2n1-c1ccc(Cl)cc1C(c1ccccc1)=NC2,0,c1ccc(C2=NCc3nncn3-c3ccccc32)cc1,0.23714075165806928,0,0.17772883647376794
COCC(=O)O[C@]1(CCN(C)CCCc2nc3ccccc3[nH]2)CCc2cc(F)ccc2[C@@H]1C(C)C,0,c1ccc2c(c1)CCC(CCNCCCc1nc3ccccc3[nH]1)C2,COCCCOc1ccnc(C[S@@H](=O)c2nc3ccccc3[nH]2)c1C,0,O=[SH](Cc1ccccn1)c1nc2ccccc2[nH]1,0.24017957351290686,0,0.03650276102223938
COCC(=O)O[C@]1(CCN(C)CCCc2nc3ccccc3[nH]2)CCc2cc(F)ccc2[C@@H]1C(C)C,0,c1ccc2c(c1)CCC(CCNCCCc1nc3ccccc3[nH]1)C2,COC(=O)Nc1nc2cc(C(=O)c3ccccc3)ccc2[nH]1,0,O=C(c1ccccc1)c1ccc2[nH]cnc2c1,0.21804015582858857,0,0.032788240802265806
COCC(=O)O[C@]1(CCN(C)CCCc2nc3ccccc3[nH]2)CCc2cc(F)ccc2[C@@H]1C(C)C,0,c1ccc2c(c1)CCC(CCNCCCc1nc3ccccc3[nH]1)C2,O=c1[nH]c2ccccc2n1C1CCN(CCCC(c2ccc(F)cc2)c2ccc(F)cc2)CC1,0,O=c1[nH]c2ccccc2n1C1CCN(CCCC(c2ccccc2)c2ccccc2)CC1,0.21514038310154815,0,0.0216341462061782
COCC(=O)O[C@]1(CCN(C)CCCc2nc3ccccc3[nH]2)CCc2cc(F)ccc2[C@@H]1C(C)C,0,c1ccc2c(c1)CCC(CCNCCCc1nc3ccccc3[nH]1)C2,COC(=O)C1=C(C)NC(C)=C(C(=O)OC(C)(C)CN(C)CCC(c2ccccc2)c2ccccc2)[C@H]1c1cccc([N+](=O)[O-])c1,0,O=C(OCCNCCC(c1ccccc1)c1ccccc1)C1=CNC=CC1c1ccccc1,0.21378446115288222,0,0.010852697915385824
CC(C)(C)NC[C@H](O)COc1cccc2c1CCC(=O)N2,0,O=C1CCc2ccccc2N1,CC(C)(C)NC[C@H](O)COc1ccccc1C#N,0,c1ccccc1,0.5310938845822567,0,0.047252200057143506
CC(C)(C)NC[C@H](O)COc1cccc2c1CCC(=O)N2,0,O=C1CCc2ccccc2N1,CC(C)(C)NC[C@H](O)COc1ccccc1C1CCCC1,0,c1ccc(C2CCCC2)cc1,0.511164274322169,0,0.020742599404152233
CC(C)(C)NC[C@H](O)COc1cccc2c1CCC(=O)N2,0,O=C1CCc2ccccc2N1,Cc1ccc(Cl)c(OC[C@@H](O)CNC(C)(C)C)c1,0,c1ccccc1,0.4425438596491228,0,0.02004168148927465
CC(C)(C)NC[C@H](O)COc1cccc2c1CCC(=O)N2,0,O=C1CCc2ccccc2N1,CC(C)NC[C@H](O)COc1cccc2ccccc12,0,c1ccc2ccccc2c1,0.37170228445099485,0,0.019347680591216693
Cc1ccc(C(=O)c2cc(O)c(O)c([N+](=O)[O-])c2)cc1,0,O=C(c1ccccc1)c1ccccc1,CCN(CC)C(=O)/C(C#N)=C\c1cc(O)c(O)c([N+](=O)[O-])c1,0,c1ccccc1,0.3832752613240419,0,0.10753979570271112
Cc1ccc(C(=O)c2cc(O)c(O)c([N+](=O)[O-])c2)cc1,0,O=C(c1ccccc1)c1ccccc1,COC(=O)C1=C(C)NC(C)=C(C(=O)OC)C1c1ccccc1[N+](=O)[O-],0,C1=CC(c2ccccc2)C=CN1,0.27595959595959596,0,0.03604302742546926
Cc1ccc(C(=O)c2cc(O)c(O)c([N+](=O)[O-])c2)cc1,0,O=C(c1ccccc1)c1ccccc1,CC(C)C(=O)Nc1ccc([N+](=O)[O-])c(C(F)(F)F)c1,0,c1ccccc1,0.2715151515151515,0,0.10422211879608992
Cc1ccc(C(=O)c2cc(O)c(O)c([N+](=O)[O-])c2)cc1,0,O=C(c1ccccc1)c1ccccc1,C[C@@H](C(=O)O)c1cccc(C(=O)c2ccccc2)c1,0,O=C(c1ccccc1)c1ccccc1,0.25537782680639826,0,0.10990519988159397
C[C@@H](C(=O)O)c1cccc(C(=O)c2ccccc2)c1,0,O=C(c1ccccc1)c1ccccc1,C[C@H](N)C(=O)c1ccccc1,0,c1ccccc1,0.3914285714285715,1,0.5624349941366678
C[C@@H](C(=O)O)c1cccc(C(=O)c2ccccc2)c1,0,O=C(c1ccccc1)c1ccccc1,COC(=O)Nc1nc2cc(C(=O)c3ccccc3)ccc2[nH]1,0,O=C(c1ccccc1)c1ccc2[nH]cnc2c1,0.32248062015503876,0,0.3636813131643588
C[C@@H](C(=O)O)c1cccc(C(=O)c2ccccc2)c1,0,O=C(c1ccccc1)c1ccccc1,NC(=O)OCC(COC(N)=O)c1ccccc1,0,c1ccccc1,0.2922108575924469,0,0.2109721043365347
C[C@@H](C(=O)O)c1cccc(C(=O)c2ccccc2)c1,0,O=C(c1ccccc1)c1ccccc1,C[C@@H](NC(C)(C)C)C(=O)c1cccc(Cl)c1,0,c1ccccc1,0.2908466819221968,0,0.36418638409623116
CC(C)OC(=O)C(C)(C)Oc1ccc(C(=O)c2ccc(Cl)cc2)cc1,0,O=C(c1ccccc1)c1ccccc1,CCOC(=O)C(C)(C)Oc1ccc(Cl)cc1,0,c1ccccc1,0.5671274961597543,0,0.05566539044369103
CC(C)OC(=O)C(C)(C)Oc1ccc(C(=O)c2ccc(Cl)cc2)cc1,0,O=C(c1ccccc1)c1ccccc1,CC(C)(Oc1ccc(Cl)cc1)C(=O)O,0,c1ccccc1,0.5064449064449065,0,0.07698694119589554
CC(C)OC(=O)C(C)(C)Oc1ccc(C(=O)c2ccc(Cl)cc2)cc1,0,O=C(c1ccccc1)c1ccccc1,CC(C)(Oc1ccc(CCNC(=O)c2ccc(Cl)cc2)cc1)C(=O)O,0,O=C(NCCc1ccccc1)c1ccccc1,0.41525491770373346,0,0.1411479573470152
CC(C)OC(=O)C(C)(C)Oc1ccc(C(=O)c2ccc(Cl)cc2)cc1,0,O=C(c1ccccc1)c1ccccc1,CC(C)(Oc1ccc([C@@H]2CC2(Cl)Cl)cc1)C(=O)O,0,c1ccc(C2CC2)cc1,0.3212121212121212,0,0.07044010752806198
CN1CC(=O)N2[C@H](c3ccc4c(c3)OCO4)c3[nH]c4ccccc4c3C[C@@H]2C1=O,0,O=C1NCC(=O)N2C1Cc1c([nH]c3ccccc13)C2c1ccc2c(c1)OCO2,CC(C)(C)[C@@H](O)/C=C\c1ccc2c(c1)OCO2,0,c1ccc2c(c1)OCO2,0.2220758693361433,0,0.08366060497133752
CN1CC(=O)N2[C@H](c3ccc4c(c3)OCO4)c3[nH]c4ccccc4c3C[C@@H]2C1=O,0,O=C1NCC(=O)N2C1Cc1c([nH]c3ccccc13)C2c1ccc2c(c1)OCO2,Fc1ccc([C@@H]2CCNC[C@H]2COc2ccc3c(c2)OCO3)cc1,0,c1ccc(C2CCNCC2COc2ccc3c(c2)OCO3)cc1,0.22188107267780804,0,0.10274420656576357
CN1CC(=O)N2[C@H](c3ccc4c(c3)OCO4)c3[nH]c4ccccc4c3C[C@@H]2C1=O,0,O=C1NCC(=O)N2C1Cc1c([nH]c3ccccc13)C2c1ccc2c(c1)OCO2,COC(=O)[C@H]1[C@H]2C[C@@H]3c4[nH]c5cc(OC)ccc5c4CCN3C[C@H]2C[C@@H](OC(=O)c2cc(OC)c(OC)c(OC)c2)[C@@H]1OC,0,O=C(OC1CCC2CC3c4[nH]c5ccccc5c4CCN3CC2C1)c1ccccc1,0.22150426466787287,0,0.00426315982614418
CN1CC(=O)N2[C@H](c3ccc4c(c3)OCO4)c3[nH]c4ccccc4c3C[C@@H]2C1=O,0,O=C1NCC(=O)N2C1Cc1c([nH]c3ccccc13)C2c1ccc2c(c1)OCO2,CC[C@]1(O)C[C@H]2CN(CCc3c([nH]c4ccccc34)[C@@](C(=O)OC)(c3cc4c(cc3OC)N(C)[C@H]3[C@@](O)(C(=O)OC)[C@H](OC(C)=O)[C@]5(CC)C=CCN6CC[C@]43[C@@H]65)C2)C1,0,C1=CC2CCC3Nc4ccc(C5CC6CCCN(CCc7c5[nH]c5ccccc75)C6)cc4C34CCN(C1)C24,0.21746382978723403,0,0.0014424578866887926
COc1cc(NCc2ccc3nc(N)nc(N)c3c2C)cc(OC)c1OC,0,c1ccc(NCc2ccc3ncncc3c2)cc1,COc1ccc(Cc2nccc3cc(OC)c(OC)cc23)cc1OC,0,c1ccc(Cc2nccc3ccccc23)cc1,0.21490196078431376,0,0.0930528855545992
COc1cc(NCc2ccc3nc(N)nc(N)c3c2C)cc(OC)c1OC,0,c1ccc(NCc2ccc3ncncc3c2)cc1,COc1ccnc(C[S@H](=O)c2nc3ccc(OC(F)F)cc3[nH]2)c1OC,0,O=[SH](Cc1ccccn1)c1nc2ccccc2[nH]1,0.21242424242424243,0,0.030024915404252693
COc1cc(NCc2ccc3nc(N)nc(N)c3c2C)cc(OC)c1OC,0,c1ccc(NCc2ccc3ncncc3c2)cc1,CCc1nc(N)nc(N)c1-c1ccc(Cl)cc1,0,c1ccc(-c2cncnc2)cc1,0.21200123724095266,0,0.07314753853812676
COc1cc(NCc2ccc3nc(N)nc(N)c3c2C)cc(OC)c1OC,0,c1ccc(NCc2ccc3ncncc3c2)cc1,COc1ncnc(NS(=O)(=O)c2ccc(N)cc2)c1OC,0,O=S(=O)(Nc1ccncn1)c1ccccc1,0.20651260504201682,0,0.06043381454500121
CC(C)(O)c1ccccc1CC[C@@H](SCC1(CC(=O)O)CC1)c1cccc(/C=C\c2ccc3ccc(Cl)cc3n2)c1,1,C(=Cc1ccc2ccccc2n1)c1cccc(C(CCc2ccccc2)SCC2CC2)c1,O=C(O)COCCN1CCN([C@H](c2ccccc2)c2ccc(Cl)cc2)CC1,0,c1ccc(C(c2ccccc2)N2CCNCC2)cc1,0.22226756047799479,1,0.5231387294728511
CC(C)(O)c1ccccc1CC[C@@H](SCC1(CC(=O)O)CC1)c1cccc(/C=C\c2ccc3ccc(Cl)cc3n2)c1,1,C(=Cc1ccc2ccccc2n1)c1cccc(C(CCc2ccccc2)SCC2CC2)c1,C[C@@H](NC(C)(C)C)C(=O)c1cccc(Cl)c1,0,c1ccccc1,0.19690154922538733,1,0.8373532131212996
CC(C)(O)c1ccccc1CC[C@@H](SCC1(CC(=O)O)CC1)c1cccc(/C=C\c2ccc3ccc(Cl)cc3n2)c1,1,C(=Cc1ccc2ccccc2n1)c1cccc(C(CCc2ccccc2)SCC2CC2)c1,CC(C)(Oc1ccc(Cl)cc1)C(=O)O,0,c1ccccc1,0.19179600886917958,1,0.5698610834751796
CC(C)(O)c1ccccc1CC[C@@H](SCC1(CC(=O)O)CC1)c1cccc(/C=C\c2ccc3ccc(Cl)cc3n2)c1,1,C(=Cc1ccc2ccccc2n1)c1cccc(C(CCc2ccccc2)SCC2CC2)c1,COCc1c(C(C)C)nc(C(C)C)c(/C=C\[C@@H](O)C[C@@H](O)CC(=O)O)c1-c1ccc(F)cc1,0,c1ccc(-c2ccncc2)cc1,0.1903030303030303,1,0.6309865810172901
CCOc1ccccc1OCCN[C@H](C)Cc1ccc(OC)c(S(N)(=O)=O)c1,0,c1ccc(CCNCCOc2ccccc2)cc1,CCN[C@H](C)Cc1cccc(C(F)(F)F)c1,0,c1ccccc1,0.31149825783972124,0,0.1247733187702196
CCOc1ccccc1OCCN[C@H](C)Cc1ccc(OC)c(S(N)(=O)=O)c1,0,c1ccc(CCNCCOc2ccccc2)cc1,CN[C@@H](C)Cc1ccccc1,0,c1ccccc1,0.2756756756756757,0,0.11160401059499525
CCOc1ccccc1OCCN[C@H](C)Cc1ccc(OC)c(S(N)(=O)=O)c1,0,c1ccc(CCNCCOc2ccccc2)cc1,CCN1CCC[C@@H]1CNC(=O)c1cc(S(N)(=O)=O)ccc1OC,0,O=C(NCC1CCCN1)c1ccccc1,0.27422975877716743,0,0.1730118818983578
CCOc1ccccc1OCCN[C@H](C)Cc1ccc(OC)c(S(N)(=O)=O)c1,0,c1ccc(CCNCCOc2ccccc2)cc1,CCOc1ccccc1O[C@H](c1ccccc1)[C@H]1CNCCO1,0,c1ccc(OC(c2ccccc2)C2CNCCO2)cc1,0.26639247943595773,0,0.13142846243443315
CN(CCOc1ccc(NS(C)(=O)=O)cc1)CCc1ccc(NS(C)(=O)=O)cc1,0,c1ccc(CCNCCOc2ccccc2)cc1,CCCCCCCN(CC)CCC[C@@H](O)c1ccc(NS(C)(=O)=O)cc1,0,c1ccccc1,0.34853620955315867,0,0.13456143862790948
CN(CCOc1ccc(NS(C)(=O)=O)cc1)CCc1ccc(NS(C)(=O)=O)cc1,0,c1ccc(CCNCCOc2ccccc2)cc1,COCCc1ccc(OC[C@@H](O)CNC(C)C)cc1,0,c1ccccc1,0.2857858933046903,0,0.12330425457163455
CN(CCOc1ccc(NS(C)(=O)=O)cc1)CCc1ccc(NS(C)(=O)=O)cc1,0,c1ccc(CCNCCOc2ccccc2)cc1,COc1ccc(CCN(C)CCC[C@@](C#N)(c2cc(OC)c(OC)c(OC)c2)C(C)C)cc1OC,0,c1ccc(CCCCNCCc2ccccc2)cc1,0.2636150234741784,0,0.22398622867428056
CN(CCOc1ccc(NS(C)(=O)=O)cc1)CCc1ccc(NS(C)(=O)=O)cc1,0,c1ccc(CCNCCOc2ccccc2)cc1,CC(C)NC[C@H](O)COc1ccc(CCOCC2CC2)cc1,0,c1ccc(CCOCC2CC2)cc1,0.25660377358490566,0,0.104954263942845
C=C(c1ccc(C(=O)O)cc1)c1cc2c(cc1C)C(C)(C)CCC2(C)C,0,C=C(c1ccccc1)c1ccc2c(c1)CCCC2,CCCN(CCC)S(=O)(=O)c1ccc(C(=O)O)cc1,0,c1ccccc1,0.2998918918918919,0,0.2295014125962102
C=C(c1ccc(C(=O)O)cc1)c1cc2c(cc1C)C(C)(C)CCC2(C)C,0,C=C(c1ccccc1)c1ccc2c(c1)CCCC2,O=C(O)c1ccc(OCCn2ccnc2)cc1,0,c1ccc(OCCn2ccnc2)cc1,0.24103343465045593,0,0.09350863637511451
C=C(c1ccc(C(=O)O)cc1)c1cc2c(cc1C)C(C)(C)CCC2(C)C,0,C=C(c1ccccc1)c1ccc2c(c1)CCCC2,O=C(O)c1ccccc1O,0,c1ccccc1,0.22855297157622742,0,0.2523443885417206
C=C(c1ccc(C(=O)O)cc1)c1cc2c(cc1C)C(C)(C)CCC2(C)C,0,C=C(c1ccccc1)c1ccc2c(c1)CCCC2,C[C@@H](C(=O)O)c1cccc(C(=O)c2ccccc2)c1,0,O=C(c1ccccc1)c1ccccc1,0.2222672064777328,0,0.4434447341987712
CCCCN(CCCC)C[C@@H](O)c1cc(Cl)cc2c1-c1ccc(Cl)cc1/C2=C\c1ccc(Cl)cc1,0,C(=C1c2ccccc2-c2ccccc21)c1ccccc1,CCCCN(CCCC)CC[C@H](O)c1cc2c(Cl)cc(Cl)cc2c2cc(C(F)(F)F)ccc12,0,c1ccc2c(c1)ccc1ccccc12,0.35854700854700855,0,0.07126774772742919
CCCCN(CCCC)C[C@@H](O)c1cc(Cl)cc2c1-c1ccc(Cl)cc1/C2=C\c1ccc(Cl)cc1,0,C(=C1c2ccccc2-c2ccccc21)c1ccccc1,CCCCCCCN(CC)CCC[C@@H](O)c1ccc(NS(C)(=O)=O)cc1,0,c1ccccc1,0.26948356807511736,0,0.07782626286924459
CCCCN(CCCC)C[C@@H](O)c1cc(Cl)cc2c1-c1ccc(Cl)cc1/C2=C\c1ccc(Cl)cc1,0,C(=C1c2ccccc2-c2ccccc21)c1ccccc1,CCN(CCO)CCC[C@H](C)Nc1ccnc2cc(Cl)ccc12,0,c1ccc2ncccc2c1,0.2548717948717949,0,0.04589338981852964
CCCCN(CCCC)C[C@@H](O)c1cc(Cl)cc2c1-c1ccc(Cl)cc1/C2=C\c1ccc(Cl)cc1,0,C(=C1c2ccccc2-c2ccccc21)c1ccccc1,CCN(CC)CCC[C@H](C)Nc1ccnc2cc(Cl)ccc12,0,c1ccc2ncccc2c1,0.2507349454717876,0,0.10736976696868215
CN(C)CC[C@H](c1ccc(Cl)cc1)c1ccccn1,0,c1ccc(Cc2ccccn2)cc1,CN(C)CCOC(c1ccccc1)c1ccccc1,0,c1ccc(Cc2ccccc2)cc1,0.32166666666666666,0,0.19196934354749223
CN(C)CC[C@H](c1ccc(Cl)cc1)c1ccccn1,0,c1ccc(Cc2ccccn2)cc1,CN(C)CCCN1c2ccccc2Sc2ccc(Cl)cc21,0,c1ccc2c(c1)Nc1ccccc1S2,0.29728867623604466,0,0.2960262219203671
CN(C)CC[C@H](c1ccc(Cl)cc1)c1ccccn1,0,c1ccc(Cc2ccccn2)cc1,Cc1ccccc1[C@H](OCCN(C)C)c1ccccc1,0,c1ccc(Cc2ccccc2)cc1,0.28193202146690516,0,0.19701987104436472
CN(C)CC[C@H](c1ccc(Cl)cc1)c1ccccn1,0,c1ccc(Cc2ccccn2)cc1,CN(C)CC(Oc1ccccc1)Oc1ccccc1,0,c1ccc(OCOc2ccccc2)cc1,0.2761111111111111,0,0.20546320544349622
CC(C)N(CC[C@@](C(N)=O)(c1ccccc1)c1ccccn1)C(C)C,1,c1ccc(Cc2ccccn2)cc1,CCCC(C(=O)OCCN(CC)CC)(c1ccccc1)c1ccccc1,0,c1ccc(Cc2ccccc2)cc1,0.32728635682158924,0,0.428797393192654
CC(C)N(CC[C@@](C(N)=O)(c1ccccc1)c1ccccn1)C(C)C,1,c1ccc(Cc2ccccn2)cc1,CN(C)CC[C@H](c1ccc(Cl)cc1)c1ccccn1,0,c1ccc(Cc2ccccn2)cc1,0.29594202898550726,0,0.4339964988054859
CC(C)N(CC[C@@](C(N)=O)(c1ccccc1)c1ccccn1)C(C)C,1,c1ccc(Cc2ccccn2)cc1,C[C@H](N)C(=O)c1ccccc1,0,c1ccccc1,0.2622448979591837,1,0.546569293171924
CC(C)N(CC[C@@](C(N)=O)(c1ccccc1)c1ccccn1)C(C)C,1,c1ccc(Cc2ccccn2)cc1,Cc1ccc(/C(=C/CN2CCCC2)c2ccccn2)cc1,0,C(CN1CCCC1)=C(c1ccccc1)c1ccccn1,0.25414141414141417,1,0.5604205432671945
CCCCc1nc(Cl)c(CO)n1Cc1ccc(-c2ccccc2-c2nnn[nH]2)cc1,1,c1ccc(-c2nnn[nH]2)c(-c2ccc(Cn3ccnc3)cc2)c1,Cc1nc(C)c2c(n1)N(Cc1ccc(-c3ccccc3-c3nnn[nH]3)cc1)C(=O)CC2,0,O=C1CCc2cncnc2N1Cc1ccc(-c2ccccc2-c2nnn[nH]2)cc1,0.433445945945946,1,0.7674535729783265
CCCCc1nc(Cl)c(CO)n1Cc1ccc(-c2ccccc2-c2nnn[nH]2)cc1,1,c1ccc(-c2nnn[nH]2)c(-c2ccc(Cn3ccnc3)cc2)c1,CCCCOC(=O)C(=O)Nc1cccc(-c2nnn[nH]2)c1,0,c1ccc(-c2nnn[nH]2)cc1,0.30479183032207385,0,0.49973089572700813
CCCCc1nc(Cl)c(CO)n1Cc1ccc(-c2ccccc2-c2nnn[nH]2)cc1,1,c1ccc(-c2nnn[nH]2)c(-c2ccc(Cn3ccnc3)cc2)c1,CCCc1nc2c(C)cc(-c3nc4ccccc4n3C)cc2n1Cc1ccc(-c2ccccc2C(=O)O)cc1,0,c1ccc(-c2ccc(Cn3cnc4ccc(-c5nc6ccccc6[nH]5)cc43)cc2)cc1,0.3028213166144201,0,0.45628749006049907
CCCCc1nc(Cl)c(CO)n1Cc1ccc(-c2ccccc2-c2nnn[nH]2)cc1,1,c1ccc(-c2nnn[nH]2)c(-c2ccc(Cn3ccnc3)cc2)c1,CCCCc1ncc(/C=C(/Cc2cccs2)C(=O)O)n1Cc1ccc(C(=O)O)cc1,0,C(=Cc1cncn1Cc1ccccc1)Cc1cccs1,0.26825100963032,1,0.6913841619351504
CCCCC1C(=O)N(c2ccccc2)N(c2ccccc2)C1=O,1,O=C1CC(=O)N(c2ccccc2)N1c1ccccc1,CCC[C@H]1C(=O)N2C(N(C)C)=Nc3ccc(C)cc3N2C1=O,0,O=C1CC(=O)N2c3ccccc3N=CN12,0.35555555555555557,1,0.8615757767465502
CCCCC1C(=O)N(c2ccccc2)N(c2ccccc2)C1=O,1,O=C1CC(=O)N(c2ccccc2)N1c1ccccc1,CC[C@]1(c2ccccc2)C(=O)NC(=O)N(C)C1=O,0,O=C1NC(=O)C(c2ccccc2)C(=O)N1,0.28369565217391307,1,0.6112093975969856
CCCCC1C(=O)N(c2ccccc2)N(c2ccccc2)C1=O,1,O=C1CC(=O)N(c2ccccc2)N1c1ccccc1,CCc1ccccc1,0,c1ccccc1,0.2790513833992095,1,0.5085019621930925
CCCCC1C(=O)N(c2ccccc2)N(c2ccccc2)C1=O,1,O=C1CC(=O)N(c2ccccc2)N1c1ccccc1,O=C1c2ccccc2C(=O)c2ccccc21,0,O=C1c2ccccc2C(=O)c2ccccc21,0.26956521739130435,1,0.6795577505323351
COCc1c(C(=O)OC(C)C)ncc2[nH]c3ccc(OCc4ccccc4)cc3c12,0,c1ccc(COc2ccc3[nH]c4cnccc4c3c2)cc1,CCOC(=O)c1cncn1[C@H](C)c1ccccc1,0,c1ccc(Cn2ccnc2)cc1,0.248140350877193,0,0.005374506033619987
COCc1c(C(=O)OC(C)C)ncc2[nH]c3ccc(OCc4ccccc4)cc3c12,0,c1ccc(COc2ccc3[nH]c4cnccc4c3c2)cc1,CC(C)Oc1ccc2c(=O)c(-c3ccccc3)coc2c1,0,O=c1c(-c2ccccc2)coc2ccccc12,0.242,0,0.003139093696290463
COCc1c(C(=O)OC(C)C)ncc2[nH]c3ccc(OCc4ccccc4)cc3c12,0,c1ccc(COc2ccc3[nH]c4cnccc4c3c2)cc1,COCCOC(=O)C1=C(C)NC(C)=C(C(=O)OC(C)C)[C@@H]1c1cccc([N+](=O)[O-])c1,0,C1=CC(c2ccccc2)C=CN1,0.24057971014492754,0,0.08565613006505383
COCc1c(C(=O)OC(C)C)ncc2[nH]c3ccc(OCc4ccccc4)cc3c12,0,c1ccc(COc2ccc3[nH]c4cnccc4c3c2)cc1,COC(=O)Nc1nc2cc(C(=O)c3ccccc3)ccc2[nH]1,0,O=C(c1ccccc1)c1ccc2[nH]cnc2c1,0.23947200340642966,0,0.021926259424176975
O=C(CO)NCCCOc1cccc(CN2CCCCC2)c1,0,c1ccc(CN2CCCCC2)cc1,O=C(c1ccc(OCCN2CCCCC2)cc1)c1c(-c2ccc(O)cc2)sc2cc(O)ccc12,0,O=C(c1ccc(OCCN2CCCCC2)cc1)c1c(-c2ccccc2)sc2ccccc12,0.29051909051909053,0,0.0016084750663534681
O=C(CO)NCCCOc1cccc(CN2CCCCC2)c1,0,c1ccc(CN2CCCCC2)cc1,O=C1CCc2ccc(OCCCCN3CCN(c4cccc(Cl)c4Cl)CC3)cc2N1,0,O=C1CCc2ccc(OCCCCN3CCN(c4ccccc4)CC3)cc2N1,0.26573839662447263,0,0.015243595917236334
O=C(CO)NCCCOc1cccc(CN2CCCCC2)c1,0,c1ccc(CN2CCCCC2)cc1,COc1cc2c(cc1OC)C(=O)[C@H](CC1CCN(Cc3ccccc3)CC1)C2,0,O=C1c2ccccc2CC1CC1CCN(Cc2ccccc2)CC1,0.2607068607068607,0,0.026226906552504474
O=C(CO)NCCCOc1cccc(CN2CCCCC2)c1,0,c1ccc(CN2CCCCC2)cc1,Cc1ccc(C(=O)[C@H](C)CN2CCCCC2)cc1,0,O=C(CCN1CCCCC1)c1ccccc1,0.2550546448087432,0,0.10537195966320194
CC(C)NC[C@H](O)COc1cccc2ccccc12,0,c1ccc2ccccc2c1,C=CCOc1ccccc1OC[C@@H](O)CNC(C)C,0,c1ccccc1,0.6303030303030304,0,0.06917892036315498
CC(C)NC[C@H](O)COc1cccc2ccccc12,0,c1ccc2ccccc2c1,C=CCc1ccccc1OC[C@@H](O)CNC(C)C,0,c1ccccc1,0.5938895417156287,0,0.06199123239365576
CC(C)NC[C@H](O)COc1cccc2ccccc12,0,c1ccc2ccccc2c1,COCCc1ccc(OC[C@@H](O)CNC(C)C)cc1,0,c1ccccc1,0.47497314715359834,0,0.034693983489398714
CC(C)NC[C@H](O)COc1cccc2ccccc12,0,c1ccc2ccccc2c1,CCCC(=O)Nc1ccc(OC[C@@H](O)CNC(C)C)c(C(C)=O)c1,0,c1ccccc1,0.4486549707602339,0,0.09762061119539107
CN(C/C=C/C#CC(C)(C)C)Cc1cccc2ccccc12,1,c1ccc2ccccc2c1,C#CCN(C)Cc1ccccc1,0,c1ccccc1,0.2757352941176471,1,0.6485593270924209
CN(C/C=C/C#CC(C)(C)C)Cc1cccc2ccccc12,1,c1ccc2ccccc2c1,C[C@@H](Cc1ccccc1)N(C)Cc1ccccc1,0,c1ccc(CCNCc2ccccc2)cc1,0.21951482479784368,1,0.7438656882689473
CN(C/C=C/C#CC(C)(C)C)Cc1cccc2ccccc12,1,c1ccc2ccccc2c1,CC(C)NC[C@H](O)COc1cccc2ccccc12,0,c1ccc2ccccc2c1,0.20878967561911405,1,0.5258870253355135
CN(C/C=C/C#CC(C)(C)C)Cc1cccc2ccccc12,1,c1ccc2ccccc2c1,CN(C)CCC=C1c2ccccc2C=Cc2ccccc21,0,C=C1c2ccccc2C=Cc2ccccc21,0.19676113360323885,1,0.6966285522175406
CNC(=O)Oc1cccc2ccccc12,1,c1ccc2ccccc2c1,CC(C)NC[C@H](O)COc1cccc2ccccc12,0,c1ccc2ccccc2c1,0.39428571428571435,1,0.5741935319683742
CNC(=O)Oc1cccc2ccccc12,1,c1ccc2ccccc2c1,CNC(=O)Oc1cc(C)c(SC)c(C)c1,0,c1ccccc1,0.3666666666666667,0,0.47536441659029793
CNC(=O)Oc1cccc2ccccc12,1,c1ccc2ccccc2c1,CC(=O)Nc1ccccc1,0,c1ccccc1,0.2662162162162162,1,0.5168162787665032
CNC(=O)Oc1cccc2ccccc12,1,c1ccc2ccccc2c1,CNC(=O)O/N=C(\C)SC,0,,0.24673485444531865,0,0.4975704856845997
COc1ccc2cc([C@H](C)C(=O)O)ccc2c1,1,c1ccc2ccccc2c1,C[C@@H](C(=O)O)c1cccc(C(=O)c2ccccc2)c1,0,O=C(c1ccccc1)c1ccccc1,0.44625000000000004,1,0.6852256847700657
COc1ccc2cc([C@H](C)C(=O)O)ccc2c1,1,c1ccc2ccccc2c1,CC(C)(Oc1ccc(Cl)cc1)C(=O)O,0,c1ccccc1,0.28242894056847545,1,0.5386858607471544
COc1ccc2cc([C@H](C)C(=O)O)ccc2c1,1,c1ccc2ccccc2c1,CC(C)(Oc1ccc([C@@H]2CC2(Cl)Cl)cc1)C(=O)O,0,c1ccc(C2CC2)cc1,0.2546003016591252,1,0.6937592315315092
COc1ccc2cc([C@H](C)C(=O)O)ccc2c1,1,c1ccc2ccccc2c1,C[C@H](N)C(=O)c1ccccc1,0,c1ccccc1,0.2529411764705882,1,0.7681893635933498
