query_smiles,query_label,query_scaffold,neighbor_smiles,neighbor_label,neighbor_scaffold,similarity,prediction,score
CCCC(=O)Nc1ccc(OC[C@@H](O)CNC(C)C)c(C(C)=O)c1,0,c1ccccc1,CCOc1ccc(NC(C)=O)cc1,1,c1ccccc1,0.3055137844611529,0,0.04041951977214164
CCCC(=O)Nc1ccc(OC[C@@H](O)CNC(C)C)c(C(C)=O)c1,0,c1ccccc1,CC(=O)Nc1ccc(O)cc1,1,c1ccccc1,0.23818181818181822,0,0.06788213440728169
CCCC(=O)Nc1ccc(OC[C@@H](O)CNC(C)C)c(C(C)=O)c1,0,c1ccccc1,CCOc1cc(CC(=O)N[C@@H](CC(C)C)c2ccccc2N2CCCCC2)ccc1C(=O)O,1,O=C(Cc1ccccc1)NCc1ccccc1N1CCCCC1,0.21882352941176472,0,0.07874253527855046
CCCC(=O)Nc1ccc(OC[C@@H](O)CNC(C)C)c(C(C)=O)c1,0,c1ccccc1,CCCSc1ccc2nc(NC(=O)OC)[nH]c2c1,1,c1ccc2[nH]cnc2c1,0.2040976460331299,0,0.06395224306593901
CC(=O)Oc1ccccc1C(=O)O,1,c1ccccc1,CNC(=O)Oc1cccc2ccccc12,1,c1ccc2ccccc2c1,0.3212121212121212,0,0.33962948221708134
CC(=O)Oc1ccccc1C(=O)O,1,c1ccccc1,CCOc1cc(CC(=O)N[C@@H](CC(C)C)c2ccccc2N2CCCCC2)ccc1C(=O)O,1,O=C(Cc1ccccc1)NCc1ccccc1N1CCCCC1,0.2760897435897436,1,0.5414798609050082
CC(=O)Oc1ccccc1C(=O)O,1,c1ccccc1,CCOc1nc2cccc(C(=O)O)c2n1Cc1ccc(-c2ccccc2-c2nnn[nH]2)cc1,1,c1ccc(-c2nnn[nH]2)c(-c2ccc(Cn3cnc4ccccc43)cc2)c1,0.2308286155429748,0,0.4269907632111899
CC(=O)Oc1ccccc1C(=O)O,1,c1ccccc1,CCOc1ccc(NC(C)=O)cc1,1,c1ccccc1,0.23015521064301553,0,0.27889432705672246
CC(=O)Nc1ccc(O)cc1,1,c1ccccc1,CCOc1ccc(NC(C)=O)cc1,1,c1ccccc1,0.5386666666666667,1,0.5005558407584109
CC(=O)Nc1ccc(O)cc1,1,c1ccccc1,CCN(CC)CC(=O)Nc1c(C)cccc1C,1,c1ccccc1,0.2509677419354839,0,0.3753983652470819
CC(=O)Nc1ccc(O)cc1,1,c1ccccc1,CC(C)/N=C(N)\N=C(/N)Nc1ccc(Cl)cc1,1,c1ccccc1,0.22076297686053784,0,0.23079857516143337
CC(=O)Nc1ccc(O)cc1,1,c1ccccc1,CC(=O)Oc1ccccc1C(=O)O,1,c1ccccc1,0.21895424836601307,0,0.36204476148338155
CC(=O)Nc1ccccc1,0,c1ccccc1,CC(=O)Nc1ccc(O)cc1,1,c1ccccc1,0.64,0,0.28000691451285237
CC(=O)Nc1ccccc1,0,c1ccccc1,CCOc1ccc(NC(C)=O)cc1,1,c1ccccc1,0.5333333333333333,0,0.1364790632572636
CC(=O)Nc1ccccc1,0,c1ccccc1,CC(=O)Oc1ccccc1C(=O)O,1,c1ccccc1,0.33017241379310347,0,0.13282877604054613
CC(=O)Nc1ccccc1,0,c1ccccc1,CCN(CC)CC(=O)Nc1c(C)cccc1C,1,c1ccccc1,0.302834008097166,0,0.2595469495815186
CC(C)(Oc1ccc(Cl)cc1)C(=O)O,0,c1ccccc1,COc1ccc2cc([C@H](C)C(=O)O)ccc2c1,1,c1ccc2ccccc2c1,0.28242894056847545,0,0.3912467727959022
CC(C)(Oc1ccc(Cl)cc1)C(=O)O,0,c1ccccc1,CCOc1ccc(NC(C)=O)cc1,1,c1ccccc1,0.2557280118255728,0,0.3971820059995517
CC(C)(Oc1ccc(Cl)cc1)C(=O)O,0,c1ccccc1,CC(=O)Oc1ccccc1C(=O)O,1,c1ccccc1,0.25272727272727274,0,0.46775433084001944
CC(C)(Oc1ccc(Cl)cc1)C(=O)O,0,c1ccccc1,CC(C)/N=C(N)\N=C(/N)Nc1ccc(Cl)cc1,1,c1ccccc1,0.22654462242562928,0,0.3189929422675178
CCOC(=O)C(C)(C)Oc1ccc(Cl)cc1,0,c1ccccc1,CCOc1ccc(NC(C)=O)cc1,1,c1ccccc1,0.3024665257223397,0,0.1295704714147863
CCOC(=O)C(C)(C)Oc1ccc(Cl)cc1,0,c1ccccc1,COc1ccc2cc([C@H](C)C(=O)O)ccc2c1,1,c1ccc2ccccc2c1,0.21326530612244898,0,0.21904287343285214
CCOC(=O)C(C)(C)Oc1ccc(Cl)cc1,0,c1ccccc1,CC(C)/N=C(N)\N=C(/N)Nc1ccc(Cl)cc1,1,c1ccccc1,0.20949432404540763,0,0.17272242453972766
CCOC(=O)C(C)(C)Oc1ccc(Cl)cc1,0,c1ccccc1,CCOP(=S)(OCC)Oc1nc(Cl)c(Cl)cc1Cl,1,c1ccncc1,0.20873180873180874,0,0.2562900953808301
CC(C)C(=O)Nc1ccc([N+](=O)[O-])c(C(F)(F)F)c1,0,c1ccccc1,CC(=O)Nc1ccc(O)cc1,1,c1ccccc1,0.26157461809635724,0,0.1277337146386921
CC(C)C(=O)Nc1ccc([N+](=O)[O-])c(C(F)(F)F)c1,0,c1ccccc1,CCOc1ccc(NC(C)=O)cc1,1,c1ccccc1,0.23765182186234818,0,0.10681387138263261
CC(C)C(=O)Nc1ccc([N+](=O)[O-])c(C(F)(F)F)c1,0,c1ccccc1,CC(=O)C[C@@H](c1ccc([N+](=O)[O-])cc1)c1c(O)c2ccccc2oc1=O,1,O=c1oc2ccccc2cc1Cc1ccccc1,0.1968472906403941,0,0.1903010823796721
CC(C)C(=O)Nc1ccc([N+](=O)[O-])c(C(F)(F)F)c1,0,c1ccccc1,Cc1ccc(-c2cc(C(F)(F)F)nn2-c2ccc(S(N)(=O)=O)cc2)cc1,1,c1ccc(-c2ccnn2-c2ccccc2)cc1,0.18405594405594408,0,0.3415643286792045
COCCCC/C(=N/OCCN)c1ccc(C(F)(F)F)cc1,0,c1ccccc1,CNCC[C@@H](Oc1ccc(C(F)(F)F)cc1)c1ccccc1,1,c1ccc(COc2ccccc2)cc1,0.2415147265077139,0,0.0007484041330212175
COCCCC/C(=N/OCCN)c1ccc(C(F)(F)F)cc1,0,c1ccccc1,CN(C)CCOc1ccc(/C(=C(\CCCl)c2ccccc2)c2ccccc2)cc1,1,C(=C(c1ccccc1)c1ccccc1)c1ccccc1,0.16838032061912658,0,0.0024492465085599628
COCCCC/C(=N/OCCN)c1ccc(C(F)(F)F)cc1,0,c1ccccc1,COc1ccccc1Oc1c(NS(=O)(=O)c2ccc(C(C)(C)C)cc2)nc(-c2ncccn2)nc1OCCO,1,O=S(=O)(Nc1nc(-c2ncccn2)ncc1Oc1ccccc1)c1ccccc1,0.15747899159663867,0,0.0006373630528474366
COCCCC/C(=N/OCCN)c1ccc(C(F)(F)F)cc1,0,c1ccccc1,CC/C(=C(/c1ccccc1)c1ccc(OCCN(C)C)cc1)c1ccccc1,1,C(=C(c1ccccc1)c1ccccc1)c1ccccc1,0.1532656023222061,0,0.0023087053202481365
CC(C)(C)NC[C@@H](O)c1ccc(O)c(CO)c1,0,c1ccccc1,Cc1ccc(O)c([C@@H](CCN(C(C)C)C(C)C)c2ccccc2)c1,1,c1ccc(Cc2ccccc2)cc1,0.22556390977443608,0,0.09748766920202646
CC(C)(C)NC[C@@H](O)c1ccc(O)c(CO)c1,0,c1ccccc1,CC(C)c1cccc(C(C)C)c1O,1,c1ccccc1,0.18829707426856718,0,0.11083067934722583
CC(C)(C)NC[C@@H](O)c1ccc(O)c(CO)c1,0,c1ccccc1,CC(=O)Nc1ccc(O)cc1,1,c1ccccc1,0.18546546546546547,0,0.11829934956438279
CC(C)(C)NC[C@@H](O)c1ccc(O)c(CO)c1,0,c1ccccc1,CC[C@H](c1ccccc1)c1c(O)c2ccccc2oc1=O,1,O=c1oc2ccccc2cc1Cc1ccccc1,0.17864874953340798,0,0.16584053214272026
Cc1ccc(C)c(OCCCC(C)(C)C(=O)O)c1,0,c1ccccc1,CCCCNC(=O)NS(=O)(=O)c1ccc(C)cc1,1,c1ccccc1,0.2282039911308204,0,0.4657150553554026
Cc1ccc(C)c(OCCCC(C)(C)C(=O)O)c1,0,c1ccccc1,COc1ccc2cc([C@H](C)C(=O)O)ccc2c1,1,c1ccc2ccccc2c1,0.22594339622641513,0,0.46563962109751345
Cc1ccc(C)c(OCCCC(C)(C)C(=O)O)c1,0,c1ccccc1,CC1=C(C)C(=O)C([C@@H](CCCCCC(=O)O)c2ccccc2)=C(C)C1=O,1,O=C1C=CC(=O)C(Cc2ccccc2)=C1,0.22460815047021943,1,0.6438514659079171
Cc1ccc(C)c(OCCCC(C)(C)C(=O)O)c1,0,c1ccccc1,CC(=O)Oc1ccccc1C(=O)O,1,c1ccccc1,0.2230769230769231,0,0.4139371207837718
C=CCc1ccccc1OC[C@@H](O)CNC(C)C,0,c1ccccc1,CNCC[C@@H](Oc1ccccc1C)c1ccccc1,1,c1ccc(COc2ccccc2)cc1,0.24757241942064467,0,0.07008710446282843
C=CCc1ccccc1OC[C@@H](O)CNC(C)C,0,c1ccccc1,CNC(=O)Oc1cccc2ccccc12,1,c1ccc2ccccc2c1,0.1963636363636364,0,0.11261772715688304
C=CCc1ccccc1OC[C@@H](O)CNC(C)C,0,c1ccccc1,CNCC[C@@H](Oc1ccc(C(F)(F)F)cc1)c1ccccc1,1,c1ccc(COc2ccccc2)cc1,0.1950016886187099,0,0.07700229365252433
C=CCc1ccccc1OC[C@@H](O)CNC(C)C,0,c1ccccc1,CCOc1cc(CC(=O)N[C@@H](CC(C)C)c2ccccc2N2CCCCC2)ccc1C(=O)O,1,O=C(Cc1ccccc1)NCc1ccccc1N1CCCCC1,0.19444444444444448,0,0.07600925883442836
Cc1cc(N(C)C)ccc1C[C@H](C)N,0,c1ccccc1,C#CCN(C)[C@@H](C)Cc1ccccc1,1,c1ccccc1,0.21835748792270532,0,0.05340664192103218
Cc1cc(N(C)C)ccc1C[C@H](C)N,0,c1ccccc1,CC(C)Cc1ccc([C@@H](C)C(=O)O)cc1,1,c1ccccc1,0.20104575163398694,0,0.07430275898253033
Cc1cc(N(C)C)ccc1C[C@H](C)N,0,c1ccccc1,CCN(CC)CC(=O)Nc1c(C)cccc1C,1,c1ccccc1,0.18616780045351472,0,0.050848636505753185
Cc1cc(N(C)C)ccc1C[C@H](C)N,0,c1ccccc1,Cc1ccc(O)c([C@@H](CCN(C(C)C)C(C)C)c2ccccc2)c1,1,c1ccc(Cc2ccccc2)cc1,0.18535745047372953,0,0.06512844751787762
O=C(O)c1ccccc1O,0,c1ccccc1,CC(=O)Oc1ccccc1C(=O)O,1,c1ccccc1,0.4443349753694582,0,0.1813463845589184
O=C(O)c1ccccc1O,0,c1ccccc1,CC(=O)Nc1ccc(O)cc1,1,c1ccccc1,0.23581757508342605,0,0.33979031990708347
O=C(O)c1ccccc1O,0,c1ccccc1,CC(C)c1cccc(C(C)C)c1O,1,c1ccccc1,0.2116710875331565,0,0.25000552502251805
O=C(O)c1ccccc1O,0,c1ccccc1,CC(=O)C[C@@H](c1ccccc1)c1c(O)c2ccccc2oc1=O,1,O=c1oc2ccccc2cc1Cc1ccccc1,0.2095959595959596,0,0.1899891978250984
N=C(N)N/N=C\c1c(Cl)cccc1Cl,0,c1ccccc1,CC(C)/N=C(N)\N=C(/N)Nc1ccc(Cl)cc1,1,c1ccccc1,0.208265306122449,0,0.01837168526958272
N=C(N)N/N=C\c1c(Cl)cccc1Cl,0,c1ccccc1,CNC(=O)Oc1cccc2ccccc12,1,c1ccc2ccccc2c1,0.1649122807017544,0,0.036251557671968575
N=C(N)N/N=C\c1c(Cl)cccc1Cl,0,c1ccccc1,CN[C@H]1CC[C@@H](c2ccc(Cl)c(Cl)c2)c2ccccc21,1,c1ccc(C2CCCc3ccccc32)cc1,0.16242095754290878,0,0.019218945694690983
N=C(N)N/N=C\c1c(Cl)cccc1Cl,0,c1ccccc1,CC(C)c1cccc(C(C)C)c1O,1,c1ccccc1,0.1605769230769231,0,0.038844719530391494
C[C@H](N)Cc1ccccc1,0,c1ccccc1,C#CCN(C)[C@@H](C)Cc1ccccc1,1,c1ccccc1,0.4086247086247087,0,0.018648582334788544
C[C@H](N)Cc1ccccc1,0,c1ccccc1,CC(C)Cc1ccc([C@@H](C)C(=O)O)cc1,1,c1ccccc1,0.3358974358974359,0,0.03946157366482382
C[C@H](N)Cc1ccccc1,0,c1ccccc1,CC(C)C1CCC(C(=O)N[C@H](Cc2ccccc2)C(=O)O)CC1,1,O=C(NCCc1ccccc1)C1CCCCC1,0.31928864569083454,0,0.055968268632453716
C[C@H](N)Cc1ccccc1,0,c1ccccc1,CC(C)c1cccc(C(C)C)c1O,1,c1ccccc1,0.29523809523809524,0,0.02573975295928136
C#CCN(C)[C@@H](C)Cc1ccccc1,1,c1ccccc1,CC(C)C1CCC(C(=O)N[C@H](Cc2ccccc2)C(=O)O)CC1,1,O=C(NCCc1ccccc1)C1CCCCC1,0.2781512605042017,0,0.38222611244395477
C#CCN(C)[C@@H](C)Cc1ccccc1,1,c1ccccc1,CC(C)Cc1ccc([C@@H](C)C(=O)O)cc1,1,c1ccccc1,0.2565826330532213,0,0.40975548574302606
C#CCN(C)[C@@H](C)Cc1ccccc1,1,c1ccccc1,Cc1ccc(O)c([C@@H](CCN(C(C)C)C(C)C)c2ccccc2)c1,1,c1ccc(Cc2ccccc2)cc1,0.2239324726911619,0,0.44675091355628077
C#CCN(C)[C@@H](C)Cc1ccccc1,1,c1ccccc1,CN(C)CCC=C1c2ccccc2CCc2ccccc21,1,C=C1c2ccccc2CCc2ccccc21,0.21875000000000003,1,0.5264571990425917
Nc1ccccc1,0,c1ccccc1,Nc1ccc(S(=O)(=O)c2ccc(N)cc2)cc1,1,O=S(=O)(c1ccccc1)c1ccccc1,0.3675,0,0.0924877812568715
Nc1ccccc1,0,c1ccccc1,Cc1cc(NS(=O)(=O)c2ccc(N)cc2)no1,1,O=S(=O)(Nc1ccon1)c1ccccc1,0.2038314176245211,0,0.08787994024809495
Nc1ccccc1,0,c1ccccc1,O=C1NC(=O)C(c2ccccc2)(c2ccccc2)N1,1,O=C1NC(=O)C(c2ccccc2)(c2ccccc2)N1,0.20277777777777778,0,0.03826502923611099
Nc1ccccc1,0,c1ccccc1,CC(=O)Oc1ccccc1C(=O)O,1,c1ccccc1,0.18773946360153257,0,0.03157489281882866
CCCCCN(CCCOC)C(=O)[C@@H](CCC(=O)O)NC(=O)c1ccc(Cl)c(Cl)c1,0,c1ccccc1,CC1=C(C)C(=O)C([C@@H](CCCCCC(=O)O)c2ccccc2)=C(C)C1=O,1,O=C1C=CC(=O)C(Cc2ccccc2)=C1,0.23253253253253253,0,0.06456671232210726
CCCCCN(CCCOC)C(=O)[C@@H](CCC(=O)O)NC(=O)c1ccc(Cl)c(Cl)c1,0,c1ccccc1,CCCCc1oc2ccccc2c1C(=O)c1cc(I)c(OCCN(CC)CC)c(I)c1,1,O=C(c1ccccc1)c1coc2ccccc12,0.21204597701149427,0,0.04235983900951839
CCCCCN(CCCOC)C(=O)[C@@H](CCC(=O)O)NC(=O)c1ccc(Cl)c(Cl)c1,0,c1ccccc1,CCCSc1ccc2nc(NC(=O)OC)[nH]c2c1,1,c1ccc2[nH]cnc2c1,0.1939093744267107,0,0.028118461302714778
CCCCCN(CCCOC)C(=O)[C@@H](CCC(=O)O)NC(=O)c1ccc(Cl)c(Cl)c1,0,c1ccccc1,CC(C)C1CCC(C(=O)N[C@H](Cc2ccccc2)C(=O)O)CC1,1,O=C(NCCc1ccccc1)C1CCCCC1,0.19298245614035087,0,0.04515616676413201
CC(C)Cc1ccc([C@@H](C)C(=O)O)cc1,1,c1ccccc1,COc1ccc2cc([C@H](C)C(=O)O)ccc2c1,1,c1ccc2ccccc2c1,0.4368421052631579,1,0.5211804533729015
CC(C)Cc1ccc([C@@H](C)C(=O)O)cc1,1,c1ccccc1,C[C@H](C(=O)O)c1cccc(C(=O)c2cccs2)c1,1,O=C(c1ccccc1)c1cccs1,0.37979797979797986,1,0.6543721597577303
CC(C)Cc1ccc([C@@H](C)C(=O)O)cc1,1,c1ccccc1,CC(C)C1CCC(C(=O)N[C@H](Cc2ccccc2)C(=O)O)CC1,1,O=C(NCCc1ccccc1)C1CCCCC1,0.3414285714285714,1,0.5242729887822893
CC(C)Cc1ccc([C@@H](C)C(=O)O)cc1,1,c1ccccc1,C#CCN(C)[C@@H](C)Cc1ccccc1,1,c1ccccc1,0.2565826330532213,1,0.5407049728048401
CCCCCCCN(CC)CCC[C@@H](O)c1ccc(NS(C)(=O)=O)cc1,0,c1ccccc1,CCN(CC)CC(=O)Nc1c(C)cccc1C,1,c1ccccc1,0.26450742240215924,0,0.07616194453835519
CCCCCCCN(CC)CCC[C@@H](O)c1ccc(NS(C)(=O)=O)cc1,0,c1ccccc1,CCCCNC(=O)NS(=O)(=O)c1ccc(C)cc1,1,c1ccccc1,0.23555555555555557,0,0.17342923452718403
CCCCCCCN(CC)CCC[C@@H](O)c1ccc(NS(C)(=O)=O)cc1,0,c1ccccc1,CC1=C(C)C(=O)C([C@@H](CCCCCC(=O)O)c2ccccc2)=C(C)C1=O,1,O=C1C=CC(=O)C(Cc2ccccc2)=C1,0.2217777777777778,0,0.3411786172822378
CCCCCCCN(CC)CCC[C@@H](O)c1ccc(NS(C)(=O)=O)cc1,0,c1ccccc1,Cc1ccc(O)c([C@@H](CCN(C(C)C)C(C)C)c2ccccc2)c1,1,c1ccc(Cc2ccccc2)cc1,0.21250000000000002,0,0.12578625745641644
C=Cc1ccccc1,0,c1ccccc1,O=C1NC(=O)C(c2ccccc2)(c2ccccc2)N1,1,O=C1NC(=O)C(c2ccccc2)(c2ccccc2)N1,0.2121739130434783,0,0.024725404512294328
C=Cc1ccccc1,0,c1ccccc1,CCC1(c2ccccc2)C(=O)NC(=O)NC1=O,1,O=C1NC(=O)C(c2ccccc2)C(=O)N1,0.1934545454545455,0,0.07984074312523858
C=Cc1ccccc1,0,c1ccccc1,CC(C)c1cccc(C(C)C)c1O,1,c1ccccc1,0.18518518518518517,0,0.051422823069191964
C=Cc1ccccc1,0,c1ccccc1,CCCCC1C(=O)N(c2ccccc2)N(c2ccccc2)C1=O,1,O=C1CC(=O)N(c2ccccc2)N1c1ccccc1,0.18333333333333335,0,0.060501760954468485
Nc1ccc(S(N)(=O)=O)cc1,0,c1ccccc1,Nc1ccc(S(=O)(=O)c2ccc(N)cc2)cc1,1,O=S(=O)(c1ccccc1)c1ccccc1,0.64,0,0.1963417036939691
Nc1ccc(S(N)(=O)=O)cc1,0,c1ccccc1,Cc1cc(NS(=O)(=O)c2ccc(N)cc2)no1,1,O=S(=O)(Nc1ccon1)c1ccccc1,0.38888888888888895,0,0.16104028752945643
Nc1ccc(S(N)(=O)=O)cc1,0,c1ccccc1,Cc1ccc(-c2cc(C(F)(F)F)nn2-c2ccc(S(N)(=O)=O)cc2)cc1,1,c1ccc(-c2ccnn2-c2ccccc2)cc1,0.29790209790209793,0,0.19221528059459
Nc1ccc(S(N)(=O)=O)cc1,0,c1ccccc1,CCCCNC(=O)NS(=O)(=O)c1ccc(C)cc1,1,c1ccccc1,0.21689708141321046,0,0.2190125156433561
C=CCOc1ccccc1OC[C@@H](O)CNC(C)C,0,c1ccccc1,CNCC[C@@H](Oc1ccccc1C)c1ccccc1,1,c1ccc(COc2ccccc2)cc1,0.24147186147186148,0,0.07092799662113546
C=CCOc1ccccc1OC[C@@H](O)CNC(C)C,0,c1ccccc1,CC(=O)Oc1ccccc1C(=O)O,1,c1ccccc1,0.21000000000000002,0,0.09414522723421481
C=CCOc1ccccc1OC[C@@H](O)CNC(C)C,0,c1ccccc1,CNC(=O)Oc1cccc2ccccc12,1,c1ccc2ccccc2c1,0.20603773584905663,0,0.10628279327259171
C=CCOc1ccccc1OC[C@@H](O)CNC(C)C,0,c1ccccc1,CCOc1cc(CC(=O)N[C@@H](CC(C)C)c2ccccc2N2CCCCC2)ccc1C(=O)O,1,O=C(Cc1ccccc1)NCc1ccccc1N1CCCCC1,0.19319041614123583,0,0.08699815990476337
CCOP(=S)(OCC)Oc1ccc([N+](=O)[O-])cc1,0,c1ccccc1,CCOP(=S)(OCC)Oc1nc(Cl)c(Cl)cc1Cl,1,c1ccncc1,0.34668192219679633,0,0.05181883418984843
CCOP(=S)(OCC)Oc1ccc([N+](=O)[O-])cc1,0,c1ccccc1,CCOc1ccc(NC(C)=O)cc1,1,c1ccccc1,0.2501278772378517,0,0.24016246510878872
CCOP(=S)(OCC)Oc1ccc([N+](=O)[O-])cc1,0,c1ccccc1,CC(=O)C[C@@H](c1ccc([N+](=O)[O-])cc1)c1c(O)c2ccccc2oc1=O,1,O=c1oc2ccccc2cc1Cc1ccccc1,0.24845034788108794,0,0.3877158976918714
CCOP(=S)(OCC)Oc1ccc([N+](=O)[O-])cc1,0,c1ccccc1,Cc1ncc([N+](=O)[O-])n1CCO,1,c1c[nH]cn1,0.18942088463292295,0,0.20773318079334957
c1ccccc1,0,c1ccccc1,O=C1NC(=O)C(c2ccccc2)(c2ccccc2)N1,1,O=C1NC(=O)C(c2ccccc2)(c2ccccc2)N1,0.14066985645933014,0,0.02446086572046796
c1ccccc1,0,c1ccccc1,CC(C)c1cccc(C(C)C)c1O,1,c1ccccc1,0.13174603174603175,0,0.04620708511691999
c1ccccc1,0,c1ccccc1,CC(=O)Oc1ccccc1C(=O)O,1,c1ccccc1,0.1272727272727273,0,0.031440900037288444
c1ccccc1,0,c1ccccc1,Cc1cc(=O)n(-c2ccccc2)n1C,1,O=c1cc[nH]n1-c1ccccc1,0.12457142857142857,0,0.04195174792400389
Cc1cc(Cl)c(S(N)(=O)=O)cc1S(N)(=O)=O,0,c1ccccc1,Cc1ccc(-c2cc(C(F)(F)F)nn2-c2ccc(S(N)(=O)=O)cc2)cc1,1,c1ccc(-c2ccnn2-c2ccccc2)cc1,0.22637362637362637,0,0.24228518163702226
Cc1cc(Cl)c(S(N)(=O)=O)cc1S(N)(=O)=O,0,c1ccccc1,CCN[C@H]1C[C@H](C)S(=O)(=O)c2sc(S(N)(=O)=O)cc21,1,O=S1(=O)CCCc2ccsc21,0.21109123434704832,0,0.18560008022834143
Cc1cc(Cl)c(S(N)(=O)=O)cc1S(N)(=O)=O,0,c1ccccc1,Cc1cc(NS(=O)(=O)c2ccc(N)cc2)no1,1,O=S(=O)(Nc1ccon1)c1ccccc1,0.20267558528428095,0,0.22779179680878425
Cc1cc(Cl)c(S(N)(=O)=O)cc1S(N)(=O)=O,0,c1ccccc1,Nc1ccc(S(=O)(=O)c2ccc(N)cc2)cc1,1,O=S(=O)(c1ccccc1)c1ccccc1,0.18683385579937306,0,0.18397691523034002
C#CCN(C)Cc1ccccc1,0,c1ccccc1,C#CCN(C)[C@@H](C)Cc1ccccc1,1,c1ccccc1,0.5355294117647059,0,0.2949256045648342
C#CCN(C)Cc1ccccc1,0,c1ccccc1,CN(C/C=C/C#CC(C)(C)C)Cc1cccc2ccccc12,1,c1ccc2ccccc2c1,0.2757352941176471,0,0.24602587145530347
C#CCN(C)Cc1ccccc1,0,c1ccccc1,CN(C)CCC=C1c2ccccc2CCc2ccccc21,1,C=C1c2ccccc2CCc2ccccc21,0.2527131782945736,0,0.48237532947720324
C#CCN(C)Cc1ccccc1,0,c1ccccc1,CN(C)CCCN1c2ccccc2CCc2ccccc21,1,c1ccc2c(c1)CCc1ccccc1N2,0.24665257223396758,0,0.4455866569768811
CC(C)NC[C@H](O)COc1ccc(COCCOC(C)C)cc1,0,c1ccccc1,CCOc1ccc(NC(C)=O)cc1,1,c1ccccc1,0.22894056847545222,0,0.0030547531910930896
CC(C)NC[C@H](O)COc1ccc(COCCOC(C)C)cc1,0,c1ccccc1,CC/C(=C(/c1ccccc1)c1ccc(OCCN(C)C)cc1)c1ccccc1,1,C(=C(c1ccccc1)c1ccccc1)c1ccccc1,0.20438095238095239,0,0.00644036910847955
CC(C)NC[C@H](O)COc1ccc(COCCOC(C)C)cc1,0,c1ccccc1,CN(CCOc1ccc(C[C@@H]2SC(=O)NC2=O)cc1)c1ccccn1,1,O=C1NC(=O)C(Cc2ccc(OCCNc3ccccn3)cc2)S1,0.20135135135135135,0,0.011990822446336953
CC(C)NC[C@H](O)COc1ccc(COCCOC(C)C)cc1,0,c1ccccc1,CCOc1cc(CC(=O)N[C@@H](CC(C)C)c2ccccc2N2CCCCC2)ccc1C(=O)O,1,O=C(Cc1ccccc1)NCc1ccccc1N1CCCCC1,0.19384558688041276,0,0.005424788962625171
CCN(CC)CC(=O)Nc1c(C)cccc1C,1,c1ccccc1,CCOc1ccc(NC(C)=O)cc1,1,c1ccccc1,0.26875000000000004,0,0.31371035141222814
CCN(CC)CC(=O)Nc1c(C)cccc1C,1,c1ccccc1,CC(=O)Nc1ccc(O)cc1,1,c1ccccc1,0.2509677419354839,0,0.3003876244697384
CCN(CC)CC(=O)Nc1c(C)cccc1C,1,c1ccccc1,CCCCNC(=O)NS(=O)(=O)c1ccc(C)cc1,1,c1ccccc1,0.22660307366189722,0,0.27214047878304304
CCN(CC)CC(=O)Nc1c(C)cccc1C,1,c1ccccc1,CCCCc1oc2ccccc2c1C(=O)c1cc(I)c(OCCN(CC)CC)c(I)c1,1,O=C(c1ccccc1)c1coc2ccccc12,0.21197860962566845,0,0.2498862368228512
CCOc1ccc(NC(C)=O)cc1,1,c1ccccc1,CC(=O)Nc1ccc(O)cc1,1,c1ccccc1,0.5386666666666667,0,0.4610146882736082
CCOc1ccc(NC(C)=O)cc1,1,c1ccccc1,CCN(CC)CC(=O)Nc1c(C)cccc1C,1,c1ccccc1,0.26875000000000004,0,0.4312432236853716
CCOc1ccc(NC(C)=O)cc1,1,c1ccccc1,CC/C(=C(/c1ccccc1)c1ccc(OCCN(C)C)cc1)c1ccccc1,1,C(=C(c1ccccc1)c1ccccc1)c1ccccc1,0.25381310418904407,0,0.39924254344900556
CCOc1ccc(NC(C)=O)cc1,1,c1ccccc1,CCOc1cc(CC(=O)N[C@@H](CC(C)C)c2ccccc2N2CCCCC2)ccc1C(=O)O,1,O=C(Cc1ccccc1)NCc1ccccc1N1CCCCC1,0.241044776119403,0,0.4155408737903045
NC(N)=N/C(N)=N/CCc1ccccc1,0,c1ccccc1,CC(C)/N=C(N)\N=C(/N)Nc1ccc(Cl)cc1,1,c1ccccc1,0.21285714285714288,0,0.022698197428318852
NC(N)=N/C(N)=N/CCc1ccccc1,0,c1ccccc1,C#CCN(C)[C@@H](C)Cc1ccccc1,1,c1ccccc1,0.2070588235294118,0,0.17726140657483425
NC(N)=N/C(N)=N/CCc1ccccc1,0,c1ccccc1,CC(C)C1CCC(C(=O)N[C@H](Cc2ccccc2)C(=O)O)CC1,1,O=C(NCCc1ccccc1)C1CCCCC1,0.191005291005291,0,0.1545116892783391
NC(N)=N/C(N)=N/CCc1ccccc1,0,c1ccccc1,CCCCC1C(=O)N(c2ccccc2)N(c2ccccc2)C1=O,1,O=C1CC(=O)N(c2ccccc2)N1c1ccccc1,0.18030690537084398,0,0.20766558843176283
Oc1ccccc1,0,c1ccccc1,CC(=O)Nc1ccc(O)cc1,1,c1ccccc1,0.30333333333333334,0,0.17892429662392395
Oc1ccccc1,0,c1ccccc1,CC(C)c1cccc(C(C)C)c1O,1,c1ccccc1,0.2931818181818182,0,0.1964405107174892
Oc1ccccc1,0,c1ccccc1,CC(=O)Oc1ccccc1C(=O)O,1,c1ccccc1,0.22222222222222224,0,0.08311567065801324
Oc1ccccc1,0,c1ccccc1,Cc1ccc(O)c([C@@H](CCN(C(C)C)C(C)C)c2ccccc2)c1,1,c1ccc(Cc2ccccc2)cc1,0.21237842617152963,0,0.4422090135931936
CCN(CC)C(=O)/C(C#N)=C\c1cc(O)c(O)c([N+](=O)[O-])c1,0,c1ccccc1,CC(=O)C[C@@H](c1ccc([N+](=O)[O-])cc1)c1c(O)c2ccccc2oc1=O,1,O=c1oc2ccccc2cc1Cc1ccccc1,0.21140229885057474,0,0.11902736876642309
CCN(CC)C(=O)/C(C#N)=C\c1cc(O)c(O)c([N+](=O)[O-])c1,0,c1ccccc1,Cc1ncc([N+](=O)[O-])n1CCO,1,c1c[nH]cn1,0.17212416311625076,0,0.03019325466914331
CCN(CC)C(=O)/C(C#N)=C\c1cc(O)c(O)c([N+](=O)[O-])c1,0,c1ccccc1,CCN(CC)CC(=O)Nc1c(C)cccc1C,1,c1ccccc1,0.16103225806451613,0,0.12114600528774923
CCN(CC)C(=O)/C(C#N)=C\c1cc(O)c(O)c([N+](=O)[O-])c1,0,c1ccccc1,CC(=O)Nc1ccc(O)cc1,1,c1ccccc1,0.15636363636363637,0,0.09403983262323035
CC(C)(C)NC[C@H](O)COc1ccccc1C#N,0,c1ccccc1,CNCC[C@@H](Oc1ccccc1C)c1ccccc1,1,c1ccc(COc2ccccc2)cc1,0.254006968641115,0,0.05841645447595073
CC(C)(C)NC[C@H](O)COc1ccccc1C#N,0,c1ccccc1,CNCC[C@@H](Oc1ccc(C(F)(F)F)cc1)c1ccccc1,1,c1ccc(COc2ccccc2)cc1,0.21515482695810567,0,0.07393532799224882
CC(C)(C)NC[C@H](O)COc1ccccc1C#N,0,c1ccccc1,CNC(=O)Oc1cccc2ccccc12,1,c1ccc2ccccc2c1,0.21296296296296297,0,0.1056658299821035
CC(C)(C)NC[C@H](O)COc1ccccc1C#N,0,c1ccccc1,CCOc1ccc(NC(C)=O)cc1,1,c1ccccc1,0.2009433962264151,0,0.06239807663021258
CNC[C@H](O)c1ccc(O)c(O)c1,0,c1ccccc1,Cc1ccc(O)c([C@@H](CCN(C(C)C)C(C)C)c2ccccc2)c1,1,c1ccc(Cc2ccccc2)cc1,0.23700000000000002,0,0.049848565756319095
CNC[C@H](O)c1ccc(O)c(O)c1,0,c1ccccc1,CNCC[C@@H](Oc1ccccc1C)c1ccccc1,1,c1ccc(COc2ccccc2)cc1,0.22222222222222224,0,0.031109229005126016
CNC[C@H](O)c1ccc(O)c(O)c1,0,c1ccccc1,CC(C)c1cccc(C(C)C)c1O,1,c1ccccc1,0.21481481481481482,0,0.0828333374807244
CNC[C@H](O)c1ccc(O)c(O)c1,0,c1ccccc1,CNCC[C@@H](Oc1ccc(C(F)(F)F)cc1)c1ccccc1,1,c1ccc(COc2ccccc2)cc1,0.20512820512820512,0,0.03752151068629481
Cc1ccc(Cl)c(OC[C@@H](O)CNC(C)(C)C)c1,0,c1ccccc1,CNCC[C@@H](Oc1ccccc1C)c1ccccc1,1,c1ccc(COc2ccccc2)cc1,0.20505747126436782,0,0.09093244972695921
Cc1ccc(Cl)c(OC[C@@H](O)CNC(C)(C)C)c1,0,c1ccccc1,CCOc1ccc(NC(C)=O)cc1,1,c1ccccc1,0.1928038613426942,0,0.06213532414919703
Cc1ccc(Cl)c(OC[C@@H](O)CNC(C)(C)C)c1,0,c1ccccc1,Cc1ccc(O)c([C@@H](CCN(C(C)C)C(C)C)c2ccccc2)c1,1,c1ccc(Cc2ccccc2)cc1,0.19267116682738672,0,0.08529435771128209
Cc1ccc(Cl)c(OC[C@@H](O)CNC(C)(C)C)c1,0,c1ccccc1,CN[C@H]1CC[C@@H](c2ccc(Cl)c(Cl)c2)c2ccccc21,1,c1ccc(C2CCCc3ccccc32)cc1,0.17795605162190445,0,0.12301360637539976
C[C@@H](NC(C)(C)C)C(=O)c1cccc(Cl)c1,0,c1ccccc1,C[C@H](C(=O)O)c1cccc(C(=O)c2cccs2)c1,1,O=C(c1ccccc1)c1cccs1,0.2547990155865464,0,0.3285931282846489
C[C@@H](NC(C)(C)C)C(=O)c1cccc(Cl)c1,0,c1ccccc1,Cc1cccc(Nc2ccncc2S(=O)(=O)NC(=O)NC(C)C)c1,1,c1ccc(Nc2ccncc2)cc1,0.2306372549019608,0,0.20864315525237304
C[C@@H](NC(C)(C)C)C(=O)c1cccc(Cl)c1,0,c1ccccc1,CC(C)c1cccc(C(C)C)c1O,1,c1ccccc1,0.22375000000000003,0,0.16104591196673865
C[C@@H](NC(C)(C)C)C(=O)c1cccc(Cl)c1,0,c1ccccc1,CCN(CC)CC(=O)Nc1c(C)cccc1C,1,c1ccccc1,0.22215384615384617,0,0.18178752529041378
CCc1ccccc1,0,c1ccccc1,C#CCN(C)[C@@H](C)Cc1ccccc1,1,c1ccccc1,0.33181818181818185,0,0.10999284644461742
CCc1ccccc1,0,c1ccccc1,CCC1(c2ccccc2)C(=O)NC(=O)NC1=O,1,O=C1NC(=O)C(c2ccccc2)C(=O)N1,0.29833333333333334,0,0.11563487427509188
CCc1ccccc1,0,c1ccccc1,CCCCC1C(=O)N(c2ccccc2)N(c2ccccc2)C1=O,1,O=C1CC(=O)N(c2ccccc2)N1c1ccccc1,0.2790513833992095,0,0.08611490226796915
CCc1ccccc1,0,c1ccccc1,CC(C)C1CCC(C(=O)N[C@H](Cc2ccccc2)C(=O)O)CC1,1,O=C(NCCc1ccccc1)C1CCCCC1,0.24854070660522273,0,0.13155248684790982
Cc1cccc(C)c1NC(=O)[C@H](C)N,0,c1ccccc1,CCN(CC)CC(=O)Nc1c(C)cccc1C,1,c1ccccc1,0.4793233082706767,0,0.0579211384521684
Cc1cccc(C)c1NC(=O)[C@H](C)N,0,c1ccccc1,CC(=O)Nc1ccc(O)cc1,1,c1ccccc1,0.26792792792792797,0,0.09782170772860438
Cc1cccc(C)c1NC(=O)[C@H](C)N,0,c1ccccc1,CC(C)c1cccc(C(C)C)c1O,1,c1ccccc1,0.26004056795131847,0,0.05329202358551216
Cc1cccc(C)c1NC(=O)[C@H](C)N,0,c1ccccc1,CCOc1ccc(NC(C)=O)cc1,1,c1ccccc1,0.23840960240060016,0,0.09228368927639705
CCCCNC(=O)NS(=O)(=O)c1ccc(C)cc1,1,c1ccccc1,Cc1ccc(S(=O)(=O)NC(=O)NN2C[C@H]3CCC[C@H]3C2)cc1,1,O=C(NN1CC2CCCC2C1)NS(=O)(=O)c1ccccc1,0.4725490196078432,1,0.7757220169470448
CCCCNC(=O)NS(=O)(=O)c1ccc(C)cc1,1,c1ccccc1,Cc1cnc(C(=O)NCCc2ccc(S(=O)(=O)NC(=O)NC3CCCCC3)cc2)cn1,1,O=C(NC1CCCCC1)NS(=O)(=O)c1ccc(CCNC(=O)c2cnccn2)cc1,0.35681818181818187,1,0.6625834396356037
CCCCNC(=O)NS(=O)(=O)c1ccc(C)cc1,1,c1ccccc1,Cc1cccc(Nc2ccncc2S(=O)(=O)NC(=O)NC(C)C)c1,1,c1ccc(Nc2ccncc2)cc1,0.2772727272727273,1,0.6749152498319619
CCCCNC(=O)NS(=O)(=O)c1ccc(C)cc1,1,c1ccccc1,Cc1cc(NS(=O)(=O)c2ccc(N)cc2)no1,1,O=S(=O)(Nc1ccon1)c1ccccc1,0.25365853658536586,1,0.5605235136255964
C[C@H](N)C(=O)c1ccccc1,0,c1ccccc1,C[C@H](C(=O)O)c1cccc(C(=O)c2cccs2)c1,1,O=C(c1ccccc1)c1cccs1,0.3029715762273902,0,0.09148223723575759
C[C@H](N)C(=O)c1ccccc1,0,c1ccccc1,CC(C)Cc1ccc([C@@H](C)C(=O)O)cc1,1,c1ccccc1,0.27739463601532566,0,0.05310971312536978
C[C@H](N)C(=O)c1ccccc1,0,c1ccccc1,CC(C)c1cccc(C(C)C)c1O,1,c1ccccc1,0.27420289855072466,0,0.03742782454275386
C[C@H](N)C(=O)c1ccccc1,0,c1ccccc1,CC(=O)Oc1ccccc1C(=O)O,1,c1ccccc1,0.2737327188940092,0,0.07156568885790374
CCCN(CCC)S(=O)(=O)c1ccc(C(=O)O)cc1,0,c1ccccc1,CCCCNC(=O)NS(=O)(=O)c1ccc(C)cc1,1,c1ccccc1,0.2912280701754386,0,0.399961640746057
CCCN(CCC)S(=O)(=O)c1ccc(C(=O)O)cc1,0,c1ccccc1,CC(=O)Oc1ccccc1C(=O)O,1,c1ccccc1,0.24848484848484853,0,0.3521012062115002
CCCN(CCC)S(=O)(=O)c1ccc(C(=O)O)cc1,0,c1ccccc1,CC(C)Cc1ccc([C@@H](C)C(=O)O)cc1,1,c1ccccc1,0.23878787878787883,0,0.22639318740294928
CCCN(CCC)S(=O)(=O)c1ccc(C(=O)O)cc1,0,c1ccccc1,CCCC(CCC)C(=O)O,1,,0.23297297297297298,0,0.12223974111108239
CCN(CC)CCNC(=O)c1ccc(N)cc1,0,c1ccccc1,CCN(CC)CC(=O)Nc1c(C)cccc1C,1,c1ccccc1,0.32125603864734303,0,0.139271847939564
CCN(CC)CCNC(=O)c1ccc(N)cc1,0,c1ccccc1,Nc1ccc(S(=O)(=O)c2ccc(N)cc2)cc1,1,O=S(=O)(c1ccccc1)c1ccccc1,0.2694736842105263,0,0.2007700331767261
CCN(CC)CCNC(=O)c1ccc(N)cc1,0,c1ccccc1,CCCCNC(=O)NS(=O)(=O)c1ccc(C)cc1,1,c1ccccc1,0.23961538461538462,0,0.2282802605005656
CCN(CC)CCNC(=O)c1ccc(N)cc1,0,c1ccccc1,Cc1cc(NS(=O)(=O)c2ccc(N)cc2)no1,1,O=S(=O)(Nc1ccon1)c1ccccc1,0.2375234521575985,0,0.30090337440692394
Cc1ccccc1,0,c1ccccc1,Cc1cc(=O)n(-c2ccccc2)n1C,1,O=c1cc[nH]n1-c1ccccc1,0.2702380952380952,0,0.05012315831413386
Cc1ccccc1,0,c1ccccc1,CC(C)c1cccc(C(C)C)c1O,1,c1ccccc1,0.24891304347826088,0,0.047937178108661035
Cc1ccccc1,0,c1ccccc1,Cc1ccc(O)c([C@@H](CCN(C(C)C)C(C)C)c2ccccc2)c1,1,c1ccc(Cc2ccccc2)cc1,0.24661654135338346,0,0.1766955824691794
Cc1ccccc1,0,c1ccccc1,CCC1(c2ccccc2)C(=O)NC(=O)NC1=O,1,O=C1NC(=O)C(c2ccccc2)C(=O)N1,0.24527736131934036,0,0.08501395684660819
CN[C@@H](C)Cc1ccccc1,0,c1ccccc1,C#CCN(C)[C@@H](C)Cc1ccccc1,1,c1ccccc1,0.38428571428571434,0,0.07855627869727176
CN[C@@H](C)Cc1ccccc1,0,c1ccccc1,CC(C)C1CCC(C(=O)N[C@H](Cc2ccccc2)C(=O)O)CC1,1,O=C(NCCc1ccccc1)C1CCCCC1,0.32137592137592136,0,0.1721712329408221
CN[C@@H](C)Cc1ccccc1,0,c1ccccc1,CC(C)Cc1ccc([C@@H](C)C(=O)O)cc1,1,c1ccccc1,0.3066009852216749,0,0.1258120688459588
CN[C@@H](C)Cc1ccccc1,0,c1ccccc1,CNCC[C@@H](Oc1ccccc1C)c1ccccc1,1,c1ccc(COc2ccccc2)cc1,0.2657738095238096,0,0.07469977319600826
CC(C)/N=C(N)\N=C(/N)Nc1ccc(Cl)cc1,1,c1ccccc1,CC(=O)Nc1ccc(O)cc1,1,c1ccccc1,0.22076297686053784,0,0.1454342846447309
CC(C)/N=C(N)\N=C(/N)Nc1ccc(Cl)cc1,1,c1ccccc1,CCOc1ccc(NC(C)=O)cc1,1,c1ccccc1,0.19521276595744683,0,0.24904488880410283
CC(C)/N=C(N)\N=C(/N)Nc1ccc(Cl)cc1,1,c1ccccc1,CC(C)c1cccc(C(C)C)c1O,1,c1ccccc1,0.1594425087108014,0,0.20805055560389396
CC(C)/N=C(N)\N=C(/N)Nc1ccc(Cl)cc1,1,c1ccccc1,Cc1ncc2n1-c1ccc(Cl)cc1C(c1ccccc1F)=NC2,1,c1ccc(C2=NCc3cncn3-c3ccccc32)cc1,0.1474626865671642,0,0.18590855167662615
CNC(=O)Oc1cc(C)c(SC)c(C)c1,0,c1ccccc1,CNC(=O)Oc1cccc2ccccc12,1,c1ccc2ccccc2c1,0.3666666666666667,0,0.35186630489740467
CNC(=O)Oc1cc(C)c(SC)c(C)c1,0,c1ccccc1,COc1ccc2cc([C@H](C)C(=O)O)ccc2c1,1,c1ccc2ccccc2c1,0.22222222222222227,1,0.5581360064592475
CNC(=O)Oc1cc(C)c(SC)c(C)c1,0,c1ccccc1,CCOc1ccc(NC(C)=O)cc1,1,c1ccccc1,0.21454545454545457,0,0.3816630780905276
CNC(=O)Oc1cc(C)c(SC)c(C)c1,0,c1ccccc1,CCCSc1ccc2nc(NC(=O)OC)[nH]c2c1,1,c1ccc2[nH]cnc2c1,0.19596105301117925,0,0.14117239001410195
NC(=O)OCC(COC(N)=O)c1ccccc1,0,c1ccccc1,CC1=C(C)C(=O)C([C@@H](CCCCCC(=O)O)c2ccccc2)=C(C)C1=O,1,O=C1C=CC(=O)C(Cc2ccccc2)=C1,0.2777777777777778,0,0.27247437510347716
NC(=O)OCC(COC(N)=O)c1ccccc1,0,c1ccccc1,CC(=O)C[C@@H](c1ccccc1)c1c(O)c2ccccc2oc1=O,1,O=c1oc2ccccc2cc1Cc1ccccc1,0.2705426356589148,0,0.11970389917041485
NC(=O)OCC(COC(N)=O)c1ccccc1,0,c1ccccc1,CC[C@H](c1ccccc1)c1c(O)c2ccccc2oc1=O,1,O=c1oc2ccccc2cc1Cc1ccccc1,0.26023329798515377,0,0.11954224037009592
NC(=O)OCC(COC(N)=O)c1ccccc1,0,c1ccccc1,CC(=O)Oc1ccccc1C(=O)O,1,c1ccccc1,0.24755244755244754,0,0.12761023555959294
CC(C)c1cccc(C(C)C)c1O,1,c1ccccc1,Cc1ccc(O)c([C@@H](CCN(C(C)C)C(C)C)c2ccccc2)c1,1,c1ccc(Cc2ccccc2)cc1,0.24854651162790697,1,0.5453391938738605
CC(C)c1cccc(C(C)C)c1O,1,c1ccccc1,CC[C@H](c1ccccc1)c1c(O)c2ccccc2oc1=O,1,O=c1oc2ccccc2cc1Cc1ccccc1,0.23025210084033615,0,0.49970314793154835
CC(C)c1cccc(C(C)C)c1O,1,c1ccccc1,CC(=O)C[C@@H](c1ccccc1)c1c(O)c2ccccc2oc1=O,1,O=c1oc2ccccc2cc1Cc1ccccc1,0.2140540540540541,1,0.5052303491428676
CC(C)c1cccc(C(C)C)c1O,1,c1ccccc1,CC(=O)Nc1ccc(O)cc1,1,c1ccccc1,0.2086848635235732,1,0.6005245610356915
CCN[C@H](C)Cc1cccc(C(F)(F)F)c1,0,c1ccccc1,CNCC[C@@H](Oc1ccc(C(F)(F)F)cc1)c1ccccc1,1,c1ccc(COc2ccccc2)cc1,0.28308308308308305,0,0.21971362440170877
CCN[C@H](C)Cc1cccc(C(F)(F)F)c1,0,c1ccccc1,C#CCN(C)[C@@H](C)Cc1ccccc1,1,c1ccccc1,0.23102040816326533,0,0.27744480593388243
CCN[C@H](C)Cc1cccc(C(F)(F)F)c1,0,c1ccccc1,CC(C)C1CCC(C(=O)N[C@H](Cc2ccccc2)C(=O)O)CC1,1,O=C(NCCc1ccccc1)C1CCCCC1,0.20642633228840127,0,0.3344920589263621
CCN[C@H](C)Cc1cccc(C(F)(F)F)c1,0,c1ccccc1,CC(C)c1cccc(C(C)C)c1O,1,c1ccccc1,0.20276422764227645,0,0.2554301049533013
CCN(CC)CCNC(=O)c1cc(Cl)c(N)cc1OC,0,c1ccccc1,CCN(CC)CC(=O)Nc1c(C)cccc1C,1,c1ccccc1,0.238977879481312,0,0.1503402861620275
CCN(CC)CCNC(=O)c1cc(Cl)c(N)cc1OC,0,c1ccccc1,CCCCc1oc2ccccc2c1C(=O)c1cc(I)c(OCCN(CC)CC)c(I)c1,1,O=C(c1ccccc1)c1coc2ccccc12,0.22124542124542124,0,0.2580307901209047
CCN(CC)CCNC(=O)c1cc(Cl)c(N)cc1OC,0,c1ccccc1,COc1cc(Cc2cnc(N)nc2N)cc(OC)c1OC,1,c1ccc(Cc2cncnc2)cc1,0.20336134453781513,0,0.1452349199407569
CCN(CC)CCNC(=O)c1cc(Cl)c(N)cc1OC,0,c1ccccc1,COc1ccc2cc([C@H](C)C(=O)O)ccc2c1,1,c1ccc2ccccc2c1,0.1803921568627451,0,0.17894835012532637
COCCc1ccc(OC[C@@H](O)CNC(C)C)cc1,0,c1ccccc1,CCOc1ccc(NC(C)=O)cc1,1,c1ccccc1,0.24565853658536585,0,0.005350492588275219
COCCc1ccc(OC[C@@H](O)CNC(C)C)cc1,0,c1ccccc1,CC/C(=C(/c1ccccc1)c1ccc(OCCN(C)C)cc1)c1ccccc1,1,C(=C(c1ccccc1)c1ccccc1)c1ccccc1,0.21687853107344635,0,0.008027847764860128
COCCc1ccc(OC[C@@H](O)CNC(C)C)cc1,0,c1ccccc1,CN(CCOc1ccc(C[C@@H]2SC(=O)NC2=O)cc1)c1ccccn1,1,O=C1NC(=O)C(Cc2ccc(OCCNc3ccccn3)cc2)S1,0.21614035087719302,0,0.012031517530140352
COCCc1ccc(OC[C@@H](O)CNC(C)C)cc1,0,c1ccccc1,COc1ccc2cc([C@H](C)C(=O)O)ccc2c1,1,c1ccc2ccccc2c1,0.214026792750197,0,0.01020164121837665
O=C(N[C@H](CO)[C@H](O)c1ccc([N+](=O)[O-])cc1)C(Cl)Cl,0,c1ccccc1,CC(=O)C[C@@H](c1ccc([N+](=O)[O-])cc1)c1c(O)c2ccccc2oc1=O,1,O=c1oc2ccccc2cc1Cc1ccccc1,0.29741019214703424,0,0.0931845408181584
O=C(N[C@H](CO)[C@H](O)c1ccc([N+](=O)[O-])cc1)C(Cl)Cl,0,c1ccccc1,Cc1ncc([N+](=O)[O-])n1CCO,1,c1c[nH]cn1,0.20166666666666672,0,0.023298230483425157
O=C(N[C@H](CO)[C@H](O)c1ccc([N+](=O)[O-])cc1)C(Cl)Cl,0,c1ccccc1,CC(C)C[C@@H](NC(=O)[C@@H](Cc1ccccc1)NC(=O)c1cnccn1)B(O)O,1,O=C(NCCc1ccccc1)c1cnccn1,0.19509733237202595,0,0.3512071094684421
O=C(N[C@H](CO)[C@H](O)c1ccc([N+](=O)[O-])cc1)C(Cl)Cl,0,c1ccccc1,CC(C)Cc1ccc([C@@H](C)C(=O)O)cc1,1,c1ccccc1,0.18729752770673486,0,0.07283802940939516
Cc1cccc(C)c1OC[C@@H](C)N,0,c1ccccc1,CNCC[C@@H](Oc1ccccc1C)c1ccccc1,1,c1ccc(COc2ccccc2)cc1,0.2682828282828283,0,0.05607756114307616
Cc1cccc(C)c1OC[C@@H](C)N,0,c1ccccc1,CC(C)c1cccc(C(C)C)c1O,1,c1ccccc1,0.2457912457912458,0,0.08666674406117202
Cc1cccc(C)c1OC[C@@H](C)N,0,c1ccccc1,CCN(CC)CC(=O)Nc1c(C)cccc1C,1,c1ccccc1,0.23898768809849522,0,0.07349406550031025
Cc1cccc(C)c1OC[C@@H](C)N,0,c1ccccc1,CC/C(=C(/c1ccccc1)c1ccc(OCCN(C)C)cc1)c1ccccc1,1,C(=C(c1ccccc1)c1ccccc1)c1ccccc1,0.19035506094329624,0,0.06887759505813776
CC(C)c1c(C(=O)Nc2ccccc2)c(-c2ccccc2)c(-c2ccc(F)cc2)n1CC[C@@H](O)C[C@@H](O)CC(=O)O,0,O=C(Nc1ccccc1)c1c[nH]c(-c2ccccc2)c1-c1ccccc1,CC(C)C1CCC(C(=O)N[C@H](Cc2ccccc2)C(=O)O)CC1,1,O=C(NCCc1ccccc1)C1CCCCC1,0.21553544494720966,0,0.0792547904002778
CC(C)c1c(C(=O)Nc2ccccc2)c(-c2ccccc2)c(-c2ccc(F)cc2)n1CC[C@@H](O)C[C@@H](O)CC(=O)O,0,O=C(Nc1ccccc1)c1c[nH]c(-c2ccccc2)c1-c1ccccc1,CC(C)C[C@@H](NC(=O)[C@@H](Cc1ccccc1)NC(=O)c1cnccn1)B(O)O,1,O=C(NCCc1ccccc1)c1cnccn1,0.20075879177002776,0,0.2054015758063296
CC(C)c1c(C(=O)Nc2ccccc2)c(-c2ccccc2)c(-c2ccc(F)cc2)n1CC[C@@H](O)C[C@@H](O)CC(=O)O,0,O=C(Nc1ccccc1)c1c[nH]c(-c2ccccc2)c1-c1ccccc1,CC1=C(C)C(=O)C([C@@H](CCCCCC(=O)O)c2ccccc2)=C(C)C1=O,1,O=C1C=CC(=O)C(Cc2ccccc2)=C1,0.1948971518987342,0,0.09000314790244701
CC(C)c1c(C(=O)Nc2ccccc2)c(-c2ccccc2)c(-c2ccc(F)cc2)n1CC[C@@H](O)C[C@@H](O)CC(=O)O,0,O=C(Nc1ccccc1)c1c[nH]c(-c2ccccc2)c1-c1ccccc1,C[C@@H](c1ncncc1F)[C@](O)(Cn1cncn1)c1ccc(F)cc1F,1,c1ccc(C(Cc2ccncn2)Cn2cncn2)cc1,0.18118320036128255,0,0.023269817070384415
OC(c1ccccc1)(c1ccccc1)C1CCNCC1,0,c1ccc(C(c2ccccc2)C2CCNCC2)cc1,CC(C)N(CC[C@@](C(N)=O)(c1ccccc1)c1ccccn1)C(C)C,1,c1ccc(Cc2ccccn2)cc1,0.1897872340425532,0,0.08220658026233897
OC(c1ccccc1)(c1ccccc1)C1CCNCC1,0,c1ccc(C(c2ccccc2)C2CCNCC2)cc1,CC(C)C1CCC(C(=O)N[C@H](Cc2ccccc2)C(=O)O)CC1,1,O=C(NCCc1ccccc1)C1CCCCC1,0.18903863432165322,0,0.09830286254486854
OC(c1ccccc1)(c1ccccc1)C1CCNCC1,0,c1ccc(C(c2ccccc2)C2CCNCC2)cc1,CC[C@H](c1ccccc1)c1c(O)c2ccccc2oc1=O,1,O=c1oc2ccccc2cc1Cc1ccccc1,0.1820952380952381,0,0.14683806449946757
OC(c1ccccc1)(c1ccccc1)C1CCNCC1,0,c1ccc(C(c2ccccc2)C2CCNCC2)cc1,CNCC[C@@H](Oc1ccc(C(F)(F)F)cc1)c1ccccc1,1,c1ccc(COc2ccccc2)cc1,0.18021417644059154,0,0.02658737440809419
CN1CCN2c3ccccc3Cc3cccnc3[C@@H]2C1,1,c1ccc2c(c1)Cc1cccnc1C1CNCCN21,CN(C)CCCN1c2ccccc2CCc2ccccc21,1,c1ccc2c(c1)CCc1ccccc1N2,0.2548148148148148,0,0.3499901033834349
CN1CCN2c3ccccc3Cc3cccnc3[C@@H]2C1,1,c1ccc2c(c1)Cc1cccnc1C1CNCCN21,CN(C)CCCN1c2ccccc2CCc2ccc(Cl)cc21,1,c1ccc2c(c1)CCc1ccccc1N2,0.2199813258636788,0,0.32083880494589945
CN1CCN2c3ccccc3Cc3cccnc3[C@@H]2C1,1,c1ccc2c(c1)Cc1cccnc1C1CNCCN21,CN1C(C(=O)Nc2ccccn2)=C(O)c2ccccc2S1(=O)=O,1,O=C(Nc1ccccn1)C1=Cc2ccccc2S(=O)(=O)N1,0.21612554112554114,1,0.5356972829514991
CN1CCN2c3ccccc3Cc3cccnc3[C@@H]2C1,1,c1ccc2c(c1)Cc1cccnc1C1CNCCN21,CN1CCCN=C1/C=C\c1cccs1,1,C(=Cc1cccs1)C1=NCCCN1,0.21080026024723486,0,0.4117151822617816
C[C@]12CC[C@@H]3c4ccc(O)cc4CC[C@H]3[C@@H]1CCC2=O,1,O=C1CCC2C1CCC1c3ccccc3CCC12,C[C@]12CC[C@@H]3c4ccc(O)cc4CC[C@H]3[C@@H]1CC[C@@H]2O,1,c1ccc2c(c1)CCC1C2CCC2CCCC21,0.6405405405405405,0,0.35603376893942457
C[C@]12CC[C@@H]3c4ccc(O)cc4CC[C@H]3[C@@H]1CCC2=O,1,O=C1CCC2C1CCC1c3ccccc3CCC12,C#C[C@]1(O)CC[C@H]2[C@@H]3CCc4cc(OC)ccc4[C@H]3CC[C@@]21C,1,c1ccc2c(c1)CCC1C2CCC2CCCC21,0.4510144927536232,0,0.347349787760783
C[C@]12CC[C@@H]3c4ccc(O)cc4CC[C@H]3[C@@H]1CCC2=O,1,O=C1CCC2C1CCC1c3ccccc3CCC12,O=C(C1CCCCC1)N1CC(=O)N2CCc3ccccc3[C@H]2C1,1,O=C(C1CCCCC1)N1CC(=O)N2CCc3ccccc3C2C1,0.22714285714285715,0,0.4160271428130842
C[C@]12CC[C@@H]3c4ccc(O)cc4CC[C@H]3[C@@H]1CCC2=O,1,O=C1CCC2C1CCC1c3ccccc3CCC12,CC(=O)Nc1ccc(O)cc1,1,c1ccccc1,0.199,0,0.38180401794377516
Cc1cnc(NC(=O)C2=C(O)c3ccccc3S(=O)(=O)N2C)s1,1,O=C(Nc1nccs1)C1=Cc2ccccc2S(=O)(=O)N1,CN1C(C(=O)Nc2ccccn2)=C(O)c2ccccc2S1(=O)=O,1,O=C(Nc1ccccn1)C1=Cc2ccccc2S(=O)(=O)N1,0.6678062678062678,1,0.8842542552433059
Cc1cnc(NC(=O)C2=C(O)c3ccccc3S(=O)(=O)N2C)s1,1,O=C(Nc1nccs1)C1=Cc2ccccc2S(=O)(=O)N1,CC(C)C[C@@H](NC(=O)[C@@H](Cc1ccccc1)NC(=O)c1cnccn1)B(O)O,1,O=C(NCCc1ccccc1)c1cnccn1,0.21021711366538953,1,0.8727287823624733
Cc1cnc(NC(=O)C2=C(O)c3ccccc3S(=O)(=O)N2C)s1,1,O=C(Nc1nccs1)C1=Cc2ccccc2S(=O)(=O)N1,CCN(CC)CC(=O)Nc1c(C)cccc1C,1,c1ccccc1,0.20890269151138718,1,0.6618090009777969
Cc1cnc(NC(=O)C2=C(O)c3ccccc3S(=O)(=O)N2C)s1,1,O=C(Nc1nccs1)C1=Cc2ccccc2S(=O)(=O)N1,Cc1ncc2n1-c1ccc(Cl)cc1C(c1ccccc1F)=NC2,1,c1ccc(C2=NCc3cncn3-c3ccccc32)cc1,0.19028213166144203,1,0.6499545451480447
CN1C(C(=O)Nc2ccccn2)=C(O)c2ccccc2S1(=O)=O,1,O=C(Nc1ccccn1)C1=Cc2ccccc2S(=O)(=O)N1,Cc1cnc(NC(=O)C2=C(O)c3ccccc3S(=O)(=O)N2C)s1,1,O=C(Nc1nccs1)C1=Cc2ccccc2S(=O)(=O)N1,0.6678062678062678,1,0.7638575582465231
CN1C(C(=O)Nc2ccccn2)=C(O)c2ccccc2S1(=O)=O,1,O=C(Nc1ccccn1)C1=Cc2ccccc2S(=O)(=O)N1,CC(C)C[C@@H](NC(=O)[C@@H](Cc1ccccc1)NC(=O)c1cnccn1)B(O)O,1,O=C(NCCc1ccccc1)c1cnccn1,0.22370129870129873,1,0.7890174947491889
CN1C(C(=O)Nc2ccccn2)=C(O)c2ccccc2S1(=O)=O,1,O=C(Nc1ccccn1)C1=Cc2ccccc2S(=O)(=O)N1,CC(C)N(CC[C@@](C(N)=O)(c1ccccc1)c1ccccn1)C(C)C,1,c1ccc(Cc2ccccn2)cc1,0.2226961990702762,1,0.521910885575566
CN1C(C(=O)Nc2ccccn2)=C(O)c2ccccc2S1(=O)=O,1,O=C(Nc1ccccn1)C1=Cc2ccccc2S(=O)(=O)N1,CN1CCN2c3ccccc3Cc3cccnc3[C@@H]2C1,1,c1ccc2c(c1)Cc1cccnc1C1CNCCN21,0.21612554112554114,1,0.5218983738910078
CCOCn1c(Cc2ccccc2)c(C(C)C)c(=O)[nH]c1=O,0,O=c1cc(Cc2ccccc2)[nH]c(=O)[nH]1,CCC1(c2ccccc2)C(=O)NC(=O)NC1=O,1,O=C1NC(=O)C(c2ccccc2)C(=O)N1,0.2166876310272537,0,0.010487505380880282
CCOCn1c(Cc2ccccc2)c(C(C)C)c(=O)[nH]c1=O,0,O=c1cc(Cc2ccccc2)[nH]c(=O)[nH]1,CCCCC1C(=O)N(c2ccccc2)N(c2ccccc2)C1=O,1,O=C1CC(=O)N(c2ccccc2)N1c1ccccc1,0.2132890365448505,0,0.016555552023776066
CCOCn1c(Cc2ccccc2)c(C(C)C)c(=O)[nH]c1=O,0,O=c1cc(Cc2ccccc2)[nH]c(=O)[nH]1,CC[C@H](c1ccccc1)c1c(O)c2ccccc2oc1=O,1,O=c1oc2ccccc2cc1Cc1ccccc1,0.20895334174022698,0,0.008641953609077666
CCOCn1c(Cc2ccccc2)c(C(C)C)c(=O)[nH]c1=O,0,O=c1cc(Cc2ccccc2)[nH]c(=O)[nH]1,C#CCN(C)[C@@H](C)Cc1ccccc1,1,c1ccccc1,0.20186335403726707,0,0.012788785422888697
CCCC(CCC)C(=O)O,1,,CC(C)Cc1ccc([C@@H](C)C(=O)O)cc1,1,c1ccccc1,0.2531986531986532,0,0.3931826237215373
CCCC(CCC)C(=O)O,1,,CC1=C(C)C(=O)C([C@@H](CCCCCC(=O)O)c2ccccc2)=C(C)C1=O,1,O=C1C=CC(=O)C(Cc2ccccc2)=C1,0.19839572192513372,1,0.5357085299142711
CCCC(CCC)C(=O)O,1,,COc1ccc2cc([C@H](C)C(=O)O)ccc2c1,1,c1ccc2ccccc2c1,0.19585326953748006,0,0.46827899207922946
CCCC(CCC)C(=O)O,1,,CC(C)C1CCC(C(=O)N[C@H](Cc2ccccc2)C(=O)O)CC1,1,O=C(NCCc1ccccc1)C1CCCCC1,0.19055900621118013,0,0.3614636751554803
CC(C)=O,0,,CC(=O)Nc1ccc(O)cc1,1,c1ccccc1,0.23047619047619047,0,0.08306233724888053
CC(C)=O,0,,CCCC(CCC)C(=O)O,1,,0.2152777777777778,0,0.06716973088340375
CC(C)=O,0,,CC(=O)Oc1ccccc1C(=O)O,1,c1ccccc1,0.1947826086956522,0,0.06290194947528292
CC(C)=O,0,,CCOc1ccc(NC(C)=O)cc1,1,c1ccccc1,0.18624338624338624,0,0.03558754529194293
O=[N+]([O-])OCC(CO[N+](=O)[O-])O[N+](=O)[O-],0,,Cc1ncc([N+](=O)[O-])n1CCO,1,c1c[nH]cn1,0.14019933554817277,0,0.0433445061549271
O=[N+]([O-])OCC(CO[N+](=O)[O-])O[N+](=O)[O-],0,,CC(=O)C[C@@H](c1ccc([N+](=O)[O-])cc1)c1c(O)c2ccccc2oc1=O,1,O=c1oc2ccccc2cc1Cc1ccccc1,0.13228070175438597,0,0.04981928361799501
O=[N+]([O-])OCC(CO[N+](=O)[O-])O[N+](=O)[O-],0,,CCCC(CCC)C(=O)O,1,,0.0903846153846154,0,0.04533779063026446
O=[N+]([O-])OCC(CO[N+](=O)[O-])O[N+](=O)[O-],0,,CCOc1ccc(NC(C)=O)cc1,1,c1ccccc1,0.07649769585253456,0,0.03478077256930564
NN=O,0,,Nc1ccc(S(=O)(=O)c2ccc(N)cc2)cc1,1,O=S(=O)(c1ccccc1)c1ccccc1,0.1368421052631579,0,0.009139596784849767
NN=O,0,,CN(C)S(=O)(=O)CCNC(=O)N(CCCl)N=O,1,,0.10957854406130269,0,0.011328899255321326
NN=O,0,,Cc1cc(NS(=O)(=O)c2ccc(N)cc2)no1,1,O=S(=O)(Nc1ccon1)c1ccccc1,0.08147465437788019,0,0.007925343117012592
NN=O,0,,CCN[C@H]1C[C@H](C)S(=O)(=O)c2sc(S(N)(=O)=O)cc21,1,O=S1(=O)CCCc2ccsc21,0.06724252491694352,0,0.03683127348641623
FC(F)(F)[C@H](Cl)Br,1,,ClC(Cl)Cl,1,,0.2857142857142857,1,0.7063314595581899
FC(F)(F)[C@H](Cl)Br,1,,CNCC[C@@H](Oc1ccc(C(F)(F)F)cc1)c1ccccc1,1,c1ccc(COc2ccccc2)cc1,0.0937734433608402,1,0.6030910306402588
FC(F)(F)[C@H](Cl)Br,1,,Cc1ccc(-c2cc(C(F)(F)F)nn2-c2ccc(S(N)(=O)=O)cc2)cc1,1,c1ccc(-c2ccnn2-c2ccccc2)cc1,0.06621621621621622,1,0.8356232190384703
FC(F)(F)[C@H](Cl)Br,1,,Cc1c(OCC(F)(F)F)ccnc1C[S@@H](=O)c1nc2ccccc2[nH]1,1,O=[SH](Cc1ccccn1)c1nc2ccccc2[nH]1,0.059496567505720827,1,0.713964095287952
FCOC(C(F)(F)F)C(F)(F)F,0,,FC(F)(F)[C@H](Cl)Br,1,,0.2476190476190476,0,0.012791265128639321
FCOC(C(F)(F)F)C(F)(F)F,0,,CNCC[C@@H](Oc1ccc(C(F)(F)F)cc1)c1ccccc1,1,c1ccc(COc2ccccc2)cc1,0.1288888888888889,0,0.011632883990396716
FCOC(C(F)(F)F)C(F)(F)F,0,,ClC(Cl)Cl,1,,0.09059829059829061,0,0.01272908225035212
FCOC(C(F)(F)F)C(F)(F)F,0,,Cc1c(OCC(F)(F)F)ccnc1C[S@@H](=O)c1nc2ccccc2[nH]1,1,O=[SH](Cc1ccccn1)c1nc2ccccc2[nH]1,0.08740445330674643,0,0.015440537496976119
FC(F)O[C@@H](Cl)C(F)(F)F,0,,FC(F)(F)[C@H](Cl)Br,1,,0.33714285714285713,0,0.013846034280790289
FC(F)O[C@@H](Cl)C(F)(F)F,0,,ClC(Cl)Cl,1,,0.18733031674208148,0,0.013123616598750542
FC(F)O[C@@H](Cl)C(F)(F)F,0,,CNCC[C@@H](Oc1ccc(C(F)(F)F)cc1)c1ccccc1,1,c1ccc(COc2ccccc2)cc1,0.10732860520094564,0,0.01271622973317013
FC(F)O[C@@H](Cl)C(F)(F)F,0,,Cc1c(OCC(F)(F)F)ccnc1C[S@@H](=O)c1nc2ccccc2[nH]1,1,O=[SH](Cc1ccccn1)c1nc2ccccc2[nH]1,0.08627450980392157,0,0.016885053936336075
CCN(CC)C(=S)SSC(=S)N(CC)CC,0,,CCN(CC)CC(=O)Nc1c(C)cccc1C,1,c1ccccc1,0.14807692307692308,0,0.019557353909148867
CCN(CC)C(=S)SSC(=S)N(CC)CC,0,,CCCC(CCC)C(=O)O,1,,0.1392857142857143,0,0.0074461223297997954
CCN(CC)C(=S)SSC(=S)N(CC)CC,0,,CCOc1ccc(NC(C)=O)cc1,1,c1ccccc1,0.1117967332123412,0,0.006310805479964759
CCN(CC)C(=S)SSC(=S)N(CC)CC,0,,CC/C(=C(/c1ccccc1)c1ccc(OCCN(C)C)cc1)c1ccccc1,1,C(=C(c1ccccc1)c1ccccc1)c1ccccc1,0.1080091533180778,0,0.06416331737222963
CS(C)=O,0,,CCCC(CCC)C(=O)O,1,,0.11750000000000002,0,0.014518433417428969
CS(C)=O,0,,CC(=O)Nc1ccc(O)cc1,1,c1ccccc1,0.10666666666666667,0,0.01628118043129894
CS(C)=O,0,,CCCCC1C(=O)N(c2ccccc2)N(c2ccccc2)C1=O,1,O=C1CC(=O)N(c2ccccc2)N1c1ccccc1,0.1,0,0.043864415333547215
CS(C)=O,0,,CC(=O)Oc1ccccc1C(=O)O,1,c1ccccc1,0.09192546583850932,0,0.016950405775978835
CN(C)S(=O)(=O)CCNC(=O)N(CCCl)N=O,1,,O=[P@]1(N(CCCl)CCCl)NCCCO1,1,O=[PH]1NCCCO1,0.1929769392033543,1,0.5855773917528296
CN(C)S(=O)(=O)CCNC(=O)N(CCCl)N=O,1,,CCCCNC(=O)NS(=O)(=O)c1ccc(C)cc1,1,c1ccccc1,0.18320802005012532,0,0.40813401068391403
CN(C)S(=O)(=O)CCNC(=O)N(CCCl)N=O,1,,O=[P@]1(NCCCl)OCCCN1CCCl,1,O=[PH]1NCCCO1,0.1758241758241758,1,0.5711591811660525
CN(C)S(=O)(=O)CCNC(=O)N(CCCl)N=O,1,,Cc1cnc(C(=O)NCCc2ccc(S(=O)(=O)NC(=O)NC3CCCCC3)cc2)cn1,1,O=C(NC1CCCCC1)NS(=O)(=O)c1ccc(CCNC(=O)c2cnccn2)cc1,0.15213793103448275,1,0.6175152943250344
FC(F)OC(F)(F)[C@@H](F)Cl,0,,FC(F)(F)[C@H](Cl)Br,1,,0.2857142857142857,0,0.009116035046607898
FC(F)OC(F)(F)[C@@H](F)Cl,0,,ClC(Cl)Cl,1,,0.18733031674208148,0,0.00728545757588493
FC(F)OC(F)(F)[C@@H](F)Cl,0,,CNCC[C@@H](Oc1ccc(C(F)(F)F)cc1)c1ccccc1,1,c1ccc(COc2ccccc2)cc1,0.10732860520094564,0,0.010117820464335443
FC(F)OC(F)(F)[C@@H](F)Cl,0,,CC(C)/N=C(N)\N=C(/N)Nc1ccc(Cl)cc1,1,c1ccccc1,0.07219251336898395,0,0.014052635709225145
CCOC(=O)C[C@@H](SP(=S)(OC)OC)C(=O)OCC,0,,CCCC(CCC)C(=O)O,1,,0.16666666666666666,0,0.010698982101646083
CCOC(=O)C[C@@H](SP(=S)(OC)OC)C(=O)OCC,0,,CCOP(=S)(OCC)Oc1nc(Cl)c(Cl)cc1Cl,1,c1ccncc1,0.15954415954415954,0,0.003581090795821774
CCOC(=O)C[C@@H](SP(=S)(OC)OC)C(=O)OCC,0,,CCOc1ccc(NC(C)=O)cc1,1,c1ccccc1,0.15918367346938775,0,0.008119881316294526
CCOC(=O)C[C@@H](SP(=S)(OC)OC)C(=O)OCC,0,,CCCSc1ccc2nc(NC(=O)OC)[nH]c2c1,1,c1ccc2[nH]cnc2c1,0.14583333333333334,0,0.03599503348613684
CS(=O)(=O)OCCCCOS(C)(=O)=O,0,,CCCCNC(=O)NS(=O)(=O)c1ccc(C)cc1,1,c1ccccc1,0.14654377880184333,0,0.042627225770443845
CS(=O)(=O)OCCCCOS(C)(=O)=O,0,,CCOc1ccc(NC(C)=O)cc1,1,c1ccccc1,0.12352352352352353,0,0.026678068206792832
CS(=O)(=O)OCCCCOS(C)(=O)=O,0,,CCCC(CCC)C(=O)O,1,,0.12207792207792209,0,0.03577997260329584
CS(=O)(=O)OCCCCOS(C)(=O)=O,0,,CN(C)S(=O)(=O)CCNC(=O)N(CCCl)N=O,1,,0.12032085561497327,0,0.08775151965995283
COC(F)(F)C(Cl)Cl,0,,FC(F)(F)[C@H](Cl)Br,1,,0.30153846153846153,0,0.0183108300222601
COC(F)(F)C(Cl)Cl,0,,ClC(Cl)Cl,1,,0.2,0,0.013966740256686563
COC(F)(F)C(Cl)Cl,0,,CNCC[C@@H](Oc1ccc(C(F)(F)F)cc1)c1ccccc1,1,c1ccc(COc2ccccc2)cc1,0.12952380952380954,0,0.014160771634422429
COC(F)(F)C(Cl)Cl,0,,COc1ccc2cc([C@H](C)C(=O)O)ccc2c1,1,c1ccc2ccccc2c1,0.09714285714285716,0,0.02453725768226408
CCC[C@@](C)(COC(N)=O)COC(=O)NC(C)C,0,,CCCC(CCC)C(=O)O,1,,0.19747687132043737,0,0.06876985035210574
CCC[C@@](C)(COC(N)=O)COC(=O)NC(C)C,0,,CC(C)N(CC[C@@](C(N)=O)(c1ccccc1)c1ccccn1)C(C)C,1,c1ccc(Cc2ccccn2)cc1,0.16884920634920636,0,0.2374444676296082
CCC[C@@](C)(COC(N)=O)COC(=O)NC(C)C,0,,CC(C)c1nc(CN(C)C(=O)N[C@H](C(=O)N[C@@H](Cc2ccccc2)C[C@H](O)[C@H](Cc2ccccc2)NC(=O)OCc2cncs2)C(C)C)cs1,1,O=C(CNC(=O)NCc1cscn1)NC(CCC(Cc1ccccc1)NC(=O)OCc1cncs1)Cc1ccccc1,0.16575481256332322,0,0.07931623600769766
CCC[C@@](C)(COC(N)=O)COC(=O)NC(C)C,0,,CCCSc1ccc2nc(NC(=O)OC)[nH]c2c1,1,c1ccc2[nH]cnc2c1,0.1605769230769231,0,0.08446407851932533
CCO,0,,CCCC(CCC)C(=O)O,1,,0.20130718954248367,0,0.05609390166205258
CCO,0,,CCOc1ccc(NC(C)=O)cc1,1,c1ccccc1,0.13167701863354037,0,0.028765455176697992
CCO,0,,Cc1ncc([N+](=O)[O-])n1CCO,1,c1c[nH]cn1,0.12962962962962965,0,0.022422808074178756
CCO,0,,CCN(CC)CC(=O)Nc1c(C)cccc1C,1,c1ccccc1,0.11861042183622829,0,0.1340356844907848
CCCO,0,,CCCC(CCC)C(=O)O,1,,0.243859649122807,0,0.06264406455125314
CCCO,0,,Cc1ncc([N+](=O)[O-])n1CCO,1,c1c[nH]cn1,0.14879832810867294,0,0.02541013816971163
CCCO,0,,CCCCNC(=O)NS(=O)(=O)c1ccc(C)cc1,1,c1ccccc1,0.13253968253968254,0,0.07699113936750844
CCCO,0,,CCCCC1C(=O)N(c2ccccc2)N(c2ccccc2)C1=O,1,O=C1CC(=O)N(c2ccccc2)N1c1ccccc1,0.125,0,0.1656498048049285
ClC(Cl)Cl,1,,FC(F)(F)[C@H](Cl)Br,1,,0.2857142857142857,0,0.4154049791568865
ClC(Cl)Cl,1,,CC(C)/N=C(N)\N=C(/N)Nc1ccc(Cl)cc1,1,c1ccccc1,0.0632996632996633,0,0.29868916621317076
ClC(Cl)Cl,1,,CCCC(CCC)C(=O)O,1,,0.05386996904024768,0,0.263963668834496
ClC(Cl)Cl,1,,O=[P@]1(N(CCCl)CCCl)NCCCO1,1,O=[PH]1NCCCO1,0.052753623188405804,0,0.4826935373174567
CNC(=O)O/N=C(\C)SC,0,,CNC(=O)Oc1cccc2ccccc12,1,c1ccc2ccccc2c1,0.24673485444531865,0,0.024260377205020046
CNC(=O)O/N=C(\C)SC,0,,CC(=O)Nc1ccc(O)cc1,1,c1ccccc1,0.18585858585858586,0,0.06846492451401608
CNC(=O)O/N=C(\C)SC,0,,CCOc1ccc(NC(C)=O)cc1,1,c1ccccc1,0.18550932568149214,0,0.06793465274311095
CNC(=O)O/N=C(\C)SC,0,,CC(=O)Oc1ccccc1C(=O)O,1,c1ccccc1,0.1513588850174216,0,0.09426575630788765
ClC=C(Cl)Cl,0,,ClC(Cl)Cl,1,,0.15844155844155844,0,0.05720397323085034
ClC=C(Cl)Cl,0,,FC(F)(F)[C@H](Cl)Br,1,,0.1111111111111111,0,0.10990199384347067
ClC=C(Cl)Cl,0,,CN(C)S(=O)(=O)CCNC(=O)N(CCCl)N=O,1,,0.06000000000000001,0,0.05527046492341244
ClC=C(Cl)Cl,0,,CC(C)/N=C(N)\N=C(/N)Nc1ccc(Cl)cc1,1,c1ccccc1,0.05703634669151911,0,0.05091091161384383
OC(O)C(Cl)(Cl)Cl,0,,FC(F)(F)[C@H](Cl)Br,1,,0.22117647058823534,0,0.0854960012470737
OC(O)C(Cl)(Cl)Cl,0,,ClC(Cl)Cl,1,,0.21212121212121215,0,0.06475517984878906
OC(O)C(Cl)(Cl)Cl,0,,CC(C)c1cccc(C(C)C)c1O,1,c1ccccc1,0.08666666666666667,0,0.04578523634151341
OC(O)C(Cl)(Cl)Cl,0,,CC(C)C[C@@H](NC(=O)[C@@H](Cc1ccccc1)NC(=O)c1cnccn1)B(O)O,1,O=C(NCCc1ccccc1)c1cnccn1,0.08143763213530655,0,0.16275293919724512
C[C@H](CN(C)C)CN1c2ccccc2CCc2ccccc21,0,c1ccc2c(c1)CCc1ccccc1N2,CN(C)CCCN1c2ccccc2CCc2ccccc21,1,c1ccc2c(c1)CCc1ccccc1N2,0.5707692307692308,0,0.40916700163716463
C[C@H](CN(C)C)CN1c2ccccc2CCc2ccccc21,0,c1ccc2c(c1)CCc1ccccc1N2,CN(C)CCCN1c2ccccc2CCc2ccc(Cl)cc21,1,c1ccc2c(c1)CCc1ccccc1N2,0.46666666666666673,0,0.36989381657143827
C[C@H](CN(C)C)CN1c2ccccc2CCc2ccccc21,0,c1ccc2c(c1)CCc1ccccc1N2,CN(C)CCC=C1c2ccccc2CCc2ccccc21,1,C=C1c2ccccc2CCc2ccccc21,0.34095238095238095,1,0.5208432733804881
C[C@H](CN(C)C)CN1c2ccccc2CCc2ccccc21,0,c1ccc2c(c1)CCc1ccccc1N2,CN(C)CCCN1c2ccccc2Sc2ccccc21,1,c1ccc2c(c1)Nc1ccccc1S2,0.33171355498721233,1,0.6229129055631477
CN(C)CCCN1c2ccccc2CCc2ccc(Cl)cc21,1,c1ccc2c(c1)CCc1ccccc1N2,CN(C)CCCN1c2ccccc2CCc2ccccc21,1,c1ccc2c(c1)CCc1ccccc1N2,0.7718166383701189,0,0.42726321610977497
CN(C)CCCN1c2ccccc2CCc2ccc(Cl)cc21,1,c1ccc2c(c1)CCc1ccccc1N2,CN(C)CCCN1c2ccccc2Sc2ccccc21,1,c1ccc2c(c1)Nc1ccccc1S2,0.49968253968253973,1,0.639500672584885
CN(C)CCCN1c2ccccc2CCc2ccc(Cl)cc21,1,c1ccc2c(c1)CCc1ccccc1N2,CN(C)CCC=C1c2ccccc2CCc2ccccc21,1,C=C1c2ccccc2CCc2ccccc21,0.3509473684210527,1,0.518044541670659
CN(C)CCCN1c2ccccc2CCc2ccc(Cl)cc21,1,c1ccc2c(c1)CCc1ccccc1N2,CN(C)CC/C=C1/c2ccccc2COc2ccccc21,1,C=C1c2ccccc2COc2ccccc21,0.2796238244514107,1,0.551393784791943
CNCCCN1c2ccccc2CCc2ccccc21,0,c1ccc2c(c1)CCc1ccccc1N2,CN(C)CCCN1c2ccccc2CCc2ccccc21,1,c1ccc2c(c1)CCc1ccccc1N2,0.601388888888889,0,0.20290538635619965
CNCCCN1c2ccccc2CCc2ccccc21,0,c1ccc2c(c1)CCc1ccccc1N2,CN(C)CCCN1c2ccccc2CCc2ccc(Cl)cc21,1,c1ccc2c(c1)CCc1ccccc1N2,0.4858479532163743,0,0.16180182569607054
CNCCCN1c2ccccc2CCc2ccccc21,0,c1ccc2c(c1)CCc1ccccc1N2,CN(C)CCCN1c2ccccc2Sc2ccccc21,1,c1ccc2c(c1)Nc1ccccc1S2,0.3457364341085271,0,0.1512739368204802
CNCCCN1c2ccccc2CCc2ccccc21,0,c1ccc2c(c1)CCc1ccccc1N2,CNCC[C@@H](Oc1ccccc1C)c1ccccc1,1,c1ccc(COc2ccccc2)cc1,0.2900360144057623,0,0.2222013140656355
CN(C)CCCN1c2ccccc2CCc2ccccc21,1,c1ccc2c(c1)CCc1ccccc1N2,CN(C)CCCN1c2ccccc2CCc2ccc(Cl)cc21,1,c1ccc2c(c1)CCc1ccccc1N2,0.7718166383701189,0,0.392517086517255
CN(C)CCCN1c2ccccc2CCc2ccccc21,1,c1ccc2c(c1)CCc1ccccc1N2,CN(C)CCCN1c2ccccc2Sc2ccccc21,1,c1ccc2c(c1)Nc1ccccc1S2,0.6199233716475097,1,0.6468558430556339
CN(C)CCCN1c2ccccc2CCc2ccccc21,1,c1ccc2c(c1)CCc1ccccc1N2,CN(C)CCC=C1c2ccccc2CCc2ccccc21,1,C=C1c2ccccc2CCc2ccccc21,0.42545731707317075,1,0.5235407056045155
CN(C)CCCN1c2ccccc2CCc2ccccc21,1,c1ccc2c(c1)CCc1ccccc1N2,CN(C)CC/C=C1/c2ccccc2COc2ccccc21,1,C=C1c2ccccc2COc2ccccc21,0.329108485499463,1,0.5659566133118977
C[C@]12CCC(=O)C=C1CC[C@@H]1[C@@H]2C(=O)C[C@@]2(C)[C@H]1CC[C@]2(O)C(=O)CO,0,O=C1C=C2CCC3C4CCCC4CC(=O)C3C2CC1,C#C[C@]1(O)CC[C@H]2[C@@H]3CCc4cc(OC)ccc4[C@H]3CC[C@@]21C,1,c1ccc2c(c1)CCC1C2CCC2CCCC21,0.2697855750487329,0,0.01763254584001011
C[C@]12CCC(=O)C=C1CC[C@@H]1[C@@H]2C(=O)C[C@@]2(C)[C@H]1CC[C@]2(O)C(=O)CO,0,O=C1C=C2CCC3C4CCCC4CC(=O)C3C2CC1,C[C@]12CC[C@@H]3c4ccc(O)cc4CC[C@H]3[C@@H]1CCC2=O,1,O=C1CCC2C1CCC1c3ccccc3CCC12,0.24252968793151064,0,0.024868903335955872
C[C@]12CCC(=O)C=C1CC[C@@H]1[C@@H]2C(=O)C[C@@]2(C)[C@H]1CC[C@]2(O)C(=O)CO,0,O=C1C=C2CCC3C4CCCC4CC(=O)C3C2CC1,C[C@]12CC[C@@H]3c4ccc(O)cc4CC[C@H]3[C@@H]1CC[C@@H]2O,1,c1ccc2c(c1)CCC1C2CCC2CCCC21,0.18908720040795512,0,0.021503507865210176
C[C@]12CCC(=O)C=C1CC[C@@H]1[C@@H]2C(=O)C[C@@]2(C)[C@H]1CC[C@]2(O)C(=O)CO,0,O=C1C=C2CCC3C4CCCC4CC(=O)C3C2CC1,CN1C(=O)[C@@](C)(C2=CCCCC2)C(=O)N=C1O,1,O=C1N=CNC(=O)C1C1=CCCCC1,0.1810130614845492,0,0.009095823907758746
COc1ccc2c3c1O[C@H]1[C@@H](O)CC[C@H]4[C@@H](C2)N(C)CC[C@@]341,0,c1cc2c3c(c1)OC1CCCC4C(C2)NCCC314,C#C[C@]1(O)CC[C@H]2[C@@H]3CCc4cc(OC)ccc4[C@H]3CC[C@@]21C,1,c1ccc2c(c1)CCC1C2CCC2CCCC21,0.22000000000000003,0,0.048224743451100255
COc1ccc2c3c1O[C@H]1[C@@H](O)CC[C@H]4[C@@H](C2)N(C)CC[C@@]341,0,c1cc2c3c(c1)OC1CCCC4C(C2)NCCC314,C[C@]12CC[C@@H]3c4ccc(O)cc4CC[C@H]3[C@@H]1CC[C@@H]2O,1,c1ccc2c(c1)CCC1C2CCC2CCCC21,0.21350636866137945,0,0.13588516976191764
COc1ccc2c3c1O[C@H]1[C@@H](O)CC[C@H]4[C@@H](C2)N(C)CC[C@@]341,0,c1cc2c3c(c1)OC1CCCC4C(C2)NCCC314,COc1ccc(CCN(C)CCC[C@@](C#N)(c2ccc(OC)c(OC)c2)C(C)C)cc1OC,1,c1ccc(CCCCNCCc2ccccc2)cc1,0.19206349206349205,0,0.03980606001045144
COc1ccc2c3c1O[C@H]1[C@@H](O)CC[C@H]4[C@@H](C2)N(C)CC[C@@]341,0,c1cc2c3c(c1)OC1CCCC4C(C2)NCCC314,C[C@]12CC[C@@H]3c4ccc(O)cc4CC[C@H]3[C@@H]1CCC2=O,1,O=C1CCC2C1CCC1c3ccccc3CCC12,0.18273446327683618,0,0.08977382578724538
Cc1ccc(C(=O)[C@H](C)CN2CCCCC2)cc1,0,O=C(CCN1CCCCC1)c1ccccc1,Cc1ccc(S(=O)(=O)NC(=O)NN2C[C@H]3CCC[C@H]3C2)cc1,1,O=C(NN1CC2CCCC2C1)NS(=O)(=O)c1ccccc1,0.2636363636363636,0,0.2802901036484406
Cc1ccc(C(=O)[C@H](C)CN2CCCCC2)cc1,0,O=C(CCN1CCCCC1)c1ccccc1,CCCCNC(=O)NS(=O)(=O)c1ccc(C)cc1,1,c1ccccc1,0.2405915349311576,0,0.11336707163431023
Cc1ccc(C(=O)[C@H](C)CN2CCCCC2)cc1,0,O=C(CCN1CCCCC1)c1ccccc1,CCOc1cc(CC(=O)N[C@@H](CC(C)C)c2ccccc2N2CCCCC2)ccc1C(=O)O,1,O=C(Cc1ccccc1)NCc1ccccc1N1CCCCC1,0.2309941520467836,0,0.09857933465259601
Cc1ccc(C(=O)[C@H](C)CN2CCCCC2)cc1,0,O=C(CCN1CCCCC1)c1ccccc1,Cc1ccc(O)c([C@@H](CCN(C(C)C)C(C)C)c2ccccc2)c1,1,c1ccc(Cc2ccccc2)cc1,0.2210526315789474,0,0.11151957055255048
NC1=NC[C@@H]2c3ccccc3Cc3ccccc3N12,0,C1=NCC2c3ccccc3Cc3ccccc3N12,CN1CCN2c3ccccc3Cc3cccnc3[C@@H]2C1,1,c1ccc2c(c1)Cc1cccnc1C1CNCCN21,0.29629629629629634,0,0.05995081347912058
NC1=NC[C@@H]2c3ccccc3Cc3ccccc3N12,0,C1=NCC2c3ccccc3Cc3ccccc3N12,CN(C)CCCN1c2ccccc2CCc2ccccc21,1,c1ccc2c(c1)CCc1ccccc1N2,0.23410526315789473,0,0.059050154299885894
NC1=NC[C@@H]2c3ccccc3Cc3ccccc3N12,0,C1=NCC2c3ccccc3Cc3ccccc3N12,O=C(C1CCCCC1)N1CC(=O)N2CCc3ccccc3[C@H]2C1,1,O=C(C1CCCCC1)N1CC(=O)N2CCc3ccccc3C2C1,0.22801358234295419,0,0.07606698125676382
NC1=NC[C@@H]2c3ccccc3Cc3ccccc3N12,0,C1=NCC2c3ccccc3Cc3ccccc3N12,CN(C)CCCN1c2ccccc2CCc2ccc(Cl)cc21,1,c1ccc2c(c1)CCc1ccccc1N2,0.20457232952305876,0,0.054099528073601195
CO[C@H]1C[C@@H]2CC[C@@H](C)[C@@](O)(O2)C(=O)C(=O)N2CCCC[C@H]2C(=O)O[C@H]([C@H](C)C[C@@H]2CC[C@@H](OCCO)[C@H](OC)C2)CC(=O)[C@H](C)C=C(C)[C@@H](O)[C@@H](OC)C(=O)[C@H](C)C[C@H](C)C=CC=CC=C1C,0,O=C1CCC=CCC(=O)CC(CCC2CCCCC2)OC(=O)C2CCCCN2C(=O)C(=O)C2CCCC(CCC=CC=CC=CCCC1)O2,O=C(C1CCCCC1)N1CC(=O)N2CCc3ccccc3[C@H]2C1,1,O=C(C1CCCCC1)N1CC(=O)N2CCc3ccccc3C2C1,0.13424798844646174,0,2.2206531448244692e-05
CO[C@H]1C[C@@H]2CC[C@@H](C)[C@@](O)(O2)C(=O)C(=O)N2CCCC[C@H]2C(=O)O[C@H]([C@H](C)C[C@@H]2CC[C@@H](OCCO)[C@H](OC)C2)CC(=O)[C@H](C)C=C(C)[C@@H](O)[C@@H](OC)C(=O)[C@H](C)C[C@H](C)C=CC=CC=C1C,0,O=C1CCC=CCC(=O)CC(CCC2CCCCC2)OC(=O)C2CCCCN2C(=O)C(=O)C2CCCC(CCC=CC=CC=CCCC1)O2,Cc1c(C)c2c(c(C)c1O)CC[C@](C)(COc1ccc(C[C@@H]3SC(=O)NC3=O)cc1)O2,1,O=C1NC(=O)C(Cc2ccc(OCC3CCc4ccccc4O3)cc2)S1,0.10989345509893456,0,9.34920910778702e-06
CO[C@H]1C[C@@H]2CC[C@@H](C)[C@@](O)(O2)C(=O)C(=O)N2CCCC[C@H]2C(=O)O[C@H]([C@H](C)C[C@@H]2CC[C@@H](OCCO)[C@H](OC)C2)CC(=O)[C@H](C)C=C(C)[C@@H](O)[C@@H](OC)C(=O)[C@H](C)C[C@H](C)C=CC=CC=C1C,0,O=C1CCC=CCC(=O)CC(CCC2CCCCC2)OC(=O)C2CCCCN2C(=O)C(=O)C2CCCC(CCC=CC=CC=CCCC1)O2,COc1cc(C(=O)NS(=O)(=O)c2ccccc2C)ccc1Cc1cn(C)c2ccc(NC(=O)OC3CCCC3)cc12,1,O=C(Nc1ccc2[nH]cc(Cc3ccc(C(=O)NS(=O)(=O)c4ccccc4)cc3)c2c1)OC1CCCC1,0.1067821782178218,0,2.2888151612150973e-05
CO[C@H]1C[C@@H]2CC[C@@H](C)[C@@](O)(O2)C(=O)C(=O)N2CCCC[C@H]2C(=O)O[C@H]([C@H](C)C[C@@H]2CC[C@@H](OCCO)[C@H](OC)C2)CC(=O)[C@H](C)C=C(C)[C@@H](O)[C@@H](OC)C(=O)[C@H](C)C[C@H](C)C=CC=CC=C1C,0,O=C1CCC=CCC(=O)CC(CCC2CCCCC2)OC(=O)C2CCCCN2C(=O)C(=O)C2CCCC(CCC=CC=CC=CCCC1)O2,C#C[C@]1(O)CC[C@H]2[C@@H]3CCc4cc(OC)ccc4[C@H]3CC[C@@]21C,1,c1ccc2c(c1)CCC1C2CCC2CCCC21,0.10410495133305121,0,3.487241468696633e-06
C[C@@H](CCc1ccccc1)NC[C@H](O)c1ccc(O)c(C(N)=O)c1,0,c1ccc(CCCNCCc2ccccc2)cc1,Cc1ccc(O)c([C@@H](CCN(C(C)C)C(C)C)c2ccccc2)c1,1,c1ccc(Cc2ccccc2)cc1,0.2696428571428572,0,0.10891977225082373
C[C@@H](CCc1ccccc1)NC[C@H](O)c1ccc(O)c(C(N)=O)c1,0,c1ccc(CCCNCCc2ccccc2)cc1,CC(C)C1CCC(C(=O)N[C@H](Cc2ccccc2)C(=O)O)CC1,1,O=C(NCCc1ccccc1)C1CCCCC1,0.2459467369037167,0,0.1361320710515831
C[C@@H](CCc1ccccc1)NC[C@H](O)c1ccc(O)c(C(N)=O)c1,0,c1ccc(CCCNCCc2ccccc2)cc1,CC(C)Cc1ccc([C@@H](C)C(=O)O)cc1,1,c1ccccc1,0.24347826086956523,0,0.06772957397493805
C[C@@H](CCc1ccccc1)NC[C@H](O)c1ccc(O)c(C(N)=O)c1,0,c1ccc(CCCNCCc2ccccc2)cc1,CC(C)C[C@@H](NC(=O)[C@@H](Cc1ccccc1)NC(=O)c1cnccn1)B(O)O,1,O=C(NCCc1ccccc1)c1cnccn1,0.2285962624945676,0,0.41888634669217284
NC(N)=Nc1nc(CSCC/N=C/NS(=O)(=O)c2ccc(Br)cc2)cs1,0,O=S(=O)(NC=NCCSCc1cscn1)c1ccccc1,COc1ccccc1Oc1c(NS(=O)(=O)c2ccc(C(C)(C)C)cc2)nc(-c2ncccn2)nc1OCCO,1,O=S(=O)(Nc1nc(-c2ncccn2)ncc1Oc1ccccc1)c1ccccc1,0.21258355129322873,0,0.08471130804509781
NC(N)=Nc1nc(CSCC/N=C/NS(=O)(=O)c2ccc(Br)cc2)cs1,0,O=S(=O)(NC=NCCSCc1cscn1)c1ccccc1,CCCCNC(=O)NS(=O)(=O)c1ccc(C)cc1,1,c1ccccc1,0.184984984984985,0,0.08848303696707736
NC(N)=Nc1nc(CSCC/N=C/NS(=O)(=O)c2ccc(Br)cc2)cs1,0,O=S(=O)(NC=NCCSCc1cscn1)c1ccccc1,Cc1cc(NS(=O)(=O)c2ccc(N)cc2)no1,1,O=S(=O)(Nc1ccon1)c1ccccc1,0.18384506376948512,0,0.16345482255866906
NC(N)=Nc1nc(CSCC/N=C/NS(=O)(=O)c2ccc(Br)cc2)cs1,0,O=S(=O)(NC=NCCSCc1cscn1)c1ccccc1,Cc1ccc(S(=O)(=O)NC(=O)NN2C[C@H]3CCC[C@H]3C2)cc1,1,O=C(NN1CC2CCCC2C1)NS(=O)(=O)c1ccccc1,0.16713302242949146,0,0.2564232354027133
CC(C)NC[C@@H]1CCc2cc(CO)c([N+](=O)[O-])cc2N1,0,c1ccc2c(c1)CCCN2,CC(=O)C[C@@H](c1ccc([N+](=O)[O-])cc1)c1c(O)c2ccccc2oc1=O,1,O=c1oc2ccccc2cc1Cc1ccccc1,0.1892045454545455,0,0.04147940269485458
CC(C)NC[C@@H]1CCc2cc(CO)c([N+](=O)[O-])cc2N1,0,c1ccc2c(c1)CCCN2,Cc1ncc([N+](=O)[O-])n1CCO,1,c1c[nH]cn1,0.18571428571428572,0,0.010485510499822211
CC(C)NC[C@@H]1CCc2cc(CO)c([N+](=O)[O-])cc2N1,0,c1ccc2c(c1)CCCN2,CC(C)C1CCC(C(=O)N[C@H](Cc2ccccc2)C(=O)O)CC1,1,O=C(NCCc1ccccc1)C1CCCCC1,0.1756900726392252,0,0.05597634163642905
CC(C)NC[C@@H]1CCc2cc(CO)c([N+](=O)[O-])cc2N1,0,c1ccc2c(c1)CCCN2,C[C@]12CC[C@@H]3c4ccc(O)cc4CC[C@H]3[C@@H]1CC[C@@H]2O,1,c1ccc2c(c1)CCC1C2CCC2CCCC21,0.167816091954023,0,0.01598279626436802
Cc1cccc(C)c1NC(=O)CN1CCCC1=O,0,O=C(CN1CCCC1=O)Nc1ccccc1,CCN(CC)CC(=O)Nc1c(C)cccc1C,1,c1ccccc1,0.45252525252525255,0,0.10772696603607945
Cc1cccc(C)c1NC(=O)CN1CCCC1=O,0,O=C(CN1CCCC1=O)Nc1ccccc1,O=C(C1CCCCC1)N1CC(=O)N2CCc3ccccc3[C@H]2C1,1,O=C(C1CCCCC1)N1CC(=O)N2CCc3ccccc3C2C1,0.2685810810810811,0,0.22266080238025004
Cc1cccc(C)c1NC(=O)CN1CCCC1=O,0,O=C(CN1CCCC1=O)Nc1ccccc1,CC(=O)Nc1ccc(O)cc1,1,c1ccccc1,0.231055900621118,0,0.16858953065240498
Cc1cccc(C)c1NC(=O)CN1CCCC1=O,0,O=C(CN1CCCC1=O)Nc1ccccc1,CCOc1ccc(NC(C)=O)cc1,1,c1ccccc1,0.22810457516339872,0,0.23198188766048244
O=[S@H](Cc1ccccn1)c1nc2ccccc2[nH]1,0,O=[SH](Cc1ccccn1)c1nc2ccccc2[nH]1,Cc1c(OCC(F)(F)F)ccnc1C[S@@H](=O)c1nc2ccccc2[nH]1,1,O=[SH](Cc1ccccn1)c1nc2ccccc2[nH]1,0.5234042553191489,0,0.25820461628099195
O=[S@H](Cc1ccccn1)c1nc2ccccc2[nH]1,0,O=[SH](Cc1ccccn1)c1nc2ccccc2[nH]1,COc1ccc2nc([S@H](=O)Cc3ncc(C)c(OC)c3C)[nH]c2c1,1,O=[SH](Cc1ccccn1)c1nc2ccccc2[nH]1,0.401568068424804,0,0.2430921022744393
O=[S@H](Cc1ccccn1)c1nc2ccccc2[nH]1,0,O=[SH](Cc1ccccn1)c1nc2ccccc2[nH]1,CCCSc1ccc2nc(NC(=O)OC)[nH]c2c1,1,c1ccc2[nH]cnc2c1,0.21435897435897439,0,0.42336921364182784
O=[S@H](Cc1ccccn1)c1nc2ccccc2[nH]1,0,O=[SH](Cc1ccccn1)c1nc2ccccc2[nH]1,CC(C)N(CC[C@@](C(N)=O)(c1ccccc1)c1ccccn1)C(C)C,1,c1ccc(Cc2ccccn2)cc1,0.20384615384615387,0,0.34124952304404144
Cc1c(OCC(F)(F)F)ccnc1C[S@@H](=O)c1nc2ccccc2[nH]1,1,O=[SH](Cc1ccccn1)c1nc2ccccc2[nH]1,COc1ccc2nc([S@H](=O)Cc3ncc(C)c(OC)c3C)[nH]c2c1,1,O=[SH](Cc1ccccn1)c1nc2ccccc2[nH]1,0.4642533936651584,0,0.3975243244700153
Cc1c(OCC(F)(F)F)ccnc1C[S@@H](=O)c1nc2ccccc2[nH]1,1,O=[SH](Cc1ccccn1)c1nc2ccccc2[nH]1,CCCSc1ccc2nc(NC(=O)OC)[nH]c2c1,1,c1ccc2[nH]cnc2c1,0.2166409861325116,0,0.45729425241359295
Cc1c(OCC(F)(F)F)ccnc1C[S@@H](=O)c1nc2ccccc2[nH]1,1,O=[SH](Cc1ccccn1)c1nc2ccccc2[nH]1,CCOc1nc2cccc(C(=O)O)c2n1Cc1ccc(-c2ccccc2-c2nnn[nH]2)cc1,1,c1ccc(-c2nnn[nH]2)c(-c2ccc(Cn3cnc4ccccc43)cc2)c1,0.1781593406593407,1,0.5490560534909179
Cc1c(OCC(F)(F)F)ccnc1C[S@@H](=O)c1nc2ccccc2[nH]1,1,O=[SH](Cc1ccccn1)c1nc2ccccc2[nH]1,Cc1ccnc2c1NC(=O)c1cccnc1N2C1CC1,1,O=C1Nc2cccnc2N(C2CC2)c2ncccc21,0.17121710526315792,1,0.5251083204272639
COc1ccc2nc([S@H](=O)Cc3ncc(C)c(OC)c3C)[nH]c2c1,1,O=[SH](Cc1ccccn1)c1nc2ccccc2[nH]1,Cc1c(OCC(F)(F)F)ccnc1C[S@@H](=O)c1nc2ccccc2[nH]1,1,O=[SH](Cc1ccccn1)c1nc2ccccc2[nH]1,0.4642533936651584,0,0.45698381608287725
COc1ccc2nc([S@H](=O)Cc3ncc(C)c(OC)c3C)[nH]c2c1,1,O=[SH](Cc1ccccn1)c1nc2ccccc2[nH]1,CCCSc1ccc2nc(NC(=O)OC)[nH]c2c1,1,c1ccc2[nH]cnc2c1,0.2867924528301887,0,0.4473414430854151
COc1ccc2nc([S@H](=O)Cc3ncc(C)c(OC)c3C)[nH]c2c1,1,O=[SH](Cc1ccccn1)c1nc2ccccc2[nH]1,COc1ccc2cc([C@H](C)C(=O)O)ccc2c1,1,c1ccc2ccccc2c1,0.22592592592592592,0,0.2899827902284928
COc1ccc2nc([S@H](=O)Cc3ncc(C)c(OC)c3C)[nH]c2c1,1,O=[SH](Cc1ccccn1)c1nc2ccccc2[nH]1,COc1cc(Cc2cnc(N)nc2N)cc(OC)c1OC,1,c1ccc(Cc2cncnc2)cc1,0.21655773420479302,0,0.3250311857768285
COc1ccnc(C[S@H](=O)c2nc3ccc(OC(F)F)cc3[nH]2)c1OC,0,O=[SH](Cc1ccccn1)c1nc2ccccc2[nH]1,COc1ccc2nc([S@H](=O)Cc3ncc(C)c(OC)c3C)[nH]c2c1,1,O=[SH](Cc1ccccn1)c1nc2ccccc2[nH]1,0.5750769230769232,0,0.1789387578133975
COc1ccnc(C[S@H](=O)c2nc3ccc(OC(F)F)cc3[nH]2)c1OC,0,O=[SH](Cc1ccccn1)c1nc2ccccc2[nH]1,Cc1c(OCC(F)(F)F)ccnc1C[S@@H](=O)c1nc2ccccc2[nH]1,1,O=[SH](Cc1ccccn1)c1nc2ccccc2[nH]1,0.4820779220779221,0,0.18255893452122715
COc1ccnc(C[S@H](=O)c2nc3ccc(OC(F)F)cc3[nH]2)c1OC,0,O=[SH](Cc1ccccn1)c1nc2ccccc2[nH]1,CCCSc1ccc2nc(NC(=O)OC)[nH]c2c1,1,c1ccc2[nH]cnc2c1,0.28214285714285714,0,0.22571757388773703
COc1ccnc(C[S@H](=O)c2nc3ccc(OC(F)F)cc3[nH]2)c1OC,0,O=[SH](Cc1ccccn1)c1nc2ccccc2[nH]1,COc1cc(Cc2cnc(N)nc2N)cc(OC)c1OC,1,c1ccc(Cc2cncnc2)cc1,0.21149425287356324,0,0.15968599116413415
COCCCOc1ccnc(C[S@@H](=O)c2nc3ccccc3[nH]2)c1C,0,O=[SH](Cc1ccccn1)c1nc2ccccc2[nH]1,Cc1c(OCC(F)(F)F)ccnc1C[S@@H](=O)c1nc2ccccc2[nH]1,1,O=[SH](Cc1ccccn1)c1nc2ccccc2[nH]1,0.7314385964912281,0,0.05227341012402938
COCCCOc1ccnc(C[S@@H](=O)c2nc3ccccc3[nH]2)c1C,0,O=[SH](Cc1ccccn1)c1nc2ccccc2[nH]1,COc1ccc2nc([S@H](=O)Cc3ncc(C)c(OC)c3C)[nH]c2c1,1,O=[SH](Cc1ccccn1)c1nc2ccccc2[nH]1,0.48513203214695755,0,0.03619199220506109
COCCCOc1ccnc(C[S@@H](=O)c2nc3ccccc3[nH]2)c1C,0,O=[SH](Cc1ccccn1)c1nc2ccccc2[nH]1,CCCSc1ccc2nc(NC(=O)OC)[nH]c2c1,1,c1ccc2[nH]cnc2c1,0.259952380952381,0,0.0662000755221543
COCCCOc1ccnc(C[S@@H](=O)c2nc3ccccc3[nH]2)c1C,0,O=[SH](Cc1ccccn1)c1nc2ccccc2[nH]1,CN(CCOc1ccc(C[C@@H]2SC(=O)NC2=O)cc1)c1ccccn1,1,O=C1NC(=O)C(Cc2ccc(OCCNc3ccccn3)cc2)S1,0.18421512135498516,0,0.06387893760699091
C[C@H]1O[C@@H](O[C@H]2[C@@H](O)C[C@H](O[C@H]3[C@@H](O)C[C@H](O[C@H]4CC[C@@]5(C)[C@H](CC[C@@H]6[C@@H]5CC[C@]5(C)[C@@H](C7=CC(=O)OC7)CC[C@]65O)C4)O[C@@H]3C)O[C@@H]2C)C[C@H](O)[C@@H]1O,0,O=C1C=C(C2CCC3C2CCC2C4CCC(OC5CCC(OC6CCC(OC7CCCCO7)CO6)CO5)CC4CCC23)CO1,C#C[C@]1(O)CC[C@H]2[C@@H]3CCc4cc(OC)ccc4[C@H]3CC[C@@]21C,1,c1ccc2c(c1)CCC1C2CCC2CCCC21,0.18355162960706672,0,7.594925470715705e-06
C[C@H]1O[C@@H](O[C@H]2[C@@H](O)C[C@H](O[C@H]3[C@@H](O)C[C@H](O[C@H]4CC[C@@]5(C)[C@H](CC[C@@H]6[C@@H]5CC[C@]5(C)[C@@H](C7=CC(=O)OC7)CC[C@]65O)C4)O[C@@H]3C)O[C@@H]2C)C[C@H](O)[C@@H]1O,0,O=C1C=C(C2CCC3C2CCC2C4CCC(OC5CCC(OC6CCC(OC7CCCCO7)CO6)CO5)CC4CCC23)CO1,C[C@]12CC[C@@H]3c4ccc(O)cc4CC[C@H]3[C@@H]1CC[C@@H]2O,1,c1ccc2c(c1)CCC1C2CCC2CCCC21,0.16480978260869567,0,9.952014708612247e-05
C[C@H]1O[C@@H](O[C@H]2[C@@H](O)C[C@H](O[C@H]3[C@@H](O)C[C@H](O[C@H]4CC[C@@]5(C)[C@H](CC[C@@H]6[C@@H]5CC[C@]5(C)[C@@H](C7=CC(=O)OC7)CC[C@]65O)C4)O[C@@H]3C)O[C@@H]2C)C[C@H](O)[C@@H]1O,0,O=C1C=C(C2CCC3C2CCC2C4CCC(OC5CCC(OC6CCC(OC7CCCCO7)CO6)CO5)CC4CCC23)CO1,C[C@]12CC[C@@H]3c4ccc(O)cc4CC[C@H]3[C@@H]1CCC2=O,1,O=C1CCC2C1CCC1c3ccccc3CCC12,0.14448445171849428,0,2.0837072023001953e-05
C[C@H]1O[C@@H](O[C@H]2[C@@H](O)C[C@H](O[C@H]3[C@@H](O)C[C@H](O[C@H]4CC[C@@]5(C)[C@H](CC[C@@H]6[C@@H]5CC[C@]5(C)[C@@H](C7=CC(=O)OC7)CC[C@]65O)C4)O[C@@H]3C)O[C@@H]2C)C[C@H](O)[C@@H]1O,0,O=C1C=C(C2CCC3C2CCC2C4CCC(OC5CCC(OC6CCC(OC7CCCCO7)CO6)CO5)CC4CCC23)CO1,Cc1c(C)c2c(c(C)c1O)CC[C@](C)(COc1ccc(C[C@@H]3SC(=O)NC3=O)cc1)O2,1,O=C1NC(=O)C(Cc2ccc(OCC3CCc4ccccc4O3)cc2)S1,0.11677061677061677,0,4.333796378563257e-05
C[C@H]1O[C@@H](O[C@H]2[C@@H](O)C[C@H](O[C@H]3[C@@H](O)C[C@H](O[C@H]4CC[C@@]5(C)[C@H](CC[C@@H]6[C@@H]5C[C@@H](O)[C@]5(C)[C@@H](C7=CC(=O)OC7)CC[C@]65O)C4)O[C@@H]3C)O[C@@H]2C)C[C@H](O)[C@@H]1O,0,O=C1C=C(C2CCC3C2CCC2C4CCC(OC5CCC(OC6CCC(OC7CCCCO7)CO6)CO5)CC4CCC23)CO1,C[C@]12CC[C@@H]3c4ccc(O)cc4CC[C@H]3[C@@H]1CC[C@@H]2O,1,c1ccc2c(c1)CCC1C2CCC2CCCC21,0.1781593406593407,0,5.389867680613957e-05
C[C@H]1O[C@@H](O[C@H]2[C@@H](O)C[C@H](O[C@H]3[C@@H](O)C[C@H](O[C@H]4CC[C@@]5(C)[C@H](CC[C@@H]6[C@@H]5C[C@@H](O)[C@]5(C)[C@@H](C7=CC(=O)OC7)CC[C@]65O)C4)O[C@@H]3C)O[C@@H]2C)C[C@H](O)[C@@H]1O,0,O=C1C=C(C2CCC3C2CCC2C4CCC(OC5CCC(OC6CCC(OC7CCCCO7)CO6)CO5)CC4CCC23)CO1,C#C[C@]1(O)CC[C@H]2[C@@H]3CCc4cc(OC)ccc4[C@H]3CC[C@@]21C,1,c1ccc2c(c1)CCC1C2CCC2CCCC21,0.15147079925383844,0,3.3753171426118693e-06
C[C@H]1O[C@@H](O[C@H]2[C@@H](O)C[C@H](O[C@H]3[C@@H](O)C[C@H](O[C@H]4CC[C@@]5(C)[C@H](CC[C@@H]6[C@@H]5C[C@@H](O)[C@]5(C)[C@@H](C7=CC(=O)OC7)CC[C@]65O)C4)O[C@@H]3C)O[C@@H]2C)C[C@H](O)[C@@H]1O,0,O=C1C=C(C2CCC3C2CCC2C4CCC(OC5CCC(OC6CCC(OC7CCCCO7)CO6)CO5)CC4CCC23)CO1,C[C@]12CC[C@@H]3c4ccc(O)cc4CC[C@H]3[C@@H]1CCC2=O,1,O=C1CCC2C1CCC1c3ccccc3CCC12,0.14397163120567377,0,9.225250110927219e-06
C[C@H]1O[C@@H](O[C@H]2[C@@H](O)C[C@H](O[C@H]3[C@@H](O)C[C@H](O[C@H]4CC[C@@]5(C)[C@H](CC[C@@H]6[C@@H]5C[C@@H](O)[C@]5(C)[C@@H](C7=CC(=O)OC7)CC[C@]65O)C4)O[C@@H]3C)O[C@@H]2C)C[C@H](O)[C@@H]1O,0,O=C1C=C(C2CCC3C2CCC2C4CCC(OC5CCC(OC6CCC(OC7CCCCO7)CO6)CO5)CC4CCC23)CO1,Cc1c(C)c2c(c(C)c1O)CC[C@](C)(COc1ccc(C[C@@H]3SC(=O)NC3=O)cc1)O2,1,O=C1NC(=O)C(Cc2ccc(OCC3CCc4ccccc4O3)cc2)S1,0.11647850382027597,0,2.3277478099320232e-05
CN1[C@@H]2CC[C@H]1CC(OC(=O)c1c[nH]c3ccccc13)C2,1,O=C(OC1CC2CCC(C1)N2)c1c[nH]c2ccccc12,O=C(OC1C[C@@H]2CC3C[C@H](C1)N2CC3=O)c1c[nH]c2ccccc12,1,O=C(OC1CC2CC3CC(C1)N2CC3=O)c1c[nH]c2ccccc12,0.6652661064425771,0,0.268451638850406
CN1[C@@H]2CC[C@H]1CC(OC(=O)c1c[nH]c3ccccc13)C2,1,O=C(OC1CC2CCC(C1)N2)c1c[nH]c2ccccc12,CN1CCC[C@@H]1Cc1c[nH]c2ccc(CCS(=O)(=O)c3ccccc3)cc12,1,O=S(=O)(CCc1ccc2[nH]cc(CC3CCCN3)c2c1)c1ccccc1,0.29740540540540544,0,0.1814792484266318
CN1[C@@H]2CC[C@H]1CC(OC(=O)c1c[nH]c3ccccc13)C2,1,O=C(OC1CC2CCC(C1)N2)c1c[nH]c2ccccc12,CNC(=O)Oc1cccc2ccccc12,1,c1ccc2ccccc2c1,0.2062111801242236,0,0.21635239407641013
CN1[C@@H]2CC[C@H]1CC(OC(=O)c1c[nH]c3ccccc13)C2,1,O=C(OC1CC2CCC(C1)N2)c1c[nH]c2ccccc12,CC(=O)Oc1ccccc1C(=O)O,1,c1ccccc1,0.19003773584905662,0,0.3023021767258571
COc1ccc(CCN2CCC(Nc3nc4ccccc4n3Cc3ccc(F)cc3)CC2)cc1,0,c1ccc(CCN2CCC(Nc3nc4ccccc4n3Cc3ccccc3)CC2)cc1,COc1ccc([C@@H]2Sc3ccccc3N(CCN(C)C)C(=O)[C@@H]2OC(C)=O)cc1,1,O=C1CC(c2ccccc2)Sc2ccccc2N1,0.22262023217247098,0,0.07904658696681292
COc1ccc(CCN2CCC(Nc3nc4ccccc4n3Cc3ccc(F)cc3)CC2)cc1,0,c1ccc(CCN2CCC(Nc3nc4ccccc4n3Cc3ccccc3)CC2)cc1,CCc1nn(CCCN2CCN(c3cccc(Cl)c3)CC2)c(=O)n1CC,1,O=c1[nH]cnn1CCCN1CCN(c2ccccc2)CC1,0.2063241106719368,0,0.024384598748363455
COc1ccc(CCN2CCC(Nc3nc4ccccc4n3Cc3ccc(F)cc3)CC2)cc1,0,c1ccc(CCN2CCC(Nc3nc4ccccc4n3Cc3ccccc3)CC2)cc1,CCOc1nc2cccc(C(=O)O)c2n1Cc1ccc(-c2ccccc2-c2nnn[nH]2)cc1,1,c1ccc(-c2nnn[nH]2)c(-c2ccc(Cn3cnc4ccccc43)cc2)c1,0.20500000000000004,0,0.0755203399293027
COc1ccc(CCN2CCC(Nc3nc4ccccc4n3Cc3ccc(F)cc3)CC2)cc1,0,c1ccc(CCN2CCC(Nc3nc4ccccc4n3Cc3ccccc3)CC2)cc1,CCCCc1nc(Cl)c(CO)n1Cc1ccc(-c2ccccc2-c2nnn[nH]2)cc1,1,c1ccc(-c2nnn[nH]2)c(-c2ccc(Cn3ccnc3)cc2)c1,0.1883324160704458,0,0.1239252840086493
C[C@]12CCC(=O)C=C1[C@@H]1C[C@@H]1[C@H]1[C@@H]3[C@@H]4C[C@@H]4[C@@]4(CCC(=O)O4)[C@@]3(C)CC[C@@H]12,0,O=C1C=C2C(CC1)C1CCC3C(C4CC4C34CCC(=O)O4)C1C1CC21,C[C@]12CC[C@@H]3c4ccc(O)cc4CC[C@H]3[C@@H]1CCC2=O,1,O=C1CCC2C1CCC1c3ccccc3CCC12,0.22149631190727082,0,0.0016847807472960541
C[C@]12CCC(=O)C=C1[C@@H]1C[C@@H]1[C@H]1[C@@H]3[C@@H]4C[C@@H]4[C@@]4(CCC(=O)O4)[C@@]3(C)CC[C@@H]12,0,O=C1C=C2C(CC1)C1CCC3C(C4CC4C34CCC(=O)O4)C1C1CC21,C#C[C@]1(O)CC[C@H]2[C@@H]3CCc4cc(OC)ccc4[C@H]3CC[C@@]21C,1,c1ccc2c(c1)CCC1C2CCC2CCCC21,0.21956661660587856,0,0.0016122478584291906
C[C@]12CCC(=O)C=C1[C@@H]1C[C@@H]1[C@H]1[C@@H]3[C@@H]4C[C@@H]4[C@@]4(CCC(=O)O4)[C@@]3(C)CC[C@@H]12,0,O=C1C=C2C(CC1)C1CCC3C(C4CC4C34CCC(=O)O4)C1C1CC21,C[C@]12CC[C@@H]3c4ccc(O)cc4CC[C@H]3[C@@H]1CC[C@@H]2O,1,c1ccc2c(c1)CCC1C2CCC2CCCC21,0.165933014354067,0,0.001421942665689584
C[C@]12CCC(=O)C=C1[C@@H]1C[C@@H]1[C@H]1[C@@H]3[C@@H]4C[C@@H]4[C@@]4(CCC(=O)O4)[C@@]3(C)CC[C@@H]12,0,O=C1C=C2C(CC1)C1CCC3C(C4CC4C34CCC(=O)O4)C1C1CC21,CN1C(=O)[C@@](C)(C2=CCCCC2)C(=O)N=C1O,1,O=C1N=CNC(=O)C1C1=CCCCC1,0.13821510297482836,0,0.0005267912507851135
CCN(CC)CCC[C@H](C)Nc1ccnc2cc(Cl)ccc12,0,c1ccc2ncccc2c1,CCCCc1oc2ccccc2c1C(=O)c1cc(I)c(OCCN(CC)CC)c(I)c1,1,O=C(c1ccccc1)c1coc2ccccc12,0.23031746031746034,0,0.05575333177254164
CCN(CC)CCC[C@H](C)Nc1ccnc2cc(Cl)ccc12,0,c1ccc2ncccc2c1,CN(C)CCCN1c2ccccc2CCc2ccc(Cl)cc21,1,c1ccc2c(c1)CCc1ccccc1N2,0.21197860962566845,0,0.07634696719759845
CCN(CC)CCC[C@H](C)Nc1ccnc2cc(Cl)ccc12,0,c1ccc2ncccc2c1,CCc1nn(CCCN2CCN(c3cccc(Cl)c3)CC2)c(=O)n1CC,1,O=c1[nH]cnn1CCCN1CCN(c2ccccc2)CC1,0.19358974358974362,0,0.02708926169551173
CCN(CC)CCC[C@H](C)Nc1ccnc2cc(Cl)ccc12,0,c1ccc2ncccc2c1,CC(C)(O)c1ccccc1CC[C@@H](SCC1(CC(=O)O)CC1)c1cccc(/C=C\c2ccc3ccc(Cl)cc3n2)c1,1,C(=Cc1ccc2ccccc2n1)c1cccc(C(CCc2ccccc2)SCC2CC2)c1,0.18096348096348097,0,0.00989500072283113
CCN(CCO)CCC[C@H](C)Nc1ccnc2cc(Cl)ccc12,0,c1ccc2ncccc2c1,CCCCc1oc2ccccc2c1C(=O)c1cc(I)c(OCCN(CC)CC)c(I)c1,1,O=C(c1ccccc1)c1coc2ccccc12,0.2273109243697479,0,0.05539616499150423
CCN(CCO)CCC[C@H](C)Nc1ccnc2cc(Cl)ccc12,0,c1ccc2ncccc2c1,CN(C)CCCN1c2ccccc2CCc2ccc(Cl)cc21,1,c1ccc2c(c1)CCc1ccccc1N2,0.19675799086757992,0,0.07586497613812843
CCN(CCO)CCC[C@H](C)Nc1ccnc2cc(Cl)ccc12,0,c1ccc2ncccc2c1,CCc1nn(CCCN2CCN(c3cccc(Cl)c3)CC2)c(=O)n1CC,1,O=c1[nH]cnn1CCCN1CCN(c2ccccc2)CC1,0.19271827500883704,0,0.024239681231707964
CCN(CCO)CCC[C@H](C)Nc1ccnc2cc(Cl)ccc12,0,c1ccc2ncccc2c1,CC(C)(O)c1ccccc1CC[C@@H](SCC1(CC(=O)O)CC1)c1cccc(/C=C\c2ccc3ccc(Cl)cc3n2)c1,1,C(=Cc1ccc2ccccc2n1)c1cccc(C(CCc2ccccc2)SCC2CC2)c1,0.18671940548963203,0,0.006782013694699909
COc1cc(N[C@@H](C)CCCN)c2ncccc2c1,0,c1ccc2ncccc2c1,COc1ccc2cc([C@H](C)C(=O)O)ccc2c1,1,c1ccc2ccccc2c1,0.25024630541871923,0,0.03541159616255055
COc1cc(N[C@@H](C)CCCN)c2ncccc2c1,0,c1ccc2ncccc2c1,COc1cc(Cc2cnc(N)nc2N)cc(OC)c1OC,1,c1ccc(Cc2cncnc2)cc1,0.19384615384615386,0,0.009515562566458082
COc1cc(N[C@@H](C)CCCN)c2ncccc2c1,0,c1ccc2ncccc2c1,COc1ccc2nc([S@H](=O)Cc3ncc(C)c(OC)c3C)[nH]c2c1,1,O=[SH](Cc1ccccn1)c1nc2ccccc2[nH]1,0.18672438672438674,0,0.022290581589081215
COc1cc(N[C@@H](C)CCCN)c2ncccc2c1,0,c1ccc2ncccc2c1,COc1ccccc1Oc1c(NS(=O)(=O)c2ccc(C(C)(C)C)cc2)nc(-c2ncccn2)nc1OCCO,1,O=S(=O)(Nc1nc(-c2ncccn2)ncc1Oc1ccccc1)c1ccccc1,0.18598006644518272,0,0.006975123344521732
CN(C)CCc1c[nH]c2ccc(CS(=O)(=O)N3CCCC3)cc12,0,O=S(=O)(Cc1ccc2[nH]ccc2c1)N1CCCC1,CN1CCC[C@@H]1Cc1c[nH]c2ccc(CCS(=O)(=O)c3ccccc3)cc12,1,O=S(=O)(CCc1ccc2[nH]cc(CC3CCCN3)c2c1)c1ccccc1,0.4590636254501801,0,0.23691164745094387
CN(C)CCc1c[nH]c2ccc(CS(=O)(=O)N3CCCC3)cc12,0,O=S(=O)(Cc1ccc2[nH]ccc2c1)N1CCCC1,CN1[C@@H]2CC[C@H]1CC(OC(=O)c1c[nH]c3ccccc13)C2,1,O=C(OC1CC2CCC(C1)N2)c1c[nH]c2ccccc12,0.23774647887323946,0,0.20256835449482757
CN(C)CCc1c[nH]c2ccc(CS(=O)(=O)N3CCCC3)cc12,0,O=S(=O)(Cc1ccc2[nH]ccc2c1)N1CCCC1,O=C(OC1C[C@@H]2CC3C[C@H](C1)N2CC3=O)c1c[nH]c2ccccc12,1,O=C(OC1CC2CC3CC(C1)N2CC3=O)c1c[nH]c2ccccc12,0.22711111111111112,0,0.21340285803851441
CN(C)CCc1c[nH]c2ccc(CS(=O)(=O)N3CCCC3)cc12,0,O=S(=O)(Cc1ccc2[nH]ccc2c1)N1CCCC1,CN(C)CCCN1c2ccccc2CCc2ccccc21,1,c1ccc2c(c1)CCc1ccccc1N2,0.21441317776252575,0,0.1506011402148932
COC(=O)[C@H]1[C@H]2C[C@@H]3c4[nH]c5cc(OC)ccc5c4CCN3C[C@H]2C[C@@H](OC(=O)c2cc(OC)c(OC)c(OC)c2)[C@@H]1OC,0,O=C(OC1CCC2CC3c4[nH]c5ccccc5c4CCN3CC2C1)c1ccccc1,CN1[C@@H]2CC[C@H]1CC(OC(=O)c1c[nH]c3ccccc13)C2,1,O=C(OC1CC2CCC(C1)N2)c1c[nH]c2ccccc12,0.21495619524405507,0,0.0472765703203565
COC(=O)[C@H]1[C@H]2C[C@@H]3c4[nH]c5cc(OC)ccc5c4CCN3C[C@H]2C[C@@H](OC(=O)c2cc(OC)c(OC)c(OC)c2)[C@@H]1OC,0,O=C(OC1CCC2CC3c4[nH]c5ccccc5c4CCN3CC2C1)c1ccccc1,O=C(OC1C[C@@H]2CC3C[C@H](C1)N2CC3=O)c1c[nH]c2ccccc12,1,O=C(OC1CC2CC3CC(C1)N2CC3=O)c1c[nH]c2ccccc12,0.2117275079045703,0,0.022946058987178677
COC(=O)[C@H]1[C@H]2C[C@@H]3c4[nH]c5cc(OC)ccc5c4CCN3C[C@H]2C[C@@H](OC(=O)c2cc(OC)c(OC)c(OC)c2)[C@@H]1OC,0,O=C(OC1CCC2CC3c4[nH]c5ccccc5c4CCN3CC2C1)c1ccccc1,COc1ccc2nc([S@H](=O)Cc3ncc(C)c(OC)c3C)[nH]c2c1,1,O=[SH](Cc1ccccn1)c1nc2ccccc2[nH]1,0.19100137861887456,0,0.013512113713992734
COC(=O)[C@H]1[C@H]2C[C@@H]3c4[nH]c5cc(OC)ccc5c4CCN3C[C@H]2C[C@@H](OC(=O)c2cc(OC)c(OC)c(OC)c2)[C@@H]1OC,0,O=C(OC1CCC2CC3c4[nH]c5ccccc5c4CCN3CC2C1)c1ccccc1,COc1cc(C(=O)NS(=O)(=O)c2ccccc2C)ccc1Cc1cn(C)c2ccc(NC(=O)OC3CCCC3)cc12,1,O=C(Nc1ccc2[nH]cc(Cc3ccc(C(=O)NS(=O)(=O)c4ccccc4)cc3)c2c1)OC1CCCC1,0.1873758865248227,0,0.023098154383680975
O=C(OC1C[C@@H]2CC3C[C@H](C1)N2CC3=O)c1c[nH]c2ccccc12,1,O=C(OC1CC2CC3CC(C1)N2CC3=O)c1c[nH]c2ccccc12,CN1[C@@H]2CC[C@H]1CC(OC(=O)c1c[nH]c3ccccc13)C2,1,O=C(OC1CC2CCC(C1)N2)c1c[nH]c2ccccc12,0.6652661064425771,1,0.5093528032304835
O=C(OC1C[C@@H]2CC3C[C@H](C1)N2CC3=O)c1c[nH]c2ccccc12,1,O=C(OC1CC2CC3CC(C1)N2CC3=O)c1c[nH]c2ccccc12,CN1CCC[C@@H]1Cc1c[nH]c2ccc(CCS(=O)(=O)c3ccccc3)cc12,1,O=S(=O)(CCc1ccc2[nH]cc(CC3CCCN3)c2c1)c1ccccc1,0.23659611992945326,0,0.4011618000272867
O=C(OC1C[C@@H]2CC3C[C@H](C1)N2CC3=O)c1c[nH]c2ccccc12,1,O=C(OC1CC2CC3CC(C1)N2CC3=O)c1c[nH]c2ccccc12,O=C(C1CCCCC1)N1CC(=O)N2CCc3ccccc3[C@H]2C1,1,O=C(C1CCCCC1)N1CC(=O)N2CCc3ccccc3C2C1,0.19416539827498733,0,0.3301095994886937
O=C(OC1C[C@@H]2CC3C[C@H](C1)N2CC3=O)c1c[nH]c2ccccc12,1,O=C(OC1CC2CC3CC(C1)N2CC3=O)c1c[nH]c2ccccc12,COc1ccc([C@@H]2Sc3ccccc3N(CCN(C)C)C(=O)[C@@H]2OC(C)=O)cc1,1,O=C1CC(c2ccccc2)Sc2ccccc2N1,0.17938420348058903,0,0.35112100738230856
NNc1nncc2ccccc12,0,c1ccc2cnncc2c1,CNC(=O)Oc1cccc2ccccc12,1,c1ccc2ccccc2c1,0.21545827633378933,0,0.012519573367319091
NNc1nncc2ccccc12,0,c1ccc2cnncc2c1,CN(C/C=C/C#CC(C)(C)C)Cc1cccc2ccccc12,1,c1ccc2ccccc2c1,0.17195767195767195,0,0.026159473398385966
NNc1nncc2ccccc12,0,c1ccc2cnncc2c1,CC[C@H](c1ccccc1)c1c(O)c2ccccc2oc1=O,1,O=c1oc2ccccc2cc1Cc1ccccc1,0.14671669793621014,0,0.011005710898635475
NNc1nncc2ccccc12,0,c1ccc2cnncc2c1,CC(=O)C[C@@H](c1ccccc1)c1c(O)c2ccccc2oc1=O,1,O=c1oc2ccccc2cc1Cc1ccccc1,0.13818181818181818,0,0.01120004573049957
NNc1nnc(NN)c2ccccc12,0,c1ccc2cnncc2c1,CNC(=O)Oc1cccc2ccccc12,1,c1ccc2ccccc2c1,0.20175438596491227,0,0.008117405626338907
NNc1nnc(NN)c2ccccc12,0,c1ccc2cnncc2c1,CC[C@H](c1ccccc1)c1c(O)c2ccccc2oc1=O,1,O=c1oc2ccccc2cc1Cc1ccccc1,0.16128654970760234,0,0.004581089687272175
NNc1nnc(NN)c2ccccc12,0,c1ccc2cnncc2c1,CN(C/C=C/C#CC(C)(C)C)Cc1cccc2ccccc12,1,c1ccc2ccccc2c1,0.15692803437164338,0,0.011049119213140326
NNc1nnc(NN)c2ccccc12,0,c1ccc2cnncc2c1,CC(=O)Oc1ccccc1C(=O)O,1,c1ccccc1,0.15098039215686274,0,0.007986516899262967
Nc1c2c(nc3ccccc13)CCCC2,0,c1ccc2nc3c(cc2c1)CCCC3,CC[C@H](c1ccccc1)c1c(O)c2ccccc2oc1=O,1,O=c1oc2ccccc2cc1Cc1ccccc1,0.17898363479758828,0,0.1248517710448429
Nc1c2c(nc3ccccc13)CCCC2,0,c1ccc2nc3c(cc2c1)CCCC3,CC(=O)C[C@@H](c1ccccc1)c1c(O)c2ccccc2oc1=O,1,O=c1oc2ccccc2cc1Cc1ccccc1,0.16880244088482074,0,0.12338428096683733
Nc1c2c(nc3ccccc13)CCCC2,0,c1ccc2nc3c(cc2c1)CCCC3,CNC(=O)Oc1cccc2ccccc12,1,c1ccc2ccccc2c1,0.16333333333333333,0,0.22585213615729946
Nc1c2c(nc3ccccc13)CCCC2,0,c1ccc2nc3c(cc2c1)CCCC3,CCOc1nc2cccc(C(=O)O)c2n1Cc1ccc(-c2ccccc2-c2nnn[nH]2)cc1,1,c1ccc(-c2nnn[nH]2)c(-c2ccc(Cn3cnc4ccccc43)cc2)c1,0.15620031796502387,0,0.05160581897390117
CCN[C@H]1CN(CCCOC)S(=O)(=O)c2sc(S(N)(=O)=O)cc21,0,O=S1(=O)NCCc2ccsc21,CCN[C@H]1C[C@H](C)S(=O)(=O)c2sc(S(N)(=O)=O)cc21,1,O=S1(=O)CCCc2ccsc21,0.5888983050847458,0,0.030357947529945622
CCN[C@H]1CN(CCCOC)S(=O)(=O)c2sc(S(N)(=O)=O)cc21,0,O=S1(=O)NCCc2ccsc21,Cc1cnc(NC(=O)C2=C(O)c3ccccc3S(=O)(=O)N2C)s1,1,O=C(Nc1nccs1)C1=Cc2ccccc2S(=O)(=O)N1,0.16574500768049155,0,0.09799608988844782
CCN[C@H]1CN(CCCOC)S(=O)(=O)c2sc(S(N)(=O)=O)cc21,0,O=S1(=O)NCCc2ccsc21,Cc1ccc(S(=O)(=O)NC(=O)NN2C[C@H]3CCC[C@H]3C2)cc1,1,O=C(NN1CC2CCCC2C1)NS(=O)(=O)c1ccccc1,0.16243386243386243,0,0.058412533829673166
CCN[C@H]1CN(CCCOC)S(=O)(=O)c2sc(S(N)(=O)=O)cc21,0,O=S1(=O)NCCc2ccsc21,CCCc1nn(C)c2c(=O)nc(-c3cc(S(=O)(=O)N4CCN(C)CC4)ccc3OCC)[nH]c12,1,O=c1nc(-c2cccc(S(=O)(=O)N3CCNCC3)c2)[nH]c2cn[nH]c12,0.16168602375048938,0,0.01952443854307543
CCN(CC)C(=O)[C@]1(c2ccccc2)C[C@@H]1CN,0,c1ccc(C2CC2)cc1,CCC1(c2ccccc2)C(=O)NC(=O)NC1=O,1,O=C1NC(=O)C(c2ccccc2)C(=O)N1,0.2940038684719536,0,0.03375395107230694
CCN(CC)C(=O)[C@]1(c2ccccc2)C[C@@H]1CN,0,c1ccc(C2CC2)cc1,CC(C)C1CCC(C(=O)N[C@H](Cc2ccccc2)C(=O)O)CC1,1,O=C(NCCc1ccccc1)C1CCCCC1,0.2469733656174334,0,0.08799928644876374
CCN(CC)C(=O)[C@]1(c2ccccc2)C[C@@H]1CN,0,c1ccc(C2CC2)cc1,CCCCC1C(=O)N(c2ccccc2)N(c2ccccc2)C1=O,1,O=C1CC(=O)N(c2ccccc2)N1c1ccccc1,0.24423076923076925,0,0.10354369799112524
CCN(CC)C(=O)[C@]1(c2ccccc2)C[C@@H]1CN,0,c1ccc(C2CC2)cc1,CCN(CC)CC(=O)Nc1c(C)cccc1C,1,c1ccccc1,0.2319838056680162,0,0.03755862228637344
N[C@@H]1C[C@H]1c1ccccc1,0,c1ccc(C2CC2)cc1,CCCCC1C(=O)N(c2ccccc2)N(c2ccccc2)C1=O,1,O=C1CC(=O)N(c2ccccc2)N1c1ccccc1,0.2155897435897436,0,0.04342665234834547
N[C@@H]1C[C@H]1c1ccccc1,0,c1ccc(C2CC2)cc1,CN[C@H]1CC[C@@H](c2ccc(Cl)c(Cl)c2)c2ccccc21,1,c1ccc(C2CCCc3ccccc32)cc1,0.1954545454545455,0,0.024654765770575605
N[C@@H]1C[C@H]1c1ccccc1,0,c1ccc(C2CC2)cc1,O=C1NC(=O)C(c2ccccc2)(c2ccccc2)N1,1,O=C1NC(=O)C(c2ccccc2)(c2ccccc2)N1,0.18562091503267977,0,0.025558965166605597
N[C@@H]1C[C@H]1c1ccccc1,0,c1ccc(C2CC2)cc1,CCC1(c2ccccc2)C(=O)NC(=O)NC1=O,1,O=C1NC(=O)C(c2ccccc2)C(=O)N1,0.17972972972972973,0,0.03601089302583424
CC(C)(Oc1ccc([C@@H]2CC2(Cl)Cl)cc1)C(=O)O,0,c1ccc(C2CC2)cc1,COc1ccc2cc([C@H](C)C(=O)O)ccc2c1,1,c1ccc2ccccc2c1,0.2546003016591252,1,0.5000914807815359
CC(C)(Oc1ccc([C@@H]2CC2(Cl)Cl)cc1)C(=O)O,0,c1ccc(C2CC2)cc1,CCOc1ccc(NC(C)=O)cc1,1,c1ccccc1,0.2158968850698174,0,0.33787621248538546
CC(C)(Oc1ccc([C@@H]2CC2(Cl)Cl)cc1)C(=O)O,0,c1ccc(C2CC2)cc1,CC(=O)Oc1ccccc1C(=O)O,1,c1ccccc1,0.21315789473684213,0,0.4123988687186622
CC(C)(Oc1ccc([C@@H]2CC2(Cl)Cl)cc1)C(=O)O,0,c1ccc(C2CC2)cc1,CC(C)C1CCC(C(=O)N[C@H](Cc2ccccc2)C(=O)O)CC1,1,O=C(NCCc1ccccc1)C1CCCCC1,0.1947839046199702,1,0.5464279549683814
CC(=O)C[C@@H](c1ccccc1)c1c(O)c2ccccc2oc1=O,1,O=c1oc2ccccc2cc1Cc1ccccc1,CC(=O)C[C@@H](c1ccc([N+](=O)[O-])cc1)c1c(O)c2ccccc2oc1=O,1,O=c1oc2ccccc2cc1Cc1ccccc1,0.7737415672029061,1,0.7478938910344408
CC(=O)C[C@@H](c1ccccc1)c1c(O)c2ccccc2oc1=O,1,O=c1oc2ccccc2cc1Cc1ccccc1,CC[C@H](c1ccccc1)c1c(O)c2ccccc2oc1=O,1,O=c1oc2ccccc2cc1Cc1ccccc1,0.7559540889526541,1,0.7471658037192346
CC(=O)C[C@@H](c1ccccc1)c1c(O)c2ccccc2oc1=O,1,O=c1oc2ccccc2cc1Cc1ccccc1,CC1=C(C)C(=O)C([C@@H](CCCCCC(=O)O)c2ccccc2)=C(C)C1=O,1,O=C1C=CC(=O)C(Cc2ccccc2)=C1,0.2859943977591036,1,0.8657160316296161
CC(=O)C[C@@H](c1ccccc1)c1c(O)c2ccccc2oc1=O,1,O=c1oc2ccccc2cc1Cc1ccccc1,Cc1ccc(O)c([C@@H](CCN(C(C)C)C(C)C)c2ccccc2)c1,1,c1ccc(Cc2ccccc2)cc1,0.24940497655968266,1,0.8064812396559797
CC[C@H](c1ccccc1)c1c(O)c2ccccc2oc1=O,1,O=c1oc2ccccc2cc1Cc1ccccc1,CC(=O)C[C@@H](c1ccccc1)c1c(O)c2ccccc2oc1=O,1,O=c1oc2ccccc2cc1Cc1ccccc1,0.7559540889526541,1,0.8076972733948339
CC[C@H](c1ccccc1)c1c(O)c2ccccc2oc1=O,1,O=c1oc2ccccc2cc1Cc1ccccc1,CC(=O)C[C@@H](c1ccc([N+](=O)[O-])cc1)c1c(O)c2ccccc2oc1=O,1,O=c1oc2ccccc2cc1Cc1ccccc1,0.5929971988795518,1,0.7529921809658585
CC[C@H](c1ccccc1)c1c(O)c2ccccc2oc1=O,1,O=c1oc2ccccc2cc1Cc1ccccc1,CC1=C(C)C(=O)C([C@@H](CCCCCC(=O)O)c2ccccc2)=C(C)C1=O,1,O=C1C=CC(=O)C(Cc2ccccc2)=C1,0.273037037037037,1,0.8456679223119199
CC[C@H](c1ccccc1)c1c(O)c2ccccc2oc1=O,1,O=c1oc2ccccc2cc1Cc1ccccc1,Cc1ccc(O)c([C@@H](CCN(C(C)C)C(C)C)c2ccccc2)c1,1,c1ccc(Cc2ccccc2)cc1,0.26363636363636367,1,0.8171684526673504
CC(=O)C[C@@H](c1ccc([N+](=O)[O-])cc1)c1c(O)c2ccccc2oc1=O,1,O=c1oc2ccccc2cc1Cc1ccccc1,CC(=O)C[C@@H](c1ccccc1)c1c(O)c2ccccc2oc1=O,1,O=c1oc2ccccc2cc1Cc1ccccc1,0.7737415672029061,1,0.6809135463073273
CC(=O)C[C@@H](c1ccc([N+](=O)[O-])cc1)c1c(O)c2ccccc2oc1=O,1,O=c1oc2ccccc2cc1Cc1ccccc1,CC[C@H](c1ccccc1)c1c(O)c2ccccc2oc1=O,1,O=c1oc2ccccc2cc1Cc1ccccc1,0.5929971988795518,1,0.6500700724912073
CC(=O)C[C@@H](c1ccc([N+](=O)[O-])cc1)c1c(O)c2ccccc2oc1=O,1,O=c1oc2ccccc2cc1Cc1ccccc1,CC1=C(C)C(=O)C([C@@H](CCCCCC(=O)O)c2ccccc2)=C(C)C1=O,1,O=C1C=CC(=O)C(Cc2ccccc2)=C1,0.2312275295326143,1,0.8115287748456274
CC(=O)C[C@@H](c1ccc([N+](=O)[O-])cc1)c1c(O)c2ccccc2oc1=O,1,O=c1oc2ccccc2cc1Cc1ccccc1,CCCCc1oc2ccccc2c1C(=O)c1cc(I)c(OCCN(CC)CC)c(I)c1,1,O=C(c1ccccc1)c1coc2ccccc12,0.21156794425087108,1,0.6257574537381048
Cc1nnc2n1-c1ccc(Cl)cc1C(c1ccccc1)=NC2,0,c1ccc(C2=NCc3nncn3-c3ccccc32)cc1,Cc1ncc2n1-c1ccc(Cl)cc1C(c1ccccc1F)=NC2,1,c1ccc(C2=NCc3cncn3-c3ccccc32)cc1,0.5052545155993432,0,0.1077387519579596
Cc1nnc2n1-c1ccc(Cl)cc1C(c1ccccc1)=NC2,0,c1ccc(C2=NCc3nncn3-c3ccccc32)cc1,CN(C)CCCN1c2ccccc2CCc2ccc(Cl)cc21,1,c1ccc2c(c1)CCc1ccccc1N2,0.25023342670401494,0,0.2221382730537358
Cc1nnc2n1-c1ccc(Cl)cc1C(c1ccccc1)=NC2,0,c1ccc(C2=NCc3nncn3-c3ccccc32)cc1,Cc1cc(=O)n(-c2ccccc2)n1C,1,O=c1cc[nH]n1-c1ccccc1,0.1837662337662338,0,0.18558047481987272
Cc1nnc2n1-c1ccc(Cl)cc1C(c1ccccc1)=NC2,0,c1ccc(C2=NCc3nncn3-c3ccccc32)cc1,CCc1nn(CCCN2CCN(c3cccc(Cl)c3)CC2)c(=O)n1CC,1,O=c1[nH]cnn1CCCN1CCN(c2ccccc2)CC1,0.17877758913412564,0,0.08996169286067589
CN(C)Cc1nnc2n1-c1ccc(Cl)cc1C(c1ccccc1)=NC2,0,c1ccc(C2=NCc3nncn3-c3ccccc32)cc1,Cc1ncc2n1-c1ccc(Cl)cc1C(c1ccccc1F)=NC2,1,c1ccc(C2=NCc3cncn3-c3ccccc32)cc1,0.42000000000000004,0,0.09237212874372455
CN(C)Cc1nnc2n1-c1ccc(Cl)cc1C(c1ccccc1)=NC2,0,c1ccc(C2=NCc3nncn3-c3ccccc32)cc1,CN(C)CCCN1c2ccccc2CCc2ccc(Cl)cc21,1,c1ccc2c(c1)CCc1ccccc1N2,0.2904499274310595,0,0.24168923249826862
CN(C)Cc1nnc2n1-c1ccc(Cl)cc1C(c1ccccc1)=NC2,0,c1ccc(C2=NCc3nncn3-c3ccccc32)cc1,CCc1nn(CCCN2CCN(c3cccc(Cl)c3)CC2)c(=O)n1CC,1,O=c1[nH]cnn1CCCN1CCN(c2ccccc2)CC1,0.21025641025641026,0,0.07952071520250922
CN(C)Cc1nnc2n1-c1ccc(Cl)cc1C(c1ccccc1)=NC2,0,c1ccc(C2=NCc3nncn3-c3ccccc32)cc1,CN(C)CCCN1c2ccccc2CCc2ccccc21,1,c1ccc2c(c1)CCc1ccccc1N2,0.20620347394540944,0,0.27103903028072257
Cc1nnc2n1-c1ccc(Cl)cc1C(c1ccccc1Cl)=NC2,0,c1ccc(C2=NCc3nncn3-c3ccccc32)cc1,Cc1ncc2n1-c1ccc(Cl)cc1C(c1ccccc1F)=NC2,1,c1ccc(C2=NCc3cncn3-c3ccccc32)cc1,0.5527599486521181,0,0.10586520759378848
Cc1nnc2n1-c1ccc(Cl)cc1C(c1ccccc1Cl)=NC2,0,c1ccc(C2=NCc3nncn3-c3ccccc32)cc1,CN(C)CCCN1c2ccccc2CCc2ccc(Cl)cc21,1,c1ccc2c(c1)CCc1ccccc1N2,0.24615384615384617,0,0.21595747376052035
Cc1nnc2n1-c1ccc(Cl)cc1C(c1ccccc1Cl)=NC2,0,c1ccc(C2=NCc3nncn3-c3ccccc32)cc1,CN[C@H]1CC[C@@H](c2ccc(Cl)c(Cl)c2)c2ccccc21,1,c1ccc(C2CCCc3ccccc32)cc1,0.18121794871794875,0,0.10651516465790184
Cc1nnc2n1-c1ccc(Cl)cc1C(c1ccccc1Cl)=NC2,0,c1ccc(C2=NCc3nncn3-c3ccccc32)cc1,Cc1cc(=O)n(-c2ccccc2)n1C,1,O=c1cc[nH]n1-c1ccccc1,0.18035087719298246,0,0.19126209446798478
CC(=O)[C@H]1CC[C@H]2[C@@H]3CC[C@H]4C[C@](C)(O)CC[C@]4(C)[C@H]3CC[C@]12C,0,C1CCC2C(C1)CCC1C3CCCC3CCC21,C[C@]12CC[C@@H]3c4ccc(O)cc4CC[C@H]3[C@@H]1CC[C@@H]2O,1,c1ccc2c(c1)CCC1C2CCC2CCCC21,0.22715678919729934,0,0.03682337991328195
CC(=O)[C@H]1CC[C@H]2[C@@H]3CC[C@H]4C[C@](C)(O)CC[C@]4(C)[C@H]3CC[C@]12C,0,C1CCC2C(C1)CCC1C3CCCC3CCC21,C#C[C@]1(O)CC[C@H]2[C@@H]3CCc4cc(OC)ccc4[C@H]3CC[C@@]21C,1,c1ccc2c(c1)CCC1C2CCC2CCCC21,0.19420289855072465,0,0.027084033369074705
CC(=O)[C@H]1CC[C@H]2[C@@H]3CC[C@H]4C[C@](C)(O)CC[C@]4(C)[C@H]3CC[C@]12C,0,C1CCC2C(C1)CCC1C3CCCC3CCC21,C[C@]12CC[C@@H]3c4ccc(O)cc4CC[C@H]3[C@@H]1CCC2=O,1,O=C1CCC2C1CCC1c3ccccc3CCC12,0.19252747252747254,0,0.04426859941115892
CC(=O)[C@H]1CC[C@H]2[C@@H]3CC[C@H]4C[C@](C)(O)CC[C@]4(C)[C@H]3CC[C@]12C,0,C1CCC2C(C1)CCC1C3CCCC3CCC21,CC(C)C1CCC(C(=O)N[C@H](Cc2ccccc2)C(=O)O)CC1,1,O=C(NCCc1ccccc1)C1CCCCC1,0.1266334991708126,0,0.11025447004799957
C[C@H](CCC(=O)O)[C@H]1CC[C@H]2[C@@H]3[C@H](O)C[C@H]4C[C@H](O)CC[C@]4(C)[C@H]3CC[C@]12C,0,C1CCC2C(C1)CCC1C3CCCC3CCC21,C[C@]12CC[C@@H]3c4ccc(O)cc4CC[C@H]3[C@@H]1CC[C@@H]2O,1,c1ccc2c(c1)CCC1C2CCC2CCCC21,0.19444444444444448,0,0.11436252752347031
C[C@H](CCC(=O)O)[C@H]1CC[C@H]2[C@@H]3[C@H](O)C[C@H]4C[C@H](O)CC[C@]4(C)[C@H]3CC[C@]12C,0,C1CCC2C(C1)CCC1C3CCCC3CCC21,CC(C)Cc1ccc([C@@H](C)C(=O)O)cc1,1,c1ccccc1,0.19056910569105692,0,0.040472360932074965
C[C@H](CCC(=O)O)[C@H]1CC[C@H]2[C@@H]3[C@H](O)C[C@H]4C[C@H](O)CC[C@]4(C)[C@H]3CC[C@]12C,0,C1CCC2C(C1)CCC1C3CCCC3CCC21,CC1=C(C)C(=O)C([C@@H](CCCCCC(=O)O)c2ccccc2)=C(C)C1=O,1,O=C1C=CC(=O)C(Cc2ccccc2)=C1,0.17611757501530925,0,0.14487790617756985
C[C@H](CCC(=O)O)[C@H]1CC[C@H]2[C@@H]3[C@H](O)C[C@H]4C[C@H](O)CC[C@]4(C)[C@H]3CC[C@]12C,0,C1CCC2C(C1)CCC1C3CCCC3CCC21,CCCC(CCC)C(=O)O,1,,0.17145969498910676,0,0.04685212662975782
CCCc1nc2c(C)cc(-c3nc4ccccc4n3C)cc2n1Cc1ccc(-c2ccccc2C(=O)O)cc1,0,c1ccc(-c2ccc(Cn3cnc4ccc(-c5nc6ccccc6[nH]5)cc43)cc2)cc1,CCOc1nc2cccc(C(=O)O)c2n1Cc1ccc(-c2ccccc2-c2nnn[nH]2)cc1,1,c1ccc(-c2nnn[nH]2)c(-c2ccc(Cn3cnc4ccccc43)cc2)c1,0.3709652023303417,0,0.33547473835907127
CCCc1nc2c(C)cc(-c3nc4ccccc4n3C)cc2n1Cc1ccc(-c2ccccc2C(=O)O)cc1,0,c1ccc(-c2ccc(Cn3cnc4ccc(-c5nc6ccccc6[nH]5)cc43)cc2)cc1,CCCCc1nc(Cl)c(CO)n1Cc1ccc(-c2ccccc2-c2nnn[nH]2)cc1,1,c1ccc(-c2nnn[nH]2)c(-c2ccc(Cn3ccnc3)cc2)c1,0.3028213166144201,0,0.3295746374514979
CCCc1nc2c(C)cc(-c3nc4ccccc4n3C)cc2n1Cc1ccc(-c2ccccc2C(=O)O)cc1,0,c1ccc(-c2ccc(Cn3cnc4ccc(-c5nc6ccccc6[nH]5)cc43)cc2)cc1,CC(=O)Oc1ccccc1C(=O)O,1,c1ccccc1,0.20602234094220498,0,0.3327427348889925
CCCc1nc2c(C)cc(-c3nc4ccccc4n3C)cc2n1Cc1ccc(-c2ccccc2C(=O)O)cc1,0,c1ccc(-c2ccc(Cn3cnc4ccc(-c5nc6ccccc6[nH]5)cc43)cc2)cc1,CCOc1cc(CC(=O)N[C@@H](CC(C)C)c2ccccc2N2CCCCC2)ccc1C(=O)O,1,O=C(Cc1ccccc1)NCc1ccccc1N1CCCCC1,0.2002886002886003,0,0.3236453295837435
CC(C)c1nc(CN(C)C(=O)N[C@H](C(=O)N[C@@H](Cc2ccccc2)C[C@H](O)[C@H](Cc2ccccc2)NC(=O)OCc2cncs2)C(C)C)cs1,1,O=C(CNC(=O)NCc1cscn1)NC(CCC(Cc1ccccc1)NC(=O)OCc1cncs1)Cc1ccccc1,CC(C)C[C@@H](NC(=O)[C@@H](Cc1ccccc1)NC(=O)c1cnccn1)B(O)O,1,O=C(NCCc1ccccc1)c1cnccn1,0.28859701492537315,1,0.7347577626164115
CC(C)c1nc(CN(C)C(=O)N[C@H](C(=O)N[C@@H](Cc2ccccc2)C[C@H](O)[C@H](Cc2ccccc2)NC(=O)OCc2cncs2)C(C)C)cs1,1,O=C(CNC(=O)NCc1cscn1)NC(CCC(Cc1ccccc1)NC(=O)OCc1cncs1)Cc1ccccc1,CC(C)C1CCC(C(=O)N[C@H](Cc2ccccc2)C(=O)O)CC1,1,O=C(NCCc1ccccc1)C1CCCCC1,0.22095903461416325,1,0.6717638960611333
CC(C)c1nc(CN(C)C(=O)N[C@H](C(=O)N[C@@H](Cc2ccccc2)C[C@H](O)[C@H](Cc2ccccc2)NC(=O)OCc2cncs2)C(C)C)cs1,1,O=C(CNC(=O)NCc1cscn1)NC(CCC(Cc1ccccc1)NC(=O)OCc1cncs1)Cc1ccccc1,CC(C)(C)NC(=O)[C@@H]1CN(Cc2cccnc2)CCN1C[C@@H](O)C[C@@H](Cc1ccccc1)C(=O)N[C@H]1c2ccccc2C[C@H]1O,1,O=C(NC1CCc2ccccc21)C(CCCN1CCN(Cc2cccnc2)CC1)Cc1ccccc1,0.21890060240963854,1,0.9019930407686045
CC(C)c1nc(CN(C)C(=O)N[C@H](C(=O)N[C@@H](Cc2ccccc2)C[C@H](O)[C@H](Cc2ccccc2)NC(=O)OCc2cncs2)C(C)C)cs1,1,O=C(CNC(=O)NCc1cscn1)NC(CCC(Cc1ccccc1)NC(=O)OCc1cncs1)Cc1ccccc1,C#CCN(C)[C@@H](C)Cc1ccccc1,1,c1ccccc1,0.18709106984969057,1,0.7236760410754869
CC(=O)N1CCN(c2ccc(OC[C@H]3CO[C@](Cn4ccnc4)(c4ccc(Cl)cc4Cl)O3)cc2)CC1,0,c1ccc(C2(Cn3ccnc3)OCC(COc3ccc(N4CCNCC4)cc3)O2)cc1,CCc1nn(CCCN2CCN(c3cccc(Cl)c3)CC2)c(=O)n1CC,1,O=c1[nH]cnn1CCCN1CCN(c2ccccc2)CC1,0.2134577876845918,0,0.010731914807884645
CC(=O)N1CCN(c2ccc(OC[C@H]3CO[C@](Cn4ccnc4)(c4ccc(Cl)cc4Cl)O3)cc2)CC1,0,c1ccc(C2(Cn3ccnc3)OCC(COc3ccc(N4CCNCC4)cc3)O2)cc1,CCOc1ccc(NC(C)=O)cc1,1,c1ccccc1,0.18796430794770702,0,0.07406903106224595
CC(=O)N1CCN(c2ccc(OC[C@H]3CO[C@](Cn4ccnc4)(c4ccc(Cl)cc4Cl)O3)cc2)CC1,0,c1ccc(C2(Cn3ccnc3)OCC(COc3ccc(N4CCNCC4)cc3)O2)cc1,CN(CCOc1ccc(C[C@@H]2SC(=O)NC2=O)cc1)c1ccccn1,1,O=C1NC(=O)C(Cc2ccc(OCCNc3ccccn3)cc2)S1,0.18537373737373736,0,0.0646689327058333
CC(=O)N1CCN(c2ccc(OC[C@H]3CO[C@](Cn4ccnc4)(c4ccc(Cl)cc4Cl)O3)cc2)CC1,0,c1ccc(C2(Cn3ccnc3)OCC(COc3ccc(N4CCNCC4)cc3)O2)cc1,CN(C)CCCN1c2ccccc2CCc2ccc(Cl)cc21,1,c1ccc2c(c1)CCc1ccccc1N2,0.1796293258979826,0,0.07365282119952447
O=c1[nH]cc(F)c(=O)[nH]1,0,O=c1cc[nH]c(=O)[nH]1,O=c1[nH]c(=O)n([C@@H]2CCCO2)cc1F,1,O=c1ccn(C2CCCO2)c(=O)[nH]1,0.270189701897019,0,0.13347325761351328
O=c1[nH]cc(F)c(=O)[nH]1,0,O=c1cc[nH]c(=O)[nH]1,Cn1c(=O)c2[nH]cnc2n(C)c1=O,1,O=c1[nH]c(=O)c2[nH]cnc2[nH]1,0.15085470085470087,0,0.09353900308854768
O=c1[nH]cc(F)c(=O)[nH]1,0,O=c1cc[nH]c(=O)[nH]1,O=C1NC(=O)C(c2ccccc2)(c2ccccc2)N1,1,O=C1NC(=O)C(c2ccccc2)(c2ccccc2)N1,0.12287581699346406,0,0.1270438013618599
O=c1[nH]cc(F)c(=O)[nH]1,0,O=c1cc[nH]c(=O)[nH]1,O=C(OC1C[C@@H]2CC3C[C@H](C1)N2CC3=O)c1c[nH]c2ccccc12,1,O=C(OC1CC2CC3CC(C1)N2CC3=O)c1c[nH]c2ccccc12,0.11960784313725491,0,0.2492768281498801
COc1cccc([C@@]2(O)CCCC[C@@H]2CN(C)C)c1,0,c1ccc(C2CCCCC2)cc1,C#C[C@]1(O)CC[C@H]2[C@@H]3CCc4cc(OC)ccc4[C@H]3CC[C@@]21C,1,c1ccc2c(c1)CCC1C2CCC2CCCC21,0.29087809036658147,0,0.10638060914101746
COc1cccc([C@@]2(O)CCCC[C@@H]2CN(C)C)c1,0,c1ccc(C2CCCCC2)cc1,COc1ccc([C@@H]2Sc3ccccc3N(CCN(C)C)C(=O)[C@@H]2OC(C)=O)cc1,1,O=C1CC(c2ccccc2)Sc2ccccc2N1,0.24010256410256411,0,0.14715150122123255
COc1cccc([C@@]2(O)CCCC[C@@H]2CN(C)C)c1,0,c1ccc(C2CCCCC2)cc1,CC/C(=C(/c1ccccc1)c1ccc(OCCN(C)C)cc1)c1ccccc1,1,C(=C(c1ccccc1)c1ccccc1)c1ccccc1,0.22906976744186047,0,0.20707287211107936
COc1cccc([C@@]2(O)CCCC[C@@H]2CN(C)C)c1,0,c1ccc(C2CCCCC2)cc1,COc1ccc2cc([C@H](C)C(=O)O)ccc2c1,1,c1ccc2ccccc2c1,0.2176911544227886,0,0.1450075839797552
CCN[C@H]1C[C@H](C)S(=O)(=O)c2sc(S(N)(=O)=O)cc21,1,O=S1(=O)CCCc2ccsc21,Cc1ccc(-c2cc(C(F)(F)F)nn2-c2ccc(S(N)(=O)=O)cc2)cc1,1,c1ccc(-c2ccnn2-c2ccccc2)cc1,0.17198067632850242,1,0.7800889710054114
CCN[C@H]1C[C@H](C)S(=O)(=O)c2sc(S(N)(=O)=O)cc21,1,O=S1(=O)CCCc2ccsc21,CN[C@H]1CC[C@@H](c2ccc(Cl)c(Cl)c2)c2ccccc21,1,c1ccc(C2CCCc3ccccc32)cc1,0.16666666666666669,1,0.5537578531767936
CCN[C@H]1C[C@H](C)S(=O)(=O)c2sc(S(N)(=O)=O)cc21,1,O=S1(=O)CCCc2ccsc21,CCOP(=S)(OCC)Oc1nc(Cl)c(Cl)cc1Cl,1,c1ccncc1,0.1625200900032144,1,0.6597860422444081
CCN[C@H]1C[C@H](C)S(=O)(=O)c2sc(S(N)(=O)=O)cc21,1,O=S1(=O)CCCc2ccsc21,Cc1cc(NS(=O)(=O)c2ccc(N)cc2)no1,1,O=S(=O)(Nc1ccon1)c1ccccc1,0.15918367346938775,1,0.7202727340177066
CC[C@H]1OC(=O)[C@H](C)[C@@H](O[C@H]2C[C@@](C)(OC)[C@@H](O)[C@H](C)O2)[C@H](C)[C@@H](O[C@@H]2O[C@H](C)C[C@H](N(C)C)[C@H]2O)[C@](C)(O)C[C@@H](C)[C@@H]2N[C@@H](COCCOC)O[C@H]([C@H]2C)[C@]1(C)O,0,O=C1CC(OC2CCCCO2)CC(OC2CCCCO2)CCCC2CC(CCO1)OCN2,O=C(OC1C[C@@H]2CC3C[C@H](C1)N2CC3=O)c1c[nH]c2ccccc12,1,O=C(OC1CC2CC3CC(C1)N2CC3=O)c1c[nH]c2ccccc12,0.10397588091200302,0,4.370630969615448e-06
CC[C@H]1OC(=O)[C@H](C)[C@@H](O[C@H]2C[C@@](C)(OC)[C@@H](O)[C@H](C)O2)[C@H](C)[C@@H](O[C@@H]2O[C@H](C)C[C@H](N(C)C)[C@H]2O)[C@](C)(O)C[C@@H](C)[C@@H]2N[C@@H](COCCOC)O[C@H]([C@H]2C)[C@]1(C)O,0,O=C1CC(OC2CCCCO2)CC(OC2CCCCO2)CCCC2CC(CCO1)OCN2,COc1ccc([C@@H]2Sc3ccccc3N(CCN(C)C)C(=O)[C@@H]2OC(C)=O)cc1,1,O=C1CC(c2ccccc2)Sc2ccccc2N1,0.1032520325203252,0,8.373623377419962e-06
CC[C@H]1OC(=O)[C@H](C)[C@@H](O[C@H]2C[C@@](C)(OC)[C@@H](O)[C@H](C)O2)[C@H](C)[C@@H](O[C@@H]2O[C@H](C)C[C@H](N(C)C)[C@H]2O)[C@](C)(O)C[C@@H](C)[C@@H]2N[C@@H](COCCOC)O[C@H]([C@H]2C)[C@]1(C)O,0,O=C1CC(OC2CCCCO2)CC(OC2CCCCO2)CCCC2CC(CCO1)OCN2,C#C[C@]1(O)CC[C@H]2[C@@H]3CCc4cc(OC)ccc4[C@H]3CC[C@@]21C,1,c1ccc2c(c1)CCC1C2CCC2CCCC21,0.10238139534883722,0,2.0629979854599505e-06
CC[C@H]1OC(=O)[C@H](C)[C@@H](O[C@H]2C[C@@](C)(OC)[C@@H](O)[C@H](C)O2)[C@H](C)[C@@H](O[C@@H]2O[C@H](C)C[C@H](N(C)C)[C@H]2O)[C@](C)(O)C[C@@H](C)[C@@H]2N[C@@H](COCCOC)O[C@H]([C@H]2C)[C@]1(C)O,0,O=C1CC(OC2CCCCO2)CC(OC2CCCCO2)CCCC2CC(CCO1)OCN2,CN1[C@@H]2CC[C@H]1CC(OC(=O)c1c[nH]c3ccccc13)C2,1,O=C(OC1CC2CCC(C1)N2)c1c[nH]c2ccccc12,0.10077884812461571,0,1.3694950761827359e-05
C[C@]12CC[C@H](O)CC1=CC[C@@H]1[C@@H]2CC[C@]2(C)C(c3cccnc3)=CC[C@@H]12,0,C1=C2CCCCC2C2CCC3C(c4cccnc4)=CCC3C2C1,C[C@]12CC[C@@H]3c4ccc(O)cc4CC[C@H]3[C@@H]1CC[C@@H]2O,1,c1ccc2c(c1)CCC1C2CCC2CCCC21,0.2170940170940171,0,0.0760662310914412
C[C@]12CC[C@H](O)CC1=CC[C@@H]1[C@@H]2CC[C@]2(C)C(c3cccnc3)=CC[C@@H]12,0,C1=C2CCCCC2C2CCC3C(c4cccnc4)=CCC3C2C1,C[C@]12CC[C@@H]3c4ccc(O)cc4CC[C@H]3[C@@H]1CCC2=O,1,O=C1CCC2C1CCC1c3ccccc3CCC12,0.21544265593561368,0,0.05460151616725422
C[C@]12CC[C@H](O)CC1=CC[C@@H]1[C@@H]2CC[C@]2(C)C(c3cccnc3)=CC[C@@H]12,0,C1=C2CCCCC2C2CCC3C(c4cccnc4)=CCC3C2C1,C#C[C@]1(O)CC[C@H]2[C@@H]3CCc4cc(OC)ccc4[C@H]3CC[C@@]21C,1,c1ccc2c(c1)CCC1C2CCC2CCCC21,0.1859016393442623,0,0.04611072815629973
C[C@]12CC[C@H](O)CC1=CC[C@@H]1[C@@H]2CC[C@]2(C)C(c3cccnc3)=CC[C@@H]12,0,C1=C2CCCCC2C2CCC3C(c4cccnc4)=CCC3C2C1,CC(C)(C)NC(=O)[C@@H]1CN(Cc2cccnc2)CCN1C[C@@H](O)C[C@@H](Cc1ccccc1)C(=O)N[C@H]1c2ccccc2C[C@H]1O,1,O=C(NC1CCc2ccccc21)C(CCCN1CCN(Cc2cccnc2)CC1)Cc1ccccc1,0.18449770525242223,0,0.06873230928455062
CC(C)C[C@@H](NC(=O)[C@@H](Cc1ccccc1)NC(=O)c1cnccn1)B(O)O,1,O=C(NCCc1ccccc1)c1cnccn1,CC(C)C1CCC(C(=O)N[C@H](Cc2ccccc2)C(=O)O)CC1,1,O=C(NCCc1ccccc1)C1CCCCC1,0.3100055279159757,1,0.7796045356076315
CC(C)C[C@@H](NC(=O)[C@@H](Cc1ccccc1)NC(=O)c1cnccn1)B(O)O,1,O=C(NCCc1ccccc1)c1cnccn1,CC(C)c1nc(CN(C)C(=O)N[C@H](C(=O)N[C@@H](Cc2ccccc2)C[C@H](O)[C@H](Cc2ccccc2)NC(=O)OCc2cncs2)C(C)C)cs1,1,O=C(CNC(=O)NCc1cscn1)NC(CCC(Cc1ccccc1)NC(=O)OCc1cncs1)Cc1ccccc1,0.28859701492537315,1,0.7499648701605908
CC(C)C[C@@H](NC(=O)[C@@H](Cc1ccccc1)NC(=O)c1cnccn1)B(O)O,1,O=C(NCCc1ccccc1)c1cnccn1,CC(C)(C)NC(=O)[C@@H]1CN(Cc2cccnc2)CCN1C[C@@H](O)C[C@@H](Cc1ccccc1)C(=O)N[C@H]1c2ccccc2C[C@H]1O,1,O=C(NC1CCc2ccccc21)C(CCCN1CCN(Cc2cccnc2)CC1)Cc1ccccc1,0.25635240397528875,1,0.9358795821264078
CC(C)C[C@@H](NC(=O)[C@@H](Cc1ccccc1)NC(=O)c1cnccn1)B(O)O,1,O=C(NCCc1ccccc1)c1cnccn1,CCOc1cc(CC(=O)N[C@@H](CC(C)C)c2ccccc2N2CCCCC2)ccc1C(=O)O,1,O=C(Cc1ccccc1)NCc1ccccc1N1CCCCC1,0.24534883720930234,1,0.853397526471466
CCOc1ccccc1O[C@H](c1ccccc1)[C@H]1CNCCO1,0,c1ccc(OC(c2ccccc2)C2CNCCO2)cc1,CNCC[C@@H](Oc1ccccc1C)c1ccccc1,1,c1ccc(COc2ccccc2)cc1,0.3027409372236958,0,0.019119105242439153
CCOc1ccccc1O[C@H](c1ccccc1)[C@H]1CNCCO1,0,c1ccc(OC(c2ccccc2)C2CNCCO2)cc1,CNCC[C@@H](Oc1ccc(C(F)(F)F)cc1)c1ccccc1,1,c1ccc(COc2ccccc2)cc1,0.2511904761904762,0,0.01728480771385902
CCOc1ccccc1O[C@H](c1ccccc1)[C@H]1CNCCO1,0,c1ccc(OC(c2ccccc2)C2CNCCO2)cc1,CCOc1cc(CC(=O)N[C@@H](CC(C)C)c2ccccc2N2CCCCC2)ccc1C(=O)O,1,O=C(Cc1ccccc1)NCc1ccccc1N1CCCCC1,0.2236794171220401,0,0.051989968551408056
CCOc1ccccc1O[C@H](c1ccccc1)[C@H]1CNCCO1,0,c1ccc(OC(c2ccccc2)C2CNCCO2)cc1,CC[C@H](c1ccccc1)c1c(O)c2ccccc2oc1=O,1,O=c1oc2ccccc2cc1Cc1ccccc1,0.21141439205955337,0,0.10986007889924523
CN1CCN(C2=Nc3cc(F)ccc3Cc3ccccc32)CC1,0,c1ccc2c(c1)Cc1ccccc1C(N1CCNCC1)=N2,CN1CCN2c3ccccc3Cc3cccnc3[C@@H]2C1,1,c1ccc2c(c1)Cc1cccnc1C1CNCCN21,0.30444515510073555,0,0.18880070096785884
CN1CCN(C2=Nc3cc(F)ccc3Cc3ccccc32)CC1,0,c1ccc2c(c1)Cc1ccccc1C(N1CCNCC1)=N2,CN(C)CCCN1c2ccccc2CCc2ccc(Cl)cc21,1,c1ccc2c(c1)CCc1ccccc1N2,0.25277777777777777,0,0.2547927757374009
CN1CCN(C2=Nc3cc(F)ccc3Cc3ccccc32)CC1,0,c1ccc2c(c1)Cc1ccccc1C(N1CCNCC1)=N2,CN(C)CCCN1c2ccccc2CCc2ccccc21,1,c1ccc2c(c1)CCc1ccccc1N2,0.22142857142857142,0,0.2714384171726144
CN1CCN(C2=Nc3cc(F)ccc3Cc3ccccc32)CC1,0,c1ccc2c(c1)Cc1ccccc1C(N1CCNCC1)=N2,Cc1ncc2n1-c1ccc(Cl)cc1C(c1ccccc1F)=NC2,1,c1ccc(C2=NCc3cncn3-c3ccccc32)cc1,0.20137931034482762,0,0.2175166874181097
COC(=O)Nc1nc2cc(C(=O)c3ccccc3)ccc2[nH]1,0,O=C(c1ccccc1)c1ccc2[nH]cnc2c1,CCCSc1ccc2nc(NC(=O)OC)[nH]c2c1,1,c1ccc2[nH]cnc2c1,0.4850649350649351,0,0.20938400008338245
COC(=O)Nc1nc2cc(C(=O)c3ccccc3)ccc2[nH]1,0,O=C(c1ccccc1)c1ccc2[nH]cnc2c1,C[C@H](C(=O)O)c1cccc(C(=O)c2cccs2)c1,1,O=C(c1ccccc1)c1cccs1,0.23458694953391196,0,0.2918387316861297
COC(=O)Nc1nc2cc(C(=O)c3ccccc3)ccc2[nH]1,0,O=C(c1ccccc1)c1ccc2[nH]cnc2c1,Cc1c(OCC(F)(F)F)ccnc1C[S@@H](=O)c1nc2ccccc2[nH]1,1,O=[SH](Cc1ccccn1)c1nc2ccccc2[nH]1,0.22767940354147254,0,0.2714052834892409
COC(=O)Nc1nc2cc(C(=O)c3ccccc3)ccc2[nH]1,0,O=C(c1ccccc1)c1ccc2[nH]cnc2c1,CNC(=O)Oc1cccc2ccccc12,1,c1ccc2ccccc2c1,0.22464646464646465,0,0.15097882724301356
CNC(=O)c1cccc(NCC(=O)NCCc2ccc(OC)c(OC)c2)c1,0,O=C(CNc1ccccc1)NCCc1ccccc1,COc1ccc(CCN(C)CCC[C@@](C#N)(c2ccc(OC)c(OC)c2)C(C)C)cc1OC,1,c1ccc(CCCCNCCc2ccccc2)cc1,0.256140350877193,0,0.1117045986718377
CNC(=O)c1cccc(NCC(=O)NCCc2ccc(OC)c(OC)c2)c1,0,O=C(CNc1ccccc1)NCCc1ccccc1,COc1cc(C(=O)NS(=O)(=O)c2ccccc2C)ccc1Cc1cn(C)c2ccc(NC(=O)OC3CCCC3)cc12,1,O=C(Nc1ccc2[nH]cc(Cc3ccc(C(=O)NS(=O)(=O)c4ccccc4)cc3)c2c1)OC1CCCC1,0.22944329896907217,0,0.15886849817377455
CNC(=O)c1cccc(NCC(=O)NCCc2ccc(OC)c(OC)c2)c1,0,O=C(CNc1ccccc1)NCCc1ccccc1,CNC(=O)Oc1cccc2ccccc12,1,c1ccc2ccccc2c1,0.22745367192862048,0,0.09750733919977625
CNC(=O)c1cccc(NCC(=O)NCCc2ccc(OC)c(OC)c2)c1,0,O=C(CNc1ccccc1)NCCc1ccccc1,Cc1cnc(C(=O)NCCc2ccc(S(=O)(=O)NC(=O)NC3CCCCC3)cc2)cn1,1,O=C(NC1CCCCC1)NS(=O)(=O)c1ccc(CCNC(=O)c2cnccn2)cc1,0.21108508977361437,0,0.3899578863424018
CC(C)(C)[C@@H](O)/C=C\c1ccc2c(c1)OCO2,0,c1ccc2c(c1)OCO2,CC(C)(O)c1ccccc1CC[C@@H](SCC1(CC(=O)O)CC1)c1cccc(/C=C\c2ccc3ccc(Cl)cc3n2)c1,1,C(=Cc1ccc2ccccc2n1)c1cccc(C(CCc2ccccc2)SCC2CC2)c1,0.1699530516431925,0,0.004422490945280699
CC(C)(C)[C@@H](O)/C=C\c1ccc2c(c1)OCO2,0,c1ccc2c(c1)OCO2,CN(C)CC/C=C1/c2ccccc2COc2ccccc21,1,C=C1c2ccccc2COc2ccccc21,0.16647834274952922,0,0.13828286835534004
CC(C)(C)[C@@H](O)/C=C\c1ccc2c(c1)OCO2,0,c1ccc2c(c1)OCO2,COc1ccc2cc([C@H](C)C(=O)O)ccc2c1,1,c1ccc2ccccc2c1,0.16503014642549527,0,0.11095660686410583
CC(C)(C)[C@@H](O)/C=C\c1ccc2c(c1)OCO2,0,c1ccc2c(c1)OCO2,C#C[C@]1(O)CC[C@H]2[C@@H]3CCc4cc(OC)ccc4[C@H]3CC[C@@]21C,1,c1ccc2c(c1)CCC1C2CCC2CCCC21,0.15740845070422538,0,0.03324479191161915
CC(C)c1nc(COC(N)=O)n(Cc2ccncc2)c1Sc1cc(Cl)cc(Cl)c1,0,c1ccc(Sc2cncn2Cc2ccncc2)cc1,CC(C)c1nc(CN(C)C(=O)N[C@H](C(=O)N[C@@H](Cc2ccccc2)C[C@H](O)[C@H](Cc2ccccc2)NC(=O)OCc2cncs2)C(C)C)cs1,1,O=C(CNC(=O)NCc1cscn1)NC(CCC(Cc1ccccc1)NC(=O)OCc1cncs1)Cc1ccccc1,0.20063514467184193,0,0.05166673186046513
CC(C)c1nc(COC(N)=O)n(Cc2ccncc2)c1Sc1cc(Cl)cc(Cl)c1,0,c1ccc(Sc2cncn2Cc2ccncc2)cc1,CCc1nn(CCCN2CCN(c3cccc(Cl)c3)CC2)c(=O)n1CC,1,O=c1[nH]cnn1CCCN1CCN(c2ccccc2)CC1,0.19503267973856211,0,0.047301570066294166
CC(C)c1nc(COC(N)=O)n(Cc2ccncc2)c1Sc1cc(Cl)cc(Cl)c1,0,c1ccc(Sc2cncn2Cc2ccncc2)cc1,CC(C)N(CC[C@@](C(N)=O)(c1ccccc1)c1ccccn1)C(C)C,1,c1ccc(Cc2ccccn2)cc1,0.1949756572541383,0,0.15260090800575876
CC(C)c1nc(COC(N)=O)n(Cc2ccncc2)c1Sc1cc(Cl)cc(Cl)c1,0,c1ccc(Sc2cncn2Cc2ccncc2)cc1,CCCSc1ccc2nc(NC(=O)OC)[nH]c2c1,1,c1ccc2[nH]cnc2c1,0.18823529411764708,0,0.03368741115353392
Clc1ccc(CO/N=C(\Cn2ccnc2)c2ccc(Cl)cc2Cl)c(Cl)c1,0,c1ccc(CON=C(Cn2ccnc2)c2ccccc2)cc1,Cc1ncc2n1-c1ccc(Cl)cc1C(c1ccccc1F)=NC2,1,c1ccc(C2=NCc3cncn3-c3ccccc32)cc1,0.18233618233618235,0,0.024895272981588536
Clc1ccc(CO/N=C(\Cn2ccnc2)c2ccc(Cl)cc2Cl)c(Cl)c1,0,c1ccc(CON=C(Cn2ccnc2)c2ccccc2)cc1,CN(C)CCCN1c2ccccc2CCc2ccc(Cl)cc21,1,c1ccc2c(c1)CCc1ccccc1N2,0.17521126760563382,0,0.08614780817117262
Clc1ccc(CO/N=C(\Cn2ccnc2)c2ccc(Cl)cc2Cl)c(Cl)c1,0,c1ccc(CON=C(Cn2ccnc2)c2ccccc2)cc1,C[C@@H](c1ncncc1F)[C@](O)(Cn1cncn1)c1ccc(F)cc1F,1,c1ccc(C(Cc2ccncn2)Cn2cncn2)cc1,0.16432900432900432,0,0.02591688061397121
Clc1ccc(CO/N=C(\Cn2ccnc2)c2ccc(Cl)cc2Cl)c(Cl)c1,0,c1ccc(CON=C(Cn2ccnc2)c2ccccc2)cc1,CC(C)/N=C(N)\N=C(/N)Nc1ccc(Cl)cc1,1,c1ccccc1,0.16121212121212122,0,0.028169355908989262
CCC(=O)N(c1ccccc1)C1(COC)CCN(CCc2cccs2)CC1,0,c1ccc(NC2CCN(CCc3cccs3)CC2)cc1,C[C@H](C(=O)O)c1cccc(C(=O)c2cccs2)c1,1,O=C(c1ccccc1)c1cccs1,0.2284848484848485,0,0.020743745188835344
CCC(=O)N(c1ccccc1)C1(COC)CCN(CCc2cccs2)CC1,0,c1ccc(NC2CCN(CCc3cccs3)CC2)cc1,CN1CCCN=C1/C=C\c1cccs1,1,C(=Cc1cccs1)C1=NCCCN1,0.2221889055472264,0,0.014388392948744558
CCC(=O)N(c1ccccc1)C1(COC)CCN(CCc2cccs2)CC1,0,c1ccc(NC2CCN(CCc3cccs3)CC2)cc1,O=C(O)COc1ccc(C(=O)c2cccs2)c(Cl)c1Cl,1,O=C(c1ccccc1)c1cccs1,0.22136006974716654,0,0.02759320517679894
CCC(=O)N(c1ccccc1)C1(COC)CCN(CCc2cccs2)CC1,0,c1ccc(NC2CCN(CCc3cccs3)CC2)cc1,COc1ccc([C@@H]2Sc3ccccc3N(CCN(C)C)C(=O)[C@@H]2OC(C)=O)cc1,1,O=C1CC(c2ccccc2)Sc2ccccc2N1,0.2178787878787879,0,0.018261032093159678
C[C@H](N/C(=N\C#N)Nc1ccncc1)C(C)(C)C,0,c1ccncc1,CC(C)/N=C(N)\N=C(/N)Nc1ccc(Cl)cc1,1,c1ccccc1,0.225708245243129,0,0.10054319981702466
C[C@H](N/C(=N\C#N)Nc1ccncc1)C(C)(C)C,0,c1ccncc1,Cc1cccc(Nc2ccncc2S(=O)(=O)NC(=O)NC(C)C)c1,1,c1ccc(Nc2ccncc2)cc1,0.21218487394957986,0,0.19991900227796566
C[C@H](N/C(=N\C#N)Nc1ccncc1)C(C)(C)C,0,c1ccncc1,CC(=O)Nc1ccc(O)cc1,1,c1ccccc1,0.17644730331519048,0,0.13388200588244623
C[C@H](N/C(=N\C#N)Nc1ccncc1)C(C)(C)C,0,c1ccncc1,CC(C)N(CC[C@@](C(N)=O)(c1ccccc1)c1ccccn1)C(C)C,1,c1ccc(Cc2ccccn2)cc1,0.16666666666666666,0,0.15380650279953975
NNC(=O)c1ccncc1,0,c1ccncc1,CC(C)C[C@@H](NC(=O)[C@@H](Cc1ccccc1)NC(=O)c1cnccn1)B(O)O,1,O=C(NCCc1ccccc1)c1cnccn1,0.2180310133429499,0,0.30885952911373177
NNC(=O)c1ccncc1,0,c1ccncc1,CC(=O)Nc1ccc(O)cc1,1,c1ccccc1,0.20845588235294119,0,0.05283495081817285
NNC(=O)c1ccncc1,0,c1ccncc1,Cc1cccc(Nc2ccncc2S(=O)(=O)NC(=O)NC(C)C)c1,1,c1ccc(Nc2ccncc2)cc1,0.20771929824561405,0,0.11099348407367644
NNC(=O)c1ccncc1,0,c1ccncc1,CN1C(C(=O)Nc2ccccn2)=C(O)c2ccccc2S1(=O)=O,1,O=C(Nc1ccccn1)C1=Cc2ccccc2S(=O)(=O)N1,0.2067573497147872,0,0.14159187180267235
CCOP(=S)(OCC)Oc1nc(Cl)c(Cl)cc1Cl,1,c1ccncc1,CN(C)CCCN1c2ccccc2CCc2ccc(Cl)cc21,1,c1ccc2c(c1)CCc1ccccc1N2,0.17232791421653407,1,0.6825301373765199
CCOP(=S)(OCC)Oc1nc(Cl)c(Cl)cc1Cl,1,c1ccncc1,CCN[C@H]1C[C@H](C)S(=O)(=O)c2sc(S(N)(=O)=O)cc21,1,O=S1(=O)CCCc2ccsc21,0.1625200900032144,1,0.8295628921257626
CCOP(=S)(OCC)Oc1nc(Cl)c(Cl)cc1Cl,1,c1ccncc1,CCCc1nn(C)c2c(=O)nc(-c3cc(S(=O)(=O)N4CCN(C)CC4)ccc3OCC)[nH]c12,1,O=c1nc(-c2cccc(S(=O)(=O)N3CCNCC3)c2)[nH]c2cn[nH]c12,0.15942334739803096,1,0.742931417631612
CCOP(=S)(OCC)Oc1nc(Cl)c(Cl)cc1Cl,1,c1ccncc1,COc1cc(Cc2cnc(N)nc2N)cc(OC)c1OC,1,c1ccc(Cc2cncnc2)cc1,0.15773809523809526,1,0.5836279779005904
CN1CCN=C(c2ccccc2)c2cc(Cl)ccc21,0,c1ccc(C2=NCCNc3ccccc32)cc1,Cc1ncc2n1-c1ccc(Cl)cc1C(c1ccccc1F)=NC2,1,c1ccc(C2=NCc3cncn3-c3ccccc32)cc1,0.3621348719798053,0,0.13499352436548667
CN1CCN=C(c2ccccc2)c2cc(Cl)ccc21,0,c1ccc(C2=NCCNc3ccccc32)cc1,CN(C)CCCN1c2ccccc2CCc2ccc(Cl)cc21,1,c1ccc2c(c1)CCc1ccccc1N2,0.3147869674185464,0,0.300618192118158
CN1CCN=C(c2ccccc2)c2cc(Cl)ccc21,0,c1ccc(C2=NCCNc3ccccc32)cc1,CN1CCCN=C1/C=C\c1cccs1,1,C(=Cc1cccs1)C1=NCCCN1,0.23485838779956428,0,0.4433514381331485
CN1CCN=C(c2ccccc2)c2cc(Cl)ccc21,0,c1ccc(C2=NCCNc3ccccc32)cc1,CCc1nn(CCCN2CCN(c3cccc(Cl)c3)CC2)c(=O)n1CC,1,O=c1[nH]cnn1CCCN1CCN(c2ccccc2)CC1,0.22391304347826085,0,0.11930815835635833
CN1CCCN=C1/C=C\c1cccs1,1,C(=Cc1cccs1)C1=NCCCN1,CN1CCN2c3ccccc3Cc3cccnc3[C@@H]2C1,1,c1ccc2c(c1)Cc1cccnc1C1CNCCN21,0.21080026024723486,0,0.3558987289721403
CN1CCCN=C1/C=C\c1cccs1,1,C(=Cc1cccs1)C1=NCCCN1,C[C@H](C(=O)O)c1cccc(C(=O)c2cccs2)c1,1,O=C(c1ccccc1)c1cccs1,0.18835087719298244,1,0.5376935294012248
CN1CCCN=C1/C=C\c1cccs1,1,C(=Cc1cccs1)C1=NCCCN1,O=C(O)COc1ccc(C(=O)c2cccs2)c(Cl)c1Cl,1,O=C(c1ccccc1)c1cccs1,0.16618093503339404,1,0.541076940714895
CN1CCCN=C1/C=C\c1cccs1,1,C(=Cc1cccs1)C1=NCCCN1,CN(C)CCCN1c2ccccc2Sc2ccccc21,1,c1ccc2c(c1)Nc1ccccc1S2,0.16346153846153846,1,0.620833295457358
CCN(CC)Cc1cc(Nc2ccnc3cc(Cl)ccc23)ccc1O,0,c1ccc(Nc2ccnc3ccccc23)cc1,Cc1cccc(Nc2ccncc2S(=O)(=O)NC(=O)NC(C)C)c1,1,c1ccc(Nc2ccncc2)cc1,0.20781440781440783,0,0.18000046878663242
CCN(CC)Cc1cc(Nc2ccnc3cc(Cl)ccc23)ccc1O,0,c1ccc(Nc2ccnc3ccccc23)cc1,CCCCc1oc2ccccc2c1C(=O)c1cc(I)c(OCCN(CC)CC)c(I)c1,1,O=C(c1ccccc1)c1coc2ccccc12,0.20564543889845097,0,0.28390752756264687
CCN(CC)Cc1cc(Nc2ccnc3cc(Cl)ccc23)ccc1O,0,c1ccc(Nc2ccnc3ccccc23)cc1,CCN(CC)CC(=O)Nc1c(C)cccc1C,1,c1ccccc1,0.18395989974937343,0,0.21351211362815856
CCN(CC)Cc1cc(Nc2ccnc3cc(Cl)ccc23)ccc1O,0,c1ccc(Nc2ccnc3ccccc23)cc1,CC(C)/N=C(N)\N=C(/N)Nc1ccc(Cl)cc1,1,c1ccccc1,0.18217506631299737,0,0.15493185525341602
CN1CCN(CCCCN2C(=O)CN(/N=C\c3ccc(-c4ccc(Cl)cc4)o3)C2=O)CC1,0,O=C1CN(N=Cc2ccc(-c3ccccc3)o2)C(=O)N1CCCCN1CCNCC1,CCc1nn(CCCN2CCN(c3cccc(Cl)c3)CC2)c(=O)n1CC,1,O=c1[nH]cnn1CCCN1CCN(c2ccccc2)CC1,0.23325317760219857,0,0.004756981780031114
CN1CCN(CCCCN2C(=O)CN(/N=C\c3ccc(-c4ccc(Cl)cc4)o3)C2=O)CC1,0,O=C1CN(N=Cc2ccc(-c3ccccc3)o2)C(=O)N1CCCCN1CCNCC1,CN(C)CCCN1c2ccccc2CCc2ccc(Cl)cc21,1,c1ccc2c(c1)CCc1ccccc1N2,0.22400000000000003,0,0.02460919167635931
CN1CCN(CCCCN2C(=O)CN(/N=C\c3ccc(-c4ccc(Cl)cc4)o3)C2=O)CC1,0,O=C1CN(N=Cc2ccc(-c3ccccc3)o2)C(=O)N1CCCCN1CCNCC1,CN(C)CCCN1c2ccccc2CCc2ccccc21,1,c1ccc2c(c1)CCc1ccccc1N2,0.17443099273607748,0,0.02873821847465728
CN1CCN(CCCCN2C(=O)CN(/N=C\c3ccc(-c4ccc(Cl)cc4)o3)C2=O)CC1,0,O=C1CN(N=Cc2ccc(-c3ccccc3)o2)C(=O)N1CCCCN1CCNCC1,CCCCC1C(=O)N(c2ccccc2)N(c2ccccc2)C1=O,1,O=C1CC(=O)N(c2ccccc2)N1c1ccccc1,0.1579590752059527,0,0.04047984531555912
CCOC(=O)[C@H](CCc1ccccc1)N[C@@H](C)C(=O)N1CCC[C@H]1C(=O)O,0,O=C(CNCCCc1ccccc1)N1CCCC1,CC(C)C1CCC(C(=O)N[C@H](Cc2ccccc2)C(=O)O)CC1,1,O=C(NCCc1ccccc1)C1CCCCC1,0.3083710407239819,0,0.10358267604451063
CCOC(=O)[C@H](CCc1ccccc1)N[C@@H](C)C(=O)N1CCC[C@H]1C(=O)O,0,O=C(CNCCCc1ccccc1)N1CCCC1,CCOc1cc(CC(=O)N[C@@H](CC(C)C)c2ccccc2N2CCCCC2)ccc1C(=O)O,1,O=C(Cc1ccccc1)NCc1ccccc1N1CCCCC1,0.2676648841354724,0,0.1436442992887571
CCOC(=O)[C@H](CCc1ccccc1)N[C@@H](C)C(=O)N1CCC[C@H]1C(=O)O,0,O=C(CNCCCc1ccccc1)N1CCCC1,O=C(C1CCCCC1)N1CC(=O)N2CCc3ccccc3[C@H]2C1,1,O=C(C1CCCCC1)N1CC(=O)N2CCc3ccccc3C2C1,0.22392607392607394,0,0.0938437969523252
CCOC(=O)[C@H](CCc1ccccc1)N[C@@H](C)C(=O)N1CCC[C@H]1C(=O)O,0,O=C(CNCCCc1ccccc1)N1CCCC1,CC1=C(C)C(=O)C([C@@H](CCCCCC(=O)O)c2ccccc2)=C(C)C1=O,1,O=C1C=CC(=O)C(Cc2ccccc2)=C1,0.21970649895178196,0,0.22971223714832445
COC(=O)[C@H](c1ccccc1)[C@H]1CCCCN1,0,c1ccc(CC2CCCCN2)cc1,CC(=O)C[C@@H](c1ccccc1)c1c(O)c2ccccc2oc1=O,1,O=c1oc2ccccc2cc1Cc1ccccc1,0.24689655172413796,0,0.1745621838570788
COC(=O)[C@H](c1ccccc1)[C@H]1CCCCN1,0,c1ccc(CC2CCCCN2)cc1,CC(C)C1CCC(C(=O)N[C@H](Cc2ccccc2)C(=O)O)CC1,1,O=C(NCCc1ccccc1)C1CCCCC1,0.2408898305084746,0,0.1687029728099319
COC(=O)[C@H](c1ccccc1)[C@H]1CCCCN1,0,c1ccc(CC2CCCCN2)cc1,CNCC[C@@H](Oc1ccccc1C)c1ccccc1,1,c1ccc(COc2ccccc2)cc1,0.23809523809523808,0,0.0894075799122182
COC(=O)[C@H](c1ccccc1)[C@H]1CCCCN1,0,c1ccc(CC2CCCCN2)cc1,CC[C@H](c1ccccc1)c1c(O)c2ccccc2oc1=O,1,O=c1oc2ccccc2cc1Cc1ccccc1,0.23750000000000002,0,0.12829160285345073
O=c1n(CCCN2CCN(c3cccc(Cl)c3)CC2)nc2ccccn12,0,O=c1n(CCCN2CCN(c3ccccc3)CC2)nc2ccccn12,CCc1nn(CCCN2CCN(c3cccc(Cl)c3)CC2)c(=O)n1CC,1,O=c1[nH]cnn1CCCN1CCN(c2ccccc2)CC1,0.615058670143416,0,0.1180596844076495
O=c1n(CCCN2CCN(c3cccc(Cl)c3)CC2)nc2ccccn12,0,O=c1n(CCCN2CCN(c3ccccc3)CC2)nc2ccccn12,CN(C)CCCN1c2ccccc2CCc2ccc(Cl)cc21,1,c1ccc2c(c1)CCc1ccccc1N2,0.25587761674718196,0,0.37139600588310867
O=c1n(CCCN2CCN(c3cccc(Cl)c3)CC2)nc2ccccn12,0,O=c1n(CCCN2CCN(c3ccccc3)CC2)nc2ccccn12,Cc1cc(=O)n(-c2ccccc2)n1C,1,O=c1cc[nH]n1-c1ccccc1,0.19333333333333336,0,0.4908345965476893
O=c1n(CCCN2CCN(c3cccc(Cl)c3)CC2)nc2ccccn12,0,O=c1n(CCCN2CCN(c3ccccc3)CC2)nc2ccccn12,Cc1c(N(C)C)c(=O)n(-c2ccccc2)n1C,1,O=c1cc[nH]n1-c1ccccc1,0.1892857142857143,0,0.3101745774937918
CS(=O)(=O)c1ccc(C2=C(c3ccccc3)C(=O)OC2)cc1,0,O=C1OCC(c2ccccc2)=C1c1ccccc1,Nc1ccc(S(=O)(=O)c2ccc(N)cc2)cc1,1,O=S(=O)(c1ccccc1)c1ccccc1,0.2066666666666667,0,0.04430431639594082
CS(=O)(=O)c1ccc(C2=C(c3ccccc3)C(=O)OC2)cc1,0,O=C1OCC(c2ccccc2)=C1c1ccccc1,CCC1(c2ccccc2)C(=O)NC(=O)NC1=O,1,O=C1NC(=O)C(c2ccccc2)C(=O)N1,0.20294117647058826,0,0.1550606819953258
CS(=O)(=O)c1ccc(C2=C(c3ccccc3)C(=O)OC2)cc1,0,O=C1OCC(c2ccccc2)=C1c1ccccc1,CCCCC1C(=O)N(c2ccccc2)N(c2ccccc2)C1=O,1,O=C1CC(=O)N(c2ccccc2)N1c1ccccc1,0.19572192513368986,0,0.24261454425003234
CS(=O)(=O)c1ccc(C2=C(c3ccccc3)C(=O)OC2)cc1,0,O=C1OCC(c2ccccc2)=C1c1ccccc1,O=C1NC(=O)C(c2ccccc2)(c2ccccc2)N1,1,O=C1NC(=O)C(c2ccccc2)(c2ccccc2)N1,0.1876152832674572,0,0.11681531944374818
O=C1CCc2cc(OCCCCc3nnnn3C3CCCCC3)ccc2N1,0,O=C1CCc2cc(OCCCCc3nnnn3C3CCCCC3)ccc2N1,CN(CCOc1ccc(C[C@@H]2SC(=O)NC2=O)cc1)c1ccccn1,1,O=C1NC(=O)C(Cc2ccc(OCCNc3ccccn3)cc2)S1,0.1923154701718908,0,0.1662402521724237
O=C1CCc2cc(OCCCCc3nnnn3C3CCCCC3)ccc2N1,0,O=C1CCc2cc(OCCCCc3nnnn3C3CCCCC3)ccc2N1,Cc1c(C)c2c(c(C)c1O)CC[C@](C)(COc1ccc(C[C@@H]3SC(=O)NC3=O)cc1)O2,1,O=C1NC(=O)C(Cc2ccc(OCC3CCc4ccccc4O3)cc2)S1,0.19195084485407066,0,0.1203321668383272
O=C1CCc2cc(OCCCCc3nnnn3C3CCCCC3)ccc2N1,0,O=C1CCc2cc(OCCCCc3nnnn3C3CCCCC3)ccc2N1,Cc1ccnc2c1NC(=O)c1cccnc1N2C1CC1,1,O=C1Nc2cccnc2N(C2CC2)c2ncccc21,0.17492063492063492,0,0.04195639857001429
O=C1CCc2cc(OCCCCc3nnnn3C3CCCCC3)ccc2N1,0,O=C1CCc2cc(OCCCCc3nnnn3C3CCCCC3)ccc2N1,CCCc1nn(C)c2c(=O)nc(-c3cc(S(=O)(=O)N4CCN(C)CC4)ccc3OCC)[nH]c12,1,O=c1nc(-c2cccc(S(=O)(=O)N3CCNCC3)c2)[nH]c2cn[nH]c12,0.17492008851733465,0,0.12207398301400738
CCCCc1ncc(/C=C(/Cc2cccs2)C(=O)O)n1Cc1ccc(C(=O)O)cc1,0,C(=Cc1cncn1Cc1ccccc1)Cc1cccs1,CCCCc1nc(Cl)c(CO)n1Cc1ccc(-c2ccccc2-c2nnn[nH]2)cc1,1,c1ccc(-c2nnn[nH]2)c(-c2ccc(Cn3ccnc3)cc2)c1,0.26825100963032,0,0.36229911099576034
CCCCc1ncc(/C=C(/Cc2cccs2)C(=O)O)n1Cc1ccc(C(=O)O)cc1,0,C(=Cc1cncn1Cc1ccccc1)Cc1cccs1,CCOc1nc2cccc(C(=O)O)c2n1Cc1ccc(-c2ccccc2-c2nnn[nH]2)cc1,1,c1ccc(-c2nnn[nH]2)c(-c2ccc(Cn3cnc4ccccc43)cc2)c1,0.2332688588007737,0,0.3687889839374936
CCCCc1ncc(/C=C(/Cc2cccs2)C(=O)O)n1Cc1ccc(C(=O)O)cc1,0,C(=Cc1cncn1Cc1ccccc1)Cc1cccs1,C[C@H](C(=O)O)c1cccc(C(=O)c2cccs2)c1,1,O=C(c1ccccc1)c1cccs1,0.22480967308553518,0,0.27973471800712174
CCCCc1ncc(/C=C(/Cc2cccs2)C(=O)O)n1Cc1ccc(C(=O)O)cc1,0,C(=Cc1cncn1Cc1ccccc1)Cc1cccs1,O=C(O)COc1ccc(C(=O)c2cccs2)c(Cl)c1Cl,1,O=C(c1ccccc1)c1cccs1,0.22140031645569622,0,0.3829521663066121
CC(C)(C)NC[C@H](O)COc1ccccc1C1CCCC1,0,c1ccc(C2CCCC2)cc1,CNCC[C@@H](Oc1ccccc1C)c1ccccc1,1,c1ccc(COc2ccccc2)cc1,0.24769975786924942,0,0.08122724268938442
CC(C)(C)NC[C@H](O)COc1ccccc1C1CCCC1,0,c1ccc(C2CCCC2)cc1,Cc1c(O)cccc1C(=O)N[C@@H](CSc1ccccc1)[C@H](O)CN1C[C@H]2CCCC[C@H]2C[C@H]1C(=O)NC(C)(C)C,1,O=C(NC(CCN1CCC2CCCCC2C1)CSc1ccccc1)c1ccccc1,0.22262023217247098,0,0.08266435829363164
CC(C)(C)NC[C@H](O)COc1ccccc1C1CCCC1,0,c1ccc(C2CCCC2)cc1,CNCC[C@@H](Oc1ccc(C(F)(F)F)cc1)c1ccccc1,1,c1ccc(COc2ccccc2)cc1,0.21086956521739134,0,0.11206003579924817
CC(C)(C)NC[C@H](O)COc1ccccc1C1CCCC1,0,c1ccc(C2CCCC2)cc1,CN[C@H]1CC[C@@H](c2ccc(Cl)c(Cl)c2)c2ccccc21,1,c1ccc(C2CCCc3ccccc32)cc1,0.20722649715623953,0,0.11548911121626439
CC(C)=CCN1CC[C@]2(C)c3cc(O)ccc3C[C@H]1[C@H]2C,0,c1ccc2c(c1)CC1CC2CCN1,C[C@]12CC[C@@H]3c4ccc(O)cc4CC[C@H]3[C@@H]1CC[C@@H]2O,1,c1ccc2c(c1)CCC1C2CCC2CCCC21,0.2727272727272727,0,0.1786568005251972
CC(C)=CCN1CC[C@]2(C)c3cc(O)ccc3C[C@H]1[C@H]2C,0,c1ccc2c(c1)CC1CC2CCN1,C[C@]12CC[C@@H]3c4ccc(O)cc4CC[C@H]3[C@@H]1CCC2=O,1,O=C1CCC2C1CCC1c3ccccc3CCC12,0.27136672850958565,0,0.24050866560322262
CC(C)=CCN1CC[C@]2(C)c3cc(O)ccc3C[C@H]1[C@H]2C,0,c1ccc2c(c1)CC1CC2CCN1,C#C[C@]1(O)CC[C@H]2[C@@H]3CCc4cc(OC)ccc4[C@H]3CC[C@@]21C,1,c1ccc2c(c1)CCC1C2CCC2CCCC21,0.17401129943502824,0,0.20360417150763446
CC(C)=CCN1CC[C@]2(C)c3cc(O)ccc3C[C@H]1[C@H]2C,0,c1ccc2c(c1)CC1CC2CCN1,CC(=O)Nc1ccc(O)cc1,1,c1ccccc1,0.17276955602537,0,0.22955439190556004
COc1cccc2c1C(=O)c1c(O)c3c(c(O)c1C2=O)C[C@@](O)(C(C)=O)C[C@@H]3O[C@H]1C[C@H](N)[C@H](O)[C@H](C)O1,0,O=C1c2ccccc2C(=O)c2cc3c(cc21)CCCC3OC1CCCCO1,Cc1c(C)c2c(c(C)c1O)CC[C@](C)(COc1ccc(C[C@@H]3SC(=O)NC3=O)cc1)O2,1,O=C1NC(=O)C(Cc2ccc(OCC3CCc4ccccc4O3)cc2)S1,0.16986986986986988,0,0.004831679033338072
COc1cccc2c1C(=O)c1c(O)c3c(c(O)c1C2=O)C[C@@](O)(C(C)=O)C[C@@H]3O[C@H]1C[C@H](N)[C@H](O)[C@H](C)O1,0,O=C1c2ccccc2C(=O)c2cc3c(cc21)CCCC3OC1CCCCO1,CC(=O)C[C@@H](c1ccccc1)c1c(O)c2ccccc2oc1=O,1,O=c1oc2ccccc2cc1Cc1ccccc1,0.16365663322185062,0,0.003268489990814071
COc1cccc2c1C(=O)c1c(O)c3c(c(O)c1C2=O)C[C@@](O)(C(C)=O)C[C@@H]3O[C@H]1C[C@H](N)[C@H](O)[C@H](C)O1,0,O=C1c2ccccc2C(=O)c2cc3c(cc21)CCCC3OC1CCCCO1,C#C[C@]1(O)CC[C@H]2[C@@H]3CCc4cc(OC)ccc4[C@H]3CC[C@@]21C,1,c1ccc2c(c1)CCC1C2CCC2CCCC21,0.16231966053748234,0,0.00108902056150468
COc1cccc2c1C(=O)c1c(O)c3c(c(O)c1C2=O)C[C@@](O)(C(C)=O)C[C@@H]3O[C@H]1C[C@H](N)[C@H](O)[C@H](C)O1,0,O=C1c2ccccc2C(=O)c2cc3c(cc21)CCCC3OC1CCCCO1,COc1ccc([C@@H]2Sc3ccccc3N(CCN(C)C)C(=O)[C@@H]2OC(C)=O)cc1,1,O=C1CC(c2ccccc2)Sc2ccccc2N1,0.15974536096437764,0,0.001792848559875535
COc1cccc2c1C(=O)c1c(O)c3c(c(O)c1C2=O)C[C@@](O)(C(=O)CO)C[C@@H]3O[C@H]1C[C@H](N)[C@H](O)[C@H](C)O1,0,O=C1c2ccccc2C(=O)c2cc3c(cc21)CCCC3OC1CCCCO1,Cc1c(C)c2c(c(C)c1O)CC[C@](C)(COc1ccc(C[C@@H]3SC(=O)NC3=O)cc1)O2,1,O=C1NC(=O)C(Cc2ccc(OCC3CCc4ccccc4O3)cc2)S1,0.17363636363636364,0,0.002995028844090507
COc1cccc2c1C(=O)c1c(O)c3c(c(O)c1C2=O)C[C@@](O)(C(=O)CO)C[C@@H]3O[C@H]1C[C@H](N)[C@H](O)[C@H](C)O1,0,O=C1c2ccccc2C(=O)c2cc3c(cc21)CCCC3OC1CCCCO1,COc1ccccc1Oc1c(NS(=O)(=O)c2ccc(C(C)(C)C)cc2)nc(-c2ncccn2)nc1OCCO,1,O=S(=O)(Nc1nc(-c2ncccn2)ncc1Oc1ccccc1)c1ccccc1,0.15890819916835486,0,0.0009442234932849024
COc1cccc2c1C(=O)c1c(O)c3c(c(O)c1C2=O)C[C@@](O)(C(=O)CO)C[C@@H]3O[C@H]1C[C@H](N)[C@H](O)[C@H](C)O1,0,O=C1c2ccccc2C(=O)c2cc3c(cc21)CCCC3OC1CCCCO1,COc1cc(C(=O)NS(=O)(=O)c2ccccc2C)ccc1Cc1cn(C)c2ccc(NC(=O)OC3CCCC3)cc12,1,O=C(Nc1ccc2[nH]cc(Cc3ccc(C(=O)NS(=O)(=O)c4ccccc4)cc3)c2c1)OC1CCCC1,0.15874207093719292,0,0.0027228548937058583
COc1cccc2c1C(=O)c1c(O)c3c(c(O)c1C2=O)C[C@@](O)(C(=O)CO)C[C@@H]3O[C@H]1C[C@H](N)[C@H](O)[C@H](C)O1,0,O=C1c2ccccc2C(=O)c2cc3c(cc21)CCCC3OC1CCCCO1,CC(=O)C[C@@H](c1ccccc1)c1c(O)c2ccccc2oc1=O,1,O=c1oc2ccccc2cc1Cc1ccccc1,0.15858555588852263,0,0.0023266181241466902
Cc1ccc(/C(=C/CN2CCCC2)c2ccccn2)cc1,0,C(CN1CCCC1)=C(c1ccccc1)c1ccccn1,CC(C)N(CC[C@@](C(N)=O)(c1ccccc1)c1ccccn1)C(C)C,1,c1ccc(Cc2ccccn2)cc1,0.25414141414141417,0,0.1708418900831887
Cc1ccc(/C(=C/CN2CCCC2)c2ccccn2)cc1,0,C(CN1CCCC1)=C(c1ccccc1)c1ccccn1,CN1CCN2c3ccccc3Cc3cccnc3[C@@H]2C1,1,c1ccc2c(c1)Cc1cccnc1C1CNCCN21,0.22916666666666669,0,0.13044550163596524
Cc1ccc(/C(=C/CN2CCCC2)c2ccccn2)cc1,0,C(CN1CCCC1)=C(c1ccccc1)c1ccccn1,CN1CCCN=C1/C=C\c1cccs1,1,C(=Cc1cccs1)C1=NCCCN1,0.20083333333333334,0,0.18326799763371399
Cc1ccc(/C(=C/CN2CCCC2)c2ccccn2)cc1,0,C(CN1CCCC1)=C(c1ccccc1)c1ccccn1,Cc1ccnc2c1NC(=O)c1cccnc1N2C1CC1,1,O=C1Nc2cccnc2N(C2CC2)c2ncccc21,0.19745024875621892,0,0.19677584908235565
C#C[C@]1(O)CC[C@H]2[C@@H]3CCC4=Cc5oncc5C[C@]4(C)[C@H]3CC[C@@]21C,0,C1=C2CCC3C4CCCC4CCC3C2Cc2cnoc21,C#C[C@]1(O)CC[C@H]2[C@@H]3CCc4cc(OC)ccc4[C@H]3CC[C@@]21C,1,c1ccc2c(c1)CCC1C2CCC2CCCC21,0.41170358217117853,0,0.027509681855401705
C#C[C@]1(O)CC[C@H]2[C@@H]3CCC4=Cc5oncc5C[C@]4(C)[C@H]3CC[C@@]21C,0,C1=C2CCC3C4CCCC4CCC3C2Cc2cnoc21,C[C@]12CC[C@@H]3c4ccc(O)cc4CC[C@H]3[C@@H]1CCC2=O,1,O=C1CCC2C1CCC1c3ccccc3CCC12,0.24363636363636365,0,0.07879374806471406
C#C[C@]1(O)CC[C@H]2[C@@H]3CCC4=Cc5oncc5C[C@]4(C)[C@H]3CC[C@@]21C,0,C1=C2CCC3C4CCCC4CCC3C2Cc2cnoc21,C[C@]12CC[C@@H]3c4ccc(O)cc4CC[C@H]3[C@@H]1CC[C@@H]2O,1,c1ccc2c(c1)CCC1C2CCC2CCCC21,0.22202957674655788,0,0.06709472773858145
C#C[C@]1(O)CC[C@H]2[C@@H]3CCC4=Cc5oncc5C[C@]4(C)[C@H]3CC[C@@]21C,0,C1=C2CCC3C4CCCC4CCC3C2Cc2cnoc21,CN1C(=O)[C@@](C)(C2=CCCCC2)C(=O)N=C1O,1,O=C1N=CNC(=O)C1C1=CCCCC1,0.13218623481781377,0,0.03387940371896586
CCCN(CCC)CCc1cccc2c1CC(=O)N2,0,O=C1Cc2ccccc2N1,CCN(CC)CC(=O)Nc1c(C)cccc1C,1,c1ccccc1,0.26884531590413946,0,0.07803735089016076
CCCN(CCC)CCc1cccc2c1CC(=O)N2,0,O=C1Cc2ccccc2N1,CCC1(c2ccccc2)C(=O)NC(=O)NC1=O,1,O=C1NC(=O)C(c2ccccc2)C(=O)N1,0.2590762620837809,0,0.08229399308188676
CCCN(CCC)CCc1cccc2c1CC(=O)N2,0,O=C1Cc2ccccc2N1,CN(C)CCCN1c2ccccc2CCc2ccccc21,1,c1ccc2c(c1)CCc1ccccc1N2,0.21545454545454545,0,0.09604941737919888
CCCN(CCC)CCc1cccc2c1CC(=O)N2,0,O=C1Cc2ccccc2N1,CC(C)N(CC[C@@](C(N)=O)(c1ccccc1)c1ccccn1)C(C)C,1,c1ccc(Cc2ccccn2)cc1,0.20141843971631207,0,0.06599671353891721
C=C1C[C@@H]2[C@H](CC[C@]3(C)C(=O)CC[C@@H]23)[C@@]2(C)C=CC(=O)C=C12,0,C=C1CC2C(CCC3C(=O)CCC32)C2C=CC(=O)C=C12,C[C@]12CC[C@@H]3c4ccc(O)cc4CC[C@H]3[C@@H]1CCC2=O,1,O=C1CCC2C1CCC1c3ccccc3CCC12,0.34838212634822807,0,0.05650437285455235
C=C1C[C@@H]2[C@H](CC[C@]3(C)C(=O)CC[C@@H]23)[C@@]2(C)C=CC(=O)C=C12,0,C=C1CC2C(CCC3C(=O)CCC32)C2C=CC(=O)C=C12,C#C[C@]1(O)CC[C@H]2[C@@H]3CCc4cc(OC)ccc4[C@H]3CC[C@@]21C,1,c1ccc2c(c1)CCC1C2CCC2CCCC21,0.17570370370370372,0,0.046127224368671116
C=C1C[C@@H]2[C@H](CC[C@]3(C)C(=O)CC[C@@H]23)[C@@]2(C)C=CC(=O)C=C12,0,C=C1CC2C(CCC3C(=O)CCC32)C2C=CC(=O)C=C12,C[C@]12CC[C@@H]3c4ccc(O)cc4CC[C@H]3[C@@H]1CC[C@@H]2O,1,c1ccc2c(c1)CCC1C2CCC2CCCC21,0.17382953181272512,0,0.042228607911067945
C=C1C[C@@H]2[C@H](CC[C@]3(C)C(=O)CC[C@@H]23)[C@@]2(C)C=CC(=O)C=C12,0,C=C1CC2C(CCC3C(=O)CCC32)C2C=CC(=O)C=C12,CN1C(=O)[C@@](C)(C2=CCCCC2)C(=O)N=C1O,1,O=C1N=CNC(=O)C1C1=CCCCC1,0.1712121212121212,0,0.020684707381693916
CC(=O)S[C@@H]1CC2=CC(=O)CC[C@]2(C)[C@H]2CC[C@@]3(C)[C@@H](CC[C@@]34CCC(=O)O4)[C@H]12,0,O=C1C=C2CCC3C(CCC4C3CCC43CCC(=O)O3)C2CC1,C[C@]12CC[C@@H]3c4ccc(O)cc4CC[C@H]3[C@@H]1CCC2=O,1,O=C1CCC2C1CCC1c3ccccc3CCC12,0.20404858299595144,0,0.0033716074689812852
CC(=O)S[C@@H]1CC2=CC(=O)CC[C@]2(C)[C@H]2CC[C@@]3(C)[C@@H](CC[C@@]34CCC(=O)O4)[C@H]12,0,O=C1C=C2CCC3C(CCC4C3CCC43CCC(=O)O3)C2CC1,C#C[C@]1(O)CC[C@H]2[C@@H]3CCc4cc(OC)ccc4[C@H]3CC[C@@]21C,1,c1ccc2c(c1)CCC1C2CCC2CCCC21,0.19150500306309987,0,0.00317519654051615
CC(=O)S[C@@H]1CC2=CC(=O)CC[C@]2(C)[C@H]2CC[C@@]3(C)[C@@H](CC[C@@]34CCC(=O)O4)[C@H]12,0,O=C1C=C2CCC3C(CCC4C3CCC43CCC(=O)O3)C2CC1,CN1C(=O)[C@@](C)(C2=CCCCC2)C(=O)N=C1O,1,O=C1N=CNC(=O)C1C1=CCCCC1,0.16467836257309942,0,0.0016077767341548435
CC(=O)S[C@@H]1CC2=CC(=O)CC[C@]2(C)[C@H]2CC[C@@]3(C)[C@@H](CC[C@@]34CCC(=O)O4)[C@H]12,0,O=C1C=C2CCC3C(CCC4C3CCC43CCC(=O)O3)C2CC1,C[C@]12CC[C@@H]3c4ccc(O)cc4CC[C@H]3[C@@H]1CC[C@@H]2O,1,c1ccc2c(c1)CCC1C2CCC2CCCC21,0.16242424242424242,0,0.0027684574623816132
NC(=O)C[S@H](=O)C(c1ccccc1)c1ccccc1,0,c1ccc(Cc2ccccc2)cc1,CC1=C(C)C(=O)C([C@@H](CCCCCC(=O)O)c2ccccc2)=C(C)C1=O,1,O=C1C=CC(=O)C(Cc2ccccc2)=C1,0.2572448979591837,0,0.4117795371390461
NC(=O)C[S@H](=O)C(c1ccccc1)c1ccccc1,0,c1ccc(Cc2ccccc2)cc1,CC(C)N(CC[C@@](C(N)=O)(c1ccccc1)c1ccccn1)C(C)C,1,c1ccc(Cc2ccccn2)cc1,0.24375538329026702,0,0.21577776179050967
NC(=O)C[S@H](=O)C(c1ccccc1)c1ccccc1,0,c1ccc(Cc2ccccc2)cc1,CC(=O)C[C@@H](c1ccccc1)c1c(O)c2ccccc2oc1=O,1,O=c1oc2ccccc2cc1Cc1ccccc1,0.24355555555555558,0,0.20629871098399716
NC(=O)C[S@H](=O)C(c1ccccc1)c1ccccc1,0,c1ccc(Cc2ccccc2)cc1,CC(C)Cc1ccc([C@@H](C)C(=O)O)cc1,1,c1ccccc1,0.2362984218077475,0,0.19543534695408732
CCCC(C(=O)OCCN(CC)CC)(c1ccccc1)c1ccccc1,0,c1ccc(Cc2ccccc2)cc1,CC(C)N(CC[C@@](C(N)=O)(c1ccccc1)c1ccccn1)C(C)C,1,c1ccc(Cc2ccccn2)cc1,0.32728635682158924,0,0.3054121199743064
CCCC(C(=O)OCCN(CC)CC)(c1ccccc1)c1ccccc1,0,c1ccc(Cc2ccccc2)cc1,CCCCc1oc2ccccc2c1C(=O)c1cc(I)c(OCCN(CC)CC)c(I)c1,1,O=C(c1ccccc1)c1coc2ccccc12,0.3088770053475936,0,0.21773999583730513
CCCC(C(=O)OCCN(CC)CC)(c1ccccc1)c1ccccc1,0,c1ccc(Cc2ccccc2)cc1,CCN(CC)CC(=O)Nc1c(C)cccc1C,1,c1ccccc1,0.29738562091503273,0,0.15640912338791535
CCCC(C(=O)OCCN(CC)CC)(c1ccccc1)c1ccccc1,0,c1ccc(Cc2ccccc2)cc1,CC/C(=C(/c1ccccc1)c1ccc(OCCN(C)C)cc1)c1ccccc1,1,C(=C(c1ccccc1)c1ccccc1)c1ccccc1,0.2696619597774925,0,0.3454600333525085
Cc1ccc(O)c([C@@H](CCN(C(C)C)C(C)C)c2ccccc2)c1,1,c1ccc(Cc2ccccc2)cc1,CC(C)N(CC[C@@](C(N)=O)(c1ccccc1)c1ccccn1)C(C)C,1,c1ccc(Cc2ccccn2)cc1,0.2904964539007092,0,0.37563782484599895
Cc1ccc(O)c([C@@H](CCN(C(C)C)C(C)C)c2ccccc2)c1,1,c1ccc(Cc2ccccc2)cc1,CC[C@H](c1ccccc1)c1c(O)c2ccccc2oc1=O,1,O=c1oc2ccccc2cc1Cc1ccccc1,0.26363636363636367,1,0.6132549172611598
Cc1ccc(O)c([C@@H](CCN(C(C)C)C(C)C)c2ccccc2)c1,1,c1ccc(Cc2ccccc2)cc1,CC1=C(C)C(=O)C([C@@H](CCCCCC(=O)O)c2ccccc2)=C(C)C1=O,1,O=C1C=CC(=O)C(Cc2ccccc2)=C1,0.26122448979591834,1,0.729777170048139
Cc1ccc(O)c([C@@H](CCN(C(C)C)C(C)C)c2ccccc2)c1,1,c1ccc(Cc2ccccc2)cc1,CC(=O)C[C@@H](c1ccccc1)c1c(O)c2ccccc2oc1=O,1,O=c1oc2ccccc2cc1Cc1ccccc1,0.24940497655968266,1,0.6684517832065545
Cc1ccccc1[C@H](OCCN(C)C)c1ccccc1,0,c1ccc(Cc2ccccc2)cc1,CC/C(=C(/c1ccccc1)c1ccc(OCCN(C)C)cc1)c1ccccc1,1,C(=C(c1ccccc1)c1ccccc1)c1ccccc1,0.32466460268317854,0,0.04104148065123959
Cc1ccccc1[C@H](OCCN(C)C)c1ccccc1,0,c1ccc(Cc2ccccc2)cc1,CN(C)CCOc1ccc(/C(=C(\CCCl)c2ccccc2)c2ccccc2)cc1,1,C(=C(c1ccccc1)c1ccccc1)c1ccccc1,0.3053297199638663,0,0.04103860805140245
Cc1ccccc1[C@H](OCCN(C)C)c1ccccc1,0,c1ccc(Cc2ccccc2)cc1,CNCC[C@@H](Oc1ccccc1C)c1ccccc1,1,c1ccc(COc2ccccc2)cc1,0.2848979591836735,0,0.02856012280474482
Cc1ccccc1[C@H](OCCN(C)C)c1ccccc1,0,c1ccc(Cc2ccccc2)cc1,Cc1ccc(O)c([C@@H](CCN(C(C)C)C(C)C)c2ccccc2)c1,1,c1ccc(Cc2ccccc2)cc1,0.2751955821445007,0,0.03783047671599076
CN(C)CCOC(c1ccccc1)c1ccccc1,0,c1ccc(Cc2ccccc2)cc1,CC/C(=C(/c1ccccc1)c1ccc(OCCN(C)C)cc1)c1ccccc1,1,C(=C(c1ccccc1)c1ccccc1)c1ccccc1,0.37090909090909097,0,0.040538992117521606
CN(C)CCOC(c1ccccc1)c1ccccc1,0,c1ccc(Cc2ccccc2)cc1,CN(C)CCOc1ccc(/C(=C(\CCCl)c2ccccc2)c2ccccc2)cc1,1,C(=C(c1ccccc1)c1ccccc1)c1ccccc1,0.3460246360582307,0,0.04053060048201728
CN(C)CCOC(c1ccccc1)c1ccccc1,0,c1ccc(Cc2ccccc2)cc1,CN(C)CCCN1c2ccccc2CCc2ccccc21,1,c1ccc2c(c1)CCc1ccccc1N2,0.3098214285714286,0,0.0840094711613985
CN(C)CCOC(c1ccccc1)c1ccccc1,0,c1ccc(Cc2ccccc2)cc1,CN(C)CCC=C1c2ccccc2CCc2ccccc21,1,C=C1c2ccccc2CCc2ccccc21,0.2995391705069124,0,0.059991459320317096
c1ccc(C2(c3ccccc3)C[C@H]2C2=NCCN2)cc1,0,c1ccc(C2(c3ccccc3)CC2C2=NCCN2)cc1,O=C1NC(=O)C(c2ccccc2)(c2ccccc2)N1,1,O=C1NC(=O)C(c2ccccc2)(c2ccccc2)N1,0.2283140283140283,0,0.05549090087889546
c1ccc(C2(c3ccccc3)C[C@H]2C2=NCCN2)cc1,0,c1ccc(C2(c3ccccc3)CC2C2=NCCN2)cc1,CCC1(c2ccccc2)C(=O)NC(=O)NC1=O,1,O=C1NC(=O)C(c2ccccc2)C(=O)N1,0.2198830409356725,0,0.07469093868013302
c1ccc(C2(c3ccccc3)C[C@H]2C2=NCCN2)cc1,0,c1ccc(C2(c3ccccc3)CC2C2=NCCN2)cc1,Cc1ccnc2c1NC(=O)c1cccnc1N2C1CC1,1,O=C1Nc2cccnc2N(C2CC2)c2ncccc21,0.17772397094430994,0,0.032296496657189186
c1ccc(C2(c3ccccc3)C[C@H]2C2=NCCN2)cc1,0,c1ccc(C2(c3ccccc3)CC2C2=NCCN2)cc1,CN1CCN2c3ccccc3Cc3cccnc3[C@@H]2C1,1,c1ccc2c(c1)Cc1cccnc1C1CNCCN21,0.1693035835023665,0,0.05737800701168322
CC(C)(C)N1CCC(c2ccccc2)(c2ccccc2)CC1,0,c1ccc(C2(c3ccccc3)CCNCC2)cc1,CCC1(c2ccccc2)C(=O)NC(=O)NC1=O,1,O=C1NC(=O)C(c2ccccc2)C(=O)N1,0.25,0,0.09595934529624502
CC(C)(C)N1CCC(c2ccccc2)(c2ccccc2)CC1,0,c1ccc(C2(c3ccccc3)CCNCC2)cc1,O=C1NC(=O)C(c2ccccc2)(c2ccccc2)N1,1,O=C1NC(=O)C(c2ccccc2)(c2ccccc2)N1,0.22697368421052633,0,0.08512637366310694
CC(C)(C)N1CCC(c2ccccc2)(c2ccccc2)CC1,0,c1ccc(C2(c3ccccc3)CCNCC2)cc1,CN(C)CCCN1c2ccccc2CCc2ccccc21,1,c1ccc2c(c1)CCc1ccccc1N2,0.20579710144927538,0,0.24262766678730824
CC(C)(C)N1CCC(c2ccccc2)(c2ccccc2)CC1,0,c1ccc(C2(c3ccccc3)CCNCC2)cc1,CC(C)N(CC[C@@](C(N)=O)(c1ccccc1)c1ccccn1)C(C)C,1,c1ccc(Cc2ccccn2)cc1,0.20526315789473687,0,0.1342817485946984
Cc1ccc(NC(=O)c2ccc(CN3CCN(C)CC3)cc2)cc1Nc1nccc(-c2cccnc2)n1,0,O=C(Nc1cccc(Nc2nccc(-c3cccnc3)n2)c1)c1ccc(CN2CCNCC2)cc1,CC(C)(C)NC(=O)[C@@H]1CN(Cc2cccnc2)CCN1C[C@@H](O)C[C@@H](Cc1ccccc1)C(=O)N[C@H]1c2ccccc2C[C@H]1O,1,O=C(NC1CCc2ccccc21)C(CCCN1CCN(Cc2cccnc2)CC1)Cc1ccccc1,0.23782608695652174,0,0.15786762674709048
Cc1ccc(NC(=O)c2ccc(CN3CCN(C)CC3)cc2)cc1Nc1nccc(-c2cccnc2)n1,0,O=C(Nc1cccc(Nc2nccc(-c3cccnc3)n2)c1)c1ccc(CN2CCNCC2)cc1,Cc1cccc(Nc2ccncc2S(=O)(=O)NC(=O)NC(C)C)c1,1,c1ccc(Nc2ccncc2)cc1,0.21561477325853204,0,0.20655394503484553
Cc1ccc(NC(=O)c2ccc(CN3CCN(C)CC3)cc2)cc1Nc1nccc(-c2cccnc2)n1,0,O=C(Nc1cccc(Nc2nccc(-c3cccnc3)n2)c1)c1ccc(CN2CCNCC2)cc1,CN1CCN2c3ccccc3Cc3cccnc3[C@@H]2C1,1,c1ccc2c(c1)Cc1cccnc1C1CNCCN21,0.20167189132706373,0,0.06842171841988309
Cc1ccc(NC(=O)c2ccc(CN3CCN(C)CC3)cc2)cc1Nc1nccc(-c2cccnc2)n1,0,O=C(Nc1cccc(Nc2nccc(-c3cccnc3)n2)c1)c1ccc(CN2CCNCC2)cc1,COc1cc(C(=O)NS(=O)(=O)c2ccccc2C)ccc1Cc1cn(C)c2ccc(NC(=O)OC3CCCC3)cc12,1,O=C(Nc1ccc2[nH]cc(Cc3ccc(C(=O)NS(=O)(=O)c4ccccc4)cc3)c2c1)OC1CCCC1,0.2014682220434433,0,0.16371440939758267
Nc1ccc(S(=O)(=O)c2ccc(N)cc2)cc1,1,O=S(=O)(c1ccccc1)c1ccccc1,Cc1cc(NS(=O)(=O)c2ccc(N)cc2)no1,1,O=S(=O)(Nc1ccon1)c1ccccc1,0.3745622119815668,0,0.38924394682944224
Nc1ccc(S(=O)(=O)c2ccc(N)cc2)cc1,1,O=S(=O)(c1ccccc1)c1ccccc1,CCCCNC(=O)NS(=O)(=O)c1ccc(C)cc1,1,c1ccccc1,0.1998475609756098,1,0.6344530613276662
Nc1ccc(S(=O)(=O)c2ccc(N)cc2)cc1,1,O=S(=O)(c1ccccc1)c1ccccc1,Cc1ccc(S(=O)(=O)NC(=O)NN2C[C@H]3CCC[C@H]3C2)cc1,1,O=C(NN1CC2CCCC2C1)NS(=O)(=O)c1ccccc1,0.18793650793650793,1,0.8606038374974274
Nc1ccc(S(=O)(=O)c2ccc(N)cc2)cc1,1,O=S(=O)(c1ccccc1)c1ccccc1,Cc1ccc(-c2cc(C(F)(F)F)nn2-c2ccc(S(N)(=O)=O)cc2)cc1,1,c1ccc(-c2ccnn2-c2ccccc2)cc1,0.18652482269503545,1,0.5512571319025409
S=P(N1CC1)(N1CC1)N1CC1,0,S=P(N1CC1)(N1CC1)N1CC1,O=[P@]1(NCCCl)OCCCN1CCCl,1,O=[PH]1NCCCO1,0.10760233918128656,0,0.13110007652732178
S=P(N1CC1)(N1CC1)N1CC1,0,S=P(N1CC1)(N1CC1)N1CC1,CCOP(=S)(OCC)Oc1nc(Cl)c(Cl)cc1Cl,1,c1ccncc1,0.10239234449760766,0,0.01610889954787686
S=P(N1CC1)(N1CC1)N1CC1,0,S=P(N1CC1)(N1CC1)N1CC1,CN1C(=O)[C@@](C)(C2=CCCCC2)C(=O)N=C1O,1,O=C1N=CNC(=O)C1C1=CCCCC1,0.09152823920265782,0,0.022211215711450835
S=P(N1CC1)(N1CC1)N1CC1,0,S=P(N1CC1)(N1CC1)N1CC1,O=C(C1CCCCC1)N1CC(=O)N2CCc3ccccc3[C@H]2C1,1,O=C(C1CCCCC1)N1CC(=O)N2CCc3ccccc3C2C1,0.08843813387423935,0,0.07110618211634852
CCCC(=O)O[C@H]1[C@H](C)O[C@@H](O[C@H]2[C@H](N(C)C)[C@@H](O)[C@H](O[C@H]3[C@@H](CC=O)C[C@@H](C)[C@@H](O)C=CC=CC[C@@H](C)OC(=O)C[C@@H](O)[C@@H]3OC)O[C@@H]2C)C[C@@]1(C)OC(=O)CC,0,O=C1CCCC(OC2CCC(OC3CCCCO3)CO2)CCCCC=CC=CCCO1,COc1ccc([C@@H]2Sc3ccccc3N(CCN(C)C)C(=O)[C@@H]2OC(C)=O)cc1,1,O=C1CC(c2ccccc2)Sc2ccccc2N1,0.13062131606918542,0,1.6140397894560234e-05
CCCC(=O)O[C@H]1[C@H](C)O[C@@H](O[C@H]2[C@H](N(C)C)[C@@H](O)[C@H](O[C@H]3[C@@H](CC=O)C[C@@H](C)[C@@H](O)C=CC=CC[C@@H](C)OC(=O)C[C@@H](O)[C@@H]3OC)O[C@@H]2C)C[C@@]1(C)OC(=O)CC,0,O=C1CCCC(OC2CCC(OC3CCCCO3)CO2)CCCCC=CC=CCCO1,Cc1c(C)c2c(c(C)c1O)CC[C@](C)(COc1ccc(C[C@@H]3SC(=O)NC3=O)cc1)O2,1,O=C1NC(=O)C(Cc2ccc(OCC3CCc4ccccc4O3)cc2)S1,0.11597693351424695,0,1.1389452485129363e-05
CCCC(=O)O[C@H]1[C@H](C)O[C@@H](O[C@H]2[C@H](N(C)C)[C@@H](O)[C@H](O[C@H]3[C@@H](CC=O)C[C@@H](C)[C@@H](O)C=CC=CC[C@@H](C)OC(=O)C[C@@H](O)[C@@H]3OC)O[C@@H]2C)C[C@@]1(C)OC(=O)CC,0,O=C1CCCC(OC2CCC(OC3CCCCO3)CO2)CCCCC=CC=CCCO1,CN1[C@@H]2CC[C@H]1CC(OC(=O)c1c[nH]c3ccccc13)C2,1,O=C(OC1CC2CCC(C1)N2)c1c[nH]c2ccccc12,0.11159143886416614,0,3.130842806311868e-05
CCCC(=O)O[C@H]1[C@H](C)O[C@@H](O[C@H]2[C@H](N(C)C)[C@@H](O)[C@H](O[C@H]3[C@@H](CC=O)C[C@@H](C)[C@@H](O)C=CC=CC[C@@H](C)OC(=O)C[C@@H](O)[C@@H]3OC)O[C@@H]2C)C[C@@]1(C)OC(=O)CC,0,O=C1CCCC(OC2CCC(OC3CCCCO3)CO2)CCCCC=CC=CCCO1,CCCCc1oc2ccccc2c1C(=O)c1cc(I)c(OCCN(CC)CC)c(I)c1,1,O=C(c1ccccc1)c1coc2ccccc12,0.11090909090909092,0,1.0702923513636046e-05
CO[C@@H]1[C@@H](O[C@@H]2O[C@H](C)[C@@H](O[C@H]3C[C@@](C)(O)[C@@H](OC(=O)CC(C)C)[C@H](C)O3)[C@H](N(C)C)[C@H]2O)[C@@H](CC=O)C[C@@H](C)[C@@H](O)C=CC=CC[C@@H](C)OC(=O)C[C@H]1OC(C)=O,0,O=C1CCCC(OC2CCC(OC3CCCCO3)CO2)CCCCC=CC=CCCO1,COc1ccc([C@@H]2Sc3ccccc3N(CCN(C)C)C(=O)[C@@H]2OC(C)=O)cc1,1,O=C1CC(c2ccccc2)Sc2ccccc2N1,0.14713286713286716,0,1.7175905218710998e-05
CO[C@@H]1[C@@H](O[C@@H]2O[C@H](C)[C@@H](O[C@H]3C[C@@](C)(O)[C@@H](OC(=O)CC(C)C)[C@H](C)O3)[C@H](N(C)C)[C@H]2O)[C@@H](CC=O)C[C@@H](C)[C@@H](O)C=CC=CC[C@@H](C)OC(=O)C[C@H]1OC(C)=O,0,O=C1CCCC(OC2CCC(OC3CCCCO3)CO2)CCCCC=CC=CCCO1,Cc1c(C)c2c(c(C)c1O)CC[C@](C)(COc1ccc(C[C@@H]3SC(=O)NC3=O)cc1)O2,1,O=C1NC(=O)C(Cc2ccc(OCC3CCc4ccccc4O3)cc2)S1,0.11299663299663301,0,1.2895437547345452e-05
CO[C@@H]1[C@@H](O[C@@H]2O[C@H](C)[C@@H](O[C@H]3C[C@@](C)(O)[C@@H](OC(=O)CC(C)C)[C@H](C)O3)[C@H](N(C)C)[C@H]2O)[C@@H](CC=O)C[C@@H](C)[C@@H](O)C=CC=CC[C@@H](C)OC(=O)C[C@H]1OC(C)=O,0,O=C1CCCC(OC2CCC(OC3CCCCO3)CO2)CCCCC=CC=CCCO1,CN1[C@@H]2CC[C@H]1CC(OC(=O)c1c[nH]c3ccccc13)C2,1,O=C(OC1CC2CCC(C1)N2)c1c[nH]c2ccccc12,0.11121992761337023,0,3.465877888975585e-05
CO[C@@H]1[C@@H](O[C@@H]2O[C@H](C)[C@@H](O[C@H]3C[C@@](C)(O)[C@@H](OC(=O)CC(C)C)[C@H](C)O3)[C@H](N(C)C)[C@H]2O)[C@@H](CC=O)C[C@@H](C)[C@@H](O)C=CC=CC[C@@H](C)OC(=O)C[C@H]1OC(C)=O,0,O=C1CCCC(OC2CCC(OC3CCCCO3)CO2)CCCCC=CC=CCCO1,CC(=O)C[C@@H](c1ccc([N+](=O)[O-])cc1)c1c(O)c2ccccc2oc1=O,1,O=c1oc2ccccc2cc1Cc1ccccc1,0.10428093040094126,0,1.8665684846860687e-05
O=c1c(O)c(-c2ccc(O)c(O)c2)oc2cc(O)cc(O)c12,0,O=c1cc(-c2ccccc2)oc2ccccc12,CC[C@H](c1ccccc1)c1c(O)c2ccccc2oc1=O,1,O=c1oc2ccccc2cc1Cc1ccccc1,0.2109077040427155,0,0.011469711548181057
O=c1c(O)c(-c2ccc(O)c(O)c2)oc2cc(O)cc(O)c12,0,O=c1cc(-c2ccccc2)oc2ccccc12,CC(=O)C[C@@H](c1ccccc1)c1c(O)c2ccccc2oc1=O,1,O=c1oc2ccccc2cc1Cc1ccccc1,0.19972789115646258,0,0.012949493570157644
O=c1c(O)c(-c2ccc(O)c(O)c2)oc2cc(O)cc(O)c12,0,O=c1cc(-c2ccccc2)oc2ccccc12,CC(=O)C[C@@H](c1ccc([N+](=O)[O-])cc1)c1c(O)c2ccccc2oc1=O,1,O=c1oc2ccccc2cc1Cc1ccccc1,0.18679050567595462,0,0.012457851038120834
O=c1c(O)c(-c2ccc(O)c(O)c2)oc2cc(O)cc(O)c12,0,O=c1cc(-c2ccccc2)oc2ccccc12,CC(=O)Nc1ccc(O)cc1,1,c1ccccc1,0.15914893617021278,0,0.009880869865389707
CCN1CCC[C@@H]1CNC(=O)c1cc(S(N)(=O)=O)ccc1OC,0,O=C(NCC1CCCN1)c1ccccc1,Cc1ccc(S(=O)(=O)NC(=O)NN2C[C@H]3CCC[C@H]3C2)cc1,1,O=C(NN1CC2CCCC2C1)NS(=O)(=O)c1ccccc1,0.2539786710418376,0,0.4043885612785114
CCN1CCC[C@@H]1CNC(=O)c1cc(S(N)(=O)=O)ccc1OC,0,O=C(NCC1CCCN1)c1ccccc1,CCCCNC(=O)NS(=O)(=O)c1ccc(C)cc1,1,c1ccccc1,0.2506192442045094,0,0.20208248058922357
CCN1CCC[C@@H]1CNC(=O)c1cc(S(N)(=O)=O)ccc1OC,0,O=C(NCC1CCCN1)c1ccccc1,CN1CCC[C@@H]1Cc1c[nH]c2ccc(CCS(=O)(=O)c3ccccc3)cc12,1,O=S(=O)(CCc1ccc2[nH]cc(CC3CCCN3)c2c1)c1ccccc1,0.25039820298141724,0,0.11496665879860547
CCN1CCC[C@@H]1CNC(=O)c1cc(S(N)(=O)=O)ccc1OC,0,O=C(NCC1CCCN1)c1ccccc1,COc1cc(C(=O)NS(=O)(=O)c2ccccc2C)ccc1Cc1cn(C)c2ccc(NC(=O)OC3CCCC3)cc12,1,O=C(Nc1ccc2[nH]cc(Cc3ccc(C(=O)NS(=O)(=O)c4ccccc4)cc3)c2c1)OC1CCCC1,0.236403750689465,0,0.18705794206164417
CCN1CCC[C@H]1CNC(=O)c1c(OC)ccc(Br)c1OC,0,O=C(NCC1CCCN1)c1ccccc1,COc1cc(C(=O)NS(=O)(=O)c2ccccc2C)ccc1Cc1cn(C)c2ccc(NC(=O)OC3CCCC3)cc12,1,O=C(Nc1ccc2[nH]cc(Cc3ccc(C(=O)NS(=O)(=O)c4ccccc4)cc3)c2c1)OC1CCCC1,0.21353383458646616,0,0.06016348883848911
CCN1CCC[C@H]1CNC(=O)c1c(OC)ccc(Br)c1OC,0,O=C(NCC1CCCN1)c1ccccc1,CN1CCC[C@@H]1Cc1c[nH]c2ccc(CCS(=O)(=O)c3ccccc3)cc12,1,O=S(=O)(CCc1ccc2[nH]cc(CC3CCCN3)c2c1)c1ccccc1,0.203921568627451,0,0.07097105616071307
CCN1CCC[C@H]1CNC(=O)c1c(OC)ccc(Br)c1OC,0,O=C(NCC1CCCN1)c1ccccc1,CCOc1cc(CC(=O)N[C@@H](CC(C)C)c2ccccc2N2CCCCC2)ccc1C(=O)O,1,O=C(Cc1ccccc1)NCc1ccccc1N1CCCCC1,0.19932157394843963,0,0.06600395347168647
CCN1CCC[C@H]1CNC(=O)c1c(OC)ccc(Br)c1OC,0,O=C(NCC1CCCN1)c1ccccc1,Cc1c(O)cccc1C(=O)N[C@@H](CSc1ccccc1)[C@H](O)CN1C[C@H]2CCCC[C@H]2C[C@H]1C(=O)NC(C)(C)C,1,O=C(NC(CCN1CCC2CCCCC2C1)CSc1ccccc1)c1ccccc1,0.19314285714285714,0,0.043420791722769546
CC[C@]1(O)C[C@H]2CN(CCc3c([nH]c4ccccc34)[C@@](C(=O)OC)(c3cc4c(cc3OC)N(C)[C@H]3[C@@](O)(C(=O)OC)[C@H](OC(C)=O)[C@]5(CC)C=CCN6CC[C@]43[C@@H]65)C2)C1,0,C1=CC2CCC3Nc4ccc(C5CC6CCCN(CCc7c5[nH]c5ccccc75)C6)cc4C34CCN(C1)C24,CN1[C@@H]2CC[C@H]1CC(OC(=O)c1c[nH]c3ccccc13)C2,1,O=C(OC1CC2CCC(C1)N2)c1c[nH]c2ccccc12,0.1845977011494253,0,0.005160006514708802
CC[C@]1(O)C[C@H]2CN(CCc3c([nH]c4ccccc34)[C@@](C(=O)OC)(c3cc4c(cc3OC)N(C)[C@H]3[C@@](O)(C(=O)OC)[C@H](OC(C)=O)[C@]5(CC)C=CCN6CC[C@]43[C@@H]65)C2)C1,0,C1=CC2CCC3Nc4ccc(C5CC6CCCN(CCc7c5[nH]c5ccccc75)C6)cc4C34CCN(C1)C24,COc1ccc([C@@H]2Sc3ccccc3N(CCN(C)C)C(=O)[C@@H]2OC(C)=O)cc1,1,O=C1CC(c2ccccc2)Sc2ccccc2N1,0.18125000000000002,0,0.0014626522513217235
CC[C@]1(O)C[C@H]2CN(CCc3c([nH]c4ccccc34)[C@@](C(=O)OC)(c3cc4c(cc3OC)N(C)[C@H]3[C@@](O)(C(=O)OC)[C@H](OC(C)=O)[C@]5(CC)C=CCN6CC[C@]43[C@@H]65)C2)C1,0,C1=CC2CCC3Nc4ccc(C5CC6CCCN(CCc7c5[nH]c5ccccc75)C6)cc4C34CCN(C1)C24,COc1cc(C(=O)NS(=O)(=O)c2ccccc2C)ccc1Cc1cn(C)c2ccc(NC(=O)OC3CCCC3)cc12,1,O=C(Nc1ccc2[nH]cc(Cc3ccc(C(=O)NS(=O)(=O)c4ccccc4)cc3)c2c1)OC1CCCC1,0.17041028781383957,0,0.0012646587412841548
CC[C@]1(O)C[C@H]2CN(CCc3c([nH]c4ccccc34)[C@@](C(=O)OC)(c3cc4c(cc3OC)N(C)[C@H]3[C@@](O)(C(=O)OC)[C@H](OC(C)=O)[C@]5(CC)C=CCN6CC[C@]43[C@@H]65)C2)C1,0,C1=CC2CCC3Nc4ccc(C5CC6CCCN(CCc7c5[nH]c5ccccc75)C6)cc4C34CCN(C1)C24,O=C(OC1C[C@@H]2CC3C[C@H](C1)N2CC3=O)c1c[nH]c2ccccc12,1,O=C(OC1CC2CC3CC(C1)N2CC3=O)c1c[nH]c2ccccc12,0.16749515247664376,0,0.0018366615545605904
CC[C@]1(O)C[C@H]2CN(CCc3c([nH]c4ccccc34)[C@@](C(=O)OC)(c3cc4c(cc3OC)N(C=O)[C@H]3[C@@](O)(C(=O)OC)[C@H](OC(C)=O)[C@]5(CC)C=CCN6CC[C@]43[C@@H]65)C2)C1,0,C1=CC2CCC3Nc4ccc(C5CC6CCCN(CCc7c5[nH]c5ccccc75)C6)cc4C34CCN(C1)C24,COc1ccc([C@@H]2Sc3ccccc3N(CCN(C)C)C(=O)[C@@H]2OC(C)=O)cc1,1,O=C1CC(c2ccccc2)Sc2ccccc2N1,0.1732012343673867,0,0.0009392471419672711
CC[C@]1(O)C[C@H]2CN(CCc3c([nH]c4ccccc34)[C@@](C(=O)OC)(c3cc4c(cc3OC)N(C=O)[C@H]3[C@@](O)(C(=O)OC)[C@H](OC(C)=O)[C@]5(CC)C=CCN6CC[C@]43[C@@H]65)C2)C1,0,C1=CC2CCC3Nc4ccc(C5CC6CCCN(CCc7c5[nH]c5ccccc75)C6)cc4C34CCN(C1)C24,CN1[C@@H]2CC[C@H]1CC(OC(=O)c1c[nH]c3ccccc13)C2,1,O=C(OC1CC2CCC(C1)N2)c1c[nH]c2ccccc12,0.17289238275955543,0,0.0035395166327489326
CC[C@]1(O)C[C@H]2CN(CCc3c([nH]c4ccccc34)[C@@](C(=O)OC)(c3cc4c(cc3OC)N(C=O)[C@H]3[C@@](O)(C(=O)OC)[C@H](OC(C)=O)[C@]5(CC)C=CCN6CC[C@]43[C@@H]65)C2)C1,0,C1=CC2CCC3Nc4ccc(C5CC6CCCN(CCc7c5[nH]c5ccccc75)C6)cc4C34CCN(C1)C24,O=C(OC1C[C@@H]2CC3C[C@H](C1)N2CC3=O)c1c[nH]c2ccccc12,1,O=C(OC1CC2CC3CC(C1)N2CC3=O)c1c[nH]c2ccccc12,0.1640456989247312,0,0.0012934301754561801
CC[C@]1(O)C[C@H]2CN(CCc3c([nH]c4ccccc34)[C@@](C(=O)OC)(c3cc4c(cc3OC)N(C=O)[C@H]3[C@@](O)(C(=O)OC)[C@H](OC(C)=O)[C@]5(CC)C=CCN6CC[C@]43[C@@H]65)C2)C1,0,C1=CC2CCC3Nc4ccc(C5CC6CCCN(CCc7c5[nH]c5ccccc75)C6)cc4C34CCN(C1)C24,CCOc1cc(CC(=O)N[C@@H](CC(C)C)c2ccccc2N2CCCCC2)ccc1C(=O)O,1,O=C(Cc1ccccc1)NCc1ccccc1N1CCCCC1,0.16168862523280678,0,0.0011490993305809146
CC[C@]1(O)C[C@H]2CN(CCc3c([nH]c4ccccc34)[C@@](C(=O)OC)(c3cc4c(cc3OC)N(C)[C@H]3[C@@](O)(C(N)=O)[C@H](O)[C@]5(CC)C=CCN6CC[C@]43[C@@H]65)C2)C1,0,C1=CC2CCC3Nc4ccc(C5CC6CCCN(CCc7c5[nH]c5ccccc75)C6)cc4C34CCN(C1)C24,CN1[C@@H]2CC[C@H]1CC(OC(=O)c1c[nH]c3ccccc13)C2,1,O=C(OC1CC2CCC(C1)N2)c1c[nH]c2ccccc12,0.1835832083958021,0,0.003683311490085689
CC[C@]1(O)C[C@H]2CN(CCc3c([nH]c4ccccc34)[C@@](C(=O)OC)(c3cc4c(cc3OC)N(C)[C@H]3[C@@](O)(C(N)=O)[C@H](O)[C@]5(CC)C=CCN6CC[C@]43[C@@H]65)C2)C1,0,C1=CC2CCC3Nc4ccc(C5CC6CCCN(CCc7c5[nH]c5ccccc75)C6)cc4C34CCN(C1)C24,COc1cc(C(=O)NS(=O)(=O)c2ccccc2C)ccc1Cc1cn(C)c2ccc(NC(=O)OC3CCCC3)cc12,1,O=C(Nc1ccc2[nH]cc(Cc3ccc(C(=O)NS(=O)(=O)c4ccccc4)cc3)c2c1)OC1CCCC1,0.16990489948236429,0,0.0011051042664981133
CC[C@]1(O)C[C@H]2CN(CCc3c([nH]c4ccccc34)[C@@](C(=O)OC)(c3cc4c(cc3OC)N(C)[C@H]3[C@@](O)(C(N)=O)[C@H](O)[C@]5(CC)C=CCN6CC[C@]43[C@@H]65)C2)C1,0,C1=CC2CCC3Nc4ccc(C5CC6CCCN(CCc7c5[nH]c5ccccc75)C6)cc4C34CCN(C1)C24,O=C(OC1C[C@@H]2CC3C[C@H](C1)N2CC3=O)c1c[nH]c2ccccc12,1,O=C(OC1CC2CC3CC(C1)N2CC3=O)c1c[nH]c2ccccc12,0.16645383951682485,0,0.0012952049819710686
CC[C@]1(O)C[C@H]2CN(CCc3c([nH]c4ccccc34)[C@@](C(=O)OC)(c3cc4c(cc3OC)N(C)[C@H]3[C@@](O)(C(N)=O)[C@H](O)[C@]5(CC)C=CCN6CC[C@]43[C@@H]65)C2)C1,0,C1=CC2CCC3Nc4ccc(C5CC6CCCN(CCc7c5[nH]c5ccccc75)C6)cc4C34CCN(C1)C24,CCOc1cc(CC(=O)N[C@@H](CC(C)C)c2ccccc2N2CCCCC2)ccc1C(=O)O,1,O=C(Cc1ccccc1)NCc1ccccc1N1CCCCC1,0.16123499142367068,0,0.0011751555437344158
COc1ncnc(NS(=O)(=O)c2ccc(N)cc2)c1OC,0,O=S(=O)(Nc1ccncn1)c1ccccc1,Cc1cc(NS(=O)(=O)c2ccc(N)cc2)no1,1,O=S(=O)(Nc1ccon1)c1ccccc1,0.42896963663514187,0,0.37315471934218036
COc1ncnc(NS(=O)(=O)c2ccc(N)cc2)c1OC,0,O=S(=O)(Nc1ccncn1)c1ccccc1,COc1ccccc1Oc1c(NS(=O)(=O)c2ccc(C(C)(C)C)cc2)nc(-c2ncccn2)nc1OCCO,1,O=S(=O)(Nc1nc(-c2ncccn2)ncc1Oc1ccccc1)c1ccccc1,0.33136513934813416,0,0.13940993012938369
COc1ncnc(NS(=O)(=O)c2ccc(N)cc2)c1OC,0,O=S(=O)(Nc1ccncn1)c1ccccc1,Nc1ccc(S(=O)(=O)c2ccc(N)cc2)cc1,1,O=S(=O)(c1ccccc1)c1ccccc1,0.3248648648648649,0,0.3278525800840562
COc1ncnc(NS(=O)(=O)c2ccc(N)cc2)c1OC,0,O=S(=O)(Nc1ccncn1)c1ccccc1,COc1cc(Cc2cnc(N)nc2N)cc(OC)c1OC,1,c1ccc(Cc2cncnc2)cc1,0.2157730888965756,0,0.14820072808750367
CC(C)Cn1cnc2c(N)nc3ccccc3c21,0,c1ccc2c(c1)ncc1nc[nH]c12,CC[C@H](c1ccccc1)c1c(O)c2ccccc2oc1=O,1,O=c1oc2ccccc2cc1Cc1ccccc1,0.1977304964539007,0,0.12617606602353268
CC(C)Cn1cnc2c(N)nc3ccccc3c21,0,c1ccc2c(c1)ncc1nc[nH]c12,CC(=O)C[C@@H](c1ccccc1)c1c(O)c2ccccc2oc1=O,1,O=c1oc2ccccc2cc1Cc1ccccc1,0.18768253968253967,0,0.13611754128121653
CC(C)Cn1cnc2c(N)nc3ccccc3c21,0,c1ccc2c(c1)ncc1nc[nH]c12,CC(C)N(CC[C@@](C(N)=O)(c1ccccc1)c1ccccn1)C(C)C,1,c1ccc(Cc2ccccn2)cc1,0.18500000000000003,0,0.17293007358501736
CC(C)Cn1cnc2c(N)nc3ccccc3c21,0,c1ccc2c(c1)ncc1nc[nH]c12,CCOc1nc2cccc(C(=O)O)c2n1Cc1ccc(-c2ccccc2-c2nnn[nH]2)cc1,1,c1ccc(-c2nnn[nH]2)c(-c2ccc(Cn3cnc4ccccc43)cc2)c1,0.1785714285714286,0,0.09869815551329107
CCOCc1nc2c(N)nc3ccccc3c2n1CC(C)(C)O,0,c1ccc2c(c1)ncc1nc[nH]c12,CCOc1nc2cccc(C(=O)O)c2n1Cc1ccc(-c2ccccc2-c2nnn[nH]2)cc1,1,c1ccc(-c2nnn[nH]2)c(-c2ccc(Cn3cnc4ccccc43)cc2)c1,0.2099923605805959,0,0.010471454151457876
CCOCc1nc2c(N)nc3ccccc3c2n1CC(C)(C)O,0,c1ccc2c(c1)ncc1nc[nH]c12,CC[C@H](c1ccccc1)c1c(O)c2ccccc2oc1=O,1,O=c1oc2ccccc2cc1Cc1ccccc1,0.19302832244008716,0,0.009454267003514137
CCOCc1nc2c(N)nc3ccccc3c2n1CC(C)(C)O,0,c1ccc2c(c1)ncc1nc[nH]c12,CC(=O)C[C@@H](c1ccccc1)c1c(O)c2ccccc2oc1=O,1,O=c1oc2ccccc2cc1Cc1ccccc1,0.17134502923976608,0,0.011497492395561434
CCOCc1nc2c(N)nc3ccccc3c2n1CC(C)(C)O,0,c1ccc2c(c1)ncc1nc[nH]c12,Cc1c(OCC(F)(F)F)ccnc1C[S@@H](=O)c1nc2ccccc2[nH]1,1,O=[SH](Cc1ccccn1)c1nc2ccccc2[nH]1,0.16925752043122932,0,0.01328883237594511
N=C(N)c1ccc(OCCCCCOc2ccc(C(=N)N)cc2)cc1,0,c1ccc(OCCCCCOc2ccccc2)cc1,CC/C(=C(/c1ccccc1)c1ccc(OCCN(C)C)cc1)c1ccccc1,1,C(=C(c1ccccc1)c1ccccc1)c1ccccc1,0.3173099415204679,0,0.09436383127691521
N=C(N)c1ccc(OCCCCCOc2ccc(C(=N)N)cc2)cc1,0,c1ccc(OCCCCCOc2ccccc2)cc1,CN(C)CCOc1ccc(/C(=C(\CCCl)c2ccccc2)c2ccccc2)cc1,1,C(=C(c1ccccc1)c1ccccc1)c1ccccc1,0.2967479674796748,0,0.09922190763014505
N=C(N)c1ccc(OCCCCCOc2ccc(C(=N)N)cc2)cc1,0,c1ccc(OCCCCCOc2ccccc2)cc1,CCOc1ccc(NC(C)=O)cc1,1,c1ccccc1,0.2625,0,0.07384177497143854
N=C(N)c1ccc(OCCCCCOc2ccc(C(=N)N)cc2)cc1,0,c1ccc(OCCCCCOc2ccccc2)cc1,CN(CCOc1ccc(C[C@@H]2SC(=O)NC2=O)cc1)c1ccccn1,1,O=C1NC(=O)C(Cc2ccc(OCCNc3ccccn3)cc2)S1,0.2070588235294118,0,0.1858114712892462
C=C[C@H]1CN2CC[C@H]1C[C@@H]2[C@H](O)c1ccnc2ccc(OC)cc12,0,c1ccc2c(CC3CC4CCN3CC4)ccnc2c1,COc1ccc2cc([C@H](C)C(=O)O)ccc2c1,1,c1ccc2ccccc2c1,0.2105947026486757,0,0.10552699519347072
C=C[C@H]1CN2CC[C@H]1C[C@@H]2[C@H](O)c1ccnc2ccc(OC)cc12,0,c1ccc2c(CC3CC4CCN3CC4)ccnc2c1,COc1ccc2nc([S@H](=O)Cc3ncc(C)c(OC)c3C)[nH]c2c1,1,O=[SH](Cc1ccccn1)c1nc2ccccc2[nH]1,0.19521402089652848,0,0.0862291362993354
C=C[C@H]1CN2CC[C@H]1C[C@@H]2[C@H](O)c1ccnc2ccc(OC)cc12,0,c1ccc2c(CC3CC4CCN3CC4)ccnc2c1,C#C[C@]1(O)CC[C@H]2[C@@H]3CCc4cc(OC)ccc4[C@H]3CC[C@@]21C,1,c1ccc2c(c1)CCC1C2CCC2CCCC21,0.1947058823529412,0,0.047654838860555285
C=C[C@H]1CN2CC[C@H]1C[C@@H]2[C@H](O)c1ccnc2ccc(OC)cc12,0,c1ccc2c(CC3CC4CCN3CC4)ccnc2c1,COc1ccc([C@@H]2Sc3ccccc3N(CCN(C)C)C(=O)[C@@H]2OC(C)=O)cc1,1,O=C1CC(c2ccccc2)Sc2ccccc2N1,0.1781959766385464,0,0.07111018350218334
CC[C@H]1CN2CC[C@H]1C[C@@H]2[C@@H](O)c1ccnc2ccc(OC)cc12,0,c1ccc2c(CC3CC4CCN3CC4)ccnc2c1,CCOc1ccc(NC(C)=O)cc1,1,c1ccccc1,0.21734265734265734,0,0.07997569559695274
CC[C@H]1CN2CC[C@H]1C[C@@H]2[C@@H](O)c1ccnc2ccc(OC)cc12,0,c1ccc2c(CC3CC4CCN3CC4)ccnc2c1,COc1ccc2cc([C@H](C)C(=O)O)ccc2c1,1,c1ccc2ccccc2c1,0.21589026915113874,0,0.04627012268174309
CC[C@H]1CN2CC[C@H]1C[C@@H]2[C@@H](O)c1ccnc2ccc(OC)cc12,0,c1ccc2c(CC3CC4CCN3CC4)ccnc2c1,COc1ccc2nc([S@H](=O)Cc3ncc(C)c(OC)c3C)[nH]c2c1,1,O=[SH](Cc1ccccn1)c1nc2ccccc2[nH]1,0.2070588235294118,0,0.09727582537474255
CC[C@H]1CN2CC[C@H]1C[C@@H]2[C@@H](O)c1ccnc2ccc(OC)cc12,0,c1ccc2c(CC3CC4CCN3CC4)ccnc2c1,C#C[C@]1(O)CC[C@H]2[C@@H]3CCc4cc(OC)ccc4[C@H]3CC[C@@]21C,1,c1ccc2c(c1)CCC1C2CCC2CCCC21,0.19907308377896615,0,0.060011357955188374
CCC[C@H]1O[C@@H]2C[C@H]3[C@@H]4CCC5=CC(=O)C=C[C@]5(C)[C@H]4[C@@H](O)C[C@]3(C)[C@]2(C(=O)CO)O1,0,O=C1C=CC2C(=C1)CCC1C2CCC2C1CC1OCOC12,C[C@]12CC[C@@H]3c4ccc(O)cc4CC[C@H]3[C@@H]1CCC2=O,1,O=C1CCC2C1CCC1c3ccccc3CCC12,0.17285166940339358,0,0.003201388861759692
CCC[C@H]1O[C@@H]2C[C@H]3[C@@H]4CCC5=CC(=O)C=C[C@]5(C)[C@H]4[C@@H](O)C[C@]3(C)[C@]2(C(=O)CO)O1,0,O=C1C=CC2C(=C1)CCC1C2CCC2C1CC1OCOC12,C[C@]12CC[C@@H]3c4ccc(O)cc4CC[C@H]3[C@@H]1CC[C@@H]2O,1,c1ccc2c(c1)CCC1C2CCC2CCCC21,0.15901875901875903,0,0.005997831259941744
CCC[C@H]1O[C@@H]2C[C@H]3[C@@H]4CCC5=CC(=O)C=C[C@]5(C)[C@H]4[C@@H](O)C[C@]3(C)[C@]2(C(=O)CO)O1,0,O=C1C=CC2C(=C1)CCC1C2CCC2C1CC1OCOC12,C#C[C@]1(O)CC[C@H]2[C@@H]3CCc4cc(OC)ccc4[C@H]3CC[C@@]21C,1,c1ccc2c(c1)CCC1C2CCC2CCCC21,0.1519607843137255,0,0.0033769856995748727
CCC[C@H]1O[C@@H]2C[C@H]3[C@@H]4CCC5=CC(=O)C=C[C@]5(C)[C@H]4[C@@H](O)C[C@]3(C)[C@]2(C(=O)CO)O1,0,O=C1C=CC2C(=C1)CCC1C2CCC2C1CC1OCOC12,CN1C(=O)[C@@](C)(C2=CCCCC2)C(=O)N=C1O,1,O=C1N=CNC(=O)C1C1=CCCCC1,0.15020602906094124,0,0.0014039165273343327
COc1cc2c(cc1OC)C(=O)[C@H](CC1CCN(Cc3ccccc3)CC1)C2,0,O=C1c2ccccc2CC1CC1CCN(Cc2ccccc2)CC1,COc1ccc(CCN(C)CCC[C@@](C#N)(c2ccc(OC)c(OC)c2)C(C)C)cc1OC,1,c1ccc(CCCCNCCc2ccccc2)cc1,0.23353138723843972,0,0.0802765662822838
COc1cc2c(cc1OC)C(=O)[C@H](CC1CCN(Cc3ccccc3)CC1)C2,0,O=C1c2ccccc2CC1CC1CCN(Cc2ccccc2)CC1,CC(C)(C)NC(=O)[C@@H]1CN(Cc2cccnc2)CCN1C[C@@H](O)C[C@@H](Cc1ccccc1)C(=O)N[C@H]1c2ccccc2C[C@H]1O,1,O=C(NC1CCc2ccccc21)C(CCCN1CCN(Cc2cccnc2)CC1)Cc1ccccc1,0.2210778106092585,0,0.03319188687811338
COc1cc2c(cc1OC)C(=O)[C@H](CC1CCN(Cc3ccccc3)CC1)C2,0,O=C1c2ccccc2CC1CC1CCN(Cc2ccccc2)CC1,CN1CCC[C@@H]1Cc1c[nH]c2ccc(CCS(=O)(=O)c3ccccc3)cc12,1,O=S(=O)(CCc1ccc2[nH]cc(CC3CCCN3)c2c1)c1ccccc1,0.21131304880539106,0,0.0982144606262495
COc1cc2c(cc1OC)C(=O)[C@H](CC1CCN(Cc3ccccc3)CC1)C2,0,O=C1c2ccccc2CC1CC1CCN(Cc2ccccc2)CC1,CCOc1cc(CC(=O)N[C@@H](CC(C)C)c2ccccc2N2CCCCC2)ccc1C(=O)O,1,O=C(Cc1ccccc1)NCc1ccccc1N1CCCCC1,0.2031968390804598,0,0.11782664400537969
Cc1cccc(C)c1NC(=O)CC12CCCN1CCC2,0,O=C(CC12CCCN1CCC2)Nc1ccccc1,CCN(CC)CC(=O)Nc1c(C)cccc1C,1,c1ccccc1,0.4743055555555556,0,0.017808279488955088
Cc1cccc(C)c1NC(=O)CC12CCCN1CCC2,0,O=C(CC12CCCN1CCC2)Nc1ccccc1,CC(=O)Nc1ccc(O)cc1,1,c1ccccc1,0.20724554341575618,0,0.06131521961624562
Cc1cccc(C)c1NC(=O)CC12CCCN1CCC2,0,O=C(CC12CCCN1CCC2)Nc1ccccc1,CCOc1ccc(NC(C)=O)cc1,1,c1ccccc1,0.20647773279352227,0,0.07699047849252591
Cc1cccc(C)c1NC(=O)CC12CCCN1CCC2,0,O=C(CC12CCCN1CCC2)Nc1ccccc1,COc1cc(C(=O)NS(=O)(=O)c2ccccc2C)ccc1Cc1cn(C)c2ccc(NC(=O)OC3CCCC3)cc12,1,O=C(Nc1ccc2[nH]cc(Cc3ccc(C(=O)NS(=O)(=O)c4ccccc4)cc3)c2c1)OC1CCCC1,0.20237746295391632,0,0.030226750705652047
O=C1NC(=O)C(c2ccccc2)(c2ccccc2)N1,1,O=C1NC(=O)C(c2ccccc2)(c2ccccc2)N1,CCC1(c2ccccc2)C(=O)NC(=O)NC1=O,1,O=C1NC(=O)C(c2ccccc2)C(=O)N1,0.4826923076923077,0,0.26091559800815184
O=C1NC(=O)C(c2ccccc2)(c2ccccc2)N1,1,O=C1NC(=O)C(c2ccccc2)(c2ccccc2)N1,CCCCC1C(=O)N(c2ccccc2)N(c2ccccc2)C1=O,1,O=C1CC(=O)N(c2ccccc2)N1c1ccccc1,0.22722265932336744,0,0.40894476804643365
O=C1NC(=O)C(c2ccccc2)(c2ccccc2)N1,1,O=C1NC(=O)C(c2ccccc2)(c2ccccc2)N1,CC1=C(C)C(=O)C([C@@H](CCCCCC(=O)O)c2ccccc2)=C(C)C1=O,1,O=C1C=CC(=O)C(Cc2ccccc2)=C1,0.19309262166405025,1,0.5287615685706313
O=C1NC(=O)C(c2ccccc2)(c2ccccc2)N1,1,O=C1NC(=O)C(c2ccccc2)(c2ccccc2)N1,Cc1cc(=O)n(-c2ccccc2)n1C,1,O=c1cc[nH]n1-c1ccccc1,0.19267399267399268,0,0.4315479029793758
O=C1NC(c2ccccc2)(c2ccccc2)C(=O)N1COP(=O)(O)O,0,O=C1NC(=O)C(c2ccccc2)(c2ccccc2)N1,O=C1NC(=O)C(c2ccccc2)(c2ccccc2)N1,1,O=C1NC(=O)C(c2ccccc2)(c2ccccc2)N1,0.36450216450216455,0,0.02112452910214572
O=C1NC(c2ccccc2)(c2ccccc2)C(=O)N1COP(=O)(O)O,0,O=C1NC(=O)C(c2ccccc2)(c2ccccc2)N1,CCC1(c2ccccc2)C(=O)NC(=O)NC1=O,1,O=C1NC(=O)C(c2ccccc2)C(=O)N1,0.28073605520414036,0,0.032084022542324064
O=C1NC(c2ccccc2)(c2ccccc2)C(=O)N1COP(=O)(O)O,0,O=C1NC(=O)C(c2ccccc2)(c2ccccc2)N1,CCCCC1C(=O)N(c2ccccc2)N(c2ccccc2)C1=O,1,O=C1CC(=O)N(c2ccccc2)N1c1ccccc1,0.20499745028046917,0,0.10195942619062678
O=C1NC(c2ccccc2)(c2ccccc2)C(=O)N1COP(=O)(O)O,0,O=C1NC(=O)C(c2ccccc2)(c2ccccc2)N1,CN(CCOc1ccc(C[C@@H]2SC(=O)NC2=O)cc1)c1ccccn1,1,O=C1NC(=O)C(Cc2ccc(OCCNc3ccccn3)cc2)S1,0.19584415584415585,0,0.14057082655688896
CO/N=C\C1=CCCN(C)C1,0,C1=CCNCC1,CN1CCN2c3ccccc3Cc3cccnc3[C@@H]2C1,1,c1ccc2c(c1)Cc1cccnc1C1CNCCN21,0.1548872180451128,0,0.04110296774608362
CO/N=C\C1=CCCN(C)C1,0,C1=CCNCC1,CN1C(=O)[C@@](C)(C2=CCCCC2)C(=O)N=C1O,1,O=C1N=CNC(=O)C1C1=CCCCC1,0.14636363636363636,0,0.012797131516535635
CO/N=C\C1=CCCN(C)C1,0,C1=CCNCC1,CN1CCCN=C1/C=C\c1cccs1,1,C(=Cc1cccs1)C1=NCCCN1,0.13940345368916798,0,0.06575199412499828
CO/N=C\C1=CCCN(C)C1,0,C1=CCNCC1,CN1[C@@H]2CC[C@H]1CC(OC(=O)c1c[nH]c3ccccc13)C2,1,O=C(OC1CC2CCC(C1)N2)c1c[nH]c2ccccc12,0.13523809523809524,0,0.03259101901611601
C=C1CC[C@H](O)C/C1=C/C=C1\CCC[C@]2(C)[C@@H]([C@H](C)CCCC(C)C)CC[C@@H]12,0,C=C1CCCCC1=CC=C1CCCC2CCCC12,C[C@]12CC[C@@H]3c4ccc(O)cc4CC[C@H]3[C@@H]1CC[C@@H]2O,1,c1ccc2c(c1)CCC1C2CCC2CCCC21,0.18381948266373144,0,0.03493718931932172
C=C1CC[C@H](O)C/C1=C/C=C1\CCC[C@]2(C)[C@@H]([C@H](C)CCCC(C)C)CC[C@@H]12,0,C=C1CCCCC1=CC=C1CCCC2CCCC12,C[C@]12CC[C@@H]3c4ccc(O)cc4CC[C@H]3[C@@H]1CCC2=O,1,O=C1CCC2C1CCC1c3ccccc3CCC12,0.1335609756097561,0,0.024648618600265734
C=C1CC[C@H](O)C/C1=C/C=C1\CCC[C@]2(C)[C@@H]([C@H](C)CCCC(C)C)CC[C@@H]12,0,C=C1CCCCC1=CC=C1CCCC2CCCC12,CN1C(=O)[C@@](C)(C2=CCCCC2)C(=O)N=C1O,1,O=C1N=CNC(=O)C1C1=CCCCC1,0.12878048780487805,0,0.008324619145371201
C=C1CC[C@H](O)C/C1=C/C=C1\CCC[C@]2(C)[C@@H]([C@H](C)CCCC(C)C)CC[C@@H]12,0,C=C1CCCCC1=CC=C1CCCC2CCCC12,C#C[C@]1(O)CC[C@H]2[C@@H]3CCc4cc(OC)ccc4[C@H]3CC[C@@]21C,1,c1ccc2c(c1)CCC1C2CCC2CCCC21,0.12525252525252525,0,0.022878911625368398
COc1cc(C(C)=O)ccc1OCCCN1CCC(c2noc3cc(F)ccc23)CC1,0,c1ccc(OCCCN2CCC(c3noc4ccccc34)CC2)cc1,COc1cc(C(=O)NS(=O)(=O)c2ccccc2C)ccc1Cc1cn(C)c2ccc(NC(=O)OC3CCCC3)cc12,1,O=C(Nc1ccc2[nH]cc(Cc3ccc(C(=O)NS(=O)(=O)c4ccccc4)cc3)c2c1)OC1CCCC1,0.22456294667399673,0,0.030047176591821115
COc1cc(C(C)=O)ccc1OCCCN1CCC(c2noc3cc(F)ccc23)CC1,0,c1ccc(OCCCN2CCC(c3noc4ccccc34)CC2)cc1,CCCCc1oc2ccccc2c1C(=O)c1cc(I)c(OCCN(CC)CC)c(I)c1,1,O=C(c1ccccc1)c1coc2ccccc12,0.21184797661178645,0,0.03530064141783461
COc1cc(C(C)=O)ccc1OCCCN1CCC(c2noc3cc(F)ccc23)CC1,0,c1ccc(OCCCN2CCC(c3noc4ccccc34)CC2)cc1,CCc1nn(CCCN2CCN(c3cccc(Cl)c3)CC2)c(=O)n1CC,1,O=c1[nH]cnn1CCCN1CCN(c2ccccc2)CC1,0.20579710144927538,0,0.012470525578054977
COc1cc(C(C)=O)ccc1OCCCN1CCC(c2noc3cc(F)ccc23)CC1,0,c1ccc(OCCCN2CCC(c3noc4ccccc34)CC2)cc1,COc1ccc(CCN(C)CCC[C@@](C#N)(c2ccc(OC)c(OC)c2)C(C)C)cc1OC,1,c1ccc(CCCCNCCc2ccccc2)cc1,0.19032258064516128,0,0.02394736806213697
CC[C@@H]1C(=O)OC[C@@H]1Cc1cncn1C,0,O=C1CC(Cc2cnc[nH]2)CO1,Cn1c(=O)c2c(ncn2C)n(C)c1=O,1,O=c1[nH]c(=O)c2[nH]cnc2[nH]1,0.1987232102143183,0,0.1551491372947205
CC[C@@H]1C(=O)OC[C@@H]1Cc1cncn1C,0,O=C1CC(Cc2cnc[nH]2)CO1,CCc1nn(CCCN2CCN(c3cccc(Cl)c3)CC2)c(=O)n1CC,1,O=c1[nH]cnn1CCCN1CCN(c2ccccc2)CC1,0.16507936507936508,0,0.04155595845480305
CC[C@@H]1C(=O)OC[C@@H]1Cc1cncn1C,0,O=C1CC(Cc2cnc[nH]2)CO1,CCCCC1C(=O)N(c2ccccc2)N(c2ccccc2)C1=O,1,O=C1CC(=O)N(c2ccccc2)N1c1ccccc1,0.16346723044397465,0,0.16763767095007634
CC[C@@H]1C(=O)OC[C@@H]1Cc1cncn1C,0,O=C1CC(Cc2cnc[nH]2)CO1,Cc1ncc([N+](=O)[O-])n1CCO,1,c1c[nH]cn1,0.1548872180451128,0,0.07670279808657599
Nc1cc(N2CCCCC2)nc(N)[n+]1[O-],0,c1cc(N2CCCCC2)nc[nH+]1,Nc1ccc(S(=O)(=O)c2ccc(N)cc2)cc1,1,O=S(=O)(c1ccccc1)c1ccccc1,0.1564102564102564,0,0.06883339376533307
Nc1cc(N2CCCCC2)nc(N)[n+]1[O-],0,c1cc(N2CCCCC2)nc[nH+]1,COc1cc(Cc2cnc(N)nc2N)cc(OC)c1OC,1,c1ccc(Cc2cncnc2)cc1,0.15040618955512572,0,0.017144182677478408
Nc1cc(N2CCCCC2)nc(N)[n+]1[O-],0,c1cc(N2CCCCC2)nc[nH+]1,CCOc1cc(CC(=O)N[C@@H](CC(C)C)c2ccccc2N2CCCCC2)ccc1C(=O)O,1,O=C(Cc1ccccc1)NCc1ccccc1N1CCCCC1,0.14959139784946238,0,0.11962692548449938
Nc1cc(N2CCCCC2)nc(N)[n+]1[O-],0,c1cc(N2CCCCC2)nc[nH+]1,Cc1cc(NS(=O)(=O)c2ccc(N)cc2)no1,1,O=S(=O)(Nc1ccon1)c1ccccc1,0.13774625689519307,0,0.10716058593515759
CCCCN(CCCC)CC[C@H](O)c1cc2c(Cl)cc(Cl)cc2c2cc(C(F)(F)F)ccc12,0,c1ccc2c(c1)ccc1ccccc12,CNCC[C@@H](Oc1ccc(C(F)(F)F)cc1)c1ccccc1,1,c1ccc(COc2ccccc2)cc1,0.21216931216931217,0,0.137421208830998
CCCCN(CCCC)CC[C@H](O)c1cc2c(Cl)cc(Cl)cc2c2cc(C(F)(F)F)ccc12,0,c1ccc2c(c1)ccc1ccccc12,CN(C)CCCN1c2ccccc2CCc2ccc(Cl)cc21,1,c1ccc2c(c1)CCc1ccccc1N2,0.1923923923923924,0,0.2859245817606002
CCCCN(CCCC)CC[C@H](O)c1cc2c(Cl)cc(Cl)cc2c2cc(C(F)(F)F)ccc12,0,c1ccc2c(c1)ccc1ccccc12,Cc1ccc(O)c([C@@H](CCN(C(C)C)C(C)C)c2ccccc2)c1,1,c1ccc(Cc2ccccc2)cc1,0.189727463312369,0,0.21480073189739454
CCCCN(CCCC)CC[C@H](O)c1cc2c(Cl)cc(Cl)cc2c2cc(C(F)(F)F)ccc12,0,c1ccc2c(c1)ccc1ccccc12,CCCCc1oc2ccccc2c1C(=O)c1cc(I)c(OCCN(CC)CC)c(I)c1,1,O=C(c1ccccc1)c1coc2ccccc12,0.18641588296760714,0,0.18211099463364486
O=C1C(=O)c2ccccc2C(O)=C1C1CCC(c2ccc(Cl)cc2)CC1,0,O=C1C(=O)c2ccccc2C=C1C1CCC(c2ccccc2)CC1,CN[C@H]1CC[C@@H](c2ccc(Cl)c(Cl)c2)c2ccccc21,1,c1ccc(C2CCCc3ccccc32)cc1,0.23154761904761906,0,0.269654888120153
O=C1C(=O)c2ccccc2C(O)=C1C1CCC(c2ccc(Cl)cc2)CC1,0,O=C1C(=O)c2ccccc2C=C1C1CCC(c2ccccc2)CC1,CCCCC1C(=O)N(c2ccccc2)N(c2ccccc2)C1=O,1,O=C1CC(=O)N(c2ccccc2)N1c1ccccc1,0.20512820512820512,0,0.41147639141114956
O=C1C(=O)c2ccccc2C(O)=C1C1CCC(c2ccc(Cl)cc2)CC1,0,O=C1C(=O)c2ccccc2C=C1C1CCC(c2ccccc2)CC1,CN1C(C(=O)Nc2ccccn2)=C(O)c2ccccc2S1(=O)=O,1,O=C(Nc1ccccn1)C1=Cc2ccccc2S(=O)(=O)N1,0.20429608127721338,1,0.6360631920246219
O=C1C(=O)c2ccccc2C(O)=C1C1CCC(c2ccc(Cl)cc2)CC1,0,O=C1C(=O)c2ccccc2C=C1C1CCC(c2ccccc2)CC1,C[C@]12CC[C@@H]3c4ccc(O)cc4CC[C@H]3[C@@H]1CCC2=O,1,O=C1CCC2C1CCC1c3ccccc3CCC12,0.1945845004668534,0,0.27870807560667626
Cc1ncc2n1-c1ccc(Cl)cc1C(c1ccccc1F)=NC2,1,c1ccc(C2=NCc3cncn3-c3ccccc32)cc1,CN(C)CCCN1c2ccccc2CCc2ccc(Cl)cc21,1,c1ccc2c(c1)CCc1ccccc1N2,0.23548922056384744,0,0.2159205741654775
Cc1ncc2n1-c1ccc(Cl)cc1C(c1ccccc1F)=NC2,1,c1ccc(C2=NCc3cncn3-c3ccccc32)cc1,Cc1cnc(NC(=O)C2=C(O)c3ccccc3S(=O)(=O)N2C)s1,1,O=C(Nc1nccs1)C1=Cc2ccccc2S(=O)(=O)N1,0.19028213166144203,0,0.43505358971268987
Cc1ncc2n1-c1ccc(Cl)cc1C(c1ccccc1F)=NC2,1,c1ccc(C2=NCc3cncn3-c3ccccc32)cc1,C[C@@H](c1ncncc1F)[C@](O)(Cn1cncn1)c1ccc(F)cc1F,1,c1ccc(C(Cc2ccncn2)Cn2cncn2)cc1,0.17672229353872485,0,0.09820619387302353
Cc1ncc2n1-c1ccc(Cl)cc1C(c1ccccc1F)=NC2,1,c1ccc(C2=NCc3cncn3-c3ccccc32)cc1,CN1CCN2c3ccccc3Cc3cccnc3[C@@H]2C1,1,c1ccc2c(c1)Cc1cccnc1C1CNCCN21,0.17314230208839243,0,0.26569024183639706
Cc1nc(C)c2c(n1)N(Cc1ccc(-c3ccccc3-c3nnn[nH]3)cc1)C(=O)CC2,0,O=C1CCc2cncnc2N1Cc1ccc(-c2ccccc2-c2nnn[nH]2)cc1,CCCCc1nc(Cl)c(CO)n1Cc1ccc(-c2ccccc2-c2nnn[nH]2)cc1,1,c1ccc(-c2nnn[nH]2)c(-c2ccc(Cn3ccnc3)cc2)c1,0.433445945945946,0,0.3967937710630773
Cc1nc(C)c2c(n1)N(Cc1ccc(-c3ccccc3-c3nnn[nH]3)cc1)C(=O)CC2,0,O=C1CCc2cncnc2N1Cc1ccc(-c2ccccc2-c2nnn[nH]2)cc1,CCOc1nc2cccc(C(=O)O)c2n1Cc1ccc(-c2ccccc2-c2nnn[nH]2)cc1,1,c1ccc(-c2nnn[nH]2)c(-c2ccc(Cn3cnc4ccccc43)cc2)c1,0.40989010989010993,0,0.3946112227913202
Cc1nc(C)c2c(n1)N(Cc1ccc(-c3ccccc3-c3nnn[nH]3)cc1)C(=O)CC2,0,O=C1CCc2cncnc2N1Cc1ccc(-c2ccccc2-c2nnn[nH]2)cc1,Cc1ccnc2c1NC(=O)c1cccnc1N2C1CC1,1,O=C1Nc2cccnc2N(C2CC2)c2ncccc21,0.20060876623376628,0,0.218725403477593
Cc1nc(C)c2c(n1)N(Cc1ccc(-c3ccccc3-c3nnn[nH]3)cc1)C(=O)CC2,0,O=C1CCc2cncnc2N1Cc1ccc(-c2ccccc2-c2nnn[nH]2)cc1,Cc1ncc2n1-c1ccc(Cl)cc1C(c1ccccc1F)=NC2,1,c1ccc(C2=NCc3cncn3-c3ccccc32)cc1,0.1803992087754001,0,0.2789562945998796
CCc1c2c(nc3ccc(OC(=O)N4CCC(N5CCCCC5)CC4)cc13)-c1cc3c(c(=O)n1C2)COC(=O)[C@]3(O)CC,0,O=C1Cc2cc3n(c(=O)c2CO1)Cc1cc2cc(OC(=O)N4CCC(N5CCCCC5)CC4)ccc2nc1-3,CCOc1cc(CC(=O)N[C@@H](CC(C)C)c2ccccc2N2CCCCC2)ccc1C(=O)O,1,O=C(Cc1ccccc1)NCc1ccccc1N1CCCCC1,0.17138849929873773,0,0.01887666523287301
CCc1c2c(nc3ccc(OC(=O)N4CCC(N5CCCCC5)CC4)cc13)-c1cc3c(c(=O)n1C2)COC(=O)[C@]3(O)CC,0,O=C1Cc2cc3n(c(=O)c2CO1)Cc1cc2cc(OC(=O)N4CCC(N5CCCCC5)CC4)ccc2nc1-3,CCCSc1ccc2nc(NC(=O)OC)[nH]c2c1,1,c1ccc2[nH]cnc2c1,0.16454033771106943,0,0.006884481805130946
CCc1c2c(nc3ccc(OC(=O)N4CCC(N5CCCCC5)CC4)cc13)-c1cc3c(c(=O)n1C2)COC(=O)[C@]3(O)CC,0,O=C1Cc2cc3n(c(=O)c2CO1)Cc1cc2cc(OC(=O)N4CCC(N5CCCCC5)CC4)ccc2nc1-3,O=C(OC1C[C@@H]2CC3C[C@H](C1)N2CC3=O)c1c[nH]c2ccccc12,1,O=C(OC1CC2CC3CC(C1)N2CC3=O)c1c[nH]c2ccccc12,0.15523747560182174,0,0.009715994457214208
CCc1c2c(nc3ccc(OC(=O)N4CCC(N5CCCCC5)CC4)cc13)-c1cc3c(c(=O)n1C2)COC(=O)[C@]3(O)CC,0,O=C1Cc2cc3n(c(=O)c2CO1)Cc1cc2cc(OC(=O)N4CCC(N5CCCCC5)CC4)ccc2nc1-3,C#C[C@]1(O)CC[C@H]2[C@@H]3CCc4cc(OC)ccc4[C@H]3CC[C@@]21C,1,c1ccc2c(c1)CCC1C2CCC2CCCC21,0.1550782514840799,0,0.0039228385645382925
C[C@@H](Cc1ccccc1)N(C)Cc1ccccc1,0,c1ccc(CCNCc2ccccc2)cc1,C#CCN(C)[C@@H](C)Cc1ccccc1,1,c1ccccc1,0.62,0,0.279350264603776
C[C@@H](Cc1ccccc1)N(C)Cc1ccccc1,0,c1ccc(CCNCc2ccccc2)cc1,CC(C)Cc1ccc([C@@H](C)C(=O)O)cc1,1,c1ccccc1,0.2815789473684211,0,0.23660603528473093
C[C@@H](Cc1ccccc1)N(C)Cc1ccccc1,0,c1ccc(CCNCc2ccccc2)cc1,CC(C)C1CCC(C(=O)N[C@H](Cc2ccccc2)C(=O)O)CC1,1,O=C(NCCc1ccccc1)C1CCCCC1,0.2783333333333334,0,0.2343542646643565
C[C@@H](Cc1ccccc1)N(C)Cc1ccccc1,0,c1ccc(CCNCc2ccccc2)cc1,Cc1ccc(O)c([C@@H](CCN(C(C)C)C(C)C)c2ccccc2)c1,1,c1ccc(Cc2ccccc2)cc1,0.23364589078874795,0,0.24228864858417984
CCC(=O)N(c1ccccc1)C1CCN(CCc2ccccc2)CC1,0,c1ccc(CCN2CCC(Nc3ccccc3)CC2)cc1,CC(C)C1CCC(C(=O)N[C@H](Cc2ccccc2)C(=O)O)CC1,1,O=C(NCCc1ccccc1)C1CCCCC1,0.2807285974499089,0,0.14326530580225358
CCC(=O)N(c1ccccc1)C1CCN(CCc2ccccc2)CC1,0,c1ccc(CCN2CCC(Nc3ccccc3)CC2)cc1,CCCCC1C(=O)N(c2ccccc2)N(c2ccccc2)C1=O,1,O=C1CC(=O)N(c2ccccc2)N1c1ccccc1,0.253781512605042,0,0.20212996905308186
CCC(=O)N(c1ccccc1)C1CCN(CCc2ccccc2)CC1,0,c1ccc(CCN2CCC(Nc3ccccc3)CC2)cc1,CN1CCC[C@@H]1Cc1c[nH]c2ccc(CCS(=O)(=O)c3ccccc3)cc12,1,O=S(=O)(CCc1ccc2[nH]cc(CC3CCCN3)c2c1)c1ccccc1,0.23663967611336031,0,0.08233978506998708
CCC(=O)N(c1ccccc1)C1CCN(CCc2ccccc2)CC1,0,c1ccc(CCN2CCC(Nc3ccccc3)CC2)cc1,CCN(CC)CC(=O)Nc1c(C)cccc1C,1,c1ccccc1,0.22739981360671016,0,0.06916856437629629
CCOC(=O)[C@H](CCc1ccccc1)N[C@@H](C)C(=O)N(CC(=O)O)C1Cc2ccccc2C1,0,O=C(CNCCCc1ccccc1)NC1Cc2ccccc2C1,CC(C)C1CCC(C(=O)N[C@H](Cc2ccccc2)C(=O)O)CC1,1,O=C(NCCc1ccccc1)C1CCCCC1,0.2850673854447439,0,0.18361190239621675
CCOC(=O)[C@H](CCc1ccccc1)N[C@@H](C)C(=O)N(CC(=O)O)C1Cc2ccccc2C1,0,O=C(CNCCCc1ccccc1)NC1Cc2ccccc2C1,CCOc1cc(CC(=O)N[C@@H](CC(C)C)c2ccccc2N2CCCCC2)ccc1C(=O)O,1,O=C(Cc1ccccc1)NCc1ccccc1N1CCCCC1,0.2385345997286296,0,0.20798822328864577
CCOC(=O)[C@H](CCc1ccccc1)N[C@@H](C)C(=O)N(CC(=O)O)C1Cc2ccccc2C1,0,O=C(CNCCCc1ccccc1)NC1Cc2ccccc2C1,CC1=C(C)C(=O)C([C@@H](CCCCCC(=O)O)c2ccccc2)=C(C)C1=O,1,O=C1C=CC(=O)C(Cc2ccccc2)=C1,0.23589743589743592,0,0.25580311700233566
CCOC(=O)[C@H](CCc1ccccc1)N[C@@H](C)C(=O)N(CC(=O)O)C1Cc2ccccc2C1,0,O=C(CNCCCc1ccccc1)NC1Cc2ccccc2C1,CC(C)Cc1ccc([C@@H](C)C(=O)O)cc1,1,c1ccccc1,0.21956521739130436,0,0.10978102996278342
CCC[C@@H]1C[C@H](C(=O)N[C@@H]([C@H]2O[C@H](SC)[C@H](O)[C@@H](O)[C@H]2O)[C@H](C)Cl)N(C)C1,0,O=C(NCC1CCCCO1)C1CCCN1,Cc1c(O)cccc1C(=O)N[C@@H](CSc1ccccc1)[C@H](O)CN1C[C@H]2CCCC[C@H]2C[C@H]1C(=O)NC(C)(C)C,1,O=C(NC(CCN1CCC2CCCCC2C1)CSc1ccccc1)c1ccccc1,0.19253750815394655,0,0.014573621165333473
CCC[C@@H]1C[C@H](C(=O)N[C@@H]([C@H]2O[C@H](SC)[C@H](O)[C@@H](O)[C@H]2O)[C@H](C)Cl)N(C)C1,0,O=C(NCC1CCCCO1)C1CCCN1,CC(C)C[C@@H](NC(=O)[C@@H](Cc1ccccc1)NC(=O)c1cnccn1)B(O)O,1,O=C(NCCc1ccccc1)c1cnccn1,0.15613526570048308,0,0.08251611386728876
CCC[C@@H]1C[C@H](C(=O)N[C@@H]([C@H]2O[C@H](SC)[C@H](O)[C@@H](O)[C@H]2O)[C@H](C)Cl)N(C)C1,0,O=C(NCC1CCCCO1)C1CCCN1,CC(C)C1CCC(C(=O)N[C@H](Cc2ccccc2)C(=O)O)CC1,1,O=C(NCCc1ccccc1)C1CCCCC1,0.1532650190878039,0,0.01881245130798508
CCC[C@@H]1C[C@H](C(=O)N[C@@H]([C@H]2O[C@H](SC)[C@H](O)[C@@H](O)[C@H]2O)[C@H](C)Cl)N(C)C1,0,O=C(NCC1CCCCO1)C1CCCN1,CC(C)(C)NC(=O)[C@@H]1CN(Cc2cccnc2)CCN1C[C@@H](O)C[C@@H](Cc1ccccc1)C(=O)N[C@H]1c2ccccc2C[C@H]1O,1,O=C(NC1CCc2ccccc21)C(CCCN1CCN(Cc2cccnc2)CC1)Cc1ccccc1,0.14632313472893183,0,0.05105229457178766
Cn1nnc2ccc([C@H](c3ccc(Cl)cc3)n3cncn3)cc21,0,c1ccc(C(c2ccc3nn[nH]c3c2)n2cncn2)cc1,C[C@@H](c1ncncc1F)[C@](O)(Cn1cncn1)c1ccc(F)cc1F,1,c1ccc(C(Cc2ccncn2)Cn2cncn2)cc1,0.21715265866209266,0,0.020027255266685036
Cn1nnc2ccc([C@H](c3ccc(Cl)cc3)n3cncn3)cc21,0,c1ccc(C(c2ccc3nn[nH]c3c2)n2cncn2)cc1,CN(C)CCCN1c2ccccc2CCc2ccc(Cl)cc21,1,c1ccc2c(c1)CCc1ccccc1N2,0.164573268921095,0,0.11740829725684702
Cn1nnc2ccc([C@H](c3ccc(Cl)cc3)n3cncn3)cc21,0,c1ccc(C(c2ccc3nn[nH]c3c2)n2cncn2)cc1,CC(C)/N=C(N)\N=C(/N)Nc1ccc(Cl)cc1,1,c1ccccc1,0.15898412698412698,0,0.05059063613952904
Cn1nnc2ccc([C@H](c3ccc(Cl)cc3)n3cncn3)cc21,0,c1ccc(C(c2ccc3nn[nH]c3c2)n2cncn2)cc1,Cc1ncc2n1-c1ccc(Cl)cc1C(c1ccccc1F)=NC2,1,c1ccc(C2=NCc3cncn3-c3ccccc32)cc1,0.1586466165413534,0,0.07038087292359484
COCc1c(C(C)C)nc(C(C)C)c(/C=C\[C@@H](O)C[C@@H](O)CC(=O)O)c1-c1ccc(F)cc1,0,c1ccc(-c2ccncc2)cc1,COc1ccc2cc([C@H](C)C(=O)O)ccc2c1,1,c1ccc2ccccc2c1,0.199344262295082,0,0.02035991734555792
COCc1c(C(C)C)nc(C(C)C)c(/C=C\[C@@H](O)C[C@@H](O)CC(=O)O)c1-c1ccc(F)cc1,0,c1ccc(-c2ccncc2)cc1,CC(C)(O)c1ccccc1CC[C@@H](SCC1(CC(=O)O)CC1)c1cccc(/C=C\c2ccc3ccc(Cl)cc3n2)c1,1,C(=Cc1ccc2ccccc2n1)c1cccc(C(CCc2ccccc2)SCC2CC2)c1,0.1903030303030303,0,0.0016355318177428333
COCc1c(C(C)C)nc(C(C)C)c(/C=C\[C@@H](O)C[C@@H](O)CC(=O)O)c1-c1ccc(F)cc1,0,c1ccc(-c2ccncc2)cc1,C[C@@H](c1ncncc1F)[C@](O)(Cn1cncn1)c1ccc(F)cc1F,1,c1ccc(C(Cc2ccncn2)Cn2cncn2)cc1,0.1885628039577394,0,0.009500314889121309
COCc1c(C(C)C)nc(C(C)C)c(/C=C\[C@@H](O)C[C@@H](O)CC(=O)O)c1-c1ccc(F)cc1,0,c1ccc(-c2ccncc2)cc1,CC(C)c1nc(CN(C)C(=O)N[C@H](C(=O)N[C@@H](Cc2ccccc2)C[C@H](O)[C@H](Cc2ccccc2)NC(=O)OCc2cncs2)C(C)C)cs1,1,O=C(CNC(=O)NCc1cscn1)NC(CCC(Cc1ccccc1)NC(=O)OCc1cncs1)Cc1ccccc1,0.18571428571428572,0,0.12851111345684288
CCC[C@H]1C(=O)N2C(N(C)C)=Nc3ccc(C)cc3N2C1=O,0,O=C1CC(=O)N2c3ccccc3N=CN12,CCCCC1C(=O)N(c2ccccc2)N(c2ccccc2)C1=O,1,O=C1CC(=O)N(c2ccccc2)N1c1ccccc1,0.35555555555555557,0,0.12138483195258018
CCC[C@H]1C(=O)N2C(N(C)C)=Nc3ccc(C)cc3N2C1=O,0,O=C1CC(=O)N2c3ccccc3N=CN12,CCCCNC(=O)NS(=O)(=O)c1ccc(C)cc1,1,c1ccccc1,0.21192250372578242,0,0.32950927974542926
CCC[C@H]1C(=O)N2C(N(C)C)=Nc3ccc(C)cc3N2C1=O,0,O=C1CC(=O)N2c3ccccc3N=CN12,COc1ccc([C@@H]2Sc3ccccc3N(CCN(C)C)C(=O)[C@@H]2OC(C)=O)cc1,1,O=C1CC(c2ccccc2)Sc2ccccc2N1,0.1756140350877193,0,0.27770463070844664
CCC[C@H]1C(=O)N2C(N(C)C)=Nc3ccc(C)cc3N2C1=O,0,O=C1CC(=O)N2c3ccccc3N=CN12,Cc1ccc(O)c([C@@H](CCN(C(C)C)C(C)C)c2ccccc2)c1,1,c1ccc(Cc2ccccc2)cc1,0.17538461538461542,0,0.41444038292888047
Cc1nc2c([nH]1)c(=O)n(C)c(=O)n2Cc1ccco1,0,O=c1[nH]c(=O)n(Cc2ccco2)c2nc[nH]c12,Cn1c(=O)c2[nH]cnc2n(C)c1=O,1,O=c1[nH]c(=O)c2[nH]cnc2[nH]1,0.34115384615384614,0,0.05883663573319448
Cc1nc2c([nH]1)c(=O)n(C)c(=O)n2Cc1ccco1,0,O=c1[nH]c(=O)n(Cc2ccco2)c2nc[nH]c12,Cn1c(=O)c2c(ncn2C)n(C)c1=O,1,O=c1[nH]c(=O)c2[nH]cnc2[nH]1,0.2516835016835017,0,0.06545468542257447
Cc1nc2c([nH]1)c(=O)n(C)c(=O)n2Cc1ccco1,0,O=c1[nH]c(=O)n(Cc2ccco2)c2nc[nH]c12,Cc1c(OCC(F)(F)F)ccnc1C[S@@H](=O)c1nc2ccccc2[nH]1,1,O=[SH](Cc1ccccn1)c1nc2ccccc2[nH]1,0.20097165991902838,0,0.12869950911425623
Cc1nc2c([nH]1)c(=O)n(C)c(=O)n2Cc1ccco1,0,O=c1[nH]c(=O)n(Cc2ccco2)c2nc[nH]c12,Cc1c(N(C)C)c(=O)n(-c2ccccc2)n1C,1,O=c1cc[nH]n1-c1ccccc1,0.18666666666666668,0,0.2531636784824059
Cc1cnc(C(=O)NCCc2ccc(S(=O)(=O)NC(=O)NC3CCCCC3)cc2)cn1,1,O=C(NC1CCCCC1)NS(=O)(=O)c1ccc(CCNC(=O)c2cnccn2)cc1,CCCCNC(=O)NS(=O)(=O)c1ccc(C)cc1,1,c1ccccc1,0.35681818181818187,1,0.5832844379792398
Cc1cnc(C(=O)NCCc2ccc(S(=O)(=O)NC(=O)NC3CCCCC3)cc2)cn1,1,O=C(NC1CCCCC1)NS(=O)(=O)c1ccc(CCNC(=O)c2cnccn2)cc1,Cc1ccc(S(=O)(=O)NC(=O)NN2C[C@H]3CCC[C@H]3C2)cc1,1,O=C(NN1CC2CCCC2C1)NS(=O)(=O)c1ccccc1,0.3440146207736826,1,0.837001660207294
Cc1cnc(C(=O)NCCc2ccc(S(=O)(=O)NC(=O)NC3CCCCC3)cc2)cn1,1,O=C(NC1CCCCC1)NS(=O)(=O)c1ccc(CCNC(=O)c2cnccn2)cc1,Cc1cccc(Nc2ccncc2S(=O)(=O)NC(=O)NC(C)C)c1,1,c1ccc(Nc2ccncc2)cc1,0.24833702882483372,1,0.7843027013984193
Cc1cnc(C(=O)NCCc2ccc(S(=O)(=O)NC(=O)NC3CCCCC3)cc2)cn1,1,O=C(NC1CCCCC1)NS(=O)(=O)c1ccc(CCNC(=O)c2cnccn2)cc1,CC(C)C[C@@H](NC(=O)[C@@H](Cc1ccccc1)NC(=O)c1cnccn1)B(O)O,1,O=C(NCCc1ccccc1)c1cnccn1,0.22569786535303776,1,0.7469504246340064
Nc1nc(=O)c(Br)c(-c2ccccc2)[nH]1,0,O=c1cc(-c2ccccc2)[nH]cn1,O=C1NC(=O)C(c2ccccc2)(c2ccccc2)N1,1,O=C1NC(=O)C(c2ccccc2)(c2ccccc2)N1,0.19094076655052267,0,0.031927960159328195
Nc1nc(=O)c(Br)c(-c2ccccc2)[nH]1,0,O=c1cc(-c2ccccc2)[nH]cn1,CCC1(c2ccccc2)C(=O)NC(=O)NC1=O,1,O=C1NC(=O)C(c2ccccc2)C(=O)N1,0.17860465116279073,0,0.0791160066412851
Nc1nc(=O)c(Br)c(-c2ccccc2)[nH]1,0,O=c1cc(-c2ccccc2)[nH]cn1,Cc1cc(=O)n(-c2ccccc2)n1C,1,O=c1cc[nH]n1-c1ccccc1,0.1741304347826087,0,0.09833448404014687
Nc1nc(=O)c(Br)c(-c2ccccc2)[nH]1,0,O=c1cc(-c2ccccc2)[nH]cn1,Cn1c(=O)c2[nH]cnc2n(C)c1=O,1,O=c1[nH]c(=O)c2[nH]cnc2[nH]1,0.16056910569105692,0,0.0695395805710981
C#C[C@]1(O)C=C[C@H]2[C@@H]3CCC4=CC(=O)CC[C@@H]4[C@H]3CC[C@@]21CC,0,O=C1C=C2CCC3C4C=CCC4CCC3C2CC1,C#C[C@]1(O)CC[C@H]2[C@@H]3CCc4cc(OC)ccc4[C@H]3CC[C@@]21C,1,c1ccc2c(c1)CCC1C2CCC2CCCC21,0.25777995589316344,0,0.04207381060876679
C#C[C@]1(O)C=C[C@H]2[C@@H]3CCC4=CC(=O)CC[C@@H]4[C@H]3CC[C@@]21CC,0,O=C1C=C2CCC3C4C=CCC4CCC3C2CC1,C[C@]12CC[C@@H]3c4ccc(O)cc4CC[C@H]3[C@@H]1CCC2=O,1,O=C1CCC2C1CCC1c3ccccc3CCC12,0.21144238517324737,0,0.11417514235110489
C#C[C@]1(O)C=C[C@H]2[C@@H]3CCC4=CC(=O)CC[C@@H]4[C@H]3CC[C@@]21CC,0,O=C1C=C2CCC3C4C=CCC4CCC3C2CC1,C[C@]12CC[C@@H]3c4ccc(O)cc4CC[C@H]3[C@@H]1CC[C@@H]2O,1,c1ccc2c(c1)CCC1C2CCC2CCCC21,0.17262893081761008,0,0.1044146554530718
C#C[C@]1(O)C=C[C@H]2[C@@H]3CCC4=CC(=O)CC[C@@H]4[C@H]3CC[C@@]21CC,0,O=C1C=C2CCC3C4C=CCC4CCC3C2CC1,CN1C(=O)[C@@](C)(C2=CCCCC2)C(=O)N=C1O,1,O=C1N=CNC(=O)C1C1=CCCCC1,0.1518139534883721,0,0.052413899522001074
CN[C@H]1CC[C@@H](c2ccc(Cl)c(Cl)c2)c2ccccc21,1,c1ccc(C2CCCc3ccccc32)cc1,CN(C)CCCN1c2ccccc2CCc2ccc(Cl)cc21,1,c1ccc2c(c1)CCc1ccccc1N2,0.17685834502103787,0,0.30402035269758976
CN[C@H]1CC[C@@H](c2ccc(Cl)c(Cl)c2)c2ccccc21,1,c1ccc(C2CCCc3ccccc32)cc1,CCN[C@H]1C[C@H](C)S(=O)(=O)c2sc(S(N)(=O)=O)cc21,1,O=S1(=O)CCCc2ccsc21,0.16666666666666669,0,0.3739213208346029
CN[C@H]1CC[C@@H](c2ccc(Cl)c(Cl)c2)c2ccccc21,1,c1ccc(C2CCCc3ccccc32)cc1,Cc1ncc2n1-c1ccc(Cl)cc1C(c1ccccc1F)=NC2,1,c1ccc(C2=NCc3cncn3-c3ccccc32)cc1,0.15994202898550727,0,0.19921472143009591
CN[C@H]1CC[C@@H](c2ccc(Cl)c(Cl)c2)c2ccccc21,1,c1ccc(C2CCCc3ccccc32)cc1,CNCC[C@@H](Oc1ccccc1C)c1ccccc1,1,c1ccc(COc2ccccc2)cc1,0.15912531539108493,0,0.2595703122796681
CN1[C@@H]2CCC[C@H]1CC(NC(=O)c1nn(C)c3ccccc13)C2,0,O=C(NC1CC2CCCC(C1)N2)c1n[nH]c2ccccc12,CN1[C@@H]2CC[C@H]1CC(OC(=O)c1c[nH]c3ccccc13)C2,1,O=C(OC1CC2CCC(C1)N2)c1c[nH]c2ccccc12,0.329149560117302,0,0.007791388596996227
CN1[C@@H]2CCC[C@H]1CC(NC(=O)c1nn(C)c3ccccc13)C2,0,O=C(NC1CC2CCCC(C1)N2)c1n[nH]c2ccccc12,Cc1cnc(C(=O)NCCc2ccc(S(=O)(=O)NC(=O)NC3CCCCC3)cc2)cn1,1,O=C(NC1CCCCC1)NS(=O)(=O)c1ccc(CCNC(=O)c2cnccn2)cc1,0.22215189873417723,0,0.02872966645475394
CN1[C@@H]2CCC[C@H]1CC(NC(=O)c1nn(C)c3ccccc13)C2,0,O=C(NC1CC2CCCC(C1)N2)c1n[nH]c2ccccc12,O=C(OC1C[C@@H]2CC3C[C@H](C1)N2CC3=O)c1c[nH]c2ccccc12,1,O=C(OC1CC2CC3CC(C1)N2CC3=O)c1c[nH]c2ccccc12,0.20793650793650795,0,0.007443637075780121
CN1[C@@H]2CCC[C@H]1CC(NC(=O)c1nn(C)c3ccccc13)C2,0,O=C(NC1CC2CCCC(C1)N2)c1n[nH]c2ccccc12,CNC(=O)Oc1cccc2ccccc12,1,c1ccc2ccccc2c1,0.20526505589614139,0,0.03273656996183175
CC(C)NC[C@H](O)COc1ccc(CCOCC2CC2)cc1,0,c1ccc(CCOCC2CC2)cc1,CCOc1ccc(NC(C)=O)cc1,1,c1ccccc1,0.21730994152046784,0,0.004392321427424375
CC(C)NC[C@H](O)COc1ccc(CCOCC2CC2)cc1,0,c1ccc(CCOCC2CC2)cc1,CC/C(=C(/c1ccccc1)c1ccc(OCCN(C)C)cc1)c1ccccc1,1,C(=C(c1ccccc1)c1ccccc1)c1ccccc1,0.21490196078431376,0,0.008415954011779617
CC(C)NC[C@H](O)COc1ccc(CCOCC2CC2)cc1,0,c1ccc(CCOCC2CC2)cc1,CCOc1cc(CC(=O)N[C@@H](CC(C)C)c2ccccc2N2CCCCC2)ccc1C(=O)O,1,O=C(Cc1ccccc1)NCc1ccccc1N1CCCCC1,0.21308619091751624,0,0.0065629660296915296
CC(C)NC[C@H](O)COc1ccc(CCOCC2CC2)cc1,0,c1ccc(CCOCC2CC2)cc1,CN(CCOc1ccc(C[C@@H]2SC(=O)NC2=O)cc1)c1ccccn1,1,O=C1NC(=O)C(Cc2ccc(OCCNc3ccccn3)cc2)S1,0.20628183361629884,0,0.014474203195610607
CCC(=O)N(c1ccccc1)C1(COC)CCN(CCn2nnn(CC)c2=O)CC1,0,O=c1[nH]nnn1CCN1CCC(Nc2ccccc2)CC1,CCc1nn(CCCN2CCN(c3cccc(Cl)c3)CC2)c(=O)n1CC,1,O=c1[nH]cnn1CCCN1CCN(c2ccccc2)CC1,0.2438273921200751,0,0.0070641549049749505
CCC(=O)N(c1ccccc1)C1(COC)CCN(CCn2nnn(CC)c2=O)CC1,0,O=c1[nH]nnn1CCN1CCC(Nc2ccccc2)CC1,COc1ccc([C@@H]2Sc3ccccc3N(CCN(C)C)C(=O)[C@@H]2OC(C)=O)cc1,1,O=C1CC(c2ccccc2)Sc2ccccc2N1,0.2012386156648452,0,0.011836635955559472
CCC(=O)N(c1ccccc1)C1(COC)CCN(CCn2nnn(CC)c2=O)CC1,0,O=c1[nH]nnn1CCN1CCC(Nc2ccccc2)CC1,CCCCC1C(=O)N(c2ccccc2)N(c2ccccc2)C1=O,1,O=C1CC(=O)N(c2ccccc2)N1c1ccccc1,0.19329710144927537,0,0.024372650452477253
CCC(=O)N(c1ccccc1)C1(COC)CCN(CCn2nnn(CC)c2=O)CC1,0,O=c1[nH]nnn1CCN1CCC(Nc2ccccc2)CC1,CCOc1cc(CC(=O)N[C@@H](CC(C)C)c2ccccc2N2CCCCC2)ccc1C(=O)O,1,O=C(Cc1ccccc1)NCc1ccccc1N1CCCCC1,0.18895417156286723,0,0.01622576713006544
N#Cc1ccc(C(c2ccc(C#N)cc2)n2cncn2)cc1,0,c1ccc(C(c2ccccc2)n2cncn2)cc1,C[C@@H](c1ncncc1F)[C@](O)(Cn1cncn1)c1ccc(F)cc1F,1,c1ccc(C(Cc2ccncn2)Cn2cncn2)cc1,0.20502901353965186,0,0.038474312562468756
N#Cc1ccc(C(c2ccc(C#N)cc2)n2cncn2)cc1,0,c1ccc(C(c2ccccc2)n2cncn2)cc1,CC(C)Cc1ccc([C@@H](C)C(=O)O)cc1,1,c1ccccc1,0.13243243243243244,0,0.11768668448293547
N#Cc1ccc(C(c2ccc(C#N)cc2)n2cncn2)cc1,0,c1ccc(C(c2ccccc2)n2cncn2)cc1,CC[C@H](c1ccccc1)c1c(O)c2ccccc2oc1=O,1,O=c1oc2ccccc2cc1Cc1ccccc1,0.12057416267942583,0,0.06678442568729301
N#Cc1ccc(C(c2ccc(C#N)cc2)n2cncn2)cc1,0,c1ccc(C(c2ccccc2)n2cncn2)cc1,COc1ccc2cc([C@H](C)C(=O)O)ccc2c1,1,c1ccc2ccccc2c1,0.12021466905187836,0,0.09255375422416198
CC(C)Oc1ccc2c(=O)c(-c3ccccc3)coc2c1,0,O=c1c(-c2ccccc2)coc2ccccc12,CC(=O)C[C@@H](c1ccccc1)c1c(O)c2ccccc2oc1=O,1,O=c1oc2ccccc2cc1Cc1ccccc1,0.23960655737704922,0,0.11443058312655528
CC(C)Oc1ccc2c(=O)c(-c3ccccc3)coc2c1,0,O=c1c(-c2ccccc2)coc2ccccc12,COc1ccc2cc([C@H](C)C(=O)O)ccc2c1,1,c1ccc2ccccc2c1,0.23940110323089048,0,0.05553424187500215
CC(C)Oc1ccc2c(=O)c(-c3ccccc3)coc2c1,0,O=c1c(-c2ccccc2)coc2ccccc12,CC[C@H](c1ccccc1)c1c(O)c2ccccc2oc1=O,1,O=c1oc2ccccc2cc1Cc1ccccc1,0.23043785310734463,0,0.10348103616928457
CC(C)Oc1ccc2c(=O)c(-c3ccccc3)coc2c1,0,O=c1c(-c2ccccc2)coc2ccccc12,CC(=O)C[C@@H](c1ccc([N+](=O)[O-])cc1)c1c(O)c2ccccc2oc1=O,1,O=c1oc2ccccc2cc1Cc1ccccc1,0.20827586206896556,0,0.08863006628157129
CC1=C(/C=C\C(C)=C/C=C\C(C)=C/C(=O)O)C(C)(C)CCC1,0,C1=CCCCC1,CN1C(=O)[C@@](C)(C2=CCCCC2)C(=O)N=C1O,1,O=C1N=CNC(=O)C1C1=CCCCC1,0.175,0,0.04968677786374816
CC1=C(/C=C\C(C)=C/C=C\C(C)=C/C(=O)O)C(C)(C)CCC1,0,C1=CCCCC1,CC(=O)Oc1ccccc1C(=O)O,1,c1ccccc1,0.14,0,0.15272355212135413
CC1=C(/C=C\C(C)=C/C=C\C(C)=C/C(=O)O)C(C)(C)CCC1,0,C1=CCCCC1,CC1=C(C)C(=O)C([C@@H](CCCCCC(=O)O)c2ccccc2)=C(C)C1=O,1,O=C1C=CC(=O)C(Cc2ccccc2)=C1,0.13816689466484267,0,0.28441302280032593
CC1=C(/C=C\C(C)=C/C=C\C(C)=C/C(=O)O)C(C)(C)CCC1,0,C1=CCCCC1,CCCC(CCC)C(=O)O,1,,0.13806451612903228,0,0.11495535664881935
O=C1CC2(CCCC2)CC(=O)N1CCCCN1CCN(c2ncccn2)CC1,0,O=C1CC2(CCCC2)CC(=O)N1CCCCN1CCN(c2ncccn2)CC1,CCc1nn(CCCN2CCN(c3cccc(Cl)c3)CC2)c(=O)n1CC,1,O=c1[nH]cnn1CCCN1CCN(c2ccccc2)CC1,0.25410138248847924,0,0.014542040433091647
O=C1CC2(CCCC2)CC(=O)N1CCCCN1CCN(c2ncccn2)CC1,0,O=C1CC2(CCCC2)CC(=O)N1CCCCN1CCN(c2ncccn2)CC1,CN1CCN2c3ccccc3Cc3cccnc3[C@@H]2C1,1,c1ccc2c(c1)Cc1cccnc1C1CNCCN21,0.1928817451205511,0,0.02574565978402966
O=C1CC2(CCCC2)CC(=O)N1CCCCN1CCN(c2ncccn2)CC1,0,O=C1CC2(CCCC2)CC(=O)N1CCCCN1CCN(c2ncccn2)CC1,Cc1ccnc2c1NC(=O)c1cccnc1N2C1CC1,1,O=C1Nc2cccnc2N(C2CC2)c2ncccc21,0.19158751696065132,0,0.05306504761458833
O=C1CC2(CCCC2)CC(=O)N1CCCCN1CCN(c2ncccn2)CC1,0,O=C1CC2(CCCC2)CC(=O)N1CCCCN1CCN(c2ncccn2)CC1,CN(C)CCCN1c2ccccc2CCc2ccccc21,1,c1ccc2c(c1)CCc1ccccc1N2,0.1814265536723164,0,0.07111714521730118
O=C1CCc2ccc(OCCCCN3CCN(c4cccc(Cl)c4Cl)CC3)cc2N1,0,O=C1CCc2ccc(OCCCCN3CCN(c4ccccc4)CC3)cc2N1,CCc1nn(CCCN2CCN(c3cccc(Cl)c3)CC2)c(=O)n1CC,1,O=c1[nH]cnn1CCCN1CCN(c2ccccc2)CC1,0.28769230769230775,0,0.020692960278228423
O=C1CCc2ccc(OCCCCN3CCN(c4cccc(Cl)c4Cl)CC3)cc2N1,0,O=C1CCc2ccc(OCCCCN3CCN(c4ccccc4)CC3)cc2N1,CN(C)CCCN1c2ccccc2CCc2ccc(Cl)cc21,1,c1ccc2c(c1)CCc1ccccc1N2,0.26732186732186736,0,0.08075384815944277
O=C1CCc2ccc(OCCCCN3CCN(c4cccc(Cl)c4Cl)CC3)cc2N1,0,O=C1CCc2ccc(OCCCCN3CCN(c4ccccc4)CC3)cc2N1,CN(C)CCCN1c2ccccc2CCc2ccccc21,1,c1ccc2c(c1)CCc1ccccc1N2,0.2226961990702762,0,0.12208352301734213
O=C1CCc2ccc(OCCCCN3CCN(c4cccc(Cl)c4Cl)CC3)cc2N1,0,O=C1CCc2ccc(OCCCCN3CCN(c4ccccc4)CC3)cc2N1,CCOc1cc(CC(=O)N[C@@H](CC(C)C)c2ccccc2N2CCCCC2)ccc1C(=O)O,1,O=C(Cc1ccccc1)NCc1ccccc1N1CCCCC1,0.212809724170173,0,0.08766874585564677
CCCCN1CCCC[C@H]1C(=O)Nc1c(C)cccc1C,0,O=C(Nc1ccccc1)C1CCCCN1,CCN(CC)CC(=O)Nc1c(C)cccc1C,1,c1ccccc1,0.4192513368983957,0,0.045134182842389715
CCCCN1CCCC[C@H]1C(=O)Nc1c(C)cccc1C,0,O=C(Nc1ccccc1)C1CCCCN1,Cc1c(O)cccc1C(=O)N[C@@H](CSc1ccccc1)[C@H](O)CN1C[C@H]2CCCC[C@H]2C[C@H]1C(=O)NC(C)(C)C,1,O=C(NC(CCN1CCC2CCCCC2C1)CSc1ccccc1)c1ccccc1,0.2634920634920635,0,0.04912956791458446
CCCCN1CCCC[C@H]1C(=O)Nc1c(C)cccc1C,0,O=C(Nc1ccccc1)C1CCCCN1,CCCCC1C(=O)N(c2ccccc2)N(c2ccccc2)C1=O,1,O=C1CC(=O)N(c2ccccc2)N1c1ccccc1,0.24887218045112783,0,0.23733327910628083
CCCCN1CCCC[C@H]1C(=O)Nc1c(C)cccc1C,0,O=C(Nc1ccccc1)C1CCCCN1,CCCCNC(=O)NS(=O)(=O)c1ccc(C)cc1,1,c1ccccc1,0.2438095238095238,0,0.12691615981577833
CCCN1CCCC[C@H]1C(=O)Nc1c(C)cccc1C,0,O=C(Nc1ccccc1)C1CCCCN1,CCN(CC)CC(=O)Nc1c(C)cccc1C,1,c1ccccc1,0.4314162028447743,0,0.04610996122309596
CCCN1CCCC[C@H]1C(=O)Nc1c(C)cccc1C,0,O=C(Nc1ccccc1)C1CCCCN1,Cc1c(O)cccc1C(=O)N[C@@H](CSc1ccccc1)[C@H](O)CN1C[C@H]2CCCC[C@H]2C[C@H]1C(=O)NC(C)(C)C,1,O=C(NC(CCN1CCC2CCCCC2C1)CSc1ccccc1)c1ccccc1,0.2681432262827612,0,0.04933673238102326
CCCN1CCCC[C@H]1C(=O)Nc1c(C)cccc1C,0,O=C(Nc1ccccc1)C1CCCCN1,COc1cc(C(=O)NS(=O)(=O)c2ccccc2C)ccc1Cc1cn(C)c2ccc(NC(=O)OC3CCCC3)cc12,1,O=C(Nc1ccc2[nH]cc(Cc3ccc(C(=O)NS(=O)(=O)c4ccccc4)cc3)c2c1)OC1CCCC1,0.2282006646621301,0,0.06205456781069909
CCCN1CCCC[C@H]1C(=O)Nc1c(C)cccc1C,0,O=C(Nc1ccccc1)C1CCCCN1,CC(C)C1CCC(C(=O)N[C@H](Cc2ccccc2)C(=O)O)CC1,1,O=C(NCCc1ccccc1)C1CCCCC1,0.2277777777777778,0,0.08095459496224691
Cn1cc([S@H](C)=O)c(=O)c2ccc(F)cc21,0,O=c1cc[nH]c2ccccc12,Cc1cc(=O)n(-c2ccccc2)n1C,1,O=c1cc[nH]n1-c1ccccc1,0.1977777777777778,0,0.1964048510746078
Cn1cc([S@H](C)=O)c(=O)c2ccc(F)cc21,0,O=c1cc[nH]c2ccccc12,Cn1c(=O)c2c(ncn2C)n(C)c1=O,1,O=c1[nH]c(=O)c2[nH]cnc2[nH]1,0.18249433106575966,0,0.116241860280256
Cn1cc([S@H](C)=O)c(=O)c2ccc(F)cc21,0,O=c1cc[nH]c2ccccc12,COc1cc(C(=O)NS(=O)(=O)c2ccccc2C)ccc1Cc1cn(C)c2ccc(NC(=O)OC3CCCC3)cc12,1,O=C(Nc1ccc2[nH]cc(Cc3ccc(C(=O)NS(=O)(=O)c4ccccc4)cc3)c2c1)OC1CCCC1,0.1737203495630462,0,0.057826861671984225
Cn1cc([S@H](C)=O)c(=O)c2ccc(F)cc21,0,O=c1cc[nH]c2ccccc12,Cc1c(N(C)C)c(=O)n(-c2ccccc2)n1C,1,O=c1cc[nH]n1-c1ccccc1,0.16442048517520216,0,0.21030712220624054
CN1C[C@H](C(=O)N[C@]2(C)O[C@@]3(O)[C@@H]4CCCN4C(=O)[C@H](Cc4ccccc4)N3C2=O)C=C2c3cccc4[nH]cc(c34)C[C@H]21,0,O=C(NC1OC2C3CCCN3C(=O)C(Cc3ccccc3)N2C1=O)C1C=C2c3cccc4[nH]cc(c34)CC2NC1,CN1CCC[C@@H]1Cc1c[nH]c2ccc(CCS(=O)(=O)c3ccccc3)cc12,1,O=S(=O)(CCc1ccc2[nH]cc(CC3CCCN3)c2c1)c1ccccc1,0.2651651651651652,0,0.01996160443596793
CN1C[C@H](C(=O)N[C@]2(C)O[C@@]3(O)[C@@H]4CCCN4C(=O)[C@H](Cc4ccccc4)N3C2=O)C=C2c3cccc4[nH]cc(c34)C[C@H]21,0,O=C(NC1OC2C3CCCN3C(=O)C(Cc3ccccc3)N2C1=O)C1C=C2c3cccc4[nH]cc(c34)CC2NC1,CN1[C@@H]2CC[C@H]1CC(OC(=O)c1c[nH]c3ccccc13)C2,1,O=C(OC1CC2CCC(C1)N2)c1c[nH]c2ccccc12,0.21412012644889358,0,0.02681790820790268
CN1C[C@H](C(=O)N[C@]2(C)O[C@@]3(O)[C@@H]4CCCN4C(=O)[C@H](Cc4ccccc4)N3C2=O)C=C2c3cccc4[nH]cc(c34)C[C@H]21,0,O=C(NC1OC2C3CCCN3C(=O)C(Cc3ccccc3)N2C1=O)C1C=C2c3cccc4[nH]cc(c34)CC2NC1,O=C(OC1C[C@@H]2CC3C[C@H](C1)N2CC3=O)c1c[nH]c2ccccc12,1,O=C(OC1CC2CC3CC(C1)N2CC3=O)c1c[nH]c2ccccc12,0.20260743602124578,0,0.004790542996771638
CN1C[C@H](C(=O)N[C@]2(C)O[C@@]3(O)[C@@H]4CCCN4C(=O)[C@H](Cc4ccccc4)N3C2=O)C=C2c3cccc4[nH]cc(c34)C[C@H]21,0,O=C(NC1OC2C3CCCN3C(=O)C(Cc3ccccc3)N2C1=O)C1C=C2c3cccc4[nH]cc(c34)CC2NC1,CC(C)C1CCC(C(=O)N[C@H](Cc2ccccc2)C(=O)O)CC1,1,O=C(NCCc1ccccc1)C1CCCCC1,0.18777660695468915,0,0.019977881831239434
Clc1cccc([C@H](c2ccc3nc[nH]c3c2)n2ccnc2)c1,0,c1ccc(C(c2ccc3nc[nH]c3c2)n2ccnc2)cc1,Cc1ncc2n1-c1ccc(Cl)cc1C(c1ccccc1F)=NC2,1,c1ccc(C2=NCc3cncn3-c3ccccc32)cc1,0.18947368421052632,0,0.07870498126765711
Clc1cccc([C@H](c2ccc3nc[nH]c3c2)n2ccnc2)c1,0,c1ccc(C(c2ccc3nc[nH]c3c2)n2ccnc2)cc1,CCc1nn(CCCN2CCN(c3cccc(Cl)c3)CC2)c(=O)n1CC,1,O=c1[nH]cnn1CCCN1CCN(c2ccccc2)CC1,0.16352962759126766,0,0.11278371245031601
Clc1cccc([C@H](c2ccc3nc[nH]c3c2)n2ccnc2)c1,0,c1ccc(C(c2ccc3nc[nH]c3c2)n2ccnc2)cc1,CN(C)CCCN1c2ccccc2CCc2ccc(Cl)cc21,1,c1ccc2c(c1)CCc1ccccc1N2,0.16254015319990117,0,0.2783999147630368
Clc1cccc([C@H](c2ccc3nc[nH]c3c2)n2ccnc2)c1,0,c1ccc(C(c2ccc3nc[nH]c3c2)n2ccnc2)cc1,Cn1c(=O)c2[nH]cnc2n(C)c1=O,1,O=c1[nH]c(=O)c2[nH]cnc2[nH]1,0.16203278688524592,0,0.09275064436211307
O=C(N[C@H](Cc1cc(=O)[nH]c2ccccc12)C(=O)O)c1ccc(Cl)cc1,0,O=C(NCCc1cc(=O)[nH]c2ccccc12)c1ccccc1,CC(C)C1CCC(C(=O)N[C@H](Cc2ccccc2)C(=O)O)CC1,1,O=C(NCCc1ccccc1)C1CCCCC1,0.28987993138936535,0,0.14090535129208395
O=C(N[C@H](Cc1cc(=O)[nH]c2ccccc12)C(=O)O)c1ccc(Cl)cc1,0,O=C(NCCc1cc(=O)[nH]c2ccccc12)c1ccccc1,C[C@H](C(=O)O)c1cccc(C(=O)c2cccs2)c1,1,O=C(c1ccccc1)c1cccs1,0.21049751243781095,0,0.08895121998969266
O=C(N[C@H](Cc1cc(=O)[nH]c2ccccc12)C(=O)O)c1ccc(Cl)cc1,0,O=C(NCCc1cc(=O)[nH]c2ccccc12)c1ccccc1,CC(C)C[C@@H](NC(=O)[C@@H](Cc1ccccc1)NC(=O)c1cnccn1)B(O)O,1,O=C(NCCc1ccccc1)c1cnccn1,0.2098330581544671,0,0.2592634997612011
O=C(N[C@H](Cc1cc(=O)[nH]c2ccccc12)C(=O)O)c1ccc(Cl)cc1,0,O=C(NCCc1cc(=O)[nH]c2ccccc12)c1ccccc1,CN1[C@@H]2CC[C@H]1CC(OC(=O)c1c[nH]c3ccccc13)C2,1,O=C(OC1CC2CCC(C1)N2)c1c[nH]c2ccccc12,0.20473588342440802,0,0.0782984077413906
OCCN1CCN(CCCN2c3ccccc3C=Cc3ccccc32)CC1,0,C1=Cc2ccccc2N(CCCN2CCNCC2)c2ccccc21,CN(C)CCCN1c2ccccc2CCc2ccccc21,1,c1ccc2c(c1)CCc1ccccc1N2,0.37515527950310557,0,0.19642309904934446
OCCN1CCN(CCCN2c3ccccc3C=Cc3ccccc32)CC1,0,C1=Cc2ccccc2N(CCCN2CCNCC2)c2ccccc21,CN(C)CCCN1c2ccccc2Sc2ccccc21,1,c1ccc2c(c1)Nc1ccccc1S2,0.3411550151975684,0,0.19147755789110713
OCCN1CCN(CCCN2c3ccccc3C=Cc3ccccc32)CC1,0,C1=Cc2ccccc2N(CCCN2CCNCC2)c2ccccc21,CN(C)CCCN1c2ccccc2CCc2ccc(Cl)cc21,1,c1ccc2c(c1)CCc1ccccc1N2,0.31574279379157427,0,0.17822304177371973
OCCN1CCN(CCCN2c3ccccc3C=Cc3ccccc32)CC1,0,C1=Cc2ccccc2N(CCCN2CCNCC2)c2ccccc21,CCc1nn(CCCN2CCN(c3cccc(Cl)c3)CC2)c(=O)n1CC,1,O=c1[nH]cnn1CCCN1CCN(c2ccccc2)CC1,0.2320730117340287,0,0.07145255415276142
Cc1cccc(C)c1OCC(=O)N[C@@H](Cc1ccccc1)[C@@H](O)C[C@H](Cc1ccccc1)NC(=O)[C@H](C(C)C)N1CCCNC1=O,0,O=C(COc1ccccc1)NC(CCC(Cc1ccccc1)NC(=O)CN1CCCNC1=O)Cc1ccccc1,CC(C)c1nc(CN(C)C(=O)N[C@H](C(=O)N[C@@H](Cc2ccccc2)C[C@H](O)[C@H](Cc2ccccc2)NC(=O)OCc2cncs2)C(C)C)cs1,1,O=C(CNC(=O)NCc1cscn1)NC(CCC(Cc1ccccc1)NC(=O)OCc1cncs1)Cc1ccccc1,0.3266841415465269,0,0.43182078716319505
Cc1cccc(C)c1OCC(=O)N[C@@H](Cc1ccccc1)[C@@H](O)C[C@H](Cc1ccccc1)NC(=O)[C@H](C(C)C)N1CCCNC1=O,0,O=C(COc1ccccc1)NC(CCC(Cc1ccccc1)NC(=O)CN1CCCNC1=O)Cc1ccccc1,CC(C)C[C@@H](NC(=O)[C@@H](Cc1ccccc1)NC(=O)c1cnccn1)B(O)O,1,O=C(NCCc1ccccc1)c1cnccn1,0.30774193548387097,0,0.4080743939429034
Cc1cccc(C)c1OCC(=O)N[C@@H](Cc1ccccc1)[C@@H](O)C[C@H](Cc1ccccc1)NC(=O)[C@H](C(C)C)N1CCCNC1=O,0,O=C(COc1ccccc1)NC(CCC(Cc1ccccc1)NC(=O)CN1CCCNC1=O)Cc1ccccc1,CC(C)C1CCC(C(=O)N[C@H](Cc2ccccc2)C(=O)O)CC1,1,O=C(NCCc1ccccc1)C1CCCCC1,0.27037037037037037,0,0.32597453350221656
Cc1cccc(C)c1OCC(=O)N[C@@H](Cc1ccccc1)[C@@H](O)C[C@H](Cc1ccccc1)NC(=O)[C@H](C(C)C)N1CCCNC1=O,0,O=C(COc1ccccc1)NC(CCC(Cc1ccccc1)NC(=O)CN1CCCNC1=O)Cc1ccccc1,CCOc1cc(CC(=O)N[C@@H](CC(C)C)c2ccccc2N2CCCCC2)ccc1C(=O)O,1,O=C(Cc1ccccc1)NCc1ccccc1N1CCCCC1,0.2508235294117647,0,0.220982059224106
COC1=CC(=O)C[C@@H](C)[C@]12Oc1c(Cl)c(OC)cc(OC)c1C2=O,0,O=C1C=CC2(CC1)Oc1ccccc1C2=O,COc1ccc(CCN(C)CCC[C@@](C#N)(c2ccc(OC)c(OC)c2)C(C)C)cc1OC,1,c1ccc(CCCCNCCc2ccccc2)cc1,0.15482758620689657,0,0.05982545614179872
COC1=CC(=O)C[C@@H](C)[C@]12Oc1c(Cl)c(OC)cc(OC)c1C2=O,0,O=C1C=CC2(CC1)Oc1ccccc1C2=O,COc1cc(Cc2cnc(N)nc2N)cc(OC)c1OC,1,c1ccc(Cc2cncnc2)cc1,0.15468409586056647,0,0.06185924545227691
COC1=CC(=O)C[C@@H](C)[C@]12Oc1c(Cl)c(OC)cc(OC)c1C2=O,0,O=C1C=CC2(CC1)Oc1ccccc1C2=O,Cc1c(C)c2c(c(C)c1O)CC[C@](C)(COc1ccc(C[C@@H]3SC(=O)NC3=O)cc1)O2,1,O=C1NC(=O)C(Cc2ccc(OCC3CCc4ccccc4O3)cc2)S1,0.1484848484848485,0,0.07622219618667961
COC1=CC(=O)C[C@@H](C)[C@]12Oc1c(Cl)c(OC)cc(OC)c1C2=O,0,O=C1C=CC2(CC1)Oc1ccccc1C2=O,COc1ccc([C@@H]2Sc3ccccc3N(CCN(C)C)C(=O)[C@@H]2OC(C)=O)cc1,1,O=C1CC(c2ccccc2)Sc2ccccc2N1,0.1471264367816092,0,0.07220114254169512
CCOc1nc2cccc(C(=O)O)c2n1Cc1ccc(-c2ccccc2-c2nnn[nH]2)cc1,1,c1ccc(-c2nnn[nH]2)c(-c2ccc(Cn3cnc4ccccc43)cc2)c1,CCCCc1nc(Cl)c(CO)n1Cc1ccc(-c2ccccc2-c2nnn[nH]2)cc1,1,c1ccc(-c2nnn[nH]2)c(-c2ccc(Cn3ccnc3)cc2)c1,0.46685714285714286,1,0.5035160157212552
CCOc1nc2cccc(C(=O)O)c2n1Cc1ccc(-c2ccccc2-c2nnn[nH]2)cc1,1,c1ccc(-c2nnn[nH]2)c(-c2ccc(Cn3cnc4ccccc43)cc2)c1,CCOc1cc(CC(=O)N[C@@H](CC(C)C)c2ccccc2N2CCCCC2)ccc1C(=O)O,1,O=C(Cc1ccccc1)NCc1ccccc1N1CCCCC1,0.23859796117860638,1,0.7643093765560559
CCOc1nc2cccc(C(=O)O)c2n1Cc1ccc(-c2ccccc2-c2nnn[nH]2)cc1,1,c1ccc(-c2nnn[nH]2)c(-c2ccc(Cn3cnc4ccccc43)cc2)c1,CC(=O)Oc1ccccc1C(=O)O,1,c1ccccc1,0.2308286155429748,1,0.7717202202493437
CCOc1nc2cccc(C(=O)O)c2n1Cc1ccc(-c2ccccc2-c2nnn[nH]2)cc1,1,c1ccc(-c2nnn[nH]2)c(-c2ccc(Cn3cnc4ccccc43)cc2)c1,CCCc1nn(C)c2c(=O)nc(-c3cc(S(=O)(=O)N4CCN(C)CC4)ccc3OCC)[nH]c12,1,O=c1nc(-c2cccc(S(=O)(=O)N3CCNCC3)c2)[nH]c2cn[nH]c12,0.18348334833483348,1,0.6243788306457663
c1ccc(C2(N3CCCCC3)CCCCC2)cc1,0,c1ccc(C2(N3CCCCC3)CCCCC2)cc1,O=C1NC(=O)C(c2ccccc2)(c2ccccc2)N1,1,O=C1NC(=O)C(c2ccccc2)(c2ccccc2)N1,0.23330427201394943,0,0.06966830982924976
c1ccc(C2(N3CCCCC3)CCCCC2)cc1,0,c1ccc(C2(N3CCCCC3)CCCCC2)cc1,CCC1(c2ccccc2)C(=O)NC(=O)NC1=O,1,O=C1NC(=O)C(c2ccccc2)C(=O)N1,0.22375000000000003,0,0.08961439703014155
c1ccc(C2(N3CCCCC3)CCCCC2)cc1,0,c1ccc(C2(N3CCCCC3)CCCCC2)cc1,CN(C)CCCN1c2ccccc2CCc2ccccc21,1,c1ccc2c(c1)CCc1ccccc1N2,0.19048913043478263,0,0.14660427144672883
c1ccc(C2(N3CCCCC3)CCCCC2)cc1,0,c1ccc(C2(N3CCCCC3)CCCCC2)cc1,CN1CCC[C@@H]1Cc1c[nH]c2ccc(CCS(=O)(=O)c3ccccc3)cc12,1,O=S(=O)(CCc1ccc2[nH]cc(CC3CCCN3)c2c1)c1ccccc1,0.18666666666666668,0,0.05687361398025746
O=c1[nH]c(=O)n([C@@H]2CCCO2)cc1F,1,O=c1ccn(C2CCCO2)c(=O)[nH]1,Cc1ccnc2c1NC(=O)c1cccnc1N2C1CC1,1,O=C1Nc2cccnc2N(C2CC2)c2ncccc21,0.13472222222222222,1,0.6313419352083869
O=c1[nH]c(=O)n([C@@H]2CCCO2)cc1F,1,O=c1ccn(C2CCCO2)c(=O)[nH]1,Cn1c(=O)c2[nH]cnc2n(C)c1=O,1,O=c1[nH]c(=O)c2[nH]cnc2[nH]1,0.13147512864494,1,0.521297001648845
O=c1[nH]c(=O)n([C@@H]2CCCO2)cc1F,1,O=c1ccn(C2CCCO2)c(=O)[nH]1,O=C(OC1C[C@@H]2CC3C[C@H](C1)N2CC3=O)c1c[nH]c2ccccc12,1,O=C(OC1CC2CC3CC(C1)N2CC3=O)c1c[nH]c2ccccc12,0.12883317261330762,1,0.6049009201455965
O=c1[nH]c(=O)n([C@@H]2CCCO2)cc1F,1,O=c1ccn(C2CCCO2)c(=O)[nH]1,CN1[C@@H]2CC[C@H]1CC(OC(=O)c1c[nH]c3ccccc13)C2,1,O=C(OC1CC2CCC(C1)N2)c1c[nH]c2ccccc12,0.12346153846153848,1,0.5598859792796398
CCOC(=O)C1=C(C)NC(C)=C(C(=O)OCC)C1c1ccccc1/C=C\C(=O)OC(C)(C)C,0,C1=CC(c2ccccc2)C=CN1,CCC1(c2ccccc2)C(=O)NC(=O)NC1=O,1,O=C1NC(=O)C(c2ccccc2)C(=O)N1,0.21844077961019492,0,0.021399897335273435
CCOC(=O)C1=C(C)NC(C)=C(C(=O)OCC)C1c1ccccc1/C=C\C(=O)OC(C)(C)C,0,C1=CC(c2ccccc2)C=CN1,CCN(CC)CC(=O)Nc1c(C)cccc1C,1,c1ccccc1,0.18005319148936172,0,0.039579964204005655
CCOC(=O)C1=C(C)NC(C)=C(C(=O)OCC)C1c1ccccc1/C=C\C(=O)OC(C)(C)C,0,C1=CC(c2ccccc2)C=CN1,CC1=C(C)C(=O)C([C@@H](CCCCCC(=O)O)c2ccccc2)=C(C)C1=O,1,O=C1C=CC(=O)C(Cc2ccccc2)=C1,0.17945054945054945,0,0.06327617393922556
CCOC(=O)C1=C(C)NC(C)=C(C(=O)OCC)C1c1ccccc1/C=C\C(=O)OC(C)(C)C,0,C1=CC(c2ccccc2)C=CN1,CCOc1cc(CC(=O)N[C@@H](CC(C)C)c2ccccc2N2CCCCC2)ccc1C(=O)O,1,O=C(Cc1ccccc1)NCc1ccccc1N1CCCCC1,0.17611194402798602,0,0.05686086126793679
COC(=O)C1=C(C)NC(C)=C(C(=O)OCC(C)=O)[C@@H]1c1ccccc1[N+](=O)[O-],0,C1=CC(c2ccccc2)C=CN1,CC(=O)C[C@@H](c1ccc([N+](=O)[O-])cc1)c1c(O)c2ccccc2oc1=O,1,O=c1oc2ccccc2cc1Cc1ccccc1,0.23707103825136613,0,0.027507969139571486
COC(=O)C1=C(C)NC(C)=C(C(=O)OCC(C)=O)[C@@H]1c1ccccc1[N+](=O)[O-],0,C1=CC(c2ccccc2)C=CN1,COc1ccc([C@@H]2Sc3ccccc3N(CCN(C)C)C(=O)[C@@H]2OC(C)=O)cc1,1,O=C1CC(c2ccccc2)Sc2ccccc2N1,0.18875878220140518,0,0.053992983636795736
COC(=O)C1=C(C)NC(C)=C(C(=O)OCC(C)=O)[C@@H]1c1ccccc1[N+](=O)[O-],0,C1=CC(c2ccccc2)C=CN1,CN1[C@@H]2CC[C@H]1CC(OC(=O)c1c[nH]c3ccccc13)C2,1,O=C(OC1CC2CCC(C1)N2)c1c[nH]c2ccccc12,0.1845878136200717,0,0.05276845715765893
COC(=O)C1=C(C)NC(C)=C(C(=O)OCC(C)=O)[C@@H]1c1ccccc1[N+](=O)[O-],0,C1=CC(c2ccccc2)C=CN1,CCC1(c2ccccc2)C(=O)NC(=O)NC1=O,1,O=C1NC(=O)C(c2ccccc2)C(=O)N1,0.18340136054421768,0,0.021386649727375157
CCOC(=O)C1=C(C)NC(C)=C(C(=O)OC)[C@@H]1c1cccc(Cl)c1Cl,0,C1=CC(c2ccccc2)C=CN1,CCN(CC)CC(=O)Nc1c(C)cccc1C,1,c1ccccc1,0.22075401269130274,0,0.0518135623229582
CCOC(=O)C1=C(C)NC(C)=C(C(=O)OC)[C@@H]1c1cccc(Cl)c1Cl,0,C1=CC(c2ccccc2)C=CN1,CN[C@H]1CC[C@@H](c2ccc(Cl)c(Cl)c2)c2ccccc21,1,c1ccc(C2CCCc3ccccc32)cc1,0.20890269151138718,0,0.03871214021856916
CCOC(=O)C1=C(C)NC(C)=C(C(=O)OC)[C@@H]1c1cccc(Cl)c1Cl,0,C1=CC(c2ccccc2)C=CN1,CCOc1ccc(NC(C)=O)cc1,1,c1ccccc1,0.2049802371541502,0,0.017655456851615785
CCOC(=O)C1=C(C)NC(C)=C(C(=O)OC)[C@@H]1c1cccc(Cl)c1Cl,0,C1=CC(c2ccccc2)C=CN1,CCC1(c2ccccc2)C(=O)NC(=O)NC1=O,1,O=C1NC(=O)C(c2ccccc2)C(=O)N1,0.20000000000000004,0,0.04106688533400694
COC(=O)C1=C(C)NC(C)=C(C(=O)OC)C1c1ccccc1[N+](=O)[O-],0,C1=CC(c2ccccc2)C=CN1,CC(=O)C[C@@H](c1ccc([N+](=O)[O-])cc1)c1c(O)c2ccccc2oc1=O,1,O=c1oc2ccccc2cc1Cc1ccccc1,0.21845919145690315,0,0.03460184380749018
COC(=O)C1=C(C)NC(C)=C(C(=O)OC)C1c1ccccc1[N+](=O)[O-],0,C1=CC(c2ccccc2)C=CN1,CN1[C@@H]2CC[C@H]1CC(OC(=O)c1c[nH]c3ccccc13)C2,1,O=C(OC1CC2CCC(C1)N2)c1c[nH]c2ccccc12,0.20935672514619885,0,0.06661782327835472
COC(=O)C1=C(C)NC(C)=C(C(=O)OC)C1c1ccccc1[N+](=O)[O-],0,C1=CC(c2ccccc2)C=CN1,CCC1(c2ccccc2)C(=O)NC(=O)NC1=O,1,O=C1NC(=O)C(c2ccccc2)C(=O)N1,0.19475524475524478,0,0.025444159331771212
COC(=O)C1=C(C)NC(C)=C(C(=O)OC)C1c1ccccc1[N+](=O)[O-],0,C1=CC(c2ccccc2)C=CN1,CC(=O)Oc1ccccc1C(=O)O,1,c1ccccc1,0.19164535379369138,0,0.03455849278364746
CCCOCCOC(=O)C1=C(C)NC(C)=C(C(=O)OCCOCCC)C1c1cccc([N+](=O)[O-])c1,0,C1=CC(c2ccccc2)C=CN1,CC(=O)C[C@@H](c1ccc([N+](=O)[O-])cc1)c1c(O)c2ccccc2oc1=O,1,O=c1oc2ccccc2cc1Cc1ccccc1,0.22311895754518707,0,0.002282325489709184
CCCOCCOC(=O)C1=C(C)NC(C)=C(C(=O)OCCOCCC)C1c1cccc([N+](=O)[O-])c1,0,C1=CC(c2ccccc2)C=CN1,CCC1(c2ccccc2)C(=O)NC(=O)NC1=O,1,O=C1NC(=O)C(c2ccccc2)C(=O)N1,0.18275181040158,0,0.0034940733099370373
CCCOCCOC(=O)C1=C(C)NC(C)=C(C(=O)OCCOCCC)C1c1cccc([N+](=O)[O-])c1,0,C1=CC(c2ccccc2)C=CN1,CCN(CC)CC(=O)Nc1c(C)cccc1C,1,c1ccccc1,0.18230769230769234,0,0.003512197176432063
CCCOCCOC(=O)C1=C(C)NC(C)=C(C(=O)OCCOCCC)C1c1cccc([N+](=O)[O-])c1,0,C1=CC(c2ccccc2)C=CN1,CCCSc1ccc2nc(NC(=O)OC)[nH]c2c1,1,c1ccc2[nH]cnc2c1,0.17861842105263157,0,0.0028259415527478603
COC(=O)C1=C(C#N)NC(C)=C(C(=O)OC(C)C)[C@H]1c1cccc([N+](=O)[O-])c1,0,C1=CC(c2ccccc2)C=CN1,CC(=O)C[C@@H](c1ccc([N+](=O)[O-])cc1)c1c(O)c2ccccc2oc1=O,1,O=c1oc2ccccc2cc1Cc1ccccc1,0.20734186746987954,0,0.024607136985501436
COC(=O)C1=C(C#N)NC(C)=C(C(=O)OC(C)C)[C@H]1c1cccc([N+](=O)[O-])c1,0,C1=CC(c2ccccc2)C=CN1,CN1[C@@H]2CC[C@H]1CC(OC(=O)c1c[nH]c3ccccc13)C2,1,O=C(OC1CC2CCC(C1)N2)c1c[nH]c2ccccc12,0.17302215189873418,0,0.04728365739138942
COC(=O)C1=C(C#N)NC(C)=C(C(=O)OC(C)C)[C@H]1c1cccc([N+](=O)[O-])c1,0,C1=CC(c2ccccc2)C=CN1,COc1ccc([C@@H]2Sc3ccccc3N(CCN(C)C)C(=O)[C@@H]2OC(C)=O)cc1,1,O=C1CC(c2ccccc2)Sc2ccccc2N1,0.16935817805383024,0,0.04559907360186884
COC(=O)C1=C(C#N)NC(C)=C(C(=O)OC(C)C)[C@H]1c1cccc([N+](=O)[O-])c1,0,C1=CC(c2ccccc2)C=CN1,COc1ccc2cc([C@H](C)C(=O)O)ccc2c1,1,c1ccc2ccccc2c1,0.16817733990147785,0,0.01899295221274117
COCCOC(=O)C1=C(C)NC(C)=C(C(=O)OC(C)C)[C@@H]1c1cccc([N+](=O)[O-])c1,0,C1=CC(c2ccccc2)C=CN1,CC(=O)C[C@@H](c1ccc([N+](=O)[O-])cc1)c1c(O)c2ccccc2oc1=O,1,O=c1oc2ccccc2cc1Cc1ccccc1,0.22612015270243122,0,0.0029392376079991757
COCCOC(=O)C1=C(C)NC(C)=C(C(=O)OC(C)C)[C@@H]1c1cccc([N+](=O)[O-])c1,0,C1=CC(c2ccccc2)C=CN1,CN1[C@@H]2CC[C@H]1CC(OC(=O)c1c[nH]c3ccccc13)C2,1,O=C(OC1CC2CCC(C1)N2)c1c[nH]c2ccccc12,0.1791144527986633,0,0.005303096359770353
COCCOC(=O)C1=C(C)NC(C)=C(C(=O)OC(C)C)[C@@H]1c1cccc([N+](=O)[O-])c1,0,C1=CC(c2ccccc2)C=CN1,COc1ccc2cc([C@H](C)C(=O)O)ccc2c1,1,c1ccc2ccccc2c1,0.17486252945797331,0,0.00233734711706681
COCCOC(=O)C1=C(C)NC(C)=C(C(=O)OC(C)C)[C@@H]1c1cccc([N+](=O)[O-])c1,0,C1=CC(c2ccccc2)C=CN1,CC(C)C1CCC(C(=O)N[C@H](Cc2ccccc2)C(=O)O)CC1,1,O=C(NCCc1ccccc1)C1CCCCC1,0.1686666666666667,0,0.003429188946901413
CCOC(=O)C1=C(COCCN)NC(C)=C(C(=O)OC)[C@@H]1c1ccccc1Cl,0,C1=CC(c2ccccc2)C=CN1,CN[C@H]1CC[C@@H](c2ccc(Cl)c(Cl)c2)c2ccccc21,1,c1ccc(C2CCCc3ccccc32)cc1,0.189727463312369,0,0.00041069341064451335
CCOC(=O)C1=C(COCCN)NC(C)=C(C(=O)OC)[C@@H]1c1ccccc1Cl,0,C1=CC(c2ccccc2)C=CN1,CCC1(c2ccccc2)C(=O)NC(=O)NC1=O,1,O=C1NC(=O)C(c2ccccc2)C(=O)N1,0.18529411764705886,0,0.0007324424751052689
CCOC(=O)C1=C(COCCN)NC(C)=C(C(=O)OC)[C@@H]1c1ccccc1Cl,0,C1=CC(c2ccccc2)C=CN1,CCN(CC)CC(=O)Nc1c(C)cccc1C,1,c1ccccc1,0.1751387347391787,0,0.0005095402006404885
CCOC(=O)C1=C(COCCN)NC(C)=C(C(=O)OC)[C@@H]1c1ccccc1Cl,0,C1=CC(c2ccccc2)C=CN1,CN(CCOc1ccc(C[C@@H]2SC(=O)NC2=O)cc1)c1ccccn1,1,O=C1NC(=O)C(Cc2ccc(OCCNc3ccccn3)cc2)S1,0.17474120082815736,0,0.0013174829486643832
COC(=O)C1=C(C)NC(C)=C(C(=O)OCC(C)C)[C@H]1c1ccccc1[N+](=O)[O-],0,C1=CC(c2ccccc2)C=CN1,CC(=O)C[C@@H](c1ccc([N+](=O)[O-])cc1)c1c(O)c2ccccc2oc1=O,1,O=c1oc2ccccc2cc1Cc1ccccc1,0.2178466694595727,0,0.034330201296648884
COC(=O)C1=C(C)NC(C)=C(C(=O)OCC(C)C)[C@H]1c1ccccc1[N+](=O)[O-],0,C1=CC(c2ccccc2)C=CN1,CN1[C@@H]2CC[C@H]1CC(OC(=O)c1c[nH]c3ccccc13)C2,1,O=C(OC1CC2CCC(C1)N2)c1c[nH]c2ccccc12,0.19569892473118283,0,0.0628174246550367
COC(=O)C1=C(C)NC(C)=C(C(=O)OCC(C)C)[C@H]1c1ccccc1[N+](=O)[O-],0,C1=CC(c2ccccc2)C=CN1,CC(C)C1CCC(C(=O)N[C@H](Cc2ccccc2)C(=O)O)CC1,1,O=C(NCCc1ccccc1)C1CCCCC1,0.19283419817148506,0,0.03813120148036071
COC(=O)C1=C(C)NC(C)=C(C(=O)OCC(C)C)[C@H]1c1ccccc1[N+](=O)[O-],0,C1=CC(c2ccccc2)C=CN1,CCC1(c2ccccc2)C(=O)NC(=O)NC1=O,1,O=C1NC(=O)C(c2ccccc2)C(=O)N1,0.18099698895951824,0,0.024708443108996708
CCOC(=O)C1=C(C)NC(C)=C(C(=O)OC)[C@@H]1c1cccc([N+](=O)[O-])c1,0,C1=CC(c2ccccc2)C=CN1,CC(=O)C[C@@H](c1ccc([N+](=O)[O-])cc1)c1c(O)c2ccccc2oc1=O,1,O=c1oc2ccccc2cc1Cc1ccccc1,0.22733333333333336,0,0.03428194346101892
CCOC(=O)C1=C(C)NC(C)=C(C(=O)OC)[C@@H]1c1cccc([N+](=O)[O-])c1,0,C1=CC(c2ccccc2)C=CN1,CCN(CC)CC(=O)Nc1c(C)cccc1C,1,c1ccccc1,0.20649180327868852,0,0.04435876958278343
CCOC(=O)C1=C(C)NC(C)=C(C(=O)OC)[C@@H]1c1cccc([N+](=O)[O-])c1,0,C1=CC(c2ccccc2)C=CN1,CCOc1ccc(NC(C)=O)cc1,1,c1ccccc1,0.19128329297820826,0,0.011569459521401433
CCOC(=O)C1=C(C)NC(C)=C(C(=O)OC)[C@@H]1c1cccc([N+](=O)[O-])c1,0,C1=CC(c2ccccc2)C=CN1,CCC1(c2ccccc2)C(=O)NC(=O)NC1=O,1,O=C1NC(=O)C(c2ccccc2)C(=O)N1,0.18665254237288137,0,0.026317314267234083
CCOc1cc(N)c(Cl)cc1C(=O)NC[C@@H]1CN(Cc2ccc(F)cc2)CCO1,0,O=C(NCC1CN(Cc2ccccc2)CCO1)c1ccccc1,CCOc1cc(CC(=O)N[C@@H](CC(C)C)c2ccccc2N2CCCCC2)ccc1C(=O)O,1,O=C(Cc1ccccc1)NCc1ccccc1N1CCCCC1,0.24581376070737773,0,0.06831319061732219
CCOc1cc(N)c(Cl)cc1C(=O)NC[C@@H]1CN(Cc2ccc(F)cc2)CCO1,0,O=C(NCC1CN(Cc2ccccc2)CCO1)c1ccccc1,CCOc1ccc(NC(C)=O)cc1,1,c1ccccc1,0.20952380952380956,0,0.03761698602338484
CCOc1cc(N)c(Cl)cc1C(=O)NC[C@@H]1CN(Cc2ccc(F)cc2)CCO1,0,O=C(NCC1CN(Cc2ccccc2)CCO1)c1ccccc1,CCOc1nc2cccc(C(=O)O)c2n1Cc1ccc(-c2ccccc2-c2nnn[nH]2)cc1,1,c1ccc(-c2nnn[nH]2)c(-c2ccc(Cn3cnc4ccccc43)cc2)c1,0.20644329896907218,0,0.08468990411494787
CCOc1cc(N)c(Cl)cc1C(=O)NC[C@@H]1CN(Cc2ccc(F)cc2)CCO1,0,O=C(NCC1CN(Cc2ccccc2)CCO1)c1ccccc1,CCCc1nn(C)c2c(=O)nc(-c3cc(S(=O)(=O)N4CCN(C)CC4)ccc3OCC)[nH]c12,1,O=c1nc(-c2cccc(S(=O)(=O)N3CCNCC3)c2)[nH]c2cn[nH]c12,0.17524314765694077,0,0.06605217244484438
CN(C)CC(Oc1ccccc1)Oc1ccccc1,0,c1ccc(OCOc2ccccc2)cc1,CC/C(=C(/c1ccccc1)c1ccc(OCCN(C)C)cc1)c1ccccc1,1,C(=C(c1ccccc1)c1ccccc1)c1ccccc1,0.31595959595959594,0,0.20265206830079854
CN(C)CC(Oc1ccccc1)Oc1ccccc1,0,c1ccc(OCOc2ccccc2)cc1,C#CCN(C)[C@@H](C)Cc1ccccc1,1,c1ccccc1,0.29776674937965264,0,0.25841097012021497
CN(C)CC(Oc1ccccc1)Oc1ccccc1,0,c1ccc(OCOc2ccccc2)cc1,CN(C)CCOc1ccc(/C(=C(\CCCl)c2ccccc2)c2ccccc2)cc1,1,C(=C(c1ccccc1)c1ccccc1)c1ccccc1,0.29444444444444445,0,0.2058536371744637
CN(C)CC(Oc1ccccc1)Oc1ccccc1,0,c1ccc(OCOc2ccccc2)cc1,CNCC[C@@H](Oc1ccc(C(F)(F)F)cc1)c1ccccc1,1,c1ccc(COc2ccccc2)cc1,0.27473560517038775,0,0.12226917002539875
Cc1c(-c2cnccn2)ssc1=S,0,S=c1cc(-c2cnccn2)ss1,CC(C)C[C@@H](NC(=O)[C@@H](Cc1ccccc1)NC(=O)c1cnccn1)B(O)O,1,O=C(NCCc1ccccc1)c1cnccn1,0.16530554773303294,0,0.03629696430677676
Cc1c(-c2cnccn2)ssc1=S,0,S=c1cc(-c2cnccn2)ss1,Cc1cccc(Nc2ccncc2S(=O)(=O)NC(=O)NC(C)C)c1,1,c1ccc(Nc2ccncc2)cc1,0.14990723562152133,0,0.050325393819680674
Cc1c(-c2cnccn2)ssc1=S,0,S=c1cc(-c2cnccn2)ss1,Cc1ncc([N+](=O)[O-])n1CCO,1,c1c[nH]cn1,0.14395026303204211,0,0.03700973282750674
Cc1c(-c2cnccn2)ssc1=S,0,S=c1cc(-c2cnccn2)ss1,Cc1cnc(NC(=O)C2=C(O)c3ccccc3S(=O)(=O)N2C)s1,1,O=C(Nc1nccs1)C1=Cc2ccccc2S(=O)(=O)N1,0.1427692307692308,0,0.11806364978518846
CCOC(=O)C1(c2ccccc2)CCN(C)CC1,0,c1ccc(C2CCNCC2)cc1,CCC1(c2ccccc2)C(=O)NC(=O)NC1=O,1,O=C1NC(=O)C(c2ccccc2)C(=O)N1,0.2946583850931677,0,0.16161403574408378
CCOC(=O)C1(c2ccccc2)CCN(C)CC1,0,c1ccc(C2CCNCC2)cc1,CN1CCN2c3ccccc3Cc3cccnc3[C@@H]2C1,1,c1ccc2c(c1)Cc1cccnc1C1CNCCN21,0.2539730134932534,0,0.148403323788086
CCOC(=O)C1(c2ccccc2)CCN(C)CC1,0,c1ccc(C2CCNCC2)cc1,CN(C)CCCN1c2ccccc2CCc2ccccc21,1,c1ccc2c(c1)CCc1ccccc1N2,0.25256410256410255,0,0.1503818146934778
CCOC(=O)C1(c2ccccc2)CCN(C)CC1,0,c1ccc(C2CCNCC2)cc1,CCOc1cc(CC(=O)N[C@@H](CC(C)C)c2ccccc2N2CCCCC2)ccc1C(=O)O,1,O=C(Cc1ccccc1)NCc1ccccc1N1CCCCC1,0.23793824007429765,0,0.10209241814089398
N#Cc1ccc([C@H]2CCCc3cncn32)cc1,0,c1ccc(C2CCCc3cncn32)cc1,O=C(C1CCCCC1)N1CC(=O)N2CCc3ccccc3[C@H]2C1,1,O=C(C1CCCCC1)N1CC(=O)N2CCc3ccccc3C2C1,0.16419437340153453,0,0.18154869105341034
N#Cc1ccc([C@H]2CCCc3cncn32)cc1,0,c1ccc(C2CCCc3cncn32)cc1,O=c1[nH]c(=O)n([C@@H]2CCCO2)cc1F,1,O=c1ccn(C2CCCO2)c(=O)[nH]1,0.1526530612244898,0,0.10583389366231429
N#Cc1ccc([C@H]2CCCc3cncn32)cc1,0,c1ccc(C2CCCc3cncn32)cc1,Cc1cnc(C(=O)NCCc2ccc(S(=O)(=O)NC(=O)NC3CCCCC3)cc2)cn1,1,O=C(NC1CCCCC1)NS(=O)(=O)c1ccc(CCNC(=O)c2cnccn2)cc1,0.15032242655839506,0,0.11037884970067326
N#Cc1ccc([C@H]2CCCc3cncn32)cc1,0,c1ccc(C2CCCc3cncn32)cc1,CN1CCN2c3ccccc3Cc3cccnc3[C@@H]2C1,1,c1ccc2c(c1)Cc1cccnc1C1CNCCN21,0.13543123543123545,0,0.19971065409101763
ClC1=C(Cl)[C@]2(Cl)[C@@H]3[C@@H]4C[C@@H]([C@H]5O[C@@H]45)[C@@H]3[C@@]1(Cl)C2(Cl)Cl,0,C1=CC2CC1C1C3CC(C4OC34)C21,C[C@]12CC[C@@H]3c4ccc(O)cc4CC[C@H]3[C@@H]1CCC2=O,1,O=C1CCC2C1CCC1c3ccccc3CCC12,0.10123180291153415,0,0.008068808640065627
ClC1=C(Cl)[C@]2(Cl)[C@@H]3[C@@H]4C[C@@H]([C@H]5O[C@@H]45)[C@@H]3[C@@]1(Cl)C2(Cl)Cl,0,C1=CC2CC1C1C3CC(C4OC34)C21,O=c1[nH]c(=O)n([C@@H]2CCCO2)cc1F,1,O=c1ccn(C2CCCO2)c(=O)[nH]1,0.1001788908765653,0,0.005766764715701909
ClC1=C(Cl)[C@]2(Cl)[C@@H]3[C@@H]4C[C@@H]([C@H]5O[C@@H]45)[C@@H]3[C@@]1(Cl)C2(Cl)Cl,0,C1=CC2CC1C1C3CC(C4OC34)C21,C[C@]12CC[C@@H]3c4ccc(O)cc4CC[C@H]3[C@@H]1CC[C@@H]2O,1,c1ccc2c(c1)CCC1C2CCC2CCCC21,0.09697648376259799,0,0.006473580204274709
ClC1=C(Cl)[C@]2(Cl)[C@@H]3[C@@H]4C[C@@H]([C@H]5O[C@@H]45)[C@@H]3[C@@]1(Cl)C2(Cl)Cl,0,C1=CC2CC1C1C3CC(C4OC34)C21,O=[P@]1(N(CCCl)CCCl)NCCCO1,1,O=[PH]1NCCCO1,0.0911764705882353,0,0.03232551402253969
O=C(C1CCCCC1)N1CC(=O)N2CCc3ccccc3[C@H]2C1,1,O=C(C1CCCCC1)N1CC(=O)N2CCc3ccccc3C2C1,C[C@]12CC[C@@H]3c4ccc(O)cc4CC[C@H]3[C@@H]1CCC2=O,1,O=C1CCC2C1CCC1c3ccccc3CCC12,0.22714285714285715,0,0.15829290905011656
O=C(C1CCCCC1)N1CC(=O)N2CCc3ccccc3[C@H]2C1,1,O=C(C1CCCCC1)N1CC(=O)N2CCc3ccccc3C2C1,Cc1ccc(S(=O)(=O)NC(=O)NN2C[C@H]3CCC[C@H]3C2)cc1,1,O=C(NN1CC2CCCC2C1)NS(=O)(=O)c1ccccc1,0.20638667129468938,1,0.545396780475959
O=C(C1CCCCC1)N1CC(=O)N2CCc3ccccc3[C@H]2C1,1,O=C(C1CCCCC1)N1CC(=O)N2CCc3ccccc3C2C1,CCCCC1C(=O)N(c2ccccc2)N(c2ccccc2)C1=O,1,O=C1CC(=O)N(c2ccccc2)N1c1ccccc1,0.20362903225806456,0,0.30152788653311013
O=C(C1CCCCC1)N1CC(=O)N2CCc3ccccc3[C@H]2C1,1,O=C(C1CCCCC1)N1CC(=O)N2CCc3ccccc3C2C1,CN1CCN2c3ccccc3Cc3cccnc3[C@@H]2C1,1,c1ccc2c(c1)Cc1cccnc1C1CNCCN21,0.20245829675153645,0,0.181776961075126
O=c1[nH]c2ccccc2n1CCCN1CCC(n2c(=O)[nH]c3cc(Cl)ccc32)CC1,0,O=c1[nH]c2ccccc2n1CCCN1CCC(n2c(=O)[nH]c3ccccc32)CC1,CCc1nn(CCCN2CCN(c3cccc(Cl)c3)CC2)c(=O)n1CC,1,O=c1[nH]cnn1CCCN1CCN(c2ccccc2)CC1,0.3049122807017544,0,0.02517493749640807
O=c1[nH]c2ccccc2n1CCCN1CCC(n2c(=O)[nH]c3cc(Cl)ccc32)CC1,0,O=c1[nH]c2ccccc2n1CCCN1CCC(n2c(=O)[nH]c3ccccc32)CC1,CN(C)CCCN1c2ccccc2CCc2ccc(Cl)cc21,1,c1ccc2c(c1)CCc1ccccc1N2,0.23703703703703705,0,0.04883634538884614
O=c1[nH]c2ccccc2n1CCCN1CCC(n2c(=O)[nH]c3cc(Cl)ccc32)CC1,0,O=c1[nH]c2ccccc2n1CCCN1CCC(n2c(=O)[nH]c3ccccc32)CC1,O=C(OC1C[C@@H]2CC3C[C@H](C1)N2CC3=O)c1c[nH]c2ccccc12,1,O=C(OC1CC2CC3CC(C1)N2CC3=O)c1c[nH]c2ccccc12,0.2041025641025641,0,0.060403131060888314
O=c1[nH]c2ccccc2n1CCCN1CCC(n2c(=O)[nH]c3cc(Cl)ccc32)CC1,0,O=c1[nH]c2ccccc2n1CCCN1CCC(n2c(=O)[nH]c3ccccc32)CC1,CN1[C@@H]2CC[C@H]1CC(OC(=O)c1c[nH]c3ccccc13)C2,1,O=C(OC1CC2CCC(C1)N2)c1c[nH]c2ccccc12,0.199344262295082,0,0.047602597067807284
Clc1ccc([C@@H](Cn2ccnc2)OCc2c(Cl)cccc2Cl)c(Cl)c1,0,c1ccc(COC(Cn2ccnc2)c2ccccc2)cc1,Cc1ncc2n1-c1ccc(Cl)cc1C(c1ccccc1F)=NC2,1,c1ccc(C2=NCc3cncn3-c3ccccc32)cc1,0.2022267206477733,0,0.008895677783462279
Clc1ccc([C@@H](Cn2ccnc2)OCc2c(Cl)cccc2Cl)c(Cl)c1,0,c1ccc(COC(Cn2ccnc2)c2ccccc2)cc1,CN(C)CCCN1c2ccccc2CCc2ccc(Cl)cc21,1,c1ccc2c(c1)CCc1ccccc1N2,0.19600765654908398,0,0.03076026570895065
Clc1ccc([C@@H](Cn2ccnc2)OCc2c(Cl)cccc2Cl)c(Cl)c1,0,c1ccc(COC(Cn2ccnc2)c2ccccc2)cc1,CCc1nn(CCCN2CCN(c3cccc(Cl)c3)CC2)c(=O)n1CC,1,O=c1[nH]cnn1CCCN1CCN(c2ccccc2)CC1,0.17227056962025317,0,0.011252822265962
Clc1ccc([C@@H](Cn2ccnc2)OCc2c(Cl)cccc2Cl)c(Cl)c1,0,c1ccc(COC(Cn2ccnc2)c2ccccc2)cc1,C[C@@H](c1ncncc1F)[C@](O)(Cn1cncn1)c1ccc(F)cc1F,1,c1ccc(C(Cc2ccncn2)Cn2cncn2)cc1,0.1667559125390451,0,0.00880547178043439
Clc1ccc(CO[C@@H](Cn2ccnc2)c2ccc(Cl)cc2Cl)c(Cl)c1,0,c1ccc(COC(Cn2ccnc2)c2ccccc2)cc1,Cc1ncc2n1-c1ccc(Cl)cc1C(c1ccccc1F)=NC2,1,c1ccc(C2=NCc3cncn3-c3ccccc32)cc1,0.18953846153846154,0,0.008895677783462279
Clc1ccc(CO[C@@H](Cn2ccnc2)c2ccc(Cl)cc2Cl)c(Cl)c1,0,c1ccc(COC(Cn2ccnc2)c2ccccc2)cc1,CN(C)CCCN1c2ccccc2CCc2ccc(Cl)cc21,1,c1ccc2c(c1)CCc1ccccc1N2,0.1826859045504995,0,0.03076026570895065
Clc1ccc(CO[C@@H](Cn2ccnc2)c2ccc(Cl)cc2Cl)c(Cl)c1,0,c1ccc(COC(Cn2ccnc2)c2ccccc2)cc1,C[C@@H](c1ncncc1F)[C@](O)(Cn1cncn1)c1ccc(F)cc1F,1,c1ccc(C(Cc2ccncn2)Cn2cncn2)cc1,0.17046354530631258,0,0.00880547178043439
Clc1ccc(CO[C@@H](Cn2ccnc2)c2ccc(Cl)cc2Cl)c(Cl)c1,0,c1ccc(COC(Cn2ccnc2)c2ccccc2)cc1,CCOP(=S)(OCC)Oc1nc(Cl)c(Cl)cc1Cl,1,c1ccncc1,0.15739795918367347,0,0.014745317364709446
Clc1ccc(CO[C@@H](Cn2ccnc2)c2ccc(Cl)cc2Cl)cc1,0,c1ccc(COC(Cn2ccnc2)c2ccccc2)cc1,Cc1ncc2n1-c1ccc(Cl)cc1C(c1ccccc1F)=NC2,1,c1ccc(C2=NCc3cncn3-c3ccccc32)cc1,0.18953846153846154,0,0.010514387273572352
Clc1ccc(CO[C@@H](Cn2ccnc2)c2ccc(Cl)cc2Cl)cc1,0,c1ccc(COC(Cn2ccnc2)c2ccccc2)cc1,CN(C)CCCN1c2ccccc2CCc2ccc(Cl)cc21,1,c1ccc2c(c1)CCc1ccccc1N2,0.1826859045504995,0,0.035075993090366304
Clc1ccc(CO[C@@H](Cn2ccnc2)c2ccc(Cl)cc2Cl)cc1,0,c1ccc(COC(Cn2ccnc2)c2ccccc2)cc1,C[C@@H](c1ncncc1F)[C@](O)(Cn1cncn1)c1ccc(F)cc1F,1,c1ccc(C(Cc2ccncn2)Cn2cncn2)cc1,0.17046354530631258,0,0.011513539908050213
Clc1ccc(CO[C@@H](Cn2ccnc2)c2ccc(Cl)cc2Cl)cc1,0,c1ccc(COC(Cn2ccnc2)c2ccccc2)cc1,CC(C)/N=C(N)\N=C(/N)Nc1ccc(Cl)cc1,1,c1ccccc1,0.16865079365079366,0,0.00916348871935752
Nc1c(Br)cc(Br)cc1CNC1CCC(O)CC1,0,c1ccc(CNC2CCCCC2)cc1,CN[C@H]1CC[C@@H](c2ccc(Cl)c(Cl)c2)c2ccccc21,1,c1ccc(C2CCCc3ccccc32)cc1,0.15666666666666668,0,0.0069226225493303475
Nc1c(Br)cc(Br)cc1CNC1CCC(O)CC1,0,c1ccc(CNC2CCCCC2)cc1,CCN[C@H]1C[C@H](C)S(=O)(=O)c2sc(S(N)(=O)=O)cc21,1,O=S1(=O)CCCc2ccsc21,0.15092592592592594,0,0.02378459857023345
Nc1c(Br)cc(Br)cc1CNC1CCC(O)CC1,0,c1ccc(CNC2CCCCC2)cc1,C[C@]12CC[C@@H]3c4ccc(O)cc4CC[C@H]3[C@@H]1CC[C@@H]2O,1,c1ccc2c(c1)CCC1C2CCC2CCCC21,0.14779411764705883,0,0.00847608495944311
Nc1c(Br)cc(Br)cc1CNC1CCC(O)CC1,0,c1ccc(CNC2CCCCC2)cc1,CC(C)C1CCC(C(=O)N[C@H](Cc2ccccc2)C(=O)O)CC1,1,O=C(NCCc1ccccc1)C1CCCCC1,0.11851851851851852,0,0.010618212449023811
CC(C)(Oc1ccc(CCNC(=O)c2ccc(Cl)cc2)cc1)C(=O)O,0,O=C(NCCc1ccccc1)c1ccccc1,Cc1cnc(C(=O)NCCc2ccc(S(=O)(=O)NC(=O)NC3CCCCC3)cc2)cn1,1,O=C(NC1CCCCC1)NS(=O)(=O)c1ccc(CCNC(=O)c2cnccn2)cc1,0.25880701754385965,1,0.6026845082544702
CC(C)(Oc1ccc(CCNC(=O)c2ccc(Cl)cc2)cc1)C(=O)O,0,O=C(NCCc1ccccc1)c1ccccc1,CC(C)Cc1ccc([C@@H](C)C(=O)O)cc1,1,c1ccccc1,0.22666666666666668,0,0.25432359904514046
CC(C)(Oc1ccc(CCNC(=O)c2ccc(Cl)cc2)cc1)C(=O)O,0,O=C(NCCc1ccccc1)c1ccccc1,CCOc1ccc(NC(C)=O)cc1,1,c1ccccc1,0.218989898989899,0,0.19973121767490595
CC(C)(Oc1ccc(CCNC(=O)c2ccc(Cl)cc2)cc1)C(=O)O,0,O=C(NCCc1ccccc1)c1ccccc1,COc1ccc2cc([C@H](C)C(=O)O)ccc2c1,1,c1ccc2ccccc2c1,0.21871775976418573,0,0.2737143969655281
Cn1c(=O)c2c(ncn2C)n(C)c1=O,1,O=c1[nH]c(=O)c2[nH]cnc2[nH]1,Cn1c(=O)c2[nH]cnc2n(C)c1=O,1,O=c1[nH]c(=O)c2[nH]cnc2[nH]1,0.45321428571428574,0,0.27335460968683106
Cn1c(=O)c2c(ncn2C)n(C)c1=O,1,O=c1[nH]c(=O)c2[nH]cnc2[nH]1,Cc1c(N(C)C)c(=O)n(-c2ccccc2)n1C,1,O=c1cc[nH]n1-c1ccccc1,0.18015607580824972,1,0.5473211556913727
Cn1c(=O)c2c(ncn2C)n(C)c1=O,1,O=c1[nH]c(=O)c2[nH]cnc2[nH]1,Cc1cc(=O)n(-c2ccccc2)n1C,1,O=c1cc[nH]n1-c1ccccc1,0.17594684385382062,1,0.5786369517382126
Cn1c(=O)c2c(ncn2C)n(C)c1=O,1,O=c1[nH]c(=O)c2[nH]cnc2[nH]1,Cc1ncc([N+](=O)[O-])n1CCO,1,c1c[nH]cn1,0.16474164133738603,0,0.3880274593657522
CC(=O)CCCCn1c(=O)c2c(ncn2C)n(C)c1=O,0,O=c1[nH]c(=O)c2[nH]cnc2[nH]1,Cn1c(=O)c2c(ncn2C)n(C)c1=O,1,O=c1[nH]c(=O)c2[nH]cnc2[nH]1,0.5565410199556542,0,0.14257890083727173
CC(=O)CCCCn1c(=O)c2c(ncn2C)n(C)c1=O,0,O=c1[nH]c(=O)c2[nH]cnc2[nH]1,Cn1c(=O)c2[nH]cnc2n(C)c1=O,1,O=c1[nH]c(=O)c2[nH]cnc2[nH]1,0.2844651162790698,0,0.14431405461307922
CC(=O)CCCCn1c(=O)c2c(ncn2C)n(C)c1=O,0,O=c1[nH]c(=O)c2[nH]cnc2[nH]1,Cc1ncc([N+](=O)[O-])n1CCO,1,c1c[nH]cn1,0.18183694530443759,0,0.20950097088308528
CC(=O)CCCCn1c(=O)c2c(ncn2C)n(C)c1=O,0,O=c1[nH]c(=O)c2[nH]cnc2[nH]1,CC(=O)C[C@@H](c1ccccc1)c1c(O)c2ccccc2oc1=O,1,O=c1oc2ccccc2cc1Cc1ccccc1,0.17307692307692307,0,0.3578724733853215
C[C@@H](O)CCCCn1c(=O)c2c(ncn2C)n(C)c1=O,0,O=c1[nH]c(=O)c2[nH]cnc2[nH]1,Cn1c(=O)c2c(ncn2C)n(C)c1=O,1,O=c1[nH]c(=O)c2[nH]cnc2[nH]1,0.542577030812325,0,0.0834097783361048
C[C@@H](O)CCCCn1c(=O)c2c(ncn2C)n(C)c1=O,0,O=c1[nH]c(=O)c2[nH]cnc2[nH]1,Cn1c(=O)c2[nH]cnc2n(C)c1=O,1,O=c1[nH]c(=O)c2[nH]cnc2[nH]1,0.27869875222816404,0,0.10208349931374096
C[C@@H](O)CCCCn1c(=O)c2c(ncn2C)n(C)c1=O,0,O=c1[nH]c(=O)c2[nH]cnc2[nH]1,Cc1ncc([N+](=O)[O-])n1CCO,1,c1c[nH]cn1,0.18772413793103448,0,0.11793290054527396
C[C@@H](O)CCCCn1c(=O)c2c(ncn2C)n(C)c1=O,0,O=c1[nH]c(=O)c2[nH]cnc2[nH]1,C[C@@H](c1ncncc1F)[C@](O)(Cn1cncn1)c1ccc(F)cc1F,1,c1ccc(C(Cc2ccncn2)Cn2cncn2)cc1,0.162381363244176,0,0.10021805720199724
Cn1cnc2c1c(=O)[nH]c(=O)n2C,0,O=c1[nH]c(=O)c2[nH]cnc2[nH]1,Cn1c(=O)c2c(ncn2C)n(C)c1=O,1,O=c1[nH]c(=O)c2[nH]cnc2[nH]1,0.520303605313093,0,0.2465199373937504
Cn1cnc2c1c(=O)[nH]c(=O)n2C,0,O=c1[nH]c(=O)c2[nH]cnc2[nH]1,Cn1c(=O)c2[nH]cnc2n(C)c1=O,1,O=c1[nH]c(=O)c2[nH]cnc2[nH]1,0.2936058009228741,0,0.2639429737387592
Cn1cnc2c1c(=O)[nH]c(=O)n2C,0,O=c1[nH]c(=O)c2[nH]cnc2[nH]1,O=c1[nH]c(=O)n([C@@H]2CCCO2)cc1F,1,O=c1ccn(C2CCCO2)c(=O)[nH]1,0.22500000000000003,0,0.2627239343590974
Cn1cnc2c1c(=O)[nH]c(=O)n2C,0,O=c1[nH]c(=O)c2[nH]cnc2[nH]1,CCCc1nn(C)c2c(=O)nc(-c3cc(S(=O)(=O)N4CCN(C)CC4)ccc3OCC)[nH]c12,1,O=c1nc(-c2cccc(S(=O)(=O)N3CCNCC3)c2)[nH]c2cn[nH]c12,0.1676521739130435,0,0.2983971306375165
Cn1c(=O)c2[nH]cnc2n(C)c1=O,1,O=c1[nH]c(=O)c2[nH]cnc2[nH]1,Cn1c(=O)c2c(ncn2C)n(C)c1=O,1,O=c1[nH]c(=O)c2[nH]cnc2[nH]1,0.45321428571428574,0,0.2959062668999338
Cn1c(=O)c2[nH]cnc2n(C)c1=O,1,O=c1[nH]c(=O)c2[nH]cnc2[nH]1,Cc1c(N(C)C)c(=O)n(-c2ccccc2)n1C,1,O=c1cc[nH]n1-c1ccccc1,0.16950354609929077,1,0.5662456547482327
Cn1c(=O)c2[nH]cnc2n(C)c1=O,1,O=c1[nH]c(=O)c2[nH]cnc2[nH]1,Cc1ncc([N+](=O)[O-])n1CCO,1,c1c[nH]cn1,0.16589147286821707,0,0.48564418038525425
Cn1c(=O)c2[nH]cnc2n(C)c1=O,1,O=c1[nH]c(=O)c2[nH]cnc2[nH]1,Cc1cc(=O)n(-c2ccccc2)n1C,1,O=c1cc[nH]n1-c1ccccc1,0.16411483253588519,1,0.6365320445843953
Cn1c(=O)[nH]c2ncn(C)c2c1=O,0,O=c1[nH]c(=O)c2[nH]cnc2[nH]1,Cn1c(=O)c2c(ncn2C)n(C)c1=O,1,O=c1[nH]c(=O)c2[nH]cnc2[nH]1,0.4760714285714286,0,0.2530473077876117
Cn1c(=O)[nH]c2ncn(C)c2c1=O,0,O=c1[nH]c(=O)c2[nH]cnc2[nH]1,Cn1c(=O)c2[nH]cnc2n(C)c1=O,1,O=c1[nH]c(=O)c2[nH]cnc2[nH]1,0.2936058009228741,0,0.26409658754986876
Cn1c(=O)[nH]c2ncn(C)c2c1=O,0,O=c1[nH]c(=O)c2[nH]cnc2[nH]1,Cc1c(N(C)C)c(=O)n(-c2ccccc2)n1C,1,O=c1cc[nH]n1-c1ccccc1,0.17235772357723578,1,0.5662933454190415
Cn1c(=O)[nH]c2ncn(C)c2c1=O,0,O=c1[nH]c(=O)c2[nH]cnc2[nH]1,CCCc1nn(C)c2c(=O)nc(-c3cc(S(=O)(=O)N4CCN(C)CC4)ccc3OCC)[nH]c12,1,O=c1nc(-c2cccc(S(=O)(=O)N3CCNCC3)c2)[nH]c2cn[nH]c12,0.17101960784313727,0,0.300883500153077
C[C@]12CC[C@@H]3c4ccc(O)cc4CC[C@H]3[C@@H]1CC[C@@H]2O,1,c1ccc2c(c1)CCC1C2CCC2CCCC21,C[C@]12CC[C@@H]3c4ccc(O)cc4CC[C@H]3[C@@H]1CCC2=O,1,O=C1CCC2C1CCC1c3ccccc3CCC12,0.6405405405405405,0,0.24822378310197088
C[C@]12CC[C@@H]3c4ccc(O)cc4CC[C@H]3[C@@H]1CC[C@@H]2O,1,c1ccc2c(c1)CCC1C2CCC2CCCC21,C#C[C@]1(O)CC[C@H]2[C@@H]3CCc4cc(OC)ccc4[C@H]3CC[C@@]21C,1,c1ccc2c(c1)CCC1C2CCC2CCCC21,0.44666666666666666,0,0.1926441324395064
C[C@]12CC[C@@H]3c4ccc(O)cc4CC[C@H]3[C@@H]1CC[C@@H]2O,1,c1ccc2c(c1)CCC1C2CCC2CCCC21,O=C(C1CCCCC1)N1CC(=O)N2CCc3ccccc3[C@H]2C1,1,O=C(C1CCCCC1)N1CC(=O)N2CCc3ccccc3C2C1,0.18253968253968256,0,0.2526938935036595
C[C@]12CC[C@@H]3c4ccc(O)cc4CC[C@H]3[C@@H]1CC[C@@H]2O,1,c1ccc2c(c1)CCC1C2CCC2CCCC21,CC(C)c1cccc(C(C)C)c1O,1,c1ccccc1,0.17142857142857143,0,0.16711442145098812
C#C[C@]1(O)CC[C@H]2[C@@H]3CCc4cc(O)ccc4[C@H]3CC[C@@]21C,0,c1ccc2c(c1)CCC1C2CCC2CCCC21,C#C[C@]1(O)CC[C@H]2[C@@H]3CCc4cc(OC)ccc4[C@H]3CC[C@@]21C,1,c1ccc2c(c1)CCC1C2CCC2CCCC21,0.7546218487394959,0,0.20995689136569906
C#C[C@]1(O)CC[C@H]2[C@@H]3CCc4cc(O)ccc4[C@H]3CC[C@@]21C,0,c1ccc2c(c1)CCC1C2CCC2CCCC21,C[C@]12CC[C@@H]3c4ccc(O)cc4CC[C@H]3[C@@H]1CC[C@@H]2O,1,c1ccc2c(c1)CCC1C2CCC2CCCC21,0.6036437246963562,0,0.43050055317706876
C#C[C@]1(O)CC[C@H]2[C@@H]3CCc4cc(O)ccc4[C@H]3CC[C@@]21C,0,c1ccc2c(c1)CCC1C2CCC2CCCC21,C[C@]12CC[C@@H]3c4ccc(O)cc4CC[C@H]3[C@@H]1CCC2=O,1,O=C1CCC2C1CCC1c3ccccc3CCC12,0.5915384615384616,0,0.45783493447944246
C#C[C@]1(O)CC[C@H]2[C@@H]3CCc4cc(O)ccc4[C@H]3CC[C@@]21C,0,c1ccc2c(c1)CCC1C2CCC2CCCC21,O=C(C1CCCCC1)N1CC(=O)N2CCc3ccccc3[C@H]2C1,1,O=C(C1CCCCC1)N1CC(=O)N2CCc3ccccc3C2C1,0.184,0,0.47514437569061496
C#C[C@]1(O)CC[C@H]2[C@@H]3CCc4cc(OC)ccc4[C@H]3CC[C@@]21C,1,c1ccc2c(c1)CCC1C2CCC2CCCC21,C[C@]12CC[C@@H]3c4ccc(O)cc4CC[C@H]3[C@@H]1CCC2=O,1,O=C1CCC2C1CCC1c3ccccc3CCC12,0.4510144927536232,0,0.3719342306118077
C#C[C@]1(O)CC[C@H]2[C@@H]3CCc4cc(OC)ccc4[C@H]3CC[C@@]21C,1,c1ccc2c(c1)CCC1C2CCC2CCCC21,C[C@]12CC[C@@H]3c4ccc(O)cc4CC[C@H]3[C@@H]1CC[C@@H]2O,1,c1ccc2c(c1)CCC1C2CCC2CCCC21,0.44666666666666666,0,0.3063569893005242
C#C[C@]1(O)CC[C@H]2[C@@H]3CCc4cc(OC)ccc4[C@H]3CC[C@@]21C,1,c1ccc2c(c1)CCC1C2CCC2CCCC21,COc1ccc2cc([C@H](C)C(=O)O)ccc2c1,1,c1ccc2ccccc2c1,0.2150793650793651,0,0.39022672045862544
C#C[C@]1(O)CC[C@H]2[C@@H]3CCc4cc(OC)ccc4[C@H]3CC[C@@]21C,1,c1ccc2c(c1)CCC1C2CCC2CCCC21,O=C(C1CCCCC1)N1CC(=O)N2CCc3ccccc3[C@H]2C1,1,O=C(C1CCCCC1)N1CC(=O)N2CCc3ccccc3C2C1,0.18373283059520604,0,0.4526585697422793
CC(C)c1cc(C(C)C)c(CC(=O)NS(=O)(=O)Oc2c(C(C)C)cccc2C(C)C)c(C(C)C)c1,0,O=C(Cc1ccccc1)NS(=O)(=O)Oc1ccccc1,CC(C)c1cccc(C(C)C)c1O,1,c1ccccc1,0.2840522875816993,0,0.06983560781869068
CC(C)c1cc(C(C)C)c(CC(=O)NS(=O)(=O)Oc2c(C(C)C)cccc2C(C)C)c(C(C)C)c1,0,O=C(Cc1ccccc1)NS(=O)(=O)Oc1ccccc1,CCOc1cc(CC(=O)N[C@@H](CC(C)C)c2ccccc2N2CCCCC2)ccc1C(=O)O,1,O=C(Cc1ccccc1)NCc1ccccc1N1CCCCC1,0.2647773279352227,0,0.10128549186490368
CC(C)c1cc(C(C)C)c(CC(=O)NS(=O)(=O)Oc2c(C(C)C)cccc2C(C)C)c(C(C)C)c1,0,O=C(Cc1ccccc1)NS(=O)(=O)Oc1ccccc1,CCN(CC)CC(=O)Nc1c(C)cccc1C,1,c1ccccc1,0.2191757779646762,0,0.11531723795835842
CC(C)c1cc(C(C)C)c(CC(=O)NS(=O)(=O)Oc2c(C(C)C)cccc2C(C)C)c(C(C)C)c1,0,O=C(Cc1ccccc1)NS(=O)(=O)Oc1ccccc1,Cc1cccc(Nc2ccncc2S(=O)(=O)NC(=O)NC(C)C)c1,1,c1ccc(Nc2ccncc2)cc1,0.2177777777777778,0,0.15256493185703335
C[C@H]1c2cccc(O)c2C(=O)C2=C(O)[C@]3(O)C(=O)C(C(N)=O)=C(O)[C@@H](N(C)C)[C@@H]3[C@@H](O)[C@@H]21,0,O=C1C2=CC3C(=O)C=CCC3CC2Cc2ccccc21,C[C@]12CC[C@@H]3c4ccc(O)cc4CC[C@H]3[C@@H]1CCC2=O,1,O=C1CCC2C1CCC1c3ccccc3CCC12,0.17140035552044242,0,0.02746119907396747
C[C@H]1c2cccc(O)c2C(=O)C2=C(O)[C@]3(O)C(=O)C(C(N)=O)=C(O)[C@@H](N(C)C)[C@@H]3[C@@H](O)[C@@H]21,0,O=C1C2=CC3C(=O)C=CCC3CC2Cc2ccccc21,CC(C)N(CC[C@@](C(N)=O)(c1ccccc1)c1ccccn1)C(C)C,1,c1ccc(Cc2ccccn2)cc1,0.1590950226244344,0,0.021979340769993
C[C@H]1c2cccc(O)c2C(=O)C2=C(O)[C@]3(O)C(=O)C(C(N)=O)=C(O)[C@@H](N(C)C)[C@@H]3[C@@H](O)[C@@H]21,0,O=C1C2=CC3C(=O)C=CCC3CC2Cc2ccccc21,C[C@]12CC[C@@H]3c4ccc(O)cc4CC[C@H]3[C@@H]1CC[C@@H]2O,1,c1ccc2c(c1)CCC1C2CCC2CCCC21,0.15722092115534742,0,0.04515603582701489
C[C@H]1c2cccc(O)c2C(=O)C2=C(O)[C@]3(O)C(=O)C(C(N)=O)=C(O)[C@@H](N(C)C)[C@@H]3[C@@H](O)[C@@H]21,0,O=C1C2=CC3C(=O)C=CCC3CC2Cc2ccccc21,Cc1c(O)cccc1C(=O)N[C@@H](CSc1ccccc1)[C@H](O)CN1C[C@H]2CCCC[C@H]2C[C@H]1C(=O)NC(C)(C)C,1,O=C(NC(CCN1CCC2CCCCC2C1)CSc1ccccc1)c1ccccc1,0.15338345864661654,0,0.07626669593248436
CN(C)[C@@H]1C(O)=C(C(N)=O)C(=O)[C@@]2(O)C(O)=C3C(=O)c4c(O)cccc4[C@@](C)(O)[C@H]3C[C@@H]12,0,O=C1C2=CC3C(=O)C=CCC3CC2Cc2ccccc21,C[C@]12CC[C@@H]3c4ccc(O)cc4CC[C@H]3[C@@H]1CCC2=O,1,O=C1CCC2C1CCC1c3ccccc3CCC12,0.18988450816407804,0,0.033329776713716584
CN(C)[C@@H]1C(O)=C(C(N)=O)C(=O)[C@@]2(O)C(O)=C3C(=O)c4c(O)cccc4[C@@](C)(O)[C@H]3C[C@@H]12,0,O=C1C2=CC3C(=O)C=CCC3CC2Cc2ccccc21,Cc1c(O)cccc1C(=O)N[C@@H](CSc1ccccc1)[C@H](O)CN1C[C@H]2CCCC[C@H]2C[C@H]1C(=O)NC(C)(C)C,1,O=C(NC(CCN1CCC2CCCCC2C1)CSc1ccccc1)c1ccccc1,0.16961722488038278,0,0.047489219993677056
CN(C)[C@@H]1C(O)=C(C(N)=O)C(=O)[C@@]2(O)C(O)=C3C(=O)c4c(O)cccc4[C@@](C)(O)[C@H]3C[C@@H]12,0,O=C1C2=CC3C(=O)C=CCC3CC2Cc2ccccc21,Cc1ccc(O)c([C@@H](CCN(C(C)C)C(C)C)c2ccccc2)c1,1,c1ccc(Cc2ccccc2)cc1,0.16381438910174542,0,0.1195691162670757
CN(C)[C@@H]1C(O)=C(C(N)=O)C(=O)[C@@]2(O)C(O)=C3C(=O)c4c(O)cccc4[C@@](C)(O)[C@H]3C[C@@H]12,0,O=C1C2=CC3C(=O)C=CCC3CC2Cc2ccccc21,CC(C)N(CC[C@@](C(N)=O)(c1ccccc1)c1ccccn1)C(C)C,1,c1ccc(Cc2ccccn2)cc1,0.16294117647058826,0,0.02849344088082095
CC[C@H]1OC(=O)[C@H](C)[C@@H](O[C@H]2C[C@@](C)(OC)[C@@H](O)[C@H](C)O2)[C@H](C)[C@@H](O[C@@H]2O[C@H](C)C[C@H](N(C)C)[C@H]2O)[C@](C)(O)C[C@@H](C)/C(=N\OCOCCOC)[C@H](C)[C@@H](O)[C@]1(C)O,0,N=C1CCCCOC(=O)CC(OC2CCCCO2)CC(OC2CCCCO2)CCC1,COc1ccc([C@@H]2Sc3ccccc3N(CCN(C)C)C(=O)[C@@H]2OC(C)=O)cc1,1,O=C1CC(c2ccccc2)Sc2ccccc2N1,0.10421260955612101,0,2.7706261864407063e-06
CC[C@H]1OC(=O)[C@H](C)[C@@H](O[C@H]2C[C@@](C)(OC)[C@@H](O)[C@H](C)O2)[C@H](C)[C@@H](O[C@@H]2O[C@H](C)C[C@H](N(C)C)[C@H]2O)[C@](C)(O)C[C@@H](C)/C(=N\OCOCCOC)[C@H](C)[C@@H](O)[C@]1(C)O,0,N=C1CCCCOC(=O)CC(OC2CCCCO2)CC(OC2CCCCO2)CCC1,Cc1c(C)c2c(c(C)c1O)CC[C@](C)(COc1ccc(C[C@@H]3SC(=O)NC3=O)cc1)O2,1,O=C1NC(=O)C(Cc2ccc(OCC3CCc4ccccc4O3)cc2)S1,0.10076590076590078,0,3.3684700005681148e-06
CC[C@H]1OC(=O)[C@H](C)[C@@H](O[C@H]2C[C@@](C)(OC)[C@@H](O)[C@H](C)O2)[C@H](C)[C@@H](O[C@@H]2O[C@H](C)C[C@H](N(C)C)[C@H]2O)[C@](C)(O)C[C@@H](C)/C(=N\OCOCCOC)[C@H](C)[C@@H](O)[C@]1(C)O,0,N=C1CCCCOC(=O)CC(OC2CCCCO2)CC(OC2CCCCO2)CCC1,C#C[C@]1(O)CC[C@H]2[C@@H]3CCc4cc(OC)ccc4[C@H]3CC[C@@]21C,1,c1ccc2c(c1)CCC1C2CCC2CCCC21,0.10067516879219805,0,1.1952964888049286e-06
CC[C@H]1OC(=O)[C@H](C)[C@@H](O[C@H]2C[C@@](C)(OC)[C@@H](O)[C@H](C)O2)[C@H](C)[C@@H](O[C@@H]2O[C@H](C)C[C@H](N(C)C)[C@H]2O)[C@](C)(O)C[C@@H](C)/C(=N\OCOCCOC)[C@H](C)[C@@H](O)[C@]1(C)O,0,N=C1CCCCOC(=O)CC(OC2CCCCO2)CC(OC2CCCCO2)CCC1,O=C(OC1C[C@@H]2CC3C[C@H](C1)N2CC3=O)c1c[nH]c2ccccc12,1,O=C(OC1CC2CC3CC(C1)N2CC3=O)c1c[nH]c2ccccc12,0.10036644165863068,0,2.6723079443575545e-06
COC(=O)C1=C(C)NC(C)=C(C(=O)OCCN(C)Cc2ccccc2)[C@H]1c1cccc([N+](=O)[O-])c1,0,O=C(OCCNCc1ccccc1)C1=CNC=CC1c1ccccc1,COc1ccc([C@@H]2Sc3ccccc3N(CCN(C)C)C(=O)[C@@H]2OC(C)=O)cc1,1,O=C1CC(c2ccccc2)Sc2ccccc2N1,0.21673254281949936,0,0.04437994084729597
COC(=O)C1=C(C)NC(C)=C(C(=O)OCCN(C)Cc2ccccc2)[C@H]1c1cccc([N+](=O)[O-])c1,0,O=C(OCCNCc1ccccc1)C1=CNC=CC1c1ccccc1,CC(=O)C[C@@H](c1ccc([N+](=O)[O-])cc1)c1c(O)c2ccccc2oc1=O,1,O=c1oc2ccccc2cc1Cc1ccccc1,0.2167172227839569,0,0.03491949377635038
COC(=O)C1=C(C)NC(C)=C(C(=O)OCCN(C)Cc2ccccc2)[C@H]1c1cccc([N+](=O)[O-])c1,0,O=C(OCCNCc1ccccc1)C1=CNC=CC1c1ccccc1,CN(CCOc1ccc(C[C@@H]2SC(=O)NC2=O)cc1)c1ccccn1,1,O=C1NC(=O)C(Cc2ccc(OCCNc3ccccn3)cc2)S1,0.1960687960687961,0,0.04647987344318416
COC(=O)C1=C(C)NC(C)=C(C(=O)OCCN(C)Cc2ccccc2)[C@H]1c1cccc([N+](=O)[O-])c1,0,O=C(OCCNCc1ccccc1)C1=CNC=CC1c1ccccc1,CC/C(=C(/c1ccccc1)c1ccc(OCCN(C)C)cc1)c1ccccc1,1,C(=C(c1ccccc1)c1ccccc1)c1ccccc1,0.19261960952585283,0,0.03817295855721473
CCc1ccc(CCOc2ccc(C[C@@H]3SC(=O)NC3=O)cc2)nc1,0,O=C1NC(=O)C(Cc2ccc(OCCc3ccccn3)cc2)S1,CN(CCOc1ccc(C[C@@H]2SC(=O)NC2=O)cc1)c1ccccn1,1,O=C1NC(=O)C(Cc2ccc(OCCNc3ccccn3)cc2)S1,0.5333976213436195,1,0.5060523959818959
CCc1ccc(CCOc2ccc(C[C@@H]3SC(=O)NC3=O)cc2)nc1,0,O=C1NC(=O)C(Cc2ccc(OCCc3ccccn3)cc2)S1,Cc1c(C)c2c(c(C)c1O)CC[C@](C)(COc1ccc(C[C@@H]3SC(=O)NC3=O)cc1)O2,1,O=C1NC(=O)C(Cc2ccc(OCC3CCc4ccccc4O3)cc2)S1,0.4362099871959027,0,0.45796740999434415
CCc1ccc(CCOc2ccc(C[C@@H]3SC(=O)NC3=O)cc2)nc1,0,O=C1NC(=O)C(Cc2ccc(OCCc3ccccn3)cc2)S1,CCOc1ccc(NC(C)=O)cc1,1,c1ccccc1,0.23583208395802102,0,0.4318926473196301
CCc1ccc(CCOc2ccc(C[C@@H]3SC(=O)NC3=O)cc2)nc1,0,O=C1NC(=O)C(Cc2ccc(OCCc3ccccn3)cc2)S1,CC/C(=C(/c1ccccc1)c1ccc(OCCN(C)C)cc1)c1ccccc1,1,C(=C(c1ccccc1)c1ccccc1)c1ccccc1,0.21696969696969698,1,0.6158097909908776
O=C1NCCN1CCN1CCC(c2cn(-c3ccc(F)cc3)c3ccc(Cl)cc23)CC1,0,O=C1NCCN1CCN1CCC(c2cn(-c3ccccc3)c3ccccc23)CC1,CCc1nn(CCCN2CCN(c3cccc(Cl)c3)CC2)c(=O)n1CC,1,O=c1[nH]cnn1CCCN1CCN(c2ccccc2)CC1,0.2281746031746032,0,0.018119236807369814
O=C1NCCN1CCN1CCC(c2cn(-c3ccc(F)cc3)c3ccc(Cl)cc23)CC1,0,O=C1NCCN1CCN1CCC(c2cn(-c3ccccc3)c3ccccc23)CC1,CN(C)CCCN1c2ccccc2CCc2ccc(Cl)cc21,1,c1ccc2c(c1)CCc1ccccc1N2,0.18245901639344264,0,0.041853089908873584
O=C1NCCN1CCN1CCC(c2cn(-c3ccc(F)cc3)c3ccc(Cl)cc23)CC1,0,O=C1NCCN1CCN1CCC(c2cn(-c3ccccc3)c3ccccc23)CC1,O=c1[nH]c(=O)n([C@@H]2CCCO2)cc1F,1,O=c1ccn(C2CCCO2)c(=O)[nH]1,0.18212058212058213,0,0.04599273499634701
O=C1NCCN1CCN1CCC(c2cn(-c3ccc(F)cc3)c3ccc(Cl)cc23)CC1,0,O=C1NCCN1CCN1CCC(c2cn(-c3ccccc3)c3ccccc23)CC1,Cc1ncc2n1-c1ccc(Cl)cc1C(c1ccccc1F)=NC2,1,c1ccc(C2=NCc3cncn3-c3ccccc32)cc1,0.16499477533960294,0,0.039788689666437595
Cc1nnc2n1-c1sc(Br)cc1C(c1ccccc1Cl)=NC2,0,c1ccc(C2=NCc3nncn3-c3sccc32)cc1,Cc1ncc2n1-c1ccc(Cl)cc1C(c1ccccc1F)=NC2,1,c1ccc(C2=NCc3cncn3-c3ccccc32)cc1,0.35435323383084577,0,0.06711646466393481
Cc1nnc2n1-c1sc(Br)cc1C(c1ccccc1Cl)=NC2,0,c1ccc(C2=NCc3nncn3-c3sccc32)cc1,Cc1cnc(NC(=O)C2=C(O)c3ccccc3S(=O)(=O)N2C)s1,1,O=C(Nc1nccs1)C1=Cc2ccccc2S(=O)(=O)N1,0.20067796610169494,0,0.39104871254909307
Cc1nnc2n1-c1sc(Br)cc1C(c1ccccc1Cl)=NC2,0,c1ccc(C2=NCc3nncn3-c3sccc32)cc1,CN(C)CCCN1c2ccccc2CCc2ccc(Cl)cc21,1,c1ccc2c(c1)CCc1ccccc1N2,0.17714285714285716,0,0.14463472875607272
Cc1nnc2n1-c1sc(Br)cc1C(c1ccccc1Cl)=NC2,0,c1ccc(C2=NCc3nncn3-c3sccc32)cc1,CN[C@H]1CC[C@@H](c2ccc(Cl)c(Cl)c2)c2ccccc21,1,c1ccc(C2CCCc3ccccc32)cc1,0.17055896985659935,0,0.0798424236617072
COc1c(N2CCN[C@@H](C)C2)c(F)cc2c(=O)c(C(=O)O)cn(C3CC3)c12,0,O=c1ccn(C2CC2)c2cc(N3CCNCC3)ccc12,CC(=O)Oc1ccccc1C(=O)O,1,c1ccccc1,0.18784313725490198,0,0.1607738271213827
COc1c(N2CCN[C@@H](C)C2)c(F)cc2c(=O)c(C(=O)O)cn(C3CC3)c12,0,O=c1ccn(C2CC2)c2cc(N3CCNCC3)ccc12,O=c1[nH]c(=O)n([C@@H]2CCCO2)cc1F,1,O=c1ccn(C2CCCO2)c(=O)[nH]1,0.1841159420289855,0,0.06548971391794217
COc1c(N2CCN[C@@H](C)C2)c(F)cc2c(=O)c(C(=O)O)cn(C3CC3)c12,0,O=c1ccn(C2CC2)c2cc(N3CCNCC3)ccc12,CN1[C@@H]2CC[C@H]1CC(OC(=O)c1c[nH]c3ccccc13)C2,1,O=C(OC1CC2CCC(C1)N2)c1c[nH]c2ccccc12,0.18051282051282055,0,0.11181745756463388
COc1c(N2CCN[C@@H](C)C2)c(F)cc2c(=O)c(C(=O)O)cn(C3CC3)c12,0,O=c1ccn(C2CC2)c2cc(N3CCNCC3)ccc12,CCOc1cc(CC(=O)N[C@@H](CC(C)C)c2ccccc2N2CCCCC2)ccc1C(=O)O,1,O=C(Cc1ccccc1)NCc1ccccc1N1CCCCC1,0.1775283831397625,0,0.1345667912029804
Cc1c(F)c(N2CCN[C@H](C)C2)cc2c1c(=O)c(C(=O)O)cn2C1CC1,0,O=c1ccn(C2CC2)c2cc(N3CCNCC3)ccc12,CCOc1cc(CC(=O)N[C@@H](CC(C)C)c2ccccc2N2CCCCC2)ccc1C(=O)O,1,O=C(Cc1ccccc1)NCc1ccccc1N1CCCCC1,0.19558720849043432,0,0.1093193474948264
Cc1c(F)c(N2CCN[C@H](C)C2)cc2c1c(=O)c(C(=O)O)cn2C1CC1,0,O=c1ccn(C2CC2)c2cc(N3CCNCC3)ccc12,O=c1[nH]c(=O)n([C@@H]2CCCO2)cc1F,1,O=c1ccn(C2CCCO2)c(=O)[nH]1,0.17775987107171637,0,0.06647324564965848
Cc1c(F)c(N2CCN[C@H](C)C2)cc2c1c(=O)c(C(=O)O)cn2C1CC1,0,O=c1ccn(C2CC2)c2cc(N3CCNCC3)ccc12,Cc1ccnc2c1NC(=O)c1cccnc1N2C1CC1,1,O=C1Nc2cccnc2N(C2CC2)c2ncccc21,0.16954992967651197,0,0.15164695598211106
Cc1c(F)c(N2CCN[C@H](C)C2)cc2c1c(=O)c(C(=O)O)cn2C1CC1,0,O=c1ccn(C2CC2)c2cc(N3CCNCC3)ccc12,CC(=O)Oc1ccccc1C(=O)O,1,c1ccccc1,0.16686061219327092,0,0.10824447764020208
O=C(O)c1cn(C2CC2)c2cc(N3CCNCC3)c(F)cc2c1=O,0,O=c1ccn(C2CC2)c2cc(N3CCNCC3)ccc12,O=c1[nH]c(=O)n([C@@H]2CCCO2)cc1F,1,O=c1ccn(C2CCCO2)c(=O)[nH]1,0.21101736972704715,0,0.06559568734159807
O=C(O)c1cn(C2CC2)c2cc(N3CCNCC3)c(F)cc2c1=O,0,O=c1ccn(C2CC2)c2cc(N3CCNCC3)ccc12,CCOc1cc(CC(=O)N[C@@H](CC(C)C)c2ccccc2N2CCCCC2)ccc1C(=O)O,1,O=C(Cc1ccccc1)NCc1ccccc1N1CCCCC1,0.19370177924736262,0,0.10543037547774264
O=C(O)c1cn(C2CC2)c2cc(N3CCNCC3)c(F)cc2c1=O,0,O=c1ccn(C2CC2)c2cc(N3CCNCC3)ccc12,CC(=O)Oc1ccccc1C(=O)O,1,c1ccccc1,0.18148148148148147,0,0.1065733799614157
O=C(O)c1cn(C2CC2)c2cc(N3CCNCC3)c(F)cc2c1=O,0,O=c1ccn(C2CC2)c2cc(N3CCNCC3)ccc12,CN1[C@@H]2CC[C@H]1CC(OC(=O)c1c[nH]c3ccccc13)C2,1,O=C(OC1CC2CCC(C1)N2)c1c[nH]c2ccccc12,0.1780907668231612,0,0.034605282165852236
CC1(C)NC(=O)N(c2ccc([N+](=O)[O-])c(C(F)(F)F)c2)C1=O,0,O=C1CNC(=O)N1c1ccccc1,Cc1ccc(-c2cc(C(F)(F)F)nn2-c2ccc(S(N)(=O)=O)cc2)cc1,1,c1ccc(-c2ccnn2-c2ccccc2)cc1,0.2232118758434548,0,0.42941678889184653
CC1(C)NC(=O)N(c2ccc([N+](=O)[O-])c(C(F)(F)F)c2)C1=O,0,O=C1CNC(=O)N1c1ccccc1,CC(=O)C[C@@H](c1ccc([N+](=O)[O-])cc1)c1c(O)c2ccccc2oc1=O,1,O=c1oc2ccccc2cc1Cc1ccccc1,0.18396701786532296,0,0.2462909705740474
CC1(C)NC(=O)N(c2ccc([N+](=O)[O-])c(C(F)(F)F)c2)C1=O,0,O=C1CNC(=O)N1c1ccccc1,O=C1NC(=O)C(c2ccccc2)(c2ccccc2)N1,1,O=C1NC(=O)C(c2ccccc2)(c2ccccc2)N1,0.16503014642549527,0,0.07995423398746725
CC1(C)NC(=O)N(c2ccc([N+](=O)[O-])c(C(F)(F)F)c2)C1=O,0,O=C1CNC(=O)N1c1ccccc1,CCC1(c2ccccc2)C(=O)NC(=O)NC1=O,1,O=C1NC(=O)C(c2ccccc2)C(=O)N1,0.16228070175438597,0,0.2378999978363131
CCS(=O)(=O)CCn1c([N+](=O)[O-])cnc1C,0,c1c[nH]cn1,Cc1ncc([N+](=O)[O-])n1CCO,1,c1c[nH]cn1,0.6363499245852188,0,0.15865049348824595
CCS(=O)(=O)CCn1c([N+](=O)[O-])cnc1C,0,c1c[nH]cn1,Cn1c(=O)c2[nH]cnc2n(C)c1=O,1,O=c1[nH]c(=O)c2[nH]cnc2[nH]1,0.171611253196931,0,0.3469303878223502
CCS(=O)(=O)CCn1c([N+](=O)[O-])cnc1C,0,c1c[nH]cn1,CCCCNC(=O)NS(=O)(=O)c1ccc(C)cc1,1,c1ccccc1,0.1707856598016781,0,0.3839648989130499
CCS(=O)(=O)CCn1c([N+](=O)[O-])cnc1C,0,c1c[nH]cn1,Cn1c(=O)c2c(ncn2C)n(C)c1=O,1,O=c1[nH]c(=O)c2[nH]cnc2[nH]1,0.17066666666666666,0,0.3299346770900178
Cn1ccnc1S,0,c1c[nH]cn1,Cn1c(=O)c2c(ncn2C)n(C)c1=O,1,O=c1[nH]c(=O)c2[nH]cnc2[nH]1,0.2215668202764977,0,0.10912742708481155
Cn1ccnc1S,0,c1c[nH]cn1,Cn1c(=O)c2[nH]cnc2n(C)c1=O,1,O=c1[nH]c(=O)c2[nH]cnc2[nH]1,0.18771498771498774,0,0.10775991255533089
Cn1ccnc1S,0,c1c[nH]cn1,Cc1ncc([N+](=O)[O-])n1CCO,1,c1c[nH]cn1,0.17776183644189383,0,0.06368790825770065
Cn1ccnc1S,0,c1c[nH]cn1,CN1CCN2c3ccccc3Cc3cccnc3[C@@H]2C1,1,c1ccc2c(c1)Cc1cccnc1C1CNCCN21,0.15606060606060607,0,0.24477904273363782
Cc1ncc([N+](=O)[O-])n1CCO,1,c1c[nH]cn1,CC(=O)C[C@@H](c1ccc([N+](=O)[O-])cc1)c1c(O)c2ccccc2oc1=O,1,O=c1oc2ccccc2cc1Cc1ccccc1,0.17047233468286102,0,0.16229451226223346
Cc1ncc([N+](=O)[O-])n1CCO,1,c1c[nH]cn1,Cc1cnc(NC(=O)C2=C(O)c3ccccc3S(=O)(=O)N2C)s1,1,O=C(Nc1nccs1)C1=Cc2ccccc2S(=O)(=O)N1,0.1693468795355588,1,0.5280292349697531
Cc1ncc([N+](=O)[O-])n1CCO,1,c1c[nH]cn1,Cc1cnc(C(=O)NCCc2ccc(S(=O)(=O)NC(=O)NC3CCCCC3)cc2)cn1,1,O=C(NC1CCCCC1)NS(=O)(=O)c1ccc(CCNC(=O)c2cnccn2)cc1,0.16793854033290656,0,0.3914820545605957
Cc1ncc([N+](=O)[O-])n1CCO,1,c1c[nH]cn1,Cn1c(=O)c2[nH]cnc2n(C)c1=O,1,O=c1[nH]c(=O)c2[nH]cnc2[nH]1,0.16589147286821707,0,0.2519926279171576
CN(C)/N=N\c1[nH]cnc1C(N)=O,0,c1c[nH]cn1,Cn1c(=O)c2[nH]cnc2n(C)c1=O,1,O=c1[nH]c(=O)c2[nH]cnc2[nH]1,0.2130699088145897,0,0.06076270136357715
CN(C)/N=N\c1[nH]cnc1C(N)=O,0,c1c[nH]cn1,CC(C)N(CC[C@@](C(N)=O)(c1ccccc1)c1ccccn1)C(C)C,1,c1ccc(Cc2ccccn2)cc1,0.18826229508196723,0,0.029577515145407136
CN(C)/N=N\c1[nH]cnc1C(N)=O,0,c1c[nH]cn1,CCOc1ccc(NC(C)=O)cc1,1,c1ccccc1,0.14700000000000002,0,0.051902789010856716
CN(C)/N=N\c1[nH]cnc1C(N)=O,0,c1c[nH]cn1,CN(CCOc1ccc(C[C@@H]2SC(=O)NC2=O)cc1)c1ccccn1,1,O=C1NC(=O)C(Cc2ccc(OCCNc3ccccn3)cc2)S1,0.14645050356177847,0,0.06328796944344542
CN/C(=N\C#N)NCCSCc1nc[nH]c1C,0,c1c[nH]cn1,Cn1c(=O)c2[nH]cnc2n(C)c1=O,1,O=c1[nH]c(=O)c2[nH]cnc2[nH]1,0.15529411764705883,0,0.08630434404366975
CN/C(=N\C#N)NCCSCc1nc[nH]c1C,0,c1c[nH]cn1,CCCSc1ccc2nc(NC(=O)OC)[nH]c2c1,1,c1ccc2[nH]cnc2c1,0.1474903474903475,0,0.08554076948577413
CN/C(=N\C#N)NCCSCc1nc[nH]c1C,0,c1c[nH]cn1,Cc1ncc([N+](=O)[O-])n1CCO,1,c1c[nH]cn1,0.13795454545454544,0,0.045538805908105315
CN/C(=N\C#N)NCCSCc1nc[nH]c1C,0,c1c[nH]cn1,Cc1cnc(C(=O)NCCc2ccc(S(=O)(=O)NC(=O)NC3CCCCC3)cc2)cn1,1,O=C(NC1CCCCC1)NS(=O)(=O)c1ccc(CCNC(=O)c2cnccn2)cc1,0.135181236673774,0,0.20080023353112622
C[C@]12C=CC(=O)N[C@@H]1CC[C@@H]1[C@@H]2CC[C@]2(C)[C@@H](C(=O)Nc3cc(C(F)(F)F)ccc3C(F)(F)F)CC[C@@H]12,0,O=C1C=CC2C(CCC3C2CCC2C(C(=O)Nc4ccccc4)CCC23)N1,C[C@]12CC[C@@H]3c4ccc(O)cc4CC[C@H]3[C@@H]1CC[C@@H]2O,1,c1ccc2c(c1)CCC1C2CCC2CCCC21,0.21549636803874092,0,0.05110597009990245
C[C@]12C=CC(=O)N[C@@H]1CC[C@@H]1[C@@H]2CC[C@]2(C)[C@@H](C(=O)Nc3cc(C(F)(F)F)ccc3C(F)(F)F)CC[C@@H]12,0,O=C1C=CC2C(CCC3C2CCC2C(C(=O)Nc4ccccc4)CCC23)N1,C[C@]12CC[C@@H]3c4ccc(O)cc4CC[C@H]3[C@@H]1CCC2=O,1,O=C1CCC2C1CCC1c3ccccc3CCC12,0.20056134723336005,0,0.054978125630075286
C[C@]12C=CC(=O)N[C@@H]1CC[C@@H]1[C@@H]2CC[C@]2(C)[C@@H](C(=O)Nc3cc(C(F)(F)F)ccc3C(F)(F)F)CC[C@@H]12,0,O=C1C=CC2C(CCC3C2CCC2C(C(=O)Nc4ccccc4)CCC23)N1,C#C[C@]1(O)CC[C@H]2[C@@H]3CCc4cc(OC)ccc4[C@H]3CC[C@@]21C,1,c1ccc2c(c1)CCC1C2CCC2CCCC21,0.17319078947368421,0,0.05113861737677618
C[C@]12C=CC(=O)N[C@@H]1CC[C@@H]1[C@@H]2CC[C@]2(C)[C@@H](C(=O)Nc3cc(C(F)(F)F)ccc3C(F)(F)F)CC[C@@H]12,0,O=C1C=CC2C(CCC3C2CCC2C(C(=O)Nc4ccccc4)CCC23)N1,Cc1c(C)c2c(c(C)c1O)CC[C@](C)(COc1ccc(C[C@@H]3SC(=O)NC3=O)cc1)O2,1,O=C1NC(=O)C(Cc2ccc(OCC3CCc4ccccc4O3)cc2)S1,0.1576051779935275,0,0.07716258380389383
CCc1nn(CCCN2CCN(c3cccc(Cl)c3)CC2)c(=O)n1CC,1,O=c1[nH]cnn1CCCN1CCN(c2ccccc2)CC1,CN(C)CCCN1c2ccccc2CCc2ccc(Cl)cc21,1,c1ccc2c(c1)CCc1ccccc1N2,0.24308815858111632,0,0.2993731178369385
CCc1nn(CCCN2CCN(c3cccc(Cl)c3)CC2)c(=O)n1CC,1,O=c1[nH]cnn1CCCN1CCN(c2ccccc2)CC1,CCCCC1C(=O)N(c2ccccc2)N(c2ccccc2)C1=O,1,O=C1CC(=O)N(c2ccccc2)N1c1ccccc1,0.19417027417027416,0,0.36376882940542454
CCc1nn(CCCN2CCN(c3cccc(Cl)c3)CC2)c(=O)n1CC,1,O=c1[nH]cnn1CCCN1CCN(c2ccccc2)CC1,Cc1cc(=O)n(-c2ccccc2)n1C,1,O=c1cc[nH]n1-c1ccccc1,0.18594847775175646,0,0.41677000607873227
CCc1nn(CCCN2CCN(c3cccc(Cl)c3)CC2)c(=O)n1CC,1,O=c1[nH]cnn1CCCN1CCN(c2ccccc2)CC1,CCCCc1nc(Cl)c(CO)n1Cc1ccc(-c2ccccc2-c2nnn[nH]2)cc1,1,c1ccc(-c2nnn[nH]2)c(-c2ccc(Cn3ccnc3)cc2)c1,0.183921568627451,0,0.3637063304953921
COC(=O)C1=C(C)NC(C)=C(C(=O)OC(C)(C)CN(C)CCC(c2ccccc2)c2ccccc2)[C@H]1c1cccc([N+](=O)[O-])c1,0,O=C(OCCNCCC(c1ccccc1)c1ccccc1)C1=CNC=CC1c1ccccc1,CC(=O)C[C@@H](c1ccc([N+](=O)[O-])cc1)c1c(O)c2ccccc2oc1=O,1,O=c1oc2ccccc2cc1Cc1ccccc1,0.26176470588235295,0,0.03378195407665703
COC(=O)C1=C(C)NC(C)=C(C(=O)OC(C)(C)CN(C)CCC(c2ccccc2)c2ccccc2)[C@H]1c1cccc([N+](=O)[O-])c1,0,O=C(OCCNCCC(c1ccccc1)c1ccccc1)C1=CNC=CC1c1ccccc1,Cc1ccc(O)c([C@@H](CCN(C(C)C)C(C)C)c2ccccc2)c1,1,c1ccc(Cc2ccccc2)cc1,0.24098765432098768,0,0.036524956263924414
COC(=O)C1=C(C)NC(C)=C(C(=O)OC(C)(C)CN(C)CCC(c2ccccc2)c2ccccc2)[C@H]1c1cccc([N+](=O)[O-])c1,0,O=C(OCCNCCC(c1ccccc1)c1ccccc1)C1=CNC=CC1c1ccccc1,CC1=C(C)C(=O)C([C@@H](CCCCCC(=O)O)c2ccccc2)=C(C)C1=O,1,O=C1C=CC(=O)C(Cc2ccccc2)=C1,0.204480421686747,0,0.08104379872286314
COC(=O)C1=C(C)NC(C)=C(C(=O)OC(C)(C)CN(C)CCC(c2ccccc2)c2ccccc2)[C@H]1c1cccc([N+](=O)[O-])c1,0,O=C(OCCNCCC(c1ccccc1)c1ccccc1)C1=CNC=CC1c1ccccc1,COc1ccc([C@@H]2Sc3ccccc3N(CCN(C)C)C(=O)[C@@H]2OC(C)=O)cc1,1,O=C1CC(c2ccccc2)Sc2ccccc2N1,0.20217096336499324,0,0.05136839023046447
COc1ccc(CCN(C)CCC[C@@](C#N)(c2cc(OC)c(OC)c(OC)c2)C(C)C)cc1OC,0,c1ccc(CCCCNCCc2ccccc2)cc1,COc1ccc(CCN(C)CCC[C@@](C#N)(c2ccc(OC)c(OC)c2)C(C)C)cc1OC,1,c1ccc(CCCCNCCc2ccccc2)cc1,0.8867521367521368,0,0.16874596450390955
COc1ccc(CCN(C)CCC[C@@](C#N)(c2cc(OC)c(OC)c(OC)c2)C(C)C)cc1OC,0,c1ccc(CCCCNCCc2ccccc2)cc1,COc1cc(Cc2cnc(N)nc2N)cc(OC)c1OC,1,c1ccc(Cc2cncnc2)cc1,0.2343891402714932,0,0.10296655361118096
COc1ccc(CCN(C)CCC[C@@](C#N)(c2cc(OC)c(OC)c(OC)c2)C(C)C)cc1OC,0,c1ccc(CCCCNCCc2ccccc2)cc1,CC(C)N(CC[C@@](C(N)=O)(c1ccccc1)c1ccccn1)C(C)C,1,c1ccc(Cc2ccccn2)cc1,0.19106858054226478,0,0.2264084567381645
COc1ccc(CCN(C)CCC[C@@](C#N)(c2cc(OC)c(OC)c(OC)c2)C(C)C)cc1OC,0,c1ccc(CCCCNCCc2ccccc2)cc1,C#CCN(C)[C@@H](C)Cc1ccccc1,1,c1ccccc1,0.1846766169154229,0,0.38196533815945305
COc1ccc(CCN(C)CCC[C@@](C#N)(c2ccc(OC)c(OC)c2)C(C)C)cc1OC,1,c1ccc(CCCCNCCc2ccccc2)cc1,CN(C)CCCN1c2ccccc2CCc2ccccc21,1,c1ccc2c(c1)CCc1ccccc1N2,0.2020512820512821,1,0.5160891094539939
COc1ccc(CCN(C)CCC[C@@](C#N)(c2ccc(OC)c(OC)c2)C(C)C)cc1OC,1,c1ccc(CCCCNCCc2ccccc2)cc1,CC(C)N(CC[C@@](C(N)=O)(c1ccccc1)c1ccccn1)C(C)C,1,c1ccc(Cc2ccccn2)cc1,0.1977799227799228,0,0.30927755979579963
COc1ccc(CCN(C)CCC[C@@](C#N)(c2ccc(OC)c(OC)c2)C(C)C)cc1OC,1,c1ccc(CCCCNCCc2ccccc2)cc1,C#CCN(C)[C@@H](C)Cc1ccccc1,1,c1ccccc1,0.19204545454545455,0,0.44122632815209595
COc1ccc(CCN(C)CCC[C@@](C#N)(c2ccc(OC)c(OC)c2)C(C)C)cc1OC,1,c1ccc(CCCCNCCc2ccccc2)cc1,CN(C)CCCN1c2ccccc2CCc2ccc(Cl)cc21,1,c1ccc2c(c1)CCc1ccccc1N2,0.1903303787268332,0,0.47951375024690523
O[C@@H](c1cc(C(F)(F)F)nc2c(C(F)(F)F)cccc12)[C@H]1CCCCN1,0,c1ccc2c(CC3CCCCN3)ccnc2c1,CC[C@H](c1ccccc1)c1c(O)c2ccccc2oc1=O,1,O=c1oc2ccccc2cc1Cc1ccccc1,0.18760504201680675,0,0.03278571501067027
O[C@@H](c1cc(C(F)(F)F)nc2c(C(F)(F)F)cccc12)[C@H]1CCCCN1,0,c1ccc2c(CC3CCCCN3)ccnc2c1,CN1[C@@H]2CC[C@H]1CC(OC(=O)c1c[nH]c3ccccc13)C2,1,O=C(OC1CC2CCC(C1)N2)c1c[nH]c2ccccc12,0.18017094017094018,0,0.026958841541188713
O[C@@H](c1cc(C(F)(F)F)nc2c(C(F)(F)F)cccc12)[C@H]1CCCCN1,0,c1ccc2c(CC3CCCCN3)ccnc2c1,CC(=O)C[C@@H](c1ccccc1)c1c(O)c2ccccc2oc1=O,1,O=c1oc2ccccc2cc1Cc1ccccc1,0.1792790642158033,0,0.038838490126913865
O[C@@H](c1cc(C(F)(F)F)nc2c(C(F)(F)F)cccc12)[C@H]1CCCCN1,0,c1ccc2c(CC3CCCCN3)ccnc2c1,Cc1ccc(-c2cc(C(F)(F)F)nn2-c2ccc(S(N)(=O)=O)cc2)cc1,1,c1ccc(-c2ccnn2-c2ccccc2)cc1,0.16907399202481171,0,0.08864516341327779
CC1(C)CC(=O)N(CCCCN2CCN(c3ncccn3)CC2)C(=O)C1,0,O=C1CCCC(=O)N1CCCCN1CCN(c2ncccn2)CC1,CCc1nn(CCCN2CCN(c3cccc(Cl)c3)CC2)c(=O)n1CC,1,O=c1[nH]cnn1CCCN1CCN(c2ccccc2)CC1,0.2793246880352337,0,0.009610729404377866
CC1(C)CC(=O)N(CCCCN2CCN(c3ncccn3)CC2)C(=O)C1,0,O=C1CCCC(=O)N1CCCCN1CCN(c2ncccn2)CC1,CN1CCN2c3ccccc3Cc3cccnc3[C@@H]2C1,1,c1ccc2c(c1)Cc1cccnc1C1CNCCN21,0.21153846153846156,0,0.019500776830031374
CC1(C)CC(=O)N(CCCCN2CCN(c3ncccn3)CC2)C(=O)C1,0,O=C1CCCC(=O)N1CCCCN1CCN(c2ncccn2)CC1,CN(C)CCCN1c2ccccc2CCc2ccccc21,1,c1ccc2c(c1)CCc1ccccc1N2,0.20297619047619048,0,0.05040279147489836
CC1(C)CC(=O)N(CCCCN2CCN(c3ncccn3)CC2)C(=O)C1,0,O=C1CCCC(=O)N1CCCCN1CCN(c2ncccn2)CC1,Cc1ccnc2c1NC(=O)c1cccnc1N2C1CC1,1,O=C1Nc2cccnc2N(C2CC2)c2ncccc21,0.1963636363636364,0,0.040450322725173696
CO[C@H]1C=CO[C@@]2(C)Oc3c(C)c(O)c4c(O)c(cc(O)c4c3C2=O)NC(=O)C(C)=CC=C[C@H](C)[C@H](O)[C@@H](C)[C@@H](O)[C@@H](C)[C@H](OC(C)=O)[C@H]1C,0,O=C1C=CC=CCCCCCCCCC=COC2Oc3ccc4cc(ccc4c3C2=O)N1,Cc1c(C)c2c(c(C)c1O)CC[C@](C)(COc1ccc(C[C@@H]3SC(=O)NC3=O)cc1)O2,1,O=C1NC(=O)C(Cc2ccc(OCC3CCc4ccccc4O3)cc2)S1,0.1857789668656102,0,0.0003799638444605424
CO[C@H]1C=CO[C@@]2(C)Oc3c(C)c(O)c4c(O)c(cc(O)c4c3C2=O)NC(=O)C(C)=CC=C[C@H](C)[C@H](O)[C@@H](C)[C@@H](O)[C@@H](C)[C@H](OC(C)=O)[C@H]1C,0,O=C1C=CC=CCCCCCCCCC=COC2Oc3ccc4cc(ccc4c3C2=O)N1,COc1ccc([C@@H]2Sc3ccccc3N(CCN(C)C)C(=O)[C@@H]2OC(C)=O)cc1,1,O=C1CC(c2ccccc2)Sc2ccccc2N1,0.15844922039612308,0,0.00033507072577123584
CO[C@H]1C=CO[C@@]2(C)Oc3c(C)c(O)c4c(O)c(cc(O)c4c3C2=O)NC(=O)C(C)=CC=C[C@H](C)[C@H](O)[C@@H](C)[C@@H](O)[C@@H](C)[C@H](OC(C)=O)[C@H]1C,0,O=C1C=CC=CCCCCCCCCC=COC2Oc3ccc4cc(ccc4c3C2=O)N1,Cc1ccnc2c1NC(=O)c1cccnc1N2C1CC1,1,O=C1Nc2cccnc2N(C2CC2)c2ncccc21,0.12682926829268293,0,0.0006403579471327892
CO[C@H]1C=CO[C@@]2(C)Oc3c(C)c(O)c4c(O)c(cc(O)c4c3C2=O)NC(=O)C(C)=CC=C[C@H](C)[C@H](O)[C@@H](C)[C@@H](O)[C@@H](C)[C@H](OC(C)=O)[C@H]1C,0,O=C1C=CC=CCCCCCCCCC=COC2Oc3ccc4cc(ccc4c3C2=O)N1,CC(=O)C[C@@H](c1ccccc1)c1c(O)c2ccccc2oc1=O,1,O=c1oc2ccccc2cc1Cc1ccccc1,0.12303330970942594,0,0.0007661915206170555
CC[C@]1(C)C[C@@H](OC(=O)CSc2n[nH]c(N)n2)[C@@]2(C)[C@@H]3C(=O)CC[C@@]3(CC[C@@H]2C)[C@@H](C)[C@@H]1O,0,O=C(CSc1nc[nH]n1)OC1CCCCC23CCCC1C2C(=O)CC3,C[C@]12CC[C@@H]3c4ccc(O)cc4CC[C@H]3[C@@H]1CCC2=O,1,O=C1CCC2C1CCC1c3ccccc3CCC12,0.1512787723785166,0,0.04563397024754803
CC[C@]1(C)C[C@@H](OC(=O)CSc2n[nH]c(N)n2)[C@@]2(C)[C@@H]3C(=O)CC[C@@]3(CC[C@@H]2C)[C@@H](C)[C@@H]1O,0,O=C(CSc1nc[nH]n1)OC1CCCCC23CCCC1C2C(=O)CC3,CCCSc1ccc2nc(NC(=O)OC)[nH]c2c1,1,c1ccc2[nH]cnc2c1,0.14558479532163746,0,0.019799200225975856
CC[C@]1(C)C[C@@H](OC(=O)CSc2n[nH]c(N)n2)[C@@]2(C)[C@@H]3C(=O)CC[C@@]3(CC[C@@H]2C)[C@@H](C)[C@@H]1O,0,O=C(CSc1nc[nH]n1)OC1CCCCC23CCCC1C2C(=O)CC3,Cc1c(C)c2c(c(C)c1O)CC[C@](C)(COc1ccc(C[C@@H]3SC(=O)NC3=O)cc1)O2,1,O=C1NC(=O)C(Cc2ccc(OCC3CCc4ccccc4O3)cc2)S1,0.13931002653744087,0,0.08329143095478235
CC[C@]1(C)C[C@@H](OC(=O)CSc2n[nH]c(N)n2)[C@@]2(C)[C@@H]3C(=O)CC[C@@]3(CC[C@@H]2C)[C@@H](C)[C@@H]1O,0,O=C(CSc1nc[nH]n1)OC1CCCCC23CCCC1C2C(=O)CC3,O=C(OC1C[C@@H]2CC3C[C@H](C1)N2CC3=O)c1c[nH]c2ccccc12,1,O=C(OC1CC2CC3CC(C1)N2CC3=O)c1c[nH]c2ccccc12,0.12653061224489798,0,0.10259638128546293
Cc1cccc(Nc2ccncc2S(=O)(=O)NC(=O)NC(C)C)c1,1,c1ccc(Nc2ccncc2)cc1,CCCCNC(=O)NS(=O)(=O)c1ccc(C)cc1,1,c1ccccc1,0.2772727272727273,1,0.652187095029945
Cc1cccc(Nc2ccncc2S(=O)(=O)NC(=O)NC(C)C)c1,1,c1ccc(Nc2ccncc2)cc1,Cc1ccc(S(=O)(=O)NC(=O)NN2C[C@H]3CCC[C@H]3C2)cc1,1,O=C(NN1CC2CCCC2C1)NS(=O)(=O)c1ccccc1,0.26829119707584526,1,0.8612504189262821
Cc1cccc(Nc2ccncc2S(=O)(=O)NC(=O)NC(C)C)c1,1,c1ccc(Nc2ccncc2)cc1,Cc1cnc(C(=O)NCCc2ccc(S(=O)(=O)NC(=O)NC3CCCCC3)cc2)cn1,1,O=C(NC1CCCCC1)NS(=O)(=O)c1ccc(CCNC(=O)c2cnccn2)cc1,0.24833702882483372,1,0.8271043622427012
Cc1cccc(Nc2ccncc2S(=O)(=O)NC(=O)NC(C)C)c1,1,c1ccc(Nc2ccncc2)cc1,CC(C)C[C@@H](NC(=O)[C@@H](Cc1ccccc1)NC(=O)c1cnccn1)B(O)O,1,O=C(NCCc1ccccc1)c1cnccn1,0.22245901639344265,1,0.8242472834772785
CCCc1nn(C)c2c(=O)nc(-c3cc(S(=O)(=O)N4CCN(C)CC4)ccc3OCC)[nH]c12,1,O=c1nc(-c2cccc(S(=O)(=O)N3CCNCC3)c2)[nH]c2cn[nH]c12,CCOc1nc2cccc(C(=O)O)c2n1Cc1ccc(-c2ccccc2-c2nnn[nH]2)cc1,1,c1ccc(-c2nnn[nH]2)c(-c2ccc(Cn3cnc4ccccc43)cc2)c1,0.18348334833483348,1,0.8014299586880909
CCCc1nn(C)c2c(=O)nc(-c3cc(S(=O)(=O)N4CCN(C)CC4)ccc3OCC)[nH]c12,1,O=c1nc(-c2cccc(S(=O)(=O)N3CCNCC3)c2)[nH]c2cn[nH]c12,CCCSc1ccc2nc(NC(=O)OC)[nH]c2c1,1,c1ccc2[nH]cnc2c1,0.1823095823095823,1,0.6473451141080265
CCCc1nn(C)c2c(=O)nc(-c3cc(S(=O)(=O)N4CCN(C)CC4)ccc3OCC)[nH]c12,1,O=c1nc(-c2cccc(S(=O)(=O)N3CCNCC3)c2)[nH]c2cn[nH]c12,CN1CCC[C@@H]1Cc1c[nH]c2ccc(CCS(=O)(=O)c3ccccc3)cc12,1,O=S(=O)(CCc1ccc2[nH]cc(CC3CCCN3)c2c1)c1ccccc1,0.18127891156462583,1,0.8041806268635006
CCCc1nn(C)c2c(=O)nc(-c3cc(S(=O)(=O)N4CCN(C)CC4)ccc3OCC)[nH]c12,1,O=c1nc(-c2cccc(S(=O)(=O)N3CCNCC3)c2)[nH]c2cn[nH]c12,CCOc1cc(CC(=O)N[C@@H](CC(C)C)c2ccccc2N2CCCCC2)ccc1C(=O)O,1,O=C(Cc1ccccc1)NCc1ccccc1N1CCCCC1,0.1756173207682214,1,0.7336197625689221
CC(C)(C)NC[C@H](O)COc1nsnc1N1CCOCC1,0,c1nsnc1N1CCOCC1,CC(C)(C)NC(=O)[C@@H]1CN(Cc2cccnc2)CCN1C[C@@H](O)C[C@@H](Cc1ccccc1)C(=O)N[C@H]1c2ccccc2C[C@H]1O,1,O=C(NC1CCc2ccccc21)C(CCCN1CCN(Cc2cccnc2)CC1)Cc1ccccc1,0.1564102564102564,0,0.016667476615847995
CC(C)(C)NC[C@H](O)COc1nsnc1N1CCOCC1,0,c1nsnc1N1CCOCC1,CCOc1cc(CC(=O)N[C@@H](CC(C)C)c2ccccc2N2CCCCC2)ccc1C(=O)O,1,O=C(Cc1ccccc1)NCc1ccccc1N1CCCCC1,0.14845394204306298,0,0.005508607067883771
CC(C)(C)NC[C@H](O)COc1nsnc1N1CCOCC1,0,c1nsnc1N1CCOCC1,COc1ccccc1Oc1c(NS(=O)(=O)c2ccc(C(C)(C)C)cc2)nc(-c2ncccn2)nc1OCCO,1,O=S(=O)(Nc1nc(-c2ncccn2)ncc1Oc1ccccc1)c1ccccc1,0.14078862314156435,0,0.00335039354579038
CC(C)(C)NC[C@H](O)COc1nsnc1N1CCOCC1,0,c1nsnc1N1CCOCC1,Cc1c(O)cccc1C(=O)N[C@@H](CSc1ccccc1)[C@H](O)CN1C[C@H]2CCCC[C@H]2C[C@H]1C(=O)NC(C)(C)C,1,O=C(NC(CCN1CCC2CCCCC2C1)CSc1ccccc1)c1ccccc1,0.13944710260499735,0,0.006358406172400437
COc1ccc2c3c1O[C@H]1C[C@@H](O)C=C[C@@]31CCN(C)C2,0,C1=CC23CCNCc4cccc(c42)OC3CC1,C#C[C@]1(O)CC[C@H]2[C@@H]3CCc4cc(OC)ccc4[C@H]3CC[C@@]21C,1,c1ccc2c(c1)CCC1C2CCC2CCCC21,0.18343289526085224,0,0.06732416366733583
COc1ccc2c3c1O[C@H]1C[C@@H](O)C=C[C@@]31CCN(C)C2,0,C1=CC23CCNCc4cccc(c42)OC3CC1,COc1ccc(CCN(C)CCC[C@@](C#N)(c2ccc(OC)c(OC)c2)C(C)C)cc1OC,1,c1ccc(CCCCNCCc2ccccc2)cc1,0.17513227513227514,0,0.061376206032002355
COc1ccc2c3c1O[C@H]1C[C@@H](O)C=C[C@@]31CCN(C)C2,0,C1=CC23CCNCc4cccc(c42)OC3CC1,CN1CCN2c3ccccc3Cc3cccnc3[C@@H]2C1,1,c1ccc2c(c1)Cc1cccnc1C1CNCCN21,0.16972972972972974,0,0.14038519175462286
COc1ccc2c3c1O[C@H]1C[C@@H](O)C=C[C@@]31CCN(C)C2,0,C1=CC23CCNCc4cccc(c42)OC3CC1,COc1ccc([C@@H]2Sc3ccccc3N(CCN(C)C)C(=O)[C@@H]2OC(C)=O)cc1,1,O=C1CC(c2ccccc2)Sc2ccccc2N1,0.15984674329501916,0,0.07346365029007489
NS(=O)(=O)Cc1noc2ccccc12,0,c1ccc2oncc2c1,CC[C@H](c1ccccc1)c1c(O)c2ccccc2oc1=O,1,O=c1oc2ccccc2cc1Cc1ccccc1,0.23290909090909093,0,0.04238080762794497
NS(=O)(=O)Cc1noc2ccccc12,0,c1ccc2oncc2c1,CC(=O)C[C@@H](c1ccccc1)c1c(O)c2ccccc2oc1=O,1,O=c1oc2ccccc2cc1Cc1ccccc1,0.22461033634126334,0,0.060188135807468165
NS(=O)(=O)Cc1noc2ccccc12,0,c1ccc2oncc2c1,Cc1cc(NS(=O)(=O)c2ccc(N)cc2)no1,1,O=S(=O)(Nc1ccon1)c1ccccc1,0.22244897959183674,0,0.17513482247595857
NS(=O)(=O)Cc1noc2ccccc12,0,c1ccc2oncc2c1,CC(C)N(CC[C@@](C(N)=O)(c1ccccc1)c1ccccn1)C(C)C,1,c1ccc(Cc2ccccn2)cc1,0.19468412942989216,0,0.11505453924829143
CN[C@@H]1CCc2[nH]c3ccc(C(N)=O)cc3c2C1,0,c1ccc2c3c([nH]c2c1)CCCC3,CN1[C@@H]2CC[C@H]1CC(OC(=O)c1c[nH]c3ccccc13)C2,1,O=C(OC1CC2CCC(C1)N2)c1c[nH]c2ccccc12,0.21561497326203208,0,0.10072122341275094
CN[C@@H]1CCc2[nH]c3ccc(C(N)=O)cc3c2C1,0,c1ccc2c3c([nH]c2c1)CCCC3,CC(C)C1CCC(C(=O)N[C@H](Cc2ccccc2)C(=O)O)CC1,1,O=C(NCCc1ccccc1)C1CCCCC1,0.19158751696065132,0,0.31188269117111395
CN[C@@H]1CCc2[nH]c3ccc(C(N)=O)cc3c2C1,0,c1ccc2c3c([nH]c2c1)CCCC3,CN1CCC[C@@H]1Cc1c[nH]c2ccc(CCS(=O)(=O)c3ccccc3)cc12,1,O=S(=O)(CCc1ccc2[nH]cc(CC3CCCN3)c2c1)c1ccccc1,0.18647839109970046,0,0.09807376057882652
CN[C@@H]1CCc2[nH]c3ccc(C(N)=O)cc3c2C1,0,c1ccc2c3c([nH]c2c1)CCCC3,COc1cc(C(=O)NS(=O)(=O)c2ccccc2C)ccc1Cc1cn(C)c2ccc(NC(=O)OC3CCCC3)cc12,1,O=C(Nc1ccc2[nH]cc(Cc3ccc(C(=O)NS(=O)(=O)c4ccccc4)cc3)c2c1)OC1CCCC1,0.17243589743589746,0,0.15170166037316937
O=C1Cc2cc(CCN3CCN(c4nsc5ccccc45)CC3)c(Cl)cc2N1,0,O=C1Cc2cc(CCN3CCN(c4nsc5ccccc45)CC3)ccc2N1,CCc1nn(CCCN2CCN(c3cccc(Cl)c3)CC2)c(=O)n1CC,1,O=c1[nH]cnn1CCCN1CCN(c2ccccc2)CC1,0.2599505125486038,0,0.0036319825593928833
O=C1Cc2cc(CCN3CCN(c4nsc5ccccc45)CC3)c(Cl)cc2N1,0,O=C1Cc2cc(CCN3CCN(c4nsc5ccccc45)CC3)ccc2N1,CN(C)CCCN1c2ccccc2CCc2ccc(Cl)cc21,1,c1ccc2c(c1)CCc1ccccc1N2,0.17918032786885246,0,0.01824755124657429
O=C1Cc2cc(CCN3CCN(c4nsc5ccccc45)CC3)c(Cl)cc2N1,0,O=C1Cc2cc(CCN3CCN(c4nsc5ccccc45)CC3)ccc2N1,Cc1cc(=O)n(-c2ccccc2)n1C,1,O=c1cc[nH]n1-c1ccccc1,0.17522388059701494,0,0.037415421069412015
O=C1Cc2cc(CCN3CCN(c4nsc5ccccc45)CC3)c(Cl)cc2N1,0,O=C1Cc2cc(CCN3CCN(c4nsc5ccccc45)CC3)ccc2N1,CN1CCC[C@@H]1Cc1c[nH]c2ccc(CCS(=O)(=O)c3ccccc3)cc12,1,O=S(=O)(CCc1ccc2[nH]cc(CC3CCCN3)c2c1)c1ccccc1,0.17246376811594202,0,0.018323122718521184
Clc1ccccc1C(c1ccccc1)(c1ccccc1)n1ccnc1,0,c1ccc(C(c2ccccc2)(c2ccccc2)n2ccnc2)cc1,Cc1ncc2n1-c1ccc(Cl)cc1C(c1ccccc1F)=NC2,1,c1ccc(C2=NCc3cncn3-c3ccccc32)cc1,0.19555555555555557,0,0.06924231729430812
Clc1ccccc1C(c1ccccc1)(c1ccccc1)n1ccnc1,0,c1ccc(C(c2ccccc2)(c2ccccc2)n2ccnc2)cc1,CC(C)N(CC[C@@](C(N)=O)(c1ccccc1)c1ccccn1)C(C)C,1,c1ccc(Cc2ccccn2)cc1,0.17867017774851876,0,0.2765396304923816
Clc1ccccc1C(c1ccccc1)(c1ccccc1)n1ccnc1,0,c1ccc(C(c2ccccc2)(c2ccccc2)n2ccnc2)cc1,O=C(O)COc1ccc(C(=O)c2cccs2)c(Cl)c1Cl,1,O=C(c1ccccc1)c1cccs1,0.16293074606891939,0,0.2901516063383128
Clc1ccccc1C(c1ccccc1)(c1ccccc1)n1ccnc1,0,c1ccc(C(c2ccccc2)(c2ccccc2)n2ccnc2)cc1,C[C@@H](c1ncncc1F)[C@](O)(Cn1cncn1)c1ccc(F)cc1F,1,c1ccc(C(Cc2ccncn2)Cn2cncn2)cc1,0.1625,0,0.1055062201767537
CNCCC=C1c2ccccc2CCc2ccccc21,0,C=C1c2ccccc2CCc2ccccc21,CN(C)CCC=C1c2ccccc2CCc2ccccc21,1,C=C1c2ccccc2CCc2ccccc21,0.5923371647509579,0,0.18846459071755484
CNCCC=C1c2ccccc2CCc2ccccc21,0,C=C1c2ccccc2CCc2ccccc21,CN(C)CC/C=C1/c2ccccc2COc2ccccc21,1,C=C1c2ccccc2COc2ccccc21,0.39931623931623933,0,0.2312299216791386
CNCCC=C1c2ccccc2CCc2ccccc21,0,C=C1c2ccccc2CCc2ccccc21,CNCC[C@@H](Oc1ccccc1C)c1ccccc1,1,c1ccc(COc2ccccc2)cc1,0.2723889555822329,0,0.23974437259913192
CNCCC=C1c2ccccc2CCc2ccccc21,0,C=C1c2ccccc2CCc2ccccc21,CNCC[C@@H](Oc1ccc(C(F)(F)F)cc1)c1ccccc1,1,c1ccc(COc2ccccc2)cc1,0.2702702702702703,0,0.2295393892891099
CN(C)CCC=C1c2ccccc2CCc2ccccc21,1,C=C1c2ccccc2CCc2ccccc21,CN(C)CC/C=C1/c2ccccc2COc2ccccc21,1,C=C1c2ccccc2COc2ccccc21,0.6661184210526316,0,0.49478363381447316
CN(C)CCC=C1c2ccccc2CCc2ccccc21,1,C=C1c2ccccc2CCc2ccccc21,CN(C)CCCN1c2ccccc2CCc2ccccc21,1,c1ccc2c(c1)CCc1ccccc1N2,0.42545731707317075,0,0.41635440319230255
CN(C)CCC=C1c2ccccc2CCc2ccccc21,1,C=C1c2ccccc2CCc2ccccc21,CN(C)CCCN1c2ccccc2CCc2ccc(Cl)cc21,1,c1ccc2c(c1)CCc1ccccc1N2,0.3509473684210527,0,0.3788735069316061
CN(C)CCC=C1c2ccccc2CCc2ccccc21,1,C=C1c2ccccc2CCc2ccccc21,CN(C)CCCN1c2ccccc2Sc2ccccc21,1,c1ccc2c(c1)Nc1ccccc1S2,0.27340153452685423,1,0.5586611479146009
CC[C@]1(C)CC(=O)NC1=O,0,O=C1CCC(=O)N1,CCC1(c2ccccc2)C(=O)NC(=O)NC1=O,1,O=C1NC(=O)C(c2ccccc2)C(=O)N1,0.2814814814814815,0,0.04590254853604014
CC[C@]1(C)CC(=O)NC1=O,0,O=C1CCC(=O)N1,O=C1NC(=O)C(c2ccccc2)(c2ccccc2)N1,1,O=C1NC(=O)C(c2ccccc2)(c2ccccc2)N1,0.1741741741741742,0,0.03572306072988236
CC[C@]1(C)CC(=O)NC1=O,0,O=C1CCC(=O)N1,CN1C(=O)[C@@](C)(C2=CCCCC2)C(=O)N=C1O,1,O=C1N=CNC(=O)C1C1=CCCCC1,0.15944700460829492,0,0.01835975729909996
CC[C@]1(C)CC(=O)NC1=O,0,O=C1CCC(=O)N1,C[C@]12CC[C@@H]3c4ccc(O)cc4CC[C@H]3[C@@H]1CCC2=O,1,O=C1CCC2C1CCC1c3ccccc3CCC12,0.15307692307692308,0,0.03257128156340342
COc1cc2c(c(OC)c1OC)-c1ccc(OC)c(=O)cc1[C@@H](NC(C)=O)CC2,0,O=c1cccc2c(c1)CCCc1ccccc1-2,C#C[C@]1(O)CC[C@H]2[C@@H]3CCc4cc(OC)ccc4[C@H]3CC[C@@]21C,1,c1ccc2c(c1)CCC1C2CCC2CCCC21,0.21287277408281485,0,0.06290422497701544
COc1cc2c(c(OC)c1OC)-c1ccc(OC)c(=O)cc1[C@@H](NC(C)=O)CC2,0,O=c1cccc2c(c1)CCCc1ccccc1-2,C[C@]12CC[C@@H]3c4ccc(O)cc4CC[C@H]3[C@@H]1CCC2=O,1,O=C1CCC2C1CCC1c3ccccc3CCC12,0.20114942528735635,0,0.13079177115499738
COc1cc2c(c(OC)c1OC)-c1ccc(OC)c(=O)cc1[C@@H](NC(C)=O)CC2,0,O=c1cccc2c(c1)CCCc1ccccc1-2,COc1cc(Cc2cnc(N)nc2N)cc(OC)c1OC,1,c1ccc(Cc2cncnc2)cc1,0.19687848383500559,0,0.1321455379049292
COc1cc2c(c(OC)c1OC)-c1ccc(OC)c(=O)cc1[C@@H](NC(C)=O)CC2,0,O=c1cccc2c(c1)CCCc1ccccc1-2,CCOc1ccc(NC(C)=O)cc1,1,c1ccccc1,0.1831608005521049,0,0.06731419577298835
Cc1ccc(S(=O)(=O)NC(=O)NN2C[C@H]3CCC[C@H]3C2)cc1,1,O=C(NN1CC2CCCC2C1)NS(=O)(=O)c1ccccc1,CCCCNC(=O)NS(=O)(=O)c1ccc(C)cc1,1,c1ccccc1,0.4725490196078432,1,0.7640445959321089
Cc1ccc(S(=O)(=O)NC(=O)NN2C[C@H]3CCC[C@H]3C2)cc1,1,O=C(NN1CC2CCCC2C1)NS(=O)(=O)c1ccccc1,Cc1cnc(C(=O)NCCc2ccc(S(=O)(=O)NC(=O)NC3CCCCC3)cc2)cn1,1,O=C(NC1CCCCC1)NS(=O)(=O)c1ccc(CCNC(=O)c2cnccn2)cc1,0.3440146207736826,1,0.8375353039963453
Cc1ccc(S(=O)(=O)NC(=O)NN2C[C@H]3CCC[C@H]3C2)cc1,1,O=C(NN1CC2CCCC2C1)NS(=O)(=O)c1ccccc1,Cc1cccc(Nc2ccncc2S(=O)(=O)NC(=O)NC(C)C)c1,1,c1ccc(Nc2ccncc2)cc1,0.26829119707584526,1,0.8957061230454515
Cc1ccc(S(=O)(=O)NC(=O)NN2C[C@H]3CCC[C@H]3C2)cc1,1,O=C(NN1CC2CCCC2C1)NS(=O)(=O)c1ccccc1,Cc1cc(NS(=O)(=O)c2ccc(N)cc2)no1,1,O=S(=O)(Nc1ccon1)c1ccccc1,0.24025974025974026,1,0.8867848301269693
Fc1ccc([C@@H]2CCNC[C@H]2COc2ccc3c(c2)OCO3)cc1,0,c1ccc(C2CCNCC2COc2ccc3c(c2)OCO3)cc1,C#C[C@]1(O)CC[C@H]2[C@@H]3CCc4cc(OC)ccc4[C@H]3CC[C@@]21C,1,c1ccc2c(c1)CCC1C2CCC2CCCC21,0.17666666666666667,0,0.055323381272489
Fc1ccc([C@@H]2CCNC[C@H]2COc2ccc3c(c2)OCO3)cc1,0,c1ccc(C2CCNCC2COc2ccc3c(c2)OCO3)cc1,CC/C(=C(/c1ccccc1)c1ccc(OCCN(C)C)cc1)c1ccccc1,1,C(=C(c1ccccc1)c1ccccc1)c1ccccc1,0.16267605633802817,0,0.08771179499305375
Fc1ccc([C@@H]2CCNC[C@H]2COc2ccc3c(c2)OCO3)cc1,0,c1ccc(C2CCNCC2COc2ccc3c(c2)OCO3)cc1,CNCC[C@@H](Oc1ccc(C(F)(F)F)cc1)c1ccccc1,1,c1ccc(COc2ccccc2)cc1,0.15315315315315314,0,0.02241412938926674
Fc1ccc([C@@H]2CCNC[C@H]2COc2ccc3c(c2)OCO3)cc1,0,c1ccc(C2CCNCC2COc2ccc3c(c2)OCO3)cc1,CN[C@H]1CC[C@@H](c2ccc(Cl)c(Cl)c2)c2ccccc21,1,c1ccc(C2CCCc3ccccc32)cc1,0.14940845070422537,0,0.04672424828558682
COc1c2occc2cc2ccc(=O)oc12,0,O=c1ccc2cc3ccoc3cc2o1,COc1ccc2cc([C@H](C)C(=O)O)ccc2c1,1,c1ccc2ccccc2c1,0.22610346464167064,0,0.34959265271249607
COc1c2occc2cc2ccc(=O)oc12,0,O=c1ccc2cc3ccoc3cc2o1,COc1cc(Cc2cnc(N)nc2N)cc(OC)c1OC,1,c1ccc(Cc2cncnc2)cc1,0.1966173361522199,0,0.2946786783534244
COc1c2occc2cc2ccc(=O)oc12,0,O=c1ccc2cc3ccoc3cc2o1,COc1ccc2nc([S@H](=O)Cc3ncc(C)c(OC)c3C)[nH]c2c1,1,O=[SH](Cc1ccccn1)c1nc2ccccc2[nH]1,0.1877280265339967,0,0.41296013898397527
COc1c2occc2cc2ccc(=O)oc12,0,O=c1ccc2cc3ccoc3cc2o1,CC(=O)C[C@@H](c1ccccc1)c1c(O)c2ccccc2oc1=O,1,O=c1oc2ccccc2cc1Cc1ccccc1,0.1730977280923188,0,0.3546099119590606
CNCCCC12CCC(c3ccccc31)c1ccccc12,0,c1ccc2c(c1)C1CCC2c2ccccc21,CN[C@H]1CC[C@@H](c2ccc(Cl)c(Cl)c2)c2ccccc21,1,c1ccc(C2CCCc3ccccc32)cc1,0.289760348583878,0,0.12036887583287215
CNCCCC12CCC(c3ccccc31)c1ccccc12,0,c1ccc2c(c1)C1CCC2c2ccccc21,CNCC[C@@H](Oc1ccccc1C)c1ccccc1,1,c1ccc(COc2ccccc2)cc1,0.2542483660130719,0,0.14810175791543687
CNCCCC12CCC(c3ccccc31)c1ccccc12,0,c1ccc2c(c1)C1CCC2c2ccccc21,CNCC[C@@H](Oc1ccc(C(F)(F)F)cc1)c1ccccc1,1,c1ccc(COc2ccccc2)cc1,0.23578751164958062,0,0.17913664000264876
CNCCCC12CCC(c3ccccc31)c1ccccc12,0,c1ccc2c(c1)C1CCC2c2ccccc21,CCCCC1C(=O)N(c2ccccc2)N(c2ccccc2)C1=O,1,O=C1CC(=O)N(c2ccccc2)N1c1ccccc1,0.1758490566037736,0,0.2739901895111559
CN1[C@@H]2CC[C@H]1CC(NC(=O)c1cc(Cl)cc3c1OC(C)(C)C3)C2,0,O=C(NC1CC2CCC(C1)N2)c1cccc2c1OCC2,CN1[C@@H]2CC[C@H]1CC(OC(=O)c1c[nH]c3ccccc13)C2,1,O=C(OC1CC2CCC(C1)N2)c1c[nH]c2ccccc12,0.25697151424287856,0,0.03367056501047559
CN1[C@@H]2CC[C@H]1CC(NC(=O)c1cc(Cl)cc3c1OC(C)(C)C3)C2,0,O=C(NC1CC2CCC(C1)N2)c1cccc2c1OCC2,CN(C)CCCN1c2ccccc2CCc2ccc(Cl)cc21,1,c1ccc2c(c1)CCc1ccccc1N2,0.1843035343035343,0,0.0823789833798973
CN1[C@@H]2CC[C@H]1CC(NC(=O)c1cc(Cl)cc3c1OC(C)(C)C3)C2,0,O=C(NC1CC2CCC(C1)N2)c1cccc2c1OCC2,Cc1cnc(C(=O)NCCc2ccc(S(=O)(=O)NC(=O)NC3CCCCC3)cc2)cn1,1,O=C(NC1CCCCC1)NS(=O)(=O)c1ccc(CCNC(=O)c2cnccn2)cc1,0.18244631185807658,0,0.11068014392108252
CN1[C@@H]2CC[C@H]1CC(NC(=O)c1cc(Cl)cc3c1OC(C)(C)C3)C2,0,O=C(NC1CC2CCC(C1)N2)c1cccc2c1OCC2,Cc1c(O)cccc1C(=O)N[C@@H](CSc1ccccc1)[C@H](O)CN1C[C@H]2CCCC[C@H]2C[C@H]1C(=O)NC(C)(C)C,1,O=C(NC(CCN1CCC2CCCCC2C1)CSc1ccccc1)c1ccccc1,0.1807777777777778,0,0.057424414913311544
COc1cc(C(=O)NS(=O)(=O)c2ccccc2C)ccc1Cc1cn(C)c2ccc(NC(=O)OC3CCCC3)cc12,1,O=C(Nc1ccc2[nH]cc(Cc3ccc(C(=O)NS(=O)(=O)c4ccccc4)cc3)c2c1)OC1CCCC1,Cc1cnc(C(=O)NCCc2ccc(S(=O)(=O)NC(=O)NC3CCCCC3)cc2)cn1,1,O=C(NC1CCCCC1)NS(=O)(=O)c1ccc(CCNC(=O)c2cnccn2)cc1,0.20784363822176802,1,0.825038167401462
COc1cc(C(=O)NS(=O)(=O)c2ccccc2C)ccc1Cc1cn(C)c2ccc(NC(=O)OC3CCCC3)cc12,1,O=C(Nc1ccc2[nH]cc(Cc3ccc(C(=O)NS(=O)(=O)c4ccccc4)cc3)c2c1)OC1CCCC1,Cc1ccc(S(=O)(=O)NC(=O)NN2C[C@H]3CCC[C@H]3C2)cc1,1,O=C(NN1CC2CCCC2C1)NS(=O)(=O)c1ccccc1,0.20057971014492756,1,0.9340471516003018
COc1cc(C(=O)NS(=O)(=O)c2ccccc2C)ccc1Cc1cn(C)c2ccc(NC(=O)OC3CCCC3)cc12,1,O=C(Nc1ccc2[nH]cc(Cc3ccc(C(=O)NS(=O)(=O)c4ccccc4)cc3)c2c1)OC1CCCC1,COc1ccccc1Oc1c(NS(=O)(=O)c2ccc(C(C)(C)C)cc2)nc(-c2ncccn2)nc1OCCO,1,O=S(=O)(Nc1nc(-c2ncccn2)ncc1Oc1ccccc1)c1ccccc1,0.1941284403669725,1,0.6374233411517553
COc1cc(C(=O)NS(=O)(=O)c2ccccc2C)ccc1Cc1cn(C)c2ccc(NC(=O)OC3CCCC3)cc12,1,O=C(Nc1ccc2[nH]cc(Cc3ccc(C(=O)NS(=O)(=O)c4ccccc4)cc3)c2c1)OC1CCCC1,Cc1cccc(Nc2ccncc2S(=O)(=O)NC(=O)NC(C)C)c1,1,c1ccc(Nc2ccncc2)cc1,0.1924963924963925,1,0.835963917459948
CNCC[C@@H](Oc1ccc(C(F)(F)F)cc1)c1ccccc1,1,c1ccc(COc2ccccc2)cc1,CNCC[C@@H](Oc1ccccc1C)c1ccccc1,1,c1ccc(COc2ccccc2)cc1,0.5782991202346041,0,0.40822533213795187
CNCC[C@@H](Oc1ccc(C(F)(F)F)cc1)c1ccccc1,1,c1ccc(COc2ccccc2)cc1,CN(C)CCOc1ccc(/C(=C(\CCCl)c2ccccc2)c2ccccc2)cc1,1,C(=C(c1ccccc1)c1ccccc1)c1ccccc1,0.200552104899931,0,0.3198414656160671
CNCC[C@@H](Oc1ccc(C(F)(F)F)cc1)c1ccccc1,1,c1ccc(COc2ccccc2)cc1,CC/C(=C(/c1ccccc1)c1ccc(OCCN(C)C)cc1)c1ccccc1,1,C(=C(c1ccccc1)c1ccccc1)c1ccccc1,0.2,0,0.3197901536894614
CNCC[C@@H](Oc1ccc(C(F)(F)F)cc1)c1ccccc1,1,c1ccc(COc2ccccc2)cc1,CC1=C(C)C(=O)C([C@@H](CCCCCC(=O)O)c2ccccc2)=C(C)C1=O,1,O=C1C=CC(=O)C(Cc2ccccc2)=C1,0.19750000000000004,1,0.6783505079362686
CNCC[C@@H](Oc1ccccc1C)c1ccccc1,1,c1ccc(COc2ccccc2)cc1,CNCC[C@@H](Oc1ccc(C(F)(F)F)cc1)c1ccccc1,1,c1ccc(COc2ccccc2)cc1,0.5782991202346041,0,0.31776135287288915
CNCC[C@@H](Oc1ccccc1C)c1ccccc1,1,c1ccc(COc2ccccc2)cc1,CC1=C(C)C(=O)C([C@@H](CCCCCC(=O)O)c2ccccc2)=C(C)C1=O,1,O=C1C=CC(=O)C(Cc2ccccc2)=C1,0.2290909090909091,1,0.5321964949665453
CNCC[C@@H](Oc1ccccc1C)c1ccccc1,1,c1ccc(COc2ccccc2)cc1,Cc1ccc(O)c([C@@H](CCN(C(C)C)C(C)C)c2ccccc2)c1,1,c1ccc(Cc2ccccc2)cc1,0.22464646464646465,0,0.3412441562960736
CNCC[C@@H](Oc1ccccc1C)c1ccccc1,1,c1ccc(COc2ccccc2)cc1,CNC(=O)Oc1cccc2ccccc12,1,c1ccc2ccccc2c1,0.22283507997793714,0,0.4125751485120236
NCC[C@@H](Oc1ccc(C(F)(F)F)cc1)c1ccccc1,0,c1ccc(COc2ccccc2)cc1,CNCC[C@@H](Oc1ccc(C(F)(F)F)cc1)c1ccccc1,1,c1ccc(COc2ccccc2)cc1,0.7063414634146342,0,0.021219521623928466
NCC[C@@H](Oc1ccc(C(F)(F)F)cc1)c1ccccc1,0,c1ccc(COc2ccccc2)cc1,CNCC[C@@H](Oc1ccccc1C)c1ccccc1,1,c1ccc(COc2ccccc2)cc1,0.3703153988868274,0,0.028443730893782652
NCC[C@@H](Oc1ccc(C(F)(F)F)cc1)c1ccccc1,0,c1ccc(COc2ccccc2)cc1,CN(C)CCOc1ccc(/C(=C(\CCCl)c2ccccc2)c2ccccc2)cc1,1,C(=C(c1ccccc1)c1ccccc1)c1ccccc1,0.1947839046199702,0,0.10105228585114691
NCC[C@@H](Oc1ccc(C(F)(F)F)cc1)c1ccccc1,0,c1ccc(COc2ccccc2)cc1,CC/C(=C(/c1ccccc1)c1ccc(OCCN(C)C)cc1)c1ccccc1,1,C(=C(c1ccccc1)c1ccccc1)c1ccccc1,0.19374498797113074,0,0.10196148067383662
CCCCOC(=O)C(=O)Nc1cccc(-c2nnn[nH]2)c1,0,c1ccc(-c2nnn[nH]2)cc1,CCCCc1nc(Cl)c(CO)n1Cc1ccc(-c2ccccc2-c2nnn[nH]2)cc1,1,c1ccc(-c2nnn[nH]2)c(-c2ccc(Cn3ccnc3)cc2)c1,0.30479183032207385,0,0.25576247645120775
CCCCOC(=O)C(=O)Nc1cccc(-c2nnn[nH]2)c1,0,c1ccc(-c2nnn[nH]2)cc1,CCOc1nc2cccc(C(=O)O)c2n1Cc1ccc(-c2ccccc2-c2nnn[nH]2)cc1,1,c1ccc(-c2nnn[nH]2)c(-c2ccc(Cn3cnc4ccccc43)cc2)c1,0.30376811594202896,0,0.2663266908834492
CCCCOC(=O)C(=O)Nc1cccc(-c2nnn[nH]2)c1,0,c1ccc(-c2nnn[nH]2)cc1,CCOc1ccc(NC(C)=O)cc1,1,c1ccccc1,0.2539730134932534,0,0.19799165317692385
CCCCOC(=O)C(=O)Nc1cccc(-c2nnn[nH]2)c1,0,c1ccc(-c2nnn[nH]2)cc1,CCCSc1ccc2nc(NC(=O)OC)[nH]c2c1,1,c1ccc2[nH]cnc2c1,0.23281913704448914,0,0.2885923169645522
CC1=C(CC(=O)O)c2cc(F)ccc2/C1=C\c1ccc([S@@H](C)=O)cc1,0,C1=Cc2ccccc2C1=Cc1ccccc1,CC1=C(C)C(=O)C([C@@H](CCCCCC(=O)O)c2ccccc2)=C(C)C1=O,1,O=C1C=CC(=O)C(Cc2ccccc2)=C1,0.20117647058823532,0,0.23762427230700595
CC1=C(CC(=O)O)c2cc(F)ccc2/C1=C\c1ccc([S@@H](C)=O)cc1,0,C1=Cc2ccccc2C1=Cc1ccccc1,CC(C)Cc1ccc([C@@H](C)C(=O)O)cc1,1,c1ccccc1,0.17333333333333334,0,0.09528478903787942
CC1=C(CC(=O)O)c2cc(F)ccc2/C1=C\c1ccc([S@@H](C)=O)cc1,0,C1=Cc2ccccc2C1=Cc1ccccc1,COc1ccc2cc([C@H](C)C(=O)O)ccc2c1,1,c1ccc2ccccc2c1,0.15955882352941175,0,0.10231781748360623
CC1=C(CC(=O)O)c2cc(F)ccc2/C1=C\c1ccc([S@@H](C)=O)cc1,0,C1=Cc2ccccc2C1=Cc1ccccc1,CC(=O)Oc1ccccc1C(=O)O,1,c1ccccc1,0.15876859218263578,0,0.0852504772348592
CN1CCc2cccc3c2[C@@H]1Cc1ccc(O)c(O)c1-3,0,c1ccc2c(c1)CC1NCCc3cccc-2c31,CN(C)CCC=C1c2ccccc2CCc2ccccc21,1,C=C1c2ccccc2CCc2ccccc21,0.2210526315789474,0,0.19146298775309406
CN1CCc2cccc3c2[C@@H]1Cc1ccc(O)c(O)c1-3,0,c1ccc2c(c1)CC1NCCc3cccc-2c31,O=C(C1CCCCC1)N1CC(=O)N2CCc3ccccc3[C@H]2C1,1,O=C(C1CCCCC1)N1CC(=O)N2CCc3ccccc3C2C1,0.21243781094527364,0,0.23502064226485397
CN1CCc2cccc3c2[C@@H]1Cc1ccc(O)c(O)c1-3,0,c1ccc2c(c1)CC1NCCc3cccc-2c31,CC(C)c1cccc(C(C)C)c1O,1,c1ccccc1,0.20462006079027356,0,0.23854028419303508
CN1CCc2cccc3c2[C@@H]1Cc1ccc(O)c(O)c1-3,0,c1ccc2c(c1)CC1NCCc3cccc-2c31,CN(C)CCCN1c2ccccc2CCc2ccccc21,1,c1ccc2c(c1)CCc1ccccc1N2,0.20438596491228073,0,0.2666951102899149
CC(C)C1CCC(C(=O)N[C@H](Cc2ccccc2)C(=O)O)CC1,1,O=C(NCCc1ccccc1)C1CCCCC1,CC(C)Cc1ccc([C@@H](C)C(=O)O)cc1,1,c1ccccc1,0.3414285714285714,0,0.2647478498184909
CC(C)C1CCC(C(=O)N[C@H](Cc2ccccc2)C(=O)O)CC1,1,O=C(NCCc1ccccc1)C1CCCCC1,CC(C)C[C@@H](NC(=O)[C@@H](Cc1ccccc1)NC(=O)c1cnccn1)B(O)O,1,O=C(NCCc1ccccc1)c1cnccn1,0.3100055279159757,1,0.6771147522721299
CC(C)C1CCC(C(=O)N[C@H](Cc2ccccc2)C(=O)O)CC1,1,O=C(NCCc1ccccc1)C1CCCCC1,C#CCN(C)[C@@H](C)Cc1ccccc1,1,c1ccccc1,0.2781512605042017,0,0.3327563689287366
CC(C)C1CCC(C(=O)N[C@H](Cc2ccccc2)C(=O)O)CC1,1,O=C(NCCc1ccccc1)C1CCCCC1,CCOc1cc(CC(=O)N[C@@H](CC(C)C)c2ccccc2N2CCCCC2)ccc1C(=O)O,1,O=C(Cc1ccccc1)NCc1ccccc1N1CCCCC1,0.24221611721611724,0,0.48417958698691266
CC[C@H]1OC(=O)[C@H](C)[C@@H](O[C@H]2C[C@@](C)(OC)[C@@H](O)[C@H](C)O2)[C@H](C)[C@@H](O[C@@H]2O[C@H](C)C[C@H](N(C)C)[C@H]2O)[C@](C)(OC)C[C@@H](C)C(=O)[C@H](C)[C@@H](O)[C@]1(C)O,0,O=C1CCCCOC(=O)CC(OC2CCCCO2)CC(OC2CCCCO2)CCC1,C#C[C@]1(O)CC[C@H]2[C@@H]3CCc4cc(OC)ccc4[C@H]3CC[C@@]21C,1,c1ccc2c(c1)CCC1C2CCC2CCCC21,0.12317028765626896,0,1.1277534907650318e-05
CC[C@H]1OC(=O)[C@H](C)[C@@H](O[C@H]2C[C@@](C)(OC)[C@@H](O)[C@H](C)O2)[C@H](C)[C@@H](O[C@@H]2O[C@H](C)C[C@H](N(C)C)[C@H]2O)[C@](C)(OC)C[C@@H](C)C(=O)[C@H](C)[C@@H](O)[C@]1(C)O,0,O=C1CCCCOC(=O)CC(OC2CCCCO2)CC(OC2CCCCO2)CCC1,Cc1c(C)c2c(c(C)c1O)CC[C@](C)(COc1ccc(C[C@@H]3SC(=O)NC3=O)cc1)O2,1,O=C1NC(=O)C(Cc2ccc(OCC3CCc4ccccc4O3)cc2)S1,0.11907805133577791,0,3.4888032754010355e-05
CC[C@H]1OC(=O)[C@H](C)[C@@H](O[C@H]2C[C@@](C)(OC)[C@@H](O)[C@H](C)O2)[C@H](C)[C@@H](O[C@@H]2O[C@H](C)C[C@H](N(C)C)[C@H]2O)[C@](C)(OC)C[C@@H](C)C(=O)[C@H](C)[C@@H](O)[C@]1(C)O,0,O=C1CCCCOC(=O)CC(OC2CCCCO2)CC(OC2CCCCO2)CCC1,COc1ccc([C@@H]2Sc3ccccc3N(CCN(C)C)C(=O)[C@@H]2OC(C)=O)cc1,1,O=C1CC(c2ccccc2)Sc2ccccc2N1,0.11818840579710146,0,3.105252257303588e-05
CC[C@H]1OC(=O)[C@H](C)[C@@H](O[C@H]2C[C@@](C)(OC)[C@@H](O)[C@H](C)O2)[C@H](C)[C@@H](O[C@@H]2O[C@H](C)C[C@H](N(C)C)[C@H]2O)[C@](C)(OC)C[C@@H](C)C(=O)[C@H](C)[C@@H](O)[C@]1(C)O,0,O=C1CCCCOC(=O)CC(OC2CCCCO2)CC(OC2CCCCO2)CCC1,O=C(OC1C[C@@H]2CC3C[C@H](C1)N2CC3=O)c1c[nH]c2ccccc12,1,O=C(OC1CC2CC3CC(C1)N2CC3=O)c1c[nH]c2ccccc12,0.11459781529294936,0,2.5445841852709466e-05
CC[C@H]1OC(=O)[C@H](C)[C@@H](O[C@H]2C[C@@](C)(OC)[C@@H](O)[C@H](C)O2)[C@H](C)[C@@H](O[C@@H]2O[C@H](C)C[C@H](N(C)C)[C@H]2O)[C@](C)(O)C[C@](C)(F)C(=O)[C@H](C)[C@@H](O)[C@]1(C)O,0,O=C1CCCCOC(=O)CC(OC2CCCCO2)CC(OC2CCCCO2)CCC1,COc1ccc([C@@H]2Sc3ccccc3N(CCN(C)C)C(=O)[C@@H]2OC(C)=O)cc1,1,O=C1CC(c2ccccc2)Sc2ccccc2N1,0.11394957983193278,0,1.686440987784784e-05
CC[C@H]1OC(=O)[C@H](C)[C@@H](O[C@H]2C[C@@](C)(OC)[C@@H](O)[C@H](C)O2)[C@H](C)[C@@H](O[C@@H]2O[C@H](C)C[C@H](N(C)C)[C@H]2O)[C@](C)(O)C[C@](C)(F)C(=O)[C@H](C)[C@@H](O)[C@]1(C)O,0,O=C1CCCCOC(=O)CC(OC2CCCCO2)CC(OC2CCCCO2)CCC1,C#C[C@]1(O)CC[C@H]2[C@@H]3CCc4cc(OC)ccc4[C@H]3CC[C@@]21C,1,c1ccc2c(c1)CCC1C2CCC2CCCC21,0.11071428571428571,0,5.80253736675299e-06
CC[C@H]1OC(=O)[C@H](C)[C@@H](O[C@H]2C[C@@](C)(OC)[C@@H](O)[C@H](C)O2)[C@H](C)[C@@H](O[C@@H]2O[C@H](C)C[C@H](N(C)C)[C@H]2O)[C@](C)(O)C[C@](C)(F)C(=O)[C@H](C)[C@@H](O)[C@]1(C)O,0,O=C1CCCCOC(=O)CC(OC2CCCCO2)CC(OC2CCCCO2)CCC1,O=C(OC1C[C@@H]2CC3C[C@H](C1)N2CC3=O)c1c[nH]c2ccccc12,1,O=C(OC1CC2CC3CC(C1)N2CC3=O)c1c[nH]c2ccccc12,0.11037974683544305,0,1.6893417368040576e-05
CC[C@H]1OC(=O)[C@H](C)[C@@H](O[C@H]2C[C@@](C)(OC)[C@@H](O)[C@H](C)O2)[C@H](C)[C@@H](O[C@@H]2O[C@H](C)C[C@H](N(C)C)[C@H]2O)[C@](C)(O)C[C@](C)(F)C(=O)[C@H](C)[C@@H](O)[C@]1(C)O,0,O=C1CCCCOC(=O)CC(OC2CCCCO2)CC(OC2CCCCO2)CCC1,Cc1c(C)c2c(c(C)c1O)CC[C@](C)(COc1ccc(C[C@@H]3SC(=O)NC3=O)cc1)O2,1,O=C1NC(=O)C(Cc2ccc(OCC3CCc4ccccc4O3)cc2)S1,0.10759689922480621,0,2.154466468420361e-05
CC[C@H]1OC(=O)[C@H](C)[C@@H](O[C@H]2C[C@@](C)(OC)[C@@H](O)[C@H](C)O2)[C@H](C)[C@@H](O[C@@H]2O[C@H](C)C[C@H](N(C)C)[C@H]2O)[C@](C)(O)C[C@@H](C)C(=O)[C@H](C)[C@@H](O)[C@]1(C)O,0,O=C1CCCCOC(=O)CC(OC2CCCCO2)CC(OC2CCCCO2)CCC1,C#C[C@]1(O)CC[C@H]2[C@@H]3CCc4cc(OC)ccc4[C@H]3CC[C@@]21C,1,c1ccc2c(c1)CCC1C2CCC2CCCC21,0.12138687001072322,0,1.0105925230864738e-05
CC[C@H]1OC(=O)[C@H](C)[C@@H](O[C@H]2C[C@@](C)(OC)[C@@H](O)[C@H](C)O2)[C@H](C)[C@@H](O[C@@H]2O[C@H](C)C[C@H](N(C)C)[C@H]2O)[C@](C)(O)C[C@@H](C)C(=O)[C@H](C)[C@@H](O)[C@]1(C)O,0,O=C1CCCCOC(=O)CC(OC2CCCCO2)CC(OC2CCCCO2)CCC1,Cc1c(C)c2c(c(C)c1O)CC[C@](C)(COc1ccc(C[C@@H]3SC(=O)NC3=O)cc1)O2,1,O=C1NC(=O)C(Cc2ccc(OCC3CCc4ccccc4O3)cc2)S1,0.11741324271444754,0,3.3847994897781593e-05
CC[C@H]1OC(=O)[C@H](C)[C@@H](O[C@H]2C[C@@](C)(OC)[C@@H](O)[C@H](C)O2)[C@H](C)[C@@H](O[C@@H]2O[C@H](C)C[C@H](N(C)C)[C@H]2O)[C@](C)(O)C[C@@H](C)C(=O)[C@H](C)[C@@H](O)[C@]1(C)O,0,O=C1CCCCOC(=O)CC(OC2CCCCO2)CC(OC2CCCCO2)CCC1,COc1ccc([C@@H]2Sc3ccccc3N(CCN(C)C)C(=O)[C@@H]2OC(C)=O)cc1,1,O=C1CC(c2ccccc2)Sc2ccccc2N1,0.1168803418803419,0,2.6970741826651926e-05
CC[C@H]1OC(=O)[C@H](C)[C@@H](O[C@H]2C[C@@](C)(OC)[C@@H](O)[C@H](C)O2)[C@H](C)[C@@H](O[C@@H]2O[C@H](C)C[C@H](N(C)C)[C@H]2O)[C@](C)(O)C[C@@H](C)C(=O)[C@H](C)[C@@H](O)[C@]1(C)O,0,O=C1CCCCOC(=O)CC(OC2CCCCO2)CC(OC2CCCCO2)CCC1,O=C(OC1C[C@@H]2CC3C[C@H](C1)N2CC3=O)c1c[nH]c2ccccc12,1,O=C(OC1CC2CC3CC(C1)N2CC3=O)c1c[nH]c2ccccc12,0.11306042884990254,0,2.74037873600258e-05
CN1C(=O)[C@@](C)(C2=CCCCC2)C(=O)N=C1O,1,O=C1N=CNC(=O)C1C1=CCCCC1,C[C@]12CC[C@@H]3c4ccc(O)cc4CC[C@H]3[C@@H]1CCC2=O,1,O=C1CCC2C1CCC1c3ccccc3CCC12,0.173015873015873,1,0.769616969548673
CN1C(=O)[C@@](C)(C2=CCCCC2)C(=O)N=C1O,1,O=C1N=CNC(=O)C1C1=CCCCC1,Cc1c(C)c2c(c(C)c1O)CC[C@](C)(COc1ccc(C[C@@H]3SC(=O)NC3=O)cc1)O2,1,O=C1NC(=O)C(Cc2ccc(OCC3CCc4ccccc4O3)cc2)S1,0.15300546448087432,1,0.8192294185958567
CN1C(=O)[C@@](C)(C2=CCCCC2)C(=O)N=C1O,1,O=C1N=CNC(=O)C1C1=CCCCC1,Cn1c(=O)c2c(ncn2C)n(C)c1=O,1,O=c1[nH]c(=O)c2[nH]cnc2[nH]1,0.1502673796791444,1,0.7795680701262938
CN1C(=O)[C@@](C)(C2=CCCCC2)C(=O)N=C1O,1,O=C1N=CNC(=O)C1C1=CCCCC1,Cn1c(=O)c2[nH]cnc2n(C)c1=O,1,O=c1[nH]c(=O)c2[nH]cnc2[nH]1,0.14715719063545152,1,0.7767335824698687
O=C1c2ccccc2C(=O)c2ccccc21,0,O=C1c2ccccc2C(=O)c2ccccc21,O=C1NC(=O)C(c2ccccc2)(c2ccccc2)N1,1,O=C1NC(=O)C(c2ccccc2)(c2ccccc2)N1,0.2801346801346801,0,0.07099871981587667
O=C1c2ccccc2C(=O)c2ccccc21,0,O=C1c2ccccc2C(=O)c2ccccc21,CCCCC1C(=O)N(c2ccccc2)N(c2ccccc2)C1=O,1,O=C1CC(=O)N(c2ccccc2)N1c1ccccc1,0.26956521739130435,0,0.21921642692090787
O=C1c2ccccc2C(=O)c2ccccc21,0,O=C1c2ccccc2C(=O)c2ccccc21,CCC1(c2ccccc2)C(=O)NC(=O)NC1=O,1,O=C1NC(=O)C(c2ccccc2)C(=O)N1,0.25333333333333335,0,0.14277344989564275
O=C1c2ccccc2C(=O)c2ccccc21,0,O=C1c2ccccc2C(=O)c2ccccc21,Nc1ccc(S(=O)(=O)c2ccc(N)cc2)cc1,1,O=S(=O)(c1ccccc1)c1ccccc1,0.24759725400457666,0,0.13247988995696322
O=C1c2c(O)ccc(O)c2C(=O)c2c(NCCNCCO)ccc(NCCNCCO)c21,0,O=C1c2ccccc2C(=O)c2ccccc21,CC(=O)Nc1ccc(O)cc1,1,c1ccccc1,0.1722727272727273,0,0.005038798935567701
O=C1c2c(O)ccc(O)c2C(=O)c2c(NCCNCCO)ccc(NCCNCCO)c21,0,O=C1c2ccccc2C(=O)c2ccccc21,Cc1ccc(O)c([C@@H](CCN(C(C)C)C(C)C)c2ccccc2)c1,1,c1ccc(Cc2ccccc2)cc1,0.1608726249120338,0,0.004831345000133785
O=C1c2c(O)ccc(O)c2C(=O)c2c(NCCNCCO)ccc(NCCNCCO)c21,0,O=C1c2ccccc2C(=O)c2ccccc21,CCCCNC(=O)NS(=O)(=O)c1ccc(C)cc1,1,c1ccccc1,0.1559090909090909,0,0.0021418679412721843
O=C1c2c(O)ccc(O)c2C(=O)c2c(NCCNCCO)ccc(NCCNCCO)c21,0,O=C1c2ccccc2C(=O)c2ccccc21,Nc1ccc(S(=O)(=O)c2ccc(N)cc2)cc1,1,O=S(=O)(c1ccccc1)c1ccccc1,0.14523809523809522,0,0.0028104024058397655
CCOc1cc(CC(=O)N[C@@H](CC(C)C)c2ccccc2N2CCCCC2)ccc1C(=O)O,1,O=C(Cc1ccccc1)NCc1ccccc1N1CCCCC1,CC(=O)Oc1ccccc1C(=O)O,1,c1ccccc1,0.2760897435897436,0,0.4002282767562546
CCOc1cc(CC(=O)N[C@@H](CC(C)C)c2ccccc2N2CCCCC2)ccc1C(=O)O,1,O=C(Cc1ccccc1)NCc1ccccc1N1CCCCC1,CC(C)C[C@@H](NC(=O)[C@@H](Cc1ccccc1)NC(=O)c1cnccn1)B(O)O,1,O=C(NCCc1ccccc1)c1cnccn1,0.24534883720930234,1,0.6150263238716099
CCOc1cc(CC(=O)N[C@@H](CC(C)C)c2ccccc2N2CCCCC2)ccc1C(=O)O,1,O=C(Cc1ccccc1)NCc1ccccc1N1CCCCC1,CC(C)C1CCC(C(=O)N[C@H](Cc2ccccc2)C(=O)O)CC1,1,O=C(NCCc1ccccc1)C1CCCCC1,0.24221611721611724,0,0.3203832494186086
CCOc1cc(CC(=O)N[C@@H](CC(C)C)c2ccccc2N2CCCCC2)ccc1C(=O)O,1,O=C(Cc1ccccc1)NCc1ccccc1N1CCCCC1,CCOc1ccc(NC(C)=O)cc1,1,c1ccccc1,0.241044776119403,0,0.24120460019373485
CN1CCC[C@@H]1Cc1c[nH]c2ccc(CCS(=O)(=O)c3ccccc3)cc12,1,O=S(=O)(CCc1ccc2[nH]cc(CC3CCCN3)c2c1)c1ccccc1,CN1[C@@H]2CC[C@H]1CC(OC(=O)c1c[nH]c3ccccc13)C2,1,O=C(OC1CC2CCC(C1)N2)c1c[nH]c2ccccc12,0.29740540540540544,0,0.455521069416165
CN1CCC[C@@H]1Cc1c[nH]c2ccc(CCS(=O)(=O)c3ccccc3)cc12,1,O=S(=O)(CCc1ccc2[nH]cc(CC3CCCN3)c2c1)c1ccccc1,O=C(OC1C[C@@H]2CC3C[C@H](C1)N2CC3=O)c1c[nH]c2ccccc12,1,O=C(OC1CC2CC3CC(C1)N2CC3=O)c1c[nH]c2ccccc12,0.23659611992945326,0,0.403721369514017
CN1CCC[C@@H]1Cc1c[nH]c2ccc(CCS(=O)(=O)c3ccccc3)cc12,1,O=S(=O)(CCc1ccc2[nH]cc(CC3CCCN3)c2c1)c1ccccc1,COc1cc(C(=O)NS(=O)(=O)c2ccccc2C)ccc1Cc1cn(C)c2ccc(NC(=O)OC3CCCC3)cc12,1,O=C(Nc1ccc2[nH]cc(Cc3ccc(C(=O)NS(=O)(=O)c4ccccc4)cc3)c2c1)OC1CCCC1,0.18691631992602867,0,0.4757944131985482
CN1CCC[C@@H]1Cc1c[nH]c2ccc(CCS(=O)(=O)c3ccccc3)cc12,1,O=S(=O)(CCc1ccc2[nH]cc(CC3CCCN3)c2c1)c1ccccc1,CCOc1cc(CC(=O)N[C@@H](CC(C)C)c2ccccc2N2CCCCC2)ccc1C(=O)O,1,O=C(Cc1ccccc1)NCc1ccccc1N1CCCCC1,0.18623655913978496,1,0.6059209806734787
COc1cc([C@@H]2c3cc4c(cc3[C@@H](O[C@@H]3O[C@@H]5CO[C@@H](c6cccs6)O[C@H]5[C@H](O)[C@H]3O)[C@H]3COC(=O)[C@H]23)OCO4)cc(OC)c1O,0,O=C1OCC2C(OC3CCC4OC(c5cccs5)OCC4O3)c3cc4c(cc3C(c3ccccc3)C12)OCO4,C[C@H](C(=O)O)c1cccc(C(=O)c2cccs2)c1,1,O=C(c1ccccc1)c1cccs1,0.16136363636363638,0,0.015408006615517014
COc1cc([C@@H]2c3cc4c(cc3[C@@H](O[C@@H]3O[C@@H]5CO[C@@H](c6cccs6)O[C@H]5[C@H](O)[C@H]3O)[C@H]3COC(=O)[C@H]23)OCO4)cc(OC)c1O,0,O=C1OCC2C(OC3CCC4OC(c5cccs5)OCC4O3)c3cc4c(cc3C(c3ccccc3)C12)OCO4,COc1cc(C(=O)NS(=O)(=O)c2ccccc2C)ccc1Cc1cn(C)c2ccc(NC(=O)OC3CCCC3)cc12,1,O=C(Nc1ccc2[nH]cc(Cc3ccc(C(=O)NS(=O)(=O)c4ccccc4)cc3)c2c1)OC1CCCC1,0.14875,0,0.011817619051466739
COc1cc([C@@H]2c3cc4c(cc3[C@@H](O[C@@H]3O[C@@H]5CO[C@@H](c6cccs6)O[C@H]5[C@H](O)[C@H]3O)[C@H]3COC(=O)[C@H]23)OCO4)cc(OC)c1O,0,O=C1OCC2C(OC3CCC4OC(c5cccs5)OCC4O3)c3cc4c(cc3C(c3ccccc3)C12)OCO4,C#C[C@]1(O)CC[C@H]2[C@@H]3CCc4cc(OC)ccc4[C@H]3CC[C@@]21C,1,c1ccc2c(c1)CCC1C2CCC2CCCC21,0.14444444444444446,0,0.002929527528357478
COc1cc([C@@H]2c3cc4c(cc3[C@@H](O[C@@H]3O[C@@H]5CO[C@@H](c6cccs6)O[C@H]5[C@H](O)[C@H]3O)[C@H]3COC(=O)[C@H]23)OCO4)cc(OC)c1O,0,O=C1OCC2C(OC3CCC4OC(c5cccs5)OCC4O3)c3cc4c(cc3C(c3ccccc3)C12)OCO4,COc1ccc([C@@H]2Sc3ccccc3N(CCN(C)C)C(=O)[C@@H]2OC(C)=O)cc1,1,O=C1CC(c2ccccc2)Sc2ccccc2N1,0.14428754813863928,0,0.012064464706727583
COc1cc(Cc2cnc(N)nc2N)cc(OC)c1OC,1,c1ccc(Cc2cncnc2)cc1,COc1ccc2nc([S@H](=O)Cc3ncc(C)c(OC)c3C)[nH]c2c1,1,O=[SH](Cc1ccccn1)c1nc2ccccc2[nH]1,0.21655773420479302,0,0.2516338788612695
COc1cc(Cc2cnc(N)nc2N)cc(OC)c1OC,1,c1ccc(Cc2cncnc2)cc1,COc1ccc(CCN(C)CCC[C@@](C#N)(c2ccc(OC)c(OC)c2)C(C)C)cc1OC,1,c1ccc(CCCCNCCc2ccccc2)cc1,0.181438127090301,0,0.2698751735695488
COc1cc(Cc2cnc(N)nc2N)cc(OC)c1OC,1,c1ccc(Cc2cncnc2)cc1,COc1ccccc1Oc1c(NS(=O)(=O)c2ccc(C(C)(C)C)cc2)nc(-c2ncccn2)nc1OCCO,1,O=S(=O)(Nc1nc(-c2ncccn2)ncc1Oc1ccccc1)c1ccccc1,0.17193548387096774,0,0.34534787461739497
COc1cc(Cc2cnc(N)nc2N)cc(OC)c1OC,1,c1ccc(Cc2cncnc2)cc1,COc1ccc2cc([C@H](C)C(=O)O)ccc2c1,1,c1ccc2ccccc2c1,0.16080808080808082,0,0.3731427610742389
CC(=O)NC[C@H]1CN(c2ccc(N3CCOCC3)c(F)c2)C(=O)O1,0,O=C1OCCN1c1ccc(N2CCOCC2)cc1,CCOc1cc(CC(=O)N[C@@H](CC(C)C)c2ccccc2N2CCCCC2)ccc1C(=O)O,1,O=C(Cc1ccccc1)NCc1ccccc1N1CCCCC1,0.18771816418875245,0,0.02311821478300993
CC(=O)NC[C@H]1CN(c2ccc(N3CCOCC3)c(F)c2)C(=O)O1,0,O=C1OCCN1c1ccc(N2CCOCC2)cc1,Cc1ccc(S(=O)(=O)NC(=O)NN2C[C@H]3CCC[C@H]3C2)cc1,1,O=C(NN1CC2CCCC2C1)NS(=O)(=O)c1ccccc1,0.1841769041769042,0,0.08555999459363087
CC(=O)NC[C@H]1CN(c2ccc(N3CCOCC3)c(F)c2)C(=O)O1,0,O=C1OCCN1c1ccc(N2CCOCC2)cc1,O=c1[nH]c(=O)n([C@@H]2CCCO2)cc1F,1,O=c1ccn(C2CCCO2)c(=O)[nH]1,0.17907990314769978,0,0.010966365256225269
CC(=O)NC[C@H]1CN(c2ccc(N3CCOCC3)c(F)c2)C(=O)O1,0,O=C1OCCN1c1ccc(N2CCOCC2)cc1,CCOc1ccc(NC(C)=O)cc1,1,c1ccccc1,0.17620094191522767,0,0.009443950432109917
C[C@H](C(=O)O)c1cccc(C(=O)c2cccs2)c1,1,O=C(c1ccccc1)c1cccs1,CC(C)Cc1ccc([C@@H](C)C(=O)O)cc1,1,c1ccccc1,0.37979797979797986,1,0.5642937997754253
C[C@H](C(=O)O)c1cccc(C(=O)c2cccs2)c1,1,O=C(c1ccccc1)c1cccs1,COc1ccc2cc([C@H](C)C(=O)O)ccc2c1,1,c1ccc2ccccc2c1,0.3722885313959523,1,0.551327804585032
C[C@H](C(=O)O)c1cccc(C(=O)c2cccs2)c1,1,O=C(c1ccccc1)c1cccs1,O=C(O)COc1ccc(C(=O)c2cccs2)c(Cl)c1Cl,1,O=C(c1ccccc1)c1cccs1,0.3663636363636364,1,0.6687133945144619
C[C@H](C(=O)O)c1cccc(C(=O)c2cccs2)c1,1,O=C(c1ccccc1)c1cccs1,CC(C)C1CCC(C(=O)N[C@H](Cc2ccccc2)C(=O)O)CC1,1,O=C(NCCc1ccccc1)C1CCCCC1,0.23855072463768118,1,0.6676858334167978
O=C(O)COc1ccc(C(=O)c2cccs2)c(Cl)c1Cl,1,O=C(c1ccccc1)c1cccs1,C[C@H](C(=O)O)c1cccc(C(=O)c2cccs2)c1,1,O=C(c1ccccc1)c1cccs1,0.3663636363636364,0,0.45781696721410564
O=C(O)COc1ccc(C(=O)c2cccs2)c(Cl)c1Cl,1,O=C(c1ccccc1)c1cccs1,CC(=O)Oc1ccccc1C(=O)O,1,c1ccccc1,0.21935753024614105,0,0.4853216883879876
O=C(O)COc1ccc(C(=O)c2cccs2)c(Cl)c1Cl,1,O=C(c1ccccc1)c1cccs1,CCOc1cc(CC(=O)N[C@@H](CC(C)C)c2ccccc2N2CCCCC2)ccc1C(=O)O,1,O=C(Cc1ccccc1)NCc1ccccc1N1CCCCC1,0.18823529411764708,1,0.7122648849346341
O=C(O)COc1ccc(C(=O)c2cccs2)c(Cl)c1Cl,1,O=C(c1ccccc1)c1cccs1,CC(C)Cc1ccc([C@@H](C)C(=O)O)cc1,1,c1ccccc1,0.18115942028985507,0,0.47796777675024965
CN1CCC[C@@H]1CCO[C@](C)(c1ccccc1)c1ccc(Cl)cc1,0,c1ccc(C(OCCC2CCCN2)c2ccccc2)cc1,CN1CCC[C@@H]1Cc1c[nH]c2ccc(CCS(=O)(=O)c3ccccc3)cc12,1,O=S(=O)(CCc1ccc2[nH]cc(CC3CCCN3)c2c1)c1ccccc1,0.29428792969759626,0,0.030044888540749593
CN1CCC[C@@H]1CCO[C@](C)(c1ccccc1)c1ccc(Cl)cc1,0,c1ccc(C(OCCC2CCCN2)c2ccccc2)cc1,CN(C)CCCN1c2ccccc2CCc2ccc(Cl)cc21,1,c1ccc2c(c1)CCc1ccccc1N2,0.2758720930232558,0,0.027874293508771672
CN1CCC[C@@H]1CCO[C@](C)(c1ccccc1)c1ccc(Cl)cc1,0,c1ccc(C(OCCC2CCCN2)c2ccccc2)cc1,CN(C)CCCN1c2ccccc2CCc2ccccc21,1,c1ccc2c(c1)CCc1ccccc1N2,0.21581920903954804,0,0.033860758393428586
CN1CCC[C@@H]1CCO[C@](C)(c1ccccc1)c1ccc(Cl)cc1,0,c1ccc(C(OCCC2CCCN2)c2ccccc2)cc1,CN1CCN2c3ccccc3Cc3cccnc3[C@@H]2C1,1,c1ccc2c(c1)Cc1cccnc1C1CNCCN21,0.2028587764436821,0,0.01676695762288717
C[C@]12CC[C@H](O)CC1=CC[C@@H]1[C@@H]2CC[C@]2(C)C(=O)CC[C@@H]12,0,O=C1CCC2C1CCC1C3CCCCC3=CCC21,C[C@]12CC[C@@H]3c4ccc(O)cc4CC[C@H]3[C@@H]1CCC2=O,1,O=C1CCC2C1CCC1c3ccccc3CCC12,0.39410774410774413,0,0.033973748386066996
C[C@]12CC[C@H](O)CC1=CC[C@@H]1[C@@H]2CC[C@]2(C)C(=O)CC[C@@H]12,0,O=C1CCC2C1CCC1C3CCCCC3=CCC21,C[C@]12CC[C@@H]3c4ccc(O)cc4CC[C@H]3[C@@H]1CC[C@@H]2O,1,c1ccc2c(c1)CCC1C2CCC2CCCC21,0.23281907433380086,0,0.055201208992217525
C[C@]12CC[C@H](O)CC1=CC[C@@H]1[C@@H]2CC[C@]2(C)C(=O)CC[C@@H]12,0,O=C1CCC2C1CCC1C3CCCCC3=CCC21,CN1C(=O)[C@@](C)(C2=CCCCC2)C(=O)N=C1O,1,O=C1N=CNC(=O)C1C1=CCCCC1,0.22153846153846157,0,0.017082593304821116
C[C@]12CC[C@H](O)CC1=CC[C@@H]1[C@@H]2CC[C@]2(C)C(=O)CC[C@@H]12,0,O=C1CCC2C1CCC1C3CCCCC3=CCC21,C#C[C@]1(O)CC[C@H]2[C@@H]3CCc4cc(OC)ccc4[C@H]3CC[C@@]21C,1,c1ccc2c(c1)CCC1C2CCC2CCCC21,0.20528301886792455,0,0.02797986761660256
Oc1nc2cc(Cl)ccc2o1,0,c1ccc2ocnc2c1,CC(C)/N=C(N)\N=C(/N)Nc1ccc(Cl)cc1,1,c1ccccc1,0.18908892525913804,0,0.09237188784463624
Oc1nc2cc(Cl)ccc2o1,0,c1ccc2ocnc2c1,Cc1ncc2n1-c1ccc(Cl)cc1C(c1ccccc1F)=NC2,1,c1ccc(C2=NCc3cncn3-c3ccccc32)cc1,0.1874504147133069,0,0.0766430371599043
Oc1nc2cc(Cl)ccc2o1,0,c1ccc2ocnc2c1,CC(C)(O)c1ccccc1CC[C@@H](SCC1(CC(=O)O)CC1)c1cccc(/C=C\c2ccc3ccc(Cl)cc3n2)c1,1,C(=Cc1ccc2ccccc2n1)c1cccc(C(CCc2ccccc2)SCC2CC2)c1,0.18573340982979536,0,0.007257721726564912
Oc1nc2cc(Cl)ccc2o1,0,c1ccc2ocnc2c1,CC[C@H](c1ccccc1)c1c(O)c2ccccc2oc1=O,1,O=c1oc2ccccc2cc1Cc1ccccc1,0.1742706838833094,0,0.0346788512093656
Nc1nc2cc(Cl)ccc2o1,0,c1ccc2ocnc2c1,Cc1ncc2n1-c1ccc(Cl)cc1C(c1ccccc1F)=NC2,1,c1ccc(C2=NCc3cncn3-c3ccccc32)cc1,0.1874504147133069,0,0.07328278464008514
Nc1nc2cc(Cl)ccc2o1,0,c1ccc2ocnc2c1,CC(C)(O)c1ccccc1CC[C@@H](SCC1(CC(=O)O)CC1)c1cccc(/C=C\c2ccc3ccc(Cl)cc3n2)c1,1,C(=Cc1ccc2ccccc2n1)c1cccc(C(CCc2ccccc2)SCC2CC2)c1,0.1706845238095238,0,0.009628764131980222
Nc1nc2cc(Cl)ccc2o1,0,c1ccc2ocnc2c1,CC(C)/N=C(N)\N=C(/N)Nc1ccc(Cl)cc1,1,c1ccccc1,0.16923076923076924,0,0.10728399474099383
Nc1nc2cc(Cl)ccc2o1,0,c1ccc2ocnc2c1,CN(C)CCCN1c2ccccc2CCc2ccc(Cl)cc21,1,c1ccc2c(c1)CCc1ccccc1N2,0.16444444444444445,0,0.17194883340235828
C[C@]12C=CC(=O)C=C1CC[C@@H]1[C@@H]2CC[C@]2(C)OC(=O)CC[C@@H]12,0,O=C1C=CC2C(=C1)CCC1C3CCC(=O)OC3CCC21,C[C@]12CC[C@@H]3c4ccc(O)cc4CC[C@H]3[C@@H]1CCC2=O,1,O=C1CCC2C1CCC1c3ccccc3CCC12,0.24000000000000002,0,0.015575348417419742
C[C@]12C=CC(=O)C=C1CC[C@@H]1[C@@H]2CC[C@]2(C)OC(=O)CC[C@@H]12,0,O=C1C=CC2C(=C1)CCC1C3CCC(=O)OC3CCC21,C#C[C@]1(O)CC[C@H]2[C@@H]3CCc4cc(OC)ccc4[C@H]3CC[C@@]21C,1,c1ccc2c(c1)CCC1C2CCC2CCCC21,0.1829302987197724,0,0.013088737356805722
C[C@]12C=CC(=O)C=C1CC[C@@H]1[C@@H]2CC[C@]2(C)OC(=O)CC[C@@H]12,0,O=C1C=CC2C(=C1)CCC1C3CCC(=O)OC3CCC21,C[C@]12CC[C@@H]3c4ccc(O)cc4CC[C@H]3[C@@H]1CC[C@@H]2O,1,c1ccc2c(c1)CCC1C2CCC2CCCC21,0.18214695752009186,0,0.013073454589118995
C[C@]12C=CC(=O)C=C1CC[C@@H]1[C@@H]2CC[C@]2(C)OC(=O)CC[C@@H]12,0,O=C1C=CC2C(=C1)CCC1C3CCC(=O)OC3CCC21,CN1C(=O)[C@@](C)(C2=CCCCC2)C(=O)N=C1O,1,O=C1N=CNC(=O)C1C1=CCCCC1,0.1812121212121212,0,0.005059481028473467
CCOCCn1c(N2CCCN(C)CC2)nc2ccccc21,0,c1ccc2[nH]c(N3CCCNCC3)nc2c1,CCc1nn(CCCN2CCN(c3cccc(Cl)c3)CC2)c(=O)n1CC,1,O=c1[nH]cnn1CCCN1CCN(c2ccccc2)CC1,0.22640437158469948,0,0.011665567837105772
CCOCCn1c(N2CCCN(C)CC2)nc2ccccc21,0,c1ccc2[nH]c(N3CCCNCC3)nc2c1,CN1CCN2c3ccccc3Cc3cccnc3[C@@H]2C1,1,c1ccc2c(c1)Cc1cccnc1C1CNCCN21,0.22271973466003317,0,0.029420494025887096
CCOCCn1c(N2CCCN(C)CC2)nc2ccccc21,0,c1ccc2[nH]c(N3CCCNCC3)nc2c1,CCCc1nn(C)c2c(=O)nc(-c3cc(S(=O)(=O)N4CCN(C)CC4)ccc3OCC)[nH]c12,1,O=c1nc(-c2cccc(S(=O)(=O)N3CCNCC3)c2)[nH]c2cn[nH]c12,0.21401720293086973,0,0.016569361224329848
CCOCCn1c(N2CCCN(C)CC2)nc2ccccc21,0,c1ccc2[nH]c(N3CCCNCC3)nc2c1,CN(C)CCCN1c2ccccc2CCc2ccccc21,1,c1ccc2c(c1)CCc1ccccc1N2,0.19958144401813743,0,0.03625294419845857
OC(Cn1cncn1)(Cn1cncn1)c1ccc(F)cc1F,0,c1ccc(C(Cn2cncn2)Cn2cncn2)cc1,C[C@@H](c1ncncc1F)[C@](O)(Cn1cncn1)c1ccc(F)cc1F,1,c1ccc(C(Cc2ccncn2)Cn2cncn2)cc1,0.6079245283018868,0,0.038669473007089034
OC(Cn1cncn1)(Cn1cncn1)c1ccc(F)cc1F,0,c1ccc(C(Cn2cncn2)Cn2cncn2)cc1,Cc1ncc2n1-c1ccc(Cl)cc1C(c1ccccc1F)=NC2,1,c1ccc(C2=NCc3cncn3-c3ccccc32)cc1,0.15740845070422538,0,0.1768504018232511
OC(Cn1cncn1)(Cn1cncn1)c1ccc(F)cc1F,0,c1ccc(C(Cn2cncn2)Cn2cncn2)cc1,Cc1ccc(-c2cc(C(F)(F)F)nn2-c2ccc(S(N)(=O)=O)cc2)cc1,1,c1ccc(-c2ccnn2-c2ccccc2)cc1,0.12461329715061059,0,0.28413146243692
OC(Cn1cncn1)(Cn1cncn1)c1ccc(F)cc1F,0,c1ccc(C(Cn2cncn2)Cn2cncn2)cc1,CC(C)(O)c1ccccc1CC[C@@H](SCC1(CC(=O)O)CC1)c1cccc(/C=C\c2ccc3ccc(Cl)cc3n2)c1,1,C(=Cc1ccc2ccccc2n1)c1cccc(C(CCc2ccccc2)SCC2CC2)c1,0.12414089347079038,0,0.00783767113826102
CO[C@H]1C=CO[C@@]2(C)Oc3c(C)c(O)c4c(c3C2=O)C2=NC3(CCN(CC(C)C)CC3)NC2=C(NC(=O)C(C)=CC=C[C@H](C)[C@H](O)[C@@H](C)[C@@H](O)[C@@H](C)[C@H](OC(C)=O)[C@@H]1C)C4=O,0,O=C1C=CC=CCCCCCCCCC=COC2Oc3ccc4c(c3C2=O)C2=NC3(CCNCC3)NC2=C(N1)C4=O,Cc1c(C)c2c(c(C)c1O)CC[C@](C)(COc1ccc(C[C@@H]3SC(=O)NC3=O)cc1)O2,1,O=C1NC(=O)C(Cc2ccc(OCC3CCc4ccccc4O3)cc2)S1,0.1928571428571429,0,0.0001461708955351922
CO[C@H]1C=CO[C@@]2(C)Oc3c(C)c(O)c4c(c3C2=O)C2=NC3(CCN(CC(C)C)CC3)NC2=C(NC(=O)C(C)=CC=C[C@H](C)[C@H](O)[C@@H](C)[C@@H](O)[C@@H](C)[C@H](OC(C)=O)[C@@H]1C)C4=O,0,O=C1C=CC=CCCCCCCCCC=COC2Oc3ccc4c(c3C2=O)C2=NC3(CCNCC3)NC2=C(N1)C4=O,COc1ccc([C@@H]2Sc3ccccc3N(CCN(C)C)C(=O)[C@@H]2OC(C)=O)cc1,1,O=C1CC(c2ccccc2)Sc2ccccc2N1,0.15247685561149912,0,8.714104407610381e-05
CO[C@H]1C=CO[C@@]2(C)Oc3c(C)c(O)c4c(c3C2=O)C2=NC3(CCN(CC(C)C)CC3)NC2=C(NC(=O)C(C)=CC=C[C@H](C)[C@H](O)[C@@H](C)[C@@H](O)[C@@H](C)[C@H](OC(C)=O)[C@@H]1C)C4=O,0,O=C1C=CC=CCCCCCCCCC=COC2Oc3ccc4c(c3C2=O)C2=NC3(CCNCC3)NC2=C(N1)C4=O,CC(C)(C)NC(=O)[C@@H]1CN(Cc2cccnc2)CCN1C[C@@H](O)C[C@@H](Cc1ccccc1)C(=O)N[C@H]1c2ccccc2C[C@H]1O,1,O=C(NC1CCc2ccccc21)C(CCCN1CCN(Cc2cccnc2)CC1)Cc1ccccc1,0.13643357047833884,0,0.0007364668588589269
CO[C@H]1C=CO[C@@]2(C)Oc3c(C)c(O)c4c(c3C2=O)C2=NC3(CCN(CC(C)C)CC3)NC2=C(NC(=O)C(C)=CC=C[C@H](C)[C@H](O)[C@@H](C)[C@@H](O)[C@@H](C)[C@H](OC(C)=O)[C@@H]1C)C4=O,0,O=C1C=CC=CCCCCCCCCC=COC2Oc3ccc4c(c3C2=O)C2=NC3(CCNCC3)NC2=C(N1)C4=O,Cc1c(O)cccc1C(=O)N[C@@H](CSc1ccccc1)[C@H](O)CN1C[C@H]2CCCC[C@H]2C[C@H]1C(=O)NC(C)(C)C,1,O=C(NC(CCN1CCC2CCCCC2C1)CSc1ccccc1)c1ccccc1,0.13528811830698623,0,0.0005414294167322391
C[C@H]1C[C@H]2[C@@H]3CCC4=CC(=O)C=C[C@]4(C)[C@@]3(F)[C@@H](O)C[C@]2(C)[C@@]1(O)C(=O)CO,0,O=C1C=CC2C(=C1)CCC1C3CCCC3CCC21,C[C@]12CC[C@@H]3c4ccc(O)cc4CC[C@H]3[C@@H]1CCC2=O,1,O=C1CCC2C1CCC1c3ccccc3CCC12,0.1797031863814928,0,0.006661856446061796
C[C@H]1C[C@H]2[C@@H]3CCC4=CC(=O)C=C[C@]4(C)[C@@]3(F)[C@@H](O)C[C@]2(C)[C@@]1(O)C(=O)CO,0,O=C1C=CC2C(=C1)CCC1C3CCCC3CCC21,C[C@]12CC[C@@H]3c4ccc(O)cc4CC[C@H]3[C@@H]1CC[C@@H]2O,1,c1ccc2c(c1)CCC1C2CCC2CCCC21,0.16448275862068967,0,0.012416392574752608
C[C@H]1C[C@H]2[C@@H]3CCC4=CC(=O)C=C[C@]4(C)[C@@]3(F)[C@@H](O)C[C@]2(C)[C@@]1(O)C(=O)CO,0,O=C1C=CC2C(=C1)CCC1C3CCCC3CCC21,CN1C(=O)[C@@](C)(C2=CCCCC2)C(=O)N=C1O,1,O=C1N=CNC(=O)C1C1=CCCCC1,0.16180010465724753,0,0.0027399425197859838
C[C@H]1C[C@H]2[C@@H]3CCC4=CC(=O)C=C[C@]4(C)[C@@]3(F)[C@@H](O)C[C@]2(C)[C@@]1(O)C(=O)CO,0,O=C1C=CC2C(=C1)CCC1C3CCCC3CCC21,C#C[C@]1(O)CC[C@H]2[C@@H]3CCc4cc(OC)ccc4[C@H]3CC[C@@]21C,1,c1ccc2c(c1)CCC1C2CCC2CCCC21,0.16011730205278593,0,0.005269748571713206
C[C@]12C=CC(=O)C=C1CC[C@@H]1[C@@H]2[C@@H](O)C[C@@]2(C)[C@H]1CC[C@]2(O)C(=O)CO,0,O=C1C=CC2C(=C1)CCC1C3CCCC3CCC21,C#C[C@]1(O)CC[C@H]2[C@@H]3CCc4cc(OC)ccc4[C@H]3CC[C@@]21C,1,c1ccc2c(c1)CCC1C2CCC2CCCC21,0.2291228070175439,0,0.008967096979891688
C[C@]12C=CC(=O)C=C1CC[C@@H]1[C@@H]2[C@@H](O)C[C@@]2(C)[C@H]1CC[C@]2(O)C(=O)CO,0,O=C1C=CC2C(=C1)CCC1C3CCCC3CCC21,C[C@]12CC[C@@H]3c4ccc(O)cc4CC[C@H]3[C@@H]1CCC2=O,1,O=C1CCC2C1CCC1c3ccccc3CCC12,0.21371371371371373,0,0.0120096879662262
C[C@]12C=CC(=O)C=C1CC[C@@H]1[C@@H]2[C@@H](O)C[C@@]2(C)[C@H]1CC[C@]2(O)C(=O)CO,0,O=C1C=CC2C(=C1)CCC1C3CCCC3CCC21,C[C@]12CC[C@@H]3c4ccc(O)cc4CC[C@H]3[C@@H]1CC[C@@H]2O,1,c1ccc2c(c1)CCC1C2CCC2CCCC21,0.19703703703703707,0,0.022403196675391347
C[C@]12C=CC(=O)C=C1CC[C@@H]1[C@@H]2[C@@H](O)C[C@@]2(C)[C@H]1CC[C@]2(O)C(=O)CO,0,O=C1C=CC2C(=C1)CCC1C3CCCC3CCC21,CN1C(=O)[C@@](C)(C2=CCCCC2)C(=O)N=C1O,1,O=C1N=CNC(=O)C1C1=CCCCC1,0.1706666666666667,0,0.004518161270599559
C[C@@H]1C[C@H]2[C@@H]3CCC4=CC(=O)C=C[C@]4(C)[C@@]3(F)[C@@H](O)C[C@]2(C)[C@@]1(O)C(=O)CO,0,O=C1C=CC2C(=C1)CCC1C3CCCC3CCC21,C[C@]12CC[C@@H]3c4ccc(O)cc4CC[C@H]3[C@@H]1CCC2=O,1,O=C1CCC2C1CCC1c3ccccc3CCC12,0.1797031863814928,0,0.006661856446061796
C[C@@H]1C[C@H]2[C@@H]3CCC4=CC(=O)C=C[C@]4(C)[C@@]3(F)[C@@H](O)C[C@]2(C)[C@@]1(O)C(=O)CO,0,O=C1C=CC2C(=C1)CCC1C3CCCC3CCC21,C[C@]12CC[C@@H]3c4ccc(O)cc4CC[C@H]3[C@@H]1CC[C@@H]2O,1,c1ccc2c(c1)CCC1C2CCC2CCCC21,0.16448275862068967,0,0.012416392574752608
C[C@@H]1C[C@H]2[C@@H]3CCC4=CC(=O)C=C[C@]4(C)[C@@]3(F)[C@@H](O)C[C@]2(C)[C@@]1(O)C(=O)CO,0,O=C1C=CC2C(=C1)CCC1C3CCCC3CCC21,CN1C(=O)[C@@](C)(C2=CCCCC2)C(=O)N=C1O,1,O=C1N=CNC(=O)C1C1=CCCCC1,0.16180010465724753,0,0.0027399425197859838
C[C@@H]1C[C@H]2[C@@H]3CCC4=CC(=O)C=C[C@]4(C)[C@@]3(F)[C@@H](O)C[C@]2(C)[C@@]1(O)C(=O)CO,0,O=C1C=CC2C(=C1)CCC1C3CCCC3CCC21,C#C[C@]1(O)CC[C@H]2[C@@H]3CCc4cc(OC)ccc4[C@H]3CC[C@@]21C,1,c1ccc2c(c1)CCC1C2CCC2CCCC21,0.16011730205278593,0,0.005269748571713206
CCC(=O)O[C@]1(C(=O)SCF)[C@H](C)C[C@H]2[C@@H]3C[C@H](F)C4=CC(=O)C=C[C@]4(C)[C@@]3(F)[C@@H](O)C[C@@]21C,0,O=C1C=CC2C(=C1)CCC1C3CCCC3CCC21,COc1ccc([C@@H]2Sc3ccccc3N(CCN(C)C)C(=O)[C@@H]2OC(C)=O)cc1,1,O=C1CC(c2ccccc2)Sc2ccccc2N1,0.130655672296848,0,0.0031452383789480408
CCC(=O)O[C@]1(C(=O)SCF)[C@H](C)C[C@H]2[C@@H]3C[C@H](F)C4=CC(=O)C=C[C@]4(C)[C@@]3(F)[C@@H](O)C[C@@]21C,0,O=C1C=CC2C(=C1)CCC1C3CCCC3CCC21,C[C@]12CC[C@@H]3c4ccc(O)cc4CC[C@H]3[C@@H]1CC[C@@H]2O,1,c1ccc2c(c1)CCC1C2CCC2CCCC21,0.12690217391304348,0,0.0011700586670603684
CCC(=O)O[C@]1(C(=O)SCF)[C@H](C)C[C@H]2[C@@H]3C[C@H](F)C4=CC(=O)C=C[C@]4(C)[C@@]3(F)[C@@H](O)C[C@@]21C,0,O=C1C=CC2C(=C1)CCC1C3CCCC3CCC21,C[C@]12CC[C@@H]3c4ccc(O)cc4CC[C@H]3[C@@H]1CCC2=O,1,O=C1CCC2C1CCC1c3ccccc3CCC12,0.12642140468227425,0,0.0007253457198800128
CCC(=O)O[C@]1(C(=O)SCF)[C@H](C)C[C@H]2[C@@H]3C[C@H](F)C4=CC(=O)C=C[C@]4(C)[C@@]3(F)[C@@H](O)C[C@@]21C,0,O=C1C=CC2C(=C1)CCC1C3CCCC3CCC21,C#C[C@]1(O)CC[C@H]2[C@@H]3CCc4cc(OC)ccc4[C@H]3CC[C@@]21C,1,c1ccc2c(c1)CCC1C2CCC2CCCC21,0.12513871105420404,0,0.0006617734546882865
C[C@]12CC[C@H]3[C@@H](CCC4=CC(=O)C=C[C@@]43C)[C@@H]1CC[C@@H]2O,0,O=C1C=CC2C(=C1)CCC1C3CCCC3CCC21,C[C@]12CC[C@@H]3c4ccc(O)cc4CC[C@H]3[C@@H]1CC[C@@H]2O,1,c1ccc2c(c1)CCC1C2CCC2CCCC21,0.3922077922077922,0,0.06178970710141456
C[C@]12CC[C@H]3[C@@H](CCC4=CC(=O)C=C[C@@]43C)[C@@H]1CC[C@@H]2O,0,O=C1C=CC2C(=C1)CCC1C3CCCC3CCC21,C[C@]12CC[C@@H]3c4ccc(O)cc4CC[C@H]3[C@@H]1CCC2=O,1,O=C1CCC2C1CCC1c3ccccc3CCC12,0.25423843296183724,0,0.03867649623511942
C[C@]12CC[C@H]3[C@@H](CCC4=CC(=O)C=C[C@@]43C)[C@@H]1CC[C@@H]2O,0,O=C1C=CC2C(=C1)CCC1C3CCCC3CCC21,C#C[C@]1(O)CC[C@H]2[C@@H]3CCc4cc(OC)ccc4[C@H]3CC[C@@]21C,1,c1ccc2c(c1)CCC1C2CCC2CCCC21,0.2119496855345912,0,0.029086040794893738
C[C@]12CC[C@H]3[C@@H](CCC4=CC(=O)C=C[C@@]43C)[C@@H]1CC[C@@H]2O,0,O=C1C=CC2C(=C1)CCC1C3CCCC3CCC21,CN1C(=O)[C@@](C)(C2=CCCCC2)C(=O)N=C1O,1,O=C1N=CNC(=O)C1C1=CCCCC1,0.19903846153846155,0,0.015620771877513874
C[C@H]1C[C@@H]2[C@H]([C@@H](O)C[C@@]3(C)[C@H]2CC[C@]3(O)C(=O)CO)[C@@]2(C)C=CC(=O)C=C12,0,O=C1C=CC2C(=C1)CCC1C3CCCC3CCC21,C#C[C@]1(O)CC[C@H]2[C@@H]3CCc4cc(OC)ccc4[C@H]3CC[C@@]21C,1,c1ccc2c(c1)CCC1C2CCC2CCCC21,0.21213128375571252,0,0.008463008680645517
C[C@H]1C[C@@H]2[C@H]([C@@H](O)C[C@@]3(C)[C@H]2CC[C@]3(O)C(=O)CO)[C@@]2(C)C=CC(=O)C=C12,0,O=C1C=CC2C(=C1)CCC1C3CCCC3CCC21,C[C@]12CC[C@@H]3c4ccc(O)cc4CC[C@H]3[C@@H]1CCC2=O,1,O=C1CCC2C1CCC1c3ccccc3CCC12,0.18358974358974361,0,0.011336835119798473
C[C@H]1C[C@@H]2[C@H]([C@@H](O)C[C@@]3(C)[C@H]2CC[C@]3(O)C(=O)CO)[C@@]2(C)C=CC(=O)C=C12,0,O=C1C=CC2C(=C1)CCC1C3CCCC3CCC21,C[C@]12CC[C@@H]3c4ccc(O)cc4CC[C@H]3[C@@H]1CC[C@@H]2O,1,c1ccc2c(c1)CCC1C2CCC2CCCC21,0.16800920598388955,0,0.02113038593126153
C[C@H]1C[C@@H]2[C@H]([C@@H](O)C[C@@]3(C)[C@H]2CC[C@]3(O)C(=O)CO)[C@@]2(C)C=CC(=O)C=C12,0,O=C1C=CC2C(=C1)CCC1C3CCCC3CCC21,CN1C(=O)[C@@](C)(C2=CCCCC2)C(=O)N=C1O,1,O=C1N=CNC(=O)C1C1=CCCCC1,0.13280590717299579,0,0.004371480914388156
C[C@H]1C[C@H]2[C@@H]3CCC4=CC(=O)C=C[C@]4(C)[C@@]3(Cl)[C@@H](O)C[C@]2(C)[C@@]1(O)C(=O)CO,0,O=C1C=CC2C(=C1)CCC1C3CCCC3CCC21,C[C@]12CC[C@@H]3c4ccc(O)cc4CC[C@H]3[C@@H]1CCC2=O,1,O=C1CCC2C1CCC1c3ccccc3CCC12,0.1797031863814928,0,0.011690493195269165
C[C@H]1C[C@H]2[C@@H]3CCC4=CC(=O)C=C[C@]4(C)[C@@]3(Cl)[C@@H](O)C[C@]2(C)[C@@]1(O)C(=O)CO,0,O=C1C=CC2C(=C1)CCC1C3CCCC3CCC21,C[C@]12CC[C@@H]3c4ccc(O)cc4CC[C@H]3[C@@H]1CC[C@@H]2O,1,c1ccc2c(c1)CCC1C2CCC2CCCC21,0.16448275862068967,0,0.02174630799718462
C[C@H]1C[C@H]2[C@@H]3CCC4=CC(=O)C=C[C@]4(C)[C@@]3(Cl)[C@@H](O)C[C@]2(C)[C@@]1(O)C(=O)CO,0,O=C1C=CC2C(=C1)CCC1C3CCCC3CCC21,CN1C(=O)[C@@](C)(C2=CCCCC2)C(=O)N=C1O,1,O=C1N=CNC(=O)C1C1=CCCCC1,0.16180010465724753,0,0.005060925592380126
C[C@H]1C[C@H]2[C@@H]3CCC4=CC(=O)C=C[C@]4(C)[C@@]3(Cl)[C@@H](O)C[C@]2(C)[C@@]1(O)C(=O)CO,0,O=C1C=CC2C(=C1)CCC1C3CCCC3CCC21,C#C[C@]1(O)CC[C@H]2[C@@H]3CCc4cc(OC)ccc4[C@H]3CC[C@@]21C,1,c1ccc2c(c1)CCC1C2CCC2CCCC21,0.16011730205278593,0,0.009236991642241016
CNC1=Nc2ccc(Cl)cc2C(c2ccccc2)=[N+]([O-])C1,0,C1=Nc2ccccc2C(c2ccccc2)=[NH+]C1,Cc1ncc2n1-c1ccc(Cl)cc1C(c1ccccc1F)=NC2,1,c1ccc(C2=NCc3cncn3-c3ccccc32)cc1,0.23012987012987013,0,0.05455351367079403
CNC1=Nc2ccc(Cl)cc2C(c2ccccc2)=[N+]([O-])C1,0,C1=Nc2ccccc2C(c2ccccc2)=[NH+]C1,CN(C)CCCN1c2ccccc2CCc2ccc(Cl)cc21,1,c1ccc2c(c1)CCc1ccccc1N2,0.21357575757575759,0,0.14149979637140092
CNC1=Nc2ccc(Cl)cc2C(c2ccccc2)=[N+]([O-])C1,0,C1=Nc2ccccc2C(c2ccccc2)=[NH+]C1,CN[C@H]1CC[C@@H](c2ccc(Cl)c(Cl)c2)c2ccccc21,1,c1ccc(C2CCCc3ccccc32)cc1,0.19821428571428573,0,0.06889582805950231
CNC1=Nc2ccc(Cl)cc2C(c2ccccc2)=[N+]([O-])C1,0,C1=Nc2ccccc2C(c2ccccc2)=[NH+]C1,CCc1nn(CCCN2CCN(c3cccc(Cl)c3)CC2)c(=O)n1CC,1,O=c1[nH]cnn1CCCN1CCN(c2ccccc2)CC1,0.17811194653299917,0,0.050306577780096694
C1CCC(C(C[C@H]2CCCCN2)C2CCCCC2)CC1,0,C1CCC(C(CC2CCCCN2)C2CCCCC2)CC1,Cc1cnc(C(=O)NCCc2ccc(S(=O)(=O)NC(=O)NC3CCCCC3)cc2)cn1,1,O=C(NC1CCCCC1)NS(=O)(=O)c1ccc(CCNC(=O)c2cnccn2)cc1,0.1309414466130884,0,0.046734376263542265
C1CCC(C(C[C@H]2CCCCN2)C2CCCCC2)CC1,0,C1CCC(C(CC2CCCCN2)C2CCCCC2)CC1,CC(C)C1CCC(C(=O)N[C@H](Cc2ccccc2)C(=O)O)CC1,1,O=C(NCCc1ccccc1)C1CCCCC1,0.12562770562770562,0,0.109832412674539
C1CCC(C(C[C@H]2CCCCN2)C2CCCCC2)CC1,0,C1CCC(C(CC2CCCCN2)C2CCCCC2)CC1,O=[P@]1(N(CCCl)CCCl)NCCCO1,1,O=[PH]1NCCCO1,0.12333333333333334,0,0.126147658261209
C1CCC(C(C[C@H]2CCCCN2)C2CCCCC2)CC1,0,C1CCC(C(CC2CCCCN2)C2CCCCC2)CC1,O=C(C1CCCCC1)N1CC(=O)N2CCc3ccccc3[C@H]2C1,1,O=C(C1CCCCC1)N1CC(=O)N2CCc3ccccc3C2C1,0.11964912280701755,0,0.11652394224329025
Fc1cccc2c1O[C@H]1CNC[C@@H]1O2,0,c1ccc2c(c1)OC1CNCC1O2,O=c1[nH]c(=O)n([C@@H]2CCCO2)cc1F,1,O=c1ccn(C2CCCO2)c(=O)[nH]1,0.18294970161977836,0,0.14138929113951149
Fc1cccc2c1O[C@H]1CNC[C@@H]1O2,0,c1ccc2c(c1)OC1CNCC1O2,Cc1ncc2n1-c1ccc(Cl)cc1C(c1ccccc1F)=NC2,1,c1ccc(C2=NCc3cncn3-c3ccccc32)cc1,0.163718820861678,0,0.14264490267783483
Fc1cccc2c1O[C@H]1CNC[C@@H]1O2,0,c1ccc2c(c1)OC1CNCC1O2,CN(C)CC/C=C1/c2ccccc2COc2ccccc21,1,C=C1c2ccccc2COc2ccccc21,0.15272727272727274,0,0.1349439783533598
Fc1cccc2c1O[C@H]1CNC[C@@H]1O2,0,c1ccc2c(c1)OC1CNCC1O2,CNCC[C@@H](Oc1ccccc1C)c1ccccc1,1,c1ccc(COc2ccccc2)cc1,0.14834834834834837,0,0.06412112591639367
COc1cc(Br)c2oc(C3CCNCC3)cc2c1,0,c1ccc2oc(C3CCNCC3)cc2c1,COc1ccc2cc([C@H](C)C(=O)O)ccc2c1,1,c1ccc2ccccc2c1,0.21194255479969767,0,0.031713729227981304
COc1cc(Br)c2oc(C3CCNCC3)cc2c1,0,c1ccc2oc(C3CCNCC3)cc2c1,C#C[C@]1(O)CC[C@H]2[C@@H]3CCc4cc(OC)ccc4[C@H]3CC[C@@]21C,1,c1ccc2c(c1)CCC1C2CCC2CCCC21,0.18463700234192038,0,0.04400277885925639
COc1cc(Br)c2oc(C3CCNCC3)cc2c1,0,c1ccc2oc(C3CCNCC3)cc2c1,COc1ccc2nc([S@H](=O)Cc3ncc(C)c(OC)c3C)[nH]c2c1,1,O=[SH](Cc1ccccn1)c1nc2ccccc2[nH]1,0.1713954028325981,0,0.06527082542631012
COc1cc(Br)c2oc(C3CCNCC3)cc2c1,0,c1ccc2oc(C3CCNCC3)cc2c1,COc1cc(Cc2cnc(N)nc2N)cc(OC)c1OC,1,c1ccc(Cc2cncnc2)cc1,0.1463630613535737,0,0.011866028883228017
CN1C(=O)CC[C@H]1c1cccnc1,0,O=C1CCC(c2cccnc2)N1,Cc1ccnc2c1NC(=O)c1cccnc1N2C1CC1,1,O=C1Nc2cccnc2N(C2CC2)c2ncccc21,0.2535685645549319,0,0.23028250911705916
CN1C(=O)CC[C@H]1c1cccnc1,0,O=C1CCC(c2cccnc2)N1,O=C(C1CCCCC1)N1CC(=O)N2CCc3ccccc3[C@H]2C1,1,O=C(C1CCCCC1)N1CC(=O)N2CCc3ccccc3C2C1,0.25202761000862817,0,0.2591651736151611
CN1C(=O)CC[C@H]1c1cccnc1,0,O=C1CCC(c2cccnc2)N1,CN1CCN2c3ccccc3Cc3cccnc3[C@@H]2C1,1,c1ccc2c(c1)Cc1cccnc1C1CNCCN21,0.238977879481312,0,0.251539196235935
CN1C(=O)CC[C@H]1c1cccnc1,0,O=C1CCC(c2cccnc2)N1,CCCCC1C(=O)N(c2ccccc2)N(c2ccccc2)C1=O,1,O=C1CC(=O)N(c2ccccc2)N1c1ccccc1,0.21390374331550804,0,0.3134231070503638
COc1ccc([C@@H]2Sc3ccccc3N(CCN(C)C)C(=O)[C@@H]2OC(C)=O)cc1,1,O=C1CC(c2ccccc2)Sc2ccccc2N1,CN(C)CCCN1c2ccccc2Sc2ccccc21,1,c1ccc2c(c1)Nc1ccccc1S2,0.33498430415068015,1,0.7599878763187602
COc1ccc([C@@H]2Sc3ccccc3N(CCN(C)C)C(=O)[C@@H]2OC(C)=O)cc1,1,O=C1CC(c2ccccc2)Sc2ccccc2N1,CN(C)CCCN1c2ccccc2CCc2ccccc21,1,c1ccc2c(c1)CCc1ccccc1N2,0.277315875613748,1,0.5874030757849138
COc1ccc([C@@H]2Sc3ccccc3N(CCN(C)C)C(=O)[C@@H]2OC(C)=O)cc1,1,O=C1CC(c2ccccc2)Sc2ccccc2N1,CC/C(=C(/c1ccccc1)c1ccc(OCCN(C)C)cc1)c1ccccc1,1,C(=C(c1ccccc1)c1ccccc1)c1ccccc1,0.25124716553287985,1,0.5940143669636503
COc1ccc([C@@H]2Sc3ccccc3N(CCN(C)C)C(=O)[C@@H]2OC(C)=O)cc1,1,O=C1CC(c2ccccc2)Sc2ccccc2N1,CN(C)CCCN1c2ccccc2CCc2ccc(Cl)cc21,1,c1ccc2c(c1)CCc1ccccc1N2,0.24416114227434982,1,0.5361697294860128
CN1C[C@H](C(=O)N[C@]2(C)O[C@@]3(O)[C@@H]4CCCN4C(=O)[C@H](Cc4ccccc4)N3C2=O)C[C@@H]2c3cccc4[nH]cc(c34)C[C@H]21,0,O=C(NC1OC2C3CCCN3C(=O)C(Cc3ccccc3)N2C1=O)C1CNC2Cc3c[nH]c4cccc(c34)C2C1,CN1CCC[C@@H]1Cc1c[nH]c2ccc(CCS(=O)(=O)c3ccccc3)cc12,1,O=S(=O)(CCc1ccc2[nH]cc(CC3CCCN3)c2c1)c1ccccc1,0.26181818181818184,0,0.012614221297455932
CN1C[C@H](C(=O)N[C@]2(C)O[C@@]3(O)[C@@H]4CCCN4C(=O)[C@H](Cc4ccccc4)N3C2=O)C[C@@H]2c3cccc4[nH]cc(c34)C[C@H]21,0,O=C(NC1OC2C3CCCN3C(=O)C(Cc3ccccc3)N2C1=O)C1CNC2Cc3c[nH]c4cccc(c34)C2C1,CN1[C@@H]2CC[C@H]1CC(OC(=O)c1c[nH]c3ccccc13)C2,1,O=C(OC1CC2CCC(C1)N2)c1c[nH]c2ccccc12,0.22830846464928184,0,0.014268739966205951
CN1C[C@H](C(=O)N[C@]2(C)O[C@@]3(O)[C@@H]4CCCN4C(=O)[C@H](Cc4ccccc4)N3C2=O)C[C@@H]2c3cccc4[nH]cc(c34)C[C@H]21,0,O=C(NC1OC2C3CCCN3C(=O)C(Cc3ccccc3)N2C1=O)C1CNC2Cc3c[nH]c4cccc(c34)C2C1,O=C(OC1C[C@@H]2CC3C[C@H](C1)N2CC3=O)c1c[nH]c2ccccc12,1,O=C(OC1CC2CC3CC(C1)N2CC3=O)c1c[nH]c2ccccc12,0.21580826109127998,0,0.0028693142424781022
CN1C[C@H](C(=O)N[C@]2(C)O[C@@]3(O)[C@@H]4CCCN4C(=O)[C@H](Cc4ccccc4)N3C2=O)C[C@@H]2c3cccc4[nH]cc(c34)C[C@H]21,0,O=C(NC1OC2C3CCCN3C(=O)C(Cc3ccccc3)N2C1=O)C1CNC2Cc3c[nH]c4cccc(c34)C2C1,O=C(C1CCCCC1)N1CC(=O)N2CCc3ccccc3[C@H]2C1,1,O=C(C1CCCCC1)N1CC(=O)N2CCc3ccccc3C2C1,0.21153846153846156,0,0.01308463395083922
CC[C@]1(c2ccccc2)C(=O)NC(=O)N(C)C1=O,0,O=C1NC(=O)C(c2ccccc2)C(=O)N1,CCC1(c2ccccc2)C(=O)NC(=O)NC1=O,1,O=C1NC(=O)C(c2ccccc2)C(=O)N1,0.615546218487395,0,0.1516579861919783
CC[C@]1(c2ccccc2)C(=O)NC(=O)N(C)C1=O,0,O=C1NC(=O)C(c2ccccc2)C(=O)N1,O=C1NC(=O)C(c2ccccc2)(c2ccccc2)N1,1,O=C1NC(=O)C(c2ccccc2)(c2ccccc2)N1,0.3354166666666667,0,0.2878595057994547
CC[C@]1(c2ccccc2)C(=O)NC(=O)N(C)C1=O,0,O=C1NC(=O)C(c2ccccc2)C(=O)N1,CCCCC1C(=O)N(c2ccccc2)N(c2ccccc2)C1=O,1,O=C1CC(=O)N(c2ccccc2)N1c1ccccc1,0.28369565217391307,0,0.4385330644616798
CC[C@]1(c2ccccc2)C(=O)NC(=O)N(C)C1=O,0,O=C1NC(=O)C(c2ccccc2)C(=O)N1,Cc1cc(=O)n(-c2ccccc2)n1C,1,O=c1cc[nH]n1-c1ccccc1,0.225,1,0.5658082332328135
CCC1(c2ccccc2)C(=O)NC(=O)NC1=O,1,O=C1NC(=O)C(c2ccccc2)C(=O)N1,O=C1NC(=O)C(c2ccccc2)(c2ccccc2)N1,1,O=C1NC(=O)C(c2ccccc2)(c2ccccc2)N1,0.4826923076923077,0,0.2777813319240037
CCC1(c2ccccc2)C(=O)NC(=O)NC1=O,1,O=C1NC(=O)C(c2ccccc2)C(=O)N1,CCCCC1C(=O)N(c2ccccc2)N(c2ccccc2)C1=O,1,O=C1CC(=O)N(c2ccccc2)N1c1ccccc1,0.2740399385560676,0,0.385955985502392
CCC1(c2ccccc2)C(=O)NC(=O)NC1=O,1,O=C1NC(=O)C(c2ccccc2)C(=O)N1,CC1=C(C)C(=O)C([C@@H](CCCCCC(=O)O)c2ccccc2)=C(C)C1=O,1,O=C1C=CC(=O)C(Cc2ccccc2)=C1,0.23241025641025642,1,0.5602730222477136
CCC1(c2ccccc2)C(=O)NC(=O)NC1=O,1,O=C1NC(=O)C(c2ccccc2)C(=O)N1,CC[C@H](c1ccccc1)c1c(O)c2ccccc2oc1=O,1,O=c1oc2ccccc2cc1Cc1ccccc1,0.22619047619047622,0,0.35154077938006345
CC(=O)[C@H]1CC[C@H]2[C@@H]3CC=C4C[C@@H](O)CC[C@]4(C)[C@H]3CC[C@]12C,0,C1=C2CCCCC2C2CCC3CCCC3C2C1,C[C@]12CC[C@@H]3c4ccc(O)cc4CC[C@H]3[C@@H]1CC[C@@H]2O,1,c1ccc2c(c1)CCC1C2CCC2CCCC21,0.2646739130434783,0,0.04939787052130059
CC(=O)[C@H]1CC[C@H]2[C@@H]3CC=C4C[C@@H](O)CC[C@]4(C)[C@H]3CC[C@]12C,0,C1=C2CCCCC2C2CCC3CCCC3C2C1,C[C@]12CC[C@@H]3c4ccc(O)cc4CC[C@H]3[C@@H]1CCC2=O,1,O=C1CCC2C1CCC1c3ccccc3CCC12,0.23288201160541586,0,0.03075632734498375
CC(=O)[C@H]1CC[C@H]2[C@@H]3CC=C4C[C@@H](O)CC[C@]4(C)[C@H]3CC[C@]12C,0,C1=C2CCCCC2C2CCC3CCCC3C2C1,C#C[C@]1(O)CC[C@H]2[C@@H]3CCc4cc(OC)ccc4[C@H]3CC[C@@]21C,1,c1ccc2c(c1)CCC1C2CCC2CCCC21,0.18212512413108245,0,0.02535823846210268
CC(=O)[C@H]1CC[C@H]2[C@@H]3CC=C4C[C@@H](O)CC[C@]4(C)[C@H]3CC[C@]12C,0,C1=C2CCCCC2C2CCC3CCCC3C2C1,CN1C(=O)[C@@](C)(C2=CCCCC2)C(=O)N=C1O,1,O=C1N=CNC(=O)C1C1=CCCCC1,0.18094144661308842,0,0.016152933078677635
c1ccc2cc(COC3CCNCC3)ccc2c1,0,c1ccc2cc(COC3CCNCC3)ccc2c1,CN1[C@@H]2CC[C@H]1CC(OC(=O)c1c[nH]c3ccccc13)C2,1,O=C(OC1CC2CCC(C1)N2)c1c[nH]c2ccccc12,0.21106382978723406,0,0.0049970205849253525
c1ccc2cc(COC3CCNCC3)ccc2c1,0,c1ccc2cc(COC3CCNCC3)ccc2c1,CN1CCC[C@@H]1Cc1c[nH]c2ccc(CCS(=O)(=O)c3ccccc3)cc12,1,O=S(=O)(CCc1ccc2[nH]cc(CC3CCCN3)c2c1)c1ccccc1,0.19478351591027648,0,0.01207273166575028
c1ccc2cc(COC3CCNCC3)ccc2c1,0,c1ccc2cc(COC3CCNCC3)ccc2c1,CN[C@H]1CC[C@@H](c2ccc(Cl)c(Cl)c2)c2ccccc21,1,c1ccc(C2CCCc3ccccc32)cc1,0.18571428571428572,0,0.008430794605265591
c1ccc2cc(COC3CCNCC3)ccc2c1,0,c1ccc2cc(COC3CCNCC3)ccc2c1,O=C(OC1C[C@@H]2CC3C[C@H](C1)N2CC3=O)c1c[nH]c2ccccc12,1,O=C(OC1CC2CC3CC(C1)N2CC3=O)c1c[nH]c2ccccc12,0.18153846153846157,0,0.004362785198306872
O=NN(CCCl)C(=O)NC1CCCCC1,0,C1CCCCC1,CN(C)S(=O)(=O)CCNC(=O)N(CCCl)N=O,1,,0.4502777777777778,0,0.25647751921205447
O=NN(CCCl)C(=O)NC1CCCCC1,0,C1CCCCC1,Cc1cnc(C(=O)NCCc2ccc(S(=O)(=O)NC(=O)NC3CCCCC3)cc2)cn1,1,O=C(NC1CCCCC1)NS(=O)(=O)c1ccc(CCNC(=O)c2cnccn2)cc1,0.2302604623939128,0,0.47809408637737955
O=NN(CCCl)C(=O)NC1CCCCC1,0,C1CCCCC1,O=[P@]1(N(CCCl)CCCl)NCCCO1,1,O=[PH]1NCCCO1,0.22735562310030397,1,0.5582989017575742
O=NN(CCCl)C(=O)NC1CCCCC1,0,C1CCCCC1,O=[P@]1(NCCCl)OCCCN1CCCl,1,O=[PH]1NCCCO1,0.17713097713097714,0,0.37918243209096164
O=[P@]1(N(CCCl)CCCl)NCCCO1,1,O=[PH]1NCCCO1,O=[P@]1(NCCCl)OCCCN1CCCl,1,O=[PH]1NCCCO1,0.39020979020979024,0,0.48654555469708693
O=[P@]1(N(CCCl)CCCl)NCCCO1,1,O=[PH]1NCCCO1,CN(C)S(=O)(=O)CCNC(=O)N(CCCl)N=O,1,,0.1929769392033543,1,0.7212193760444354
O=[P@]1(N(CCCl)CCCl)NCCCO1,1,O=[PH]1NCCCO1,CN(C)CCOc1ccc(/C(=C(\CCCl)c2ccccc2)c2ccccc2)cc1,1,C(=C(c1ccccc1)c1ccccc1)c1ccccc1,0.1268104776579353,1,0.7586464342158322
O=[P@]1(N(CCCl)CCCl)NCCCO1,1,O=[PH]1NCCCO1,O=c1[nH]c(=O)n([C@@H]2CCCO2)cc1F,1,O=c1ccn(C2CCCO2)c(=O)[nH]1,0.12070707070707071,0,0.39808991477050115
O=[P@]1(NCCCl)OCCCN1CCCl,1,O=[PH]1NCCCO1,O=[P@]1(N(CCCl)CCCl)NCCCO1,1,O=[PH]1NCCCO1,0.39020979020979024,1,0.5104243792480271
O=[P@]1(NCCCl)OCCCN1CCCl,1,O=[PH]1NCCCO1,CN(C)S(=O)(=O)CCNC(=O)N(CCCl)N=O,1,,0.1758241758241758,1,0.7143985085508399
O=[P@]1(NCCCl)OCCCN1CCCl,1,O=[PH]1NCCCO1,O=c1[nH]c(=O)n([C@@H]2CCCO2)cc1F,1,O=c1ccn(C2CCCO2)c(=O)[nH]1,0.11976608187134502,0,0.4068152892201724
O=[P@]1(NCCCl)OCCCN1CCCl,1,O=[PH]1NCCCO1,CN1CCC[C@@H]1Cc1c[nH]c2ccc(CCS(=O)(=O)c3ccccc3)cc12,1,O=S(=O)(CCc1ccc2[nH]cc(CC3CCCN3)c2c1)c1ccccc1,0.11453867660764214,1,0.5723675556727339
O=[P@@]1(N(CCCl)CCCl)OCCCN1CCCl,0,O=[PH]1NCCCO1,O=[P@]1(NCCCl)OCCCN1CCCl,1,O=[PH]1NCCCO1,0.537912087912088,0,0.46979111080057456
O=[P@@]1(N(CCCl)CCCl)OCCCN1CCCl,0,O=[PH]1NCCCO1,O=[P@]1(N(CCCl)CCCl)NCCCO1,1,O=[PH]1NCCCO1,0.4328571428571429,0,0.4511127186871868
O=[P@@]1(N(CCCl)CCCl)OCCCN1CCCl,0,O=[PH]1NCCCO1,CN(C)S(=O)(=O)CCNC(=O)N(CCCl)N=O,1,,0.16293436293436292,1,0.6562589036472907
O=[P@@]1(N(CCCl)CCCl)OCCCN1CCCl,0,O=[PH]1NCCCO1,O=c1[nH]c(=O)n([C@@H]2CCCO2)cc1F,1,O=c1ccn(C2CCCO2)c(=O)[nH]1,0.12421052631578948,0,0.31646399272172876
Cc1c(C)c2c(c(C)c1O)CC[C@](C)(COc1ccc(C[C@@H]3SC(=O)NC3=O)cc1)O2,1,O=C1NC(=O)C(Cc2ccc(OCC3CCc4ccccc4O3)cc2)S1,CN(CCOc1ccc(C[C@@H]2SC(=O)NC2=O)cc1)c1ccccn1,1,O=C1NC(=O)C(Cc2ccc(OCCNc3ccccn3)cc2)S1,0.41397949673811746,1,0.6786875759292038
Cc1c(C)c2c(c(C)c1O)CC[C@](C)(COc1ccc(C[C@@H]3SC(=O)NC3=O)cc1)O2,1,O=C1NC(=O)C(Cc2ccc(OCC3CCc4ccccc4O3)cc2)S1,CCOc1ccc(NC(C)=O)cc1,1,c1ccccc1,0.18914285714285717,1,0.7293210246081048
Cc1c(C)c2c(c(C)c1O)CC[C@](C)(COc1ccc(C[C@@H]3SC(=O)NC3=O)cc1)O2,1,O=C1NC(=O)C(Cc2ccc(OCC3CCc4ccccc4O3)cc2)S1,C[C@]12CC[C@@H]3c4ccc(O)cc4CC[C@H]3[C@@H]1CCC2=O,1,O=C1CCC2C1CCC1c3ccccc3CCC12,0.1841732442825339,0,0.45368515841886725
Cc1c(C)c2c(c(C)c1O)CC[C@](C)(COc1ccc(C[C@@H]3SC(=O)NC3=O)cc1)O2,1,O=C1NC(=O)C(Cc2ccc(OCC3CCc4ccccc4O3)cc2)S1,CCOc1cc(CC(=O)N[C@@H](CC(C)C)c2ccccc2N2CCCCC2)ccc1C(=O)O,1,O=C(Cc1ccccc1)NCc1ccccc1N1CCCCC1,0.17752144335995268,1,0.7346113558047044
O=c1[nH]c2ccccc2n1C1CCN(CCCC(c2ccc(F)cc2)c2ccc(F)cc2)CC1,0,O=c1[nH]c2ccccc2n1C1CCN(CCCC(c2ccccc2)c2ccccc2)CC1,CN1[C@@H]2CC[C@H]1CC(OC(=O)c1c[nH]c3ccccc13)C2,1,O=C(OC1CC2CCC(C1)N2)c1c[nH]c2ccccc12,0.2172779496243924,0,0.13639606296354026
O=c1[nH]c2ccccc2n1C1CCN(CCCC(c2ccc(F)cc2)c2ccc(F)cc2)CC1,0,O=c1[nH]c2ccccc2n1C1CCN(CCCC(c2ccccc2)c2ccccc2)CC1,CCc1nn(CCCN2CCN(c3cccc(Cl)c3)CC2)c(=O)n1CC,1,O=c1[nH]cnn1CCCN1CCN(c2ccccc2)CC1,0.20884146341463414,0,0.07005368516997075
O=c1[nH]c2ccccc2n1C1CCN(CCCC(c2ccc(F)cc2)c2ccc(F)cc2)CC1,0,O=c1[nH]c2ccccc2n1C1CCN(CCCC(c2ccccc2)c2ccccc2)CC1,CN1CCC[C@@H]1Cc1c[nH]c2ccc(CCS(=O)(=O)c3ccccc3)cc12,1,O=S(=O)(CCc1ccc2[nH]cc(CC3CCCN3)c2c1)c1ccccc1,0.20280546327057955,0,0.14168014856137734
O=c1[nH]c2ccccc2n1C1CCN(CCCC(c2ccc(F)cc2)c2ccc(F)cc2)CC1,0,O=c1[nH]c2ccccc2n1C1CCN(CCCC(c2ccccc2)c2ccccc2)CC1,O=c1[nH]c(=O)n([C@@H]2CCCO2)cc1F,1,O=c1ccn(C2CCCO2)c(=O)[nH]1,0.20072463768115945,0,0.13097778766082893
COc1ccccc1Oc1c(NS(=O)(=O)c2ccc(C(C)(C)C)cc2)nc(-c2ncccn2)nc1OCCO,1,O=S(=O)(Nc1nc(-c2ncccn2)ncc1Oc1ccccc1)c1ccccc1,CC(C)N(CC[C@@](C(N)=O)(c1ccccc1)c1ccccn1)C(C)C,1,c1ccc(Cc2ccccn2)cc1,0.2174008008736804,1,0.684249995595655
COc1ccccc1Oc1c(NS(=O)(=O)c2ccc(C(C)(C)C)cc2)nc(-c2ncccn2)nc1OCCO,1,O=S(=O)(Nc1nc(-c2ncccn2)ncc1Oc1ccccc1)c1ccccc1,Cc1cc(NS(=O)(=O)c2ccc(N)cc2)no1,1,O=S(=O)(Nc1ccon1)c1ccccc1,0.2165154264972777,1,0.8454302844775986
COc1ccccc1Oc1c(NS(=O)(=O)c2ccc(C(C)(C)C)cc2)nc(-c2ncccn2)nc1OCCO,1,O=S(=O)(Nc1nc(-c2ncccn2)ncc1Oc1ccccc1)c1ccccc1,COc1cc(C(=O)NS(=O)(=O)c2ccccc2C)ccc1Cc1cn(C)c2ccc(NC(=O)OC3CCCC3)cc12,1,O=C(Nc1ccc2[nH]cc(Cc3ccc(C(=O)NS(=O)(=O)c4ccccc4)cc3)c2c1)OC1CCCC1,0.1941284403669725,1,0.7268586683856428
COc1ccccc1Oc1c(NS(=O)(=O)c2ccc(C(C)(C)C)cc2)nc(-c2ncccn2)nc1OCCO,1,O=S(=O)(Nc1nc(-c2ncccn2)ncc1Oc1ccccc1)c1ccccc1,Cc1cnc(C(=O)NCCc2ccc(S(=O)(=O)NC(=O)NC3CCCCC3)cc2)cn1,1,O=C(NC1CCCCC1)NS(=O)(=O)c1ccc(CCNC(=O)c2cnccn2)cc1,0.18953470633104502,1,0.8610389070566399
O=C(O)c1ccc(OCCn2ccnc2)cc1,0,c1ccc(OCCn2ccnc2)cc1,CCOc1ccc(NC(C)=O)cc1,1,c1ccccc1,0.27166666666666667,0,0.27011549320512046
O=C(O)c1ccc(OCCn2ccnc2)cc1,0,c1ccc(OCCn2ccnc2)cc1,CC/C(=C(/c1ccccc1)c1ccc(OCCN(C)C)cc1)c1ccccc1,1,C(=C(c1ccccc1)c1ccccc1)c1ccccc1,0.2581818181818182,0,0.25123080950975035
O=C(O)c1ccc(OCCn2ccnc2)cc1,0,c1ccc(OCCn2ccnc2)cc1,CN(C)CCOc1ccc(/C(=C(\CCCl)c2ccccc2)c2ccccc2)cc1,1,C(=C(c1ccccc1)c1ccccc1)c1ccccc1,0.24463240078074172,0,0.26488155542697767
O=C(O)c1ccc(OCCn2ccnc2)cc1,0,c1ccc(OCCn2ccnc2)cc1,CN(CCOc1ccc(C[C@@H]2SC(=O)NC2=O)cc1)c1ccccn1,1,O=C1NC(=O)C(Cc2ccc(OCCNc3ccccn3)cc2)S1,0.23932063818836852,0,0.35315804115875543
COc1ccc2c3c1O[C@H]1C(=O)CC[C@@]4(O)[C@@H](C2)N(C)CC[C@]314,0,O=C1CCC2C3Cc4cccc5c4C2(CCN3)C1O5,C#C[C@]1(O)CC[C@H]2[C@@H]3CCc4cc(OC)ccc4[C@H]3CC[C@@]21C,1,c1ccc2c(c1)CCC1C2CCC2CCCC21,0.22790123456790123,0,0.06121194084850547
COc1ccc2c3c1O[C@H]1C(=O)CC[C@@]4(O)[C@@H](C2)N(C)CC[C@]314,0,O=C1CCC2C3Cc4cccc5c4C2(CCN3)C1O5,C[C@]12CC[C@@H]3c4ccc(O)cc4CC[C@H]3[C@@H]1CCC2=O,1,O=C1CCC2C1CCC1c3ccccc3CCC12,0.19143621766280106,0,0.13127792903152324
COc1ccc2c3c1O[C@H]1C(=O)CC[C@@]4(O)[C@@H](C2)N(C)CC[C@]314,0,O=C1CCC2C3Cc4cccc5c4C2(CCN3)C1O5,COc1ccc([C@@H]2Sc3ccccc3N(CCN(C)C)C(=O)[C@@H]2OC(C)=O)cc1,1,O=C1CC(c2ccccc2)Sc2ccccc2N1,0.1888512241054614,0,0.0943977126381805
COc1ccc2c3c1O[C@H]1C(=O)CC[C@@]4(O)[C@@H](C2)N(C)CC[C@]314,0,O=C1CCC2C3Cc4cccc5c4C2(CCN3)C1O5,COc1ccc(CCN(C)CCC[C@@](C#N)(c2ccc(OC)c(OC)c2)C(C)C)cc1OC,1,c1ccc(CCCCNCCc2ccccc2)cc1,0.18435517970401694,0,0.08495570480326026
COc1ccc2c3c1O[C@H]1C(=O)CC[C@H]4[C@@H](C2)N(C)CC[C@]314,0,O=C1CCC2C3Cc4cccc5c4C2(CCN3)C1O5,C[C@]12CC[C@@H]3c4ccc(O)cc4CC[C@H]3[C@@H]1CCC2=O,1,O=C1CCC2C1CCC1c3ccccc3CCC12,0.22534246575342465,0,0.15981101170920295
COc1ccc2c3c1O[C@H]1C(=O)CC[C@H]4[C@@H](C2)N(C)CC[C@]314,0,O=C1CCC2C3Cc4cccc5c4C2(CCN3)C1O5,C#C[C@]1(O)CC[C@H]2[C@@H]3CCc4cc(OC)ccc4[C@H]3CC[C@@]21C,1,c1ccc2c(c1)CCC1C2CCC2CCCC21,0.21135802469135803,0,0.10256684794495405
COc1ccc2c3c1O[C@H]1C(=O)CC[C@H]4[C@@H](C2)N(C)CC[C@]314,0,O=C1CCC2C3Cc4cccc5c4C2(CCN3)C1O5,COc1ccc(CCN(C)CCC[C@@](C#N)(c2ccc(OC)c(OC)c2)C(C)C)cc1OC,1,c1ccc(CCCCNCCc2ccccc2)cc1,0.19371040723981903,0,0.08041064884721569
COc1ccc2c3c1O[C@H]1C(=O)CC[C@H]4[C@@H](C2)N(C)CC[C@]314,0,O=C1CCC2C3Cc4cccc5c4C2(CCN3)C1O5,COc1ccc([C@@H]2Sc3ccccc3N(CCN(C)C)C(=O)[C@@H]2OC(C)=O)cc1,1,O=C1CC(c2ccccc2)Sc2ccccc2N1,0.18222222222222223,0,0.100794195158349
COC1=CC(=O)O[C@H]1[C@H](O)c1ccccc1Cl,0,O=C1C=CC(Cc2ccccc2)O1,CC(C)c1cccc(C(C)C)c1O,1,c1ccccc1,0.19783783783783787,0,0.012431482356424562
COC1=CC(=O)O[C@H]1[C@H](O)c1ccccc1Cl,0,O=C1C=CC(Cc2ccccc2)O1,CC(=O)C[C@@H](c1ccccc1)c1c(O)c2ccccc2oc1=O,1,O=c1oc2ccccc2cc1Cc1ccccc1,0.1881720430107527,0,0.022553982673754976
COC1=CC(=O)O[C@H]1[C@H](O)c1ccccc1Cl,0,O=C1C=CC(Cc2ccccc2)O1,COc1ccc([C@@H]2Sc3ccccc3N(CCN(C)C)C(=O)[C@@H]2OC(C)=O)cc1,1,O=C1CC(c2ccccc2)Sc2ccccc2N1,0.18233766233766235,0,0.013943672386083513
COC1=CC(=O)O[C@H]1[C@H](O)c1ccccc1Cl,0,O=C1C=CC(Cc2ccccc2)O1,CC[C@H](c1ccccc1)c1c(O)c2ccccc2oc1=O,1,O=c1oc2ccccc2cc1Cc1ccccc1,0.17743589743589744,0,0.021045955971354745
CC[C@@H]1[C@@H]2C[C@H]3[C@@H]4N(C)c5ccccc5[C@]45C[C@@H]([C@H]2[C@H]5O)N3[C@@H]1O,0,c1ccc2c(c1)NC1C3CC4CCN3C3CC21CC43,CN(C)CCCN1c2ccccc2CCc2ccccc21,1,c1ccc2c(c1)CCc1ccccc1N2,0.1970588235294118,0,0.0016629301127036146
CC[C@@H]1[C@@H]2C[C@H]3[C@@H]4N(C)c5ccccc5[C@]45C[C@@H]([C@H]2[C@H]5O)N3[C@@H]1O,0,c1ccc2c(c1)NC1C3CC4CCN3C3CC21CC43,CN(C)CCCN1c2ccccc2CCc2ccc(Cl)cc21,1,c1ccc2c(c1)CCc1ccccc1N2,0.1865497076023392,0,0.0015260295891060102
CC[C@@H]1[C@@H]2C[C@H]3[C@@H]4N(C)c5ccccc5[C@]45C[C@@H]([C@H]2[C@H]5O)N3[C@@H]1O,0,c1ccc2c(c1)NC1C3CC4CCN3C3CC21CC43,CN1CCN2c3ccccc3Cc3cccnc3[C@@H]2C1,1,c1ccc2c(c1)Cc1cccnc1C1CNCCN21,0.17557464592523797,0,0.0016134656634021083
CC[C@@H]1[C@@H]2C[C@H]3[C@@H]4N(C)c5ccccc5[C@]45C[C@@H]([C@H]2[C@H]5O)N3[C@@H]1O,0,c1ccc2c(c1)NC1C3CC4CCN3C3CC21CC43,CN(C)CCCN1c2ccccc2Sc2ccccc21,1,c1ccc2c(c1)Nc1ccccc1S2,0.1746003016591252,0,0.0044942102539878015
CCCCc1oc2ccccc2c1C(=O)c1cc(I)c(OCCN(CC)CC)c(I)c1,1,O=C(c1ccccc1)c1coc2ccccc12,CC[C@H](c1ccccc1)c1c(O)c2ccccc2oc1=O,1,O=c1oc2ccccc2cc1Cc1ccccc1,0.24428571428571427,1,0.533384725538114
CCCCc1oc2ccccc2c1C(=O)c1cc(I)c(OCCN(CC)CC)c(I)c1,1,O=C(c1ccccc1)c1coc2ccccc12,CC/C(=C(/c1ccccc1)c1ccc(OCCN(C)C)cc1)c1ccccc1,1,C(=C(c1ccccc1)c1ccccc1)c1ccccc1,0.2420634920634921,0,0.4970158764004327
CCCCc1oc2ccccc2c1C(=O)c1cc(I)c(OCCN(CC)CC)c(I)c1,1,O=C(c1ccccc1)c1coc2ccccc12,CC(=O)C[C@@H](c1ccccc1)c1c(O)c2ccccc2oc1=O,1,O=c1oc2ccccc2cc1Cc1ccccc1,0.23791427308882016,1,0.5844031411769688
CCCCc1oc2ccccc2c1C(=O)c1cc(I)c(OCCN(CC)CC)c(I)c1,1,O=C(c1ccccc1)c1coc2ccccc12,CN(C)CCOc1ccc(/C(=C(\CCCl)c2ccccc2)c2ccccc2)cc1,1,C(=C(c1ccccc1)c1ccccc1)c1ccccc1,0.21891168599464766,1,0.5232763544381414
CCc1oc2ccccc2c1C(=O)c1cc(Br)c(O)c(Br)c1,0,O=C(c1ccccc1)c1coc2ccccc12,CCCCc1oc2ccccc2c1C(=O)c1cc(I)c(OCCN(CC)CC)c(I)c1,1,O=C(c1ccccc1)c1coc2ccccc12,0.44730392156862747,0,0.08002637925577906
CCc1oc2ccccc2c1C(=O)c1cc(Br)c(O)c(Br)c1,0,O=C(c1ccccc1)c1coc2ccccc12,CC[C@H](c1ccccc1)c1c(O)c2ccccc2oc1=O,1,O=c1oc2ccccc2cc1Cc1ccccc1,0.35913287836210356,0,0.09481199569500035
CCc1oc2ccccc2c1C(=O)c1cc(Br)c(O)c(Br)c1,0,O=C(c1ccccc1)c1coc2ccccc12,CC(=O)C[C@@H](c1ccccc1)c1c(O)c2ccccc2oc1=O,1,O=c1oc2ccccc2cc1Cc1ccccc1,0.3448979591836735,0,0.1063871491548369
CCc1oc2ccccc2c1C(=O)c1cc(Br)c(O)c(Br)c1,0,O=C(c1ccccc1)c1coc2ccccc12,CC(=O)C[C@@H](c1ccc([N+](=O)[O-])cc1)c1c(O)c2ccccc2oc1=O,1,O=c1oc2ccccc2cc1Cc1ccccc1,0.297004048582996,0,0.09485577353273683
CC(C)(C)NC(=O)[C@@H]1CN(Cc2cccnc2)CCN1C[C@@H](O)C[C@@H](Cc1ccccc1)C(=O)N[C@H]1c2ccccc2C[C@H]1O,1,O=C(NC1CCc2ccccc21)C(CCCN1CCN(Cc2cccnc2)CC1)Cc1ccccc1,Cc1c(O)cccc1C(=O)N[C@@H](CSc1ccccc1)[C@H](O)CN1C[C@H]2CCCC[C@H]2C[C@H]1C(=O)NC(C)(C)C,1,O=C(NC(CCN1CCC2CCCCC2C1)CSc1ccccc1)c1ccccc1,0.2735632183908046,0,0.40133995142467427
CC(C)(C)NC(=O)[C@@H]1CN(Cc2cccnc2)CCN1C[C@@H](O)C[C@@H](Cc1ccccc1)C(=O)N[C@H]1c2ccccc2C[C@H]1O,1,O=C(NC1CCc2ccccc21)C(CCCN1CCN(Cc2cccnc2)CC1)Cc1ccccc1,CC(C)C[C@@H](NC(=O)[C@@H](Cc1ccccc1)NC(=O)c1cnccn1)B(O)O,1,O=C(NCCc1ccccc1)c1cnccn1,0.25635240397528875,1,0.5239401665825895
CC(C)(C)NC(=O)[C@@H]1CN(Cc2cccnc2)CCN1C[C@@H](O)C[C@@H](Cc1ccccc1)C(=O)N[C@H]1c2ccccc2C[C@H]1O,1,O=C(NC1CCc2ccccc21)C(CCCN1CCN(Cc2cccnc2)CC1)Cc1ccccc1,CC(C)c1nc(CN(C)C(=O)N[C@H](C(=O)N[C@@H](Cc2ccccc2)C[C@H](O)[C@H](Cc2ccccc2)NC(=O)OCc2cncs2)C(C)C)cs1,1,O=C(CNC(=O)NCc1cscn1)NC(CCC(Cc1ccccc1)NC(=O)OCc1cncs1)Cc1ccccc1,0.21890060240963854,1,0.6711667440042143
CC(C)(C)NC(=O)[C@@H]1CN(Cc2cccnc2)CCN1C[C@@H](O)C[C@@H](Cc1ccccc1)C(=O)N[C@H]1c2ccccc2C[C@H]1O,1,O=C(NC1CCc2ccccc21)C(CCCN1CCN(Cc2cccnc2)CC1)Cc1ccccc1,CC(C)C1CCC(C(=O)N[C@H](Cc2ccccc2)C(=O)O)CC1,1,O=C(NCCc1ccccc1)C1CCCCC1,0.21842105263157896,0,0.22960124464977907
C/C=C/C[C@@H](C)C(=O)[C@H]1C(=O)N[C@@H](C(C)C)C(=O)N(C)CC(=O)N(C)[C@@H](CC(C)C)C(=O)N[C@H](C(C)C)C(=O)N(C)[C@@H](CC(C)C)C(=O)N[C@@H](C)C(=O)N[C@H](C)C(=O)N(C)[C@@H](CC(C)C)C(=O)N(C)[C@@H](CC(C)C)C(=O)N(C)[C@@H](C(C)C)C(=O)N1C,0,O=C1CNC(=O)CNC(=O)CNC(=O)CNC(=O)CNC(=O)CNC(=O)CNC(=O)CNC(=O)CNC(=O)CNC(=O)CN1,CC(C)C1CCC(C(=O)N[C@H](Cc2ccccc2)C(=O)O)CC1,1,O=C(NCCc1ccccc1)C1CCCCC1,0.13146239022527684,0,0.06607682032095412
C/C=C/C[C@@H](C)C(=O)[C@H]1C(=O)N[C@@H](C(C)C)C(=O)N(C)CC(=O)N(C)[C@@H](CC(C)C)C(=O)N[C@H](C(C)C)C(=O)N(C)[C@@H](CC(C)C)C(=O)N[C@@H](C)C(=O)N[C@H](C)C(=O)N(C)[C@@H](CC(C)C)C(=O)N(C)[C@@H](CC(C)C)C(=O)N(C)[C@@H](C(C)C)C(=O)N1C,0,O=C1CNC(=O)CNC(=O)CNC(=O)CNC(=O)CNC(=O)CNC(=O)CNC(=O)CNC(=O)CNC(=O)CNC(=O)CN1,O=C(C1CCCCC1)N1CC(=O)N2CCc3ccccc3[C@H]2C1,1,O=C(C1CCCCC1)N1CC(=O)N2CCc3ccccc3C2C1,0.1208898944193062,0,0.04904621492823515
C/C=C/C[C@@H](C)C(=O)[C@H]1C(=O)N[C@@H](C(C)C)C(=O)N(C)CC(=O)N(C)[C@@H](CC(C)C)C(=O)N[C@H](C(C)C)C(=O)N(C)[C@@H](CC(C)C)C(=O)N[C@@H](C)C(=O)N[C@H](C)C(=O)N(C)[C@@H](CC(C)C)C(=O)N(C)[C@@H](CC(C)C)C(=O)N(C)[C@@H](C(C)C)C(=O)N1C,0,O=C1CNC(=O)CNC(=O)CNC(=O)CNC(=O)CNC(=O)CNC(=O)CNC(=O)CNC(=O)CNC(=O)CNC(=O)CN1,CC(C)C[C@@H](NC(=O)[C@@H](Cc1ccccc1)NC(=O)c1cnccn1)B(O)O,1,O=C(NCCc1ccccc1)c1cnccn1,0.11466275659824049,0,0.07455586290973276
C/C=C/C[C@@H](C)C(=O)[C@H]1C(=O)N[C@@H](C(C)C)C(=O)N(C)CC(=O)N(C)[C@@H](CC(C)C)C(=O)N[C@H](C(C)C)C(=O)N(C)[C@@H](CC(C)C)C(=O)N[C@@H](C)C(=O)N[C@H](C)C(=O)N(C)[C@@H](CC(C)C)C(=O)N(C)[C@@H](CC(C)C)C(=O)N(C)[C@@H](C(C)C)C(=O)N1C,0,O=C1CNC(=O)CNC(=O)CNC(=O)CNC(=O)CNC(=O)CNC(=O)CNC(=O)CNC(=O)CNC(=O)CNC(=O)CN1,CCOc1cc(CC(=O)N[C@@H](CC(C)C)c2ccccc2N2CCCCC2)ccc1C(=O)O,1,O=C(Cc1ccccc1)NCc1ccccc1N1CCCCC1,0.11204968944099379,0,0.030507088566105803
CC[C@H](C)C(=O)O[C@H]1C[C@H](O)C=C2C=C[C@H](C)[C@H](CC[C@@H](O)C[C@@H](O)CC(=O)O)[C@H]21,0,C1=CC2=CCCCC2CC1,CC1=C(C)C(=O)C([C@@H](CCCCCC(=O)O)c2ccccc2)=C(C)C1=O,1,O=C1C=CC(=O)C(Cc2ccccc2)=C1,0.15693318729463307,0,0.07918014135239607
CC[C@H](C)C(=O)O[C@H]1C[C@H](O)C=C2C=C[C@H](C)[C@H](CC[C@@H](O)C[C@@H](O)CC(=O)O)[C@H]21,0,C1=CC2=CCCCC2CC1,CC(C)Cc1ccc([C@@H](C)C(=O)O)cc1,1,c1ccccc1,0.15683760683760684,0,0.0404158922388292
CC[C@H](C)C(=O)O[C@H]1C[C@H](O)C=C2C=C[C@H](C)[C@H](CC[C@@H](O)C[C@@H](O)CC(=O)O)[C@H]21,0,C1=CC2=CCCCC2CC1,CC(C)C1CCC(C(=O)N[C@H](Cc2ccccc2)C(=O)O)CC1,1,O=C(NCCc1ccccc1)C1CCCCC1,0.15566502463054188,0,0.07319824841462659
CC[C@H](C)C(=O)O[C@H]1C[C@H](O)C=C2C=C[C@H](C)[C@H](CC[C@@H](O)C[C@@H](O)CC(=O)O)[C@H]21,0,C1=CC2=CCCCC2CC1,CCCC(CCC)C(=O)O,1,,0.1507692307692308,0,0.044848968227998706
CC[C@@]1(c2ccncc2)CCC(=O)NC1=O,0,O=C1CCC(c2ccncc2)C(=O)N1,CCC1(c2ccccc2)C(=O)NC(=O)NC1=O,1,O=C1NC(=O)C(c2ccccc2)C(=O)N1,0.3301136363636364,0,0.0447843439293814
CC[C@@]1(c2ccncc2)CCC(=O)NC1=O,0,O=C1CCC(c2ccncc2)C(=O)N1,O=C1NC(=O)C(c2ccccc2)(c2ccccc2)N1,1,O=C1NC(=O)C(c2ccccc2)(c2ccccc2)N1,0.21000000000000002,0,0.031793764921077876
CC[C@@]1(c2ccncc2)CCC(=O)NC1=O,0,O=C1CCC(c2ccncc2)C(=O)N1,Cc1ccnc2c1NC(=O)c1cccnc1N2C1CC1,1,O=C1Nc2cccnc2N(C2CC2)c2ncccc21,0.20335320417287633,0,0.05805002618429587
CC[C@@]1(c2ccncc2)CCC(=O)NC1=O,0,O=C1CCC(c2ccncc2)C(=O)N1,CCN(CC)CC(=O)Nc1c(C)cccc1C,1,c1ccccc1,0.18346153846153848,0,0.054259719004152565
Cc1c(N(C)C)c(=O)n(-c2ccccc2)n1C,1,O=c1cc[nH]n1-c1ccccc1,Cc1cc(=O)n(-c2ccccc2)n1C,1,O=c1cc[nH]n1-c1ccccc1,0.49613899613899615,1,0.7833027738530903
Cc1c(N(C)C)c(=O)n(-c2ccccc2)n1C,1,O=c1cc[nH]n1-c1ccccc1,CCCCC1C(=O)N(c2ccccc2)N(c2ccccc2)C1=O,1,O=C1CC(=O)N(c2ccccc2)N1c1ccccc1,0.23833333333333334,1,0.8946052484499888
Cc1c(N(C)C)c(=O)n(-c2ccccc2)n1C,1,O=c1cc[nH]n1-c1ccccc1,CN(C)CCCN1c2ccccc2Sc2ccccc21,1,c1ccc2c(c1)Nc1ccccc1S2,0.20081300813008132,1,0.9625358824326057
Cc1c(N(C)C)c(=O)n(-c2ccccc2)n1C,1,O=c1cc[nH]n1-c1ccccc1,CN(C)CCCN1c2ccccc2CCc2ccccc21,1,c1ccc2c(c1)CCc1ccccc1N2,0.19922480620155042,1,0.874125294486373
Cc1cc(=O)n(-c2ccccc2)n1C,1,O=c1cc[nH]n1-c1ccccc1,Cc1c(N(C)C)c(=O)n(-c2ccccc2)n1C,1,O=c1cc[nH]n1-c1ccccc1,0.49613899613899615,1,0.7269384578421572
Cc1cc(=O)n(-c2ccccc2)n1C,1,O=c1cc[nH]n1-c1ccccc1,CCCCC1C(=O)N(c2ccccc2)N(c2ccccc2)C1=O,1,O=C1CC(=O)N(c2ccccc2)N1c1ccccc1,0.2877777777777778,1,0.7783451737042233
Cc1cc(=O)n(-c2ccccc2)n1C,1,O=c1cc[nH]n1-c1ccccc1,CCC1(c2ccccc2)C(=O)NC(=O)NC1=O,1,O=C1NC(=O)C(c2ccccc2)C(=O)N1,0.20263678312458802,1,0.7471210038158133
Cc1cc(=O)n(-c2ccccc2)n1C,1,O=c1cc[nH]n1-c1ccccc1,CC[C@H](c1ccccc1)c1c(O)c2ccccc2oc1=O,1,O=c1oc2ccccc2cc1Cc1ccccc1,0.2004746084480304,1,0.7079958073946188
CCn1cc(C(=O)O)c(=O)c2ccc(C)nc21,0,O=c1cc[nH]c2ncccc12,CC(=O)Oc1ccccc1C(=O)O,1,c1ccccc1,0.2545454545454546,0,0.08602293432704906
CCn1cc(C(=O)O)c(=O)c2ccc(C)nc21,0,O=c1cc[nH]c2ncccc12,CCOc1nc2cccc(C(=O)O)c2n1Cc1ccc(-c2ccccc2-c2nnn[nH]2)cc1,1,c1ccc(-c2nnn[nH]2)c(-c2ccc(Cn3cnc4ccccc43)cc2)c1,0.2194805194805195,0,0.11059571100530508
CCn1cc(C(=O)O)c(=O)c2ccc(C)nc21,0,O=c1cc[nH]c2ncccc12,CCN(CC)CC(=O)Nc1c(C)cccc1C,1,c1ccccc1,0.19096296296296297,0,0.12399459974409878
CCn1cc(C(=O)O)c(=O)c2ccc(C)nc21,0,O=c1cc[nH]c2ncccc12,CCCCC1C(=O)N(c2ccccc2)N(c2ccccc2)C1=O,1,O=C1CC(=O)N(c2ccccc2)N1c1ccccc1,0.18644589911436274,0,0.11075670334319253
COc1ccc(Cc2nccc3cc(OC)c(OC)cc23)cc1OC,0,c1ccc(Cc2nccc3ccccc23)cc1,COc1cc(Cc2cnc(N)nc2N)cc(OC)c1OC,1,c1ccc(Cc2cncnc2)cc1,0.3261538461538462,0,0.05452565481719012
COc1ccc(Cc2nccc3cc(OC)c(OC)cc23)cc1OC,0,c1ccc(Cc2nccc3ccccc23)cc1,COc1ccc(CCN(C)CCC[C@@](C#N)(c2ccc(OC)c(OC)c2)C(C)C)cc1OC,1,c1ccc(CCCCNCCc2ccccc2)cc1,0.2645,0,0.05890354844748989
COc1ccc(Cc2nccc3cc(OC)c(OC)cc23)cc1OC,0,c1ccc(Cc2nccc3ccccc23)cc1,COc1ccc2nc([S@H](=O)Cc3ncc(C)c(OC)c3C)[nH]c2c1,1,O=[SH](Cc1ccccn1)c1nc2ccccc2[nH]1,0.22130965593784685,0,0.058304557250040155
COc1ccc(Cc2nccc3cc(OC)c(OC)cc23)cc1OC,0,c1ccc(Cc2nccc3ccccc23)cc1,COc1ccccc1Oc1c(NS(=O)(=O)c2ccc(C(C)(C)C)cc2)nc(-c2ncccn2)nc1OCCO,1,O=S(=O)(Nc1nc(-c2ncccn2)ncc1Oc1ccccc1)c1ccccc1,0.20808344198174708,0,0.019644711440465607
COc1ccc(C(=O)N2CCN(c3ccc4c(c3)CCC(=O)N4)CC2)cc1OC,0,O=C1CCc2cc(N3CCN(C(=O)c4ccccc4)CC3)ccc2N1,COc1ccc(CCN(C)CCC[C@@](C#N)(c2ccc(OC)c(OC)c2)C(C)C)cc1OC,1,c1ccc(CCCCNCCc2ccccc2)cc1,0.20996632996632997,0,0.04962575480165547
COc1ccc(C(=O)N2CCN(c3ccc4c(c3)CCC(=O)N4)CC2)cc1OC,0,O=C1CCc2cc(N3CCN(C(=O)c4ccccc4)CC3)ccc2N1,CCc1nn(CCCN2CCN(c3cccc(Cl)c3)CC2)c(=O)n1CC,1,O=c1[nH]cnn1CCCN1CCN(c2ccccc2)CC1,0.19331880900508353,0,0.01947445082504086
COc1ccc(C(=O)N2CCN(c3ccc4c(c3)CCC(=O)N4)CC2)cc1OC,0,O=C1CCc2cc(N3CCN(C(=O)c4ccccc4)CC3)ccc2N1,COc1cc(C(=O)NS(=O)(=O)c2ccccc2C)ccc1Cc1cn(C)c2ccc(NC(=O)OC3CCCC3)cc12,1,O=C(Nc1ccc2[nH]cc(Cc3ccc(C(=O)NS(=O)(=O)c4ccccc4)cc3)c2c1)OC1CCCC1,0.18650980392156866,0,0.05149056341988855
COc1ccc(C(=O)N2CCN(c3ccc4c(c3)CCC(=O)N4)CC2)cc1OC,0,O=C1CCc2cc(N3CCN(C(=O)c4ccccc4)CC3)ccc2N1,CCOc1cc(CC(=O)N[C@@H](CC(C)C)c2ccccc2N2CCCCC2)ccc1C(=O)O,1,O=C(Cc1ccccc1)NCc1ccccc1N1CCCCC1,0.1862552594670407,0,0.08316546672653785
O=[N+]([O-])c1cncn1CCN1CCOCC1,0,c1cn(CCN2CCOCC2)cn1,Cc1ncc([N+](=O)[O-])n1CCO,1,c1c[nH]cn1,0.32294673967147836,0,0.0256694906355964
O=[N+]([O-])c1cncn1CCN1CCOCC1,0,c1cn(CCN2CCOCC2)cn1,CCc1nn(CCCN2CCN(c3cccc(Cl)c3)CC2)c(=O)n1CC,1,O=c1[nH]cnn1CCCN1CCN(c2ccccc2)CC1,0.16656661279150312,0,0.016196730457831536
O=[N+]([O-])c1cncn1CCN1CCOCC1,0,c1cn(CCN2CCOCC2)cn1,CC(=O)C[C@@H](c1ccc([N+](=O)[O-])cc1)c1c(O)c2ccccc2oc1=O,1,O=c1oc2ccccc2cc1Cc1ccccc1,0.15610766045548655,0,0.04324755733734936
O=[N+]([O-])c1cncn1CCN1CCOCC1,0,c1cn(CCN2CCOCC2)cn1,Cn1c(=O)c2c(ncn2C)n(C)c1=O,1,O=c1[nH]c(=O)c2[nH]cnc2[nH]1,0.14324786324786326,0,0.06951908217853313
CC/C(=C(\CC)c1ccc(O)cc1)c1ccc(O)cc1,0,C(=Cc1ccccc1)c1ccccc1,CC(=O)Nc1ccc(O)cc1,1,c1ccccc1,0.3175066312997348,0,0.34018227366952225
CC/C(=C(\CC)c1ccc(O)cc1)c1ccc(O)cc1,0,C(=Cc1ccccc1)c1ccccc1,CC/C(=C(/c1ccccc1)c1ccc(OCCN(C)C)cc1)c1ccccc1,1,C(=C(c1ccccc1)c1ccccc1)c1ccccc1,0.31714285714285717,0,0.2725295423325561
CC/C(=C(\CC)c1ccc(O)cc1)c1ccc(O)cc1,0,C(=Cc1ccccc1)c1ccccc1,CC(C)c1cccc(C(C)C)c1O,1,c1ccccc1,0.2512315270935961,0,0.23181048512085722
CC/C(=C(\CC)c1ccc(O)cc1)c1ccc(O)cc1,0,C(=Cc1ccccc1)c1ccccc1,CN(C)CCOc1ccc(/C(=C(\CCCl)c2ccccc2)c2ccccc2)cc1,1,C(=C(c1ccccc1)c1ccccc1)c1ccccc1,0.21391304347826087,0,0.27492850353704207
Cc1c(O)cccc1C(=O)N[C@@H](CSc1ccccc1)[C@H](O)CN1C[C@H]2CCCC[C@H]2C[C@H]1C(=O)NC(C)(C)C,1,O=C(NC(CCN1CCC2CCCCC2C1)CSc1ccccc1)c1ccccc1,CC(C)(C)NC(=O)[C@@H]1CN(Cc2cccnc2)CCN1C[C@@H](O)C[C@@H](Cc1ccccc1)C(=O)N[C@H]1c2ccccc2C[C@H]1O,1,O=C(NC1CCc2ccccc21)C(CCCN1CCN(Cc2cccnc2)CC1)Cc1ccccc1,0.2735632183908046,1,0.7716156803565717
Cc1c(O)cccc1C(=O)N[C@@H](CSc1ccccc1)[C@H](O)CN1C[C@H]2CCCC[C@H]2C[C@H]1C(=O)NC(C)(C)C,1,O=C(NC(CCN1CCC2CCCCC2C1)CSc1ccccc1)c1ccccc1,CC(C)C1CCC(C(=O)N[C@H](Cc2ccccc2)C(=O)O)CC1,1,O=C(NCCc1ccccc1)C1CCCCC1,0.20955894683883952,0,0.486947757851284
Cc1c(O)cccc1C(=O)N[C@@H](CSc1ccccc1)[C@H](O)CN1C[C@H]2CCCC[C@H]2C[C@H]1C(=O)NC(C)(C)C,1,O=C(NC(CCN1CCC2CCCCC2C1)CSc1ccccc1)c1ccccc1,Cc1ccc(S(=O)(=O)NC(=O)NN2C[C@H]3CCC[C@H]3C2)cc1,1,O=C(NN1CC2CCCC2C1)NS(=O)(=O)c1ccccc1,0.2090909090909091,1,0.7421508215643124
Cc1c(O)cccc1C(=O)N[C@@H](CSc1ccccc1)[C@H](O)CN1C[C@H]2CCCC[C@H]2C[C@H]1C(=O)NC(C)(C)C,1,O=C(NC(CCN1CCC2CCCCC2C1)CSc1ccccc1)c1ccccc1,Cc1ccc(O)c([C@@H](CCN(C(C)C)C(C)C)c2ccccc2)c1,1,c1ccc(Cc2ccccc2)cc1,0.19047619047619047,1,0.6251016810695392
O=C1[C@H]2CCCC[C@H]2C(=O)N1CCCCN1CCN(c2nsc3ccccc23)CC1,0,O=C1C2CCCCC2C(=O)N1CCCCN1CCN(c2nsc3ccccc23)CC1,CCc1nn(CCCN2CCN(c3cccc(Cl)c3)CC2)c(=O)n1CC,1,O=c1[nH]cnn1CCCN1CCN(c2ccccc2)CC1,0.2566666666666667,0,0.001781477735512425
O=C1[C@H]2CCCC[C@H]2C(=O)N1CCCCN1CCN(c2nsc3ccccc23)CC1,0,O=C1C2CCCCC2C(=O)N1CCCCN1CCN(c2nsc3ccccc23)CC1,CCCCC1C(=O)N(c2ccccc2)N(c2ccccc2)C1=O,1,O=C1CC(=O)N(c2ccccc2)N1c1ccccc1,0.20952380952380953,0,0.01301884780880557
O=C1[C@H]2CCCC[C@H]2C(=O)N1CCCCN1CCN(c2nsc3ccccc23)CC1,0,O=C1C2CCCCC2C(=O)N1CCCCN1CCN(c2nsc3ccccc23)CC1,O=C(OC1C[C@@H]2CC3C[C@H](C1)N2CC3=O)c1c[nH]c2ccccc12,1,O=C(OC1CC2CC3CC(C1)N2CC3=O)c1c[nH]c2ccccc12,0.20535236396074935,0,0.006015609738014082
O=C1[C@H]2CCCC[C@H]2C(=O)N1CCCCN1CCN(c2nsc3ccccc23)CC1,0,O=C1C2CCCCC2C(=O)N1CCCCN1CCN(c2nsc3ccccc23)CC1,CN(C)CCCN1c2ccccc2Sc2ccccc21,1,c1ccc2c(c1)Nc1ccccc1S2,0.20333333333333337,0,0.02522697061302977
OCCOCCN1CCN([C@H](c2ccccc2)c2ccc(Cl)cc2)CC1,0,c1ccc(C(c2ccccc2)N2CCNCC2)cc1,CCc1nn(CCCN2CCN(c3cccc(Cl)c3)CC2)c(=O)n1CC,1,O=c1[nH]cnn1CCCN1CCN(c2ccccc2)CC1,0.23742690058479532,0,0.005702674793752458
OCCOCCN1CCN([C@H](c2ccccc2)c2ccc(Cl)cc2)CC1,0,c1ccc(C(c2ccccc2)N2CCNCC2)cc1,CN(C)CCCN1c2ccccc2CCc2ccc(Cl)cc21,1,c1ccc2c(c1)CCc1ccccc1N2,0.23555555555555557,0,0.022646071460690878
OCCOCCN1CCN([C@H](c2ccccc2)c2ccc(Cl)cc2)CC1,0,c1ccc(C(c2ccccc2)N2CCNCC2)cc1,CC(C)/N=C(N)\N=C(/N)Nc1ccc(Cl)cc1,1,c1ccccc1,0.1849645390070922,0,0.008894476897564492
OCCOCCN1CCN([C@H](c2ccccc2)c2ccc(Cl)cc2)CC1,0,c1ccc(C(c2ccccc2)N2CCNCC2)cc1,CN(C)CCOc1ccc(/C(=C(\CCCl)c2ccccc2)c2ccccc2)cc1,1,C(=C(c1ccccc1)c1ccccc1)c1ccccc1,0.18334328358208957,0,0.021571446507954208
O=C(O)COCCN1CCN([C@H](c2ccccc2)c2ccc(Cl)cc2)CC1,0,c1ccc(C(c2ccccc2)N2CCNCC2)cc1,O=C(O)COc1ccc(C(=O)c2cccs2)c(Cl)c1Cl,1,O=C(c1ccccc1)c1cccs1,0.2438746438746439,0,0.10679390444709447
O=C(O)COCCN1CCN([C@H](c2ccccc2)c2ccc(Cl)cc2)CC1,0,c1ccc(C(c2ccccc2)N2CCNCC2)cc1,CCc1nn(CCCN2CCN(c3cccc(Cl)c3)CC2)c(=O)n1CC,1,O=c1[nH]cnn1CCCN1CCN(c2ccccc2)CC1,0.23876038625645635,0,0.008933580696673382
O=C(O)COCCN1CCN([C@H](c2ccccc2)c2ccc(Cl)cc2)CC1,0,c1ccc(C(c2ccccc2)N2CCNCC2)cc1,CC(C)(O)c1ccccc1CC[C@@H](SCC1(CC(=O)O)CC1)c1cccc(/C=C\c2ccc3ccc(Cl)cc3n2)c1,1,C(=Cc1ccc2ccccc2n1)c1cccc(C(CCc2ccccc2)SCC2CC2)c1,0.22226756047799479,0,0.0026269804521513733
O=C(O)COCCN1CCN([C@H](c2ccccc2)c2ccc(Cl)cc2)CC1,0,c1ccc(C(c2ccccc2)N2CCNCC2)cc1,CC1=C(C)C(=O)C([C@@H](CCCCCC(=O)O)c2ccccc2)=C(C)C1=O,1,O=C1C=CC(=O)C(Cc2ccccc2)=C1,0.22205882352941178,0,0.09953615210575324
CCc1nc(N)nc(N)c1-c1ccc(Cl)cc1,0,c1ccc(-c2cncnc2)cc1,COc1cc(Cc2cnc(N)nc2N)cc(OC)c1OC,1,c1ccc(Cc2cncnc2)cc1,0.2160377358490566,0,0.11757043403674271
CCc1nc(N)nc(N)c1-c1ccc(Cl)cc1,0,c1ccc(-c2cncnc2)cc1,CC(C)/N=C(N)\N=C(/N)Nc1ccc(Cl)cc1,1,c1ccccc1,0.20448179271708683,0,0.23637265471992006
CCc1nc(N)nc(N)c1-c1ccc(Cl)cc1,0,c1ccc(-c2cncnc2)cc1,Cc1ncc2n1-c1ccc(Cl)cc1C(c1ccccc1F)=NC2,1,c1ccc(C2=NCc3cncn3-c3ccccc32)cc1,0.1806372549019608,0,0.31495291636952205
CCc1nc(N)nc(N)c1-c1ccc(Cl)cc1,0,c1ccc(-c2cncnc2)cc1,CCOP(=S)(OCC)Oc1nc(Cl)c(Cl)cc1Cl,1,c1ccncc1,0.17846153846153848,0,0.3680380031917611
C[C@@H]1C[C@H]2[C@@H]3CCC4=CC(=O)C=C[C@]4(C)C3=CC[C@]2(C)[C@H]1C(=O)CN1CCN(c2cc(N3CCCC3)nc(N3CCCC3)n2)CC1,0,O=C1C=CC2C(=C1)CCC1C2=CCC2C(C(=O)CN3CCN(c4cc(N5CCCC5)nc(N5CCCC5)n4)CC3)CCC12,CN1C(=O)[C@@](C)(C2=CCCCC2)C(=O)N=C1O,1,O=C1N=CNC(=O)C1C1=CCCCC1,0.18271558949525052,0,0.006180613135105181
C[C@@H]1C[C@H]2[C@@H]3CCC4=CC(=O)C=C[C@]4(C)C3=CC[C@]2(C)[C@H]1C(=O)CN1CCN(c2cc(N3CCCC3)nc(N3CCCC3)n2)CC1,0,O=C1C=CC2C(=C1)CCC1C2=CCC2C(C(=O)CN3CCN(c4cc(N5CCCC5)nc(N5CCCC5)n4)CC3)CCC12,C[C@]12CC[C@@H]3c4ccc(O)cc4CC[C@H]3[C@@H]1CCC2=O,1,O=C1CCC2C1CCC1c3ccccc3CCC12,0.18052227342549923,0,0.014561656951118968
C[C@@H]1C[C@H]2[C@@H]3CCC4=CC(=O)C=C[C@]4(C)C3=CC[C@]2(C)[C@H]1C(=O)CN1CCN(c2cc(N3CCCC3)nc(N3CCCC3)n2)CC1,0,O=C1C=CC2C(=C1)CCC1C2=CCC2C(C(=O)CN3CCN(c4cc(N5CCCC5)nc(N5CCCC5)n4)CC3)CCC12,CCc1nn(CCCN2CCN(c3cccc(Cl)c3)CC2)c(=O)n1CC,1,O=c1[nH]cnn1CCCN1CCN(c2ccccc2)CC1,0.1717948717948718,0,0.00466214126918339
C[C@@H]1C[C@H]2[C@@H]3CCC4=CC(=O)C=C[C@]4(C)C3=CC[C@]2(C)[C@H]1C(=O)CN1CCN(c2cc(N3CCCC3)nc(N3CCCC3)n2)CC1,0,O=C1C=CC2C(=C1)CCC1C2=CCC2C(C(=O)CN3CCN(c4cc(N5CCCC5)nc(N5CCCC5)n4)CC3)CCC12,O=C(C1CCCCC1)N1CC(=O)N2CCc3ccccc3[C@H]2C1,1,O=C(C1CCCCC1)N1CC(=O)N2CCc3ccccc3C2C1,0.1574779165397502,0,0.03705050486294279
C[C@H](Cn1cnc2c(N)ncnc21)OCP(=O)(O)O,0,c1ncc2nc[nH]c2n1,Cn1c(=O)c2c(ncn2C)n(C)c1=O,1,O=c1[nH]c(=O)c2[nH]cnc2[nH]1,0.1774712643678161,0,0.001001493489800689
C[C@H](Cn1cnc2c(N)ncnc21)OCP(=O)(O)O,0,c1ncc2nc[nH]c2n1,CC(C)N(CC[C@@](C(N)=O)(c1ccccc1)c1ccccn1)C(C)C,1,c1ccc(Cc2ccccn2)cc1,0.156120527306968,0,0.0027400374927714737
C[C@H](Cn1cnc2c(N)ncnc21)OCP(=O)(O)O,0,c1ncc2nc[nH]c2n1,COc1cc(Cc2cnc(N)nc2N)cc(OC)c1OC,1,c1ccc(Cc2cncnc2)cc1,0.1503030303030303,0,0.0012338520797996874
C[C@H](Cn1cnc2c(N)ncnc21)OCP(=O)(O)O,0,c1ncc2nc[nH]c2n1,Cn1c(=O)c2[nH]cnc2n(C)c1=O,1,O=c1[nH]c(=O)c2[nH]cnc2[nH]1,0.1489569752281617,0,0.0007595521536814351
C[C@H]1CNc2ccc(S(=O)(=O)N[C@@H](CCCN=C(N)N)C(=O)N3CC[C@H](C)C[C@@H]3C(=O)O)cc2C1,0,O=C(CNS(=O)(=O)c1ccc2c(c1)CCCN2)N1CCCCC1,Cc1ccc(S(=O)(=O)NC(=O)NN2C[C@H]3CCC[C@H]3C2)cc1,1,O=C(NN1CC2CCCC2C1)NS(=O)(=O)c1ccccc1,0.22585227272727273,0,0.02777442861504788
C[C@H]1CNc2ccc(S(=O)(=O)N[C@@H](CCCN=C(N)N)C(=O)N3CC[C@H](C)C[C@@H]3C(=O)O)cc2C1,0,O=C(CNS(=O)(=O)c1ccc2c(c1)CCCN2)N1CCCCC1,CCCCNC(=O)NS(=O)(=O)c1ccc(C)cc1,1,c1ccccc1,0.19157088122605365,0,0.007922799273759357
C[C@H]1CNc2ccc(S(=O)(=O)N[C@@H](CCCN=C(N)N)C(=O)N3CC[C@H](C)C[C@@H]3C(=O)O)cc2C1,0,O=C(CNS(=O)(=O)c1ccc2c(c1)CCCN2)N1CCCCC1,CC(C)C1CCC(C(=O)N[C@H](Cc2ccccc2)C(=O)O)CC1,1,O=C(NCCc1ccccc1)C1CCCCC1,0.18441687344913152,0,0.010346091325882165
C[C@H]1CNc2ccc(S(=O)(=O)N[C@@H](CCCN=C(N)N)C(=O)N3CC[C@H](C)C[C@@H]3C(=O)O)cc2C1,0,O=C(CNS(=O)(=O)c1ccc2c(c1)CCCN2)N1CCCCC1,Cc1cnc(C(=O)NCCc2ccc(S(=O)(=O)NC(=O)NC3CCCCC3)cc2)cn1,1,O=C(NC1CCCCC1)NS(=O)(=O)c1ccc(CCNC(=O)c2cnccn2)cc1,0.1798095238095238,0,0.01694627814840142
CN(C)CCCN1c2ccccc2Sc2ccc(Cl)cc21,0,c1ccc2c(c1)Nc1ccccc1S2,CN(C)CCCN1c2ccccc2Sc2ccccc21,1,c1ccc2c(c1)Nc1ccccc1S2,0.7691470054446462,0,0.2991290205729911
CN(C)CCCN1c2ccccc2Sc2ccc(Cl)cc21,0,c1ccc2c(c1)Nc1ccccc1S2,CN(C)CCCN1c2ccccc2CCc2ccc(Cl)cc21,1,c1ccc2c(c1)CCc1ccccc1N2,0.6364741641337387,0,0.3732877126186774
CN(C)CCCN1c2ccccc2Sc2ccc(Cl)cc21,0,c1ccc2c(c1)Nc1ccccc1S2,CN(C)CCCN1c2ccccc2CCc2ccccc21,1,c1ccc2c(c1)CCc1ccccc1N2,0.49968253968253973,0,0.3981108748897111
CN(C)CCCN1c2ccccc2Sc2ccc(Cl)cc21,0,c1ccc2c(c1)Nc1ccccc1S2,COc1ccc([C@@H]2Sc3ccccc3N(CCN(C)C)C(=O)[C@@H]2OC(C)=O)cc1,1,O=C1CC(c2ccccc2)Sc2ccccc2N1,0.29283018867924526,0,0.19066899777801377
CN(C)CCCN1c2ccccc2Sc2ccccc21,1,c1ccc2c(c1)Nc1ccccc1S2,CN(C)CCCN1c2ccccc2CCc2ccccc21,1,c1ccc2c(c1)CCc1ccccc1N2,0.6199233716475097,0,0.43353598323193143
CN(C)CCCN1c2ccccc2Sc2ccccc21,1,c1ccc2c(c1)Nc1ccccc1S2,CN(C)CCCN1c2ccccc2CCc2ccc(Cl)cc21,1,c1ccc2c(c1)CCc1ccccc1N2,0.49968253968253973,0,0.39476763232227563
CN(C)CCCN1c2ccccc2Sc2ccccc21,1,c1ccc2c(c1)Nc1ccccc1S2,COc1ccc([C@@H]2Sc3ccccc3N(CCN(C)C)C(=O)[C@@H]2OC(C)=O)cc1,1,O=C1CC(c2ccccc2)Sc2ccccc2N1,0.33498430415068015,0,0.20329821741700532
CN(C)CCCN1c2ccccc2Sc2ccccc21,1,c1ccc2c(c1)Nc1ccccc1S2,CN(C)CCC=C1c2ccccc2CCc2ccccc21,1,C=C1c2ccccc2CCc2ccccc21,0.27340153452685423,1,0.5031569288032166
C[C@H](CN1c2ccccc2Sc2ccccc21)N(C)C,0,c1ccc2c(c1)Nc1ccccc1S2,CN(C)CCCN1c2ccccc2Sc2ccccc21,1,c1ccc2c(c1)Nc1ccccc1S2,0.5424812030075188,0,0.28740941466605313
C[C@H](CN1c2ccccc2Sc2ccccc21)N(C)C,0,c1ccc2c(c1)Nc1ccccc1S2,CN(C)CCCN1c2ccccc2CCc2ccccc21,1,c1ccc2c(c1)CCc1ccccc1N2,0.3075816993464052,0,0.40672264953368503
C[C@H](CN1c2ccccc2Sc2ccccc21)N(C)C,0,c1ccc2c(c1)Nc1ccccc1S2,C#CCN(C)[C@@H](C)Cc1ccccc1,1,c1ccccc1,0.2662745098039216,0,0.24848672513988823
C[C@H](CN1c2ccccc2Sc2ccccc21)N(C)C,0,c1ccc2c(c1)Nc1ccccc1S2,CN(C)CCCN1c2ccccc2CCc2ccc(Cl)cc21,1,c1ccc2c(c1)CCc1ccccc1N2,0.2575925925925926,0,0.36971753129609713
N=C(N)N1CCc2ccccc2C1,0,c1ccc2c(c1)CCNC2,O=C(C1CCCCC1)N1CC(=O)N2CCc3ccccc3[C@H]2C1,1,O=C(C1CCCCC1)N1CC(=O)N2CCc3ccccc3C2C1,0.27350427350427353,0,0.1881460599073574
N=C(N)N1CCc2ccccc2C1,0,c1ccc2c(c1)CCNC2,CN(C)CCCN1c2ccccc2CCc2ccccc21,1,c1ccc2c(c1)CCc1ccccc1N2,0.2177777777777778,0,0.11084005126020506
N=C(N)N1CCc2ccccc2C1,0,c1ccc2c(c1)CCNC2,CN(C)CCC=C1c2ccccc2CCc2ccccc21,1,C=C1c2ccccc2CCc2ccccc21,0.19976498237367804,0,0.11427214563520717
N=C(N)N1CCc2ccccc2C1,0,c1ccc2c(c1)CCNC2,CN(C)CCCN1c2ccccc2CCc2ccc(Cl)cc21,1,c1ccc2c(c1)CCc1ccccc1N2,0.1829307568438003,0,0.09557929007343148
O=C(NC1CCN(CCc2c[nH]c3ccccc23)CC1)c1ccccc1,0,O=C(NC1CCN(CCc2c[nH]c3ccccc23)CC1)c1ccccc1,CN1CCC[C@@H]1Cc1c[nH]c2ccc(CCS(=O)(=O)c3ccccc3)cc12,1,O=S(=O)(CCc1ccc2[nH]cc(CC3CCCN3)c2c1)c1ccccc1,0.36642411642411643,0,0.13150894413467662
O=C(NC1CCN(CCc2c[nH]c3ccccc23)CC1)c1ccccc1,0,O=C(NC1CCN(CCc2c[nH]c3ccccc23)CC1)c1ccccc1,CN1[C@@H]2CC[C@H]1CC(OC(=O)c1c[nH]c3ccccc13)C2,1,O=C(OC1CC2CCC(C1)N2)c1c[nH]c2ccccc12,0.3573529411764706,0,0.133969227090277
O=C(NC1CCN(CCc2c[nH]c3ccccc23)CC1)c1ccccc1,0,O=C(NC1CCN(CCc2c[nH]c3ccccc23)CC1)c1ccccc1,O=C(OC1C[C@@H]2CC3C[C@H](C1)N2CC3=O)c1c[nH]c2ccccc12,1,O=C(OC1CC2CC3CC(C1)N2CC3=O)c1c[nH]c2ccccc12,0.3085714285714286,0,0.16098513304765005
O=C(NC1CCN(CCc2c[nH]c3ccccc23)CC1)c1ccccc1,0,O=C(NC1CCN(CCc2c[nH]c3ccccc23)CC1)c1ccccc1,Cc1cnc(C(=O)NCCc2ccc(S(=O)(=O)NC(=O)NC3CCCCC3)cc2)cn1,1,O=C(NC1CCCCC1)NS(=O)(=O)c1ccc(CCNC(=O)c2cnccn2)cc1,0.21101494885916602,0,0.2267690230823313
Cc1onc(NS(=O)(=O)c2ccc(N)cc2)c1C,0,O=S(=O)(Nc1ccon1)c1ccccc1,Cc1cc(NS(=O)(=O)c2ccc(N)cc2)no1,1,O=S(=O)(Nc1ccon1)c1ccccc1,0.634959349593496,0,0.26571742411078386
Cc1onc(NS(=O)(=O)c2ccc(N)cc2)c1C,0,O=S(=O)(Nc1ccon1)c1ccccc1,Nc1ccc(S(=O)(=O)c2ccc(N)cc2)cc1,1,O=S(=O)(c1ccccc1)c1ccccc1,0.36888888888888893,0,0.28862581643004365
Cc1onc(NS(=O)(=O)c2ccc(N)cc2)c1C,0,O=S(=O)(Nc1ccon1)c1ccccc1,CCCCNC(=O)NS(=O)(=O)c1ccc(C)cc1,1,c1ccccc1,0.25122641509433963,0,0.29188208971946344
Cc1onc(NS(=O)(=O)c2ccc(N)cc2)c1C,0,O=S(=O)(Nc1ccon1)c1ccccc1,COc1ccccc1Oc1c(NS(=O)(=O)c2ccc(C(C)(C)C)cc2)nc(-c2ncccn2)nc1OCCO,1,O=S(=O)(Nc1nc(-c2ncccn2)ncc1Oc1ccccc1)c1ccccc1,0.24098245614035088,0,0.09812420230977381
Cc1cc(NS(=O)(=O)c2ccc(N)cc2)no1,1,O=S(=O)(Nc1ccon1)c1ccccc1,Nc1ccc(S(=O)(=O)c2ccc(N)cc2)cc1,1,O=S(=O)(c1ccccc1)c1ccccc1,0.3745622119815668,0,0.3001193821546532
Cc1cc(NS(=O)(=O)c2ccc(N)cc2)no1,1,O=S(=O)(Nc1ccon1)c1ccccc1,CCCCNC(=O)NS(=O)(=O)c1ccc(C)cc1,1,c1ccccc1,0.25365853658536586,0,0.3119561007853055
Cc1cc(NS(=O)(=O)c2ccc(N)cc2)no1,1,O=S(=O)(Nc1ccon1)c1ccccc1,Cc1ccc(S(=O)(=O)NC(=O)NN2C[C@H]3CCC[C@H]3C2)cc1,1,O=C(NN1CC2CCCC2C1)NS(=O)(=O)c1ccccc1,0.24025974025974026,1,0.6112281750460516
Cc1cc(NS(=O)(=O)c2ccc(N)cc2)no1,1,O=S(=O)(Nc1ccon1)c1ccccc1,Cc1ccc(-c2cc(C(F)(F)F)nn2-c2ccc(S(N)(=O)=O)cc2)cc1,1,c1ccc(-c2ccnn2-c2ccccc2)cc1,0.22427118644067795,0,0.38789619058146135
COC(=O)C1=C(C)NC(C)=C(C(=O)OC/C=C/c2ccccc2)[C@H]1c1cccc([N+](=O)[O-])c1,0,O=C(OCC=Cc1ccccc1)C1=CNC=CC1c1ccccc1,CC(=O)C[C@@H](c1ccc([N+](=O)[O-])cc1)c1c(O)c2ccccc2oc1=O,1,O=c1oc2ccccc2cc1Cc1ccccc1,0.228734756097561,0,0.03288975509475592
COC(=O)C1=C(C)NC(C)=C(C(=O)OC/C=C/c2ccccc2)[C@H]1c1cccc([N+](=O)[O-])c1,0,O=C(OCC=Cc1ccccc1)C1=CNC=CC1c1ccccc1,CCC1(c2ccccc2)C(=O)NC(=O)NC1=O,1,O=C1NC(=O)C(c2ccccc2)C(=O)N1,0.17789896670493688,0,0.023315311643797337
COC(=O)C1=C(C)NC(C)=C(C(=O)OC/C=C/c2ccccc2)[C@H]1c1cccc([N+](=O)[O-])c1,0,O=C(OCC=Cc1ccccc1)C1=CNC=CC1c1ccccc1,CCN(CC)CC(=O)Nc1c(C)cccc1C,1,c1ccccc1,0.1729471166622376,0,0.0454900535107479
COC(=O)C1=C(C)NC(C)=C(C(=O)OC/C=C/c2ccccc2)[C@H]1c1cccc([N+](=O)[O-])c1,0,O=C(OCC=Cc1ccccc1)C1=CNC=CC1c1ccccc1,COc1ccc([C@@H]2Sc3ccccc3N(CCN(C)C)C(=O)[C@@H]2OC(C)=O)cc1,1,O=C1CC(c2ccccc2)Sc2ccccc2N1,0.17043478260869566,0,0.06190939055483244
COCCOC(=O)C1=C(C)NC(C)=C(C(=O)OC/C=C/c2ccccc2)[C@H]1c1cccc([N+](=O)[O-])c1,0,O=C(OCC=Cc1ccccc1)C1=CNC=CC1c1ccccc1,CC(=O)C[C@@H](c1ccc([N+](=O)[O-])cc1)c1c(O)c2ccccc2oc1=O,1,O=c1oc2ccccc2cc1Cc1ccccc1,0.22373626373626374,0,0.0028837875356111232
COCCOC(=O)C1=C(C)NC(C)=C(C(=O)OC/C=C/c2ccccc2)[C@H]1c1cccc([N+](=O)[O-])c1,0,O=C(OCC=Cc1ccccc1)C1=CNC=CC1c1ccccc1,CCC1(c2ccccc2)C(=O)NC(=O)NC1=O,1,O=C1NC(=O)C(c2ccccc2)C(=O)N1,0.17309269893355209,0,0.005577911611148293
COCCOC(=O)C1=C(C)NC(C)=C(C(=O)OC/C=C/c2ccccc2)[C@H]1c1cccc([N+](=O)[O-])c1,0,O=C(OCC=Cc1ccccc1)C1=CNC=CC1c1ccccc1,CC(C)(O)c1ccccc1CC[C@@H](SCC1(CC(=O)O)CC1)c1cccc(/C=C\c2ccc3ccc(Cl)cc3n2)c1,1,C(=Cc1ccc2ccccc2n1)c1cccc(C(CCc2ccccc2)SCC2CC2)c1,0.1670357481809554,0,0.00017718300498472544
COCCOC(=O)C1=C(C)NC(C)=C(C(=O)OC/C=C/c2ccccc2)[C@H]1c1cccc([N+](=O)[O-])c1,0,O=C(OCC=Cc1ccccc1)C1=CNC=CC1c1ccccc1,CN1[C@@H]2CC[C@H]1CC(OC(=O)c1c[nH]c3ccccc13)C2,1,O=C(OC1CC2CCC(C1)N2)c1c[nH]c2ccccc12,0.16385809312638583,0,0.00603299753584673
CCN(CC)CCC[C@@H](C)Nc1c2ccc(Cl)cc2nc2ccc(OC)cc12,0,c1ccc2nc3ccccc3cc2c1,COc1ccc2cc([C@H](C)C(=O)O)ccc2c1,1,c1ccc2ccccc2c1,0.24692307692307697,0,0.05260085032720361
CCN(CC)CCC[C@@H](C)Nc1c2ccc(Cl)cc2nc2ccc(OC)cc12,0,c1ccc2nc3ccccc3cc2c1,CCCCc1oc2ccccc2c1C(=O)c1cc(I)c(OCCN(CC)CC)c(I)c1,1,O=C(c1ccccc1)c1coc2ccccc12,0.21882022471910115,0,0.03574856208143634
CCN(CC)CCC[C@@H](C)Nc1c2ccc(Cl)cc2nc2ccc(OC)cc12,0,c1ccc2nc3ccccc3cc2c1,COc1ccc2nc([S@H](=O)Cc3ncc(C)c(OC)c3C)[nH]c2c1,1,O=[SH](Cc1ccccn1)c1nc2ccccc2[nH]1,0.20443513183167453,0,0.0437208322825383
CCN(CC)CCC[C@@H](C)Nc1c2ccc(Cl)cc2nc2ccc(OC)cc12,0,c1ccc2nc3ccccc3cc2c1,CN(C)CCCN1c2ccccc2CCc2ccc(Cl)cc21,1,c1ccc2c(c1)CCc1ccccc1N2,0.202540834845735,0,0.04861410913958168
COc1ccc(C(=O)Nc2ccccc2CC[C@H]2CCCCN2C)cc1,0,O=C(Nc1ccccc1CCC1CCCCN1)c1ccccc1,CN1CCC[C@@H]1Cc1c[nH]c2ccc(CCS(=O)(=O)c3ccccc3)cc12,1,O=S(=O)(CCc1ccc2[nH]cc(CC3CCCN3)c2c1)c1ccccc1,0.29296024872307347,0,0.19719882480705392
COc1ccc(C(=O)Nc2ccccc2CC[C@H]2CCCCN2C)cc1,0,O=C(Nc1ccccc1CCC1CCCCN1)c1ccccc1,COc1cc(C(=O)NS(=O)(=O)c2ccccc2C)ccc1Cc1cn(C)c2ccc(NC(=O)OC3CCCC3)cc12,1,O=C(Nc1ccc2[nH]cc(Cc3ccc(C(=O)NS(=O)(=O)c4ccccc4)cc3)c2c1)OC1CCCC1,0.2784504345264398,0,0.1855778930489228
COc1ccc(C(=O)Nc2ccccc2CC[C@H]2CCCCN2C)cc1,0,O=C(Nc1ccccc1CCC1CCCCN1)c1ccccc1,COc1ccc([C@@H]2Sc3ccccc3N(CCN(C)C)C(=O)[C@@H]2OC(C)=O)cc1,1,O=C1CC(c2ccccc2)Sc2ccccc2N1,0.2641975308641975,0,0.1283900276236918
COc1ccc(C(=O)Nc2ccccc2CC[C@H]2CCCCN2C)cc1,0,O=C(Nc1ccccc1CCC1CCCCN1)c1ccccc1,CCOc1cc(CC(=O)N[C@@H](CC(C)C)c2ccccc2N2CCCCC2)ccc1C(=O)O,1,O=C(Cc1ccccc1)NCc1ccccc1N1CCCCC1,0.2245053800763624,0,0.26776549935092064
CN(C)CCC[C@@]1(c2ccc(F)cc2)OCc2cc(C#N)ccc21,0,c1ccc(C2OCc3ccccc32)cc1,CN(C)CCCN1c2ccccc2CCc2ccc(Cl)cc21,1,c1ccc2c(c1)CCc1ccccc1N2,0.26210299105766266,0,0.03184583186042262
CN(C)CCC[C@@]1(c2ccc(F)cc2)OCc2cc(C#N)ccc21,0,c1ccc(C2OCc3ccccc32)cc1,CN(C)CC/C=C1/c2ccccc2COc2ccccc21,1,C=C1c2ccccc2COc2ccccc21,0.24160447761194032,0,0.024172527070764775
CN(C)CCC[C@@]1(c2ccc(F)cc2)OCc2cc(C#N)ccc21,0,c1ccc(C2OCc3ccccc32)cc1,CN(C)CCCN1c2ccccc2CCc2ccccc21,1,c1ccc2c(c1)CCc1ccccc1N2,0.2371669004207574,0,0.044924299207594845
CN(C)CCC[C@@]1(c2ccc(F)cc2)OCc2cc(C#N)ccc21,0,c1ccc(C2OCc3ccccc32)cc1,CN(C)CCC=C1c2ccccc2CCc2ccccc21,1,C=C1c2ccccc2CCc2ccccc21,0.2196248196248196,0,0.02608899971795029
COc1ccccc1Oc1c(NS(=O)(=O)c2ccc(C(C)C)cn2)nc(-c2ccnc(-c3nn[nH]n3)c2)nc1OCCO,0,O=S(=O)(Nc1nc(-c2ccnc(-c3nn[nH]n3)c2)ncc1Oc1ccccc1)c1ccccn1,COc1ccccc1Oc1c(NS(=O)(=O)c2ccc(C(C)(C)C)cc2)nc(-c2ncccn2)nc1OCCO,1,O=S(=O)(Nc1nc(-c2ncccn2)ncc1Oc1ccccc1)c1ccccc1,0.5007001522070016,0,0.08917272448686679
COc1ccccc1Oc1c(NS(=O)(=O)c2ccc(C(C)C)cn2)nc(-c2ccnc(-c3nn[nH]n3)c2)nc1OCCO,0,O=S(=O)(Nc1nc(-c2ccnc(-c3nn[nH]n3)c2)ncc1Oc1ccccc1)c1ccccn1,CCOc1nc2cccc(C(=O)O)c2n1Cc1ccc(-c2ccccc2-c2nnn[nH]2)cc1,1,c1ccc(-c2nnn[nH]2)c(-c2ccc(Cn3cnc4ccccc43)cc2)c1,0.17457044673539518,0,0.14063574746846738
COc1ccccc1Oc1c(NS(=O)(=O)c2ccc(C(C)C)cn2)nc(-c2ccnc(-c3nn[nH]n3)c2)nc1OCCO,0,O=S(=O)(Nc1nc(-c2ccnc(-c3nn[nH]n3)c2)ncc1Oc1ccccc1)c1ccccn1,Cc1c(OCC(F)(F)F)ccnc1C[S@@H](=O)c1nc2ccccc2[nH]1,1,O=[SH](Cc1ccccn1)c1nc2ccccc2[nH]1,0.17240819638871982,0,0.18035691908255722
COc1ccccc1Oc1c(NS(=O)(=O)c2ccc(C(C)C)cn2)nc(-c2ccnc(-c3nn[nH]n3)c2)nc1OCCO,0,O=S(=O)(Nc1nc(-c2ccnc(-c3nn[nH]n3)c2)ncc1Oc1ccccc1)c1ccccn1,COc1ccc2cc([C@H](C)C(=O)O)ccc2c1,1,c1ccc2ccccc2c1,0.17027449864884084,0,0.2829080622587273
CCOC(=O)c1cncn1[C@H](C)c1ccccc1,0,c1ccc(Cn2ccnc2)cc1,CC(=O)C[C@@H](c1ccccc1)c1c(O)c2ccccc2oc1=O,1,O=c1oc2ccccc2cc1Cc1ccccc1,0.2431372549019608,0,0.19211995965342193
CCOC(=O)c1cncn1[C@H](C)c1ccccc1,0,c1ccc(Cn2ccnc2)cc1,CC(C)C[C@@H](NC(=O)[C@@H](Cc1ccccc1)NC(=O)c1cnccn1)B(O)O,1,O=C(NCCc1ccccc1)c1cnccn1,0.24245838668373879,0,0.2988521049743113
CCOC(=O)c1cncn1[C@H](C)c1ccccc1,0,c1ccc(Cn2ccnc2)cc1,CC1=C(C)C(=O)C([C@@H](CCCCCC(=O)O)c2ccccc2)=C(C)C1=O,1,O=C1C=CC(=O)C(Cc2ccccc2)=C1,0.2401245243860256,0,0.3979723196949989
CCOC(=O)c1cncn1[C@H](C)c1ccccc1,0,c1ccc(Cn2ccnc2)cc1,CC[C@H](c1ccccc1)c1c(O)c2ccccc2oc1=O,1,O=c1oc2ccccc2cc1Cc1ccccc1,0.23391977480647436,0,0.1845807341587256
OCc1cc([C@H](O)CNCCCCCCOCCCCc2ccccc2)ccc1O,0,c1ccc(CCCCOCCCCCCNCCc2ccccc2)cc1,Cc1ccc(O)c([C@@H](CCN(C(C)C)C(C)C)c2ccccc2)c1,1,c1ccc(Cc2ccccc2)cc1,0.21384615384615388,0,0.00995462661627941
OCc1cc([C@H](O)CNCCCCCCOCCCCc2ccccc2)ccc1O,0,c1ccc(CCCCOCCCCCCNCCc2ccccc2)cc1,CC(C)C1CCC(C(=O)N[C@H](Cc2ccccc2)C(=O)O)CC1,1,O=C(NCCc1ccccc1)C1CCCCC1,0.19003831417624523,0,0.01728889695857471
OCc1cc([C@H](O)CNCCCCCCOCCCCc2ccccc2)ccc1O,0,c1ccc(CCCCOCCCCCCNCCc2ccccc2)cc1,CC[C@H](c1ccccc1)c1c(O)c2ccccc2oc1=O,1,O=c1oc2ccccc2cc1Cc1ccccc1,0.1893211289092296,0,0.01973635187521456
OCc1cc([C@H](O)CNCCCCCCOCCCCc2ccccc2)ccc1O,0,c1ccc(CCCCOCCCCCCNCCc2ccccc2)cc1,CNCC[C@@H](Oc1ccccc1C)c1ccccc1,1,c1ccc(COc2ccccc2)cc1,0.18823529411764708,0,0.0071067004480723376
CC/C(=C(/c1ccccc1)c1ccc(OCCN(C)C)cc1)c1ccccc1,1,C(=C(c1ccccc1)c1ccccc1)c1ccccc1,CN(C)CCOc1ccc(/C(=C(\CCCl)c2ccccc2)c2ccccc2)cc1,1,C(=C(c1ccccc1)c1ccccc1)c1ccccc1,0.7492997198879552,1,0.5519104370126428
CC/C(=C(/c1ccccc1)c1ccc(OCCN(C)C)cc1)c1ccccc1,1,C(=C(c1ccccc1)c1ccccc1)c1ccccc1,CN(CCOc1ccc(C[C@@H]2SC(=O)NC2=O)cc1)c1ccccn1,1,O=C1NC(=O)C(Cc2ccc(OCCNc3ccccn3)cc2)S1,0.28750000000000003,0,0.3877207322278761
CC/C(=C(/c1ccccc1)c1ccc(OCCN(C)C)cc1)c1ccccc1,1,C(=C(c1ccccc1)c1ccccc1)c1ccccc1,CN(C)CCCN1c2ccccc2CCc2ccccc21,1,c1ccc2c(c1)CCc1ccccc1N2,0.2688259109311741,1,0.5688198159436536
CC/C(=C(/c1ccccc1)c1ccc(OCCN(C)C)cc1)c1ccccc1,1,C(=C(c1ccccc1)c1ccccc1)c1ccccc1,CN(C)CCCN1c2ccccc2Sc2ccccc21,1,c1ccc2c(c1)Nc1ccccc1S2,0.2582995951417004,1,0.7262536199147872
CN(C)CCOc1ccc(/C(=C(\CCCl)c2ccccc2)c2ccccc2)cc1,1,C(=C(c1ccccc1)c1ccccc1)c1ccccc1,CC/C(=C(/c1ccccc1)c1ccc(OCCN(C)C)cc1)c1ccccc1,1,C(=C(c1ccccc1)c1ccccc1)c1ccccc1,0.7492997198879552,1,0.5685090106892372
CN(C)CCOc1ccc(/C(=C(\CCCl)c2ccccc2)c2ccccc2)cc1,1,C(=C(c1ccccc1)c1ccccc1)c1ccccc1,CN(CCOc1ccc(C[C@@H]2SC(=O)NC2=O)cc1)c1ccccn1,1,O=C1NC(=O)C(Cc2ccc(OCCNc3ccccn3)cc2)S1,0.2898818695428865,0,0.42027761067980846
CN(C)CCOc1ccc(/C(=C(\CCCl)c2ccccc2)c2ccccc2)cc1,1,C(=C(c1ccccc1)c1ccccc1)c1ccccc1,CN(C)CCCN1c2ccccc2CCc2ccc(Cl)cc21,1,c1ccc2c(c1)CCc1ccccc1N2,0.2545582047685835,1,0.5594924781560968
CN(C)CCOc1ccc(/C(=C(\CCCl)c2ccccc2)c2ccccc2)cc1,1,C(=C(c1ccccc1)c1ccccc1)c1ccccc1,CN(C)CCCN1c2ccccc2CCc2ccccc21,1,c1ccc2c(c1)CCc1ccccc1N2,0.25259423503325945,1,0.603565510595718
CN(CCOc1ccc(C[C@@H]2SC(=O)NC2=O)cc1)c1ccccn1,1,O=C1NC(=O)C(Cc2ccc(OCCNc3ccccn3)cc2)S1,Cc1c(C)c2c(c(C)c1O)CC[C@](C)(COc1ccc(C[C@@H]3SC(=O)NC3=O)cc1)O2,1,O=C1NC(=O)C(Cc2ccc(OCC3CCc4ccccc4O3)cc2)S1,0.41397949673811746,1,0.6009737780880431
CN(CCOc1ccc(C[C@@H]2SC(=O)NC2=O)cc1)c1ccccn1,1,O=C1NC(=O)C(Cc2ccc(OCCNc3ccccn3)cc2)S1,CN(C)CCOc1ccc(/C(=C(\CCCl)c2ccccc2)c2ccccc2)cc1,1,C(=C(c1ccccc1)c1ccccc1)c1ccccc1,0.2898818695428865,1,0.7302417843578959
CN(CCOc1ccc(C[C@@H]2SC(=O)NC2=O)cc1)c1ccccn1,1,O=C1NC(=O)C(Cc2ccc(OCCNc3ccccn3)cc2)S1,CC/C(=C(/c1ccccc1)c1ccc(OCCN(C)C)cc1)c1ccccc1,1,C(=C(c1ccccc1)c1ccccc1)c1ccccc1,0.28750000000000003,1,0.7185683470957395
CN(CCOc1ccc(C[C@@H]2SC(=O)NC2=O)cc1)c1ccccn1,1,O=C1NC(=O)C(Cc2ccc(OCCNc3ccccn3)cc2)S1,COc1ccc([C@@H]2Sc3ccccc3N(CCN(C)C)C(=O)[C@@H]2OC(C)=O)cc1,1,O=C1CC(c2ccccc2)Sc2ccccc2N1,0.2322408536585366,1,0.54507701083327
Cc1noc(NS(=O)(=O)c2ccc(N)cc2)c1C,0,O=S(=O)(Nc1ccno1)c1ccccc1,Cc1cc(NS(=O)(=O)c2ccc(N)cc2)no1,1,O=S(=O)(Nc1ccon1)c1ccccc1,0.5849593495934959,0,0.2671684642352267
Cc1noc(NS(=O)(=O)c2ccc(N)cc2)c1C,0,O=S(=O)(Nc1ccno1)c1ccccc1,Nc1ccc(S(=O)(=O)c2ccc(N)cc2)cc1,1,O=S(=O)(c1ccccc1)c1ccccc1,0.36388888888888893,0,0.2885050757679504
Cc1noc(NS(=O)(=O)c2ccc(N)cc2)c1C,0,O=S(=O)(Nc1ccno1)c1ccccc1,CCCCNC(=O)NS(=O)(=O)c1ccc(C)cc1,1,c1ccccc1,0.24860736747529202,0,0.29364697741222306
Cc1noc(NS(=O)(=O)c2ccc(N)cc2)c1C,0,O=S(=O)(Nc1ccno1)c1ccccc1,Cc1ccc(S(=O)(=O)NC(=O)NN2C[C@H]3CCC[C@H]3C2)cc1,1,O=C(NN1CC2CCCC2C1)NS(=O)(=O)c1ccccc1,0.23578947368421055,1,0.623482551438922
CN/C(=C\[N+](=O)[O-])NCCSCc1ccc(CN(C)C)o1,0,c1ccoc1,CCCCNC(=O)NS(=O)(=O)c1ccc(C)cc1,1,c1ccccc1,0.1626959247648903,0,0.014215402120293782
CN/C(=C\[N+](=O)[O-])NCCSCc1ccc(CN(C)C)o1,0,c1ccoc1,CC(=O)C[C@@H](c1ccc([N+](=O)[O-])cc1)c1c(O)c2ccccc2oc1=O,1,O=c1oc2ccccc2cc1Cc1ccccc1,0.1619047619047619,0,0.014478669176517762
CN/C(=C\[N+](=O)[O-])NCCSCc1ccc(CN(C)C)o1,0,c1ccoc1,Cc1ncc([N+](=O)[O-])n1CCO,1,c1c[nH]cn1,0.15114709851551958,0,0.0060455652595269894
CN/C(=C\[N+](=O)[O-])NCCSCc1ccc(CN(C)C)o1,0,c1ccoc1,CN(C)CC/C=C1/c2ccccc2COc2ccccc21,1,C=C1c2ccccc2COc2ccccc21,0.14479418886198547,0,0.024485712685626028
CC[C@H](C)n1ncn(-c2ccc(N3CCN(c4ccc(OC[C@H]5CO[C@](Cn6cncn6)(c6ccc(Cl)cc6Cl)O5)cc4)CC3)cc2)c1=O,0,O=c1[nH]ncn1-c1ccc(N2CCN(c3ccc(OCC4COC(Cn5cncn5)(c5ccccc5)O4)cc3)CC2)cc1,CCc1nn(CCCN2CCN(c3cccc(Cl)c3)CC2)c(=O)n1CC,1,O=c1[nH]cnn1CCCN1CCN(c2ccccc2)CC1,0.2299902629016553,0,0.01387089649221301
CC[C@H](C)n1ncn(-c2ccc(N3CCN(c4ccc(OC[C@H]5CO[C@](Cn6cncn6)(c6ccc(Cl)cc6Cl)O5)cc4)CC3)cc2)c1=O,0,O=c1[nH]ncn1-c1ccc(N2CCN(c3ccc(OCC4COC(Cn5cncn5)(c5ccccc5)O4)cc3)CC2)cc1,C[C@@H](c1ncncc1F)[C@](O)(Cn1cncn1)c1ccc(F)cc1F,1,c1ccc(C(Cc2ccncn2)Cn2cncn2)cc1,0.22249056603773587,0,0.029323482996118835
CC[C@H](C)n1ncn(-c2ccc(N3CCN(c4ccc(OC[C@H]5CO[C@](Cn6cncn6)(c6ccc(Cl)cc6Cl)O5)cc4)CC3)cc2)c1=O,0,O=c1[nH]ncn1-c1ccc(N2CCN(c3ccc(OCC4COC(Cn5cncn5)(c5ccccc5)O4)cc3)CC2)cc1,CN(CCOc1ccc(C[C@@H]2SC(=O)NC2=O)cc1)c1ccccn1,1,O=C1NC(=O)C(Cc2ccc(OCCNc3ccccn3)cc2)S1,0.16270509977827052,0,0.0712166986216796
CC[C@H](C)n1ncn(-c2ccc(N3CCN(c4ccc(OC[C@H]5CO[C@](Cn6cncn6)(c6ccc(Cl)cc6Cl)O5)cc4)CC3)cc2)c1=O,0,O=c1[nH]ncn1-c1ccc(N2CCN(c3ccc(OCC4COC(Cn5cncn5)(c5ccccc5)O4)cc3)CC2)cc1,Cc1c(C)c2c(c(C)c1O)CC[C@](C)(COc1ccc(C[C@@H]3SC(=O)NC3=O)cc1)O2,1,O=C1NC(=O)C(Cc2ccc(OCC3CCc4ccccc4O3)cc2)S1,0.15859225741578686,0,0.040861467213414375
O=C(O)c1cc(/N=N\c2ccc(S(=O)(=O)Nc3ccccn3)cc2)ccc1O,0,O=S(=O)(Nc1ccccn1)c1ccc(N=Nc2ccccc2)cc1,Cc1cc(NS(=O)(=O)c2ccc(N)cc2)no1,1,O=S(=O)(Nc1ccon1)c1ccccc1,0.30421768707482993,0,0.07705518459400361
O=C(O)c1cc(/N=N\c2ccc(S(=O)(=O)Nc3ccccn3)cc2)ccc1O,0,O=S(=O)(Nc1ccccn1)c1ccc(N=Nc2ccccc2)cc1,CN1C(C(=O)Nc2ccccn2)=C(O)c2ccccc2S1(=O)=O,1,O=C(Nc1ccccn1)C1=Cc2ccccc2S(=O)(=O)N1,0.2814229249011858,0,0.2474801494029229
O=C(O)c1cc(/N=N\c2ccc(S(=O)(=O)Nc3ccccn3)cc2)ccc1O,0,O=S(=O)(Nc1ccccn1)c1ccc(N=Nc2ccccc2)cc1,COc1ccccc1Oc1c(NS(=O)(=O)c2ccc(C(C)(C)C)cc2)nc(-c2ncccn2)nc1OCCO,1,O=S(=O)(Nc1nc(-c2ncccn2)ncc1Oc1ccccc1)c1ccccc1,0.2660460021905805,0,0.08884135971295103
O=C(O)c1cc(/N=N\c2ccc(S(=O)(=O)Nc3ccccn3)cc2)ccc1O,0,O=S(=O)(Nc1ccccn1)c1ccc(N=Nc2ccccc2)cc1,CC(C)N(CC[C@@](C(N)=O)(c1ccccc1)c1ccccn1)C(C)C,1,c1ccc(Cc2ccccn2)cc1,0.243768115942029,0,0.14658375431483484
C[C@H]1COc2c(N3CCN(C)CC3)c(F)cc3c(=O)c(C(=O)O)cn1c23,0,O=c1ccn2c3c(c(N4CCNCC4)ccc13)OCC2,CC(=O)Oc1ccccc1C(=O)O,1,c1ccccc1,0.18935185185185185,0,0.14741625186117532
C[C@H]1COc2c(N3CCN(C)CC3)c(F)cc3c(=O)c(C(=O)O)cn1c23,0,O=c1ccn2c3c(c(N4CCNCC4)ccc13)OCC2,CN1CCN2c3ccccc3Cc3cccnc3[C@@H]2C1,1,c1ccc2c(c1)Cc1cccnc1C1CNCCN21,0.18299595141700406,0,0.08476831749189767
C[C@H]1COc2c(N3CCN(C)CC3)c(F)cc3c(=O)c(C(=O)O)cn1c23,0,O=c1ccn2c3c(c(N4CCNCC4)ccc13)OCC2,O=c1[nH]c(=O)n([C@@H]2CCCO2)cc1F,1,O=c1ccn(C2CCCO2)c(=O)[nH]1,0.18085387323943664,0,0.07822022229564822
C[C@H]1COc2c(N3CCN(C)CC3)c(F)cc3c(=O)c(C(=O)O)cn1c23,0,O=c1ccn2c3c(c(N4CCNCC4)ccc13)OCC2,CCOc1cc(CC(=O)N[C@@H](CC(C)C)c2ccccc2N2CCCCC2)ccc1C(=O)O,1,O=C(Cc1ccccc1)NCc1ccccc1N1CCCCC1,0.1783473265576668,0,0.1285779377980945
CCOC(=O)C1=C(C)NC(C)=C(C(=O)OC)[C@@H]1c1cccc2c1OCO2,0,C1=CC(c2cccc3c2OCO3)C=CN1,CCN(CC)CC(=O)Nc1c(C)cccc1C,1,c1ccccc1,0.20524193548387099,0,0.03620497837090505
CCOC(=O)C1=C(C)NC(C)=C(C(=O)OC)[C@@H]1c1cccc2c1OCO2,0,C1=CC(c2cccc3c2OCO3)C=CN1,CCOc1ccc(NC(C)=O)cc1,1,c1ccccc1,0.20000000000000004,0,0.0101375157441649
CCOC(=O)C1=C(C)NC(C)=C(C(=O)OC)[C@@H]1c1cccc2c1OCO2,0,C1=CC(c2cccc3c2OCO3)C=CN1,CCC1(c2ccccc2)C(=O)NC(=O)NC1=O,1,O=C1NC(=O)C(c2ccccc2)C(=O)N1,0.18579710144927536,0,0.01944850125165871
CCOC(=O)C1=C(C)NC(C)=C(C(=O)OC)[C@@H]1c1cccc2c1OCO2,0,C1=CC(c2cccc3c2OCO3)C=CN1,CCOc1cc(CC(=O)N[C@@H](CC(C)C)c2ccccc2N2CCCCC2)ccc1C(=O)O,1,O=C(Cc1ccccc1)NCc1ccccc1N1CCCCC1,0.18294733230399726,0,0.04437783943557486
O=C(c1ccc(OCCN2CCCCC2)cc1)c1c(-c2ccc(O)cc2)sc2cc(O)ccc12,0,O=C(c1ccc(OCCN2CCCCC2)cc1)c1c(-c2ccccc2)sc2ccccc12,CC/C(=C(/c1ccccc1)c1ccc(OCCN(C)C)cc1)c1ccccc1,1,C(=C(c1ccccc1)c1ccccc1)c1ccccc1,0.23329979879275653,0,0.04454310796282734
O=C(c1ccc(OCCN2CCCCC2)cc1)c1c(-c2ccc(O)cc2)sc2cc(O)ccc12,0,O=C(c1ccc(OCCN2CCCCC2)cc1)c1c(-c2ccccc2)sc2ccccc12,CN(C)CCOc1ccc(/C(=C(\CCCl)c2ccccc2)c2ccccc2)cc1,1,C(=C(c1ccccc1)c1ccccc1)c1ccccc1,0.22317911131470455,0,0.06443009270662116
O=C(c1ccc(OCCN2CCCCC2)cc1)c1c(-c2ccc(O)cc2)sc2cc(O)ccc12,0,O=C(c1ccc(OCCN2CCCCC2)cc1)c1c(-c2ccccc2)sc2ccccc12,CCCCc1oc2ccccc2c1C(=O)c1cc(I)c(OCCN(CC)CC)c(I)c1,1,O=C(c1ccccc1)c1coc2ccccc12,0.22054574638844301,0,0.03264256840464139
O=C(c1ccc(OCCN2CCCCC2)cc1)c1c(-c2ccc(O)cc2)sc2cc(O)ccc12,0,O=C(c1ccc(OCCN2CCCCC2)cc1)c1c(-c2ccccc2)sc2ccccc12,CCOc1cc(CC(=O)N[C@@H](CC(C)C)c2ccccc2N2CCCCC2)ccc1C(=O)O,1,O=C(Cc1ccccc1)NCc1ccccc1N1CCCCC1,0.2076286221170905,0,0.055815961763681254
Cc1ccc(-c2cc(C(F)(F)F)nn2-c2ccc(S(N)(=O)=O)cc2)cc1,1,c1ccc(-c2ccnn2-c2ccccc2)cc1,CCCCNC(=O)NS(=O)(=O)c1ccc(C)cc1,1,c1ccccc1,0.2311111111111111,1,0.8350136038728408
Cc1ccc(-c2cc(C(F)(F)F)nn2-c2ccc(S(N)(=O)=O)cc2)cc1,1,c1ccc(-c2ccnn2-c2ccccc2)cc1,Cc1ccc(S(=O)(=O)NC(=O)NN2C[C@H]3CCC[C@H]3C2)cc1,1,O=C(NN1CC2CCCC2C1)NS(=O)(=O)c1ccccc1,0.2308390022675737,1,0.9562023647934828
Cc1ccc(-c2cc(C(F)(F)F)nn2-c2ccc(S(N)(=O)=O)cc2)cc1,1,c1ccc(-c2ccnn2-c2ccccc2)cc1,Cc1cc(NS(=O)(=O)c2ccc(N)cc2)no1,1,O=S(=O)(Nc1ccon1)c1ccccc1,0.22427118644067795,1,0.8961260623151633
Cc1ccc(-c2cc(C(F)(F)F)nn2-c2ccc(S(N)(=O)=O)cc2)cc1,1,c1ccc(-c2ccnn2-c2ccccc2)cc1,Nc1ccc(S(=O)(=O)c2ccc(N)cc2)cc1,1,O=S(=O)(c1ccccc1)c1ccccc1,0.18652482269503545,1,0.859832582225101
Cc1oncc1C(=O)Nc1ccc(C(F)(F)F)cc1,0,O=C(Nc1ccccc1)c1cnoc1,CC(=O)Nc1ccc(O)cc1,1,c1ccccc1,0.2722358722358722,0,0.17867539269928054
Cc1oncc1C(=O)Nc1ccc(C(F)(F)F)cc1,0,O=C(Nc1ccccc1)c1cnoc1,CCOc1ccc(NC(C)=O)cc1,1,c1ccccc1,0.24463157894736842,0,0.15717926541499527
Cc1oncc1C(=O)Nc1ccc(C(F)(F)F)cc1,0,O=C(Nc1ccccc1)c1cnoc1,CNCC[C@@H](Oc1ccc(C(F)(F)F)cc1)c1ccccc1,1,c1ccc(COc2ccccc2)cc1,0.2308166409861325,0,0.07921954934293987
Cc1oncc1C(=O)Nc1ccc(C(F)(F)F)cc1,0,O=C(Nc1ccccc1)c1cnoc1,Cc1cnc(NC(=O)C2=C(O)c3ccccc3S(=O)(=O)N2C)s1,1,O=C(Nc1nccs1)C1=Cc2ccccc2S(=O)(=O)N1,0.20672463768115945,0,0.4044837546741323
O=C(CCCN1CCC(O)(c2ccc(Cl)cc2)CC1)c1ccc(F)cc1,0,O=C(CCCN1CCC(c2ccccc2)CC1)c1ccccc1,CCc1nn(CCCN2CCN(c3cccc(Cl)c3)CC2)c(=O)n1CC,1,O=c1[nH]cnn1CCCN1CCN(c2ccccc2)CC1,0.22884848484848486,0,0.041196508899344876
O=C(CCCN1CCC(O)(c2ccc(Cl)cc2)CC1)c1ccc(F)cc1,0,O=C(CCCN1CCC(c2ccccc2)CC1)c1ccccc1,CN(C)CCCN1c2ccccc2CCc2ccc(Cl)cc21,1,c1ccc2c(c1)CCc1ccccc1N2,0.22008281573498967,0,0.10251095280883887
O=C(CCCN1CCC(O)(c2ccc(Cl)cc2)CC1)c1ccc(F)cc1,0,O=C(CCCN1CCC(c2ccccc2)CC1)c1ccccc1,Cc1ncc2n1-c1ccc(Cl)cc1C(c1ccccc1F)=NC2,1,c1ccc(C2=NCc3cncn3-c3ccccc32)cc1,0.17142857142857143,0,0.0864675448018901
O=C(CCCN1CCC(O)(c2ccc(Cl)cc2)CC1)c1ccc(F)cc1,0,O=C(CCCN1CCC(c2ccccc2)CC1)c1ccccc1,CC(C)(O)c1ccccc1CC[C@@H](SCC1(CC(=O)O)CC1)c1cccc(/C=C\c2ccc3ccc(Cl)cc3n2)c1,1,C(=Cc1ccc2ccccc2n1)c1cccc(C(CCc2ccccc2)SCC2CC2)c1,0.1657142857142857,0,0.00410173999670205
O=C(CCCN1CCC(O)(c2ccc(Br)cc2)CC1)c1ccc(F)cc1,0,O=C(CCCN1CCC(c2ccccc2)CC1)c1ccccc1,CCc1nn(CCCN2CCN(c3cccc(Cl)c3)CC2)c(=O)n1CC,1,O=c1[nH]cnn1CCCN1CCN(c2ccccc2)CC1,0.19151515151515153,0,0.01437735127353443
O=C(CCCN1CCC(O)(c2ccc(Br)cc2)CC1)c1ccc(F)cc1,0,O=C(CCCN1CCC(c2ccccc2)CC1)c1ccccc1,CN(C)CCCN1c2ccccc2CCc2ccc(Cl)cc21,1,c1ccc2c(c1)CCc1ccccc1N2,0.1686236138290933,0,0.03737595751205067
O=C(CCCN1CCC(O)(c2ccc(Br)cc2)CC1)c1ccc(F)cc1,0,O=C(CCCN1CCC(c2ccccc2)CC1)c1ccccc1,CN(C)CCCN1c2ccccc2CCc2ccccc21,1,c1ccc2c(c1)CCc1ccccc1N2,0.15853658536585366,0,0.043157930052509834
O=C(CCCN1CCC(O)(c2ccc(Br)cc2)CC1)c1ccc(F)cc1,0,O=C(CCCN1CCC(c2ccccc2)CC1)c1ccccc1,C[C@@H](c1ncncc1F)[C@](O)(Cn1cncn1)c1ccc(F)cc1F,1,c1ccc(C(Cc2ccncn2)Cn2cncn2)cc1,0.15525328330206378,0,0.014787655291311014
O=C(CCCN1CCC(O)(c2cccc(C(F)(F)F)c2)CC1)c1ccc(F)cc1,0,O=C(CCCN1CCC(c2ccccc2)CC1)c1ccccc1,CCc1nn(CCCN2CCN(c3cccc(Cl)c3)CC2)c(=O)n1CC,1,O=c1[nH]cnn1CCCN1CCN(c2ccccc2)CC1,0.21469135802469136,0,0.039069168132451766
O=C(CCCN1CCC(O)(c2cccc(C(F)(F)F)c2)CC1)c1ccc(F)cc1,0,O=C(CCCN1CCC(c2ccccc2)CC1)c1ccccc1,CN(C)CCCN1c2ccccc2CCc2ccc(Cl)cc21,1,c1ccc2c(c1)CCc1ccccc1N2,0.18049184857695494,0,0.10721188041896984
O=C(CCCN1CCC(O)(c2cccc(C(F)(F)F)c2)CC1)c1ccc(F)cc1,0,O=C(CCCN1CCC(c2ccccc2)CC1)c1ccccc1,CNCC[C@@H](Oc1ccc(C(F)(F)F)cc1)c1ccccc1,1,c1ccc(COc2ccccc2)cc1,0.17725225225225227,0,0.06599854827847264
O=C(CCCN1CCC(O)(c2cccc(C(F)(F)F)c2)CC1)c1ccc(F)cc1,0,O=C(CCCN1CCC(c2ccccc2)CC1)c1ccccc1,C[C@@H](c1ncncc1F)[C@](O)(Cn1cncn1)c1ccc(F)cc1F,1,c1ccc(C(Cc2ccncn2)Cn2cncn2)cc1,0.16335204490777866,0,0.06104571294341527
CC(C)C[C@H]1C(=O)N2CCC[C@H]2[C@]2(O)O[C@](NC(=O)[C@@H]3C=C4c5cccc6[nH]c(Br)c(c56)C[C@H]4N(C)C3)(C(C)C)C(=O)N12,0,O=C(NC1OC2C3CCCN3C(=O)CN2C1=O)C1C=C2c3cccc4[nH]cc(c34)CC2NC1,CN1[C@@H]2CC[C@H]1CC(OC(=O)c1c[nH]c3ccccc13)C2,1,O=C(OC1CC2CCC(C1)N2)c1c[nH]c2ccccc12,0.19333812604840644,0,0.009774969694614341
CC(C)C[C@H]1C(=O)N2CCC[C@H]2[C@]2(O)O[C@](NC(=O)[C@@H]3C=C4c5cccc6[nH]c(Br)c(c56)C[C@H]4N(C)C3)(C(C)C)C(=O)N12,0,O=C(NC1OC2C3CCCN3C(=O)CN2C1=O)C1C=C2c3cccc4[nH]cc(c34)CC2NC1,CN1CCC[C@@H]1Cc1c[nH]c2ccc(CCS(=O)(=O)c3ccccc3)cc12,1,O=S(=O)(CCc1ccc2[nH]cc(CC3CCCN3)c2c1)c1ccccc1,0.179767758133696,0,0.009347591242211488
CC(C)C[C@H]1C(=O)N2CCC[C@H]2[C@]2(O)O[C@](NC(=O)[C@@H]3C=C4c5cccc6[nH]c(Br)c(c56)C[C@H]4N(C)C3)(C(C)C)C(=O)N12,0,O=C(NC1OC2C3CCCN3C(=O)CN2C1=O)C1C=C2c3cccc4[nH]cc(c34)CC2NC1,CC(C)C1CCC(C(=O)N[C@H](Cc2ccccc2)C(=O)O)CC1,1,O=C(NCCc1ccccc1)C1CCCCC1,0.1712586478941619,0,0.006566113436242815
CC(C)C[C@H]1C(=O)N2CCC[C@H]2[C@]2(O)O[C@](NC(=O)[C@@H]3C=C4c5cccc6[nH]c(Br)c(c56)C[C@H]4N(C)C3)(C(C)C)C(=O)N12,0,O=C(NC1OC2C3CCCN3C(=O)CN2C1=O)C1C=C2c3cccc4[nH]cc(c34)CC2NC1,Cc1c(O)cccc1C(=O)N[C@@H](CSc1ccccc1)[C@H](O)CN1C[C@H]2CCCC[C@H]2C[C@H]1C(=O)NC(C)(C)C,1,O=C(NC(CCN1CCC2CCCCC2C1)CSc1ccccc1)c1ccccc1,0.17013142174432497,0,0.0060988458746435445
C[C@@H](c1ncncc1F)[C@](O)(Cn1cncn1)c1ccc(F)cc1F,1,c1ccc(C(Cc2ccncn2)Cn2cncn2)cc1,Cc1ncc2n1-c1ccc(Cl)cc1C(c1ccccc1F)=NC2,1,c1ccc(C2=NCc3cncn3-c3ccccc32)cc1,0.17672229353872485,0,0.38598795281912124
C[C@@H](c1ncncc1F)[C@](O)(Cn1cncn1)c1ccc(F)cc1F,1,c1ccc(C(Cc2ccncn2)Cn2cncn2)cc1,Cc1cccc(Nc2ccncc2S(=O)(=O)NC(=O)NC(C)C)c1,1,c1ccc(Nc2ccncc2)cc1,0.15216687646106816,1,0.6850336161834722
C[C@@H](c1ncncc1F)[C@](O)(Cn1cncn1)c1ccc(F)cc1F,1,c1ccc(C(Cc2ccncn2)Cn2cncn2)cc1,CC(C)C[C@@H](NC(=O)[C@@H](Cc1ccccc1)NC(=O)c1cnccn1)B(O)O,1,O=C(NCCc1ccccc1)c1cnccn1,0.14616572310859496,1,0.7455921403974511
C[C@@H](c1ncncc1F)[C@](O)(Cn1cncn1)c1ccc(F)cc1F,1,c1ccc(C(Cc2ccncn2)Cn2cncn2)cc1,CC(C)N(CC[C@@](C(N)=O)(c1ccccc1)c1ccccn1)C(C)C,1,c1ccc(Cc2ccccn2)cc1,0.14313843680932287,1,0.540952808437255
CN(C)c1ccc([C@H]2C[C@@]3(C)[C@@H](CC[C@]3(O)CCCO)[C@@H]3CCC4=CC(=O)CCC4=C32)cc1,0,O=C1C=C2CCC3C(=C2CC1)C(c1ccccc1)CC1CCCC13,C#C[C@]1(O)CC[C@H]2[C@@H]3CCc4cc(OC)ccc4[C@H]3CC[C@@]21C,1,c1ccc2c(c1)CCC1C2CCC2CCCC21,0.23586206896551726,0,0.0324741083610805
CN(C)c1ccc([C@H]2C[C@@]3(C)[C@@H](CC[C@]3(O)CCCO)[C@@H]3CCC4=CC(=O)CCC4=C32)cc1,0,O=C1C=C2CCC3C(=C2CC1)C(c1ccccc1)CC1CCCC13,C[C@]12CC[C@@H]3c4ccc(O)cc4CC[C@H]3[C@@H]1CCC2=O,1,O=C1CCC2C1CCC1c3ccccc3CCC12,0.21203007518796993,0,0.039425845333920066
CN(C)c1ccc([C@H]2C[C@@]3(C)[C@@H](CC[C@]3(O)CCCO)[C@@H]3CCC4=CC(=O)CCC4=C32)cc1,0,O=C1C=C2CCC3C(=C2CC1)C(c1ccccc1)CC1CCCC13,C[C@]12CC[C@@H]3c4ccc(O)cc4CC[C@H]3[C@@H]1CC[C@@H]2O,1,c1ccc2c(c1)CCC1C2CCC2CCCC21,0.1886340977068794,0,0.03919964599123913
CN(C)c1ccc([C@H]2C[C@@]3(C)[C@@H](CC[C@]3(O)CCCO)[C@@H]3CCC4=CC(=O)CCC4=C32)cc1,0,O=C1C=C2CCC3C(=C2CC1)C(c1ccccc1)CC1CCCC13,COc1ccc([C@@H]2Sc3ccccc3N(CCN(C)C)C(=O)[C@@H]2OC(C)=O)cc1,1,O=C1CC(c2ccccc2)Sc2ccccc2N1,0.15815384615384617,0,0.09945843790327309
CN(C)c1ccc([C@H]2C[C@@]3(C)[C@@H](CC[C@@]3(O)/C=C/CO)[C@@H]3CCC4=CC(=O)CCC4=C32)cc1,0,O=C1C=C2CCC3C(=C2CC1)C(c1ccccc1)CC1CCCC13,C#C[C@]1(O)CC[C@H]2[C@@H]3CCc4cc(OC)ccc4[C@H]3CC[C@@]21C,1,c1ccc2c(c1)CCC1C2CCC2CCCC21,0.2328180294281989,0,0.025789810095695052
CN(C)c1ccc([C@H]2C[C@@]3(C)[C@@H](CC[C@@]3(O)/C=C/CO)[C@@H]3CCC4=CC(=O)CCC4=C32)cc1,0,O=C1C=C2CCC3C(=C2CC1)C(c1ccccc1)CC1CCCC13,C[C@]12CC[C@@H]3c4ccc(O)cc4CC[C@H]3[C@@H]1CCC2=O,1,O=C1CCC2C1CCC1c3ccccc3CCC12,0.20920892494929008,0,0.03173589382218021
CN(C)c1ccc([C@H]2C[C@@]3(C)[C@@H](CC[C@@]3(O)/C=C/CO)[C@@H]3CCC4=CC(=O)CCC4=C32)cc1,0,O=C1C=C2CCC3C(=C2CC1)C(c1ccccc1)CC1CCCC13,C[C@]12CC[C@@H]3c4ccc(O)cc4CC[C@H]3[C@@H]1CC[C@@H]2O,1,c1ccc2c(c1)CCC1C2CCC2CCCC21,0.1754022988505747,0,0.03121075176021667
CN(C)c1ccc([C@H]2C[C@@]3(C)[C@@H](CC[C@@]3(O)/C=C/CO)[C@@H]3CCC4=CC(=O)CCC4=C32)cc1,0,O=C1C=C2CCC3C(=C2CC1)C(c1ccccc1)CC1CCCC13,COc1ccc([C@@H]2Sc3ccccc3N(CCN(C)C)C(=O)[C@@H]2OC(C)=O)cc1,1,O=C1CC(c2ccccc2)Sc2ccccc2N1,0.15634563456345635,0,0.08360474138304652
CC#C[C@]1(O)CC[C@H]2[C@@H]3CCC4=CC(=O)CCC4=C3[C@@H](c3ccc(N(C)C)cc3)C[C@@]21C,0,O=C1C=C2CCC3C(=C2CC1)C(c1ccccc1)CC1CCCC13,C#C[C@]1(O)CC[C@H]2[C@@H]3CCc4cc(OC)ccc4[C@H]3CC[C@@]21C,1,c1ccc2c(c1)CCC1C2CCC2CCCC21,0.28336134453781514,0,0.04200657259566814
CC#C[C@]1(O)CC[C@H]2[C@@H]3CCC4=CC(=O)CCC4=C3[C@@H](c3ccc(N(C)C)cc3)C[C@@]21C,0,O=C1C=C2CCC3C(=C2CC1)C(c1ccccc1)CC1CCCC13,C[C@]12CC[C@@H]3c4ccc(O)cc4CC[C@H]3[C@@H]1CCC2=O,1,O=C1CCC2C1CCC1c3ccccc3CCC12,0.21574668378262732,0,0.0849115290800018
CC#C[C@]1(O)CC[C@H]2[C@@H]3CCC4=CC(=O)CCC4=C3[C@@H](c3ccc(N(C)C)cc3)C[C@@]21C,0,O=C1C=C2CCC3C(=C2CC1)C(c1ccccc1)CC1CCCC13,C[C@]12CC[C@@H]3c4ccc(O)cc4CC[C@H]3[C@@H]1CC[C@@H]2O,1,c1ccc2c(c1)CCC1C2CCC2CCCC21,0.1807909604519774,0,0.07618676384199236
CC#C[C@]1(O)CC[C@H]2[C@@H]3CCC4=CC(=O)CCC4=C3[C@@H](c3ccc(N(C)C)cc3)C[C@@]21C,0,O=C1C=C2CCC3C(=C2CC1)C(c1ccccc1)CC1CCCC13,COc1ccc([C@@H]2Sc3ccccc3N(CCN(C)C)C(=O)[C@@H]2OC(C)=O)cc1,1,O=C1CC(c2ccccc2)Sc2ccccc2N1,0.15505050505050505,0,0.1820164645613218
CCOC(=O)N1CCC(=C2c3ccc(Cl)cc3CCc3cccnc32)CC1,0,c1ccc2c(c1)CCc1cccnc1C2=C1CCNCC1,CN(C)CCCN1c2ccccc2CCc2ccc(Cl)cc21,1,c1ccc2c(c1)CCc1ccccc1N2,0.2589572522856437,0,0.24469388229501715
CCOC(=O)N1CCC(=C2c3ccc(Cl)cc3CCc3cccnc32)CC1,0,c1ccc2c(c1)CCc1cccnc1C2=C1CCNCC1,Cc1ncc2n1-c1ccc(Cl)cc1C(c1ccccc1F)=NC2,1,c1ccc(C2=NCc3cncn3-c3ccccc32)cc1,0.22461091512761988,0,0.22101377389845933
CCOC(=O)N1CCC(=C2c3ccc(Cl)cc3CCc3cccnc32)CC1,0,c1ccc2c(c1)CCc1cccnc1C2=C1CCNCC1,CN1CCN2c3ccccc3Cc3cccnc3[C@@H]2C1,1,c1ccc2c(c1)Cc1cccnc1C1CNCCN21,0.21134249003101463,0,0.24256945708026773
CCOC(=O)N1CCC(=C2c3ccc(Cl)cc3CCc3cccnc32)CC1,0,c1ccc2c(c1)CCc1cccnc1C2=C1CCNCC1,CCc1nn(CCCN2CCN(c3cccc(Cl)c3)CC2)c(=O)n1CC,1,O=c1[nH]cnn1CCCN1CCN(c2ccccc2)CC1,0.20871080139372822,0,0.09933235377238743
Clc1ccc2c(c1)CCc1cccnc1C2=C1CCNCC1,0,c1ccc2c(c1)CCc1cccnc1C2=C1CCNCC1,CN(C)CCCN1c2ccccc2CCc2ccc(Cl)cc21,1,c1ccc2c(c1)CCc1ccccc1N2,0.24260499087035914,0,0.12390663676735716
Clc1ccc2c(c1)CCc1cccnc1C2=C1CCNCC1,0,c1ccc2c(c1)CCc1cccnc1C2=C1CCNCC1,Cc1ncc2n1-c1ccc(Cl)cc1C(c1ccccc1F)=NC2,1,c1ccc(C2=NCc3cncn3-c3ccccc32)cc1,0.21454545454545457,0,0.13100434347372933
Clc1ccc2c(c1)CCc1cccnc1C2=C1CCNCC1,0,c1ccc2c(c1)CCc1cccnc1C2=C1CCNCC1,CN1CCN2c3ccccc3Cc3cccnc3[C@@H]2C1,1,c1ccc2c(c1)Cc1cccnc1C1CNCCN21,0.18979757085020244,0,0.09098144302249574
Clc1ccc2c(c1)CCc1cccnc1C2=C1CCNCC1,0,c1ccc2c(c1)CCc1cccnc1C2=C1CCNCC1,CN(C)CCC=C1c2ccccc2CCc2ccccc21,1,C=C1c2ccccc2CCc2ccccc21,0.1857571214392804,0,0.1328171327994254
CN1CCC(=C2c3ccccc3CCc3cccnc32)CC1,0,c1ccc2c(c1)CCc1cccnc1C2=C1CCNCC1,CN1CCN2c3ccccc3Cc3cccnc3[C@@H]2C1,1,c1ccc2c(c1)Cc1cccnc1C1CNCCN21,0.3432624113475177,0,0.10742694039856156
CN1CCC(=C2c3ccccc3CCc3cccnc32)CC1,0,c1ccc2c(c1)CCc1cccnc1C2=C1CCNCC1,CN(C)CCC=C1c2ccccc2CCc2ccccc21,1,C=C1c2ccccc2CCc2ccccc21,0.323015873015873,0,0.1613227789158764
CN1CCC(=C2c3ccccc3CCc3cccnc32)CC1,0,c1ccc2c(c1)CCc1cccnc1C2=C1CCNCC1,CN(C)CCCN1c2ccccc2CCc2ccccc21,1,c1ccc2c(c1)CCc1ccccc1N2,0.27466666666666667,0,0.18612796850349486
CN1CCC(=C2c3ccccc3CCc3cccnc32)CC1,0,c1ccc2c(c1)CCc1cccnc1C2=C1CCNCC1,CN1C(C(=O)Nc2ccccn2)=C(O)c2ccccc2S1(=O)=O,1,O=C(Nc1ccccn1)C1=Cc2ccccc2S(=O)(=O)N1,0.24116575591985429,0,0.28901047482295206
CC1=C(C)C(=O)C([C@@H](CCCCCC(=O)O)c2ccccc2)=C(C)C1=O,1,O=C1C=CC(=O)C(Cc2ccccc2)=C1,CC(=O)C[C@@H](c1ccccc1)c1c(O)c2ccccc2oc1=O,1,O=c1oc2ccccc2cc1Cc1ccccc1,0.2859943977591036,0,0.37146677763494884
CC1=C(C)C(=O)C([C@@H](CCCCCC(=O)O)c2ccccc2)=C(C)C1=O,1,O=C1C=CC(=O)C(Cc2ccccc2)=C1,CC[C@H](c1ccccc1)c1c(O)c2ccccc2oc1=O,1,O=c1oc2ccccc2cc1Cc1ccccc1,0.273037037037037,0,0.3155254638346258
CC1=C(C)C(=O)C([C@@H](CCCCCC(=O)O)c2ccccc2)=C(C)C1=O,1,O=C1C=CC(=O)C(Cc2ccccc2)=C1,Cc1ccc(O)c([C@@H](CCN(C(C)C)C(C)C)c2ccccc2)c1,1,c1ccc(Cc2ccccc2)cc1,0.26122448979591834,0,0.4744282741635265
CC1=C(C)C(=O)C([C@@H](CCCCCC(=O)O)c2ccccc2)=C(C)C1=O,1,O=C1C=CC(=O)C(Cc2ccccc2)=C1,CCCCC1C(=O)N(c2ccccc2)N(c2ccccc2)C1=O,1,O=C1CC(=O)N(c2ccccc2)N1c1ccccc1,0.24603773584905664,0,0.3322213719577346
CN(C)CCC=C1c2ccccc2C=Cc2ccccc21,0,C=C1c2ccccc2C=Cc2ccccc21,CN(C)CCC=C1c2ccccc2CCc2ccccc21,1,C=C1c2ccccc2CCc2ccccc21,0.6548571428571429,0,0.3516051801359299
CN(C)CCC=C1c2ccccc2C=Cc2ccccc21,0,C=C1c2ccccc2C=Cc2ccccc21,CN(C)CC/C=C1/c2ccccc2COc2ccccc21,1,C=C1c2ccccc2COc2ccccc21,0.5480182926829269,0,0.3745409888807795
CN(C)CCC=C1c2ccccc2C=Cc2ccccc21,0,C=C1c2ccccc2C=Cc2ccccc21,CN(C)CCCN1c2ccccc2CCc2ccccc21,1,c1ccc2c(c1)CCc1ccccc1N2,0.28980392156862744,0,0.3706746782328261
CN(C)CCC=C1c2ccccc2C=Cc2ccccc21,0,C=C1c2ccccc2C=Cc2ccccc21,CN(C)CCCN1c2ccccc2Sc2ccccc21,1,c1ccc2c(c1)Nc1ccccc1S2,0.27803921568627454,0,0.47991732993331043
CCN(CC)CCCN(c1ccccc1)C1Cc2ccccc2C1,0,c1ccc(NC2Cc3ccccc3C2)cc1,CN(C)CCCN1c2ccccc2CCc2ccccc21,1,c1ccc2c(c1)CCc1ccccc1N2,0.3138095238095238,0,0.2951105225043912
CCN(CC)CCCN(c1ccccc1)C1Cc2ccccc2C1,0,c1ccc(NC2Cc3ccccc3C2)cc1,CN(C)CCC=C1c2ccccc2CCc2ccccc21,1,C=C1c2ccccc2CCc2ccccc21,0.26814058956916104,0,0.2838640015162211
CCN(CC)CCCN(c1ccccc1)C1Cc2ccccc2C1,0,c1ccc(NC2Cc3ccccc3C2)cc1,CN(C)CCCN1c2ccccc2CCc2ccc(Cl)cc21,1,c1ccc2c(c1)CCc1ccccc1N2,0.2653829696191699,0,0.26378136527381635
CCN(CC)CCCN(c1ccccc1)C1Cc2ccccc2C1,0,c1ccc(NC2Cc3ccccc3C2)cc1,CCN(CC)CC(=O)Nc1c(C)cccc1C,1,c1ccccc1,0.25377777777777777,0,0.18017975758706445
O=c1ccc2ccccc2o1,0,O=c1ccc2ccccc2o1,CC[C@H](c1ccccc1)c1c(O)c2ccccc2oc1=O,1,O=c1oc2ccccc2cc1Cc1ccccc1,0.28949964763918257,0,0.17430892564059236
O=c1ccc2ccccc2o1,0,O=c1ccc2ccccc2o1,CC(=O)C[C@@H](c1ccccc1)c1c(O)c2ccccc2oc1=O,1,O=c1oc2ccccc2cc1Cc1ccccc1,0.26908212560386474,0,0.17174057600086065
O=c1ccc2ccccc2o1,0,O=c1ccc2ccccc2o1,CC(=O)C[C@@H](c1ccc([N+](=O)[O-])cc1)c1c(O)c2ccccc2oc1=O,1,O=c1oc2ccccc2cc1Cc1ccccc1,0.2236363636363637,0,0.15150665661178625
O=c1ccc2ccccc2o1,0,O=c1ccc2ccccc2o1,CNC(=O)Oc1cccc2ccccc12,1,c1ccc2ccccc2c1,0.19870967741935486,0,0.21149221495500406
CN(C)CC/C=C1\c2ccccc2COc2ccc(CC(=O)O)cc21,0,C=C1c2ccccc2COc2ccccc21,CN(C)CC/C=C1/c2ccccc2COc2ccccc21,1,C=C1c2ccccc2COc2ccccc21,0.6767179487179488,0,0.13033313293454804
CN(C)CC/C=C1\c2ccccc2COc2ccc(CC(=O)O)cc21,0,C=C1c2ccccc2COc2ccccc21,CN(C)CCC=C1c2ccccc2CCc2ccccc21,1,C=C1c2ccccc2CCc2ccccc21,0.49831932773109244,0,0.3347097683844441
CN(C)CC/C=C1\c2ccccc2COc2ccc(CC(=O)O)cc21,0,C=C1c2ccccc2COc2ccccc21,CN(C)CCCN1c2ccccc2CCc2ccccc21,1,c1ccc2c(c1)CCc1ccccc1N2,0.2602150537634409,0,0.1794363606049231
CN(C)CC/C=C1\c2ccccc2COc2ccc(CC(=O)O)cc21,0,C=C1c2ccccc2COc2ccccc21,CN(C)CCCN1c2ccccc2CCc2ccc(Cl)cc21,1,c1ccc2c(c1)CCc1ccccc1N2,0.24211640211640212,0,0.3678878040511119
CN(C)CC/C=C1/c2ccccc2COc2ccccc21,1,C=C1c2ccccc2COc2ccccc21,CN(C)CCC=C1c2ccccc2CCc2ccccc21,1,C=C1c2ccccc2CCc2ccccc21,0.6661184210526316,0,0.490519454102445
CN(C)CC/C=C1/c2ccccc2COc2ccccc21,1,C=C1c2ccccc2COc2ccccc21,CN(C)CCCN1c2ccccc2CCc2ccccc21,1,c1ccc2c(c1)CCc1ccccc1N2,0.329108485499463,1,0.6144368532812949
CN(C)CC/C=C1/c2ccccc2COc2ccccc21,1,C=C1c2ccccc2COc2ccccc21,CN(C)CCCN1c2ccccc2CCc2ccc(Cl)cc21,1,c1ccc2c(c1)CCc1ccccc1N2,0.2796238244514107,1,0.5668361522793477
CN(C)CC/C=C1/c2ccccc2COc2ccccc21,1,C=C1c2ccccc2COc2ccccc21,CN(C)CCCN1c2ccccc2Sc2ccccc21,1,c1ccc2c(c1)Nc1ccccc1S2,0.2582995951417004,1,0.7359070816048389
CCCN1C[C@H](CSC)C[C@@H]2c3cccc4[nH]cc(c34)C[C@H]21,0,c1cc2c3c(c[nH]c3c1)CC1NCCCC21,CN1[C@@H]2CC[C@H]1CC(OC(=O)c1c[nH]c3ccccc13)C2,1,O=C(OC1CC2CCC(C1)N2)c1c[nH]c2ccccc12,0.2480697384806974,0,0.03874368380029038
CCCN1C[C@H](CSC)C[C@@H]2c3cccc4[nH]cc(c34)C[C@H]21,0,c1cc2c3c(c[nH]c3c1)CC1NCCCC21,CN1CCC[C@@H]1Cc1c[nH]c2ccc(CCS(=O)(=O)c3ccccc3)cc12,1,O=S(=O)(CCc1ccc2[nH]cc(CC3CCCN3)c2c1)c1ccccc1,0.22884012539184956,0,0.12243813148791872
CCCN1C[C@H](CSC)C[C@@H]2c3cccc4[nH]cc(c34)C[C@H]21,0,c1cc2c3c(c[nH]c3c1)CC1NCCCC21,O=C(OC1C[C@@H]2CC3C[C@H](C1)N2CC3=O)c1c[nH]c2ccccc12,1,O=C(OC1CC2CC3CC(C1)N2CC3=O)c1c[nH]c2ccccc12,0.21763422086425144,0,0.03814090012071783
CCCN1C[C@H](CSC)C[C@@H]2c3cccc4[nH]cc(c34)C[C@H]21,0,c1cc2c3c(c[nH]c3c1)CC1NCCCC21,CN(C)CCCN1c2ccccc2CCc2ccccc21,1,c1ccc2c(c1)CCc1ccccc1N2,0.17149321266968326,0,0.0744802144531154
CCN(CC)C(=O)N[C@H]1C[C@@H]2c3cccc4[nH]cc(c34)C[C@H]2N(C)C1,0,c1cc2c3c(c[nH]c3c1)CC1NCCCC21,CN1[C@@H]2CC[C@H]1CC(OC(=O)c1c[nH]c3ccccc13)C2,1,O=C(OC1CC2CCC(C1)N2)c1c[nH]c2ccccc12,0.28040540540540543,0,0.07512116856704058
CCN(CC)C(=O)N[C@H]1C[C@@H]2c3cccc4[nH]cc(c34)C[C@H]2N(C)C1,0,c1cc2c3c(c[nH]c3c1)CC1NCCCC21,CN1CCC[C@@H]1Cc1c[nH]c2ccc(CCS(=O)(=O)c3ccccc3)cc12,1,O=S(=O)(CCc1ccc2[nH]cc(CC3CCCN3)c2c1)c1ccccc1,0.26181818181818184,0,0.15037983251811737
CCN(CC)C(=O)N[C@H]1C[C@@H]2c3cccc4[nH]cc(c34)C[C@H]2N(C)C1,0,c1cc2c3c(c[nH]c3c1)CC1NCCCC21,O=C(OC1C[C@@H]2CC3C[C@H](C1)N2CC3=O)c1c[nH]c2ccccc12,1,O=C(OC1CC2CC3CC(C1)N2CC3=O)c1c[nH]c2ccccc12,0.24333333333333335,0,0.07213426278658597
CCN(CC)C(=O)N[C@H]1C[C@@H]2c3cccc4[nH]cc(c34)C[C@H]2N(C)C1,0,c1cc2c3c(c[nH]c3c1)CC1NCCCC21,CCN(CC)CC(=O)Nc1c(C)cccc1C,1,c1ccccc1,0.21855203619909502,0,0.0922284083116069
Cc1ccnc2c1NC(=O)c1cccnc1N2C1CC1,1,O=C1Nc2cccnc2N(C2CC2)c2ncccc21,CN(CCOc1ccc(C[C@@H]2SC(=O)NC2=O)cc1)c1ccccn1,1,O=C1NC(=O)C(Cc2ccc(OCCNc3ccccn3)cc2)S1,0.2084942084942085,0,0.48923016203099257
Cc1ccnc2c1NC(=O)c1cccnc1N2C1CC1,1,O=C1Nc2cccnc2N(C2CC2)c2ncccc21,CN1CCN2c3ccccc3Cc3cccnc3[C@@H]2C1,1,c1ccc2c(c1)Cc1cccnc1C1CNCCN21,0.20528301886792455,1,0.5348489359527837
Cc1ccnc2c1NC(=O)c1cccnc1N2C1CC1,1,O=C1Nc2cccnc2N(C2CC2)c2ncccc21,CN1C(C(=O)Nc2ccccn2)=C(O)c2ccccc2S1(=O)=O,1,O=C(Nc1ccccn1)C1=Cc2ccccc2S(=O)(=O)N1,0.20457079152731328,1,0.7317774269939639
Cc1ccnc2c1NC(=O)c1cccnc1N2C1CC1,1,O=C1Nc2cccnc2N(C2CC2)c2ncccc21,CN1[C@@H]2CC[C@H]1CC(OC(=O)c1c[nH]c3ccccc13)C2,1,O=C(OC1CC2CCC(C1)N2)c1c[nH]c2ccccc12,0.18329405603561144,1,0.5473408649206597
CCCSc1ccc2nc(NC(=O)OC)[nH]c2c1,1,c1ccc2[nH]cnc2c1,COc1ccc2nc([S@H](=O)Cc3ncc(C)c(OC)c3C)[nH]c2c1,1,O=[SH](Cc1ccccn1)c1nc2ccccc2[nH]1,0.2867924528301887,1,0.6139744571564152
CCCSc1ccc2nc(NC(=O)OC)[nH]c2c1,1,c1ccc2[nH]cnc2c1,CCOc1ccc(NC(C)=O)cc1,1,c1ccccc1,0.23189368770764118,1,0.541517274527439
CCCSc1ccc2nc(NC(=O)OC)[nH]c2c1,1,c1ccc2[nH]cnc2c1,Cc1c(OCC(F)(F)F)ccnc1C[S@@H](=O)c1nc2ccccc2[nH]1,1,O=[SH](Cc1ccccn1)c1nc2ccccc2[nH]1,0.2166409861325116,1,0.5538315789651739
CCCSc1ccc2nc(NC(=O)OC)[nH]c2c1,1,c1ccc2[nH]cnc2c1,COc1ccc2cc([C@H](C)C(=O)O)ccc2c1,1,c1ccc2ccccc2c1,0.188974358974359,1,0.5511258127986516
N[C@@H](Cc1cc(I)c(Oc2ccc(O)c(I)c2)c(I)c1)C(=O)O,0,c1ccc(Oc2ccccc2)cc1,CC(C)Cc1ccc([C@@H](C)C(=O)O)cc1,1,c1ccccc1,0.2437062937062937,0,0.13119995852010236
N[C@@H](Cc1cc(I)c(Oc2ccc(O)c(I)c2)c(I)c1)C(=O)O,0,c1ccc(Oc2ccccc2)cc1,COc1ccc2cc([C@H](C)C(=O)O)ccc2c1,1,c1ccc2ccccc2c1,0.24109090909090908,0,0.1328213901310647
N[C@@H](Cc1cc(I)c(Oc2ccc(O)c(I)c2)c(I)c1)C(=O)O,0,c1ccc(Oc2ccccc2)cc1,CC(C)C1CCC(C(=O)N[C@H](Cc2ccccc2)C(=O)O)CC1,1,O=C(NCCc1ccccc1)C1CCCCC1,0.20153846153846156,0,0.2033226555342183
N[C@@H](Cc1cc(I)c(Oc2ccc(O)c(I)c2)c(I)c1)C(=O)O,0,c1ccc(Oc2ccccc2)cc1,CCCCc1oc2ccccc2c1C(=O)c1cc(I)c(OCCN(CC)CC)c(I)c1,1,O=C(c1ccccc1)c1coc2ccccc12,0.1976352006202753,0,0.10824401666166399
O=C1Nc2ccc(Cl)cc2[C@@](C#CC2CC2)(C(F)(F)F)O1,0,O=C1Nc2ccccc2C(C#CC2CC2)O1,CN[C@H]1CC[C@@H](c2ccc(Cl)c(Cl)c2)c2ccccc21,1,c1ccc(C2CCCc3ccccc32)cc1,0.17254901960784313,0,0.3054300255799452
O=C1Nc2ccc(Cl)cc2[C@@](C#CC2CC2)(C(F)(F)F)O1,0,O=C1Nc2ccccc2C(C#CC2CC2)O1,C[C@]12CC[C@@H]3c4ccc(O)cc4CC[C@H]3[C@@H]1CCC2=O,1,O=C1CCC2C1CCC1c3ccccc3CCC12,0.17223057644110276,0,0.34737593326620664
O=C1Nc2ccc(Cl)cc2[C@@](C#CC2CC2)(C(F)(F)F)O1,0,O=C1Nc2ccccc2C(C#CC2CC2)O1,CN(C)CCCN1c2ccccc2CCc2ccc(Cl)cc21,1,c1ccc2c(c1)CCc1ccccc1N2,0.17015873015873018,0,0.4967695526534725
O=C1Nc2ccc(Cl)cc2[C@@](C#CC2CC2)(C(F)(F)F)O1,0,O=C1Nc2ccccc2C(C#CC2CC2)O1,CCc1nn(CCCN2CCN(c3cccc(Cl)c3)CC2)c(=O)n1CC,1,O=c1[nH]cnn1CCCN1CCN(c2ccccc2)CC1,0.15435480823729456,0,0.2416093983501654
Nc1nc(NC2CC2)c2ncn([C@H]3C=C[C@@H](CO)C3)c2n1,0,C1=CC(n2cnc3c(NC4CC4)ncnc32)CC1,COc1cc(Cc2cnc(N)nc2N)cc(OC)c1OC,1,c1ccc(Cc2cncnc2)cc1,0.14069416498993964,0,0.036449351639249145
Nc1nc(NC2CC2)c2ncn([C@H]3C=C[C@@H](CO)C3)c2n1,0,C1=CC(n2cnc3c(NC4CC4)ncnc32)CC1,Cn1c(=O)c2c(ncn2C)n(C)c1=O,1,O=c1[nH]c(=O)c2[nH]cnc2[nH]1,0.1267156862745098,0,0.030306683891605547
Nc1nc(NC2CC2)c2ncn([C@H]3C=C[C@@H](CO)C3)c2n1,0,C1=CC(n2cnc3c(NC4CC4)ncnc32)CC1,Cc1ncc([N+](=O)[O-])n1CCO,1,c1c[nH]cn1,0.12218782249742002,0,0.014019925967850788
Nc1nc(NC2CC2)c2ncn([C@H]3C=C[C@@H](CO)C3)c2n1,0,C1=CC(n2cnc3c(NC4CC4)ncnc32)CC1,Cc1cnc(C(=O)NCCc2ccc(S(=O)(=O)NC(=O)NC3CCCCC3)cc2)cn1,1,O=C(NC1CCCCC1)NS(=O)(=O)c1ccc(CCNC(=O)c2cnccn2)cc1,0.11690140845070424,0,0.08048320169365059
Cc1ccccc1-n1c(C)nc2ccccc2c1=O,0,O=c1c2ccccc2ncn1-c1ccccc1,CC[C@H](c1ccccc1)c1c(O)c2ccccc2oc1=O,1,O=c1oc2ccccc2cc1Cc1ccccc1,0.2573225516621743,0,0.04983029515992076
Cc1ccccc1-n1c(C)nc2ccccc2c1=O,0,O=c1c2ccccc2ncn1-c1ccccc1,Cc1cc(=O)n(-c2ccccc2)n1C,1,O=c1cc[nH]n1-c1ccccc1,0.2534502923976608,0,0.09500622488155815
Cc1ccccc1-n1c(C)nc2ccccc2c1=O,0,O=c1c2ccccc2ncn1-c1ccccc1,Cc1c(N(C)C)c(=O)n(-c2ccccc2)n1C,1,O=c1cc[nH]n1-c1ccccc1,0.2523809523809524,0,0.16340161443286122
Cc1ccccc1-n1c(C)nc2ccccc2c1=O,0,O=c1c2ccccc2ncn1-c1ccccc1,CC(=O)C[C@@H](c1ccccc1)c1c(O)c2ccccc2oc1=O,1,O=c1oc2ccccc2cc1Cc1ccccc1,0.24253968253968256,0,0.07754372743938391
COCC(=O)O[C@]1(CCN(C)CCCc2nc3ccccc3[nH]2)CCc2cc(F)ccc2[C@@H]1C(C)C,0,c1ccc2c(c1)CCC(CCNCCCc1nc3ccccc3[nH]1)C2,Cc1c(OCC(F)(F)F)ccnc1C[S@@H](=O)c1nc2ccccc2[nH]1,1,O=[SH](Cc1ccccn1)c1nc2ccccc2[nH]1,0.21211976619348683,0,0.024855072565883853
COCC(=O)O[C@]1(CCN(C)CCCc2nc3ccccc3[nH]2)CCc2cc(F)ccc2[C@@H]1C(C)C,0,c1ccc2c(c1)CCC(CCNCCCc1nc3ccccc3[nH]1)C2,CCCSc1ccc2nc(NC(=O)OC)[nH]c2c1,1,c1ccc2[nH]cnc2c1,0.20250766230147674,0,0.022099639856786833
COCC(=O)O[C@]1(CCN(C)CCCc2nc3ccccc3[nH]2)CCc2cc(F)ccc2[C@@H]1C(C)C,0,c1ccc2c(c1)CCC(CCNCCCc1nc3ccccc3[nH]1)C2,COc1ccc(CCN(C)CCC[C@@](C#N)(c2ccc(OC)c(OC)c2)C(C)C)cc1OC,1,c1ccc(CCCCNCCc2ccccc2)cc1,0.1984950495049505,0,0.01694528986085262
COCC(=O)O[C@]1(CCN(C)CCCc2nc3ccccc3[nH]2)CCc2cc(F)ccc2[C@@H]1C(C)C,0,c1ccc2c(c1)CCC(CCNCCCc1nc3ccccc3[nH]1)C2,CN(C)CCCN1c2ccccc2CCc2ccc(Cl)cc21,1,c1ccc2c(c1)CCc1ccccc1N2,0.18676470588235294,0,0.028723749337989022
CC(C)(C)NC[C@H](O)COc1cccc2c1CCC(=O)N2,0,O=C1CCc2ccccc2N1,CCOc1ccc(NC(C)=O)cc1,1,c1ccccc1,0.22285714285714286,0,0.013188527517950228
CC(C)(C)NC[C@H](O)COc1cccc2c1CCC(=O)N2,0,O=C1CCc2ccccc2N1,CNCC[C@@H](Oc1ccccc1C)c1ccccc1,1,c1ccc(COc2ccccc2)cc1,0.20483516483516484,0,0.016245829884883697
CC(C)(C)NC[C@H](O)COc1cccc2c1CCC(=O)N2,0,O=C1CCc2ccccc2N1,CNC(=O)Oc1cccc2ccccc12,1,c1ccc2ccccc2c1,0.19904371584699454,0,0.03135538715830371
CC(C)(C)NC[C@H](O)COc1cccc2c1CCC(=O)N2,0,O=C1CCc2ccccc2N1,CCC1(c2ccccc2)C(=O)NC(=O)NC1=O,1,O=C1NC(=O)C(c2ccccc2)C(=O)N1,0.1949858757062147,0,0.03171521507967284
Cc1ccc(C(=O)c2cc(O)c(O)c([N+](=O)[O-])c2)cc1,0,O=C(c1ccccc1)c1ccccc1,CC(=O)C[C@@H](c1ccc([N+](=O)[O-])cc1)c1c(O)c2ccccc2oc1=O,1,O=c1oc2ccccc2cc1Cc1ccccc1,0.235052790346908,0,0.14584370430857538
Cc1ccc(C(=O)c2cc(O)c(O)c([N+](=O)[O-])c2)cc1,0,O=C(c1ccccc1)c1ccccc1,CCCCNC(=O)NS(=O)(=O)c1ccc(C)cc1,1,c1ccccc1,0.22168021680216804,0,0.26217245402604566
Cc1ccc(C(=O)c2cc(O)c(O)c([N+](=O)[O-])c2)cc1,0,O=C(c1ccccc1)c1ccccc1,Cc1ncc([N+](=O)[O-])n1CCO,1,c1c[nH]cn1,0.21109123434704832,0,0.09197344083274639
Cc1ccc(C(=O)c2cc(O)c(O)c([N+](=O)[O-])c2)cc1,0,O=C(c1ccccc1)c1ccccc1,Cc1ccc(-c2cc(C(F)(F)F)nn2-c2ccc(S(N)(=O)=O)cc2)cc1,1,c1ccc(-c2ccnn2-c2ccccc2)cc1,0.20862745098039218,0,0.18345221646516863
C[C@@H](C(=O)O)c1cccc(C(=O)c2ccccc2)c1,0,O=C(c1ccccc1)c1ccccc1,C[C@H](C(=O)O)c1cccc(C(=O)c2cccs2)c1,1,O=C(c1ccccc1)c1cccs1,0.6575657894736843,1,0.6209186972293732
C[C@@H](C(=O)O)c1cccc(C(=O)c2ccccc2)c1,0,O=C(c1ccccc1)c1ccccc1,COc1ccc2cc([C@H](C)C(=O)O)ccc2c1,1,c1ccc2ccccc2c1,0.44625000000000004,0,0.445792915184595
C[C@@H](C(=O)O)c1cccc(C(=O)c2ccccc2)c1,0,O=C(c1ccccc1)c1ccccc1,CC(C)Cc1ccc([C@@H](C)C(=O)O)cc1,1,c1ccccc1,0.4343079922027291,0,0.4046489546102505
C[C@@H](C(=O)O)c1cccc(C(=O)c2ccccc2)c1,0,O=C(c1ccccc1)c1ccccc1,CC(=O)Oc1ccccc1C(=O)O,1,c1ccccc1,0.2813008130081301,0,0.3817624848537637
CC(C)OC(=O)C(C)(C)Oc1ccc(C(=O)c2ccc(Cl)cc2)cc1,0,O=C(c1ccccc1)c1ccccc1,COc1ccc2cc([C@H](C)C(=O)O)ccc2c1,1,c1ccc2ccccc2c1,0.24042933810375672,0,0.15794110917518345
CC(C)OC(=O)C(C)(C)Oc1ccc(C(=O)c2ccc(Cl)cc2)cc1,0,O=C(c1ccccc1)c1ccccc1,CC(C)/N=C(N)\N=C(/N)Nc1ccc(Cl)cc1,1,c1ccccc1,0.23015873015873017,0,0.13541688766107746
CC(C)OC(=O)C(C)(C)Oc1ccc(C(=O)c2ccc(Cl)cc2)cc1,0,O=C(c1ccccc1)c1ccccc1,CCOc1ccc(NC(C)=O)cc1,1,c1ccccc1,0.22215384615384617,0,0.07581766444303328
CC(C)OC(=O)C(C)(C)Oc1ccc(C(=O)c2ccc(Cl)cc2)cc1,0,O=C(c1ccccc1)c1ccccc1,C[C@H](C(=O)O)c1cccc(C(=O)c2cccs2)c1,1,O=C(c1ccccc1)c1cccs1,0.18996886890349363,0,0.27796399105028574
CN1CC(=O)N2[C@H](c3ccc4c(c3)OCO4)c3[nH]c4ccccc4c3C[C@@H]2C1=O,0,O=C1NCC(=O)N2C1Cc1c([nH]c3ccccc13)C2c1ccc2c(c1)OCO2,O=C(OC1C[C@@H]2CC3C[C@H](C1)N2CC3=O)c1c[nH]c2ccccc12,1,O=C(OC1CC2CC3CC(C1)N2CC3=O)c1c[nH]c2ccccc12,0.22391817466561764,0,0.16697472817458034
CN1CC(=O)N2[C@H](c3ccc4c(c3)OCO4)c3[nH]c4ccccc4c3C[C@@H]2C1=O,0,O=C1NCC(=O)N2C1Cc1c([nH]c3ccccc13)C2c1ccc2c(c1)OCO2,CN1[C@@H]2CC[C@H]1CC(OC(=O)c1c[nH]c3ccccc13)C2,1,O=C(OC1CC2CCC(C1)N2)c1c[nH]c2ccccc12,0.21626260459128943,0,0.16715165012541847
CN1CC(=O)N2[C@H](c3ccc4c(c3)OCO4)c3[nH]c4ccccc4c3C[C@@H]2C1=O,0,O=C1NCC(=O)N2C1Cc1c([nH]c3ccccc13)C2c1ccc2c(c1)OCO2,CN1CCC[C@@H]1Cc1c[nH]c2ccc(CCS(=O)(=O)c3ccccc3)cc12,1,O=S(=O)(CCc1ccc2[nH]cc(CC3CCCN3)c2c1)c1ccccc1,0.20751506557958171,0,0.23307852624417227
CN1CC(=O)N2[C@H](c3ccc4c(c3)OCO4)c3[nH]c4ccccc4c3C[C@@H]2C1=O,0,O=C1NCC(=O)N2C1Cc1c([nH]c3ccccc13)C2c1ccc2c(c1)OCO2,O=C(C1CCCCC1)N1CC(=O)N2CCc3ccccc3[C@H]2C1,1,O=C(C1CCCCC1)N1CC(=O)N2CCc3ccccc3C2C1,0.1800452488687783,0,0.16387361907640627
COc1cc(NCc2ccc3nc(N)nc(N)c3c2C)cc(OC)c1OC,0,c1ccc(NCc2ccc3ncncc3c2)cc1,COc1cc(Cc2cnc(N)nc2N)cc(OC)c1OC,1,c1ccc(Cc2cncnc2)cc1,0.3968944099378882,0,0.010486416123595846
COc1cc(NCc2ccc3nc(N)nc(N)c3c2C)cc(OC)c1OC,0,c1ccc(NCc2ccc3ncncc3c2)cc1,COc1ccc2nc([S@H](=O)Cc3ncc(C)c(OC)c3C)[nH]c2c1,1,O=[SH](Cc1ccccn1)c1nc2ccccc2[nH]1,0.2297204301075269,0,0.032468461067134205
COc1cc(NCc2ccc3nc(N)nc(N)c3c2C)cc(OC)c1OC,0,c1ccc(NCc2ccc3ncncc3c2)cc1,CCCSc1ccc2nc(NC(=O)OC)[nH]c2c1,1,c1ccc2[nH]cnc2c1,0.1818100157197395,0,0.03225321488193886
COc1cc(NCc2ccc3nc(N)nc(N)c3c2C)cc(OC)c1OC,0,c1ccc(NCc2ccc3ncncc3c2)cc1,COc1cc(C(=O)NS(=O)(=O)c2ccccc2C)ccc1Cc1cn(C)c2ccc(NC(=O)OC3CCCC3)cc12,1,O=C(Nc1ccc2[nH]cc(Cc3ccc(C(=O)NS(=O)(=O)c4ccccc4)cc3)c2c1)OC1CCCC1,0.17139819245082405,0,0.050101333246883865
CC(C)(O)c1ccccc1CC[C@@H](SCC1(CC(=O)O)CC1)c1cccc(/C=C\c2ccc3ccc(Cl)cc3n2)c1,1,C(=Cc1ccc2ccccc2n1)c1cccc(C(CCc2ccccc2)SCC2CC2)c1,C[C@H](C(=O)O)c1cccc(C(=O)c2cccs2)c1,1,O=C(c1ccccc1)c1cccs1,0.19136356601145338,1,0.5922842523416407
CC(C)(O)c1ccccc1CC[C@@H](SCC1(CC(=O)O)CC1)c1cccc(/C=C\c2ccc3ccc(Cl)cc3n2)c1,1,C(=Cc1ccc2ccccc2n1)c1cccc(C(CCc2ccccc2)SCC2CC2)c1,CC1=C(C)C(=O)C([C@@H](CCCCCC(=O)O)c2ccccc2)=C(C)C1=O,1,O=C1C=CC(=O)C(Cc2ccccc2)=C1,0.18770186335403727,1,0.5150716175467696
CC(C)(O)c1ccccc1CC[C@@H](SCC1(CC(=O)O)CC1)c1cccc(/C=C\c2ccc3ccc(Cl)cc3n2)c1,1,C(=Cc1ccc2ccccc2n1)c1cccc(C(CCc2ccccc2)SCC2CC2)c1,COc1ccc2cc([C@H](C)C(=O)O)ccc2c1,1,c1ccc2ccccc2c1,0.1681722519022179,0,0.4427620824198538
CC(C)(O)c1ccccc1CC[C@@H](SCC1(CC(=O)O)CC1)c1cccc(/C=C\c2ccc3ccc(Cl)cc3n2)c1,1,C(=Cc1ccc2ccccc2n1)c1cccc(C(CCc2ccccc2)SCC2CC2)c1,O=C(O)COc1ccc(C(=O)c2cccs2)c(Cl)c1Cl,1,O=C(c1ccccc1)c1cccs1,0.16733333333333336,1,0.6014668395004846
CCOc1ccccc1OCCN[C@H](C)Cc1ccc(OC)c(S(N)(=O)=O)c1,0,c1ccc(CCNCCOc2ccccc2)cc1,CCOc1cc(CC(=O)N[C@@H](CC(C)C)c2ccccc2N2CCCCC2)ccc1C(=O)O,1,O=C(Cc1ccccc1)NCc1ccccc1N1CCCCC1,0.2516153127917834,0,0.216765973938606
CCOc1ccccc1OCCN[C@H](C)Cc1ccc(OC)c(S(N)(=O)=O)c1,0,c1ccc(CCNCCOc2ccccc2)cc1,COc1ccccc1Oc1c(NS(=O)(=O)c2ccc(C(C)(C)C)cc2)nc(-c2ncccn2)nc1OCCO,1,O=S(=O)(Nc1nc(-c2ncccn2)ncc1Oc1ccccc1)c1ccccc1,0.23412587412587413,0,0.1574344344947798
CCOc1ccccc1OCCN[C@H](C)Cc1ccc(OC)c(S(N)(=O)=O)c1,0,c1ccc(CCNCCOc2ccccc2)cc1,COc1ccc(CCN(C)CCC[C@@](C#N)(c2ccc(OC)c(OC)c2)C(C)C)cc1OC,1,c1ccc(CCCCNCCc2ccccc2)cc1,0.21454545454545457,0,0.12126046161897021
CCOc1ccccc1OCCN[C@H](C)Cc1ccc(OC)c(S(N)(=O)=O)c1,0,c1ccc(CCNCCOc2ccccc2)cc1,CNCC[C@@H](Oc1ccccc1C)c1ccccc1,1,c1ccc(COc2ccccc2)cc1,0.21381074168797956,0,0.1337700390187174
CN(CCOc1ccc(NS(C)(=O)=O)cc1)CCc1ccc(NS(C)(=O)=O)cc1,0,c1ccc(CCNCCOc2ccccc2)cc1,CC/C(=C(/c1ccccc1)c1ccc(OCCN(C)C)cc1)c1ccccc1,1,C(=C(c1ccccc1)c1ccccc1)c1ccccc1,0.319047619047619,0,0.20195060807033974
CN(CCOc1ccc(NS(C)(=O)=O)cc1)CCc1ccc(NS(C)(=O)=O)cc1,0,c1ccc(CCNCCOc2ccccc2)cc1,CCOc1ccc(NC(C)=O)cc1,1,c1ccccc1,0.31746031746031744,0,0.14188152691222197
CN(CCOc1ccc(NS(C)(=O)=O)cc1)CCc1ccc(NS(C)(=O)=O)cc1,0,c1ccc(CCNCCOc2ccccc2)cc1,CN(C)CCOc1ccc(/C(=C(\CCCl)c2ccccc2)c2ccccc2)cc1,1,C(=C(c1ccccc1)c1ccccc1)c1ccccc1,0.31274362818590706,0,0.2156712848368993
CN(CCOc1ccc(NS(C)(=O)=O)cc1)CCc1ccc(NS(C)(=O)=O)cc1,0,c1ccc(CCNCCOc2ccccc2)cc1,CN(CCOc1ccc(C[C@@H]2SC(=O)NC2=O)cc1)c1ccccn1,1,O=C1NC(=O)C(Cc2ccc(OCCNc3ccccn3)cc2)S1,0.28644338118022333,0,0.21809047326708497
C=C(c1ccc(C(=O)O)cc1)c1cc2c(cc1C)C(C)(C)CCC2(C)C,0,C=C(c1ccccc1)c1ccc2c(c1)CCCC2,CC(=O)Oc1ccccc1C(=O)O,1,c1ccccc1,0.23508771929824562,0,0.3281287672137661
C=C(c1ccc(C(=O)O)cc1)c1cc2c(cc1C)C(C)(C)CCC2(C)C,0,C=C(c1ccccc1)c1ccc2c(c1)CCCC2,COc1ccc2cc([C@H](C)C(=O)O)ccc2c1,1,c1ccc2ccccc2c1,0.20548885077186965,0,0.40726522755774736
C=C(c1ccc(C(=O)O)cc1)c1cc2c(cc1C)C(C)(C)CCC2(C)C,0,C=C(c1ccccc1)c1ccc2c(c1)CCCC2,C[C@H](C(=O)O)c1cccc(C(=O)c2cccs2)c1,1,O=C(c1ccccc1)c1cccs1,0.19091236927515326,1,0.5046450832377503
C=C(c1ccc(C(=O)O)cc1)c1cc2c(cc1C)C(C)(C)CCC2(C)C,0,C=C(c1ccccc1)c1ccc2c(c1)CCCC2,CC(C)Cc1ccc([C@@H](C)C(=O)O)cc1,1,c1ccccc1,0.18864809081527348,0,0.35261930339419084
CCCCN(CCCC)C[C@@H](O)c1cc(Cl)cc2c1-c1ccc(Cl)cc1/C2=C\c1ccc(Cl)cc1,0,C(=C1c2ccccc2-c2ccccc21)c1ccccc1,CN(C)CCCN1c2ccccc2CCc2ccc(Cl)cc21,1,c1ccc2c(c1)CCc1ccccc1N2,0.21324786324786324,0,0.050778485342889645
CCCCN(CCCC)C[C@@H](O)c1cc(Cl)cc2c1-c1ccc(Cl)cc1/C2=C\c1ccc(Cl)cc1,0,C(=C1c2ccccc2-c2ccccc21)c1ccccc1,CC(C)/N=C(N)\N=C(/N)Nc1ccc(Cl)cc1,1,c1ccccc1,0.2015757575757576,0,0.025952101909265418
CCCCN(CCCC)C[C@@H](O)c1cc(Cl)cc2c1-c1ccc(Cl)cc1/C2=C\c1ccc(Cl)cc1,0,C(=C1c2ccccc2-c2ccccc21)c1ccccc1,Cc1ccc(O)c([C@@H](CCN(C(C)C)C(C)C)c2ccccc2)c1,1,c1ccc(Cc2ccccc2)cc1,0.1794871794871795,0,0.04006726512065006
CCCCN(CCCC)C[C@@H](O)c1cc(Cl)cc2c1-c1ccc(Cl)cc1/C2=C\c1ccc(Cl)cc1,0,C(=C1c2ccccc2-c2ccccc21)c1ccccc1,CCCCc1oc2ccccc2c1C(=O)c1cc(I)c(OCCN(CC)CC)c(I)c1,1,O=C(c1ccccc1)c1coc2ccccc12,0.1741901776384535,0,0.039729705057909924
CN(C)CC[C@H](c1ccc(Cl)cc1)c1ccccn1,0,c1ccc(Cc2ccccn2)cc1,CN(C)CCCN1c2ccccc2CCc2ccc(Cl)cc21,1,c1ccc2c(c1)CCc1ccccc1N2,0.30637958532695375,0,0.40797513774417293
CN(C)CC[C@H](c1ccc(Cl)cc1)c1ccccn1,0,c1ccc(Cc2ccccn2)cc1,CC(C)N(CC[C@@](C(N)=O)(c1ccccc1)c1ccccn1)C(C)C,1,c1ccc(Cc2ccccn2)cc1,0.29594202898550726,0,0.2425132448621123
CN(C)CC[C@H](c1ccc(Cl)cc1)c1ccccn1,0,c1ccc(Cc2ccccn2)cc1,Cc1ccc(O)c([C@@H](CCN(C(C)C)C(C)C)c2ccccc2)c1,1,c1ccc(Cc2ccccc2)cc1,0.27650793650793654,0,0.2624654027068378
CN(C)CC[C@H](c1ccc(Cl)cc1)c1ccccn1,0,c1ccc(Cc2ccccn2)cc1,CN(C)CCOc1ccc(/C(=C(\CCCl)c2ccccc2)c2ccccc2)cc1,1,C(=C(c1ccccc1)c1ccccc1)c1ccccc1,0.25889655172413795,0,0.3593901757511716
CC(C)N(CC[C@@](C(N)=O)(c1ccccc1)c1ccccn1)C(C)C,1,c1ccc(Cc2ccccn2)cc1,Cc1ccc(O)c([C@@H](CCN(C(C)C)C(C)C)c2ccccc2)c1,1,c1ccc(Cc2ccccc2)cc1,0.2904964539007092,0,0.24736904332712673
CC(C)N(CC[C@@](C(N)=O)(c1ccccc1)c1ccccn1)C(C)C,1,c1ccc(Cc2ccccn2)cc1,CC(C)C[C@@H](NC(=O)[C@@H](Cc1ccccc1)NC(=O)c1cnccn1)B(O)O,1,O=C(NCCc1ccccc1)c1cnccn1,0.24343290659080133,1,0.6099352225845536
CC(C)N(CC[C@@](C(N)=O)(c1ccccc1)c1ccccn1)C(C)C,1,c1ccc(Cc2ccccn2)cc1,CN(CCOc1ccc(C[C@@H]2SC(=O)NC2=O)cc1)c1ccccn1,1,O=C1NC(=O)C(Cc2ccc(OCCNc3ccccn3)cc2)S1,0.22957975388901788,0,0.3575964988074557
CC(C)N(CC[C@@](C(N)=O)(c1ccccc1)c1ccccn1)C(C)C,1,c1ccc(Cc2ccccn2)cc1,CN1C(C(=O)Nc2ccccn2)=C(O)c2ccccc2S1(=O)=O,1,O=C(Nc1ccccn1)C1=Cc2ccccc2S(=O)(=O)N1,0.2226961990702762,1,0.5790406940965254
CCCCc1nc(Cl)c(CO)n1Cc1ccc(-c2ccccc2-c2nnn[nH]2)cc1,1,c1ccc(-c2nnn[nH]2)c(-c2ccc(Cn3ccnc3)cc2)c1,CCOc1nc2cccc(C(=O)O)c2n1Cc1ccc(-c2ccccc2-c2nnn[nH]2)cc1,1,c1ccc(-c2nnn[nH]2)c(-c2ccc(Cn3cnc4ccccc43)cc2)c1,0.46685714285714286,0,0.32401412395924034
CCCCc1nc(Cl)c(CO)n1Cc1ccc(-c2ccccc2-c2nnn[nH]2)cc1,1,c1ccc(-c2nnn[nH]2)c(-c2ccc(Cn3ccnc3)cc2)c1,CCCCC1C(=O)N(c2ccccc2)N(c2ccccc2)C1=O,1,O=C1CC(=O)N(c2ccccc2)N1c1ccccc1,0.19767265368074882,0,0.40385411380519365
CCCCc1nc(Cl)c(CO)n1Cc1ccc(-c2ccccc2-c2nnn[nH]2)cc1,1,c1ccc(-c2nnn[nH]2)c(-c2ccc(Cn3ccnc3)cc2)c1,CCc1nn(CCCN2CCN(c3cccc(Cl)c3)CC2)c(=O)n1CC,1,O=c1[nH]cnn1CCCN1CCN(c2ccccc2)CC1,0.183921568627451,0,0.16772380392124348
CCCCc1nc(Cl)c(CO)n1Cc1ccc(-c2ccccc2-c2nnn[nH]2)cc1,1,c1ccc(-c2nnn[nH]2)c(-c2ccc(Cn3ccnc3)cc2)c1,CCCCc1oc2ccccc2c1C(=O)c1cc(I)c(OCCN(CC)CC)c(I)c1,1,O=C(c1ccccc1)c1coc2ccccc12,0.1602006688963211,0,0.398631145419577
CCCCC1C(=O)N(c2ccccc2)N(c2ccccc2)C1=O,1,O=C1CC(=O)N(c2ccccc2)N1c1ccccc1,Cc1cc(=O)n(-c2ccccc2)n1C,1,O=c1cc[nH]n1-c1ccccc1,0.2877777777777778,1,0.5845158746961209
CCCCC1C(=O)N(c2ccccc2)N(c2ccccc2)C1=O,1,O=C1CC(=O)N(c2ccccc2)N1c1ccccc1,CCC1(c2ccccc2)C(=O)NC(=O)NC1=O,1,O=C1NC(=O)C(c2ccccc2)C(=O)N1,0.2740399385560676,0,0.34729821884171
CCCCC1C(=O)N(c2ccccc2)N(c2ccccc2)C1=O,1,O=C1CC(=O)N(c2ccccc2)N1c1ccccc1,CC1=C(C)C(=O)C([C@@H](CCCCCC(=O)O)c2ccccc2)=C(C)C1=O,1,O=C1C=CC(=O)C(Cc2ccccc2)=C1,0.24603773584905664,1,0.7054444367156181
CCCCC1C(=O)N(c2ccccc2)N(c2ccccc2)C1=O,1,O=C1CC(=O)N(c2ccccc2)N1c1ccccc1,Cc1c(N(C)C)c(=O)n(-c2ccccc2)n1C,1,O=c1cc[nH]n1-c1ccccc1,0.23833333333333334,1,0.6711636576333793
COCc1c(C(=O)OC(C)C)ncc2[nH]c3ccc(OCc4ccccc4)cc3c12,0,c1ccc(COc2ccc3[nH]c4cnccc4c3c2)cc1,COc1ccc2nc([S@H](=O)Cc3ncc(C)c(OC)c3C)[nH]c2c1,1,O=[SH](Cc1ccccn1)c1nc2ccccc2[nH]1,0.2239572192513369,0,0.010903380462231506
COCc1c(C(=O)OC(C)C)ncc2[nH]c3ccc(OCc4ccccc4)cc3c12,0,c1ccc(COc2ccc3[nH]c4cnccc4c3c2)cc1,COc1ccc2cc([C@H](C)C(=O)O)ccc2c1,1,c1ccc2ccccc2c1,0.2230358504958047,0,0.008957365888660912
COCc1c(C(=O)OC(C)C)ncc2[nH]c3ccc(OCc4ccccc4)cc3c12,0,c1ccc(COc2ccc3[nH]c4cnccc4c3c2)cc1,CC(C)C[C@@H](NC(=O)[C@@H](Cc1ccccc1)NC(=O)c1cnccn1)B(O)O,1,O=C(NCCc1ccccc1)c1cnccn1,0.21674418604651166,0,0.06450886606941823
COCc1c(C(=O)OC(C)C)ncc2[nH]c3ccc(OCc4ccccc4)cc3c12,0,c1ccc(COc2ccc3[nH]c4cnccc4c3c2)cc1,CN1[C@@H]2CC[C@H]1CC(OC(=O)c1c[nH]c3ccccc13)C2,1,O=C(OC1CC2CCC(C1)N2)c1c[nH]c2ccccc12,0.2057377049180328,0,0.019724692175089268
O=C(CO)NCCCOc1cccc(CN2CCCCC2)c1,0,c1ccc(CN2CCCCC2)cc1,CCOc1cc(CC(=O)N[C@@H](CC(C)C)c2ccccc2N2CCCCC2)ccc1C(=O)O,1,O=C(Cc1ccccc1)NCc1ccccc1N1CCCCC1,0.26937500000000003,0,0.1261981980617496
O=C(CO)NCCCOc1cccc(CN2CCCCC2)c1,0,c1ccc(CN2CCCCC2)cc1,CC/C(=C(/c1ccccc1)c1ccc(OCCN(C)C)cc1)c1ccccc1,1,C(=C(c1ccccc1)c1ccccc1)c1ccccc1,0.2167529698446543,0,0.13987995160633646
O=C(CO)NCCCOc1cccc(CN2CCCCC2)c1,0,c1ccc(CN2CCCCC2)cc1,CN(C)CCOc1ccc(/C(=C(\CCCl)c2ccccc2)c2ccccc2)cc1,1,C(=C(c1ccccc1)c1ccccc1)c1ccccc1,0.20637362637362638,0,0.13769549312971005
O=C(CO)NCCCOc1cccc(CN2CCCCC2)c1,0,c1ccc(CN2CCCCC2)cc1,CCOc1ccc(NC(C)=O)cc1,1,c1ccccc1,0.20132645541635963,0,0.06372594321372715
CC(C)NC[C@H](O)COc1cccc2ccccc12,0,c1ccc2ccccc2c1,CNC(=O)Oc1cccc2ccccc12,1,c1ccc2ccccc2c1,0.39428571428571435,0,0.14594565585240232
CC(C)NC[C@H](O)COc1cccc2ccccc12,0,c1ccc2ccccc2c1,CNCC[C@@H](Oc1ccccc1C)c1ccccc1,1,c1ccc(COc2ccccc2)cc1,0.24497354497354498,0,0.10059094585158358
CC(C)NC[C@H](O)COc1cccc2ccccc12,0,c1ccc2ccccc2c1,CN(C/C=C/C#CC(C)(C)C)Cc1cccc2ccccc12,1,c1ccc2ccccc2c1,0.20878967561911405,0,0.1111679413470113
CC(C)NC[C@H](O)COc1cccc2ccccc12,0,c1ccc2ccccc2c1,CC(=O)Oc1ccccc1C(=O)O,1,c1ccccc1,0.20716774514683925,0,0.11750141618104185
CN(C/C=C/C#CC(C)(C)C)Cc1cccc2ccccc12,1,c1ccc2ccccc2c1,CNC(=O)Oc1cccc2ccccc12,1,c1ccc2ccccc2c1,0.21454545454545457,1,0.5331453673841875
CN(C/C=C/C#CC(C)(C)C)Cc1cccc2ccccc12,1,c1ccc2ccccc2c1,CN(C)CCC=C1c2ccccc2CCc2ccccc21,1,C=C1c2ccccc2CCc2ccccc21,0.21079622132253711,1,0.5720571558657652
CN(C/C=C/C#CC(C)(C)C)Cc1cccc2ccccc12,1,c1ccc2ccccc2c1,C#CCN(C)[C@@H](C)Cc1ccccc1,1,c1ccccc1,0.20521574205784732,0,0.306834388854084
CN(C/C=C/C#CC(C)(C)C)Cc1cccc2ccccc12,1,c1ccc2ccccc2c1,CN(C)CC/C=C1/c2ccccc2COc2ccccc21,1,C=C1c2ccccc2COc2ccccc21,0.18750862663906143,1,0.6219314476748787
CNC(=O)Oc1cccc2ccccc12,1,c1ccc2ccccc2c1,CC(=O)Oc1ccccc1C(=O)O,1,c1ccccc1,0.3212121212121212,0,0.4042617661480057
CNC(=O)Oc1cccc2ccccc12,1,c1ccc2ccccc2c1,CNCC[C@@H](Oc1ccccc1C)c1ccccc1,1,c1ccc(COc2ccccc2)cc1,0.22283507997793714,0,0.4190216744759095
CNC(=O)Oc1cccc2ccccc12,1,c1ccc2ccccc2c1,CN(C/C=C/C#CC(C)(C)C)Cc1cccc2ccccc12,1,c1ccc2ccccc2c1,0.21454545454545457,0,0.38366917992358207
CNC(=O)Oc1cccc2ccccc12,1,c1ccc2ccccc2c1,COc1ccc2cc([C@H](C)C(=O)O)ccc2c1,1,c1ccc2ccccc2c1,0.21111111111111114,0,0.4002721737624395
COc1ccc2cc([C@H](C)C(=O)O)ccc2c1,1,c1ccc2ccccc2c1,CC(C)Cc1ccc([C@@H](C)C(=O)O)cc1,1,c1ccccc1,0.4368421052631579,1,0.5260086145033417
COc1ccc2cc([C@H](C)C(=O)O)ccc2c1,1,c1ccc2ccccc2c1,C[C@H](C(=O)O)c1cccc(C(=O)c2cccs2)c1,1,O=C(c1ccccc1)c1cccs1,0.3722885313959523,1,0.7215456595008038
COc1ccc2cc([C@H](C)C(=O)O)ccc2c1,1,c1ccc2ccccc2c1,CCOc1ccc(NC(C)=O)cc1,1,c1ccccc1,0.23183183183183184,0,0.4799534483613972
COc1ccc2cc([C@H](C)C(=O)O)ccc2c1,1,c1ccc2ccccc2c1,CC(=O)Oc1ccccc1C(=O)O,1,c1ccccc1,0.22850122850122853,1,0.5313316810022362
