query_smiles,query_label,query_scaffold,neighbor_smiles,neighbor_label,neighbor_scaffold,similarity,prediction,score
CCOCc1cc(OC)c(B(O)O)c(OC)c1,0,c1ccccc1,COc1cc(C(=O)CC(=O)C(C)(C)C)cc(OC)c1OC,0,c1ccccc1,0.2558054711246201,0,0.0026732402408104314
CCOCc1cc(OC)c(B(O)O)c(OC)c1,0,c1ccccc1,COc1cc(C=O)ccc1O,0,c1ccccc1,0.25075239398084814,0,0.02732455394793691
CCOCc1cc(OC)c(B(O)O)c(OC)c1,0,c1ccccc1,COc1ccc(C=O)cc1O,0,c1ccccc1,0.2448700410396717,0,0.028142208769429345
CCOCc1cc(OC)c(B(O)O)c(OC)c1,0,c1ccccc1,CCOc1cc(C=O)ccc1O,0,c1ccccc1,0.23502415458937198,0,0.030248668648955382
COc1cc(C(=O)CC(=O)C(C)(C)C)cc(OC)c1OC,0,c1ccccc1,COc1ccc(C(C)=O)cc1,0,c1ccccc1,0.30000000000000004,0,0.4585957121860893
COc1cc(C(=O)CC(=O)C(C)(C)C)cc(OC)c1OC,0,c1ccccc1,CCOC(=O)CC(=O)c1ccccc1,0,c1ccccc1,0.2869318181818182,0,0.2679640465852643
COc1cc(C(=O)CC(=O)C(C)(C)C)cc(OC)c1OC,0,c1ccccc1,COc1cc(C=O)ccc1O,0,c1ccccc1,0.26666666666666666,0,0.22081790138867632
COc1cc(C(=O)CC(=O)C(C)(C)C)cc(OC)c1OC,0,c1ccccc1,COc1ccc(C=O)cc1O,0,c1ccccc1,0.2606060606060606,0,0.24113450461183056
CNC(C)c1cc(C(F)(F)F)cc(C(F)(F)F)c1,0,c1ccccc1,O=Cc1ccc(-c2ccc(C(F)(F)F)cc2)cc1,0,c1ccc(-c2ccccc2)cc1,0.23963963963963963,0,0.13943464264473243
CNC(C)c1cc(C(F)(F)F)cc(C(F)(F)F)c1,0,c1ccccc1,CCC(N)c1ccccc1,0,c1ccccc1,0.17477477477477477,0,0.21997830142300392
CNC(C)c1cc(C(F)(F)F)cc(C(F)(F)F)c1,0,c1ccccc1,COc1cc(CC#N)c([N+](=O)[O-])cc1C(F)(F)F,0,c1ccccc1,0.16075471698113208,0,0.3335476428270382
CNC(C)c1cc(C(F)(F)F)cc(C(F)(F)F)c1,0,c1ccccc1,CC(C)(C)OC(=O)NC(C(=O)N1CC(F)CC1C#N)C(c1ccc(F)cc1)c1ccc(F)cc1,0,O=C(CC(c1ccccc1)c1ccccc1)N1CCCC1,0.13603411513859276,0,0.12208733886946513
CCC(N)c1ccccc1,0,c1ccccc1,CCOC(=O)CC(=O)c1ccccc1,0,c1ccccc1,0.26153846153846155,0,0.3342011276375897
CCC(N)c1ccccc1,0,c1ccccc1,CCOC(=O)c1ccccc1C(=O)OCC,0,c1ccccc1,0.26086956521739135,1,0.6141398446862366
CCC(N)c1ccccc1,0,c1ccccc1,O=Cc1ccccc1,0,c1ccccc1,0.2409356725146199,1,0.5108223805296183
CCC(N)c1ccccc1,0,c1ccccc1,Clc1ccccc1,0,c1ccccc1,0.23157894736842105,1,0.6209172558623587
O=C(O)C(=NOCc1ccccc1)C(=O)O,0,c1ccccc1,CCOC(=O)c1ccccc1C(=O)OCC,0,c1ccccc1,0.26738351254480286,0,0.1395599390240073
O=C(O)C(=NOCc1ccccc1)C(=O)O,0,c1ccccc1,O=C(O)c1ccccc1O,0,c1ccccc1,0.26176470588235295,0,0.24552752213549953
O=C(O)C(=NOCc1ccccc1)C(=O)O,0,c1ccccc1,CCOC(=O)CC(=O)c1ccccc1,0,c1ccccc1,0.26,0,0.14918688270926964
O=C(O)C(=NOCc1ccccc1)C(=O)O,0,c1ccccc1,Nc1ccccc1C(=O)O,0,c1ccccc1,0.2557142857142857,0,0.21451535719638576
CCCOc1ccc(Br)c(C(=O)O)c1,0,c1ccccc1,CCCOc1cccc(C(=O)O)c1,0,c1ccccc1,0.5774358974358975,0,0.19742207409082874
CCCOc1ccc(Br)c(C(=O)O)c1,0,c1ccccc1,CCCOc1ccc(Br)c(C(=O)c2ccc(OC)cc2O)c1,0,O=C(c1ccccc1)c1ccccc1,0.5766233766233767,0,0.01932573099495448
CCCOc1ccc(Br)c(C(=O)O)c1,0,c1ccccc1,CCCOC(=O)c1ccc(O)cc1,0,c1ccccc1,0.28686046511627905,0,0.05451918536360873
CCCOc1ccc(Br)c(C(=O)O)c1,0,c1ccccc1,CCOC(=O)C(C)(C)Oc1ccc(Cl)cc1,0,c1ccccc1,0.27369614512471657,0,0.09405633177157513
NS(=O)(=O)c1cccc(CCCCOCCCCCCBr)c1,0,c1ccccc1,Nc1ccc(S(N)(=O)=O)cc1,0,c1ccccc1,0.2732225913621263,0,0.11243218041109829
NS(=O)(=O)c1cccc(CCCCOCCCCCCBr)c1,0,c1ccccc1,Cc1ccc(N)cc1S(N)(=O)=O,0,c1ccccc1,0.2360020931449503,0,0.13868165086945897
NS(=O)(=O)c1cccc(CCCCOCCCCCCBr)c1,0,c1ccccc1,CCCOc1cccc(C(=O)O)c1,0,c1ccccc1,0.21690821256038648,0,0.15696787837214365
NS(=O)(=O)c1cccc(CCCCOCCCCCCBr)c1,0,c1ccccc1,CCCCCCCCCBr,0,,0.20238095238095238,0,0.47792368803397844
COc1ccc(C=O)cc1O,0,c1ccccc1,COc1cc(C=O)ccc1O,0,c1ccccc1,0.752037617554859,0,0.4963224788409427
COc1ccc(C=O)cc1O,0,c1ccccc1,CCOc1cc(C=O)ccc1O,0,c1ccccc1,0.5421978021978022,1,0.5181106134994775
COc1ccc(C=O)cc1O,0,c1ccccc1,O=Cc1ccccc1,0,c1ccccc1,0.3352380952380952,0,0.279991078114591
COc1ccc(C=O)cc1O,0,c1ccccc1,COC(=O)c1ccccc1O,0,c1ccccc1,0.2947876447876448,0,0.2518852265631421
CCCOc1cccc(C(=O)O)c1,0,c1ccccc1,CCCOc1ccc(Br)c(C(=O)O)c1,0,c1ccccc1,0.5774358974358975,0,0.27027371097086755
CCCOc1cccc(C(=O)O)c1,0,c1ccccc1,CCCOc1ccc(Br)c(C(=O)c2ccc(OC)cc2O)c1,0,O=C(c1ccccc1)c1ccccc1,0.3676363636363637,0,0.05664115157728631
CCCOc1cccc(C(=O)O)c1,0,c1ccccc1,CCCOC(=O)c1ccc(O)cc1,0,c1ccccc1,0.32736842105263153,0,0.064724265919825
CCCOc1cccc(C(=O)O)c1,0,c1ccccc1,CCC(=O)c1cccc(Cl)c1,0,c1ccccc1,0.3232432432432432,0,0.04948604828311044
O=C(O)c1ccc(O)cc1,0,c1ccccc1,COC(=O)c1ccc(O)cc1,0,c1ccccc1,0.45925925925925926,0,0.06836184304504866
O=C(O)c1ccc(O)cc1,0,c1ccccc1,O=C(O)c1ccccc1O,0,c1ccccc1,0.438,0,0.21768708966020014
O=C(O)c1ccc(O)cc1,0,c1ccccc1,CCCOC(=O)c1ccc(O)cc1,0,c1ccccc1,0.38264738598442716,0,0.08538283954849522
O=C(O)c1ccc(O)cc1,0,c1ccccc1,Nc1ccccc1C(=O)O,0,c1ccccc1,0.3287037037037037,0,0.27270000171231534
COc1ccc(C(C)=O)cc1,0,c1ccccc1,COC(=O)c1ccc(O)cc1,0,c1ccccc1,0.3649867374005305,1,0.6033520186824737
COc1ccc(C(C)=O)cc1,0,c1ccccc1,COc1cc(C(=O)CC(=O)C(C)(C)C)cc(OC)c1OC,0,c1ccccc1,0.30000000000000004,1,0.5419935346750988
COc1ccc(C(C)=O)cc1,0,c1ccccc1,CCCOc1ccc(Br)c(C(=O)c2ccc(OC)cc2O)c1,0,O=C(c1ccccc1)c1ccccc1,0.2934988179669031,0,0.44617454650822685
COc1ccc(C(C)=O)cc1,0,c1ccccc1,CCOC(=O)c1ccc(N)cc1,0,c1ccccc1,0.292436974789916,0,0.39460196708207396
Cc1ccc(N)cc1S(N)(=O)=O,0,c1ccccc1,Nc1ccc(S(N)(=O)=O)cc1,0,c1ccccc1,0.49523809523809526,0,0.19498008771443157
Cc1ccc(N)cc1S(N)(=O)=O,0,c1ccccc1,Nc1ccc(S(=O)(=O)O)cc1,0,c1ccccc1,0.32235023041474653,0,0.18984933665312675
Cc1ccc(N)cc1S(N)(=O)=O,0,c1ccccc1,CC(C)(C)OC(=O)c1cccc(N)c1,0,c1ccccc1,0.30965517241379314,0,0.1091835864410472
Cc1ccc(N)cc1S(N)(=O)=O,0,c1ccccc1,CCOC(=O)c1ccc(N)cc1,0,c1ccccc1,0.30193050193050197,0,0.1710711735133876
COc1cc(CC#N)c([N+](=O)[O-])cc1C(F)(F)F,0,c1ccccc1,COc1cc(C(=O)CC(=O)C(C)(C)C)cc(OC)c1OC,0,c1ccccc1,0.24147186147186148,0,0.11322674556334582
COc1cc(CC#N)c([N+](=O)[O-])cc1C(F)(F)F,0,c1ccccc1,CCOCc1cc(OC)c(B(O)O)c(OC)c1,0,c1ccccc1,0.21116279069767446,0,0.13953215672930064
COc1cc(CC#N)c([N+](=O)[O-])cc1C(F)(F)F,0,c1ccccc1,COc1cc(C=O)ccc1O,0,c1ccccc1,0.19972388403129315,0,0.2272098979457664
COc1cc(CC#N)c([N+](=O)[O-])cc1C(F)(F)F,0,c1ccccc1,COc1ccc(C=O)cc1O,0,c1ccccc1,0.19484583525080537,0,0.23474030093988182
Nc1ccccc1C(=O)O,0,c1ccccc1,O=C(O)c1ccccc1O,0,c1ccccc1,0.5333333333333333,0,0.18171146848400216
Nc1ccccc1C(=O)O,0,c1ccccc1,O=C(O)c1ccc(O)cc1,0,c1ccccc1,0.3287037037037037,0,0.23648767193395118
Nc1ccccc1C(=O)O,0,c1ccccc1,Nc1ccc(S(=O)(=O)O)cc1,0,c1ccccc1,0.30484848484848487,0,0.45697790581307335
Nc1ccccc1C(=O)O,0,c1ccccc1,CCOC(=O)c1ccccc1C(=O)OCC,0,c1ccccc1,0.29333333333333333,0,0.21243682684528079
O=Cc1ccccc1,0,c1ccccc1,O=Cc1ccc(-c2ccc(C(F)(F)F)cc2)cc1,0,c1ccc(-c2ccccc2)cc1,0.41295546558704455,1,0.6721380593272399
O=Cc1ccccc1,0,c1ccccc1,COc1ccc(C=O)cc1O,0,c1ccccc1,0.3352380952380952,1,0.5799003150368237
O=Cc1ccccc1,0,c1ccccc1,COc1cc(C=O)ccc1O,0,c1ccccc1,0.33090909090909093,1,0.5372553425852946
O=Cc1ccccc1,0,c1ccccc1,CCOc1cc(C=O)ccc1O,0,c1ccccc1,0.3015151515151515,0,0.47263192106667623
CCOC(=O)c1ccc(N)cc1,0,c1ccccc1,CCOC(=O)c1ccccc1C(=O)OCC,0,c1ccccc1,0.5272727272727273,0,0.16437767966184008
CCOC(=O)c1ccc(N)cc1,0,c1ccccc1,CCCOC(=O)c1ccc(O)cc1,0,c1ccccc1,0.4878787878787879,0,0.3025461244843119
CCOC(=O)c1ccc(N)cc1,0,c1ccccc1,CC(C)(C)OC(=O)c1cccc(N)c1,0,c1ccccc1,0.4026666666666667,0,0.2967753001024992
CCOC(=O)c1ccc(N)cc1,0,c1ccccc1,CCOC(=O)CC(=O)c1ccccc1,0,c1ccccc1,0.38697318007662834,0,0.20637880022959626
Clc1ccccc1,0,c1ccccc1,CCC(=O)c1cccc(Cl)c1,0,c1ccccc1,0.3085714285714286,0,0.32918200293929095
Clc1ccccc1,0,c1ccccc1,O=Cc1ccccc1,0,c1ccccc1,0.2901315789473684,0,0.4559946333169066
Clc1ccccc1,0,c1ccccc1,O=C(O)c1ccccc1O,0,c1ccccc1,0.2347826086956522,0,0.4659439515320089
Clc1ccccc1,0,c1ccccc1,CCC(N)c1ccccc1,0,c1ccccc1,0.23157894736842105,1,0.5734457626874174
CCOC(=O)c1ccccc1C(=O)OCC,0,c1ccccc1,CCOC(=O)c1ccc(N)cc1,0,c1ccccc1,0.5272727272727273,0,0.17915545451157902
CCOC(=O)c1ccccc1C(=O)OCC,0,c1ccccc1,CCOC(=O)CC(=O)c1ccccc1,0,c1ccccc1,0.475,0,0.3006631162179424
CCOC(=O)c1ccccc1C(=O)OCC,0,c1ccccc1,COC(=O)c1ccccc1O,0,c1ccccc1,0.43833333333333335,0,0.24667699240344312
CCOC(=O)c1ccccc1C(=O)OCC,0,c1ccccc1,CCOC(=O)c1nnc[nH]1,0,c1nnc[nH]1,0.4008403361344538,0,0.14908328132711726
CCOC(=O)CC(=O)c1ccccc1,0,c1ccccc1,CCOC(=O)c1ccccc1C(=O)OCC,0,c1ccccc1,0.475,1,0.6964388882336712
CCOC(=O)CC(=O)c1ccccc1,0,c1ccccc1,CCOC(=O)c1ccc(N)cc1,0,c1ccccc1,0.38697318007662834,1,0.5489441962624194
CCOC(=O)CC(=O)c1ccccc1,0,c1ccccc1,CCC(=O)c1cccc(Cl)c1,0,c1ccccc1,0.3699805068226121,0,0.4907733538591629
CCOC(=O)CC(=O)c1ccccc1,0,c1ccccc1,CCCOc1cccc(C(=O)O)c1,0,c1ccccc1,0.3231707317073171,1,0.5612442489796187
CCOc1cc(C=O)ccc1O,0,c1ccccc1,COc1cc(C=O)ccc1O,0,c1ccccc1,0.677,0,0.46517826655710115
CCOc1cc(C=O)ccc1O,0,c1ccccc1,COc1ccc(C=O)cc1O,0,c1ccccc1,0.5421978021978022,0,0.3007193892389474
CCOc1cc(C=O)ccc1O,0,c1ccccc1,C=CCc1ccc(O)c(OC(C)C)c1,0,c1ccccc1,0.3488888888888889,0,0.44031106862595804
CCOc1cc(C=O)ccc1O,0,c1ccccc1,O=Cc1ccccc1,0,c1ccccc1,0.3015151515151515,0,0.3075014625223616
C=CCc1ccc(O)c(OC(C)C)c1,0,c1ccccc1,CCOc1cc(C=O)ccc1O,0,c1ccccc1,0.3488888888888889,1,0.9104928193286396
C=CCc1ccc(O)c(OC(C)C)c1,0,c1ccccc1,COc1cc(C=O)ccc1O,0,c1ccccc1,0.3386346586646662,1,0.8336011721576475
C=CCc1ccc(O)c(OC(C)C)c1,0,c1ccccc1,COc1ccc(C=O)cc1O,0,c1ccccc1,0.2768055555555556,1,0.8385560336234198
C=CCc1ccc(O)c(OC(C)C)c1,0,c1ccccc1,CCOCc1cc(OC)c(B(O)O)c(OC)c1,0,c1ccccc1,0.21454735740450026,0,0.4205042401002619
CCC(=O)c1cccc(Cl)c1,0,c1ccccc1,CCOC(=O)CC(=O)c1ccccc1,0,c1ccccc1,0.3699805068226121,1,0.7149477625691201
CCC(=O)c1cccc(Cl)c1,0,c1ccccc1,CCCOc1cccc(C(=O)O)c1,0,c1ccccc1,0.3232432432432432,1,0.5181013024644686
CCC(=O)c1cccc(Cl)c1,0,c1ccccc1,Clc1ccccc1,0,c1ccccc1,0.3085714285714286,1,0.7283392068810607
CCC(=O)c1cccc(Cl)c1,0,c1ccccc1,CCOC(=O)C(C)(C)Oc1ccc(Cl)cc1,0,c1ccccc1,0.29200581395348835,1,0.6844086602314667
COC(=O)c1ccc(O)cc1,0,c1ccccc1,CCCOC(=O)c1ccc(O)cc1,0,c1ccccc1,0.5747126436781609,0,0.1542624956123324
COC(=O)c1ccc(O)cc1,0,c1ccccc1,COC(=O)c1ccccc1O,0,c1ccccc1,0.5110016420361249,0,0.16172574360348135
COC(=O)c1ccc(O)cc1,0,c1ccccc1,O=C(O)c1ccc(O)cc1,0,c1ccccc1,0.45925925925925926,0,0.22601882087114178
COC(=O)c1ccc(O)cc1,0,c1ccccc1,CCOC(=O)c1ccc(N)cc1,0,c1ccccc1,0.38148148148148153,0,0.20570229213011887
COC(=O)c1ccccc1O,0,c1ccccc1,COC(=O)c1ccc(O)cc1,0,c1ccccc1,0.5110016420361249,0,0.2909162704038508
COC(=O)c1ccccc1O,0,c1ccccc1,O=C(O)c1ccccc1O,0,c1ccccc1,0.48594164456233424,0,0.17393685996086197
COC(=O)c1ccccc1O,0,c1ccccc1,CCOC(=O)c1ccccc1C(=O)OCC,0,c1ccccc1,0.43833333333333335,0,0.1542278843876252
COC(=O)c1ccccc1O,0,c1ccccc1,CCCOC(=O)c1ccc(O)cc1,0,c1ccccc1,0.3199199199199199,0,0.24378182161717754
CCOC(=O)C(Cc1ccc(O)cc1)NC(=O)OC(C)(C)C,0,c1ccccc1,CCCOC(=O)c1ccc(O)cc1,0,c1ccccc1,0.32894736842105265,0,0.05818437369262305
CCOC(=O)C(Cc1ccc(O)cc1)NC(=O)OC(C)(C)C,0,c1ccccc1,COC(=O)c1ccc(O)cc1,0,c1ccccc1,0.30333333333333334,0,0.08474952169010534
CCOC(=O)C(Cc1ccc(O)cc1)NC(=O)OC(C)(C)C,0,c1ccccc1,CCOC(=O)CC(=O)c1ccccc1,0,c1ccccc1,0.29242105263157897,0,0.2629886169861573
CCOC(=O)C(Cc1ccc(O)cc1)NC(=O)OC(C)(C)C,0,c1ccccc1,CCOC(=O)c1ccccc1C(=O)OCC,0,c1ccccc1,0.2871980676328503,0,0.04992610287891212
CCCOC(=O)c1ccc(O)cc1,0,c1ccccc1,COC(=O)c1ccc(O)cc1,0,c1ccccc1,0.5747126436781609,0,0.13591903554577656
CCCOC(=O)c1ccc(O)cc1,0,c1ccccc1,CCOC(=O)c1ccc(N)cc1,0,c1ccccc1,0.4878787878787879,0,0.22941002994397625
CCCOC(=O)c1ccc(O)cc1,0,c1ccccc1,CCOC(=O)c1ccccc1C(=O)OCC,0,c1ccccc1,0.3863529411764707,0,0.2605393283383437
CCCOC(=O)c1ccc(O)cc1,0,c1ccccc1,O=C(O)c1ccc(O)cc1,0,c1ccccc1,0.38264738598442716,0,0.25216502675908514
O=C(O)c1ccccc1O,0,c1ccccc1,Nc1ccccc1C(=O)O,0,c1ccccc1,0.5333333333333333,0,0.1274789688027042
O=C(O)c1ccccc1O,0,c1ccccc1,COC(=O)c1ccccc1O,0,c1ccccc1,0.48594164456233424,0,0.07459986161815522
O=C(O)c1ccccc1O,0,c1ccccc1,O=C(O)c1ccc(O)cc1,0,c1ccccc1,0.438,0,0.2386778747194079
O=C(O)c1ccccc1O,0,c1ccccc1,CCOC(=O)c1ccccc1C(=O)OCC,0,c1ccccc1,0.30252873563218396,0,0.13184544946612414
Nc1ccc(S(N)(=O)=O)cc1,0,c1ccccc1,Nc1ccc(S(=O)(=O)O)cc1,0,c1ccccc1,0.5447272727272727,0,0.17638656025162236
Nc1ccc(S(N)(=O)=O)cc1,0,c1ccccc1,Cc1ccc(N)cc1S(N)(=O)=O,0,c1ccccc1,0.49523809523809526,0,0.23728097371019571
Nc1ccc(S(N)(=O)=O)cc1,0,c1ccccc1,CCOC(=O)c1ccc(N)cc1,0,c1ccccc1,0.321,0,0.12289174601130937
Nc1ccc(S(N)(=O)=O)cc1,0,c1ccccc1,NS(=O)(=O)c1cccc(CCCCOCCCCCCBr)c1,0,c1ccccc1,0.2732225913621263,0,0.06917576595326357
Nc1ccc(S(=O)(=O)O)cc1,0,c1ccccc1,Nc1ccc(S(N)(=O)=O)cc1,0,c1ccccc1,0.5447272727272727,0,0.27880179052686027
Nc1ccc(S(=O)(=O)O)cc1,0,c1ccccc1,Cc1ccc(N)cc1S(N)(=O)=O,0,c1ccccc1,0.32235023041474653,0,0.234021455866444
Nc1ccc(S(=O)(=O)O)cc1,0,c1ccccc1,CCOC(=O)c1ccc(N)cc1,0,c1ccccc1,0.30517241379310345,0,0.2622262290300544
Nc1ccc(S(=O)(=O)O)cc1,0,c1ccccc1,Nc1ccccc1C(=O)O,0,c1ccccc1,0.30484848484848487,0,0.393255964281508
CC(C)(C)OC(=O)c1cccc(N)c1,0,c1ccccc1,CCOC(=O)c1ccc(N)cc1,0,c1ccccc1,0.4026666666666667,0,0.28160502054671316
CC(C)(C)OC(=O)c1cccc(N)c1,0,c1ccccc1,Cc1ccc(N)cc1S(N)(=O)=O,0,c1ccccc1,0.30965517241379314,0,0.45033541835231783
CC(C)(C)OC(=O)c1cccc(N)c1,0,c1ccccc1,CCOC(=O)c1ccccc1C(=O)OCC,0,c1ccccc1,0.29743589743589743,0,0.2114002198462787
CC(C)(C)OC(=O)c1cccc(N)c1,0,c1ccccc1,CCC(=O)c1cccc(Cl)c1,0,c1ccccc1,0.2886917960088692,0,0.1863782691587323
COc1cc(C=O)ccc1O,0,c1ccccc1,COc1ccc(C=O)cc1O,0,c1ccccc1,0.752037617554859,0,0.27373740982491457
COc1cc(C=O)ccc1O,0,c1ccccc1,CCOc1cc(C=O)ccc1O,0,c1ccccc1,0.677,0,0.3722902985951633
COc1cc(C=O)ccc1O,0,c1ccccc1,C=CCc1ccc(O)c(OC(C)C)c1,0,c1ccccc1,0.3386346586646662,0,0.43536482425594286
COc1cc(C=O)ccc1O,0,c1ccccc1,O=Cc1ccccc1,0,c1ccccc1,0.33090909090909093,0,0.2747557875710463
CC=Cc1ccc(OC)cc1,1,c1ccccc1,COc1ccc(C(C)=O)cc1,0,c1ccccc1,0.4272577996715928,1,0.8960298022856099
CC=Cc1ccc(OC)cc1,1,c1ccccc1,COc1ccc(C=O)cc1O,0,c1ccccc1,0.31005291005291,1,0.8643515271420593
CC=Cc1ccc(OC)cc1,1,c1ccccc1,COc1cc(C=O)ccc1O,0,c1ccccc1,0.30714285714285716,1,0.8666677208695652
CC=Cc1ccc(OC)cc1,1,c1ccccc1,CCCOc1ccc(Br)c(C(=O)c2ccc(OC)cc2O)c1,0,O=C(c1ccccc1)c1ccccc1,0.22842105263157897,1,0.7776586961502888
CCCCCC(=O)CC(=O)c1ccccc1,1,c1ccccc1,CCOC(=O)CC(=O)c1ccccc1,0,c1ccccc1,0.5,1,0.9084480789195357
CCCCCC(=O)CC(=O)c1ccccc1,1,c1ccccc1,CCCCCCCCC(=O)O,0,,0.3678571428571429,1,0.9737176489551747
CCCCCC(=O)CC(=O)c1ccccc1,1,c1ccccc1,CCCCCCCC(=O)O,0,,0.3678571428571429,1,0.9668659519966668
CCCCCC(=O)CC(=O)c1ccccc1,1,c1ccccc1,CCC(=O)c1cccc(Cl)c1,0,c1ccccc1,0.36,1,0.9699995071815041
CCc1ccc(CC)c(C(=O)CC(C)=O)c1,1,c1ccccc1,CCOC(=O)c1ccccc1C(=O)OCC,0,c1ccccc1,0.2887218045112782,1,0.8909249851606046
CCc1ccc(CC)c(C(=O)CC(C)=O)c1,1,c1ccccc1,CCC(=O)c1cccc(Cl)c1,0,c1ccccc1,0.2853858784893268,1,0.9296962102072431
CCc1ccc(CC)c(C(=O)CC(C)=O)c1,1,c1ccccc1,CCOC(=O)CC(=O)c1ccccc1,0,c1ccccc1,0.28051323175621495,1,0.9054147833550463
CCc1ccc(CC)c(C(=O)CC(C)=O)c1,1,c1ccccc1,COc1cc(C(=O)CC(=O)C(C)(C)C)cc(OC)c1OC,0,c1ccccc1,0.24408602150537637,1,0.9626872939865986
CC(=O)CC(=O)c1cc(C)ccc1C,1,c1ccccc1,CCOC(=O)CC(=O)c1ccccc1,0,c1ccccc1,0.293205574912892,1,0.8820996762620008
CC(=O)CC(=O)c1cc(C)ccc1C,1,c1ccccc1,CCOC(=O)c1ccccc1C(=O)OCC,0,c1ccccc1,0.27547547547547546,1,0.8795066032603568
CC(=O)CC(=O)c1cc(C)ccc1C,1,c1ccccc1,CCC(=O)c1cccc(Cl)c1,0,c1ccccc1,0.27369337979094077,1,0.9037670797711743
CC(=O)CC(=O)c1cc(C)ccc1C,1,c1ccccc1,COc1cc(C(=O)CC(=O)C(C)(C)C)cc(OC)c1OC,0,c1ccccc1,0.2539130434782609,1,0.9494608749947892
O=[N+]([O-])c1ccc(Cl)c([N+](=O)[O-])c1,1,c1ccccc1,COc1cc(CC#N)c([N+](=O)[O-])cc1C(F)(F)F,0,c1ccccc1,0.22863157894736844,1,0.9655323377613803
O=[N+]([O-])c1ccc(Cl)c([N+](=O)[O-])c1,1,c1ccccc1,Clc1ccccc1,0,c1ccccc1,0.19793103448275864,1,0.9833551632615545
O=[N+]([O-])c1ccc(Cl)c([N+](=O)[O-])c1,1,c1ccccc1,CCC(=O)c1cccc(Cl)c1,0,c1ccccc1,0.1817466561762392,1,0.9314630754097054
O=[N+]([O-])c1ccc(Cl)c([N+](=O)[O-])c1,1,c1ccccc1,CCOC(=O)C(C)(C)Oc1ccc(Cl)cc1,0,c1ccccc1,0.14330413016270338,1,0.8955653345511697
Nc1ccc(NCCO)c([N+](=O)[O-])c1,1,c1ccccc1,Nc1ccc(S(=O)(=O)O)cc1,0,c1ccccc1,0.24705882352941178,1,0.8924133748270303
Nc1ccc(NCCO)c([N+](=O)[O-])c1,1,c1ccccc1,Nc1ccc(S(N)(=O)=O)cc1,0,c1ccccc1,0.23454545454545456,1,0.9470417687694255
Nc1ccc(NCCO)c([N+](=O)[O-])c1,1,c1ccccc1,CCOC(=O)c1ccc(N)cc1,0,c1ccccc1,0.231055900621118,1,0.9656857090538079
Nc1ccc(NCCO)c([N+](=O)[O-])c1,1,c1ccccc1,Cc1ccc(N)cc1S(N)(=O)=O,0,c1ccccc1,0.2277777777777778,1,0.9538145790191586
Nc1ccc(OCCO)c(N)c1,1,c1ccccc1,CCOC(=O)c1ccc(N)cc1,0,c1ccccc1,0.276095947063689,1,0.7998769186359027
Nc1ccc(OCCO)c(N)c1,1,c1ccccc1,Cc1ccc(N)cc1S(N)(=O)=O,0,c1ccccc1,0.24711538461538463,1,0.8375859074410662
Nc1ccc(OCCO)c(N)c1,1,c1ccccc1,CC(C)(C)OC(=O)c1cccc(N)c1,0,c1ccccc1,0.2448700410396717,1,0.7989261567316726
Nc1ccc(OCCO)c(N)c1,1,c1ccccc1,CCOc1cc(C=O)ccc1O,0,c1ccccc1,0.2431893687707641,1,0.907208184871529
Nc1ccccc1O,1,c1ccccc1,Nc1ccccc1C(=O)O,0,c1ccccc1,0.3916666666666667,1,0.8997869579234611
Nc1ccccc1O,1,c1ccccc1,O=C(O)c1ccccc1O,0,c1ccccc1,0.3583333333333334,1,0.8892806655410685
Nc1ccccc1O,1,c1ccccc1,COC(=O)c1ccccc1O,0,c1ccccc1,0.31314285714285717,1,0.8938293498334805
Nc1ccccc1O,1,c1ccccc1,Nc1ccc(S(N)(=O)=O)cc1,0,c1ccccc1,0.23461538461538461,1,0.9262269134578708
O=Cc1cc(O)ccc1Br,1,c1ccccc1,COc1ccc(C=O)cc1O,0,c1ccccc1,0.30193050193050197,1,0.8187316585278237
O=Cc1cc(O)ccc1Br,1,c1ccccc1,COc1cc(C=O)ccc1O,0,c1ccccc1,0.2989748369058714,1,0.8523143204295676
O=Cc1cc(O)ccc1Br,1,c1ccccc1,CCOc1cc(C=O)ccc1O,0,c1ccccc1,0.2774193548387097,1,0.8195009906254827
O=Cc1cc(O)ccc1Br,1,c1ccccc1,COC(=O)c1ccc(O)cc1,0,c1ccccc1,0.26971677559912854,1,0.8131796003419727
COc1cc(C)ccc1O,1,c1ccccc1,COc1cc(C=O)ccc1O,0,c1ccccc1,0.5744927536231884,1,0.8130884276217234
COc1cc(C)ccc1O,1,c1ccccc1,COc1ccc(C=O)cc1O,0,c1ccccc1,0.4401515151515152,1,0.7852361751078446
COc1cc(C)ccc1O,1,c1ccccc1,CCOc1cc(C=O)ccc1O,0,c1ccccc1,0.3705705705705706,1,0.8250683191506193
COc1cc(C)ccc1O,1,c1ccccc1,C=CCc1ccc(O)c(OC(C)C)c1,0,c1ccccc1,0.34344827586206894,1,0.7867364221094997
Nc1ccc(N)c([N+](=O)[O-])c1,1,c1ccccc1,Nc1ccc(S(N)(=O)=O)cc1,0,c1ccccc1,0.30153846153846153,1,0.9672277607387492
Nc1ccc(N)c([N+](=O)[O-])c1,1,c1ccccc1,Nc1ccc(S(=O)(=O)O)cc1,0,c1ccccc1,0.2937965260545906,1,0.925115711020418
Nc1ccc(N)c([N+](=O)[O-])c1,1,c1ccccc1,Cc1ccc(N)cc1S(N)(=O)=O,0,c1ccccc1,0.283743842364532,1,0.9572386296358938
Nc1ccc(N)c([N+](=O)[O-])c1,1,c1ccccc1,CC(C)(C)OC(=O)c1cccc(N)c1,0,c1ccccc1,0.235609756097561,1,0.9356907440955136
CCCCCCCCC(=O)NCCC(CCC(=O)O)c1ccccc1S(=O)(=O)O,1,c1ccccc1,CCCCCCCCC(=O)O,0,,0.34035087719298246,1,0.996843862131199
CCCCCCCCC(=O)NCCC(CCC(=O)O)c1ccccc1S(=O)(=O)O,1,c1ccccc1,CCCCCCCC(=O)O,0,,0.34035087719298246,1,0.996185307464398
CCCCCCCCC(=O)NCCC(CCC(=O)O)c1ccccc1S(=O)(=O)O,1,c1ccccc1,O=C(O)CCCCC(=O)O,0,,0.22456140350877196,1,0.9875191707775726
CCCCCCCCC(=O)NCCC(CCC(=O)O)c1ccccc1S(=O)(=O)O,1,c1ccccc1,CCOC(=O)CC(=O)c1ccccc1,0,c1ccccc1,0.21588652482269505,1,0.8371180988572435
Nc1ccc(Cl)c(Cl)c1,1,c1ccccc1,Cc1ccc(N)cc1S(N)(=O)=O,0,c1ccccc1,0.29384615384615387,1,0.9469102579200294
Nc1ccc(Cl)c(Cl)c1,1,c1ccccc1,Nc1ccc(S(N)(=O)=O)cc1,0,c1ccccc1,0.2762541806020067,1,0.9063450443046887
Nc1ccc(Cl)c(Cl)c1,1,c1ccccc1,Nc1ccc(S(=O)(=O)O)cc1,0,c1ccccc1,0.2682769726247987,1,0.8782800284428052
Nc1ccc(Cl)c(Cl)c1,1,c1ccccc1,Cc1c2ccc(N)cc2nn1C,0,c1ccc2n[nH]cc2c1,0.2664576802507837,1,0.9726222738417861
C=CCc1cc(C)c(OC)c(O)c1,1,c1ccccc1,C=CCc1ccc(O)c(OC(C)C)c1,0,c1ccccc1,0.42252906976744187,1,0.8907062796162777
C=CCc1cc(C)c(OC)c(O)c1,1,c1ccccc1,COc1ccc(C=O)cc1O,0,c1ccccc1,0.29798449612403105,1,0.9001508734633036
C=CCc1cc(C)c(OC)c(O)c1,1,c1ccccc1,COc1cc(C=O)ccc1O,0,c1ccccc1,0.2859011627906977,1,0.9303799700691833
C=CCc1cc(C)c(OC)c(O)c1,1,c1ccccc1,CCOc1cc(C=O)ccc1O,0,c1ccccc1,0.23132387706855795,1,0.9334655527435083
O=C(CC(=O)C(F)(F)F)c1ccccc1,1,c1ccccc1,CCOC(=O)CC(=O)c1ccccc1,0,c1ccccc1,0.465359477124183,1,0.7691998801909299
O=C(CC(=O)C(F)(F)F)c1ccccc1,1,c1ccccc1,COc1cc(C(=O)CC(=O)C(C)(C)C)cc(OC)c1OC,0,c1ccccc1,0.3336585365853659,1,0.820414327034044
O=C(CC(=O)C(F)(F)F)c1ccccc1,1,c1ccccc1,CCC(=O)c1cccc(Cl)c1,0,c1ccccc1,0.3315789473684211,1,0.6864021374711807
O=C(CC(=O)C(F)(F)F)c1ccccc1,1,c1ccccc1,CCOC(=O)c1ccccc1C(=O)OCC,0,c1ccccc1,0.2592592592592593,1,0.8025158113399689
C=CCc1ccc(OC)cc1,1,c1ccccc1,C=CCc1ccc(O)c(OC(C)C)c1,0,c1ccccc1,0.4123411978221416,1,0.9497983093607943
C=CCc1ccc(OC)cc1,1,c1ccccc1,COc1ccc(C(C)=O)cc1,0,c1ccccc1,0.4076804915514593,1,0.8980095874365089
C=CCc1ccc(OC)cc1,1,c1ccccc1,COc1ccc(C=O)cc1O,0,c1ccccc1,0.2455840455840456,1,0.8669006382772698
C=CCc1ccc(OC)cc1,1,c1ccccc1,COc1cc(C=O)ccc1O,0,c1ccccc1,0.24267399267399267,1,0.870489183001288
CNc1ccc(O)cc1,1,c1ccccc1,COC(=O)c1ccc(O)cc1,0,c1ccccc1,0.3716923076923077,1,0.9367284797340689
CNc1ccc(O)cc1,1,c1ccccc1,O=C(O)c1ccc(O)cc1,0,c1ccccc1,0.32266666666666666,1,0.9396132594626541
CNc1ccc(O)cc1,1,c1ccccc1,CCCOC(=O)c1ccc(O)cc1,0,c1ccccc1,0.2801724137931034,1,0.9309922663485953
CNc1ccc(O)cc1,1,c1ccccc1,COC(=O)c1ccccc1O,0,c1ccccc1,0.23249701314217444,1,0.91067616817468
Nc1ccc(N)cc1,1,c1ccccc1,Nc1ccc(S(N)(=O)=O)cc1,0,c1ccccc1,0.4588235294117647,1,0.9836998272692276
Nc1ccc(N)cc1,1,c1ccccc1,Nc1ccc(S(=O)(=O)O)cc1,0,c1ccccc1,0.43790849673202614,1,0.9695063742747758
Nc1ccc(N)cc1,1,c1ccccc1,CCOC(=O)c1ccc(N)cc1,0,c1ccccc1,0.33666666666666667,1,0.9496744617077554
Nc1ccc(N)cc1,1,c1ccccc1,Cc1ccc(N)cc1S(N)(=O)=O,0,c1ccccc1,0.30333333333333334,1,0.9834008216488221
Cc1ccc(N)cc1O,1,c1ccccc1,Cc1ccc(N)cc1S(N)(=O)=O,0,c1ccccc1,0.48461538461538467,1,0.8664670663292554
Cc1ccc(N)cc1O,1,c1ccccc1,Cc1c2ccc(N)cc2nn1C,0,c1ccc2n[nH]cc2c1,0.31688804554079697,1,0.9754163611052696
Cc1ccc(N)cc1O,1,c1ccccc1,CCOC(=O)c1ccc(N)cc1,0,c1ccccc1,0.3164983164983165,1,0.7504413608846233
Cc1ccc(N)cc1O,1,c1ccccc1,Nc1ccc(S(N)(=O)=O)cc1,0,c1ccccc1,0.3119047619047619,1,0.8895750352609322
C=CCc1cc(OC)c(O)cc1C,1,c1ccccc1,C=CCc1ccc(O)c(OC(C)C)c1,0,c1ccccc1,0.4070381231671555,1,0.9087481358130066
C=CCc1cc(OC)c(O)cc1C,1,c1ccccc1,COc1ccc(C=O)cc1O,0,c1ccccc1,0.383448275862069,1,0.908543516963032
C=CCc1cc(OC)c(O)cc1C,1,c1ccccc1,COc1cc(C=O)ccc1O,0,c1ccccc1,0.38,1,0.9410415141408983
C=CCc1cc(OC)c(O)cc1C,1,c1ccccc1,CCOc1cc(C=O)ccc1O,0,c1ccccc1,0.2677749360613811,1,0.9449391831935566
C=CCc1cc(C)c(O)c(OC)c1,1,c1ccccc1,C=CCc1ccc(O)c(OC(C)C)c1,0,c1ccccc1,0.4673485444531865,1,0.9110937134299668
C=CCc1cc(C)c(O)c(OC)c1,1,c1ccccc1,COc1cc(C=O)ccc1O,0,c1ccccc1,0.3244689221085759,1,0.9424437824037614
C=CCc1cc(C)c(O)c(OC)c1,1,c1ccccc1,COc1ccc(C=O)cc1O,0,c1ccccc1,0.3180173092053501,1,0.9331772124079726
C=CCc1cc(C)c(O)c(OC)c1,1,c1ccccc1,CCOCc1cc(OC)c(B(O)O)c(OC)c1,0,c1ccccc1,0.30131992457573853,1,0.5759771823383073
CC=Cc1cc(C)c(O)c(OC)c1,1,c1ccccc1,COc1cc(C=O)ccc1O,0,c1ccccc1,0.38505942275042443,1,0.9250787418186373
CC=Cc1cc(C)c(O)c(OC)c1,1,c1ccccc1,COc1ccc(C=O)cc1O,0,c1ccccc1,0.35053763440860214,1,0.9176388237802009
CC=Cc1cc(C)c(O)c(OC)c1,1,c1ccccc1,CCOc1cc(C=O)ccc1O,0,c1ccccc1,0.27647058823529413,1,0.942031432442538
CC=Cc1cc(C)c(O)c(OC)c1,1,c1ccccc1,C=CCc1ccc(O)c(OC(C)C)c1,0,c1ccccc1,0.2466666666666667,1,0.8911032971376885
CCCCCC(C=O)=Cc1ccccc1,1,c1ccccc1,O=Cc1ccccc1,0,c1ccccc1,0.34456521739130436,1,0.9717271480020665
CCCCCC(C=O)=Cc1ccccc1,1,c1ccccc1,CCCCCCCCC(=O)O,0,,0.32373225152129825,1,0.9960093535292593
CCCCCC(C=O)=Cc1ccccc1,1,c1ccccc1,CCCCCCCC(=O)O,0,,0.32373225152129825,1,0.9958351542361001
CCCCCC(C=O)=Cc1ccccc1,1,c1ccccc1,CCOC(=O)CC(=O)c1ccccc1,0,c1ccccc1,0.2991178829190056,1,0.9611602584267713
CCCCC(C=O)=Cc1ccccc1,1,c1ccccc1,O=Cc1ccccc1,0,c1ccccc1,0.3534361851332398,1,0.9517797026078876
CCCCC(C=O)=Cc1ccccc1,1,c1ccccc1,CCOC(=O)CC(=O)c1ccccc1,0,c1ccccc1,0.3044334975369458,1,0.9537581657079833
CCCCC(C=O)=Cc1ccccc1,1,c1ccccc1,CCC(N)c1ccccc1,0,c1ccccc1,0.27775467775467777,1,0.9664269415295296
CCCCC(C=O)=Cc1ccccc1,1,c1ccccc1,CCOC(=O)c1ccccc1C(=O)OCC,0,c1ccccc1,0.2717948717948718,1,0.9833034108352976
CCCCCCC(C=O)=Cc1ccccc1,1,c1ccccc1,CCCCCCCCC(=O)O,0,,0.34726166328600405,1,0.9970967949112982
CCCCCCC(C=O)=Cc1ccccc1,1,c1ccccc1,CCCCCCCC(=O)O,0,,0.34726166328600405,1,0.9965577403964706
CCCCCCC(C=O)=Cc1ccccc1,1,c1ccccc1,O=Cc1ccccc1,0,c1ccccc1,0.336231884057971,1,0.9740259300910835
CCCCCCC(C=O)=Cc1ccccc1,1,c1ccccc1,CCOC(=O)CC(=O)c1ccccc1,0,c1ccccc1,0.2940438871473354,1,0.9579641303672061
CC(C=O)=Cc1ccccc1,1,c1ccccc1,O=Cc1ccccc1,0,c1ccccc1,0.45087719298245615,1,0.9566912833397607
CC(C=O)=Cc1ccccc1,1,c1ccccc1,CC=C(C)C=O,0,,0.37368421052631584,1,0.9689655928747608
CC(C=O)=Cc1ccccc1,1,c1ccccc1,CCOC(=O)CC(=O)c1ccccc1,0,c1ccccc1,0.29313929313929316,1,0.9454014742361679
CC(C=O)=Cc1ccccc1,1,c1ccccc1,CCOC(=O)c1ccccc1C(=O)OCC,0,c1ccccc1,0.26649616368286444,1,0.9826257228027409
CC(C=O)c1ccccc1,1,c1ccccc1,O=Cc1ccccc1,0,c1ccccc1,0.3941176470588236,1,0.8550576623078562
CC(C=O)c1ccccc1,1,c1ccccc1,CCC(N)c1ccccc1,0,c1ccccc1,0.3523809523809524,1,0.9018222565313143
CC(C=O)c1ccccc1,1,c1ccccc1,CCOC(=O)c1ccccc1C(=O)OCC,0,c1ccccc1,0.2554112554112554,1,0.9116334283582027
CC(C=O)c1ccccc1,1,c1ccccc1,CCOC(=O)CC(=O)c1ccccc1,0,c1ccccc1,0.244972972972973,1,0.8392114635594831
Nc1ccccc1,1,c1ccccc1,Nc1ccccc1C(=O)O,0,c1ccccc1,0.36459330143540675,1,0.7340845655681332
Nc1ccccc1,1,c1ccccc1,Clc1ccccc1,0,c1ccccc1,0.3461538461538462,1,0.7251352766203363
Nc1ccccc1,1,c1ccccc1,Nc1ccc(S(N)(=O)=O)cc1,0,c1ccccc1,0.34444444444444444,1,0.9441302718276712
Nc1ccccc1,1,c1ccccc1,Nc1ccc(S(=O)(=O)O)cc1,0,c1ccccc1,0.33232323232323235,1,0.8738890112096799
BrCc1ccccc1,1,c1ccccc1,Clc1ccccc1,0,c1ccccc1,0.3059649122807018,1,0.8755410709371538
BrCc1ccccc1,1,c1ccccc1,O=Cc1ccccc1,0,c1ccccc1,0.2931818181818182,1,0.6261856536567403
BrCc1ccccc1,1,c1ccccc1,O=C(O)C(=NOCc1ccccc1)C(=O)O,0,c1ccccc1,0.28444444444444444,1,0.9189758350406813
BrCc1ccccc1,1,c1ccccc1,CCC(N)c1ccccc1,0,c1ccccc1,0.2785425101214575,1,0.7501156019578262
CC(=O)C=Cc1ccccc1,1,c1ccccc1,O=Cc1ccccc1,0,c1ccccc1,0.4042105263157895,1,0.9196686473943592
CC(=O)C=Cc1ccccc1,1,c1ccccc1,CCOC(=O)c1ccccc1C(=O)OCC,0,c1ccccc1,0.3282608695652174,1,0.9338578598199955
CC(=O)C=Cc1ccccc1,1,c1ccccc1,CCOC(=O)CC(=O)c1ccccc1,0,c1ccccc1,0.3111111111111111,1,0.9145191953373811
CC(=O)C=Cc1ccccc1,1,c1ccccc1,COC(=O)c1ccccc1O,0,c1ccccc1,0.2710239651416122,1,0.7654161108587112
OCC=Cc1ccccc1,1,c1ccccc1,O=Cc1ccccc1,0,c1ccccc1,0.36000000000000004,1,0.8727395738650957
OCC=Cc1ccccc1,1,c1ccccc1,CCOC(=O)CC(=O)c1ccccc1,0,c1ccccc1,0.2413793103448276,1,0.8189544189701113
OCC=Cc1ccccc1,1,c1ccccc1,CCC(N)c1ccccc1,0,c1ccccc1,0.23281907433380086,1,0.9392843373104222
OCC=Cc1ccccc1,1,c1ccccc1,Clc1ccccc1,0,c1ccccc1,0.23,1,0.8759896535629405
O=CC=Cc1ccccc1,1,c1ccccc1,O=Cc1ccccc1,0,c1ccccc1,0.507936507936508,1,0.94874476913206
O=CC=Cc1ccccc1,1,c1ccccc1,Clc1ccccc1,0,c1ccccc1,0.23869565217391306,1,0.9566591577978282
O=CC=Cc1ccccc1,1,c1ccccc1,CCOC(=O)CC(=O)c1ccccc1,0,c1ccccc1,0.23703703703703705,1,0.9451465986187827
O=CC=Cc1ccccc1,1,c1ccccc1,O=Cc1ccc(-c2ccc(C(F)(F)F)cc2)cc1,0,c1ccc(-c2ccccc2)cc1,0.2336969696969697,1,0.9236048156634346
CC(C=O)Cc1ccc(C(C)C)cc1,1,c1ccccc1,C=CCc1ccc(O)c(OC(C)C)c1,0,c1ccccc1,0.23071895424836603,1,0.973342605723664
CC(C=O)Cc1ccc(C(C)C)cc1,1,c1ccccc1,CCOC(=O)C(Cc1ccc(O)cc1)NC(=O)OC(C)(C)C,0,c1ccccc1,0.22383107088989446,1,0.9718971956546559
CC(C=O)Cc1ccc(C(C)C)cc1,1,c1ccccc1,O=Cc1ccccc1,0,c1ccccc1,0.21363636363636368,1,0.873160861809337
CC(C=O)Cc1ccc(C(C)C)cc1,1,c1ccccc1,CCC(N)c1ccccc1,0,c1ccccc1,0.20170940170940171,1,0.9175506032840364
CCCc1ccc(O)c(OC)c1,1,c1ccccc1,COc1cc(C=O)ccc1O,0,c1ccccc1,0.49164021164021166,1,0.8153887456614718
CCCc1ccc(O)c(OC)c1,1,c1ccccc1,C=CCc1ccc(O)c(OC(C)C)c1,0,c1ccccc1,0.43219512195121956,1,0.7771442281327555
CCCc1ccc(O)c(OC)c1,1,c1ccccc1,CCOc1cc(C=O)ccc1O,0,c1ccccc1,0.38666666666666666,1,0.8054010056277479
CCCc1ccc(O)c(OC)c1,1,c1ccccc1,COc1ccc(C=O)cc1O,0,c1ccccc1,0.38082706766917296,1,0.7881288057715329
CC=CC(=O)Oc1c(C(C)CCCCCC)cc([N+](=O)[O-])cc1[N+](=O)[O-],1,c1ccccc1,COc1cc(CC#N)c([N+](=O)[O-])cc1C(F)(F)F,0,c1ccccc1,0.21592465753424658,1,0.9913436017925333
CC=CC(=O)Oc1c(C(C)CCCCCC)cc([N+](=O)[O-])cc1[N+](=O)[O-],1,c1ccccc1,CCCCCCCCC(=O)O,0,,0.1885714285714286,1,0.9987839935866113
CC=CC(=O)Oc1c(C(C)CCCCCC)cc([N+](=O)[O-])cc1[N+](=O)[O-],1,c1ccccc1,CCCCCCCC(=O)O,0,,0.1885714285714286,1,0.9984339521476228
CC=CC(=O)Oc1c(C(C)CCCCCC)cc([N+](=O)[O-])cc1[N+](=O)[O-],1,c1ccccc1,COc1cc(C(=O)CC(=O)C(C)(C)C)cc(OC)c1OC,0,c1ccccc1,0.17289002557544758,1,0.9895044648826741
C=CCc1ccc(O)c(OC)c1,1,c1ccccc1,C=CCc1ccc(O)c(OC(C)C)c1,0,c1ccccc1,0.7041269841269842,1,0.7380743406641397
C=CCc1ccc(O)c(OC)c1,1,c1ccccc1,COc1cc(C=O)ccc1O,0,c1ccccc1,0.5037037037037038,1,0.9156987924998601
C=CCc1ccc(O)c(OC)c1,1,c1ccccc1,COc1ccc(C=O)cc1O,0,c1ccccc1,0.39432234432234436,1,0.9012021820843278
C=CCc1ccc(O)c(OC)c1,1,c1ccccc1,CCOc1cc(C=O)ccc1O,0,c1ccccc1,0.3634408602150538,1,0.9077105157919585
CC=Cc1ccc(O)c(OC)c1,1,c1ccccc1,COc1cc(C=O)ccc1O,0,c1ccccc1,0.6420549581839905,1,0.9124743401369046
CC=Cc1ccc(O)c(OC)c1,1,c1ccccc1,COc1ccc(C=O)cc1O,0,c1ccccc1,0.47285714285714286,1,0.893008692818805
CC=Cc1ccc(O)c(OC)c1,1,c1ccccc1,CCOc1cc(C=O)ccc1O,0,c1ccccc1,0.4435087719298246,1,0.8973278208220286
CC=Cc1ccc(O)c(OC)c1,1,c1ccccc1,C=CCc1ccc(O)c(OC(C)C)c1,0,c1ccccc1,0.3460410557184751,1,0.7986808833552647
CC=Cc1ccc(O)c(OC(C)C)c1,1,c1ccccc1,C=CCc1ccc(O)c(OC(C)C)c1,0,c1ccccc1,0.5379310344827587,1,0.8242993432565633
CC=Cc1ccc(O)c(OC(C)C)c1,1,c1ccccc1,COc1cc(C=O)ccc1O,0,c1ccccc1,0.4368421052631579,1,0.894532532744957
CC=Cc1ccc(O)c(OC(C)C)c1,1,c1ccccc1,CCOc1cc(C=O)ccc1O,0,c1ccccc1,0.41542092840283246,1,0.813622966843319
CC=Cc1ccc(O)c(OC(C)C)c1,1,c1ccccc1,COc1ccc(C=O)cc1O,0,c1ccccc1,0.33752950432730133,1,0.8763175917735716
CCCCCCCCCCCCOC(=O)c1cc(O)c(O)c(O)c1,1,c1ccccc1,CCCOC(=O)c1ccc(O)cc1,0,c1ccccc1,0.4864661654135338,1,0.9188962208510171
CCCCCCCCCCCCOC(=O)c1cc(O)c(O)c(O)c1,1,c1ccccc1,CCOC(=O)c1ccc(N)cc1,0,c1ccccc1,0.33752950432730133,1,0.9087399925215893
CCCCCCCCCCCCOC(=O)c1cc(O)c(O)c(O)c1,1,c1ccccc1,CCOC(=O)c1ccccc1C(=O)OCC,0,c1ccccc1,0.3057142857142857,1,0.8676944812610883
CCCCCCCCCCCCOC(=O)c1cc(O)c(O)c(O)c1,1,c1ccccc1,COC(=O)c1ccc(O)cc1,0,c1ccccc1,0.2896551724137931,1,0.9389041157798694
CNc1cccc(NC)c1,1,c1ccccc1,CC(C)(C)OC(=O)c1cccc(N)c1,0,c1ccccc1,0.2074074074074074,1,0.9474049650510037
CNc1cccc(NC)c1,1,c1ccccc1,CCC(=O)c1cccc(Cl)c1,0,c1ccccc1,0.1982683982683983,1,0.9297260907050774
CNc1cccc(NC)c1,1,c1ccccc1,Cc1ccc(N)cc1S(N)(=O)=O,0,c1ccccc1,0.19615384615384618,1,0.9801937283443828
CNc1cccc(NC)c1,1,c1ccccc1,CNC(C)c1cc(C(F)(F)F)cc(C(F)(F)F)c1,0,c1ccccc1,0.19000000000000003,1,0.9871224418247955
COc1ccc(NC(=O)CC(C)=O)cc1,1,c1ccccc1,COc1ccc(C(C)=O)cc1,0,c1ccccc1,0.45357142857142857,1,0.8519349577909
COc1ccc(NC(=O)CC(C)=O)cc1,1,c1ccccc1,CCCOc1ccc(Br)c(C(=O)c2ccc(OC)cc2O)c1,0,O=C(c1ccccc1)c1ccccc1,0.2658662092624357,1,0.7481828588405678
COc1ccc(NC(=O)CC(C)=O)cc1,1,c1ccccc1,COc1cc(C(=O)CC(=O)C(C)(C)C)cc(OC)c1OC,0,c1ccccc1,0.26189258312020464,1,0.7556953912059866
COc1ccc(NC(=O)CC(C)=O)cc1,1,c1ccccc1,COC(=O)c1ccc(O)cc1,0,c1ccccc1,0.25050193050193054,1,0.8037678034241706
Oc1cccc(O)c1,1,c1ccccc1,O=C(O)c1ccc(O)cc1,0,c1ccccc1,0.29186602870813394,1,0.9498114761665779
Oc1cccc(O)c1,1,c1ccccc1,O=C(O)c1ccccc1O,0,c1ccccc1,0.27,1,0.8858381024517296
Oc1cccc(O)c1,1,c1ccccc1,COC(=O)c1ccc(O)cc1,0,c1ccccc1,0.25461538461538463,1,0.9208812738128795
Oc1cccc(O)c1,1,c1ccccc1,COC(=O)c1ccccc1O,0,c1ccccc1,0.23809523809523808,1,0.8964805639176461
COc1ccc(C=O)cc1OC,1,c1ccccc1,COc1cc(C=O)ccc1O,0,c1ccccc1,0.6792207792207793,1,0.6184205132096067
COc1ccc(C=O)cc1OC,1,c1ccccc1,COc1ccc(C=O)cc1O,0,c1ccccc1,0.6701298701298702,1,0.5954373649308441
COc1ccc(C=O)cc1OC,1,c1ccccc1,CCOc1cc(C=O)ccc1O,0,c1ccccc1,0.4764705882352941,1,0.5998345149520029
COc1ccc(C=O)cc1OC,1,c1ccccc1,O=Cc1ccccc1,0,c1ccccc1,0.3843137254901961,0,0.4613003650804489
O=Cc1cc(O)ccc1C=C(CC(=O)O)C(=O)O,1,c1ccccc1,O=C(O)c1ccc(O)cc1,0,c1ccccc1,0.27909774436090223,1,0.8563887946047043
O=Cc1cc(O)ccc1C=C(CC(=O)O)C(=O)O,1,c1ccccc1,COC(=O)c1ccc(O)cc1,0,c1ccccc1,0.2571428571428571,1,0.8769318502655509
O=Cc1cc(O)ccc1C=C(CC(=O)O)C(=O)O,1,c1ccccc1,CCOc1cc(C=O)ccc1O,0,c1ccccc1,0.2445918367346939,1,0.7354942646646165
O=Cc1cc(O)ccc1C=C(CC(=O)O)C(=O)O,1,c1ccccc1,COc1ccc(C=O)cc1O,0,c1ccccc1,0.2404830362277171,1,0.7340483955029576
CC(=O)CC(=O)c1cc(C)c(C)c(C)c1C,1,c1ccccc1,CCOC(=O)CC(=O)c1ccccc1,0,c1ccccc1,0.26655052264808365,1,0.9052147123499715
CC(=O)CC(=O)c1cc(C)c(C)c(C)c1C,1,c1ccccc1,COc1cc(C(=O)CC(=O)C(C)(C)C)cc(OC)c1OC,0,c1ccccc1,0.26053639846743293,1,0.9637078085057932
CC(=O)CC(=O)c1cc(C)c(C)c(C)c1C,1,c1ccccc1,CCC(=O)c1cccc(Cl)c1,0,c1ccccc1,0.24703832752613242,1,0.9484420605968357
CC(=O)CC(=O)c1cc(C)c(C)c(C)c1C,1,c1ccccc1,CCOC(=O)c1ccccc1C(=O)OCC,0,c1ccccc1,0.24644644644644645,1,0.8880521124800147
CCC(=O)C=Cc1ccc(OC)cc1,1,c1ccccc1,COc1ccc(C(C)=O)cc1,0,c1ccccc1,0.4377450980392157,1,0.8585111472015418
CCC(=O)C=Cc1ccc(OC)cc1,1,c1ccccc1,COc1ccc(C=O)cc1O,0,c1ccccc1,0.307479674796748,1,0.9335872046644577
CCC(=O)C=Cc1ccc(OC)cc1,1,c1ccccc1,COc1cc(C=O)ccc1O,0,c1ccccc1,0.3051140833988985,1,0.9354591650549561
CCC(=O)C=Cc1ccc(OC)cc1,1,c1ccccc1,CCCOc1ccc(Br)c(C(=O)c2ccc(OC)cc2O)c1,0,O=C(c1ccccc1)c1ccccc1,0.29641509433962265,1,0.8805415120474716
Oc1ccc(O)cc1,1,c1ccccc1,O=C(O)c1ccc(O)cc1,0,c1ccccc1,0.4823529411764706,1,0.9516385087989195
Oc1ccc(O)cc1,1,c1ccccc1,COC(=O)c1ccc(O)cc1,0,c1ccccc1,0.39777777777777784,1,0.9400488322880909
Oc1ccc(O)cc1,1,c1ccccc1,CCCOC(=O)c1ccc(O)cc1,0,c1ccccc1,0.31963636363636366,1,0.958629225972188
Oc1ccc(O)cc1,1,c1ccccc1,O=C(O)c1ccccc1O,0,c1ccccc1,0.25363408521303255,1,0.882290855495929
CC(=O)C(=O)c1ccccc1,1,c1ccccc1,CCOC(=O)CC(=O)c1ccccc1,0,c1ccccc1,0.3956521739130435,1,0.8331133679335073
CC(=O)C(=O)c1ccccc1,1,c1ccccc1,COc1ccc(C(C)=O)cc1,0,c1ccccc1,0.34827586206896555,1,0.8444953950810259
CC(=O)C(=O)c1ccccc1,1,c1ccccc1,CCC(=O)c1cccc(Cl)c1,0,c1ccccc1,0.3380764163372859,1,0.7017830702325996
CC(=O)C(=O)c1ccccc1,1,c1ccccc1,CCOC(=O)c1ccccc1C(=O)OCC,0,c1ccccc1,0.32571428571428573,1,0.8821277874250919
CC(=O)C(C)C(=O)c1ccccc1,1,c1ccccc1,CCOC(=O)CC(=O)c1ccccc1,0,c1ccccc1,0.3622857142857143,1,0.8795863384324915
CC(=O)C(C)C(=O)c1ccccc1,1,c1ccccc1,COc1ccc(C(C)=O)cc1,0,c1ccccc1,0.3159090909090909,1,0.884174948301348
CC(=O)C(C)C(=O)c1ccccc1,1,c1ccccc1,CCC(=O)c1cccc(Cl)c1,0,c1ccccc1,0.31022222222222223,1,0.860174666090961
CC(=O)C(C)C(=O)c1ccccc1,1,c1ccccc1,CCOC(=O)c1ccccc1C(=O)OCC,0,c1ccccc1,0.2964426877470356,1,0.8688188660829026
O=[N+]([O-])c1ccc(S(=O)(=O)O)c([N+](=O)[O-])c1,1,c1ccccc1,Nc1ccc(S(=O)(=O)O)cc1,0,c1ccccc1,0.30714285714285716,1,0.9612767788084438
O=[N+]([O-])c1ccc(S(=O)(=O)O)c([N+](=O)[O-])c1,1,c1ccccc1,COc1cc(CC#N)c([N+](=O)[O-])cc1C(F)(F)F,0,c1ccccc1,0.20482342807924206,1,0.9491227447342226
O=[N+]([O-])c1ccc(S(=O)(=O)O)c([N+](=O)[O-])c1,1,c1ccccc1,Nc1ccc(S(N)(=O)=O)cc1,0,c1ccccc1,0.1742084942084942,1,0.8627697439065031
O=[N+]([O-])c1ccc(S(=O)(=O)O)c([N+](=O)[O-])c1,1,c1ccccc1,Cc1ccc(N)cc1S(N)(=O)=O,0,c1ccccc1,0.17343358395989977,1,0.8404541763695478
Cc1cc(N)ccc1N,1,c1ccccc1,Cc1ccc(N)cc1S(N)(=O)=O,0,c1ccccc1,0.44285714285714284,1,0.982925296505397
Cc1cc(N)ccc1N,1,c1ccccc1,Cc1c2ccc(N)cc2nn1C,0,c1ccc2n[nH]cc2c1,0.3416666666666667,1,0.9952204561602765
Cc1cc(N)ccc1N,1,c1ccccc1,CCOC(=O)c1ccc(N)cc1,0,c1ccccc1,0.30000000000000004,1,0.9518491310243151
Cc1cc(N)ccc1N,1,c1ccccc1,Nc1ccc(S(N)(=O)=O)cc1,0,c1ccccc1,0.2931216931216931,1,0.9848191173475633
Nc1cc([N+](=O)[O-])cc(Cl)c1O,1,c1ccccc1,Nc1ccc(S(=O)(=O)O)cc1,0,c1ccccc1,0.21895424836601307,1,0.903041584476884
Nc1cc([N+](=O)[O-])cc(Cl)c1O,1,c1ccccc1,Nc1ccc(S(N)(=O)=O)cc1,0,c1ccccc1,0.18984126984126984,1,0.9203621445673946
Nc1cc([N+](=O)[O-])cc(Cl)c1O,1,c1ccccc1,Nc1ccccc1C(=O)O,0,c1ccccc1,0.18736842105263157,1,0.9349818907639708
Nc1cc([N+](=O)[O-])cc(Cl)c1O,1,c1ccccc1,COc1cc(CC#N)c([N+](=O)[O-])cc1C(F)(F)F,0,c1ccccc1,0.1763636363636364,1,0.8963118005986155
Cc1ccc(NCCO)cc1O,1,c1ccccc1,Cc1ccc(N)cc1S(N)(=O)=O,0,c1ccccc1,0.25806938159879333,1,0.8336696310484214
Cc1ccc(NCCO)cc1O,1,c1ccccc1,COC(=O)c1ccccc1O,0,c1ccccc1,0.21454545454545457,1,0.8143766048530342
Cc1ccc(NCCO)cc1O,1,c1ccccc1,CCOc1cc(C=O)ccc1O,0,c1ccccc1,0.20210526315789476,1,0.920948475936123
Cc1ccc(NCCO)cc1O,1,c1ccccc1,COc1ccc(C=O)cc1O,0,c1ccccc1,0.1945514950166113,1,0.9175977720299309
Nc1cccc(O)c1,1,c1ccccc1,CC(C)(C)OC(=O)c1cccc(N)c1,0,c1ccccc1,0.3480519480519481,1,0.8268556962050556
Nc1cccc(O)c1,1,c1ccccc1,Nc1ccc(S(=O)(=O)O)cc1,0,c1ccccc1,0.25833333333333336,1,0.8836850870009448
Nc1cccc(O)c1,1,c1ccccc1,Cc1ccc(N)cc1S(N)(=O)=O,0,c1ccccc1,0.2518518518518519,1,0.8568276342976726
Nc1cccc(O)c1,1,c1ccccc1,Nc1ccccc1C(=O)O,0,c1ccccc1,0.24910344827586212,1,0.8173961736726324
O=C(Cl)c1ccc(F)c(Cl)c1,1,c1ccccc1,CCC(=O)c1cccc(Cl)c1,0,c1ccccc1,0.3338378378378378,1,0.893200458169141
O=C(Cl)c1ccc(F)c(Cl)c1,1,c1ccccc1,COc1ccc(C(C)=O)cc1,0,c1ccccc1,0.2367032967032967,1,0.9713074417165104
O=C(Cl)c1ccc(F)c(Cl)c1,1,c1ccccc1,Clc1ccccc1,0,c1ccccc1,0.23458646616541354,1,0.9523365481395739
O=C(Cl)c1ccc(F)c(Cl)c1,1,c1ccccc1,COC(=O)c1ccc(O)cc1,0,c1ccccc1,0.23285714285714287,1,0.8982276141537279
CCOC(=O)CC(=O)c1cc(C)c(C)c(C)c1C,1,c1ccccc1,CCOC(=O)CC(=O)c1ccccc1,0,c1ccccc1,0.5251891891891892,1,0.7332345401049467
CCOC(=O)CC(=O)c1cc(C)c(C)c(C)c1C,1,c1ccccc1,CCOC(=O)c1ccccc1C(=O)OCC,0,c1ccccc1,0.35250965250965255,1,0.8366913898329978
CCOC(=O)CC(=O)c1cc(C)c(C)c(C)c1C,1,c1ccccc1,CCOC(=O)c1ccc(N)cc1,0,c1ccccc1,0.2966463414634146,1,0.6961637962022084
CCOC(=O)CC(=O)c1cc(C)c(C)c(C)c1C,1,c1ccccc1,CCOC(=O)C(C)(C)Oc1ccc(Cl)cc1,0,c1ccccc1,0.26896120150187736,1,0.8139025760245172
CC=Cc1ccc(O)c(OC)c1C,1,c1ccccc1,COc1cc(C=O)ccc1O,0,c1ccccc1,0.33999999999999997,1,0.9149380615127714
CC=Cc1ccc(O)c(OC)c1C,1,c1ccccc1,COc1ccc(C=O)cc1O,0,c1ccccc1,0.30796747967479676,1,0.8817558021032774
CC=Cc1ccc(O)c(OC)c1C,1,c1ccccc1,CCOc1cc(C=O)ccc1O,0,c1ccccc1,0.26262626262626265,1,0.9289107597622296
CC=Cc1ccc(O)c(OC)c1C,1,c1ccccc1,C=CCc1ccc(O)c(OC(C)C)c1,0,c1ccccc1,0.25490196078431376,1,0.7995313914479789
Nc1cccc(N)c1,1,c1ccccc1,CC(C)(C)OC(=O)c1cccc(N)c1,0,c1ccccc1,0.3730134932533733,1,0.9534567881852939
Nc1cccc(N)c1,1,c1ccccc1,Cc1ccc(N)cc1S(N)(=O)=O,0,c1ccccc1,0.3006734006734007,1,0.9756072532805835
Nc1cccc(N)c1,1,c1ccccc1,Nc1ccc(S(N)(=O)=O)cc1,0,c1ccccc1,0.28237986270022886,1,0.9800944840936304
Nc1cccc(N)c1,1,c1ccccc1,Nc1ccc(S(=O)(=O)O)cc1,0,c1ccccc1,0.2736842105263158,1,0.9526836744880242
CCOC(=O)c1ccc(CBr)cc1,1,c1ccccc1,CCOC(=O)c1ccc(N)cc1,0,c1ccccc1,0.6103225806451613,1,0.8047813426503804
CCOC(=O)c1ccc(CBr)cc1,1,c1ccccc1,CCOC(=O)c1ccccc1C(=O)OCC,0,c1ccccc1,0.5022727272727273,1,0.8022391890069505
CCOC(=O)c1ccc(CBr)cc1,1,c1ccccc1,CCCOC(=O)c1ccc(O)cc1,0,c1ccccc1,0.46571428571428575,1,0.8976712751502048
CCOC(=O)c1ccc(CBr)cc1,1,c1ccccc1,CCOC(=O)CC(=O)c1ccccc1,0,c1ccccc1,0.37059891107078036,1,0.8703879203337604
CCN(CCNS(C)(=O)=O)c1ccc(N)c(C)c1,1,c1ccccc1,Cc1ccc(N)cc1S(N)(=O)=O,0,c1ccccc1,0.269120184013801,1,0.8350640129608543
CCN(CCNS(C)(=O)=O)c1ccc(N)c(C)c1,1,c1ccccc1,CCOC(=O)c1ccc(N)cc1,0,c1ccccc1,0.2248648648648649,1,0.6979386154608623
CCN(CCNS(C)(=O)=O)c1ccc(N)c(C)c1,1,c1ccccc1,Nc1ccc(S(N)(=O)=O)cc1,0,c1ccccc1,0.20507936507936508,1,0.822072658078521
CCN(CCNS(C)(=O)=O)c1ccc(N)c(C)c1,1,c1ccccc1,Nc1ccc(S(=O)(=O)O)cc1,0,c1ccccc1,0.18123569794050343,1,0.7589214768329952
N#CSc1ccc(N)c([N+](=O)[O-])c1,1,c1ccccc1,COc1cc(CC#N)c([N+](=O)[O-])cc1C(F)(F)F,0,c1ccccc1,0.27322551662174305,1,0.9691462883046409
N#CSc1ccc(N)c([N+](=O)[O-])c1,1,c1ccccc1,Nc1ccc(S(N)(=O)=O)cc1,0,c1ccccc1,0.19813519813519814,1,0.9770186570336648
N#CSc1ccc(N)c([N+](=O)[O-])c1,1,c1ccccc1,Nc1ccc(S(=O)(=O)O)cc1,0,c1ccccc1,0.18,1,0.9618524605188625
N#CSc1ccc(N)c([N+](=O)[O-])c1,1,c1ccccc1,Nc1ccccc1C(=O)O,0,c1ccccc1,0.17547425474254744,1,0.9890369226621936
O=[N+]([O-])c1ccc(CBr)cc1,1,c1ccccc1,COc1cc(CC#N)c([N+](=O)[O-])cc1C(F)(F)F,0,c1ccccc1,0.2162222222222222,1,0.990230647427276
O=[N+]([O-])c1ccc(CBr)cc1,1,c1ccccc1,NS(=O)(=O)c1cccc(CCCCOCCCCCCBr)c1,0,c1ccccc1,0.16702439024390245,1,0.7897131128499353
O=[N+]([O-])c1ccc(CBr)cc1,1,c1ccccc1,Nc1ccc(S(N)(=O)=O)cc1,0,c1ccccc1,0.16121212121212122,1,0.965882832463805
O=[N+]([O-])c1ccc(CBr)cc1,1,c1ccccc1,CCOC(=O)c1ccccc1C(=O)OCC,0,c1ccccc1,0.1581081081081081,1,0.9374493063342926
CC(C)CC=C(C=O)c1ccccc1,1,c1ccccc1,CCOC(=O)CC(=O)c1ccccc1,0,c1ccccc1,0.30081300813008127,1,0.9489216143619011
CC(C)CC=C(C=O)c1ccccc1,1,c1ccccc1,O=Cc1ccccc1,0,c1ccccc1,0.29456521739130437,1,0.9277389197415263
CC(C)CC=C(C=O)c1ccccc1,1,c1ccccc1,CCC(=O)c1cccc(Cl)c1,0,c1ccccc1,0.2571428571428571,1,0.9734662132865238
CC(C)CC=C(C=O)c1ccccc1,1,c1ccccc1,CCC(N)c1ccccc1,0,c1ccccc1,0.25613305613305615,1,0.9727081531333684
CCCCCCCCCCCCCC[N+](C)(C)Cc1ccccc1,1,c1ccccc1,CCCCCC,0,,0.2653846153846154,1,0.9951492175351253
CCCCCCCCCCCCCC[N+](C)(C)Cc1ccccc1,1,c1ccccc1,CCC(N)c1ccccc1,0,c1ccccc1,0.26153846153846155,1,0.9931558962834075
CCCCCCCCCCCCCC[N+](C)(C)Cc1ccccc1,1,c1ccccc1,CCCCCCI,0,,0.24645161290322581,1,0.9911477568540606
CCCCCCCCCCCCCC[N+](C)(C)Cc1ccccc1,1,c1ccccc1,CCCCCCCCCBr,0,,0.24645161290322581,1,0.9962163034453198
N#Cc1c(Cl)c(Cl)c(Cl)c(C#N)c1Cl,1,c1ccccc1,Clc1ccccc1,0,c1ccccc1,0.15353535353535352,1,0.9789539747373535
N#Cc1c(Cl)c(Cl)c(Cl)c(C#N)c1Cl,1,c1ccccc1,CC(C)N(C#N)C#N,0,,0.1272727272727273,1,0.9922094259290619
N#Cc1c(Cl)c(Cl)c(Cl)c(C#N)c1Cl,1,c1ccccc1,CCC(=O)c1cccc(Cl)c1,0,c1ccccc1,0.11851851851851852,1,0.9200076856306806
N#Cc1c(Cl)c(Cl)c(Cl)c(C#N)c1Cl,1,c1ccccc1,N#CC1CC(F)CN1C(=O)C(N)C(c1ccc(F)cc1)c1ccc(F)cc1,0,O=C(CC(c1ccccc1)c1ccccc1)N1CCCC1,0.10478170478170479,1,0.9768141835363399
CCCc1ccc(OC)c(O)c1,1,c1ccccc1,COc1ccc(C=O)cc1O,0,c1ccccc1,0.4964835164835165,1,0.8038481421872432
CCCc1ccc(OC)c(O)c1,1,c1ccccc1,COc1cc(C=O)ccc1O,0,c1ccccc1,0.3879699248120301,1,0.8406827001329086
CCCc1ccc(OC)c(O)c1,1,c1ccccc1,C=CCc1ccc(O)c(OC(C)C)c1,0,c1ccccc1,0.3363636363636364,1,0.8197484855854592
CCCc1ccc(OC)c(O)c1,1,c1ccccc1,CCOc1cc(C=O)ccc1O,0,c1ccccc1,0.32534562211981566,1,0.8268911106983654
CCOC(=O)c1ccc(I)cc1,1,c1ccccc1,CCOC(=O)c1ccc(N)cc1,0,c1ccccc1,0.6441379310344828,1,0.9215621999570051
CCOC(=O)c1ccc(I)cc1,1,c1ccccc1,CCOC(=O)c1ccccc1C(=O)OCC,0,c1ccccc1,0.5272727272727273,1,0.9391426936100759
CCOC(=O)c1ccc(I)cc1,1,c1ccccc1,CCCOC(=O)c1ccc(O)cc1,0,c1ccccc1,0.4878787878787879,1,0.9593213470038529
CCOC(=O)c1ccc(I)cc1,1,c1ccccc1,CCOC(=O)CC(=O)c1ccccc1,0,c1ccccc1,0.38697318007662834,1,0.9446137534688824
CC=Cc1ccc(OC(C)C)c(OC)c1,1,c1ccccc1,COc1cc(C=O)ccc1O,0,c1ccccc1,0.3574193548387097,1,0.9181369257059377
CC=Cc1ccc(OC(C)C)c(OC)c1,1,c1ccccc1,COc1ccc(C=O)cc1O,0,c1ccccc1,0.35096774193548386,1,0.9115952124655281
CC=Cc1ccc(OC(C)C)c(OC)c1,1,c1ccccc1,C=CCc1ccc(O)c(OC(C)C)c1,0,c1ccccc1,0.3283267457180501,1,0.9226463039562222
CC=Cc1ccc(OC(C)C)c(OC)c1,1,c1ccccc1,CCOc1cc(C=O)ccc1O,0,c1ccccc1,0.25601023017902813,1,0.9169713037923454
COC(=O)c1ccc(CBr)cc1,1,c1ccccc1,COC(=O)c1ccc(O)cc1,0,c1ccccc1,0.5701863354037267,1,0.904328663905283
COC(=O)c1ccc(CBr)cc1,1,c1ccccc1,CCOC(=O)c1ccc(N)cc1,0,c1ccccc1,0.37862433862433864,1,0.8066038803660949
COC(=O)c1ccc(CBr)cc1,1,c1ccccc1,COC(=O)c1ccccc1O,0,c1ccccc1,0.37835294117647067,1,0.8892842710484644
COC(=O)c1ccc(CBr)cc1,1,c1ccccc1,CCCOC(=O)c1ccc(O)cc1,0,c1ccccc1,0.36475095785440614,1,0.87761415481388
NCc1cccc(CN)c1,1,c1ccccc1,CCC(N)c1ccccc1,0,c1ccccc1,0.26031746031746034,1,0.8784264294067873
NCc1cccc(CN)c1,1,c1ccccc1,NS(=O)(=O)c1cccc(CCCCOCCCCCCBr)c1,0,c1ccccc1,0.23047619047619047,1,0.7739398858745498
NCc1cccc(CN)c1,1,c1ccccc1,CCC(=O)c1cccc(Cl)c1,0,c1ccccc1,0.21585081585081586,1,0.7741805866457737
NCc1cccc(CN)c1,1,c1ccccc1,O=C(O)C(=NOCc1ccccc1)C(=O)O,0,c1ccccc1,0.21255411255411255,1,0.9241577470326234
CC(C)N(C(=N)N)C(=N)Nc1ccc(Cl)c(Cl)c1,1,c1ccccc1,C=CCc1ccc(O)c(OC(C)C)c1,0,c1ccccc1,0.1765656565656566,1,0.9943139268165493
CC(C)N(C(=N)N)C(=N)Nc1ccc(Cl)c(Cl)c1,1,c1ccccc1,CCC(=O)c1cccc(Cl)c1,0,c1ccccc1,0.17285861713106296,1,0.9914493582580003
CC(C)N(C(=N)N)C(=N)Nc1ccc(Cl)c(Cl)c1,1,c1ccccc1,Cc1ccc(N)cc1S(N)(=O)=O,0,c1ccccc1,0.14921689606074987,1,0.9333547474452009
CC(C)N(C(=N)N)C(=N)Nc1ccc(Cl)c(Cl)c1,1,c1ccccc1,CCC(N)c1ccccc1,0,c1ccccc1,0.14336075205640425,1,0.9938753425103682
Oc1c(Cl)c(Cl)c(Cl)c(Cl)c1Cl,1,c1ccccc1,Clc1ccccc1,0,c1ccccc1,0.19047619047619047,1,0.9703915993471206
Oc1c(Cl)c(Cl)c(Cl)c(Cl)c1Cl,1,c1ccccc1,O=C(O)c1ccc(O)cc1,0,c1ccccc1,0.1391304347826087,1,0.9580583120746679
Oc1c(Cl)c(Cl)c(Cl)c(Cl)c1Cl,1,c1ccccc1,CCC(=O)c1cccc(Cl)c1,0,c1ccccc1,0.13399503722084366,1,0.9338002076390797
Oc1c(Cl)c(Cl)c(Cl)c(Cl)c1Cl,1,c1ccccc1,O=C(O)c1ccccc1O,0,c1ccccc1,0.12933333333333333,1,0.9557472588052485
O=CCc1ccccc1,1,c1ccccc1,O=Cc1ccccc1,0,c1ccccc1,0.44285714285714284,1,0.841804429281994
O=CCc1ccccc1,1,c1ccccc1,O=C(O)C(=NOCc1ccccc1)C(=O)O,0,c1ccccc1,0.30806451612903224,1,0.9093339290553172
O=CCc1ccccc1,1,c1ccccc1,CCOC(=O)c1ccccc1C(=O)OCC,0,c1ccccc1,0.2628571428571429,1,0.9113779282084207
O=CCc1ccccc1,1,c1ccccc1,Clc1ccccc1,0,c1ccccc1,0.2619047619047619,1,0.8778965524566061
Cc1ccc(CCC=O)cc1,1,c1ccccc1,O=Cc1ccccc1,0,c1ccccc1,0.23551724137931035,1,0.8912124883850353
Cc1ccc(CCC=O)cc1,1,c1ccccc1,CCOC(=O)c1ccccc1C(=O)OCC,0,c1ccccc1,0.21600000000000003,1,0.9145103573287268
Cc1ccc(CCC=O)cc1,1,c1ccccc1,CCOc1cc(C=O)ccc1O,0,c1ccccc1,0.1998475609756098,1,0.7455057247915974
Cc1ccc(CCC=O)cc1,1,c1ccccc1,CCOC(=O)CC(=O)c1ccccc1,0,c1ccccc1,0.19714285714285712,1,0.8667863035418468
CC(C=O)Cc1ccc(C(C)(C)C)cc1,1,c1ccccc1,CCOC(=O)C(Cc1ccc(O)cc1)NC(=O)OC(C)(C)C,0,c1ccccc1,0.25520361990950224,1,0.9710289329871352
CC(C=O)Cc1ccc(C(C)(C)C)cc1,1,c1ccccc1,O=Cc1ccc(-c2ccc(C(F)(F)F)cc2)cc1,0,c1ccc(-c2ccccc2)cc1,0.23289124668435016,1,0.8223080897593522
CC(C=O)Cc1ccc(C(C)(C)C)cc1,1,c1ccccc1,C=CCc1ccc(O)c(OC(C)C)c1,0,c1ccccc1,0.22315394242803507,1,0.9760526806985408
CC(C=O)Cc1ccc(C(C)(C)C)cc1,1,c1ccccc1,O=Cc1ccccc1,0,c1ccccc1,0.20481283422459895,1,0.8980739592395907
CC(CC(=O)Oc1ccc(S(=O)(=O)O)cc1)CC(C)(C)C,1,c1ccccc1,Nc1ccc(S(=O)(=O)O)cc1,0,c1ccccc1,0.32865853658536587,0,0.4908869253659245
CC(CC(=O)Oc1ccc(S(=O)(=O)O)cc1)CC(C)(C)C,1,c1ccccc1,CCOC(=O)C(C)(C)Oc1ccc(Cl)cc1,0,c1ccccc1,0.24622641509433962,1,0.7900847948247536
CC(CC(=O)Oc1ccc(S(=O)(=O)O)cc1)CC(C)(C)C,1,c1ccccc1,CCCOc1cccc(C(=O)O)c1,0,c1ccccc1,0.23434343434343435,1,0.7525178454184495
CC(CC(=O)Oc1ccc(S(=O)(=O)O)cc1)CC(C)(C)C,1,c1ccccc1,CCCOc1ccc(Br)c(C(=O)O)c1,0,c1ccccc1,0.23406593406593407,1,0.7379072105074216
CCCN(CCC)c1c([N+](=O)[O-])cc(C(F)(F)F)cc1[N+](=O)[O-],1,c1ccccc1,COc1cc(CC#N)c([N+](=O)[O-])cc1C(F)(F)F,0,c1ccccc1,0.3416037735849057,1,0.9733979376017486
CCCN(CCC)c1c([N+](=O)[O-])cc(C(F)(F)F)cc1[N+](=O)[O-],1,c1ccccc1,CNC(C)c1cc(C(F)(F)F)cc(C(F)(F)F)c1,0,c1ccccc1,0.2571428571428572,1,0.9993940898395341
CCCN(CCC)c1c([N+](=O)[O-])cc(C(F)(F)F)cc1[N+](=O)[O-],1,c1ccccc1,O=Cc1ccc(-c2ccc(C(F)(F)F)cc2)cc1,0,c1ccc(-c2ccccc2)cc1,0.21714285714285717,1,0.9907285306016116
CCCN(CCC)c1c([N+](=O)[O-])cc(C(F)(F)F)cc1[N+](=O)[O-],1,c1ccccc1,COc1cc(C(=O)CC(=O)C(C)(C)C)cc(OC)c1OC,0,c1ccccc1,0.17394429469901168,1,0.9171925736523051
CCOC(=O)C(C)(C)Oc1ccc(Cl)cc1,0,c1ccccc1,CCOC(=O)c1ccccc1C(=O)OCC,0,c1ccccc1,0.3336842105263158,0,0.1385522618505141
CCOC(=O)C(C)(C)Oc1ccc(Cl)cc1,0,c1ccccc1,CCOC(=O)CC(=O)c1ccccc1,0,c1ccccc1,0.3106104651162791,0,0.28583449124723637
CCOC(=O)C(C)(C)Oc1ccc(Cl)cc1,0,c1ccccc1,CCOC(=O)c1ccc(N)cc1,0,c1ccccc1,0.3065997130559541,0,0.10584874572969351
CCOC(=O)C(C)(C)Oc1ccc(Cl)cc1,0,c1ccccc1,CCC(=O)c1cccc(Cl)c1,0,c1ccccc1,0.29200581395348835,0,0.2605864116731032
Cc1cccc(O)c1O,1,c1ccccc1,COC(=O)c1ccccc1O,0,c1ccccc1,0.3269565217391304,1,0.9244466029762921
Cc1cccc(O)c1O,1,c1ccccc1,O=C(O)c1ccccc1O,0,c1ccccc1,0.29303703703703704,1,0.9029344884746339
Cc1cccc(O)c1O,1,c1ccccc1,COC(=O)c1ccc(O)cc1,0,c1ccccc1,0.23309957924263675,1,0.9305019484269121
Cc1cccc(O)c1O,1,c1ccccc1,CCOC(=O)c1ccccc1C(=O)OCC,0,c1ccccc1,0.2306451612903226,1,0.9147510262733421
Cc1cc(O)ccc1N,1,c1ccccc1,Cc1ccc(N)cc1S(N)(=O)=O,0,c1ccccc1,0.2824675324675325,1,0.9221941231459974
Cc1cc(O)ccc1N,1,c1ccccc1,COC(=O)c1ccc(O)cc1,0,c1ccccc1,0.27568238213399504,1,0.8885782538979329
Cc1cc(O)ccc1N,1,c1ccccc1,O=C(O)c1ccc(O)cc1,0,c1ccccc1,0.2518518518518519,1,0.8974206604120867
Cc1cc(O)ccc1N,1,c1ccccc1,CCOC(=O)c1ccc(N)cc1,0,c1ccccc1,0.2380295566502463,1,0.8537440262204403
O=C(O)Cc1ccc(C(=O)O)cc1,1,c1ccccc1,O=C(O)c1ccc(O)cc1,0,c1ccccc1,0.496,0,0.46771761143456647
O=C(O)Cc1ccc(C(=O)O)cc1,1,c1ccccc1,CCCOc1cccc(C(=O)O)c1,0,c1ccccc1,0.3128289473684211,0,0.4372797461756002
O=C(O)Cc1ccc(C(=O)O)cc1,1,c1ccccc1,O=C(O)c1ccccc1O,0,c1ccccc1,0.29481481481481486,0,0.451198529163072
O=C(O)Cc1ccc(C(=O)O)cc1,1,c1ccccc1,Nc1ccccc1C(=O)O,0,c1ccccc1,0.28793309438470727,0,0.44047216700115976
Nc1ccc(N(CO)CCO)cc1[N+](=O)[O-],1,c1ccccc1,COc1cc(CC#N)c([N+](=O)[O-])cc1C(F)(F)F,0,c1ccccc1,0.22116914562435144,1,0.9832892597089318
Nc1ccc(N(CO)CCO)cc1[N+](=O)[O-],1,c1ccccc1,CCOC(=O)c1ccc(N)cc1,0,c1ccccc1,0.1844102564102564,1,0.9919861518506082
Nc1ccc(N(CO)CCO)cc1[N+](=O)[O-],1,c1ccccc1,Nc1ccc(S(=O)(=O)O)cc1,0,c1ccccc1,0.18045454545454548,1,0.9782133833370048
Nc1ccc(N(CO)CCO)cc1[N+](=O)[O-],1,c1ccccc1,Nc1ccccc1C(=O)O,0,c1ccccc1,0.17636856368563686,1,0.9917584532603203
CN(C)c1ccc(N=O)cc1,1,c1ccccc1,COc1ccc(C(C)=O)cc1,0,c1ccccc1,0.17851662404092072,1,0.9782077269334547
CN(C)c1ccc(N=O)cc1,1,c1ccccc1,COC(=O)c1ccc(O)cc1,0,c1ccccc1,0.1638009049773756,1,0.9779291427555334
CN(C)c1ccc(N=O)cc1,1,c1ccccc1,O=Cc1ccccc1,0,c1ccccc1,0.16034482758620688,1,0.991950741436309
CN(C)c1ccc(N=O)cc1,1,c1ccccc1,COC(=O)c1ccccc1O,0,c1ccccc1,0.15555555555555556,1,0.972747475003986
CCCOC(=O)c1cc(O)c(O)c(O)c1,1,c1ccccc1,CCCOC(=O)c1ccc(O)cc1,0,c1ccccc1,0.627,1,0.8657087569809605
CCCOC(=O)c1cc(O)c(O)c(O)c1,1,c1ccccc1,CCOC(=O)c1ccc(N)cc1,0,c1ccccc1,0.3707362534948742,1,0.8044290019772483
CCCOC(=O)c1cc(O)c(O)c(O)c1,1,c1ccccc1,CCOC(=O)c1ccccc1C(=O)OCC,0,c1ccccc1,0.3367521367521368,1,0.7043078786556914
CCCOC(=O)c1cc(O)c(O)c(O)c1,1,c1ccccc1,CCCOc1cccc(C(=O)O)c1,0,c1ccccc1,0.32053915275994865,1,0.880324195582747
CC=C(C)C=O,0,,COC(=O)OC,0,,0.16631578947368422,1,0.7935982015295638
CC=C(C)C=O,0,,O=C(O)C=CC(=O)O,0,,0.15555555555555556,1,0.5888993239209719
CC=C(C)C=O,0,,C=C(C)C(=O)OCC(C)O,0,,0.1542857142857143,0,0.4612510458899049
CC=C(C)C=O,0,,CC(O)C(=O)O,0,,0.15157894736842104,0,0.4779661194863393
C=C(C=CCC(C)C)CC,0,,C=C(C)C(=O)OCC(C)O,0,,0.18755555555555556,0,0.3091121672231673
C=C(C=CCC(C)C)CC,0,,CC(O)CO,0,,0.17606837606837608,0,0.2778044369443463
C=C(C=CCC(C)C)CC,0,,C=CC(=O)OCC(CC)(COC(=O)C=C)COC(=O)C=C,0,,0.16631578947368422,0,0.4452406316510141
C=C(C=CCC(C)C)CC,0,,CC(C)O,0,,0.1641304347826087,0,0.4837288330647134
CS(=O)(=O)CCN,0,,Nc1ccc(S(N)(=O)=O)cc1,0,c1ccccc1,0.18584615384615386,0,0.20045472783350182
CS(=O)(=O)CCN,0,,Cc1ccc(N)cc1S(N)(=O)=O,0,c1ccccc1,0.18341013824884794,0,0.17606026143586856
CS(=O)(=O)CCN,0,,Nc1ccc(S(=O)(=O)O)cc1,0,c1ccccc1,0.16296296296296295,0,0.1663421152828576
CS(=O)(=O)CCN,0,,CCOC(=O)c1ccc(N)cc1,0,c1ccccc1,0.15824915824915825,0,0.19543418544632982
C=C(C)C(=O)OCC(C)O,0,,CC(O)CO,0,,0.2795555555555556,0,0.23742596803646412
C=C(C)C(=O)OCC(C)O,0,,C=CC(=O)OCC(CC)(COC(=O)C=C)COC(=O)C=C,0,,0.275,0,0.37175324872562177
C=C(C)C(=O)OCC(C)O,0,,C=CC(=O)OCC(CO)(COC(=O)C=C)COC(=O)C=C,0,,0.2611111111111111,1,0.6484197952543749
C=C(C)C(=O)OCC(C)O,0,,CC(O)C(=O)O,0,,0.2588628762541806,1,0.5402992099588555
OCCCCCCCl,0,,CCCCCCCCCCl,0,,0.46222222222222226,0,0.26351815627237823
OCCCCCCCl,0,,CCCCO,0,,0.36,1,0.5955218362072057
OCCCCCCCl,0,,CCCCCCI,0,,0.21101449275362322,0,0.2739273092406736
OCCCCCCCl,0,,CCCCCCCCCBr,0,,0.21101449275362322,0,0.18848764989354388
O=C(O)CCCCC(=O)O,0,,CCCCCCCCC(=O)O,0,,0.6776470588235295,0,0.1969112784725135
O=C(O)CCCCC(=O)O,0,,CCCCCCCC(=O)O,0,,0.6776470588235295,0,0.26953408004167445
O=C(O)CCCCC(=O)O,0,,O=C(O)CCC(=O)O,0,,0.6717948717948719,0,0.15919770382519474
O=C(O)CCCCC(=O)O,0,,O=C(O)C=CC(=O)O,0,,0.29333333333333333,0,0.16770843129141783
CCCCBr,0,,CCCCCCCCCBr,0,,0.7514285714285716,0,0.3485475268524794
CCCCBr,0,,CCCCCC,0,,0.48000000000000004,0,0.21878129525518863
CCCCBr,0,,CCCCCCI,0,,0.44666666666666666,0,0.4563383972674442
CCCCBr,0,,CCCCCCCCCCl,0,,0.44666666666666666,0,0.29214984950919803
CCCCCCCCCBr,0,,CCCCBr,0,,0.7514285714285716,1,0.8646996029601838
CCCCCCCCCBr,0,,CCCCCCI,0,,0.5555555555555556,1,0.8257210361561134
CCCCCCCCCBr,0,,CCCCCCCCCCl,0,,0.5555555555555556,1,0.8003881797877157
CCCCCCCCCBr,0,,CCCCCCCCCCCCCCCCCCI,0,,0.5555555555555556,0,0.2561134779915371
CCCCO,0,,CCCCCC,0,,0.48000000000000004,0,0.17055044221056284
CCCCO,0,,OCCCCCCCl,0,,0.36,0,0.25775049272343625
CCCCO,0,,CCCCBr,0,,0.3571428571428572,0,0.17248196726989196
CCCCO,0,,CCCCCCI,0,,0.32,0,0.17539845037346746
CCCCCCCCCCl,0,,CCCCCCI,0,,0.5555555555555556,1,0.5933765779873407
CCCCCCCCCCl,0,,CCCCCCCCCBr,0,,0.5555555555555556,1,0.5695971640395648
CCCCCCCCCCl,0,,CCCCCCCCCCCCCCCCCCI,0,,0.5555555555555556,0,0.10569887746514273
CCCCCCCCCCl,0,,CCCCCC,0,,0.5307692307692308,0,0.28204513631803707
COC(=O)OC,0,,COC(=O)c1ccc(O)cc1,0,c1ccccc1,0.29109730848861287,0,0.23318227578088005
COC(=O)OC,0,,CC(O)C(=O)O,0,,0.2722222222222222,0,0.21922584669893047
COC(=O)OC,0,,COC(=O)c1ccccc1O,0,c1ccccc1,0.2694545454545455,0,0.08876909348678005
COC(=O)OC,0,,COc1ccc(C(C)=O)cc1,0,c1ccccc1,0.24000000000000002,0,0.10304459055218318
O=C(O)C=CC(=O)O,0,,O=C(O)CCC(=O)O,0,,0.3362637362637363,0,0.277461245947237
O=C(O)C=CC(=O)O,0,,O=C(O)C(O)C(O)C(=O)O,0,,0.3066666666666667,0,0.3105395870793644
O=C(O)C=CC(=O)O,0,,CC(O)C(=O)O,0,,0.29333333333333333,0,0.4274403630136666
O=C(O)C=CC(=O)O,0,,O=C(O)CCCCC(=O)O,0,,0.29333333333333333,0,0.19762714897062422
OCC(O)CO,0,,CC(O)CO,0,,0.5192307692307693,0,0.1297768249497302
OCC(O)CO,0,,CC(C)O,0,,0.30000000000000004,0,0.15855717744313827
OCC(O)CO,0,,CCCCO,0,,0.207843137254902,0,0.3368658914545093
OCC(O)CO,0,,O=C(O)C(O)C(O)C(=O)O,0,,0.18750000000000003,0,0.21043470586523252
CCCCCC,0,,CCCCCCI,0,,0.5307692307692308,0,0.1877891830894958
CCCCCC,0,,CCCCCCCCCBr,0,,0.5307692307692308,0,0.14572115277027556
CCCCCC,0,,CCCCCCCCCCl,0,,0.5307692307692308,0,0.11249470387412884
CCCCCC,0,,CCCCCCCCCCCCCCCCCCI,0,,0.5307692307692308,0,0.08180337344222188
CCCCCCI,0,,CCCCCCCCCCCCCCCCCCI,0,,1.0,0,0.35489292869608347
CCCCCCI,0,,CCCCCCCCCBr,0,,0.5555555555555556,0,0.39134422171658834
CCCCCCI,0,,CCCCCCCCCCl,0,,0.5555555555555556,0,0.4565609557191331
CCCCCCI,0,,CCCCCC,0,,0.5307692307692308,0,0.31610568972207403
CCCCCCCCCCCCCCCCCCI,0,,CCCCCCI,0,,1.0,1,0.6714943925267207
CCCCCCCCCCCCCCCCCCI,0,,CCCCCCCCCBr,0,,0.5555555555555556,1,0.6755166811283497
CCCCCCCCCCCCCCCCCCI,0,,CCCCCCCCCCl,0,,0.5555555555555556,1,0.6812855404060361
CCCCCCCCCCCCCCCCCCI,0,,CCCCCC,0,,0.5307692307692308,1,0.5289295027016312
CC(C)O,0,,CC(O)CO,0,,0.5064935064935066,0,0.12387284549114058
CC(C)O,0,,CC(O)C(=O)O,0,,0.3948717948717949,0,0.1498381365359729
CC(C)O,0,,OCC(O)CO,0,,0.30000000000000004,0,0.12108796131540288
CC(C)O,0,,C=C(C)C(=O)OCC(C)O,0,,0.23641304347826086,0,0.23150600274932587
CC(C)N(C#N)C#N,0,,CC(C)O,0,,0.1785714285714286,0,0.06902930556622801
CC(C)N(C#N)C#N,0,,CC(O)CO,0,,0.145,0,0.07462391321633388
CC(C)N(C#N)C#N,0,,CC(O)C(=O)O,0,,0.1442857142857143,0,0.2284413588726135
CC(C)N(C#N)C#N,0,,COC(=O)OC,0,,0.14352941176470588,0,0.17924713173520543
CC(O)C(=O)O,0,,O=C(O)C(O)C(O)C(=O)O,0,,0.5692307692307692,0,0.09679298856686817
CC(O)C(=O)O,0,,CC(C)O,0,,0.3948717948717949,0,0.07066124858639015
CC(O)C(=O)O,0,,CC(O)CO,0,,0.30333333333333334,0,0.026615281101371353
CC(O)C(=O)O,0,,O=C(O)CCC(=O)O,0,,0.29333333333333333,0,0.18227625793614552
CCCCCCCC(=O)O,0,,CCCCCCCCC(=O)O,0,,1.0,0,0.40976999779307616
CCCCCCCC(=O)O,0,,O=C(O)CCCCC(=O)O,0,,0.6776470588235295,0,0.3696213724513314
CCCCCCCC(=O)O,0,,O=C(O)CCC(=O)O,0,,0.46805555555555556,0,0.35858892309818186
CCCCCCCC(=O)O,0,,CCCCCC,0,,0.396078431372549,0,0.3491095547921712
C=CC(=O)OCC(CO)(COC(=O)C=C)COC(=O)C=C,0,,C=CC(=O)OCC(CC)(COC(=O)C=C)COC(=O)C=C,0,,0.6515151515151515,0,0.3249726292965339
C=CC(=O)OCC(CO)(COC(=O)C=C)COC(=O)C=C,0,,C=C(C)C(=O)OCC(C)O,0,,0.2611111111111111,1,0.5315768547649844
C=CC(=O)OCC(CO)(COC(=O)C=C)COC(=O)C=C,0,,C=CC1(C)CC(OC(=O)CO)C2(C)C(C)CCC3(CCC(=O)C32)C(C)C1O,0,O=C1CCC23CCCCCC(CCC2)C13,0.16615853658536586,0,0.3129142030806079
C=CC(=O)OCC(CO)(COC(=O)C=C)COC(=O)C=C,0,,CCOC(=O)C(C)(C)Oc1ccc(Cl)cc1,0,c1ccccc1,0.16562091503267976,0,0.36440734880928344
CC(O)CO,0,,OCC(O)CO,0,,0.5192307692307693,0,0.3042751327398177
CC(O)CO,0,,CC(C)O,0,,0.5064935064935066,0,0.14957905070757505
CC(O)CO,0,,CC(O)C(=O)O,0,,0.30333333333333334,0,0.1417761437045354
CC(O)CO,0,,C=C(C)C(=O)OCC(C)O,0,,0.2795555555555556,0,0.17679617136519307
O=C(O)CCC(=O)O,0,,O=C(O)CCCCC(=O)O,0,,0.6717948717948719,0,0.08060218304122369
O=C(O)CCC(=O)O,0,,CCCCCCCCC(=O)O,0,,0.46805555555555556,0,0.19418686465104146
O=C(O)CCC(=O)O,0,,CCCCCCCC(=O)O,0,,0.46805555555555556,0,0.2371956384738632
O=C(O)CCC(=O)O,0,,O=C(O)C=CC(=O)O,0,,0.3362637362637363,0,0.20680076885328932
O=C(O)C(O)C(O)C(=O)O,0,,CC(O)C(=O)O,0,,0.5692307692307692,0,0.21175524253465802
O=C(O)C(O)C(O)C(=O)O,0,,O=C(O)CCC(=O)O,0,,0.3066666666666667,0,0.09253654421109045
O=C(O)C(O)C(O)C(=O)O,0,,O=C(O)C=CC(=O)O,0,,0.3066666666666667,0,0.09152148239859964
O=C(O)C(O)C(O)C(=O)O,0,,O=C(O)CCCCC(=O)O,0,,0.27058823529411763,0,0.04533636131887194
C=CC(=O)OCC(CC)(COC(=O)C=C)COC(=O)C=C,0,,C=CC(=O)OCC(CO)(COC(=O)C=C)COC(=O)C=C,0,,0.6515151515151515,1,0.7166430614481867
C=CC(=O)OCC(CC)(COC(=O)C=C)COC(=O)C=C,0,,C=C(C)C(=O)OCC(C)O,0,,0.275,1,0.5126184416527956
C=CC(=O)OCC(CC)(COC(=O)C=C)COC(=O)C=C,0,,CCOC(=O)c1ccccc1C(=O)OCC,0,c1ccccc1,0.25015873015873014,1,0.5835182088389597
C=CC(=O)OCC(CC)(COC(=O)C=C)COC(=O)C=C,0,,CCOC(=O)CC(=O)c1ccccc1,0,c1ccccc1,0.24428571428571433,1,0.6509192380082666
C=C(Cl)Cl,0,,OCCCCCCCl,0,,0.13411764705882354,0,0.0369544314282873
C=C(Cl)Cl,0,,C=C(C=CCC(C)C)CC,0,,0.125,0,0.11313302582543426
C=C(Cl)Cl,0,,C=C(C)C(=O)OCC(C)O,0,,0.11705263157894737,0,0.047205945461187476
C=C(Cl)Cl,0,,CC(C)O,0,,0.09494949494949496,0,0.019609813746989693
CCCCCCCC=CC=O,1,,CCCCCC,0,,0.3569230769230769,1,0.9828824044525643
CCCCCCCC=CC=O,1,,CCCCCCCCC(=O)O,0,,0.3238095238095238,1,0.9973403405750147
CCCCCCCC=CC=O,1,,CCCCCCCC(=O)O,0,,0.3238095238095238,1,0.9969089684962881
CCCCCCCC=CC=O,1,,CCCCCCI,0,,0.3115555555555556,1,0.9579576781464528
N#CCCC(Br)(C#N)CBr,1,,COc1cc(CC#N)c([N+](=O)[O-])cc1C(F)(F)F,0,c1ccccc1,0.14057315233785822,1,0.9667874312997773
N#CCCC(Br)(C#N)CBr,1,,CCCCBr,0,,0.13834586466165413,1,0.9524750339694616
N#CCCC(Br)(C#N)CBr,1,,CCCCCCCCCBr,0,,0.13,1,0.8001805247885223
N#CCCC(Br)(C#N)CBr,1,,CC(C)N(C#N)C#N,0,,0.10608695652173915,1,0.9833031588789228
OCCCCCCCCCCCCBr,1,,OCCCCCCCl,0,,0.5555555555555556,1,0.9575082412863165
OCCCCCCCCCCCCBr,1,,CCCCCCCCCBr,0,,0.46222222222222226,1,0.9341372666255219
OCCCCCCCCCCCCBr,1,,CCCCBr,0,,0.36,1,0.9489531912953113
OCCCCCCCCCCCCBr,1,,CCCCO,0,,0.36,1,0.9645493917036393
CCCCCCCCCCCCCCCCCCCl,1,,CCCCCCCCCCl,0,,1.0,1,0.9858446839666692
CCCCCCCCCCCCCCCCCCCl,1,,CCCCCCI,0,,0.5555555555555556,1,0.9115720008605593
CCCCCCCCCCCCCCCCCCCl,1,,CCCCCCCCCBr,0,,0.5555555555555556,1,0.9419057332237442
CCCCCCCCCCCCCCCCCCCl,1,,CCCCCCCCCCCCCCCCCCI,0,,0.5555555555555556,1,0.9490725569990767
CCCCCCCCCCI,1,,CCCCCCI,0,,1.0,1,0.9054346707893355
CCCCCCCCCCI,1,,CCCCCCCCCCCCCCCCCCI,0,,1.0,1,0.8686128135543941
CCCCCCCCCCI,1,,CCCCCCCCCBr,0,,0.5555555555555556,1,0.8538832413658652
CCCCCCCCCCI,1,,CCCCCCCCCCl,0,,0.5555555555555556,1,0.8194498829857982
CN(N=O)C(=N)N[N+](=O)[O-],1,,CC=C(C)C=O,0,,0.12222222222222223,1,0.9991027621466201
CN(N=O)C(=N)N[N+](=O)[O-],1,,COC(=O)OC,0,,0.12205128205128206,1,0.9888307289244236
CN(N=O)C(=N)N[N+](=O)[O-],1,,CC(O)C(=O)O,0,,0.11203703703703705,1,0.989469007496646
CN(N=O)C(=N)N[N+](=O)[O-],1,,COc1cc(CC#N)c([N+](=O)[O-])cc1C(F)(F)F,0,c1ccccc1,0.10793650793650794,1,0.9896465243922685
CCCC=CC=O,1,,CCCCCC,0,,0.22995951417004049,1,0.9407635525817886
CCCC=CC=O,1,,CC=C(C)C=O,0,,0.20833333333333334,1,0.9743670763333526
CCCC=CC=O,1,,CCCCCCCCC(=O)O,0,,0.2,1,0.9804086594816044
CCCC=CC=O,1,,CCCCCCCC(=O)O,0,,0.2,1,0.9858912380576872
C=CC(=O)OCC(CC)CCCC,1,,C=CC(=O)OCC(CC)(COC(=O)C=C)COC(=O)C=C,0,,0.4326576576576577,1,0.9647871901661381
C=CC(=O)OCC(CC)CCCC,1,,C=CC(=O)OCC(CO)(COC(=O)C=C)COC(=O)C=C,0,,0.3841841841841842,1,0.9576653112574693
C=CC(=O)OCC(CC)CCCC,1,,C=C(C)C(=O)OCC(C)O,0,,0.2866666666666667,1,0.8762088292696005
C=CC(=O)OCC(CC)CCCC,1,,CCCCCCCCC(=O)O,0,,0.2359739049394222,1,0.967230145175941
C=CC(=O)OCCO,1,,C=CC(=O)OCC(CO)(COC(=O)C=C)COC(=O)C=C,0,,0.5548148148148148,1,0.8942788648296407
C=CC(=O)OCCO,1,,C=CC(=O)OCC(CC)(COC(=O)C=C)COC(=O)C=C,0,,0.45862068965517244,1,0.719877735286248
C=CC(=O)OCCO,1,,C=C(C)C(=O)OCC(C)O,0,,0.2848484848484849,1,0.5771559959461141
C=CC(=O)OCCO,1,,CCCOC(=O)c1ccc(O)cc1,0,c1ccccc1,0.18885135135135137,1,0.7798552373005626
CCCCCCCCCC(C)C=O,1,,CCCCCC,0,,0.3633333333333333,1,0.9779887653301851
CCCCCCCCCC(C)C=O,1,,CCCCCCI,0,,0.3148235294117647,1,0.9370605326910135
CCCCCCCCCC(C)C=O,1,,CCCCCCCCCBr,0,,0.3148235294117647,1,0.9007502772499473
CCCCCCCCCC(C)C=O,1,,CCCCCCCCCCl,0,,0.3148235294117647,1,0.9237000665816876
CC(CC(=O)Cl)CC(C)(C)C,1,,CC(O)C(=O)O,0,,0.20961538461538462,1,0.9604127782372354
CC(CC(=O)Cl)CC(C)(C)C,1,,C=C(C)C(=O)OCC(C)O,0,,0.18518518518518517,1,0.8965092329457609
CC(CC(=O)Cl)CC(C)(C)C,1,,COC(=O)OC,0,,0.18384615384615385,1,0.9848859239941304
CC(CC(=O)Cl)CC(C)(C)C,1,,CCOC(=O)C(C)(C)Oc1ccc(Cl)cc1,0,c1ccccc1,0.17914023960535588,1,0.9489658122268323
CN(C)CCCN,1,,CS(=O)(=O)CCN,0,,0.23707093821510297,1,0.9767291327136663
CN(C)CCCN,1,,CCCCCC,0,,0.15833333333333333,1,0.875258851599187
CN(C)CCCN,1,,CCCCBr,0,,0.1290909090909091,1,0.8447336711898943
CN(C)CCCN,1,,CCCCO,0,,0.1290909090909091,1,0.7905695157208994
CC(=O)C(=O)CC(C)C,1,,CC(O)C(=O)O,0,,0.25857142857142856,1,0.7805216996029474
CC(=O)C(=O)CC(C)C,1,,C=C(C)C(=O)OCC(C)O,0,,0.24811594202898551,1,0.8066159435373231
CC(=O)C(=O)CC(C)C,1,,COC(=O)OC,0,,0.22797619047619047,1,0.9173253435453811
CC(=O)C(=O)CC(C)C,1,,CC(O)CO,0,,0.21547619047619046,1,0.6227300470543818
CCN(CC)CCCCCCO,1,,CCCCO,0,,0.3988795518207283,1,0.8867959374232726
CCN(CC)CCCCCCO,1,,OCCCCCCCl,0,,0.3544513457556936,1,0.8553181306103923
CCN(CC)CCCCCCO,1,,CCCCCCCCCBr,0,,0.22836363636363638,1,0.7389770075355656
CCN(CC)CCCCCCO,1,,CCCCCC,0,,0.19943977591036416,1,0.9492866214109178
CCC=CCCCCC=O,1,,CCCCCC,0,,0.20952380952380953,1,0.9785476453435824
CCC=CCCCCC=O,1,,CC=C(C)C=O,0,,0.19366515837104076,1,0.991117288514449
CCC=CCCCCC=O,1,,CCCCCCCCC(=O)O,0,,0.17681159420289855,1,0.9965869225479326
CCC=CCCCCC=O,1,,CCCCCCCC(=O)O,0,,0.17681159420289855,1,0.9960863213619906
CCCCCCCCCCCCCCCCCCCCCCBr,1,,CCCCCCCCCBr,0,,1.0,1,0.9042242312090493
CCCCCCCCCCCCCCCCCCCCCCBr,1,,CCCCBr,0,,0.7514285714285716,1,0.9923205429239625
CCCCCCCCCCCCCCCCCCCCCCBr,1,,CCCCCCI,0,,0.5555555555555556,1,0.782715180532083
CCCCCCCCCCCCCCCCCCCCCCBr,1,,CCCCCCCCCCl,0,,0.5555555555555556,1,0.8932945841423893
CCCCCCCCCCCCBr,1,,CCCCCCCCCBr,0,,1.0,1,0.9705123656745418
CCCCCCCCCCCCBr,1,,CCCCBr,0,,0.7514285714285716,1,0.9639191529054197
CCCCCCCCCCCCBr,1,,CCCCCCI,0,,0.5555555555555556,1,0.9228587235956187
CCCCCCCCCCCCBr,1,,CCCCCCCCCCl,0,,0.5555555555555556,1,0.9590205481131248
CCCCCCCCCCCCCCCCCCCCBr,1,,CCCCCCCCCBr,0,,1.0,1,0.9306678498603727
CCCCCCCCCCCCCCCCCCCCBr,1,,CCCCBr,0,,0.7514285714285716,1,0.9921830099567917
CCCCCCCCCCCCCCCCCCCCBr,1,,CCCCCCI,0,,0.5555555555555556,1,0.9668383926176041
CCCCCCCCCCCCCCCCCCCCBr,1,,CCCCCCCCCCl,0,,0.5555555555555556,1,0.9264349452750383
CCCCCCCCCCCCCCCCCBr,1,,CCCCCCCCCBr,0,,1.0,1,0.9797297716939144
CCCCCCCCCCCCCCCCCBr,1,,CCCCBr,0,,0.7514285714285716,1,0.9894657548808969
CCCCCCCCCCCCCCCCCBr,1,,CCCCCCI,0,,0.5555555555555556,1,0.9638989610599442
CCCCCCCCCCCCCCCCCBr,1,,CCCCCCCCCCl,0,,0.5555555555555556,1,0.9840492700235663
CCCCCCCCCCCCCCCCBr,1,,CCCCCCCCCBr,0,,1.0,1,0.9907003252209305
CCCCCCCCCCCCCCCCBr,1,,CCCCBr,0,,0.7514285714285716,1,0.989123254603552
CCCCCCCCCCCCCCCCBr,1,,CCCCCCI,0,,0.5555555555555556,1,0.970792806348752
CCCCCCCCCCCCCCCCBr,1,,CCCCCCCCCCl,0,,0.5555555555555556,1,0.984732114619965
CCCCCCBr,1,,CCCCCCCCCBr,0,,1.0,1,0.637681631448698
CCCCCCBr,1,,CCCCBr,0,,0.7514285714285716,1,0.8149525660573903
CCCCCCBr,1,,CCCCCCI,0,,0.5555555555555556,1,0.7275719786932
CCCCCCBr,1,,CCCCCCCCCCl,0,,0.5555555555555556,1,0.5780556464478229
CCCCCCCCCCCCCCCCCCBr,1,,CCCCCCCCCBr,0,,1.0,1,0.9748307426205435
CCCCCCCCCCCCCCCCCCBr,1,,CCCCBr,0,,0.7514285714285716,1,0.9920629737594333
CCCCCCCCCCCCCCCCCCBr,1,,CCCCCCI,0,,0.5555555555555556,1,0.9617509402421094
CCCCCCCCCCCCCCCCCCBr,1,,CCCCCCCCCCl,0,,0.5555555555555556,1,0.9710743575333568
CCCCCCCCCCCCCCCBr,1,,CCCCCCCCCBr,0,,1.0,1,0.9899534747922122
CCCCCCCCCCCCCCCBr,1,,CCCCBr,0,,0.7514285714285716,1,0.9897233967223277
CCCCCCCCCCCCCCCBr,1,,CCCCCCI,0,,0.5555555555555556,1,0.965199803719303
CCCCCCCCCCCCCCCBr,1,,CCCCCCCCCCl,0,,0.5555555555555556,1,0.9840542871857826
CCCCCCCCCCCCCCBr,1,,CCCCCCCCCBr,0,,1.0,1,0.9867889140614712
CCCCCCCCCCCCCCBr,1,,CCCCBr,0,,0.7514285714285716,1,0.9810856389262442
CCCCCCCCCCCCCCBr,1,,CCCCCCI,0,,0.5555555555555556,1,0.9645898491227239
CCCCCCCCCCCCCCBr,1,,CCCCCCCCCCl,0,,0.5555555555555556,1,0.9770839345849961
CCCCCCCCCCCCCBr,1,,CCCCCCCCCBr,0,,1.0,1,0.9804842842079344
CCCCCCCCCCCCCBr,1,,CCCCBr,0,,0.7514285714285716,1,0.9727420473490388
CCCCCCCCCCCCCBr,1,,CCCCCCI,0,,0.5555555555555556,1,0.9542619636550929
CCCCCCCCCCCCCBr,1,,CCCCCCCCCCl,0,,0.5555555555555556,1,0.9667755156437347
CCCCCCCCCCCBr,1,,CCCCCCCCCBr,0,,1.0,1,0.9209625569721163
CCCCCCCCCCCBr,1,,CCCCBr,0,,0.7514285714285716,1,0.9457904960703789
CCCCCCCCCCCBr,1,,CCCCCCI,0,,0.5555555555555556,1,0.8952091079529826
CCCCCCCCCCCBr,1,,CCCCCCCCCCl,0,,0.5555555555555556,1,0.9128981081646077
C=CC(=O)OCCCC,1,,C=CC(=O)OCC(CC)(COC(=O)C=C)COC(=O)C=C,0,,0.53,1,0.9456462411679076
C=CC(=O)OCCCC,1,,C=CC(=O)OCC(CO)(COC(=O)C=C)COC(=O)C=C,0,,0.43113604488078544,1,0.9641861211388006
C=CC(=O)OCCCC,1,,C=C(C)C(=O)OCC(C)O,0,,0.2839751552795031,1,0.9107029360467407
C=CC(=O)OCCCC,1,,CCCCCCCCC(=O)O,0,,0.2784615384615384,1,0.9621501896464701
CCCCCCCCCCCCCCCl,1,,CCCCCCCCCCl,0,,1.0,1,0.9736264287470605
CCCCCCCCCCCCCCCl,1,,CCCCCCI,0,,0.5555555555555556,1,0.8855842638006844
CCCCCCCCCCCCCCCl,1,,CCCCCCCCCBr,0,,0.5555555555555556,1,0.9562188927412519
CCCCCCCCCCCCCCCl,1,,CCCCCCCCCCCCCCCCCCI,0,,0.5555555555555556,1,0.7822265211765416
CC(C)=CCCC(C)=CC=O,1,,CC=C(C)C=O,0,,0.25555555555555554,1,0.986865604900154
CC(C)=CCCC(C)=CC=O,1,,CCCCCCCCC(=O)O,0,,0.16121212121212122,1,0.9958720193612132
CC(C)=CCCC(C)=CC=O,1,,CCCCCCCC(=O)O,0,,0.16121212121212122,1,0.9947629579912073
CC(C)=CCCC(C)=CC=O,1,,CCOc1cc(C=O)ccc1O,0,c1ccccc1,0.1568627450980392,1,0.943856468770991
CCCCCCCCCCCCCCCCCl,1,,CCCCCCCCCCl,0,,1.0,1,0.9872703436290214
CCCCCCCCCCCCCCCCCl,1,,CCCCCCI,0,,0.5555555555555556,1,0.9338858576081933
CCCCCCCCCCCCCCCCCl,1,,CCCCCCCCCBr,0,,0.5555555555555556,1,0.9759406746302765
CCCCCCCCCCCCCCCCCl,1,,CCCCCCCCCCCCCCCCCCI,0,,0.5555555555555556,1,0.9169732045760064
CCOS(=O)(=O)OCC,1,,CS(=O)(=O)CCN,0,,0.273015873015873,1,0.9639192594872089
CCOS(=O)(=O)OCC,1,,CCOC(=O)c1ccc(N)cc1,0,c1ccccc1,0.247536231884058,1,0.845931190517221
CCOS(=O)(=O)OCC,1,,CCOC(=O)c1ccccc1C(=O)OCC,0,c1ccccc1,0.24511278195488723,1,0.8867529354062037
CCOS(=O)(=O)OCC,1,,CCOC(=O)CC(=O)c1ccccc1,0,c1ccccc1,0.2063241106719368,1,0.884638232174089
CCC(C=O)CC,1,,CC=C(C)C=O,0,,0.21904761904761905,1,0.9656339007667597
CCC(C=O)CC,1,,CCCCCC,0,,0.19117647058823534,1,0.8513707626555257
CCC(C=O)CC,1,,C=C(C=CCC(C)C)CC,0,,0.18003629764065338,1,0.8052337281049298
CCC(C=O)CC,1,,CCC(N)c1ccccc1,0,c1ccccc1,0.17671957671957672,1,0.9123149521921833
NCCNCCN,1,,CS(=O)(=O)CCN,0,,0.21000000000000002,1,0.9825905799935986
NCCNCCN,1,,CCCCCC,0,,0.12333333333333334,1,0.98595080311238
NCCNCCN,1,,CCCCBr,0,,0.09671052631578947,1,0.9800477250871852
NCCNCCN,1,,CCCCO,0,,0.09671052631578947,1,0.9563068958872839
NCCCNCCCN,1,,CS(=O)(=O)CCN,0,,0.2204545454545455,1,0.9827236901445104
NCCCNCCCN,1,,CCCCCC,0,,0.1248868778280543,1,0.9840738538343167
NCCCNCCCN,1,,CCCCBr,0,,0.09971988795518208,1,0.9775060924805749
NCCCNCCCN,1,,CCCCO,0,,0.09971988795518208,1,0.971761153978813
CCCCCCCCCCCCOS(C)(=O)=O,1,,CCCCCC,0,,0.3514285714285714,1,0.9932548875464706
CCCCCCCCCCCCOS(C)(=O)=O,1,,CCCCCCCCC(=O)O,0,,0.3093167701863354,1,0.9972620680490522
CCCCCCCCCCCCOS(C)(=O)=O,1,,CCCCCCCC(=O)O,0,,0.3093167701863354,1,0.9963372487912703
CCCCCCCCCCCCOS(C)(=O)=O,1,,CCCCCCI,0,,0.3086315789473684,1,0.9932861591991691
C=CC(=O)OCC,1,,C=CC(=O)OCC(CC)(COC(=O)C=C)COC(=O)C=C,0,,0.5948717948717949,1,0.9342175568397925
C=CC(=O)OCC,1,,C=CC(=O)OCC(CO)(COC(=O)C=C)COC(=O)C=C,0,,0.4951851851851852,1,0.9581916073086116
C=CC(=O)OCC,1,,CCOC(=O)c1ccccc1C(=O)OCC,0,c1ccccc1,0.33949843260188095,1,0.8975003093186428
C=CC(=O)OCC,1,,C=C(C)C(=O)OCC(C)O,0,,0.3222580645161291,1,0.8637862445340346
CCC(O)C(CO)CO,1,,CC(O)CO,0,,0.40341880341880343,1,0.6649540598332195
CCC(O)C(CO)CO,1,,OCC(O)CO,0,,0.3380952380952381,1,0.7137514690306129
CCC(O)C(CO)CO,1,,CC(C)O,0,,0.2715686274509804,1,0.7466801888167294
CCC(O)C(CO)CO,1,,CCCCO,0,,0.2704761904761905,1,0.7353890893289281
C=C(C)C(=O)OCCOC(=O)C(=C)C,1,,C=C(C)C(=O)OCC(C)O,0,,0.5891764705882354,1,0.6841742383906537
C=C(C)C(=O)OCCOC(=O)C(=C)C,1,,C=CC(=O)OCC(CC)(COC(=O)C=C)COC(=O)C=C,0,,0.2857142857142857,1,0.905642811600878
C=C(C)C(=O)OCCOC(=O)C(=C)C,1,,C=CC(=O)OCC(CO)(COC(=O)C=C)COC(=O)C=C,0,,0.24456521739130438,1,0.8845890655679968
C=C(C)C(=O)OCCOC(=O)C(=C)C,1,,CCOC(=O)c1ccccc1C(=O)OCC,0,c1ccccc1,0.23281907433380086,1,0.7771082148135926
C=C(C)C(=O)O,1,,CC(O)C(=O)O,0,,0.3419607843137255,1,0.7235051489697434
C=C(C)C(=O)O,1,,O=C(O)CCC(=O)O,0,,0.30000000000000004,1,0.7287146083507873
C=C(C)C(=O)O,1,,O=C(O)C=CC(=O)O,0,,0.30000000000000004,1,0.5998212959749902
C=C(C)C(=O)O,1,,C=C(C)C(=O)OCC(C)O,0,,0.2907826086956522,1,0.679198381069232
CC(CC=O)CCCC(C)(C)O,1,,C=C(C=CCC(C)C)CC,0,,0.17813765182186234,1,0.9725080983597876
CC(CC=O)CCCC(C)(C)O,1,,CC(O)CO,0,,0.17793103448275865,1,0.9503823625687612
CC(CC=O)CCCC(C)(C)O,1,,CC(O)C(=O)O,0,,0.175,1,0.9676773988393778
CC(CC=O)CCCC(C)(C)O,1,,CC=C(C)C=O,0,,0.1744868035190616,1,0.9721012087878184
CCCCCCCCCCCCI,1,,CCCCCCI,0,,1.0,1,0.9493363284636163
CCCCCCCCCCCCI,1,,CCCCCCCCCCCCCCCCCCI,0,,1.0,1,0.8996765733356861
CCCCCCCCCCCCI,1,,CCCCCCCCCBr,0,,0.5555555555555556,1,0.9457343513709514
CCCCCCCCCCCCI,1,,CCCCCCCCCCl,0,,0.5555555555555556,1,0.912645974893566
CCCCCCCCCCCCCCCCI,1,,CCCCCCI,0,,1.0,1,0.9488586825317391
CCCCCCCCCCCCCCCCI,1,,CCCCCCCCCCCCCCCCCCI,0,,1.0,1,0.9735152757542828
CCCCCCCCCCCCCCCCI,1,,CCCCCCCCCBr,0,,0.5555555555555556,1,0.8703545930789935
CCCCCCCCCCCCCCCCI,1,,CCCCCCCCCCl,0,,0.5555555555555556,1,0.9564486535769319
CCCCCCCCCI,1,,CCCCCCI,0,,1.0,1,0.8692576982348965
CCCCCCCCCI,1,,CCCCCCCCCCCCCCCCCCI,0,,1.0,1,0.7423468310526394
CCCCCCCCCI,1,,CCCCCCCCCBr,0,,0.5555555555555556,1,0.7664838211952898
CCCCCCCCCI,1,,CCCCCCCCCCl,0,,0.5555555555555556,1,0.7781179925428366
CCCCCCCCCCCCCCI,1,,CCCCCCI,0,,1.0,1,0.9678221874991375
CCCCCCCCCCCCCCI,1,,CCCCCCCCCCCCCCCCCCI,0,,1.0,1,0.951027934071756
CCCCCCCCCCCCCCI,1,,CCCCCCCCCBr,0,,0.5555555555555556,1,0.9591618520476555
CCCCCCCCCCCCCCI,1,,CCCCCCCCCCl,0,,0.5555555555555556,1,0.9509159596289218
CC(C)CCCCCC(=O)Cl,1,,CCCCCCCCC(=O)O,0,,0.2899425287356322,1,0.9922099643912348
CC(C)CCCCCC(=O)Cl,1,,CCCCCCCC(=O)O,0,,0.2899425287356322,1,0.9916238095363649
CC(C)CCCCCC(=O)Cl,1,,O=C(O)CCCCC(=O)O,0,,0.2500869565217392,1,0.9419038406099106
CC(C)CCCCCC(=O)Cl,1,,CC(O)C(=O)O,0,,0.21070234113712377,1,0.9628514648833942
CCCCCCCCCCCCCC(=O)OC(C)C,1,,CCCCCCCCC(=O)O,0,,0.4373590982286635,1,0.9948283420592103
CCCCCCCCCCCCCC(=O)OC(C)C,1,,CCCCCCCC(=O)O,0,,0.4373590982286635,1,0.9923954733496204
CCCCCCCCCCCCCC(=O)OC(C)C,1,,CCCCCCCCCBr,0,,0.3192982456140351,1,0.9908862768742254
CCCCCCCCCCCCCC(=O)OC(C)C,1,,CCCCCC,0,,0.3149068322981367,1,0.9906291255638424
C=CC(C)(O)CCC=C(C)C=O,1,,CC=C(C)C=O,0,,0.33827586206896554,1,0.995613258471444
C=CC(C)(O)CCC=C(C)C=O,1,,C=CC(=O)OCC(CC)(COC(=O)C=C)COC(=O)C=C,0,,0.22827586206896555,1,0.987303152271324
C=CC(C)(O)CCC=C(C)C=O,1,,C=CC(=O)OCC(CO)(COC(=O)C=C)COC(=O)C=C,0,,0.2066666666666667,1,0.9927935546857668
C=CC(C)(O)CCC=C(C)C=O,1,,C=C(C)C(=O)OCC(C)O,0,,0.17354497354497356,1,0.9861690931956916
CCCCCC=CCC=CCCCCCCCC(=O)O,1,,CCCCCCCCC(=O)O,0,,0.6809716599190284,1,0.9898501516035946
CCCCCC=CCC=CCCCCCCCC(=O)O,1,,CCCCCCCC(=O)O,0,,0.6809716599190284,1,0.9787366773462984
CCCCCC=CCC=CCCCCCCCC(=O)O,1,,O=C(O)CCCCC(=O)O,0,,0.4647773279352227,1,0.9890687243657349
CCCCCC=CCC=CCCCCCCCC(=O)O,1,,O=C(O)CCC(=O)O,0,,0.32703703703703707,1,0.9796280597148479
CCCCCCC#CC(=O)OC,1,,CCCCCCCCC(=O)O,0,,0.3318709677419355,1,0.9915842142770022
CCCCCCC#CC(=O)OC,1,,CCCCCCCC(=O)O,0,,0.3318709677419355,1,0.9941618594004407
CCCCCCC#CC(=O)OC,1,,CCCCCC,0,,0.28650000000000003,1,0.9943676601879551
CCCCCCC#CC(=O)OC,1,,CCCCCCI,0,,0.26095238095238094,1,0.9812592204032594
C=CC(=O)OC,1,,C=CC(=O)OCC(CC)(COC(=O)C=C)COC(=O)C=C,0,,0.4206627680311891,1,0.9380280540942647
C=CC(=O)OC,1,,C=CC(=O)OCC(CO)(COC(=O)C=C)COC(=O)C=C,0,,0.3862962962962963,1,0.961320112773768
C=CC(=O)OC,1,,COC(=O)OC,0,,0.38253968253968257,1,0.9650532148060915
C=CC(=O)OC,1,,C=C(C)C(=O)OCC(C)O,0,,0.2438095238095238,1,0.8800080541814416
CCCCCCCCCCCCCCC=CS(=O)(=O)OC,1,,CCCCCC,0,,0.28650000000000003,1,0.9993657377512648
CCCCCCCCCCCCCCC=CS(=O)(=O)OC,1,,CCCCCCCCC(=O)O,0,,0.2661818181818182,1,0.999180032525963
CCCCCCCCCCCCCCC=CS(=O)(=O)OC,1,,CCCCCCCC(=O)O,0,,0.2661818181818182,1,0.9989504796262519
CCCCCCCCCCCCCCC=CS(=O)(=O)OC,1,,CCCCCCI,0,,0.26095238095238094,1,0.9976323486841356
C=C(C)C(=O)OC,1,,C=C(C)C(=O)OCC(C)O,0,,0.4495726495726496,1,0.8606907832970491
C=C(C)C(=O)OC,1,,COC(=O)OC,0,,0.37777777777777777,1,0.9684500369887421
C=C(C)C(=O)OC,1,,COc1ccc(C(C)=O)cc1,0,c1ccccc1,0.24347826086956523,1,0.896712177517738
C=C(C)C(=O)OC,1,,COC(=O)c1ccc(O)cc1,0,c1ccccc1,0.24000000000000002,1,0.9618750602351294
CCCCCCCCC(=O)Cl,1,,CCCCCCCCC(=O)O,0,,0.5298701298701299,1,0.9935969280064084
CCCCCCCCC(=O)Cl,1,,CCCCCCCC(=O)O,0,,0.5298701298701299,1,0.9934908288716567
CCCCCCCCC(=O)Cl,1,,CCCCCCCCCCl,0,,0.42060606060606065,1,0.9349233608925972
CCCCCCCCC(=O)Cl,1,,CCCCCC,0,,0.3944444444444445,1,0.9694268111703331
CCCCCCCCO,1,,CCCCO,0,,0.7514285714285716,1,0.7933464121780104
CCCCCCCCO,1,,CCCCCC,0,,0.5307692307692308,1,0.7734356311470385
CCCCCCCCO,1,,OCCCCCCCl,0,,0.46222222222222226,1,0.7223379674776359
CCCCCCCCO,1,,CCCCCCI,0,,0.4222222222222222,1,0.5083178584082174
CCCCCCCCC=CCCCCCCCC(=O)O,1,,CCCCCCCCC(=O)O,0,,0.7579710144927536,1,0.9895117634394999
CCCCCCCCC=CCCCCCCCC(=O)O,1,,CCCCCCCC(=O)O,0,,0.7579710144927536,1,0.9775930257252672
CCCCCCCCC=CCCCCCCCC(=O)O,1,,O=C(O)CCCCC(=O)O,0,,0.5159420289855072,1,0.9893680877767346
CCCCCCCCC=CCCCCCCCC(=O)O,1,,O=C(O)CCC(=O)O,0,,0.36140350877192984,1,0.986982863349327
CCCCCCCCCCCCCCCC(=O)Cl,1,,CCCCCCCCC(=O)O,0,,0.5298701298701299,1,0.9996452908402225
CCCCCCCCCCCCCCCC(=O)Cl,1,,CCCCCCCC(=O)O,0,,0.5298701298701299,1,0.9994616726235028
CCCCCCCCCCCCCCCC(=O)Cl,1,,CCCCCCCCCCl,0,,0.42060606060606065,1,0.9973278366481751
CCCCCCCCCCCCCCCC(=O)Cl,1,,CCCCCC,0,,0.3944444444444445,1,0.995692163610579
CC(CCCCN)C(C)(C)N,1,,CS(=O)(=O)CCN,0,,0.21161524500907442,1,0.9796354329611668
CC(CCCCN)C(C)(C)N,1,,CCCCCC,0,,0.15333333333333335,1,0.976339968789217
CC(CCCCN)C(C)(C)N,1,,CCCCCCCCCCl,0,,0.1503448275862069,1,0.9056630772863835
CC(CCCCN)C(C)(C)N,1,,CCCCO,0,,0.14851851851851852,1,0.953939662088203
C=CCCCCCCCCC(=O)O,1,,O=C(O)CCCCC(=O)O,0,,0.5811764705882354,1,0.8863503816084704
C=CCCCCCCCCC(=O)O,1,,CCCCCCCCC(=O)O,0,,0.5208421052631579,1,0.8961629998349344
C=CCCCCCCCCC(=O)O,1,,CCCCCCCC(=O)O,0,,0.5208421052631579,1,0.9186738789139305
C=CCCCCCCCCC(=O)O,1,,O=C(O)CCC(=O)O,0,,0.40476190476190477,1,0.87775119101762
CC=CC=CC=O,1,,CC=C(C)C=O,0,,0.2857142857142857,1,0.9793144932687143
CC=CC=CC=O,1,,O=Cc1ccccc1,0,c1ccccc1,0.13333333333333333,1,0.9595896239879447
CC=CC=CC=O,1,,C=CC(=O)OCC(CC)(COC(=O)C=C)COC(=O)C=C,0,,0.1181818181818182,1,0.9637676379962105
CC=CC=CC=O,1,,CC(O)C(=O)O,0,,0.11717171717171718,1,0.9254459756944989
O=C(O)CCCCCCCCCCCBr,1,,O=C(O)CCCCC(=O)O,0,,0.6509803921568628,1,0.9277818981795573
O=C(O)CCCCCCCCCCCBr,1,,CCCCCCCCC(=O)O,0,,0.5663636363636364,1,0.9351631543987714
O=C(O)CCCCCCCCCCCBr,1,,CCCCCCCC(=O)O,0,,0.5663636363636364,1,0.9065415058504578
O=C(O)CCCCCCCCCCCBr,1,,O=C(O)CCC(=O)O,0,,0.45029239766081874,1,0.8336663324911258
CC(C)(C)C(=O)CC(=O)C(C)(C)C,1,,COc1cc(C(=O)CC(=O)C(C)(C)C)cc(OC)c1OC,0,c1ccccc1,0.38467741935483873,1,0.9622926335116778
CC(C)(C)C(=O)CC(=O)C(C)(C)C,1,,COC(=O)OC,0,,0.26222222222222225,1,0.9618585082230252
CC(C)(C)C(=O)CC(=O)C(C)(C)C,1,,C=CC(=O)OCC(CC)(COC(=O)C=C)COC(=O)C=C,0,,0.21714285714285717,1,0.933033583597538
CC(C)(C)C(=O)CC(=O)C(C)(C)C,1,,O=C(O)CCC(=O)O,0,,0.2,1,0.8954861156833478
CCC=CC=CC=O,1,,CC=C(C)C=O,0,,0.20833333333333334,1,0.984720747751674
CCC=CC=CC=O,1,,C=C(C=CCC(C)C)CC,0,,0.175,1,0.9457153822446779
CCC=CC=CC=O,1,,C=CC(=O)OCC(CC)(COC(=O)C=C)COC(=O)C=C,0,,0.16982097186700768,1,0.9605119126524252
CCC=CC=CC=O,1,,CCCCCC,0,,0.16285714285714287,1,0.9749715320632224
CCCCCCCCCCCCC(Br)C(=O)O,1,,CCCCCCCCC(=O)O,0,,0.46031746031746035,1,0.9567183466650129
CCCCCCCCCCCCC(Br)C(=O)O,1,,CCCCCCCC(=O)O,0,,0.46031746031746035,1,0.941642645473508
CCCCCCCCCCCCC(Br)C(=O)O,1,,CCCCCCCCCBr,0,,0.34692307692307695,1,0.878100914791934
CCCCCCCCCCCCC(Br)C(=O)O,1,,CCCCCC,0,,0.3133689839572193,1,0.8889932227593643
CCN(CC)CCCCCCBr,1,,CCCCCCCCCBr,0,,0.5058823529411764,1,0.8663125967038209
CCN(CC)CCCCCCBr,1,,CCCCBr,0,,0.4141176470588236,1,0.9548930666221482
CCN(CC)CCCCCCBr,1,,CCCCCCI,0,,0.2658823529411765,1,0.8869649970903755
CCN(CC)CCCCCCBr,1,,CCCCCCCCCCl,0,,0.2658823529411765,1,0.9141134888017628
CCCCCCCC(Br)CCCCCC,1,,CCCCCCCCCBr,0,,0.46769230769230774,1,0.9684419884199144
CCCCCCCC(Br)CCCCCC,1,,CCCCCC,0,,0.45000000000000007,1,0.8785949818377866
CCCCCCCC(Br)CCCCCC,1,,CCCCCCI,0,,0.4124542124542125,1,0.9576163175500105
CCCCCCCC(Br)CCCCCC,1,,CCCCCCCCCCl,0,,0.4124542124542125,1,0.9758207684233727
CC(=O)C(C)=O,1,,COC(=O)OC,0,,0.30069930069930073,1,0.9035175960347033
CC(=O)C(C)=O,1,,CC=C(C)C=O,0,,0.28,1,0.928150374826699
CC(=O)C(C)=O,1,,CC(O)C(=O)O,0,,0.26857142857142857,1,0.7216072165561698
CC(=O)C(C)=O,1,,COc1ccc(C(C)=O)cc1,0,c1ccccc1,0.22626262626262628,1,0.7470445525120584
CCOC(=O)C=CC(=O)OCC,1,,C=CC(=O)OCC(CC)(COC(=O)C=C)COC(=O)C=C,0,,0.38112522686025413,1,0.8383048854018104
CCOC(=O)C=CC(=O)OCC,1,,CCOC(=O)c1ccccc1C(=O)OCC,0,c1ccccc1,0.36296296296296293,1,0.763973294747769
CCOC(=O)C=CC(=O)OCC,1,,CCOC(=O)CC(=O)c1ccccc1,0,c1ccccc1,0.3282608695652174,1,0.594536671283535
CCOC(=O)C=CC(=O)OCC,1,,CCOC(=O)c1ccc(N)cc1,0,c1ccccc1,0.32266666666666666,1,0.5687752918105159
COS(=O)(=O)OC,1,,COC(=O)OC,0,,0.2909090909090909,1,0.9384099434724984
COS(=O)(=O)OC,1,,CS(=O)(=O)CCN,0,,0.19529411764705887,1,0.9598904930171648
COS(=O)(=O)OC,1,,COC(=O)c1ccc(O)cc1,0,c1ccccc1,0.1706959706959707,1,0.8672928689223385
COS(=O)(=O)OC,1,,COc1ccc(C(C)=O)cc1,0,c1ccccc1,0.1630769230769231,1,0.9089889338445069
CS(C)=O,1,,COC(=O)OC,0,,0.17428571428571427,1,0.8567560721701377
CS(C)=O,1,,CC=C(C)C=O,0,,0.17272727272727273,1,0.9803008190757682
CS(C)=O,1,,CS(=O)(=O)CCN,0,,0.15042735042735045,1,0.993664308506165
CS(C)=O,1,,CC(O)C(=O)O,0,,0.14952380952380953,1,0.6704548900500826
C=CC(=O)OCC(COC(=O)C=C)C(CC)OC(=O)C=C,1,,C=CC(=O)OCC(CC)(COC(=O)C=C)COC(=O)C=C,0,,0.4416666666666667,1,0.6834338831043609
C=CC(=O)OCC(COC(=O)C=C)C(CC)OC(=O)C=C,1,,C=CC(=O)OCC(CO)(COC(=O)C=C)COC(=O)C=C,0,,0.3733887733887734,1,0.7244048646526561
C=CC(=O)OCC(COC(=O)C=C)C(CC)OC(=O)C=C,1,,C=C(C)C(=O)OCC(C)O,0,,0.2923076923076923,1,0.5126243514295612
C=CC(=O)OCC(COC(=O)C=C)C(CC)OC(=O)C=C,1,,CCOC(=O)CC(=O)c1ccccc1,0,c1ccccc1,0.19719495091164096,1,0.6491251114502474
NCCN,1,,CS(=O)(=O)CCN,0,,0.2748717948717949,1,0.9512705682547771
NCCN,1,,CCC(N)c1ccccc1,0,c1ccccc1,0.11022727272727274,1,0.8264686352023504
NCCN,1,,CCCCCC,0,,0.09494949494949496,1,0.8947257013498955
NCCN,1,,NCC1OC(OC2C(N)CC(N)C(OC3OC(CO)C(O)C(N)C3O)C2O)C(O)C(O)C1O,0,C1CCC(OC2CCCC(OC3CCCCO3)C2)OC1,0.08434303697875688,1,0.9996253001159462
CC(C)=CCCC(C)=CCCC(C)=CC=O,1,,CC=C(C)C=O,0,,0.24329501915708812,1,0.9966845414174943
CC(C)=CCCC(C)=CCCC(C)=CC=O,1,,CCOc1cc(C=O)ccc1O,0,c1ccccc1,0.17236662106703146,1,0.9631886264389101
CC(C)=CCCC(C)=CCCC(C)=CC=O,1,,CCCCCCCCC(=O)O,0,,0.1542857142857143,1,0.9987174175817805
CC(C)=CCCC(C)=CCCC(C)=CC=O,1,,CCCCCCCC(=O)O,0,,0.1542857142857143,1,0.998482897734694
CC(C)=CCCC(C)=CCO,1,,CCCCO,0,,0.18974358974358974,1,0.9279073841784684
CC(C)=CCCC(C)=CCO,1,,CC(O)CO,0,,0.18682352941176472,1,0.9483537003072114
CC(C)=CCCC(C)=CCO,1,,CC=C(C)C=O,0,,0.15661375661375662,1,0.8494168605970682
CC(C)=CCCC(C)=CCO,1,,OCC(O)CO,0,,0.14044444444444446,1,0.9042998723278108
O=CCCCC=O,1,,CC=C(C)C=O,0,,0.18345864661654135,1,0.9768541660821028
O=CCCCC=O,1,,O=C(O)CCC(=O)O,0,,0.17500000000000002,1,0.9250807308775814
O=CCCCC=O,1,,O=C(O)CCCCC(=O)O,0,,0.16862745098039217,1,0.9572041771764171
O=CCCCC=O,1,,CCCCCC,0,,0.16666666666666669,1,0.9543882454221463
O=C(CS)OCC(O)CO,1,,OCC(O)CO,0,,0.3532608695652174,1,0.7673591349437133
O=C(CS)OCC(O)CO,1,,C=C(C)C(=O)OCC(C)O,0,,0.30095238095238097,1,0.8138300938407413
O=C(CS)OCC(O)CO,1,,CC(O)CO,0,,0.25961538461538464,1,0.9054642584557336
O=C(CS)OCC(O)CO,1,,C=CC(=O)OCC(CO)(COC(=O)C=C)COC(=O)C=C,0,,0.2383078730904818,1,0.9511085499520056
O=CC=O,1,,CC=C(C)C=O,0,,0.24415584415584418,1,0.8714723814127635
O=CC=O,1,,O=Cc1ccccc1,0,c1ccccc1,0.19615384615384618,1,0.9066852801204794
O=CC=O,1,,O=C(O)C=CC(=O)O,0,,0.1641025641025641,1,0.9355222442188976
O=CC=O,1,,O=Cc1ccc(-c2ccc(C(F)(F)F)cc2)cc1,0,c1ccc(-c2ccccc2)cc1,0.13,1,0.8691951827119664
NCCNCCO,1,,CCCCO,0,,0.23492063492063492,1,0.8878380746734783
NCCNCCO,1,,OCCCCCCCl,0,,0.21027667984189724,1,0.7620463923316605
NCCNCCO,1,,CS(=O)(=O)CCN,0,,0.1660952380952381,1,0.9763973027801436
NCCNCCO,1,,OCC(O)CO,0,,0.16428571428571428,1,0.7220627029906944
CCCCNC(=O)OC#CCI,1,,CCCCCCI,0,,0.2400871459694989,1,0.9623829236919044
CCCCNC(=O)OC#CCI,1,,CCCCCCCCCCCCCCCCCCI,0,,0.2400871459694989,1,0.931723524643762
CCCCNC(=O)OC#CCI,1,,CCCCCCCCC(=O)O,0,,0.23095823095823098,1,0.9571658941517468
CCCCNC(=O)OC#CCI,1,,CCCCCCCC(=O)O,0,,0.23095823095823098,1,0.9664490450330618
CCCCCCCCCCCCOS(=O)(=O)O,1,,CCCCCCCCC(=O)O,0,,0.37662337662337664,1,0.9921100612968922
CCCCCCCCCCCCOS(=O)(=O)O,1,,CCCCCCCC(=O)O,0,,0.37662337662337664,1,0.9894074143947467
CCCCCCCCCCCCOS(=O)(=O)O,1,,CCCCCC,0,,0.3254901960784314,1,0.9909118142111649
CCCCCCCCCCCCOS(=O)(=O)O,1,,CCCCCCI,0,,0.29160839160839164,1,0.9862205266118336
CCC=CCC=CCC=CCCCCCCCC(=O)O,1,,CCCCCCCCC(=O)O,0,,0.5262068965517241,1,0.9875812305630187
CCC=CCC=CCC=CCCCCCCCC(=O)O,1,,CCCCCCCC(=O)O,0,,0.5262068965517241,1,0.9716163833484852
CCC=CCC=CCC=CCCCCCCCC(=O)O,1,,O=C(O)CCCCC(=O)O,0,,0.4647773279352227,1,0.9751060455725069
CCC=CCC=CCC=CCCCCCCCC(=O)O,1,,O=C(O)CCC(=O)O,0,,0.32703703703703707,1,0.9650619333503602
CCCCCCCCCCCCS(=O)(=O)OC,1,,CCCCCC,0,,0.3569230769230769,1,0.9931785878901725
CCCCCCCCCCCCS(=O)(=O)OC,1,,CCCCCCCCC(=O)O,0,,0.3238095238095238,1,0.9952957865325915
CCCCCCCCCCCCS(=O)(=O)OC,1,,CCCCCCCC(=O)O,0,,0.3238095238095238,1,0.9937109847201281
CCCCCCCCCCCCS(=O)(=O)OC,1,,CCCCCCI,0,,0.3115555555555556,1,0.9933150974892349
CCCCCCCCCCCCCCCCS(=O)(=O)OC,1,,CCCCCC,0,,0.3569230769230769,1,0.9974650237270272
CCCCCCCCCCCCCCCCS(=O)(=O)OC,1,,CCCCCCCCC(=O)O,0,,0.3238095238095238,1,0.9967225018045927
CCCCCCCCCCCCCCCCS(=O)(=O)OC,1,,CCCCCCCC(=O)O,0,,0.3238095238095238,1,0.9959133558618394
CCCCCCCCCCCCCCCCS(=O)(=O)OC,1,,CCCCCCI,0,,0.3115555555555556,1,0.9948546474789816
COS(C)(=O)=O,1,,COC(=O)OC,0,,0.2909090909090909,1,0.9424923906787134
COS(C)(=O)=O,1,,CS(=O)(=O)CCN,0,,0.26052631578947366,1,0.9550682964241464
COS(C)(=O)=O,1,,COc1ccc(C(C)=O)cc1,0,c1ccccc1,0.1757085020242915,1,0.8920650552238895
COS(C)(=O)=O,1,,COC(=O)c1ccc(O)cc1,0,c1ccccc1,0.1706959706959707,1,0.8497088037825915
COC(=O)C(C)=O,1,,COC(=O)OC,0,,0.4214285714285715,1,0.8126635471811061
COC(=O)C(C)=O,1,,COc1ccc(C(C)=O)cc1,0,c1ccccc1,0.26083916083916087,1,0.7232662952277336
COC(=O)C(C)=O,1,,C=C(C)C(=O)OCC(C)O,0,,0.2571428571428572,1,0.6976600050293029
COC(=O)C(C)=O,1,,COC(=O)c1ccc(O)cc1,0,c1ccccc1,0.2570512820512821,1,0.6864936227419383
CCCCCCCCCCCCCCCCC(CS(=O)(=O)O)C(=O)OC,1,,CCCCCCCCC(=O)O,0,,0.32592592592592595,1,0.9787588086613401
CCCCCCCCCCCCCCCCC(CS(=O)(=O)O)C(=O)OC,1,,CCCCCCCC(=O)O,0,,0.32592592592592595,1,0.970557269472695
CCCCCCCCCCCCCCCCC(CS(=O)(=O)O)C(=O)OC,1,,COC(=O)OC,0,,0.23846153846153847,1,0.9618615165155509
CCCCCCCCCCCCCCCCC(CS(=O)(=O)O)C(=O)OC,1,,CCCCCC,0,,0.2301449275362319,1,0.9690419902698526
CCN(N=O)C(N)=O,1,,CCCCCCCCC(=O)O,0,,0.20000000000000004,1,0.9802246212458194
CCN(N=O)C(N)=O,1,,CCCCO,0,,0.20000000000000004,1,0.9411006315704017
CCN(N=O)C(N)=O,1,,CCCCCCCC(=O)O,0,,0.20000000000000004,1,0.9856454315750985
CCN(N=O)C(N)=O,1,,CCOC(=O)c1ccc(N)cc1,0,c1ccccc1,0.1813620071684588,1,0.9123776462890314
CN(N=O)C(N)=O,1,,COC(=O)OC,0,,0.1787878787878788,1,0.9620703670305093
CN(N=O)C(N)=O,1,,CC(O)C(=O)O,0,,0.1772256728778468,1,0.8989034411346739
CN(N=O)C(N)=O,1,,NC(=O)C1CC(F)CN1,0,C1CCNC1,0.16565656565656567,1,0.966845081403072
CN(N=O)C(N)=O,1,,CC(C)(C)OC(=O)N1CC(F)CC1C(N)=O,0,C1CCNC1,0.1625615763546798,1,0.9505330387879373
CCCCCCCCC=CCCCCCCCCOS(C)(=O)=O,1,,CCCCCC,0,,0.2742081447963801,1,0.9973914412738614
CCCCCCCCC=CCCCCCCCCOS(C)(=O)=O,1,,CCCCCCCCC(=O)O,0,,0.2579185520361991,1,0.9992357115022585
CCCCCCCCC=CCCCCCCCCOS(C)(=O)=O,1,,CCCCCCCC(=O)O,0,,0.2579185520361991,1,0.998993361399019
CCCCCCCCC=CCCCCCCCCOS(C)(=O)=O,1,,CCCCCCI,0,,0.25190615835777125,1,0.9984695619330478
O=C(O)C(=O)O,1,,O=C(O)CCC(=O)O,0,,0.37424242424242427,1,0.5084068218924473
O=C(O)C(=O)O,1,,O=C(O)C=CC(=O)O,0,,0.37424242424242427,1,0.6897567158783466
O=C(O)C(=O)O,1,,O=C(O)C(O)C(O)C(=O)O,0,,0.3380952380952381,0,0.43073805440889623
O=C(O)C(=O)O,1,,CC(O)C(=O)O,0,,0.3175824175824176,0,0.4413521241693407
CCOC(=S)S,1,,CCOC(=O)c1ccccc1C(=O)OCC,0,c1ccccc1,0.29857142857142854,1,0.9951561424543001
CCOC(=S)S,1,,CCOC(=O)c1ccc(N)cc1,0,c1ccccc1,0.2647849462365591,1,0.9851012437212336
CCOC(=S)S,1,,CCOC(=O)CC(=O)c1ccccc1,0,c1ccccc1,0.2522727272727273,1,0.9670134066807187
CCOC(=S)S,1,,CCOC(=O)c1nnc[nH]1,0,c1nnc[nH]1,0.25223529411764706,1,0.9485132857256564
CCCCCCCCCCCC(=O)OC(C)C(=O)OC(C)C(=O)O,1,,CCCCCCCCC(=O)O,0,,0.417965367965368,1,0.9377410140275981
CCCCCCCCCCCC(=O)OC(C)C(=O)OC(C)C(=O)O,1,,CCCCCCCC(=O)O,0,,0.417965367965368,1,0.9203783864348023
CCCCCCCCCCCC(=O)OC(C)C(=O)OC(C)C(=O)O,1,,CC(O)C(=O)O,0,,0.25108225108225113,1,0.8201233749223066
CCCCCCCCCCCC(=O)OC(C)C(=O)OC(C)C(=O)O,1,,O=C(O)CCCCC(=O)O,0,,0.25108225108225113,1,0.8611351694464299
CC(C)=CCCC(C)=CCCC(C)=CCCC=C(C)CCC=C(C)CCC=C(C)C,1,,CC=C(C)C=O,0,,0.178,1,0.9940563303259801
CC(C)=CCCC(C)=CCCC(C)=CCCC=C(C)CCC=C(C)CCC=C(C)C,1,,C=C(C=CCC(C)C)CC,0,,0.14967320261437908,1,0.988777786141061
CC(C)=CCCC(C)=CCCC(C)=CCCC=C(C)CCC=C(C)CCC=C(C)C,1,,CCCCCCCCC(=O)O,0,,0.13393939393939394,1,0.9982322727916266
CC(C)=CCCC(C)=CCCC(C)=CCCC=C(C)CCC=C(C)CCC=C(C)C,1,,CCCCCCCC(=O)O,0,,0.13393939393939394,1,0.9978574525329272
CN(C)C(=S)SSC(=S)N(C)C,1,,COC(=O)OC,0,,0.1136904761904762,1,0.998738335412118
CN(C)C(=S)SSC(=S)N(C)C,1,,CC(C)O,0,,0.10745098039215686,1,0.9923158296921751
CN(C)C(=S)SSC(=S)N(C)C,1,,CC=C(C)C=O,0,,0.10289855072463769,1,0.9994173899702863
CN(C)C(=S)SSC(=S)N(C)C,1,,CC(O)C(=O)O,0,,0.09177489177489179,1,0.9927965930209318
C=CCCCCCCCCC=O,1,,C=CC(=O)OCC(CC)(COC(=O)C=C)COC(=O)C=C,0,,0.16982097186700768,1,0.9825767706134969
C=CCCCCCCCCC=O,1,,C=CC(=O)OCC(CO)(COC(=O)C=C)COC(=O)C=C,0,,0.16121212121212122,1,0.9807773050429973
C=CCCCCCCCCC=O,1,,CC=C(C)C=O,0,,0.15482352941176472,1,0.9960959513709892
C=CCCCCCCCCC=O,1,,CCCCCCCCC(=O)O,0,,0.14512743628185906,1,0.9979188554321101
CCCCCCCCC(=O)O,0,,CCCCCCCC(=O)O,0,,1.0,0,0.46998634594804733
CCCCCCCCC(=O)O,0,,O=C(O)CCCCC(=O)O,0,,0.6776470588235295,0,0.4268884979241249
CCCCCCCCC(=O)O,0,,O=C(O)CCC(=O)O,0,,0.46805555555555556,0,0.38039569949718227
CCCCCCCCC(=O)O,0,,CCCCCC,0,,0.396078431372549,0,0.38215558665474875
N#CC1CC(F)CN1C(=O)C(N)C(c1ccc(F)cc1)c1ccc(F)cc1,0,O=C(CC(c1ccccc1)c1ccccc1)N1CCCC1,CC(C)(C)OC(=O)NC(C(=O)N1CC(F)CC1C#N)C(c1ccc(F)cc1)c1ccc(F)cc1,0,O=C(CC(c1ccccc1)c1ccccc1)N1CCCC1,0.6017719568567027,0,0.0090684052103358
N#CC1CC(F)CN1C(=O)C(N)C(c1ccc(F)cc1)c1ccc(F)cc1,0,O=C(CC(c1ccccc1)c1ccccc1)N1CCCC1,CC(C)(C)OC(=O)N1CC(F)CC1C(N)=O,0,C1CCNC1,0.24884437596302006,0,0.0016618868165474492
N#CC1CC(F)CN1C(=O)C(N)C(c1ccc(F)cc1)c1ccc(F)cc1,0,O=C(CC(c1ccccc1)c1ccccc1)N1CCCC1,CC(C)(C)OC(=O)N1CC(F)CC1C(=O)O,0,C1CCNC1,0.23149717514124296,0,0.0033142625986572255
N#CC1CC(F)CN1C(=O)C(N)C(c1ccc(F)cc1)c1ccc(F)cc1,0,O=C(CC(c1ccccc1)c1ccccc1)N1CCCC1,NC(=O)C1CC(F)CN1,0,C1CCNC1,0.191005291005291,0,0.007440204321209503
CC(C)(C)OC(=O)NC(C(=O)N1CC(F)CC1C#N)C(c1ccc(F)cc1)c1ccc(F)cc1,0,O=C(CC(c1ccccc1)c1ccccc1)N1CCCC1,N#CC1CC(F)CN1C(=O)C(N)C(c1ccc(F)cc1)c1ccc(F)cc1,0,O=C(CC(c1ccccc1)c1ccccc1)N1CCCC1,0.6017719568567027,0,0.0030400821135652197
CC(C)(C)OC(=O)NC(C(=O)N1CC(F)CC1C#N)C(c1ccc(F)cc1)c1ccc(F)cc1,0,O=C(CC(c1ccccc1)c1ccccc1)N1CCCC1,CC(C)(C)OC(=O)N1CC(F)CC1C(N)=O,0,C1CCNC1,0.3445824706694272,0,0.0005518262273138353
CC(C)(C)OC(=O)NC(C(=O)N1CC(F)CC1C#N)C(c1ccc(F)cc1)c1ccc(F)cc1,0,O=C(CC(c1ccccc1)c1ccccc1)N1CCCC1,CC(C)(C)OC(=O)N1CC(F)CC1C(=O)O,0,C1CCNC1,0.32666666666666666,0,0.0007117414567678692
CC(C)(C)OC(=O)NC(C(=O)N1CC(F)CC1C#N)C(c1ccc(F)cc1)c1ccc(F)cc1,0,O=C(CC(c1ccccc1)c1ccccc1)N1CCCC1,CCOC(=O)C(Cc1ccc(O)cc1)NC(=O)OC(C)(C)C,0,c1ccccc1,0.2816993464052288,0,0.009813547571020407
CON=C1CN(c2nc3c(cc2F)c(=O)c(C(=O)O)cn3C2CC2)CC1CN,1,N=C1CCN(c2ccc3c(=O)ccn(C4CC4)c3n2)C1,CCCOc1ccc(Br)c(C(=O)O)c1,0,c1ccccc1,0.1784848484848485,1,0.8589616181475529
CON=C1CN(c2nc3c(cc2F)c(=O)c(C(=O)O)cn3C2CC2)CC1CN,1,N=C1CCN(c2ccc3c(=O)ccn(C4CC4)c3n2)C1,CCCOc1cccc(C(=O)O)c1,0,c1ccccc1,0.14880597014925376,1,0.9060616027683873
CON=C1CN(c2nc3c(cc2F)c(=O)c(C(=O)O)cn3C2CC2)CC1CN,1,N=C1CCN(c2ccc3c(=O)ccn(C4CC4)c3n2)C1,Nc1ccccc1C(=O)O,0,c1ccccc1,0.14815992730577013,1,0.9135737711948725
CON=C1CN(c2nc3c(cc2F)c(=O)c(C(=O)O)cn3C2CC2)CC1CN,1,N=C1CCN(c2ccc3c(=O)ccn(C4CC4)c3n2)C1,O=C(O)C(=NOCc1ccccc1)C(=O)O,0,c1ccccc1,0.14081918081918082,1,0.8250630377227717
CCCCCn1c(=O)[nH]c(=O)c2[nH]c(Cl)nc21,1,O=c1[nH]c(=O)c2[nH]cnc2[nH]1,CCCCCCCCCCl,0,,0.19333333333333336,1,0.9736230176257122
CCCCCn1c(=O)[nH]c(=O)c2[nH]c(Cl)nc21,1,O=c1[nH]c(=O)c2[nH]cnc2[nH]1,CCCCCC,0,,0.19125000000000003,1,0.9956635329884268
CCCCCn1c(=O)[nH]c(=O)c2[nH]c(Cl)nc21,1,O=c1[nH]c(=O)c2[nH]cnc2[nH]1,CCCCCCCCC(=O)O,0,,0.1747228381374723,1,0.9440614163786042
CCCCCn1c(=O)[nH]c(=O)c2[nH]c(Cl)nc21,1,O=c1[nH]c(=O)c2[nH]cnc2[nH]1,CCCCCCCC(=O)O,0,,0.1747228381374723,1,0.9570460300580282
CCCCCCCCCCCCCCCC1=NC(C)(C)C(=O)O1,1,O=C1CN=CO1,CCCCCC,0,,0.25882352941176473,1,0.9995923175976773
CCCCCCCCCCCCCCCC1=NC(C)(C)C(=O)O1,1,O=C1CN=CO1,CCCCCCCCC(=O)O,0,,0.24615384615384617,1,0.999128746603635
CCCCCCCCCCCCCCCC1=NC(C)(C)C(=O)O1,1,O=C1CN=CO1,CCCCCCCC(=O)O,0,,0.24615384615384617,1,0.9989210830448247
CCCCCCCCCCCCCCCC1=NC(C)(C)C(=O)O1,1,O=C1CN=CO1,CCCCCCI,0,,0.23939393939393944,1,0.9987446806868763
CCCCCCCCCCCCCCCCCC1=NC(C)(C)C(=O)O1,1,O=C1CN=CO1,CCCCCC,0,,0.25882352941176473,1,0.9990862593392045
CCCCCCCCCCCCCCCCCC1=NC(C)(C)C(=O)O1,1,O=C1CN=CO1,CCCCCCCCC(=O)O,0,,0.24615384615384617,1,0.9993088853796852
CCCCCCCCCCCCCCCCCC1=NC(C)(C)C(=O)O1,1,O=C1CN=CO1,CCCCCCCC(=O)O,0,,0.24615384615384617,1,0.9991829667903821
CCCCCCCCCCCCCCCCCC1=NC(C)(C)C(=O)O1,1,O=C1CN=CO1,CCCCCCI,0,,0.23939393939393944,1,0.9992298177869805
CCCCCCC1=NC(C)(C)C(=O)O1,1,O=C1CN=CO1,CCCCCC,0,,0.25882352941176473,1,0.9975560319738457
CCCCCCC1=NC(C)(C)C(=O)O1,1,O=C1CN=CO1,CCCCCCCCC(=O)O,0,,0.24615384615384617,1,0.9913763180474766
CCCCCCC1=NC(C)(C)C(=O)O1,1,O=C1CN=CO1,CCCCCCCC(=O)O,0,,0.24615384615384617,1,0.9943092402369091
CCCCCCC1=NC(C)(C)C(=O)O1,1,O=C1CN=CO1,CCCCCCI,0,,0.23939393939393944,1,0.9944033866572737
CCCCCCCCCC1=NC(C)(C)C(=O)O1,1,O=C1CN=CO1,CCCCCC,0,,0.25882352941176473,1,0.9984763295483586
CCCCCCCCCC1=NC(C)(C)C(=O)O1,1,O=C1CN=CO1,CCCCCCCCC(=O)O,0,,0.24615384615384617,1,0.9962744004613105
CCCCCCCCCC1=NC(C)(C)C(=O)O1,1,O=C1CN=CO1,CCCCCCCC(=O)O,0,,0.24615384615384617,1,0.9951046252730205
CCCCCCCCCC1=NC(C)(C)C(=O)O1,1,O=C1CN=CO1,CCCCCCI,0,,0.23939393939393944,1,0.997355379569691
CCCCCCCCCCCC1=NC(C)(C)C(=O)O1,1,O=C1CN=CO1,CCCCCC,0,,0.25882352941176473,1,0.9988845837708364
CCCCCCCCCCCC1=NC(C)(C)C(=O)O1,1,O=C1CN=CO1,CCCCCCCCC(=O)O,0,,0.24615384615384617,1,0.9987551335749079
CCCCCCCCCCCC1=NC(C)(C)C(=O)O1,1,O=C1CN=CO1,CCCCCCCC(=O)O,0,,0.24615384615384617,1,0.9984060947916243
CCCCCCCCCCCC1=NC(C)(C)C(=O)O1,1,O=C1CN=CO1,CCCCCCI,0,,0.23939393939393944,1,0.9984974096962194
CCCCC1=NC(C)(C)C(=O)O1,1,O=C1CN=CO1,CCCCCC,0,,0.2366013071895425,1,0.9940438425190723
CCCCC1=NC(C)(C)C(=O)O1,1,O=C1CN=CO1,CCCCCCCCC(=O)O,0,,0.20170940170940171,1,0.9692612537953302
CCCCC1=NC(C)(C)C(=O)O1,1,O=C1CN=CO1,CCCCCCCC(=O)O,0,,0.20170940170940171,1,0.9801136104469378
CCCCC1=NC(C)(C)C(=O)O1,1,O=C1CN=CO1,CCCCBr,0,,0.19120234604105574,1,0.9949183254277904
O=C(C(=O)c1ccco1)c1ccco1,0,O=C(C(=O)c1ccco1)c1ccco1,O=C(O)C(=NOCc1ccccc1)C(=O)O,0,c1ccccc1,0.24206773618538327,0,0.2764194159082941
O=C(C(=O)c1ccco1)c1ccco1,0,O=C(C(=O)c1ccco1)c1ccco1,COc1ccc(C(C)=O)cc1,0,c1ccccc1,0.2366451612903226,0,0.32265382850424845
O=C(C(=O)c1ccco1)c1ccco1,0,O=C(C(=O)c1ccco1)c1ccco1,COC(=O)c1ccccc1O,0,c1ccccc1,0.23333333333333334,0,0.2369919247643234
O=C(C(=O)c1ccco1)c1ccco1,0,O=C(C(=O)c1ccco1)c1ccco1,COC(=O)c1ccc(O)cc1,0,c1ccccc1,0.21512791991101227,0,0.2833815203534149
CCOc1ccc(-c2nn3ncccc3c2-c2ccc(S(C)(=O)=O)cc2)cc1,0,c1ccc(-c2nn3ncccc3c2-c2ccccc2)cc1,CCOc1cc(C=O)ccc1O,0,c1ccccc1,0.19620427881297448,0,0.008832514374545996
CCOc1ccc(-c2nn3ncccc3c2-c2ccc(S(C)(=O)=O)cc2)cc1,0,c1ccc(-c2nn3ncccc3c2-c2ccccc2)cc1,CCOC(=O)c1ccccc1C(=O)OCC,0,c1ccccc1,0.18221134230926153,0,0.0022231409093982947
CCOc1ccc(-c2nn3ncccc3c2-c2ccc(S(C)(=O)=O)cc2)cc1,0,c1ccc(-c2nn3ncccc3c2-c2ccccc2)cc1,CCCOc1cccc(C(=O)O)c1,0,c1ccccc1,0.18150000000000002,0,0.0068510340934739835
CCOc1ccc(-c2nn3ncccc3c2-c2ccc(S(C)(=O)=O)cc2)cc1,0,c1ccc(-c2nn3ncccc3c2-c2ccccc2)cc1,CCOC(=O)C(C)(C)Oc1ccc(Cl)cc1,0,c1ccccc1,0.17620094191522767,0,0.025603586984541054
O=C1C=CC2(O)C3Cc4ccc(O)c5c4C2(CCN3)C1O5,1,O=C1C=CC2C3Cc4cccc5c4C2(CCN3)C1O5,COc1cc(C=O)ccc1O,0,c1ccccc1,0.1595744680851064,1,0.9786309739290561
O=C1C=CC2(O)C3Cc4ccc(O)c5c4C2(CCN3)C1O5,1,O=C1C=CC2C3Cc4cccc5c4C2(CCN3)C1O5,CCOc1cc(C=O)ccc1O,0,c1ccccc1,0.15266524520255864,1,0.9789428533737015
O=C1C=CC2(O)C3Cc4ccc(O)c5c4C2(CCN3)C1O5,1,O=C1C=CC2C3Cc4cccc5c4C2(CCN3)C1O5,C=CCc1ccc(O)c(OC(C)C)c1,0,c1ccccc1,0.14970657276995308,1,0.96361220865069
O=C1C=CC2(O)C3Cc4ccc(O)c5c4C2(CCN3)C1O5,1,O=C1C=CC2C3Cc4cccc5c4C2(CCN3)C1O5,COc1ccc(C=O)cc1O,0,c1ccccc1,0.14147299509001637,1,0.9733077279774588
CC(C)C1=CC2=CCC3C(C)(C(=O)O)CCCC3(C)C2CC1,1,C1=CC2=CCC3CCCCC3C2CC1,COc1ccc(C2(C#N)CCC(C(=O)O)CC2)cc1OC1CCCC1,0,c1cc(OC2CCCC2)cc(C2CCCCC2)c1,0.18147619047619049,1,0.9462338943975572
CC(C)C1=CC2=CCC3C(C)(C(=O)O)CCCC3(C)C2CC1,1,C1=CC2=CCC3CCCCC3C2CC1,CC(O)C(=O)O,0,,0.16620775969962454,1,0.8994195730781356
CC(C)C1=CC2=CCC3C(C)(C(=O)O)CCCC3(C)C2CC1,1,C1=CC2=CCC3CCCCC3C2CC1,C=CC1(C)CC(OC(=O)CO)C2(C)C(C)CCC3(CCC(=O)C32)C(C)C1O,0,O=C1CCC23CCCCCC(CCC2)C13,0.14980044345898003,1,0.9542495161024007
CC(C)C1=CC2=CCC3C(C)(C(=O)O)CCCC3(C)C2CC1,1,C1=CC2=CCC3CCCCC3C2CC1,CCCCCCCCC(=O)O,0,,0.12987012987012989,1,0.7675224282501417
CCC1OC(=O)C(C)C(OC2CC(C)(OC)C(O)C(C)O2)C(C)C(OC2OC(C)CC(N(C)C)C2O)C(C)(O)CC(C)CN(C)C(C)C(O)C1(C)O,1,O=C1CC(OC2CCCCO2)CC(OC2CCCCO2)CCCCNCCCCO1,C=CC1(C)CC(OC(=O)CO)C2(C)C(C)CCC3(CCC(=O)C32)C(C)C1O,0,O=C1CCC23CCCCCC(CCC2)C13,0.14344827586206899,1,0.8950490038868769
CCC1OC(=O)C(C)C(OC2CC(C)(OC)C(O)C(C)O2)C(C)C(OC2OC(C)CC(N(C)C)C2O)C(C)(O)CC(C)CN(C)C(C)C(O)C1(C)O,1,O=C1CC(OC2CCCCO2)CC(OC2CCCCO2)CCCCNCCCCO1,NCC1OC(OC2C(N)CC(N)C(OC3OC(CO)C(O)C(N)C3O)C2O)C(O)C(O)C1O,0,C1CCC(OC2CCCC(OC3CCCCO3)C2)OC1,0.1419607843137255,1,0.9999009197821606
CCC1OC(=O)C(C)C(OC2CC(C)(OC)C(O)C(C)O2)C(C)C(OC2OC(C)CC(N(C)C)C2O)C(C)(O)CC(C)CN(C)C(C)C(O)C1(C)O,1,O=C1CC(OC2CCCCO2)CC(OC2CCCCO2)CCCCNCCCCO1,CC(C)(C)OC(=O)N1CC(F)CC1C(N)=O,0,C1CCNC1,0.11887474461731888,1,0.9414026685323081
CCC1OC(=O)C(C)C(OC2CC(C)(OC)C(O)C(C)O2)C(C)C(OC2OC(C)CC(N(C)C)C2O)C(C)(O)CC(C)CN(C)C(C)C(O)C1(C)O,1,O=C1CC(OC2CCCCO2)CC(OC2CCCCO2)CCCCNCCCCO1,CC(C)(C)OC(=O)N1CC(F)CC1C(=O)O,0,C1CCNC1,0.10905866706073594,1,0.9297356142369299
O=C(Oc1ccccc1)c1ccccc1,1,O=C(Oc1ccccc1)c1ccccc1,CCCOc1cccc(C(=O)O)c1,0,c1ccccc1,0.35555555555555557,1,0.7971497110177964
O=C(Oc1ccccc1)c1ccccc1,1,O=C(Oc1ccccc1)c1ccccc1,COC(=O)c1ccc(O)cc1,0,c1ccccc1,0.3416666666666667,1,0.8199542032213945
O=C(Oc1ccccc1)c1ccccc1,1,O=C(Oc1ccccc1)c1ccccc1,CCOC(=O)CC(=O)c1ccccc1,0,c1ccccc1,0.34161220043572993,1,0.8006198534129244
O=C(Oc1ccccc1)c1ccccc1,1,O=C(Oc1ccccc1)c1ccccc1,CCOC(=O)c1ccccc1C(=O)OCC,0,c1ccccc1,0.3398826979472141,1,0.584226458785441
CCOC(=O)c1nnc[nH]1,0,c1nnc[nH]1,CCOC(=O)c1ccccc1C(=O)OCC,0,c1ccccc1,0.4008403361344538,0,0.022570453311146717
CCOC(=O)c1nnc[nH]1,0,c1nnc[nH]1,CCOC(=O)c1ccc(N)cc1,0,c1ccccc1,0.3652027027027027,0,0.032738072203169453
CCOC(=O)c1nnc[nH]1,0,c1nnc[nH]1,CCOC(=O)CC(=O)c1ccccc1,0,c1ccccc1,0.2812051649928264,0,0.056576647126501685
CCOC(=O)c1nnc[nH]1,0,c1nnc[nH]1,CCCOC(=O)c1ccc(O)cc1,0,c1ccccc1,0.2660627177700349,0,0.07137037971261327
Cc1c2ccc(N)cc2nn1C,0,c1ccc2n[nH]cc2c1,Cc1ccc(N)cc1S(N)(=O)=O,0,c1ccccc1,0.2845201238390093,0,0.32157025380538956
Cc1c2ccc(N)cc2nn1C,0,c1ccc2n[nH]cc2c1,CCOC(=O)c1ccc(N)cc1,0,c1ccccc1,0.2213240418118467,0,0.18896903860665656
Cc1c2ccc(N)cc2nn1C,0,c1ccc2n[nH]cc2c1,Nc1ccc(S(N)(=O)=O)cc1,0,c1ccccc1,0.20555555555555555,0,0.27169443645309066
Cc1c2ccc(N)cc2nn1C,0,c1ccc2n[nH]cc2c1,CC(C)(C)OC(=O)c1cccc(N)c1,0,c1ccccc1,0.20324324324324328,0,0.2026451781414517
O=C(O)c1cccc(-c2cc(Cl)cc([N+](=O)[O-])c2O)c1,1,c1ccc(-c2ccccc2)cc1,O=C(O)c1ccc(O)cc1,0,c1ccccc1,0.28798449612403104,1,0.8318712155924473
O=C(O)c1cccc(-c2cc(Cl)cc([N+](=O)[O-])c2O)c1,1,c1ccc(-c2ccccc2)cc1,CCCOc1cccc(C(=O)O)c1,0,c1ccccc1,0.2872909698996655,1,0.7588450228104067
O=C(O)c1cccc(-c2cc(Cl)cc([N+](=O)[O-])c2O)c1,1,c1ccc(-c2ccccc2)cc1,CCC(=O)c1cccc(Cl)c1,0,c1ccccc1,0.26335403726708073,1,0.7178813132029415
O=C(O)c1cccc(-c2cc(Cl)cc([N+](=O)[O-])c2O)c1,1,c1ccc(-c2ccccc2)cc1,O=C(O)c1ccccc1O,0,c1ccccc1,0.25499412455934195,1,0.7785869138024281
O=Cc1ccc(-c2ccc(C(F)(F)F)cc2)cc1,0,c1ccc(-c2ccccc2)cc1,O=Cc1ccccc1,0,c1ccccc1,0.41295546558704455,0,0.31355803867412746
O=Cc1ccc(-c2ccc(C(F)(F)F)cc2)cc1,0,c1ccc(-c2ccccc2)cc1,COc1ccc(C=O)cc1O,0,c1ccccc1,0.2876447876447877,0,0.11147436041032921
O=Cc1ccc(-c2ccc(C(F)(F)F)cc2)cc1,0,c1ccc(-c2ccccc2)cc1,COc1cc(C=O)ccc1O,0,c1ccccc1,0.28518173345759557,0,0.1063048821818484
O=Cc1ccc(-c2ccc(C(F)(F)F)cc2)cc1,0,c1ccc(-c2ccccc2)cc1,CCOc1cc(C=O)ccc1O,0,c1ccccc1,0.2645161290322581,0,0.29085997992165574
ClCc1ccc2ccc3cccc4ccc1c2c34,1,c1cc2ccc3cccc4ccc(c1)c2c34,CCC(=O)c1cccc(Cl)c1,0,c1ccccc1,0.18486122792262408,1,0.9484981569152238
ClCc1ccc2ccc3cccc4ccc1c2c34,1,c1cc2ccc3cccc4ccc(c1)c2c34,CCC(N)c1ccccc1,0,c1ccccc1,0.18333333333333335,1,0.9336826147461281
ClCc1ccc2ccc3cccc4ccc1c2c34,1,c1cc2ccc3cccc4ccc(c1)c2c34,Clc1ccccc1,0,c1ccccc1,0.17793103448275865,1,0.9412975704398024
ClCc1ccc2ccc3cccc4ccc1c2c34,1,c1cc2ccc3cccc4ccc(c1)c2c34,O=Cc1ccccc1,0,c1ccccc1,0.15411255411255412,1,0.9123381901878866
COc1ccc(C2(C#N)CCC(C(=O)O)CC2)cc1OC1CCCC1,0,c1cc(OC2CCCC2)cc(C2CCCCC2)c1,COc1ccc(C=O)cc1O,0,c1ccccc1,0.22931034482758622,0,0.014885115919681361
COc1ccc(C2(C#N)CCC(C(=O)O)CC2)cc1OC1CCCC1,0,c1cc(OC2CCCC2)cc(C2CCCCC2)c1,COc1cc(C=O)ccc1O,0,c1ccccc1,0.2172573189522342,0,0.01356766365485938
COc1ccc(C2(C#N)CCC(C(=O)O)CC2)cc1OC1CCCC1,0,c1cc(OC2CCCC2)cc(C2CCCCC2)c1,COc1cc(C(=O)CC(=O)C(C)(C)C)cc(OC)c1OC,0,c1ccccc1,0.20777777777777778,0,0.01995330570651711
COc1ccc(C2(C#N)CCC(C(=O)O)CC2)cc1OC1CCCC1,0,c1cc(OC2CCCC2)cc(C2CCCCC2)c1,COc1ccc(C(C)=O)cc1,0,c1ccccc1,0.1978571428571429,0,0.04657866913713253
NCC1OC(OC2C(N)CC(N)C(OC3OC(CO)C(O)C(N)C3O)C2O)C(O)C(O)C1O,0,C1CCC(OC2CCCC(OC3CCCCO3)C2)OC1,C=CC1(C)CC(OC(=O)CO)C2(C)C(C)CCC3(CCC(=O)C32)C(C)C1O,0,O=C1CCC23CCCCCC(CCC2)C13,0.10450691655510932,0,0.13135706535422612
NCC1OC(OC2C(N)CC(N)C(OC3OC(CO)C(O)C(N)C3O)C2O)C(O)C(O)C1O,0,C1CCC(OC2CCCC(OC3CCCCO3)C2)OC1,OCC(O)CO,0,,0.10397727272727274,0,0.04709594541931242
NCC1OC(OC2C(N)CC(N)C(OC3OC(CO)C(O)C(N)C3O)C2O)C(O)C(O)C1O,0,C1CCC(OC2CCCC(OC3CCCCO3)C2)OC1,NC(=O)C1CC(F)CN1,0,C1CCNC1,0.0987012987012987,0,0.053011450015086635
NCC1OC(OC2C(N)CC(N)C(OC3OC(CO)C(O)C(N)C3O)C2O)C(O)C(O)C1O,0,C1CCC(OC2CCCC(OC3CCCCO3)C2)OC1,CC(C)(C)OC(=O)N1CC(F)CC1C(N)=O,0,C1CCNC1,0.09017268445839875,0,0.05668624029593253
Oc1cccc2ccccc12,1,c1ccc2ccccc2c1,O=C(O)c1ccccc1O,0,c1ccccc1,0.3377926421404682,1,0.7259470997467058
Oc1cccc2ccccc12,1,c1ccc2ccccc2c1,COC(=O)c1ccccc1O,0,c1ccccc1,0.29833333333333334,1,0.7280795931989171
Oc1cccc2ccccc12,1,c1ccc2ccccc2c1,Clc1ccccc1,0,c1ccccc1,0.2092071611253197,1,0.8403060105680428
Oc1cccc2ccccc12,1,c1ccc2ccccc2c1,O=C(O)c1ccc(O)cc1,0,c1ccccc1,0.19503105590062114,1,0.8673988824899769
O=c1c(-c2ccccc2)c1-c1ccccc1,1,O=c1c(-c2ccccc2)c1-c1ccccc1,O=Cc1ccccc1,0,c1ccccc1,0.29898989898989903,1,0.9601525468149745
O=c1c(-c2ccccc2)c1-c1ccccc1,1,O=c1c(-c2ccccc2)c1-c1ccccc1,Clc1ccccc1,0,c1ccccc1,0.27749999999999997,1,0.9759028392469362
O=c1c(-c2ccccc2)c1-c1ccccc1,1,O=c1c(-c2ccccc2)c1-c1ccccc1,O=C(O)c1ccccc1O,0,c1ccccc1,0.2473846153846154,1,0.9287315026412846
O=c1c(-c2ccccc2)c1-c1ccccc1,1,O=c1c(-c2ccccc2)c1-c1ccccc1,Nc1ccccc1C(=O)O,0,c1ccccc1,0.2394074074074074,1,0.9052417325384849
O=C(C(=O)c1ccccc1)C1=CCC(Br)(Br)C=C1,1,O=C(C(=O)c1ccccc1)C1=CCCC=C1,CCOC(=O)CC(=O)c1ccccc1,0,c1ccccc1,0.266304347826087,1,0.9582260416434883
O=C(C(=O)c1ccccc1)C1=CCC(Br)(Br)C=C1,1,O=C(C(=O)c1ccccc1)C1=CCCC=C1,CCC(=O)c1cccc(Cl)c1,0,c1ccccc1,0.22819148936170214,1,0.9742393714493534
O=C(C(=O)c1ccccc1)C1=CCC(Br)(Br)C=C1,1,O=C(C(=O)c1ccccc1)C1=CCCC=C1,O=C(C(=O)c1ccco1)c1ccco1,0,O=C(C(=O)c1ccco1)c1ccco1,0.22242424242424244,1,0.9948686145378508
O=C(C(=O)c1ccccc1)C1=CCC(Br)(Br)C=C1,1,O=C(C(=O)c1ccccc1)C1=CCCC=C1,O=Cc1ccccc1,0,c1ccccc1,0.20662768031189083,1,0.9818781999136578
CC(C)(C)N(Cc1ccccc1)CC(O)c1ccc(O)c(CO)c1,0,c1ccc(CCNCc2ccccc2)cc1,C=CCc1ccc(O)c(OC(C)C)c1,0,c1ccccc1,0.20444444444444448,0,0.4305655734732041
CC(C)(C)N(Cc1ccccc1)CC(O)c1ccc(O)c(CO)c1,0,c1ccc(CCNCc2ccccc2)cc1,CCC(N)c1ccccc1,0,c1ccccc1,0.19783783783783787,0,0.3171130852450586
CC(C)(C)N(Cc1ccccc1)CC(O)c1ccc(O)c(CO)c1,0,c1ccc(CCNCc2ccccc2)cc1,COC(=O)c1ccccc1O,0,c1ccccc1,0.1912280701754386,0,0.23057829875797994
CC(C)(C)N(Cc1ccccc1)CC(O)c1ccc(O)c(CO)c1,0,c1ccc(CCNCc2ccccc2)cc1,CCOc1cc(C=O)ccc1O,0,c1ccccc1,0.1821048482459598,0,0.12761387855436213
O=CC=C(c1ccccc1)c1ccccc1,1,C=C(c1ccccc1)c1ccccc1,O=Cc1ccccc1,0,c1ccccc1,0.38888888888888895,1,0.9677326367762766
O=CC=C(c1ccccc1)c1ccccc1,1,C=C(c1ccccc1)c1ccccc1,CCOC(=O)CC(=O)c1ccccc1,0,c1ccccc1,0.2878306878306878,1,0.9551919964236164
O=CC=C(c1ccccc1)c1ccccc1,1,C=C(c1ccccc1)c1ccccc1,O=C(O)c1ccccc1O,0,c1ccccc1,0.2482758620689655,1,0.9179084102146156
O=CC=C(c1ccccc1)c1ccccc1,1,C=C(c1ccccc1)c1ccccc1,Nc1ccccc1C(=O)O,0,c1ccccc1,0.24091954022988507,1,0.9376318295658452
O=C1C([PH](c2ccccc2)(c2ccccc2)c2ccccc2)CCN1c1ccccc1,0,O=C1C([PH](c2ccccc2)(c2ccccc2)c2ccccc2)CCN1c1ccccc1,O=Cc1ccccc1,0,c1ccccc1,0.2251207729468599,0,0.18828050844538774
O=C1C([PH](c2ccccc2)(c2ccccc2)c2ccccc2)CCN1c1ccccc1,0,O=C1C([PH](c2ccccc2)(c2ccccc2)c2ccccc2)CCN1c1ccccc1,Nc1ccccc1C(=O)O,0,c1ccccc1,0.1835294117647059,0,0.25845514975690076
O=C1C([PH](c2ccccc2)(c2ccccc2)c2ccccc2)CCN1c1ccccc1,0,O=C1C([PH](c2ccccc2)(c2ccccc2)c2ccccc2)CCN1c1ccccc1,O=C1NS(=O)(=O)c2ccccc21,0,O=C1NS(=O)(=O)c2ccccc21,0.18244514106583073,0,0.04225740303573929
O=C1C([PH](c2ccccc2)(c2ccccc2)c2ccccc2)CCN1c1ccccc1,0,O=C1C([PH](c2ccccc2)(c2ccccc2)c2ccccc2)CCN1c1ccccc1,CCC(C)C1C(=O)NC(C2Cc3ccccc3C2)C(=O)N1C(C(=O)N1CCOCC1)c1coc(C)n1,0,O=C1CN(C(C(=O)N2CCOCC2)c2cocn2)C(=O)C(C2Cc3ccccc3C2)N1,0.17682926829268292,0,0.009743170269463279
CC1(C)CC(CBr)C(=O)O1,1,O=C1CCCO1,CC(C)(C)OC(=O)N1CC(F)CC1C(N)=O,0,C1CCNC1,0.17128851540616247,1,0.9832009321772899
CC1(C)CC(CBr)C(=O)O1,1,O=C1CCCO1,CC(C)(C)OC(=O)N1CC(F)CC1C(=O)O,0,C1CCNC1,0.16125,1,0.9796966538527406
CC1(C)CC(CBr)C(=O)O1,1,O=C1CCCO1,CCCCBr,0,,0.16036866359447005,1,0.9951008326332917
CC1(C)CC(CBr)C(=O)O1,1,O=C1CCCO1,C=CC1(C)CC(OC(=O)CO)C2(C)C(C)CCC3(CCC(=O)C32)C(C)C1O,0,O=C1CCC23CCCCCC(CCC2)C13,0.15944055944055946,1,0.9817487238811994
FOC1=C2CCC(C2)C1,1,C1=C2CCC(C1)C2,CC(C)(C)OC(=O)N1CC(F)CC1C(N)=O,0,C1CCNC1,0.13069908814589665,1,0.9512256077546521
FOC1=C2CCC(C2)C1,1,C1=C2CCC(C1)C2,CC(C)(C)OC(=O)N1CC(F)CC1C(=O)O,0,C1CCNC1,0.12998885172798216,1,0.9713631178457502
FOC1=C2CCC(C2)C1,1,C1=C2CCC(C1)C2,C=CC1(C)CC(OC(=O)CO)C2(C)C(C)CCC3(CCC(=O)C32)C(C)C1O,0,O=C1CCC23CCCCCC(CCC2)C13,0.10789297658862877,1,0.9880582490370621
FOC1=C2CCC(C2)C1,1,C1=C2CCC(C1)C2,CC(C)(C)OC(=O)NC(C(=O)N1CC(F)CC1C#N)C(c1ccc(F)cc1)c1ccc(F)cc1,0,O=C(CC(c1ccccc1)c1ccccc1)N1CCCC1,0.10358208955223881,1,0.9233357082463606
C=CC1(C)CC(OC(=O)CO)C2(C)C(C)CCC3(CCC(=O)C32)C(C)C1O,0,O=C1CCC23CCCCCC(CCC2)C13,C=CC(=O)OCC(CO)(COC(=O)C=C)COC(=O)C=C,0,,0.16615853658536586,0,0.16341762089403392
C=CC1(C)CC(OC(=O)CO)C2(C)C(C)CCC3(CCC(=O)C32)C(C)C1O,0,O=C1CCC23CCCCCC(CCC2)C13,C=CC(=O)OCC(CC)(COC(=O)C=C)COC(=O)C=C,0,,0.15954971857410882,0,0.1027649855105874
C=CC1(C)CC(OC(=O)CO)C2(C)C(C)CCC3(CCC(=O)C32)C(C)C1O,0,O=C1CCC23CCCCCC(CCC2)C13,C=C(C)C(=O)OCC(C)O,0,,0.14846153846153848,0,0.19149002888751288
C=CC1(C)CC(OC(=O)CO)C2(C)C(C)CCC3(CCC(=O)C32)C(C)C1O,0,O=C1CCC23CCCCCC(CCC2)C13,COc1ccc(C2(C#N)CCC(C(=O)O)CC2)cc1OC1CCCC1,0,c1cc(OC2CCCC2)cc(C2CCCCC2)c1,0.1394345238095238,0,0.17934547398344514
O=S(=O)(Cl)c1ccc2c(c1)OCO2,1,c1ccc2c(c1)OCO2,Nc1ccc(S(N)(=O)=O)cc1,0,c1ccccc1,0.2365111561866126,1,0.9374687312476504
O=S(=O)(Cl)c1ccc2c(c1)OCO2,1,c1ccc2c(c1)OCO2,Nc1ccc(S(=O)(=O)O)cc1,0,c1ccccc1,0.20103896103896104,1,0.884971484402746
O=S(=O)(Cl)c1ccc2c(c1)OCO2,1,c1ccc2c(c1)OCO2,Cc1ccc(N)cc1S(N)(=O)=O,0,c1ccccc1,0.18033536585365856,1,0.916786999852088
O=S(=O)(Cl)c1ccc2c(c1)OCO2,1,c1ccc2c(c1)OCO2,COc1ccc(C=O)cc1O,0,c1ccccc1,0.16909090909090907,1,0.8720142053914252
NC(=O)C1CC(F)CN1,0,C1CCNC1,CC(C)(C)OC(=O)N1CC(F)CC1C(N)=O,0,C1CCNC1,0.2891774891774892,0,0.11488467538969004
NC(=O)C1CC(F)CN1,0,C1CCNC1,CC(C)(C)OC(=O)N1CC(F)CC1C(=O)O,0,C1CCNC1,0.20466200466200468,0,0.16258154613285644
NC(=O)C1CC(F)CN1,0,C1CCNC1,N#CC1CC(F)CN1C(=O)C(N)C(c1ccc(F)cc1)c1ccc(F)cc1,0,O=C(CC(c1ccccc1)c1ccccc1)N1CCCC1,0.191005291005291,0,0.0297758559741739
NC(=O)C1CC(F)CN1,0,C1CCNC1,CC(C)(C)OC(=O)NC(C(=O)N1CC(F)CC1C#N)C(c1ccc(F)cc1)c1ccc(F)cc1,0,O=C(CC(c1ccccc1)c1ccccc1)N1CCCC1,0.1410909090909091,0,0.03392037745348487
CC(C)(C)OC(=O)N1CC(F)CC1C(N)=O,0,C1CCNC1,CC(C)(C)OC(=O)N1CC(F)CC1C(=O)O,0,C1CCNC1,0.7125000000000001,0,0.0036722744524327867
CC(C)(C)OC(=O)N1CC(F)CC1C(N)=O,0,C1CCNC1,CC(C)(C)OC(=O)NC(C(=O)N1CC(F)CC1C#N)C(c1ccc(F)cc1)c1ccc(F)cc1,0,O=C(CC(c1ccccc1)c1ccccc1)N1CCCC1,0.3445824706694272,0,0.0004222016139219078
CC(C)(C)OC(=O)N1CC(F)CC1C(N)=O,0,C1CCNC1,NC(=O)C1CC(F)CN1,0,C1CCNC1,0.2891774891774892,0,0.009988033495501158
CC(C)(C)OC(=O)N1CC(F)CC1C(N)=O,0,C1CCNC1,N#CC1CC(F)CN1C(=O)C(N)C(c1ccc(F)cc1)c1ccc(F)cc1,0,O=C(CC(c1ccccc1)c1ccccc1)N1CCCC1,0.24884437596302006,0,0.0007817453896668874
CC(C)(C)OC(=O)N1CC(F)CC1C(=O)O,0,C1CCNC1,CC(C)(C)OC(=O)N1CC(F)CC1C(N)=O,0,C1CCNC1,0.7125000000000001,0,0.004124288190759666
CC(C)(C)OC(=O)N1CC(F)CC1C(=O)O,0,C1CCNC1,CC(C)(C)OC(=O)NC(C(=O)N1CC(F)CC1C#N)C(c1ccc(F)cc1)c1ccc(F)cc1,0,O=C(CC(c1ccccc1)c1ccccc1)N1CCCC1,0.32666666666666666,0,0.000749847226048418
CC(C)(C)OC(=O)N1CC(F)CC1C(=O)O,0,C1CCNC1,N#CC1CC(F)CN1C(=O)C(N)C(c1ccc(F)cc1)c1ccc(F)cc1,0,O=C(CC(c1ccccc1)c1ccccc1)N1CCCC1,0.23149717514124296,0,0.0012988267709979251
CC(C)(C)OC(=O)N1CC(F)CC1C(=O)O,0,C1CCNC1,NC(=O)C1CC(F)CN1,0,C1CCNC1,0.20466200466200468,0,0.005616720182274459
CCCOc1ccc(Br)c(C(=O)c2ccc(OC)cc2O)c1,0,O=C(c1ccccc1)c1ccccc1,CCCOc1ccc(Br)c(C(=O)O)c1,0,c1ccccc1,0.5766233766233767,0,0.19862543987730222
CCCOc1ccc(Br)c(C(=O)c2ccc(OC)cc2O)c1,0,O=C(c1ccccc1)c1ccccc1,CCCOc1cccc(C(=O)O)c1,0,c1ccccc1,0.3676363636363637,0,0.121220285617071
CCCOc1ccc(Br)c(C(=O)c2ccc(OC)cc2O)c1,0,O=C(c1ccccc1)c1ccccc1,CCCOC(=O)c1ccc(O)cc1,0,c1ccccc1,0.30829268292682926,0,0.03095580584128961
CCCOc1ccc(Br)c(C(=O)c2ccc(OC)cc2O)c1,0,O=C(c1ccccc1)c1ccccc1,COc1ccc(C(C)=O)cc1,0,c1ccccc1,0.2934988179669031,0,0.12157783632524538
O=C(Oc1ccc([N+](=O)[O-])cc1)OC1COC2OCCC12,1,O=C(Oc1ccccc1)OC1COC2OCCC12,COc1ccc(C(C)=O)cc1,0,c1ccccc1,0.17333333333333334,1,0.9773261990746442
O=C(Oc1ccc([N+](=O)[O-])cc1)OC1COC2OCCC12,1,O=C(Oc1ccccc1)OC1COC2OCCC12,CCOC(=O)C(C)(C)Oc1ccc(Cl)cc1,0,c1ccccc1,0.15694444444444444,1,0.8704404641341126
O=C(Oc1ccc([N+](=O)[O-])cc1)OC1COC2OCCC12,1,O=C(Oc1ccccc1)OC1COC2OCCC12,CCCOc1ccc(Br)c(C(=O)O)c1,0,c1ccccc1,0.15158555729984302,1,0.8975360486359568
O=C(Oc1ccc([N+](=O)[O-])cc1)OC1COC2OCCC12,1,O=C(Oc1ccccc1)OC1COC2OCCC12,COc1cc(CC#N)c([N+](=O)[O-])cc1C(F)(F)F,0,c1ccccc1,0.14800000000000002,1,0.9411848405805592
O=C1OC2(c3ccc(O)cc3Oc3cc(O)ccc32)c2ccc(N=C=S)cc21,1,O=C1OC2(c3ccccc3Oc3ccccc32)c2ccccc21,COC(=O)c1ccc(O)cc1,0,c1ccccc1,0.20899001109877913,1,0.9927697512106447
O=C1OC2(c3ccc(O)cc3Oc3cc(O)ccc32)c2ccc(N=C=S)cc21,1,O=C1OC2(c3ccccc3Oc3ccccc32)c2ccccc21,COC(=O)c1ccccc1O,0,c1ccccc1,0.19414141414141414,1,0.9838427385706351
O=C1OC2(c3ccc(O)cc3Oc3cc(O)ccc32)c2ccc(N=C=S)cc21,1,O=C1OC2(c3ccccc3Oc3ccccc32)c2ccccc21,CCCOC(=O)c1ccc(O)cc1,0,c1ccccc1,0.18929219600725955,1,0.98628595754981
O=C1OC2(c3ccc(O)cc3Oc3cc(O)ccc32)c2ccc(N=C=S)cc21,1,O=C1OC2(c3ccccc3Oc3ccccc32)c2ccccc21,O=C(O)c1ccc(O)cc1,0,c1ccccc1,0.17061224489795918,1,0.9988537329955818
CCC(C)C1C(=O)NC(C2Cc3ccccc3C2)C(=O)N1C(C(=O)N1CCOCC1)c1coc(C)n1,0,O=C1CN(C(C(=O)N2CCOCC2)c2cocn2)C(=O)C(C2Cc3ccccc3C2)N1,CCOC(=O)c1ccccc1C(=O)OCC,0,c1ccccc1,0.18454054054054056,0,0.0030994958360181404
CCC(C)C1C(=O)NC(C2Cc3ccccc3C2)C(=O)N1C(C(=O)N1CCOCC1)c1coc(C)n1,0,O=C1CN(C(C(=O)N2CCOCC2)c2cocn2)C(=O)C(C2Cc3ccccc3C2)N1,CCOC(=O)CC(=O)c1ccccc1,0,c1ccccc1,0.1816455696202532,0,0.004803040561545222
CCC(C)C1C(=O)NC(C2Cc3ccccc3C2)C(=O)N1C(C(=O)N1CCOCC1)c1coc(C)n1,0,O=C1CN(C(C(=O)N2CCOCC2)c2cocn2)C(=O)C(C2Cc3ccccc3C2)N1,O=C1C([PH](c2ccccc2)(c2ccccc2)c2ccccc2)CCN1c1ccccc1,0,O=C1C([PH](c2ccccc2)(c2ccccc2)c2ccccc2)CCN1c1ccccc1,0.17682926829268292,0,6.430351410153532e-06
CCC(C)C1C(=O)NC(C2Cc3ccccc3C2)C(=O)N1C(C(=O)N1CCOCC1)c1coc(C)n1,0,O=C1CN(C(C(=O)N2CCOCC2)c2cocn2)C(=O)C(C2Cc3ccccc3C2)N1,CCOC(=O)c1nnc[nH]1,0,c1nnc[nH]1,0.15711864406779663,0,0.0019829594035311875
Cc1nc2ccccc2c(=O)o1,1,O=c1ocnc2ccccc12,O=Cc1ccccc1,0,c1ccccc1,0.21203703703703705,1,0.9599683932863387
Cc1nc2ccccc2c(=O)o1,1,O=c1ocnc2ccccc12,CCOC(=O)CC(=O)c1ccccc1,0,c1ccccc1,0.2057142857142857,1,0.8943155068627454
Cc1nc2ccccc2c(=O)o1,1,O=c1ocnc2ccccc12,Cc1c2ccc(N)cc2nn1C,0,c1ccc2n[nH]cc2c1,0.20026578073089701,1,0.9865395712856733
Cc1nc2ccccc2c(=O)o1,1,O=c1ocnc2ccccc12,CCOC(=O)c1ccccc1C(=O)OCC,0,c1ccccc1,0.19967105263157894,1,0.8681289264618831
O=c1[nH]sc2ccccc12,1,O=c1[nH]sc2ccccc12,O=C1NS(=O)(=O)c2ccccc21,0,O=C1NS(=O)(=O)c2ccccc21,0.2393509127789047,1,0.9306516591946394
O=c1[nH]sc2ccccc12,1,O=c1[nH]sc2ccccc12,O=Cc1ccccc1,0,c1ccccc1,0.2002998500749625,1,0.7588629819488861
O=c1[nH]sc2ccccc12,1,O=c1[nH]sc2ccccc12,Clc1ccccc1,0,c1ccccc1,0.17671957671957672,1,0.9038965801097593
O=c1[nH]sc2ccccc12,1,O=c1[nH]sc2ccccc12,O=C(O)c1ccccc1O,0,c1ccccc1,0.17212121212121215,1,0.8503168987765399
C=C1C=CC(C(C)C)CC1,1,C=C1C=CCCC1,C=C(C=CCC(C)C)CC,0,,0.18000000000000002,1,0.7957003120678358
C=C1C=CC(C(C)C)CC1,1,C=C1C=CCCC1,C=CCc1ccc(O)c(OC(C)C)c1,0,c1ccccc1,0.12285714285714286,1,0.9462812289864483
C=C1C=CC(C(C)C)CC1,1,C=C1C=CCCC1,C=CC1(C)CC(OC(=O)CO)C2(C)C(C)CCC3(CCC(=O)C32)C(C)C1O,0,O=C1CCC23CCCCCC(CCC2)C13,0.11772843101565345,1,0.8587533651176503
C=C1C=CC(C(C)C)CC1,1,C=C1C=CCCC1,CC(C)O,0,,0.1158371040723982,1,0.7095164681809912
C=C1CC(C(=C)C)CC=C1C,1,C=C1C=CCCC1,C=C(C=CCC(C)C)CC,0,,0.16040100250626566,1,0.9257069366503743
C=C1CC(C(=C)C)CC=C1C,1,C=C1C=CCCC1,C=C(C)C(=O)OCC(C)O,0,,0.126007326007326,0,0.38274262584772767
C=C1CC(C(=C)C)CC=C1C,1,C=C1C=CCCC1,COc1ccc(C(C)=O)cc1,0,c1ccccc1,0.1142857142857143,1,0.9659875957622949
C=C1CC(C(=C)C)CC=C1C,1,C=C1C=CCCC1,CCOC(=O)CC(=O)c1ccccc1,0,c1ccccc1,0.1136231884057971,1,0.8767488749005152
CC(C)(C)c1ccc(OCC2CO2)cc1,1,c1ccc(OCC2CO2)cc1,CCOC(=O)C(C)(C)Oc1ccc(Cl)cc1,0,c1ccccc1,0.23333333333333334,1,0.9661138181417586
CC(C)(C)c1ccc(OCC2CO2)cc1,1,c1ccc(OCC2CO2)cc1,COc1ccc(C(C)=O)cc1,0,c1ccccc1,0.22120075046904317,1,0.9725933179982458
CC(C)(C)c1ccc(OCC2CO2)cc1,1,c1ccc(OCC2CO2)cc1,CCCOc1ccc(Br)c(C(=O)O)c1,0,c1ccccc1,0.20345945945945945,1,0.9511709228019424
CC(C)(C)c1ccc(OCC2CO2)cc1,1,c1ccc(OCC2CO2)cc1,CCCOc1cccc(C(=O)O)c1,0,c1ccccc1,0.19346938775510203,1,0.965711650056508
O=C1NS(=O)(=O)c2ccccc21,0,O=C1NS(=O)(=O)c2ccccc21,O=Cc1ccccc1,0,c1ccccc1,0.24000000000000005,0,0.21561705953923965
O=C1NS(=O)(=O)c2ccccc21,0,O=C1NS(=O)(=O)c2ccccc21,CCOC(=O)c1ccccc1C(=O)OCC,0,c1ccccc1,0.21955555555555556,0,0.056907136074699105
O=C1NS(=O)(=O)c2ccccc21,0,O=C1NS(=O)(=O)c2ccccc21,COC(=O)c1ccccc1O,0,c1ccccc1,0.2084942084942085,0,0.05336791718108902
O=C1NS(=O)(=O)c2ccccc21,0,O=C1NS(=O)(=O)c2ccccc21,O=C(O)c1ccccc1O,0,c1ccccc1,0.20303030303030303,0,0.12185767454844337
