query_smiles,query_label,query_scaffold,neighbor_smiles,neighbor_label,neighbor_scaffold,similarity,prediction,score
CCOCc1cc(OC)c(B(O)O)c(OC)c1,0,c1ccccc1,CCCc1ccc(O)c(OC)c1,1,c1ccccc1,0.34857142857142853,0,0.02334542952154892
CCOCc1cc(OC)c(B(O)O)c(OC)c1,0,c1ccccc1,CCCc1ccc(OC)c(O)c1,1,c1ccccc1,0.314769647696477,0,0.02230990080199298
CCOCc1cc(OC)c(B(O)O)c(OC)c1,0,c1ccccc1,C=CCc1ccc(O)c(OC)c1,1,c1ccccc1,0.3029715762273902,0,0.02112279619734773
CCOCc1cc(OC)c(B(O)O)c(OC)c1,0,c1ccccc1,C=CCc1cc(C)c(O)c(OC)c1,1,c1ccccc1,0.30131992457573853,0,0.025132530326801242
COc1cc(C(=O)CC(=O)C(C)(C)C)cc(OC)c1OC,0,c1ccccc1,CC(C)(C)C(=O)CC(=O)C(C)(C)C,1,,0.38467741935483873,0,0.3621567875236161
COc1cc(C(=O)CC(=O)C(C)(C)C)cc(OC)c1OC,0,c1ccccc1,O=C(CC(=O)C(F)(F)F)c1ccccc1,1,c1ccccc1,0.3336585365853659,0,0.13065547746168324
COc1cc(C(=O)CC(=O)C(C)(C)C)cc(OC)c1OC,0,c1ccccc1,COc1ccc(C=O)cc1OC,1,c1ccccc1,0.27936507936507937,0,0.43031883773218504
COc1cc(C(=O)CC(=O)C(C)(C)C)cc(OC)c1OC,0,c1ccccc1,CCCCCC(=O)CC(=O)c1ccccc1,1,c1ccccc1,0.2768892149669846,0,0.3001089196034706
CNC(C)c1cc(C(F)(F)F)cc(C(F)(F)F)c1,0,c1ccccc1,CCCN(CCC)c1c([N+](=O)[O-])cc(C(F)(F)F)cc1[N+](=O)[O-],1,c1ccccc1,0.2571428571428572,0,0.20654531556676559
CNC(C)c1cc(C(F)(F)F)cc(C(F)(F)F)c1,0,c1ccccc1,CNc1cccc(NC)c1,1,c1ccccc1,0.19000000000000003,0,0.12867293958660364
CNC(C)c1cc(C(F)(F)F)cc(C(F)(F)F)c1,0,c1ccccc1,CC(C=O)c1ccccc1,1,c1ccccc1,0.17037037037037037,0,0.13059934132719356
CNC(C)c1cc(C(F)(F)F)cc(C(F)(F)F)c1,0,c1ccccc1,CC(C=O)Cc1ccc(C(C)(C)C)cc1,1,c1ccccc1,0.16559139784946236,0,0.14418416350025953
CCC(N)c1ccccc1,0,c1ccccc1,CC(C=O)c1ccccc1,1,c1ccccc1,0.3523809523809524,1,0.7435993400009785
CCC(N)c1ccccc1,0,c1ccccc1,Nc1ccccc1,1,c1ccccc1,0.2879227053140097,0,0.43517574311006235
CCC(N)c1ccccc1,0,c1ccccc1,BrCc1ccccc1,1,c1ccccc1,0.2785425101214575,1,0.62554031504846
CCC(N)c1ccccc1,0,c1ccccc1,CCCCC(C=O)=Cc1ccccc1,1,c1ccccc1,0.27775467775467777,1,0.5152663421177798
O=C(O)C(=NOCc1ccccc1)C(=O)O,0,c1ccccc1,O=CCc1ccccc1,1,c1ccccc1,0.30806451612903224,0,0.24787719354969384
O=C(O)C(=NOCc1ccccc1)C(=O)O,0,c1ccccc1,BrCc1ccccc1,1,c1ccccc1,0.28444444444444444,0,0.39804022891951657
O=C(O)C(=NOCc1ccccc1)C(=O)O,0,c1ccccc1,O=C(Oc1ccccc1)c1ccccc1,1,O=C(Oc1ccccc1)c1ccccc1,0.283743842364532,0,0.2432746750090892
O=C(O)C(=NOCc1ccccc1)C(=O)O,0,c1ccccc1,O=C(O)Cc1ccc(C(=O)O)cc1,1,c1ccccc1,0.2709677419354839,0,0.2699450491499807
CCCOc1ccc(Br)c(C(=O)O)c1,0,c1ccccc1,CCCOC(=O)c1cc(O)c(O)c(O)c1,1,c1ccccc1,0.28136363636363637,0,0.118389110466138
CCCOc1ccc(Br)c(C(=O)O)c1,0,c1ccccc1,CCC(=O)C=Cc1ccc(OC)cc1,1,c1ccccc1,0.2568868980963046,0,0.2500873112977656
CCCOc1ccc(Br)c(C(=O)O)c1,0,c1ccccc1,COc1ccc(NC(=O)CC(C)=O)cc1,1,c1ccccc1,0.24364429896344791,0,0.3893346029376492
CCCOc1ccc(Br)c(C(=O)O)c1,0,c1ccccc1,CCOC(=O)c1ccc(I)cc1,1,c1ccccc1,0.2388888888888889,0,0.11451196615905783
NS(=O)(=O)c1cccc(CCCCOCCCCCCBr)c1,0,c1ccccc1,CCCCCCCCCCCCOC(=O)c1cc(O)c(O)c(O)c1,1,c1ccccc1,0.2316883116883117,0,0.08562761489778024
NS(=O)(=O)c1cccc(CCCCOCCCCCCBr)c1,0,c1ccccc1,NCc1cccc(CN)c1,1,c1ccccc1,0.23047619047619047,0,0.3398082576123228
NS(=O)(=O)c1cccc(CCCCOCCCCCCBr)c1,0,c1ccccc1,BrCc1ccccc1,1,c1ccccc1,0.21991341991341992,0,0.18720662953810663
NS(=O)(=O)c1cccc(CCCCOCCCCCCBr)c1,0,c1ccccc1,O=C(O)CCCCCCCCCCCBr,1,,0.21263157894736845,0,0.3590007276059098
COc1ccc(C=O)cc1O,0,c1ccccc1,COc1ccc(C=O)cc1OC,1,c1ccccc1,0.6701298701298702,0,0.40696163780601785
COc1ccc(C=O)cc1O,0,c1ccccc1,CCCc1ccc(OC)c(O)c1,1,c1ccccc1,0.4964835164835165,0,0.4557041496361718
COc1ccc(C=O)cc1O,0,c1ccccc1,CC=Cc1ccc(O)c(OC)c1,1,c1ccccc1,0.47285714285714286,0,0.48178214642565587
COc1ccc(C=O)cc1O,0,c1ccccc1,COc1cc(C)ccc1O,1,c1ccccc1,0.4401515151515152,0,0.47919707974823433
CCCOc1cccc(C(=O)O)c1,0,c1ccccc1,O=C(Oc1ccccc1)c1ccccc1,1,O=C(Oc1ccccc1)c1ccccc1,0.35555555555555557,0,0.20569689486290219
CCCOc1cccc(C(=O)O)c1,0,c1ccccc1,CCCOC(=O)c1cc(O)c(O)c(O)c1,1,c1ccccc1,0.32053915275994865,0,0.16137943631975674
CCCOc1cccc(C(=O)O)c1,0,c1ccccc1,O=C(O)Cc1ccc(C(=O)O)cc1,1,c1ccccc1,0.3128289473684211,0,0.21464594096744805
CCCOc1cccc(C(=O)O)c1,0,c1ccccc1,CCCCCC(=O)CC(=O)c1ccccc1,1,c1ccccc1,0.3049095607235143,0,0.18121724652855703
O=C(O)c1ccc(O)cc1,0,c1ccccc1,O=C(O)Cc1ccc(C(=O)O)cc1,1,c1ccccc1,0.496,0,0.1956102834637676
O=C(O)c1ccc(O)cc1,0,c1ccccc1,Oc1ccc(O)cc1,1,c1ccccc1,0.4823529411764706,0,0.2377183430947597
O=C(O)c1ccc(O)cc1,0,c1ccccc1,CNc1ccc(O)cc1,1,c1ccccc1,0.32266666666666666,0,0.22382760203641702
O=C(O)c1ccc(O)cc1,0,c1ccccc1,Oc1cccc(O)c1,1,c1ccccc1,0.29186602870813394,0,0.2756933015687295
COc1ccc(C(C)=O)cc1,0,c1ccccc1,COc1ccc(NC(=O)CC(C)=O)cc1,1,c1ccccc1,0.45357142857142857,1,0.6788423449877935
COc1ccc(C(C)=O)cc1,0,c1ccccc1,CCC(=O)C=Cc1ccc(OC)cc1,1,c1ccccc1,0.4377450980392157,1,0.7522724849123379
COc1ccc(C(C)=O)cc1,0,c1ccccc1,CC=Cc1ccc(OC)cc1,1,c1ccccc1,0.4272577996715928,1,0.7578627030649464
COc1ccc(C(C)=O)cc1,0,c1ccccc1,C=CCc1ccc(OC)cc1,1,c1ccccc1,0.4076804915514593,1,0.7418064990169247
Cc1ccc(N)cc1S(N)(=O)=O,0,c1ccccc1,Cc1ccc(N)cc1O,1,c1ccccc1,0.48461538461538467,0,0.39322309551989193
Cc1ccc(N)cc1S(N)(=O)=O,0,c1ccccc1,Cc1cc(N)ccc1N,1,c1ccccc1,0.44285714285714284,0,0.11338262490948633
Cc1ccc(N)cc1S(N)(=O)=O,0,c1ccccc1,Nc1ccc(N)cc1,1,c1ccccc1,0.30333333333333334,0,0.0963716109567804
Cc1ccc(N)cc1S(N)(=O)=O,0,c1ccccc1,Nc1cccc(N)c1,1,c1ccccc1,0.3006734006734007,0,0.12251904500528747
COc1cc(CC#N)c([N+](=O)[O-])cc1C(F)(F)F,0,c1ccccc1,CCCN(CCC)c1c([N+](=O)[O-])cc(C(F)(F)F)cc1[N+](=O)[O-],1,c1ccccc1,0.3416037735849057,0,0.07833274869766955
COc1cc(CC#N)c([N+](=O)[O-])cc1C(F)(F)F,0,c1ccccc1,N#CSc1ccc(N)c([N+](=O)[O-])c1,1,c1ccccc1,0.27322551662174305,0,0.3502324263014181
COc1cc(CC#N)c([N+](=O)[O-])cc1C(F)(F)F,0,c1ccccc1,O=[N+]([O-])c1ccc(Cl)c([N+](=O)[O-])c1,1,c1ccccc1,0.22863157894736844,0,0.46130500584739775
COc1cc(CC#N)c([N+](=O)[O-])cc1C(F)(F)F,0,c1ccccc1,Nc1ccc(N)c([N+](=O)[O-])c1,1,c1ccccc1,0.22696025778732548,0,0.28115623498646125
Nc1ccccc1C(=O)O,0,c1ccccc1,Nc1ccccc1O,1,c1ccccc1,0.3916666666666667,0,0.33356815100234527
Nc1ccccc1C(=O)O,0,c1ccccc1,Nc1ccccc1,1,c1ccccc1,0.36459330143540675,0,0.17275508226503725
Nc1ccccc1C(=O)O,0,c1ccccc1,O=C(O)Cc1ccc(C(=O)O)cc1,1,c1ccccc1,0.28793309438470727,0,0.17094116396128417
Nc1ccccc1C(=O)O,0,c1ccccc1,CC(=O)C(=O)c1ccccc1,1,c1ccccc1,0.28571428571428575,0,0.20505950701361575
O=Cc1ccccc1,0,c1ccccc1,O=CC=Cc1ccccc1,1,c1ccccc1,0.507936507936508,1,0.6952704727773142
O=Cc1ccccc1,0,c1ccccc1,CC(C=O)=Cc1ccccc1,1,c1ccccc1,0.45087719298245615,1,0.5370307923311751
O=Cc1ccccc1,0,c1ccccc1,O=CCc1ccccc1,1,c1ccccc1,0.44285714285714284,1,0.6892205491978882
O=Cc1ccccc1,0,c1ccccc1,CC(=O)C=Cc1ccccc1,1,c1ccccc1,0.4042105263157895,1,0.6167714767621651
CCOC(=O)c1ccc(N)cc1,0,c1ccccc1,CCOC(=O)c1ccc(I)cc1,1,c1ccccc1,0.6441379310344828,0,0.20021373824888683
CCOC(=O)c1ccc(N)cc1,0,c1ccccc1,CCOC(=O)c1ccc(CBr)cc1,1,c1ccccc1,0.6103225806451613,0,0.2880940793654577
CCOC(=O)c1ccc(N)cc1,0,c1ccccc1,COC(=O)c1ccc(CBr)cc1,1,c1ccccc1,0.37862433862433864,0,0.26834449073619476
CCOC(=O)c1ccc(N)cc1,0,c1ccccc1,CCCOC(=O)c1cc(O)c(O)c(O)c1,1,c1ccccc1,0.3707362534948742,0,0.3094908643352708
Clc1ccccc1,0,c1ccccc1,Nc1ccccc1,1,c1ccccc1,0.3461538461538462,0,0.4561733181133267
Clc1ccccc1,0,c1ccccc1,BrCc1ccccc1,1,c1ccccc1,0.3059649122807018,0,0.47016989282898164
Clc1ccccc1,0,c1ccccc1,O=c1c(-c2ccccc2)c1-c1ccccc1,1,O=c1c(-c2ccccc2)c1-c1ccccc1,0.27749999999999997,0,0.1477535321011294
Clc1ccccc1,0,c1ccccc1,O=CCc1ccccc1,1,c1ccccc1,0.2619047619047619,1,0.5676265158568653
CCOC(=O)c1ccccc1C(=O)OCC,0,c1ccccc1,CCOC(=O)c1ccc(I)cc1,1,c1ccccc1,0.5272727272727273,0,0.1663772194561787
CCOC(=O)c1ccccc1C(=O)OCC,0,c1ccccc1,CCOC(=O)c1ccc(CBr)cc1,1,c1ccccc1,0.5022727272727273,0,0.2595313583339788
CCOC(=O)c1ccccc1C(=O)OCC,0,c1ccccc1,CCOC(=O)C=CC(=O)OCC,1,,0.36296296296296293,0,0.41298311837219837
CCOC(=O)c1ccccc1C(=O)OCC,0,c1ccccc1,CCOC(=O)CC(=O)c1cc(C)c(C)c(C)c1C,1,c1ccccc1,0.35250965250965255,0,0.32171870907335326
CCOC(=O)CC(=O)c1ccccc1,0,c1ccccc1,CCOC(=O)CC(=O)c1cc(C)c(C)c(C)c1C,1,c1ccccc1,0.5251891891891892,1,0.7568871376375402
CCOC(=O)CC(=O)c1ccccc1,0,c1ccccc1,CCCCCC(=O)CC(=O)c1ccccc1,1,c1ccccc1,0.5,1,0.5312510681584418
CCOC(=O)CC(=O)c1ccccc1,0,c1ccccc1,O=C(CC(=O)C(F)(F)F)c1ccccc1,1,c1ccccc1,0.465359477124183,0,0.2942091944315347
CCOC(=O)CC(=O)c1ccccc1,0,c1ccccc1,CC(=O)C(=O)c1ccccc1,1,c1ccccc1,0.3956521739130435,1,0.6370208264990572
CCOc1cc(C=O)ccc1O,0,c1ccccc1,COc1ccc(C=O)cc1OC,1,c1ccccc1,0.4764705882352941,1,0.5053609447676147
CCOc1cc(C=O)ccc1O,0,c1ccccc1,CC=Cc1ccc(O)c(OC)c1,1,c1ccccc1,0.4435087719298246,0,0.37249966678451046
CCOc1cc(C=O)ccc1O,0,c1ccccc1,CC=Cc1ccc(O)c(OC(C)C)c1,1,c1ccccc1,0.41542092840283246,0,0.4410411085089394
CCOc1cc(C=O)ccc1O,0,c1ccccc1,CCCc1ccc(O)c(OC)c1,1,c1ccccc1,0.38666666666666666,0,0.4047809629519892
C=CCc1ccc(O)c(OC(C)C)c1,0,c1ccccc1,C=CCc1ccc(O)c(OC)c1,1,c1ccccc1,0.7041269841269842,1,0.8279386946996146
C=CCc1ccc(O)c(OC(C)C)c1,0,c1ccccc1,CC=Cc1ccc(O)c(OC(C)C)c1,1,c1ccccc1,0.5379310344827587,1,0.909250705140789
C=CCc1ccc(O)c(OC(C)C)c1,0,c1ccccc1,C=CCc1cc(C)c(O)c(OC)c1,1,c1ccccc1,0.4673485444531865,1,0.8612244221740061
C=CCc1ccc(O)c(OC(C)C)c1,0,c1ccccc1,CCCc1ccc(O)c(OC)c1,1,c1ccccc1,0.43219512195121956,1,0.8436571852858342
CCC(=O)c1cccc(Cl)c1,0,c1ccccc1,CCCCCC(=O)CC(=O)c1ccccc1,1,c1ccccc1,0.36,1,0.6765624366261205
CCC(=O)c1cccc(Cl)c1,0,c1ccccc1,CC(=O)C(=O)c1ccccc1,1,c1ccccc1,0.3380764163372859,1,0.7592066060829795
CCC(=O)c1cccc(Cl)c1,0,c1ccccc1,O=C(Cl)c1ccc(F)c(Cl)c1,1,c1ccccc1,0.3338378378378378,1,0.8285010778230374
CCC(=O)c1cccc(Cl)c1,0,c1ccccc1,O=C(CC(=O)C(F)(F)F)c1ccccc1,1,c1ccccc1,0.3315789473684211,1,0.5021578428499099
COC(=O)c1ccc(O)cc1,0,c1ccccc1,COC(=O)c1ccc(CBr)cc1,1,c1ccccc1,0.5701863354037267,0,0.1528361779236148
COC(=O)c1ccc(O)cc1,0,c1ccccc1,Oc1ccc(O)cc1,1,c1ccccc1,0.39777777777777784,0,0.2712436898259912
COC(=O)c1ccc(O)cc1,0,c1ccccc1,CCOC(=O)c1ccc(I)cc1,1,c1ccccc1,0.38148148148148153,0,0.12243518978591723
COC(=O)c1ccc(O)cc1,0,c1ccccc1,CNc1ccc(O)cc1,1,c1ccccc1,0.3716923076923077,0,0.24220433038528952
COC(=O)c1ccccc1O,0,c1ccccc1,COC(=O)c1ccc(CBr)cc1,1,c1ccccc1,0.37835294117647067,0,0.07671276082230731
COC(=O)c1ccccc1O,0,c1ccccc1,Cc1cccc(O)c1O,1,c1ccccc1,0.3269565217391304,0,0.3088148676730776
COC(=O)c1ccccc1O,0,c1ccccc1,O=C(Oc1ccccc1)c1ccccc1,1,O=C(Oc1ccccc1)c1ccccc1,0.322,0,0.36147175567880097
COC(=O)c1ccccc1O,0,c1ccccc1,Nc1ccccc1O,1,c1ccccc1,0.31314285714285717,0,0.2737169364209776
CCOC(=O)C(Cc1ccc(O)cc1)NC(=O)OC(C)(C)C,0,c1ccccc1,CCOC(=O)c1ccc(CBr)cc1,1,c1ccccc1,0.2998979591836735,0,0.08408752430714644
CCOC(=O)C(Cc1ccc(O)cc1)NC(=O)OC(C)(C)C,0,c1ccccc1,CCOC(=O)c1ccc(I)cc1,1,c1ccccc1,0.2672448979591837,0,0.05490214215756744
CCOC(=O)C(Cc1ccc(O)cc1)NC(=O)OC(C)(C)C,0,c1ccccc1,CC(C=O)Cc1ccc(C(C)(C)C)cc1,1,c1ccccc1,0.25520361990950224,0,0.15403446243956442
CCOC(=O)C(Cc1ccc(O)cc1)NC(=O)OC(C)(C)C,0,c1ccccc1,CCOC(=O)CC(=O)c1cc(C)c(C)c(C)c1C,1,c1ccccc1,0.25112917795844625,0,0.10947099052290343
CCCOC(=O)c1ccc(O)cc1,0,c1ccccc1,CCCOC(=O)c1cc(O)c(O)c(O)c1,1,c1ccccc1,0.627,0,0.25250123026440946
CCCOC(=O)c1ccc(O)cc1,0,c1ccccc1,CCOC(=O)c1ccc(I)cc1,1,c1ccccc1,0.4878787878787879,0,0.2059732088946759
CCCOC(=O)c1ccc(O)cc1,0,c1ccccc1,CCCCCCCCCCCCOC(=O)c1cc(O)c(O)c(O)c1,1,c1ccccc1,0.4864661654135338,0,0.22322309940004623
CCCOC(=O)c1ccc(O)cc1,0,c1ccccc1,CCOC(=O)c1ccc(CBr)cc1,1,c1ccccc1,0.46571428571428575,0,0.2826440847095028
O=C(O)c1ccccc1O,0,c1ccccc1,Nc1ccccc1O,1,c1ccccc1,0.3583333333333334,0,0.16855678327766596
O=C(O)c1ccccc1O,0,c1ccccc1,Oc1cccc2ccccc12,1,c1ccc2ccccc2c1,0.3377926421404682,0,0.3658064568654414
O=C(O)c1ccccc1O,0,c1ccccc1,CC(=O)C(=O)c1ccccc1,1,c1ccccc1,0.29523809523809524,0,0.1585331111182174
O=C(O)c1ccccc1O,0,c1ccccc1,O=C(O)Cc1ccc(C(=O)O)cc1,1,c1ccccc1,0.29481481481481486,0,0.14412908253294807
Nc1ccc(S(N)(=O)=O)cc1,0,c1ccccc1,Nc1ccc(N)cc1,1,c1ccccc1,0.4588235294117647,0,0.104231835709009
Nc1ccc(S(N)(=O)=O)cc1,0,c1ccccc1,Nc1ccccc1,1,c1ccccc1,0.34444444444444444,0,0.1246909771855317
Nc1ccc(S(N)(=O)=O)cc1,0,c1ccccc1,Cc1ccc(N)cc1O,1,c1ccccc1,0.3119047619047619,0,0.3780241789579896
Nc1ccc(S(N)(=O)=O)cc1,0,c1ccccc1,Nc1ccc(N)c([N+](=O)[O-])c1,1,c1ccccc1,0.30153846153846153,1,0.5402579773303335
Nc1ccc(S(=O)(=O)O)cc1,0,c1ccccc1,Nc1ccc(N)cc1,1,c1ccccc1,0.43790849673202614,0,0.1845717675290627
Nc1ccc(S(=O)(=O)O)cc1,0,c1ccccc1,Nc1ccccc1,1,c1ccccc1,0.33232323232323235,0,0.24057708050785248
Nc1ccc(S(=O)(=O)O)cc1,0,c1ccccc1,CC(CC(=O)Oc1ccc(S(=O)(=O)O)cc1)CC(C)(C)C,1,c1ccccc1,0.32865853658536587,0,0.2578727769384482
Nc1ccc(S(=O)(=O)O)cc1,0,c1ccccc1,O=[N+]([O-])c1ccc(S(=O)(=O)O)c([N+](=O)[O-])c1,1,c1ccccc1,0.30714285714285716,0,0.2146611603115987
CC(C)(C)OC(=O)c1cccc(N)c1,0,c1ccccc1,Nc1cccc(N)c1,1,c1ccccc1,0.3730134932533733,0,0.14642635598062648
CC(C)(C)OC(=O)c1cccc(N)c1,0,c1ccccc1,Nc1cccc(O)c1,1,c1ccccc1,0.3480519480519481,0,0.34346152603185864
CC(C)(C)OC(=O)c1cccc(N)c1,0,c1ccccc1,O=C(Oc1ccccc1)c1ccccc1,1,O=C(Oc1ccccc1)c1ccccc1,0.3119119119119119,0,0.283789052153417
CC(C)(C)OC(=O)c1cccc(N)c1,0,c1ccccc1,CC(=O)C(=O)c1ccccc1,1,c1ccccc1,0.2888888888888889,0,0.3306228853171103
COc1cc(C=O)ccc1O,0,c1ccccc1,COc1ccc(C=O)cc1OC,1,c1ccccc1,0.6792207792207793,0,0.38799594093370343
COc1cc(C=O)ccc1O,0,c1ccccc1,CC=Cc1ccc(O)c(OC)c1,1,c1ccccc1,0.6420549581839905,0,0.3406061385783536
COc1cc(C=O)ccc1O,0,c1ccccc1,COc1cc(C)ccc1O,1,c1ccccc1,0.5744927536231884,0,0.32405211003872797
COc1cc(C=O)ccc1O,0,c1ccccc1,C=CCc1ccc(O)c(OC)c1,1,c1ccccc1,0.5037037037037038,0,0.3029181378483968
CC=Cc1ccc(OC)cc1,1,c1ccccc1,CCC(=O)C=Cc1ccc(OC)cc1,1,c1ccccc1,0.5545454545454546,1,0.8283341701271463
CC=Cc1ccc(OC)cc1,1,c1ccccc1,CC=Cc1ccc(O)c(OC)c1,1,c1ccccc1,0.5150967741935484,1,0.9320314779029586
CC=Cc1ccc(OC)cc1,1,c1ccccc1,CC=Cc1ccc(OC(C)C)c(OC)c1,1,c1ccccc1,0.50076726342711,1,0.827317089572862
CC=Cc1ccc(OC)cc1,1,c1ccccc1,C=CCc1ccc(OC)cc1,1,c1ccccc1,0.43304347826086964,1,0.8531009599184499
CCCCCC(=O)CC(=O)c1ccccc1,1,c1ccccc1,O=C(CC(=O)C(F)(F)F)c1ccccc1,1,c1ccccc1,0.47222222222222227,1,0.8407860589946481
CCCCCC(=O)CC(=O)c1ccccc1,1,c1ccccc1,CCCCCC(C=O)=Cc1ccccc1,1,c1ccccc1,0.42888888888888893,1,0.9406996394646014
CCCCCC(=O)CC(=O)c1ccccc1,1,c1ccccc1,CCCCCCC(C=O)=Cc1ccccc1,1,c1ccccc1,0.42059620596205965,1,0.9415702576432776
CCCCCC(=O)CC(=O)c1ccccc1,1,c1ccccc1,CC(=O)C(=O)c1ccccc1,1,c1ccccc1,0.3966386554621849,1,0.9351704590482571
CCc1ccc(CC)c(C(=O)CC(C)=O)c1,1,c1ccccc1,CC(=O)CC(=O)c1cc(C)ccc1C,1,c1ccccc1,0.5066980023501763,1,0.9405621445957718
CCc1ccc(CC)c(C(=O)CC(C)=O)c1,1,c1ccccc1,CC(=O)CC(=O)c1cc(C)c(C)c(C)c1C,1,c1ccccc1,0.47638072855464164,1,0.9416338446153577
CCc1ccc(CC)c(C(=O)CC(C)=O)c1,1,c1ccccc1,CCOC(=O)CC(=O)c1cc(C)c(C)c(C)c1C,1,c1ccccc1,0.3163636363636364,1,0.9072197525072281
CCc1ccc(CC)c(C(=O)CC(C)=O)c1,1,c1ccccc1,CCCCCC(=O)CC(=O)c1ccccc1,1,c1ccccc1,0.29555555555555557,1,0.9023775853370123
CC(=O)CC(=O)c1cc(C)ccc1C,1,c1ccccc1,CC(=O)CC(=O)c1cc(C)c(C)c(C)c1C,1,c1ccccc1,0.6063636363636363,1,0.8975923117948439
CC(=O)CC(=O)c1cc(C)ccc1C,1,c1ccccc1,CCc1ccc(CC)c(C(=O)CC(C)=O)c1,1,c1ccccc1,0.5066980023501763,1,0.9003419699392606
CC(=O)CC(=O)c1cc(C)ccc1C,1,c1ccccc1,CCOC(=O)CC(=O)c1cc(C)c(C)c(C)c1C,1,c1ccccc1,0.3768744354110208,1,0.841346566408733
CC(=O)CC(=O)c1cc(C)ccc1C,1,c1ccccc1,COc1ccc(NC(=O)CC(C)=O)cc1,1,c1ccccc1,0.2886917960088692,1,0.9513565015826165
O=[N+]([O-])c1ccc(Cl)c([N+](=O)[O-])c1,1,c1ccccc1,O=[N+]([O-])c1ccc(S(=O)(=O)O)c([N+](=O)[O-])c1,1,c1ccccc1,0.49783549783549785,1,0.9777380374903369
O=[N+]([O-])c1ccc(Cl)c([N+](=O)[O-])c1,1,c1ccccc1,Nc1cc([N+](=O)[O-])cc(Cl)c1O,1,c1ccccc1,0.4096551724137932,1,0.9804798054129173
O=[N+]([O-])c1ccc(Cl)c([N+](=O)[O-])c1,1,c1ccccc1,O=[N+]([O-])c1ccc(CBr)cc1,1,c1ccccc1,0.396,1,0.7980089833259362
O=[N+]([O-])c1ccc(Cl)c([N+](=O)[O-])c1,1,c1ccccc1,Nc1ccc(N)c([N+](=O)[O-])c1,1,c1ccccc1,0.3942307692307693,1,0.9533154237859567
Nc1ccc(NCCO)c([N+](=O)[O-])c1,1,c1ccccc1,Nc1ccc(N)c([N+](=O)[O-])c1,1,c1ccccc1,0.5230769230769231,1,0.9729790532098164
Nc1ccc(NCCO)c([N+](=O)[O-])c1,1,c1ccccc1,Nc1ccc(N(CO)CCO)cc1[N+](=O)[O-],1,c1ccccc1,0.39729729729729735,1,0.9942557725456188
Nc1ccc(NCCO)c([N+](=O)[O-])c1,1,c1ccccc1,N#CSc1ccc(N)c([N+](=O)[O-])c1,1,c1ccccc1,0.3240121580547113,1,0.9763964100440244
Nc1ccc(NCCO)c([N+](=O)[O-])c1,1,c1ccccc1,Cc1ccc(NCCO)cc1O,1,c1ccccc1,0.3134640522875817,1,0.9498859231656644
Nc1ccc(OCCO)c(N)c1,1,c1ccccc1,Cc1cc(N)ccc1N,1,c1ccccc1,0.30925925925925923,1,0.6771356386348585
Nc1ccc(OCCO)c(N)c1,1,c1ccccc1,Nc1ccc(NCCO)c([N+](=O)[O-])c1,1,c1ccccc1,0.30493506493506495,1,0.93090378430817
Nc1ccc(OCCO)c(N)c1,1,c1ccccc1,Cc1ccc(N)cc1O,1,c1ccccc1,0.2952941176470588,1,0.7661785602185388
Nc1ccc(OCCO)c(N)c1,1,c1ccccc1,Nc1cccc(N)c1,1,c1ccccc1,0.2902548725637181,1,0.7594256765249959
Nc1ccccc1O,1,c1ccccc1,Nc1cccc(O)c1,1,c1ccccc1,0.4041666666666667,1,0.9607344254044698
Nc1ccccc1O,1,c1ccccc1,Nc1ccccc1,1,c1ccccc1,0.39473684210526316,1,0.8135586455909891
Nc1ccccc1O,1,c1ccccc1,Oc1cccc2ccccc12,1,c1ccc2ccccc2c1,0.39082125603864737,1,0.8278364978164056
Nc1ccccc1O,1,c1ccccc1,Cc1cc(O)ccc1N,1,c1ccccc1,0.34615384615384615,1,0.9717013136744141
O=Cc1cc(O)ccc1Br,1,c1ccccc1,O=Cc1cc(O)ccc1C=C(CC(=O)O)C(=O)O,1,c1ccccc1,0.41461988304093567,1,0.7343660500564292
O=Cc1cc(O)ccc1Br,1,c1ccccc1,Cc1cc(O)ccc1N,1,c1ccccc1,0.3321385902031063,1,0.7957403774788188
O=Cc1cc(O)ccc1Br,1,c1ccccc1,Oc1ccc(O)cc1,1,c1ccccc1,0.31347826086956526,1,0.8010722116987005
O=Cc1cc(O)ccc1Br,1,c1ccccc1,Oc1cccc(O)c1,1,c1ccccc1,0.3097902097902098,1,0.6837411178983559
COc1cc(C)ccc1O,1,c1ccccc1,CC=Cc1ccc(O)c(OC)c1,1,c1ccccc1,0.5489032258064517,1,0.7724888522304354
COc1cc(C)ccc1O,1,c1ccccc1,CCCc1ccc(O)c(OC)c1,1,c1ccccc1,0.5489032258064517,1,0.7924204451951669
COc1cc(C)ccc1O,1,c1ccccc1,C=CCc1ccc(O)c(OC)c1,1,c1ccccc1,0.5238787878787879,1,0.7735913246341835
COc1cc(C)ccc1O,1,c1ccccc1,C=CCc1cc(OC)c(O)cc1C,1,c1ccccc1,0.42962962962962964,1,0.781546782382401
Nc1ccc(N)c([N+](=O)[O-])c1,1,c1ccccc1,N#CSc1ccc(N)c([N+](=O)[O-])c1,1,c1ccccc1,0.5474747474747474,1,0.9691012186500269
Nc1ccc(N)c([N+](=O)[O-])c1,1,c1ccccc1,Nc1ccc(NCCO)c([N+](=O)[O-])c1,1,c1ccccc1,0.5230769230769231,1,0.992024789588856
Nc1ccc(N)c([N+](=O)[O-])c1,1,c1ccccc1,Nc1ccc(N(CO)CCO)cc1[N+](=O)[O-],1,c1ccccc1,0.47269736842105264,1,0.9900363361290382
Nc1ccc(N)c([N+](=O)[O-])c1,1,c1ccccc1,O=[N+]([O-])c1ccc(Cl)c([N+](=O)[O-])c1,1,c1ccccc1,0.3942307692307693,1,0.955404687546855
CCCCCCCCC(=O)NCCC(CCC(=O)O)c1ccccc1S(=O)(=O)O,1,c1ccccc1,CCCCCC(=O)CC(=O)c1ccccc1,1,c1ccccc1,0.325974025974026,1,0.9238449270993112
CCCCCCCCC(=O)NCCC(CCC(=O)O)c1ccccc1S(=O)(=O)O,1,c1ccccc1,CCCCCC=CCC=CCCCCCCCC(=O)O,1,,0.30952380952380953,1,0.9459320023065392
CCCCCCCCC(=O)NCCC(CCC(=O)O)c1ccccc1S(=O)(=O)O,1,c1ccccc1,CCCCCCCCC=CCCCCCCCC(=O)O,1,,0.3053297199638663,1,0.945299831451292
CCCCCCCCC(=O)NCCC(CCC(=O)O)c1ccccc1S(=O)(=O)O,1,c1ccccc1,CCCCCCC(C=O)=Cc1ccccc1,1,c1ccccc1,0.2974011299435029,1,0.9729619920096136
Nc1ccc(Cl)c(Cl)c1,1,c1ccccc1,Nc1ccc(N)cc1,1,c1ccccc1,0.43710407239819005,1,0.8629494687582807
Nc1ccc(Cl)c(Cl)c1,1,c1ccccc1,Nc1cccc(N)c1,1,c1ccccc1,0.4133333333333334,1,0.889208494047562
Nc1ccc(Cl)c(Cl)c1,1,c1ccccc1,Cc1cc(N)ccc1N,1,c1ccccc1,0.37368421052631584,1,0.8531084499259656
Nc1ccc(Cl)c(Cl)c1,1,c1ccccc1,Cc1ccc(N)cc1O,1,c1ccccc1,0.3377926421404682,1,0.9473223241096567
C=CCc1cc(C)c(OC)c(O)c1,1,c1ccccc1,C=CCc1cc(C)c(O)c(OC)c1,1,c1ccccc1,0.6457142857142858,1,0.8745491297672103
C=CCc1cc(C)c(OC)c(O)c1,1,c1ccccc1,C=CCc1ccc(O)c(OC)c1,1,c1ccccc1,0.5357142857142858,1,0.9131431826961283
C=CCc1cc(C)c(OC)c(O)c1,1,c1ccccc1,C=CCc1cc(OC)c(O)cc1C,1,c1ccccc1,0.5326007326007326,1,0.9136124992931242
C=CCc1cc(C)c(OC)c(O)c1,1,c1ccccc1,C=CCc1ccc(OC)cc1,1,c1ccccc1,0.4444444444444445,1,0.7986252356202819
O=C(CC(=O)C(F)(F)F)c1ccccc1,1,c1ccccc1,CCCCCC(=O)CC(=O)c1ccccc1,1,c1ccccc1,0.47222222222222227,1,0.7765551700678412
O=C(CC(=O)C(F)(F)F)c1ccccc1,1,c1ccccc1,CC(=O)C(=O)c1ccccc1,1,c1ccccc1,0.3838709677419355,1,0.8136817940543984
O=C(CC(=O)C(F)(F)F)c1ccccc1,1,c1ccccc1,CC(=O)C(C)C(=O)c1ccccc1,1,c1ccccc1,0.3504901960784314,1,0.8121028127263064
O=C(CC(=O)C(F)(F)F)c1ccccc1,1,c1ccccc1,O=C(Oc1ccccc1)c1ccccc1,1,O=C(Oc1ccccc1)c1ccccc1,0.3282051282051282,1,0.7792644657869497
C=CCc1ccc(OC)cc1,1,c1ccccc1,C=CCc1ccc(O)c(OC)c1,1,c1ccccc1,0.5401212121212121,1,0.9267153902452219
C=CCc1ccc(OC)cc1,1,c1ccccc1,C=CCc1cc(C)c(O)c(OC)c1,1,c1ccccc1,0.45396825396825397,1,0.9301579885840041
C=CCc1ccc(OC)cc1,1,c1ccccc1,C=CCc1cc(C)c(OC)c(O)c1,1,c1ccccc1,0.4444444444444445,1,0.927423301309712
C=CCc1ccc(OC)cc1,1,c1ccccc1,CC=Cc1ccc(OC)cc1,1,c1ccccc1,0.43304347826086964,1,0.8864496778845287
CNc1ccc(O)cc1,1,c1ccccc1,Oc1ccc(O)cc1,1,c1ccccc1,0.49333333333333335,1,0.9184030212880558
CNc1ccc(O)cc1,1,c1ccccc1,CNc1cccc(NC)c1,1,c1ccccc1,0.44491978609625676,1,0.8742268929609901
CNc1ccc(O)cc1,1,c1ccccc1,Cc1cc(O)ccc1N,1,c1ccccc1,0.3417989417989418,1,0.9612033391004666
CNc1ccc(O)cc1,1,c1ccccc1,Oc1cccc(O)c1,1,c1ccccc1,0.30053475935828877,1,0.9340213659112104
Nc1ccc(N)cc1,1,c1ccccc1,Nc1ccccc1,1,c1ccccc1,0.6416666666666667,1,0.9049507275439663
Nc1ccc(N)cc1,1,c1ccccc1,Nc1cccc(N)c1,1,c1ccccc1,0.4984126984126984,1,0.9790654763935446
Nc1ccc(N)cc1,1,c1ccccc1,Nc1ccc(Cl)c(Cl)c1,1,c1ccccc1,0.43710407239819005,1,0.9315581354334194
Nc1ccc(N)cc1,1,c1ccccc1,Cc1cc(N)ccc1N,1,c1ccccc1,0.4188034188034188,1,0.9579280814166523
Cc1ccc(N)cc1O,1,c1ccccc1,Cc1cc(N)ccc1N,1,c1ccccc1,0.5,1,0.8383341256130307
Cc1ccc(N)cc1O,1,c1ccccc1,Cc1ccc(NCCO)cc1O,1,c1ccccc1,0.445,1,0.8853313006651445
Cc1ccc(N)cc1O,1,c1ccccc1,Cc1cc(O)ccc1N,1,c1ccccc1,0.435016835016835,1,0.9787728406347977
Cc1ccc(N)cc1O,1,c1ccccc1,Nc1cccc(O)c1,1,c1ccccc1,0.4176923076923077,1,0.963735091859982
C=CCc1cc(OC)c(O)cc1C,1,c1ccccc1,C=CCc1ccc(O)c(OC)c1,1,c1ccccc1,0.5805805805805806,1,0.9196316884870822
C=CCc1cc(OC)c(O)cc1C,1,c1ccccc1,C=CCc1cc(C)c(O)c(OC)c1,1,c1ccccc1,0.5752895752895754,1,0.9073016599024047
C=CCc1cc(OC)c(O)cc1C,1,c1ccccc1,C=CCc1cc(C)c(OC)c(O)c1,1,c1ccccc1,0.5326007326007326,1,0.9278568265128307
C=CCc1cc(OC)c(O)cc1C,1,c1ccccc1,COc1cc(C)ccc1O,1,c1ccccc1,0.42962962962962964,1,0.8863899519797447
C=CCc1cc(C)c(O)c(OC)c1,1,c1ccccc1,C=CCc1cc(C)c(OC)c(O)c1,1,c1ccccc1,0.6457142857142858,1,0.9469062307031886
C=CCc1cc(C)c(O)c(OC)c1,1,c1ccccc1,C=CCc1ccc(O)c(OC)c1,1,c1ccccc1,0.6281481481481481,1,0.9239052005804897
C=CCc1cc(C)c(O)c(OC)c1,1,c1ccccc1,C=CCc1cc(OC)c(O)cc1C,1,c1ccccc1,0.5752895752895754,1,0.9417061536616657
C=CCc1cc(C)c(O)c(OC)c1,1,c1ccccc1,CC=Cc1cc(C)c(O)c(OC)c1,1,c1ccccc1,0.5202236719478099,1,0.9136556285771984
CC=Cc1cc(C)c(O)c(OC)c1,1,c1ccccc1,CC=Cc1ccc(O)c(OC)c1,1,c1ccccc1,0.5952069716775599,1,0.9309422980182589
CC=Cc1cc(C)c(O)c(OC)c1,1,c1ccccc1,C=CCc1cc(C)c(O)c(OC)c1,1,c1ccccc1,0.5202236719478099,1,0.8773744192072483
CC=Cc1cc(C)c(O)c(OC)c1,1,c1ccccc1,CC=Cc1ccc(OC(C)C)c(OC)c1,1,c1ccccc1,0.45538461538461544,1,0.7646572732557536
CC=Cc1cc(C)c(O)c(OC)c1,1,c1ccccc1,CC=Cc1ccc(O)c(OC(C)C)c1,1,c1ccccc1,0.44000000000000006,1,0.9267001308027308
CCCCCC(C=O)=Cc1ccccc1,1,c1ccccc1,CCCCCCC(C=O)=Cc1ccccc1,1,c1ccccc1,0.9733333333333334,1,0.9668323261529771
CCCCCC(C=O)=Cc1ccccc1,1,c1ccccc1,CCCCC(C=O)=Cc1ccccc1,1,c1ccccc1,0.9200000000000002,1,0.9710352604545245
CCCCCC(C=O)=Cc1ccccc1,1,c1ccccc1,CC(C=O)=Cc1ccccc1,1,c1ccccc1,0.519327731092437,1,0.9485654615238601
CCCCCC(C=O)=Cc1ccccc1,1,c1ccccc1,CCCCCC(=O)CC(=O)c1ccccc1,1,c1ccccc1,0.42888888888888893,1,0.9425383969823987
CCCCC(C=O)=Cc1ccccc1,1,c1ccccc1,CCCCCC(C=O)=Cc1ccccc1,1,c1ccccc1,0.9200000000000002,1,0.9522615305662216
CCCCC(C=O)=Cc1ccccc1,1,c1ccccc1,CCCCCCC(C=O)=Cc1ccccc1,1,c1ccccc1,0.896774193548387,1,0.9442787335753701
CCCCC(C=O)=Cc1ccccc1,1,c1ccccc1,CC(C=O)=Cc1ccccc1,1,c1ccccc1,0.5307359307359308,1,0.9268554154930257
CCCCC(C=O)=Cc1ccccc1,1,c1ccccc1,CCCCCC(=O)CC(=O)c1ccccc1,1,c1ccccc1,0.3815718157181572,1,0.9057868081789067
CCCCCCC(C=O)=Cc1ccccc1,1,c1ccccc1,CCCCCC(C=O)=Cc1ccccc1,1,c1ccccc1,0.9733333333333334,1,0.9788808897269158
CCCCCCC(C=O)=Cc1ccccc1,1,c1ccccc1,CCCCC(C=O)=Cc1ccccc1,1,c1ccccc1,0.896774193548387,1,0.9726075399975511
CCCCCCC(C=O)=Cc1ccccc1,1,c1ccccc1,CC(C=O)=Cc1ccccc1,1,c1ccccc1,0.5085714285714286,1,0.9261676010130692
CCCCCCC(C=O)=Cc1ccccc1,1,c1ccccc1,CCCCCC(=O)CC(=O)c1ccccc1,1,c1ccccc1,0.42059620596205965,1,0.953020606025069
CC(C=O)=Cc1ccccc1,1,c1ccccc1,CCCCC(C=O)=Cc1ccccc1,1,c1ccccc1,0.5307359307359308,1,0.9275080736640485
CC(C=O)=Cc1ccccc1,1,c1ccccc1,CCCCCC(C=O)=Cc1ccccc1,1,c1ccccc1,0.519327731092437,1,0.9247088187202566
CC(C=O)=Cc1ccccc1,1,c1ccccc1,CCCCCCC(C=O)=Cc1ccccc1,1,c1ccccc1,0.5085714285714286,1,0.9069062489945837
CC(C=O)=Cc1ccccc1,1,c1ccccc1,CC(=O)C=Cc1ccccc1,1,c1ccccc1,0.5047619047619047,1,0.934697945406717
CC(C=O)c1ccccc1,1,c1ccccc1,CC(C=O)Cc1ccc(C(C)C)cc1,1,c1ccccc1,0.3797619047619048,1,0.8367486599817563
CC(C=O)c1ccccc1,1,c1ccccc1,O=CCc1ccccc1,1,c1ccccc1,0.3769230769230769,1,0.8633975690180513
CC(C=O)c1ccccc1,1,c1ccccc1,CC(C=O)=Cc1ccccc1,1,c1ccccc1,0.3666666666666667,1,0.8666604775240645
CC(C=O)c1ccccc1,1,c1ccccc1,CC(C)CC=C(C=O)c1ccccc1,1,c1ccccc1,0.36568627450980395,1,0.8253462528930486
Nc1ccccc1,1,c1ccccc1,Nc1ccc(N)cc1,1,c1ccccc1,0.6416666666666667,1,0.9036079043861309
Nc1ccccc1,1,c1ccccc1,Nc1cccc(N)c1,1,c1ccccc1,0.6044444444444445,1,0.945914470045564
Nc1ccccc1,1,c1ccccc1,Nc1cccc(O)c1,1,c1ccccc1,0.43428571428571433,1,0.9668650332238572
Nc1ccccc1,1,c1ccccc1,Nc1ccccc1O,1,c1ccccc1,0.39473684210526316,1,0.9489007435973509
BrCc1ccccc1,1,c1ccccc1,O=[N+]([O-])c1ccc(CBr)cc1,1,c1ccccc1,0.42000000000000004,1,0.7849671003891819
BrCc1ccccc1,1,c1ccccc1,O=CCc1ccccc1,1,c1ccccc1,0.4095238095238095,1,0.7823685122970404
BrCc1ccccc1,1,c1ccccc1,COC(=O)c1ccc(CBr)cc1,1,c1ccccc1,0.3909774436090226,1,0.7435771110827933
BrCc1ccccc1,1,c1ccccc1,CCOC(=O)c1ccc(CBr)cc1,1,c1ccccc1,0.3619047619047619,1,0.6667218312701282
CC(=O)C=Cc1ccccc1,1,c1ccccc1,CC(C=O)=Cc1ccccc1,1,c1ccccc1,0.5047619047619047,1,0.8735934914472712
CC(=O)C=Cc1ccccc1,1,c1ccccc1,O=CC=Cc1ccccc1,1,c1ccccc1,0.4818713450292398,1,0.8734872464845249
CC(=O)C=Cc1ccccc1,1,c1ccccc1,OCC=Cc1ccccc1,1,c1ccccc1,0.4380952380952381,1,0.9005540088895853
CC(=O)C=Cc1ccccc1,1,c1ccccc1,CC(=O)C(=O)c1ccccc1,1,c1ccccc1,0.41428571428571426,1,0.8144568465559244
OCC=Cc1ccccc1,1,c1ccccc1,O=CC=Cc1ccccc1,1,c1ccccc1,0.43846153846153846,1,0.8747447138451259
OCC=Cc1ccccc1,1,c1ccccc1,CC(=O)C=Cc1ccccc1,1,c1ccccc1,0.4380952380952381,1,0.7983240671568176
OCC=Cc1ccccc1,1,c1ccccc1,CC(C=O)=Cc1ccccc1,1,c1ccccc1,0.336231884057971,1,0.8178633428533162
OCC=Cc1ccccc1,1,c1ccccc1,CCCCC(C=O)=Cc1ccccc1,1,c1ccccc1,0.3037037037037037,1,0.8324038182109869
O=CC=Cc1ccccc1,1,c1ccccc1,CC(=O)C=Cc1ccccc1,1,c1ccccc1,0.4818713450292398,1,0.8475581829284349
O=CC=Cc1ccccc1,1,c1ccccc1,OCC=Cc1ccccc1,1,c1ccccc1,0.43846153846153846,1,0.9059046166300067
O=CC=Cc1ccccc1,1,c1ccccc1,CC(C=O)=Cc1ccccc1,1,c1ccccc1,0.42428571428571427,1,0.884119892973696
O=CC=Cc1ccccc1,1,c1ccccc1,O=CC=C(c1ccccc1)c1ccccc1,1,C=C(c1ccccc1)c1ccccc1,0.41208576998050683,1,0.9097625038225696
CC(C=O)Cc1ccc(C(C)C)cc1,1,c1ccccc1,CC(C=O)Cc1ccc(C(C)(C)C)cc1,1,c1ccccc1,0.6331797235023042,1,0.9216078792986462
CC(C=O)Cc1ccc(C(C)C)cc1,1,c1ccccc1,CC(C=O)c1ccccc1,1,c1ccccc1,0.3797619047619048,1,0.9036181273347924
CC(C=O)Cc1ccc(C(C)C)cc1,1,c1ccccc1,Cc1ccc(CCC=O)cc1,1,c1ccccc1,0.3119047619047619,1,0.8839688113345805
CC(C=O)Cc1ccc(C(C)C)cc1,1,c1ccccc1,CCCCCCCCCC(C)C=O,1,,0.29616368286445016,1,0.8821129603576039
CCCc1ccc(O)c(OC)c1,1,c1ccccc1,CCCc1ccc(OC)c(O)c1,1,c1ccccc1,0.7546666666666667,1,0.8482694572956487
CCCc1ccc(O)c(OC)c1,1,c1ccccc1,C=CCc1ccc(O)c(OC)c1,1,c1ccccc1,0.6113289760348585,1,0.824864854102555
CCCc1ccc(O)c(OC)c1,1,c1ccccc1,COc1cc(C)ccc1O,1,c1ccccc1,0.5489032258064517,1,0.7767069691534028
CCCc1ccc(O)c(OC)c1,1,c1ccccc1,CC=Cc1ccc(O)c(OC)c1,1,c1ccccc1,0.4841269841269842,1,0.8542427198965249
CC=CC(=O)Oc1c(C(C)CCCCCC)cc([N+](=O)[O-])cc1[N+](=O)[O-],1,c1ccccc1,CCCN(CCC)c1c([N+](=O)[O-])cc(C(F)(F)F)cc1[N+](=O)[O-],1,c1ccccc1,0.2608879492600423,1,0.953440858740817
CC=CC(=O)Oc1c(C(C)CCCCCC)cc([N+](=O)[O-])cc1[N+](=O)[O-],1,c1ccccc1,O=[N+]([O-])c1ccc(Cl)c([N+](=O)[O-])c1,1,c1ccccc1,0.25464190981432366,1,0.9824569878696792
CC=CC(=O)Oc1c(C(C)CCCCCC)cc([N+](=O)[O-])cc1[N+](=O)[O-],1,c1ccccc1,CCCCCCCCCCCCOC(=O)c1cc(O)c(O)c(O)c1,1,c1ccccc1,0.2510006901311249,1,0.9452491456049718
CC=CC(=O)Oc1c(C(C)CCCCCC)cc([N+](=O)[O-])cc1[N+](=O)[O-],1,c1ccccc1,Nc1cc([N+](=O)[O-])cc(Cl)c1O,1,c1ccccc1,0.24782608695652175,1,0.9723068595999909
C=CCc1ccc(O)c(OC)c1,1,c1ccccc1,C=CCc1cc(C)c(O)c(OC)c1,1,c1ccccc1,0.6281481481481481,1,0.8697495940450293
C=CCc1ccc(O)c(OC)c1,1,c1ccccc1,CCCc1ccc(O)c(OC)c1,1,c1ccccc1,0.6113289760348585,1,0.834489943069085
C=CCc1ccc(O)c(OC)c1,1,c1ccccc1,C=CCc1cc(OC)c(O)cc1C,1,c1ccccc1,0.5805805805805806,1,0.8744271284774879
C=CCc1ccc(O)c(OC)c1,1,c1ccccc1,C=CCc1ccc(OC)cc1,1,c1ccccc1,0.5401212121212121,1,0.7897065590740144
CC=Cc1ccc(O)c(OC)c1,1,c1ccccc1,CC=Cc1ccc(O)c(OC(C)C)c1,1,c1ccccc1,0.6948717948717948,1,0.8667165461159242
CC=Cc1ccc(O)c(OC)c1,1,c1ccccc1,CC=Cc1cc(C)c(O)c(OC)c1,1,c1ccccc1,0.5952069716775599,1,0.8682965881091839
CC=Cc1ccc(O)c(OC)c1,1,c1ccccc1,CC=Cc1ccc(OC(C)C)c(OC)c1,1,c1ccccc1,0.5785714285714285,1,0.7835403714281435
CC=Cc1ccc(O)c(OC)c1,1,c1ccccc1,COc1cc(C)ccc1O,1,c1ccccc1,0.5489032258064517,1,0.7930428961705801
CC=Cc1ccc(O)c(OC(C)C)c1,1,c1ccccc1,CC=Cc1ccc(O)c(OC)c1,1,c1ccccc1,0.6948717948717948,1,0.8560267115161942
CC=Cc1ccc(O)c(OC(C)C)c1,1,c1ccccc1,CC=Cc1ccc(OC(C)C)c(OC)c1,1,c1ccccc1,0.6542857142857142,1,0.7912513090885546
CC=Cc1ccc(O)c(OC(C)C)c1,1,c1ccccc1,CC=Cc1cc(C)c(O)c(OC)c1,1,c1ccccc1,0.44000000000000006,1,0.8638024025900515
CC=Cc1ccc(O)c(OC(C)C)c1,1,c1ccccc1,CC=Cc1ccc(OC)cc1,1,c1ccccc1,0.38888888888888895,1,0.773531638037708
CCCCCCCCCCCCOC(=O)c1cc(O)c(O)c(O)c1,1,c1ccccc1,CCCOC(=O)c1cc(O)c(O)c(O)c1,1,c1ccccc1,0.7680000000000001,1,0.9766374567232984
CCCCCCCCCCCCOC(=O)c1cc(O)c(O)c(O)c1,1,c1ccccc1,CCOC(=O)c1ccc(I)cc1,1,c1ccccc1,0.33752950432730133,1,0.9142886814178969
CCCCCCCCCCCCOC(=O)c1cc(O)c(O)c(O)c1,1,c1ccccc1,CCCCCCCCCCCCOS(C)(=O)=O,1,,0.3341130604288499,1,0.9851815089826047
CCCCCCCCCCCCOC(=O)c1cc(O)c(O)c(O)c1,1,c1ccccc1,C=CC(=O)OCCCC,1,,0.3333333333333333,1,0.7786702985978341
CNc1cccc(NC)c1,1,c1ccccc1,CNc1ccc(O)cc1,1,c1ccccc1,0.44491978609625676,1,0.9910967455648337
CNc1cccc(NC)c1,1,c1ccccc1,Nc1cccc(N)c1,1,c1ccccc1,0.32857142857142857,1,0.9634368761057008
CNc1cccc(NC)c1,1,c1ccccc1,Oc1cccc(O)c1,1,c1ccccc1,0.2619047619047619,1,0.9674870283126948
CNc1cccc(NC)c1,1,c1ccccc1,NCc1cccc(CN)c1,1,c1ccccc1,0.25263157894736843,1,0.9581677747947002
COc1ccc(NC(=O)CC(C)=O)cc1,1,c1ccccc1,CCC(=O)C=Cc1ccc(OC)cc1,1,c1ccccc1,0.3838709677419355,1,0.7115610082943169
COc1ccc(NC(=O)CC(C)=O)cc1,1,c1ccccc1,C=CCc1ccc(OC)cc1,1,c1ccccc1,0.32397558849171754,1,0.8049281521744129
COc1ccc(NC(=O)CC(C)=O)cc1,1,c1ccccc1,CC=Cc1ccc(OC)cc1,1,c1ccccc1,0.3177777777777778,1,0.8449328959961587
COc1ccc(NC(=O)CC(C)=O)cc1,1,c1ccccc1,CC(=O)CC(=O)c1cc(C)ccc1C,1,c1ccccc1,0.2886917960088692,1,0.5798825593311723
Oc1cccc(O)c1,1,c1ccccc1,Nc1cccc(O)c1,1,c1ccccc1,0.5955555555555556,1,0.9490864772227688
Oc1cccc(O)c1,1,c1ccccc1,Oc1ccc(O)cc1,1,c1ccccc1,0.4984126984126984,1,0.9360854251133353
Oc1cccc(O)c1,1,c1ccccc1,Oc1cccc2ccccc12,1,c1ccc2ccccc2c1,0.3545454545454546,1,0.7982079956758985
Oc1cccc(O)c1,1,c1ccccc1,Cc1cc(O)ccc1N,1,c1ccccc1,0.3519450800915332,1,0.9330773372042563
COc1ccc(C=O)cc1OC,1,c1ccccc1,CC=Cc1ccc(OC(C)C)c(OC)c1,1,c1ccccc1,0.46971428571428575,1,0.6736819737968904
COc1ccc(C=O)cc1OC,1,c1ccccc1,CC=Cc1ccc(O)c(OC)c1,1,c1ccccc1,0.4079831932773109,1,0.6949652824084943
COc1ccc(C=O)cc1OC,1,c1ccccc1,CC=Cc1ccc(OC)cc1,1,c1ccccc1,0.3456521739130435,1,0.7786013504821075
COc1ccc(C=O)cc1OC,1,c1ccccc1,COc1cc(C)ccc1O,1,c1ccccc1,0.3340909090909091,1,0.6809546373503031
O=Cc1cc(O)ccc1C=C(CC(=O)O)C(=O)O,1,c1ccccc1,O=Cc1cc(O)ccc1Br,1,c1ccccc1,0.41461988304093567,1,0.8766567409927454
O=Cc1cc(O)ccc1C=C(CC(=O)O)C(=O)O,1,c1ccccc1,Cc1cc(O)ccc1N,1,c1ccccc1,0.2254826254826255,1,0.7382414304291488
O=Cc1cc(O)ccc1C=C(CC(=O)O)C(=O)O,1,c1ccccc1,O=C(O)Cc1ccc(C(=O)O)cc1,1,c1ccccc1,0.2238521168753727,1,0.6316916362961167
O=Cc1cc(O)ccc1C=C(CC(=O)O)C(=O)O,1,c1ccccc1,Oc1cccc(O)c1,1,c1ccccc1,0.2215277777777778,1,0.5139739451557287
CC(=O)CC(=O)c1cc(C)c(C)c(C)c1C,1,c1ccccc1,CCOC(=O)CC(=O)c1cc(C)c(C)c(C)c1C,1,c1ccccc1,0.6290909090909091,1,0.9083144790223413
CC(=O)CC(=O)c1cc(C)c(C)c(C)c1C,1,c1ccccc1,CC(=O)CC(=O)c1cc(C)ccc1C,1,c1ccccc1,0.6063636363636363,1,0.940377963477713
CC(=O)CC(=O)c1cc(C)c(C)c(C)c1C,1,c1ccccc1,CCc1ccc(CC)c(C(=O)CC(C)=O)c1,1,c1ccccc1,0.47638072855464164,1,0.9473054968956679
CC(=O)CC(=O)c1cc(C)c(C)c(C)c1C,1,c1ccccc1,COc1ccc(NC(=O)CC(C)=O)cc1,1,c1ccccc1,0.27088414634146346,1,0.9393204908067844
CCC(=O)C=Cc1ccc(OC)cc1,1,c1ccccc1,CC=Cc1ccc(OC)cc1,1,c1ccccc1,0.5545454545454546,1,0.8728750438307351
CCC(=O)C=Cc1ccc(OC)cc1,1,c1ccccc1,CC(=O)C=Cc1ccccc1,1,c1ccccc1,0.41062801932367154,1,0.840458517154918
CCC(=O)C=Cc1ccc(OC)cc1,1,c1ccccc1,COc1ccc(NC(=O)CC(C)=O)cc1,1,c1ccccc1,0.3838709677419355,1,0.805635618019453
CCC(=O)C=Cc1ccc(OC)cc1,1,c1ccccc1,C=CCc1ccc(OC)cc1,1,c1ccccc1,0.3810810810810811,1,0.862288579156938
Oc1ccc(O)cc1,1,c1ccccc1,Oc1cccc(O)c1,1,c1ccccc1,0.4984126984126984,1,0.9474841751719907
Oc1ccc(O)cc1,1,c1ccccc1,CNc1ccc(O)cc1,1,c1ccccc1,0.49333333333333335,1,0.8573219801676057
Oc1ccc(O)cc1,1,c1ccccc1,Cc1cc(O)ccc1N,1,c1ccccc1,0.36235294117647054,1,0.8876979956456128
Oc1ccc(O)cc1,1,c1ccccc1,Nc1cccc(O)c1,1,c1ccccc1,0.3526315789473684,1,0.9460098447043414
CC(=O)C(=O)c1ccccc1,1,c1ccccc1,CC(=O)C(C)C(=O)c1ccccc1,1,c1ccccc1,0.5333333333333333,1,0.8774185527922868
CC(=O)C(=O)c1ccccc1,1,c1ccccc1,CC(=O)C=Cc1ccccc1,1,c1ccccc1,0.41428571428571426,1,0.8501028599775082
CC(=O)C(=O)c1ccccc1,1,c1ccccc1,O=C(Oc1ccccc1)c1ccccc1,1,O=C(Oc1ccccc1)c1ccccc1,0.40211640211640215,1,0.8701453149488175
CC(=O)C(=O)c1ccccc1,1,c1ccccc1,CCCCCC(=O)CC(=O)c1ccccc1,1,c1ccccc1,0.3966386554621849,1,0.8256429236422945
CC(=O)C(C)C(=O)c1ccccc1,1,c1ccccc1,CC(=O)C(=O)c1ccccc1,1,c1ccccc1,0.5333333333333333,1,0.891095346932855
CC(=O)C(C)C(=O)c1ccccc1,1,c1ccccc1,CC(=O)C=Cc1ccccc1,1,c1ccccc1,0.37478005865102637,1,0.9058340672334416
CC(=O)C(C)C(=O)c1ccccc1,1,c1ccccc1,CC(C)CC=C(C=O)c1ccccc1,1,c1ccccc1,0.3740659340659341,1,0.8651869834736532
CC(=O)C(C)C(=O)c1ccccc1,1,c1ccccc1,CCCCCC(=O)CC(=O)c1ccccc1,1,c1ccccc1,0.363807285546416,1,0.8644729143353513
O=[N+]([O-])c1ccc(S(=O)(=O)O)c([N+](=O)[O-])c1,1,c1ccccc1,O=[N+]([O-])c1ccc(Cl)c([N+](=O)[O-])c1,1,c1ccccc1,0.49783549783549785,1,0.9752271379648703
O=[N+]([O-])c1ccc(S(=O)(=O)O)c([N+](=O)[O-])c1,1,c1ccccc1,Nc1ccc(N)c([N+](=O)[O-])c1,1,c1ccccc1,0.3488888888888889,1,0.9479039247964824
O=[N+]([O-])c1ccc(S(=O)(=O)O)c([N+](=O)[O-])c1,1,c1ccccc1,O=[N+]([O-])c1ccc(CBr)cc1,1,c1ccccc1,0.33999999999999997,1,0.8871449503575527
O=[N+]([O-])c1ccc(S(=O)(=O)O)c([N+](=O)[O-])c1,1,c1ccccc1,Nc1cc([N+](=O)[O-])cc(Cl)c1O,1,c1ccccc1,0.32285714285714284,1,0.9516850065453905
Cc1cc(N)ccc1N,1,c1ccccc1,Cc1cc(O)ccc1N,1,c1ccccc1,0.5679633867276888,1,0.9930802401074178
Cc1cc(N)ccc1N,1,c1ccccc1,Cc1ccc(N)cc1O,1,c1ccccc1,0.5,1,0.9631104926591452
Cc1cc(N)ccc1N,1,c1ccccc1,Nc1ccc(N)cc1,1,c1ccccc1,0.4188034188034188,1,0.9675959500680568
Cc1cc(N)ccc1N,1,c1ccccc1,Nc1cccc(N)c1,1,c1ccccc1,0.3980952380952381,1,0.9747598739323392
Nc1cc([N+](=O)[O-])cc(Cl)c1O,1,c1ccccc1,O=[N+]([O-])c1ccc(Cl)c([N+](=O)[O-])c1,1,c1ccccc1,0.4096551724137932,1,0.9639689893399366
Nc1cc([N+](=O)[O-])cc(Cl)c1O,1,c1ccccc1,Nc1ccc(N)c([N+](=O)[O-])c1,1,c1ccccc1,0.39,1,0.9622365976974488
Nc1cc([N+](=O)[O-])cc(Cl)c1O,1,c1ccccc1,Nc1ccc(N(CO)CCO)cc1[N+](=O)[O-],1,c1ccccc1,0.3300813008130081,1,0.9713468686669054
Nc1cc([N+](=O)[O-])cc(Cl)c1O,1,c1ccccc1,O=[N+]([O-])c1ccc(S(=O)(=O)O)c([N+](=O)[O-])c1,1,c1ccccc1,0.32285714285714284,1,0.9185967472069692
Cc1ccc(NCCO)cc1O,1,c1ccccc1,Cc1ccc(N)cc1O,1,c1ccccc1,0.445,1,0.8565829226531159
Cc1ccc(NCCO)cc1O,1,c1ccccc1,Nc1ccc(NCCO)c([N+](=O)[O-])c1,1,c1ccccc1,0.3134640522875817,1,0.9134517413031772
Cc1ccc(NCCO)cc1O,1,c1ccccc1,CNc1ccc(O)cc1,1,c1ccccc1,0.29966329966329963,1,0.926879515465602
Cc1ccc(NCCO)cc1O,1,c1ccccc1,Cc1cccc(O)c1O,1,c1ccccc1,0.28583877995642704,1,0.7309137940718499
Nc1cccc(O)c1,1,c1ccccc1,Oc1cccc(O)c1,1,c1ccccc1,0.5955555555555556,1,0.8894697246590826
Nc1cccc(O)c1,1,c1ccccc1,Nc1cccc(N)c1,1,c1ccccc1,0.5955555555555556,1,0.9190929482818259
Nc1cccc(O)c1,1,c1ccccc1,Nc1ccccc1,1,c1ccccc1,0.43428571428571433,1,0.7537493362200615
Nc1cccc(O)c1,1,c1ccccc1,Cc1cc(O)ccc1N,1,c1ccccc1,0.4176923076923077,1,0.9650704968463941
O=C(Cl)c1ccc(F)c(Cl)c1,1,c1ccccc1,CCOC(=O)c1ccc(I)cc1,1,c1ccccc1,0.24871794871794872,1,0.873379407675606
O=C(Cl)c1ccc(F)c(Cl)c1,1,c1ccccc1,Nc1ccc(Cl)c(Cl)c1,1,c1ccccc1,0.23586956521739133,1,0.9002946401397566
O=C(Cl)c1ccc(F)c(Cl)c1,1,c1ccccc1,COC(=O)c1ccc(CBr)cc1,1,c1ccccc1,0.23333333333333334,1,0.9238849666241634
O=C(Cl)c1ccc(F)c(Cl)c1,1,c1ccccc1,O=C(CC(=O)C(F)(F)F)c1ccccc1,1,c1ccccc1,0.23076923076923078,1,0.7845419353017468
CCOC(=O)CC(=O)c1cc(C)c(C)c(C)c1C,1,c1ccccc1,CC(=O)CC(=O)c1cc(C)c(C)c(C)c1C,1,c1ccccc1,0.6290909090909091,1,0.839797986729168
CCOC(=O)CC(=O)c1cc(C)c(C)c(C)c1C,1,c1ccccc1,CC(=O)CC(=O)c1cc(C)ccc1C,1,c1ccccc1,0.3768744354110208,1,0.7632499122528893
CCOC(=O)CC(=O)c1cc(C)c(C)c(C)c1C,1,c1ccccc1,CCc1ccc(CC)c(C(=O)CC(C)=O)c1,1,c1ccccc1,0.3163636363636364,1,0.8445876752139337
CCOC(=O)CC(=O)c1cc(C)c(C)c(C)c1C,1,c1ccccc1,CCOC(=O)C=CC(=O)OCC,1,,0.30057142857142854,1,0.7940991599530011
CC=Cc1ccc(O)c(OC)c1C,1,c1ccccc1,CC=Cc1ccc(O)c(OC)c1,1,c1ccccc1,0.4940940940940941,1,0.9192960842595137
CC=Cc1ccc(O)c(OC)c1C,1,c1ccccc1,CC=Cc1cc(C)c(O)c(OC)c1,1,c1ccccc1,0.39999999999999997,1,0.8815833550221587
CC=Cc1ccc(O)c(OC)c1C,1,c1ccccc1,CC=Cc1ccc(O)c(OC(C)C)c1,1,c1ccccc1,0.38666666666666666,1,0.9092782854888558
CC=Cc1ccc(O)c(OC)c1C,1,c1ccccc1,CC=Cc1ccc(OC)cc1,1,c1ccccc1,0.3853968253968254,1,0.8137822350053237
Nc1cccc(N)c1,1,c1ccccc1,Nc1ccccc1,1,c1ccccc1,0.6044444444444445,1,0.8975763230458982
Nc1cccc(N)c1,1,c1ccccc1,Nc1cccc(O)c1,1,c1ccccc1,0.5955555555555556,1,0.9779029892348715
Nc1cccc(N)c1,1,c1ccccc1,Nc1ccc(N)cc1,1,c1ccccc1,0.4984126984126984,1,0.9336189414581092
Nc1cccc(N)c1,1,c1ccccc1,Nc1ccc(Cl)c(Cl)c1,1,c1ccccc1,0.4133333333333334,1,0.9300607315478525
CCOC(=O)c1ccc(CBr)cc1,1,c1ccccc1,COC(=O)c1ccc(CBr)cc1,1,c1ccccc1,0.6787878787878788,1,0.8741708031889742
CCOC(=O)c1ccc(CBr)cc1,1,c1ccccc1,CCOC(=O)c1ccc(I)cc1,1,c1ccccc1,0.6236559139784946,1,0.8307812457409561
CCOC(=O)c1ccc(CBr)cc1,1,c1ccccc1,O=[N+]([O-])c1ccc(CBr)cc1,1,c1ccccc1,0.3631746031746032,1,0.9236204470123885
CCOC(=O)c1ccc(CBr)cc1,1,c1ccccc1,BrCc1ccccc1,1,c1ccccc1,0.3619047619047619,1,0.755199598153864
CCN(CCNS(C)(=O)=O)c1ccc(N)c(C)c1,1,c1ccccc1,Cc1cc(N)ccc1N,1,c1ccccc1,0.3309677419354839,1,0.5476781356214377
CCN(CCNS(C)(=O)=O)c1ccc(N)c(C)c1,1,c1ccccc1,Cc1cc(O)ccc1N,1,c1ccccc1,0.31047619047619046,1,0.8868811583010298
CCN(CCNS(C)(=O)=O)c1ccc(N)c(C)c1,1,c1ccccc1,Nc1ccc(N(CO)CCO)cc1[N+](=O)[O-],1,c1ccccc1,0.29355877616747184,1,0.9871917395318315
CCN(CCNS(C)(=O)=O)c1ccc(N)c(C)c1,1,c1ccccc1,Cc1ccc(NCCO)cc1O,1,c1ccccc1,0.20891265597147954,1,0.7936652981328582
N#CSc1ccc(N)c([N+](=O)[O-])c1,1,c1ccccc1,Nc1ccc(N)c([N+](=O)[O-])c1,1,c1ccccc1,0.5474747474747474,1,0.9845735415729465
N#CSc1ccc(N)c([N+](=O)[O-])c1,1,c1ccccc1,Nc1ccc(N(CO)CCO)cc1[N+](=O)[O-],1,c1ccccc1,0.42555555555555563,1,0.992588355012107
N#CSc1ccc(N)c([N+](=O)[O-])c1,1,c1ccccc1,Nc1ccc(NCCO)c([N+](=O)[O-])c1,1,c1ccccc1,0.3240121580547113,1,0.9919325650044292
N#CSc1ccc(N)c([N+](=O)[O-])c1,1,c1ccccc1,O=[N+]([O-])c1ccc(Cl)c([N+](=O)[O-])c1,1,c1ccccc1,0.3196078431372549,1,0.9783656327304283
O=[N+]([O-])c1ccc(CBr)cc1,1,c1ccccc1,BrCc1ccccc1,1,c1ccccc1,0.42000000000000004,1,0.8688849233206655
O=[N+]([O-])c1ccc(CBr)cc1,1,c1ccccc1,O=[N+]([O-])c1ccc(Cl)c([N+](=O)[O-])c1,1,c1ccccc1,0.396,1,0.9529270659223091
O=[N+]([O-])c1ccc(CBr)cc1,1,c1ccccc1,COC(=O)c1ccc(CBr)cc1,1,c1ccccc1,0.386909090909091,1,0.9145562488100579
O=[N+]([O-])c1ccc(CBr)cc1,1,c1ccccc1,CCOC(=O)c1ccc(CBr)cc1,1,c1ccccc1,0.3631746031746032,1,0.930286868432741
CC(C)CC=C(C=O)c1ccccc1,1,c1ccccc1,CC(=O)C(C)C(=O)c1ccccc1,1,c1ccccc1,0.3740659340659341,1,0.8993754116131625
CC(C)CC=C(C=O)c1ccccc1,1,c1ccccc1,CC(C=O)c1ccccc1,1,c1ccccc1,0.36568627450980395,1,0.9148059223258315
CC(C)CC=C(C=O)c1ccccc1,1,c1ccccc1,O=CC=C(c1ccccc1)c1ccccc1,1,C=C(c1ccccc1)c1ccccc1,0.36235294117647066,1,0.8586520261646832
CC(C)CC=C(C=O)c1ccccc1,1,c1ccccc1,CC(C=O)=Cc1ccccc1,1,c1ccccc1,0.3435897435897436,1,0.9078814339362389
CCCCCCCCCCCCCC[N+](C)(C)Cc1ccccc1,1,c1ccccc1,CCCCCCC(C=O)=Cc1ccccc1,1,c1ccccc1,0.3593495934959349,1,0.9932015818492761
CCCCCCCCCCCCCC[N+](C)(C)Cc1ccccc1,1,c1ccccc1,CCCCCC(C=O)=Cc1ccccc1,1,c1ccccc1,0.33983739837398375,1,0.9917810846318272
CCCCCCCCCCCCCC[N+](C)(C)Cc1ccccc1,1,c1ccccc1,CCCCCC(=O)CC(=O)c1ccccc1,1,c1ccccc1,0.3226240538267452,1,0.9942588446887162
CCCCCCCCCCCCCC[N+](C)(C)Cc1ccccc1,1,c1ccccc1,CCCCC(C=O)=Cc1ccccc1,1,c1ccccc1,0.3203252032520325,1,0.9972482810147814
N#Cc1c(Cl)c(Cl)c(Cl)c(C#N)c1Cl,1,c1ccccc1,Oc1c(Cl)c(Cl)c(Cl)c(Cl)c1Cl,1,c1ccccc1,0.2631578947368421,1,0.9548494477733441
N#Cc1c(Cl)c(Cl)c(Cl)c(C#N)c1Cl,1,c1ccccc1,O=C(Cl)c1ccc(F)c(Cl)c1,1,c1ccccc1,0.128921568627451,1,0.9213244852583781
N#Cc1c(Cl)c(Cl)c(Cl)c(C#N)c1Cl,1,c1ccccc1,Nc1ccc(Cl)c(Cl)c1,1,c1ccccc1,0.12367149758454107,1,0.9223238320421653
N#Cc1c(Cl)c(Cl)c(Cl)c(C#N)c1Cl,1,c1ccccc1,N#CCCC(Br)(C#N)CBr,1,,0.10941935483870968,1,0.9799278687756773
CCCc1ccc(OC)c(O)c1,1,c1ccccc1,CCCc1ccc(O)c(OC)c1,1,c1ccccc1,0.7546666666666667,1,0.8655080171405457
CCCc1ccc(OC)c(O)c1,1,c1ccccc1,C=CCc1ccc(O)c(OC)c1,1,c1ccccc1,0.4540834845735027,1,0.8305983795279704
CCCc1ccc(OC)c(O)c1,1,c1ccccc1,COc1cc(C)ccc1O,1,c1ccccc1,0.4169934640522876,1,0.8192701888326244
CCCc1ccc(OC)c(O)c1,1,c1ccccc1,C=CCc1cc(OC)c(O)cc1C,1,c1ccccc1,0.37639653815893,1,0.8048894991379845
CCOC(=O)c1ccc(I)cc1,1,c1ccccc1,CCOC(=O)c1ccc(CBr)cc1,1,c1ccccc1,0.6236559139784946,1,0.9136444528490166
CCOC(=O)c1ccc(I)cc1,1,c1ccccc1,COC(=O)c1ccc(CBr)cc1,1,c1ccccc1,0.38945054945054947,1,0.9080311394871693
CCOC(=O)c1ccc(I)cc1,1,c1ccccc1,CCCOC(=O)c1cc(O)c(O)c(O)c1,1,c1ccccc1,0.3707362534948742,1,0.8180453971747536
CCOC(=O)c1ccc(I)cc1,1,c1ccccc1,CCCCCCCCCCCCOC(=O)c1cc(O)c(O)c(O)c1,1,c1ccccc1,0.33752950432730133,1,0.7980036729403093
CC=Cc1ccc(OC(C)C)c(OC)c1,1,c1ccccc1,CC=Cc1ccc(O)c(OC(C)C)c1,1,c1ccccc1,0.6542857142857142,1,0.956767841099505
CC=Cc1ccc(OC(C)C)c(OC)c1,1,c1ccccc1,CC=Cc1ccc(O)c(OC)c1,1,c1ccccc1,0.5785714285714285,1,0.9088497749920883
CC=Cc1ccc(OC(C)C)c(OC)c1,1,c1ccccc1,CC=Cc1ccc(OC)cc1,1,c1ccccc1,0.50076726342711,1,0.8773651182215273
CC=Cc1ccc(OC(C)C)c(OC)c1,1,c1ccccc1,COc1ccc(C=O)cc1OC,1,c1ccccc1,0.46971428571428575,1,0.7632276157252453
COC(=O)c1ccc(CBr)cc1,1,c1ccccc1,CCOC(=O)c1ccc(CBr)cc1,1,c1ccccc1,0.6787878787878788,1,0.8738302235380381
COC(=O)c1ccc(CBr)cc1,1,c1ccccc1,BrCc1ccccc1,1,c1ccccc1,0.3909774436090226,1,0.7497966794549774
COC(=O)c1ccc(CBr)cc1,1,c1ccccc1,CCOC(=O)c1ccc(I)cc1,1,c1ccccc1,0.38945054945054947,1,0.8153896831982342
COC(=O)c1ccc(CBr)cc1,1,c1ccccc1,O=[N+]([O-])c1ccc(CBr)cc1,1,c1ccccc1,0.386909090909091,1,0.9246880618768849
NCc1cccc(CN)c1,1,c1ccccc1,Nc1cccc(N)c1,1,c1ccccc1,0.32705882352941174,1,0.9160735505056645
NCc1cccc(CN)c1,1,c1ccccc1,BrCc1ccccc1,1,c1ccccc1,0.32513368983957225,1,0.783996012494605
NCc1cccc(CN)c1,1,c1ccccc1,O=CCc1ccccc1,1,c1ccccc1,0.29649122807017547,1,0.8394682760194335
NCc1cccc(CN)c1,1,c1ccccc1,Oc1cccc(O)c1,1,c1ccccc1,0.2619047619047619,1,0.8537599515754185
CC(C)N(C(=N)N)C(=N)Nc1ccc(Cl)c(Cl)c1,1,c1ccccc1,Nc1ccc(Cl)c(Cl)c1,1,c1ccccc1,0.2680652680652681,1,0.9268951046797519
CC(C)N(C(=N)N)C(=N)Nc1ccc(Cl)c(Cl)c1,1,c1ccccc1,O=C(Cl)c1ccc(F)c(Cl)c1,1,c1ccccc1,0.1820408163265306,1,0.9707997389119865
CC(C)N(C(=N)N)C(=N)Nc1ccc(Cl)c(Cl)c1,1,c1ccccc1,Nc1cc([N+](=O)[O-])cc(Cl)c1O,1,c1ccccc1,0.17838577291381671,1,0.9917500018446948
CC(C)N(C(=N)N)C(=N)Nc1ccc(Cl)c(Cl)c1,1,c1ccccc1,O=[N+]([O-])c1ccc(Cl)c([N+](=O)[O-])c1,1,c1ccccc1,0.1738554881412024,1,0.9911741965518043
Oc1c(Cl)c(Cl)c(Cl)c(Cl)c1Cl,1,c1ccccc1,N#Cc1c(Cl)c(Cl)c(Cl)c(C#N)c1Cl,1,c1ccccc1,0.2631578947368421,1,0.9759261463746546
Oc1c(Cl)c(Cl)c(Cl)c(Cl)c1Cl,1,c1ccccc1,Oc1ccc(O)cc1,1,c1ccccc1,0.22153846153846157,1,0.9594362023301698
Oc1c(Cl)c(Cl)c(Cl)c(Cl)c1Cl,1,c1ccccc1,Nc1cc([N+](=O)[O-])cc(Cl)c1O,1,c1ccccc1,0.21185185185185187,1,0.896411215887662
Oc1c(Cl)c(Cl)c(Cl)c(Cl)c1Cl,1,c1ccccc1,Oc1cccc(O)c1,1,c1ccccc1,0.17964912280701756,1,0.9559525774508021
O=CCc1ccccc1,1,c1ccccc1,BrCc1ccccc1,1,c1ccccc1,0.4095238095238095,1,0.732428266566833
O=CCc1ccccc1,1,c1ccccc1,O=CC=Cc1ccccc1,1,c1ccccc1,0.38273684210526315,1,0.8442639371568241
O=CCc1ccccc1,1,c1ccccc1,CC(C=O)c1ccccc1,1,c1ccccc1,0.3769230769230769,1,0.8427183777332461
O=CCc1ccccc1,1,c1ccccc1,O=CC=C(c1ccccc1)c1ccccc1,1,C=C(c1ccccc1)c1ccccc1,0.3716599190283401,1,0.8453008847325235
Cc1ccc(CCC=O)cc1,1,c1ccccc1,O=CCc1ccccc1,1,c1ccccc1,0.362406015037594,1,0.8889021721946048
Cc1ccc(CCC=O)cc1,1,c1ccccc1,CC(C=O)Cc1ccc(C(C)C)cc1,1,c1ccccc1,0.3119047619047619,1,0.890995085195621
Cc1ccc(CCC=O)cc1,1,c1ccccc1,O=CCCCC=O,1,,0.30000000000000004,1,0.8804787644803899
Cc1ccc(CCC=O)cc1,1,c1ccccc1,CC(C=O)Cc1ccc(C(C)(C)C)cc1,1,c1ccccc1,0.2995495495495496,1,0.8890757767069439
CC(C=O)Cc1ccc(C(C)(C)C)cc1,1,c1ccccc1,CC(C=O)Cc1ccc(C(C)C)cc1,1,c1ccccc1,0.6331797235023042,1,0.924964431430285
CC(C=O)Cc1ccc(C(C)(C)C)cc1,1,c1ccccc1,CC(C)(C)c1ccc(OCC2CO2)cc1,1,c1ccc(OCC2CO2)cc1,0.30714285714285716,1,0.9743418558429794
CC(C=O)Cc1ccc(C(C)(C)C)cc1,1,c1ccccc1,CC(C=O)c1ccccc1,1,c1ccccc1,0.306832298136646,1,0.8964138115346725
CC(C=O)Cc1ccc(C(C)(C)C)cc1,1,c1ccccc1,Cc1ccc(CCC=O)cc1,1,c1ccccc1,0.2995495495495496,1,0.8784763161000912
CC(CC(=O)Oc1ccc(S(=O)(=O)O)cc1)CC(C)(C)C,1,c1ccccc1,CC(CC(=O)Cl)CC(C)(C)C,1,,0.37469512195121957,1,0.9185585876651107
CC(CC(=O)Oc1ccc(S(=O)(=O)O)cc1)CC(C)(C)C,1,c1ccccc1,O=C(Oc1ccccc1)c1ccccc1,1,O=C(Oc1ccccc1)c1ccccc1,0.2284584980237154,1,0.6742595347881506
CC(CC(=O)Oc1ccc(S(=O)(=O)O)cc1)CC(C)(C)C,1,c1ccccc1,O=[N+]([O-])c1ccc(S(=O)(=O)O)c([N+](=O)[O-])c1,1,c1ccccc1,0.22712550607287452,1,0.6963265634320387
CC(CC(=O)Oc1ccc(S(=O)(=O)O)cc1)CC(C)(C)C,1,c1ccccc1,COc1ccc(NC(=O)CC(C)=O)cc1,1,c1ccccc1,0.22564102564102564,1,0.7918630250801073
CCCN(CCC)c1c([N+](=O)[O-])cc(C(F)(F)F)cc1[N+](=O)[O-],1,c1ccccc1,Nc1ccc(N(CO)CCO)cc1[N+](=O)[O-],1,c1ccccc1,0.3150909090909091,1,0.9910586466882381
CCCN(CCC)c1c([N+](=O)[O-])cc(C(F)(F)F)cc1[N+](=O)[O-],1,c1ccccc1,CC=CC(=O)Oc1c(C(C)CCCCCC)cc([N+](=O)[O-])cc1[N+](=O)[O-],1,c1ccccc1,0.2608879492600423,1,0.9444623795685092
CCCN(CCC)c1c([N+](=O)[O-])cc(C(F)(F)F)cc1[N+](=O)[O-],1,c1ccccc1,O=[N+]([O-])c1ccc(Cl)c([N+](=O)[O-])c1,1,c1ccccc1,0.2571428571428572,1,0.9470865684476976
CCCN(CCC)c1c([N+](=O)[O-])cc(C(F)(F)F)cc1[N+](=O)[O-],1,c1ccccc1,Nc1ccc(N)c([N+](=O)[O-])c1,1,c1ccccc1,0.2560797342192691,1,0.8834950406204349
CCOC(=O)C(C)(C)Oc1ccc(Cl)cc1,0,c1ccccc1,CCOC(=O)c1ccc(I)cc1,1,c1ccccc1,0.3502102607232969,0,0.10708297719624764
CCOC(=O)C(C)(C)Oc1ccc(Cl)cc1,0,c1ccccc1,CCOC(=O)c1ccc(CBr)cc1,1,c1ccccc1,0.3024665257223397,0,0.19529484745762127
CCOC(=O)C(C)(C)Oc1ccc(Cl)cc1,0,c1ccccc1,CCOC(=O)C=CC(=O)OCC,1,,0.2914529914529915,0,0.28711115156929473
CCOC(=O)C(C)(C)Oc1ccc(Cl)cc1,0,c1ccccc1,C=CC(=O)OCC,1,,0.2771929824561403,0,0.1853011353918715
Cc1cccc(O)c1O,1,c1ccccc1,Cc1ccc(N)cc1O,1,c1ccccc1,0.3619047619047619,1,0.9084282705255133
Cc1cccc(O)c1O,1,c1ccccc1,Oc1cccc2ccccc12,1,c1ccc2ccccc2c1,0.3616842105263158,1,0.8734119759019994
Cc1cccc(O)c1O,1,c1ccccc1,Oc1cccc(O)c1,1,c1ccccc1,0.3420454545454546,1,0.9577697705374427
Cc1cccc(O)c1O,1,c1ccccc1,Nc1ccccc1O,1,c1ccccc1,0.33666666666666667,1,0.9475881012390891
Cc1cc(O)ccc1N,1,c1ccccc1,Cc1cc(N)ccc1N,1,c1ccccc1,0.5679633867276888,1,0.8950501101368037
Cc1cc(O)ccc1N,1,c1ccccc1,Cc1ccc(N)cc1O,1,c1ccccc1,0.435016835016835,1,0.9479039004956363
Cc1cc(O)ccc1N,1,c1ccccc1,Nc1cccc(O)c1,1,c1ccccc1,0.4176923076923077,1,0.9641161688241006
Cc1cc(O)ccc1N,1,c1ccccc1,Oc1ccc(O)cc1,1,c1ccccc1,0.36235294117647054,1,0.9574254913601762
O=C(O)Cc1ccc(C(=O)O)cc1,1,c1ccccc1,COC(=O)c1ccc(CBr)cc1,1,c1ccccc1,0.3041666666666667,0,0.38485487058000084
O=C(O)Cc1ccc(C(=O)O)cc1,1,c1ccccc1,CCOC(=O)c1ccc(CBr)cc1,1,c1ccccc1,0.28672268907563025,1,0.577949486771427
O=C(O)Cc1ccc(C(=O)O)cc1,1,c1ccccc1,CC(=O)C(=O)c1ccccc1,1,c1ccccc1,0.2561904761904762,1,0.5118667891080715
O=C(O)Cc1ccc(C(=O)O)cc1,1,c1ccccc1,O=C(Oc1ccccc1)c1ccccc1,1,O=C(Oc1ccccc1)c1ccccc1,0.25,1,0.6762846289289977
Nc1ccc(N(CO)CCO)cc1[N+](=O)[O-],1,c1ccccc1,Nc1ccc(N)c([N+](=O)[O-])c1,1,c1ccccc1,0.47269736842105264,1,0.96454671050492
Nc1ccc(N(CO)CCO)cc1[N+](=O)[O-],1,c1ccccc1,N#CSc1ccc(N)c([N+](=O)[O-])c1,1,c1ccccc1,0.42555555555555563,1,0.9646971849665638
Nc1ccc(N(CO)CCO)cc1[N+](=O)[O-],1,c1ccccc1,Nc1ccc(NCCO)c([N+](=O)[O-])c1,1,c1ccccc1,0.39729729729729735,1,0.9943238238727549
Nc1ccc(N(CO)CCO)cc1[N+](=O)[O-],1,c1ccccc1,Nc1cc([N+](=O)[O-])cc(Cl)c1O,1,c1ccccc1,0.3300813008130081,1,0.9788059460287951
CN(C)c1ccc(N=O)cc1,1,c1ccccc1,CN(N=O)C(N)=O,1,,0.2002998500749625,1,0.9331415498532951
CN(C)c1ccc(N=O)cc1,1,c1ccccc1,CCN(CCNS(C)(=O)=O)c1ccc(N)c(C)c1,1,c1ccccc1,0.18188449848024316,1,0.9627161589571814
CN(C)c1ccc(N=O)cc1,1,c1ccccc1,COc1ccc(C=O)cc1OC,1,c1ccccc1,0.17198067632850245,1,0.9381499869178322
CN(C)c1ccc(N=O)cc1,1,c1ccccc1,CC(=O)C(=O)c1ccccc1,1,c1ccccc1,0.16847826086956522,1,0.8735007601495971
CCCOC(=O)c1cc(O)c(O)c(O)c1,1,c1ccccc1,CCCCCCCCCCCCOC(=O)c1cc(O)c(O)c(O)c1,1,c1ccccc1,0.7680000000000001,1,0.7503071479157735
CCCOC(=O)c1cc(O)c(O)c(O)c1,1,c1ccccc1,CCOC(=O)c1ccc(I)cc1,1,c1ccccc1,0.3707362534948742,1,0.5822369308238072
CCCOC(=O)c1cc(O)c(O)c(O)c1,1,c1ccccc1,CCOC(=O)c1ccc(CBr)cc1,1,c1ccccc1,0.3563218390804598,1,0.7144787924560418
CCCOC(=O)c1cc(O)c(O)c(O)c1,1,c1ccccc1,CCCc1ccc(OC)c(O)c1,1,c1ccccc1,0.2873614190687362,1,0.6952967385126532
CC=C(C)C=O,0,,CC(C=O)=Cc1ccccc1,1,c1ccccc1,0.37368421052631584,1,0.5647033261388511
CC=C(C)C=O,0,,C=CC(C)(O)CCC=C(C)C=O,1,,0.33827586206896554,1,0.5273853016302626
CC=C(C)C=O,0,,CC=CC=CC=O,1,,0.2857142857142857,1,0.767118579836306
CC=C(C)C=O,0,,CC(=O)C(C)=O,1,,0.28,1,0.7738561528137813
C=C(C=CCC(C)C)CC,0,,CC(C)CC=C(C=O)c1ccccc1,1,c1ccccc1,0.23846153846153847,1,0.5788755427547919
C=C(C=CCC(C)C)CC,0,,CC(=O)C(=O)CC(C)C,1,,0.20747028862478778,1,0.6268682338651949
C=C(C=CCC(C)C)CC,0,,CCOC(=O)C=CC(=O)OCC,1,,0.18211143695014664,1,0.5911382696552904
C=C(C=CCC(C)C)CC,0,,C=CC(=O)OCC,1,,0.18181818181818185,1,0.6984832377488841
CS(=O)(=O)CCN,0,,NCCN,1,,0.2748717948717949,0,0.3270192019544514
CS(=O)(=O)CCN,0,,CCOS(=O)(=O)OCC,1,,0.273015873015873,0,0.18188315373913946
CS(=O)(=O)CCN,0,,COS(C)(=O)=O,1,,0.26052631578947366,0,0.298226353571994
CS(=O)(=O)CCN,0,,CCCCCCCCCCCCS(=O)(=O)OC,1,,0.2574074074074074,0,0.15097391169700225
C=C(C)C(=O)OCC(C)O,0,,C=C(C)C(=O)OCCOC(=O)C(=C)C,1,,0.5891764705882354,1,0.589650915674817
C=C(C)C(=O)OCC(C)O,0,,C=C(C)C(=O)OC,1,,0.4495726495726496,1,0.5122180621481023
C=C(C)C(=O)OCC(C)O,0,,C=CC(=O)OCC,1,,0.3222580645161291,1,0.5114540755711269
C=C(C)C(=O)OCC(C)O,0,,O=C(CS)OCC(O)CO,1,,0.30095238095238097,0,0.22518710179508408
OCCCCCCCl,0,,OCCCCCCCCCCCCBr,1,,0.5555555555555556,0,0.4590338037671216
OCCCCCCCl,0,,CCCCCCCCCCCCCCCl,1,,0.46222222222222226,0,0.36419724475903675
OCCCCCCCl,0,,CCCCCCCCO,1,,0.46222222222222226,1,0.7814006622408036
OCCCCCCCl,0,,CCCCCCCCCCCCCCCCCl,1,,0.46222222222222226,0,0.24301245082186562
O=C(O)CCCCC(=O)O,0,,O=C(O)CCCCCCCCCCCBr,1,,0.6509803921568628,0,0.10904437340557548
O=C(O)CCCCC(=O)O,0,,C=CCCCCCCCCC(=O)O,1,,0.5811764705882354,0,0.24644241726612345
O=C(O)CCCCC(=O)O,0,,CCCCCCCCC=CCCCCCCCC(=O)O,1,,0.5159420289855072,0,0.12140635089285735
O=C(O)CCCCC(=O)O,0,,CCCCCC=CCC=CCCCCCCCC(=O)O,1,,0.4647773279352227,0,0.12623121375808838
CCCCBr,0,,CCCCCCCCCCCCCCCCCCCCBr,1,,0.7514285714285716,0,0.24218828492704644
CCCCBr,0,,CCCCCCCCCCCCCCCCCCCCCCBr,1,,0.7514285714285716,0,0.36847201006408414
CCCCBr,0,,CCCCCCCCCCCCCBr,1,,0.7514285714285716,0,0.23086673862413967
CCCCBr,0,,CCCCCCCCCCCCCCCCCBr,1,,0.7514285714285716,0,0.2958783067119747
CCCCCCCCCBr,0,,CCCCCCCCCCCCCCCCCCCCBr,1,,1.0,0,0.4482146334289566
CCCCCCCCCBr,0,,CCCCCCCCCCCCCCCCCCCCCCBr,1,,1.0,0,0.49919442269382563
CCCCCCCCCBr,0,,CCCCCCCCCCCCCBr,1,,1.0,1,0.723252153779801
CCCCCCCCCBr,0,,CCCCCCCCCCCCCCCCCBr,1,,1.0,0,0.4704232572561983
CCCCO,0,,CCCCCCCCO,1,,0.7514285714285716,0,0.3629567942454442
CCCCO,0,,CCN(CC)CCCCCCO,1,,0.3988795518207283,0,0.42955415005237274
CCCCO,0,,OCCCCCCCCCCCCBr,1,,0.36,0,0.3295550454995132
CCCCO,0,,CCCCCCCCCCCCCCCCCCCCBr,1,,0.32,1,0.6126809158339473
CCCCCCCCCCl,0,,CCCCCCCCCCCCCCCl,1,,1.0,1,0.6326382003300748
CCCCCCCCCCl,0,,CCCCCCCCCCCCCCCCCl,1,,1.0,0,0.45435264454400914
CCCCCCCCCCl,0,,CCCCCCCCCCCCCCCCCCCl,1,,1.0,0,0.2958638678777307
CCCCCCCCCCl,0,,CCCCCCCCCCCCCCCCCCCCBr,1,,0.5555555555555556,1,0.5928549291120243
COC(=O)OC,0,,COC(=O)C(C)=O,1,,0.4214285714285715,0,0.2552209946491539
COC(=O)OC,0,,C=CC(=O)OC,1,,0.38253968253968257,0,0.3623191934913321
COC(=O)OC,0,,C=C(C)C(=O)OC,1,,0.37777777777777777,0,0.24035078346894606
COC(=O)OC,0,,CC(=O)C(C)=O,1,,0.30069930069930073,0,0.339584610202719
O=C(O)C=CC(=O)O,0,,O=C(O)C(=O)O,1,,0.37424242424242427,0,0.35677142356879366
O=C(O)C=CC(=O)O,0,,C=C(C)C(=O)O,1,,0.30000000000000004,0,0.34642524433955824
O=C(O)C=CC(=O)O,0,,C=CCCCCCCCCC(=O)O,1,,0.27869565217391307,0,0.2375995727418485
O=C(O)C=CC(=O)O,0,,CCOC(=O)C=CC(=O)OCC,1,,0.22000000000000003,0,0.4445695469323009
OCC(O)CO,0,,O=C(CS)OCC(O)CO,1,,0.3532608695652174,0,0.0720279273016581
OCC(O)CO,0,,CCC(O)C(CO)CO,1,,0.3380952380952381,0,0.058867219989676055
OCC(O)CO,0,,CCCCCCCCO,1,,0.18785425101214576,0,0.37800674221174646
OCC(O)CO,0,,OCCCCCCCCCCCCBr,1,,0.1763157894736842,0,0.20196744529336888
CCCCCC,0,,CCCCCCCCCCCCCCCCCCCCBr,1,,0.5307692307692308,0,0.12999510555262678
CCCCCC,0,,CCCCCCCCCCCCCCCCCCCCCCBr,1,,0.5307692307692308,0,0.18946086696625558
CCCCCC,0,,CCCCCCCCCCCCCBr,1,,0.5307692307692308,0,0.14368946903534482
CCCCCC,0,,CCCCCCCCCCCCCCI,1,,0.5307692307692308,0,0.03197973303677906
CCCCCCI,0,,CCCCCCCCCCCCCCI,1,,1.0,0,0.25852716186258423
CCCCCCI,0,,CCCCCCCCCCI,1,,1.0,0,0.44850540574178827
CCCCCCI,0,,CCCCCCCCCCCCI,1,,1.0,0,0.4164015629052545
CCCCCCI,0,,CCCCCCCCCCCCCCCCI,1,,1.0,0,0.21039833311270897
CCCCCCCCCCCCCCCCCCI,0,,CCCCCCCCCCCCCCI,1,,1.0,0,0.49072686285589234
CCCCCCCCCCCCCCCCCCI,0,,CCCCCCCCCCI,1,,1.0,1,0.6897916775918803
CCCCCCCCCCCCCCCCCCI,0,,CCCCCCCCCCCCI,1,,1.0,1,0.8332978517584892
CCCCCCCCCCCCCCCCCCI,0,,CCCCCCCCCCCCCCCCI,1,,1.0,1,0.813470306213877
CC(C)O,0,,CCC(O)C(CO)CO,1,,0.2715686274509804,0,0.06082801687592235
CC(C)O,0,,CC(=O)C(=O)CC(C)C,1,,0.20634920634920637,0,0.13253903871722406
CC(C)O,0,,CC(=O)C(C)=O,1,,0.18989898989898993,0,0.3457425881623034
CC(C)O,0,,CC(CC=O)CCCC(C)(C)O,1,,0.16752136752136754,0,0.33220885318554705
CC(C)N(C#N)C#N,0,,CC(=O)C(=O)CC(C)C,1,,0.15957894736842104,0,0.1037802189438885
CC(C)N(C#N)C#N,0,,N#Cc1c(Cl)c(Cl)c(Cl)c(C#N)c1Cl,1,c1ccccc1,0.1272727272727273,0,0.046290271455548614
CC(C)N(C#N)C#N,0,,COS(C)(=O)=O,1,,0.1136904761904762,0,0.44154545645935267
CC(C)N(C#N)C#N,0,,CC(C)N(C(=N)N)C(=N)Nc1ccc(Cl)c(Cl)c1,1,c1ccccc1,0.11238095238095237,0,0.028112882011248338
CC(O)C(=O)O,0,,C=C(C)C(=O)O,1,,0.3419607843137255,0,0.18506485515837232
CC(O)C(=O)O,0,,O=C(O)C(=O)O,1,,0.3175824175824176,0,0.11456885726399259
CC(O)C(=O)O,0,,CCCCCCCCCCCCC(Br)C(=O)O,1,,0.2915750915750916,0,0.08357718676434409
CC(O)C(=O)O,0,,CC(=O)C(C)=O,1,,0.26857142857142857,0,0.2701370139188072
CCCCCCCC(=O)O,0,,CCCCCCCCC=CCCCCCCCC(=O)O,1,,0.7579710144927536,0,0.26680951135992315
CCCCCCCC(=O)O,0,,CCCCCC=CCC=CCCCCCCCC(=O)O,1,,0.6809716599190284,0,0.2906686602760717
CCCCCCCC(=O)O,0,,O=C(O)CCCCCCCCCCCBr,1,,0.5663636363636364,0,0.298536530155379
CCCCCCCC(=O)O,0,,CCCCCCCCC(=O)Cl,1,,0.5298701298701299,1,0.5688200628966641
C=CC(=O)OCC(CO)(COC(=O)C=C)COC(=O)C=C,0,,C=CC(=O)OCCO,1,,0.5548148148148148,0,0.4906548385565319
C=CC(=O)OCC(CO)(COC(=O)C=C)COC(=O)C=C,0,,C=CC(=O)OCC,1,,0.4951851851851852,0,0.3711565363184179
C=CC(=O)OCC(CO)(COC(=O)C=C)COC(=O)C=C,0,,C=CC(=O)OCCCC,1,,0.43113604488078544,0,0.45191864004953847
C=CC(=O)OCC(CO)(COC(=O)C=C)COC(=O)C=C,0,,C=CC(=O)OC,1,,0.3862962962962963,0,0.31928705168461957
CC(O)CO,0,,CCC(O)C(CO)CO,1,,0.40341880341880343,0,0.048124538055077645
CC(O)CO,0,,O=C(CS)OCC(O)CO,1,,0.25961538461538464,0,0.06636989733931549
CC(O)CO,0,,CCCCCCCCO,1,,0.2517543859649123,0,0.31918800930561964
CC(O)CO,0,,CC(=O)C(=O)CC(C)C,1,,0.21547619047619046,0,0.34498135825216575
O=C(O)CCC(=O)O,0,,O=C(O)CCCCCCCCCCCBr,1,,0.45029239766081874,0,0.11786568768414132
O=C(O)CCC(=O)O,0,,C=CCCCCCCCCC(=O)O,1,,0.40476190476190477,0,0.18462592745867815
O=C(O)CCC(=O)O,0,,O=C(O)C(=O)O,1,,0.37424242424242427,0,0.12848684902791763
O=C(O)CCC(=O)O,0,,CCCCCCCCC=CCCCCCCCC(=O)O,1,,0.36140350877192984,0,0.13064320143655755
O=C(O)C(O)C(O)C(=O)O,0,,O=C(O)C(=O)O,1,,0.3380952380952381,0,0.11232094175503993
O=C(O)C(O)C(O)C(=O)O,0,,C=C(C)C(=O)O,1,,0.2757352941176471,0,0.13776820728834133
O=C(O)C(O)C(O)C(=O)O,0,,CCCCCCCCCCCCC(Br)C(=O)O,1,,0.24825174825174828,0,0.10699366837968156
O=C(O)C(O)C(O)C(=O)O,0,,O=C(O)CCCCCCCCCCCBr,1,,0.2,0,0.12781354450050014
C=CC(=O)OCC(CC)(COC(=O)C=C)COC(=O)C=C,0,,C=CC(=O)OCC,1,,0.5948717948717949,1,0.5695785437796017
C=CC(=O)OCC(CC)(COC(=O)C=C)COC(=O)C=C,0,,C=CC(=O)OCCCC,1,,0.53,1,0.6637788807805325
C=CC(=O)OCC(CC)(COC(=O)C=C)COC(=O)C=C,0,,C=CC(=O)OCCO,1,,0.45862068965517244,1,0.5308384208180231
C=CC(=O)OCC(CC)(COC(=O)C=C)COC(=O)C=C,0,,C=CC(=O)OCC(COC(=O)C=C)C(CC)OC(=O)C=C,1,,0.4416666666666667,1,0.8383883098711352
C=C(Cl)Cl,0,,C=C(C)C(=O)O,1,,0.2,0,0.3620705934387739
C=C(Cl)Cl,0,,C=C(C)C(=O)OC,1,,0.16,0,0.28466429404657845
C=C(Cl)Cl,0,,CCCCCCCCC(=O)Cl,1,,0.15714285714285714,0,0.02483172913023348
C=C(Cl)Cl,0,,CCCCCCCCCCCCCCCC(=O)Cl,1,,0.15714285714285714,0,0.029183020642697816
CCCCCCCC=CC=O,1,,CCCC=CC=O,1,,0.6937062937062938,1,0.9613469377240772
CCCCCCCC=CC=O,1,,CCCCCCCCC=CCCCCCCCC(=O)O,1,,0.4814449917898194,1,0.8870457246251761
CCCCCCCC=CC=O,1,,CCCCCCCCCCCCCCC=CS(=O)(=O)OC,1,,0.46655348047538203,1,0.960659947064291
CCCCCCCC=CC=O,1,,CCC=CCCCCC=O,1,,0.45092592592592595,1,0.9759797289025295
N#CCCC(Br)(C#N)CBr,1,,BrCc1ccccc1,1,c1ccccc1,0.1327536231884058,1,0.8711486235104549
N#CCCC(Br)(C#N)CBr,1,,CCCCCCCCCCCCCCCCCCCCBr,1,,0.13,1,0.9072467740900014
N#CCCC(Br)(C#N)CBr,1,,CCCCCCCCCCCCCCCCCCCCCCBr,1,,0.13,1,0.9096630678005012
N#CCCC(Br)(C#N)CBr,1,,CCCCCCCCCCCCCBr,1,,0.13,1,0.9130737145405285
OCCCCCCCCCCCCBr,1,,CCCCCCCCCCCCCCCCCCCCBr,1,,0.46222222222222226,1,0.9257916943861432
OCCCCCCCCCCCCBr,1,,CCCCCCCCCCCCCCCCCCCCCCBr,1,,0.46222222222222226,1,0.9188249659543986
OCCCCCCCCCCCCBr,1,,CCCCCCCCCCCCCBr,1,,0.46222222222222226,1,0.9737705855776303
OCCCCCCCCCCCCBr,1,,CCCCCCCCCCCCCCCCCBr,1,,0.46222222222222226,1,0.9478040547404472
CCCCCCCCCCCCCCCCCCCl,1,,CCCCCCCCCCCCCCCl,1,,1.0,1,0.9155950941383836
CCCCCCCCCCCCCCCCCCCl,1,,CCCCCCCCCCCCCCCCCl,1,,1.0,1,0.9352744400339816
CCCCCCCCCCCCCCCCCCCl,1,,CCCCCCCCCCCCCCCCCCCCBr,1,,0.5555555555555556,1,0.9824850211837398
CCCCCCCCCCCCCCCCCCCl,1,,CCCCCCCCCCCCCCCCCCCCCCBr,1,,0.5555555555555556,1,0.9805188281994037
CCCCCCCCCCI,1,,CCCCCCCCCCCCCCI,1,,1.0,1,0.8844397687903516
CCCCCCCCCCI,1,,CCCCCCCCCCCCI,1,,1.0,1,0.8979937278360216
CCCCCCCCCCI,1,,CCCCCCCCCCCCCCCCI,1,,1.0,1,0.839998469989639
CCCCCCCCCCI,1,,CCCCCCCCCI,1,,1.0,1,0.9487458221248409
CN(N=O)C(=N)N[N+](=O)[O-],1,,CN(N=O)C(N)=O,1,,0.33066666666666666,1,0.9522510270141724
CN(N=O)C(=N)N[N+](=O)[O-],1,,CCN(N=O)C(N)=O,1,,0.2247863247863248,1,0.9714541382392892
CN(N=O)C(=N)N[N+](=O)[O-],1,,Nc1ccc(NCCO)c([N+](=O)[O-])c1,1,c1ccccc1,0.15112781954887217,1,0.968621468428742
CN(N=O)C(=N)N[N+](=O)[O-],1,,CN(C)c1ccc(N=O)cc1,1,c1ccccc1,0.14908456843940715,1,0.9361665325563037
CCCC=CC=O,1,,CCCCCCCC=CC=O,1,,0.6937062937062938,1,0.8796377320195272
CCCC=CC=O,1,,CCC=CC=CC=O,1,,0.5064935064935066,1,0.9249028712614478
CCCC=CC=O,1,,CC=CC=CC=O,1,,0.36883116883116884,1,0.9428560634181276
CCCC=CC=O,1,,CCC=CCCCCC=O,1,,0.35865384615384616,1,0.906767495765481
C=CC(=O)OCC(CC)CCCC,1,,C=CC(=O)OCCCC,1,,0.5636363636363636,1,0.9285611700252522
C=CC(=O)OCC(CC)CCCC,1,,C=CC(=O)OCC(COC(=O)C=C)C(CC)OC(=O)C=C,1,,0.52,1,0.9280549142138546
C=CC(=O)OCC(CC)CCCC,1,,C=CC(=O)OCC,1,,0.48928571428571427,1,0.9189574789668095
C=CC(=O)OCC(CC)CCCC,1,,C=CC(=O)OCCO,1,,0.3851428571428572,1,0.9284957835029864
C=CC(=O)OCCO,1,,C=CC(=O)OCCCC,1,,0.5663003663003663,1,0.6875596198755277
C=CC(=O)OCCO,1,,C=CC(=O)OCC,1,,0.5555555555555556,1,0.7435503103610307
C=CC(=O)OCCO,1,,C=CC(=O)OC,1,,0.43333333333333335,1,0.7059108760794056
C=CC(=O)OCCO,1,,C=CC(=O)OCC(COC(=O)C=C)C(CC)OC(=O)C=C,1,,0.40588235294117647,1,0.8053467252957809
CCCCCCCCCC(C)C=O,1,,CCCCCCCC(Br)CCCCCC,1,,0.41082352941176475,1,0.9020538080949924
CCCCCCCCCC(C)C=O,1,,CCCCCCCC=CC=O,1,,0.3975659229208925,1,0.9732545063511393
CCCCCCCCCC(C)C=O,1,,CCCCCCCCCCCCC(Br)C(=O)O,1,,0.37217391304347835,1,0.9137411631176651
CCCCCCCCCC(C)C=O,1,,CCC(C=O)CC,1,,0.3702857142857143,1,0.9402527365997666
CC(CC(=O)Cl)CC(C)(C)C,1,,CC(CC(=O)Oc1ccc(S(=O)(=O)O)cc1)CC(C)(C)C,1,c1ccccc1,0.37469512195121957,1,0.9721155897219116
CC(CC(=O)Cl)CC(C)(C)C,1,,CC(C)CCCCCC(=O)Cl,1,,0.35526315789473684,1,0.9299087284404022
CC(CC(=O)Cl)CC(C)(C)C,1,,CCCCCCCCC(=O)Cl,1,,0.3064516129032258,1,0.9294902668500319
CC(CC(=O)Cl)CC(C)(C)C,1,,CCCCCCCCCCCCCCCC(=O)Cl,1,,0.3064516129032258,1,0.8320163112009323
CN(C)CCCN,1,,NCCCNCCCN,1,,0.31058823529411766,1,0.9933637676791812
CN(C)CCCN,1,,NCCN,1,,0.2704761904761905,1,0.9815645040311949
CN(C)CCCN,1,,CC(CCCCN)C(C)(C)N,1,,0.26455026455026454,1,0.9428598731268012
CN(C)CCCN,1,,NCCNCCN,1,,0.25758513931888544,1,0.9879235306251909
CC(=O)C(=O)CC(C)C,1,,CC(=O)C(C)=O,1,,0.3914438502673797,1,0.8409607416803827
CC(=O)C(=O)CC(C)C,1,,CC(C)CCCCCC(=O)Cl,1,,0.29846743295019157,1,0.8571296335132352
CC(=O)C(=O)CC(C)C,1,,CC(CC(=O)Cl)CC(C)(C)C,1,,0.2806896551724138,1,0.8877226032283932
CC(=O)C(=O)CC(C)C,1,,COC(=O)C(C)=O,1,,0.2675191815856778,1,0.8995496056377145
CCN(CC)CCCCCCO,1,,CCN(CC)CCCCCCBr,1,,0.5774891774891775,1,0.9212743851603328
CCN(CC)CCCCCCO,1,,CCCCCCCCO,1,,0.4868347338935574,1,0.7880152290114316
CCN(CC)CCCCCCO,1,,OCCCCCCCCCCCCBr,1,,0.4034632034632035,1,0.7624874130216949
CCN(CC)CCCCCCO,1,,CCCCCCCCCCCCCCCCCCCCBr,1,,0.22836363636363638,1,0.8141810808940096
CCC=CCCCCC=O,1,,O=CCCCC=O,1,,0.5020242914979758,1,0.9727311258609794
CCC=CCCCCC=O,1,,C=CCCCCCCCCC=O,1,,0.4666666666666667,1,0.9493942986595347
CCC=CCCCCC=O,1,,CCC=CCC=CCC=CCCCCCCCC(=O)O,1,,0.45159420289855073,1,0.8913913285816832
CCC=CCCCCC=O,1,,CCCCCCCC=CC=O,1,,0.45092592592592595,1,0.9669283877814893
CCCCCCCCCCCCCCCCCCCCCCBr,1,,CCCCCCCCCCCCCCCCCCCCBr,1,,1.0,1,0.9724473287260211
CCCCCCCCCCCCCCCCCCCCCCBr,1,,CCCCCCCCCCCCCBr,1,,1.0,1,0.9760448196343615
CCCCCCCCCCCCCCCCCCCCCCBr,1,,CCCCCCCCCCCCCCCCCBr,1,,1.0,1,0.9662968830501686
CCCCCCCCCCCCCCCCCCCCCCBr,1,,CCCCCCCCCCCCCCCBr,1,,1.0,1,0.9755424977621746
CCCCCCCCCCCCBr,1,,CCCCCCCCCCCCCCCCCCCCBr,1,,1.0,1,0.9002222517017668
CCCCCCCCCCCCBr,1,,CCCCCCCCCCCCCCCCCCCCCCBr,1,,1.0,1,0.88503389865112
CCCCCCCCCCCCBr,1,,CCCCCCCCCCCCCBr,1,,1.0,1,0.9703019898761819
CCCCCCCCCCCCBr,1,,CCCCCCCCCCCCCCCCCBr,1,,1.0,1,0.9494876528484073
CCCCCCCCCCCCCCCCCCCCBr,1,,CCCCCCCCCCCCCCCCCCCCCCBr,1,,1.0,1,0.9944970024050873
CCCCCCCCCCCCCCCCCCCCBr,1,,CCCCCCCCCCCCCBr,1,,1.0,1,0.9802639438194714
CCCCCCCCCCCCCCCCCCCCBr,1,,CCCCCCCCCCCCCCCCCBr,1,,1.0,1,0.9827466865971658
CCCCCCCCCCCCCCCCCCCCBr,1,,CCCCCCCCCCCCCCCBr,1,,1.0,1,0.9846503729395696
CCCCCCCCCCCCCCCCCBr,1,,CCCCCCCCCCCCCCCCCCCCBr,1,,1.0,1,0.9902529696999454
CCCCCCCCCCCCCCCCCBr,1,,CCCCCCCCCCCCCCCCCCCCCCBr,1,,1.0,1,0.9878510214889477
CCCCCCCCCCCCCCCCCBr,1,,CCCCCCCCCCCCCBr,1,,1.0,1,0.9858144144423175
CCCCCCCCCCCCCCCCCBr,1,,CCCCCCCCCCCCCCCBr,1,,1.0,1,0.9911597730495072
CCCCCCCCCCCCCCCCBr,1,,CCCCCCCCCCCCCCCCCCCCBr,1,,1.0,1,0.9861812642288632
CCCCCCCCCCCCCCCCBr,1,,CCCCCCCCCCCCCCCCCCCCCCBr,1,,1.0,1,0.9845348306905688
CCCCCCCCCCCCCCCCBr,1,,CCCCCCCCCCCCCBr,1,,1.0,1,0.9858057391971567
CCCCCCCCCCCCCCCCBr,1,,CCCCCCCCCCCCCCCCCBr,1,,1.0,1,0.9864562414792016
CCCCCCBr,1,,CCCCCCCCCCCCCCCCCCCCBr,1,,1.0,0,0.4511261528478259
CCCCCCBr,1,,CCCCCCCCCCCCCCCCCCCCCCBr,1,,1.0,0,0.45358855457012204
CCCCCCBr,1,,CCCCCCCCCCCCCBr,1,,1.0,1,0.5993718437819401
CCCCCCBr,1,,CCCCCCCCCCCCCCCCCBr,1,,1.0,0,0.411872551153543
CCCCCCCCCCCCCCCCCCBr,1,,CCCCCCCCCCCCCCCCCCCCBr,1,,1.0,1,0.9921609830422935
CCCCCCCCCCCCCCCCCCBr,1,,CCCCCCCCCCCCCCCCCCCCCCBr,1,,1.0,1,0.9905759259173396
CCCCCCCCCCCCCCCCCCBr,1,,CCCCCCCCCCCCCBr,1,,1.0,1,0.9861711903636378
CCCCCCCCCCCCCCCCCCBr,1,,CCCCCCCCCCCCCCCCCBr,1,,1.0,1,0.9848086510177934
CCCCCCCCCCCCCCCBr,1,,CCCCCCCCCCCCCCCCCCCCBr,1,,1.0,1,0.981685188461002
CCCCCCCCCCCCCCCBr,1,,CCCCCCCCCCCCCCCCCCCCCCBr,1,,1.0,1,0.9740312347940475
CCCCCCCCCCCCCCCBr,1,,CCCCCCCCCCCCCBr,1,,1.0,1,0.9866602191819396
CCCCCCCCCCCCCCCBr,1,,CCCCCCCCCCCCCCCCCBr,1,,1.0,1,0.9842212450009425
CCCCCCCCCCCCCCBr,1,,CCCCCCCCCCCCCCCCCCCCBr,1,,1.0,1,0.9761939112779459
CCCCCCCCCCCCCCBr,1,,CCCCCCCCCCCCCCCCCCCCCCBr,1,,1.0,1,0.9366164685875167
CCCCCCCCCCCCCCBr,1,,CCCCCCCCCCCCCBr,1,,1.0,1,0.9857930371656298
CCCCCCCCCCCCCCBr,1,,CCCCCCCCCCCCCCCCCBr,1,,1.0,1,0.9793499976792094
CCCCCCCCCCCCCBr,1,,CCCCCCCCCCCCCCCCCCCCBr,1,,1.0,1,0.9394976417882197
CCCCCCCCCCCCCBr,1,,CCCCCCCCCCCCCCCCCCCCCCBr,1,,1.0,1,0.9176388568703119
CCCCCCCCCCCCCBr,1,,CCCCCCCCCCCCCCCCCBr,1,,1.0,1,0.9708339388264654
CCCCCCCCCCCCCBr,1,,CCCCCCCCCCCCCCCBr,1,,1.0,1,0.9772530323592525
CCCCCCCCCCCBr,1,,CCCCCCCCCCCCCCCCCCCCBr,1,,1.0,1,0.8670672035406847
CCCCCCCCCCCBr,1,,CCCCCCCCCCCCCCCCCCCCCCBr,1,,1.0,1,0.8459802310008414
CCCCCCCCCCCBr,1,,CCCCCCCCCCCCCBr,1,,1.0,1,0.9579960924846498
CCCCCCCCCCCBr,1,,CCCCCCCCCCCCCCCCCBr,1,,1.0,1,0.9247696343791352
C=CC(=O)OCCCC,1,,C=CC(=O)OCC,1,,0.6211764705882353,1,0.9267215491299154
C=CC(=O)OCCCC,1,,C=CC(=O)OCCO,1,,0.5663003663003663,1,0.9223988388845016
C=CC(=O)OCCCC,1,,C=CC(=O)OCC(CC)CCCC,1,,0.5636363636363636,1,0.8993290997496735
C=CC(=O)OCCCC,1,,C=CC(=O)OCC(COC(=O)C=C)C(CC)OC(=O)C=C,1,,0.45590062111801244,1,0.8815637348817362
CCCCCCCCCCCCCCCl,1,,CCCCCCCCCCCCCCCCCl,1,,1.0,1,0.8799317110865975
CCCCCCCCCCCCCCCl,1,,CCCCCCCCCCCCCCCCCCCl,1,,1.0,1,0.8522644732262318
CCCCCCCCCCCCCCCl,1,,CCCCCCCCCCCCCCCCCCCCBr,1,,0.5555555555555556,1,0.9515405874804684
CCCCCCCCCCCCCCCl,1,,CCCCCCCCCCCCCCCCCCCCCCBr,1,,0.5555555555555556,1,0.8911285251462321
CC(C)=CCCC(C)=CC=O,1,,CC(C)=CCCC(C)=CCCC(C)=CC=O,1,,0.9304347826086956,1,0.9459536588689528
CC(C)=CCCC(C)=CC=O,1,,CC(C)=CCCC(C)=CCCC(C)=CCCC=C(C)CCC=C(C)CCC=C(C)C,1,,0.6000000000000001,1,0.9582419442105921
CC(C)=CCCC(C)=CC=O,1,,CC(C)=CCCC(C)=CCO,1,,0.5307692307692308,1,0.9725296230899236
CC(C)=CCCC(C)=CC=O,1,,CCCC=CC=O,1,,0.2866666666666667,1,0.95551928754532
CCCCCCCCCCCCCCCCCl,1,,CCCCCCCCCCCCCCCl,1,,1.0,1,0.9300989073130816
CCCCCCCCCCCCCCCCCl,1,,CCCCCCCCCCCCCCCCCCCl,1,,1.0,1,0.9155358022837372
CCCCCCCCCCCCCCCCCl,1,,CCCCCCCCCCCCCCCCCCCCBr,1,,0.5555555555555556,1,0.9715056439683388
CCCCCCCCCCCCCCCCCl,1,,CCCCCCCCCCCCCCCCCCCCCCBr,1,,0.5555555555555556,1,0.9680271241432553
CCOS(=O)(=O)OCC,1,,COS(=O)(=O)OC,1,,0.3823529411764707,1,0.909373584572284
CCOS(=O)(=O)OCC,1,,CCCCCCCCCCCCOS(C)(=O)=O,1,,0.32266666666666666,1,0.7727571054150232
CCOS(=O)(=O)OCC,1,,CCOC(=O)C=CC(=O)OCC,1,,0.3020289855072464,1,0.8890331302809901
CCOS(=O)(=O)OCC,1,,COS(C)(=O)=O,1,,0.2991452991452992,1,0.8706484638328936
CCC(C=O)CC,1,,CCCCCCCCCC(C)C=O,1,,0.3702857142857143,1,0.8140522992787531
CCC(C=O)CC,1,,CCCC=CC=O,1,,0.28369565217391307,1,0.9442024674297402
CCC(C=O)CC,1,,CCC=CC=CC=O,1,,0.28369565217391307,1,0.909966134089917
CCC(C=O)CC,1,,CCC=CCCCCC=O,1,,0.2625882352941177,1,0.7852733722056161
NCCNCCN,1,,NCCNCCO,1,,0.6564102564102564,1,0.994665915730921
NCCNCCN,1,,NCCCNCCCN,1,,0.6538461538461539,1,0.9967466934056971
NCCNCCN,1,,NCCN,1,,0.41590909090909095,1,0.965054118625049
NCCNCCN,1,,CN(C)CCCN,1,,0.25758513931888544,1,0.9553257940202419
NCCCNCCCN,1,,NCCNCCN,1,,0.6538461538461539,1,0.9960910585198418
NCCCNCCCN,1,,NCCNCCO,1,,0.4705882352941177,1,0.9942213107578493
NCCCNCCCN,1,,NCCN,1,,0.3188811188811189,1,0.9655834496137764
NCCCNCCCN,1,,CN(C)CCCN,1,,0.31058823529411766,1,0.8177196023704907
CCCCCCCCCCCCOS(C)(=O)=O,1,,CCCCCCCCC=CCCCCCCCCOS(C)(=O)=O,1,,0.7800904977375566,1,0.9819167518924675
CCCCCCCCCCCCOS(C)(=O)=O,1,,CCCCCCCCCCCCOS(=O)(=O)O,1,,0.5815652173913044,1,0.9970186480545331
CCCCCCCCCCCCOS(C)(=O)=O,1,,CCCCCCCCCCCCS(=O)(=O)OC,1,,0.44285714285714284,1,0.9902808279791131
CCCCCCCCCCCCOS(C)(=O)=O,1,,CCCCCCCCCCCCCCCCS(=O)(=O)OC,1,,0.44285714285714284,1,0.9861089825432621
C=CC(=O)OCC,1,,CCOC(=O)C=CC(=O)OCC,1,,0.6523809523809524,1,0.7080396979191385
C=CC(=O)OCC,1,,C=CC(=O)OCCCC,1,,0.6211764705882353,1,0.8701790547843962
C=CC(=O)OCC,1,,C=CC(=O)OCCO,1,,0.5555555555555556,1,0.8825739398684965
C=CC(=O)OCC,1,,C=CC(=O)OC,1,,0.52,1,0.9131927834677305
CCC(O)C(CO)CO,1,,CCCCCCCCO,1,,0.24891304347826088,1,0.6628452315593927
CCC(O)C(CO)CO,1,,CCC(C=O)CC,1,,0.21835748792270532,1,0.9048812125437612
CCC(O)C(CO)CO,1,,O=C(CS)OCC(O)CO,1,,0.20029325513196483,0,0.3441399706494704
CCC(O)C(CO)CO,1,,CCN(CC)CCCCCCO,1,,0.1974025974025974,1,0.6078383960094386
C=C(C)C(=O)OCCOC(=O)C(=C)C,1,,C=C(C)C(=O)OC,1,,0.5523809523809524,1,0.7264372774449428
C=C(C)C(=O)OCCOC(=O)C(=C)C,1,,C=C(C)C(=O)O,1,,0.3600000000000001,1,0.8697997186561368
C=C(C)C(=O)OCCOC(=O)C(=C)C,1,,C=CC(=O)OCC,1,,0.34291938997821353,1,0.7243018961016242
C=C(C)C(=O)OCCOC(=O)C(=C)C,1,,C=CC(=O)OCCCC,1,,0.33,1,0.7760077005575177
C=C(C)C(=O)O,1,,O=C(O)C(=O)O,1,,0.4102564102564103,1,0.5472859625465207
C=C(C)C(=O)O,1,,C=C(C)C(=O)OC,1,,0.3976608187134503,1,0.7064641377647628
C=C(C)C(=O)O,1,,C=C(C)C(=O)OCCOC(=O)C(=C)C,1,,0.3600000000000001,1,0.5918429229286368
C=C(C)C(=O)O,1,,CC(=O)C(C)=O,1,,0.3505494505494506,1,0.6885364814171658
CC(CC=O)CCCC(C)(C)O,1,,CCCCCCCCCC(C)C=O,1,,0.2957142857142857,1,0.9400898426818117
CC(CC=O)CCCC(C)(C)O,1,,C=CC(C)(O)CCC=C(C)C=O,1,,0.27692307692307694,1,0.9707725219324396
CC(CC=O)CCCC(C)(C)O,1,,CC(CC(=O)Cl)CC(C)(C)C,1,,0.256,1,0.9300613880661767
CC(CC=O)CCCC(C)(C)O,1,,O=CCCCC=O,1,,0.2492063492063492,1,0.9590524441443438
CCCCCCCCCCCCI,1,,CCCCCCCCCCCCCCI,1,,1.0,1,0.9332177795924886
CCCCCCCCCCCCI,1,,CCCCCCCCCCI,1,,1.0,1,0.9556233496336451
CCCCCCCCCCCCI,1,,CCCCCCCCCCCCCCCCI,1,,1.0,1,0.9319420418764905
CCCCCCCCCCCCI,1,,CCCCCCCCCI,1,,1.0,1,0.9549738232962125
CCCCCCCCCCCCCCCCI,1,,CCCCCCCCCCCCCCI,1,,1.0,1,0.8933052697811277
CCCCCCCCCCCCCCCCI,1,,CCCCCCCCCCI,1,,1.0,1,0.9194372627959555
CCCCCCCCCCCCCCCCI,1,,CCCCCCCCCCCCI,1,,1.0,1,0.8940535430920235
CCCCCCCCCCCCCCCCI,1,,CCCCCCCCCI,1,,1.0,1,0.9569195245703247
CCCCCCCCCI,1,,CCCCCCCCCCCCCCI,1,,1.0,1,0.850498213007656
CCCCCCCCCI,1,,CCCCCCCCCCI,1,,1.0,1,0.900206526356481
CCCCCCCCCI,1,,CCCCCCCCCCCCI,1,,1.0,1,0.872207050898014
CCCCCCCCCI,1,,CCCCCCCCCCCCCCCCI,1,,1.0,1,0.7554436598607134
CCCCCCCCCCCCCCI,1,,CCCCCCCCCCI,1,,1.0,1,0.9531704709076703
CCCCCCCCCCCCCCI,1,,CCCCCCCCCCCCI,1,,1.0,1,0.9353044732579956
CCCCCCCCCCCCCCI,1,,CCCCCCCCCCCCCCCCI,1,,1.0,1,0.9604333130414159
CCCCCCCCCCCCCCI,1,,CCCCCCCCCI,1,,1.0,1,0.9600578236057918
CC(C)CCCCCC(=O)Cl,1,,CCCCCCCCC(=O)Cl,1,,0.5946666666666667,1,0.9589669369250003
CC(C)CCCCCC(=O)Cl,1,,CCCCCCCCCCCCCCCC(=O)Cl,1,,0.5946666666666667,1,0.8798963568763606
CC(C)CCCCCC(=O)Cl,1,,CC(CC(=O)Cl)CC(C)(C)C,1,,0.35526315789473684,1,0.9693268172523878
CC(C)CCCCCC(=O)Cl,1,,CCCCCCCCCCCCCC(=O)OC(C)C,1,,0.3212121212121212,1,0.9416453400887063
CCCCCCCCCCCCCC(=O)OC(C)C,1,,CCCCCCCCCCCC(=O)OC(C)C(=O)OC(C)C(=O)O,1,,0.5888484848484848,1,0.985762610087197
CCCCCCCCCCCCCC(=O)OC(C)C,1,,CCCCCCCCC(=O)Cl,1,,0.44511278195488724,1,0.9642695723157402
CCCCCCCCCCCCCC(=O)OC(C)C,1,,CCCCCCCCCCCCCCCC(=O)Cl,1,,0.44511278195488724,1,0.9777759818051447
CCCCCCCCCCCCCC(=O)OC(C)C,1,,CCCCCCCCC=CCCCCCCCC(=O)O,1,,0.36130536130536134,1,0.983807087553521
C=CC(C)(O)CCC=C(C)C=O,1,,CC(CC=O)CCCC(C)(C)O,1,,0.27692307692307694,1,0.9800427779356744
C=CC(C)(O)CCC=C(C)C=O,1,,CC(C)=CCCC(C)=CC=O,1,,0.27280701754385966,1,0.9789127463539903
C=CC(C)(O)CCC=C(C)C=O,1,,CC(C)=CCCC(C)=CCCC(C)=CC=O,1,,0.26333333333333336,1,0.9612215636905386
C=CC(C)(O)CCC=C(C)C=O,1,,CC(C=O)=Cc1ccccc1,1,c1ccccc1,0.23947368421052634,1,0.9562478074786881
CCCCCC=CCC=CCCCCCCCC(=O)O,1,,CCCCCCCCC=CCCCCCCCC(=O)O,1,,0.8971659919028341,1,0.975472290089359
CCCCCC=CCC=CCCCCCCCC(=O)O,1,,CCC=CCC=CCC=CCCCCCCCC(=O)O,1,,0.8144827586206898,1,0.9741813713497028
CCCCCC=CCC=CCCCCCCCC(=O)O,1,,C=CCCCCCCCCC(=O)O,1,,0.5299539170506913,1,0.9214517825378974
CCCCCC=CCC=CCCCCCCCC(=O)O,1,,CCCCCCCC=CC=O,1,,0.4409090909090909,1,0.9399233087590113
CCCCCCC#CC(=O)OC,1,,CCCCCCCCCCCCCC(=O)OC(C)C,1,,0.35238095238095235,1,0.919398052519467
CCCCCCC#CC(=O)OC,1,,CCCCCCCCCCCCCCCCC(CS(=O)(=O)O)C(=O)OC,1,,0.35174216027874566,1,0.9624195857389669
CCCCCCC#CC(=O)OC,1,,CCCCCCCCCCCCS(=O)(=O)OC,1,,0.34882352941176475,1,0.9748005583639677
CCCCCCC#CC(=O)OC,1,,CCCCCCCCCCCCCCCCS(=O)(=O)OC,1,,0.34882352941176475,1,0.9680255945923155
C=CC(=O)OC,1,,C=CC(=O)OCC,1,,0.52,1,0.882761760100163
C=CC(=O)OC,1,,C=CC(=O)OCCCC,1,,0.43846153846153846,1,0.8490604646275383
C=CC(=O)OC,1,,C=CC(=O)OCCO,1,,0.43333333333333335,1,0.8734313238020602
C=CC(=O)OC,1,,C=C(C)C(=O)OC,1,,0.39757575757575764,1,0.8934010713786654
CCCCCCCCCCCCCCC=CS(=O)(=O)OC,1,,CCCCCCCCC=CCCCCCCCCOS(C)(=O)=O,1,,0.5142857142857143,1,0.9966178054075945
CCCCCCCCCCCCCCC=CS(=O)(=O)OC,1,,CCCCCCCCCCCCS(=O)(=O)OC,1,,0.48351254480286743,1,0.9958025446136947
CCCCCCCCCCCCCCC=CS(=O)(=O)OC,1,,CCCCCCCCCCCCCCCCS(=O)(=O)OC,1,,0.48351254480286743,1,0.9956128749341081
CCCCCCCCCCCCCCC=CS(=O)(=O)OC,1,,CCCCCCCC=CC=O,1,,0.46655348047538203,1,0.9814413054465925
C=C(C)C(=O)OC,1,,C=C(C)C(=O)OCCOC(=O)C(=C)C,1,,0.5523809523809524,1,0.7868910128651032
C=C(C)C(=O)OC,1,,COC(=O)C(C)=O,1,,0.5511111111111111,1,0.854155181151684
C=C(C)C(=O)OC,1,,C=C(C)C(=O)O,1,,0.3976608187134503,1,0.9265243039034403
C=C(C)C(=O)OC,1,,C=CC(=O)OC,1,,0.39757575757575764,1,0.9052210296181249
CCCCCCCCC(=O)Cl,1,,CCCCCCCCCCCCCCCC(=O)Cl,1,,1.0,1,0.8966151374753776
CCCCCCCCC(=O)Cl,1,,CC(C)CCCCCC(=O)Cl,1,,0.5946666666666667,1,0.9663174527599413
CCCCCCCCC(=O)Cl,1,,CCCCCCCCCCCCCC(=O)OC(C)C,1,,0.44511278195488724,1,0.9601638150618937
CCCCCCCCC(=O)Cl,1,,CCCCCCCCC=CCCCCCCCC(=O)O,1,,0.42142857142857143,1,0.9190893039206142
CCCCCCCCO,1,,CCN(CC)CCCCCCO,1,,0.4868347338935574,1,0.8853358030059207
CCCCCCCCO,1,,OCCCCCCCCCCCCBr,1,,0.46222222222222226,1,0.5776335844479056
CCCCCCCCO,1,,CCCCCCCCCCCCCCCCCCCCBr,1,,0.4222222222222222,1,0.6884869403473657
CCCCCCCCO,1,,CCCCCCCCCCCCCCCCCCCCCCBr,1,,0.4222222222222222,1,0.7997314415139128
CCCCCCCCC=CCCCCCCCC(=O)O,1,,CCCCCC=CCC=CCCCCCCCC(=O)O,1,,0.8971659919028341,1,0.9706558609272298
CCCCCCCCC=CCCCCCCCC(=O)O,1,,CCC=CCC=CCC=CCCCCCCCC(=O)O,1,,0.7217241379310346,1,0.9763991533561002
CCCCCCCCC=CCCCCCCCC(=O)O,1,,C=CCCCCCCCCC(=O)O,1,,0.5785714285714286,1,0.926386759627945
CCCCCCCCC=CCCCCCCCC(=O)O,1,,CCCCCCCC=CC=O,1,,0.4814449917898194,1,0.9528322440000582
CCCCCCCCCCCCCCCC(=O)Cl,1,,CCCCCCCCC(=O)Cl,1,,1.0,1,0.983001641537513
CCCCCCCCCCCCCCCC(=O)Cl,1,,CC(C)CCCCCC(=O)Cl,1,,0.5946666666666667,1,0.9841339086896349
CCCCCCCCCCCCCCCC(=O)Cl,1,,CCCCCCCCCCCCCC(=O)OC(C)C,1,,0.44511278195488724,1,0.9948298422598348
CCCCCCCCCCCCCCCC(=O)Cl,1,,CCCCCCCCC=CCCCCCCCC(=O)O,1,,0.42142857142857143,1,0.9952824476156729
CC(CCCCN)C(C)(C)N,1,,CN(C)CCCN,1,,0.26455026455026454,1,0.9765203183651521
CC(CCCCN)C(C)(C)N,1,,NCCCNCCCN,1,,0.2512820512820513,1,0.9957097366037981
CC(CCCCN)C(C)(C)N,1,,CCCCCCCCCC(C)C=O,1,,0.2296969696969697,1,0.8946474452493096
CC(CCCCN)C(C)(C)N,1,,CC(CC=O)CCCC(C)(C)O,1,,0.2257777777777778,1,0.7366825145525019
C=CCCCCCCCCC(=O)O,1,,CCCCCCCCC=CCCCCCCCC(=O)O,1,,0.5785714285714286,1,0.7753704451540709
C=CCCCCCCCCC(=O)O,1,,CCCCCC=CCC=CCCCCCCCC(=O)O,1,,0.5299539170506913,1,0.7810339893031794
C=CCCCCCCCCC(=O)O,1,,CCC=CCC=CCC=CCCCCCCCC(=O)O,1,,0.5299539170506913,1,0.8448919941884264
C=CCCCCCCCCC(=O)O,1,,O=C(O)CCCCCCCCCCCBr,1,,0.5021818181818182,1,0.6910626071396704
CC=CC=CC=O,1,,CCC=CC=CC=O,1,,0.4984615384615385,1,0.9554230780692197
CC=CC=CC=O,1,,CCCC=CC=O,1,,0.36883116883116884,1,0.9534872269771756
CC=CC=CC=O,1,,CCCCCCCC=CC=O,1,,0.3220512820512821,1,0.8899874776800426
CC=CC=CC=O,1,,O=CC=O,1,,0.3012987012987013,1,0.9685141934085021
O=C(O)CCCCCCCCCCCBr,1,,C=CCCCCCCCCC(=O)O,1,,0.5021818181818182,1,0.8640119067724699
O=C(O)CCCCCCCCCCCBr,1,,CCCCCCCCC=CCCCCCCCC(=O)O,1,,0.45590062111801244,1,0.9001403634746404
O=C(O)CCCCCCCCCCCBr,1,,CCCCCC=CCC=CCCCCCCCC(=O)O,1,,0.41801075268817206,1,0.9364932853839838
O=C(O)CCCCCCCCCCCBr,1,,CCC=CCC=CCC=CCCCCCCCC(=O)O,1,,0.41801075268817206,1,0.9668183245737181
CC(C)(C)C(=O)CC(=O)C(C)(C)C,1,,CC(=O)C(C)=O,1,,0.2909090909090909,1,0.8611948026921866
CC(C)(C)C(=O)CC(=O)C(C)(C)C,1,,CC(CC(=O)Cl)CC(C)(C)C,1,,0.2705653021442495,1,0.9176295861085801
CC(C)(C)C(=O)CC(=O)C(C)(C)C,1,,COC(=O)C(C)=O,1,,0.25297619047619047,1,0.895166537402339
CC(C)(C)C(=O)CC(=O)C(C)(C)C,1,,CC(=O)C(=O)CC(C)C,1,,0.2466666666666667,1,0.8927997723193289
CCC=CC=CC=O,1,,CCCC=CC=O,1,,0.5064935064935066,1,0.9625329160705207
CCC=CC=CC=O,1,,CC=CC=CC=O,1,,0.4984615384615385,1,0.9589549962209765
CCC=CC=CC=O,1,,CCCCCCCC=CC=O,1,,0.441025641025641,1,0.9358255281041367
CCC=CC=CC=O,1,,CCC=CCCCCC=O,1,,0.40049999999999997,1,0.9421622209599998
CCCCCCCCCCCCC(Br)C(=O)O,1,,CCCCCCCC(Br)CCCCCC,1,,0.48600000000000004,1,0.9230754004083584
CCCCCCCCCCCCC(Br)C(=O)O,1,,CCCCCCCCC=CCCCCCCCC(=O)O,1,,0.3825757575757576,1,0.9565617042869148
CCCCCCCCCCCCC(Br)C(=O)O,1,,CCCCCCCCC(=O)Cl,1,,0.37963875205254516,1,0.9102050810828697
CCCCCCCCCCCCC(Br)C(=O)O,1,,CCCCCCCCCCCCCCCC(=O)Cl,1,,0.37963875205254516,1,0.9639075890916406
CCN(CC)CCCCCCBr,1,,CCN(CC)CCCCCCO,1,,0.5774891774891775,1,0.9874342888469996
CCN(CC)CCCCCCBr,1,,CCCCCCCCCCCCCCCCCCCCBr,1,,0.5058823529411764,1,0.902426111716842
CCN(CC)CCCCCCBr,1,,CCCCCCCCCCCCCCCCCCCCCCBr,1,,0.5058823529411764,1,0.8953583106384028
CCN(CC)CCCCCCBr,1,,CCCCCCCCCCCCCBr,1,,0.5058823529411764,1,0.9566153408876399
CCCCCCCC(Br)CCCCCC,1,,CCCCCCCCCCCCC(Br)C(=O)O,1,,0.48600000000000004,1,0.9774380753160091
CCCCCCCC(Br)CCCCCC,1,,CCCCCCCCCCCCCCCCCCCCBr,1,,0.46769230769230774,1,0.9378462225928871
CCCCCCCC(Br)CCCCCC,1,,CCCCCCCCCCCCCCCCCCCCCCBr,1,,0.46769230769230774,1,0.9054179688530367
CCCCCCCC(Br)CCCCCC,1,,CCCCCCCCCCCCCBr,1,,0.46769230769230774,1,0.97904348892942
CC(=O)C(C)=O,1,,COC(=O)C(C)=O,1,,0.42619047619047623,1,0.9189722200076975
CC(=O)C(C)=O,1,,CC(=O)C(=O)CC(C)C,1,,0.3914438502673797,1,0.850045414262077
CC(=O)C(C)=O,1,,C=C(C)C(=O)O,1,,0.3505494505494506,1,0.8930000331987551
CC(=O)C(C)=O,1,,CC(=O)C(=O)c1ccccc1,1,c1ccccc1,0.3192982456140351,1,0.6655626499618462
CCOC(=O)C=CC(=O)OCC,1,,C=CC(=O)OCC,1,,0.6523809523809524,1,0.6757240393508398
CCOC(=O)C=CC(=O)OCC,1,,C=CC(=O)OCCCC,1,,0.39682539682539686,1,0.7158236695977653
CCOC(=O)C=CC(=O)OCC,1,,CCOC(=S)S,1,,0.3657608695652174,1,0.9843741920257663
CCOC(=O)C=CC(=O)OCC,1,,C=CC(=O)OCC(CC)CCCC,1,,0.3497326203208556,1,0.715300798921479
COS(=O)(=O)OC,1,,COS(C)(=O)=O,1,,0.5216783216783217,1,0.9003108356824907
COS(=O)(=O)OC,1,,CCOS(=O)(=O)OCC,1,,0.3823529411764707,1,0.8757031121221986
COS(=O)(=O)OC,1,,CCCCCCCCCCCCS(=O)(=O)OC,1,,0.30597826086956526,1,0.7646713508502045
COS(=O)(=O)OC,1,,CCCCCCCCCCCCCCCCS(=O)(=O)OC,1,,0.30597826086956526,1,0.7942295344032139
CS(C)=O,1,,CC(=O)C(C)=O,1,,0.31212121212121213,1,0.8102927770350496
CS(C)=O,1,,COS(C)(=O)=O,1,,0.20317460317460317,1,0.9482826360312484
CS(C)=O,1,,CC(C)(C)C(=O)CC(=O)C(C)(C)C,1,,0.19411764705882353,1,0.9069295230607409
CS(C)=O,1,,COC(=O)C(C)=O,1,,0.18502673796791444,1,0.9610169114620898
C=CC(=O)OCC(COC(=O)C=C)C(CC)OC(=O)C=C,1,,C=CC(=O)OCC(CC)CCCC,1,,0.52,1,0.8147475677425058
C=CC(=O)OCC(COC(=O)C=C)C(CC)OC(=O)C=C,1,,C=CC(=O)OCC,1,,0.5013824884792627,1,0.5689787734634424
C=CC(=O)OCC(COC(=O)C=C)C(CC)OC(=O)C=C,1,,C=CC(=O)OCCCC,1,,0.45590062111801244,1,0.6626989279627281
C=CC(=O)OCC(COC(=O)C=C)C(CC)OC(=O)C=C,1,,C=CC(=O)OCCO,1,,0.40588235294117647,1,0.5025302569372603
NCCN,1,,NCCNCCN,1,,0.41590909090909095,1,0.9912490892431824
NCCN,1,,NCCCNCCCN,1,,0.3188811188811189,1,0.9660575756876068
NCCN,1,,NCCNCCO,1,,0.27692307692307694,1,0.9871800843050368
NCCN,1,,CN(C)CCCN,1,,0.2704761904761905,1,0.9698671199604754
CC(C)=CCCC(C)=CCCC(C)=CC=O,1,,CC(C)=CCCC(C)=CC=O,1,,0.9304347826086956,1,0.9785640043389305
CC(C)=CCCC(C)=CCCC(C)=CC=O,1,,CC(C)=CCCC(C)=CCCC(C)=CCCC=C(C)CCC=C(C)CCC=C(C)C,1,,0.6666666666666666,1,0.9652997694416027
CC(C)=CCCC(C)=CCCC(C)=CC=O,1,,CC(C)=CCCC(C)=CCO,1,,0.5444444444444445,1,0.9803577804507876
CC(C)=CCCC(C)=CCCC(C)=CC=O,1,,CCCC=CC=O,1,,0.275,1,0.9569970594129803
CC(C)=CCCC(C)=CCO,1,,CC(C)=CCCC(C)=CCCC(C)=CCCC=C(C)CCC=C(C)CCC=C(C)C,1,,0.7047619047619048,1,0.9509838588805472
CC(C)=CCCC(C)=CCO,1,,CC(C)=CCCC(C)=CCCC(C)=CC=O,1,,0.5444444444444445,1,0.8629746871135199
CC(C)=CCCC(C)=CCO,1,,CC(C)=CCCC(C)=CC=O,1,,0.5307692307692308,1,0.9332809652150692
CC(C)=CCCC(C)=CCO,1,,C=CC(C)(O)CCC=C(C)C=O,1,,0.21936842105263155,1,0.8856186900087121
O=CCCCC=O,1,,C=CCCCCCCCCC=O,1,,0.5568627450980392,1,0.8439934981753092
O=CCCCC=O,1,,CCC=CCCCCC=O,1,,0.5020242914979758,1,0.9195364154637671
O=CCCCC=O,1,,Cc1ccc(CCC=O)cc1,1,c1ccccc1,0.30000000000000004,1,0.9393584923575565
O=CCCCC=O,1,,O=CC=O,1,,0.2888888888888889,1,0.9154890954360406
O=C(CS)OCC(O)CO,1,,C=CC(=O)OCCO,1,,0.2599439775910364,1,0.670835146834081
O=C(CS)OCC(O)CO,1,,CCOC(=O)C=CC(=O)OCC,1,,0.22000000000000003,1,0.8281979019524188
O=C(CS)OCC(O)CO,1,,C=C(C)C(=O)OCCOC(=O)C(=C)C,1,,0.21212121212121215,1,0.8616545955599922
O=C(CS)OCC(O)CO,1,,C=CC(=O)OCC(COC(=O)C=C)C(CC)OC(=O)C=C,1,,0.21164021164021166,1,0.9224124113116293
O=CC=O,1,,CC=CC=CC=O,1,,0.3012987012987013,1,0.8003047783313376
O=CC=O,1,,O=CCCCC=O,1,,0.2888888888888889,1,0.9445387573095341
O=CC=O,1,,CCCC=CC=O,1,,0.2497737556561086,1,0.8947175643509502
O=CC=O,1,,CCC=CC=CC=O,1,,0.2497737556561086,1,0.8539428060000593
NCCNCCO,1,,NCCNCCN,1,,0.6564102564102564,1,0.987625158877454
NCCNCCO,1,,NCCCNCCCN,1,,0.4705882352941177,1,0.9917823163532127
NCCNCCO,1,,NCCN,1,,0.27692307692307694,1,0.9271070721513845
NCCNCCO,1,,CCCCCCCCO,1,,0.2160183066361556,1,0.6925130126398894
CCCCNC(=O)OC#CCI,1,,CCCCCCC#CC(=O)OC,1,,0.30365853658536585,1,0.9447713112410067
CCCCNC(=O)OC#CCI,1,,CCCCCCCCC(=O)Cl,1,,0.24661654135338346,1,0.9586292599831024
CCCCNC(=O)OC#CCI,1,,CCCCCCCCCCCCCCCC(=O)Cl,1,,0.24661654135338346,1,0.9602138753034044
CCCCNC(=O)OC#CCI,1,,CCCCCCCCCCCCCCI,1,,0.2400871459694989,1,0.7147830304483839
CCCCCCCCCCCCOS(=O)(=O)O,1,,CCCCCCCCCCCCOS(C)(=O)=O,1,,0.5815652173913044,1,0.98277992329289
CCCCCCCCCCCCOS(=O)(=O)O,1,,CCCCCCCCC=CCCCCCCCCOS(C)(=O)=O,1,,0.47444168734491315,1,0.9726062228966142
CCCCCCCCCCCCOS(=O)(=O)O,1,,CCCCCCCCCCCCS(=O)(=O)OC,1,,0.3810344827586207,1,0.9829792386895757
CCCCCCCCCCCCOS(=O)(=O)O,1,,CCCCCCCCCCCCCCCCS(=O)(=O)OC,1,,0.3810344827586207,1,0.9722867823859548
CCC=CCC=CCC=CCCCCCCCC(=O)O,1,,CCCCCC=CCC=CCCCCCCCC(=O)O,1,,0.8144827586206898,1,0.9743089213850195
CCC=CCC=CCC=CCCCCCCCC(=O)O,1,,CCCCCCCCC=CCCCCCCCC(=O)O,1,,0.7217241379310346,1,0.9673330212055672
CCC=CCC=CCC=CCCCCCCCC(=O)O,1,,C=CCCCCCCCCC(=O)O,1,,0.5299539170506913,1,0.9213860433495956
CCC=CCC=CCC=CCCCCCCCC(=O)O,1,,CCC=CCCCCC=O,1,,0.45159420289855073,1,0.8822187315572262
CCCCCCCCCCCCS(=O)(=O)OC,1,,CCCCCCCCCCCCCCCCS(=O)(=O)OC,1,,1.0,1,0.988021165577982
CCCCCCCCCCCCS(=O)(=O)OC,1,,CCCCCCCCCCCCCCC=CS(=O)(=O)OC,1,,0.48351254480286743,1,0.9882468932620609
CCCCCCCCCCCCS(=O)(=O)OC,1,,CCCCCCCCCCCCOS(C)(=O)=O,1,,0.44285714285714284,1,0.9912427024139984
CCCCCCCCCCCCS(=O)(=O)OC,1,,CCCCCCCCCCCCOS(=O)(=O)O,1,,0.3810344827586207,1,0.9967739957450358
CCCCCCCCCCCCCCCCS(=O)(=O)OC,1,,CCCCCCCCCCCCS(=O)(=O)OC,1,,1.0,1,0.9945251332083099
CCCCCCCCCCCCCCCCS(=O)(=O)OC,1,,CCCCCCCCCCCCCCC=CS(=O)(=O)OC,1,,0.48351254480286743,1,0.9948447146203295
CCCCCCCCCCCCCCCCS(=O)(=O)OC,1,,CCCCCCCCCCCCOS(C)(=O)=O,1,,0.44285714285714284,1,0.9943310508934405
CCCCCCCCCCCCCCCCS(=O)(=O)OC,1,,CCCCCCCCCCCCOS(=O)(=O)O,1,,0.3810344827586207,1,0.9980524119231533
COS(C)(=O)=O,1,,COS(=O)(=O)OC,1,,0.5216783216783217,1,0.8826382788717191
COS(C)(=O)=O,1,,CCCCCCCCCCCCOS(C)(=O)=O,1,,0.3842424242424243,1,0.8861968602914461
COS(C)(=O)=O,1,,CCCCCCCCCCCCS(=O)(=O)OC,1,,0.34347826086956523,1,0.888370857710133
COS(C)(=O)=O,1,,CCCCCCCCCCCCCCCCS(=O)(=O)OC,1,,0.34347826086956523,1,0.8529299954349362
COC(=O)C(C)=O,1,,C=C(C)C(=O)OC,1,,0.5511111111111111,1,0.589783871627668
COC(=O)C(C)=O,1,,CC(=O)C(C)=O,1,,0.42619047619047623,1,0.6149480309339822
COC(=O)C(C)=O,1,,C=CC(=O)OC,1,,0.36,1,0.6760442327400332
COC(=O)C(C)=O,1,,C=C(C)C(=O)OCCOC(=O)C(=C)C,1,,0.3101449275362319,1,0.6594548226062225
CCCCCCCCCCCCCCCCC(CS(=O)(=O)O)C(=O)OC,1,,CCCCCCCCCCCCOS(=O)(=O)O,1,,0.36936936936936937,1,0.9899553676732448
CCCCCCCCCCCCCCCCC(CS(=O)(=O)O)C(=O)OC,1,,CCCCCCCCCCCCC(Br)C(=O)O,1,,0.3614035087719298,1,0.8880449457990096
CCCCCCCCCCCCCCCCC(CS(=O)(=O)O)C(=O)OC,1,,CCCCCCC#CC(=O)OC,1,,0.35174216027874566,1,0.9524039452864326
CCCCCCCCCCCCCCCCC(CS(=O)(=O)O)C(=O)OC,1,,CCCCCCCCCC(C)C=O,1,,0.3503118503118503,1,0.9445638781034926
CCN(N=O)C(N)=O,1,,CN(N=O)C(N)=O,1,,0.5166666666666667,1,0.9721032237261361
CCN(N=O)C(N)=O,1,,CCOC(=O)C=CC(=O)OCC,1,,0.23478260869565218,1,0.7328174514002794
CCN(N=O)C(N)=O,1,,CN(N=O)C(=N)N[N+](=O)[O-],1,,0.2247863247863248,1,0.9792742792565007
CCN(N=O)C(N)=O,1,,C=CC(=O)OCC,1,,0.22,1,0.8755335859783326
CN(N=O)C(N)=O,1,,CCN(N=O)C(N)=O,1,,0.5166666666666667,1,0.9436555077924621
CN(N=O)C(N)=O,1,,CN(N=O)C(=N)N[N+](=O)[O-],1,,0.33066666666666666,1,0.9741482940692724
CN(N=O)C(N)=O,1,,CC(=O)C(C)=O,1,,0.2217543859649123,1,0.8277822137903295
CN(N=O)C(N)=O,1,,CN(C)c1ccc(N=O)cc1,1,c1ccccc1,0.2002998500749625,1,0.8787815524530987
CCCCCCCCC=CCCCCCCCCOS(C)(=O)=O,1,,CCCCCCCCCCCCOS(C)(=O)=O,1,,0.7800904977375566,1,0.9974211692099106
CCCCCCCCC=CCCCCCCCCOS(C)(=O)=O,1,,CCCCCCCCCCCCCCC=CS(=O)(=O)OC,1,,0.5142857142857143,1,0.9965726517135647
CCCCCCCCC=CCCCCCCCCOS(C)(=O)=O,1,,CCCCCCCCCCCCOS(=O)(=O)O,1,,0.47444168734491315,1,0.9992235666766537
CCCCCCCCC=CCCCCCCCCOS(C)(=O)=O,1,,CCCCCCCC=CC=O,1,,0.45000000000000007,1,0.9796503890328427
O=C(O)C(=O)O,1,,C=C(C)C(=O)O,1,,0.4102564102564103,0,0.3025054681628835
O=C(O)C(=O)O,1,,CC(=O)C(C)=O,1,,0.25666666666666665,1,0.5377289458064319
O=C(O)C(=O)O,1,,CC(C)(C)C(=O)CC(=O)C(C)(C)C,1,,0.22583333333333336,1,0.57976422912809
O=C(O)C(=O)O,1,,O=C(O)CCCCCCCCCCCBr,1,,0.21842105263157896,0,0.2778755158333294
CCOC(=S)S,1,,CCOC(=O)C=CC(=O)OCC,1,,0.3657608695652174,1,0.9330533666514457
CCOC(=S)S,1,,C=CC(=O)OCC,1,,0.3383529411764706,1,0.954715387038962
CCOC(=S)S,1,,CCOS(=O)(=O)OCC,1,,0.27391304347826084,1,0.9751196579440269
CCOC(=S)S,1,,CCOC(=O)c1ccc(I)cc1,1,c1ccccc1,0.2647849462365591,1,0.9131045724108872
CCCCCCCCCCCC(=O)OC(C)C(=O)OC(C)C(=O)O,1,,CCCCCCCCCCCCCC(=O)OC(C)C,1,,0.5888484848484848,1,0.8609868776486099
CCCCCCCCCCCC(=O)OC(C)C(=O)OC(C)C(=O)O,1,,CCCCCCCCCCCCC(Br)C(=O)O,1,,0.36807017543859644,1,0.7001600441067702
CCCCCCCCCCCC(=O)OC(C)C(=O)OC(C)C(=O)O,1,,CCCCCCCCC=CCCCCCCCC(=O)O,1,,0.3581472291149711,1,0.8909129220752859
CCCCCCCCCCCC(=O)OC(C)C(=O)OC(C)C(=O)O,1,,CCCCCCCCC(=O)Cl,1,,0.34541871921182266,1,0.8875599115121852
CC(C)=CCCC(C)=CCCC(C)=CCCC=C(C)CCC=C(C)CCC=C(C)C,1,,CC(C)=CCCC(C)=CCO,1,,0.7047619047619048,1,0.9538928811133103
CC(C)=CCCC(C)=CCCC(C)=CCCC=C(C)CCC=C(C)CCC=C(C)C,1,,CC(C)=CCCC(C)=CCCC(C)=CC=O,1,,0.6666666666666666,1,0.9700186598147983
CC(C)=CCCC(C)=CCCC(C)=CCCC=C(C)CCC=C(C)CCC=C(C)C,1,,CC(C)=CCCC(C)=CC=O,1,,0.6000000000000001,1,0.968878877669369
CC(C)=CCCC(C)=CCCC(C)=CCCC=C(C)CCC=C(C)CCC=C(C)C,1,,C=CC(C)(O)CCC=C(C)C=O,1,,0.21919191919191922,1,0.9480019343304055
CN(C)C(=S)SSC(=S)N(C)C,1,,CCOC(=S)S,1,,0.1649122807017544,1,0.9984266248537594
CN(C)C(=S)SSC(=S)N(C)C,1,,CN(N=O)C(N)=O,1,,0.15657142857142858,1,0.9870069737409742
CN(C)C(=S)SSC(=S)N(C)C,1,,CC(=O)C(C)=O,1,,0.13174603174603175,1,0.9500695640559795
CN(C)C(=S)SSC(=S)N(C)C,1,,CN(N=O)C(=N)N[N+](=O)[O-],1,,0.11839826839826842,1,0.9977663385228317
C=CCCCCCCCCC=O,1,,O=CCCCC=O,1,,0.5568627450980392,1,0.9778075955753509
C=CCCCCCCCCC=O,1,,C=CCCCCCCCCC(=O)O,1,,0.4761904761904762,1,0.9640742805501686
C=CCCCCCCCCC=O,1,,CCC=CCCCCC=O,1,,0.4666666666666667,1,0.9816552771277424
C=CCCCCCCCCC=O,1,,CCCCCCCC=CC=O,1,,0.32268907563025206,1,0.9866436787379228
CCCCCCCCC(=O)O,0,,CCCCCCCCC=CCCCCCCCC(=O)O,1,,0.7579710144927536,0,0.3082071776171418
CCCCCCCCC(=O)O,0,,CCCCCC=CCC=CCCCCCCCC(=O)O,1,,0.6809716599190284,0,0.3338843297843089
CCCCCCCCC(=O)O,0,,O=C(O)CCCCCCCCCCCBr,1,,0.5663636363636364,0,0.32692399025019636
CCCCCCCCC(=O)O,0,,CCCCCCCCC(=O)Cl,1,,0.5298701298701299,1,0.6256864551062755
N#CC1CC(F)CN1C(=O)C(N)C(c1ccc(F)cc1)c1ccc(F)cc1,0,O=C(CC(c1ccccc1)c1ccccc1)N1CCCC1,O=C(Cl)c1ccc(F)c(Cl)c1,1,c1ccccc1,0.19523809523809527,0,0.0027543964221571422
N#CC1CC(F)CN1C(=O)C(N)C(c1ccc(F)cc1)c1ccc(F)cc1,0,O=C(CC(c1ccccc1)c1ccccc1)N1CCCC1,O=C(CC(=O)C(F)(F)F)c1ccccc1,1,c1ccccc1,0.15132551064754454,0,0.0025740687505519757
N#CC1CC(F)CN1C(=O)C(N)C(c1ccc(F)cc1)c1ccc(F)cc1,0,O=C(CC(c1ccccc1)c1ccccc1)N1CCCC1,CC(C=O)Cc1ccc(C(C)C)cc1,1,c1ccccc1,0.14936921783010934,0,0.018813448304490374
N#CC1CC(F)CN1C(=O)C(N)C(c1ccc(F)cc1)c1ccc(F)cc1,0,O=C(CC(c1ccccc1)c1ccccc1)N1CCCC1,O=C(C(=O)c1ccccc1)C1=CCC(Br)(Br)C=C1,1,O=C(C(=O)c1ccccc1)C1=CCCC=C1,0.14846153846153848,0,0.018260876586939957
CC(C)(C)OC(=O)NC(C(=O)N1CC(F)CC1C#N)C(c1ccc(F)cc1)c1ccc(F)cc1,0,O=C(CC(c1ccccc1)c1ccccc1)N1CCCC1,O=C(Cl)c1ccc(F)c(Cl)c1,1,c1ccccc1,0.16327664005553627,0,0.001707016958195276
CC(C)(C)OC(=O)NC(C(=O)N1CC(F)CC1C#N)C(c1ccc(F)cc1)c1ccc(F)cc1,0,O=C(CC(c1ccccc1)c1ccccc1)N1CCCC1,CCOC(=O)c1ccc(I)cc1,1,c1ccccc1,0.15638998682476946,0,0.001205676050440111
CC(C)(C)OC(=O)NC(C(=O)N1CC(F)CC1C#N)C(c1ccc(F)cc1)c1ccc(F)cc1,0,O=C(CC(c1ccccc1)c1ccccc1)N1CCCC1,O=C(CC(=O)C(F)(F)F)c1ccccc1,1,c1ccccc1,0.15370843989769822,0,0.0016577739741095172
CC(C)(C)OC(=O)NC(C(=O)N1CC(F)CC1C#N)C(c1ccc(F)cc1)c1ccc(F)cc1,0,O=C(CC(c1ccccc1)c1ccccc1)N1CCCC1,COC(=O)c1ccc(CBr)cc1,1,c1ccccc1,0.1493606138107417,0,0.002070251192768901
CON=C1CN(c2nc3c(cc2F)c(=O)c(C(=O)O)cn3C2CC2)CC1CN,1,N=C1CCN(c2ccc3c(=O)ccn(C4CC4)c3n2)C1,Cc1nc2ccccc2c(=O)o1,1,O=c1ocnc2ccccc12,0.13076177553789492,1,0.956012677384645
CON=C1CN(c2nc3c(cc2F)c(=O)c(C(=O)O)cn3C2CC2)CC1CN,1,N=C1CCN(c2ccc3c(=O)ccn(C4CC4)c3n2)C1,COc1ccc(NC(=O)CC(C)=O)cc1,1,c1ccccc1,0.12412296564195299,1,0.8277153118437864
CON=C1CN(c2nc3c(cc2F)c(=O)c(C(=O)O)cn3C2CC2)CC1CN,1,N=C1CCN(c2ccc3c(=O)ccn(C4CC4)c3n2)C1,CCCCCn1c(=O)[nH]c(=O)c2[nH]c(Cl)nc21,1,O=c1[nH]c(=O)c2[nH]cnc2[nH]1,0.12395402298850575,1,0.9969691874852844
CON=C1CN(c2nc3c(cc2F)c(=O)c(C(=O)O)cn3C2CC2)CC1CN,1,N=C1CCN(c2ccc3c(=O)ccn(C4CC4)c3n2)C1,O=C(O)Cc1ccc(C(=O)O)cc1,1,c1ccccc1,0.1208614864864865,1,0.5585931624011897
CCCCCn1c(=O)[nH]c(=O)c2[nH]c(Cl)nc21,1,O=c1[nH]c(=O)c2[nH]cnc2[nH]1,CCCCCCCCC(=O)Cl,1,,0.2014742014742015,1,0.8920280660124474
CCCCCn1c(=O)[nH]c(=O)c2[nH]c(Cl)nc21,1,O=c1[nH]c(=O)c2[nH]cnc2[nH]1,CCCCCCCCCCCCCCCC(=O)Cl,1,,0.2014742014742015,1,0.8884891599453376
CCCCCn1c(=O)[nH]c(=O)c2[nH]c(Cl)nc21,1,O=c1[nH]c(=O)c2[nH]cnc2[nH]1,CCCCCCCCCC1=NC(C)(C)C(=O)O1,1,O=C1CN=CO1,0.1971377459749553,1,0.987227295412048
CCCCCn1c(=O)[nH]c(=O)c2[nH]c(Cl)nc21,1,O=c1[nH]c(=O)c2[nH]cnc2[nH]1,CCCCCCCCCCCC1=NC(C)(C)C(=O)O1,1,O=C1CN=CO1,0.1971377459749553,1,0.9842834991494653
CCCCCCCCCCCCCCCC1=NC(C)(C)C(=O)O1,1,O=C1CN=CO1,CCCCCCCCCC1=NC(C)(C)C(=O)O1,1,O=C1CN=CO1,1.0,1,0.9987711516021663
CCCCCCCCCCCCCCCC1=NC(C)(C)C(=O)O1,1,O=C1CN=CO1,CCCCCCCCCCCC1=NC(C)(C)C(=O)O1,1,O=C1CN=CO1,1.0,1,0.998298523256498
CCCCCCCCCCCCCCCC1=NC(C)(C)C(=O)O1,1,O=C1CN=CO1,CCCCCCC1=NC(C)(C)C(=O)O1,1,O=C1CN=CO1,1.0,1,0.9992183509883801
CCCCCCCCCCCCCCCC1=NC(C)(C)C(=O)O1,1,O=C1CN=CO1,CCCCCCCCCCCCCCCCCC1=NC(C)(C)C(=O)O1,1,O=C1CN=CO1,1.0,1,0.9989180148414358
CCCCCCCCCCCCCCCCCC1=NC(C)(C)C(=O)O1,1,O=C1CN=CO1,CCCCCCCCCC1=NC(C)(C)C(=O)O1,1,O=C1CN=CO1,1.0,1,0.9983571481031749
CCCCCCCCCCCCCCCCCC1=NC(C)(C)C(=O)O1,1,O=C1CN=CO1,CCCCCCCCCCCC1=NC(C)(C)C(=O)O1,1,O=C1CN=CO1,1.0,1,0.9985984056229189
CCCCCCCCCCCCCCCCCC1=NC(C)(C)C(=O)O1,1,O=C1CN=CO1,CCCCCCC1=NC(C)(C)C(=O)O1,1,O=C1CN=CO1,1.0,1,0.9993639526017324
CCCCCCCCCCCCCCCCCC1=NC(C)(C)C(=O)O1,1,O=C1CN=CO1,CCCCCCCCCCCCCCCC1=NC(C)(C)C(=O)O1,1,O=C1CN=CO1,1.0,1,0.9988722473578692
CCCCCCC1=NC(C)(C)C(=O)O1,1,O=C1CN=CO1,CCCCCCCCCC1=NC(C)(C)C(=O)O1,1,O=C1CN=CO1,1.0,1,0.9902445211288765
CCCCCCC1=NC(C)(C)C(=O)O1,1,O=C1CN=CO1,CCCCCCCCCCCC1=NC(C)(C)C(=O)O1,1,O=C1CN=CO1,1.0,1,0.9877787608033507
CCCCCCC1=NC(C)(C)C(=O)O1,1,O=C1CN=CO1,CCCCCCCCCCCCCCCC1=NC(C)(C)C(=O)O1,1,O=C1CN=CO1,1.0,1,0.977915759273515
CCCCCCC1=NC(C)(C)C(=O)O1,1,O=C1CN=CO1,CCCCCCCCCCCCCCCCCC1=NC(C)(C)C(=O)O1,1,O=C1CN=CO1,1.0,1,0.9753620465993531
CCCCCCCCCC1=NC(C)(C)C(=O)O1,1,O=C1CN=CO1,CCCCCCCCCCCC1=NC(C)(C)C(=O)O1,1,O=C1CN=CO1,1.0,1,0.9938640358455368
CCCCCCCCCC1=NC(C)(C)C(=O)O1,1,O=C1CN=CO1,CCCCCCC1=NC(C)(C)C(=O)O1,1,O=C1CN=CO1,1.0,1,0.996040348766479
CCCCCCCCCC1=NC(C)(C)C(=O)O1,1,O=C1CN=CO1,CCCCCCCCCCCCCCCC1=NC(C)(C)C(=O)O1,1,O=C1CN=CO1,1.0,1,0.9926710137392053
CCCCCCCCCC1=NC(C)(C)C(=O)O1,1,O=C1CN=CO1,CCCCCCCCCCCCCCCCCC1=NC(C)(C)C(=O)O1,1,O=C1CN=CO1,1.0,1,0.9863837103391441
CCCCCCCCCCCC1=NC(C)(C)C(=O)O1,1,O=C1CN=CO1,CCCCCCCCCC1=NC(C)(C)C(=O)O1,1,O=C1CN=CO1,1.0,1,0.997413001974909
CCCCCCCCCCCC1=NC(C)(C)C(=O)O1,1,O=C1CN=CO1,CCCCCCC1=NC(C)(C)C(=O)O1,1,O=C1CN=CO1,1.0,1,0.9968605404552587
CCCCCCCCCCCC1=NC(C)(C)C(=O)O1,1,O=C1CN=CO1,CCCCCCCCCCCCCCCC1=NC(C)(C)C(=O)O1,1,O=C1CN=CO1,1.0,1,0.9960215639569396
CCCCCCCCCCCC1=NC(C)(C)C(=O)O1,1,O=C1CN=CO1,CCCCCCCCCCCCCCCCCC1=NC(C)(C)C(=O)O1,1,O=C1CN=CO1,1.0,1,0.9945800146180052
CCCCC1=NC(C)(C)C(=O)O1,1,O=C1CN=CO1,CCCCCCCCCC1=NC(C)(C)C(=O)O1,1,O=C1CN=CO1,0.8896551724137931,1,0.983511288382835
CCCCC1=NC(C)(C)C(=O)O1,1,O=C1CN=CO1,CCCCCCCCCCCC1=NC(C)(C)C(=O)O1,1,O=C1CN=CO1,0.8896551724137931,1,0.9785487490556032
CCCCC1=NC(C)(C)C(=O)O1,1,O=C1CN=CO1,CCCCCCC1=NC(C)(C)C(=O)O1,1,O=C1CN=CO1,0.8896551724137931,1,0.9882614979366058
CCCCC1=NC(C)(C)C(=O)O1,1,O=C1CN=CO1,CCCCCCCCCCCCCCCC1=NC(C)(C)C(=O)O1,1,O=C1CN=CO1,0.8896551724137931,1,0.9744596208297186
O=C(C(=O)c1ccco1)c1ccco1,0,O=C(C(=O)c1ccco1)c1ccco1,CC(=O)C(=O)c1ccccc1,1,c1ccccc1,0.2894409937888199,0,0.10103569882303422
O=C(C(=O)c1ccco1)c1ccco1,0,O=C(C(=O)c1ccco1)c1ccco1,O=CCc1ccccc1,1,c1ccccc1,0.24907407407407406,0,0.15696817968634696
O=C(C(=O)c1ccco1)c1ccco1,0,O=C(C(=O)c1ccco1)c1ccco1,CC(=O)C(C)C(=O)c1ccccc1,1,c1ccccc1,0.23100000000000004,0,0.20588987115866358
O=C(C(=O)c1ccco1)c1ccco1,0,O=C(C(=O)c1ccco1)c1ccco1,COC(=O)c1ccc(CBr)cc1,1,c1ccccc1,0.22271805273833672,0,0.1318572067927374
CCOc1ccc(-c2nn3ncccc3c2-c2ccc(S(C)(=O)=O)cc2)cc1,0,c1ccc(-c2nn3ncccc3c2-c2ccccc2)cc1,CC(C)(C)c1ccc(OCC2CO2)cc1,1,c1ccc(OCC2CO2)cc1,0.18409090909090908,0,0.08207612832555625
CCOc1ccc(-c2nn3ncccc3c2-c2ccc(S(C)(=O)=O)cc2)cc1,0,c1ccc(-c2nn3ncccc3c2-c2ccccc2)cc1,CC(CC(=O)Oc1ccc(S(=O)(=O)O)cc1)CC(C)(C)C,1,c1ccccc1,0.18405797101449275,0,0.006220147403830486
CCOc1ccc(-c2nn3ncccc3c2-c2ccc(S(C)(=O)=O)cc2)cc1,0,c1ccc(-c2nn3ncccc3c2-c2ccccc2)cc1,CCC(=O)C=Cc1ccc(OC)cc1,1,c1ccccc1,0.17833333333333334,0,0.013201647270194902
CCOc1ccc(-c2nn3ncccc3c2-c2ccc(S(C)(=O)=O)cc2)cc1,0,c1ccc(-c2nn3ncccc3c2-c2ccccc2)cc1,C=CCc1ccc(OC)cc1,1,c1ccccc1,0.1578294573643411,0,0.0076265842532143155
O=C1C=CC2(O)C3Cc4ccc(O)c5c4C2(CCN3)C1O5,1,O=C1C=CC2C3Cc4cccc5c4C2(CCN3)C1O5,O=C1OC2(c3ccc(O)cc3Oc3cc(O)ccc32)c2ccc(N=C=S)cc21,1,O=C1OC2(c3ccccc3Oc3ccccc32)c2ccccc21,0.1549636803874092,1,0.9987554228257383
O=C1C=CC2(O)C3Cc4ccc(O)c5c4C2(CCN3)C1O5,1,O=C1C=CC2C3Cc4cccc5c4C2(CCN3)C1O5,COc1cc(C)ccc1O,1,c1ccccc1,0.14832501781895938,1,0.7158690467037498
O=C1C=CC2(O)C3Cc4ccc(O)c5c4C2(CCN3)C1O5,1,O=C1C=CC2C3Cc4cccc5c4C2(CCN3)C1O5,CC=Cc1ccc(O)c(OC(C)C)c1,1,c1ccccc1,0.14782608695652175,1,0.9136211342308548
O=C1C=CC2(O)C3Cc4ccc(O)c5c4C2(CCN3)C1O5,1,O=C1C=CC2C3Cc4cccc5c4C2(CCN3)C1O5,CCCc1ccc(O)c(OC)c1,1,c1ccccc1,0.14734848484848484,1,0.8494571618460688
CC(C)C1=CC2=CCC3C(C)(C(=O)O)CCCC3(C)C2CC1,1,C1=CC2=CCC3CCCCC3C2CC1,C=C1C=CC(C(C)C)CC1,1,C=C1C=CCCC1,0.18730158730158733,1,0.9101193569861121
CC(C)C1=CC2=CCC3C(C)(C(=O)O)CCCC3(C)C2CC1,1,C1=CC2=CCC3CCCCC3C2CC1,C=C1CC(C(=C)C)CC=C1C,1,C=C1C=CCCC1,0.1511111111111111,1,0.9076070060798098
CC(C)C1=CC2=CCC3C(C)(C(=O)O)CCCC3(C)C2CC1,1,C1=CC2=CCC3CCCCC3C2CC1,O=C(C(=O)c1ccccc1)C1=CCC(Br)(Br)C=C1,1,O=C(C(=O)c1ccccc1)C1=CCCC=C1,0.15,1,0.9495542611175469
CC(C)C1=CC2=CCC3C(C)(C(=O)O)CCCC3(C)C2CC1,1,C1=CC2=CCC3CCCCC3C2CC1,CC(=O)C(C)C(=O)c1ccccc1,1,c1ccccc1,0.14995670995670995,1,0.7170525540915854
CCC1OC(=O)C(C)C(OC2CC(C)(OC)C(O)C(C)O2)C(C)C(OC2OC(C)CC(N(C)C)C2O)C(C)(O)CC(C)CN(C)C(C)C(O)C1(C)O,1,O=C1CC(OC2CCCCO2)CC(OC2CCCCO2)CCCCNCCCCO1,CC1(C)CC(CBr)C(=O)O1,1,O=C1CCCO1,0.17342795190222748,1,0.9464922065220343
CCC1OC(=O)C(C)C(OC2CC(C)(OC)C(O)C(C)O2)C(C)C(OC2OC(C)CC(N(C)C)C2O)C(C)(O)CC(C)CN(C)C(C)C(O)C1(C)O,1,O=C1CC(OC2CCCCO2)CC(OC2CCCCO2)CCCCNCCCCO1,C=CC(=O)OCC(COC(=O)C=C)C(CC)OC(=O)C=C,1,,0.10537931034482759,1,0.988972133691093
CCC1OC(=O)C(C)C(OC2CC(C)(OC)C(O)C(C)O2)C(C)C(OC2OC(C)CC(N(C)C)C2O)C(C)(O)CC(C)CN(C)C(C)C(O)C1(C)O,1,O=C1CC(OC2CCCCO2)CC(OC2CCCCO2)CCCCNCCCCO1,O=C1C=CC2(O)C3Cc4ccc(O)c5c4C2(CCN3)C1O5,1,O=C1C=CC2C3Cc4cccc5c4C2(CCN3)C1O5,0.10299045599151645,1,0.9994997385804993
CCC1OC(=O)C(C)C(OC2CC(C)(OC)C(O)C(C)O2)C(C)C(OC2OC(C)CC(N(C)C)C2O)C(C)(O)CC(C)CN(C)C(C)C(O)C1(C)O,1,O=C1CC(OC2CCCCO2)CC(OC2CCCCO2)CCCCNCCCCO1,CCCCC1=NC(C)(C)C(=O)O1,1,O=C1CN=CO1,0.10134544819150795,1,0.9963424504711195
O=C(Oc1ccccc1)c1ccccc1,1,O=C(Oc1ccccc1)c1ccccc1,CC(=O)C(=O)c1ccccc1,1,c1ccccc1,0.40211640211640215,1,0.6849162332108062
O=C(Oc1ccccc1)c1ccccc1,1,O=C(Oc1ccccc1)c1ccccc1,CC(=O)C(C)C(=O)c1ccccc1,1,c1ccccc1,0.36289855072463767,1,0.8342022990948675
O=C(Oc1ccccc1)c1ccccc1,1,O=C(Oc1ccccc1)c1ccccc1,O=CC=C(c1ccccc1)c1ccccc1,1,C=C(c1ccccc1)c1ccccc1,0.34858934169279004,1,0.8368741155591062
O=C(Oc1ccccc1)c1ccccc1,1,O=C(Oc1ccccc1)c1ccccc1,O=C(CC(=O)C(F)(F)F)c1ccccc1,1,c1ccccc1,0.3282051282051282,1,0.6091064262067093
CCOC(=O)c1nnc[nH]1,0,c1nnc[nH]1,CCOC(=O)c1ccc(I)cc1,1,c1ccccc1,0.3652027027027027,0,0.009836377983831262
CCOC(=O)c1nnc[nH]1,0,c1nnc[nH]1,CCOC(=O)c1ccc(CBr)cc1,1,c1ccccc1,0.3496794871794872,0,0.019720449077531305
CCOC(=O)c1nnc[nH]1,0,c1nnc[nH]1,CCOC(=O)C=CC(=O)OCC,1,,0.303962703962704,0,0.06430325014263735
CCOC(=O)c1nnc[nH]1,0,c1nnc[nH]1,C=CC(=O)OCC,1,,0.2878306878306878,0,0.06471010343291794
Cc1c2ccc(N)cc2nn1C,0,c1ccc2n[nH]cc2c1,Cc1cc(N)ccc1N,1,c1ccccc1,0.3416666666666667,0,0.18111164306326621
Cc1c2ccc(N)cc2nn1C,0,c1ccc2n[nH]cc2c1,Cc1ccc(N)cc1O,1,c1ccccc1,0.31688804554079697,0,0.45222966066873194
Cc1c2ccc(N)cc2nn1C,0,c1ccc2n[nH]cc2c1,Nc1cccc(N)c1,1,c1ccccc1,0.26933333333333337,0,0.29729730984404973
Cc1c2ccc(N)cc2nn1C,0,c1ccc2n[nH]cc2c1,Nc1ccc(N)cc1,1,c1ccccc1,0.2682769726247987,0,0.17367633177198863
O=C(O)c1cccc(-c2cc(Cl)cc([N+](=O)[O-])c2O)c1,1,c1ccc(-c2ccccc2)cc1,Nc1cc([N+](=O)[O-])cc(Cl)c1O,1,c1ccccc1,0.30019047619047623,1,0.8960131750828871
O=C(O)c1cccc(-c2cc(Cl)cc([N+](=O)[O-])c2O)c1,1,c1ccc(-c2ccccc2)cc1,O=[N+]([O-])c1ccc(Cl)c([N+](=O)[O-])c1,1,c1ccccc1,0.29829787234042554,1,0.8865853346742545
O=C(O)c1cccc(-c2cc(Cl)cc([N+](=O)[O-])c2O)c1,1,c1ccc(-c2ccccc2)cc1,O=[N+]([O-])c1ccc(S(=O)(=O)O)c([N+](=O)[O-])c1,1,c1ccccc1,0.2731707317073171,1,0.8789865274743686
O=C(O)c1cccc(-c2cc(Cl)cc([N+](=O)[O-])c2O)c1,1,c1ccc(-c2ccccc2)cc1,Nc1ccc(N)c([N+](=O)[O-])c1,1,c1ccccc1,0.24285714285714288,1,0.8113564508229422
O=Cc1ccc(-c2ccc(C(F)(F)F)cc2)cc1,0,c1ccc(-c2ccccc2)cc1,COc1ccc(C=O)cc1OC,1,c1ccccc1,0.3186274509803922,0,0.4623500191287229
O=Cc1ccc(-c2ccc(C(F)(F)F)cc2)cc1,0,c1ccc(-c2ccccc2)cc1,O=CC=Cc1ccccc1,1,c1ccccc1,0.2336969696969697,0,0.37074981011022556
O=Cc1ccc(-c2ccc(C(F)(F)F)cc2)cc1,0,c1ccc(-c2ccccc2)cc1,CC(C=O)Cc1ccc(C(C)(C)C)cc1,1,c1ccccc1,0.23289124668435016,0,0.44795239541504583
O=Cc1ccc(-c2ccc(C(F)(F)F)cc2)cc1,0,c1ccc(-c2ccccc2)cc1,CCCN(CCC)c1c([N+](=O)[O-])cc(C(F)(F)F)cc1[N+](=O)[O-],1,c1ccccc1,0.21714285714285717,0,0.28894335005772875
ClCc1ccc2ccc3cccc4ccc1c2c34,1,c1cc2ccc3cccc4ccc(c1)c2c34,Oc1cccc2ccccc12,1,c1ccc2ccccc2c1,0.2545454545454546,1,0.9705083921039517
ClCc1ccc2ccc3cccc4ccc1c2c34,1,c1cc2ccc3cccc4ccc(c1)c2c34,BrCc1ccccc1,1,c1ccccc1,0.24264705882352944,1,0.8987073763628834
ClCc1ccc2ccc3cccc4ccc1c2c34,1,c1cc2ccc3cccc4ccc(c1)c2c34,NCc1cccc(CN)c1,1,c1ccccc1,0.20454545454545456,1,0.9513906564232467
ClCc1ccc2ccc3cccc4ccc1c2c34,1,c1cc2ccc3cccc4ccc(c1)c2c34,O=CCc1ccccc1,1,c1ccccc1,0.16982097186700768,1,0.8886764959796778
COc1ccc(C2(C#N)CCC(C(=O)O)CC2)cc1OC1CCCC1,0,c1cc(OC2CCCC2)cc(C2CCCCC2)c1,COc1ccc(C=O)cc1OC,1,c1ccccc1,0.257511961722488,0,0.03885130437459464
COc1ccc(C2(C#N)CCC(C(=O)O)CC2)cc1OC1CCCC1,0,c1cc(OC2CCCC2)cc(C2CCCCC2)c1,CCCc1ccc(OC)c(O)c1,1,c1ccccc1,0.2121739130434783,0,0.057148699061023336
COc1ccc(C2(C#N)CCC(C(=O)O)CC2)cc1OC1CCCC1,0,c1cc(OC2CCCC2)cc(C2CCCCC2)c1,CC=Cc1ccc(OC(C)C)c(OC)c1,1,c1ccccc1,0.20892857142857146,0,0.14469461224019278
COc1ccc(C2(C#N)CCC(C(=O)O)CC2)cc1OC1CCCC1,0,c1cc(OC2CCCC2)cc(C2CCCCC2)c1,COc1cc(C)ccc1O,1,c1ccccc1,0.20830564784053157,0,0.0421462332900944
NCC1OC(OC2C(N)CC(N)C(OC3OC(CO)C(O)C(N)C3O)C2O)C(O)C(O)C1O,0,C1CCC(OC2CCCC(OC3CCCCO3)C2)OC1,CCC1OC(=O)C(C)C(OC2CC(C)(OC)C(O)C(C)O2)C(C)C(OC2OC(C)CC(N(C)C)C2O)C(C)(O)CC(C)CN(C)C(C)C(O)C1(C)O,1,O=C1CC(OC2CCCCO2)CC(OC2CCCCO2)CCCCNCCCCO1,0.1419607843137255,0,0.0020166488530061594
NCC1OC(OC2C(N)CC(N)C(OC3OC(CO)C(O)C(N)C3O)C2O)C(O)C(O)C1O,0,C1CCC(OC2CCCC(OC3CCCCO3)C2)OC1,NCCNCCO,1,,0.12052154195011339,0,0.04651439859109185
NCC1OC(OC2C(N)CC(N)C(OC3OC(CO)C(O)C(N)C3O)C2O)C(O)C(O)C1O,0,C1CCC(OC2CCCC(OC3CCCCO3)C2)OC1,O=C(CS)OCC(O)CO,1,,0.10827067669172932,0,0.006873501466725788
NCC1OC(OC2C(N)CC(N)C(OC3OC(CO)C(O)C(N)C3O)C2O)C(O)C(O)C1O,0,C1CCC(OC2CCCC(OC3CCCCO3)C2)OC1,Nc1ccc(OCCO)c(N)c1,1,c1ccccc1,0.09388356669123066,0,0.17234758600131653
Oc1cccc2ccccc12,1,c1ccc2ccccc2c1,Nc1ccccc1O,1,c1ccccc1,0.39082125603864737,1,0.8519062161949114
Oc1cccc2ccccc12,1,c1ccc2ccccc2c1,Cc1cccc(O)c1O,1,c1ccccc1,0.3616842105263158,1,0.8005669224850736
Oc1cccc2ccccc12,1,c1ccc2ccccc2c1,Oc1cccc(O)c1,1,c1ccccc1,0.3545454545454546,1,0.9391510417802343
Oc1cccc2ccccc12,1,c1ccc2ccccc2c1,Oc1ccc(O)cc1,1,c1ccccc1,0.2923076923076923,1,0.9249460763644178
O=c1c(-c2ccccc2)c1-c1ccccc1,1,O=c1c(-c2ccccc2)c1-c1ccccc1,Nc1ccccc1,1,c1ccccc1,0.27749999999999997,1,0.7440355978929183
O=c1c(-c2ccccc2)c1-c1ccccc1,1,O=c1c(-c2ccccc2)c1-c1ccccc1,O=CCc1ccccc1,1,c1ccccc1,0.2733333333333334,1,0.8399119449047723
O=c1c(-c2ccccc2)c1-c1ccccc1,1,O=c1c(-c2ccccc2)c1-c1ccccc1,O=CC=Cc1ccccc1,1,c1ccccc1,0.263003663003663,1,0.8844953414465827
O=c1c(-c2ccccc2)c1-c1ccccc1,1,O=c1c(-c2ccccc2)c1-c1ccccc1,O=CC=C(c1ccccc1)c1ccccc1,1,C=C(c1ccccc1)c1ccccc1,0.25502645502645505,1,0.9317473877988665
O=C(C(=O)c1ccccc1)C1=CCC(Br)(Br)C=C1,1,O=C(C(=O)c1ccccc1)C1=CCCC=C1,CC(=O)C(=O)c1ccccc1,1,c1ccccc1,0.38119658119658123,1,0.9276236493342827
O=C(C(=O)c1ccccc1)C1=CCC(Br)(Br)C=C1,1,O=C(C(=O)c1ccccc1)C1=CCCC=C1,CC(=O)C(C)C(=O)c1ccccc1,1,c1ccccc1,0.3158620689655172,1,0.9651704886184823
O=C(C(=O)c1ccccc1)C1=CCC(Br)(Br)C=C1,1,O=C(C(=O)c1ccccc1)C1=CCCC=C1,O=C(CC(=O)C(F)(F)F)c1ccccc1,1,c1ccccc1,0.29655172413793107,1,0.9362721127580386
O=C(C(=O)c1ccccc1)C1=CCC(Br)(Br)C=C1,1,O=C(C(=O)c1ccccc1)C1=CCCC=C1,O=C(Oc1ccccc1)c1ccccc1,1,O=C(Oc1ccccc1)c1ccccc1,0.2716129032258065,1,0.977459854024048
CC(C)(C)N(Cc1ccccc1)CC(O)c1ccc(O)c(CO)c1,0,c1ccc(CCNCc2ccccc2)cc1,CCCc1ccc(O)c(OC)c1,1,c1ccccc1,0.20365448504983388,0,0.17266235462937762
CC(C)(C)N(Cc1ccccc1)CC(O)c1ccc(O)c(CO)c1,0,c1ccc(CCNCc2ccccc2)cc1,C=CCc1ccc(O)c(OC)c1,1,c1ccccc1,0.1926332288401254,0,0.14051596979169653
CC(C)(C)N(Cc1ccccc1)CC(O)c1ccc(O)c(CO)c1,0,c1ccc(CCNCc2ccccc2)cc1,BrCc1ccccc1,1,c1ccccc1,0.19080745341614908,0,0.36867339122325554
CC(C)(C)N(Cc1ccccc1)CC(O)c1ccc(O)c(CO)c1,0,c1ccc(CCNCc2ccccc2)cc1,Oc1cccc2ccccc12,1,c1ccc2ccccc2c1,0.1869387755102041,0,0.29675279285148226
O=CC=C(c1ccccc1)c1ccccc1,1,C=C(c1ccccc1)c1ccccc1,O=CC=Cc1ccccc1,1,c1ccccc1,0.41208576998050683,1,0.8922396681711189
O=CC=C(c1ccccc1)c1ccccc1,1,C=C(c1ccccc1)c1ccccc1,CC(=O)C(=O)c1ccccc1,1,c1ccccc1,0.3724867724867725,1,0.7231871843203854
O=CC=C(c1ccccc1)c1ccccc1,1,C=C(c1ccccc1)c1ccccc1,O=CCc1ccccc1,1,c1ccccc1,0.3716599190283401,1,0.7685455873072614
O=CC=C(c1ccccc1)c1ccccc1,1,C=C(c1ccccc1)c1ccccc1,CC(C)CC=C(C=O)c1ccccc1,1,c1ccccc1,0.36235294117647066,1,0.9578878775450818
O=C1C([PH](c2ccccc2)(c2ccccc2)c2ccccc2)CCN1c1ccccc1,0,O=C1C([PH](c2ccccc2)(c2ccccc2)c2ccccc2)CCN1c1ccccc1,CC(C=O)c1ccccc1,1,c1ccccc1,0.2199186991869919,0,0.07980582750928315
O=C1C([PH](c2ccccc2)(c2ccccc2)c2ccccc2)CCN1c1ccccc1,0,O=C1C([PH](c2ccccc2)(c2ccccc2)c2ccccc2)CCN1c1ccccc1,CC(=O)C(=O)c1ccccc1,1,c1ccccc1,0.21199999999999997,0,0.05730846489568041
O=C1C([PH](c2ccccc2)(c2ccccc2)c2ccccc2)CCN1c1ccccc1,0,O=C1C([PH](c2ccccc2)(c2ccccc2)c2ccccc2)CCN1c1ccccc1,O=CCc1ccccc1,1,c1ccccc1,0.21136842105263157,0,0.08138656458240874
O=C1C([PH](c2ccccc2)(c2ccccc2)c2ccccc2)CCN1c1ccccc1,0,O=C1C([PH](c2ccccc2)(c2ccccc2)c2ccccc2)CCN1c1ccccc1,O=c1c(-c2ccccc2)c1-c1ccccc1,1,O=c1c(-c2ccccc2)c1-c1ccccc1,0.20740740740740743,0,0.18853073988197552
CC1(C)CC(CBr)C(=O)O1,1,O=C1CCCO1,CCCCC1=NC(C)(C)C(=O)O1,1,O=C1CN=CO1,0.21164021164021166,1,0.9967140671414519
CC1(C)CC(CBr)C(=O)O1,1,O=C1CCCO1,CCCCCCCCCC1=NC(C)(C)C(=O)O1,1,O=C1CN=CO1,0.20471380471380474,1,0.9941066661469188
CC1(C)CC(CBr)C(=O)O1,1,O=C1CCCO1,CCCCCCCCCCCC1=NC(C)(C)C(=O)O1,1,O=C1CN=CO1,0.20471380471380474,1,0.9912750449722819
CC1(C)CC(CBr)C(=O)O1,1,O=C1CCCO1,CCCCCCC1=NC(C)(C)C(=O)O1,1,O=C1CN=CO1,0.20471380471380474,1,0.9961902883891945
FOC1=C2CCC(C2)C1,1,C1=C2CCC(C1)C2,C=C1C=CC(C(C)C)CC1,1,C=C1C=CCCC1,0.15056410256410258,1,0.9736012033162451
FOC1=C2CCC(C2)C1,1,C1=C2CCC(C1)C2,C=C1CC(C(=C)C)CC=C1C,1,C=C1C=CCCC1,0.13602251407129456,1,0.9790434098590728
FOC1=C2CCC(C2)C1,1,C1=C2CCC(C1)C2,CC1(C)CC(CBr)C(=O)O1,1,O=C1CCCO1,0.11138211382113822,1,0.8965359935301461
FOC1=C2CCC(C2)C1,1,C1=C2CCC(C1)C2,CC(C)C1=CC2=CCC3C(C)(C(=O)O)CCCC3(C)C2CC1,1,C1=CC2=CCC3CCCCC3C2CC1,0.10279661016949151,1,0.9967725163803945
C=CC1(C)CC(OC(=O)CO)C2(C)C(C)CCC3(CCC(=O)C32)C(C)C1O,0,O=C1CCC23CCCCCC(CCC2)C13,C=CC(=O)OCC(COC(=O)C=C)C(CC)OC(=O)C=C,1,,0.19282639885222383,0,0.25426709985600987
C=CC1(C)CC(OC(=O)CO)C2(C)C(C)CCC3(CCC(=O)C32)C(C)C1O,0,O=C1CCC23CCCCCC(CCC2)C13,C=CC(=O)OCC,1,,0.17661886136462407,0,0.060293842823130744
C=CC1(C)CC(OC(=O)CO)C2(C)C(C)CCC3(CCC(=O)C32)C(C)C1O,0,O=C1CCC23CCCCCC(CCC2)C13,C=CC(=O)OCCO,1,,0.16803278688524592,0,0.05558881766012468
C=CC1(C)CC(OC(=O)CO)C2(C)C(C)CCC3(CCC(=O)C32)C(C)C1O,0,O=C1CCC23CCCCCC(CCC2)C13,CC1(C)CC(CBr)C(=O)O1,1,O=C1CCCO1,0.15944055944055946,0,0.18478287237018928
O=S(=O)(Cl)c1ccc2c(c1)OCO2,1,c1ccc2c(c1)OCO2,COc1ccc(C=O)cc1OC,1,c1ccccc1,0.1869047619047619,1,0.7771465551283647
O=S(=O)(Cl)c1ccc2c(c1)OCO2,1,c1ccc2c(c1)OCO2,O=C(Cl)c1ccc(F)c(Cl)c1,1,c1ccccc1,0.18095238095238095,1,0.9634967016815084
O=S(=O)(Cl)c1ccc2c(c1)OCO2,1,c1ccc2c(c1)OCO2,O=[N+]([O-])c1ccc(S(=O)(=O)O)c([N+](=O)[O-])c1,1,c1ccccc1,0.161244019138756,1,0.9885452262579885
O=S(=O)(Cl)c1ccc2c(c1)OCO2,1,c1ccc2c(c1)OCO2,O=[N+]([O-])c1ccc(Cl)c([N+](=O)[O-])c1,1,c1ccccc1,0.16082779009608278,1,0.9545312332533159
NC(=O)C1CC(F)CN1,0,C1CCNC1,CN(N=O)C(N)=O,1,,0.16565656565656567,0,0.12999579291923807
NC(=O)C1CC(F)CN1,0,C1CCNC1,CCN(N=O)C(N)=O,1,,0.16111111111111112,0,0.08980638835086974
NC(=O)C1CC(F)CN1,0,C1CCNC1,CCCCCCCCC(=O)Cl,1,,0.13504273504273506,0,0.028036324257456655
NC(=O)C1CC(F)CN1,0,C1CCNC1,CCCCCCCCCCCCCCCC(=O)Cl,1,,0.13504273504273506,0,0.017008938822949595
CC(C)(C)OC(=O)N1CC(F)CC1C(N)=O,0,C1CCNC1,CCN(N=O)C(N)=O,1,,0.18060606060606063,0,0.009854314755471414
CC(C)(C)OC(=O)N1CC(F)CC1C(N)=O,0,C1CCNC1,CC(CC(=O)Cl)CC(C)(C)C,1,,0.17507246376811597,0,0.02570040727825392
CC(C)(C)OC(=O)N1CC(F)CC1C(N)=O,0,C1CCNC1,CC1(C)CC(CBr)C(=O)O1,1,O=C1CCCO1,0.17128851540616247,0,0.011952187630230498
CC(C)(C)OC(=O)N1CC(F)CC1C(N)=O,0,C1CCNC1,CN(N=O)C(N)=O,1,,0.1625615763546798,0,0.016110664400084962
CC(C)(C)OC(=O)N1CC(F)CC1C(=O)O,0,C1CCNC1,CCCCCCCCCCCCCCCCC(CS(=O)(=O)O)C(=O)OC,1,,0.17397397397397396,0,0.01836890337498824
CC(C)(C)OC(=O)N1CC(F)CC1C(=O)O,0,C1CCNC1,CC(C)CCCCCC(=O)Cl,1,,0.17292929292929293,0,0.046549576615286824
CC(C)(C)OC(=O)N1CC(F)CC1C(=O)O,0,C1CCNC1,CC(CC(=O)Cl)CC(C)(C)C,1,,0.17150326797385623,0,0.07780805793628634
CC(C)(C)OC(=O)N1CC(F)CC1C(=O)O,0,C1CCNC1,CCCCCCCCCCCCC(Br)C(=O)O,1,,0.16879432624113475,0,0.006642102716424689
CCCOc1ccc(Br)c(C(=O)c2ccc(OC)cc2O)c1,0,O=C(c1ccccc1)c1ccccc1,CCCOC(=O)c1cc(O)c(O)c(O)c1,1,c1ccccc1,0.2971988795518208,0,0.09418495996938006
CCCOc1ccc(Br)c(C(=O)c2ccc(OC)cc2O)c1,0,O=C(c1ccccc1)c1ccccc1,CCC(=O)C=Cc1ccc(OC)cc1,1,c1ccccc1,0.29641509433962265,0,0.2478168557497255
CCCOc1ccc(Br)c(C(=O)c2ccc(OC)cc2O)c1,0,O=C(c1ccccc1)c1ccccc1,CCCc1ccc(OC)c(O)c1,1,c1ccccc1,0.2953846153846154,0,0.14748966895387142
CCCOc1ccc(Br)c(C(=O)c2ccc(OC)cc2O)c1,0,O=C(c1ccccc1)c1ccccc1,CCCc1ccc(O)c(OC)c1,1,c1ccccc1,0.2953846153846154,0,0.14372633300074375
O=C(Oc1ccc([N+](=O)[O-])cc1)OC1COC2OCCC12,1,O=C(Oc1ccccc1)OC1COC2OCCC12,O=[N+]([O-])c1ccc(CBr)cc1,1,c1ccccc1,0.2654600301659125,1,0.9122716627571811
O=C(Oc1ccc([N+](=O)[O-])cc1)OC1COC2OCCC12,1,O=C(Oc1ccccc1)OC1COC2OCCC12,O=[N+]([O-])c1ccc(Cl)c([N+](=O)[O-])c1,1,c1ccccc1,0.2341880341880342,1,0.9527580143927357
O=C(Oc1ccc([N+](=O)[O-])cc1)OC1COC2OCCC12,1,O=C(Oc1ccccc1)OC1COC2OCCC12,O=[N+]([O-])c1ccc(S(=O)(=O)O)c([N+](=O)[O-])c1,1,c1ccccc1,0.23361893104855164,1,0.9696544185950161
O=C(Oc1ccc([N+](=O)[O-])cc1)OC1COC2OCCC12,1,O=C(Oc1ccccc1)OC1COC2OCCC12,N#CSc1ccc(N)c([N+](=O)[O-])c1,1,c1ccccc1,0.21569086651053865,1,0.9525323341791628
O=C1OC2(c3ccc(O)cc3Oc3cc(O)ccc32)c2ccc(N=C=S)cc21,1,O=C1OC2(c3ccccc3Oc3ccccc32)c2ccccc21,Oc1cccc(O)c1,1,c1ccccc1,0.20606060606060608,1,0.8452753383922983
O=C1OC2(c3ccc(O)cc3Oc3cc(O)ccc32)c2ccc(N=C=S)cc21,1,O=C1OC2(c3ccccc3Oc3ccccc32)c2ccccc21,O=Cc1cc(O)ccc1Br,1,c1ccccc1,0.2059433962264151,1,0.9922956410907697
O=C1OC2(c3ccc(O)cc3Oc3cc(O)ccc32)c2ccc(N=C=S)cc21,1,O=C1OC2(c3ccccc3Oc3ccccc32)c2ccccc21,Cc1cc(O)ccc1N,1,c1ccccc1,0.18733031674208148,1,0.9183469931308328
O=C1OC2(c3ccc(O)cc3Oc3cc(O)ccc32)c2ccc(N=C=S)cc21,1,O=C1OC2(c3ccccc3Oc3ccccc32)c2ccccc21,Nc1cccc(O)c1,1,c1ccccc1,0.183780880773362,1,0.9154399736325574
CCC(C)C1C(=O)NC(C2Cc3ccccc3C2)C(=O)N1C(C(=O)N1CCOCC1)c1coc(C)n1,0,O=C1CN(C(C(=O)N2CCOCC2)c2cocn2)C(=O)C(C2Cc3ccccc3C2)N1,Cc1nc2ccccc2c(=O)o1,1,O=c1ocnc2ccccc12,0.1811688311688312,0,0.0023085511123118636
CCC(C)C1C(=O)NC(C2Cc3ccccc3C2)C(=O)N1C(C(=O)N1CCOCC1)c1coc(C)n1,0,O=C1CN(C(C(=O)N2CCOCC2)c2cocn2)C(=O)C(C2Cc3ccccc3C2)N1,CC(=O)C(C)C(=O)c1ccccc1,1,c1ccccc1,0.16476906552094522,0,0.00040645251298424494
CCC(C)C1C(=O)NC(C2Cc3ccccc3C2)C(=O)N1C(C(=O)N1CCOCC1)c1coc(C)n1,0,O=C1CN(C(C(=O)N2CCOCC2)c2cocn2)C(=O)C(C2Cc3ccccc3C2)N1,CCCCCC(=O)CC(=O)c1ccccc1,1,c1ccccc1,0.16322701688555347,0,0.00038388887494324
CCC(C)C1C(=O)NC(C2Cc3ccccc3C2)C(=O)N1C(C(=O)N1CCOCC1)c1coc(C)n1,0,O=C1CN(C(C(=O)N2CCOCC2)c2cocn2)C(=O)C(C2Cc3ccccc3C2)N1,CCc1ccc(CC)c(C(=O)CC(C)=O)c1,1,c1ccccc1,0.16235618959963183,0,0.0007280501725837416
Cc1nc2ccccc2c(=O)o1,1,O=c1ocnc2ccccc12,O=c1[nH]sc2ccccc12,1,O=c1[nH]sc2ccccc12,0.2688888888888889,1,0.9441693223527177
Cc1nc2ccccc2c(=O)o1,1,O=c1ocnc2ccccc12,O=c1c(-c2ccccc2)c1-c1ccccc1,1,O=c1c(-c2ccccc2)c1-c1ccccc1,0.24615384615384617,1,0.8977776710777795
Cc1nc2ccccc2c(=O)o1,1,O=c1ocnc2ccccc12,Oc1cccc2ccccc12,1,c1ccc2ccccc2c1,0.2326797385620915,1,0.9125676798790152
Cc1nc2ccccc2c(=O)o1,1,O=c1ocnc2ccccc12,CC(=O)C(=O)c1ccccc1,1,c1ccccc1,0.22423645320197044,1,0.7657020715819957
O=c1[nH]sc2ccccc12,1,O=c1[nH]sc2ccccc12,Cc1nc2ccccc2c(=O)o1,1,O=c1ocnc2ccccc12,0.2688888888888889,1,0.951367291920256
O=c1[nH]sc2ccccc12,1,O=c1[nH]sc2ccccc12,O=c1c(-c2ccccc2)c1-c1ccccc1,1,O=c1c(-c2ccccc2)c1-c1ccccc1,0.23855799373040754,1,0.7752689753564578
O=c1[nH]sc2ccccc12,1,O=c1[nH]sc2ccccc12,Oc1cccc2ccccc12,1,c1ccc2ccccc2c1,0.22412342215988781,1,0.8777956202554071
O=c1[nH]sc2ccccc12,1,O=c1[nH]sc2ccccc12,O=C(Oc1ccccc1)c1ccccc1,1,O=C(Oc1ccccc1)c1ccccc1,0.22356902356902358,1,0.8312951374897232
C=C1C=CC(C(C)C)CC1,1,C=C1C=CCCC1,C=C1CC(C(=C)C)CC=C1C,1,C=C1C=CCCC1,0.2032520325203252,1,0.837095753815622
C=C1C=CC(C(C)C)CC1,1,C=C1C=CCCC1,CC(C)C1=CC2=CCC3C(C)(C(=O)O)CCCC3(C)C2CC1,1,C1=CC2=CCC3CCCCC3C2CC1,0.18730158730158733,1,0.9964013842999352
C=C1C=CC(C(C)C)CC1,1,C=C1C=CCCC1,FOC1=C2CCC(C2)C1,1,C1=C2CCC(C1)C2,0.15056410256410258,1,0.9978674883982949
C=C1C=CC(C(C)C)CC1,1,C=C1C=CCCC1,CC(=O)C(C)C(=O)c1ccccc1,1,c1ccccc1,0.12478632478632479,1,0.7535573232972695
C=C1CC(C(=C)C)CC=C1C,1,C=C1C=CCCC1,C=C1C=CC(C(C)C)CC1,1,C=C1C=CCCC1,0.2032520325203252,1,0.9920828382463462
C=C1CC(C(=C)C)CC=C1C,1,C=C1C=CCCC1,C=C(C)C(=O)O,1,,0.1563049853372434,1,0.8870908010644999
C=C1CC(C(=C)C)CC=C1C,1,C=C1C=CCCC1,CC(C)C1=CC2=CCC3C(C)(C(=O)O)CCCC3(C)C2CC1,1,C1=CC2=CCC3CCCCC3C2CC1,0.1511111111111111,1,0.996923522854973
C=C1CC(C(=C)C)CC=C1C,1,C=C1C=CCCC1,C=C(C)C(=O)OC,1,,0.15064935064935064,1,0.8557098254479041
CC(C)(C)c1ccc(OCC2CO2)cc1,1,c1ccc(OCC2CO2)cc1,CC(C=O)Cc1ccc(C(C)(C)C)cc1,1,c1ccccc1,0.30714285714285716,1,0.9174146497468166
CC(C)(C)c1ccc(OCC2CO2)cc1,1,c1ccc(OCC2CO2)cc1,C=CCc1ccc(OC)cc1,1,c1ccccc1,0.22134646962233173,1,0.9311581009707293
CC(C)(C)c1ccc(OCC2CO2)cc1,1,c1ccc(OCC2CO2)cc1,CC=Cc1ccc(OC)cc1,1,c1ccccc1,0.21515679442508712,1,0.9373444296771388
CC(C)(C)c1ccc(OCC2CO2)cc1,1,c1ccc(OCC2CO2)cc1,O=C(Oc1ccc([N+](=O)[O-])cc1)OC1COC2OCCC12,1,O=C(Oc1ccccc1)OC1COC2OCCC12,0.20520325203252032,1,0.9971739639273745
O=C1NS(=O)(=O)c2ccccc21,0,O=C1NS(=O)(=O)c2ccccc21,CC(=O)C(=O)c1ccccc1,1,c1ccccc1,0.2515151515151515,0,0.03644392250052176
O=C1NS(=O)(=O)c2ccccc21,0,O=C1NS(=O)(=O)c2ccccc21,O=c1[nH]sc2ccccc12,1,O=c1[nH]sc2ccccc12,0.2393509127789047,0,0.07564217667509318
O=C1NS(=O)(=O)c2ccccc21,0,O=C1NS(=O)(=O)c2ccccc21,O=C(Oc1ccccc1)c1ccccc1,1,O=C(Oc1ccccc1)c1ccccc1,0.22666666666666668,0,0.26182431826437214
O=C1NS(=O)(=O)c2ccccc21,0,O=C1NS(=O)(=O)c2ccccc21,O=CCc1ccccc1,1,c1ccccc1,0.22272727272727277,0,0.13338139377458727
