query_smiles,query_label,query_scaffold,neighbor_smiles,neighbor_label,neighbor_scaffold,similarity,prediction,score
CC(=O)Nc1ccccc1,1,c1ccccc1,CC(=O)Nc1ccc(O)cc1,1,c1ccccc1,0.64,1,0.9966643605816615
CC(=O)Nc1ccccc1,1,c1ccccc1,CC(=O)Nc1ccc(OC(=O)c2ccccc2OC(C)=O)cc1,1,O=C(Oc1ccccc1)c1ccccc1,0.47471042471042474,1,0.9962111717039768
CC(=O)Nc1ccccc1,1,c1ccccc1,CC(=O)Nc1ccc([C@H](O)CNC(C)C)cc1,1,c1ccccc1,0.4394088669950739,1,0.9891861298775851
CC(=O)Nc1ccccc1,1,c1ccccc1,CC(=O)Oc1ccccc1C(=O)O,1,c1ccccc1,0.33017241379310347,1,0.9799803073274803
COc1cc(C)c(/C=C/C(C)=C/C=C/C(C)=CC(=O)O)c(C)c1C,1,c1ccccc1,CC(=CC(=O)O)/C=C/C=C(C)\C=C/C1=C(C)CCCC1(C)C,1,C1=CCCCC1,0.426578073089701,1,0.9989751063640208
COc1cc(C)c(/C=C/C(C)=C/C=C/C(C)=CC(=O)O)c(C)c1C,1,c1ccccc1,COc1cc(C)c(S(C)=O)cc1OC,1,c1ccccc1,0.268921568627451,1,0.9984057500595664
COc1cc(C)c(/C=C/C(C)=C/C=C/C(C)=CC(=O)O)c(C)c1C,1,c1ccccc1,CC(=CCO)/C=C/C=C(C)\C=C\C1=C(C)CCCC1(C)C,1,C1=CCCCC1,0.2492063492063492,1,0.997232099947677
COc1cc(C)c(/C=C/C(C)=C/C=C/C(C)=CC(=O)O)c(C)c1C,1,c1ccccc1,COc1ccc2cc([C@H](C)C(=O)O)ccc2c1,1,c1ccc2ccccc2c1,0.23508245877061468,1,0.9983248554881844
CC(C)NC[C@H](O)COc1ccc(CC(N)=O)cc1,1,c1ccccc1,COCCc1ccc(OC[C@@H](O)CNC(C)C)cc1,1,c1ccccc1,0.6437237237237238,1,0.9997066685341727
CC(C)NC[C@H](O)COc1ccc(CC(N)=O)cc1,1,c1ccccc1,CC(C)NC[C@H](O)COc1ccc(COCCOC(C)C)cc1,1,c1ccccc1,0.5790940766550523,1,0.9998648858633725
CC(C)NC[C@H](O)COc1ccc(CC(N)=O)cc1,1,c1ccccc1,CC(C)NC[C@H](O)COc1ccc(CCOCC2CC2)cc1,1,c1ccc(CCOCC2CC2)cc1,0.5624765478424015,1,0.9997066685341727
CC(C)NC[C@H](O)COc1ccc(CC(N)=O)cc1,1,c1ccccc1,CC(C)NC[C@H](O)COc1cccc(NS(C)(=O)=O)c1,1,c1ccccc1,0.4944316612977451,1,0.9997684937904757
CC(C)Cc1ccc([C@H](C)C(=O)O)cc1,1,c1ccccc1,COc1ccc2cc([C@H](C)C(=O)O)ccc2c1,1,c1ccc2ccccc2c1,0.4368421052631579,1,0.9978302044141137
CC(C)Cc1ccc([C@H](C)C(=O)O)cc1,1,c1ccccc1,C[C@H](C(=O)O)c1cccc(C(=O)c2ccccc2)c1,1,O=C(c1ccccc1)c1ccccc1,0.4343079922027291,1,0.992650875302672
CC(C)Cc1ccc([C@H](C)C(=O)O)cc1,1,c1ccccc1,C[C@H](C(=O)O)c1cccc(Oc2ccccc2)c1,1,c1ccc(Oc2ccccc2)cc1,0.421978021978022,1,0.9964022836250876
CC(C)Cc1ccc([C@H](C)C(=O)O)cc1,1,c1ccccc1,C[C@H](C(=O)O)c1ccc(N2Cc3ccccc3C2=O)cc1,1,O=C1c2ccccc2CN1c1ccccc1,0.41189964157706094,1,0.996747335572473
CCNC[C@H](C)c1cccc(C(F)(F)F)c1,1,c1ccccc1,CNCC[C@@H](Oc1ccc(C(F)(F)F)cc1)c1ccccc1,1,c1ccc(COc2ccccc2)cc1,0.32393162393162395,1,0.9991240401769863
CCNC[C@H](C)c1cccc(C(F)(F)F)c1,1,c1ccccc1,CN[C@@H](C)[C@@H](O)c1ccccc1,1,c1ccccc1,0.2398826979472141,1,0.9927267576213413
CCNC[C@H](C)c1cccc(C(F)(F)F)c1,1,c1ccccc1,CN1CCN(CCCN2c3ccccc3Sc3ccc(C(F)(F)F)cc32)CC1,1,c1ccc2c(c1)Sc1ccccc1N2CCCN1CCNCC1,0.2306451612903226,1,0.9998827861798514
CCNC[C@H](C)c1cccc(C(F)(F)F)c1,1,c1ccccc1,C[C@H](N)Cc1ccccc1,1,c1ccccc1,0.22857142857142856,1,0.9916024422356476
CC(C)NC[C@@H](O)c1cc(O)cc(O)c1,1,c1ccccc1,CC(C)(C)NC[C@@H](O)c1cc(O)cc(O)c1,1,c1ccccc1,0.627,1,0.9991591419344815
CC(C)NC[C@@H](O)c1cc(O)cc(O)c1,1,c1ccccc1,CC(=O)Nc1ccc([C@H](O)CNC(C)C)cc1,1,c1ccccc1,0.48197767145135567,1,0.9975938608083252
CC(C)NC[C@@H](O)c1cc(O)cc(O)c1,1,c1ccccc1,C[C@@H](Cc1ccc(O)cc1)N[C@@H](O)Cc1cc(O)cc(O)c1,1,c1ccc(CCNCCc2ccccc2)cc1,0.3669207317073171,1,0.9985770025101482
CC(C)NC[C@@H](O)c1cc(O)cc(O)c1,1,c1ccccc1,C[C@H](NCCc1ccc(O)cc1)[C@@H](O)c1ccc(O)cc1,1,c1ccc(CCNCCc2ccccc2)cc1,0.36095238095238097,1,0.9994921716076218
CCN(CC)CC(=O)Nc1c(C)cccc1C,1,c1ccccc1,Cc1cccc(C)c1NC(=O)[C@@H](C)N,1,c1ccccc1,0.4793233082706767,1,0.9996219265166427
CCN(CC)CC(=O)Nc1c(C)cccc1C,1,c1ccccc1,Cc1cccc(C)c1NC(=O)NCCCNC(C)C,1,c1ccccc1,0.396923076923077,1,0.9995360215321412
CCN(CC)CC(=O)Nc1c(C)cccc1C,1,c1ccccc1,CCN(CC)[C@H](C)C(=O)c1ccccc1,1,c1ccccc1,0.3129109863672815,1,0.9947340602462933
CCN(CC)CC(=O)Nc1c(C)cccc1C,1,c1ccccc1,CC(=O)Nc1ccccc1,1,c1ccccc1,0.302834008097166,1,0.9997711994721217
Cc1cccc(C)c1OC[C@H](C)N,1,c1ccccc1,C[C@H](N)Cc1ccccc1,1,c1ccccc1,0.3930107526881721,1,0.9995636607656739
Cc1cccc(C)c1OC[C@H](C)N,1,c1ccccc1,COc1cccc(C[C@H](C)N)c1,1,c1ccccc1,0.3707362534948742,1,0.9984561203879441
Cc1cccc(C)c1OC[C@H](C)N,1,c1ccccc1,Cc1cccc(C)c1NC(=O)[C@@H](C)N,1,c1ccccc1,0.3610810810810811,1,0.9992834427293342
Cc1cccc(C)c1OC[C@H](C)N,1,c1ccccc1,C[C@H](N)[C@@H](O)c1ccccc1,1,c1ccccc1,0.2826373626373626,1,0.9991351543560905
OC[C@H](O)COc1ccc(Cl)cc1,1,c1ccccc1,COCCc1ccc(OC[C@@H](O)CNC(C)C)cc1,1,c1ccccc1,0.35444444444444445,1,0.9945676797913587
OC[C@H](O)COc1ccc(Cl)cc1,1,c1ccccc1,CC(C)NC[C@H](O)COc1ccc(CC(N)=O)cc1,1,c1ccccc1,0.3482608695652174,1,0.9933960812517914
OC[C@H](O)COc1ccc(Cl)cc1,1,c1ccccc1,CCOC(=O)C(C)(C)Oc1ccc(Cl)cc1,1,c1ccccc1,0.3379416282642089,1,0.9964948671077712
OC[C@H](O)COc1ccc(Cl)cc1,1,c1ccccc1,CC(C)NC[C@H](O)COc1ccc(COCCOC(C)C)cc1,1,c1ccccc1,0.327891156462585,1,0.9974908112388365
C=CCOc1ccccc1OC[C@@H](O)CNC(C)C,1,c1ccccc1,C=CCc1ccccc1OC[C@@H](O)CNC(C)C,1,c1ccccc1,0.7196013289036545,1,0.9991623696741101
C=CCOc1ccccc1OC[C@@H](O)CNC(C)C,1,c1ccccc1,CC(C)NC[C@H](O)COc1cccc2[nH]ccc12,1,c1ccc2[nH]ccc2c1,0.5394897959183673,1,0.999941859406361
C=CCOc1ccccc1OC[C@@H](O)CNC(C)C,1,c1ccccc1,CC(C)NC[C@H](O)COc1cccc(NS(C)(=O)=O)c1,1,c1ccccc1,0.4833167825223436,1,0.9985210898233297
C=CCOc1ccccc1OC[C@@H](O)CNC(C)C,1,c1ccccc1,COCCc1ccc(OC[C@@H](O)CNC(C)C)cc1,1,c1ccccc1,0.4677894736842106,1,0.9981267613027937
CCN(C)C(=O)Oc1cccc([C@@H](C)N(C)C)c1,1,c1ccccc1,C[C@H](C(=O)O)c1cccc(Oc2ccccc2)c1,1,c1ccc(Oc2ccccc2)cc1,0.3627932351336607,1,0.9997068277726605
CCN(C)C(=O)Oc1cccc([C@@H](C)N(C)C)c1,1,c1ccccc1,COc1cccc(C(=O)CCN[C@@H](C)[C@@H](O)c2ccccc2)c1,1,O=C(CCNCCc1ccccc1)c1ccccc1,0.29828779599271404,1,0.9995924126792963
CCN(C)C(=O)Oc1cccc([C@@H](C)N(C)C)c1,1,c1ccccc1,CCC(=O)C(C[C@H](C)N(C)C)(c1ccccc1)c1ccccc1,1,c1ccc(Cc2ccccc2)cc1,0.2966853646098929,1,0.9980772382102132
CCN(C)C(=O)Oc1cccc([C@@H](C)N(C)C)c1,1,c1ccccc1,CCN(CC)[C@H](C)C(=O)c1ccccc1,1,c1ccccc1,0.2961904761904762,1,0.9968192597935678
COc1cc(C)c(S(C)=O)cc1OC,1,c1ccccc1,COc1cc(C)c(/C=C/C(C)=C/C=C/C(C)=CC(=O)O)c(C)c1C,1,c1ccccc1,0.268921568627451,1,0.9895742843751807
COc1cc(C)c(S(C)=O)cc1OC,1,c1ccccc1,COc1cc2c(cc1OC)[C@@H]1CC(=O)[C@H](CC(C)C)CN1CC2,1,O=C1CCN2CCc3ccccc3C2C1,0.22842105263157897,1,0.9974426760401909
COc1cc(C)c(S(C)=O)cc1OC,1,c1ccccc1,Cc1ccc(C)c(OCCCC(C)(C)C(=O)O)c1,1,c1ccccc1,0.22576832151300238,1,0.9949028226382903
COc1cc(C)c(S(C)=O)cc1OC,1,c1ccccc1,COc1ccccc1OC[C@H](O)COC(N)=O,1,c1ccccc1,0.22103786816269286,1,0.9996135124290357
CCN(CC)CCNC(=O)c1cc(Cl)c(N)cc1OC,1,c1ccccc1,COc1cc(N)c(Cl)cc1C(=O)N[C@@H]1CCN(CCCOc2ccc(F)cc2)C[C@@H]1OC,1,O=C(NC1CCN(CCCOc2ccccc2)CC1)c1ccccc1,0.40202020202020206,1,0.9999741571935244
CCN(CC)CCNC(=O)c1cc(Cl)c(N)cc1OC,1,c1ccccc1,CCN1CC[C@H](CNC(=O)c2cc(S(N)(=O)=O)ccc2OC)C1,1,O=C(NCC1CCNC1)c1ccccc1,0.33457890198332857,1,0.9999981988307783
CCN(CC)CCNC(=O)c1cc(Cl)c(N)cc1OC,1,c1ccccc1,CCN(CC)CC(=O)Nc1c(C)cccc1C,1,c1ccccc1,0.238977879481312,1,0.9999885187913695
CCN(CC)CCNC(=O)c1cc(Cl)c(N)cc1OC,1,c1ccccc1,CC(C)(Oc1ccc(CCNC(=O)c2ccccc2)cc1)C(=O)O,1,O=C(NCCc1ccccc1)c1ccccc1,0.235052790346908,1,0.9999923361820985
CC(=O)Nc1c(I)c(NC(C)=O)c(I)c(C(=O)O)c1I,0,c1ccccc1,CC(=O)Nc1ccccc1,1,c1ccccc1,0.36244239631336406,0,0.036195977687018654
CC(=O)Nc1c(I)c(NC(C)=O)c(I)c(C(=O)O)c1I,0,c1ccccc1,CC(=O)Nc1ccc(O)cc1,1,c1ccccc1,0.3111742424242424,0,0.05519696851521358
CC(=O)Nc1c(I)c(NC(C)=O)c(I)c(C(=O)O)c1I,0,c1ccccc1,CC(=O)Nc1nnc(S(N)(=O)=O)s1,1,c1nncs1,0.24377059986816085,0,0.023506759790462996
CC(=O)Nc1c(I)c(NC(C)=O)c(I)c(C(=O)O)c1I,0,c1ccccc1,CC(=O)Nc1ccc([C@H](O)CNC(C)C)cc1,1,c1ccccc1,0.23547671840354767,0,0.017571225805080734
CCOC(=O)C(C)(C)Oc1ccc(Cl)cc1,1,c1ccccc1,CC(C)(Oc1ccc([C@@H]2CC2(Cl)Cl)cc1)C(=O)O,1,c1ccc(C2CC2)cc1,0.34443266171792153,1,0.998077812326689
CCOC(=O)C(C)(C)Oc1ccc(Cl)cc1,1,c1ccccc1,OC[C@H](O)COc1ccc(Cl)cc1,1,c1ccccc1,0.3379416282642089,1,0.9762987270082114
CCOC(=O)C(C)(C)Oc1ccc(Cl)cc1,1,c1ccccc1,C[C@@H](NC(C)(C)C)C(=O)c1ccc(Cl)cc1,1,c1ccccc1,0.31740259740259746,1,0.9992259254491409
CCOC(=O)C(C)(C)Oc1ccc(Cl)cc1,1,c1ccccc1,CC(C)(Oc1ccc(CCNC(=O)c2ccccc2)cc1)C(=O)O,1,O=C(NCCc1ccccc1)c1ccccc1,0.30666666666666664,1,0.9986247980458022
COCCc1ccc(OC[C@@H](O)CNC(C)C)cc1,1,c1ccccc1,CC(C)NC[C@H](O)COc1ccc(CCOCC2CC2)cc1,1,c1ccc(CCOCC2CC2)cc1,0.7025755879059351,1,0.9998859789694478
COCCc1ccc(OC[C@@H](O)CNC(C)C)cc1,1,c1ccccc1,CC(C)NC[C@H](O)COc1ccc(CC(N)=O)cc1,1,c1ccccc1,0.6437237237237238,1,0.9996088500506094
COCCc1ccc(OC[C@@H](O)CNC(C)C)cc1,1,c1ccccc1,CC(C)NC[C@H](O)COc1ccc(COCCOC(C)C)cc1,1,c1ccccc1,0.6236170212765958,1,0.9998019147534576
COCCc1ccc(OC[C@@H](O)CNC(C)C)cc1,1,c1ccccc1,CC(C)NC[C@H](O)COc1cccc(NS(C)(=O)=O)c1,1,c1ccccc1,0.4717879604672058,1,0.9997463400608286
C[C@@H](NC(C)(C)C)C(=O)c1ccc(Cl)cc1,1,c1ccccc1,CCOC(=O)C(C)(C)Oc1ccc(Cl)cc1,1,c1ccccc1,0.31740259740259746,1,0.9980681441487317
C[C@@H](NC(C)(C)C)C(=O)c1ccc(Cl)cc1,1,c1ccccc1,CCN(CC)[C@H](C)C(=O)c1ccccc1,1,c1ccccc1,0.31615853658536586,1,0.9995875008472931
C[C@@H](NC(C)(C)C)C(=O)c1ccc(Cl)cc1,1,c1ccccc1,CCCNC(=O)NS(=O)(=O)c1ccc(Cl)cc1,1,c1ccccc1,0.2934988179669031,1,0.9972605070998436
C[C@@H](NC(C)(C)C)C(=O)c1ccc(Cl)cc1,1,c1ccccc1,N[C@H](CCC(=O)O)c1ccc(Cl)cc1,1,c1ccccc1,0.28812067881835324,1,0.9896577150222204
CC(=O)N(C[C@H](O)CO)c1c(I)c(C(=O)NC[C@H](O)CO)c(I)c(C(=O)NC[C@H](O)CO)c1I,0,c1ccccc1,OC[C@H](O)COc1ccc(Cl)cc1,1,c1ccccc1,0.19047619047619047,0,0.008188947744289616
CC(=O)N(C[C@H](O)CO)c1c(I)c(C(=O)NC[C@H](O)CO)c(I)c(C(=O)NC[C@H](O)CO)c1I,0,c1ccccc1,CC(=O)Nc1ccc([C@H](O)CNC(C)C)cc1,1,c1ccccc1,0.18701825557809332,0,0.0002070767972596471
CC(=O)N(C[C@H](O)CO)c1c(I)c(C(=O)NC[C@H](O)CO)c(I)c(C(=O)NC[C@H](O)CO)c1I,0,c1ccccc1,CC(C)NC[C@H](O)COc1ccc(CC(N)=O)cc1,1,c1ccccc1,0.17453703703703705,0,0.002873075401217041
CC(=O)N(C[C@H](O)CO)c1c(I)c(C(=O)NC[C@H](O)CO)c(I)c(C(=O)NC[C@H](O)CO)c1I,0,c1ccccc1,CCN(CC)CCNC(=O)c1cc(Cl)c(N)cc1OC,1,c1ccccc1,0.1725458025704129,0,0.0005438252593770458
CCCCNC(=O)NS(=O)(=O)c1ccc(C)cc1,1,c1ccccc1,CCCNC(=O)NS(=O)(=O)c1ccc(Cl)cc1,1,c1ccccc1,0.6333333333333333,1,0.9976013220878236
CCCCNC(=O)NS(=O)(=O)c1ccc(C)cc1,1,c1ccccc1,Cc1ccc(S(=O)(=O)NC(=O)NN2C[C@H]3CCC[C@H]3C2)cc1,1,O=C(NN1CC2CCCC2C1)NS(=O)(=O)c1ccccc1,0.4725490196078432,1,0.9969332588010881
CCCCNC(=O)NS(=O)(=O)c1ccc(C)cc1,1,c1ccccc1,Cc1cnc(C(=O)NCCc2ccc(S(=O)(=O)NC(=O)NC3CCCCC3)cc2)cn1,1,O=C(NC1CCCCC1)NS(=O)(=O)c1ccc(CCNC(=O)c2cnccn2)cc1,0.35681818181818187,1,0.9992525274073436
CCCCNC(=O)NS(=O)(=O)c1ccc(C)cc1,1,c1ccccc1,Cc1cccc(C)c1NC(=O)NCCCNC(C)C,1,c1ccccc1,0.35405128205128206,1,0.9966976459653476
O=C(N[C@H](CO)[C@@H](O)c1ccc([N+](=O)[O-])cc1)C(Cl)Cl,1,c1ccccc1,CC(C)C(=O)Nc1ccc([N+](=O)[O-])c(C(F)(F)F)c1,1,c1ccccc1,0.26374355195283716,1,0.999990530915344
O=C(N[C@H](CO)[C@@H](O)c1ccc([N+](=O)[O-])cc1)C(Cl)Cl,1,c1ccccc1,O=C1CN=C(c2ccccc2Cl)c2cc([N+](=O)[O-])ccc2N1,1,O=C1CN=C(c2ccccc2)c2ccccc2N1,0.24289592760181,1,0.9999979210363038
O=C(N[C@H](CO)[C@@H](O)c1ccc([N+](=O)[O-])cc1)C(Cl)Cl,1,c1ccccc1,O=C1CN=C(c2ccccc2)c2cc([N+](=O)[O-])ccc2N1,1,O=C1CN=C(c2ccccc2)c2ccccc2N1,0.2359126984126984,1,0.9999966961705681
O=C(N[C@H](CO)[C@@H](O)c1ccc([N+](=O)[O-])cc1)C(Cl)Cl,1,c1ccccc1,CC(=O)Nc1ccc([C@H](O)CNC(C)C)cc1,1,c1ccccc1,0.22986460348162477,1,0.9999956756610401
Cc1ccc(C)c(OCCCC(C)(C)C(=O)O)c1,1,c1ccccc1,CC(=O)Oc1cc(C(C)C)c(OCCN(C)C)cc1C,1,c1ccccc1,0.2771929824561403,1,0.9941123991564214
Cc1ccc(C)c(OCCCC(C)(C)C(=O)O)c1,1,c1ccccc1,CCC(=O)C(=O)c1ccc(OCC(=O)O)c(Cl)c1Cl,1,c1ccccc1,0.25925925925925924,1,0.9987287371684356
Cc1ccc(C)c(OCCCC(C)(C)C(=O)O)c1,1,c1ccccc1,CNCCCCOc1ccccc1Cc1ccccc1,1,c1ccc(Cc2ccccc2)cc1,0.2494247583985274,1,0.9975072991402101
Cc1ccc(C)c(OCCCC(C)(C)C(=O)O)c1,1,c1ccccc1,CC(C)(Oc1ccc([C@@H]2CC2(Cl)Cl)cc1)C(=O)O,1,c1ccc(C2CC2)cc1,0.24771618625277164,1,0.9979153231372443
CCCC(=O)Nc1ccc(OC[C@@H](O)CNC(C)C)c(C(C)=O)c1,1,c1ccccc1,CC(C)NC[C@H](O)COc1cccc(NS(C)(=O)=O)c1,1,c1ccccc1,0.43746031746031744,1,0.9996375775739403
CCCC(=O)Nc1ccc(OC[C@@H](O)CNC(C)C)c(C(C)=O)c1,1,c1ccccc1,CC(C)NC[C@H](O)COc1ccc(CC(N)=O)cc1,1,c1ccccc1,0.4286956521739131,1,0.999441168537196
CCCC(=O)Nc1ccc(OC[C@@H](O)CNC(C)C)c(C(C)=O)c1,1,c1ccccc1,C=CCc1ccccc1OC[C@@H](O)CNC(C)C,1,c1ccccc1,0.4234497505345688,1,0.9993956127878287
CCCC(=O)Nc1ccc(OC[C@@H](O)CNC(C)C)c(C(C)=O)c1,1,c1ccccc1,C=CCOc1ccccc1OC[C@@H](O)CNC(C)C,1,c1ccccc1,0.42320150659133715,1,0.9993761232130624
CC(=O)Nc1ccc(O)cc1,1,c1ccccc1,CC(=O)Nc1ccccc1,1,c1ccccc1,0.64,1,0.9951876976209751
CC(=O)Nc1ccc(O)cc1,1,c1ccccc1,CC(=O)Nc1ccc([C@H](O)CNC(C)C)cc1,1,c1ccccc1,0.4594642857142857,1,0.9899484948221641
CC(=O)Nc1ccc(O)cc1,1,c1ccccc1,CC(=O)Nc1ccc(OC(=O)c2ccccc2OC(C)=O)cc1,1,O=C(Oc1ccccc1)c1ccccc1,0.41305361305361304,1,0.9964800419212959
CC(=O)Nc1ccc(O)cc1,1,c1ccccc1,CN(C(=O)C(Cl)Cl)c1ccc(O)cc1,1,c1ccccc1,0.33215686274509804,1,0.9926507794311384
CC(C)NC(=N)NC(=N)Nc1ccc(Cl)cc1,1,c1ccccc1,C[C@@H](NC(C)(C)C)C(=O)c1ccc(Cl)cc1,1,c1ccccc1,0.28251748251748254,1,0.9131305586013682
CC(C)NC(=N)NC(=N)Nc1ccc(Cl)cc1,1,c1ccccc1,CC(=O)Nc1ccc([C@H](O)CNC(C)C)cc1,1,c1ccccc1,0.2421099290780142,1,0.905240482208964
CC(C)NC(=N)NC(=N)Nc1ccc(Cl)cc1,1,c1ccccc1,CC(C)C[C@@H](N(C)C)C1(c2ccc(Cl)cc2)CCC1,1,c1ccc(C2CCC2)cc1,0.23485714285714288,1,0.9239229696117469
CC(C)NC(=N)NC(=N)Nc1ccc(Cl)cc1,1,c1ccccc1,CC(=O)Nc1ccc(O)cc1,1,c1ccccc1,0.23076923076923075,1,0.9689482213180981
N[C@H](CCC(=O)O)c1ccc(Cl)cc1,1,c1ccccc1,CC(C)Cc1ccc([C@H](C)C(=O)O)cc1,1,c1ccccc1,0.30857142857142855,1,0.9977385215999127
N[C@H](CCC(=O)O)c1ccc(Cl)cc1,1,c1ccccc1,O=C(O)Cc1ccccc1Nc1ccc(Cl)cc1Cl,1,c1ccc(Nc2ccccc2)cc1,0.3038461538461539,1,0.9997114457073569
N[C@H](CCC(=O)O)c1ccc(Cl)cc1,1,c1ccccc1,Cc1cc(CC(=O)O)n(C)c1C(=O)c1ccc(Cl)cc1,1,O=C(c1ccccc1)c1ccc[nH]1,0.3029900332225913,1,0.9992057261545602
N[C@H](CCC(=O)O)c1ccc(Cl)cc1,1,c1ccccc1,CN1c2ccccc2N(CCCCCCC(=O)O)c2ccc(Cl)cc2S1(=O)=O,1,O=S1(=O)Nc2ccccc2Nc2ccccc21,0.3014354066985646,1,0.9999337414068252
CC(C)N[C@@H](O)c1ccc(O)c(O)c1,1,c1ccccc1,Oc1ccc([C@H](O)[C@@H]2CCCCN2)cc1O,1,c1ccc(CC2CCCCN2)cc1,0.41375000000000006,1,0.9838109972632686
CC(C)N[C@@H](O)c1ccc(O)c(O)c1,1,c1ccccc1,CC(C)NC[C@@H](O)c1cc(O)cc(O)c1,1,c1ccccc1,0.3491833030852995,1,0.9956580467683998
CC(C)N[C@@H](O)c1ccc(O)c(O)c1,1,c1ccccc1,C[C@@H](Cc1ccc(O)cc1)N[C@@H](O)Cc1cc(O)cc(O)c1,1,c1ccc(CCNCCc2ccccc2)cc1,0.3200300075018755,1,0.999076942505017
CC(C)N[C@@H](O)c1ccc(O)c(O)c1,1,c1ccccc1,C[C@H](NCCc1ccc(O)cc1)[C@@H](O)c1ccc(O)cc1,1,c1ccc(CCNCCc2ccccc2)cc1,0.3107558139534884,1,0.9973740735275672
CCCNC(=O)NS(=O)(=O)c1ccc(Cl)cc1,1,c1ccccc1,CCCCNC(=O)NS(=O)(=O)c1ccc(C)cc1,1,c1ccccc1,0.6333333333333333,1,0.9985955139345106
CCCNC(=O)NS(=O)(=O)c1ccc(Cl)cc1,1,c1ccccc1,Cc1ccc(S(=O)(=O)NC(=O)NN2C[C@H]3CCC[C@H]3C2)cc1,1,O=C(NN1CC2CCCC2C1)NS(=O)(=O)c1ccccc1,0.35927601809954757,1,0.9988690035566584
CCCNC(=O)NS(=O)(=O)c1ccc(Cl)cc1,1,c1ccccc1,Cc1cnc(C(=O)NCCc2ccc(S(=O)(=O)NC(=O)NC3CCCCC3)cc2)cn1,1,O=C(NC1CCCCC1)NS(=O)(=O)c1ccc(CCNC(=O)c2cnccn2)cc1,0.3348404255319149,1,0.9997247406261932
CCCNC(=O)NS(=O)(=O)c1ccc(Cl)cc1,1,c1ccccc1,CCC1=C(C)CN(C(=O)NCCc2ccc(S(=O)(=O)NC(=O)N[C@H]3CC[C@H](C)CC3)cc2)C1=O,1,O=C(NC1CCCCC1)NS(=O)(=O)c1ccc(CCNC(=O)N2CC=CC2=O)cc1,0.33007246376811594,1,0.9997096934929209
CCN(CC)[C@H](C)C(=O)c1ccccc1,1,c1ccccc1,CCC(=O)C(C[C@H](C)N(C)C)(c1ccccc1)c1ccccc1,1,c1ccc(Cc2ccccc2)cc1,0.3590697674418605,1,0.9999139888466692
CCN(CC)[C@H](C)C(=O)c1ccccc1,1,c1ccccc1,C[C@H](C(=O)O)c1cccc(C(=O)c2ccccc2)c1,1,O=C(c1ccccc1)c1ccccc1,0.33625,1,0.9999731517377526
CCN(CC)[C@H](C)C(=O)c1ccccc1,1,c1ccccc1,C[C@@H](NC(C)(C)C)C(=O)c1ccc(Cl)cc1,1,c1ccccc1,0.31615853658536586,1,0.9999813190802539
CCN(CC)[C@H](C)C(=O)c1ccccc1,1,c1ccccc1,CCN(CC)CC(=O)Nc1c(C)cccc1C,1,c1ccccc1,0.3129109863672815,1,0.997875158661155
CC(C)(C)NC[C@@H](O)c1ccc(O)c(C(=O)O)c1,1,c1ccccc1,CC(C)(C)NC[C@@H](O)c1cc(O)cc(O)c1,1,c1ccccc1,0.5285714285714286,1,0.99748844612574
CC(C)(C)NC[C@@H](O)c1ccc(O)c(C(=O)O)c1,1,c1ccccc1,C[C@@H](CCc1ccccc1)NC[C@@H](O)c1ccc(O)c(C(N)=O)c1,1,c1ccc(CCCNCCc2ccccc2)cc1,0.44874274661508706,1,0.9982170037663762
CC(C)(C)NC[C@@H](O)c1ccc(O)c(C(=O)O)c1,1,c1ccccc1,CC(C)(C)NC[C@@H](O)c1ccc(O)c(CO)n1,1,c1ccncc1,0.4290697674418605,1,0.9998352736322035
CC(C)(C)NC[C@@H](O)c1ccc(O)c(C(=O)O)c1,1,c1ccccc1,Nc1ccc(O)c(C(=O)O)c1,1,c1ccccc1,0.40408701384311146,1,0.989829141645463
CC(=O)Oc1ccccc1C(=O)O,1,c1ccccc1,O=C(Oc1ccccc1C(=O)O)c1ccccc1O,1,O=C(Oc1ccccc1)c1ccccc1,0.5875,1,0.9955050055173937
CC(=O)Oc1ccccc1C(=O)O,1,c1ccccc1,CC(=O)Nc1ccc(OC(=O)c2ccccc2OC(C)=O)cc1,1,O=C(Oc1ccccc1)c1ccccc1,0.488034188034188,1,0.9772147513077514
CC(=O)Oc1ccccc1C(=O)O,1,c1ccccc1,Cc1cccc(Nc2ccccc2C(=O)O)c1C,1,c1ccc(Nc2ccccc2)cc1,0.3614652014652015,1,0.9986224266036344
CC(=O)Oc1ccccc1C(=O)O,1,c1ccccc1,CC(=O)Nc1ccccc1,1,c1ccccc1,0.33017241379310347,1,0.960310294160118
CCCCCCCN(CC)CCC[C@@H](O)c1ccc(NS(C)(=O)=O)cc1,1,c1ccccc1,CC(=O)Nc1ccc([C@H](O)CNC(C)C)cc1,1,c1ccccc1,0.30764119601328904,1,0.9998891907108612
CCCCCCCN(CC)CCC[C@@H](O)c1ccc(NS(C)(=O)=O)cc1,1,c1ccccc1,CC(C)NC[C@H](O)COc1cccc(NS(C)(=O)=O)c1,1,c1ccccc1,0.2903061224489796,1,0.9999577959288828
CCCCCCCN(CC)CCC[C@@H](O)c1ccc(NS(C)(=O)=O)cc1,1,c1ccccc1,CCN(CC)CC(=O)Nc1c(C)cccc1C,1,c1ccccc1,0.26450742240215924,1,0.9967836739256158
CCCCCCCN(CC)CCC[C@@H](O)c1ccc(NS(C)(=O)=O)cc1,1,c1ccccc1,CCCCNC(=O)NS(=O)(=O)c1ccc(C)cc1,1,c1ccccc1,0.23555555555555557,1,0.999653666538435
COP(=O)(C[C@H](c1ccc(Cl)cc1)P(=O)(OC)OC)OC,1,c1ccccc1,N[C@H](CCC(=O)O)c1ccc(Cl)cc1,1,c1ccccc1,0.30122850122850126,1,0.9930057275806098
COP(=O)(C[C@H](c1ccc(Cl)cc1)P(=O)(OC)OC)OC,1,c1ccccc1,CCOC(=O)C(C)(C)Oc1ccc(Cl)cc1,1,c1ccccc1,0.2705882352941177,1,0.9986971103891231
COP(=O)(C[C@H](c1ccc(Cl)cc1)P(=O)(OC)OC)OC,1,c1ccccc1,C[C@@H](NC(C)(C)C)C(=O)c1ccc(Cl)cc1,1,c1ccccc1,0.25782227784730916,1,0.9950621943196335
COP(=O)(C[C@H](c1ccc(Cl)cc1)P(=O)(OC)OC)OC,1,c1ccccc1,OC[C@H](O)COc1ccc(Cl)cc1,1,c1ccccc1,0.2571428571428572,1,0.9780049565714912
O=P(O)(O)C(Cc1ccc(Cl)cc1)P(=O)(O)O,0,c1ccccc1,COP(=O)(C[C@H](c1ccc(Cl)cc1)P(=O)(OC)OC)OC,1,c1ccccc1,0.32865853658536587,0,0.017763541985662615
O=P(O)(O)C(Cc1ccc(Cl)cc1)P(=O)(O)O,0,c1ccccc1,N[C@H](CCC(=O)O)c1ccc(Cl)cc1,1,c1ccccc1,0.31472527472527473,0,0.02092865600527687
O=P(O)(O)C(Cc1ccc(Cl)cc1)P(=O)(O)O,0,c1ccccc1,CC(C)Cc1ccc([C@H](C)C(=O)O)cc1,1,c1ccccc1,0.30254668930390494,0,0.05656767640687373
O=P(O)(O)C(Cc1ccc(Cl)cc1)P(=O)(O)O,0,c1ccccc1,OC[C@H](O)COc1ccc(Cl)cc1,1,c1ccccc1,0.29218500797448166,0,0.006650223187022265
CC[N+](C)(C)Cc1ccccc1Br,0,c1ccccc1,CCc1oc2ccccc2c1C(=O)c1cc(Br)c(O)c(Br)c1,1,O=C(c1ccccc1)c1coc2ccccc12,0.21699346405228762,0,0.0030943404132942245
CC[N+](C)(C)Cc1ccccc1Br,0,c1ccccc1,C[C@H](N)Cc1ccccc1,1,c1ccccc1,0.20555555555555555,0,0.0036074539358969537
CC[N+](C)(C)Cc1ccccc1Br,0,c1ccccc1,CCC1(c2ccccc2)C(=O)NC(=O)NC1=O,1,O=C1NC(=O)C(c2ccccc2)C(=O)N1,0.1960975609756098,0,0.005822498622659977
CC[N+](C)(C)Cc1ccccc1Br,0,c1ccccc1,CCN(CC)[C@H](C)C(=O)c1ccccc1,1,c1ccccc1,0.19480519480519481,0,0.0021414812126965897
Nc1ccc(O)c(C(=O)O)c1,1,c1ccccc1,CC(C)(C)NC[C@@H](O)c1ccc(O)c(C(=O)O)c1,1,c1ccccc1,0.40408701384311146,1,0.9960325367258867
Nc1ccc(O)c(C(=O)O)c1,1,c1ccccc1,O=C(Oc1ccccc1C(=O)O)c1ccccc1O,1,O=C(Oc1ccccc1)c1ccccc1,0.3666666666666667,1,0.9989156133590418
Nc1ccc(O)c(C(=O)O)c1,1,c1ccccc1,Nc1ccc(S(=O)(=O)c2ccc(O)cc2)cc1,1,O=S(=O)(c1ccccc1)c1ccccc1,0.32242424242424245,1,0.999490148669144
Nc1ccc(O)c(C(=O)O)c1,1,c1ccccc1,CC(=O)Oc1ccccc1C(=O)O,1,c1ccccc1,0.28104575163398693,1,0.9972626147555855
COc1cccc(C[C@H](C)N)c1,1,c1ccccc1,C[C@H](N)Cc1ccccc1,1,c1ccccc1,0.5686520376175549,1,0.9995636607656739
COc1cccc(C[C@H](C)N)c1,1,c1ccccc1,Cc1cccc(C)c1OC[C@H](C)N,1,c1ccccc1,0.3707362534948742,1,0.9984561203879441
COc1cccc(C[C@H](C)N)c1,1,c1ccccc1,COc1cccc(C(=O)CCN[C@@H](C)[C@@H](O)c2ccccc2)c1,1,O=C(CCNCCc1ccccc1)c1ccccc1,0.35343035343035345,1,0.9966713019018792
COc1cccc(C[C@H](C)N)c1,1,c1ccccc1,COc1ccc2cc(CCC(C)=O)ccc2c1,1,c1ccc2ccccc2c1,0.33561046511627907,1,0.9984119592683532
C[C@H](N)[C@@H](O)c1ccccc1,1,c1ccccc1,CN[C@@H](C)[C@@H](O)c1ccccc1,1,c1ccccc1,0.5844444444444444,1,0.998269727710376
C[C@H](N)[C@@H](O)c1ccccc1,1,c1ccccc1,C[C@H](N)Cc1ccccc1,1,c1ccccc1,0.41428571428571426,1,0.9899368546468311
C[C@H](N)[C@@H](O)c1ccccc1,1,c1ccccc1,CC(C)N[C@@H](C)[C@@H](O)c1cccc2ccccc12,1,c1ccc2ccccc2c1,0.3355789473684211,1,0.9989546496299351
C[C@H](N)[C@@H](O)c1ccccc1,1,c1ccccc1,NC(=O)OCC(COC(N)=O)c1ccccc1,1,c1ccccc1,0.3337662337662338,1,0.9900194065168112
CC(=O)Nc1ccc([C@H](O)CNC(C)C)cc1,1,c1ccccc1,CC(C)NC[C@@H](O)c1cc(O)cc(O)c1,1,c1ccccc1,0.48197767145135567,1,0.9957028457111693
CC(=O)Nc1ccc([C@H](O)CNC(C)C)cc1,1,c1ccccc1,CC(=O)Nc1ccc(O)cc1,1,c1ccccc1,0.4594642857142857,1,0.9948436745624246
CC(=O)Nc1ccc([C@H](O)CNC(C)C)cc1,1,c1ccccc1,CC(=O)Nc1ccccc1,1,c1ccccc1,0.4394088669950739,1,0.9920016529649696
CC(=O)Nc1ccc([C@H](O)CNC(C)C)cc1,1,c1ccccc1,CCCC(=O)Nc1ccc(OC[C@@H](O)CNC(C)C)c(C(C)=O)c1,1,c1ccccc1,0.3925146198830409,1,0.9991445568121875
CC[N+](C)(C)c1cccc(O)c1,0,c1ccccc1,CC[C@]1(c2cccc(O)c2)CCCCN(C)C1,1,c1ccc(C2CCCCNC2)cc1,0.2923519263944796,0,0.00950223946628084
CC[N+](C)(C)c1cccc(O)c1,0,c1ccccc1,CCC(=C(CC)c1ccc(O)cc1)c1ccc(O)cc1,1,C(=Cc1ccccc1)c1ccccc1,0.2874125874125874,0,0.012990830621663564
CC[N+](C)(C)c1cccc(O)c1,0,c1ccccc1,CC(C)c1cccc(C(C)C)c1O,1,c1ccccc1,0.25793939393939397,0,0.015104076725264998
CC[N+](C)(C)c1cccc(O)c1,0,c1ccccc1,CC(C)(C)NC[C@@H](O)c1cc(O)cc(O)c1,1,c1ccccc1,0.231859756097561,0,0.00589176469816019
CC[N+](CC)(CC)CCOc1cccc(OCC[N+](CC)(CC)CC)c1OCC[N+](CC)(CC)CC,0,c1ccccc1,CNCCCCOc1ccccc1Cc1ccccc1,1,c1ccc(Cc2ccccc2)cc1,0.2744444444444445,0,0.003401917420178113
CC[N+](CC)(CC)CCOc1cccc(OCC[N+](CC)(CC)CC)c1OCC[N+](CC)(CC)CC,0,c1ccccc1,Cc1cccc(C)c1OC[C@H](C)N,1,c1ccccc1,0.26666666666666666,0,0.0013187611827021734
CC[N+](CC)(CC)CCOc1cccc(OCC[N+](CC)(CC)CC)c1OCC[N+](CC)(CC)CC,0,c1ccccc1,COc1ccccc1OC[C@H](O)COC(N)=O,1,c1ccccc1,0.2559840425531915,0,0.003645553036125687
CC[N+](CC)(CC)CCOc1cccc(OCC[N+](CC)(CC)CC)c1OCC[N+](CC)(CC)CC,0,c1ccccc1,CCOc1ccccc1OC[C@H]1COCCN1,1,c1ccc(OCC2COCCN2)cc1,0.24872727272727274,0,0.007267380529667086
CC(C)NC[C@H](O)COc1cccc(NS(C)(=O)=O)c1,1,c1ccccc1,CC(C)NC[C@H](O)COc1ccc(CC(N)=O)cc1,1,c1ccccc1,0.4944316612977451,1,0.9996436556059318
CC(C)NC[C@H](O)COc1cccc(NS(C)(=O)=O)c1,1,c1ccccc1,C=CCOc1ccccc1OC[C@@H](O)CNC(C)C,1,c1ccccc1,0.4833167825223436,1,0.9996021694319245
CC(C)NC[C@H](O)COc1cccc(NS(C)(=O)=O)c1,1,c1ccccc1,COCCc1ccc(OC[C@@H](O)CNC(C)C)cc1,1,c1ccccc1,0.4717879604672058,1,0.9997072012096179
CC(C)NC[C@H](O)COc1cccc(NS(C)(=O)=O)c1,1,c1ccccc1,CC(C)NC[C@H](O)COc1cccc2[nH]ccc12,1,c1ccc2[nH]ccc2c1,0.46585858585858586,1,0.9999909261873356
CN(C)C(=O)Oc1cccc([N+](C)(C)C)c1,0,c1ccccc1,CCN(C)C(=O)Oc1cccc([C@@H](C)N(C)C)c1,1,c1ccccc1,0.40118203309692674,0,0.004927022709944418
CN(C)C(=O)Oc1cccc([N+](C)(C)C)c1,0,c1ccccc1,C[C@H](C(=O)O)c1cccc(Oc2ccccc2)c1,1,c1ccc(Oc2ccccc2)cc1,0.26819221967963386,0,0.011133821217064473
CN(C)C(=O)Oc1cccc([N+](C)(C)C)c1,0,c1ccccc1,CC(=O)Oc1ccccc1C(=O)O,1,c1ccccc1,0.246524064171123,0,0.006063296657958117
CN(C)C(=O)Oc1cccc([N+](C)(C)C)c1,0,c1ccccc1,CC(=O)Nc1ccc(OC(=O)c2ccccc2OC(C)=O)cc1,1,O=C(Oc1ccccc1)c1ccccc1,0.23138401559454191,0,0.007585453344669233
N=C(N)N/N=C/c1c(Cl)cccc1Cl,1,c1ccccc1,NC(N)=NC(=O)Cc1c(Cl)cccc1Cl,1,c1ccccc1,0.3182072829131653,1,0.9989702347409455
N=C(N)N/N=C/c1c(Cl)cccc1Cl,1,c1ccccc1,N=C(N)NC[C@@H]1COc2ccccc2O1,1,c1ccc2c(c1)OCCO2,0.2359183673469388,1,0.9991221582616444
N=C(N)N/N=C/c1c(Cl)cccc1Cl,1,c1ccccc1,Nc1nnc(-c2cccc(Cl)c2Cl)c(N)n1,1,c1ccc(-c2cncnn2)cc1,0.20277090549233057,1,0.9993911695721136
N=C(N)N/N=C/c1c(Cl)cccc1Cl,1,c1ccccc1,CC(C)NC(=N)NC(=N)Nc1ccc(Cl)cc1,1,c1ccccc1,0.2012820512820513,1,0.946278069094831
CCCN(CCC)S(=O)(=O)c1ccc(C(=O)O)cc1,1,c1ccccc1,CCCCNc1cc(C(=O)O)cc(S(N)(=O)=O)c1Oc1ccccc1,1,c1ccc(Oc2ccccc2)cc1,0.3100383141762452,1,0.9978396113726956
CCCN(CCC)S(=O)(=O)c1ccc(C(=O)O)cc1,1,c1ccccc1,CCCCNC(=O)NS(=O)(=O)c1ccc(C)cc1,1,c1ccccc1,0.2912280701754386,1,0.9874752367559849
CCCN(CCC)S(=O)(=O)c1ccc(C(=O)O)cc1,1,c1ccccc1,CCCNC(=O)NS(=O)(=O)c1ccc(Cl)cc1,1,c1ccccc1,0.2870783601453036,1,0.9920819251156182
CCCN(CCC)S(=O)(=O)c1ccc(C(=O)O)cc1,1,c1ccccc1,CCN(CC)[C@H](C)C(=O)c1ccccc1,1,c1ccccc1,0.2677002583979328,1,0.9620441902226456
CNNCc1ccc(C(=O)NC(C)C)cc1,1,c1ccccc1,NNC(=O)c1ccncc1,1,c1ccncc1,0.3049773755656109,1,0.999210802139527
CNNCc1ccc(C(=O)NC(C)C)cc1,1,c1ccccc1,CC(C)(Oc1ccc(CCNC(=O)c2ccccc2)cc1)C(=O)O,1,O=C(NCCc1ccccc1)c1ccccc1,0.28831985624438455,1,0.9967085935741548
CNNCc1ccc(C(=O)NC(C)C)cc1,1,c1ccccc1,CC(C)NC[C@H](O)COc1ccc(CC(N)=O)cc1,1,c1ccccc1,0.27424749163879597,1,0.9733680278238435
CNNCc1ccc(C(=O)NC(C)C)cc1,1,c1ccccc1,CC(C)Cc1ccc([C@H](C)C(=O)O)cc1,1,c1ccccc1,0.2664990571967316,1,0.9728901827170903
CC(C)c1cccc(C(C)C)c1O,1,c1ccccc1,CC(C)N[C@@H](C)[C@@H](O)c1cccc2ccccc12,1,c1ccc2ccccc2c1,0.3085714285714286,1,0.9906098495516097
CC(C)c1cccc(C(C)C)c1O,1,c1ccccc1,C[C@H](N)Cc1ccccc1,1,c1ccccc1,0.29523809523809524,1,0.9877932552090679
CC(C)c1cccc(C(C)C)c1O,1,c1ccccc1,C[C@H](N)[C@@H](O)c1ccccc1,1,c1ccccc1,0.29341692789968654,1,0.9760822253975144
CC(C)c1cccc(C(C)C)c1O,1,c1ccccc1,CN[C@@H](C)[C@@H](O)c1ccccc1,1,c1ccccc1,0.2731182795698925,1,0.984541954447831
O=C(O)CCCc1ccc(N(CCCl)CCCl)cc1,1,c1ccccc1,N[C@H](CCC(=O)O)c1ccc(Cl)cc1,1,c1ccccc1,0.2886956521739131,1,0.9999977066793929
O=C(O)CCCc1ccc(N(CCCl)CCCl)cc1,1,c1ccccc1,CN1c2ccccc2N(CCCCCCC(=O)O)c2ccc(Cl)cc2S1(=O)=O,1,O=S1(=O)Nc2ccccc2Nc2ccccc21,0.26397849462365597,1,0.9999995853421805
O=C(O)CCCc1ccc(N(CCCl)CCCl)cc1,1,c1ccccc1,CC(C)Cc1ccc([C@H](C)C(=O)O)cc1,1,c1ccccc1,0.2423340961098398,1,0.9999977947795499
O=C(O)CCCc1ccc(N(CCCl)CCCl)cc1,1,c1ccccc1,COc1ccc2cc(CCC(C)=O)ccc2c1,1,c1ccc2ccccc2c1,0.23790476190476192,1,0.9999969130164058
CN[C@@H](C)[C@@H](O)c1ccccc1,1,c1ccccc1,C[C@H](N)[C@@H](O)c1ccccc1,1,c1ccccc1,0.5844444444444444,1,0.9966152128761215
CN[C@@H](C)[C@@H](O)c1ccccc1,1,c1ccccc1,COc1cccc(C(=O)CCN[C@@H](C)[C@@H](O)c2ccccc2)c1,1,O=C(CCNCCc1ccccc1)c1ccccc1,0.4245524296675192,1,0.9992013302112895
CN[C@@H](C)[C@@H](O)c1ccccc1,1,c1ccccc1,C[C@H](NCCc1ccc(O)cc1)[C@@H](O)c1ccc(O)cc1,1,c1ccc(CCNCCc2ccccc2)cc1,0.4018796992481203,1,0.9984585379379717
CN[C@@H](C)[C@@H](O)c1ccccc1,1,c1ccccc1,CC(C)N[C@@H](C)[C@@H](O)c1cccc2ccccc12,1,c1ccc2ccccc2c1,0.3936842105263158,1,0.9991061854634223
C=CCc1ccccc1OC[C@@H](O)CNC(C)C,1,c1ccccc1,C=CCOc1ccccc1OC[C@@H](O)CNC(C)C,1,c1ccccc1,0.7196013289036545,1,0.9998222735909996
C=CCc1ccccc1OC[C@@H](O)CNC(C)C,1,c1ccccc1,CC(C)NC[C@H](O)COc1cccc2[nH]ccc12,1,c1ccc2[nH]ccc2c1,0.5123885918003566,1,0.9999880568102641
C=CCc1ccccc1OC[C@@H](O)CNC(C)C,1,c1ccccc1,CC(C)NC[C@H](O)COc1ccc(CC(N)=O)cc1,1,c1ccccc1,0.4820512820512821,1,0.9995310216830289
C=CCc1ccccc1OC[C@@H](O)CNC(C)C,1,c1ccccc1,COCCc1ccc(OC[C@@H](O)CNC(C)C)cc1,1,c1ccccc1,0.4666666666666667,1,0.9996146451429322
C#CCN(C)[C@@H](C)Cc1ccccc1,1,c1ccccc1,C[C@H](N)Cc1ccccc1,1,c1ccccc1,0.4086247086247087,1,0.9996101458537894
C#CCN(C)[C@@H](C)Cc1ccccc1,1,c1ccccc1,CCN(CC)[C@H](C)C(=O)c1ccccc1,1,c1ccccc1,0.2903654485049834,1,0.9979126624460439
C#CCN(C)[C@@H](C)Cc1ccccc1,1,c1ccccc1,CCC(=O)C(C[C@H](C)N(C)C)(c1ccccc1)c1ccccc1,1,c1ccc(Cc2ccccc2)cc1,0.28794326241134754,1,0.998738748758732
C#CCN(C)[C@@H](C)Cc1ccccc1,1,c1ccccc1,CC(C)[C@H]1CC[C@@H](C(=O)N[C@H](Cc2ccccc2)C(=O)O)CC1,1,O=C(NCCc1ccccc1)C1CCCCC1,0.2781512605042017,1,0.999385474921646
NC(N)=NC(=O)Cc1c(Cl)cccc1Cl,1,c1ccccc1,N=C(N)N/N=C/c1c(Cl)cccc1Cl,1,c1ccccc1,0.3182072829131653,1,0.9860883191712516
NC(N)=NC(=O)Cc1c(Cl)cccc1Cl,1,c1ccccc1,O=C(O)Cc1ccccc1Oc1ccc(Cl)cc1Cl,1,c1ccc(Oc2ccccc2)cc1,0.2509183673469388,1,0.9976101290889515
NC(N)=NC(=O)Cc1c(Cl)cccc1Cl,1,c1ccccc1,O=C(O)Cc1ccccc1Nc1ccc(Cl)cc1Cl,1,c1ccc(Nc2ccccc2)cc1,0.2435374149659864,1,0.9993367225038869
NC(N)=NC(=O)Cc1c(Cl)cccc1Cl,1,c1ccccc1,NC(=O)CS(=O)C(c1ccccc1)c1ccccc1,1,c1ccc(Cc2ccccc2)cc1,0.23453136011275547,1,0.9993446927869861
C[C@H](N)Cc1ccccc1,1,c1ccccc1,COc1cccc(C[C@H](C)N)c1,1,c1ccccc1,0.5686520376175549,1,0.9963160446770409
C[C@H](N)Cc1ccccc1,1,c1ccccc1,C[C@H](N)[C@@H](O)c1ccccc1,1,c1ccccc1,0.41428571428571426,1,0.9858894091337842
C[C@H](N)Cc1ccccc1,1,c1ccccc1,C#CCN(C)[C@@H](C)Cc1ccccc1,1,c1ccccc1,0.4086247086247087,1,0.9874024419760513
C[C@H](N)Cc1ccccc1,1,c1ccccc1,Cc1cccc(C)c1OC[C@H](C)N,1,c1ccccc1,0.3930107526881721,1,0.9963160446770409
Cc1cccc(C)c1NC(=O)NCCCNC(C)C,1,c1ccccc1,Cc1cccc(C)c1NC(=O)[C@@H](C)N,1,c1ccccc1,0.46517615176151766,1,0.9867865664107185
Cc1cccc(C)c1NC(=O)NCCCNC(C)C,1,c1ccccc1,CCN(CC)CC(=O)Nc1c(C)cccc1C,1,c1ccccc1,0.396923076923077,1,0.9872135236580821
Cc1cccc(C)c1NC(=O)NCCCNC(C)C,1,c1ccccc1,CCCCNC(=O)NS(=O)(=O)c1ccc(C)cc1,1,c1ccccc1,0.35405128205128206,1,0.9958520407360661
Cc1cccc(C)c1NC(=O)NCCCNC(C)C,1,c1ccccc1,CC(=O)Nc1ccc([C@H](O)CNC(C)C)cc1,1,c1ccccc1,0.32095238095238093,1,0.9885482137329229
N[C@H](CO)C(=O)NNCc1ccc(O)c(O)c1O,1,c1ccccc1,Cc1cccc(C)c1NC(=O)[C@@H](C)N,1,c1ccccc1,0.23812842210054755,1,0.9928328236156588
N[C@H](CO)C(=O)NNCc1ccc(O)c(O)c1O,1,c1ccccc1,CC(C)(C)NC[C@@H](O)c1ccc(O)c(C(=O)O)c1,1,c1ccccc1,0.22042105263157896,1,0.9688462672044782
N[C@H](CO)C(=O)NNCc1ccc(O)c(O)c1O,1,c1ccccc1,CC(=O)Nc1ccc(O)cc1,1,c1ccccc1,0.21641025641025644,1,0.9963143803466015
N[C@H](CO)C(=O)NNCc1ccc(O)c(O)c1O,1,c1ccccc1,C[C@@H](CCc1ccccc1)NC[C@@H](O)c1ccc(O)c(C(N)=O)c1,1,c1ccc(CCCNCCc2ccccc2)cc1,0.2163992869875223,1,0.9825872249459962
CC(C)NC[C@H](O)COc1ccc(COCCOC(C)C)cc1,1,c1ccccc1,COCCc1ccc(OC[C@@H](O)CNC(C)C)cc1,1,c1ccccc1,0.6236170212765958,1,0.9999097874432898
CC(C)NC[C@H](O)COc1ccc(COCCOC(C)C)cc1,1,c1ccccc1,CC(C)NC[C@H](O)COc1ccc(CC(N)=O)cc1,1,c1ccccc1,0.5790940766550523,1,0.9994823936965491
CC(C)NC[C@H](O)COc1ccc(COCCOC(C)C)cc1,1,c1ccccc1,CC(C)NC[C@H](O)COc1ccc(CCOCC2CC2)cc1,1,c1ccc(CCOCC2CC2)cc1,0.5710120068610635,1,0.9999097874432898
CC(C)NC[C@H](O)COc1ccc(COCCOC(C)C)cc1,1,c1ccccc1,CC(C)NC[C@H](O)COc1cccc(NS(C)(=O)=O)c1,1,c1ccccc1,0.44138755980861244,1,0.999664318448056
Cc1cccc(C)c1NC(=O)[C@@H](C)N,1,c1ccccc1,CCN(CC)CC(=O)Nc1c(C)cccc1C,1,c1ccccc1,0.4793233082706767,1,0.9927634444982697
Cc1cccc(C)c1NC(=O)[C@@H](C)N,1,c1ccccc1,Cc1cccc(C)c1NC(=O)NCCCNC(C)C,1,c1ccccc1,0.46517615176151766,1,0.990835698448342
Cc1cccc(C)c1NC(=O)[C@@H](C)N,1,c1ccccc1,Cc1cccc(C)c1OC[C@H](C)N,1,c1ccccc1,0.3610810810810811,1,0.9937982620665433
Cc1cccc(C)c1NC(=O)[C@@H](C)N,1,c1ccccc1,CC(=O)Nc1ccccc1,1,c1ccccc1,0.32457142857142857,1,0.9954608042235537
COc1ccccc1OC[C@H](O)COC(N)=O,1,c1ccccc1,NC(=O)OCC(COC(N)=O)c1ccccc1,1,c1ccccc1,0.4519893899204244,1,0.9994821858183595
COc1ccccc1OC[C@H](O)COC(N)=O,1,c1ccccc1,C=CCOc1ccccc1OC[C@@H](O)CNC(C)C,1,c1ccccc1,0.3935374149659864,1,0.999625609365918
COc1ccccc1OC[C@H](O)COC(N)=O,1,c1ccccc1,C=CCc1ccccc1OC[C@@H](O)CNC(C)C,1,c1ccccc1,0.3663318986131038,1,0.9967226432305138
COc1ccccc1OC[C@H](O)COC(N)=O,1,c1ccccc1,CC(C)NC[C@H](O)COc1ccc(CC(N)=O)cc1,1,c1ccccc1,0.35735294117647065,1,0.9969690633116344
CC(=O)Oc1cc(C(C)C)c(OCCN(C)C)cc1C,1,c1ccccc1,Cc1ccccc1[C@@H](OCCN(C)C)c1ccccc1,1,c1ccc(Cc2ccccc2)cc1,0.305458089668616,1,0.9998922842174335
CC(=O)Oc1cc(C(C)C)c(OCCN(C)C)cc1C,1,c1ccccc1,CCC(=C(c1ccccc1)c1ccc(OCCN(C)C)cc1)c1ccccc1,1,C(=C(c1ccccc1)c1ccccc1)c1ccccc1,0.29920424403183027,1,0.9992506411572089
CC(=O)Oc1cc(C(C)C)c(OCCN(C)C)cc1C,1,c1ccccc1,CCN(C)C(=O)Oc1cccc([C@@H](C)N(C)C)c1,1,c1ccccc1,0.2783898305084746,1,0.9999205134267334
CC(=O)Oc1cc(C(C)C)c(OCCN(C)C)cc1C,1,c1ccccc1,Cc1ccc(C)c(OCCCC(C)(C)C(=O)O)c1,1,c1ccccc1,0.2771929824561403,1,0.9998342031168137
CN(C(=O)C(Cl)Cl)c1ccc(O)cc1,1,c1ccccc1,CC(=O)Nc1ccc(O)cc1,1,c1ccccc1,0.33215686274509804,1,0.9999632712544081
CN(C(=O)C(Cl)Cl)c1ccc(O)cc1,1,c1ccccc1,CCC(=C(CC)c1ccc(O)cc1)c1ccc(O)cc1,1,C(=Cc1ccccc1)c1ccccc1,0.29324618736383445,1,0.9999739474382542
CN(C(=O)C(Cl)Cl)c1ccc(O)cc1,1,c1ccccc1,Nc1ccc(S(=O)(=O)c2ccc(O)cc2)cc1,1,O=S(=O)(c1ccccc1)c1ccccc1,0.2745945945945946,1,0.9999956067163467
CN(C(=O)C(Cl)Cl)c1ccc(O)cc1,1,c1ccccc1,CCC(=O)C(C[C@H](C)N(C)C)(c1ccccc1)c1ccccc1,1,c1ccc(Cc2ccccc2)cc1,0.24130434782608695,1,0.9999425449922296
CCC(=O)C(=O)c1ccc(OCC(=O)O)c(Cl)c1Cl,1,c1ccccc1,O=C(O)Cc1ccccc1Oc1ccc(Cl)cc1Cl,1,c1ccc(Oc2ccccc2)cc1,0.28243186582809227,1,0.9998943703384074
CCC(=O)C(=O)c1ccc(OCC(=O)O)c(Cl)c1Cl,1,c1ccccc1,Cc1ccc(Cl)c(Nc2ccccc2C(=O)O)c1Cl,1,c1ccc(Nc2ccccc2)cc1,0.2684636118598383,1,0.9999707322809718
CCC(=O)C(=O)c1ccc(OCC(=O)O)c(Cl)c1Cl,1,c1ccccc1,Cc1ccc(C)c(OCCCC(C)(C)C(=O)O)c1,1,c1ccccc1,0.25925925925925924,1,0.9991341776371245
CCC(=O)C(=O)c1ccc(OCC(=O)O)c(Cl)c1Cl,1,c1ccccc1,CCCN(CCC)S(=O)(=O)c1ccc(C(=O)O)cc1,1,c1ccccc1,0.2510909090909091,1,0.9997703606612787
NC(=O)OCC(COC(N)=O)c1ccccc1,1,c1ccccc1,COc1ccccc1OC[C@H](O)COC(N)=O,1,c1ccccc1,0.4519893899204244,1,0.9964381247211095
NC(=O)OCC(COC(N)=O)c1ccccc1,1,c1ccccc1,NC(=O)CS(=O)C(c1ccccc1)c1ccccc1,1,c1ccc(Cc2ccccc2)cc1,0.4397883597883598,1,0.9988123249497965
NC(=O)OCC(COC(N)=O)c1ccccc1,1,c1ccccc1,C[C@H](N)[C@@H](O)c1ccccc1,1,c1ccccc1,0.3337662337662338,1,0.9796398669422713
NC(=O)OCC(COC(N)=O)c1ccccc1,1,c1ccccc1,C[C@H](C(=O)O)c1cccc(Oc2ccccc2)c1,1,c1ccc(Oc2ccccc2)cc1,0.3099085365853659,1,0.9948602414033179
CC(C)C(=O)Nc1ccc([N+](=O)[O-])c(C(F)(F)F)c1,1,c1ccccc1,C[C@@](O)(CS(=O)(=O)c1ccc(F)cc1)C(=O)Nc1ccc(C#N)c(C(F)(F)F)c1,1,O=C(CCS(=O)(=O)c1ccccc1)Nc1ccccc1,0.34676923076923083,1,0.9999687902370243
CC(C)C(=O)Nc1ccc([N+](=O)[O-])c(C(F)(F)F)c1,1,c1ccccc1,Cc1cccc(C)c1NC(=O)[C@@H](C)N,1,c1ccccc1,0.2665365853658537,1,0.9968026445382681
CC(C)C(=O)Nc1ccc([N+](=O)[O-])c(C(F)(F)F)c1,1,c1ccccc1,O=C(N[C@H](CO)[C@@H](O)c1ccc([N+](=O)[O-])cc1)C(Cl)Cl,1,c1ccccc1,0.26374355195283716,1,0.9944518692489603
CC(C)C(=O)Nc1ccc([N+](=O)[O-])c(C(F)(F)F)c1,1,c1ccccc1,CC(=O)Nc1ccc(O)cc1,1,c1ccccc1,0.26157461809635724,1,0.9987538973746631
COCCCC/C(=N\OCCN)c1ccc(C(F)(F)F)cc1,1,c1ccccc1,CNCC[C@@H](Oc1ccc(C(F)(F)F)cc1)c1ccccc1,1,c1ccc(COc2ccccc2)cc1,0.2415147265077139,1,0.9992449045501436
COCCCC/C(=N\OCCN)c1ccc(C(F)(F)F)cc1,1,c1ccccc1,CCNC[C@H](C)c1cccc(C(F)(F)F)c1,1,c1ccccc1,0.20140515222482436,1,0.9975626396325945
COCCCC/C(=N\OCCN)c1ccc(C(F)(F)F)cc1,1,c1ccccc1,CN1CCN(CCCN2c3ccccc3Sc3ccc(C(F)(F)F)cc32)CC1,1,c1ccc2c(c1)Sc1ccccc1N2CCCN1CCNCC1,0.19647887323943664,1,0.9999312042901408
COCCCC/C(=N\OCCN)c1ccc(C(F)(F)F)cc1,1,c1ccccc1,NNC(=O)c1ccncc1,1,c1ccncc1,0.18294970161977836,1,0.9997180620964049
CC(C)(C)NC[C@@H](O)c1cc(O)cc(O)c1,1,c1ccccc1,CC(C)NC[C@@H](O)c1cc(O)cc(O)c1,1,c1ccccc1,0.627,1,0.9991591419344815
CC(C)(C)NC[C@@H](O)c1cc(O)cc(O)c1,1,c1ccccc1,CC(C)(C)NC[C@@H](O)c1ccc(O)c(C(=O)O)c1,1,c1ccccc1,0.5285714285714286,1,0.9984912406117171
CC(C)(C)NC[C@@H](O)c1cc(O)cc(O)c1,1,c1ccccc1,CC(C)(C)NC[C@@H](O)c1ccc(O)c(CO)n1,1,c1ccncc1,0.4369747899159664,1,0.9999231943391488
CC(C)(C)NC[C@@H](O)c1cc(O)cc(O)c1,1,c1ccccc1,C[C@@H](Cc1ccc(O)cc1)N[C@@H](O)Cc1cc(O)cc(O)c1,1,c1ccc(CCNCCc2ccccc2)cc1,0.3267089499647639,1,0.9985770025101482
O=[P@@]1(N(CCCl)CCCl)OCCCN1CCCl,1,O=[PH]1NCCCO1,O=C(O)CCCc1ccc(N(CCCl)CCCl)cc1,1,c1ccccc1,0.17748592870544092,1,0.999999017406665
O=[P@@]1(N(CCCl)CCCl)OCCCN1CCCl,1,O=[PH]1NCCCO1,C[C@H](CN1CCOCC1)C(C(=O)N1CCCC1)(c1ccccc1)c1ccccc1,1,O=C(N1CCCC1)C(CCN1CCOCC1)(c1ccccc1)c1ccccc1,0.1465873015873016,1,0.9999994332575722
O=[P@@]1(N(CCCl)CCCl)OCCCN1CCCl,1,O=[PH]1NCCCO1,CCN(CC)CCOC(=O)C1(C2CCCCC2)CCCCC1,1,C1CCC(C2CCCCC2)CC1,0.1342971086739781,1,0.9999865216632464
O=[P@@]1(N(CCCl)CCCl)OCCCN1CCCl,1,O=[PH]1NCCCO1,CCCC(CCC)CCC[C@@H]1COCCN1CCO,1,C1COCCN1,0.13081269013472405,1,0.9999951287791231
CN1CCC(=C2c3ccccc3CC(=O)c3sccc32)CC1,1,O=C1Cc2ccccc2C(=C2CCNCC2)c2ccsc21,CN1CCC(=C2c3ccccc3CCc3sccc32)CC1,1,c1ccc2c(c1)CCc1sccc1C2=C1CCNCC1,0.6504093567251463,1,0.9980948307491413
CN1CCC(=C2c3ccccc3CC(=O)c3sccc32)CC1,1,O=C1Cc2ccccc2C(=C2CCNCC2)c2ccsc21,CN1CCC(=C2c3ccccc3C=Cc3ccccc32)CC1,1,C1=Cc2ccccc2C(=C2CCNCC2)c2ccccc21,0.4733333333333334,1,0.928554721610444
CN1CCC(=C2c3ccccc3CC(=O)c3sccc32)CC1,1,O=C1Cc2ccccc2C(=C2CCNCC2)c2ccsc21,CN1CCN2c3ccccc3Cc3ccccc3[C@H]2C1,1,c1ccc2c(c1)Cc1ccccc1N1CCNCC21,0.2635875402792696,1,0.9950890330812858
CN1CCC(=C2c3ccccc3CC(=O)c3sccc32)CC1,1,O=C1Cc2ccccc2C(=C2CCNCC2)c2ccsc21,CN(C)CCC=C1c2ccccc2CCc2ccccc21,1,C=C1c2ccccc2CCc2ccccc21,0.24947735191637632,1,0.9769699424739501
C[C@@H](CCc1ccccc1)NC[C@@H](O)c1ccc(O)c(C(N)=O)c1,1,c1ccc(CCCNCCc2ccccc2)cc1,CC(C)(C)NC[C@@H](O)c1ccc(O)c(C(=O)O)c1,1,c1ccccc1,0.44874274661508706,1,0.9951327074674173
C[C@@H](CCc1ccccc1)NC[C@@H](O)c1ccc(O)c(C(N)=O)c1,1,c1ccc(CCCNCCc2ccccc2)cc1,CC(=O)Nc1ccc([C@H](O)CNC(C)C)cc1,1,c1ccccc1,0.35968992248062015,1,0.992327099310144
C[C@@H](CCc1ccccc1)NC[C@@H](O)c1ccc(O)c(C(N)=O)c1,1,c1ccc(CCCNCCc2ccccc2)cc1,CC(C)NC[C@@H](O)c1cc(O)cc(O)c1,1,c1ccccc1,0.34891146589259797,1,0.9962146139731644
C[C@@H](CCc1ccccc1)NC[C@@H](O)c1ccc(O)c(C(N)=O)c1,1,c1ccc(CCCNCCc2ccccc2)cc1,C[C@H](NCCc1ccc(O)cc1)[C@@H](O)c1ccc(O)cc1,1,c1ccc(CCNCCc2ccccc2)cc1,0.33448275862068966,1,0.9978827109071433
COc1ccccc1OCCNC[C@@H](O)OCc1cccc2[nH]c3ccccc3c12,1,c1ccc(OCCNCCOCc2cccc3[nH]c4ccccc4c23)cc1,CC(C)NC[C@H](O)COc1cccc2[nH]ccc12,1,c1ccc2[nH]ccc2c1,0.30493506493506495,1,0.9997107356166106
COc1ccccc1OCCNC[C@@H](O)OCc1cccc2[nH]c3ccccc3c12,1,c1ccc(OCCNCCOCc2cccc3[nH]c4ccccc4c23)cc1,COc1ccccc1OC[C@H](O)COC(N)=O,1,c1ccccc1,0.3041666666666667,1,0.9993431571430326
COc1ccccc1OCCNC[C@@H](O)OCc1cccc2[nH]c3ccccc3c12,1,c1ccc(OCCNCCOCc2cccc3[nH]c4ccccc4c23)cc1,CNCCCCOc1ccccc1Cc1ccccc1,1,c1ccc(Cc2ccccc2)cc1,0.27076923076923076,1,0.9976154801736782
COc1ccccc1OCCNC[C@@H](O)OCc1cccc2[nH]c3ccccc3c12,1,c1ccc(OCCNCCOCc2cccc3[nH]c4ccccc4c23)cc1,C=CCc1ccccc1OC[C@@H](O)CNC(C)C,1,c1ccccc1,0.2682714468629962,1,0.9878549593508231
CCC1(c2ccccc2)C(=O)NC(=O)NC1=O,1,O=C1NC(=O)C(c2ccccc2)C(=O)N1,CCC1(c2ccccc2)C(=O)NCNC1=O,1,O=C1NCNC(=O)C1c1ccccc1,0.6919354838709677,1,0.9984282427680068
CCC1(c2ccccc2)C(=O)NC(=O)NC1=O,1,O=C1NC(=O)C(c2ccccc2)C(=O)N1,O=C1NNC(=O)C1(c1ccccc1)c1ccccc1,1,O=C1NNC(=O)C1(c1ccccc1)c1ccccc1,0.40955794504181603,1,0.9997277312272702
CCC1(c2ccccc2)C(=O)NC(=O)NC1=O,1,O=C1NC(=O)C(c2ccccc2)C(=O)N1,CCN(CC)CC[C@]1(c2ccccc2)CCC(=O)NC1=O,1,O=C1CCC(c2ccccc2)C(=O)N1,0.3814141414141414,1,0.9924281951407431
CCC1(c2ccccc2)C(=O)NC(=O)NC1=O,1,O=C1NC(=O)C(c2ccccc2)C(=O)N1,CC[C@@]1(c2ccc(N)cc2)CCC(=O)NC1=O,1,O=C1CCC(c2ccccc2)C(=O)N1,0.3395894428152493,1,0.9926514581617306
O=C(NC[C@@H]1CCCCN1)c1cc(OCC(F)(F)F)ccc1OCC(F)(F)F,1,O=C(NCC1CCCCN1)c1ccccc1,CCN1CC[C@H](CNC(=O)c2cc(S(N)(=O)=O)ccc2OC)C1,1,O=C(NCC1CCNC1)c1ccccc1,0.2986101617680565,1,0.996508092641802
O=C(NC[C@@H]1CCCCN1)c1cc(OCC(F)(F)F)ccc1OCC(F)(F)F,1,O=C(NCC1CCCCN1)c1ccccc1,COC(=O)[C@H](c1ccccc1)[C@@H]1CCCCN1,1,c1ccc(CC2CCCCN2)cc1,0.281592039800995,1,0.9993036784428878
O=C(NC[C@@H]1CCCCN1)c1cc(OCC(F)(F)F)ccc1OCC(F)(F)F,1,O=C(NCC1CCCCN1)c1ccccc1,COc1cc(N)c(Cl)cc1C(=O)N[C@@H]1CCN(CCCOc2ccc(F)cc2)C[C@@H]1OC,1,O=C(NC1CCN(CCCOc2ccccc2)CC1)c1ccccc1,0.24414715719063546,1,0.9997075702317519
O=C(NC[C@@H]1CCCCN1)c1cc(OCC(F)(F)F)ccc1OCC(F)(F)F,1,O=C(NCC1CCCCN1)c1ccccc1,Oc1ccc([C@H](O)[C@@H]2CCCCN2)cc1O,1,c1ccc(CC2CCCCN2)cc1,0.24175824175824176,1,0.9974907045333645
CNCC[C@@H](Oc1ccc(C(F)(F)F)cc1)c1ccccc1,1,c1ccc(COc2ccccc2)cc1,CCNC[C@H](C)c1cccc(C(F)(F)F)c1,1,c1ccccc1,0.32393162393162395,1,0.9992458780009006
CNCC[C@@H](Oc1ccc(C(F)(F)F)cc1)c1ccccc1,1,c1ccc(COc2ccccc2)cc1,CNCCCCOc1ccccc1Cc1ccccc1,1,c1ccc(Cc2ccccc2)cc1,0.30079443892750746,1,0.9980581197056406
CNCC[C@@H](Oc1ccc(C(F)(F)F)cc1)c1ccccc1,1,c1ccc(COc2ccccc2)cc1,CNCCC=C1c2ccccc2CCc2ccccc21,1,C=C1c2ccccc2CCc2ccccc21,0.2702702702702703,1,0.9991405124774788
CNCC[C@@H](Oc1ccc(C(F)(F)F)cc1)c1ccccc1,1,c1ccc(COc2ccccc2)cc1,COc1cccc(C(=O)CCN[C@@H](C)[C@@H](O)c2ccccc2)c1,1,O=C(CCNCCc1ccccc1)c1ccccc1,0.26022727272727275,1,0.9933160631735993
CCC[C@@H](N[C@H](C)C(=O)N1[C@H](C(=O)O)C[C@@H]2CCCC[C@@H]21)C(=O)OCC,1,C1CCC2NCCC2C1,CCOC(=O)[C@@H](CCc1ccccc1)N[C@H](C)C(=O)N1[C@H](C(=O)O)C[C@@H]2CCCC[C@@H]21,1,O=C(CNCCCc1ccccc1)N1CCC2CCCCC21,0.7826900584795322,1,0.9923974565724759
CCC[C@@H](N[C@H](C)C(=O)N1[C@H](C(=O)O)C[C@@H]2CCCC[C@@H]21)C(=O)OCC,1,C1CCC2NCCC2C1,CCOC(=O)[C@@H](CCc1ccccc1)N[C@H](C)C(=O)N1[C@H](C(=O)O)C[C@@H]2CCC[C@@H]21,1,O=C(CNCCCc1ccccc1)N1CCC2CCCC21,0.758007662835249,1,0.9757530055764663
CCC[C@@H](N[C@H](C)C(=O)N1[C@H](C(=O)O)C[C@@H]2CCCC[C@@H]21)C(=O)OCC,1,C1CCC2NCCC2C1,CCOC(=O)[C@H](CCc1ccccc1)N[C@@H]1CCCN2CCC[C@@H](C(=O)O)N2C1=O,1,O=C1C(NCCCc2ccccc2)CCCN2CCCCN12,0.36824242424242426,1,0.9941391299666299
CCC[C@@H](N[C@H](C)C(=O)N1[C@H](C(=O)O)C[C@@H]2CCCC[C@@H]21)C(=O)OCC,1,C1CCC2NCCC2C1,CCOC(=O)C1=C[C@H](OC(CC)CC)[C@H](NC(C)=O)[C@@H](N)C1,1,C1=CCCCC1,0.22251851851851853,1,0.865359353433775
C[C@H]1COc2c(N3CCN(C)CC3)c(F)cc3c(=O)c(C(=O)O)cn1c23,1,O=c1ccn2c3c(c(N4CCNCC4)ccc13)OCC2,CCn1nc(C(=O)O)c(=O)c2cc3c(cc21)OCO3,1,O=c1cn[nH]c2cc3c(cc12)OCO3,0.23011583011583012,1,0.9998210661140466
C[C@H]1COc2c(N3CCN(C)CC3)c(F)cc3c(=O)c(C(=O)O)cn1c23,1,O=c1ccn2c3c(c(N4CCNCC4)ccc13)OCC2,COc1c2c(cc(F)c1N1C[C@@H]3CCCN[C@@H]3C1)C(=O)C(C(=O)O)=C[C@@H]2NC1CC1,1,O=C1C=CC(NC2CC2)c2cc(N3CC4CCCNC4C3)ccc21,0.20444444444444448,1,0.9988871650108322
C[C@H]1COc2c(N3CCN(C)CC3)c(F)cc3c(=O)c(C(=O)O)cn1c23,1,O=c1ccn2c3c(c(N4CCNCC4)ccc13)OCC2,CC(=O)NC[C@H]1CN(c2ccc(N3CCOCC3)c(F)c2)C(=O)O1,1,O=C1OCCN1c1ccc(N2CCOCC2)cc1,0.20134138162307177,1,0.9999160783085883
C[C@H]1COc2c(N3CCN(C)CC3)c(F)cc3c(=O)c(C(=O)O)cn1c23,1,O=c1ccn2c3c(c(N4CCNCC4)ccc13)OCC2,COc1cc2nc(N3CCN(C(=O)[C@@H]4COc5ccccc5O4)CC3)nc(N)c2cc1OC,1,O=C(C1COc2ccccc2O1)N1CCN(c2ncc3ccccc3n2)CC1,0.1946666666666667,1,0.9999421361775412
O=c1[nH]c2ccccc2n1CCCN1CCC(Nn2c(=O)[nH]c3cc(Cl)ccc32)CC1,1,O=c1[nH]c2ccccc2n1CCCN1CCC(Nn2c(=O)[nH]c3ccccc32)CC1,O=c1[nH]c2ccccc2n1CCCN1CCN(C(c2ccccc2)c2ccccc2)CC1,1,O=c1[nH]c2ccccc2n1CCCN1CCN(C(c2ccccc2)c2ccccc2)CC1,0.49903846153846154,1,0.9999251617810727
O=c1[nH]c2ccccc2n1CCCN1CCC(Nn2c(=O)[nH]c3cc(Cl)ccc32)CC1,1,O=c1[nH]c2ccccc2n1CCCN1CCC(Nn2c(=O)[nH]c3ccccc32)CC1,O=c1[nH]c2ccccc2n1C1CCN(CCC(c2ccc(F)cc2)c2ccc(F)cc2)CC1,1,O=c1[nH]c2ccccc2n1C1CCN(CCC(c2ccccc2)c2ccccc2)CC1,0.4049813200498132,1,0.9999684309089271
O=c1[nH]c2ccccc2n1CCCN1CCC(Nn2c(=O)[nH]c3cc(Cl)ccc32)CC1,1,O=c1[nH]c2ccccc2n1CCCN1CCC(Nn2c(=O)[nH]c3ccccc32)CC1,OCCN1CCN(CCCN2c3ccccc3Sc3ccc(Cl)cc32)CC1,1,c1ccc2c(c1)Sc1ccccc1N2CCCN1CCNCC1,0.2786399302528335,1,0.9999306332760507
O=c1[nH]c2ccccc2n1CCCN1CCC(Nn2c(=O)[nH]c3cc(Cl)ccc32)CC1,1,O=c1[nH]c2ccccc2n1CCCN1CCC(Nn2c(=O)[nH]c3ccccc32)CC1,CCc1nn(CCCN2CCN(c3cccc(Cl)c3)CC2)c(=O)n1CCOc1ccccc1,1,O=c1n(CCOc2ccccc2)cnn1CCCN1CCN(c2ccccc2)CC1,0.2743513957307061,1,0.9999614282587925
Nc1c2c(nc3ccccc13)CCCC2,1,c1ccc2nc3c(cc2c1)CCCC3,Nc1ccc(/N=N/c2ccccc2)c(N)n1,1,c1ccc(N=Nc2cccnc2)cc1,0.21866028708133972,1,0.999699055730124
Nc1c2c(nc3ccccc13)CCCC2,1,c1ccc2nc3c(cc2c1)CCCC3,NNc1nncc2ccccc12,1,c1ccc2cnncc2c1,0.21681574239713775,1,0.9992996108567097
Nc1c2c(nc3ccccc13)CCCC2,1,c1ccc2nc3c(cc2c1)CCCC3,NS(=O)(=O)Cc1noc2ccccc12,1,c1ccc2oncc2c1,0.2044735406437534,1,0.9992426989893318
Nc1c2c(nc3ccccc13)CCCC2,1,c1ccc2nc3c(cc2c1)CCCC3,Cn1c2c(c3ccccc31)C(=O)[C@@H](Cn1ccnc1)CC2,1,O=C1c2c([nH]c3ccccc23)CCC1Cn1ccnc1,0.20090702947845807,1,0.9999368912198031
Cc1cccc(Nc2ccccc2C(=O)O)c1C,1,c1ccc(Nc2ccccc2)cc1,Cc1ccc(Cl)c(Nc2ccccc2C(=O)O)c1Cl,1,c1ccc(Nc2ccccc2)cc1,0.5645624103299858,1,0.9966089539805422
Cc1cccc(Nc2ccccc2C(=O)O)c1C,1,c1ccc(Nc2ccccc2)cc1,CC(=O)Oc1ccccc1C(=O)O,1,c1ccccc1,0.3614652014652015,1,0.9879779978622394
Cc1cccc(Nc2ccccc2C(=O)O)c1C,1,c1ccc(Nc2ccccc2)cc1,O=C(Oc1ccccc1C(=O)O)c1ccccc1O,1,O=C(Oc1ccccc1)c1ccccc1,0.318783542039356,1,0.9956511168590144
Cc1cccc(Nc2ccccc2C(=O)O)c1C,1,c1ccc(Nc2ccccc2)cc1,O=C(O)Cc1ccccc1Nc1ccc(Cl)cc1Cl,1,c1ccc(Nc2ccccc2)cc1,0.31575091575091574,1,0.9966089539805422
O=C(O)Cc1ccccc1Nc1ccc(Cl)cc1Cl,1,c1ccc(Nc2ccccc2)cc1,O=C(O)Cc1ccccc1Oc1ccc(Cl)cc1Cl,1,c1ccc(Oc2ccccc2)cc1,0.5468899521531101,1,0.9980989963538389
O=C(O)Cc1ccccc1Nc1ccc(Cl)cc1Cl,1,c1ccc(Nc2ccccc2)cc1,Cc1ccc(Cl)c(Nc2ccccc2C(=O)O)c1Cl,1,c1ccc(Nc2ccccc2)cc1,0.35115384615384615,1,0.9987312418831514
O=C(O)Cc1ccccc1Nc1ccc(Cl)cc1Cl,1,c1ccc(Nc2ccccc2)cc1,Cc1cc(CC(=O)O)n(C)c1C(=O)c1ccc(Cl)cc1,1,O=C(c1ccccc1)c1ccc[nH]1,0.31703703703703706,1,0.981831483986091
O=C(O)Cc1ccccc1Nc1ccc(Cl)cc1Cl,1,c1ccc(Nc2ccccc2)cc1,Cc1cccc(Nc2ccccc2C(=O)O)c1C,1,c1ccc(Nc2ccccc2)cc1,0.31575091575091574,1,0.9984914576643562
Cc1ccc(Cl)c(Nc2ccccc2C(=O)O)c1Cl,1,c1ccc(Nc2ccccc2)cc1,Cc1cccc(Nc2ccccc2C(=O)O)c1C,1,c1ccc(Nc2ccccc2)cc1,0.5645624103299858,1,0.9984914576643562
Cc1ccc(Cl)c(Nc2ccccc2C(=O)O)c1Cl,1,c1ccc(Nc2ccccc2)cc1,O=C(O)Cc1ccccc1Nc1ccc(Cl)cc1Cl,1,c1ccc(Nc2ccccc2)cc1,0.35115384615384615,1,0.9987312418831514
Cc1ccc(Cl)c(Nc2ccccc2C(=O)O)c1Cl,1,c1ccc(Nc2ccccc2)cc1,CC(=O)Oc1ccccc1C(=O)O,1,c1ccccc1,0.3263403263403264,1,0.9955001668852032
Cc1ccc(Cl)c(Nc2ccccc2C(=O)O)c1Cl,1,c1ccc(Nc2ccccc2)cc1,O=C(Oc1ccccc1C(=O)O)c1ccccc1O,1,O=C(Oc1ccccc1)c1ccccc1,0.29108527131782946,1,0.998380085828378
CN(C)CCC[C@@H]1c2ccccc2COc2ccccc21,1,c1ccc2c(c1)COc1ccccc1C2,CN(C)CCC=C1c2ccccc2CCc2ccccc21,1,C=C1c2ccccc2CCc2ccccc21,0.34444444444444444,1,0.999581469917647
CN(C)CCC[C@@H]1c2ccccc2COc2ccccc21,1,c1ccc2c(c1)COc1ccccc1C2,CNCCCC1c2ccccc2C=Cc2ccccc21,1,C1=Cc2ccccc2Cc2ccccc21,0.3078947368421053,1,0.9999127620137352
CN(C)CCC[C@@H]1c2ccccc2COc2ccccc21,1,c1ccc2c(c1)COc1ccccc1C2,CN(C)CCC[C@@]1(c2ccc(F)cc2)OCc2cc(C#N)ccc21,1,c1ccc(C2OCc3ccccc32)cc1,0.2635046113306983,1,0.9997496372023494
CN(C)CCC[C@@H]1c2ccccc2COc2ccccc21,1,c1ccc2c(c1)COc1ccccc1C2,CN(C)CC[C@H](c1ccccc1)c1ccccn1,1,c1ccc(Cc2ccccn2)cc1,0.25113207547169814,1,0.9999314531689439
CCCCc1nc(Cl)c(CO)n1Cc1ccc(-c2ccccc2-c2nnn[nH]2)cc1,1,c1ccc(-c2nnn[nH]2)c(-c2ccc(Cn3ccnc3)cc2)c1,CCCCC(=O)N(Cc1ccc(-c2ccccc2-c2nnn[nH]2)cc1)[C@H](C(=O)O)C(C)C,1,c1ccc(-c2ccccc2-c2nnn[nH]2)cc1,0.4368484848484849,1,0.9992184356073285
CCCCc1nc(Cl)c(CO)n1Cc1ccc(-c2ccccc2-c2nnn[nH]2)cc1,1,c1ccc(-c2nnn[nH]2)c(-c2ccc(Cn3ccnc3)cc2)c1,CCCc1nc2c(n1Cc1ccc(-c3ccccc3C(=O)O)cc1)=C[C@H](c1nc3ccccc3n1C)CC=2C,1,C1=c2ncn(Cc3ccc(-c4ccccc4)cc3)c2=CC(c2nc3ccccc3[nH]2)C1,0.29865384615384616,1,0.9998487026965369
CCCCc1nc(Cl)c(CO)n1Cc1ccc(-c2ccccc2-c2nnn[nH]2)cc1,1,c1ccc(-c2nnn[nH]2)c(-c2ccc(Cn3ccnc3)cc2)c1,COc1ccc(CCN2CCC(Nc3nc4ccccc4n3Cc3ccc(F)cc3)CC2)cc1,1,c1ccc(CCN2CCC(Nc3nc4ccccc4n3Cc3ccccc3)CC2)cc1,0.1883324160704458,1,0.9998331403952512
CCCCc1nc(Cl)c(CO)n1Cc1ccc(-c2ccccc2-c2nnn[nH]2)cc1,1,c1ccc(-c2nnn[nH]2)c(-c2ccc(Cn3ccnc3)cc2)c1,CCc1nn(CCCN2CCN(c3cccc(Cl)c3)CC2)c(=O)n1CCOc1ccccc1,1,O=c1n(CCOc2ccccc2)cnn1CCCN1CCN(c2ccccc2)CC1,0.17794387621295568,1,0.9999233866989568
CCO[C@H](Cc1ccc(OCCc2ccc(OS(C)(=O)=O)cc2)cc1)C(=O)O,1,c1ccc(CCOc2ccccc2)cc1,COCCc1ccc(OC[C@@H](O)CNC(C)C)cc1,1,c1ccccc1,0.3143264433357092,1,0.9960845160003166
CCO[C@H](Cc1ccc(OCCc2ccc(OS(C)(=O)=O)cc2)cc1)C(=O)O,1,c1ccc(CCOc2ccccc2)cc1,CC(C)Cc1ccc([C@H](C)C(=O)O)cc1,1,c1ccccc1,0.29820996613449446,1,0.9995176084224864
CCO[C@H](Cc1ccc(OCCc2ccc(OS(C)(=O)=O)cc2)cc1)C(=O)O,1,c1ccc(CCOc2ccccc2)cc1,CC(C)NC[C@H](O)COc1ccc(CCOCC2CC2)cc1,1,c1ccc(CCOCC2CC2)cc1,0.2784313725490196,1,0.9960845160003166
CCO[C@H](Cc1ccc(OCCc2ccc(OS(C)(=O)=O)cc2)cc1)C(=O)O,1,c1ccc(CCOc2ccccc2)cc1,CC(C)(Oc1ccc(CCNC(=O)c2ccccc2)cc1)C(=O)O,1,O=C(NCCc1ccccc1)c1ccccc1,0.27692307692307694,1,0.9984343624326737
CCN(C(C)=O)c1cccc(-c2ccnc3c(C#N)cnn23)c1,1,c1ccc(-c2ccnc3ccnn23)cc1,Cc1[nH]c(=O)c(C#N)cc1-c1ccncc1,1,O=c1ccc(-c2ccncc2)c[nH]1,0.2248934356351236,1,0.9999579031780104
CCN(C(C)=O)c1cccc(-c2ccnc3c(C#N)cnn23)c1,1,c1ccc(-c2ccnc3ccnn23)cc1,CCN(C)C(=O)Oc1cccc([C@@H](C)N(C)C)c1,1,c1ccccc1,0.19493409149651075,1,0.9969977524177723
CCN(C(C)=O)c1cccc(-c2ccnc3c(C#N)cnn23)c1,1,c1ccc(-c2ccnc3ccnn23)cc1,CCCc1cc(C(N)=S)ccn1,1,c1ccncc1,0.19226317392628695,1,0.9999150190071818
CCN(C(C)=O)c1cccc(-c2ccnc3c(C#N)cnn23)c1,1,c1ccc(-c2ccnc3ccnn23)cc1,CCc1cc(C(N)=S)ccn1,1,c1ccncc1,0.1912878787878788,1,0.9999150190071818
Cc1ccc(S(=O)(=O)NC(=O)NN2C[C@H]3CCC[C@H]3C2)cc1,1,O=C(NN1CC2CCCC2C1)NS(=O)(=O)c1ccccc1,CCCCNC(=O)NS(=O)(=O)c1ccc(C)cc1,1,c1ccccc1,0.4725490196078432,1,0.9952704732573429
Cc1ccc(S(=O)(=O)NC(=O)NN2C[C@H]3CCC[C@H]3C2)cc1,1,O=C(NN1CC2CCCC2C1)NS(=O)(=O)c1ccccc1,CCCNC(=O)NS(=O)(=O)c1ccc(Cl)cc1,1,c1ccccc1,0.35927601809954757,1,0.9970186798422411
Cc1ccc(S(=O)(=O)NC(=O)NN2C[C@H]3CCC[C@H]3C2)cc1,1,O=C(NN1CC2CCCC2C1)NS(=O)(=O)c1ccccc1,Cc1cnc(C(=O)NCCc2ccc(S(=O)(=O)NC(=O)NC3CCCCC3)cc2)cn1,1,O=C(NC1CCCCC1)NS(=O)(=O)c1ccc(CCNC(=O)c2cnccn2)cc1,0.3440146207736826,1,0.999070591597581
Cc1ccc(S(=O)(=O)NC(=O)NN2C[C@H]3CCC[C@H]3C2)cc1,1,O=C(NN1CC2CCCC2C1)NS(=O)(=O)c1ccccc1,CCC1=C(C)CN(C(=O)NCCc2ccc(S(=O)(=O)NC(=O)N[C@H]3CC[C@H](C)CC3)cc2)C1=O,1,O=C(NC1CCCCC1)NS(=O)(=O)c1ccc(CCNC(=O)N2CC=CC2=O)cc1,0.3187214611872146,1,0.9993213417474088
NC(=O)N1C(=O)[C@@H](C(=O)c2cccs2)c2cc(Cl)ccc21,1,O=C1Nc2ccccc2C1C(=O)c1cccs1,CN1C(=O)[C@@H](O)N=C(c2ccccc2)c2cc(Cl)ccc21,1,O=C1CN=C(c2ccccc2)c2ccccc2N1,0.2896235679214403,1,0.9997646249122393
NC(=O)N1C(=O)[C@@H](C(=O)c2cccs2)c2cc(Cl)ccc21,1,O=C1Nc2ccccc2C1C(=O)c1cccs1,CN1C(=O)[C@@H](O)N=C(c2ccccc2Cl)c2cc(Cl)ccc21,1,O=C1CN=C(c2ccccc2)c2ccccc2N1,0.28484848484848485,1,0.9998758664300477
NC(=O)N1C(=O)[C@@H](C(=O)c2cccs2)c2cc(Cl)ccc21,1,O=C1Nc2ccccc2C1C(=O)c1cccs1,CN(C)C(=O)O[C@@H]1N=C(c2ccccc2)c2cc(Cl)ccc2N(C)C1=O,1,O=C1CN=C(c2ccccc2)c2ccccc2N1,0.2709642761214075,1,0.9999370753041701
NC(=O)N1C(=O)[C@@H](C(=O)c2cccs2)c2cc(Cl)ccc21,1,O=C1Nc2ccccc2C1C(=O)c1cccs1,CN1C(=O)CC(=O)N(c2ccccc2)c2cc(Cl)ccc21,1,O=C1CC(=O)N(c2ccccc2)c2ccccc2N1,0.2615873015873016,1,0.999339779768773
CN(C)[C@H]1C(O)=C(C(N)=O)C(=O)[C@@]2(O)C(=O)C3=C(O)c4c(O)cccc4[C@@](C)(O)[C@@H]3[C@H](O)[C@@H]12,1,O=C1C=CCC2CC3Cc4ccccc4C=C3C(=O)C12,O=C1OC2(c3ccc(O)cc3Oc3cc(O)ccc32)c2ccccc21,1,O=C1OC2(c3ccccc3Oc3ccccc32)c2ccccc21,0.18349425287356325,1,0.9959744525567936
CN(C)[C@H]1C(O)=C(C(N)=O)C(=O)[C@@]2(O)C(=O)C3=C(O)c4c(O)cccc4[C@@](C)(O)[C@@H]3[C@H](O)[C@@H]12,1,O=C1C=CCC2CC3Cc4ccccc4C=C3C(=O)C12,CC(C)=CCN1CC[C@]2(C)c3cc(O)ccc3C[C@@H]1[C@H]2C,1,c1ccc2c(c1)CC1CC2CCN1,0.17938375350140057,1,0.9897110153590476
CN(C)[C@H]1C(O)=C(C(N)=O)C(=O)[C@@]2(O)C(=O)C3=C(O)c4c(O)cccc4[C@@](C)(O)[C@@H]3[C@H](O)[C@@H]12,1,O=C1C=CCC2CC3Cc4ccccc4C=C3C(=O)C12,CCCC(=O)[C@]1(c2ccccc2)CCC=C[C@@H]1N(C)C,1,C1=CCC(c2ccccc2)CC1,0.1785534062237174,1,0.9992818367895363
CN(C)[C@H]1C(O)=C(C(N)=O)C(=O)[C@@]2(O)C(=O)C3=C(O)c4c(O)cccc4[C@@](C)(O)[C@@H]3[C@H](O)[C@@H]12,1,O=C1C=CCC2CC3Cc4ccccc4C=C3C(=O)C12,CN(C(=O)C(Cl)Cl)c1ccc(O)cc1,1,c1ccccc1,0.1756843800322061,1,0.9985143533197645
CO/N=C(\C(=O)N[C@@H]1C(=O)N2C(C(=O)O)=CCS[C@@H]12)c1csc(N)n1,1,N=C(C(=O)NC1C(=O)N2C=CCSC12)c1cscn1,COCC1=C(C(=O)O[C@H](C)OC(=O)OC(C)C)N2C(=O)[C@H](NC(=O)C(=NOC)c3csc(N)n3)[C@@H]2SC1,1,N=C(C(=O)NC1C(=O)N2C=CCSC12)c1cscn1,0.5681635633442863,0,0.48092571165829073
CO/N=C(\C(=O)N[C@@H]1C(=O)N2C(C(=O)O)=CCS[C@@H]12)c1csc(N)n1,1,N=C(C(=O)NC1C(=O)N2C=CCSC12)c1cscn1,Cc1onc(-c2c(F)cccc2Cl)c1C(=O)N[C@@H]1C(=O)N2[C@H]1SC(C)(C)[C@H]2C(=O)O,1,O=C(NC1C(=O)N2CCSC12)c1conc1-c1ccccc1,0.20412121212121215,1,0.519350802266147
CO/N=C(\C(=O)N[C@@H]1C(=O)N2C(C(=O)O)=CCS[C@@H]12)c1csc(N)n1,1,N=C(C(=O)NC1C(=O)N2C=CCSC12)c1cscn1,COc1cc2nc(N3CCN(C(=O)[C@@H]4CCCO4)CC3)nc(N)c2cc1OC,1,O=C(C1CCCO1)N1CCN(c2ncc3ccccc3n2)CC1,0.1829677419354839,1,0.945250171366753
CO/N=C(\C(=O)N[C@@H]1C(=O)N2C(C(=O)O)=CCS[C@@H]12)c1csc(N)n1,1,N=C(C(=O)NC1C(=O)N2C=CCSC12)c1cscn1,COc1cc2nc(N3CCN(C(=O)[C@@H]4COc5ccccc5O4)CC3)nc(N)c2cc1OC,1,O=C(C1COc2ccccc2O1)N1CCN(c2ncc3ccccc3n2)CC1,0.1700859291084855,1,0.9510461714801968
COCC1=C(C(=O)O[C@H](C)OC(=O)OC(C)C)N2C(=O)[C@H](NC(=O)C(=NOC)c3csc(N)n3)[C@@H]2SC1,1,N=C(C(=O)NC1C(=O)N2C=CCSC12)c1cscn1,CO/N=C(\C(=O)N[C@@H]1C(=O)N2C(C(=O)O)=CCS[C@@H]12)c1csc(N)n1,1,N=C(C(=O)NC1C(=O)N2C=CCSC12)c1cscn1,0.5681635633442863,1,0.8741040916797492
COCC1=C(C(=O)O[C@H](C)OC(=O)OC(C)C)N2C(=O)[C@H](NC(=O)C(=NOC)c3csc(N)n3)[C@@H]2SC1,1,N=C(C(=O)NC1C(=O)N2C=CCSC12)c1cscn1,COC(=O)C1=C(C)NC(C)=C(C(=O)OC(C)C)[C@H]1c1cccc2nonc12,1,C1=CC(c2cccc3nonc23)C=CN1,0.20266666666666672,1,0.92376380011683
COCC1=C(C(=O)O[C@H](C)OC(=O)OC(C)C)N2C(=O)[C@H](NC(=O)C(=NOC)c3csc(N)n3)[C@@H]2SC1,1,N=C(C(=O)NC1C(=O)N2C=CCSC12)c1cscn1,CCOC(=O)C1=C[C@H](OC(CC)CC)[C@H](NC(C)=O)[C@@H](N)C1,1,C1=CCCCC1,0.19200919804541536,1,0.8945242501226959
COCC1=C(C(=O)O[C@H](C)OC(=O)OC(C)C)N2C(=O)[C@H](NC(=O)C(=NOC)c3csc(N)n3)[C@@H]2SC1,1,N=C(C(=O)NC1C(=O)N2C=CCSC12)c1cscn1,COc1cc2nc(N3CCN(C(=O)[C@@H]4CCCO4)CC3)nc(N)c2cc1OC,1,O=C(C1CCCO1)N1CCN(c2ncc3ccccc3n2)CC1,0.16790123456790124,1,0.9943744392870171
C[C@@H]1[C@@H](NC(=O)/C(=N\OC(C)(C)C(=O)O)c2csc(N)n2)C(=O)N1S(=O)(=O)O,0,N=C(C(=O)NC1CNC1=O)c1cscn1,CO/N=C(\C(=O)N[C@@H]1C(=O)N2C(C(=O)O)=CCS[C@@H]12)c1csc(N)n1,1,N=C(C(=O)NC1C(=O)N2C=CCSC12)c1cscn1,0.4871440897325281,0,0.05015772140656467
C[C@@H]1[C@@H](NC(=O)/C(=N\OC(C)(C)C(=O)O)c2csc(N)n2)C(=O)N1S(=O)(=O)O,0,N=C(C(=O)NC1CNC1=O)c1cscn1,COCC1=C(C(=O)O[C@H](C)OC(=O)OC(C)C)N2C(=O)[C@H](NC(=O)C(=NOC)c3csc(N)n3)[C@@H]2SC1,1,N=C(C(=O)NC1C(=O)N2C=CCSC12)c1cscn1,0.38678955453149,0,0.01722394313052025
C[C@@H]1[C@@H](NC(=O)/C(=N\OC(C)(C)C(=O)O)c2csc(N)n2)C(=O)N1S(=O)(=O)O,0,N=C(C(=O)NC1CNC1=O)c1cscn1,CC(C)(Oc1ccc([C@@H]2CC2(Cl)Cl)cc1)C(=O)O,1,c1ccc(C2CC2)cc1,0.1946846846846847,0,0.028038049533612174
C[C@@H]1[C@@H](NC(=O)/C(=N\OC(C)(C)C(=O)O)c2csc(N)n2)C(=O)N1S(=O)(=O)O,0,N=C(C(=O)NC1CNC1=O)c1cscn1,CC(C)(Oc1ccc(CCNC(=O)c2ccccc2)cc1)C(=O)O,1,O=C(NCCc1ccccc1)c1ccccc1,0.18693344222131483,0,0.13942066450603657
COc1ccc(C[C@H]2c3cc(OC)c(OC)cc3CC[N@@+]2(C)CCC(=O)OCCCCCOC(=O)CC[N@+]2(C)CCc3cc(OC)c(OC)cc3[C@@H]2Cc2ccc(OC)c(OC)c2)cc1OC,0,O=C(CC[NH+]1CCc2ccccc2C1Cc1ccccc1)OCCCCCOC(=O)CC[NH+]1CCc2ccccc2C1Cc1ccccc1,COc1cc2c(cc1OC)[C@@H]1CC(=O)[C@H](CC(C)C)CN1CC2,1,O=C1CCN2CCc3ccccc3C2C1,0.26978764478764483,0,8.158888422616613e-06
COc1ccc(C[C@H]2c3cc(OC)c(OC)cc3CC[N@@+]2(C)CCC(=O)OCCCCCOC(=O)CC[N@+]2(C)CCc3cc(OC)c(OC)cc3[C@@H]2Cc2ccc(OC)c(OC)c2)cc1OC,0,O=C(CC[NH+]1CCc2ccccc2C1Cc1ccccc1)OCCCCCOC(=O)CC[NH+]1CCc2ccccc2C1Cc1ccccc1,COc1ccc(CCN(C)CCC[C@](C#N)(c2cc(OC)c(OC)c(OC)c2)C(C)C)cc1OC,1,c1ccc(CCCCNCCc2ccccc2)cc1,0.26517241379310347,0,3.609548577388688e-05
COc1ccc(C[C@H]2c3cc(OC)c(OC)cc3CC[N@@+]2(C)CCC(=O)OCCCCCOC(=O)CC[N@+]2(C)CCc3cc(OC)c(OC)cc3[C@@H]2Cc2ccc(OC)c(OC)c2)cc1OC,0,O=C(CC[NH+]1CCc2ccccc2C1Cc1ccccc1)OCCCCCOC(=O)CC[NH+]1CCc2ccccc2C1Cc1ccccc1,COc1ccc2cc(CCC(C)=O)ccc2c1,1,c1ccc2ccccc2c1,0.23896103896103896,0,2.0487093617210923e-05
COc1ccc(C[C@H]2c3cc(OC)c(OC)cc3CC[N@@+]2(C)CCC(=O)OCCCCCOC(=O)CC[N@+]2(C)CCc3cc(OC)c(OC)cc3[C@@H]2Cc2ccc(OC)c(OC)c2)cc1OC,0,O=C(CC[NH+]1CCc2ccccc2C1Cc1ccccc1)OCCCCCOC(=O)CC[NH+]1CCc2ccccc2C1Cc1ccccc1,COc1ccccc1OC[C@H](O)COC(N)=O,1,c1ccccc1,0.22545018007202883,0,5.410101696702807e-05
O=C(O)c1ccccc1C(=O)Nc1ccc(S(=O)(=O)Nc2nccs2)cc1,0,O=C(Nc1ccc(S(=O)(=O)Nc2nccs2)cc1)c1ccccc1,COCCOc1cnc(NS(=O)(=O)c2ccccc2)nc1,1,O=S(=O)(Nc1ncccn1)c1ccccc1,0.29644293226105783,0,0.10579436896852075
O=C(O)c1ccccc1C(=O)Nc1ccc(S(=O)(=O)Nc2nccs2)cc1,0,O=C(Nc1ccc(S(=O)(=O)Nc2nccs2)cc1)c1ccccc1,Cc1nnc(NS(=O)(=O)c2ccc(N)cc2)s1,1,O=S(=O)(Nc1nncs1)c1ccccc1,0.2905084745762712,0,0.026149735463208316
O=C(O)c1ccccc1C(=O)Nc1ccc(S(=O)(=O)Nc2nccs2)cc1,0,O=C(Nc1ccc(S(=O)(=O)Nc2nccs2)cc1)c1ccccc1,Cc1cc(NS(=O)(=O)c2ccc(N)cc2)no1,1,O=S(=O)(Nc1ccon1)c1ccccc1,0.26149622512010984,0,0.03862629184463108
O=C(O)c1ccccc1C(=O)Nc1ccc(S(=O)(=O)Nc2nccs2)cc1,0,O=C(Nc1ccc(S(=O)(=O)Nc2nccs2)cc1)c1ccccc1,CC(=O)Nc1ccccc1,1,c1ccccc1,0.2603809523809524,0,0.2899174926995301
CC[C@]1(CCC(C)C)C(=O)N=C(O)N=C1O,1,O=C1CC=NC=N1,CN1C(=O)[C@@](C)(C2=CCCCC2)C(=O)N=C1O,1,O=C1N=CNC(=O)C1C1=CCCCC1,0.23035714285714287,1,0.9997571508087622
CC[C@]1(CCC(C)C)C(=O)N=C(O)N=C1O,1,O=C1CC=NC=N1,CCC(=O)O[C@@](Cc1ccccc1)(c1ccccc1)[C@@H](C)CN(C)C,1,c1ccc(CCc2ccccc2)cc1,0.17333333333333334,1,0.9997633914501347
CC[C@]1(CCC(C)C)C(=O)N=C(O)N=C1O,1,O=C1CC=NC=N1,CCC1(c2ccccc2)C(=O)NC(=O)NC1=O,1,O=C1NC(=O)C(c2ccccc2)C(=O)N1,0.16576576576576577,1,0.9997524636971266
CC[C@]1(CCC(C)C)C(=O)N=C(O)N=C1O,1,O=C1CC=NC=N1,C#C[C@@]1(O)CC[C@@H]2[C@@H]3CCC4=CC(=O)CC[C@@H]4[C@@H]3CC[C@@]21CC,1,O=C1C=C2CCC3C4CCCC4CCC3C2CC1,0.16434782608695653,1,0.9998704883088092
CCOc1ccccc1OC[C@H]1COCCN1,1,c1ccc(OCC2COCCN2)cc1,COc1ccccc1OC[C@H](O)COC(N)=O,1,c1ccccc1,0.25925925925925924,1,0.9998118305823813
CCOc1ccccc1OC[C@H]1COCCN1,1,c1ccc(OCC2COCCN2)cc1,C=CCOc1ccccc1OC[C@@H](O)CNC(C)C,1,c1ccccc1,0.2571563088512241,1,0.9994114601469775
CCOc1ccccc1OC[C@H]1COCCN1,1,c1ccc(OCC2COCCN2)cc1,CC(C)(C)NC[C@H](O)COc1ccccc1C1CCCC1,1,c1ccc(C2CCCC2)cc1,0.23285821455363842,1,0.9967096282192769
CCOc1ccccc1OC[C@H]1COCCN1,1,c1ccc(OCC2COCCN2)cc1,CNCCCCOc1ccccc1Cc1ccccc1,1,c1ccc(Cc2ccccc2)cc1,0.22666666666666668,1,0.9989958721575813
CC(C)n1c(/C=C/[C@H](O)C[C@@H](O)CC(=O)O)c(-c2ccc(F)cc2)c2ccccc21,1,c1ccc(-c2c[nH]c3ccccc23)cc1,O=c1[nH]c2ccccc2n1C1CCN(CCC(c2ccc(F)cc2)c2ccc(F)cc2)CC1,1,O=c1[nH]c2ccccc2n1C1CCN(CCC(c2ccccc2)c2ccccc2)CC1,0.21790123456790123,1,0.9998022348603741
CC(C)n1c(/C=C/[C@H](O)C[C@@H](O)CC(=O)O)c(-c2ccc(F)cc2)c2ccccc21,1,c1ccc(-c2c[nH]c3ccccc23)cc1,COc1ccc2c(c1)c(CC(=O)O)cn2C(=O)c1ccccc1,1,O=C(c1ccccc1)n1ccc2ccccc21,0.2050749250749251,1,0.99994502905793
CC(C)n1c(/C=C/[C@H](O)C[C@@H](O)CC(=O)O)c(-c2ccc(F)cc2)c2ccccc21,1,c1ccc(-c2c[nH]c3ccccc23)cc1,CN1c2ccccc2N(CCCCCCC(=O)O)c2ccc(Cl)cc2S1(=O)=O,1,O=S1(=O)Nc2ccccc2Nc2ccccc21,0.20432730133752952,1,0.9999968442497132
CC(C)n1c(/C=C/[C@H](O)C[C@@H](O)CC(=O)O)c(-c2ccc(F)cc2)c2ccccc21,1,c1ccc(-c2c[nH]c3ccccc23)cc1,C=CCOc1ccccc1OC[C@@H](O)CNC(C)C,1,c1ccccc1,0.20215053763440863,1,0.9999787861908067
CCOC(=O)C1(c2ccccc2)CCN(C)CC1,1,c1ccc(C2CCNCC2)cc1,CCCOC(C(=O)OC1CCN(C)CC1)(c1ccccc1)c1ccccc1,1,O=C(OC1CCNCC1)C(c1ccccc1)c1ccccc1,0.3790663390663391,1,0.9814658561827009
CCOC(=O)C1(c2ccccc2)CCN(C)CC1,1,c1ccc(C2CCNCC2)cc1,CC[C@]1(c2cccc(O)c2)CCCCN(C)C1,1,c1ccc(C2CCCCNC2)cc1,0.33606237816764134,1,0.9301225913221454
CCOC(=O)C1(c2ccccc2)CCN(C)CC1,1,c1ccc(C2CCNCC2)cc1,CCCC(=O)[C@]1(c2ccccc2)CCC=C[C@@H]1N(C)C,1,C1=CCC(c2ccccc2)CC1,0.3155195681511471,1,0.7580221590907597
CCOC(=O)C1(c2ccccc2)CCN(C)CC1,1,c1ccc(C2CCNCC2)cc1,CCN(CC)CC[C@]1(c2ccccc2)CCC(=O)NC1=O,1,O=C1CCC(c2ccccc2)C(=O)N1,0.3100737100737101,1,0.9907195393377117
CN1C(C(=O)Nc2ccccn2)=C(O)c2ccccc2S1(=O)=O,1,O=C(Nc1ccccn1)C1=Cc2ccccc2S(=O)(=O)N1,O=C1NS(=O)(=O)c2ccccc21,1,O=C1NS(=O)(=O)c2ccccc21,0.24578203374373006,1,0.9066931771960025
CN1C(C(=O)Nc2ccccn2)=C(O)c2ccccc2S1(=O)=O,1,O=C(Nc1ccccn1)C1=Cc2ccccc2S(=O)(=O)N1,CN1c2ccccc2N(CCCCCCC(=O)O)c2ccc(Cl)cc2S1(=O)=O,1,O=S1(=O)Nc2ccccc2Nc2ccccc21,0.244179523141655,1,0.9975546923942672
CN1C(C(=O)Nc2ccccn2)=C(O)c2ccccc2S1(=O)=O,1,O=C(Nc1ccccn1)C1=Cc2ccccc2S(=O)(=O)N1,CC(=O)Nc1ccccc1,1,c1ccccc1,0.22600000000000003,1,0.9596915469205975
CN1C(C(=O)Nc2ccccn2)=C(O)c2ccccc2S1(=O)=O,1,O=C(Nc1ccccn1)C1=Cc2ccccc2S(=O)(=O)N1,CNCCc1ccccn1,1,c1ccncc1,0.21607565011820332,1,0.9992283896315033
Cc1onc(-c2c(F)cccc2Cl)c1C(=O)N[C@@H]1C(=O)N2[C@H]1SC(C)(C)[C@H]2C(=O)O,1,O=C(NC1C(=O)N2CCSC12)c1conc1-c1ccccc1,CO/N=C(\C(=O)N[C@@H]1C(=O)N2C(C(=O)O)=CCS[C@@H]12)c1csc(N)n1,1,N=C(C(=O)NC1C(=O)N2C=CCSC12)c1cscn1,0.20412121212121215,1,0.975767388260906
Cc1onc(-c2c(F)cccc2Cl)c1C(=O)N[C@@H]1C(=O)N2[C@H]1SC(C)(C)[C@H]2C(=O)O,1,O=C(NC1C(=O)N2CCSC12)c1conc1-c1ccccc1,CN1C(=O)[C@@H](O)N=C(c2ccccc2Cl)c2cc(Cl)ccc21,1,O=C1CN=C(c2ccccc2)c2ccccc2N1,0.19433823529411767,1,0.9993650575553148
Cc1onc(-c2c(F)cccc2Cl)c1C(=O)N[C@@H]1C(=O)N2[C@H]1SC(C)(C)[C@H]2C(=O)O,1,O=C(NC1C(=O)N2CCSC12)c1conc1-c1ccccc1,CN(C)C(=O)O[C@@H]1N=C(c2ccccc2)c2cc(Cl)ccc2N(C)C1=O,1,O=C1CN=C(c2ccccc2)c2ccccc2N1,0.1932806324110672,1,0.9996780594703709
Cc1onc(-c2c(F)cccc2Cl)c1C(=O)N[C@@H]1C(=O)N2[C@H]1SC(C)(C)[C@H]2C(=O)O,1,O=C(NC1C(=O)N2CCSC12)c1conc1-c1ccccc1,Cc1ccc(Cl)c(Nc2ccccc2C(=O)O)c1Cl,1,c1ccc(Nc2ccccc2)cc1,0.18687499999999999,1,0.9996554265461934
O=C(COCCOCCOCC(=O)Nc1c(I)cc(I)c(C(=O)O)c1I)Nc1c(I)cc(I)c(C(=O)O)c1I,0,O=C(COCCOCCOCC(=O)Nc1ccccc1)Nc1ccccc1,CCN(CC)CC(=O)Nc1c(C)cccc1C,1,c1ccccc1,0.21254936375603337,0,0.000854184009478921
O=C(COCCOCCOCC(=O)Nc1c(I)cc(I)c(C(=O)O)c1I)Nc1c(I)cc(I)c(C(=O)O)c1I,0,O=C(COCCOCCOCC(=O)Nc1ccccc1)Nc1ccccc1,NS(=O)(=O)c1cc(Cl)cc(NCc2ccco2)c1C(=O)O,1,c1ccc(NCc2ccco2)cc1,0.21212121212121213,0,0.000346025402561415
O=C(COCCOCCOCC(=O)Nc1c(I)cc(I)c(C(=O)O)c1I)Nc1c(I)cc(I)c(C(=O)O)c1I,0,O=C(COCCOCCOCC(=O)Nc1ccccc1)Nc1ccccc1,CC(=O)Nc1ccccc1,1,c1ccccc1,0.19627329192546583,0,0.0013647742336140181
O=C(COCCOCCOCC(=O)Nc1c(I)cc(I)c(C(=O)O)c1I)Nc1c(I)cc(I)c(C(=O)O)c1I,0,O=C(COCCOCCOCC(=O)Nc1ccccc1)Nc1ccccc1,CC(=O)Oc1ccccc1C(=O)O,1,c1ccccc1,0.18549019607843137,0,0.00011895391621169051
CCCC(=O)[C@]1(c2ccccc2)CCC=C[C@@H]1N(C)C,1,C1=CCC(c2ccccc2)CC1,CCOC(=O)C1(c2ccccc2)CCN(C)CC1,1,c1ccc(C2CCNCC2)cc1,0.3155195681511471,1,0.9990148127053347
CCCC(=O)[C@]1(c2ccccc2)CCC=C[C@@H]1N(C)C,1,C1=CCC(c2ccccc2)CC1,CCN(CC)CC[C@]1(c2ccccc2)CCC(=O)NC1=O,1,O=C1CCC(c2ccccc2)C(=O)N1,0.3036792062835883,1,0.9985878505784814
CCCC(=O)[C@]1(c2ccccc2)CCC=C[C@@H]1N(C)C,1,C1=CCC(c2ccccc2)CC1,CCC(=O)C(C[C@H](C)N(C)C)(c1ccccc1)c1ccccc1,1,c1ccc(Cc2ccccc2)cc1,0.3019548872180451,1,0.9999122002158629
CCCC(=O)[C@]1(c2ccccc2)CCC=C[C@@H]1N(C)C,1,C1=CCC(c2ccccc2)CC1,CCC1(c2ccccc2)C(=O)NCNC1=O,1,O=C1NCNC(=O)C1c1ccccc1,0.276185619581846,1,0.9999082261015134
O=c1[nH]c2ccccc2n1C1CCN(CCC(c2ccc(F)cc2)c2ccc(F)cc2)CC1,1,O=c1[nH]c2ccccc2n1C1CCN(CCC(c2ccccc2)c2ccccc2)CC1,O=c1[nH]c2ccccc2n1CCCN1CCN(C(c2ccccc2)c2ccccc2)CC1,1,O=c1[nH]c2ccccc2n1CCCN1CCN(C(c2ccccc2)c2ccccc2)CC1,0.4403628117913832,1,0.9997234956801888
O=c1[nH]c2ccccc2n1C1CCN(CCC(c2ccc(F)cc2)c2ccc(F)cc2)CC1,1,O=c1[nH]c2ccccc2n1C1CCN(CCC(c2ccccc2)c2ccccc2)CC1,O=c1[nH]c2ccccc2n1CCCN1CCC(Nn2c(=O)[nH]c3cc(Cl)ccc32)CC1,1,O=c1[nH]c2ccccc2n1CCCN1CCC(Nn2c(=O)[nH]c3ccccc32)CC1,0.4049813200498132,1,0.9999887133984467
O=c1[nH]c2ccccc2n1C1CCN(CCC(c2ccc(F)cc2)c2ccc(F)cc2)CC1,1,O=c1[nH]c2ccccc2n1C1CCN(CCC(c2ccccc2)c2ccccc2)CC1,Fc1ccc(C(c2ccc(F)cc2)N2CCN(CCCc3ccccc3)CC2)cc1,1,c1ccc(CCCN2CCN(C(c3ccccc3)c3ccccc3)CC2)cc1,0.34035549703752466,1,0.9995326397553781
O=c1[nH]c2ccccc2n1C1CCN(CCC(c2ccc(F)cc2)c2ccc(F)cc2)CC1,1,O=c1[nH]c2ccccc2n1C1CCN(CCC(c2ccccc2)c2ccccc2)CC1,COc1ccc(CCN2CCC(Nc3nc4ccccc4n3Cc3ccc(F)cc3)CC2)cc1,1,c1ccc(CCN2CCC(Nc3nc4ccccc4n3Cc3ccccc3)CC2)cc1,0.28497625830959167,1,0.9998088961937026
C[N+]1(C)CCC(=C(c2ccccc2)c2ccccc2)CC1,0,c1ccc(C(=C2CC[NH2+]CC2)c2ccccc2)cc1,CCN(CC)[C@H](C)C(=O)c1ccccc1,1,c1ccccc1,0.23750000000000002,1,0.6008764526848777
C[N+]1(C)CCC(=C(c2ccccc2)c2ccccc2)CC1,0,c1ccc(C(=C2CC[NH2+]CC2)c2ccccc2)cc1,CN[C@@H](C)[C@@H](O)c1ccccc1,1,c1ccccc1,0.23330427201394943,1,0.6665573189923144
C[N+]1(C)CCC(=C(c2ccccc2)c2ccccc2)CC1,0,c1ccc(C(=C2CC[NH2+]CC2)c2ccccc2)cc1,C[C@H](C(=O)O)c1cccc(C(=O)c2ccccc2)c1,1,O=C(c1ccccc1)c1ccccc1,0.22476190476190475,1,0.7309683046198929
C[N+]1(C)CCC(=C(c2ccccc2)c2ccccc2)CC1,0,c1ccc(C(=C2CC[NH2+]CC2)c2ccccc2)cc1,CN1CCC(=C2c3ccccc3C=Cc3ccccc32)CC1,1,C1=Cc2ccccc2C(=C2CCNCC2)c2ccccc21,0.2221705426356589,1,0.7305249406489495
C[C@H](c1cc2ccccc2s1)N(O)C(N)=O,1,c1ccc2sccc2c1,CCN(CC)[C@H](C)C(=O)c1ccccc1,1,c1ccccc1,0.24000000000000002,1,0.9962478222883443
C[C@H](c1cc2ccccc2s1)N(O)C(N)=O,1,c1ccc2sccc2c1,COc1ccccc1OC[C@H](O)COC(N)=O,1,c1ccccc1,0.23143631436314366,1,0.9996903719060597
C[C@H](c1cc2ccccc2s1)N(O)C(N)=O,1,c1ccc2sccc2c1,CC(C)N[C@@H](C)[C@@H](O)c1cccc2ccccc12,1,c1ccc2ccccc2c1,0.23109243697478993,1,0.9981752152857594
C[C@H](c1cc2ccccc2s1)N(O)C(N)=O,1,c1ccc2sccc2c1,NC(=O)OCC(COC(N)=O)c1ccccc1,1,c1ccccc1,0.23070175438596494,1,0.9986305126626369
C=C(N[C@@H]1C(=O)N2C(C(=O)O)=C(COC(C)=O)CS[C@@H]12)C(=NOC)c1csc(N)n1,0,C=C(NC1C(=O)N2C=CCSC12)C(=N)c1cscn1,CO/N=C(\C(=O)N[C@@H]1C(=O)N2C(C(=O)O)=CCS[C@@H]12)c1csc(N)n1,1,N=C(C(=O)NC1C(=O)N2C=CCSC12)c1cscn1,0.5474626865671642,0,0.3556955074642329
C=C(N[C@@H]1C(=O)N2C(C(=O)O)=C(COC(C)=O)CS[C@@H]12)C(=NOC)c1csc(N)n1,0,C=C(NC1C(=O)N2C=CCSC12)C(=N)c1cscn1,COCC1=C(C(=O)O[C@H](C)OC(=O)OC(C)C)N2C(=O)[C@H](NC(=O)C(=NOC)c3csc(N)n3)[C@@H]2SC1,1,N=C(C(=O)NC1C(=O)N2C=CCSC12)c1cscn1,0.5452690715552927,0,0.12642700283576125
C=C(N[C@@H]1C(=O)N2C(C(=O)O)=C(COC(C)=O)CS[C@@H]12)C(=NOC)c1csc(N)n1,0,C=C(NC1C(=O)N2C=CCSC12)C(=N)c1cscn1,Cc1onc(-c2c(F)cccc2Cl)c1C(=O)N[C@@H]1C(=O)N2[C@H]1SC(C)(C)[C@H]2C(=O)O,1,O=C(NC1C(=O)N2CCSC12)c1conc1-c1ccccc1,0.18953271028037383,0,0.17605930834708133
C=C(N[C@@H]1C(=O)N2C(C(=O)O)=C(COC(C)=O)CS[C@@H]12)C(=NOC)c1csc(N)n1,0,C=C(NC1C(=O)N2C=CCSC12)C(=N)c1cscn1,CC(=O)OCC(CCn1cnc2cnc(N)nc21)COC(C)=O,1,c1ncc2nc[nH]c2n1,0.1894798023830282,0,0.02515649742021121
COc1ccc2c(c1)c(CC(=O)O)cn2C(=O)c1ccccc1,1,O=C(c1ccccc1)n1ccc2ccccc21,COc1ccc2cc([C@H](C)C(=O)O)ccc2c1,1,c1ccc2ccccc2c1,0.342967409948542,1,0.9999084611437039
COc1ccc2c(c1)c(CC(=O)O)cn2C(=O)c1ccccc1,1,O=C(c1ccccc1)n1ccc2ccccc21,COc1ccc2c(C(=S)N(C)CC(=O)O)ccc(C(F)(F)F)c2c1,1,c1ccc2ccccc2c1,0.3141223556317896,1,0.9999892109067209
COc1ccc2c(c1)c(CC(=O)O)cn2C(=O)c1ccccc1,1,O=C(c1ccccc1)n1ccc2ccccc21,O=C(O)Cc1ccccc1Oc1ccc(Cl)cc1Cl,1,c1ccc(Oc2ccccc2)cc1,0.305316091954023,1,0.9999816084334737
COc1ccc2c(c1)c(CC(=O)O)cn2C(=O)c1ccccc1,1,O=C(c1ccccc1)n1ccc2ccccc21,COc1cccc(C(=O)CCN[C@@H](C)[C@@H](O)c2ccccc2)c1,1,O=C(CCNCCc1ccccc1)c1ccccc1,0.29727272727272724,1,0.9991306983888961
C#C[C@@]1(OC(C)=O)CC[C@@H]2[C@@H]3CCC4=C[C@@H](OC(C)=O)CC[C@@H]4[C@@H]3CC[C@@]21C,1,C1=C2CCC3C4CCCC4CCC3C2CCC1,C#C[C@@]1(OC(C)=O)CC[C@@H]2[C@@H]3CCC4=CC(=NO)CC[C@@H]4[C@@H]3CC[C@@]21CC,1,N=C1C=C2CCC3C4CCCC4CCC3C2CC1,0.5238095238095238,1,0.99949789815194
C#C[C@@]1(OC(C)=O)CC[C@@H]2[C@@H]3CCC4=C[C@@H](OC(C)=O)CC[C@@H]4[C@@H]3CC[C@@]21C,1,C1=C2CCC3C4CCCC4CCC3C2CCC1,C#C[C@@]1(O)CC[C@@H]2[C@@H]3CCC4=CC(=O)CC[C@@H]4[C@@H]3CC[C@@]21C,1,O=C1C=C2CCC3C4CCCC4CCC3C2CC1,0.4473572938689218,1,0.9990967731358029
C#C[C@@]1(OC(C)=O)CC[C@@H]2[C@@H]3CCC4=C[C@@H](OC(C)=O)CC[C@@H]4[C@@H]3CC[C@@]21C,1,C1=C2CCC3C4CCCC4CCC3C2CCC1,C#C[C@@]1(O)CC[C@@H]2[C@@H]3CCC4=CCCC[C@@H]4[C@@H]3CC[C@@]21C,1,C1=C2CCC3C4CCCC4CCC3C2CCC1,0.42770562770562776,1,0.9994819322735191
C#C[C@@]1(OC(C)=O)CC[C@@H]2[C@@H]3CCC4=C[C@@H](OC(C)=O)CC[C@@H]4[C@@H]3CC[C@@]21C,1,C1=C2CCC3C4CCCC4CCC3C2CCC1,C#C[C@@]1(O)CC[C@@H]2[C@@H]3CCC4=CC(=O)CC[C@@H]4[C@@H]3CC[C@@]21CC,1,O=C1C=C2CCC3C4CCCC4CCC3C2CC1,0.3667496886674969,1,0.9990967731358029
C#C[C@@]1(O)CC[C@@H]2[C@@H]3CCC4=CCCC[C@@H]4[C@@H]3CC[C@@]21C,1,C1=C2CCC3C4CCCC4CCC3C2CCC1,C#C[C@@]1(O)CC[C@@H]2[C@@H]3CCC4=CC(=O)CC[C@@H]4[C@@H]3CC[C@@]21C,1,O=C1C=C2CCC3C4CCCC4CCC3C2CC1,0.6822115384615386,1,0.9895982686306386
C#C[C@@]1(O)CC[C@@H]2[C@@H]3CCC4=CCCC[C@@H]4[C@@H]3CC[C@@]21C,1,C1=C2CCC3C4CCCC4CCC3C2CCC1,C#C[C@@]1(O)CC[C@@H]2[C@@H]3CCC4=CC(=O)CC[C@@H]4[C@@H]3CC[C@@]21CC,1,O=C1C=C2CCC3C4CCCC4CCC3C2CC1,0.5097396335583414,1,0.9895982686306386
C#C[C@@]1(O)CC[C@@H]2[C@@H]3CCC4=CCCC[C@@H]4[C@@H]3CC[C@@]21C,1,C1=C2CCC3C4CCCC4CCC3C2CCC1,C#C[C@@]1(OC(C)=O)CC[C@@H]2[C@@H]3CCC4=C[C@@H](OC(C)=O)CC[C@@H]4[C@@H]3CC[C@@]21C,1,C1=C2CCC3C4CCCC4CCC3C2CCC1,0.42770562770562776,1,0.9828037828253879
C#C[C@@]1(O)CC[C@@H]2[C@@H]3CCC4=CCCC[C@@H]4[C@@H]3CC[C@@]21C,1,C1=C2CCC3C4CCCC4CCC3C2CCC1,C#C[C@@]1(O)CC[C@@H]2[C@H]3[C@@H](C)CC4=C(CCC(=O)C4)[C@@H]3CC[C@@]21C,1,O=C1CCC2=C(CCC3C2CCC2CCCC23)C1,0.4206081081081081,1,0.9895982686306386
O=C1C(CCS(=O)c2ccccc2)C(=O)N(c2ccccc2)N1c1ccccc1,1,O=C1C(CCS(=O)c2ccccc2)C(=O)N(c2ccccc2)N1c1ccccc1,CCCC[C@@H]1C(=O)C(=O)N(c2ccccc2)N1c1ccccc1,1,O=C1CN(c2ccccc2)N(c2ccccc2)C1=O,0.3278959810874705,1,0.9921875220277923
O=C1C(CCS(=O)c2ccccc2)C(=O)N(c2ccccc2)N1c1ccccc1,1,O=C1C(CCS(=O)c2ccccc2)C(=O)N(c2ccccc2)N1c1ccccc1,O=C1c2ccccc2C(=O)C1c1ccccc1,1,O=C1c2ccccc2C(=O)C1c1ccccc1,0.2672764227642277,1,0.997718963351455
O=C1C(CCS(=O)c2ccccc2)C(=O)N(c2ccccc2)N1c1ccccc1,1,O=C1C(CCS(=O)c2ccccc2)C(=O)N(c2ccccc2)N1c1ccccc1,NC(=O)CS(=O)C(c1ccccc1)c1ccccc1,1,c1ccc(Cc2ccccc2)cc1,0.23687943262411348,1,0.9891316048389426
O=C1C(CCS(=O)c2ccccc2)C(=O)N(c2ccccc2)N1c1ccccc1,1,O=C1C(CCS(=O)c2ccccc2)C(=O)N(c2ccccc2)N1c1ccccc1,CN1C(=O)CC(=O)N(c2ccccc2)c2cc(Cl)ccc21,1,O=C1CC(=O)N(c2ccccc2)c2ccccc2N1,0.2194594594594595,1,0.9971346207020381
Fc1ccc([C@H]2CCNC[C@@H]2COc2ccc3c(c2)OCO3)cc1,1,c1ccc(C2CCNCC2COc2ccc3c(c2)OCO3)cc1,O=C(NC[C@@H]1CCCCN1)c1cc(OCC(F)(F)F)ccc1OCC(F)(F)F,1,O=C(NCC1CCCCN1)c1ccccc1,0.22273960216998193,1,0.9980226642349564
Fc1ccc([C@H]2CCNC[C@@H]2COc2ccc3c(c2)OCO3)cc1,1,c1ccc(C2CCNCC2COc2ccc3c(c2)OCO3)cc1,CCOc1ccccc1OC[C@H]1COCCN1,1,c1ccc(OCC2COCCN2)cc1,0.21251564455569463,1,0.9913379288135791
Fc1ccc([C@H]2CCNC[C@@H]2COc2ccc3c(c2)OCO3)cc1,1,c1ccc(C2CCNCC2COc2ccc3c(c2)OCO3)cc1,COc1cc(N)c(Cl)cc1C(=O)N[C@@H]1CCN(CCCOc2ccc(F)cc2)C[C@@H]1OC,1,O=C(NC1CCN(CCCOc2ccccc2)CC1)c1ccccc1,0.20078201368523949,1,0.9848108992280937
Fc1ccc([C@H]2CCNC[C@@H]2COc2ccc3c(c2)OCO3)cc1,1,c1ccc(C2CCNCC2COc2ccc3c(c2)OCO3)cc1,Clc1ccc2c(c1)C(N1CCNCC1)=Nc1ccccc1O2,1,c1ccc2c(c1)N=C(N1CCNCC1)c1ccccc1O2,0.19010708822029576,1,0.9999953140643018
CCOC(=O)C1=C[C@H](OC(CC)CC)[C@H](NC(C)=O)[C@@H](N)C1,1,C1=CCCCC1,CCC[C@@H](N[C@H](C)C(=O)N1[C@H](C(=O)O)C[C@@H]2CCCC[C@@H]21)C(=O)OCC,1,C1CCC2NCCC2C1,0.22251851851851853,1,0.9753805856976359
CCOC(=O)C1=C[C@H](OC(CC)CC)[C@H](NC(C)=O)[C@@H](N)C1,1,C1=CCCCC1,CCOC(=O)C1(c2ccccc2)CCN(C)CC1,1,c1ccc(C2CCNCC2)cc1,0.21944444444444444,1,0.935912248569524
CCOC(=O)C1=C[C@H](OC(CC)CC)[C@H](NC(C)=O)[C@@H](N)C1,1,C1=CCCCC1,CCOC(=O)[C@H](CCc1ccccc1)N[C@@H]1CCCN2CCC[C@@H](C(=O)O)N2C1=O,1,O=C1C(NCCCc2ccccc2)CCCN2CCCCN12,0.2173131890567579,1,0.983929756698516
CCOC(=O)C1=C[C@H](OC(CC)CC)[C@H](NC(C)=O)[C@@H](N)C1,1,C1=CCCCC1,CCOC(=O)[C@@H](CCc1ccccc1)N[C@H](C)C(=O)N1[C@H](C(=O)O)C[C@@H]2CCCC[C@@H]21,1,O=C(CNCCCc1ccccc1)N1CCC2CCCCC21,0.21590163934426232,1,0.9702282876036207
CC(=CCO)/C=C/C=C(C)\C=C\C1=C(C)CCCC1(C)C,1,C1=CCCCC1,CC(=CC(=O)O)/C=C/C=C(C)\C=C/C1=C(C)CCCC1(C)C,1,C1=CCCCC1,0.6597475455820477,1,0.9950962438682249
CC(=CCO)/C=C/C=C(C)\C=C\C1=C(C)CCCC1(C)C,1,C1=CCCCC1,COc1cc(C)c(/C=C/C(C)=C/C=C/C(C)=CC(=O)O)c(C)c1C,1,c1ccccc1,0.2492063492063492,1,0.9968441467786991
CC(=CCO)/C=C/C=C(C)\C=C\C1=C(C)CCCC1(C)C,1,C1=CCCCC1,C=C1/C(=C\C=C2/CCC[C@]3(C)[C@@H]2CC[C@H]3[C@@H](C)CCCC(C)C)C[C@H](O)C[C@H]1O,1,C=C1CCCCC1=CC=C1CCCC2CCCC12,0.1833833833833834,1,0.9982158209271945
CC(=CCO)/C=C/C=C(C)\C=C\C1=C(C)CCCC1(C)C,1,C1=CCCCC1,C[C@@]12C[C@@H](O)[C@@H]3[C@H](CCC4=CC(=O)CC[C@]43C)[C@H]1CC[C@@H]2C(=O)CO,1,O=C1C=C2CCC3C4CCCC4CCC3C2CC1,0.17428571428571427,1,0.9669158208482446
CC(=CC(=O)O)/C=C/C=C(C)\C=C/C1=C(C)CCCC1(C)C,1,C1=CCCCC1,CC(=CCO)/C=C/C=C(C)\C=C\C1=C(C)CCCC1(C)C,1,C1=CCCCC1,0.6597475455820477,1,0.9924830381183288
CC(=CC(=O)O)/C=C/C=C(C)\C=C/C1=C(C)CCCC1(C)C,1,C1=CCCCC1,COc1cc(C)c(/C=C/C(C)=C/C=C/C(C)=CC(=O)O)c(C)c1C,1,c1ccccc1,0.426578073089701,1,0.9982047100444916
CC(=CC(=O)O)/C=C/C=C(C)\C=C/C1=C(C)CCCC1(C)C,1,C1=CCCCC1,CC(=O)[C@@H]1CC[C@@H]2[C@@H]3CCC4=CC(=O)CC[C@]4(C)[C@@H]3CC[C@]21C,1,O=C1C=C2CCC3C4CCCC4CCC3C2CC1,0.183609022556391,1,0.9664134257039229
CC(=CC(=O)O)/C=C/C=C(C)\C=C/C1=C(C)CCCC1(C)C,1,C1=CCCCC1,Cc1ccc(C(=CCN2CCCC2)c2cccc(/C=C/C(=O)O)n2)cc1,1,C(CN1CCCC1)=C(c1ccccc1)c1ccccn1,0.1820499745028047,1,0.9996850246175958
O=C(O)[C@@H]1C(=CCO)O[C@H]2CC(=O)N12,1,C=C1CN2C(=O)CC2O1,NC[C@H]1CC[C@@H](C(=O)O)CC1,1,C1CCCCC1,0.20168168168168168,1,0.9524207728056271
O=C(O)[C@@H]1C(=CCO)O[C@H]2CC(=O)N12,1,C=C1CN2C(=O)CC2O1,NC1=NC(=O)N([C@H]2CS[C@H](CO)O2)CC1,1,O=C1N=CCCN1C1CSCO1,0.2,1,0.9902929803553564
O=C(O)[C@@H]1C(=CCO)O[C@H]2CC(=O)N12,1,C=C1CN2C(=O)CC2O1,CN1[C@@H]2CC[C@H]1C[C@H](OC(=O)[C@@H](CO)c1ccccc1)C2,1,O=C(Cc1ccccc1)OC1CC2CCC(C1)N2,0.1769808743169399,1,0.9086483584863216
O=C(O)[C@@H]1C(=CCO)O[C@H]2CC(=O)N12,1,C=C1CN2C(=O)CC2O1,Cc1onc(-c2c(F)cccc2Cl)c1C(=O)N[C@@H]1C(=O)N2[C@H]1SC(C)(C)[C@H]2C(=O)O,1,O=C(NC1C(=O)N2CCSC12)c1conc1-c1ccccc1,0.17097753491196116,1,0.9491220202927472
CC(C)NC[C@H](O)COc1ccc(CCOCC2CC2)cc1,1,c1ccc(CCOCC2CC2)cc1,COCCc1ccc(OC[C@@H](O)CNC(C)C)cc1,1,c1ccccc1,0.7025755879059351,1,0.9998859789694478
CC(C)NC[C@H](O)COc1ccc(CCOCC2CC2)cc1,1,c1ccc(CCOCC2CC2)cc1,CC(C)NC[C@H](O)COc1ccc(COCCOC(C)C)cc1,1,c1ccccc1,0.5710120068610635,1,0.9998019147534576
CC(C)NC[C@H](O)COc1ccc(CCOCC2CC2)cc1,1,c1ccc(CCOCC2CC2)cc1,CC(C)NC[C@H](O)COc1ccc(CC(N)=O)cc1,1,c1ccccc1,0.5624765478424015,1,0.9996088500506094
CC(C)NC[C@H](O)COc1ccc(CCOCC2CC2)cc1,1,c1ccc(CCOCC2CC2)cc1,CC(C)NC[C@H](O)COc1cccc(NS(C)(=O)=O)c1,1,c1ccccc1,0.42000000000000004,1,0.9997463400608286
CCN1CC[C@H](CNC(=O)c2cc(S(N)(=O)=O)ccc2OC)C1,1,O=C(NCC1CCNC1)c1ccccc1,CCN(CC)CCNC(=O)c1cc(Cl)c(N)cc1OC,1,c1ccccc1,0.33457890198332857,1,0.9935425830056229
CCN1CC[C@H](CNC(=O)c2cc(S(N)(=O)=O)ccc2OC)C1,1,O=C(NCC1CCNC1)c1ccccc1,COc1cc(N)c(Cl)cc1C(=O)N[C@@H]1CCN(CCCOc2ccc(F)cc2)C[C@@H]1OC,1,O=C(NC1CCN(CCCOc2ccccc2)CC1)c1ccccc1,0.3152958152958153,1,0.9906315074506911
CCN1CC[C@H](CNC(=O)c2cc(S(N)(=O)=O)ccc2OC)C1,1,O=C(NCC1CCNC1)c1ccccc1,O=C(NC[C@@H]1CCCCN1)c1cc(OCC(F)(F)F)ccc1OCC(F)(F)F,1,O=C(NCC1CCCCN1)c1ccccc1,0.2986101617680565,1,0.9958601677824549
CCN1CC[C@H](CNC(=O)c2cc(S(N)(=O)=O)ccc2OC)C1,1,O=C(NCC1CCNC1)c1ccccc1,Cc1ccc(S(=O)(=O)NC(=O)NN2C[C@H]3CCC[C@H]3C2)cc1,1,O=C(NN1CC2CCCC2C1)NS(=O)(=O)c1ccccc1,0.2557142857142857,1,0.9972934393994186
CC(C)NC[C@@H]1CCc2cc(CO)c([N+](=O)[O-])cc2N1,1,c1ccc2c(c1)CCCN2,CC(C)C(=O)Nc1ccc([N+](=O)[O-])c(C(F)(F)F)c1,1,c1ccccc1,0.2565034965034965,1,0.9980792354983403
CC(C)NC[C@@H]1CCc2cc(CO)c([N+](=O)[O-])cc2N1,1,c1ccc2c(c1)CCCN2,CC(C)NC[C@@H](O)c1cc(O)cc(O)c1,1,c1ccccc1,0.22203898050974513,1,0.9924935988746266
CC(C)NC[C@@H]1CCc2cc(CO)c([N+](=O)[O-])cc2N1,1,c1ccc2c(c1)CCCN2,COC(=O)c1c(C)cc([N+](=O)[O-])c(C(=O)OCCN(C)Cc2ccccc2)c1C1C=C(C)NC(C)=C1,1,O=C(OCCNCc1ccccc1)c1ccccc1C1C=CNC=C1,0.2113975576662144,1,0.9987934901016965
CC(C)NC[C@@H]1CCc2cc(CO)c([N+](=O)[O-])cc2N1,1,c1ccc2c(c1)CCCN2,CC(C)NC[C@H](O)COc1ccc(CCOCC2CC2)cc1,1,c1ccc(CCOCC2CC2)cc1,0.20749170222854435,1,0.9973361246019451
CCOC(=O)Nc1ccc2c(c1)N(C(=O)CCN1CCOCC1)c1ccccc1S2,1,O=C(CCN1CCOCC1)N1c2ccccc2Sc2ccccc21,CN1CCN(CCCN2c3ccccc3Sc3ccc(C(F)(F)F)cc32)CC1,1,c1ccc2c(c1)Sc1ccccc1N2CCCN1CCNCC1,0.30562770562770564,1,0.9999775869284976
CCOC(=O)Nc1ccc2c(c1)N(C(=O)CCN1CCOCC1)c1ccccc1S2,1,O=C(CCN1CCOCC1)N1c2ccccc2Sc2ccccc21,OCCN1CCN(CCCN2c3ccccc3Sc3ccc(Cl)cc32)CC1,1,c1ccc2c(c1)Sc1ccccc1N2CCCN1CCNCC1,0.30247619047619045,1,0.9999614315729632
CCOC(=O)Nc1ccc2c(c1)N(C(=O)CCN1CCOCC1)c1ccccc1S2,1,O=C(CCN1CCOCC1)N1c2ccccc2Sc2ccccc21,C[C@H](CN1CCOCC1)C(C(=O)N1CCCC1)(c1ccccc1)c1ccccc1,1,O=C(N1CCCC1)C(CCN1CCOCC1)(c1ccccc1)c1ccccc1,0.2894248608534323,1,0.9998400865177106
CCOC(=O)Nc1ccc2c(c1)N(C(=O)CCN1CCOCC1)c1ccccc1S2,1,O=C(CCN1CCOCC1)N1c2ccccc2Sc2ccccc21,CCOC(=O)C1(c2ccccc2)CCN(C)CC1,1,c1ccc(C2CCNCC2)cc1,0.2849178403755869,1,0.9973019846507108
CNS(=O)(=O)Cc1ccc2[nH]cc(CCN(C)C)c2c1,1,c1ccc2[nH]ccc2c1,CN(C)CCc1c[nH]c2ccc(CS(=O)(=O)N3CCCC3)cc12,1,O=S(=O)(Cc1ccc2[nH]ccc2c1)N1CCCC1,0.653309481216458,1,0.999977079268696
CNS(=O)(=O)Cc1ccc2[nH]cc(CCN(C)C)c2c1,1,c1ccc2[nH]ccc2c1,CN(C)CCc1c[nH]c2ccc(Cn3cncn3)cc12,1,c1ncn(Cc2ccc3[nH]ccc3c2)n1,0.5184523809523811,1,0.9999609872705438
CNS(=O)(=O)Cc1ccc2[nH]cc(CCN(C)C)c2c1,1,c1ccc2[nH]ccc2c1,CNS(=O)(=O)CCc1ccc2[nH]c(C3CCN(C)CC3)cc2c1,1,c1ccc2[nH]c(C3CCNCC3)cc2c1,0.34084678647578437,1,0.9999248275101356
CNS(=O)(=O)Cc1ccc2[nH]cc(CCN(C)C)c2c1,1,c1ccc2[nH]ccc2c1,O=C(O[C@H]1C[C@@H]2C[C@H]3C[C@H](C1)N2CC3=O)c1c[nH]c2ccccc12,1,O=C(OC1CC2CC3CC(C1)N2CC3=O)c1c[nH]c2ccccc12,0.20059775840597757,1,0.9999176577160515
CC(C)NC[C@H](O)COc1cccc2[nH]ccc12,1,c1ccc2[nH]ccc2c1,C=CCOc1ccccc1OC[C@@H](O)CNC(C)C,1,c1ccccc1,0.5394897959183673,1,0.9999386504039394
CC(C)NC[C@H](O)COc1cccc2[nH]ccc12,1,c1ccc2[nH]ccc2c1,C=CCc1ccccc1OC[C@@H](O)CNC(C)C,1,c1ccccc1,0.5123885918003566,1,0.9999405679773274
CC(C)NC[C@H](O)COc1cccc2[nH]ccc12,1,c1ccc2[nH]ccc2c1,CC(C)NC[C@H](O)COc1cccc(NS(C)(=O)=O)c1,1,c1ccccc1,0.46585858585858586,1,0.9999643692052177
CC(C)NC[C@H](O)COc1cccc2[nH]ccc12,1,c1ccc2[nH]ccc2c1,COCCc1ccc(OC[C@@H](O)CNC(C)C)cc1,1,c1ccccc1,0.42985324947589104,1,0.9999548514047989
Cc1ccc(NC(=O)c2ccc(CN3CCN(C)CC3)cc2)cc1Nc1nccc(-c2cccnc2)n1,1,O=C(Nc1cccc(Nc2nccc(-c3cccnc3)n2)c1)c1ccc(CN2CCNCC2)cc1,CN1CCC[C@@H]1c1cccnc1,1,c1cncc(C2CCCN2)c1,0.22520643198609303,1,0.9999907135314793
Cc1ccc(NC(=O)c2ccc(CN3CCN(C)CC3)cc2)cc1Nc1nccc(-c2cccnc2)n1,1,O=C(Nc1cccc(Nc2nccc(-c3cccnc3)n2)c1)c1ccc(CN2CCNCC2)cc1,O=C(NCCO[N+](=O)[O-])c1cccnc1,1,c1ccncc1,0.2168831168831169,1,0.9999899879797192
Cc1ccc(NC(=O)c2ccc(CN3CCN(C)CC3)cc2)cc1Nc1nccc(-c2cccnc2)n1,1,O=C(Nc1cccc(Nc2nccc(-c3cccnc3)n2)c1)c1ccc(CN2CCNCC2)cc1,Cc1cccc(Nc2ccncc2S(=O)(=O)NC(=O)NC(C)C)c1,1,c1ccc(Nc2ccncc2)cc1,0.21561477325853204,1,0.9999490048570169
Cc1ccc(NC(=O)c2ccc(CN3CCN(C)CC3)cc2)cc1Nc1nccc(-c2cccnc2)n1,1,O=C(Nc1cccc(Nc2nccc(-c3cccnc3)n2)c1)c1ccc(CN2CCNCC2)cc1,CN1CCN(C(=O)O[C@@H]2c3nccnc3C(=O)N2c2ccc(Cl)cn2)CC1,1,O=C(OC1c2nccnc2C(=O)N1c1ccccn1)N1CCNCC1,0.21017543859649124,1,0.9999987844947729
CC(C)[C@H]1CC[C@@H](C(=O)N[C@H](Cc2ccccc2)C(=O)O)CC1,1,O=C(NCCc1ccccc1)C1CCCCC1,CC(C)Cc1ccc([C@H](C)C(=O)O)cc1,1,c1ccccc1,0.3414285714285714,1,0.9882730057086572
CC(C)[C@H]1CC[C@@H](C(=O)N[C@H](Cc2ccccc2)C(=O)O)CC1,1,O=C(NCCc1ccccc1)C1CCCCC1,C[C@H](N)Cc1ccccc1,1,c1ccccc1,0.31928864569083454,1,0.951572679262026
CC(C)[C@H]1CC[C@@H](C(=O)N[C@H](Cc2ccccc2)C(=O)O)CC1,1,O=C(NCCc1ccccc1)C1CCCCC1,CCOC(=O)[C@@H](CCc1ccccc1)N[C@H](C)C(=O)N1[C@H](C(=O)O)C[C@@H]2CCCC[C@@H]21,1,O=C(CNCCCc1ccccc1)N1CCC2CCCCC21,0.2976939203354298,1,0.9874630916284519
CC(C)[C@H]1CC[C@@H](C(=O)N[C@H](Cc2ccccc2)C(=O)O)CC1,1,O=C(NCCc1ccccc1)C1CCCCC1,CCOC(=O)[C@@H](CCc1ccccc1)N[C@H](C)C(=O)N1[C@H](C(=O)O)C[C@@H]2CCC[C@@H]21,1,O=C(CNCCCc1ccccc1)N1CCC2CCCC21,0.2976939203354298,1,0.98182328889915
C[C@H]1C[C@H]2[C@H]([C@H](O)C[C@]3(C)[C@@H]2CC[C@@]3(O)C(=O)CO)[C@]2(C)C=CC(=O)C=C12,1,O=C1C=CC2C(=C1)CCC1C3CCCC3CCC21,C[C@@]12C=CC(=O)C=C1CC[C@H]1[C@H]2[C@H](O)C[C@]2(C)[C@@H]1CC[C@@]2(O)C(=O)CO,1,O=C1C=CC2C(=C1)CCC1C3CCCC3CCC21,0.7361566484517305,1,0.999708700942856
C[C@H]1C[C@H]2[C@H]([C@H](O)C[C@]3(C)[C@@H]2CC[C@@]3(O)C(=O)CO)[C@]2(C)C=CC(=O)C=C12,1,O=C1C=CC2C(=C1)CCC1C3CCCC3CCC21,C[C@@]12CCC(=O)C=C1CC[C@H]1[C@H]2[C@H](O)C[C@]2(C)[C@@H]1CC[C@@]2(O)C(=O)CO,1,O=C1C=C2CCC3C4CCCC4CCC3C2CC1,0.5648507462686567,1,0.9998673121225432
C[C@H]1C[C@H]2[C@H]([C@H](O)C[C@]3(C)[C@@H]2CC[C@@]3(O)C(=O)CO)[C@]2(C)C=CC(=O)C=C12,1,O=C1C=CC2C(=C1)CCC1C3CCCC3CCC21,C[C@@H]1C[C@@H]2[C@@H]3CCC4=CC(=O)C=C[C@]4(C)[C@]3(F)[C@@H](O)C[C@]2(C)[C@@]1(O)C(=O)CO,1,O=C1C=CC2C(=C1)CCC1C3CCCC3CCC21,0.412991452991453,1,0.9998621703775494
C[C@H]1C[C@H]2[C@H]([C@H](O)C[C@]3(C)[C@@H]2CC[C@@]3(O)C(=O)CO)[C@]2(C)C=CC(=O)C=C12,1,O=C1C=CC2C(=C1)CCC1C3CCCC3CCC21,C[C@@]12C=CC(=O)C=C1CC[C@@H]1[C@H]3C[C@@H](O)[C@@](O)(C(=O)CO)[C@]3(C)C[C@@H](O)[C@@]12F,1,O=C1C=CC2C(=C1)CCC1C3CCCC3CCC21,0.399604743083004,1,0.9946243112394105
C[C@@]12C=CC(=O)C=C1CC[C@@H]1[C@H]3C[C@@H](O)[C@@](O)(C(=O)CO)[C@]3(C)C[C@@H](O)[C@@]12F,1,O=C1C=CC2C(=C1)CCC1C3CCCC3CCC21,C[C@@H]1C[C@@H]2[C@@H]3CCC4=CC(=O)C=C[C@]4(C)[C@]3(F)[C@@H](O)C[C@]2(C)[C@@]1(O)C(=O)CO,1,O=C1C=CC2C(=C1)CCC1C3CCCC3CCC21,0.8577192982456141,1,0.999979683136641
C[C@@]12C=CC(=O)C=C1CC[C@@H]1[C@H]3C[C@@H](O)[C@@](O)(C(=O)CO)[C@]3(C)C[C@@H](O)[C@@]12F,1,O=C1C=CC2C(=C1)CCC1C3CCCC3CCC21,C[C@@]12C=CC(=O)C=C1CC[C@H]1[C@H]2[C@H](O)C[C@]2(C)[C@@H]1CC[C@@]2(O)C(=O)CO,1,O=C1C=CC2C(=C1)CCC1C3CCCC3CCC21,0.4700258397932817,1,0.9999727755331375
C[C@@]12C=CC(=O)C=C1CC[C@@H]1[C@H]3C[C@@H](O)[C@@](O)(C(=O)CO)[C@]3(C)C[C@@H](O)[C@@]12F,1,O=C1C=CC2C(=C1)CCC1C3CCCC3CCC21,CC(=O)OCC(=O)[C@@]1(O)CC[C@@H]2[C@@H]3CCC4=CC(=O)CC[C@]4(C)[C@]3(F)[C@@H](O)C[C@@]21C,1,O=C1C=C2CCC3C4CCCC4CCC3C2CC1,0.4322820037105752,1,0.9999924465862503
C[C@@]12C=CC(=O)C=C1CC[C@@H]1[C@H]3C[C@@H](O)[C@@](O)(C(=O)CO)[C@]3(C)C[C@@H](O)[C@@]12F,1,O=C1C=CC2C(=C1)CCC1C3CCCC3CCC21,C[C@H]1C[C@H]2[C@H]([C@H](O)C[C@]3(C)[C@@H]2CC[C@@]3(O)C(=O)CO)[C@]2(C)C=CC(=O)C=C12,1,O=C1C=CC2C(=C1)CCC1C3CCCC3CCC21,0.399604743083004,1,0.9999727755331375
C[C@@]12C=CC(=O)C=C1CC[C@H]1[C@H]2[C@H](O)C[C@]2(C)[C@@H]1CC[C@@]2(O)C(=O)CO,1,O=C1C=CC2C(=C1)CCC1C3CCCC3CCC21,C[C@H]1C[C@H]2[C@H]([C@H](O)C[C@]3(C)[C@@H]2CC[C@@]3(O)C(=O)CO)[C@]2(C)C=CC(=O)C=C12,1,O=C1C=CC2C(=C1)CCC1C3CCCC3CCC21,0.7361566484517305,1,0.999708700942856
C[C@@]12C=CC(=O)C=C1CC[C@H]1[C@H]2[C@H](O)C[C@]2(C)[C@@H]1CC[C@@]2(O)C(=O)CO,1,O=C1C=CC2C(=C1)CCC1C3CCCC3CCC21,C[C@@]12CCC(=O)C=C1CC[C@H]1[C@H]2[C@H](O)C[C@]2(C)[C@@H]1CC[C@@]2(O)C(=O)CO,1,O=C1C=C2CCC3C4CCCC4CCC3C2CC1,0.7034234234234236,1,0.9998673121225432
C[C@@]12C=CC(=O)C=C1CC[C@H]1[C@H]2[C@H](O)C[C@]2(C)[C@@H]1CC[C@@]2(O)C(=O)CO,1,O=C1C=CC2C(=C1)CCC1C3CCCC3CCC21,C[C@@]12C=CC(=O)C=C1CC[C@@H]1[C@H]3C[C@@H](O)[C@@](O)(C(=O)CO)[C@]3(C)C[C@@H](O)[C@@]12F,1,O=C1C=CC2C(=C1)CCC1C3CCCC3CCC21,0.4700258397932817,1,0.9946243112394105
C[C@@]12C=CC(=O)C=C1CC[C@H]1[C@H]2[C@H](O)C[C@]2(C)[C@@H]1CC[C@@]2(O)C(=O)CO,1,O=C1C=CC2C(=C1)CCC1C3CCCC3CCC21,C[C@@H]1C[C@@H]2[C@@H]3CCC4=CC(=O)C=C[C@]4(C)[C@]3(F)[C@@H](O)C[C@]2(C)[C@@]1(O)C(=O)CO,1,O=C1C=CC2C(=C1)CCC1C3CCCC3CCC21,0.4607165304839724,1,0.9998621703775494
C[C@@H]1C[C@@H]2[C@@H]3CCC4=CC(=O)C=C[C@]4(C)[C@]3(F)[C@@H](O)C[C@]2(C)[C@@]1(O)C(=O)CO,1,O=C1C=CC2C(=C1)CCC1C3CCCC3CCC21,C[C@@]12C=CC(=O)C=C1CC[C@@H]1[C@H]3C[C@@H](O)[C@@](O)(C(=O)CO)[C@]3(C)C[C@@H](O)[C@@]12F,1,O=C1C=CC2C(=C1)CCC1C3CCCC3CCC21,0.8577192982456141,1,0.9938856216322277
C[C@@H]1C[C@@H]2[C@@H]3CCC4=CC(=O)C=C[C@]4(C)[C@]3(F)[C@@H](O)C[C@]2(C)[C@@]1(O)C(=O)CO,1,O=C1C=CC2C(=C1)CCC1C3CCCC3CCC21,C[C@@]12C=CC(=O)C=C1CC[C@H]1[C@H]2[C@H](O)C[C@]2(C)[C@@H]1CC[C@@]2(O)C(=O)CO,1,O=C1C=CC2C(=C1)CCC1C3CCCC3CCC21,0.4607165304839724,1,0.9997897879022575
C[C@@H]1C[C@@H]2[C@@H]3CCC4=CC(=O)C=C[C@]4(C)[C@]3(F)[C@@H](O)C[C@]2(C)[C@@]1(O)C(=O)CO,1,O=C1C=CC2C(=C1)CCC1C3CCCC3CCC21,CC(=O)OCC(=O)[C@@]1(O)CC[C@@H]2[C@@H]3CCC4=CC(=O)CC[C@]4(C)[C@]3(F)[C@@H](O)C[C@@]21C,1,O=C1C=C2CCC3C4CCCC4CCC3C2CC1,0.42412813226556445,1,0.9999416690534704
C[C@@H]1C[C@@H]2[C@@H]3CCC4=CC(=O)C=C[C@]4(C)[C@]3(F)[C@@H](O)C[C@]2(C)[C@@]1(O)C(=O)CO,1,O=C1C=CC2C(=C1)CCC1C3CCCC3CCC21,C[C@H]1C[C@H]2[C@H]([C@H](O)C[C@]3(C)[C@@H]2CC[C@@]3(O)C(=O)CO)[C@]2(C)C=CC(=O)C=C12,1,O=C1C=CC2C(=C1)CCC1C3CCCC3CCC21,0.412991452991453,1,0.9997897879022575
COc1ccc(CCN(C)CCC[C@](C#N)(c2cc(OC)c(OC)c(OC)c2)C(C)C)cc1OC,1,c1ccc(CCCCNCCc2ccccc2)cc1,COc1cc2c(cc1OC)[C@@H]1CC(=O)[C@H](CC(C)C)CN1CC2,1,O=C1CCN2CCc3ccccc3C2C1,0.25373376623376626,1,0.9908215016137495
COc1ccc(CCN(C)CCC[C@](C#N)(c2cc(OC)c(OC)c(OC)c2)C(C)C)cc1OC,1,c1ccc(CCCCNCCc2ccccc2)cc1,COc1ccc([C@]2(C#N)CC[C@H](C(=O)O)CC2)cc1OC1CCCC1,1,c1cc(OC2CCCC2)cc(C2CCCCC2)c1,0.24400000000000005,1,0.9983748987291053
COc1ccc(CCN(C)CCC[C@](C#N)(c2cc(OC)c(OC)c(OC)c2)C(C)C)cc1OC,1,c1ccc(CCCCNCCc2ccccc2)cc1,COc1cc(Cc2cnc(N)nc2N)cc(OC)c1OC,1,c1ccc(Cc2cncnc2)cc1,0.2343891402714932,1,0.9976511307965137
COc1ccc(CCN(C)CCC[C@](C#N)(c2cc(OC)c(OC)c(OC)c2)C(C)C)cc1OC,1,c1ccc(CCCCNCCc2ccccc2)cc1,COc1ccc2cc(CCC(C)=O)ccc2c1,1,c1ccc2ccccc2c1,0.22044127190136276,1,0.9976805016809684
CN[C@H](CC(C)C)C(=O)N[C@@H]1C(=O)N[C@H](CC(N)=O)C(=O)N[C@H]2C(=O)N[C@@H]3C(=O)N[C@H](C(=O)N[C@@H](C(=O)O)c4cc(O)cc(O)c4-c4cc3ccc4O)[C@H](O)c3ccc(c(Cl)c3)Oc3cc2cc(c3O[C@@H]2O[C@@H](CO)[C@@H](O)[C@H](O)[C@H]2O[C@@H]2C[C@@](C)(N)[C@H](O)[C@H](C)O2)Oc2ccc(cc2Cl)[C@@H]1O,0,O=C1CCc2ccc(cc2)Oc2cc3cc(c2OC2OCCCC2OC2CCCCO2)Oc2ccc(cc2)CC2NC(=O)C(NC(=O)C3NC(=O)CN1)c1cccc(c1)-c1ccccc1CNC2=O,CC[C@@H]1OC(=O)[C@H](C)[C@@H](O[C@H]2C[C@@](C)(OC)[C@H](O)[C@H](C)O2)[C@H](C)[C@@H](O[C@@H]2O[C@@H](C)C[C@@H](N(C)C)[C@@H]2O)[C@](C)(O)C[C@@H](C)C(=O)[C@@H](C)[C@H](O)[C@]1(C)O,1,O=C1CCCCOC(=O)CC(OC2CCCCO2)CC(OC2CCCCO2)CCC1,0.15804769001490312,0,0.037075067882451754
CN[C@H](CC(C)C)C(=O)N[C@@H]1C(=O)N[C@H](CC(N)=O)C(=O)N[C@H]2C(=O)N[C@@H]3C(=O)N[C@H](C(=O)N[C@@H](C(=O)O)c4cc(O)cc(O)c4-c4cc3ccc4O)[C@H](O)c3ccc(c(Cl)c3)Oc3cc2cc(c3O[C@@H]2O[C@@H](CO)[C@@H](O)[C@H](O)[C@H]2O[C@@H]2C[C@@](C)(N)[C@H](O)[C@H](C)O2)Oc2ccc(cc2Cl)[C@@H]1O,0,O=C1CCc2ccc(cc2)Oc2cc3cc(c2OC2OCCCC2OC2CCCCO2)Oc2ccc(cc2)CC2NC(=O)C(NC(=O)C3NC(=O)CN1)c1cccc(c1)-c1ccccc1CNC2=O,Cc1onc(-c2c(F)cccc2Cl)c1C(=O)N[C@@H]1C(=O)N2[C@H]1SC(C)(C)[C@H]2C(=O)O,1,O=C(NC1C(=O)N2CCSC12)c1conc1-c1ccccc1,0.14844051028378027,0,0.002124026948665804
CN[C@H](CC(C)C)C(=O)N[C@@H]1C(=O)N[C@H](CC(N)=O)C(=O)N[C@H]2C(=O)N[C@@H]3C(=O)N[C@H](C(=O)N[C@@H](C(=O)O)c4cc(O)cc(O)c4-c4cc3ccc4O)[C@H](O)c3ccc(c(Cl)c3)Oc3cc2cc(c3O[C@@H]2O[C@@H](CO)[C@@H](O)[C@H](O)[C@H]2O[C@@H]2C[C@@](C)(N)[C@H](O)[C@H](C)O2)Oc2ccc(cc2Cl)[C@@H]1O,0,O=C1CCc2ccc(cc2)Oc2cc3cc(c2OC2OCCCC2OC2CCCCO2)Oc2ccc(cc2)CC2NC(=O)C(NC(=O)C3NC(=O)CN1)c1cccc(c1)-c1ccccc1CNC2=O,C[C@@H](CCc1ccccc1)NC[C@@H](O)c1ccc(O)c(C(N)=O)c1,1,c1ccc(CCCNCCc2ccccc2)cc1,0.1463630613535737,0,0.04851163469974832
CN[C@H](CC(C)C)C(=O)N[C@@H]1C(=O)N[C@H](CC(N)=O)C(=O)N[C@H]2C(=O)N[C@@H]3C(=O)N[C@H](C(=O)N[C@@H](C(=O)O)c4cc(O)cc(O)c4-c4cc3ccc4O)[C@H](O)c3ccc(c(Cl)c3)Oc3cc2cc(c3O[C@@H]2O[C@@H](CO)[C@@H](O)[C@H](O)[C@H]2O[C@@H]2C[C@@](C)(N)[C@H](O)[C@H](C)O2)Oc2ccc(cc2Cl)[C@@H]1O,0,O=C1CCc2ccc(cc2)Oc2cc3cc(c2OC2OCCCC2OC2CCCCO2)Oc2ccc(cc2)CC2NC(=O)C(NC(=O)C3NC(=O)CN1)c1cccc(c1)-c1ccccc1CNC2=O,CC(C)(Oc1ccc([C@@H]2CC2(Cl)Cl)cc1)C(=O)O,1,c1ccc(C2CC2)cc1,0.1443310657596372,0,0.0761628839232933
COc1cc2nc(N3CCN(C(=O)[C@@H]4COc5ccccc5O4)CC3)nc(N)c2cc1OC,1,O=C(C1COc2ccccc2O1)N1CCN(c2ncc3ccccc3n2)CC1,COc1cc2nc(N3CCN(C(=O)[C@@H]4CCCO4)CC3)nc(N)c2cc1OC,1,O=C(C1CCCO1)N1CCN(c2ncc3ccccc3n2)CC1,0.6753787878787879,1,0.999968977385404
COc1cc2nc(N3CCN(C(=O)[C@@H]4COc5ccccc5O4)CC3)nc(N)c2cc1OC,1,O=C(C1COc2ccccc2O1)N1CCN(c2ncc3ccccc3n2)CC1,N=C(N)NC[C@@H]1COc2ccccc2O1,1,c1ccc2c(c1)OCCO2,0.25384615384615383,1,0.9994627200547544
COc1cc2nc(N3CCN(C(=O)[C@@H]4COc5ccccc5O4)CC3)nc(N)c2cc1OC,1,O=C(C1COc2ccccc2O1)N1CCN(c2ncc3ccccc3n2)CC1,COc1ccccc1N1CCN(CCCNc2cc(=O)n(C)c(=O)n2C)CC1,1,O=c1cc(NCCCN2CCN(c3ccccc3)CC2)[nH]c(=O)[nH]1,0.22905187835420396,1,0.9999752397182723
COc1cc2nc(N3CCN(C(=O)[C@@H]4COc5ccccc5O4)CC3)nc(N)c2cc1OC,1,O=C(C1COc2ccccc2O1)N1CCN(c2ncc3ccccc3n2)CC1,COc1ccc2c3c1O[C@H]1[C@@H](O)CC[C@@H]4[C@H](C2)N(C)CC[C@]341,1,c1cc2c3c(c1)OC1CCCC4C(C2)NCCC314,0.219488763081146,1,0.9997970846585257
CCCC[C@@H]1C(=O)C(=O)N(c2ccccc2)N1c1ccccc1,1,O=C1CN(c2ccccc2)N(c2ccccc2)C1=O,O=C1C(CCS(=O)c2ccccc2)C(=O)N(c2ccccc2)N1c1ccccc1,1,O=C1C(CCS(=O)c2ccccc2)C(=O)N(c2ccccc2)N1c1ccccc1,0.3278959810874705,1,0.9997359467443727
CCCC[C@@H]1C(=O)C(=O)N(c2ccccc2)N1c1ccccc1,1,O=C1CN(c2ccccc2)N(c2ccccc2)C1=O,CCC1(c2ccccc2)C(=O)NC(=O)NC1=O,1,O=C1NC(=O)C(c2ccccc2)C(=O)N1,0.24685990338164251,1,0.9881103631287184
CCCC[C@@H]1C(=O)C(=O)N(c2ccccc2)N1c1ccccc1,1,O=C1CN(c2ccccc2)N(c2ccccc2)C1=O,O=C1c2ccccc2C(=O)C1c1ccccc1,1,O=C1c2ccccc2C(=O)C1c1ccccc1,0.24673485444531865,1,0.996629235473726
CCCC[C@@H]1C(=O)C(=O)N(c2ccccc2)N1c1ccccc1,1,O=C1CN(c2ccccc2)N(c2ccccc2)C1=O,CCC1(c2ccccc2)C(=O)NCNC1=O,1,O=C1NCNC(=O)C1c1ccccc1,0.2388888888888889,1,0.9950246775800525
COC(=O)[C@H](c1ccccc1)[C@@H]1CCCCN1,1,c1ccc(CC2CCCCN2)cc1,Oc1ccc([C@H](O)[C@@H]2CCCCN2)cc1O,1,c1ccc(CC2CCCCN2)cc1,0.3956140350877193,1,0.930255828075607
COC(=O)[C@H](c1ccccc1)[C@@H]1CCCCN1,1,c1ccc(CC2CCCCN2)cc1,CN1[C@@H]2CC[C@H]1C[C@H](OC(=O)[C@@H](CO)c1ccccc1)C2,1,O=C(Cc1ccccc1)OC1CC2CCC(C1)N2,0.32225913621262464,1,0.9934723068360329
COC(=O)[C@H](c1ccccc1)[C@@H]1CCCCN1,1,c1ccc(CC2CCCCN2)cc1,NC(=O)OCC(COC(N)=O)c1ccccc1,1,c1ccccc1,0.3030037546933667,1,0.9309090600952002
COC(=O)[C@H](c1ccccc1)[C@@H]1CCCCN1,1,c1ccc(CC2CCCCN2)cc1,O=C(NC[C@@H]1CCCCN1)c1cc(OCC(F)(F)F)ccc1OCC(F)(F)F,1,O=C(NCC1CCCCN1)c1ccccc1,0.281592039800995,1,0.9981039263239647
Oc1ccc([C@H](O)[C@@H]2CCCCN2)cc1O,1,c1ccc(CC2CCCCN2)cc1,CC(C)N[C@@H](O)c1ccc(O)c(O)c1,1,c1ccccc1,0.41375000000000006,1,0.9897131813561123
Oc1ccc([C@H](O)[C@@H]2CCCCN2)cc1O,1,c1ccc(CC2CCCCN2)cc1,COC(=O)[C@H](c1ccccc1)[C@@H]1CCCCN1,1,c1ccc(CC2CCCCN2)cc1,0.3956140350877193,1,0.9794158551086298
Oc1ccc([C@H](O)[C@@H]2CCCCN2)cc1O,1,c1ccc(CC2CCCCN2)cc1,C[C@H](NCCc1ccc(O)cc1)[C@@H](O)c1ccc(O)cc1,1,c1ccc(CCNCCc2ccccc2)cc1,0.2659536541889483,1,0.9955512180212704
Oc1ccc([C@H](O)[C@@H]2CCCCN2)cc1O,1,c1ccc(CC2CCCCN2)cc1,CC(C)NC[C@@H](O)c1cc(O)cc(O)c1,1,c1ccccc1,0.2531914893617021,1,0.9926527417076247
Cc1c(N(C)C)c(=N)n(-c2ccccc2)n1C,1,N=c1cc[nH]n1-c1ccccc1,CCOC(=O)C1(c2ccccc2)CCN(C)CC1,1,c1ccc(C2CCNCC2)cc1,0.1953177257525084,1,0.9994417682491473
Cc1c(N(C)C)c(=N)n(-c2ccccc2)n1C,1,N=c1cc[nH]n1-c1ccccc1,CN(C)CC[C@H](c1ccccc1)c1ccccn1,1,c1ccc(Cc2ccccn2)cc1,0.1943764172335601,1,0.9999662477823444
Cc1c(N(C)C)c(=N)n(-c2ccccc2)n1C,1,N=c1cc[nH]n1-c1ccccc1,Cc1ccccc1[C@@H](OCCN(C)C)c1ccccc1,1,c1ccc(Cc2ccccc2)cc1,0.19019607843137254,1,0.9998306994169295
Cc1c(N(C)C)c(=N)n(-c2ccccc2)n1C,1,N=c1cc[nH]n1-c1ccccc1,CCCC[C@@H]1C(=O)C(=O)N(c2ccccc2)N1c1ccccc1,1,O=C1CN(c2ccccc2)N(c2ccccc2)C1=O,0.18868092691622104,1,0.9999657926347357
Cc1cnc(C(=O)NCCc2ccc(S(=O)(=O)NC(=O)NC3CCCCC3)cc2)cn1,1,O=C(NC1CCCCC1)NS(=O)(=O)c1ccc(CCNC(=O)c2cnccn2)cc1,CCC1=C(C)CN(C(=O)NCCc2ccc(S(=O)(=O)NC(=O)N[C@H]3CC[C@H](C)CC3)cc2)C1=O,1,O=C(NC1CCCCC1)NS(=O)(=O)c1ccc(CCNC(=O)N2CC=CC2=O)cc1,0.4732869910625621,1,0.9996951359487976
Cc1cnc(C(=O)NCCc2ccc(S(=O)(=O)NC(=O)NC3CCCCC3)cc2)cn1,1,O=C(NC1CCCCC1)NS(=O)(=O)c1ccc(CCNC(=O)c2cnccn2)cc1,COc1ccc2c(c1)C(=O)N(CCc1ccc(S(=O)(=O)NC(=O)NC3CCCCC3)cc1)C(=O)C2(C)C,1,O=C(NC1CCCCC1)NS(=O)(=O)c1ccc(CCN2C(=O)Cc3ccccc3C2=O)cc1,0.43625730994152045,1,0.999857629870913
Cc1cnc(C(=O)NCCc2ccc(S(=O)(=O)NC(=O)NC3CCCCC3)cc2)cn1,1,O=C(NC1CCCCC1)NS(=O)(=O)c1ccc(CCNC(=O)c2cnccn2)cc1,CCCCNC(=O)NS(=O)(=O)c1ccc(C)cc1,1,c1ccccc1,0.35681818181818187,1,0.9985251678035698
Cc1cnc(C(=O)NCCc2ccc(S(=O)(=O)NC(=O)NC3CCCCC3)cc2)cn1,1,O=C(NC1CCCCC1)NS(=O)(=O)c1ccc(CCNC(=O)c2cnccn2)cc1,Cc1ccc(S(=O)(=O)NC(=O)NN2C[C@H]3CCC[C@H]3C2)cc1,1,O=C(NN1CC2CCCC2C1)NS(=O)(=O)c1ccccc1,0.3440146207736826,1,0.9988123393381108
CCC(=C(CC)c1ccc(O)cc1)c1ccc(O)cc1,1,C(=Cc1ccccc1)c1ccccc1,CC(=O)Nc1ccc(O)cc1,1,c1ccccc1,0.3175066312997348,1,0.9632026803304655
CCC(=C(CC)c1ccc(O)cc1)c1ccc(O)cc1,1,C(=Cc1ccccc1)c1ccccc1,CCC(=C(c1ccccc1)c1ccc(OCCN(C)C)cc1)c1ccccc1,1,C(=C(c1ccccc1)c1ccccc1)c1ccccc1,0.31714285714285717,1,0.9932459128183715
CCC(=C(CC)c1ccc(O)cc1)c1ccc(O)cc1,1,C(=Cc1ccccc1)c1ccccc1,CN(C(=O)C(Cl)Cl)c1ccc(O)cc1,1,c1ccccc1,0.29324618736383445,1,0.9795960255403271
CCC(=C(CC)c1ccc(O)cc1)c1ccc(O)cc1,1,C(=Cc1ccccc1)c1ccccc1,C[C@@H](Cc1ccc(O)cc1)N[C@@H](O)Cc1cc(O)cc(O)c1,1,c1ccc(CCNCCc2ccccc2)cc1,0.28385964912280703,1,0.9961902166604666
N=C(NCCCCNC(=N)NC(=N)Nc1ccc(Cl)cc1)NC(=N)Nc1ccc(Cl)cc1,0,N=C(NCCCCNC(=N)NC(=N)Nc1ccccc1)NC(=N)Nc1ccccc1,CC(C)NC(=N)NC(=N)Nc1ccc(Cl)cc1,1,c1ccccc1,0.5940540540540541,0,0.04578471232173233
N=C(NCCCCNC(=N)NC(=N)Nc1ccc(Cl)cc1)NC(=N)Nc1ccc(Cl)cc1,0,N=C(NCCCCNC(=N)NC(=N)Nc1ccccc1)NC(=N)Nc1ccccc1,CCCNC(=O)NS(=O)(=O)c1ccc(Cl)cc1,1,c1ccccc1,0.25852713178294573,0,0.3643296887724839
N=C(NCCCCNC(=N)NC(=N)Nc1ccc(Cl)cc1)NC(=N)Nc1ccc(Cl)cc1,0,N=C(NCCCCNC(=N)NC(=N)Nc1ccccc1)NC(=N)Nc1ccccc1,OC[C@H](O)COc1ccc(Cl)cc1,1,c1ccccc1,0.22797202797202798,0,0.04505847689138966
N=C(NCCCCNC(=N)NC(=N)Nc1ccc(Cl)cc1)NC(=N)Nc1ccc(Cl)cc1,0,N=C(NCCCCNC(=N)NC(=N)Nc1ccccc1)NC(=N)Nc1ccccc1,N[C@H](CCC(=O)O)c1ccc(Cl)cc1,1,c1ccccc1,0.21577350859453995,0,0.13093217407774277
O=C(O)[C@H](CCc1ccccc1)N[C@@H]1CCCN2CCC[C@@H](C(=O)O)N2C1=O,0,O=C1C(NCCCc2ccccc2)CCCN2CCCCN12,CCOC(=O)[C@H](CCc1ccccc1)N[C@@H]1CCCN2CCC[C@@H](C(=O)O)N2C1=O,1,O=C1C(NCCCc2ccccc2)CCCN2CCCCN12,0.7857142857142858,0,0.2861603992832443
O=C(O)[C@H](CCc1ccccc1)N[C@@H]1CCCN2CCC[C@@H](C(=O)O)N2C1=O,0,O=C1C(NCCCc2ccccc2)CCCN2CCCCN12,CCOC(=O)[C@@H](CCc1ccccc1)N[C@H](C)C(=O)N1[C@H](C(=O)O)C[C@@H]2CCCC[C@@H]21,1,O=C(CNCCCc1ccccc1)N1CCC2CCCCC21,0.38405863490609254,0,0.28387334079075704
O=C(O)[C@H](CCc1ccccc1)N[C@@H]1CCCN2CCC[C@@H](C(=O)O)N2C1=O,0,O=C1C(NCCCc2ccccc2)CCCN2CCCCN12,CCOC(=O)[C@@H](CCc1ccccc1)N[C@H](C)C(=O)N1[C@H](C(=O)O)C[C@@H]2CCC[C@@H]21,1,O=C(CNCCCc1ccccc1)N1CCC2CCCC21,0.38405863490609254,0,0.21374106369166204
O=C(O)[C@H](CCc1ccccc1)N[C@@H]1CCCN2CCC[C@@H](C(=O)O)N2C1=O,0,O=C1C(NCCCc2ccccc2)CCCN2CCCCN12,CC(C)[C@H]1CC[C@@H](C(=O)N[C@H](Cc2ccccc2)C(=O)O)CC1,1,O=C(NCCc1ccccc1)C1CCCCC1,0.30168350168350166,0,0.14952215142739259
CCOC(=O)[C@H](CCc1ccccc1)N[C@@H]1CCCN2CCC[C@@H](C(=O)O)N2C1=O,1,O=C1C(NCCCc2ccccc2)CCCN2CCCCN12,CCOC(=O)[C@@H](CCc1ccccc1)N[C@H](C)C(=O)N1[C@H](C(=O)O)C[C@@H]2CCCC[C@@H]21,1,O=C(CNCCCc1ccccc1)N1CCC2CCCCC21,0.5111111111111111,1,0.9885655608214462
CCOC(=O)[C@H](CCc1ccccc1)N[C@@H]1CCCN2CCC[C@@H](C(=O)O)N2C1=O,1,O=C1C(NCCCc2ccccc2)CCCN2CCCCN12,CCOC(=O)[C@@H](CCc1ccccc1)N[C@H](C)C(=O)N1[C@H](C(=O)O)C[C@@H]2CCC[C@@H]21,1,O=C(CNCCCc1ccccc1)N1CCC2CCCC21,0.5111111111111111,1,0.9834133797969784
CCOC(=O)[C@H](CCc1ccccc1)N[C@@H]1CCCN2CCC[C@@H](C(=O)O)N2C1=O,1,O=C1C(NCCCc2ccccc2)CCCN2CCCCN12,CCC[C@@H](N[C@H](C)C(=O)N1[C@H](C(=O)O)C[C@@H]2CCCC[C@@H]21)C(=O)OCC,1,C1CCC2NCCC2C1,0.36824242424242426,1,0.9937901488908878
CCOC(=O)[C@H](CCc1ccccc1)N[C@@H]1CCCN2CCC[C@@H](C(=O)O)N2C1=O,1,O=C1C(NCCCc2ccccc2)CCCN2CCCCN12,CCOC(=O)C1(c2ccccc2)CCN(C)CC1,1,c1ccc(C2CCNCC2)cc1,0.27807486631016043,1,0.865018621328364
Cc1ccc(-c2c(-c3ccc(S(C)(=O)=O)cc3)cc(Cl)c[n+]2[O-])cn1,1,c1ccc(-c2ccc[nH+]c2-c2cccnc2)cc1,Cc1cnc(C(=O)O)c[n+]1[O-],1,c1c[nH+]ccn1,0.23490028490028492,1,0.9988214327842613
Cc1ccc(-c2c(-c3ccc(S(C)(=O)=O)cc3)cc(Cl)c[n+]2[O-])cn1,1,c1ccc(-c2ccc[nH+]c2-c2cccnc2)cc1,Cc1cc(C)nc(NS(=O)(=O)c2ccc(N)cc2)n1,1,O=S(=O)(Nc1ncccn1)c1ccccc1,0.22459336369551075,1,0.95303200259693
Cc1ccc(-c2c(-c3ccc(S(C)(=O)=O)cc3)cc(Cl)c[n+]2[O-])cn1,1,c1ccc(-c2ccc[nH+]c2-c2cccnc2)cc1,Cc1cc(NS(=O)(=O)c2ccc(N)cc2)nc(C)n1,1,O=S(=O)(Nc1ccncn1)c1ccccc1,0.21334894613583139,1,0.95303200259693
Cc1ccc(-c2c(-c3ccc(S(C)(=O)=O)cc3)cc(Cl)c[n+]2[O-])cn1,1,c1ccc(-c2ccc[nH+]c2-c2cccnc2)cc1,CN1C(=O)CN=C(c2ccccc2)c2cc(Cl)ccc21,1,O=C1CN=C(c2ccccc2)c2ccccc2N1,0.21304843304843307,1,0.9983550852262704
C[C@H](NCCc1ccc(O)cc1)[C@@H](O)c1ccc(O)cc1,1,c1ccc(CCNCCc2ccccc2)cc1,CN[C@@H](C)[C@@H](O)c1ccccc1,1,c1ccccc1,0.4018796992481203,1,0.9935778871701024
C[C@H](NCCc1ccc(O)cc1)[C@@H](O)c1ccc(O)cc1,1,c1ccc(CCNCCc2ccccc2)cc1,C[C@@H](Cc1ccc(O)cc1)N[C@@H](O)Cc1cc(O)cc(O)c1,1,c1ccc(CCNCCc2ccccc2)cc1,0.393939393939394,1,0.9942315200472622
C[C@H](NCCc1ccc(O)cc1)[C@@H](O)c1ccc(O)cc1,1,c1ccc(CCNCCc2ccccc2)cc1,COc1cccc(C(=O)CCN[C@@H](C)[C@@H](O)c2ccccc2)c1,1,O=C(CCNCCc1ccccc1)c1ccccc1,0.3664814814814815,1,0.9967856019698264
C[C@H](NCCc1ccc(O)cc1)[C@@H](O)c1ccc(O)cc1,1,c1ccc(CCNCCc2ccccc2)cc1,CC(C)NC[C@@H](O)c1cc(O)cc(O)c1,1,c1ccccc1,0.36095238095238097,1,0.996309038271575
C[C@@H](Cc1ccc(O)cc1)N[C@@H](O)Cc1cc(O)cc(O)c1,1,c1ccc(CCNCCc2ccccc2)cc1,C[C@H](NCCc1ccc(O)cc1)[C@@H](O)c1ccc(O)cc1,1,c1ccc(CCNCCc2ccccc2)cc1,0.393939393939394,1,0.9896678421372095
C[C@@H](Cc1ccc(O)cc1)N[C@@H](O)Cc1cc(O)cc(O)c1,1,c1ccc(CCNCCc2ccccc2)cc1,CC(C)NC[C@@H](O)c1cc(O)cc(O)c1,1,c1ccccc1,0.3669207317073171,1,0.98164673210937
C[C@@H](Cc1ccc(O)cc1)N[C@@H](O)Cc1cc(O)cc(O)c1,1,c1ccc(CCNCCc2ccccc2)cc1,CC(C)(C)NC[C@@H](O)c1cc(O)cc(O)c1,1,c1ccccc1,0.3267089499647639,1,0.98164673210937
C[C@@H](Cc1ccc(O)cc1)N[C@@H](O)Cc1cc(O)cc(O)c1,1,c1ccc(CCNCCc2ccccc2)cc1,CC(C)N[C@@H](O)c1ccc(O)c(O)c1,1,c1ccccc1,0.3200300075018755,1,0.9951989545065439
O=C1NS(=O)(=O)c2ccccc21,1,O=C1NS(=O)(=O)c2ccccc21,CC1=Nc2ccc(Cl)cc2S(=O)(=O)N1,1,O=S1(=O)NC=Nc2ccccc21,0.32916666666666666,1,0.9999154216277732
O=C1NS(=O)(=O)c2ccccc21,1,O=C1NS(=O)(=O)c2ccccc21,O=C1c2ccccc2C(=O)C1c1ccccc1,1,O=C1c2ccccc2C(=O)C1c1ccccc1,0.29456521739130437,1,0.9982311317424055
O=C1NS(=O)(=O)c2ccccc21,1,O=C1NS(=O)(=O)c2ccccc21,O=C1NNC(=O)C1(c1ccccc1)c1ccccc1,1,O=C1NNC(=O)C1(c1ccccc1)c1ccccc1,0.268939393939394,1,0.9995829500945513
O=C1NS(=O)(=O)c2ccccc21,1,O=C1NS(=O)(=O)c2ccccc21,NS(=O)(=O)c1cc([C@@]2(O)NC(=O)c3ccccc32)ccc1Cl,1,O=C1NC(c2ccccc2)c2ccccc21,0.2540792540792541,1,0.9996152849946126
N#C[C@H](O[C@@H]1O[C@@H](CO[C@@H]2O[C@@H](CO)[C@@H](O)[C@H](O)[C@@H]2O)[C@@H](O)[C@H](O)[C@@H]1O)c1ccccc1,0,c1ccc(COC2CCCC(COC3CCCCO3)O2)cc1,CN1[C@@H]2CC[C@H]1C[C@H](OC(=O)[C@@H](CO)c1ccccc1)C2,1,O=C(Cc1ccccc1)OC1CC2CCC(C1)N2,0.2127058823529412,0,0.027036830485373885
N#C[C@H](O[C@@H]1O[C@@H](CO[C@@H]2O[C@@H](CO)[C@@H](O)[C@H](O)[C@@H]2O)[C@@H](O)[C@H](O)[C@@H]1O)c1ccccc1,0,c1ccc(COC2CCCC(COC3CCCCO3)O2)cc1,NC(=O)OCC(COC(N)=O)c1ccccc1,1,c1ccccc1,0.2123234916559692,0,0.028047444860808363
N#C[C@H](O[C@@H]1O[C@@H](CO[C@@H]2O[C@@H](CO)[C@@H](O)[C@H](O)[C@@H]2O)[C@@H](O)[C@H](O)[C@@H]1O)c1ccccc1,0,c1ccc(COC2CCCC(COC3CCCCO3)O2)cc1,C[C@H](C(=O)O)c1cccc(Oc2ccccc2)c1,1,c1ccc(Oc2ccccc2)cc1,0.2025,0,0.03471359446048734
N#C[C@H](O[C@@H]1O[C@@H](CO[C@@H]2O[C@@H](CO)[C@@H](O)[C@H](O)[C@@H]2O)[C@@H](O)[C@H](O)[C@@H]1O)c1ccccc1,0,c1ccc(COC2CCCC(COC3CCCCO3)O2)cc1,N=c1nc2n(cc1F)[C@H]1O[C@@H](CO)[C@H](O)[C@H]1O2,1,N=c1ccn2c(n1)OC1CCOC12,0.20231884057971017,0,0.006298165415556558
COc1cccc(C(=O)CCN[C@@H](C)[C@@H](O)c2ccccc2)c1,1,O=C(CCNCCc1ccccc1)c1ccccc1,CN[C@@H](C)[C@@H](O)c1ccccc1,1,c1ccccc1,0.4245524296675192,1,0.9997157331726616
COc1cccc(C(=O)CCN[C@@H](C)[C@@H](O)c2ccccc2)c1,1,O=C(CCNCCc1ccccc1)c1ccccc1,C[C@H](NCCc1ccc(O)cc1)[C@@H](O)c1ccc(O)cc1,1,c1ccc(CCNCCc2ccccc2)cc1,0.3664814814814815,1,0.999726069047366
COc1cccc(C(=O)CCN[C@@H](C)[C@@H](O)c2ccccc2)c1,1,O=C(CCNCCc1ccccc1)c1ccccc1,COc1cccc(C[C@H](C)N)c1,1,c1ccccc1,0.35343035343035345,1,0.986187655742676
COc1cccc(C(=O)CCN[C@@H](C)[C@@H](O)c2ccccc2)c1,1,O=C(CCNCCc1ccccc1)c1ccccc1,C[C@H](C(=O)O)c1cccc(Oc2ccccc2)c1,1,c1ccc(Oc2ccccc2)cc1,0.33679245283018866,1,0.9982006488687833
Cc1ccc(O)c([C@@H](CCN(C(C)C)C(C)C)c2ccccc2)c1,1,c1ccc(Cc2ccccc2)cc1,CN(C)CC[C@H](c1ccccc1)c1ccccn1,1,c1ccc(Cc2ccccn2)cc1,0.326,1,0.9989483331488128
Cc1ccc(O)c([C@@H](CCN(C(C)C)C(C)C)c2ccccc2)c1,1,c1ccc(Cc2ccccc2)cc1,Cc1ccccc1[C@@H](OCCN(C)C)c1ccccc1,1,c1ccc(Cc2ccccc2)cc1,0.2751955821445007,1,0.9951389761507649
Cc1ccc(O)c([C@@H](CCN(C(C)C)C(C)C)c2ccccc2)c1,1,c1ccc(Cc2ccccc2)cc1,C[C@@H](CCc1ccccc1)NC[C@@H](O)c1ccc(O)c(C(N)=O)c1,1,c1ccc(CCCNCCc2ccccc2)cc1,0.2696428571428572,1,0.9983934693286817
Cc1ccc(O)c([C@@H](CCN(C(C)C)C(C)C)c2ccccc2)c1,1,c1ccc(Cc2ccccc2)cc1,CC[C@H](c1ccccc1)c1c(O)c2ccccc2oc1=O,1,O=c1oc2ccccc2cc1Cc1ccccc1,0.26363636363636367,1,0.9997075679179926
CCC(=O)C(C[C@H](C)N(C)C)(c1ccccc1)c1ccccc1,1,c1ccc(Cc2ccccc2)cc1,CCC(=O)O[C@@](Cc1ccccc1)(c1ccccc1)[C@@H](C)CN(C)C,1,c1ccc(CCc2ccccc2)cc1,0.37435897435897436,1,0.9969888662951881
CCC(=O)C(C[C@H](C)N(C)C)(c1ccccc1)c1ccccc1,1,c1ccc(Cc2ccccc2)cc1,CCN(CC)[C@H](C)C(=O)c1ccccc1,1,c1ccccc1,0.3590697674418605,1,0.9993732018339931
CCC(=O)C(C[C@H](C)N(C)C)(c1ccccc1)c1ccccc1,1,c1ccc(Cc2ccccc2)cc1,C[C@H](CN1CCOCC1)C(C(=O)N1CCCC1)(c1ccccc1)c1ccccc1,1,O=C(N1CCCC1)C(CCN1CCOCC1)(c1ccccc1)c1ccccc1,0.30350877192982456,1,0.9999490194881517
CCC(=O)C(C[C@H](C)N(C)C)(c1ccccc1)c1ccccc1,1,c1ccc(Cc2ccccc2)cc1,CCCC(=O)[C@]1(c2ccccc2)CCC=C[C@@H]1N(C)C,1,C1=CCC(c2ccccc2)CC1,0.3019548872180451,1,0.9990187251382942
NC(=O)CS(=O)C(c1ccccc1)c1ccccc1,1,c1ccc(Cc2ccccc2)cc1,NC(=O)OCC(COC(N)=O)c1ccccc1,1,c1ccccc1,0.4397883597883598,1,0.9893613362118043
NC(=O)CS(=O)C(c1ccccc1)c1ccccc1,1,c1ccc(Cc2ccccc2)cc1,C[C@H](C(=O)O)c1cccc(C(=O)c2ccccc2)c1,1,O=C(c1ccccc1)c1ccccc1,0.29308755760368665,1,0.9838998980181676
NC(=O)CS(=O)C(c1ccccc1)c1ccccc1,1,c1ccc(Cc2ccccc2)cc1,C[C@H](N)[C@@H](O)c1ccccc1,1,c1ccccc1,0.292807881773399,1,0.9664531824646582
NC(=O)CS(=O)C(c1ccccc1)c1ccccc1,1,c1ccc(Cc2ccccc2)cc1,C[C@H](C(=O)O)c1cccc(Oc2ccccc2)c1,1,c1ccc(Oc2ccccc2)cc1,0.28575581395348837,1,0.9920826709074737
Cc1ccccc1[C@@H](OCCN(C)C)c1ccccc1,1,c1ccc(Cc2ccccc2)cc1,CN(C)CC[C@H](c1ccccc1)c1ccccn1,1,c1ccc(Cc2ccccn2)cc1,0.33615560640732267,1,0.9990359555451583
Cc1ccccc1[C@@H](OCCN(C)C)c1ccccc1,1,c1ccc(Cc2ccccc2)cc1,CCC(=C(c1ccccc1)c1ccc(OCCN(C)C)cc1)c1ccccc1,1,C(=C(c1ccccc1)c1ccccc1)c1ccccc1,0.32466460268317854,1,0.9976486736815346
Cc1ccccc1[C@@H](OCCN(C)C)c1ccccc1,1,c1ccc(Cc2ccccc2)cc1,CC(=O)Oc1cc(C(C)C)c(OCCN(C)C)cc1C,1,c1ccccc1,0.305458089668616,1,0.9967381369902584
Cc1ccccc1[C@@H](OCCN(C)C)c1ccccc1,1,c1ccc(Cc2ccccc2)cc1,CN(C)CCOc1ccc(C(=C(CCCl)c2ccccc2)c2ccccc2)cc1,1,C(=C(c1ccccc1)c1ccccc1)c1ccccc1,0.3053297199638663,1,0.9929085926493014
CNCCCCOc1ccccc1Cc1ccccc1,1,c1ccc(Cc2ccccc2)cc1,C=CCc1ccccc1OC[C@@H](O)CNC(C)C,1,c1ccccc1,0.33595706618962434,1,0.9816495878567553
CNCCCCOc1ccccc1Cc1ccccc1,1,c1ccc(Cc2ccccc2)cc1,CNCCCC1c2ccccc2C=Cc2ccccc21,1,C1=Cc2ccccc2Cc2ccccc21,0.3312418300653595,1,0.9985160591665163
CNCCCCOc1ccccc1Cc1ccccc1,1,c1ccc(Cc2ccccc2)cc1,CNCC[C@@H](Oc1ccc(C(F)(F)F)cc1)c1ccccc1,1,c1ccc(COc2ccccc2)cc1,0.30079443892750746,1,0.9987202487504679
CNCCCCOc1ccccc1Cc1ccccc1,1,c1ccc(Cc2ccccc2)cc1,CNCCC[C@]12CC[C@H](c3ccccc31)c1ccccc12,1,c1ccc2c(c1)C1CCC2c2ccccc21,0.29960784313725497,1,0.9990519470921077
COc1ccccc1N1CCN(CCCNc2cc(=O)n(C)c(=O)n2C)CC1,1,O=c1cc(NCCCN2CCN(c3ccccc3)CC2)[nH]c(=O)[nH]1,CCc1nn(CCCN2CCN(c3cccc(Cl)c3)CC2)c(=O)n1CCOc1ccccc1,1,O=c1n(CCOc2ccccc2)cnn1CCCN1CCN(c2ccccc2)CC1,0.30472934472934476,1,0.9999964367261787
COc1ccccc1N1CCN(CCCNc2cc(=O)n(C)c(=O)n2C)CC1,1,O=c1cc(NCCCN2CCN(c3ccccc3)CC2)[nH]c(=O)[nH]1,O=C1CC2(CCCC2)CC(=O)N1CCCCN1CCN(c2ncccn2)CC1,1,O=C1CC2(CCCC2)CC(=O)N1CCCCN1CCN(c2ncccn2)CC1,0.25656174334140436,1,0.9999978169834766
COc1ccccc1N1CCN(CCCNc2cc(=O)n(C)c(=O)n2C)CC1,1,O=c1cc(NCCCN2CCN(c3ccccc3)CC2)[nH]c(=O)[nH]1,CN1CCN(CCCN2c3ccccc3Sc3ccc(C(F)(F)F)cc32)CC1,1,c1ccc2c(c1)Sc1ccccc1N2CCCN1CCNCC1,0.25567680520083585,1,0.9999995372841113
COc1ccccc1N1CCN(CCCNc2cc(=O)n(C)c(=O)n2C)CC1,1,O=c1cc(NCCCN2CCN(c3ccccc3)CC2)[nH]c(=O)[nH]1,OCCN1CCN(CCCN2c3ccccc3Sc3ccc(Cl)cc32)CC1,1,c1ccc2c(c1)Sc1ccccc1N2CCCN1CCNCC1,0.24745762711864408,1,0.9999992037456196
COc1ccc2cc(CCC(C)=O)ccc2c1,1,c1ccc2ccccc2c1,COc1ccc2cc([C@H](C)C(=O)O)ccc2c1,1,c1ccc2ccccc2c1,0.45710186513629847,1,0.9951762743430123
COc1ccc2cc(CCC(C)=O)ccc2c1,1,c1ccc2ccccc2c1,COc1cccc(C[C@H](C)N)c1,1,c1ccccc1,0.33561046511627907,1,0.9910372250527412
COc1ccc2cc(CCC(C)=O)ccc2c1,1,c1ccc2ccccc2c1,COc1ccc2c(c1)c(CC(=O)O)cn2C(=O)c1ccccc1,1,O=C(c1ccccc1)n1ccc2ccccc21,0.29230174081237914,1,0.9996177211037321
COc1ccc2cc(CCC(C)=O)ccc2c1,1,c1ccc2ccccc2c1,COc1cccc(C(=O)CCN[C@@H](C)[C@@H](O)c2ccccc2)c1,1,O=C(CCNCCc1ccccc1)c1ccccc1,0.2896776825785394,1,0.999295279363445
CC(C)N[C@@H](C)[C@@H](O)c1cccc2ccccc12,1,c1ccc2ccccc2c1,CN[C@@H](C)[C@@H](O)c1ccccc1,1,c1ccccc1,0.3936842105263158,1,0.9935193289619428
CC(C)N[C@@H](C)[C@@H](O)c1cccc2ccccc12,1,c1ccc2ccccc2c1,C[C@H](N)[C@@H](O)c1ccccc1,1,c1ccccc1,0.3355789473684211,1,0.9852695386813587
CC(C)N[C@@H](C)[C@@H](O)c1cccc2ccccc12,1,c1ccc2ccccc2c1,CC(C)c1cccc(C(C)C)c1O,1,c1ccccc1,0.3085714285714286,1,0.9659210348301264
CC(C)N[C@@H](C)[C@@H](O)c1cccc2ccccc12,1,c1ccc2ccccc2c1,CC(C)N[C@@H](O)c1ccc(O)c(O)c1,1,c1ccccc1,0.30599078341013825,1,0.9773122497793432
CN(C/C=C/C#CC(C)(C)C)Cc1cccc2ccccc12,1,c1ccc2ccccc2c1,CC(C)N[C@@H](C)[C@@H](O)c1cccc2ccccc12,1,c1ccc2ccccc2c1,0.22783882783882783,1,0.9987581798814031
CN(C/C=C/C#CC(C)(C)C)Cc1cccc2ccccc12,1,c1ccc2ccccc2c1,CN(C)CCC=C1c2ccccc2CCc2ccccc21,1,C=C1c2ccccc2CCc2ccccc21,0.21079622132253711,1,0.998403340792774
CN(C/C=C/C#CC(C)(C)C)Cc1cccc2ccccc12,1,c1ccc2ccccc2c1,C#CCN(C)[C@@H](C)Cc1ccccc1,1,c1ccccc1,0.20521574205784732,1,0.9975841860644541
CN(C/C=C/C#CC(C)(C)C)Cc1cccc2ccccc12,1,c1ccc2ccccc2c1,CCC(=O)C(C[C@H](C)N(C)C)(c1ccccc1)c1ccccc1,1,c1ccc(Cc2ccccc2)cc1,0.17992802878848463,1,0.9947788401980703
COc1ccc2c(C(=S)N(C)CC(=O)O)ccc(C(F)(F)F)c2c1,1,c1ccc2ccccc2c1,COc1ccc2c(c1)c(CC(=O)O)cn2C(=O)c1ccccc1,1,O=C(c1ccccc1)n1ccc2ccccc21,0.3141223556317896,1,0.9999037566085388
COc1ccc2c(C(=S)N(C)CC(=O)O)ccc(C(F)(F)F)c2c1,1,c1ccc2ccccc2c1,COc1ccc2cc([C@H](C)C(=O)O)ccc2c1,1,c1ccc2ccccc2c1,0.3137129109863673,1,0.9987815171388291
COc1ccc2c(C(=S)N(C)CC(=O)O)ccc(C(F)(F)F)c2c1,1,c1ccc2ccccc2c1,COc1ccc2cc(CCC(C)=O)ccc2c1,1,c1ccc2ccccc2c1,0.28216654384672074,1,0.9945085152052006
COc1ccc2c(C(=S)N(C)CC(=O)O)ccc(C(F)(F)F)c2c1,1,c1ccc2ccccc2c1,CC(C)(Oc1ccc([C@@H]2CC2(Cl)Cl)cc1)C(=O)O,1,c1ccc(C2CC2)cc1,0.24734042553191493,1,0.9969789581644549
COc1ccc2cc([C@H](C)C(=O)O)ccc2c1,1,c1ccc2ccccc2c1,C[C@H](C(=O)O)c1cccc(Oc2ccccc2)c1,1,c1ccc(Oc2ccccc2)cc1,0.5022435897435897,1,0.999111709724398
COc1ccc2cc([C@H](C)C(=O)O)ccc2c1,1,c1ccc2ccccc2c1,COc1ccc2cc(CCC(C)=O)ccc2c1,1,c1ccc2ccccc2c1,0.45710186513629847,1,0.9835185436736514
COc1ccc2cc([C@H](C)C(=O)O)ccc2c1,1,c1ccc2ccccc2c1,C[C@H](C(=O)O)c1cccc(C(=O)c2ccccc2)c1,1,O=C(c1ccccc1)c1ccccc1,0.44625000000000004,1,0.998180312814835
COc1ccc2cc([C@H](C)C(=O)O)ccc2c1,1,c1ccc2ccccc2c1,CC(C)Cc1ccc([C@H](C)C(=O)O)cc1,1,c1ccccc1,0.4368421052631579,1,0.9981316661783566
CC(C)(Oc1ccc(CCNC(=O)c2ccccc2)cc1)C(=O)O,1,O=C(NCCc1ccccc1)c1ccccc1,CC(C)(Oc1ccc([C@@H]2CC2(Cl)Cl)cc1)C(=O)O,1,c1ccc(C2CC2)cc1,0.41628959276018096,1,0.9847168867418661
CC(C)(Oc1ccc(CCNC(=O)c2ccccc2)cc1)C(=O)O,1,O=C(NCCc1ccccc1)c1ccccc1,CCOC(=O)C(C)(C)Oc1ccc(Cl)cc1,1,c1ccccc1,0.30666666666666664,1,0.9829745762481277
CC(C)(Oc1ccc(CCNC(=O)c2ccccc2)cc1)C(=O)O,1,O=C(NCCc1ccccc1)c1ccccc1,CNNCc1ccc(C(=O)NC(C)C)cc1,1,c1ccccc1,0.28831985624438455,1,0.997686858847148
CC(C)(Oc1ccc(CCNC(=O)c2ccccc2)cc1)C(=O)O,1,O=C(NCCc1ccccc1)c1ccccc1,O=C(NCCO[N+](=O)[O-])c1cccnc1,1,c1ccncc1,0.28754398311048557,1,0.9999625775116293
CN(C)CCC=C1c2ccccc2CCc2ccccc21,1,C=C1c2ccccc2CCc2ccccc21,CNCCC=C1c2ccccc2CCc2ccccc21,1,C=C1c2ccccc2CCc2ccccc21,0.5923371647509579,1,0.9995005464829182
CN(C)CCC=C1c2ccccc2CCc2ccccc21,1,C=C1c2ccccc2CCc2ccccc21,CN(C)CCC[C@@H]1c2ccccc2COc2ccccc21,1,c1ccc2c(c1)COc1ccccc1C2,0.34444444444444444,1,0.9976936164791074
CN(C)CCC=C1c2ccccc2CCc2ccccc21,1,C=C1c2ccccc2CCc2ccccc21,CN1CCC(=C2c3ccccc3CCc3sccc32)CC1,1,c1ccc2c(c1)CCc1sccc1C2=C1CCNCC1,0.3204633204633205,1,0.9991070643069709
CN(C)CCC=C1c2ccccc2CCc2ccccc21,1,C=C1c2ccccc2CCc2ccccc21,CN1CCC(=C2c3ccccc3C=Cc3ccccc32)CC1,1,C1=Cc2ccccc2C(=C2CCNCC2)c2ccccc21,0.2888888888888889,1,0.9682144066536396
CNCCC=C1c2ccccc2CCc2ccccc21,1,C=C1c2ccccc2CCc2ccccc21,CN(C)CCC=C1c2ccccc2CCc2ccccc21,1,C=C1c2ccccc2CCc2ccccc21,0.5923371647509579,1,0.9814785148001325
CNCCC=C1c2ccccc2CCc2ccccc21,1,C=C1c2ccccc2CCc2ccccc21,CNCCCC1c2ccccc2C=Cc2ccccc21,1,C1=Cc2ccccc2Cc2ccccc21,0.32303030303030306,1,0.9915598727670146
CNCCC=C1c2ccccc2CCc2ccccc21,1,C=C1c2ccccc2CCc2ccccc21,CNCCc1ccccn1,1,c1ccncc1,0.29475240206947523,1,0.9994936321909997
CNCCC=C1c2ccccc2CCc2ccccc21,1,C=C1c2ccccc2CCc2ccccc21,CNCCC[C@]12CC[C@H](c3ccccc31)c1ccccc12,1,c1ccc2c(c1)C1CCC2c2ccccc21,0.2918709677419355,1,0.9842353064146586
CN1CCC(=C2c3ccccc3C=Cc3ccccc32)CC1,1,C1=Cc2ccccc2C(=C2CCNCC2)c2ccccc21,CN1CCC(=C2c3ccccc3CCc3sccc32)CC1,1,c1ccc2c(c1)CCc1sccc1C2=C1CCNCC1,0.5285714285714286,1,0.9919697340969618
CN1CCC(=C2c3ccccc3C=Cc3ccccc32)CC1,1,C1=Cc2ccccc2C(=C2CCNCC2)c2ccccc21,CN1CCC(=C2c3ccccc3CC(=O)c3sccc32)CC1,1,O=C1Cc2ccccc2C(=C2CCNCC2)c2ccsc21,0.4733333333333334,1,0.9860774043287872
CN1CCC(=C2c3ccccc3C=Cc3ccccc32)CC1,1,C1=Cc2ccccc2C(=C2CCNCC2)c2ccccc21,CN(C)CCC=C1c2ccccc2CCc2ccccc21,1,C=C1c2ccccc2CCc2ccccc21,0.2888888888888889,1,0.9165042435268902
CN1CCC(=C2c3ccccc3C=Cc3ccccc32)CC1,1,C1=Cc2ccccc2C(=C2CCNCC2)c2ccccc21,CN1CCN2c3ccccc3Cc3ccccc3[C@H]2C1,1,c1ccc2c(c1)Cc1ccccc1N1CCNCC21,0.2791713325867861,1,0.9895344365798586
O=C(O[C@H]1C[C@@H]2C[C@H]3C[C@H](C1)N2CC3=O)c1c[nH]c2ccccc12,1,O=C(OC1CC2CC3CC(C1)N2CC3=O)c1c[nH]c2ccccc12,CN1[C@@H]2CC[C@@H]1CC(OC(=O)c1cn(C)c3ccccc13)C2,1,O=C(OC1CC2CCC(C1)N2)c1c[nH]c2ccccc12,0.39924528301886797,1,0.9998613648360242
O=C(O[C@H]1C[C@@H]2C[C@H]3C[C@H](C1)N2CC3=O)c1c[nH]c2ccccc12,1,O=C(OC1CC2CC3CC(C1)N2CC3=O)c1c[nH]c2ccccc12,CN1[C@@H]2CC[C@H]1C[C@H](OC(=O)[C@@H](CO)c1ccccc1)C2,1,O=C(Cc1ccccc1)OC1CC2CCC(C1)N2,0.2903846153846154,1,0.9996922314337485
O=C(O[C@H]1C[C@@H]2C[C@H]3C[C@H](C1)N2CC3=O)c1c[nH]c2ccccc12,1,O=C(OC1CC2CC3CC(C1)N2CC3=O)c1c[nH]c2ccccc12,CN(C)CCc1c[nH]c2ccc(CS(=O)(=O)N3CCCC3)cc12,1,O=S(=O)(Cc1ccc2[nH]ccc2c1)N1CCCC1,0.22711111111111112,1,0.9994216645605731
O=C(O[C@H]1C[C@@H]2C[C@H]3C[C@H](C1)N2CC3=O)c1c[nH]c2ccccc12,1,O=C(OC1CC2CC3CC(C1)N2CC3=O)c1c[nH]c2ccccc12,CN1C[C@@H](C(=O)N[C@]2(C)O[C@@]3(O)[C@@H]4CCCN4C(=O)[C@@H](Cc4ccccc4)N3C2=O)C[C@@H]2c3cccc4[nH]cc(c34)C[C@@H]21,1,O=C(NC1OC2C3CCCN3C(=O)C(Cc3ccccc3)N2C1=O)C1CNC2Cc3c[nH]c4cccc(c34)C2C1,0.21580826109127998,1,0.9999963830724151
N=C(N)NC[C@@H]1COC2(CCCCC2)O1,1,C1CCC2(CC1)OCCO2,N=C(N)NC[C@@H]1COc2ccccc2O1,1,c1ccc2c(c1)OCCO2,0.3828535669586984,1,0.9961597115662952
N=C(N)NC[C@@H]1COC2(CCCCC2)O1,1,C1CCC2(CC1)OCCO2,CCN(CC)CCOC(=O)C1(C2CCCCC2)CCCCC1,1,C1CCC(C2CCCCC2)CC1,0.15340622371740958,1,0.9882770727475689
N=C(N)NC[C@@H]1COC2(CCCCC2)O1,1,C1CCC2(CC1)OCCO2,N=C(N)N/N=C/c1c(Cl)cccc1Cl,1,c1ccccc1,0.1468864468864469,1,0.9632076322263622
N=C(N)NC[C@@H]1COC2(CCCCC2)O1,1,C1CCC2(CC1)OCCO2,CC(=O)NC[C@H]1CN(c2ccc(N3CCOCC3)c(F)c2)C(=O)O1,1,O=C1OCCN1c1ccc(N2CCOCC2)cc1,0.14537223340040242,1,0.9978756572008962
C#C[C@@]1(OC(C)=O)CC[C@@H]2[C@@H]3CCC4=CC(=NO)CC[C@@H]4[C@@H]3CC[C@@]21CC,1,N=C1C=C2CCC3C4CCCC4CCC3C2CC1,C#C[C@@]1(O)CC[C@@H]2[C@@H]3CCC4=CC(=O)CC[C@@H]4[C@@H]3CC[C@@]21CC,1,O=C1C=C2CCC3C4CCCC4CCC3C2CC1,0.5368274904547032,1,0.9982266517923356
C#C[C@@]1(OC(C)=O)CC[C@@H]2[C@@H]3CCC4=CC(=NO)CC[C@@H]4[C@@H]3CC[C@@]21CC,1,N=C1C=C2CCC3C4CCCC4CCC3C2CC1,C#C[C@@]1(OC(C)=O)CC[C@@H]2[C@@H]3CCC4=C[C@@H](OC(C)=O)CC[C@@H]4[C@@H]3CC[C@@]21C,1,C1=C2CCC3C4CCCC4CCC3C2CCC1,0.5238095238095238,1,0.9954916499523782
C#C[C@@]1(OC(C)=O)CC[C@@H]2[C@@H]3CCC4=CC(=NO)CC[C@@H]4[C@@H]3CC[C@@]21CC,1,N=C1C=C2CCC3C4CCCC4CCC3C2CC1,C#C[C@@]1(O)CC[C@@H]2[C@@H]3CCC4=CC(=O)CC[C@@H]4[C@@H]3CC[C@@]21C,1,O=C1C=C2CCC3C4CCCC4CCC3C2CC1,0.42908614477563056,1,0.9982266517923356
C#C[C@@]1(OC(C)=O)CC[C@@H]2[C@@H]3CCC4=CC(=NO)CC[C@@H]4[C@@H]3CC[C@@]21CC,1,N=C1C=C2CCC3C4CCCC4CCC3C2CC1,C#C[C@@]1(O)CC[C@@H]2[C@@H]3CCC4=CC(=O)CC[C@@H]4[C@@H]3C=C[C@@]21CC,1,O=C1C=C2CCC3C(C=CC4CCCC43)C2CC1,0.3969508752117448,1,0.9699980841854982
O=C1OC2(c3ccc(O)cc3Oc3cc(O)ccc32)c2ccccc21,1,O=C1OC2(c3ccccc3Oc3ccccc32)c2ccccc21,NS(=O)(=O)c1cc([C@@]2(O)NC(=O)c3ccccc32)ccc1Cl,1,O=C1NC(c2ccccc2)c2ccccc21,0.2249645390070922,1,0.9969626362250978
O=C1OC2(c3ccc(O)cc3Oc3cc(O)ccc32)c2ccccc21,1,O=C1OC2(c3ccccc3Oc3ccccc32)c2ccccc21,O=C1c2ccccc2C(=O)C1c1ccccc1,1,O=C1c2ccccc2C(=O)C1c1ccccc1,0.21744186046511632,1,0.9946279201151397
O=C1OC2(c3ccc(O)cc3Oc3cc(O)ccc32)c2ccccc21,1,O=C1OC2(c3ccccc3Oc3ccccc32)c2ccccc21,Clc1ccc2c(c1)C(N1CCNCC1)=Nc1ccccc1O2,1,c1ccc2c(c1)N=C(N1CCNCC1)c1ccccc1O2,0.21389878831076267,1,0.9999193419385879
O=C1OC2(c3ccc(O)cc3Oc3cc(O)ccc32)c2ccccc21,1,O=C1OC2(c3ccccc3Oc3ccccc32)c2ccccc21,CN(C(=O)C(Cl)Cl)c1ccc(O)cc1,1,c1ccccc1,0.21360544217687077,1,0.9900399204402931
NC(=O)c1cnccn1,1,c1cnccn1,O=C(O)c1cccnc1,1,c1ccncc1,0.332146829810901,1,0.9997320536553412
NC(=O)c1cnccn1,1,c1cnccn1,NNC(=O)c1ccncc1,1,c1ccncc1,0.2922558922558922,1,0.9997951945986028
NC(=O)c1cnccn1,1,c1cnccn1,Cc1cnc(C(=O)O)c[n+]1[O-],1,c1c[nH+]ccn1,0.25621621621621626,1,0.9997014879289208
NC(=O)c1cnccn1,1,c1cnccn1,CCc1cc(C(N)=S)ccn1,1,c1ccncc1,0.22000000000000003,1,0.999947766556514
CN1CCN(C(=O)O[C@@H]2c3nccnc3C(=O)N2c2ccc(Cl)cn2)CC1,1,O=C(OC1c2nccnc2C(=O)N1c1ccccn1)N1CCNCC1,CN1CCC[C@@H](N2N[C@@H](Cc3ccc(Cl)cc3)c3ccccc3C2=O)CC1,1,O=C1c2ccccc2C(Cc2ccccc2)NN1C1CCCNCC1,0.24766093562574973,1,0.9987782350214279
CN1CCN(C(=O)O[C@@H]2c3nccnc3C(=O)N2c2ccc(Cl)cn2)CC1,1,O=C(OC1c2nccnc2C(=O)N1c1ccccn1)N1CCNCC1,CN(C)C(=O)O[C@@H]1N=C(c2ccccc2)c2cc(Cl)ccc2N(C)C1=O,1,O=C1CN=C(c2ccccc2)c2ccccc2N1,0.24666666666666667,1,0.9998680924482639
CN1CCN(C(=O)O[C@@H]2c3nccnc3C(=O)N2c2ccc(Cl)cn2)CC1,1,O=C(OC1c2nccnc2C(=O)N1c1ccccn1)N1CCNCC1,CCCOC(C(=O)OC1CCN(C)CC1)(c1ccccc1)c1ccccc1,1,O=C(OC1CCNCC1)C(c1ccccc1)c1ccccc1,0.23290659080132764,1,0.9960543183253588
CN1CCN(C(=O)O[C@@H]2c3nccnc3C(=O)N2c2ccc(Cl)cn2)CC1,1,O=C(OC1c2nccnc2C(=O)N1c1ccccn1)N1CCNCC1,CCOC(=O)C1(c2ccccc2)CCN(C)CC1,1,c1ccc(C2CCNCC2)cc1,0.2242587601078167,1,0.9948602825515657
C[C@@]12CCC3=C4CCC(=O)C=C4CC[C@@H]3[C@H]1CC[C@]2(O)CC#N,1,O=C1C=C2CCC3C(=C2CC1)CCC1CCCC13,C#C[C@@]1(O)CC[C@@H]2[C@@H]3CCC4=CC(=O)CC[C@@H]4[C@@H]3CC[C@@]21C,1,O=C1C=C2CCC3C4CCCC4CCC3C2CC1,0.40667726550079497,1,0.9985595001874377
C[C@@]12CCC3=C4CCC(=O)C=C4CC[C@@H]3[C@H]1CC[C@]2(O)CC#N,1,O=C1C=C2CCC3C(=C2CC1)CCC1CCCC13,C#C[C@@]1(O)CC[C@@H]2[C@@H]3CCC4=CC(=O)CC[C@@H]4[C@@H]3CC[C@@]21CC,1,O=C1C=C2CCC3C4CCCC4CCC3C2CC1,0.36837606837606834,1,0.9985595001874377
C[C@@]12CCC3=C4CCC(=O)C=C4CC[C@@H]3[C@H]1CC[C@]2(O)CC#N,1,O=C1C=C2CCC3C(=C2CC1)CCC1CCCC13,C#C[C@@]1(O)CC[C@@H]2[C@@H]3CCC4=CC(=O)CC[C@@H]4[C@@H]3C=C[C@@]21CC,1,O=C1C=C2CCC3C(C=CC4CCCC43)C2CC1,0.3453333333333333,1,0.9968425059772229
C[C@@]12CCC3=C4CCC(=O)C=C4CC[C@@H]3[C@H]1CC[C@]2(O)CC#N,1,O=C1C=C2CCC3C(=C2CC1)CCC1CCCC13,C[C@@]12CCC(=O)C=C1CC[C@H]1[C@H]2[C@H](O)C[C@]2(C)[C@@H]1CC[C@@]2(O)C(=O)CO,1,O=C1C=C2CCC3C4CCCC4CCC3C2CC1,0.322943722943723,1,0.9781954390995728
CN1C[C@@H](C(=O)N[C@]2(C)O[C@@]3(O)[C@@H]4CCCN4C(=O)[C@@H](Cc4ccccc4)N3C2=O)C[C@@H]2c3cccc4[nH]cc(c34)C[C@@H]21,1,O=C(NC1OC2C3CCCN3C(=O)C(Cc3ccccc3)N2C1=O)C1CNC2Cc3c[nH]c4cccc(c34)C2C1,CN1C[C@@H](C(=O)N[C@]2(C)O[C@@]3(O)[C@@H]4CCCN4C(=O)[C@@H](Cc4ccccc4)N3C2=O)C=C2c3cccc4[nH]cc(c34)C[C@@H]21,1,O=C(NC1OC2C3CCCN3C(=O)C(Cc3ccccc3)N2C1=O)C1C=C2c3cccc4[nH]cc(c34)CC2NC1,0.7187384044526902,1,0.9972471461603875
CN1C[C@@H](C(=O)N[C@]2(C)O[C@@]3(O)[C@@H]4CCCN4C(=O)[C@@H](Cc4ccccc4)N3C2=O)C[C@@H]2c3cccc4[nH]cc(c34)C[C@@H]21,1,O=C(NC1OC2C3CCCN3C(=O)C(Cc3ccccc3)N2C1=O)C1CNC2Cc3c[nH]c4cccc(c34)C2C1,CN1CCC[C@@H](N2N[C@@H](Cc3ccc(Cl)cc3)c3ccccc3C2=O)CC1,1,O=C1c2ccccc2C(Cc2ccccc2)NN1C1CCCNCC1,0.2227777777777778,1,0.980294997994334
CN1C[C@@H](C(=O)N[C@]2(C)O[C@@]3(O)[C@@H]4CCCN4C(=O)[C@@H](Cc4ccccc4)N3C2=O)C[C@@H]2c3cccc4[nH]cc(c34)C[C@@H]21,1,O=C(NC1OC2C3CCCN3C(=O)C(Cc3ccccc3)N2C1=O)C1CNC2Cc3c[nH]c4cccc(c34)C2C1,CCCN1C[C@@H](NS(=O)(=O)N(CC)CC)C[C@@H]2Cc3c(O)cccc3C[C@@H]21,1,c1ccc2c(c1)CC1CCCNC1C2,0.2189303227277911,1,0.9960676143241464
CN1C[C@@H](C(=O)N[C@]2(C)O[C@@]3(O)[C@@H]4CCCN4C(=O)[C@@H](Cc4ccccc4)N3C2=O)C[C@@H]2c3cccc4[nH]cc(c34)C[C@@H]21,1,O=C(NC1OC2C3CCCN3C(=O)C(Cc3ccccc3)N2C1=O)C1CNC2Cc3c[nH]c4cccc(c34)C2C1,O=C(O[C@H]1C[C@@H]2C[C@H]3C[C@H](C1)N2CC3=O)c1c[nH]c2ccccc12,1,O=C(OC1CC2CC3CC(C1)N2CC3=O)c1c[nH]c2ccccc12,0.21580826109127998,1,0.9907127299048443
CCCCC(=O)N(Cc1ccc(-c2ccccc2-c2nnn[nH]2)cc1)[C@H](C(=O)O)C(C)C,1,c1ccc(-c2ccccc2-c2nnn[nH]2)cc1,CCCCc1nc(Cl)c(CO)n1Cc1ccc(-c2ccccc2-c2nnn[nH]2)cc1,1,c1ccc(-c2nnn[nH]2)c(-c2ccc(Cn3ccnc3)cc2)c1,0.4368484848484849,1,0.9984441551139311
CCCCC(=O)N(Cc1ccc(-c2ccccc2-c2nnn[nH]2)cc1)[C@H](C(=O)O)C(C)C,1,c1ccc(-c2ccccc2-c2nnn[nH]2)cc1,CC(C)Cc1ccc([C@H](C)C(=O)O)cc1,1,c1ccccc1,0.2324420677361854,1,0.9858493011270928
CCCCC(=O)N(Cc1ccc(-c2ccccc2-c2nnn[nH]2)cc1)[C@H](C(=O)O)C(C)C,1,c1ccc(-c2ccccc2-c2nnn[nH]2)cc1,CC[C@@H](C(=O)O)c1ccc(N2Cc3ccccc3C2=O)cc1,1,O=C1c2ccccc2CN1c1ccccc1,0.2285962624945676,1,0.993875992111628
CCCCC(=O)N(Cc1ccc(-c2ccccc2-c2nnn[nH]2)cc1)[C@H](C(=O)O)C(C)C,1,c1ccc(-c2ccccc2-c2nnn[nH]2)cc1,C[C@H](C(=O)O)c1ccc(N2Cc3ccccc3C2=O)cc1,1,O=C1c2ccccc2CN1c1ccccc1,0.22014519056261345,1,0.993875992111628
Cc1cccc(Nc2ccncc2S(=O)(=O)NC(=O)NC(C)C)c1,1,c1ccc(Nc2ccncc2)cc1,CCCCNC(=O)NS(=O)(=O)c1ccc(C)cc1,1,c1ccccc1,0.2772727272727273,1,0.9760198143051751
Cc1cccc(Nc2ccncc2S(=O)(=O)NC(=O)NC(C)C)c1,1,c1ccc(Nc2ccncc2)cc1,Cc1ccc(S(=O)(=O)NC(=O)NN2C[C@H]3CCC[C@H]3C2)cc1,1,O=C(NN1CC2CCCC2C1)NS(=O)(=O)c1ccccc1,0.26829119707584526,1,0.980603988129245
Cc1cccc(Nc2ccncc2S(=O)(=O)NC(=O)NC(C)C)c1,1,c1ccc(Nc2ccncc2)cc1,Cc1cccc(C)c1NC(=O)NCCCNC(C)C,1,c1ccccc1,0.2487749287749288,1,0.9791400738298021
Cc1cccc(Nc2ccncc2S(=O)(=O)NC(=O)NC(C)C)c1,1,c1ccc(Nc2ccncc2)cc1,Cc1cnc(C(=O)NCCc2ccc(S(=O)(=O)NC(=O)NC3CCCCC3)cc2)cn1,1,O=C(NC1CCCCC1)NS(=O)(=O)c1ccc(CCNC(=O)c2cnccn2)cc1,0.24833702882483372,1,0.9952132152879665
OCCN1CCN(CCCN2c3ccccc3Sc3ccc(Cl)cc32)CC1,1,c1ccc2c(c1)Sc1ccccc1N2CCCN1CCNCC1,CN1CCN(CCCN2c3ccccc3Sc3ccc(C(F)(F)F)cc32)CC1,1,c1ccc2c(c1)Sc1ccccc1N2CCCN1CCNCC1,0.5651948051948052,1,0.999959800573641
OCCN1CCN(CCCN2c3ccccc3Sc3ccc(Cl)cc32)CC1,1,c1ccc2c(c1)Sc1ccccc1N2CCCN1CCNCC1,OCCOCCN1CCN(C2=Nc3ccccc3Sc3ccccc32)CC1,1,c1ccc2c(c1)N=C(N1CCNCC1)c1ccccc1S2,0.36057692307692313,1,0.9999987765267605
OCCN1CCN(CCCN2c3ccccc3Sc3ccc(Cl)cc32)CC1,1,c1ccc2c(c1)Sc1ccccc1N2CCCN1CCNCC1,CN1c2ccccc2N(CCCCCCC(=O)O)c2ccc(Cl)cc2S1(=O)=O,1,O=S1(=O)Nc2ccccc2Nc2ccccc21,0.33373219373219376,1,0.9999890154155229
OCCN1CCN(CCCN2c3ccccc3Sc3ccc(Cl)cc32)CC1,1,c1ccc2c(c1)Sc1ccccc1N2CCCN1CCNCC1,CCOC(=O)Nc1ccc2c(c1)N(C(=O)CCN1CCOCC1)c1ccccc1S2,1,O=C(CCN1CCOCC1)N1c2ccccc2Sc2ccccc21,0.30247619047619045,1,0.9999815384816668
CN1CCN(CCCN2c3ccccc3Sc3ccc(C(F)(F)F)cc32)CC1,1,c1ccc2c(c1)Sc1ccccc1N2CCCN1CCNCC1,OCCN1CCN(CCCN2c3ccccc3Sc3ccc(Cl)cc32)CC1,1,c1ccc2c(c1)Sc1ccccc1N2CCCN1CCNCC1,0.5651948051948052,1,0.9998877581868721
CN1CCN(CCCN2c3ccccc3Sc3ccc(C(F)(F)F)cc32)CC1,1,c1ccc2c(c1)Sc1ccccc1N2CCCN1CCNCC1,CCOC(=O)Nc1ccc2c(c1)N(C(=O)CCN1CCOCC1)c1ccccc1S2,1,O=C(CCN1CCOCC1)N1c2ccccc2Sc2ccccc21,0.30562770562770564,1,0.999970043507329
CN1CCN(CCCN2c3ccccc3Sc3ccc(C(F)(F)F)cc32)CC1,1,c1ccc2c(c1)Sc1ccccc1N2CCCN1CCNCC1,OCCOCCN1CCN(C2=Nc3ccccc3Sc3ccccc32)CC1,1,c1ccc2c(c1)N=C(N1CCNCC1)c1ccccc1S2,0.2998085862729013,1,0.9999982175434952
CN1CCN(CCCN2c3ccccc3Sc3ccc(C(F)(F)F)cc32)CC1,1,c1ccc2c(c1)Sc1ccccc1N2CCCN1CCNCC1,Fc1ccc(C(c2ccc(F)cc2)N2CCN(CCCc3ccccc3)CC2)cc1,1,c1ccc(CCCN2CCN(C(c3ccccc3)c3ccccc3)CC2)cc1,0.26222222222222225,1,0.9999285452419184
CN(C)CCOC1=Cc2ccccc2Sc2ccc(Cl)cc21,1,C1=Cc2ccccc2Sc2ccccc21,CN(C)CCN(c1ccc(Cl)cc1)c1ccccn1,1,c1ccc(Nc2ccccn2)cc1,0.3212051868802441,1,0.9999802329154215
CN(C)CCOC1=Cc2ccccc2Sc2ccc(Cl)cc21,1,C1=Cc2ccccc2Sc2ccccc21,CN(C)CCOc1ccc(C(=C(CCCl)c2ccccc2)c2ccccc2)cc1,1,C(=C(c1ccccc1)c1ccccc1)c1ccccc1,0.30309139784946243,1,0.9971712528051436
CN(C)CCOC1=Cc2ccccc2Sc2ccc(Cl)cc21,1,C1=Cc2ccccc2Sc2ccccc21,CCC(=C(c1ccccc1)c1ccc(OCCN(C)C)cc1)c1ccccc1,1,C(=C(c1ccccc1)c1ccccc1)c1ccccc1,0.296231884057971,1,0.9990647447999985
CN(C)CCOC1=Cc2ccccc2Sc2ccc(Cl)cc21,1,C1=Cc2ccccc2Sc2ccccc21,OCCN1CCN(CCCN2c3ccccc3Sc3ccc(Cl)cc32)CC1,1,c1ccc2c(c1)Sc1ccccc1N2CCCN1CCNCC1,0.2931818181818182,1,0.9999936538462204
CC(C)(Oc1ccc([C@@H]2CC2(Cl)Cl)cc1)C(=O)O,1,c1ccc(C2CC2)cc1,CC(C)(Oc1ccc(CCNC(=O)c2ccccc2)cc1)C(=O)O,1,O=C(NCCc1ccccc1)c1ccccc1,0.41628959276018096,1,0.9999919135397511
CC(C)(Oc1ccc([C@@H]2CC2(Cl)Cl)cc1)C(=O)O,1,c1ccc(C2CC2)cc1,CCOC(=O)C(C)(C)Oc1ccc(Cl)cc1,1,c1ccccc1,0.34443266171792153,1,0.9999873794309341
CC(C)(Oc1ccc([C@@H]2CC2(Cl)Cl)cc1)C(=O)O,1,c1ccc(C2CC2)cc1,COc1ccc2cc([C@H](C)C(=O)O)ccc2c1,1,c1ccc2ccccc2c1,0.2546003016591252,1,0.9999950772087404
CC(C)(Oc1ccc([C@@H]2CC2(Cl)Cl)cc1)C(=O)O,1,c1ccc(C2CC2)cc1,Cc1ccc(C)c(OCCCC(C)(C)C(=O)O)c1,1,c1ccccc1,0.24771618625277164,1,0.9999918461923131
CCC1=C(C)CN(C(=O)NCCc2ccc(S(=O)(=O)NC(=O)N[C@H]3CC[C@H](C)CC3)cc2)C1=O,1,O=C(NC1CCCCC1)NS(=O)(=O)c1ccc(CCNC(=O)N2CC=CC2=O)cc1,Cc1cnc(C(=O)NCCc2ccc(S(=O)(=O)NC(=O)NC3CCCCC3)cc2)cn1,1,O=C(NC1CCCCC1)NS(=O)(=O)c1ccc(CCNC(=O)c2cnccn2)cc1,0.4732869910625621,1,0.9997438723715969
CCC1=C(C)CN(C(=O)NCCc2ccc(S(=O)(=O)NC(=O)N[C@H]3CC[C@H](C)CC3)cc2)C1=O,1,O=C(NC1CCCCC1)NS(=O)(=O)c1ccc(CCNC(=O)N2CC=CC2=O)cc1,COc1ccc2c(c1)C(=O)N(CCc1ccc(S(=O)(=O)NC(=O)NC3CCCCC3)cc1)C(=O)C2(C)C,1,O=C(NC1CCCCC1)NS(=O)(=O)c1ccc(CCN2C(=O)Cc3ccccc3C2=O)cc1,0.3933372757737039,1,0.9998738532241707
CCC1=C(C)CN(C(=O)NCCc2ccc(S(=O)(=O)NC(=O)N[C@H]3CC[C@H](C)CC3)cc2)C1=O,1,O=C(NC1CCCCC1)NS(=O)(=O)c1ccc(CCNC(=O)N2CC=CC2=O)cc1,CCCCNC(=O)NS(=O)(=O)c1ccc(C)cc1,1,c1ccccc1,0.34492753623188405,1,0.9986930293280348
CCC1=C(C)CN(C(=O)NCCc2ccc(S(=O)(=O)NC(=O)N[C@H]3CC[C@H](C)CC3)cc2)C1=O,1,O=C(NC1CCCCC1)NS(=O)(=O)c1ccc(CCNC(=O)N2CC=CC2=O)cc1,CCCNC(=O)NS(=O)(=O)c1ccc(Cl)cc1,1,c1ccccc1,0.33007246376811594,1,0.9991771795327477
CC(=O)O[C@@H]1[C@H]([N+]2(C)CCCCC2)C[C@@H]2[C@@H]3CC[C@@H]4C[C@@H](OC(C)=O)[C@@H]([N+]5(C)CCCCC5)C[C@]4(C)[C@@H]3CC[C@]21C,0,C1CC[NH+](C2CCC3CCC4C5CC([NH+]6CCCCC6)CC5CCC4C3C2)CC1,CC(=O)[C@@H]1CC[C@@H]2[C@@H]3CCC4=CC(=O)CC[C@]4(C)[C@@H]3CC[C@]21C,1,O=C1C=C2CCC3C4CCCC4CCC3C2CC1,0.24401913875598086,0,0.07939167550068975
CC(=O)O[C@@H]1[C@H]([N+]2(C)CCCCC2)C[C@@H]2[C@@H]3CC[C@@H]4C[C@@H](OC(C)=O)[C@@H]([N+]5(C)CCCCC5)C[C@]4(C)[C@@H]3CC[C@]21C,0,C1CC[NH+](C2CCC3CCC4C5CC([NH+]6CCCCC6)CC5CCC4C3C2)CC1,C#C[C@@]1(OC(C)=O)CC[C@@H]2[C@@H]3CCC4=C[C@@H](OC(C)=O)CC[C@@H]4[C@@H]3CC[C@@]21C,1,C1=C2CCC3C4CCCC4CCC3C2CCC1,0.23274798291409587,0,0.03559535681377689
CC(=O)O[C@@H]1[C@H]([N+]2(C)CCCCC2)C[C@@H]2[C@@H]3CC[C@@H]4C[C@@H](OC(C)=O)[C@@H]([N+]5(C)CCCCC5)C[C@]4(C)[C@@H]3CC[C@]21C,0,C1CC[NH+](C2CCC3CCC4C5CC([NH+]6CCCCC6)CC5CCC4C3C2)CC1,CC(C)(C)NC(=O)[C@@H]1CC[C@@H]2[C@@H]3CC[C@@H]4NC(=O)C=C[C@@]4(C)[C@@H]3CC[C@]21C,1,O=C1C=CC2C(CCC3C4CCCC4CCC23)N1,0.2311325301204819,0,0.06453191007211027
CC(=O)O[C@@H]1[C@H]([N+]2(C)CCCCC2)C[C@@H]2[C@@H]3CC[C@@H]4C[C@@H](OC(C)=O)[C@@H]([N+]5(C)CCCCC5)C[C@]4(C)[C@@H]3CC[C@]21C,0,C1CC[NH+](C2CCC3CCC4C5CC([NH+]6CCCCC6)CC5CCC4C3C2)CC1,C[C@@]12CC[C@@H]3[C@H](CCC4=CC(=O)CC[C@]43C)[C@H]1CC[C@H]2O,1,O=C1C=C2CCC3C4CCCC4CCC3C2CC1,0.21650000000000003,0,0.024569968947012046
COc1ccc([C@]2(C#N)CC[C@H](C(=O)O)CC2)cc1OC1CCCC1,1,c1cc(OC2CCCC2)cc(C2CCCCC2)c1,COc1ccc(CCN(C)CCC[C@](C#N)(c2cc(OC)c(OC)c(OC)c2)C(C)C)cc1OC,1,c1ccc(CCCCNCCc2ccccc2)cc1,0.24400000000000005,1,0.998276003742059
COc1ccc([C@]2(C#N)CC[C@H](C(=O)O)CC2)cc1OC1CCCC1,1,c1cc(OC2CCCC2)cc(C2CCCCC2)c1,COc1ccc2c3c1O[C@@H]1C(=O)CC[C@]4(O)[C@H](C2)N(C)CC[C@@]314,1,O=C1CCC2C3Cc4cccc5c4C2(CCN3)C1O5,0.22423728813559324,1,0.9994216604066052
COc1ccc([C@]2(C#N)CC[C@H](C(=O)O)CC2)cc1OC1CCCC1,1,c1cc(OC2CCCC2)cc(C2CCCCC2)c1,COc1ccc2cc([C@H](C)C(=O)O)ccc2c1,1,c1ccc2ccccc2c1,0.22194616977225673,1,0.9956263214401234
COc1ccc([C@]2(C#N)CC[C@H](C(=O)O)CC2)cc1OC1CCCC1,1,c1cc(OC2CCCC2)cc(C2CCCCC2)c1,COc1ccc2c3c1O[C@H]1[C@@H](O)CC[C@@H]4[C@H](C2)N(C)CC[C@]341,1,c1cc2c3c(c1)OC1CCCC4C(C2)NCCC314,0.22064600611086863,1,0.9968793535838968
CC1=Nc2ccc(Cl)cc2S(=O)(=O)N1,1,O=S1(=O)NC=Nc2ccccc21,O=C1NS(=O)(=O)c2ccccc21,1,O=C1NS(=O)(=O)c2ccccc21,0.32916666666666666,1,0.9905125491384673
CC1=Nc2ccc(Cl)cc2S(=O)(=O)N1,1,O=S1(=O)NC=Nc2ccccc21,CN1c2ccccc2N(CCCCCCC(=O)O)c2ccc(Cl)cc2S1(=O)=O,1,O=S1(=O)Nc2ccccc2Nc2ccccc21,0.2625,1,0.999384987567467
CC1=Nc2ccc(Cl)cc2S(=O)(=O)N1,1,O=S1(=O)NC=Nc2ccccc21,CN1CCN(C2=Nc3cc(Cl)ccc3Nc3ccccc32)CC1,1,c1ccc2c(c1)N=C(N1CCNCC1)c1ccccc1N2,0.2622857142857143,1,0.9999980540430419
CC1=Nc2ccc(Cl)cc2S(=O)(=O)N1,1,O=S1(=O)NC=Nc2ccccc21,O=C1CN=C(c2ccccc2)c2cc(Cl)ccc2N1,1,O=C1CN=C(c2ccccc2)c2ccccc2N1,0.24777777777777776,1,0.9991182653474531
CC(C)(C)NC[C@H](O)COc1nsnc1N1CCOCC1,1,c1nsnc1N1CCOCC1,CC(C)(C)NC[C@H](O)COc1ccccc1C1CCCC1,1,c1ccc(C2CCCC2)cc1,0.37823508894314617,1,0.9999659065709932
CC(C)(C)NC[C@H](O)COc1nsnc1N1CCOCC1,1,c1nsnc1N1CCOCC1,CC(C)(C)NC[C@H](O)COc1cccc2c1CCCC2=O,1,O=C1CCCc2ccccc21,0.3550769230769231,1,0.9999405382940728
CC(C)(C)NC[C@H](O)COc1nsnc1N1CCOCC1,1,c1nsnc1N1CCOCC1,CC(C)(C)NC[C@H](O)COc1cccc2c1CCC(=O)N2,1,O=C1CCc2ccccc2N1,0.3467124070897656,1,0.9999933939268701
CC(C)(C)NC[C@H](O)COc1nsnc1N1CCOCC1,1,c1nsnc1N1CCOCC1,C=CCc1ccccc1OC[C@@H](O)CNC(C)C,1,c1ccccc1,0.25393939393939396,1,0.9999466076140207
Cc1nnc2n1-c1ccc(Cl)cc1C(c1ccccc1)=NC2,1,c1ccc(C2=NCc3nncn3-c3ccccc32)cc1,CN1C(=O)CN=C(c2ccccc2)c2cc(Cl)ccc21,1,O=C1CN=C(c2ccccc2)c2ccccc2N1,0.5384186046511628,1,0.999213696779217
Cc1nnc2n1-c1ccc(Cl)cc1C(c1ccccc1)=NC2,1,c1ccc(C2=NCc3nncn3-c3ccccc32)cc1,Cc1ncc2n1-c1ccc(Cl)cc1C(c1ccccc1F)=NC2,1,c1ccc(C2=NCc3cncn3-c3ccccc32)cc1,0.5052545155993432,1,0.9998372010450906
Cc1nnc2n1-c1ccc(Cl)cc1C(c1ccccc1)=NC2,1,c1ccc(C2=NCc3nncn3-c3ccccc32)cc1,O=C1CN=C(c2ccccc2)c2cc(Cl)ccc2N1,1,O=C1CN=C(c2ccccc2)c2ccccc2N1,0.4333752620545074,1,0.999213696779217
Cc1nnc2n1-c1ccc(Cl)cc1C(c1ccccc1)=NC2,1,c1ccc(C2=NCc3nncn3-c3ccccc32)cc1,CN1C(=O)[C@@H](O)N=C(c2ccccc2)c2cc(Cl)ccc21,1,O=C1CN=C(c2ccccc2)c2ccccc2N1,0.41411483253588516,1,0.9984420443408085
O=c1[nH]cnc2[nH]ncc12,1,O=c1[nH]cnc2[nH]ncc12,Nc1cc(-c2ccncc2)c[nH]c1=O,1,O=c1ccc(-c2ccncc2)c[nH]1,0.2175824175824176,1,0.9999515068694046
O=c1[nH]cnc2[nH]ncc12,1,O=c1[nH]cnc2[nH]ncc12,Nc1nc(=O)[nH]cc1F,1,O=c1nccc[nH]1,0.18142758142758145,1,0.9995442139266009
O=c1[nH]cnc2[nH]ncc12,1,O=c1[nH]cnc2[nH]ncc12,Cc1nc(NCc2cccnc2)c(C#N)c(=O)[nH]1,1,O=c1cc(NCc2cccnc2)nc[nH]1,0.16381578947368422,1,0.9997919606943098
O=c1[nH]cnc2[nH]ncc12,1,O=c1[nH]cnc2[nH]ncc12,C/N=C(\NC#N)NCCSCc1nc[nH]c1C,1,c1c[nH]cn1,0.16013793103448276,1,0.9986851638644837
C[N+](C)(CCOc1ccccc1)Cc1ccccc1,0,c1ccc(C[NH2+]CCOc2ccccc2)cc1,CCC(=C(c1ccccc1)c1ccc(OCCN(C)C)cc1)c1ccccc1,1,C(=C(c1ccccc1)c1ccccc1)c1ccccc1,0.30000000000000004,0,0.008985334634362028
C[N+](C)(CCOc1ccccc1)Cc1ccccc1,0,c1ccc(C[NH2+]CCOc2ccccc2)cc1,CNCCCCOc1ccccc1Cc1ccccc1,1,c1ccc(Cc2ccccc2)cc1,0.29426900584795324,0,0.016457090756000322
C[N+](C)(CCOc1ccccc1)Cc1ccccc1,0,c1ccc(C[NH2+]CCOc2ccccc2)cc1,CN(C)CCOc1ccc(C(=C(CCCl)c2ccccc2)c2ccccc2)cc1,1,C(=C(c1ccccc1)c1ccccc1)c1ccccc1,0.28790052606408423,0,0.002983106804784314
C[N+](C)(CCOc1ccccc1)Cc1ccccc1,0,c1ccc(C[NH2+]CCOc2ccccc2)cc1,COc1cccc(C[C@H](C)N)c1,1,c1ccccc1,0.2742296918767507,0,0.00595109509399015
CN1[C@@H]2CC[C@H]1C[C@H](OC(=O)[C@@H](CO)c1ccccc1)C2,1,O=C(Cc1ccccc1)OC1CC2CCC(C1)N2,CN1[C@@H]2CC[C@@H]1CC(OC(=O)c1cn(C)c3ccccc13)C2,1,O=C(OC1CC2CCC(C1)N2)c1c[nH]c2ccccc12,0.46624737945492667,1,0.9950982426038537
CN1[C@@H]2CC[C@H]1C[C@H](OC(=O)[C@@H](CO)c1ccccc1)C2,1,O=C(Cc1ccccc1)OC1CC2CCC(C1)N2,CCCOC(C(=O)OC1CCN(C)CC1)(c1ccccc1)c1ccccc1,1,O=C(OC1CCNCC1)C(c1ccccc1)c1ccccc1,0.33669688608592824,1,0.9190038302792782
CN1[C@@H]2CC[C@H]1C[C@H](OC(=O)[C@@H](CO)c1ccccc1)C2,1,O=C(Cc1ccccc1)OC1CC2CCC(C1)N2,COC(=O)[C@H](c1ccccc1)[C@@H]1CCCCN1,1,c1ccc(CC2CCCCN2)cc1,0.32225913621262464,1,0.8907057513580015
CN1[C@@H]2CC[C@H]1C[C@H](OC(=O)[C@@H](CO)c1ccccc1)C2,1,O=C(Cc1ccccc1)OC1CC2CCC(C1)N2,NC(=O)OCC(COC(N)=O)c1ccccc1,1,c1ccccc1,0.30945945945945946,1,0.7427275842175745
CC(C)=CCN1CC[C@]2(C)c3cc(O)ccc3C[C@@H]1[C@H]2C,1,c1ccc2c(c1)CC1CC2CCN1,C=CCN1CC[C@@]23c4c5ccc(O)c4O[C@H]2C(=O)CC[C@@]3(O)[C@@H]1C5,1,O=C1CCC2C3Cc4cccc5c4C2(CCN3)C1O5,0.27759024847632446,1,0.9975940372284228
CC(C)=CCN1CC[C@]2(C)c3cc(O)ccc3C[C@@H]1[C@H]2C,1,c1ccc2c(c1)CC1CC2CCN1,CC[C@]1(c2cccc(O)c2)CCCCN(C)C1,1,c1ccc(C2CCCCNC2)cc1,0.26553911205074,1,0.9499961265290967
CC(C)=CCN1CC[C@]2(C)c3cc(O)ccc3C[C@@H]1[C@H]2C,1,c1ccc2c(c1)CC1CC2CCN1,COc1ccc2c3c1O[C@H]1[C@@H](O)CC[C@@H]4[C@H](C2)N(C)CC[C@]341,1,c1cc2c3c(c1)OC1CCCC4C(C2)NCCC314,0.26237037037037036,1,0.9842897456311358
CC(C)=CCN1CC[C@]2(C)c3cc(O)ccc3C[C@@H]1[C@H]2C,1,c1ccc2c(c1)CC1CC2CCN1,Oc1ccc2c3c1O[C@@H]1[C@@H](O)CC[C@]4(O)[C@@H](C2)N(CC2CCC2)CC[C@@]314,1,c1cc2c3c(c1)OC1CCCC4C(C2)N(CC2CCC2)CCC314,0.26227848101265827,1,0.9948669033438444
CCC1(c2ccccc2)C(=O)NCNC1=O,1,O=C1NCNC(=O)C1c1ccccc1,CCC1(c2ccccc2)C(=O)NC(=O)NC1=O,1,O=C1NC(=O)C(c2ccccc2)C(=O)N1,0.6919354838709677,1,0.9924673548554468
CCC1(c2ccccc2)C(=O)NCNC1=O,1,O=C1NCNC(=O)C1c1ccccc1,CCN(CC)CC[C@]1(c2ccccc2)CCC(=O)NC1=O,1,O=C1CCC(c2ccccc2)C(=O)N1,0.3926218708827405,1,0.987467731515497
CCC1(c2ccccc2)C(=O)NCNC1=O,1,O=C1NCNC(=O)C1c1ccccc1,O=C1NNC(=O)C1(c1ccccc1)c1ccccc1,1,O=C1NNC(=O)C1(c1ccccc1)c1ccccc1,0.38922558922558925,1,0.9995657808675892
CCC1(c2ccccc2)C(=O)NCNC1=O,1,O=C1NCNC(=O)C1c1ccccc1,CC[C@@]1(c2ccc(N)cc2)CCC(=O)NC1=O,1,O=C1CCC(c2ccccc2)C(=O)N1,0.3521146953405018,1,0.9878354664626011
O=C1CN(/N=C/c2ccc(-c3ccc([N+](=O)[O-])cc3)o2)C(=O)N1,1,O=C1CN(N=Cc2ccc(-c3ccccc3)o2)C(=O)N1,CN1CCN(CCCCN2C(=O)CN(/N=C/c3ccc(-c4ccc(Cl)cc4)o3)C2=O)CC1,1,O=C1CN(N=Cc2ccc(-c3ccccc3)o2)C(=O)N1CCCCN1CCNCC1,0.3839812646370024,1,0.9999709198087283
O=C1CN(/N=C/c2ccc(-c3ccc([N+](=O)[O-])cc3)o2)C(=O)N1,1,O=C1CN(N=Cc2ccc(-c3ccccc3)o2)C(=O)N1,O=C1CN=C(c2ccccc2)c2cc([N+](=O)[O-])ccc2N1,1,O=C1CN=C(c2ccccc2)c2ccccc2N1,0.2753246753246753,1,0.9999534160448359
O=C1CN(/N=C/c2ccc(-c3ccc([N+](=O)[O-])cc3)o2)C(=O)N1,1,O=C1CN(N=Cc2ccc(-c3ccccc3)o2)C(=O)N1,O=C1CN=C(c2ccccc2Cl)c2cc([N+](=O)[O-])ccc2N1,1,O=C1CN=C(c2ccccc2)c2ccccc2N1,0.24761904761904763,1,0.9999706861665816
O=C1CN(/N=C/c2ccc(-c3ccc([N+](=O)[O-])cc3)o2)C(=O)N1,1,O=C1CN(N=Cc2ccc(-c3ccccc3)o2)C(=O)N1,O=C(N[C@H](CO)[C@@H](O)c1ccc([N+](=O)[O-])cc1)C(Cl)Cl,1,c1ccccc1,0.21340569877883314,1,0.9957134605955582
CN(Cc1cc(Br)cc(Br)c1N)C1CCCCC1,1,c1ccc(CNC2CCCCC2)cc1,CC(C)C[C@@H](N(C)C)C1(c2ccc(Cl)cc2)CCC1,1,c1ccc(C2CCC2)cc1,0.1874219446922391,1,0.9994240261199959
CN(Cc1cc(Br)cc(Br)c1N)C1CCCCC1,1,c1ccc(CNC2CCCCC2)cc1,O[C@](CCN1CCCCC1)(c1ccccc1)C1CCCCC1,1,c1ccc(C(CCN2CCCCC2)C2CCCCC2)cc1,0.16012913640032286,1,0.999848684952602
CN(Cc1cc(Br)cc(Br)c1N)C1CCCCC1,1,c1ccc(CNC2CCCCC2)cc1,CC(C)NC[C@@H]1CCc2cc(CO)c([N+](=O)[O-])cc2N1,1,c1ccc2c(c1)CCCN2,0.15798319327731095,1,0.999980446483513
CN(Cc1cc(Br)cc(Br)c1N)C1CCCCC1,1,c1ccc(CNC2CCCCC2)cc1,CCN(CC)CCOC(=O)C1(C2CCCCC2)CCCCC1,1,C1CCC(C2CCCCC2)CC1,0.15733235077376567,1,0.9995312570589403
CC(=O)OCC(CCn1cnc2cnc(N)nc21)COC(C)=O,1,c1ncc2nc[nH]c2n1,COc1cc(Cc2cnc(N)nc2N)cc(OC)c1OC,1,c1ccc(Cc2cncnc2)cc1,0.21928721174004195,1,0.9972591401886676
CC(=O)OCC(CCn1cnc2cnc(N)nc21)COC(C)=O,1,c1ncc2nc[nH]c2n1,CCOC(=O)n1ccn(C)c1=S,1,S=c1[nH]cc[nH]1,0.19170573386224307,1,0.9998778047995708
CC(=O)OCC(CCn1cnc2cnc(N)nc21)COC(C)=O,1,c1ncc2nc[nH]c2n1,COc1ccccc1OC[C@H](O)COC(N)=O,1,c1ccccc1,0.19038344491783324,1,0.9989820046608249
CC(=O)OCC(CCn1cnc2cnc(N)nc21)COC(C)=O,1,c1ncc2nc[nH]c2n1,CCOC(=O)C1(c2ccccc2)CCN(C)CC1,1,c1ccc(C2CCNCC2)cc1,0.18615384615384617,1,0.9886281164539323
NS(=O)(=O)c1cc2c(cc1C(F)(F)F)N[C@H](Cc1ccccc1)NS2(=O)=O,1,O=S1(=O)NC(Cc2ccccc2)Nc2ccccc21,NS(=O)(=O)c1cc2c(cc1C(F)(F)F)NCNS2(=O)=O,1,O=S1(=O)NCNc2ccccc21,0.5533971291866029,1,0.9946119485532494
NS(=O)(=O)c1cc2c(cc1C(F)(F)F)N[C@H](Cc1ccccc1)NS2(=O)=O,1,O=S1(=O)NC(Cc2ccccc2)Nc2ccccc21,NS(=O)(=O)c1cc2c(cc1Cl)NCNS2(=O)=O,1,O=S1(=O)NCNc2ccccc21,0.35066717499046896,1,0.9955765125502524
NS(=O)(=O)c1cc2c(cc1C(F)(F)F)N[C@H](Cc1ccccc1)NS2(=O)=O,1,O=S1(=O)NC(Cc2ccccc2)Nc2ccccc21,CN1[C@H](CSCC(F)(F)F)Nc2cc(Cl)c(S(N)(=O)=O)cc2S1(=O)=O,1,O=S1(=O)NCNc2ccccc21,0.3296803652968036,1,0.9974743024811663
NS(=O)(=O)c1cc2c(cc1C(F)(F)F)N[C@H](Cc1ccccc1)NS2(=O)=O,1,O=S1(=O)NC(Cc2ccccc2)Nc2ccccc21,NS(=O)(=O)c1cc([C@@]2(O)NC(=O)c3ccccc32)ccc1Cl,1,O=C1NC(c2ccccc2)c2ccccc21,0.225608051439754,1,0.999061248189523
CCC[C@@H]1C[C@H](C(=O)N[C@H]([C@@H]2O[C@@H](SC)[C@@H](O)[C@@H](O)[C@@H]2O)[C@H](C)O)N(C)C1,0,O=C(NCC1CCCCO1)C1CCCN1,CCC[C@@H]1C[C@H](C(=O)N[C@H]([C@@H]2O[C@@H](SC)[C@@H](O)[C@@H](O)[C@@H]2O)[C@H](C)Cl)N(C)C1,1,O=C(NCC1CCCCO1)C1CCCN1,0.8546031746031746,0,0.04238345277322764
CCC[C@@H]1C[C@H](C(=O)N[C@H]([C@@H]2O[C@@H](SC)[C@@H](O)[C@@H](O)[C@@H]2O)[C@H](C)O)N(C)C1,0,O=C(NCC1CCCCO1)C1CCCN1,CCCC(CCC)CCC[C@@H]1COCCN1CCO,1,C1COCCN1,0.19337072921978582,0,0.19978111437619653
CCC[C@@H]1C[C@H](C(=O)N[C@H]([C@@H]2O[C@@H](SC)[C@@H](O)[C@@H](O)[C@@H]2O)[C@H](C)O)N(C)C1,0,O=C(NCC1CCCCO1)C1CCCN1,CCC[C@@H](N[C@H](C)C(=O)N1[C@H](C(=O)O)C[C@@H]2CCCC[C@@H]21)C(=O)OCC,1,C1CCC2NCCC2C1,0.18451989777290984,0,0.0745478702487518
CCC[C@@H]1C[C@H](C(=O)N[C@H]([C@@H]2O[C@@H](SC)[C@@H](O)[C@@H](O)[C@@H]2O)[C@H](C)O)N(C)C1,0,O=C(NCC1CCCCO1)C1CCCN1,CN1[C@@H]2CCC[C@H]1C[C@@H](NC(=O)c1nn(C)c3ccccc13)C2,1,O=C(NC1CC2CCCC(C1)N2)c1n[nH]c2ccccc12,0.1617283950617284,0,0.12518445024573188
CCC[C@@H]1C[C@H](C(=O)N[C@H]([C@@H]2O[C@@H](SC)[C@@H](O)[C@@H](O)[C@@H]2O)[C@H](C)Cl)N(C)C1,1,O=C(NCC1CCCCO1)C1CCCN1,CCCC(CCC)CCC[C@@H]1COCCN1CCO,1,C1COCCN1,0.18684210526315792,1,0.9804808097878817
CCC[C@@H]1C[C@H](C(=O)N[C@H]([C@@H]2O[C@@H](SC)[C@@H](O)[C@@H](O)[C@@H]2O)[C@H](C)Cl)N(C)C1,1,O=C(NCC1CCCCO1)C1CCCN1,CCC[C@@H](N[C@H](C)C(=O)N1[C@H](C(=O)O)C[C@@H]2CCCC[C@@H]21)C(=O)OCC,1,C1CCC2NCCC2C1,0.17957374254049446,1,0.9418854172094011
CCC[C@@H]1C[C@H](C(=O)N[C@H]([C@@H]2O[C@@H](SC)[C@@H](O)[C@@H](O)[C@@H]2O)[C@H](C)Cl)N(C)C1,1,O=C(NCC1CCCCO1)C1CCCN1,CN1[C@@H]2CCC[C@H]1C[C@@H](NC(=O)c1nn(C)c3ccccc13)C2,1,O=C(NC1CC2CCCC(C1)N2)c1n[nH]c2ccccc12,0.1571852627902916,1,0.9664334733646134
CCC[C@@H]1C[C@H](C(=O)N[C@H]([C@@H]2O[C@@H](SC)[C@@H](O)[C@@H](O)[C@@H]2O)[C@H](C)Cl)N(C)C1,1,O=C(NCC1CCCCO1)C1CCCN1,CCCN1C[C@@H](NS(=O)(=O)N(CC)CC)C[C@@H]2Cc3c(O)cccc3C[C@@H]21,1,c1ccc2c(c1)CC1CCCNC1C2,0.15652173913043477,1,0.970234876805291
Cc1nsc(NS(=O)(=O)c2ccc(N)cc2)c1C,1,O=S(=O)(Nc1ccns1)c1ccccc1,Cc1nnc(NS(=O)(=O)c2ccc(N)cc2)s1,1,O=S(=O)(Nc1nncs1)c1ccccc1,0.5204134366925065,1,0.9957422213179569
Cc1nsc(NS(=O)(=O)c2ccc(N)cc2)c1C,1,O=S(=O)(Nc1ccns1)c1ccccc1,Cc1cc(C)nc(NS(=O)(=O)c2ccc(N)cc2)n1,1,O=S(=O)(Nc1ncccn1)c1ccccc1,0.52,1,0.9975361466261479
Cc1nsc(NS(=O)(=O)c2ccc(N)cc2)c1C,1,O=S(=O)(Nc1ccns1)c1ccccc1,Cc1cc(NS(=O)(=O)c2ccc(N)cc2)no1,1,O=S(=O)(Nc1ccon1)c1ccccc1,0.49848484848484853,1,0.9971504179076437
Cc1nsc(NS(=O)(=O)c2ccc(N)cc2)c1C,1,O=S(=O)(Nc1ccns1)c1ccccc1,Cc1cc(NS(=O)(=O)c2ccc(N)cc2)nc(C)n1,1,O=S(=O)(Nc1ccncn1)c1ccccc1,0.48385964912280705,1,0.9975361466261479
NS(=O)(=O)c1cc(C(=O)O)cc(N2CCCC2)c1Oc1ccccc1,1,c1ccc(Oc2ccccc2N2CCCC2)cc1,CCCCNc1cc(C(=O)O)cc(S(N)(=O)=O)c1Oc1ccccc1,1,c1ccc(Oc2ccccc2)cc1,0.5249042145593871,1,0.9557815938472836
NS(=O)(=O)c1cc(C(=O)O)cc(N2CCCC2)c1Oc1ccccc1,1,c1ccc(Oc2ccccc2N2CCCC2)cc1,CCOc1cc(CC(=O)N[C@H](CC(C)C)c2ccccc2N2CCCCC2)ccc1C(=O)O,1,O=C(Cc1ccccc1)NCc1ccccc1N1CCCCC1,0.30225563909774433,1,0.852774078735965
NS(=O)(=O)c1cc(C(=O)O)cc(N2CCCC2)c1Oc1ccccc1,1,c1ccc(Oc2ccccc2N2CCCC2)cc1,C[C@H](C(=O)O)c1cccc(Oc2ccccc2)c1,1,c1ccc(Oc2ccccc2)cc1,0.2874564459930314,1,0.9435409058632703
NS(=O)(=O)c1cc(C(=O)O)cc(N2CCCC2)c1Oc1ccccc1,1,c1ccc(Oc2ccccc2N2CCCC2)cc1,NS(=O)(=O)c1cc(Cl)cc(NCc2ccco2)c1C(=O)O,1,c1ccc(NCc2ccco2)cc1,0.2532418001525553,1,0.962498580269198
COC(=O)c1c(C)cc([N+](=O)[O-])c(C(=O)OCCN(C)Cc2ccccc2)c1C1C=C(C)NC(C)=C1,1,O=C(OCCNCc1ccccc1)c1ccccc1C1C=CNC=C1,CCOC(=O)C1(c2ccccc2)CCN(C)CC1,1,c1ccc(C2CCNCC2)cc1,0.2269905533063428,1,0.9899535866909278
COC(=O)c1c(C)cc([N+](=O)[O-])c(C(=O)OCCN(C)Cc2ccccc2)c1C1C=C(C)NC(C)=C1,1,O=C(OCCNCc1ccccc1)c1ccccc1C1C=CNC=C1,Cc1ccccc1[C@@H](OCCN(C)C)c1ccccc1,1,c1ccc(Cc2ccccc2)cc1,0.21923076923076923,1,0.9869347308621673
COC(=O)c1c(C)cc([N+](=O)[O-])c(C(=O)OCCN(C)Cc2ccccc2)c1C1C=C(C)NC(C)=C1,1,O=C(OCCNCc1ccccc1)c1ccccc1C1C=CNC=C1,COC(=O)[C@H](c1ccccc1)[C@@H]1CCCCN1,1,c1ccc(CC2CCCCN2)cc1,0.21333333333333335,1,0.9899535866909278
COC(=O)c1c(C)cc([N+](=O)[O-])c(C(=O)OCCN(C)Cc2ccccc2)c1C1C=C(C)NC(C)=C1,1,O=C(OCCNCc1ccccc1)c1ccccc1C1C=CNC=C1,CC(C)NC[C@@H]1CCc2cc(CO)c([N+](=O)[O-])cc2N1,1,c1ccc2c(c1)CCCN2,0.2113975576662144,1,0.9998359851249914
CNCCC[C@]12CC[C@H](c3ccccc31)c1ccccc12,1,c1ccc2c(c1)C1CCC2c2ccccc21,CNCCCC1c2ccccc2C=Cc2ccccc21,1,C1=Cc2ccccc2Cc2ccccc21,0.4462222222222222,1,0.9760160275370778
CNCCC[C@]12CC[C@H](c3ccccc31)c1ccccc12,1,c1ccc2c(c1)C1CCC2c2ccccc21,CNCCCCOc1ccccc1Cc1ccccc1,1,c1ccc(Cc2ccccc2)cc1,0.29960784313725497,1,0.9920260955958028
CNCCC[C@]12CC[C@H](c3ccccc31)c1ccccc12,1,c1ccc2c(c1)C1CCC2c2ccccc21,CNCCC=C1c2ccccc2CCc2ccccc21,1,C=C1c2ccccc2CCc2ccccc21,0.2918709677419355,1,0.9760160275370778
CNCCC[C@]12CC[C@H](c3ccccc31)c1ccccc12,1,c1ccc2c(c1)C1CCC2c2ccccc21,CNCCc1ccccn1,1,c1ccncc1,0.26163682864450133,1,0.9995039435335537
NC1=NC(=O)N([C@H]2CS[C@H](CO)O2)CC1,1,O=C1N=CCCN1C1CSCO1,Cc1cn([C@H]2C=C[C@H](CO)O2)c(=O)nc1N,1,O=c1ncccn1C1C=CCO1,0.2108338405356056,1,0.9997331091412438
NC1=NC(=O)N([C@H]2CS[C@H](CO)O2)CC1,1,O=C1N=CCCN1C1CSCO1,O=C(O)[C@@H]1C(=CCO)O[C@H]2CC(=O)N12,1,C=C1CN2C(=O)CC2O1,0.2,1,0.9992319844564534
NC1=NC(=O)N([C@H]2CS[C@H](CO)O2)CC1,1,O=C1N=CCCN1C1CSCO1,N=c1nc2n(cc1F)[C@H]1O[C@@H](CO)[C@H](O)[C@H]1O2,1,N=c1ccn2c(n1)OC1CCOC12,0.15878787878787878,1,0.9977908193412407
NC1=NC(=O)N([C@H]2CS[C@H](CO)O2)CC1,1,O=C1N=CCCN1C1CSCO1,C[C@@]12CCC(=O)C=C1CC[C@H]1[C@H]2[C@H](O)C[C@]2(C)[C@@H]1CC[C@@]2(O)C(=O)CO,1,O=C1C=C2CCC3C4CCCC4CCC3C2CC1,0.15828571428571428,1,0.9998019454503192
Nc1ccc(S(=O)(=O)c2ccc(O)cc2)cc1,1,O=S(=O)(c1ccccc1)c1ccccc1,Cc1cc(C)nc(NS(=O)(=O)c2ccc(N)cc2)n1,1,O=S(=O)(Nc1ncccn1)c1ccccc1,0.35015479876160993,1,0.9929190351020107
Nc1ccc(S(=O)(=O)c2ccc(O)cc2)cc1,1,O=S(=O)(c1ccccc1)c1ccccc1,Cc1nnc(NS(=O)(=O)c2ccc(N)cc2)s1,1,O=S(=O)(Nc1nncs1)c1ccccc1,0.32857142857142857,1,0.9878045017154795
Nc1ccc(S(=O)(=O)c2ccc(O)cc2)cc1,1,O=S(=O)(c1ccccc1)c1ccccc1,Cc1cc(NS(=O)(=O)c2ccc(N)cc2)no1,1,O=S(=O)(Nc1ccon1)c1ccccc1,0.32666666666666666,1,0.9918164041781036
Nc1ccc(S(=O)(=O)c2ccc(O)cc2)cc1,1,O=S(=O)(c1ccccc1)c1ccccc1,Cc1cc(NS(=O)(=O)c2ccc(N)cc2)nc(C)n1,1,O=S(=O)(Nc1ccncn1)c1ccccc1,0.32392880685563613,1,0.9929190351020107
NS(=O)(=O)Cc1noc2ccccc12,1,c1ccc2oncc2c1,CC[C@H](c1ccccc1)c1c(O)c2ccccc2oc1=O,1,O=c1oc2ccccc2cc1Cc1ccccc1,0.23290909090909093,1,0.9993157064197672
NS(=O)(=O)Cc1noc2ccccc12,1,c1ccc2oncc2c1,CCc1oc2ccccc2c1C(=O)c1cc(Br)c(O)c(Br)c1,1,O=C(c1ccccc1)c1coc2ccccc12,0.23111111111111113,1,0.9949474397831239
NS(=O)(=O)Cc1noc2ccccc12,1,c1ccc2oncc2c1,Cc1cc(NS(=O)(=O)c2ccc(N)cc2)no1,1,O=S(=O)(Nc1ccon1)c1ccccc1,0.22244897959183674,1,0.9867389511204662
NS(=O)(=O)Cc1noc2ccccc12,1,c1ccc2oncc2c1,NC(=O)OCC(COC(N)=O)c1ccccc1,1,c1ccccc1,0.21212121212121215,1,0.9965083735668645
O[C@](CCN1CCCCC1)(c1ccccc1)[C@@H]1C[C@H]2C=C[C@H]1C2,1,C1=CC2CC1CC2C(CCN1CCCCC1)c1ccccc1,O[C@](CCN1CCCCC1)(c1ccccc1)C1CCCCC1,1,c1ccc(C(CCN2CCCCC2)C2CCCCC2)cc1,0.6317841079460271,1,0.9168681325296512
O[C@](CCN1CCCCC1)(c1ccccc1)[C@@H]1C[C@H]2C=C[C@H]1C2,1,C1=CC2CC1CC2C(CCN1CCCCC1)c1ccccc1,C[C@H](CN1CCOCC1)C(C(=O)N1CCCC1)(c1ccccc1)c1ccccc1,1,O=C(N1CCCC1)C(CCN1CCOCC1)(c1ccccc1)c1ccccc1,0.2776162790697675,1,0.9655875330051888
O[C@](CCN1CCCCC1)(c1ccccc1)[C@@H]1C[C@H]2C=C[C@H]1C2,1,C1=CC2CC1CC2C(CCN1CCCCC1)c1ccccc1,CCCOC(C(=O)OC1CCN(C)CC1)(c1ccccc1)c1ccccc1,1,O=C(OC1CCNCC1)C(c1ccccc1)c1ccccc1,0.24782608695652175,1,0.870990715061578
O[C@](CCN1CCCCC1)(c1ccccc1)[C@@H]1C[C@H]2C=C[C@H]1C2,1,C1=CC2CC1CC2C(CCN1CCCCC1)c1ccccc1,Fc1ccc(C(c2ccc(F)cc2)N2CCN(CCCc3ccccc3)CC2)cc1,1,c1ccc(CCCN2CCN(C(c3ccccc3)c3ccccc3)CC2)cc1,0.23918174665617625,1,0.9716918212659966
C[N+]1(C)CC[C@H](OC(=O)[C@@](O)(c2ccccc2)C2CCCC2)C1,0,O=C(OC1CC[NH2+]C1)C(c1ccccc1)C1CCCC1,CCCOC(C(=O)OC1CCN(C)CC1)(c1ccccc1)c1ccccc1,1,O=C(OC1CCNCC1)C(c1ccccc1)c1ccccc1,0.33780698720166036,0,0.2881935666144643
C[N+]1(C)CC[C@H](OC(=O)[C@@](O)(c2ccccc2)C2CCCC2)C1,0,O=C(OC1CC[NH2+]C1)C(c1ccccc1)C1CCCC1,O[C@](CCN1CCCCC1)(c1ccccc1)C1CCCCC1,1,c1ccc(C(CCN2CCCCC2)C2CCCCC2)cc1,0.3321428571428572,0,0.45573812615969544
C[N+]1(C)CC[C@H](OC(=O)[C@@](O)(c2ccccc2)C2CCCC2)C1,0,O=C(OC1CC[NH2+]C1)C(c1ccccc1)C1CCCC1,CN1[C@@H]2CC[C@H]1C[C@H](OC(=O)[C@@H](CO)c1ccccc1)C2,1,O=C(Cc1ccccc1)OC1CC2CCC(C1)N2,0.27028140013726837,0,0.20389646877023077
C[N+]1(C)CC[C@H](OC(=O)[C@@](O)(c2ccccc2)C2CCCC2)C1,0,O=C(OC1CC[NH2+]C1)C(c1ccccc1)C1CCCC1,COC(=O)[C@H](c1ccccc1)[C@@H]1CCCCN1,1,c1ccc(CC2CCCCN2)cc1,0.2643971631205674,0,0.22529149814284657
CCCN1C[C@@H](NS(=O)(=O)N(CC)CC)C[C@@H]2Cc3c(O)cccc3C[C@@H]21,1,c1ccc2c(c1)CC1CCCNC1C2,CC(C)=CCN1CC[C@]2(C)c3cc(O)ccc3C[C@@H]1[C@H]2C,1,c1ccc2c(c1)CC1CC2CCN1,0.24461538461538465,1,0.991840092012145
CCCN1C[C@@H](NS(=O)(=O)N(CC)CC)C[C@@H]2Cc3c(O)cccc3C[C@@H]21,1,c1ccc2c(c1)CC1CCCNC1C2,CN1C[C@@H](C(=O)N[C@]2(C)O[C@@]3(O)[C@@H]4CCCN4C(=O)[C@@H](Cc4ccccc4)N3C2=O)C[C@@H]2c3cccc4[nH]cc(c34)C[C@@H]21,1,O=C(NC1OC2C3CCCN3C(=O)C(Cc3ccccc3)N2C1=O)C1CNC2Cc3c[nH]c4cccc(c34)C2C1,0.2189303227277911,1,0.999996622677036
CCCN1C[C@@H](NS(=O)(=O)N(CC)CC)C[C@@H]2Cc3c(O)cccc3C[C@@H]21,1,c1ccc2c(c1)CC1CCCNC1C2,C=CCN1CC[C@@]23c4c5ccc(O)c4O[C@H]2C(=O)CC[C@@]3(O)[C@@H]1C5,1,O=C1CCC2C3Cc4cccc5c4C2(CCN3)C1O5,0.21843398876404496,1,0.9962305819744393
CCCN1C[C@@H](NS(=O)(=O)N(CC)CC)C[C@@H]2Cc3c(O)cccc3C[C@@H]21,1,c1ccc2c(c1)CC1CCCNC1C2,CCCOC(C(=O)OC1CCN(C)CC1)(c1ccccc1)c1ccccc1,1,O=C(OC1CCNCC1)C(c1ccccc1)c1ccccc1,0.21754385964912282,1,0.9945699528254971
N=C1Cc2ccccc2N(C(N)=O)c2ccccc21,1,N=C1Cc2ccccc2Nc2ccccc21,C[C@H](C(=O)O)c1ccc(N2Cc3ccccc3C2=O)cc1,1,O=C1c2ccccc2CN1c1ccccc1,0.26004662004662005,1,0.998054903670978
N=C1Cc2ccccc2N(C(N)=O)c2ccccc21,1,N=C1Cc2ccccc2Nc2ccccc21,CC[C@@H](C(=O)O)c1ccc(N2Cc3ccccc3C2=O)cc1,1,O=C1c2ccccc2CN1c1ccccc1,0.24676198486122797,1,0.998054903670978
N=C1Cc2ccccc2N(C(N)=O)c2ccccc21,1,N=C1Cc2ccccc2Nc2ccccc21,NC(=O)CS(=O)C(c1ccccc1)c1ccccc1,1,c1ccc(Cc2ccccc2)cc1,0.2466666666666667,1,0.9995039307424046
N=C1Cc2ccccc2N(C(N)=O)c2ccccc21,1,N=C1Cc2ccccc2Nc2ccccc21,CN1CCN2c3ccccc3Cc3ccccc3[C@H]2C1,1,c1ccc2c(c1)Cc1ccccc1N1CCNCC21,0.2380952380952381,1,0.9997158381126837
C[C@H](O)[C@H]1C(=O)N2C(C(=O)O)=C(S[C@@H]3CC[C@H](C(=O)N(C)C)N3)[C@@H](C)[C@H]12,0,O=C1CC2CC(SC3CCCN3)=CN12,CCC[C@@H](N[C@H](C)C(=O)N1[C@H](C(=O)O)C[C@@H]2CCCC[C@@H]21)C(=O)OCC,1,C1CCC2NCCC2C1,0.19492260061919506,0,0.03750410900322059
C[C@H](O)[C@H]1C(=O)N2C(C(=O)O)=C(S[C@@H]3CC[C@H](C(=O)N(C)C)N3)[C@@H](C)[C@H]12,0,O=C1CC2CC(SC3CCCN3)=CN12,CCOC(=O)[C@@H](CCc1ccccc1)N[C@H](C)C(=O)N1[C@H](C(=O)O)C[C@@H]2CCCC[C@@H]21,1,O=C(CNCCCc1ccccc1)N1CCC2CCCCC21,0.1753846153846154,0,0.031056474999013657
C[C@H](O)[C@H]1C(=O)N2C(C(=O)O)=C(S[C@@H]3CC[C@H](C(=O)N(C)C)N3)[C@@H](C)[C@H]12,0,O=C1CC2CC(SC3CCCN3)=CN12,CCOC(=O)[C@@H](CCc1ccccc1)N[C@H](C)C(=O)N1[C@H](C(=O)O)C[C@@H]2CCC[C@@H]21,1,O=C(CNCCCc1ccccc1)N1CCC2CCCC21,0.1753846153846154,0,0.021507929811930736
C[C@H](O)[C@H]1C(=O)N2C(C(=O)O)=C(S[C@@H]3CC[C@H](C(=O)N(C)C)N3)[C@@H](C)[C@H]12,0,O=C1CC2CC(SC3CCCN3)=CN12,CCOC(=O)[C@H](CCc1ccccc1)N[C@@H]1CCCN2CCC[C@@H](C(=O)O)N2C1=O,1,O=C1C(NCCCc2ccccc2)CCCN2CCCCN12,0.1696703296703297,0,0.08479366553575624
CN1CCN(CCCCN2C(=O)CN(/N=C/c3ccc(-c4ccc(Cl)cc4)o3)C2=O)CC1,1,O=C1CN(N=Cc2ccc(-c3ccccc3)o2)C(=O)N1CCCCN1CCNCC1,O=C1CN(/N=C/c2ccc(-c3ccc([N+](=O)[O-])cc3)o2)C(=O)N1,1,O=C1CN(N=Cc2ccc(-c3ccccc3)o2)C(=O)N1,0.3839812646370024,1,0.9999876651236755
CN1CCN(CCCCN2C(=O)CN(/N=C/c3ccc(-c4ccc(Cl)cc4)o3)C2=O)CC1,1,O=C1CN(N=Cc2ccc(-c3ccccc3)o2)C(=O)N1CCCCN1CCNCC1,OCCN1CCN(CCCN2c3ccccc3Sc3ccc(Cl)cc32)CC1,1,c1ccc2c(c1)Sc1ccccc1N2CCCN1CCNCC1,0.26,1,0.9999777971215792
CN1CCN(CCCCN2C(=O)CN(/N=C/c3ccc(-c4ccc(Cl)cc4)o3)C2=O)CC1,1,O=C1CN(N=Cc2ccc(-c3ccccc3)o2)C(=O)N1CCCCN1CCNCC1,O=C1CC2(CCCC2)CC(=O)N1CCCCN1CCN(c2ncccn2)CC1,1,O=C1CC2(CCCC2)CC(=O)N1CCCCN1CCN(c2ncccn2)CC1,0.2597966101694915,1,0.9999774317894242
CN1CCN(CCCCN2C(=O)CN(/N=C/c3ccc(-c4ccc(Cl)cc4)o3)C2=O)CC1,1,O=C1CN(N=Cc2ccc(-c3ccccc3)o2)C(=O)N1CCCCN1CCNCC1,CN1CCC[C@@H](N2N[C@@H](Cc3ccc(Cl)cc3)c3ccccc3C2=O)CC1,1,O=C1c2ccccc2C(Cc2ccccc2)NN1C1CCCNCC1,0.24345238095238098,1,0.9999322614604189
CC[C@@H]1OC(=O)[C@H](C)[C@@H](O[C@H]2C[C@@](C)(OC)[C@H](O)[C@H](C)O2)[C@H](C)[C@@H](O[C@@H]2O[C@@H](C)C[C@@H](N(C)C)[C@@H]2O)[C@](C)(O)C[C@@H](C)C(=O)[C@@H](C)[C@H](O)[C@]1(C)O,1,O=C1CCCCOC(=O)CC(OC2CCCCO2)CC(OC2CCCCO2)CCC1,C=C[C@@]12CC[C@@H](O[C@H]3C[C@@H](OC)[C@@H](O)[C@H](C)O3)C[C@]1(O)CC[C@@H]1[C@@H]2CC[C@]2(C)[C@H](C3=CC(=O)OC3)CC[C@@]12O,1,O=C1C=C(C2CCC3C2CCC2C4CCC(OC5CCCCO5)CC4CCC23)CO1,0.22851239669421491,1,0.9995990847635553
CC[C@@H]1OC(=O)[C@H](C)[C@@H](O[C@H]2C[C@@](C)(OC)[C@H](O)[C@H](C)O2)[C@H](C)[C@@H](O[C@@H]2O[C@@H](C)C[C@@H](N(C)C)[C@@H]2O)[C@](C)(O)C[C@@H](C)C(=O)[C@@H](C)[C@H](O)[C@]1(C)O,1,O=C1CCCCOC(=O)CC(OC2CCCCO2)CC(OC2CCCCO2)CCC1,C[C@H]1C[C@H]2[C@H]([C@H](O)C[C@]3(C)[C@@H]2CC[C@@]3(O)C(=O)CO)[C@]2(C)C=CC(=O)C=C12,1,O=C1C=CC2C(=C1)CCC1C3CCCC3CCC21,0.16471190781049938,1,0.9771549100321938
CC[C@@H]1OC(=O)[C@H](C)[C@@H](O[C@H]2C[C@@](C)(OC)[C@H](O)[C@H](C)O2)[C@H](C)[C@@H](O[C@@H]2O[C@@H](C)C[C@@H](N(C)C)[C@@H]2O)[C@](C)(O)C[C@@H](C)C(=O)[C@@H](C)[C@H](O)[C@]1(C)O,1,O=C1CCCCOC(=O)CC(OC2CCCCO2)CC(OC2CCCCO2)CCC1,CC(=O)OCC(=O)[C@@]1(O)CC[C@@H]2[C@@H]3CCC4=CC(=O)CC[C@]4(C)[C@]3(F)[C@@H](O)C[C@@]21C,1,O=C1C=C2CCC3C4CCCC4CCC3C2CC1,0.16210029498525075,1,0.9954872122805165
CC[C@@H]1OC(=O)[C@H](C)[C@@H](O[C@H]2C[C@@](C)(OC)[C@H](O)[C@H](C)O2)[C@H](C)[C@@H](O[C@@H]2O[C@@H](C)C[C@@H](N(C)C)[C@@H]2O)[C@](C)(O)C[C@@H](C)C(=O)[C@@H](C)[C@H](O)[C@]1(C)O,1,O=C1CCCCOC(=O)CC(OC2CCCCO2)CC(OC2CCCCO2)CCC1,C#C[C@@]1(O)CC[C@@H]2[C@@H]3CC[C@@H]4CC(=O)CCC4=C3[C@H](c3ccc(N(C)C)cc3)C[C@@]21C,1,O=C1CCC2=C3C(c4ccccc4)CC4CCCC4C3CCC2C1,0.1589836250705816,1,0.9997815783858572
C=CC[N@+]12CC[C@]34c5ccccc5N5C=C6[C@H]7C[C@H]8[C@]9(CC[N@@+]8(CC=C)C/C7=C\CO)c7ccccc7N(C=C([C@H](C[C@H]31)/C(=C/CO)C2)[C@@H]54)[C@@H]69,0,C=C1C[NH+]2CCC34c5ccccc5N5C=C6C7CC8[NH+](CCC89c8ccccc8N(C=C(C1CC23)C54)C69)CC7=C,C=CCN1CC[C@@]23c4c5ccc(O)c4O[C@H]2C(=O)CC[C@@]3(O)[C@@H]1C5,1,O=C1CCC2C3Cc4cccc5c4C2(CCN3)C1O5,0.1769195820081781,0,0.17174342950957106
C=CC[N@+]12CC[C@]34c5ccccc5N5C=C6[C@H]7C[C@H]8[C@]9(CC[N@@+]8(CC=C)C/C7=C\CO)c7ccccc7N(C=C([C@H](C[C@H]31)/C(=C/CO)C2)[C@@H]54)[C@@H]69,0,C=C1C[NH+]2CCC34c5ccccc5N5C=C6C7CC8[NH+](CCC89c8ccccc8N(C=C(C1CC23)C54)C69)CC7=C,C=C[C@@H]1CN2CC[C@@H]1C[C@H]2[C@@H](O)c1ccnc2ccccc12,1,c1ccc2c(CC3CC4CCN3CC4)ccnc2c1,0.17667774086378737,0,0.02068235799879133
C=CC[N@+]12CC[C@]34c5ccccc5N5C=C6[C@H]7C[C@H]8[C@]9(CC[N@@+]8(CC=C)C/C7=C\CO)c7ccccc7N(C=C([C@H](C[C@H]31)/C(=C/CO)C2)[C@@H]54)[C@@H]69,0,C=C1C[NH+]2CCC34c5ccccc5N5C=C6C7CC8[NH+](CCC89c8ccccc8N(C=C(C1CC23)C54)C69)CC7=C,O=C(O)[C@@H]1C(=CCO)O[C@H]2CC(=O)N12,1,C=C1CN2C(=O)CC2O1,0.1760244115082825,0,0.029143703412737913
C=CC[N@+]12CC[C@]34c5ccccc5N5C=C6[C@H]7C[C@H]8[C@]9(CC[N@@+]8(CC=C)C/C7=C\CO)c7ccccc7N(C=C([C@H](C[C@H]31)/C(=C/CO)C2)[C@@H]54)[C@@H]69,0,C=C1C[NH+]2CCC34c5ccccc5N5C=C6C7CC8[NH+](CCC89c8ccccc8N(C=C(C1CC23)C54)C69)CC7=C,CN1[C@@H]2CC[C@H]1C[C@H](OC(=O)[C@@H](CO)c1ccccc1)C2,1,O=C(Cc1ccccc1)OC1CC2CCC(C1)N2,0.16666666666666666,0,0.06504171738344294
COc1cc(N)c(Cl)cc1C(=O)N[C@@H]1CCN(CCCOc2ccc(F)cc2)C[C@@H]1OC,1,O=C(NC1CCN(CCCOc2ccccc2)CC1)c1ccccc1,CCN(CC)CCNC(=O)c1cc(Cl)c(N)cc1OC,1,c1ccccc1,0.40202020202020206,1,0.9889235944200961
COc1cc(N)c(Cl)cc1C(=O)N[C@@H]1CCN(CCCOc2ccc(F)cc2)C[C@@H]1OC,1,O=C(NC1CCN(CCCOc2ccccc2)CC1)c1ccccc1,CCN1CC[C@H](CNC(=O)c2cc(S(N)(=O)=O)ccc2OC)C1,1,O=C(NCC1CCNC1)c1ccccc1,0.3152958152958153,1,0.9988654262668087
COc1cc(N)c(Cl)cc1C(=O)N[C@@H]1CCN(CCCOc2ccc(F)cc2)C[C@@H]1OC,1,O=C(NC1CCN(CCCOc2ccccc2)CC1)c1ccccc1,COc1ccc(CCN2CCC(Nc3nc4ccccc4n3Cc3ccc(F)cc3)CC2)cc1,1,c1ccc(CCN2CCC(Nc3nc4ccccc4n3Cc3ccccc3)CC2)cc1,0.27441520467836256,1,0.999509503417642
COc1cc(N)c(Cl)cc1C(=O)N[C@@H]1CCN(CCCOc2ccc(F)cc2)C[C@@H]1OC,1,O=C(NC1CCN(CCCOc2ccccc2)CC1)c1ccccc1,COc1ccccc1N1CCN(CCCNc2cc(=O)n(C)c(=O)n2C)CC1,1,O=c1cc(NCCCN2CCN(c3ccccc3)CC2)[nH]c(=O)[nH]1,0.246984126984127,1,0.9997663214181551
C=CCN1CC[C@@]23c4c5ccc(O)c4O[C@H]2C(=O)CC[C@@]3(O)[C@@H]1C5,1,O=C1CCC2C3Cc4cccc5c4C2(CCN3)C1O5,COc1ccc2c3c1O[C@@H]1C(=O)CC[C@]4(O)[C@H](C2)N(C)CC[C@@]314,1,O=C1CCC2C3Cc4cccc5c4C2(CCN3)C1O5,0.6087272727272728,1,0.9997700863714994
C=CCN1CC[C@@]23c4c5ccc(O)c4O[C@H]2C(=O)CC[C@@]3(O)[C@@H]1C5,1,O=C1CCC2C3Cc4cccc5c4C2(CCN3)C1O5,Oc1ccc2c3c1O[C@@H]1[C@@H](O)CC[C@]4(O)[C@@H](C2)N(CC2CCC2)CC[C@@]314,1,c1cc2c3c(c1)OC1CCCC4C(C2)N(CC2CCC2)CCC314,0.5209643605870021,1,0.9973741498078041
C=CCN1CC[C@@]23c4c5ccc(O)c4O[C@H]2C(=O)CC[C@@]3(O)[C@@H]1C5,1,O=C1CCC2C3Cc4cccc5c4C2(CCN3)C1O5,CC(C)=CCN1CC[C@]2(C)c3cc(O)ccc3C[C@@H]1[C@H]2C,1,c1ccc2c(c1)CC1CC2CCN1,0.27759024847632446,1,0.9966791977692675
C=CCN1CC[C@@]23c4c5ccc(O)c4O[C@H]2C(=O)CC[C@@]3(O)[C@@H]1C5,1,O=C1CCC2C3Cc4cccc5c4C2(CCN3)C1O5,COc1ccc2c3c1O[C@H]1[C@@H](O)CC[C@@H]4[C@H](C2)N(C)CC[C@]341,1,c1cc2c3c(c1)OC1CCCC4C(C2)NCCC314,0.2775168470492138,1,0.9901429262379347
COc1ccc2c3c1O[C@@H]1C(=O)CC[C@]4(O)[C@H](C2)N(C)CC[C@@]314,1,O=C1CCC2C3Cc4cccc5c4C2(CCN3)C1O5,C=CCN1CC[C@@]23c4c5ccc(O)c4O[C@H]2C(=O)CC[C@@]3(O)[C@@H]1C5,1,O=C1CCC2C3Cc4cccc5c4C2(CCN3)C1O5,0.6087272727272728,1,0.9988496984175738
COc1ccc2c3c1O[C@@H]1C(=O)CC[C@]4(O)[C@H](C2)N(C)CC[C@@]314,1,O=C1CCC2C3Cc4cccc5c4C2(CCN3)C1O5,COc1ccc2c3c1O[C@H]1[C@@H](O)CC[C@@H]4[C@H](C2)N(C)CC[C@]341,1,c1cc2c3c(c1)OC1CCCC4C(C2)NCCC314,0.46938775510204084,1,0.994391097491672
COc1ccc2c3c1O[C@@H]1C(=O)CC[C@]4(O)[C@H](C2)N(C)CC[C@@]314,1,O=C1CCC2C3Cc4cccc5c4C2(CCN3)C1O5,COc1ccc2c3c1O[C@@H]1C[C@@H](O)C=C[C@]31CCN(C)C2,1,C1=CC23CCNCc4cccc(c42)OC3CC1,0.4,1,0.9759577880443854
COc1ccc2c3c1O[C@@H]1C(=O)CC[C@]4(O)[C@H](C2)N(C)CC[C@@]314,1,O=C1CCC2C3Cc4cccc5c4C2(CCN3)C1O5,Oc1ccc2c3c1O[C@@H]1[C@@H](O)CC[C@]4(O)[C@@H](C2)N(CC2CCC2)CC[C@@]314,1,c1cc2c3c(c1)OC1CCCC4C(C2)N(CC2CCC2)CCC314,0.385974025974026,1,0.9869072535572772
CC(C)(C)NC[C@H](O)COc1cccc2c1CCC(=O)N2,1,O=C1CCc2ccccc2N1,CC(C)(C)NC[C@H](O)COc1cccc2c1CCCC2=O,1,O=C1CCCc2ccccc21,0.618989898989899,1,0.9997206476941527
CC(C)(C)NC[C@H](O)COc1cccc2c1CCC(=O)N2,1,O=C1CCc2ccccc2N1,CC(C)(C)NC[C@H](O)COc1ccccc1C1CCCC1,1,c1ccc(C2CCCC2)cc1,0.511164274322169,1,0.9998398133475587
CC(C)(C)NC[C@H](O)COc1cccc2c1CCC(=O)N2,1,O=C1CCc2ccccc2N1,CC(C)NC[C@H](O)COc1cccc2[nH]ccc12,1,c1ccc2[nH]ccc2c1,0.3593426658551431,1,0.9999910087419868
CC(C)(C)NC[C@H](O)COc1cccc2c1CCC(=O)N2,1,O=C1CCc2ccccc2N1,C=CCc1ccccc1OC[C@@H](O)CNC(C)C,1,c1ccccc1,0.3518405943937859,1,0.9997491558525181
CCCCCc1cc(O)c2c(c1)OC(C)(C)[C@@H]1CCC(C)=C[C@@H]21,1,C1=CC2c3ccccc3OCC2CC1,CCCCCC(=O)O[C@]1(C(C)=O)CC[C@@H]2[C@@H]3C=CC4=CC(=O)CC[C@]4(C)[C@@H]3CC[C@@]21C,1,O=C1C=C2C=CC3C4CCCC4CCC3C2CC1,0.20099667774086377,1,0.997795624023094
CCCCCc1cc(O)c2c(c1)OC(C)(C)[C@@H]1CCC(C)=C[C@@H]21,1,C1=CC2c3ccccc3OCC2CC1,C[C@@]12CC[C@@H]3[C@H](CCC4=CC(=O)CC[C@]43C)[C@H]1CC[C@H]2O,1,O=C1C=C2CCC3C4CCCC4CCC3C2CC1,0.17286698463169053,1,0.9995418724666917
CCCCCc1cc(O)c2c(c1)OC(C)(C)[C@@H]1CCC(C)=C[C@@H]21,1,C1=CC2c3ccccc3OCC2CC1,CC(=O)O[C@]1(C(C)=O)CC[C@@H]2[C@H]3C=C(C)C4=CC(=O)CC[C@@]4(C)[C@H]3CC[C@]21C,1,O=C1C=C2C=CC3C4CCCC4CCC3C2CC1,0.16254355400696865,1,0.997795624023094
CCCCCc1cc(O)c2c(c1)OC(C)(C)[C@@H]1CCC(C)=C[C@@H]21,1,C1=CC2c3ccccc3OCC2CC1,CC(C)=CCN1CC[C@]2(C)c3cc(O)ccc3C[C@@H]1[C@H]2C,1,c1ccc2c(c1)CC1CC2CCN1,0.16090909090909092,1,0.9993582967976318
CC(C)COC[C@@H](CN1CCCC1)N(Cc1ccccc1)c1ccccc1,1,c1ccc(CN(CCN2CCCC2)c2ccccc2)cc1,C[C@H](CN1CCOCC1)C(C(=O)N1CCCC1)(c1ccccc1)c1ccccc1,1,O=C(N1CCCC1)C(CCN1CCOCC1)(c1ccccc1)c1ccccc1,0.3249907715023994,1,0.9982664452158027
CC(C)COC[C@@H](CN1CCCC1)N(Cc1ccccc1)c1ccccc1,1,c1ccc(CN(CCN2CCCC2)c2ccccc2)cc1,O[C@](CCN1CCCCC1)(c1ccccc1)C1CCCCC1,1,c1ccc(C(CCN2CCCCC2)C2CCCCC2)cc1,0.27,1,0.9929803933858934
CC(C)COC[C@@H](CN1CCCC1)N(Cc1ccccc1)c1ccccc1,1,c1ccc(CN(CCN2CCCC2)c2ccccc2)cc1,CCOC(=O)C1(c2ccccc2)CCN(C)CC1,1,c1ccc(C2CCNCC2)cc1,0.24579071597167587,1,0.9691024712172943
CC(C)COC[C@@H](CN1CCCC1)N(Cc1ccccc1)c1ccccc1,1,c1ccc(CN(CCN2CCCC2)c2ccccc2)cc1,C[C@H](N)Cc1ccccc1,1,c1ccccc1,0.2368421052631579,1,0.9862786391669238
Cc1nc(NCc2cccnc2)c(C#N)c(=O)[nH]1,1,O=c1cc(NCc2cccnc2)nc[nH]1,Cc1[nH]c(=O)c(C#N)cc1-c1ccncc1,1,O=c1ccc(-c2ccncc2)c[nH]1,0.3182036888532478,1,0.999938538217961
Cc1nc(NCc2cccnc2)c(C#N)c(=O)[nH]1,1,O=c1cc(NCc2cccnc2)nc[nH]1,CN1C(=O)CC[C@@H]1c1cccnc1,1,O=C1CCC(c2cccnc2)N1,0.2488888888888889,1,0.9999084769664898
Cc1nc(NCc2cccnc2)c(C#N)c(=O)[nH]1,1,O=c1cc(NCc2cccnc2)nc[nH]1,O=C(NCCO[N+](=O)[O-])c1cccnc1,1,c1ccncc1,0.2375,1,0.9993915328058491
Cc1nc(NCc2cccnc2)c(C#N)c(=O)[nH]1,1,O=c1cc(NCc2cccnc2)nc[nH]1,O=C(O)c1cccnc1,1,c1ccncc1,0.22914438502673798,1,0.9991291190213842
CN1CCN2c3ccccc3Cc3ccccc3[C@H]2C1,1,c1ccc2c(c1)Cc1ccccc1N1CCNCC21,CN1CCC(=C2c3ccccc3C=Cc3ccccc32)CC1,1,C1=Cc2ccccc2C(=C2CCNCC2)c2ccccc21,0.2791713325867861,1,0.9629943550327449
CN1CCN2c3ccccc3Cc3ccccc3[C@H]2C1,1,c1ccc2c(c1)Cc1ccccc1N1CCNCC21,CN1CCC(=C2c3ccccc3CC(=O)c3sccc32)CC1,1,O=C1Cc2ccccc2C(=C2CCNCC2)c2ccsc21,0.2635875402792696,1,0.9858814350294244
CN1CCN2c3ccccc3Cc3ccccc3[C@H]2C1,1,c1ccc2c(c1)Cc1ccccc1N1CCNCC21,CN1CCN(CCCN2c3ccccc3Sc3ccc(C(F)(F)F)cc32)CC1,1,c1ccc2c(c1)Sc1ccccc1N2CCCN1CCNCC1,0.2602150537634409,1,0.9999257095464092
CN1CCN2c3ccccc3Cc3ccccc3[C@H]2C1,1,c1ccc2c(c1)Cc1ccccc1N1CCNCC21,CN1CCC(=C2c3ccccc3CCc3sccc32)CC1,1,c1ccc2c(c1)CCc1sccc1C2=C1CCNCC1,0.2571540880503145,1,0.9918560180643583
CC(C)(C)NC(=O)[C@@H]1CC[C@@H]2[C@@H]3CC[C@@H]4NC(=O)C=C[C@@]4(C)[C@@H]3CC[C@]21C,1,O=C1C=CC2C(CCC3C4CCCC4CCC23)N1,CC(=O)[C@@H]1CC[C@@H]2[C@@H]3CCC4=CC(=O)CC[C@]4(C)[C@@H]3CC[C@]21C,1,O=C1C=C2CCC3C4CCCC4CCC3C2CC1,0.3490196078431373,1,0.9944508689760376
CC(C)(C)NC(=O)[C@@H]1CC[C@@H]2[C@@H]3CC[C@@H]4NC(=O)C=C[C@@]4(C)[C@@H]3CC[C@]21C,1,O=C1C=CC2C(CCC3C4CCCC4CCC23)N1,C[C@@]12CC[C@@H]3[C@H](CCC4=CC(=O)CC[C@]43C)[C@H]1CC[C@H]2O,1,O=C1C=C2CCC3C4CCCC4CCC3C2CC1,0.2876980114593866,1,0.98125374333746
CC(C)(C)NC(=O)[C@@H]1CC[C@@H]2[C@@H]3CC[C@@H]4NC(=O)C=C[C@@]4(C)[C@@H]3CC[C@]21C,1,O=C1C=CC2C(CCC3C4CCCC4CCC23)N1,C[C@@]12C[C@@H](O)[C@@H]3[C@H](CCC4=CC(=O)CC[C@]43C)[C@H]1CC[C@@H]2C(=O)CO,1,O=C1C=C2CCC3C4CCCC4CCC3C2CC1,0.2578507945057905,1,0.9885965395261306
CC(C)(C)NC(=O)[C@@H]1CC[C@@H]2[C@@H]3CC[C@@H]4NC(=O)C=C[C@@]4(C)[C@@H]3CC[C@]21C,1,O=C1C=CC2C(CCC3C4CCCC4CCC23)N1,C[C@@]12C=CC(=O)C=C1CC[C@H]1[C@H]2[C@H](O)C[C@]2(C)[C@@H]1CC[C@@]2(O)C(=O)CO,1,O=C1C=CC2C(=C1)CCC1C3CCCC3CCC21,0.22149397590361447,1,0.9595021611977598
Oc1ccc2c3c1O[C@@H]1[C@@H](O)CC[C@]4(O)[C@@H](C2)N(CC2CCC2)CC[C@@]314,1,c1cc2c3c(c1)OC1CCCC4C(C2)N(CC2CCC2)CCC314,C=CCN1CC[C@@]23c4c5ccc(O)c4O[C@H]2C(=O)CC[C@@]3(O)[C@@H]1C5,1,O=C1CCC2C3Cc4cccc5c4C2(CCN3)C1O5,0.5209643605870021,1,0.9931061252341572
Oc1ccc2c3c1O[C@@H]1[C@@H](O)CC[C@]4(O)[C@@H](C2)N(CC2CCC2)CC[C@@]314,1,c1cc2c3c(c1)OC1CCCC4C(C2)N(CC2CCC2)CCC314,COc1ccc2c3c1O[C@@H]1C(=O)CC[C@]4(O)[C@H](C2)N(C)CC[C@@]314,1,O=C1CCC2C3Cc4cccc5c4C2(CCN3)C1O5,0.385974025974026,1,0.993063500952875
Oc1ccc2c3c1O[C@@H]1[C@@H](O)CC[C@]4(O)[C@@H](C2)N(CC2CCC2)CC[C@@]314,1,c1cc2c3c(c1)OC1CCCC4C(C2)N(CC2CCC2)CCC314,COc1ccc2c3c1O[C@H]1[C@@H](O)CC[C@@H]4[C@H](C2)N(C)CC[C@]341,1,c1cc2c3c(c1)OC1CCCC4C(C2)NCCC314,0.3708513708513709,1,0.9984185552363908
Oc1ccc2c3c1O[C@@H]1[C@@H](O)CC[C@]4(O)[C@@H](C2)N(CC2CCC2)CC[C@@]314,1,c1cc2c3c(c1)OC1CCCC4C(C2)N(CC2CCC2)CCC314,CC(C)=CCN1CC[C@]2(C)c3cc(O)ccc3C[C@@H]1[C@H]2C,1,c1ccc2c(c1)CC1CC2CCN1,0.26227848101265827,1,0.9815525448307172
C[C@H](CN1CCOCC1)C(C(=O)N1CCCC1)(c1ccccc1)c1ccccc1,1,O=C(N1CCCC1)C(CCN1CCOCC1)(c1ccccc1)c1ccccc1,CC(C)COC[C@@H](CN1CCCC1)N(Cc1ccccc1)c1ccccc1,1,c1ccc(CN(CCN2CCCC2)c2ccccc2)cc1,0.3249907715023994,1,0.999407833324434
C[C@H](CN1CCOCC1)C(C(=O)N1CCCC1)(c1ccccc1)c1ccccc1,1,O=C(N1CCCC1)C(CCN1CCOCC1)(c1ccccc1)c1ccccc1,O[C@](CCN1CCCCC1)(c1ccccc1)C1CCCCC1,1,c1ccc(C(CCN2CCCCC2)C2CCCCC2)cc1,0.3134301270417423,1,0.9778698451314667
C[C@H](CN1CCOCC1)C(C(=O)N1CCCC1)(c1ccccc1)c1ccccc1,1,O=C(N1CCCC1)C(CCN1CCOCC1)(c1ccccc1)c1ccccc1,CCC(=O)C(C[C@H](C)N(C)C)(c1ccccc1)c1ccccc1,1,c1ccc(Cc2ccccc2)cc1,0.30350877192982456,1,0.9597331396994493
C[C@H](CN1CCOCC1)C(C(=O)N1CCCC1)(c1ccccc1)c1ccccc1,1,O=C(N1CCCC1)C(CCN1CCOCC1)(c1ccccc1)c1ccccc1,CCOC(=O)Nc1ccc2c(c1)N(C(=O)CCN1CCOCC1)c1ccccc1S2,1,O=C(CCN1CCOCC1)N1c2ccccc2Sc2ccccc21,0.2894248608534323,1,0.9992081662683371
CC(=O)O[C@@H]1[C@H]([N+]2(C)CCCCC2)C[C@@H]2[C@@H]3CC[C@@H]4C[C@@H](OC(C)=O)[C@@H](N5CCCCC5)C[C@]4(C)[C@@H]3CC[C@]21C,0,C1CCN(C2CCC3CCC4C5CC([NH+]6CCCCC6)CC5CCC4C3C2)CC1,CC(=O)[C@@H]1CC[C@@H]2[C@@H]3CCC4=CC(=O)CC[C@]4(C)[C@@H]3CC[C@]21C,1,O=C1C=C2CCC3C4CCCC4CCC3C2CC1,0.21964782205746064,0,0.07939167550068975
CC(=O)O[C@@H]1[C@H]([N+]2(C)CCCCC2)C[C@@H]2[C@@H]3CC[C@@H]4C[C@@H](OC(C)=O)[C@@H](N5CCCCC5)C[C@]4(C)[C@@H]3CC[C@]21C,0,C1CCN(C2CCC3CCC4C5CC([NH+]6CCCCC6)CC5CCC4C3C2)CC1,C#C[C@@]1(OC(C)=O)CC[C@@H]2[C@@H]3CCC4=C[C@@H](OC(C)=O)CC[C@@H]4[C@@H]3CC[C@@]21C,1,C1=C2CCC3C4CCCC4CCC3C2CCC1,0.21097906055461235,0,0.03559535681377689
CC(=O)O[C@@H]1[C@H]([N+]2(C)CCCCC2)C[C@@H]2[C@@H]3CC[C@@H]4C[C@@H](OC(C)=O)[C@@H](N5CCCCC5)C[C@]4(C)[C@@H]3CC[C@]21C,0,C1CCN(C2CCC3CCC4C5CC([NH+]6CCCCC6)CC5CCC4C3C2)CC1,CC(C)(C)NC(=O)[C@@H]1CC[C@@H]2[C@@H]3CC[C@@H]4NC(=O)C=C[C@@]4(C)[C@@H]3CC[C@]21C,1,O=C1C=CC2C(CCC3C4CCCC4CCC23)N1,0.21026819923371648,0,0.06453191007211027
CC(=O)O[C@@H]1[C@H]([N+]2(C)CCCCC2)C[C@@H]2[C@@H]3CC[C@@H]4C[C@@H](OC(C)=O)[C@@H](N5CCCCC5)C[C@]4(C)[C@@H]3CC[C@]21C,0,C1CCN(C2CCC3CCC4C5CC([NH+]6CCCCC6)CC5CCC4C3C2)CC1,CCN(CC)CCOC(=O)C1(C2CCCCC2)CCCCC1,1,C1CCC(C2CCCCC2)CC1,0.20530612244897956,0,0.1164235478889934
CCN1CC[C@]23[C@@H]4C=C[C@H](O)[C@@H]2OC2=C(O)C=C[C@H](C[C@@H]41)[C@@H]23,1,C1=CC2CC3NCCC45C(CC=CC34)OC(=C1)C25,Oc1ccc2c3c1O[C@@H]1[C@@H](O)CC[C@]4(O)[C@@H](C2)N(CC2CCC2)CC[C@@]314,1,c1cc2c3c(c1)OC1CCCC4C(C2)N(CC2CCC2)CCC314,0.2159182183278569,1,0.9994421303169796
CCN1CC[C@]23[C@@H]4C=C[C@H](O)[C@@H]2OC2=C(O)C=C[C@H](C[C@@H]41)[C@@H]23,1,C1=CC2CC3NCCC45C(CC=CC34)OC(=C1)C25,COc1ccc2c3c1O[C@@H]1C[C@@H](O)C=C[C@]31CCN(C)C2,1,C1=CC23CCNCc4cccc(c42)OC3CC1,0.21477484955384937,1,0.9963409582164932
CCN1CC[C@]23[C@@H]4C=C[C@H](O)[C@@H]2OC2=C(O)C=C[C@H](C[C@@H]41)[C@@H]23,1,C1=CC2CC3NCCC45C(CC=CC34)OC(=C1)C25,COc1ccc2c3c1O[C@H]1[C@@H](O)CC[C@@H]4[C@H](C2)N(C)CC[C@]341,1,c1cc2c3c(c1)OC1CCCC4C(C2)NCCC314,0.21126984126984127,1,0.9982435362001127
CCN1CC[C@]23[C@@H]4C=C[C@H](O)[C@@H]2OC2=C(O)C=C[C@H](C[C@@H]41)[C@@H]23,1,C1=CC2CC3NCCC45C(CC=CC34)OC(=C1)C25,CC(C)=CCN1CC[C@]2(C)c3cc(O)ccc3C[C@@H]1[C@H]2C,1,c1ccc2c(c1)CC1CC2CCN1,0.21052631578947367,1,0.9878417193095714
OC(Cn1cncn1)(Cn1cncn1)c1ccc(F)cc1F,1,c1ccc(C(Cn2cncn2)Cn2cncn2)cc1,CC(C)(C#N)c1cc(Cn2cncn2)cc(C(C)(C)C#N)c1,1,c1ccc(Cn2cncn2)cc1,0.3098021168890934,1,0.9958001666406312
OC(Cn1cncn1)(Cn1cncn1)c1ccc(F)cc1F,1,c1ccc(C(Cn2cncn2)Cn2cncn2)cc1,CN(C)CCc1c[nH]c2ccc(Cn3cncn3)cc12,1,c1ncn(Cc2ccc3[nH]ccc3c2)n1,0.25600479185384845,1,0.9994698183134312
OC(Cn1cncn1)(Cn1cncn1)c1ccc(F)cc1F,1,c1ccc(C(Cn2cncn2)Cn2cncn2)cc1,N#Cc1ccc(C(c2ccc(C#N)cc2)n2cncn2)cc1,1,c1ccc(C(c2ccccc2)n2cncn2)cc1,0.2417134115247323,1,0.997460168064762
OC(Cn1cncn1)(Cn1cncn1)c1ccc(F)cc1F,1,c1ccc(C(Cn2cncn2)Cn2cncn2)cc1,CCOC(=O)c1ncn2c1CN(C)C(=O)c1cc(F)ccc1-2,1,O=C1NCc2cncn2-c2ccccc21,0.2028571428571429,1,0.9982176363178336
CNS(=O)(=O)CCc1ccc2[nH]c(C3CCN(C)CC3)cc2c1,1,c1ccc2[nH]c(C3CCNCC3)cc2c1,CNS(=O)(=O)Cc1ccc2[nH]cc(CCN(C)C)c2c1,1,c1ccc2[nH]ccc2c1,0.34084678647578437,1,0.9955143550108436
CNS(=O)(=O)CCc1ccc2[nH]c(C3CCN(C)CC3)cc2c1,1,c1ccc2[nH]c(C3CCNCC3)cc2c1,CN(C)CCc1c[nH]c2ccc(CS(=O)(=O)N3CCCC3)cc12,1,O=S(=O)(Cc1ccc2[nH]ccc2c1)N1CCCC1,0.27503805175038054,1,0.9989209939429062
CNS(=O)(=O)CCc1ccc2[nH]c(C3CCN(C)CC3)cc2c1,1,c1ccc2[nH]c(C3CCNCC3)cc2c1,CN1CCC[C@@H](N2N[C@@H](Cc3ccc(Cl)cc3)c3ccccc3C2=O)CC1,1,O=C1c2ccccc2C(Cc2ccccc2)NN1C1CCCNCC1,0.23622828784119107,1,0.9981949758602707
CNS(=O)(=O)CCc1ccc2[nH]c(C3CCN(C)CC3)cc2c1,1,c1ccc2[nH]c(C3CCNCC3)cc2c1,CCCOC(C(=O)OC1CCN(C)CC1)(c1ccccc1)c1ccccc1,1,O=C(OC1CCNCC1)C(c1ccccc1)c1ccccc1,0.23376623376623376,1,0.9989304442842475
Cc1cc(C)nc(NS(=O)(=O)c2ccc(N)cc2)n1,1,O=S(=O)(Nc1ncccn1)c1ccccc1,Cc1cc(NS(=O)(=O)c2ccc(N)cc2)nc(C)n1,1,O=S(=O)(Nc1ccncn1)c1ccccc1,0.65203007518797,1,0.9972831414872825
Cc1cc(C)nc(NS(=O)(=O)c2ccc(N)cc2)n1,1,O=S(=O)(Nc1ncccn1)c1ccccc1,Cc1cc(NS(=O)(=O)c2ccc(N)cc2)no1,1,O=S(=O)(Nc1ccon1)c1ccccc1,0.5542857142857144,1,0.9979339444009276
Cc1cc(C)nc(NS(=O)(=O)c2ccc(N)cc2)n1,1,O=S(=O)(Nc1ncccn1)c1ccccc1,Cc1nnc(NS(=O)(=O)c2ccc(N)cc2)s1,1,O=S(=O)(Nc1nncs1)c1ccccc1,0.5274031563845051,1,0.9969117490254611
Cc1cc(C)nc(NS(=O)(=O)c2ccc(N)cc2)n1,1,O=S(=O)(Nc1ncccn1)c1ccccc1,Cc1nsc(NS(=O)(=O)c2ccc(N)cc2)c1C,1,O=S(=O)(Nc1ccns1)c1ccccc1,0.52,1,0.9983371796225802
COCCOc1cnc(NS(=O)(=O)c2ccccc2)nc1,1,O=S(=O)(Nc1ncccn1)c1ccccc1,Cc1cc(C)nc(NS(=O)(=O)c2ccc(N)cc2)n1,1,O=S(=O)(Nc1ncccn1)c1ccccc1,0.34415131906421104,1,0.9994006294061658
COCCOc1cnc(NS(=O)(=O)c2ccccc2)nc1,1,O=S(=O)(Nc1ncccn1)c1ccccc1,Cc1cc(NS(=O)(=O)c2ccc(N)cc2)no1,1,O=S(=O)(Nc1ccon1)c1ccccc1,0.2795025728987993,1,0.9995444358044016
COCCOc1cnc(NS(=O)(=O)c2ccccc2)nc1,1,O=S(=O)(Nc1ncccn1)c1ccccc1,Cc1nsc(NS(=O)(=O)c2ccc(N)cc2)c1C,1,O=S(=O)(Nc1ccns1)c1ccccc1,0.2740740740740741,1,0.9996334644118597
COCCOc1cnc(NS(=O)(=O)c2ccccc2)nc1,1,O=S(=O)(Nc1ncccn1)c1ccccc1,Cc1nnc(NS(=O)(=O)c2ccc(N)cc2)s1,1,O=S(=O)(Nc1nncs1)c1ccccc1,0.2690985324947589,1,0.9993184981043429
O=C1CC2(CCCC2)CC(=O)N1CCCCN1CCN(c2ncccn2)CC1,1,O=C1CC2(CCCC2)CC(=O)N1CCCCN1CCN(c2ncccn2)CC1,CN1CCN(CCCCN2C(=O)CN(/N=C/c3ccc(-c4ccc(Cl)cc4)o3)C2=O)CC1,1,O=C1CN(N=Cc2ccc(-c3ccccc3)o2)C(=O)N1CCCCN1CCNCC1,0.2597966101694915,1,0.9999867635598441
O=C1CC2(CCCC2)CC(=O)N1CCCCN1CCN(c2ncccn2)CC1,1,O=C1CC2(CCCC2)CC(=O)N1CCCCN1CCN(c2ncccn2)CC1,COc1ccccc1N1CCN(CCCNc2cc(=O)n(C)c(=O)n2C)CC1,1,O=c1cc(NCCCN2CCN(c3ccccc3)CC2)[nH]c(=O)[nH]1,0.25656174334140436,1,0.9999876173355178
O=C1CC2(CCCC2)CC(=O)N1CCCCN1CCN(c2ncccn2)CC1,1,O=C1CC2(CCCC2)CC(=O)N1CCCCN1CCN(c2ncccn2)CC1,CCc1nn(CCCN2CCN(c3cccc(Cl)c3)CC2)c(=O)n1CCOc1ccccc1,1,O=c1n(CCOc2ccccc2)cnn1CCCN1CCN(c2ccccc2)CC1,0.24032634032634032,1,0.9999815930817882
O=C1CC2(CCCC2)CC(=O)N1CCCCN1CCN(c2ncccn2)CC1,1,O=C1CC2(CCCC2)CC(=O)N1CCCCN1CCN(c2ncccn2)CC1,O=c1[nH]c2ccccc2n1CCCN1CCN(C(c2ccccc2)c2ccccc2)CC1,1,O=c1[nH]c2ccccc2n1CCCN1CCN(C(c2ccccc2)c2ccccc2)CC1,0.2312275295326143,1,0.9999861257413643
O=C1NNC(=O)C1(c1ccccc1)c1ccccc1,1,O=C1NNC(=O)C1(c1ccccc1)c1ccccc1,CCC1(c2ccccc2)C(=O)NC(=O)NC1=O,1,O=C1NC(=O)C(c2ccccc2)C(=O)N1,0.40955794504181603,1,0.9833503812329809
O=C1NNC(=O)C1(c1ccccc1)c1ccccc1,1,O=C1NNC(=O)C1(c1ccccc1)c1ccccc1,CCC1(c2ccccc2)C(=O)NCNC1=O,1,O=C1NCNC(=O)C1c1ccccc1,0.38922558922558925,1,0.9944295684175412
O=C1NNC(=O)C1(c1ccccc1)c1ccccc1,1,O=C1NNC(=O)C1(c1ccccc1)c1ccccc1,CCN(CC)CC[C@]1(c2ccccc2)CCC(=O)NC1=O,1,O=C1CCC(c2ccccc2)C(=O)N1,0.30644257703081235,1,0.9724674413771675
O=C1NNC(=O)C1(c1ccccc1)c1ccccc1,1,O=C1NNC(=O)C1(c1ccccc1)c1ccccc1,O=C1c2ccccc2C(=O)C1c1ccccc1,1,O=C1c2ccccc2C(=O)C1c1ccccc1,0.28606060606060607,1,0.9948569168639826
CCOC(=O)[C@@H](CCc1ccccc1)N[C@H](C)C(=O)N1[C@H](C(=O)O)C[C@@H]2CCC[C@@H]21,1,O=C(CNCCCc1ccccc1)N1CCC2CCCC21,CCOC(=O)[C@@H](CCc1ccccc1)N[C@H](C)C(=O)N1[C@H](C(=O)O)C[C@@H]2CCCC[C@@H]21,1,O=C(CNCCCc1ccccc1)N1CCC2CCCCC21,0.9709090909090909,1,0.980580468328639
CCOC(=O)[C@@H](CCc1ccccc1)N[C@H](C)C(=O)N1[C@H](C(=O)O)C[C@@H]2CCC[C@@H]21,1,O=C(CNCCCc1ccccc1)N1CCC2CCCC21,CCC[C@@H](N[C@H](C)C(=O)N1[C@H](C(=O)O)C[C@@H]2CCCC[C@@H]21)C(=O)OCC,1,C1CCC2NCCC2C1,0.758007662835249,1,0.9894145116795617
CCOC(=O)[C@@H](CCc1ccccc1)N[C@H](C)C(=O)N1[C@H](C(=O)O)C[C@@H]2CCC[C@@H]21,1,O=C(CNCCCc1ccccc1)N1CCC2CCCC21,CCOC(=O)[C@H](CCc1ccccc1)N[C@@H]1CCCN2CCC[C@@H](C(=O)O)N2C1=O,1,O=C1C(NCCCc2ccccc2)CCCN2CCCCN12,0.5111111111111111,1,0.9931954480003641
CCOC(=O)[C@@H](CCc1ccccc1)N[C@H](C)C(=O)N1[C@H](C(=O)O)C[C@@H]2CCC[C@@H]21,1,O=C(CNCCCc1ccccc1)N1CCC2CCCC21,CC(C)[C@H]1CC[C@@H](C(=O)N[C@H](Cc2ccccc2)C(=O)O)CC1,1,O=C(NCCc1ccccc1)C1CCCCC1,0.2976939203354298,1,0.977589738690504
NC12CC3CC(CC(C3)C1)C2,1,C1C2CC3CC1CC(C2)C3,NC[C@H]1CC[C@@H](C(=O)O)CC1,1,C1CCCCC1,0.12166666666666669,1,0.9906566298955781
NC12CC3CC(CC(C3)C1)C2,1,C1C2CC3CC1CC(C2)C3,N[C@H]1CONC1=O,1,O=C1CCON1,0.1088455772113943,1,0.9981876007783356
NC12CC3CC(CC(C3)C1)C2,1,C1C2CC3CC1CC(C2)C3,N=C(N)NC[C@@H]1COC2(CCCCC2)O1,1,C1CCC2(CC1)OCCO2,0.09095200629425651,1,0.9545352440818985
NC12CC3CC(CC(C3)C1)C2,1,C1C2CC3CC1CC(C2)C3,CC(C)(Oc1ccc([C@@H]2CC2(Cl)Cl)cc1)C(=O)O,1,c1ccc(C2CC2)cc1,0.08730158730158731,1,0.9921046691696204
CN(C)CC[C@H](c1ccccc1)c1ccccn1,1,c1ccc(Cc2ccccn2)cc1,CN(C)CCN(c1ccc(Cl)cc1)c1ccccn1,1,c1ccc(Nc2ccccn2)cc1,0.3658585858585859,1,0.9999934353279286
CN(C)CC[C@H](c1ccccc1)c1ccccn1,1,c1ccc(Cc2ccccn2)cc1,Cc1ccccc1[C@@H](OCCN(C)C)c1ccccc1,1,c1ccc(Cc2ccccc2)cc1,0.33615560640732267,1,0.9803686009416512
CN(C)CC[C@H](c1ccccc1)c1ccccn1,1,c1ccc(Cc2ccccn2)cc1,Cc1ccc(O)c([C@@H](CCN(C(C)C)C(C)C)c2ccccc2)c1,1,c1ccc(Cc2ccccc2)cc1,0.326,1,0.9892958760070677
CN(C)CC[C@H](c1ccccc1)c1ccccn1,1,c1ccc(Cc2ccccn2)cc1,CNCCc1ccccn1,1,c1ccncc1,0.29714285714285715,1,0.9999613548500712
O=C(O)CCC(=O)Nc1ccc(S(=O)(=O)Nc2nccs2)cc1,0,O=S(=O)(Nc1nccs1)c1ccccc1,Cc1nnc(NS(=O)(=O)c2ccc(N)cc2)s1,1,O=S(=O)(Nc1nncs1)c1ccccc1,0.2998209810239885,0,0.1057088808956478
O=C(O)CCC(=O)Nc1ccc(S(=O)(=O)Nc2nccs2)cc1,0,O=S(=O)(Nc1nccs1)c1ccccc1,Cc1cc(C)nc(NS(=O)(=O)c2ccc(N)cc2)n1,1,O=S(=O)(Nc1ncccn1)c1ccccc1,0.2845714285714286,0,0.1698738713841823
O=C(O)CCC(=O)Nc1ccc(S(=O)(=O)Nc2nccs2)cc1,0,O=S(=O)(Nc1nccs1)c1ccccc1,Cc1nsc(NS(=O)(=O)c2ccc(N)cc2)c1C,1,O=S(=O)(Nc1ccns1)c1ccccc1,0.2693877551020408,0,0.18022499074468737
O=C(O)CCC(=O)Nc1ccc(S(=O)(=O)Nc2nccs2)cc1,0,O=S(=O)(Nc1nccs1)c1ccccc1,Cc1cc(NS(=O)(=O)c2ccc(N)cc2)no1,1,O=S(=O)(Nc1ccon1)c1ccccc1,0.2692753623188406,0,0.15028672599608076
CCN(CC)CCOC(=O)C1(C2CCCCC2)CCCCC1,1,C1CCC(C2CCCCC2)CC1,CCN(CC)CC[C@]1(c2ccccc2)CCC(=O)NC1=O,1,O=C1CCC(c2ccccc2)C(=O)N1,0.23296888141295208,1,0.9973529260570548
CCN(CC)CCOC(=O)C1(C2CCCCC2)CCCCC1,1,C1CCC(C2CCCCC2)CC1,CCOC(=O)C1(c2ccccc2)CCN(C)CC1,1,c1ccc(C2CCNCC2)cc1,0.23157894736842105,1,0.9976622850502882
CCN(CC)CCOC(=O)C1(C2CCCCC2)CCCCC1,1,C1CCC(C2CCCCC2)CC1,CCN(CC)CCNC(=O)c1cc(Cl)c(N)cc1OC,1,c1ccccc1,0.2003734827264239,1,0.9979643992019671
CCN(CC)CCOC(=O)C1(C2CCCCC2)CCCCC1,1,C1CCC(C2CCCCC2)CC1,CCC[C@@H](N[C@H](C)C(=O)N1[C@H](C(=O)O)C[C@@H]2CCCC[C@@H]21)C(=O)OCC,1,C1CCC2NCCC2C1,0.19857142857142857,1,0.9991370278900026
C[C@@](O)(CS(=O)(=O)c1ccc(F)cc1)C(=O)Nc1ccc(C#N)c(C(F)(F)F)c1,1,O=C(CCS(=O)(=O)c1ccccc1)Nc1ccccc1,CC(C)C(=O)Nc1ccc([N+](=O)[O-])c(C(F)(F)F)c1,1,c1ccccc1,0.34676923076923083,1,0.993398846888003
C[C@@](O)(CS(=O)(=O)c1ccc(F)cc1)C(=O)Nc1ccc(C#N)c(C(F)(F)F)c1,1,O=C(CCS(=O)(=O)c1ccccc1)Nc1ccccc1,CC(=O)Nc1ccc([C@H](O)CNC(C)C)cc1,1,c1ccccc1,0.23655193420651843,1,0.9702819254533137
C[C@@](O)(CS(=O)(=O)c1ccc(F)cc1)C(=O)Nc1ccc(C#N)c(C(F)(F)F)c1,1,O=C(CCS(=O)(=O)c1ccccc1)Nc1ccccc1,CC(=O)Nc1ccc(O)cc1,1,c1ccccc1,0.2306335204490778,1,0.9907104111922398
C[C@@](O)(CS(=O)(=O)c1ccc(F)cc1)C(=O)Nc1ccc(C#N)c(C(F)(F)F)c1,1,O=C(CCS(=O)(=O)c1ccccc1)Nc1ccccc1,CC(=O)Nc1ccccc1,1,c1ccccc1,0.21672413793103448,1,0.9856231732035333
C[n+]1ccccc1/C=N/O,0,c1cc[nH+]cc1,N=C(N)N/N=C/c1c(Cl)cccc1Cl,1,c1ccccc1,0.18869778869778872,0,0.22750368534001117
C[n+]1ccccc1/C=N/O,0,c1cc[nH+]cc1,CC(=O)Nc1ccccc1,1,c1ccccc1,0.1878136200716846,1,0.5990466568654651
C[n+]1ccccc1/C=N/O,0,c1cc[nH+]cc1,C[C@H](N)[C@@H](O)c1ccccc1,1,c1ccccc1,0.18260135135135136,0,0.42821584567262094
C[n+]1ccccc1/C=N/O,0,c1cc[nH+]cc1,CN[C@@H](C)[C@@H](O)c1ccccc1,1,c1ccccc1,0.17300150829562597,1,0.5389180608736003
CN1c2ccccc2N(CCCCCCC(=O)O)c2ccc(Cl)cc2S1(=O)=O,1,O=S1(=O)Nc2ccccc2Nc2ccccc21,CN1C(=O)CC(=O)N(c2ccccc2)c2cc(Cl)ccc21,1,O=C1CC(=O)N(c2ccccc2)c2ccccc2N1,0.3375,1,0.9995564115919819
CN1c2ccccc2N(CCCCCCC(=O)O)c2ccc(Cl)cc2S1(=O)=O,1,O=S1(=O)Nc2ccccc2Nc2ccccc21,OCCN1CCN(CCCN2c3ccccc3Sc3ccc(Cl)cc32)CC1,1,c1ccc2c(c1)Sc1ccccc1N2CCCN1CCNCC1,0.33373219373219376,1,0.9999839961833336
CN1c2ccccc2N(CCCCCCC(=O)O)c2ccc(Cl)cc2S1(=O)=O,1,O=S1(=O)Nc2ccccc2Nc2ccccc21,O=C(O)Cc1ccccc1Oc1ccc(Cl)cc1Cl,1,c1ccc(Oc2ccccc2)cc1,0.3152322404371585,1,0.9997824383786859
CN1c2ccccc2N(CCCCCCC(=O)O)c2ccc(Cl)cc2S1(=O)=O,1,O=S1(=O)Nc2ccccc2Nc2ccccc21,CN1C(=O)CN=C(c2ccccc2)c2cc(Cl)ccc21,1,O=C1CN=C(c2ccccc2)c2ccccc2N1,0.30833333333333335,1,0.999893733059581
Cc1cc(NS(=O)(=O)c2ccc(N)cc2)nc(C)n1,1,O=S(=O)(Nc1ccncn1)c1ccccc1,Cc1cc(C)nc(NS(=O)(=O)c2ccc(N)cc2)n1,1,O=S(=O)(Nc1ncccn1)c1ccccc1,0.65203007518797,1,0.9972831414872825
Cc1cc(NS(=O)(=O)c2ccc(N)cc2)nc(C)n1,1,O=S(=O)(Nc1ccncn1)c1ccccc1,Cc1cc(NS(=O)(=O)c2ccc(N)cc2)no1,1,O=S(=O)(Nc1ccon1)c1ccccc1,0.5997212543554007,1,0.9979339444009276
Cc1cc(NS(=O)(=O)c2ccc(N)cc2)nc(C)n1,1,O=S(=O)(Nc1ccncn1)c1ccccc1,Cc1nnc(NS(=O)(=O)c2ccc(N)cc2)s1,1,O=S(=O)(Nc1nncs1)c1ccccc1,0.5171122994652406,1,0.9969117490254611
Cc1cc(NS(=O)(=O)c2ccc(N)cc2)nc(C)n1,1,O=S(=O)(Nc1ccncn1)c1ccccc1,Cc1nsc(NS(=O)(=O)c2ccc(N)cc2)c1C,1,O=S(=O)(Nc1ccns1)c1ccccc1,0.48385964912280705,1,0.9983371796225802
CCS(=O)(=O)CCn1c([N+](=O)[O-])cnc1C,1,c1c[nH]cn1,Cc1ncc([N+](=O)[O-])n1CCO,1,c1c[nH]cn1,0.6363499245852188,1,0.9996757303062411
CCS(=O)(=O)CCn1c([N+](=O)[O-])cnc1C,1,c1c[nH]cn1,Cc1cnc(C(=O)O)c[n+]1[O-],1,c1c[nH+]ccn1,0.2093790707772471,1,0.9999691216496803
CCS(=O)(=O)CCn1c([N+](=O)[O-])cnc1C,1,c1c[nH]cn1,O=[N+]([O-])c1ccc(O)c2ncccc12,1,c1ccc2ncccc2c1,0.20433560818948215,1,0.9997733754690056
CCS(=O)(=O)CCn1c([N+](=O)[O-])cnc1C,1,c1c[nH]cn1,CCOC(=O)n1ccn(C)c1=S,1,S=c1[nH]cc[nH]1,0.1949579831932773,1,0.999948797366287
Cc1ncc([N+](=O)[O-])n1CCO,1,c1c[nH]cn1,CCS(=O)(=O)CCn1c([N+](=O)[O-])cnc1C,1,c1c[nH]cn1,0.6363499245852188,1,0.9998233229294946
Cc1ncc([N+](=O)[O-])n1CCO,1,c1c[nH]cn1,O=[N+]([O-])c1ccc(O)c2ncccc12,1,c1ccc2ncccc2c1,0.24651162790697675,1,0.9993868149904538
Cc1ncc([N+](=O)[O-])n1CCO,1,c1c[nH]cn1,Cc1cnc(C(=O)O)c[n+]1[O-],1,c1c[nH+]ccn1,0.2273737373737374,1,0.9999164235798988
Cc1ncc([N+](=O)[O-])n1CCO,1,c1c[nH]cn1,O=C(N[C@H](CO)[C@@H](O)c1ccc([N+](=O)[O-])cc1)C(Cl)Cl,1,c1ccccc1,0.20166666666666672,1,0.9908497521562457
C/N=C(\NC#N)NCCSCc1nc[nH]c1C,1,c1c[nH]cn1,Cc1[nH]c(=O)c(C#N)cc1-c1ccncc1,1,O=c1ccc(-c2ccncc2)c[nH]1,0.1776923076923077,1,0.9998129551817977
C/N=C(\NC#N)NCCSCc1nc[nH]c1C,1,c1c[nH]cn1,O=c1[nH]cnc2[nH]ncc12,1,O=c1[nH]cnc2[nH]ncc12,0.16013793103448276,1,0.9964887976696796
C/N=C(\NC#N)NCCSCc1nc[nH]c1C,1,c1c[nH]cn1,Cc1nc(NCc2cccnc2)c(C#N)c(=O)[nH]1,1,O=c1cc(NCc2cccnc2)nc[nH]1,0.1484271156402304,1,0.9991851370154016
C/N=C(\NC#N)NCCSCc1nc[nH]c1C,1,c1c[nH]cn1,C[C@H]1CC(=O)NN=C1c1ccc(NN=C(C#N)C#N)cc1,1,O=C1CCC(c2ccccc2)=NN1,0.14665836446658365,1,0.9952743201819317
CN1CCC(=C2c3ccccc3CCc3sccc32)CC1,1,c1ccc2c(c1)CCc1sccc1C2=C1CCNCC1,CN1CCC(=C2c3ccccc3CC(=O)c3sccc32)CC1,1,O=C1Cc2ccccc2C(=C2CCNCC2)c2ccsc21,0.6504093567251463,1,0.9954024176982701
CN1CCC(=C2c3ccccc3CCc3sccc32)CC1,1,c1ccc2c(c1)CCc1sccc1C2=C1CCNCC1,CN1CCC(=C2c3ccccc3C=Cc3ccccc32)CC1,1,C1=Cc2ccccc2C(=C2CCNCC2)c2ccccc21,0.5285714285714286,1,0.9035485244763107
CN1CCC(=C2c3ccccc3CCc3sccc32)CC1,1,c1ccc2c(c1)CCc1sccc1C2=C1CCNCC1,CN(C)CCC=C1c2ccccc2CCc2ccccc21,1,C=C1c2ccccc2CCc2ccccc21,0.3204633204633205,1,0.9683313763123081
CN1CCC(=C2c3ccccc3CCc3sccc32)CC1,1,c1ccc2c(c1)CCc1sccc1C2=C1CCNCC1,CNCCC=C1c2ccccc2CCc2ccccc21,1,C=C1c2ccccc2CCc2ccccc21,0.2857142857142857,1,0.9787951282953375
COc1ccc2c3c1O[C@@H]1C[C@@H](O)C=C[C@]31CCN(C)C2,1,C1=CC23CCNCc4cccc(c42)OC3CC1,COc1ccc2c3c1O[C@H]1[C@@H](O)CC[C@@H]4[C@H](C2)N(C)CC[C@]341,1,c1cc2c3c(c1)OC1CCCC4C(C2)NCCC314,0.4144537815126051,1,0.9999926881468547
COc1ccc2c3c1O[C@@H]1C[C@@H](O)C=C[C@]31CCN(C)C2,1,C1=CC23CCNCc4cccc(c42)OC3CC1,COc1ccc2c3c1O[C@@H]1C(=O)CC[C@]4(O)[C@H](C2)N(C)CC[C@@]314,1,O=C1CCC2C3Cc4cccc5c4C2(CCN3)C1O5,0.4,1,0.9999837397868662
COc1ccc2c3c1O[C@@H]1C[C@@H](O)C=C[C@]31CCN(C)C2,1,C1=CC23CCNCc4cccc(c42)OC3CC1,C=CCN1CC[C@@]23c4c5ccc(O)c4O[C@H]2C(=O)CC[C@@]3(O)[C@@H]1C5,1,O=C1CCC2C3Cc4cccc5c4C2(CCN3)C1O5,0.24476190476190476,1,0.9999512342400652
COc1ccc2c3c1O[C@@H]1C[C@@H](O)C=C[C@]31CCN(C)C2,1,C1=CC23CCNCc4cccc(c42)OC3CC1,Oc1ccc2c3c1O[C@@H]1[C@@H](O)CC[C@]4(O)[C@@H](C2)N(CC2CCC2)CC[C@@]314,1,c1cc2c3c(c1)OC1CCCC4C(C2)N(CC2CCC2)CCC314,0.24234643492000793,1,0.9999913275589805
C=C[C@@]12CC[C@@H](O[C@H]3C[C@@H](OC)[C@@H](O)[C@H](C)O3)C[C@]1(O)CC[C@@H]1[C@@H]2CC[C@]2(C)[C@H](C3=CC(=O)OC3)CC[C@@]12O,1,O=C1C=C(C2CCC3C2CCC2C4CCC(OC5CCCCO5)CC4CCC23)CO1,C#C[C@@]1(O)CC[C@@H]2[C@@H]3CCC4=CC(=O)CC[C@@H]4[C@@H]3CC[C@@]21C,1,O=C1C=C2CCC3C4CCCC4CCC3C2CC1,0.24388384754990927,1,0.9980227699450727
C=C[C@@]12CC[C@@H](O[C@H]3C[C@@H](OC)[C@@H](O)[C@H](C)O3)C[C@]1(O)CC[C@@H]1[C@@H]2CC[C@]2(C)[C@H](C3=CC(=O)OC3)CC[C@@]12O,1,O=C1C=C(C2CCC3C2CCC2C4CCC(OC5CCCCO5)CC4CCC23)CO1,CC(=O)OCC(=O)[C@@]1(O)CC[C@@H]2[C@@H]3CCC4=CC(=O)CC[C@]4(C)[C@]3(F)[C@@H](O)C[C@@]21C,1,O=C1C=C2CCC3C4CCCC4CCC3C2CC1,0.24342617550164722,1,0.999925080836419
C=C[C@@]12CC[C@@H](O[C@H]3C[C@@H](OC)[C@@H](O)[C@H](C)O3)C[C@]1(O)CC[C@@H]1[C@@H]2CC[C@]2(C)[C@H](C3=CC(=O)OC3)CC[C@@]12O,1,O=C1C=C(C2CCC3C2CCC2C4CCC(OC5CCCCO5)CC4CCC23)CO1,C[C@H]1C[C@H]2[C@H]([C@H](O)C[C@]3(C)[C@@H]2CC[C@@]3(O)C(=O)CO)[C@]2(C)C=CC(=O)C=C12,1,O=C1C=CC2C(=C1)CCC1C3CCCC3CCC21,0.2367052928280614,1,0.9996176706332771
C=C[C@@]12CC[C@@H](O[C@H]3C[C@@H](OC)[C@@H](O)[C@H](C)O3)C[C@]1(O)CC[C@@H]1[C@@H]2CC[C@]2(C)[C@H](C3=CC(=O)OC3)CC[C@@]12O,1,O=C1C=C(C2CCC3C2CCC2C4CCC(OC5CCCCO5)CC4CCC23)CO1,CC[C@@H]1OC(=O)[C@H](C)[C@@H](O[C@H]2C[C@@](C)(OC)[C@H](O)[C@H](C)O2)[C@H](C)[C@@H](O[C@@H]2O[C@@H](C)C[C@@H](N(C)C)[C@@H]2O)[C@](C)(O)C[C@@H](C)C(=O)[C@@H](C)[C@H](O)[C@]1(C)O,1,O=C1CCCCOC(=O)CC(OC2CCCCO2)CC(OC2CCCCO2)CCC1,0.22851239669421491,1,0.9263379866388456
N#Cc1ccc(C(c2ccc(C#N)cc2)n2cncn2)cc1,1,c1ccc(C(c2ccccc2)n2cncn2)cc1,CC(C)(C#N)c1cc(Cn2cncn2)cc(C(C)(C)C#N)c1,1,c1ccc(Cn2cncn2)cc1,0.2989090909090909,1,0.9911535100011862
N#Cc1ccc(C(c2ccc(C#N)cc2)n2cncn2)cc1,1,c1ccc(C(c2ccccc2)n2cncn2)cc1,OC(Cn1cncn1)(Cn1cncn1)c1ccc(F)cc1F,1,c1ccc(C(Cn2cncn2)Cn2cncn2)cc1,0.2417134115247323,1,0.9995864625720617
N#Cc1ccc(C(c2ccc(C#N)cc2)n2cncn2)cc1,1,c1ccc(C(c2ccccc2)n2cncn2)cc1,CN(C)CCc1c[nH]c2ccc(Cn3cncn3)cc12,1,c1ncn(Cc2ccc3[nH]ccc3c2)n1,0.20860215053763442,1,0.9998019321230316
N#Cc1ccc(C(c2ccc(C#N)cc2)n2cncn2)cc1,1,c1ccc(C(c2ccccc2)n2cncn2)cc1,CCN(C(C)=O)c1cccc(-c2ccnc3c(C#N)cnn23)c1,1,c1ccc(-c2ccnc3ccnn23)cc1,0.18700980392156866,1,0.9965597764275818
CSc1ccc2ncn(/C=C/C(=O)O)c(=O)c2c1,1,O=c1[nH]cnc2ccccc12,CSc1ccc(C(=O)c2[nH]c(=O)[nH]c2C)cc1,1,O=C(c1ccccc1)c1c[nH]c(=O)[nH]1,0.24138918725384892,1,0.9997816442172109
CSc1ccc2ncn(/C=C/C(=O)O)c(=O)c2c1,1,O=c1[nH]cnc2ccccc12,C=C[C@H]1CN2CC[C@@H]1C[C@@H]2[C@@H](O)c1ccnc2ccc(OC)cc12,1,c1ccc2c(CC3CC4CCN3CC4)ccnc2c1,0.2172275641025641,1,0.9923512973315219
CSc1ccc2ncn(/C=C/C(=O)O)c(=O)c2c1,1,O=c1[nH]cnc2ccccc12,C=C[C@@H]1CN2CC[C@@H]1C[C@@H]2[C@@H](O)c1ccnc2ccc(OC)cc12,1,c1ccc2c(CC3CC4CCN3CC4)ccnc2c1,0.2172275641025641,1,0.9923512973315219
CSc1ccc2ncn(/C=C/C(=O)O)c(=O)c2c1,1,O=c1[nH]cnc2ccccc12,COc1ccc2c(c1)c(CC(=O)O)cn2C(=O)c1ccccc1,1,O=C(c1ccccc1)n1ccc2ccccc21,0.2080672268907563,1,0.999717036153235
CC[C@@H]1C[C@H](OC(=O)C(O)(c2ccccc2)c2ccccc2)C[C@H](C)[N+]12CCCC2,0,O=C(OC1CC[N+]2(CCCC2)CC1)C(c1ccccc1)c1ccccc1,CCCOC(C(=O)OC1CCN(C)CC1)(c1ccccc1)c1ccccc1,1,O=C(OC1CCNCC1)C(c1ccccc1)c1ccccc1,0.3431948665991219,0,0.16759374794015242
CC[C@@H]1C[C@H](OC(=O)C(O)(c2ccccc2)c2ccccc2)C[C@H](C)[N+]12CCCC2,0,O=C(OC1CC[N+]2(CCCC2)CC1)C(c1ccccc1)c1ccccc1,CN1[C@@H]2CC[C@H]1C[C@H](OC(=O)[C@@H](CO)c1ccccc1)C2,1,O=C(Cc1ccccc1)OC1CC2CCC(C1)N2,0.2911036789297659,0,0.10538315025876185
CC[C@@H]1C[C@H](OC(=O)C(O)(c2ccccc2)c2ccccc2)C[C@H](C)[N+]12CCCC2,0,O=C(OC1CC[N+]2(CCCC2)CC1)C(c1ccccc1)c1ccccc1,CCC(=O)O[C@@](Cc1ccccc1)(c1ccccc1)[C@@H](C)CN(C)C,1,c1ccc(CCc2ccccc2)cc1,0.2489795918367347,0,0.04297532097922795
CC[C@@H]1C[C@H](OC(=O)C(O)(c2ccccc2)c2ccccc2)C[C@H](C)[N+]12CCCC2,0,O=C(OC1CC[N+]2(CCCC2)CC1)C(c1ccccc1)c1ccccc1,CCC(=O)C(C[C@H](C)N(C)C)(c1ccccc1)c1ccccc1,1,c1ccc(Cc2ccccc2)cc1,0.23799283154121867,0,0.029969465392801962
CN1CCC[C@@H]1c1cccnc1,1,c1cncc(C2CCCN2)c1,CN1C(=O)CC[C@@H]1c1cccnc1,1,O=C1CCC(c2cccnc2)N1,0.5122222222222222,1,0.9949210383267463
CN1CCC[C@@H]1c1cccnc1,1,c1cncc(C2CCCN2)c1,O=C(O)c1cccnc1,1,c1ccncc1,0.26571428571428574,1,0.990421590787553
CN1CCC[C@@H]1c1cccnc1,1,c1cncc(C2CCCN2)c1,O=C(NCCO[N+](=O)[O-])c1cccnc1,1,c1ccncc1,0.23035940803382665,1,0.993290135896925
CN1CCC[C@@H]1c1cccnc1,1,c1cncc(C2CCCN2)c1,O[C@](CCN1CCCCC1)(c1ccccc1)C1CCCCC1,1,c1ccc(C(CCN2CCCCC2)C2CCCCC2)cc1,0.22714884696016774,1,0.6642597082349575
c1ccc(CC2=NCCN2)cc1,1,c1ccc(CC2=NCCN2)cc1,C[C@H](N)Cc1ccccc1,1,c1ccccc1,0.26497354497354497,1,0.9959710357368226
c1ccc(CC2=NCCN2)cc1,1,c1ccc(CC2=NCCN2)cc1,CNCCCCOc1ccccc1Cc1ccccc1,1,c1ccc(Cc2ccccc2)cc1,0.23555555555555557,1,0.9991989953679951
c1ccc(CC2=NCCN2)cc1,1,c1ccc(CC2=NCCN2)cc1,C#CCN(C)[C@@H](C)Cc1ccccc1,1,c1ccccc1,0.23310533515731874,1,0.9955906048712868
c1ccc(CC2=NCCN2)cc1,1,c1ccc(CC2=NCCN2)cc1,CCC1(c2ccccc2)C(=O)NCNC1=O,1,O=C1NCNC(=O)C1c1ccccc1,0.23047619047619047,1,0.9991379334270174
O=C(c1ccccc1)c1ccc2n1CC[C@@H]2C(=O)O,1,O=C(c1ccccc1)c1ccc2n1CCC2,Cc1ccc(C(=O)c2ccc(CC(=O)O)n2C)cc1,1,O=C(c1ccccc1)c1ccc[nH]1,0.3331213566507685,1,0.9999336161475774
O=C(c1ccccc1)c1ccc2n1CC[C@@H]2C(=O)O,1,O=C(c1ccccc1)c1ccc2n1CCC2,C[C@H](C(=O)O)c1cccc(C(=O)c2ccccc2)c1,1,O=C(c1ccccc1)c1ccccc1,0.3138095238095238,1,0.9999264420895182
O=C(c1ccccc1)c1ccc2n1CC[C@@H]2C(=O)O,1,O=C(c1ccccc1)c1ccc2n1CCC2,CCN(CC)[C@H](C)C(=O)c1ccccc1,1,c1ccccc1,0.2432797093928386,1,0.9994947825628213
O=C(c1ccccc1)c1ccc2n1CC[C@@H]2C(=O)O,1,O=C(c1ccccc1)c1ccc2n1CCC2,Cc1cc(CC(=O)O)n(C)c1C(=O)c1ccc(Cl)cc1,1,O=C(c1ccccc1)c1ccc[nH]1,0.23808777429467085,1,0.9999582264007051
C[C@H](C(=O)O)c1cccc(C(=O)c2ccccc2)c1,1,O=C(c1ccccc1)c1ccccc1,C[C@H](C(=O)O)c1cccc(Oc2ccccc2)c1,1,c1ccc(Oc2ccccc2)cc1,0.6000000000000001,1,0.9895148548158327
C[C@H](C(=O)O)c1cccc(C(=O)c2ccccc2)c1,1,O=C(c1ccccc1)c1ccccc1,COc1ccc2cc([C@H](C)C(=O)O)ccc2c1,1,c1ccc2ccccc2c1,0.44625000000000004,1,0.993658975131225
C[C@H](C(=O)O)c1cccc(C(=O)c2ccccc2)c1,1,O=C(c1ccccc1)c1ccccc1,CC(C)Cc1ccc([C@H](C)C(=O)O)cc1,1,c1ccccc1,0.4343079922027291,1,0.9781779384378472
C[C@H](C(=O)O)c1cccc(C(=O)c2ccccc2)c1,1,O=C(c1ccccc1)c1ccccc1,C[C@H](C(=O)O)c1ccc(N2Cc3ccccc3C2=O)cc1,1,O=C1c2ccccc2CN1c1ccccc1,0.3994623655913979,1,0.9905141818191961
C[C@@H]1O[C@@H](O[C@H]2[C@@H](O)[C@H](O)[C@H](O[C@H]3[C@@H](O)[C@H](O)[C@@H](O)O[C@@H]3CO)O[C@@H]2CO)[C@@H](O)[C@@H](O)[C@@H]1N[C@@H]1C=C(CO)[C@H](O)[C@H](O)[C@H]1O,0,C1=CC(NC2CCC(OC3CCC(OC4CCCOC4)OC3)OC2)CCC1,N=c1nc2n(cc1F)[C@H]1O[C@@H](CO)[C@H](O)[C@H]1O2,1,N=c1ccn2c(n1)OC1CCOC12,0.17884153005464482,0,3.8293382132883124e-05
C[C@@H]1O[C@@H](O[C@H]2[C@@H](O)[C@H](O)[C@H](O[C@H]3[C@@H](O)[C@H](O)[C@@H](O)O[C@@H]3CO)O[C@@H]2CO)[C@@H](O)[C@@H](O)[C@@H]1N[C@@H]1C=C(CO)[C@H](O)[C@H](O)[C@H]1O,0,C1=CC(NC2CCC(OC3CCC(OC4CCCOC4)OC3)OC2)CCC1,CC[C@@H]1OC(=O)[C@H](C)[C@@H](O[C@H]2C[C@@](C)(OC)[C@H](O)[C@H](C)O2)[C@H](C)[C@@H](O[C@@H]2O[C@@H](C)C[C@@H](N(C)C)[C@@H]2O)[C@](C)(O)C[C@@H](C)C(=O)[C@@H](C)[C@H](O)[C@]1(C)O,1,O=C1CCCCOC(=O)CC(OC2CCCCO2)CC(OC2CCCCO2)CCC1,0.15880263825469307,0,0.0004505581707597318
C[C@@H]1O[C@@H](O[C@H]2[C@@H](O)[C@H](O)[C@H](O[C@H]3[C@@H](O)[C@H](O)[C@@H](O)O[C@@H]3CO)O[C@@H]2CO)[C@@H](O)[C@@H](O)[C@@H]1N[C@@H]1C=C(CO)[C@H](O)[C@H](O)[C@H]1O,0,C1=CC(NC2CCC(OC3CCC(OC4CCCOC4)OC3)OC2)CCC1,C=C[C@@]12CC[C@@H](O[C@H]3C[C@@H](OC)[C@@H](O)[C@H](C)O3)C[C@]1(O)CC[C@@H]1[C@@H]2CC[C@]2(C)[C@H](C3=CC(=O)OC3)CC[C@@]12O,1,O=C1C=C(C2CCC3C2CCC2C4CCC(OC5CCCCO5)CC4CCC23)CO1,0.15228758169934642,0,3.247456526907086e-05
C[C@@H]1O[C@@H](O[C@H]2[C@@H](O)[C@H](O)[C@H](O[C@H]3[C@@H](O)[C@H](O)[C@@H](O)O[C@@H]3CO)O[C@@H]2CO)[C@@H](O)[C@@H](O)[C@@H]1N[C@@H]1C=C(CO)[C@H](O)[C@H](O)[C@H]1O,0,C1=CC(NC2CCC(OC3CCC(OC4CCCOC4)OC3)OC2)CCC1,Cc1cn([C@H]2C=C[C@H](CO)O2)c(=O)nc1N,1,O=c1ncccn1C1C=CCO1,0.13646240764884832,0,0.0009350820950732331
Cc1cnc(CS(=O)c2nc3ccccc3[nH]2)cc1OCC(F)(F)F,1,O=S(Cc1ccccn1)c1nc2ccccc2[nH]1,COCCCOc1ccnc(CS(=O)c2nc3ccccc3[nH]2)c1C,1,O=S(Cc1ccccn1)c1nc2ccccc2[nH]1,0.493007769145394,1,0.9999943682551969
Cc1cnc(CS(=O)c2nc3ccccc3[nH]2)cc1OCC(F)(F)F,1,O=S(Cc1ccccn1)c1nc2ccccc2[nH]1,COc1ccc2[nH]c(S(=O)Cc3ncc(C)c(OC)c3C)nc2c1,1,O=S(Cc1ccccn1)c1nc2ccccc2[nH]1,0.460231884057971,1,0.9999951134677939
Cc1cnc(CS(=O)c2nc3ccccc3[nH]2)cc1OCC(F)(F)F,1,O=S(Cc1ccccn1)c1nc2ccccc2[nH]1,COc1ccnc(CS(=O)c2nc3cc(OC(F)F)ccc3[nH]2)c1OC,1,O=S(Cc1ccccn1)c1nc2ccccc2[nH]1,0.38966507177033494,1,0.9999987356778999
Cc1cnc(CS(=O)c2nc3ccccc3[nH]2)cc1OCC(F)(F)F,1,O=S(Cc1ccccn1)c1nc2ccccc2[nH]1,c1ccc2[nH]c(-c3cscn3)nc2c1,1,c1ccc2[nH]c(-c3cscn3)nc2c1,0.26870320455226115,1,0.9975394807304059
COc1ccc2[nH]c(S(=O)Cc3ncc(C)c(OC)c3C)nc2c1,1,O=S(Cc1ccccn1)c1nc2ccccc2[nH]1,COc1ccnc(CS(=O)c2nc3cc(OC(F)F)ccc3[nH]2)c1OC,1,O=S(Cc1ccccn1)c1nc2ccccc2[nH]1,0.5722435897435898,1,0.999997709764694
COc1ccc2[nH]c(S(=O)Cc3ncc(C)c(OC)c3C)nc2c1,1,O=S(Cc1ccccn1)c1nc2ccccc2[nH]1,COCCCOc1ccnc(CS(=O)c2nc3ccccc3[nH]2)c1C,1,O=S(Cc1ccccn1)c1nc2ccccc2[nH]1,0.48620895522388063,1,0.9999526355432922
COc1ccc2[nH]c(S(=O)Cc3ncc(C)c(OC)c3C)nc2c1,1,O=S(Cc1ccccn1)c1nc2ccccc2[nH]1,Cc1cnc(CS(=O)c2nc3ccccc3[nH]2)cc1OCC(F)(F)F,1,O=S(Cc1ccccn1)c1nc2ccccc2[nH]1,0.460231884057971,1,0.999984822559278
COc1ccc2[nH]c(S(=O)Cc3ncc(C)c(OC)c3C)nc2c1,1,O=S(Cc1ccccn1)c1nc2ccccc2[nH]1,COc1ccc2cc(CCC(C)=O)ccc2c1,1,c1ccc2ccccc2c1,0.23753501400560223,1,0.9894134685726043
COc1ccnc(CS(=O)c2nc3cc(OC(F)F)ccc3[nH]2)c1OC,1,O=S(Cc1ccccn1)c1nc2ccccc2[nH]1,COc1ccc2[nH]c(S(=O)Cc3ncc(C)c(OC)c3C)nc2c1,1,O=S(Cc1ccccn1)c1nc2ccccc2[nH]1,0.5722435897435898,1,0.9999866885160468
COc1ccnc(CS(=O)c2nc3cc(OC(F)F)ccc3[nH]2)c1OC,1,O=S(Cc1ccccn1)c1nc2ccccc2[nH]1,COCCCOc1ccnc(CS(=O)c2nc3ccccc3[nH]2)c1C,1,O=S(Cc1ccccn1)c1nc2ccccc2[nH]1,0.4748051948051948,1,0.9999720959156899
COc1ccnc(CS(=O)c2nc3cc(OC(F)F)ccc3[nH]2)c1OC,1,O=S(Cc1ccccn1)c1nc2ccccc2[nH]1,Cc1cnc(CS(=O)c2nc3ccccc3[nH]2)cc1OCC(F)(F)F,1,O=S(Cc1ccccn1)c1nc2ccccc2[nH]1,0.38966507177033494,1,0.9999910585486667
COc1ccnc(CS(=O)c2nc3cc(OC(F)F)ccc3[nH]2)c1OC,1,O=S(Cc1ccccn1)c1nc2ccccc2[nH]1,COc1cc(Cc2cnc(N)nc2N)cc(OC)c1OC,1,c1ccc(Cc2cncnc2)cc1,0.20877192982456141,1,0.9989611012404473
COCCCOc1ccnc(CS(=O)c2nc3ccccc3[nH]2)c1C,1,O=S(Cc1ccccn1)c1nc2ccccc2[nH]1,Cc1cnc(CS(=O)c2nc3ccccc3[nH]2)cc1OCC(F)(F)F,1,O=S(Cc1ccccn1)c1nc2ccccc2[nH]1,0.493007769145394,1,0.999997345877622
COCCCOc1ccnc(CS(=O)c2nc3ccccc3[nH]2)c1C,1,O=S(Cc1ccccn1)c1nc2ccccc2[nH]1,COc1ccc2[nH]c(S(=O)Cc3ncc(C)c(OC)c3C)nc2c1,1,O=S(Cc1ccccn1)c1nc2ccccc2[nH]1,0.48620895522388063,1,0.9999928130529724
COCCCOc1ccnc(CS(=O)c2nc3ccccc3[nH]2)c1C,1,O=S(Cc1ccccn1)c1nc2ccccc2[nH]1,COc1ccnc(CS(=O)c2nc3cc(OC(F)F)ccc3[nH]2)c1OC,1,O=S(Cc1ccccn1)c1nc2ccccc2[nH]1,0.4748051948051948,1,0.999998140474457
COCCCOc1ccnc(CS(=O)c2nc3ccccc3[nH]2)c1C,1,O=S(Cc1ccccn1)c1nc2ccccc2[nH]1,c1ccc2[nH]c(-c3cscn3)nc2c1,1,c1ccc2[nH]c(-c3cscn3)nc2c1,0.2597783767595088,1,0.9963853297945385
Nc1nc2ccc(OC(F)(F)F)cc2s1,1,c1ccc2scnc2c1,C[C@H](c1cc2ccccc2s1)N(O)C(N)=O,1,c1ccc2sccc2c1,0.18311688311688312,1,0.999994823308182
Nc1nc2ccc(OC(F)(F)F)cc2s1,1,c1ccc2scnc2c1,COc1ccnc(CS(=O)c2nc3cc(OC(F)F)ccc3[nH]2)c1OC,1,O=S(Cc1ccccn1)c1nc2ccccc2[nH]1,0.1806060606060606,1,0.9999997508563393
Nc1nc2ccc(OC(F)(F)F)cc2s1,1,c1ccc2scnc2c1,Nc1c2c(nc3ccccc13)CCCC2,1,c1ccc2nc3c(cc2c1)CCCC3,0.17787114845938376,1,0.9999275901990269
Nc1nc2ccc(OC(F)(F)F)cc2s1,1,c1ccc2scnc2c1,Nc1ccc(/N=N/c2ccccc2)c(N)n1,1,c1ccc(N=Nc2cccnc2)cc1,0.17485714285714288,1,0.99999589922571
CC(C)(C)NC[C@H](O)COc1ccccc1C1CCCC1,1,c1ccc(C2CCCC2)cc1,CC(C)(C)NC[C@H](O)COc1cccc2c1CCCC2=O,1,O=C1CCCc2ccccc21,0.5568181818181819,1,0.9994466606709999
CC(C)(C)NC[C@H](O)COc1ccccc1C1CCCC1,1,c1ccc(C2CCCC2)cc1,CC(C)(C)NC[C@H](O)COc1cccc2c1CCC(=O)N2,1,O=C1CCc2ccccc2N1,0.511164274322169,1,0.9999596074926869
CC(C)(C)NC[C@H](O)COc1ccccc1C1CCCC1,1,c1ccc(C2CCCC2)cc1,C=CCc1ccccc1OC[C@@H](O)CNC(C)C,1,c1ccccc1,0.4264808362369338,1,0.9995031155586412
CC(C)(C)NC[C@H](O)COc1ccccc1C1CCCC1,1,c1ccc(C2CCCC2)cc1,C=CCOc1ccccc1OC[C@@H](O)CNC(C)C,1,c1ccccc1,0.42592592592592593,1,0.9994870908288592
O=C1c2c(O)ccc(O)c2C(=O)c2c(NCCNCCO)ccc(NCCNCCO)c21,0,O=C1c2ccccc2C(=O)c2ccccc21,N[C@H](CO)C(=O)NNCc1ccc(O)c(O)c1O,1,c1ccccc1,0.21712962962962964,0,0.0544283988197107
O=C1c2c(O)ccc(O)c2C(=O)c2c(NCCNCCO)ccc(NCCNCCO)c21,0,O=C1c2ccccc2C(=O)c2ccccc21,CCCCNc1cc(C(=O)O)cc(S(N)(=O)=O)c1Oc1ccccc1,1,c1ccc(Oc2ccccc2)cc1,0.2017857142857143,0,0.04487115936935363
O=C1c2c(O)ccc(O)c2C(=O)c2c(NCCNCCO)ccc(NCCNCCO)c21,0,O=C1c2ccccc2C(=O)c2ccccc21,CC(C)(C)NC[C@@H](O)c1ccc(O)c(C(=O)O)c1,1,c1ccccc1,0.1959183673469388,0,0.05214738976701837
O=C1c2c(O)ccc(O)c2C(=O)c2c(NCCNCCO)ccc(NCCNCCO)c21,0,O=C1c2ccccc2C(=O)c2ccccc21,C[C@@H](CCc1ccccc1)NC[C@@H](O)c1ccc(O)c(C(N)=O)c1,1,c1ccc(CCCNCCc2ccccc2)cc1,0.1953846153846154,0,0.0974187542045353
CCc1nn(CCCN2CCN(c3cccc(Cl)c3)CC2)c(=O)n1CCOc1ccccc1,1,O=c1n(CCOc2ccccc2)cnn1CCCN1CCN(c2ccccc2)CC1,COc1ccccc1N1CCN(CCCNc2cc(=O)n(C)c(=O)n2C)CC1,1,O=c1cc(NCCCN2CCN(c3ccccc3)CC2)[nH]c(=O)[nH]1,0.30472934472934476,1,0.9999837542853401
CCc1nn(CCCN2CCN(c3cccc(Cl)c3)CC2)c(=O)n1CCOc1ccccc1,1,O=c1n(CCOc2ccccc2)cnn1CCCN1CCN(c2ccccc2)CC1,OCCN1CCN(CCCN2c3ccccc3Sc3ccc(Cl)cc32)CC1,1,c1ccc2c(c1)Sc1ccccc1N2CCCN1CCNCC1,0.28205128205128205,1,0.9999968864758684
CCc1nn(CCCN2CCN(c3cccc(Cl)c3)CC2)c(=O)n1CCOc1ccccc1,1,O=c1n(CCOc2ccccc2)cnn1CCCN1CCN(c2ccccc2)CC1,O=c1[nH]c2ccccc2n1CCCN1CCC(Nn2c(=O)[nH]c3cc(Cl)ccc32)CC1,1,O=c1[nH]c2ccccc2n1CCCN1CCC(Nn2c(=O)[nH]c3ccccc32)CC1,0.2743513957307061,1,0.9999991775610064
CCc1nn(CCCN2CCN(c3cccc(Cl)c3)CC2)c(=O)n1CCOc1ccccc1,1,O=c1n(CCOc2ccccc2)cnn1CCCN1CCN(c2ccccc2)CC1,CC(=O)N1CCN(c2ccc(OC[C@@H]3CO[C@@](Cn4ccnc4)(c4ccc(Cl)cc4Cl)O3)cc2)CC1,1,c1ccc(C2(Cn3ccnc3)OCC(COc3ccc(N4CCNCC4)cc3)O2)cc1,0.2540990099009901,1,0.9999773565095007
Clc1ccc2c(c1)C(N1CCNCC1)=Nc1ccccc1O2,1,c1ccc2c(c1)N=C(N1CCNCC1)c1ccccc1O2,CN1CCN(C2=Nc3cc(Cl)ccc3Nc3ccccc32)CC1,1,c1ccc2c(c1)N=C(N1CCNCC1)c1ccccc1N2,0.4225563909774436,1,0.99999343685497
Clc1ccc2c(c1)C(N1CCNCC1)=Nc1ccccc1O2,1,c1ccc2c(c1)N=C(N1CCNCC1)c1ccccc1O2,OCCOCCN1CCN(C2=Nc3ccccc3Sc3ccccc32)CC1,1,c1ccc2c(c1)N=C(N1CCNCC1)c1ccccc1S2,0.3047212915016753,1,0.999993666022041
Clc1ccc2c(c1)C(N1CCNCC1)=Nc1ccccc1O2,1,c1ccc2c(c1)N=C(N1CCNCC1)c1ccccc1O2,CN1C(=O)CN=C(c2ccccc2)c2cc(Cl)ccc21,1,O=C1CN=C(c2ccccc2)c2ccccc2N1,0.2673211781206171,1,0.9994847485774886
Clc1ccc2c(c1)C(N1CCNCC1)=Nc1ccccc1O2,1,c1ccc2c(c1)N=C(N1CCNCC1)c1ccccc1O2,O=C1CN=C(c2ccccc2)c2cc(Cl)ccc2N1,1,O=C1CN=C(c2ccccc2)c2ccccc2N1,0.26639455782312926,1,0.9994847485774886
Nc1cc(-c2ccncc2)c[nH]c1=O,1,O=c1ccc(-c2ccncc2)c[nH]1,Cc1[nH]c(=O)c(C#N)cc1-c1ccncc1,1,O=c1ccc(-c2ccncc2)c[nH]1,0.34774774774774775,1,0.9999154940189355
Nc1cc(-c2ccncc2)c[nH]c1=O,1,O=c1ccc(-c2ccncc2)c[nH]1,Nc1nc(=O)[nH]cc1F,1,O=c1nccc[nH]1,0.2606837606837607,1,0.9681836551728633
Nc1cc(-c2ccncc2)c[nH]c1=O,1,O=c1ccc(-c2ccncc2)c[nH]1,NNC(=O)c1ccncc1,1,c1ccncc1,0.2537695590327169,1,0.9992642340298937
Nc1cc(-c2ccncc2)c[nH]c1=O,1,O=c1ccc(-c2ccncc2)c[nH]1,O=c1[nH]cnc2[nH]ncc12,1,O=c1[nH]cnc2[nH]ncc12,0.2175824175824176,1,0.9682768375481686
Cc1[nH]c(=O)c(C#N)cc1-c1ccncc1,1,O=c1ccc(-c2ccncc2)c[nH]1,Nc1cc(-c2ccncc2)c[nH]c1=O,1,O=c1ccc(-c2ccncc2)c[nH]1,0.34774774774774775,1,0.9997075869741314
Cc1[nH]c(=O)c(C#N)cc1-c1ccncc1,1,O=c1ccc(-c2ccncc2)c[nH]1,Cc1nc(NCc2cccnc2)c(C#N)c(=O)[nH]1,1,O=c1cc(NCc2cccnc2)nc[nH]1,0.3182036888532478,1,0.9991807051719448
Cc1[nH]c(=O)c(C#N)cc1-c1ccncc1,1,O=c1ccc(-c2ccncc2)c[nH]1,CCN(C(C)=O)c1cccc(-c2ccnc3c(C#N)cnn23)c1,1,c1ccc(-c2ccnc3ccnn23)cc1,0.2248934356351236,1,0.9645615331037611
Cc1[nH]c(=O)c(C#N)cc1-c1ccncc1,1,O=c1ccc(-c2ccncc2)c[nH]1,NNC(=O)c1ccncc1,1,c1ccncc1,0.2140540540540541,1,0.998355158136876
Cc1cc(NS(=O)(=O)c2ccc(N)cc2)no1,1,O=S(=O)(Nc1ccon1)c1ccccc1,Cc1cc(NS(=O)(=O)c2ccc(N)cc2)nc(C)n1,1,O=S(=O)(Nc1ccncn1)c1ccccc1,0.5997212543554007,1,0.9975170283819248
Cc1cc(NS(=O)(=O)c2ccc(N)cc2)no1,1,O=S(=O)(Nc1ccon1)c1ccccc1,Cc1cc(C)nc(NS(=O)(=O)c2ccc(N)cc2)n1,1,O=S(=O)(Nc1ncccn1)c1ccccc1,0.5542857142857144,1,0.9975170283819248
Cc1cc(NS(=O)(=O)c2ccc(N)cc2)no1,1,O=S(=O)(Nc1ccon1)c1ccccc1,Cc1nnc(NS(=O)(=O)c2ccc(N)cc2)s1,1,O=S(=O)(Nc1nncs1)c1ccccc1,0.5142270861833105,1,0.9957092430038798
Cc1cc(NS(=O)(=O)c2ccc(N)cc2)no1,1,O=S(=O)(Nc1ccon1)c1ccccc1,Cc1nsc(NS(=O)(=O)c2ccc(N)cc2)c1C,1,O=S(=O)(Nc1ccns1)c1ccccc1,0.49848484848484853,1,0.9976884221033688
CC(=O)Nc1ccc(OC(=O)c2ccccc2OC(C)=O)cc1,1,O=C(Oc1ccccc1)c1ccccc1,CC(=O)Oc1ccccc1C(=O)O,1,c1ccccc1,0.488034188034188,1,0.8767382448397333
CC(=O)Nc1ccc(OC(=O)c2ccccc2OC(C)=O)cc1,1,O=C(Oc1ccccc1)c1ccccc1,CC(=O)Nc1ccccc1,1,c1ccccc1,0.47471042471042474,1,0.9501784364765842
CC(=O)Nc1ccc(OC(=O)c2ccccc2OC(C)=O)cc1,1,O=C(Oc1ccccc1)c1ccccc1,CC(=O)Nc1ccc(O)cc1,1,c1ccccc1,0.41305361305361304,1,0.9673928613791569
CC(=O)Nc1ccc(OC(=O)c2ccccc2OC(C)=O)cc1,1,O=C(Oc1ccccc1)c1ccccc1,O=C(Oc1ccccc1C(=O)O)c1ccccc1O,1,O=C(Oc1ccccc1)c1ccccc1,0.3688888888888889,1,0.9519584075707805
O=C(Oc1ccccc1C(=O)O)c1ccccc1O,1,O=C(Oc1ccccc1)c1ccccc1,CC(=O)Oc1ccccc1C(=O)O,1,c1ccccc1,0.5875,1,0.9545923230877755
O=C(Oc1ccccc1C(=O)O)c1ccccc1O,1,O=C(Oc1ccccc1)c1ccccc1,CC(=O)Nc1ccc(OC(=O)c2ccccc2OC(C)=O)cc1,1,O=C(Oc1ccccc1)c1ccccc1,0.3688888888888889,1,0.918972415816568
O=C(Oc1ccccc1C(=O)O)c1ccccc1O,1,O=C(Oc1ccccc1)c1ccccc1,Nc1ccc(O)c(C(=O)O)c1,1,c1ccccc1,0.3666666666666667,1,0.9612829596984006
O=C(Oc1ccccc1C(=O)O)c1ccccc1O,1,O=C(Oc1ccccc1)c1ccccc1,Cc1cccc(Nc2ccccc2C(=O)O)c1C,1,c1ccc(Nc2ccccc2)cc1,0.318783542039356,1,0.9948105602392677
CON=C(C(=O)N[C@H]1C(=O)N2C(C(=O)O)=C(CSc3nc(=O)c(O)nn3C)CS[C@@H]12)c1csc(N)n1,0,N=C(C(=O)NC1C(=O)N2C=C(CSc3nc(=O)cn[nH]3)CSC12)c1cscn1,CO/N=C(\C(=O)N[C@@H]1C(=O)N2C(C(=O)O)=CCS[C@@H]12)c1csc(N)n1,1,N=C(C(=O)NC1C(=O)N2C=CCSC12)c1cscn1,0.5857142857142857,0,0.11422914501858222
CON=C(C(=O)N[C@H]1C(=O)N2C(C(=O)O)=C(CSc3nc(=O)c(O)nn3C)CS[C@@H]12)c1csc(N)n1,0,N=C(C(=O)NC1C(=O)N2C=C(CSc3nc(=O)cn[nH]3)CSC12)c1cscn1,COCC1=C(C(=O)O[C@H](C)OC(=O)OC(C)C)N2C(=O)[C@H](NC(=O)C(=NOC)c3csc(N)n3)[C@@H]2SC1,1,N=C(C(=O)NC1C(=O)N2C=CCSC12)c1cscn1,0.5450812215724496,0,0.04104366059814943
CON=C(C(=O)N[C@H]1C(=O)N2C(C(=O)O)=C(CSc3nc(=O)c(O)nn3C)CS[C@@H]12)c1csc(N)n1,0,N=C(C(=O)NC1C(=O)N2C=C(CSc3nc(=O)cn[nH]3)CSC12)c1cscn1,Cc1onc(-c2c(F)cccc2Cl)c1C(=O)N[C@@H]1C(=O)N2[C@H]1SC(C)(C)[C@H]2C(=O)O,1,O=C(NC1C(=O)N2CCSC12)c1conc1-c1ccccc1,0.18429172510518935,0,0.04754197344824652
CON=C(C(=O)N[C@H]1C(=O)N2C(C(=O)O)=C(CSc3nc(=O)c(O)nn3C)CS[C@@H]12)c1csc(N)n1,0,N=C(C(=O)NC1C(=O)N2C=C(CSc3nc(=O)cn[nH]3)CSC12)c1cscn1,CCn1nc(C(=O)O)c(=O)c2cc3c(cc21)OCO3,1,O=c1cn[nH]c2cc3c(cc12)OCO3,0.16279615294393618,0,0.0030303736800346135
CC(C)CCC[C@H](C)[C@@H]1CC[C@@H]2[C@@H]3CC=C4C[C@@H](O)CC[C@]4(C)[C@@H]3CC[C@@]21C,1,C1=C2CCCCC2C2CCC3CCCC3C2C1,C=C1/C(=C\C=C2/CCC[C@]3(C)[C@@H]2CC[C@H]3[C@@H](C)CCCC(C)C)C[C@H](O)C[C@H]1O,1,C=C1CCCCC1=CC=C1CCCC2CCCC12,0.4198787878787879,1,0.99367940255813
CC(C)CCC[C@H](C)[C@@H]1CC[C@@H]2[C@@H]3CC=C4C[C@@H](O)CC[C@]4(C)[C@@H]3CC[C@@]21C,1,C1=C2CCCCC2C2CCC3CCCC3C2C1,C[C@@]12CC[C@@H]3[C@H](CCC4=CC(=O)CC[C@]43C)[C@H]1CC[C@H]2O,1,O=C1C=C2CCC3C4CCCC4CCC3C2CC1,0.3830769230769231,1,0.9985455592027329
CC(C)CCC[C@H](C)[C@@H]1CC[C@@H]2[C@@H]3CC=C4C[C@@H](O)CC[C@]4(C)[C@@H]3CC[C@@]21C,1,C1=C2CCCCC2C2CCC3CCCC3C2C1,CC(=O)[C@@H]1CC[C@@H]2[C@@H]3CCC4=CC(=O)CC[C@]4(C)[C@@H]3CC[C@]21C,1,O=C1C=C2CCC3C4CCCC4CCC3C2CC1,0.32235294117647056,1,0.9949079817832859
CC(C)CCC[C@H](C)[C@@H]1CC[C@@H]2[C@@H]3CC=C4C[C@@H](O)CC[C@]4(C)[C@@H]3CC[C@@]21C,1,C1=C2CCCCC2C2CCC3CCCC3C2C1,C[C@@]12C[C@@H](O)[C@@H]3[C@H](CCC4=CC(=O)CC[C@]43C)[C@H]1CC[C@@H]2C(=O)CO,1,O=C1C=C2CCC3C4CCCC4CCC3C2CC1,0.27958455047062647,1,0.9991213200165117
CCCOC(C(=O)OC1CCN(C)CC1)(c1ccccc1)c1ccccc1,1,O=C(OC1CCNCC1)C(c1ccccc1)c1ccccc1,CCOC(=O)C1(c2ccccc2)CCN(C)CC1,1,c1ccc(C2CCNCC2)cc1,0.3790663390663391,1,0.9103077229835854
CCCOC(C(=O)OC1CCN(C)CC1)(c1ccccc1)c1ccccc1,1,O=C(OC1CCNCC1)C(c1ccccc1)c1ccccc1,CN1[C@@H]2CC[C@H]1C[C@H](OC(=O)[C@@H](CO)c1ccccc1)C2,1,O=C(Cc1ccccc1)OC1CC2CCC(C1)N2,0.33669688608592824,1,0.9759678257292441
CCCOC(C(=O)OC1CCN(C)CC1)(c1ccccc1)c1ccccc1,1,O=C(OC1CCNCC1)C(c1ccccc1)c1ccccc1,O[C@](CCN1CCCCC1)(c1ccccc1)C1CCCCC1,1,c1ccc(C(CCN2CCCCC2)C2CCCCC2)cc1,0.29097744360902256,1,0.9830364705555584
CCCOC(C(=O)OC1CCN(C)CC1)(c1ccccc1)c1ccccc1,1,O=C(OC1CCNCC1)C(c1ccccc1)c1ccccc1,C[C@H](CN1CCOCC1)C(C(=O)N1CCCC1)(c1ccccc1)c1ccccc1,1,O=C(N1CCCC1)C(CCN1CCOCC1)(c1ccccc1)c1ccccc1,0.2852272727272728,1,0.9877127734527547
CCCc1c2oc(C(=O)O)cc(=O)c2cc2c(=O)cc(C(=O)O)n(CC)c12,0,O=c1cc[nH]c2cc3occc(=O)c3cc12,CCn1nc(C(=O)O)c(=O)c2cc3c(cc21)OCO3,1,O=c1cn[nH]c2cc3c(cc12)OCO3,0.2777587192681532,0,0.0008514430170619012
CCCc1c2oc(C(=O)O)cc(=O)c2cc2c(=O)cc(C(=O)O)n(CC)c12,0,O=c1cc[nH]c2cc3occc(=O)c3cc12,C[C@H]1COc2c(N3CCN(C)CC3)c(F)cc3c(=O)c(C(=O)O)cn1c23,1,O=c1ccn2c3c(c(N4CCNCC4)ccc13)OCC2,0.20151515151515154,0,0.06057239067512051
CCCc1c2oc(C(=O)O)cc(=O)c2cc2c(=O)cc(C(=O)O)n(CC)c12,0,O=c1cc[nH]c2cc3occc(=O)c3cc12,CCOc1cc(CC(=O)N[C@H](CC(C)C)c2ccccc2N2CCCCC2)ccc1C(=O)O,1,O=C(Cc1ccccc1)NCc1ccccc1N1CCCCC1,0.19176470588235295,0,0.0026897439611058113
CCCc1c2oc(C(=O)O)cc(=O)c2cc2c(=O)cc(C(=O)O)n(CC)c12,0,O=c1cc[nH]c2cc3occc(=O)c3cc12,CCCN(CCC)S(=O)(=O)c1ccc(C(=O)O)cc1,1,c1ccccc1,0.18993548387096776,0,0.00618662572049738
CCC#CC[C@H](C)[C@@H](O)C#C[C@@H]1[C@H]2C/C(=C\COCC(=O)O)C[C@@H]2C[C@@H]1O,1,C=C1CC2CCCC2C1,CCC[C@@H](N[C@H](C)C(=O)N1[C@H](C(=O)O)C[C@@H]2CCCC[C@@H]21)C(=O)OCC,1,C1CCC2NCCC2C1,0.18,1,0.9965569207471757
CCC#CC[C@H](C)[C@@H](O)C#C[C@@H]1[C@H]2C/C(=C\COCC(=O)O)C[C@@H]2C[C@@H]1O,1,C=C1CC2CCCC2C1,CCOC(=O)[C@@H](CCc1ccccc1)N[C@H](C)C(=O)N1[C@H](C(=O)O)C[C@@H]2CCCC[C@@H]21,1,O=C(CNCCCc1ccccc1)N1CCC2CCCCC21,0.1667910447761194,1,0.9958173562694592
CCC#CC[C@H](C)[C@@H](O)C#C[C@@H]1[C@H]2C/C(=C\COCC(=O)O)C[C@@H]2C[C@@H]1O,1,C=C1CC2CCCC2C1,CCOC(=O)[C@@H](CCc1ccccc1)N[C@H](C)C(=O)N1[C@H](C(=O)O)C[C@@H]2CCC[C@@H]21,1,O=C(CNCCCc1ccccc1)N1CCC2CCCC21,0.1667910447761194,1,0.9939126009167016
CCC#CC[C@H](C)[C@@H](O)C#C[C@@H]1[C@H]2C/C(=C\COCC(=O)O)C[C@@H]2C[C@@H]1O,1,C=C1CC2CCCC2C1,CCC(=O)C(=O)c1ccc(OCC(=O)O)c(Cl)c1Cl,1,c1ccccc1,0.16036505867014342,1,0.998303387433634
C=C1/C(=C\C=C2/CCC[C@]3(C)[C@@H]2CC[C@H]3[C@@H](C)CCCC(C)C)C[C@H](O)C[C@H]1O,1,C=C1CCCCC1=CC=C1CCCC2CCCC12,CC(C)CCC[C@H](C)[C@@H]1CC[C@@H]2[C@@H]3CC=C4C[C@@H](O)CC[C@]4(C)[C@@H]3CC[C@@]21C,1,C1=C2CCCCC2C2CCC3CCCC3C2C1,0.4198787878787879,1,0.9987539012404342
C=C1/C(=C\C=C2/CCC[C@]3(C)[C@@H]2CC[C@H]3[C@@H](C)CCCC(C)C)C[C@H](O)C[C@H]1O,1,C=C1CCCCC1=CC=C1CCCC2CCCC12,C[C@@]12CC[C@@H]3[C@H](CCC4=CC(=O)CC[C@]43C)[C@H]1CC[C@H]2O,1,O=C1C=C2CCC3C4CCCC4CCC3C2CC1,0.20692307692307693,1,0.9978286609229554
C=C1/C(=C\C=C2/CCC[C@]3(C)[C@@H]2CC[C@H]3[C@@H](C)CCCC(C)C)C[C@H](O)C[C@H]1O,1,C=C1CCCCC1=CC=C1CCCC2CCCC12,C[C@@]12C[C@@H](O)[C@@H]3[C@H](CCC4=CC(=O)CC[C@]43C)[C@H]1CC[C@@H]2C(=O)CO,1,O=C1C=C2CCC3C4CCCC4CCC3C2CC1,0.18997416020671834,1,0.998687843062932
C=C1/C(=C\C=C2/CCC[C@]3(C)[C@@H]2CC[C@H]3[C@@H](C)CCCC(C)C)C[C@H](O)C[C@H]1O,1,C=C1CCCCC1=CC=C1CCCC2CCCC12,CC(=CCO)/C=C/C=C(C)\C=C\C1=C(C)CCCC1(C)C,1,C1=CCCCC1,0.1833833833833834,1,0.9832772283561081
CCOC(=O)[C@@H](CCc1ccccc1)N[C@H](C)C(=O)N1[C@H](C(=O)O)C[C@@H]2CCCC[C@@H]21,1,O=C(CNCCCc1ccccc1)N1CCC2CCCCC21,CCOC(=O)[C@@H](CCc1ccccc1)N[C@H](C)C(=O)N1[C@H](C(=O)O)C[C@@H]2CCC[C@@H]21,1,O=C(CNCCCc1ccccc1)N1CCC2CCCC21,0.9709090909090909,1,0.9757867323375348
CCOC(=O)[C@@H](CCc1ccccc1)N[C@H](C)C(=O)N1[C@H](C(=O)O)C[C@@H]2CCCC[C@@H]21,1,O=C(CNCCCc1ccccc1)N1CCC2CCCCC21,CCC[C@@H](N[C@H](C)C(=O)N1[C@H](C(=O)O)C[C@@H]2CCCC[C@@H]21)C(=O)OCC,1,C1CCC2NCCC2C1,0.7826900584795322,1,0.9958843374750366
CCOC(=O)[C@@H](CCc1ccccc1)N[C@H](C)C(=O)N1[C@H](C(=O)O)C[C@@H]2CCCC[C@@H]21,1,O=C(CNCCCc1ccccc1)N1CCC2CCCCC21,CCOC(=O)[C@H](CCc1ccccc1)N[C@@H]1CCCN2CCC[C@@H](C(=O)O)N2C1=O,1,O=C1C(NCCCc2ccccc2)CCCN2CCCCN12,0.5111111111111111,1,0.9941474356372096
CCOC(=O)[C@@H](CCc1ccccc1)N[C@H](C)C(=O)N1[C@H](C(=O)O)C[C@@H]2CCCC[C@@H]21,1,O=C(CNCCCc1ccccc1)N1CCC2CCCCC21,CC(C)[C@H]1CC[C@@H](C(=O)N[C@H](Cc2ccccc2)C(=O)O)CC1,1,O=C(NCCc1ccccc1)C1CCCCC1,0.2976939203354298,1,0.980682570845852
COc1cc2c(cc1OC)[C@@H]1CC(=O)[C@H](CC(C)C)CN1CC2,1,O=C1CCN2CCc3ccccc3C2C1,COc1ccc2c3c1O[C@@H]1C(=O)CC[C@]4(O)[C@H](C2)N(C)CC[C@@]314,1,O=C1CCC2C3Cc4cccc5c4C2(CCN3)C1O5,0.26812121212121215,1,0.999923037321707
COc1cc2c(cc1OC)[C@@H]1CC(=O)[C@H](CC(C)C)CN1CC2,1,O=C1CCN2CCc3ccccc3C2C1,COc1ccc(CCN(C)CCC[C@](C#N)(c2cc(OC)c(OC)c(OC)c2)C(C)C)cc1OC,1,c1ccc(CCCCNCCc2ccccc2)cc1,0.25373376623376626,1,0.9952875666173295
COc1cc2c(cc1OC)[C@@H]1CC(=O)[C@H](CC(C)C)CN1CC2,1,O=C1CCN2CCc3ccccc3C2C1,COc1cc(C)c(S(C)=O)cc1OC,1,c1ccccc1,0.22842105263157897,1,0.9990273436472397
COc1cc2c(cc1OC)[C@@H]1CC(=O)[C@H](CC(C)C)CN1CC2,1,O=C1CCN2CCc3ccccc3C2C1,CCN1CC[C@H](CNC(=O)c2cc(S(N)(=O)=O)ccc2OC)C1,1,O=C(NCC1CCNC1)c1ccccc1,0.22825350749879053,1,0.9854790543459795
CCCc1nc2c(n1Cc1ccc(-c3ccccc3C(=O)O)cc1)=C[C@H](c1nc3ccccc3n1C)CC=2C,1,C1=c2ncn(Cc3ccc(-c4ccccc4)cc3)c2=CC(c2nc3ccccc3[nH]2)C1,CCCCc1nc(Cl)c(CO)n1Cc1ccc(-c2ccccc2-c2nnn[nH]2)cc1,1,c1ccc(-c2nnn[nH]2)c(-c2ccc(Cn3ccnc3)cc2)c1,0.29865384615384616,1,0.9996310507587411
CCCc1nc2c(n1Cc1ccc(-c3ccccc3C(=O)O)cc1)=C[C@H](c1nc3ccccc3n1C)CC=2C,1,C1=c2ncn(Cc3ccc(-c4ccccc4)cc3)c2=CC(c2nc3ccccc3[nH]2)C1,COc1ccc(CCN2CCC(Nc3nc4ccccc4n3Cc3ccc(F)cc3)CC2)cc1,1,c1ccc(CCN2CCC(Nc3nc4ccccc4n3Cc3ccccc3)CC2)cc1,0.25618556701030926,1,0.9977825066436189
CCCc1nc2c(n1Cc1ccc(-c3ccccc3C(=O)O)cc1)=C[C@H](c1nc3ccccc3n1C)CC=2C,1,C1=c2ncn(Cc3ccc(-c4ccccc4)cc3)c2=CC(c2nc3ccccc3[nH]2)C1,CCCCC(=O)N(Cc1ccc(-c2ccccc2-c2nnn[nH]2)cc1)[C@H](C(=O)O)C(C)C,1,c1ccc(-c2ccccc2-c2nnn[nH]2)cc1,0.21550000000000002,1,0.9997593438213355
CCCc1nc2c(n1Cc1ccc(-c3ccccc3C(=O)O)cc1)=C[C@H](c1nc3ccccc3n1C)CC=2C,1,C1=c2ncn(Cc3ccc(-c4ccccc4)cc3)c2=CC(c2nc3ccccc3[nH]2)C1,CCOc1cc(CC(=O)N[C@H](CC(C)C)c2ccccc2N2CCCCC2)ccc1C(=O)O,1,O=C(Cc1ccccc1)NCc1ccccc1N1CCCCC1,0.20344107164802755,1,0.9961651891846324
CCOC(=O)c1ncn2c1CN(C)C(=O)c1cc(F)ccc1-2,1,O=C1NCc2cncn2-c2ccccc21,CCN(CC)CCN1C(=O)CN=C(c2ccccc2F)c2cc(Cl)ccc21,1,O=C1CN=C(c2ccccc2)c2ccccc2N1,0.2359016393442623,1,0.9998905636471981
CCOC(=O)c1ncn2c1CN(C)C(=O)c1cc(F)ccc1-2,1,O=C1NCc2cncn2-c2ccccc21,CCOC(=O)C1(c2ccccc2)CCN(C)CC1,1,c1ccc(C2CCNCC2)cc1,0.22740841248303936,1,0.9961161762266407
CCOC(=O)c1ncn2c1CN(C)C(=O)c1cc(F)ccc1-2,1,O=C1NCc2cncn2-c2ccccc21,Cc1ncc2n1-c1ccc(Cl)cc1C(c1ccccc1F)=NC2,1,c1ccc(C2=NCc3cncn3-c3ccccc32)cc1,0.2161844484629295,1,0.9999426961789943
CCOC(=O)c1ncn2c1CN(C)C(=O)c1cc(F)ccc1-2,1,O=C1NCc2cncn2-c2ccccc21,CCOC(=O)n1ccn(C)c1=S,1,S=c1[nH]cc[nH]1,0.21593927893738143,1,0.9999578482814312
CN1CCC[C@@H](N2N[C@@H](Cc3ccc(Cl)cc3)c3ccccc3C2=O)CC1,1,O=C1c2ccccc2C(Cc2ccccc2)NN1C1CCCNCC1,CN1CCN(C2=Nc3cc(Cl)ccc3Nc3ccccc32)CC1,1,c1ccc2c(c1)N=C(N1CCNCC1)c1ccccc1N2,0.28297923132012415,1,0.9999994808382003
CN1CCC[C@@H](N2N[C@@H](Cc3ccc(Cl)cc3)c3ccccc3C2=O)CC1,1,O=C1c2ccccc2C(Cc2ccccc2)NN1C1CCCNCC1,O=c1[nH]c2ccccc2n1CCCN1CCC(Nn2c(=O)[nH]c3cc(Cl)ccc32)CC1,1,O=c1[nH]c2ccccc2n1CCCN1CCC(Nn2c(=O)[nH]c3ccccc32)CC1,0.24835630965005304,1,0.9999898871440006
CN1CCC[C@@H](N2N[C@@H](Cc3ccc(Cl)cc3)c3ccccc3C2=O)CC1,1,O=C1c2ccccc2C(Cc2ccccc2)NN1C1CCCNCC1,CN1CCN(C(=O)O[C@@H]2c3nccnc3C(=O)N2c2ccc(Cl)cn2)CC1,1,O=C(OC1c2nccnc2C(=O)N1c1ccccn1)N1CCNCC1,0.24766093562574973,1,0.9999998421738377
CN1CCC[C@@H](N2N[C@@H](Cc3ccc(Cl)cc3)c3ccccc3C2=O)CC1,1,O=C1c2ccccc2C(Cc2ccccc2)NN1C1CCCNCC1,CCN(CC)CCN1C(=O)CN=C(c2ccccc2F)c2cc(Cl)ccc21,1,O=C1CN=C(c2ccccc2)c2ccccc2N1,0.24346689895470386,1,0.9998054368499846
NS(=O)(=O)c1cc(Cl)cc(NCc2ccco2)c1C(=O)O,1,c1ccc(NCc2ccco2)cc1,CCCCNc1cc(C(=O)O)cc(S(N)(=O)=O)c1Oc1ccccc1,1,c1ccc(Oc2ccccc2)cc1,0.3089955022488756,1,0.9994679573225435
NS(=O)(=O)c1cc(Cl)cc(NCc2ccco2)c1C(=O)O,1,c1ccc(NCc2ccco2)cc1,NS(=O)(=O)c1cc(C(=O)O)cc(N2CCCC2)c1Oc1ccccc1,1,c1ccc(Oc2ccccc2N2CCCC2)cc1,0.2532418001525553,1,0.9997772631398061
NS(=O)(=O)c1cc(Cl)cc(NCc2ccco2)c1C(=O)O,1,c1ccc(NCc2ccco2)cc1,O=C(O)Cc1ccccc1Nc1ccc(Cl)cc1Cl,1,c1ccc(Nc2ccccc2)cc1,0.245021645021645,1,0.9998113345748542
NS(=O)(=O)c1cc(Cl)cc(NCc2ccco2)c1C(=O)O,1,c1ccc(NCc2ccco2)cc1,N[C@H](CCC(=O)O)c1ccc(Cl)cc1,1,c1ccccc1,0.23315649867374008,1,0.995860705980717
CCC(=C(c1ccccc1)c1ccc(OCCN(C)C)cc1)c1ccccc1,1,C(=C(c1ccccc1)c1ccccc1)c1ccccc1,CN(C)CCOc1ccc(C(=C(CCCl)c2ccccc2)c2ccccc2)cc1,1,C(=C(c1ccccc1)c1ccccc1)c1ccccc1,0.7492997198879552,1,0.9955769494121142
CCC(=C(c1ccccc1)c1ccc(OCCN(C)C)cc1)c1ccccc1,1,C(=C(c1ccccc1)c1ccccc1)c1ccccc1,Cc1ccccc1[C@@H](OCCN(C)C)c1ccccc1,1,c1ccc(Cc2ccccc2)cc1,0.32466460268317854,1,0.9987692348256879
CCC(=C(c1ccccc1)c1ccc(OCCN(C)C)cc1)c1ccccc1,1,C(=C(c1ccccc1)c1ccccc1)c1ccccc1,CCC(=C(CC)c1ccc(O)cc1)c1ccc(O)cc1,1,C(=Cc1ccccc1)c1ccccc1,0.31714285714285717,1,0.9998131169911836
CCC(=C(c1ccccc1)c1ccc(OCCN(C)C)cc1)c1ccccc1,1,C(=C(c1ccccc1)c1ccccc1)c1ccccc1,CC(=O)Oc1cc(C(C)C)c(OCCN(C)C)cc1C,1,c1ccccc1,0.29920424403183027,1,0.998117040542495
CN(C)CCOc1ccc(C(=C(CCCl)c2ccccc2)c2ccccc2)cc1,1,C(=C(c1ccccc1)c1ccccc1)c1ccccc1,CCC(=C(c1ccccc1)c1ccc(OCCN(C)C)cc1)c1ccccc1,1,C(=C(c1ccccc1)c1ccccc1)c1ccccc1,0.7492997198879552,1,0.9999897379796513
CN(C)CCOc1ccc(C(=C(CCCl)c2ccccc2)c2ccccc2)cc1,1,C(=C(c1ccccc1)c1ccccc1)c1ccccc1,Cc1ccccc1[C@@H](OCCN(C)C)c1ccccc1,1,c1ccc(Cc2ccccc2)cc1,0.3053297199638663,1,0.9999913744968153
CN(C)CCOc1ccc(C(=C(CCCl)c2ccccc2)c2ccccc2)cc1,1,C(=C(c1ccccc1)c1ccccc1)c1ccccc1,CN(C)CCOC1=Cc2ccccc2Sc2ccc(Cl)cc21,1,C1=Cc2ccccc2Sc2ccccc21,0.30309139784946243,1,0.9999986663782211
CN(C)CCOc1ccc(C(=C(CCCl)c2ccccc2)c2ccccc2)cc1,1,C(=C(c1ccccc1)c1ccccc1)c1ccccc1,CN(C)CCCOc1nn(Cc2ccccc2)c2ccccc12,1,c1ccc(Cn2ncc3ccccc32)cc1,0.2843589743589744,1,0.9999885193620407
CN[C@@H]1[C@H](O[C@H]2[C@@H](O[C@H]3[C@@H](O)[C@@H](O)[C@@H](NC(=N)N)[C@@H](O)[C@@H]3NC(=N)N)O[C@@H](C)[C@@]2(O)C=O)O[C@@H](CO)[C@@H](O)[C@H]1O,0,C1CCC(OC2OCCC2OC2CCCCO2)CC1,CC[C@@H]1OC(=O)[C@H](C)[C@@H](O[C@H]2C[C@@](C)(OC)[C@H](O)[C@H](C)O2)[C@H](C)[C@@H](O[C@@H]2O[C@@H](C)C[C@@H](N(C)C)[C@@H]2O)[C@](C)(O)C[C@@H](C)C(=O)[C@@H](C)[C@H](O)[C@]1(C)O,1,O=C1CCCCOC(=O)CC(OC2CCCCO2)CC(OC2CCCCO2)CCC1,0.1708769106999196,0,0.0001614136067339569
CN[C@@H]1[C@H](O[C@H]2[C@@H](O[C@H]3[C@@H](O)[C@@H](O)[C@@H](NC(=N)N)[C@@H](O)[C@@H]3NC(=N)N)O[C@@H](C)[C@@]2(O)C=O)O[C@@H](CO)[C@@H](O)[C@H]1O,0,C1CCC(OC2OCCC2OC2CCCCO2)CC1,N=C(N)NC[C@@H]1COc2ccccc2O1,1,c1ccc2c(c1)OCCO2,0.1587912087912088,0,0.0008156949343768536
CN[C@@H]1[C@H](O[C@H]2[C@@H](O[C@H]3[C@@H](O)[C@@H](O)[C@@H](NC(=N)N)[C@@H](O)[C@@H]3NC(=N)N)O[C@@H](C)[C@@]2(O)C=O)O[C@@H](CO)[C@@H](O)[C@H]1O,0,C1CCC(OC2OCCC2OC2CCCCO2)CC1,N=c1nc2n(cc1F)[C@H]1O[C@@H](CO)[C@H](O)[C@H]1O2,1,N=c1ccn2c(n1)OC1CCOC12,0.15560423512230742,0,0.00019934449160596398
CN[C@@H]1[C@H](O[C@H]2[C@@H](O[C@H]3[C@@H](O)[C@@H](O)[C@@H](NC(=N)N)[C@@H](O)[C@@H]3NC(=N)N)O[C@@H](C)[C@@]2(O)C=O)O[C@@H](CO)[C@@H](O)[C@H]1O,0,C1CCC(OC2OCCC2OC2CCCCO2)CC1,N=C(N)NC[C@@H]1COC2(CCCCC2)O1,1,C1CCC2(CC1)OCCO2,0.14918414918414918,0,0.00010177741931747485
CC1(C)S[C@H]2[C@@H](NC(=O)[C@@H](C(=O)O)c3ccsc3)C(=O)N2[C@@H]1C(=O)O,0,O=C(Cc1ccsc1)NC1C(=O)N2CCSC12,Cc1onc(-c2c(F)cccc2Cl)c1C(=O)N[C@@H]1C(=O)N2[C@H]1SC(C)(C)[C@H]2C(=O)O,1,O=C(NC1C(=O)N2CCSC12)c1conc1-c1ccccc1,0.45389610389610396,0,0.11256272721546023
CC1(C)S[C@H]2[C@@H](NC(=O)[C@@H](C(=O)O)c3ccsc3)C(=O)N2[C@@H]1C(=O)O,0,O=C(Cc1ccsc1)NC1C(=O)N2CCSC12,CO/N=C(\C(=O)N[C@@H]1C(=O)N2C(C(=O)O)=CCS[C@@H]12)c1csc(N)n1,1,N=C(C(=O)NC1C(=O)N2C=CCSC12)c1cscn1,0.23128342245989308,0,0.0025256009814654517
CC1(C)S[C@H]2[C@@H](NC(=O)[C@@H](C(=O)O)c3ccsc3)C(=O)N2[C@@H]1C(=O)O,0,O=C(Cc1ccsc1)NC1C(=O)N2CCSC12,C[C@H](C(=O)O)c1ccc(N2Cc3ccccc3C2=O)cc1,1,O=C1c2ccccc2CN1c1ccccc1,0.20646464646464646,0,0.06663331174695103
CC1(C)S[C@H]2[C@@H](NC(=O)[C@@H](C(=O)O)c3ccsc3)C(=O)N2[C@@H]1C(=O)O,0,O=C(Cc1ccsc1)NC1C(=O)N2CCSC12,CC[C@@H](C(=O)O)c1ccc(N2Cc3ccccc3C2=O)cc1,1,O=C1c2ccccc2CN1c1ccccc1,0.19845614035087722,0,0.06663331174695103
C#C[C@@]1(O)CC[C@@H]2[C@@H]3CCC4=CC(=O)CC[C@@H]4[C@@H]3C=C[C@@]21CC,1,O=C1C=C2CCC3C(C=CC4CCCC43)C2CC1,C#C[C@@]1(O)CC[C@@H]2[C@@H]3CCC4=CC(=O)CC[C@@H]4[C@@H]3CC[C@@]21CC,1,O=C1C=C2CCC3C4CCCC4CCC3C2CC1,0.6580392156862745,1,0.9996152755222373
C#C[C@@]1(O)CC[C@@H]2[C@@H]3CCC4=CC(=O)CC[C@@H]4[C@@H]3C=C[C@@]21CC,1,O=C1C=C2CCC3C(C=CC4CCCC43)C2CC1,C#C[C@@]1(O)CC[C@@H]2[C@@H]3CCC4=CC(=O)CC[C@@H]4[C@@H]3CC[C@@]21C,1,O=C1C=C2CCC3C4CCCC4CCC3C2CC1,0.6121568627450981,1,0.9996152755222373
C#C[C@@]1(O)CC[C@@H]2[C@@H]3CCC4=CC(=O)CC[C@@H]4[C@@H]3C=C[C@@]21CC,1,O=C1C=C2CCC3C(C=CC4CCCC43)C2CC1,C#C[C@@]1(O)CC[C@@H]2[C@@H]3CCC4=CCCC[C@@H]4[C@@H]3CC[C@@]21C,1,C1=C2CCC3C4CCCC4CCC3C2CCC1,0.40763116057233706,1,0.9965105406409802
C#C[C@@]1(O)CC[C@@H]2[C@@H]3CCC4=CC(=O)CC[C@@H]4[C@@H]3C=C[C@@]21CC,1,O=C1C=C2CCC3C(C=CC4CCCC43)C2CC1,C#C[C@@]1(OC(C)=O)CC[C@@H]2[C@@H]3CCC4=CC(=NO)CC[C@@H]4[C@@H]3CC[C@@]21CC,1,N=C1C=C2CCC3C4CCCC4CCC3C2CC1,0.3969508752117448,1,0.9975017821352398
CCCCNc1cc(C(=O)O)cc(S(N)(=O)=O)c1Oc1ccccc1,1,c1ccc(Oc2ccccc2)cc1,NS(=O)(=O)c1cc(C(=O)O)cc(N2CCCC2)c1Oc1ccccc1,1,c1ccc(Oc2ccccc2N2CCCC2)cc1,0.5249042145593871,1,0.9952198421912094
CCCCNc1cc(C(=O)O)cc(S(N)(=O)=O)c1Oc1ccccc1,1,c1ccc(Oc2ccccc2)cc1,CCCN(CCC)S(=O)(=O)c1ccc(C(=O)O)cc1,1,c1ccccc1,0.3100383141762452,1,0.9701310976644842
CCCCNc1cc(C(=O)O)cc(S(N)(=O)=O)c1Oc1ccccc1,1,c1ccc(Oc2ccccc2)cc1,NS(=O)(=O)c1cc(Cl)cc(NCc2ccco2)c1C(=O)O,1,c1ccc(NCc2ccco2)cc1,0.3089955022488756,1,0.9904272277398792
CCCCNc1cc(C(=O)O)cc(S(N)(=O)=O)c1Oc1ccccc1,1,c1ccc(Oc2ccccc2)cc1,C[C@H](C(=O)O)c1cccc(Oc2ccccc2)c1,1,c1ccc(Oc2ccccc2)cc1,0.28967642526964565,1,0.9838584784769063
C[C@H](C(=O)O)c1cccc(Oc2ccccc2)c1,1,c1ccc(Oc2ccccc2)cc1,C[C@H](C(=O)O)c1cccc(C(=O)c2ccccc2)c1,1,O=C(c1ccccc1)c1ccccc1,0.6000000000000001,1,0.9765842145861746
C[C@H](C(=O)O)c1cccc(Oc2ccccc2)c1,1,c1ccc(Oc2ccccc2)cc1,COc1ccc2cc([C@H](C)C(=O)O)ccc2c1,1,c1ccc2ccccc2c1,0.5022435897435897,1,0.9930068257132726
C[C@H](C(=O)O)c1cccc(Oc2ccccc2)c1,1,c1ccc(Oc2ccccc2)cc1,CC(C)Cc1ccc([C@H](C)C(=O)O)cc1,1,c1ccccc1,0.421978021978022,1,0.975972125845495
C[C@H](C(=O)O)c1cccc(Oc2ccccc2)c1,1,c1ccc(Oc2ccccc2)cc1,C[C@H](C(=O)O)c1ccc(N2Cc3ccccc3C2=O)cc1,1,O=C1c2ccccc2CN1c1ccccc1,0.39005102040816325,1,0.9895420068120911
O=C(O)Cc1ccccc1Oc1ccc(Cl)cc1Cl,1,c1ccc(Oc2ccccc2)cc1,O=C(O)Cc1ccccc1Nc1ccc(Cl)cc1Cl,1,c1ccc(Nc2ccccc2)cc1,0.5468899521531101,1,0.9989890601916991
O=C(O)Cc1ccccc1Oc1ccc(Cl)cc1Cl,1,c1ccc(Oc2ccccc2)cc1,Cc1cc(CC(=O)O)n(C)c1C(=O)c1ccc(Cl)cc1,1,O=C(c1ccccc1)c1ccc[nH]1,0.3254091300602929,1,0.965729273590048
O=C(O)Cc1ccccc1Oc1ccc(Cl)cc1Cl,1,c1ccc(Oc2ccccc2)cc1,CN1c2ccccc2N(CCCCCCC(=O)O)c2ccc(Cl)cc2S1(=O)=O,1,O=S1(=O)Nc2ccccc2Nc2ccccc21,0.3152322404371585,1,0.9972714571103503
O=C(O)Cc1ccccc1Oc1ccc(Cl)cc1Cl,1,c1ccc(Oc2ccccc2)cc1,COc1ccc2c(c1)c(CC(=O)O)cn2C(=O)c1ccccc1,1,O=C(c1ccccc1)n1ccc2ccccc21,0.305316091954023,1,0.9997936417569218
Nc1nnc(-c2cccc(Cl)c2Cl)c(N)n1,1,c1ccc(-c2cncnn2)cc1,NC(N)=NC(=O)Cc1c(Cl)cccc1Cl,1,c1ccccc1,0.21391304347826087,1,0.9983943406792986
Nc1nnc(-c2cccc(Cl)c2Cl)c(N)n1,1,c1ccc(-c2cncnn2)cc1,N=C(N)N/N=C/c1c(Cl)cccc1Cl,1,c1ccccc1,0.20277090549233057,1,0.9865329171802586
Nc1nnc(-c2cccc(Cl)c2Cl)c(N)n1,1,c1ccc(-c2cncnn2)cc1,Nc1ccc(/N=N/c2ccccc2)c(N)n1,1,c1ccc(N=Nc2cccnc2)cc1,0.19976498237367804,1,0.9999504601966446
Nc1nnc(-c2cccc(Cl)c2Cl)c(N)n1,1,c1ccc(-c2cncnn2)cc1,O=C1CN=C(c2ccccc2Cl)c2cc([N+](=O)[O-])ccc2N1,1,O=C1CN=C(c2ccccc2)c2ccccc2N1,0.18500000000000003,1,0.999074634458577
Cn1cc[nH]c1=S,1,S=c1[nH]cc[nH]1,CCOC(=O)n1ccn(C)c1=S,1,S=c1[nH]cc[nH]1,0.25333333333333335,1,0.9997782273543087
Cn1cc[nH]c1=S,1,S=c1[nH]cc[nH]1,Nc1nc(=O)[nH]cc1F,1,O=c1nccc[nH]1,0.15095785440613027,1,0.9995060659543223
Cn1cc[nH]c1=S,1,S=c1[nH]cc[nH]1,Cc1c(N(C)C)c(=N)n(-c2ccccc2)n1C,1,N=c1cc[nH]n1-c1ccccc1,0.14338896020539152,1,0.9999738910592575
Cn1cc[nH]c1=S,1,S=c1[nH]cc[nH]1,CN1[C@@H]2CC[C@@H]1CC(OC(=O)c1cn(C)c3ccccc13)C2,1,O=C(OC1CC2CCC(C1)N2)c1c[nH]c2ccccc12,0.14091503267973857,1,0.9999182410686268
CCOC(=O)n1ccn(C)c1=S,1,S=c1[nH]cc[nH]1,CCOC(=O)C(C)(C)Oc1ccc(Cl)cc1,1,c1ccccc1,0.28080808080808084,1,0.9995014862175841
CCOC(=O)n1ccn(C)c1=S,1,S=c1[nH]cc[nH]1,CCOC(=O)C1(c2ccccc2)CCN(C)CC1,1,c1ccc(C2CCNCC2)cc1,0.2793235133660666,1,0.9938554380720155
CCOC(=O)n1ccn(C)c1=S,1,S=c1[nH]cc[nH]1,Cn1cc[nH]c1=S,1,S=c1[nH]cc[nH]1,0.25333333333333335,1,0.9995744270787353
CCOC(=O)n1ccn(C)c1=S,1,S=c1[nH]cc[nH]1,CCOC(=O)c1ncn2c1CN(C)C(=O)c1cc(F)ccc1-2,1,O=C1NCc2cncn2-c2ccccc21,0.21593927893738143,1,0.9994571534297214
O=c1[nH]c2ccccc2n1CCCN1CCN(C(c2ccccc2)c2ccccc2)CC1,1,O=c1[nH]c2ccccc2n1CCCN1CCN(C(c2ccccc2)c2ccccc2)CC1,O=c1[nH]c2ccccc2n1CCCN1CCC(Nn2c(=O)[nH]c3cc(Cl)ccc32)CC1,1,O=c1[nH]c2ccccc2n1CCCN1CCC(Nn2c(=O)[nH]c3ccccc32)CC1,0.49903846153846154,1,0.9999812641162267
O=c1[nH]c2ccccc2n1CCCN1CCN(C(c2ccccc2)c2ccccc2)CC1,1,O=c1[nH]c2ccccc2n1CCCN1CCN(C(c2ccccc2)c2ccccc2)CC1,Fc1ccc(C(c2ccc(F)cc2)N2CCN(CCCc3ccccc3)CC2)cc1,1,c1ccc(CCCN2CCN(C(c3ccccc3)c3ccccc3)CC2)cc1,0.4529140461215933,1,0.9999412489414674
O=c1[nH]c2ccccc2n1CCCN1CCN(C(c2ccccc2)c2ccccc2)CC1,1,O=c1[nH]c2ccccc2n1CCCN1CCN(C(c2ccccc2)c2ccccc2)CC1,O=c1[nH]c2ccccc2n1C1CCN(CCC(c2ccc(F)cc2)c2ccc(F)cc2)CC1,1,O=c1[nH]c2ccccc2n1C1CCN(CCC(c2ccccc2)c2ccccc2)CC1,0.4403628117913832,1,0.999806370292835
O=c1[nH]c2ccccc2n1CCCN1CCN(C(c2ccccc2)c2ccccc2)CC1,1,O=c1[nH]c2ccccc2n1CCCN1CCN(C(c2ccccc2)c2ccccc2)CC1,CCc1nn(CCCN2CCN(c3cccc(Cl)c3)CC2)c(=O)n1CCOc1ccccc1,1,O=c1n(CCOc2ccccc2)cnn1CCCN1CCN(c2ccccc2)CC1,0.2540467970847718,1,0.999956561653703
CCC(=O)O[C@@](Cc1ccccc1)(c1ccccc1)[C@@H](C)CN(C)C,1,c1ccc(CCc2ccccc2)cc1,CCC(=O)C(C[C@H](C)N(C)C)(c1ccccc1)c1ccccc1,1,c1ccc(Cc2ccccc2)cc1,0.37435897435897436,1,0.9894796531411861
CCC(=O)O[C@@](Cc1ccccc1)(c1ccccc1)[C@@H](C)CN(C)C,1,c1ccc(CCc2ccccc2)cc1,CCN(CC)[C@H](C)C(=O)c1ccccc1,1,c1ccccc1,0.30957983193277316,1,0.9813152056036196
CCC(=O)O[C@@](Cc1ccccc1)(c1ccccc1)[C@@H](C)CN(C)C,1,c1ccc(CCc2ccccc2)cc1,C[C@H](CN1CCOCC1)C(C(=O)N1CCCC1)(c1ccccc1)c1ccccc1,1,O=C(N1CCCC1)C(CCN1CCOCC1)(c1ccccc1)c1ccccc1,0.2869186046511628,1,0.9999024725789311
CCC(=O)O[C@@](Cc1ccccc1)(c1ccccc1)[C@@H](C)CN(C)C,1,c1ccc(CCc2ccccc2)cc1,CCC(=C(c1ccccc1)c1ccc(OCCN(C)C)cc1)c1ccccc1,1,C(=C(c1ccccc1)c1ccccc1)c1ccccc1,0.28671659440283803,1,0.9961969177665242
OC[C@@H]1O[C@@H](OC[C@@H]2O[C@@H](O[C@]3(CO)O[C@@H](CO)[C@H](O)[C@@H]3O)[C@@H](O)[C@@H](O)[C@@H]2O)[C@@H](O)[C@@H](O)[C@@H]1O,0,C1CCC(OCC2CCCC(OC3CCCO3)O2)OC1,N=c1nc2n(cc1F)[C@H]1O[C@@H](CO)[C@H](O)[C@H]1O2,1,N=c1ccn2c(n1)OC1CCOC12,0.2025,0,4.26940994447857e-05
OC[C@@H]1O[C@@H](OC[C@@H]2O[C@@H](O[C@]3(CO)O[C@@H](CO)[C@H](O)[C@@H]3O)[C@@H](O)[C@@H](O)[C@@H]2O)[C@@H](O)[C@@H](O)[C@@H]1O,0,C1CCC(OCC2CCCC(OC3CCCO3)O2)OC1,NC1=NC(=O)N([C@H]2CS[C@H](CO)O2)CC1,1,O=C1N=CCCN1C1CSCO1,0.15126050420168066,0,0.002973902032055238
OC[C@@H]1O[C@@H](OC[C@@H]2O[C@@H](O[C@]3(CO)O[C@@H](CO)[C@H](O)[C@@H]3O)[C@@H](O)[C@@H](O)[C@@H]2O)[C@@H](O)[C@@H](O)[C@@H]1O,0,C1CCC(OCC2CCCC(OC3CCCO3)O2)OC1,OC[C@H](O)COc1ccc(Cl)cc1,1,c1ccccc1,0.13414634146341464,0,0.0012090654078854904
OC[C@@H]1O[C@@H](OC[C@@H]2O[C@@H](O[C@]3(CO)O[C@@H](CO)[C@H](O)[C@@H]3O)[C@@H](O)[C@@H](O)[C@@H]2O)[C@@H](O)[C@@H](O)[C@@H]1O,0,C1CCC(OCC2CCCC(OC3CCCO3)O2)OC1,Cc1cn([C@H]2C=C[C@H](CO)O2)c(=O)nc1N,1,O=c1ncccn1C1C=CCO1,0.12549019607843137,0,0.00036116780307944064
COc1cc2nc(N3CCN(C(=O)[C@@H]4CCCO4)CC3)nc(N)c2cc1OC,1,O=C(C1CCCO1)N1CCN(c2ncc3ccccc3n2)CC1,COc1cc2nc(N3CCN(C(=O)[C@@H]4COc5ccccc5O4)CC3)nc(N)c2cc1OC,1,O=C(C1COc2ccccc2O1)N1CCN(c2ncc3ccccc3n2)CC1,0.6753787878787879,1,0.9999838446100482
COc1cc2nc(N3CCN(C(=O)[C@@H]4CCCO4)CC3)nc(N)c2cc1OC,1,O=C(C1CCCO1)N1CCN(c2ncc3ccccc3n2)CC1,COc1cc2c(cc1OC)[C@@H]1CC(=O)[C@H](CC(C)C)CN1CC2,1,O=C1CCN2CCc3ccccc3C2C1,0.21952026468155503,1,0.9998275812101597
COc1cc2nc(N3CCN(C(=O)[C@@H]4CCCO4)CC3)nc(N)c2cc1OC,1,O=C(C1CCCO1)N1CCN(c2ncc3ccccc3n2)CC1,COc1cc(Cc2cnc(N)nc2N)cc(OC)c1OC,1,c1ccc(Cc2cncnc2)cc1,0.2181368915245861,1,0.9998446763888638
COc1cc2nc(N3CCN(C(=O)[C@@H]4CCCO4)CC3)nc(N)c2cc1OC,1,O=C(C1CCCO1)N1CCN(c2ncc3ccccc3n2)CC1,CCN1CC[C@H](CNC(=O)c2cc(S(N)(=O)=O)ccc2OC)C1,1,O=C(NCC1CCNC1)c1ccccc1,0.2162464985994398,1,0.9999196879638902
Clc1ccc(CO[C@H](Cn2ccnc2)c2ccc(Cl)cc2Cl)c(Cl)c1,1,c1ccc(COC(Cn2ccnc2)c2ccccc2)cc1,CC(=O)N1CCN(c2ccc(OC[C@@H]3CO[C@@](Cn4ccnc4)(c4ccc(Cl)cc4Cl)O3)cc2)CC1,1,c1ccc(C2(Cn3ccnc3)OCC(COc3ccc(N4CCNCC4)cc3)O2)cc1,0.31139140717382735,1,0.9986940685746436
Clc1ccc(CO[C@H](Cn2ccnc2)c2ccc(Cl)cc2Cl)c(Cl)c1,1,c1ccc(COC(Cn2ccnc2)c2ccccc2)cc1,O=C(O)Cc1ccccc1Oc1ccc(Cl)cc1Cl,1,c1ccc(Oc2ccccc2)cc1,0.23370638578011851,1,0.9763323609836776
Clc1ccc(CO[C@H](Cn2ccnc2)c2ccc(Cl)cc2Cl)c(Cl)c1,1,c1ccc(COC(Cn2ccnc2)c2ccccc2)cc1,Cn1c2c(c3ccccc31)C(=O)[C@@H](Cn1ccnc1)CC2,1,O=C1c2c([nH]c3ccccc23)CCC1Cn1ccnc1,0.22256537982565378,1,0.9999711300231379
Clc1ccc(CO[C@H](Cn2ccnc2)c2ccc(Cl)cc2Cl)c(Cl)c1,1,c1ccc(COC(Cn2ccnc2)c2ccccc2)cc1,O=C(O)Cc1ccccc1Nc1ccc(Cl)cc1Cl,1,c1ccc(Nc2ccccc2)cc1,0.21213818860877684,1,0.9933285536974629
COc1cc(Cc2cnc(N)nc2N)cc(OC)c1OC,1,c1ccc(Cc2cncnc2)cc1,COc1ccc(CCN(C)CCC[C@](C#N)(c2cc(OC)c(OC)c(OC)c2)C(C)C)cc1OC,1,c1ccc(CCCCNCCc2ccccc2)cc1,0.2343891402714932,1,0.9998563100634201
COc1cc(Cc2cnc(N)nc2N)cc(OC)c1OC,1,c1ccc(Cc2cncnc2)cc1,CC(=O)OCC(CCn1cnc2cnc(N)nc21)COC(C)=O,1,c1ncc2nc[nH]c2n1,0.21928721174004195,1,0.9999381299150223
COc1cc(Cc2cnc(N)nc2N)cc(OC)c1OC,1,c1ccc(Cc2cncnc2)cc1,CNCCCCOc1ccccc1Cc1ccccc1,1,c1ccc(Cc2ccccc2)cc1,0.21877691645133507,1,0.999298954181048
COc1cc(Cc2cnc(N)nc2N)cc(OC)c1OC,1,c1ccc(Cc2cncnc2)cc1,COc1cc2nc(N3CCN(C(=O)[C@@H]4CCCO4)CC3)nc(N)c2cc1OC,1,O=C(C1CCCO1)N1CCN(c2ncc3ccccc3n2)CC1,0.2181368915245861,1,0.9999961892541571
C#C[C@@]1(O)CC[C@@H]2[C@@H]3CC[C@@H]4CC(=O)CCC4=C3[C@H](c3ccc(N(C)C)cc3)C[C@@]21C,1,O=C1CCC2=C3C(c4ccccc4)CC4CCCC4C3CCC2C1,C#C[C@@]1(O)CC[C@@H]2[C@H]3[C@@H](C)CC4=C(CCC(=O)C4)[C@@H]3CC[C@@]21C,1,O=C1CCC2=C(CCC3C2CCC2CCCC23)C1,0.45276950565812984,1,0.9999818594152935
C#C[C@@]1(O)CC[C@@H]2[C@@H]3CC[C@@H]4CC(=O)CCC4=C3[C@H](c3ccc(N(C)C)cc3)C[C@@]21C,1,O=C1CCC2=C3C(c4ccccc4)CC4CCCC4C3CCC2C1,C#C[C@@]1(O)CC[C@@H]2[C@@H]3CCC4=CC(=O)CC[C@@H]4[C@@H]3CC[C@@]21C,1,O=C1C=C2CCC3C4CCCC4CCC3C2CC1,0.3715565509518477,1,0.9999818594152935
C#C[C@@]1(O)CC[C@@H]2[C@@H]3CC[C@@H]4CC(=O)CCC4=C3[C@H](c3ccc(N(C)C)cc3)C[C@@]21C,1,O=C1CCC2=C3C(c4ccccc4)CC4CCCC4C3CCC2C1,C#C[C@@]1(O)CC[C@@H]2[C@@H]3CCC4=CCCC[C@@H]4[C@@H]3CC[C@@]21C,1,C1=C2CCC3C4CCCC4CCC3C2CCC1,0.32851731601731604,1,0.999834976118556
C#C[C@@]1(O)CC[C@@H]2[C@@H]3CC[C@@H]4CC(=O)CCC4=C3[C@H](c3ccc(N(C)C)cc3)C[C@@]21C,1,O=C1CCC2=C3C(c4ccccc4)CC4CCCC4C3CCC2C1,C#C[C@@]1(O)CC[C@@H]2[C@@H]3CCC4=CC(=O)CC[C@@H]4[C@@H]3CC[C@@]21CC,1,O=C1C=C2CCC3C4CCCC4CCC3C2CC1,0.326832955404384,1,0.9999818594152935
C[N+]1(C)CCC[C@@H]1COC(=O)C(O)(c1ccccc1)c1ccccc1,0,O=C(OCC1CCC[NH2+]1)C(c1ccccc1)c1ccccc1,CCCOC(C(=O)OC1CCN(C)CC1)(c1ccccc1)c1ccccc1,1,O=C(OC1CCNCC1)C(c1ccccc1)c1ccccc1,0.30333333333333334,0,0.0904479340356855
C[N+]1(C)CCC[C@@H]1COC(=O)C(O)(c1ccccc1)c1ccccc1,0,O=C(OCC1CCC[NH2+]1)C(c1ccccc1)c1ccccc1,O[C@](CCN1CCCCC1)(c1ccccc1)C1CCCCC1,1,c1ccc(C(CCN2CCCCC2)C2CCCCC2)cc1,0.26547049441786286,0,0.15981728496482192
C[N+]1(C)CCC[C@@H]1COC(=O)C(O)(c1ccccc1)c1ccccc1,0,O=C(OCC1CCC[NH2+]1)C(c1ccccc1)c1ccccc1,CN1[C@@H]2CC[C@H]1C[C@H](OC(=O)[C@@H](CO)c1ccccc1)C2,1,O=C(Cc1ccccc1)OC1CC2CCC(C1)N2,0.26515521450994073,0,0.054982270074328675
C[N+]1(C)CCC[C@@H]1COC(=O)C(O)(c1ccccc1)c1ccccc1,0,O=C(OCC1CCC[NH2+]1)C(c1ccccc1)c1ccccc1,COC(=O)[C@H](c1ccccc1)[C@@H]1CCCCN1,1,c1ccc(CC2CCCCN2)cc1,0.26477523949889464,0,0.061967894464315255
Cc1cn([C@H]2C=C[C@H](CO)O2)c(=O)nc1N,1,O=c1ncccn1C1C=CCO1,N=c1nc2n(cc1F)[C@H]1O[C@@H](CO)[C@H](O)[C@H]1O2,1,N=c1ccn2c(n1)OC1CCOC12,0.23547008547008547,1,0.9861693704048256
Cc1cn([C@H]2C=C[C@H](CO)O2)c(=O)nc1N,1,O=c1ncccn1C1C=CCO1,NC1=NC(=O)N([C@H]2CS[C@H](CO)O2)CC1,1,O=C1N=CCCN1C1CSCO1,0.2108338405356056,1,0.999795211688036
Cc1cn([C@H]2C=C[C@H](CO)O2)c(=O)nc1N,1,O=c1ncccn1C1C=CCO1,Cc1cc2nc3c(=O)[nH]c(=O)nc-3n(C[C@@H](O)[C@H](O)[C@H](O)CO)c2cc1C,1,O=c1nc2[nH]c3ccccc3nc-2c(=O)[nH]1,0.1905466698496061,1,0.9994964796108943
Cc1cn([C@H]2C=C[C@H](CO)O2)c(=O)nc1N,1,O=c1ncccn1C1C=CCO1,Cc1ncc([N+](=O)[O-])n1CCO,1,c1c[nH]cn1,0.18376436781609198,1,0.9997710795106526
COc1cc2c(cc1OC)[C@H](Cc1cc(OC)c(OC)c(OC)c1)[N@+](C)(CCCOC(=O)CC/C=C/CCC(=O)OCCC[N@+]1(C)CCc3cc(OC)c(OC)cc3[C@@H]1Cc1cc(OC)c(OC)c(OC)c1)CC2,0,O=C(CCC=CCCC(=O)OCCC[NH+]1CCc2ccccc2C1Cc1ccccc1)OCCC[NH+]1CCc2ccccc2C1Cc1ccccc1,COc1cc2c(cc1OC)[C@@H]1CC(=O)[C@H](CC(C)C)CN1CC2,1,O=C1CCN2CCc3ccccc3C2C1,0.2568523430592396,0,6.170331029133239e-06
COc1cc2c(cc1OC)[C@H](Cc1cc(OC)c(OC)c(OC)c1)[N@+](C)(CCCOC(=O)CC/C=C/CCC(=O)OCCC[N@+]1(C)CCc3cc(OC)c(OC)cc3[C@@H]1Cc1cc(OC)c(OC)c(OC)c1)CC2,0,O=C(CCC=CCCC(=O)OCCC[NH+]1CCc2ccccc2C1Cc1ccccc1)OCCC[NH+]1CCc2ccccc2C1Cc1ccccc1,COc1ccc(CCN(C)CCC[C@](C#N)(c2cc(OC)c(OC)c(OC)c2)C(C)C)cc1OC,1,c1ccc(CCCCNCCc2ccccc2)cc1,0.2415686274509804,0,2.8270220918839254e-05
COc1cc2c(cc1OC)[C@H](Cc1cc(OC)c(OC)c(OC)c1)[N@+](C)(CCCOC(=O)CC/C=C/CCC(=O)OCCC[N@+]1(C)CCc3cc(OC)c(OC)cc3[C@@H]1Cc1cc(OC)c(OC)c(OC)c1)CC2,0,O=C(CCC=CCCC(=O)OCCC[NH+]1CCc2ccccc2C1Cc1ccccc1)OCCC[NH+]1CCc2ccccc2C1Cc1ccccc1,COc1cc(Cc2cnc(N)nc2N)cc(OC)c1OC,1,c1ccc(Cc2cncnc2)cc1,0.21819960861056753,0,2.0324159321332247e-05
COc1cc2c(cc1OC)[C@H](Cc1cc(OC)c(OC)c(OC)c1)[N@+](C)(CCCOC(=O)CC/C=C/CCC(=O)OCCC[N@+]1(C)CCc3cc(OC)c(OC)cc3[C@@H]1Cc1cc(OC)c(OC)c(OC)c1)CC2,0,O=C(CCC=CCCC(=O)OCCC[NH+]1CCc2ccccc2C1Cc1ccccc1)OCCC[NH+]1CCc2ccccc2C1Cc1ccccc1,COc1ccc2cc(CCC(C)=O)ccc2c1,1,c1ccc2ccccc2c1,0.19444444444444448,0,2.006970918181479e-05
Fc1ccc(C(c2ccc(F)cc2)N2CCN(CCCc3ccccc3)CC2)cc1,1,c1ccc(CCCN2CCN(C(c3ccccc3)c3ccccc3)CC2)cc1,O=c1[nH]c2ccccc2n1CCCN1CCN(C(c2ccccc2)c2ccccc2)CC1,1,O=c1[nH]c2ccccc2n1CCCN1CCN(C(c2ccccc2)c2ccccc2)CC1,0.4529140461215933,1,0.999836455499155
Fc1ccc(C(c2ccc(F)cc2)N2CCN(CCCc3ccccc3)CC2)cc1,1,c1ccc(CCCN2CCN(C(c3ccccc3)c3ccccc3)CC2)cc1,O=c1[nH]c2ccccc2n1C1CCN(CCC(c2ccc(F)cc2)c2ccc(F)cc2)CC1,1,O=c1[nH]c2ccccc2n1C1CCN(CCC(c2ccccc2)c2ccccc2)CC1,0.34035549703752466,1,0.9990893343765805
Fc1ccc(C(c2ccc(F)cc2)N2CCN(CCCc3ccccc3)CC2)cc1,1,c1ccc(CCCN2CCN(C(c3ccccc3)c3ccccc3)CC2)cc1,COc1ccc(CCN2CCC(Nc3nc4ccccc4n3Cc3ccc(F)cc3)CC2)cc1,1,c1ccc(CCN2CCC(Nc3nc4ccccc4n3Cc3ccccc3)CC2)cc1,0.2925925925925926,1,0.9996802079508105
Fc1ccc(C(c2ccc(F)cc2)N2CCN(CCCc3ccccc3)CC2)cc1,1,c1ccc(CCCN2CCN(C(c3ccccc3)c3ccccc3)CC2)cc1,OCCN1CCN(CCCN2c3ccccc3Sc3ccc(Cl)cc32)CC1,1,c1ccc2c(c1)Sc1ccccc1N2CCCN1CCNCC1,0.26489479512735326,1,0.9999377765657894
CC(=O)O[C@]1(C(C)=O)CC[C@@H]2[C@H]3C=C(C)C4=CC(=O)CC[C@@]4(C)[C@H]3CC[C@]21C,1,O=C1C=C2C=CC3C4CCCC4CCC3C2CC1,CCCCCC(=O)O[C@]1(C(C)=O)CC[C@@H]2[C@@H]3C=CC4=CC(=O)CC[C@]4(C)[C@@H]3CC[C@@]21C,1,O=C1C=C2C=CC3C4CCCC4CCC3C2CC1,0.5679738562091504,1,0.9996699240644166
CC(=O)O[C@]1(C(C)=O)CC[C@@H]2[C@H]3C=C(C)C4=CC(=O)CC[C@@]4(C)[C@H]3CC[C@]21C,1,O=C1C=C2C=CC3C4CCCC4CCC3C2CC1,CC(=O)[C@@H]1CC[C@@H]2[C@@H]3CCC4=CC(=O)CC[C@]4(C)[C@@H]3CC[C@]21C,1,O=C1C=C2CCC3C4CCCC4CCC3C2CC1,0.36907131011608624,1,0.9998747000817229
CC(=O)O[C@]1(C(C)=O)CC[C@@H]2[C@H]3C=C(C)C4=CC(=O)CC[C@@]4(C)[C@H]3CC[C@]21C,1,O=C1C=C2C=CC3C4CCCC4CCC3C2CC1,C[C@@]12CC[C@@H]3[C@H](CCC4=CC(=O)CC[C@]43C)[C@H]1CC[C@H]2O,1,O=C1C=C2CCC3C4CCCC4CCC3C2CC1,0.3417249417249418,1,0.9995628909143173
CC(=O)O[C@]1(C(C)=O)CC[C@@H]2[C@H]3C=C(C)C4=CC(=O)CC[C@@]4(C)[C@H]3CC[C@]21C,1,O=C1C=C2C=CC3C4CCCC4CCC3C2CC1,C#C[C@@]1(OC(C)=O)CC[C@@H]2[C@@H]3CCC4=C[C@@H](OC(C)=O)CC[C@@H]4[C@@H]3CC[C@@]21C,1,C1=C2CCC3C4CCCC4CCC3C2CCC1,0.3273331319842948,1,0.9934915668331886
CCCCCC(=O)O[C@]1(C(C)=O)CC[C@@H]2[C@@H]3C=CC4=CC(=O)CC[C@]4(C)[C@@H]3CC[C@@]21C,1,O=C1C=C2C=CC3C4CCCC4CCC3C2CC1,CC(=O)O[C@]1(C(C)=O)CC[C@@H]2[C@H]3C=C(C)C4=CC(=O)CC[C@@]4(C)[C@H]3CC[C@]21C,1,O=C1C=C2C=CC3C4CCCC4CCC3C2CC1,0.5679738562091504,1,0.9996699240644166
CCCCCC(=O)O[C@]1(C(C)=O)CC[C@@H]2[C@@H]3C=CC4=CC(=O)CC[C@]4(C)[C@@H]3CC[C@@]21C,1,O=C1C=C2C=CC3C4CCCC4CCC3C2CC1,CC(=O)[C@@H]1CC[C@@H]2[C@@H]3CCC4=CC(=O)CC[C@]4(C)[C@@H]3CC[C@]21C,1,O=C1C=C2CCC3C4CCCC4CCC3C2CC1,0.33480701754385966,1,0.9998747000817229
CCCCCC(=O)O[C@]1(C(C)=O)CC[C@@H]2[C@@H]3C=CC4=CC(=O)CC[C@]4(C)[C@@H]3CC[C@@]21C,1,O=C1C=C2C=CC3C4CCCC4CCC3C2CC1,C[C@@]12CC[C@@H]3[C@H](CCC4=CC(=O)CC[C@]43C)[C@H]1CC[C@H]2O,1,O=C1C=C2CCC3C4CCCC4CCC3C2CC1,0.3240227196792516,1,0.9995628909143173
CCCCCC(=O)O[C@]1(C(C)=O)CC[C@@H]2[C@@H]3C=CC4=CC(=O)CC[C@]4(C)[C@@H]3CC[C@@]21C,1,O=C1C=C2C=CC3C4CCCC4CCC3C2CC1,C[C@@]12CCC(=O)C=C1CC[C@H]1[C@H]2[C@H](O)C[C@]2(C)[C@@H]1CC[C@@]2(O)C(=O)CO,1,O=C1C=C2CCC3C4CCCC4CCC3C2CC1,0.304979674796748,1,0.9999455606971478
C[C@H]1CC(=O)NN=C1c1ccc(NN=C(C#N)C#N)cc1,1,O=C1CCC(c2ccccc2)=NN1,CC(=O)Nc1ccc(O)cc1,1,c1ccccc1,0.18701184730144801,1,0.9989161608765614
C[C@H]1CC(=O)NN=C1c1ccc(NN=C(C#N)C#N)cc1,1,O=C1CCC(c2ccccc2)=NN1,C[C@@](O)(CS(=O)(=O)c1ccc(F)cc1)C(=O)Nc1ccc(C#N)c(C(F)(F)F)c1,1,O=C(CCS(=O)(=O)c1ccccc1)Nc1ccccc1,0.18692307692307694,1,0.9999875093771871
C[C@H]1CC(=O)NN=C1c1ccc(NN=C(C#N)C#N)cc1,1,O=C1CCC(c2ccccc2)=NN1,Cc1[nH]c(=O)c(C#N)cc1-c1ccncc1,1,O=c1ccc(-c2ccncc2)c[nH]1,0.17783549783549785,1,0.9999853578127891
C[C@H]1CC(=O)NN=C1c1ccc(NN=C(C#N)C#N)cc1,1,O=C1CCC(c2ccccc2)=NN1,CN1C(=O)CC[C@@H]1c1cccnc1,1,O=C1CCC(c2cccnc2)N1,0.166088379705401,1,0.9999853533688194
ON=Cc1cc[n+](COC[n+]2ccc(/C=N/O)cc2)cc1,0,c1cc[n+](COC[n+]2ccccc2)cc1,N=C(N)N/N=C/c1c(Cl)cccc1Cl,1,c1ccccc1,0.16384439359267736,0,0.05224741093082637
ON=Cc1cc[n+](COC[n+]2ccc(/C=N/O)cc2)cc1,0,c1cc[n+](COC[n+]2ccccc2)cc1,NC(=O)OCC(COC(N)=O)c1ccccc1,1,c1ccccc1,0.1443850267379679,0,0.3115457516039798
ON=Cc1cc[n+](COC[n+]2ccc(/C=N/O)cc2)cc1,0,c1cc[n+](COC[n+]2ccccc2)cc1,CCC(=C(CC)c1ccc(O)cc1)c1ccc(O)cc1,1,C(=Cc1ccccc1)c1ccccc1,0.13556618819776714,0,0.20870012457207232
ON=Cc1cc[n+](COC[n+]2ccc(/C=N/O)cc2)cc1,0,c1cc[n+](COC[n+]2ccccc2)cc1,OC[C@H](O)COc1ccc(Cl)cc1,1,c1ccccc1,0.13473193473193473,0,0.0802230256124194
N[C@H]1CONC1=O,1,O=C1CCON1,N=C(N)NC[C@@H]1COc2ccccc2O1,1,c1ccc2c(c1)OCCO2,0.1676767676767677,1,0.9967273738810517
N[C@H]1CONC1=O,1,O=C1CCON1,Nc1nc(=O)[nH]cc1F,1,O=c1nccc[nH]1,0.14857142857142858,1,0.9987991877243956
N[C@H]1CONC1=O,1,O=C1CCON1,CCOC(=O)C1=C[C@H](OC(CC)CC)[C@H](NC(C)=O)[C@@H](N)C1,1,C1=CCCCC1,0.14797202797202796,1,0.9905539884489939
N[C@H]1CONC1=O,1,O=C1CCON1,O=C1c2ccccc2C(=O)C1c1ccccc1,1,O=C1c2ccccc2C(=O)C1c1ccccc1,0.14343434343434344,1,0.9987836823185651
OCCOCCN1CCN(C2=Nc3ccccc3Sc3ccccc32)CC1,1,c1ccc2c(c1)N=C(N1CCNCC1)c1ccccc1S2,OCCN1CCN(CCCN2c3ccccc3Sc3ccc(Cl)cc32)CC1,1,c1ccc2c(c1)Sc1ccccc1N2CCCN1CCNCC1,0.36057692307692313,1,0.9997149940505209
OCCOCCN1CCN(C2=Nc3ccccc3Sc3ccccc32)CC1,1,c1ccc2c(c1)N=C(N1CCNCC1)c1ccccc1S2,CN1CCN(C2=Nc3cc(Cl)ccc3Nc3ccccc32)CC1,1,c1ccc2c(c1)N=C(N1CCNCC1)c1ccccc1N2,0.33623931623931624,1,0.9999962520038362
OCCOCCN1CCN(C2=Nc3ccccc3Sc3ccccc32)CC1,1,c1ccc2c(c1)N=C(N1CCNCC1)c1ccccc1S2,Clc1ccc2c(c1)C(N1CCNCC1)=Nc1ccccc1O2,1,c1ccc2c(c1)N=C(N1CCNCC1)c1ccccc1O2,0.3047212915016753,1,0.9999864722656113
OCCOCCN1CCN(C2=Nc3ccccc3Sc3ccccc32)CC1,1,c1ccc2c(c1)N=C(N1CCNCC1)c1ccccc1S2,CN1CCN(CCCN2c3ccccc3Sc3ccc(C(F)(F)F)cc32)CC1,1,c1ccc2c(c1)Sc1ccccc1N2CCCN1CCNCC1,0.2998085862729013,1,0.9998512791947947
CC[C@@H](C(=O)O)c1ccc(N2Cc3ccccc3C2=O)cc1,1,O=C1c2ccccc2CN1c1ccccc1,C[C@H](C(=O)O)c1ccc(N2Cc3ccccc3C2=O)cc1,1,O=C1c2ccccc2CN1c1ccccc1,0.7422222222222222,1,0.9891924253983627
CC[C@@H](C(=O)O)c1ccc(N2Cc3ccccc3C2=O)cc1,1,O=C1c2ccccc2CN1c1ccccc1,C[C@H](C(=O)O)c1cccc(C(=O)c2ccccc2)c1,1,O=C(c1ccccc1)c1ccccc1,0.3074074074074074,1,0.9733076394585287
CC[C@@H](C(=O)O)c1ccc(N2Cc3ccccc3C2=O)cc1,1,O=C1c2ccccc2CN1c1ccccc1,C[C@H](C(=O)O)c1cccc(Oc2ccccc2)c1,1,c1ccc(Oc2ccccc2)cc1,0.30077922077922076,1,0.9868016440524927
CC[C@@H](C(=O)O)c1ccc(N2Cc3ccccc3C2=O)cc1,1,O=C1c2ccccc2CN1c1ccccc1,CC(C)Cc1ccc([C@H](C)C(=O)O)cc1,1,c1ccccc1,0.29411764705882354,1,0.9726123030208959
C[C@H](C(=O)O)c1ccc(N2Cc3ccccc3C2=O)cc1,1,O=C1c2ccccc2CN1c1ccccc1,CC[C@@H](C(=O)O)c1ccc(N2Cc3ccccc3C2=O)cc1,1,O=C1c2ccccc2CN1c1ccccc1,0.7422222222222222,1,0.9891924253983627
C[C@H](C(=O)O)c1ccc(N2Cc3ccccc3C2=O)cc1,1,O=C1c2ccccc2CN1c1ccccc1,CC(C)Cc1ccc([C@H](C)C(=O)O)cc1,1,c1ccccc1,0.41189964157706094,1,0.9726123030208959
C[C@H](C(=O)O)c1ccc(N2Cc3ccccc3C2=O)cc1,1,O=C1c2ccccc2CN1c1ccccc1,C[C@H](C(=O)O)c1cccc(C(=O)c2ccccc2)c1,1,O=C(c1ccccc1)c1ccccc1,0.3994623655913979,1,0.9733076394585287
C[C@H](C(=O)O)c1ccc(N2Cc3ccccc3C2=O)cc1,1,O=C1c2ccccc2CN1c1ccccc1,C[C@H](C(=O)O)c1cccc(Oc2ccccc2)c1,1,c1ccc(Oc2ccccc2)cc1,0.39005102040816325,1,0.9868016440524927
NC[C@H]1CC[C@@H](C(=O)O)CC1,1,C1CCCCC1,CC(C)[C@H]1CC[C@@H](C(=O)N[C@H](Cc2ccccc2)C(=O)O)CC1,1,O=C(NCCc1ccccc1)C1CCCCC1,0.22456140350877196,1,0.9899717586102798
NC[C@H]1CC[C@@H](C(=O)O)CC1,1,C1CCCCC1,COc1ccc([C@]2(C#N)CC[C@H](C(=O)O)CC2)cc1OC1CCCC1,1,c1cc(OC2CCCC2)cc(C2CCCCC2)c1,0.21714285714285717,1,0.9986526987748992
NC[C@H]1CC[C@@H](C(=O)O)CC1,1,C1CCCCC1,Cc1ccsc1C(=CCCN1CCC[C@H](C(=O)O)C1)c1sccc1C,1,C(CCN1CCCCC1)=C(c1cccs1)c1cccs1,0.20888888888888893,1,0.9947738349046998
NC[C@H]1CC[C@@H](C(=O)O)CC1,1,C1CCCCC1,O=C(O)[C@@H]1C(=CCO)O[C@H]2CC(=O)N12,1,C=C1CN2C(=O)CC2O1,0.20168168168168168,1,0.9915445574903574
CN1C(=O)CC[C@@H]1c1cccnc1,1,O=C1CCC(c2cccnc2)N1,CN1CCC[C@@H]1c1cccnc1,1,c1cncc(C2CCCN2)c1,0.5122222222222222,1,0.9939948461011627
CN1C(=O)CC[C@@H]1c1cccnc1,1,O=C1CCC(c2cccnc2)N1,O=C(O)c1cccnc1,1,c1ccncc1,0.31142857142857144,1,0.9912780169037008
CN1C(=O)CC[C@@H]1c1cccnc1,1,O=C1CCC(c2cccnc2)N1,O=C(NCCO[N+](=O)[O-])c1cccnc1,1,c1ccncc1,0.2523809523809524,1,0.9938916610761481
CN1C(=O)CC[C@@H]1c1cccnc1,1,O=C1CCC(c2cccnc2)N1,Cc1nc(NCc2cccnc2)c(C#N)c(=O)[nH]1,1,O=c1cc(NCc2cccnc2)nc[nH]1,0.2488888888888889,1,0.9956713395746966
COC(=O)C1=C(C)NC(C)=C(C(=O)OC(C)C)[C@H]1c1cccc2nonc12,1,C1=CC(c2cccc3nonc23)C=CN1,Cc1cccc(C)c1NC(=O)[C@@H](C)N,1,c1ccccc1,0.23149717514124296,1,0.9575267148658579
COC(=O)C1=C(C)NC(C)=C(C(=O)OC(C)C)[C@H]1c1cccc2nonc12,1,C1=CC(c2cccc3nonc23)C=CN1,COC(=O)[C@H](c1ccccc1)[C@@H]1CCCCN1,1,c1ccc(CC2CCCCN2)cc1,0.2304039469626889,1,0.9594282062892491
COC(=O)C1=C(C)NC(C)=C(C(=O)OC(C)C)[C@H]1c1cccc2nonc12,1,C1=CC(c2cccc3nonc23)C=CN1,COC(=O)Nc1nc2ccc(C(=O)c3ccccc3)cc2[nH]1,1,O=C(c1ccccc1)c1ccc2nc[nH]c2c1,0.2175757575757576,1,0.998174610686091
COC(=O)C1=C(C)NC(C)=C(C(=O)OC(C)C)[C@H]1c1cccc2nonc12,1,C1=CC(c2cccc3nonc23)C=CN1,Cc1cccc(C)c1NC(=O)NCCCNC(C)C,1,c1ccccc1,0.2064498933901919,1,0.9874600669849535
Cc1ccc(C(=CCN2CCCC2)c2cccc(/C=C/C(=O)O)n2)cc1,1,C(CN1CCCC1)=C(c1ccccc1)c1ccccn1,Cc1ccsc1C(=CCCN1CCC[C@H](C(=O)O)C1)c1sccc1C,1,C(CCN1CCCCC1)=C(c1cccs1)c1cccs1,0.29112820512820514,1,0.9242105297272883
Cc1ccc(C(=CCN2CCCC2)c2cccc(/C=C/C(=O)O)n2)cc1,1,C(CN1CCCC1)=C(c1ccccc1)c1ccccn1,Cc1ccc(C(=O)c2ccc(CC(=O)O)n2C)cc1,1,O=C(c1ccccc1)c1ccc[nH]1,0.264,1,0.9528448879345719
Cc1ccc(C(=CCN2CCCC2)c2cccc(/C=C/C(=O)O)n2)cc1,1,C(CN1CCCC1)=C(c1ccccc1)c1ccccn1,C[C@H](CN1CCOCC1)C(C(=O)N1CCCC1)(c1ccccc1)c1ccccc1,1,O=C(N1CCCC1)C(CCN1CCOCC1)(c1ccccc1)c1ccccc1,0.22261519302615193,1,0.8782497402012456
Cc1ccc(C(=CCN2CCCC2)c2cccc(/C=C/C(=O)O)n2)cc1,1,C(CN1CCCC1)=C(c1ccccc1)c1ccccn1,O=C(c1ccccc1)c1ccc2n1CC[C@@H]2C(=O)O,1,O=C(c1ccccc1)c1ccc2n1CCC2,0.2196078431372549,1,0.9528448879345719
OCCN(CCO)c1nc(N2CCCCC2)c2nc(N(CCO)CCO)nc(N3CCCCC3)c2n1,1,c1nc(N2CCCCC2)c2ncnc(N3CCCCC3)c2n1,CC(C)(C)NC[C@H](O)COc1nsnc1N1CCOCC1,1,c1nsnc1N1CCOCC1,0.17083333333333334,1,0.8856686678639168
OCCN(CCO)c1nc(N2CCCCC2)c2nc(N(CCO)CCO)nc(N3CCCCC3)c2n1,1,c1nc(N2CCCCC2)c2ncnc(N3CCCCC3)c2n1,O[C@](CCN1CCCCC1)(c1ccccc1)C1CCCCC1,1,c1ccc(C(CCN2CCCCC2)C2CCCCC2)cc1,0.16424242424242425,1,0.9993578914038125
OCCN(CCO)c1nc(N2CCCCC2)c2nc(N(CCO)CCO)nc(N3CCCCC3)c2n1,1,c1nc(N2CCCCC2)c2ncnc(N3CCCCC3)c2n1,OCCOCCN1CCN(C2=Nc3ccccc3Sc3ccccc32)CC1,1,c1ccc2c(c1)N=C(N1CCNCC1)c1ccccc1S2,0.1558041958041958,1,0.9986794799215368
OCCN(CCO)c1nc(N2CCCCC2)c2nc(N(CCO)CCO)nc(N3CCCCC3)c2n1,1,c1nc(N2CCCCC2)c2ncnc(N3CCCCC3)c2n1,COc1cc2nc(N3CCN(C(=O)[C@@H]4CCCO4)CC3)nc(N)c2cc1OC,1,O=C(C1CCCO1)N1CCN(c2ncc3ccccc3n2)CC1,0.15418569254185693,1,0.9947519748028166
Cc1ccsc1C(=CCCN1CCC[C@H](C(=O)O)C1)c1sccc1C,1,C(CCN1CCCCC1)=C(c1cccs1)c1cccs1,Cc1ccc(C(=CCN2CCCC2)c2cccc(/C=C/C(=O)O)n2)cc1,1,C(CN1CCCC1)=C(c1ccccc1)c1ccccn1,0.29112820512820514,1,0.9901638466623065
Cc1ccsc1C(=CCCN1CCC[C@H](C(=O)O)C1)c1sccc1C,1,C(CCN1CCCCC1)=C(c1cccs1)c1cccs1,CCOC(=O)[C@H](CCc1ccccc1)N[C@@H]1CCCN2CCC[C@@H](C(=O)O)N2C1=O,1,O=C1C(NCCCc2ccccc2)CCCN2CCCCN12,0.24798619102416575,1,0.9824976308826173
Cc1ccsc1C(=CCCN1CCC[C@H](C(=O)O)C1)c1sccc1C,1,C(CCN1CCCCC1)=C(c1cccs1)c1cccs1,O[C@](CCN1CCCCC1)(c1ccccc1)C1CCCCC1,1,c1ccc(C(CCN2CCCCC2)C2CCCCC2)cc1,0.2295133437990581,1,0.9949132276657255
Cc1ccsc1C(=CCCN1CCC[C@H](C(=O)O)C1)c1sccc1C,1,C(CCN1CCCCC1)=C(c1cccs1)c1cccs1,COc1ccc([C@]2(C#N)CC[C@H](C(=O)O)CC2)cc1OC1CCCC1,1,c1cc(OC2CCCC2)cc(C2CCCCC2)c1,0.21669691470054447,1,0.9932030860217007
NS(=O)(=O)c1cc([C@@]2(O)NC(=O)c3ccccc32)ccc1Cl,1,O=C1NC(c2ccccc2)c2ccccc21,NS(=O)(=O)c1cc2c(cc1Cl)NCNS2(=O)=O,1,O=S1(=O)NCNc2ccccc21,0.2998759818106656,1,0.9238514763729082
NS(=O)(=O)c1cc([C@@]2(O)NC(=O)c3ccccc32)ccc1Cl,1,O=C1NC(c2ccccc2)c2ccccc21,O=C1Nc2ccc(Cl)cc2C(c2ccccc2Cl)=N[C@H]1O,1,O=C1CN=C(c2ccccc2)c2ccccc2N1,0.26956521739130435,1,0.9907508240187414
NS(=O)(=O)c1cc([C@@]2(O)NC(=O)c3ccccc32)ccc1Cl,1,O=C1NC(c2ccccc2)c2ccccc21,O=C1NS(=O)(=O)c2ccccc21,1,O=C1NS(=O)(=O)c2ccccc21,0.2540792540792541,1,0.9051666952871986
NS(=O)(=O)c1cc([C@@]2(O)NC(=O)c3ccccc32)ccc1Cl,1,O=C1NC(c2ccccc2)c2ccccc21,CN1C(=O)[C@@H](O)N=C(c2ccccc2Cl)c2cc(Cl)ccc21,1,O=C1CN=C(c2ccccc2)c2ccccc2N1,0.24577114427860697,1,0.9907508240187414
CC[C@H](c1ccccc1)c1c(O)c2ccccc2oc1=O,1,O=c1oc2ccccc2cc1Cc1ccccc1,CCc1oc2ccccc2c1C(=O)c1cc(Br)c(O)c(Br)c1,1,O=C(c1ccccc1)c1coc2ccccc12,0.35913287836210356,1,0.9940435263539982
CC[C@H](c1ccccc1)c1c(O)c2ccccc2oc1=O,1,O=c1oc2ccccc2cc1Cc1ccccc1,Cc1ccc(O)c([C@@H](CCN(C(C)C)C(C)C)c2ccccc2)c1,1,c1ccc(Cc2ccccc2)cc1,0.26363636363636367,1,0.9974796802090011
CC[C@H](c1ccccc1)c1c(O)c2ccccc2oc1=O,1,O=c1oc2ccccc2cc1Cc1ccccc1,NC(=O)OCC(COC(N)=O)c1ccccc1,1,c1ccccc1,0.26023329798515377,1,0.9959590917180985
CC[C@H](c1ccccc1)c1c(O)c2ccccc2oc1=O,1,O=c1oc2ccccc2cc1Cc1ccccc1,CN(C)CC[C@H](c1ccccc1)c1ccccn1,1,c1ccc(Cc2ccccn2)cc1,0.25281045751633985,1,0.999086108512177
CCN(CC)CCCCN(C)c1ccnc2cc(Cl)ccc12,1,c1ccc2ncccc2c1,CCN(CCO)CC[C@H](C)Nc1ccnc2cc(Cl)ccc12,1,c1ccc2ncccc2c1,0.4862068965517242,1,0.9999626147445394
CCN(CC)CCCCN(C)c1ccnc2cc(Cl)ccc12,1,c1ccc2ncccc2c1,CN(C)CCN(c1ccc(Cl)cc1)c1ccccn1,1,c1ccc(Nc2ccccn2)cc1,0.3033155080213904,1,0.9999956205390818
CCN(CC)CCCCN(C)c1ccnc2cc(Cl)ccc12,1,c1ccc2ncccc2c1,CCN(CC)CCN1C(=O)CN=C(c2ccccc2F)c2cc(Cl)ccc21,1,O=C1CN=C(c2ccccc2)c2ccccc2N1,0.2825974025974026,1,0.9999975214726412
CCN(CC)CCCCN(C)c1ccnc2cc(Cl)ccc12,1,c1ccc2ncccc2c1,CN(C)CC[C@H](c1ccccc1)c1ccccn1,1,c1ccc(Cc2ccccn2)cc1,0.23277310924369748,1,0.9999951052916947
O=[N+]([O-])c1ccc(O)c2ncccc12,1,c1ccc2ncccc2c1,CC(C)C(=O)Nc1ccc([N+](=O)[O-])c(C(F)(F)F)c1,1,c1ccccc1,0.2529874213836478,1,0.9973121713415977
O=[N+]([O-])c1ccc(O)c2ncccc12,1,c1ccc2ncccc2c1,Cc1ncc([N+](=O)[O-])n1CCO,1,c1c[nH]cn1,0.24651162790697675,1,0.9992528178866613
O=[N+]([O-])c1ccc(O)c2ncccc12,1,c1ccc2ncccc2c1,O=C(NCCO[N+](=O)[O-])c1cccnc1,1,c1ccncc1,0.23940110323089048,1,0.9992773030414288
O=[N+]([O-])c1ccc(O)c2ncccc12,1,c1ccc2ncccc2c1,O=C(O)c1cccnc1,1,c1ccncc1,0.21353383458646616,1,0.9991986969404579
CCN(CCO)CC[C@H](C)Nc1ccnc2cc(Cl)ccc12,1,c1ccc2ncccc2c1,CCN(CC)CCCCN(C)c1ccnc2cc(Cl)ccc12,1,c1ccc2ncccc2c1,0.4862068965517242,1,0.999961983819719
CCN(CCO)CC[C@H](C)Nc1ccnc2cc(Cl)ccc12,1,c1ccc2ncccc2c1,CCN(CC)CCN1C(=O)CN=C(c2ccccc2F)c2cc(Cl)ccc21,1,O=C1CN=C(c2ccccc2)c2ccccc2N1,0.23473749740610086,1,0.9999452602838084
CCN(CCO)CC[C@H](C)Nc1ccnc2cc(Cl)ccc12,1,c1ccc2ncccc2c1,CN(C)CCN(c1ccc(Cl)cc1)c1ccccn1,1,c1ccc(Nc2ccccn2)cc1,0.2240318302387268,1,0.9999944243939266
CCN(CCO)CC[C@H](C)Nc1ccnc2cc(Cl)ccc12,1,c1ccc2ncccc2c1,CCCCCCCN(CC)CCC[C@@H](O)c1ccc(NS(C)(=O)=O)cc1,1,c1ccccc1,0.22111111111111112,1,0.9985962378109626
Cc1nc2n(c(=O)c1CCN1CCC(c3noc4cc(F)ccc34)CC1)CCCC2,1,O=c1c(CCN2CCC(c3noc4ccccc34)CC2)cnc2n1CCCC2,COc1ccc(CCN2CCC(Nc3nc4ccccc4n3Cc3ccc(F)cc3)CC2)cc1,1,c1ccc(CCN2CCC(Nc3nc4ccccc4n3Cc3ccccc3)CC2)cc1,0.2659110723626853,1,0.9999506540419426
Cc1nc2n(c(=O)c1CCN1CCC(c3noc4cc(F)ccc34)CC1)CCCC2,1,O=c1c(CCN2CCC(c3noc4ccccc34)CC2)cnc2n1CCCC2,O=c1[nH]c2ccccc2n1C1CCN(CCC(c2ccc(F)cc2)c2ccc(F)cc2)CC1,1,O=c1[nH]c2ccccc2n1C1CCN(CCC(c2ccccc2)c2ccccc2)CC1,0.2361038961038961,1,0.9999530520761915
Cc1nc2n(c(=O)c1CCN1CCC(c3noc4cc(F)ccc34)CC1)CCCC2,1,O=c1c(CCN2CCC(c3noc4ccccc34)CC2)cnc2n1CCCC2,O=C1Cc2cc(CCN3CCN(c4nsc5ccccc45)CC3)c(Cl)cc2N1,1,O=C1Cc2cc(CCN3CCN(c4nsc5ccccc45)CC3)ccc2N1,0.21781214203894617,1,0.9999762882066446
Cc1nc2n(c(=O)c1CCN1CCC(c3noc4cc(F)ccc34)CC1)CCCC2,1,O=c1c(CCN2CCC(c3noc4ccccc34)CC2)cnc2n1CCCC2,CNS(=O)(=O)CCc1ccc2[nH]c(C3CCN(C)CC3)cc2c1,1,c1ccc2[nH]c(C3CCNCC3)cc2c1,0.21382316313823163,1,0.9999646301793412
Nc1ccc(/N=N/c2ccccc2)c(N)n1,1,c1ccc(N=Nc2cccnc2)cc1,Nc1c2c(nc3ccccc13)CCCC2,1,c1ccc2nc3c(cc2c1)CCCC3,0.21866028708133972,1,0.9964096193920108
Nc1ccc(/N=N/c2ccccc2)c(N)n1,1,c1ccc(N=Nc2cccnc2)cc1,Nc1nnc(-c2cccc(Cl)c2Cl)c(N)n1,1,c1ccc(-c2cncnn2)cc1,0.19976498237367804,1,0.9961644440569843
Nc1ccc(/N=N/c2ccccc2)c(N)n1,1,c1ccc(N=Nc2cccnc2)cc1,O=C1c2ccccc2C(=O)C1c1ccccc1,1,O=C1c2ccccc2C(=O)C1c1ccccc1,0.1830827067669173,1,0.9933113031860702
Nc1ccc(/N=N/c2ccccc2)c(N)n1,1,c1ccc(N=Nc2cccnc2)cc1,Nc1nc(=O)[nH]cc1F,1,O=c1nccc[nH]1,0.17900960827790097,1,0.9956530076054327
CC(=O)[C@@H]1CC[C@@H]2[C@@H]3CCC4=CC(=O)CC[C@]4(C)[C@@H]3CC[C@]21C,1,O=C1C=C2CCC3C4CCCC4CCC3C2CC1,C[C@@]12CC[C@@H]3[C@H](CCC4=CC(=O)CC[C@]43C)[C@H]1CC[C@H]2O,1,O=C1C=C2CCC3C4CCCC4CCC3C2CC1,0.7166544387380779,1,0.999606758912969
CC(=O)[C@@H]1CC[C@@H]2[C@@H]3CCC4=CC(=O)CC[C@]4(C)[C@@H]3CC[C@]21C,1,O=C1C=C2CCC3C4CCCC4CCC3C2CC1,C[C@@]12C[C@@H](O)[C@@H]3[C@H](CCC4=CC(=O)CC[C@]43C)[C@H]1CC[C@@H]2C(=O)CO,1,O=C1C=C2CCC3C4CCCC4CCC3C2CC1,0.5713983050847458,1,0.9997670139414633
CC(=O)[C@@H]1CC[C@@H]2[C@@H]3CCC4=CC(=O)CC[C@]4(C)[C@@H]3CC[C@]21C,1,O=C1C=C2CCC3C4CCCC4CCC3C2CC1,C[C@@]12CCC(=O)C=C1CC[C@H]1[C@H]2[C@H](O)C[C@]2(C)[C@@H]1CC[C@@]2(O)C(=O)CO,1,O=C1C=C2CCC3C4CCCC4CCC3C2CC1,0.46111111111111114,1,0.9999510260736982
CC(=O)[C@@H]1CC[C@@H]2[C@@H]3CCC4=CC(=O)CC[C@]4(C)[C@@H]3CC[C@]21C,1,O=C1C=C2CCC3C4CCCC4CCC3C2CC1,CC(=O)O[C@]1(C(C)=O)CC[C@@H]2[C@H]3C=C(C)C4=CC(=O)CC[C@@]4(C)[C@H]3CC[C@]21C,1,O=C1C=C2C=CC3C4CCCC4CCC3C2CC1,0.36907131011608624,1,0.9981430583751737
CC(=O)OCC(=O)[C@@]1(O)CC[C@@H]2[C@@H]3CCC4=CC(=O)CC[C@]4(C)[C@]3(F)[C@@H](O)C[C@@]21C,1,O=C1C=C2CCC3C4CCCC4CCC3C2CC1,C[C@@]12CCC(=O)C=C1CC[C@H]1[C@H]2[C@H](O)C[C@]2(C)[C@@H]1CC[C@@]2(O)C(=O)CO,1,O=C1C=C2CCC3C4CCCC4CCC3C2CC1,0.47468731387730795,1,0.9998482690884105
CC(=O)OCC(=O)[C@@]1(O)CC[C@@H]2[C@@H]3CCC4=CC(=O)CC[C@]4(C)[C@]3(F)[C@@H](O)C[C@@]21C,1,O=C1C=C2CCC3C4CCCC4CCC3C2CC1,C[C@@]12C=CC(=O)C=C1CC[C@@H]1[C@H]3C[C@@H](O)[C@@](O)(C(=O)CO)[C@]3(C)C[C@@H](O)[C@@]12F,1,O=C1C=CC2C(=C1)CCC1C3CCCC3CCC21,0.4322820037105752,1,0.9282403125835619
CC(=O)OCC(=O)[C@@]1(O)CC[C@@H]2[C@@H]3CCC4=CC(=O)CC[C@]4(C)[C@]3(F)[C@@H](O)C[C@@]21C,1,O=C1C=C2CCC3C4CCCC4CCC3C2CC1,C[C@@H]1C[C@@H]2[C@@H]3CCC4=CC(=O)C=C[C@]4(C)[C@]3(F)[C@@H](O)C[C@]2(C)[C@@]1(O)C(=O)CO,1,O=C1C=CC2C(=C1)CCC1C3CCCC3CCC21,0.42412813226556445,1,0.9980321498339866
CC(=O)OCC(=O)[C@@]1(O)CC[C@@H]2[C@@H]3CCC4=CC(=O)CC[C@]4(C)[C@]3(F)[C@@H](O)C[C@@]21C,1,O=C1C=C2CCC3C4CCCC4CCC3C2CC1,C[C@@]12C=CC(=O)C=C1CC[C@H]1[C@H]2[C@H](O)C[C@]2(C)[C@@H]1CC[C@@]2(O)C(=O)CO,1,O=C1C=CC2C(=C1)CCC1C3CCCC3CCC21,0.3913134484563056,1,0.9973648382775939
C[C@@]12CCC(=O)C=C1CC[C@H]1[C@H]2[C@H](O)C[C@]2(C)[C@@H]1CC[C@@]2(O)C(=O)CO,1,O=C1C=C2CCC3C4CCCC4CCC3C2CC1,C[C@@]12C=CC(=O)C=C1CC[C@H]1[C@H]2[C@H](O)C[C@]2(C)[C@@H]1CC[C@@]2(O)C(=O)CO,1,O=C1C=CC2C(=C1)CCC1C3CCCC3CCC21,0.7034234234234236,1,0.9971420110985255
C[C@@]12CCC(=O)C=C1CC[C@H]1[C@H]2[C@H](O)C[C@]2(C)[C@@H]1CC[C@@]2(O)C(=O)CO,1,O=C1C=C2CCC3C4CCCC4CCC3C2CC1,C[C@@]12C[C@@H](O)[C@@H]3[C@H](CCC4=CC(=O)CC[C@]43C)[C@H]1CC[C@@H]2C(=O)CO,1,O=C1C=C2CCC3C4CCCC4CCC3C2CC1,0.6539162112932605,1,0.9996051388350023
C[C@@]12CCC(=O)C=C1CC[C@H]1[C@H]2[C@H](O)C[C@]2(C)[C@@H]1CC[C@@]2(O)C(=O)CO,1,O=C1C=C2CCC3C4CCCC4CCC3C2CC1,C[C@H]1C[C@H]2[C@H]([C@H](O)C[C@]3(C)[C@@H]2CC[C@@]3(O)C(=O)CO)[C@]2(C)C=CC(=O)C=C12,1,O=C1C=CC2C(=C1)CCC1C3CCCC3CCC21,0.5648507462686567,1,0.9971420110985255
C[C@@]12CCC(=O)C=C1CC[C@H]1[C@H]2[C@H](O)C[C@]2(C)[C@@H]1CC[C@@]2(O)C(=O)CO,1,O=C1C=C2CCC3C4CCCC4CCC3C2CC1,C[C@@]12CC[C@@H]3[C@H](CCC4=CC(=O)CC[C@]43C)[C@H]1CC[C@H]2O,1,O=C1C=C2CCC3C4CCCC4CCC3C2CC1,0.49499089253187617,1,0.9994016562640425
C#C[C@@]1(O)CC[C@@H]2[C@@H]3CCC4=CC(=O)CC[C@@H]4[C@@H]3CC[C@@]21C,1,O=C1C=C2CCC3C4CCCC4CCC3C2CC1,C#C[C@@]1(O)CC[C@@H]2[C@@H]3CCC4=CC(=O)CC[C@@H]4[C@@H]3CC[C@@]21CC,1,O=C1C=C2CCC3C4CCCC4CCC3C2CC1,0.7542300669506999,1,0.9995227883581131
C#C[C@@]1(O)CC[C@@H]2[C@@H]3CCC4=CC(=O)CC[C@@H]4[C@@H]3CC[C@@]21C,1,O=C1C=C2CCC3C4CCCC4CCC3C2CC1,C#C[C@@]1(O)CC[C@@H]2[C@@H]3CCC4=CCCC[C@@H]4[C@@H]3CC[C@@]21C,1,C1=C2CCC3C4CCCC4CCC3C2CCC1,0.6822115384615386,1,0.9956749094311407
C#C[C@@]1(O)CC[C@@H]2[C@@H]3CCC4=CC(=O)CC[C@@H]4[C@@H]3CC[C@@]21C,1,O=C1C=C2CCC3C4CCCC4CCC3C2CC1,C#C[C@@]1(O)CC[C@@H]2[C@@H]3CCC4=CC(=O)CC[C@@H]4[C@@H]3C=C[C@@]21CC,1,O=C1C=C2CCC3C(C=CC4CCCC43)C2CC1,0.6121568627450981,1,0.9917560294517859
C#C[C@@]1(O)CC[C@@H]2[C@@H]3CCC4=CC(=O)CC[C@@H]4[C@@H]3CC[C@@]21C,1,O=C1C=C2CCC3C4CCCC4CCC3C2CC1,C#C[C@@]1(O)CC[C@@H]2[C@H]3[C@@H](C)CC4=C(CCC(=O)C4)[C@@H]3CC[C@@]21C,1,O=C1CCC2=C(CCC3C2CCC2CCCC23)C1,0.47619047619047616,1,0.9995227883581131
C[C@@]12CC[C@@H]3[C@H](CCC4=CC(=O)CC[C@]43C)[C@H]1CC[C@H]2O,1,O=C1C=C2CCC3C4CCCC4CCC3C2CC1,CC(=O)[C@@H]1CC[C@@H]2[C@@H]3CCC4=CC(=O)CC[C@]4(C)[C@@H]3CC[C@]21C,1,O=C1C=C2CCC3C4CCCC4CCC3C2CC1,0.7166544387380779,1,0.9966153949491828
C[C@@]12CC[C@@H]3[C@H](CCC4=CC(=O)CC[C@]43C)[C@H]1CC[C@H]2O,1,O=C1C=C2CCC3C4CCCC4CCC3C2CC1,C[C@@]12C[C@@H](O)[C@@H]3[C@H](CCC4=CC(=O)CC[C@]43C)[C@H]1CC[C@@H]2C(=O)CO,1,O=C1C=C2CCC3C4CCCC4CCC3C2CC1,0.5490872210953348,1,0.9994167798547766
C[C@@]12CC[C@@H]3[C@H](CCC4=CC(=O)CC[C@]43C)[C@H]1CC[C@H]2O,1,O=C1C=C2CCC3C4CCCC4CCC3C2CC1,C[C@@]12CCC(=O)C=C1CC[C@H]1[C@H]2[C@H](O)C[C@]2(C)[C@@H]1CC[C@@]2(O)C(=O)CO,1,O=C1C=C2CCC3C4CCCC4CCC3C2CC1,0.49499089253187617,1,0.9998773725542146
C[C@@]12CC[C@@H]3[C@H](CCC4=CC(=O)CC[C@]43C)[C@H]1CC[C@H]2O,1,O=C1C=C2CCC3C4CCCC4CCC3C2CC1,CC(C)CCC[C@H](C)[C@@H]1CC[C@@H]2[C@@H]3CC=C4C[C@@H](O)CC[C@]4(C)[C@@H]3CC[C@@]21C,1,C1=C2CCCCC2C2CCC3CCCC3C2C1,0.3830769230769231,1,0.9993984139521717
C[C@@]12C[C@@H](O)[C@@H]3[C@H](CCC4=CC(=O)CC[C@]43C)[C@H]1CC[C@@H]2C(=O)CO,1,O=C1C=C2CCC3C4CCCC4CCC3C2CC1,C[C@@]12CCC(=O)C=C1CC[C@H]1[C@H]2[C@H](O)C[C@]2(C)[C@@H]1CC[C@@]2(O)C(=O)CO,1,O=C1C=C2CCC3C4CCCC4CCC3C2CC1,0.6539162112932605,1,0.9999938111783425
C[C@@]12C[C@@H](O)[C@@H]3[C@H](CCC4=CC(=O)CC[C@]43C)[C@H]1CC[C@@H]2C(=O)CO,1,O=C1C=C2CCC3C4CCCC4CCC3C2CC1,CC(=O)[C@@H]1CC[C@@H]2[C@@H]3CCC4=CC(=O)CC[C@]4(C)[C@@H]3CC[C@]21C,1,O=C1C=C2CCC3C4CCCC4CCC3C2CC1,0.5713983050847458,1,0.9998461563872715
C[C@@]12C[C@@H](O)[C@@H]3[C@H](CCC4=CC(=O)CC[C@]43C)[C@H]1CC[C@@H]2C(=O)CO,1,O=C1C=C2CCC3C4CCCC4CCC3C2CC1,C[C@@]12CC[C@@H]3[C@H](CCC4=CC(=O)CC[C@]43C)[C@H]1CC[C@H]2O,1,O=C1C=C2CCC3C4CCCC4CCC3C2CC1,0.5490872210953348,1,0.9999553695822697
C[C@@]12C[C@@H](O)[C@@H]3[C@H](CCC4=CC(=O)CC[C@]43C)[C@H]1CC[C@@H]2C(=O)CO,1,O=C1C=C2CCC3C4CCCC4CCC3C2CC1,C[C@@]12C=CC(=O)C=C1CC[C@H]1[C@H]2[C@H](O)C[C@]2(C)[C@@H]1CC[C@@]2(O)C(=O)CO,1,O=C1C=CC2C(=C1)CCC1C3CCCC3CCC21,0.4467605633802817,1,0.9998922599644651
C#C[C@@]1(O)CC[C@@H]2[C@@H]3CCC4=CC(=O)CC[C@@H]4[C@@H]3CC[C@@]21CC,1,O=C1C=C2CCC3C4CCCC4CCC3C2CC1,C#C[C@@]1(O)CC[C@@H]2[C@@H]3CCC4=CC(=O)CC[C@@H]4[C@@H]3CC[C@@]21C,1,O=C1C=C2CCC3C4CCCC4CCC3C2CC1,0.7542300669506999,1,0.9995227883581131
C#C[C@@]1(O)CC[C@@H]2[C@@H]3CCC4=CC(=O)CC[C@@H]4[C@@H]3CC[C@@]21CC,1,O=C1C=C2CCC3C4CCCC4CCC3C2CC1,C#C[C@@]1(O)CC[C@@H]2[C@@H]3CCC4=CC(=O)CC[C@@H]4[C@@H]3C=C[C@@]21CC,1,O=C1C=C2CCC3C(C=CC4CCCC43)C2CC1,0.6580392156862745,1,0.9917560294517859
C#C[C@@]1(O)CC[C@@H]2[C@@H]3CCC4=CC(=O)CC[C@@H]4[C@@H]3CC[C@@]21CC,1,O=C1C=C2CCC3C4CCCC4CCC3C2CC1,C#C[C@@]1(OC(C)=O)CC[C@@H]2[C@@H]3CCC4=CC(=NO)CC[C@@H]4[C@@H]3CC[C@@]21CC,1,N=C1C=C2CCC3C4CCCC4CCC3C2CC1,0.5368274904547032,1,0.9969027886971625
C#C[C@@]1(O)CC[C@@H]2[C@@H]3CCC4=CC(=O)CC[C@@H]4[C@@H]3CC[C@@]21CC,1,O=C1C=C2CCC3C4CCCC4CCC3C2CC1,C#C[C@@]1(O)CC[C@@H]2[C@@H]3CCC4=CCCC[C@@H]4[C@@H]3CC[C@@]21C,1,C1=C2CCC3C4CCCC4CCC3C2CCC1,0.5097396335583414,1,0.9956749094311407
CN(C)CCC[C@@]1(c2ccc(F)cc2)OCc2cc(C#N)ccc21,1,c1ccc(C2OCc3ccccc32)cc1,CN(C)CCC[C@@H]1c2ccccc2COc2ccccc21,1,c1ccc2c(c1)COc1ccccc1C2,0.2635046113306983,1,0.9995588147346973
CN(C)CCC[C@@]1(c2ccc(F)cc2)OCc2cc(C#N)ccc21,1,c1ccc(C2OCc3ccccc32)cc1,CN(C)CCC=C1c2ccccc2CCc2ccccc21,1,C=C1c2ccccc2CCc2ccccc21,0.2196248196248196,1,0.9986524550548669
CN(C)CCC[C@@]1(c2ccc(F)cc2)OCc2cc(C#N)ccc21,1,c1ccc(C2OCc3ccccc32)cc1,CC(C)C[C@@H](N(C)C)C1(c2ccc(Cl)cc2)CCC1,1,c1ccc(C2CCC2)cc1,0.20204603580562663,1,0.9990299910439888
CN(C)CCC[C@@]1(c2ccc(F)cc2)OCc2cc(C#N)ccc21,1,c1ccc(C2OCc3ccccc32)cc1,C[C@@](O)(CS(=O)(=O)c1ccc(F)cc1)C(=O)Nc1ccc(C#N)c(C(F)(F)F)c1,1,O=C(CCS(=O)(=O)c1ccccc1)Nc1ccccc1,0.19897304236200256,1,0.999989502037213
CN1C(=O)[C@@](C)(C2=CCCCC2)C(=O)N=C1O,1,O=C1N=CNC(=O)C1C1=CCCCC1,CC[C@]1(CCC(C)C)C(=O)N=C(O)N=C1O,1,O=C1CC=NC=N1,0.23035714285714287,1,0.9999712962426676
CN1C(=O)[C@@](C)(C2=CCCCC2)C(=O)N=C1O,1,O=C1N=CNC(=O)C1C1=CCCCC1,C#C[C@@]1(O)CC[C@@H]2[C@@H]3CCC4=CCCC[C@@H]4[C@@H]3CC[C@@]21C,1,C1=C2CCC3C4CCCC4CCC3C2CCC1,0.20861244019138758,1,0.999783635714935
CN1C(=O)[C@@](C)(C2=CCCCC2)C(=O)N=C1O,1,O=C1N=CNC(=O)C1C1=CCCCC1,C[C@@]12CC[C@@H]3[C@H](CCC4=CC(=O)CC[C@]43C)[C@H]1CC[C@H]2O,1,O=C1C=C2CCC3C4CCCC4CCC3C2CC1,0.2028404344193818,1,0.9968635795537487
CN1C(=O)[C@@](C)(C2=CCCCC2)C(=O)N=C1O,1,O=C1N=CNC(=O)C1C1=CCCCC1,CC(=O)[C@@H]1CC[C@@H]2[C@@H]3CCC4=CC(=O)CC[C@]4(C)[C@@H]3CC[C@]21C,1,O=C1C=C2CCC3C4CCCC4CCC3C2CC1,0.20190476190476192,1,0.9990818618423623
CC1=NNC2=CN=C(c3ccccc3Cl)c3cc(Cl)ccc3N21,1,C1=NNC2=CN=C(c3ccccc3)c3ccccc3N12,CN1C(=O)[C@@H](O)N=C(c2ccccc2Cl)c2cc(Cl)ccc21,1,O=C1CN=C(c2ccccc2)c2ccccc2N1,0.4511781727986771,1,0.9984335177691281
CC1=NNC2=CN=C(c3ccccc3Cl)c3cc(Cl)ccc3N21,1,C1=NNC2=CN=C(c3ccccc3)c3ccccc3N12,CN1C(=O)CN=C(c2ccccc2)c2cc(Cl)ccc21,1,O=C1CN=C(c2ccccc2)c2ccccc2N1,0.35985605757696926,1,0.9826358842725335
CC1=NNC2=CN=C(c3ccccc3Cl)c3cc(Cl)ccc3N21,1,C1=NNC2=CN=C(c3ccccc3)c3ccccc3N12,CN1C(=O)[C@@H](O)N=C(c2ccccc2)c2cc(Cl)ccc21,1,O=C1CN=C(c2ccccc2)c2ccccc2N1,0.35396825396825393,1,0.9661464986935624
CC1=NNC2=CN=C(c3ccccc3Cl)c3cc(Cl)ccc3N21,1,C1=NNC2=CN=C(c3ccccc3)c3ccccc3N12,O=C1Nc2ccc(Cl)cc2C(c2ccccc2Cl)=N[C@H]1O,1,O=C1CN=C(c2ccccc2)c2ccccc2N1,0.3504098360655738,1,0.9984335177691281
O=C1CN=C(c2ccccc2Cl)c2cc([N+](=O)[O-])ccc2N1,1,O=C1CN=C(c2ccccc2)c2ccccc2N1,O=C1CN=C(c2ccccc2)c2cc([N+](=O)[O-])ccc2N1,1,O=C1CN=C(c2ccccc2)c2ccccc2N1,0.7517543859649123,1,0.9996619318773939
O=C1CN=C(c2ccccc2Cl)c2cc([N+](=O)[O-])ccc2N1,1,O=C1CN=C(c2ccccc2)c2ccccc2N1,O=C1CN=C(c2ccccc2)c2cc(Cl)ccc2N1,1,O=C1CN=C(c2ccccc2)c2ccccc2N1,0.5453846153846155,1,0.9994278301511739
O=C1CN=C(c2ccccc2Cl)c2cc([N+](=O)[O-])ccc2N1,1,O=C1CN=C(c2ccccc2)c2ccccc2N1,O=C1Nc2ccc(Cl)cc2C(c2ccccc2Cl)=N[C@H]1O,1,O=C1CN=C(c2ccccc2)c2ccccc2N1,0.4377011494252874,1,0.999401733597207
O=C1CN=C(c2ccccc2Cl)c2cc([N+](=O)[O-])ccc2N1,1,O=C1CN=C(c2ccccc2)c2ccccc2N1,O=C1Nc2ccc(Cl)cc2C(c2ccccc2)=N[C@H]1O,1,O=C1CN=C(c2ccccc2)c2ccccc2N1,0.34081346423562414,1,0.9988660827751562
O=C1Nc2ccc(Cl)cc2C(c2ccccc2Cl)=N[C@H]1O,1,O=C1CN=C(c2ccccc2)c2ccccc2N1,O=C1Nc2ccc(Cl)cc2C(c2ccccc2)=N[C@H]1O,1,O=C1CN=C(c2ccccc2)c2ccccc2N1,0.781818181818182,1,0.9977011591030929
O=C1Nc2ccc(Cl)cc2C(c2ccccc2Cl)=N[C@H]1O,1,O=C1CN=C(c2ccccc2)c2ccccc2N1,CN1C(=O)[C@@H](O)N=C(c2ccccc2Cl)c2cc(Cl)ccc21,1,O=C1CN=C(c2ccccc2)c2ccccc2N1,0.59,1,0.9998968404718749
O=C1Nc2ccc(Cl)cc2C(c2ccccc2Cl)=N[C@H]1O,1,O=C1CN=C(c2ccccc2)c2ccccc2N1,O=C1CN=C(c2ccccc2)c2cc(Cl)ccc2N1,1,O=C1CN=C(c2ccccc2)c2ccccc2N1,0.4835758835758836,1,0.9862136485673266
O=C1Nc2ccc(Cl)cc2C(c2ccccc2Cl)=N[C@H]1O,1,O=C1CN=C(c2ccccc2)c2ccccc2N1,CN1C(=O)[C@@H](O)N=C(c2ccccc2)c2cc(Cl)ccc21,1,O=C1CN=C(c2ccccc2)c2ccccc2N1,0.4466518847006652,1,0.9977011591030929
CCN(CC)CCN1C(=O)CN=C(c2ccccc2F)c2cc(Cl)ccc21,1,O=C1CN=C(c2ccccc2)c2ccccc2N1,CN1C(=O)CN=C(c2ccccc2)c2cc(Cl)ccc21,1,O=C1CN=C(c2ccccc2)c2ccccc2N1,0.5247992863514719,1,0.9999909851292391
CCN(CC)CCN1C(=O)CN=C(c2ccccc2F)c2cc(Cl)ccc21,1,O=C1CN=C(c2ccccc2)c2ccccc2N1,Cc1ncc2n1-c1ccc(Cl)cc1C(c1ccccc1F)=NC2,1,c1ccc(C2=NCc3cncn3-c3ccccc32)cc1,0.46931216931216935,1,0.9999923646774962
CCN(CC)CCN1C(=O)CN=C(c2ccccc2F)c2cc(Cl)ccc21,1,O=C1CN=C(c2ccccc2)c2ccccc2N1,CN1C(=O)[C@@H](O)N=C(c2ccccc2Cl)c2cc(Cl)ccc21,1,O=C1CN=C(c2ccccc2)c2ccccc2N1,0.41000704721634956,1,0.9999905737205053
CCN(CC)CCN1C(=O)CN=C(c2ccccc2F)c2cc(Cl)ccc21,1,O=C1CN=C(c2ccccc2)c2ccccc2N1,CN1C(=O)[C@@H](O)N=C(c2ccccc2)c2cc(Cl)ccc21,1,O=C1CN=C(c2ccccc2)c2ccccc2N1,0.3863636363636364,1,0.9999821245817175
O=C1CN=C(c2ccccc2)c2cc(Cl)ccc2N1,1,O=C1CN=C(c2ccccc2)c2ccccc2N1,O=C1CN=C(c2ccccc2)c2cc([N+](=O)[O-])ccc2N1,1,O=C1CN=C(c2ccccc2)c2ccccc2N1,0.6480549199084669,1,0.999689110805061
O=C1CN=C(c2ccccc2)c2cc(Cl)ccc2N1,1,O=C1CN=C(c2ccccc2)c2ccccc2N1,O=C1Nc2ccc(Cl)cc2C(c2ccccc2)=N[C@H]1O,1,O=C1CN=C(c2ccccc2)c2ccccc2N1,0.6024316109422493,1,0.9982404744346836
O=C1CN=C(c2ccccc2)c2cc(Cl)ccc2N1,1,O=C1CN=C(c2ccccc2)c2ccccc2N1,O=C1CN=C(c2ccccc2Cl)c2cc([N+](=O)[O-])ccc2N1,1,O=C1CN=C(c2ccccc2)c2ccccc2N1,0.5453846153846155,1,0.9994724567866421
O=C1CN=C(c2ccccc2)c2cc(Cl)ccc2N1,1,O=C1CN=C(c2ccccc2)c2ccccc2N1,CN1C(=O)CN=C(c2ccccc2)c2cc(Cl)ccc21,1,O=C1CN=C(c2ccccc2)c2ccccc2N1,0.5360360360360361,1,0.9991118752532738
O=C1CN=C(c2ccccc2)c2cc([N+](=O)[O-])ccc2N1,1,O=C1CN=C(c2ccccc2)c2ccccc2N1,O=C1CN=C(c2ccccc2Cl)c2cc([N+](=O)[O-])ccc2N1,1,O=C1CN=C(c2ccccc2)c2ccccc2N1,0.7517543859649123,1,0.999422187210638
O=C1CN=C(c2ccccc2)c2cc([N+](=O)[O-])ccc2N1,1,O=C1CN=C(c2ccccc2)c2ccccc2N1,O=C1CN=C(c2ccccc2)c2cc(Cl)ccc2N1,1,O=C1CN=C(c2ccccc2)c2ccccc2N1,0.6480549199084669,1,0.9994236799647461
O=C1CN=C(c2ccccc2)c2cc([N+](=O)[O-])ccc2N1,1,O=C1CN=C(c2ccccc2)c2ccccc2N1,O=C1Nc2ccc(Cl)cc2C(c2ccccc2)=N[C@H]1O,1,O=C1CN=C(c2ccccc2)c2ccccc2N1,0.385645933014354,1,0.998857862657244
O=C1CN=C(c2ccccc2)c2cc([N+](=O)[O-])ccc2N1,1,O=C1CN=C(c2ccccc2)c2ccccc2N1,CN1C(=O)CN=C(c2ccccc2)c2cc(Cl)ccc21,1,O=C1CN=C(c2ccccc2)c2ccccc2N1,0.33673163418290863,1,0.9994236799647461
CN(C)C(=O)O[C@@H]1N=C(c2ccccc2)c2cc(Cl)ccc2N(C)C1=O,1,O=C1CN=C(c2ccccc2)c2ccccc2N1,CN1C(=O)[C@@H](O)N=C(c2ccccc2)c2cc(Cl)ccc21,1,O=C1CN=C(c2ccccc2)c2ccccc2N1,0.6364672364672365,1,0.9982101229309973
CN(C)C(=O)O[C@@H]1N=C(c2ccccc2)c2cc(Cl)ccc2N(C)C1=O,1,O=C1CN=C(c2ccccc2)c2ccccc2N1,CN1C(=O)CN=C(c2ccccc2)c2cc(Cl)ccc21,1,O=C1CN=C(c2ccccc2)c2ccccc2N1,0.5453769559032717,1,0.999096541654755
CN(C)C(=O)O[C@@H]1N=C(c2ccccc2)c2cc(Cl)ccc2N(C)C1=O,1,O=C1CN=C(c2ccccc2)c2ccccc2N1,CN1C(=O)[C@@H](O)N=C(c2ccccc2Cl)c2cc(Cl)ccc21,1,O=C1CN=C(c2ccccc2)c2ccccc2N1,0.5073170731707317,1,0.9990553493796454
CN(C)C(=O)O[C@@H]1N=C(c2ccccc2)c2cc(Cl)ccc2N(C)C1=O,1,O=C1CN=C(c2ccccc2)c2ccccc2N1,O=C1Nc2ccc(Cl)cc2C(c2ccccc2)=N[C@H]1O,1,O=C1CN=C(c2ccccc2)c2ccccc2N1,0.3949210706932052,1,0.9982101229309973
CN1C(=O)[C@@H](O)N=C(c2ccccc2)c2cc(Cl)ccc21,1,O=C1CN=C(c2ccccc2)c2ccccc2N1,CN1C(=O)[C@@H](O)N=C(c2ccccc2Cl)c2cc(Cl)ccc21,1,O=C1CN=C(c2ccccc2)c2ccccc2N1,0.7893408134642357,1,0.999891198987145
CN1C(=O)[C@@H](O)N=C(c2ccccc2)c2cc(Cl)ccc21,1,O=C1CN=C(c2ccccc2)c2ccccc2N1,CN(C)C(=O)O[C@@H]1N=C(c2ccccc2)c2cc(Cl)ccc2N(C)C1=O,1,O=C1CN=C(c2ccccc2)c2ccccc2N1,0.6364672364672365,1,0.9993369170318989
CN1C(=O)[C@@H](O)N=C(c2ccccc2)c2cc(Cl)ccc21,1,O=C1CN=C(c2ccccc2)c2ccccc2N1,CN1C(=O)CN=C(c2ccccc2)c2cc(Cl)ccc21,1,O=C1CN=C(c2ccccc2)c2ccccc2N1,0.6128633271490415,1,0.9987496652323716
CN1C(=O)[C@@H](O)N=C(c2ccccc2)c2cc(Cl)ccc21,1,O=C1CN=C(c2ccccc2)c2ccccc2N1,O=C1Nc2ccc(Cl)cc2C(c2ccccc2)=N[C@H]1O,1,O=C1CN=C(c2ccccc2)c2ccccc2N1,0.5811616954474097,1,0.9997936948089035
CN1C(=O)[C@@H](O)N=C(c2ccccc2Cl)c2cc(Cl)ccc21,1,O=C1CN=C(c2ccccc2)c2ccccc2N1,CN1C(=O)[C@@H](O)N=C(c2ccccc2)c2cc(Cl)ccc21,1,O=C1CN=C(c2ccccc2)c2ccccc2N1,0.7893408134642357,1,0.9977011591030929
CN1C(=O)[C@@H](O)N=C(c2ccccc2Cl)c2cc(Cl)ccc21,1,O=C1CN=C(c2ccccc2)c2ccccc2N1,O=C1Nc2ccc(Cl)cc2C(c2ccccc2Cl)=N[C@H]1O,1,O=C1CN=C(c2ccccc2)c2ccccc2N1,0.59,1,0.9998968404718749
CN1C(=O)[C@@H](O)N=C(c2ccccc2Cl)c2cc(Cl)ccc21,1,O=C1CN=C(c2ccccc2)c2ccccc2N1,CN(C)C(=O)O[C@@H]1N=C(c2ccccc2)c2cc(Cl)ccc2N(C)C1=O,1,O=C1CN=C(c2ccccc2)c2ccccc2N1,0.5073170731707317,1,0.9926454051416608
CN1C(=O)[C@@H](O)N=C(c2ccccc2Cl)c2cc(Cl)ccc21,1,O=C1CN=C(c2ccccc2)c2ccccc2N1,CN1C(=O)CN=C(c2ccccc2)c2cc(Cl)ccc21,1,O=C1CN=C(c2ccccc2)c2ccccc2N1,0.49608465608465613,1,0.9862136485673266
CN1C(=O)CN=C(c2ccccc2)c2cc(Cl)ccc21,1,O=C1CN=C(c2ccccc2)c2ccccc2N1,CN1C(=O)[C@@H](O)N=C(c2ccccc2)c2cc(Cl)ccc21,1,O=C1CN=C(c2ccccc2)c2ccccc2N1,0.6128633271490415,1,0.9982404744346836
CN1C(=O)CN=C(c2ccccc2)c2cc(Cl)ccc21,1,O=C1CN=C(c2ccccc2)c2ccccc2N1,CN(C)C(=O)O[C@@H]1N=C(c2ccccc2)c2cc(Cl)ccc2N(C)C1=O,1,O=C1CN=C(c2ccccc2)c2ccccc2N1,0.5453769559032717,1,0.9995290860371545
CN1C(=O)CN=C(c2ccccc2)c2cc(Cl)ccc21,1,O=C1CN=C(c2ccccc2)c2ccccc2N1,Cc1nnc2n1-c1ccc(Cl)cc1C(c1ccccc1)=NC2,1,c1ccc(C2=NCc3nncn3-c3ccccc32)cc1,0.5384186046511628,1,0.9993629243572782
CN1C(=O)CN=C(c2ccccc2)c2cc(Cl)ccc21,1,O=C1CN=C(c2ccccc2)c2ccccc2N1,O=C1CN=C(c2ccccc2)c2cc(Cl)ccc2N1,1,O=C1CN=C(c2ccccc2)c2ccccc2N1,0.5360360360360361,1,0.9991118752532738
O=C1Nc2ccc(Cl)cc2C(c2ccccc2)=N[C@H]1O,1,O=C1CN=C(c2ccccc2)c2ccccc2N1,O=C1Nc2ccc(Cl)cc2C(c2ccccc2Cl)=N[C@H]1O,1,O=C1CN=C(c2ccccc2)c2ccccc2N1,0.781818181818182,1,0.999891198987145
O=C1Nc2ccc(Cl)cc2C(c2ccccc2)=N[C@H]1O,1,O=C1CN=C(c2ccccc2)c2ccccc2N1,O=C1CN=C(c2ccccc2)c2cc(Cl)ccc2N1,1,O=C1CN=C(c2ccccc2)c2ccccc2N1,0.6024316109422493,1,0.9987496652323716
O=C1Nc2ccc(Cl)cc2C(c2ccccc2)=N[C@H]1O,1,O=C1CN=C(c2ccccc2)c2ccccc2N1,CN1C(=O)[C@@H](O)N=C(c2ccccc2)c2cc(Cl)ccc21,1,O=C1CN=C(c2ccccc2)c2ccccc2N1,0.5811616954474097,1,0.9997936948089035
O=C1Nc2ccc(Cl)cc2C(c2ccccc2)=N[C@H]1O,1,O=C1CN=C(c2ccccc2)c2ccccc2N1,CN1C(=O)[C@@H](O)N=C(c2ccccc2Cl)c2cc(Cl)ccc21,1,O=C1CN=C(c2ccccc2)c2ccccc2N1,0.4466518847006652,1,0.999891198987145
O=C(O)c1cccnc1,1,c1ccncc1,O=C(NCCO[N+](=O)[O-])c1cccnc1,1,c1ccncc1,0.38170731707317074,1,0.9968309968122546
O=C(O)c1cccnc1,1,c1ccncc1,NC(=O)c1cnccn1,1,c1cnccn1,0.332146829810901,1,0.9613479018227816
O=C(O)c1cccnc1,1,c1ccncc1,CN1C(=O)CC[C@@H]1c1cccnc1,1,O=C1CCC(c2cccnc2)N1,0.31142857142857144,1,0.999471500365816
O=C(O)c1cccnc1,1,c1ccncc1,NNC(=O)c1ccncc1,1,c1ccncc1,0.31,1,0.9965334708261028
CC(C)(C)NC[C@@H](O)c1ccc(O)c(CO)n1,1,c1ccncc1,CC(C)(C)NC[C@@H](O)c1cc(O)cc(O)c1,1,c1ccccc1,0.4369747899159664,1,0.983560488780325
CC(C)(C)NC[C@@H](O)c1ccc(O)c(CO)n1,1,c1ccncc1,CC(C)(C)NC[C@@H](O)c1ccc(O)c(C(=O)O)c1,1,c1ccccc1,0.4290697674418605,1,0.9789383519147844
CC(C)(C)NC[C@@H](O)c1ccc(O)c(CO)n1,1,c1ccncc1,CC(C)(C)NC[C@H](O)COc1ccccc1C1CCCC1,1,c1ccc(C2CCCC2)cc1,0.2706896551724138,1,0.9895044448639585
CC(C)(C)NC[C@@H](O)c1ccc(O)c(CO)n1,1,c1ccncc1,CC(C)NC[C@@H](O)c1cc(O)cc(O)c1,1,c1ccccc1,0.2536036036036036,1,0.983560488780325
NNC(=O)c1ccncc1,1,c1ccncc1,O=C(O)c1cccnc1,1,c1ccncc1,0.31,1,0.9956372178970136
NNC(=O)c1ccncc1,1,c1ccncc1,CNNCc1ccc(C(=O)NC(C)C)cc1,1,c1ccccc1,0.3049773755656109,1,0.8631695627627638
NNC(=O)c1ccncc1,1,c1ccncc1,O=C(NCCO[N+](=O)[O-])c1cccnc1,1,c1ccncc1,0.29953216374269004,1,0.9992865417861665
NNC(=O)c1ccncc1,1,c1ccncc1,NC(=O)c1cnccn1,1,c1cnccn1,0.2922558922558922,1,0.962733042258768
O=C(NCCO[N+](=O)[O-])c1cccnc1,1,c1ccncc1,O=C(O)c1cccnc1,1,c1ccncc1,0.38170731707317074,1,0.9984280487797145
O=C(NCCO[N+](=O)[O-])c1cccnc1,1,c1ccncc1,NNC(=O)c1ccncc1,1,c1ccncc1,0.29953216374269004,1,0.9997193801848054
O=C(NCCO[N+](=O)[O-])c1cccnc1,1,c1ccncc1,CC(C)(Oc1ccc(CCNC(=O)c2ccccc2)cc1)C(=O)O,1,O=C(NCCc1ccccc1)c1ccccc1,0.28754398311048557,1,0.9807159511668816
O=C(NCCO[N+](=O)[O-])c1cccnc1,1,c1ccncc1,CN1C(=O)CC[C@@H]1c1cccnc1,1,O=C1CCC(c2cccnc2)N1,0.2523809523809524,1,0.9998171140652409
CCCc1cc(C(N)=S)ccn1,1,c1ccncc1,CCc1cc(C(N)=S)ccn1,1,c1ccncc1,0.7873548387096775,1,0.9995919122878304
CCCc1cc(C(N)=S)ccn1,1,c1ccncc1,CNCCc1ccccn1,1,c1ccncc1,0.2793400286944046,1,0.999237412787922
CCCc1cc(C(N)=S)ccn1,1,c1ccncc1,NNC(=O)c1ccncc1,1,c1ccncc1,0.2717948717948718,1,0.9991270118476973
CCCc1cc(C(N)=S)ccn1,1,c1ccncc1,CCN(CC)CCCCN(C)c1ccnc2cc(Cl)ccc12,1,c1ccc2ncccc2c1,0.2318082788671024,1,0.9988223406821279
CNCCc1ccccn1,1,c1ccncc1,CN(C)CC[C@H](c1ccccc1)c1ccccn1,1,c1ccc(Cc2ccccn2)cc1,0.29714285714285715,1,0.9973018642519378
CNCCc1ccccn1,1,c1ccncc1,CNCCC=C1c2ccccc2CCc2ccccc21,1,C=C1c2ccccc2CCc2ccccc21,0.29475240206947523,1,0.9090728934519909
CNCCc1ccccn1,1,c1ccncc1,CNCCCC1c2ccccc2C=Cc2ccccc21,1,C1=Cc2ccccc2Cc2ccccc21,0.29454545454545455,1,0.9090728934519909
CNCCc1ccccn1,1,c1ccncc1,CNCCCCOc1ccccc1Cc1ccccc1,1,c1ccc(Cc2ccccc2)cc1,0.2937728937728938,1,0.9683191415655669
O=P(O)(O)C(O)(Cc1cccnc1)P(=O)(O)O,0,c1ccncc1,O=C(O)c1cccnc1,1,c1ccncc1,0.3416871416871417,0,0.010354259092669401
O=P(O)(O)C(O)(Cc1cccnc1)P(=O)(O)O,0,c1ccncc1,O=C(NCCO[N+](=O)[O-])c1cccnc1,1,c1ccncc1,0.31029411764705883,0,0.014757677439634425
O=P(O)(O)C(O)(Cc1cccnc1)P(=O)(O)O,0,c1ccncc1,Cc1nc(NCc2cccnc2)c(C#N)c(=O)[nH]1,1,O=c1cc(NCc2cccnc2)nc[nH]1,0.2963636363636364,0,0.018779484284197078
O=P(O)(O)C(O)(Cc1cccnc1)P(=O)(O)O,0,c1ccncc1,NNC(=O)c1ccncc1,1,c1ccncc1,0.2838709677419355,0,0.01350418485045226
CCc1cc(C(N)=S)ccn1,1,c1ccncc1,CCCc1cc(C(N)=S)ccn1,1,c1ccncc1,0.7873548387096775,1,0.9995919122878304
CCc1cc(C(N)=S)ccn1,1,c1ccncc1,NNC(=O)c1ccncc1,1,c1ccncc1,0.28149405772495756,1,0.9991270118476973
CCc1cc(C(N)=S)ccn1,1,c1ccncc1,CNCCc1ccccn1,1,c1ccncc1,0.26387195121951224,1,0.999237412787922
CCc1cc(C(N)=S)ccn1,1,c1ccncc1,NC(=O)c1cnccn1,1,c1cnccn1,0.22000000000000003,1,0.9900019974805506
N=C(N)NC[C@@H]1COc2ccccc2O1,1,c1ccc2c(c1)OCCO2,N=C(N)NC[C@@H]1COC2(CCCCC2)O1,1,C1CCC2(CC1)OCCO2,0.3828535669586984,1,0.997577692458417
N=C(N)NC[C@@H]1COc2ccccc2O1,1,c1ccc2c(c1)OCCO2,COc1cc2nc(N3CCN(C(=O)[C@@H]4COc5ccccc5O4)CC3)nc(N)c2cc1OC,1,O=C(C1COc2ccccc2O1)N1CCN(c2ncc3ccccc3n2)CC1,0.25384615384615383,1,0.9998724462790495
N=C(N)NC[C@@H]1COc2ccccc2O1,1,c1ccc2c(c1)OCCO2,N=C(N)N/N=C/c1c(Cl)cccc1Cl,1,c1ccccc1,0.2359183673469388,1,0.995453089571377
N=C(N)NC[C@@H]1COc2ccccc2O1,1,c1ccc2c(c1)OCCO2,N=C1Cc2ccccc2N(C(N)=O)c2ccccc21,1,N=C1Cc2ccccc2Nc2ccccc21,0.22215771649733915,1,0.9999446263660264
CN(C)CCCOc1nn(Cc2ccccc2)c2ccccc12,1,c1ccc(Cn2ncc3ccccc32)cc1,CN(C)CC[C@H](c1ccccc1)c1ccccn1,1,c1ccc(Cc2ccccn2)cc1,0.28743961352657005,1,0.9999933547895742
CN(C)CCCOc1nn(Cc2ccccc2)c2ccccc12,1,c1ccc(Cn2ncc3ccccc32)cc1,CN(C)CCOc1ccc(C(=C(CCCl)c2ccccc2)c2ccccc2)cc1,1,C(=C(c1ccccc1)c1ccccc1)c1ccccc1,0.2843589743589744,1,0.999297253812543
CN(C)CCCOc1nn(Cc2ccccc2)c2ccccc12,1,c1ccc(Cn2ncc3ccccc32)cc1,CCC(=C(c1ccccc1)c1ccc(OCCN(C)C)cc1)c1ccccc1,1,C(=C(c1ccccc1)c1ccccc1)c1ccccc1,0.28191414496833217,1,0.9997679854926266
CN(C)CCCOc1nn(Cc2ccccc2)c2ccccc12,1,c1ccc(Cn2ncc3ccccc32)cc1,Cc1ccccc1[C@@H](OCCN(C)C)c1ccccc1,1,c1ccc(Cc2ccccc2)cc1,0.27206349206349206,1,0.9999666641018445
Cc1nnc(NS(=O)(=O)c2ccc(N)cc2)s1,1,O=S(=O)(Nc1nncs1)c1ccccc1,Cc1cc(C)nc(NS(=O)(=O)c2ccc(N)cc2)n1,1,O=S(=O)(Nc1ncccn1)c1ccccc1,0.5274031563845051,1,0.9974661414729735
Cc1nnc(NS(=O)(=O)c2ccc(N)cc2)s1,1,O=S(=O)(Nc1nncs1)c1ccccc1,Cc1nsc(NS(=O)(=O)c2ccc(N)cc2)c1C,1,O=S(=O)(Nc1ccns1)c1ccccc1,0.5204134366925065,1,0.9976410394919634
Cc1nnc(NS(=O)(=O)c2ccc(N)cc2)s1,1,O=S(=O)(Nc1nncs1)c1ccccc1,Cc1cc(NS(=O)(=O)c2ccc(N)cc2)nc(C)n1,1,O=S(=O)(Nc1ccncn1)c1ccccc1,0.5171122994652406,1,0.9974661414729735
Cc1nnc(NS(=O)(=O)c2ccc(N)cc2)s1,1,O=S(=O)(Nc1nncs1)c1ccccc1,Cc1cc(NS(=O)(=O)c2ccc(N)cc2)no1,1,O=S(=O)(Nc1ccon1)c1ccccc1,0.5142270861833105,1,0.9970694852901272
O[C@](CCN1CCCCC1)(c1ccccc1)C1CCCCC1,1,c1ccc(C(CCN2CCCCC2)C2CCCCC2)cc1,O[C@](CCN1CCCCC1)(c1ccccc1)[C@@H]1C[C@H]2C=C[C@H]1C2,1,C1=CC2CC1CC2C(CCN1CCCCC1)c1ccccc1,0.6317841079460271,1,0.8778833099693714
O[C@](CCN1CCCCC1)(c1ccccc1)C1CCCCC1,1,c1ccc(C(CCN2CCCCC2)C2CCCCC2)cc1,C[C@H](CN1CCOCC1)C(C(=O)N1CCCC1)(c1ccccc1)c1ccccc1,1,O=C(N1CCCC1)C(CCN1CCOCC1)(c1ccccc1)c1ccccc1,0.3134301270417423,1,0.9662649820936685
O[C@](CCN1CCCCC1)(c1ccccc1)C1CCCCC1,1,c1ccc(C(CCN2CCCCC2)C2CCCCC2)cc1,CCCOC(C(=O)OC1CCN(C)CC1)(c1ccccc1)c1ccccc1,1,O=C(OC1CCNCC1)C(c1ccccc1)c1ccccc1,0.29097744360902256,1,0.873286029002623
O[C@](CCN1CCCCC1)(c1ccccc1)C1CCCCC1,1,c1ccc(C(CCN2CCCCC2)C2CCCCC2)cc1,CC(C)COC[C@@H](CN1CCCC1)N(Cc1ccccc1)c1ccccc1,1,c1ccc(CN(CCN2CCCC2)c2ccccc2)cc1,0.27,1,0.9962927617426518
N=C(N)c1ccc(OCCCCCOc2ccc(C(=N)N)cc2)cc1,0,c1ccc(OCCCCCOc2ccccc2)cc1,CCC(=C(c1ccccc1)c1ccc(OCCN(C)C)cc1)c1ccccc1,1,C(=C(c1ccccc1)c1ccccc1)c1ccccc1,0.3173099415204679,0,0.14658633244727187
N=C(N)c1ccc(OCCCCCOc2ccc(C(=N)N)cc2)cc1,0,c1ccc(OCCCCCOc2ccccc2)cc1,CN(C)CCOc1ccc(C(=C(CCCl)c2ccccc2)c2ccccc2)cc1,1,C(=C(c1ccccc1)c1ccccc1)c1ccccc1,0.2967479674796748,0,0.053641590005875546
N=C(N)c1ccc(OCCCCCOc2ccc(C(=N)N)cc2)cc1,0,c1ccc(OCCCCCOc2ccccc2)cc1,OC[C@H](O)COc1ccc(Cl)cc1,1,c1ccccc1,0.2717948717948718,0,0.017903233410216383
N=C(N)c1ccc(OCCCCCOc2ccc(C(=N)N)cc2)cc1,0,c1ccc(OCCCCCOc2ccccc2)cc1,CC(C)NC[C@H](O)COc1ccc(CC(N)=O)cc1,1,c1ccccc1,0.25933300149328026,0,0.05806827355168488
CC(C)(C#N)c1cc(Cn2cncn2)cc(C(C)(C)C#N)c1,1,c1ccc(Cn2cncn2)cc1,CN(C)CCc1c[nH]c2ccc(Cn3cncn3)cc12,1,c1ncn(Cc2ccc3[nH]ccc3c2)n1,0.367077267637178,1,0.9998029572817233
CC(C)(C#N)c1cc(Cn2cncn2)cc(C(C)(C)C#N)c1,1,c1ccc(Cn2cncn2)cc1,OC(Cn1cncn1)(Cn1cncn1)c1ccc(F)cc1F,1,c1ccc(C(Cn2cncn2)Cn2cncn2)cc1,0.3098021168890934,1,0.9999060284913409
CC(C)(C#N)c1cc(Cn2cncn2)cc(C(C)(C)C#N)c1,1,c1ccc(Cn2cncn2)cc1,N#Cc1ccc(C(c2ccc(C#N)cc2)n2cncn2)cc1,1,c1ccc(C(c2ccccc2)n2cncn2)cc1,0.2989090909090909,1,0.9987773817451381
CC(C)(C#N)c1cc(Cn2cncn2)cc(C(C)(C)C#N)c1,1,c1ccc(Cn2cncn2)cc1,CCN(CC)c1cc(C)nc2ncnn12,1,c1cnc2ncnn2c1,0.19196617336152222,1,0.9999024529129945
CCN[C@@H]1C[C@H](N)[C@H](O[C@@H]2C[C@@H](N)C=C(CN)O2)[C@H](O)[C@@H]1O[C@@H]1OC[C@@](C)(O)[C@@H](NC)[C@@H]1O,0,C1=COC(OC2CCCC(OC3CCCCO3)C2)CC1,CC[C@@H]1OC(=O)[C@H](C)[C@@H](O[C@H]2C[C@@](C)(OC)[C@H](O)[C@H](C)O2)[C@H](C)[C@@H](O[C@@H]2O[C@@H](C)C[C@@H](N(C)C)[C@@H]2O)[C@](C)(O)C[C@@H](C)C(=O)[C@@H](C)[C@H](O)[C@]1(C)O,1,O=C1CCCCOC(=O)CC(OC2CCCCO2)CC(OC2CCCCO2)CCC1,0.19251716247139591,0,0.002018305006533773
CCN[C@@H]1C[C@H](N)[C@H](O[C@@H]2C[C@@H](N)C=C(CN)O2)[C@H](O)[C@@H]1O[C@@H]1OC[C@@](C)(O)[C@@H](NC)[C@@H]1O,0,C1=COC(OC2CCCC(OC3CCCCO3)C2)CC1,CCOC(=O)C1=C[C@H](OC(CC)CC)[C@H](NC(C)=O)[C@@H](N)C1,1,C1=CCCCC1,0.17204301075268819,0,0.02052196967732588
CCN[C@@H]1C[C@H](N)[C@H](O[C@@H]2C[C@@H](N)C=C(CN)O2)[C@H](O)[C@@H]1O[C@@H]1OC[C@@](C)(O)[C@@H](NC)[C@@H]1O,0,C1=COC(OC2CCCC(OC3CCCCO3)C2)CC1,C=C[C@@]12CC[C@@H](O[C@H]3C[C@@H](OC)[C@@H](O)[C@H](C)O3)C[C@]1(O)CC[C@@H]1[C@@H]2CC[C@]2(C)[C@H](C3=CC(=O)OC3)CC[C@@]12O,1,O=C1C=C(C2CCC3C2CCC2C4CCC(OC5CCCCO5)CC4CCC23)CO1,0.15969868173258006,0,0.15278740744200517
CCN[C@@H]1C[C@H](N)[C@H](O[C@@H]2C[C@@H](N)C=C(CN)O2)[C@H](O)[C@@H]1O[C@@H]1OC[C@@](C)(O)[C@@H](NC)[C@@H]1O,0,C1=COC(OC2CCCC(OC3CCCCO3)C2)CC1,CCN1CC[C@]23[C@@H]4C=C[C@H](O)[C@@H]2OC2=C(O)C=C[C@H](C[C@@H]41)[C@@H]23,1,C1=CC2CC3NCCC45C(CC=CC34)OC(=C1)C25,0.14005231574088323,0,0.0015661081158992597
CCOc1cc(CC(=O)N[C@H](CC(C)C)c2ccccc2N2CCCCC2)ccc1C(=O)O,1,O=C(Cc1ccccc1)NCc1ccccc1N1CCCCC1,NS(=O)(=O)c1cc(C(=O)O)cc(N2CCCC2)c1Oc1ccccc1,1,c1ccc(Oc2ccccc2N2CCCC2)cc1,0.30225563909774433,1,0.9977808695011676
CCOc1cc(CC(=O)N[C@H](CC(C)C)c2ccccc2N2CCCCC2)ccc1C(=O)O,1,O=C(Cc1ccccc1)NCc1ccccc1N1CCCCC1,CC(=O)Oc1ccccc1C(=O)O,1,c1ccccc1,0.2760897435897436,1,0.9806623846956426
CCOc1cc(CC(=O)N[C@H](CC(C)C)c2ccccc2N2CCCCC2)ccc1C(=O)O,1,O=C(Cc1ccccc1)NCc1ccccc1N1CCCCC1,O=C(Oc1ccccc1C(=O)O)c1ccccc1O,1,O=C(Oc1ccccc1)c1ccccc1,0.2637069922308546,1,0.9929715231695853
CCOc1cc(CC(=O)N[C@H](CC(C)C)c2ccccc2N2CCCCC2)ccc1C(=O)O,1,O=C(Cc1ccccc1)NCc1ccccc1N1CCCCC1,CC(C)NC[C@H](O)COc1ccc(CC(N)=O)cc1,1,c1ccccc1,0.25933333333333336,1,0.6323349865566643
CCCNC[C@H](O)COc1ccccc1C(=O)CCc1ccccc1,1,O=C(CCc1ccccc1)c1ccccc1,CCCC(=O)Nc1ccc(OC[C@@H](O)CNC(C)C)c(C(C)=O)c1,1,c1ccccc1,0.3964666463600366,1,0.9998181847006478
CCCNC[C@H](O)COc1ccccc1C(=O)CCc1ccccc1,1,O=C(CCc1ccccc1)c1ccccc1,C=CCc1ccccc1OC[C@@H](O)CNC(C)C,1,c1ccccc1,0.3852534562211981,1,0.9984251006060513
CCCNC[C@H](O)COc1ccccc1C(=O)CCc1ccccc1,1,O=C(CCc1ccccc1)c1ccccc1,CC(C)(C)NC[C@H](O)COc1cccc2c1CCCC2=O,1,O=C1CCCc2ccccc21,0.3836441893830703,1,0.9998893088474318
CCCNC[C@H](O)COc1ccccc1C(=O)CCc1ccccc1,1,O=C(CCc1ccccc1)c1ccccc1,CC(C)(C)NC[C@H](O)COc1ccccc1C1CCCC1,1,c1ccc(C2CCCC2)cc1,0.3767857142857143,1,0.9989938028289703
CCc1cccc2c1N[C@@H]1[C@H]2CCOC1(CC(=O)O)CC(=O)O,1,c1ccc2c(c1)NC1COCCC21,CC(C)[C@H]1CC[C@@H](C(=O)N[C@H](Cc2ccccc2)C(=O)O)CC1,1,O=C(NCCc1ccccc1)C1CCCCC1,0.2084169453734671,0,0.3479435720301817
CCc1cccc2c1N[C@@H]1[C@H]2CCOC1(CC(=O)O)CC(=O)O,1,c1ccc2c(c1)NC1COCCC21,CCCOC(C(=O)OC1CCN(C)CC1)(c1ccccc1)c1ccccc1,1,O=C(OC1CCNCC1)C(c1ccccc1)c1ccccc1,0.2081481481481482,1,0.9741922753533929
CCc1cccc2c1N[C@@H]1[C@H]2CCOC1(CC(=O)O)CC(=O)O,1,c1ccc2c(c1)NC1COCCC21,CCOC(=O)[C@H](CCc1ccccc1)N[C@@H]1CCCN2CCC[C@@H](C(=O)O)N2C1=O,1,O=C1C(NCCCc2ccccc2)CCCN2CCCCN12,0.20763178599527932,1,0.6061689716602917
CCc1cccc2c1N[C@@H]1[C@H]2CCOC1(CC(=O)O)CC(=O)O,1,c1ccc2c(c1)NC1COCCC21,CCOC(=O)C1(c2ccccc2)CCN(C)CC1,1,c1ccc(C2CCNCC2)cc1,0.2070588235294118,1,0.9666042006923585
COC(=O)Nc1nc2ccc(C(=O)c3ccccc3)cc2[nH]1,1,O=C(c1ccccc1)c1ccc2nc[nH]c2c1,C[C@H](C(=O)O)c1cccc(C(=O)c2ccccc2)c1,1,O=C(c1ccccc1)c1ccccc1,0.32248062015503876,1,0.9998820543170106
COC(=O)Nc1nc2ccc(C(=O)c3ccccc3)cc2[nH]1,1,O=C(c1ccccc1)c1ccc2nc[nH]c2c1,CC(=O)Nc1ccccc1,1,c1ccccc1,0.24425531914893617,1,0.9981625226566035
COC(=O)Nc1nc2ccc(C(=O)c3ccccc3)cc2[nH]1,1,O=C(c1ccccc1)c1ccc2nc[nH]c2c1,Cc1cnc(CS(=O)c2nc3ccccc3[nH]2)cc1OCC(F)(F)F,1,O=S(Cc1ccccn1)c1nc2ccccc2[nH]1,0.23963470319634705,1,0.999997330979208
COC(=O)Nc1nc2ccc(C(=O)c3ccccc3)cc2[nH]1,1,O=C(c1ccccc1)c1ccc2nc[nH]c2c1,COCCCOc1ccnc(CS(=O)c2nc3ccccc3[nH]2)c1C,1,O=S(Cc1ccccn1)c1nc2ccccc2[nH]1,0.23635941490596704,1,0.9999916705276178
COc1ccc2c3c1O[C@H]1[C@@H](O)CC[C@@H]4[C@H](C2)N(C)CC[C@]341,1,c1cc2c3c(c1)OC1CCCC4C(C2)NCCC314,COc1ccc2c3c1O[C@@H]1C(=O)CC[C@]4(O)[C@H](C2)N(C)CC[C@@]314,1,O=C1CCC2C3Cc4cccc5c4C2(CCN3)C1O5,0.46938775510204084,1,0.999848145473976
COc1ccc2c3c1O[C@H]1[C@@H](O)CC[C@@H]4[C@H](C2)N(C)CC[C@]341,1,c1cc2c3c(c1)OC1CCCC4C(C2)NCCC314,COc1ccc2c3c1O[C@@H]1C[C@@H](O)C=C[C@]31CCN(C)C2,1,C1=CC23CCNCc4cccc(c42)OC3CC1,0.4144537815126051,1,0.9997018160661072
COc1ccc2c3c1O[C@H]1[C@@H](O)CC[C@@H]4[C@H](C2)N(C)CC[C@]341,1,c1cc2c3c(c1)OC1CCCC4C(C2)NCCC314,Oc1ccc2c3c1O[C@@H]1[C@@H](O)CC[C@]4(O)[C@@H](C2)N(CC2CCC2)CC[C@@]314,1,c1cc2c3c(c1)OC1CCCC4C(C2)N(CC2CCC2)CCC314,0.3708513708513709,1,0.9999190027371875
COc1ccc2c3c1O[C@H]1[C@@H](O)CC[C@@H]4[C@H](C2)N(C)CC[C@]341,1,c1cc2c3c(c1)OC1CCCC4C(C2)NCCC314,C=CCN1CC[C@@]23c4c5ccc(O)c4O[C@H]2C(=O)CC[C@@]3(O)[C@@H]1C5,1,O=C1CCC2C3Cc4cccc5c4C2(CCN3)C1O5,0.2775168470492138,1,0.9986594359900572
CC1(C)S[C@H]2[C@@H](NC(=O)[C@@H](NC(=O)N3CCN(S(C)(=O)=O)C3=O)c3ccccc3)C(=O)N2[C@@H]1C(=O)O,0,O=C(NC1C(=O)N2CCSC12)C(NC(=O)N1CCNC1=O)c1ccccc1,Cc1onc(-c2c(F)cccc2Cl)c1C(=O)N[C@@H]1C(=O)N2[C@H]1SC(C)(C)[C@H]2C(=O)O,1,O=C(NC1C(=O)N2CCSC12)c1conc1-c1ccccc1,0.3920634920634921,0,0.028322222056016404
CC1(C)S[C@H]2[C@@H](NC(=O)[C@@H](NC(=O)N3CCN(S(C)(=O)=O)C3=O)c3ccccc3)C(=O)N2[C@@H]1C(=O)O,0,O=C(NC1C(=O)N2CCSC12)C(NC(=O)N1CCNC1=O)c1ccccc1,CCOC(=O)[C@H](CCc1ccccc1)N[C@@H]1CCCN2CCC[C@@H](C(=O)O)N2C1=O,1,O=C1C(NCCCc2ccccc2)CCCN2CCCCN12,0.22268656716417914,0,0.01407226895622266
CC1(C)S[C@H]2[C@@H](NC(=O)[C@@H](NC(=O)N3CCN(S(C)(=O)=O)C3=O)c3ccccc3)C(=O)N2[C@@H]1C(=O)O,0,O=C(NC1C(=O)N2CCSC12)C(NC(=O)N1CCNC1=O)c1ccccc1,CC(C)[C@H]1CC[C@@H](C(=O)N[C@H](Cc2ccccc2)C(=O)O)CC1,1,O=C(NCCc1ccccc1)C1CCCCC1,0.21693121693121695,0,0.02077259149118391
CC1(C)S[C@H]2[C@@H](NC(=O)[C@@H](NC(=O)N3CCN(S(C)(=O)=O)C3=O)c3ccccc3)C(=O)N2[C@@H]1C(=O)O,0,O=C(NC1C(=O)N2CCSC12)C(NC(=O)N1CCNC1=O)c1ccccc1,C[C@H](C(=O)O)c1ccc(N2Cc3ccccc3C2=O)cc1,1,O=C1c2ccccc2CN1c1ccccc1,0.20522036799315363,0,0.017211746173340765
CC1(C)S[C@H]2[C@@H](NC(=O)[C@@H](NC(=O)N3CCNC3=O)c3ccccc3)C(=O)N2[C@@H]1C(=O)O,0,O=C(NC1C(=O)N2CCSC12)C(NC(=O)N1CCNC1=O)c1ccccc1,Cc1onc(-c2c(F)cccc2Cl)c1C(=O)N[C@@H]1C(=O)N2[C@H]1SC(C)(C)[C@H]2C(=O)O,1,O=C(NC1C(=O)N2CCSC12)c1conc1-c1ccccc1,0.40634920634920635,0,0.02210571892760064
CC1(C)S[C@H]2[C@@H](NC(=O)[C@@H](NC(=O)N3CCNC3=O)c3ccccc3)C(=O)N2[C@@H]1C(=O)O,0,O=C(NC1C(=O)N2CCSC12)C(NC(=O)N1CCNC1=O)c1ccccc1,COC(=O)[C@H](c1ccccc1)[C@@H]1CCCCN1,1,c1ccc(CC2CCCCN2)cc1,0.23819229065130706,0,0.0006409753943623416
CC1(C)S[C@H]2[C@@H](NC(=O)[C@@H](NC(=O)N3CCNC3=O)c3ccccc3)C(=O)N2[C@@H]1C(=O)O,0,O=C(NC1C(=O)N2CCSC12)C(NC(=O)N1CCNC1=O)c1ccccc1,CCOC(=O)[C@H](CCc1ccccc1)N[C@@H]1CCCN2CCC[C@@H](C(=O)O)N2C1=O,1,O=C1C(NCCCc2ccccc2)CCCN2CCCCN12,0.22971953419714616,0,0.010948275912979272
CC1(C)S[C@H]2[C@@H](NC(=O)[C@@H](NC(=O)N3CCNC3=O)c3ccccc3)C(=O)N2[C@@H]1C(=O)O,0,O=C(NC1C(=O)N2CCSC12)C(NC(=O)N1CCNC1=O)c1ccccc1,CC(C)[C@H]1CC[C@@H](C(=O)N[C@H](Cc2ccccc2)C(=O)O)CC1,1,O=C(NCCc1ccccc1)C1CCCCC1,0.21909090909090911,0,0.016185569781736735
NNc1nncc2ccccc12,1,c1ccc2cnncc2c1,Nc1c2c(nc3ccccc13)CCCC2,1,c1ccc2nc3c(cc2c1)CCCC3,0.21681574239713775,1,0.9952720634606552
NNc1nncc2ccccc12,1,c1ccc2cnncc2c1,CC(C)N[C@@H](C)[C@@H](O)c1cccc2ccccc12,1,c1ccc2ccccc2c1,0.2161038961038961,1,0.992413242042722
NNc1nncc2ccccc12,1,c1ccc2cnncc2c1,NS(=O)(=O)Cc1noc2ccccc12,1,c1ccc2oncc2c1,0.21069518716577543,1,0.9986565702777507
NNc1nncc2ccccc12,1,c1ccc2cnncc2c1,NNC(=O)c1ccncc1,1,c1ccncc1,0.17300150829562597,1,0.9983448859742126
CC(=O)N1CCN(c2ccc(OC[C@@H]3CO[C@@](Cn4ccnc4)(c4ccc(Cl)cc4Cl)O3)cc2)CC1,1,c1ccc(C2(Cn3ccnc3)OCC(COc3ccc(N4CCNCC4)cc3)O2)cc1,Clc1ccc(CO[C@H](Cn2ccnc2)c2ccc(Cl)cc2Cl)c(Cl)c1,1,c1ccc(COC(Cn2ccnc2)c2ccccc2)cc1,0.31139140717382735,1,0.999990109164898
CC(=O)N1CCN(c2ccc(OC[C@@H]3CO[C@@](Cn4ccnc4)(c4ccc(Cl)cc4Cl)O3)cc2)CC1,1,c1ccc(C2(Cn3ccnc3)OCC(COc3ccc(N4CCNCC4)cc3)O2)cc1,CCc1nn(CCCN2CCN(c3cccc(Cl)c3)CC2)c(=O)n1CCOc1ccccc1,1,O=c1n(CCOc2ccccc2)cnn1CCCN1CCN(c2ccccc2)CC1,0.2540990099009901,1,0.9997596749738569
CC(=O)N1CCN(c2ccc(OC[C@@H]3CO[C@@](Cn4ccnc4)(c4ccc(Cl)cc4Cl)O3)cc2)CC1,1,c1ccc(C2(Cn3ccnc3)OCC(COc3ccc(N4CCNCC4)cc3)O2)cc1,CCOC(=O)C(C)(C)Oc1ccc(Cl)cc1,1,c1ccccc1,0.22213852270349446,1,0.9989147464458036
CC(=O)N1CCN(c2ccc(OC[C@@H]3CO[C@@](Cn4ccnc4)(c4ccc(Cl)cc4Cl)O3)cc2)CC1,1,c1ccc(C2(Cn3ccnc3)OCC(COc3ccc(N4CCNCC4)cc3)O2)cc1,CN1CCN(C(=O)O[C@@H]2c3nccnc3C(=O)N2c2ccc(Cl)cn2)CC1,1,O=C(OC1c2nccnc2C(=O)N1c1ccccn1)N1CCNCC1,0.21942857142857142,1,0.9999997150115701
Cc1cc(CC(=O)O)n(C)c1C(=O)c1ccc(Cl)cc1,1,O=C(c1ccccc1)c1ccc[nH]1,Cc1ccc(C(=O)c2ccc(CC(=O)O)n2C)cc1,1,O=C(c1ccccc1)c1ccc[nH]1,0.5214975845410628,1,0.9999755644380732
Cc1cc(CC(=O)O)n(C)c1C(=O)c1ccc(Cl)cc1,1,O=C(c1ccccc1)c1ccc[nH]1,O=C(O)Cc1ccccc1Oc1ccc(Cl)cc1Cl,1,c1ccc(Oc2ccccc2)cc1,0.3254091300602929,1,0.9998124838603106
Cc1cc(CC(=O)O)n(C)c1C(=O)c1ccc(Cl)cc1,1,O=C(c1ccccc1)c1ccc[nH]1,O=C(O)Cc1ccccc1Nc1ccc(Cl)cc1Cl,1,c1ccc(Nc2ccccc2)cc1,0.31703703703703706,1,0.9999480402138344
Cc1cc(CC(=O)O)n(C)c1C(=O)c1ccc(Cl)cc1,1,O=C(c1ccccc1)c1ccc[nH]1,N[C@H](CCC(=O)O)c1ccc(Cl)cc1,1,c1ccccc1,0.3029900332225913,1,0.9988567359666639
Cc1ccc(C(=O)c2ccc(CC(=O)O)n2C)cc1,1,O=C(c1ccccc1)c1ccc[nH]1,Cc1cc(CC(=O)O)n(C)c1C(=O)c1ccc(Cl)cc1,1,O=C(c1ccccc1)c1ccc[nH]1,0.5214975845410628,1,0.9999582264007051
Cc1ccc(C(=O)c2ccc(CC(=O)O)n2C)cc1,1,O=C(c1ccccc1)c1ccc[nH]1,O=C(c1ccccc1)c1ccc2n1CC[C@@H]2C(=O)O,1,O=C(c1ccccc1)c1ccc2n1CCC2,0.3331213566507685,1,0.9999336161475774
Cc1ccc(C(=O)c2ccc(CC(=O)O)n2C)cc1,1,O=C(c1ccccc1)c1ccc[nH]1,C[C@H](C(=O)O)c1cccc(C(=O)c2ccccc2)c1,1,O=C(c1ccccc1)c1ccccc1,0.2653061224489796,1,0.9999264420895182
Cc1ccc(C(=O)c2ccc(CC(=O)O)n2C)cc1,1,O=C(c1ccccc1)c1ccc[nH]1,Cc1ccc(C(=CCN2CCCC2)c2cccc(/C=C/C(=O)O)n2)cc1,1,C(CN1CCCC1)=C(c1ccccc1)c1ccccn1,0.264,1,0.9998678297025457
CN1[C@@H]2CCC[C@H]1C[C@@H](NC(=O)c1nn(C)c3ccccc13)C2,1,O=C(NC1CC2CCCC(C1)N2)c1n[nH]c2ccccc12,CN1[C@@H]2CC[C@@H]1CC(OC(=O)c1cn(C)c3ccccc13)C2,1,O=C(OC1CC2CCC(C1)N2)c1c[nH]c2ccccc12,0.3835897435897436,1,0.999860607971086
CN1[C@@H]2CCC[C@H]1C[C@@H](NC(=O)c1nn(C)c3ccccc13)C2,1,O=C(NC1CC2CCCC(C1)N2)c1n[nH]c2ccccc12,CN1[C@@H]2CC[C@H]1C[C@H](OC(=O)[C@@H](CO)c1ccccc1)C2,1,O=C(Cc1ccccc1)OC1CC2CCC(C1)N2,0.29799147900182593,1,0.9974170133672113
CN1[C@@H]2CCC[C@H]1C[C@@H](NC(=O)c1nn(C)c3ccccc13)C2,1,O=C(NC1CC2CCCC(C1)N2)c1n[nH]c2ccccc12,Cn1c2c(c3ccccc31)C(=O)[C@@H](Cn1ccnc1)CC2,1,O=C1c2c([nH]c3ccccc23)CCC1Cn1ccnc1,0.2347905282331512,1,0.9473023277374438
CN1[C@@H]2CCC[C@H]1C[C@@H](NC(=O)c1nn(C)c3ccccc13)C2,1,O=C(NC1CC2CCCC(C1)N2)c1n[nH]c2ccccc12,Cc1cnc(C(=O)NCCc2ccc(S(=O)(=O)NC(=O)NC3CCCCC3)cc2)cn1,1,O=C(NC1CCCCC1)NS(=O)(=O)c1ccc(CCNC(=O)c2cnccn2)cc1,0.22215189873417723,1,0.9188883244047625
CC(C)(C)NC[C@H](O)COc1cccc2c1CCCC2=O,1,O=C1CCCc2ccccc21,CC(C)(C)NC[C@H](O)COc1cccc2c1CCC(=O)N2,1,O=C1CCc2ccccc2N1,0.618989898989899,1,0.9999708851641743
CC(C)(C)NC[C@H](O)COc1cccc2c1CCCC2=O,1,O=C1CCCc2ccccc21,CC(C)(C)NC[C@H](O)COc1ccccc1C1CCCC1,1,c1ccc(C2CCCC2)cc1,0.5568181818181819,1,0.9997712487388416
CC(C)(C)NC[C@H](O)COc1cccc2c1CCCC2=O,1,O=C1CCCc2ccccc21,C=CCc1ccccc1OC[C@@H](O)CNC(C)C,1,c1ccccc1,0.38703774304231797,1,0.9996418010656176
CC(C)(C)NC[C@H](O)COc1cccc2c1CCCC2=O,1,O=C1CCCc2ccccc21,CCCNC[C@H](O)COc1ccccc1C(=O)CCc1ccccc1,1,O=C(CCc1ccccc1)c1ccccc1,0.3836441893830703,1,0.9999848173877542
CNCCCC1c2ccccc2C=Cc2ccccc21,1,C1=Cc2ccccc2Cc2ccccc21,CNCCC[C@]12CC[C@H](c3ccccc31)c1ccccc12,1,c1ccc2c(c1)C1CCC2c2ccccc21,0.4462222222222222,1,0.9842353064146586
CNCCCC1c2ccccc2C=Cc2ccccc21,1,C1=Cc2ccccc2Cc2ccccc21,CNCCCCOc1ccccc1Cc1ccccc1,1,c1ccc(Cc2ccccc2)cc1,0.3312418300653595,1,0.9918616106431244
CNCCCC1c2ccccc2C=Cc2ccccc21,1,C1=Cc2ccccc2Cc2ccccc21,CNCCC=C1c2ccccc2CCc2ccccc21,1,C=C1c2ccccc2CCc2ccccc21,0.32303030303030306,1,0.9915598727670146
CNCCCC1c2ccccc2C=Cc2ccccc21,1,C1=Cc2ccccc2Cc2ccccc21,CN(C)CCC[C@@H]1c2ccccc2COc2ccccc21,1,c1ccc2c(c1)COc1ccccc1C2,0.3078947368421053,1,0.9821341713206231
CN(C)CCc1c[nH]c2ccc(CS(=O)(=O)N3CCCC3)cc12,1,O=S(=O)(Cc1ccc2[nH]ccc2c1)N1CCCC1,CNS(=O)(=O)Cc1ccc2[nH]cc(CCN(C)C)c2c1,1,c1ccc2[nH]ccc2c1,0.653309481216458,1,0.9995397522462798
CN(C)CCc1c[nH]c2ccc(CS(=O)(=O)N3CCCC3)cc12,1,O=S(=O)(Cc1ccc2[nH]ccc2c1)N1CCCC1,CN(C)CCc1c[nH]c2ccc(Cn3cncn3)cc12,1,c1ncn(Cc2ccc3[nH]ccc3c2)n1,0.5088204773434798,1,0.999812150414235
CN(C)CCc1c[nH]c2ccc(CS(=O)(=O)N3CCCC3)cc12,1,O=S(=O)(Cc1ccc2[nH]ccc2c1)N1CCCC1,CNS(=O)(=O)CCc1ccc2[nH]c(C3CCN(C)CC3)cc2c1,1,c1ccc2[nH]c(C3CCNCC3)cc2c1,0.27503805175038054,1,0.9996380880439026
CN(C)CCc1c[nH]c2ccc(CS(=O)(=O)N3CCCC3)cc12,1,O=S(=O)(Cc1ccc2[nH]ccc2c1)N1CCCC1,O=C(O[C@H]1C[C@@H]2C[C@H]3C[C@H](C1)N2CC3=O)c1c[nH]c2ccccc12,1,O=C(OC1CC2CC3CC(C1)N2CC3=O)c1c[nH]c2ccccc12,0.22711111111111112,1,0.9996035804845413
CN1CCN(C2=Nc3cc(Cl)ccc3Nc3ccccc32)CC1,1,c1ccc2c(c1)N=C(N1CCNCC1)c1ccccc1N2,Clc1ccc2c(c1)C(N1CCNCC1)=Nc1ccccc1O2,1,c1ccc2c(c1)N=C(N1CCNCC1)c1ccccc1O2,0.4225563909774436,1,0.9999876475173678
CN1CCN(C2=Nc3cc(Cl)ccc3Nc3ccccc32)CC1,1,c1ccc2c(c1)N=C(N1CCNCC1)c1ccccc1N2,OCCOCCN1CCN(C2=Nc3ccccc3Sc3ccccc32)CC1,1,c1ccc2c(c1)N=C(N1CCNCC1)c1ccccc1S2,0.33623931623931624,1,0.9999966971226099
CN1CCN(C2=Nc3cc(Cl)ccc3Nc3ccccc32)CC1,1,c1ccc2c(c1)N=C(N1CCNCC1)c1ccccc1N2,O=C1CN=C(c2ccccc2)c2cc(Cl)ccc2N1,1,O=C1CN=C(c2ccccc2)c2ccccc2N1,0.30651340996168586,1,0.9997312546951637
CN1CCN(C2=Nc3cc(Cl)ccc3Nc3ccccc32)CC1,1,c1ccc2c(c1)N=C(N1CCNCC1)c1ccccc1N2,O=C1Nc2ccc(Cl)cc2C(c2ccccc2Cl)=N[C@H]1O,1,O=C1CN=C(c2ccccc2)c2ccccc2N1,0.2912855910267472,1,0.9997189933836951
C=C[C@@H]1CN2CC[C@@H]1C[C@H]2[C@@H](O)c1ccnc2ccccc12,1,c1ccc2c(CC3CC4CCN3CC4)ccnc2c1,C=C[C@H]1CN2CC[C@@H]1C[C@@H]2[C@@H](O)c1ccnc2ccc(OC)cc12,1,c1ccc2c(CC3CC4CCN3CC4)ccnc2c1,0.7269383339343671,1,0.9997970602369223
C=C[C@@H]1CN2CC[C@@H]1C[C@H]2[C@@H](O)c1ccnc2ccccc12,1,c1ccc2c(CC3CC4CCN3CC4)ccnc2c1,C=C[C@@H]1CN2CC[C@@H]1C[C@@H]2[C@@H](O)c1ccnc2ccc(OC)cc12,1,c1ccc2c(CC3CC4CCN3CC4)ccnc2c1,0.7269383339343671,1,0.9997970602369223
C=C[C@@H]1CN2CC[C@@H]1C[C@H]2[C@@H](O)c1ccnc2ccccc12,1,c1ccc2c(CC3CC4CCN3CC4)ccnc2c1,CN1[C@@H]2CC[C@@H]1CC(OC(=O)c1cn(C)c3ccccc13)C2,1,O=C(OC1CC2CCC(C1)N2)c1c[nH]c2ccccc12,0.22183908045977013,1,0.9997142526963003
C=C[C@@H]1CN2CC[C@@H]1C[C@H]2[C@@H](O)c1ccnc2ccccc12,1,c1ccc2c(CC3CC4CCN3CC4)ccnc2c1,CN1[C@@H]2CCC[C@H]1C[C@@H](NC(=O)c1nn(C)c3ccccc13)C2,1,O=C(NC1CC2CCCC(C1)N2)c1n[nH]c2ccccc12,0.2012698412698413,1,0.9814522638792424
C=C[C@H]1CN2CC[C@@H]1C[C@@H]2[C@@H](O)c1ccnc2ccc(OC)cc12,1,c1ccc2c(CC3CC4CCN3CC4)ccnc2c1,C=C[C@@H]1CN2CC[C@@H]1C[C@@H]2[C@@H](O)c1ccnc2ccc(OC)cc12,1,c1ccc2c(CC3CC4CCN3CC4)ccnc2c1,1.0,1,0.99991512385443
C=C[C@H]1CN2CC[C@@H]1C[C@@H]2[C@@H](O)c1ccnc2ccc(OC)cc12,1,c1ccc2c(CC3CC4CCN3CC4)ccnc2c1,C=C[C@@H]1CN2CC[C@@H]1C[C@H]2[C@@H](O)c1ccnc2ccccc12,1,c1ccc2c(CC3CC4CCN3CC4)ccnc2c1,0.7269383339343671,1,0.9999760369848496
C=C[C@H]1CN2CC[C@@H]1C[C@@H]2[C@@H](O)c1ccnc2ccc(OC)cc12,1,c1ccc2c(CC3CC4CCN3CC4)ccnc2c1,COc1ccc2c(c1)c(CC(=O)O)cn2C(=O)c1ccccc1,1,O=C(c1ccccc1)n1ccc2ccccc21,0.21916817359855334,1,0.9999160286134512
C=C[C@H]1CN2CC[C@@H]1C[C@@H]2[C@@H](O)c1ccnc2ccc(OC)cc12,1,c1ccc2c(CC3CC4CCN3CC4)ccnc2c1,CSc1ccc2ncn(/C=C/C(=O)O)c(=O)c2c1,1,O=c1[nH]cnc2ccccc12,0.2172275641025641,1,0.9999953256726409
C=C[C@@H]1CN2CC[C@@H]1C[C@@H]2[C@@H](O)c1ccnc2ccc(OC)cc12,1,c1ccc2c(CC3CC4CCN3CC4)ccnc2c1,C=C[C@H]1CN2CC[C@@H]1C[C@@H]2[C@@H](O)c1ccnc2ccc(OC)cc12,1,c1ccc2c(CC3CC4CCN3CC4)ccnc2c1,1.0,1,0.99991512385443
C=C[C@@H]1CN2CC[C@@H]1C[C@@H]2[C@@H](O)c1ccnc2ccc(OC)cc12,1,c1ccc2c(CC3CC4CCN3CC4)ccnc2c1,C=C[C@@H]1CN2CC[C@@H]1C[C@H]2[C@@H](O)c1ccnc2ccccc12,1,c1ccc2c(CC3CC4CCN3CC4)ccnc2c1,0.7269383339343671,1,0.9999760369848496
C=C[C@@H]1CN2CC[C@@H]1C[C@@H]2[C@@H](O)c1ccnc2ccc(OC)cc12,1,c1ccc2c(CC3CC4CCN3CC4)ccnc2c1,COc1ccc2c(c1)c(CC(=O)O)cn2C(=O)c1ccccc1,1,O=C(c1ccccc1)n1ccc2ccccc21,0.21916817359855334,1,0.9999160286134512
C=C[C@@H]1CN2CC[C@@H]1C[C@@H]2[C@@H](O)c1ccnc2ccc(OC)cc12,1,c1ccc2c(CC3CC4CCN3CC4)ccnc2c1,CSc1ccc2ncn(/C=C/C(=O)O)c(=O)c2c1,1,O=c1[nH]cnc2ccccc12,0.2172275641025641,1,0.9999953256726409
O=C1c2ccccc2C(=O)C1c1ccccc1,1,O=C1c2ccccc2C(=O)C1c1ccccc1,O=C1NS(=O)(=O)c2ccccc21,1,O=C1NS(=O)(=O)c2ccccc21,0.29456521739130437,1,0.9951427577649917
O=C1c2ccccc2C(=O)C1c1ccccc1,1,O=C1c2ccccc2C(=O)C1c1ccccc1,O=C1NNC(=O)C1(c1ccccc1)c1ccccc1,1,O=C1NNC(=O)C1(c1ccccc1)c1ccccc1,0.28606060606060607,1,0.9995877876304198
O=C1c2ccccc2C(=O)C1c1ccccc1,1,O=C1c2ccccc2C(=O)C1c1ccccc1,NC(=O)OCC(COC(N)=O)c1ccccc1,1,c1ccccc1,0.2686868686868687,1,0.9931817195656433
O=C1c2ccccc2C(=O)C1c1ccccc1,1,O=C1c2ccccc2C(=O)C1c1ccccc1,O=C1C(CCS(=O)c2ccccc2)C(=O)N(c2ccccc2)N1c1ccccc1,1,O=C1C(CCS(=O)c2ccccc2)C(=O)N(c2ccccc2)N1c1ccccc1,0.2672764227642277,1,0.9998679766609792
CN1[C@@H]2CC[C@@H]1CC(OC(=O)c1cn(C)c3ccccc13)C2,1,O=C(OC1CC2CCC(C1)N2)c1c[nH]c2ccccc12,CN1[C@@H]2CC[C@H]1C[C@H](OC(=O)[C@@H](CO)c1ccccc1)C2,1,O=C(Cc1ccccc1)OC1CC2CCC(C1)N2,0.46624737945492667,1,0.9831025181313708
CN1[C@@H]2CC[C@@H]1CC(OC(=O)c1cn(C)c3ccccc13)C2,1,O=C(OC1CC2CCC(C1)N2)c1c[nH]c2ccccc12,O=C(O[C@H]1C[C@@H]2C[C@H]3C[C@H](C1)N2CC3=O)c1c[nH]c2ccccc12,1,O=C(OC1CC2CC3CC(C1)N2CC3=O)c1c[nH]c2ccccc12,0.39924528301886797,1,0.9900688537755894
CN1[C@@H]2CC[C@@H]1CC(OC(=O)c1cn(C)c3ccccc13)C2,1,O=C(OC1CC2CCC(C1)N2)c1c[nH]c2ccccc12,CN1[C@@H]2CCC[C@H]1C[C@@H](NC(=O)c1nn(C)c3ccccc13)C2,1,O=C(NC1CC2CCCC(C1)N2)c1n[nH]c2ccccc12,0.3835897435897436,1,0.982055770738628
CN1[C@@H]2CC[C@@H]1CC(OC(=O)c1cn(C)c3ccccc13)C2,1,O=C(OC1CC2CCC(C1)N2)c1c[nH]c2ccccc12,CCCOC(C(=O)OC1CCN(C)CC1)(c1ccccc1)c1ccccc1,1,O=C(OC1CCNCC1)C(c1ccccc1)c1ccccc1,0.27077497665732964,1,0.9885262095791412
CN(C)CCN(c1ccc(Cl)cc1)c1ccccn1,1,c1ccc(Nc2ccccn2)cc1,CN(C)CC[C@H](c1ccccc1)c1ccccn1,1,c1ccc(Cc2ccccn2)cc1,0.3658585858585859,1,0.9999926785839982
CN(C)CCN(c1ccc(Cl)cc1)c1ccccn1,1,c1ccc(Nc2ccccn2)cc1,CN(C)CCOC1=Cc2ccccc2Sc2ccc(Cl)cc21,1,C1=Cc2ccccc2Sc2ccccc21,0.3212051868802441,1,0.9998219483453221
CN(C)CCN(c1ccc(Cl)cc1)c1ccccn1,1,c1ccc(Nc2ccccn2)cc1,CCN(CC)CCCCN(C)c1ccnc2cc(Cl)ccc12,1,c1ccc2ncccc2c1,0.3033155080213904,1,0.9998106262670987
CN(C)CCN(c1ccc(Cl)cc1)c1ccccn1,1,c1ccc(Nc2ccccn2)cc1,CN(C)CCCOc1nn(Cc2ccccc2)c2ccccc12,1,c1ccc(Cn2ncc3ccccc32)cc1,0.26243386243386246,1,0.9997490781092768
CN1C[C@@H](C(=O)N[C@]2(C)O[C@@]3(O)[C@@H]4CCCN4C(=O)[C@@H](Cc4ccccc4)N3C2=O)C=C2c3cccc4[nH]cc(c34)C[C@@H]21,1,O=C(NC1OC2C3CCCN3C(=O)C(Cc3ccccc3)N2C1=O)C1C=C2c3cccc4[nH]cc(c34)CC2NC1,CN1C[C@@H](C(=O)N[C@]2(C)O[C@@]3(O)[C@@H]4CCCN4C(=O)[C@@H](Cc4ccccc4)N3C2=O)C[C@@H]2c3cccc4[nH]cc(c34)C[C@@H]21,1,O=C(NC1OC2C3CCCN3C(=O)C(Cc3ccccc3)N2C1=O)C1CNC2Cc3c[nH]c4cccc(c34)C2C1,0.7187384044526902,1,0.9999699804656299
CN1C[C@@H](C(=O)N[C@]2(C)O[C@@]3(O)[C@@H]4CCCN4C(=O)[C@@H](Cc4ccccc4)N3C2=O)C=C2c3cccc4[nH]cc(c34)C[C@@H]21,1,O=C(NC1OC2C3CCCN3C(=O)C(Cc3ccccc3)N2C1=O)C1C=C2c3cccc4[nH]cc(c34)CC2NC1,CN1CCC[C@@H](N2N[C@@H](Cc3ccc(Cl)cc3)c3ccccc3C2=O)CC1,1,O=C1c2ccccc2C(Cc2ccccc2)NN1C1CCCNCC1,0.22145903479236814,1,0.9995647730545295
CN1C[C@@H](C(=O)N[C@]2(C)O[C@@]3(O)[C@@H]4CCCN4C(=O)[C@@H](Cc4ccccc4)N3C2=O)C=C2c3cccc4[nH]cc(c34)C[C@@H]21,1,O=C(NC1OC2C3CCCN3C(=O)C(Cc3ccccc3)N2C1=O)C1C=C2c3cccc4[nH]cc(c34)CC2NC1,COc1ccc2c3c1O[C@@H]1C(=O)CC[C@]4(O)[C@H](C2)N(C)CC[C@@]314,1,O=C1CCC2C3Cc4cccc5c4C2(CCN3)C1O5,0.21062717770034844,1,0.9999398620537912
CN1C[C@@H](C(=O)N[C@]2(C)O[C@@]3(O)[C@@H]4CCCN4C(=O)[C@@H](Cc4ccccc4)N3C2=O)C=C2c3cccc4[nH]cc(c34)C[C@@H]21,1,O=C(NC1OC2C3CCCN3C(=O)C(Cc3ccccc3)N2C1=O)C1C=C2c3cccc4[nH]cc(c34)CC2NC1,CN(C)CCc1c[nH]c2ccc(CS(=O)(=O)N3CCCC3)cc12,1,O=S(=O)(Cc1ccc2[nH]ccc2c1)N1CCCC1,0.2068725868725869,1,0.9991726931449891
Cc1cc2nc3c(=O)[nH]c(=O)nc-3n(C[C@@H](O)[C@H](O)[C@H](O)CO)c2cc1C,1,O=c1nc2[nH]c3ccccc3nc-2c(=O)[nH]1,Cc1cn([C@H]2C=C[C@H](CO)O2)c(=O)nc1N,1,O=c1ncccn1C1C=CCO1,0.1905466698496061,1,0.8696651454999182
Cc1cc2nc3c(=O)[nH]c(=O)nc-3n(C[C@@H](O)[C@H](O)[C@H](O)CO)c2cc1C,1,O=c1nc2[nH]c3ccccc3nc-2c(=O)[nH]1,Cc1[nH]c(=O)c(C#N)cc1-c1ccncc1,1,O=c1ccc(-c2ccncc2)c[nH]1,0.1877280265339967,1,0.9954127903961734
Cc1cc2nc3c(=O)[nH]c(=O)nc-3n(C[C@@H](O)[C@H](O)[C@H](O)CO)c2cc1C,1,O=c1nc2[nH]c3ccccc3nc-2c(=O)[nH]1,Cc1ncc([N+](=O)[O-])n1CCO,1,c1c[nH]cn1,0.18538461538461543,1,0.9801107045502332
Cc1cc2nc3c(=O)[nH]c(=O)nc-3n(C[C@@H](O)[C@H](O)[C@H](O)CO)c2cc1C,1,O=c1nc2[nH]c3ccccc3nc-2c(=O)[nH]1,COc1ccc2[nH]c(S(=O)Cc3ncc(C)c(OC)c3C)nc2c1,1,O=S(Cc1ccccn1)c1nc2ccccc2[nH]1,0.1733333333333333,1,0.9998687762252435
Cc1cnc(C(=O)O)c[n+]1[O-],1,c1c[nH+]ccn1,NC(=O)c1cnccn1,1,c1cnccn1,0.25621621621621626,1,0.9985805518306634
Cc1cnc(C(=O)O)c[n+]1[O-],1,c1c[nH+]ccn1,O=C(O)c1cccnc1,1,c1ccncc1,0.24829721362229104,1,0.9998960728338828
Cc1cnc(C(=O)O)c[n+]1[O-],1,c1c[nH+]ccn1,Cc1ccc(-c2c(-c3ccc(S(C)(=O)=O)cc3)cc(Cl)c[n+]2[O-])cn1,1,c1ccc(-c2ccc[nH+]c2-c2cccnc2)cc1,0.23490028490028492,1,0.9999932238743221
Cc1cnc(C(=O)O)c[n+]1[O-],1,c1c[nH+]ccn1,Cc1ncc([N+](=O)[O-])n1CCO,1,c1c[nH]cn1,0.2273737373737374,1,0.9997637855785902
O=[N+]([O-])O[C@H]1CO[C@H]2[C@H]1OC[C@H]2O,1,C1CC2OCCC2O1,O=[N+]([O-])O[C@@H]1CO[C@H]2[C@H]1OC[C@H]2O[N+](=O)[O-],1,C1CC2OCCC2O1,0.7746031746031746,1,0.9973756427001749
O=[N+]([O-])O[C@H]1CO[C@H]2[C@H]1OC[C@H]2O,1,C1CC2OCCC2O1,O=C(NCCO[N+](=O)[O-])c1cccnc1,1,c1ccncc1,0.17276955602537,1,0.999194984732751
O=[N+]([O-])O[C@H]1CO[C@H]2[C@H]1OC[C@H]2O,1,C1CC2OCCC2O1,Cc1ncc([N+](=O)[O-])n1CCO,1,c1c[nH]cn1,0.14700000000000002,1,0.9992833405863308
O=[N+]([O-])O[C@H]1CO[C@H]2[C@H]1OC[C@H]2O,1,C1CC2OCCC2O1,O=C(O)[C@@H]1C(=CCO)O[C@H]2CC(=O)N12,1,C=C1CN2C(=O)CC2O1,0.13293310463121785,1,0.9915366243138914
O=[N+]([O-])O[C@@H]1CO[C@H]2[C@H]1OC[C@H]2O[N+](=O)[O-],1,C1CC2OCCC2O1,O=[N+]([O-])O[C@H]1CO[C@H]2[C@H]1OC[C@H]2O,1,C1CC2OCCC2O1,0.7746031746031746,1,0.9976834081506826
O=[N+]([O-])O[C@@H]1CO[C@H]2[C@H]1OC[C@H]2O[N+](=O)[O-],1,C1CC2OCCC2O1,O=C(NCCO[N+](=O)[O-])c1cccnc1,1,c1ccncc1,0.1753684210526316,1,0.9996444656959304
O=[N+]([O-])O[C@@H]1CO[C@H]2[C@H]1OC[C@H]2O[N+](=O)[O-],1,C1CC2OCCC2O1,N[C@H]1CONC1=O,1,O=C1CCON1,0.13497536945812807,1,0.998854287340109
O=[N+]([O-])O[C@@H]1CO[C@H]2[C@H]1OC[C@H]2O[N+](=O)[O-],1,C1CC2OCCC2O1,Cc1ncc([N+](=O)[O-])n1CCO,1,c1c[nH]cn1,0.13369369369369372,1,0.99960482170312
O=C1Cc2cc(CCN3CCN(c4nsc5ccccc45)CC3)c(Cl)cc2N1,1,O=C1Cc2cc(CCN3CCN(c4nsc5ccccc45)CC3)ccc2N1,O=C1CN=C(c2ccccc2)c2cc(Cl)ccc2N1,1,O=C1CN=C(c2ccccc2)c2ccccc2N1,0.2707602339181287,1,0.9999802974049
O=C1Cc2cc(CCN3CCN(c4nsc5ccccc45)CC3)c(Cl)cc2N1,1,O=C1Cc2cc(CCN3CCN(c4nsc5ccccc45)CC3)ccc2N1,O=C1CN=C(c2ccccc2Cl)c2cc([N+](=O)[O-])ccc2N1,1,O=C1CN=C(c2ccccc2)c2ccccc2N1,0.26137820512820514,1,0.999988300851118
O=C1Cc2cc(CCN3CCN(c4nsc5ccccc45)CC3)c(Cl)cc2N1,1,O=C1Cc2cc(CCN3CCN(c4nsc5ccccc45)CC3)ccc2N1,CN1CCN(C2=Nc3cc(Cl)ccc3Nc3ccccc32)CC1,1,c1ccc2c(c1)N=C(N1CCNCC1)c1ccccc1N2,0.25828571428571434,1,0.9999987890672684
O=C1Cc2cc(CCN3CCN(c4nsc5ccccc45)CC3)c(Cl)cc2N1,1,O=C1Cc2cc(CCN3CCN(c4nsc5ccccc45)CC3)ccc2N1,CCc1nn(CCCN2CCN(c3cccc(Cl)c3)CC2)c(=O)n1CCOc1ccccc1,1,O=c1n(CCOc2ccccc2)cnn1CCCN1CCN(c2ccccc2)CC1,0.24761035007610352,1,0.9999503195255875
N=c1nc2n(cc1F)[C@H]1O[C@@H](CO)[C@H](O)[C@H]1O2,1,N=c1ccn2c(n1)OC1CCOC12,Cc1cn([C@H]2C=C[C@H](CO)O2)c(=O)nc1N,1,O=c1ncccn1C1C=CCO1,0.23547008547008547,1,0.9997336490323231
N=c1nc2n(cc1F)[C@H]1O[C@@H](CO)[C@H](O)[C@H]1O2,1,N=c1ccn2c(n1)OC1CCOC12,OC(Cn1cncn1)(Cn1cncn1)c1ccc(F)cc1F,1,c1ccc(C(Cn2cncn2)Cn2cncn2)cc1,0.17741838873914345,1,0.9999745490564877
N=c1nc2n(cc1F)[C@H]1O[C@@H](CO)[C@H](O)[C@H]1O2,1,N=c1ccn2c(n1)OC1CCOC12,NC1=NC(=O)N([C@H]2CS[C@H](CO)O2)CC1,1,O=C1N=CCCN1C1CSCO1,0.15878787878787878,1,0.9999677297944364
N=c1nc2n(cc1F)[C@H]1O[C@@H](CO)[C@H](O)[C@H]1O2,1,N=c1ccn2c(n1)OC1CCOC12,C[C@H]1COc2c(N3CCN(C)CC3)c(F)cc3c(=O)c(C(=O)O)cn1c23,1,O=c1ccn2c3c(c(N4CCNCC4)ccc13)OCC2,0.1399638336347197,1,0.9999004275220181
Cn1c2c(c3ccccc31)C(=O)[C@@H](Cn1ccnc1)CC2,1,O=C1c2c([nH]c3ccccc23)CCC1Cn1ccnc1,CN1C(=O)CC[C@@H]1c1cccnc1,1,O=C1CCC(c2cccnc2)N1,0.2487593052109181,1,0.9999947455710672
Cn1c2c(c3ccccc31)C(=O)[C@@H](Cn1ccnc1)CC2,1,O=C1c2c([nH]c3ccccc23)CCC1Cn1ccnc1,CN1[C@@H]2CC[C@@H]1CC(OC(=O)c1cn(C)c3ccccc13)C2,1,O=C(OC1CC2CCC(C1)N2)c1c[nH]c2ccccc12,0.24831168831168832,1,0.9998968096824745
Cn1c2c(c3ccccc31)C(=O)[C@@H](Cn1ccnc1)CC2,1,O=C1c2c([nH]c3ccccc23)CCC1Cn1ccnc1,CN1[C@@H]2CCC[C@H]1C[C@@H](NC(=O)c1nn(C)c3ccccc13)C2,1,O=C(NC1CC2CCCC(C1)N2)c1n[nH]c2ccccc12,0.2347905282331512,1,0.999185065703196
Cn1c2c(c3ccccc31)C(=O)[C@@H](Cn1ccnc1)CC2,1,O=C1c2c([nH]c3ccccc23)CCC1Cn1ccnc1,Clc1ccc(CO[C@H](Cn2ccnc2)c2ccc(Cl)cc2Cl)c(Cl)c1,1,c1ccc(COC(Cn2ccnc2)c2ccccc2)cc1,0.22256537982565378,1,0.9999442428181029
O=C1CN2Cc3c(ccc(Cl)c3Cl)N=C2N1,1,O=C1CN2Cc3ccccc3N=C2N1,CC1=Nc2ccc(Cl)cc2S(=O)(=O)N1,1,O=S1(=O)NC=Nc2ccccc21,0.24603773584905664,1,0.9914245579110682
O=C1CN2Cc3c(ccc(Cl)c3Cl)N=C2N1,1,O=C1CN2Cc3ccccc3N=C2N1,CN1CCN(C2=Nc3cc(Cl)ccc3Nc3ccccc32)CC1,1,c1ccc2c(c1)N=C(N1CCNCC1)c1ccccc1N2,0.21959378733572282,1,0.9997669225842729
O=C1CN2Cc3c(ccc(Cl)c3Cl)N=C2N1,1,O=C1CN2Cc3ccccc3N=C2N1,Clc1ccc2c(c1)C(N1CCNCC1)=Nc1ccccc1O2,1,c1ccc2c(c1)N=C(N1CCNCC1)c1ccccc1O2,0.21606319947333774,1,0.999159251074194
O=C1CN2Cc3c(ccc(Cl)c3Cl)N=C2N1,1,O=C1CN2Cc3ccccc3N=C2N1,O=C1CN=C(c2ccccc2)c2cc(Cl)ccc2N1,1,O=C1CN=C(c2ccccc2)c2ccccc2N1,0.21551724137931033,1,0.9785680027364415
CSc1ccc(C(=O)c2[nH]c(=O)[nH]c2C)cc1,1,O=C(c1ccccc1)c1c[nH]c(=O)[nH]1,CSc1ccc2ncn(/C=C/C(=O)O)c(=O)c2c1,1,O=c1[nH]cnc2ccccc12,0.24138918725384892,1,0.9999697917267928
CSc1ccc(C(=O)c2[nH]c(=O)[nH]c2C)cc1,1,O=C(c1ccccc1)c1c[nH]c(=O)[nH]1,C[C@H](C(=O)O)c1cccc(C(=O)c2ccccc2)c1,1,O=C(c1ccccc1)c1ccccc1,0.2388888888888889,1,0.999485601945359
CSc1ccc(C(=O)c2[nH]c(=O)[nH]c2C)cc1,1,O=C(c1ccccc1)c1c[nH]c(=O)[nH]1,Cc1ccc(C(=O)c2ccc(CC(=O)O)n2C)cc1,1,O=C(c1ccccc1)c1ccc[nH]1,0.23585434173669467,1,0.999899017814667
CSc1ccc(C(=O)c2[nH]c(=O)[nH]c2C)cc1,1,O=C(c1ccccc1)c1c[nH]c(=O)[nH]1,COC(=O)Nc1nc2ccc(C(=O)c3ccccc3)cc2[nH]1,1,O=C(c1ccccc1)c1ccc2nc[nH]c2c1,0.23264367816091958,1,0.9999655153105528
COc1c2c(cc(F)c1N1C[C@@H]3CCCN[C@@H]3C1)C(=O)C(C(=O)O)=C[C@@H]2NC1CC1,1,O=C1C=CC(NC2CC2)c2cc(N3CC4CCCNC4C3)ccc21,COC(=O)[C@H](c1ccccc1)[C@@H]1CCCCN1,1,c1ccc(CC2CCCCN2)cc1,0.2277777777777778,1,0.998147792295255
COc1c2c(cc(F)c1N1C[C@@H]3CCCN[C@@H]3C1)C(=O)C(C(=O)O)=C[C@@H]2NC1CC1,1,O=C1C=CC(NC2CC2)c2cc(N3CC4CCCNC4C3)ccc21,O=C(NC[C@@H]1CCCCN1)c1cc(OCC(F)(F)F)ccc1OCC(F)(F)F,1,O=C(NCC1CCCCN1)c1ccccc1,0.21033434650455926,1,0.9971630796539299
COc1c2c(cc(F)c1N1C[C@@H]3CCCN[C@@H]3C1)C(=O)C(C(=O)O)=C[C@@H]2NC1CC1,1,O=C1C=CC(NC2CC2)c2cc(N3CC4CCCNC4C3)ccc21,C[C@H]1COc2c(N3CCN(C)CC3)c(F)cc3c(=O)c(C(=O)O)cn1c23,1,O=c1ccn2c3c(c(N4CCNCC4)ccc13)OCC2,0.20444444444444448,1,0.997719408970774
COc1c2c(cc(F)c1N1C[C@@H]3CCCN[C@@H]3C1)C(=O)C(C(=O)O)=C[C@@H]2NC1CC1,1,O=C1C=CC(NC2CC2)c2cc(N3CC4CCCNC4C3)ccc21,Cc1ccc(S(=O)(=O)NC(=O)NN2C[C@H]3CCC[C@H]3C2)cc1,1,O=C(NN1CC2CCCC2C1)NS(=O)(=O)c1ccccc1,0.18716356107660456,1,0.9955785210607809
CCc1oc2ccccc2c1C(=O)c1cc(Br)c(O)c(Br)c1,1,O=C(c1ccccc1)c1coc2ccccc12,CC[C@H](c1ccccc1)c1c(O)c2ccccc2oc1=O,1,O=c1oc2ccccc2cc1Cc1ccccc1,0.35913287836210356,1,0.9993194562524921
CCc1oc2ccccc2c1C(=O)c1cc(Br)c(O)c(Br)c1,1,O=C(c1ccccc1)c1coc2ccccc12,NS(=O)(=O)Cc1noc2ccccc12,1,c1ccc2oncc2c1,0.23111111111111113,1,0.9994734514779089
CCc1oc2ccccc2c1C(=O)c1cc(Br)c(O)c(Br)c1,1,O=C(c1ccccc1)c1coc2ccccc12,C[C@H](C(=O)O)c1cccc(C(=O)c2ccccc2)c1,1,O=C(c1ccccc1)c1ccccc1,0.22666666666666668,1,0.9996455640772374
CCc1oc2ccccc2c1C(=O)c1cc(Br)c(O)c(Br)c1,1,O=C(c1ccccc1)c1coc2ccccc12,CCN(CC)[C@H](C)C(=O)c1ccccc1,1,c1ccccc1,0.22552447552447555,1,0.999408512135776
CC(=O)Nc1nnc(S(N)(=O)=O)s1,1,c1nncs1,Cc1nnc(NS(=O)(=O)c2ccc(N)cc2)s1,1,O=S(=O)(Nc1nncs1)c1ccccc1,0.3095118898623279,1,0.9799473718327374
CC(=O)Nc1nnc(S(N)(=O)=O)s1,1,c1nncs1,CC(=O)Nc1ccccc1,1,c1ccccc1,0.2902902902902903,1,0.9979142219995616
CC(=O)Nc1nnc(S(N)(=O)=O)s1,1,c1nncs1,CC(=O)Nc1ccc(O)cc1,1,c1ccccc1,0.27504244482173174,1,0.9986581951119352
CC(=O)Nc1nnc(S(N)(=O)=O)s1,1,c1nncs1,CC(=O)Nc1ccc([C@H](O)CNC(C)C)cc1,1,c1ccccc1,0.21326530612244898,1,0.9956303806894534
CC(=O)NC[C@H]1CN(c2ccc(N3CCOCC3)c(F)c2)C(=O)O1,1,O=C1OCCN1c1ccc(N2CCOCC2)cc1,CCOC(=O)Nc1ccc2c(c1)N(C(=O)CCN1CCOCC1)c1ccccc1S2,1,O=C(CCN1CCOCC1)N1c2ccccc2Sc2ccccc21,0.22233169129720856,1,0.9999727608738653
CC(=O)NC[C@H]1CN(c2ccc(N3CCOCC3)c(F)c2)C(=O)O1,1,O=C1OCCN1c1ccc(N2CCOCC2)cc1,C[C@H](CN1CCOCC1)C(C(=O)N1CCCC1)(c1ccccc1)c1ccccc1,1,O=C(N1CCCC1)C(CCN1CCOCC1)(c1ccccc1)c1ccccc1,0.21709523809523812,1,0.9999556341558198
CC(=O)NC[C@H]1CN(c2ccc(N3CCOCC3)c(F)c2)C(=O)O1,1,O=C1OCCN1c1ccc(N2CCOCC2)cc1,CC(=O)N1CCN(c2ccc(OC[C@@H]3CO[C@@](Cn4ccnc4)(c4ccc(Cl)cc4Cl)O3)cc2)CC1,1,c1ccc(C2(Cn3ccnc3)OCC(COc3ccc(N4CCNCC4)cc3)O2)cc1,0.21258037461559967,1,0.9999958321092802
CC(=O)NC[C@H]1CN(c2ccc(N3CCOCC3)c(F)c2)C(=O)O1,1,O=C1OCCN1c1ccc(N2CCOCC2)cc1,CCN1CC[C@H](CNC(=O)c2cc(S(N)(=O)=O)ccc2OC)C1,1,O=C(NCC1CCNC1)c1ccccc1,0.21108508977361437,1,0.9999856216378239
CC(C)[N+](C)(CCOC(=O)C1c2ccccc2Oc2ccccc21)C(C)C,0,c1ccc2c(c1)Cc1ccccc1O2,NC(=O)OCC(COC(N)=O)c1ccccc1,1,c1ccccc1,0.23866943866943868,0,0.0018998050083392523
CC(C)[N+](C)(CCOC(=O)C1c2ccccc2Oc2ccccc21)C(C)C,0,c1ccc2c(c1)Cc1ccccc1O2,CN(C)CCC[C@@H]1c2ccccc2COc2ccccc21,1,c1ccc2c(c1)COc1ccccc1C2,0.23449275362318842,0,0.004207985335156382
CC(C)[N+](C)(CCOC(=O)C1c2ccccc2Oc2ccccc21)C(C)C,0,c1ccc2c(c1)Cc1ccccc1O2,C[C@H](C(=O)O)c1cccc(Oc2ccccc2)c1,1,c1ccc(Oc2ccccc2)cc1,0.23142857142857143,0,0.0018684402198195051
CC(C)[N+](C)(CCOC(=O)C1c2ccccc2Oc2ccccc21)C(C)C,0,c1ccc2c(c1)Cc1ccccc1O2,CCN(CC)[C@H](C)C(=O)c1ccccc1,1,c1ccccc1,0.22728592162554428,0,0.0006925819586092782
CN1C(=O)CC(=O)N(c2ccccc2)c2cc(Cl)ccc21,1,O=C1CC(=O)N(c2ccccc2)c2ccccc2N1,CN1C(=O)CN=C(c2ccccc2)c2cc(Cl)ccc21,1,O=C1CN=C(c2ccccc2)c2ccccc2N1,0.5004081632653061,1,0.999259729848986
CN1C(=O)CC(=O)N(c2ccccc2)c2cc(Cl)ccc21,1,O=C1CC(=O)N(c2ccccc2)c2ccccc2N1,CN1C(=O)[C@@H](O)N=C(c2ccccc2)c2cc(Cl)ccc21,1,O=C1CN=C(c2ccccc2)c2ccccc2N1,0.4138138138138138,1,0.9985331864539257
CN1C(=O)CC(=O)N(c2ccccc2)c2cc(Cl)ccc21,1,O=C1CC(=O)N(c2ccccc2)c2ccccc2N1,CN1C(=O)[C@@H](O)N=C(c2ccccc2Cl)c2cc(Cl)ccc21,1,O=C1CN=C(c2ccccc2)c2ccccc2N1,0.3666666666666667,1,0.9992259722112727
CN1C(=O)CC(=O)N(c2ccccc2)c2cc(Cl)ccc21,1,O=C1CC(=O)N(c2ccccc2)c2ccccc2N1,CN(C)C(=O)O[C@@H]1N=C(c2ccccc2)c2cc(Cl)ccc2N(C)C1=O,1,O=C1CN=C(c2ccccc2)c2ccccc2N1,0.359349593495935,1,0.9996075108605411
CC[C@@]1(c2ccc(N)cc2)CCC(=O)NC1=O,1,O=C1CCC(c2ccccc2)C(=O)N1,CCN(CC)CC[C@]1(c2ccccc2)CCC(=O)NC1=O,1,O=C1CCC(c2ccccc2)C(=O)N1,0.5265359477124183,1,0.9968598794849273
CC[C@@]1(c2ccc(N)cc2)CCC(=O)NC1=O,1,O=C1CCC(c2ccccc2)C(=O)N1,CCC1(c2ccccc2)C(=O)NCNC1=O,1,O=C1NCNC(=O)C1c1ccccc1,0.3521146953405018,1,0.9959380978620326
CC[C@@]1(c2ccc(N)cc2)CCC(=O)NC1=O,1,O=C1CCC(c2ccccc2)C(=O)N1,CCC1(c2ccccc2)C(=O)NC(=O)NC1=O,1,O=C1NC(=O)C(c2ccccc2)C(=O)N1,0.3395894428152493,1,0.9883171273940318
CC[C@@]1(c2ccc(N)cc2)CCC(=O)NC1=O,1,O=C1CCC(c2ccccc2)C(=O)N1,Cc1cc(C)nc(NS(=O)(=O)c2ccc(N)cc2)n1,1,O=S(=O)(Nc1ncccn1)c1ccccc1,0.23754901960784316,1,0.9844574640453742
CCN(CC)CC[C@]1(c2ccccc2)CCC(=O)NC1=O,1,O=C1CCC(c2ccccc2)C(=O)N1,CC[C@@]1(c2ccc(N)cc2)CCC(=O)NC1=O,1,O=C1CCC(c2ccccc2)C(=O)N1,0.5265359477124183,1,0.9996971368734108
CCN(CC)CC[C@]1(c2ccccc2)CCC(=O)NC1=O,1,O=C1CCC(c2ccccc2)C(=O)N1,CCC1(c2ccccc2)C(=O)NCNC1=O,1,O=C1NCNC(=O)C1c1ccccc1,0.3926218708827405,1,0.9995959051970615
CCN(CC)CC[C@]1(c2ccccc2)CCC(=O)NC1=O,1,O=C1CCC(c2ccccc2)C(=O)N1,CCC1(c2ccccc2)C(=O)NC(=O)NC1=O,1,O=C1NC(=O)C(c2ccccc2)C(=O)N1,0.3814141414141414,1,0.998829675106994
CCN(CC)CC[C@]1(c2ccccc2)CCC(=O)NC1=O,1,O=C1CCC(c2ccccc2)C(=O)N1,CCOC(=O)C1(c2ccccc2)CCN(C)CC1,1,c1ccc(C2CCNCC2)cc1,0.3100737100737101,1,0.9996743343326544
CC(=O)N[C@H]1[C@@H]([C@@H](O)[C@H](O)CO)OC(C(=O)O)=C[C@H]1NC(=N)N,0,C1=COCCC1,CCOC(=O)C1=C[C@H](OC(CC)CC)[C@H](NC(C)=O)[C@@H](N)C1,1,C1=CCCCC1,0.2548370927318296,0,0.05777749676870639
CC(=O)N[C@H]1[C@@H]([C@@H](O)[C@H](O)CO)OC(C(=O)O)=C[C@H]1NC(=N)N,0,C1=COCCC1,N=C(N)NC[C@@H]1COc2ccccc2O1,1,c1ccc2c(c1)OCCO2,0.1977358490566038,0,0.12223867280530952
CC(=O)N[C@H]1[C@@H]([C@@H](O)[C@H](O)CO)OC(C(=O)O)=C[C@H]1NC(=N)N,0,C1=COCCC1,N=C(N)NC[C@@H]1COC2(CCCCC2)O1,1,C1CCC2(CC1)OCCO2,0.1908295625942685,0,0.017067478500443413
CC(=O)N[C@H]1[C@@H]([C@@H](O)[C@H](O)CO)OC(C(=O)O)=C[C@H]1NC(=N)N,0,C1=COCCC1,CC(C)NC[C@H](O)COc1ccc(CC(N)=O)cc1,1,c1ccccc1,0.17975689574567555,0,0.03495157267294687
CCn1nc(C(=O)O)c(=O)c2cc3c(cc21)OCO3,1,O=c1cn[nH]c2cc3c(cc12)OCO3,C[C@H]1COc2c(N3CCN(C)CC3)c(F)cc3c(=O)c(C(=O)O)cn1c23,1,O=c1ccn2c3c(c(N4CCNCC4)ccc13)OCC2,0.23011583011583012,1,0.999435904280086
CCn1nc(C(=O)O)c(=O)c2cc3c(cc21)OCO3,1,O=c1cn[nH]c2cc3c(cc12)OCO3,COc1ccc2c(c1)c(CC(=O)O)cn2C(=O)c1ccccc1,1,O=C(c1ccccc1)n1ccc2ccccc21,0.21881977671451358,1,0.9996211748994693
CCn1nc(C(=O)O)c(=O)c2cc3c(cc21)OCO3,1,O=c1cn[nH]c2cc3c(cc12)OCO3,CSc1ccc2ncn(/C=C/C(=O)O)c(=O)c2c1,1,O=c1[nH]cnc2ccccc12,0.19685501066098082,1,0.9995703513506397
CCn1nc(C(=O)O)c(=O)c2cc3c(cc21)OCO3,1,O=c1cn[nH]c2cc3c(cc12)OCO3,CN1[C@@H]2CCC[C@H]1C[C@@H](NC(=O)c1nn(C)c3ccccc13)C2,1,O=C(NC1CC2CCCC(C1)N2)c1n[nH]c2ccccc12,0.18679021145165123,1,0.8719855221248609
CN(C)CCc1c[nH]c2ccc(Cn3cncn3)cc12,1,c1ncn(Cc2ccc3[nH]ccc3c2)n1,CNS(=O)(=O)Cc1ccc2[nH]cc(CCN(C)C)c2c1,1,c1ccc2[nH]ccc2c1,0.5184523809523811,1,0.9999310054295203
CN(C)CCc1c[nH]c2ccc(Cn3cncn3)cc12,1,c1ncn(Cc2ccc3[nH]ccc3c2)n1,CN(C)CCc1c[nH]c2ccc(CS(=O)(=O)N3CCCC3)cc12,1,O=S(=O)(Cc1ccc2[nH]ccc2c1)N1CCCC1,0.5088204773434798,1,0.9999834593311636
CN(C)CCc1c[nH]c2ccc(Cn3cncn3)cc12,1,c1ncn(Cc2ccc3[nH]ccc3c2)n1,CC(C)(C#N)c1cc(Cn2cncn2)cc(C(C)(C)C#N)c1,1,c1ccc(Cn2cncn2)cc1,0.367077267637178,1,0.9999886072994665
CN(C)CCc1c[nH]c2ccc(Cn3cncn3)cc12,1,c1ncn(Cc2ccc3[nH]ccc3c2)n1,OC(Cn1cncn1)(Cn1cncn1)c1ccc(F)cc1F,1,c1ccc(C(Cn2cncn2)Cn2cncn2)cc1,0.25600479185384845,1,0.9999993166903621
Cc1ncc2n1-c1ccc(Cl)cc1C(c1ccccc1F)=NC2,1,c1ccc(C2=NCc3cncn3-c3ccccc32)cc1,Cc1nnc2n1-c1ccc(Cl)cc1C(c1ccccc1)=NC2,1,c1ccc(C2=NCc3nncn3-c3ccccc32)cc1,0.5052545155993432,1,0.9999435927120409
Cc1ncc2n1-c1ccc(Cl)cc1C(c1ccccc1F)=NC2,1,c1ccc(C2=NCc3cncn3-c3ccccc32)cc1,CCN(CC)CCN1C(=O)CN=C(c2ccccc2F)c2cc(Cl)ccc21,1,O=C1CN=C(c2ccccc2)c2ccccc2N1,0.46931216931216935,1,0.9995960558893694
Cc1ncc2n1-c1ccc(Cl)cc1C(c1ccccc1F)=NC2,1,c1ccc(C2=NCc3cncn3-c3ccccc32)cc1,CN1C(=O)CN=C(c2ccccc2)c2cc(Cl)ccc21,1,O=C1CN=C(c2ccccc2)c2ccccc2N1,0.38925351604760194,1,0.9999129801186118
Cc1ncc2n1-c1ccc(Cl)cc1C(c1ccccc1F)=NC2,1,c1ccc(C2=NCc3cncn3-c3ccccc32)cc1,CN1C(=O)[C@@H](O)N=C(c2ccccc2Cl)c2cc(Cl)ccc21,1,O=C1CN=C(c2ccccc2)c2ccccc2N1,0.33505728314238953,1,0.9999090091444216
COc1ccc(CCN2CCC(Nc3nc4ccccc4n3Cc3ccc(F)cc3)CC2)cc1,1,c1ccc(CCN2CCC(Nc3nc4ccccc4n3Cc3ccccc3)CC2)cc1,Fc1ccc(C(c2ccc(F)cc2)N2CCN(CCCc3ccccc3)CC2)cc1,1,c1ccc(CCCN2CCN(C(c3ccccc3)c3ccccc3)CC2)cc1,0.2925925925925926,1,0.9999227274434117
COc1ccc(CCN2CCC(Nc3nc4ccccc4n3Cc3ccc(F)cc3)CC2)cc1,1,c1ccc(CCN2CCC(Nc3nc4ccccc4n3Cc3ccccc3)CC2)cc1,O=c1[nH]c2ccccc2n1C1CCN(CCC(c2ccc(F)cc2)c2ccc(F)cc2)CC1,1,O=c1[nH]c2ccccc2n1C1CCN(CCC(c2ccccc2)c2ccccc2)CC1,0.28497625830959167,1,0.999909995265051
COc1ccc(CCN2CCC(Nc3nc4ccccc4n3Cc3ccc(F)cc3)CC2)cc1,1,c1ccc(CCN2CCC(Nc3nc4ccccc4n3Cc3ccccc3)CC2)cc1,COc1cc(N)c(Cl)cc1C(=O)N[C@@H]1CCN(CCCOc2ccc(F)cc2)C[C@@H]1OC,1,O=C(NC1CCN(CCCOc2ccccc2)CC1)c1ccccc1,0.27441520467836256,1,0.9972401923049747
COc1ccc(CCN2CCC(Nc3nc4ccccc4n3Cc3ccc(F)cc3)CC2)cc1,1,c1ccc(CCN2CCC(Nc3nc4ccccc4n3Cc3ccccc3)CC2)cc1,O=c1[nH]c2ccccc2n1CCCN1CCC(Nn2c(=O)[nH]c3cc(Cl)ccc32)CC1,1,O=c1[nH]c2ccccc2n1CCCN1CCC(Nn2c(=O)[nH]c3ccccc32)CC1,0.26896551724137935,1,0.9999982148704565
CCN(CC)c1cc(C)nc2ncnn12,1,c1cnc2ncnn2c1,Cc1cc(C)nc(NS(=O)(=O)c2ccc(N)cc2)n1,1,O=S(=O)(Nc1ncccn1)c1ccccc1,0.21600000000000003,1,0.9995125289210215
CCN(CC)c1cc(C)nc2ncnn12,1,c1cnc2ncnn2c1,CC(C)(C#N)c1cc(Cn2cncn2)cc(C(C)(C)C#N)c1,1,c1ccc(Cn2cncn2)cc1,0.19196617336152222,1,0.9999542041475304
CCN(CC)c1cc(C)nc2ncnn12,1,c1cnc2ncnn2c1,Cc1cc(NS(=O)(=O)c2ccc(N)cc2)nc(C)n1,1,O=S(=O)(Nc1ccncn1)c1ccccc1,0.18564814814814815,1,0.9995125289210215
CCN(CC)c1cc(C)nc2ncnn12,1,c1cnc2ncnn2c1,CCN(C(C)=O)c1cccc(-c2ccnc3c(C#N)cnn23)c1,1,c1ccc(-c2ccnc3ccnn23)cc1,0.18345191040843217,1,0.9999752534177497
CC(C)C[C@@H](N(C)C)C1(c2ccc(Cl)cc2)CCC1,1,c1ccc(C2CCC2)cc1,CC(C)NC(=N)NC(=N)Nc1ccc(Cl)cc1,1,c1ccccc1,0.23485714285714288,1,0.99968274893766
CC(C)C[C@@H](N(C)C)C1(c2ccc(Cl)cc2)CCC1,1,c1ccc(C2CCC2)cc1,C[C@@H](NC(C)(C)C)C(=O)c1ccc(Cl)cc1,1,c1ccccc1,0.2338947368421053,1,0.9995918527264022
CC(C)C[C@@H](N(C)C)C1(c2ccc(Cl)cc2)CCC1,1,c1ccc(C2CCC2)cc1,CN(C)CCN(c1ccc(Cl)cc1)c1ccccn1,1,c1ccc(Nc2ccccn2)cc1,0.227940586109996,1,0.9999951119468158
CC(C)C[C@@H](N(C)C)C1(c2ccc(Cl)cc2)CCC1,1,c1ccc(C2CCC2)cc1,COP(=O)(C[C@H](c1ccc(Cl)cc1)P(=O)(OC)OC)OC,1,c1ccccc1,0.22712550607287452,1,0.9993154309026338
c1ccc2[nH]c(-c3cscn3)nc2c1,1,c1ccc2[nH]c(-c3cscn3)nc2c1,Cc1cnc(CS(=O)c2nc3ccccc3[nH]2)cc1OCC(F)(F)F,1,O=S(Cc1ccccn1)c1nc2ccccc2[nH]1,0.26870320455226115,1,0.9996626521907989
c1ccc2[nH]c(-c3cscn3)nc2c1,1,c1ccc2[nH]c(-c3cscn3)nc2c1,COCCCOc1ccnc(CS(=O)c2nc3ccccc3[nH]2)c1C,1,O=S(Cc1ccccn1)c1nc2ccccc2[nH]1,0.2597783767595088,1,0.9989479526612488
c1ccc2[nH]c(-c3cscn3)nc2c1,1,c1ccc2[nH]c(-c3cscn3)nc2c1,COC(=O)Nc1nc2ccc(C(=O)c3ccccc3)cc2[nH]1,1,O=C(c1ccccc1)c1ccc2nc[nH]c2c1,0.2188505747126437,1,0.9405195491716652
c1ccc2[nH]c(-c3cscn3)nc2c1,1,c1ccc2[nH]c(-c3cscn3)nc2c1,Nc1c2c(nc3ccccc13)CCCC2,1,c1ccc2nc3c(cc2c1)CCCC3,0.17949691504508783,1,0.9274245624220954
C#C[C@@]1(O)CC[C@@H]2[C@H]3[C@@H](C)CC4=C(CCC(=O)C4)[C@@H]3CC[C@@]21C,1,O=C1CCC2=C(CCC3C2CCC2CCCC23)C1,C#C[C@@]1(O)CC[C@@H]2[C@@H]3CCC4=CC(=O)CC[C@@H]4[C@@H]3CC[C@@]21C,1,O=C1C=C2CCC3C4CCCC4CCC3C2CC1,0.47619047619047616,1,0.9995227883581131
C#C[C@@]1(O)CC[C@@H]2[C@H]3[C@@H](C)CC4=C(CCC(=O)C4)[C@@H]3CC[C@@]21C,1,O=C1CCC2=C(CCC3C2CCC2CCCC23)C1,C#C[C@@]1(O)CC[C@@H]2[C@@H]3CC[C@@H]4CC(=O)CCC4=C3[C@H](c3ccc(N(C)C)cc3)C[C@@]21C,1,O=C1CCC2=C3C(c4ccccc4)CC4CCCC4C3CCC2C1,0.45276950565812984,1,0.9999823630111492
C#C[C@@]1(O)CC[C@@H]2[C@H]3[C@@H](C)CC4=C(CCC(=O)C4)[C@@H]3CC[C@@]21C,1,O=C1CCC2=C(CCC3C2CCC2CCCC23)C1,C#C[C@@]1(O)CC[C@@H]2[C@@H]3CCC4=CCCC[C@@H]4[C@@H]3CC[C@@]21C,1,C1=C2CCC3C4CCCC4CCC3C2CCC1,0.4206081081081081,1,0.9956749094311407
C#C[C@@]1(O)CC[C@@H]2[C@H]3[C@@H](C)CC4=C(CCC(=O)C4)[C@@H]3CC[C@@]21C,1,O=C1CCC2=C(CCC3C2CCC2CCCC23)C1,C#C[C@@]1(O)CC[C@@H]2[C@@H]3CCC4=CC(=O)CC[C@@H]4[C@@H]3CC[C@@]21CC,1,O=C1C=C2CCC3C4CCCC4CCC3C2CC1,0.3839097744360902,1,0.9995227883581131
Nc1nc(=O)[nH]cc1F,1,O=c1nccc[nH]1,Nc1cc(-c2ccncc2)c[nH]c1=O,1,O=c1ccc(-c2ccncc2)c[nH]1,0.2606837606837607,1,0.9999802186718653
Nc1nc(=O)[nH]cc1F,1,O=c1nccc[nH]1,O=c1[nH]cnc2[nH]ncc12,1,O=c1[nH]cnc2[nH]ncc12,0.18142758142758145,1,0.9998145931983528
Nc1nc(=O)[nH]cc1F,1,O=c1nccc[nH]1,Cc1cn([C@H]2C=C[C@H](CO)O2)c(=O)nc1N,1,O=c1ncccn1C1C=CCO1,0.18117647058823533,1,0.99914361464884
Nc1nc(=O)[nH]cc1F,1,O=c1nccc[nH]1,Nc1ccc(/N=N/c2ccccc2)c(N)n1,1,c1ccc(N=Nc2cccnc2)cc1,0.17900960827790097,1,0.9999740036877078
CCCC(CCC)CCC[C@@H]1COCCN1CCO,1,C1COCCN1,C[C@H](CN1CCOCC1)C(C(=O)N1CCCC1)(c1ccccc1)c1ccccc1,1,O=C(N1CCCC1)C(CCN1CCOCC1)(c1ccccc1)c1ccccc1,0.20476190476190476,1,0.9997871248216381
CCCC(CCC)CCC[C@@H]1COCCN1CCO,1,C1COCCN1,CCC[C@@H]1C[C@H](C(=O)N[C@H]([C@@H]2O[C@@H](SC)[C@@H](O)[C@@H](O)[C@@H]2O)[C@H](C)Cl)N(C)C1,1,O=C(NCC1CCCCO1)C1CCCN1,0.18684210526315792,1,0.9593617537258787
CCCC(CCC)CCC[C@@H]1COCCN1CCO,1,C1COCCN1,CN1[C@@H]2CC[C@H]1C[C@H](OC(=O)[C@@H](CO)c1ccccc1)C2,1,O=C(Cc1ccccc1)OC1CC2CCC(C1)N2,0.17833333333333334,1,0.9984599845025279
CCCC(CCC)CCC[C@@H]1COCCN1CCO,1,C1COCCN1,OCCN1CCN(CCCN2c3ccccc3Sc3ccc(Cl)cc32)CC1,1,c1ccc2c(c1)Sc1ccccc1N2CCCN1CCNCC1,0.17296620775969965,1,0.9999514684094681
COc1ccc2c(c1)C(=O)N(CCc1ccc(S(=O)(=O)NC(=O)NC3CCCCC3)cc1)C(=O)C2(C)C,1,O=C(NC1CCCCC1)NS(=O)(=O)c1ccc(CCN2C(=O)Cc3ccccc3C2=O)cc1,Cc1cnc(C(=O)NCCc2ccc(S(=O)(=O)NC(=O)NC3CCCCC3)cc2)cn1,1,O=C(NC1CCCCC1)NS(=O)(=O)c1ccc(CCNC(=O)c2cnccn2)cc1,0.43625730994152045,1,0.9998873921303444
COc1ccc2c(c1)C(=O)N(CCc1ccc(S(=O)(=O)NC(=O)NC3CCCCC3)cc1)C(=O)C2(C)C,1,O=C(NC1CCCCC1)NS(=O)(=O)c1ccc(CCN2C(=O)Cc3ccccc3C2=O)cc1,CCC1=C(C)CN(C(=O)NCCc2ccc(S(=O)(=O)NC(=O)N[C@H]3CC[C@H](C)CC3)cc2)C1=O,1,O=C(NC1CCCCC1)NS(=O)(=O)c1ccc(CCNC(=O)N2CC=CC2=O)cc1,0.3933372757737039,1,0.9998812353323103
COc1ccc2c(c1)C(=O)N(CCc1ccc(S(=O)(=O)NC(=O)NC3CCCCC3)cc1)C(=O)C2(C)C,1,O=C(NC1CCCCC1)NS(=O)(=O)c1ccc(CCN2C(=O)Cc3ccccc3C2=O)cc1,Cc1ccc(S(=O)(=O)NC(=O)NN2C[C@H]3CCC[C@H]3C2)cc1,1,O=C(NN1CC2CCCC2C1)NS(=O)(=O)c1ccccc1,0.30004837929366235,1,0.9995370782520352
COc1ccc2c(c1)C(=O)N(CCc1ccc(S(=O)(=O)NC(=O)NC3CCCCC3)cc1)C(=O)C2(C)C,1,O=C(NC1CCCCC1)NS(=O)(=O)c1ccc(CCN2C(=O)Cc3ccccc3C2=O)cc1,COc1ccc2cc(CCC(C)=O)ccc2c1,1,c1ccc2ccccc2c1,0.27613605442176875,1,0.9981964525094852
NS(=O)(=O)c1cc2c(cc1C(F)(F)F)NCNS2(=O)=O,1,O=S1(=O)NCNc2ccccc21,NS(=O)(=O)c1cc2c(cc1Cl)NCNS2(=O)=O,1,O=S1(=O)NCNc2ccccc21,0.6562243502051985,1,0.9989916888067301
NS(=O)(=O)c1cc2c(cc1C(F)(F)F)NCNS2(=O)=O,1,O=S1(=O)NCNc2ccccc21,NS(=O)(=O)c1cc2c(cc1C(F)(F)F)N[C@H](Cc1ccccc1)NS2(=O)=O,1,O=S1(=O)NC(Cc2ccccc2)Nc2ccccc21,0.5533971291866029,1,0.9992575834852014
NS(=O)(=O)c1cc2c(cc1C(F)(F)F)NCNS2(=O)=O,1,O=S1(=O)NCNc2ccccc21,CN1[C@H](CSCC(F)(F)F)Nc2cc(Cl)c(S(N)(=O)=O)cc2S1(=O)=O,1,O=S1(=O)NCNc2ccccc21,0.3068059701492537,1,0.9994251262987326
NS(=O)(=O)c1cc2c(cc1C(F)(F)F)NCNS2(=O)=O,1,O=S1(=O)NCNc2ccccc21,NS(=O)(=O)c1cc([C@@]2(O)NC(=O)c3ccccc32)ccc1Cl,1,O=C1NC(c2ccccc2)c2ccccc21,0.20197628458498026,1,0.9997692683506331
NS(=O)(=O)c1cc2c(cc1Cl)NCNS2(=O)=O,1,O=S1(=O)NCNc2ccccc21,NS(=O)(=O)c1cc2c(cc1C(F)(F)F)NCNS2(=O)=O,1,O=S1(=O)NCNc2ccccc21,0.6562243502051985,1,0.9996113202921351
NS(=O)(=O)c1cc2c(cc1Cl)NCNS2(=O)=O,1,O=S1(=O)NCNc2ccccc21,CN1[C@H](CSCC(F)(F)F)Nc2cc(Cl)c(S(N)(=O)=O)cc2S1(=O)=O,1,O=S1(=O)NCNc2ccccc21,0.39497267759562843,1,0.9995100325753739
NS(=O)(=O)c1cc2c(cc1Cl)NCNS2(=O)=O,1,O=S1(=O)NCNc2ccccc21,NS(=O)(=O)c1cc2c(cc1C(F)(F)F)N[C@H](Cc1ccccc1)NS2(=O)=O,1,O=S1(=O)NC(Cc2ccccc2)Nc2ccccc21,0.35066717499046896,1,0.9997653025799013
NS(=O)(=O)c1cc2c(cc1Cl)NCNS2(=O)=O,1,O=S1(=O)NCNc2ccccc21,NS(=O)(=O)c1cc([C@@]2(O)NC(=O)c3ccccc32)ccc1Cl,1,O=C1NC(c2ccccc2)c2ccccc21,0.2998759818106656,1,0.9996043205608273
CN1[C@H](CSCC(F)(F)F)Nc2cc(Cl)c(S(N)(=O)=O)cc2S1(=O)=O,1,O=S1(=O)NCNc2ccccc21,NS(=O)(=O)c1cc2c(cc1Cl)NCNS2(=O)=O,1,O=S1(=O)NCNc2ccccc21,0.39497267759562843,1,0.9992092023321278
CN1[C@H](CSCC(F)(F)F)Nc2cc(Cl)c(S(N)(=O)=O)cc2S1(=O)=O,1,O=S1(=O)NCNc2ccccc21,NS(=O)(=O)c1cc2c(cc1C(F)(F)F)N[C@H](Cc1ccccc1)NS2(=O)=O,1,O=S1(=O)NC(Cc2ccccc2)Nc2ccccc21,0.3296803652968036,1,0.9997840591366755
CN1[C@H](CSCC(F)(F)F)Nc2cc(Cl)c(S(N)(=O)=O)cc2S1(=O)=O,1,O=S1(=O)NCNc2ccccc21,NS(=O)(=O)c1cc2c(cc1C(F)(F)F)NCNS2(=O)=O,1,O=S1(=O)NCNc2ccccc21,0.3068059701492537,1,0.9996423784089536
CN1[C@H](CSCC(F)(F)F)Nc2cc(Cl)c(S(N)(=O)=O)cc2S1(=O)=O,1,O=S1(=O)NCNc2ccccc21,NS(=O)(=O)c1cc([C@@]2(O)NC(=O)c3ccccc32)ccc1Cl,1,O=C1NC(c2ccccc2)c2ccccc21,0.24532224532224534,1,0.9998363027399606
CC[C@]1(c2cccc(O)c2)CCCCN(C)C1,1,c1ccc(C2CCCCNC2)cc1,CCOC(=O)C1(c2ccccc2)CCN(C)CC1,1,c1ccc(C2CCNCC2)cc1,0.33606237816764134,1,0.9987567059253564
CC[C@]1(c2cccc(O)c2)CCCCN(C)C1,1,c1ccc(C2CCCCNC2)cc1,CC(C)=CCN1CC[C@]2(C)c3cc(O)ccc3C[C@@H]1[C@H]2C,1,c1ccc2c(c1)CC1CC2CCN1,0.26553911205074,1,0.998654484037946
CC[C@]1(c2cccc(O)c2)CCCCN(C)C1,1,c1ccc(C2CCCCNC2)cc1,CCC1(c2ccccc2)C(=O)NCNC1=O,1,O=C1NCNC(=O)C1c1ccccc1,0.2425101214574899,1,0.9998841553433772
CC[C@]1(c2cccc(O)c2)CCCCN(C)C1,1,c1ccc(C2CCCCNC2)cc1,O[C@](CCN1CCCCC1)(c1ccccc1)C1CCCCC1,1,c1ccc(C(CCN2CCCCC2)C2CCCCC2)cc1,0.23838754008245536,1,0.9997240614631372
