smiles,label,prediction,score,scaffold
CC(C)C[C@H](NC(=O)CNC(=O)c1cc(Cl)ccc1Cl)B(O)O,1,0,0.4155774239535328,c1ccccc1
CCCCCCC[NH+](CC)CCCC(O)c1ccc(NS(C)(=O)=O)cc1,0,0,0.03462140901636559,c1ccccc1
CC[C@@H](c1cccc(O)c1)[C@@H](C)C[NH+](C)C,0,0,0.0026162199886997847,c1ccccc1
CC[N+](C)(C)c1cccc(O)c1,0,0,0.0043520608641962385,c1ccccc1
CC[N+](C)(C)Cc1ccccc1Br,0,0,0.006264175121935237,c1ccccc1
CC[N+](CC)(CC)CCOc1cccc(OCC[N+](CC)(CC)CC)c1OCC[N+](CC)(CC)CC,0,0,0.005233025483167983,c1ccccc1
CC[NH+](CC)C(C)C(=O)c1ccccc1,0,0,0.004774896379385194,c1ccccc1
CC[NH+](CC)CC(=O)Nc1c(C)cccc1C,0,0,0.006509805035176825,c1ccccc1
CC[NH+](CC)CCNC(=O)c1cc(Cl)c(N)cc1OC,0,0,0.01601248597066455,c1ccccc1
CC[NH+](CC)CCNC(=O)c1ccc(N)cc1,0,0,0.005857871746287357,c1ccccc1
CC[NH+](CC)CCOC(=O)c1ccc(N)cc1,0,0,0.010152487220221445,c1ccccc1
CC[NH+](CC)CCOC(=O)c1ccc(N)cc1Cl,0,0,0.011250130955390037,c1ccccc1
O=C(NCC(O)CO)c1c(I)c(C(=O)NCC(O)CO)c(I)c(N(CCO)C(=O)CO)c1I,0,0,0.04976059018756748,c1ccccc1
CCC([NH2+]C(C)C)C(O)c1ccc(O)c(O)c1,0,0,0.00911290140582509,c1ccccc1
C=C(CC)C(=O)c1ccc(OCC(=O)[O-])c(Cl)c1Cl,0,0,0.00747923108538617,c1ccccc1
C#CC[NH+](C)Cc1ccccc1,0,0,0.0032382494441981075,c1ccccc1
CCC(Cc1c(I)cc(I)c(N)c1I)C(=O)[O-],0,0,0.0018973108194806924,c1ccccc1
Clc1cc(Cl)c(OCC#CI)cc1Cl,0,0,0.007548657079558569,c1ccccc1
N#Cc1cc(NC(=O)C(=O)[O-])c(Cl)c(NC(=O)C(=O)[O-])c1,0,0,0.004963124936498195,c1ccccc1
NS(=O)(=O)c1cc(Cl)c(Cl)c(S(N)(=O)=O)c1,0,0,0.08697139547406597,c1ccccc1
C[NH2+]C[C@H](O)c1ccc(O)c(O)c1,0,0,0.009388958745409404,c1ccccc1
C[NH2+]C[C@H](O)c1cccc(O)c1,0,0,0.0032756972713962693,c1ccccc1
NC(N)=[NH+]C(=O)Cc1c(Cl)cccc1Cl,0,0,0.02411388855599112,c1ccccc1
CCC[NH+](CC)C(CC)C(=O)Nc1c(C)cccc1C,0,0,0.008591937347056312,c1ccccc1
COc1ccc(OC)c(C(O)C(C)[NH3+])c1,0,0,0.006341686615228863,c1ccccc1
CC([NH2+]C(C)(C)C)C(=O)c1cccc(Cl)c1,0,0,0.0063664946741863095,c1ccccc1
[NH3+]C[C@H](O)c1ccc(O)c(O)c1,0,0,0.009250421710679604,c1ccccc1
CCC[NH2+]C(C)C(=O)Nc1ccccc1C,0,0,0.007050557102657001,c1ccccc1
[NH3+][C@@H](Cc1ccc(O)c(O)c1)C(=O)[O-],0,0,0.0020722580880529707,c1ccccc1
[NH3+]CCc1ccc(O)c(O)c1,0,0,0.0045338715663015275,c1ccccc1
CC(C)(C)[NH2+]C[C@H](O)c1ccc(O)c(CO)c1,0,0,0.007975262456756305,c1ccccc1
CC(C)(C)[NH2+]CC(O)c1cc(O)cc(O)c1,0,0,0.008138779092400197,c1ccccc1
CC(C)(C)[NH2+]CC(O)c1ccc(O)c(CO)c1,0,0,0.007975262456756305,c1ccccc1
Nc1ccc(O)c(C(=O)[O-])c1,0,0,0.005284348973500197,c1ccccc1
Nc1ccc(C(=O)[O-])c(O)c1,0,0,0.005084308880896256,c1ccccc1
CCCC(=O)Nc1c(I)cc(I)c(CC(CC)C(=O)[O-])c1I,0,0,0.002872784631572956,c1ccccc1
CCCC(=O)Nc1ccc(OCC(O)C[NH2+]C(C)C)c(C(C)=O)c1,0,0,0.019063918131782202,c1ccccc1
C[NH2+]CC(O)c1ccc(OC(=O)C(C)(C)C)c(OC(=O)C(C)(C)C)c1,0,0,0.020755749801468718,c1ccccc1
NC(N)=[NH+]Cc1cccc([131I])c1,0,0,0.018405195496077897,c1ccccc1
CC(C)(C)CC(C)(C)c1ccc(O)cc1,0,0,0.010571388727145256,c1ccccc1
O=C(N[C@H](CO)[C@H](O)c1ccc([N+](=O)[O-])cc1)[C-](Cl)Cl,0,0,0.02882427877627443,c1ccccc1
O=C([O-])CCC(=O)OC[C@@H](NC(=O)[C-](Cl)Cl)[C@H](O)c1ccc([N+](=O)[O-])cc1,0,0,0.0027673106250036042,c1ccccc1
[NH3+]CC(CC(=O)[O-])c1ccc(Cl)cc1,0,0,0.0005132162371101291,c1ccccc1
CC(C)([NH3+])Cc1ccc(Cl)cc1,0,0,0.0029708588770872126,c1ccccc1
C[NH2+]C(C)(C)Cc1ccccc1,0,0,0.0023022510270167386,c1ccccc1
CC(C)([NH3+])Cc1ccccc1,0,0,0.002152386705494845,c1ccccc1
Nc1ccc(C(=O)NCC(=O)[O-])cc1,0,0,0.00809442027713599,c1ccccc1
CCCCC(CC)COC(=O)/C=C/c1ccc(OC)cc1,0,0,0.031130717013252634,c1ccccc1
CC(C)/[NH+]=C(N)/[NH+]=C(\N)Nc1ccc(Cl)cc1,0,0,0.04482292467167155,c1ccccc1
[NH3+][C@@H](Cc1ccc(N(CCCl)CCCl)cc1)C(=O)[O-],0,0,0.0019380108693707108,c1ccccc1
[NH3+][C@@H](Cc1ccc(O)cc1)C(=O)[O-],0,0,0.0011783586753267262,c1ccccc1
COCCCOc1cc(C[C@@H](C[C@H]([NH3+])[C@@H](O)C[C@H](C(=O)NCC(C)(C)C(N)=O)C(C)C)C(C)C)ccc1OC,0,0,0.013328230718948234,c1ccccc1
NS(=O)(=O)c1ccc(C[NH3+])cc1,0,0,0.01100234134792044,c1ccccc1
O=C([O-])CCCc1ccc(N(CCCl)CCCl)cc1,0,0,0.002663366520822692,c1ccccc1
CC(C)[NH2+]C(C)Cc1ccc([123I])cc1,0,0,0.0029976153080242727,c1ccccc1
Nc1ccc(S(N)(=O)=O)cc1,0,0,0.048979955935479345,c1ccccc1
CC(C)[NH2+]CC(O)c1cc(O)cc(O)c1,0,0,0.007854895809837295,c1ccccc1
CC(C)[NH2+]CC(O)c1ccc(O)c(O)c1,0,0,0.008552312161301515,c1ccccc1
CC(C)[NH2+]CC(O)c1ccc(NS(C)(=O)=O)cc1,0,0,0.02014084380063515,c1ccccc1
Oc1ccc(O)cc1,0,0,0.008541770222801646,c1ccccc1
NC(=O)OCC(O)COc1ccc(Cl)cc1,0,0,0.039139391945212376,c1ccccc1
O=P([O-])([O-])C(Sc1ccc(Cl)cc1)P(=O)([O-])[O-],0,0,0.0005777866803423303,c1ccccc1
CC(C)[NH2+]CC(O)COc1ccc(CC(N)=O)cc1,0,0,0.01347847298488023,c1ccccc1
COC(=O)CCc1ccc(OCC(O)C[NH2+]C(C)C)cc1,0,0,0.014667077505983336,c1ccccc1
COCCc1ccc(OCC(O)C[NH2+]C(C)C)cc1,0,0,0.00658925103497349,c1ccccc1
CC(C)[NH2+]CC(O)COc1ccc(COCCOC(C)C)cc1,0,0,0.012652006806352947,c1ccccc1
C=CCOc1ccccc1OCC(O)C[NH2+]C(C)C,0,0,0.006259496391196297,c1ccccc1
CCCCCCCCc1ccc(CCC([NH3+])(CO)CO)cc1,0,0,0.009819359504475215,c1ccccc1
CCCCCCCCCc1ccc(OCCOCCOCCOCCOCCOCCOCCOCCOCCO)cc1,0,0,0.01703285943801229,c1ccccc1
CC(C)C(=O)Nc1ccc([N+](=O)[O-])c(C(F)(F)F)c1,0,0,0.07311755417169535,c1ccccc1
CC(C)c1cccc(C(C)C)c1NC(=O)C[NH+](CC(=O)[O-])CC(=O)[O-],0,0,0.0028337762502303357,c1ccccc1
CC(C)c1cccc(C(C)C)c1O,0,0,0.011230865111418359,c1ccccc1
CC(C)c1cccc(C(C)C)c1OCOP(=O)([O-])[O-],0,0,0.0074274356585620135,c1ccccc1
CCCCNC(=O)[N-]S(=O)(=O)c1ccc(C)cc1,0,0,0.01950493339780566,c1ccccc1
CCCCNc1ccc(C(=O)OCC[NH+](C)C)cc1,0,0,0.009485696769126735,c1ccccc1
CC(C)Cc1ccc(C(C)C(=O)[O-])cc1,0,0,0.00107657763339815,c1ccccc1
CCCCNc1ccc(C(=O)OCCOCCOCCOCCOCCOCCOCCOCCOCCOC)cc1,0,0,0.04319030368746892,c1ccccc1
CCCCOc1cc(C(=O)OCC[NH+](CC)CC)ccc1N,0,0,0.024888347676259647,c1ccccc1
CCCN(CCC)S(=O)(=O)c1ccc(C(=O)[O-])cc1,0,0,0.008091938944844442,c1ccccc1
CCCNC(=O)[N-]S(=O)(=O)c1ccc(Cl)cc1,0,0,0.019862694718676722,c1ccccc1
CNNCc1ccc(C(=O)NC(C)C)cc1,0,0,0.015466941219575201,c1ccccc1
CCCOc1cc(N)ccc1C(=O)OCC[NH+](CC)CC,0,0,0.019918871353485204,c1ccccc1
CCCOc1ccc(C(=O)OCC[NH+](CC)CC)cc1N,0,0,0.019054122604487946,c1ccccc1
CCN(C)C(=O)Oc1cccc([C@H](C)[NH+](C)C)c1,0,0,0.005535158930296446,c1ccccc1
C/C=C/C(=O)N(CC)c1ccccc1C,0,0,0.027192372951697474,c1ccccc1
CCN(CC)C(=O)/C(C#N)=C/c1cc(O)c([O-])c([N+](=O)[O-])c1,0,0,0.004835469583082047,c1ccccc1
CCN(CC)CC(=O)Nc1c(C)cccc1C,1,0,0.40236220971105835,c1ccccc1
NC(=O)OCC(COC(N)=O)c1ccccc1,0,0,0.020223113666292817,c1ccccc1
O=C([O-])c1ccccc1,0,0,0.0009224909214825925,c1ccccc1
CC([NH3+])Cc1ccc(O)cc1,0,0,0.0018538853542960155,c1ccccc1
O=C([O-])CNC(=O)c1ccccc1,0,0,0.004199778038543171,c1ccccc1
C[NH2+]C(C)Cc1ccccc1,0,0,0.0021588020606681533,c1ccccc1
CC([NH3+])Cc1ccccc1,0,0,0.0021687887212261617,c1ccccc1
CC(=O)N(CC(C)C(=O)[O-])c1c(I)cc(I)c(N)c1I,0,0,0.004265440699483184,c1ccccc1
CCOC(=O)/C=C(C)/C=C/C=C(C)/C=C/c1c(C)cc(OC)c(C)c1C,0,0,0.020463953421930494,c1ccccc1
CCOC(=O)[C@@](C)([NH3+])Cc1ccc(O)c(O)c1,0,0,0.02140282625850526,c1ccccc1
O=C([O-])Cc1ccccc1,0,0,0.0009235834716655715,c1ccccc1
NC(=O)NC(=O)Cc1ccccc1,0,0,0.07174204747143009,c1ccccc1
CC(=O)[N-]S(=O)(=O)c1ccc(N)cc1,0,0,0.008379828283654071,c1ccccc1
O=C([O-])CCCc1ccccc1,0,0,0.000732267672916271,c1ccccc1
CCOC(=O)C(C)(C)Oc1ccc(Cl)cc1,0,0,0.03269860438290035,c1ccccc1
NNCCc1ccccc1,0,0,0.004569972910613125,c1ccccc1
CC(=O)N(CC(O)CO)c1c(I)c(C(=O)NCC(O)CO)c(I)c(C(=O)NCC(O)CO)c1I,0,0,0.036180323117304444,c1ccccc1
O=C([O-])CN(CCN(CC(=O)[O-])C(COCc1ccccc1)C(=O)[O-])CC[NH+](CC(=O)[O-])CC(=O)[O-],0,0,0.01006940026997434,c1ccccc1
CC(=O)N(CC(O)CO)c1c(I)c(C(=O)NCCO)c(I)c(C(=O)NCC(O)CO)c1I,0,0,0.04161397305532075,c1ccccc1
O=C(CCCCCCC(=O)Nc1ccccc1)NO,1,0,0.46739715074232396,c1ccccc1
CCOC(=O)CCCCCCCCC(C)c1ccccc1I,0,0,0.010880892242500656,c1ccccc1
COC[C@@H](NC(C)=O)C(=O)NCc1ccccc1,0,0,0.052518515627944434,c1ccccc1
CNC(=O)c1c(I)c(NC(C)=O)c(I)c(C(=O)[O-])c1I,0,0,0.003551433095214167,c1ccccc1
CC(=O)Nc1c(I)c(C(=O)[O-])c(I)c(N(C)C(C)=O)c1I,0,0,0.004616534819124551,c1ccccc1
CCOc1ccc(CC(CN(CC[NH+](CC(=O)[O-])CC(=O)[O-])CC(=O)[O-])[NH+](CC(=O)[O-])CC(=O)[O-])cc1,0,0,0.011455817983646322,c1ccccc1
CC(=O)Nc1c(I)c(NC(C)=O)c(I)c(C(=O)[O-])c1I,0,0,0.004185269003409899,c1ccccc1
CC(=O)Nc1c(I)cc(I)c(C(=O)[O-])c1I,0,0,0.0034203214852826197,c1ccccc1
CC(=O)Nc1ccc(O)cc1,0,0,0.014847983720785307,c1ccccc1
CC(=O)NCc1c(I)c(NC(C)=O)c(I)c(C(=O)[O-])c1I,0,0,0.0033625408200902403,c1ccccc1
CN(C)/C=[NH+]/c1c(I)cc(I)c(CCC(=O)[O-])c1I,0,0,0.0026922133024203454,c1ccccc1
CC(=O)Oc1ccccc1C(=O)[O-],0,0,0.006769018265977522,c1ccccc1
CC(=O)Oc1ccccc1C(=O)O,1,0,0.09750493462249898,c1ccccc1
COCC(=O)Nc1c(I)c(C(=O)NCC(O)CO)c(I)c(C(=O)N(C)CC(O)CO)c1I,0,0,0.021240337543776657,c1ccccc1
CN/C(NCc1ccccc1)=[NH+]\C,0,0,0.009334377936146318,c1ccccc1
CNC(=O)c1c(C)c(C(=O)[O-])c(I)c(NC(C)=O)c1I,0,0,0.0034755905817400227,c1ccccc1
C[C@H]([NH3+])[C@H](O)c1ccc(O)c(O)c1,0,0,0.008791799697193535,c1ccccc1
C[C@H]([NH3+])[C@H](O)c1cccc(O)c1,0,0,0.003426564050296558,c1ccccc1
C[NH2+][C@@H](C)[C@@H](O)c1ccccc1,0,0,0.0026621149570559477,c1ccccc1
COC(CNC(=O)c1ccccc1OCC(=O)[O-])[CH2][Hg][OH],0,0,0.03953662500030766,c1ccccc1
C[C@H](O)C(=O)Nc1c(I)c(C(=O)NC(CO)CO)c(I)c(C(=O)NC(CO)CO)c1I,0,0,0.020068846773549684,c1ccccc1
COC(=O)c1ccccc1O,0,0,0.024954224637267437,c1ccccc1
C[C@H]([NH3+])Cc1ccccc1,0,0,0.0021687887212261617,c1ccccc1
C[C@@H](Cc1ccccc1)NC(=O)[C@@H]([NH3+])CCCC[NH3+],0,0,0.005983656202951273,c1ccccc1
COc1ccc(OC)c(C(O)CNC(=O)C[NH3+])c1,0,0,0.011561750665708227,c1ccccc1
COc1ccc(O)cc1,0,0,0.011133588153910044,c1ccccc1
COc1ccccc1OCC(O)CO,0,0,0.02188512239519915,c1ccccc1
COc1ccccc1OCC(O)COC(N)=O,0,0,0.02953299671135261,c1ccccc1
COCCCC/C(=N\OCC[NH3+])c1ccc(C(F)(F)F)cc1,0,0,0.010230127914853162,c1ccccc1
C[C@]([NH3+])(Cc1ccc(O)c(O)c1)C(=O)[O-],0,0,0.002086966300699954,c1ccccc1
C[C@]([NH3+])(Cc1ccc(O)cc1)C(=O)[O-],0,0,0.001171249346760366,c1ccccc1
COc1cc(C)c(/C=C/C(C)=C/C=C/C(C)=C/C(=O)[O-])c(C)c1C,0,0,0.002678120471331542,c1ccccc1
Cc1cc(C)c(NC(=O)C[NH+](CC(=O)[O-])CC(=O)[O-])c(C)c1Br,0,0,0.003118279584894651,c1ccccc1
CC(=O)Oc1c(C)cc(OCC(O)C[NH2+]C(C)C)c(C)c1C,0,0,0.014679485608800447,c1ccccc1
Cc1ccc(C)c(OCCCC(C)(C)C(=O)[O-])c1,0,0,0.0019535418110168557,c1ccccc1
Cc1cccc(C)c1NC(=O)C(C)[NH3+],0,0,0.006495777619273886,c1ccccc1
C[C@@H]([NH3+])[C@@H](O)c1ccccc1,0,0,0.0027399587192422376,c1ccccc1
Cc1cccc(C)c1NC(=O)C[NH+](CC(=O)[O-])CC(=O)[O-],0,0,0.0015100991614496967,c1ccccc1
Cc1cccc(C)c1OCC(C)[NH3+],0,0,0.003140936553492637,c1ccccc1
C#CC[NH+](C)[C@H](C)Cc1ccccc1,0,0,0.003309546785511944,c1ccccc1
*C(=O)[C@H](CCCCNC(=O)OCCOC)NC(=O)OCCOC,0,0,0.03239568276120637,
O=C([O-])[C@@H](O)[C@@H](O)[C@H](O)[C@@H](O)C(=O)[O-],0,0,0.0016423131014808008,
O=[N+]([O-])[O-],0,0,0.014261637440884196,
[N]=O,0,0,0.02508670402493261,
[O]=[99Tc](=[O])(=[O])[O-],0,0,0.022256211246990863,
O=P([O-])([O-])F,0,0,0.00013141403225132718,
O=S(=O)([O-])[O-],0,0,0.0004936242291966122,
O=S([O-])([O-])=S,0,0,9.134810351635073e-05,
[Se],1,0,0.34196033993196084,
C#N,0,0,0.023516979265190332,
N#[C][Fe-2]([C]#N)([C]#N)([C]#N)([C]#N)[N]=O,0,0,0.015616539006583099,
[NH3+][C@@H](CS)C(=O)[O-],0,0,0.00041666475798332223,
CC[C@@H](CO)NCC[NH2+][C@@H](CC)CO,0,0,0.019552764236404643,
O=C[C@H](O)[C@@H](O)[C@H](O)CO,0,0,0.007278637834369123,
OC[C@@H](O)[C@@H](O)[C@H](O)[C@H](O)CO,0,0,0.005334704086234008,
O=C([O-])[C@H](O)[C@@H](O)[C@H](O)[C@H](O)CO,0,0,0.0009012558303899427,
OC[C@@H](O)[C@@H](O)[C@H](O)[C@@H](O)CO,0,0,0.005334704086234008,
NC(N)=[NH2+],0,0,0.010027137178976882,
FC(F)(F)C(F)(F)C(F)(F)C(F)(F)C(F)(F)C(F)(F)C(F)(F)C(F)(F)Br,0,0,0.00743793125220042,
C=CC[NH2+]CCCCCC[N+](C)(C)C,0,0,0.001273068155960668,
FC(F)(F)C(F)(F)C(F)(F)C(F)(F)C(F)(F)C(F)(F)F,0,0,0.01115795574319095,
O=C([O-])C(O)C(O)C(=O)[O-],0,0,0.001695762050056469,
O=C([O-])C(S)C(S)C(=O)[O-],0,0,0.0009360563634452797,
O=P([O-])([O-])OCC(Cl)(Cl)Cl,0,0,0.0014756341088087404,
[NH3+]C(CO)(CO)CO,0,0,0.00414277784753439,
OCC(O)CO,0,0,0.006583589804569474,
O=[N+]([O-])OCC(CO[N+](=O)[O-])O[N+](=O)[O-],0,0,0.0169799248612717,
OCC(S)CS,0,0,0.0028072525242184374,
FC(F)(F)C(F)(F)C(F)(F)F,0,0,0.01386362155559021,
FC(F)(F)C(Cl)Br,0,0,0.01283426331206107,
FC(F)OC(Cl)C(F)(F)F,0,0,0.011226090798951144,
FC(F)OC(F)C(F)(F)F,0,0,0.008816028681437844,
FC(F)=C(F)F,0,0,0.016937704470578185,
[NH3+]CC(=O)[O-],0,0,0.0003668237745027897,
O=C([O-])CC(O)(CC(=O)[O-])C(=O)[O-],0,0,0.0026752034032824085,
FC(F)OC(F)(F)C(F)Cl,0,0,0.007240056584977971,
O=C([O-])/C=C/C(=O)[O-],0,0,0.0022521539829048025,
NC(N)=[NH+]CCC[C@H]([NH3+])C(=O)[O-],0,0,0.00046150147210187773,
NCC[NH2+]CCNCC[NH2+]CCN,0,0,0.03574260197095128,
[NH3+]CCC(O)(P(=O)([O-])[O-])P(=O)([O-])[O-],0,0,0.00018083439419654332,
[NH3+]CCC[NH2+]CCSP(=O)([O-])[O-],0,0,3.899746837651327e-06,
[NH3+]CCCC([NH3+])(C(=O)[O-])C(F)F,0,0,0.00031889759813705335,
[NH3+]CCCC(O)(P(=O)([O-])[O-])P(=O)([O-])[O-],0,0,0.00017687727878037114,
O=C([O-])CCC(=O)[O-],0,0,0.001372450127323647,
[NH3+]CC(=O)CCC(=O)[O-],0,0,0.0007039101765712647,
O=C([O-])CCCO,0,0,0.0016208637254712774,
NC(=O)CC[C@H]([NH3+])C(=O)[O-],0,0,0.0007365178686907384,
[NH3+][C@@H](CCC(=O)N[C@@H](CSSC[C@H](NC(=O)CC[C@H]([NH3+])C(=O)[O-])C(=O)NCC(=O)[O-])C(=O)NCC(=O)[O-])C(=O)[O-],0,0,0.00039776738697318254,
[NH3+]CCCCCC(=O)[O-],0,0,0.00012916238042498087,
O=C([O-])CCCCCCCC(=O)[O-],0,0,0.0020629464413912594,
O=C([O-])CN(CC[NH+](CC(=O)[O-])CC(=O)[O-])CC(=O)[O-],0,0,0.011221143857646344,
O=C([O-])CN(CC[NH+](CC(=O)[O-])CC(=O)[O-])CC[NH+](CC(=O)[O-])CC(=O)[O-],0,0,0.00974509363911009,
NCC[NH2+]CCNCC[NH3+],0,0,0.018760732607181255,
O=S(=O)([O-])CCS,0,0,0.00043455959340712855,
[NH3+]CCS,0,0,0.0006850064749070026,
O=C([O-])[O-],0,0,0.001477647890650474,
O=C([O-])P(=O)([O-])[O-],0,0,0.001206074386097643,
NC(N)=O,0,0,0.04102780892798558,
NC(=O)NO,0,0,0.02209403422320182,
FCOC(C(F)(F)F)C(F)(F)F,0,0,0.007315385977028483,
C#CC(O)(/C=C/Cl)CC,0,0,0.008498973876467288,
CCC(C)C(C)(COC(N)=O)COC(N)=O,0,0,0.01661423002146914,
C[NH+](CCCl)CCCl,0,0,0.0017159991932253255,
C=CC([NH3+])CCC(=O)[O-],0,0,0.00029316307901110445,
C[NH2+]C[C@H](O)[C@@H](O)[C@H](O)[C@H](O)CO,0,0,0.002075728904810715,
CC(O)C(=O)[O-],0,0,0.0015202986192206119,
CC(S)C(=O)NCC(=O)[O-],0,0,0.0022078075338123,
CC(C)(S)[C@@H]([NH3+])C(=O)[O-],0,0,0.0004377023145919095,
CCCC(C)(COC(N)=O)COC(N)=O,0,0,0.015138157569110005,
CCCC(C)(COC(N)=O)COC(=O)NC(C)C,0,0,0.01667681788966912,
CCCC(CCC)C(=O)[O-],0,0,0.000338972535074424,
C[N+](C)(C)C[C@H](O)CC(=O)[O-],0,0,0.000259546686033383,
C[N+](C)(C)CC(=O)[O-],0,0,0.00015485514343110715,
CC(C)(CO)[C@@H](O)C(=O)NCCC(=O)[O-],0,0,0.0036232818533178494,
CC(C)(CO)[C@@H](O)C(=O)NCCCO,0,0,0.03157650939376766,
C[N+](C)(C)CCCCCCCCCC[N+](C)(C)C,0,0,0.0021597890307761534,
C[N+](C)(C)CCOC(=O)CCC(=O)OCC[N+](C)(C)C,0,0,0.006087593740402236,
CCCCC[NH+](C)CCC(O)(P(=O)([O-])[O-])P(=O)([O-])[O-],0,0,0.00022709842864150886,
C[N+](C)(C)CCOC(N)=O,0,0,0.0019745943371002627,
CCCCCCCC(=O)OCC(O)CO,0,0,0.017174441774636975,
CCCCCCCC/C=C\CCCCCCCC(=O)[O-],0,0,0.0007483068145185656,
CCCCCCCCCCCCCC(=O)OC[C@H](COP(=O)([O-])OCC[N+](C)(C)C)OC(=O)CCCCCCCCCCCCC,0,0,0.00013389938470565648,
CCCCCCCCCCCCCCCC(=O)OCC(COP(=O)([O-])OCC[N+](C)(C)C)OC(=O)CCCCCCCCCCCCCCC,0,0,0.00011852103715937426,
CCCCCCCCCCCCCCCCCCCCCCO,0,0,0.0048177372471653,
CCCCCCCCCCCCCCCCO,0,0,0.0063061605715300055,
CCCCCCCCCCCCCCOS(=O)(=O)[O-],0,0,0.0013407082491492654,
CCCCCCCCCCCCOCCOCCOCCOCCOCCOCCOCCOCCOCCO,0,0,0.010088510028231565,
CCCCCCOC(=O)CCC(=O)C[NH3+],0,0,0.005792624203109428,
CC(C)C[C@H](C[NH3+])CC(=O)[O-],0,0,0.00016597174458638547,
CC(C)O,0,0,0.003266164316255349,
CC(C)OP(=O)(F)OC(C)C,0,0,0.011743624389893835,
CCN(CC)C(=S)SSC(=S)N(CC)CC,0,0,0.0033931897045701106,
CC(=O)OC(C)C[N+](C)(C)C,0,0,0.0017201277930035679,
CC(C[N+](C)(C)C)OC(N)=O,0,0,0.0019981728379846507,
CCO,0,0,0.003322170460868058,
CC(O)(P(=O)([O-])[O-])P(=O)([O-])[O-],0,0,0.0005882606754711373,
CC(=O)[O-],0,0,0.0005368452956146704,
CC(=O)N(O)CCCCCNC(=O)CCC(=O)N(O)CCCCCNC(=O)CCC(=O)N(O)CCCCC[NH3+],0,0,0.06281303604549505,
CCOC(=O)CC(SP(=S)(OC)OC)C(=O)OCC,0,0,0.0008063909048993274,
CC(=O)N[C@@H](CS)C(=O)[O-],0,0,0.002153349765828828,
CCOCCP(CCOCC)CCP(CCOCC)CCOCC,0,0,0.00481810851259189,
CC(=O)NCCCS(=O)(=O)[O-],0,0,0.0024170694333360498,
CC(=O)NO,0,0,0.06922432338782011,
CCOP(=O)(OCC)SCC[N+](C)(C)C,0,0,0.0012376069168046264,
[Cl][201Tl],0,0,0.0057280240515055775,
[Cl][Cr]([Cl])[Cl],0,0,0.004591145363920653,
[Cl][Cu][Cl],0,0,0.0054165383334849205,
[Cl][Mn][Cl],0,0,0.005366002021927425,
[Cl][Zn][Cl],0,0,0.005445591535984041,
CN(C)C(=[NH2+])NC(N)=[NH2+],0,0,0.00897669321954633,
CC(=O)OCC[N+](C)(C)C,0,0,0.0015319733149829176,
CNC(=O)CN(CCN(CC[NH+](CC(=O)[O-])CC(=O)NC)CC(=O)[O-])CC(=O)[O-],0,0,0.016118911698651022,
C/C(=N\O)[C@@H](C)[NH2+]CC(C)(C)C[NH2+][C@H](C)/C(C)=N/O,0,0,0.0026234788788332404,
CO[Si](C)(C)O[Si](C)(C)C,0,0,0.0013035537853589997,
COC(F)(F)C(Cl)Cl,0,0,0.012539276872029471,
COC(CNC(N)=O)[CH2][Hg][Cl],0,0,0.015755841365973196,
COC(=O)CCC(=O)C[NH3+],0,0,0.005730990230782712,
COCCNC(=O)CN(CCN(CC[NH+](CC(=O)[O-])CC(=O)NCCOC)CC(=O)[O-])CC(=O)[O-],0,0,0.010352555057506973,
COCCO,0,0,0.003356962692343827,
CS(C)=O,0,0,0.0018211147952527657,
II,0,0,0.02371454083172245,
O=N[O-],0,0,0.006759606232827974,
O=[32P]([O-])([O-])O,0,0,0.0007901348765559235,
[O]=[Al][O][Al]=[O],0,0,0.006709122590200596,
O=[Si](O)O,0,0,0.0008553419874682564,
[O]=[Ti]=[O],0,0,0.003552488763270271,
[O]=[Zn],0,0,0.0036956774050158053,
[O-][Cl+3]([O-])([O-])O,0,0,0.012174008170109973,
S=[Se]=S,0,0,0.0015898498559612985,
C[NH2+]CCCC1c2ccccc2C=Cc2ccccc21,0,0,0.004476849454863473,C1=Cc2ccccc2Cc2ccccc21
NS(=O)(=O)c1cc(C(=O)[O-])c(NCc2ccco2)cc1Cl,0,0,0.007633108767992107,c1ccc(NCc2ccco2)cc1
NC(=O)N1c2ccccc2C=Cc2ccccc21,0,0,0.07950781999384075,C1=Cc2ccccc2Nc2ccccc21
CO[C@@]12[C@H](COC(N)=O)C3=C(C(=O)C(C)=C(N)C3=O)N1C[C@@H]1N[C@@H]12,1,0,0.435992419243914,O=C1C=CC(=O)C2=C1CC1C3NC3CN21
OC[C@H]1O[C@@H](n2cnc3c2NC=[NH+]C[C@H]3O)C[C@@H]1O,0,0,0.07994006794118905,C1=[NH+]CCc2ncn(C3CCCO3)c2N1
O=C1c2c([O-])ccc([O-])c2C(=O)c2c(NCC[NH2+]CCO)ccc(NCC[NH2+]CCO)c21,0,0,0.005531899117657371,O=C1c2ccccc2C(=O)c2ccccc21
O=C1c2c(O)ccc(O)c2C(=O)c2c(NCCNCCO)ccc(NCCNCCO)c21,1,1,0.838204604384269,O=C1c2ccccc2C(=O)c2ccccc21
CCOC(=O)N1CCC(=C2c3ccc(Cl)cc3CCc3cccnc32)CC1,0,0,0.06415041919078066,c1ccc2c(c1)CCc1cccnc1C2=C1CCNCC1
C#C[C@]1(O)CC[C@H]2[C@@H]3CCC4=C(CCC(=O)C4)[C@H]3CC[C@@]21C,0,0,0.01929702807281617,O=C1CCC2=C(CCC3C2CCC2CCCC23)C1
Cc1cccc(C[NH+]2CCN(C(c3ccccc3)c3ccc(Cl)cc3)CC2)c1,0,0,0.02688093264414464,c1ccc(C[NH+]2CCN(C(c3ccccc3)c3ccccc3)CC2)cc1
CC(C)(C)c1ccc(C[NH+]2CCN(C(c3ccccc3)c3ccc(Cl)cc3)CC2)cc1,0,0,0.023487675543719087,c1ccc(C[NH+]2CCN(C(c3ccccc3)c3ccccc3)CC2)cc1
COc1cccc2c1C(=O)c1c([O-])c3c(c([O-])c1C2=O)C[C@@](O)(C(=O)CO)C[C@@H]3O[C@H]1C[C@H]([NH3+])[C@@H](O)[C@H](C)O1,0,0,0.010932567617293845,O=C1c2ccccc2C(=O)c2cc3c(cc21)CCCC3OC1CCCCO1
COc1cccc2c1C(=O)c1c(O)c3c(c(O)c1C2=O)C[C@@](O)(C(C)=O)C[C@@H]3O[C@H]1C[C@H](N)[C@H](O)[C@H](C)O1,1,1,0.7118454064179561,O=C1c2ccccc2C(=O)c2cc3c(cc21)CCCC3OC1CCCCO1
COc1cccc2c1C(=O)c1c(O)c3c(c(O)c1C2=O)C[C@@](O)(C(=O)CO)C[C@@H]3O[C@H]1C[C@H](N)[C@H](O)[C@H](C)O1,1,1,0.7513612178826242,O=C1c2ccccc2C(=O)c2cc3c(cc21)CCCC3OC1CCCCO1
COc1cccc2c1C(=O)c1c([O-])c3c(c([O-])c1C2=O)C[C@@](O)(C(C)=O)C[C@@H]3O[C@H]1C[C@H]([NH3+])[C@H](O)[C@H](C)O1,0,0,0.010003787205536971,O=C1c2ccccc2C(=O)c2cc3c(cc21)CCCC3OC1CCCCO1
COc1cccc2c1C(=O)c1c([O-])c3c(c([O-])c1C2=O)C[C@@](O)(C(=O)CO)C[C@@H]3O[C@H]1C[C@H]([NH3+])[C@H](O)[C@H](C)O1,0,0,0.010932567617293845,O=C1c2ccccc2C(=O)c2cc3c(cc21)CCCC3OC1CCCCO1
CC(=O)[C@]1(O)Cc2c([O-])c3c(c([O-])c2[C@@H](O[C@H]2C[C@H]([NH3+])[C@H](O)[C@H](C)O2)C1)C(=O)c1ccccc1C3=O,0,0,0.008314872171269,O=C1c2ccccc2C(=O)c2cc3c(cc21)CCCC3OC1CCCCO1
CCCCC(=O)OCC(=O)[C@]1(O)Cc2c([O-])c3c(c([O-])c2[C@@H](OC2CC(NC(=O)C(F)(F)F)C(O)C(C)O2)C1)C(=O)c1c(OC)cccc1C3=O,0,0,0.05087662520345781,O=C1c2ccccc2C(=O)c2cc3c(cc21)CCCC3OC1CCCCO1
CCC1(C)CC(=O)NC1=O,0,0,0.00681425480588314,O=C1CCC(=O)N1
O=C(CCS)N1CCc2c([nH]c3ccccc23)C1,0,0,0.009990199866521181,c1ccc2c3c([nH]c2c1)CNCC3
CO[C@@H]1[C@@H](OC(N)=O)[C@@H](O)[C@H](Oc2ccc3c([O-])c(NC(=O)c4ccc(O)c(CC=C(C)C)c4)c(=O)oc3c2C)OC1(C)C,0,0,0.006315661404515404,O=C(Nc1cc2ccc(OC3CCCCO3)cc2oc1=O)c1ccccc1
CCNC(=O)[C@@H]1CCCN1C(=O)[C@H](CCCNC(N)=[NH2+])NC(=O)[C@H](CC(C)C)NC(=O)[C@@H](Cc1cn(Cc2ccccc2)cn1)NC(=O)[C@H](Cc1ccc(O)cc1)NC(=O)[C@H](CO)NC(=O)[C@H](Cc1c[nH]c2ccccc12)NC(=O)[C@H](Cc1cnc[nH]1)NC(=O)[C@@H]1CCC(=O)N1,0,0,0.06963367569906127,O=C(CNC(=O)C(Cc1cn(Cc2ccccc2)cn1)NC(=O)C(Cc1ccccc1)NC(=O)CNC(=O)C(Cc1c[nH]c2ccccc12)NC(=O)C(Cc1cnc[nH]1)NC(=O)C1CCC(=O)N1)NCC(=O)N1CCCC1
CC(C)c1nc(CN(C)C(=O)N[C@H](C(=O)N[C@@H](Cc2ccccc2)C[C@H](O)[C@H](Cc2ccccc2)NC(=O)OCc2cncs2)C(C)C)cs1,0,0,0.09929806655053092,O=C(CNC(=O)NCc1cscn1)NC(CCC(Cc1ccccc1)NC(=O)OCc1cncs1)Cc1ccccc1
CC(C)(C)[NH2+]CC(O)COc1cccc2c1C[C@H](O)[C@H](O)C2,0,0,0.013309381095764622,c1ccc2c(c1)CCCC2
CCCCC[C@@H](O)CC[C@H]1[C@@H]2Cc3cccc(OCC(=O)[O-])c3C[C@@H]2C[C@@H]1O,0,0,0.01030031852692898,c1ccc2c(c1)CC1CCCC1C2
CC(C)(O)c1ccccc1CC[C@@H](SCC1(CC(=O)[O-])CC1)c1cccc(/C=C/c2ccc3ccc(Cl)cc3n2)c1,0,0,0.001966813658893419,C(=Cc1ccc2ccccc2n1)c1cccc(C(CCc2ccccc2)SCC2CC2)c1
CCOC(=O)c1cncn1C(C)c1ccccc1,0,0,0.0622669943831045,c1ccc(Cn2ccnc2)cc1
NC(N)=[NH+]CCN1CCCCCCC1,0,0,0.005275484988957952,C1CCCNCCC1
Cc1cc(C)c(/C=C2\C(=O)Nc3ccccc32)[nH]1,0,0,0.05310859620126548,O=C1Nc2ccccc2C1=Cc1ccc[nH]1
CC[NH+](CC)CCNC(=O)c1c(C)[nH]c(/C=C2\C(=O)Nc3ccc(F)cc32)c1C,0,0,0.07094727980794112,O=C1Nc2ccccc2C1=Cc1ccc[nH]1
CCN(CC)CCNC(=O)c1c(C)[nH]c(/C=C2\C(=O)Nc3ccc(F)cc32)c1C,1,1,0.8925393458356357,O=C1Nc2ccccc2C1=Cc1ccc[nH]1
CCC(C)CCCC(=O)N[C@@H](CC[NH3+])C(=O)N[C@H](C(=O)N[C@@H](CC[NH3+])C(=O)N[C@H]1CCNC(=O)[C@H]([C@@H](C)O)NC(=O)[C@H](CC[NH3+])NC(=O)[C@H](CC[NH3+])NC(=O)[C@H](CC(C)C)NC(=O)[C@@H](CC(C)C)NC(=O)[C@H](CC[NH3+])NC1=O)[C@@H](C)O,0,0,0.006621836540109795,O=C1CCCNC(=O)CNC(=O)CNC(=O)CNC(=O)CNC(=O)CNC(=O)CN1
CCOC(=O)[C@H](CCc1ccccc1)[NH2+][C@@H](C)C(=O)N1Cc2ccccc2C[C@H]1C(=O)[O-],0,0,0.0037310718951303903,O=C(C[NH2+]CCCc1ccccc1)N1CCc2ccccc2C1
CCOC(=O)[C@H](CCc1ccccc1)[NH2+][C@@H](C)C(=O)N1Cc2cc(OC)c(OC)cc2C[C@H]1C(=O)[O-],0,0,0.003903066688819159,O=C(C[NH2+]CCCc1ccccc1)N1CCc2ccccc2C1
C[C@]12Cc3cn[nH]c3C[C@@H]1CC[C@@H]1[C@@H]2CC[C@@]2(C)[C@H]1CC[C@]2(C)O,0,0,0.01988745803429248,c1n[nH]c2c1CC1C(CCC3C4CCCC4CCC13)C2
C=CC[N+]1([C@H]2C[C@H]3[C@@H]4CC[C@H]5C[C@H](O)[C@@H]([NH+]6CCOCC6)C[C@]5(C)[C@H]4CC[C@]3(C)[C@H]2OC(C)=O)CCCC1,0,0,0.03797245441958285,C1CC[NH+](C2CC3CCC4C5CC([NH+]6CCOCC6)CCC5CCC4C3C2)C1
CC1C=CC=CC=CC=CC=CC=CC=CC(OC2O[C@H](C)[C@@H](O)[C@H]([NH3+])[C@@H]2O)CC2OC(O)(CC(O)CC(O)CC(O)CC(=O)CCCC(=O)CC(=O)OC1C(C)CC(C)C(O)CC(=O)c1ccc(N)cc1)CC(O)C2C(=O)[O-],0,0,0.0027788836739635493,O=C1CCCCCCCC2CCCC(CC(OC3CCCCO3)C=CC=CC=CC=CC=CC=CC=CCC(CCCCCC(=O)c3ccccc3)OC(=O)CC(=O)CCC1)O2
Clc1ccc2c(c1)C(c1ccccc1)=NCc1nncn1-2,0,0,0.10938353252929472,c1ccc(C2=NCc3nncn3-c3ccccc32)cc1
Cc1nnc2n1-c1ccc(Cl)cc1C(c1ccccc1)=NC2,0,0,0.10207145804335956,c1ccc(C2=NCc3nncn3-c3ccccc32)cc1
Cc1nnc2n1-c1ccc(Cl)cc1C(c1ccccc1Cl)=NC2,0,0,0.10255795167009343,c1ccc(C2=NCc3nncn3-c3ccccc32)cc1
CC(C)(C)[NH2+]CC(O)COc1cccc2c1CCC(=O)N2,0,0,0.004291621319337932,O=C1CCc2ccccc2N1
Cc1nc(Nc2ncc(C(=O)Nc3c(C)cccc3Cl)s2)cc(N2CCN(CCO)CC2)n1,1,1,0.5643436936328436,O=C(Nc1ccccc1)c1cnc(Nc2cc(N3CCNCC3)ncn2)s1
NC(=O)c1ncn([C@@H]2O[C@H](CO)[C@@H](O)[C@H]2O)n1,0,0,0.053925733413161585,c1ncn(C2CCCO2)n1
CCC(=O)O[C@@](Cc1ccccc1)(c1ccccc1)[C@@H](C)C[NH+](C)C,0,0,0.007844692431425944,c1ccc(CCc2ccccc2)cc1
CCC(=O)O[C@](Cc1ccccc1)(c1ccccc1)[C@H](C)C[NH+](C)C,0,0,0.007844692431425944,c1ccc(CCc2ccccc2)cc1
Cc1cnc(C(=O)NCCc2ccc(S(=O)(=O)[N-]C(=O)NC3CCCCC3)cc2)cn1,0,0,0.05444998150446741,O=C([N-]S(=O)(=O)c1ccc(CCNC(=O)c2cnccn2)cc1)NC1CCCCC1
CCC1=CC2C[NH+](C1)Cc1c([nH]c3ccccc13)[C@@](C(=O)OC)(c1cc3c(cc1OC)N(C)[C@H]1[C@@](O)(C(=O)OC)[C@H](OC(C)=O)[C@]4(CC)C=CC[NH+]5CC[C@]31[C@@H]54)C2,0,0,0.10771753325856805,C1=CC2CC(c3ccc4c(c3)C35CC[NH+]6CC=CC(CCC3N4)C65)c3[nH]c4ccccc4c3C[NH+](C1)C2
O=S(=O)([O-])O[C@@H]1[C@@H](OS(=O)(=O)[O-])[C@H](O[C@@H]2CO[C@@H](O)[C@H](OS(=O)(=O)[O-])[C@H]2OS(=O)(=O)[O-])OC[C@H]1O,0,0,0.0005212426608567838,C1CCC(OC2CCCOC2)OC1
O=C([O-])CN1CCN(C(CO)C(O)CO)CCN(CC(=O)[O-])CC[NH+](CC(=O)[O-])CC1,0,0,0.008877165123852246,C1CNCC[NH2+]CCNCCN1
CC(O)CN1CCN(CC(=O)[O-])CCN(CC(=O)[O-])CC[NH+](CC(=O)[O-])CC1,0,0,0.006988913604657817,C1CNCC[NH2+]CCNCCN1
O=C(c1ccc2nonc2c1)N1CCCCC1,1,0,0.4974061330205529,O=C(c1ccc2nonc2c1)N1CCCCC1
CC(C)OC(=O)CCC/C=C\C[C@@H]1[C@@H](/C=C/[C@@H](O)COc2cccc(C(F)(F)F)c2)[C@H](O)C[C@@H]1O,0,0,0.07303838702656228,C(=CC1CCCC1)CCOc1ccccc1
Cc1cc(/C=C/c2ccc3cc(N(C)C)ccc3[n+]2C)c(C)n1-c1ccccc1,0,0,0.09657551989649371,C(=Cc1ccc2ccccc2[nH+]1)c1ccn(-c2ccccc2)c1
CCN(Cc1ccncc1)C(=O)C(CO)c1ccccc1,0,0,0.08154384158836445,O=C(Cc1ccccc1)NCc1ccncc1
Cc1nc2n(c(=O)c1CC[NH+]1CCC(c3noc4cc(F)ccc34)CC1)CCCC2O,0,0,0.047687304679016614,O=c1c(CC[NH+]2CCC(c3noc4ccccc34)CC2)cnc2n1CCCC2
Cc1nc2n(c(=O)c1CC[NH+]1CCC(c3noc4cc(F)ccc34)CC1)CCCC2,0,0,0.05403780128923628,O=c1c(CC[NH+]2CCC(c3noc4ccccc34)CC2)cnc2n1CCCC2
CCCCCCCCCCCCCCCC(=O)O[C@@H]1CCCn2c1nc(C)c(CC[NH+]1CCC(c3noc4cc(F)ccc34)CC1)c2=O,0,0,0.0237708218455112,O=c1c(CC[NH+]2CCC(c3noc4ccccc34)CC2)cnc2n1CCCC2
CN1CCN(c2ccc3c(c2)N/C(=C2/C(=O)N=c4cccc(F)c4=C2N)N3)CC1,1,1,0.9024252646414097,O=C1N=c2ccccc2=CC1=C1Nc2ccc(N3CCNCC3)cc2N1
CN1CCN(c2ccc3c(c2)N/C(=C2\C(=O)N=c4cccc(F)c4=C2N)N3)CC1,1,1,0.9024252646414097,O=C1N=c2ccccc2=CC1=C1Nc2ccc(N3CCNCC3)cc2N1
CCn1cc(C(=O)[O-])c(=O)c2cc(F)c(N3CC[NH2+]C(C)C3)c(F)c21,0,0,0.00918544939220802,O=c1cc[nH]c2cc(N3CC[NH2+]CC3)ccc12
CCn1cc(C(=O)[O-])c(=O)c2cc(F)c(N3CC[NH2+]CC3)cc21,0,0,0.007668836211142087,O=c1cc[nH]c2cc(N3CC[NH2+]CC3)ccc12
Cn1nc(C(=O)NC2CC3CCCC(C2)[NH+]3C)c2ccccc21,0,0,0.019863126867169165,O=C(NC1CC2CCCC(C1)[NH2+]2)c1n[nH]c2ccccc12
C[NH+](C/C=C/c1ccccc1)Cc1cccc2ccccc12,0,0,0.007421959056640233,C(=Cc1ccccc1)C[NH2+]Cc1cccc2ccccc12
CCOC(=O)c1ncn2c1CN(C)C(=O)c1cc(F)ccc1-2,0,0,0.06797415378979219,O=C1NCc2cncn2-c2ccccc21
CO[C@H]1/C=C/O[C@@]2(C)Oc3c(C)c([O-])c4c(c3C2=O)C2=NC3(CC[NH+](CC(C)C)CC3)[NH2+]C2=C(NC(=O)/C(C)=C\C=C\[C@H](C)[C@H](O)[C@@H](C)[C@@H](O)[C@@H](C)[C@H](OC(C)=O)[C@@H]1C)C4=O,0,0,0.0005409315241372082,O=C1C=CC=CCCCCCCCCC=COC2Oc3ccc4c(c3C2=O)C2=NC3(CC[NH2+]CC3)[NH2+]C2=C(N1)C4=O
CC(C)(C)NC(=O)N[C@H](C(=O)N1C[C@H]2[C@@H]([C@H]1C(=O)NC(CC1CCC1)C(=O)C(N)=O)C2(C)C)C(C)(C)C,0,0,0.07548590969025921,O=C(NCCC1CCC1)C1NCC2CC21
C/C=C/C1=C(C(=O)[O-])N2C(=O)[C@@H](NC(=O)[C@H]([NH3+])c3ccc(O)cc3)[C@H]2SC1,0,0,0.0010810032454432233,O=C(Cc1ccccc1)NC1C(=O)N2C=CCSC12
CC(=O)OCC1=C(C(=O)[O-])N2C(=O)[C@@H](NC(=O)[C@H]([NH3+])c3ccccc3)[C@H]2SC1,0,0,0.0008282249360721301,O=C(Cc1ccccc1)NC1C(=O)N2C=CCSC12
[NH3+][C@@H](CC(=O)N1CCn2c(nnc2C(F)(F)F)C1)Cc1cc(F)c(F)cc1F,0,0,0.0771739957790783,O=C(CCCc1ccccc1)N1CCn2cnnc2C1
Cc1ccccc1C(=O)Nc1ccc(C(=O)N2CCCC(O)c3cc(Cl)ccc32)c(C)c1,0,0,0.05261186027345742,O=C(Nc1ccc(C(=O)N2CCCCc3ccccc32)cc1)c1ccccc1
O=C(OC[C@H]1O[C@@H](OC(=O)c2cc(O)c(O)c(OC(=O)c3cc(O)c(O)c(O)c3)c2)[C@H](OC(=O)c2cc(O)c(O)c(OC(=O)c3cc(O)c(O)c(O)c3)c2)[C@@H](OC(=O)c2cc(O)c(O)c(OC(=O)c3cc(O)c(O)c(O)c3)c2)[C@@H]1OC(=O)c1cc(O)c(O)c(OC(=O)c2cc(O)c(O)c(O)c2)c1)c1cc(O)c(O)c(OC(=O)c2cc(O)c(O)c(O)c2)c1,0,0,0.026663627626572105,O=C(OCC1OC(OC(=O)c2cccc(OC(=O)c3ccccc3)c2)C(OC(=O)c2cccc(OC(=O)c3ccccc3)c2)C(OC(=O)c2cccc(OC(=O)c3ccccc3)c2)C1OC(=O)c1cccc(OC(=O)c2ccccc2)c1)c1cccc(OC(=O)c2ccccc2)c1
COc1cc(Cc2cnc(N)nc2N)cc(OC)c1OC,0,0,0.07954126150934239,c1ccc(Cc2cncnc2)cc1
Clc1ccc2nsnc2c1NC1=[NH+]CCN1,0,0,0.015538740790125054,c1cc(NC2=[NH+]CCN2)c2nsnc2c1
CCN1CCN(C(=O)N[C@@H](C(=O)N[C@@H]2C(=O)N3[C@@H]2SC(C)(C)[C@@H]3C(=O)[O-])c2ccccc2)C(=O)C1=O,0,0,0.003356049257744774,O=C1NCCN(C(=O)NC(C(=O)NC2C(=O)N3CCSC23)c2ccccc2)C1=O
OC[C@H]1O[C@H](O)[C@H](F)[C@@H](O)[C@@H]1O,0,0,0.019512417205419286,C1CCOCC1
CN(N=O)C(=O)N[C@@H]1[C@@H](O)[C@H](O)[C@@H](CO)O[C@@H]1O,0,0,0.029081050637774653,C1CCOCC1
CC[P](CC)(CC)=[Au][S][C@@H]1O[C@H](COC(C)=O)[C@@H](OC(C)=O)[C@H](OC(C)=O)[C@H]1OC(C)=O,0,0,0.006975059259965468,C1CCOCC1
CC(C)CNCc1ccc(-c2ccccc2S(=O)(=O)N2CCCC2)cc1,1,0,0.4401497523105487,O=S(=O)(c1ccccc1-c1ccccc1)N1CCCC1
C[NH+](C)CCCN1c2ccccc2Sc2ccc(C(F)(F)F)cc21,0,0,0.007401423282467166,c1ccc2c(c1)Nc1ccccc1S2
C[NH+](C)CCCN1c2ccccc2Sc2ccc(Cl)cc21,0,0,0.0031672842849910965,c1ccc2c(c1)Nc1ccccc1S2
C[NH+](C)CCCN1c2ccccc2Sc2ccccc21,0,0,0.0025017691150132034,c1ccc2c(c1)Nc1ccccc1S2
COc1ccc2c(c1)N(C[C@H](C)C[NH+](C)C)c1ccccc1S2,0,0,0.004653913605851035,c1ccc2c(c1)Nc1ccccc1S2
CC(CN1c2ccccc2Sc2ccccc21)[NH+](C)C,0,0,0.0027972878252831056,c1ccc2c(c1)Nc1ccccc1S2
CC(CN1c2ccccc2Sc2ccccc21)C[NH+](C)C,0,0,0.0028111262348353254,c1ccc2c(c1)Nc1ccccc1S2
CC[NH+](CC)C(C)CN1c2ccccc2Sc2ccccc21,0,0,0.0033951755452716133,c1ccc2c(c1)Nc1ccccc1S2
CCC(=O)c1ccc2c(c1)N(CC(C)[NH+](C)C)c1ccccc1S2,0,0,0.008028688779302115,c1ccc2c(c1)Nc1ccccc1S2
C[C@H]1C[C@H]2[C@@H]3CCC4=CC(=O)C=C[C@]4(C)[C@@]3(F)[C@@H](O)C[C@]2(C)[C@@]1(OC(=O)c1ccccc1)C(=O)CO,0,0,0.07039768289967918,O=C1C=CC2C(=C1)CCC1C2CCC2C(OC(=O)c3ccccc3)CCC21
CCOC(=O)[C@H](CCc1ccccc1)[NH2+][C@H]1CCc2ccccc2N(CC(=O)[O-])C1=O,0,0,0.0024016270642479125,O=C1Nc2ccccc2CCC1[NH2+]CCCc1ccccc1
C[NH+](C)CCC[C@@]1(c2ccc(F)cc2)OCc2cc(C#N)ccc21,0,0,0.008955689947962992,c1ccc(C2OCc3ccccc32)cc1
C[NH+](C)CCCC1(c2ccc(F)cc2)OCc2cc(C#N)ccc21,0,0,0.008955689947962992,c1ccc(C2OCc3ccccc32)cc1
NC1=[NH+]CC2c3ccccc3Cc3ccccc3N12,0,0,0.007480498873857766,C1=[NH+]CC2c3ccccc3Cc3ccccc3N12
NS(=O)(=O)Cc1noc2ccccc12,0,0,0.026017710431639734,c1ccc2oncc2c1
OC(Cn1cncn1)(Cn1cncn1)c1ccc(F)cc1F,0,0,0.07522676664827299,c1ccc(C(Cn2cncn2)Cn2cncn2)cc1
CC(=O)c1ccc2c(c1)N(CCCN1CC[NH+](CCO)CC1)c1ccccc1S2,0,0,0.03517368501781427,c1ccc2c(c1)Sc1ccccc1N2CCCN1CC[NH2+]CC1
OCC[NH+]1CCN(CCCN2c3ccccc3Sc3ccc(C(F)(F)F)cc32)CC1,0,0,0.03774026399480468,c1ccc2c(c1)Sc1ccccc1N2CCCN1CC[NH2+]CC1
OCC[NH+]1CCN(CCCN2c3ccccc3Sc3ccc(Cl)cc32)CC1,0,0,0.021145514610412464,c1ccc2c(c1)Sc1ccccc1N2CCCN1CC[NH2+]CC1
C[NH+]1CCN(CCCN2c3ccccc3Sc3ccc(C(F)(F)F)cc32)CC1,0,0,0.03745826930240491,c1ccc2c(c1)Sc1ccccc1N2CCCN1CC[NH2+]CC1
C[NH+]1CCN(CCCN2c3ccccc3Sc3ccc(Cl)cc32)CC1,0,0,0.024698827785128347,c1ccc2c(c1)Sc1ccccc1N2CCCN1CC[NH2+]CC1
CCSc1ccc2c(c1)N(CCCN1CC[NH+](C)CC1)c1ccccc1S2,0,0,0.0090162133806468,c1ccc2c(c1)Sc1ccccc1N2CCCN1CC[NH2+]CC1
OC[C@H]1O[C@@](CO)(O[C@H]2O[C@H](CO)[C@@H](O)[C@H](O)[C@H]2O)[C@@H](O)[C@@H]1O,0,0,0.02696354672751064,C1CCC(OC2CCCO2)OC1
O=S(=O)(OC[C@H]1O[C@@H](O[C@]2(COS(=O)(=O)[O][Al]([OH])[OH])O[C@H](OS(=O)(=O)[O][Al]([OH])[OH])[C@@H](OS(=O)(=O)[O][Al]([OH])[OH])[C@@H]2OS(=O)(=O)[O][Al]([OH])[OH])[C@H](OS(=O)(=O)[O][Al]([OH])[OH])[C@@H](OS(=O)(=O)[O][Al]([OH])[OH])[C@@H]1OS(=O)(=O)[O][Al]([OH])[OH])[O][Al]([OH])[OH],0,0,0.0010617971992699787,C1CCC(OC2CCCO2)OC1
COC(=O)C1=C(C)NC(C)=C(C(=O)OCC[NH+](C)Cc2ccccc2)C1c1cccc([N+](=O)[O-])c1,0,0,0.020222379098785173,O=C(OCC[NH2+]Cc1ccccc1)C1=CNC=CC1c1ccccc1
COc1cc2nc(N(C)CCCNC(=O)C3CCCO3)nc(N)c2cc1OC,0,0,0.03975721285721552,O=C(NCCCNc1ncc2ccccc2n1)C1CCCO1
CCCc1cc(=O)[nH]c(=S)[nH]1,0,0,0.007322911476053399,O=c1cc[nH]c(=S)[nH]1
[H]/[NH+]=C(\N)c1ccc(OCCCCCOc2ccc(/C(N)=[NH+]/[H])cc2)cc1,0,0,0.11198381960878681,c1ccc(OCCCCCOc2ccccc2)cc1
CN(C)c1cc(NC(=O)C[NH2+]C(C)(C)C)c([O-])c2c1C[C@H]1C[C@H]3[C@H]([NH+](C)C)C([O-])=C(C(N)=O)C(=O)[C@@]3(O)C([O-])=C1C2=O,0,0,0.003044435116089177,O=C1C2=CC3C(=O)C=CCC3CC2Cc2ccccc21
C[C@H]1c2cccc([O-])c2C(=O)C2=C([O-])[C@]3(O)C(=O)C(C(N)=O)=C([O-])[C@@H]([NH+](C)C)[C@@H]3[C@@H](O)[C@@H]21,0,0,0.0022171755826518253,O=C1C2=CC3C(=O)C=CCC3CC2Cc2ccccc21
C[NH+](C)[C@@H]1C([O-])=C(C(N)=O)C(=O)[C@@]2(O)C([O-])=C3C(=O)c4c([O-])ccc(Cl)c4[C@@H](O)[C@H]3C[C@@H]12,0,0,0.0022713081439528185,O=C1C2=CC3C(=O)C=CCC3CC2Cc2ccccc21
C[NH+](C)[C@@H]1C([O-])=C(C(N)=O)C(=O)[C@@]2(O)C([O-])=C3C(=O)c4c([O-])cccc4[C@@](C)(O)[C@H]3[C@H](O)[C@@H]12,0,0,0.0021628914314329364,O=C1C2=CC3C(=O)C=CCC3CC2Cc2ccccc21
C[NH+](C)[C@@H]1C([O-])=C(C(N)=O)C(=O)[C@@]2(O)C([O-])=C3C(=O)c4c([O-])cccc4[C@@](C)(O)[C@H]3C[C@@H]12,0,0,0.0016990258677986412,O=C1C2=CC3C(=O)C=CCC3CC2Cc2ccccc21
Oc1ccc(C2C[NH2+]CCc3c2cc(O)c(O)c3Cl)cc1,0,0,0.01469491273243209,c1ccc(C2C[NH2+]CCc3ccccc32)cc1
Cc1cccc(Nc2ccncc2S(=O)(=O)[N-]C(=O)NC(C)C)c1,0,0,0.052759234630122095,c1ccc(Nc2ccncc2)cc1
CC/C(=C(/CC)c1ccc(O)cc1)c1ccc(O)cc1,0,0,0.017477829798730277,C(=Cc1ccccc1)c1ccccc1
CC/C(=C(/CC)c1ccc(OP(=O)([O-])[O-])cc1)c1ccc(OP(=O)([O-])[O-])cc1,0,0,0.006548419736088827,C(=Cc1ccccc1)c1ccccc1
O=C1CN=C(c2ccccc2)c2cc(Cl)ccc2N1CC1CC1,0,0,0.032281327740923,O=C1CN=C(c2ccccc2)c2ccccc2N1CC1CC1
Cc1cc(C)cc(OCC2CNC(=O)O2)c1,0,0,0.02184537505481974,O=C1NCC(COc2ccccc2)O1
O=C1[O][Pt][O]C(=O)C12CCC2,0,0,0.009277070037242263,O=C1[O][Pt][O]C(=O)C12CCC2
C=C1C[C@@H]2CC[C@@]34C[C@H]5O[C@H]6[C@@H](O3)[C@H]3O[C@H](CC[C@@H]3O[C@H]6[C@H]5O4)CC(=O)C[C@@H]3[C@@H](OC)[C@@H](C[C@H](O)CN)O[C@H]3C[C@H]3O[C@@H](CC[C@@H]1O2)C[C@@H](C)C3=C,1,1,0.6074694967004123,C=C1CC2CCC34CC5OC6C(OC7CCC(CC(=O)CC8CCOC8CC8OC(CCC8=C)CCC1O2)OC7C6O3)C5O4
Nc1nnc(-c2cccc(Cl)c2Cl)c(N)n1,0,0,0.05689399900860681,c1ccc(-c2cncnn2)cc1
CCCCCc1cc(O)c2c(c1)OC(C)(C)[C@@H]1CCC(C)=C[C@@H]21,0,0,0.010747962146655177,C1=CC2c3ccccc3OCC2CC1
CC[C@]1(O)CC[C@H]2[C@@H]3CCC4=CCCC[C@@H]4[C@H]3CC[C@@]21C,0,0,0.013218438395635015,C1=C2CCC3C4CCCC4CCC3C2CCC1
C#C[C@]1(OC(C)=O)CC[C@H]2[C@@H]3CCC4=C[C@@H](OC(C)=O)CC[C@@H]4[C@H]3CC[C@@]21C,0,0,0.02819883201697357,C1=C2CCC3C4CCCC4CCC3C2CCC1
CCC[NH+](CCc1cccs1)[C@H]1CCc2c(O)cccc2C1,0,0,0.0034356805995731893,c1csc(CC[NH2+]C2CCc3ccccc3C2)c1
NC(=O)C[S@@](=O)C(c1ccccc1)c1ccccc1,0,0,0.012819755511957383,c1ccc(Cc2ccccc2)cc1
NC(=O)CS(=O)C(c1ccccc1)c1ccccc1,0,0,0.012819755511957383,c1ccc(Cc2ccccc2)cc1
C[NH+](C)CCC(O)(c1ccccc1)c1ccccc1Cl,0,0,0.009085609062581343,c1ccc(Cc2ccccc2)cc1
CC(C)[N+](C)(CCC(C(N)=O)(c1ccccc1)c1ccccc1)C(C)C,0,0,0.006873886079287024,c1ccc(Cc2ccccc2)cc1
Oc1c(Cl)cc(Cl)c(Cl)c1Cc1c(O)c(Cl)cc(Cl)c1Cl,0,0,0.01570997715486633,c1ccc(Cc2ccccc2)cc1
Clc1ccc(C(c2ccccc2Cl)C(Cl)Cl)cc1,0,0,0.048447649840128434,c1ccc(Cc2ccccc2)cc1
C[NH+](C)CCOC(c1ccccc1)c1ccccc1,0,0,0.005024944682355483,c1ccc(Cc2ccccc2)cc1
Cc1ccccc1C(OCC[NH+](C)C)c1ccccc1,0,0,0.005589997407533422,c1ccc(Cc2ccccc2)cc1
CC[C@H](OC(C)=O)C(C[C@H](C)[NH+](C)C)(c1ccccc1)c1ccccc1,0,0,0.00735079245842463,c1ccc(Cc2ccccc2)cc1
CC(C)C(=O)Oc1ccc(CO)cc1[C@H](CC[NH+](C(C)C)C(C)C)c1ccccc1,0,0,0.01881378543321559,c1ccc(Cc2ccccc2)cc1
Cc1ccc(O)c([C@H](CC[NH+](C(C)C)C(C)C)c2ccccc2)c1,0,0,0.004335734306889075,c1ccc(Cc2ccccc2)cc1
CCC(=O)C(CC(C)[NH+](C)C)(c1ccccc1)c1ccccc1,0,0,0.007647224294508124,c1ccc(Cc2ccccc2)cc1
CCN1CCN(C(=O)N[C@@H](C(=O)N[C@@H]2C(=O)N3C(C(=O)[O-])=C(CSc4nnnn4C)CS[C@H]23)c2ccc(O)cc2)C(=O)C1=O,0,0,0.0007006690079560714,O=C1NCCN(C(=O)NC(C(=O)NC2C(=O)N3C=C(CSc4nnn[nH]4)CSC23)c2ccccc2)C1=O
C[C@]12CC[C@@H]3c4ccc(O)cc4CC[C@H]3[C@@H]1CCC2=O,0,0,0.012978983698761402,O=C1CCC2C1CCC1c3ccccc3CCC12
C[C@]12CC[C@@H]3c4ccc(OS(=O)(=O)[O-])cc4CC[C@H]3[C@@H]1CCC2=O,0,0,0.004628470188814322,O=C1CCC2C1CCC1c3ccccc3CCC12
[NH3+]C[C@H]1O[C@H](O[C@H]2[C@H](O)[C@@H](O[C@H]3O[C@H](CO)[C@@H](O)[C@H]([NH3+])[C@H]3O)[C@H]([NH3+])C[C@@H]2[NH3+])[C@H]([NH3+])C[C@@H]1O,0,0,0.005364425309484527,C1CCC(OC2CCCC(OC3CCCCO3)C2)OC1
[NH3+]CC[C@H](O)C(=O)N[C@@H]1C[C@H]([NH3+])[C@@H](O[C@H]2O[C@H](C[NH3+])[C@@H](O)[C@H](O)[C@H]2O)[C@H](O)[C@H]1O[C@H]1O[C@H](CO)[C@@H](O)[C@H]([NH3+])[C@H]1O,0,0,0.003921380896749287,C1CCC(OC2CCCC(OC3CCCCO3)C2)OC1
[NH3+]C[C@H]1O[C@H](O[C@H]2[C@H](O)[C@@H](O[C@H]3O[C@H](CO)[C@@H](O)[C@H]([NH3+])[C@H]3O)[C@H]([NH3+])C[C@@H]2[NH3+])[C@H](O)[C@@H](O)[C@@H]1O,0,0,0.00542739748509813,C1CCC(OC2CCCC(OC3CCCCO3)C2)OC1
C[NH2+]C(C)C1CCC([NH3+])C(OC2C([NH3+])CC([NH3+])C(OC3OCC(C)(O)C([NH2+]C)C3O)C2O)O1,0,0,0.006167812476120488,C1CCC(OC2CCCC(OC3CCCCO3)C2)OC1
CCc1cccc2c3c([nH]c12)C(CC)(CC(=O)[O-])OCC3,0,0,0.002764174222168836,c1ccc2c3c([nH]c2c1)COCC3
COc1cc(NCc2ccc3nc(N)nc(N)c3c2C)cc(OC)c1OC,0,0,0.06597615602759245,c1ccc(NCc2ccc3ncncc3c2)cc1
O=C1O[C@H](CO)[C@@H](O)[C@H](O)[C@H]1O,0,0,0.038588531557440596,O=C1CCCCO1
CCOc1ccc(-c2cc(C)cn2-c2ccc(S(N)(=O)=O)cc2)cc1,1,0,0.44775020147525,c1ccc(-c2cccn2-c2ccccc2)cc1
CC(C)CN(C[C@@H](O)[C@H](Cc1ccccc1)NC(=O)O[C@H]1CO[C@H]2OCC[C@H]21)S(=O)(=O)c1ccc(N)cc1,0,0,0.1457385647197054,O=C(NC(CCNS(=O)(=O)c1ccccc1)Cc1ccccc1)OC1COC2OCCC12
CC(CCc1ccccc1)[NH2+]CC(O)c1ccc(O)c(C(N)=O)c1,0,0,0.020938335372720062,c1ccc(CCC[NH2+]CCc2ccccc2)cc1
CC(CCc1ccc(O)cc1)[NH2+]CCc1ccc(O)c(O)c1,0,0,0.0017018380817465184,c1ccc(CCC[NH2+]CCc2ccccc2)cc1
CC(=O)/N=c1\sc(S(N)(=O)=O)nn1C,0,0,0.1610422648386559,N=c1[nH]ncs1
CCCc1nc(C)c2c(=O)nc(-c3cc(S(=O)(=O)N4CC[NH+](CC)CC4)ccc3OCC)[nH]n12,0,0,0.0783165266177546,O=c1nc(-c2cccc(S(=O)(=O)N3CC[NH2+]CC3)c2)[nH]n2cncc12
CC(C)[C@H]1CC[C@H](C(=O)N[C@H](Cc2ccccc2)C(=O)[O-])CC1,0,0,0.00626174290676011,O=C(NCCc1ccccc1)C1CCCCC1
CC(C)[NH+]1CCN(c2ccc(OC[C@H]3CO[C@](Cn4cncn4)(c4ccc(Cl)cc4Cl)O3)cc2)CC1,0,0,0.07203259194521304,c1ccc(C2(Cn3cncn3)OCC(COc3ccc(N4CC[NH2+]CC4)cc3)O2)cc1
CNS(=O)(=O)Cc1ccc2[nH]cc(CC[NH+](C)C)c2c1,0,0,0.01729882149170935,c1ccc2[nH]ccc2c1
CCCCCNC(=[NH2+])N/N=C/c1c[nH]c2ccc(OC)cc12,0,0,0.02564042347887491,c1ccc2[nH]ccc2c1
CC(C)[NH2+]CC(O)COc1cccc2[nH]ccc12,0,0,0.004660530125551197,c1ccc2[nH]ccc2c1
CN(CCOc1ccc(CC2SC(=O)NC2=O)cc1)c1ccccn1,1,1,0.6612850044121182,O=C1NC(=O)C(Cc2ccc(OCCNc3ccccn3)cc2)S1
C[NH+]1C[C@@H]2c3ccccc3Oc3ccc(Cl)cc3[C@H]2C1,0,0,0.016594252567473152,c1ccc2c(c1)Oc1ccccc1C1C[NH2+]CC21
CC(=O)O[C@H]1C[C@@H]2CC[C@@H]3[C@H](CC[C@@]4(C)[C@H]3C[C@H](N3CC[N+](C)(C)CC3)[C@@H]4OC(C)=O)[C@@]2(C)C[C@@H]1N1CC[N+](C)(C)CC1,0,0,0.01637633356616893,C1CN(C2CCC3CCC4C5CC(N6CC[NH2+]CC6)CC5CCC4C3C2)CC[NH2+]1
Oc1ccc(CCCC[NH2+]C[C@H](O)c2ccc(O)c(O)c2)cc1,0,0,0.0024062444453677068,c1ccc(CCCC[NH2+]CCc2ccccc2)cc1
COc1ccc(CC[NH+](C)CCCC(C#N)(c2ccc(OC)c(OC)c2)C(C)C)cc1OC,0,0,0.01817321177763368,c1ccc(CCCC[NH2+]CCc2ccccc2)cc1
CC(C[NH2+]C1CCCCC1)OC(=O)c1ccccc1,0,0,0.0053751879502572835,O=C(OCC[NH2+]C1CCCCC1)c1ccccc1
C[C@@H]1C/C=C/C=C/C=C/C=C/[C@H](OC2O[C@H](C)[C@@H](O)[C@H]([NH3+])[C@@H]2O)C[C@@H]2O[C@](O)(C[C@@H](O)C[C@H]3O[C@@H]3/C=C/C(=O)O1)C[C@H](O)[C@H]2C(=O)[O-],0,0,0.0003738251640728291,O=C1C=CC2OC2CCCC2CCCC(CC(OC3CCCCO3)C=CC=CC=CC=CCCO1)O2
O=C([O-])CCNC(=O)c1ccc(N/N=C2/C=CC(=O)C(C(=O)[O-])=C2)cc1,0,0,0.006089517192492385,O=C1C=CC(=NNc2ccccc2)C=C1
C[C@]12CCC(=O)C=C1CC[C@@H]1[C@@H]2[C@@H](O)C[C@@]2(C)[C@H]1CC[C@]2(O)C(=O)COC(=O)CCC1CCCC1,0,0,0.032226680436993345,O=C1C=C2CCC3C(CCC4C(C(=O)COC(=O)CCC5CCCC5)CCC43)C2CC1
CC[C@@H]1/C=C(/C)C[C@H](C)C[C@H](OC)[C@H]2O[C@@](O)(C(=O)C(=O)N3CCCC[C@H]3C(=O)O[C@H](/C(C)=C/[C@@H]3CC[C@H](Cl)[C@H](OC)C3)[C@H](C)[C@@H](O)CC1=O)[C@H](C)C[C@@H]2OC,0,0,0.013557664340182565,O=C1CC=CCCCCC2CCCC(O2)C(=O)C(=O)N2CCCCC2C(=O)OC(C=CC2CCCCC2)CCC1
C=CC[C@@H]1/C=C(\C)C[C@H](C)C[C@H](OC)[C@H]2O[C@@](O)(C(=O)C(=O)N3CCCC[C@H]3C(=O)O[C@H](/C(C)=C/[C@@H]3CC[C@@H](O)[C@H](OC)C3)[C@H](C)[C@@H](O)CC1=O)[C@H](C)C[C@@H]2OC,0,0,0.02309041468265642,O=C1CC=CCCCCC2CCCC(O2)C(=O)C(=O)N2CCCCC2C(=O)OC(C=CC2CCCCC2)CCC1
CC(C)COCC(CN(Cc1ccccc1)c1ccccc1)[NH+]1CCCC1,0,0,0.029814979133813296,c1ccc(CN(CC[NH+]2CCCC2)c2ccccc2)cc1
CCC1(CC)C(=O)NCC(C)C1=O,0,0,0.009107890875490129,O=C1CCNC(=O)C1
C[NH+](C)CC/C=C1/c2ccccc2Sc2ccc(Cl)cc21,0,0,0.003575445927334697,C=C1c2ccccc2Sc2ccccc21
C[C@H]1[C@H](NC(=O)/C(=N\OC(C)(C)C(=O)[O-])c2csc(N)n2)C(=O)N1S(=O)(=O)[O-],0,0,0.0014964899481956068,N=C(C(=O)NC1CNC1=O)c1cscn1
C[C@H](O)[C@H](O)[C@H]1CNc2[nH]c(N)nc(=O)c2N1,0,0,0.2077019115900227,O=c1nc[nH]c2c1NCCN2
Nc1ccc(S(=O)(=O)[N-]c2ccccn2)cc1,0,0,0.07157458494308143,O=S(=O)([N-]c1ccccn1)c1ccccc1
Cc1cn([C@H]2C=C[C@@H](CO)O2)c(=O)[nH]c1=O,0,0,0.018268696127568745,O=c1ccn(C2C=CCO2)c(=O)[nH]1
Cc1c(-c2ccccc2)oc2c(C(=O)OCC[NH+]3CCCCC3)cccc2c1=O,0,0,0.14029342297038772,O=C(OCC[NH+]1CCCCC1)c1cccc2c(=O)cc(-c3ccccc3)oc12
CNC(=O)c1c(I)c(C(=O)NCC(=O)Nc2c(I)c(C(=O)[O-])c(I)c(C(=O)NCCO)c2I)c(I)c(N(C)C(C)=O)c1I,0,0,0.004058979531034809,O=C(CNC(=O)c1ccccc1)Nc1ccccc1
CC(=O)Oc1ccccc1C(=O)Nc1ncc([N+](=O)[O-])s1,0,0,0.1618687288606156,O=C(Nc1nccs1)c1ccccc1
CO[C@@]1(NC(=O)CSCC#N)C(=O)N2C(C(=O)[O-])=C(CSc3nnnn3C)CS[C@@H]21,0,0,0.0002395827866319271,O=C1CC2SCC(CSc3nnn[nH]3)=CN12
CC1(C)S[C@@H]2[C@H](NC(=O)[C@H](C(=O)[O-])c3ccsc3)C(=O)N2[C@H]1C(=O)[O-],0,0,0.001295987987255871,O=C(Cc1ccsc1)NC1C(=O)N2CCSC12
CC(C)c1nc(N(C)S(C)(=O)=O)nc(-c2ccc(F)cc2)c1/C=C/[C@@H](O)C[C@@H](O)CC(=O)[O-],0,0,0.008335048431547582,c1ccc(-c2ccncn2)cc1
CC(C)c1ccc2oc3nc(N)c(C(=O)[O-])cc3c(=O)c2c1,0,0,0.015514482736976844,O=c1c2ccccc2oc2ncccc12
OC(CC[NH+]1CCCCC1)(c1ccccc1)C1CCCCC1,0,0,0.0225517637828026,c1ccc(C(CC[NH+]2CCCCC2)C2CCCCC2)cc1
CNC(=O)c1cc(Oc2ccc(NC(=O)Nc3ccc(Cl)c(C(F)(F)F)c3)cc2)ccn1,1,0,0.4447731274244007,O=C(Nc1ccccc1)Nc1ccc(Oc2ccncc2)cc1
Nc1c2c([nH+]c3ccccc13)CCCC2,0,0,0.012531041772315527,c1ccc2[nH+]c3c(cc2c1)CCCC3
Clc1ccc(Nc2nnc(Cc3ccncc3)c3ccccc23)cc1,1,1,0.575344768220891,c1ccc(Nc2nnc(Cc3ccncc3)c3ccccc23)cc1
Cc1nc(-c2ccc(OCC(C)C)c(C#N)c2)sc1C(=O)[O-],0,0,0.009814935574070692,c1ccc(-c2nccs2)cc1
Cc1cc2c(s1)=Nc1ccccc1NC=2N1CC[NH+](C)CC1,0,0,0.047724365123547476,c1ccc2c(c1)N=c1sccc1=C(N1CC[NH2+]CC1)N2
CN(C)S(=O)(=O)c1ccc2c(c1)/C(=C\CCN1CC[NH+](C)CC1)c1ccccc1S2,0,0,0.057199462533879544,C(CCN1CC[NH2+]CC1)=C1c2ccccc2Sc2ccccc21
CCCCOc1ccc(OCCC[NH+]2CCOCC2)cc1,0,0,0.03264054519085153,c1ccc(OCCC[NH+]2CCOCC2)cc1
C#C[C@]1(O)CC[C@H]2[C@@H]3CCC4=C/C(=N/O)CC[C@@H]4[C@H]3CC[C@@]21CC,0,0,0.02961163742687008,N=C1C=C2CCC3C4CCCC4CCC3C2CC1
C#C[C@]1(OC(C)=O)CC[C@H]2[C@@H]3CCC4=C/C(=N/O)CC[C@@H]4[C@H]3CC[C@@]21CC,0,0,0.0266493851960648,N=C1C=C2CCC3C4CCCC4CCC3C2CC1
Cc1cccc(C)c1N(CC(=O)Nc1ccc(-c2ncon2)cc1)C(=O)C1CCS(=O)(=O)CC1,1,1,0.7911042250385297,O=C(CN(C(=O)C1CCS(=O)(=O)CC1)c1ccccc1)Nc1ccc(-c2ncon2)cc1
C#CCC(Cc1cnc2nc(N)nc(N)c2n1)c1ccc(C(=O)N[C@@H](CCC(=O)[O-])C(=O)[O-])cc1,0,0,0.04207291576221133,c1ccc(CCc2cnc3ncncc3n2)cc1
C/C1=C2/N=C(/C=C3\N/C(=C(/C)C4=N[C@@](C)(C5N=C1[C@](C)(CCC(=O)NC[C@H](C)OP(=O)([O-])O[C@H]1[C@@H](O)[C@@H](n6cnc7cc(C)c(C)cc76)O[C@@H]1CO)[C@H]5CC(N)=O)[C@@](C)(CC(N)=O)[C@@H]4CCC(N)=O)[C@@](C)(CC(N)=O)[C@@H]3CCC(N)=O)C(C)(C)[C@@H]2CCC(N)=O,0,0,0.00997731219936691,O=C(CCC1CC2N=C1C=C1CCC(=N1)C=C1CCC(=CC3=NC2CC3)N1)NCCO[PH](=O)OC1COC(n2cnc3ccccc32)C1
Cc1ccc(-n2[nH]c(C)c(N/N=C3\C=CC=C(c4cccc(C(=O)[O-])c4)C3=O)c2=O)cc1C,0,0,0.020607482899881416,O=C1C(c2ccccc2)=CC=CC1=NNc1c[nH]n(-c2ccccc2)c1=O
C[NH+]1CC[C@]23c4c5ccc(O)c4O[C@H]2[C@@H](O)C=C[C@H]3[C@H]1C5,0,0,0.024168673481763006,C1=CC2C3Cc4cccc5c4C2(CC[NH2+]3)C(C1)O5
CCC[NH2+]C(C)C(=O)Nc1c(C)csc1C(=O)OC,0,0,0.012411556416927262,c1ccsc1
C/C(=C\c1csc(C)n1)[C@@H]1C[C@@H]2O[C@]2(C)CCC[C@H](C)[C@H](O)[C@@H](C)C(=O)C(C)(C)[C@@H](O)CC(=O)N1,0,0,0.01032728051245821,O=C1CCCCCCC2OC2CC(C=Cc2cscn2)NC(=O)CCC1
Cc1ccc(-c2nc3ccc(C)cn3c2CC(=O)N(C)C)cc1,0,0,0.10426255204024235,c1ccc(-c2cn3ccccc3n2)cc1
O=C(CCC[NH+]1CCC(O)(c2ccc(Cl)cc2)CC1)c1ccc(F)cc1,0,0,0.05562276918971692,O=C(CCC[NH+]1CCC(c2ccccc2)CC1)c1ccccc1
CC(C)(C(=O)[O-])c1ccc(C(O)CCC[NH+]2CCC(C(O)(c3ccccc3)c3ccccc3)CC2)cc1,0,0,0.011582142376611456,c1ccc(CCCC[NH+]2CCC(C(c3ccccc3)c3ccccc3)CC2)cc1
CC(=O)O[C@H]1Cc2ccccc2N(C(N)=O)c2ccccc21,1,0,0.2764292249757694,c1ccc2c(c1)CCc1ccccc1N2
C[NH+](C)CCCN1c2ccccc2CCc2ccc(Cl)cc21,0,0,0.008412591590367408,c1ccc2c(c1)CCc1ccccc1N2
C[NH+](C)CCCN1c2ccccc2CCc2ccccc21,0,0,0.00675652594701038,c1ccc2c(c1)CCc1ccccc1N2
C[NH2+]CCCN1c2ccccc2CCc2ccccc21,0,0,0.005297336477916991,c1ccc2c(c1)CCc1ccccc1N2
CC(CN1c2ccccc2CCc2ccccc21)C[NH+](C)C,0,0,0.007533904931114674,c1ccc2c(c1)CCc1ccccc1N2
O[C@@H]1CO[C@H]2[C@@H]1OC[C@@H]2O,0,0,0.009381431844949818,C1CC2OCCC2O1
O=[N+]([O-])O[C@H]1CO[C@H]2[C@@H]1OC[C@H]2O[N+](=O)[O-],0,0,0.013570128534169782,C1CC2OCCC2O1
O=[N+]([O-])O[C@@H]1CO[C@H]2[C@@H]1OC[C@@H]2O,0,0,0.021489625988333715,C1CC2OCCC2O1
CC1(C)C2CCC1(CS(=O)(=O)[O-])C(=O)/C2=C\c1ccc(/C=C2\C(=O)C3(CS(=O)(=O)[O-])CCC2C3(C)C)cc1,0,0,0.0030267340640809733,O=C1C(=Cc2ccc(C=C3C(=O)C4CCC3C4)cc2)C2CCC1C2
Cc1cn([C@H]2C[C@H](N=[N+]=[N-])[C@@H](CO)O2)c(=O)[nH]c1=O,0,0,0.007553380774089034,O=c1ccn(C2CCCO2)c(=O)[nH]1
O=c1[nH]c(=O)n([C@H]2C[C@H](O)[C@@H](CO)O2)cc1C(F)(F)F,0,0,0.02152811072611397,O=c1ccn(C2CCCO2)c(=O)[nH]1
O=c1[nH]c(=O)n([C@H]2C[C@H](O)[C@@H](CO)O2)cc1F,0,0,0.017093076513283074,O=c1ccn(C2CCCO2)c(=O)[nH]1
O=c1[nH]c(=O)n([C@H]2C[C@H](O)[C@@H](CO)O2)cc1I,0,0,0.017624296766749776,O=c1ccn(C2CCCO2)c(=O)[nH]1
Cc1cn([C@@H]2C[C@@H](O)[C@H](CO)O2)c(=O)[nH]c1=O,0,0,0.011986686861527995,O=c1ccn(C2CCCO2)c(=O)[nH]1
C[N+]1(C)[C@@H]2CC(OC(=O)C(O)(c3cccs3)c3cccs3)C[C@H]1[C@@H]1O[C@@H]12,0,0,0.11017751154529992,O=C(OC1CC2[NH2+]C(C1)C1OC21)C(c1cccs1)c1cccs1
CC(Cc1ccc2c(c1)OCO2)[NH2+]CC(O)c1ccc(O)c(O)c1,0,0,0.02058718819403077,c1ccc(CC[NH2+]CCc2ccc3c(c2)OCO3)cc1
C[NH2+][C@@H]1CCc2[nH]c3ccc(C(N)=O)cc3c2C1,0,0,0.007693776134496557,c1ccc2c3c([nH]c2c1)CCCC3
CC1(C)S[C@@H]2[C@H](/[NH+]=C/N3CCCCCC3)C(=O)N2[C@H]1C(=O)[O-],0,0,0.001636470880440001,O=C1C([NH+]=CN2CCCCCC2)C2SCCN12
OC(CCC[NH+]1CCCCC1)(c1ccccc1)c1ccccc1,0,0,0.027552809797846124,c1ccc(C(CCC[NH+]2CCCCC2)c2ccccc2)cc1
NS(=O)(=O)c1cc(C2(O)NC(=O)c3ccccc32)ccc1Cl,0,0,0.11349281812470623,O=C1NC(c2ccccc2)c2ccccc21
C[C@@H](O)[C@H]1C(=O)N2C(C(=O)[O-])=C(S[C@@H]3C[NH2+][C@H](C(=O)N(C)C)C3)[C@H](C)[C@H]12,0,0,0.0031124132211998155,O=C1CC2CC(SC3CC[NH2+]C3)=CN12
C[C@@H](O)[C@H]1C(=O)N2C(C(=O)[O-])=C(S[C@@H]3C[NH2+][C@H](CNS(N)(=O)=O)C3)[C@H](C)[C@H]12,0,0,0.0013096408220608835,O=C1CC2CC(SC3CC[NH2+]C3)=CN12
CCCC[NH+]1CCCC[C@H]1C(=O)Nc1c(C)cccc1C,0,0,0.0300551153737844,O=C(Nc1ccccc1)C1CCCC[NH2+]1
CCCC[NH+]1CCCCC1C(=O)Nc1c(C)cccc1C,0,0,0.0300551153737844,O=C(Nc1ccccc1)C1CCCC[NH2+]1
CCC[NH+]1CCCC[C@H]1C(=O)Nc1c(C)cccc1C,0,0,0.026784311280427853,O=C(Nc1ccccc1)C1CCCC[NH2+]1
Cc1cccc(C)c1NC(=O)C1CCCC[NH+]1C,0,0,0.019175949652982506,O=C(Nc1ccccc1)C1CCCC[NH2+]1
Cc1ccccc1N1C(=O)c2cc(S(N)(=O)=O)c(Cl)cc2NC1C,0,0,0.1684637790435064,O=C1c2ccccc2NCN1c1ccccc1
CCN1CC(CC[NH+]2CCOCC2)C(c2ccccc2)(c2ccccc2)C1=O,0,0,0.0348071438066092,O=C1NCC(CC[NH+]2CCOCC2)C1(c1ccccc1)c1ccccc1
CCCCCCCCCCNCC[NH2+][C@@]1(C)C[C@H](O[C@H]2[C@H](Oc3c4cc5cc3Oc3ccc(cc3Cl)[C@@H](O)[C@@H](NC(=O)[C@@H](CC(C)C)[NH2+]C)C(=O)N[C@@H](CC(N)=O)C(=O)N[C@H]5C(=O)N[C@H]3C(=O)N[C@H](C(=O)N[C@H](C(=O)[O-])c5cc(O)c(C[NH2+]CP(=O)([O-])[O-])c(O)c5-c5cc3ccc5O)[C@H](O)c3ccc(c(Cl)c3)O4)O[C@H](CO)[C@@H](O)[C@@H]2O)O[C@@H](C)[C@H]1O,0,0,0.0009205812141822173,O=C1CCc2ccc(cc2)Oc2cc3cc(c2OC2OCCCC2OC2CCCCO2)Oc2ccc(cc2)CC2NC(=O)C(NC(=O)C3NC(=O)CN1)c1cccc(c1)-c1ccccc1CNC2=O
C[NH2+][C@H](CC(C)C)C(=O)N[C@H]1C(=O)N[C@@H](CC(N)=O)C(=O)N[C@H]2C(=O)N[C@H]3C(=O)N[C@H](C(=O)N[C@H](C(=O)[O-])c4cc(O)cc(O)c4-c4cc3ccc4O)[C@H](O)c3ccc(c(Cl)c3)Oc3cc2cc(c3O[C@@H]2O[C@H](CO)[C@@H](O)[C@H](O)[C@H]2O[C@H]2C[C@](C)([NH3+])[C@H](O)[C@H](C)O2)Oc2ccc(cc2Cl)[C@H]1O,0,0,0.0008944347905312548,O=C1CCc2ccc(cc2)Oc2cc3cc(c2OC2OCCCC2OC2CCCCO2)Oc2ccc(cc2)CC2NC(=O)C(NC(=O)C3NC(=O)CN1)c1cccc(c1)-c1ccccc1CNC2=O
CCC[NH+](CCC)CCc1cccc2c1CC(=O)N2,0,0,0.005242751564141988,O=C1Cc2ccccc2N1
NC(N)=[NH+]CC1COC2(CCCCC2)O1,0,0,0.010842415873745223,C1CCC2(CC1)OCCO2
COc1c(C)c2c(c([O-])c1C/C=C(\C)CCC(=O)OCC[NH+]1CCOCC1)C(=O)OC2,0,0,0.010503008737229907,O=C(CCC=CCc1ccc2c(c1)C(=O)OC2)OCC[NH+]1CCOCC1
C[N+](C)(CCCCCC[N+](C)(C)C1c2ccccc2-c2ccccc21)C1c2ccccc2-c2ccccc21,0,0,0.0016407215740038075,c1ccc2c(c1)-c1ccccc1C2[NH2+]CCCCCC[NH2+]C1c2ccccc2-c2ccccc21
O=C([O-])Cc1ccccc1Nc1c(Cl)cccc1Cl,0,0,0.0058147090333367955,c1ccc(Nc2ccccc2)cc1
Cc1ccc(Cl)c(Nc2ccccc2C(=O)[O-])c1Cl,0,0,0.006680434235501531,c1ccc(Nc2ccccc2)cc1
Cc1cccc(Nc2ccccc2C(=O)[O-])c1C,0,0,0.007854730377545154,c1ccc(Nc2ccccc2)cc1
C[NH+]1CCN2c3ncccc3Cc3ccccc3C2C1,0,0,0.022898305904659248,c1ccc2c(c1)Cc1cccnc1N1CC[NH2+]CC21
CC[C@H](C)[C@H]1O[C@]2(CC[C@@H]1C)C[C@@H]1C[C@@H](C/C=C(\C)[C@@H](O[C@H]3C[C@H](OC)[C@@H](O[C@H]4C[C@H](OC)[C@@H](O)[C@H](C)O4)[C@H](C)O3)[C@@H](C)/C=C/C=C3\CO[C@@H]4[C@H](O)C(C)=C[C@@H](C(=O)O1)[C@]34O)O2,0,0,0.026935560360646822,O=C1OC2CC(CC=CC(OC3CCC(OC4CCCCO4)CO3)CC=CC=C3COC4CC=CC1C34)OC1(CCCCO1)C2
CCC[C@H]([NH2+][C@@H](C)C(=O)N1[C@H](C(=O)[O-])C[C@@H]2CCCC[C@@H]21)C(=O)OCC,0,0,0.0029350452083820454,C1CCC2NCCC2C1
CO[C@H](C(=O)[C@@H](O)[C@@H](C)O)[C@@H]1Cc2cc3cc(O[C@H]4C[C@@H](O[C@H]5C[C@@H](O)[C@H](O)[C@@H](C)O5)[C@H](O)[C@@H](C)O4)c(C)c(O)c3c([O-])c2C(=O)[C@H]1O[C@H]1C[C@@H](O[C@H]2C[C@@H](O[C@H]3C[C@](C)(O)[C@H](O)[C@@H](C)O3)[C@@H](O)[C@@H](C)O2)[C@H](O)[C@@H](C)O1,0,0,0.002826053000814631,O=C1c2cc3ccc(OC4CC(OC5CCCCO5)CCO4)cc3cc2CCC1OC1CC(OC2CC(OC3CCCCO3)CCO2)CCO1
CCn1cc(C(=O)[O-])c(=O)c2ccc(C)nc21,0,0,0.001709029728054882,O=c1cc[nH]c2ncccc12
O=C1CCc2cc(OCCCCc3nnnn3C3CCCCC3)ccc2N1,0,0,0.015760123394883578,O=C1CCc2cc(OCCCCc3nnnn3C3CCCCC3)ccc2N1
C#C[C@]1(O)CC[C@H]2[C@@H]3CCC4=Cc5oncc5C[C@]4(C)[C@H]3CC[C@@]21C,0,0,0.0171851731791193,C1=C2CCC3C4CCCC4CCC3C2Cc2cnoc21
Nc1cc(Cl)c(NC2=[NH+]CCN2)c(Cl)c1,0,0,0.017557042746319727,c1ccc(NC2=[NH+]CCN2)cc1
Clc1cccc(Cl)c1NC1=[NH+]CCN1,0,0,0.006623685145437571,c1ccc(NC2=[NH+]CCN2)cc1
CC(C)CC([NH+](C)C)C1(c2ccc(Cl)cc2)CCC1,0,0,0.004620340166545294,c1ccc(C2CCC2)cc1
O=C([O-])c1ccc(NC(=O)C(Cc2ccc(O)cc2)NC(=O)c2ccccc2)cc1,0,0,0.006980387069355159,O=C(NC(Cc1ccccc1)C(=O)Nc1ccccc1)c1ccccc1
CC(O)C(CO)NC(=O)C1CSSCC(NC(=O)C([NH3+])Cc2ccccc2)C(=O)NC(Cc2ccccc2)C(=O)NC(Cc2c[nH]c3ccccc23)C(=O)NC(CCCC[NH3+])C(=O)NC(C(C)O)C(=O)N1,0,0,0.010433400645654286,O=C1CNC(=O)CNC(=O)C(Cc2c[nH]c3ccccc23)NC(=O)C(Cc2ccccc2)NC(=O)C(NC(=O)CCc2ccccc2)CSSCCN1
O=C(O[C@H]1C[NH+]2CCC1CC2)N1CCc2ccccc2[C@@H]1c1ccccc1,0,0,0.010482358624251788,O=C(OC1C[NH+]2CCC1CC2)N1CCc2ccccc2C1c1ccccc1
C/C=C/C[C@@H](C)[C@@H](O)[C@H]1C(=O)N[C@@H](CC)C(=O)N(C)CC(=O)N(C)[C@@H](CC(C)C)C(=O)N[C@@H](C(C)C)C(=O)N(C)[C@@H](CC(C)C)C(=O)N[C@@H](C)C(=O)N[C@H](C)C(=O)N(C)[C@@H](CC(C)C)C(=O)N(C)[C@@H](CC(C)C)C(=O)N(C)[C@@H](C(C)C)C(=O)N1C,1,0,0.35003666000508005,O=C1CNC(=O)CNC(=O)CNC(=O)CNC(=O)CNC(=O)CNC(=O)CNC(=O)CNC(=O)CNC(=O)CNC(=O)CN1
Cc1nc2c([nH]1)CCN(C(=O)c1ccc(NC(=O)c3ccccc3-c3ccccc3)cc1)c1ccccc1-2,0,0,0.09162890098966807,O=C(Nc1ccc(C(=O)N2CCc3[nH]cnc3-c3ccccc32)cc1)c1ccccc1-c1ccccc1
Cc1cc(C(C)(C)C)c(O)c(C)c1CC1=[NH+]CCN1,0,0,0.004078386733083023,c1ccc(CC2=[NH+]CCN2)cc1
c1ccc(CC2=[NH+]CCN2)cc1,0,0,0.005033766549892956,c1ccc(CC2=[NH+]CCN2)cc1
COc1c(C)c2c(c([O-])c1C/C=C(\C)CCC(=O)[O-])C(=O)OC2,0,0,0.008188109978377477,O=C1OCc2ccccc21
CC(=O)OCC1=C(C(=O)[O-])N2C(=O)[C@@H](NC(=O)CSc3ccncc3)[C@H]2SC1,0,0,0.0018456816860649519,O=C(CSc1ccncc1)NC1C(=O)N2C=CCSC12
COc1ccc(CN(CC[NH+](C)C)c2ccccn2)cc1,0,0,0.00923964663428522,c1ccc(CNc2ccccn2)cc1
C[NH+](C)CCN(Cc1ccccc1)c1ccccn1,0,0,0.006623368202347069,c1ccc(CNc2ccccn2)cc1
C[NH+]1CCCCC1CCN1c2ccccc2Sc2ccc(S(C)=O)cc21,0,0,0.006553872948062176,c1ccc2c(c1)Sc1ccccc1N2CCC1CCCC[NH2+]1
CSc1ccc2c(c1)N(CCC1CCCC[NH+]1C)c1ccccc1S2,0,0,0.0061894731200653,c1ccc2c(c1)Sc1ccccc1N2CCC1CCCC[NH2+]1
CCC1(c2ccccc2)NC(=O)N(C)C1=O,0,0,0.023479611822234188,O=C1NC(=O)C(c2ccccc2)N1
CCN1C(=O)NC(c2ccccc2)C1=O,0,0,0.02096672857274278,O=C1NC(=O)C(c2ccccc2)N1
CC[NH2+][C@H]1CN(CCCOC)S(=O)(=O)c2sc(S(N)(=O)=O)cc21,0,0,0.009246946009958179,O=S1(=O)NCCc2ccsc21
C=C1[C@H](CO)[C@@H](O)C[C@@H]1n1cnc2c(=O)[nH]c(N)nc21,0,0,0.04057624032740113,C=C1CCCC1n1cnc2c(=O)[nH]cnc21
CCc1c(Cl)c([O-])c(Cl)c(O)c1C(=O)O[C@H]1[C@H](O)[C@H](OC)[C@H](OC/C2=C\C=C\C[C@H](O)/C(C)=C/[C@H](CC)[C@@H](O[C@@H]3OC(C)(C)[C@@H](OC(=O)C(C)C)[C@H](O)[C@@H]3O)/C(C)=C/C(C)=C/C[C@@H]([C@@H](C)O)OC2=O)O[C@@H]1C,0,0,0.007890740232081223,O=C1OCCC=CC=CC(OC2CCCCO2)CC=CCCC=CC=C1COC1CCC(OC(=O)c2ccccc2)CO1
C[N+]1(C)CCC(OC(=O)C(O)(c2ccccc2)C2CCCC2)C1,0,0,0.06671444333510057,O=C(OC1CC[NH2+]C1)C(c1ccccc1)C1CCCC1
CO/N=C(\C(=O)N[C@@H]1C(=O)N2C(C(=O)[O-])=C(C[N+]3(C)CCCC3)CS[C@H]12)c1csc(N)n1,0,0,0.0018349310625383277,N=C(C(=O)NC1C(=O)N2C=C(C[NH+]3CCCC3)CSC12)c1cscn1
O=C1c2cccc3c2[C@H](CCC3)CN1[C@@H]1C[NH+]2CCC1CC2,0,0,0.003681976238289004,O=C1c2cccc3c2C(CCC3)CN1C1C[NH+]2CCC1CC2
O=C(OC1CC2CCC(C1)[N+]21CCCC1)C(O)(c1ccccc1)c1ccccc1,0,0,0.07000424630202716,O=C(OC1CC2CCC(C1)[N+]21CCCC1)C(c1ccccc1)c1ccccc1
CC1=NS(=O)(=O)c2cc(Cl)ccc2N1,0,0,0.016014123782167964,O=S1(=O)N=CNc2ccccc21
Nc1nc(/C(=C/CC(=O)[O-])C(=O)N[C@@H]2C(=O)N3C(C(=O)[O-])=CCS[C@H]23)cs1,0,0,0.005782346542663059,C=C(C(=O)NC1C(=O)N2C=CCSC12)c1cscn1
Cc1cn[nH]c1,0,0,0.012805941201138295,c1cn[nH]c1
[NH3+]CCc1cc[nH]n1,0,0,0.006329109930829479,c1cn[nH]c1
CCC(=O)N(c1ccccc1)C1CC[NH+](CCc2ccccc2)CC1,0,0,0.035584773330078805,c1ccc(CC[NH+]2CCC(Nc3ccccc3)CC2)cc1
COc1ccc(Cl)cc1C(=O)NCCc1ccc(S(=O)(=O)[N-]C(=O)NC2CCCCC2)cc1,0,0,0.03144879348371567,O=C([N-]S(=O)(=O)c1ccc(CCNC(=O)c2ccccc2)cc1)NC1CCCCC1
Cc1cnc(NC(=O)C2=C(O)c3ccccc3S(=O)(=O)N2C)s1,0,0,0.08243089981579951,O=C(Nc1nccs1)C1=Cc2ccccc2S(=O)(=O)N1
CC(C)(O/N=C(\C(=O)N[C@@H]1C(=O)N2C(C(=O)[O-])=C(C[n+]3ccccc3)CS[C@H]12)c1csc(N)n1)C(=O)[O-],0,0,0.0035270999007820953,N=C(C(=O)NC1C(=O)N2C=C(C[n+]3ccccc3)CSC12)c1cscn1
C[NH2+][C@@H]1[C@H](O[C@H]2[C@H](O[C@H]3[C@H](O)[C@@H](O)[C@H](NC(N)=[NH2+])[C@@H](O)[C@@H]3NC(N)=[NH2+])O[C@@H](C)[C@]2(O)C=O)O[C@@H](CO)[C@H](O)[C@H]1O,0,0,0.00392182857761389,C1CCC(OC2OCCC2OC2CCCCO2)CC1
CCc1ccc(CCOc2ccc(CC3SC(=O)NC3=O)cc2)nc1,1,1,0.6827059660157152,O=C1NC(=O)C(Cc2ccc(OCCc3ccccn3)cc2)S1
Cc1ccc(-c2cc(C(F)(F)F)nn2-c2ccc(S(N)(=O)=O)cc2)cc1,1,1,0.6403011276027605,c1ccc(-c2ccnn2-c2ccccc2)cc1
CC(C)(C)[NH2+]C[C@H](O)COc1cccc2c1CCCC2=O,0,0,0.00973725952795165,O=C1CCCc2ccccc21
CC(Cc1ccccc1)[NH+](C)Cc1ccccc1,0,0,0.005082378170453045,c1ccc(CC[NH2+]Cc2ccccc2)cc1
CC(=O)OCC(=O)[C@@]1(O)CC[C@H]2[C@@H]3CCC4=CC(=O)CC[C@]4(C)[C@H]3C(=O)C[C@@]21C,0,0,0.139867846336114,O=C1C=C2CCC3C4CCCC4CC(=O)C3C2CC1
C[C@]12C/C(=C/[O-])C(=O)C[C@@H]1CC[C@@H]1[C@@H]2CC[C@@]2(C)[C@H]1CC[C@]2(C)O,0,0,0.0024726193137676413,C=C1CC2C(CCC3C4CCCC4CCC23)CC1=O
CC(C)Nc1cccnc1N1CCN(C(=O)c2cc3cc(NS(C)(=O)=O)ccc3[nH]2)CC1,0,0,0.3061821740250467,O=C(c1cc2ccccc2[nH]1)N1CCN(c2ccccn2)CC1
Cn1nnc2c(C(N)=O)ncn2c1=O,1,1,0.5199714281961458,O=c1[nH]nnc2cncn12
[NH3+][C@@H]1CCCCN(c2c(F)cc3c(=O)c(C(=O)[O-])cn(C4CC4)c3c2Cl)C1,0,0,0.0027539008761178667,O=c1ccn(C2CC2)c2cc(N3CCCCCC3)ccc12
O=C([O-])CCc1nc(-c2ccccc2)c(-c2ccccc2)o1,0,0,0.0019255661980423536,c1ccc(-c2ncoc2-c2ccccc2)cc1
CC(=O)[C@H]1CC[C@H]2[C@@H]3C=CC4=CC(=O)CC[C@@]4(C)[C@@H]3CC[C@]12C,0,0,0.024147385434503062,O=C1C=C2C=CC3C4CCCC4CCC3C2CC1
CC(=O)O[C@]1(C(C)=O)CC[C@H]2[C@@H]3C=C(C)C4=CC(=O)CC[C@]4(C)[C@H]3CC[C@@]21C,0,0,0.04517113221000413,O=C1C=C2C=CC3C4CCCC4CCC3C2CC1
O=C([O-])c1cc(=O)c2c(OCC(O)COc3cccc4oc(C(=O)[O-])cc(=O)c34)cccc2o1,0,0,0.01176183731877144,O=c1ccoc2cccc(OCCCOc3cccc4occc(=O)c34)c12
COc1cc2nc(N3CCN(C(=O)C4CCCO4)CC3)nc(N)c2cc1OC,0,0,0.036595766748056154,O=C(C1CCCO1)N1CCN(c2ncc3ccccc3n2)CC1
C[NH+]1CCN(C(=O)O[C@H]2c3nccnc3C(=O)N2c2ccc(Cl)cn2)CC1,0,0,0.17273054306083066,O=C(OC1c2nccnc2C(=O)N1c1ccccn1)N1CC[NH2+]CC1
C=CC1=C(C)c2cc3[nH]c(cc4nc(cc5[nH]c(cc1n2)c(C)c5CCC(=O)[O-])C(CCC(=O)OC)=C4C)[C@@]1(C)C3=CC=C(C(=O)OC)[C@H]1C(=O)OC,0,0,0.04342457367274983,C1=CCC2C(=C1)c1cc3nc(cc4ccc(cc5nc(cc2[nH]1)C=C5)[nH]4)C=C3
C[N+]12CCC(CC1)C(OC(=O)C(O)(c1ccccc1)c1ccccc1)C2,0,0,0.036456187656742196,O=C(OC1C[NH+]2CCC1CC2)C(c1ccccc1)c1ccccc1
CCC(=O)N(c1ccccc1)C1(COC)CC[NH+](CCc2cccs2)CC1,0,0,0.035687599198250416,c1ccc(NC2CC[NH+](CCc3cccs3)CC2)cc1
Cc1cc(/C=C/C#N)cc(C)c1Nc1ccnc(Nc2ccc(C#N)cc2)n1,0,1,0.668839940488318,c1ccc(Nc2ccnc(Nc3ccccc3)n2)cc1
CCc1c2c(nc3ccc(OC(=O)N4CCC([NH+]5CCCCC5)CC4)cc13)-c1cc3c(c(=O)n1C2)COC(=O)[C@]3(O)CC,0,0,0.054361796150769894,O=C1Cc2cc3n(c(=O)c2CO1)Cc1cc2cc(OC(=O)N4CCC([NH+]5CCCCC5)CC4)ccc2nc1-3
Cn1cnc([N+](=O)[O-])c1C[N+](C)(C)C/C=C/C(=O)Nc1cc2c(Nc3ccc(Cl)c(Br)c3)ncnc2cn1,1,0,0.42976729283170023,O=C(C=CC[NH2+]Cc1cnc[nH]1)Nc1cc2c(Nc3ccccc3)ncnc2cn1
CC(C(=O)[O-])c1ccc(C(=O)c2cccs2)cc1,0,0,0.0033071538358399825,O=C(c1ccccc1)c1cccs1
NS(=O)(=O)c1cc2c(cc1Cl)NC(C(Cl)Cl)NS2(=O)=O,0,0,0.0741002552261887,O=S1(=O)NCNc2ccccc21
NS(=O)(=O)c1cc2c(cc1Cl)NCNS2(=O)=O,0,0,0.05508091405493553,O=S1(=O)NCNc2ccccc21
CN1C(CCl)Nc2cc(Cl)c(S(N)(=O)=O)cc2S1(=O)=O,0,0,0.019587473250788526,O=S1(=O)NCNc2ccccc21
CN1C(CSCC(F)(F)F)Nc2cc(Cl)c(S(N)(=O)=O)cc2S1(=O)=O,0,0,0.017732455241030533,O=S1(=O)NCNc2ccccc21
COc1ccc([C@@H]2Sc3ccccc3N(CC[NH+](C)C)C(=O)[C@@H]2OC(C)=O)cc1,0,0,0.0072531369563443755,O=C1CC(c2ccccc2)Sc2ccccc2N1
COc1cc2c(cc1OC)C1CC(=O)C(CC(C)C)C[NH+]1CC2,0,0,0.029581325746936525,O=C1CC[NH+]2CCc3ccccc3C2C1
C[NH+]1[C@@H]2C[C@@H](OC(=O)[C@H](CO)c3ccccc3)C[C@H]1[C@@H]1O[C@@H]12,0,0,0.05993876533297687,O=C(Cc1ccccc1)OC1CC2[NH2+]C(C1)C1OC21
C[NH+]1C2CC(OC(=O)C(CO)c3ccccc3)CC1C1OC12,0,0,0.05993876533297687,O=C(Cc1ccccc1)OC1CC2[NH2+]C(C1)C1OC21
Cn1cncc1[C@@](N)(c1ccc(Cl)cc1)c1ccc2c(c1)c(-c1cccc(Cl)c1)cc(=O)n2C,1,1,0.8063350337574923,O=c1cc(-c2ccccc2)c2cc(C(c3ccccc3)c3cnc[nH]3)ccc2[nH]1
CCC(=O)O[C@H]1CC[C@H]2[C@@H]3CC[C@H]4CC(=O)[C@H](C)C[C@]4(C)[C@H]3CC[C@]12C,0,0,0.01128996884985171,O=C1CCC2C(CCC3C4CCCC4CCC23)C1
[O-]n1ccccc1=S,0,0,0.0005535486430652493,S=c1cccc[nH]1
CCn1nc(C(=O)[O-])c(=O)c2cc3c(cc21)OCO3,0,0,0.002537498249307903,O=c1cn[nH]c2cc3c(cc12)OCO3
[NH3+]C[C@@H]1O[C@H](O[C@H]2[C@@H](O)[C@H](O[C@@H]3[C@@H](O)[C@H]([NH3+])C[C@H]([NH3+])[C@H]3O[C@H]3O[C@H](C[NH3+])[C@@H](O)[C@H](O)[C@H]3[NH3+])O[C@@H]2CO)[C@H]([NH3+])[C@@H](O)[C@@H]1O,0,0,0.001984885598171906,C1CCC(OC2COC(OC3CCCCC3OC3CCCCO3)C2)OC1
[NH3+]C[C@@H]1O[C@H](O[C@H]2[C@@H](O)[C@H](O[C@@H]3[C@@H](O)[C@H]([NH3+])C[C@H]([NH3+])[C@H]3O[C@H]3O[C@H](CO)[C@@H](O)[C@H](O)[C@H]3[NH3+])O[C@@H]2CO)[C@H]([NH3+])[C@@H](O)[C@@H]1O,0,0,0.002395263410408924,C1CCC(OC2COC(OC3CCCCC3OC3CCCCO3)C2)OC1
Nc1nc(=O)c2nc(CNc3ccc(C(=O)N[C@@H](CCC(=O)[O-])C(=O)[O-])cc3)cnc2[nH]1,0,0,0.05605465042227706,O=c1nc[nH]c2ncc(CNc3ccccc3)nc12
CCCCc1[nH+]cc(/C=C(\Cc2cccs2)C(=O)[O-])n1Cc1ccc(C(=O)[O-])cc1,0,0,0.018758924605650318,C(=Cc1c[nH+]cn1Cc1ccccc1)Cc1cccs1
O=C(/C=C/c1cccc(S(=O)(=O)Nc2ccccc2)c1)NO,1,1,0.6672241109999858,O=S(=O)(Nc1ccccc1)c1ccccc1
C[C@@H](O)[C@H]1C(=O)N2C(C(=O)[O-])=C(SCC/[NH+]=C/N)C[C@H]12,0,0,0.0020693171619398203,O=C1CC2CC=CN12
CC[C@H]1NC(=O)[C@@H](NC(=O)c2ncccc2O)[C@@H](C)OC(=O)[C@H](c2ccccc2)NC(=O)C2CC(=O)C(CS[C@@H]3C[NH+]4CCC3CC4)CN2C(=O)[C@H](Cc2ccc(N(C)C)cc2)N(C)C(=O)[C@@H]2CCCN2C1=O,0,0,0.050427347224131475,O=C(NC1COC(=O)C(c2ccccc2)NC(=O)C2CC(=O)C(CSC3C[NH+]4CCC3CC4)CN2C(=O)C(Cc2ccccc2)NC(=O)C2CCCN2C(=O)CNC1=O)c1ccccn1
Cc1ccc(NC(=O)c2ccc(CN3CC[NH+](C)CC3)cc2)cc1Nc1nccc(-c2cccnc2)n1,0,0,0.4905722991225802,O=C(Nc1cccc(Nc2nccc(-c3cccnc3)n2)c1)c1ccc(CN2CC[NH2+]CC2)cc1
CCc1c(C)[nH]c2c1C(=O)C(C[NH+]1CCOCC1)CC2,0,0,0.07645693844412846,O=C1c2cc[nH]c2CCC1C[NH+]1CCOCC1
CCOC(=O)[C@H](CCc1ccccc1)[NH2+][C@@H](C)C(=O)N1CC2(C[C@H]1C(=O)[O-])SCCS2,0,0,0.0016135051828475321,O=C(C[NH2+]CCCc1ccccc1)N1CCC2(C1)SCCS2
CN1c2c([nH]c(N)nc2=O)NC[C@@H]1CNc1ccc(C(=O)N[C@@H](CCC(=O)[O-])C(=O)[O-])cc1,0,0,0.07194402972109239,O=c1nc[nH]c2c1NC(CNc1ccccc1)CN2
Nc1nc(=O)c2c([nH]1)NC[C@H](CNc1ccc(C(=O)N[C@@H](CCC(=O)[O-])C(=O)[O-])cc1)N2C=O,0,0,0.05411333034093279,O=c1nc[nH]c2c1NC(CNc1ccccc1)CN2
Nc1nc(=O)c2c([nH]1)NCC(CNc1ccc(C(=O)N[C@@H](CCC(=O)O)C(=O)O)cc1)N2C=O,1,1,0.6403961747937236,O=c1nc[nH]c2c1NC(CNc1ccccc1)CN2
O=C(C1CCCCC1)N1CC(=O)N2CCc3ccccc3C2C1,0,0,0.023775627052049386,O=C(C1CCCCC1)N1CC(=O)N2CCc3ccccc3C2C1
C[C@@H]1C[C@H]2[C@@H]3C[C@H](F)C4=CC(=O)C=C[C@]4(C)[C@@]3(F)[C@@H](O)C[C@]2(C)[C@@]1(OC(=O)c1ccco1)C(=O)SCF,0,0,0.006329439685558133,O=C1C=CC2C(=C1)CCC1C2CCC2C(OC(=O)c3ccco3)CCC21
C[C@@H]1C[C@H]2[C@@H]3CCC4=CC(=O)C=C[C@]4(C)[C@@]3(Cl)[C@@H](O)C[C@]2(C)[C@@]1(OC(=O)c1ccco1)C(=O)CCl,0,0,0.045328010673140386,O=C1C=CC2C(=C1)CCC1C2CCC2C(OC(=O)c3ccco3)CCC21
Cc1ccsc1C(=CCC[NH+]1CCC[C@@H](C(=O)[O-])C1)c1sccc1C,0,0,0.001864852664467213,C(CC[NH+]1CCCCC1)=C(c1cccs1)c1cccs1
Nc1ncnc2c1ncn2CCOC[P@@]1(=O)OCC[C@@H](c2cccc(Cl)c2)O1,1,1,0.8095297479831138,O=P1(COCCn2cnc3cncnc32)OCCC(c2ccccc2)O1
CC(C)CC(NC(=O)C(Cc1ccc2ccccc2c1)NC(=O)C(Cc1ccc(O)cc1)NC(=O)C(CO)NC(=O)C(Cc1c[nH]c2ccccc12)NC(=O)C(Cc1c[nH]cn1)NC(=O)C1CCC(=O)N1)C(=O)NC(CCCNC(N)=[NH2+])C(=O)N1CCCC1C(=O)NCC(N)=O,0,0,0.033553280759827386,O=C(CNC(=O)C(Cc1ccc2ccccc2c1)NC(=O)C(Cc1ccccc1)NC(=O)CNC(=O)C(Cc1c[nH]c2ccccc12)NC(=O)C(Cc1c[nH]cn1)NC(=O)C1CCC(=O)N1)NCC(=O)N1CCCC1
Cc1ncc(C[n+]2csc(CCO)c2C)c(N)n1,0,0,0.1250532550417717,c1ncc(C[n+]2ccsc2)cn1
CC(C)[NH2+]CCCC1(C(N)=O)c2ccccc2-c2ccccc21,0,0,0.005799743080298475,c1ccc2c(c1)Cc1ccccc1-2
O=C(OC1CC2CC3C[C@H](C1)[NH+]2CC3=O)c1c[nH]c2ccccc12,0,0,0.024202041741838407,O=C(OC1CC2CC3CC(C1)[NH+]2CC3=O)c1c[nH]c2ccccc12
C[C@@H]1CCN(C(=O)[C@H](CCC[NH+]=C(N)N)NS(=O)(=O)c2cccc3c2NC[C@H](C)C3)[C@@H](C(=O)[O-])C1,0,0,0.0025558208980935764,O=C(CNS(=O)(=O)c1cccc2c1NCCC2)N1CCCCC1
Cc1nnc(SCC2=C(C(=O)[O-])N3C(=O)[C@@H](NC(=O)Cn4cnnn4)[C@H]3SC2)s1,0,0,0.00017868580659758876,O=C(Cn1cnnn1)NC1C(=O)N2C=C(CSc3nncs3)CSC12
Nc1nc(N)c2nc(CNc3ccc(C(=O)N[C@@H](CCCNC(=O)c4ccccc4C(=O)O)C(=O)O)cc3)cnc2n1,1,1,0.772135667684038,O=C(NCCCCNC(=O)c1ccc(NCc2cnc3ncncc3n2)cc1)c1ccccc1
CN(C)N/N=C1/N=CN=C1C(N)=O,1,0,0.3197116669769131,N=C1C=NC=N1
C=C1C[C@@H]2[C@H](CC[C@]3(C)C(=O)CC[C@@H]23)[C@@]2(C)C=CC(=O)C=C12,0,0,0.018214693252818173,C=C1CC2C(CCC3C(=O)CCC32)C2C=CC(=O)C=C12
CCC1(C)OC(=O)N(C)C1=O,0,0,0.00603994104994665,O=C1COC(=O)N1
CN1C(=O)OC(C)(C)C1=O,0,0,0.005370282477022544,O=C1COC(=O)N1
[NH3+][C@@H]1CC1c1ccccc1,0,0,0.0023679331125021717,c1ccc(C2CC2)cc1
CCN(CC)C(=O)[C@]1(c2ccccc2)C[C@@H]1C[NH3+],0,0,0.004442858349729141,c1ccc(C2CC2)cc1
O=C(CCBr)N1CCN(C(=O)CCBr)CC1,0,0,0.006337564403188083,C1CNCCN1
N#Cc1ccc2[nH]cc(CCCC[NH+]3CCN(c4ccc5oc(C(N)=O)cc5c4)CC3)c2c1,0,0,0.06936612050611744,c1ccc2c(CCCC[NH+]3CCN(c4ccc5occc5c4)CC3)c[nH]c2c1
CC1(C)S[C@@H]2[C@H](NC(=O)C3([NH3+])CCCCC3)C(=O)N2[C@H]1C(=O)[O-],0,0,0.00043483799128824017,O=C(NC1C(=O)N2CCSC12)C1CCCCC1
C=C/C=C/CC1=C(C)[C@@H](OC(=O)[C@@H]2[C@@H](C=C(C)C)C2(C)C)CC1=O,0,0,0.023760361111261077,O=C1C=CC(OC(=O)C2CC2)C1
OCc1cc(C(O)C[NH2+]CCCCCCOCCCCc2ccccc2)ccc1O,0,0,0.02810297441598663,c1ccc(CCCCOCCCCCC[NH2+]CCc2ccccc2)cc1
CN1C(C(=O)Nc2ccccn2)=C(O)c2ccccc2S1(=O)=O,0,0,0.05027750734837915,O=C(Nc1ccccn1)C1=Cc2ccccc2S(=O)(=O)N1
c1cnc2cc3c(cc2n1)[C@@H]1C[NH2+]C[C@H]3C1,0,0,0.002112134250346607,c1cnc2cc3c(cc2n1)C1C[NH2+]CC3C1
Cc1nnc([N-]S(=O)(=O)c2ccc(N)cc2)s1,0,0,0.028433687874662522,O=S(=O)([N-]c1nncs1)c1ccccc1
COc1cc2nc(N3CCN(C(=O)C4COc5ccccc5O4)CC3)nc(N)c2cc1OC,0,0,0.048850976589577176,O=C(C1COc2ccccc2O1)N1CCN(c2ncc3ccccc3n2)CC1
Cc1ccc(C(=O)Nc2ccc(CN3CCN(C)CC3)c(C(F)(F)F)c2)cc1C#Cc1cnc2cccnn12,1,1,0.8084936494557601,O=C(Nc1ccc(CN2CCNCC2)cc1)c1cccc(C#Cc2cnc3cccnn23)c1
Nc1nc(NC2CC2)c2ncn([C@H]3C=C[C@@H](CO)C3)c2n1,0,0,0.2522513552751288,C1=CC(n2cnc3c(NC4CC4)ncnc32)CC1
C[N+]1(C)CCCC(OC(=O)C(O)(c2ccccc2)c2ccccc2)C1,0,0,0.0971228803919778,O=C(OC1CCC[NH2+]C1)C(c1ccccc1)c1ccccc1
C[NH+]1CCc2cccc3c2[C@H]1Cc1ccc(O)c(O)c1-3,0,0,0.006332061283655104,c1ccc2c(c1)CC1[NH2+]CCc3cccc-2c31
COc1c(C)c2c(c(O)c1C/C=C(\C)CCC(=O)OCCN1CCOCC1)C(=O)OC2,1,0,0.23405455303924708,O=C(CCC=CCc1ccc2c(c1)C(=O)OC2)OCCN1CCOCC1
CO/N=C(\C(=O)N[C@@H]1C(=O)N2C(C(=O)OC(C)OC(C)=O)=C(COC(N)=O)CS[C@H]12)c1ccco1,0,0,0.002462692908561172,N=C(C(=O)NC1C(=O)N2C=CCSC12)c1ccco1
CO/N=C(\C(=O)N[C@@H]1C(=O)N2C(C(=O)[O-])=C(COC(N)=O)CS[C@H]12)c1ccco1,0,0,0.0004089868892346409,N=C(C(=O)NC1C(=O)N2C=CCSC12)c1ccco1
CCN(C(C)=O)c1cccc(-c2ccnc3c(C#N)cnn23)c1,0,0,0.06510324369301826,c1ccc(-c2ccnc3ccnn23)cc1
Nc1cc(-c2ccncc2)c[nH]c1=O,0,0,0.028942470089229268,O=c1ccc(-c2ccncc2)c[nH]1
Cc1[nH]c(=O)c(C#N)cc1-c1ccncc1,0,0,0.06869339492677601,O=c1ccc(-c2ccncc2)c[nH]1
O=C(OCc1ccccc1)c1ccccc1,0,0,0.026651357063881585,O=C(OCc1ccccc1)c1ccccc1
CCC(C)(C)C1C(=O)N2CCCC2C2(O)OC(NC(=O)C3CC4c5cccc6[nH]cc(c56)CC4[NH+](C)C3)(C(C)C)C(=O)N12,0,0,0.06555867623391018,O=C(NC1OC2C3CCCN3C(=O)CN2C1=O)C1C[NH2+]C2Cc3c[nH]c4cccc(c34)C2C1
Cc1onc(-c2ccccc2Cl)c1C(=O)N[C@@H]1C(=O)N2[C@@H]1SC(C)(C)[C@@H]2C(=O)[O-],0,0,0.0012073315235886278,O=C(NC1C(=O)N2CCSC12)c1conc1-c1ccccc1
Cc1onc(-c2c(Cl)cccc2Cl)c1C(=O)N[C@@H]1C(=O)N2[C@@H]1SC(C)(C)[C@@H]2C(=O)[O-],0,0,0.0013307241926049133,O=C(NC1C(=O)N2CCSC12)c1conc1-c1ccccc1
Cc1onc(-c2ccccc2)c1C(=O)N[C@@H]1C(=O)N2[C@@H]1SC(C)(C)[C@@H]2C(=O)[O-],0,0,0.001135354230916231,O=C(NC1C(=O)N2CCSC12)c1conc1-c1ccccc1
Brc1c(NC2=[NH+]CCN2)ccc2nccnc12,0,0,0.018996691382716428,c1cnc2cc(NC3=[NH+]CCN3)ccc2n1
CO[C@@]1(NC(=O)Cc2cccs2)C(=O)N2C(C(=O)[O-])=C(COC(N)=O)CS[C@@H]21,0,0,0.0016823692157895932,O=C(Cc1cccs1)NC1C(=O)N2C=CCSC12
CC(=O)OCC1=C(C(=O)[O-])N2C(=O)[C@@H](NC(=O)Cc3cccs3)[C@H]2SC1,0,0,0.002000022870803051,O=C(Cc1cccs1)NC1C(=O)N2C=CCSC12
C[C@H]1COc2c(N3CC[NH+](C)CC3)c(F)cc3c(=O)c(C(=O)[O-])cn1c23,0,0,0.009508573606798467,O=c1ccn2c3c(c(N4CC[NH2+]CC4)ccc13)OCC2
CC1COc2c(N3CC[NH+](C)CC3)c(F)cc3c(=O)c(C(=O)[O-])cn1c23,0,0,0.009508573606798467,O=c1ccn2c3c(c(N4CC[NH2+]CC4)ccc13)OCC2
COc1cc(C[C@@H]2c3c(cc(OC)c(OC)c3OC)CC[N+]2(C)CCCOC(=O)CCC(=O)OCCC[N+]2(C)CCc3cc(OC)c(OC)c(OC)c3[C@@H]2Cc2cc(OC)c(OC)c(OC)c2)cc(OC)c1OC,0,0,0.0051605239113440985,O=C(CCC(=O)OCCC[NH+]1CCc2ccccc2C1Cc1ccccc1)OCCC[NH+]1CCc2ccccc2C1Cc1ccccc1
C[NH+]1CCC[C@@H]1Cc1c[nH]c2ccc(CCS(=O)(=O)c3ccccc3)cc12,0,0,0.03638219421054188,O=S(=O)(CCc1ccc2[nH]cc(CC3CCC[NH2+]3)c2c1)c1ccccc1
CO[C@H]1/C=C/O[C@@]2(C)Oc3c(C)c(O)c4c(O)c(c5c(nc6cc(C)ccn65)c4c3C2=O)NC(=O)/C(C)=C\C=C\[C@H](C)[C@H](O)[C@@H](C)[C@@H](O)[C@@H](C)[C@H](OC(C)=O)[C@@H]1C,0,0,0.06206154107303838,O=C1C=CC=CCCCCCCCCC=COC2Oc3ccc4cc(c5c(nc6ccccn65)c4c3C2=O)N1
Cc1noc([N-]S(=O)(=O)c2ccc(N)cc2)c1C,0,0,0.0020553509425017312,O=S(=O)([N-]c1ccno1)c1ccccc1
CC(c1cc2ccccc2s1)N(O)C(N)=O,0,0,0.022560119139651405,c1ccc2sccc2c1
C[C@]12COC(=O)C[C@@H]1CC[C@@H]1[C@@H]2CC[C@@]2(C)[C@H]1CC[C@]2(C)O,0,0,0.05276832946718551,O=C1CC2CCC3C4CCCC4CCC3C2CO1
CCc1ccc(CCOc2ccc(CC3SC(=O)[N-]C3=O)cc2)nc1,0,0,0.09545808893360998,O=C1[N-]C(=O)C(Cc2ccc(OCCc3ccccn3)cc2)S1
C[C@H](Cn1cnc2c(N)ncnc21)OCP(=O)([O-])[O-],0,0,0.015439553519320389,c1ncc2nc[nH]c2n1
CC(C)OC(=O)OCOP(=O)(CO[C@H](C)Cn1cnc2c(N)ncnc21)OCOC(=O)OC(C)C,0,0,0.386288435965276,c1ncc2nc[nH]c2n1
CC(C)(C)C(=O)OCOP(=O)(COCCn1cnc2c(N)ncnc21)OCOC(=O)C(C)(C)C,1,1,0.6909497537811544,c1ncc2nc[nH]c2n1
CC(=O)OCC(CCn1cnc2cnc(N)nc21)COC(C)=O,0,0,0.04004591922573598,c1ncc2nc[nH]c2n1
CCNC(=O)CCC/C=C\C[C@@H]1[C@@H](/C=C/[C@@H](O)CCc2ccccc2)[C@H](O)C[C@@H]1O,0,0,0.1049370885091571,C(=CC1CCCC1)CCCc1ccccc1
c1ccc([C@H]2CN3CCSC3=[NH+]2)cc1,0,0,0.0035896621277940765,c1ccc(C2CN3CCSC3=[NH+]2)cc1
CO[C@@]12[C@H](COC(N)=O)C3=C(C(=O)C(C)=C([NH3+])C3=O)[NH+]1C[C@@H]1N[C@@H]12,0,0,0.09610500538643929,O=C1C=CC(=O)C2=C1CC1C3NC3C[NH+]21
O=C([O-])c1cc(/N=N/c2ccc(S(=O)(=O)[N-]c3ccccn3)cc2)ccc1O,0,0,0.005209959532968449,O=S(=O)([N-]c1ccccn1)c1ccc(N=Nc2ccccc2)cc1
COC(c1ccccc1)(c1ccccc1)[C@H](Oc1nc(C)cc(C)n1)C(=O)[O-],0,0,0.01636078091853055,c1ccc(C(COc2ncccn2)c2ccccc2)cc1
C[C@]12CC[C@H]3[C@@H](CCC4=CC(=O)CC[C@@H]43)[C@@H]1CC[C@@H]2OC(=O)CCc1ccccc1,0,0,0.01713525158445009,O=C1C=C2CCC3C(CCC4C(OC(=O)CCc5ccccc5)CCC43)C2CC1
COc1cc([C@@H]2c3cc4c(cc3[C@H](O)[C@H]3COC(=O)[C@H]23)OCO4)cc(OC)c1OC,0,0,0.12193573313418987,O=C1OCC2Cc3cc4c(cc3C(c3ccccc3)C12)OCO4
CC(=O)N[C@@H]1[C@@H](O[C@@H]2O[C@H](C(=O)[O-])[C@@H](O)[C@H](O)[C@H]2O)[C@@H](O)[C@@H](OS(=O)(=O)[O-])O[C@H]1O,0,0,0.0009352561979355417,C1CCC(OC2CCOCC2)OC1
O=C1Cc2cc(CC[NH+]3CCN(c4nsc5ccccc45)CC3)c(Cl)cc2N1,0,0,0.06646289591241343,O=C1Cc2cc(CC[NH+]3CCN(c4nsc5ccccc45)CC3)ccc2N1
COc1ccc(C[C@@H](C)[NH2+]C[C@H](O)c2ccc(O)c(NC=O)c2)cc1,0,0,0.025754669925042484,c1ccc(CC[NH2+]CCc2ccccc2)cc1
COc1ccc(CC(C)[NH2+]CC(O)c2ccc(O)c(NC=O)c2)cc1,0,0,0.025754669925042484,c1ccc(CC[NH2+]CCc2ccccc2)cc1
C[C@H]([NH2+]CCc1ccc(O)cc1)[C@H](O)c1ccc(O)cc1,0,0,0.012132554390663592,c1ccc(CC[NH2+]CCc2ccccc2)cc1
CCCCCOc1ccc(-c2cc(-c3ccc(C(=O)N[C@H]4C[C@@H](O)[C@@H](O)NC(=O)[C@@H]5[C@@H](O)[C@@H](C)CN5C(=O)[C@H]([C@H](O)CC(N)=O)NC(=O)[C@H]([C@H](O)[C@@H](O)c5ccc(O)c(OS(=O)(=O)[O-])c5)NC(=O)[C@@H]5C[C@@H](O)CN5C(=O)[C@H]([C@@H](C)O)NC4=O)cc3)no2)cc1,0,0,0.0006255121553407525,O=C(NC1CCCNC(=O)C2CCCN2C(=O)CNC(=O)C(CCc2ccccc2)NC(=O)C2CCCN2C(=O)CNC1=O)c1ccc(-c2cc(-c3ccccc3)on2)cc1
C[NH+](C)CCC(c1ccc(Cl)cc1)c1ccccn1,0,0,0.0063018516007627605,c1ccc(Cc2ccccn2)cc1
C[NH+](C)CCC(c1ccccc1)c1ccccn1,0,0,0.005055164658044182,c1ccc(Cc2ccccn2)cc1
CC(C)[NH+](CCC(C(N)=O)(c1ccccc1)c1ccccn1)C(C)C,0,0,0.014526437585888998,c1ccc(Cc2ccccn2)cc1
C[NH+](C)CCOC(C)(c1ccccc1)c1ccccn1,0,0,0.006957441108941408,c1ccc(Cc2ccccn2)cc1
C[NH+](C)CCOC(c1ccc(Cl)cc1)c1ccccn1,0,0,0.007435051411776485,c1ccc(Cc2ccccn2)cc1
C[NH+](C)CC[C@@H](c1ccc(Br)cc1)c1ccccn1,0,0,0.008454664542719472,c1ccc(Cc2ccccn2)cc1
C[NH+](C)CCC(c1ccc(Br)cc1)c1ccccn1,0,0,0.008454664542719472,c1ccc(Cc2ccccn2)cc1
CC1(C)O[C@@H]2[C@@H](CO[C@@]3(COS(N)(=O)=O)OC(C)(C)O[C@@H]23)O1,0,0,0.005213043462174904,C1OC2COC3OCOC3C2O1
C[NH+](C)CCn1nnnc1SCC1=C(C(=O)[O-])N2C(=O)[C@@H](NC(=O)Cc3csc(N)n3)[C@H]2SC1,0,0,0.00027396220521221575,O=C(Cc1cscn1)NC1C(=O)N2C=C(CSc3nnn[nH]3)CSC12
CC(=O)Nc1nnc(S(N)(=O)=O)s1,0,0,0.033478324234418134,c1nncs1
COCc1c(C(C)C)nc(C(C)C)c(/C=C/[C@@H](O)C[C@@H](O)CC(=O)[O-])c1-c1ccc(F)cc1,0,0,0.008470311418107399,c1ccc(-c2ccncc2)cc1
C/C=C1\NC(=O)[C@H]2CSSCC/C=C/[C@H](CC(=O)N[C@H](C(C)C)C(=O)N2)OC(=O)[C@H](C(C)C)NC1=O,0,0,0.029008918872770677,C=C1NC(=O)C2CSSCCC=CC(CC(=O)NCC(=O)N2)OC(=O)CNC1=O
CC[C@@H](CO)NC(=O)[C@@H]1C=C2c3cccc4[nH]cc(c34)C[C@H]2[NH+](C)C1,0,0,0.018319709996982868,C1=C2c3cccc4[nH]cc(c34)CC2[NH2+]CC1
CC[C@@H](CO)NC(=O)[C@@H]1C=C2c3cccc4c3c(cn4C)C[C@H]2[NH+](C)C1,0,0,0.028750797051902404,C1=C2c3cccc4[nH]cc(c34)CC2[NH2+]CC1
CN1CCC(CNc2ccc3ncc(-c4cccc(OC(F)(F)F)c4)n3n2)CC1,1,1,0.8533007320008521,c1ccc(-c2cnc3ccc(NCC4CCNCC4)nn23)cc1
COc1ccc2cc1Oc1cc3c(cc1OC)CC[N+](C)(C)[C@H]3Cc1ccc(cc1)Oc1c(OC)c(OC)cc3c1[C@@H](C2)[N+](C)(C)CC3,0,0,0.003559130206802647,c1cc2cc(c1)Oc1ccc3c(c1)C(Cc1ccc(cc1)Oc1cccc4c1C(C2)[NH2+]CC4)[NH2+]CC3
COc1cc2c3cc1Oc1cc(ccc1O)C[C@@H]1c4c(cc(OC)c(O)c4Oc4ccc(cc4)C[C@@H]3[NH+](C)CC2)CC[N+]1(C)C,0,0,0.010619378960227212,c1cc2cc(c1)Oc1ccc3c(c1)C(Cc1ccc(cc1)Oc1cccc4c1C(C2)[NH2+]CC4)[NH2+]CC3
CC1(C)NC(=O)N(c2ccc([N+](=O)[O-])c(C(F)(F)F)c2)C1=O,0,0,0.06808935256944677,O=C1CNC(=O)N1c1ccccc1
C=C1c2cccc([O-])c2C(=O)C2=C([O-])[C@]3(O)C(=O)C(C(N)=O)=C([O-])[C@@H]([NH+](C)C)[C@@H]3[C@@H](O)[C@H]12,0,0,0.0018268755789585566,C=C1c2ccccc2C(=O)C2=CC3C(=O)C=CCC3CC12
COc1cc2c(cc1OC)[C@@H](Cc1cc(OC)c(OC)c(OC)c1)[N+](C)(CCCOC(=O)CC/C=C/CCC(=O)OCCC[N+]1(C)CCc3cc(OC)c(OC)cc3[C@H]1Cc1cc(OC)c(OC)c(OC)c1)CC2,0,0,0.004579860494857131,O=C(CCC=CCCC(=O)OCCC[NH+]1CCc2ccccc2C1Cc1ccccc1)OCCC[NH+]1CCc2ccccc2C1Cc1ccccc1
COc1cc(N)c(Cl)cc1C(=O)NC1CC[NH+](CCCOc2ccc(F)cc2)CC1OC,0,0,0.10704726989549539,O=C(NC1CC[NH+](CCCOc2ccccc2)CC1)c1ccccc1
CCCC[NH+](CCCC)CCC(O)c1cc2c(Cl)cc(Cl)cc2c2cc(C(F)(F)F)ccc12,0,0,0.005205009539591721,c1ccc2c(c1)ccc1ccccc12
CCCCc1oc2ccc(NS(C)(=O)=O)cc2c1C(=O)c1ccc(OCCC[NH+](CCCC)CCCC)cc1,0,0,0.013614459662197452,O=C(c1ccccc1)c1coc2ccccc12
CCCCc1oc2ccccc2c1C(=O)c1cc(I)c(OCC[NH+](CC)CC)c(I)c1,0,0,0.0037035106832502642,O=C(c1ccccc1)c1coc2ccccc12
S=P(N1CC1)(N1CC1)N1CC1,0,0,0.0006373171940278867,S=P(N1CC1)(N1CC1)N1CC1
Nc1cccc2c1C(=O)N(C1CCC(=O)NC1=O)C2=O,1,1,0.5409677817829043,O=C1CCC(N2C(=O)c3ccccc3C2=O)C(=O)N1
CC(=O)c1ccc2c(c1)N(CCC[NH+]1CCC(CCO)CC1)c1ccccc1S2,0,0,0.016909425010593046,c1ccc2c(c1)Sc1ccccc1N2CCC[NH+]1CCCCC1
CC[NH+](CC)CCOC(=O)C1(C2CCCCC2)CCCCC1,0,0,0.0031308111427772287,C1CCC(C2CCCCC2)CC1
Clc1ccc(C(Cn2ccnc2)OCc2csc3c(Cl)cccc23)c(Cl)c1,0,0,0.020652188255456755,c1ccc(C(Cn2ccnc2)OCc2csc3ccccc23)cc1
CCC(C)n1ncn(-c2ccc(N3CCN(c4ccc(OC[C@H]5CO[C@](Cn6cncn6)(c6ccc(Cl)cc6Cl)O5)cc4)CC3)cc2)c1=O,0,0,0.09663045398609561,O=c1[nH]ncn1-c1ccc(N2CCN(c3ccc(OCC4COC(Cn5cncn5)(c5ccccc5)O4)cc3)CC2)cc1
OC1(c2ccc(Cl)cc2)c2ccccc2C2=[NH+]CCN21,0,0,0.014259404344160658,c1ccc(C2c3ccccc3C3=[NH+]CCN32)cc1
CCCCS(=O)(=O)N[C@@H](Cc1ccc(OCCCCC2CC[NH2+]CC2)cc1)C(=O)[O-],0,0,0.006984272910761526,c1ccc(OCCCCC2CC[NH2+]CC2)cc1
O=C1CN(/N=C/c2ccc([N+](=O)[O-])o2)C(=O)N1,0,0,0.006658640765302654,O=C1CN(N=Cc2ccco2)C(=O)N1
OC(C[NH2+]CC(O)C1CCc2cc(F)ccc2O1)C1CCc2cc(F)ccc2O1,0,0,0.017675971998398408,c1ccc2c(c1)CCC(CC[NH2+]CCC1CCc3ccccc3O1)O2
CC(=O)OCC(=O)[C@@]1(OC(C)=O)[C@@H](C)C[C@H]2[C@@H]3C[C@H](F)C4=CC(=O)C=C[C@]4(C)[C@@]3(F)[C@@H](O)C[C@@]21C,0,0,0.05187512478502264,O=C1C=CC2C(=C1)CCC1C3CCCC3CCC21
CC(=O)[C@@]1(O)CC[C@H]2[C@@H]3C[C@H](C)C4=CC(=O)C=C[C@]4(C)[C@@]3(F)[C@@H](O)C[C@@]21C,0,0,0.09924272529892103,O=C1C=CC2C(=C1)CCC1C3CCCC3CCC21
CC(=O)O[C@]1(C(C)=O)CC[C@H]2[C@@H]3C[C@H](C)C4=CC(=O)C=C[C@]4(C)[C@@]3(F)[C@@H](O)C[C@@]21C,0,0,0.08871204618657529,O=C1C=CC2C(=C1)CCC1C3CCCC3CCC21
C[C@H]1C[C@@H]2[C@H]([C@@H](O)C[C@@]3(C)[C@H]2CC[C@]3(O)C(=O)CO)[C@@]2(C)C=CC(=O)C=C12,0,0,0.16429029122503605,O=C1C=CC2C(=C1)CCC1C3CCCC3CCC21
C[C@H]1C[C@@H]2[C@H]([C@@H](O)C[C@@]3(C)[C@H]2CC[C@]3(O)C(=O)COC(=O)CCC(=O)[O-])[C@@]2(C)C=CC(=O)C=C12,0,0,0.009477719359985322,O=C1C=CC2C(=C1)CCC1C3CCCC3CCC21
C[C@H]1C[C@H]2[C@@H]3CCC4=CC(=O)C=C[C@]4(C)[C@@]3(F)[C@@H](O)C[C@]2(C)[C@@]1(O)C(=O)CO,0,0,0.15956387888038956,O=C1C=CC2C(=C1)CCC1C3CCCC3CCC21
CC(=O)OCC(=O)[C@@]1(O)[C@@H](C)C[C@H]2[C@@H]3CCC4=CC(=O)C=C[C@]4(C)[C@@]3(F)[C@@H](O)C[C@@]21C,0,0,0.0906072745657952,O=C1C=CC2C(=C1)CCC1C3CCCC3CCC21
C[C@@H]1C[C@H]2[C@@H]3C[C@H](F)C4=CC(=O)C=C[C@]4(C)[C@@]3(F)[C@@H](O)C[C@]2(C)[C@@]1(O)C(=O)COC(=O)C(C)(C)C,0,0,0.08691033621724326,O=C1C=CC2C(=C1)CCC1C3CCCC3CCC21
CCCC(=O)O[C@]1(C(=O)COC(C)=O)CC[C@H]2[C@@H]3C[C@H](F)C4=CC(=O)C=C[C@]4(C)[C@@]3(F)[C@@H](O)C[C@@]21C,0,0,0.05280904016618791,O=C1C=CC2C(=C1)CCC1C3CCCC3CCC21
C[C@@H]1C[C@H]2[C@@H]3C[C@H](F)C4=CC(=O)C=C[C@]4(C)[C@@]3(Cl)[C@@H](O)C[C@]2(C)[C@H]1C(=O)COC(=O)C(C)(C)C,0,0,0.07105578783640185,O=C1C=CC2C(=C1)CCC1C3CCCC3CCC21
CC(=O)OCC(=O)[C@@]1(O)[C@H](C)C[C@H]2[C@@H]3C[C@H](F)C4=CC(=O)C=C[C@]4(C)[C@H]3[C@@H](O)C[C@@]21C,0,0,0.08919154061513192,O=C1C=CC2C(=C1)CCC1C3CCCC3CCC21
C[C@@H]1C[C@H]2[C@@H]3CCC4=CC(=O)C=C[C@]4(C)[C@@]3(F)[C@@H](O)C[C@]2(C)[C@@]1(O)C(=O)CO,1,0,0.15956387888038956,O=C1C=CC2C(=C1)CCC1C3CCCC3CCC21
C[C@@H]1C[C@H]2[C@@H]3CCC4=CC(=O)C=C[C@]4(C)[C@@]3(F)[C@@H](O)C[C@]2(C)[C@@]1(O)C(=O)COP(=O)([O-])[O-],0,0,0.009225988593438211,O=C1C=CC2C(=C1)CCC1C3CCCC3CCC21
C[C@@H]1C[C@H]2[C@@H]3CCC4=CC(=O)C=C[C@]4(C)[C@@]3(F)[C@@H](O)C[C@]2(C)[C@H]1C(=O)CO,0,0,0.07114756413932262,O=C1C=CC2C(=C1)CCC1C3CCCC3CCC21
CCOC(=O)O[C@]1(C(=O)OCCl)CC[C@H]2[C@@H]3CCC4=CC(=O)C=C[C@]4(C)[C@H]3[C@@H](O)C[C@@]21C,0,0,0.014467357708464499,O=C1C=CC2C(=C1)CCC1C3CCCC3CCC21
CCCCC(=O)O[C@]1(C(=O)CO)[C@@H](C)C[C@H]2[C@@H]3CCC4=CC(=O)C=C[C@]4(C)[C@@]3(F)[C@@H](O)C[C@@]21C,0,0,0.06777510881752571,O=C1C=CC2C(=C1)CCC1C3CCCC3CCC21
C[C@]12C=CC(=O)C=C1CC[C@H]1[C@@H]3C[C@@H](O)[C@](O)(C(=O)CO)[C@@]3(C)C[C@H](O)[C@@]12F,0,0,0.060300620561027675,O=C1C=CC2C(=C1)CCC1C3CCCC3CCC21
C[C@]12C=CC(=O)C=C1[C@@H](F)C[C@@H]1[C@@H]2[C@@H](O)C[C@@]2(C)[C@H]1CC[C@]2(O)C(=O)CO,0,0,0.1477680154093607,O=C1C=CC2C(=C1)CCC1C3CCCC3CCC21
C[C@]12C=CC(=O)C=C1CC[C@@H]1[C@@H]2[C@@H](O)C[C@@]2(C)[C@H]1CC[C@]2(O)C(=O)CO,1,0,0.17777081016350285,O=C1C=CC2C(=C1)CCC1C3CCCC3CCC21
CC(C)(C)CC(=O)OCC(=O)[C@@]1(O)CC[C@H]2[C@@H]3CCC4=CC(=O)C=C[C@]4(C)[C@H]3[C@@H](O)C[C@@]21C,0,0,0.08610986367539278,O=C1C=CC2C(=C1)CCC1C3CCCC3CCC21
CCC(=O)[C@@]1(C)[C@H](C)CC2C3CCC4=CC(=O)C=C[C@]4(C)C3[C@@H](O)C[C@@]21C,0,0,0.05024926180945203,O=C1C=CC2C(=C1)CCC1C3CCCC3CCC21
CCC(=O)O[C@]1(C(=O)SCF)[C@H](C)C[C@H]2[C@@H]3C[C@H](F)C4=CC(=O)C=C[C@]4(C)[C@@]3(F)[C@@H](O)C[C@@]21C,0,0,0.011692738400968421,O=C1C=CC2C(=C1)CCC1C3CCCC3CCC21
CCC(=O)O[C@]1(C(=O)CCl)[C@@H](C)C[C@H]2[C@@H]3CCC4=CC(=O)C=C[C@]4(C)[C@@]3(F)[C@@H](O)C[C@@]21C,0,0,0.08075393978615919,O=C1C=CC2C(=C1)CCC1C3CCCC3CCC21
CCC(=O)O[C@]1(C(=O)CCl)[C@@H](C)CC2C3C[C@H](F)C4=CC(=O)C=CC4(C)[C@@]3(F)C(O)CC21C,0,0,0.08169463216030283,O=C1C=CC2C(=C1)CCC1C3CCCC3CCC21
CCC(=O)OCC(=O)[C@@]1(OC(=O)CC)[C@H](C)C[C@H]2[C@H]3[C@H]([C@@H](O)C[C@@]21C)[C@@]1(C)C=CC(=O)C=C1C[C@H]3Cl,0,0,0.04976603742987597,O=C1C=CC2C(=C1)CCC1C3CCCC3CCC21
CCC(=O)OCC(=O)[C@@]1(OC(=O)CC)[C@@H](C)C[C@H]2[C@@H]3CCC4=CC(=O)C=C[C@]4(C)[C@@]3(Cl)[C@@H](O)C[C@@]21C,0,0,0.052232740824959364,O=C1C=CC2C(=C1)CCC1C3CCCC3CCC21
CCOC(=O)O[C@]1(C(=O)COC(=O)CC)CC[C@H]2[C@@H]3CCC4=CC(=O)C=C[C@]4(C)[C@H]3[C@@H](O)C[C@@]21C,0,0,0.03352880985280342,O=C1C=CC2C(=C1)CCC1C3CCCC3CCC21
CC[NH2+][C@@H]1C[C@H]([NH3+])[C@@H](O[C@H]2OC(C[NH3+])=CC[C@H]2[NH3+])[C@H](O)[C@H]1O[C@H]1OC[C@](C)(O)[C@H]([NH2+]C)[C@H]1O,0,0,0.002714075499875565,C1=COC(OC2CCCC(OC3CCCCO3)C2)CC1
O=C(c1ccc(F)c(F)c1Nc1ccc(I)cc1F)N1CC(O)([C@@H]2CCCCN2)C1,1,1,0.6885445311928023,O=C(c1ccccc1Nc1ccccc1)N1CC(C2CCCCN2)C1
CCc1cc2c(cc1CC)CC([NH2+]C[C@H](O)c1ccc(O)c3[nH]c(=O)ccc13)C2,0,0,0.04560564745965389,O=c1ccc2c(CC[NH2+]C3Cc4ccccc4C3)cccc2[nH]1
CCOC(=O)C1(c2ccccc2)CC[NH+](C)CC1,0,0,0.010898566374629458,c1ccc(C2CC[NH2+]CC2)cc1
OC(CC[NH+]1CCCCC1)(c1ccccc1)C1CCCC1,0,0,0.020647098368597794,c1ccc(C(CC[NH+]2CCCCC2)C2CCCC2)cc1
COc1cc2c(c(OC)c1OC)-c1ccc(OC)c(=O)cc1[C@@H](NC(C)=O)CC2,0,0,0.06949531757646796,O=c1cccc2c(c1)CCCc1ccccc1-2
O=C1CCO1,0,0,0.012274995659225425,O=C1CCO1
CCCCCCCCCCC[C@@H](C[C@@H]1OC(=O)[C@H]1CCCCCC)OC(=O)[C@H](CC(C)C)NC=O,0,0,0.042299170285606716,O=C1CCO1
CC[NH+](CC)CCCC(C)Nc1cc[nH+]c2cc(Cl)ccc12,0,0,0.005615110244619174,c1ccc2[nH+]cccc2c1
CC[NH+](CCO)CCCC(C)Nc1cc[nH+]c2cc(Cl)ccc12,0,0,0.010979225958968507,c1ccc2[nH+]cccc2c1
Nc1nc(=O)c2c(CCc3ccc(C(=O)N[C@@H](CCC(=O)[O-])C(=O)[O-])cc3)c[nH]c2[nH]1,0,0,0.06830879875018067,O=c1nc[nH]c2[nH]cc(CCc3ccccc3)c12
Nc1nc(=O)c2c(CCc3ccc(C(=O)N[C@@H](CCC(=O)O)C(=O)O)cc3)c[nH]c2[nH]1,1,1,0.6042295421200542,O=c1nc[nH]c2[nH]cc(CCc3ccccc3)c12
C/C=C(C(=C/C)/c1ccc(O)cc1)\c1ccc(O)cc1,0,0,0.01892351722012683,C=C(C(=C)c1ccccc1)c1ccccc1
Nc1ncnc2c1ncn2[C@@H]1O[C@H](CO)[C@@H](O)[C@H]1O,0,0,0.2242959938148304,c1ncc2ncn(C3CCCO3)c2n1
Nc1ncnc2c1ncn2[C@@H]1O[C@H](CO)[C@@H](O)[C@@H]1O,0,0,0.2242959938148304,c1ncc2ncn(C3CCCO3)c2n1
Nc1nc(F)nc2c1ncn2[C@@H]1O[C@H](CO)[C@@H](O)[C@@H]1O,1,0,0.3614387237109802,c1ncc2ncn(C3CCCO3)c2n1
Nc1nc(F)nc2c1ncn2[C@@H]1O[C@H](COP(=O)(O)O)[C@@H](O)[C@@H]1O,1,1,0.5758147810203542,c1ncc2ncn(C3CCCO3)c2n1
COc1nc(N)nc2c1ncn2[C@@H]1O[C@H](CO)[C@@H](O)[C@@H]1O,0,0,0.053098015798451866,c1ncc2ncn(C3CCCO3)c2n1
Nc1nc(F)nc2c1ncn2[C@@H]1O[C@H](COP(=O)([O-])[O-])[C@@H](O)[C@@H]1O,0,0,0.05012356545359533,c1ncc2ncn(C3CCCO3)c2n1
Nc1nc(Cl)nc2c1ncn2[C@H]1C[C@H](O)[C@@H](CO)O1,0,0,0.17229310392487307,c1ncc2ncn(C3CCCO3)c2n1
c1cc(C[NH+]2CCCNCC[NH2+]CCCNCC2)ccc1C[NH+]1CCCNCC[NH2+]CCCNCC1,0,0,0.03891115240355125,c1cc(C[NH+]2CCCNCC[NH2+]CCCNCC2)ccc1C[NH+]1CCCNCC[NH2+]CCCNCC1
N#Cc1ccc(C(c2ccc(C#N)cc2)n2cncn2)cc1,1,0,0.4705020211014519,c1ccc(C(c2ccccc2)n2cncn2)cc1
O=C([O-])c1ccc(-n2nc(-c3ccccc3O)nc2-c2ccccc2O)cc1,0,0,0.007730297062349393,c1ccc(-c2nc(-c3ccccc3)n(-c3ccccc3)n2)cc1
CC(C)[NH2+]CC(O)COc1ccc(CCOCC2CC2)cc1,0,0,0.008882792230074456,c1ccc(CCOCC2CC2)cc1
CC(C)[NH2+]C[C@H](O)COc1ccc(CCOCC2CC2)cc1,0,0,0.008882792230074456,c1ccc(CCOCC2CC2)cc1
CC(=O)Oc1cc2c(s1)CC[NH+](C(C(=O)C1CC1)c1ccccc1F)C2,0,0,0.016197751323987354,O=C(C1CC1)C(c1ccccc1)[NH+]1CCc2sccc2C1
CCN(CC)C(=O)N1CC[NH+](C)CC1,0,0,0.022075833916632998,C1C[NH2+]CCN1
C1C[NH2+]CCN1,0,0,0.003309063296110065,C1C[NH2+]CCN1
C[C@@H]([NH2+]CCCc1cccc(C(F)(F)F)c1)c1cccc2ccccc12,0,0,0.012274334097755541,c1ccc(CCC[NH2+]Cc2cccc3ccccc23)cc1
O=C([O-])c1cc2ccccc2c(Cc2c(O)c(C(=O)[O-])cc3ccccc23)c1O,0,0,0.00917948718848534,c1ccc2c(Cc3cccc4ccccc34)cccc2c1
COc1c(N2CC[NH2+]C(C)C2)c(F)cc2c(=O)c(C(=O)[O-])cn(C3CC3)c12,0,0,0.00838974981802101,O=c1ccn(C2CC2)c2cc(N3CC[NH2+]CC3)ccc12
C[C@@H]1CN(c2c(F)c(N)c3c(=O)c(C(=O)[O-])cn(C4CC4)c3c2F)C[C@H](C)[NH2+]1,0,0,0.006904259624980634,O=c1ccn(C2CC2)c2cc(N3CC[NH2+]CC3)ccc12
Cc1c(F)c(N2CC[NH2+]C(C)C2)cc2c1c(=O)c(C(=O)[O-])cn2C1CC1,0,0,0.00998060490192086,O=c1ccn(C2CC2)c2cc(N3CC[NH2+]CC3)ccc12
O=C([O-])c1cn(C2CC2)c2cc(N3CC[NH2+]CC3)c(F)cc2c1=O,0,0,0.008013190543556726,O=c1ccn(C2CC2)c2cc(N3CC[NH2+]CC3)ccc12
CC(C)C[C@H](NC(=O)CNC(=O)[C@H](Cc1ccc(O)cc1)NC(=O)[C@H](CO)NC(=O)[C@H](Cc1c[nH]c2ccccc12)NC(=O)[C@H](Cc1c[nH]cn1)NC(=O)[C@@H]1CCC(=O)N1)C(=O)N[C@@H](CCCNC(N)=[NH2+])C(=O)N1CCC[C@H]1C(=O)NCC(N)=O,0,0,0.051845287361789213,O=C(CNC(=O)CNC(=O)C(Cc1ccccc1)NC(=O)CNC(=O)C(Cc1c[nH]c2ccccc12)NC(=O)C(Cc1c[nH]cn1)NC(=O)C1CCC(=O)N1)NCC(=O)N1CCCC1
CN(C(=O)CC(=O)N(C)c1c(I)c(C(=O)NC(CO)C(O)CO)c(I)c(C(=O)NC(CO)C(O)CO)c1I)c1c(I)c(C(=O)NC(CO)C(O)CO)c(I)c(C(=O)NC(CO)C(O)CO)c1I,0,0,0.010312741365511103,O=C(CC(=O)Nc1ccccc1)Nc1ccccc1
CCCSc1ccc2[nH]c(NC(=O)OC)nc2c1,0,0,0.05786907452985787,c1ccc2[nH]cnc2c1
Cn1c(CCCC(=O)O)nc2cc(N(CCCl)CCCl)ccc21,1,0,0.22961502173775655,c1ccc2[nH]cnc2c1
Cn1c(CCCC(=O)[O-])nc2cc(N(CCCl)CCCl)ccc21,0,0,0.0123483742473888,c1ccc2[nH]cnc2c1
NC(=O)N1c2ccccc2CC(=O)c2ccccc21,0,0,0.12047472276399997,O=C1Cc2ccccc2Nc2ccccc21
CC(=O)N(c1onc(C)c1C)S(=O)(=O)c1ccc(N)cc1,0,0,0.04505456006804004,O=S(=O)(Nc1ccno1)c1ccccc1
c1ccc2c(c1)CCCC2C1=[NH+]CCN1,0,0,0.005823822280316028,c1ccc2c(c1)CCCC2C1=[NH+]CCN1
O=C1N(Cc2ccccc2)C2C[S+]3CCCC3C2N1Cc1ccccc1,0,0,0.01643836579828324,O=C1N(Cc2ccccc2)C2C[S+]3CCCC3C2N1Cc1ccccc1
Cc1cccn2c(=O)c(-c3nnn[n-]3)cnc12,0,0,0.052595161690330475,O=c1c(-c2nnn[n-]2)cnc2ccccn12
CCCc1nc2c(C)cc(-c3nc4ccccc4n3C)cc2n1Cc1ccc(-c2ccccc2C(=O)[O-])cc1,0,0,0.008341803783989082,c1ccc(-c2ccc(Cn3cnc4ccc(-c5nc6ccccc6[nH]5)cc43)cc2)cc1
CN1C(=O)CCS(=O)(=O)C1c1ccc(Cl)cc1,0,0,0.03530667836624016,O=C1CCS(=O)(=O)C(c2ccccc2)N1
C[C@H]([NH3+])C(=O)N[C@@H](C)C(=O)NC1[C@H]2CN(c3nc4c(cc3F)c(=O)c(C(=O)[O-])cn4-c3ccc(F)cc3F)C[C@@H]12,0,0,0.0020274672369310284,O=c1ccn(-c2ccccc2)c2nc(N3CC4CC4C3)ccc12
[NH3+][C@@H]1[C@H]2CN(c3nc4c(cc3F)c(=O)c(C(=O)[O-])cn4-c3ccc(F)cc3F)C[C@@H]12,0,0,0.001999691282423475,O=c1ccn(-c2ccccc2)c2nc(N3CC4CC4C3)ccc12
CC(=O)O[C@]1(C(C)=O)CC[C@H]2[C@@H]3CCC4=CC(=O)CCC4=C3[C@@H](c3ccc(N(C)C)cc3)C[C@@]21C,0,0,0.07434624242613028,O=C1C=C2CCC3C(=C2CC1)C(c1ccccc1)CC1CCCC13
CC#C[C@]1(O)CC[C@H]2[C@@H]3CCC4=CC(=O)CCC4=C3[C@@H](c3ccc(N(C)C)cc3)C[C@@]21C,0,0,0.045551666488511826,O=C1C=C2CCC3C(=C2CC1)C(c1ccccc1)CC1CCCC13
CC[C@@H]1C(=O)OC[C@@H]1Cc1cncn1C,0,0,0.03946903232592515,O=C1CC(Cc2cnc[nH]2)CO1
CSCC[C@H](NC(=O)[C@H](Cc1c[nH]c2ccccc12)NC(=O)CCNC(=O)OCC(C)C)C(=O)N[C@@H](CC(=O)[O-])C(=O)N[C@@H](Cc1ccccc1)C(N)=O,0,0,0.006367325080417412,O=C(CCc1c[nH]c2ccccc12)NCC(=O)NCC(=O)NCCc1ccccc1
CCCC[NH+]1C[C@H](O)[C@@H](O)[C@H](O)[C@H]1CO,0,0,0.02597952276171119,C1CC[NH2+]CC1
OCC[NH+]1C[C@H](O)[C@@H](O)[C@H](O)[C@H]1CO,0,0,0.014171196037585142,C1CC[NH2+]CC1
CCCCCCCCC[NH+]1C[C@H](O)[C@@H](O)[C@H](O)[C@H]1CO,0,0,0.028956442912690408,C1CC[NH2+]CC1
CSCC[C@H](NC(=O)[C@H](Cc1c[nH]c2ccccc12)NC(=O)CNC(=O)[C@@H](NC(=O)[C@H](Cc1ccc(OS(=O)(=O)[O-])cc1)NC(=O)[C@H](CC(=O)[O-])NC(=O)[C@H](CCC(N)=O)NC(=O)[C@@H]1CCC(=O)N1)[C@@H](C)O)C(=O)N[C@@H](CC(=O)[O-])C(=O)N[C@@H](Cc1ccccc1)C(N)=O,0,0,0.0007850772647281909,O=C(CNC(=O)CNC(=O)C(Cc1c[nH]c2ccccc12)NC(=O)CNC(=O)CNC(=O)C(Cc1ccccc1)NC(=O)CNC(=O)CNC(=O)C1CCC(=O)N1)NCCc1ccccc1
O=C(NCC1CCCC[NH2+]1)c1cc(OCC(F)(F)F)ccc1OCC(F)(F)F,0,0,0.04988491375704813,O=C(NCC1CCCC[NH2+]1)c1ccccc1
C[NH+]1CCCC(n2nc(Cc3ccc(Cl)cc3)c3ccccc3c2=O)CC1,0,0,0.06869370847919573,O=c1c2ccccc2c(Cc2ccccc2)nn1C1CCC[NH2+]CC1
O=c1[nH]cc(N(CCCl)CCCl)c(=O)[nH]1,0,0,0.023590433192867768,O=c1cc[nH]c(=O)[nH]1
CCCCOc1ccc(C(=O)CC[NH+]2CCCCC2)cc1,0,0,0.013033111401003859,O=C(CC[NH+]1CCCCC1)c1ccccc1
CC(C)C[C@H](NC(=O)[C@@H](COC(C)(C)C)NC(=O)[C@H](Cc1ccc(O)cc1)NC(=O)[C@H](CO)NC(=O)[C@H](Cc1c[nH]c2ccccc12)NC(=O)[C@H](Cc1cnc[nH]1)NC(=O)[C@@H]1CCC(=O)N1)C(=O)N[C@@H](CCCN=C(N)N)C(=O)N1CCC[C@H]1C(=O)NNC(N)=O,1,1,0.5164877927270333,O=C(CNC(=O)CNC(=O)C(Cc1ccccc1)NC(=O)CNC(=O)C(Cc1c[nH]c2ccccc12)NC(=O)C(Cc1cnc[nH]1)NC(=O)C1CCC(=O)N1)NCC(=O)N1CCCC1
CCNC(=O)[C@@H]1CCCN1C(=O)[C@H](CCCNC(N)=[NH2+])NC(=O)[C@H](CC(C)C)NC(=O)[C@@H](CC(C)C)NC(=O)[C@H](Cc1ccc(O)cc1)NC(=O)[C@H](CO)NC(=O)[C@H](Cc1c[nH]c2ccccc12)NC(=O)[C@H](Cc1cnc[nH]1)NC(=O)[C@@H]1CCC(=O)N1,0,0,0.07685939689806176,O=C(CNC(=O)CNC(=O)C(Cc1ccccc1)NC(=O)CNC(=O)C(Cc1c[nH]c2ccccc12)NC(=O)C(Cc1cnc[nH]1)NC(=O)C1CCC(=O)N1)NCC(=O)N1CCCC1
CC(C)CC(NC(=O)C(COC(C)(C)C)NC(=O)C(Cc1ccc(O)cc1)NC(=O)C(CO)NC(=O)C(Cc1c[nH]c2ccccc12)NC(=O)C(Cc1cnc[nH]1)NC(=O)C1CCC(=O)N1)C(=O)NC(CCC[NH+]=C(N)N)C(=O)N1CCCC1C(=O)NNC(N)=O,0,0,0.28747275415999685,O=C(CNC(=O)CNC(=O)C(Cc1ccccc1)NC(=O)CNC(=O)C(Cc1c[nH]c2ccccc12)NC(=O)C(Cc1cnc[nH]1)NC(=O)C1CCC(=O)N1)NCC(=O)N1CCCC1
C[C@H](Cc1cc2c(c(C(N)=O)c1)N(CCCO)CC2)[NH2+]CCOc1ccccc1OCC(F)(F)F,0,0,0.04018050393894644,c1ccc(OCC[NH2+]CCc2ccc3c(c2)CCN3)cc1
Cc1cc(-c2ccc(N/N=C3/C(=O)c4c(N)cc(S(=O)(=O)[O-])cc4C=C3S(=O)(=O)[O-])c(C)c2)ccc1N/N=C1/C(=O)c2c(N)cc(S(=O)(=O)[O-])cc2C=C1S(=O)(=O)[O-],0,0,0.0037153560795984866,O=C1C(=NNc2ccc(-c3ccc(NN=C4C=Cc5ccccc5C4=O)cc3)cc2)C=Cc2ccccc21
C[NH2+]C1(c2ccccc2Cl)CCCCC1=O,0,0,0.007311891640752921,O=C1CCCCC1c1ccccc1
CC(=O)N[C@H](Cc1ccc2ccccc2c1)C(=O)N[C@H](Cc1ccc(Cl)cc1)C(=O)N[C@H](Cc1cccnc1)C(=O)N[C@@H](CO)C(=O)N(C)[C@@H](Cc1ccc(O)cc1)C(=O)N[C@H](CC(N)=O)C(=O)N[C@@H](CC(C)C)C(=O)N[C@@H](CCCC[NH2+]C(C)C)C(=O)N1CCC[C@H]1C(=O)N[C@H](C)C(N)=O,0,0,0.008733201610488107,O=C(CNC(=O)CNC(=O)C(Cc1ccccc1)NC(=O)CNC(=O)C(Cc1cccnc1)NC(=O)C(Cc1ccccc1)NC(=O)CCc1ccc2ccccc2c1)NCC(=O)N1CCCC1
CC(=O)N[C@H](Cc1ccc2ccccc2c1)C(=O)N[C@H](Cc1ccc(Cl)cc1)C(=O)N[C@H](Cc1cccnc1)C(=O)N[C@@H](CO)C(=O)N[C@@H](Cc1ccc(O)cc1)C(=O)N[C@H](CCCNC(N)=O)C(=O)N[C@@H](CC(C)C)C(=O)N[C@@H](CCCNC(N)=[NH2+])C(=O)N1CCC[C@H]1C(=O)N[C@H](C)C(N)=O,0,0,0.07429451220852157,O=C(CNC(=O)CNC(=O)C(Cc1ccccc1)NC(=O)CNC(=O)C(Cc1cccnc1)NC(=O)C(Cc1ccccc1)NC(=O)CCc1ccc2ccccc2c1)NCC(=O)N1CCCC1
CCNC(NCC)=[NH+]CCCC[C@H](NC(=O)[C@H](CC(C)C)NC(=O)[C@@H](CCCC[NH+]=C(NCC)NCC)NC(=O)[C@H](Cc1ccc(O)cc1)NC(=O)[C@H](CO)NC(=O)[C@@H](Cc1cccnc1)NC(=O)[C@@H](Cc1ccc(Cl)cc1)NC(=O)[C@@H](Cc1ccc2ccccc2c1)NC(C)=O)C(=O)N1CCC[C@H]1C(=O)N[C@H](C)C(N)=O,0,0,0.024919581925310595,O=C(CNC(=O)CNC(=O)C(Cc1ccccc1)NC(=O)CNC(=O)C(Cc1cccnc1)NC(=O)C(Cc1ccccc1)NC(=O)CCc1ccc2ccccc2c1)NCC(=O)N1CCCC1
C[C@H](OC(=O)c1ccccc1)C1=CCC23OCC[NH+](C)CC12C[C@@H](O)C12O[C@@]4(O)CC[C@@]1(C)[C@H](CC=C32)C4,0,0,0.010159013479163023,O=C(OCC1=CCC23OCC[NH2+]CC12CCC12OC4CCC1C(CC=C23)C4)c1ccccc1
Fc1ccc([C@@H]2CC[NH2+]C[C@H]2COc2ccc3c(c2)OCO3)cc1,0,0,0.04185090313441198,c1ccc(C2CC[NH2+]CC2COc2ccc3c(c2)OCO3)cc1
OC(CC[NH+]1CCCC1)(c1ccccc1)C1CCCCC1,0,0,0.019089403121583477,c1ccc(C(CC[NH+]2CCCC2)C2CCCCC2)cc1
C[NH+](C)CCC=C1c2ccccc2CCc2ccccc21,0,0,0.006288600024004499,C=C1c2ccccc2CCc2ccccc21
O=C(Nc1ccc([N+](=O)[O-])cc1Cl)c1cc(Cl)ccc1O,0,0,0.0602168298786585,O=C(Nc1ccccc1)c1ccccc1
COc1ccc2nc(S(=O)Cc3ncc(C)c(OC)c3C)[nH]c2c1,0,0,0.06772322422564128,O=S(Cc1ccccn1)c1nc2ccccc2[nH]1
Cc1c(OCC(F)(F)F)ccnc1C[S@@](=O)c1nc2ccccc2[nH]1,0,0,0.07331743650982843,O=S(Cc1ccccn1)c1nc2ccccc2[nH]1
Cc1c(OCC(F)(F)F)ccnc1CS(=O)c1nc2ccccc2[nH]1,0,0,0.07331743650982843,O=S(Cc1ccccn1)c1nc2ccccc2[nH]1
COCCCOc1ccnc(CS(=O)c2nc3ccccc3[nH]2)c1C,0,0,0.07729845786694219,O=S(Cc1ccccn1)c1nc2ccccc2[nH]1
COc1ccnc(CS(=O)c2nc3ccc(OC(F)F)cc3[nH]2)c1OC,0,0,0.08254312622307908,O=S(Cc1ccccn1)c1nc2ccccc2[nH]1
Cc1[nH]c2ccccc2c1CCNCc1ccc(/C=C/C(=O)NO)cc1,1,1,0.8769439790679977,c1ccc(CNCCc2c[nH]c3ccccc23)cc1
O=C([O-])[C@H]1/C(=C/CO)O[C@@H]2CC(=O)N21,0,0,0.0009509812418136978,C=C1CN2C(=O)CC2O1
CCC[NH2+]CC(O)COc1ccccc1C(=O)CCc1ccccc1,0,0,0.014871449547054157,O=C(CCc1ccccc1)c1ccccc1
CC[NH2+][C@H]1C[C@H](C)S(=O)(=O)c2sc(S(N)(=O)=O)cc21,0,0,0.0118800182889461,O=S1(=O)CCCc2ccsc21
CC(C)(C)NC(=O)[C@@H]1C[C@@H]2CCCC[C@@H]2C[NH+]1C[C@@H](O)[C@H](Cc1ccccc1)NC(=O)[C@H](CC(N)=O)NC(=O)c1ccc2ccccc2n1,0,0,0.041846681294335775,O=C(CNC(=O)c1ccc2ccccc2n1)NC(CC[NH+]1CCC2CCCCC2C1)Cc1ccccc1
Oc1ncnc2[nH]ncc12,0,0,0.10454337551681772,c1ncc2cn[nH]c2n1
O=C([O-])CCCC[C@@H]1SC[C@@H]2NC(=O)N[C@@H]21,0,0,0.0020532652793409318,O=C1NC2CSCC2N1
C#C[C@]1(O)CC[C@H]2[C@@H]3CCC4=CC(=O)CC[C@@H]4[C@H]3C(=C)C[C@@]21CC,0,0,0.020237953321763057,C=C1CC2CCCC2C2CCC3=CC(=O)CCC3C12
CCN(CC)C(=O)C1C[NH+]2CCc3cc(OC)c(OC)cc3C2CC1OC(C)=O,0,0,0.05234938382538388,c1ccc2c(c1)CC[NH+]1CCCCC21
CC(C)c1c(C(=O)Nc2ccccc2)c(-c2ccccc2)c(-c2ccc(F)cc2)n1CC[C@@H](O)C[C@@H](O)CC(=O)[O-],0,0,0.016133710476649646,O=C(Nc1ccccc1)c1c[nH]c(-c2ccccc2)c1-c1ccccc1
C[NH+](C)CCc1c[nH]c2ccc(CS(=O)(=O)N3CCCC3)cc12,0,0,0.018594014290525124,O=S(=O)(Cc1ccc2[nH]ccc2c1)N1CCCC1
C[NH+]1CCC[C@H]1c1cccnc1,0,0,0.010268439920056174,c1cncc(C2CCC[NH2+]2)c1
CC(=O)Nc1c(I)c(C(=O)N[C@H]2C(O)O[C@H](CO)[C@@H](O)[C@@H]2O)c(I)c(N(C)C(C)=O)c1I,0,0,0.020927382734731863,O=C(NC1CCCOC1)c1ccccc1
CCN(CC)CCS(=O)(=O)[C@@H]1CCN2C(=O)c3coc(n3)CC(=O)C[C@H](O)/C=C(C)/C=C/CNC(=O)/C=C/[C@@H](C)[C@@H](C(C)C)OC(=O)C12,0,0,0.24593556457898846,O=C1CCC=CC=CCNC(=O)C=CCCOC(=O)C2CCCN2C(=O)c2coc(n2)C1
CC1=C(/C=C/C(C)=C/C=C/C(C)=C/C=C/C=C(C)/C=C/C=C(C)/C=C/C2=C(C)CCCC2(C)C)C(C)(C)CCC1,0,0,0.011857144877218279,C(=CC=CC=CC=CC=CC1=CCCCC1)C=CC=CC=CC=CC1=CCCCC1
Oc1cccc2cccnc12,0,0,0.01117673694026515,c1ccc2ncccc2c1
CCCCOc1cc(C(=O)NCC[NH+](CC)CC)c2ccccc2n1,0,0,0.01628639396455446,c1ccc2ncccc2c1
COc1cc(NC(C)CCC[NH3+])c2ncccc2c1,0,0,0.00856730188619883,c1ccc2ncccc2c1
Oc1c(Cl)cc(Cl)c2cccnc12,0,0,0.00834256052826543,c1ccc2ncccc2c1
Oc1c(I)cc(Cl)c2cccnc12,0,0,0.007722317618661385,c1ccc2ncccc2c1
COc1ccc(CC2c3cc(OC)c(OC)cc3CC[N+]2(C)CCC(=O)OCCCCCOC(=O)CC[N+]2(C)CCc3cc(OC)c(OC)cc3C2Cc2ccc(OC)c(OC)c2)cc1OC,0,0,0.005279695397040658,O=C(CC[NH+]1CCc2ccccc2C1Cc1ccccc1)OCCCCCOC(=O)CC[NH+]1CCc2ccccc2C1Cc1ccccc1
COc1ccc(C[C@@H]2c3cc(OC)c(OC)cc3CC[N@+]2(C)CCC(=O)OCCCCCOC(=O)CC[N@@+]2(C)CCc3cc(OC)c(OC)cc3[C@H]2Cc2ccc(OC)c(OC)c2)cc1OC,0,0,0.005279695397040658,O=C(CC[NH+]1CCc2ccccc2C1Cc1ccccc1)OCCCCCOC(=O)CC[NH+]1CCc2ccccc2C1Cc1ccccc1
Nc1nc(N)c2nc(-c3ccccc3)c(N)nc2n1,0,0,0.21113263655677178,c1ccc(-c2cnc3ncncc3n2)cc1
O=C(c1ccccc1)c1ccc2n1CCC2C(=O)[O-],0,0,0.008003460580620481,O=C(c1ccccc1)c1ccc2n1CCC2
Cc1ncc(COP(=O)([O-])[O-])c(CN(CC[NH+](CC(=O)[O-])Cc2c(COP(=O)([O-])[O-])cnc(C)c2O)CC(=O)[O-])c1O,0,0,0.02277805650721994,c1cc(CNCC[NH2+]Cc2ccncc2)ccn1
CC(C)C[C@H](NC(=O)[C@@H](Cc1c[nH]c2ccccc12)NC(=O)[C@H](Cc1ccc(O)cc1)NC(=O)[C@H](CO)NC(=O)[C@H](Cc1c[nH]c2ccccc12)NC(=O)[C@H](Cc1cnc[nH]1)NC(=O)[C@@H]1CCC(=O)N1)C(=O)N[C@@H](CCC[NH+]=C(N)N)C(=O)N1CCC[C@H]1C(=O)NCC(N)=O,0,0,0.03758639069815559,O=C(CNC(=O)C(Cc1c[nH]c2ccccc12)NC(=O)C(Cc1ccccc1)NC(=O)CNC(=O)C(Cc1c[nH]c2ccccc12)NC(=O)C(Cc1cnc[nH]1)NC(=O)C1CCC(=O)N1)NCC(=O)N1CCCC1
COc1ccc(C(=O)CC(=O)c2ccc(C(C)(C)C)cc2)cc1,0,0,0.04348632216293632,O=C(CC(=O)c1ccccc1)c1ccccc1
C1=C/C(=C2\N=c3cnc4c(c3=N2)COCC4)NO1,0,0,0.03920761626015808,C1=CC(=C2N=c3cnc4c(c3=N2)COCC4)NO1
CC[C@H]1CCC[C@H](O[C@H]2CC[C@H]([NH+](C)C)[C@@H](C)O2)[C@@H](C)C(=O)C2=C[C@@H]3[C@@H](C=C(C)[C@@H]4C[C@@H](O[C@@H]5O[C@@H](C)[C@H](OC)[C@@H](OC)[C@H]5OC)C[C@@H]34)[C@@H]2CC(=O)O1,0,0,0.009717637122048785,O=C1CC2C(=CC3C2C=CC2CC(OC4CCCCO4)CC23)C(=O)CC(OC2CCCCO2)CCCCO1
CC(C)OC(=O)CCC/C=C\C[C@@H]1[C@@H](CC[C@@H](O)CCc2ccccc2)[C@H](O)C[C@@H]1O,0,0,0.07709224273125678,c1ccc(CCCCCC2CCCC2)cc1
O=C(Nc1c(Cl)cncc1Cl)c1ccc(OC(F)F)c(OCC2CC2)c1,0,0,0.0878587937306805,O=C(Nc1ccncc1)c1cccc(OCC2CC2)c1
CC([NH3+])C12CC3CC(CC(C3)C1)C2,0,0,0.000875540237534483,C1C2CC3CC1CC(C2)C3
[NH3+]C12CC3CC(CC(C3)C1)C2,0,0,0.0007398219360692852,C1C2CC3CC1CC(C2)C3
CC12CC3CC(C)(C1)CC([NH3+])(C3)C2,0,0,0.0009148910843543119,C1C2CC3CC1CC(C2)C3
COc1ccc2c(c1)[C@]13CCCC[C@@H]1[C@H](C2)[NH+](C)CC3,0,0,0.004304394064516842,c1ccc2c(c1)CC1[NH2+]CCC23CCCCC13
C=CC[NH+]1CC[C@]23CCCC[C@H]2[C@H]1Cc1ccc(O)cc13,0,0,0.004350871360772538,c1ccc2c(c1)CC1[NH2+]CCC23CCCCC13
C[NH+]1CC[C@]23CCCC[C@H]2[C@H]1Cc1ccc(O)cc13,0,0,0.0032033053202075268,c1ccc2c(c1)CC1[NH2+]CCC23CCCCC13
Cc1cc2cc3c(C)cc(=O)oc3c(C)c2o1,0,0,0.009546887748205541,O=c1ccc2cc3ccoc3cc2o1
COc1c2occc2cc2ccc(=O)oc12,0,0,0.014078242349568648,O=c1ccc2cc3ccoc3cc2o1
CC(=O)N[C@H](Cc1ccc2ccccc2c1)C(=O)N[C@H](Cc1ccc(Cl)cc1)C(=O)N[C@H](Cc1cccnc1)C(=O)N[C@@H](CO)C(=O)N[C@@H](Cc1ccc(NC(=O)[C@@H]2CC(=O)NC(=O)N2)cc1)C(=O)N[C@H](Cc1ccc(NC(N)=O)cc1)C(=O)N[C@@H](CC(C)C)C(=O)N[C@@H](CCCC[NH2+]C(C)C)C(=O)N1CCC[C@H]1C(=O)N[C@H](C)C(N)=O,0,0,0.01607615630417031,O=C(CNC(=O)C(Cc1ccccc1)NC(=O)C(Cc1ccc(NC(=O)C2CC(=O)NC(=O)N2)cc1)NC(=O)CNC(=O)C(Cc1cccnc1)NC(=O)C(Cc1ccccc1)NC(=O)CCc1ccc2ccccc2c1)NCC(=O)N1CCCC1
COc1ccc2c3c1O[C@H]1[C@@H](O)CC[C@H]4[C@@H](C2)[NH+](C)CC[C@@]341,0,0,0.006151558368413804,c1cc2c3c(c1)OC1CCCC4C(C2)[NH2+]CCC314
CC(COc1ccccc1)[NH+](CCCl)Cc1ccccc1,0,0,0.006687492900991835,c1ccc(C[NH2+]CCOc2ccccc2)cc1
CN(CCOc1ccc(CC2SC(=O)[N-]C2=O)cc1)c1ccccn1,0,0,0.102778562820496,O=C1[N-]C(=O)C(Cc2ccc(OCCNc3ccccn3)cc2)S1
C[NH+](CCOc1ccc(NS(C)(=O)=O)cc1)CCc1ccc(NS(C)(=O)=O)cc1,0,0,0.017481574719705895,c1ccc(CC[NH2+]CCOc2ccccc2)cc1
CCOc1ccccc1OCC[NH2+][C@H](C)Cc1ccc(OC)c(S(N)(=O)=O)c1,0,0,0.018946761777044473,c1ccc(CC[NH2+]CCOc2ccccc2)cc1
C[N+]1(CCCCC[N+]2(C)CCCC2)CCCC1,0,0,0.009183327775063022,C(CC[NH+]1CCCC1)CC[NH+]1CCCC1
C[C@H]([NH2+][C@@H](CCc1ccccc1)C(=O)[O-])C(=O)N1CCC[C@H]1C(=O)[O-],0,0,0.0025021731202292965,O=C(C[NH2+]CCCc1ccccc1)N1CCCC1
CCOC(=O)[C@H](CCc1ccccc1)[NH2+][C@@H](C)C(=O)N1CCC[C@H]1C(=O)[O-],0,0,0.003796696876323125,O=C(C[NH2+]CCCc1ccccc1)N1CCCC1
[NH3+]CCCC[C@H]([NH2+][C@@H](CCc1ccccc1)C(=O)[O-])C(=O)N1CCC[C@H]1C(=O)[O-],0,0,0.0012095599043930197,O=C(C[NH2+]CCCc1ccccc1)N1CCCC1
C[NH2+][C@H]1CC[C@@H](c2ccc(Cl)c(Cl)c2)c2ccccc21,0,0,0.00746821095774012,c1ccc(C2CCCc3ccccc32)cc1
CC(C)[C@@H]1NC(=O)[C@H](CCCC[NH3+])NC(=O)[C@@H](Cc2c[nH]c3ccccc23)NC(=O)[C@H](Cc2ccc(O)cc2)NC(=O)[C@@H](NC(=O)[C@H]([NH3+])Cc2ccc3ccccc3c2)CSSC[C@@H](C(=O)N[C@H](C(N)=O)[C@@H](C)O)NC1=O,0,0,0.0076287859300456975,O=C1CNC(=O)CNC(=O)C(Cc2c[nH]c3ccccc23)NC(=O)C(Cc2ccccc2)NC(=O)C(NC(=O)CCc2ccc3ccccc3c2)CSSCCN1
C=CCC1(C(C)CCC)C(=O)NC(S)=[NH+]C1=O,0,0,0.017677864466343448,O=C1CC(=O)[NH+]=CN1
CC1(C)SC(C(NC(=O)Cc2ccccc2)C(=O)NCCCCCC(=O)[O-])[NH2+]C1C(=O)[O-],0,0,0.0014238578682656306,O=C(Cc1ccccc1)NCC1[NH2+]CCS1
NC1=[NH+]C(=O)C(c2ccccc2)O1,0,0,0.01733156012815239,O=C1[NH+]=COC1c1ccccc1
NNc1nncc2ccccc12,0,0,0.09503558162914823,c1ccc2cnncc2c1
[NH3+]Cc1ccccc1CC(=O)N[C@@H]1C(=O)N2C(C(=O)[O-])=C(CSc3nnnn3CC(=O)[O-])CS[C@H]12,0,0,0.00010140917757507996,O=C(Cc1ccccc1)NC1C(=O)N2C=C(CSc3nnn[nH]3)CSC12
Cn1nnnc1SCC1=C(C(=O)[O-])N2C(=O)[C@@H](NC(=O)[C@H](O)c3ccccc3)[C@H]2SC1,0,0,0.00044538597542967797,O=C(Cc1ccccc1)NC1C(=O)N2C=C(CSc3nnn[nH]3)CSC12
O=C([O-])C1=C(CSc2nnnn2CS(=O)(=O)[O-])CS[C@@H]2[C@H](NC(=O)[C@H](O)c3ccccc3)C(=O)N12,0,0,0.00014398639778215032,O=C(Cc1ccccc1)NC1C(=O)N2C=C(CSc3nnn[nH]3)CSC12
CC1(C)S[C@@H]2[C@H](NC(=O)[C@H](NC(=O)N3CCNC3=O)c3ccccc3)C(=O)N2[C@H]1C(=O)[O-],0,0,0.0005209063210793333,O=C(NC1C(=O)N2CCSC12)C(NC(=O)N1CCNC1=O)c1ccccc1
O=C1[O][Bi]([OH])[O]c2ccccc21,0,0,0.020937365083355575,O=C1[O][BiH][O]c2ccccc21
CCC[NH2+][C@H]1CCc2nc(N)sc2C1,0,0,0.01687572821552099,c1nc2c(s1)CCCC2
CCCCC(=O)N(Cc1ccc(-c2ccccc2-c2nnn[n-]2)cc1)[C@H](C(=O)[O-])C(C)C,0,0,0.0045160263775274705,c1ccc(-c2ccccc2-c2nnn[n-]2)cc1
C[C@]12CC[C@H]3[C@@H](CC[C@@]45O[C@@H]4C(O)=C(C#N)C[C@]35C)[C@@H]1CC[C@@H]2O,0,0,0.00045738598939868786,C1=CC2OC23CCC2C4CCCC4CCC2C3C1
O=C1C([O-])=C([C@H]2CC[C@H](c3ccc(Cl)cc3)CC2)C(=O)c2ccccc21,0,0,0.007701644912733275,O=C1C=C(C2CCC(c3ccccc3)CC2)C(=O)c2ccccc21
C[C@H](/C=C/[C@H](C)C(C)(C)O)[C@H]1CC[C@H]2/C(=C/C=C3C[C@@H](O)C[C@H](O)C3)CCC[C@]12C,0,0,0.024717477328017635,C(C=C1CCCC2CCCC12)=C1CCCCC1
CNC1=[NH+]c2ccc(Cl)cc2C(c2ccccc2)=[N+]([O-])C1,0,0,0.002194755233693473,C1=[NH+]c2ccccc2C(c2ccccc2)=[NH+]C1
Cc1[nH]cnc1CN1CCc2c(c3ccccc3n2C)C1=O,0,0,0.13341024509417093,O=C1c2c([nH]c3ccccc23)CCN1Cc1c[nH]cn1
C[C@H](Cc1ccc(O)c(O)c1)[C@@H](C)Cc1ccc(O)c(O)c1,0,0,0.04392908325665637,c1ccc(CCCCc2ccccc2)cc1
COc1ccc(C(CN(C)C)C2(O)CCCCC2)cc1,1,0,0.470350556950247,c1ccc(CC2CCCCC2)cc1
CC[N+](C)(CC)CCOC(=O)C(O)(c1ccccc1)C1CCCCC1,0,0,0.027962537952117915,c1ccc(CC2CCCCC2)cc1
CC[N+](CC)(CC)CCC(O)(c1ccccc1)C1CCCCC1,0,0,0.00834316880744897,c1ccc(CC2CCCCC2)cc1
CC[NH+](CC)CC#CCOC(=O)C(O)(c1ccccc1)C1CCCCC1,0,0,0.02229611813228274,c1ccc(CC2CCCCC2)cc1
C[NH+](C)CC(c1ccc(O)cc1)C1(O)CCCCC1,0,0,0.004844021043639425,c1ccc(CC2CCCCC2)cc1
COc1ccc(C(C[NH+](C)C)C2(O)CCCCC2)cc1,0,0,0.006920903028302715,c1ccc(CC2CCCCC2)cc1
CC(=O)O[C@@]12CO[C@@H]1C[C@H](O)[C@@]1(C)C(=O)[C@H](O)C3=C(C)[C@@H](OC(=O)[C@H](O)[C@@H](NC(=O)OC(C)(C)C)c4ccccc4)C[C@@](O)([C@@H](OC(=O)c4ccccc4)[C@H]21)C3(C)C,1,0,0.29132964251194,O=C(CCc1ccccc1)OC1C=C2CC(=O)C3CCC4OCC4C3C(OC(=O)c3ccccc3)C(C2)C1
CO[C@H]1C(=O)[C@]2(C)[C@@H](OC)C[C@H]3OC[C@@]3(OC(C)=O)[C@H]2[C@H](OC(=O)c2ccccc2)[C@]2(O)C[C@H](OC(=O)[C@H](O)[C@@H](NC(=O)OC(C)(C)C)c3ccccc3)C(C)=C1C2(C)C,0,0,0.18106169235166714,O=C(CCc1ccccc1)OC1C=C2CC(=O)C3CCC4OCC4C3C(OC(=O)c3ccccc3)C(C2)C1
C#CC[NH2+][C@@H]1CCc2ccccc21,0,0,0.001142375646832592,c1ccc2c(c1)CCC2
Nc1nc(=O)n([C@@H]2CS[C@H](CO)O2)cc1F,0,0,0.018043708838974333,O=c1ncccn1C1CSCO1
Nc1ccn([C@@H]2CS[C@H](CO)O2)c(=O)n1,0,0,0.015959678325738906,O=c1ncccn1C1CSCO1
CC(C)(C)NC(=O)[C@@H]1CN(Cc2cccnc2)CC[NH+]1C[C@@H](O)C[C@@H](Cc1ccccc1)C(=O)N[C@H]1c2ccccc2C[C@H]1O,0,0,0.05385963378506287,O=C(NC1CCc2ccccc21)C(CCC[NH+]1CCN(Cc2cccnc2)CC1)Cc1ccccc1
CCC1(c2ccccc2)C(=O)NCNC1=O,0,0,0.021211996221610196,O=C1NCNC(=O)C1c1ccccc1
CCOCCn1c(N2CCC[NH+](C)CC2)nc2ccccc21,0,0,0.02167501731440419,c1ccc2[nH]c(N3CCC[NH2+]CC3)nc2c1
NS(=O)(=O)c1cc2c(cc1C(F)(F)F)NC(Cc1ccccc1)NS2(=O)=O,0,0,0.15481326246951516,O=S1(=O)NC(Cc2ccccc2)Nc2ccccc21
C[NH+](C)CCOC(=O)C(c1ccccc1)C1(O)CCCC1,0,0,0.015073126690973666,c1ccc(CC2CCCC2)cc1
C[NH+]1CCC(CN2c3ccccc3Sc3ccccc32)C1,0,0,0.007148115572579342,c1ccc2c(c1)Sc1ccccc1N2CC1CC[NH2+]C1
CCCCCCCCCC(=O)N[C@@H](Cc1c[nH]c2ccccc12)C(=O)N[C@H](CC(N)=O)C(=O)N[C@@H](CC(=O)[O-])C(=O)N[C@@H]1C(=O)NCC(=O)N[C@@H](CCC[NH3+])C(=O)N[C@@H](CC(=O)[O-])C(=O)N[C@H](C)C(=O)N[C@@H](CC(=O)[O-])C(=O)NCC(=O)N[C@H](CO)C(=O)N[C@@H]([C@H](C)CC(=O)[O-])C(=O)N[C@@H](CC(=O)c2ccccc2N)C(=O)O[C@@H]1C,0,0,0.0020403606967071644,O=C(CCc1c[nH]c2ccccc12)NCC(=O)NCC(=O)NC1COC(=O)C(CC(=O)c2ccccc2)NC(=O)CNC(=O)CNC(=O)CNC(=O)CNC(=O)CNC(=O)CNC(=O)CNC(=O)CNC1=O
O=C(Nc1cnccc1Cl)N1CCN(Cc2ccc3c(c2)OC(F)(F)O3)CC1,1,0,0.4403745878717467,O=C(Nc1cccnc1)N1CCN(Cc2ccc3c(c2)OCO3)CC1
CO[C@H]1/C=C/O[C@@]2(C)Oc3c(C)c(O)c4c(O)c(c(/C=N/N5CC[NH+](C6CCCC6)CC5)c(O)c4c3C2=O)NC(=O)/C(C)=C\C=C\[C@H](C)[C@H](O)[C@@H](C)[C@@H](O)[C@@H](C)[C@H](OC(C)=O)[C@@H]1C,0,0,0.038630275407456456,O=C1C=CC=CCCCCCCCCC=COC2Oc3ccc4cc(c(C=NN5CC[NH+](C6CCCC6)CC5)cc4c3C2=O)N1
Fc1ccccc1C1=NCC(=S)N(CC(F)(F)F)c2ccc(Cl)cc21,0,0,0.022240986963739762,S=C1CN=C(c2ccccc2)c2ccccc2N1
CN1C(=O)CC(C)(c2ccccc2)C1=O,0,0,0.011183433575758682,O=C1CC(c2ccccc2)C(=O)N1
CN1C(=O)CC(c2ccccc2)C1=O,0,0,0.009279836950443253,O=C1CC(c2ccccc2)C(=O)N1
CC#CCC(C)[C@H](O)/C=C/[C@@H]1[C@H]2C/C(=C/CCCC(=O)[O-])C[C@H]2C[C@H]1O,0,0,0.002215644599567491,C=C1CC2CCCC2C1
C[NH+]1CC[C@]23c4c5ccc(O)c4O[C@H]2C(=O)CC[C@@]3(O)[C@H]1C5,0,0,0.031415081460119385,O=C1CCC2C3Cc4cccc5c4C2(CC[NH2+]3)C1O5
COc1ccc2c3c1O[C@H]1C(=O)CC[C@@]4(O)[C@@H](C2)[NH+](C)CC[C@]314,0,0,0.02681282421669074,O=C1CCC2C3Cc4cccc5c4C2(CC[NH2+]3)C1O5
C[NH+]1CC[C@]23c4c5ccc(O)c4O[C@H]2C(=O)CC[C@H]3[C@H]1C5,0,0,0.009896268322496371,O=C1CCC2C3Cc4cccc5c4C2(CC[NH2+]3)C1O5
COc1ccc2c3c1O[C@H]1C(=O)CC[C@H]4[C@@H](C2)[NH+](C)CC[C@]314,0,0,0.007268298956455062,O=C1CCC2C3Cc4cccc5c4C2(CC[NH2+]3)C1O5
C=CC[NH+]1CC[C@]23c4c5ccc(O)c4O[C@H]2C(=O)CC[C@@]3(O)[C@H]1C5,0,0,0.04063979985372672,O=C1CCC2C3Cc4cccc5c4C2(CC[NH2+]3)C1O5
CO/N=C(\C(=O)N[C@@H]1C(=O)N2C(C(=O)[O-])=C(CSc3nnnn3C)CS[C@H]12)c1csc(N)n1,0,0,0.0007107510266418247,N=C(C(=O)NC1C(=O)N2C=C(CSc3nnn[nH]3)CSC12)c1cscn1
Clc1ccccc1C(c1ccccc1)(c1ccccc1)n1ccnc1,0,0,0.05086228817153363,c1ccc(C(c2ccccc2)(c2ccccc2)n2ccnc2)cc1
CCC1(c2ccccc2)SCC(=O)NC1=O,0,0,0.07850984518290599,O=C1CSC(c2ccccc2)C(=O)N1
C[C@]12C=CC(=O)C=C1CC[C@@H]1[C@@H]2CC[C@]2(C)OC(=O)CC[C@@H]12,0,0,0.0418041324732079,O=C1C=CC2C(=C1)CCC1C3CCC(=O)OC3CCC21
C[C@H](CCC(=O)[O-])[C@H]1CC[C@H]2[C@@H]3[C@H](O)C[C@@H]4C[C@H](O)CC[C@]4(C)[C@H]3CC[C@]12C,0,0,0.0011978838356270414,C1CCC2C(C1)CCC1C3CCCC3CCC21
C[C@H](CCC(=O)[O-])[C@H]1CC[C@H]2[C@@H]3[C@@H](O)C[C@@H]4C[C@H](O)CC[C@]4(C)[C@H]3CC[C@]12C,0,0,0.0011978838356270414,C1CCC2C(C1)CCC1C3CCCC3CCC21
C[C@H]1C[NH+](C[C@H](Cc2ccccc2)C(=O)NCC(=O)[O-])CC[C@@]1(C)c1cccc(O)c1,0,0,0.009275131696849341,c1ccc(CCC[NH+]2CCC(c3ccccc3)CC2)cc1
C[NH+]1[C@@H]2CC[C@@H]1CC(OC(c1ccccc1)c1ccccc1)C2,0,0,0.014544604138781518,c1ccc(C(OC2CC3CCC(C2)[NH2+]3)c2ccccc2)cc1
CCn1ccc([N-]S(=O)(=O)c2ccc(N)cc2)nc1=O,0,0,0.028103102753176398,O=c1nc([N-]S(=O)(=O)c2ccccc2)cc[nH]1
CCCCC(CC)COC(=O)C(C#N)=C(c1ccccc1)c1ccccc1,0,0,0.05119886474450712,C=C(c1ccccc1)c1ccccc1
COc1cccc([C@@]2(O)CCCC[C@@H]2C[NH+](C)C)c1,0,0,0.005670253397711353,c1ccc(C2CCCCC2)cc1
COc1cccc([C@@]2(O)CCCC[C@@H]2CN(C)C)c1,1,0,0.4256848720444214,c1ccc(C2CCCCC2)cc1
NC(=O)N/C=C1\NC(=O)[C@H](CO)NC(=O)[C@H](CO)NC(=O)[C@@H](NC(=O)C[C@@H]([NH3+])CCC[NH3+])CNC(=O)[C@H]([C@H]2C[C@H](O)[NH+]=C(N)N2)NC1=O,0,0,0.021167754873803447,C=C1NC(=O)CNC(=O)CNC(=O)CCNC(=O)C(C2CC[NH+]=CN2)NC1=O
NC(=O)N/C=C1/NC(=O)[C@H](CNC(=O)C[C@@H]([NH3+])CCC[NH3+])NC(=O)[C@H](CO)NC(=O)[C@@H]([NH3+])CNC(=O)[C@H]([C@H]2CC[NH+]=C(N)N2)NC1=O,0,0,0.01764553621102803,C=C1NC(=O)CNC(=O)CNC(=O)CCNC(=O)C(C2CC[NH+]=CN2)NC1=O
CC1(C)S[C@@H]2[C@H](NC(=O)[C@H]([NH3+])c3ccc(O)cc3)C(=O)N2[C@H]1C(=O)[O-],0,0,0.0006491088558227347,O=C(Cc1ccccc1)NC1C(=O)N2CCSC12
CC1(C)S[C@@H]2[C@H](NC(=O)[C@H]([NH3+])c3ccccc3)C(=O)N2[C@H]1C(=O)[O-],0,0,0.0006183908279999311,O=C(Cc1ccccc1)NC1C(=O)N2CCSC12
CC1(C)S[C@@H]2[C@H](NC(=O)C(C(=O)[O-])c3ccccc3)C(=O)N2[C@H]1C(=O)[O-],0,0,0.001998910402661998,O=C(Cc1ccccc1)NC1C(=O)N2CCSC12
CC1(C)S[C@@H]2[C@H](NC(=O)Cc3ccccc3)C(=O)N2[C@H]1C(=O)[O-],0,0,0.002599490355321766,O=C(Cc1ccccc1)NC1C(=O)N2CCSC12
CCOC(=O)OC(C)OC(=O)[C@@H]1N2C(=O)[C@@H](NC(=O)[C@H]([NH3+])c3ccccc3)[C@H]2SC1(C)C,0,0,0.0034408056756238463,O=C(Cc1ccccc1)NC1C(=O)N2CCSC12
CCC(=O)O[C@H]1[C@H](O[C@@H]2[C@@H](C)[C@H](O[C@H]3C[C@@](C)(OC)[C@@H](O)[C@H](C)O3)[C@@H](C)C(=O)O[C@H](CC)[C@@](C)(O)[C@H](O)[C@@H](C)C(=O)[C@H](C)C[C@@]2(C)O)O[C@H](C)C[C@@H]1[NH+](C)C,0,0,0.02623704310853004,O=C1CCCCOC(=O)CC(OC2CCCCO2)CC(OC2CCCCO2)CCC1
CC[C@H]1OC(=O)[C@H](C)[C@@H](O[C@H]2C[C@@](C)(OC)[C@@H](O)[C@H](C)O2)[C@H](C)[C@@H](O[C@@H]2O[C@H](C)C[C@H]([NH+](C)C)[C@H]2O)[C@](C)(O)C[C@@H](C)C(=O)[C@H](C)[C@@H](O)[C@]1(C)O,0,0,0.02028545880216408,O=C1CCCCOC(=O)CC(OC2CCCCO2)CC(OC2CCCCO2)CCC1
CC[C@H]1OC(=O)[C@H](C)[C@@H](O[C@H]2C[C@@](C)(OC)[C@@H](O)[C@H](C)O2)[C@H](C)[C@@H](O[C@@H]2O[C@H](C)C[C@H]([NH+](C)C)[C@H]2O)[C@](C)(OC)C[C@@H](C)C(=O)[C@H](C)[C@@H](O)[C@]1(C)O,0,0,0.009361044549426807,O=C1CCCCOC(=O)CC(OC2CCCCO2)CC(OC2CCCCO2)CCC1
Nc1ccc(/N=N/c2ccccc2)c(N)n1,0,0,0.07106169647364526,c1ccc(N=Nc2cccnc2)cc1
C[C@@H]1[C@H](O)[C@@H](C)/C=C/C=C/C=C/C=C/C=C/C=C/C=C/[C@H](O[C@@H]2O[C@H](C)[C@@H](O)[C@H]([NH3+])[C@@H]2O)C[C@@H]2O[C@](O)(C[C@@H](O)C[C@@H](O)[C@H](O)CC[C@@H](O)C[C@@H](O)CC(=O)O[C@H]1C)C[C@H](O)[C@H]2C(=O)[O-],0,0,0.0008308285875120662,O=C1CCCCCCCCCCCC2CCCC(CC(OC3CCCCO3)C=CC=CC=CC=CC=CC=CC=CCCCCO1)O2
CC(=O)OCC(=O)[C@@]12OC3(CCCC3)O[C@@H]1C[C@H]1[C@@H]3CCC4=CC(=O)C=C[C@]4(C)[C@@]3(F)[C@@H](O)C[C@@]12C,0,0,0.02038767435048822,O=C1C=CC2C(=C1)CCC1C2CCC2C1CC1OC3(CCCC3)OC12
NC(=O)c1cn(Cc2c(F)cccc2F)nn1,0,0,0.026580088618398324,c1ccc(Cn2ccnn2)cc1
O=C1CC2(CCCC2)CC(=O)N1CCCC[NH+]1CCN(c2ncccn2)CC1,0,0,0.06591217322948774,O=C1CC2(CCCC2)CC(=O)N1CCCC[NH+]1CCN(c2ncccn2)CC1
CN1C(=O)C(O)N=C(c2ccccc2)c2cc(Cl)ccc21,0,0,0.07368035955862821,O=C1CN=C(c2ccccc2)c2ccccc2N1
O=C1Nc2ccc(Cl)cc2C(c2ccccc2Cl)=NC1O,0,0,0.07964550195690687,O=C1CN=C(c2ccccc2)c2ccccc2N1
CN1C(=O)CN=C(c2ccccc2)c2cc(Cl)ccc21,0,0,0.0328031088329532,O=C1CN=C(c2ccccc2)c2ccccc2N1
O=C1CN=C(c2ccccc2Cl)c2cc([N+](=O)[O-])ccc2N1,0,0,0.08740222709699175,O=C1CN=C(c2ccccc2)c2ccccc2N1
O=C([O-])C1N=C(c2ccccc2)c2cc(Cl)ccc2NC1=O,0,0,0.011499241760727703,O=C1CN=C(c2ccccc2)c2ccccc2N1
O=C1Nc2ccc(Cl)cc2C(c2ccccc2)=NC1O,0,0,0.07171382111363707,O=C1CN=C(c2ccccc2)c2ccccc2N1
O=C1CN=C(c2ccccc2)c2cc(Cl)ccc2N1CC(F)(F)F,0,0,0.024236770091488922,O=C1CN=C(c2ccccc2)c2ccccc2N1
CC[NH+](CC)CCN1C(=O)CN=C(c2ccccc2F)c2cc(Cl)ccc21,0,0,0.008814184870297026,O=C1CN=C(c2ccccc2)c2ccccc2N1
COc1ccc(-c2ccc3cc(C(=O)[O-])ccc3c2)cc1C12CC3CC(CC(C3)C1)C2,0,0,0.002608272506567235,c1cc(-c2ccc3ccccc3c2)cc(C23CC4CC(CC(C4)C2)C3)c1
C[NH+]1CCC(=C2c3ccccc3C=Cc3ccccc32)CC1,0,0,0.0198531930170907,C1=Cc2ccccc2C(=C2CC[NH2+]CC2)c2ccccc21
O=C(CCCCC(=O)Nc1c(I)cc(I)c(C(=O)[O-])c1I)Nc1c(I)cc(I)c(C(=O)[O-])c1I,0,0,0.0037390280461215442,O=C(CCCCC(=O)Nc1ccccc1)Nc1ccccc1
CC(C)[N+]1(C)[C@@H]2CC[C@@H]1CC(OC(=O)C(CO)c1ccccc1)C2,0,0,0.038540699031542856,O=C(Cc1ccccc1)OC1CC2CCC(C1)[NH2+]2
C[NH+]1[C@@H]2CC[C@H]1C[C@@H](OC(=O)C(CO)c1ccccc1)C2,0,0,0.0244103156302294,O=C(Cc1ccccc1)OC1CC2CCC(C1)[NH2+]2
C[N+]1(C)C2CCC1CC(OC(=O)C(O)c1ccccc1)C2,0,0,0.03269289844690408,O=C(Cc1ccccc1)OC1CC2CCC(C1)[NH2+]2
O=C(CCOCCOCCOCCOCCC(=O)Nc1c(I)cc(I)c(C(=O)[O-])c1I)Nc1c(I)cc(I)c(C(=O)[O-])c1I,0,0,0.0021560193648967646,O=C(CCOCCOCCOCCOCCC(=O)Nc1ccccc1)Nc1ccccc1
CC1=C(C(=O)[O-])N2C(=O)[C@@H](NC(=O)[C@H]([NH3+])C3=CCC=CC3)[C@H]2SC1,0,0,0.0006295724228451171,O=C(CC1=CCC=CC1)NC1C(=O)N2C=CCSC12
CC(=O)CC(c1ccccc1)c1c([O-])c2ccccc2oc1=O,0,0,0.0036793449562090392,O=c1oc2ccccc2cc1Cc1ccccc1
CCC(c1ccccc1)c1c([O-])c2ccccc2oc1=O,0,0,0.0031074692829598212,O=c1oc2ccccc2cc1Cc1ccccc1
Oc1cc(Cl)ccc1Oc1ccc(Cl)cc1Cl,0,0,0.024537533521378697,c1ccc(Oc2ccccc2)cc1
CC(C(=O)[O-])c1cccc(Oc2ccccc2)c1,0,0,0.003817559787872302,c1ccc(Oc2ccccc2)cc1
[NH3+][C@@H](Cc1cc(I)c(Oc2ccc(O)c(I)c2)c(I)c1)C(=O)[O-],0,0,0.003528967326565144,c1ccc(Oc2ccccc2)cc1
CCCCNc1cc(C(=O)[O-])cc(S(N)(=O)=O)c1Oc1ccccc1,0,0,0.02364087242334244,c1ccc(Oc2ccccc2)cc1
[NH3+][C@@H](Cc1cc(I)c(Oc2cc(I)c([O-])c(I)c2)c(I)c1)C(=O)[O-],0,0,0.0022252655046009003,c1ccc(Oc2ccccc2)cc1
[NH3+][C@H](Cc1cc(I)c(Oc2cc(I)c([O-])c(I)c2)c(I)c1)C(=O)[O-],0,0,0.0022252655046009003,c1ccc(Oc2ccccc2)cc1
CC(=O)O[C@]1(C(C)=O)CC[C@H]2[C@@H]3C[C@H](C)C4=CC(=O)CC[C@]4(C)[C@H]3CC[C@@]21C,0,0,0.04173252745206095,O=C1C=C2CCC3C4CCCC4CCC3C2CC1
CC(=O)[C@H]1CC[C@H]2[C@@H]3C[C@H](C)C4=CC(=O)CC[C@]4(C)[C@H]3[C@@H](O)C[C@]12C,0,0,0.034365768753758456,O=C1C=C2CCC3C4CCCC4CCC3C2CC1
CC(=O)[C@H]1CC[C@H]2[C@@H]3CCC4=CC(=O)CC[C@]4(C)[C@H]3CC[C@]12C,0,0,0.023068898315313602,O=C1C=C2CCC3C4CCCC4CCC3C2CC1
C#C[C@]1(O)CC[C@H]2[C@@H]3CCC4=CC(=O)CC[C@@H]4[C@H]3CC[C@@]21CC,0,0,0.019611261839851592,O=C1C=C2CCC3C4CCCC4CCC3C2CC1
CCCC(=O)O[C@]1(C(=O)CO)CC[C@H]2[C@@H]3CCC4=CC(=O)CC[C@]4(C)[C@H]3[C@@H](O)C[C@@]21C,0,0,0.06947408531386715,O=C1C=C2CCC3C4CCCC4CCC3C2CC1
CCCC(=O)O[C@]1(C(=O)COC(=O)CC)CC[C@H]2[C@@H]3CCC4=CC(=O)CC[C@]4(C)[C@H]3[C@@H](O)C[C@@]21C,0,0,0.04796207711070045,O=C1C=C2CCC3C4CCCC4CCC3C2CC1
CC[NH+](CC)CC(=O)OCC(=O)[C@@]1(O)CC[C@H]2[C@@H]3CCC4=CC(=O)CC[C@]4(C)[C@H]3[C@@H](O)C[C@@]21C,0,0,0.018201274925323956,O=C1C=C2CCC3C4CCCC4CCC3C2CC1
CCCCC(=O)O[C@]1(C(=O)CO)CC[C@H]2[C@@H]3CCC4=CC(=O)CC[C@]4(C)[C@H]3[C@@H](O)C[C@@]21C,0,0,0.06297049260355066,O=C1C=C2CCC3C4CCCC4CCC3C2CC1
C#C[C@]1(OC(C)=O)CC[C@H]2[C@@H]3CCC4=CC(=O)CC[C@@H]4[C@H]3CC[C@@]21C,0,0,0.02077164885464507,O=C1C=C2CCC3C4CCCC4CCC3C2CC1
CCCCCC(=O)O[C@]1(C(C)=O)CC[C@H]2[C@@H]3CCC4=CC(=O)CC[C@]4(C)[C@H]3CC[C@@]21C,0,0,0.021584195901457222,O=C1C=C2CCC3C4CCCC4CCC3C2CC1
CCCCCCC(=O)O[C@H]1CC[C@H]2[C@@H]3CCC4=CC(=O)CC[C@]4(C)[C@H]3CC[C@]12C,0,0,0.01152929234349799,O=C1C=C2CCC3C4CCCC4CCC3C2CC1
CC(=O)OCC(=O)[C@@]1(O)CC[C@H]2[C@@H]3CCC4=CC(=O)CC[C@]4(C)[C@@]3(F)[C@@H](O)C[C@@]21C,0,0,0.08901402164550778,O=C1C=C2CCC3C4CCCC4CCC3C2CC1
CC(=O)OCC(=O)[C@@]1(O)CC[C@H]2[C@@H]3CCC4=CC(=O)CC[C@]4(C)[C@H]3[C@@H](O)C[C@@]21C,0,0,0.08529037380993852,O=C1C=C2CCC3C4CCCC4CCC3C2CC1
CCCCCCCCCC(=O)O[C@H]1CC[C@H]2[C@@H]3CCC4=CC(=O)CC[C@@H]4[C@H]3CC[C@]12C,0,0,0.010864713176415039,O=C1C=C2CCC3C4CCCC4CCC3C2CC1
C[C@]12CC[C@H]3[C@@H](CCC4=CC(=O)CC[C@@]43C)[C@@H]1CC[C@@H]2O,0,0,0.010405920163468413,O=C1C=C2CCC3C4CCCC4CCC3C2CC1
CC(=O)OCC(=O)[C@H]1CC[C@H]2[C@@H]3CCC4=CC(=O)CC[C@]4(C)[C@H]3CC[C@]12C,0,0,0.043729411051215056,O=C1C=C2CCC3C4CCCC4CCC3C2CC1
C#C[C@]1(O)CC[C@H]2[C@@H]3CCC4=CC(=O)CC[C@@H]4[C@H]3CC[C@@]21C,0,0,0.020082430517662373,O=C1C=C2CCC3C4CCCC4CCC3C2CC1
C[C@]1(O)CC[C@H]2[C@@H]3CCC4=CC(=O)CC[C@]4(C)[C@@]3(F)[C@@H](O)C[C@@]21C,0,0,0.045448514564980676,O=C1C=C2CCC3C4CCCC4CCC3C2CC1
C[C@]12CCC(=O)C=C1CC[C@@H]1[C@@H]2[C@@H](O)C[C@@]2(C)[C@H]1CC[C@]2(O)C(=O)CO,1,0,0.18414852527753078,O=C1C=C2CCC3C4CCCC4CCC3C2CC1
C[C@]12CCC(=O)C=C1CC[C@@H]1[C@@H]2[C@@H](O)C[C@@]2(C)[C@H]1CC[C@]2(O)C(=O)COC(=O)CCC(=O)[O-],0,0,0.009363774286215328,O=C1C=C2CCC3C4CCCC4CCC3C2CC1
C[C@]12CCC(=O)C=C1CC[C@@H]1[C@@H]2[C@@H](O)C[C@@]2(C)[C@H]1CC[C@]2(O)C(=O)COP(=O)([O-])[O-],0,0,0.008527823118982536,O=C1C=C2CCC3C4CCCC4CCC3C2CC1
C[C@]12CCC(=O)C=C1CC[C@@H]1[C@@H]2CC[C@@]2(C)[C@H]1CC[C@]2(C)O,0,0,0.01920123973038688,O=C1C=C2CCC3C4CCCC4CCC3C2CC1
CCC(=O)O[C@H]1CC[C@H]2[C@@H]3CCC4=CC(=O)CC[C@]4(C)[C@H]3CC[C@]12C,0,0,0.016506040085517853,O=C1C=C2CCC3C4CCCC4CCC3C2CC1
CC(C)(C)C(=O)OCC(=O)C1CCC2C3CCC4=CC(=O)CCC4(C)C3CCC12C,0,0,0.03942374927197409,O=C1C=C2CCC3C4CCCC4CCC3C2CC1
CC1(O)CC(c2nc(-c3ccc4ccc(-c5ccccc5)nc4c3)c3c(N)nccn23)C1,1,1,0.5270802513759066,c1ccc(-c2ccc3ccc(-c4nc(C5CCC5)n5ccncc45)cc3n2)cc1
CC[C@H](C)C(=O)O[C@H]1C[C@@H](C)C=C2C=C[C@H](C)[C@H](CC[C@@H]3C[C@@H](O)CC(=O)O3)[C@H]21,1,0,0.14413608227176736,O=C1CCCC(CCC2CC=CC3=CCCCC32)O1
CCC(C)(C)C(=O)O[C@H]1C[C@@H](C)C=C2C=C[C@H](C)[C@H](CC[C@@H]3C[C@@H](O)CC(=O)O3)[C@H]21,0,0,0.13646809835761062,O=C1CCCC(CCC2CC=CC3=CCCCC32)O1
CC[C@@H](C)C(=O)O[C@H]1[C@H](O)[C@H]2[C@@H](C[NH+]3C[C@@H](C)CC[C@H]3[C@@]2(C)O)[C@@H]2C[C@]34O[C@]5(O)[C@@H](OC(=O)[C@@](C)(O)CC)CC[C@@]3(C)[C@@H]5[C@@H](OC(C)=O)[C@@H](OC(C)=O)[C@H]4[C@@]21O,0,0,0.002104875803497101,C1CC[NH+]2CC3C(CCC4C3CC35OC6CCCC3C6CCC45)CC2C1
Cn1c(=O)c2[nH]cnc2n(C)c1=O,0,0,0.010168709692742674,O=c1[nH]c(=O)c2[nH]cnc2[nH]1
Cn1c(=O)c2c(ncn2CC(O)CO)n(C)c1=O,0,0,0.005729744477573484,O=c1[nH]c(=O)c2[nH]cnc2[nH]1
CC(=O)CCCCn1c(=O)c2c(ncn2C)n(C)c1=O,0,0,0.011083364096889165,O=c1[nH]c(=O)c2[nH]cnc2[nH]1
Cn1c(=O)c2c(ncn2C)n(C)c1=O,0,0,0.008892123836986402,O=c1[nH]c(=O)c2[nH]cnc2[nH]1
CN(CCCCCCCCCCN(C)C(=O)Oc1cccc([N+](C)(C)C)c1)C(=O)Oc1cccc([N+](C)(C)C)c1,0,0,0.009991293215950972,O=C(NCCCCCCCCCCNC(=O)Oc1ccccc1)Oc1ccccc1
CCC1=C[C@@H]2CN(C1)Cc1c([nH]c3ccccc13)[C@@](C(=O)OC)(c1cc3c(cc1OC)N(C)[C@H]1[C@@](O)(C(=O)OC)[C@H](OC(C)=O)[C@]4(CC)C=CCN5CC[C@]31[C@@H]54)C2,1,1,0.8923014760655734,C1=CC2CC(c3ccc4c(c3)C35CCN6CC=CC(CCC3N4)C65)c3[nH]c4ccccc4c3CN(C1)C2
C=C[C@]1(C)C[C@@H](OC(=O)CSC2C[C@H]3CC[C@@H](C2)[NH+]3C)[C@]2(C)[C@H](C)CC[C@]3(CCC(=O)[C@H]32)[C@@H](C)[C@@H]1O,0,0,0.015697820988515146,O=C(CSC1CC2CCC(C1)[NH2+]2)OC1CCCCC23CCCC1C2C(=O)CC3
C=C(C)[C@@H]1CC[C@@]2(C1)C(C)=CCC[C@@H]2C,0,0,0.03330746973903914,C1=CC2(CCC1)CCCC2
O1[As]2O[As]1O2,0,0,0.006238786266216779,O1[As]2O[As]1O2
COC(=O)C1=C(C)NC(C)=C(C(=O)OC(C)C)C1c1cccc2nonc12,0,0,0.4315786350265358,C1=CC(c2cccc3nonc23)C=CN1
NS(=O)(=O)c1cc2c(cc1Cl)NC(CSCc1ccccc1)=NS2(=O)=O,0,0,0.03761502324606046,O=S1(=O)N=C(CSCc2ccccc2)Nc2ccccc21
Cc1nnc(C(=O)NC(C)(C)c2nc(C(=O)NCc3ccc(F)cc3)c([O-])c(=O)n2C)o1,0,0,0.03101106380929551,O=C(NCc1ccccc1)c1cc(=O)[nH]c(CNC(=O)c2nnco2)n1
O=P([O-])([O-])C(O)(Cn1ccnc1)P(=O)([O-])[O-],0,0,0.0025124304261773538,c1c[nH]cn1
[NH3+]CCc1cnc[nH]1,0,0,0.005507807473000612,c1c[nH]cn1
CN(C)/N=N/c1[nH]cnc1C(N)=O,0,0,0.03850778890261498,c1c[nH]cn1
Cc1ncc([N+](=O)[O-])n1CCO,0,0,0.05199971406255548,c1c[nH]cn1
CN/C(=N\C#N)NCCSCc1nc[nH]c1C,0,0,0.05178207092923267,c1c[nH]cn1
CCS(=O)(=O)CCn1c([N+](=O)[O-])cnc1C,0,0,0.03666287966318943,c1c[nH]cn1
C=C1/C(=C\C=C2/CCC[C@]3(C)[C@@H]([C@H](C)/C=C/[C@@H](O)C4CC4)CC[C@@H]23)C[C@@H](O)C[C@@H]1O,0,0,0.014565832833074985,C=C1CCCCC1=CC=C1CCCC2C(CC=CCC3CC3)CCC12
CC(C)(C)[NH2+]C[C@H](O)COc1ccccc1C1CCCC1,0,0,0.0048180901857101084,c1ccc(C2CCCC2)cc1
