smiles,label,prediction,score,scaffold
O=C(NCCc1cnc[nH]1)c1ccc(-c2ncc3cnc(-c4cccc(F)c4)cn23)cc1,0,1,0.6486657178307377,O=C(NCCc1cnc[nH]1)c1ccc(-c2ncc3cnc(-c4ccccc4)cn23)cc1
Cc1cccc(N2CCN(c3nc4ccccc4c4nnc(C)n34)CC2)c1C,1,1,0.9757290570029928,c1ccc(N2CCN(c3nc4ccccc4c4nncn34)CC2)cc1
Cc1ccc(S(=O)(=O)Nc2cnccc2C(=O)NCCc2ccccc2)cc1,1,1,0.7884465499855661,O=C(NCCc1ccccc1)c1ccncc1NS(=O)(=O)c1ccccc1
COc1ccc2[nH]c(=O)c(-c3noc(-c4ccccc4)n3)cc2c1,1,1,0.9900286505274307,O=c1[nH]c2ccccc2cc1-c1noc(-c2ccccc2)n1
COc1cccc(-c2nc(-c3cc4cc(OC)ccc4[nH]c3=O)no2)c1,1,1,0.990791304986121,O=c1[nH]c2ccccc2cc1-c1noc(-c2ccccc2)n1
COc1ccc2[nH]c(=O)c(-c3noc(-c4ccc(F)cc4)n3)cc2c1,1,1,0.9902861669742102,O=c1[nH]c2ccccc2cc1-c1noc(-c2ccccc2)n1
N=c1c2c(ccn1CCc1ccccc1)Oc1ccc3ccccc3c1C2c1ccccc1,1,1,0.8143687357874364,N=c1c2c(ccn1CCc1ccccc1)Oc1ccc3ccccc3c1C2c1ccccc1
CN1CCN(C2=Nc3cc(Cl)ccc3Nc3ccccc32)CC1,1,1,0.8063313462476694,c1ccc2c(c1)N=C(N1CCNCC1)c1ccccc1N2
COc1cccc(C(=O)Nc2ccc3c(N4CCOCC4)ncnc3c2)c1,1,1,0.9232148218706635,O=C(Nc1ccc2c(N3CCOCC3)ncnc2c1)c1ccccc1
O=C(Nc1ccc2c(N3CCOCC3)ncnc2c1)c1cccc(Br)c1,1,1,0.9385695845186693,O=C(Nc1ccc2c(N3CCOCC3)ncnc2c1)c1ccccc1
Cc1ccc(S(=O)(=O)N2CCN(C(=O)c3cc4c(s3)CCC4)CC2)cc1,1,1,0.9592722440782011,O=C(c1cc2c(s1)CCC2)N1CCN(S(=O)(=O)c2ccccc2)CC1
CC[C@H](CO)Nc1nc(NCc2ccccc2)c2ncn(C(C)C)c2n1,1,1,0.9174634421180737,c1ccc(CNc2ncnc3[nH]cnc23)cc1
Cc1ccc(S(=O)(=O)Nc2ccccc2C(=O)Nc2nccs2)cc1,1,1,0.7572596845110093,O=C(Nc1nccs1)c1ccccc1NS(=O)(=O)c1ccccc1
NC(=O)C1CCN(c2nc(-c3cccnc3)cs2)CC1,1,1,0.9640208063511159,c1cncc(-c2csc(N3CCCCC3)n2)c1
COc1cccc(-n2nc(C(=O)O)cc2-c2ccc(C3CCCCC3)c(Cl)c2)c1,1,1,0.8179375515019685,c1ccc(-n2nccc2-c2ccc(C3CCCCC3)cc2)cc1
CNC(=O)Cn1cc(-c2ccc3c(c2)C(F)CC32NC(=O)N(CC(=O)N(Cc3ccc(F)cc3)[C@@H](C)C(F)(F)F)C2=O)cn1,1,1,0.8706875377245065,O=C(CN1C(=O)NC2(CCc3cc(-c4cn[nH]c4)ccc32)C1=O)NCc1ccccc1
Cc1cccc2c(C(=O)O)cc(-c3cccs3)nc12,1,0,0.41457985548282295,c1csc(-c2ccc3ccccc3n2)c1
CCOC(=O)c1ccc(N2C(=O)c3[nH]nc(-c4ccc(OC)cc4)c3C2c2ccc(C)cc2)cc1,1,1,0.9187924828379944,O=C1c2[nH]nc(-c3ccccc3)c2C(c2ccccc2)N1c1ccccc1
CC1Oc2cc3c(-c4c(O)cc(O)c5c(O)c6c(cc45)OC(C)C(C)C6=O)c(O)cc(O)c3c(O)c2C(=O)C1C,0,0,0.018868206767994458,O=C1CCOc2cc3c(-c4cccc5cc6c(cc45)OCCC6=O)cccc3cc21
CN1CCCC1CCOC(c1cc2nccc(C(=O)O)c2[nH]1)c1ccccc1Cl,0,0,0.11595321011669539,c1ccc(C(OCCC2CCCN2)c2cc3ncccc3[nH]2)cc1
CCOC(=O)Nc1cc(-c2ccc(C)c(NS(C)(=O)=O)c2)nn2c(C)nnc12,1,1,0.9376707276429961,c1ccc(-c2ccc3nncn3n2)cc1
CCCCC1CCC(C(=O)Nc2ccc(S(=O)(=O)Nc3nccs3)cc2)CC1,1,1,0.7927530831694887,O=C(Nc1ccc(S(=O)(=O)Nc2nccs2)cc1)C1CCCCC1
Cc1ccc(NC(=O)N2CCN(c3nc(N)nc4sc(-c5cccnc5)nc34)CC2)cc1,1,1,0.9217853151765898,O=C(Nc1ccccc1)N1CCN(c2ncnc3sc(-c4cccnc4)nc23)CC1
CCN(CC)S(=O)(=O)c1ccc(N2CCCC2)c(NS(=O)(=O)c2ccccc2)c1,1,1,0.9095372773911475,O=S(=O)(Nc1ccccc1N1CCCC1)c1ccccc1
CCN(CC)S(=O)(=O)c1ccc(N2CCCC2)c(NS(=O)(=O)c2ccc(C)cc2)c1,1,1,0.9356378706160913,O=S(=O)(Nc1ccccc1N1CCCC1)c1ccccc1
CC(C)(C)OC(=O)N1CCN(c2ccc(NCc3ccc(-c4ccc(C#N)cc4)o3)cc2)CC1,1,1,0.942276798560837,c1ccc(-c2ccc(CNc3ccc(N4CCNCC4)cc3)o2)cc1
C[C@H]1CN(C(=O)c2nn(C)c3ccccc23)C[C@@H]1c1nc(-c2cccnc2)no1,1,1,0.9550131177174846,O=C(c1n[nH]c2ccccc12)N1CCC(c2nc(-c3cccnc3)no2)C1
NS(=O)(=O)c1ccc(Cc2c(-c3cccc(-c4ccccc4)c3)nn(-c3nc(C(=O)O)cs3)c2CC2CC2)cc1,0,0,0.1475316907919778,c1ccc(Cc2c(-c3cccc(-c4ccccc4)c3)nn(-c3nccs3)c2CC2CC2)cc1
Cc1ccc(S(=O)(=O)Nc2ccccc2C(=O)Nc2nc(-c3ccccc3)co2)cc1,1,1,0.9603097373092004,O=C(Nc1nc(-c2ccccc2)co1)c1ccccc1NS(=O)(=O)c1ccccc1
Cc1ccc(S(=O)(=O)Nc2cnccc2C(=O)Nc2nc(-c3cc4ccccc4o3)cs2)cc1,0,0,0.45427731720594694,O=C(Nc1nc(-c2cc3ccccc3o2)cs1)c1ccncc1NS(=O)(=O)c1ccccc1
Cc1ccc(S(=O)(=O)Nc2ccccc2C(=O)Nc2ccc(-c3ccccc3)nc2)cc1,1,1,0.8057176998114525,O=C(Nc1ccc(-c2ccccc2)nc1)c1ccccc1NS(=O)(=O)c1ccccc1
S=C(NCCCc1cnc[nH]1)NCCCN(Cc1ccc(Cl)c(Cl)c1)c1ccc(Br)cn1,1,1,0.8628430400520124,S=C(NCCCc1cnc[nH]1)NCCCN(Cc1ccccc1)c1ccccn1
Fc1ccc(Nc2ccnc(-c3ccncc3)n2)cc1F,1,1,0.9438580751086362,c1ccc(Nc2ccnc(-c3ccncc3)n2)cc1
Cc1ccc(CNc2ccccc2C(=O)Nc2nc(-c3ccccc3)cs2)cc1,1,1,0.5782725722278033,O=C(Nc1nc(-c2ccccc2)cs1)c1ccccc1NCc1ccccc1
Fc1ccc(Nc2nccc(-c3ccncc3)n2)cc1F,1,1,0.9373050175796814,c1ccc(Nc2nccc(-c3ccncc3)n2)cc1
NC(=O)C1CCN(c2nc(-c3cccc4sc5ccccc5c34)cs2)CC1,1,1,0.978447959532809,c1ccc2c(c1)sc1cccc(-c3csc(N4CCCCC4)n3)c12
Cc1cccc2nc(-c3cccnc3)c(Nc3ccc(C(C)C)cc3)n12,1,1,0.9190901688169876,c1ccc(Nc2c(-c3cccnc3)nc3ccccn23)cc1
CS(=O)(=O)c1ccc(-c2nnc(/C=C/c3nnc(-c4ccc(C#N)cc4)o3)n2-c2ccccc2Cl)nc1,1,1,0.9019114779718872,C(=Cc1nnc(-c2ccccn2)n1-c1ccccc1)c1nnc(-c2ccccc2)o1
CCN1CCC(N(Cc2ccc3c(c2)OCO3)C(=O)Nc2cc(Cl)ccc2C(=O)OC)CC1,1,1,0.9069922803650541,O=C(Nc1ccccc1)N(Cc1ccc2c(c1)OCO2)C1CCNCC1
COc1cccc(CN2CCCC(c3nc(-c4ccncc4)ncc3-c3ccccc3)C2)c1O,1,1,0.9126367680073939,c1ccc(CN2CCCC(c3nc(-c4ccncc4)ncc3-c3ccccc3)C2)cc1
Cc1nc(N2CCN(c3ccccn3)CC2)c2c(C)c(C(=O)Nc3ccc(F)cc3Cl)sc2n1,1,1,0.9288662975541438,O=C(Nc1ccccc1)c1cc2c(N3CCN(c4ccccn4)CC3)ncnc2s1
CCOc1ccc(S(=O)(=O)NCc2cccnc2)cc1NC(=O)c1ccccc1F,1,1,0.8666586052496862,O=C(Nc1cccc(S(=O)(=O)NCc2cccnc2)c1)c1ccccc1
Cc1cccc(CN2CCN(c3ccccn3)CC2)c1,1,1,0.8513018123934637,c1ccc(CN2CCN(c3ccccn3)CC2)cc1
Cc1cccc(-c2cc(NC(=O)c3ccccc3C)n(-c3ccccc3)n2)c1,1,1,0.9448331597434474,O=C(Nc1cc(-c2ccccc2)nn1-c1ccccc1)c1ccccc1
NC(=O)C1CCN(c2ncnc(-c3ccc4c(c3)OCCCO4)n2)CC1,1,1,0.9851941159481029,c1nc(-c2ccc3c(c2)OCCCO3)nc(N2CCCCC2)n1
COc1ccc(-c2nc(CS(=O)CC(=O)N3CCC4(CC3)OCCO4)c(C)o2)cc1,1,1,0.9989130029117511,O=C(CS(=O)Cc1coc(-c2ccccc2)n1)N1CCC2(CC1)OCCO2
Cc1noc(C)c1CN1CCNc2cc(Nc3ccccc3)ncc2C1,1,1,0.9608260207460164,c1ccc(Nc2cc3c(cn2)CN(Cc2cnoc2)CCN3)cc1
CCN(CCCO)CCCOc1ccc2c(Nc3cc(CC(=O)Nc4cccc(F)c4)[nH]n3)ncnc2c1,0,1,0.6848592510446985,O=C(Cc1cc(Nc2ncnc3ccccc23)n[nH]1)Nc1ccccc1
CCN(CCCOc1ccc2c(Nc3cc(CC(=O)Nc4cccc(F)c4)[nH]n3)ncnc2c1)CCOP(=O)(O)O,0,0,0.007799358016213046,O=C(Cc1cc(Nc2ncnc3ccccc23)n[nH]1)Nc1ccccc1
Cc1ccccc1C(=O)N1CCc2cc(-c3csc(NC(=O)Cc4ccc5c(c4)OCO5)n3)ccc21,1,1,0.815111818537742,O=C(Cc1ccc2c(c1)OCO2)Nc1nc(-c2ccc3c(c2)CCN3C(=O)c2ccccc2)cs1
Cc1ccccc1C(=O)N1CCc2cc(-c3nc(NC(=O)Cc4ccc5c(c4)OCO5)sc3C)ccc21,1,1,0.7790259562521452,O=C(Cc1ccc2c(c1)OCO2)Nc1nc(-c2ccc3c(c2)CCN3C(=O)c2ccccc2)cs1
Cc1cccc(C(=O)N2CCc3cc(-c4nc(NC(=O)Cc5ccc6c(c5)OCO6)sc4C)ccc32)c1,1,1,0.7791615022339887,O=C(Cc1ccc2c(c1)OCO2)Nc1nc(-c2ccc3c(c2)CCN3C(=O)c2ccccc2)cs1
Cc1sc(NC(=O)Cc2ccc3c(c2)OCO3)nc1-c1ccc2c(c1)CCN2C(=O)c1ccccc1F,0,1,0.7609774527488976,O=C(Cc1ccc2c(c1)OCO2)Nc1nc(-c2ccc3c(c2)CCN3C(=O)c2ccccc2)cs1
CCOc1ccc(CCNC(=O)c2cccc(C(=O)c3ccccc3)c2)cc1OCC,1,1,0.9213014689855021,O=C(NCCc1ccccc1)c1cccc(C(=O)c2ccccc2)c1
Cc1cc(-c2cc3c(nc2-c2ccccc2)nc(C(=O)NCCN(C)C)n3C)ccn1,1,1,0.8766348033574043,c1ccc(-c2nc3nc[nH]c3cc2-c2ccncc2)cc1
O=c1cc(CN2CCCN(c3ccc(C(F)(F)F)cn3)CC2)nc2ccccn12,1,1,0.9234060637783564,O=c1cc(CN2CCCN(c3ccccn3)CC2)nc2ccccn12
CN1CCN(c2ccc(-c3cccc(CN4CCOCC4)c3)cc2NC(=O)c2c[nH]c(=O)cc2C(F)(F)F)CC1,0,1,0.665478082601597,O=C(Nc1cc(-c2cccc(CN3CCOCC3)c2)ccc1N1CCNCC1)c1ccc(=O)[nH]c1
CC[C@@](C)(Nc1ccnc(-c2c[nH]c3ncccc23)n1)C(=O)NCC(F)(F)F,1,1,0.9437638514817459,c1cnc(-c2c[nH]c3ncccc23)nc1
CN(C)c1cccc(-c2cnc(N3CCC(C(N)=O)CC3)nc2)c1,1,1,0.9821321333504168,c1ccc(-c2cnc(N3CCCCC3)nc2)cc1
Nc1cc2nc3ccccc3oc-2cc1=O,1,1,0.9040551112775759,O=c1ccc2nc3ccccc3oc-2c1
CC1(C)CC2CC(C)(CN2S(=O)(=O)c2ccc(C(=O)Nc3ccc(Cl)cc3)cc2)C1,1,1,0.9150320327261388,O=C(Nc1ccccc1)c1ccc(S(=O)(=O)N2CC3CCCC2C3)cc1
COc1ccccc1CNc1ccc(N2CCCCC2)cc1,1,1,0.9514889864049517,c1ccc(CNc2ccc(N3CCCCC3)cc2)cc1
Cc1noc(C)c1C(=O)N1CCC2(CC1)CCN(C(c1ccccc1)c1ccccc1)CC2,1,1,0.9494623621493113,O=C(c1cnoc1)N1CCC2(CC1)CCN(C(c1ccccc1)c1ccccc1)CC2
COc1ccccc1-c1cc2c(ccn2C)c(C(=O)NCC2CCN(C)C(=O)C2)n1,1,1,0.9496027905042944,O=C1CC(CNC(=O)c2nc(-c3ccccc3)cc3[nH]ccc23)CCN1
Cc1cc(S(=O)(=O)Nc2cnccc2C(=O)Nc2nc(-c3ccccc3)cs2)c(C)o1,1,1,0.7492989376884789,O=C(Nc1nc(-c2ccccc2)cs1)c1ccncc1NS(=O)(=O)c1ccoc1
CNc1oc(-c2cccc(-c3ccccc3)c2)nc1C#N,1,1,0.982587718566146,c1ccc(-c2cccc(-c3ncco3)c2)cc1
CC(C)c1ccc(S(=O)(=O)c2cnc(SCC(=O)Nc3ccc4c(c3)OCCO4)[nH]c2=O)cc1,0,0,0.4507912488597775,O=C(CSc1ncc(S(=O)(=O)c2ccccc2)c(=O)[nH]1)Nc1ccc2c(c1)OCCO2
Cc1cccc(N(C)c2nc3ccccc3c3nnc(C)n23)c1,1,1,0.9802171942329492,c1ccc(Nc2nc3ccccc3c3nncn23)cc1
Cc1ccc(C(=O)Nc2nc(-c3ccccn3)cs2)cc1S(=O)(=O)N1CCOCC1,1,1,0.8447916025472922,O=C(Nc1nc(-c2ccccn2)cs1)c1cccc(S(=O)(=O)N2CCOCC2)c1
O=C(Nc1nc(-c2ccccn2)cs1)c1cccc(S(=O)(=O)N2CCOCC2)c1,1,1,0.8140307399249356,O=C(Nc1nc(-c2ccccn2)cs1)c1cccc(S(=O)(=O)N2CCOCC2)c1
Cc1ccc(S(=O)(=O)n2cc(C(=O)Nc3nc(-c4ccccc4)cs3)c3ccccc32)cc1,0,1,0.7084960371824968,O=C(Nc1nc(-c2ccccc2)cs1)c1cn(S(=O)(=O)c2ccccc2)c2ccccc12
Cc1ccc(-c2[nH]n3c(=O)c4c(nc3c2C)CCCC4)cc1,1,1,0.8519881737824174,O=c1c2c(nc3cc(-c4ccccc4)[nH]n13)CCCC2
C=C1[C@@H](C)C2[C@H](Cc3ccccc3)NC(=O)[C@@]23C(/C=C/C[C@H](C)C[C@@](C)(O)/C=C/[C@@H]3OC(C)=O)[C@@H]1O,1,1,0.9755589288691667,C=C1CC2C=CCCCCC=CCC23C(=O)NC(Cc2ccccc2)C3C1
COc1ccc2[nH]c3c(c2c1)CCNC31CCN(S(=O)(=O)c2c(C)noc2C)CC1,1,1,0.9345956589365885,O=S(=O)(c1cnoc1)N1CCC2(CC1)NCCc1c2[nH]c2ccccc12
COc1ccc(CNC(=O)Cn2nc3c(cc2=O)CCCC3)cc1,1,1,0.9611105563812158,O=C(Cn1nc2c(cc1=O)CCCC2)NCc1ccccc1
O=S(=O)(c1ccccc1)N1CCN(c2nc(-c3ccc(Br)cc3)cs2)CC1,1,1,0.9028222454553092,O=S(=O)(c1ccccc1)N1CCN(c2nc(-c3ccccc3)cs2)CC1
O=C(NC1CC1)c1nc(-c2cccnc2)c2ccccn12,1,1,0.930194461137401,O=C(NC1CC1)c1nc(-c2cccnc2)c2ccccn12
O=C(Nc1ccc2c(N3CCCCC3)ncnc2c1)c1cc(F)cc(F)c1,1,1,0.9652978122288256,O=C(Nc1ccc2c(N3CCCCC3)ncnc2c1)c1ccccc1
Cc1cn2c(N)c(Cl)cc(C(=O)NCC3CCN(CC(C)C)CC3)c2n1,1,1,0.8380380521468328,O=C(NCC1CCNCC1)c1cccn2ccnc12
O=C(c1ccco1)N1CCN(c2nc(-c3ccc(Br)cc3)cs2)CC1,0,1,0.9599168691512016,O=C(c1ccco1)N1CCN(c2nc(-c3ccccc3)cs2)CC1
O=C(CCCN1CCC(O)(c2cccc(C(F)(F)F)c2)CC1)c1ccc(F)cc1,1,1,0.9755982512841544,O=C(CCCN1CCC(c2ccccc2)CC1)c1ccccc1
O=C(NC1CCCN(c2cc(-c3ccc(F)cc3)[nH]n2)C1)c1ccc2ncccc2c1,1,1,0.9422351968683449,O=C(NC1CCCN(c2cc(-c3ccccc3)[nH]n2)C1)c1ccc2ncccc2c1
O=C(NCc1ccncc1)c1nc(-c2cccnc2)c2cnccn12,0,1,0.8505754646209679,O=C(NCc1ccncc1)c1nc(-c2cccnc2)c2cnccn12
Cc1sc2c(c1C)C(c1ccc(Cl)cc1)=N[C@@H](CC(=O)Nc1ccc(OCCOCCOCCOCCNc3cccc4c3C(=O)N(C3CCC(=O)NC3=O)C4=O)cc1)c1nnc(C)n1-2,0,0,0.07005534013364854,O=C1CCC(N2C(=O)c3cccc(NCCOCCOCCOCCOc4ccc(NC(=O)CC5N=C(c6ccccc6)c6ccsc6-n6cnnc65)cc4)c3C2=O)C(=O)N1
COc1ccc(NC(=O)CCCc2nnc3n(CCC(C)C)c(=O)c4sccc4n23)cc1Cl,1,1,0.9473719186332464,O=C(CCCc1nnc2[nH]c(=O)c3sccc3n12)Nc1ccccc1
Fc1cc(Nc2nc(-c3ccncc3)nc3ccccc23)ccc1-c1cncnc1,0,1,0.9276148858550115,c1ccc2c(Nc3ccc(-c4cncnc4)cc3)nc(-c3ccncc3)nc2c1
COc1ccc(OC)c(CNc2ncnc3onc(C)c23)c1,1,1,0.9650275896120281,c1ccc(CNc2ncnc3oncc23)cc1
Oc1ccc(NCc2ccccc2OCc2ccccc2Cl)cc1,1,1,0.8777628842530366,c1ccc(COc2ccccc2CNc2ccccc2)cc1
Cc1nc(Sc2nnnn2C)c2c(-c3ccccc3)csc2n1,1,1,0.9833140345899889,c1ccc(-c2csc3ncnc(Sc4nnn[nH]4)c23)cc1
Cn1nnnc1Sc1ncnc2scc(-c3ccc(F)cc3)c12,1,1,0.9792522011459563,c1ccc(-c2csc3ncnc(Sc4nnn[nH]4)c23)cc1
Cn1nnnc1Sc1ncnc2scc(-c3cccc(S(C)(=O)=O)c3)c12,1,1,0.9417475023482124,c1ccc(-c2csc3ncnc(Sc4nnn[nH]4)c23)cc1
CCn1nnnc1Sc1ncnc2scc(-c3ccc(C)cc3)c12,1,1,0.9863264921669773,c1ccc(-c2csc3ncnc(Sc4nnn[nH]4)c23)cc1
Cn1nnnc1Sc1ncnc2scc(-c3ccccc3F)c12,1,1,0.9793718435646378,c1ccc(-c2csc3ncnc(Sc4nnn[nH]4)c23)cc1
CC(=O)c1cccc(-c2csc3ncnc(Sc4nnnn4C)c23)c1,1,1,0.9785899917162334,c1ccc(-c2csc3ncnc(Sc4nnn[nH]4)c23)cc1
O=C(CNC12CC3CC(CC(C3)C1)C2)c1ccc(Cl)cc1,1,1,0.9811192730360585,O=C(CNC12CC3CC(CC(C3)C1)C2)c1ccccc1
O=C(Cc1ccc(Cl)c(Cl)c1)Nc1ccc([S+](=O)([O-])Nc2ccccn2)cc1,1,1,0.8061857723313685,O=C(Cc1ccccc1)Nc1ccc([SH+](=O)Nc2ccccn2)cc1
Cc1ccc2c(c1)[nH]c1c(N3CCN(Cc4ccccc4)CC3)ncnc12,1,1,0.9583815167798795,c1ccc(CN2CCN(c3ncnc4c3[nH]c3ccccc34)CC2)cc1
O=C(Nc1ccc(N2CCN(C(=O)c3ccccc3F)CC2)cc1)c1cncc(Br)c1,1,1,0.9491843093690476,O=C(Nc1ccc(N2CCN(C(=O)c3ccccc3)CC2)cc1)c1cccnc1
COc1ccc2c(c1)/C(=C/c1cnc[nH]1)C(=O)N2,1,1,0.9577137217931193,O=C1Nc2ccccc2C1=Cc1cnc[nH]1
CC(Cc1ccc(O)cc1)NCC(O)c1cc(O)cc(O)c1,0,0,0.16959745372619905,c1ccc(CCNCCc2ccccc2)cc1
[2H]C([2H])(Nc1nc(-c2ccccc2C([2H])(C([2H])([2H])[2H])C([2H])([2H])[2H])ncc1C)c1ccc(-n2ccnn2)cc1,1,1,0.9403991852063105,c1ccc(-c2nccc(NCc3ccc(-n4ccnn4)cc3)n2)cc1
Cc1cnc(-c2ccccc2C(C)(C)C)nc1NCc1ccc(-n2ccnn2)cc1,1,1,0.9226605234810932,c1ccc(-c2nccc(NCc3ccc(-n4ccnn4)cc3)n2)cc1
CC(C)c1ccccc1-c1ncc(F)c(NC(C)(C)c2ccc(-n3ccnn3)cc2)n1,1,1,0.9093253998474833,c1ccc(-c2nccc(NCc3ccc(-n4ccnn4)cc3)n2)cc1
Cc1cnc(-c2ccccc2C(C)C)nc1NCc1ccc(-n2ccnn2)cc1,1,1,0.9416061975794888,c1ccc(-c2nccc(NCc3ccc(-n4ccnn4)cc3)n2)cc1
CC(C)c1ccccc1-c1ncc(F)c(NCc2ccc(-n3ccnn3)cc2)n1,1,1,0.9478575432211768,c1ccc(-c2nccc(NCc3ccc(-n4ccnn4)cc3)n2)cc1
Cc1cnc(-c2ccccc2OC(C)C)nc1NCc1ccc(-n2ccnn2)cc1,1,1,0.9521225865077022,c1ccc(-c2nccc(NCc3ccc(-n4ccnn4)cc3)n2)cc1
Fc1cnc(-c2ccccc2C(F)F)nc1NCc1ccc(-n2ccnn2)cc1,1,1,0.9558862544248606,c1ccc(-c2nccc(NCc3ccc(-n4ccnn4)cc3)n2)cc1
Cc1cnc(-c2ccccc2C(F)F)nc1NCc1ccc(-n2ccnn2)cc1,1,1,0.9570649581426611,c1ccc(-c2nccc(NCc3ccc(-n4ccnn4)cc3)n2)cc1
Cc1ccc(S(=O)(=O)Nc2ccccc2C(=O)Nc2ncc(-c3ccccc3)o2)cc1,1,1,0.960344126414389,O=C(Nc1ncc(-c2ccccc2)o1)c1ccccc1NS(=O)(=O)c1ccccc1
COc1cccc(CNc2ccc(S(=O)(=O)Nc3ncccn3)cc2)c1O,1,1,0.7647812601722018,O=S(=O)(Nc1ncccn1)c1ccc(NCc2ccccc2)cc1
CN(C)c1ccc2cc(C(=O)N[C@@H](CCCN=C(N)CCl)C(=O)NCc3ccccc3)ccc2c1,0,0,0.14243613291512405,O=C(CNC(=O)c1ccc2ccccc2c1)NCc1ccccc1
O=C(Nc1nc(-c2ccccc2)cs1)c1ccncc1NS(=O)(=O)c1cccc2cccnc12,1,1,0.5874970064010522,O=C(Nc1nc(-c2ccccc2)cs1)c1ccncc1NS(=O)(=O)c1cccc2cccnc12
CN1CCCN(C(c2ccccc2)c2ccc(Cl)cc2)CC1,1,1,0.9393867999604018,c1ccc(C(c2ccccc2)N2CCCNCC2)cc1
CC(C)CNc1ncnc2onc(-c3ccc(Cl)cc3)c12,1,1,0.9809796065388529,c1ccc(-c2noc3ncncc23)cc1
COCCNc1ncnc2onc(-c3ccc(F)cc3)c12,1,1,0.9542428558117552,c1ccc(-c2noc3ncncc23)cc1
NC(=O)C1CCN(c2nc(-c3ccc4ccccc4c3)cs2)CC1,1,1,0.9504553380373252,c1ccc2cc(-c3csc(N4CCCCC4)n3)ccc2c1
O=C(NCCc1ccccc1)C1CCN(c2nc(-c3ccc(Br)cc3)cs2)CC1,0,1,0.8266277224684654,O=C(NCCc1ccccc1)C1CCN(c2nc(-c3ccccc3)cs2)CC1
CC(C)c1ccccc1-c1nc2c(c(NCc3ccc(-c4cccnc4)cc3)n1)CNC2,1,1,0.9161523767449052,c1ccc(-c2nc3c(c(NCc4ccc(-c5cccnc5)cc4)n2)CNC3)cc1
Cc1cccc(-n2cnc3cc(C(=O)N4CCCC(C(C)C)C4)ccc32)c1,1,1,0.9799731135600956,O=C(c1ccc2c(c1)ncn2-c1ccccc1)N1CCCCC1
Cc1cccc(-n2cnc3cc(C(=O)N4CCCCC4)ccc32)c1,1,1,0.9797962014626523,O=C(c1ccc2c(c1)ncn2-c1ccccc1)N1CCCCC1
O=C(c1ccc2c(c1)ncn2-c1cccc(Cl)c1)N1CCCCC1,1,1,0.9816479321850479,O=C(c1ccc2c(c1)ncn2-c1ccccc1)N1CCCCC1
COc1ccccc1-n1cnc2cc(C(=O)N3CCCCC3)ccc21,1,1,0.980438890958404,O=C(c1ccc2c(c1)ncn2-c1ccccc1)N1CCCCC1
CCOC(=O)c1ccc(-n2cnc3cc(C(=O)N4CCCCC4)ccc32)cc1,1,1,0.9817632826861048,O=C(c1ccc2c(c1)ncn2-c1ccccc1)N1CCCCC1
Cc1cccc(-n2cnc3cc(C(=O)N4CCCC(C(F)(F)F)C4)ccc32)c1,1,1,0.9725223633262569,O=C(c1ccc2c(c1)ncn2-c1ccccc1)N1CCCCC1
COc1ccc(-n2cnc3cc(C(=O)N4CCCCC4)ccc32)cc1,1,1,0.9819900434920895,O=C(c1ccc2c(c1)ncn2-c1ccccc1)N1CCCCC1
Cc1cccc(-n2cnc3cc(C(=O)N4CCC(Br)CC4)ccc32)c1,1,1,0.9904590018131488,O=C(c1ccc2c(c1)ncn2-c1ccccc1)N1CCCCC1
Cc1cccc(-n2cnc3cc(C(=O)N4CCCC(C)C4)ccc32)c1,1,1,0.980153693217998,O=C(c1ccc2c(c1)ncn2-c1ccccc1)N1CCCCC1
Cc1cccc(-n2cnc3cc(C(=O)N4CCCC(C)(C)C4)ccc32)c1,1,1,0.9793177259489668,O=C(c1ccc2c(c1)ncn2-c1ccccc1)N1CCCCC1
O=C(c1ccc2c(c1)ncn2-c1ccccc1)N1CCCCC1,1,1,0.9783741621917758,O=C(c1ccc2c(c1)ncn2-c1ccccc1)N1CCCCC1
O=C(c1ccc2c(c1)ncn2-c1cccc(C(F)(F)F)c1)N1CCCCC1,1,1,0.9732144524336861,O=C(c1ccc2c(c1)ncn2-c1ccccc1)N1CCCCC1
O=C(c1ccc2c(c1)ncn2-c1ccc(C(F)(F)F)cc1)N1CCCCC1,1,1,0.9732702553371132,O=C(c1ccc2c(c1)ncn2-c1ccccc1)N1CCCCC1
CC(C)(C)c1ccc(-n2cnc3cc(C(=O)N4CCCCC4)ccc32)cc1,1,1,0.9712017536693901,O=C(c1ccc2c(c1)ncn2-c1ccccc1)N1CCCCC1
O=C(c1ccc2c(c1)ncn2-c1ccc(Cl)cc1)N1CCCCC1,1,1,0.9816479321850479,O=C(c1ccc2c(c1)ncn2-c1ccccc1)N1CCCCC1
Oc1cccc2nc3ccccc3nc12,1,1,0.9452858627475996,c1ccc2nc3ccccc3nc2c1
O=C(Nc1ccc([S+](=O)([O-])Nc2nccs2)cc1)c1ccccn1,0,1,0.6885170329713592,O=C(Nc1ccc([SH+](=O)Nc2nccs2)cc1)c1ccccn1
COc1ccc(CCN2C(=O)N(c3ccc(F)cc3)C(=O)C2CC(=O)Nc2ccc(F)c(F)c2)cc1,1,1,0.9646708004968979,O=C(CC1C(=O)N(c2ccccc2)C(=O)N1CCc1ccccc1)Nc1ccccc1
NC(=O)C1CCN(c2nc(-c3ccc(OCc4ccccc4)cc3)cs2)CC1,0,1,0.9356267890233444,c1ccc(COc2ccc(-c3csc(N4CCCCC4)n3)cc2)cc1
Cc1ccc(C(=O)Nc2cccc(C(F)(F)F)c2)cc1Nc1nc(-c2cccnc2)nc2c1cnn2C,1,1,0.8008723310265626,O=C(Nc1ccccc1)c1cccc(Nc2nc(-c3cccnc3)nc3[nH]ncc23)c1
CC(=O)Nc1ccc(C(=O)Nc2ccccc2N)cc1,0,1,0.7432358363483677,O=C(Nc1ccccc1)c1ccccc1
COC(=O)c1ccccc1NC(=O)c1ccccc1OC(F)F,1,1,0.9652030863082735,O=C(Nc1ccccc1)c1ccccc1
CCOP(=O)(Cc1ccc(C(=O)Nc2ccc(Br)cc2C#N)cc1)OCC,1,1,0.9136458175311387,O=C(Nc1ccccc1)c1ccccc1
CCN(CC)S(=O)(=O)c1cccc(C(=O)Nc2ccc(C#N)cc2)c1,1,1,0.8385835696930454,O=C(Nc1ccccc1)c1ccccc1
COc1ccc(NC(=O)c2c(C)cccc2C)cc1[S+](=O)([O-])N(C)C,1,1,0.8584902045800207,O=C(Nc1ccccc1)c1ccccc1
Cc1cccc(C)c1C(=O)Nc1cccc([S+](=O)([O-])N(C)C)c1,1,1,0.8884714671736287,O=C(Nc1ccccc1)c1ccccc1
Cc1nc(NCc2ccco2)nc2c1C(=O)CC(C)C2,1,1,0.9778249221521217,O=C1CCCc2nc(NCc3ccco3)ncc21
Cc1cc(C)nc(NC(=S)N2CCN(c3ccncc3)CC2)c1,1,1,0.9768699307424605,S=C(Nc1ccccn1)N1CCN(c2ccncc2)CC1
CSc1ccc(C(=O)c2[nH]c(=O)[nH]c2C)cc1,1,1,0.8896711159558499,O=C(c1ccccc1)c1c[nH]c(=O)[nH]1
O=C1CCCCc2cc(O)c(O)cc21,1,1,0.9186752293878904,O=C1CCCCc2ccccc21
CCOC(=O)c1[nH]c(C)c(CCC(=O)N2CCN(c3cccc(C)c3C)CC2)c1C,1,1,0.9912389806496812,O=C(CCc1cc[nH]c1)N1CCN(c2ccccc2)CC1
CCOC(=O)c1[nH]c(C)c(CCC(=O)N2CCN(c3cc(C)ccc3C)CC2)c1C,1,1,0.9915574465250571,O=C(CCc1cc[nH]c1)N1CCN(c2ccccc2)CC1
CCOC(=O)c1[nH]c(C)c(CCC(=O)N2CCN(c3cc(Cl)ccc3C)CC2)c1C,1,1,0.9930447503193555,O=C(CCc1cc[nH]c1)N1CCN(c2ccccc2)CC1
CCOC(=O)Nc1ccc(NCc2ccc(F)cc2)nc1N,1,1,0.9070791203850566,c1ccc(CNc2ccccn2)cc1
Cc1noc(C)c1-c1csc(N2CCC(C(N)=O)CC2)n1,1,1,0.9778816115252356,c1nocc1-c1csc(N2CCCCC2)n1
O=C(NCCN1CCOCC1)C1CC(=O)N(c2n[nH]c3cc(Br)ccc23)C1,0,1,0.5166101806123271,O=C(NCCN1CCOCC1)C1CC(=O)N(c2n[nH]c3ccccc23)C1
CCOC(=O)NNc1ccc(N(CC)CC(C)O)nn1,1,1,0.9146204506785552,c1ccnnc1
CCOC(=O)C1=C(CN(CC)Cc2ccccc2)NC(=O)NC1c1ccc(OC(C)C)cc1,1,1,0.9224362127321586,O=C1NC(CNCc2ccccc2)=CC(c2ccccc2)N1
CC(=O)c1ccc(N2CCN(c3ccc(NC(=O)c4ccc(F)cc4)cc3C(=O)O)CC2)cc1,1,0,0.4238258370102394,O=C(Nc1ccc(N2CCN(c3ccccc3)CC2)cc1)c1ccccc1
CCOC(=O)C1CCN(c2ncc(-c3ccc4c(c3)OCCCO4)s2)CC1,1,1,0.9719191515688792,c1cc2c(cc1-c1cnc(N3CCCCC3)s1)OCCCO2
O=C(O)C1CCN(c2ncc(-c3ccc4c(c3)OCCCO4)s2)CC1,1,1,0.755894727902145,c1cc2c(cc1-c1cnc(N3CCCCC3)s1)OCCCO2
NC1(c2ccc(NC(=O)c3ccnc(-c4cc(C(=O)O)ccn4)c3)cc2)CC1,0,0,0.04091441337047893,O=C(Nc1ccc(C2CC2)cc1)c1ccnc(-c2ccccn2)c1
COC(=O)c1ccnc(-c2cc(C(=O)Nc3ccc(C4(N)CC4)cc3)ccn2)c1,1,1,0.7723427957704412,O=C(Nc1ccc(C2CC2)cc1)c1ccnc(-c2ccccn2)c1
Fc1ccc(CN2CCOC[C@H]2c2ncc(-c3ccc(Cl)s3)[nH]2)cc1,1,1,0.9572027497634513,c1ccc(CN2CCOCC2c2ncc(-c3cccs3)[nH]2)cc1
Cc1cc2c(C(N)=O)cccc2n1-c1nc2c(c(NCc3ccccc3)n1)COCC2,1,1,0.9677836862957295,c1ccc(CNc2nc(-n3ccc4ccccc43)nc3c2COCC3)cc1
O=c1[nH]nc(Sc2ncc([N+](=O)[O-])s2)n1-c1ccc2c(c1)OCCO2,1,1,0.8560983967089691,O=c1[nH]nc(Sc2nccs2)n1-c1ccc2c(c1)OCCO2
O=C(NC[C@H]1Cn2c(-c3ccc(Cl)cc3)cnc2CO1)C1CCCC1,1,1,0.9795461533173828,O=C(NCC1Cn2c(-c3ccccc3)cnc2CO1)C1CCCC1
Cc1cc2ccccc2n1CC(=O)NC1CCCCC1,1,1,0.9811620179854742,O=C(Cn1ccc2ccccc21)NC1CCCCC1
Cc1ccc2nc(-c3ccccn3)c(Nc3ccccc3C)n2c1,1,1,0.9525290941904851,c1ccc(Nc2c(-c3ccccn3)nc3ccccn23)cc1
Cc1cccc2nc(-c3ccccn3)c(Nc3ccc(F)cc3)n12,1,1,0.9457848413432198,c1ccc(Nc2c(-c3ccccn3)nc3ccccn23)cc1
CCN(CC)S(=O)(=O)c1ccc(N2CCOCC2)c(NC(=O)c2[nH]c(C)c(C(C)=O)c2C)c1,1,1,0.9378032929584871,O=C(Nc1ccccc1N1CCOCC1)c1ccc[nH]1
CSc1nnc2c3ccccc3n(CCc3ccccc3)c2n1,1,1,0.9857668825913151,c1ccc(CCn2c3ccccc3c3nncnc32)cc1
CCc1cccc(NC(=O)C(Cc2ccccc2)NS(=O)(=O)c2cccs2)c1,1,1,0.8492291753331472,O=C(Nc1ccccc1)C(Cc1ccccc1)NS(=O)(=O)c1cccs1
C[C@@]12O[C@@H](C[C@]1(O)CO)n1c3ccccc3c3c4c(c5c6ccccc6n2c5c31)CNC4=O,0,1,0.6495850720691914,O=C1NCc2c1c1c3ccccc3n3c1c1c2c2ccccc2n1C1CCC3O1
O=C(c1ccc(C(=O)N2CCC(N3CCCC3)CC2)c(Nc2ccccc2)c1)N1CCC(N2CCCC2)CC1,0,0,0.17013398975461375,O=C(c1ccc(C(=O)N2CCC(N3CCCC3)CC2)c(Nc2ccccc2)c1)N1CCC(N2CCCC2)CC1
CC(C)(C)C1CCc2c(sc(NC(=O)c3ccncc3)c2C(N)=O)C1,1,1,0.9685591168424259,O=C(Nc1cc2c(s1)CCCC2)c1ccncc1
CCN(CC)CCNC(=O)c1c(C)[nH]c(/C=C2\C(=O)Nc3ccc(F)cc32)c1C,1,1,0.920618158583676,O=C1Nc2ccccc2C1=Cc1ccc[nH]1
O=C1Nc2ccccc2/C1=C/c1ccc[nH]1,1,1,0.9737050713014589,O=C1Nc2ccccc2C1=Cc1ccc[nH]1
FC(F)(F)c1cccc(Sc2nc(-c3ccccc3)nnc2C(F)(F)F)c1,1,1,0.9846449995344404,c1ccc(Sc2cnnc(-c3ccccc3)n2)cc1
COc1cc2nc(N3CCCC3)nc(NCCCCCN3CCCC3)c2cc1OC,0,1,0.592940480586549,c1ccc2c(NCCCCCN3CCCC3)nc(N3CCCC3)nc2c1
Cc1ccc(-c2cc(C(=O)Nc3ccc(S(=O)(=O)N(C)Cc4nccs4)cc3)c3ccccc3n2)cc1C,0,0,0.2914993234638583,O=C(Nc1ccc(S(=O)(=O)NCc2nccs2)cc1)c1cc(-c2ccccc2)nc2ccccc12
Cc1ccc(-c2cc(C(=O)Nc3ccc(S(=O)(=O)NCc4nccs4)cc3)c3ccccc3n2)cc1C,0,0,0.26925942366105515,O=C(Nc1ccc(S(=O)(=O)NCc2nccs2)cc1)c1cc(-c2ccccc2)nc2ccccc12
NC1(c2ccccc2Cl)CCCCC1=O,1,1,0.9442030570702982,O=C1CCCCC1c1ccccc1
CNC1(c2ccccc2Cl)CCCCC1=O,1,1,0.9668758655944962,O=C1CCCCC1c1ccccc1
CCOC(=O)c1c(NC(=O)CN2CCCCC2)sc2c1CCN(C(=O)OCC)C2,1,1,0.9557717141919486,O=C(CN1CCCCC1)Nc1cc2c(s1)CNCC2
O=C(NCc1ccco1)c1nc2nc(-c3cccs3)cc(C(F)(F)F)n2n1,1,1,0.944360125927237,O=C(NCc1ccco1)c1nc2nc(-c3cccs3)ccn2n1
O=c1c2ccccc2nc2n1CCC2,1,1,0.9696710652009288,O=c1c2ccccc2nc2n1CCC2
CCCNC(=O)c1ccc2c(c1)N=C(C)c1c(C)ccc(C)c1S2,1,1,0.9178048656166151,C1=Nc2ccccc2Sc2ccccc21
CC[C@@H]1C(=O)N(C)c2cnc(Nc3ccc(C(=O)NC4CCN(C)CC4)cc3OC)nc2N1C1CCCC1,1,1,0.8659789957585466,O=C1CN(C2CCCC2)c2nc(Nc3ccc(C(=O)NC4CCNCC4)cc3)ncc2N1
Cn1c(=O)cc(C(=O)NC2CCCc3c2[nH]c2c(Cl)cccc32)c2ccccc21,1,1,0.9873420794412952,O=C(NC1CCCc2c1[nH]c1ccccc21)c1cc(=O)[nH]c2ccccc12
O=C(NC1CC1)c1nc(-c2cccnc2)c2cnccn12,1,1,0.8803932488248521,O=C(NC1CC1)c1nc(-c2cccnc2)c2cnccn12
Fc1ccc(Nc2nc(-c3ccnc4ccccc34)nc3ccccc23)cc1F,1,1,0.7974706376741386,c1ccc(Nc2nc(-c3ccnc4ccccc34)nc3ccccc23)cc1
CC(C)(C)C(=O)N1CCN(c2nccc(Nc3ccccc3Cl)n2)CC1,1,1,0.9785632275336149,c1ccc(Nc2ccnc(N3CCNCC3)n2)cc1
CC#CC(=O)N1CCC[C@H]1c1nc(-c2ccc(C(=O)Nc3ccccn3)cc2)c2c(N)nccn12,1,1,0.859662012771173,O=C(Nc1ccccn1)c1ccc(-c2nc(C3CCCN3)n3ccncc23)cc1
CNc1oc(-c2ccc(-c3ccccc3)cc2)nc1C#N,1,1,0.9825845078496236,c1ccc(-c2ccc(-c3ncco3)cc2)cc1
O=C1Nc2ccccc2C12CC2c1cc(Cl)c(O)c(Cl)c1,1,1,0.9530621049274692,O=C1Nc2ccccc2C12CC2c1ccccc1
Fc1cc(Nc2nc(-c3ccncc3)nc3ccccc23)ccc1-c1cccnc1,0,1,0.8860864900848942,c1cncc(-c2ccc(Nc3nc(-c4ccncc4)nc4ccccc34)cc2)c1
O=C1c2ccccc2-n2c1nc1ccccc1c2=O,1,1,0.9683189319781477,O=C1c2ccccc2-n2c1nc1ccccc1c2=O
CN(C)CCOC1=Cc2ccccc2Sc2ccc(Cl)cc21,1,1,0.9370424082943511,C1=Cc2ccccc2Sc2ccccc21
c1ccc2c(Nc3nccs3)nc(-c3ccncc3)nc2c1,1,1,0.9701738647099243,c1ccc2c(Nc3nccs3)nc(-c3ccncc3)nc2c1
COc1ccc(OC)c(N2C(=O)C(Cl)=C(N3CCCCC3)C2=O)c1,1,1,0.99366998941256,O=C1C=C(N2CCCCC2)C(=O)N1c1ccccc1
O=C(c1cccs1)c1nonc1C(=O)c1cccs1,1,1,0.861951376271856,O=C(c1cccs1)c1nonc1C(=O)c1cccs1
Cc1ccc(-c2cc(C(=O)NC3CCCCC3)c3ccccc3n2)cc1,1,1,0.9175329532924392,O=C(NC1CCCCC1)c1cc(-c2ccccc2)nc2ccccc12
Nc1ncnc2c1C(=O)N(c1ccc(C3CCC(CC(=O)O)CC3)cc1)CCO2,0,1,0.5204109004706919,O=C1c2cncnc2OCCN1c1ccc(C2CCCCC2)cc1
CCOc1ccc(CCNC(=O)c2cc3sccc3n2CCN2CCN(C)CC2)cc1OCC,1,1,0.9331422952259613,O=C(NCCc1ccccc1)c1cc2sccc2n1CCN1CCNCC1
CCN(CCN(C)C)C(=O)C1CCN(S(=O)(=O)c2c(C)noc2/C=C/c2ccccc2F)CC1,1,1,0.9493170757140083,O=S(=O)(c1cnoc1C=Cc1ccccc1)N1CCCCC1
O=C(Cc1c[nH]c2ncc(-c3ccc(Cl)cc3)cc12)NCc1cccnc1,1,1,0.9624527334064307,O=C(Cc1c[nH]c2ncc(-c3ccccc3)cc12)NCc1cccnc1
Cc1ccc(S(=O)(=O)Nc2cnccc2C(=O)Nc2nc(-c3ccc(Oc4ccccc4)cc3)cs2)cc1,1,0,0.3653153299858061,O=C(Nc1nc(-c2ccc(Oc3ccccc3)cc2)cs1)c1ccncc1NS(=O)(=O)c1ccccc1
Cc1cccc(-c2noc([C@@H]3Cc4nc[nH]c4CN3C(=O)CC(C)(C)CC(=O)O)n2)c1,1,1,0.756431512256965,c1ccc(-c2noc(C3Cc4nc[nH]c4CN3)n2)cc1
Cc1cccc(-c2noc([C@@H]3Cc4nc[nH]c4CN3)n2)c1,1,1,0.9430869626516811,c1ccc(-c2noc(C3Cc4nc[nH]c4CN3)n2)cc1
O=C(Nc1ccc(Cl)c(S(=O)(=O)N2CCOCC2)c1)c1ccc(S(=O)(=O)N2CCOCC2)cc1,1,1,0.9210025874487918,O=C(Nc1cccc(S(=O)(=O)N2CCOCC2)c1)c1ccc(S(=O)(=O)N2CCOCC2)cc1
COc1ccc2c(ccn2CCC(=O)Nc2ccc3c(c2)C(=O)N2CCC[C@H]2C(=O)N3)c1,1,1,0.9027004910627372,O=C(CCn1ccc2ccccc21)Nc1ccc2c(c1)C(=O)N1CCCC1C(=O)N2
O=C(Cc1ccc(Cl)c(Cl)c1)Nc1ccc(S(=O)(=O)Nc2nncs2)cc1,0,1,0.5708746355218636,O=C(Cc1ccccc1)Nc1ccc(S(=O)(=O)Nc2nncs2)cc1
CC(C)N(CCCNC(=O)Nc1ccc(C(C)(C)C)cc1)C[C@H]1O[C@@H](n2ccc3c(N)ncnc32)[C@H](O)[C@@H]1O,1,1,0.5299964582848729,O=C(NCCCNCC1CCC(n2ccc3cncnc32)O1)Nc1ccccc1
CC(C)N(CCCNC(=O)Nc1ccc(C(C)(C)C)cc1)C[C@H]1O[C@@H](n2cc(Br)c3c(N)ncnc32)[C@H](O)[C@H]1O,1,1,0.6554461175335675,O=C(NCCCNCC1CCC(n2ccc3cncnc32)O1)Nc1ccccc1
CCCCOc1ccc(C(=O)N2CCC(c3n[nH]c(=O)n3-c3ccc(C)cc3)CC2)cc1,1,1,0.9623675184253173,O=C(c1ccccc1)N1CCC(c2n[nH]c(=O)n2-c2ccccc2)CC1
CCn1c(-c2nonc2N)nc2cnc(Oc3cccc(NC(=O)c4ccc(OCCN5CCOCC5)cc4)c3)cc21,0,0,0.42928586659651985,O=C(Nc1cccc(Oc2cc3[nH]c(-c4cnon4)nc3cn2)c1)c1ccc(OCCN2CCOCC2)cc1
COc1cc(C(=O)N2CCN(c3cc(Cl)ccc3Cl)CC2)cc(OC)c1OC,1,1,0.9667330015861959,O=C(c1ccccc1)N1CCN(c2ccccc2)CC1
CCNC(=O)c1noc(-c2cc(C(C)C)c(O)cc2O)c1-c1ccc(CN2CCOCC2)cc1,1,1,0.8867249709582632,c1ccc(-c2oncc2-c2ccc(CN3CCOCC3)cc2)cc1
O=C(O)c1ccccc1-c1ccc(/C=c2\sc3nc4cc(Br)cnc4n3c2=O)o1,1,0,0.46471992984039634,O=c1c(=Cc2ccc(-c3ccccc3)o2)sc2nc3cccnc3n12
Oc1ccc(-c2nc(C3CC3)nc3c2CCN(Cc2ccc(F)cc2)CC3)cc1,1,1,0.9249686049007799,c1ccc(CN2CCc3nc(C4CC4)nc(-c4ccccc4)c3CC2)cc1
O=S(=O)(c1ccc2ccccc2c1)N1CCN(c2nc(-c3cccs3)nc3ccccc23)CC1,0,1,0.8830266500666771,O=S(=O)(c1ccc2ccccc2c1)N1CCN(c2nc(-c3cccs3)nc3ccccc23)CC1
COc1ccc(Cl)cc1C(=O)Nc1ccc(NC(=O)c2ccco2)cc1,1,1,0.9241921505891989,O=C(Nc1ccc(NC(=O)c2ccco2)cc1)c1ccccc1
OCCn1cc(-c2cnc3nnn(Cc4ccc5ncccc5c4)c3n2)cn1,1,1,0.9208728742309618,c1cnc2ccc(Cn3nnc4ncc(-c5cn[nH]c5)nc43)cc2c1
CC(C)C[C@H]1C(=O)N2CCC[C@H]2[C@]2(O)O[C@](NC(=O)[C@@H]3C=C4c5cccc6[nH]c(Br)c(c56)C[C@H]4N(C)C3)(C(C)C)C(=O)N12,1,1,0.8528830028659944,O=C(NC1OC2C3CCCN3C(=O)CN2C1=O)C1C=C2c3cccc4[nH]cc(c34)CC2NC1
Cc1nn2c(c1-c1ccccc1OCc1ccccc1)N(C(=O)Cc1ccc3c(c1)OCO3)CCC2,1,1,0.9335271602188404,O=C(Cc1ccc2c(c1)OCO2)N1CCCn2ncc(-c3ccccc3OCc3ccccc3)c21
Oc1ccc(CNc2ccc(C(F)(F)F)cc2F)c2cccnc12,1,1,0.9192901192598071,c1ccc(NCc2cccc3ncccc23)cc1
Cc1cccc(NCc2ccc(O)c3ncccc23)c1,0,1,0.8481408103978757,c1ccc(NCc2cccc3ncccc23)cc1
Oc1ccc(CNc2ccc(F)cc2F)c2cccnc12,1,1,0.8417721159752705,c1ccc(NCc2cccc3ncccc23)cc1
Oc1ccc(CNc2ccccc2Br)c2cccnc12,0,1,0.8376879872034996,c1ccc(NCc2cccc3ncccc23)cc1
Oc1ccc(CNc2ccccc2C(F)(F)F)c2cccnc12,1,1,0.9170763424086584,c1ccc(NCc2cccc3ncccc23)cc1
Oc1ccc(CNc2cccc(F)c2)c2cccnc12,0,1,0.8162635257484131,c1ccc(NCc2cccc3ncccc23)cc1
Oc1ccc(CNc2ccccc2F)c2cccnc12,1,1,0.82241737827946,c1ccc(NCc2cccc3ncccc23)cc1
O=C1CN(C(=O)CCC(=O)N2CCc3c(nc4cc(-c5ccccc5)[nH]n4c3=O)C2)c2ccccc2N1,0,0,0.26224298857990225,O=C1CN(C(=O)CCC(=O)N2CCc3c(nc4cc(-c5ccccc5)[nH]n4c3=O)C2)c2ccccc2N1
Cn1ncnc1[C@H]1c2n[nH]c(=O)c3cc(F)cc(c23)N[C@@H]1c1ccc(F)cc1,1,1,0.8244908601112209,O=c1[nH]nc2c3c(cccc13)NC(c1ccccc1)C2c1ncn[nH]1
CN1CCc2cc3c(cc2C1)OCO3,1,1,0.9032336332438846,c1c2c(cc3c1OCO3)CNCC2
Cc1nn(CC(=O)NCCCN2CCC(N3CCCCC3)CC2)c(=O)c2cc(-c3ccccc3)nn12,1,1,0.9255654016338871,O=C(Cn1ncn2nc(-c3ccccc3)cc2c1=O)NCCCN1CCC(N2CCCCC2)CC1
Fc1ccc(CNc2nc(-c3ccncc3)nc3ccccc23)cc1F,1,1,0.9646891403680001,c1ccc(CNc2nc(-c3ccncc3)nc3ccccc23)cc1
CC(C)NC(=O)C1CCN(C(=O)c2cc3sccc3n2Cc2ccc(Cl)cc2)CC1,1,1,0.9782895997031493,O=C(c1cc2sccc2n1Cc1ccccc1)N1CCCCC1
CCCc1oc2ccc(NS(=O)(=O)c3ccc(OC)cc3)cc2c1C(=O)OCC,0,1,0.9028067651159797,O=S(=O)(Nc1ccc2occc2c1)c1ccccc1
COc1cc(Cl)cn2c(-c3cccc(NC4CNC4)n3)cnc12,0,1,0.8186692483671428,c1cc(NC2CNC2)nc(-c2cnc3ccccn23)c1
Clc1ccc2ncc(-c3cccc(NC4CNC4)n3)n2c1,1,1,0.8067926253208982,c1cc(NC2CNC2)nc(-c2cnc3ccccn23)c1
CN(C)CCN1C(=O)c2cccc3cc(N)cc(c23)C1=O,1,1,0.8537184764982353,O=C1NC(=O)c2cccc3cccc1c23
O=C1CCc2cc(S(=O)(=O)Nc3ccc(F)c(Cl)c3)c(F)cc2N1,1,1,0.945445514435443,O=C1CCc2cc(S(=O)(=O)Nc3ccccc3)ccc2N1
Cc1cc(NS(=O)(=O)c2ccc3c(c2)CCC(=O)N3)ccc1F,1,1,0.9651663861716951,O=C1CCc2cc(S(=O)(=O)Nc3ccccc3)ccc2N1
O=C1CCc2cc(S(=O)(=O)Nc3ccc(F)c(Cl)c3)ccc2N1,1,1,0.9570343059555598,O=C1CCc2cc(S(=O)(=O)Nc3ccccc3)ccc2N1
Cc1ccc(Cl)cc1NS(=O)(=O)c1cc2c(cc1F)NC(=O)CC2,1,1,0.9536998621170911,O=C1CCc2cc(S(=O)(=O)Nc3ccccc3)ccc2N1
Cc1ccc(NS(=O)(=O)c2cc3c(cc2N[C@H](C)CO)NC(=O)CC3)cc1C,1,1,0.909809259387589,O=C1CCc2cc(S(=O)(=O)Nc3ccccc3)ccc2N1
COc1cc2c(Oc3ccc(-c4cnc(Nc5ccc(F)cc5)n(C)c4=O)cc3F)ccnc2cc1OCCCN1CCOCC1,1,1,0.7085680612484245,O=c1[nH]c(Nc2ccccc2)ncc1-c1ccc(Oc2ccnc3cc(OCCCN4CCOCC4)ccc23)cc1
CC[C@@H](CO)NC(=O)[C@@H]1C=C2c3cccc4c3c(cn4C)C[C@H]2N(C)C1,1,1,0.9534957975688654,C1=C2c3cccc4[nH]cc(c34)CC2NCC1
O=C(Nc1nc(-c2ccccc2)cs1)c1ccncc1NS(=O)(=O)c1cccs1,1,1,0.7129464615577662,O=C(Nc1nc(-c2ccccc2)cs1)c1ccncc1NS(=O)(=O)c1cccs1
O=C(NCCCCc1ccccc1)C1CCN(c2nc(-c3ccc(Br)cc3)cs2)CC1,0,1,0.7012288260907308,O=C(NCCCCc1ccccc1)C1CCN(c2nc(-c3ccccc3)cs2)CC1
O=C(c1cnccn1)N1CCC2(CCCN(C(c3ccccc3)c3ccccc3)C2)CC1,0,1,0.8534718237283662,O=C(c1cnccn1)N1CCC2(CCCN(C(c3ccccc3)c3ccccc3)C2)CC1
COc1ccc(-c2ccc(C(=O)NC3CC(c4cc(=O)[nH]c(N)n4)C3)o2)cc1,1,1,0.8417261401869791,O=C(NC1CC(c2cc(=O)[nH]cn2)C1)c1ccc(-c2ccccc2)o1
Cn1cc(Cl)c(C2N=C(Nc3nc4ccccc4o3)NC3=C2C(=O)CCC3)n1,1,1,0.9722427185897271,O=C1CCCC2=C1C(c1cc[nH]n1)N=C(Nc1nc3ccccc3o1)N2
Cn1cc(Br)c(C2N=C(Nc3nc4ccccc4o3)NC3=C2C(=O)CCC3)n1,1,1,0.9664480314561639,O=C1CCCC2=C1C(c1cc[nH]n1)N=C(Nc1nc3ccccc3o1)N2
COc1ccc2[nH]c(S(=O)Cc3ncc(C)c(OC)c3C)nc2n1,1,1,0.9635181485867217,O=S(Cc1ccccn1)c1nc2ncccc2[nH]1
Cc1ccc(S(=O)(=O)Nc2cnccc2C(=O)Nc2nc(-c3nc4ccccc4s3)cs2)cc1,1,1,0.7670428481712369,O=C(Nc1nc(-c2nc3ccccc3s2)cs1)c1ccncc1NS(=O)(=O)c1ccccc1
COC1C(OC(=O)c2ccc(C)[nH]2)C(O)C(Oc2ccc3c(O)c(NC(=O)c4ccc(O)c(CC=C(C)C)c4)c(=O)oc3c2Cl)OC1(C)C,0,0,0.1827563599022471,O=C(Nc1cc2ccc(OC3CC(OC(=O)c4ccc[nH]4)CCO3)cc2oc1=O)c1ccccc1
CCOc1ccc(-c2nnc(SCC(=O)NCc3ccccc3Cl)o2)cc1,0,1,0.9508884302236816,O=C(CSc1nnc(-c2ccccc2)o1)NCc1ccccc1
CC(O)(C#Cc1ccc2c(c1)N(c1nc(N)ncc1Cl)CC2)c1nccs1,1,1,0.9370212981542144,C(#Cc1ccc2c(c1)N(c1ccncn1)CC2)Cc1nccs1
CCOc1ccc(-c2cn3c(n2)sc2cc(C(=O)NCCCN(CC)CC)ccc23)cc1,1,1,0.898556988524323,c1ccc(-c2cn3c(n2)sc2ccccc23)cc1
Cc1nnc(N2C(=O)c3oc4ccccc4c(=O)c3C2c2ccc(F)cc2)s1,1,1,0.897311300182057,O=C1c2oc3ccccc3c(=O)c2C(c2ccccc2)N1c1nncs1
Cc1cnc(CNc2nc(-c3ccccc3Cl)nc3ccccc23)cn1,1,1,0.9564166484395733,c1ccc(-c2nc(NCc3cnccn3)c3ccccc3n2)cc1
Cc1cnc(CNc2nc(-c3cccc(NS(C)(=O)=O)c3)nc3ccccc23)cn1,1,1,0.8517670813164873,c1ccc(-c2nc(NCc3cnccn3)c3ccccc3n2)cc1
COc1ccccc1-c1nc(NCc2cnc(C)cn2)c2ccccc2n1,1,1,0.9457799658128446,c1ccc(-c2nc(NCc3cnccn3)c3ccccc3n2)cc1
CCC(=O)NC(c1ccc(OC)cc1)c1cc(Cl)c2cccnc2c1O,1,1,0.8595850525148819,c1ccc(Cc2ccc3cccnc3c2)cc1
COc1ccc(C2=Nn3c([n+](C)c4ccccc43)SC2)cc1,0,1,0.8295228935388874,c1ccc(C2=Nn3c([nH+]c4ccccc43)SC2)cc1
Fc1cc(Nc2nc(-c3ccncc3)nc3ccccc23)ccc1-n1cncn1,1,1,0.9534797394960222,c1ccc2c(Nc3ccc(-n4cncn4)cc3)nc(-c3ccncc3)nc2c1
Cc1ccccc1C(=O)N1CCc2cc(-c3nc(NC(=O)Cc4ccc5ccccc5c4)sc3C)ccc21,0,1,0.7406997846889313,O=C(Cc1ccc2ccccc2c1)Nc1nc(-c2ccc3c(c2)CCN3C(=O)c2ccccc2)cs1
N#Cc1nc(-c2cccc3ccccc23)oc1Nc1ccccc1,1,1,0.9681073511359116,c1ccc(Nc2cnc(-c3cccc4ccccc34)o2)cc1
O=C(c1cc2ccccc2[nH]1)N1CCc2c(n(Cc3cccnc3)n(CCc3ccccc3)c2=O)C1,1,1,0.9697672640416632,O=C(c1cc2ccccc2[nH]1)N1CCc2c(n(Cc3cccnc3)n(CCc3ccccc3)c2=O)C1
O=c1cc(N2CCOCC2)oc2c1ccc1ccccc12,1,1,0.901097282603685,O=c1cc(N2CCOCC2)oc2c1ccc1ccccc12
Cc1ccc(S(=O)(=O)Nc2cnccc2C(=O)Nc2nc(-c3ccc(-c4ccccc4)cc3)cs2)cc1,0,0,0.47704776709225627,O=C(Nc1nc(-c2ccc(-c3ccccc3)cc2)cs1)c1ccncc1NS(=O)(=O)c1ccccc1
Cc1cc(C)c(C(=O)Nc2cccc([S+](=O)([O-])N3CCCC3)c2)[nH]1,1,1,0.9060824029510294,O=C(Nc1cccc([SH+](=O)N2CCCC2)c1)c1ccc[nH]1
CC(=O)c1c(C)[nH]c(C(=O)Nc2cccc([S+](=O)([O-])N3CC[C@@H](F)C3)c2)c1C,1,1,0.9030596963933452,O=C(Nc1cccc([SH+](=O)N2CCCC2)c1)c1ccc[nH]1
CN(C)c1cccc(-c2cc(N3CCC(C(N)=O)CC3)ncn2)c1,1,1,0.9796965757951664,c1ccc(-c2cc(N3CCCCC3)ncn2)cc1
CCN(CC)CCCC(C)Nc1cc(/C=C/c2ccccc2Cl)nc2cc(Cl)ccc12,1,1,0.8254606558178783,C(=Cc1ccc2ccccc2n1)c1ccccc1
COc1ccc(C2=Nn3c(nnc3-c3ccncc3)SC2)cc1,1,1,0.9223328903363132,c1ccc(C2=Nn3c(nnc3-c3ccncc3)SC2)cc1
c1ccc(C2=Nn3c(nnc3-c3ccncc3)SC2)cc1,1,1,0.9286904586316885,c1ccc(C2=Nn3c(nnc3-c3ccncc3)SC2)cc1
Clc1ccc(C2=Nn3c(nnc3-c3ccncc3)SC2)cc1,1,1,0.9559107482134306,c1ccc(C2=Nn3c(nnc3-c3ccncc3)SC2)cc1
COc1ccccc1N1CCN(c2ccc3cc(S(=O)(=O)N4CCCCC4)ccc3n2)CC1,1,1,0.9405176558581255,O=S(=O)(c1ccc2nc(N3CCN(c4ccccc4)CC3)ccc2c1)N1CCCCC1
O=C(NCc1ccccc1)C1CCN(c2nc(-c3ccc(Br)cc3)cs2)CC1,1,1,0.8475188266667205,O=C(NCc1ccccc1)C1CCN(c2nc(-c3ccccc3)cs2)CC1
COc1ccc(S(=O)(=O)N(C(=O)C(C)C)c2ccc3oc(=O)sc3c2)cc1,1,1,0.9904297523508062,O=c1oc2ccc(NS(=O)(=O)c3ccccc3)cc2s1
CC(C)COc1ccc(-c2ccc(=O)n(CC(=O)NCCc3ccccc3)n2)cc1,1,1,0.9546404918420873,O=C(Cn1nc(-c2ccccc2)ccc1=O)NCCc1ccccc1
CC(C)Oc1ccc(-c2ccc(=O)n(CC(=O)NCCc3ccccc3)n2)cc1,1,1,0.9461163485289522,O=C(Cn1nc(-c2ccccc2)ccc1=O)NCCc1ccccc1
CC(C)(C)c1ccc(-c2ccc(=O)n(CC(=O)NCCc3ccccc3)n2)cc1,1,1,0.9659167269737106,O=C(Cn1nc(-c2ccccc2)ccc1=O)NCCc1ccccc1
NC(=O)C1CCN(c2nccc(-c3ccc4c(c3)OCCCO4)n2)CC1,1,1,0.9797942456657354,c1cc(-c2ccc3c(c2)OCCCO3)nc(N2CCCCC2)n1
O=C(Nc1nc(-c2ccccc2)cs1)c1ccncc1NS(=O)(=O)c1ccc(-c2ccccc2)cc1,0,0,0.4542531614159797,O=C(Nc1nc(-c2ccccc2)cs1)c1ccncc1NS(=O)(=O)c1ccc(-c2ccccc2)cc1
COc1ccccc1OCCNCC(O)COc1cccc2[nH]c3ccccc3c12,1,1,0.6308309044176488,c1ccc(OCCNCCCOc2cccc3[nH]c4ccccc4c23)cc1
Cc1cc(Nc2ccc(Br)c(C)c2)n2nc(C)nc2n1,1,1,0.9534539430511265,c1ccc(Nc2ccnc3ncnn23)cc1
NC(=O)C1CCN(c2ncc(-c3ccc4c(c3)OCCO4)s2)CC1,1,1,0.9593742794185285,c1cc2c(cc1-c1cnc(N3CCCCC3)s1)OCCO2
CCCCN(CC)CCCNC(=O)c1ccc2c(c1)N(Cc1ccc(C)cc1)C(=O)c1ccccc1S2,1,1,0.8165602429245544,O=C1c2ccccc2Sc2ccccc2N1Cc1ccccc1
N=c1c2ccccc2nnn1-c1ccc(C(F)(F)F)cc1,1,1,0.9702554162134222,N=c1c2ccccc2nnn1-c1ccccc1
Cc1nn2c(c1-c1ccccc1-c1ccccc1)N(CCC(C)C)CCC2,1,1,0.9197536241303267,c1ccc(-c2ccccc2-c2cnn3c2NCCC3)cc1
Cn1cc(Nc2cnccc2C(=O)O)c2cccnc21,0,0,0.08870974999713654,c1cncc(Nc2c[nH]c3ncccc23)c1
CCOC(=O)N1CCN(Cc2nc3c(c(=O)n(C)c(=O)n3C)n2CCC(C)C)CC1,1,1,0.9092487008281387,O=c1[nH]c(=O)c2[nH]c(CN3CCNCC3)nc2[nH]1
COc1cc(Nc2nc(-c3ccncc3)nc3ccccc23)ccc1N1CCN(C)CC1,1,1,0.9665043819471351,c1ccc2c(Nc3ccc(N4CCNCC4)cc3)nc(-c3ccncc3)nc2c1
CN1CCN(c2ccc(Nc3nc(-c4ccncc4)nc4ccccc34)cc2F)CC1,1,1,0.9647549646598513,c1ccc2c(Nc3ccc(N4CCNCC4)cc3)nc(-c3ccncc3)nc2c1
CCOC(=O)c1ccc(-c2ccc3ncnc(NCCc4cnc[nH]4)c3c2)o1,1,1,0.9644477660914168,c1coc(-c2ccc3ncnc(NCCc4cnc[nH]4)c3c2)c1
COc1cccc(N2CCN(c3ncc4c(n3)CCN(Cc3ccc(Br)cc3)C4)CC2)c1,1,1,0.945148460524806,c1ccc(CN2CCc3nc(N4CCN(c5ccccc5)CC4)ncc3C2)cc1
COc1ccc(CN2CCc3nc(N4CCN(c5ccc(F)cc5)CC4)ncc3C2)c(OC)c1OC,1,1,0.950351787408977,c1ccc(CN2CCc3nc(N4CCN(c5ccccc5)CC4)ncc3C2)cc1
Cc1ccc(C(=O)Nc2ccc3oc(-c4cccnc4)nc3c2)cc1[N+](=O)[O-],1,1,0.9167389762204351,O=C(Nc1ccc2oc(-c3cccnc3)nc2c1)c1ccccc1
O=C(Nc1ncccc1O)c1ccc(S(=O)(=O)Nc2ccccc2)cc1,1,1,0.6722396101543882,O=C(Nc1ccccn1)c1ccc(S(=O)(=O)Nc2ccccc2)cc1
O=C1CCCC2=C1C(c1[nH]ncc1Cl)N=C(Nc1nc3cc([S+](=O)([O-])N4CCOCC4)ccc3o1)N2,1,1,0.8338812906240453,O=C1CCCC2=C1C(c1ccn[nH]1)N=C(Nc1nc3cc([SH+](=O)N4CCOCC4)ccc3o1)N2
CC1=C(C(=O)Nc2nncs2)C(c2[nH]ncc2Cl)N=C(Nc2nc3ccccc3o2)N1,1,1,0.8951780746144641,O=C(Nc1nncs1)C1=CNC(Nc2nc3ccccc3o2)=NC1c1ccn[nH]1
COc1ccc(C)cc1Nc1c2c(nc3ccccc13)CCC2,1,1,0.8799603676603412,c1ccc(Nc2c3c(nc4ccccc24)CCC3)cc1
COc1cc(Cl)c(C)cc1Nc1c2c(nc3ccccc13)CCC2,1,1,0.8236490888473592,c1ccc(Nc2c3c(nc4ccccc24)CCC3)cc1
COc1ccc(OC)c(Nc2c3c(nc4ccccc24)CCC3)c1,1,1,0.8838809842668773,c1ccc(Nc2c3c(nc4ccccc24)CCC3)cc1
CNC(=O)C1CCN(C(=O)c2ccc(-c3ncc4cnc(-c5ccccc5)cn34)cc2)CC1,1,1,0.9473614395661252,O=C(c1ccc(-c2ncc3cnc(-c4ccccc4)cn23)cc1)N1CCCCC1
COc1ccc(-n2nc(C3CCCN(C(=O)Cc4ccc(F)cc4)C3)[nH]c2=O)cc1,1,1,0.9346164835644862,O=C(Cc1ccccc1)N1CCCC(c2nn(-c3ccccc3)c(=O)[nH]2)C1
Nc1ccc(-c2cccc3c(=O)cc(N4CCOCC4)oc23)cc1,1,1,0.8833305212594271,O=c1cc(N2CCOCC2)oc2c(-c3ccccc3)cccc12
c1ccc(CNc2nc(NCc3ccccc3)c3ccccc3n2)cc1,1,1,0.9488178376643418,c1ccc(CNc2nc(NCc3ccccc3)c3ccccc3n2)cc1
Clc1cccc(-c2ccc(-c3nnc(CCCc4ccc5cccnc5n4)o3)cc2)c1,1,1,0.9797037351526431,c1ccc(-c2ccc(-c3nnc(CCCc4ccc5cccnc5n4)o3)cc2)cc1
O=C(NC1CCCc2c1cnn2-c1ccc(F)cc1F)c1ccc(C2(C(F)(F)F)N=N2)cc1,0,1,0.6117192146035384,O=C(NC1CCCc2c1cnn2-c1ccccc1)c1ccc(C2N=N2)cc1
N=c1c2c(ncn1-c1ccccc1)Oc1ccc3ccccc3c1C2c1ccc2c(c1)CCO2,1,1,0.825187204513156,N=c1c2c(ncn1-c1ccccc1)Oc1ccc3ccccc3c1C2c1ccc2c(c1)CCO2
COCCNc1ncc(-c2cccc(O)c2)c2c1OCC2,1,1,0.8913305937940236,c1ccc(-c2cncc3c2CCO3)cc1
CC[C@H]1CN(C)[C@H]2Cc3c([nH]c4ccccc34)C(=O)C[C@H]1[C@H]2C(=O)OC,1,1,0.9627568529954449,O=C1CC2CCNC(Cc3c1[nH]c1ccccc31)C2
CCN1CCN(c2ncc3c(n2)CCN(Cc2cc(Br)cs2)C3)CC1,1,1,0.9308510221079123,c1csc(CN2CCc3nc(N4CCNCC4)ncc3C2)c1
CCOc1cc2c(cc1OCC)CN(C(=O)c1cc3sccc3n1Cc1ccccc1)CC2,1,1,0.9001592031159956,O=C(c1cc2sccc2n1Cc1ccccc1)N1CCc2ccccc2C1
Cc1cc(C)nc(NC(=S)N2CCN(c3nccc(C(F)(F)F)n3)CC2)c1,1,1,0.9875856884119644,S=C(Nc1ccccn1)N1CCN(c2ncccn2)CC1
Cc1sc2c(c1C)C(c1ccc(Cl)cc1)=N[C@@H](CC(=O)OC(C)(C)C)c1nnc(C)n1-2,1,1,0.932229608917898,c1ccc(C2=NCc3nncn3-c3sccc32)cc1
CC(=O)Nc1nc(-c2ccc3c(c2)CCN3C(=O)c2ccccc2C)c(C)s1,1,1,0.9707217075665134,O=C(c1ccccc1)N1CCc2cc(-c3cscn3)ccc21
CC[C@H](Nc1ncnc2nc[nH]c12)c1nc2cccc(F)c2c(=O)n1-c1ccccc1,1,1,0.9221376083576878,O=c1c2ccccc2nc(CNc2ncnc3nc[nH]c23)n1-c1ccccc1
COc1cccc(-c2noc(Nc3ccc4c(c3)OCCO4)n2)c1,1,1,0.9588321632622424,c1ccc(-c2noc(Nc3ccc4c(c3)OCCO4)n2)cc1
COc1ncccc1-c1cc2[nH]ccc2c(C(=O)NCc2c(C)cc(C)[nH]c2=O)n1,1,1,0.9069259862211245,O=C(NCc1ccc[nH]c1=O)c1nc(-c2cccnc2)cc2[nH]ccc12
O=C(Cc1ccc(Cl)c(Cl)c1)Nc1ccc(S(=O)(=O)Nc2ccon2)cc1,0,1,0.8218664665866311,O=C(Cc1ccccc1)Nc1ccc(S(=O)(=O)Nc2ccon2)cc1
Cc1cc(NS(=O)(=O)c2ccc(NC(=O)Cc3ccc(Cl)c(F)c3)cc2)no1,1,1,0.8658634030987781,O=C(Cc1ccccc1)Nc1ccc(S(=O)(=O)Nc2ccon2)cc1
Cc1cc(NS(=O)(=O)c2ccc(NC(=O)Cc3ccc(F)c(Cl)c3)cc2)no1,1,1,0.8660208277947553,O=C(Cc1ccccc1)Nc1ccc(S(=O)(=O)Nc2ccon2)cc1
Cc1cc(NS(=O)(=O)c2ccc(N(C)C(=O)Cc3ccc(Cl)c(Cl)c3)cc2)no1,1,1,0.9478275191279489,O=C(Cc1ccccc1)Nc1ccc(S(=O)(=O)Nc2ccon2)cc1
Cc1cc(NS(=O)(=O)c2ccc(NC(=O)Cc3ccc(Cl)c(Cl)c3)cc2)no1,1,1,0.8877277513813325,O=C(Cc1ccccc1)Nc1ccc(S(=O)(=O)Nc2ccon2)cc1
Cc1ccc(-c2nn(C(C)(C)C)c3ncnc(N)c23)cc1,1,1,0.9659898734298947,c1ccc(-c2n[nH]c3ncncc23)cc1
CC(C)(C)n1nc(-c2ccc(Cl)cc2)c2c(N)ncnc21,1,1,0.9757511683284603,c1ccc(-c2n[nH]c3ncncc23)cc1
COc1cccc(C(=O)Nc2ccc3oc(-c4ccc5ccccc5c4)nc3c2)c1,1,1,0.6837797709216245,O=C(Nc1ccc2oc(-c3ccc4ccccc4c3)nc2c1)c1ccccc1
Fc1cc(Nc2nc(-c3ccncc3)nc3ccccc23)ccc1-c1cn[nH]c1,1,1,0.9283808053313551,c1ccc2c(Nc3ccc(-c4cn[nH]c4)cc3)nc(-c3ccncc3)nc2c1
N[C@H]1CN(c2c(F)cc3c(=O)c(C(=O)O)cn(C4C[C@@H]4F)c3c2Cl)CC12CC2,0,0,0.29119715147974157,O=c1ccn(C2CC2)c2cc(N3CCC4(CC4)C3)ccc12
CC(C)c1nc(CN(C)C(=O)N[C@H](C(=O)N[C@@H](Cc2ccccc2)C[C@H](O)[C@H](Cc2ccccc2)NC(=O)OCc2cncs2)C(C)C)cs1,1,1,0.6403752222809759,O=C(CNC(=O)NCc1cscn1)NC(CCC(Cc1ccccc1)NC(=O)OCc1cncs1)Cc1ccccc1
CCC[C@@H]1CN(C(=O)c2ccc(-c3ccc(C)o3)cc2)C[C@H]1NC(C)=O,1,1,0.9832174715089256,O=C(c1ccc(-c2ccco2)cc1)N1CCCC1
CCN1C(=O)c2ccccc2S(=O)c2ccc(NC(=O)Cc3ccc(F)cc3)cc21,1,1,0.9704442028116741,O=C(Cc1ccccc1)Nc1ccc2c(c1)NC(=O)c1ccccc1S2=O
CCN1C(=O)c2ccccc2S(=O)c2ccc(NC(=O)Cc3ccc(OC)cc3)cc21,1,1,0.9778313786574674,O=C(Cc1ccccc1)Nc1ccc2c(c1)NC(=O)c1ccccc1S2=O
Cc1cc(F)ccc1-c1nc(NCCN=C(N)NC#N)nc2c1ccc(=O)n2-c1c(F)cccc1F,0,1,0.6596555651739361,O=c1ccc2c(-c3ccccc3)ncnc2n1-c1ccccc1
Cc1cccc(-n2cnc3cc(C(=O)N4CCCCCC4)ccc32)c1,1,1,0.9759352239397002,O=C(c1ccc2c(c1)ncn2-c1ccccc1)N1CCCCCC1
CC(=O)N[C@H]1CN(C2CCN(c3ccc(F)cc3C)CC2)C[C@@H]1C1CC1,1,1,0.8924129253482511,c1ccc(N2CCC(N3CCC(C4CC4)C3)CC2)cc1
O=C1CCCC2=C1C(c1ccncc1Br)N=C(Nc1nc3ccccc3o1)N2,1,1,0.9520699554091426,O=C1CCCC2=C1C(c1ccncc1)N=C(Nc1nc3ccccc3o1)N2
O=C1CCCC2=C1C(c1ccncc1Cl)N=C(Nc1nc3ccccc3o1)N2,1,1,0.9649978381631088,O=C1CCCC2=C1C(c1ccncc1)N=C(Nc1nc3ccccc3o1)N2
CNc1nc(-c2ccc3c(N)n[nH]c3c2)cc(N2C[C@@H](C(=O)NC3CCCCC3)CC[C@@H]2C)n1,1,1,0.803511536863596,O=C(NC1CCCCC1)C1CCCN(c2cc(-c3ccc4cn[nH]c4c3)ncn2)C1
O=C(NCCc1ccccn1)C1CC(=O)N(c2n[nH]c3cc(Br)ccc23)C1,0,1,0.7146528156309067,O=C(NCCc1ccccn1)C1CC(=O)N(c2n[nH]c3ccccc23)C1
CCOc1ccc(CCNC(=O)c2cc3sccc3n2Cc2ccncc2)cc1OCC,1,1,0.9305072936023577,O=C(NCCc1ccccc1)c1cc2sccc2n1Cc1ccncc1
Cc1ccccc1C(=O)N1CCc2cc(-c3nc(NC(=O)Cc4ccc5c(c4)OCCO5)sc3C)ccc21,1,1,0.7552279702434372,O=C(Cc1ccc2c(c1)OCCO2)Nc1nc(-c2ccc3c(c2)CCN3C(=O)c2ccccc2)cs1
CN(C(=O)COC(=O)c1csc(NCc2ccccc2)n1)c1ccccc1,1,1,0.9448710602831061,O=C(COC(=O)c1csc(NCc2ccccc2)n1)Nc1ccccc1
O=C(Nc1nnc(-c2ccco2)o1)c1ccc(Cl)cc1,1,1,0.9616104975370472,O=C(Nc1nnc(-c2ccco2)o1)c1ccccc1
N#Cc1cccc(-c2nccc(-n3ccnc3)n2)c1,1,1,0.9635756128877618,c1ccc(-c2nccc(-n3ccnc3)n2)cc1
CS(=O)(=O)Nc1cccc(-c2nccc(-n3ccnc3)n2)c1,1,1,0.9127219209614695,c1ccc(-c2nccc(-n3ccnc3)n2)cc1
Clc1ccccc1-c1nccc(-n2ccnc2)n1,1,1,0.9642991164705265,c1ccc(-c2nccc(-n3ccnc3)n2)cc1
O=C(c1cnc(N2CCCCC2)c2ccccc12)N1CCN(c2ccc(Cl)cc2)CC1,1,1,0.9878118159784128,O=C(c1cnc(N2CCCCC2)c2ccccc12)N1CCN(c2ccccc2)CC1
Cc1ncc2c(c1CNC(=O)Cn1cnc3ccccc3c1=O)CCNC2,1,1,0.7990556668358375,O=C(Cn1cnc2ccccc2c1=O)NCc1cncc2c1CCNC2
COc1cc2c(cc1-c1c(C)noc1C)ncc1[nH]c(=O)n([C@H](C)c3ccccn3)c12,1,1,0.952113380738397,O=c1[nH]c2cnc3cc(-c4cnoc4)ccc3c2n1Cc1ccccn1
CN1CCN(c2ccc(Nc3c4ccccc4nc4ccccc34)cc2)CC1,1,1,0.9616803380311608,c1ccc2c(Nc3ccc(N4CCNCC4)cc3)c3ccccc3nc2c1
Cn1ccc2cc(-c3csc(N4CCC(C(N)=O)CC4)n3)ccc21,1,1,0.9535430084861233,c1cc2cc(-c3csc(N4CCCCC4)n3)ccc2[nH]1
COc1ccc(CCNC(=O)Cn2c(=O)c3cccn3c3ccc(F)cc32)cc1OC,1,1,0.9795907875278074,O=C(Cn1c(=O)c2cccn2c2ccccc21)NCCc1ccccc1
COC(=O)CNC(=O)c1nc(-c2ccc([S+](C)(=O)[O-])cc2)c2ccccn12,1,1,0.8506148862248767,c1ccc(-c2ncn3ccccc23)cc1
COC(=O)CNC(=O)c1nc(-c2ccc(F)cc2)c2ccccn12,1,1,0.9442135832233655,c1ccc(-c2ncn3ccccc23)cc1
C#CCNC(=O)c1nc(-c2ccc([S+](C)(=O)[O-])cc2)c2ccccn12,1,1,0.8025825211846835,c1ccc(-c2ncn3ccccc23)cc1
COC(=O)CNC(=O)c1nc(-c2ccccc2OC)c2ccccn12,1,1,0.941075683257609,c1ccc(-c2ncn3ccccc23)cc1
CCc1[nH]c2ccc(CNC(=O)Cc3cnc4c(C)cccn34)cc2c1C,1,1,0.9546060450272312,O=C(Cc1cnc2ccccn12)NCc1ccc2[nH]ccc2c1
NC(=O)C1CCN(c2nc(-c3cccc4ccccc34)cs2)CC1,1,1,0.9523925058642375,c1ccc2c(-c3csc(N4CCCCC4)n3)cccc2c1
O=C(N/N=C/c1ccc(Sc2ccccn2)o1)c1ccncc1,1,1,0.9891971306975096,O=C(NN=Cc1ccc(Sc2ccccn2)o1)c1ccncc1
Cc1ccccc1C(C(=O)NC1CCCC1)N(C(=O)Cn1cnc2ccccc21)c1cccc(F)c1,1,1,0.8677659816533927,O=C(NC1CCCC1)C(c1ccccc1)N(C(=O)Cn1cnc2ccccc21)c1ccccc1
OC1(c2ccc(Cl)cc2)CCN(Cc2c[nH]c3ccccc23)CC1,1,1,0.9666228724593926,c1ccc(C2CCN(Cc3c[nH]c4ccccc34)CC2)cc1
Cc1nnc(-c2ccccc2C(C)C)nc1NCc1ccc(-c2cccnc2)cc1,1,1,0.9649090810414834,c1ccc(-c2nncc(NCc3ccc(-c4cccnc4)cc3)n2)cc1
Cc1c(-c2cccc(NC(=O)c3ccc(F)c(F)c3)c2)nc2ncccn12,1,1,0.9192915427071185,O=C(Nc1cccc(-c2cn3cccnc3n2)c1)c1ccccc1
Cc1cccc(C)c1NC(=O)c1nc(SC(C)C)ncc1Cl,1,1,0.9742614333624182,O=C(Nc1ccccc1)c1ccncn1
CSc1ncc(Cl)c(C(=O)Nc2c(C)cccc2C)n1,1,1,0.9710634018433888,O=C(Nc1ccccc1)c1ccncn1
CCCc1cc(C)[nH]c(=O)c1CNC(=O)c1cc(-c2ccnc(N3CCN(C)CC3)c2)cc2c1cnn2C(C)C,1,1,0.7778493738710067,O=C(NCc1ccc[nH]c1=O)c1cc(-c2ccnc(N3CCNCC3)c2)cc2[nH]ncc12
Cc1cc(C)cc(NS(=O)(=O)c2ccc3[nH]cc(C(=O)NCc4ccco4)c(=O)c3c2)c1,0,1,0.6788230544978667,O=C(NCc1ccco1)c1c[nH]c2ccc(S(=O)(=O)Nc3ccccc3)cc2c1=O
CN(C)CCCN1c2ccc(O)cc2Sc2ccc(Cl)cc21,1,1,0.9591548113981847,c1ccc2c(c1)Nc1ccccc1S2
COc1ccc2c(c1)N(C[C@H](C)CN(C)C)c1ccccc1S2,1,1,0.964992472572076,c1ccc2c(c1)Nc1ccccc1S2
Cn1c(CN2CCCC2)nc2cc(NC(=O)COc3ccc(Cl)cc3)ccc21,1,1,0.8746342793544929,O=C(COc1ccccc1)Nc1ccc2[nH]c(CN3CCCC3)nc2c1
Cn1c(=O)c2c(nc(Cl)n2Cc2ccc(Cl)cc2)n(C)c1=O,1,1,0.9168704148206669,O=c1[nH]c(=O)c2c(ncn2Cc2ccccc2)[nH]1
CCOc1cc2ncc(C#N)c(Nc3ccc(OCc4ccccn4)c(Cl)c3)c2cc1NC(=O)C=CCN(C)C,0,0,0.45661084873925323,c1ccc(COc2ccc(Nc3ccnc4ccccc34)cc2)nc1
N=c1c2c(n(Cc3ccccc3)c3c1CCC3)CCC2,0,1,0.7678673000158961,N=c1c2c(n(Cc3ccccc3)c3c1CCC3)CCC2
Nc1cc(CN2C(=O)c3ccccc3C2=O)cc(Cl)c1O,1,1,0.8380425054757784,O=C1c2ccccc2C(=O)N1Cc1ccccc1
O=C1Nc2ccccc2/C1=C\c1cc(Br)c(O)c(Br)c1,1,1,0.8977164326602787,O=C1Nc2ccccc2C1=Cc1ccccc1
Cc1cccc2c1NC(=O)/C2=C/c1cc(Cl)c(O)c(Cl)c1,1,1,0.9308034754205311,O=C1Nc2ccccc2C1=Cc1ccccc1
O=C1Nc2ccccc2/C1=C\c1ccc([N+](=O)[O-])cc1,1,1,0.9736498037828499,O=C1Nc2ccccc2C1=Cc1ccccc1
O=C1Nc2ccccc2/C1=C\c1ccc(O)c(F)c1,1,1,0.9035104672790016,O=C1Nc2ccccc2C1=Cc1ccccc1
Cc1cc(/C=C2/C(=O)Nc3ccccc32)cc(C)c1O,1,1,0.9566159353724772,O=C1Nc2ccccc2C1=Cc1ccccc1
O=C1Nc2ccc(I)cc2C1=Cc1cc(Br)c(O)c(Br)c1,1,1,0.8477281775403043,O=C1Nc2ccccc2C1=Cc1ccccc1
O=C1Nc2ccccc2/C1=C\c1ccc(O)cc1,1,1,0.9234865538280015,O=C1Nc2ccccc2C1=Cc1ccccc1
O=C1Nc2ccccc2/C1=C\c1cc(F)c(O)c(F)c1,1,1,0.8814055388197105,O=C1Nc2ccccc2C1=Cc1ccccc1
COc1ccc(/C=C2/C(=O)Nc3ccccc32)cc1O,1,1,0.9182860058283538,O=C1Nc2ccccc2C1=Cc1ccccc1
O=C1Nc2ccccc2/C1=C/c1cccc(C(=O)O)c1,0,0,0.4336457525310465,O=C1Nc2ccccc2C1=Cc1ccccc1
O=C1Nc2c(Cl)cccc2/C1=C\c1cc(Cl)c(O)c(Cl)c1,1,1,0.9584502105025912,O=C1Nc2ccccc2C1=Cc1ccccc1
O=C1Nc2cc(Cl)ccc2/C1=C\c1cc(Cl)c(O)c(Cl)c1,1,1,0.9588337942701703,O=C1Nc2ccccc2C1=Cc1ccccc1
O=C1Nc2ccc(Cl)cc2/C1=C\c1cc(Cl)c(O)c(Cl)c1,1,1,0.9583119832611201,O=C1Nc2ccccc2C1=Cc1ccccc1
O=C1Nc2cccc(Cl)c2/C1=C\c1cc(Cl)c(O)c(Cl)c1,1,1,0.9574191901714364,O=C1Nc2ccccc2C1=Cc1ccccc1
O=C1Nc2ccccc2/C1=C/c1cc(Cl)c(O)c(Cl)c1,1,1,0.921215610399009,O=C1Nc2ccccc2C1=Cc1ccccc1
Cc1ccc2c(c1)/C(=C\c1cc(Cl)c(O)c(Cl)c1)C(=O)N2,1,1,0.9320930638651301,O=C1Nc2ccccc2C1=Cc1ccccc1
O=C1Nc2ccccc2/C1=C\c1ccc(C(=O)O)cc1,0,0,0.4358019458402868,O=C1Nc2ccccc2C1=Cc1ccccc1
COc1cc(/C=C2\C(=O)Nc3ccccc32)ccc1O,1,1,0.919006923429091,O=C1Nc2ccccc2C1=Cc1ccccc1
O=C1Nc2ccccc2/C1=C\c1ccc(O)c(Cl)c1,1,1,0.9361934243285357,O=C1Nc2ccccc2C1=Cc1ccccc1
O=c1[nH]cnc2nc[nH]c12,0,0,0.16587486986339214,O=c1[nH]cnc2nc[nH]c12
Cc1cc(C)c(C(=O)Nc2cccc([S+](=O)([O-])N3CCCCC3)c2)[nH]1,1,1,0.9463773402085444,O=C(Nc1cccc([SH+](=O)N2CCCCC2)c1)c1ccc[nH]1
CC(=O)c1c(C)[nH]c(C(=O)Nc2cccc([S+](=O)([O-])N3CCC(F)(F)CC3)c2)c1C,1,1,0.9645603561631217,O=C(Nc1cccc([SH+](=O)N2CCCCC2)c1)c1ccc[nH]1
CC1=C(C(=O)Nc2ccccc2)C(c2ccc[nH]2)n2ncnc2N1,1,1,0.8030523390651533,O=C(Nc1ccccc1)C1=CNc2ncnn2C1c1ccc[nH]1
Cc1ccnc(NC(=S)N2CCC(c3cccc(C(F)(F)F)c3)CC2)c1,1,1,0.9790064192142454,S=C(Nc1ccccn1)N1CCC(c2ccccc2)CC1
Cc1ccc(-n2nc3c(N4CCCC(C(=O)NCc5ccccc5C)C4)nnc(C)c3c2C)cc1,1,1,0.9792907676483873,O=C(NCc1ccccc1)C1CCCN(c2nncc3cn(-c4ccccc4)nc23)C1
CCCCc1ccc(NC(=O)c2ccc3c(c2)N(S(C)(=O)=O)CC3)cc1,1,1,0.9479817705719463,O=C(Nc1ccccc1)c1ccc2c(c1)NCC2
CCCN1C(CC(C)C)=NS(=O)(=O)c2cc(NC(=O)c3cccs3)ccc21,1,1,0.9295792425302299,O=C(Nc1ccc2c(c1)S(=O)(=O)N=CN2)c1cccs1
Cc1c(Cl)cccc1-n1ncc(C(=O)Nc2ccc(Br)cc2F)c1C1CCNCC1,1,1,0.910582523660865,O=C(Nc1ccccc1)c1cnn(-c2ccccc2)c1C1CCNCC1
COc1cccc(CNc2ccc(C(=O)Nc3nccs3)cc2)c1O,1,1,0.8135368143030552,O=C(Nc1nccs1)c1ccc(NCc2ccccc2)cc1
Cc1cc(NC(=O)c2ccc(NC(=O)Cc3ccc(Cl)c(Cl)c3)cc2)no1,1,1,0.9435190164750106,O=C(Cc1ccccc1)Nc1ccc(C(=O)Nc2ccon2)cc1
COC(=O)c1ccc(NS(=O)(=O)c2c(C)nc3sccn3c2=O)cc1,1,1,0.6935847552642092,O=c1c(S(=O)(=O)Nc2ccccc2)cnc2sccn12
COc1cc(Cl)c(C)cc1NS(=O)(=O)c1c(C)nc2sccn2c1=O,1,1,0.725874278881442,O=c1c(S(=O)(=O)Nc2ccccc2)cnc2sccn12
CCN(c1ccccc1)S(=O)(=O)c1c(C)nc2scc(C)n2c1=O,1,1,0.9307461992214743,O=c1c(S(=O)(=O)Nc2ccccc2)cnc2sccn12
CN(C)c1cccc(-c2cnc(N3CCC(c4ncc[nH]4)CC3)s2)c1,1,1,0.9389903327500269,c1ccc(-c2cnc(N3CCC(c4ncc[nH]4)CC3)s2)cc1
CCc1nc2c(sc3nc4c(cc32)COC(C)(C)C4)c(=O)n1Cc1ccco1,1,1,0.9859979350623267,O=c1c2sc3nc4c(cc3c2ncn1Cc1ccco1)COCC4
CCOc1ccc(CCNC(=O)c2cc3sccc3n2Cc2ccccn2)cc1OCC,1,1,0.932180701058732,O=C(NCCc1ccccc1)c1cc2sccc2n1Cc1ccccn1
COc1ccc(-n2nc(C3CCN(C(=O)Cc4ccc(F)cc4)CC3)[nH]c2=O)cc1,1,1,0.9349833061404587,O=C(Cc1ccccc1)N1CCC(c2nn(-c3ccccc3)c(=O)[nH]2)CC1
Cc1ccc2nc(-c3cc(NC(=O)c4ccc5c(c4)OCCO5)ccc3Cl)oc2c1,1,1,0.8490247591257352,O=C(Nc1cccc(-c2nc3ccccc3o2)c1)c1ccc2c(c1)OCCO2
C=C[C@@]1(C)C[C@H](OC(=O)CSC(C)(C)CNC(=O)[C@@H](N)C(C)C)[C@@]2(C)C(C)CC[C@@]3(CCC(=O)[C@@H]32)[C@H](C)[C@H]1O,1,1,0.8728194740386538,O=C1CCC23CCCCCC(CCC2)C13
COC(=N)c1nc2ccc3ncnc(Nc4ccc(F)cc4Br)c3c2s1,1,1,0.9692075847164461,c1ccc(Nc2ncnc3ccc4ncsc4c23)cc1
O=C(Nc1ccc(Oc2ccnc3[nH]ccc23)c(F)c1)c1cccn(-c2ccc(F)cc2)c1=O,1,1,0.8736596052315151,O=C(Nc1ccc(Oc2ccnc3[nH]ccc23)cc1)c1cccn(-c2ccccc2)c1=O
CN1Cc2c(cc(N3CCOCC3)nc2-c2ccccc2OC(F)(F)F)C1=O,1,1,0.9312056005361578,O=C1NCc2c1cc(N1CCOCC1)nc2-c1ccccc1
COc1ccc(NC2=C(c3ccc(C(F)(F)F)cc3)C(=O)c3ccccc32)cc1,1,1,0.5358088625823388,O=C1C(c2ccccc2)=C(Nc2ccccc2)c2ccccc21
Cc1ccc(C)c(NC2=C(c3ccc(C(F)(F)F)cc3)C(=O)c3ccccc32)c1,0,0,0.29169011100476727,O=C1C(c2ccccc2)=C(Nc2ccccc2)c2ccccc21
Cc1ccc(NC2=C(c3ccc(C(F)(F)F)cc3)C(=O)c3ccccc32)cc1F,0,0,0.2675577173130575,O=C1C(c2ccccc2)=C(Nc2ccccc2)c2ccccc21
CCOc1ccccc1C(=O)Nc1ccncc1C(=O)Nc1cccc(S(=O)(=O)C(F)(F)F)c1,1,1,0.745398591207055,O=C(Nc1ccncc1C(=O)Nc1ccccc1)c1ccccc1
COc1cc(N2CCC(N3CCN(C)CC3)CC2)ccc1Nc1ncc(Cl)c(Nc2ccccc2P(C)(C)=O)n1,1,1,0.9767747982862515,c1ccc(Nc2ccnc(Nc3ccc(N4CCC(N5CCNCC5)CC4)cc3)n2)cc1
COC(=O)c1ccc(O)c2ncc(N3CCN(C)CC3)cc12,1,1,0.8222033501236921,c1ccc2ncc(N3CCNCC3)cc2c1
COc1ccc(-n2nc(C3CCCN(C(=O)c4ccccc4F)C3)[nH]c2=O)cc1,1,1,0.933794098042424,O=C(c1ccccc1)N1CCCC(c2nn(-c3ccccc3)c(=O)[nH]2)C1
COc1ccc(-n2nc(C3CCCN(C(=O)c4cccc(OC)c4)C3)[nH]c2=O)cc1,1,1,0.9309988370423464,O=C(c1ccccc1)N1CCCC(c2nn(-c3ccccc3)c(=O)[nH]2)C1
COc1ccc(C(=O)N2CCCC(c3nn(-c4ccc(OC)cc4)c(=O)[nH]3)C2)cc1,1,1,0.9309072430214321,O=C(c1ccccc1)N1CCCC(c2nn(-c3ccccc3)c(=O)[nH]2)C1
COc1ccc(-n2nc(C3CCCN(C(=O)c4ccccc4)C3)[nH]c2=O)cc1,0,1,0.9329549314168842,O=C(c1ccccc1)N1CCCC(c2nn(-c3ccccc3)c(=O)[nH]2)C1
COc1ccc(-n2nc(C3CCCN(C(=O)c4ccc(C)cc4)C3)[nH]c2=O)cc1,1,1,0.9391355195565003,O=C(c1ccccc1)N1CCCC(c2nn(-c3ccccc3)c(=O)[nH]2)C1
S=c1[nH]c2ccccc2n1CCc1ccccc1,1,1,0.9651737168640339,S=c1[nH]c2ccccc2n1CCc1ccccc1
Cc1noc(C)c1-c1ccc2ncnc(NCc3ccc4[nH]ccc4c3)c2c1,1,1,0.9486172677862422,c1nc(NCc2ccc3[nH]ccc3c2)c2cc(-c3cnoc3)ccc2n1
Cc1ccc(S(=O)(=O)Nc2cnccc2C(=O)Nc2nc(-c3cnn(C)c3)cs2)cc1,1,1,0.8094869369369374,O=C(Nc1nc(-c2cn[nH]c2)cs1)c1ccncc1NS(=O)(=O)c1ccccc1
CCOc1ccc(OCC)c(NC(=O)C(NS(=O)(=O)c2ccc(Br)s2)c2ccccc2)c1,0,1,0.5699267809907782,O=C(Nc1ccccc1)C(NS(=O)(=O)c1cccs1)c1ccccc1
Cc1cc(Br)ccc1NC(=O)C(NS(=O)(=O)c1cccs1)c1ccccc1,0,1,0.7810211003040232,O=C(Nc1ccccc1)C(NS(=O)(=O)c1cccs1)c1ccccc1
CCN(C(=O)C(NS(=O)(=O)c1ccc(Br)s1)c1ccccc1)c1ccc(C)c(C)c1,1,1,0.9088664421627571,O=C(Nc1ccccc1)C(NS(=O)(=O)c1cccs1)c1ccccc1
CC(=O)Nc1ccc(NC(=O)C(NS(=O)(=O)c2ccc(Br)s2)c2ccccc2)cc1,1,1,0.6444448042144317,O=C(Nc1ccccc1)C(NS(=O)(=O)c1cccs1)c1ccccc1
O=C(Nc1ccc(Cl)cc1)C(NS(=O)(=O)c1cccs1)c1ccccc1,0,1,0.816810293666559,O=C(Nc1ccccc1)C(NS(=O)(=O)c1cccs1)c1ccccc1
C#Cc1ccc(NC(=O)c2cnn3c(C)cc(C)nc23)cc1,1,1,0.952034811096323,O=C(Nc1ccccc1)c1cnn2cccnc12
COCCNC(=O)c1ccc(Cn2c(=S)[nH]c3cc4c(cc3c2=O)OCO4)cc1,1,1,0.9653271258350992,O=c1c2cc3c(cc2[nH]c(=S)n1Cc1ccccc1)OCO3
CC(C)(C)C1CCc2[nH]c3ccccc3c(=O)c2C1,1,1,0.949160873220905,O=c1c2c([nH]c3ccccc13)CCCC2
O=c1c2c([nH]c3ccc(Br)cc13)CCCC2,1,1,0.8810571566659979,O=c1c2c([nH]c3ccccc13)CCCC2
Cc1nc(-c2ccccc2)cc([C@H]2CN3CC[C@H]2C[C@@H]3CNC2CCOCC2)n1,1,1,0.9713168572497995,c1ccc(-c2cc(C3CN4CCC3CC4CNC3CCOCC3)ncn2)cc1
CC(=O)Nc1cccc(-c2csc(Nc3cc(C)ccn3)n2)c1,1,1,0.8728937957326635,c1ccc(-c2csc(Nc3ccccn3)n2)cc1
Cc1ccccc1NC(=O)Nc1cccs1,1,1,0.9311014416398664,O=C(Nc1ccccc1)Nc1cccs1
Cc1cn(CCN2CCN(c3ccccc3-c3cc(C#N)cc(C(=O)NCCCN4CCCC4)c3)CC2)c2ccccc12,0,1,0.6157620920224836,O=C(NCCCN1CCCC1)c1cccc(-c2ccccc2N2CCN(CCn3ccc4ccccc43)CC2)c1
O=C(C=Cc1cccnc1)NCCCCC1CCN(C(=O)c2ccccc2)CC1,1,1,0.9817451065233502,O=C(C=Cc1cccnc1)NCCCCC1CCN(C(=O)c2ccccc2)CC1
CC(NCc1ccc2c(c1)nc(NC(=O)c1ccc(-c3cn[nH]c3)s1)n2CC(C)(C)O)C(C)(C)C,1,1,0.9024465033311693,O=C(Nc1nc2ccccc2[nH]1)c1ccc(-c2cn[nH]c2)s1
COc1ccc(-c2ccc3ncc(Nc4cccnc4OC)n3n2)cn1,1,1,0.9806983195414827,c1cncc(Nc2cnc3ccc(-c4cccnc4)nn23)c1
O=C(NC1CCCCC1)N1Cc2[nH]cnc2C[C@H]1c1nc(-c2cccc([N+](=O)[O-])c2)no1,1,1,0.9666783633753181,O=C(NC1CCCCC1)N1Cc2[nH]cnc2CC1c1nc(-c2ccccc2)no1
COc1ccc(-c2noc([C@@H]3Cc4nc[nH]c4CN3C(=O)NC3CCCCC3)n2)cc1,1,1,0.9605046447399107,O=C(NC1CCCCC1)N1Cc2[nH]cnc2CC1c1nc(-c2ccccc2)no1
Cc1ccc(S(=O)(=O)Nc2cnccc2C(=O)Nc2nc(-c3ccc4c(c3)CCCC4)cs2)cc1,1,1,0.6706570139530127,O=C(Nc1nc(-c2ccc3c(c2)CCCC3)cs1)c1ccncc1NS(=O)(=O)c1ccccc1
O=S(=O)(Nc1cccc2ccncc12)c1ccc(NCc2cccc(Cl)c2O)cc1,1,1,0.8859660432650086,O=S(=O)(Nc1cccc2ccncc12)c1ccc(NCc2ccccc2)cc1
COc1cccc(CNc2ccc(S(=O)(=O)Nc3cccc4ccncc34)cc2)c1O,1,1,0.8942601748376074,O=S(=O)(Nc1cccc2ccncc12)c1ccc(NCc2ccccc2)cc1
COc1cccc(CNc2ccc(S(=O)(=O)Nc3cccc4ccccc34)cc2)c1O,0,1,0.6777504331901889,O=S(=O)(Nc1cccc2ccccc12)c1ccc(NCc2ccccc2)cc1
Cc1cc(NS(=O)(=O)c2ccc(C(=O)NCc3ccc(Cl)c(Cl)c3)cc2)no1,1,1,0.8568445661807933,O=C(NCc1ccccc1)c1ccc(S(=O)(=O)Nc2ccon2)cc1
Cc1cnc(N2CCC(C(N)=O)CC2)nc1-c1cccc(N(C)C)c1,1,1,0.982098760639627,c1ccc(-c2ccnc(N3CCCCC3)n2)cc1
CC(C)Oc1cccc(-c2ccnc(N3CCC(C(N)=O)CC3)n2)c1,1,1,0.9791530588034342,c1ccc(-c2ccnc(N3CCCCC3)n2)cc1
Cc1ccc(-c2ccnc(N3CCC(C(N)=O)CC3)n2)cc1,1,1,0.9785288663781044,c1ccc(-c2ccnc(N3CCCCC3)n2)cc1
NC(=O)C1CCN(c2nccc(-c3ccc(Br)cc3)n2)CC1,1,1,0.9708645715491685,c1ccc(-c2ccnc(N3CCCCC3)n2)cc1
CN(C)c1cccc(-c2ccnc(N3CCC(C(N)=O)CC3)n2)c1,1,1,0.9815687875082753,c1ccc(-c2ccnc(N3CCCCC3)n2)cc1
CN(C)c1cccc(-c2nc(N3CCC(C(N)=O)CC3)ncc2F)c1,1,1,0.9828814768281526,c1ccc(-c2ccnc(N3CCCCC3)n2)cc1
CCOC(=O)C1CCN(C(=O)C2(NC(=O)Nc3ccccc3Cl)CCC2)CC1,1,1,0.970459057194401,O=C(Nc1ccccc1)NC1(C(=O)N2CCCCC2)CCC1
O=c1cc(CSc2ccc(Cl)cc2)nc(-c2ccccn2)[nH]1,1,1,0.9658026540227348,O=c1cc(CSc2ccccc2)nc(-c2ccccn2)[nH]1
O=C(NC1CCCc2c1[nH]c1c(Cl)cccc21)c1ccc2c(c1)OCO2,1,1,0.9614331198084684,O=C(NC1CCCc2c1[nH]c1ccccc21)c1ccc2c(c1)OCO2
CN[C@@H](C)C(=O)N[C@@H]1C(=O)N(Cc2c(C)ccc3ccccc23)c2ccc(C#N)cc2N(C(C)=O)[C@H]1C,1,1,0.7815091680571846,O=C1CCNc2ccccc2N1Cc1cccc2ccccc12
O=C1CCCC2=C1C(c1ncccc1Br)N=C(Nc1nc3ccccc3o1)N2,1,1,0.9565953629042054,O=C1CCCC2=C1C(c1ccccn1)N=C(Nc1nc3ccccc3o1)N2
Cc1ccc(S(=O)(=O)Nc2cnccc2C(=O)Nc2ccc(S(=O)(=O)Nc3nccs3)cc2)cc1,0,0,0.3023043802857192,O=C(Nc1ccc(S(=O)(=O)Nc2nccs2)cc1)c1ccncc1NS(=O)(=O)c1ccccc1
Cc1cc(C)c(CNC(=O)c2nc(-c3cccc(CO)c3)cc3c2ccn3C)c(=O)[nH]1,1,1,0.9032945993843442,O=C(NCc1ccc[nH]c1=O)c1nc(-c2ccccc2)cc2[nH]ccc12
CC(=O)NCc1ccc(-c2csc(Nc3cc(C)cc(C)c3)n2)o1,1,1,0.9311472640084806,c1ccc(Nc2nc(-c3ccco3)cs2)cc1
CC(=O)NCc1ccc(-c2csc(Nc3cccc(C)c3)n2)o1,1,1,0.9292957814107148,c1ccc(Nc2nc(-c3ccco3)cs2)cc1
CC(C)(C)c1ccc(S(=O)(=O)N2CCC(c3ccncc3)CC2)cc1,1,1,0.9876573678601238,O=S(=O)(c1ccccc1)N1CCC(c2ccncc2)CC1
O=C(Nc1ccc(C(=O)N2CCCC2)cc1)c1ccccc1F,1,1,0.9652749803966985,O=C(Nc1ccc(C(=O)N2CCCC2)cc1)c1ccccc1
CC[C@@]1(O)C(=O)OCc2c1cc1n(c2=O)Cc2c-1nc1cc(F)c(C)c3c1c2[C@@H](N)CC3,1,1,0.7977052940374572,O=C1Cc2cc3n(c(=O)c2CO1)Cc1c-3nc2cccc3c2c1CCC3
O=C(O)c1c(Sc2ccccc2)c2cc(Cl)ccc2n1Cc1ccc(Cl)cc1,1,1,0.8392829590679609,c1ccc(Cn2cc(Sc3ccccc3)c3ccccc32)cc1
CC(C)(C)OC(=O)N[C@@H](Cc1ccc(OS(=O)(=O)c2cccc3cnccc23)cc1)C(=O)N1CCCN(C(=O)OC(C)(C)C)CC1,1,1,0.9940924045085593,O=C(CCc1ccc(OS(=O)(=O)c2cccc3cnccc23)cc1)N1CCCNCC1
CCOc1ccc(CCNC(=O)c2cc3cnccc3n2Cc2cccc(C)c2)cc1OCC,1,1,0.9035092997126539,O=C(NCCc1ccccc1)c1cc2cnccc2n1Cc1ccccc1
NC(=O)N1CCCC(C(=O)N2CCCN(c3ccc(F)cc3)CC2)C1,1,1,0.9630233405605279,O=C(C1CCCNC1)N1CCCN(c2ccccc2)CC1
CS(=O)(=O)c1ccc2nc(NC(=O)C3CC3)sc2c1,1,1,0.9719064251393396,O=C(Nc1nc2ccccc2s1)C1CC1
CN1C(=O)c2ccccc2[S@](=O)c2ccc(C(=O)NCCc3cccs3)cc21,1,1,0.9721601290324609,O=C(NCCc1cccs1)c1ccc2c(c1)NC(=O)c1ccccc1S2=O
Fc1ccc(CNc2ncnc3onc(-c4ccc(F)cc4)c23)cc1,1,1,0.9702731599775597,c1ccc(CNc2ncnc3onc(-c4ccccc4)c23)cc1
Cc1cnc(-c2ccccc2C2CC2)nc1NCc1ccc(-c2cccnc2)cc1,1,1,0.8959852895525249,c1cncc(-c2ccc(CNc3ccnc(-c4ccccc4C4CC4)n3)cc2)c1
COCCn1ccc2c(C3=CCOCC3)nc(-c3cccc(NC(C)=O)c3)cc21,1,1,0.9737178309282648,C1=C(c2nc(-c3ccccc3)cc3[nH]ccc23)CCOC1
CN1CCN(CCCN2c3ccccc3Sc3ccc(S(=O)(=O)N(C)C)cc32)CC1,1,1,0.9768661684258876,c1ccc2c(c1)Sc1ccccc1N2CCCN1CCNCC1
COCc1cc(C)nc(SCC(=O)c2ccc(O)c(O)c2)c1C#N,1,1,0.8465028431327212,O=C(CSc1ccccn1)c1ccccc1
CN1C(=O)c2ccccc2[S@](=O)c2ccc(C(=O)NCCN3CCCC3)cc21,1,1,0.910873911965652,O=C(NCCN1CCCC1)c1ccc2c(c1)NC(=O)c1ccccc1S2=O
Cc1cccc(-n2ncc3c2CCCC3NC(=O)c2c(F)ccc(F)c2F)c1C,1,1,0.9599457004339714,O=C(NC1CCCc2c1cnn2-c1ccccc1)c1ccccc1
O=C(NC1CCCc2c1cnn2-c1ccc(F)cc1F)c1ccccc1,1,1,0.9674030815888426,O=C(NC1CCCc2c1cnn2-c1ccccc1)c1ccccc1
COc1ccc(Cn2c(C(=O)O)c(CNCc3cccc(OC)c3)c3ccc(C)cc32)cc1,1,1,0.6483398297765481,c1ccc(CNCc2cn(Cc3ccccc3)c3ccccc23)cc1
C=Cc1ccc(Cn2c(C(=O)O)c(CNCc3ccccc3)c3ccc(OC)cc32)cc1,1,1,0.6875190605005639,c1ccc(CNCc2cn(Cc3ccccc3)c3ccccc23)cc1
CN1CCN(C(=O)c2ccc3cc(CCNc4ncnc5ccc(C#N)cc45)ccc3c2)CC1,1,1,0.9547478980489025,O=C(c1ccc2cc(CCNc3ncnc4ccccc34)ccc2c1)N1CCNCC1
Cc1ccccc1C(=O)N1CCc2cc(-c3ccnc(NC(=O)Cc4ccccc4)n3)ccc21,1,1,0.9742393817735042,O=C(Cc1ccccc1)Nc1nccc(-c2ccc3c(c2)CCN3C(=O)c2ccccc2)n1
Nc1ncnc2c1c(-c1cnc3[nH]ccc3c1)nn2C1CCCC1,1,1,0.9753615694024638,c1ncc2c(-c3cnc4[nH]ccc4c3)nn(C3CCCC3)c2n1
CC1=C(C(=O)Nc2nncs2)C2(CCCC2)N=C(Nc2nc3ccccc3o2)N1,0,1,0.8837515657528754,O=C(Nc1nncs1)C1=CNC(Nc2nc3ccccc3o2)=NC12CCCC2
Cc1noc([C@@H]2CN(C(=O)c3nn(C)c4ccccc34)C[C@H]2CO)n1,1,1,0.9227272069387769,O=C(c1n[nH]c2ccccc12)N1CCC(c2ncno2)C1
COC[C@@H]1CN(C(=O)c2n[nH]c3ccccc23)C[C@H]1c1nc(C)no1,1,1,0.9558716683318933,O=C(c1n[nH]c2ccccc12)N1CCC(c2ncno2)C1
COC[C@@H]1CN(C(=O)c2nn(C)c3ccccc23)C[C@H]1c1nc(C)no1,1,1,0.9702028942667273,O=C(c1n[nH]c2ccccc12)N1CCC(c2ncno2)C1
CCc1nnc(NC(=O)c2nc(S(=O)(=O)Cc3ccc(C)cc3)ncc2Cl)s1,1,1,0.7867878053774784,O=C(Nc1nncs1)c1ccnc(S(=O)(=O)Cc2ccccc2)n1
CCCc1nnc(NC(=O)c2nc(S(=O)(=O)Cc3ccc(C)cc3)ncc2Cl)s1,1,1,0.8187129158722872,O=C(Nc1nncs1)c1ccnc(S(=O)(=O)Cc2ccccc2)n1
Cc1nn2c(c1-c1ccccc1Oc1ccccc1)N(Cc1ccccc1O)CCC2,1,1,0.899492936812923,c1ccc(CN2CCCn3ncc(-c4ccccc4Oc4ccccc4)c32)cc1
Cc1ccccc1N(C)C1CN([S+](=O)([O-])c2cccc(C(F)(F)F)c2)C1,1,1,0.9415622462891943,O=[SH+](c1ccccc1)N1CC(Nc2ccccc2)C1
CCOc1ccc(CCNC(=O)c2cc3sccc3n2Cc2ccccc2)c(F)c1OCC,0,1,0.8167620535205504,O=C(NCCc1ccccc1)c1cc2sccc2n1Cc1ccccc1
CCOc1ccc(CCN(C)C(=O)c2cc3sccc3n2Cc2ccccc2)cc1OCC,1,1,0.8813107124108122,O=C(NCCc1ccccc1)c1cc2sccc2n1Cc1ccccc1
O=C(NCCc1ccc(OCC(F)(F)F)c(OCC(F)(F)F)c1)c1cc2sccc2n1Cc1ccccc1,1,1,0.8238705695002284,O=C(NCCc1ccccc1)c1cc2sccc2n1Cc1ccccc1
CCOc1ccc(C(C)CNC(=O)c2cc3sccc3n2Cc2ccccc2)cc1OCC,1,1,0.8131228446152574,O=C(NCCc1ccccc1)c1cc2sccc2n1Cc1ccccc1
CCOc1cc(CCNC(=O)c2cc3sccc3n2Cc2ccccc2)cc(F)c1OCC,0,1,0.8169136341613349,O=C(NCCc1ccccc1)c1cc2sccc2n1Cc1ccccc1
C[C@@H](NC(=O)c1ncnc(N)c1Cl)c1ncc(C(=O)Nc2cc(C(F)(F)F)c(Cl)cn2)s1,1,1,0.8758142054406854,O=C(NCc1ncc(C(=O)Nc2ccccn2)s1)c1ccncn1
CC(C)(C)NS(=O)(=O)c1ccc(-c2ccc3[nH]nc(N)c3c2)cc1,1,1,0.7499524096419544,c1ccc(-c2ccc3[nH]ncc3c2)cc1
COc1ccc(Cl)cc1NC(=O)c1sc2nc3c(cc2c1N)N1CCC3CC1,1,1,0.939009314944543,O=C(Nc1ccccc1)c1cc2cc3c(nc2s1)C1CCN3CC1
CCOC(=O)c1ccc(NC(=O)c2sc3nc4c(cc3c2N)N2CCC4CC2)cc1,1,1,0.9559820595106999,O=C(Nc1ccccc1)c1cc2cc3c(nc2s1)C1CCN3CC1
N#Cc1cccc(NC(=O)c2sc3nc4c(cc3c2N)N2CCC4CC2)c1,1,1,0.9323715891099194,O=C(Nc1ccccc1)c1cc2cc3c(nc2s1)C1CCN3CC1
Nc1c(C(=O)Nc2ccc(Cl)cc2)sc2nc3c(cc12)N1CCC3CC1,1,1,0.9462836069077178,O=C(Nc1ccccc1)c1cc2cc3c(nc2s1)C1CCN3CC1
Nc1c(C(=O)Nc2ccc(Cl)c(C(F)(F)F)c2)sc2nc3c(cc12)N1CCC3CC1,1,1,0.9144073236124065,O=C(Nc1ccccc1)c1cc2cc3c(nc2s1)C1CCN3CC1
CCN(CC)CCNC(=O)C1CCN(c2nn3cc(-c4ccc(F)cc4)nc3s2)CC1,1,1,0.9023505779840624,c1ccc(-c2cn3nc(N4CCCCC4)sc3n2)cc1
CN(C(=O)CNC(=O)c1ccccc1OCC(=O)Nc1ccc(I)cc1)c1ccccc1,1,1,0.8203283118063349,O=C(CNC(=O)c1ccccc1OCC(=O)Nc1ccccc1)Nc1ccccc1
Cc1ccc(S(=O)(=O)Nc2ccc(C(=O)Nc3nc(-c4ccc(Cl)cc4)cs3)cc2)cc1,1,1,0.597648450511338,O=C(Nc1nc(-c2ccccc2)cs1)c1ccc(NS(=O)(=O)c2ccccc2)cc1
Cc1ccc(S(=O)(=O)Nc2ccc(C(=O)Nc3nc(-c4ccccc4)cs3)cc2Cl)cc1,1,1,0.6131698853477351,O=C(Nc1nc(-c2ccccc2)cs1)c1ccc(NS(=O)(=O)c2ccccc2)cc1
CCOc1ccc(CCNC(=O)c2ccnn2Cc2cccc(C)c2)cc1OCC,1,1,0.9600940146202542,O=C(NCCc1ccccc1)c1ccnn1Cc1ccccc1
CC(=O)NCCNC[C@@H]1C=C(C)[C@H](Cc2nnc(-c3ccccc3)o2)C[C@H]1C(C)C,1,1,0.9487919345626885,C1=CC(Cc2nnc(-c3ccccc3)o2)CCC1
Cc1ccc(S(=O)(=O)Nc2ccccc2C(=O)Nc2cnc(-c3ccccc3)cn2)cc1,1,1,0.7893183301731926,O=C(Nc1cnc(-c2ccccc2)cn1)c1ccccc1NS(=O)(=O)c1ccccc1
CC(=O)Nc1cccc(Nc2nc3ccccc3n3c(C)nnc23)c1,1,1,0.9609211416972012,c1ccc(Nc2nc3ccccc3n3cnnc23)cc1
COc1ccc(C(=O)NC2CCN(c3cnn(CC4CC4)c(=O)c3)CC2)c(OC)n1,1,1,0.9592935213816715,O=C(NC1CCN(c2cnn(CC3CC3)c(=O)c2)CC1)c1cccnc1
COc1ccc(-c2nc3ccccc3c(=O)n2Cc2ccco2)cc1COc1ccc(NC(C)=O)cc1,0,1,0.8692198227756882,O=c1c2ccccc2nc(-c2cccc(COc3ccccc3)c2)n1Cc1ccco1
Cc1ccc(-c2nc(NCC(=O)Nc3cccc(C(=O)O)c3)c3ccccc3n2)cc1,0,0,0.4006289930606163,O=C(CNc1nc(-c2ccccc2)nc2ccccc12)Nc1ccccc1
Cc1ccc(NC(=O)c2cc(-c3ccc(C)o3)nc3ccccc23)nc1,1,1,0.9642839226514601,O=C(Nc1ccccn1)c1cc(-c2ccco2)nc2ccccc12
Cc1nc(Nc2n[nH]c3c2CN(C(=O)N[C@H](CN(C)C)c2ccccc2)C3(C)C)c2sccc2n1,0,1,0.8751623820730429,O=C(NCc1ccccc1)N1Cc2[nH]nc(Nc3ncnc4ccsc34)c2C1
CC(=O)c1ccc(N[S+](=O)([O-])c2cccc(NC(=O)c3[nH]c(C)c(C(C)=O)c3C)c2)cc1,0,1,0.7764945468441139,O=C(Nc1cccc([SH+](=O)Nc2ccccc2)c1)c1ccc[nH]1
CC(=O)c1c(C)[nH]c(C(=O)Nc2cccc([S+](=O)([O-])Nc3c(C)cccc3C)c2)c1C,1,1,0.8705289192208729,O=C(Nc1cccc([SH+](=O)Nc2ccccc2)c1)c1ccc[nH]1
CC(=O)c1c(C)[nH]c(C(=O)Nc2cccc([S+](=O)([O-])Nc3ccc(C#N)cc3)c2)c1C,1,1,0.8228389031680179,O=C(Nc1cccc([SH+](=O)Nc2ccccc2)c1)c1ccc[nH]1
CC(=O)Nc1ccc(N[S+](=O)([O-])c2cccc(NC(=O)c3[nH]c(C)c(C(C)=O)c3C)c2)cc1,1,1,0.7246035229757489,O=C(Nc1cccc([SH+](=O)Nc2ccccc2)c1)c1ccc[nH]1
CCc1ccc(NC(=O)c2[nH]c(C)c(C(C)=O)c2C)cc1[S+](=O)([O-])Nc1ccccc1C#N,1,1,0.8177743851398037,O=C(Nc1cccc([SH+](=O)Nc2ccccc2)c1)c1ccc[nH]1
COc1ccc(NC(=O)c2[nH]c(C)c(C(C)=O)c2C)cc1[S+](=O)([O-])Nc1cccc(C#N)c1,1,1,0.8097263636431743,O=C(Nc1cccc([SH+](=O)Nc2ccccc2)c1)c1ccc[nH]1
CC(=O)c1c(C)[nH]c(C(=O)Nc2cccc([S+](=O)([O-])Nc3cccc(C#N)c3)c2)c1C,1,1,0.824935361431616,O=C(Nc1cccc([SH+](=O)Nc2ccccc2)c1)c1ccc[nH]1
CCc1ccc(NC(=O)c2[nH]c(C)c(C(C)=O)c2C)cc1[S+](=O)([O-])Nc1ccc(C#N)cc1,1,1,0.8171056893416159,O=C(Nc1cccc([SH+](=O)Nc2ccccc2)c1)c1ccc[nH]1
COc1ccc(NC(=O)c2[nH]c(C)c(C(C)=O)c2C)cc1[S+](=O)([O-])Nc1ccccc1C#N,1,1,0.810389699021009,O=C(Nc1cccc([SH+](=O)Nc2ccccc2)c1)c1ccc[nH]1
COc1ccc(NC(=O)c2[nH]c(C)c(C(C)=O)c2C)cc1[S+](=O)([O-])Nc1ccc(C#N)cc1,1,1,0.8070092627642579,O=C(Nc1cccc([SH+](=O)Nc2ccccc2)c1)c1ccc[nH]1
CC(=O)c1c(C)[nH]c(C(=O)Nc2ccc(OCCCN(C)C)c([S+](=O)([O-])Nc3ccc(Br)cc3)c2)c1C,1,1,0.6221101492216216,O=C(Nc1cccc([SH+](=O)Nc2ccccc2)c1)c1ccc[nH]1
CCc1ccc(NC(=O)c2[nH]c(C)c(C(C)=O)c2C)cc1[S+](=O)([O-])Nc1cccc(C#N)c1,1,1,0.8167401332906481,O=C(Nc1cccc([SH+](=O)Nc2ccccc2)c1)c1ccc[nH]1
CC(=O)c1c(C)[nH]c(C(=O)Nc2ccc(C)c([S+](=O)([O-])Nc3ccc(Br)cc3)c2)c1C,1,1,0.6741935605083772,O=C(Nc1cccc([SH+](=O)Nc2ccccc2)c1)c1ccc[nH]1
CC(=O)c1c(C)[nH]c(C(=O)Nc2cccc([S+](=O)([O-])Nc3ccccc3C)c2)c1C,1,1,0.8694140495893226,O=C(Nc1cccc([SH+](=O)Nc2ccccc2)c1)c1ccc[nH]1
COc1ccc(NC(=O)c2c(C)c(C(C)=O)c(C)n2C)cc1[S+](=O)([O-])Nc1ccc(Br)cc1,0,1,0.6927016458316368,O=C(Nc1cccc([SH+](=O)Nc2ccccc2)c1)c1ccc[nH]1
CC(=O)c1c(C)[nH]c(C(=O)Nc2cccc([S+](=O)([O-])Nc3ccc(Br)cc3)c2)c1C,1,1,0.7695709793488233,O=C(Nc1cccc([SH+](=O)Nc2ccccc2)c1)c1ccc[nH]1
Cc1cc(C)c(C(=O)Nc2cccc([S+](=O)([O-])Nc3ccc(Br)cc3)c2)[nH]1,1,1,0.8220792933001468,O=C(Nc1cccc([SH+](=O)Nc2ccccc2)c1)c1ccc[nH]1
CCc1ccc(NC(=O)c2[nH]c(C)c(C(C)=O)c2C)cc1[S+](=O)([O-])Nc1ccc(Br)cc1,0,1,0.5766009779954275,O=C(Nc1cccc([SH+](=O)Nc2ccccc2)c1)c1ccc[nH]1
COc1ccc(NC(=O)c2ccc[nH]2)cc1[S+](=O)([O-])Nc1ccc(Br)cc1,1,1,0.7773257918036653,O=C(Nc1cccc([SH+](=O)Nc2ccccc2)c1)c1ccc[nH]1
COc1ccc(NC(=O)c2[nH]c(C)cc2C)cc1[S+](=O)([O-])Nc1ccc(Br)cc1,1,1,0.7763557896507643,O=C(Nc1cccc([SH+](=O)Nc2ccccc2)c1)c1ccc[nH]1
CCOC(=O)c1csc(NC(=O)c2ccncc2NS(=O)(=O)c2ccc(C)cc2)n1,1,1,0.620207423087459,O=C(Nc1nccs1)c1ccncc1NS(=O)(=O)c1ccccc1
Cc1ccc(S(=O)(=O)Nc2cnccc2C(=O)Nc2nc(C(=O)O)cs2)cc1,0,0,0.1386673680299203,O=C(Nc1nccs1)c1ccncc1NS(=O)(=O)c1ccccc1
CNc1nc(-c2cccc3ccccc23)ccc1C#N,1,1,0.9431136433904653,c1ccc(-c2cccc3ccccc23)nc1
O=C(Nc1nc(-c2ccccc2)cs1)c1ccncc1NS(=O)(=O)c1ccc(N2CCCC2=O)cc1,1,1,0.5588976964853457,O=C(Nc1nc(-c2ccccc2)cs1)c1ccncc1NS(=O)(=O)c1ccc(N2CCCC2=O)cc1
Cc1cc(NC(=S)N2CCN(c3cccc(C(F)(F)F)c3)CC2)nc2ccccc12,1,1,0.9797172654750953,S=C(Nc1ccc2ccccc2n1)N1CCN(c2ccccc2)CC1
Cc1cccc(N2CCN(C(=O)c3ccc4c(c3)C(O)CCCCCN4C)CC2)c1,0,1,0.9610114398751968,O=C(c1ccc2c(c1)CCCCCCN2)N1CCN(c2ccccc2)CC1
Cc1nc([N+](=O)[O-])cn1-c1ccc([N+](=O)[O-])cc1,1,1,0.9746795462351031,c1ccc(-n2ccnc2)cc1
CC/C=C\C/C=C\C/C=C\C/C=C\C/C=C\C/C=C\CCC(=O)NCCO,1,1,0.9475131406185281,
CC(=O)NC(SC(=S)N(C)C)C(Cl)(Cl)Cl,1,1,0.9922531675101128,
O=C(Nc1ccc(F)c(C(F)(F)F)c1)Nc1nnc(-c2ccncc2)s1,1,1,0.8299297223955961,O=C(Nc1ccccc1)Nc1nnc(-c2ccncc2)s1
C[S+](=O)([O-])c1ccc(-c2nc(C(=O)NCc3cccnc3)n3ccccc23)cc1,1,1,0.7979303687907968,O=C(NCc1cccnc1)c1nc(-c2ccccc2)c2ccccn12
CCCc1cc(=O)oc2c3c(c4c(c12)OC(C)(C)C=C4)OC(C)C(C)C3O,1,1,0.9106237720493503,O=c1ccc2c3c(c4c(c2o1)CCCO4)C=CCO3
CC(=O)c1c(C)[nH]c(C(=O)Nc2cccc([S+](=O)([O-])Nc3cccnc3)c2)c1C,1,1,0.8395241221221409,O=C(Nc1cccc([SH+](=O)Nc2cccnc2)c1)c1ccc[nH]1
Cn1cnc(S(=O)(=O)Nc2cnccc2C(=O)Nc2nc(-c3ccccc3)cs2)c1,0,0,0.3490655369835886,O=C(Nc1nc(-c2ccccc2)cs1)c1ccncc1NS(=O)(=O)c1c[nH]cn1
COc1ccc(-n2nc(C3CCCN(CC4CCCCC4)C3)[nH]c2=O)cc1,1,1,0.8986330469833125,O=c1[nH]c(C2CCCN(CC3CCCCC3)C2)nn1-c1ccccc1
c1cc(-c2cc(-c3ccncc3)c3cncn3c2)c2cc[nH]c2c1,1,1,0.9662463922166734,c1cc(-c2cc(-c3ccncc3)c3cncn3c2)c2cc[nH]c2c1
COc1cccc(CN(C)c2ccc([S+](=O)([O-])Nc3nccs3)cc2)c1O,1,1,0.8248473925531866,O=[SH+](Nc1nccs1)c1ccc(NCc2ccccc2)cc1
Nc1ccc(CNc2ccc([S+](=O)([O-])Nc3nccs3)cc2)c(O)c1,0,0,0.46810587292889505,O=[SH+](Nc1nccs1)c1ccc(NCc2ccccc2)cc1
O=[S+]([O-])(Nc1nccs1)c1ccc(NCc2cc(F)cc(Cl)c2O)cc1,1,1,0.6960990974367269,O=[SH+](Nc1nccs1)c1ccc(NCc2ccccc2)cc1
CC(Nc1ccc([S+](=O)([O-])Nc2nccs2)cc1)c1ccccc1,1,1,0.853001158653691,O=[SH+](Nc1nccs1)c1ccc(NCc2ccccc2)cc1
O=[S+]([O-])(Nc1nccs1)c1ccc(NCc2cc(Cl)cc(Br)c2O)cc1,1,1,0.5742430159293784,O=[SH+](Nc1nccs1)c1ccc(NCc2ccccc2)cc1
O=[N+]([O-])c1ccc(CNc2ccc([S+](=O)([O-])Nc3nccs3)cc2)c(O)c1,0,1,0.675068513693675,O=[SH+](Nc1nccs1)c1ccc(NCc2ccccc2)cc1
O=[S+]([O-])(Nc1nccs1)c1ccc(NCc2cccc(Cl)c2)cc1,1,1,0.8357380410695602,O=[SH+](Nc1nccs1)c1ccc(NCc2ccccc2)cc1
O=C(NCCc1nc2ccccc2n1CCO)C1CCCCC1,1,1,0.9289546649279156,O=C(NCCc1nc2ccccc2[nH]1)C1CCCCC1
NCC(=O)Nc1cncc(-c2nn3c(=O)cc(N4CCNCC4)nc3s2)c1,0,0,0.1567945933251855,O=c1cc(N2CCNCC2)nc2sc(-c3cccnc3)nn12
O=C1c2ccccc2C2=Nc3ccccc3SC(c3ccc(Cl)cc3)C12,0,0,0.40312429808662414,O=C1c2ccccc2C2=Nc3ccccc3SC(c3ccccc3)C12
O=C1c2ccccc2C2=Nc3ccccc3SC(c3ccccc3F)C12,0,0,0.4362738877832026,O=C1c2ccccc2C2=Nc3ccccc3SC(c3ccccc3)C12
O=C(Oc1ccc[nH]c1=O)c1cc([N+](=O)[O-])cc([N+](=O)[O-])c1,1,1,0.9308589732289675,O=C(Oc1ccc[nH]c1=O)c1ccccc1
CN1C(=O)CN=C(c2ccc[nH]2)c2cc(Cl)ccc21,1,1,0.9313771843512816,O=C1CN=C(c2ccc[nH]2)c2ccccc2N1
CCC(CC)c1cc([C@H]2CN3CC[C@H]2C[C@@H]3CNS(=O)(=O)c2cccs2)nc(-c2ccncc2)n1,1,1,0.9880308379067548,O=S(=O)(NCC1CC2CCN1CC2c1ccnc(-c2ccncc2)n1)c1cccs1
CCCC1=Nc2cc(C(=O)NC3CCCCC3)ccc2Sc2ccc(C)cc21,1,1,0.8877929246210142,O=C(NC1CCCCC1)c1ccc2c(c1)N=Cc1ccccc1S2
O=S(=O)(Nc1nccs1)c1ccc(NCc2cccc3cc[nH]c23)cc1,0,1,0.7641577770161854,O=S(=O)(Nc1nccs1)c1ccc(NCc2cccc3cc[nH]c23)cc1
Cc1ccc2oc3c(c(=O)c2c1)C(c1cccc(O)c1)N(CCCN1CCOCC1)C3=O,1,1,0.8035668099302534,O=C1c2oc3ccccc3c(=O)c2C(c2ccccc2)N1CCCN1CCOCC1
COc1cc(C2c3c(oc4cc(C)c(C)cc4c3=O)C(=O)N2CCCN2CCOCC2)ccc1O,1,1,0.8578949354693571,O=C1c2oc3ccccc3c(=O)c2C(c2ccccc2)N1CCCN1CCOCC1
COc1ccc(C2c3c(oc4ccc(C)cc4c3=O)C(=O)N2CCCN2CCOCC2)cc1OC,1,1,0.8667849935736436,O=C1c2oc3ccccc3c(=O)c2C(c2ccccc2)N1CCCN1CCOCC1
Fc1cnc(-c2ccccc2C(F)F)nc1NCC1CCN(c2cnccn2)CC1,1,1,0.9694650013631019,c1ccc(-c2nccc(NCC3CCN(c4cnccn4)CC3)n2)cc1
CCN(CC)C(=O)N1c2ccccc2C=Cc2ccccc21,1,1,0.9264174646443875,C1=Cc2ccccc2Nc2ccccc21
Cn1cc(-c2nc(Nc3ccc(F)c(F)c3)c3ccccc3n2)cn1,1,1,0.9701177730931263,c1ccc(Nc2nc(-c3cn[nH]c3)nc3ccccc23)cc1
CN(C)C(=O)NC1CCC(CCN2CCN(c3cccc(Cl)c3Cl)CC2)CC1,1,1,0.9568831755473395,c1ccc(N2CCN(CCC3CCCCC3)CC2)cc1
COc1ccc(CNC(=O)c2sc3nc(C)cc(C)c3c2N)cc1,1,1,0.9119860215399282,O=C(NCc1ccccc1)c1cc2cccnc2s1
Cc1csc2c1c(=O)n(O)c(=O)n2Cc1ccccc1,1,1,0.9709068796346907,O=c1[nH]c(=O)n(Cc2ccccc2)c2sccc12
Cc1ccccc1C(=O)Nc1nc2c(s1)CC(C(C)(C)C)CC2,1,1,0.9643129023558366,O=C(Nc1nc2c(s1)CCCC2)c1ccccc1
CCOc1cccc(C(=O)Nc2nc3c(s2)CC(C(C)(C)C)CC3)c1,0,1,0.900447550651998,O=C(Nc1nc2c(s1)CCCC2)c1ccccc1
CC(=O)N1CCc2c(sc3c2c(=O)n(-c2ccccc2)c(=O)n3CC(=O)c2ccccc2)C1,1,1,0.9620629058180449,O=C(Cn1c(=O)n(-c2ccccc2)c(=O)c2c3c(sc21)CNCC3)c1ccccc1
COCCOc1cnc2ccn([C@H](C)c3nnc4c(F)cc(-c5cnn(C)c5)cn34)c(=O)c2c1,1,1,0.9701766149753407,O=c1c2cccnc2ccn1Cc1nnc2ccc(-c3cn[nH]c3)cn12
CC(C)(N)C(=O)N[C@H](COCc1ccccc1)C(=O)N1CCC2(CC1)CN(S(C)(=O)=O)c1ccccc12,1,1,0.7404378940378066,O=C(CCOCc1ccccc1)N1CCC2(CC1)CNc1ccccc12
O=S(=O)(Nc1nc2n(n1)C(c1ccccc1)C=C(c1ccc(Cl)cc1)N2)c1ccccc1,0,0,0.4544780161106925,O=S(=O)(Nc1nc2n(n1)C(c1ccccc1)C=C(c1ccccc1)N2)c1ccccc1
Cc1noc(C)c1-c1cc2c(cc(C)n2C)c(-c2cnn(C)c2)n1,1,1,0.9891824109864517,c1cc2c(-c3cn[nH]c3)nc(-c3cnoc3)cc2[nH]1
Cc1ccccc1-c1nc(NCc2ccc(-c3cccnc3)cc2)c2ccccc2n1,1,1,0.8564181471927719,c1ccc(-c2nc(NCc3ccc(-c4cccnc4)cc3)c3ccccc3n2)cc1
COc1ccccc1-c1nc(NCc2ccc(-c3cccnc3)cc2)c2ccccc2n1,1,1,0.8526277533688651,c1ccc(-c2nc(NCc3ccc(-c4cccnc4)cc3)c3ccccc3n2)cc1
Brc1ccccc1-c1nc(NCc2ccc(-c3cccnc3)cc2)c2ccccc2n1,1,1,0.803528602941522,c1ccc(-c2nc(NCc3ccc(-c4cccnc4)cc3)c3ccccc3n2)cc1
FC(F)(F)c1ccccc1-c1nc(NCc2ccc(-c3cccnc3)cc2)c2ccccc2n1,1,1,0.8962043903521559,c1ccc(-c2nc(NCc3ccc(-c4cccnc4)cc3)c3ccccc3n2)cc1
Clc1ccccc1-c1nc(NCc2ccc(-c3cccnc3)cc2)c2ccccc2n1,1,1,0.8722826418581764,c1ccc(-c2nc(NCc3ccc(-c4cccnc4)cc3)c3ccccc3n2)cc1
O=C(NCc1cccnc1)c1nc(-c2ccc(Cl)nc2)c2cnccn12,1,1,0.8505769952234641,O=C(NCc1cccnc1)c1nc(-c2cccnc2)c2cnccn12
CCCNC(=O)Nc1ccc(Oc2ncnc3cc(OC)c(OC)cc23)cc1Cl,1,1,0.9344670003802038,c1ccc(Oc2ncnc3ccccc23)cc1
CC1=NN(c2ccc(C(=O)O)cc2)C(=O)/C1=C/c1ccc(-c2cc(C)c(C)cc2[N+](=O)[O-])o1,1,1,0.9709268597579449,O=C1C(=Cc2ccc(-c3ccccc3)o2)C=NN1c1ccccc1
N#Cc1nc(-c2cccc3ccccc23)oc1NCc1ccccc1,1,1,0.970929472188818,c1ccc(CNc2cnc(-c3cccc4ccccc34)o2)cc1
Cc1onc(-c2ccccc2)c1C(=O)Nc1nnc(COc2ccc(Cl)cc2)s1,1,1,0.9136387954964932,O=C(Nc1nnc(COc2ccccc2)s1)c1conc1-c1ccccc1
CSc1nc(N)cc(Oc2ccc(-c3nc(Nc4cccc(C(F)(F)F)c4)n[nH]3)cc2)n1,1,1,0.8501188260584523,c1ccc(Nc2n[nH]c(-c3ccc(Oc4ccncn4)cc3)n2)cc1
Cc1cccc(C(=O)Nc2ccc(N3CCC(N4CCCCC4)CC3)c(C(=O)O)c2)c1,0,0,0.3089007153455211,O=C(Nc1ccc(N2CCC(N3CCCCC3)CC2)cc1)c1ccccc1
O=C(Nc1ccc(N2CCC(N3CCCCC3)CC2)c(C(=O)O)c1)c1ccc(Br)cc1,0,0,0.22046532090659376,O=C(Nc1ccc(N2CCC(N3CCCCC3)CC2)cc1)c1ccccc1
O=C(c1cnc(N2CCCCC2)c2ccccc12)N1CCN(c2ccccn2)CC1,1,1,0.9839769448381117,O=C(c1cnc(N2CCCCC2)c2ccccc12)N1CCN(c2ccccn2)CC1
CC1CCC(n2c3cnccc3c3cnc(Nc4ccc5c(n4)CCN(C(=O)CO)C5)nc32)CC1,1,1,0.9921286528324125,c1cc2c3cnc(Nc4ccc5c(n4)CCNC5)nc3n(C3CCCCC3)c2cn1
Cc1n[nH]c(C)c1CCc1nc2c3ccccc3nc(SCC(=O)Nc3ccc(F)cc3)n2n1,1,1,0.9139926547932096,O=C(CSc1nc2ccccc2c2nc(CCc3cn[nH]c3)nn12)Nc1ccccc1
CCC(Sc1nc2ccccc2c2nc(CCc3c(C)n[nH]c3C)nn12)C(=O)Nc1ccc(F)cc1,1,1,0.8635893400680926,O=C(CSc1nc2ccccc2c2nc(CCc3cn[nH]c3)nn12)Nc1ccccc1
O=C(Cc1ccc(Cl)c(Cl)c1)Nc1ccc(S(=O)(=O)Nc2cccc(O)c2)cc1,1,1,0.7534833191268411,O=C(Cc1ccccc1)Nc1ccc(S(=O)(=O)Nc2ccccc2)cc1
O=C(O)c1ccnc2cc(C(OCCN3CCCCC3)c3ccccc3Cl)[nH]c12,0,0,0.4082507375688846,c1ccc(C(OCCN2CCCCC2)c2cc3ncccc3[nH]2)cc1
Cc1c(CN(C)c2cc(C3CC(O)C3)nc(N)n2)[nH]c2ccccc12,0,1,0.8222288295488593,c1ccc2[nH]c(CNc3cc(C4CCC4)ncn3)cc2c1
CCN1CCN(C(=O)c2cc(-c3ccc(F)cc3)c3nncn3n2)CC1,1,1,0.9669079498272123,O=C(c1cc(-c2ccccc2)c2nncn2n1)N1CCNCC1
O=C(NCC1(c2nc(-c3ccccc3)cs2)CCOCC1)c1cccc(-c2noc(C(F)(F)F)n2)c1,1,1,0.8309453031300769,O=C(NCC1(c2nc(-c3ccccc3)cs2)CCOCC1)c1cccc(-c2ncon2)c1
COc1ccc2[nH]cc(CCNC(=O)c3cnn(-c4ccc(C)cc4)c3C3CCN(C(=O)OC(C)(C)C)CC3)c2c1,1,1,0.8710744806780019,O=C(NCCc1c[nH]c2ccccc12)c1cnn(-c2ccccc2)c1C1CCNCC1
CC(C(=O)O)c1cccc(C(=O)c2ccccc2)c1,0,1,0.539619103392836,O=C(c1ccccc1)c1ccccc1
COCCCNC(=O)c1cc2cc(S(=O)(=O)N(C)C)ccc2n1C,1,1,0.8901793346103932,c1ccc2[nH]ccc2c1
O=C([C@@H]1CCCN(c2ccc3[nH]c(C4(n5cc(Cl)cn5)CC4)nc3n2)C1)N1CCCC1,1,1,0.976708945586496,O=C(C1CCCN(c2ccc3[nH]c(C4(n5cccn5)CC4)nc3n2)C1)N1CCCC1
Cc1ccc(-c2cc(C(=O)Nc3ncco3)c3ccccc3n2)cc1C,1,1,0.9893254726150595,O=C(Nc1ncco1)c1cc(-c2ccccc2)nc2ccccc12
O=C(c1ccccc1)N1CCN(c2nc(-c3ccc(Br)cc3)cs2)CC1,1,1,0.9346095804686253,O=C(c1ccccc1)N1CCN(c2nc(-c3ccccc3)cs2)CC1
N#Cc1ccc2c(c1)CCN(CCC1CCC(NC(=O)c3ccnc4ccccc34)CC1)C2,1,1,0.9138678434486003,O=C(NC1CCC(CCN2CCc3ccccc3C2)CC1)c1ccnc2ccccc12
CSc1cc2c(s1)c1cnn(Cc3cccc(N)c3)c(=O)c1n2C,1,1,0.9723492364206608,O=c1c2[nH]c3ccsc3c2cnn1Cc1ccccc1
Cn1c2cc(S(C)=O)sc2c2cnn(Cc3cccc(N)c3)c(=O)c21,1,1,0.9890726263474606,O=c1c2[nH]c3ccsc3c2cnn1Cc1ccccc1
NC(=O)C1CCN(c2nc(-c3ccc4c(c3)OCCCO4)cs2)CC1,1,1,0.9526611821967941,c1cc2c(cc1-c1csc(N3CCCCC3)n1)OCCCO2
CCOc1cc(-c2nccc3cc(OC)c(OC)cc23)cc(OCC)c1OCC,1,1,0.9471779252942978,c1ccc(-c2nccc3ccccc23)cc1
CCC(C)N(C)C(=O)c1cc2ccccc2c(-c2ccccc2Cl)n1,1,1,0.9700748773404303,c1ccc(-c2nccc3ccccc23)cc1
CC(=O)c1ccc(N2CCN(S(=O)(=O)c3ccc4c(c3)CC(=O)N4)CC2)cc1,1,1,0.9528975291451933,O=C1Cc2cc(S(=O)(=O)N3CCN(c4ccccc4)CC3)ccc2N1
CC(=O)c1ccc(N2CCN(S(=O)(=O)c3cc4c(cc3Cl)NC(=O)C4)CC2)cc1,1,1,0.9504922630570978,O=C1Cc2cc(S(=O)(=O)N3CCN(c4ccccc4)CC3)ccc2N1
Cc1noc(C)c1C(=O)N1CCC2(CCCN(Cc3ccccc3)C2)CC1,1,1,0.9427133111343655,O=C(c1cnoc1)N1CCC2(CCCN(Cc3ccccc3)C2)CC1
O=C1CCCc2cc(S(=O)(=O)Nc3cnccc3C(=O)Nc3nc(-c4ccccc4)cs3)ccc2N1,0,0,0.3379599317784212,O=C1CCCc2cc(S(=O)(=O)Nc3cnccc3C(=O)Nc3nc(-c4ccccc4)cs3)ccc2N1
COc1cc2cc(CN3CCC(N(C)C)C3)c(-c3cccc(Cl)c3)nc2cc1OC,1,1,0.9339586232904299,c1ccc(-c2nc3ccccc3cc2CN2CCCC2)cc1
C[C@@]1(c2ncncc2F)NC(=O)c2cc(-c3cn[nH]c3)ccc21,1,1,0.9347756137870498,O=C1NC(c2ccncn2)c2ccc(-c3cn[nH]c3)cc21
Cc1ccc(-c2nnc(Nc3ccc(Br)cc3)c3ccccc23)cc1S(=O)(=O)N1CCN(C)CC1,1,1,0.615027073157716,O=S(=O)(c1cccc(-c2nnc(Nc3ccccc3)c3ccccc23)c1)N1CCNCC1
N#Cc1ccccc1CSc1nc2ncc(Br)cc2[nH]1,1,1,0.8866918960271976,c1ccc(CSc2nc3ncccc3[nH]2)cc1
O=[N+]([O-])c1cccc(CSc2nc3ncc(Br)cc3[nH]2)c1,1,1,0.8987639288847319,c1ccc(CSc2nc3ncccc3[nH]2)cc1
Cc1ccccc1CSc1nc2ncc(Br)cc2[nH]1,1,1,0.9135199288657404,c1ccc(CSc2nc3ncccc3[nH]2)cc1
COc1ccc(-n2nc(C3CCN(C(=O)C4CC4)CC3)[nH]c2=O)cc1,1,1,0.9767157099628561,O=C(C1CC1)N1CCC(c2nn(-c3ccccc3)c(=O)[nH]2)CC1
COc1cc(/C=C(\C#N)C(=O)c2ccc(O)c(O)c2)cc(I)c1O,0,1,0.5120928792988066,O=C(C=Cc1ccccc1)c1ccccc1
CN(Cc1ccc(/C=C/C(=O)NO)cc1)CC12CC3CC(CC(C3)C1)C2,1,1,0.9929612511900182,c1ccc(CNCC23CC4CC(CC(C4)C2)C3)cc1
CCOC(=O)C1CCN(C(=O)C(C)(C)NC(=O)Nc2ccc(-c3ccccc3)cc2)CC1,1,1,0.9673260219963719,O=C(NCC(=O)N1CCCCC1)Nc1ccc(-c2ccccc2)cc1
O=c1c(-c2cccs2)ccc2n1C[C@H]1C[C@@H]2CN(C2CCOCC2)C1,1,1,0.9397497933913508,O=c1c(-c2cccs2)ccc2n1CC1CC2CN(C2CCOCC2)C1
Cc1nc2sccn2c(=O)c1S(=O)(=O)Nc1ccc(N2CCN(C)CC2)cc1,1,1,0.7926820301526373,O=c1c(S(=O)(=O)Nc2ccc(N3CCNCC3)cc2)cnc2sccn12
Cc1nc2sccn2c(=O)c1S(=O)(=O)Nc1ccc(N2CCN(S(C)(=O)=O)CC2)cc1,1,1,0.5166624582145058,O=c1c(S(=O)(=O)Nc2ccc(N3CCNCC3)cc2)cnc2sccn12
COc1cccc(NC(=O)c2cccc3c(=O)c4c([nH]c23)CCCC4)c1,1,1,0.8821001237832856,O=C(Nc1ccccc1)c1cccc2c(=O)c3c([nH]c12)CCCC3
C[C@]1(CO)CN(c2cc(C(=O)Nc3ccc4c(c3)-c3c(c(C(N)=O)nn3-c3ccc(F)cc3)CC4)c(Cl)cn2)C[C@@]1(C)CO,1,1,0.8025970927654886,O=C(Nc1ccc2c(c1)-c1c(cnn1-c1ccccc1)CC2)c1ccnc(N2CCCC2)c1
COc1cccc(CNc2ccc(S(=O)(=O)Nc3cccs3)cc2)c1O,1,1,0.8603892930665944,O=S(=O)(Nc1cccs1)c1ccc(NCc2ccccc2)cc1
O=C(Nc1nc(-c2ccccc2)cs1)c1ccncc1NS(=O)(=O)c1cccnc1,1,1,0.7262032743382373,O=C(Nc1nc(-c2ccccc2)cs1)c1ccncc1NS(=O)(=O)c1cccnc1
CC(=O)c1c(C)[nH]c(C(=O)Nc2cccc([S+](=O)([O-])Nc3ccncc3)c2)c1C,0,1,0.8266231883372942,O=C(Nc1cccc([SH+](=O)Nc2ccncc2)c1)c1ccc[nH]1
C[C@@H](O)CNC(C)(C)CC(=O)N[C@@H]1CCc2ccccc2N(Cc2ccc(-c3ccccc3-c3nn[nH]n3)cc2)C1=O,0,0,0.08570110633832734,O=C1CCCc2ccccc2N1Cc1ccc(-c2ccccc2-c2nn[nH]n2)cc1
COc1cc2ncnc(Oc3cccc(NC(=O)Nc4cc(C(C)(C)C(F)(F)F)on4)c3)c2cc1OC,1,1,0.8651023866755766,O=C(Nc1cccc(Oc2ncnc3ccccc23)c1)Nc1ccon1
O=C(c1ccc2ccccc2c1)N1CCN(c2ccc(O)cc2)CC1,1,1,0.964393597100047,O=C(c1ccc2ccccc2c1)N1CCN(c2ccccc2)CC1
CN(C)C(=O)c1cc(-c2ccc(S(C)(=O)=O)cc2)c2cnn(C)c2n1,1,1,0.971076639384812,c1ccc(-c2ccnc3[nH]ncc23)cc1
CC(C)C(=O)N1CCc2ccc(OCc3nc(C(=O)N4CCCC4)co3)cc2C1c1cccc(F)c1,1,1,0.9719167464067366,O=C(c1coc(COc2ccc3c(c2)C(c2ccccc2)NCC3)n1)N1CCCC1
CC1CCc2ccc(F)cc2N1S(=O)(=O)c1cccs1,1,1,0.9936292812700003,O=S(=O)(c1cccs1)N1CCCc2ccccc21
CCOc1ccccc1C(=O)NC1CCN(c2cc(C)cc(C)c2)C1=O,1,1,0.9371601481746359,O=C(NC1CCN(c2ccccc2)C1=O)c1ccccc1
CCCCCCCc1c(C)nc(N2CCOCC2)[nH]c1=O,1,1,0.9455654969274314,O=c1ccnc(N2CCOCC2)[nH]1
O=S(=O)(Nc1cccc(C(F)(F)F)c1)c1ccc(NS(=O)(=O)c2ccc3c(c2)OCCO3)cc1,1,1,0.77477047403519,O=S(=O)(Nc1ccccc1)c1ccc(NS(=O)(=O)c2ccc3c(c2)OCCO3)cc1
C[C@@H]1C(=O)O[C@H]2[C@H]1CC[C@@]1(C)Cc3sc(NS(=O)(=O)Cc4ccccc4)nc3[C@@H](C)[C@H]21,1,1,0.8929434711385288,O=C1CC2CCC3Cc4sc(NS(=O)(=O)Cc5ccccc5)nc4CC3C2O1
C=CC(=O)Nc1cccc(Oc2nc(Nc3ccc(N4CCN(C)CC4)cc3)ncc2Cl)c1,1,1,0.9427345917186352,c1ccc(Oc2ccnc(Nc3ccc(N4CCNCC4)cc3)n2)cc1
COc1ccc(CCNC(=O)c2cc3c(=O)n4ccccc4nc3n(CCCN3CCOCC3)c2=N)cc1,1,1,0.7621723493791709,N=c1c(C(=O)NCCc2ccccc2)cc2c(=O)n3ccccc3nc2n1CCCN1CCOCC1
NC(=O)C1CCN(c2cc(-c3ccc4c(c3)OCCCO4)ncn2)CC1,1,1,0.9767486645658228,c1nc(-c2ccc3c(c2)OCCCO3)cc(N2CCCCC2)n1
NC1CCC(Nc2nc(Nc3ccc(C(=O)N4CCCCC4)cc3)c3ncn(-c4cccc(F)c4)c3n2)CC1,1,1,0.5359697889851551,O=C(c1ccc(Nc2nc(NC3CCCCC3)nc3c2ncn3-c2ccccc2)cc1)N1CCCCC1
Cc1ccc(-c2nnc(N3CCC(C(N)=O)CC3)s2)cc1,1,1,0.9773146117636361,c1ccc(-c2nnc(N3CCCCC3)s2)cc1
NC(=O)C1CCN(c2nnc(-c3ccc(Br)cc3)s2)CC1,1,1,0.9653956358601932,c1ccc(-c2nnc(N3CCCCC3)s2)cc1
CN(C)c1cccc(-c2nnc(N3CCC(C(N)=O)CC3)s2)c1,1,1,0.9820811415772797,c1ccc(-c2nnc(N3CCCCC3)s2)cc1
O=c1c2ccccc2nc(/C=C/c2cccnc2)n1Cc1ccccc1,1,1,0.9816984322323163,O=c1c2ccccc2nc(C=Cc2cccnc2)n1Cc1ccccc1
O=C(NCCCNc1nc(Nc2cccc(CN3CCOCC3)c2)ncc1C1CC1)C1CCC1,1,1,0.9360615025017729,O=C(NCCCNc1nc(Nc2cccc(CN3CCOCC3)c2)ncc1C1CC1)C1CCC1
Cc1ccc(OCCn2c(CCNC(=O)c3ccccc3Br)nc3ccccc32)cc1,1,1,0.8411738633410683,O=C(NCCc1nc2ccccc2n1CCOc1ccccc1)c1ccccc1
Cc1ccc(OCCn2c(CCNC(=O)c3ccc(Cl)cc3)nc3ccccc32)cc1,1,1,0.8998885745286594,O=C(NCCc1nc2ccccc2n1CCOc1ccccc1)c1ccccc1
COc1ccc(-c2c(-c3cc(C(=O)O)ccn3)ncn2C)cc1,0,0,0.46468920939248,c1ccc(-c2[nH]cnc2-c2ccccn2)cc1
CC(C)c1ccc2oc3nc(N)c(C(=O)O)cc3c(=O)c2c1,0,0,0.35804868059088757,O=c1c2ccccc2oc2ncccc12
CCCCn1cc2c(c1-c1ccc(Br)cc1)c(=O)n(C)c(=O)n2C,1,1,0.9755172073187868,O=c1[nH]c(=O)c2c(-c3ccccc3)[nH]cc2[nH]1
CCOC(=O)N1CCN(C(=O)Cn2sc3nc(C)cc(C)c3c2=O)CC1,1,1,0.9902673391339195,O=C(Cn1sc2ncccc2c1=O)N1CCNCC1
CN(C(=O)CSc1nc2c(c(=O)[nH]1)CCCC2)c1ccccc1,1,1,0.9758671676712706,O=C(CSc1nc2c(c(=O)[nH]1)CCCC2)Nc1ccccc1
O=C(Nc1ncc(Cc2ccc(C(F)(F)F)cc2)s1)c1ccc(-c2cccnc2)o1,1,1,0.8706139938553935,O=C(Nc1ncc(Cc2ccccc2)s1)c1ccc(-c2cccnc2)o1
O=C(O)c1ccc(-c2c[nH]c3ncc(-c4ccccc4)cc23)cc1C1CCCC1,1,1,0.729417845915341,c1ccc(-c2cnc3[nH]cc(-c4cccc(C5CCCC5)c4)c3c2)cc1
Cc1ccc(S(=O)(=O)Nc2cnccc2C(=O)Nc2cccc3ccccc23)cc1,1,1,0.8510255433820212,O=C(Nc1cccc2ccccc12)c1ccncc1NS(=O)(=O)c1ccccc1
COc1ccc(NC(=O)c2cccnc2)cc1S(=O)(=O)Nc1ccc(Br)cc1,1,1,0.773599639907151,O=C(Nc1cccc(S(=O)(=O)Nc2ccccc2)c1)c1cccnc1
c1ccc(-c2nnc3n2NC(c2ccc4c(c2)OCO4)S3)cc1,1,1,0.9420927531305567,c1ccc(-c2nnc3n2NC(c2ccc4c(c2)OCO4)S3)cc1
COc1ccc(S(=O)(=O)N2CCN(C(=O)C3COc4ccccc4O3)CC2)cc1,1,1,0.87147325467683,O=C(C1COc2ccccc2O1)N1CCN(S(=O)(=O)c2ccccc2)CC1
O=C(c1ccncc1)N1CCC2(CCCN(C(c3ccccc3)c3ccccc3)C2)CC1,1,1,0.9243497908811987,O=C(c1ccncc1)N1CCC2(CCCN(C(c3ccccc3)c3ccccc3)C2)CC1
Nc1nc(N)c2c(OCC3CCN(Cc4ccccc4F)CC3)cccc2n1,1,1,0.8352426026422073,c1ccc(CN2CCC(COc3cccc4ncncc34)CC2)cc1
Cc1ccccc1C(=O)NC1CCN(c2ccc3nnc(C4CC4)n3n2)CC1,1,1,0.9729198877243503,O=C(NC1CCN(c2ccc3nnc(C4CC4)n3n2)CC1)c1ccccc1
O=C(Nc1ccc(S(=O)(=O)Nc2nccs2)cc1)c1ccc2ccccc2c1,0,1,0.5064322014359348,O=C(Nc1ccc(S(=O)(=O)Nc2nccs2)cc1)c1ccc2ccccc2c1
Cc1cnc(-c2ccccc2C(C)C)nc1NCC1CN(c2cccnc2)C1,1,1,0.960990206327018,c1ccc(-c2nccc(NCC3CN(c4cccnc4)C3)n2)cc1
CCOc1ccc(C2c3c(oc4ccc(C)cc4c3=O)C(=O)N2CCCN(C)C)cc1,1,1,0.8024938010713806,O=C1NC(c2ccccc2)c2c1oc1ccccc1c2=O
Cc1ccc2oc3c(c(=O)c2c1)C(c1ccc(O)cc1)N(CCCN(C)C)C3=O,0,1,0.6457657950626221,O=C1NC(c2ccccc2)c2c1oc1ccccc1c2=O
COc1ccc(C2c3c(oc4ccc(Cl)cc4c3=O)C(=O)N2CCCN(C)C)cc1OC,1,1,0.7946771053136933,O=C1NC(c2ccccc2)c2c1oc1ccccc1c2=O
C[C@H]1CN(C(=O)c2nn(C)c3ccccc23)C[C@@H]1c1nc(-c2ccncc2)no1,1,1,0.9550703808707154,O=C(c1n[nH]c2ccccc12)N1CCC(c2nc(-c3ccncc3)no2)C1
CCN(CC)CCOc1ccc2c(=O)c3ccc(Cl)cc3n(CCN(CC)CC)c2c1,1,1,0.9777276400519215,O=c1c2ccccc2[nH]c2ccccc12
Cc1cc(N=Nc2ccc(S(=O)(=O)Nc3ccccn3)cc2)c(N)cc1O,1,0,0.4464805023376225,O=S(=O)(Nc1ccccn1)c1ccc(N=Nc2ccccc2)cc1
CC(C)N(CCC(=O)c1ccc2ccccc2c1)Cc1ccccc1,1,1,0.9242534136084533,O=C(CCNCc1ccccc1)c1ccc2ccccc2c1
O=[S+]([O-])(Nc1ccc(C2CCNCC2)cc1)c1ccc(NCc2ccc(Br)cc2O)cc1,0,0,0.3629370212793253,O=[SH+](Nc1ccc(C2CCNCC2)cc1)c1ccc(NCc2ccccc2)cc1
O=[S+]([O-])(Nc1ccc(C2CCNCC2)cc1)c1ccc(NCc2ccc(Cl)cc2O)cc1,0,1,0.5334078750008605,O=[SH+](Nc1ccc(C2CCNCC2)cc1)c1ccc(NCc2ccccc2)cc1
O=C1C(SCCO)=C(SCCO)C(=O)c2ccccc21,1,1,0.9431516769413563,O=C1C=CC(=O)c2ccccc21
COc1ccc(-c2cn[nH]c2-c2ccc(OC)cc2)cc1,1,1,0.9682130801202032,c1ccc(-c2cn[nH]c2-c2ccccc2)cc1
CCN1CCN(c2ccc(Nc3ccc(-c4ccc(C(N)=O)cc4)n4ncnc34)cc2)CC1,1,1,0.8805997558667602,c1ccc(-c2ccc(Nc3ccc(N4CCNCC4)cc3)c3ncnn23)cc1
CCN1CCCC1CNC(=O)c1cc(S(=O)(=O)CC)c(N)cc1OC,0,0,0.43336383652874044,O=C(NCC1CCCN1)c1ccccc1
CCc1cc(Cl)c(OC)c(C(=O)NC[C@@H]2CCCN2CC)c1O,1,1,0.8136266084266854,O=C(NCC1CCCN1)c1ccccc1
CCCOC(=O)c1ccc(Oc2c(-c3ccc(O)cc3O)n[nH]c2C)cc1,1,1,0.926390223023084,c1ccc(Oc2c[nH]nc2-c2ccccc2)cc1
CC[C@H](C)[C@@H]([C@@H](CC(=O)N1CCC[C@H]1[C@H](OC)[C@@H](C)C(=O)N[C@@H](Cc1ccccc1)c1nccs1)OC)N(C)C(=O)[C@@H](NC(=O)[C@H](C(C)C)N(C)C)C(C)C,1,1,0.7787067233138562,O=C(CCC1CCCN1)NC(Cc1ccccc1)c1nccs1
Clc1ccc(-c2noc3ncnc(N4CCCCC4)c23)cc1,1,1,0.987963587653053,c1ccc(-c2noc3ncnc(N4CCCCC4)c23)cc1
O=C(O)CCC(=O)Nc1nc(-c2ccccc2)cs1,0,0,0.23869463636666272,c1ccc(-c2cscn2)cc1
COc1cccc(OC)c1C(=O)Nc1ccccc1C(=O)Nc1cccc(C(F)(F)F)c1,1,1,0.8521818210430485,O=C(Nc1ccccc1C(=O)Nc1ccccc1)c1ccccc1
CCCCOc1ccccc1C(=O)Nc1ccccc1C(=O)Nc1cccc(S(=O)(=O)C(F)(F)F)c1,0,0,0.39509471248779393,O=C(Nc1ccccc1C(=O)Nc1ccccc1)c1ccccc1
COc1ccccc1C(=O)Nc1ccccc1C(=O)Nc1cccc(S(=O)(=O)C(F)(F)F)c1,0,1,0.6849230594624632,O=C(Nc1ccccc1C(=O)Nc1ccccc1)c1ccccc1
Cc1cnc(-c2ccccc2C(C)C)nc1NCC1CCN(c2cccnc2)C1,1,1,0.9541354424734952,c1ccc(-c2nccc(NCC3CCN(c4cccnc4)C3)n2)cc1
COc1ccc(C(=O)Nc2ccc3c(c2)N(C2CCCC2)C(=O)c2ccccc2S3)cc1OC,1,1,0.8423152377574852,O=C(Nc1ccc2c(c1)N(C1CCCC1)C(=O)c1ccccc1S2)c1ccccc1
CC(=O)Nc1ccc(C(=O)Nc2ccc3c(c2)N(C2CCCC2)C(=O)c2ccccc2S3)cc1,1,1,0.7318146143877957,O=C(Nc1ccc2c(c1)N(C1CCCC1)C(=O)c1ccccc1S2)c1ccccc1
Cc1[nH]c2ccccc2c1CN1CCN(c2ccccn2)CC1,1,1,0.9357804624622297,c1ccc(N2CCN(Cc3c[nH]c4ccccc34)CC2)nc1
O=C(O)c1ccnc2cc(-c3nc4ccccc4n3CCN3CCCCC3)sc12,0,0,0.4693232707529809,c1ccc2c(c1)nc(-c1cc3ncccc3s1)n2CCN1CCCCC1
O=C(Nc1ccc(S(=O)(=O)Nc2nccs2)cc1)c1cc(-c2ccccc2)nc2ccccc12,0,0,0.3507061112310217,O=C(Nc1ccc(S(=O)(=O)Nc2nccs2)cc1)c1cc(-c2ccccc2)nc2ccccc12
CCOc1cc(CNc2ccc(O)cc2)ccc1OCc1ccc(Cl)cc1,0,1,0.7697304087480187,c1ccc(COc2ccc(CNc3ccccc3)cc2)cc1
OCc1ccc(-c2cc3c(ccn3Cc3cccnc3)c(C3=CCOCC3)n2)cc1,1,1,0.9764247774459431,C1=C(c2nc(-c3ccccc3)cc3c2ccn3Cc2cccnc2)CCOC1
Cc1nc2ccc(Nc3nc(-c4ccncc4)nc4ccccc34)cc2s1,1,1,0.9513382576835933,c1ccc2c(Nc3ccc4ncsc4c3)nc(-c3ccncc3)nc2c1
c1ccc2c(N3CCOCC3)nc(-c3ccncc3)nc2c1,1,1,0.9590901469189325,c1ccc2c(N3CCOCC3)nc(-c3ccncc3)nc2c1
Cc1ccccc1C(=O)N1CCc2cc(-c3nc(NC(=O)c4ccc5c(c4)OCO5)sc3C)ccc21,1,1,0.757139137005162,O=C(Nc1nc(-c2ccc3c(c2)CCN3C(=O)c2ccccc2)cs1)c1ccc2c(c1)OCO2
COc1ccc(Cn2c(=O)[nH]c3cc(C(=O)NCCCN4CCCCC4)ccc3c2=O)cc1,1,1,0.882158001623709,O=C(NCCCN1CCCCC1)c1ccc2c(=O)n(Cc3ccccc3)c(=O)[nH]c2c1
Oc1ccc2[nH]cc(CCCCN3CC=C(c4ccccc4)CC3)c2c1,1,1,0.9350219363089862,C1=C(c2ccccc2)CCN(CCCCc2c[nH]c3ccccc23)C1
N#Cc1cnc(NS(=O)(=O)c2ccc(NC(=O)Cc3ccc(F)c(Cl)c3)cc2)s1,0,1,0.5059325076483232,O=C(Cc1ccccc1)Nc1ccc(S(=O)(=O)Nc2nccs2)cc1
O=C(Cc1ccccc1)Nc1ccc(S(=O)(=O)Nc2nccs2)cc1,0,0,0.4845026146466761,O=C(Cc1ccccc1)Nc1ccc(S(=O)(=O)Nc2nccs2)cc1
O=C1CCCC2=C1C1(CCS(=O)(=O)C1)N=C(Nc1nc3ccccc3o1)N2,1,1,0.9809337572969157,O=C1CCCC2=C1C1(CCS(=O)(=O)C1)N=C(Nc1nc3ccccc3o1)N2
COc1ccc(CCNc2ncnc3onc(C)c23)c(OC)c1,1,1,0.9683169992374072,c1ccc(CCNc2ncnc3oncc23)cc1
COc1cccc(CNc2ccc(S(=O)(=O)Nc3nc4ccccc4o3)cc2)c1O,1,1,0.6479698990776491,O=S(=O)(Nc1nc2ccccc2o1)c1ccc(NCc2ccccc2)cc1
CC(C)c1ccccc1-c1ncc(F)c(NCc2ccc(-c3cccnc3)s2)n1,1,1,0.9200095785429285,c1ccc(-c2nccc(NCc3ccc(-c4cccnc4)s3)n2)cc1
O=C(c1nc(-c2ccc(Cl)cc2Cl)c2cnccn12)N1CCOCC1,1,1,0.9545649107683584,O=C(c1nc(-c2ccccc2)c2cnccn12)N1CCOCC1
C[S+](=O)([O-])c1ccc(-c2nc(C(=O)N3CCOCC3)n3ccncc23)cc1,0,1,0.7651277847491302,O=C(c1nc(-c2ccccc2)c2cnccn12)N1CCOCC1
COc1cc2nccc(Oc3ccc(NC(=O)C4(C(=O)Nc5ccc(F)cc5)CC4)cc3)c2cc1OC,1,1,0.6560540354084693,O=C(Nc1ccccc1)C1(C(=O)Nc2ccc(Oc3ccnc4ccccc34)cc2)CC1
Cc1ccc(C2=NN=C(NC(=O)CSc3nncn3C)SC2)cc1,1,1,0.9921593646966744,O=C(CSc1nnc[nH]1)NC1=NN=C(c2ccccc2)CS1
O=C(Nc1cncc(Cc2ccccc2)c1)c1ccc(-c2cccc([N+](=O)[O-])c2)o1,1,1,0.9260290429084873,O=C(Nc1cncc(Cc2ccccc2)c1)c1ccc(-c2ccccc2)o1
COC(=O)c1ccc(Oc2nc3c(c(=O)n(C)c(=O)n3C)n2CCC(C)C)cc1,1,1,0.9726055788684977,O=c1[nH]c(=O)c2[nH]c(Oc3ccccc3)nc2[nH]1
O=C(CCc1ccccc1)Nc1ccc(S(=O)(=O)Nc2nccs2)cc1,0,1,0.5635631544446893,O=C(CCc1ccccc1)Nc1ccc(S(=O)(=O)Nc2nccs2)cc1
c1cn2cc(-c3ccc4cn[nH]c4c3)nc(Nc3ccc(N4CCOCC4)cc3)c2n1,1,1,0.8570490700366457,c1cn2cc(-c3ccc4cn[nH]c4c3)nc(Nc3ccc(N4CCOCC4)cc3)c2n1
Nc1ccccc1OCCn1c(CCNC(=O)C2CCCCC2)nc2ccccc21,1,1,0.9251510629544721,O=C(NCCc1nc2ccccc2n1CCOc1ccccc1)C1CCCCC1
Cc1ccc(OCCn2c(CCNC(=O)C3CCCCC3)nc3ccccc32)cc1,1,1,0.958891127331021,O=C(NCCc1nc2ccccc2n1CCOc1ccccc1)C1CCCCC1
COCCCOc1ccnc(CS(=O)c2nc3ccccc3[n-]2)c1C,1,1,0.9765008547596532,O=S(Cc1ccccn1)c1nc2ccccc2[n-]1
Cc1ccc(S(=O)(=O)Nc2ccncc2C(=O)Nc2nc(-c3ccccc3)cs2)cc1,0,1,0.6702406767533742,O=C(Nc1nc(-c2ccccc2)cs1)c1cnccc1NS(=O)(=O)c1ccccc1
Cc1nn2c(c1-c1ccccc1-c1ccccc1)N(Cc1ccc(C(=O)O)s1)CCC2,1,1,0.762552950625302,c1ccc(-c2ccccc2-c2cnn3c2N(Cc2cccs2)CCC3)cc1
Cc1ccc(S(=O)(=O)Nc2cnccc2C(=O)Nc2nc3ccccc3s2)cc1,1,1,0.8577548494617415,O=C(Nc1nc2ccccc2s1)c1ccncc1NS(=O)(=O)c1ccccc1
Nc1c(-c2ccncc2)cc[nH]c1=O,0,1,0.7748729623269112,O=c1cc(-c2ccncc2)cc[nH]1
CCCCN(CC)CCNC(=O)c1cc2c(-c3ccc(Cl)cc3)nn(C)c2s1,1,1,0.9458212060177449,c1ccc(-c2n[nH]c3sccc23)cc1
Fc1cc(Nc2nc(-c3ccncc3)nc3ccccc23)ccc1N1CCCCC1,1,1,0.9497986911320262,c1ccc2c(Nc3ccc(N4CCCCC4)cc3)nc(-c3ccncc3)nc2c1
COc1ccc(CN2CCc3c(c(=O)n4ncc(C(=O)N5CCN(c6ccccc6OC)CC5)c4n3C)C2)cc1,1,1,0.9099193091843784,O=C(c1cnn2c(=O)c3c([nH]c12)CCN(Cc1ccccc1)C3)N1CCN(c2ccccc2)CC1
COc1ccccc1NS(=O)(=O)c1cccc(NC(=O)c2[nH]c(C)c(C(C)=O)c2C)c1,1,1,0.8945008830327958,O=C(Nc1cccc(S(=O)(=O)Nc2ccccc2)c1)c1ccc[nH]1
COc1ccccc1N1CCN(CCN(C(=O)c2ccc(F)cc2)c2ccccn2)CC1,1,1,0.9635414306183907,O=C(c1ccccc1)N(CCN1CCN(c2ccccc2)CC1)c1ccccn1
COc1ccccc1N1CCN(CCN(C(=O)c2ccc(I)cc2)c2ccccn2)CC1,1,1,0.930564864833322,O=C(c1ccccc1)N(CCN1CCN(c2ccccc2)CC1)c1ccccn1
Cc1ccc(S(=O)(=O)Nc2cnccc2C(=O)Nc2ccc(N3CCOCC3)cc2)cc1,1,1,0.7953955052365049,O=C(Nc1ccc(N2CCOCC2)cc1)c1ccncc1NS(=O)(=O)c1ccccc1
O=C(Nc1ccc(S(=O)(=O)Nc2nccs2)cc1)c1ccncc1,0,0,0.4505762865643362,O=C(Nc1ccc(S(=O)(=O)Nc2nccs2)cc1)c1ccncc1
COc1ccc(-n2nc(C3CCCN(C(=O)Cc4ccccn4)C3)[nH]c2=O)cc1,1,1,0.9491661405217272,O=C(Cc1ccccn1)N1CCCC(c2nn(-c3ccccc3)c(=O)[nH]2)C1
Cc1cc(NS(=O)(=O)c2ccc(NC(=O)Cc3ccc(Cl)c(Cl)c3)cc2)n(C)n1,1,1,0.8517127370120837,O=C(Cc1ccccc1)Nc1ccc(S(=O)(=O)Nc2ccn[nH]2)cc1
COc1ccc(N(C)C(=O)c2cc3c(s2)-c2ccccc2OC3)cc1,1,1,0.9723499501856632,O=C(Nc1ccccc1)c1cc2c(s1)-c1ccccc1OC2
Cc1sc2c(c1C)C(c1ccc(Cl)cc1)=N[C@H](CC(=O)NCCCCNC(=O)COc1cccc3c1C(=O)N([C@H]1CCC(=O)NC1=O)C3=O)c1nnc(C)n1-2,0,0,0.326346522120868,O=C(COc1cccc2c1C(=O)N(C1CCC(=O)NC1=O)C2=O)NCCCCNC(=O)CC1N=C(c2ccccc2)c2ccsc2-n2cnnc21
COc1cc(OC)c2c(=O)[nH]c(-c3cc(C)c(OCCO)c(C)c3)nc2c1,1,1,0.8729824495609616,O=c1[nH]c(-c2ccccc2)nc2ccccc12
COC(=O)[C@@]12OC[C@]34[C@H]([C@@H](O)[C@@H]1O)[C@@]1(C)CC(=O)C(O)=C(C)[C@@H]1C[C@H]3OC(=O)[C@H](OC(=O)/C=C(\C)C(C)C)[C@@H]24,1,1,0.978958383569488,O=C1C=CC2CC3OC(=O)CC4C5CCC(C2C1)C34CO5
CCOC(=O)c1nc(Nc2ccc(N3CCC(C)CC3)cc2)c2ccccc2n1,1,1,0.9753554456818445,c1ccc2c(Nc3ccc(N4CCCCC4)cc3)ncnc2c1
N#Cc1ccc(-c2ccc(CNc3ccc(C4CCNCC4)cc3)o2)cc1,1,1,0.9005511478789568,c1ccc(-c2ccc(CNc3ccc(C4CCNCC4)cc3)o2)cc1
Cn1cc2c3c(cccc31)CN(C(=O)c1ccc(F)c(Cl)c1)CC2,1,1,0.9753130255294383,O=C(c1ccccc1)N1CCc2c[nH]c3cccc(c23)C1
CCOC(=O)C1=C(C)NC(=O)CC1C(=O)Nc1cc(Cl)cc(Cl)c1,1,1,0.931040157659437,O=C1CC(C(=O)Nc2ccccc2)C=CN1
COC(=O)C1=C(C)NC(=O)CC1C(=O)Nc1ccc(Cl)cc1,1,1,0.9309189102874079,O=C1CC(C(=O)Nc2ccccc2)C=CN1
CC(C)(C)n1cnc2cc(C(=O)N3CCCCC3)ccc21,1,1,0.9826375932398548,O=C(c1ccc2[nH]cnc2c1)N1CCCCC1
COc1c(Cl)cc2c([nH]c3cnccc32)c1NC(=O)c1cccnc1C,1,1,0.9836962883672941,O=C(Nc1cccc2c1[nH]c1cnccc12)c1cccnc1
CC(C)(C)c1ccc(C(=O)Nc2cn3cc(-n4ccnc4)ccc3n2)cc1,1,1,0.9559310948500773,O=C(Nc1cn2cc(-n3ccnc3)ccc2n1)c1ccccc1
CCC(CC)c1cc([C@H]2CN3CC[C@H]2C[C@@H]3CNC(=O)Cc2cccs2)nc(-c2ccncc2)n1,1,1,0.9767512654491181,O=C(Cc1cccs1)NCC1CC2CCN1CC2c1ccnc(-c2ccncc2)n1
C#CC1(O)CCC2C3CCC4=C/C(=N/OCC(=O)NCC(=O)NC(C(=O)O)C(C)C)CC[C@]4(C)C3CC[C@@]21C,0,0,0.1270795596203655,N=C1C=C2CCC3C4CCCC4CCC3C2CC1
C#C[C@]1(OC(C)=O)CC[C@H]2[C@@H]3CCC4=C/C(=N/O)CC[C@@H]4[C@H]3CC[C@@]21CC,1,1,0.9917174545990635,N=C1C=C2CCC3C4CCCC4CCC3C2CC1
CC(C)CN(CC(=O)N(CCCN1CCCC1=O)CC(N)=O)C(=O)CNCCc1ccccc1F,1,1,0.6590890813237759,O=C(CNCCc1ccccc1)NCC(=O)NCCCN1CCCC1=O
COc1cc2c3cc1Oc1c(O)c(OC)cc4c1[C@@H](Cc1ccc(cc1)Oc1cc(ccc1O)C[C@H]3N(C)CC2)N(C)CC4,1,1,0.8616786058830633,c1cc2cc(c1)Oc1ccc(cc1)CC1NCCc3cccc(c31)Oc1ccc3c(c1)C(C2)NCC3
O=C(Nc1ncnc2sc3c(c12)CCCCC3)c1ccco1,1,1,0.9685514562083917,O=C(Nc1ncnc2sc3c(c12)CCCCC3)c1ccco1
COc1cccc(CNc2ccc(S(=O)(=O)Nc3nc4ccccc4s3)cc2)c1O,1,1,0.8902898431400786,O=S(=O)(Nc1nc2ccccc2s1)c1ccc(NCc2ccccc2)cc1
Cc1ccc(-n2ncc3c(NCCCn4ccnc4)ncnc32)cc1Cl,1,1,0.976155482506557,c1ccc(-n2ncc3c(NCCCn4ccnc4)ncnc32)cc1
Cc1csc2nc(-c3cccc(NC(=O)c4ccccc4Cl)c3)cn12,1,1,0.7646343410771914,O=C(Nc1cccc(-c2cn3ccsc3n2)c1)c1ccccc1
Cc1csc2nc(-c3cccc(NC(=O)c4cccc(F)c4)c3)cn12,1,1,0.8491414066073925,O=C(Nc1cccc(-c2cn3ccsc3n2)c1)c1ccccc1
CC1CN(c2ccc(Nc3nc(-c4ccncc4)nc4ccccc34)cc2F)CC(C)O1,1,1,0.9556256490353893,c1ccc2c(Nc3ccc(N4CCOCC4)cc3)nc(-c3ccncc3)nc2c1
CC(C)c1ccc(OCc2nc3c(n2Cc2ccccc2)C(=O)N(CC2CCOCC2)CCN3)cc1,1,1,0.912671214790715,O=C1c2c(nc(COc3ccccc3)n2Cc2ccccc2)NCCN1CC1CCOCC1
CCOC(=O)N1CCN(Cc2nc3cc(NC(=O)CC(C)C)ccc3n2C(C)C)CC1,1,1,0.9723564797918588,c1ccc2[nH]c(CN3CCNCC3)nc2c1
COc1ccc2c3c([nH]c2c1)C1CC2C(CC(O)C(OC)C2CO)CN1CC3,0,0,0.4664354460438117,c1ccc2c3c([nH]c2c1)C1CC2CCCCC2CN1CC3
CCOC(=O)N1CCN(Cc2nc3cc(NC(=O)c4ccc(OC)cc4)ccc3n2C(C)C)CC1,1,1,0.9652903657226045,O=C(Nc1ccc2[nH]c(CN3CCNCC3)nc2c1)c1ccccc1
O=C(O)c1ccc(Nc2nc(-c3cc4ccccc4oc3=O)cs2)cc1O,0,0,0.0923693398716926,O=c1oc2ccccc2cc1-c1csc(Nc2ccccc2)n1
CC(=O)c1c(C)oc2ccc(N(C(=O)Oc3ccccc3)S(=O)(=O)c3ccccc3)cc12,1,1,0.8713018116205153,O=C(Oc1ccccc1)N(c1ccc2occc2c1)S(=O)(=O)c1ccccc1
O=C(Nc1ccc(S(=O)(=O)Nc2nccs2)cc1)c1ccnc2ccccc12,0,0,0.45049157803892204,O=C(Nc1ccc(S(=O)(=O)Nc2nccs2)cc1)c1ccnc2ccccc12
O=[S+]([O-])(Nc1ccc(N2CCNCC2)cc1)c1ccc(NCc2cccc(Cl)c2O)cc1,0,1,0.5341278448226918,O=[SH+](Nc1ccc(N2CCNCC2)cc1)c1ccc(NCc2ccccc2)cc1
O=[S+]([O-])(Nc1ccc(N2CCNCC2)cc1)c1ccc(NCc2ccc(Br)cc2O)cc1,0,0,0.3960872810318718,O=[SH+](Nc1ccc(N2CCNCC2)cc1)c1ccc(NCc2ccccc2)cc1
O=[S+]([O-])(Nc1ccc(N2CCNCC2)cc1)c1ccc(NCc2ccc(Cl)cc2O)cc1,0,1,0.5486044445111253,O=[SH+](Nc1ccc(N2CCNCC2)cc1)c1ccc(NCc2ccccc2)cc1
NC(=O)c1cnc(N[C@@H]2CCCC[C@@H]2N)nc1Nc1cccc(-n2nccn2)c1,1,1,0.5686622779263448,c1cc(Nc2ccnc(NC3CCCCC3)n2)cc(-n2nccn2)c1
NC(=O)COc1ccc(C2CC(=O)Nc3n[nH]c(Nc4ccccc4)c32)cc1,0,1,0.7470366617926523,O=C1CC(c2ccccc2)c2c(n[nH]c2Nc2ccccc2)N1
Cc1cc(C)nc(NS(=O)(=O)c2ccc(NC(=S)NC(=O)COc3ccc(Br)cc3Cl)cc2)n1,1,1,0.9026477904091805,O=C(COc1ccccc1)NC(=S)Nc1ccc(S(=O)(=O)Nc2ncccn2)cc1
CCCCC(C)/C=C(C)/C=C(\C)C(=O)NC1=CC(O)(/C=C/C=C/C=C/C(=O)NC2=C(O)CCC2=O)C2OC2C1=O,1,1,0.9095387438850489,O=C(C=CC=CC=CC1C=CC(=O)C2OC12)NC1=CCCC1=O
Cc1ccc(N(C)S(=O)(=O)c2ccc(-c3cnc(C4CC4)o3)cc2)cc1,1,1,0.986425073044387,O=S(=O)(Nc1ccccc1)c1ccc(-c2cnc(C3CC3)o2)cc1
CC1(C)CNc2cc(NC(=O)c3cccnc3NCc3ccncc3)ccc21,1,1,0.9486419757859144,O=C(Nc1ccc2c(c1)NCC2)c1cccnc1NCc1ccncc1
Clc1ccc(C2(c3ccc(-c4cn[nH]c4)cc3)CCNCC2)cc1,1,1,0.9521071618065879,c1ccc(C2(c3ccc(-c4cn[nH]c4)cc3)CCNCC2)cc1
O=C(Cc1ccc(O)cc1)N1CC(CNc2ccccc2)C2(C1)CN(c1ccccc1)C2,1,1,0.8783491324141064,O=C(Cc1ccccc1)N1CC(CNc2ccccc2)C2(C1)CN(c1ccccc1)C2
COc1ncccc1-c1cc2c(ccn2CC2CCN([S+](C)(=O)[O-])CC2)c(N2CCOCC2)n1,1,1,0.9454798532560296,c1cncc(-c2cc3c(ccn3CC3CCNCC3)c(N3CCOCC3)n2)c1
CC(C)(O)Cn1c(NC(=O)c2ccc(-c3cn[nH]c3)s2)nc2cc(CN3CCOCC3)ccc21,1,1,0.9298437166824148,O=C(Nc1nc2cc(CN3CCOCC3)ccc2[nH]1)c1ccc(-c2cn[nH]c2)s1
Brc1ccc(-c2csc(N3CCOCC3)n2)cc1,0,1,0.9028433245924113,c1ccc(-c2csc(N3CCOCC3)n2)cc1
Cc1cccc(C)c1Nc1c(-c2cccs2)nc2ncccn12,1,1,0.964150227174327,c1ccc(Nc2c(-c3cccs3)nc3ncccn23)cc1
COc1ccc(CN2CCNc3cc(Nc4ccccc4)ncc3C2)cn1,1,1,0.9488362852963143,c1ccc(Nc2cc3c(cn2)CN(Cc2cccnc2)CCN3)cc1
NC(=O)C1CCN(c2nc(-c3ccc4c(c3)CCO4)cs2)CC1,1,1,0.9532220485472799,c1cc2c(cc1-c1csc(N3CCCCC3)n1)CCO2
O=C(c1ccccc1)N1CCC(c2nn(-c3ccc(F)cc3)c(=O)[nH]2)CC1,1,1,0.9228682691027343,O=C(c1ccccc1)N1CCC(c2nn(-c3ccccc3)c(=O)[nH]2)CC1
COc1ccc(-n2nc(C3CCN(C(=O)c4ccccc4)CC3)[nH]c2=O)cc1,1,1,0.9341025601684799,O=C(c1ccccc1)N1CCC(c2nn(-c3ccccc3)c(=O)[nH]2)CC1
COc1ccc(NC(=O)c2[nH]c(C)c(C(C)=O)c2C)cc1S(=O)(=O)N1CCCCC1,1,1,0.9661911898553266,O=C(Nc1cccc(S(=O)(=O)N2CCCCC2)c1)c1ccc[nH]1
CC(=O)c1c(C)[nH]c(C(=O)Nc2cccc(S(=O)(=O)N3CCCCC3)c2)c1C,1,1,0.9607125765979243,O=C(Nc1cccc(S(=O)(=O)N2CCCCC2)c1)c1ccc[nH]1
COc1ccc(C2Nc3ccccc3C(=O)N2Cc2ccco2)cc1COc1ccc(NC(C)=O)cc1,1,1,0.78940886790227,O=C1c2ccccc2NC(c2cccc(COc3ccccc3)c2)N1Cc1ccco1
Cc1cnc(-c2ccccc2C2COC2)nc1NCc1ccc(-n2ccnn2)cc1,0,1,0.9281632744869948,c1ccc(C2COC2)c(-c2nccc(NCc3ccc(-n4ccnn4)cc3)n2)c1
CCC(CC)C(=O)NC[C@@H]1C=C(C)[C@H](Cc2nc3c(C)cccc3[nH]2)C[C@H]1C(C)C,1,1,0.8918637853973884,C1=CC(Cc2nc3ccccc3[nH]2)CCC1
Cc1ccc(S(=O)(=O)Nc2cnccc2C(=O)Nc2nc(-c3cc(Br)cs3)cs2)cc1,0,1,0.584873572375426,O=C(Nc1nc(-c2cccs2)cs1)c1ccncc1NS(=O)(=O)c1ccccc1
CCc1oc2ccccc2c1C(=O)c1cc(Br)c(O)c(Br)c1,1,1,0.7996870830536912,O=C(c1ccccc1)c1coc2ccccc12
CCc1oc2ccccc2c1C(=O)c1cc(I)c(O)c(I)c1,1,1,0.848305447485164,O=C(c1ccccc1)c1coc2ccccc12
CCOc1ccc(CCNC(=O)c2cc3ncccc3n2Cc2cccc(C)c2)cc1OCC,1,1,0.8323221279021344,O=C(NCCc1ccccc1)c1cc2ncccc2n1Cc1ccccc1
CC(C)(O)/C=C\C(=O)[C@](C)(O)[C@H]1[C@H](O)C[C@]2(C)[C@@H]3CC=C4[C@@H](C=C(O)C(=O)C4(C)C)[C@]3(C)C(=O)C[C@@]12C,1,1,0.9631009300288876,O=C1C=CC2C(=CCC3C4CCCC4CC(=O)C23)C1
CCOc1ccc(CCNC(=O)c2ccnn2Cc2ccccn2)cc1OCC,1,1,0.947295980554093,O=C(NCCc1ccccc1)c1ccnn1Cc1ccccn1
COc1cccc(CNc2ccc(S(=O)(=O)Nc3cccc(N4CCNCC4)c3)cc2)c1O,1,1,0.6599432423664514,O=S(=O)(Nc1cccc(N2CCNCC2)c1)c1ccc(NCc2ccccc2)cc1
CCCCCCOc1ccc(OC(=O)c2ccncc2)cc1,1,1,0.9682370007305284,O=C(Oc1ccccc1)c1ccncc1
COC(=O)Nc1nc2ccc(SC(C)C)cc2[nH]1,1,1,0.9304231595902057,c1ccc2[nH]cnc2c1
COc1ccc(S(=O)(=O)N2CCCCCC2)cc1NC(=O)Cc1n[nH]c(=O)c2ccccc12,0,1,0.7321149932409984,O=C(Cc1n[nH]c(=O)c2ccccc12)Nc1cccc(S(=O)(=O)N2CCCCCC2)c1
Cc1ccc(S(=O)(=O)Nc2cnccc2C(=O)Nc2nc(-c3ccncc3)cs2)cc1,1,1,0.7830790386901411,O=C(Nc1nc(-c2ccncc2)cs1)c1ccncc1NS(=O)(=O)c1ccccc1
Cc1noc(C)c1-c1ccc(-c2cc(C(N)=O)c(NC(N)=O)s2)c(O[C@H]2CCNC2)c1,0,1,0.5532214840637907,c1csc(-c2ccc(-c3cnoc3)cc2OC2CCNC2)c1
CN(C)C(=O)c1nc(-c2ccc(Cl)cc2Cl)c2cnccn12,1,1,0.9479208440396826,c1ccc(-c2ncn3ccncc23)cc1
COC(=O)CNC(=O)c1nc(-c2ccc([S+](C)(=O)[O-])cc2)c2cnccn12,0,1,0.5229034951504254,c1ccc(-c2ncn3ccncc23)cc1
C#CCNC(=O)c1nc(-c2ccc([S+](C)(=O)[O-])cc2)c2cnccn12,0,1,0.5123843377272757,c1ccc(-c2ncn3ccncc23)cc1
CN(C)C(=O)c1nc(-c2ccc(S(C)(=O)=O)cc2)c2cnccn12,1,1,0.8666251601599362,c1ccc(-c2ncn3ccncc23)cc1
COC(=O)CNC(=O)c1nc(-c2ccc(Cl)cc2Cl)c2cnccn12,1,1,0.8786904616200059,c1ccc(-c2ncn3ccncc23)cc1
NC(=O)NCC(=O)N[C@H]1CC[C@H](Nc2nccc(-c3ccncc3)n2)C1,0,0,0.38882087332443405,c1cc(-c2ccnc(NC3CCCC3)n2)ccn1
CN(C)CCOc1ccc(C(=C(CCCl)c2ccccc2)c2ccccc2)cc1,0,0,0.48316398130502053,C(=C(c1ccccc1)c1ccccc1)c1ccccc1
O=C(Nc1ccccc1)C1CCN(c2nc(-c3ccc(Br)cc3)cs2)CC1,1,1,0.8105559316931351,O=C(Nc1ccccc1)C1CCN(c2nc(-c3ccccc3)cs2)CC1
CNc1sc(-c2cccc3ccccc23)nc1C#N,1,1,0.9075936342418516,c1ccc2c(-c3nccs3)cccc2c1
Nc1nc(N)c2cc(Sc3ccc4ccccc4c3)ccc2n1,1,1,0.8896908478036517,c1ccc2cc(Sc3ccc4ncncc4c3)ccc2c1
CCC(CC)(NC(=O)C(C)C)C(=O)N[C@@H](CCCN=C(N)N)C(=O)NC1(C(=O)NC(c2ccc(F)cc2)c2ccc(F)cc2)CCCC1,0,0,0.05711228347748616,O=C(NC(c1ccccc1)c1ccccc1)C1CCCC1
COc1ccc2c(c1)CCc1c-2n[nH]c1C(=O)N1CCc2c(nc3cc(-c4ccccc4)[nH]n3c2=O)C1,1,1,0.8009882353656396,O=C(c1[nH]nc2c1CCc1ccccc1-2)N1CCc2c(nc3cc(-c4ccccc4)[nH]n3c2=O)C1
Cc1ccc(C(=O)NC2CCN(c3cnn(CC4CC4)c(=O)c3)CC2)cc1C,1,1,0.9747686893009465,O=C(NC1CCN(c2cnn(CC3CC3)c(=O)c2)CC1)c1ccccc1
c1coc(-c2nc3ccncc3[nH]2)c1,1,1,0.9584531619261866,c1coc(-c2nc3ccncc3[nH]2)c1
Cc1cc(-c2nnc3n2CCCCC3)c(C)n1-c1cccnc1,1,1,0.9912324623406652,c1cncc(-n2ccc(-c3nnc4n3CCCCC4)c2)c1
Cc1ccc(S(=O)(=O)Nc2ccccc2C(=O)Nc2nc(-c3ccccc3)c(C)s2)cc1,1,1,0.7301889277400523,O=C(Nc1nc(-c2ccccc2)cs1)c1ccccc1NS(=O)(=O)c1ccccc1
Cc1ccc(S(=O)(=O)Nc2cc(Br)ccc2C(=O)Nc2nc(-c3ccccc3)cs2)cc1,0,0,0.4359112093946152,O=C(Nc1nc(-c2ccccc2)cs1)c1ccccc1NS(=O)(=O)c1ccccc1
Cc1ccc(S(=O)(=O)Nc2ccc(Br)cc2C(=O)Nc2nc(-c3ccccc3)cs2)cc1,0,0,0.43899284972966046,O=C(Nc1nc(-c2ccccc2)cs1)c1ccccc1NS(=O)(=O)c1ccccc1
COc1ccc(-c2csc(NC(=O)c3ccccc3NS(=O)(=O)c3ccc(C)cc3)n2)cc1,0,1,0.5722779422032336,O=C(Nc1nc(-c2ccccc2)cs1)c1ccccc1NS(=O)(=O)c1ccccc1
Cc1ccc(-c2csc(NC(=O)c3ccccc3NS(=O)(=O)c3ccc(C)cc3)n2)cc1,1,1,0.7281784032271377,O=C(Nc1nc(-c2ccccc2)cs1)c1ccccc1NS(=O)(=O)c1ccccc1
Cc1ccc(S(=O)(=O)Nc2ccccc2C(=O)Nc2nc(-c3ccc(Cl)cc3)cs2)cc1,1,1,0.6882295626586369,O=C(Nc1nc(-c2ccccc2)cs1)c1ccccc1NS(=O)(=O)c1ccccc1
Cc1ccc(S(=O)(=O)Nc2ccccc2C(=O)Nc2nc(-c3ccccc3)cs2)cc1,1,1,0.7395133769835677,O=C(Nc1nc(-c2ccccc2)cs1)c1ccccc1NS(=O)(=O)c1ccccc1
Cc1ccc(S(=O)(=O)Nc2ccc(OC(F)(F)F)cc2C(=O)Nc2nc(-c3ccccc3)cs2)cc1,0,0,0.26940013982423744,O=C(Nc1nc(-c2ccccc2)cs1)c1ccccc1NS(=O)(=O)c1ccccc1
Cc1ccc(S(=O)(=O)Nc2cc(Cl)c(Cl)cc2C(=O)Nc2nc(-c3ccccc3)cs2)cc1,0,1,0.5610039827437359,O=C(Nc1nc(-c2ccccc2)cs1)c1ccccc1NS(=O)(=O)c1ccccc1
Cc1ccc(S(=O)(=O)Nc2cc(Cl)ccc2C(=O)Nc2nc(-c3ccccc3)cs2)cc1,1,1,0.6671513405839063,O=C(Nc1nc(-c2ccccc2)cs1)c1ccccc1NS(=O)(=O)c1ccccc1
Cc1ccc(S(=O)(=O)Nc2ccc(C)cc2C(=O)Nc2nc(-c3ccccc3)cs2)cc1,0,1,0.6653544595191151,O=C(Nc1nc(-c2ccccc2)cs1)c1ccccc1NS(=O)(=O)c1ccccc1
Cc1ccc(S(=O)(=O)Nc2cc(F)ccc2C(=O)Nc2nc(-c3ccccc3)cs2)cc1,1,1,0.6803915210513709,O=C(Nc1nc(-c2ccccc2)cs1)c1ccccc1NS(=O)(=O)c1ccccc1
COc1cc(NS(=O)(=O)c2ccc(C)cc2)c(C(=O)Nc2nc(-c3ccccc3)cs2)cc1OC,1,1,0.5995599646845896,O=C(Nc1nc(-c2ccccc2)cs1)c1ccccc1NS(=O)(=O)c1ccccc1
Cc1ccc(S(=O)(=O)Nc2ccc(F)cc2C(=O)Nc2nc(-c3ccccc3)cs2)cc1,1,1,0.6960782134435646,O=C(Nc1nc(-c2ccccc2)cs1)c1ccccc1NS(=O)(=O)c1ccccc1
O=C(NCc1ccc(S(=O)(=O)c2cccc(C(F)(F)F)c2)cc1)c1cnc2[nH]ncc2c1,1,1,0.9241077606261431,O=C(NCc1ccc(S(=O)(=O)c2ccccc2)cc1)c1cnc2[nH]ncc2c1
COc1ccc(OC)c(-c2nnc3n2N=C(c2c(OC)cccc2OC)CS3)c1,1,1,0.8543302843924501,c1ccc(C2=Nn3c(nnc3-c3ccccc3)SC2)cc1
COc1ccc(-c2cc(-c3cccc(NC(C)=O)c3)cn3cncc23)cn1,1,1,0.9553471772979102,c1ccc(-c2cc(-c3cccnc3)c3cncn3c2)cc1
OCc1cccc(-c2cc(-c3cccnc3)c3cncn3c2)c1,1,1,0.9588566562322908,c1ccc(-c2cc(-c3cccnc3)c3cncn3c2)cc1
CN(C)C(=O)c1ccc(-c2cc[nH]c(=O)c2N)cc1,1,1,0.8373728896162417,O=c1cc(-c2ccccc2)cc[nH]1
Nc1c(-c2ccccc2)cc[nH]c1=O,1,1,0.912532126337491,O=c1cc(-c2ccccc2)cc[nH]1
CN(C)c1ccc(-c2cc[nH]c(=O)c2N)cc1,1,1,0.9229912919860714,O=c1cc(-c2ccccc2)cc[nH]1
COc1cccc(C(=O)NCCSc2c(-c3ccc(F)cc3)[nH]c3ccccc23)c1OC,1,1,0.843391717691341,O=C(NCCSc1c(-c2ccccc2)[nH]c2ccccc12)c1ccccc1
CC1=C[C@@H](CN2C(=O)C(C)=C(C)C2=O)[C@H](C(C)C)C[C@H]1Cc1nc2c(C)cccc2[nH]1,1,1,0.9896232890123106,O=C1C=CC(=O)N1CC1C=CC(Cc2nc3ccccc3[nH]2)CC1
CCOc1ccc(CCNC(=O)c2cc3cccnc3n2Cc2cccc(C)c2)cc1OCC,1,1,0.9202165438451562,O=C(NCCc1ccccc1)c1cc2cccnc2n1Cc1ccccc1
COc1cccc(CNc2ccc(S(=O)(=O)Nc3ccc(N4CCNCC4)nc3)cc2)c1O,1,1,0.6446431033831674,O=S(=O)(Nc1ccc(N2CCNCC2)nc1)c1ccc(NCc2ccccc2)cc1
Cc1cccc(C)c1C(=O)Nc1cccc([S+](=O)([O-])N2CCCCCC2)c1,1,1,0.9340303040326876,O=C(Nc1cccc([SH+](=O)N2CCCCCC2)c1)c1ccccc1
COc1ccc(NC(=O)c2c(C)cccc2C)cc1[S+](=O)([O-])N1CCCCCC1,1,1,0.9351244381044401,O=C(Nc1cccc([SH+](=O)N2CCCCCC2)c1)c1ccccc1
N#Cc1ccc(C(=O)Nc2ccc(Cl)c(-c3nc4cc(Cl)ccc4o3)c2)c(F)c1,0,1,0.7466986697117068,O=C(Nc1cccc(-c2nc3ccccc3o2)c1)c1ccccc1
COc1ccc(-c2nc3ccccc3c(=O)n2Cc2ccccc2)cc1COc1ccc(NC(C)=O)cc1,1,1,0.6909230631863689,O=c1c2ccccc2nc(-c2cccc(COc3ccccc3)c2)n1Cc1ccccc1
COc1ncc(-c2n[nH]c3c2CC(=O)N(c2ccccc2)C3)cn1,1,1,0.9562129652928655,O=C1Cc2c(-c3cncnc3)n[nH]c2CN1c1ccccc1
CCCSc1nc(N[C@@H]2C[C@H]2c2ccc(F)c(F)c2)c2nnn([C@@H]3C[C@H](OCCO)[C@@H](O)[C@H]3O)c2n1,1,1,0.7749690243430241,c1ccc(C2CC2Nc2ncnc3c2nnn3C2CCCC2)cc1
c1ccc2c(Nc3ccn[nH]3)nc(-c3ccncc3)nc2c1,1,1,0.9454472594395317,c1ccc2c(Nc3ccn[nH]3)nc(-c3ccncc3)nc2c1
CC(=O)c1c(C)[nH]c(C(=O)Nc2cccc([S+](=O)([O-])Nc3ccccn3)c2)c1C,1,1,0.8496540208582554,O=C(Nc1cccc([SH+](=O)Nc2ccccn2)c1)c1ccc[nH]1
COc1c2c(c3c(c1CCC(=O)O)OC(C)(C)C=C3)OC(C)(C)C=C2,1,1,0.9175311180410191,C1=Cc2c(ccc3c2OCC=C3)OC1
O=C(COc1ccccc1)NCC(c1cccs1)S(=O)(=O)c1ccc(Cl)cc1,1,1,0.8980995381779548,O=C(COc1ccccc1)NCC(c1cccs1)S(=O)(=O)c1ccccc1
COc1ccc(NC2CCCN(C(=O)CCc3ccccc3F)C2)cc1,1,1,0.9774774147541401,O=C(CCc1ccccc1)N1CCCC(Nc2ccccc2)C1
CCC(=O)N1CCN(c2ccc(-n3c(=O)ccc4cnc5ccc(-c6cnc7ccccc7c6)cc5c43)cc2C(F)(F)F)CC1,1,1,0.829112537254763,O=c1ccc2cnc3ccc(-c4cnc5ccccc5c4)cc3c2n1-c1ccc(N2CCNCC2)cc1
COCCNC(=O)c1ccc(-c2ccc(N3CCCCC3)nc2)cc1,1,1,0.9518588043438133,c1ccc(-c2ccc(N3CCCCC3)nc2)cc1
CCN(CC)C(=O)c1ccc2c(c1)ncn2-c1cccc(C)c1,1,1,0.9696673407521622,c1ccc(-n2cnc3ccccc32)cc1
CCCNC(=O)c1ccc2c(c1)ncn2-c1cc(C)cc(C)c1,1,1,0.952455422745361,c1ccc(-n2cnc3ccccc32)cc1
C[C@@]1(C(=O)Nc2ccc(F)nc2)CCCN1c1nc(Nc2cc(C3CC3)[nH]n2)c2cccn2n1,1,1,0.9910170150449493,O=C(Nc1cccnc1)C1CCCN1c1nc(Nc2cc(C3CC3)[nH]n2)c2cccn2n1
COc1cccc(NS(=O)(=O)c2ccc(NCc3cccc(OC)c3O)cc2)c1,1,1,0.8291732006334586,O=S(=O)(Nc1ccccc1)c1ccc(NCc2ccccc2)cc1
COc1cccc(CNc2ccc(S(=O)(=O)Nc3ccccc3)cc2)c1O,1,1,0.8493472489923746,O=S(=O)(Nc1ccccc1)c1ccc(NCc2ccccc2)cc1
O=S(=O)(Nc1ccccc1)c1ccc(NCc2ccc(Br)cc2O)cc1,1,1,0.7855791703795397,O=S(=O)(Nc1ccccc1)c1ccc(NCc2ccccc2)cc1
O=S(=O)(Nc1ccccc1)c1ccc(NCc2cccc(Cl)c2O)cc1,1,1,0.8279945237358649,O=S(=O)(Nc1ccccc1)c1ccc(NCc2ccccc2)cc1
CC1=C(C(=O)Nc2nncs2)C(c2nn(C)cc2Cl)N=C(Nc2nc3ccccc3o2)N1,1,1,0.9064702715293923,O=C(Nc1nncs1)C1=CNC(Nc2nc3ccccc3o2)=NC1c1cc[nH]n1
CC(C)NC(=O)c1nc(-c2ccc(Cl)nc2)c2ccccn12,1,1,0.9510005710375812,c1cncc(-c2ncn3ccccc23)c1
C#CCNC(=O)c1nc(-c2cccnc2)c2ccccn12,1,1,0.8947152221951009,c1cncc(-c2ncn3ccccc23)c1
COC(=O)CNC(=O)c1nc(-c2ccc(Cl)nc2)c2ccccn12,1,1,0.9503761242393332,c1cncc(-c2ncn3ccccc23)c1
C#CCNC(=O)c1nc(-c2ccc(Cl)nc2)c2ccccn12,1,1,0.8960887487390616,c1cncc(-c2ncn3ccccc23)c1
CN(C)C(=O)c1nc(-c2ccc(Cl)nc2)c2ccccn12,1,1,0.958532849946223,c1cncc(-c2ncn3ccccc23)c1
CC1CCc2cc(F)ccc2N1C(=O)CSc1nnc2c(n1)[nH]c1ccccc12,1,1,0.9964749506832393,O=C(CSc1nnc2c(n1)[nH]c1ccccc12)N1CCCc2ccccc21
O=C(c1nc(-c2cccnc2)c2ccccn12)N1CCN(c2ncccn2)CC1,1,1,0.9719904042703746,O=C(c1nc(-c2cccnc2)c2ccccn12)N1CCN(c2ncccn2)CC1
CCOC(=O)c1ccc(NC2CCCCC2)c(N)c1,1,1,0.943404559361271,c1ccc(NC2CCCCC2)cc1
O=C(C1CCC1)N1CCN(C/C=C/c2ccccc2)CC1,1,1,0.9468230261967986,O=C(C1CCC1)N1CCN(CC=Cc2ccccc2)CC1
CCCN(CCC)CCc1cccc2c1CC(=O)N2,1,1,0.8792434363264949,O=C1Cc2ccccc2N1
Ic1ccccc1CNC1C2CCN(CC2)C1C(c1ccccc1)c1ccccc1,1,1,0.9482038493089557,c1ccc(CNC2C3CCN(CC3)C2C(c2ccccc2)c2ccccc2)cc1
CCOC(=O)c1nn(-c2ccccc2)c(=O)c2c(N)scc12,1,1,0.9733325914354515,O=c1c2cscc2cnn1-c1ccccc1
CCOC(=O)c1nn(-c2ccc(OC)cc2)c(=O)c2c(N)scc12,1,1,0.9753977174925262,O=c1c2cscc2cnn1-c1ccccc1
Nc1scc2c(C(=O)O)nn(-c3ccccc3)c(=O)c12,0,0,0.16741151959124292,O=c1c2cscc2cnn1-c1ccccc1
CC1=C(C(=O)Nc2nnc(-c3ccccc3)s2)C(c2nn(C)cc2Cl)N=C(Nc2nc3ccccc3o2)N1,1,1,0.8401699455979764,O=C(Nc1nnc(-c2ccccc2)s1)C1=CNC(Nc2nc3ccccc3o2)=NC1c1cc[nH]n1
Cc1nn2c(c1-c1ccccc1-c1ccccc1)N(Cc1ccccc1)CCC2,1,1,0.8742439858834335,c1ccc(CN2CCCn3ncc(-c4ccccc4-c4ccccc4)c32)cc1
Cc1nn2c(c1-c1ccccc1-c1ccccc1)N(Cc1ccc(O)cc1)CCC2,0,1,0.8642684215846512,c1ccc(CN2CCCn3ncc(-c4ccccc4-c4ccccc4)c32)cc1
Cc1ccc(-c2c(CN3CCN(c4cccc(C(F)(F)F)c4)CC3)csc2C)cc1,0,1,0.7770735501967215,c1ccc(-c2cscc2CN2CCN(c3ccccc3)CC2)cc1
CCOC(=O)C1CCN(C(=O)C2(NC(=O)Nc3ccccc3Cl)CCCC2)CC1,1,1,0.9782966333034722,O=C(Nc1ccccc1)NC1(C(=O)N2CCCCC2)CCCC1
CCS(=O)(=O)c1nc(-c2ccc(Cl)cc2)cc(C(F)(F)F)n1,1,1,0.955569345314889,c1ccc(-c2ccncn2)cc1
CCN1CCN(CCCOc2ccc(-c3ccccc3)cc2)CC1,1,1,0.9324805527734699,c1ccc(-c2ccc(OCCCN3CCNCC3)cc2)cc1
O=c1c(-c2ccc(O)cc2)coc2cc(O)ccc12,0,1,0.5063620215906078,O=c1c(-c2ccccc2)coc2ccccc12
C[C@]12N[C@H](Cc3ccccc31)c1ccccc12,1,1,0.9327093515852511,c1ccc2c(c1)CC1NC2c2ccccc21
O=C(Nc1ccc2oc(-c3cccnc3)nc2c1)c1ccc(-c2cccc(Cl)c2)o1,1,1,0.8274433686825713,O=C(Nc1ccc2oc(-c3cccnc3)nc2c1)c1ccc(-c2ccccc2)o1
O=C(Nc1ccc2oc(-c3cccnc3)nc2c1)c1ccc(-c2ccccc2)o1,1,1,0.8594183879568826,O=C(Nc1ccc2oc(-c3cccnc3)nc2c1)c1ccc(-c2ccccc2)o1
COc1ccc(Nc2ncc(C(=O)Nc3cccc(Cl)c3)c3ccccc23)cc1,1,1,0.875837603273025,O=C(Nc1ccccc1)c1cnc(Nc2ccccc2)c2ccccc12
CCc1cccc(C)c1Nc1c(-c2ccc(N(C)C)cc2)nc2ncccn12,1,1,0.9260459221285576,c1ccc(Nc2c(-c3ccccc3)nc3ncccn23)cc1
CN(C)c1cccc(-c2ncnc(N3CCC(C(N)=O)CC3)n2)c1,1,1,0.9870526595464226,c1ccc(-c2ncnc(N3CCCCC3)n2)cc1
O=S(=O)(c1ccc(Cl)cc1)c1ccccn1,1,1,0.9403425051914281,O=S(=O)(c1ccccc1)c1ccccn1
Cc1nc2ccc(NC(=O)c3cc(S(=O)(=O)N(C)c4ccccc4)ccc3Cl)cc2s1,1,1,0.9209597512880747,O=C(Nc1ccc2ncsc2c1)c1cccc(S(=O)(=O)Nc2ccccc2)c1
CCCCN1CCC[C@H]1CNC(=O)c1cc(C#N)c2ccccc2c1OC,1,1,0.8717432813394794,O=C(NCC1CCCN1)c1ccc2ccccc2c1
CC(C)c1ccc(CC(=O)N2CCCc3ncc(C(=O)Nc4cccnc4)cc32)cc1,1,1,0.9786170922780523,O=C(Nc1cccnc1)c1cnc2c(c1)N(C(=O)Cc1ccccc1)CCC2
COc1ccc(-c2nc3c(c(SCC(=O)Nc4ccc(C(=O)O)cc4)n2)Cc2ccccc2O3)cc1,0,0,0.43356316217784346,O=C(CSc1nc(-c2ccccc2)nc2c1Cc1ccccc1O2)Nc1ccccc1
Cc1cc(NS(=O)(=O)c2ccc(NC(=O)c3oc4ccccc4c3C)cc2)nc(C)n1,1,1,0.7730673813537291,O=C(Nc1ccc(S(=O)(=O)Nc2ccncn2)cc1)c1cc2ccccc2o1
O=C1C2=C(Nc3ccccc3SC2c2ccco2)c2ccccc21,1,1,0.7037953954535483,O=C1C2=C(Nc3ccccc3SC2c2ccco2)c2ccccc21
Cc1ccc(S(=O)(=O)Nc2cnccc2C(=O)Nc2ccc(-c3nn[nH]n3)cc2)cc1,0,0,0.2239095999574706,O=C(Nc1ccc(-c2nn[nH]n2)cc1)c1ccncc1NS(=O)(=O)c1ccccc1
Cc1ccc(S(=O)(=O)Nc2cnccc2C(=O)Nc2ccc(-c3nc4ccccc4[nH]3)cc2)cc1,0,1,0.5151258919581048,O=C(Nc1ccc(-c2nc3ccccc3[nH]2)cc1)c1ccncc1NS(=O)(=O)c1ccccc1
O=C(O)CCNc1cc(N2CCc3ccccc3CC2)nc(-c2cccnc2)n1,1,1,0.5881319836563128,c1cncc(-c2nccc(N3CCc4ccccc4CC3)n2)c1
CCOC(=O)CCNc1cc(N2CCc3ccccc3CC2)nc(-c2cccnc2)n1,1,1,0.9753754417330625,c1cncc(-c2nccc(N3CCc4ccccc4CC3)n2)c1
CCOc1ccc(CCNC(=O)c2cc3sccc3n2Cc2ccc(-n3cncn3)cc2)cc1OCC,1,1,0.8384243682739971,O=C(NCCc1ccccc1)c1cc2sccc2n1Cc1ccc(-n2cncn2)cc1
COc1ccc(-n2nc(C3CCCN(C(=O)Nc4ccccc4)C3)[nH]c2=O)cc1,1,1,0.932637655520674,O=C(Nc1ccccc1)N1CCCC(c2nn(-c3ccccc3)c(=O)[nH]2)C1
Cc1ccc(-c2cc(C(=O)Nc3cccc(S(N)(=O)=O)c3)c3ccccc3n2)cc1C,1,1,0.7658240468757481,O=C(Nc1ccccc1)c1cc(-c2ccccc2)nc2ccccc12
Cc1ccc(-c2cc(C(=O)Nc3ccc(S(=O)(=O)N(C)C)cc3)c3ccccc3n2)cc1C,1,1,0.7899129886033985,O=C(Nc1ccccc1)c1cc(-c2ccccc2)nc2ccccc12
Cc1ccc(-c2cc(C(=O)Nc3ccc(C#N)cc3)c3ccccc3n2)cc1C,1,1,0.7557426368559718,O=C(Nc1ccccc1)c1cc(-c2ccccc2)nc2ccccc12
COc1ccc(-c2nc(N3CCOCC3)c3sc(CN(C)c4ncc(C(=O)NO)cn4)cc3n2)cn1,1,1,0.9596165806923663,c1cnc(NCc2cc3nc(-c4cccnc4)nc(N4CCOCC4)c3s2)nc1
COc1ccc(OC)c(-c2cc(C(=O)N3CCN(c4ncccn4)CC3)c3ccccc3n2)c1,1,1,0.9735716744806849,O=C(c1cc(-c2ccccc2)nc2ccccc12)N1CCN(c2ncccn2)CC1
CCOc1ccc(N2CC(c3nc(-c4ccccn4)no3)CC2=O)cc1,1,1,0.9694938386284082,O=C1CC(c2nc(-c3ccccn3)no2)CN1c1ccccc1
Cn1cc(S(=O)(=O)N2CCCCCC2)cc1C(=O)Nc1ccc(Cl)c(C(F)(F)F)c1,1,1,0.9725297687928944,O=C(Nc1ccccc1)c1cc(S(=O)(=O)N2CCCCCC2)c[nH]1
Cc1ccc(OCCn2c(CCNC(=O)N3CCCCC3)nc3ccccc32)cc1,1,1,0.9639594091751358,O=C(NCCc1nc2ccccc2n1CCOc1ccccc1)N1CCCCC1
O=C(c1ccccc1)N1CCC(C(=O)N2CCC(N3Cc4ccccc4C3=O)CC2)CC1,1,1,0.9217830254668337,O=C(c1ccccc1)N1CCC(C(=O)N2CCC(N3Cc4ccccc4C3=O)CC2)CC1
Cc1ccccc1C(=O)N1CCC(C(=O)N2CCC(N3Cc4ccccc4C3=O)CC2)CC1,1,1,0.9343133163377445,O=C(c1ccccc1)N1CCC(C(=O)N2CCC(N3Cc4ccccc4C3=O)CC2)CC1
COc1ccc(CN2C(=O)[C@@H]3C[C@@H](CN3Cc3cccs3)Oc3ccccc32)cc1,1,1,0.9475393245395873,O=C1C2CC(CN2Cc2cccs2)Oc2ccccc2N1Cc1ccccc1
CCc1ccc(NC(=O)[C@H](Cc2c[nH]c3ccccc23)NC(=O)[C@@H]2Cc3ccccc3CN2)cc1,1,1,0.8313286647481599,O=C(NC(Cc1c[nH]c2ccccc12)C(=O)Nc1ccccc1)C1Cc2ccccc2CN1
CC(=O)c1c(C)[nH]c(C(=O)Nc2cccc(S(=O)(=O)N3CCOCC3)c2)c1C,1,1,0.934301376390797,O=C(Nc1cccc(S(=O)(=O)N2CCOCC2)c1)c1ccc[nH]1
Cn1c(CN2CCCCC2)nc2cc(NC(=O)c3cccc(Br)c3)ccc21,1,1,0.9037451907253086,O=C(Nc1ccc2[nH]c(CN3CCCCC3)nc2c1)c1ccccc1
CCOc1ccc(CCNC(=O)c2cc3ccccc3n2Cc2cc(C)cc(C)n2)cc1OCC,1,1,0.8711209320631019,O=C(NCCc1ccccc1)c1cc2ccccc2n1Cc1ccccn1
CCOc1ccc(CCNC(=O)c2cc3ccccc3n2Cc2ccccn2)cc1OCC,1,1,0.951147401186156,O=C(NCCc1ccccc1)c1cc2ccccc2n1Cc1ccccn1
CCOc1ccc(CCNC(=O)c2cc3ccccc3n2Cc2cccc(C)n2)cc1OCC,1,1,0.9144087756661418,O=C(NCCc1ccccc1)c1cc2ccccc2n1Cc1ccccn1
O=C([C@H](Cc1ccc(O[S+](=O)([O-])c2cccc3cnccc23)cc1)N[S+](=O)([O-])c1cccc2cnccc12)N1CCN(Cc2ccccc2)CC1,1,1,0.9863355783656659,O=C(C(Cc1ccc(O[SH+](=O)c2cccc3cnccc23)cc1)N[SH+](=O)c1cccc2cnccc12)N1CCN(Cc2ccccc2)CC1
Cc1ccc(S(=O)(=O)Nc2ccccc2C(=O)Nc2ccc(-c3ccccc3)nn2)cc1,1,1,0.916860576528822,O=C(Nc1ccc(-c2ccccc2)nn1)c1ccccc1NS(=O)(=O)c1ccccc1
CCn1ncc(NC(=O)Cn2ncc3cc(-c4cccc(OC)c4)ccc32)n1,1,1,0.8590254788879237,O=C(Cn1ncc2cc(-c3ccccc3)ccc21)Nc1cn[nH]n1
COc1cc2c(cc1OC)C(C[C@H]1CN(S(=O)(=O)c3cccc(C#N)c3)CC[C@H]1CC(=O)O)=NCC2,0,0,0.41703334626763133,O=S(=O)(c1ccccc1)N1CCCC(CC2=NCCc3ccccc32)C1
CC(C)=CCNc1ncnc2nc[nH]c12,1,1,0.9103899735071777,c1ncc2[nH]cnc2n1
COc1cc2c(cc1Oc1cccc(N(C)C)c1)NC(=O)C21CCN(c2cnccn2)CC1,1,1,0.9701343686971569,O=C1Nc2cc(Oc3ccccc3)ccc2C12CCN(c1cnccn1)CC2
NC(=O)C1CCN(c2nc(-c3ccc(Oc4ccccc4)cc3)cs2)CC1,1,1,0.9472022306275008,c1ccc(Oc2ccc(-c3csc(N4CCCCC4)n3)cc2)cc1
NC(=O)C1CCN(c2nc(-c3cc4ccccc4o3)cs2)CC1,1,1,0.9127974503011715,c1ccc2oc(-c3csc(N4CCCCC4)n3)cc2c1
N#Cc1ccc(N2N=C3c4ccc(C(=O)O)cc4CC[C@@H]3[C@@H]2C2CCCC2)cc1Cl,1,1,0.9004476019873994,c1ccc(N2N=C3c4ccccc4CCC3C2C2CCCC2)cc1
CN(C)CC(=O)NC1CCCc2c1cnn2-c1ccc(F)cc1F,1,1,0.9686061733660296,c1ccc(-n2ncc3c2CCCC3)cc1
COc1ccc(-c2ccc3ncc(Nc4ccc(C(N)=O)cc4)n3n2)cc1OC,1,1,0.9644089526470785,c1ccc(Nc2cnc3ccc(-c4ccccc4)nn23)cc1
COc1ccccc1Nc1cnc2ccc(-c3ccc(OC)c(OC)c3)nn12,1,1,0.9631610036040564,c1ccc(Nc2cnc3ccc(-c4ccccc4)nn23)cc1
COc1ccc(Nc2cnc3ccc(-c4ccc(OC)c(OC)c4)nn23)cc1,1,1,0.9659839527029962,c1ccc(Nc2cnc3ccc(-c4ccccc4)nn23)cc1
Cc1ccc(-c2nc3ccccc3o2)cc1NC(=O)COc1ccccc1,1,1,0.894410102172383,O=C(COc1ccccc1)Nc1cccc(-c2nc3ccccc3o2)c1
Cc1cc(C)nc(NC(=S)N2CCN(c3ccc4nsnc4c3)CC2)c1,1,1,0.9953488233255796,S=C(Nc1ccccn1)N1CCN(c2ccc3nsnc3c2)CC1
O=C(O)c1ccnc(-c2cc(C(=O)NCCc3ccccc3)ccn2)c1,0,0,0.32447775133743134,O=C(NCCc1ccccc1)c1ccnc(-c2ccccn2)c1
COC(=O)c1ccnc(-c2cc(C(=O)NCCc3ccccc3)ccn2)c1,1,1,0.9377340968930334,O=C(NCCc1ccccc1)c1ccnc(-c2ccccn2)c1
c1c[nH]c(C2CCN(c3ncc(-c4ccc5c(c4)OCCCO5)s3)CC2)n1,1,1,0.9362331132540769,c1c[nH]c(C2CCN(c3ncc(-c4ccc5c(c4)OCCCO5)s3)CC2)n1
NCC(=O)Nc1ccc(Cl)cc1C(=O)c1ccc[nH]1,1,1,0.8258027111363303,O=C(c1ccccc1)c1ccc[nH]1
CCOc1ccccc1N1CC(c2nc3ccccc3n2CCOc2ccc(C(C)(C)C)cc2)CC1=O,1,1,0.800038006506511,O=C1CC(c2nc3ccccc3n2CCOc2ccccc2)CN1c1ccccc1
CCOc1ccc(NC(=O)c2nc(S(=O)(=O)Cc3ccccc3F)ncc2Cl)cc1,1,1,0.8897010044373121,O=C(Nc1ccccc1)c1ccnc(S(=O)(=O)Cc2ccccc2)n1
O=C(Nc1ccccc1F)c1nc(S(=O)(=O)Cc2ccccc2F)ncc1Cl,1,1,0.9128120522469602,O=C(Nc1ccccc1)c1ccnc(S(=O)(=O)Cc2ccccc2)n1
Cc1ccc(S(=O)(=O)Nc2cc(C(=O)Nc3nc(-c4ccccc4)cs3)ccn2)cc1,1,1,0.7248638776120421,O=C(Nc1nc(-c2ccccc2)cs1)c1ccnc(NS(=O)(=O)c2ccccc2)c1
CO[C@@H]1/C=C\O[C@@]2(C)Oc3c(C)c(O)c4c(c3C2=O)C(=N[C@H]2CC[C@H](O)O[C@@H]2C)C=C(NC(=O)/C(C)=C\C(=O)[C@@H]2C[C@@H]2[C@@H](O)[C@H](C)[C@@H](O)[C@H](C)[C@H](OC(C)=O)[C@@H]1C)C4=O,0,0,0.03750343870804466,O=C1C=CC(=O)C2CC2CCCCCCCC=COC2Oc3ccc4c(c3C2=O)C(=NC2CCCOC2)C=C(N1)C4=O
CC1(COc2ccc3c(c2)ncn3-c2ccc3cccc(N4CCC(N)CC4)c3n2)COC1,1,1,0.623220506920016,c1cc(N2CCCCC2)c2nc(-n3cnc4cc(OCC5COC5)ccc43)ccc2c1
Cc1ccc(C(N)=O)cc1Nc1nccc(-c2cn(C(C)C)c3cnccc23)n1,1,1,0.9845764738352452,c1ccc(Nc2nccc(-c3c[nH]c4cnccc34)n2)cc1
Fc1ccc(-c2nc(-c3ccncc3)nc3ccccc23)cc1F,1,1,0.9809725482131278,c1ccc(-c2nc(-c3ccncc3)nc3ccccc23)cc1
Cc1c(NC2=C(Cl)C(=O)N(c3ccccc3)C2=O)c(=O)n(-c2ccccc2)n1C,1,1,0.9556282554882582,O=C1C=C(Nc2c[nH]n(-c3ccccc3)c2=O)C(=O)N1c1ccccc1
COc1cc2c(C(=O)N3CCN(c4cccc(C(F)(F)F)c4)CC3)cn(CC(C)C)c(=O)c2cc1OC,1,1,0.9908452412514146,O=C(c1c[nH]c(=O)c2ccccc12)N1CCN(c2ccccc2)CC1
CCn1cc(C(=O)N2CCN(c3cccc(Cl)c3)CC2)c2cc(OC)c(OC)cc2c1=O,1,1,0.9928390242318899,O=C(c1c[nH]c(=O)c2ccccc12)N1CCN(c2ccccc2)CC1
CCOc1ccc(CCNC(=O)c2ccccc2)cc1OCC,1,1,0.9341863510145034,O=C(NCCc1ccccc1)c1ccccc1
COC(=O)c1ccc2c(c1)nc1n2[C@@H](CNC(C)=O)COC1,0,1,0.8607007816347239,c1ccc2c(c1)nc1n2CCOC1
CCOC(=O)c1ccc(NC(=O)CSc2nc3c(cc2C#N)N2CCC3CC2)cc1,1,1,0.9707129901858416,O=C(CSc1ccc2c(n1)C1CCN2CC1)Nc1ccccc1
O=C(O)c1ccc(N2C(=O)/C(=C/c3ccc(-c4ccc([N+](=O)[O-])cc4)o3)C=C2c2ccccc2)cc1,1,1,0.8276936959425506,O=C1C(=Cc2ccc(-c3ccccc3)o2)C=C(c2ccccc2)N1c1ccccc1
CC(=O)c1sc(NC(=O)c2ccco2)nc1-c1ccccc1,1,1,0.8802220327377139,O=C(Nc1nc(-c2ccccc2)cs1)c1ccco1
CCOc1ccc(NC(=O)c2cccc(-n3cccc3)c2)cc1S(=O)(=O)N1CCOCC1,1,1,0.9468748507984246,O=C(Nc1cccc(S(=O)(=O)N2CCOCC2)c1)c1cccc(-n2cccc2)c1
COc1ccc(S(=O)(=O)N2CCOCC2)cc1NC(=O)c1cccc(-n2cccc2)c1,0,1,0.9343172071700521,O=C(Nc1cccc(S(=O)(=O)N2CCOCC2)c1)c1cccc(-n2cccc2)c1
Fc1cccc(CNc2nc(-c3ccccc3C(F)(F)F)nc3ccccc23)c1,1,1,0.8806490659075055,c1ccc(CNc2nc(-c3ccccc3)nc3ccccc23)cc1
COc1ccc(-c2nc3sc(CCNC(=O)C(C)(C)C)c(C)n3n2)cc1,1,1,0.9348073941731275,c1ccc(-c2nc3sccn3n2)cc1
COc1cc2c(c(OC)c1OC)-c1ccc(SC)c(=O)cc1C(N)CC2,1,1,0.5900918458584659,O=c1cccc2c(c1)CCCc1ccccc1-2
COc1cc2c(c(OC)c1OC)-c1ccc(OC)c(=O)cc1[C@@H](NC(C)=O)CC2,0,1,0.7120565404905457,O=c1cccc2c(c1)CCCc1ccccc1-2
COc1c(O)cc2c(c1OC)-c1ccc(SC)c(=O)cc1C(NC(C)=O)CC2,1,1,0.8169084590818896,O=c1cccc2c(c1)CCCc1ccccc1-2
Cc1cnc(NC(=O)c2ccc(-c3cccc([N+](=O)[O-])c3)o2)s1,1,1,0.9178703299921029,O=C(Nc1nccs1)c1ccc(-c2ccccc2)o1
Cc1ccc(S(=O)(=O)Nc2cnccc2C(=O)Nc2ccc(-n3cncn3)cc2)cc1,0,1,0.6367521160891727,O=C(Nc1ccc(-n2cncn2)cc1)c1ccncc1NS(=O)(=O)c1ccccc1
Cc1cc(Cl)ccc1COc1ccnn1-c1cc(C(=O)O)ccn1,0,1,0.6756270891771446,c1ccc(COc2ccnn2-c2ccccn2)cc1
Cn1c(C(=O)NCCc2ccccn2)nc2nc(-c3ccccc3)c(Cl)cc21,1,1,0.9486090568847833,O=C(NCCc1ccccn1)c1nc2nc(-c3ccccc3)ccc2[nH]1
NC(CO)(CO)CCc1ccc(Sc2cccc(OCc3ccccc3)c2)cc1Cl,1,1,0.7252209658396729,c1ccc(COc2cccc(Sc3ccccc3)c2)cc1
Cc1ccccc1-c1nc(CN2CCC(C(=O)NCCCN3CCOCC3)CC2)c(C)o1,1,1,0.9681887580129109,O=C(NCCCN1CCOCC1)C1CCN(Cc2coc(-c3ccccc3)n2)CC1
COc1cc(-c2cc3c(nc2-c2ccccc2)nc(C(=O)NC2CCN(C)CC2)n3C)ccn1,1,1,0.9133082509004264,O=C(NC1CCNCC1)c1nc2nc(-c3ccccc3)c(-c3ccncc3)cc2[nH]1
C[C@@H]1CC(=O)Nc2cccc(-c3cnn(C(C)(C)C)c3)c2N1,1,1,0.9720853830611448,O=C1CCNc2c(cccc2-c2cn[nH]c2)N1
CC[C@@H](C)Nc1cc(C(=O)NC2CC3CCC(C2)N3c2ccc(C(=O)C3CC3)cn2)c(C)cc1C(N)=O,1,1,0.9092101306458976,O=C(NC1CC2CCC(C1)N2c1ccc(C(=O)C2CC2)cn1)c1ccccc1
Cc1c(Cl)cccc1NC(=O)CNS(=O)(=O)c1cccs1,1,1,0.8243239293794797,O=C(CNS(=O)(=O)c1cccs1)Nc1ccccc1
O=C(NCCCN1CCCC1=O)c1ccc(-c2ncc3cnc(-c4ccccc4)cn23)cc1,1,1,0.8865282199849596,O=C(NCCCN1CCCC1=O)c1ccc(-c2ncc3cnc(-c4ccccc4)cn23)cc1
CC(C)(C)c1ccc(C(=O)N2CC(=O)Nc3ccc(F)cc3C2c2ccc(F)cc2)cc1,1,1,0.8968466715214098,O=C1CN(C(=O)c2ccccc2)C(c2ccccc2)c2ccccc2N1
CCOc1ccc(CCNC(=O)c2cc3ccccc3n2CCN2CCOCC2)cc1OCC,1,1,0.9435872837182773,O=C(NCCc1ccccc1)c1cc2ccccc2n1CCN1CCOCC1
Cc1c(O)ccc2c1OC(C)(C)CC2,1,1,0.9180393473050363,c1ccc2c(c1)CCCO2
Cc1ccc(S(=O)(=O)Nc2ccccc2C(=O)Nc2ncc(-c3ccccc3)s2)cc1,1,1,0.7445457526702728,O=C(Nc1ncc(-c2ccccc2)s1)c1ccccc1NS(=O)(=O)c1ccccc1
NC(=O)C1CCN(c2nnc(-c3ccc4c(c3)OCCCO4)s2)CC1,1,1,0.9736687006235494,c1cc2c(cc1-c1nnc(N3CCCCC3)s1)OCCCO2
CC(C)CN(C[C@@H](O)[C@H](Cc1ccccc1)NC(=O)O[C@@H]1CO[C@H]2OCC[C@H]21)S(=O)(=O)c1ccc(N)cc1,1,1,0.784543059260975,O=C(NC(CCNS(=O)(=O)c1ccccc1)Cc1ccccc1)OC1COC2OCCC12
CCCCCCN(CCCCCC)C(=O)Cc1c(-c2ccc(F)cc2)[nH]c2ccccc12,1,1,0.9709620673024444,c1ccc(-c2cc3ccccc3[nH]2)cc1
CC(C)c1ccccc1-c1ncc(F)c(NCC2CCN(c3cccnc3)CC2)n1,1,1,0.9618413285538222,c1ccc(-c2nccc(NCC3CCN(c4cccnc4)CC3)n2)cc1
Cc1ccc(N2CCC(CNc3nc(-c4ccccc4C(C)C)ncc3F)CC2)cn1,1,1,0.9568893183885443,c1ccc(-c2nccc(NCC3CCN(c4cccnc4)CC3)n2)cc1
Cc1ccc(N2CCC(CNc3nc(-c4ccccc4C(C)C)ncc3C)CC2)cn1,1,1,0.9548031736708499,c1ccc(-c2nccc(NCC3CCN(c4cccnc4)CC3)n2)cc1
Cc1cnc(-c2ccccc2C(C)C)nc1NCC1CCN(c2cccnc2)CC1,1,1,0.9553806291884458,c1ccc(-c2nccc(NCC3CCN(c4cccnc4)CC3)n2)cc1
CCn1c(SCc2ccc(C#N)cc2)nnc1-c1cccc(Cl)c1,1,1,0.9722542597434778,c1ccc(CSc2nnc(-c3ccccc3)[nH]2)cc1
Cc1cccc(S(=O)(=O)c2cn(Cc3ccccc3)c3cc(N4CCCC(C)C4)c(F)cc3c2=O)c1,1,1,0.7387750118308094,O=c1c(S(=O)(=O)c2ccccc2)cn(Cc2ccccc2)c2cc(N3CCCCC3)ccc12
CCOc1ccc(/C=C/c2nc3ccccc3n2S(=O)(=O)c2ccc(Br)cc2)cc1,1,1,0.8236663254886106,O=S(=O)(c1ccccc1)n1c(C=Cc2ccccc2)nc2ccccc21
CSc1ccc(/C=C/c2nc3ccccc3n2S(=O)(=O)c2cccc(Cl)c2)cc1,1,1,0.9049917271731764,O=S(=O)(c1ccccc1)n1c(C=Cc2ccccc2)nc2ccccc21
Cc1ccc(/C=C/c2nc3ccccc3n2S(=O)(=O)c2cccc(Cl)c2)cc1,1,1,0.932472390242752,O=S(=O)(c1ccccc1)n1c(C=Cc2ccccc2)nc2ccccc21
CSc1ccc(/C=C/c2nc3ccccc3n2S(=O)(=O)c2ccc(Br)cc2)cc1,1,1,0.836624879354311,O=S(=O)(c1ccccc1)n1c(C=Cc2ccccc2)nc2ccccc21
O=C(O)CNC(=O)c1c(O)c2ccccc2n(Cc2ccccc2)c1=O,1,1,0.56117014326047,O=c1ccc2ccccc2n1Cc1ccccc1
Clc1ccccc1-c1nnc2sc(-c3ccc4c(c3)OCO4)nn12,1,1,0.9573757910862303,c1ccc(-c2nnc3sc(-c4ccc5c(c4)OCO5)nn23)cc1
CCCc1ccc(C(=O)NC(=O)c2ccccc2O)cc1,0,1,0.5636218551168535,O=C(NC(=O)c1ccccc1)c1ccccc1
O=C(Cc1nc2ccc(Cl)cc2[nH]1)Nc1ccc(S(=O)(=O)Nc2nccs2)cc1,0,0,0.4602038198535384,O=C(Cc1nc2ccccc2[nH]1)Nc1ccc(S(=O)(=O)Nc2nccs2)cc1
Cc1sc(NC(=O)Cc2ccc3c(c2)OCO3)nc1-c1ccc2c(c1)CCN2C,0,1,0.9223271872162001,O=C(Cc1ccc2c(c1)OCO2)Nc1nc(-c2ccc3c(c2)CCN3)cs1
CN(Cc1ccccc1)C(=O)c1ccc(S(=O)(=O)Nc2ccccc2)cc1,1,1,0.9085469090751398,O=C(NCc1ccccc1)c1ccc(S(=O)(=O)Nc2ccccc2)cc1
Fc1cc(Nc2nc(-c3ccncc3)nc3ccccc23)ccc1-c1ccnc(C(F)(F)F)c1,1,1,0.8558820547658322,c1ccc2c(Nc3ccc(-c4ccncc4)cc3)nc(-c3ccncc3)nc2c1
Fc1cc(Nc2nc(-c3ccncc3)nc3ccccc23)ccc1-c1ccncc1,1,1,0.8884388037409874,c1ccc2c(Nc3ccc(-c4ccncc4)cc3)nc(-c3ccncc3)nc2c1
COc1ccc(OC)c(-n2c3c(cc(-c4nc(-c5ccc(Cl)cc5)cs4)c2=O)C(=O)CC(C)(C)C3)c1,1,1,0.8174214335369218,O=C1CCCc2c1cc(-c1nc(-c3ccccc3)cs1)c(=O)n2-c1ccccc1
O=C(c1ccc2c(c1)OCO2)N1CCC(Cc2nc(-c3cnccn3)no2)CC1,1,1,0.9732415646583171,O=C(c1ccc2c(c1)OCO2)N1CCC(Cc2nc(-c3cnccn3)no2)CC1
O=C(Nc1ccc(S(=O)(=O)Nc2nccs2)cc1)c1cccnc1,0,0,0.44312602454169875,O=C(Nc1ccc(S(=O)(=O)Nc2nccs2)cc1)c1cccnc1
COc1cccc(CNc2ccc(S(=O)(=O)Nc3ccccn3)cc2)c1O,1,1,0.8147831931685323,O=S(=O)(Nc1ccccn1)c1ccc(NCc2ccccc2)cc1
COC(=O)c1cc(Cl)ccc1NC(=O)CSc1ncc(S(=O)(=O)c2ccc(Br)cc2)c(=O)[nH]1,1,1,0.5223594075706883,O=C(CSc1ncc(S(=O)(=O)c2ccccc2)c(=O)[nH]1)Nc1ccccc1
Cc1ccc(S(=O)(=O)c2cnc(SC(C)C(=O)Nc3ccccc3)[nH]c2=O)cc1,0,0,0.37121756681864376,O=C(CSc1ncc(S(=O)(=O)c2ccccc2)c(=O)[nH]1)Nc1ccccc1
Cc1ccc(NC(=O)CSc2ncc(S(=O)(=O)c3ccc(C(C)C)cc3)c(=O)[nH]2)cc1C,0,0,0.4167205990595573,O=C(CSc1ncc(S(=O)(=O)c2ccccc2)c(=O)[nH]1)Nc1ccccc1
CC(C)(C)c1ccc(S(=O)(=O)c2cnc(SCC(=O)Nc3ccc(F)c(Cl)c3)[nH]c2=O)cc1,0,0,0.376479292320789,O=C(CSc1ncc(S(=O)(=O)c2ccccc2)c(=O)[nH]1)Nc1ccccc1
COc1cc(Cl)c(C)cc1NC(=O)CSc1ncc(S(=O)(=O)c2ccc(C(C)(C)C)cc2)c(=O)[nH]1,1,1,0.5081083021212344,O=C(CSc1ncc(S(=O)(=O)c2ccccc2)c(=O)[nH]1)Nc1ccccc1
Cc1cc(N2CCN(c3ccccc3)CC2)nc(-n2nc(C)cc2C)n1,1,1,0.9783363627986078,c1ccc(N2CCN(c3ccnc(-n4cccn4)n3)CC2)cc1
CC(=O)N1CCc2c(sc3c2c(=O)n(-c2ccccc2Cl)c(=O)n3Cc2cccc(C)c2)C1,1,1,0.9651284023569224,O=c1c2c3c(sc2n(Cc2ccccc2)c(=O)n1-c1ccccc1)CNCC3
COc1cccc(Cn2c(=O)n(-c3cccc(Cl)c3C)c(=O)c3c4c(sc32)CN(C(C)=O)CC4)c1,1,1,0.9743239705475585,O=c1c2c3c(sc2n(Cc2ccccc2)c(=O)n1-c1ccccc1)CNCC3
CC(=O)N1CCc2c(sc3c2c(=O)n(-c2ccccc2)c(=O)n3Cc2cccc(C(F)(F)F)c2)C1,1,1,0.9589010776471705,O=c1c2c3c(sc2n(Cc2ccccc2)c(=O)n1-c1ccccc1)CNCC3
CCOc1ccc(CCNC(=O)c2cc3cccnc3n2Cc2cccc(C)n2)cc1OCC,1,1,0.9597535637535948,O=C(NCCc1ccccc1)c1cc2cccnc2n1Cc1ccccn1
NC(=O)C1CCN(c2nc(-c3ccc(N4CCCCC4)nc3)cs2)CC1,1,1,0.9153403485744381,c1cc(N2CCCCC2)ncc1-c1csc(N2CCCCC2)n1
NC(=O)Nc1cc(-c2ccc(CN3CCOCC3)cc2)sc1C(N)=O,1,1,0.7735761969629972,c1csc(-c2ccc(CN3CCOCC3)cc2)c1
CCN1CCc2c(sc(NC(=O)Nc3ccc(Cl)c(Cl)c3)c2C(N)=O)C1,1,1,0.913478334042981,O=C(Nc1ccccc1)Nc1cc2c(s1)CNCC2
c1ccc(-c2nc(N3CCCCCC3)c3ccccc3n2)nc1,1,1,0.9770366462695366,c1ccc(-c2nc(N3CCCCCC3)c3ccccc3n2)nc1
CC(C)Oc1ccc(CNC(=O)C2CCN(C(=O)N3CCOc4ccc(Cl)cc43)CC2)cc1,1,1,0.9377281702813027,O=C(NCc1ccccc1)C1CCN(C(=O)N2CCOc3ccccc32)CC1
Cc1ccnc(NC(=S)N2CCCC(Nc3cccc(C(F)(F)F)c3)C2)c1,1,1,0.9911653686344383,S=C(Nc1ccccn1)N1CCCC(Nc2ccccc2)C1
CC(=O)c1ccc(N2CCN(C(=O)c3ccc4c(c3)CC(=O)N4)CC2)cc1,1,1,0.9703137405553248,O=C1Cc2cc(C(=O)N3CCN(c4ccccc4)CC3)ccc2N1
COc1ccc(-c2ccc3nc(-c4cc(C)cc(C)c4)oc3c2)c(OC)c1OC,0,1,0.7648084446342496,c1ccc(-c2ccc3nc(-c4ccccc4)oc3c2)cc1
COc1ccc(-c2ccc3nc(-c4ccccc4C)oc3c2)c(OC)c1OC,0,1,0.8127380673242314,c1ccc(-c2ccc3nc(-c4ccccc4)oc3c2)cc1
COc1ccc(-c2ccc3nc(-c4ccc(SC)cc4)oc3c2)c(OC)c1OC,0,1,0.7329262689106973,c1ccc(-c2ccc3nc(-c4ccccc4)oc3c2)cc1
c1ccc2c(Nc3ccon3)nc(-c3ccncc3)nc2c1,1,1,0.9747785499735767,c1ccc2c(Nc3ccon3)nc(-c3ccncc3)nc2c1
c1ccc(Nc2nc(NCc3ccco3)c3ccccc3n2)cc1,1,1,0.9529228597947913,c1ccc(Nc2nc(NCc3ccco3)c3ccccc3n2)cc1
Cc1cccc(Nc2nc(NCc3ccco3)c3ccccc3n2)c1,1,1,0.9579867190037114,c1ccc(Nc2nc(NCc3ccco3)c3ccccc3n2)cc1
COc1ccc(C[C@@H]2C(=O)N[C@H](C)C(=O)N(C)[C@@H]3C(=O)N(C)[C@@H](Cc4ccc(O)c(c4)Oc4ccc(cc4)[C@H]3O)C(=O)N[C@@H](C)C(=O)N[C@H](C)C(=O)N2C)cc1,0,0,0.052256636375819024,O=C1CNC(=O)C2Cc3cccc(c3)Oc3ccc(cc3)CC(NC(=O)CNC(=O)C(Cc3ccccc3)NC(=O)CN1)C(=O)N2
c1cc(-c2cc(-c3ccncc3)c3cncn3c2)c2[nH]ccc2c1,1,1,0.9662151390264128,c1cc(-c2cc(-c3ccncc3)c3cncn3c2)c2[nH]ccc2c1
Cc1ccc(S(=O)(=O)Nc2cncc(C(=O)Nc3nc(-c4ccccc4)cs3)c2)cc1,1,1,0.7120995082530837,O=C(Nc1nc(-c2ccccc2)cs1)c1cncc(NS(=O)(=O)c2ccccc2)c1
Cc1noc(-c2cn(C3CCN(C(=O)c4ccc(OC(F)(F)F)cc4)CC3)nn2)n1,1,1,0.9751737903485772,O=C(c1ccccc1)N1CCC(n2cc(-c3ncno3)nn2)CC1
Cc1ccc(N2CCN(c3cnn(-c4nc5ccccc5s4)c(=O)c3Cl)CC2C)cc1,1,1,0.9922636026279367,O=c1cc(N2CCN(c3ccccc3)CC2)cnn1-c1nc2ccccc2s1
CCS(=O)(=O)N1CC(CC#N)(n2cc(-c3ncnc4[nH]ccc34)cn2)C1,1,1,0.9442188368833413,c1nc(-c2cnn(C3CNC3)c2)c2cc[nH]c2n1
COc1ccc(Nc2nc(-c3cccc(OC)c3)no2)cc1,1,1,0.9661107539422534,c1ccc(Nc2nc(-c3ccccc3)no2)cc1
CCN1CCN(C(=O)CCCn2nc(C)c3c(C)n(-c4ccc(C)cc4)nc3c2=O)CC1,1,1,0.9826361399338702,O=C(CCCn1ncc2cn(-c3ccccc3)nc2c1=O)N1CCNCC1
CCOc1ccccc1N(CC(=O)Nc1cc(OC)ccc1OC)S(=O)(=O)c1ccccc1,1,1,0.8467197553516412,O=C(CN(c1ccccc1)S(=O)(=O)c1ccccc1)Nc1ccccc1
COc1ccc(S(=O)(=O)N(CC(=O)Nc2ccc(C)cc2)c2ccc(C)cc2)cc1OC,1,1,0.9058270384034165,O=C(CN(c1ccccc1)S(=O)(=O)c1ccccc1)Nc1ccccc1
CCOc1ccc(NC(=O)CSC2=Nc3ccccc3C3=NC(CC(=O)NCc4cccs4)C(=O)N23)cc1,1,1,0.623482821172765,O=C(CC1N=C2c3ccccc3N=C(SCC(=O)Nc3ccccc3)N2C1=O)NCc1cccs1
c1ccc2c(NC3CCCCC3)nc(-c3ccncc3)nc2c1,1,1,0.9768838696677216,c1ccc2c(NC3CCCCC3)nc(-c3ccncc3)nc2c1
NCC(=O)Nc1cccc(-c2nn3c(=O)cc(N4CCNCC4)nc3s2)c1,0,0,0.1529886099306681,O=c1cc(N2CCNCC2)nc2sc(-c3ccccc3)nn12
O=C(Nc1nc2cc(C(F)(F)F)cc(NC3CC3)n2n1)c1cccnc1,1,1,0.8610657681886938,O=C(Nc1nc2cccc(NC3CC3)n2n1)c1cccnc1
Fc1ccc(Cc2nc3nccc(-c4cccs4)n3n2)cc1,1,1,0.9814904233345684,c1ccc(Cc2nc3nccc(-c4cccs4)n3n2)cc1
Cc1ccc(C(=O)N2CCc3sc(C(=O)NC(C)c4ccccc4)cc3C2)cc1,1,1,0.945924398252769,O=C(NCc1ccccc1)c1cc2c(s1)CCN(C(=O)c1ccccc1)C2
CCn1c(=O)cc(OCC(=O)N2CCN(c3cccc(Cl)c3)CC2)c2ccccc21,1,1,0.9934608995472072,O=C(COc1cc(=O)[nH]c2ccccc12)N1CCN(c2ccccc2)CC1
COC(=O)[C@H](Cc1ccc(O[S+](=O)([O-])c2cccc3cnccc23)cc1)N[S+](=O)([O-])c1ccc2cnccc2c1,1,1,0.9841513500377436,O=[SH+](NCCc1ccc(O[SH+](=O)c2cccc3cnccc23)cc1)c1ccc2cnccc2c1
C[C@@]1(O)[C@H](O)[C@@H](CO)O[C@H]1n1ccc(N)nc1=O,0,0,0.05069758172160884,O=c1ncccn1C1CCCO1
NC(=O)C1CCN(c2ncc(-c3cccc(N4CCCCC4)c3)s2)CC1,1,1,0.9347574139380134,c1cc(-c2cnc(N3CCCCC3)s2)cc(N2CCCCC2)c1
Cc1cn2nc(-c3nc(C4CCCN(C(=O)c5ccccc5)C4)no3)cc2c(=O)[nH]1,1,1,0.9736877047531249,O=C(c1ccccc1)N1CCCC(c2noc(-c3cc4c(=O)[nH]ccn4n3)n2)C1
Cc1cc(C)nc(NC(=S)N2CCN(c3cc(C(F)(F)F)nc4ccc(C(F)(F)F)cc34)CC2)c1,1,1,0.9718537709117462,S=C(Nc1ccccn1)N1CCN(c2ccnc3ccccc23)CC1
Cc1cc(C)nc(NC(=S)N2CCN(c3cc(C(F)(F)F)nc4ccccc34)CC2)c1,1,1,0.9871425027465338,S=C(Nc1ccccn1)N1CCN(c2ccnc3ccccc23)CC1
O=C(NCC1Cn2cccc2CN1Cc1cccnc1)Nc1ccccc1,0,1,0.9328528658704571,O=C(NCC1Cn2cccc2CN1Cc1cccnc1)Nc1ccccc1
COc1ccc(C2Nc3ccccc3C(=O)N2Cc2ccco2)cc1,1,1,0.9729994753004201,O=C1c2ccccc2NC(c2ccccc2)N1Cc1ccco1
CNc1nc(C#N)c(-c2cccc3ccccc23)o1,1,1,0.9919982197368451,c1ccc2c(-c3cnco3)cccc2c1
CNc1ncc(-c2cccc3ccccc23)o1,1,1,0.9943710087008839,c1ccc2c(-c3cnco3)cccc2c1
O=C(Nc1ccc(Cl)cc1)Nc1ccc(Cl)c(Cl)c1,1,1,0.8917141111071041,O=C(Nc1ccccc1)Nc1ccccc1
NC(=O)C1CCN(c2nccc(-c3ccc4c(c3)OCCO4)n2)CC1,1,1,0.9755659637231755,c1cc(-c2ccc3c(c2)OCCO3)nc(N2CCCCC2)n1
O=C(CCCN1CCC(n2c(=O)[nH]c3ccccc32)CC1)c1ccc(F)cc1,1,1,0.892140624280863,O=C(CCCN1CCC(n2c(=O)[nH]c3ccccc32)CC1)c1ccccc1
Cc1ccc(NS(=O)(=O)c2cccc(C(=O)O)c2)cc1S(=O)(=O)N1CCOCC1,1,0,0.2946837641637798,O=S(=O)(Nc1cccc(S(=O)(=O)N2CCOCC2)c1)c1ccccc1
Cc1ccc(CNCc2cn[nH]c2-c2ccc(C)cc2)cc1,1,1,0.9644654137172305,c1ccc(CNCc2cn[nH]c2-c2ccccc2)cc1
CC(=O)N1CCC2(CCCN(c3ccc(-c4ccccc4)cc3)C2)CC1,1,1,0.9496827100068784,c1ccc(-c2ccc(N3CCCC4(CCNCC4)C3)cc2)cc1
NC(=O)C1CCN(c2ncc(-c3cccc(N4CCOCC4)c3)s2)CC1,1,1,0.9329651730370075,c1cc(-c2cnc(N3CCCCC3)s2)cc(N2CCOCC2)c1
Fc1ccc(Nc2nc(-n3ccnc3)nc3ccccc23)cc1F,1,1,0.9539840793840682,c1ccc(Nc2nc(-n3ccnc3)nc3ccccc23)cc1
OCc1ccc(-c2ccc(-c3ccc(CO)s3)o2)s1,1,1,0.9274613518389179,c1csc(-c2ccc(-c3cccs3)o2)c1
CCOc1ccc(CCNC(=O)c2cc3cnccc3n2Cc2cccc(C)n2)cc1OCC,0,1,0.9521293762644183,O=C(NCCc1ccccc1)c1cc2cnccc2n1Cc1ccccn1
Cc1cccc(CS(=O)(=O)c2ncc(Cl)c(C(=O)Nc3nc4ccc(F)cc4s3)n2)c1,1,1,0.879606807343715,O=C(Nc1nc2ccccc2s1)c1ccnc(S(=O)(=O)Cc2ccccc2)n1
CNc1nccc(-c2cccc3ccccc23)n1,1,1,0.9605289612663932,c1ccc2c(-c3ccncn3)cccc2c1
CCOc1ccc(NC(=O)CC2C(=O)N(c3ccc(F)cc3)C(=O)N2CCc2sccc2C)cc1,1,1,0.9565258559449202,O=C(CC1C(=O)N(c2ccccc2)C(=O)N1CCc1cccs1)Nc1ccccc1
CC(=O)Nc1ccc(S(=O)(=O)Nc2nccs2)cc1,0,1,0.5585293230156064,O=S(=O)(Nc1nccs1)c1ccccc1
COc1cc(C2c3cc(O)c(OC)cc3CC3C(=O)OCC32)ccc1O,1,1,0.8633986869867205,O=C1OCC2C1Cc1ccccc1C2c1ccccc1
CCOc1ccc(CCNC(=O)c2cc3ccccc3o2)cc1OCC,1,1,0.9110120663471541,O=C(NCCc1ccccc1)c1cc2ccccc2o1
COc1cccc(-c2nc(-c3c(C)noc3C)cc3[nH]c(C)cc23)c1OC,1,1,0.9806458424521298,c1ccc(-c2nc(-c3cnoc3)cc3[nH]ccc23)cc1
Cc1cc2c(-c3cccc(O)c3)nc(-c3c(C)noc3C)cc2[nH]1,1,1,0.9707692558459223,c1ccc(-c2nc(-c3cnoc3)cc3[nH]ccc23)cc1
COc1ccc(-c2nc(-c3c(C)noc3C)cc3c2cc(C)n3CCN(C)C)cc1OC,1,1,0.9799004807015239,c1ccc(-c2nc(-c3cnoc3)cc3[nH]ccc23)cc1
O=C(Nc1ccccc1)C1CCN(c2ncc(-c3ccc4c(c3)OCCCO4)s2)CC1,1,1,0.9121464944292952,O=C(Nc1ccccc1)C1CCN(c2ncc(-c3ccc4c(c3)OCCCO4)s2)CC1
Cc1ccc(-c2cc(C(=O)NCc3cnn(C)c3)c3cc(Br)ccc3n2)cc1,1,1,0.9408055322174775,O=C(NCc1cn[nH]c1)c1cc(-c2ccccc2)nc2ccccc12
CCn1cc(CNC(=O)c2cc(-c3ccc(C)cc3)nc3ccc(Br)cc23)c(C)n1,0,1,0.8858317017624183,O=C(NCc1cn[nH]c1)c1cc(-c2ccccc2)nc2ccccc12
OCC(O)CCO/N=C1/C(c2c(O)[nH]c3ccccc23)=Nc2ccccc21,1,1,0.8564435760744367,N=C1C(c2c[nH]c3ccccc23)=Nc2ccccc21
O=C(C1CC(=O)N(c2n[nH]c3ccccc23)C1)N1CCC(c2noc3cc(F)ccc23)CC1,1,1,0.9658877583810231,O=C(C1CC(=O)N(c2n[nH]c3ccccc23)C1)N1CCC(c2noc3ccccc23)CC1
CS(=O)(=O)c1ccc(-c2cnc(NCc3ccco3)n3cnnc23)cc1,1,1,0.9473048957514483,c1ccc(-c2cnc(NCc3ccco3)n3cnnc23)cc1
Fc1ccc(Nc2nc(Nc3ccncc3)nc3ccccc23)cc1F,1,1,0.9644151354508302,c1ccc(Nc2nc(Nc3ccncc3)nc3ccccc23)cc1
CC1(C)C(=O)NC2=C1C(=O)C(=O)c1ccccc12,1,1,0.9582423641244823,O=C1CC2=C(N1)c1ccccc1C(=O)C2=O
Cc1c(C(=O)OCCOc2ccccc2)[nH]c2c1C(=O)CC(c1ccccc1)C2,1,1,0.9804930170549463,O=C(OCCOc1ccccc1)c1cc2c([nH]1)CC(c1ccccc1)CC2=O
Oc1c(C(Nc2nccs2)c2ccc(C(F)(F)F)cc2)ccc2cccnc12,1,1,0.7888130673049278,c1ccc(C(Nc2nccs2)c2ccc3cccnc3c2)cc1
O=C(Cc1ccc(Cl)c(Cl)c1)Nc1ccc(S(=O)(=O)Nc2cncnc2)cc1,0,1,0.7086686515177398,O=C(Cc1ccccc1)Nc1ccc(S(=O)(=O)Nc2cncnc2)cc1
COc1ccc(OC)c(-c2nc3c(C#N)c[nH]n3c2NC2CCCCC2)c1,1,1,0.9422665680766472,c1ccc(-c2nc3cc[nH]n3c2NC2CCCCC2)cc1
COC(=O)c1ccc2c(C(=Nc3ccc(N(C)C(=O)CN4CCN(C)CC4)cc3)c3ccccc3)c(O)[nH]c2c1,1,1,0.8057088378985355,O=C(CN1CCNCC1)Nc1ccc(N=C(c2ccccc2)c2c[nH]c3ccccc23)cc1
CSc1nn(Cc2cccc(C)c2)c(N)c1S(=O)(=O)c1ccccc1,1,1,0.9312969619237744,O=S(=O)(c1ccccc1)c1cnn(Cc2ccccc2)c1
COc1ccc(-n2nc(C3CCN([S+](=O)([O-])c4cccc(C(F)(F)F)c4)CC3)[nH]c2=O)cc1,1,1,0.8925470141123563,O=c1[nH]c(C2CCN([SH+](=O)c3ccccc3)CC2)nn1-c1ccccc1
COc1cccc(C(=O)Nc2ccc([S+](=O)([O-])Nc3nccs3)cc2)c1O,0,1,0.5249562774124987,O=C(Nc1ccc([SH+](=O)Nc2nccs2)cc1)c1ccccc1
O=C1CCCC2=C1C(C1CCCCC1Cl)N=C(NC1NC3CCCCC3S1)N2,1,1,0.9646594237849989,O=C1CCCC2=C1C(C1CCCCC1)N=C(NC1NC3CCCCC3S1)N2
CC(C)(C)c1ccc(-c2nc(SCCCOc3ccccc3)n3[nH]c(=O)cc3n2)cc1,1,1,0.9752809279726203,O=c1cc2nc(-c3ccccc3)nc(SCCCOc3ccccc3)n2[nH]1
COc1cc2c(cc1OCCCN1CCCC1)N=C(N)C21CCC1,0,0,0.23054896431774258,C1=Nc2cc(OCCCN3CCCC3)ccc2C12CCC2
O=C(NC(c1ccccc1)c1cc(Cl)c2cccnc2c1O)c1cccnc1,1,1,0.839803594230922,O=C(NC(c1ccccc1)c1ccc2cccnc2c1)c1cccnc1
COc1ccc(Nc2cc(C)nc(-n3nc(C)cc3C)n2)cc1Cl,1,1,0.9812990314236691,c1ccc(Nc2ccnc(-n3cccn3)n2)cc1
C[C@@H]1CN(CC(=O)N2CC(C)(C)c3ncc(Cc4ccc(F)cc4)cc32)[C@@H](CN2CCOC[C@H]2C)CN1,1,1,0.8697111406767855,O=C(CN1CCNCC1CN1CCOCC1)N1CCc2ncc(Cc3ccccc3)cc21
COC(=O)C1=COC(C)C2CN3CCc4c([nH]c5cc(OC)c(OC)cc45)C3CC12,1,1,0.9805125084072056,C1=CC2CC3c4[nH]c5ccccc5c4CCN3CC2CO1
O=C(Cc1ccc2ccccc2c1)Nc1ccc(S(=O)(=O)Nc2nccs2)cc1,1,1,0.528535013108001,O=C(Cc1ccc2ccccc2c1)Nc1ccc(S(=O)(=O)Nc2nccs2)cc1
COc1ccccc1C(=O)Nc1nc2nc(C)cc(=O)n2[nH]1,0,0,0.10964548638438096,O=C(Nc1nc2nccc(=O)n2[nH]1)c1ccccc1
Cc1nc2nc(NC(=O)c3ccc(C(C)(C)C)cc3)[nH]n2c(=O)c1Cl,0,0,0.3010956388008209,O=C(Nc1nc2nccc(=O)n2[nH]1)c1ccccc1
Cc1ccc(C(=O)Nc2nc3nc(C)cc(=O)n3[nH]2)cc1,0,0,0.1999024787662066,O=C(Nc1nc2nccc(=O)n2[nH]1)c1ccccc1
COc1cccc(CNc2ccc(S(=O)(=O)Nc3cccnc3)cc2)c1O,1,1,0.8168300270857227,O=S(=O)(Nc1cccnc1)c1ccc(NCc2ccccc2)cc1
COc1cccc(CNc2ccc(S(=O)(=O)Nc3ccc(C)nc3)cc2)c1O,1,1,0.8561790055346179,O=S(=O)(Nc1cccnc1)c1ccc(NCc2ccccc2)cc1
COc1cc(=O)n2c(c1C(=O)N(C)Cc1cscn1)CCN(C(=O)c1ccc(C)cc1C)CC2,0,1,0.8746474867583302,O=C(NCc1cscn1)c1ccc(=O)n2c1CCN(C(=O)c1ccccc1)CC2
COc1ccccc1Nc1ccnc(N2CCN(C(=O)c3ccc(F)cc3)CC2)n1,1,1,0.9484967031069625,O=C(c1ccccc1)N1CCN(c2nccc(Nc3ccccc3)n2)CC1
COc1ccccc1Nc1ccnc(N2CCN(C(=O)c3ccccc3Cl)CC2)n1,1,1,0.9652554467496363,O=C(c1ccccc1)N1CCN(c2nccc(Nc3ccccc3)n2)CC1
COc1ccccc1Nc1ccnc(N2CCN(C(=O)c3ccc(C)cc3)CC2)n1,1,1,0.953954207512584,O=C(c1ccccc1)N1CCN(c2nccc(Nc3ccccc3)n2)CC1
O=C1Nc2ccccc2/C1=C/c1ccnc2ccccc12,1,1,0.9740743728579815,O=C1Nc2ccccc2C1=Cc1ccnc2ccccc12
O=C(CCCc1ccc2cccnc2n1)NCc1cc(-c2ccc(F)c(C(F)(F)F)c2)no1,1,1,0.9806204772236409,O=C(CCCc1ccc2cccnc2n1)NCc1cc(-c2ccccc2)no1
Cc1ccc(CSCc2ccc(C(=O)NC3CC3)o2)cc1,1,1,0.9913388122088003,O=C(NC1CC1)c1ccc(CSCc2ccccc2)o1
O=C(NC1CC1)c1ccc(CSCc2ccccc2Cl)o1,1,1,0.9924032594405164,O=C(NC1CC1)c1ccc(CSCc2ccccc2)o1
Cc1ccc(S(=O)(=O)Nc2cc3c(cc2C(=O)Nc2nc(-c4ccccc4)cs2)OCO3)cc1,1,1,0.5902557425848379,O=C(Nc1nc(-c2ccccc2)cs1)c1cc2c(cc1NS(=O)(=O)c1ccccc1)OCO2
Cc1ccc(-c2cc(C(=O)Nc3ccc(-c4noc(=O)[nH]4)cc3)c3ccccc3n2)cc1C,0,1,0.5756412746826873,O=C(Nc1ccc(-c2noc(=O)[nH]2)cc1)c1cc(-c2ccccc2)nc2ccccc12
Cc1ccc(-c2cc(C(=O)Nc3ccc(S(=O)(=O)Nc4ccc(C#N)cc4)cc3)c3ccccc3n2)cc1C,0,0,0.19343809164603237,O=C(Nc1ccc(S(=O)(=O)Nc2ccccc2)cc1)c1cc(-c2ccccc2)nc2ccccc12
CN(C)c1cccc(-c2nccc(N3CCC(C(N)=O)CC3)n2)c1,1,1,0.9802578774830648,c1ccc(-c2nccc(N3CCCCC3)n2)cc1
CN(C)c1cccc(-c2ncc(F)c(N3CCC(C(N)=O)CC3)n2)c1,1,1,0.9845023952260895,c1ccc(-c2nccc(N3CCCCC3)n2)cc1
O=C(Nc1ccc(F)cc1F)c1cc(-c2ccc[nH]2)n[nH]1,1,1,0.9435349005474601,O=C(Nc1ccccc1)c1cc(-c2ccc[nH]2)n[nH]1
O=C(Nc1cccc(OC(F)(F)F)c1)c1cc(-c2ccc[nH]2)n[nH]1,1,1,0.9514931604074447,O=C(Nc1ccccc1)c1cc(-c2ccc[nH]2)n[nH]1
O=C(Nc1cccc(F)c1)c1cc(-c2ccc[nH]2)n[nH]1,1,1,0.9349593067189098,O=C(Nc1ccccc1)c1cc(-c2ccc[nH]2)n[nH]1
Cc1ccc(NC(=O)c2cc(-c3ccc[nH]3)n[nH]2)cc1F,1,1,0.9509510399853663,O=C(Nc1ccccc1)c1cc(-c2ccc[nH]2)n[nH]1
COc1ccc(NC(=O)c2cc(-c3ccc[nH]3)n[nH]2)cc1OC,1,1,0.9383427257386697,O=C(Nc1ccccc1)c1cc(-c2ccc[nH]2)n[nH]1
CCc1cccc(NC(=O)c2cc(-c3ccc[nH]3)n[nH]2)c1,1,1,0.9608809501089731,O=C(Nc1ccccc1)c1cc(-c2ccc[nH]2)n[nH]1
CCOc1ccccc1N(CC(=O)N1CCOCC1)S(=O)(=O)c1ccc(SC)cc1,1,1,0.937013824970262,O=C(CN(c1ccccc1)S(=O)(=O)c1ccccc1)N1CCOCC1
CC[C@H]1C=CC=CC[C@@H](C)[C@H](O)[C@@](C)(O)C(=O)[C@@H](C)[C@H](O)[C@@H](C)C(=O)[C@@H](C)[C@H](O)[C@@H](C)C=CC(=O)O[C@@H]2[C@@H](C)[C@H](CC1)O[C@]1(CC[C@H](C)[C@H](C[C@@H](C)O)O1)[C@H]2C,0,0,0.0621288721335776,O=C1CCCC=CC(=O)OC2CC(CCCC=CC=CCCCCC(=O)CCC1)OC1(CCCCO1)C2
COc1cc([C@@H](CC(=O)O)c2ccc(C)c(CN3C[C@@H](C)Oc4ccccc4S3(=O)=O)c2)cc2nnn(C)c12,0,0,0.29836955632946366,O=S1(=O)c2ccccc2OCCN1Cc1cccc(Cc2ccc3[nH]nnc3c2)c1
COc1ccc(Nc2cc3c(nc2OC)nc(CCc2ccccc2)n3C)cn1,1,1,0.9446650908486385,c1ccc(CCc2nc3ncc(Nc4cccnc4)cc3[nH]2)cc1
COc1ccc(NC(=O)C2=C(C)NC(Nc3nc4ccccc4o3)=NC2c2ccccc2Br)cc1,1,1,0.6827083833965955,O=C(Nc1ccccc1)C1=CNC(Nc2nc3ccccc3o2)=NC1c1ccccc1
CC1=C(C(=O)Nc2ccccc2C)C(c2ccccc2Br)N=C(Nc2nc3ccccc3o2)N1,1,1,0.6113029837226088,O=C(Nc1ccccc1)C1=CNC(Nc2nc3ccccc3o2)=NC1c1ccccc1
CNc1oc(-c2cccc(Cl)c2Cl)nc1C#N,1,1,0.9914478896469598,c1ccc(-c2ncco2)cc1
CC(=O)N1CCc2cc(S(=O)(=O)NCCC3=CCCCC3)ccc21,1,1,0.9865430149196432,O=S(=O)(NCCC1=CCCCC1)c1ccc2c(c1)CCN2
OC(CCN1CCCCC1)c1ccc(-c2ccccc2)cc1,1,1,0.8070474121634101,c1ccc(-c2ccc(CCCN3CCCCC3)cc2)cc1
O=C(Nc1ccc([S+](=O)([O-])Nc2nccs2)cc1)c1ncn[nH]1,0,1,0.5007339748552821,O=C(Nc1ccc([SH+](=O)Nc2nccs2)cc1)c1ncn[nH]1
O=C1NC(=O)C(c2cnc3ccccn23)=C1c1cn2c3c(cccc13)CN(C(=O)N1CCOCC1)CC2,1,1,0.9117203779162624,O=C1NC(=O)C(c2cnc3ccccn23)=C1c1cn2c3c(cccc13)CN(C(=O)N1CCOCC1)CC2
CCCCOc1ccc(CC(=O)NO)cc1,1,1,0.9815278719662107,c1ccccc1
N[C@@H](Cc1cc(Br)c(O)c(Br)c1)C(=O)O,0,0,0.06293378777091246,c1ccccc1
O=C(CCCCCCC(=O)Nc1ccccc1)NO,1,1,0.9269674944936248,c1ccccc1
CCN(CC)C(=O)c1ccc(O)c(OC)c1,1,1,0.9564453942333516,c1ccccc1
NC[C@H](O)c1ccc(O)c(O)c1,0,0,0.05732780003439317,c1ccccc1
Cc1ccccc1OCC(O)CO,1,1,0.7913154936138344,c1ccccc1
COc1ccc(C(=O)CCN(C)C)cc1F,1,1,0.9124590990004937,c1ccccc1
CC(C=CC(=O)NO)=C[C@@H](C)C(=O)c1ccc(N(C)C)cc1,1,1,0.9607970599657483,c1ccccc1
CCCCCCCCc1ccc(CCC(N)(CO)CO)cc1,0,1,0.651914053512147,c1ccccc1
O=C(Nc1nc(-c2ccccc2)cs1)c1ccncc1NS(=O)(=O)c1ccc2ccccc2c1,1,1,0.5152165057697833,O=C(Nc1nc(-c2ccccc2)cs1)c1ccncc1NS(=O)(=O)c1ccc2ccccc2c1
Cc1ccc(-c2cc(C(=O)Nc3ccc(-n4cncn4)cc3)c3ccccc3n2)cc1C,0,1,0.7216758594263494,O=C(Nc1ccc(-n2cncn2)cc1)c1cc(-c2ccccc2)nc2ccccc12
CNC(=O)c1cccc(-c2cnc(Nc3cccc(C(F)(F)F)c3)c3c2CCO3)c1,1,1,0.9379815561336627,c1ccc(Nc2ncc(-c3ccccc3)c3c2OCC3)cc1
COc1cccc(CNc2ccc(S(=O)(=O)Nc3ncc(-c4ccccc4)s3)cc2)c1O,1,1,0.6953579301867737,O=S(=O)(Nc1ncc(-c2ccccc2)s1)c1ccc(NCc2ccccc2)cc1
Oc1cccc(-c2nc(N3CCOCC3)c3oc4ncccc4c3n2)c1,1,1,0.9700089509903035,c1ccc(-c2nc(N3CCOCC3)c3oc4ncccc4c3n2)cc1
COc1c(O)ccc2c1CN1CCc3cc4c(cc3[C@@H]1C2)OCO4,1,1,0.927103100400528,c1ccc2c(c1)CC1c3cc4c(cc3CCN1C2)OCO4
Cc1ccc(S(=O)(=O)NCc2ccccc2)cc1,1,1,0.9617155362044922,O=S(=O)(NCc1ccccc1)c1ccccc1
COc1ccc(NC(=O)c2cccnc2C)cc1[S+](=O)([O-])Nc1ccc(Br)cc1,1,1,0.7313221295716076,O=C(Nc1cccc([SH+](=O)Nc2ccccc2)c1)c1cccnc1
Fc1ccc(Oc2nc(-c3ccncc3)nc3ccccc23)cc1F,1,1,0.9710052012274877,c1ccc(Oc2nc(-c3ccncc3)nc3ccccc23)cc1
O=C(Nc1nnc(-c2cccs2)o1)c1ccc(Cl)cc1,1,1,0.9620447368422715,O=C(Nc1nnc(-c2cccs2)o1)c1ccccc1
O=C(Nc1ncnc2sc3c(c12)CCC3)c1ccco1,1,1,0.9443051152072551,O=C(Nc1ncnc2sc3c(c12)CCC3)c1ccco1
NC(=O)c1ccc(-c2nc3c([nH]2)CN(C(=O)CN2CCOCC2)CC3)cc1,0,1,0.7196833477892965,O=C(CN1CCOCC1)N1CCc2nc(-c3ccccc3)[nH]c2C1
C=C1C(=O)OC2C1CCC(C)C1(O)C=CC(=O)C21C,1,1,0.9484065575993915,C=C1C(=O)OC2C1CCCC1C=CC(=O)C12
Oc1ccc(C(=S)N2CCN(c3cccc(Cl)c3)CC2)cc1,1,1,0.9767117912105788,S=C(c1ccccc1)N1CCN(c2ccccc2)CC1
COc1ccc(-n2nc(C3CCN([S+](=O)([O-])c4c(C)noc4C)CC3)[nH]c2=O)cc1,1,1,0.9399765813138331,O=c1[nH]c(C2CCN([SH+](=O)c3cnoc3)CC2)nn1-c1ccccc1
CC(=O)Nc1ncc(S(=O)(=O)Nc2cnccc2C(=O)Nc2nc(-c3ccccc3)cs2)s1,1,1,0.8321602860496422,O=C(Nc1nc(-c2ccccc2)cs1)c1ccncc1NS(=O)(=O)c1cncs1
O=C1NCc2cc(-c3cc4c(ccn4Cc4ccncc4)c(N4CCOCC4)n3)ccc21,1,1,0.9644477909975199,O=C1NCc2cc(-c3cc4c(ccn4Cc4ccncc4)c(N4CCOCC4)n3)ccc21
Cc1noc(C)c1-c1cc(-c2ccc3c(c2)C(=O)NC3)cn2cncc12,1,1,0.9791318188869543,O=C1NCc2ccc(-c3cc(-c4cnoc4)c4cncn4c3)cc21
CC1=Nc2cc(C(=O)NCCc3ccccc3)ccc2Sc2c(C)ccc(C)c21,1,1,0.8292803972786148,O=C(NCCc1ccccc1)c1ccc2c(c1)N=Cc1ccccc1S2
O=C(NCc1ccc(N2CCCC2)nc1)c1cc(Cl)ccc1O,1,1,0.9239530195967336,O=C(NCc1ccc(N2CCCC2)nc1)c1ccccc1
CN1C(=O)C(=O)N2C(=C[C@]3(c4c[nH]c5ccccc45)c4ccccc4N[C@H]23)C1=O,1,1,0.9845924864766279,O=C1NC(=O)C2=CC3(c4c[nH]c5ccccc45)c4ccccc4NC3N2C1=O
Fc1cc(Nc2nc(-c3ccncc3)nc3ccccc23)ccc1-c1ccc2[nH]ncc2c1,1,1,0.7453814976232241,c1ccc2c(Nc3ccc(-c4ccc5[nH]ncc5c4)cc3)nc(-c3ccncc3)nc2c1
COc1cc2ncnc(Nc3ccc(Oc4ccccc4)cc3)c2cc1OC,1,1,0.9216531688889026,c1ccc(Oc2ccc(Nc3ncnc4ccccc34)cc2)cc1
O=S(=O)(Nc1ccc(S(=O)(=O)Nc2nccs2)cc1)c1ccc2ccccc2c1,0,1,0.6775310241904176,O=S(=O)(Nc1ccc(S(=O)(=O)Nc2nccs2)cc1)c1ccc2ccccc2c1
Cc1cc(CNC(=O)c2ccc3c(c2)n(CC2CC2)c(=O)n3C2CCCCC2)on1,1,1,0.9676875410532368,O=C(NCc1ccno1)c1ccc2c(c1)n(CC1CC1)c(=O)n2C1CCCCC1
CC(=O)NC(c1cccs1)c1cc(Br)c2cccnc2c1O,1,1,0.8090849362445179,c1csc(Cc2ccc3cccnc3c2)c1
CCC(=O)NC(c1cccs1)c1cc([N+](=O)[O-])c2cccnc2c1O,1,1,0.6328317251647131,c1csc(Cc2ccc3cccnc3c2)c1
COc1cc(/C=C(\C#N)c2nc3ccccc3[nH]2)ccc1OCc1ccc(F)cc1,1,1,0.8706907267190961,C(=Cc1nc2ccccc2[nH]1)c1ccc(OCc2ccccc2)cc1
Cc1ccc2[nH]c(-c3ccccc3)cc(=O)c2c1,1,1,0.8966815368604962,O=c1cc(-c2ccccc2)[nH]c2ccccc12
O=C1CCc2ccc(OCCCCN3CCN(c4cccc(Cl)c4Cl)CC3)cc2N1,1,1,0.9864790061134437,O=C1CCc2ccc(OCCCCN3CCN(c4ccccc4)CC3)cc2N1
Cc1cc(-c2nnc3n2CCCCC3)c(C)n1-c1cccc2ccccc12,1,1,0.9734324218976221,c1ccc2c(-n3ccc(-c4nnc5n4CCCCC5)c3)cccc2c1
CC(=O)OCCN1C(=O)c2c(C)nc3ccc(S(=O)(=O)N4CCOCC4)cc3c2C1=O,1,1,0.8789635526410513,O=C1NC(=O)c2c1cnc1ccc(S(=O)(=O)N3CCOCC3)cc21
Fc1ccc(Cl)cc1-c1nc(Nc2ccncc2)c2nccnc2n1,1,1,0.9184618014118773,c1ccc(-c2nc(Nc3ccncc3)c3nccnc3n2)cc1
COC(=O)[C@]12CCC(C)(C)C[C@@H]1[C@@H]1C(=O)C=C3[C@@]4(C)C=C(C#N)C(=O)C(C)(C)[C@@H]4CC[C@@]3(C)[C@]1(C)CC2,1,1,0.9554671918983126,O=C1C=CC2C3=CC(=O)C4C5CCCCC5CCC4C3CCC2C1
Fc1ccc(N2CCCN(CC3[C@H]4CNC[C@@H]34)CC2)cc1,1,1,0.8238812715405344,c1ccc(N2CCCN(CC3C4CNCC43)CC2)cc1
CC(C)NC(=O)c1nc(-c2ccc(Cl)nc2)c2cnccn12,1,1,0.8856219453438194,c1cncc(-c2ncn3ccncc23)c1
COC(=O)CNC(=O)c1nc(-c2ccc(Cl)nc2)c2cnccn12,1,1,0.8675920684404412,c1cncc(-c2ncn3ccncc23)c1
NC(=O)C1CCN(c2nc(-c3ccccc3-c3ccccc3)cs2)CC1,1,1,0.9489740101743909,c1ccc(-c2ccccc2-c2csc(N3CCCCC3)n2)cc1
CN1CCN(c2ccc(Nc3nn4c(=O)c5ccccc5nc4s3)cc2)CC1,1,1,0.9265603127826587,O=c1c2ccccc2nc2sc(Nc3ccc(N4CCNCC4)cc3)nn12
CN1CCN(c2cc(-c3nc(Nc4ccc(F)c(F)c4)c4ccccc4n3)ccn2)CC1,1,1,0.9585295425513659,c1ccc(Nc2nc(-c3ccnc(N4CCNCC4)c3)nc3ccccc23)cc1
O=C1CCCC2=C1C(c1ccccc1Cl)N=C(Nc1nc3ccccc3o1)N2,1,1,0.955104250325383,O=C1CCCC2=C1C(c1ccccc1)N=C(Nc1nc3ccccc3o1)N2
CC1(C)CC(=O)C2=C(C1)NC(Nc1nc3ccccc3o1)=NC2c1ccccc1Cl,1,1,0.9343071586504513,O=C1CCCC2=C1C(c1ccccc1)N=C(Nc1nc3ccccc3o1)N2
CC(C)NC(=O)N1C[C@@H]2C[C@H](C1)c1ccc(-c3cccc(C(F)(F)F)c3)c(=O)n1C2,1,1,0.9676067679860486,O=c1c(-c2ccccc2)ccc2n1CC1CNCC2C1
Cc1ccc(S(=O)(=O)Nc2ncccc2C(=O)Nc2nc(-c3ccccc3)cs2)cc1,1,1,0.6446659467630675,O=C(Nc1nc(-c2ccccc2)cs1)c1cccnc1NS(=O)(=O)c1ccccc1
Cc1ccc(-c2cc(C(=O)Nc3ccccn3)c3ccccc3n2)cc1,1,1,0.9600956826491824,O=C(Nc1ccccn1)c1cc(-c2ccccc2)nc2ccccc12
O=[S+]([O-])(Nc1ccccc1)c1ccc(NCc2cccc(Cl)c2F)cc1,1,1,0.7834493920957183,O=[SH+](Nc1ccccc1)c1ccc(NCc2ccccc2)cc1
O=[S+]([O-])(Nc1ccccc1)c1ccc(NCc2ccc(Cl)cc2O)cc1,1,1,0.7599061246538872,O=[SH+](Nc1ccccc1)c1ccc(NCc2ccccc2)cc1
O=[S+]([O-])(Nc1ccccc1)c1ccc(NCc2cccc(C(F)(F)F)c2F)cc1,1,1,0.7764651475485367,O=[SH+](Nc1ccccc1)c1ccc(NCc2ccccc2)cc1
O=c1[nH]c(C2CCN(CC3CCCCC3)CC2)nn1Cc1ccccc1,0,1,0.890346753264395,O=c1[nH]c(C2CCN(CC3CCCCC3)CC2)nn1Cc1ccccc1
CCOc1ccc(CCNC(=O)c2cc3sccc3n2C(C)C)cc1OCC,1,1,0.9379699772042305,O=C(NCCc1ccccc1)c1cc2sccc2[nH]1
CCOc1ccc(CCNC(=O)c2cc3sccc3n2C)cc1OCC,1,1,0.9542071620186212,O=C(NCCc1ccccc1)c1cc2sccc2[nH]1
CCOc1ccc(CCNC(=O)c2cc3sccc3n2CCN(C)C)cc1OCC,1,1,0.9018231368814774,O=C(NCCc1ccccc1)c1cc2sccc2[nH]1
CCn1c(C(=O)NCCc2ccc(OC)cc2)cc2sccc21,1,1,0.9600049947682989,O=C(NCCc1ccccc1)c1cc2sccc2[nH]1
CCOc1ccc(CCNC(=O)c2cc3ncccc3n2Cc2cccc(C)n2)cc1OCC,1,1,0.9127896869333695,O=C(NCCc1ccccc1)c1cc2ncccc2n1Cc1ccccn1
CN(Cc1ccccc1)C(=O)C1CCN(Cc2cccc3ccccc23)CC1,1,1,0.932488405005428,O=C(NCc1ccccc1)C1CCN(Cc2cccc3ccccc23)CC1
CN(Cc1cnc2nc(N)nc(N)c2n1)c1ccc(C(=O)N[C@@H](CCC(=O)O)C(=O)O)cc1,0,0,0.0007856207017133742,c1ccc(NCc2cnc3ncncc3n2)cc1
CNc1nc2c(s1)C(c1ccc(Cl)cc1)CC(=O)N2,1,1,0.9145618796763749,O=C1CC(c2ccccc2)c2scnc2N1
CNc1nc2c(s1)C(c1ccccc1F)CC(=O)N2,1,1,0.8699620605544691,O=C1CC(c2ccccc2)c2scnc2N1
Nc1nc2c(s1)C(c1ccc(F)c(F)c1)CC(=O)N2,1,1,0.8021110797951055,O=C1CC(c2ccccc2)c2scnc2N1
Nc1nc2c(s1)C(c1cccc(F)c1F)CC(=O)N2,0,1,0.8030025055382082,O=C1CC(c2ccccc2)c2scnc2N1
Nc1nc2c(s1)C(c1ccccc1)CC(=O)N2,1,1,0.8745845220817302,O=C1CC(c2ccccc2)c2scnc2N1
Nc1nc2c(s1)C(c1ccc(F)cc1F)CC(=O)N2,1,1,0.8026337838974604,O=C1CC(c2ccccc2)c2scnc2N1
Nc1nc2c(s1)C(c1cccc(Cl)c1Cl)CC(=O)N2,1,1,0.8969926000585074,O=C1CC(c2ccccc2)c2scnc2N1
Nc1nc2c(s1)C(c1cc(Cl)ccc1F)CC(=O)N2,1,1,0.8514214351561195,O=C1CC(c2ccccc2)c2scnc2N1
COc1ccc(C2CC(=O)Nc3nc(N)sc32)cc1OC,1,1,0.8798429279584506,O=C1CC(c2ccccc2)c2scnc2N1
Nc1nc2c(s1)C(c1ccc(Br)cc1)CC(=O)N2,1,1,0.818445368657179,O=C1CC(c2ccccc2)c2scnc2N1
Nc1nc2c(s1)C(c1c(Cl)cccc1Cl)CC(=O)N2,0,1,0.897350326039581,O=C1CC(c2ccccc2)c2scnc2N1
COc1ccc2[nH]c3c(C)c4ccncc4c(C)c3c2c1,1,1,0.9646402983731307,c1ccc2c(c1)[nH]c1cc3ccncc3cc12
O=[N+]([O-])c1ccc(/C=N/n2c(CO)nc3ccccc32)s1,1,1,0.8997606446357288,C(=Nn1cnc2ccccc21)c1cccs1
O=C(Cc1ccc(Cl)cc1)Nc1cnccc1C(=O)O,0,0,0.13577139442598987,O=C(Cc1ccccc1)Nc1cccnc1
CCc1ccc(NC(=O)CSC2=Nc3ccccc3C3=NC(CC(=O)NCc4ccc5c(c4)OCO5)C(=O)N23)cc1,0,0,0.4798010564167798,O=C(CC1N=C2c3ccccc3N=C(SCC(=O)Nc3ccccc3)N2C1=O)NCc1ccc2c(c1)OCO2
Fc1ccc(Nc2nc(-c3ccncc3)ncc2-c2ccccc2)cc1F,0,1,0.8862936854040891,c1ccc(Nc2nc(-c3ccncc3)ncc2-c2ccccc2)cc1
O=C1NCc2ccc(-c3cc4c(ccn4Cc4cccnc4)c(C4=CCOCC4)n3)cc21,1,1,0.976880738892281,O=C1NCc2ccc(-c3cc4c(ccn4Cc4cccnc4)c(C4=CCOCC4)n3)cc21
O=C(c1ccc2ncccc2c1)N1CCc2c(nc3cc[nH]n3c2=O)C1,1,1,0.6234856459715764,O=C(c1ccc2ncccc2c1)N1CCc2c(nc3cc[nH]n3c2=O)C1
Cc1ccnc(C)c1C(=O)Nc1cccc([S+](=O)([O-])N(C)C)c1,1,1,0.8701201955641563,O=C(Nc1ccccc1)c1cccnc1
Cc1onc(-c2ccc(F)cc2)c1COc1ccc(C(=O)N2CCS(=O)(=O)CC2)cn1,1,1,0.9870203659574693,O=C(c1ccc(OCc2conc2-c2ccccc2)nc1)N1CCS(=O)(=O)CC1
COc1ccc(-n2c(C)cc(C3=NNC(=NC4CC4)SC3)c2C)cc1,1,1,0.9963427616945562,c1ccc(-n2ccc(C3=NNC(=NC4CC4)SC3)c2)cc1
Cc1ccc(-n2c(C)cc(C3=NNC(=NC4CC4)SC3)c2C)cc1C,1,1,0.9976475856293171,c1ccc(-n2ccc(C3=NNC(=NC4CC4)SC3)c2)cc1
CN(C(=O)c1cn2c(-c3ccc(C(F)(F)F)cc3)cnc2cn1)c1ccc(C#N)cc1,1,1,0.9211528882591542,O=C(Nc1ccccc1)c1cn2c(-c3ccccc3)cnc2cn1
CNC(=O)c1ccc(-c2cnc3cnc(C(=O)N(C)c4ccc(Cl)cc4)cn23)cc1,1,1,0.911856090864839,O=C(Nc1ccccc1)c1cn2c(-c3ccccc3)cnc2cn1
O=C(NC1CCN(c2cc(-c3ccc(Cl)cc3)[nH]n2)C1)c1ccccc1,1,1,0.944716947366572,O=C(NC1CCN(c2cc(-c3ccccc3)[nH]n2)C1)c1ccccc1
CCOc1ccc(Nc2nc(C)c(NC(=O)c3ccc(C)cc3)c(Nc3ccc(OCC)cc3)n2)cc1,1,1,0.8094525452855106,O=C(Nc1cnc(Nc2ccccc2)nc1Nc1ccccc1)c1ccccc1
Cc1ccc(Nc2nc(C)c(NC(=O)c3ccc(C)cc3)c(Nc3ccc(C)cc3)n2)cc1,1,1,0.8193699915081437,O=C(Nc1cnc(Nc2ccccc2)nc1Nc1ccccc1)c1ccccc1
O=C(O)c1cn(C2CC2)c2cc(N3C[C@@H]4C[C@H]3CN4)c(F)cc2c1=O,0,0,0.10190992726610215,O=c1ccn(C2CC2)c2cc(N3CC4CC3CN4)ccc12
CN1C[C@@H]2C[C@H]1CN2c1cc2c(cc1F)c(=O)c(C(=O)O)cn2C1CC1,0,0,0.22581989887352788,O=c1ccn(C2CC2)c2cc(N3CC4CC3CN4)ccc12
CCc1ccc(C2N=C(N)Nc3nc4ccccc4n32)cc1,0,1,0.8186833533793,C1=NC(c2ccccc2)n2c(nc3ccccc32)N1
COc1ccc(C2c3c(ncn(CCN4CCOCC4)c3=N)Oc3ccc4ccccc4c32)cc1OC,1,1,0.8506522441875981,N=c1c2c(ncn1CCN1CCOCC1)Oc1ccc3ccccc3c1C2c1ccccc1
CCN1C(=O)c2ccccc2S(=O)c2ccc(C(=O)NCc3ccc(OC)cc3)cc21,1,1,0.972703046739423,O=C(NCc1ccccc1)c1ccc2c(c1)NC(=O)c1ccccc1S2=O
CCN1C(=O)c2ccccc2[S@](=O)c2ccc(C(=O)NCc3ccc(F)cc3)cc21,1,1,0.9721056965002475,O=C(NCc1ccccc1)c1ccc2c(c1)NC(=O)c1ccccc1S2=O
CN1C(=O)c2ccccc2[S@](=O)c2ccc(C(=O)NCc3ccc(Br)cc3)cc21,1,1,0.9584848410649869,O=C(NCc1ccccc1)c1ccc2c(c1)NC(=O)c1ccccc1S2=O
CCN1C(=O)c2ccccc2S(=O)c2ccc(C(=O)NCc3ccccc3)cc21,1,1,0.9702920242194133,O=C(NCc1ccccc1)c1ccc2c(c1)NC(=O)c1ccccc1S2=O
CN1C(=O)c2ccccc2[S@](=O)c2ccc(C(=O)NCc3ccc(Cl)cc3)cc21,1,1,0.9729316978769554,O=C(NCc1ccccc1)c1ccc2c(c1)NC(=O)c1ccccc1S2=O
CCN1C(=O)c2ccccc2[S@](=O)c2ccc(C(=O)NCc3ccc(C#N)cc3)cc21,1,1,0.9644914610549976,O=C(NCc1ccccc1)c1ccc2c(c1)NC(=O)c1ccccc1S2=O
COc1cccc(-n2ncc3c2CCCC3NC(=O)c2ccccn2)c1,1,1,0.960560335316278,O=C(NC1CCCc2c1cnn2-c1ccccc1)c1ccccn1
O=C(NC1CCCc2c1cnn2-c1cccc(O)c1)c1ccccn1,1,1,0.9266064165043111,O=C(NC1CCCc2c1cnn2-c1ccccc1)c1ccccn1
O=C(NC1CCCc2c1cnn2-c1ccc(O)cc1)c1ccccn1,1,1,0.9261974311865349,O=C(NC1CCCc2c1cnn2-c1ccccc1)c1ccccn1
Oc1ccc(CNc2cccnc2)c2cccnc12,1,1,0.8239094562716758,c1cncc(NCc2cccc3ncccc23)c1
CCOc1ccc(N2CC(c3nc(-c4cc(OC)c(OC)c(OC)c4)no3)CC2=O)cc1,1,1,0.9559102093457172,O=C1CC(c2nc(-c3ccccc3)no2)CN1c1ccccc1
CN1CCN(C(=O)Cc2c[nH]c3ncc(-c4ccccc4Oc4ccccc4)cc23)CC1,1,1,0.9747998057987562,O=C(Cc1c[nH]c2ncc(-c3ccccc3Oc3ccccc3)cc12)N1CCNCC1
Cc1nc(N)nc2ccccc12,1,1,0.9460866200472553,c1ccc2ncncc2c1
O=C(Nc1ncc(Cc2ccc(C(F)(F)F)cc2)s1)c1cnc(-c2ccccc2)[nH]1,0,1,0.5734934695585718,O=C(Nc1ncc(Cc2ccccc2)s1)c1cnc(-c2ccccc2)[nH]1
Cc1ccccc1C(=O)Nc1sc2c(c1C(=O)NCc1ccco1)CCC(C(C)(C)C)C2,1,1,0.8965222271410728,O=C(Nc1sc2c(c1C(=O)NCc1ccco1)CCCC2)c1ccccc1
Cc1cc(-c2nnc3n2CCCCC3)c(C)n1-c1ccccc1,1,1,0.9888999954640024,c1ccc(-n2ccc(-c3nnc4n3CCCCC4)c2)cc1
Cc1cc(-c2nnc3n2CCCCC3)c(C)n1-c1ccc(F)cc1,1,1,0.9893393113181044,c1ccc(-n2ccc(-c3nnc4n3CCCCC4)c2)cc1
Cc1cc(-c2nnc3n2CCCCC3)c(C)n1-c1ccc(Br)cc1,1,1,0.9843533020687567,c1ccc(-n2ccc(-c3nnc4n3CCCCC4)c2)cc1
Cc1cc(-c2nnc3n2CCCCC3)c(C)n1-c1ccc(C(C)(C)C)cc1,1,1,0.9826438732345579,c1ccc(-n2ccc(-c3nnc4n3CCCCC4)c2)cc1
Cc1cc(-c2nnc3n2CCCCC3)c(C)n1-c1ccc(Cl)cc1,1,1,0.9900758735609859,c1ccc(-n2ccc(-c3nnc4n3CCCCC4)c2)cc1
Cc1cc(-c2nnc3n2CCCCC3)c(C)n1-c1ccc([N+](=O)[O-])cc1,1,1,0.990915170400251,c1ccc(-n2ccc(-c3nnc4n3CCCCC4)c2)cc1
Cc1cc(-c2nnc3n2CCCCC3)c(C)n1-c1ccc(Cl)c(Cl)c1,1,1,0.9800792778345616,c1ccc(-n2ccc(-c3nnc4n3CCCCC4)c2)cc1
Cc1cc(-c2nnc3n2CCCCC3)c(C)n1-c1cccc(C(F)(F)F)c1,1,1,0.9669687725438738,c1ccc(-n2ccc(-c3nnc4n3CCCCC4)c2)cc1
Cc1cc(-c2nnc3n2CCCCC3)c(C)n1-c1cccc(C#N)c1,1,1,0.989148505425185,c1ccc(-n2ccc(-c3nnc4n3CCCCC4)c2)cc1
Cc1cc(-c2nnc3n2CCCCC3)c(C)n1-c1cccc(Cl)c1,1,1,0.9901340263003797,c1ccc(-n2ccc(-c3nnc4n3CCCCC4)c2)cc1
CCOC(=O)c1ccc(-n2c(C)cc(-c3nnc4n3CCCCC4)c2C)cc1,1,1,0.9867804742050231,c1ccc(-n2ccc(-c3nnc4n3CCCCC4)c2)cc1
COc1ccc(-n2c(C)cc(-c3nnc4n3CCCCC4)c2C)cc1,1,1,0.9853761164927102,c1ccc(-n2ccc(-c3nnc4n3CCCCC4)c2)cc1
Cc1cc(-c2nnc3n2CCCCC3)c(C)n1-c1ccc(C(F)(F)F)cc1,1,1,0.9669167699413206,c1ccc(-n2ccc(-c3nnc4n3CCCCC4)c2)cc1
Cc1ccc(-n2c(C)cc(-c3nnc4n3CCCCC4)c2C)cc1,1,1,0.9902981565655301,c1ccc(-n2ccc(-c3nnc4n3CCCCC4)c2)cc1
Cc1cc(-c2nnc3n2CCCCC3)c(C)n1-c1ccc(C#N)cc1,1,1,0.989097690320316,c1ccc(-n2ccc(-c3nnc4n3CCCCC4)c2)cc1
CC(=O)N1CCN(c2ccc(OCc3nn(C)c(C)c3-c3cccc4c(CCCOc5cccc6ccccc56)c(C(=O)O)n(Cc5cccnc5)c34)cc2)CC1,1,1,0.8850738770274756,c1cncc(Cn2cc(CCCOc3cccc4ccccc34)c3cccc(-c4c[nH]nc4COc4ccc(N5CCNCC5)cc4)c32)c1
Cc1c(-c2cccc3c(CCCOc4cccc5ccccc45)c(C(=O)O)n(Cc4cccnc4)c23)c(COc2ccc(N3CCN([S+](=O)([O-])N(C)C)CC3)cc2)nn1C,1,1,0.7561001957172049,c1cncc(Cn2cc(CCCOc3cccc4ccccc34)c3cccc(-c4c[nH]nc4COc4ccc(N5CCNCC5)cc4)c32)c1
Cn1ccc2c(C(=O)NCC3CCC(=O)N3)nc(-c3ccccc3C#N)cc21,1,1,0.8975266314417865,O=C1CCC(CNC(=O)c2nc(-c3ccccc3)cc3[nH]ccc23)N1
O=C1CCC(CNC(=O)c2nc(-c3ccccc3)cc3[nH]ccc23)N1,1,1,0.9221511448507728,O=C1CCC(CNC(=O)c2nc(-c3ccccc3)cc3[nH]ccc23)N1
Cc1ccc(-c2nc(C)c(C(=O)Nc3ccc4c(c3)C(=O)N3CCC[C@H]3C(=O)N4)s2)cc1,1,1,0.7834217645415374,O=C(Nc1ccc2c(c1)C(=O)N1CCCC1C(=O)N2)c1cnc(-c2ccccc2)s1
COc1ccc(-n2c(C)c(C(C)=O)c3ccccc32)cc1,1,1,0.9758030947142657,c1ccc(-n2ccc3ccccc32)cc1
CCOC(=O)c1ccc2c(c1)c(C(C)=O)c(C)n2-c1ccc(OC)cc1,1,1,0.9797879550640474,c1ccc(-n2ccc3ccccc32)cc1
COc1ccc(-n2c(C)c(C(C)=O)c3cc(O)ccc32)cc1,1,1,0.965617834172396,c1ccc(-n2ccc3ccccc32)cc1
CC(=O)c1c(C)n(-c2ccccc2)c2ccc(O)cc12,1,1,0.9642853430278983,c1ccc(-n2ccc3ccccc32)cc1
Cc1ccc(-c2cc(C(=O)NCc3ccc(S(N)(=O)=O)cc3)c3ccccc3n2)cc1C,1,1,0.8253369939636204,O=C(NCc1ccccc1)c1cc(-c2ccccc2)nc2ccccc12
CC[C@H](NC(=O)c1c(O)c(-c2ccccc2)nc2ccccc12)c1ccccc1,1,1,0.8191622492065623,O=C(NCc1ccccc1)c1cc(-c2ccccc2)nc2ccccc12
Cc1c(C(=O)NN2CCCCC2)nn(-c2ccc(Cl)cc2Cl)c1-c1ccc(Cl)cc1,1,1,0.9889352857388765,O=C(NN1CCCCC1)c1cc(-c2ccccc2)n(-c2ccccc2)n1
Cc1noc(C)c1-c1ccc(Nc2nc(-c3ccncc3)nc3ccccc23)cc1F,1,1,0.9286502173077397,c1ccc2c(Nc3ccc(-c4cnoc4)cc3)nc(-c3ccncc3)nc2c1
CCc1ccccc1Nc1ncnc2c1cnn2-c1ccc(Cl)cc1,1,1,0.972094777289037,c1ccc(Nc2ncnc3c2cnn3-c2ccccc2)cc1
Cc1ccc(-n2ncc3c(Nc4cccc(C(=O)O)c4)ncnc32)cc1,1,1,0.621876862454543,c1ccc(Nc2ncnc3c2cnn3-c2ccccc2)cc1
OCc1ccc(-c2nn(Cc3ccccc3)c3ccccc23)o1,1,1,0.9391117137307151,c1ccc(Cn2nc(-c3ccco3)c3ccccc32)cc1
O=C(NCCCc1ccccc1)c1cccc(-c2cc(O)c3ncccc3c2)c1,0,1,0.8468658779270236,O=C(NCCCc1ccccc1)c1cccc(-c2ccc3ncccc3c2)c1
NC(=O)c1cccc(-c2cc(Nc3ccc(OC(F)(F)F)cc3)ncn2)c1,1,1,0.9114400018388104,c1ccc(Nc2cc(-c3ccccc3)ncn2)cc1
O=C(NCCO)c1cccc(-c2cc(Nc3ccc(OC(F)(F)F)cc3)ncn2)c1,1,1,0.8417062057482622,c1ccc(Nc2cc(-c3ccccc3)ncn2)cc1
O=C(NCCCn1ccnc1)c1nc(-c2ccccc2)cc2[nH]ccc12,1,1,0.9326402387333619,O=C(NCCCn1ccnc1)c1nc(-c2ccccc2)cc2[nH]ccc12
Cn1c(=O)c2[nH]c(=O)[nH]c2n(C)c1=O,0,0,0.04712212591162219,O=c1[nH]c(=O)c2[nH]c(=O)[nH]c2[nH]1
c1ccc2c(Nc3ccc4nc[nH]c4c3)nc(-c3ccncc3)nc2c1,1,1,0.9273168875903902,c1ccc2c(Nc3ccc4nc[nH]c4c3)nc(-c3ccncc3)nc2c1
Cc1cc(N)c2cc(NC(=O)Nc3ccc4nc(C)cc(N)c4c3)ccc2n1,0,0,0.4583929194976607,O=C(Nc1ccc2ncccc2c1)Nc1ccc2ncccc2c1
CC1CCN(S(=O)(=O)c2ccc3c(c2)C(C)(C)C(=O)N3CC(=O)NCc2ccco2)CC1,1,1,0.9589069132883768,O=C(CN1C(=O)Cc2cc(S(=O)(=O)N3CCCCC3)ccc21)NCc1ccco1
CNC(=O)c1ccc(C)c(-n2c(C)cc(OCc3ccc(F)cc3F)c(Br)c2=O)c1,1,1,0.9142800030954455,O=c1cc(OCc2ccccc2)ccn1-c1ccccc1
COc1ccccc1C(=O)Nc1nnc(SCc2cc(=O)c3ccccc3[nH]2)s1,1,1,0.7203158999752068,O=C(Nc1nnc(SCc2cc(=O)c3ccccc3[nH]2)s1)c1ccccc1
COc1ccc(CNC(=O)c2cnc3ccccc3n2)cc1,1,1,0.969743942925787,O=C(NCc1ccccc1)c1cnc2ccccc2n1
Nc1ncnc(N2CCc3ccccc32)c1[N+](=O)[O-],1,1,0.955248141495086,c1ccc2c(c1)CCN2c1ccncn1
O=c1cc(-c2nc(Nc3ccc(F)c(F)c3)c3ccccc3n2)cc[nH]1,1,1,0.9337672716075751,O=c1cc(-c2nc(Nc3ccccc3)c3ccccc3n2)cc[nH]1
Cc1cc(C)c2nc(-c3ccccn3)cc(C(=O)Nc3ccc(S(=O)(=O)Nc4onc(C)c4C)cc3)c2c1,1,1,0.6930491055379292,O=C(Nc1ccc(S(=O)(=O)Nc2ccno2)cc1)c1cc(-c2ccccn2)nc2ccccc12
CSc1ccccc1N1CCN(CCCCCC(=O)NC2CCCc3ccccc32)CC1,1,1,0.9283052783548048,O=C(CCCCCN1CCN(c2ccccc2)CC1)NC1CCCc2ccccc21
CCOC(=O)C1CCN(C(=O)C(C)(C)NC(=O)Nc2ccc(Cl)cc2Cl)CC1,1,1,0.9772981869502692,O=C(NCC(=O)N1CCCCC1)Nc1ccccc1
CCOC(=O)N1CCN(Cc2nc3c(c(=O)n(C)c(=O)n3C)n2Cc2ccc(F)cc2)CC1,1,1,0.9159469703615956,O=c1[nH]c(=O)c2c(nc(CN3CCNCC3)n2Cc2ccccc2)[nH]1
CCOC(=O)N1CCN(Cc2nc3c(c(=O)n(C)c(=O)n3C)n2Cc2cccc(C)c2)CC1,1,1,0.9307746297742101,O=c1[nH]c(=O)c2c(nc(CN3CCNCC3)n2Cc2ccccc2)[nH]1
CC1CCC(NC(=O)c2ccc3c(c2)N(Cc2ccccc2F)C(=O)c2ccccc2S3)CC1,0,1,0.8187643312403362,O=C(NC1CCCCC1)c1ccc2c(c1)N(Cc1ccccc1)C(=O)c1ccccc1S2
CCOc1ccc(CN2C(=O)c3ccccc3Sc3ccc(C(=O)NC4CCC(C)CC4)cc32)cc1,0,1,0.8103907038964949,O=C(NC1CCCCC1)c1ccc2c(c1)N(Cc1ccccc1)C(=O)c1ccccc1S2
CNC(=O)c1cc(Oc2ccc(NC(=O)Nc3ccc(Cl)c(C(F)(F)F)c3)c(F)c2)ccn1,0,1,0.7446473094515141,O=C(Nc1ccccc1)Nc1ccc(Oc2ccncc2)cc1
Cc1ccc(NS(=O)(=O)c2ccc3c(c2)NC(=O)CO3)cc1C,1,1,0.8723180515044635,O=C1COc2ccc(S(=O)(=O)Nc3ccccc3)cc2N1
Cc1cnc(-c2ccccc2C(C)C)nc1NCC1CCN(C2COC2)CC1,1,1,0.9360970025381622,c1ccc(-c2nccc(NCC3CCN(C4COC4)CC3)n2)cc1
CCc1cccc(NS(=O)(=O)c2ccc3c(c2)CC(C)N3C(=O)C2CC2)c1,1,1,0.9836978820683954,O=C(C1CC1)N1CCc2cc(S(=O)(=O)Nc3ccccc3)ccc21
CC1=C(C(=O)NC2CCCCC2)C(c2ccccc2Br)N=C(Nc2nc3ccccc3o2)N1,1,1,0.7877059302141518,O=C(NC1CCCCC1)C1=CNC(Nc2nc3ccccc3o2)=NC1c1ccccc1
CN(C)C(=O)c1cc2cnc(Nc3ccc(N4CCNCC4)cn3)nc2n1C1CCCC1,1,1,0.9665256712344157,c1cc(Nc2ncc3ccn(C4CCCC4)c3n2)ncc1N1CCNCC1
CCc1ccc(-n2nc(C)c3c2NC(=O)CSC3c2ccccc2C)cc1,1,1,0.9944599075924618,O=C1CSC(c2ccccc2)c2cnn(-c3ccccc3)c2N1
Cc1cccc(-n2nc(C)c3c2NC(=O)CSC3c2ccccc2Cl)c1,1,1,0.9925862066446903,O=C1CSC(c2ccccc2)c2cnn(-c3ccccc3)c2N1
c1ccc(-c2cn[nH]c2)cc1,1,1,0.9418392959244365,c1ccc(-c2cn[nH]c2)cc1
Cn1cncc1[C@@](N)(c1ccc(Cl)cc1)c1ccc2c(c1)c(-c1cccc(Cl)c1)cc(=O)n2C,1,1,0.8670081161847989,O=c1cc(-c2ccccc2)c2cc(C(c3ccccc3)c3cnc[nH]3)ccc2[nH]1
CC1CCN(S(=O)(=O)c2ccc3c(ccc(=O)n3CC(=O)NCc3ccc(Cl)cc3)c2)CC1,1,1,0.9811420933339061,O=C(Cn1c(=O)ccc2cc(S(=O)(=O)N3CCCCC3)ccc21)NCc1ccccc1
O=[S+]([O-])(Nc1nccs1)c1ccc(NCc2cccc3c2NCC3)cc1,1,1,0.8564316102297932,O=[SH+](Nc1nccs1)c1ccc(NCc2cccc3c2NCC3)cc1
COc1ccc(-c2nc3ccc(C4=NNC(=O)CC4C)cc3[nH]2)cc1,1,1,0.9755057475786111,O=C1CCC(c2ccc3nc(-c4ccccc4)[nH]c3c2)=NN1
COc1ccc(NC(=O)c2c(C)cccc2C)cc1[S+](=O)([O-])Nc1ccc(Br)cc1,1,1,0.5687464420633098,O=C(Nc1cccc([SH+](=O)Nc2ccccc2)c1)c1ccccc1
COc1ccc(-c2[nH]nc3ncc(-c4ccc(CO)cc4)nc23)cc1F,1,1,0.8971694519093434,c1ccc(-c2cnc3n[nH]c(-c4ccccc4)c3n2)cc1
COc1ccccc1-c1[nH]nc2ncc(-c3ccc(C)cc3)nc12,1,1,0.9512539130019039,c1ccc(-c2cnc3n[nH]c(-c4ccccc4)c3n2)cc1
Cc1noc(C)c1-c1ccc2ncnc(NC(C)c3ccccc3)c2c1,1,1,0.9596726617277949,c1ccc(CNc2ncnc3ccc(-c4cnoc4)cc23)cc1
Cc1noc(C)c1-c1ccc2ncnc(NCc3cccc(Cl)c3)c2c1,1,1,0.9593959568140467,c1ccc(CNc2ncnc3ccc(-c4cnoc4)cc23)cc1
C[C@H]1CCC[C@H](O)CCC/C=C/c2cc(O)cc(O)c2C(=O)O1,1,1,0.8521795643520748,O=C1OCCCCCCCCC=Cc2ccccc21
O=C1CCCC2=C1C1(CCCC1)N=C(Nc1nc3ccccc3o1)N2,1,1,0.9706273653374966,O=C1CCCC2=C1C1(CCCC1)N=C(Nc1nc3ccccc3o1)N2
Cc1ccc2oc(NC3=NC4(CCCC4)C4=C(CCCC4=O)N3)nc2c1,1,1,0.971321422252467,O=C1CCCC2=C1C1(CCCC1)N=C(Nc1nc3ccccc3o1)N2
O=C(O)c1ccnc2cc(C(OCC3CCC(F)(F)CC3)c3ccccc3Cl)[nH]c12,1,1,0.6201218655789711,c1ccc(C(OCC2CCCCC2)c2cc3ncccc3[nH]2)cc1
CNc1oc(-c2ccccc2-c2ccccc2)nc1C#N,1,1,0.982595514830454,c1ccc(-c2ccccc2-c2ncco2)cc1
CCOC(=O)N1CCc2c(sc(NCc3sccc3C)c2C(=O)Nc2cc(Cl)ccc2OC)C1,0,1,0.8103106249445626,O=C(Nc1ccccc1)c1c(NCc2cccs2)sc2c1CCNC2
Cc1nn2c(c1-c1ccccc1-c1ccccc1)N(CC1CC1)CCC2,1,1,0.9509339742018817,c1ccc(-c2ccccc2-c2cnn3c2N(CC2CC2)CCC3)cc1
CCNC(=O)c1coc(COc2ccc3c(c2)C(c2ccc(F)cc2)N(C(=O)CC(C)C)CC3)n1,1,1,0.9782811299522303,c1ccc(C2NCCc3ccc(OCc4ncco4)cc32)cc1
CCN(CC)C(=O)c1coc(COc2ccc3c(c2)C(c2cccc(F)c2)N(C(=O)C(C)C)CC3)n1,1,1,0.9587525294068555,c1ccc(C2NCCc3ccc(OCc4ncco4)cc32)cc1
COc1ccc(-c2nc3ncccc3[nH]2)cc1,1,1,0.9420402545232188,c1ccc(-c2nc3ncccc3[nH]2)cc1
CC(=O)Nc1ccc(OCc2cn(CC(=O)c3ccc(O)cc3)nn2)cc1,0,1,0.74658614153435,O=C(Cn1cc(COc2ccccc2)nn1)c1ccccc1
OCCNc1ncnc2c1ncn2[C@@H]1O[C@@H](CO)[C@H](O)[C@@H]1O,0,0,0.0971585087106529,c1ncc2ncn(C3CCCO3)c2n1
Nc1ncnc2c1ncn2[C@H]1O[C@@H](CO)[C@@H](O)[C@H]1N,0,0,0.052865509083804184,c1ncc2ncn(C3CCCO3)c2n1
CC(=O)Nc1cccc(-c2nc(-c3c(C)noc3C)cc3c2cc(-c2ccccc2)n3C)c1,1,1,0.9179646724706684,c1ccc(-c2cc3c(-c4ccccc4)nc(-c4cnoc4)cc3[nH]2)cc1
C=Cc1ccc(Cn2c(C(=O)O)c(CNC3CCCCC3)c3ccc(OC)cc32)cc1,1,1,0.672761880718134,c1ccc(Cn2cc(CNC3CCCCC3)c3ccccc32)cc1
CC(C)(C)c1cc(NC(=O)Nc2ccc(-c3cn4c(n3)sc3cc(OCCN5CCOCC5)ccc34)cc2)no1,0,1,0.7227545588290101,O=C(Nc1ccc(-c2cn3c(n2)sc2cc(OCCN4CCOCC4)ccc23)cc1)Nc1ccon1
O=C(c1nc(-c2ccc(Cl)nc2)c2ccccn12)N1CCCC1,1,1,0.9694156412030679,O=C(c1nc(-c2cccnc2)c2ccccn12)N1CCCC1
COCCn1ccc2c(C3=CCOCC3)nc(-c3ccc4c(c3)CNC4=O)cc21,1,1,0.9700797371828351,O=C1NCc2cc(-c3cc4[nH]ccc4c(C4=CCOCC4)n3)ccc21
CCNC(=O)c1ccc(-c2ccc3ncnc(NCC4CCCO4)c3c2)o1,1,1,0.942639834349135,c1coc(-c2ccc3ncnc(NCC4CCCO4)c3c2)c1
CS(=O)(=O)CCNCc1ccc(-c2ccc3ncnc(Nc4ccc(OCc5cccc(F)c5)c(Cl)c4)c3c2)o1,0,1,0.5814352648272771,c1ccc(COc2ccc(Nc3ncnc4ccc(-c5ccco5)cc34)cc2)cc1
Cc1nnc2n1-c1ccc(Cl)cc1C(c1ccccc1)=NC2,1,1,0.955750283850515,c1ccc(C2=NCc3nncn3-c3ccccc32)cc1
CCNC(=O)C[C@@H]1N=C(c2ccc(Cl)cc2)c2cc(OC)ccc2-n2c(C)nnc21,1,1,0.9031568299449613,c1ccc(C2=NCc3nncn3-c3ccccc32)cc1
N#Cc1ccccc1Nc1ncc(-c2cccc3ccccc23)o1,1,1,0.9836207412165215,c1ccc(Nc2ncc(-c3cccc4ccccc34)o2)cc1
COc1ccc(C(=O)N[C@@H]2CCC[C@@H]2C(=O)N2CCC(Cc3ccccc3)CC2)cc1,1,1,0.976449892341114,O=C(NC1CCCC1C(=O)N1CCC(Cc2ccccc2)CC1)c1ccccc1
CC1(C)CCC(c2ccc(Cl)cc2)=C(CN2CCN(c3ccc(C(=O)NS(=O)(=O)c4ccc(N[C@H](CCN5CCOCC5)CSc5ccccc5)c(S(=O)(=O)C(F)(F)F)c4)cc3)CC2)C1,0,0,0.191788152442958,O=C(NS(=O)(=O)c1ccc(NC(CCN2CCOCC2)CSc2ccccc2)cc1)c1ccc(N2CCN(CC3=C(c4ccccc4)CCCC3)CC2)cc1
CCC(CC)c1cc([C@H]2CN3CC[C@H]2C[C@@H]3CNC(C)=O)nc(-c2ccncc2)n1,1,1,0.9745430181882956,c1cc(-c2nccc(C3CN4CCC3CC4)n2)ccn1
CN(C)CC[C@@H](c1ccc(Cl)cc1)c1ccccn1,1,1,0.890125788202345,c1ccc(Cc2ccccn2)cc1
NC(=O)COc1cccc(C2CC(=O)Nc3nc(N4CCCCC4)sc32)c1,1,1,0.8984238522568732,O=C1CC(c2ccccc2)c2sc(N3CCCCC3)nc2N1
COC(=O)c1ccc([C@H]2c3[nH]c4ccccc4c3C[C@H](C(=O)OC)N2C(=O)CCl)cc1,1,1,0.9560787062919259,c1ccc(C2NCCc3c2[nH]c2ccccc32)cc1
COc1ccc(C2(C(=O)N3CCC(n4cc(-c5nc(C)no5)nn4)CC3)CC2)cc1,1,1,0.9818092488167117,O=C(N1CCC(n2cc(-c3ncno3)nn2)CC1)C1(c2ccccc2)CC1
O=C(CSc1ccccc1)Nc1nnc(COc2ccc(Cl)cc2)s1,1,1,0.8970371898172276,O=C(CSc1ccccc1)Nc1nnc(COc2ccccc2)s1
O=C(O)c1ccncc1Nc1nn(CCN2CCC(F)(F)CC2)c2ccc(F)cc12,0,0,0.4258453497229269,c1cncc(Nc2nn(CCN3CCCCC3)c3ccccc23)c1
COc1ncc(-c2ccc3c(Nc4cc(Oc5cc(F)cc(F)c5)cc(C(=O)O)c4)c(S(=O)(=O)NC4CC4)cnc3c2)c(OC)n1,0,0,0.17938890935868504,O=S(=O)(NC1CC1)c1cnc2cc(-c3cncnc3)ccc2c1Nc1cccc(Oc2ccccc2)c1
O=C(O)Cc1ccc2oc(-c3ccc(NC(=O)/C=C/c4ccc(Br)cc4)c(F)c3)nc2c1,0,0,0.25598699022669197,O=C(C=Cc1ccccc1)Nc1ccc(-c2nc3ccccc3o2)cc1
CNS(=O)(=O)c1cc(-c2nn3c(C)nnc3c3ccccc23)ccc1C,1,1,0.9168117926060538,c1ccc(-c2nn3cnnc3c3ccccc23)cc1
Cn1ccc2c(C(=O)NCc3cccnc3)nc(-c3ccc(CO)cc3)cc21,1,1,0.9336667007060399,O=C(NCc1cccnc1)c1nc(-c2ccccc2)cc2[nH]ccc12
Cn1ccc2c(C(=O)NCc3cccnc3)nc(-c3ccccc3C#N)cc21,1,1,0.9573358023536367,O=C(NCc1cccnc1)c1nc(-c2ccccc2)cc2[nH]ccc12
CN1CCC(N(Cc2cccs2)c2ccccc2)CC1,1,1,0.8680190723274581,c1ccc(N(Cc2cccs2)C2CCNCC2)cc1
FC(F)(F)c1cc(-c2ccc(CNc3nc(-c4ccccc4C(F)(F)F)nc4ccsc34)cc2)ccn1,1,1,0.9153707975095361,c1ccc(-c2nc(NCc3ccc(-c4ccncc4)cc3)c3sccc3n2)cc1
Cc1ccc(-c2csc(Nc3ccc(S(=O)(=O)Nc4nccs4)cc3)n2)cc1C,1,1,0.8555963534558935,O=S(=O)(Nc1nccs1)c1ccc(Nc2nc(-c3ccccc3)cs2)cc1
O=S(=O)(Nc1nccs1)c1ccc(Nc2nc(-c3ccc(F)cc3)cs2)cc1,1,1,0.8335252914759578,O=S(=O)(Nc1nccs1)c1ccc(Nc2nc(-c3ccccc3)cs2)cc1
CCNC(=O)Nc1ncc(-c2cc(-c3c(C)cc(OC)cc3C)nc(-c3cnccn3)n2)s1,1,1,0.8211612336615514,c1ccc(-c2cc(-c3cncs3)nc(-c3cnccn3)n2)cc1
Cn1cc(C2=C(c3cn(CCCSC(=N)N)c4ccccc34)C(=O)NC2=O)c2ccccc21,1,1,0.8752944289406958,O=C1NC(=O)C(c2c[nH]c3ccccc23)=C1c1c[nH]c2ccccc12
COC(=O)Nc1nc2ccc(C(=O)c3ccccc3)cc2[nH]1,1,1,0.916623351132951,O=C(c1ccccc1)c1ccc2nc[nH]c2c1
COc1ccc(NC(=O)c2ccccc2)cc1S(=O)(=O)Nc1ccc(Br)cc1,1,1,0.7432897135478412,O=C(Nc1cccc(S(=O)(=O)Nc2ccccc2)c1)c1ccccc1
C[C@H]1[C@@H](CCC(=O)Nc2ccc(F)cc2)O[C@@H]2O[C@]3(C)CC[C@@H]4[C@H](C)CC[C@@H]1[C@@]24OO3,1,1,0.9954517692366184,O=C(CCC1CC2CCCC3CCC4OOC32C(O1)O4)Nc1ccccc1
COc1ccc(-c2cc(-c3cccc4[nH]ncc34)cn3cncc23)cn1,0,1,0.9210934916949589,c1cncc(-c2cc(-c3cccc4[nH]ncc34)cn3cncc23)c1
Fc1cc(Nc2nc(-c3ccncc3)nc3ccccc23)ccc1N1CCCC1,1,1,0.946807779176087,c1ccc2c(Nc3ccc(N4CCCC4)cc3)nc(-c3ccncc3)nc2c1
Nc1c(C(=O)N2CCCCC2)sc(=S)n1-c1ccccc1,1,1,0.9865233315121383,O=C(c1cn(-c2ccccc2)c(=S)s1)N1CCCCC1
O=C(c1nc(-c2cccnc2)c2ccccn12)N1CCOCC1,1,1,0.9712239607129791,O=C(c1nc(-c2cccnc2)c2ccccn12)N1CCOCC1
Fc1ccc(-c2ccc(Nc3nc(-c4ccncc4)nc4ccccc34)cc2F)c(Cl)c1,1,1,0.9012723154667711,c1ccc(-c2ccc(Nc3nc(-c4ccncc4)nc4ccccc34)cc2)cc1
Fc1cc(Nc2nc(-c3ccncc3)nc3ccccc23)ccc1-c1cccc(OC(F)(F)F)c1,1,1,0.8322046844883023,c1ccc(-c2ccc(Nc3nc(-c4ccncc4)nc4ccccc34)cc2)cc1
Fc1ccc(-c2ccc(Nc3nc(-c4ccncc4)nc4ccccc34)cc2F)cc1,1,1,0.8218012750670239,c1ccc(-c2ccc(Nc3nc(-c4ccncc4)nc4ccccc34)cc2)cc1
Fc1cc(Nc2nc(-c3ccncc3)nc3ccccc23)ccc1-c1cccc(C(F)(F)F)c1,1,1,0.8726931699152244,c1ccc(-c2ccc(Nc3nc(-c4ccncc4)nc4ccccc34)cc2)cc1
Fc1cccc(-c2ccc(Nc3nc(-c4ccncc4)nc4ccccc34)cc2F)c1,1,1,0.8215278076032677,c1ccc(-c2ccc(Nc3nc(-c4ccncc4)nc4ccccc34)cc2)cc1
Fc1cc(Nc2nc(-c3ccncc3)nc3ccccc23)ccc1-c1cc(F)c(F)c(F)c1,1,1,0.8382954981202484,c1ccc(-c2ccc(Nc3nc(-c4ccncc4)nc4ccccc34)cc2)cc1
Fc1cc(Nc2nc(-c3ccncc3)nc3ccccc23)ccc1-c1cccc(OC(F)F)c1,1,1,0.8900943172146929,c1ccc(-c2ccc(Nc3nc(-c4ccncc4)nc4ccccc34)cc2)cc1
Fc1ccc(-c2ccc(Nc3nc(-c4ccncc4)nc4ccccc34)cc2F)c(F)c1,1,1,0.8103805841712801,c1ccc(-c2ccc(Nc3nc(-c4ccncc4)nc4ccccc34)cc2)cc1
Fc1cc(Nc2nc(-c3ccncc3)nc3ccccc23)ccc1-c1ccc(F)c(F)c1F,1,1,0.8348636813706323,c1ccc(-c2ccc(Nc3nc(-c4ccncc4)nc4ccccc34)cc2)cc1
COc1ccc(-c2ccc(Nc3nc(-c4ccncc4)nc4ccccc34)cc2F)cc1F,1,1,0.8451408617858053,c1ccc(-c2ccc(Nc3nc(-c4ccncc4)nc4ccccc34)cc2)cc1
CC[C@@]1(O)C(=O)OCc2c1cc1n(c2=O)Cc2cc3ccccc3nc2-1,1,1,0.9372767562611202,O=C1Cc2cc3n(c(=O)c2CO1)Cc1cc2ccccc2nc1-3
CC[C@@]1(O)C(=O)OCc2c1cc1n(c2=O)Cc2c-1nc1ccccc1c2CCNC(C)C,0,1,0.8485519966298731,O=C1Cc2cc3n(c(=O)c2CO1)Cc1cc2ccccc2nc1-3
CC(C)c1nc2oc3c(NCCN(C)C)ncnc3c2c2c1COC(C)(C)C2,1,1,0.9753265384678989,c1ncc2oc3ncc4c(c3c2n1)CCOC4
Cc1ccc(S(=O)(=O)Nc2cnccc2C(=O)Nc2nc(-c3cccnc3)cs2)cc1,1,1,0.7823955791276721,O=C(Nc1nc(-c2cccnc2)cs1)c1ccncc1NS(=O)(=O)c1ccccc1
Cc1noc(C)c1S(=O)(=O)Nc1cnccc1C(=O)Nc1nc(-c2ccccc2)cs1,1,1,0.6987689027103724,O=C(Nc1nc(-c2ccccc2)cs1)c1ccncc1NS(=O)(=O)c1cnoc1
Cc1nsc(N)c1C(=O)N(C)CCOc1ccccc1Cl,1,1,0.9873340216983852,O=C(NCCOc1ccccc1)c1cnsc1
C#CCOc1ccc(-c2nnc(Nc3ccc(NC(C)=O)cc3)c3ccccc23)cc1,1,1,0.7429826490179879,c1ccc(Nc2nnc(-c3ccccc3)c3ccccc23)cc1
O=C(Nc1ccc(S(=O)(=O)Nc2nc(-c3ccccc3)cs2)cc1)c1ccc2ccccc2c1,0,0,0.22510353429623287,O=C(Nc1ccc(S(=O)(=O)Nc2nc(-c3ccccc3)cs2)cc1)c1ccc2ccccc2c1
CC1=C(C(=O)NC2CCCC2)C(c2nn(C)cc2Cl)N=C(Nc2nc3ccccc3o2)N1,1,1,0.9667627404410386,O=C(NC1CCCC1)C1=CNC(Nc2nc3ccccc3o2)=NC1c1cc[nH]n1
CC1=Nc2cc(C(=O)NCc3ccccc3Cl)ccc2Sc2c(C)ccc(C)c21,1,1,0.8329448281482987,O=C(NCc1ccccc1)c1ccc2c(c1)N=Cc1ccccc1S2
Cc1ccnc(NC(=S)N2CC[C@@H](Nc3cccc(C(F)(F)F)c3)C2)c1,1,1,0.9879488618314246,S=C(Nc1ccccn1)N1CCC(Nc2ccccc2)C1
CC(C)(C)c1ccc(C(=O)Nc2ccc3c(c2)CCCN3C(=O)c2cccs2)cc1,1,1,0.9624295085008164,O=C(Nc1ccc2c(c1)CCCN2C(=O)c1cccs1)c1ccccc1
CC(C)Oc1ccc(C(=O)Nc2ccc3c(c2)CCCN3C(=O)c2cccs2)cc1,1,1,0.9783498611934456,O=C(Nc1ccc2c(c1)CCCN2C(=O)c1cccs1)c1ccccc1
Cc1ccccc1C(=O)Nc1ccc2c(c1)CCCN2C(=O)c1cccs1,1,1,0.9769286698321376,O=C(Nc1ccc2c(c1)CCCN2C(=O)c1cccs1)c1ccccc1
CCOc1ccc(CCNC(=O)c2cc3ccncc3n2Cc2cccc(C)c2)cc1OCC,1,1,0.9484007312036338,O=C(NCCc1ccccc1)c1cc2ccncc2n1Cc1ccccc1
Fc1cccc(CN2CCNc3cc(Nc4ccccc4)ncc3C2)c1,0,1,0.931388065971664,c1ccc(CN2CCNc3cc(Nc4ccccc4)ncc3C2)cc1
CCCc1cc(C)[nH]c(=O)c1CNC(=O)c1cc(-c2ccc(N3CCN(C(C)C)CC3)nc2)cc2c1cnn2C(C)C,1,1,0.7177876599111946,O=C(NCc1ccc[nH]c1=O)c1cc(-c2ccc(N3CCNCC3)nc2)cc2[nH]ncc12
CCc1ccc(NC(=O)c2cc3ncccn3n2)cc1,1,1,0.9459823016803812,O=C(Nc1ccccc1)c1cc2ncccn2n1
NS(=O)(=O)c1ccc(NC(=O)c2cc3ncccn3n2)cc1,1,1,0.7519152145617017,O=C(Nc1ccccc1)c1cc2ncccn2n1
COc1ccc2nc(C)cc(Nc3ccc(Cl)c(Cl)c3)c2c1,1,1,0.8204359947554019,c1ccc(Nc2ccnc3ccccc23)cc1
CN(C)c1ccnc2sc(C(N)=O)c(N)c12,1,1,0.8161921509204493,c1cnc2sccc2c1
CCN(CC)CCCNC(=O)c1oc2c(c1C)-c1nn(Cc3ccc(Cl)cc3)cc1CC2,1,1,0.950142335650174,c1ccc(Cn2cc3c(n2)-c2ccoc2CC3)cc1
COc1ccc(-c2ccc3ncc(Nc4ccncc4)n3n2)cc1OC,1,1,0.9817952271342618,c1ccc(-c2ccc3ncc(Nc4ccncc4)n3n2)cc1
O=C(NCc1ccccc1)c1nc(S(=O)(=O)Cc2ccc(F)cc2)ncc1Cl,1,1,0.8710223400976166,O=C(NCc1ccccc1)c1ccnc(S(=O)(=O)Cc2ccccc2)n1
Cc1ccc(NC(=O)c2c(N3CCCC3=O)c3cc(C)ccc3n2C)c(C)c1,1,1,0.9521151154045907,O=C(Nc1ccccc1)c1[nH]c2ccccc2c1N1CCCC1=O
O=C(Nc1ccc(-c2nc3cc(NC(=O)c4ccccc4Cl)ccc3o2)cc1)c1ccccc1Cl,1,1,0.6137022906803933,O=C(Nc1ccc(-c2nc3cc(NC(=O)c4ccccc4)ccc3o2)cc1)c1ccccc1
CC1Cc2cc(S(=O)(=O)NCc3ccc(N(C)C)cc3)ccc2N1C(=O)C1CCC1,1,1,0.9758811346983857,O=C(C1CCC1)N1CCc2cc(S(=O)(=O)NCc3ccccc3)ccc21
O=C(c1cnn(-c2cccc(F)c2)c1-n1cccc1)N1CCN(c2ccccc2F)CC1,1,1,0.9903671919477219,O=C(c1cnn(-c2ccccc2)c1-n1cccc1)N1CCN(c2ccccc2)CC1
COc1ccc(NC(=O)c2c(C)cccc2C)cc1[S+](=O)([O-])N1CCCCC1,1,1,0.9345610915906901,O=C(Nc1cccc([SH+](=O)N2CCCCC2)c1)c1ccccc1
Cc1cc(-c2nnc3n2CCCCC3)c(C)n1-c1ccncc1,1,1,0.9911004203076742,c1cc(-n2ccc(-c3nnc4n3CCCCC4)c2)ccn1
O=C(Nc1ccccc1)C1CC(=O)N(c2n[nH]c3cc(Br)ccc23)C1,0,1,0.7389813496594686,O=C(Nc1ccccc1)C1CC(=O)N(c2n[nH]c3ccccc23)C1
CCCOC(c1cc2nccc(C(=O)O)c2[nH]1)c1ccccc1Cl,1,0,0.4671975169516654,c1ccc(Cc2cc3ncccc3[nH]2)cc1
Nc1ncc(S(=O)(=O)N2CCN(c3ccccc3)CC2)cn1,1,1,0.8681130614888501,O=S(=O)(c1cncnc1)N1CCN(c2ccccc2)CC1
