query_smiles,query_label,query_scaffold,neighbor_smiles,neighbor_label,neighbor_scaffold,similarity,prediction,score
O=C(NC(CO)C(O)c1ccc([N+](=O)[O-])cc1)C(Cl)Cl,0,c1ccccc1,CC(O)C(=O)Nc1c(I)c(C(=O)NC(CO)CO)c(I)c(C(=O)NC(CO)CO)c1I,0,c1ccccc1,0.22266009852216748,0,0.01731599513728206
O=C(NC(CO)C(O)c1ccc([N+](=O)[O-])cc1)C(Cl)Cl,0,c1ccccc1,CNC(C)C(O)c1ccccc1,0,c1ccccc1,0.21056910569105694,0,0.03349683260331507
O=C(NC(CO)C(O)c1ccc([N+](=O)[O-])cc1)C(Cl)Cl,0,c1ccccc1,CC(COc1ccccc1)NC(C)C(O)c1ccc(O)cc1,0,c1ccc(CCNCCOc2ccccc2)cc1,0.20313725490196083,0,0.04340905288909605
O=C(NC(CO)C(O)c1ccc([N+](=O)[O-])cc1)C(Cl)Cl,0,c1ccccc1,CC(N)C(O)c1ccccc1,0,c1ccccc1,0.19934533551554828,0,0.02303062759777693
O=C(O)c1ccccc1O,0,c1ccccc1,NC(=O)c1ccccc1O,0,c1ccccc1,0.5536231884057972,1,0.5187325556388992
O=C(O)c1ccccc1O,0,c1ccccc1,CC(=O)Oc1ccccc1C(=O)O,0,c1ccccc1,0.4443349753694582,0,0.21094649082510716
O=C(O)c1ccccc1O,0,c1ccccc1,Nc1ccc(C(=O)O)cc1,0,c1ccccc1,0.3287037037037037,0,0.23427009020810668
O=C(O)c1ccccc1O,0,c1ccccc1,COc1cc(O)c(C(=O)c2ccccc2)cc1S(=O)(=O)O,0,O=C(c1ccccc1)c1ccccc1,0.2934362934362934,0,0.43010028119678495
CC(NC(C)(C)C)C(=O)c1cccc(Cl)c1,0,c1ccccc1,CC(C)(C(=O)c1cccnc1)c1cccnc1,0,O=C(Cc1cccnc1)c1cccnc1,0.2514739229024944,0,0.16096900719858748
CC(NC(C)(C)C)C(=O)c1cccc(Cl)c1,0,c1ccccc1,CNC(C)C(O)c1ccccc1,0,c1ccccc1,0.24242424242424243,0,0.13965889260158107
CC(NC(C)(C)C)C(=O)c1cccc(Cl)c1,0,c1ccccc1,COc1cc(O)c(C(=O)c2ccccc2)cc1S(=O)(=O)O,0,O=C(c1ccccc1)c1ccccc1,0.24074074074074073,0,0.2280425854146491
CC(NC(C)(C)C)C(=O)c1cccc(Cl)c1,0,c1ccccc1,CC(=O)Nc1cccc(O)c1,0,c1ccccc1,0.23145299145299147,0,0.2362131265662566
CNC(C)C(O)c1ccccc1,0,c1ccccc1,CC(N)C(O)c1ccccc1,0,c1ccccc1,0.5844444444444444,0,0.01490896356013048
CNC(C)C(O)c1ccccc1,0,c1ccccc1,CC(COc1ccccc1)NC(C)C(O)c1ccc(O)cc1,0,c1ccc(CCNCCOc2ccccc2)cc1,0.4317073170731708,0,0.015540022401036498
CNC(C)C(O)c1ccccc1,0,c1ccccc1,CNC(C)Cc1ccccc1,0,c1ccccc1,0.4187683284457478,0,0.028745009830632343
CNC(C)C(O)c1ccccc1,0,c1ccccc1,CC(N)Cc1ccccc1,0,c1ccccc1,0.3032608695652174,0,0.035822610746666705
NCCc1ccc(O)c(O)c1,0,c1ccccc1,NC(Cc1ccc(O)c(O)c1)C(=O)O,0,c1ccccc1,0.4707792207792208,0,0.005454335285556656
NCCc1ccc(O)c(O)c1,0,c1ccccc1,NCC(O)c1ccc(O)c(O)c1,0,c1ccccc1,0.4572230014025246,0,0.002824822831483955
NCCc1ccc(O)c(O)c1,0,c1ccccc1,CC(CCc1ccc(O)cc1)NCCc1ccc(O)c(O)c1,0,c1ccc(CCCNCCc2ccccc2)cc1,0.4424908424908425,0,0.008862647601777376
NCCc1ccc(O)c(O)c1,0,c1ccccc1,CC(Cc1ccc(O)c(O)c1)(NN)C(=O)O,0,c1ccccc1,0.39703947368421055,0,0.01738464357824869
CC(C)NCC(O)c1cc(O)cc(O)c1,0,c1ccccc1,CC(C)NCC(O)c1ccc(O)c(O)c1,0,c1ccccc1,0.6448484848484849,0,0.0016698089183549072
CC(C)NCC(O)c1cc(O)cc(O)c1,0,c1ccccc1,CNCC(O)c1ccc(O)c(O)c1,0,c1ccccc1,0.42122122122122124,0,0.0016698089183549072
CC(C)NCC(O)c1cc(O)cc(O)c1,0,c1ccccc1,CC(C)(C)NCC(O)c1ccc(O)c(CO)c1,0,c1ccccc1,0.3545454545454546,0,0.0017918075155781699
CC(C)NCC(O)c1cc(O)cc(O)c1,0,c1ccccc1,COc1ccc(CC(C)NCC(O)c2ccc(O)c(NC=O)c2)cc1,0,c1ccc(CCNCCc2ccccc2)cc1,0.3246753246753247,0,0.004260943444954297
CNC(C)Cc1ccccc1,0,c1ccccc1,CC(N)Cc1ccccc1,0,c1ccccc1,0.5641025641025641,0,0.06673374578948803
CNC(C)Cc1ccccc1,0,c1ccccc1,CNC(C)C(O)c1ccccc1,0,c1ccccc1,0.4187683284457478,0,0.04828009095025925
CNC(C)Cc1ccccc1,0,c1ccccc1,C#CCN(C)C(C)Cc1ccccc1,0,c1ccccc1,0.38428571428571434,0,0.09791037099994768
CNC(C)Cc1ccccc1,0,c1ccccc1,CC(C)(N)Cc1ccccc1,0,c1ccccc1,0.3666666666666667,0,0.06673374578948803
Nc1ccc(C(=O)O)cc1,0,c1ccccc1,O=C(O)c1ccccc1O,0,c1ccccc1,0.3287037037037037,0,0.4696678768220311
Nc1ccc(C(=O)O)cc1,0,c1ccccc1,CC(=O)Oc1ccccc1C(=O)O,0,c1ccccc1,0.27251082251082254,1,0.5356084078289732
Nc1ccc(C(=O)O)cc1,0,c1ccccc1,CC(N)(Cc1ccc(O)cc1)C(=O)O,0,c1ccccc1,0.25882352941176473,0,0.4861780941953348
Nc1ccc(C(=O)O)cc1,0,c1ccccc1,NC(Cc1ccc(O)c(O)c1)C(=O)O,0,c1ccccc1,0.22483660130718955,1,0.5836431174221514
NC(=O)NS(=O)(=O)c1ccc(N)cc1,1,c1ccccc1,Nc1ccc(C(=O)O)cc1,0,c1ccccc1,0.3554022988505747,1,0.9312718716069075
NC(=O)NS(=O)(=O)c1ccc(N)cc1,1,c1ccccc1,NC(=O)c1ccccc1O,0,c1ccccc1,0.24285714285714285,1,0.9121025592089443
NC(=O)NS(=O)(=O)c1ccc(N)cc1,1,c1ccccc1,CC(N)(Cc1ccc(O)cc1)C(=O)O,0,c1ccccc1,0.19448621553884712,1,0.9246181277603552
NC(=O)NS(=O)(=O)c1ccc(N)cc1,1,c1ccccc1,CC(Cc1ccc(O)c(O)c1)(NN)C(=O)O,0,c1ccccc1,0.18733783082511676,1,0.945108260481558
COc1ccc(OC)c(C(O)CNC(=O)CN)c1,0,c1ccccc1,COc1ccc(OC)c(C(O)C(C)N)c1,0,c1ccccc1,0.5062626262626263,0,0.006011180096399894
COc1ccc(OC)c(C(O)CNC(=O)CN)c1,0,c1ccccc1,CC(C)NCC(O)COc1ccc(CC(N)=O)cc1,0,c1ccccc1,0.29970014992503746,0,0.048342327464171816
COc1ccc(OC)c(C(O)CNC(=O)CN)c1,0,c1ccccc1,COc1ccc(CC(C)NCC(O)c2ccc(O)c(NC=O)c2)cc1,0,c1ccc(CCNCCc2ccccc2)cc1,0.29225028702640643,0,0.04629118893248576
COc1ccc(OC)c(C(O)CNC(=O)CN)c1,0,c1ccccc1,COc1cc(CNC(=O)CCCCC=CC(C)C)ccc1O,0,c1ccccc1,0.28276295133437995,0,0.059113504329152196
NCC(O)c1ccc(O)c(O)c1,0,c1ccccc1,CNCC(O)c1ccc(O)c(O)c1,0,c1ccccc1,0.6123422159887799,0,0.0033586154958825283
NCC(O)c1ccc(O)c(O)c1,0,c1ccccc1,CC(C)NCC(O)c1ccc(O)c(O)c1,0,c1ccccc1,0.5723636363636364,0,0.0033586154958825283
NCC(O)c1ccc(O)c(O)c1,0,c1ccccc1,NCCc1ccc(O)c(O)c1,0,c1ccccc1,0.4572230014025246,0,0.001649957924826727
NCC(O)c1ccc(O)c(O)c1,0,c1ccccc1,CC(C)(C)NCC(O)c1ccc(O)c(CO)c1,0,c1ccccc1,0.3926829268292683,0,0.0036035553120291326
CC(=O)Nc1cccc(O)c1,0,c1ccccc1,CC[N+](C)(C)c1cccc(O)c1,0,c1ccccc1,0.3333333333333333,0,0.061158015824240554
CC(=O)Nc1cccc(O)c1,0,c1ccccc1,CC(=O)Nc1c(I)c(NC(C)=O)c(I)c(C(=O)O)c1I,0,c1ccccc1,0.30915032679738563,0,0.14086592685342716
CC(=O)Nc1cccc(O)c1,0,c1ccccc1,CCN(CC)CC(=O)Nc1c(C)cccc1C,0,c1ccccc1,0.30914634146341463,0,0.07431606482269124
CC(=O)Nc1cccc(O)c1,0,c1ccccc1,NC(=O)c1ccccc1O,0,c1ccccc1,0.26142857142857145,0,0.21940195551257768
CC(=O)Oc1cc(C(C)C)c(OCCN(C)C)cc1C,1,c1ccccc1,Cc1ccccc1C(OCCN(C)C)c1ccccc1,0,c1ccc(Cc2ccccc2)cc1,0.305458089668616,0,0.12983361900418444
CC(=O)Oc1cc(C(C)C)c(OCCN(C)C)cc1C,1,c1ccccc1,CCN(CC)CCOc1cccc(OCCN(CC)CC)c1OCCN(CC)CC,0,c1ccccc1,0.2846153846153846,0,0.3683335122136878
CC(=O)Oc1cc(C(C)C)c(OCCN(C)C)cc1C,1,c1ccccc1,CN(C)CCOC(c1ccccc1)c1ccccc1,0,c1ccc(Cc2ccccc2)cc1,0.27466666666666667,0,0.12983361900418444
CC(=O)Oc1cc(C(C)C)c(OCCN(C)C)cc1C,1,c1ccccc1,CC(=O)Oc1ccccc1C(=O)O,0,c1ccccc1,0.2686551543694401,1,0.6908170304899456
CC(N)(Cc1ccc(O)cc1)C(=O)O,0,c1ccccc1,CC(Cc1ccc(O)c(O)c1)(NN)C(=O)O,0,c1ccccc1,0.43758967001434723,0,0.03361596521404284
CC(N)(Cc1ccc(O)cc1)C(=O)O,0,c1ccccc1,CC(C)(N)Cc1ccccc1,0,c1ccccc1,0.39396551724137935,0,0.033612534220883956
CC(N)(Cc1ccc(O)cc1)C(=O)O,0,c1ccccc1,NC(Cc1ccc(O)c(O)c1)C(=O)O,0,c1ccccc1,0.3567269866247049,0,0.010667750836741987
CC(N)(Cc1ccc(O)cc1)C(=O)O,0,c1ccccc1,NCCc1ccc(O)c(O)c1,0,c1ccccc1,0.276140350877193,0,0.018432101472317435
CC(C)(C)NCC(O)c1ccc(O)c(CO)c1,0,c1ccccc1,CNCC(O)c1ccc(O)c(O)c1,0,c1ccccc1,0.49333333333333335,0,0.00151484050039058
CC(C)(C)NCC(O)c1ccc(O)c(CO)c1,0,c1ccccc1,CC(C)NCC(O)c1ccc(O)c(O)c1,0,c1ccccc1,0.4780337941628265,0,0.00151484050039058
CC(C)(C)NCC(O)c1ccc(O)c(CO)c1,0,c1ccccc1,CN(C)C(=O)Oc1cc(OC(=O)N(C)C)cc(C(O)CNC(C)(C)C)c1,0,c1ccccc1,0.4160042964554243,0,0.0015460567860615807
CC(C)(C)NCC(O)c1ccc(O)c(CO)c1,0,c1ccccc1,NCC(O)c1ccc(O)c(O)c1,0,c1ccccc1,0.3926829268292683,0,0.0019009470934019267
CC(C)Cc1ccc(CC(=O)O)cc1,1,c1ccccc1,CC(N)Cc1ccccc1,0,c1ccccc1,0.3431302270011948,0,0.4658082311276602
CC(C)Cc1ccc(CC(=O)O)cc1,1,c1ccccc1,NC(Cc1ccc(O)c(O)c1)C(=O)O,0,c1ccccc1,0.3314194577352472,0,0.47044326401881137
CC(C)Cc1ccc(CC(=O)O)cc1,1,c1ccccc1,CNC(C)Cc1ccccc1,0,c1ccccc1,0.3218390804597701,1,0.5617865328926632
CC(C)Cc1ccc(CC(=O)O)cc1,1,c1ccccc1,CC(N)(Cc1ccc(O)cc1)C(=O)O,0,c1ccccc1,0.3190789473684211,0,0.374862210332559
CC(=O)Nc1c(I)c(NC(C)=O)c(I)c(C(=O)O)c1I,0,c1ccccc1,CC(O)C(=O)Nc1c(I)c(C(=O)NC(CO)CO)c(I)c(C(=O)NC(CO)CO)c1I,0,c1ccccc1,0.3287577992058991,0,0.16359469938470017
CC(=O)Nc1c(I)c(NC(C)=O)c(I)c(C(=O)O)c1I,0,c1ccccc1,CC(=O)Nc1cccc(O)c1,0,c1ccccc1,0.30915032679738563,0,0.04931270127621798
CC(=O)Nc1c(I)c(NC(C)=O)c(I)c(C(=O)O)c1I,0,c1ccccc1,CC(=O)Oc1ccccc1C(=O)O,0,c1ccccc1,0.23469079939668175,0,0.06974970516303831
CC(=O)Nc1c(I)c(NC(C)=O)c(I)c(C(=O)O)c1I,0,c1ccccc1,CCN(CC)CC(=O)Nc1c(C)cccc1C,0,c1ccccc1,0.19950859950859953,0,0.04005197501026443
CC(=O)Oc1ccccc1C(=O)O,0,c1ccccc1,O=C(O)c1ccccc1O,0,c1ccccc1,0.4443349753694582,0,0.2705027153897386
CC(=O)Oc1ccccc1C(=O)O,0,c1ccccc1,COc1cc(O)c(C(=O)c2ccccc2)cc1S(=O)(=O)O,0,O=C(c1ccccc1)c1ccccc1,0.3152731326644371,0,0.4133759004218366
CC(=O)Oc1ccccc1C(=O)O,0,c1ccccc1,NC(=O)c1ccccc1O,0,c1ccccc1,0.28484848484848485,1,0.5015951047125936
CC(=O)Oc1ccccc1C(=O)O,0,c1ccccc1,Nc1ccc(C(=O)O)cc1,0,c1ccccc1,0.27251082251082254,0,0.35593629399755417
COc1cc(CNC(=O)CCCCC=CC(C)C)ccc1O,0,c1ccccc1,COc1ccc(OC)c(C(O)CNC(=O)CN)c1,0,c1ccccc1,0.28276295133437995,0,0.17144996196277032
COc1cc(CNC(=O)CCCCC=CC(C)C)ccc1O,0,c1ccccc1,COc1ccc(CC(C)NCC(O)c2ccc(O)c(NC=O)c2)cc1,0,c1ccc(CCNCCc2ccccc2)cc1,0.27779877184695323,0,0.36284212225851
COc1cc(CNC(=O)CCCCC=CC(C)C)ccc1O,0,c1ccccc1,COc1cc(O)c(C(=O)c2ccccc2)cc1S(=O)(=O)O,0,O=C(c1ccccc1)c1ccccc1,0.27132352941176474,0,0.27509216969636174
COc1cc(CNC(=O)CCCCC=CC(C)C)ccc1O,0,c1ccccc1,COCCCOc1cc(CC(CC(N)C(O)CC(C(=O)NCC(C)(C)C(N)=O)C(C)C)C(C)C)ccc1OC,0,c1ccccc1,0.2631127012522362,0,0.27436722584262274
CC(C)NCC(O)COc1ccc(CC(N)=O)cc1,0,c1ccccc1,COC(=O)CCc1ccc(OCC(O)CNC(C)C)cc1,0,c1ccccc1,0.6567391304347826,0,0.0179506074678008
CC(C)NCC(O)COc1ccc(CC(N)=O)cc1,0,c1ccccc1,CC(COc1ccccc1)NC(C)C(O)c1ccc(O)cc1,0,c1ccc(CCNCCOc2ccccc2)cc1,0.3246753246753247,0,0.016039443987954805
CC(C)NCC(O)COc1ccc(CC(N)=O)cc1,0,c1ccccc1,CC(C)(C)NCC(O)COc1ccccc1C1CCCC1,0,c1ccc(C2CCCC2)cc1,0.32434108527131783,0,0.0115839254473836
CC(C)NCC(O)COc1ccc(CC(N)=O)cc1,0,c1ccccc1,CC(C)(C)NCC(O)COc1cccc2c1CC(O)C(O)C2,0,c1ccc2c(c1)CCCC2,0.3104916763453349,0,0.022215840530748564
C#CCN(C)Cc1ccccc1,0,c1ccccc1,C#CCN(C)C(C)Cc1ccccc1,0,c1ccccc1,0.5355294117647059,0,0.01597783114989654
C#CCN(C)Cc1ccccc1,0,c1ccccc1,CC(COc1ccccc1)N(CCCl)Cc1ccccc1,0,c1ccc(CNCCOc2ccccc2)cc1,0.29968253968253966,0,0.0005385651905135162
C#CCN(C)Cc1ccccc1,0,c1ccccc1,CC(C)(N)Cc1ccccc1,0,c1ccccc1,0.2885780885780886,0,0.01220368762715424
C#CCN(C)Cc1ccccc1,0,c1ccccc1,CC(N)Cc1ccccc1,0,c1ccccc1,0.2885780885780886,0,0.01220368762715424
CCOc1ccc(NC(C)=O)cc1,1,c1ccccc1,CC(=O)Nc1cccc(O)c1,0,c1ccccc1,0.4148148148148148,1,0.6069738961899007
CCOc1ccc(NC(C)=O)cc1,1,c1ccccc1,CC(C)NCC(O)COc1ccc(CC(N)=O)cc1,0,c1ccccc1,0.29523809523809524,0,0.33047110572275223
CCOc1ccc(NC(C)=O)cc1,1,c1ccccc1,COc1ccc(OC)c(C(O)CNC(=O)CN)c1,0,c1ccccc1,0.2752820512820513,0,0.24898998979858458
CCOc1ccc(NC(C)=O)cc1,1,c1ccccc1,CC(=O)Nc1c(I)c(NC(C)=O)c(I)c(C(=O)O)c1I,0,c1ccccc1,0.2717948717948718,1,0.7172784029838946
C#CCN(C)C(C)Cc1ccccc1,0,c1ccccc1,C#CCN(C)Cc1ccccc1,0,c1ccccc1,0.5355294117647059,0,0.01597783114989654
C#CCN(C)C(C)Cc1ccccc1,0,c1ccccc1,CC(N)Cc1ccccc1,0,c1ccccc1,0.4086247086247087,0,0.01220368762715424
C#CCN(C)C(C)Cc1ccccc1,0,c1ccccc1,CNC(C)Cc1ccccc1,0,c1ccccc1,0.38428571428571434,0,0.017839463911534088
C#CCN(C)C(C)Cc1ccccc1,0,c1ccccc1,CC(COc1ccccc1)N(CCCl)Cc1ccccc1,0,c1ccc(CNCCOc2ccccc2)cc1,0.28974358974358977,0,0.0005385651905135162
CC(C)(N)Cc1ccccc1,0,c1ccccc1,CC(N)Cc1ccccc1,0,c1ccccc1,0.4553376906318083,0,0.022412622935469938
CC(C)(N)Cc1ccccc1,0,c1ccccc1,CC(N)(Cc1ccc(O)cc1)C(=O)O,0,c1ccccc1,0.39396551724137935,0,0.04520081986948718
CC(C)(N)Cc1ccccc1,0,c1ccccc1,CNC(C)Cc1ccccc1,0,c1ccccc1,0.3666666666666667,0,0.10294743680464565
CC(C)(N)Cc1ccccc1,0,c1ccccc1,NNCCc1ccccc1,0,c1ccccc1,0.36190476190476195,0,0.06886741271939775
CC(N)C(O)c1ccccc1,0,c1ccccc1,CNC(C)C(O)c1ccccc1,0,c1ccccc1,0.5844444444444444,0,0.023714055352830124
CC(N)C(O)c1ccccc1,0,c1ccccc1,CC(N)Cc1ccccc1,0,c1ccccc1,0.41428571428571426,0,0.01177211658076078
CC(N)C(O)c1ccccc1,0,c1ccccc1,COc1ccc(OC)c(C(O)C(C)N)c1,0,c1ccccc1,0.38888888888888895,0,0.004218541963723658
CC(N)C(O)c1ccccc1,0,c1ccccc1,CC(COc1ccccc1)NC(C)C(O)c1ccc(O)cc1,0,c1ccc(CCNCCOc2ccccc2)cc1,0.3541666666666667,0,0.030823726910793645
C=CCOc1ccc(CC(=O)O)cc1Cl,1,c1ccccc1,NC(Cc1ccc(O)c(O)c1)C(=O)O,0,c1ccccc1,0.22600000000000003,1,0.9349361041550186
C=CCOc1ccc(CC(=O)O)cc1Cl,1,c1ccccc1,COc1cc(CNC(=O)CCCCC=CC(C)C)ccc1O,0,c1ccccc1,0.21304843304843307,1,0.6779445385111527
C=CCOc1ccc(CC(=O)O)cc1Cl,1,c1ccccc1,NC(Cc1cc(I)c(Oc2ccc(O)c(I)c2)c(I)c1)C(=O)O,0,c1ccc(Oc2ccccc2)cc1,0.21132323897300856,1,0.8969864827447422
C=CCOc1ccc(CC(=O)O)cc1Cl,1,c1ccccc1,CC(C)NCC(O)COc1ccc(CC(N)=O)cc1,0,c1ccccc1,0.2107118644067797,1,0.8439890813726666
CC(C)c1cccc(C(C)C)c1O,0,c1ccccc1,CC(N)Cc1ccccc1,0,c1ccccc1,0.29523809523809524,0,0.0714010554702433
CC(C)c1cccc(C(C)C)c1O,0,c1ccccc1,CC(N)C(O)c1ccccc1,0,c1ccccc1,0.29341692789968654,0,0.06409142812219691
CC(C)c1cccc(C(C)C)c1O,0,c1ccccc1,CNC(C)C(O)c1ccccc1,0,c1ccccc1,0.2731182795698925,0,0.09147052711522469
CC(C)c1cccc(C(C)C)c1O,0,c1ccccc1,CC[N+](C)(C)c1cccc(O)c1,0,c1ccccc1,0.25793939393939397,0,0.05680458060746879
CC(Cc1ccc(O)c(O)c1)(NN)C(=O)O,0,c1ccccc1,NC(Cc1ccc(O)c(O)c1)C(=O)O,0,c1ccccc1,0.46637102734663716,0,0.11236935277705652
CC(Cc1ccc(O)c(O)c1)(NN)C(=O)O,0,c1ccccc1,CC(N)(Cc1ccc(O)cc1)C(=O)O,0,c1ccccc1,0.43758967001434723,0,0.19722073092449544
CC(Cc1ccc(O)c(O)c1)(NN)C(=O)O,0,c1ccccc1,NCCc1ccc(O)c(O)c1,0,c1ccccc1,0.39703947368421055,0,0.18064007944174218
CC(Cc1ccc(O)c(O)c1)(NN)C(=O)O,0,c1ccccc1,CC(CCc1ccc(O)cc1)NCCc1ccc(O)c(O)c1,0,c1ccc(CCCNCCc2ccccc2)cc1,0.3277948717948718,0,0.15400122748617712
CCCNC(=O)NS(=O)(=O)c1ccc(Cl)cc1,1,c1ccccc1,CC(NC(C)(C)C)C(=O)c1cccc(Cl)c1,0,c1ccccc1,0.23445878848063556,1,0.8722888843265318
CCCNC(=O)NS(=O)(=O)c1ccc(Cl)cc1,1,c1ccccc1,CCCCNc1ccc(C(=O)OCCN(C)C)cc1,0,c1ccccc1,0.20515574650912996,1,0.9383206899501586
CCCNC(=O)NS(=O)(=O)c1ccc(Cl)cc1,1,c1ccccc1,CCCCNc1ccc(C(=O)OCCOCCOCCOCCOCCOCCOCCOCCOCCOC)cc1,0,c1ccccc1,0.20464767616191903,1,0.9369568298662592
CCCNC(=O)NS(=O)(=O)c1ccc(Cl)cc1,1,c1ccccc1,CCN(CC)CC(=O)Nc1c(C)cccc1C,0,c1ccccc1,0.20186274509803923,1,0.8726907284200826
NC(=O)c1ccccc1O,0,c1ccccc1,O=C(O)c1ccccc1O,0,c1ccccc1,0.5536231884057972,0,0.20806319595370734
NC(=O)c1ccccc1O,0,c1ccccc1,CC(=O)Oc1ccccc1C(=O)O,0,c1ccccc1,0.28484848484848485,0,0.15028331147423737
NC(=O)c1ccccc1O,0,c1ccccc1,COc1cc(O)c(C(=O)c2ccccc2)cc1S(=O)(=O)O,0,O=C(c1ccccc1)c1ccccc1,0.27222222222222225,0,0.1425703755896732
NC(=O)c1ccccc1O,0,c1ccccc1,NC(Cc1ccc(O)c(O)c1)C(=O)O,0,c1ccccc1,0.2633445945945946,0,0.06139513108858047
Nc1ccc(S(N)(=O)=O)cc1,1,c1ccccc1,Nc1ccc(C(=O)O)cc1,0,c1ccccc1,0.36,1,0.880489284896746
Nc1ccc(S(N)(=O)=O)cc1,1,c1ccccc1,NC(=O)c1ccccc1O,0,c1ccccc1,0.22923076923076927,1,0.8494457728833529
Nc1ccc(S(N)(=O)=O)cc1,1,c1ccccc1,NCCc1ccc(O)c(O)c1,0,c1ccccc1,0.1913793103448276,1,0.8514196145655253
Nc1ccc(S(N)(=O)=O)cc1,1,c1ccccc1,CC(C)(N)Cc1ccccc1,0,c1ccccc1,0.1770322580645161,1,0.7635813463845241
CCCCCCCCNC(C)C(O)c1ccc(SC(C)C)cc1,1,c1ccccc1,CC(COc1ccccc1)NC(C)C(O)c1ccc(O)cc1,0,c1ccc(CCNCCOc2ccccc2)cc1,0.3472727272727273,1,0.9207416582594495
CCCCCCCCNC(C)C(O)c1ccc(SC(C)C)cc1,1,c1ccccc1,CNC(C)C(O)c1ccccc1,0,c1ccccc1,0.34545454545454546,1,0.8987071127910036
CCCCCCCCNC(C)C(O)c1ccc(SC(C)C)cc1,1,c1ccccc1,CCCCCCCN(CC)CCCC(O)c1ccc(NS(C)(=O)=O)cc1,0,c1ccccc1,0.2904964539007092,1,0.982221130181658
CCCCCCCCNC(C)C(O)c1ccc(SC(C)C)cc1,1,c1ccccc1,CC(C)NCC(O)c1ccc(O)c(O)c1,0,c1ccccc1,0.28286893704850363,1,0.9402684175427354
COCCCOc1cc(CC(CC(N)C(O)CC(C(=O)NCC(C)(C)C(N)=O)C(C)C)C(C)C)ccc1OC,0,c1ccccc1,COc1ccc(OC)c(C(O)CNC(=O)CN)c1,0,c1ccccc1,0.2664963814389102,0,0.005401944541217969
COCCCOc1cc(CC(CC(N)C(O)CC(C(=O)NCC(C)(C)C(N)=O)C(C)C)C(C)C)ccc1OC,0,c1ccccc1,COc1cc(CNC(=O)CCCCC=CC(C)C)ccc1O,0,c1ccccc1,0.2631127012522362,0,0.050064355063534
COCCCOc1cc(CC(CC(N)C(O)CC(C(=O)NCC(C)(C)C(N)=O)C(C)C)C(C)C)ccc1OC,0,c1ccccc1,COc1ccc(OC)c(C(O)C(C)N)c1,0,c1ccccc1,0.25641277641277643,0,0.005047375476498491
COCCCOc1cc(CC(CC(N)C(O)CC(C(=O)NCC(C)(C)C(N)=O)C(C)C)C(C)C)ccc1OC,0,c1ccccc1,CC(C)NCC(O)COc1ccc(CC(N)=O)cc1,0,c1ccccc1,0.2501860272840017,0,0.026939952310756868
CCCCNc1ccc(C(=O)OCCN(C)C)cc1,0,c1ccccc1,CCCCNc1ccc(C(=O)OCCOCCOCCOCCOCCOCCOCCOCCOCCOC)cc1,0,c1ccccc1,0.6722222222222223,0,0.27444099421035634
CCCCNc1ccc(C(=O)OCCN(C)C)cc1,0,c1ccccc1,CN(C)CCOC(c1ccccc1)c1ccccc1,0,c1ccc(Cc2ccccc2)cc1,0.2933259790402648,0,0.03057842243264692
CCCCNc1ccc(C(=O)OCCN(C)C)cc1,0,c1ccccc1,Cc1ccccc1C(OCCN(C)C)c1ccccc1,0,c1ccc(Cc2ccccc2)cc1,0.26071428571428573,0,0.03057842243264692
CCCCNc1ccc(C(=O)OCCN(C)C)cc1,0,c1ccccc1,CCCCCCCN(CC)CCCC(O)c1ccc(NS(C)(=O)=O)cc1,0,c1ccccc1,0.25743200506008856,0,0.10192726954762858
CN(C)C(=O)Oc1cc(OC(=O)N(C)C)cc(C(O)CNC(C)(C)C)c1,0,c1ccccc1,CC(C)(C)NCC(O)c1ccc(O)c(CO)c1,0,c1ccccc1,0.4160042964554243,0,0.0025436594521284412
CN(C)C(=O)Oc1cc(OC(=O)N(C)C)cc(C(O)CNC(C)(C)C)c1,0,c1ccccc1,CC(C)NCC(O)c1cc(O)cc(O)c1,0,c1ccccc1,0.3139735480161012,0,0.006785318268062486
CN(C)C(=O)Oc1cc(OC(=O)N(C)C)cc(C(O)CNC(C)(C)C)c1,0,c1ccccc1,CC(C)(C)NCC(O)COc1ccccc1C1CCCC1,0,c1ccc(C2CCCC2)cc1,0.29060606060606065,0,0.003611644976242807
CN(C)C(=O)Oc1cc(OC(=O)N(C)C)cc(C(O)CNC(C)(C)C)c1,0,c1ccccc1,CC(C)(C)NCC(O)COc1cccc2c1CC(O)C(O)C2,0,c1ccc2c(c1)CCCC2,0.2855213803450863,0,0.0069781294399897005
CCCCNC(=O)NS(=O)(=O)c1ccc(C)cc1,1,c1ccccc1,CCCCNc1ccc(C(=O)OCCN(C)C)cc1,0,c1ccccc1,0.2616600790513834,1,0.9008234984099629
CCCCNC(=O)NS(=O)(=O)c1ccc(C)cc1,1,c1ccccc1,CCCCNc1ccc(C(=O)OCCOCCOCCOCCOCCOCCOCCOCCOCCOC)cc1,0,c1ccccc1,0.260797342192691,1,0.8987199916215534
CCCCNC(=O)NS(=O)(=O)c1ccc(C)cc1,1,c1ccccc1,CCCCN1CCCCC1C(=O)Nc1c(C)cccc1C,0,O=C(Nc1ccccc1)C1CCCCN1,0.2438095238095238,1,0.7730828961612518
CCCCNC(=O)NS(=O)(=O)c1ccc(C)cc1,1,c1ccccc1,CCCCCCCN(CC)CCCC(O)c1ccc(NS(C)(=O)=O)cc1,0,c1ccccc1,0.23555555555555557,1,0.7921123949615486
CC[N+](C)(C)c1cccc(O)c1,0,c1ccccc1,CC(=O)Nc1cccc(O)c1,0,c1ccccc1,0.3333333333333333,0,0.003931344962727539
CC[N+](C)(C)c1cccc(O)c1,0,c1ccccc1,CCCCCCc1ccc(O)cc1O,0,c1ccccc1,0.28564102564102567,0,0.0007621567406040655
CC[N+](C)(C)c1cccc(O)c1,0,c1ccccc1,CC(C)c1cccc(C(C)C)c1O,0,c1ccccc1,0.25793939393939397,0,0.003262493689814691
CC[N+](C)(C)c1cccc(O)c1,0,c1ccccc1,Cc1ccc(N(CC2=NCCN2)c2cccc(O)c2)cc1,0,c1ccc(N(CC2=NCCN2)c2ccccc2)cc1,0.252702056432329,0,0.006524253185958964
N#CC(C#N)=NNc1ccc(OC(F)(F)F)cc1,1,c1ccccc1,CC(N=C(NC#N)Nc1ccncc1)C(C)(C)C,0,c1ccncc1,0.17714285714285716,1,0.9797636889142256
N#CC(C#N)=NNc1ccc(OC(F)(F)F)cc1,1,c1ccccc1,CC(COc1ccccc1)NC(C)C(O)c1ccc(O)cc1,0,c1ccc(CCNCCOc2ccccc2)cc1,0.15736346516007535,1,0.8603810993709171
N#CC(C#N)=NNc1ccc(OC(F)(F)F)cc1,1,c1ccccc1,CCCCNc1ccc(C(=O)OCCN(C)C)cc1,0,c1ccccc1,0.15679895901106053,1,0.9774954763136189
N#CC(C#N)=NNc1ccc(OC(F)(F)F)cc1,1,c1ccccc1,CCCCNc1ccc(C(=O)OCCOCCOCCOCCOCCOCCOCCOCCOCCOC)cc1,0,c1ccccc1,0.15559322033898304,1,0.9769765989585228
COC(=O)CCc1ccc(OCC(O)CNC(C)C)cc1,0,c1ccccc1,CC(C)NCC(O)COc1ccc(CC(N)=O)cc1,0,c1ccccc1,0.6567391304347826,0,0.013032484378824866
COC(=O)CCc1ccc(OCC(O)CNC(C)C)cc1,0,c1ccccc1,CC(C)(C)NCC(O)COc1ccccc1C1CCCC1,0,c1ccc(C2CCCC2)cc1,0.3171326164874552,0,0.008401579634482459
COC(=O)CCc1ccc(OCC(O)CNC(C)C)cc1,0,c1ccccc1,CC(COc1ccccc1)NC(C)C(O)c1ccc(O)cc1,0,c1ccc(CCNCCOc2ccccc2)cc1,0.31107850330154074,0,0.011647498247621903
COC(=O)CCc1ccc(OCC(O)CNC(C)C)cc1,0,c1ccccc1,COc1ccc(CC(C)NCC(O)c2ccc(O)c(NC=O)c2)cc1,0,c1ccc(CCNCCc2ccccc2)cc1,0.3013071895424837,0,0.014011213912283155
CCCCCCCN(CC)CCCC(O)c1ccc(NS(C)(=O)=O)cc1,0,c1ccccc1,CC(C)(C(=O)O)c1ccc(C(O)CCCN2CCC(C(O)(c3ccccc3)c3ccccc3)CC2)cc1,0,c1ccc(CCCCN2CCC(C(c3ccccc3)c3ccccc3)CC2)cc1,0.26470416788108425,1,0.5127408392850177
CCCCCCCN(CC)CCCC(O)c1ccc(NS(C)(=O)=O)cc1,0,c1ccccc1,CCN(CC)CC(=O)Nc1c(C)cccc1C,0,c1ccccc1,0.26450742240215924,0,0.15165358685201397
CCCCCCCN(CC)CCCC(O)c1ccc(NS(C)(=O)=O)cc1,0,c1ccccc1,CC(C)(C)c1ccc(C(O)CCCN2CCC(C(O)(c3ccccc3)c3ccccc3)CC2)cc1,0,c1ccc(CCCCN2CCC(C(c3ccccc3)c3ccccc3)CC2)cc1,0.2619047619047619,0,0.3790015513356166
CCCCCCCN(CC)CCCC(O)c1ccc(NS(C)(=O)=O)cc1,0,c1ccccc1,CCCCNc1ccc(C(=O)OCCN(C)C)cc1,0,c1ccccc1,0.25743200506008856,0,0.28404007999594166
CC(C)C(=O)Nc1ccc([N+](=O)[O-])c(C(F)(F)F)c1,1,c1ccccc1,O=C(NC(CO)C(O)c1ccc([N+](=O)[O-])cc1)C(Cl)Cl,0,c1ccccc1,0.26374355195283716,1,0.9325615704077234
CC(C)C(=O)Nc1ccc([N+](=O)[O-])c(C(F)(F)F)c1,1,c1ccccc1,CC(=O)Nc1cccc(O)c1,0,c1ccccc1,0.26258503401360545,1,0.9646697440908132
CC(C)C(=O)Nc1ccc([N+](=O)[O-])c(C(F)(F)F)c1,1,c1ccccc1,CC(NC(C)(C)C)C(=O)c1cccc(Cl)c1,0,c1ccccc1,0.20175438596491227,1,0.9445449430187991
CC(C)C(=O)Nc1ccc([N+](=O)[O-])c(C(F)(F)F)c1,1,c1ccccc1,CC(O)C(=O)Nc1c(I)c(C(=O)NC(CO)CO)c(I)c(C(=O)NC(CO)CO)c1I,0,c1ccccc1,0.19466666666666665,1,0.9061278235105139
COCCCCC(=NOCCN)c1ccc(C(F)(F)F)cc1,0,c1ccccc1,CCCCNc1ccc(C(=O)OCCOCCOCCOCCOCCOCCOCCOCCOCCOC)cc1,0,c1ccccc1,0.2500506585612968,0,0.060313106802779466
COCCCCC(=NOCCN)c1ccc(C(F)(F)F)cc1,0,c1ccccc1,CCCCNc1ccc(C(=O)OCCN(C)C)cc1,0,c1ccccc1,0.19384615384615386,0,0.08159024097092853
COCCCCC(=NOCCN)c1ccc(C(F)(F)F)cc1,0,c1ccccc1,COCCCOc1cc(CC(CC(N)C(O)CC(C(=O)NCC(C)(C)C(N)=O)C(C)C)C(C)C)ccc1OC,0,c1ccccc1,0.17815468113975574,0,0.0057729108013300934
COCCCCC(=NOCCN)c1ccc(C(F)(F)F)cc1,0,c1ccccc1,CN1CCCC1CCOC(C)(c1ccccc1)c1ccc(Cl)cc1,0,c1ccc(C(OCCC2CCCN2)c2ccccc2)cc1,0.1727731092436975,0,0.0076426383446512895
CNCC(O)c1ccc(O)c(O)c1,0,c1ccccc1,CC(C)NCC(O)c1ccc(O)c(O)c1,0,c1ccccc1,0.7020000000000001,0,0.0016698089183549072
CNCC(O)c1ccc(O)c(O)c1,0,c1ccccc1,NCC(O)c1ccc(O)c(O)c1,0,c1ccccc1,0.6123422159887799,0,0.002095331387107682
CNCC(O)c1ccc(O)c(O)c1,0,c1ccccc1,CC(C)(C)NCC(O)c1ccc(O)c(CO)c1,0,c1ccccc1,0.49333333333333335,0,0.0017918075155781699
CNCC(O)c1ccc(O)c(O)c1,0,c1ccccc1,CC(C)NCC(O)c1cc(O)cc(O)c1,0,c1ccccc1,0.42122122122122124,0,0.0016698089183549072
CC(N)Cc1ccccc1,0,c1ccccc1,CNC(C)Cc1ccccc1,0,c1ccccc1,0.5641025641025641,0,0.10294743680464565
CC(N)Cc1ccccc1,0,c1ccccc1,CC(C)(N)Cc1ccccc1,0,c1ccccc1,0.4553376906318083,0,0.022412622935469938
CC(N)Cc1ccccc1,0,c1ccccc1,CC(N)C(O)c1ccccc1,0,c1ccccc1,0.41428571428571426,0,0.020010078248242434
CC(N)Cc1ccccc1,0,c1ccccc1,C#CCN(C)C(C)Cc1ccccc1,0,c1ccccc1,0.4086247086247087,0,0.10593297145368186
COc1ccccc1OCC(O)CO,0,c1ccccc1,CC(C)(C)NCC(O)COc1ccccc1C1CCCC1,0,c1ccc(C2CCCC2)cc1,0.367561761546724,0,0.06440792546891481
COc1ccccc1OCC(O)CO,0,c1ccccc1,CC(C)(C)NCC(O)COc1cccc2c1CC(O)C(O)C2,0,c1ccc2c(c1)CCCC2,0.33721413721413723,0,0.3148806614920277
COc1ccccc1OCC(O)CO,0,c1ccccc1,CC(C)NCC(O)COc1ccc(CC(N)=O)cc1,0,c1ccccc1,0.2906666666666667,0,0.0968927612188319
COc1ccccc1OCC(O)CO,0,c1ccccc1,COc1ccc(OC)c(C(O)C(C)N)c1,0,c1ccccc1,0.2869318181818182,0,0.0416755118244059
CCCCCCc1ccc(O)cc1O,0,c1ccccc1,CC(CCc1ccc(O)cc1)NCCc1ccc(O)c(O)c1,0,c1ccc(CCCNCCc2ccccc2)cc1,0.28750000000000003,0,0.023515792749209046
CCCCCCc1ccc(O)cc1O,0,c1ccccc1,CC[N+](C)(C)c1cccc(O)c1,0,c1ccccc1,0.28564102564102567,0,0.018775681572428912
CCCCCCc1ccc(O)cc1O,0,c1ccccc1,NCCc1ccc(O)c(O)c1,0,c1ccccc1,0.26090225563909775,0,0.028339608696823296
CCCCCCc1ccc(O)cc1O,0,c1ccccc1,CC(N)(Cc1ccc(O)cc1)C(=O)O,0,c1ccccc1,0.24016913319238903,0,0.08891340756309622
CC(O)C(=O)Nc1c(I)c(C(=O)NC(CO)CO)c(I)c(C(=O)NC(CO)CO)c1I,0,c1ccccc1,CC(=O)Nc1c(I)c(NC(C)=O)c(I)c(C(=O)O)c1I,0,c1ccccc1,0.3287577992058991,0,0.07671201033816157
CC(O)C(=O)Nc1c(I)c(C(=O)NC(CO)CO)c(I)c(C(=O)NC(CO)CO)c1I,0,c1ccccc1,O=C(NC(CO)C(O)c1ccc([N+](=O)[O-])cc1)C(Cl)Cl,0,c1ccccc1,0.22266009852216748,0,0.06945432613167268
CC(O)C(=O)Nc1c(I)c(C(=O)NC(CO)CO)c(I)c(C(=O)NC(CO)CO)c1I,0,c1ccccc1,CC(C)(CO)C(O)C(=O)NCCCO,0,,0.2092436974789916,0,0.005657510874532402
CC(O)C(=O)Nc1c(I)c(C(=O)NC(CO)CO)c(I)c(C(=O)NC(CO)CO)c1I,0,c1ccccc1,CC(C)(CO)C(O)C(=O)NCCC(=O)O,0,,0.2016722408026756,0,0.004982840357967721
NNCCc1ccccc1,0,c1ccccc1,CC(C)(N)Cc1ccccc1,0,c1ccccc1,0.36190476190476195,0,0.27699177063261105
NNCCc1ccccc1,0,c1ccccc1,CC(N)Cc1ccccc1,0,c1ccccc1,0.36190476190476195,0,0.27699177063261105
NNCCc1ccccc1,0,c1ccccc1,CNC(C)Cc1ccccc1,0,c1ccccc1,0.336231884057971,0,0.3603060245800847
NNCCc1ccccc1,0,c1ccccc1,C#CCN(C)Cc1ccccc1,0,c1ccccc1,0.2562091503267974,0,0.3676958479168697
CCN(CC)CC(=O)Nc1c(C)cccc1C,0,c1ccccc1,CCCCN1CCCCC1C(=O)Nc1c(C)cccc1C,0,O=C(Nc1ccccc1)C1CCCCN1,0.4192513368983957,0,0.21901975890991496
CCN(CC)CC(=O)Nc1c(C)cccc1C,0,c1ccccc1,CC(=O)Nc1cccc(O)c1,0,c1ccccc1,0.30914634146341463,0,0.29519918979761856
CCN(CC)CC(=O)Nc1c(C)cccc1C,0,c1ccccc1,CCN(CC)CCOc1cccc(OCCN(CC)CC)c1OCCN(CC)CC,0,c1ccccc1,0.300675168792198,0,0.24537015420700775
CCN(CC)CC(=O)Nc1c(C)cccc1C,0,c1ccccc1,CCN(CC)CCOCCOC(=O)C1(c2ccccc2)CCCC1,0,c1ccc(C2CCCC2)cc1,0.2736842105263158,0,0.054786388200733185
NC(Cc1ccc(O)c(O)c1)C(=O)O,0,c1ccccc1,NC(Cc1cc(I)c(Oc2ccc(O)c(I)c2)c(I)c1)C(=O)O,0,c1ccc(Oc2ccccc2)cc1,0.5128205128205129,0,0.013026390520487085
NC(Cc1ccc(O)c(O)c1)C(=O)O,0,c1ccccc1,NCCc1ccc(O)c(O)c1,0,c1ccccc1,0.4707792207792208,0,0.013021486676472432
NC(Cc1ccc(O)c(O)c1)C(=O)O,0,c1ccccc1,CC(Cc1ccc(O)c(O)c1)(NN)C(=O)O,0,c1ccccc1,0.46637102734663716,0,0.02385656135504867
NC(Cc1ccc(O)c(O)c1)C(=O)O,0,c1ccccc1,NCC(O)c1ccc(O)c(O)c1,0,c1ccccc1,0.3649520488230166,0,0.011613675272340113
COc1ccc(OC)c(C(O)C(C)N)c1,0,c1ccccc1,COc1ccc(OC)c(C(O)CNC(=O)CN)c1,0,c1ccccc1,0.5062626262626263,0,0.006696746948530761
COc1ccc(OC)c(C(O)C(C)N)c1,0,c1ccccc1,CC(N)C(O)c1ccccc1,0,c1ccccc1,0.38888888888888895,0,0.027160135761715627
COc1ccc(OC)c(C(O)C(C)N)c1,0,c1ccccc1,COc1ccccc1OCC(O)CO,0,c1ccccc1,0.2869318181818182,0,0.07816797932969032
COc1ccc(OC)c(C(O)C(C)N)c1,0,c1ccccc1,COc1ccc(CC(C)NCC(O)c2ccc(O)c(NC=O)c2)cc1,0,c1ccc(CCNCCc2ccccc2)cc1,0.2674614305750351,0,0.048109834895528385
CCN(CC)CCOc1cccc(OCCN(CC)CC)c1OCCN(CC)CC,0,c1ccccc1,CCN(CC)CCOCCOC(=O)C1(c2ccccc2)CCCC1,0,c1ccc(C2CCCC2)cc1,0.33098039215686276,0,0.004359236736042572
CCN(CC)CCOc1cccc(OCCN(CC)CC)c1OCCN(CC)CC,0,c1ccccc1,CCN(CC)CC(=O)Nc1c(C)cccc1C,0,c1ccccc1,0.300675168792198,0,0.002878799462764329
CCN(CC)CCOc1cccc(OCCN(CC)CC)c1OCCN(CC)CC,0,c1ccccc1,CCN(CC)CCOC(=O)C1(C2CCCCC2)CCCCC1,0,C1CCC(C2CCCCC2)CC1,0.26258503401360545,0,0.005107046746984646
CCN(CC)CCOc1cccc(OCCN(CC)CC)c1OCCN(CC)CC,0,c1ccccc1,COc1ccccc1OCC(O)CO,0,c1ccccc1,0.2619085805934242,0,0.009893352281112346
CC(C)NCC(O)c1ccc(O)c(O)c1,0,c1ccccc1,CNCC(O)c1ccc(O)c(O)c1,0,c1ccccc1,0.7020000000000001,0,0.0016698089183549072
CC(C)NCC(O)c1ccc(O)c(O)c1,0,c1ccccc1,CC(C)NCC(O)c1cc(O)cc(O)c1,0,c1ccccc1,0.6448484848484849,0,0.0016698089183549072
CC(C)NCC(O)c1ccc(O)c(O)c1,0,c1ccccc1,NCC(O)c1ccc(O)c(O)c1,0,c1ccccc1,0.5723636363636364,0,0.002095331387107682
CC(C)NCC(O)c1ccc(O)c(O)c1,0,c1ccccc1,CC(C)(C)NCC(O)c1ccc(O)c(CO)c1,0,c1ccccc1,0.4780337941628265,0,0.0017918075155781699
CCCCNc1ccc(C(=O)OCCOCCOCCOCCOCCOCCOCCOCCOCCOC)cc1,0,c1ccccc1,CCCCNc1ccc(C(=O)OCCN(C)C)cc1,0,c1ccccc1,0.6722222222222223,0,0.0734899478317859
CCCCNc1ccc(C(=O)OCCOCCOCCOCCOCCOCCOCCOCCOCCOC)cc1,0,c1ccccc1,CCN(CC)CCOCCOC(=O)C1(c2ccccc2)CCCC1,0,c1ccc(C2CCCC2)cc1,0.26095238095238094,0,0.017297466569818332
CCCCNc1ccc(C(=O)OCCOCCOCCOCCOCCOCCOCCOCCOCCOC)cc1,0,c1ccccc1,COCCCCC(=NOCCN)c1ccc(C(F)(F)F)cc1,0,c1ccccc1,0.2500506585612968,0,0.08642309983701493
CCCCNc1ccc(C(=O)OCCOCCOCCOCCOCCOCCOCCOCCOCCOC)cc1,0,c1ccccc1,COC(=O)CCc1ccc(OCC(O)CNC(C)C)cc1,0,c1ccccc1,0.21850000000000003,0,0.06882462431066418
CC(=O)OCC[N+](C)(C)C,0,,C[N+](C)(C)CCOC(=O)CCC(=O)OCC[N+](C)(C)C,0,,0.6691075514874142,0,0.022319812129017673
CC(=O)OCC[N+](C)(C)C,0,,CC(C[N+](C)(C)C)OC(N)=O,0,,0.32065217391304346,0,0.001116470286948478
CC(=O)OCC[N+](C)(C)C,0,,C[N+](C)(C)CC(=O)[O-],0,,0.28782051282051285,0,0.005796968344172117
CC(=O)OCC[N+](C)(C)C,0,,C[N+](C)(C)CC(O)CC(=O)[O-],0,,0.2564516129032258,0,0.005166143679147873
C[N+](C)(C)CC(=O)[O-],0,,C[N+](C)(C)CC(O)CC(=O)[O-],0,,0.4449275362318841,0,0.010741031575734212
C[N+](C)(C)CC(=O)[O-],0,,CC(=O)OCC[N+](C)(C)C,0,,0.28782051282051285,0,0.03205174890532786
C[N+](C)(C)CC(=O)[O-],0,,C[N+](C)(C)CCOC(=O)CCC(=O)OCC[N+](C)(C)C,0,,0.2861538461538462,0,0.08608991722715824
C[N+](C)(C)CC(=O)[O-],0,,CC(C[N+](C)(C)C)OC(N)=O,0,,0.2591511936339522,0,0.006968298354138068
OCC(O)C(O)C(O)C(O)CO,0,,O=C1OC(C(O)CO)C(O)=C1O,0,O=C1C=CCO1,0.22000000000000003,0,0.009174099820845863
OCC(O)C(O)C(O)C(O)CO,0,,COc1ccccc1OCC(O)CO,0,c1ccccc1,0.20454545454545456,0,0.004444111912330198
OCC(O)C(O)C(O)C(O)CO,0,,NC(CO)(CO)CO,0,,0.19487179487179487,0,0.0018362649755572858
OCC(O)C(O)C(O)C(O)CO,0,,OC(O)C(Cl)(Cl)Cl,0,,0.18733031674208148,0,0.00010731102100280926
NCCCCCC(=O)O,0,,CCCCCCCCC=CCCCCCCCC(=O)O,0,,0.45590062111801244,0,0.15999166498746006
NCCCCCC(=O)O,0,,NCC1(CC(=O)O)CCCCC1,0,C1CCCCC1,0.32819074333800846,0,0.05849924336145426
NCCCCCC(=O)O,0,,CC(C)CC(CN)CC(=O)O,0,,0.3104516129032258,0,0.05849924336145426
NCCCCCC(=O)O,0,,O=C(O)CCCCC1SCC2NC(=O)NC21,0,O=C1NC2CSCC2N1,0.2987878787878788,0,0.013587932966120422
CS(C)=O,0,,CC(O)(P(=O)(O)O)P(=O)(O)O,0,,0.15565610859728507,0,0.0280458270715386
CS(C)=O,0,,CC(=O)OCC[N+](C)(C)C,0,,0.11662404092071611,0,0.04470822656204973
CS(C)=O,0,,C[N+](C)(C)CC(=O)[O-],0,,0.10921052631578948,0,0.04919278753291027
CS(C)=O,0,,C[Si](C)(C)O[Si](C)(C)O[Si](C)(C)C,0,,0.10787878787878788,0,0.017382557047026216
CN(C)C(=N)N=C(N)N,0,,NC(N)=NCCCC(N)C(=O)O,0,,0.12875816993464054,0,0.22937533467614069
CN(C)C(=N)N=C(N)N,0,,CC(C[N+](C)(C)C)OC(N)=O,0,,0.11901477832512315,0,0.003358210361803373
CN(C)C(=N)N=C(N)N,0,,CN(C)C(=O)Oc1cc(OC(=O)N(C)C)cc(C(O)CNC(C)(C)C)c1,0,c1ccccc1,0.09796747967479676,0,0.02855956009048234
CN(C)C(=N)N=C(N)N,0,,NC(=O)c1ccccc1O,0,c1ccccc1,0.09272727272727274,0,0.0664506719628099
C[N+](C)(C)CC(O)CC(=O)[O-],0,,C[N+](C)(C)CC(=O)[O-],0,,0.4449275362318841,0,0.006294539261447457
C[N+](C)(C)CC(O)CC(=O)[O-],0,,CC(C[N+](C)(C)C)OC(N)=O,0,,0.3305376344086022,0,0.003632815906571352
C[N+](C)(C)CC(O)CC(=O)[O-],0,,CC(O)CN1CCN(CC(=O)[O-])CCN(CC(=O)[O-])CCN(CC(=O)[O-])CC1,0,C1CNCCNCCNCCN1,0.28663594470046083,0,0.0003680949991604783
C[N+](C)(C)CC(O)CC(=O)[O-],0,,CC(=O)OCC[N+](C)(C)C,0,,0.2564516129032258,0,0.016914196363467346
CC(C)(CO)C(O)C(=O)NCCC(=O)O,0,,CC(C)(CO)C(O)C(=O)NCCCO,0,,0.6533333333333333,0,0.18055177223241817
CC(C)(CO)C(O)C(=O)NCCC(=O)O,0,,CCCCCCCCC=CCCCCCCCC(=O)O,0,,0.23025210084033615,0,0.15520343055527253
CC(C)(CO)C(O)C(=O)NCCC(=O)O,0,,NCCCCCC(=O)O,0,,0.22440154440154442,0,0.1694740162646762
CC(C)(CO)C(O)C(=O)NCCC(=O)O,0,,CC(C)CC(CN)CC(=O)O,0,,0.20793650793650795,0,0.1694740162646762
NCCCC(O)(P(=O)(O)O)P(=O)(O)O,0,,NCCC(O)(P(=O)(O)O)P(=O)(O)O,0,,0.7502392344497608,0,0.0011033396983301936
NCCCC(O)(P(=O)(O)O)P(=O)(O)O,0,,CC(O)(P(=O)(O)O)P(=O)(O)O,0,,0.356,0,0.003507581284337792
NCCCC(O)(P(=O)(O)O)P(=O)(O)O,0,,NCCCNCCSP(=O)(O)O,0,,0.32778904665314407,0,2.9248080575390915e-05
NCCCC(O)(P(=O)(O)O)P(=O)(O)O,0,,NCCCCCC(=O)O,0,,0.28735632183908044,0,0.004992073779035128
COCCNC(=O)CN(CCN(CCN(CC(=O)[O-])CC(=O)NCCOC)CC(=O)[O-])CC(=O)[O-],0,,CCN(CC)CC(=O)Nc1c(C)cccc1C,0,c1ccccc1,0.22244897959183674,0,0.0023199974013849095
COCCNC(=O)CN(CCN(CCN(CC(=O)[O-])CC(=O)NCCOC)CC(=O)[O-])CC(=O)[O-],0,,CCCCNc1ccc(C(=O)OCCOCCOCCOCCOCCOCCOCCOCCOCCOC)cc1,0,c1ccccc1,0.21371428571428572,0,0.0838612145645559
COCCNC(=O)CN(CCN(CCN(CC(=O)[O-])CC(=O)NCCOC)CC(=O)[O-])CC(=O)[O-],0,,CC(O)CN1CCN(CC(=O)[O-])CCN(CC(=O)[O-])CCN(CC(=O)[O-])CC1,0,C1CNCCNCCNCCN1,0.21333333333333335,0,0.37682137739338223
COCCNC(=O)CN(CCN(CCN(CC(=O)[O-])CC(=O)NCCOC)CC(=O)[O-])CC(=O)[O-],0,,CC(=O)N(O)CCCCCNC(=O)CCC(=O)N(O)CCCCCNC(=O)CCC(=O)N(O)CCCCCN,0,,0.20719851576994436,0,0.0017134843304591823
NCCCNCCSP(=O)(O)O,0,,NCCCC(O)(P(=O)(O)O)P(=O)(O)O,0,,0.32778904665314407,0,0.00022286441081971906
NCCCNCCSP(=O)(O)O,0,,NCCC(O)(P(=O)(O)O)P(=O)(O)O,0,,0.3138528138528139,0,0.00022286441081971906
NCCCNCCSP(=O)(O)O,0,,NCCCCCC(=O)O,0,,0.2398481973434535,0,0.0007456496732226817
NCCCNCCSP(=O)(O)O,0,,CC(=O)N(O)CCCCCNC(=O)CCC(=O)N(O)CCCCCNC(=O)CCC(=O)N(O)CCCCCN,0,,0.20076518412242947,0,0.00012494715255305635
NCCC(O)(P(=O)(O)O)P(=O)(O)O,0,,NCCCC(O)(P(=O)(O)O)P(=O)(O)O,0,,0.7502392344497608,0,0.0011033396983301936
NCCC(O)(P(=O)(O)O)P(=O)(O)O,0,,CC(O)(P(=O)(O)O)P(=O)(O)O,0,,0.38352402745995423,0,0.003507581284337792
NCCC(O)(P(=O)(O)O)P(=O)(O)O,0,,NCCCNCCSP(=O)(O)O,0,,0.3138528138528139,0,2.9248080575390915e-05
NCCC(O)(P(=O)(O)O)P(=O)(O)O,0,,NCCCCCC(=O)O,0,,0.2247765006385696,0,0.004992073779035128
CC(C)(CO)C(O)C(=O)NCCCO,0,,CC(C)(CO)C(O)C(=O)NCCC(=O)O,0,,0.6533333333333333,0,0.04936375603790129
CC(C)(CO)C(O)C(=O)NCCCO,0,,CC(=O)N(O)CCCCCNC(=O)CCC(=O)N(O)CCCCCNC(=O)CCC(=O)N(O)CCCCCN,0,,0.2266190719020908,0,0.01819259345741524
CC(C)(CO)C(O)C(=O)NCCCO,0,,CC(O)C(=O)Nc1c(I)c(C(=O)NC(CO)CO)c(I)c(C(=O)NC(CO)CO)c1I,0,c1ccccc1,0.2092436974789916,0,0.04682418732632531
CC(C)(CO)C(O)C(=O)NCCCO,0,,COCCCOc1cc(CC(CC(N)C(O)CC(C(=O)NCC(C)(C)C(N)=O)C(C)C)C(C)C)ccc1OC,0,c1ccccc1,0.19649122807017544,0,0.05746078470852288
C[Si](C)(C)O[Si](C)(C)O[Si](C)(C)C,0,,CO[Si](C)(C)O[Si](C)(C)C,0,,0.677922077922078,0,0.033562915082239034
C[Si](C)(C)O[Si](C)(C)O[Si](C)(C)C,0,,CS(C)=O,0,,0.10787878787878788,0,0.04036458818838197
C[Si](C)(C)O[Si](C)(C)O[Si](C)(C)C,0,,CC(=O)OCC[N+](C)(C)C,0,,0.09735449735449736,0,0.05245093597244165
C[Si](C)(C)O[Si](C)(C)O[Si](C)(C)C,0,,CC(C[N+](C)(C)C)OC(N)=O,0,,0.08811594202898551,0,0.011594465579297327
[NH4+],0,,OCC(O)C(O)C(O)C(O)CO,0,,0.07272727272727274,0,0.004060107278213333
[NH4+],0,,CN(C)C(=N)N=C(N)N,0,,0.013333333333333334,0,0.005663228237789357
[NH4+],0,,CCC1(O)C(=O)OCc2c1cc1n(c2=O)Cc2cc3c(CN(C)C)c(O)ccc3nc2-1,0,O=C1Cc2cc3n(c(=O)c2CO1)Cc1cc2ccccc2nc1-3,0.012698412698412698,0,0.09106934724574273
[NH4+],0,,NC(N)=NCCCC(N)C(=O)O,0,,0.009090909090909092,0,0.012869228116219603
CC(C[N+](C)(C)C)OC(N)=O,0,,C[N+](C)(C)CC(O)CC(=O)[O-],0,,0.3305376344086022,0,0.06135597332068763
CC(C[N+](C)(C)C)OC(N)=O,0,,CC(=O)OCC[N+](C)(C)C,0,,0.32065217391304346,0,0.06225752867824227
CC(C[N+](C)(C)C)OC(N)=O,0,,C[N+](C)(C)CCOC(=O)CCC(=O)OCC[N+](C)(C)C,0,,0.30500000000000005,0,0.15886346090611253
CC(C[N+](C)(C)C)OC(N)=O,0,,CCCC(C)(COC(N)=O)COC(=O)NC(C)C,0,,0.28325581395348837,0,0.0022134127026594346
[Li+],0,,[C-]#N,0,,0.06666666666666667,0,0.18293493663169108
[Li+],0,,ClC1C(Cl)C(Cl)C(Cl)C(Cl)C1Cl,0,C1CCCCC1,0.04000000000000001,0,0.03256459633642535
[Li+],0,,OC1C(O)C(O)C(O)C(O)C1O,0,C1CCCCC1,0.04000000000000001,0,0.17195802437006552
[Li+],0,,CS(C)=O,0,,0.04000000000000001,0,0.08746038989452909
CS(=O)(=O)OCCCCOS(C)(=O)=O,1,,CC(=O)OCC[N+](C)(C)C,0,,0.19247648902821318,1,0.9425419610419096
CS(=O)(=O)OCCCCOS(C)(=O)=O,1,,C[N+](C)(C)CCOC(=O)CCC(=O)OCC[N+](C)(C)C,0,,0.1901049475262369,1,0.864629333980462
CS(=O)(=O)OCCCCOS(C)(=O)=O,1,,CCCCC(CC)COC(=O)CC(C(=O)OCC(CC)CCCC)S(=O)(=O)[O-],0,,0.17243401759530794,1,0.9629142776738806
CS(=O)(=O)OCCCCOS(C)(=O)=O,1,,CC(C[N+](C)(C)C)OC(N)=O,0,,0.14696969696969697,1,0.7765998835136586
CCCC(C)(COC(N)=O)COC(=O)NC(C)C,0,,CC(C[N+](C)(C)C)OC(N)=O,0,,0.28325581395348837,0,0.027400341161000298
CCCC(C)(COC(N)=O)COC(=O)NC(C)C,0,,CC(C)NCC(O)COc1ccc(CC(N)=O)cc1,0,c1ccccc1,0.19595202398800599,0,0.1654920070920781
CCCC(C)(COC(N)=O)COC(=O)NC(C)C,0,,CC(C)(CO)C(O)C(=O)NCCCO,0,,0.18689075630252103,0,0.05358166764368565
CCCC(C)(COC(N)=O)COC(=O)NC(C)C,0,,CCCCC(CC)COC(=O)CC(C(=O)OCC(CC)CCCC)S(=O)(=O)[O-],0,,0.17661886136462407,0,0.05994068558880716
OC(O)C(Cl)(Cl)Cl,0,,OCC(O)C(O)C(O)C(O)CO,0,,0.18733031674208148,0,0.0007308120007488224
OC(O)C(Cl)(Cl)Cl,0,,CNC(C)C(O)c1ccccc1,0,c1ccccc1,0.14460547504025767,0,0.0014882542506578448
OC(O)C(Cl)(Cl)Cl,0,,NC(CO)(CO)CO,0,,0.1369747899159664,0,0.000624678140615046
OC(O)C(Cl)(Cl)Cl,0,,O=C1OC(C(O)CO)C(O)=C1O,0,O=C1C=CCO1,0.1327536231884058,0,0.0037262991453193457
[Cl-],0,,ClC1C(Cl)C(Cl)C(Cl)C(Cl)C1Cl,0,C1CCCCC1,0.04000000000000001,0,0.03256459633642535
[Cl-],0,,CN(C)CCC(c1ccc(Cl)cc1)c1ccccn1,0,c1ccc(Cc2ccccn2)cc1,0.029308755760368663,0,0.13412233464482007
[Cl-],0,,CN(C)CCC(c1ccc(Br)cc1)c1ccccn1,0,c1ccc(Cc2ccccn2)cc1,0.029308755760368663,0,0.19944639919898005
[Cl-],0,,CC(C)(C(=O)c1cccnc1)c1cccnc1,0,O=C(Cc1cccnc1)c1cccnc1,0.027586206896551724,0,0.12144772032191997
C[N+](C)(C)CCOC(=O)CCC(=O)OCC[N+](C)(C)C,0,,CC(=O)OCC[N+](C)(C)C,0,,0.6691075514874142,0,0.0010996034776121614
C[N+](C)(C)CCOC(=O)CCC(=O)OCC[N+](C)(C)C,0,,CC(C[N+](C)(C)C)OC(N)=O,0,,0.30500000000000005,0,0.000244415662617592
C[N+](C)(C)CCOC(=O)CCC(=O)OCC[N+](C)(C)C,0,,C[N+](C)(C)CC(=O)[O-],0,,0.2861538461538462,0,0.0012737236095536272
C[N+](C)(C)CCOC(=O)CCC(=O)OCC[N+](C)(C)C,0,,C[N+](C)(C)CC(O)CC(=O)[O-],0,,0.25472747497219134,0,0.001134555615295984
CC(=O)N(O)CCCCCNC(=O)CCC(=O)N(O)CCCCCNC(=O)CCC(=O)N(O)CCCCCN,0,,NCCCCCC(=O)O,0,,0.2882003955174687,0,0.1021051935880228
CC(=O)N(O)CCCCCNC(=O)CCC(=O)N(O)CCCCCNC(=O)CCC(=O)N(O)CCCCCN,0,,CC(C)(CO)C(O)C(=O)NCCCO,0,,0.2266190719020908,0,0.06663436074085759
CC(=O)N(O)CCCCCNC(=O)CCC(=O)N(O)CCCCCNC(=O)CCC(=O)N(O)CCCCCN,0,,COCCNC(=O)CN(CCN(CCN(CC(=O)[O-])CC(=O)NCCOC)CC(=O)[O-])CC(=O)[O-],0,,0.20719851576994436,0,0.013940467164162139
CC(=O)N(O)CCCCCNC(=O)CCC(=O)N(O)CCCCCNC(=O)CCC(=O)N(O)CCCCCN,0,,NCCCC(O)(P(=O)(O)O)P(=O)(O)O,0,,0.20190476190476192,0,0.02239476308052892
CC(C)CC(CN)CC(=O)O,0,,NCCCCCC(=O)O,0,,0.3104516129032258,0,0.05849924336145426
CC(C)CC(CN)CC(=O)O,0,,NCC1(CC(=O)O)CCCCC1,0,C1CCCCC1,0.2777777777777778,0,0.05849924336145426
CC(C)CC(CN)CC(=O)O,0,,NCC1CCC(C(=O)O)CC1,0,C1CCCCC1,0.26,0,0.05849924336145426
CC(C)CC(CN)CC(=O)O,0,,CSCCC(N)C(=O)O,0,,0.25182266009852217,0,0.07775240033901654
OCC(S)CS,1,,OCC(O)C(O)C(O)C(O)CO,0,,0.343859649122807,1,0.8216849025026852
OCC(S)CS,1,,NC(CO)(CO)CO,0,,0.18666666666666665,1,0.9050997573142057
OCC(S)CS,1,,O=C1OC(C(O)CO)C(O)=C1O,0,O=C1C=CCO1,0.18437001594896332,1,0.9592939792184115
OCC(S)CS,1,,COc1ccccc1OCC(O)CO,0,c1ccccc1,0.17142857142857143,1,0.9191054879580897
CCCCCCCCC=CCCCCCCCC(=O)O,0,,NCCCCCC(=O)O,0,,0.45590062111801244,0,0.4929614986452536
CCCCCCCCC=CCCCCCCCC(=O)O,0,,O=C(O)CCCCC1SCC2NC(=O)NC21,0,O=C1NC2CSCC2N1,0.27009222661396576,0,0.05953794942307174
CCCCCCCCC=CCCCCCCCC(=O)O,0,,CC(C)(CO)C(O)C(=O)NCCC(=O)O,0,,0.23025210084033615,0,0.35083201362334404
CCCCCCCCC=CCCCCCCCC(=O)O,0,,COc1cc(CNC(=O)CCCCC=CC(C)C)ccc1O,0,c1ccccc1,0.23,1,0.631012172173004
CO[Si](C)(C)O[Si](C)(C)C,0,,C[Si](C)(C)O[Si](C)(C)O[Si](C)(C)C,0,,0.677922077922078,0,0.023629960068742736
CO[Si](C)(C)O[Si](C)(C)C,0,,COc1ccccc1OCC(O)CO,0,c1ccccc1,0.11031746031746031,0,0.1326991339233781
CO[Si](C)(C)O[Si](C)(C)C,0,,CS(C)=O,0,,0.09059829059829061,0,0.027841701868942918
CO[Si](C)(C)O[Si](C)(C)C,0,,COc1ccc(OC)c(C(O)C(C)N)c1,0,c1ccccc1,0.08820512820512821,0,0.06985164802737233
CCN(CC)C(=S)SSC(=S)N(CC)CC,1,,CCN(CC)CC(=O)Nc1c(C)cccc1C,0,c1ccccc1,0.14807692307692308,1,0.8901789227681806
CCN(CC)C(=S)SSC(=S)N(CC)CC,1,,CC[N+](C)(C)c1cccc(O)c1,0,c1ccccc1,0.14285714285714285,1,0.7511549698498659
CCN(CC)C(=S)SSC(=S)N(CC)CC,1,,CCN(CC)CCOc1cccc(OCCN(CC)CC)c1OCCN(CC)CC,0,c1ccccc1,0.13569431500465984,1,0.9179776355088842
CCN(CC)C(=S)SSC(=S)N(CC)CC,1,,CCN(CC)CCOCCOC(=O)C1(c2ccccc2)CCCC1,0,c1ccc(C2CCCC2)cc1,0.1330526315789474,1,0.9247689202799423
CC(O)(P(=O)(O)O)P(=O)(O)O,0,,NCCC(O)(P(=O)(O)O)P(=O)(O)O,0,,0.38352402745995423,0,0.010026787219259302
CC(O)(P(=O)(O)O)P(=O)(O)O,0,,NCCCC(O)(P(=O)(O)O)P(=O)(O)O,0,,0.356,0,0.010026787219259302
CC(O)(P(=O)(O)O)P(=O)(O)O,0,,CC(C)(CO)C(O)C(=O)NCCCO,0,,0.16613756613756614,0,0.019388683631320826
CC(O)(P(=O)(O)O)P(=O)(O)O,0,,NCCCNCCSP(=O)(O)O,0,,0.15692640692640694,0,0.0002681286876831335
[C-]#N,0,,CS(C)=O,0,,0.06666666666666667,0,0.08746038989452909
[C-]#N,0,,[Li+],0,,0.06666666666666667,0,0.18293493663169108
[C-]#N,0,,CC(N=C(NC#N)Nc1ccncc1)C(C)(C)C,0,c1ccncc1,0.04174228675136116,0,0.15939602913158765
[C-]#N,0,,C[Si](C)(C)O[Si](C)(C)O[Si](C)(C)C,0,,0.04000000000000001,0,0.04550592884337099
CCCC(CCC)C(=O)O,1,,CSCCC(N)C(=O)O,0,,0.3211428571428572,0,0.4360048459455158
CCCC(CCC)C(=O)O,1,,CCCCCCCCC=CCCCCCCCC(=O)O,0,,0.2973607038123167,0,0.3390414258661594
CCCC(CCC)C(=O)O,1,,NC(N)=NCCCC(N)C(=O)O,0,,0.2571428571428572,0,0.4784585468452854
CCCC(CCC)C(=O)O,1,,CC(C)CC(CN)CC(=O)O,0,,0.2526451612903226,0,0.3629531767595375
CCCCC(CC)COC(=O)CC(C(=O)OCC(CC)CCCC)S(=O)(=O)[O-],0,,C[N+](C)(C)CCOC(=O)CCC(=O)OCC[N+](C)(C)C,0,,0.1891113892365457,0,0.00013187207580333277
CCCCC(CC)COC(=O)CC(C(=O)OCC(CC)CCCC)S(=O)(=O)[O-],0,,CCCCCCCCC=CCCCCCCCC(=O)O,0,,0.18844444444444444,0,0.006649757527721662
CCCCC(CC)COC(=O)CC(C(=O)OCC(CC)CCCC)S(=O)(=O)[O-],0,,CCN(CC)CCOC(=O)C1(C2CCCCC2)CCCCC1,0,C1CCC(C2CCCCC2)CC1,0.17928692699490664,0,0.005753187819745105
CCCCC(CC)COC(=O)CC(C(=O)OCC(CC)CCCC)S(=O)(=O)[O-],0,,CCCC(C)(COC(N)=O)COC(=O)NC(C)C,0,,0.17661886136462407,0,0.0022191602571198237
CSCCC(N)C(=O)O,0,,NC(N)=NCCCC(N)C(=O)O,0,,0.4287037037037037,0,0.09366823273525805
CSCCC(N)C(=O)O,0,,NC(Cc1ccc(O)c(O)c1)C(=O)O,0,c1ccccc1,0.3045045045045045,0,0.13335359395494337
CSCCC(N)C(=O)O,0,,CC(C)CC(CN)CC(=O)O,0,,0.25182266009852217,0,0.0603131533307215
CSCCC(N)C(=O)O,0,,NC(C(=O)O)C1CC(Cl)=NO1,0,C1=NOCC1,0.23351691581431946,0,0.0013303085771053135
NC(N)=NCCCC(N)C(=O)O,0,,CSCCC(N)C(=O)O,0,,0.4287037037037037,0,0.010978508031520801
NC(N)=NCCCC(N)C(=O)O,0,,NC(Cc1ccc(O)c(O)c1)C(=O)O,0,c1ccccc1,0.28111111111111114,0,0.019235328569882016
NC(N)=NCCCC(N)C(=O)O,0,,NCCCCCC(=O)O,0,,0.23137254901960785,0,0.008114512519194685
NC(N)=NCCCC(N)C(=O)O,0,,NC(C(=O)O)C1CC(Cl)=NO1,0,C1=NOCC1,0.21604278074866312,0,0.00016975743394539162
NC(CO)(CO)CO,0,,OCC(O)C(O)C(O)C(O)CO,0,,0.19487179487179487,0,0.02291166623215673
NC(CO)(CO)CO,0,,NCCC(O)(P(=O)(O)O)P(=O)(O)O,0,,0.18095238095238095,0,0.002747898379061195
NC(CO)(CO)CO,0,,CC(C)(N)Cc1ccccc1,0,c1ccccc1,0.17010526315789473,0,0.010605774096183618
NC(CO)(CO)CO,0,,NCCCC(O)(P(=O)(O)O)P(=O)(O)O,0,,0.16853146853146855,0,0.002747898379061195
COc1ccc(CN(CCN(C)C)c2ccccn2)cc1,0,c1ccc(CNc2ccccn2)cc1,CN(C)CCOC(C)(c1ccccc1)c1ccccn1,0,c1ccc(Cc2ccccn2)cc1,0.35806174957118353,0,0.12107688444862989
COc1ccc(CN(CCN(C)C)c2ccccn2)cc1,0,c1ccc(CNc2ccccn2)cc1,CN(C)CCOC(c1ccc(Cl)cc1)c1ccccn1,0,c1ccc(Cc2ccccn2)cc1,0.3317982456140351,0,0.07654863668064024
COc1ccc(CN(CCN(C)C)c2ccccn2)cc1,0,c1ccc(CNc2ccccn2)cc1,CN(C)CCC(c1ccc(Cl)cc1)c1ccccn1,0,c1ccc(Cc2ccccn2)cc1,0.31393939393939396,0,0.06603249988916322
COc1ccc(CN(CCN(C)C)c2ccccn2)cc1,0,c1ccc(CNc2ccccn2)cc1,CN(C)CCC(c1ccc(Br)cc1)c1ccccn1,0,c1ccc(Cc2ccccn2)cc1,0.31393939393939396,0,0.10210409996533583
Cc1c2oc3c(C)ccc(C(=O)NC4C(=O)NC(C(C)C)C(=O)N5CCCC5C(=O)N(C)CC(=O)N(C)C(C(C)C)C(=O)OC4C)c3nc-2c(C(=O)NC2C(=O)NC(C(C)C)C(=O)N3CCCC3C(=O)N(C)CC(=O)N(C)C(C(C)C)C(=O)OC2C)c(N)c1=O,1,O=C1CNC(=O)C2CCCN2C(=O)CNC(=O)C(NC(=O)c2cc(=O)cc3oc4cccc(C(=O)NC5COC(=O)CNC(=O)CNC(=O)C6CCCN6C(=O)CNC5=O)c4nc2-3)COC(=O)CN1,Cc1c(-c2ccccc2)oc2c(C(=O)OCCN3CCCCC3)cccc2c1=O,0,O=C(OCCN1CCCCC1)c1cccc2c(=O)cc(-c3ccccc3)oc12,0.2015354289864094,1,0.9745372310078604
Cc1c2oc3c(C)ccc(C(=O)NC4C(=O)NC(C(C)C)C(=O)N5CCCC5C(=O)N(C)CC(=O)N(C)C(C(C)C)C(=O)OC4C)c3nc-2c(C(=O)NC2C(=O)NC(C(C)C)C(=O)N3CCCC3C(=O)N(C)CC(=O)N(C)C(C(C)C)C(=O)OC2C)c(N)c1=O,1,O=C1CNC(=O)C2CCCN2C(=O)CNC(=O)C(NC(=O)c2cc(=O)cc3oc4cccc(C(=O)NC5COC(=O)CNC(=O)CNC(=O)C6CCCN6C(=O)CNC5=O)c4nc2-3)COC(=O)CN1,CCC(C)C1NC(=O)C(Cc2ccc(O)cc2)NC(=O)C(N)CSSCC(C(=O)N2CCCC2C(=O)NC(CC(C)C)C(=O)NCC(N)=O)NC(=O)C(CC(N)=O)NC(=O)C(CCC(N)=O)NC1=O,0,O=C1CNC(=O)CNC(=O)C(Cc2ccccc2)NC(=O)CCSSCC(C(=O)N2CCCC2)NC(=O)CN1,0.18757961783439492,1,0.9728938129638407
Cc1c2oc3c(C)ccc(C(=O)NC4C(=O)NC(C(C)C)C(=O)N5CCCC5C(=O)N(C)CC(=O)N(C)C(C(C)C)C(=O)OC4C)c3nc-2c(C(=O)NC2C(=O)NC(C(C)C)C(=O)N3CCCC3C(=O)N(C)CC(=O)N(C)C(C(C)C)C(=O)OC2C)c(N)c1=O,1,O=C1CNC(=O)C2CCCN2C(=O)CNC(=O)C(NC(=O)c2cc(=O)cc3oc4cccc(C(=O)NC5COC(=O)CNC(=O)CNC(=O)C6CCCN6C(=O)CNC5=O)c4nc2-3)COC(=O)CN1,CC(C)CC1NC(=O)C(Cc2ccccc2)NC(=O)C(CCN)NC(=O)C(NC(=O)C(CCN)NC(=O)C(NC(=O)C(CCN)NC(=O)O)C(C)O)CCNC(=O)C(C(C)O)NC(=O)C(CCN)NC(=O)C(CCN)NC1=O,0,O=C1CCCNC(=O)CNC(=O)CNC(=O)CNC(=O)CNC(=O)C(Cc2ccccc2)NC(=O)CN1,0.1827055355388143,1,0.9276752854815229
Cc1c2oc3c(C)ccc(C(=O)NC4C(=O)NC(C(C)C)C(=O)N5CCCC5C(=O)N(C)CC(=O)N(C)C(C(C)C)C(=O)OC4C)c3nc-2c(C(=O)NC2C(=O)NC(C(C)C)C(=O)N3CCCC3C(=O)N(C)CC(=O)N(C)C(C(C)C)C(=O)OC2C)c(N)c1=O,1,O=C1CNC(=O)C2CCCN2C(=O)CNC(=O)C(NC(=O)c2cc(=O)cc3oc4cccc(C(=O)NC5COC(=O)CNC(=O)CNC(=O)C6CCCN6C(=O)CNC5=O)c4nc2-3)COC(=O)CN1,CN1CCC23c4c5ccc(O)c4OC2C(=O)CCC3C1C5,0,O=C1CCC2C3Cc4cccc5c4C2(CCN3)C1O5,0.1635001970831691,1,0.7845707487029756
OCC1OC(OC2C(CO)OC(O)C(O)C2O)C(O)C(O)C1O,0,C1CCC(OC2CCCOC2)OC1,OCC1OC(OC2C(CO)OC(O)(CO)C2O)C(O)C(O)C1O,0,C1CCC(OC2CCOC2)OC1,0.5733333333333334,0,0.23677861867939326
OCC1OC(OC2C(CO)OC(O)C(O)C2O)C(O)C(O)C1O,0,C1CCC(OC2CCCOC2)OC1,NCC1OC(OC2C(N)CC(N)C(OC3OC(CO)C(O)C(N)C3O)C2O)C(O)C(O)C1O,0,C1CCC(OC2CCCC(OC3CCCCO3)C2)OC1,0.48000000000000004,0,0.06032290422339583
OCC1OC(OC2C(CO)OC(O)C(O)C2O)C(O)C(O)C1O,0,C1CCC(OC2CCCOC2)OC1,NCCC(O)C(=O)NC1CC(N)C(OC2OC(CN)C(O)C(O)C2O)C(O)C1OC1OC(CO)C(O)C(N)C1O,0,C1CCC(OC2CCCC(OC3CCCCO3)C2)OC1,0.346031746031746,0,0.06007448173219455
OCC1OC(OC2C(CO)OC(O)C(O)C2O)C(O)C(O)C1O,0,C1CCC(OC2CCCOC2)OC1,CNC1C(OC2C(OC3C(O)C(O)C(N=C(N)N)C(O)C3N=C(N)N)OC(C)C2(O)C=O)OC(CO)C(O)C1O,0,C1CCC(OC2OCCC2OC2CCCCO2)CC1,0.2983804382343601,0,0.22164246594392117
Cn1cnc([N+](=O)[O-])c1Sc1ncnc2nc[nH]c12,1,c1nc(Sc2cnc[nH]2)c2[nH]cnc2n1,Cn1nnc2c(C(N)=O)ncn2c1=O,0,O=c1[nH]nnc2cncn12,0.13986013986013987,1,0.999827930775629
Cn1cnc([N+](=O)[O-])c1Sc1ncnc2nc[nH]c12,1,c1nc(Sc2cnc[nH]2)c2[nH]cnc2n1,CCC1C(=O)OCC1Cc1cncn1C,0,O=C1CC(Cc2cnc[nH]2)CO1,0.13649068322981367,1,0.999861758158647
Cn1cnc([N+](=O)[O-])c1Sc1ncnc2nc[nH]c12,1,c1nc(Sc2cnc[nH]2)c2[nH]cnc2n1,O=C(NC(CO)C(O)c1ccc([N+](=O)[O-])cc1)C(Cl)Cl,0,c1ccccc1,0.11476190476190476,1,0.9995120410505933
Cn1cnc([N+](=O)[O-])c1Sc1ncnc2nc[nH]c12,1,c1nc(Sc2cnc[nH]2)c2[nH]cnc2n1,CN1CCCN=C1C=Cc1cccs1,0,C(=Cc1cccs1)C1=NCCCN1,0.10358208955223881,1,0.9998359873850117
CCC(C)C(=O)OC1CC(C)C=C2C=CC(C)C(CCC3CC(O)CC(=O)O3)C21,0,O=C1CCCC(CCC2CC=CC3=CCCCC32)O1,CCC(C)(C)C(=O)OC1CC(C)C=C2C=CC(C)C(CCC3CC(O)CC(=O)O3)C21,0,O=C1CCCC(CCC2CC=CC3=CCCCC32)O1,0.7570972886762362,0,0.04361743628268611
CCC(C)C(=O)OC1CC(C)C=C2C=CC(C)C(CCC3CC(O)CC(=O)O3)C21,0,O=C1CCCC(CCC2CC=CC3=CCCCC32)O1,CC1C=CC=CCCC=CC=CC=CC=CC(OC2OC(C)C(O)C(N)C2O)CC(O)C(C(=O)O)C(O)CC(=O)CC(O)C(O)CCC(O)CC(O)CC(O)CC(=O)OC(C)C(C)C1O,0,O=C1CCCCCCCCCCCC(=O)OCCCCC=CC=CCCC=CC=CC=CC=CC(OC2CCCCO2)CCCCC1,0.23366013071895425,0,0.062407916009591266
CCC(C)C(=O)OC1CC(C)C=C2C=CC(C)C(CCC3CC(O)CC(=O)O3)C21,0,O=C1CCCC(CCC2CC=CC3=CCCCC32)O1,CN1C2CC(OC(=O)C(CO)c3ccccc3)CC1C1OC12,0,O=C(Cc1ccccc1)OC1CC2NC(C1)C1OC21,0.18359788359788362,0,0.028652447321957205
CCC(C)C(=O)OC1CC(C)C=C2C=CC(C)C(CCC3CC(O)CC(=O)O3)C21,0,O=C1CCCC(CCC2CC=CC3=CCCCC32)O1,CCCCC(CC)COC(=O)CC(C(=O)OCC(CC)CCCC)S(=O)(=O)[O-],0,,0.17329302091206855,0,0.03932418177950537
CCC(C)(C)C(=O)OC1CC(C)C=C2C=CC(C)C(CCC3CC(O)CC(=O)O3)C21,0,O=C1CCCC(CCC2CC=CC3=CCCCC32)O1,CCC(C)C(=O)OC1CC(C)C=C2C=CC(C)C(CCC3CC(O)CC(=O)O3)C21,0,O=C1CCCC(CCC2CC=CC3=CCCCC32)O1,0.7570972886762362,0,0.04361743628268611
CCC(C)(C)C(=O)OC1CC(C)C=C2C=CC(C)C(CCC3CC(O)CC(=O)O3)C21,0,O=C1CCCC(CCC2CC=CC3=CCCCC32)O1,CC1C=CC=CCCC=CC=CC=CC=CC(OC2OC(C)C(O)C(N)C2O)CC(O)C(C(=O)O)C(O)CC(=O)CC(O)C(O)CCC(O)CC(O)CC(O)CC(=O)OC(C)C(C)C1O,0,O=C1CCCCCCCCCCCC(=O)OCCCCC=CC=CCCC=CC=CC=CC=CC(OC2CCCCO2)CCCCC1,0.24375170905113483,0,0.062407916009591266
CCC(C)(C)C(=O)OC1CC(C)C=C2C=CC(C)C(CCC3CC(O)CC(=O)O3)C21,0,O=C1CCCC(CCC2CC=CC3=CCCCC32)O1,CC1OC(OC2C(O)CC(OC3C(O)CC(OC4CCC5(C)C(CCC6C5CC(O)C5(C)C(C7=CC(=O)OC7)CCC65O)C4)OC3C)OC2C)CC(O)C1O,0,O=C1C=C(C2CCC3C2CCC2C4CCC(OC5CCC(OC6CCC(OC7CCCCO7)CO6)CO5)CC4CCC23)CO1,0.16319598286811401,0,0.20516216254888692
CCC(C)(C)C(=O)OC1CC(C)C=C2C=CC(C)C(CCC3CC(O)CC(=O)O3)C21,0,O=C1CCCC(CCC2CC=CC3=CCCCC32)O1,CN1C2CC(OC(=O)C(CO)c3ccccc3)CC1C1OC12,0,O=C(Cc1ccccc1)OC1CC2NC(C1)C1OC21,0.16235294117647062,0,0.028652447321957205
COc1ccc2c3c1OC1C(=O)CCC4(O)C(C2)N(C)CCC314,0,O=C1CCC2C3Cc4cccc5c4C2(CCN3)C1O5,CN1CCC23c4c5ccc(O)c4OC2C(=O)CCC3(O)C1C5,0,O=C1CCC2C3Cc4cccc5c4C2(CCN3)C1O5,0.7742857142857144,0,0.0051168705983380474
COc1ccc2c3c1OC1C(=O)CCC4(O)C(C2)N(C)CCC314,0,O=C1CCC2C3Cc4cccc5c4C2(CCN3)C1O5,COc1ccc2c3c1OC1C(=O)CCC4C(C2)N(C)CCC314,0,O=C1CCC2C3Cc4cccc5c4C2(CCN3)C1O5,0.5897435897435899,0,0.005517147521685186
COc1ccc2c3c1OC1C(=O)CCC4(O)C(C2)N(C)CCC314,0,O=C1CCC2C3Cc4cccc5c4C2(CCN3)C1O5,COc1ccc2c3c1OC1C(O)C=CC4C(C2)N(C)CCC341,0,C1=CC2C3Cc4cccc5c4C2(CCN3)C(C1)O5,0.46685714285714286,0,0.05044948244712531
COc1ccc2c3c1OC1C(=O)CCC4(O)C(C2)N(C)CCC314,0,O=C1CCC2C3Cc4cccc5c4C2(CCN3)C1O5,C=C1CCC2(O)C3Cc4ccc(O)c5c4C2(CCN3CC2CC2)C1O5,0,C=C1CCC2C3Cc4cccc5c4C2(CCN3CC2CC2)C1O5,0.46101010101010104,0,0.005508611648351958
CN1CCC23c4c5ccc(O)c4OC2C(=O)CCC3(O)C1C5,0,O=C1CCC2C3Cc4cccc5c4C2(CCN3)C1O5,COc1ccc2c3c1OC1C(=O)CCC4(O)C(C2)N(C)CCC314,0,O=C1CCC2C3Cc4cccc5c4C2(CCN3)C1O5,0.7742857142857144,0,0.0019322954200510338
CN1CCC23c4c5ccc(O)c4OC2C(=O)CCC3(O)C1C5,0,O=C1CCC2C3Cc4cccc5c4C2(CCN3)C1O5,CN1CCC23c4c5ccc(O)c4OC2C(=O)CCC3C1C5,0,O=C1CCC2C3Cc4cccc5c4C2(CCN3)C1O5,0.5908835904628331,0,0.004321421080053561
CN1CCC23c4c5ccc(O)c4OC2C(=O)CCC3(O)C1C5,0,O=C1CCC2C3Cc4cccc5c4C2(CCN3)C1O5,C=C1CCC2(O)C3Cc4ccc(O)c5c4C2(CCN3CC2CC2)C1O5,0,C=C1CCC2C3Cc4cccc5c4C2(CCN3CC2CC2)C1O5,0.5764102564102564,0,0.0033493126599149757
CN1CCC23c4c5ccc(O)c4OC2C(=O)CCC3(O)C1C5,0,O=C1CCC2C3Cc4cccc5c4C2(CCN3)C1O5,CN1CCC23c4c5ccc(O)c4OC2C(O)C=CC3C1C5,0,C1=CC2C3Cc4cccc5c4C2(CCN3)C(C1)O5,0.44395668715247294,0,0.03990638134758583
COc1ccc2c3c1OC1C(=O)CCC4C(C2)N(C)CCC314,0,O=C1CCC2C3Cc4cccc5c4C2(CCN3)C1O5,CN1CCC23c4c5ccc(O)c4OC2C(=O)CCC3C1C5,0,O=C1CCC2C3Cc4cccc5c4C2(CCN3)C1O5,0.7545454545454546,0,0.028440022702631844
COc1ccc2c3c1OC1C(=O)CCC4C(C2)N(C)CCC314,0,O=C1CCC2C3Cc4cccc5c4C2(CCN3)C1O5,COc1ccc2c3c1OC1C(=O)CCC4(O)C(C2)N(C)CCC314,0,O=C1CCC2C3Cc4cccc5c4C2(CCN3)C1O5,0.5897435897435899,0,0.03161874744077816
COc1ccc2c3c1OC1C(=O)CCC4C(C2)N(C)CCC314,0,O=C1CCC2C3Cc4cccc5c4C2(CCN3)C1O5,COc1ccc2c3c1OC1C(O)C=CC4C(C2)N(C)CCC341,0,C1=CC2C3Cc4cccc5c4C2(CCN3)C(C1)O5,0.5736702127659574,0,0.17857850914965823
COc1ccc2c3c1OC1C(=O)CCC4C(C2)N(C)CCC314,0,O=C1CCC2C3Cc4cccc5c4C2(CCN3)C1O5,CN1CCC23c4c5ccc(O)c4OC2C(=O)CCC3(O)C1C5,0,O=C1CCC2C3Cc4cccc5c4C2(CCN3)C1O5,0.43600000000000005,0,0.040402293888932024
CN1CCC23c4c5ccc(O)c4OC2C(=O)CCC3C1C5,0,O=C1CCC2C3Cc4cccc5c4C2(CCN3)C1O5,COc1ccc2c3c1OC1C(=O)CCC4C(C2)N(C)CCC314,0,O=C1CCC2C3Cc4cccc5c4C2(CCN3)C1O5,0.7545454545454546,0,0.010898887428826241
CN1CCC23c4c5ccc(O)c4OC2C(=O)CCC3C1C5,0,O=C1CCC2C3Cc4cccc5c4C2(CCN3)C1O5,CN1CCC23c4c5ccc(O)c4OC2C(=O)CCC3(O)C1C5,0,O=C1CCC2C3Cc4cccc5c4C2(CCN3)C1O5,0.5908835904628331,0,0.024907728748642784
CN1CCC23c4c5ccc(O)c4OC2C(=O)CCC3C1C5,0,O=C1CCC2C3Cc4cccc5c4C2(CCN3)C1O5,CN1CCC23c4c5ccc(O)c4OC2C(O)C=CC3C1C5,0,C1=CC2C3Cc4cccc5c4C2(CCN3)C(C1)O5,0.5702868852459018,0,0.14535758510865887
CN1CCC23c4c5ccc(O)c4OC2C(=O)CCC3C1C5,0,O=C1CCC2C3Cc4cccc5c4C2(CCN3)C1O5,COc1ccc2c3c1OC1C(=O)CCC4(O)C(C2)N(C)CCC314,0,O=C1CCC2C3Cc4cccc5c4C2(CCN3)C1O5,0.45142857142857146,0,0.015601590670734976
Cn1nnc2c(C(N)=O)ncn2c1=O,0,O=c1[nH]nnc2cncn12,NC(=O)c1ccccc1O,0,c1ccccc1,0.1909424724602203,0,0.14556718417044892
Cn1nnc2c(C(N)=O)ncn2c1=O,0,O=c1[nH]nnc2cncn12,CCC1C(=O)OCC1Cc1cncn1C,0,O=C1CC(Cc2cnc[nH]2)CO1,0.15876859218263578,0,0.26622135417250203
Cn1nnc2c(C(N)=O)ncn2c1=O,0,O=c1[nH]nnc2cncn12,CC(C)(C(=O)c1cccnc1)c1cccnc1,0,O=C(Cc1cccnc1)c1cccnc1,0.1540880503144654,0,0.06032342848119083
Cn1nnc2c(C(N)=O)ncn2c1=O,0,O=c1[nH]nnc2cncn12,CC(C)NCC(O)COc1ccc(CC(N)=O)cc1,0,c1ccccc1,0.15076923076923077,0,0.1577839438507648
O=C1CN(N=Cc2ccc([N+](=O)[O-])o2)C(=O)N1,1,O=C1CN(N=Cc2ccco2)C(=O)N1,O=C(NC(CO)C(O)c1ccc([N+](=O)[O-])cc1)C(Cl)Cl,0,c1ccccc1,0.1560522496371553,1,0.9996994766153395
O=C1CN(N=Cc2ccc([N+](=O)[O-])o2)C(=O)N1,1,O=C1CN(N=Cc2ccco2)C(=O)N1,CC1(C)SC2C(NC(=O)Cc3ccccc3)C(=O)N2C1C(=O)O,0,O=C(Cc1ccccc1)NC1C(=O)N2CCSC12,0.13,1,0.9999569494820514
O=C1CN(N=Cc2ccc([N+](=O)[O-])o2)C(=O)N1,1,O=C1CN(N=Cc2ccco2)C(=O)N1,CN1CCC23c4c5ccc(O)c4OC2C(=O)CCC3C1C5,0,O=C1CCC2C3Cc4cccc5c4C2(CCN3)C1O5,0.12647527910685805,1,0.9995959430457567
O=C1CN(N=Cc2ccc([N+](=O)[O-])o2)C(=O)N1,1,O=C1CN(N=Cc2ccco2)C(=O)N1,CN1CCC23c4c5ccc(O)c4OC2C(=O)CCC3(O)C1C5,0,O=C1CCC2C3Cc4cccc5c4C2(CCN3)C1O5,0.12615868028279653,1,0.9997190431880482
CN(C)CCCC1c2ccccc2Nc2ccc(Cl)cc21,1,c1ccc2c(c1)Cc1ccccc1N2,CN(C)CCC(c1ccc(Cl)cc1)c1ccccn1,0,c1ccc(Cc2ccccn2)cc1,0.33333333333333337,1,0.9314610700673873
CN(C)CCCC1c2ccccc2Nc2ccc(Cl)cc21,1,c1ccc2c(c1)Cc1ccccc1N2,CN(C)CCOC(c1ccc(Cl)cc1)c1ccccn1,0,c1ccc(Cc2ccccn2)cc1,0.28,1,0.9409472111924669
CN(C)CCCC1c2ccccc2Nc2ccc(Cl)cc21,1,c1ccc2c(c1)Cc1ccccc1N2,CN(C)CCOC(c1ccccc1)c1ccccc1,0,c1ccc(Cc2ccccc2)cc1,0.26441025641025645,1,0.8938842036718591
CN(C)CCCC1c2ccccc2Nc2ccc(Cl)cc21,1,c1ccc2c(c1)Cc1ccccc1N2,CN(C)CCC(c1ccc(Br)cc1)c1ccccn1,0,c1ccc(Cc2ccccn2)cc1,0.2638095238095238,1,0.9379098088758678
Cn1cc[nH]c1=S,1,S=c1[nH]cc[nH]1,CCC1C(=O)OCC1Cc1cncn1C,0,O=C1CC(Cc2cnc[nH]2)CO1,0.135,1,0.9588555759334558
Cn1cc[nH]c1=S,1,S=c1[nH]cc[nH]1,CNCCCN1c2ccccc2CCc2ccccc21,0,c1ccc2c(c1)CCc1ccccc1N2,0.1324577861163227,1,0.9502410462897193
Cn1cc[nH]c1=S,1,S=c1[nH]cc[nH]1,CN1CCN(C(c2ccccc2)c2ccccc2)CC1,0,c1ccc(C(c2ccccc2)N2CCNCC2)cc1,0.12401433691756274,1,0.9049008787599776
Cn1cc[nH]c1=S,1,S=c1[nH]cc[nH]1,Cn1nnc2c(C(N)=O)ncn2c1=O,0,O=c1[nH]nnc2cncn12,0.11965811965811966,1,0.9492964873221954
Cc1cc(C2CCCCC2)n(O)c(=O)c1,0,O=c1cccc(C2CCCCC2)[nH]1,N=c1nc(N2CCCCC2)cc(N)n1O,0,N=c1nc(N2CCCCC2)cc[nH]1,0.2108843537414966,0,0.12515033758914118
Cc1cc(C2CCCCC2)n(O)c(=O)c1,0,O=c1cccc(C2CCCCC2)[nH]1,CC(C)(C)NCC(O)COc1ccccc1C1CCCC1,0,c1ccc(C2CCCC2)cc1,0.20626959247648902,0,0.07509689214195489
Cc1cc(C2CCCCC2)n(O)c(=O)c1,0,O=c1cccc(C2CCCCC2)[nH]1,CCCCN1CCCCC1C(=O)Nc1c(C)cccc1C,0,O=C(Nc1ccccc1)C1CCCCN1,0.2002998500749625,0,0.05626025858887716
Cc1cc(C2CCCCC2)n(O)c(=O)c1,0,O=c1cccc(C2CCCCC2)[nH]1,OC(CCN1CCCC1)(c1ccccc1)C1CCCCC1,0,c1ccc(C(CCN2CCCC2)C2CCCCC2)cc1,0.18594339622641512,0,0.07164059558929102
CC(C)(C)NCC(O)COc1cccc2c1CC(O)C(O)C2,0,c1ccc2c(c1)CCCC2,CC(C)(C)NCC(O)COc1ccccc1C1CCCC1,0,c1ccc(C2CCCC2)cc1,0.5782763895971443,0,0.0025785328360568727
CC(C)(C)NCC(O)COc1cccc2c1CC(O)C(O)C2,0,c1ccc2c(c1)CCCC2,COc1ccccc1OCC(O)CO,0,c1ccccc1,0.33721413721413723,0,0.06678381319108977
CC(C)(C)NCC(O)COc1cccc2c1CC(O)C(O)C2,0,c1ccc2c(c1)CCCC2,CC(C)NCC(O)COc1ccc(CC(N)=O)cc1,0,c1ccccc1,0.3104916763453349,0,0.00401279475107762
CC(C)(C)NCC(O)COc1cccc2c1CC(O)C(O)C2,0,c1ccc2c(c1)CCCC2,COC(=O)CCc1ccc(OCC(O)CNC(C)C)cc1,0,c1ccccc1,0.29692307692307696,0,0.004015838619513184
CCC1(O)C(=O)OCc2c1cc1n(c2=O)Cc2cc3c(CN(C)C)c(O)ccc3nc2-1,0,O=C1Cc2cc3n(c(=O)c2CO1)Cc1cc2ccccc2nc1-3,CN1CCC23c4c5ccc(O)c4OC2C(=O)CCC3(O)C1C5,0,O=C1CCC2C3Cc4cccc5c4C2(CCN3)C1O5,0.19586435070306038,0,0.11170094903013114
CCC1(O)C(=O)OCc2c1cc1n(c2=O)Cc2cc3c(CN(C)C)c(O)ccc3nc2-1,0,O=C1Cc2cc3n(c(=O)c2CO1)Cc1cc2ccccc2nc1-3,CN(C)CCCC1(c2ccc(F)cc2)OCc2cc(C#N)ccc21,0,c1ccc(C2OCc3ccccc32)cc1,0.1813716942749201,0,0.011668617434973192
CCC1(O)C(=O)OCc2c1cc1n(c2=O)Cc2cc3c(CN(C)C)c(O)ccc3nc2-1,0,O=C1Cc2cc3n(c(=O)c2CO1)Cc1cc2ccccc2nc1-3,CN1CCC23c4c5ccc(O)c4OC2C(O)C=CC3C1C5,0,C1=CC2C3Cc4cccc5c4C2(CCN3)C(C1)O5,0.17263440860215057,0,0.19938934637850467
CCC1(O)C(=O)OCc2c1cc1n(c2=O)Cc2cc3c(CN(C)C)c(O)ccc3nc2-1,0,O=C1Cc2cc3n(c(=O)c2CO1)Cc1cc2ccccc2nc1-3,CN1CCC23c4c5ccc(O)c4OC2C(=O)CCC3C1C5,0,O=C1CCC2C3Cc4cccc5c4C2(CCN3)C1O5,0.1701798800799467,0,0.14886703535059448
CNC1(c2ccccc2Cl)CCCCC1=O,0,O=C1CCCCC1c1ccccc1,CNC1CCC(c2ccc(Cl)c(Cl)c2)c2ccccc21,0,c1ccc(C2CCCc3ccccc32)cc1,0.25146198830409355,0,0.10537774666796794
CNC1(c2ccccc2Cl)CCCCC1=O,0,O=C1CCCCC1c1ccccc1,CNCCCC12CCC(c3ccccc31)c1ccccc12,0,c1ccc2c(c1)C1CCC2c2ccccc21,0.24885799404170805,0,0.17470421541426392
CNC1(c2ccccc2Cl)CCCCC1=O,0,O=C1CCCCC1c1ccccc1,CNCCCN1c2ccccc2CCc2ccccc21,0,c1ccc2c(c1)CCc1ccccc1N2,0.21840120663650076,0,0.31786240426262014
CNC1(c2ccccc2Cl)CCCCC1=O,0,O=C1CCCCC1c1ccccc1,CCN(CC)CCOCCOC(=O)C1(c2ccccc2)CCCC1,0,c1ccc(C2CCCC2)cc1,0.2177777777777778,0,0.2739163398605071
Cc1ccc(S(=O)(=O)NC(=O)NN2CCCCCC2)cc1,1,O=C(NN1CCCCCC1)NS(=O)(=O)c1ccccc1,CCCCN1CCCCC1C(=O)Nc1c(C)cccc1C,0,O=C(Nc1ccccc1)C1CCCCN1,0.23555555555555557,1,0.918063687121191
Cc1ccc(S(=O)(=O)NC(=O)NN2CCCCCC2)cc1,1,O=C(NN1CCCCCC1)NS(=O)(=O)c1ccccc1,Cc1cc(C2CCCCC2)n(O)c(=O)c1,0,O=c1cccc(C2CCCCC2)[nH]1,0.22254901960784318,1,0.9848603845376455
Cc1ccc(S(=O)(=O)NC(=O)NN2CCCCCC2)cc1,1,O=C(NN1CCCCCC1)NS(=O)(=O)c1ccccc1,Cc1c(-c2ccccc2)oc2c(C(=O)OCCN3CCCCC3)cccc2c1=O,0,O=C(OCCN1CCCCC1)c1cccc2c(=O)cc(-c3ccccc3)oc12,0.19634297010130963,1,0.940037322588277
Cc1ccc(S(=O)(=O)NC(=O)NN2CCCCCC2)cc1,1,O=C(NN1CCCCCC1)NS(=O)(=O)c1ccccc1,CCN(CC)CC(=O)Nc1c(C)cccc1C,0,c1ccccc1,0.1808490566037736,1,0.9308454802661743
CC1(C)C(C=C(Cl)Cl)C1C(=O)OCc1cccc(Oc2ccccc2)c1,0,O=C(OCc1cccc(Oc2ccccc2)c1)C1CC1,CC(COc1ccccc1)N(CCCl)Cc1ccccc1,0,c1ccc(CNCCOc2ccccc2)cc1,0.22128728414442703,0,0.011508296161152273
CC1(C)C(C=C(Cl)Cl)C1C(=O)OCc1cccc(Oc2ccccc2)c1,0,O=C(OCc1cccc(Oc2ccccc2)c1)C1CC1,CC1(C)SC2C(NC(=O)Cc3ccccc3)C(=O)N2C1C(=O)O,0,O=C(Cc1ccccc1)NC1C(=O)N2CCSC12,0.21637426900584797,0,0.2685125420070471
CC1(C)C(C=C(Cl)Cl)C1C(=O)OCc1cccc(Oc2ccccc2)c1,0,O=C(OCc1cccc(Oc2ccccc2)c1)C1CC1,NC(Cc1cc(I)c(Oc2ccc(O)c(I)c2)c(I)c1)C(=O)O,0,c1ccc(Oc2ccccc2)cc1,0.21250953470633105,0,0.018909575798974208
CC1(C)C(C=C(Cl)Cl)C1C(=O)OCc1cccc(Oc2ccccc2)c1,0,O=C(OCc1cccc(Oc2ccccc2)c1)C1CC1,CN1C2CC(OC(=O)C(CO)c3ccccc3)CC1C1OC12,0,O=C(Cc1ccccc1)OC1CC2NC(C1)C1OC21,0.20674993356364602,0,0.04943774640811154
CC(=O)OC12COC1CC(O)C1(C)C(=O)C(O)C3=C(C)C(OC(=O)C(O)C(NC(=O)OC(C)(C)C)c4ccccc4)CC(O)(C(OC(=O)c4ccccc4)C21)C3(C)C,1,O=C(CCc1ccccc1)OC1C=C2CC(=O)C3CCC4OCC4C3C(OC(=O)c3ccccc3)C(C2)C1,CN1C2CC(OC(=O)C(CO)c3ccccc3)CC1C1OC12,0,O=C(Cc1ccccc1)OC1CC2NC(C1)C1OC21,0.18869778869778872,1,0.9992846091658655
CC(=O)OC12COC1CC(O)C1(C)C(=O)C(O)C3=C(C)C(OC(=O)C(O)C(NC(=O)OC(C)(C)C)c4ccccc4)CC(O)(C(OC(=O)c4ccccc4)C21)C3(C)C,1,O=C(CCc1ccccc1)OC1C=C2CC(=O)C3CCC4OCC4C3C(OC(=O)c3ccccc3)C(C2)C1,CC(C)(C(=O)O)c1ccc(C(O)CCCN2CCC(C(O)(c3ccccc3)c3ccccc3)CC2)cc1,0,c1ccc(CCCCN2CCC(C(c3ccccc3)c3ccccc3)CC2)cc1,0.1684594538253075,1,0.9773349295705414
CC(=O)OC12COC1CC(O)C1(C)C(=O)C(O)C3=C(C)C(OC(=O)C(O)C(NC(=O)OC(C)(C)C)c4ccccc4)CC(O)(C(OC(=O)c4ccccc4)C21)C3(C)C,1,O=C(CCc1ccccc1)OC1C=C2CC(=O)C3CCC4OCC4C3C(OC(=O)c3ccccc3)C(C2)C1,Cc1c(-c2ccccc2)oc2c(C(=O)OCCN3CCCCC3)cccc2c1=O,0,O=C(OCCN1CCCCC1)c1cccc2c(=O)cc(-c3ccccc3)oc12,0.15413561847988078,1,0.998515816701458
CC(=O)OC12COC1CC(O)C1(C)C(=O)C(O)C3=C(C)C(OC(=O)C(O)C(NC(=O)OC(C)(C)C)c4ccccc4)CC(O)(C(OC(=O)c4ccccc4)C21)C3(C)C,1,O=C(CCc1ccccc1)OC1C=C2CC(=O)C3CCC4OCC4C3C(OC(=O)c3ccccc3)C(C2)C1,CC1(C)SC2C(NC(=O)Cc3ccccc3)C(=O)N2C1C(=O)O,0,O=C(Cc1ccccc1)NC1C(=O)N2CCSC12,0.1539345711759505,1,0.9994887365548735
OCC1OC(n2cnc3c2NC=NCC3O)CC1O,1,C1=NCCc2ncn(C3CCCO3)c2N1,NCC1OC(OC2C(N)CC(N)C(OC3OC(CO)C(O)C(N)C3O)C2O)C(O)C(O)C1O,0,C1CCC(OC2CCCC(OC3CCCCO3)C2)OC1,0.1865024630541872,1,0.9028964017604225
OCC1OC(n2cnc3c2NC=NCC3O)CC1O,1,C1=NCCc2ncn(C3CCCO3)c2N1,OCC1OC(OC2C(CO)OC(O)(CO)C2O)C(O)C(O)C1O,0,C1CCC(OC2CCOC2)OC1,0.18391608391608394,1,0.709777367381919
OCC1OC(n2cnc3c2NC=NCC3O)CC1O,1,C1=NCCc2ncn(C3CCCO3)c2N1,OCC1OC(OC2C(CO)OC(O)C(O)C2O)C(O)C(O)C1O,0,C1CCC(OC2CCCOC2)OC1,0.18347798135647703,1,0.553660632912861
OCC1OC(n2cnc3c2NC=NCC3O)CC1O,1,C1=NCCc2ncn(C3CCCO3)c2N1,NCCC(O)C(=O)NC1CC(N)C(OC2OC(CN)C(O)C(O)C2O)C(O)C1OC1OC(CO)C(O)C(N)C1O,0,C1CCC(OC2CCCC(OC3CCCCO3)C2)OC1,0.14961038961038964,1,0.8427615932129553
O=c1[nH]c(=O)n(C2CC(O)C(CO)O2)cc1F,1,O=c1ccn(C2CCCO2)c(=O)[nH]1,NCC1OC(OC2C(N)CC(N)C(OC3OC(CO)C(O)C(N)C3O)C2O)C(O)C(O)C1O,0,C1CCC(OC2CCCC(OC3CCCCO3)C2)OC1,0.20150943396226417,1,0.9962853191575413
O=c1[nH]c(=O)n(C2CC(O)C(CO)O2)cc1F,1,O=c1ccn(C2CCCO2)c(=O)[nH]1,O=c1[nH]c2ccccc2n1C1CCN(CCCC(c2ccc(F)cc2)c2ccc(F)cc2)CC1,0,O=c1[nH]c2ccccc2n1C1CCN(CCCC(c2ccccc2)c2ccccc2)CC1,0.184568306010929,1,0.8557748169604843
O=c1[nH]c(=O)n(C2CC(O)C(CO)O2)cc1F,1,O=c1ccn(C2CCCO2)c(=O)[nH]1,OCC1OC(OC2C(CO)OC(O)(CO)C2O)C(O)C(O)C1O,0,C1CCC(OC2CCOC2)OC1,0.18448867536032945,1,0.9916284431648209
O=c1[nH]c(=O)n(C2CC(O)C(CO)O2)cc1F,1,O=c1ccn(C2CCCO2)c(=O)[nH]1,OCC1OC(OC2C(CO)OC(O)C(O)C2O)C(O)C(O)C1O,0,C1CCC(OC2CCCOC2)OC1,0.18382913806254766,1,0.9948795416839571
Cc1cn(C2CC(N=[N+]=[N-])C(CO)O2)c(=O)[nH]c1=O,1,O=c1ccn(C2CCCO2)c(=O)[nH]1,CN1C2CC(OC(=O)C(CO)c3ccccc3)CC1C1OC12,0,O=C(Cc1ccccc1)OC1CC2NC(C1)C1OC21,0.1744388456252863,1,0.9922697521596915
Cc1cn(C2CC(N=[N+]=[N-])C(CO)O2)c(=O)[nH]c1=O,1,O=c1ccn(C2CCCO2)c(=O)[nH]1,C[N+](C)(C)CCOP(=O)([O-])OP(=O)(O)OCC1OC(n2ccc(N)nc2=O)C(O)C1O,0,O=c1ncccn1C1CCCO1,0.15957696827262047,1,0.9999794017500024
Cc1cn(C2CC(N=[N+]=[N-])C(CO)O2)c(=O)[nH]c1=O,1,O=c1ccn(C2CCCO2)c(=O)[nH]1,Cc1cc(C2CCCCC2)n(O)c(=O)c1,0,O=c1cccc(C2CCCCC2)[nH]1,0.15703918722786647,1,0.993129931512612
Cc1cn(C2CC(N=[N+]=[N-])C(CO)O2)c(=O)[nH]c1=O,1,O=c1ccn(C2CCCO2)c(=O)[nH]1,NCC1OC(OC2C(N)CC(N)C(OC3OC(CO)C(O)C(N)C3O)C2O)C(O)C(O)C1O,0,C1CCC(OC2CCCC(OC3CCCCO3)C2)OC1,0.1534016775396086,1,0.9988473699014774
O=c1[nH]c(=O)n(C2CC(O)C(CO)O2)cc1I,1,O=c1ccn(C2CCCO2)c(=O)[nH]1,NCC1OC(OC2C(N)CC(N)C(OC3OC(CO)C(O)C(N)C3O)C2O)C(O)C(O)C1O,0,C1CCC(OC2CCCC(OC3CCCCO3)C2)OC1,0.18696397941680964,1,0.9936438660936638
O=c1[nH]c(=O)n(C2CC(O)C(CO)O2)cc1I,1,O=c1ccn(C2CCCO2)c(=O)[nH]1,OCC1OC(OC2C(CO)OC(O)(CO)C2O)C(O)C(O)C1O,0,C1CCC(OC2CCOC2)OC1,0.18448867536032945,1,0.9857230099731086
O=c1[nH]c(=O)n(C2CC(O)C(CO)O2)cc1I,1,O=c1ccn(C2CCCO2)c(=O)[nH]1,OCC1OC(OC2C(CO)OC(O)C(O)C2O)C(O)C(O)C1O,0,C1CCC(OC2CCCOC2)OC1,0.18382913806254766,1,0.9912472437481205
O=c1[nH]c(=O)n(C2CC(O)C(CO)O2)cc1I,1,O=c1ccn(C2CCCO2)c(=O)[nH]1,CN1C2CC(OC(=O)C(CO)c3ccccc3)CC1C1OC12,0,O=C(Cc1ccccc1)OC1CC2NC(C1)C1OC21,0.17331932773109246,1,0.9259153443420884
COc1ccc(C2Sc3ccccc3N(CCN(C)C)C(=O)C2OC(C)=O)cc1,1,O=C1CC(c2ccccc2)Sc2ccccc2N1,COc1ccc(CN(CCN(C)C)c2ccccn2)cc1,0,c1ccc(CNc2ccccn2)cc1,0.29649595687331537,1,0.9971719478295323
COc1ccc(C2Sc3ccccc3N(CCN(C)C)C(=O)C2OC(C)=O)cc1,1,O=C1CC(c2ccccc2)Sc2ccccc2N1,CN(C)CCOC(c1ccccc1)c1ccccc1,0,c1ccc(Cc2ccccc2)cc1,0.2177777777777778,1,0.997830598339124
COc1ccc(C2Sc3ccccc3N(CCN(C)C)C(=O)C2OC(C)=O)cc1,1,O=C1CC(c2ccccc2)Sc2ccccc2N1,CN1C2CC(OC(=O)C(CO)c3ccccc3)CC1C1OC12,0,O=C(Cc1ccccc1)OC1CC2NC(C1)C1OC21,0.2172833495618306,1,0.9998610226169884
COc1ccc(C2Sc3ccccc3N(CCN(C)C)C(=O)C2OC(C)=O)cc1,1,O=C1CC(c2ccccc2)Sc2ccccc2N1,CCCCNc1ccc(C(=O)OCCN(C)C)cc1,0,c1ccccc1,0.2019138755980861,1,0.9994738803368826
CC(C)NNC(=O)c1ccncc1,1,c1ccncc1,CC(C)(C(=O)c1cccnc1)c1cccnc1,0,O=C(Cc1cccnc1)c1cccnc1,0.27272727272727276,1,0.6641260534603654
CC(C)NNC(=O)c1ccncc1,1,c1ccncc1,CC(N=C(NC#N)Nc1ccncc1)C(C)(C)C,0,c1ccncc1,0.25875652586616044,0,0.24178909785091565
CC(C)NNC(=O)c1ccncc1,1,c1ccncc1,CC(NC(C)(C)C)C(=O)c1cccc(Cl)c1,0,c1ccccc1,0.22625843279709396,0,0.35850750035988843
CC(C)NNC(=O)c1ccncc1,1,c1ccncc1,CC(=O)Nc1cccc(O)c1,0,c1ccccc1,0.21885299934080424,0,0.4725446024947224
O=C(O)c1cccnc1,1,c1ccncc1,CC(C)(C(=O)c1cccnc1)c1cccnc1,0,O=C(Cc1cccnc1)c1cccnc1,0.4701857282502444,1,0.8062332074471883
O=C(O)c1cccnc1,1,c1ccncc1,Nc1ccc(C(=O)O)cc1,0,c1ccccc1,0.3737142857142858,1,0.6011076694852375
O=C(O)c1cccnc1,1,c1ccncc1,O=C(O)c1ccccc1O,0,c1ccccc1,0.32461538461538464,1,0.5027636983640095
O=C(O)c1cccnc1,1,c1ccncc1,CC(=O)Oc1ccccc1C(=O)O,0,c1ccccc1,0.2733333333333333,1,0.5683709458188437
CC(N=C(NC#N)Nc1ccncc1)C(C)(C)C,0,c1ccncc1,CC(C)(C(=O)c1cccnc1)c1cccnc1,0,O=C(Cc1cccnc1)c1cccnc1,0.1954545454545455,0,0.1279919479536214
CC(N=C(NC#N)Nc1ccncc1)C(C)(C)C,0,c1ccncc1,CC(NC(C)(C)C)C(=O)c1cccc(Cl)c1,0,c1ccccc1,0.16771826852531185,0,0.03983285693482416
CC(N=C(NC#N)Nc1ccncc1)C(C)(C)C,0,c1ccncc1,COc1cc(NC(C)CCCN)c2ncccc2c1,0,c1ccc2ncccc2c1,0.1480848861283644,0,0.13644148348801044
CC(N=C(NC#N)Nc1ccncc1)C(C)(C)C,0,c1ccncc1,CC(C)NCC(O)c1ccc(O)c(O)c1,0,c1ccccc1,0.14757575757575758,0,0.11405559560451692
Cc1ncc(CO)c(CO)c1O,0,c1ccncc1,CC(C)(C)NCC(O)c1ccc(O)c(CO)c1,0,c1ccccc1,0.2399529964747356,0,0.18740320601426647
Cc1ncc(CO)c(CO)c1O,0,c1ccncc1,CC(C)c1cccc(C(C)C)c1O,0,c1ccccc1,0.18,0,0.12656171825475476
Cc1ncc(CO)c(CO)c1O,0,c1ccncc1,CCCCCCc1ccc(O)cc1O,0,c1ccccc1,0.16552667578659375,0,0.032662884348076154
Cc1ncc(CO)c(CO)c1O,0,c1ccncc1,CC(C)(C(=O)c1cccnc1)c1cccnc1,0,O=C(Cc1cccnc1)c1cccnc1,0.16291560102301791,0,0.15037205123158817
CC(COc1ccccc1)N(CCCl)Cc1ccccc1,0,c1ccc(CNCCOc2ccccc2)cc1,CC(COc1ccccc1)NC(C)C(O)c1ccc(O)cc1,0,c1ccc(CCNCCOc2ccccc2)cc1,0.3188259958071279,0,0.013088782429882437
CC(COc1ccccc1)N(CCCl)Cc1ccccc1,0,c1ccc(CNCCOc2ccccc2)cc1,C#CCN(C)Cc1ccccc1,0,c1ccccc1,0.29968253968253966,0,0.016638631534350485
CC(COc1ccccc1)N(CCCl)Cc1ccccc1,0,c1ccc(CNCCOc2ccccc2)cc1,C#CCN(C)C(C)Cc1ccccc1,0,c1ccccc1,0.28974358974358977,0,0.016638631534350485
CC(COc1ccccc1)N(CCCl)Cc1ccccc1,0,c1ccc(CNCCOc2ccccc2)cc1,COc1ccc(CN(CCN(C)C)c2ccccn2)cc1,0,c1ccc(CNc2ccccn2)cc1,0.27811550151975684,0,0.0036595922248489543
COc1cccc2c1C(=O)c1c(O)c3c(c(O)c1C2=O)CC(O)(C(=O)CO)CC3OC1CC(N)C(O)C(C)O1,1,O=C1c2ccccc2C(=O)c2cc3c(cc21)CCCC3OC1CCCCO1,COc1ccc2c3c1OC1C(=O)CCC4(O)C(C2)N(C)CCC314,0,O=C1CCC2C3Cc4cccc5c4C2(CCN3)C1O5,0.20551139374668786,1,0.9955486377430697
COc1cccc2c1C(=O)c1c(O)c3c(c(O)c1C2=O)CC(O)(C(=O)CO)CC3OC1CC(N)C(O)C(C)O1,1,O=C1c2ccccc2C(=O)c2cc3c(cc21)CCCC3OC1CCCCO1,CC1OC(OC2C(O)CC(OC3C(O)CC(OC4CCC5(C)C(CCC6C5CC(O)C5(C)C(C7=CC(=O)OC7)CCC65O)C4)OC3C)OC2C)CC(O)C1O,0,O=C1C=C(C2CCC3C2CCC2C4CCC(OC5CCC(OC6CCC(OC7CCCCO7)CO6)CO5)CC4CCC23)CO1,0.19520605550883097,1,0.999872081872353
COc1cccc2c1C(=O)c1c(O)c3c(c(O)c1C2=O)CC(O)(C(=O)CO)CC3OC1CC(N)C(O)C(C)O1,1,O=C1c2ccccc2C(=O)c2cc3c(cc21)CCCC3OC1CCCCO1,CC1C=CC=CCCC=CC=CC=CC=CC(OC2OC(C)C(O)C(N)C2O)CC(O)C(C(=O)O)C(O)CC(=O)CC(O)C(O)CCC(O)CC(O)CC(O)CC(=O)OC(C)C(C)C1O,0,O=C1CCCCCCCCCCCC(=O)OCCCCC=CC=CCCC=CC=CC=CC=CC(OC2CCCCO2)CCCCC1,0.19500571864277547,1,0.9999755339053117
COc1cccc2c1C(=O)c1c(O)c3c(c(O)c1C2=O)CC(O)(C(=O)CO)CC3OC1CC(N)C(O)C(C)O1,1,O=C1c2ccccc2C(=O)c2cc3c(cc21)CCCC3OC1CCCCO1,CC12CCC(=O)C=C1CCC1C3CCC(O)(C(=O)CO)C3(C)CC(O)C12F,0,O=C1C=C2CCC3C4CCCC4CCC3C2CC1,0.19470058293587705,1,0.9870958101082694
CC1c2cccc(O)c2C(O)=C2C(=O)C3(O)C(=O)C(=C(N)O)C(=O)C(N(C)C)C3C(O)C21,1,C=C1C(=O)CC2CC3Cc4ccccc4C=C3C(=O)C2C1=O,NC(=O)c1ccccc1O,0,c1ccccc1,0.1927437641723356,1,0.9995951813610084
CC1c2cccc(O)c2C(O)=C2C(=O)C3(O)C(=O)C(=C(N)O)C(=O)C(N(C)C)C3C(O)C21,1,C=C1C(=O)CC2CC3Cc4ccccc4C=C3C(=O)C2C1=O,CN1CCC23c4c5ccc(O)c4OC2C(=O)CCC3(O)C1C5,0,O=C1CCC2C3Cc4cccc5c4C2(CCN3)C1O5,0.17957403991279558,1,0.9982112672705102
CC1c2cccc(O)c2C(O)=C2C(=O)C3(O)C(=O)C(=C(N)O)C(=O)C(N(C)C)C3C(O)C21,1,C=C1C(=O)CC2CC3Cc4ccccc4C=C3C(=O)C2C1=O,CN1CCC23c4c5ccc(O)c4OC2C(=O)CCC3C1C5,0,O=C1CCC2C3Cc4cccc5c4C2(CCN3)C1O5,0.16630182421227196,1,0.9987133501381729
CC1c2cccc(O)c2C(O)=C2C(=O)C3(O)C(=O)C(=C(N)O)C(=O)C(N(C)C)C3C(O)C21,1,C=C1C(=O)CC2CC3Cc4ccccc4C=C3C(=O)C2C1=O,CN1CCC23c4c5ccc(O)c4OC2C(O)C=CC3C1C5,0,C1=CC2C3Cc4cccc5c4C2(CCN3)C(C1)O5,0.15786516853932586,1,0.9965182771861947
O=C1CCc2cc(OCCCCc3nnnn3C3CCCCC3)ccc2N1,0,O=C1CCc2cc(OCCCCc3nnnn3C3CCCCC3)ccc2N1,COc1ccc2c(c1)C13CCCCC1C(C2)N(C)CC3,0,c1ccc2c(c1)CC1NCCC23CCCCC13,0.18877314814814813,0,0.1856564113114699
O=C1CCc2cc(OCCCCc3nnnn3C3CCCCC3)ccc2N1,0,O=C1CCc2cc(OCCCCc3nnnn3C3CCCCC3)ccc2N1,Cc1cc(C2CCCCC2)n(O)c(=O)c1,0,O=c1cccc(C2CCCCC2)[nH]1,0.1756900726392252,1,0.6825850438147634
O=C1CCc2cc(OCCCCc3nnnn3C3CCCCC3)ccc2N1,0,O=C1CCc2cc(OCCCCc3nnnn3C3CCCCC3)ccc2N1,O=c1[nH]c2ccccc2n1C1CCN(CCCC(c2ccc(F)cc2)c2ccc(F)cc2)CC1,0,O=c1[nH]c2ccccc2n1C1CCN(CCCC(c2ccccc2)c2ccccc2)CC1,0.16036363636363635,0,0.37671025999445257
O=C1CCc2cc(OCCCCc3nnnn3C3CCCCC3)ccc2N1,0,O=C1CCc2cc(OCCCCc3nnnn3C3CCCCC3)ccc2N1,CCCCN1CCCCC1C(=O)Nc1c(C)cccc1C,0,O=C(Nc1ccccc1)C1CCCCN1,0.158995983935743,1,0.6728877410271092
CC(C)(C)NC(=O)C1CN(Cc2cccnc2)CCN1CC(O)CC(Cc1ccccc1)C(=O)NC1c2ccccc2CC1O,1,O=C(NC1CCc2ccccc21)C(CCCN1CCN(Cc2cccnc2)CC1)Cc1ccccc1,CC(C)(C)NCC(O)COc1cccc2c1CC(O)C(O)C2,0,c1ccc2c(c1)CCCC2,0.23392018779342724,1,0.9514607924477334
CC(C)(C)NC(=O)C1CN(Cc2cccnc2)CCN1CC(O)CC(Cc1ccccc1)C(=O)NC1c2ccccc2CC1O,1,O=C(NC1CCc2ccccc21)C(CCCN1CCN(Cc2cccnc2)CC1)Cc1ccccc1,CC(C)(C(=O)O)c1ccc(C(O)CCCN2CCC(C(O)(c3ccccc3)c3ccccc3)CC2)cc1,0,c1ccc(CCCCN2CCC(C(c3ccccc3)c3ccccc3)CC2)cc1,0.2042051282051282,1,0.9203905162652012
CC(C)(C)NC(=O)C1CN(Cc2cccnc2)CCN1CC(O)CC(Cc1ccccc1)C(=O)NC1c2ccccc2CC1O,1,O=C(NC1CCc2ccccc21)C(CCCN1CCN(Cc2cccnc2)CC1)Cc1ccccc1,CC1(C)SC2C(NC(=O)Cc3ccccc3)C(=O)N2C1C(=O)O,0,O=C(Cc1ccccc1)NC1C(=O)N2CCSC12,0.20266666666666672,1,0.9191751557754009
CC(C)(C)NC(=O)C1CN(Cc2cccnc2)CCN1CC(O)CC(Cc1ccccc1)C(=O)NC1c2ccccc2CC1O,1,O=C(NC1CCc2ccccc21)C(CCCN1CCN(Cc2cccnc2)CC1)Cc1ccccc1,CC(C)(C(=O)c1cccnc1)c1cccnc1,0,O=C(Cc1cccnc1)c1cccnc1,0.2019893166328974,1,0.9646431815103607
CCOC(Nc1ccc(C(=O)O)cc1)C(=O)c1ccc(-c2ccccc2)cc1,1,O=C(CNc1ccccc1)c1ccc(-c2ccccc2)cc1,Nc1ccc(C(=O)O)cc1,0,c1ccccc1,0.302203182374541,1,0.8169364760252654
CCOC(Nc1ccc(C(=O)O)cc1)C(=O)c1ccc(-c2ccccc2)cc1,1,O=C(CNc1ccccc1)c1ccc(-c2ccccc2)cc1,CC(=O)Oc1ccccc1C(=O)O,0,c1ccccc1,0.26176744186046513,1,0.7958983487188387
CCOC(Nc1ccc(C(=O)O)cc1)C(=O)c1ccc(-c2ccccc2)cc1,1,O=C(CNc1ccccc1)c1ccc(-c2ccccc2)cc1,CCCCNc1ccc(C(=O)OCCOCCOCCOCCOCCOCCOCCOCCOCCOC)cc1,0,c1ccccc1,0.25672131147540983,1,0.8739618905561762
CCOC(Nc1ccc(C(=O)O)cc1)C(=O)c1ccc(-c2ccccc2)cc1,1,O=C(CNc1ccccc1)c1ccc(-c2ccccc2)cc1,CCCCNc1ccc(C(=O)OCCN(C)C)cc1,0,c1ccccc1,0.25660377358490566,1,0.9056392417617964
CN1CCCCC1CCN1c2ccccc2Sc2ccc(S(C)=O)cc21,1,c1ccc2c(c1)Sc1ccccc1N2CCC1CCCCN1,CN1CCCC1CCOC(C)(c1ccccc1)c1ccc(Cl)cc1,0,c1ccc(C(OCCC2CCCN2)c2ccccc2)cc1,0.3359477124183007,1,0.7473405733936221
CN1CCCCC1CCN1c2ccccc2Sc2ccc(S(C)=O)cc21,1,c1ccc2c(c1)Sc1ccccc1N2CCC1CCCCN1,COc1ccc2c(c1)C13CCCCC1C(C2)N(C)CC3,0,c1ccc2c(c1)CC1NCCC23CCCCC13,0.2583013698630137,1,0.8086143056479579
CN1CCCCC1CCN1c2ccccc2Sc2ccc(S(C)=O)cc21,1,c1ccc2c(c1)Sc1ccccc1N2CCC1CCCCN1,CCCCN1CCCCC1C(=O)Nc1c(C)cccc1C,0,O=C(Nc1ccccc1)C1CCCCN1,0.25360333531864204,1,0.8760592585862838
CN1CCCCC1CCN1c2ccccc2Sc2ccc(S(C)=O)cc21,1,c1ccc2c(c1)Sc1ccccc1N2CCC1CCCCN1,CNCCCN1c2ccccc2CCc2ccccc21,0,c1ccc2c(c1)CCc1ccccc1N2,0.24000000000000002,1,0.9433701990809338
O=C1OC(C(O)CO)C(O)=C1O,0,O=C1C=CCO1,OCC(O)C(O)C(O)C(O)CO,0,,0.22000000000000003,0,0.03880080269349001
O=C1OC(C(O)CO)C(O)=C1O,0,O=C1C=CCO1,COc1ccccc1OCC(O)CO,0,c1ccccc1,0.19878787878787882,0,0.06133176098120573
O=C1OC(C(O)CO)C(O)=C1O,0,O=C1C=CCO1,CN1C2CC(OC(=O)C(CO)c3ccccc3)CC1C1OC12,0,O=C(Cc1ccccc1)OC1CC2NC(C1)C1OC21,0.19413919413919417,0,0.010903690922133146
O=C1OC(C(O)CO)C(O)=C1O,0,O=C1C=CCO1,CC(O)C(=O)Nc1c(I)c(C(=O)NC(CO)CO)c(I)c(C(=O)NC(CO)CO)c1I,0,c1ccccc1,0.17733333333333332,0,0.006053195346455398
CC(C)CC(NC(=O)C(Cc1ccccc1)NC(=O)c1cnccn1)B(O)O,1,O=C(NCCc1ccccc1)c1cnccn1,CC(C)CC1NC(=O)C(Cc2ccccc2)NC(=O)C(CCN)NC(=O)C(NC(=O)C(CCN)NC(=O)C(NC(=O)C(CCN)NC(=O)O)C(C)O)CCNC(=O)C(C(C)O)NC(=O)C(CCN)NC(=O)C(CCN)NC1=O,0,O=C1CCCNC(=O)CNC(=O)CNC(=O)CNC(=O)CNC(=O)C(Cc2ccccc2)NC(=O)CN1,0.25889029003783104,1,0.9995992746710494
CC(C)CC(NC(=O)C(Cc1ccccc1)NC(=O)c1cnccn1)B(O)O,1,O=C(NCCc1ccccc1)c1cnccn1,CNC(C)Cc1ccccc1,0,c1ccccc1,0.25258358662613983,1,0.9974728161537569
CC(C)CC(NC(=O)C(Cc1ccccc1)NC(=O)c1cnccn1)B(O)O,1,O=C(NCCc1ccccc1)c1cnccn1,CC(N)Cc1ccccc1,0,c1ccccc1,0.24363636363636362,1,0.9962889507388699
CC(C)CC(NC(=O)C(Cc1ccccc1)NC(=O)c1cnccn1)B(O)O,1,O=C(NCCc1ccccc1)c1cnccn1,C#CCN(C)C(C)Cc1ccccc1,0,c1ccccc1,0.20961538461538465,1,0.9975520198517299
CC(C)c1c(C(=O)Nc2ccccc2)c(-c2ccccc2)c(-c2ccc(F)cc2)n1CCC(O)CC(O)CC(=O)O,1,O=C(Nc1ccccc1)c1c[nH]c(-c2ccccc2)c1-c1ccccc1,CC(C)n1c(C=CC(O)CC(O)CC(=O)O)c(-c2ccc(F)cc2)c2ccccc21,0,c1ccc(-c2c[nH]c3ccccc23)cc1,0.41163016088389226,1,0.9862473795852144
CC(C)c1c(C(=O)Nc2ccccc2)c(-c2ccccc2)c(-c2ccc(F)cc2)n1CCC(O)CC(O)CC(=O)O,1,O=C(Nc1ccccc1)c1c[nH]c(-c2ccccc2)c1-c1ccccc1,CC(O)C(=O)Nc1c(I)c(C(=O)NC(CO)CO)c(I)c(C(=O)NC(CO)CO)c1I,0,c1ccccc1,0.19321573948439622,1,0.9435352674701145
CC(C)c1c(C(=O)Nc2ccccc2)c(-c2ccccc2)c(-c2ccc(F)cc2)n1CCC(O)CC(O)CC(=O)O,1,O=C(Nc1ccccc1)c1c[nH]c(-c2ccccc2)c1-c1ccccc1,O=c1[nH]c2ccccc2n1C1CCN(CCCC(c2ccc(F)cc2)c2ccc(F)cc2)CC1,0,O=c1[nH]c2ccccc2n1C1CCN(CCCC(c2ccccc2)c2ccccc2)CC1,0.18825202673872848,1,0.9553690846714722
CC(C)c1c(C(=O)Nc2ccccc2)c(-c2ccccc2)c(-c2ccc(F)cc2)n1CCC(O)CC(O)CC(=O)O,1,O=C(Nc1ccccc1)c1c[nH]c(-c2ccccc2)c1-c1ccccc1,CC(C)(C(=O)O)c1ccc(C(O)CCCN2CCC(C(O)(c3ccccc3)c3ccccc3)CC2)cc1,0,c1ccc(CCCCN2CCC(C(c3ccccc3)c3ccccc3)CC2)cc1,0.18491611513006004,1,0.9439106243479496
O=C1NC(=O)C(c2ccccc2)(c2ccccc2)N1,1,O=C1NC(=O)C(c2ccccc2)(c2ccccc2)N1,O=C1C(CCS(=O)c2ccccc2)C(=O)N(c2ccccc2)N1c1ccccc1,0,O=C1C(CCS(=O)c2ccccc2)C(=O)N(c2ccccc2)N1c1ccccc1,0.21363636363636368,1,0.9799748148986542
O=C1NC(=O)C(c2ccccc2)(c2ccccc2)N1,1,O=C1NC(=O)C(c2ccccc2)(c2ccccc2)N1,NC(=O)c1ccccc1O,0,c1ccccc1,0.20142857142857146,1,0.9344207292876988
O=C1NC(=O)C(c2ccccc2)(c2ccccc2)N1,1,O=C1NC(=O)C(c2ccccc2)(c2ccccc2)N1,O=C(O)c1ccccc1O,0,c1ccccc1,0.2009469696969697,1,0.9403480617471496
O=C1NC(=O)C(c2ccccc2)(c2ccccc2)N1,1,O=C1NC(=O)C(c2ccccc2)(c2ccccc2)N1,CCN(CC)CCOCCOC(=O)C1(c2ccccc2)CCCC1,0,c1ccc(C2CCCC2)cc1,0.19094339622641512,1,0.9307864738347879
CC(C)(C(=O)c1cccnc1)c1cccnc1,0,O=C(Cc1cccnc1)c1cccnc1,CC(NC(C)(C)C)C(=O)c1cccc(Cl)c1,0,c1ccccc1,0.2514739229024944,0,0.431872226293842
CC(C)(C(=O)c1cccnc1)c1cccnc1,0,O=C(Cc1cccnc1)c1cccnc1,CN(C)CCOC(C)(c1ccccc1)c1ccccn1,0,c1ccc(Cc2ccccn2)cc1,0.23076923076923078,0,0.34824486618965095
CC(C)(C(=O)c1cccnc1)c1cccnc1,0,O=C(Cc1cccnc1)c1cccnc1,CC(N=C(NC#N)Nc1ccncc1)C(C)(C)C,0,c1ccncc1,0.1954545454545455,0,0.25133150778929386
CC(C)(C(=O)c1cccnc1)c1cccnc1,0,O=C(Cc1cccnc1)c1cccnc1,COc1cc(O)c(C(=O)c2ccccc2)cc1S(=O)(=O)O,0,O=C(c1ccccc1)c1ccccc1,0.1940740740740741,0,0.39558578741065986
CCOC1OC(=O)CC1NC(=O)C1CCCN2C(=O)CCC(NC(=O)c3nccc4ccccc34)C(=O)N12,1,O=C1CC(NC(=O)C2CCCN3C(=O)CCC(NC(=O)c4nccc5ccccc45)C(=O)N23)CO1,CCCCN1CCCCC1C(=O)Nc1c(C)cccc1C,0,O=C(Nc1ccccc1)C1CCCCN1,0.21359461114513167,1,0.9814025664255784
CCOC1OC(=O)CC1NC(=O)C1CCCN2C(=O)CCC(NC(=O)c3nccc4ccccc34)C(=O)N12,1,O=C1CC(NC(=O)C2CCCN3C(=O)CCC(NC(=O)c4nccc5ccccc45)C(=O)N23)CO1,CC1(C)SC2C(NC(=O)Cc3ccccc3)C(=O)N2C1C(=O)O,0,O=C(Cc1ccccc1)NC1C(=O)N2CCSC12,0.18321995464852608,1,0.996424844489282
CCOC1OC(=O)CC1NC(=O)C1CCCN2C(=O)CCC(NC(=O)c3nccc4ccccc34)C(=O)N12,1,O=C1CC(NC(=O)C2CCCN3C(=O)CCC(NC(=O)c4nccc5ccccc45)C(=O)N23)CO1,CCC(C)(C)C(=O)OC1CC(C)C=C2C=CC(C)C(CCC3CC(O)CC(=O)O3)C21,0,O=C1CCCC(CCC2CC=CC3=CCCCC32)O1,0.18152958152958154,1,0.9992039661504355
CCOC1OC(=O)CC1NC(=O)C1CCCN2C(=O)CCC(NC(=O)c3nccc4ccccc34)C(=O)N12,1,O=C1CC(NC(=O)C2CCCN3C(=O)CCC(NC(=O)c4nccc5ccccc45)C(=O)N23)CO1,Cc1c(-c2ccccc2)oc2c(C(=O)OCCN3CCCCC3)cccc2c1=O,0,O=C(OCCN1CCCCC1)c1cccc2c(=O)cc(-c3ccccc3)oc12,0.17976190476190476,1,0.9890932573736414
CCCCN1C(=O)C(C(O)C2CCCCC2)NC(=O)C12CCN(Cc1ccc(Oc3ccc(C(=O)O)cc3)cc1)CC2,1,O=C1NC2(CCN(Cc3ccc(Oc4ccccc4)cc3)CC2)C(=O)NC1CC1CCCCC1,CCCCN1CCCCC1C(=O)Nc1c(C)cccc1C,0,O=C(Nc1ccccc1)C1CCCCN1,0.2493170911775563,1,0.9503541385122114
CCCCN1C(=O)C(C(O)C2CCCCC2)NC(=O)C12CCN(Cc1ccc(Oc3ccc(C(=O)O)cc3)cc1)CC2,1,O=C1NC2(CCN(Cc3ccc(Oc4ccccc4)cc3)CC2)C(=O)NC1CC1CCCCC1,CC(C)(C(=O)O)c1ccc(C(O)CCCN2CCC(C(O)(c3ccccc3)c3ccccc3)CC2)cc1,0,c1ccc(CCCCN2CCC(C(c3ccccc3)c3ccccc3)CC2)cc1,0.2167164179104478,1,0.5613705759958385
CCCCN1C(=O)C(C(O)C2CCCCC2)NC(=O)C12CCN(Cc1ccc(Oc3ccc(C(=O)O)cc3)cc1)CC2,1,O=C1NC2(CCN(Cc3ccc(Oc4ccccc4)cc3)CC2)C(=O)NC1CC1CCCCC1,OC(CCN1CCCC1)(c1ccccc1)C1CCCCC1,0,c1ccc(C(CCN2CCCC2)C2CCCCC2)cc1,0.21557955961778147,1,0.9638782950445013
CCCCN1C(=O)C(C(O)C2CCCCC2)NC(=O)C12CCN(Cc1ccc(Oc3ccc(C(=O)O)cc3)cc1)CC2,1,O=C1NC2(CCN(Cc3ccc(Oc4ccccc4)cc3)CC2)C(=O)NC1CC1CCCCC1,COc1ccc2c(c1)C13CCCCC1C(C2)N(C)CC3,0,c1ccc2c(c1)CC1NCCC23CCCCC13,0.1965093729799612,1,0.9196292871412883
CNCCC(Oc1cccc2ccccc12)c1cccs1,1,c1csc(COc2cccc3ccccc23)c1,CNCCCN1c2ccccc2CCc2ccccc21,0,c1ccc2c(c1)CCc1ccccc1N2,0.23205741626794257,1,0.688386589339272
CNCCC(Oc1cccc2ccccc12)c1cccs1,1,c1csc(COc2cccc3ccccc23)c1,COc1ccccc1OCC(O)CO,0,c1ccccc1,0.22814814814814816,1,0.6030259916261458
CNCCC(Oc1cccc2ccccc12)c1cccs1,1,c1csc(COc2cccc3ccccc23)c1,CNCCCC12CCC(c3ccccc31)c1ccccc12,0,c1ccc2c(c1)C1CCC2c2ccccc21,0.2204918032786885,1,0.5008881296098029
CNCCC(Oc1cccc2ccccc12)c1cccs1,1,c1csc(COc2cccc3ccccc23)c1,CC(C)(C)NCC(O)COc1ccccc1C1CCCC1,0,c1ccc(C2CCCC2)cc1,0.2005068994649395,0,0.29236755364829464
CN1CCC(Nc2ncc3ncnc(Nc4ccc(F)c(Cl)c4)c3n2)CC1,1,c1ccc(Nc2ncnc3cnc(NC4CCNCC4)nc23)cc1,CN1CCN(C(c2ccccc2)c2ccc(Cl)cc2)CC1,0,c1ccc(C(c2ccccc2)N2CCNCC2)cc1,0.20847268673355632,1,0.9623371570466284
CN1CCC(Nc2ncc3ncnc(Nc4ccc(F)c(Cl)c4)c3n2)CC1,1,c1ccc(Nc2ncnc3cnc(NC4CCNCC4)nc23)cc1,CN1CCCC1CCOC(C)(c1ccccc1)c1ccc(Cl)cc1,0,c1ccc(C(OCCC2CCCN2)c2ccccc2)cc1,0.18089455575794372,1,0.9380098952292051
CN1CCC(Nc2ncc3ncnc(Nc4ccc(F)c(Cl)c4)c3n2)CC1,1,c1ccc(Nc2ncnc3cnc(NC4CCNCC4)nc23)cc1,CN1CCN(C(c2ccccc2)c2ccccc2)CC1,0,c1ccc(C(c2ccccc2)N2CCNCC2)cc1,0.16470588235294117,1,0.9670446462541586
CN1CCC(Nc2ncc3ncnc(Nc4ccc(F)c(Cl)c4)c3n2)CC1,1,c1ccc(Nc2ncnc3cnc(NC4CCNCC4)nc23)cc1,CNC1CCC(c2ccc(Cl)c(Cl)c2)c2ccccc21,0,c1ccc(C2CCCc3ccccc32)cc1,0.16021409455842997,1,0.937054562123506
C1CCC(C(CC2CCCCN2)C2CCCCC2)CC1,1,C1CCC(C(CC2CCCCN2)C2CCCCC2)CC1,OC(c1cc(C(F)(F)F)nc2c(C(F)(F)F)cccc12)C1CCCCN1,0,c1ccc2c(CC3CCCCN3)ccnc2c1,0.19804143126177026,1,0.8578607759411782
C1CCC(C(CC2CCCCN2)C2CCCCC2)CC1,1,C1CCC(C(CC2CCCCN2)C2CCCCC2)CC1,CCN(CC)CCOC(=O)C1(C2CCCCC2)CCCCC1,0,C1CCC(C2CCCCC2)CC1,0.15326797385620916,0,0.20357955436874156
C1CCC(C(CC2CCCCN2)C2CCCCC2)CC1,1,C1CCC(C(CC2CCCCN2)C2CCCCC2)CC1,NCC1CCC(C(=O)O)CC1,0,C1CCCCC1,0.1508399646330681,0,0.23862791641479797
C1CCC(C(CC2CCCCN2)C2CCCCC2)CC1,1,C1CCC(C(CC2CCCCN2)C2CCCCC2)CC1,OC(CCN1CCCC1)(c1ccccc1)C1CCCCC1,0,c1ccc(C(CCN2CCCC2)C2CCCCC2)cc1,0.1450980392156863,0,0.22344687991466275
CCN(CC)CCOC(=O)C1(C2CCCCC2)CCCCC1,0,C1CCC(C2CCCCC2)CC1,CCN(CC)CCOCCOC(=O)C1(c2ccccc2)CCCC1,0,c1ccc(C2CCCC2)cc1,0.4416142557651992,0,0.038509094866326296
CCN(CC)CCOC(=O)C1(C2CCCCC2)CCCCC1,0,C1CCC(C2CCCCC2)CC1,CCN(CC)CCOc1cccc(OCCN(CC)CC)c1OCCN(CC)CC,0,c1ccccc1,0.26258503401360545,0,0.23393056046018995
CCN(CC)CCOC(=O)C1(C2CCCCC2)CCCCC1,0,C1CCC(C2CCCCC2)CC1,CCCCNc1ccc(C(=O)OCCN(C)C)cc1,0,c1ccccc1,0.21454545454545457,0,0.05536668509574126
CCN(CC)CCOC(=O)C1(C2CCCCC2)CCCCC1,0,C1CCC(C2CCCCC2)CC1,NCC1(CC(=O)O)CCCCC1,0,C1CCCCC1,0.20264519838987927,0,0.2949041629326059
Clc1ccccc1CN1CCc2sccc2C1,1,c1ccc(CN2CCc3sccc3C2)cc1,CN1CCN(C(c2ccccc2)c2ccc(Cl)cc2)CC1,0,c1ccc(C(c2ccccc2)N2CCNCC2)cc1,0.25303643724696356,1,0.5827979289343017
Clc1ccccc1CN1CCc2sccc2C1,1,c1ccc(CN2CCc3sccc3C2)cc1,Cc1cccc(CN2CCN(C(c3ccccc3)c3ccc(Cl)cc3)CC2)c1,0,c1ccc(CN2CCN(C(c3ccccc3)c3ccccc3)CC2)cc1,0.23825009678668213,1,0.5055972253130946
Clc1ccccc1CN1CCc2sccc2C1,1,c1ccc(CN2CCc3sccc3C2)cc1,CN1CCN(C(c2ccccc2)c2ccccc2)CC1,0,c1ccc(C(c2ccccc2)N2CCNCC2)cc1,0.21531531531531534,1,0.6160154944628329
Clc1ccccc1CN1CCc2sccc2C1,1,c1ccc(CN2CCc3sccc3C2)cc1,OCCOCCN1CCN(C(c2ccccc2)c2ccc(Cl)cc2)CC1,0,c1ccc(C(c2ccccc2)N2CCNCC2)cc1,0.20654761904761906,0,0.4752707600482416
CCC1C(=O)OCC1Cc1cncn1C,0,O=C1CC(Cc2cnc[nH]2)CO1,Cn1nnc2c(C(N)=O)ncn2c1=O,0,O=c1[nH]nnc2cncn12,0.15876859218263578,0,0.3078383935748836
CCC1C(=O)OCC1Cc1cncn1C,0,O=C1CC(Cc2cnc[nH]2)CO1,CCCCN1CCCCC1C(=O)Nc1c(C)cccc1C,0,O=C(Nc1ccccc1)C1CCCCN1,0.15555555555555556,0,0.17169070502235473
CCC1C(=O)OCC1Cc1cncn1C,0,O=C1CC(Cc2cnc[nH]2)CO1,CN1C2CC(OC(=O)C(CO)c3ccccc3)CC1C1OC12,0,O=C(Cc1ccccc1)OC1CC2NC(C1)C1OC21,0.14532891100055279,0,0.17410477715575237
CCC1C(=O)OCC1Cc1cncn1C,0,O=C1CC(Cc2cnc[nH]2)CO1,O=C1CC2(CCCC2)CC(=O)N1CCCCN1CCN(c2ncccn2)CC1,0,O=C1CC2(CCCC2)CC(=O)N1CCCCN1CCN(c2ncccn2)CC1,0.1444997236042012,0,0.2652158202675997
CCCSc1ccc2nc(NC(=O)OC)[nH]c2c1,1,c1ccc2[nH]cnc2c1,CCCCNc1ccc(C(=O)OCCOCCOCCOCCOCCOCCOCCOCCOCCOC)cc1,0,c1ccccc1,0.20606060606060608,1,0.9997376546513221
CCCSc1ccc2nc(NC(=O)OC)[nH]c2c1,1,c1ccc2[nH]cnc2c1,COCC(=O)OC1(CCN(C)CCCc2nc3ccccc3[nH]2)CCc2cc(F)ccc2C1C(C)C,0,c1ccc2c(c1)CCC(CCNCCCc1nc3ccccc3[nH]1)C2,0.20250766230147674,1,0.9998676305522984
CCCSc1ccc2nc(NC(=O)OC)[nH]c2c1,1,c1ccc2[nH]cnc2c1,CCCCN1CCCCC1C(=O)Nc1c(C)cccc1C,0,O=C(Nc1ccccc1)C1CCCCN1,0.19389778794813123,1,0.9993169815626145
CCCSc1ccc2nc(NC(=O)OC)[nH]c2c1,1,c1ccc2[nH]cnc2c1,COc1ccc(OC)c(C(O)CNC(=O)CN)c1,0,c1ccccc1,0.19158751696065132,1,0.9993406941216427
COC(=O)Nc1nc2ccccc2[nH]1,1,c1ccc2[nH]cnc2c1,COCC(=O)OC1(CCN(C)CCCc2nc3ccccc3[nH]2)CCc2cc(F)ccc2C1C(C)C,0,c1ccc2c(c1)CCC(CCNCCCc1nc3ccccc3[nH]1)C2,0.25912605646466463,1,0.9112213809841611
COC(=O)Nc1nc2ccccc2[nH]1,1,c1ccc2[nH]cnc2c1,CC(=O)Nc1cccc(O)c1,0,c1ccccc1,0.21680216802168023,1,0.7480590509464929
COC(=O)Nc1nc2ccccc2[nH]1,1,c1ccc2[nH]cnc2c1,CC(=O)Oc1ccccc1C(=O)O,0,c1ccccc1,0.21587301587301588,1,0.8468416885278538
COC(=O)Nc1nc2ccccc2[nH]1,1,c1ccc2[nH]cnc2c1,CCN(CC)CC(=O)Nc1c(C)cccc1C,0,c1ccccc1,0.19720930232558143,1,0.7048683558100288
CCCOc1ccc2nc(NC(=O)OC)[nH]c2c1,1,c1ccc2[nH]cnc2c1,COC(=O)CCc1ccc(OCC(O)CNC(C)C)cc1,0,c1ccccc1,0.21881977671451358,1,0.8267539835189103
CCCOc1ccc2nc(NC(=O)OC)[nH]c2c1,1,c1ccc2[nH]cnc2c1,CCCCNc1ccc(C(=O)OCCOCCOCCOCCOCCOCCOCCOCCOCCOC)cc1,0,c1ccccc1,0.2086713286713287,1,0.9670025232254914
CCCOc1ccc2nc(NC(=O)OC)[nH]c2c1,1,c1ccc2[nH]cnc2c1,COc1ccc(OC)c(C(O)CNC(=O)CN)c1,0,c1ccccc1,0.2086713286713287,1,0.7829593348114453
CCCOc1ccc2nc(NC(=O)OC)[nH]c2c1,1,c1ccc2[nH]cnc2c1,COCC(=O)OC1(CCN(C)CCCc2nc3ccccc3[nH]2)CCc2cc(F)ccc2C1C(C)C,0,c1ccc2c(c1)CCC(CCNCCCc1nc3ccccc3[nH]1)C2,0.20405405405405408,1,0.9830761865348779
CC1OC(OC2C(O)CC(OC3C(O)CC(OC4CCC5(C)C(CCC6C5CC(O)C5(C)C(C7=CC(=O)OC7)CCC65O)C4)OC3C)OC2C)CC(O)C1O,0,O=C1C=C(C2CCC3C2CCC2C4CCC(OC5CCC(OC6CCC(OC7CCCCO7)CO6)CO5)CC4CCC23)CO1,CC12CCC(=O)C=C1CCC1C3CCC(O)(C(=O)CO)C3(C)CC(O)C12F,0,O=C1C=C2CCC3C4CCCC4CCC3C2CC1,0.1997171145685997,0,1.9635029979318006e-05
CC1OC(OC2C(O)CC(OC3C(O)CC(OC4CCC5(C)C(CCC6C5CC(O)C5(C)C(C7=CC(=O)OC7)CCC65O)C4)OC3C)OC2C)CC(O)C1O,0,O=C1C=C(C2CCC3C2CCC2C4CCC(OC5CCC(OC6CCC(OC7CCCCO7)CO6)CO5)CC4CCC23)CO1,CC1C=CC=CCCC=CC=CC=CC=CC(OC2OC(C)C(O)C(N)C2O)CC(O)C(C(=O)O)C(O)CC(=O)CC(O)C(O)CCC(O)CC(O)CC(O)CC(=O)OC(C)C(C)C1O,0,O=C1CCCCCCCCCCCC(=O)OCCCCC=CC=CCCC=CC=CC=CC=CC(OC2CCCCO2)CCCCC1,0.19962184873949582,0,0.10739407330569135
CC1OC(OC2C(O)CC(OC3C(O)CC(OC4CCC5(C)C(CCC6C5CC(O)C5(C)C(C7=CC(=O)OC7)CCC65O)C4)OC3C)OC2C)CC(O)C1O,0,O=C1C=C(C2CCC3C2CCC2C4CCC(OC5CCC(OC6CCC(OC7CCCCO7)CO6)CO5)CC4CCC23)CO1,C#CC1(O)CCC2C3CCC4=CC(=O)CCC4C3CCC21C,0,O=C1C=C2CCC3C4CCCC4CCC3C2CC1,0.19833030852994557,0,0.0009957066755406768
CC1OC(OC2C(O)CC(OC3C(O)CC(OC4CCC5(C)C(CCC6C5CC(O)C5(C)C(C7=CC(=O)OC7)CCC65O)C4)OC3C)OC2C)CC(O)C1O,0,O=C1C=C(C2CCC3C2CCC2C4CCC(OC5CCC(OC6CCC(OC7CCCCO7)CO6)CO5)CC4CCC23)CO1,CC(=O)C1(O)CCC2C3CC(C)C4=CC(=O)CCC4(C)C3CCC21C,0,O=C1C=C2CCC3C4CCCC4CCC3C2CC1,0.19780701754385968,0,0.00015774067375006913
Cc1c(C)c2c(c(C)c1O)CCC(C)(COc1ccc(CC3SC(=O)NC3=O)cc1)O2,1,O=C1NC(=O)C(Cc2ccc(OCC3CCc4ccccc4O3)cc2)S1,CC(C)NCC(O)COc1ccc(CC(N)=O)cc1,0,c1ccccc1,0.2049300466355763,1,0.891799917530059
Cc1c(C)c2c(c(C)c1O)CCC(C)(COc1ccc(CC3SC(=O)NC3=O)cc1)O2,1,O=C1NC(=O)C(Cc2ccc(OCC3CCc4ccccc4O3)cc2)S1,COC(=O)CCc1ccc(OCC(O)CNC(C)C)cc1,0,c1ccccc1,0.20267838459928855,1,0.8918733565119961
Cc1c(C)c2c(c(C)c1O)CCC(C)(COc1ccc(CC3SC(=O)NC3=O)cc1)O2,1,O=C1NC(=O)C(Cc2ccc(OCC3CCc4ccccc4O3)cc2)S1,O=C1CCc2cc(OCCCCc3nnnn3C3CCCCC3)ccc2N1,0,O=C1CCc2cc(OCCCCc3nnnn3C3CCCCC3)ccc2N1,0.19195084485407066,1,0.9984104436903191
Cc1c(C)c2c(c(C)c1O)CCC(C)(COc1ccc(CC3SC(=O)NC3=O)cc1)O2,1,O=C1NC(=O)C(Cc2ccc(OCC3CCc4ccccc4O3)cc2)S1,CN1CCC23c4c5ccc(O)c4OC2C(=O)CCC3C1C5,0,O=C1CCC2C3Cc4cccc5c4C2(CCN3)C1O5,0.18259265470400804,1,0.8086339281352825
C=C1C(CO)C(O)CC1n1cnc2c(=O)nc(N)[nH]c21,1,C=C1CCCC1n1cnc2c(=O)nc[nH]c21,CCC1C(=O)OCC1Cc1cncn1C,0,O=C1CC(Cc2cnc[nH]2)CO1,0.16854460093896714,1,0.966361720016981
C=C1C(CO)C(O)CC1n1cnc2c(=O)nc(N)[nH]c21,1,C=C1CCCC1n1cnc2c(=O)nc[nH]c21,C[N+](C)(C)CCOP(=O)([O-])OP(=O)(O)OCC1OC(n2ccc(N)nc2=O)C(O)C1O,0,O=c1ncccn1C1CCCO1,0.15119933829611248,1,0.9990864937078011
C=C1C(CO)C(O)CC1n1cnc2c(=O)nc(N)[nH]c21,1,C=C1CCCC1n1cnc2c(=O)nc[nH]c21,Cn1nnc2c(C(N)=O)ncn2c1=O,0,O=c1[nH]nnc2cncn12,0.14260869565217393,1,0.9584710044956546
C=C1C(CO)C(O)CC1n1cnc2c(=O)nc(N)[nH]c21,1,C=C1CCCC1n1cnc2c(=O)nc[nH]c21,CN1C2CC(OC(=O)C(CO)c3ccccc3)CC1C1OC12,0,O=C(Cc1ccccc1)OC1CC2NC(C1)C1OC21,0.13968253968253969,1,0.8107796865743402
CN1CCN(C(c2ccccc2)c2ccc(Cl)cc2)CC1,0,c1ccc(C(c2ccccc2)N2CCNCC2)cc1,CN1CCN(C(c2ccccc2)c2ccccc2)CC1,0,c1ccc(C(c2ccccc2)N2CCNCC2)cc1,0.7868637110016421,0,0.0715278463100714
CN1CCN(C(c2ccccc2)c2ccc(Cl)cc2)CC1,0,c1ccc(C(c2ccccc2)N2CCNCC2)cc1,Cc1cccc(CN2CCN(C(c3ccccc3)c3ccc(Cl)cc3)CC2)c1,0,c1ccc(CN2CCN(C(c3ccccc3)c3ccccc3)CC2)cc1,0.5801587301587302,0,0.03802939034203768
CN1CCN(C(c2ccccc2)c2ccc(Cl)cc2)CC1,0,c1ccc(C(c2ccccc2)N2CCNCC2)cc1,OCCOCCN1CCN(C(c2ccccc2)c2ccc(Cl)cc2)CC1,0,c1ccc(C(c2ccccc2)N2CCNCC2)cc1,0.5696969696969698,0,0.04168156373750723
CN1CCN(C(c2ccccc2)c2ccc(Cl)cc2)CC1,0,c1ccc(C(c2ccccc2)N2CCNCC2)cc1,Clc1ccc(C(c2ccccc2Cl)C(Cl)Cl)cc1,0,c1ccc(Cc2ccccc2)cc1,0.3295206055508831,0,0.27519088649805123
CN1CCN(C(c2ccccc2)c2ccccc2)CC1,0,c1ccc(C(c2ccccc2)N2CCNCC2)cc1,CN1CCN(C(c2ccccc2)c2ccc(Cl)cc2)CC1,0,c1ccc(C(c2ccccc2)N2CCNCC2)cc1,0.7868637110016421,0,0.02693278867326949
CN1CCN(C(c2ccccc2)c2ccccc2)CC1,0,c1ccc(C(c2ccccc2)N2CCNCC2)cc1,Cc1cccc(CN2CCN(C(c3ccccc3)c3ccc(Cl)cc3)CC2)c1,0,c1ccc(CN2CCN(C(c3ccccc3)c3ccccc3)CC2)cc1,0.4377777777777778,0,0.016049787776666023
CN1CCN(C(c2ccccc2)c2ccccc2)CC1,0,c1ccc(C(c2ccccc2)N2CCNCC2)cc1,OCCOCCN1CCN(C(c2ccccc2)c2ccc(Cl)cc2)CC1,0,c1ccc(C(c2ccccc2)N2CCNCC2)cc1,0.4303030303030303,0,0.017629822553792873
CN1CCN(C(c2ccccc2)c2ccccc2)CC1,0,c1ccc(C(c2ccccc2)N2CCNCC2)cc1,CN1C2CCC1CC(OC(c1ccccc1)c1ccccc1)C2,0,c1ccc(C(OC2CC3CCC(C2)N3)c2ccccc2)cc1,0.32666666666666666,0,0.335503178022661
OCCOCCN1CCN(C(c2ccccc2)c2ccc(Cl)cc2)CC1,0,c1ccc(C(c2ccccc2)N2CCNCC2)cc1,CN1CCN(C(c2ccccc2)c2ccc(Cl)cc2)CC1,0,c1ccc(C(c2ccccc2)N2CCNCC2)cc1,0.5696969696969698,0,0.0377587144997399
OCCOCCN1CCN(C(c2ccccc2)c2ccc(Cl)cc2)CC1,0,c1ccc(C(c2ccccc2)N2CCNCC2)cc1,Cc1cccc(CN2CCN(C(c3ccccc3)c3ccc(Cl)cc3)CC2)c1,0,c1ccc(CN2CCN(C(c3ccccc3)c3ccccc3)CC2)cc1,0.5,0,0.02260278716766537
OCCOCCN1CCN(C(c2ccccc2)c2ccc(Cl)cc2)CC1,0,c1ccc(C(c2ccccc2)N2CCNCC2)cc1,CN1CCN(C(c2ccccc2)c2ccccc2)CC1,0,c1ccc(C(c2ccccc2)N2CCNCC2)cc1,0.4303030303030303,0,0.04312174155265973
OCCOCCN1CCN(C(c2ccccc2)c2ccc(Cl)cc2)CC1,0,c1ccc(C(c2ccccc2)N2CCNCC2)cc1,CN1CCCC1CCOC(C)(c1ccccc1)c1ccc(Cl)cc1,0,c1ccc(C(OCCC2CCCN2)c2ccccc2)cc1,0.3103896103896104,0,0.1440938676167793
NC1=NC(=O)C(c2ccccc2)O1,1,O=C1N=COC1c1ccccc1,O=C1C(CCS(=O)c2ccccc2)C(=O)N(c2ccccc2)N1c1ccccc1,0,O=C1C(CCS(=O)c2ccccc2)C(=O)N(c2ccccc2)N1c1ccccc1,0.20625000000000002,1,0.9943616768217103
NC1=NC(=O)C(c2ccccc2)O1,1,O=C1N=COC1c1ccccc1,NC(=O)c1ccccc1O,0,c1ccccc1,0.2007017543859649,1,0.9353663061150002
NC1=NC(=O)C(c2ccccc2)O1,1,O=C1N=COC1c1ccccc1,Nc1ccc(N=Nc2ccccc2)c(N)n1,0,c1ccc(N=Nc2cccnc2)cc1,0.19685362517099866,1,0.9785881016054497
NC1=NC(=O)C(c2ccccc2)O1,1,O=C1N=COC1c1ccccc1,CC(C)(N)Cc1ccccc1,0,c1ccccc1,0.1902255639097744,1,0.8922907987940285
CN(N=O)C(=O)NC1C(O)OC(CO)C(O)C1O,1,C1CCOCC1,OCC1OC(OC2C(CO)OC(O)C(O)C2O)C(O)C(O)C1O,0,C1CCC(OC2CCCOC2)OC1,0.3202702702702703,1,0.9496601771081874
CN(N=O)C(=O)NC1C(O)OC(CO)C(O)C1O,1,C1CCOCC1,CNC1C(OC2C(OC3C(O)C(O)C(N=C(N)N)C(O)C3N=C(N)N)OC(C)C2(O)C=O)OC(CO)C(O)C1O,0,C1CCC(OC2OCCC2OC2CCCCO2)CC1,0.2508148148148148,1,0.9813175804855616
CN(N=O)C(=O)NC1C(O)OC(CO)C(O)C1O,1,C1CCOCC1,NCCC(O)C(=O)NC1CC(N)C(OC2OC(CN)C(O)C(O)C2O)C(O)C1OC1OC(CO)C(O)C(N)C1O,0,C1CCC(OC2CCCC(OC3CCCCO3)C2)OC1,0.24548427672955975,1,0.9441181316910624
CN(N=O)C(=O)NC1C(O)OC(CO)C(O)C1O,1,C1CCOCC1,OCC1OC(OC2C(CO)OC(O)(CO)C2O)C(O)C(O)C1O,0,C1CCC(OC2CCOC2)OC1,0.24071428571428571,1,0.9384449444012464
CN1Cc2c(N)cccc2C(c2ccccc2)C1,1,c1ccc(C2CNCc3ccccc32)cc1,CN1CCN(C(c2ccccc2)c2ccccc2)CC1,0,c1ccc(C(c2ccccc2)N2CCNCC2)cc1,0.26222222222222225,1,0.6172353697391061
CN1Cc2c(N)cccc2C(c2ccccc2)C1,1,c1ccc(C2CNCc3ccccc32)cc1,CN1C2CCC1CC(OC(c1ccccc1)c1ccccc1)C2,0,c1ccc(C(OC2CC3CCC(C2)N3)c2ccccc2)cc1,0.2393684210526316,0,0.4336724438617886
CN1Cc2c(N)cccc2C(c2ccccc2)C1,1,c1ccc(C2CNCc3ccccc32)cc1,CN1CCN(C(c2ccccc2)c2ccc(Cl)cc2)CC1,0,c1ccc(C(c2ccccc2)N2CCNCC2)cc1,0.2296918767507003,0,0.4924780727265187
CN1Cc2c(N)cccc2C(c2ccccc2)C1,1,c1ccc(C2CNCc3ccccc32)cc1,CNC1CCC(c2ccc(Cl)c(Cl)c2)c2ccccc21,0,c1ccc(C2CCCc3ccccc32)cc1,0.22454545454545455,1,0.6147739145509163
CC(CCc1ccc(O)cc1)NCCc1ccc(O)c(O)c1,0,c1ccc(CCCNCCc2ccccc2)cc1,NCCc1ccc(O)c(O)c1,0,c1ccccc1,0.4424908424908425,0,0.02017186906492691
CC(CCc1ccc(O)cc1)NCCc1ccc(O)c(O)c1,0,c1ccc(CCCNCCc2ccccc2)cc1,CC(C)NCC(O)c1ccc(O)c(O)c1,0,c1ccccc1,0.3845108695652174,0,0.014395210727186988
CC(CCc1ccc(O)cc1)NCCc1ccc(O)c(O)c1,0,c1ccc(CCCNCCc2ccccc2)cc1,NC(Cc1ccc(O)c(O)c1)C(=O)O,0,c1ccccc1,0.336545240893067,0,0.034279548265100025
CC(CCc1ccc(O)cc1)NCCc1ccc(O)c(O)c1,0,c1ccc(CCCNCCc2ccccc2)cc1,CNCC(O)c1ccc(O)c(O)c1,0,c1ccccc1,0.3283267457180501,0,0.014395210727186988
Cc1nc2n(c(=O)c1CCN1CCC(c3noc4cc(F)ccc34)CC1)CCCC2,1,O=c1c(CCN2CCC(c3noc4ccccc34)CC2)cnc2n1CCCC2,O=c1[nH]c2ccccc2n1C1CCN(CCCC(c2ccc(F)cc2)c2ccc(F)cc2)CC1,0,O=c1[nH]c2ccccc2n1C1CCN(CCCC(c2ccccc2)c2ccccc2)CC1,0.23129890453834118,1,0.9463103120637224
Cc1nc2n(c(=O)c1CCN1CCC(c3noc4cc(F)ccc34)CC1)CCCC2,1,O=c1c(CCN2CCC(c3noc4ccccc34)CC2)cnc2n1CCCC2,Cc1c(-c2ccccc2)oc2c(C(=O)OCCN3CCCCC3)cccc2c1=O,0,O=C(OCCN1CCCCC1)c1cccc2c(=O)cc(-c3ccccc3)oc12,0.20764807360552043,1,0.9441946074710869
Cc1nc2n(c(=O)c1CCN1CCC(c3noc4cc(F)ccc34)CC1)CCCC2,1,O=c1c(CCN2CCC(c3noc4ccccc34)CC2)cnc2n1CCCC2,Cc1cc(C2CCCCC2)n(O)c(=O)c1,0,O=c1cccc(C2CCCCC2)[nH]1,0.17839826839826842,1,0.962733465373028
Cc1nc2n(c(=O)c1CCN1CCC(c3noc4cc(F)ccc34)CC1)CCCC2,1,O=c1c(CCN2CCC(c3noc4ccccc34)CC2)cnc2n1CCCC2,OC(CCN1CCCC1)(c1ccccc1)C1CCCCC1,0,c1ccc(C(CCN2CCCC2)C2CCCCC2)cc1,0.17052966945440062,1,0.9696866199641156
Cc1c(-c2ccccc2)oc2c(C(=O)OCCN3CCCCC3)cccc2c1=O,0,O=C(OCCN1CCCCC1)c1cccc2c(=O)cc(-c3ccccc3)oc12,OC(CCN1CCCC1)(c1ccccc1)C1CCCCC1,0,c1ccc(C(CCN2CCCC2)C2CCCCC2)cc1,0.2666666666666667,0,0.3118121759750167
Cc1c(-c2ccccc2)oc2c(C(=O)OCCN3CCCCC3)cccc2c1=O,0,O=C(OCCN1CCCCC1)c1cccc2c(=O)cc(-c3ccccc3)oc12,CCN(CC)CCOCCOC(=O)C1(c2ccccc2)CCCC1,0,c1ccc(C2CCCC2)cc1,0.2520242914979757,0,0.31934938135026314
Cc1c(-c2ccccc2)oc2c(C(=O)OCCN3CCCCC3)cccc2c1=O,0,O=C(OCCN1CCCCC1)c1cccc2c(=O)cc(-c3ccccc3)oc12,OCCOCCN1CCN(C(c2ccccc2)c2ccc(Cl)cc2)CC1,0,c1ccc(C(c2ccccc2)N2CCNCC2)cc1,0.23747368421052634,0,0.09003276130079156
Cc1c(-c2ccccc2)oc2c(C(=O)OCCN3CCCCC3)cccc2c1=O,0,O=C(OCCN1CCCCC1)c1cccc2c(=O)cc(-c3ccccc3)oc12,CCCCN1CCCCC1C(=O)Nc1c(C)cccc1C,0,O=C(Nc1ccccc1)C1CCCCN1,0.23609022556390977,0,0.24530483673308498
COc1ccc2c(c1)C13CCCCC1C(C2)N(C)CC3,0,c1ccc2c(c1)CC1NCCC23CCCCC13,COc1ccc2c3c1OC1C(=O)CCC4C(C2)N(C)CCC314,0,O=C1CCC2C3Cc4cccc5c4C2(CCN3)C1O5,0.42578018995929445,0,0.014719507376347026
COc1ccc2c(c1)C13CCCCC1C(C2)N(C)CC3,0,c1ccc2c(c1)CC1NCCC23CCCCC13,CN1CCC23c4c5ccc(O)c4OC2C(=O)CCC3C1C5,0,O=C1CCC2C3Cc4cccc5c4C2(CCN3)C1O5,0.36715686274509807,0,0.012293163104395642
COc1ccc2c(c1)C13CCCCC1C(C2)N(C)CC3,0,c1ccc2c(c1)CC1NCCC23CCCCC13,COc1ccc2c3c1OC1C(O)C=CC4C(C2)N(C)CCC341,0,C1=CC2C3Cc4cccc5c4C2(CCN3)C(C1)O5,0.36119491274770776,0,0.13120026019593028
COc1ccc2c(c1)C13CCCCC1C(C2)N(C)CC3,0,c1ccc2c(c1)CC1NCCC23CCCCC13,CNC(=O)Oc1ccc2c(c1)C1(C)CCN(C)C1N2C,0,c1ccc2c(c1)NC1NCCC21,0.3360125588697017,0,0.3855109441121553
C=C1CC2C(CCC3(C)C(=O)CCC23)C2(C)C=CC(=O)C=C12,1,C=C1CC2C(CCC3C(=O)CCC32)C2C=CC(=O)C=C12,CC(=O)C1(O)CCC2C3CC(C)C4=CC(=O)CCC4(C)C3CCC21C,0,O=C1C=C2CCC3C4CCCC4CCC3C2CC1,0.2959752321981424,1,0.8932854852515555
C=C1CC2C(CCC3(C)C(=O)CCC23)C2(C)C=CC(=O)C=C12,1,C=C1CC2C(CCC3C(=O)CCC32)C2C=CC(=O)C=C12,C#CC1(O)CCC2C3CCC4=CC(=O)CCC4C3CCC21C,0,O=C1C=C2CCC3C4CCCC4CCC3C2CC1,0.26755852842809363,1,0.7945765711328564
C=C1CC2C(CCC3(C)C(=O)CCC23)C2(C)C=CC(=O)C=C12,1,C=C1CC2C(CCC3C(=O)CCC32)C2C=CC(=O)C=C12,CC12CCC(=O)C=C1CCC1C2C(O)CC2(C)C1CCC2(O)C(=O)CO,0,O=C1C=C2CCC3C4CCCC4CCC3C2CC1,0.2582023884349466,1,0.8047947676258874
C=C1CC2C(CCC3(C)C(=O)CCC23)C2(C)C=CC(=O)C=C12,1,C=C1CC2C(CCC3C(=O)CCC32)C2C=CC(=O)C=C12,C#CC1(O)CCC2C3CCC4=CC(=O)CCC4C3CCC21CC,0,O=C1C=C2CCC3C4CCCC4CCC3C2CC1,0.24438356164383562,1,0.7945765711328564
COc1cc(NC(C)CCCN)c2ncccc2c1,0,c1ccc2ncccc2c1,COc1ccc(CN(CCN(C)C)c2ccccn2)cc1,0,c1ccc(CNc2ccccn2)cc1,0.23552447552447553,0,0.4705040169393196
COc1cc(NC(C)CCCN)c2ncccc2c1,0,c1ccc2ncccc2c1,COc1ccc(OC)c(C(O)C(C)N)c1,0,c1ccccc1,0.23279292557111275,0,0.16008448693815486
COc1cc(NC(C)CCCN)c2ncccc2c1,0,c1ccc2ncccc2c1,COc1ccc(OC)c(C(O)CNC(=O)CN)c1,0,c1ccccc1,0.22710120068610634,0,0.1868759636245632
COc1cc(NC(C)CCCN)c2ncccc2c1,0,c1ccc2ncccc2c1,COc1ccc(CC(C)NCC(O)c2ccc(O)c(NC=O)c2)cc1,0,c1ccc(CCNCCc2ccccc2)cc1,0.21193650793650795,0,0.36970822017559113
Oc1cccc2cccnc12,1,c1ccc2ncccc2c1,COc1cc(NC(C)CCCN)c2ncccc2c1,0,c1ccc2ncccc2c1,0.25973552211582307,1,0.5754406786814857
Oc1cccc2cccnc12,1,c1ccc2ncccc2c1,O=C(O)c1ccccc1O,0,c1ccccc1,0.25311827956989247,1,0.5946197404883808
Oc1cccc2cccnc12,1,c1ccc2ncccc2c1,NC(=O)c1ccccc1O,0,c1ccccc1,0.24666666666666667,1,0.5700463528821075
Oc1cccc2cccnc12,1,c1ccc2ncccc2c1,CC(C)c1cccc(C(C)C)c1O,0,c1ccccc1,0.22508960573476705,0,0.45967127081677156
Cc1cc(Br)c(O)c2ncccc12,1,c1ccc2ncccc2c1,Cc1ncc(CO)c(CO)c1O,0,c1ccncc1,0.24160206718346253,1,0.6356182184573489
Cc1cc(Br)c(O)c2ncccc12,1,c1ccc2ncccc2c1,COc1cc(NC(C)CCCN)c2ncccc2c1,0,c1ccc2ncccc2c1,0.22427118644067795,1,0.8522197095197126
Cc1cc(Br)c(O)c2ncccc12,1,c1ccc2ncccc2c1,CN(C)CCC(c1ccc(Br)cc1)c1ccccn1,0,c1ccc(Cc2ccccn2)cc1,0.21937106918238997,0,0.42588453971884854
Cc1cc(Br)c(O)c2ncccc12,1,c1ccc2ncccc2c1,CC(C)c1cccc(C(C)C)c1O,0,c1ccccc1,0.21084529505582136,1,0.7835316670668548
COc1ccc(Cc2nccc3cc(OC)c(OC)cc23)cc1OC,1,c1ccc(Cc2nccc3ccccc23)cc1,COc1ccccc1OCC(O)CO,0,c1ccccc1,0.2485499462943072,1,0.9563324947872952
COc1ccc(Cc2nccc3cc(OC)c(OC)cc23)cc1OC,1,c1ccc(Cc2nccc3ccccc23)cc1,COc1ccc(CN(CCN(C)C)c2ccccn2)cc1,0,c1ccc(CNc2ccccn2)cc1,0.24452773613193407,1,0.9528745075228023
COc1ccc(Cc2nccc3cc(OC)c(OC)cc23)cc1OC,1,c1ccc(Cc2nccc3ccccc23)cc1,COCCCOc1cc(CC(CC(N)C(O)CC(C(=O)NCC(C)(C)C(N)=O)C(C)C)C(C)C)ccc1OC,0,c1ccccc1,0.23549679487179487,1,0.9594880435757863
COc1ccc(Cc2nccc3cc(OC)c(OC)cc23)cc1OC,1,c1ccc(Cc2nccc3ccccc23)cc1,COc1ccc(OC)c(C(O)C(C)N)c1,0,c1ccccc1,0.22423076923076923,1,0.9148879147097273
CC12CCC3C4CCC(=O)C=C4CCC3C1CCC2O,1,O=C1C=C2CCC3C4CCCC4CCC3C2CC1,C#CC1(O)CCC2C3CCC4=CC(=O)CCC4C3CCC21C,0,O=C1C=C2CCC3C4CCCC4CCC3C2CC1,0.5861635220125786,0,0.32518507758265863
CC12CCC3C4CCC(=O)C=C4CCC3C1CCC2O,1,O=C1C=C2CCC3C4CCCC4CCC3C2CC1,C#CC1(O)CCC2C3CCC4=CC(=O)CCC4C3CCC21CC,0,O=C1C=C2CCC3C4CCCC4CCC3C2CC1,0.5364293085655315,0,0.32518507758265863
CC12CCC3C4CCC(=O)C=C4CCC3C1CCC2O,1,O=C1C=C2CCC3C4CCCC4CCC3C2CC1,CC12CCC(=O)C=C1CCC1C2C(O)CC2(C)C1CCC2(O)C(=O)CO,0,O=C1C=C2CCC3C4CCCC4CCC3C2CC1,0.35080297688993345,0,0.49494229616690405
CC12CCC3C4CCC(=O)C=C4CCC3C1CCC2O,1,O=C1C=C2CCC3C4CCCC4CCC3C2CC1,CC(=O)C1(O)CCC2C3CC(C)C4=CC(=O)CCC4(C)C3CCC21C,0,O=C1C=C2CCC3C4CCCC4CCC3C2CC1,0.32675324675324674,1,0.8130899522797594
CC(=O)C1(O)CCC2C3CC(C)C4=CC(=O)CCC4(C)C3CCC21C,0,O=C1C=C2CCC3C4CCCC4CCC3C2CC1,CC12CCC(=O)C=C1CCC1C2C(O)CC2(C)C1CCC2(O)C(=O)CO,0,O=C1C=C2CCC3C4CCCC4CCC3C2CC1,0.46405808793868497,0,0.16382060447589386
CC(=O)C1(O)CCC2C3CC(C)C4=CC(=O)CCC4(C)C3CCC21C,0,O=C1C=C2CCC3C4CCCC4CCC3C2CC1,C#CC1(O)CCC2C3CCC4=CC(=O)CCC4C3CCC21C,0,O=C1C=C2CCC3C4CCCC4CCC3C2CC1,0.40450216450216453,0,0.15526743867858217
CC(=O)C1(O)CCC2C3CC(C)C4=CC(=O)CCC4(C)C3CCC21C,0,O=C1C=C2CCC3C4CCCC4CCC3C2CC1,CC12CCC(=O)C=C1CCC1C3CCC(O)(C(=O)CO)C3(C)CC(O)C12F,0,O=C1C=C2CCC3C4CCCC4CCC3C2CC1,0.37142857142857144,0,0.08528402865590841
CC(=O)C1(O)CCC2C3CC(C)C4=CC(=O)CCC4(C)C3CCC21C,0,O=C1C=C2CCC3C4CCCC4CCC3C2CC1,C#CC1(O)CCC2C3CCC4=CC(=O)CCC4C3CCC21CC,0,O=C1C=C2CCC3C4CCCC4CCC3C2CC1,0.3217326915957053,0,0.15526743867858217
C#CC1(O)CCC2C3CCC4=CC(=O)CCC4C3CCC21CC,0,O=C1C=C2CCC3C4CCCC4CCC3C2CC1,C#CC1(O)CCC2C3CCC4=CC(=O)CCC4C3CCC21C,0,O=C1C=C2CCC3C4CCCC4CCC3C2CC1,0.7542300669506999,0,0.0359471683359352
C#CC1(O)CCC2C3CCC4=CC(=O)CCC4C3CCC21CC,0,O=C1C=C2CCC3C4CCCC4CCC3C2CC1,CC12CCC(=O)C=C1CCC1C2C(O)CC2(C)C1CCC2(O)C(=O)CO,0,O=C1C=C2CCC3C4CCCC4CCC3C2CC1,0.3360526315789474,0,0.018921481823529998
C#CC1(O)CCC2C3CCC4=CC(=O)CCC4C3CCC21CC,0,O=C1C=C2CCC3C4CCCC4CCC3C2CC1,CC(=O)C1(O)CCC2C3CC(C)C4=CC(=O)CCC4(C)C3CCC21C,0,O=C1C=C2CCC3C4CCCC4CCC3C2CC1,0.3217326915957053,0,0.03768276285368818
C#CC1(O)CCC2C3CCC4=CC(=O)CCC4C3CCC21CC,0,O=C1C=C2CCC3C4CCCC4CCC3C2CC1,CC12CCC(=O)C=C1CCC1C3CCC(O)(C(=O)CO)C3(C)CC(O)C12F,0,O=C1C=C2CCC3C4CCCC4CCC3C2CC1,0.30512820512820515,0,0.0090948563561453
CC12CCC(=O)C=C1CCC1C3CCC(O)(C(=O)CO)C3(C)CC(O)C12F,0,O=C1C=C2CCC3C4CCCC4CCC3C2CC1,CC12CCC(=O)C=C1CCC1C2C(O)CC2(C)C1CCC2(O)C(=O)CO,0,O=C1C=C2CCC3C4CCCC4CCC3C2CC1,0.6075,0,0.035087532286159635
CC12CCC(=O)C=C1CCC1C3CCC(O)(C(=O)CO)C3(C)CC(O)C12F,0,O=C1C=C2CCC3C4CCCC4CCC3C2CC1,CC(=O)C1(O)CCC2C3CC(C)C4=CC(=O)CCC4(C)C3CCC21C,0,O=C1C=C2CCC3C4CCCC4CCC3C2CC1,0.37142857142857144,0,0.055845177005383384
CC12CCC(=O)C=C1CCC1C3CCC(O)(C(=O)CO)C3(C)CC(O)C12F,0,O=C1C=C2CCC3C4CCCC4CCC3C2CC1,C#CC1(O)CCC2C3CCC4=CC(=O)CCC4C3CCC21C,0,O=C1C=C2CCC3C4CCCC4CCC3C2CC1,0.3228571428571429,0,0.026604242793138895
CC12CCC(=O)C=C1CCC1C3CCC(O)(C(=O)CO)C3(C)CC(O)C12F,0,O=C1C=C2CCC3C4CCCC4CCC3C2CC1,C#CC1(O)CCC2C3CCC4=CC(=O)CCC4C3CCC21CC,0,O=C1C=C2CCC3C4CCCC4CCC3C2CC1,0.30512820512820515,0,0.026604242793138895
C#CC1(O)CCC2C3CCC4=CC(=O)CCC4C3CCC21C,0,O=C1C=C2CCC3C4CCCC4CCC3C2CC1,C#CC1(O)CCC2C3CCC4=CC(=O)CCC4C3CCC21CC,0,O=C1C=C2CCC3C4CCCC4CCC3C2CC1,0.7542300669506999,0,0.0359471683359352
C#CC1(O)CCC2C3CCC4=CC(=O)CCC4C3CCC21C,0,O=C1C=C2CCC3C4CCCC4CCC3C2CC1,CC(=O)C1(O)CCC2C3CC(C)C4=CC(=O)CCC4(C)C3CCC21C,0,O=C1C=C2CCC3C4CCCC4CCC3C2CC1,0.40450216450216453,0,0.03768276285368818
C#CC1(O)CCC2C3CCC4=CC(=O)CCC4C3CCC21C,0,O=C1C=C2CCC3C4CCCC4CCC3C2CC1,CC12CCC(=O)C=C1CCC1C2C(O)CC2(C)C1CCC2(O)C(=O)CO,0,O=C1C=C2CCC3C4CCCC4CCC3C2CC1,0.38547071905114905,0,0.018921481823529998
C#CC1(O)CCC2C3CCC4=CC(=O)CCC4C3CCC21C,0,O=C1C=C2CCC3C4CCCC4CCC3C2CC1,CC12CCC(=O)C=C1CCC1C3CCC(O)(C(=O)CO)C3(C)CC(O)C12F,0,O=C1C=C2CCC3C4CCCC4CCC3C2CC1,0.3228571428571429,0,0.0090948563561453
CC12CCC(=O)C=C1CCC1C2C(O)CC2(C)C1CCC2(O)C(=O)CO,0,O=C1C=C2CCC3C4CCCC4CCC3C2CC1,CC12CCC(=O)C=C1CCC1C3CCC(O)(C(=O)CO)C3(C)CC(O)C12F,0,O=C1C=C2CCC3C4CCCC4CCC3C2CC1,0.6075,0,0.03710622797520952
CC12CCC(=O)C=C1CCC1C2C(O)CC2(C)C1CCC2(O)C(=O)CO,0,O=C1C=C2CCC3C4CCCC4CCC3C2CC1,CC(=O)C1(O)CCC2C3CC(C)C4=CC(=O)CCC4(C)C3CCC21C,0,O=C1C=C2CCC3C4CCCC4CCC3C2CC1,0.46405808793868497,0,0.11638492070604362
CC12CCC(=O)C=C1CCC1C2C(O)CC2(C)C1CCC2(O)C(=O)CO,0,O=C1C=C2CCC3C4CCCC4CCC3C2CC1,C#CC1(O)CCC2C3CCC4=CC(=O)CCC4C3CCC21C,0,O=C1C=C2CCC3C4CCCC4CCC3C2CC1,0.38547071905114905,0,0.05737112091223876
CC12CCC(=O)C=C1CCC1C2C(O)CC2(C)C1CCC2(O)C(=O)CO,0,O=C1C=C2CCC3C4CCCC4CCC3C2CC1,C#CC1(O)CCC2C3CCC4=CC(=O)CCC4C3CCC21CC,0,O=C1C=C2CCC3C4CCCC4CCC3C2CC1,0.3360526315789474,0,0.05737112091223876
CC(C)(Sc1cc(C(C)(C)C)c(O)c(C(C)(C)C)c1)Sc1cc(C(C)(C)C)c(O)c(C(C)(C)C)c1,0,c1ccc(SCSc2ccccc2)cc1,CC(C)c1cccc(C(C)C)c1O,0,c1ccccc1,0.22200000000000003,0,0.10660334059838991
CC(C)(Sc1cc(C(C)(C)C)c(O)c(C(C)(C)C)c1)Sc1cc(C(C)(C)C)c(O)c(C(C)(C)C)c1,0,c1ccc(SCSc2ccccc2)cc1,CC[N+](C)(C)c1cccc(O)c1,0,c1ccccc1,0.19111842105263158,0,0.041318807507100035
CC(C)(Sc1cc(C(C)(C)C)c(O)c(C(C)(C)C)c1)Sc1cc(C(C)(C)C)c(O)c(C(C)(C)C)c1,0,c1ccc(SCSc2ccccc2)cc1,CC(N)(Cc1ccc(O)cc1)C(=O)O,0,c1ccccc1,0.19,0,0.1802023436443303
CC(C)(Sc1cc(C(C)(C)C)c(O)c(C(C)(C)C)c1)Sc1cc(C(C)(C)C)c(O)c(C(C)(C)C)c1,0,c1ccc(SCSc2ccccc2)cc1,CC(Cc1ccc(O)c(O)c1)(NN)C(=O)O,0,c1ccccc1,0.1895906432748538,0,0.09692120698644967
C=C1CCC2(O)C3Cc4ccc(O)c5c4C2(CCN3CC2CC2)C1O5,0,C=C1CCC2C3Cc4cccc5c4C2(CCN3CC2CC2)C1O5,CN1CCC23c4c5ccc(O)c4OC2C(=O)CCC3(O)C1C5,0,O=C1CCC2C3Cc4cccc5c4C2(CCN3)C1O5,0.5764102564102564,0,0.002633498895714709
C=C1CCC2(O)C3Cc4ccc(O)c5c4C2(CCN3CC2CC2)C1O5,0,C=C1CCC2C3Cc4cccc5c4C2(CCN3CC2CC2)C1O5,COc1ccc2c3c1OC1C(=O)CCC4(O)C(C2)N(C)CCC314,0,O=C1CCC2C3Cc4cccc5c4C2(CCN3)C1O5,0.46101010101010104,0,0.001635599663753845
C=C1CCC2(O)C3Cc4ccc(O)c5c4C2(CCN3CC2CC2)C1O5,0,C=C1CCC2C3Cc4cccc5c4C2(CCN3CC2CC2)C1O5,CN1CCC23c4c5ccc(O)c4OC2C(=O)CCC3C1C5,0,O=C1CCC2C3Cc4cccc5c4C2(CCN3)C1O5,0.403003003003003,0,0.0036592301752400346
C=C1CCC2(O)C3Cc4ccc(O)c5c4C2(CCN3CC2CC2)C1O5,0,C=C1CCC2C3Cc4cccc5c4C2(CCN3CC2CC2)C1O5,CN1CCC23c4c5ccc(O)c4OC2C(O)C=CC3C1C5,0,C1=CC2C3Cc4cccc5c4C2(CCN3)C(C1)O5,0.3650909090909091,0,0.022170783568139098
CNCCCN1c2ccccc2CCc2ccccc21,0,c1ccc2c(c1)CCc1ccccc1N2,CNCCCC12CCC(c3ccccc31)c1ccccc12,0,c1ccc2c(c1)C1CCC2c2ccccc21,0.3264705882352941,0,0.09516087213645345
CNCCCN1c2ccccc2CCc2ccccc21,0,c1ccc2c(c1)CCc1ccccc1N2,CNC(C)Cc1ccccc1,0,c1ccccc1,0.2645161290322581,0,0.20549918154333596
CNCCCN1c2ccccc2CCc2ccccc21,0,c1ccc2c(c1)CCc1ccccc1N2,CN1CCN(C(c2ccccc2)c2ccccc2)CC1,0,c1ccc(C(c2ccccc2)N2CCNCC2)cc1,0.22476190476190475,0,0.175527552960471
CNCCCN1c2ccccc2CCc2ccccc21,0,c1ccc2c(c1)CCc1ccccc1N2,CNC1(c2ccccc2Cl)CCCCC1=O,0,O=C1CCCCC1c1ccccc1,0.21840120663650076,0,0.11637670832178096
CN1C2CCC1CC(OC(c1ccccc1)c1ccccc1)C2,0,c1ccc(C(OC2CC3CCC(C2)N3)c2ccccc2)cc1,CN(C)CCOC(c1ccccc1)c1ccccc1,0,c1ccc(Cc2ccccc2)cc1,0.3502102607232969,0,0.021661388589607228
CN1C2CCC1CC(OC(c1ccccc1)c1ccccc1)C2,0,c1ccc(C(OC2CC3CCC(C2)N3)c2ccccc2)cc1,CN1C2CC(OC(=O)C(CO)c3ccccc3)CC1C1OC12,0,O=C(Cc1ccccc1)OC1CC2NC(C1)C1OC21,0.34849566547679756,0,0.12317562817583075
CN1C2CCC1CC(OC(c1ccccc1)c1ccccc1)C2,0,c1ccc(C(OC2CC3CCC(C2)N3)c2ccccc2)cc1,CN1CCN(C(c2ccccc2)c2ccccc2)CC1,0,c1ccc(C(c2ccccc2)N2CCNCC2)cc1,0.32666666666666666,0,0.09728062485820442
CN1C2CCC1CC(OC(c1ccccc1)c1ccccc1)C2,0,c1ccc(C(OC2CC3CCC(C2)N3)c2ccccc2)cc1,Cc1ccccc1C(OCCN(C)C)c1ccccc1,0,c1ccc(Cc2ccccc2)cc1,0.3041666666666667,0,0.021661388589607228
Nc1ccc(N=Nc2ccccc2)c(N)n1,0,c1ccc(N=Nc2cccnc2)cc1,Nc1c2c(nc3ccccc13)CCCC2,0,c1ccc2nc3c(cc2c1)CCCC3,0.21866028708133972,0,0.10796047258453309
Nc1ccc(N=Nc2ccccc2)c(N)n1,0,c1ccc(N=Nc2cccnc2)cc1,CC(C)(N)Cc1ccccc1,0,c1ccccc1,0.1749546279491833,0,0.14756258145544335
Nc1ccc(N=Nc2ccccc2)c(N)n1,0,c1ccc(N=Nc2cccnc2)cc1,CC(N)Cc1ccccc1,0,c1ccccc1,0.1749546279491833,0,0.14756258145544335
Nc1ccc(N=Nc2ccccc2)c(N)n1,0,c1ccc(N=Nc2cccnc2)cc1,NNCCc1ccccc1,0,c1ccccc1,0.17403508771929824,0,0.14090744115475823
CCCCN1CCCCC1C(=O)Nc1c(C)cccc1C,0,O=C(Nc1ccccc1)C1CCCCN1,CCN(CC)CC(=O)Nc1c(C)cccc1C,0,c1ccccc1,0.4192513368983957,0,0.1429526285754483
CCCCN1CCCCC1C(=O)Nc1c(C)cccc1C,0,O=C(Nc1ccccc1)C1CCCCN1,OC(CCN1CCCC1)(c1ccccc1)C1CCCCC1,0,c1ccc(C(CCN2CCCC2)C2CCCCC2)cc1,0.265,0,0.16834723391364342
CCCCN1CCCCC1C(=O)Nc1c(C)cccc1C,0,O=C(Nc1ccccc1)C1CCCCN1,CC(=O)Nc1cccc(O)c1,0,c1ccccc1,0.24267053701015967,0,0.1717489850553891
CCCCN1CCCCC1C(=O)Nc1c(C)cccc1C,0,O=C(Nc1ccccc1)C1CCCCN1,Cc1c(-c2ccccc2)oc2c(C(=O)OCCN3CCCCC3)cccc2c1=O,0,O=C(OCCN1CCCCC1)c1cccc2c(=O)cc(-c3ccccc3)oc12,0.23609022556390977,0,0.16886888526329108
Cc1onc(-c2c(Cl)cccc2Cl)c1C(=O)NC1C(=O)N2C1SC(C)(C)C2C(=O)O,1,O=C(NC1C(=O)N2CCSC12)c1conc1-c1ccccc1,CC1(C)SC2C(NC(=O)Cc3ccccc3)C(=O)N2C1C(=O)O,0,O=C(Cc1ccccc1)NC1C(=O)N2CCSC12,0.5054545454545455,1,0.9993235162723209
Cc1onc(-c2c(Cl)cccc2Cl)c1C(=O)NC1C(=O)N2C1SC(C)(C)C2C(=O)O,1,O=C(NC1C(=O)N2CCSC12)c1conc1-c1ccccc1,CNC1(c2ccccc2Cl)CCCCC1=O,0,O=C1CCCCC1c1ccccc1,0.17737634408602154,1,0.9892449873327241
Cc1onc(-c2c(Cl)cccc2Cl)c1C(=O)NC1C(=O)N2C1SC(C)(C)C2C(=O)O,1,O=C(NC1C(=O)N2CCSC12)c1conc1-c1ccccc1,CC(NC(C)(C)C)C(=O)c1cccc(Cl)c1,0,c1ccccc1,0.16964912280701755,1,0.9892449873327241
Cc1onc(-c2c(Cl)cccc2Cl)c1C(=O)NC1C(=O)N2C1SC(C)(C)C2C(=O)O,1,O=C(NC1C(=O)N2CCSC12)c1conc1-c1ccccc1,CC1(C)C(C=C(Cl)Cl)C1C(=O)OCc1cccc(Oc2ccccc2)c1,0,O=C(OCc1cccc(Oc2ccccc2)c1)C1CC1,0.16402974983096688,1,0.9968326818938699
Cc1onc(-c2ccccc2Cl)c1C(=O)NC1C(=O)N2C1SC(C)(C)C2C(=O)O,1,O=C(NC1C(=O)N2CCSC12)c1conc1-c1ccccc1,CC1(C)SC2C(NC(=O)Cc3ccccc3)C(=O)N2C1C(=O)O,0,O=C(Cc1ccccc1)NC1C(=O)N2CCSC12,0.50954157782516,1,0.9993344208863474
Cc1onc(-c2ccccc2Cl)c1C(=O)NC1C(=O)N2C1SC(C)(C)C2C(=O)O,1,O=C(NC1C(=O)N2CCSC12)c1conc1-c1ccccc1,CNC1(c2ccccc2Cl)CCCCC1=O,0,O=C1CCCCC1c1ccccc1,0.18546365914786966,1,0.9938401846153581
Cc1onc(-c2ccccc2Cl)c1C(=O)NC1C(=O)N2C1SC(C)(C)C2C(=O)O,1,O=C(NC1C(=O)N2CCSC12)c1conc1-c1ccccc1,CC1(C)C(C=C(Cl)Cl)C1C(=O)OCc1cccc(Oc2ccccc2)c1,0,O=C(OCc1cccc(Oc2ccccc2)c1)C1CC1,0.16062530532486566,1,0.9968836124287855
Cc1onc(-c2ccccc2Cl)c1C(=O)NC1C(=O)N2C1SC(C)(C)C2C(=O)O,1,O=C(NC1C(=O)N2CCSC12)c1conc1-c1ccccc1,Cc1c(-c2ccccc2)oc2c(C(=O)OCCN3CCCCC3)cccc2c1=O,0,O=C(OCCN1CCCCC1)c1cccc2c(=O)cc(-c3ccccc3)oc12,0.156140350877193,1,0.9947255319790962
OCC1OC(OC2C(CO)OC(O)(CO)C2O)C(O)C(O)C1O,0,C1CCC(OC2CCOC2)OC1,OCC1OC(OC2C(CO)OC(O)C(O)C2O)C(O)C(O)C1O,0,C1CCC(OC2CCCOC2)OC1,0.5733333333333334,0,0.27203998232466753
OCC1OC(OC2C(CO)OC(O)(CO)C2O)C(O)C(O)C1O,0,C1CCC(OC2CCOC2)OC1,NCC1OC(OC2C(N)CC(N)C(OC3OC(CO)C(O)C(N)C3O)C2O)C(O)C(O)C1O,0,C1CCC(OC2CCCC(OC3CCCCO3)C2)OC1,0.4315845257021728,0,0.09594465829200886
OCC1OC(OC2C(CO)OC(O)(CO)C2O)C(O)C(O)C1O,0,C1CCC(OC2CCOC2)OC1,NCCC(O)C(=O)NC1CC(N)C(OC2OC(CN)C(O)C(O)C2O)C(O)C1OC1OC(CO)C(O)C(N)C1O,0,C1CCC(OC2CCCC(OC3CCCCO3)C2)OC1,0.32037858621709553,0,0.09517776867704415
OCC1OC(OC2C(CO)OC(O)(CO)C2O)C(O)C(O)C1O,0,C1CCC(OC2CCOC2)OC1,CNC1C(OC2C(OC3C(O)C(O)C(N=C(N)N)C(O)C3N=C(N)N)OC(C)C2(O)C=O)OC(CO)C(O)C1O,0,C1CCC(OC2OCCC2OC2CCCCO2)CC1,0.2916666666666667,0,0.10727186707167001
COc1cc(O)c(C(=O)c2ccccc2)cc1S(=O)(=O)O,0,O=C(c1ccccc1)c1ccccc1,CC(=O)Oc1ccccc1C(=O)O,0,c1ccccc1,0.3152731326644371,0,0.0517499662661721
COc1cc(O)c(C(=O)c2ccccc2)cc1S(=O)(=O)O,0,O=C(c1ccccc1)c1ccccc1,O=C(O)c1ccccc1O,0,c1ccccc1,0.2934362934362934,0,0.07498974584642776
COc1cc(O)c(C(=O)c2ccccc2)cc1S(=O)(=O)O,0,O=C(c1ccccc1)c1ccccc1,NC(=O)c1ccccc1O,0,c1ccccc1,0.27222222222222225,0,0.06827400132362876
COc1cc(O)c(C(=O)c2ccccc2)cc1S(=O)(=O)O,0,O=C(c1ccccc1)c1ccccc1,COc1cc(CNC(=O)CCCCC=CC(C)C)ccc1O,0,c1ccccc1,0.27132352941176474,0,0.01014660428252846
O=C(c1cc(O)c(O)c(O)c1)c1ccc(O)c(O)c1O,1,O=C(c1ccccc1)c1ccccc1,COc1cc(O)c(C(=O)c2ccccc2)cc1S(=O)(=O)O,0,O=C(c1ccccc1)c1ccccc1,0.29905437352245867,1,0.9279598975545793
O=C(c1cc(O)c(O)c(O)c1)c1ccc(O)c(O)c1O,1,O=C(c1ccccc1)c1ccccc1,NC(=O)c1ccccc1O,0,c1ccccc1,0.2963800904977376,1,0.9803089887738541
O=C(c1cc(O)c(O)c(O)c1)c1ccc(O)c(O)c1O,1,O=C(c1ccccc1)c1ccccc1,NCCc1ccc(O)c(O)c1,0,c1ccccc1,0.2846153846153846,1,0.9202379988145656
O=C(c1cc(O)c(O)c(O)c1)c1ccc(O)c(O)c1O,1,O=C(c1ccccc1)c1ccccc1,NC(Cc1ccc(O)c(O)c1)C(=O)O,0,c1ccccc1,0.2701219512195122,1,0.9521361625705081
Cc1ccc(C(=O)c2cc(O)c(O)c([N+](=O)[O-])c2)cc1,1,O=C(c1ccccc1)c1ccccc1,COc1cc(O)c(C(=O)c2ccccc2)cc1S(=O)(=O)O,0,O=C(c1ccccc1)c1ccccc1,0.2448051948051948,1,0.94086226661504
Cc1ccc(C(=O)c2cc(O)c(O)c([N+](=O)[O-])c2)cc1,1,O=C(c1ccccc1)c1ccccc1,O=C(NC(CO)C(O)c1ccc([N+](=O)[O-])cc1)C(Cl)Cl,0,c1ccccc1,0.2153605015673981,1,0.9993888233974172
Cc1ccc(C(=O)c2cc(O)c(O)c([N+](=O)[O-])c2)cc1,1,O=C(c1ccccc1)c1ccccc1,NC(=O)c1ccccc1O,0,c1ccccc1,0.2042780748663102,1,0.9839973294375122
Cc1ccc(C(=O)c2cc(O)c(O)c([N+](=O)[O-])c2)cc1,1,O=C(c1ccccc1)c1ccccc1,NCCc1ccc(O)c(O)c1,0,c1ccccc1,0.19795396419437342,1,0.9559899288058633
CC(C)OC(=O)C(C)(C)Oc1ccc(C(=O)c2ccc(Cl)cc2)cc1,1,O=C(c1ccccc1)c1ccccc1,CC(NC(C)(C)C)C(=O)c1cccc(Cl)c1,0,c1ccccc1,0.31598039215686274,1,0.9328520735547853
CC(C)OC(=O)C(C)(C)Oc1ccc(C(=O)c2ccc(Cl)cc2)cc1,1,O=C(c1ccccc1)c1ccccc1,COc1cc(O)c(C(=O)c2ccccc2)cc1S(=O)(=O)O,0,O=C(c1ccccc1)c1ccccc1,0.23583208395802102,1,0.5230162027346945
CC(C)OC(=O)C(C)(C)Oc1ccc(C(=O)c2ccc(Cl)cc2)cc1,1,O=C(c1ccccc1)c1ccccc1,CN1CCCC1CCOC(C)(c1ccccc1)c1ccc(Cl)cc1,0,c1ccc(C(OCCC2CCCN2)c2ccccc2)cc1,0.22160110420979987,1,0.8042275532416668
CC(C)OC(=O)C(C)(C)Oc1ccc(C(=O)c2ccc(Cl)cc2)cc1,1,O=C(c1ccccc1)c1ccccc1,COC(=O)CCc1ccc(OCC(O)CNC(C)C)cc1,0,c1ccccc1,0.2119815668202765,1,0.7743412906866491
CC(C(=O)O)c1cccc(C(=O)c2ccccc2)c1,1,O=C(c1ccccc1)c1ccccc1,COc1cc(O)c(C(=O)c2ccccc2)cc1S(=O)(=O)O,0,O=C(c1ccccc1)c1ccccc1,0.3456140350877193,1,0.7843602028174461
CC(C(=O)O)c1cccc(C(=O)c2ccccc2)c1,1,O=C(c1ccccc1)c1ccccc1,CNC(C)C(O)c1ccccc1,0,c1ccccc1,0.3235053235053235,1,0.9133235051277543
CC(C(=O)O)c1cccc(C(=O)c2ccccc2)c1,1,O=C(c1ccccc1)c1ccccc1,CC(N)C(O)c1ccccc1,0,c1ccccc1,0.32,1,0.8775585547060919
CC(C(=O)O)c1cccc(C(=O)c2ccccc2)c1,1,O=C(c1ccccc1)c1ccccc1,CC(NC(C)(C)C)C(=O)c1cccc(Cl)c1,0,c1ccccc1,0.2908466819221968,1,0.8641086833565639
Nc1c(CC(=O)O)cccc1C(=O)c1ccc(Br)cc1,1,O=C(c1ccccc1)c1ccccc1,Nc1ccc(C(=O)O)cc1,0,c1ccccc1,0.2740540540540541,1,0.9762153970179142
Nc1c(CC(=O)O)cccc1C(=O)c1ccc(Br)cc1,1,O=C(c1ccccc1)c1ccccc1,CC(=O)Oc1ccccc1C(=O)O,0,c1ccccc1,0.2563146997929607,1,0.9783961474219574
Nc1c(CC(=O)O)cccc1C(=O)c1ccc(Br)cc1,1,O=C(c1ccccc1)c1ccccc1,COc1cc(O)c(C(=O)c2ccccc2)cc1S(=O)(=O)O,0,O=C(c1ccccc1)c1ccccc1,0.24767353165522504,1,0.960660959353713
Nc1c(CC(=O)O)cccc1C(=O)c1ccc(Br)cc1,1,O=C(c1ccccc1)c1ccccc1,NC(=O)c1ccccc1O,0,c1ccccc1,0.23220035778175313,1,0.9895157765763328
CC12CC(=CO)C(=O)CC1CCC1C2CCC2(C)C1CCC2(C)O,1,C=C1CC2C(CCC3C4CCCC4CCC23)CC1=O,C#CC1(O)CCC2C3CCC4=CC(=O)CCC4C3CCC21C,0,O=C1C=C2CCC3C4CCCC4CCC3C2CC1,0.30650154798761614,1,0.9484315698732105
CC12CC(=CO)C(=O)CC1CCC1C2CCC2(C)C1CCC2(C)O,1,C=C1CC2C(CCC3C4CCCC4CCC23)CC1=O,CC(=O)C1(O)CCC2C3CC(C)C4=CC(=O)CCC4(C)C3CCC21C,0,O=C1C=C2CCC3C4CCCC4CCC3C2CC1,0.30599294947121036,1,0.9940129904158354
CC12CC(=CO)C(=O)CC1CCC1C2CCC2(C)C1CCC2(C)O,1,C=C1CC2C(CCC3C4CCCC4CCC23)CC1=O,CC12CCC(=O)C=C1CCC1C2C(O)CC2(C)C1CCC2(O)C(=O)CO,0,O=C1C=C2CCC3C4CCCC4CCC3C2CC1,0.2670476190476191,1,0.9879187405511253
CC12CC(=CO)C(=O)CC1CCC1C2CCC2(C)C1CCC2(C)O,1,C=C1CC2C(CCC3C4CCCC4CCC23)CC1=O,C#CC1(O)CCC2C3CCC4=CC(=O)CCC4C3CCC21CC,0,O=C1C=C2CCC3C4CCCC4CCC3C2CC1,0.23433333333333334,1,0.9484315698732105
CNC1C(OC2C(OC3C(O)C(O)C(N=C(N)N)C(O)C3N=C(N)N)OC(C)C2(O)C=O)OC(CO)C(O)C1O,0,C1CCC(OC2OCCC2OC2CCCCO2)CC1,OCC1OC(OC2C(CO)OC(O)C(O)C2O)C(O)C(O)C1O,0,C1CCC(OC2CCCOC2)OC1,0.2983804382343601,0,0.005498965211296417
CNC1C(OC2C(OC3C(O)C(O)C(N=C(N)N)C(O)C3N=C(N)N)OC(C)C2(O)C=O)OC(CO)C(O)C1O,0,C1CCC(OC2OCCC2OC2CCCCO2)CC1,OCC1OC(OC2C(CO)OC(O)(CO)C2O)C(O)C(O)C1O,0,C1CCC(OC2CCOC2)OC1,0.2916666666666667,0,0.0015415093018613176
CNC1C(OC2C(OC3C(O)C(O)C(N=C(N)N)C(O)C3N=C(N)N)OC(C)C2(O)C=O)OC(CO)C(O)C1O,0,C1CCC(OC2OCCC2OC2CCCCO2)CC1,NCC1OC(OC2C(N)CC(N)C(OC3OC(CO)C(O)C(N)C3O)C2O)C(O)C(O)C1O,0,C1CCC(OC2CCCC(OC3CCCCO3)C2)OC1,0.26550556361877115,0,0.017524369532915203
CNC1C(OC2C(OC3C(O)C(O)C(N=C(N)N)C(O)C3N=C(N)N)OC(C)C2(O)C=O)OC(CO)C(O)C1O,0,C1CCC(OC2OCCC2OC2CCCCO2)CC1,NCCC(O)C(=O)NC1CC(N)C(OC2OC(CN)C(O)C(O)C2O)C(O)C1OC1OC(CO)C(O)C(N)C1O,0,C1CCC(OC2CCCC(OC3CCCCO3)C2)OC1,0.24035904255319152,0,0.01737225166835889
Oc1c(Cl)cc(Cl)cc1Sc1cc(Cl)cc(Cl)c1O,1,c1ccc(Sc2ccccc2)cc1,CC(C)(Sc1cc(C(C)(C)C)c(O)c(C(C)(C)C)c1)Sc1cc(C(C)(C)C)c(O)c(C(C)(C)C)c1,0,c1ccc(SCSc2ccccc2)cc1,0.21803921568627452,1,0.8886242785353311
Oc1c(Cl)cc(Cl)cc1Sc1cc(Cl)cc(Cl)c1O,1,c1ccc(Sc2ccccc2)cc1,NCCc1ccc(O)c(O)c1,0,c1ccccc1,0.16940092165898618,1,0.8640053875692724
Oc1c(Cl)cc(Cl)cc1Sc1cc(Cl)cc(Cl)c1O,1,c1ccc(Sc2ccccc2)cc1,CC(NC(C)(C)C)C(=O)c1cccc(Cl)c1,0,c1ccccc1,0.16333333333333333,1,0.9979902482236008
Oc1c(Cl)cc(Cl)cc1Sc1cc(Cl)cc(Cl)c1O,1,c1ccc(Sc2ccccc2)cc1,CC(C)c1cccc(C(C)C)c1O,0,c1ccccc1,0.16203703703703703,1,0.9202534792398729
COc1ccc(CC(C)NCC(O)c2ccc(O)c(NC=O)c2)cc1,0,c1ccc(CCNCCc2ccccc2)cc1,CC(C)NCC(O)c1ccc(O)c(O)c1,0,c1ccccc1,0.41894918173987944,0,0.06576466531017512
COc1ccc(CC(C)NCC(O)c2ccc(O)c(NC=O)c2)cc1,0,c1ccc(CCNCCc2ccccc2)cc1,CNCC(O)c1ccc(O)c(O)c1,0,c1ccccc1,0.35363636363636364,0,0.06576466531017512
COc1ccc(CC(C)NCC(O)c2ccc(O)c(NC=O)c2)cc1,0,c1ccc(CCNCCc2ccccc2)cc1,CC(C)NCC(O)c1cc(O)cc(O)c1,0,c1ccccc1,0.3246753246753247,0,0.06576466531017512
COc1ccc(CC(C)NCC(O)c2ccc(O)c(NC=O)c2)cc1,0,c1ccc(CCNCCc2ccccc2)cc1,CC(C)(C)NCC(O)c1ccc(O)c(CO)c1,0,c1ccccc1,0.32016129032258067,0,0.14314436845944628
Cc1cc(C(=O)NNCc2ccccc2)no1,1,O=C(NNCc1ccccc1)c1ccon1,CNC(C)Cc1ccccc1,0,c1ccccc1,0.22632478632478634,1,0.9791665648297114
Cc1cc(C(=O)NNCc2ccccc2)no1,1,O=C(NNCc1ccccc1)c1ccon1,CC(=O)Nc1cccc(O)c1,0,c1ccccc1,0.22142857142857145,1,0.9745963841724707
Cc1cc(C(=O)NNCc2ccccc2)no1,1,O=C(NNCc1ccccc1)c1ccon1,CC(N)Cc1ccccc1,0,c1ccccc1,0.2207070707070707,1,0.9696678669980147
Cc1cc(C(=O)NNCc2ccccc2)no1,1,O=C(NNCc1ccccc1)c1ccon1,NNCCc1ccccc1,0,c1ccccc1,0.21965601965601966,1,0.9798139271594561
CC1(C)NC(=O)N(c2ccc([N+](=O)[O-])c(C(F)(F)F)c2)C1=O,1,O=C1CNC(=O)N1c1ccccc1,O=C(NC(CO)C(O)c1ccc([N+](=O)[O-])cc1)C(Cl)Cl,0,c1ccccc1,0.20206318504190846,1,0.9914277265960745
CC1(C)NC(=O)N(c2ccc([N+](=O)[O-])c(C(F)(F)F)c2)C1=O,1,O=C1CNC(=O)N1c1ccccc1,CC1(C)SC2C(NC(=O)Cc3ccccc3)C(=O)N2C1C(=O)O,0,O=C(Cc1ccccc1)NC1C(=O)N2CCSC12,0.16360153256704982,1,0.9987632390223649
CC1(C)NC(=O)N(c2ccc([N+](=O)[O-])c(C(F)(F)F)c2)C1=O,1,O=C1CNC(=O)N1c1ccccc1,OC(c1cc(C(F)(F)F)nc2c(C(F)(F)F)cccc12)C1CCCCN1,0,c1ccc2c(CC3CCCCN3)ccnc2c1,0.15785472972972975,1,0.9998195094603356
CC1(C)NC(=O)N(c2ccc([N+](=O)[O-])c(C(F)(F)F)c2)C1=O,1,O=C1CNC(=O)N1c1ccccc1,CNC(=O)Oc1ccc2c(c1)C1(C)CCN(C)C1N2C,0,c1ccc2c(c1)NC1NCCC21,0.13861658268437932,1,0.9918658814696784
CC1OC(OC2C(CO)OC(OC3C(CO)OC(O)C(O)C3O)C(O)C2O)C(O)C(O)C1NC1C=C(CO)C(O)C(O)C1O,1,C1=CC(NC2CCC(OC3CCC(OC4CCCOC4)OC3)OC2)CCC1,OCC1OC(OC2C(CO)OC(O)C(O)C2O)C(O)C(O)C1O,0,C1CCC(OC2CCCOC2)OC1,0.4908720040795513,1,0.5363490533790083
CC1OC(OC2C(CO)OC(OC3C(CO)OC(O)C(O)C3O)C(O)C2O)C(O)C(O)C1NC1C=C(CO)C(O)C(O)C1O,1,C1=CC(NC2CCC(OC3CCC(OC4CCCOC4)OC3)OC2)CCC1,OCC1OC(OC2C(CO)OC(O)(CO)C2O)C(O)C(O)C1O,0,C1CCC(OC2CCOC2)OC1,0.33095238095238094,1,0.7650348030722075
CC1OC(OC2C(CO)OC(OC3C(CO)OC(O)C(O)C3O)C(O)C2O)C(O)C(O)C1NC1C=C(CO)C(O)C(O)C1O,1,C1=CC(NC2CCC(OC3CCC(OC4CCCOC4)OC3)OC2)CCC1,NCC1OC(OC2C(N)CC(N)C(OC3OC(CO)C(O)C(N)C3O)C2O)C(O)C(O)C1O,0,C1CCC(OC2CCCC(OC3CCCCO3)C2)OC1,0.30127181307305534,1,0.7704588347185737
CC1OC(OC2C(CO)OC(OC3C(CO)OC(O)C(O)C3O)C(O)C2O)C(O)C(O)C1NC1C=C(CO)C(O)C(O)C1O,1,C1=CC(NC2CCC(OC3CCC(OC4CCCOC4)OC3)OC2)CCC1,CNC1C(OC2C(OC3C(O)C(O)C(N=C(N)N)C(O)C3N=C(N)N)OC(C)C2(O)C=O)OC(CO)C(O)C1O,0,C1CCC(OC2OCCC2OC2CCCCO2)CC1,0.2771113831089351,1,0.8840944712862692
CC(COc1ccccc1)NC(C)C(O)c1ccc(O)cc1,0,c1ccc(CCNCCOc2ccccc2)cc1,CNC(C)C(O)c1ccccc1,0,c1ccccc1,0.4317073170731708,0,0.10757786305887107
CC(COc1ccccc1)NC(C)C(O)c1ccc(O)cc1,0,c1ccc(CCNCCOc2ccccc2)cc1,CC(N)C(O)c1ccccc1,0,c1ccccc1,0.3541666666666667,0,0.13143893428399023
CC(COc1ccccc1)NC(C)C(O)c1ccc(O)cc1,0,c1ccc(CCNCCOc2ccccc2)cc1,CC(C)NCC(O)COc1ccc(CC(N)=O)cc1,0,c1ccccc1,0.3246753246753247,0,0.034106781458573404
CC(COc1ccccc1)NC(C)C(O)c1ccc(O)cc1,0,c1ccc(CCNCCOc2ccccc2)cc1,CC(COc1ccccc1)N(CCCl)Cc1ccccc1,0,c1ccc(CNCCOc2ccccc2)cc1,0.3188259958071279,0,0.011119410309124124
O=c1nc[nH]c2c1ncn2C1CCC(CO)O1,1,O=c1nc[nH]c2c1ncn2C1CCCO1,CCC1C(=O)OCC1Cc1cncn1C,0,O=C1CC(Cc2cnc[nH]2)CO1,0.18340659340659343,1,0.9872693259382267
O=c1nc[nH]c2c1ncn2C1CCC(CO)O1,1,O=c1nc[nH]c2c1ncn2C1CCCO1,CN1C2CC(OC(=O)C(CO)c3ccccc3)CC1C1OC12,0,O=C(Cc1ccccc1)OC1CC2NC(C1)C1OC21,0.16817733990147785,1,0.8864449825082069
O=c1nc[nH]c2c1ncn2C1CCC(CO)O1,1,O=c1nc[nH]c2c1ncn2C1CCCO1,Cn1nnc2c(C(N)=O)ncn2c1=O,0,O=c1[nH]nnc2cncn12,0.14953703703703702,1,0.9767697286214702
O=c1nc[nH]c2c1ncn2C1CCC(CO)O1,1,O=c1nc[nH]c2c1ncn2C1CCCO1,Cc1cc(C2CCCCC2)n(O)c(=O)c1,0,O=c1cccc(C2CCCCC2)[nH]1,0.14880201765447668,1,0.8978687327948095
CC1C=CC=CCCC=CC=CC=CC=CC(OC2OC(C)C(O)C(N)C2O)CC(O)C(C(=O)O)C(O)CC(=O)CC(O)C(O)CCC(O)CC(O)CC(O)CC(=O)OC(C)C(C)C1O,0,O=C1CCCCCCCCCCCC(=O)OCCCCC=CC=CCCC=CC=CC=CC=CC(OC2CCCCO2)CCCCC1,CCC(C)(C)C(=O)OC1CC(C)C=C2C=CC(C)C(CCC3CC(O)CC(=O)O3)C21,0,O=C1CCCC(CCC2CC=CC3=CCCCC32)O1,0.24375170905113483,0,0.012994892721727503
CC1C=CC=CCCC=CC=CC=CC=CC(OC2OC(C)C(O)C(N)C2O)CC(O)C(C(=O)O)C(O)CC(=O)CC(O)C(O)CCC(O)CC(O)CC(O)CC(=O)OC(C)C(C)C1O,0,O=C1CCCCCCCCCCCC(=O)OCCCCC=CC=CCCC=CC=CC=CC=CC(OC2CCCCO2)CCCCC1,CCC(C)C(=O)OC1CC(C)C=C2C=CC(C)C(CCC3CC(O)CC(=O)O3)C21,0,O=C1CCCC(CCC2CC=CC3=CCCCC32)O1,0.23366013071895425,0,0.012994892721727503
CC1C=CC=CCCC=CC=CC=CC=CC(OC2OC(C)C(O)C(N)C2O)CC(O)C(C(=O)O)C(O)CC(=O)CC(O)C(O)CCC(O)CC(O)CC(O)CC(=O)OC(C)C(C)C1O,0,O=C1CCCCCCCCCCCC(=O)OCCCCC=CC=CCCC=CC=CC=CC=CC(OC2CCCCO2)CCCCC1,NCC1OC(OC2C(N)CC(N)C(OC3OC(CO)C(O)C(N)C3O)C2O)C(O)C(O)C1O,0,C1CCC(OC2CCCC(OC3CCCCO3)C2)OC1,0.20309409888357258,0,0.007667989624241505
CC1C=CC=CCCC=CC=CC=CC=CC(OC2OC(C)C(O)C(N)C2O)CC(O)C(C(=O)O)C(O)CC(=O)CC(O)C(O)CCC(O)CC(O)CC(O)CC(=O)OC(C)C(C)C1O,0,O=C1CCCCCCCCCCCC(=O)OCCCCC=CC=CCCC=CC=CC=CC=CC(OC2CCCCO2)CCCCC1,CC1OC(OC2C(O)CC(OC3C(O)CC(OC4CCC5(C)C(CCC6C5CC(O)C5(C)C(C7=CC(=O)OC7)CCC65O)C4)OC3C)OC2C)CC(O)C1O,0,O=C1C=C(C2CCC3C2CCC2C4CCC(OC5CCC(OC6CCC(OC7CCCCO7)CO6)CO5)CC4CCC23)CO1,0.19962184873949582,0,0.05405942236284161
OC(CCN1CCCC1)(c1ccccc1)C1CCCCC1,0,c1ccc(C(CCN2CCCC2)C2CCCCC2)cc1,CC(C)(C)c1ccc(C(O)CCCN2CCC(C(O)(c3ccccc3)c3ccccc3)CC2)cc1,0,c1ccc(CCCCN2CCC(C(c3ccccc3)c3ccccc3)CC2)cc1,0.38362573099415204,0,0.004847266897380918
OC(CCN1CCCC1)(c1ccccc1)C1CCCCC1,0,c1ccc(C(CCN2CCCC2)C2CCCCC2)cc1,CC(C)(C(=O)O)c1ccc(C(O)CCCN2CCC(C(O)(c3ccccc3)c3ccccc3)CC2)cc1,0,c1ccc(CCCCN2CCC(C(c3ccccc3)c3ccccc3)CC2)cc1,0.3498284407167366,0,0.008328417462750783
OC(CCN1CCCC1)(c1ccccc1)C1CCCCC1,0,c1ccc(C(CCN2CCCC2)C2CCCCC2)cc1,CN1CCCC1CCOC(C)(c1ccccc1)c1ccc(Cl)cc1,0,c1ccc(C(OCCC2CCCN2)c2ccccc2)cc1,0.2916256157635468,0,0.029170083255538264
OC(CCN1CCCC1)(c1ccccc1)C1CCCCC1,0,c1ccc(C(CCN2CCCC2)C2CCCCC2)cc1,Cc1c(-c2ccccc2)oc2c(C(=O)OCCN3CCCCC3)cccc2c1=O,0,O=C(OCCN1CCCCC1)c1cccc2c(=O)cc(-c3ccccc3)oc12,0.2666666666666667,0,0.014870529201839618
CN1c2ccccc2C(NCCCCCCC(=O)O)c2ccc(Cl)cc2S1(=O)=O,1,O=S1(=O)Nc2ccccc2Cc2ccccc21,CC(NC(C)(C)C)C(=O)c1cccc(Cl)c1,0,c1ccccc1,0.25762304921968787,1,0.9320319537632937
CN1c2ccccc2C(NCCCCCCC(=O)O)c2ccc(Cl)cc2S1(=O)=O,1,O=S1(=O)Nc2ccccc2Cc2ccccc21,NCCCCCC(=O)O,0,,0.24283965728274173,1,0.9837877353316054
CN1c2ccccc2C(NCCCCCCC(=O)O)c2ccc(Cl)cc2S1(=O)=O,1,O=S1(=O)Nc2ccccc2Cc2ccccc21,CNCCCN1c2ccccc2CCc2ccccc21,0,c1ccc2c(c1)CCc1ccccc1N2,0.23566433566433567,1,0.9433664988184003
CN1c2ccccc2C(NCCCCCCC(=O)O)c2ccc(Cl)cc2S1(=O)=O,1,O=S1(=O)Nc2ccccc2Cc2ccccc21,CCCCCCCCC=CCCCCCCCC(=O)O,0,,0.22996415770609321,1,0.9820251362202403
CC(C=CC1=C(C)CCCC1(C)C)=CC=CC(C)=CCO,0,C1=CCCCC1,C=C1CCC(O)CC1=CC=C1CCCC2(C)C1CCC2C(C)CCCC(C)C,0,C=C1CCCCC1=CC=C1CCCC2CCCC12,0.18666666666666665,0,0.005364515683044162
CC(C=CC1=C(C)CCCC1(C)C)=CC=CC(C)=CCO,0,C1=CCCCC1,C=C1CCC(O)CC1=CC=C1CCCC2(C)C1CCC2C(C)C=CC(C)C(C)C,0,C=C1CCCCC1=CC=C1CCCC2CCCC12,0.17486486486486488,0,0.0042341442809851046
CC(C=CC1=C(C)CCCC1(C)C)=CC=CC(C)=CCO,0,C1=CCCCC1,CC12CCC(=O)C=C1CCC1C2C(O)CC2(C)C1CCC2(O)C(=O)CO,0,O=C1C=C2CCC3C4CCCC4CCC3C2CC1,0.16996336996336997,0,0.07237563763464544
CC(C=CC1=C(C)CCCC1(C)C)=CC=CC(C)=CCO,0,C1=CCCCC1,CC(=O)C1(O)CCC2C3CC(C)C4=CC(=O)CCC4(C)C3CCC21C,0,O=C1C=C2CCC3C4CCCC4CCC3C2CC1,0.15939015939015938,0,0.05486225203420632
CCN(CC)CCOCCOC(=O)C1(c2ccccc2)CCCC1,0,c1ccc(C2CCCC2)cc1,CCN(CC)CCOC(=O)C1(C2CCCCC2)CCCCC1,0,C1CCC(C2CCCCC2)CC1,0.4416142557651992,0,0.027269686006007016
CCN(CC)CCOCCOC(=O)C1(c2ccccc2)CCCC1,0,c1ccc(C2CCCC2)cc1,CCN(CC)CCOc1cccc(OCCN(CC)CC)c1OCCN(CC)CC,0,c1ccccc1,0.33098039215686276,0,0.15419579417023244
CCN(CC)CCOCCOC(=O)C1(c2ccccc2)CCCC1,0,c1ccc(C2CCCC2)cc1,CCN(CC)CC(=O)Nc1c(C)cccc1C,0,c1ccccc1,0.2736842105263158,0,0.020979971146127516
CCN(CC)CCOCCOC(=O)C1(c2ccccc2)CCCC1,0,c1ccc(C2CCCC2)cc1,CCCCNc1ccc(C(=O)OCCOCCOCCOCCOCCOCCOCCOCCOCCOC)cc1,0,c1ccccc1,0.26095238095238094,0,0.20062893026319273
CC(C)(C)NCC(O)COc1ccccc1C1CCCC1,0,c1ccc(C2CCCC2)cc1,CC(C)(C)NCC(O)COc1cccc2c1CC(O)C(O)C2,0,c1ccc2c(c1)CCCC2,0.5782763895971443,0,0.024258928666857284
CC(C)(C)NCC(O)COc1ccccc1C1CCCC1,0,c1ccc(C2CCCC2)cc1,COc1ccccc1OCC(O)CO,0,c1ccccc1,0.367561761546724,0,0.09345341307090144
CC(C)(C)NCC(O)COc1ccccc1C1CCCC1,0,c1ccc(C2CCCC2)cc1,CC(C)NCC(O)COc1ccc(CC(N)=O)cc1,0,c1ccccc1,0.32434108527131783,0,0.019594677771667818
CC(C)(C)NCC(O)COc1ccccc1C1CCCC1,0,c1ccc(C2CCCC2)cc1,COC(=O)CCc1ccc(OCC(O)CNC(C)C)cc1,0,c1ccccc1,0.3171326164874552,0,0.01960930842781049
NS(=O)(=O)c1cc(C(=O)O)c(NCc2ccco2)cc1Cl,1,c1ccc(NCc2ccco2)cc1,O=C(O)c1ccccc1O,0,c1ccccc1,0.2336666666666667,1,0.9848945897514264
NS(=O)(=O)c1cc(C(=O)O)c(NCc2ccco2)cc1Cl,1,c1ccc(NCc2ccco2)cc1,COc1cc(O)c(C(=O)c2ccccc2)cc1S(=O)(=O)O,0,O=C(c1ccccc1)c1ccccc1,0.22529335071707954,1,0.9919940195908571
NS(=O)(=O)c1cc(C(=O)O)c(NCc2ccco2)cc1Cl,1,c1ccc(NCc2ccco2)cc1,CC(NC(C)(C)C)C(=O)c1cccc(Cl)c1,0,c1ccccc1,0.20582010582010582,1,0.9909695406096072
NS(=O)(=O)c1cc(C(=O)O)c(NCc2ccco2)cc1Cl,1,c1ccc(NCc2ccco2)cc1,CC(=O)Oc1ccccc1C(=O)O,0,c1ccccc1,0.20238596491228072,1,0.9883604016019125
NC(N)=Nc1nc(CSCCN=CNS(=O)(=O)c2ccc(Br)cc2)cs1,1,O=S(=O)(NC=NCCSCc1cscn1)c1ccccc1,CN(C)CCC(c1ccc(Br)cc1)c1ccccn1,0,c1ccc(Cc2ccccn2)cc1,0.17213295179396876,1,0.8815693104971148
NC(N)=Nc1nc(CSCCN=CNS(=O)(=O)c2ccc(Br)cc2)cs1,1,O=S(=O)(NC=NCCSCc1cscn1)c1ccccc1,Nc1ccc(N=Nc2ccccc2)c(N)n1,0,c1ccc(N=Nc2cccnc2)cc1,0.1402116402116402,1,0.9892939175123093
NC(N)=Nc1nc(CSCCN=CNS(=O)(=O)c2ccc(Br)cc2)cs1,1,O=S(=O)(NC=NCCSCc1cscn1)c1ccccc1,NC(=O)c1ccccc1O,0,c1ccccc1,0.12923076923076926,1,0.9669529570673749
NC(N)=Nc1nc(CSCCN=CNS(=O)(=O)c2ccc(Br)cc2)cs1,1,O=S(=O)(NC=NCCSCc1cscn1)c1ccccc1,NC(N)=NCCCC(N)C(=O)O,0,,0.12890922959572845,1,0.9956190298331121
CC(=O)Oc1ccc(C(=C2CCCCC2)c2ccc(OC(C)=O)cc2)cc1,1,c1ccc(C(=C2CCCCC2)c2ccccc2)cc1,CC(=O)Oc1ccccc1C(=O)O,0,c1ccccc1,0.30081300813008127,1,0.9328713492137629
CC(=O)Oc1ccc(C(=C2CCCCC2)c2ccc(OC(C)=O)cc2)cc1,1,c1ccc(C(=C2CCCCC2)c2ccccc2)cc1,COC(=O)CCc1ccc(OCC(O)CNC(C)C)cc1,0,c1ccccc1,0.2365448504983389,1,0.9138989791602027
CC(=O)Oc1ccc(C(=C2CCCCC2)c2ccc(OC(C)=O)cc2)cc1,1,c1ccc(C(=C2CCCCC2)c2ccccc2)cc1,CC(C)NCC(O)COc1ccc(CC(N)=O)cc1,0,c1ccccc1,0.22894056847545222,1,0.9174589238727459
CC(=O)Oc1ccc(C(=C2CCCCC2)c2ccc(OC(C)=O)cc2)cc1,1,c1ccc(C(=C2CCCCC2)c2ccccc2)cc1,CNC(=O)Oc1ccc2c(c1)C1(C)CCN(C)C1N2C,0,c1ccc2c(c1)NC1NCCC21,0.20626593806921678,1,0.9321632728933547
CC(=O)OC1C(=O)C2(C)C(O)CC3OCC3(OC(C)=O)C2C(OC(=O)c2ccccc2)C2(O)CC(OC(=O)C(O)C(NC(=O)c3ccccc3)c3ccccc3)C(C)=C1C2(C)C,1,O=C(CC(NC(=O)c1ccccc1)c1ccccc1)OC1C=C2CC(=O)C3CCC4OCC4C3C(OC(=O)c3ccccc3)C(C2)C1,CN1C2CC(OC(=O)C(CO)c3ccccc3)CC1C1OC12,0,O=C(Cc1ccccc1)OC1CC2NC(C1)C1OC21,0.19336832671873,1,0.9928633119724891
CC(=O)OC1C(=O)C2(C)C(O)CC3OCC3(OC(C)=O)C2C(OC(=O)c2ccccc2)C2(O)CC(OC(=O)C(O)C(NC(=O)c3ccccc3)c3ccccc3)C(C)=C1C2(C)C,1,O=C(CC(NC(=O)c1ccccc1)c1ccccc1)OC1C=C2CC(=O)C3CCC4OCC4C3C(OC(=O)c3ccccc3)C(C2)C1,Cc1c(-c2ccccc2)oc2c(C(=O)OCCN3CCCCC3)cccc2c1=O,0,O=C(OCCN1CCCCC1)c1cccc2c(=O)cc(-c3ccccc3)oc12,0.15761614990823916,1,0.9914995970387045
CC(=O)OC1C(=O)C2(C)C(O)CC3OCC3(OC(C)=O)C2C(OC(=O)c2ccccc2)C2(O)CC(OC(=O)C(O)C(NC(=O)c3ccccc3)c3ccccc3)C(C)=C1C2(C)C,1,O=C(CC(NC(=O)c1ccccc1)c1ccccc1)OC1C=C2CC(=O)C3CCC4OCC4C3C(OC(=O)c3ccccc3)C(C2)C1,CC1(C)SC2C(NC(=O)Cc3ccccc3)C(=O)N2C1C(=O)O,0,O=C(Cc1ccccc1)NC1C(=O)N2CCSC12,0.15743018043903,1,0.9925892096566256
CC(=O)OC1C(=O)C2(C)C(O)CC3OCC3(OC(C)=O)C2C(OC(=O)c2ccccc2)C2(O)CC(OC(=O)C(O)C(NC(=O)c3ccccc3)c3ccccc3)C(C)=C1C2(C)C,1,O=C(CC(NC(=O)c1ccccc1)c1ccccc1)OC1C=C2CC(=O)C3CCC4OCC4C3C(OC(=O)c3ccccc3)C(C2)C1,C=CC[N+]1(C2CC3C4CCC5CC(O)C(N6CCOCC6)CC5(C)C4CCC3(C)C2OC(C)=O)CCCC1,0,C1CC[NH+](C2CC3CCC4C5CC(N6CCOCC6)CCC5CCC4C3C2)C1,0.1499669530733642,1,0.9999738046659419
COc1c(N2CC3CCCNC3C2)c(F)cc2c(=O)c(C(=O)O)cn(C3CC3)c12,1,O=c1ccn(C2CC2)c2cc(N3CC4CCCNC4C3)ccc12,CC(=O)Oc1ccccc1C(=O)O,0,c1ccccc1,0.17395833333333333,1,0.896578982785998
COc1c(N2CC3CCCNC3C2)c(F)cc2c(=O)c(C(=O)O)cn(C3CC3)c12,1,O=c1ccn(C2CC2)c2cc(N3CC4CCCNC4C3)ccc12,OC(c1cc(C(F)(F)F)nc2c(C(F)(F)F)cccc12)C1CCCCN1,0,c1ccc2c(CC3CCCCN3)ccnc2c1,0.16984281541243568,1,0.996763127819035
COc1c(N2CC3CCCNC3C2)c(F)cc2c(=O)c(C(=O)O)cn(C3CC3)c12,1,O=c1ccn(C2CC2)c2cc(N3CC4CCCNC4C3)ccc12,COc1cc2c(c(OC)c1OC)-c1ccc(OC)c(=O)cc1C(NC(C)=O)CC2,0,O=c1cccc2c(c1)CCCc1ccccc1-2,0.16951018161805173,1,0.8966003074534409
COc1c(N2CC3CCCNC3C2)c(F)cc2c(=O)c(C(=O)O)cn(C3CC3)c12,1,O=c1ccn(C2CC2)c2cc(N3CC4CCCNC4C3)ccc12,O=c1[nH]c2ccccc2n1C1CCN(CCCC(c2ccc(F)cc2)c2ccc(F)cc2)CC1,0,O=c1[nH]c2ccccc2n1C1CCN(CCCC(c2ccccc2)c2ccccc2)CC1,0.1549317738791423,1,0.8697195930976804
CN1CCCN=C1C=Cc1cccs1,0,C(=Cc1cccs1)C1=NCCCN1,CN1CCN(C(c2ccccc2)c2ccccc2)CC1,0,c1ccc(C(c2ccccc2)N2CCNCC2)cc1,0.19141414141414143,0,0.45237957389219074
CN1CCCN=C1C=Cc1cccs1,0,C(=Cc1cccs1)C1=NCCCN1,CN1CCN(C(c2ccccc2)c2ccc(Cl)cc2)CC1,0,c1ccc(C(c2ccccc2)N2CCNCC2)cc1,0.17813934084272007,0,0.3320382034607286
CN1CCCN=C1C=Cc1cccs1,0,C(=Cc1cccs1)C1=NCCCN1,CN1CCCC1CCOC(C)(c1ccccc1)c1ccc(Cl)cc1,0,c1ccc(C(OCCC2CCCN2)c2ccccc2)cc1,0.1566137566137566,0,0.2274289536925151
CN1CCCN=C1C=Cc1cccs1,0,C(=Cc1cccs1)C1=NCCCN1,N=c1nc(N2CCCCC2)cc(N)n1O,0,N=c1nc(N2CCCCC2)cc[nH]1,0.15451851851851853,0,0.315950294195844
Nc1c2c(nc3ccccc13)CCCC2,0,c1ccc2nc3c(cc2c1)CCCC3,Nc1ccc(N=Nc2ccccc2)c(N)n1,0,c1ccc(N=Nc2cccnc2)cc1,0.21866028708133972,1,0.7105895432177646
Nc1c2c(nc3ccccc13)CCCC2,0,c1ccc2nc3c(cc2c1)CCCC3,CNC1(c2ccccc2Cl)CCCCC1=O,0,O=C1CCCCC1c1ccccc1,0.210702947845805,1,0.5588943771996381
Nc1c2c(nc3ccccc13)CCCC2,0,c1ccc2nc3c(cc2c1)CCCC3,CC(C)(N)Cc1ccccc1,0,c1ccccc1,0.1824242424242424,1,0.6285977773881256
Nc1c2c(nc3ccccc13)CCCC2,0,c1ccc2nc3c(cc2c1)CCCC3,CC(N)Cc1ccccc1,0,c1ccccc1,0.1824242424242424,1,0.6285977773881256
CC(=O)N1CCN(c2ccc(OCC3COC(Cn4ccnc4)(c4ccc(Cl)cc4Cl)O3)cc2)CC1,1,c1ccc(C2(Cn3ccnc3)OCC(COc3ccc(N4CCNCC4)cc3)O2)cc1,CNC(=O)Oc1ccc2c(c1)C1(C)CCN(C)C1N2C,0,c1ccc2c(c1)NC1NCCC21,0.1787743330930065,1,0.9973132887674734
CC(=O)N1CCN(c2ccc(OCC3COC(Cn4ccnc4)(c4ccc(Cl)cc4Cl)O3)cc2)CC1,1,c1ccc(C2(Cn3ccnc3)OCC(COc3ccc(N4CCNCC4)cc3)O2)cc1,CN1CCCC1CCOC(C)(c1ccccc1)c1ccc(Cl)cc1,0,c1ccc(C(OCCC2CCCN2)c2ccccc2)cc1,0.17542076849793586,1,0.9683762279801251
CC(=O)N1CCN(c2ccc(OCC3COC(Cn4ccnc4)(c4ccc(Cl)cc4Cl)O3)cc2)CC1,1,c1ccc(C2(Cn3ccnc3)OCC(COc3ccc(N4CCNCC4)cc3)O2)cc1,CCC1C(=O)OCC1Cc1cncn1C,0,O=C1CC(Cc2cnc[nH]2)CO1,0.17292929292929293,1,0.999567112945247
CC(=O)N1CCN(c2ccc(OCC3COC(Cn4ccnc4)(c4ccc(Cl)cc4Cl)O3)cc2)CC1,1,c1ccc(C2(Cn3ccnc3)OCC(COc3ccc(N4CCNCC4)cc3)O2)cc1,CN(C)CCOC(c1ccc(Cl)cc1)c1ccccn1,0,c1ccc(Cc2ccccn2)cc1,0.1710144927536232,1,0.9866019698666121
CC(=O)c1ccc(S(=O)(=O)NC(=O)NC2CCCCC2)cc1,1,O=C(NC1CCCCC1)NS(=O)(=O)c1ccccc1,CCCCN1CCCCC1C(=O)Nc1c(C)cccc1C,0,O=C(Nc1ccccc1)C1CCCCN1,0.21250000000000002,1,0.8668271905491337
CC(=O)c1ccc(S(=O)(=O)NC(=O)NC2CCCCC2)cc1,1,O=C(NC1CCCCC1)NS(=O)(=O)c1ccccc1,Cc1cc(C2CCCCC2)n(O)c(=O)c1,0,O=c1cccc(C2CCCCC2)[nH]1,0.1962962962962963,1,0.974220362424882
CC(=O)c1ccc(S(=O)(=O)NC(=O)NC2CCCCC2)cc1,1,O=C(NC1CCCCC1)NS(=O)(=O)c1ccccc1,COc1cc2c(c(OC)c1OC)-c1ccc(OC)c(=O)cc1C(NC(C)=O)CC2,0,O=c1cccc2c(c1)CCCc1ccccc1-2,0.18569455951394642,1,0.925524872547612
CC(=O)c1ccc(S(=O)(=O)NC(=O)NC2CCCCC2)cc1,1,O=C(NC1CCCCC1)NS(=O)(=O)c1ccccc1,CC(C)(C)NCC(O)COc1ccccc1C1CCCC1,0,c1ccc(C2CCCC2)cc1,0.17793780687397712,1,0.8986345604828582
CC(=O)CC(c1ccc([N+](=O)[O-])cc1)c1c(O)oc2ccccc2c1=O,1,O=c1c(Cc2ccccc2)coc2ccccc12,O=C(NC(CO)C(O)c1ccc([N+](=O)[O-])cc1)C(Cl)Cl,0,c1ccccc1,0.293640350877193,1,0.9674668091524596
CC(=O)CC(c1ccc([N+](=O)[O-])cc1)c1c(O)oc2ccccc2c1=O,1,O=c1c(Cc2ccccc2)coc2ccccc12,Cc1c(-c2ccccc2)oc2c(C(=O)OCCN3CCCCC3)cccc2c1=O,0,O=C(OCCN1CCCCC1)c1cccc2c(=O)cc(-c3ccccc3)oc12,0.22522865853658539,1,0.9957157982630409
CC(=O)CC(c1ccc([N+](=O)[O-])cc1)c1c(O)oc2ccccc2c1=O,1,O=c1c(Cc2ccccc2)coc2ccccc12,Cc1ccc(O)c(C(CCN(C(C)C)C(C)C)c2ccccc2)c1,0,c1ccc(Cc2ccccc2)cc1,0.195,1,0.9736139629673308
CC(=O)CC(c1ccc([N+](=O)[O-])cc1)c1c(O)oc2ccccc2c1=O,1,O=c1c(Cc2ccccc2)coc2ccccc12,CC(COc1ccccc1)NC(C)C(O)c1ccc(O)cc1,0,c1ccc(CCNCCOc2ccccc2)cc1,0.18523809523809526,1,0.9805614627379496
CC(C)CC1NC(=O)C(Cc2ccccc2)NC(=O)C(CCN)NC(=O)C(NC(=O)C(CCN)NC(=O)C(NC(=O)C(CCN)NC(=O)O)C(C)O)CCNC(=O)C(C(C)O)NC(=O)C(CCN)NC(=O)C(CCN)NC1=O,0,O=C1CCCNC(=O)CNC(=O)CNC(=O)CNC(=O)CNC(=O)C(Cc2ccccc2)NC(=O)CN1,CCC(C)C1NC(=O)C(Cc2ccc(O)cc2)NC(=O)C(N)CSSCC(C(=O)N2CCCC2C(=O)NC(CC(C)C)C(=O)NCC(N)=O)NC(=O)C(CC(N)=O)NC(=O)C(CCC(N)=O)NC1=O,0,O=C1CNC(=O)CNC(=O)C(Cc2ccccc2)NC(=O)CCSSCC(C(=O)N2CCCC2)NC(=O)CN1,0.2805490196078431,0,0.11851406165031825
CC(C)CC1NC(=O)C(Cc2ccccc2)NC(=O)C(CCN)NC(=O)C(NC(=O)C(CCN)NC(=O)C(NC(=O)C(CCN)NC(=O)O)C(C)O)CCNC(=O)C(C(C)O)NC(=O)C(CCN)NC(=O)C(CCN)NC1=O,0,O=C1CCCNC(=O)CNC(=O)CNC(=O)CNC(=O)CNC(=O)C(Cc2ccccc2)NC(=O)CN1,CC1(C)SC2C(NC(=O)Cc3ccccc3)C(=O)N2C1C(=O)O,0,O=C(Cc1ccccc1)NC1C(=O)N2CCSC12,0.20569259962049338,0,0.04679391927684269
CC(C)CC1NC(=O)C(Cc2ccccc2)NC(=O)C(CCN)NC(=O)C(NC(=O)C(CCN)NC(=O)C(NC(=O)C(CCN)NC(=O)O)C(C)O)CCNC(=O)C(C(C)O)NC(=O)C(CCN)NC(=O)C(CCN)NC1=O,0,O=C1CCCNC(=O)CNC(=O)CNC(=O)CNC(=O)CNC(=O)C(Cc2ccccc2)NC(=O)CN1,CC(C)(C(=O)O)c1ccc(C(O)CCCN2CCC(C(O)(c3ccccc3)c3ccccc3)CC2)cc1,0,c1ccc(CCCCN2CCC(C(c3ccccc3)c3ccccc3)CC2)cc1,0.17441077441077443,0,0.018152420744049214
CC(C)CC1NC(=O)C(Cc2ccccc2)NC(=O)C(CCN)NC(=O)C(NC(=O)C(CCN)NC(=O)C(NC(=O)C(CCN)NC(=O)O)C(C)O)CCNC(=O)C(C(C)O)NC(=O)C(CCN)NC(=O)C(CCN)NC1=O,0,O=C1CCCNC(=O)CNC(=O)CNC(=O)CNC(=O)CNC(=O)C(Cc2ccccc2)NC(=O)CN1,CC(N)Cc1ccccc1,0,c1ccccc1,0.1701991640029506,0,0.027980230018931664
O=C(O)CCCCC1SCC2NC(=O)NC21,0,O=C1NC2CSCC2N1,NCCCCCC(=O)O,0,,0.2987878787878788,0,0.18318284092286674
O=C(O)CCCCC1SCC2NC(=O)NC21,0,O=C1NC2CSCC2N1,CCCCCCCCC=CCCCCCCCC(=O)O,0,,0.27009222661396576,0,0.16799139389388365
O=C(O)CCCCC1SCC2NC(=O)NC21,0,O=C1NC2CSCC2N1,CC(C)(CO)C(O)C(=O)NCCC(=O)O,0,,0.17566137566137566,0,0.11084304003266812
O=C(O)CCCCC1SCC2NC(=O)NC21,0,O=C1NC2CSCC2N1,NCC1(CC(=O)O)CCCCC1,0,C1CCCCC1,0.17539682539682538,0,0.18318284092286674
CC(C(=O)O)c1ccc2oc(-c3ccc(Cl)cc3)nc2c1,1,c1ccc(-c2nc3ccccc3o2)cc1,CC(NC(C)(C)C)C(=O)c1cccc(Cl)c1,0,c1ccccc1,0.23043785310734463,1,0.9377924996954057
CC(C(=O)O)c1ccc2oc(-c3ccc(Cl)cc3)nc2c1,1,c1ccc(-c2nc3ccccc3o2)cc1,CN1CCN(C(c2ccccc2)c2ccc(Cl)cc2)CC1,0,c1ccc(C(c2ccccc2)N2CCNCC2)cc1,0.22826747720364743,1,0.9577956101995612
CC(C(=O)O)c1ccc2oc(-c3ccc(Cl)cc3)nc2c1,1,c1ccc(-c2nc3ccccc3o2)cc1,CN(C)CCC(c1ccc(Cl)cc1)c1ccccn1,0,c1ccc(Cc2ccccn2)cc1,0.22724292101341284,1,0.906106674707255
CC(C(=O)O)c1ccc2oc(-c3ccc(Cl)cc3)nc2c1,1,c1ccc(-c2nc3ccccc3o2)cc1,Cc1cccc(CN2CCN(C(c3ccccc3)c3ccc(Cl)cc3)CC2)c1,0,c1ccc(CN2CCN(C(c3ccccc3)c3ccccc3)CC2)cc1,0.21030143400643841,1,0.9432261461087006
Nc1nc2ccc(OC(F)(F)F)cc2s1,1,c1ccc2scnc2c1,Nc1c2c(nc3ccccc13)CCCC2,0,c1ccc2nc3c(cc2c1)CCCC3,0.17787114845938376,1,0.9922003502636322
Nc1nc2ccc(OC(F)(F)F)cc2s1,1,c1ccc2scnc2c1,Nc1ccc(N=Nc2ccccc2)c(N)n1,0,c1ccc(N=Nc2cccnc2)cc1,0.17485714285714288,1,0.9958156762818097
Nc1nc2ccc(OC(F)(F)F)cc2s1,1,c1ccc2scnc2c1,COc1cc(NC(C)CCCN)c2ncccc2c1,0,c1ccc2ncccc2c1,0.16791208791208792,1,0.9608724665788435
Nc1nc2ccc(OC(F)(F)F)cc2s1,1,c1ccc2scnc2c1,COc1ccc(OC)c(C(O)C(C)N)c1,0,c1ccccc1,0.16697936210131334,1,0.9121307138426189
C=C1CCC(O)CC1=CC=C1CCCC2(C)C1CCC2C(C)C=CC(C)C(C)C,0,C=C1CCCCC1=CC=C1CCCC2CCCC12,C=C1CCC(O)CC1=CC=C1CCCC2(C)C1CCC2C(C)CCCC(C)C,0,C=C1CCCCC1=CC=C1CCCC2CCCC12,0.7,0,0.0015831799818596672
C=C1CCC(O)CC1=CC=C1CCCC2(C)C1CCC2C(C)C=CC(C)C(C)C,0,C=C1CCCCC1=CC=C1CCCC2CCCC12,CC(C=CC1=C(C)CCCC1(C)C)=CC=CC(C)=CCO,0,C1=CCCCC1,0.17486486486486488,0,0.004245437444865391
C=C1CCC(O)CC1=CC=C1CCCC2(C)C1CCC2C(C)C=CC(C)C(C)C,0,C=C1CCCCC1=CC=C1CCCC2CCCC12,CC12CCC(=O)C=C1CCC1C3CCC(O)(C(=O)CO)C3(C)CC(O)C12F,0,O=C1C=C2CCC3C4CCCC4CCC3C2CC1,0.17216117216117216,0,0.0061333138604654875
C=C1CCC(O)CC1=CC=C1CCCC2(C)C1CCC2C(C)C=CC(C)C(C)C,0,C=C1CCCCC1=CC=C1CCCC2CCCC12,CC12CCC(=O)C=C1CCC1C2C(O)CC2(C)C1CCC2(O)C(=O)CO,0,O=C1C=C2CCC3C4CCCC4CCC3C2CC1,0.16781440781440782,0,0.012801450506541875
C=C1CCC(O)CC1=CC=C1CCCC2(C)C1CCC2C(C)CCCC(C)C,0,C=C1CCCCC1=CC=C1CCCC2CCCC12,C=C1CCC(O)CC1=CC=C1CCCC2(C)C1CCC2C(C)C=CC(C)C(C)C,0,C=C1CCCCC1=CC=C1CCCC2CCCC12,0.7,0,0.0031307062927037757
C=C1CCC(O)CC1=CC=C1CCCC2(C)C1CCC2C(C)CCCC(C)C,0,C=C1CCCCC1=CC=C1CCCC2CCCC12,CC(C=CC1=C(C)CCCC1(C)C)=CC=CC(C)=CCO,0,C1=CCCCC1,0.18666666666666665,0,0.0049189081313749375
C=C1CCC(O)CC1=CC=C1CCCC2(C)C1CCC2C(C)CCCC(C)C,0,C=C1CCCCC1=CC=C1CCCC2CCCC12,CC12CCC(=O)C=C1CCC1C2C(O)CC2(C)C1CCC2(O)C(=O)CO,0,O=C1C=C2CCC3C4CCCC4CCC3C2CC1,0.17216117216117216,0,0.021434499842969433
C=C1CCC(O)CC1=CC=C1CCCC2(C)C1CCC2C(C)CCCC(C)C,0,C=C1CCCCC1=CC=C1CCCC2CCCC12,CC12CCC(=O)C=C1CCC1C3CCC(O)(C(=O)CO)C3(C)CC(O)C12F,0,O=C1C=C2CCC3C4CCCC4CCC3C2CC1,0.16684782608695653,0,0.010316494919515829
CN(Cc1cnc2nc(N)nc(N)c2n1)c1ccc(C(=O)NC(CCC(=O)O)C(=O)O)cc1,1,c1ccc(NCc2cnc3ncncc3n2)cc1,Nc1ccc(C(=O)O)cc1,0,c1ccccc1,0.16800847457627122,1,0.9370070117002104
CN(Cc1cnc2nc(N)nc(N)c2n1)c1ccc(C(=O)NC(CCC(=O)O)C(=O)O)cc1,1,c1ccc(NCc2cnc3ncncc3n2)cc1,CC(C)(CO)C(O)C(=O)NCCC(=O)O,0,,0.16665280665280666,1,0.9793071209103132
CN(Cc1cnc2nc(N)nc(N)c2n1)c1ccc(C(=O)NC(CCC(=O)O)C(=O)O)cc1,1,c1ccc(NCc2cnc3ncncc3n2)cc1,NC(Cc1ccc(O)c(O)c1)C(=O)O,0,c1ccccc1,0.1601887601887602,1,0.9919849176172271
CN(Cc1cnc2nc(N)nc(N)c2n1)c1ccc(C(=O)NC(CCC(=O)O)C(=O)O)cc1,1,c1ccc(NCc2cnc3ncncc3n2)cc1,CC(Cc1ccc(O)c(O)c1)(NN)C(=O)O,0,c1ccccc1,0.15944055944055946,1,0.9915445848347099
C=C(c1ccc(C(=O)O)cc1)c1cc2c(cc1C)C(C)(C)CCC2(C)C,1,C=C(c1ccccc1)c1ccc2c(c1)CCCC2,Nc1ccc(C(=O)O)cc1,0,c1ccccc1,0.31674208144796384,1,0.8733374498342754
C=C(c1ccc(C(=O)O)cc1)c1cc2c(cc1C)C(C)(C)CCC2(C)C,1,C=C(c1ccccc1)c1ccc2c(c1)CCCC2,CC(=O)Oc1ccccc1C(=O)O,0,c1ccccc1,0.23508771929824562,1,0.857651644917277
C=C(c1ccc(C(=O)O)cc1)c1cc2c(cc1C)C(C)(C)CCC2(C)C,1,C=C(c1ccccc1)c1ccc2c(c1)CCCC2,O=C(O)c1ccccc1O,0,c1ccccc1,0.22855297157622742,1,0.8222648356354039
C=C(c1ccc(C(=O)O)cc1)c1cc2c(cc1C)C(C)(C)CCC2(C)C,1,C=C(c1ccccc1)c1ccc2c(c1)CCCC2,CNC(=O)Oc1ccc2c(c1)C1(C)CCN(C)C1N2C,0,c1ccc2c(c1)NC1NCCC21,0.20833333333333334,1,0.9446587185917769
CN1CCC23c4c5ccc(O)c4OC2C(O)C=CC3C1C5,0,C1=CC2C3Cc4cccc5c4C2(CCN3)C(C1)O5,COc1ccc2c3c1OC1C(O)C=CC4C(C2)N(C)CCC341,0,C1=CC2C3Cc4cccc5c4C2(CCN3)C(C1)O5,0.7639291465378423,0,0.013040601623297536
CN1CCC23c4c5ccc(O)c4OC2C(O)C=CC3C1C5,0,C1=CC2C3Cc4cccc5c4C2(CCN3)C(C1)O5,CN1CCC23c4c5ccc(O)c4OC2C(=O)CCC3C1C5,0,O=C1CCC2C3Cc4cccc5c4C2(CCN3)C1O5,0.5702868852459018,0,0.05451151357232552
CN1CCC23c4c5ccc(O)c4OC2C(O)C=CC3C1C5,0,C1=CC2C3Cc4cccc5c4C2(CCN3)C(C1)O5,CN1CCC23c4c5ccc(O)c4OC2C(=O)CCC3(O)C1C5,0,O=C1CCC2C3Cc4cccc5c4C2(CCN3)C1O5,0.44395668715247294,0,0.07657550773755632
CN1CCC23c4c5ccc(O)c4OC2C(O)C=CC3C1C5,0,C1=CC2C3Cc4cccc5c4C2(CCN3)C(C1)O5,COc1ccc2c3c1OC1C(=O)CCC4C(C2)N(C)CCC314,0,O=C1CCC2C3Cc4cccc5c4C2(CCN3)C1O5,0.41688963210702346,0,0.0345364305536685
COc1ccc2c3c1OC1C(O)C=CC4C(C2)N(C)CCC341,0,C1=CC2C3Cc4cccc5c4C2(CCN3)C(C1)O5,CN1CCC23c4c5ccc(O)c4OC2C(O)C=CC3C1C5,0,C1=CC2C3Cc4cccc5c4C2(CCN3)C(C1)O5,0.7639291465378423,0,0.03391052682679641
COc1ccc2c3c1OC1C(O)C=CC4C(C2)N(C)CCC341,0,C1=CC2C3Cc4cccc5c4C2(CCN3)C(C1)O5,COc1ccc2c3c1OC1C(=O)CCC4C(C2)N(C)CCC314,0,O=C1CCC2C3Cc4cccc5c4C2(CCN3)C1O5,0.5736702127659574,0,0.0686373767018475
COc1ccc2c3c1OC1C(O)C=CC4C(C2)N(C)CCC341,0,C1=CC2C3Cc4cccc5c4C2(CCN3)C(C1)O5,COc1ccc2c3c1OC1C(=O)CCC4(O)C(C2)N(C)CCC314,0,O=C1CCC2C3Cc4cccc5c4C2(CCN3)C1O5,0.46685714285714286,0,0.095839372655959
COc1ccc2c3c1OC1C(O)C=CC4C(C2)N(C)CCC341,0,C1=CC2C3Cc4cccc5c4C2(CCN3)C(C1)O5,CN1CCC23c4c5ccc(O)c4OC2C(=O)CCC3C1C5,0,O=C1CCC2C3Cc4cccc5c4C2(CCN3)C1O5,0.43617614269788185,0,0.08678295136529349
NC1C2CN(c3nc4c(cc3F)c(=O)c(C(=O)O)cn4-c3ccc(F)cc3F)CC12,1,O=c1ccn(-c2ccccc2)c2nc(N3CC4CC4C3)ccc12,CC(=O)Oc1ccccc1C(=O)O,0,c1ccccc1,0.1837578814627995,1,0.8383152954733755
NC1C2CN(c3nc4c(cc3F)c(=O)c(C(=O)O)cn4-c3ccc(F)cc3F)CC12,1,O=c1ccn(-c2ccccc2)c2nc(N3CC4CC4C3)ccc12,O=C(O)c1ccccc1O,0,c1ccccc1,0.16563029960429623,1,0.7992467664594971
NC1C2CN(c3nc4c(cc3F)c(=O)c(C(=O)O)cn4-c3ccc(F)cc3F)CC12,1,O=c1ccn(-c2ccccc2)c2nc(N3CC4CC4C3)ccc12,O=c1[nH]c2ccccc2n1C1CCN(CCCC(c2ccc(F)cc2)c2ccc(F)cc2)CC1,0,O=c1[nH]c2ccccc2n1C1CCN(CCCC(c2ccccc2)c2ccccc2)CC1,0.15765247410817032,1,0.9005925821554587
NC1C2CN(c3nc4c(cc3F)c(=O)c(C(=O)O)cn4-c3ccc(F)cc3F)CC12,1,O=c1ccn(-c2ccccc2)c2nc(N3CC4CC4C3)ccc12,Nc1ccc(C(=O)O)cc1,0,c1ccccc1,0.1573185011709602,1,0.8557735191633645
CN(C)CCOC(C)(c1ccccc1)c1ccccn1,0,c1ccc(Cc2ccccn2)cc1,CN(C)CCOC(c1ccc(Cl)cc1)c1ccccn1,0,c1ccc(Cc2ccccn2)cc1,0.4276923076923077,0,0.0044623596808301726
CN(C)CCOC(C)(c1ccccc1)c1ccccn1,0,c1ccc(Cc2ccccn2)cc1,CN(C)CCOC(c1ccccc1)c1ccccc1,0,c1ccc(Cc2ccccc2)cc1,0.3917920656634747,0,0.013272650259987116
CN(C)CCOC(C)(c1ccccc1)c1ccccn1,0,c1ccc(Cc2ccccn2)cc1,CN(C)CCC(c1ccc(Cl)cc1)c1ccccn1,0,c1ccc(Cc2ccccn2)cc1,0.3728291316526611,0,0.012051241697772818
CN(C)CCOC(C)(c1ccccc1)c1ccccn1,0,c1ccc(Cc2ccccn2)cc1,CN(C)CCC(c1ccc(Br)cc1)c1ccccn1,0,c1ccc(Cc2ccccn2)cc1,0.3728291316526611,0,0.019242010588144117
CN(C)CCC(c1ccc(Cl)cc1)c1ccccn1,0,c1ccc(Cc2ccccn2)cc1,CN(C)CCC(c1ccc(Br)cc1)c1ccccn1,0,c1ccc(Cc2ccccn2)cc1,0.8,0,0.0345614414959799
CN(C)CCC(c1ccc(Cl)cc1)c1ccccn1,0,c1ccc(Cc2ccccn2)cc1,CN(C)CCOC(c1ccc(Cl)cc1)c1ccccn1,0,c1ccc(Cc2ccccn2)cc1,0.6148509485094851,0,0.03638783750923283
CN(C)CCC(c1ccc(Cl)cc1)c1ccccn1,0,c1ccc(Cc2ccccn2)cc1,CN(C)CCOC(C)(c1ccccc1)c1ccccn1,0,c1ccc(Cc2ccccn2)cc1,0.3728291316526611,0,0.041564563877690044
CN(C)CCC(c1ccc(Cl)cc1)c1ccccn1,0,c1ccc(Cc2ccccn2)cc1,CN1CCN(C(c2ccccc2)c2ccc(Cl)cc2)CC1,0,c1ccc(C(c2ccccc2)N2CCNCC2)cc1,0.32597904026475455,1,0.5080344048226827
CN(C)CCOC(c1ccc(Cl)cc1)c1ccccn1,0,c1ccc(Cc2ccccn2)cc1,CN(C)CCC(c1ccc(Cl)cc1)c1ccccn1,0,c1ccc(Cc2ccccn2)cc1,0.6148509485094851,0,0.02871478340408644
CN(C)CCOC(c1ccc(Cl)cc1)c1ccccn1,0,c1ccc(Cc2ccccn2)cc1,CN(C)CCOC(c1ccccc1)c1ccccc1,0,c1ccc(Cc2ccccc2)cc1,0.5378397212543554,0,0.022032598842641436
CN(C)CCOC(c1ccc(Cl)cc1)c1ccccn1,0,c1ccc(Cc2ccccn2)cc1,CN(C)CCC(c1ccc(Br)cc1)c1ccccn1,0,c1ccc(Cc2ccccn2)cc1,0.48507317073170736,0,0.03181470784082313
CN(C)CCOC(c1ccc(Cl)cc1)c1ccccn1,0,c1ccc(Cc2ccccn2)cc1,Cc1ccccc1C(OCCN(C)C)c1ccccc1,0,c1ccc(Cc2ccccc2)cc1,0.4666666666666667,0,0.022032598842641436
CN(C)CCC(c1ccc(Br)cc1)c1ccccn1,0,c1ccc(Cc2ccccn2)cc1,CN(C)CCC(c1ccc(Cl)cc1)c1ccccn1,0,c1ccc(Cc2ccccn2)cc1,0.8,0,0.053515724399114416
CN(C)CCC(c1ccc(Br)cc1)c1ccccn1,0,c1ccc(Cc2ccccn2)cc1,CN(C)CCOC(c1ccc(Cl)cc1)c1ccccn1,0,c1ccc(Cc2ccccn2)cc1,0.48507317073170736,0,0.06217117034002901
CN(C)CCC(c1ccc(Br)cc1)c1ccccn1,0,c1ccc(Cc2ccccn2)cc1,CN(C)CCOC(C)(c1ccccc1)c1ccccn1,0,c1ccc(Cc2ccccn2)cc1,0.3728291316526611,0,0.09923479615502206
CN(C)CCC(c1ccc(Br)cc1)c1ccccn1,0,c1ccc(Cc2ccccn2)cc1,CN(C)CCOC(c1ccccc1)c1ccccc1,0,c1ccc(Cc2ccccc2)cc1,0.32166666666666666,0,0.16592893176682932
O=C1C=CC=CC1=C1NC(=C2C=CC=CC2=O)N(c2ccc(C(=O)O)cc2)N1,1,O=C1C=CC=CC1=C1NC(=C2C=CC=CC2=O)N(c2ccccc2)N1,Nc1ccc(C(=O)O)cc1,0,c1ccccc1,0.28667044809982983,1,0.9995744391113426
O=C1C=CC=CC1=C1NC(=C2C=CC=CC2=O)N(c2ccc(C(=O)O)cc2)N1,1,O=C1C=CC=CC1=C1NC(=C2C=CC=CC2=O)N(c2ccccc2)N1,O=C(O)c1ccccc1O,0,c1ccccc1,0.18914728682170542,1,0.9993658871057941
O=C1C=CC=CC1=C1NC(=C2C=CC=CC2=O)N(c2ccc(C(=O)O)cc2)N1,1,O=C1C=CC=CC1=C1NC(=C2C=CC=CC2=O)N(c2ccccc2)N1,CC(=O)Oc1ccccc1C(=O)O,0,c1ccccc1,0.18074074074074076,1,0.9995130208072882
O=C1C=CC=CC1=C1NC(=C2C=CC=CC2=O)N(c2ccc(C(=O)O)cc2)N1,1,O=C1C=CC=CC1=C1NC(=C2C=CC=CC2=O)N(c2ccccc2)N1,CC1(C)SC2C(NC(=O)Cc3ccccc3)C(=O)N2C1C(=O)O,0,O=C(Cc1ccccc1)NC1C(=O)N2CCSC12,0.15746031746031747,1,0.9997435013066875
CC(C)(C(=O)O)c1ccc(C(O)CCCN2CCC(C(O)(c3ccccc3)c3ccccc3)CC2)cc1,0,c1ccc(CCCCN2CCC(C(c3ccccc3)c3ccccc3)CC2)cc1,CC(C)(C)c1ccc(C(O)CCCN2CCC(C(O)(c3ccccc3)c3ccccc3)CC2)cc1,0,c1ccc(CCCCN2CCC(C(c3ccccc3)c3ccccc3)CC2)cc1,0.7764705882352941,0,0.03269167977968304
CC(C)(C(=O)O)c1ccc(C(O)CCCN2CCC(C(O)(c3ccccc3)c3ccccc3)CC2)cc1,0,c1ccc(CCCCN2CCC(C(c3ccccc3)c3ccccc3)CC2)cc1,OC(CCN1CCCC1)(c1ccccc1)C1CCCCC1,0,c1ccc(C(CCN2CCCC2)C2CCCCC2)cc1,0.3498284407167366,0,0.11132902233126205
CC(C)(C(=O)O)c1ccc(C(O)CCCN2CCC(C(O)(c3ccccc3)c3ccccc3)CC2)cc1,0,c1ccc(CCCCN2CCC(C(c3ccccc3)c3ccccc3)CC2)cc1,O=c1[nH]c2ccccc2n1C1CCN(CCCC(c2ccc(F)cc2)c2ccc(F)cc2)CC1,0,O=c1[nH]c2ccccc2n1C1CCN(CCCC(c2ccccc2)c2ccccc2)CC1,0.32222222222222224,0,0.05757653154595806
CC(C)(C(=O)O)c1ccc(C(O)CCCN2CCC(C(O)(c3ccccc3)c3ccccc3)CC2)cc1,0,c1ccc(CCCCN2CCC(C(c3ccccc3)c3ccccc3)CC2)cc1,CN1CCCC1CCOC(C)(c1ccccc1)c1ccc(Cl)cc1,0,c1ccc(C(OCCC2CCCN2)c2ccccc2)cc1,0.2847142466502598,0,0.08004903009606923
CC(C)(C)c1ccc(C(O)CCCN2CCC(C(O)(c3ccccc3)c3ccccc3)CC2)cc1,0,c1ccc(CCCCN2CCC(C(c3ccccc3)c3ccccc3)CC2)cc1,CC(C)(C(=O)O)c1ccc(C(O)CCCN2CCC(C(O)(c3ccccc3)c3ccccc3)CC2)cc1,0,c1ccc(CCCCN2CCC(C(c3ccccc3)c3ccccc3)CC2)cc1,0.7764705882352941,0,0.013854081062110318
CC(C)(C)c1ccc(C(O)CCCN2CCC(C(O)(c3ccccc3)c3ccccc3)CC2)cc1,0,c1ccc(CCCCN2CCC(C(c3ccccc3)c3ccccc3)CC2)cc1,OC(CCN1CCCC1)(c1ccccc1)C1CCCCC1,0,c1ccc(C(CCN2CCCC2)C2CCCCC2)cc1,0.38362573099415204,0,0.029317137584772775
CC(C)(C)c1ccc(C(O)CCCN2CCC(C(O)(c3ccccc3)c3ccccc3)CC2)cc1,0,c1ccc(CCCCN2CCC(C(c3ccccc3)c3ccccc3)CC2)cc1,O=c1[nH]c2ccccc2n1C1CCN(CCCC(c2ccc(F)cc2)c2ccc(F)cc2)CC1,0,O=c1[nH]c2ccccc2n1C1CCN(CCCC(c2ccccc2)c2ccccc2)CC1,0.3084711779448621,0,0.014515302683948192
CC(C)(C)c1ccc(C(O)CCCN2CCC(C(O)(c3ccccc3)c3ccccc3)CC2)cc1,0,c1ccc(CCCCN2CCC(C(c3ccccc3)c3ccccc3)CC2)cc1,CN1CCCC1CCOC(C)(c1ccccc1)c1ccc(Cl)cc1,0,c1ccc(C(OCCC2CCCN2)c2ccccc2)cc1,0.3014729950900164,0,0.02054715650733371
NCCC(O)C(=O)NC1CC(N)C(OC2OC(CN)C(O)C(O)C2O)C(O)C1OC1OC(CO)C(O)C(N)C1O,0,C1CCC(OC2CCCC(OC3CCCCO3)C2)OC1,NCC1OC(OC2C(N)CC(N)C(OC3OC(CO)C(O)C(N)C3O)C2O)C(O)C(O)C1O,0,C1CCC(OC2CCCC(OC3CCCCO3)C2)OC1,0.6590216519647154,0,0.012895597502421745
NCCC(O)C(=O)NC1CC(N)C(OC2OC(CN)C(O)C(O)C2O)C(O)C1OC1OC(CO)C(O)C(N)C1O,0,C1CCC(OC2CCCC(OC3CCCCO3)C2)OC1,OCC1OC(OC2C(CO)OC(O)C(O)C2O)C(O)C(O)C1O,0,C1CCC(OC2CCCOC2)OC1,0.346031746031746,0,0.020434066852798957
NCCC(O)C(=O)NC1CC(N)C(OC2OC(CN)C(O)C(O)C2O)C(O)C1OC1OC(CO)C(O)C(N)C1O,0,C1CCC(OC2CCCC(OC3CCCCO3)C2)OC1,OCC1OC(OC2C(CO)OC(O)(CO)C2O)C(O)C(O)C1O,0,C1CCC(OC2CCOC2)OC1,0.32037858621709553,0,0.006772134890887856
NCCC(O)C(=O)NC1CC(N)C(OC2OC(CN)C(O)C(O)C2O)C(O)C1OC1OC(CO)C(O)C(N)C1O,0,C1CCC(OC2CCCC(OC3CCCCO3)C2)OC1,CNC(C)C1CCC(N)C(OC2C(N)CC(N)C(OC3OCC(C)(O)C(NC)C3O)C2O)O1,0,C1CCC(OC2CCCC(OC3CCCCO3)C2)OC1,0.2519260400616333,0,0.005566755884107268
NCC1OC(OC2C(N)CC(N)C(OC3OC(CO)C(O)C(N)C3O)C2O)C(O)C(O)C1O,0,C1CCC(OC2CCCC(OC3CCCCO3)C2)OC1,NCCC(O)C(=O)NC1CC(N)C(OC2OC(CN)C(O)C(O)C2O)C(O)C1OC1OC(CO)C(O)C(N)C1O,0,C1CCC(OC2CCCC(OC3CCCCO3)C2)OC1,0.6590216519647154,0,0.05324739798358576
NCC1OC(OC2C(N)CC(N)C(OC3OC(CO)C(O)C(N)C3O)C2O)C(O)C(O)C1O,0,C1CCC(OC2CCCC(OC3CCCCO3)C2)OC1,OCC1OC(OC2C(CO)OC(O)C(O)C2O)C(O)C(O)C1O,0,C1CCC(OC2CCCOC2)OC1,0.48000000000000004,0,0.02264461616675904
NCC1OC(OC2C(N)CC(N)C(OC3OC(CO)C(O)C(N)C3O)C2O)C(O)C(O)C1O,0,C1CCC(OC2CCCC(OC3CCCCO3)C2)OC1,OCC1OC(OC2C(CO)OC(O)(CO)C2O)C(O)C(O)C1O,0,C1CCC(OC2CCOC2)OC1,0.4315845257021728,0,0.007211172463198418
NCC1OC(OC2C(N)CC(N)C(OC3OC(CO)C(O)C(N)C3O)C2O)C(O)C(O)C1O,0,C1CCC(OC2CCCC(OC3CCCCO3)C2)OC1,CNC(C)C1CCC(N)C(OC2C(N)CC(N)C(OC3OCC(C)(O)C(NC)C3O)C2O)O1,0,C1CCC(OC2CCCC(OC3CCCCO3)C2)OC1,0.3079608083282303,0,0.017558587189069667
CNC(C)C1CCC(N)C(OC2C(N)CC(N)C(OC3OCC(C)(O)C(NC)C3O)C2O)O1,0,C1CCC(OC2CCCC(OC3CCCCO3)C2)OC1,NCC1OC(OC2C(N)CC(N)C(OC3OC(CO)C(O)C(N)C3O)C2O)C(O)C(O)C1O,0,C1CCC(OC2CCCC(OC3CCCCO3)C2)OC1,0.3079608083282303,0,0.08587329174287495
CNC(C)C1CCC(N)C(OC2C(N)CC(N)C(OC3OCC(C)(O)C(NC)C3O)C2O)O1,0,C1CCC(OC2CCCC(OC3CCCCO3)C2)OC1,NCCC(O)C(=O)NC1CC(N)C(OC2OC(CN)C(O)C(O)C2O)C(O)C1OC1OC(CO)C(O)C(N)C1O,0,C1CCC(OC2CCCC(OC3CCCCO3)C2)OC1,0.2519260400616333,0,0.05136803682995768
CNC(C)C1CCC(N)C(OC2C(N)CC(N)C(OC3OCC(C)(O)C(NC)C3O)C2O)O1,0,C1CCC(OC2CCCC(OC3CCCCO3)C2)OC1,CNC1C(OC2C(OC3C(O)C(O)C(N=C(N)N)C(O)C3N=C(N)N)OC(C)C2(O)C=O)OC(CO)C(O)C1O,0,C1CCC(OC2OCCC2OC2CCCCO2)CC1,0.21912442396313364,0,0.33907641594861637
CNC(C)C1CCC(N)C(OC2C(N)CC(N)C(OC3OCC(C)(O)C(NC)C3O)C2O)O1,0,C1CCC(OC2CCCC(OC3CCCCO3)C2)OC1,CNC1C(O)C(NC)C2OC3(O)C(=O)CC(C)OC3OC2C1O,0,O=C1CCOC2OC3CCCCC3OC12,0.201033324722294,0,0.0032782159026649572
Cc1nc([N+](=O)[O-])cn1-c1ccc([N+](=O)[O-])cc1,1,c1ccc(-n2ccnc2)cc1,O=C(NC(CO)C(O)c1ccc([N+](=O)[O-])cc1)C(Cl)Cl,0,c1ccccc1,0.24259259259259258,1,0.9744997607401844
Cc1nc([N+](=O)[O-])cn1-c1ccc([N+](=O)[O-])cc1,1,c1ccc(-n2ccnc2)cc1,CN1C2CC(OC(=O)C(CO)c3ccccc3)CC1C1OC12,0,O=C(Cc1ccccc1)OC1CC2NC(C1)C1OC21,0.12883116883116882,1,0.9748934053993774
Cc1nc([N+](=O)[O-])cn1-c1ccc([N+](=O)[O-])cc1,1,c1ccc(-n2ccnc2)cc1,CC1(C)SC2C(NC(=O)Cc3ccccc3)C(=O)N2C1C(=O)O,0,O=C(Cc1ccccc1)NC1C(=O)N2CCSC12,0.12410256410256412,1,0.9950653276873574
Cc1nc([N+](=O)[O-])cn1-c1ccc([N+](=O)[O-])cc1,1,c1ccc(-n2ccnc2)cc1,CN1C2CCC1CC(OC(c1ccccc1)c1ccccc1)C2,0,c1ccc(C(OC2CC3CCC(C2)N3)c2ccccc2)cc1,0.12268165395423525,1,0.9740394415752288
CCCCCCCCCCCC(CC1OC(=O)C1CCCCCC)OC(=O)C(CC(C)C)NC=O,1,O=C1CCO1,CCC(C)C(=O)OC1CC(C)C=C2C=CC(C)C(CCC3CC(O)CC(=O)O3)C21,0,O=C1CCCC(CCC2CC=CC3=CCCCC32)O1,0.23832417582417584,1,0.9839952834111223
CCCCCCCCCCCC(CC1OC(=O)C1CCCCCC)OC(=O)C(CC(C)C)NC=O,1,O=C1CCO1,CCC(C)(C)C(=O)OC1CC(C)C=C2C=CC(C)C(CCC3CC(O)CC(=O)O3)C21,0,O=C1CCCC(CCC2CC=CC3=CCCCC32)O1,0.19217021276595747,1,0.9839952834111223
CCCCCCCCCCCC(CC1OC(=O)C1CCCCCC)OC(=O)C(CC(C)C)NC=O,1,O=C1CCO1,CCCCC(CC)COC(=O)CC(C(=O)OCC(CC)CCCC)S(=O)(=O)[O-],0,,0.18684210526315792,1,0.8947656952463838
CCCCCCCCCCCC(CC1OC(=O)C1CCCCCC)OC(=O)C(CC(C)C)NC=O,1,O=C1CCO1,CCCC(C)(COC(N)=O)COC(=O)NC(C)C,0,,0.18613998613998614,1,0.775451505609532
CC(C)(C)NC(=O)C1CC2CCCCC2CN1CC(O)C(Cc1ccccc1)NC(=O)C(CC(N)=O)NC(=O)c1ccc2ccccc2n1,1,O=C(CNC(=O)c1ccc2ccccc2n1)NC(CCN1CCC2CCCCC2C1)Cc1ccccc1,CCC(C)C1NC(=O)C(Cc2ccc(O)cc2)NC(=O)C(N)CSSCC(C(=O)N2CCCC2C(=O)NC(CC(C)C)C(=O)NCC(N)=O)NC(=O)C(CC(N)=O)NC(=O)C(CCC(N)=O)NC1=O,0,O=C1CNC(=O)CNC(=O)C(Cc2ccccc2)NC(=O)CCSSCC(C(=O)N2CCCC2)NC(=O)CN1,0.22157842157842159,1,0.9854367883761174
CC(C)(C)NC(=O)C1CC2CCCCC2CN1CC(O)C(Cc1ccccc1)NC(=O)C(CC(N)=O)NC(=O)c1ccc2ccccc2n1,1,O=C(CNC(=O)c1ccc2ccccc2n1)NC(CCN1CCC2CCCCC2C1)Cc1ccccc1,CC(C)CC1NC(=O)C(Cc2ccccc2)NC(=O)C(CCN)NC(=O)C(NC(=O)C(CCN)NC(=O)C(NC(=O)C(CCN)NC(=O)O)C(C)O)CCNC(=O)C(C(C)O)NC(=O)C(CCN)NC(=O)C(CCN)NC1=O,0,O=C1CCCNC(=O)CNC(=O)CNC(=O)CNC(=O)CNC(=O)C(Cc2ccccc2)NC(=O)CN1,0.21482176360225141,1,0.9764699019962212
CC(C)(C)NC(=O)C1CC2CCCCC2CN1CC(O)C(Cc1ccccc1)NC(=O)C(CC(N)=O)NC(=O)c1ccc2ccccc2n1,1,O=C(CNC(=O)c1ccc2ccccc2n1)NC(CCN1CCC2CCCCC2C1)Cc1ccccc1,CCCCN1CCCCC1C(=O)Nc1c(C)cccc1C,0,O=C(Nc1ccccc1)C1CCCCN1,0.21439393939393941,1,0.5864153551046425
CC(C)(C)NC(=O)C1CC2CCCCC2CN1CC(O)C(Cc1ccccc1)NC(=O)C(CC(N)=O)NC(=O)c1ccc2ccccc2n1,1,O=C(CNC(=O)c1ccc2ccccc2n1)NC(CCN1CCC2CCCCC2C1)Cc1ccccc1,CC(C)(C(=O)O)c1ccc(C(O)CCCN2CCC(C(O)(c3ccccc3)c3ccccc3)CC2)cc1,0,c1ccc(CCCCN2CCC(C(c3ccccc3)c3ccccc3)CC2)cc1,0.19344339622641513,0,0.46583282112564905
OC(c1cc(C(F)(F)F)nc2c(C(F)(F)F)cccc12)C1CCCCN1,0,c1ccc2c(CC3CCCCN3)ccnc2c1,CC(C)(C)NCC(O)COc1ccccc1C1CCCC1,0,c1ccc(C2CCCC2)cc1,0.20038314176245212,0,0.04351822888941045
OC(c1cc(C(F)(F)F)nc2c(C(F)(F)F)cccc12)C1CCCCN1,0,c1ccc2c(CC3CCCCN3)ccnc2c1,Nc1c2c(nc3ccccc13)CCCC2,0,c1ccc2nc3c(cc2c1)CCCC3,0.17990196078431372,0,0.22383105628392833
OC(c1cc(C(F)(F)F)nc2c(C(F)(F)F)cccc12)C1CCCCN1,0,c1ccc2c(CC3CCCCN3)ccnc2c1,CC(C)NCC(O)c1ccc(O)c(O)c1,0,c1ccccc1,0.17806122448979592,0,0.07897951915930045
OC(c1cc(C(F)(F)F)nc2c(C(F)(F)F)cccc12)C1CCCCN1,0,c1ccc2c(CC3CCCCN3)ccnc2c1,CC(C)(C)NCC(O)c1ccc(O)c(CO)c1,0,c1ccccc1,0.1701525054466231,0,0.031016968475693223
CC(C)c1nc(CN(C)C(=O)NC(C(=O)NC(Cc2ccccc2)CC(O)C(Cc2ccccc2)NC(=O)OCc2cncs2)C(C)C)cs1,1,O=C(CNC(=O)NCc1cscn1)NC(CCC(Cc1ccccc1)NC(=O)OCc1cncs1)Cc1ccccc1,C#CCN(C)C(C)Cc1ccccc1,0,c1ccccc1,0.18709106984969057,1,0.997864622047038
CC(C)c1nc(CN(C)C(=O)NC(C(=O)NC(Cc2ccccc2)CC(O)C(Cc2ccccc2)NC(=O)OCc2cncs2)C(C)C)cs1,1,O=C(CNC(=O)NCc1cscn1)NC(CCC(Cc1ccccc1)NC(=O)OCc1cncs1)Cc1ccccc1,CC(C)CC1NC(=O)C(Cc2ccccc2)NC(=O)C(CCN)NC(=O)C(NC(=O)C(CCN)NC(=O)C(NC(=O)C(CCN)NC(=O)O)C(C)O)CCNC(=O)C(C(C)O)NC(=O)C(CCN)NC(=O)C(CCN)NC1=O,0,O=C1CCCNC(=O)CNC(=O)CNC(=O)CNC(=O)CNC(=O)C(Cc2ccccc2)NC(=O)CN1,0.18701298701298702,1,0.999980732224179
CC(C)c1nc(CN(C)C(=O)NC(C(=O)NC(Cc2ccccc2)CC(O)C(Cc2ccccc2)NC(=O)OCc2cncs2)C(C)C)cs1,1,O=C(CNC(=O)NCc1cscn1)NC(CCC(Cc1ccccc1)NC(=O)OCc1cncs1)Cc1ccccc1,COCCCOc1cc(CC(CC(N)C(O)CC(C(=O)NCC(C)(C)C(N)=O)C(C)C)C(C)C)ccc1OC,0,c1ccccc1,0.17788617886178865,1,0.9953528959439822
CC(C)c1nc(CN(C)C(=O)NC(C(=O)NC(Cc2ccccc2)CC(O)C(Cc2ccccc2)NC(=O)OCc2cncs2)C(C)C)cs1,1,O=C(CNC(=O)NCc1cscn1)NC(CCC(Cc1ccccc1)NC(=O)OCc1cncs1)Cc1ccccc1,CNC(C)Cc1ccccc1,0,c1ccccc1,0.1758496601359456,1,0.9977955101524739
Cc1ccc(N(CC2=NCCN2)c2cccc(O)c2)cc1,0,c1ccc(N(CC2=NCCN2)c2ccccc2)cc1,CC[N+](C)(C)c1cccc(O)c1,0,c1ccccc1,0.252702056432329,0,0.10887433892176672
Cc1ccc(N(CC2=NCCN2)c2cccc(O)c2)cc1,0,c1ccc(N(CC2=NCCN2)c2ccccc2)cc1,CC(=O)Nc1cccc(O)c1,0,c1ccccc1,0.23699633699633701,0,0.2897074953788104
Cc1ccc(N(CC2=NCCN2)c2cccc(O)c2)cc1,0,c1ccc(N(CC2=NCCN2)c2ccccc2)cc1,Cc1ccc(O)c(C(CCN(C(C)C)C(C)C)c2ccccc2)c1,0,c1ccc(Cc2ccccc2)cc1,0.2150793650793651,0,0.11698822563745821
Cc1ccc(N(CC2=NCCN2)c2cccc(O)c2)cc1,0,c1ccc(N(CC2=NCCN2)c2ccccc2)cc1,CCN(CC)CC(=O)Nc1c(C)cccc1C,0,c1ccccc1,0.19085457271364317,0,0.14499642699737664
N=c1nc(N2CCCCC2)cc(N)n1O,0,N=c1nc(N2CCCCC2)cc[nH]1,Cc1cc(C2CCCCC2)n(O)c(=O)c1,0,O=c1cccc(C2CCCCC2)[nH]1,0.2108843537414966,0,0.1657882050843165
N=c1nc(N2CCCCC2)cc(N)n1O,0,N=c1nc(N2CCCCC2)cc[nH]1,OC(CCN1CCCC1)(c1ccccc1)C1CCCCC1,0,c1ccc(C(CCN2CCCC2)C2CCCCC2)cc1,0.17996632996632997,0,0.02048367670030595
N=c1nc(N2CCCCC2)cc(N)n1O,0,N=c1nc(N2CCCCC2)cc[nH]1,Nc1c2c(nc3ccccc13)CCCC2,0,c1ccc2nc3c(cc2c1)CCCC3,0.16278260869565217,0,0.0400193770076564
N=c1nc(N2CCCCC2)cc(N)n1O,0,N=c1nc(N2CCCCC2)cc[nH]1,Cc1c(-c2ccccc2)oc2c(C(=O)OCCN3CCCCC3)cccc2c1=O,0,O=C(OCCN1CCCCC1)c1cccc2c(=O)cc(-c3ccccc3)oc12,0.16123179756505132,0,0.010939747386855684
CC(C(=O)O)c1cccc(Oc2ccccc2)c1,1,c1ccc(Oc2ccccc2)cc1,CC1(C)C(C=C(Cl)Cl)C1C(=O)OCc1cccc(Oc2ccccc2)c1,0,O=C(OCc1cccc(Oc2ccccc2)c1)C1CC1,0.34465631929046564,1,0.804970555939623
CC(C(=O)O)c1cccc(Oc2ccccc2)c1,1,c1ccc(Oc2ccccc2)cc1,CC(N)C(O)c1ccccc1,0,c1ccccc1,0.31107236268526595,1,0.9266967458601962
CC(C(=O)O)c1cccc(Oc2ccccc2)c1,1,c1ccc(Oc2ccccc2)cc1,CNC(C)C(O)c1ccccc1,0,c1ccccc1,0.2873303167420815,1,0.9489435786844373
CC(C(=O)O)c1cccc(Oc2ccccc2)c1,1,c1ccc(Oc2ccccc2)cc1,CC(=O)Oc1ccccc1C(=O)O,0,c1ccccc1,0.2822510822510823,1,0.9224713251002917
CS(=O)(=O)Nc1ccc([N+](=O)[O-])cc1Oc1ccccc1,1,c1ccc(Oc2ccccc2)cc1,O=C(NC(CO)C(O)c1ccc([N+](=O)[O-])cc1)C(Cl)Cl,0,c1ccccc1,0.2300662713637949,1,0.9994570026757562
CS(=O)(=O)Nc1ccc([N+](=O)[O-])cc1Oc1ccccc1,1,c1ccc(Oc2ccccc2)cc1,CC1(C)C(C=C(Cl)Cl)C1C(=O)OCc1cccc(Oc2ccccc2)c1,0,O=C(OCc1cccc(Oc2ccccc2)c1)C1CC1,0.22047058823529414,1,0.998722637811796
CS(=O)(=O)Nc1ccc([N+](=O)[O-])cc1Oc1ccccc1,1,c1ccc(Oc2ccccc2)cc1,COc1cc(O)c(C(=O)c2ccccc2)cc1S(=O)(=O)O,0,O=C(c1ccccc1)c1ccccc1,0.20126103404791928,1,0.9991322814463703
CS(=O)(=O)Nc1ccc([N+](=O)[O-])cc1Oc1ccccc1,1,c1ccc(Oc2ccccc2)cc1,CCCCCCCN(CC)CCCC(O)c1ccc(NS(C)(=O)=O)cc1,0,c1ccccc1,0.19745024875621892,1,0.9996327021741828
NC(Cc1cc(I)c(Oc2ccc(O)c(I)c2)c(I)c1)C(=O)O,0,c1ccc(Oc2ccccc2)cc1,NC(Cc1ccc(O)c(O)c1)C(=O)O,0,c1ccccc1,0.5128205128205129,0,0.0033403940043208276
NC(Cc1cc(I)c(Oc2ccc(O)c(I)c2)c(I)c1)C(=O)O,0,c1ccc(Oc2ccccc2)cc1,CC(Cc1ccc(O)c(O)c1)(NN)C(=O)O,0,c1ccccc1,0.26457633445315415,0,0.010696593328177635
NC(Cc1cc(I)c(Oc2ccc(O)c(I)c2)c(I)c1)C(=O)O,0,c1ccc(Oc2ccccc2)cc1,CC(N)(Cc1ccc(O)cc1)C(=O)O,0,c1ccccc1,0.24668389319552114,0,0.01417889570076963
NC(Cc1cc(I)c(Oc2ccc(O)c(I)c2)c(I)c1)C(=O)O,0,c1ccc(Oc2ccccc2)cc1,COc1ccc(CC(C)NCC(O)c2ccc(O)c(NC=O)c2)cc1,0,c1ccc(CCNCCc2ccccc2)cc1,0.24346604215456674,0,0.04901238125185118
CCCCNc1cc(C(=O)O)cc(S(N)(=O)=O)c1Oc1ccccc1,1,c1ccc(Oc2ccccc2)cc1,CCCCNc1ccc(C(=O)OCCOCCOCCOCCOCCOCCOCCOCCOCCOC)cc1,0,c1ccccc1,0.314,1,0.9970084590359225
CCCCNc1cc(C(=O)O)cc(S(N)(=O)=O)c1Oc1ccccc1,1,c1ccc(Oc2ccccc2)cc1,CCCCNc1ccc(C(=O)OCCN(C)C)cc1,0,c1ccccc1,0.29787735849056607,1,0.9970772298611003
CCCCNc1cc(C(=O)O)cc(S(N)(=O)=O)c1Oc1ccccc1,1,c1ccc(Oc2ccccc2)cc1,COc1cc(O)c(C(=O)c2ccccc2)cc1S(=O)(=O)O,0,O=C(c1ccccc1)c1ccccc1,0.2610826210826211,1,0.9860740272779716
CCCCNc1cc(C(=O)O)cc(S(N)(=O)=O)c1Oc1ccccc1,1,c1ccc(Oc2ccccc2)cc1,CC(Cc1ccc(O)c(O)c1)(NN)C(=O)O,0,c1ccccc1,0.24348864994026284,1,0.9937740243987225
Cc1ncc([N+](=O)[O-])n1CCO,1,c1c[nH]cn1,Cc1ncc(CO)c(CO)c1O,0,c1ccncc1,0.22392344497607655,1,0.962823156735131
Cc1ncc([N+](=O)[O-])n1CCO,1,c1c[nH]cn1,O=C(NC(CO)C(O)c1ccc([N+](=O)[O-])cc1)C(Cl)Cl,0,c1ccccc1,0.20166666666666672,1,0.9775133404558143
Cc1ncc([N+](=O)[O-])n1CCO,1,c1c[nH]cn1,Cn1nnc2c(C(N)=O)ncn2c1=O,0,O=c1[nH]nnc2cncn12,0.16084905660377358,1,0.9783482388952475
Cc1ncc([N+](=O)[O-])n1CCO,1,c1c[nH]cn1,CCC1C(=O)OCC1Cc1cncn1C,0,O=C1CC(Cc2cnc[nH]2)CO1,0.1548872180451128,1,0.9825310161443113
COC(c1ccccc1)(c1ccccc1)C(Oc1nc(C)cc(C)n1)C(=O)O,1,c1ccc(C(COc2ncccn2)c2ccccc2)cc1,CC(C)(C(=O)c1cccnc1)c1cccnc1,0,O=C(Cc1cccnc1)c1cccnc1,0.2317819706498952,1,0.9936881197238314
COC(c1ccccc1)(c1ccccc1)C(Oc1nc(C)cc(C)n1)C(=O)O,1,c1ccc(C(COc2ncccn2)c2ccccc2)cc1,COc1cc(O)c(C(=O)c2ccccc2)cc1S(=O)(=O)O,0,O=C(c1ccccc1)c1ccccc1,0.22533333333333333,1,0.8373873312763015
COC(c1ccccc1)(c1ccccc1)C(Oc1nc(C)cc(C)n1)C(=O)O,1,c1ccc(C(COc2ncccn2)c2ccccc2)cc1,CC(=O)Oc1ccccc1C(=O)O,0,c1ccccc1,0.22145454545454546,1,0.9805770944865815
COC(c1ccccc1)(c1ccccc1)C(Oc1nc(C)cc(C)n1)C(=O)O,1,c1ccc(C(COc2ncccn2)c2ccccc2)cc1,CN(C)CCOC(C)(c1ccccc1)c1ccccn1,0,c1ccc(Cc2ccccn2)cc1,0.2157730888965756,1,0.9463096665334575
O=C(CCNNC(=O)c1ccncc1)NCc1ccccc1,1,O=C(CCNNC(=O)c1ccncc1)NCc1ccccc1,COc1cc(CNC(=O)CCCCC=CC(C)C)ccc1O,0,c1ccccc1,0.2564293915040184,1,0.5587612515045356
O=C(CCNNC(=O)c1ccncc1)NCc1ccccc1,1,O=C(CCNNC(=O)c1ccncc1)NCc1ccccc1,NNCCc1ccccc1,0,c1ccccc1,0.2303287380699894,1,0.7854859058251901
O=C(CCNNC(=O)c1ccncc1)NCc1ccccc1,1,O=C(CCNNC(=O)c1ccncc1)NCc1ccccc1,CC(C)(C(=O)c1cccnc1)c1cccnc1,0,O=C(Cc1cccnc1)c1cccnc1,0.21904761904761905,1,0.9222660747081936
O=C(CCNNC(=O)c1ccncc1)NCc1ccccc1,1,O=C(CCNNC(=O)c1ccncc1)NCc1ccccc1,CC1(C)SC2C(NC(=O)Cc3ccccc3)C(=O)N2C1C(=O)O,0,O=C(Cc1ccccc1)NC1C(=O)N2CCSC12,0.20445231469769795,1,0.8318040563644729
CCOC(=O)C(CCc1ccccc1)NC1CCc2ccccc2N(CC(=O)O)C1=O,1,O=C1Nc2ccccc2CCC1NCCCc1ccccc1,CNCCCN1c2ccccc2CCc2ccccc21,0,c1ccc2c(c1)CCc1ccccc1N2,0.27153846153846156,1,0.6256944398343884
CCOC(=O)C(CCc1ccccc1)NC1CCc2ccccc2N(CC(=O)O)C1=O,1,O=C1Nc2ccccc2CCC1NCCCc1ccccc1,CC1(C)SC2C(NC(=O)Cc3ccccc3)C(=O)N2C1C(=O)O,0,O=C(Cc1ccccc1)NC1C(=O)N2CCSC12,0.25694076038903624,1,0.7886776056481416
CCOC(=O)C(CCc1ccccc1)NC1CCc2ccccc2N(CC(=O)O)C1=O,1,O=C1Nc2ccccc2CCC1NCCCc1ccccc1,CC(C)CC1NC(=O)C(Cc2ccccc2)NC(=O)C(CCN)NC(=O)C(NC(=O)C(CCN)NC(=O)C(NC(=O)C(CCN)NC(=O)O)C(C)O)CCNC(=O)C(C(C)O)NC(=O)C(CCN)NC(=O)C(CCN)NC1=O,0,O=C1CCCNC(=O)CNC(=O)CNC(=O)CNC(=O)CNC(=O)C(Cc2ccccc2)NC(=O)CN1,0.2287146146552892,1,0.9832833237304185
CCOC(=O)C(CCc1ccccc1)NC1CCc2ccccc2N(CC(=O)O)C1=O,1,O=C1Nc2ccccc2CCC1NCCCc1ccccc1,CNC(C)Cc1ccccc1,0,c1ccccc1,0.22228739002932552,1,0.6512802182768286
Cn1nnnc1SCC1=C(C(=O)O)N2C(=O)C(NC(=O)C(O)c3ccccc3)C2SC1,1,O=C(Cc1ccccc1)NC1C(=O)N2C=C(CSc3nnn[nH]3)CSC12,CC1(C)SC2C(NC(=O)Cc3ccccc3)C(=O)N2C1C(=O)O,0,O=C(Cc1ccccc1)NC1C(=O)N2CCSC12,0.2833699633699634,1,0.999894487714289
Cn1nnnc1SCC1=C(C(=O)O)N2C(=O)C(NC(=O)C(O)c3ccccc3)C2SC1,1,O=C(Cc1ccccc1)NC1C(=O)N2C=C(CSc3nnn[nH]3)CSC12,CC(C)(C(=O)O)c1ccc(C(O)CCCN2CCC(C(O)(c3ccccc3)c3ccccc3)CC2)cc1,0,c1ccc(CCCCN2CCC(C(c3ccccc3)c3ccccc3)CC2)cc1,0.21243961352657006,1,0.9950694218627892
Cn1nnnc1SCC1=C(C(=O)O)N2C(=O)C(NC(=O)C(O)c3ccccc3)C2SC1,1,O=C(Cc1ccccc1)NC1C(=O)N2C=C(CSc3nnn[nH]3)CSC12,CN1C2CC(OC(=O)C(CO)c3ccccc3)CC1C1OC12,0,O=C(Cc1ccccc1)OC1CC2NC(C1)C1OC21,0.20077519379844963,1,0.9988455637246396
Cn1nnnc1SCC1=C(C(=O)O)N2C(=O)C(NC(=O)C(O)c3ccccc3)C2SC1,1,O=C(Cc1ccccc1)NC1C(=O)N2C=C(CSc3nnn[nH]3)CSC12,CC(C)CC1NC(=O)C(Cc2ccccc2)NC(=O)C(CCN)NC(=O)C(NC(=O)C(CCN)NC(=O)C(NC(=O)C(CCN)NC(=O)O)C(C)O)CCNC(=O)C(C(C)O)NC(=O)C(CCN)NC(=O)C(CCN)NC1=O,0,O=C1CCCNC(=O)CNC(=O)CNC(=O)CNC(=O)CNC(=O)C(Cc2ccccc2)NC(=O)CN1,0.18396624472573841,1,0.9999936897653647
CC(O)CN1CCN(CC(=O)[O-])CCN(CC(=O)[O-])CCN(CC(=O)[O-])CC1,0,C1CNCCNCCNCCN1,C[N+](C)(C)CC(O)CC(=O)[O-],0,,0.28663594470046083,0,0.00098960727137998
CC(O)CN1CCN(CC(=O)[O-])CCN(CC(=O)[O-])CCN(CC(=O)[O-])CC1,0,C1CNCCNCCNCCN1,C[N+](C)(C)CC(=O)[O-],0,,0.24285714285714288,0,0.0024258685022744684
CC(O)CN1CCN(CC(=O)[O-])CCN(CC(=O)[O-])CCN(CC(=O)[O-])CC1,0,C1CNCCNCCNCCN1,COCCNC(=O)CN(CCN(CCN(CC(=O)[O-])CC(=O)NCCOC)CC(=O)[O-])CC(=O)[O-],0,,0.21333333333333335,0,0.005614756496620449
CC(O)CN1CCN(CC(=O)[O-])CCN(CC(=O)[O-])CCN(CC(=O)[O-])CC1,0,C1CNCCNCCNCCN1,CC(C)(C(=O)O)c1ccc(C(O)CCCN2CCC(C(O)(c3ccccc3)c3ccccc3)CC2)cc1,0,c1ccc(CCCCN2CCC(C(c3ccccc3)c3ccccc3)CC2)cc1,0.18976157082748948,0,0.0019237964432965722
N#Cc1ccc(C(c2ccc(C#N)cc2)n2cncn2)cc1,1,c1ccc(C(c2ccccc2)n2cncn2)cc1,CN1CCN(C(c2ccccc2)c2ccccc2)CC1,0,c1ccc(C(c2ccccc2)N2CCNCC2)cc1,0.17575757575757578,1,0.9909989007067437
N#Cc1ccc(C(c2ccc(C#N)cc2)n2cncn2)cc1,1,c1ccc(C(c2ccccc2)n2cncn2)cc1,CN1CCN(C(c2ccccc2)c2ccc(Cl)cc2)CC1,0,c1ccc(C(c2ccccc2)N2CCNCC2)cc1,0.1732545649838883,1,0.9851302741199075
N#Cc1ccc(C(c2ccc(C#N)cc2)n2cncn2)cc1,1,c1ccc(C(c2ccccc2)n2cncn2)cc1,CC(N=C(NC#N)Nc1ccncc1)C(C)(C)C,0,c1ccncc1,0.16578073089700998,1,0.9993275143231082
N#Cc1ccc(C(c2ccc(C#N)cc2)n2cncn2)cc1,1,c1ccc(C(c2ccccc2)n2cncn2)cc1,CN(C)CCCC1(c2ccc(F)cc2)OCc2cc(C#N)ccc21,0,c1ccc(C2OCc3ccccc32)cc1,0.16469038208168643,1,0.9945273447914007
COc1cc2c(c(OC)c1OC)-c1ccc(OC)c(=O)cc1C(NC(C)=O)CC2,0,O=c1cccc2c(c1)CCCc1ccccc1-2,COc1cc(CNC(=O)CCCCC=CC(C)C)ccc1O,0,c1ccccc1,0.23415829453565307,0,0.4001344732301144
COc1cc2c(c(OC)c1OC)-c1ccc(OC)c(=O)cc1C(NC(C)=O)CC2,0,O=c1cccc2c(c1)CCCc1ccccc1-2,COc1ccc(OC)c(C(O)CNC(=O)CN)c1,0,c1ccccc1,0.22901408450704225,0,0.36570501382957604
COc1cc2c(c(OC)c1OC)-c1ccc(OC)c(=O)cc1C(NC(C)=O)CC2,0,O=c1cccc2c(c1)CCCc1ccccc1-2,COc1ccc2c3c1OC1C(=O)CCC4C(C2)N(C)CCC314,0,O=C1CCC2C3Cc4cccc5c4C2(CCN3)C1O5,0.21052418538757336,0,0.21447799572416534
COc1cc2c(c(OC)c1OC)-c1ccc(OC)c(=O)cc1C(NC(C)=O)CC2,0,O=c1cccc2c(c1)CCCc1ccccc1-2,COc1ccc2c3c1OC1C(=O)CCC4(O)C(C2)N(C)CCC314,0,O=C1CCC2C3Cc4cccc5c4C2(CCN3)C1O5,0.20712349980642664,0,0.28197959078440116
CNC(=O)Oc1ccc2c(c1)C1(C)CCN(C)C1N2C,0,c1ccc2c(c1)NC1NCCC21,COc1ccc2c(c1)C13CCCCC1C(C2)N(C)CC3,0,c1ccc2c(c1)CC1NCCC23CCCCC13,0.3360125588697017,0,0.06894920633381994
CNC(=O)Oc1ccc2c(c1)C1(C)CCN(C)C1N2C,0,c1ccc2c(c1)NC1NCCC21,COc1ccc2c3c1OC1C(=O)CCC4(O)C(C2)N(C)CCC314,0,O=C1CCC2C3Cc4cccc5c4C2(CCN3)C1O5,0.2340080971659919,0,0.07714177761648561
CNC(=O)Oc1ccc2c(c1)C1(C)CCN(C)C1N2C,0,c1ccc2c(c1)NC1NCCC21,COc1ccc2c3c1OC1C(=O)CCC4C(C2)N(C)CCC314,0,O=C1CCC2C3Cc4cccc5c4C2(CCN3)C1O5,0.22592074592074593,0,0.05492432661990941
CNC(=O)Oc1ccc2c(c1)C1(C)CCN(C)C1N2C,0,c1ccc2c(c1)NC1NCCC21,COc1ccc2c3c1OC1C(O)C=CC4C(C2)N(C)CCC341,0,C1=CC2C3Cc4cccc5c4C2(CCN3)C(C1)O5,0.22485445588893868,0,0.07642732973586902
Cc1ccc(-c2cc(C(F)(F)F)nn2-c2ccc(S(N)(=O)=O)cc2)cc1,1,c1ccc(-c2ccnn2-c2ccccc2)cc1,OC(c1cc(C(F)(F)F)nc2c(C(F)(F)F)cccc12)C1CCCCN1,0,c1ccc2c(CC3CCCCN3)ccnc2c1,0.16907399202481171,1,0.99983779432196
Cc1ccc(-c2cc(C(F)(F)F)nn2-c2ccc(S(N)(=O)=O)cc2)cc1,1,c1ccc(-c2ccnn2-c2ccccc2)cc1,Cc1ccc(O)c(C(CCN(C(C)C)C(C)C)c2ccccc2)c1,0,c1ccc(Cc2ccccc2)cc1,0.15084175084175083,1,0.9616635607563677
Cc1ccc(-c2cc(C(F)(F)F)nn2-c2ccc(S(N)(=O)=O)cc2)cc1,1,c1ccc(-c2ccnn2-c2ccccc2)cc1,Cc1cc(C2CCCCC2)n(O)c(=O)c1,0,O=c1cccc(C2CCCCC2)[nH]1,0.14658469945355193,1,0.9989887012422
Cc1ccc(-c2cc(C(F)(F)F)nn2-c2ccc(S(N)(=O)=O)cc2)cc1,1,c1ccc(-c2ccnn2-c2ccccc2)cc1,Cc1ccc(N(CC2=NCCN2)c2cccc(O)c2)cc1,0,c1ccc(N(CC2=NCCN2)c2ccccc2)cc1,0.14586466165413534,1,0.9782536578381126
CN1CCCC1CCOC(C)(c1ccccc1)c1ccc(Cl)cc1,0,c1ccc(C(OCCC2CCCN2)c2ccccc2)cc1,CN(C)CCOC(C)(c1ccccc1)c1ccccn1,0,c1ccc(Cc2ccccn2)cc1,0.3299043062200957,0,0.09584986668965262
CN1CCCC1CCOC(C)(c1ccccc1)c1ccc(Cl)cc1,0,c1ccc(C(OCCC2CCCN2)c2ccccc2)cc1,CN1CCN(C(c2ccccc2)c2ccc(Cl)cc2)CC1,0,c1ccc(C(c2ccccc2)N2CCNCC2)cc1,0.31811811811811813,0,0.17137552626975278
CN1CCCC1CCOC(C)(c1ccccc1)c1ccc(Cl)cc1,0,c1ccc(C(OCCC2CCCN2)c2ccccc2)cc1,OCCOCCN1CCN(C(c2ccccc2)c2ccc(Cl)cc2)CC1,0,c1ccc(C(c2ccccc2)N2CCNCC2)cc1,0.3103896103896104,0,0.04033276998682316
CN1CCCC1CCOC(C)(c1ccccc1)c1ccc(Cl)cc1,0,c1ccc(C(OCCC2CCCN2)c2ccccc2)cc1,CC(C)(C)c1ccc(C(O)CCCN2CCC(C(O)(c3ccccc3)c3ccccc3)CC2)cc1,0,c1ccc(CCCCN2CCC(C(c3ccccc3)c3ccccc3)CC2)cc1,0.3014729950900164,0,0.077027177167368
COc1ccc2c(c1)c(CC(=O)O)c(C)n2C(=O)c1ccc(Cl)cc1,1,O=C(c1ccccc1)n1ccc2ccccc21,COc1ccc(OC)c(C(O)CNC(=O)CN)c1,0,c1ccccc1,0.23242408646423057,1,0.8004214426469561
COc1ccc2c(c1)c(CC(=O)O)c(C)n2C(=O)c1ccc(Cl)cc1,1,O=C(c1ccccc1)n1ccc2ccccc21,COc1ccc(OC)c(C(O)C(C)N)c1,0,c1ccccc1,0.21200123724095266,1,0.768839407095808
COc1ccc2c(c1)c(CC(=O)O)c(C)n2C(=O)c1ccc(Cl)cc1,1,O=C(c1ccccc1)n1ccc2ccccc21,COc1cc(O)c(C(=O)c2ccccc2)cc1S(=O)(=O)O,0,O=C(c1ccccc1)c1ccccc1,0.21008403361344538,1,0.7714593875227653
COc1ccc2c(c1)c(CC(=O)O)c(C)n2C(=O)c1ccc(Cl)cc1,1,O=C(c1ccccc1)n1ccc2ccccc21,CC(C)n1c(C=CC(O)CC(O)CC(=O)O)c(-c2ccc(F)cc2)c2ccccc21,0,c1ccc(-c2c[nH]c3ccccc23)cc1,0.20120075046904318,1,0.9742761713721199
CCc1nc(N)nc(N)c1-c1ccc(Cl)cc1,1,c1ccc(-c2cncnc2)cc1,CN(C)CCC(c1ccc(Cl)cc1)c1ccccn1,0,c1ccc(Cc2ccccn2)cc1,0.20977147360126086,1,0.8769452251584094
CCc1nc(N)nc(N)c1-c1ccc(Cl)cc1,1,c1ccc(-c2cncnc2)cc1,CN(C)CCOC(c1ccc(Cl)cc1)c1ccccn1,0,c1ccc(Cc2ccccn2)cc1,0.19838596491228072,1,0.8931107871452615
CCc1nc(N)nc(N)c1-c1ccc(Cl)cc1,1,c1ccc(-c2cncnc2)cc1,CN1CCN(C(c2ccccc2)c2ccc(Cl)cc2)CC1,0,c1ccc(C(c2ccccc2)N2CCNCC2)cc1,0.184,1,0.9436900953507762
CCc1nc(N)nc(N)c1-c1ccc(Cl)cc1,1,c1ccc(-c2cncnc2)cc1,Clc1ccc(C(c2ccccc2Cl)C(Cl)Cl)cc1,0,c1ccc(Cc2ccccc2)cc1,0.17827547592385218,1,0.8040551312996875
OC(Cn1cncn1)(Cn1cncn1)c1ccc(F)cc1F,1,c1ccc(C(Cn2cncn2)Cn2cncn2)cc1,CC(NC(C)(C)C)C(=O)c1cccc(Cl)c1,0,c1ccccc1,0.15963736696886088,1,0.8975455877207176
OC(Cn1cncn1)(Cn1cncn1)c1ccc(F)cc1F,1,c1ccc(C(Cn2cncn2)Cn2cncn2)cc1,NCC(O)c1ccc(O)c(O)c1,0,c1ccccc1,0.1559577677224736,1,0.9486948659547989
OC(Cn1cncn1)(Cn1cncn1)c1ccc(F)cc1F,1,c1ccc(C(Cn2cncn2)Cn2cncn2)cc1,O=c1[nH]c2ccccc2n1C1CCN(CCCC(c2ccc(F)cc2)c2ccc(F)cc2)CC1,0,O=c1[nH]c2ccccc2n1C1CCN(CCCC(c2ccccc2)c2ccccc2)CC1,0.1494874184529357,1,0.9493199956472281
OC(Cn1cncn1)(Cn1cncn1)c1ccc(F)cc1F,1,c1ccc(C(Cn2cncn2)Cn2cncn2)cc1,NCCc1ccc(O)c(O)c1,0,c1ccccc1,0.14928571428571427,1,0.9540489931503197
Cc1cccc(CN2CCN(C(c3ccccc3)c3ccc(Cl)cc3)CC2)c1,0,c1ccc(CN2CCN(C(c3ccccc3)c3ccccc3)CC2)cc1,CN1CCN(C(c2ccccc2)c2ccc(Cl)cc2)CC1,0,c1ccc(C(c2ccccc2)N2CCNCC2)cc1,0.5801587301587302,0,0.05790641802791385
Cc1cccc(CN2CCN(C(c3ccccc3)c3ccc(Cl)cc3)CC2)c1,0,c1ccc(CN2CCN(C(c3ccccc3)c3ccccc3)CC2)cc1,OCCOCCN1CCN(C(c2ccccc2)c2ccc(Cl)cc2)CC1,0,c1ccc(C(c2ccccc2)N2CCNCC2)cc1,0.5,0,0.038326112185874416
Cc1cccc(CN2CCN(C(c3ccccc3)c3ccc(Cl)cc3)CC2)c1,0,c1ccc(CN2CCN(C(c3ccccc3)c3ccccc3)CC2)cc1,CN1CCN(C(c2ccccc2)c2ccccc2)CC1,0,c1ccc(C(c2ccccc2)N2CCNCC2)cc1,0.4377777777777778,0,0.06593501933511547
Cc1cccc(CN2CCN(C(c3ccccc3)c3ccc(Cl)cc3)CC2)c1,0,c1ccc(CN2CCN(C(c3ccccc3)c3ccccc3)CC2)cc1,CN(C)CCC(c1ccc(Cl)cc1)c1ccccn1,0,c1ccc(Cc2ccccn2)cc1,0.2784496124031008,0,0.49783625953020666
CCC1OC(=O)C(C)C(OC2CC(C)(OC)C(O)C(C)O2)C(C)C(OC2OC(C)CC(N(C)C)C2O)C(C)(O)CC(C)C(=O)C(C)C(O)C1(C)O,1,O=C1CCCCOC(=O)CC(OC2CCCCO2)CC(OC2CCCCO2)CCC1,CCC1OC(=O)C(C)C(OC2CC(C)(OC)C(O)C(C)O2)C(C)C(OC2OC(C)CC(N(C)C)C2O)C(C)(O)CC(C)CN(C)C(C)C(O)C1(C)O,0,O=C1CC(OC2CCCCO2)CC(OC2CCCCO2)CCCCNCCCCO1,0.7852873563218392,1,0.6602221878805624
CCC1OC(=O)C(C)C(OC2CC(C)(OC)C(O)C(C)O2)C(C)C(OC2OC(C)CC(N(C)C)C2O)C(C)(O)CC(C)C(=O)C(C)C(O)C1(C)O,1,O=C1CCCCOC(=O)CC(OC2CCCCO2)CC(OC2CCCCO2)CCC1,CC1OC(OC2C(O)CC(OC3C(O)CC(OC4CCC5(C)C(CCC6C5CC(O)C5(C)C(C7=CC(=O)OC7)CCC65O)C4)OC3C)OC2C)CC(O)C1O,0,O=C1C=C(C2CCC3C2CCC2C4CCC(OC5CCC(OC6CCC(OC7CCCCO7)CO6)CO5)CC4CCC23)CO1,0.20871295886775765,1,0.786449850107019
CCC1OC(=O)C(C)C(OC2CC(C)(OC)C(O)C(C)O2)C(C)C(OC2OC(C)CC(N(C)C)C2O)C(C)(O)CC(C)C(=O)C(C)C(O)C1(C)O,1,O=C1CCCCOC(=O)CC(OC2CCCCO2)CC(OC2CCCCO2)CCC1,CC1C=CC=CCCC=CC=CC=CC=CC(OC2OC(C)C(O)C(N)C2O)CC(O)C(C(=O)O)C(O)CC(=O)CC(O)C(O)CCC(O)CC(O)CC(O)CC(=O)OC(C)C(C)C1O,0,O=C1CCCCCCCCCCCC(=O)OCCCCC=CC=CCCC=CC=CC=CC=CC(OC2CCCCO2)CCCCC1,0.1814398200224972,1,0.8813486979735128
CCC1OC(=O)C(C)C(OC2CC(C)(OC)C(O)C(C)O2)C(C)C(OC2OC(C)CC(N(C)C)C2O)C(C)(O)CC(C)C(=O)C(C)C(O)C1(C)O,1,O=C1CCCCOC(=O)CC(OC2CCCCO2)CC(OC2CCCCO2)CCC1,CNC1C(OC2C(OC3C(O)C(O)C(N=C(N)N)C(O)C3N=C(N)N)OC(C)C2(O)C=O)OC(CO)C(O)C1O,0,C1CCC(OC2OCCC2OC2CCCCO2)CC1,0.1781887150308203,1,0.6118184209057541
CCC1OC(=O)C(C)C(OC2CC(C)(OC)C(O)C(C)O2)C(C)C(OC2OC(C)CC(N(C)C)C2O)C(C)(OC)CC(C)C(=O)C(C)C(O)C1(C)O,1,O=C1CCCCOC(=O)CC(OC2CCCCO2)CC(OC2CCCCO2)CCC1,CCC1OC(=O)C(C)C(OC2CC(C)(OC)C(O)C(C)O2)C(C)C(OC2OC(C)CC(N(C)C)C2O)C(C)(O)CC(C)CN(C)C(C)C(O)C1(C)O,0,O=C1CC(OC2CCCCO2)CC(OC2CCCCO2)CCCCNCCCCO1,0.7322884012539186,1,0.9377458881252639
CCC1OC(=O)C(C)C(OC2CC(C)(OC)C(O)C(C)O2)C(C)C(OC2OC(C)CC(N(C)C)C2O)C(C)(OC)CC(C)C(=O)C(C)C(O)C1(C)O,1,O=C1CCCCOC(=O)CC(OC2CCCCO2)CC(OC2CCCCO2)CCC1,CC1OC(OC2C(O)CC(OC3C(O)CC(OC4CCC5(C)C(CCC6C5CC(O)C5(C)C(C7=CC(=O)OC7)CCC65O)C4)OC3C)OC2C)CC(O)C1O,0,O=C1C=C(C2CCC3C2CCC2C4CCC(OC5CCC(OC6CCC(OC7CCCCO7)CO6)CO5)CC4CCC23)CO1,0.2114709851551957,1,0.960678109295537
CCC1OC(=O)C(C)C(OC2CC(C)(OC)C(O)C(C)O2)C(C)C(OC2OC(C)CC(N(C)C)C2O)C(C)(OC)CC(C)C(=O)C(C)C(O)C1(C)O,1,O=C1CCCCOC(=O)CC(OC2CCCCO2)CC(OC2CCCCO2)CCC1,CC1C=CC=CCCC=CC=CC=CC=CC(OC2OC(C)C(O)C(N)C2O)CC(O)C(C(=O)O)C(O)CC(=O)CC(O)C(O)CCC(O)CC(O)CC(O)CC(=O)OC(C)C(C)C1O,0,O=C1CCCCCCCCCCCC(=O)OCCCCC=CC=CCCC=CC=CC=CC=CC(OC2CCCCO2)CCCCC1,0.18365714285714285,1,0.9609852285814054
CCC1OC(=O)C(C)C(OC2CC(C)(OC)C(O)C(C)O2)C(C)C(OC2OC(C)CC(N(C)C)C2O)C(C)(OC)CC(C)C(=O)C(C)C(O)C1(C)O,1,O=C1CCCCOC(=O)CC(OC2CCCCO2)CC(OC2CCCCO2)CCC1,CNC1C(OC2C(OC3C(O)C(O)C(N=C(N)N)C(O)C3N=C(N)N)OC(C)C2(O)C=O)OC(CO)C(O)C1O,0,C1CCC(OC2OCCC2OC2CCCCO2)CC1,0.18069498069498072,1,0.9127084701378875
CC1=C(C(=O)O)N2C(=O)C(NC(=O)C(N)c3ccc(O)cc3)C2SC1,1,O=C(Cc1ccccc1)NC1C(=O)N2C=CCSC12,CC1(C)SC2C(NC(=O)Cc3ccccc3)C(=O)N2C1C(=O)O,0,O=C(Cc1ccccc1)NC1C(=O)N2CCSC12,0.2954919053549191,1,0.7292149170434963
CC1=C(C(=O)O)N2C(=O)C(NC(=O)C(N)c3ccc(O)cc3)C2SC1,1,O=C(Cc1ccccc1)NC1C(=O)N2C=CCSC12,CC(N)(Cc1ccc(O)cc1)C(=O)O,0,c1ccccc1,0.2611575777852125,0,0.094514797565582
CC1=C(C(=O)O)N2C(=O)C(NC(=O)C(N)c3ccc(O)cc3)C2SC1,1,O=C(Cc1ccccc1)NC1C(=O)N2C=CCSC12,CC(COc1ccccc1)NC(C)C(O)c1ccc(O)cc1,0,c1ccc(CCNCCOc2ccccc2)cc1,0.20947061680427392,0,0.46977902398044824
CC1=C(C(=O)O)N2C(=O)C(NC(=O)C(N)c3ccc(O)cc3)C2SC1,1,O=C(Cc1ccccc1)NC1C(=O)N2C=CCSC12,CCC(C)C1NC(=O)C(Cc2ccc(O)cc2)NC(=O)C(N)CSSCC(C(=O)N2CCCC2C(=O)NC(CC(C)C)C(=O)NCC(N)=O)NC(=O)C(CC(N)=O)NC(=O)C(CCC(N)=O)NC1=O,0,O=C1CNC(=O)CNC(=O)C(Cc2ccccc2)NC(=O)CCSSCC(C(=O)N2CCCC2)NC(=O)CN1,0.20405390355273417,1,0.9355225999064056
COc1cc(NS(C)(=O)=O)ccc1Nc1c2ccccc2nc2ccccc12,1,c1ccc(Nc2c3ccccc3nc3ccccc23)cc1,COc1cc(O)c(C(=O)c2ccccc2)cc1S(=O)(=O)O,0,O=C(c1ccccc1)c1ccccc1,0.245048104131296,1,0.9988119204210161
COc1cc(NS(C)(=O)=O)ccc1Nc1c2ccccc2nc2ccccc12,1,c1ccc(Nc2c3ccccc3nc3ccccc23)cc1,CCCCCCCN(CC)CCCC(O)c1ccc(NS(C)(=O)=O)cc1,0,c1ccccc1,0.22737967914438503,1,0.9997130701641166
COc1cc(NS(C)(=O)=O)ccc1Nc1c2ccccc2nc2ccccc12,1,c1ccc(Nc2c3ccccc3nc3ccccc23)cc1,Nc1c2c(nc3ccccc13)CCCC2,0,c1ccc2nc3c(cc2c1)CCCC3,0.22266009852216748,1,0.9999469660610405
COc1cc(NS(C)(=O)=O)ccc1Nc1c2ccccc2nc2ccccc12,1,c1ccc(Nc2c3ccccc3nc3ccccc23)cc1,COc1cc(NC(C)CCCN)c2ncccc2c1,0,c1ccc2ncccc2c1,0.21846076458752517,1,0.9997253379767712
CN1C2CC(OC(=O)C(CO)c3ccccc3)CC1C1OC12,0,O=C(Cc1ccccc1)OC1CC2NC(C1)C1OC21,CN1C2CCC1CC(OC(c1ccccc1)c1ccccc1)C2,0,c1ccc(C(OC2CC3CCC(C2)N3)c2ccccc2)cc1,0.34849566547679756,0,0.021919884422178498
CN1C2CC(OC(=O)C(CO)c3ccccc3)CC1C1OC12,0,O=C(Cc1ccccc1)OC1CC2NC(C1)C1OC21,CN1CCN(C(c2ccccc2)c2ccccc2)CC1,0,c1ccc(C(c2ccccc2)N2CCNCC2)cc1,0.25128998968008254,0,0.04836350473379015
CN1C2CC(OC(=O)C(CO)c3ccccc3)CC1C1OC12,0,O=C(Cc1ccccc1)OC1CC2NC(C1)C1OC21,OCCOCCN1CCN(C(c2ccccc2)c2ccc(Cl)cc2)CC1,0,c1ccc(C(c2ccccc2)N2CCNCC2)cc1,0.24998430141287287,0,0.05133591794757542
CN1C2CC(OC(=O)C(CO)c3ccccc3)CC1C1OC12,0,O=C(Cc1ccccc1)OC1CC2NC(C1)C1OC21,CC(C)(C(=O)O)c1ccc(C(O)CCCN2CCC(C(O)(c3ccccc3)c3ccccc3)CC2)cc1,0,c1ccc(CCCCN2CCC(C(c3ccccc3)c3ccccc3)CC2)cc1,0.24645326504481435,0,0.034298201809219546
CCc1oc2ccccc2c1C(=O)c1cc(Br)c(O)c(Br)c1,1,O=C(c1ccccc1)c1coc2ccccc12,COc1cc(O)c(C(=O)c2ccccc2)cc1S(=O)(=O)O,0,O=C(c1ccccc1)c1ccccc1,0.2204918032786885,1,0.9886963468373394
CCc1oc2ccccc2c1C(=O)c1cc(Br)c(O)c(Br)c1,1,O=C(c1ccccc1)c1coc2ccccc12,CC(=O)Nc1cccc(O)c1,0,c1ccccc1,0.1982905982905983,1,0.9891973670254975
CCc1oc2ccccc2c1C(=O)c1cc(Br)c(O)c(Br)c1,1,O=C(c1ccccc1)c1coc2ccccc12,NC(=O)c1ccccc1O,0,c1ccccc1,0.19761904761904764,1,0.9916213068270082
CCc1oc2ccccc2c1C(=O)c1cc(Br)c(O)c(Br)c1,1,O=C(c1ccccc1)c1coc2ccccc12,CC(NC(C)(C)C)C(=O)c1cccc(Cl)c1,0,c1ccccc1,0.18985507246376812,1,0.9651220484515065
CCc1oc2ccccc2c1C(=O)c1ccc(O)cc1,1,O=C(c1ccccc1)c1coc2ccccc12,CC(N)(Cc1ccc(O)cc1)C(=O)O,0,c1ccccc1,0.26046511627906976,1,0.9526636956343565
CCc1oc2ccccc2c1C(=O)c1ccc(O)cc1,1,O=C(c1ccccc1)c1coc2ccccc12,COc1cc(O)c(C(=O)c2ccccc2)cc1S(=O)(=O)O,0,O=C(c1ccccc1)c1ccccc1,0.24078947368421055,1,0.926379750685456
CCc1oc2ccccc2c1C(=O)c1ccc(O)cc1,1,O=C(c1ccccc1)c1coc2ccccc12,NC(=O)c1ccccc1O,0,c1ccccc1,0.22850122850122853,1,0.9445251302779066
CCc1oc2ccccc2c1C(=O)c1ccc(O)cc1,1,O=C(c1ccccc1)c1coc2ccccc12,CC(=O)Nc1cccc(O)c1,0,c1ccccc1,0.22666666666666668,1,0.9294457693158145
O=C(O)COc1nn(Cc2ccccc2)c2ccccc12,1,c1ccc(Cn2ncc3ccccc32)cc1,CC(C)n1c(C=CC(O)CC(O)CC(=O)O)c(-c2ccc(F)cc2)c2ccccc21,0,c1ccc(-c2c[nH]c3ccccc23)cc1,0.2279007377598927,1,0.9794431150251256
O=C(O)COc1nn(Cc2ccccc2)c2ccccc12,1,c1ccc(Cn2ncc3ccccc32)cc1,CC1(C)C(C=C(Cl)Cl)C1C(=O)OCc1cccc(Oc2ccccc2)c1,0,O=C(OCc1cccc(Oc2ccccc2)c1)C1CC1,0.20988835725677832,1,0.9817716028027628
O=C(O)COc1nn(Cc2ccccc2)c2ccccc12,1,c1ccc(Cn2ncc3ccccc32)cc1,CC(=O)Oc1ccccc1C(=O)O,0,c1ccccc1,0.20444444444444448,1,0.9545879385478195
O=C(O)COc1nn(Cc2ccccc2)c2ccccc12,1,c1ccc(Cn2ncc3ccccc32)cc1,CC1(C)SC2C(NC(=O)Cc3ccccc3)C(=O)N2C1C(=O)O,0,O=C(Cc1ccccc1)NC1C(=O)N2CCSC12,0.19968102073365232,1,0.9755609510845209
Cc1ccc(C(=O)c2ccc(CC(=O)O)n2C)cc1,1,O=C(c1ccccc1)c1ccc[nH]1,Nc1ccc(C(=O)O)cc1,0,c1ccccc1,0.21684210526315792,1,0.9875033095693186
Cc1ccc(C(=O)c2ccc(CC(=O)O)n2C)cc1,1,O=C(c1ccccc1)c1ccc[nH]1,COc1cc(O)c(C(=O)c2ccccc2)cc1S(=O)(=O)O,0,O=C(c1ccccc1)c1ccccc1,0.2109077040427155,1,0.9906848492567504
Cc1ccc(C(=O)c2ccc(CC(=O)O)n2C)cc1,1,O=C(c1ccccc1)c1ccc[nH]1,CC(N)(Cc1ccc(O)cc1)C(=O)O,0,c1ccccc1,0.19931972789115648,1,0.9826534746016713
Cc1ccc(C(=O)c2ccc(CC(=O)O)n2C)cc1,1,O=C(c1ccccc1)c1ccc[nH]1,CC(=O)Oc1ccccc1C(=O)O,0,c1ccccc1,0.19709392838609238,1,0.9857246277101982
CC(c1cc2ccccc2s1)N(O)C(N)=O,1,c1ccc2sccc2c1,NC(=O)c1ccccc1O,0,c1ccccc1,0.2568922305764411,1,0.9592627669804185
CC(c1cc2ccccc2s1)N(O)C(N)=O,1,c1ccc2sccc2c1,CC(N)C(O)c1ccccc1,0,c1ccccc1,0.21866028708133972,1,0.923107288421158
CC(c1cc2ccccc2s1)N(O)C(N)=O,1,c1ccc2sccc2c1,CC(C)NCC(O)COc1ccc(CC(N)=O)cc1,0,c1ccccc1,0.21169145624351438,1,0.9628170384731519
CC(c1cc2ccccc2s1)N(O)C(N)=O,1,c1ccc2sccc2c1,CC(=O)Nc1cccc(O)c1,0,c1ccccc1,0.1969387755102041,1,0.9479687576282543
Nc1[nH]c(=O)ncc1F,1,O=c1nccc[nH]1,Cn1nnc2c(C(N)=O)ncn2c1=O,0,O=c1[nH]nnc2cncn12,0.1418762088974855,1,0.994322661879631
Nc1[nH]c(=O)ncc1F,1,O=c1nccc[nH]1,Nc1ccc(C(=O)O)cc1,0,c1ccccc1,0.1411764705882353,1,0.9738809944599509
Nc1[nH]c(=O)ncc1F,1,O=c1nccc[nH]1,O=c1[nH]c2ccccc2n1C1CCN(CCCC(c2ccc(F)cc2)c2ccc(F)cc2)CC1,0,O=c1[nH]c2ccccc2n1C1CCN(CCCC(c2ccccc2)c2ccccc2)CC1,0.14004884004884005,1,0.8999789637920638
Nc1[nH]c(=O)ncc1F,1,O=c1nccc[nH]1,Nc1ccc(N=Nc2ccccc2)c(N)n1,0,c1ccc(N=Nc2cccnc2)cc1,0.12831737346101232,1,0.9861906478413731
CCn1cc(C(=O)O)c(=O)c2cc(F)c(N3CCNC(C)C3)c(F)c21,1,O=c1cc[nH]c2cc(N3CCNCC3)ccc12,CC(=O)Oc1ccccc1C(=O)O,0,c1ccccc1,0.18392857142857144,1,0.9315325879451103
CCn1cc(C(=O)O)c(=O)c2cc(F)c(N3CCNC(C)C3)c(F)c21,1,O=c1cc[nH]c2cc(N3CCNCC3)ccc12,Cc1c(-c2ccccc2)oc2c(C(=O)OCCN3CCCCC3)cccc2c1=O,0,O=C(OCCN1CCCCC1)c1cccc2c(=O)cc(-c3ccccc3)oc12,0.16753246753246753,1,0.9674710136444845
CCn1cc(C(=O)O)c(=O)c2cc(F)c(N3CCNC(C)C3)c(F)c21,1,O=c1cc[nH]c2cc(N3CCNCC3)ccc12,O=c1[nH]c2ccccc2n1C1CCN(CCCC(c2ccc(F)cc2)c2ccc(F)cc2)CC1,0,O=c1[nH]c2ccccc2n1C1CCN(CCCC(c2ccccc2)c2ccccc2)CC1,0.16181150550795598,1,0.9319302178455152
CCn1cc(C(=O)O)c(=O)c2cc(F)c(N3CCNC(C)C3)c(F)c21,1,O=c1cc[nH]c2cc(N3CCNCC3)ccc12,O=C(O)c1ccccc1O,0,c1ccccc1,0.15636363636363637,1,0.9126413128888538
CCn1cc(C(=O)O)c(=O)c2cc(F)c(N3CCNCC3)cc21,1,O=c1cc[nH]c2cc(N3CCNCC3)ccc12,CC(=O)Oc1ccccc1C(=O)O,0,c1ccccc1,0.2029986962190352,1,0.9327630868129476
CCn1cc(C(=O)O)c(=O)c2cc(F)c(N3CCNCC3)cc21,1,O=c1cc[nH]c2cc(N3CCNCC3)ccc12,Cc1c(-c2ccccc2)oc2c(C(=O)OCCN3CCCCC3)cccc2c1=O,0,O=C(OCCN1CCCCC1)c1cccc2c(=O)cc(-c3ccccc3)oc12,0.17701074568544448,1,0.9680777593734784
CCn1cc(C(=O)O)c(=O)c2cc(F)c(N3CCNCC3)cc21,1,O=c1cc[nH]c2cc(N3CCNCC3)ccc12,CC(C)n1c(C=CC(O)CC(O)CC(=O)O)c(-c2ccc(F)cc2)c2ccccc21,0,c1ccc(-c2c[nH]c3ccccc23)cc1,0.17103174603174603,1,0.9466790778807174
CCn1cc(C(=O)O)c(=O)c2cc(F)c(N3CCNCC3)cc21,1,O=c1cc[nH]c2cc(N3CCNCC3)ccc12,O=C(O)c1ccccc1O,0,c1ccccc1,0.16937062937062938,1,0.9141800477452825
CC(=O)Oc1ccc(C2(c3ccc(OC(C)=O)cc3)C(=O)N(C(C)=O)c3ccccc32)cc1,1,O=C1Nc2ccccc2C1(c1ccccc1)c1ccccc1,CC(=O)Oc1ccccc1C(=O)O,0,c1ccccc1,0.30190476190476195,1,0.9764535608906089
CC(=O)Oc1ccc(C2(c3ccc(OC(C)=O)cc3)C(=O)N(C(C)=O)c3ccccc32)cc1,1,O=C1Nc2ccccc2C1(c1ccccc1)c1ccccc1,CNC(=O)Oc1ccc2c(c1)C1(C)CCN(C)C1N2C,0,c1ccc2c(c1)NC1NCCC21,0.21992080414255255,1,0.9832045979767153
CC(=O)Oc1ccc(C2(c3ccc(OC(C)=O)cc3)C(=O)N(C(C)=O)c3ccccc32)cc1,1,O=C1Nc2ccccc2C1(c1ccccc1)c1ccccc1,CCN(CC)CCOCCOC(=O)C1(c2ccccc2)CCCC1,0,c1ccc(C2CCCC2)cc1,0.20873854827343202,1,0.9644942738580572
CC(=O)Oc1ccc(C2(c3ccc(OC(C)=O)cc3)C(=O)N(C(C)=O)c3ccccc32)cc1,1,O=C1Nc2ccccc2C1(c1ccccc1)c1ccccc1,CNC1(c2ccccc2Cl)CCCCC1=O,0,O=C1CCCCC1c1ccccc1,0.1920096852300242,1,0.9281919954532869
O=c1[nH]c2ccccc2n1C1CCN(CCCC(c2ccc(F)cc2)c2ccc(F)cc2)CC1,0,O=c1[nH]c2ccccc2n1C1CCN(CCCC(c2ccccc2)c2ccccc2)CC1,CC(C)(C(=O)O)c1ccc(C(O)CCCN2CCC(C(O)(c3ccccc3)c3ccccc3)CC2)cc1,0,c1ccc(CCCCN2CCC(C(c3ccccc3)c3ccccc3)CC2)cc1,0.32222222222222224,0,0.3675096993917029
O=c1[nH]c2ccccc2n1C1CCN(CCCC(c2ccc(F)cc2)c2ccc(F)cc2)CC1,0,O=c1[nH]c2ccccc2n1C1CCN(CCCC(c2ccccc2)c2ccccc2)CC1,CC(C)(C)c1ccc(C(O)CCCN2CCC(C(O)(c3ccccc3)c3ccccc3)CC2)cc1,0,c1ccc(CCCCN2CCC(C(c3ccccc3)c3ccccc3)CC2)cc1,0.3084711779448621,0,0.25205580622937507
O=c1[nH]c2ccccc2n1C1CCN(CCCC(c2ccc(F)cc2)c2ccc(F)cc2)CC1,0,O=c1[nH]c2ccccc2n1C1CCN(CCCC(c2ccccc2)c2ccccc2)CC1,OCCOCCN1CCN(C(c2ccccc2)c2ccc(Cl)cc2)CC1,0,c1ccc(C(c2ccccc2)N2CCNCC2)cc1,0.2507070707070707,0,0.2872275660510289
O=c1[nH]c2ccccc2n1C1CCN(CCCC(c2ccc(F)cc2)c2ccc(F)cc2)CC1,0,O=c1[nH]c2ccccc2n1C1CCN(CCCC(c2ccccc2)c2ccccc2)CC1,OC(CCN1CCCC1)(c1ccccc1)C1CCCCC1,0,c1ccc(C(CCN2CCCC2)C2CCCCC2)cc1,0.24202516827626575,1,0.6485534528581636
Cc1ccc2cc3c(ccc4ccccc43)c3c2c1CC3,1,c1cc2c3c(c4ccc5ccccc5c4cc3c1)CC2,Nc1c2c(nc3ccccc13)CCCC2,0,c1ccc2nc3c(cc2c1)CCCC3,0.2474985623921794,1,0.9979737157071868
Cc1ccc2cc3c(ccc4ccccc43)c3c2c1CC3,1,c1cc2c3c(c4ccc5ccccc5c4cc3c1)CC2,CC[N+](C)(C)c1cccc(O)c1,0,c1ccccc1,0.18005115089514068,1,0.8330362749211868
Cc1ccc2cc3c(ccc4ccccc43)c3c2c1CC3,1,c1cc2c3c(c4ccc5ccccc5c4cc3c1)CC2,CC(N)C(O)c1ccccc1,0,c1ccccc1,0.16865203761755487,1,0.9164945174693777
Cc1ccc2cc3c(ccc4ccccc43)c3c2c1CC3,1,c1cc2c3c(c4ccc5ccccc5c4cc3c1)CC2,CNCCCN1c2ccccc2CCc2ccccc21,0,c1ccc2c(c1)CCc1ccccc1N2,0.16752136752136754,0,0.4442253064664502
C=C1c2cccc(O)c2C(O)=C2C(=O)C3(O)C(O)=C(C(N)=O)C(=O)C(N(C)C)C3C(O)C12,1,C=C1c2ccccc2C=C2C(=O)C3C=CC(=O)CC3CC12,NC(=O)c1ccccc1O,0,c1ccccc1,0.22896642527978936,1,0.9998615200646103
C=C1c2cccc(O)c2C(O)=C2C(=O)C3(O)C(O)=C(C(N)=O)C(=O)C(N(C)C)C3C(O)C12,1,C=C1c2ccccc2C=C2C(=O)C3C=CC(=O)CC3CC12,CN1CCC23c4c5ccc(O)c4OC2C(=O)CCC3(O)C1C5,0,O=C1CCC2C3Cc4cccc5c4C2(CCN3)C1O5,0.16645962732919256,1,0.959070714241441
C=C1c2cccc(O)c2C(O)=C2C(=O)C3(O)C(O)=C(C(N)=O)C(=O)C(N(C)C)C3C(O)C12,1,C=C1c2ccccc2C=C2C(=O)C3C=CC(=O)CC3CC12,CN1CCC23c4c5ccc(O)c4OC2C(=O)CCC3C1C5,0,O=C1CCC2C3Cc4cccc5c4C2(CCN3)C1O5,0.16356107660455488,1,0.9702316003131642
C=C1c2cccc(O)c2C(O)=C2C(=O)C3(O)C(O)=C(C(N)=O)C(=O)C(N(C)C)C3C(O)C12,1,C=C1c2ccccc2C=C2C(=O)C3C=CC(=O)CC3CC12,CCN(CC)CC(=O)Nc1c(C)cccc1C,0,c1ccccc1,0.16102418207681365,1,0.9972307216329814
CNCCCC12CCC(c3ccccc31)c1ccccc12,0,c1ccc2c(c1)C1CCC2c2ccccc21,CNCCCN1c2ccccc2CCc2ccccc21,0,c1ccc2c(c1)CCc1ccccc1N2,0.3264705882352941,0,0.19760256376548888
CNCCCC12CCC(c3ccccc31)c1ccccc12,0,c1ccc2c(c1)C1CCC2c2ccccc21,CNC1CCC(c2ccc(Cl)c(Cl)c2)c2ccccc21,0,c1ccc(C2CCCc3ccccc32)cc1,0.289760348583878,0,0.1082857809979154
CNCCCC12CCC(c3ccccc31)c1ccccc12,0,c1ccc2c(c1)C1CCC2c2ccccc21,CNC1(c2ccccc2Cl)CCCCC1=O,0,O=C1CCCCC1c1ccccc1,0.24885799404170805,0,0.12288479136353088
CNCCCC12CCC(c3ccccc31)c1ccccc12,0,c1ccc2c(c1)C1CCC2c2ccccc21,CNC(C)Cc1ccccc1,0,c1ccccc1,0.2185907046476762,0,0.21577417634244742
COc1ccccc1Oc1c(NS(=O)(=O)c2ccc(C(C)(C)C)cc2)nc(-c2ncccn2)nc1OCCO,1,O=S(=O)(Nc1nc(-c2ncccn2)ncc1Oc1ccccc1)c1ccccc1,COc1ccccc1OCC(O)CO,0,c1ccccc1,0.25479375696767004,1,0.9966946335737098
COc1ccccc1Oc1c(NS(=O)(=O)c2ccc(C(C)(C)C)cc2)nc(-c2ncccn2)nc1OCCO,1,O=S(=O)(Nc1nc(-c2ncccn2)ncc1Oc1ccccc1)c1ccccc1,CN(C)CCOC(C)(c1ccccc1)c1ccccn1,0,c1ccc(Cc2ccccn2)cc1,0.21957236842105263,1,0.9987110206714718
COc1ccccc1Oc1c(NS(=O)(=O)c2ccc(C(C)(C)C)cc2)nc(-c2ncccn2)nc1OCCO,1,O=S(=O)(Nc1nc(-c2ncccn2)ncc1Oc1ccccc1)c1ccccc1,COc1cc(O)c(C(=O)c2ccccc2)cc1S(=O)(=O)O,0,O=C(c1ccccc1)c1ccccc1,0.2181089743589744,1,0.9878633543010108
COc1ccccc1Oc1c(NS(=O)(=O)c2ccc(C(C)(C)C)cc2)nc(-c2ncccn2)nc1OCCO,1,O=S(=O)(Nc1nc(-c2ncccn2)ncc1Oc1ccccc1)c1ccccc1,COc1ccc(CN(CCN(C)C)c2ccccn2)cc1,0,c1ccc(CNc2ccccn2)cc1,0.19464988198269081,1,0.9968221704368533
Nc1ncn(C2OC(CO)C(O)C2O)c(=O)n1,1,O=c1ncncn1C1CCCO1,C[N+](C)(C)CCOP(=O)([O-])OP(=O)(O)OCC1OC(n2ccc(N)nc2=O)C(O)C1O,0,O=c1ncccn1C1CCCO1,0.3477777777777778,1,0.9996790000802699
Nc1ncn(C2OC(CO)C(O)C2O)c(=O)n1,1,O=c1ncncn1C1CCCO1,OCC1OC(OC2C(CO)OC(O)C(O)C2O)C(O)C(O)C1O,0,C1CCC(OC2CCCOC2)OC1,0.2523809523809524,1,0.9822704144476331
Nc1ncn(C2OC(CO)C(O)C2O)c(=O)n1,1,O=c1ncncn1C1CCCO1,OCC1OC(OC2C(CO)OC(O)(CO)C2O)C(O)C(O)C1O,0,C1CCC(OC2CCOC2)OC1,0.24765401876784987,1,0.9912749719282136
Nc1ncn(C2OC(CO)C(O)C2O)c(=O)n1,1,O=c1ncncn1C1CCCO1,NCC1OC(OC2C(N)CC(N)C(OC3OC(CO)C(O)C(N)C3O)C2O)C(O)C(O)C1O,0,C1CCC(OC2CCCC(OC3CCCCO3)C2)OC1,0.2296247531270573,1,0.984497245678713
COc1cc(Cc2cnc(N)nc2N)cc(OC)c1OC,1,c1ccc(Cc2cncnc2)cc1,COc1ccc(OC)c(C(O)C(C)N)c1,0,c1ccccc1,0.21248185776487666,1,0.8856935483764939
COc1cc(Cc2cnc(N)nc2N)cc(OC)c1OC,1,c1ccc(Cc2cncnc2)cc1,COc1ccccc1OCC(O)CO,0,c1ccccc1,0.20301659125188537,1,0.9404284179240123
COc1cc(Cc2cnc(N)nc2N)cc(OC)c1OC,1,c1ccc(Cc2cncnc2)cc1,Cc1ncc(CO)c(CO)c1O,0,c1ccncc1,0.20081300813008132,1,0.9729232190654549
COc1cc(Cc2cnc(N)nc2N)cc(OC)c1OC,1,c1ccc(Cc2cncnc2)cc1,COc1ccc(OC)c(C(O)CNC(=O)CN)c1,0,c1ccccc1,0.19759562841530057,1,0.9033181406597637
CNC1CCC(c2ccc(Cl)c(Cl)c2)c2ccccc21,0,c1ccc(C2CCCc3ccccc32)cc1,CNCCCC12CCC(c3ccccc31)c1ccccc12,0,c1ccc2c(c1)C1CCC2c2ccccc21,0.289760348583878,0,0.15565649423681938
CNC1CCC(c2ccc(Cl)c(Cl)c2)c2ccccc21,0,c1ccc(C2CCCc3ccccc32)cc1,CNC1(c2ccccc2Cl)CCCCC1=O,0,O=C1CCCCC1c1ccccc1,0.25146198830409355,0,0.16218012101749435
CNC1CCC(c2ccc(Cl)c(Cl)c2)c2ccccc21,0,c1ccc(C2CCCc3ccccc32)cc1,CC(C)(C)NCC(O)COc1ccccc1C1CCCC1,0,c1ccc(C2CCCC2)cc1,0.20722649715623953,0,0.2754271900271571
CNC1CCC(c2ccc(Cl)c(Cl)c2)c2ccccc21,0,c1ccc(C2CCCc3ccccc32)cc1,Clc1ccc(C(c2ccccc2Cl)C(Cl)Cl)cc1,0,c1ccc(Cc2ccccc2)cc1,0.19821746880570412,0,0.09608163749853757
Cc1ccnc2c1NC(=O)c1cccnc1N2C1CC1,1,O=C1Nc2cccnc2N(C2CC2)c2ncccc21,CCCCN1CCCCC1C(=O)Nc1c(C)cccc1C,0,O=C(Nc1ccccc1)C1CCCCN1,0.19329710144927537,1,0.51482127486063
Cc1ccnc2c1NC(=O)c1cccnc1N2C1CC1,1,O=C1Nc2cccnc2N(C2CC2)c2ncccc21,O=C1CC2(CCCC2)CC(=O)N1CCCCN1CCN(c2ncccn2)CC1,0,O=C1CC2(CCCC2)CC(=O)N1CCCCN1CCN(c2ncccn2)CC1,0.19158751696065132,1,0.648843956570989
Cc1ccnc2c1NC(=O)c1cccnc1N2C1CC1,1,O=C1Nc2cccnc2N(C2CC2)c2ncccc21,CN1C2CCC1CC(OC(c1ccccc1)c1ccccc1)C2,0,c1ccc(C(OC2CC3CCC(C2)N3)c2ccccc2)cc1,0.18650674662668665,0,0.35462202967945794
Cc1ccnc2c1NC(=O)c1cccnc1N2C1CC1,1,O=C1Nc2cccnc2N(C2CC2)c2ncccc21,Cc1cc(C2CCCCC2)n(O)c(=O)c1,0,O=c1cccc(C2CCCCC2)[nH]1,0.18576669112252384,0,0.3975245665445589
CC1COc2c(N3CCN(C)CC3)c(F)cc3c(=O)c(C(=O)O)cn1c23,1,O=c1ccn2c3c(c(N4CCNCC4)ccc13)OCC2,CC(=O)Oc1ccccc1C(=O)O,0,c1ccccc1,0.18935185185185185,1,0.9874233098494456
CC1COc2c(N3CCN(C)CC3)c(F)cc3c(=O)c(C(=O)O)cn1c23,1,O=c1ccn2c3c(c(N4CCNCC4)ccc13)OCC2,Cc1c(-c2ccccc2)oc2c(C(=O)OCCN3CCCCC3)cccc2c1=O,0,O=C(OCCN1CCCCC1)c1cccc2c(=O)cc(-c3ccccc3)oc12,0.1882223271925681,1,0.9942072256762238
CC1COc2c(N3CCN(C)CC3)c(F)cc3c(=O)c(C(=O)O)cn1c23,1,O=c1ccn2c3c(c(N4CCNCC4)ccc13)OCC2,CN1CCN(C(c2ccccc2)c2ccccc2)CC1,0,c1ccc(C(c2ccccc2)N2CCNCC2)cc1,0.1693121693121693,1,0.7999545743877273
CC1COc2c(N3CCN(C)CC3)c(F)cc3c(=O)c(C(=O)O)cn1c23,1,O=c1ccn2c3c(c(N4CCNCC4)ccc13)OCC2,CN1CCC23c4c5ccc(O)c4OC2C(=O)CCC3(O)C1C5,0,O=C1CCC2C3Cc4cccc5c4C2(CCN3)C1O5,0.16883116883116886,1,0.9319421894944854
Clc1ccc(C(c2ccccc2Cl)C(Cl)Cl)cc1,0,c1ccc(Cc2ccccc2)cc1,CN1CCN(C(c2ccccc2)c2ccc(Cl)cc2)CC1,0,c1ccc(C(c2ccccc2)N2CCNCC2)cc1,0.3295206055508831,0,0.005244640487421294
Clc1ccc(C(c2ccccc2Cl)C(Cl)Cl)cc1,0,c1ccc(Cc2ccccc2)cc1,CN(C)CCC(c1ccc(Cl)cc1)c1ccccn1,0,c1ccc(Cc2ccccn2)cc1,0.29154686601495117,0,0.006363135126542814
Clc1ccc(C(c2ccccc2Cl)C(Cl)Cl)cc1,0,c1ccc(Cc2ccccc2)cc1,Cc1cccc(CN2CCN(C(c3ccccc3)c3ccc(Cl)cc3)CC2)c1,0,c1ccc(CN2CCN(C(c3ccccc3)c3ccccc3)CC2)cc1,0.2609322974472808,0,0.003097489273546378
Clc1ccc(C(c2ccccc2Cl)C(Cl)Cl)cc1,0,c1ccc(Cc2ccccc2)cc1,CN(C)CCOC(c1ccc(Cl)cc1)c1ccccn1,0,c1ccc(Cc2ccccn2)cc1,0.2603809523809524,0,0.007452333487626478
Cc1ccc(O)c(C(CCN(C(C)C)C(C)C)c2ccccc2)c1,0,c1ccc(Cc2ccccc2)cc1,CN(C)CCC(c1ccc(Cl)cc1)c1ccccn1,0,c1ccc(Cc2ccccn2)cc1,0.27650793650793654,0,0.02678181056687756
Cc1ccc(O)c(C(CCN(C(C)C)C(C)C)c2ccccc2)c1,0,c1ccc(Cc2ccccc2)cc1,CN(C)CCC(c1ccc(Br)cc1)c1ccccn1,0,c1ccc(Cc2ccccn2)cc1,0.27650793650793654,0,0.04238497074453993
Cc1ccc(O)c(C(CCN(C(C)C)C(C)C)c2ccccc2)c1,0,c1ccc(Cc2ccccc2)cc1,Cc1ccccc1C(OCCN(C)C)c1ccccc1,0,c1ccc(Cc2ccccc2)cc1,0.2751955821445007,0,0.024087674904417065
Cc1ccc(O)c(C(CCN(C(C)C)C(C)C)c2ccccc2)c1,0,c1ccc(Cc2ccccc2)cc1,CN(C)CCOC(c1ccccc1)c1ccccc1,0,c1ccc(Cc2ccccc2)cc1,0.26282051282051283,0,0.024087674904417065
CN(C)CCOC(c1ccccc1)c1ccccc1,0,c1ccc(Cc2ccccc2)cc1,Cc1ccccc1C(OCCN(C)C)c1ccccc1,0,c1ccc(Cc2ccccc2)cc1,0.7557312252964428,0,0.019044002683113573
CN(C)CCOC(c1ccccc1)c1ccccc1,0,c1ccc(Cc2ccccc2)cc1,CN(C)CCOC(c1ccc(Cl)cc1)c1ccccn1,0,c1ccc(Cc2ccccn2)cc1,0.5378397212543554,0,0.024749586479384043
CN(C)CCOC(c1ccccc1)c1ccccc1,0,c1ccc(Cc2ccccc2)cc1,CN(C)CCOC(C)(c1ccccc1)c1ccccn1,0,c1ccc(Cc2ccccn2)cc1,0.3917920656634747,0,0.04046678784137557
CN(C)CCOC(c1ccccc1)c1ccccc1,0,c1ccc(Cc2ccccc2)cc1,CN1C2CCC1CC(OC(c1ccccc1)c1ccccc1)C2,0,c1ccc(C(OC2CC3CCC(C2)N3)c2ccccc2)cc1,0.3502102607232969,0,0.12250807185305922
Cc1ccccc1C(OCCN(C)C)c1ccccc1,0,c1ccc(Cc2ccccc2)cc1,CN(C)CCOC(c1ccccc1)c1ccccc1,0,c1ccc(Cc2ccccc2)cc1,0.7557312252964428,0,0.019044002683113573
Cc1ccccc1C(OCCN(C)C)c1ccccc1,0,c1ccc(Cc2ccccc2)cc1,CN(C)CCOC(c1ccc(Cl)cc1)c1ccccn1,0,c1ccc(Cc2ccccn2)cc1,0.4666666666666667,0,0.024749586479384043
Cc1ccccc1C(OCCN(C)C)c1ccccc1,0,c1ccc(Cc2ccccc2)cc1,CN(C)CCOC(C)(c1ccccc1)c1ccccn1,0,c1ccc(Cc2ccccn2)cc1,0.3424864864864865,0,0.04046678784137557
Cc1ccccc1C(OCCN(C)C)c1ccccc1,0,c1ccc(Cc2ccccc2)cc1,CN1C2CCC1CC(OC(c1ccccc1)c1ccccc1)C2,0,c1ccc(C(OC2CC3CCC(C2)N3)c2ccccc2)cc1,0.3041666666666667,0,0.12250807185305922
CC(=O)Nc1ccc2c(c1)Cc1ccccc1-2,1,c1ccc2c(c1)Cc1ccccc1-2,CC(=O)Nc1cccc(O)c1,0,c1ccccc1,0.45789473684210524,1,0.8567832504520206
CC(=O)Nc1ccc2c(c1)Cc1ccccc1-2,1,c1ccc2c(c1)Cc1ccccc1-2,COc1cc2c(c(OC)c1OC)-c1ccc(OC)c(=O)cc1C(NC(C)=O)CC2,0,O=c1cccc2c(c1)CCCc1ccccc1-2,0.25317460317460316,1,0.8843624739533154
CC(=O)Nc1ccc2c(c1)Cc1ccccc1-2,1,c1ccc2c(c1)Cc1ccccc1-2,CCN(CC)CC(=O)Nc1c(C)cccc1C,0,c1ccccc1,0.24484848484848487,1,0.8279443704927384
CC(=O)Nc1ccc2c(c1)Cc1ccccc1-2,1,c1ccc2c(c1)Cc1ccccc1-2,CC(=O)Nc1c(I)c(NC(C)=O)c(I)c(C(=O)O)c1I,0,c1ccccc1,0.24127764127764129,1,0.9076453279998817
Cc1oncc1C(=O)Nc1ccc(C(F)(F)F)cc1,1,O=C(Nc1ccccc1)c1cnoc1,COCCCCC(=NOCCN)c1ccc(C(F)(F)F)cc1,0,c1ccccc1,0.2306451612903226,1,0.9918858229436044
Cc1oncc1C(=O)Nc1ccc(C(F)(F)F)cc1,1,O=C(Nc1ccccc1)c1cnoc1,CC(C)(C(=O)c1cccnc1)c1cccnc1,0,O=C(Cc1cccnc1)c1cccnc1,0.22782782782782784,1,0.9452890829203919
Cc1oncc1C(=O)Nc1ccc(C(F)(F)F)cc1,1,O=C(Nc1ccccc1)c1cnoc1,CC(=O)Nc1cccc(O)c1,0,c1ccccc1,0.2112820512820513,1,0.9631024377060328
Cc1oncc1C(=O)Nc1ccc(C(F)(F)F)cc1,1,O=C(Nc1ccccc1)c1cnoc1,CCN(CC)CC(=O)Nc1c(C)cccc1C,0,c1ccccc1,0.2004545454545455,1,0.9545365249891044
O=C1CC2(CCCC2)CC(=O)N1CCCCN1CCN(c2ncccn2)CC1,0,O=C1CC2(CCCC2)CC(=O)N1CCCCN1CCN(c2ncccn2)CC1,O=c1[nH]c2ccccc2n1C1CCN(CCCC(c2ccc(F)cc2)c2ccc(F)cc2)CC1,0,O=c1[nH]c2ccccc2n1C1CCN(CCCC(c2ccccc2)c2ccccc2)CC1,0.20025740025740027,0,0.12808524487196588
O=C1CC2(CCCC2)CC(=O)N1CCCCN1CCN(c2ncccn2)CC1,0,O=C1CC2(CCCC2)CC(=O)N1CCCCN1CCN(c2ncccn2)CC1,OC(CCN1CCCC1)(c1ccccc1)C1CCCCC1,0,c1ccc(C(CCN2CCCC2)C2CCCCC2)cc1,0.19877344877344877,0,0.3929138251155448
O=C1CC2(CCCC2)CC(=O)N1CCCCN1CCN(c2ncccn2)CC1,0,O=C1CC2(CCCC2)CC(=O)N1CCCCN1CCN(c2ncccn2)CC1,Cc1c(-c2ccccc2)oc2c(C(=O)OCCN3CCCCC3)cccc2c1=O,0,O=C(OCCN1CCCCC1)c1cccc2c(=O)cc(-c3ccccc3)oc12,0.18927268826432098,0,0.2693435019712972
O=C1CC2(CCCC2)CC(=O)N1CCCCN1CCN(c2ncccn2)CC1,0,O=C1CC2(CCCC2)CC(=O)N1CCCCN1CCN(c2ncccn2)CC1,CCN(CC)CCOCCOC(=O)C1(c2ccccc2)CCCC1,0,c1ccc(C2CCCC2)cc1,0.18285714285714286,0,0.47667928659079195
O=C1C(CCS(=O)c2ccccc2)C(=O)N(c2ccccc2)N1c1ccccc1,0,O=C1C(CCS(=O)c2ccccc2)C(=O)N(c2ccccc2)N1c1ccccc1,CC1(C)SC2C(NC(=O)Cc3ccccc3)C(=O)N2C1C(=O)O,0,O=C(Cc1ccccc1)NC1C(=O)N2CCSC12,0.19739190116678107,1,0.71155632448759
O=C1C(CCS(=O)c2ccccc2)C(=O)N(c2ccccc2)N1c1ccccc1,0,O=C1C(CCS(=O)c2ccccc2)C(=O)N(c2ccccc2)N1c1ccccc1,OC(CCN1CCCC1)(c1ccccc1)C1CCCCC1,0,c1ccc(C(CCN2CCCC2)C2CCCCC2)cc1,0.1873949579831933,0,0.37680159073002745
O=C1C(CCS(=O)c2ccccc2)C(=O)N(c2ccccc2)N1c1ccccc1,0,O=C1C(CCS(=O)c2ccccc2)C(=O)N(c2ccccc2)N1c1ccccc1,CN1C2CC(OC(=O)C(CO)c3ccccc3)CC1C1OC12,0,O=C(Cc1ccccc1)OC1CC2NC(C1)C1OC21,0.18269079464988197,0,0.3220493319358214
O=C1C(CCS(=O)c2ccccc2)C(=O)N(c2ccccc2)N1c1ccccc1,0,O=C1C(CCS(=O)c2ccccc2)C(=O)N(c2ccccc2)N1c1ccccc1,CN1CCN(C(c2ccccc2)c2ccccc2)CC1,0,c1ccc(C(c2ccccc2)N2CCNCC2)cc1,0.17784011220196355,0,0.3707008549305136
Nc1ccc(S(=O)(=O)c2ccc(N)cc2)cc1,1,O=S(=O)(c1ccccc1)c1ccccc1,Nc1ccc(C(=O)O)cc1,0,c1ccccc1,0.3666666666666667,1,0.9554869212754132
Nc1ccc(S(=O)(=O)c2ccc(N)cc2)cc1,1,O=S(=O)(c1ccccc1)c1ccccc1,NC(=O)c1ccccc1O,0,c1ccccc1,0.18717948717948718,1,0.9902902991123516
Nc1ccc(S(=O)(=O)c2ccc(N)cc2)cc1,1,O=S(=O)(c1ccccc1)c1ccccc1,CC(C)(N)Cc1ccccc1,0,c1ccccc1,0.1855072463768116,1,0.9831602067923281
Nc1ccc(S(=O)(=O)c2ccc(N)cc2)cc1,1,O=S(=O)(c1ccccc1)c1ccccc1,CC(N)(Cc1ccc(O)cc1)C(=O)O,0,c1ccccc1,0.17575757575757575,1,0.9917732617044489
Nc1ccc(S(=O)(=O)Nc2nccs2)cc1,1,O=S(=O)(Nc1nccs1)c1ccccc1,Nc1ccc(C(=O)O)cc1,0,c1ccccc1,0.23604395604395606,1,0.9908934716750202
Nc1ccc(S(=O)(=O)Nc2nccs2)cc1,1,O=S(=O)(Nc1nccs1)c1ccccc1,CC(C)(C(=O)c1cccnc1)c1cccnc1,0,O=C(Cc1cccnc1)c1cccnc1,0.15555555555555556,1,0.9742882317612266
Nc1ccc(S(=O)(=O)Nc2nccs2)cc1,1,O=S(=O)(Nc1nccs1)c1ccccc1,CC(N)(Cc1ccc(O)cc1)C(=O)O,0,c1ccccc1,0.1483636363636364,1,0.9899495519479394
Nc1ccc(S(=O)(=O)Nc2nccs2)cc1,1,O=S(=O)(Nc1nccs1)c1ccccc1,CN(C)CCOC(C)(c1ccccc1)c1ccccn1,0,c1ccc(Cc2ccccn2)cc1,0.1443778110944528,1,0.9780414819903297
CCCc1cc(=O)[nH]c(=S)[nH]1,1,O=c1cc[nH]c(=S)[nH]1,CCCCCCc1ccc(O)cc1O,0,c1ccccc1,0.18312292358803986,1,0.987338674340339
CCCc1cc(=O)[nH]c(=S)[nH]1,1,O=c1cc[nH]c(=S)[nH]1,CCC1C(=O)OCC1Cc1cncn1C,0,O=C1CC(Cc2cnc[nH]2)CO1,0.14742138364779875,1,0.9987371015475806
CCCc1cc(=O)[nH]c(=S)[nH]1,1,O=c1cc[nH]c(=S)[nH]1,CCCCNc1ccc(C(=O)OCCOCCOCCOCCOCCOCCOCCOCCOCCOC)cc1,0,c1ccccc1,0.14363636363636365,1,0.9910466277152825
CCCc1cc(=O)[nH]c(=S)[nH]1,1,O=c1cc[nH]c(=S)[nH]1,CC(Cc1ccc(O)c(O)c1)(NN)C(=O)O,0,c1ccccc1,0.1405714285714286,1,0.9927066599721266
NCC1(CC(=O)O)CCCCC1,0,C1CCCCC1,NCCCCCC(=O)O,0,,0.32819074333800846,0,0.05849924336145426
NCC1(CC(=O)O)CCCCC1,0,C1CCCCC1,CC(C)CC(CN)CC(=O)O,0,,0.2777777777777778,0,0.05849924336145426
NCC1(CC(=O)O)CCCCC1,0,C1CCCCC1,NCC1CCC(C(=O)O)CC1,0,C1CCCCC1,0.26971677559912854,0,0.05849924336145426
NCC1(CC(=O)O)CCCCC1,0,C1CCCCC1,CCCCCCCCC=CCCCCCCCC(=O)O,0,,0.2076923076923077,0,0.15999166498746006
ClC1C(Cl)C(Cl)C(Cl)C(Cl)C1Cl,0,C1CCCCC1,OC(O)C(Cl)(Cl)Cl,0,,0.12153846153846154,0,0.0006519074372424075
ClC1C(Cl)C(Cl)C(Cl)C(Cl)C1Cl,0,C1CCCCC1,OC1C(O)C(O)C(O)C(O)C1O,0,C1CCCCC1,0.11111111111111112,0,0.0015279237163500418
ClC1C(Cl)C(Cl)C(Cl)C(Cl)C1Cl,0,C1CCCCC1,NC(C(=O)O)C1CC(Cl)=NO1,0,C1=NOCC1,0.07468982630272952,0,6.307208408447373e-05
ClC1C(Cl)C(Cl)C(Cl)C(Cl)C1Cl,0,C1CCCCC1,OCC1OC(OC2C(CO)OC(O)C(O)C2O)C(O)C(O)C1O,0,C1CCC(OC2CCCOC2)OC1,0.059305210918114144,0,0.025637428451968352
OC1C(O)C(O)C(O)C(O)C1O,0,C1CCCCC1,OCC1OC(OC2C(CO)OC(O)C(O)C2O)C(O)C(O)C1O,0,C1CCC(OC2CCCOC2)OC1,0.18831168831168832,0,0.28585853042125836
OC1C(O)C(O)C(O)C(O)C1O,0,C1CCCCC1,OCC(O)C(O)C(O)C(O)CO,0,,0.17833333333333334,0,0.026279732455975764
OC1C(O)C(O)C(O)C(O)C1O,0,C1CCCCC1,OCC1OC(OC2C(CO)OC(O)(CO)C2O)C(O)C(O)C1O,0,C1CCC(OC2CCOC2)OC1,0.16112531969309463,0,0.09610368360204825
OC1C(O)C(O)C(O)C(O)C1O,0,C1CCCCC1,NCC1OC(OC2C(N)CC(N)C(OC3OC(CO)C(O)C(N)C3O)C2O)C(O)C(O)C1O,0,C1CCC(OC2CCCC(OC3CCCCO3)C2)OC1,0.1358974358974359,0,0.0724746429188368
NC1CCCCC1N,1,C1CCCCC1,NCC1CCC(C(=O)O)CC1,0,C1CCCCC1,0.1947826086956522,1,0.6517044237657749
NC1CCCCC1N,1,C1CCCCC1,Cc1cc(C2CCCCC2)n(O)c(=O)c1,0,O=c1cccc(C2CCCCC2)[nH]1,0.13833671399594322,1,0.5872564513768597
NC1CCCCC1N,1,C1CCCCC1,NCC1(CC(=O)O)CCCCC1,0,C1CCCCC1,0.12821316614420064,1,0.6517044237657749
NC1CCCCC1N,1,C1CCCCC1,OC(CCN1CCCC1)(c1ccccc1)C1CCCCC1,0,c1ccc(C(CCN2CCCC2)C2CCCCC2)cc1,0.123992673992674,0,0.37076512211130624
NCC1CCC(C(=O)O)CC1,0,C1CCCCC1,NCCCCCC(=O)O,0,,0.2712820512820513,0,0.05849924336145426
NCC1CCC(C(=O)O)CC1,0,C1CCCCC1,NCC1(CC(=O)O)CCCCC1,0,C1CCCCC1,0.26971677559912854,0,0.05849924336145426
NCC1CCC(C(=O)O)CC1,0,C1CCCCC1,CC(C)CC(CN)CC(=O)O,0,,0.26,0,0.05849924336145426
NCC1CCC(C(=O)O)CC1,0,C1CCCCC1,CSCCC(N)C(=O)O,0,,0.20857142857142857,0,0.07775240033901654
CC(C)CN(CC(O)C(Cc1ccccc1)NC(=O)OC1COC2OCCC12)S(=O)(=O)c1ccc(N)cc1,1,O=C(NC(CCNS(=O)(=O)c1ccccc1)Cc1ccccc1)OC1COC2OCCC12,CC(C)CC1NC(=O)C(Cc2ccccc2)NC(=O)C(CCN)NC(=O)C(NC(=O)C(CCN)NC(=O)C(NC(=O)C(CCN)NC(=O)O)C(C)O)CCNC(=O)C(C(C)O)NC(=O)C(CCN)NC(=O)C(CCN)NC1=O,0,O=C1CCCNC(=O)CNC(=O)CNC(=O)CNC(=O)CNC(=O)C(Cc2ccccc2)NC(=O)CN1,0.2350638885691263,1,0.9999871321715382
CC(C)CN(CC(O)C(Cc1ccccc1)NC(=O)OC1COC2OCCC12)S(=O)(=O)c1ccc(N)cc1,1,O=C(NC(CCNS(=O)(=O)c1ccccc1)Cc1ccccc1)OC1COC2OCCC12,CC(N)Cc1ccccc1,0,c1ccccc1,0.20440251572327045,1,0.9974068895593083
CC(C)CN(CC(O)C(Cc1ccccc1)NC(=O)OC1COC2OCCC12)S(=O)(=O)c1ccc(N)cc1,1,O=C(NC(CCNS(=O)(=O)c1ccccc1)Cc1ccccc1)OC1COC2OCCC12,CNC(C)Cc1ccccc1,0,c1ccccc1,0.19852579852579855,1,0.9982347521233002
CC(C)CN(CC(O)C(Cc1ccccc1)NC(=O)OC1COC2OCCC12)S(=O)(=O)c1ccc(N)cc1,1,O=C(NC(CCNS(=O)(=O)c1ccccc1)Cc1ccccc1)OC1COC2OCCC12,CN1C2CC(OC(=O)C(CO)c3ccccc3)CC1C1OC12,0,O=C(Cc1ccccc1)OC1CC2NC(C1)C1OC21,0.19704772839101198,1,0.9971832729541268
CNC1C(O)C(NC)C2OC3(O)C(=O)CC(C)OC3OC2C1O,0,O=C1CCOC2OC3CCCCC3OC12,CNC1C(OC2C(OC3C(O)C(O)C(N=C(N)N)C(O)C3N=C(N)N)OC(C)C2(O)C=O)OC(CO)C(O)C1O,0,C1CCC(OC2OCCC2OC2CCCCO2)CC1,0.21836781086610596,0,0.05311619458112553
CNC1C(O)C(NC)C2OC3(O)C(=O)CC(C)OC3OC2C1O,0,O=C1CCOC2OC3CCCCC3OC12,CNC(C)C1CCC(N)C(OC2C(N)CC(N)C(OC3OCC(C)(O)C(NC)C3O)C2O)O1,0,C1CCC(OC2CCCC(OC3CCCCO3)C2)OC1,0.201033324722294,0,0.0006670630556167099
CNC1C(O)C(NC)C2OC3(O)C(=O)CC(C)OC3OC2C1O,0,O=C1CCOC2OC3CCCCC3OC12,OCC1OC(OC2C(CO)OC(O)(CO)C2O)C(O)C(O)C1O,0,C1CCC(OC2CCOC2)OC1,0.18214285714285713,0,0.046069899884438305
CNC1C(O)C(NC)C2OC3(O)C(=O)CC(C)OC3OC2C1O,0,O=C1CCOC2OC3CCCCC3OC12,CNC1(c2ccccc2Cl)CCCCC1=O,0,O=C1CCCCC1c1ccccc1,0.16168531928900592,0,0.010582120752658236
CON=C(N)c1ccc(-c2ccc(-c3ccc(C(N)=NOC)cc3)o2)cc1,1,c1ccc(-c2ccc(-c3ccccc3)o2)cc1,COCCCCC(=NOCCN)c1ccc(C(F)(F)F)cc1,0,c1ccccc1,0.21587301587301588,1,0.9908393666360162
CON=C(N)c1ccc(-c2ccc(-c3ccc(C(N)=NOC)cc3)o2)cc1,1,c1ccc(-c2ccc(-c3ccccc3)o2)cc1,Nc1ccc(C(=O)O)cc1,0,c1ccccc1,0.16358463726884778,1,0.9795027272126892
CON=C(N)c1ccc(-c2ccc(-c3ccc(C(N)=NOC)cc3)o2)cc1,1,c1ccc(-c2ccc(-c3ccccc3)o2)cc1,COc1ccccc1OCC(O)CO,0,c1ccccc1,0.16248600223964166,1,0.963345175806167
CON=C(N)c1ccc(-c2ccc(-c3ccc(C(N)=NOC)cc3)o2)cc1,1,c1ccc(-c2ccc(-c3ccccc3)o2)cc1,COc1ccc(OC)c(C(O)C(C)N)c1,0,c1ccccc1,0.16061224489795917,1,0.9280555866428862
O=C(c1ccccc1)c1ccc2n1CCC2C(=O)O,1,O=C(c1ccccc1)c1ccc2n1CCC2,COc1cc(O)c(C(=O)c2ccccc2)cc1S(=O)(=O)O,0,O=C(c1ccccc1)c1ccccc1,0.2452887537993921,1,0.9906848492567504
O=C(c1ccccc1)c1ccc2n1CCC2C(=O)O,1,O=C(c1ccccc1)c1ccc2n1CCC2,CC(=O)Oc1ccccc1C(=O)O,0,c1ccccc1,0.21783181357649445,1,0.9857246277101982
O=C(c1ccccc1)c1ccc2n1CCC2C(=O)O,1,O=C(c1ccccc1)c1ccc2n1CCC2,CC(C)(C(=O)O)c1ccc(C(O)CCCN2CCC(C(O)(c3ccccc3)c3ccccc3)CC2)cc1,0,c1ccc(CCCCN2CCC(C(c3ccccc3)c3ccccc3)CC2)cc1,0.2162207828780625,1,0.9747893801301517
O=C(c1ccccc1)c1ccc2n1CCC2C(=O)O,1,O=C(c1ccccc1)c1ccc2n1CCC2,CC1(C)SC2C(NC(=O)Cc3ccccc3)C(=O)N2C1C(=O)O,0,O=C(Cc1ccccc1)NC1C(=O)N2CCSC12,0.21413596885295,1,0.9924315487898878
Cc1cn(C2C=CC(CO)O2)c(=O)[nH]c1=O,1,O=c1ccn(C2C=CCO2)c(=O)[nH]1,O=C1OC(C(O)CO)C(O)=C1O,0,O=C1C=CCO1,0.17373461012311905,1,0.9813098415551511
Cc1cn(C2C=CC(CO)O2)c(=O)[nH]c1=O,1,O=c1ccn(C2C=CCO2)c(=O)[nH]1,CN1C2CC(OC(=O)C(CO)c3ccccc3)CC1C1OC12,0,O=C(Cc1ccccc1)OC1CC2NC(C1)C1OC21,0.16871794871794873,1,0.9756910465963206
Cc1cn(C2C=CC(CO)O2)c(=O)[nH]c1=O,1,O=c1ccn(C2C=CCO2)c(=O)[nH]1,Cc1cc(C2CCCCC2)n(O)c(=O)c1,0,O=c1cccc(C2CCCCC2)[nH]1,0.16424242424242425,1,0.9783557728316206
Cc1cn(C2C=CC(CO)O2)c(=O)[nH]c1=O,1,O=c1ccn(C2C=CCO2)c(=O)[nH]1,O=c1[nH]c2ccccc2n1C1CCN(CCCC(c2ccc(F)cc2)c2ccc(F)cc2)CC1,0,O=c1[nH]c2ccccc2n1C1CCN(CCCC(c2ccccc2)c2ccccc2)CC1,0.1560318161732214,1,0.8094820845204187
Cc1ccccc1N1C(=O)c2cc(S(N)(=O)=O)c(Cl)cc2NC1C,1,O=C1c2ccccc2NCN1c1ccccc1,CNC1(c2ccccc2Cl)CCCCC1=O,0,O=C1CCCCC1c1ccccc1,0.18550995024875622,1,0.9815370346042939
Cc1ccccc1N1C(=O)c2cc(S(N)(=O)=O)c(Cl)cc2NC1C,1,O=C1c2ccccc2NCN1c1ccccc1,CC(NC(C)(C)C)C(=O)c1cccc(Cl)c1,0,c1ccccc1,0.1843137254901961,1,0.9815370346042939
Cc1ccccc1N1C(=O)c2cc(S(N)(=O)=O)c(Cl)cc2NC1C,1,O=C1c2ccccc2NCN1c1ccccc1,COc1cc(O)c(C(=O)c2ccccc2)cc1S(=O)(=O)O,0,O=C(c1ccccc1)c1ccccc1,0.16872180451127822,1,0.9545769531156748
Cc1ccccc1N1C(=O)c2cc(S(N)(=O)=O)c(Cl)cc2NC1C,1,O=C1c2ccccc2NCN1c1ccccc1,CC(C)(N)Cc1ccccc1,0,c1ccccc1,0.16759581881533103,1,0.9800302073144711
CCC(C)n1ncn(-c2ccc(N3CCN(c4ccc(OCC5COC(Cn6cncn6)(c6ccc(Cl)cc6Cl)O5)cc4)CC3)cc2)c1=O,1,O=c1[nH]ncn1-c1ccc(N2CCN(c3ccc(OCC4COC(Cn5cncn5)(c5ccccc5)O4)cc3)CC2)cc1,CN1CCCC1CCOC(C)(c1ccccc1)c1ccc(Cl)cc1,0,c1ccc(C(OCCC2CCCN2)c2ccccc2)cc1,0.16693851132686083,1,0.9997265102483602
CCC(C)n1ncn(-c2ccc(N3CCN(c4ccc(OCC5COC(Cn6cncn6)(c6ccc(Cl)cc6Cl)O5)cc4)CC3)cc2)c1=O,1,O=c1[nH]ncn1-c1ccc(N2CCN(c3ccc(OCC4COC(Cn5cncn5)(c5ccccc5)O4)cc3)CC2)cc1,CCC1C(=O)OCC1Cc1cncn1C,0,O=C1CC(Cc2cnc[nH]2)CO1,0.15846034616378196,1,0.9999999773081896
CCC(C)n1ncn(-c2ccc(N3CCN(c4ccc(OCC5COC(Cn6cncn6)(c6ccc(Cl)cc6Cl)O5)cc4)CC3)cc2)c1=O,1,O=c1[nH]ncn1-c1ccc(N2CCN(c3ccc(OCC4COC(Cn5cncn5)(c5ccccc5)O4)cc3)CC2)cc1,CN(C)CCOC(c1ccc(Cl)cc1)c1ccccn1,0,c1ccc(Cc2ccccn2)cc1,0.1508295625942685,1,0.9998020105855009
CCC(C)n1ncn(-c2ccc(N3CCN(c4ccc(OCC5COC(Cn6cncn6)(c6ccc(Cl)cc6Cl)O5)cc4)CC3)cc2)c1=O,1,O=c1[nH]ncn1-c1ccc(N2CCN(c3ccc(OCC4COC(Cn5cncn5)(c5ccccc5)O4)cc3)CC2)cc1,O=C1CCc2cc(OCCCCc3nnnn3C3CCCCC3)ccc2N1,0,O=C1CCc2cc(OCCCCc3nnnn3C3CCCCC3)ccc2N1,0.1471264367816092,1,0.999999920092242
NC(C(=O)O)C1CC(Cl)=NO1,0,C1=NOCC1,CSCCC(N)C(=O)O,0,,0.23351691581431946,0,0.020205895820772486
NC(C(=O)O)C1CC(Cl)=NO1,0,C1=NOCC1,NC(N)=NCCCC(N)C(=O)O,0,,0.21604278074866312,0,0.023888144406128565
NC(C(=O)O)C1CC(Cl)=NO1,0,C1=NOCC1,NC(Cc1ccc(O)c(O)c1)C(=O)O,0,c1ccccc1,0.21441647597254007,0,0.03515585419553895
NC(C(=O)O)C1CC(Cl)=NO1,0,C1=NOCC1,NCC1CCC(C(=O)O)CC1,0,C1CCCCC1,0.19719142645971915,0,0.014971162913870793
NC(=O)N1c2ccccc2C=Cc2ccccc21,1,C1=Cc2ccccc2Nc2ccccc21,NC(=O)c1ccccc1O,0,c1ccccc1,0.3269230769230769,1,0.8477358662102489
NC(=O)N1c2ccccc2C=Cc2ccccc21,1,C1=Cc2ccccc2Nc2ccccc21,O=C(O)c1ccccc1O,0,c1ccccc1,0.226197458455523,1,0.8603270117999239
NC(=O)N1c2ccccc2C=Cc2ccccc21,1,C1=Cc2ccccc2Nc2ccccc21,CC(=O)Oc1ccccc1C(=O)O,0,c1ccccc1,0.21410256410256412,1,0.8891572423428049
NC(=O)N1c2ccccc2C=Cc2ccccc21,1,C1=Cc2ccccc2Nc2ccccc21,CC(N)C(O)c1ccccc1,0,c1ccccc1,0.19841269841269843,1,0.739479344109886
NC(N)=NC(=O)c1nc(Cl)c(N)nc1N,1,c1cnccn1,CN(C)C(=N)N=C(N)N,0,,0.19252782193958665,1,0.9990569447527706
NC(N)=NC(=O)c1nc(Cl)c(N)nc1N,1,c1cnccn1,Nc1ccc(N=Nc2ccccc2)c(N)n1,0,c1ccc(N=Nc2cccnc2)cc1,0.17173913043478262,1,0.990452702048887
NC(N)=NC(=O)c1nc(Cl)c(N)nc1N,1,c1cnccn1,NC(N)=NCCCC(N)C(=O)O,0,,0.16701902748414377,1,0.9995877880382907
NC(N)=NC(=O)c1nc(Cl)c(N)nc1N,1,c1cnccn1,Cn1nnc2c(C(N)=O)ncn2c1=O,0,O=c1[nH]nnc2cncn12,0.15527743012098455,1,0.9997773987230173
NC(=O)c1cnccn1,1,c1cnccn1,Cn1nnc2c(C(N)=O)ncn2c1=O,0,O=c1[nH]nnc2cncn12,0.2988522238163558,1,0.9925057551865905
NC(=O)c1cnccn1,1,c1cnccn1,CC(C)(C(=O)c1cccnc1)c1cccnc1,0,O=C(Cc1cccnc1)c1cccnc1,0.25333333333333335,1,0.86565148250594
NC(=O)c1cnccn1,1,c1cnccn1,NC(=O)c1ccccc1O,0,c1ccccc1,0.25,1,0.9447504235572171
NC(=O)c1cnccn1,1,c1cnccn1,Nc1ccc(C(=O)O)cc1,0,c1ccccc1,0.2,1,0.9774752822133373
NS(=O)(=O)Cc1noc2ccccc12,1,c1ccc2oncc2c1,NC(=O)c1ccccc1O,0,c1ccccc1,0.2125874125874126,1,0.9847872340747666
NS(=O)(=O)Cc1noc2ccccc12,1,c1ccc2oncc2c1,Nc1c2c(nc3ccccc13)CCCC2,0,c1ccc2nc3c(cc2c1)CCCC3,0.2044735406437534,1,0.9909318860225557
NS(=O)(=O)Cc1noc2ccccc12,1,c1ccc2oncc2c1,O=C(O)c1ccccc1O,0,c1ccccc1,0.1713675213675214,1,0.9862293167585114
NS(=O)(=O)Cc1noc2ccccc12,1,c1ccc2oncc2c1,CC(C)(N)Cc1ccccc1,0,c1ccccc1,0.17124999999999999,1,0.9737233207742106
O=C1OCCN1N=Cc1ccc([N+](=O)[O-])o1,1,O=C1OCCN1N=Cc1ccco1,CCC1C(=O)OCC1Cc1cncn1C,0,O=C1CC(Cc2cnc[nH]2)CO1,0.14402852049910875,1,0.9999737718158419
O=C1OCCN1N=Cc1ccc([N+](=O)[O-])o1,1,O=C1OCCN1N=Cc1ccco1,O=C(NC(CO)C(O)c1ccc([N+](=O)[O-])cc1)C(Cl)Cl,0,c1ccccc1,0.14291208791208793,1,0.9993551289197893
O=C1OCCN1N=Cc1ccc([N+](=O)[O-])o1,1,O=C1OCCN1N=Cc1ccco1,CN1CCCN=C1C=Cc1cccs1,0,C(=Cc1cccs1)C1=NCCCN1,0.13986928104575164,1,0.9997832235340861
O=C1OCCN1N=Cc1ccc([N+](=O)[O-])o1,1,O=C1OCCN1N=Cc1ccco1,CN1CCC23c4c5ccc(O)c4OC2C(=O)CCC3C1C5,0,O=C1CCC2C3Cc4cccc5c4C2(CCN3)C1O5,0.13854545454545455,1,0.9991330667061388
CC(C)n1c(C=CC(O)CC(O)CC(=O)O)c(-c2ccc(F)cc2)c2ccccc21,0,c1ccc(-c2c[nH]c3ccccc23)cc1,O=c1[nH]c2ccccc2n1C1CCN(CCCC(c2ccc(F)cc2)c2ccc(F)cc2)CC1,0,O=c1[nH]c2ccccc2n1C1CCN(CCCC(c2ccccc2)c2ccccc2)CC1,0.21313078400558758,0,0.3035190467500786
CC(C)n1c(C=CC(O)CC(O)CC(=O)O)c(-c2ccc(F)cc2)c2ccccc21,0,c1ccc(-c2c[nH]c3ccccc23)cc1,CC(C)CC(CN)CC(=O)O,0,,0.19811778992106863,0,0.20683618626188688
CC(C)n1c(C=CC(O)CC(O)CC(=O)O)c(-c2ccc(F)cc2)c2ccccc21,0,c1ccc(-c2c[nH]c3ccccc23)cc1,CC(C)(C(=O)O)c1ccc(C(O)CCCN2CCC(C(O)(c3ccccc3)c3ccccc3)CC2)cc1,0,c1ccc(CCCCN2CCC(C(c3ccccc3)c3ccccc3)CC2)cc1,0.1846481876332623,0,0.18657699761786328
CC(C)n1c(C=CC(O)CC(O)CC(=O)O)c(-c2ccc(F)cc2)c2ccccc21,0,c1ccc(-c2c[nH]c3ccccc23)cc1,CC(=O)Oc1ccccc1C(=O)O,0,c1ccccc1,0.1767857142857143,0,0.21687190715949162
CCC(C)C1NC(=O)C(Cc2ccc(O)cc2)NC(=O)C(N)CSSCC(C(=O)N2CCCC2C(=O)NC(CC(C)C)C(=O)NCC(N)=O)NC(=O)C(CC(N)=O)NC(=O)C(CCC(N)=O)NC1=O,0,O=C1CNC(=O)CNC(=O)C(Cc2ccccc2)NC(=O)CCSSCC(C(=O)N2CCCC2)NC(=O)CN1,CC(C)CC1NC(=O)C(Cc2ccccc2)NC(=O)C(CCN)NC(=O)C(NC(=O)C(CCN)NC(=O)C(NC(=O)C(CCN)NC(=O)O)C(C)O)CCNC(=O)C(C(C)O)NC(=O)C(CCN)NC(=O)C(CCN)NC1=O,0,O=C1CCCNC(=O)CNC(=O)CNC(=O)CNC(=O)CNC(=O)C(Cc2ccccc2)NC(=O)CN1,0.2805490196078431,0,0.18154869591811482
CCC(C)C1NC(=O)C(Cc2ccc(O)cc2)NC(=O)C(N)CSSCC(C(=O)N2CCCC2C(=O)NC(CC(C)C)C(=O)NCC(N)=O)NC(=O)C(CC(N)=O)NC(=O)C(CCC(N)=O)NC1=O,0,O=C1CNC(=O)CNC(=O)C(Cc2ccccc2)NC(=O)CCSSCC(C(=O)N2CCCC2)NC(=O)CN1,CC(N)(Cc1ccc(O)cc1)C(=O)O,0,c1ccccc1,0.18828883495145632,0,0.03356513196767298
CCC(C)C1NC(=O)C(Cc2ccc(O)cc2)NC(=O)C(N)CSSCC(C(=O)N2CCCC2C(=O)NC(CC(C)C)C(=O)NCC(N)=O)NC(=O)C(CC(N)=O)NC(=O)C(CCC(N)=O)NC1=O,0,O=C1CNC(=O)CNC(=O)C(Cc2ccccc2)NC(=O)CCSSCC(C(=O)N2CCCC2)NC(=O)CN1,COCCCOc1cc(CC(CC(N)C(O)CC(C(=O)NCC(C)(C)C(N)=O)C(C)C)C(C)C)ccc1OC,0,c1ccccc1,0.1785167162296116,0,0.004389534433873555
CCC(C)C1NC(=O)C(Cc2ccc(O)cc2)NC(=O)C(N)CSSCC(C(=O)N2CCCC2C(=O)NC(CC(C)C)C(=O)NCC(N)=O)NC(=O)C(CC(N)=O)NC(=O)C(CCC(N)=O)NC1=O,0,O=C1CNC(=O)CNC(=O)C(Cc2ccccc2)NC(=O)CCSSCC(C(=O)N2CCCC2)NC(=O)CN1,CC(CCc1ccc(O)cc1)NCCc1ccc(O)c(O)c1,0,c1ccc(CCCNCCc2ccccc2)cc1,0.17028371655237326,0,0.06931453342605803
Cc1nc(C)c2c(n1)N(Cc1ccc(-c3ccccc3-c3nn[nH]n3)cc1)C(=O)CC2,1,O=C1CCc2cncnc2N1Cc1ccc(-c2ccccc2-c2nn[nH]n2)cc1,CNC1(c2ccccc2Cl)CCCCC1=O,0,O=C1CCCCC1c1ccccc1,0.17834274952919021,1,0.8662701034952195
Cc1nc(C)c2c(n1)N(Cc1ccc(-c3ccccc3-c3nn[nH]n3)cc1)C(=O)CC2,1,O=C1CCc2cncnc2N1Cc1ccc(-c2ccccc2-c2nn[nH]n2)cc1,Nc1c2c(nc3ccccc13)CCCC2,0,c1ccc2nc3c(cc2c1)CCCC3,0.1770614692653673,1,0.9936287742038572
Cc1nc(C)c2c(n1)N(Cc1ccc(-c3ccccc3-c3nn[nH]n3)cc1)C(=O)CC2,1,O=C1CCc2cncnc2N1Cc1ccc(-c2ccccc2-c2nn[nH]n2)cc1,Cc1cccc(CN2CCN(C(c3ccccc3)c3ccc(Cl)cc3)CC2)c1,0,c1ccc(CN2CCN(C(c3ccccc3)c3ccccc3)CC2)cc1,0.1625806451612903,1,0.6679901519677215
Cc1nc(C)c2c(n1)N(Cc1ccc(-c3ccccc3-c3nn[nH]n3)cc1)C(=O)CC2,1,O=C1CCc2cncnc2N1Cc1ccc(-c2ccccc2-c2nn[nH]n2)cc1,CN1C2CC(OC(=O)C(CO)c3ccccc3)CC1C1OC12,0,O=C(Cc1ccccc1)OC1CC2NC(C1)C1OC21,0.15964506172839507,1,0.8884457709029935
CN1c2c(oc(=O)n(-c3ccccn3)c2=O)-c2ccccc2S1(=O)=O,1,O=c1oc2c(c(=O)n1-c1ccccn1)NS(=O)(=O)c1ccccc1-2,CN(C)CCOC(C)(c1ccccc1)c1ccccn1,0,c1ccc(Cc2ccccn2)cc1,0.1823236757389523,1,0.9710895767506537
CN1c2c(oc(=O)n(-c3ccccn3)c2=O)-c2ccccc2S1(=O)=O,1,O=c1oc2c(c(=O)n1-c1ccccn1)NS(=O)(=O)c1ccccc1-2,COc1ccc(CN(CCN(C)C)c2ccccn2)cc1,0,c1ccc(CNc2ccccn2)cc1,0.17386243386243388,1,0.9834344186268366
CN1c2c(oc(=O)n(-c3ccccn3)c2=O)-c2ccccc2S1(=O)=O,1,O=c1oc2c(c(=O)n1-c1ccccn1)NS(=O)(=O)c1ccccc1-2,CN(C)CCC(c1ccc(Cl)cc1)c1ccccn1,0,c1ccc(Cc2ccccn2)cc1,0.1701525054466231,1,0.9451734347391219
CN1c2c(oc(=O)n(-c3ccccn3)c2=O)-c2ccccc2S1(=O)=O,1,O=c1oc2c(c(=O)n1-c1ccccn1)NS(=O)(=O)c1ccccc1-2,CN(C)CCC(c1ccc(Br)cc1)c1ccccn1,0,c1ccc(Cc2ccccn2)cc1,0.1701525054466231,1,0.9651902239415994
C=CC[N+]1(C2CC3C4CCC5CC(O)C(N6CCOCC6)CC5(C)C4CCC3(C)C2OC(C)=O)CCCC1,0,C1CC[NH+](C2CC3CCC4C5CC(N6CCOCC6)CCC5CCC4C3C2)C1,CC1OC(OC2C(O)CC(OC3C(O)CC(OC4CCC5(C)C(CCC6C5CC(O)C5(C)C(C7=CC(=O)OC7)CCC65O)C4)OC3C)OC2C)CC(O)C1O,0,O=C1C=C(C2CCC3C2CCC2C4CCC(OC5CCC(OC6CCC(OC7CCCCO7)CO6)CO5)CC4CCC23)CO1,0.19508547008547011,0,0.01112376256856469
C=CC[N+]1(C2CC3C4CCC5CC(O)C(N6CCOCC6)CC5(C)C4CCC3(C)C2OC(C)=O)CCCC1,0,C1CC[NH+](C2CC3CCC4C5CC(N6CCOCC6)CCC5CCC4C3C2)C1,CCN(CC)CCOC(=O)C1(C2CCCCC2)CCCCC1,0,C1CCC(C2CCCCC2)CC1,0.19111111111111112,0,0.01339084672477043
C=CC[N+]1(C2CC3C4CCC5CC(O)C(N6CCOCC6)CC5(C)C4CCC3(C)C2OC(C)=O)CCCC1,0,C1CC[NH+](C2CC3CCC4C5CC(N6CCOCC6)CCC5CCC4C3C2)C1,CC12CCC(=O)C=C1CCC1C2C(O)CC2(C)C1CCC2(O)C(=O)CO,0,O=C1C=C2CCC3C4CCCC4CCC3C2CC1,0.17878787878787877,0,0.0005267264077753113
C=CC[N+]1(C2CC3C4CCC5CC(O)C(N6CCOCC6)CC5(C)C4CCC3(C)C2OC(C)=O)CCCC1,0,C1CC[NH+](C2CC3CCC4C5CC(N6CCOCC6)CCC5CCC4C3C2)C1,CC(=O)C1(O)CCC2C3CC(C)C4=CC(=O)CCC4(C)C3CCC21C,0,O=C1C=C2CCC3C4CCCC4CCC3C2CC1,0.16637341153470186,0,0.002333949624755944
CCC1OC(=O)C(C)C(OC2CC(C)(OC)C(O)C(C)O2)C(C)C(OC2OC(C)CC(N(C)C)C2O)C(C)(O)CC(C)CN(C)C(C)C(O)C1(C)O,0,O=C1CC(OC2CCCCO2)CC(OC2CCCCO2)CCCCNCCCCO1,CC1OC(OC2C(O)CC(OC3C(O)CC(OC4CCC5(C)C(CCC6C5CC(O)C5(C)C(C7=CC(=O)OC7)CCC65O)C4)OC3C)OC2C)CC(O)C1O,0,O=C1C=C(C2CCC3C2CCC2C4CCC(OC5CCC(OC6CCC(OC7CCCCO7)CO6)CO5)CC4CCC23)CO1,0.19395324675324677,0,0.028705624451350883
CCC1OC(=O)C(C)C(OC2CC(C)(OC)C(O)C(C)O2)C(C)C(OC2OC(C)CC(N(C)C)C2O)C(C)(O)CC(C)CN(C)C(C)C(O)C1(C)O,0,O=C1CC(OC2CCCCO2)CC(OC2CCCCO2)CCCCNCCCCO1,CNC1C(OC2C(OC3C(O)C(O)C(N=C(N)N)C(O)C3N=C(N)N)OC(C)C2(O)C=O)OC(CO)C(O)C1O,0,C1CCC(OC2OCCC2OC2CCCCO2)CC1,0.17970621468926554,0,0.012490331198383022
CCC1OC(=O)C(C)C(OC2CC(C)(OC)C(O)C(C)O2)C(C)C(OC2OC(C)CC(N(C)C)C2O)C(C)(O)CC(C)CN(C)C(C)C(O)C1(C)O,0,O=C1CC(OC2CCCCO2)CC(OC2CCCCO2)CCCCNCCCCO1,CC1C=CC=CCCC=CC=CC=CC=CC(OC2OC(C)C(O)C(N)C2O)CC(O)C(C(=O)O)C(O)CC(=O)CC(O)C(O)CCC(O)CC(O)CC(O)CC(=O)OC(C)C(C)C1O,0,O=C1CCCCCCCCCCCC(=O)OCCCCC=CC=CCCC=CC=CC=CC=CC(OC2CCCCO2)CCCCC1,0.17286821705426356,0,0.05345650086725883
CCC1OC(=O)C(C)C(OC2CC(C)(OC)C(O)C(C)O2)C(C)C(OC2OC(C)CC(N(C)C)C2O)C(C)(O)CC(C)CN(C)C(C)C(O)C1(C)O,0,O=C1CC(OC2CCCCO2)CC(OC2CCCCO2)CCCCNCCCCO1,COc1ccc2c3c1OC1C(=O)CCC4(O)C(C2)N(C)CCC314,0,O=C1CCC2C3Cc4cccc5c4C2(CCN3)C1O5,0.16743362831858408,0,1.5270513588815534e-05
CC1(C)SC2C(NC(=O)Cc3ccccc3)C(=O)N2C1C(=O)O,0,O=C(Cc1ccccc1)NC1C(=O)N2CCSC12,CC(C)(N)Cc1ccccc1,0,c1ccccc1,0.21645145863223342,1,0.5354643120131104
CC1(C)SC2C(NC(=O)Cc3ccccc3)C(=O)N2C1C(=O)O,0,O=C(Cc1ccccc1)NC1C(=O)N2CCSC12,CC1(C)C(C=C(Cl)Cl)C1C(=O)OCc1cccc(Oc2ccccc2)c1,0,O=C(OCc1cccc(Oc2ccccc2)c1)C1CC1,0.21637426900584797,1,0.7122867072844165
CC1(C)SC2C(NC(=O)Cc3ccccc3)C(=O)N2C1C(=O)O,0,O=C(Cc1ccccc1)NC1C(=O)N2CCSC12,CC(N)(Cc1ccc(O)cc1)C(=O)O,0,c1ccccc1,0.21129860601614087,0,0.44217566927136465
CC1(C)SC2C(NC(=O)Cc3ccccc3)C(=O)N2C1C(=O)O,0,O=C(Cc1ccccc1)NC1C(=O)N2CCSC12,CNC(C)Cc1ccccc1,0,c1ccccc1,0.2078982009653357,1,0.6288980888603124
CCCCC1C(=O)N(c2ccccc2)N(c2ccccc2)C1=O,1,O=C1CC(=O)N(c2ccccc2)N1c1ccccc1,O=C1C(CCS(=O)c2ccccc2)C(=O)N(c2ccccc2)N1c1ccccc1,0,O=C1C(CCS(=O)c2ccccc2)C(=O)N(c2ccccc2)N1c1ccccc1,0.5837719298245615,1,0.8219323794869774
CCCCC1C(=O)N(c2ccccc2)N(c2ccccc2)C1=O,1,O=C1CC(=O)N(c2ccccc2)N1c1ccccc1,CCCCN1CCCCC1C(=O)Nc1c(C)cccc1C,0,O=C(Nc1ccccc1)C1CCCCN1,0.24887218045112783,1,0.7051422995076457
CCCCC1C(=O)N(c2ccccc2)N(c2ccccc2)C1=O,1,O=C1CC(=O)N(c2ccccc2)N1c1ccccc1,CC1(C)SC2C(NC(=O)Cc3ccccc3)C(=O)N2C1C(=O)O,0,O=C(Cc1ccccc1)NC1C(=O)N2CCSC12,0.22819923371647513,1,0.926634992528503
CCCCC1C(=O)N(c2ccccc2)N(c2ccccc2)C1=O,1,O=C1CC(=O)N(c2ccccc2)N1c1ccccc1,CCCCCCc1ccc(O)cc1O,0,c1ccccc1,0.2180645161290323,1,0.8144090020963088
CN(C)CCCC1(c2ccc(F)cc2)OCc2cc(C#N)ccc21,0,c1ccc(C2OCc3ccccc32)cc1,COCC(=O)OC1(CCN(C)CCCc2nc3ccccc3[nH]2)CCc2cc(F)ccc2C1C(C)C,0,c1ccc2c(c1)CCC(CCNCCCc1nc3ccccc3[nH]1)C2,0.19323126510878327,0,0.11966634354385201
CN(C)CCCC1(c2ccc(F)cc2)OCc2cc(C#N)ccc21,0,c1ccc(C2OCc3ccccc32)cc1,CN(C)CCC(c1ccc(Cl)cc1)c1ccccn1,0,c1ccc(Cc2ccccn2)cc1,0.18770685579196217,0,0.09607236174097143
CN(C)CCCC1(c2ccc(F)cc2)OCc2cc(C#N)ccc21,0,c1ccc(C2OCc3ccccc32)cc1,CN(C)CCC(c1ccc(Br)cc1)c1ccccn1,0,c1ccc(Cc2ccccn2)cc1,0.18770685579196217,0,0.14598881344449446
CN(C)CCCC1(c2ccc(F)cc2)OCc2cc(C#N)ccc21,0,c1ccc(C2OCc3ccccc32)cc1,CN(C)CCOC(c1ccccc1)c1ccccc1,0,c1ccc(Cc2ccccc2)cc1,0.18617511520737326,0,0.029009886133485745
COC1C=COC2(C)Oc3c(C)c(O)c4c(c3C2=O)C(=O)C(=CNN2CCN(C)CC2)C(=C4O)NC(=O)C(C)=CC=CC(C)C(O)C(C)C(O)C(C)C(OC(C)=O)C1C,1,O=C1C=CC=CCCCCCCCCC=COC2Oc3ccc4c(c3C2=O)C(=O)C(=CNN2CCNCC2)C(=C4)N1,COc1ccc2c3c1OC1C(O)C=CC4C(C2)N(C)CCC341,0,C1=CC2C3Cc4cccc5c4C2(CCN3)C(C1)O5,0.163765421666385,1,0.9999873138921019
COC1C=COC2(C)Oc3c(C)c(O)c4c(c3C2=O)C(=O)C(=CNN2CCN(C)CC2)C(=C4O)NC(=O)C(C)=CC=CC(C)C(O)C(C)C(O)C(C)C(OC(C)=O)C1C,1,O=C1C=CC=CCCCCCCCCC=COC2Oc3ccc4c(c3C2=O)C(=O)C(=CNN2CCNCC2)C(=C4)N1,CC1C=CC=CCCC=CC=CC=CC=CC(OC2OC(C)C(O)C(N)C2O)CC(O)C(C(=O)O)C(O)CC(=O)CC(O)C(O)CCC(O)CC(O)CC(O)CC(=O)OC(C)C(C)C1O,0,O=C1CCCCCCCCCCCC(=O)OCCCCC=CC=CCCC=CC=CC=CC=CC(OC2CCCCO2)CCCCC1,0.16147455867082036,1,0.9992768206605984
COC1C=COC2(C)Oc3c(C)c(O)c4c(c3C2=O)C(=O)C(=CNN2CCN(C)CC2)C(=C4O)NC(=O)C(C)=CC=CC(C)C(O)C(C)C(O)C(C)C(OC(C)=O)C1C,1,O=C1C=CC=CCCCCCCCCC=COC2Oc3ccc4c(c3C2=O)C(=O)C(=CNN2CCNCC2)C(=C4)N1,CN1CCC23c4c5ccc(O)c4OC2C(O)C=CC3C1C5,0,C1=CC2C3Cc4cccc5c4C2(CCN3)C(C1)O5,0.15157195194683482,1,0.9999949218457769
COC1C=COC2(C)Oc3c(C)c(O)c4c(c3C2=O)C(=O)C(=CNN2CCN(C)CC2)C(=C4O)NC(=O)C(C)=CC=CC(C)C(O)C(C)C(O)C(C)C(OC(C)=O)C1C,1,O=C1C=CC=CCCCCCCCCC=COC2Oc3ccc4c(c3C2=O)C(=O)C(=CNN2CCNCC2)C(=C4)N1,COc1ccc2c3c1OC1C(=O)CCC4C(C2)N(C)CCC314,0,O=C1CCC2C3Cc4cccc5c4C2(CCN3)C1O5,0.14674127715602373,1,0.9929219926231404
Nc1ccn(C2OC(CO)C(O)C2O)c(=O)n1,1,O=c1ncccn1C1CCCO1,C[N+](C)(C)CCOP(=O)([O-])OP(=O)(O)OCC1OC(n2ccc(N)nc2=O)C(O)C1O,0,O=c1ncccn1C1CCCO1,0.521933962264151,1,0.9943545625141841
Nc1ccn(C2OC(CO)C(O)C2O)c(=O)n1,1,O=c1ncccn1C1CCCO1,OCC1OC(OC2C(CO)OC(O)C(O)C2O)C(O)C(O)C1O,0,C1CCC(OC2CCCOC2)OC1,0.25116279069767444,1,0.9883829830590529
Nc1ccn(C2OC(CO)C(O)C2O)c(=O)n1,1,O=c1ncccn1C1CCCO1,OCC1OC(OC2C(CO)OC(O)(CO)C2O)C(O)C(O)C1O,0,C1CCC(OC2CCOC2)OC1,0.24649122807017543,1,0.9943010814946367
Nc1ccn(C2OC(CO)C(O)C2O)c(=O)n1,1,O=c1ncccn1C1CCCO1,NCC1OC(OC2C(N)CC(N)C(OC3OC(CO)C(O)C(N)C3O)C2O)C(O)C(O)C1O,0,C1CCC(OC2CCCC(OC3CCCCO3)C2)OC1,0.22864516129032258,1,0.9898500104721952
Nc1ccn(C2CCC(CO)O2)c(=O)n1,1,O=c1ncccn1C1CCCO1,C[N+](C)(C)CCOP(=O)([O-])OP(=O)(O)OCC1OC(n2ccc(N)nc2=O)C(O)C1O,0,O=c1ncccn1C1CCCO1,0.350732996875751,1,0.996074166127452
Nc1ccn(C2CCC(CO)O2)c(=O)n1,1,O=c1ncccn1C1CCCO1,CN1C2CC(OC(=O)C(CO)c3ccccc3)CC1C1OC12,0,O=C(Cc1ccccc1)OC1CC2NC(C1)C1OC21,0.1977358490566038,1,0.9479591791550945
Nc1ccn(C2CCC(CO)O2)c(=O)n1,1,O=c1ncccn1C1CCCO1,Nc1ccc(N=Nc2ccccc2)c(N)n1,0,c1ccc(N=Nc2cccnc2)cc1,0.193800539083558,1,0.9756143008452999
Nc1ccn(C2CCC(CO)O2)c(=O)n1,1,O=c1ncccn1C1CCCO1,CCC1C(=O)OCC1Cc1cncn1C,0,O=C1CC(Cc2cnc[nH]2)CO1,0.17589774802191113,1,0.9945043080198517
CCCCCOC(=O)Nc1nc(=O)n(C2OC(C)C(O)C2O)cc1F,1,O=c1ncccn1C1CCCO1,C[N+](C)(C)CCOP(=O)([O-])OP(=O)(O)OCC1OC(n2ccc(N)nc2=O)C(O)C1O,0,O=c1ncccn1C1CCCO1,0.273015873015873,1,0.9996859279487202
CCCCCOC(=O)Nc1nc(=O)n(C2OC(C)C(O)C2O)cc1F,1,O=c1ncccn1C1CCCO1,CCCCNc1ccc(C(=O)OCCN(C)C)cc1,0,c1ccccc1,0.21316704150480476,1,0.9845539686482015
CCCCCOC(=O)Nc1nc(=O)n(C2OC(C)C(O)C2O)cc1F,1,O=c1ncccn1C1CCCO1,CCCCNc1ccc(C(=O)OCCOCCOCCOCCOCCOCCOCCOCCOCCOC)cc1,0,c1ccccc1,0.2119087837837838,1,0.9841952046234703
CCCCCOC(=O)Nc1nc(=O)n(C2OC(C)C(O)C2O)cc1F,1,O=c1ncccn1C1CCCO1,CCCCN1CCCCC1C(=O)Nc1c(C)cccc1C,0,O=C(Nc1ccccc1)C1CCCCN1,0.18314873417721522,1,0.9598529021924684
C[N+](C)(C)CCOP(=O)([O-])OP(=O)(O)OCC1OC(n2ccc(N)nc2=O)C(O)C1O,0,O=c1ncccn1C1CCCO1,CC(=O)OCC[N+](C)(C)C,0,,0.1877280265339967,0,0.02359505053601629
C[N+](C)(C)CCOP(=O)([O-])OP(=O)(O)OCC1OC(n2ccc(N)nc2=O)C(O)C1O,0,O=c1ncccn1C1CCCO1,C[N+](C)(C)CCOC(=O)CCC(=O)OCC[N+](C)(C)C,0,,0.1869199457259159,0,0.06432297664124391
C[N+](C)(C)CCOP(=O)([O-])OP(=O)(O)OCC1OC(n2ccc(N)nc2=O)C(O)C1O,0,O=c1ncccn1C1CCCO1,CC(C[N+](C)(C)C)OC(N)=O,0,,0.1583838383838384,0,0.0050949112519320435
C[N+](C)(C)CCOP(=O)([O-])OP(=O)(O)OCC1OC(n2ccc(N)nc2=O)C(O)C1O,0,O=c1ncccn1C1CCCO1,CCCCNc1ccc(C(=O)OCCOCCOCCOCCOCCOCCOCCOCCOCCOC)cc1,0,c1ccccc1,0.14806722689075633,0,0.043312505932887185
O=C(O)c1cn(C2CC2)c2cc(N3CCNCC3)c(F)cc2c1=O,1,O=c1ccn(C2CC2)c2cc(N3CCNCC3)ccc12,O=c1[nH]c2ccccc2n1C1CCN(CCCC(c2ccc(F)cc2)c2ccc(F)cc2)CC1,0,O=c1[nH]c2ccccc2n1C1CCN(CCCC(c2ccccc2)c2ccccc2)CC1,0.19225352112676058,1,0.9200244200937063
O=C(O)c1cn(C2CC2)c2cc(N3CCNCC3)c(F)cc2c1=O,1,O=c1ccn(C2CC2)c2cc(N3CCNCC3)ccc12,CC(=O)Oc1ccccc1C(=O)O,0,c1ccccc1,0.18148148148148147,1,0.9327630868129476
O=C(O)c1cn(C2CC2)c2cc(N3CCNCC3)c(F)cc2c1=O,1,O=c1ccn(C2CC2)c2cc(N3CCNCC3)ccc12,O=C(O)c1ccccc1O,0,c1ccccc1,0.16864493996569468,1,0.9141800477452825
O=C(O)c1cn(C2CC2)c2cc(N3CCNCC3)c(F)cc2c1=O,1,O=c1ccn(C2CC2)c2cc(N3CCNCC3)ccc12,CC(C)n1c(C=CC(O)CC(O)CC(=O)O)c(-c2ccc(F)cc2)c2ccccc21,0,c1ccc(-c2c[nH]c3ccccc23)cc1,0.16294117647058826,1,0.9466790778807174
Cc1c(F)c(N2CCNC(C)C2)cc2c1c(=O)c(C(=O)O)cn2C1CC1,1,O=c1ccn(C2CC2)c2cc(N3CCNCC3)ccc12,O=c1[nH]c2ccccc2n1C1CCN(CCCC(c2ccc(F)cc2)c2ccc(F)cc2)CC1,0,O=c1[nH]c2ccccc2n1C1CCN(CCCC(c2ccccc2)c2ccccc2)CC1,0.19417054263565892,1,0.9200244200937063
Cc1c(F)c(N2CCNC(C)C2)cc2c1c(=O)c(C(=O)O)cn2C1CC1,1,O=c1ccn(C2CC2)c2cc(N3CCNCC3)ccc12,Cc1cc(C2CCCCC2)n(O)c(=O)c1,0,O=c1cccc(C2CCCCC2)[nH]1,0.1779973649538867,1,0.9790867547552904
Cc1c(F)c(N2CCNC(C)C2)cc2c1c(=O)c(C(=O)O)cn2C1CC1,1,O=c1ccn(C2CC2)c2cc(N3CCNCC3)ccc12,Cc1c(-c2ccccc2)oc2c(C(=O)OCCN3CCCCC3)cccc2c1=O,0,O=C(OCCN1CCCCC1)c1cccc2c(=O)cc(-c3ccccc3)oc12,0.1717948717948718,1,0.9680777593734784
Cc1c(F)c(N2CCNC(C)C2)cc2c1c(=O)c(C(=O)O)cn2C1CC1,1,O=c1ccn(C2CC2)c2cc(N3CCNCC3)ccc12,CC(=O)Oc1ccccc1C(=O)O,0,c1ccccc1,0.16686061219327092,1,0.9327630868129476
COc1ccc(CCN(C)CCCC(C#N)(c2ccc(OC)c(OC)c2)C(C)C)cc1OC,1,c1ccc(CCCCNCCc2ccccc2)cc1,COc1cc(CNC(=O)CCCCC=CC(C)C)ccc1O,0,c1ccccc1,0.23587878787878788,1,0.772832612568282
COc1ccc(CCN(C)CCCC(C#N)(c2ccc(OC)c(OC)c2)C(C)C)cc1OC,1,c1ccc(CCCCNCCc2ccccc2)cc1,COCCCOc1cc(CC(CC(N)C(O)CC(C(=O)NCC(C)(C)C(N)=O)C(C)C)C(C)C)ccc1OC,0,c1ccccc1,0.23232323232323232,1,0.8430901228491801
COc1ccc(CCN(C)CCCC(C#N)(c2ccc(OC)c(OC)c2)C(C)C)cc1OC,1,c1ccc(CCCCNCCc2ccccc2)cc1,COc1ccc(OC)c(C(O)C(C)N)c1,0,c1ccccc1,0.21725327812284334,1,0.7091856127907933
COc1ccc(CCN(C)CCCC(C#N)(c2ccc(OC)c(OC)c2)C(C)C)cc1OC,1,c1ccc(CCCCNCCc2ccccc2)cc1,COc1ccc2c(c1)C13CCCCC1C(C2)N(C)CC3,0,c1ccc2c(c1)CC1NCCC23CCCCC13,0.20643753409710858,1,0.5826971138864867
CN(C)C1C(=O)C(C(N)=O)=C(O)C2(O)C(=O)C3=C(O)c4c(O)ccc(Cl)c4C(O)C3CC12,1,O=C1C=CC2C(=O)C3=Cc4ccccc4CC3CC2C1,NC(=O)c1ccccc1O,0,c1ccccc1,0.18238993710691825,1,0.999858909533314
CN(C)C1C(=O)C(C(N)=O)=C(O)C2(O)C(=O)C3=C(O)c4c(O)ccc(Cl)c4C(O)C3CC12,1,O=C1C=CC2C(=O)C3=Cc4ccccc4CC3CC2C1,CN1CCC23c4c5ccc(O)c4OC2C(=O)CCC3C1C5,0,O=C1CCC2C3Cc4cccc5c4C2(CCN3)C1O5,0.17975545581179384,1,0.9696873601930959
CN(C)C1C(=O)C(C(N)=O)=C(O)C2(O)C(=O)C3=C(O)c4c(O)ccc(Cl)c4C(O)C3CC12,1,O=C1C=CC2C(=O)C3=Cc4ccccc4CC3CC2C1,CN1CCC23c4c5ccc(O)c4OC2C(=O)CCC3(O)C1C5,0,O=C1CCC2C3Cc4cccc5c4C2(CCN3)C1O5,0.1724433557868953,1,0.9583311887998535
CN(C)C1C(=O)C(C(N)=O)=C(O)C2(O)C(=O)C3=C(O)c4c(O)ccc(Cl)c4C(O)C3CC12,1,O=C1C=CC2C(=O)C3=Cc4ccccc4CC3CC2C1,CCC1(O)C(=O)OCc2c1cc1n(c2=O)Cc2cc3c(CN(C)C)c(O)ccc3nc2-1,0,O=C1Cc2cc3n(c(=O)c2CO1)Cc1cc2ccccc2nc1-3,0.1684162895927602,1,0.9998915561129581
CC(C)=CCN1CCC2(C)c3cc(O)ccc3CC1C2C,0,c1ccc2c(c1)CC1CC2CCN1,CN1CCC23c4c5ccc(O)c4OC2C(O)C=CC3C1C5,0,C1=CC2C3Cc4cccc5c4C2(CCN3)C(C1)O5,0.2901960784313726,0,0.07347342210727194
CC(C)=CCN1CCC2(C)c3cc(O)ccc3CC1C2C,0,c1ccc2c(c1)CC1CC2CCN1,COc1ccc2c(c1)C13CCCCC1C(C2)N(C)CC3,0,c1ccc2c(c1)CC1NCCC23CCCCC13,0.276268115942029,0,0.04769828967173291
CC(C)=CCN1CCC2(C)c3cc(O)ccc3CC1C2C,0,c1ccc2c(c1)CC1CC2CCN1,CN1CCC23c4c5ccc(O)c4OC2C(=O)CCC3C1C5,0,O=C1CCC2C3Cc4cccc5c4C2(CCN3)C1O5,0.26760784313725494,0,0.08941620587920875
CC(C)=CCN1CCC2(C)c3cc(O)ccc3CC1C2C,0,c1ccc2c(c1)CC1CC2CCN1,COc1ccc2c3c1OC1C(O)C=CC4C(C2)N(C)CCC341,0,C1=CC2C3Cc4cccc5c4C2(CCN3)C(C1)O5,0.2660740740740741,0,0.03076628647793824
Cc1nnc(NS(=O)(=O)c2ccc(N)cc2)s1,1,O=S(=O)(Nc1nncs1)c1ccccc1,Nc1ccc(C(=O)O)cc1,0,c1ccccc1,0.23142857142857146,1,0.9788223507370867
Cc1nnc(NS(=O)(=O)c2ccc(N)cc2)s1,1,O=S(=O)(Nc1nncs1)c1ccccc1,CC(C)(N)Cc1ccccc1,0,c1ccccc1,0.16844919786096257,1,0.9529677519397308
Cc1nnc(NS(=O)(=O)c2ccc(N)cc2)s1,1,O=S(=O)(Nc1nncs1)c1ccccc1,CC(N)(Cc1ccc(O)cc1)C(=O)O,0,c1ccccc1,0.16436363636363638,1,0.9766566978907638
Cc1nnc(NS(=O)(=O)c2ccc(N)cc2)s1,1,O=S(=O)(Nc1nncs1)c1ccccc1,CCN(CC)CC(=O)Nc1c(C)cccc1C,0,c1ccccc1,0.1537037037037037,1,0.9565760794683322
CC1=C(CC(=O)O)c2cc(F)ccc2C1=Cc1ccc(S(C)=O)cc1,1,C1=Cc2ccccc2C1=Cc1ccccc1,CC(C)n1c(C=CC(O)CC(O)CC(=O)O)c(-c2ccc(F)cc2)c2ccccc21,0,c1ccc(-c2c[nH]c3ccccc23)cc1,0.2220253164556962,1,0.8651463368474993
CC1=C(CC(=O)O)c2cc(F)ccc2C1=Cc1ccc(S(C)=O)cc1,1,C1=Cc2ccccc2C1=Cc1ccccc1,CC(Cc1ccc(O)c(O)c1)(NN)C(=O)O,0,c1ccccc1,0.18538461538461543,1,0.9043256866826944
CC1=C(CC(=O)O)c2cc(F)ccc2C1=Cc1ccc(S(C)=O)cc1,1,C1=Cc2ccccc2C1=Cc1ccccc1,NC(Cc1ccc(O)c(O)c1)C(=O)O,0,c1ccccc1,0.17795605162190445,1,0.9088907631614443
CC1=C(CC(=O)O)c2cc(F)ccc2C1=Cc1ccc(S(C)=O)cc1,1,C1=Cc2ccccc2C1=Cc1ccccc1,CC(NC(C)(C)C)C(=O)c1cccc(Cl)c1,0,c1ccccc1,0.17030812324929973,1,0.8799566798035657
COCC(=O)OC1(CCN(C)CCCc2nc3ccccc3[nH]2)CCc2cc(F)ccc2C1C(C)C,0,c1ccc2c(c1)CCC(CCNCCCc1nc3ccccc3[nH]1)C2,O=c1[nH]c2ccccc2n1C1CCN(CCCC(c2ccc(F)cc2)c2ccc(F)cc2)CC1,0,O=c1[nH]c2ccccc2n1C1CCN(CCCC(c2ccccc2)c2ccccc2)CC1,0.21514038310154815,0,0.282675392617831
COCC(=O)OC1(CCN(C)CCCc2nc3ccccc3[nH]2)CCc2cc(F)ccc2C1C(C)C,0,c1ccc2c(c1)CCC(CCNCCCc1nc3ccccc3[nH]1)C2,CN(C)CCCC1(c2ccc(F)cc2)OCc2cc(C#N)ccc21,0,c1ccc(C2OCc3ccccc32)cc1,0.19323126510878327,0,0.004919710791634095
COCC(=O)OC1(CCN(C)CCCc2nc3ccccc3[nH]2)CCc2cc(F)ccc2C1C(C)C,0,c1ccc2c(c1)CCC(CCNCCCc1nc3ccccc3[nH]1)C2,CCN(CC)CCOCCOC(=O)C1(c2ccccc2)CCCC1,0,c1ccc(C2CCCC2)cc1,0.18877761413843888,0,0.008409753646597736
COCC(=O)OC1(CCN(C)CCCc2nc3ccccc3[nH]2)CCc2cc(F)ccc2C1C(C)C,0,c1ccc2c(c1)CCC(CCNCCCc1nc3ccccc3[nH]1)C2,CC(C)n1c(C=CC(O)CC(O)CC(=O)O)c(-c2ccc(F)cc2)c2ccccc21,0,c1ccc(-c2c[nH]c3ccccc23)cc1,0.16945574491478835,0,0.4163524485374544
Nc1ccn(C2CSC(CO)O2)c(=O)n1,1,O=c1ncccn1C1CSCO1,C[N+](C)(C)CCOP(=O)([O-])OP(=O)(O)OCC1OC(n2ccc(N)nc2=O)C(O)C1O,0,O=c1ncccn1C1CCCO1,0.3387586206896552,1,0.9984444608421595
Nc1ccn(C2CSC(CO)O2)c(=O)n1,1,O=c1ncccn1C1CSCO1,Nc1ccc(N=Nc2ccccc2)c(N)n1,0,c1ccc(N=Nc2cccnc2)cc1,0.17142857142857143,1,0.9933760115670133
Nc1ccn(C2CSC(CO)O2)c(=O)n1,1,O=c1ncccn1C1CSCO1,CN1C2CC(OC(=O)C(CO)c3ccccc3)CC1C1OC12,0,O=C(Cc1ccccc1)OC1CC2NC(C1)C1OC21,0.1702673796791444,1,0.9855659227964135
Nc1ccn(C2CSC(CO)O2)c(=O)n1,1,O=c1ncccn1C1CSCO1,N=c1nc(N2CCCCC2)cc(N)n1O,0,N=c1nc(N2CCCCC2)cc[nH]1,0.16489795918367348,1,0.9374984548297627
Nc1nc(=O)n(C2CSC(CO)O2)cc1F,1,O=c1ncccn1C1CSCO1,C[N+](C)(C)CCOP(=O)([O-])OP(=O)(O)OCC1OC(n2ccc(N)nc2=O)C(O)C1O,0,O=c1ncccn1C1CCCO1,0.2244047619047619,1,0.9988762262114533
Nc1nc(=O)n(C2CSC(CO)O2)cc1F,1,O=c1ncccn1C1CSCO1,N=c1nc(N2CCCCC2)cc(N)n1O,0,N=c1nc(N2CCCCC2)cc[nH]1,0.154590570719603,1,0.9540685698879205
Nc1nc(=O)n(C2CSC(CO)O2)cc1F,1,O=c1ncccn1C1CSCO1,CCC1C(=O)OCC1Cc1cncn1C,0,O=C1CC(Cc2cnc[nH]2)CO1,0.1521302578018996,1,0.9984250811640506
Nc1nc(=O)n(C2CSC(CO)O2)cc1F,1,O=c1ncccn1C1CSCO1,CN1C2CC(OC(=O)C(CO)c3ccccc3)CC1C1OC12,0,O=C(Cc1ccccc1)OC1CC2NC(C1)C1OC21,0.14808159300631374,1,0.989534869869497
O=C1c2c(O)ccc(O)c2C(=O)c2c(NCCNCCO)ccc(NCCNCCO)c21,1,O=C1c2ccccc2C(=O)c2ccccc21,CC(CCc1ccc(O)cc1)NCCc1ccc(O)c(O)c1,0,c1ccc(CCCNCCc2ccccc2)cc1,0.21185185185185187,1,0.8428966120026731
O=C1c2c(O)ccc(O)c2C(=O)c2c(NCCNCCO)ccc(NCCNCCO)c21,1,O=C1c2ccccc2C(=O)c2ccccc21,CNCC(O)c1ccc(O)c(O)c1,0,c1ccccc1,0.21153846153846156,1,0.9604784838964933
O=C1c2c(O)ccc(O)c2C(=O)c2c(NCCNCCO)ccc(NCCNCCO)c21,1,O=C1c2ccccc2C(=O)c2ccccc21,CC(C)(C)NCC(O)c1ccc(O)c(CO)c1,0,c1ccccc1,0.2086132644272179,1,0.9817038622224377
O=C1c2c(O)ccc(O)c2C(=O)c2c(NCCNCCO)ccc(NCCNCCO)c21,1,O=C1c2ccccc2C(=O)c2ccccc21,CC(C)NCC(O)c1ccc(O)c(O)c1,0,c1ccccc1,0.20253658536585364,1,0.9604784838964933
COC1CC(OC2C(C)C(=O)OC(C)C(C)C(OC(C)=O)C(C)C(=O)C3(CO3)CC(C)C(OC3OC(C)CC(N(C)C)C3OC(C)=O)C2C)OC(C)C1OC(C)=O,1,O=C1CC(OC2CCCCO2)CC(OC2CCCCO2)CCC2(CO2)C(=O)CCCCO1,CCC1OC(=O)C(C)C(OC2CC(C)(OC)C(O)C(C)O2)C(C)C(OC2OC(C)CC(N(C)C)C2O)C(C)(O)CC(C)CN(C)C(C)C(O)C1(C)O,0,O=C1CC(OC2CCCCO2)CC(OC2CCCCO2)CCCCNCCCCO1,0.35034446210916803,1,0.9992270548715042
COC1CC(OC2C(C)C(=O)OC(C)C(C)C(OC(C)=O)C(C)C(=O)C3(CO3)CC(C)C(OC3OC(C)CC(N(C)C)C3OC(C)=O)C2C)OC(C)C1OC(C)=O,1,O=C1CC(OC2CCCCO2)CC(OC2CCCCO2)CCC2(CO2)C(=O)CCCCO1,CC1OC(OC2C(O)CC(OC3C(O)CC(OC4CCC5(C)C(CCC6C5CC(O)C5(C)C(C7=CC(=O)OC7)CCC65O)C4)OC3C)OC2C)CC(O)C1O,0,O=C1C=C(C2CCC3C2CCC2C4CCC(OC5CCC(OC6CCC(OC7CCCCO7)CO6)CO5)CC4CCC23)CO1,0.1772926772926773,1,0.9983669844082382
COC1CC(OC2C(C)C(=O)OC(C)C(C)C(OC(C)=O)C(C)C(=O)C3(CO3)CC(C)C(OC3OC(C)CC(N(C)C)C3OC(C)=O)C2C)OC(C)C1OC(C)=O,1,O=C1CC(OC2CCCCO2)CC(OC2CCCCO2)CCC2(CO2)C(=O)CCCCO1,CC1C=CC=CCCC=CC=CC=CC=CC(OC2OC(C)C(O)C(N)C2O)CC(O)C(C(=O)O)C(O)CC(=O)CC(O)C(O)CCC(O)CC(O)CC(O)CC(=O)OC(C)C(C)C1O,0,O=C1CCCCCCCCCCCC(=O)OCCCCC=CC=CCCC=CC=CC=CC=CC(OC2CCCCO2)CCCCC1,0.1638162405720443,1,0.9989355312907288
COC1CC(OC2C(C)C(=O)OC(C)C(C)C(OC(C)=O)C(C)C(=O)C3(CO3)CC(C)C(OC3OC(C)CC(N(C)C)C3OC(C)=O)C2C)OC(C)C1OC(C)=O,1,O=C1CC(OC2CCCCO2)CC(OC2CCCCO2)CCC2(CO2)C(=O)CCCCO1,CCC(C)(C)C(=O)OC1CC(C)C=C2C=CC(C)C(CCC3CC(O)CC(=O)O3)C21,0,O=C1CCCC(CCC2CC=CC3=CCCCC32)O1,0.1537561494482117,1,0.9971991064711314
