smiles,label,prediction,score,scaffold
CC(C)(C)OC(=O)CCCc1ccc(N(CCCl)CCCl)cc1,1,1,0.86865711654999,c1ccccc1
Cc1cc(Br)cc(C(N)=O)c1O,1,1,0.8840767605406469,c1ccccc1
CC(=O)Nc1ccc(OC(C)(C)C)cc1,1,1,0.920490798593239,c1ccccc1
O=C(O)CNC(=O)c1ccccc1O,1,0,0.3920956977814938,c1ccccc1
CSCC[C@H](NC(C)=O)C(=O)Oc1ccc(NC(C)=O)cc1,1,1,0.5901616547792287,c1ccccc1
Cc1ccccc1,1,1,0.9887107055821552,c1ccccc1
C[C@H](N)Cc1ccccc1,1,1,0.9557293703883655,c1ccccc1
CCCCC/C(=N/OCCN)c1ccc(C)c(N)c1,1,1,0.7972822087866941,c1ccccc1
C#CC(OC(N)=O)c1ccccc1,1,1,0.7142564872407172,c1ccccc1
NS(=O)(=O)c1ccc(C(=O)O)cc1,1,0,0.362999254862467,c1ccccc1
C[C@H](N)C(=O)c1ccccc1,1,1,0.8239590823971759,c1ccccc1
CC(=O)c1ccc(C(O)C(CO)NC(=O)C(Cl)Cl)cc1,1,1,0.7335751397449332,c1ccccc1
CS(=O)(=O)c1ccc([C@@H](O)[C@@H](CO)NC(=O)C(Cl)Cl)cc1,1,1,0.5886224297805088,c1ccccc1
Cc1cccc(C)c1OCC(C)N,1,1,0.7995522552351774,c1ccccc1
Cc1cccc(C)c1,1,1,0.9892846183523831,c1ccccc1
CCc1ccccc1,1,1,0.9913415979378479,c1ccccc1
CCCC(=O)Nc1ccc(OCC(O)CNC(C)C)c(C(C)=O)c1,1,1,0.5237995471360001,c1ccccc1
COC(=O)c1ccc(C(=O)OC)cc1,1,1,0.7997692902584872,c1ccccc1
Cc1ccccc1C,1,1,0.98926469957271,c1ccccc1
Cc1ccc(C)cc1,1,1,0.9893099069131116,c1ccccc1
Cc1ccccc1OCC(COC(O)C(Cl)(Cl)Cl)OC(O)C(Cl)(Cl)Cl,1,1,0.9544925614580467,c1ccccc1
C#CCN(C)CCCOc1ccc(Cl)cc1Cl,1,1,0.7983314256661633,c1ccccc1
CC(C)(C)NCC(O)c1ccc(O)c(CO)c1,0,0,0.3502426643407158,c1ccccc1
CCN(CC)C(=O)CNC(=O)c1cc(OC)c(OC)c(OC)c1,1,1,0.8293239975544004,c1ccccc1
CCN(CC)C(=O)Nc1ccc(OCC(O)CNC(C)(C)C)c(C(C)=O)c1,1,1,0.6430458254277425,c1ccccc1
CC(=O)Nc1ccc(O)cc1,1,1,0.7278974244667289,c1ccccc1
CCCCCCCCCCOc1c(OC)cc(C(N)=O)cc1OC,1,1,0.8828555814261205,c1ccccc1
CC(C)C(CCCCCC(=O)O)NCc1ccc(F)cc1,1,1,0.7029763414644769,c1ccccc1
CCN(CC)CCNC(=O)c1cc(Cl)cc(Cl)c1OC,1,1,0.8873889722589509,c1ccccc1
C=CCC(N)Cc1ccccc1,1,1,0.9606491171173397,c1ccccc1
CC(Cc1ccccc1)N(C)C,1,1,0.9780046798685955,c1ccccc1
C[C@@](Cc1ccc(O)c(O)c1)(NN)C(=O)O,0,0,0.15937537773603383,c1ccccc1
Cc1cc(N(C)C)ccc1C[C@H](C)N,1,1,0.8086829396521801,c1ccccc1
O=C(O)CCCc1ccc(N(CCCl)CCCl)cc1,0,1,0.6454550354007486,c1ccccc1
CCC(O)(COC(N)=O)c1ccccc1,1,1,0.8894872350931337,c1ccccc1
NNCCc1ccccc1,1,1,0.9178377105476005,c1ccccc1
NC(=O)OCCCc1ccccc1,1,1,0.9198930989478851,c1ccccc1
NCC(O)c1ccc(O)c(O)c1,0,0,0.2504842934714916,c1ccccc1
O=C(NC(CO)C(O)c1ccc([N+](=O)[O-])cc1)C(Cl)Cl,0,1,0.5546137093539246,c1ccccc1
CCN(CC)CC(=O)Nc1c(C)cccc1C,1,1,0.9696022381892714,c1ccccc1
CCCNC(=O)NS(=O)(=O)c1ccc(Cl)cc1,0,1,0.8285713534937188,c1ccccc1
CCC(CC)(CNC(=O)CCCO)c1cccc(OC)c1,1,1,0.8490225598789805,c1ccccc1
CN(C)CCOC(=O)COc1ccc(Cl)cc1,1,1,0.8848140888006625,c1ccccc1
CCOC(=O)C(C)(C)Oc1ccc(Cl)cc1,0,1,0.8935728687661644,c1ccccc1
CC(C)(Oc1ccc(Cl)cc1)C(=O)O,0,1,0.6993036707356466,c1ccccc1
CN(C)C(=O)CCNc1ccc(Br)cc1,1,1,0.9627108770850037,c1ccccc1
COc1cc(CCN)cc(OC)c1OC,1,1,0.7923179367434086,c1ccccc1
CCN(CC)CCNC(=O)c1cc(Br)c(N)cc1OC,1,1,0.8626975117116699,c1ccccc1
CCN(CC)CCOC(=O)c1ccc(N)cc1,1,1,0.8327922914382396,c1ccccc1
CN[C@@H](C)Cc1ccccc1,1,1,0.960734317917394,c1ccccc1
COc1ccccc1OCC(O)COC(N)=O,1,1,0.8543046411341001,c1ccccc1
CCOC(=O)NNC(C)c1ccccc1,1,1,0.9688391259978896,c1ccccc1
Nc1ccc(C(=O)O)c(O)c1,0,0,0.2867585059860265,c1ccccc1
NC(=O)OCC(COC(N)=O)c1ccccc1,1,1,0.8853760391311333,c1ccccc1
CN(C)C(C)(CO)Cc1ccc(Cl)c(Cl)c1,1,1,0.9647265233653003,c1ccccc1
NC(=O)OCC(O)COc1ccc(Cl)cc1,1,1,0.8756648225118678,c1ccccc1
CC(C)c1cccc(C(C)C)c1O,1,1,0.9444916456641121,c1ccccc1
CC(C)(O)CC(C)(O)c1ccc(Cl)cc1,1,1,0.9246117666026697,c1ccccc1
CC(C)(C)NCC(O)c1ccccc1F,1,1,0.8535809332709635,c1ccccc1
CS(=O)(=O)c1ccc([C@@H](O)[C@@H](CF)NC(=O)C(Cl)Cl)cc1,1,1,0.8333177811640397,c1ccccc1
CCNC(=O)/C=C/c1cccc(Br)c1,1,1,0.9844766234863863,c1ccccc1
COc1cc(/C=C/C(N)=O)cc(OC)c1OC,1,1,0.9018523151233203,c1ccccc1
CCOC(=O)N(CCN(C)C)c1cccc(C(F)(F)F)c1,1,1,0.9684893395155132,c1ccccc1
CNCC(O)c1ccc(O)c(O)c1,0,0,0.21072709158019787,c1ccccc1
NCCc1ccc(O)c(O)c1,0,0,0.2623148424749897,c1ccccc1
CCN(CC)CCNC(=O)COc1ccc(Cl)cc1,1,1,0.8687185987946443,c1ccccc1
CCS(=O)(=O)c1ccc(F)cc1,1,1,0.9511319037399173,c1ccccc1
COCCCC/C(=N\OCCN)c1ccc(Cl)cc1,1,1,0.8572153883876455,c1ccccc1
CN[C@@H](C)[C@H](O)c1ccccc1,0,1,0.6947105569046564,c1ccccc1
CNC[C@H](O)c1ccc(O)c(O)c1,0,0,0.21072709158019787,c1ccccc1
NC(CO)C(=O)NNCc1ccc(O)c(O)c1O,0,0,0.15313497759812922,c1ccccc1
CC(C)(C)NCC(O)c1ccc(O)c(NC(N)=O)c1,0,0,0.30936687125905993,c1ccccc1
COCCCC/C(=N\OCCN)c1ccc(C(F)(F)F)cc1,1,1,0.895201509073912,c1ccccc1
C=C(CC)C(=O)c1ccc(OCC(=O)O)c(Cl)c1Cl,0,1,0.5908868406529055,c1ccccc1
NC(N)=N/N=C/c1c(Cl)cccc1Cl,0,0,0.45072714394578733,c1ccccc1
CC(C)Cc1ccc(C(C)C(=O)O)cc1,0,1,0.7634704063368305,c1ccccc1
O=C(CCCl)NCCc1ccccc1,1,1,0.9571206857037536,c1ccccc1
CC(C)NNC(=O)COc1ccc(Cl)cc1,1,1,0.879938305505629,c1ccccc1
C[C@H](N)[C@H](O)c1cccc(O)c1,0,0,0.394113705140593,c1ccccc1
CC(C)NCC(O)c1ccc(O)c(O)c1,0,0,0.2442114442758505,c1ccccc1
COCCc1ccc(OCC(O)CNC(C)C)cc1,1,1,0.6937295842288533,c1ccccc1
CNCC(O)c1ccc(OC(=O)C(C)(C)C)c(OC(=O)C(C)(C)C)c1,0,1,0.5810513758674762,c1ccccc1
NC(Cc1ccc(N(CCCl)CCCl)cc1)C(=O)O,0,0,0.380093674313714,c1ccccc1
CCNCC(O)c1cccc(O)c1,0,0,0.49723703912819656,c1ccccc1
N=C(N)NCCCOc1ccccc1,1,0,0.43889780788977817,c1ccccc1
CC(NN)c1ccccc1,1,1,0.9273252997747986,c1ccccc1
C[C@](N)(Cc1ccc(O)c(O)c1)C(=O)O,0,0,0.15171705181654205,c1ccccc1
CCN(CC)CCNC(=O)COc1ccc(OC)cc1,1,1,0.8324495297950499,c1ccccc1
CC(=O)Nc1c(I)c(NC(C)=O)c(I)c(C(=O)[O-])c1I,0,0,0.07255268417031542,c1ccccc1
CC(C)NCC(O)c1ccc(NS(C)(=O)=O)cc1,1,1,0.5942082422013033,c1ccccc1
CC(Cc1ccccc1)NO,0,1,0.8043713905495039,c1ccccc1
CNC(C)C(O)c1ccc(O)cc1,0,0,0.47699343294497354,c1ccccc1
CC(=O)Nc1cccc(O)c1,1,1,0.7315770322485153,c1ccccc1
CC(C)(O)C(C)(O)c1cccc(Cl)c1,1,1,0.8979004344945078,c1ccccc1
NCC(O)c1cccc(O)c1,0,0,0.40059870921301105,c1ccccc1
CNC(C)C(=O)c1ccc(OC)cc1,0,1,0.7793648599060259,c1ccccc1
CC(C(=O)c1ccccc1)N(C)C,1,1,0.9541314163793528,c1ccccc1
CCOc1ccc(NC(C)=O)cc1,0,1,0.8769224102701622,c1ccccc1
NC/C(=C/F)CCc1ccc(F)cc1,1,1,0.9923521150525455,c1ccccc1
CNCC(O)c1cccc(OC(=O)C(C)(C)C)c1,0,1,0.6691841299586291,c1ccccc1
CCCN(CCC)S(=O)(=O)c1ccc(C(=O)O)cc1,0,0,0.49316693052163896,c1ccccc1
CCC(=O)Nc1ccc(O)cc1,1,1,0.7696904363325651,c1ccccc1
O=C(O)c1ccccc1O,0,0,0.411187558995204,c1ccccc1
CC(C)(O)C(C)(O)c1ccc(Cl)cc1,1,1,0.8979502189695892,c1ccccc1
CC(Cc1ccccc1)NN,1,1,0.9107989283959643,c1ccccc1
CC(C)NCC(O)COc1ccc(CC(N)=O)cc1,0,1,0.5024345869639527,c1ccccc1
c1ccccc1,1,1,0.9862614583655854,c1ccccc1
C#CCN(C)Cc1ccccc1,1,1,0.9276550457144757,c1ccccc1
NC(=O)NC(=O)Cc1ccccc1,1,1,0.8778970603114948,c1ccccc1
CCCCNC(=O)NS(=O)(=O)c1ccc(C)cc1,0,1,0.8249177005952688,c1ccccc1
CCC(C(=O)NC(N)=O)c1ccccc1,1,1,0.9206993487362745,c1ccccc1
CC(COc1ccccc1)NN,1,1,0.7854586340810762,c1ccccc1
CC(N)C(=O)OC(C)(C)Cc1ccc(Cl)cc1,1,1,0.8705964159929072,c1ccccc1
CC(N)Cc1ccccc1,1,1,0.9557293703883655,c1ccccc1
CNNCc1ccc(C(=O)NC(C)C)cc1,1,1,0.8902511279067874,c1ccccc1
CCN(CC)CCNC(=O)c1cc(S(C)(=O)=O)ccc1OC,1,1,0.7187807504593409,c1ccccc1
CCN(CC)CC(=O)Oc1ccc(NC(C)=O)cc1,1,1,0.8565020086707927,c1ccccc1
O=C(Nc1ccc(O)cc1)C(Cl)(Cl)Cl,1,1,0.9020317068011826,c1ccccc1
CCOC(=O)c1ccc(N)cc1,1,1,0.8192380013620554,c1ccccc1
CCN(C)C(=O)Oc1cccc([C@H](C)N(C)C)c1,1,1,0.9689404319443108,c1ccccc1
CC(NC(C)(C)C)C(=O)c1cccc(Cl)c1,1,1,0.9579447765660214,c1ccccc1
O=C(NCc1ccccc1)OCCO,1,1,0.8993099078705163,c1ccccc1
O=C(CCCl)NCc1ccccc1,1,1,0.9546518789106447,c1ccccc1
[N-]=[N+]=NCC(=O)N[C@H](CO)[C@H](O)c1ccc([N+](=O)[O-])cc1,1,0,0.42658726247407097,c1ccccc1
NC(=O)c1ccccc1O,1,1,0.7083142270813171,c1ccccc1
C#CCN(C)[C@H](C)Cc1ccccc1,1,1,0.9378809632120391,c1ccccc1
OCc1ccccc1,1,1,0.9432285841709688,c1ccccc1
O=C(c1ccco1)N(c1cnccn1)C1CCN(CCc2ccccc2)CC1,1,1,0.9563267045760874,O=C(c1ccco1)N(c1cnccn1)C1CCN(CCc2ccccc2)CC1
Nc1nnc(-c2cccc(Cl)c2Cl)c(N)n1,1,1,0.9777472271752264,c1ccc(-c2cncnn2)cc1
CCC(C)n1ncn(-c2ccc(N3CCN(c4ccc(OC[C@H]5CO[C@](Cn6cncn6)(c6ccc(Cl)cc6Cl)O5)cc4)CC3)cc2)c1=O,0,0,0.2587036354885707,O=c1[nH]ncn1-c1ccc(N2CCN(c3ccc(OCC4COC(Cn5cncn5)(c5ccccc5)O4)cc3)CC2)cc1
CN(C)CCn1nnnc1SCC1=C(C(=O)O)N2C(=O)[C@@H](NC(=O)Cc3csc(N)n3)[C@H]2SC1,0,0,0.0828553582561302,O=C(Cc1cscn1)NC1C(=O)N2C=C(CSc3nnn[nH]3)CSC12
C[C@]12CC[C@@H]3c4ccc(O)cc4CC[C@H]3[C@@H]1CC[C@@H]2O,0,1,0.8085664905891102,c1ccc2c(c1)CCC1C2CCC2CCCC21
C#C[C@]1(O)CC[C@H]2[C@@H]3CCc4cc(OC)ccc4[C@H]3CC[C@@]21C,0,1,0.6904185143642526,c1ccc2c(c1)CCC1C2CCC2CCCC21
C#C[C@]1(O)CC[C@H]2[C@@H]3CCc4cc(O)ccc4[C@H]3CC[C@@]21C,0,0,0.4509460984155761,c1ccc2c(c1)CCC1C2CCC2CCCC21
CN1c2ccccc2C(NCCCCCCC(=O)O)c2ccc(Cl)cc2S1(=O)=O,1,1,0.5181173879120116,O=S1(=O)Nc2ccccc2Cc2ccccc21
C#CCC1(OC(N)=O)CCCCC1,1,1,0.8193742848023322,C1CCCCC1
C1CCCCC1,1,1,0.9899104848238186,C1CCCCC1
CCC(OC(N)=O)C1CCCCC1,1,1,0.9296114652335654,C1CCCCC1
O=NN(CCCl)C(=O)NC1CCCCC1,1,1,0.9712108566054815,C1CCCCC1
NNCC1CCCCC1,1,1,0.920364542410618,C1CCCCC1
CC(C)C(O)C1CCCCC1,1,1,0.9608412154041684,C1CCCCC1
NCC1(CC(=O)O)CCCCC1,1,1,0.566191981967711,C1CCCCC1
C#CC1(OC(N)=O)CCCCC1,1,1,0.7972487946977893,C1CCCCC1
CN(C)CCOC(=O)CCC1CCCCC1,1,1,0.9324641595527322,C1CCCCC1
O=C1CC[C@H]2[C@H]3Cc4cccc(O)c4[C@@]2(CCN3CC2CC2)C1,1,1,0.9547307828669482,O=C1CCC2C3Cc4ccccc4C2(CCN3CC2CC2)C1
COc1cc2c(c(CN[C@@H]3CCCN[C@H]3c3ccccc3)c1)OCC2,1,1,0.8849020720925118,c1ccc(C2NCCCC2NCc2cccc3c2OCC3)cc1
O=C1CCC(c2ccccc2)(C2CCN(C/C=C/c3ccccc3)CC2)C(=O)N1,1,1,0.9711477453919413,O=C1CCC(c2ccccc2)(C2CCN(CC=Cc3ccccc3)CC2)C(=O)N1
CCN1C(=O)NC(c2ccccc2)C1=O,1,1,0.9252726910682719,O=C1NC(=O)C(c2ccccc2)N1
CCC1(c2ccccc2)C(=O)NC(=O)N1C,1,1,0.9465172852620293,O=C1NC(=O)C(c2ccccc2)N1
CCC1(c2ccccc2)NC(=O)N(C)C1=O,1,1,0.9313040071977636,O=C1NC(=O)C(c2ccccc2)N1
CC1(C)SC2C(N(C(=N)c3ccncc3)[C@H](C(=O)NC(=O)CN)c3ccccc3)C(=O)N2C1C(=O)O,0,0,0.025995033191296504,N=C(c1ccncc1)N(Cc1ccccc1)C1C(=O)N2CCSC12
O=C(c1ccccn1)c1cnn2c(-c3ccncc3)ccnc12,1,1,0.9633256964775703,O=C(c1ccccn1)c1cnn2c(-c3ccncc3)ccnc12
COc1ccc2c(c1OC)C(=O)O[C@@H]2[C@H]1c2c(cc3c(c2OC)OCO3)CCN1C,1,1,0.8147282529260473,O=C1OC(C2NCCc3cc4c(cc32)OCO4)c2ccccc21
c1cnc(N2CCN(Cc3ccc4c(c3)OCO4)CC2)nc1,1,1,0.9555733172524252,c1cnc(N2CCN(Cc3ccc4c(c3)OCO4)CC2)nc1
CC1=C(C(=O)O)N2C(=O)[C@@H](NC(=O)Cc3ccc(C4=NCCCN4)cc3)[C@H]2SC1,0,0,0.09926780570597485,O=C(Cc1ccc(C2=NCCCN2)cc1)NC1C(=O)N2C=CCSC12
CCCNCC(O)COc1ccccc1C(=O)CCc1ccccc1,0,1,0.6495624876182484,O=C(CCc1ccccc1)c1ccccc1
CC(=O)OCC(=O)OCC/C(SC(=O)c1ccco1)=C(/C)N(C=O)Cc1cnc(C)nc1N,1,1,0.8585593919787996,O=C(SC=CNCc1cncnc1)c1ccco1
NC(=O)N1c2ccccc2C=Cc2ccccc21,1,1,0.9722173786042424,C1=Cc2ccccc2Nc2ccccc21
CN(C)CCCN1c2ccccc2C=Cc2ccccc21,1,1,0.9592603848893696,C1=Cc2ccccc2Nc2ccccc21
COc1ccc(CN(CCN(C)C)c2ccccn2)cc1,0,1,0.8124471642791763,c1ccc(CNc2ccccn2)cc1
CN(CCc1cc2cccc3c2n1-c1ccccc1CC3)Cc1ccccc1,1,1,0.9389436033245462,c1ccc(CNCCc2cc3cccc4c3n2-c2ccccc2CC4)cc1
CN1CCC2=C(CC1)c1ccccc1N(C)c1ccccc12,1,1,0.94100060908472,c1ccc2c(c1)Nc1ccccc1C1=C2CCNCC1
C=CC1CNCCC1CCCc1ccnc2ccc(OC)cc12,1,1,0.8863442532560691,c1ccc2c(CCCC3CCNCC3)ccnc2c1
C=C[C@@H]1CNCC[C@H]1CCCc1ccnc2ccc(OC)cc12,1,1,0.8863442532560691,c1ccc2c(CCCC3CCNCC3)ccnc2c1
CC(COc1ccccc1)N(CCCl)Cc1ccccc1,0,1,0.9468752002230092,c1ccc(CNCCOc2ccccc2)cc1
CCOC(=O)N1CCC(=O)N(c2ccccc2)c2cc(Cl)ccc21,1,1,0.953312269638506,O=C1CCNc2ccccc2N1c1ccccc1
O=C1CCNc2ccc(Cl)cc2N1c1ccccc1,1,1,0.9546404428821845,O=C1CCNc2ccccc2N1c1ccccc1
CCNC(=O)N1CCN(CCCC(c2ccc(F)cc2)c2ccc(F)cc2)CC1,1,1,0.9698483840742761,c1ccc(C(CCCN2CCNCC2)c2ccccc2)cc1
CCC1(c2ccccc2)NCC(=O)NC1=O,1,1,0.9271682010907709,O=C1CNC(c2ccccc2)C(=O)N1
Cc1noc(NS(=O)(=O)c2ccc(N)cc2)c1C,1,1,0.719852192926872,O=S(=O)(Nc1ccno1)c1ccccc1
S=C(NC1CCCCC1)N1CCC(c2cnc[nH]2)CC1,1,1,0.9171298309484144,S=C(NC1CCCCC1)N1CCC(c2cnc[nH]2)CC1
CCCCN1C(=O)C2C(=O)N(CCCCN3CCN(c4ccccc4OC)CC3)C(=O)C(C1=O)C2(C)C,1,1,0.872614900931957,O=C1NC(=O)C2CC1C(=O)N(CCCCN1CCN(c3ccccc3)CC1)C2=O
CCCC(C)(O)C1CC23C=CC1(OC)C1Oc4c(O)ccc5c4C12CCN(C)C3C5,1,1,0.9187478798777617,C1=CC23CCC1C1Oc4cccc5c4C12CCNC3C5
C=CCN1CCC23c4c5ccc(O)c4OC2C2(OC)C=CC3(CC2[C@](C)(O)CCC)C1C5,1,1,0.939044435752238,C1=CC23CCC1C1Oc4cccc5c4C12CCNC3C5
CCC[C@@](C)(O)[C@H]1CC23C=CC1(OC)[C@H]1Oc4c(OC(C)=O)ccc5c4C12CCN(C)C3C5,1,1,0.9509112473337205,C1=CC23CCC1C1Oc4cccc5c4C12CCNC3C5
OC1(c2cccc(Cl)c2)C2=NCCCN2c2ccccc21,1,1,0.9550815778568802,c1ccc(C2C3=NCCCN3c3ccccc32)cc1
CN[C@H](CC(C)C)C(=O)NC1C(=O)N[C@@H](CC(N)=O)C(=O)N[C@H]2C(=O)N[C@H]3C(=O)N[C@H](C(=O)N[C@@H](C(=O)O)c4cc(O)cc(O)c4-c4cc3ccc4O)[C@H](O)c3ccc(c(Cl)c3)Oc3cc2cc(c3O[C@@H]2O[C@H](CO)[C@@H](O)[C@H](O)[C@H]2O[C@H]2C[C@](C)(N)[C@H](O)[C@H](C)O2)Oc2ccc(cc2Cl)[C@H]1O,0,0,0.0002317938663225258,O=C1CCc2ccc(cc2)Oc2cc3cc(c2OC2OCCCC2OC2CCCCO2)Oc2ccc(cc2)CC2NC(=O)C(NC(=O)C3NC(=O)CN1)c1cccc(c1)-c1ccccc1CNC2=O
CC(C)(C)OC(=O)c1ncn2c1[C@@H]1CCCN1C(=O)c1c(Br)cccc1-2,1,1,0.9003266295772561,O=C1c2ccccc2-n2cncc2C2CCCN12
COc1cc([C@@H]2c3cc4c(cc3[C@@H](O[C@@H]3O[C@@H]5CO[C@@H](C)O[C@H]5[C@H](O)[C@H]3O)C3COC(=O)[C@@H]32)OCO4)cc(OC)c1O,0,0,0.22550117200850475,O=C1OCC2C(OC3CCC4OCOCC4O3)c3cc4c(cc3C(c3ccccc3)C12)OCO4
CNCCCC12CCC(c3ccccc31)c1ccccc12,1,1,0.9851851351058736,c1ccc2c(c1)C1CCC2c2ccccc21
CNC[C@H](O)CC12CCC(c3ccccc31)c1ccccc12,1,1,0.8874193535426351,c1ccc2c(c1)C1CCC2c2ccccc21
CNCC12CCC(c3ccccc31)c1ccccc12,1,1,0.9874711632419799,c1ccc2c(c1)C1CCC2c2ccccc21
CC1(C)S[C@@H]2[C@H](N3C(=O)[C@@H](c4ccccc4)NC3(C)C)C(=O)N2[C@H]1C(=O)O,0,0,0.1133832565414462,O=C1C(N2CNC(c3ccccc3)C2=O)C2SCCN12
COCOC(=O)C1N2C(=O)C(N3C(=O)C(c4ccc(O)cc4)NC3(C)C)C2SC1(C)C,0,0,0.13334931515011794,O=C1C(N2CNC(c3ccccc3)C2=O)C2SCCN12
COCOC(=O)[C@@H]1N2C(=O)[C@@H](N3C(=O)C(c4ccccc4)NC3(C)C)[C@H]2SC1(C)C,0,0,0.2920992706068972,O=C1C(N2CNC(c3ccccc3)C2=O)C2SCCN12
CC1(C)O[C@@H]2[C@@H](CO[C@@]3(COS(N)(=O)=O)OC(C)(C)O[C@@H]23)O1,1,1,0.9301399503349606,C1OC2COC3OCOC3C2O1
O=C(Nc1ccccc1)OCC1(COC(=O)Nc2ccccc2)CCCC1,1,1,0.9536756869533318,O=C(Nc1ccccc1)OCC1(COC(=O)Nc2ccccc2)CCCC1
CN(C)CCC1(c2ccccc2)C=Cc2ccccc21,1,1,0.9970083578755802,C1=CC(c2ccccc2)c2ccccc21
O=C(CCCN1CCN(C(=O)OC2CCCCC2)CC1)c1ccc(F)cc1,1,1,0.970702701978155,O=C(CCCN1CCN(C(=O)OC2CCCCC2)CC1)c1ccccc1
CNC1CCc2ncsc2C1,1,1,0.9331875033698169,c1nc2c(s1)CCCC2
CNC1C(O)C(OC2C(NC(=O)C(O)CN)CC(N)C(OC3OC(CN)C(O)C(O)C3O)C2O)OCC1(C)O,0,0,0.04171192208778465,C1CCC(OC2CCCC(OC3CCCCO3)C2)OC1
NCC[C@H](O)C(=O)N[C@@H]1C[C@H](N)[C@@H](O[C@H]2O[C@H](CN)[C@@H](O)[C@H](O)[C@H]2O)[C@H](O)[C@H]1O[C@H]1O[C@H](CO)[C@@H](O)[C@H](N)[C@H]1O,1,0,0.12698287015840995,C1CCC(OC2CCCC(OC3CCCCO3)C2)OC1
NCC1OC(OC2C(N)CC(N)C(OC3OC(CO)C(O)C(N)C3O)C2O)C(O)C(O)C1O,0,0,0.030864204775709555,C1CCC(OC2CCCC(OC3CCCCO3)C2)OC1
NCC1OC(OC2C(N)CC(NC(CO)CO)C(OC3OC(CO)C(O)C(N)C3O)C2O)C(N)C(O)C1O,0,0,0.028458396392361147,C1CCC(OC2CCCC(OC3CCCCO3)C2)OC1
NCC[C@H](O)C(=O)N[C@@H]1C[C@H](N)[C@@H](O[C@H]2O[C@H](CN)CC[C@H]2N)[C@H](O)[C@H]1O[C@H]1O[C@H](CO)[C@@H](O)[C@H](N)[C@H]1O,0,0,0.04349824507718904,C1CCC(OC2CCCC(OC3CCCCO3)C2)OC1
NCC1OC(OC2C(N)CC(N)C(OC3OC(CO)C(O)C(N)C3O)C2O)C(N)C(O)C1O,0,0,0.024869959822901556,C1CCC(OC2CCCC(OC3CCCCO3)C2)OC1
CNC(C)C1CCC(N)C(OC2C(N)CC(N)C(OC3OCC(C)(O)C(NC)C3O)C2O)O1,0,0,0.02500287699197592,C1CCC(OC2CCCC(OC3CCCCO3)C2)OC1
NC[C@H]1O[C@H](O[C@H]2[C@H](O)[C@@H](O[C@H]3O[C@H](CO)[C@@H](O)[C@H](N)[C@H]3O)[C@H](N)C[C@@H]2N)[C@H](N)C[C@@H]1O,0,0,0.04145575144892364,C1CCC(OC2CCCC(OC3CCCCO3)C2)OC1
NCCC(O)CNC1CC(N)C(OC2OC(CN)C(O)C(O)C2O)C(O)C1OC1OC(CO)C(O)C(N)C1O,0,0,0.047358371458189975,C1CCC(OC2CCCC(OC3CCCCO3)C2)OC1
NCC1CCC(N)C(OC2C(N)CC(N)C(OC3OC(CO)C(O)C(N)C3O)C2O)O1,0,0,0.032657896890730655,C1CCC(OC2CCCC(OC3CCCCO3)C2)OC1
CC(=O)NCCn1c(C)cc(C=O)c1C,1,1,0.8908026441480854,c1cc[nH]c1
O=c1c(O[C@@H]2O[C@H](CO)[C@@H](O)[C@H](O)[C@H]2O)c(-c2ccc(O)c(O)c2)oc2cc(O)cc(O)c12,0,0,0.015209517198702442,O=c1c(OC2CCCCO2)c(-c2ccccc2)oc2ccccc12
O=C1C(O)=C(O)OC1C(O)CO,1,0,0.47126878834857894,O=C1C=COC1
CN1CCN2c3cc(F)ccc3C(c3cccs3)=NCC2C1,1,1,0.9903068954778261,c1csc(C2=NCC3CNCCN3c3ccccc32)c1
OCCN1CCN(CCCN2c3ccccc3Sc3ccc(Cl)cc32)CC1,1,1,0.9821474471119809,c1ccc2c(c1)Sc1ccccc1N2CCCN1CCNCC1
CCC(=O)c1ccc2c(c1)N(CCCN1CCN(CCO)CC1)c1ccccc1S2,1,1,0.9637011037523796,c1ccc2c(c1)Sc1ccccc1N2CCCN1CCNCC1
CN1CCN(CCCN2c3ccccc3Sc3ccc(Cl)cc32)CC1,1,1,0.992448382842794,c1ccc2c(c1)Sc1ccccc1N2CCCN1CCNCC1
CC(=O)OCCN1CCN(CCCN2c3ccccc3Sc3ccc(Cl)cc32)CC1,1,1,0.9750287667196623,c1ccc2c(c1)Sc1ccccc1N2CCCN1CCNCC1
CN1CCN(CCCN2c3ccccc3Sc3ccc(S(=O)(=O)N(C)C)cc32)CC1,1,1,0.9791398398846937,c1ccc2c(c1)Sc1ccccc1N2CCCN1CCNCC1
CCCC(=O)c1ccc2c(c1)N(CCCN1CCN(C)CC1)c1ccccc1S2,1,1,0.9883925782027504,c1ccc2c(c1)Sc1ccccc1N2CCCN1CCNCC1
CN1CCN(CCCN2c3ccccc3Sc3ccc(C(F)(F)F)cc32)CC1,1,1,0.9915553300758967,c1ccc2c(c1)Sc1ccccc1N2CCCN1CCNCC1
OCCN1CCN(CCCN2c3ccccc3Sc3ccc(C(F)(F)F)cc32)CC1,1,1,0.9849162752076396,c1ccc2c(c1)Sc1ccccc1N2CCCN1CCNCC1
CCCCCCC(=O)OCCN1CCN(CCCN2c3ccccc3Sc3ccc(C(F)(F)F)cc32)CC1,1,1,0.9557698393247109,c1ccc2c(c1)Sc1ccccc1N2CCCN1CCNCC1
CCSc1ccc2c(c1)N(CCCN1CCN(C)CC1)c1ccccc1S2,1,1,0.9929578042487044,c1ccc2c(c1)Sc1ccccc1N2CCCN1CCNCC1
CC(=O)c1ccc2c(c1)N(CCCN1CCN(CCO)CC1)c1ccccc1S2,1,1,0.9644348311276418,c1ccc2c(c1)Sc1ccccc1N2CCCN1CCNCC1
CC(CN1CCN(CCOCCO)CC1)CN1c2ccccc2Sc2ccccc21,1,1,0.9666930356749293,c1ccc2c(c1)Sc1ccccc1N2CCCN1CCNCC1
CN(C)CCC(c1ccccc1)c1ccccn1,0,1,0.9600389053311613,c1ccc(Cc2ccccn2)cc1
CN(C)CCOC(C)(c1ccccc1)c1ccccn1,1,1,0.9624190689681345,c1ccc(Cc2ccccn2)cc1
c1ccc(-c2cc(CCC3CCNCC3)c3ccccc3n2)cc1,1,1,0.9271760894088173,c1ccc(-c2cc(CCC3CCNCC3)c3ccccc3n2)cc1
COc1ccccc1N1CCN(CCc2oc(=O)[nH]c2-c2ccc(F)cc2)CC1,1,1,0.8703897641096643,O=c1[nH]c(-c2ccccc2)c(CCN2CCN(c3ccccc3)CC2)o1
CC1CC(OC(=O)C2CCC(=O)N2)CC(C)(C)C1,1,1,0.8103833853739345,O=C1CCC(C(=O)OC2CCCCC2)N1
Cc1ccc(Cl)c(Nc2ccccc2C(=O)O)c1Cl,0,0,0.2520124278181484,c1ccc(Nc2ccccc2)cc1
Cc1cccc(Nc2ccccc2C(=O)O)c1C,0,0,0.3127802502525338,c1ccc(Nc2ccccc2)cc1
CO[C@@]1(NC(=O)C(C(=O)O)c2ccsc2)C(=O)N2[C@@H](C(=O)O)C(C)(C)S[C@@H]21,0,0,0.07760230727024166,O=C(Cc1ccsc1)NC1C(=O)N2CCSC12
CC1(C)S[C@@H]2[C@H](NC(=O)[C@H](C(=O)[O-])c3ccsc3)C(=O)N2[C@H]1C(=O)[O-],1,0,0.32246978411341315,O=C(Cc1ccsc1)NC1C(=O)N2CCSC12
Nc1c2c(nc3ccccc13)CCCC2O,1,1,0.8057231991373828,c1ccc2nc3c(cc2c1)CCCC3
Nc1c2c(nc3ccccc13)CCCC2,1,1,0.8404735389217816,c1ccc2nc3c(cc2c1)CCCC3
CN[C@@H]1[C@@H](O[C@H]2O[C@H](CO)[C@@H](N)[C@H](O)[C@H]2O)O[C@H]2C[C@@H](N)[C@H](O[C@H]3[C@H](O)[C@@H](O)[C@H](N)C[C@@H]3N)O[C@@H]2[C@@H]1O,0,0,0.023916036439929556,C1CCC(OC2CCC3OC(OC4CCCCO4)CCC3O2)CC1
O=C(/C=C/c1ccc2c(c1)OCO2)N1CCCCC1,1,1,0.9398470034517856,O=C(C=Cc1ccc2c(c1)OCO2)N1CCCCC1
Clc1ccc(C(OCCN2CCOCC2)c2ccccc2)cc1,1,1,0.9818188607147301,c1ccc(C(OCCN2CCOCC2)c2ccccc2)cc1
CN1CCN(C2=Nc3cscc3/C(=C/C#N)c3cscc32)CC1,1,1,0.965220796226466,C=C1c2cscc2N=C(N2CCNCC2)c2cscc21
C/C(=C/CCN1CCC2(CC1)C(=O)NCN2c1ccccc1)c1ccc(F)cc1,1,1,0.926891544332168,O=C1NCN(c2ccccc2)C12CCN(CCC=Cc1ccccc1)CC2
CCCCNCC1COc2cccc(OCC)c2O1,1,1,0.8750178125412144,c1ccc2c(c1)OCCO2
CC(C)CCNCC1COc2ccccc2O1,1,1,0.9001326150409946,c1ccc2c(c1)OCCO2
CCCCNCC1COc2ccccc2O1,1,1,0.8892993923135186,c1ccc2c(c1)OCCO2
CC(C)n1c(=O)c2c(-c3noc(C4CC4)n3)ncn2c2ccccc21,1,1,0.8079024106012207,O=c1[nH]c2ccccc2n2cnc(-c3noc(C4CC4)n3)c12
CC(C)[N+](C)(CCOC(=O)C1c2ccccc2Oc2ccccc21)C(C)C,0,1,0.5606475407766877,c1ccc2c(c1)Cc1ccccc1O2
CC[N+](C)(CC)CCOC(=O)C1c2ccccc2Oc2ccccc21,0,1,0.5957767572340121,c1ccc2c(c1)Cc1ccccc1O2
C[C@@H](CN1CC(=O)NC(=O)C1)N1CC(=O)NC(=O)C1,0,1,0.5053523443233096,O=C1CN(CCN2CC(=O)NC(=O)C2)CC(=O)N1
CN(C)CC#CC=C1c2ccccc2C=Cc2ccccc21,1,1,0.9575262869765769,C=C1c2ccccc2C=Cc2ccccc21
CN(C)CCC=C1c2ccccc2C=Cc2ccccc21,1,1,0.9916638726932848,C=C1c2ccccc2C=Cc2ccccc21
C[N+](C)([O-])CC/C=C1/c2ccccc2C=Cc2c(Cl)cccc21,1,1,0.9887414312856213,C=C1c2ccccc2C=Cc2ccccc21
CN1[C@@H]2CC[C@H]1CC(NC(=O)N1CC(C)(C)c3ccccc31)C2,1,1,0.9543394470518325,O=C(NC1CC2CCC(C1)N2)N1CCc2ccccc21
C/C(=C1/CCOC(=O)S1)N(C=O)Cc1cnc(C)nc1N,1,1,0.9645628677647498,O=C1OCCC(=CNCc2cncnc2)S1
CN1CCC(=C2c3ccccc3Oc3ccc(Cl)cc32)CC1,1,1,0.9271368295136279,c1ccc2c(c1)Oc1ccccc1C2=C1CCNCC1
CN1CCN(CCC(=O)N2c3ccccc3Sc3ccc(C(F)(F)F)cc32)CC1,1,1,0.9942416072543113,O=C(CCN1CCNCC1)N1c2ccccc2Sc2ccccc21
O=C(CCN1CCN(CCO)CC1)N1c2ccccc2Sc2ccc(C(F)(F)F)cc21,1,1,0.9735732063238607,O=C(CCN1CCNCC1)N1c2ccccc2Sc2ccccc21
CN1CCC(C)(CN2c3ccccc3Sc3ccccc32)C1,1,1,0.9905558540623074,c1ccc2c(c1)Sc1ccccc1N2CC1CCNC1
Nn1cnc2cc3ccccc3cc2c1=O,1,1,0.9704349201135376,O=c1[nH]cnc2cc3ccccc3cc12
CN(C)N/N=C1/N=CN=C1C(N)=O,1,1,0.9460823472247866,N=C1C=NC=N1
CCCC(=O)O[C@]1(C(C)=O)CCC[C@H]2[C@@H]3CCC4=CC(=O)C=C[C@]4(C)[C@H]3[C@@H](O)C[C@@]21C,1,1,0.9314718661144478,O=C1C=CC2C(=C1)CCC1C3CCCCC3CCC21
CC(=O)OCC/C(SC(C)=O)=C(/C)N(C=O)Cc1cnc(C)nc1N,1,1,0.9395267809737934,c1cncnc1
CCOC(=O)OCC/C(SC(=O)OCC)=C(\C)N(C=O)Cc1cnc(C)nc1N,1,1,0.9506384640443947,c1cncnc1
O=C1CN=C(c2ccccc2)c2cc(Cl)ccc2N1CC1CC1,1,1,0.9899726637876057,O=C1CN=C(c2ccccc2)c2ccccc2N1CC1CC1
O=C1CN=C(c2ccccc2F)c2cc(Cl)ccc2N1CC1CC1,1,1,0.9910913834358828,O=C1CN=C(c2ccccc2)c2ccccc2N1CC1CC1
CC1(C)S[C@@H]2[C@H](NC(=O)C(Oc3ccccc3)c3ccccc3)C(=O)N2[C@H]1C(=O)O,0,0,0.14750671704154847,O=C(NC1C(=O)N2CCSC12)C(Oc1ccccc1)c1ccccc1
O=C1CCC(N2C(=O)C3C4CCC(C4)C3C2=O)C(=O)N1,1,1,0.9813414474750055,O=C1CCC(N2C(=O)C3C4CCC(C4)C3C2=O)C(=O)N1
OC1CCN(c2ccc(-c3ccc(Cl)cc3Cl)nn2)CC1,1,1,0.9776424478169093,c1ccc(-c2ccc(N3CCCCC3)nn2)cc1
OC1CCN(c2ccc(-c3ccccc3Cl)nn2)CC1,1,1,0.9805043204057423,c1ccc(-c2ccc(N3CCCCC3)nn2)cc1
CNc1nc(Cl)c(SC)c(N2CCN(C)CC2)n1,1,1,0.9486653445893221,c1cc(N2CCNCC2)ncn1
CSc1c(Cl)nc(NC(C)C)nc1N1CCN(C)CC1,1,1,0.9552676139676914,c1cc(N2CCNCC2)ncn1
Cn1c(=O)c2[nH]cnc2n(C)c1=O,0,1,0.8836829645004581,O=c1[nH]c(=O)c2[nH]cnc2[nH]1
CCCCn1c(=O)c2c(ncn2CC(C)=O)n(CCCC)c1=O,1,1,0.9362524034196431,O=c1[nH]c(=O)c2[nH]cnc2[nH]1
Cn1c(=O)c2c(ncn2C)n(C)c1=O,1,1,0.9285640171676725,O=c1[nH]c(=O)c2[nH]cnc2[nH]1
Cn1cnc2c1c(=O)[nH]c(=O)n2C,1,1,0.8965719917895462,O=c1[nH]c(=O)c2[nH]cnc2[nH]1
CC(O)Cn1cnc2c1c(=O)n(C)c(=O)n2C,1,1,0.8707121188634638,O=c1[nH]c(=O)c2[nH]cnc2[nH]1
Cn1c(=O)[nH]c2ncn(C)c2c1=O,1,1,0.8909312117050919,O=c1[nH]c(=O)c2[nH]cnc2[nH]1
CN(C)CCn1cnc2c1c(=O)n(C)c(=O)n2C,1,1,0.9314416615492893,O=c1[nH]c(=O)c2[nH]cnc2[nH]1
CCN(CC)CCn1cnc2c1c(=O)n(C)c(=O)n2C,1,1,0.9279863785946112,O=c1[nH]c(=O)c2[nH]cnc2[nH]1
OC(Cn1ccnc1)c1ccc(CCc2ccccc2)cc1,1,1,0.8676114725226252,c1ccc(CCc2ccc(CCn3ccnc3)cc2)cc1
CC#C[C@]1(O)CC[C@H]2[C@@H]3CCC4=CC(=O)CCC4=C3[C@@H](c3ccc(N(C)C)cc3)C[C@@]21C,0,1,0.553318722709084,O=C1C=C2CCC3C(=C2CC1)C(c1ccccc1)CC1CCCC13
CN(C(=O)Cc1ccc(Cl)c(Cl)c1)[C@@H](CN1CCCC1)c1ccccc1,1,1,0.957892318822099,O=C(Cc1ccccc1)NC(CN1CCCC1)c1ccccc1
CN(C(=O)Cc1ccccc1N)[C@@H](CN1CC[C@@H](O)C1)c1ccccc1,0,1,0.7906094802224757,O=C(Cc1ccccc1)NC(CN1CCCC1)c1ccccc1
O=C(CN1CCCC1=O)NNC(=O)CN1CCCC1=O,1,1,0.7441605586753763,O=C(CN1CCCC1=O)NNC(=O)CN1CCCC1=O
O=C(CCCN1CCC(n2c(=S)[nH]c3ccccc32)CC1)c1ccc(F)cc1,1,1,0.9185550495383722,O=C(CCCN1CCC(n2c(=S)[nH]c3ccccc32)CC1)c1ccccc1
CN(C)[C@@H]1C(=O)/C(=C(\N)O)C(=O)[C@@]2(O)C(=O)C3=C(O)c4c(O)ccc([N+](=O)[O-])c4C[C@H]3C[C@@H]12,0,0,0.045475202324585885,C=C1C(=O)CC2CC3Cc4ccccc4C=C3C(=O)C2C1=O
CN(C)[C@@H]1C(=O)/C(=C(\N)O)C(=O)[C@@]2(O)C(=O)C3=C(O)c4c(ccc(N)c4O)C[C@H]3C[C@@H]12,0,0,0.05858696798210395,C=C1C(=O)CC2CC3Cc4ccccc4C=C3C(=O)C2C1=O
C[C@H]1c2cccc(O)c2C(O)=C2C(=O)[C@]3(O)C(=O)/C(=C(/N)O)C(=O)[C@@H](N(C)C)[C@@H]3[C@@H](O)[C@@H]21,0,0,0.046404039634962896,C=C1C(=O)CC2CC3Cc4ccccc4C=C3C(=O)C2C1=O
CN(C)[C@@H]1C(=O)/C(=C(/N)O)C(=O)[C@@]2(O)C(=O)C3=C(O)c4c(O)ccc(Cl)c4[C@@](C)(O)[C@H]3C[C@@H]12,0,0,0.03960999098602872,C=C1C(=O)CC2CC3Cc4ccccc4C=C3C(=O)C2C1=O
CN(C)[C@@H]1C(=O)/C(=C(\N)O)C(=O)[C@@]2(O)C(=O)C3=C(O)c4c(O)cccc4[C@@](C)(O)[C@H]3C[C@@H]12,0,0,0.0499389581245634,C=C1C(=O)CC2CC3Cc4ccccc4C=C3C(=O)C2C1=O
CN(C)[C@@H]1C(=O)/C(=C(\N)O)C(=O)[C@@]2(O)C(=O)C3=C(O)c4c(O)ccc(Cl)c4[C@@H](O)[C@H]3C[C@@H]12,0,0,0.03112111202748868,C=C1C(=O)CC2CC3Cc4ccccc4C=C3C(=O)C2C1=O
CN(C)[C@@H]1C(=O)/C(=C(\N)O)C(=O)[C@@]2(O)C(=O)C3=C(O)c4c(O)ccc(Cl)c4[C@@](C)(O)[C@H]3C[C@@H]12,0,0,0.03960999098602872,C=C1C(=O)CC2CC3Cc4ccccc4C=C3C(=O)C2C1=O
CN(C)[C@@H]1C(=O)/C(=C(/O)NCO)C(=O)[C@@]2(O)C(=O)C3=C(O)c4c(O)ccc(Cl)c4[C@@](C)(O)[C@H]3C[C@@H]12,0,0,0.016507488807160037,C=C1C(=O)CC2CC3Cc4ccccc4C=C3C(=O)C2C1=O
CN(C)[C@@H]1C(=O)/C(=C(\N)O)C(=O)[C@@]2(O)C(=O)C3=C(O)c4c(O)cccc4[C@@H](O)[C@H]3C[C@@H]12,0,0,0.037594791013463164,C=C1C(=O)CC2CC3Cc4ccccc4C=C3C(=O)C2C1=O
CN(C)[C@@H]1C(=O)/C(=C(\N)O)C(=O)[C@@]2(O)C(=O)C3=C(O)c4c(O)cccc4[C@@](C)(O)[C@H]3[C@H](O)[C@@H]12,0,0,0.05433823135269914,C=C1C(=O)CC2CC3Cc4ccccc4C=C3C(=O)C2C1=O
CN(C)CCN1CCN(c2cccc(Cl)c2)C1=O,1,1,0.9813189619806725,O=C1NCCN1c1ccccc1
CCn1c2c(c3ccccc31)CCSC2(C)CCN(C)C,1,1,0.9728493118516309,c1ccc2c3c([nH]c2c1)CSCC3
OC1OC(COCCOC(O)C(Cl)(Cl)Cl)C(OC2OC(COCCOCCOC(O)C(Cl)(Cl)Cl)CC(OC(O)C(Cl)(Cl)Cl)C2O)C(OCCOCCOC(O)C(Cl)(Cl)Cl)C1O,1,1,0.7657272653925631,C1CCC(OC2CCCOC2)OC1
CN(C)[C@@H]1C(=O)/C(=C(/O)NCN2CCCC2)C(=O)[C@@]2(O)C(=O)C3=C(O)c4c(O)cccc4[C@@](C)(O)[C@H]3C[C@@H]12,1,0,0.14152710222067338,O=C1CC2CC3Cc4ccccc4C=C3C(=O)C2C(=O)C1=CNCN1CCCC1
CC1(C)O[C@@H]2C[C@H]3[C@@H]4CCC5=CC(=O)CC[C@]5(C)[C@@]4(F)[C@@H](O)C[C@]3(C)[C@]2(C(=O)CCl)O1,1,1,0.9284450347772266,O=C1C=C2CCC3C(CCC4C3CC3OCOC34)C2CC1
CC(=O)C12OC(C)(C)OC1CC1C3CCC4=CC(=O)CCC4(C)C3CCC12C,1,1,0.9392776526198208,O=C1C=C2CCC3C(CCC4C3CC3OCOC34)C2CC1
CC1(C)O[C@@H]2C[C@H]3[C@@H]4C[C@H](F)C5=CC(=O)CC[C@]5(C)[C@H]4[C@@H](O)C[C@]3(C)[C@]2(C(=O)CO)O1,1,1,0.897847420581075,O=C1C=C2CCC3C(CCC4C3CC3OCOC34)C2CC1
CCC[C@@H]1O[C@@H]2C[C@H]3[C@@H]4C[C@H](F)C5=CC(=O)CC[C@]5(C)[C@@]4(F)[C@@H](O)C[C@]3(C)[C@]2(C(=O)CO)O1,1,1,0.9393364902356199,O=C1C=C2CCC3C(CCC4C3CC3OCOC34)C2CC1
CN1C2CCC1CC(OC(=O)C(O)c1ccccc1)C2,0,1,0.7037103741068419,O=C(Cc1ccccc1)OC1CC2CCC(C1)N2
CN1C2CCC1CC(OC(=O)[C@H](CO)c1ccccc1)C2,1,1,0.7458277620939235,O=C(Cc1ccccc1)OC1CC2CCC(C1)N2
CN1C2CCC1CC(OC(=O)C(C)(CO)c1ccccc1)C2,1,1,0.71986711799821,O=C(Cc1ccccc1)OC1CC2CCC(C1)N2
CN(C/C=C/c1ccccc1)CCOC(c1ccccc1)c1ccccc1,1,1,0.870450319277538,C(=Cc1ccccc1)CNCCOC(c1ccccc1)c1ccccc1
Cc1ncc(CSSCc2cnc(C)c(O)c2CO)c(CO)c1O,1,1,0.6335508677191106,c1cncc(CSSCc2cccnc2)c1
CC1COc2c(N3CCN(C)CC3)c(F)cc3c(=O)c(C(=O)O)cn1c23,1,0,0.41097215332988474,O=c1ccn2c3c(c(N4CCNCC4)ccc13)OCC2
C[C@H]1COc2c(N3CCN(C)CC3)c(F)cc3c(=O)c(C(=O)O)cn1c23,1,0,0.41097215332988474,O=c1ccn2c3c(c(N4CCNCC4)ccc13)OCC2
CN(C)CC(CN1c2ccccc2Sc2ccccc21)N(C)C,1,1,0.9928766141431424,c1ccc2c(c1)Nc1ccccc1S2
CN(C)CCCN1c2ccccc2Sc2ccc(Cl)cc21,1,1,0.9928120725078505,c1ccc2c(c1)Nc1ccccc1S2
CC(CN1c2ccccc2Sc2ccccc21)N(C)C,1,1,0.9951757746458687,c1ccc2c(c1)Nc1ccccc1S2
CN(C)CCCN1c2ccccc2Sc2ccccc21,1,1,0.9947228971444785,c1ccc2c(c1)Nc1ccccc1S2
COc1ccc2c(c1)N(CCCN(C)C)c1ccccc1S2,1,1,0.985134111652137,c1ccc2c(c1)Nc1ccccc1S2
COc1ccc2c(c1)N(C[C@H](C)CN(C)C)c1ccccc1S2,1,1,0.98530843261904,c1ccc2c(c1)Nc1ccccc1S2
CNCCCN1c2ccccc2Sc2ccc(Cl)cc21,1,1,0.9877193341060473,c1ccc2c(c1)Nc1ccccc1S2
CNCCCN1c2ccccc2Sc2ccccc21,1,1,0.9877866631857886,c1ccc2c(c1)Nc1ccccc1S2
NCCCN1c2ccccc2Sc2ccc(Cl)cc21,1,1,0.9901216655538092,c1ccc2c(c1)Nc1ccccc1S2
CCC(=O)c1ccc2c(c1)N(CC(C)N(C)C)c1ccccc1S2,1,1,0.9888729545980866,c1ccc2c(c1)Nc1ccccc1S2
CC(=O)c1ccc2c(c1)N(CCCN(C)C)c1ccccc1S2,1,1,0.9906340958495164,c1ccc2c(c1)Nc1ccccc1S2
CCN(CC)C(C)CN1c2ccccc2Sc2ccccc21,1,1,0.9927770923675899,c1ccc2c(c1)Nc1ccccc1S2
CCN(CC)CCC(=O)N1c2ccccc2Sc2ccc(C(F)(F)F)cc21,1,1,0.9927858915186146,c1ccc2c(c1)Nc1ccccc1S2
CC(CN(C)C)CN1c2ccccc2Sc2ccc(C#N)cc21,1,1,0.9880036700429865,c1ccc2c(c1)Nc1ccccc1S2
CC(CN(C)C)CN1c2ccccc2Sc2ccc(C(F)(F)F)cc21,1,1,0.9914057131429578,c1ccc2c(c1)Nc1ccccc1S2
CSc1ccc2c(c1)N(CC(C)CN(C)C)c1ccccc1S2,1,1,0.9922772867690259,c1ccc2c(c1)Nc1ccccc1S2
CN(C)CC(=O)N1c2ccccc2Sc2ccccc21,1,1,0.9963527605444553,c1ccc2c(c1)Nc1ccccc1S2
CCc1ccc2c(c1)N(CC(C)CN(C)C)c1ccccc1S2,1,1,0.99250743495316,c1ccc2c(c1)Nc1ccccc1S2
CN(C)CCCN1c2ccccc2Sc2ccc(C(F)(F)F)cc21,1,1,0.9917397127383502,c1ccc2c(c1)Nc1ccccc1S2
CCN(CC)CCN1c2ccccc2Sc2ccccc21,1,1,0.9945630209580201,c1ccc2c(c1)Nc1ccccc1S2
CC(=O)c1ccc2c(c1)N(CC(C)N(C)C)c1ccccc1S2,1,1,0.9911397934904553,c1ccc2c(c1)Nc1ccccc1S2
CC(CN(C)C)CN1c2ccccc2Sc2ccccc21,1,1,0.9949121736352644,c1ccc2c(c1)Nc1ccccc1S2
CC(C)N=c1cc2n(-c3ccc(Cl)cc3)c3ccccc3nc-2cc1Nc1ccc(Cl)cc1,0,0,0.1452821364344144,N=c1cc2n(-c3ccccc3)c3ccccc3nc-2cc1Nc1ccccc1
Fc1cccc(Br)c1NC1=NCCN1,1,1,0.969998985954938,c1ccc(NC2=NCCN2)cc1
Clc1cccc(Cl)c1NC1=NCCN1,1,1,0.9301600951090577,c1ccc(NC2=NCCN2)cc1
CN1CCC2=C(C1)c1ccccc1Cc1ccccc12,1,1,0.9917427921866276,c1ccc2c(c1)Cc1ccccc1C1=C2CCNC1
CO/N=C(\C(=O)N[C@@H]1C(=O)N2C(C(=O)O)=C(CSC(=O)c3ccco3)CS[C@H]12)c1csc(N)n1,0,0,0.07940572627842699,N=C(C(=O)NC1C(=O)N2C=C(CSC(=O)c3ccco3)CSC12)c1cscn1
CC(C)CCOC(CN1CCCC1)c1ccccc1,1,1,0.9412334438590921,c1ccc(CCN2CCCC2)cc1
CCCC(Cc1ccccc1)N1CCCC1,1,1,0.9823697391788537,c1ccc(CCN2CCCC2)cc1
CCCCCC1CNC(C(=O)NC(C(C)Cl)C2OC(SC)C(O)C(O)C2O)C1,0,0,0.0867487847396636,O=C(NCC1CCCCO1)C1CCCN1
CCCC1CC(C(=O)NC(C(C)O)C2OC(SC)C(O)C(O)C2O)N(C)C1,0,0,0.07422758375899996,O=C(NCC1CCCCO1)C1CCCN1
CCC[C@@H]1C[C@@H](C(=O)NC(C(C)Cl)[C@H]2O[C@H](SC)[C@H](O)[C@@H](O)[C@H]2O)N(C)C1,0,0,0.11041872485035768,O=C(NCC1CCCCO1)C1CCCN1
CCC[C@@H]1C[C@@H](C(=O)NC(C(C)Cl)[C@H]2O[C@H](SC)[C@H](OP(=O)(O)O)[C@@H](O)[C@H]2O)N(C)C1,0,0,0.07748674847890759,O=C(NCC1CCCCO1)C1CCCN1
CN1CCN(/C=C2\N=C3CN=C(c4ccccc4Cl)c4cc([N+](=O)[O-])ccc4N3C2=O)CC1,1,1,0.9509538125009619,O=C1C(=CN2CCNCC2)N=C2CN=C(c3ccccc3)c3ccccc3N12
CC1(C)S[C@@H]2[C@H](NC(=O)[C@H](N)c3ccc(O)cc3)C(=O)N2[C@H]1C(=O)O,0,0,0.028179758013644817,O=C(Cc1ccccc1)NC1C(=O)N2CCSC12
CC1(C)S[C@@H]2[C@H](NC(=O)[C@H](N)c3ccccc3)C(=O)N2[C@H]1C(=O)O,0,0,0.04698345197184028,O=C(Cc1ccccc1)NC1C(=O)N2CCSC12
CC(=O)OCOC(=O)C1N2C(=O)C(NC(=O)Cc3ccccc3)C2SC1(C)C,0,0,0.2147209557369117,O=C(Cc1ccccc1)NC1C(=O)N2CCSC12
CC1(C)SC2C(NC(=O)Cc3ccccc3)C(=O)N2C1C(=O)O,0,0,0.120388536789097,O=C(Cc1ccccc1)NC1C(=O)N2CCSC12
CC1(C)S[C@@H]2[C@H](NC(=O)C(c3ccccc3)S(=O)(=O)O)C(=O)N2[C@H]1C(=O)O,0,0,0.04049847900049148,O=C(Cc1ccccc1)NC1C(=O)N2CCSC12
CC1(C)S[C@@H]2[C@H](NC(=O)[C@H](NS(=O)(=O)[O-])c3ccccc3)C(=O)N2[C@H]1C(=O)[O-],0,0,0.055755160513922486,O=C(Cc1ccccc1)NC1C(=O)N2CCSC12
C=NC(C(=O)NC1C(=O)N2C1SC(C)(C)C2C(=O)O)c1ccccc1,0,0,0.15759568714430708,O=C(Cc1ccccc1)NC1C(=O)N2CCSC12
CNC(=O)C[C@@H](N)C(=O)N[C@@H](C(=O)N[C@@H]1C(=O)N2[C@@H]1SC(C)(C)[C@@H]2C(=O)O)c1ccc(O)cc1,0,0,0.011539340261707783,O=C(Cc1ccccc1)NC1C(=O)N2CCSC12
CC(C)(C)C(=O)OCOC(=O)[C@@H]1N2C(=O)[C@@H](NC(=O)[C@H](N)c3ccccc3)[C@H]2SC1(C)C,0,0,0.17091879297809753,O=C(Cc1ccccc1)NC1C(=O)N2CCSC12
COC(C(=O)N[C@@H]1C(=O)N2[C@@H]1SC(C)(C)[C@@H]2C(=O)O)c1ccc(Cl)c(Cl)c1,0,0,0.07777715255340958,O=C(Cc1ccccc1)NC1C(=O)N2CCSC12
CC1(C)S[C@@H]2[C@H](NC(=O)Cc3ccccc3)C(=O)N2[C@H]1C(=O)O,0,0,0.120388536789097,O=C(Cc1ccccc1)NC1C(=O)N2CCSC12
CC1(C)S[C@@H]2[C@H](NC(=O)C(C(=O)O)c3ccccc3)C(=O)N2[C@H]1C(=O)O,0,0,0.044352634327826594,O=C(Cc1ccccc1)NC1C(=O)N2CCSC12
CCC1(c2ccccc2)C(=O)NC(=O)N(C(=O)c2ccccc2)C1=O,1,1,0.9748906054728692,O=C1NC(=O)N(C(=O)c2ccccc2)C(=O)C1c1ccccc1
CC[C@H]1OC(=O)[C@H](C)[C@@H](O[C@H]2C[C@@](C)(OC)[C@@H](O)[C@H](C)O2)[C@H](C)[C@@H](O[C@@H]2O[C@H](C)C[C@H](N(C)C)[C@H]2O)[C@](C)(O)C[C@@H](C)[C@@H]2N[C@@H](COCCOC)O[C@H]([C@H]2C)[C@]1(C)O,0,0,0.031885173098138965,O=C1CC(OC2CCCCO2)CC(OC2CCCCO2)CCCC2CC(CCO1)OCN2
O=C1C(=O)c2ccccc2C(O)=C1C1CCC(c2ccc(Cl)cc2)CC1,0,1,0.7697595530691596,O=C1C(=O)c2ccccc2C=C1C1CCC(c2ccccc2)CC1
COc1ccccc1N1CCN(CCCC(O)c2ccc(F)cc2)CC1,1,1,0.9087612891632618,c1ccc(CCCCN2CCN(c3ccccc3)CC2)cc1
CN(C)c1cc(-c2n[nH]c(N)n2)ccn1,0,1,0.6766395761517657,c1cc(-c2nc[nH]n2)ccn1
CN[C@@H]1[C@H](O[C@H]2[C@H](O[C@H]3[C@H](O)[C@@H](O)[C@H](N=C(N)N)[C@@H](O)[C@@H]3N=C(N)N)O[C@@H](C)[C@]2(O)C=O)O[C@@H](CO)[C@H](O)[C@H]1O,0,0,0.006429075079890347,C1CCC(OC2OCCC2OC2CCCCO2)CC1
CN[C@@H]1[C@H](O[C@H]2[C@H](O[C@@H]3[C@@H](O)[C@H](O)[C@@H](N=C(N)N)[C@H](O)[C@H]3N=C(N)N)O[C@@H](C)[C@]2(O)CO)O[C@@H](CO)[C@H](O)[C@H]1O,0,0,0.06379974808396181,C1CCC(OC2OCCC2OC2CCCCO2)CC1
CNC(=O)O[C@H]1OC(=O)[C@@]2(C)[C@@H]1[C@H]1C=C[C@@H]2C1,1,1,0.9191175784612295,O=C1OCC2C3C=CC(C3)C12
C[C@]12Cc3cn[nH]c3C[C@@H]1CC[C@@H]1[C@@H]2CC[C@@]2(C)[C@H]1CC[C@]2(C)O,0,1,0.834200407994384,c1n[nH]c2c1CC1C(CCC3C4CCCC4CCC13)C2
Cc1c[nH+][o+]c(C([NH])CC(C)C(C)(C)N(C(C)(C)C)C(C)(N)N)c1[O-],1,1,0.7569966585180055,c1cc[o+][nH+]c1
O=C1Nc2ccc(Cl)cc2[C@@](C#CC2CC2)(C(F)(F)F)O1,0,1,0.7825623976563469,O=C1Nc2ccccc2C(C#CC2CC2)O1
COc1ccc([C@H](O)CN2CCN(c3cccccc3=O)CC2)cc1OC,1,1,0.791219413667504,O=c1cccccc1N1CCN(CCc2ccccc2)CC1
CC(=O)Nc1ccc(OC(=O)[C@@H]2CCC(=O)N2)cc1,1,1,0.7067761529108115,O=C1CCC(C(=O)Oc2ccccc2)N1
C[N+]1([O-])C2CCC1CC(OC(=O)C(CO)c1ccccc1)C2,1,1,0.9363610606632121,O=C(Cc1ccccc1)OC1CC2CCC(C1)[NH2+]2
CC(C)[N+]1(C)C2CCC1CC(OC(=O)C(CO)c1ccccc1)C2,0,1,0.8087728143990358,O=C(Cc1ccccc1)OC1CC2CCC(C1)[NH2+]2
O=C1N(c2ccccc2)c2ccccc2C1(Cc1ccncc1)Cc1ccncc1,1,1,0.9581901709953942,O=C1N(c2ccccc2)c2ccccc2C1(Cc1ccncc1)Cc1ccncc1
COc1ccc(C#N)cc1C(=O)NCCN1CCC(C(=O)c2ccc(F)cc2)CC1,1,1,0.8927908282145602,O=C(NCCN1CCC(C(=O)c2ccccc2)CC1)c1ccccc1
CC(CN1CCOCC1)C(C(=O)N1CCCC1)(c1ccccc1)c1ccccc1,1,1,0.9516482490739009,O=C(N1CCCC1)C(CCN1CCOCC1)(c1ccccc1)c1ccccc1
CCN(CCO)CCn1c(Cc2ccccc2)nc2c1c(=O)n(C)c(=O)n2C,1,1,0.7276936717936163,O=c1[nH]c(=O)c2[nH]c(Cc3ccccc3)nc2[nH]1
CN(C)CCON=C1c2ccccc2CCc2ccccc21,1,1,0.969155523811339,N=C1c2ccccc2CCc2ccccc21
Cc1ccc(S(=O)(=O)NC(=O)NN2CCCCCC2)cc1,0,0,0.3465845263600885,O=C(NN1CCCCCC1)NS(=O)(=O)c1ccccc1
Oc1ccc2c(c1)[C@@]13CCCC[C@@]1(O)[C@@H](C2)N(CC1CC1)CC3,1,1,0.9338005247667767,c1ccc2c(c1)CC1C3CCCCC23CCN1CC1CC1
Cc1nc2ccccc2c(=O)n1-c1ccccc1Cl,1,1,0.9938259763495226,O=c1c2ccccc2ncn1-c1ccccc1
CCc1ccccc1-n1c(C)nc2ccccc2c1=O,1,1,0.994240638827055,O=c1c2ccccc2ncn1-c1ccccc1
Cc1ccccc1-n1c(C)nc2ccccc2c1=O,1,1,0.9940308274203093,O=c1c2ccccc2ncn1-c1ccccc1
O=C(c1ccc(F)cc1)C1CCN(CCCn2c(=O)[nH]c3ccccc32)CC1,1,1,0.9713217227872094,O=C(c1ccccc1)C1CCN(CCCn2c(=O)[nH]c3ccccc32)CC1
O=C(c1ccc(F)cc1)C1CCN(CCCn2c(=O)[nH]c3cc(Cl)ccc32)CC1,1,1,0.9745029487755422,O=C(c1ccccc1)C1CCN(CCCn2c(=O)[nH]c3ccccc32)CC1
Nc1ccc(-c2nc3ccc(O)cc3s2)cc1I,1,1,0.7275526525554787,c1ccc(-c2nc3ccccc3s2)cc1
OC(CCN1CCCC1)(c1ccccc1)C1CCCCC1,1,1,0.9309573087862926,c1ccc(C(CCN2CCCC2)C2CCCCC2)cc1
CN(C)CCCn1c2c(c3ccccc31)CCCCCC2,1,1,0.9853807911720239,c1ccc2c3c([nH]c2c1)CCCCCC3
C=C(C)[C@@H]1CCC(C)=CC1c1c(O)cc(CCCCC)cc1O,1,1,0.6725630453221603,C1=CC(c2ccccc2)CCC1
OCc1ccccc1O[C@@H]1O[C@H](CO)[C@@H](O)[C@H](O)[C@H]1O,1,0,0.45250330039466197,c1ccc(OC2CCCCO2)cc1
CN(C)CC/C=C1/c2ccccc2COc2ccccc21,1,1,0.9447723694442454,C=C1c2ccccc2COc2ccccc21
CN(C)CCC=C1c2ccccc2COc2ccccc21,1,1,0.9447723694442454,C=C1c2ccccc2COc2ccccc21
COc1ccccc1OCC1CNC(=O)O1,1,1,0.973093985778533,O=C1NCC(COc2ccccc2)O1
Cc1cc(C)cc(OCC2CNC(=O)O2)c1,1,1,0.9776303374426352,O=C1NCC(COc2ccccc2)O1
C1=Cc2cccc(OCC3CNCCO3)c2C1,1,1,0.9857713203742158,C1=Cc2cccc(OCC3CNCCO3)c2C1
O=C(Cc1ccc(Cl)c(Cl)c1)N1CCc2ccccc2[C@H]1CN1CCCC1,1,1,0.9510631209613378,O=C(Cc1ccccc1)N1CCc2ccccc2C1CN1CCCC1
CN(C)CCCn1c(=O)n(-c2ccccc2)c2cc(Cl)ccc21,1,1,0.9639363693038951,O=c1[nH]c2ccccc2n1-c1ccccc1
O=C1C=CC=C/C1=C1/NN=CO1,1,1,0.9788785457133999,O=C1C=CC=CC1=C1NN=CO1
CN1CC2c3ccccc3Oc3ccc(Cl)cc3C2C1,1,1,0.9063709051454076,c1ccc2c(c1)Oc1ccccc1C1CNCC21
Clc1ccc2c(c1)C1CNCC1c1ccccc1O2,1,1,0.9074625857618163,c1ccc2c(c1)Oc1ccccc1C1CNCC21
CN1C[C@@H]2c3cc(Cl)ccc3Oc3ccccc3[C@@H]2C1,1,1,0.9063709051454076,c1ccc2c(c1)Oc1ccccc1C1CNCC21
Clc1ccc2c(c1)[C@H]1CNC[C@H]1c1ccccc1O2,1,1,0.9074625857618163,c1ccc2c(c1)Oc1ccccc1C1CNCC21
CC/C=C(\C(=O)N[C@@H]1C(=O)N2C(C(=O)O)=C(COC(N)=O)CS[C@H]12)c1csc(N)n1,0,0,0.06866117318753968,C=C(C(=O)NC1C(=O)N2C=CCSC12)c1cscn1
Nc1nc(/C(=C/CC(=O)O)C(=O)N[C@@H]2C(=O)N3C(C(=O)O)=CCS[C@H]23)cs1,0,0,0.041382023911983604,C=C(C(=O)NC1C(=O)N2C=CCSC12)c1cscn1
CC(=O)C1=C(O)[C@@]2(O)C(=O)c3c(c(C)c4ccc(C)c(O)c4c3O)C[C@H]2[C@@H](N)C1=O,0,0,0.05201112826841024,O=C1C=CC2C(=O)c3cc4ccccc4cc3CC2C1
CCN1CCN(C(=O)N[C@@H](C(=O)N[C@@H]2C(=O)N3C(C(=O)O)=C(CSc4nnnn4C)CS[C@H]23)c2ccc(O)cc2)C(=O)C1=O,1,0,0.09820256279653031,O=C1NCCN(C(=O)NC(C(=O)NC2C(=O)N3C=C(CSc4nnn[nH]4)CSC23)c2ccccc2)C1=O
COc1cc2oc(=O)c(C)c(C)c2cc1OCCCN1CCN(c2ccccc2OC)CC1,1,1,0.7849659685540673,O=c1ccc2cc(OCCCN3CCN(c4ccccc4)CC3)ccc2o1
COc1cccc2c1C(=O)c1c(O)c3c(c(O)c1C2=O)C[C@@](O)(/C(C)=N/NC(=O)c1ccccc1)C[C@@H]3O[C@H]1C[C@H](N)[C@H](O)[C@H](C)O1,0,0,0.017360500488565706,O=C(NN=CC1Cc2cc3c(cc2C(OC2CCCCO2)C1)C(=O)c1ccccc1C3=O)c1ccccc1
COc1cc(Cc2cnc(N)nc2N)cc(OC)c1OC,1,1,0.8336508485549856,c1ccc(Cc2cncnc2)cc1
COc1cccc2c1C(=O)c1c(O)c3c(c(O)c1C2=O)CC(O)(C(=O)CO)CC3O,0,0,0.0955011630421026,O=C1c2ccccc2C(=O)c2cc3c(cc21)CCCC3
O=C(OC1CN2CCC1CC2)c1ccccc1,1,1,0.7210986073408888,O=C(OC1CN2CCC1CC2)c1ccccc1
CC(=O)O[C@H]1C(=O)[C@@]2(C)C([C@H](OC(=O)c3ccccc3)[C@]3(O)C[C@H](OC(=O)[C@H](O)[C@@H](NC(=O)c4ccccc4)c4ccccc4)C(C)=C1C3(C)C)[C@]1(OC(C)=O)CO[C@@H]1C[C@@H]2O,0,0,0.0746709552085003,O=C(CC(NC(=O)c1ccccc1)c1ccccc1)OC1C=C2CC(=O)C3CCC4OCC4C3C(OC(=O)c3ccccc3)C(C2)C1
O=C(CCCN1CC2CCC(CC2)C1)c1ccc(F)cc1,1,1,0.9722032958311172,O=C(CCCN1CC2CCC(CC2)C1)c1ccccc1
O=[N+]([O-])C1=CC=NC1NCCSCc1ccccn1,1,1,0.9398819467386271,C1=CC(NCCSCc2ccccn2)N=C1
O=[N+]([O-])C1=CC=NC1NCCSCc1ncccc1Br,1,1,0.967169177679603,C1=CC(NCCSCc2ccccn2)N=C1
O=C(NC(=O)c1ccccc1)NC1CCN(Cc2ccc3ccccc3c2)CC1,1,1,0.9269455910425064,O=C(NC(=O)c1ccccc1)NC1CCN(Cc2ccc3ccccc3c2)CC1
CC(CNC(=O)c1ccccc1)C(=O)OCC(=O)[C@@]12OC(C)(C)O[C@@H]1C[C@H]1[C@@H]3CCC4=CC(=O)C=C[C@]4(C)[C@@]3(F)[C@@H](O)C[C@@]12C,1,1,0.9055106327124439,O=C1C=CC2C(=C1)CCC1C2CCC2C1CC1OCOC12C(=O)COC(=O)CCNC(=O)c1ccccc1
Fc1ccccc1C1=NCCN(CC(F)(F)F)c2ccc(Cl)cc21,1,1,0.9745825622586788,c1ccc(C2=NCCNc3ccccc32)cc1
CN1CCN=C(c2ccccc2)c2cc(Cl)ccc21,1,1,0.9684069484052255,c1ccc(C2=NCCNc3ccccc32)cc1
CN1c2ccccc2C(c2ccccc2Cl)=NCC1(Cl)CO,1,1,0.889089122418806,c1ccc(C2=NCCNc3ccccc32)cc1
COCC1CN=C(c2ccccc2Cl)c2cc(Br)ccc2N1C,1,1,0.9774690676433988,c1ccc(C2=NCCNc3ccccc32)cc1
COc1cccc2c1C(=O)c1c(O)c3c(c(O)c1C2=O)C[C@@](O)(C(=O)CO)C[C@@H]3O[C@H]1C[C@H](N)[C@H](O[C@H]2CCCCO2)[C@H](C)O1,0,0,0.025069310947243868,O=C1c2ccccc2C(=O)c2cc3c(cc21)CCCC3OC1CCC(OC2CCCCO2)CO1
CC(C)CCC(=O)CC1c2ccccc2C(=O)N1c1ccc2ccc(Cl)nc2n1,1,1,0.9187194838129213,O=C1c2ccccc2CN1c1ccc2cccnc2n1
c1ccc2c(c1)cc1n2CCCNC1,1,1,0.9167203857823943,c1ccc2c(c1)cc1n2CCCNC1
CO/N=C(\C(=O)N[C@@H]1C(=O)N2C(C(=O)O)=C(COC(C)=O)CS(=O)[C@H]12)c1csc(N)n1,0,0,0.03770384971959608,N=C(C(=O)NC1C(=O)N2C=CCS(=O)C12)c1cscn1
O=C1CCC(C(=O)NC2CC2c2ccccc2)N1,1,1,0.9278739876796855,O=C1CCC(C(=O)NC2CC2c2ccccc2)N1
Cc1cn([C@H]2C=C[C@@H](CO)O2)c(=O)[nH]c1=O,1,1,0.7648883399856075,O=c1ccn(C2C=CCO2)c(=O)[nH]1
CO/N=C(\C(=O)N[C@@H]1C(=O)N2C(C(=O)O)=C(CSc3nc(=O)c(=O)[nH]n3C)CS[C@H]12)c1csc(N)n1,1,0,0.4149668576723151,N=C(C(=O)NC1C(=O)N2C=C(CSc3nc(=O)c(=O)[nH][nH]3)CSC12)c1cscn1
NC(=O)NCCN1CCN(c2cccc(C(F)(F)F)c2)CC1,1,1,0.9343268342046179,c1ccc(N2CCNCC2)cc1
CC(=O)NCCCN1CCN(c2cc(Cl)ccc2Cl)CC1,1,1,0.9171347746540301,c1ccc(N2CCNCC2)cc1
O=C1[C@@H]2[C@@H]3C=C[C@@H]([C@H]4C=C[C@H]43)[C@@H]2C(=O)N1CCCCN1CCN(c2ncccn2)CC1,1,1,0.9940132390541205,O=C1C2C3C=CC(C4C=CC43)C2C(=O)N1CCCCN1CCN(c2ncccn2)CC1
CC(C)Oc1ccccc1N1CCN(Cc2cccc(C(=O)N3CCCCC3)c2)CC1,1,1,0.9272026654450459,O=C(c1cccc(CN2CCN(c3ccccc3)CC2)c1)N1CCCCC1
CN(C)CC(Oc1ccccc1)Oc1ccccc1,1,1,0.9720891946794105,c1ccc(OCOc2ccccc2)cc1
CCNC1C2CCC(C2)C1c1ccccc1,1,1,0.9845856600344172,c1ccc(C2CC3CCC2C3)cc1
CN(CCN(C)CN/C(O)=C1\C(=O)[C@@H](N(C)C)[C@@H]2C[C@H]3C(=C(O)c4c(O)cccc4[C@@]3(C)O)C(=O)[C@]2(O)C1=O)CN/C(O)=C1\C(=O)[C@@H](N(C)C)[C@@H]2C[C@H]3C(=C(O)c4c(O)cccc4[C@@]3(C)O)C(=O)[C@]2(O)C1=O,0,0,0.033209764268030566,O=C1CC2CC3Cc4ccccc4C=C3C(=O)C2C(=O)C1=CNCNCCNCNC=C1C(=O)CC2CC3Cc4ccccc4C=C3C(=O)C2C1=O
CC(Cc1ccccc1)N(C)Cc1ccco1,1,1,0.9270211727228327,c1ccc(CCNCc2ccco2)cc1
CN(C)CCOC1(Cc2ccccc2)CC2CCC1(C)C2(C)C,1,1,0.9666671882292347,c1ccc(CC2CC3CCC2C3)cc1
CN1C(=O)OC(C)(C)C1=O,1,1,0.9619712491634014,O=C1COC(=O)N1
CC1(C)OC(=O)NC1=O,1,1,0.9553552023150944,O=C1COC(=O)N1
CCC1(C)OC(=O)N(C)C1=O,1,1,0.9714899664910316,O=C1COC(=O)N1
C=CCN1C(=O)OC(C)C1=O,1,1,0.9686592364364636,O=C1COC(=O)N1
CN(C(=O)Cc1ccc(Cl)c(Cl)c1)[C@H]1CC[C@@]2(CCCO2)C[C@@H]1N1CCCC1,1,1,0.9656068804095513,O=C(Cc1ccccc1)NC1CCC2(CCCO2)CC1N1CCCC1
CCOC(=O)C1=C(C)NC(C)=C(C(=O)OC)C1c1cccc([N+](=O)[O-])c1,0,0,0.3213928955555678,C1=CC(c2ccccc2)C=CN1
CCOC(=O)C1=C(C)NC(C)=C(C(=O)OC)C1c1cccc(Cl)c1Cl,0,1,0.5079001863784468,C1=CC(c2ccccc2)C=CN1
COC(=O)C1=C(C)NC(C)=C(C(=O)OC)C1c1ccccc1[N+](=O)[O-],0,0,0.28440274774223107,C1=CC(c2ccccc2)C=CN1
CC[C@H](NC(=O)c1c(OCCNC(=O)[C@@H]2CCCN2)c(-c2ccccc2)nc2ccccc12)c1ccccc1,0,0,0.3244805381027077,O=C(NCc1ccccc1)c1c(OCCNC(=O)C2CCCN2)c(-c2ccccc2)nc2ccccc12
Cc1ccccc1-n1c(/C=C/c2ccccn2)nc2ccccc2c1=O,1,1,0.9733998957016398,O=c1c2ccccc2nc(C=Cc2ccccn2)n1-c1ccccc1
C[C@@H](O)[C@H]1C(=O)N2C(C(=O)O)=C([C@H]3CCCO3)S[C@H]12,0,0,0.1547790291361434,O=C1CC2SC(C3CCCO3)=CN12
OCCN1CCN(CCCN2c3cc(C(F)(F)F)ccc3Sc3sccc32)CC1,1,1,0.9747691619079328,c1ccc2c(c1)Sc1sccc1N2CCCN1CCNCC1
CC12CC(=O)[C@H]3C(CC[C@H]4C[C@H](O)CCC43C)[C@@H]1CCC2C(=O)CO,1,1,0.82465452334136,O=C1CC2CCCC2C2CCC3CCCCC3C12
CC(=O)[C@H]1CC[C@H]2[C@@H]3CC[C@H]4C[C@H](O)CC[C@]4(C)[C@H]3C(=O)C[C@]12C,1,1,0.8901189787025673,O=C1CC2CCCC2C2CCC3CCCCC3C12
CC(CC1c2ccccc2CCc2ccccc21)CN(C)C,1,1,0.9919443013282346,c1ccc2c(c1)CCc1ccccc1C2
CN(C)C(=O)COC1c2ccccc2CCc2ccccc21,1,1,0.9730427519099167,c1ccc2c(c1)CCc1ccccc1C2
NC(=O)C1c2ccccc2CCc2ccccc21,1,1,0.9648495037811281,c1ccc2c(c1)CCc1ccccc1C2
O=C(O)CCCCCC[NH2+]C1c2ccccc2CCc2ccccc21,1,0,0.4408134795048725,c1ccc2c(c1)CCc1ccccc1C2
CC1COC2(c3ccccc3Cl)c3cc(Cl)ccc3NC(=O)CN12,1,1,0.9431910729426958,O=C1CN2CCOC2(c2ccccc2)c2ccccc2N1
O=C1CN2CCOC2(c2ccccc2Cl)c2cc(Cl)ccc2N1,1,1,0.9513919406118715,O=C1CN2CCOC2(c2ccccc2)c2ccccc2N1
O=C1CN2CCOC2(c2ccccc2F)c2cc(Br)ccc2N1,1,1,0.9784947815083671,O=C1CN2CCOC2(c2ccccc2)c2ccccc2N1
O=C1CN2CCOC2(c2ccccc2F)c2cc(Cl)ccc2N1CCO,1,1,0.9415718003053819,O=C1CN2CCOC2(c2ccccc2)c2ccccc2N1
C[C@@H]1CN2CC(=O)Nc3ccc(Cl)cc3[C@]2(c2ccccc2)O1,1,1,0.9565591964825825,O=C1CN2CCOC2(c2ccccc2)c2ccccc2N1
CC1CN(C)CC2Cc3c(ccc4ccccc34)OC12O,1,1,0.9283539716024655,c1ccc2c3c(ccc2c1)OC1CCNCC1C3
NC(=O)CN1C(=O)C(c2ccccc2)c2ccccc21,1,1,0.9755318886806664,O=C1Nc2ccccc2C1c1ccccc1
CC(=O)N1CCN(c2ccc(OC[C@H]3CO[C@](Cn4ccnc4)(c4ccc(Cl)cc4Cl)O3)cc2)CC1,0,1,0.6899746837228773,c1ccc(C2(Cn3ccnc3)OCC(COc3ccc(N4CCNCC4)cc3)O2)cc1
O=C1C[C@H]2SC(C3(O)CN4C(=O)C[C@H]4S3)CN12,1,1,0.8109037326543826,O=C1CC2SC(C3CN4C(=O)CC4S3)CN12
CCCCCN[C@@]12C=CC(=O)[C@@H]3Oc4c(O)ccc5c4[C@@]31CCN(C)[C@@H]2C5,1,1,0.8036708372880664,O=C1C=CC2C3Cc4cccc5c4C2(CCN3)C1O5
c1ccc(C2CN=C3NCCN32)cc1,1,1,0.9591232200098588,c1ccc(C2CN=C3NCCN32)cc1
O=c1n(CCCN2CCN(c3cccc(Cl)c3)CC2)nc2ccccn12,1,1,0.8983364169126818,O=c1n(CCCN2CCN(c3ccccc3)CC2)nc2ccccn12
CCC1(C2=CCCCC2)C(=O)NC(=O)NC1=O,1,1,0.975219317545756,O=C1NC(=O)C(C2=CCCCC2)C(=O)N1
CN1C(=O)NC(=O)C(C)(C2=CCCCC2)C1=O,1,1,0.9789490442787401,O=C1NC(=O)C(C2=CCCCC2)C(=O)N1
CN(C)[C@@H](CCOc1cccc2ccccc12)c1ccccc1,1,1,0.870113558568879,c1ccc(CCCOc2cccc3ccccc23)cc1
CO[C@H]1/C=C/O[C@@]2(C)Oc3c(C)c(O)c4c(c3C2=O)C2=NC3(CCN(CC(C)C)CC3)NC2=C(NC(=O)/C(C)=C\C=C\[C@H](C)[C@H](O)[C@@H](C)[C@@H](O)[C@@H](C)[C@H](OC(C)=O)[C@@H]1C)C4=O,0,0,0.15576981991056832,O=C1C=CC=CCCCCCCCCC=COC2Oc3ccc4c(c3C2=O)C2=NC3(CCNCC3)NC2=C(N1)C4=O
OC1(c2ccc(Cl)cc2)c2ccccc2C2=NCCN21,1,1,0.9610692752677519,c1ccc(C2c3ccccc3C3=NCCN32)cc1
CCC12CCN(CC3CCC3)C(Cc3ccc(O)cc31)C2(C)C,1,1,0.9412587309099153,c1ccc2c(c1)CC1CC2CCN1CC1CCC1
CN1CCN(C2=Cc3cc(Cl)ccc3/C(=C\C#N)c3ccccc32)CC1,1,1,0.9297458503210544,C=C1c2ccccc2C=C(N2CCNCC2)c2ccccc21
CC(CCN1CCN(c2ccc(F)cc2)CC1)NC(=O)c1cccnc1,1,1,0.9208009299931532,O=C(NCCCN1CCN(c2ccccc2)CC1)c1cccnc1
OCCN1CCN([C@@H]2C[C@@H](c3ccc(F)cc3)c3ccc(C(F)(F)F)cc32)CC1,1,1,0.9931086630454652,c1ccc(C2CC(N3CCNCC3)c3ccccc32)cc1
O=C1CCC(N2C(=O)c3ccccc3C2=O)C(=O)N1,1,1,0.9671858565763396,O=C1CCC(N2C(=O)c3ccccc3C2=O)C(=O)N1
CN1C[C@H](C(=O)N[C@]2(C)O[C@@]3(O)[C@@H]4CCCN4C(=O)[C@H](Cc4ccccc4)N3C2=O)C[C@@H]2c3cccc4[nH]cc(c34)C[C@H]21,0,1,0.6387796756131422,O=C(NC1OC2C3CCCN3C(=O)C(Cc3ccccc3)N2C1=O)C1CNC2Cc3c[nH]c4cccc(c34)C2C1
CC(=O)[C@@]1(O)[C@@H](C)C[C@H]2[C@@H]3CCC4=CC(=O)C=C[C@]4(C)[C@@]3(F)[C@@H](O)C[C@@]21C,1,1,0.9364313014586076,O=C1C=CC2C(=C1)CCC1C3CCCC3CCC21
C[C@@H]1C[C@H]2[C@@H]3C[C@H](F)C4=CC(=O)C=C[C@]4(C)[C@H]3[C@@H](O)C[C@]2(C)[C@@]1(O)C(=O)CO,1,1,0.8693511517884515,O=C1C=CC2C(=C1)CCC1C3CCCC3CCC21
CCC(=O)OCC(=O)[C@@]1(OC(=O)CC)[C@@H](C)C[C@H]2[C@@H]3CCC4=CC(=O)C=C[C@]4(C)[C@@]3(Cl)[C@@H](O)C[C@@]21C,1,1,0.907567711956229,O=C1C=CC2C(=C1)CCC1C3CCCC3CCC21
C[C@@H]1C[C@H]2[C@H]3[C@H]([C@@H](O)C[C@]2(C)[C@@]1(O)C(=O)CO)[C@@]1(C)C=CC(=O)C=C1C[C@H]3Cl,1,1,0.8361263443836323,O=C1C=CC2C(=C1)CCC1C3CCCC3CCC21
CC12C=CC(=O)C=C1CCC1C3CCC(O)(C(=O)CO)C3(C)CC(O)C12F,1,1,0.8721263119670554,O=C1C=CC2C(=C1)CCC1C3CCCC3CCC21
CC(=O)OCC(=O)[C@@]1(O)CC[C@H]2[C@@H]3CCC4=CC(=O)C=C[C@]4(C)[C@@]3(F)[C@@H](O)C[C@@]21C,1,1,0.9236757120184178,O=C1C=CC2C(=C1)CCC1C3CCCC3CCC21
CC(=O)OCC(=O)[C@@]1(O)[C@H](C)C[C@H]2[C@@H]3C[C@H](F)C4=CC(=O)C=C[C@]4(C)[C@H]3[C@@H](O)C[C@@]21C,1,1,0.9234953027724875,O=C1C=CC2C(=C1)CCC1C3CCCC3CCC21
C[C@@H]1C[C@H]2[C@@H]3CCC4=CC(=O)C=C[C@]4(C)[C@@]3(F)[C@@H](O)C[C@]2(C)[C@@]1(C)C(=O)CO,1,1,0.9435214345894342,O=C1C=CC2C(=C1)CCC1C3CCCC3CCC21
C[C@@H]1C[C@H]2[C@@H]3C[C@H](F)C4=CC(=O)C=C[C@]4(C)[C@@]3(F)[C@@H](O)C[C@]2(C)[C@@]1(O)C(=O)CO,1,1,0.9268847655643223,O=C1C=CC2C(=C1)CCC1C3CCCC3CCC21
CC(=O)C1CCC2C3CC(C)C4=CC(=O)C=CC4(C)C3C(O)CC12C,1,1,0.9420753594020627,O=C1C=CC2C(=C1)CCC1C3CCCC3CCC21
CC(=O)OCC(=O)[C@@]1(OC(=O)C(C)C)[C@@H](C)C[C@H]2[C@@H]3CCC4=CC(=O)C=C[C@]4(C)[C@@]3(F)[C@@H](O)C[C@@]21C,1,1,0.9343603879011189,O=C1C=CC2C(=C1)CCC1C3CCCC3CCC21
CC(=O)OCC(=O)[C@@]1(O)[C@@H](C)C[C@H]2[C@@H]3CCC4=CC(=O)C=C[C@]4(C)[C@@]3(F)[C@@H](O)C[C@@]21C,1,1,0.9264138754486406,O=C1C=CC2C(=C1)CCC1C3CCCC3CCC21
CCC(=O)OCC(=O)[C@@]1(OC(=O)CC)[C@@H](C)C[C@H]2[C@@H]3CCC4=CC(=O)C=C[C@]4(C)[C@@]3(F)[C@@H](O)C[C@@]21C,1,1,0.9453328630008184,O=C1C=CC2C(=C1)CCC1C3CCCC3CCC21
C[C@@H]1C[C@H]2C3C[C@H](F)C4=CC(=O)C=CC4(C)[C@@]3(F)[C@@H](O)CC2(C)[C@@]1(O)C(=O)COC(=O)C(C)(C)C,1,1,0.9477483256089719,O=C1C=CC2C(=C1)CCC1C3CCCC3CCC21
C[C@]12C=CC(=O)C=C1[C@@H](F)C[C@H]1[C@@H]3C[C@@H](O)[C@](O)(C(=O)CO)[C@@]3(C)C[C@H](O)[C@@]12F,1,1,0.8038678065066102,O=C1C=CC2C(=C1)CCC1C3CCCC3CCC21
CCCCOC(=O)C(=O)[C@H]1[C@H](C)C[C@H]2[C@@H]3C[C@H](F)C4=CC(=O)C=C[C@]4(C)[C@H]3[C@@H](O)C[C@@]21C,1,1,0.950821628736063,O=C1C=CC2C(=C1)CCC1C3CCCC3CCC21
C[C@@H]1C[C@H]2[C@@H]3C[C@H](F)C4=CC(=O)C=C[C@]4(C)[C@H]3[C@@H](O)C[C@]2(C)[C@H]1C(=O)CO,1,1,0.9388254464547354,O=C1C=CC2C(=C1)CCC1C3CCCC3CCC21
CC(=O)[C@@]1(O)CC[C@H]2[C@@H]3C[C@H](C)C4=CC(=O)C=C[C@]4(C)[C@@]3(F)[C@@H](O)C[C@@]21C,1,1,0.9366315354574151,O=C1C=CC2C(=C1)CCC1C3CCCC3CCC21
CC(=O)O[C@@H](C)C(=O)[C@@]1(O)CC[C@H]2[C@@H]3CCC4=CC(=O)C=C[C@]4(C)[C@@]3(F)[C@@H](O)C[C@@]21C,1,1,0.9304678320582556,O=C1C=CC2C(=C1)CCC1C3CCCC3CCC21
C[C@]12C=CC(=O)C=C1[C@@H](F)C[C@@H]1[C@@H]2[C@@H](O)C[C@@]2(C)[C@H]1CC[C@]2(O)C(=O)CO,1,1,0.8658646011885982,O=C1C=CC2C(=C1)CCC1C3CCCC3CCC21
CCCCC(=O)O[C@]1(C(=O)CO)CCC2C3CC(F)C4=CC(=O)C=CC4(C)C3C(O)CC21C,1,1,0.9478158911422127,O=C1C=CC2C(=C1)CCC1C3CCCC3CCC21
CC(=O)OCC(=O)[C@@]1(O)CC[C@H]2[C@@H]3CCC4=CC(=O)C=C[C@]4(C)[C@H]3[C@@H](O)C[C@@]21C,1,1,0.878404743013692,O=C1C=CC2C(=C1)CCC1C3CCCC3CCC21
C[C@]12C=CC(=O)C=C1CC[C@H]1[C@@H]3C[C@@H](O)[C@](O)(C(=O)CO)[C@@]3(C)C[C@H](O)[C@@]12F,0,1,0.7072386284170609,O=C1C=CC2C(=C1)CCC1C3CCCC3CCC21
C[C@]12C=CC(=O)C=C1CC[C@@H]1[C@@H]2[C@@H](O)C[C@@]2(C)[C@H]1CC[C@]2(O)C(=O)COC(=O)CCC(=O)[O-],1,1,0.7315786971710679,O=C1C=CC2C(=C1)CCC1C3CCCC3CCC21
CCCCC(=O)OC1(C(=O)CO)CCC2C3CCC4=CC(=O)C=CC4(C)C3C(O)CC21C,1,1,0.9257844819415251,O=C1C=CC2C(=C1)CCC1C3CCCC3CCC21
CCOC(=O)OC1(C(=O)OCCl)CCC2C3CCC4=CC(=O)C=CC4(C)C3C(O)CC21C,1,1,0.9663921527265696,O=C1C=CC2C(=C1)CCC1C3CCCC3CCC21
C[C@@H]1CC2[C@@H]3C[C@H](F)C4=CC(=O)C(Cl)=C[C@]4(C)[C@@]3(F)[C@@H](O)C[C@]2(C)[C@@]1(O)C(=O)CO,1,1,0.9049568721360942,O=C1C=CC2C(=C1)CCC1C3CCCC3CCC21
C[C@@H]1CC2C3CCC4=CC(=O)C=CC4(C)[C@@]3(Cl)C(Cl)CC2(C)[C@@]1(O)C(=O)CO,1,1,0.9277446195350241,O=C1C=CC2C(=C1)CCC1C3CCCC3CCC21
CCC(=O)OCC(=O)[C@@]1(OC(=O)CC)[C@H](C)C[C@H]2[C@H]3[C@H]([C@@H](O)C[C@@]21C)[C@@]1(C)C=CC(=O)C=C1C[C@H]3Cl,1,1,0.9069255561329825,O=C1C=CC2C(=C1)CCC1C3CCCC3CCC21
CSC(=O)C1(OC(C)=O)[C@@H](C)C[C@H]2[C@@H]3CCC4=CC(=O)C=C[C@]4(C)C3(F)[C@@H](O)C[C@@]21C,1,1,0.979748642652871,O=C1C=CC2C(=C1)CCC1C3CCCC3CCC21
CCCC(=O)O[C@]1(C(=O)COC(C)=O)[C@H](C)C[C@H]2[C@@H]3CCC4=CC(=O)C=C[C@]4(C)[C@@]3(Cl)[C@@H](O)C[C@@]21C,1,1,0.9053396938800276,O=C1C=CC2C(=C1)CCC1C3CCCC3CCC21
C[C@@H]1CC2C3C[C@H](F)C4=CC(=O)C=CC4(C)[C@@]3(Cl)C(O)CC2(C)C1C(=O)CO,1,1,0.9401521916330635,O=C1C=CC2C(=C1)CCC1C3CCCC3CCC21
CC(=O)OCC(=O)[C@H]1[C@H](C)C[C@H]2[C@@H]3C[C@H](F)C4=CC(=O)C=C[C@]4(C)C3(Cl)[C@@H](O)C[C@@]21C,1,1,0.9538924531788947,O=C1C=CC2C(=C1)CCC1C3CCCC3CCC21
C[C@@H]1CC2C3C[C@H](F)C4=CC(=O)C=CC4(C)[C@@]3(Cl)C(O)CC2(C)C1C(=O)COC(=O)C(C)(C)C,1,1,0.9327234441905127,O=C1C=CC2C(=C1)CCC1C3CCCC3CCC21
CCOC(=O)O[C@]1(C(=O)COC(=O)CC)CC[C@H]2[C@@H]3CCC4=CC(=O)C=C[C@]4(C)[C@H]3[C@@H](O)C[C@@]21C,1,1,0.9212262164537576,O=C1C=CC2C(=C1)CCC1C3CCCC3CCC21
CCN(CC)CC(=O)OCC(=O)C1(O)CCC2C3CCC4=CC(=O)C=CC4(C)C3C(O)CC21C,1,1,0.8584933465934865,O=C1C=CC2C(=C1)CCC1C3CCCC3CCC21
CCCCCCCCCCCCCCCCCC(=O)OCC(=O)OCC(=O)[C@@]1(O)CC[C@H]2[C@@H]3CCC4=CC(=O)C=C[C@]4(C)[C@H]3[C@@H](O)C[C@@]21C,1,1,0.750133957606766,O=C1C=CC2C(=C1)CCC1C3CCCC3CCC21
CC(C)(C)CC(=O)OCC(=O)[C@@]1(O)CC[C@H]2[C@@H]3CCC4=CC(=O)C=C[C@]4(C)[C@H]3[C@@H](O)C[C@@]21C,1,1,0.9026449391734996,O=C1C=CC2C(=C1)CCC1C3CCCC3CCC21
CCC(=O)O[C@]1(C(=O)COC(C)=O)CC[C@H]2[C@@H]3C[C@H](C)C4=CC(=O)C=C[C@]4(C)[C@H]3[C@@H](O)C[C@@]21C,1,1,0.9144554133767816,O=C1C=CC2C(=C1)CCC1C3CCCC3CCC21
CCS[C@]1(SC)CC[C@H]2[C@@H]3CCC4=CC(=O)C=C[C@]4(C)[C@@]3(F)[C@@H](O)C[C@@]21C,1,1,0.9711342232237486,O=C1C=CC2C(=C1)CCC1C3CCCC3CCC21
CCC(=O)O[C@]1(C(=O)SC)[C@H](C)CC2C3C[C@H](F)C4=CC(=O)C=CC4(C)[C@@]3(F)[C@@H](O)C[C@@]21C,1,1,0.9851996281397867,O=C1C=CC2C(=C1)CCC1C3CCCC3CCC21
CCC(=O)O[C@]1(C(=O)COC)[C@@H](C)C[C@H]2[C@@H]3CCC4=CC(=O)C=C[C@]4(C)[C@@]3(F)[C@@H](O)C[C@@]21C,1,1,0.9520939443736947,O=C1C=CC2C(=C1)CCC1C3CCCC3CCC21
CCC(=O)O[C@]1(C(=O)SCCl)[C@H](C)C[C@H]2C3C[C@H](F)C4=CC(=O)C=C[C@]4(C)[C@@]3(F)[C@@H](O)C[C@@]21C,1,1,0.9928128311978952,O=C1C=CC2C(=C1)CCC1C3CCCC3CCC21
CCCCOC(=O)C(=O)C1C(C)CC2C3CC(F)C4=CC(=O)C=CC4(C)C3C(O)CC21C,1,1,0.950821628736063,O=C1C=CC2C(=C1)CCC1C3CCCC3CCC21
CCCCCC(=O)OCC(=O)C1C(C)CC2C3CC(F)C4=CC(=O)C=CC4(C)C3C(O)CC21C,1,1,0.9419020041050159,O=C1C=CC2C(=C1)CCC1C3CCCC3CCC21
CC1CC2C3CC(F)(F)C4=CC(=O)C=C[C@]4(C)C3(F)C(O)CC2(C)C1(O)C(=O)CO,1,1,0.9649181637372046,O=C1C=CC2C(=C1)CCC1C3CCCC3CCC21
CC(=O)O[C@]1(C(C)=O)CC[C@H]2[C@@H]3C[C@H](C)C4=CC(=O)C=C[C@]4(C)[C@@]3(F)[C@@H](O)C[C@@]21C,1,1,0.9594975663403816,O=C1C=CC2C(=C1)CCC1C3CCCC3CCC21
CC1CC2C3CCC4=CC(=O)C=CC4(C)[C@@]3(F)C(O)CC2(C)[C@@]1(O)C(=O)CCl,1,1,0.939108491026417,O=C1C=CC2C(=C1)CCC1C3CCCC3CCC21
CCC(=O)O[C@]1(C(=O)CCl)[C@@H](C)C[C@H]2[C@@H]3CCC4=CC(=O)C=C[C@]4(C)[C@@]3(F)[C@@H](O)C[C@@]21C,1,1,0.9493694618144228,O=C1C=CC2C(=C1)CCC1C3CCCC3CCC21
CSC(=O)C1(O)C(C)CC2C3CCC4=CC(=O)C=CC4(C)C3(F)C(O)CC21C,1,1,0.9741809696660494,O=C1C=CC2C(=C1)CCC1C3CCCC3CCC21
CC(=O)OCC(=O)C1(O)C(C)CC2C3CC(F)(F)C4=CC(=O)C=CC4(C)C3(F)C(O)CC21C,1,1,0.9608584749596802,O=C1C=CC2C(=C1)CCC1C3CCCC3CCC21
CC(=O)OCC(=O)[C@@]1(O)[C@H](OC(C)=O)C[C@H]2[C@@H]3CCC4=CC(=O)C=C[C@]4(C)[C@@]3(F)[C@@H](O)C[C@@]21C,1,1,0.856177243724069,O=C1C=CC2C(=C1)CCC1C3CCCC3CCC21
CC1CC2C3CC(F)C4=CC(=O)C=CC4(C)C3(F)C(O)CC2(C)C1(O)C(=O)SCF,1,1,0.9958117326205429,O=C1C=CC2C(=C1)CCC1C3CCCC3CCC21
CCC(=O)O[C@]1(C(=O)SCF)[C@H](C)C[C@H]2[C@@H]3C[C@H](F)C4=CC(=O)C=C[C@]4(C)[C@@]3(F)[C@@H](O)C[C@@]21C,1,1,0.9937528924523926,O=C1C=CC2C(=C1)CCC1C3CCCC3CCC21
C[C@@H]1C[C@H]2[C@@H]3CCC4=CC(=O)C=C[C@]4(C)[C@@]3(Cl)[C@@H](O)C[C@]2(C)[C@@]1(O)C(=O)CCl,1,1,0.9184466071699002,O=C1C=CC2C(=C1)CCC1C3CCCC3CCC21
CC1CC2C3CC(F)C4=CC(=O)C=CC4(C)C3(F)C(O)CC2(C)C1(O)C(=O)CCl,1,1,0.964066063955583,O=C1C=CC2C(=C1)CCC1C3CCCC3CCC21
CC(=O)OCC(=O)[C@@]1(O)CC[C@H]2[C@@H]3C[C@H](C)C4=CC(=O)C=C[C@]4(C)[C@H]3[C@@H](O)C[C@@]21C,1,1,0.893150774561164,O=C1C=CC2C(=C1)CCC1C3CCCC3CCC21
C[C@H]1C[C@@H]2[C@H]([C@@H](O)C[C@@]3(C)[C@H]2CC[C@]3(O)C(=O)COC(=O)CCC(=O)O)[C@@]2(C)C=CC(=O)C=C12,1,1,0.6027166896448445,O=C1C=CC2C(=C1)CCC1C3CCCC3CCC21
CCC(=O)[C@@]1(C)[C@H](C)C[C@H]2[C@@H]3CCC4=CC(=O)C=C[C@]4(C)[C@H]3[C@@H](O)C[C@@]21C,1,1,0.9337454744935525,O=C1C=CC2C(=C1)CCC1C3CCCC3CCC21
CC(=O)C1(O)CCC2C3CCC4=CC(=O)C=CC4(C)C3C(O)CC21C,1,1,0.8980955647023935,O=C1C=CC2C(=C1)CCC1C3CCCC3CCC21
CC(=O)[C@@]1(O)[C@H](O)C[C@H]2[C@@H]3CCC4=CC(=O)C=C[C@]4(C)[C@@]3(F)[C@@H](O)C[C@@]21C,1,1,0.8737346576170127,O=C1C=CC2C(=C1)CCC1C3CCCC3CCC21
C[C@@H]1C[C@H]2[C@@H]3CCC4=CC(=O)C=C[C@]4(C)[C@@]3(F)[C@@H](O)C[C@]2(C)[C@H]1C(=O)CO,1,1,0.9423839236050106,O=C1C=CC2C(=C1)CCC1C3CCCC3CCC21
C[C@H]1C[C@H]2[C@@H]3CCC4=CC(=O)C=C[C@]4(C)[C@@]3(Cl)[C@@H](O)C[C@]2(C)[C@@]1(O)C(=O)CO,1,1,0.8402989247639486,O=C1C=CC2C(=C1)CCC1C3CCCC3CCC21
CC12C=CC(=O)C=C1CCC1C3CC[C@](O)(C(=O)CO)C3(C)CC(Cl)[C@@]12Cl,1,1,0.9210511817494225,O=C1C=CC2C(=C1)CCC1C3CCCC3CCC21
CC(=O)OCC(=O)[C@@]1(O)CCC2C3CCC4=CC(=O)C=CC4(C)[C@@]3(Cl)C(Cl)CC21C,1,1,0.9356719296098756,O=C1C=CC2C(=C1)CCC1C3CCCC3CCC21
C[C@]12C=CC(=O)C=C1CC[C@@H]1[C@@H]2[C@@H](O)C[C@@]2(C)[C@H]1CC[C@]2(O)C(=O)CO,0,1,0.8040976639091016,O=C1C=CC2C(=C1)CCC1C3CCCC3CCC21
C[C@@H]1C[C@H]2[C@@H]3C[C@H](F)C4=CC(=O)C=C[C@]4(C)C3(Cl)[C@@H](F)C[C@]2(C)[C@H]1C(=O)CO,1,1,0.9754797691856452,O=C1C=CC2C(=C1)CCC1C3CCCC3CCC21
C[C@]12C=C(Br)C(=O)C=C1[C@H](F)C[C@H]1[C@@H]3CCC(O)(C(=O)CO)[C@@]3(C)C[C@H](O)C12F,1,1,0.9755063351497603,O=C1C=CC2C(=C1)CCC1C3CCCC3CCC21
CC(=O)OCC(=O)[C@@]1(OC(C)=O)[C@@H](C)C[C@H]2[C@@H]3C[C@H](F)C4=CC(=O)C=C[C@]4(C)[C@@]3(F)[C@@H](O)C[C@@]21C,1,1,0.9500416858714308,O=C1C=CC2C(=C1)CCC1C3CCCC3CCC21
C[C@@H]1CC2C3C[C@H](F)C4=CC(=O)C=CC4(C)[C@@]3(F)C(O)CC2(C)C1C(=O)CO,1,1,0.9629492845488556,O=C1C=CC2C(=C1)CCC1C3CCCC3CCC21
C[C@@H]1C[C@H]2[C@@H]3C[C@H](F)C4=CC(=O)C=C[C@]4(C)[C@@]3(F)[C@@H](O)C[C@]2(C)[C@H]1C(=O)COC(=O)C(C)(C)C,1,1,0.9628796294087033,O=C1C=CC2C(=C1)CCC1C3CCCC3CCC21
CCCC(=O)O[C@]1(C(=O)COC(C)=O)CC[C@H]2[C@@H]3C[C@H](F)C4=CC(=O)C=C[C@]4(C)[C@@]3(F)[C@@H](O)C[C@@]21C,1,1,0.9587924101533938,O=C1C=CC2C(=C1)CCC1C3CCCC3CCC21
CCCCC(=O)O[C@]1(C(=O)CO)[C@@H](C)C[C@H]2[C@@H]3CCC4=CC(=O)C=C[C@]4(C)[C@@]3(F)[C@@H](O)C[C@@]21C,1,1,0.9462111291769928,O=C1C=CC2C(=C1)CCC1C3CCCC3CCC21
C[C@H]1C[C@H]2[C@@H]3CCC4=CC(=O)C=C[C@]4(C)[C@@]3(F)[C@@H](O)C[C@]2(C)[C@@]1(O)C(=O)CO,0,1,0.8794805945240293,O=C1C=CC2C(=C1)CCC1C3CCCC3CCC21
C[C@H]1C[C@H]2[C@@H]3CCC4=CC(=O)C=C[C@]4(C)[C@@]3(F)[C@@H](O)C[C@]2(C)[C@@]1(OC(=O)c1ccccc1)C(=O)CO,1,1,0.9048076493154957,O=C1C=CC2C(=C1)CCC1C2CCC2C(OC(=O)c3ccccc3)CCC21
O=C(Cc1ccc(Cl)c(Cl)c1)N1CCn2ccnc2[C@H]1CN1CC[C@@H](O)C1,0,1,0.716389413315487,O=C(Cc1ccccc1)N1CCn2ccnc2C1CN1CCCC1
O=C(Cc1ccc(Cl)c(Cl)c1)N1CCn2ccnc2[C@H]1CN1CCCC1,1,1,0.8815052041567177,O=C(Cc1ccccc1)N1CCn2ccnc2C1CN1CCCC1
COc1cccc(OC)c1C(=O)N[C@@H]1C(=O)N2[C@@H]1SC(C)(C)[C@@H]2C(=O)O,0,0,0.10119364675242216,O=C(NC1C(=O)N2CCSC12)c1ccccc1
C=C1C[C@H](C)[C@H]2[C@H]3Cc4ccc(O)cc4[C@@]2(CCN3CC2CCC2)C1,1,1,0.9602497082775393,C=C1CCC2C3Cc4ccccc4C2(CCN3CC2CCC2)C1
O=C1CCN=C2CC(c3ccccc3)CN12,1,1,0.9778519254835355,O=C1CCN=C2CC(c3ccccc3)CN12
CCOC(=O)Nc1ccc(NCc2ccc(F)cc2)cc1N,1,1,0.8750488892465029,c1ccc(CNc2ccccc2)cc1
CCN(CC)CCOC1(c2ccc(Cl)cc2)CCCCC1,1,1,0.9650139257637408,c1ccc(C2CCCCC2)cc1
COc1cccc([C@@]2(O)CCCC[C@@H]2CN(C)C)c1,1,1,0.9198301019963708,c1ccc(C2CCCCC2)cc1
CCNC1(c2ccccc2)CCCCC1,1,1,0.9845162563830306,c1ccc(C2CCCCC2)cc1
CC[C@H]1CN2CCc3cc(OC)c(OC)cc3[C@@H]2C[C@@H]1C[C@H]1NCCc2cc(OC)c(OC)cc21,0,1,0.7436747564705449,c1ccc2c(c1)CCNC2CC1CCN2CCc3ccccc3C2C1
COc1ccc(Cl)cc1C(=O)NCCc1ccc(S(=O)(=O)NC(=O)NC2CCCCC2)cc1,1,1,0.6192328052436689,O=C(NC1CCCCC1)NS(=O)(=O)c1ccc(CCNC(=O)c2ccccc2)cc1
NS(=O)(=O)c1ccc(N2C(=O)CC(c3ccccc3)C2=O)c(Cl)c1,1,1,0.9583268193468042,O=C1CC(c2ccccc2)C(=O)N1c1ccccc1
O=C(Cc1ccc(Cl)c(Cl)c1)N1CCn2ncnc2[C@H]1CN1CCCC1,1,1,0.9140903189487688,O=C(Cc1ccccc1)N1CCn2ncnc2C1CN1CCCC1
CON=C(C#N)C1CN2CCC1CC2,1,1,0.661977672010983,C1CN2CCC1CC2
COC(=O)[C@H]1[C@H]2C[C@@H]3c4[nH]c5cc(OC)ccc5c4CCN3C[C@H]2C[C@@H](OC(=O)c2cc(OC)c(OC)c(OC)c2)[C@@H]1OC,1,1,0.759321654694313,O=C(OC1CCC2CC3c4[nH]c5ccccc5c4CCN3CC2C1)c1ccccc1
COC(=O)[C@H]1[C@H]2C[C@@H]3c4[nH]c5ccccc5c4CCN3C[C@H]2C[C@@H](OC(=O)c2cc(OC)c(OC)c(OC)c2)[C@@H]1OC,1,1,0.8933031353620815,O=C(OC1CCC2CC3c4[nH]c5ccccc5c4CCN3CC2C1)c1ccccc1
COC(=O)[C@H]1[C@H]2C[C@@H]3c4[nH]c5ccc(Cl)cc5c4CCN3C[C@H]2C[C@@H](OC(=O)c2cc(OC)c(OC)c(OC)c2)[C@@H]1OC,1,1,0.8675729146631647,O=C(OC1CCC2CC3c4[nH]c5ccccc5c4CCN3CC2C1)c1ccccc1
CCn1cc(C(=O)O)c(=O)c2ccc(C)nc21,0,0,0.4634134688320393,O=c1cc[nH]c2ncccc12
CN[C@@H]1[C@@H](O)[C@@H](O[C@@H]2[C@@H](O)[C@H](O[C@H]3OC(CN)=CC[C@H]3N)[C@@H](N)C[C@H]2N)OC[C@]1(C)O,0,0,0.033228371924310184,C1=COC(OC2CCCC(OC3CCCCO3)C2)CC1
CCN[C@@H]1C[C@H](N)[C@@H](O[C@H]2OC(CN)=CC[C@H]2N)[C@H](O)[C@H]1O[C@H]1OC[C@](C)(O)[C@H](NC)[C@H]1O,0,0,0.018735615906139813,C1=COC(OC2CCCC(OC3CCCCO3)C2)CC1
CCc1nc(N)nc(N)c1-c1ccc(Cl)cc1,1,1,0.9285293423034382,c1ccc(-c2cncnc2)cc1
CC(=O)[C@]1(O)Cc2c(O)c3c(c(O)c2[C@@H](O[C@H]2C[C@H](N)[C@H](O)[C@H](C)O2)C1)C(=O)c1ccccc1C3=O,0,0,0.04288716021035038,O=C1c2ccccc2C(=O)c2cc3c(cc21)CCCC3OC1CCCCO1
COc1cccc2c1C(=O)c1c(O)c3c(c(O)c1C2=O)C[C@@](O)(C(=O)CO)C[C@@H]3O[C@H]1C[C@H](NC(=O)[C@@H](N)CC(C)C)[C@H](O)[C@H](C)O1,0,0,0.031366085265890326,O=C1c2ccccc2C(=O)c2cc3c(cc21)CCCC3OC1CCCCO1
COc1cccc2c1C(=O)c1c(O)c3c(c(O)c1C2=O)C[C@](O)(C(=O)CO)C[C@H]3OC1CC(N)CC(C)O1,0,0,0.04316458577254843,O=C1c2ccccc2C(=O)c2cc3c(cc21)CCCC3OC1CCCCO1
COc1cccc2c1C(=O)c1c(O)c3c(c(O)c1C2=O)C[C@@](O)(C(=O)CO)C[C@@H]3O[C@H]1C[C@H](N)[C@H](O)[C@H](C)O1,0,0,0.035305656364663957,O=C1c2ccccc2C(=O)c2cc3c(cc21)CCCC3OC1CCCCO1
CC(=O)[C@]1(N)Cc2c(O)c3c(c(O)c2[C@@H](O[C@H]2C[C@H](O)[C@H](O)CO2)C1)C(=O)c1ccccc1C3=O,0,0,0.05236662537080347,O=C1c2ccccc2C(=O)c2cc3c(cc21)CCCC3OC1CCCCO1
CC1OC(OC2CC(O)(C(=O)CO)Cc3c(O)c4c(c(O)c32)C(=O)c2ccccc2C4=O)CC(N)C1O,0,0,0.03436896242935772,O=C1c2ccccc2C(=O)c2cc3c(cc21)CCCC3OC1CCCCO1
COc1cccc2c1C(=O)c1c(O)c3c(c(O)c1C2=O)C[C@@](O)(C(C)=O)C[C@@H]3O[C@H]1C[C@H](N)[C@H](O)[C@H](C)O1,0,0,0.04072041040745942,O=C1c2ccccc2C(=O)c2cc3c(cc21)CCCC3OC1CCCCO1
CCOC(OCC)C(=O)OCC(=O)C1(O)Cc2c(O)c3c(c(O)c2C(OC2CC(N)C(O)C(C)O2)C1)C(=O)c1c(OC)cccc1C3=O,0,0,0.044144131627750334,O=C1c2ccccc2C(=O)c2cc3c(cc21)CCCC3OC1CCCCO1
CC(=O)[C@]1(O)Cc2c(O)c3c(c(O)c2C(OC2CC(N)C(O)C(C)O2)C1)C(=O)c1c(O)cccc1C3=O,0,0,0.018443861144143987,O=C1c2ccccc2C(=O)c2cc3c(cc21)CCCC3OC1CCCCO1
O=C1NCN(c2ccccc2)C12CCN(CCCOc1ccc(F)cc1)CC2,1,1,0.8094619260137641,O=C1NCN(c2ccccc2)C12CCN(CCCOc1ccccc1)CC2
Clc1ccc([C@@H]2[C@H]3CC[C@@H](C3)C23CCC(N2CCOCC2)=N3)cc1,1,1,0.9782642197682464,c1ccc(C2C3CCC(C3)C23CCC(N2CCOCC2)=N3)cc1
COc1ccc2c(c1)C(O)(CCCN(C)C)c1ccccc1S2,1,1,0.9647929229907608,c1ccc2c(c1)Cc1ccccc1S2
O=C(Cn1ccnc1)c1ccc2ccccc2c1,1,1,0.9267525600084033,O=C(Cn1ccnc1)c1ccc2ccccc2c1
CC1=Nc2ccccc2CC(c2ccccc2)N1C,1,1,0.9523847754446846,C1=Nc2ccccc2CC(c2ccccc2)N1
Cc1nnc(SCC2=C(C(=O)O)N3C(=O)[C@@H](NC(=O)[C@H](O)c4ccccc4)[C@H]3SC2)s1,0,0,0.055781617179673164,O=C(Cc1ccccc1)NC1C(=O)N2C=C(CSc3nncs3)CSC12
Cc1nnc(SCC2=C(C(=O)O)N3C(=O)[C@@H](NC(=O)C(N)c4ccc(O)cc4)[C@H]3SC2)s1,0,0,0.02577747699029882,O=C(Cc1ccccc1)NC1C(=O)N2C=C(CSc3nncs3)CSC12
Cc1nnc(SCC2=C(C(=O)OCc3oc(=O)oc3C)N3C(=O)C(NC(=O)C(OC(=O)C(C)N)c4ccccc4)C3SC2)s1,0,0,0.13151297050338956,O=C(Cc1ccccc1)NC1C(=O)N2C(C(=O)OCc3coc(=O)o3)=C(CSc3nncs3)CSC12
COc1ccc(Cn2c(C)c(CCN)c3cc(O)ccc32)cc1,1,1,0.7340488990855787,c1ccc(Cn2ccc3ccccc32)cc1
NC(N)=NCCN1CCCCCCC1,0,0,0.3652415068583829,C1CCCNCCC1
CC(C)(C)N1CCC(c2ccccc2)(c2ccccc2)CC1,1,1,0.9894747397899561,c1ccc(C2(c3ccccc3)CCNCC2)cc1
CC1(C)S[C@@H]2C(NC(=O)[C@H](NC(=O)c3c[nH]c4cccnc4c3=O)c3ccccc3)C(=O)N2[C@H]1C(=O)O,0,0,0.017862416858649446,O=C(NC(C(=O)NC1C(=O)N2CCSC12)c1ccccc1)c1c[nH]c2cccnc2c1=O
CC(NCCn1cnc2c1c(=O)n(C)c(=O)n2C)C(O)c1ccccc1,1,1,0.6624060028795479,O=c1[nH]c(=O)c2c(ncn2CCNCCc2ccccc2)[nH]1
CC(Cc1ccccc1)NCCn1cnc2c1c(=O)n(C)c(=O)n2C,1,1,0.805870656984854,O=c1[nH]c(=O)c2c(ncn2CCNCCc2ccccc2)[nH]1
Cn1c(=O)c2c(ncn2CCNCC(O)c2ccc(O)c(O)c2)n(C)c1=O,0,0,0.16529681347889716,O=c1[nH]c(=O)c2c(ncn2CCNCCc2ccccc2)[nH]1
CC1(C)S[C@@H]2[C@H](NC(=O)[C@H](N)C3=CCC=CC3)C(=O)N2[C@H]1C(=O)O,0,0,0.07856473415077755,O=C(CC1=CCC=CC1)NC1C(=O)N2CCSC12
CC(Cc1ccccc1)NC(C#N)c1ccccc1,1,1,0.9451329822277841,c1ccc(CCNCc2ccccc2)cc1
CC(Cc1ccccc1)N(C)Cc1ccccc1,1,1,0.9916243783553096,c1ccc(CCNCc2ccccc2)cc1
CCN(CC)C(C)=NN=Cc1c2c(O)c3c(O)c(C)c4c(c3c1O)C(=O)C(C)(OC=CC(OC)C(C)C(OC(C)=O)C(C)C(O)C(C)C(O)C(C)C=CC=C(C)C(=O)N2)O4,0,0,0.022801102963925506,O=C1C=CC=CCCCCCCCCC=COC2Oc3ccc4cc(ccc4c3C2=O)N1
CCN(CC)C(=O)COc1cc2c(O)c3c(O)c(C)c4c(c13)C(=O)[C@@](C)(O/C=C/[C@H](OC)[C@@H](C)[C@@H](OC(C)=O)[C@H](C)[C@H](O)[C@H](C)[C@@H](O)[C@@H](C)/C=C/C=C(/C)C(=O)N2)O4,0,0,0.05530341307044388,O=C1C=CC=CCCCCCCCCC=COC2Oc3ccc4cc(ccc4c3C2=O)N1
CO[C@H]1/C=C/O[C@@]2(C)Oc3c(C)c(O)c4c(O)c(cc(O)c4c3C2=O)NC(=O)/C(C)=C\C=C\[C@H](C)[C@H](O)[C@@H](C)[C@@H](O)[C@@H](C)[C@H](OC(C)=O)[C@@H]1C,0,0,0.040265521806528495,O=C1C=CC=CCCCCCCCCC=COC2Oc3ccc4cc(ccc4c3C2=O)N1
Nc1cccc(-n2ccccc2=O)c1,1,1,0.8879799273231841,O=c1ccccn1-c1ccccc1
c1cc(CN2CCCCC2)cc(OCCCNc2nccs2)c1,1,1,0.834202408839765,c1cc(CN2CCCCC2)cc(OCCCNc2nccs2)c1
CN(C)[C@@H]1C(=O)/C(=C(/O)NCN2CCCC(C(=O)O)C2)C(=O)[C@@]2(O)C(=O)C3=C(O)c4c(O)cccc4[C@@](C)(O)[C@H]3C[C@@H]12,0,0,0.13163037444334108,O=C1CC2CC3Cc4ccccc4C=C3C(=O)C2C(=O)C1=CNCN1CCCCC1
CC1(C)S[C@@H]2[C@H](NC(=O)[C@@H](N=Cc3ccco3)c3ccc(O)cc3)C(=O)N2[C@H]1C(=O)O,0,0,0.06352267196263543,O=C(NC1C(=O)N2CCSC12)C(N=Cc1ccco1)c1ccccc1
CN1CCN(c2cc3c(nn2)Oc2ccccc2N3C)CC1,1,1,0.9410431487677232,c1ccc2c(c1)Nc1cc(N3CCNCC3)nnc1O2
Cc1cc(N/C(O)=C2\C(=O)c3ccccc3S(=O)(=O)N2C)no1,0,0,0.2374120495067403,O=C1C(=CNc2ccon2)NS(=O)(=O)c2ccccc21
CN(C)C/C=C(/c1ccc(Br)cc1)c1cccnc1,1,1,0.9877745332083877,C=C(c1ccccc1)c1cccnc1
CNC/C=C(/c1ccc(Br)cc1)c1cccnc1,1,1,0.9852161061703886,C=C(c1ccccc1)c1cccnc1
CC(C)[C@H](NC(=O)[C@H](Cc1ccccc1)NC(=O)CNC(=O)[C@@H](C)NC(=O)[C@@H](N)Cc1ccc(O)cc1)C(N)=O,0,0,0.08495780530205384,O=C(CCc1ccccc1)NCC(=O)NCC(=O)NCCc1ccccc1
CCCCc1nc(Cl)c(CO)n1Cc1ccc(-c2ccccc2-c2nn[nH]n2)cc1,0,0,0.48277786836932635,c1ccc(-c2nn[nH]n2)c(-c2ccc(Cn3ccnc3)cc2)c1
CN1CCC(=C2c3ccccc3CCc3sccc32)CC1,1,1,0.9928525403833894,c1ccc2c(c1)CCc1sccc1C2=C1CCNCC1
CC[C@H]1OC(=O)[C@H](C)[C@@H](OC2CC(C)(OC)C(O)C(C)O2)C(C)[C@@H](OC2OC(C)CC(N(C)C)C2O)[C@](C)(O)C[C@@H](C)C(=O)[C@H](C)[C@@H](O)[C@H]1C,0,0,0.045677416276550135,O=C1CCCCOC(=O)CC(OC2CCCCO2)CC(OC2CCCCO2)CCC1
CC[C@H]1OC(=O)[C@H](C)[C@@H](O[C@H]2C[C@@](C)(OC)[C@@H](O)[C@H](C)O2)[C@H](C)[C@@H](O[C@@H]2O[C@H](C)C[C@H](N(C)C)[C@H]2O)[C@](C)(OC)C[C@@H](C)C(=O)[C@H](C)[C@@H](O)[C@]1(C)O,0,0,0.03807014557719931,O=C1CCCCOC(=O)CC(OC2CCCCO2)CC(OC2CCCCO2)CCC1
CC[C@H]1OC(=O)[C@H](C)[C@@H](O[C@H]2C[C@@](C)(OC)[C@@H](O)[C@H](C)O2)[C@H](C)[C@@H](O[C@@H]2O[C@H](C)C[C@H](N(C)C)[C@H]2O)[C@](C)(O)C[C@@H](C)C(=O)[C@H](C)[C@@H](O)[C@]1(C)O,0,0,0.02210190962077486,O=C1CCCCOC(=O)CC(OC2CCCCO2)CC(OC2CCCCO2)CCC1
CC[C@H]1OC(=O)[C@H](C)[C@@H](O[C@H]2C[C@@](C)(OC)[C@@H](O)[C@H](C)O2)[C@H](C)[C@@H](O[C@@H]2O[C@H](C)C[C@H](N(C)C)[C@H]2O)[C@](C)(O)C[C@](C)(F)C(=O)[C@H](C)[C@@H](O)[C@]1(C)O,0,0,0.033705728798379006,O=C1CCCCOC(=O)CC(OC2CCCCO2)CC(OC2CCCCO2)CCC1
O=C1CCC2CCC(=O)N12,1,1,0.9737347498836655,O=C1CCC2CCC(=O)N12
CCOC(=O)C1N=C(c2ccccc2F)c2cc(Cl)ccc2NC1=O,1,1,0.9051972211928295,O=C1CN=C(c2ccccc2)c2ccccc2N1
CCS(=O)(=O)CCN1C(=O)CN=C(c2ccccc2F)c2cc(Cl)ccc21,1,1,0.9783885970228519,O=C1CN=C(c2ccccc2)c2ccccc2N1
CN(C)C(=O)OC1N=C(c2ccccc2)c2cc(Cl)ccc2N(C)C1=O,1,1,0.9789639455904433,O=C1CN=C(c2ccccc2)c2ccccc2N1
CN1C(=O)CN=C(c2ccccc2F)c2cc(Cl)ccc21,1,1,0.9906612268856283,O=C1CN=C(c2ccccc2)c2ccccc2N1
O=C1Nc2ccc(Cl)cc2C(c2ccccc2Cl)=NC1O,1,1,0.9570896706362053,O=C1CN=C(c2ccccc2)c2ccccc2N1
C#CCN1C(=O)CN=C(c2ccccc2)c2cc(Cl)ccc21,1,1,0.9458189769733215,O=C1CN=C(c2ccccc2)c2ccccc2N1
O=C1CN=C(c2ccccc2Cl)c2cc([N+](=O)[O-])ccc2N1,1,1,0.9571297865529583,O=C1CN=C(c2ccccc2)c2ccccc2N1
CN1C(=O)C(O)N=C(c2ccccc2Cl)c2cc(Cl)ccc21,1,1,0.9680007448948159,O=C1CN=C(c2ccccc2)c2ccccc2N1
O=C1CN=C(c2ccccc2)c2cc(Cl)ccc2N1CC(F)(F)F,1,1,0.9886236661857898,O=C1CN=C(c2ccccc2)c2ccccc2N1
C[C@@H]1N=C(c2ccccc2Cl)c2cc([N+](=O)[O-])ccc2NC1=O,1,1,0.9559558633372404,O=C1CN=C(c2ccccc2)c2ccccc2N1
N#CCCN1C(=O)C(O)N=C(c2ccccc2F)c2cc(Cl)ccc21,1,1,0.9702734050403958,O=C1CN=C(c2ccccc2)c2ccccc2N1
CC(C)(C)C(=O)OC1N=C(c2ccccc2)c2cc(Cl)ccc2NC1=O,1,1,0.9396108507763736,O=C1CN=C(c2ccccc2)c2ccccc2N1
CN1C(=O)CN=C(c2ccccc2)c2cc(Cl)ccc21,1,1,0.9884335397978525,O=C1CN=C(c2ccccc2)c2ccccc2N1
O=C1CN=C(c2ccccc2)c2cc([N+](=O)[O-])ccc2N1,1,1,0.9573655610673052,O=C1CN=C(c2ccccc2)c2ccccc2N1
O=C1CN=C(c2ccccc2)c2cc(Cl)ccc2N1,1,1,0.9858927011425281,O=C1CN=C(c2ccccc2)c2ccccc2N1
CN1C(=O)CN=C(c2ccccc2F)c2cc([N+](=O)[O-])ccc21,1,1,0.9716316568797557,O=C1CN=C(c2ccccc2)c2ccccc2N1
O=C1CN=C(c2ccccc2F)c2cc(Cl)ccc2N1CC(O)CO,1,1,0.9495511982893504,O=C1CN=C(c2ccccc2)c2ccccc2N1
CN1C(=O)C(O)N=C(c2ccccc2)c2cc(Cl)ccc21,1,1,0.9714675819176171,O=C1CN=C(c2ccccc2)c2ccccc2N1
CN1C(=O)C(O)N=C(c2ccccc2F)c2cc(Cl)ccc21,1,1,0.9764003035514237,O=C1CN=C(c2ccccc2)c2ccccc2N1
COCN1C(=O)CN=C(c2ccccc2)c2cc([N+](=O)[O-])ccc21,1,1,0.9368551193227063,O=C1CN=C(c2ccccc2)c2ccccc2N1
CP(C)(=O)CN1C(=O)CN=C(c2ccccc2)c2cc(Cl)ccc21,1,1,0.9929886200345358,O=C1CN=C(c2ccccc2)c2ccccc2N1
O=C1CN=C(c2ccccc2Cl)c2cc(Cl)ccc2N1,1,1,0.983755890348022,O=C1CN=C(c2ccccc2)c2ccccc2N1
O=C1Nc2ccc(Cl)cc2C(c2ccccc2)=NC1O,1,1,0.9612927933862607,O=C1CN=C(c2ccccc2)c2ccccc2N1
CCN(CC)CCN1C(=O)CN=C(c2ccccc2F)c2cc(Cl)ccc21,1,1,0.9854527381241034,O=C1CN=C(c2ccccc2)c2ccccc2N1
CN1C(=O)CN=C(c2ccccc2)c2cc([N+](=O)[O-])ccc21,1,1,0.9653480286491933,O=C1CN=C(c2ccccc2)c2ccccc2N1
O=C1C(O)N=C(c2ccccc2F)c2cc(Cl)ccc2N1CCO,1,1,0.9456903682357145,O=C1CN=C(c2ccccc2)c2ccccc2N1
OCCOCCOCCN1CCN(C(c2ccccc2)c2ccc(Cl)cc2)CC1,1,1,0.88855908154569,c1ccc(C(c2ccccc2)N2CCNCC2)cc1
CN1CCN(C(c2ccccc2)c2ccc(Cl)cc2)CC1,1,1,0.984719171723805,c1ccc(C(c2ccccc2)N2CCNCC2)cc1
O=C(O)COCCN1CCN(C(c2ccccc2)c2ccc(Cl)cc2)CC1,0,1,0.5898184901594035,c1ccc(C(c2ccccc2)N2CCNCC2)cc1
OCCOCCN1CCN(C(c2ccccc2)c2ccc(Cl)cc2)CC1,1,1,0.8973019919712256,c1ccc(C(c2ccccc2)N2CCNCC2)cc1
CO[C@H]1/C=C/O[C@@]2(C)Oc3c(C)c(O)c4c(O)c(c5c(nc6cc(C)ccn65)c4c3C2=O)NC(=O)/C(C)=C\C=C\[C@H](C)[C@H](O)[C@@H](C)[C@@H](O)[C@@H](C)[C@H](OC(C)=O)[C@@H]1C,0,0,0.018612419125749152,O=C1C=CC=CCCCCCCCCC=COC2Oc3ccc4cc(c5c(nc6ccccn65)c4c3C2=O)N1
O=C1[C@@H]2[C@H]3CC[C@H](C3)[C@@H]2C(=O)N1CCCCN1CCN(c2ncccn2)CC1,1,1,0.9869868071829426,O=C1C2C3CCC(C3)C2C(=O)N1CCCCN1CCN(c2ncccn2)CC1
CN1Cc2c(C(=O)OC(C)(C)C)ncn2-c2ccsc2C1=O,1,1,0.9234026791691703,O=C1NCc2cncn2-c2ccsc21
CCN1CCN(c2cc(-c3ccc(F)cc3)c3c(n2)CCCCCC3)CC1,1,1,0.9707512182650723,c1ccc(-c2cc(N3CCNCC3)nc3c2CCCCCC3)cc1
C=C1c2c(Cl)ccc(O)c2C(O)=C2C(=O)C3(O)C(=O)/C(=C(/N)O)C(=O)C(N(C)C)C3C(O)C12,0,0,0.03894164070334236,C=C1C(=O)CC2CC3C(=C)c4ccccc4C=C3C(=O)C2C1=O
C=C1c2cccc(O)c2C(O)=C2C(=O)[C@]3(O)C(=O)/C(=C(/N)O)C(=O)[C@@H](N(C)C)[C@@H]3[C@@H](O)[C@H]12,0,0,0.04993005911091617,C=C1C(=O)CC2CC3C(=C)c4ccccc4C=C3C(=O)C2C1=O
CC1CN(CCCn2c3ccccc3c3ccccc32)CC(C)N1,1,1,0.9882948443579312,c1ccc2c(c1)c1ccccc1n2CCCN1CCNCC1
CN=C1CN(O)C(c2ccccc2)=c2cc(Cl)ccc2=N1,1,1,0.911400462411064,N=C1CNC(c2ccccc2)=c2ccccc2=N1
CC(C)C(=O)OCC(=O)[C@@]12O[C@H](C3CCCCC3)O[C@@H]1C[C@H]1[C@@H]3CCC4=CC(=O)C=C[C@]4(C)[C@H]3[C@@H](O)C[C@@]12C,1,1,0.9466682440325281,O=C1C=CC2C(=C1)CCC1C2CCC2C1CC1OC(C3CCCCC3)OC12
CC1CCCC1,1,1,0.9898115746762247,C1CCCC1
CNC1CCN2c3ccccc3CCc3cccc1c32,1,1,0.9869523479112645,c1ccc2c(c1)CCc1cccc3c1N2CCC3
CC[C@H](NC(=O)c1c(OCCNC(=O)Cc2ccccn2)c(-c2ccccc2)nc2ccccc12)c1ccccc1,0,0,0.20131723001486496,O=C(Cc1ccccn1)NCCOc1c(-c2ccccc2)nc2ccccc2c1C(=O)NCc1ccccc1
COCC1CN(c2ccc(OCc3cccc(C#N)c3)cc2)C(=O)O1,1,1,0.9661964543877494,O=C1OCCN1c1ccc(OCc2ccccc2)cc1
CNC[C@@H]1CN(c2ccc(OCc3cccc(Cl)c3)cc2)C(=O)O1,1,1,0.9650142611208634,O=C1OCCN1c1ccc(OCc2ccccc2)cc1
O=c1[nH]c2ccccc2c(=O)n1CCCN1CCN(c2cccc(Cl)c2)CC1,1,1,0.9554702703189846,O=c1[nH]c2ccccc2c(=O)n1CCCN1CCN(c2ccccc2)CC1
CC[C@H](C)C(=O)O[C@H]1C[C@H](O)C=C2C=C[C@H](C)[C@H](CC[C@@H](O)C[C@@H](O)CC(=O)O)[C@H]21,0,0,0.3399911337375032,C1=CC2=CCCCC2CC1
COc1ccc2c(c1)C(N1CCN(C)CC1)=Cc1ccccc1O2,1,1,0.9321328231812487,C1=C(N2CCNCC2)c2ccccc2Oc2ccccc21
OC(CCCN1CCc2c(c3cc(F)ccc3n2-c2ccc(F)cc2)C1)c1ccc(F)cc1,1,1,0.9175042252687304,c1ccc(CCCCN2CCc3c(c4ccccc4n3-c3ccccc3)C2)cc1
CC(C)CC(OC(=O)c1ccco1)C(=O)N[C@@H]1C(=O)N2[C@@H]1SC(C)(C)[C@@H]2C(=O)O,0,0,0.08394629300363658,O=C(COC(=O)c1ccco1)NC1C(=O)N2CCSC12
Cc1ncc([N+](=O)[O-])n1CC(O)CCl,1,1,0.6383232020092301,c1c[nH]cn1
Cc1ncc([N+](=O)[O-])n1CCO,1,1,0.6302891598251859,c1c[nH]cn1
CCS(=O)(=O)CCn1c([N+](=O)[O-])cnc1C,1,1,0.697138470117599,c1c[nH]cn1
CN=C(NC#N)NCCSCc1nc[nH]c1C,0,0,0.3078958534745277,c1c[nH]cn1
COc1ccc2c(c1)c1c3n2CCN(C)C3=NCC1,1,1,0.9170571390039319,c1ccc2c(c1)c1c3n2CCNC3=NCC1
CCOc1cc(N)c([N+](=O)[O-])cc1C(=O)NC1CCN(CC2CC=CCC2)CC1,1,1,0.8003110577361492,O=C(NC1CCN(CC2CC=CCC2)CC1)c1ccccc1
Oc1ccc2[nH]cc(CCCCN3CC=C(c4ccccc4)CC3)c2c1,1,1,0.815137850481488,C1=C(c2ccccc2)CCN(CCCCc2c[nH]c3ccccc23)C1
COc1ccccc1N1CCN(CC(O)COc2cc(OC)c(OC)c(OC)c2)CC1,1,1,0.7080686609383472,c1ccc(OCCCN2CCN(c3ccccc3)CC2)cc1
CC(C)N1CCC(N(C(=O)Cc2ccccc2)c2ccc(Cl)cc2)CC1,1,1,0.9774729818989096,O=C(Cc1ccccc1)N(c1ccccc1)C1CCNCC1
CC1(c2ccccc2)CC(=O)N(CN2CCOCC2)C1=O,1,1,0.9724983137599651,O=C1CC(c2ccccc2)C(=O)N1CN1CCOCC1
COc1ccc(Cl)c2c1CCCC2N(C)C,1,1,0.9657066059574968,c1ccc2c(c1)CCCC2
CC(C)(C)NCC(O)COc1cccc2c1C[C@H](O)[C@H](O)C2,1,0,0.4078246749609689,c1ccc2c(c1)CCCC2
CC(C)C(=O)OCc1cccc(OC(=O)[C@@H]2N3C(=O)[C@@H](NC(=O)Cc4ccccc4)[C@H]3SC2(C)C)c1,0,0,0.3024590743630647,O=C(Cc1ccccc1)NC1C(=O)N2C(C(=O)Oc3ccccc3)CSC12
Fc1ccc(C(CCCN2CCN(CCNc3ccccc3)CC2)c2ccc(F)cc2)cc1,1,1,0.8481167318054665,c1ccc(NCCN2CCN(CCCC(c3ccccc3)c3ccccc3)CC2)cc1
NNc1nncc2ccccc12,0,0,0.36443284074184845,c1ccc2cnncc2c1
CCN1CCN(C(=O)N[C@@H](C(=O)N[C@@H]2C(=O)N3[C@@H]2SC(C)(C)[C@@H]3C(=O)O)c2ccccc2)C(=O)C1=O,1,0,0.12055636957516305,O=C1NCCN(C(=O)NC(C(=O)NC2C(=O)N3CCSC23)c2ccccc2)C1=O
COc1cc(N)c(Cl)cc1C(=O)NC1CCN(Cc2ccccc2)CC1,1,1,0.8951893849083571,O=C(NC1CCN(Cc2ccccc2)CC1)c1ccccc1
CN1CCC(=C2c3ccccc3C(O)c3ccccc32)CC1,1,1,0.9489375898618375,c1ccc2c(c1)Cc1ccccc1C2=C1CCNCC1
CN(C)CCN1C(=O)c2ccccc2N(C)c2ccccc21,1,1,0.9674949142836975,O=C1Nc2ccccc2Nc2ccccc21
CC/C(=C(/CC)c1ccc(O)cc1)c1ccc(O)cc1,0,1,0.6646854704282555,C(=Cc1ccccc1)c1ccccc1
CCc1nn(CCCN2CCN(c3cccc(Cl)c3)CC2)c(=O)n1CC,1,1,0.9424505179199405,O=c1[nH]cnn1CCCN1CCN(c2ccccc2)CC1
CN1CCN(C(=O)OC2c3nccnc3C(=O)N2c2ccc(Cl)cn2)CC1,1,1,0.9424112268935335,O=C(OC1c2nccnc2C(=O)N1c1ccccn1)N1CCNCC1
O=C(CCCN1CCN(c2ccccn2)CC1)c1ccc(F)cc1,1,1,0.9163022530352203,O=C(CCCN1CCN(c2ccccn2)CC1)c1ccccc1
C[C@]1(Cn2ccnn2)[C@H](C(=O)O)N2C(=O)C[C@H]2S1(=O)=O,0,0,0.14416608815784965,O=C1CC2N1CC(Cn1ccnn1)S2(=O)=O
CC1=C2C(c3cccc(Cl)c3)=NCCN=C2N(C)N1,1,1,0.96687482081978,C1=C2C(=NCCN=C2c2ccccc2)NN1
CCCCC1C(=O)N(c2ccccc2)N(c2ccccc2)C1=O,0,1,0.6738857171056573,O=C1CC(=O)N(c2ccccc2)N1c1ccccc1
NS(=O)(=O)c1ccc(N2CCCCS2(=O)=O)cc1,1,1,0.79160521221294,O=S1(=O)CCCCN1c1ccccc1
CC(=O)OC1/C=C/C(C)=C/CC(O)/C=C/C(C)=C/C(NC(=O)C(C)=O)C2(C)C(=O)OC(C1)C(C)C2=O,0,0,0.4450716446260859,O=C1CC2CCC=CC=CCCC=CC=CCC1C(=O)O2
O=C1CC[C@@]2(O)[C@H]3Cc4ccc(O)c5c4[C@@]2(CCN3CC2CC2)[C@H]1O5,1,1,0.8863200081875484,O=C1CCC2C3Cc4cccc5c4C2(CCN3CC2CC2)C1O5
CC[C@H]1CC(=O)[C@@H]2Oc3c(OC)ccc4c3[C@@]23CCN(CC2CC2)C(C4)[C@H]13,1,1,0.9698673527159133,O=C1CCC2C3Cc4cccc5c4C2(CCN3CC2CC2)C1O5
C#CC1(OCC(O)CN2CCN(c3ccc(F)cc3)CC2)CCCCC1,1,1,0.7440334990997536,c1ccc(N2CCN(CCCOC3CCCCC3)CC2)cc1
CO[C@H]1[C@@H](O)[C@H](N)[C@@H](O[C@H]2O[C@H](C(C)N)CC[C@H]2N)[C@H](O)[C@@H]1N(C)C(=O)CN,0,0,0.10944950025360393,C1CCC(OC2CCCCO2)CC1
NC[C@H]1O[C@H](O[C@H]2[C@H](O)[C@@H](O)[C@H](N)C[C@@H]2N)[C@H](N)[C@@H](O)[C@@H]1O,0,0,0.09703468791517561,C1CCC(OC2CCCCO2)CC1
O=C1N(C(O)C(Cl)(Cl)Cl)CNC1(c1ccccc1)c1ccccc1,1,1,0.9627427609477237,O=C1NCNC1(c1ccccc1)c1ccccc1
O=C1NCNC1(c1ccccc1)c1ccccc1,1,1,0.9584425692455503,O=C1NCNC1(c1ccccc1)c1ccccc1
Nc1[nH]c(=O)ncc1F,1,1,0.8757882100973382,O=c1nccc[nH]1
C[C@H]1c2ccccc2[C@@H](CCCN(C)C)c2cc(C(F)(F)F)ccc21,1,1,0.9879843830625848,c1ccc2c(c1)Cc1ccccc1C2
O=C(c1cccnc1)N1CCOCC1,1,1,0.9322527324916421,O=C(c1cccnc1)N1CCOCC1
CCO[C@H]1CCN(C(=O)c2cc(-c3ccccc3)c(=O)n3c2-c2cc(Cl)ccc2CC3)C1,1,1,0.8898901351041318,O=C(c1cc(-c2ccccc2)c(=O)n2c1-c1ccccc1CC2)N1CCCC1
COc1cccc(CC(=O)N2CCN(C(C)=O)C[C@@H]2CN2CC[C@@H](O)C2)c1,0,0,0.232091226021665,O=C(Cc1ccccc1)N1CCNCC1CN1CCCC1
CC(=O)N1CCN(C(=O)Cc2ccc([N+](=O)[O-])cc2)[C@@H](CN2CC[C@H](O)C2)C1,0,0,0.15010683849005085,O=C(Cc1ccccc1)N1CCNCC1CN1CCCC1
COc1ccc(CC(=O)N2CCN(C(C)=O)C[C@@H]2CN2CC[C@@H](O)C2)cc1,0,0,0.22698579043748446,O=C(Cc1ccccc1)N1CCNCC1CN1CCCC1
CC(=O)N1CCN(C(=O)Cc2ccc(Cl)c(Cl)c2)[C@@H](CN2CCCC2)C1,1,1,0.5635633533298403,O=C(Cc1ccccc1)N1CCNCC1CN1CCCC1
COC(=O)N1CCN(C(=O)Cc2ccc(Cl)c(Cl)c2)[C@@H](CN2CCCC2)C1,1,1,0.8453177722286543,O=C(Cc1ccccc1)N1CCNCC1CN1CCCC1
CN1CCN(C(=O)Cc2ccc(Cl)c(Cl)c2)[C@@H](CN2CCCC2)C1,1,1,0.9304129501683982,O=C(Cc1ccccc1)N1CCNCC1CN1CCCC1
O=C(Cc1ccc(Cl)c(Cl)c1)N1CCN(CCO)C[C@@H]1CN1CC[C@@H](O)C1,0,1,0.5602144067333239,O=C(Cc1ccccc1)N1CCNCC1CN1CCCC1
CC(=O)N1CCN(C(=O)Cc2cccc([N+](=O)[O-])c2)[C@@H](CN2CC[C@H](O)C2)C1,0,0,0.15054615640171118,O=C(Cc1ccccc1)N1CCNCC1CN1CCCC1
CC(=O)N1CCN(C(=O)Cc2ccccc2)[C@@H](CN2CC[C@@H](O)C2)C1,0,0,0.2992240758526174,O=C(Cc1ccccc1)N1CCNCC1CN1CCCC1
CC(=O)N1CCN(C(=O)Cc2ccc([S@@](C)=O)cc2)[C@@H](CN2CC[C@H](O)C2)C1,0,0,0.10433772154084518,O=C(Cc1ccccc1)N1CCNCC1CN1CCCC1
CC(=O)N1CCN(C(=O)Cc2ccc(S(C)(=O)=O)cc2)[C@@H](CN2CC[C@H](O)C2)C1,0,0,0.20059220376511802,O=C(Cc1ccccc1)N1CCNCC1CN1CCCC1
CCOC(=O)N1CCN(C(=O)Cc2ccc(Cl)c(Cl)c2)[C@@H](CN2CCCC2)C1,1,1,0.8742403068840657,O=C(Cc1ccccc1)N1CCNCC1CN1CCCC1
CCCOC(=O)N1CCN(C(=O)Cc2ccc(Cl)c(Cl)c2)[C@@H](CN2CCCC2)C1,1,1,0.8935425664032395,O=C(Cc1ccccc1)N1CCNCC1CN1CCCC1
CC(=O)N1CCN(C(=O)Cc2ccc(Cl)c(Cl)c2)[C@@H](CN2CC[C@@H](O)C2)C1,0,0,0.34376431127026646,O=C(Cc1ccccc1)N1CCNCC1CN1CCCC1
CC(=O)N1CCN(C(=O)Cc2ccc(C(F)(F)F)cc2)[C@@H](CN2CC[C@@H](O)C2)C1,0,0,0.3366121344183666,O=C(Cc1ccccc1)N1CCNCC1CN1CCCC1
CSc1ccc(CC(=O)N2CCN(C(C)=O)C[C@@H]2CN2CC[C@@H](O)C2)cc1,0,0,0.31350443853066823,O=C(Cc1ccccc1)N1CCNCC1CN1CCCC1
CC(=O)N1CCN(C(=O)Cc2cc(F)cc(F)c2)[C@@H](CN2CC[C@@H](O)C2)C1,0,0,0.312803741426259,O=C(Cc1ccccc1)N1CCNCC1CN1CCCC1
OC(C1=NCCN1)(c1ccc(Cl)cc1)c1ccccn1,1,1,0.9264085147849318,c1ccc(C(C2=NCCN2)c2ccccn2)cc1
C[N+]1(C)CCCC(OC(=O)C(O)(c2ccccc2)c2ccccc2)C1,0,1,0.8675139581520822,O=C(OC1CCC[NH2+]C1)C(c1ccccc1)c1ccccc1
CC(=O)NNC(=O)CC(O)(c1ccccc1)c1ccccc1,1,1,0.7703424172608487,c1ccc(Cc2ccccc2)cc1
CCC(=O)C(CC(C)N(C)C)(c1ccccc1)c1ccccc1,1,1,0.9632324875036743,c1ccc(Cc2ccccc2)cc1
CCCCSc1ccc(C(SCCN(C)C)c2ccccc2)cc1,1,1,0.9580924527974569,c1ccc(Cc2ccccc2)cc1
CCC(O)C(CC(C)N(C)C)(c1ccccc1)c1ccccc1,1,1,0.9326224263549461,c1ccc(Cc2ccccc2)cc1
CNCCCCOc1ccccc1Cc1ccccc1,1,1,0.8613896901919258,c1ccc(Cc2ccccc2)cc1
CN(C)CCOC(c1ccccc1)c1ccc(Br)cc1,1,1,0.9784782862221625,c1ccc(Cc2ccccc2)cc1
CN(C)CCOC(c1ccccc1)c1ccccc1C(C)(C)C,1,1,0.9545258665406706,c1ccc(Cc2ccccc2)cc1
CCC(OC(C)=O)C(CC(C)N(C)C)(c1ccccc1)c1ccccc1,1,1,0.9166434044176449,c1ccc(Cc2ccccc2)cc1
CN(C)CCOC(C)(c1ccccc1)c1ccc(Cl)cc1,1,1,0.9672585120723224,c1ccc(Cc2ccccc2)cc1
CCC(=O)C(c1ccccc1)(c1ccccc1)C(C)CN(C)C,1,1,0.9653252625584631,c1ccc(Cc2ccccc2)cc1
CN(C)CCOC(c1ccccc1)c1ccccc1,1,1,0.9645192379152547,c1ccc(Cc2ccccc2)cc1
Cc1ccccc1C(OCCN(C)C)c1ccccc1,1,1,0.9642729021771741,c1ccc(Cc2ccccc2)cc1
CNCCOC(c1ccccc1)c1ccccc1C,1,1,0.9407383644894216,c1ccc(Cc2ccccc2)cc1
CC[C@@H](O)C(C[C@@H](C)N(C)C)(c1ccccc1)c1ccccc1,1,1,0.9326224263549461,c1ccc(Cc2ccccc2)cc1
CN(C)CC(O)C(c1ccccc1)c1ccc(Cl)cc1,1,1,0.9581245687078462,c1ccc(Cc2ccccc2)cc1
CC(CN(C)C)OC(C)(c1ccccc1)c1ccc(Cl)cc1,0,1,0.9562245966180131,c1ccc(Cc2ccccc2)cc1
CCN(CC)CCOC(=O)C(O)(c1ccccc1)c1ccccc1,1,1,0.8137516842896079,c1ccc(Cc2ccccc2)cc1
NC(=O)CS(=O)C(c1ccccc1)c1ccccc1,1,1,0.8597618679297709,c1ccc(Cc2ccccc2)cc1
CCCCCC(N)C(O)(c1ccccc1)c1ccccc1,1,1,0.8099090394528355,c1ccc(Cc2ccccc2)cc1
CCC(=O)C(CCN(C)C)(c1ccccc1)c1ccccc1,1,1,0.9644946940326111,c1ccc(Cc2ccccc2)cc1
O=C(O)CCCCC1SCC2NC(=O)NC21,1,1,0.718407383153903,O=C1NC2CSCC2N1
CC1(C)S[C@@H]2[C@H](NC(=O)c3nc4ccccc4nc3C(=O)O)C(=O)N2[C@H]1C(=O)O,0,0,0.12645560785380555,O=C(NC1C(=O)N2CCSC12)c1cnc2ccccc2n1
COc1cc([C@@H]2c3cc4c(cc3[C@@H](OC3OC5COC(c6cccs6)OC5C(O)C3O)[C@H]3COC(=O)[C@H]23)OCO4)cc(OC)c1O,1,0,0.4466194912444249,O=C1OCC2C(OC3CCC4OC(c5cccs5)OCC4O3)c3cc4c(cc3C(c3ccccc3)C12)OCO4
CC1C2Cc3ccc(O)cc3C1(C)CCN2C,1,1,0.889450375783141,c1ccc2c(c1)CC1CC2CCN1
CC(C)=CCN1CC[C@@]2(C)c3cc(O)ccc3C[C@@H]1[C@H]2C,1,1,0.9394945083065527,c1ccc2c(c1)CC1CC2CCN1
CCCCCC(=O)CC[C@]1(C)[C@@H]2Cc3ccc(O)cc3[C@@]1(C)CCN2C,1,1,0.867076829114738,c1ccc2c(c1)CC1CC2CCN1
CO[C@@H]1[C@@H](OC(N)=O)[C@@H](O)[C@H](Oc2ccc3c(=O)c(NC(=O)c4ccc(O)c(CC=C(C)C)c4)c(O)oc3c2C)OC1(C)C,0,0,0.051127469652545554,O=C(Nc1coc2cc(OC3CCCCO3)ccc2c1=O)c1ccccc1
CN(C)CCCN1c2ccccc2CCc2ccccc21,1,1,0.9606671098462611,c1ccc2c(c1)CCc1ccccc1N2
C[N+](C)([O-])CCCN1c2ccccc2CCc2ccccc21,1,1,0.9793762827086399,c1ccc2c(c1)CCc1ccccc1N2
NCCCN1c2ccccc2CCc2ccccc21,1,1,0.920808297197612,c1ccc2c(c1)CCc1ccccc1N2
CC(CN(C)C)CN1c2ccccc2CCc2ccccc21,1,1,0.9624320610119281,c1ccc2c(c1)CCc1ccccc1N2
CNC1Cc2ccccc2N(C)c2ccccc21,1,1,0.9361541248092621,c1ccc2c(c1)CCc1ccccc1N2
CNCCCN1c2ccccc2CCc2ccccc21,1,1,0.9103200599000686,c1ccc2c(c1)CCc1ccccc1N2
CN(C)CCCN1c2ccccc2CCc2ccc(C#N)cc21,1,1,0.9170108390592109,c1ccc2c(c1)CCc1ccccc1N2
CN(C)CCCN1c2ccccc2CCc2ccc(Cl)cc21,1,1,0.9648774299876841,c1ccc2c(c1)CCc1ccccc1N2
CC(=O)Oc1ccc2c3c1O[C@H]1[C@@H](OC(C)=O)C=C[C@H]4[C@@H](C2)N(C)CC[C@@]341,1,1,0.8846813748846082,C1=CC2C3Cc4cccc5c4C2(CCN3)C(C1)O5
COc1ccc2c3c1O[C@H]1[C@@H](O)C=C[C@H]4[C@@H](C2)N(C)CC[C@@]341,1,1,0.9016489347822113,C1=CC2C3Cc4cccc5c4C2(CCN3)C(C1)O5
C=CCN1CCC23c4c5ccc(OC(C)=O)c4OC2C(OC(C)=O)C=CC3C1C5,1,1,0.9154161005914239,C1=CC2C3Cc4cccc5c4C2(CCN3)C(C1)O5
COc1ccc2c3c1OC1C(O)C=CC4C(C2)NCCC341,1,1,0.8479663946460163,C1=CC2C3Cc4cccc5c4C2(CCN3)C(C1)O5
C=CCN1CC[C@]23c4c5ccc(O)c4O[C@H]2[C@@H](O)C=C[C@H]3[C@H]1C5,1,1,0.8609750364017282,C1=CC2C3Cc4cccc5c4C2(CCN3)C(C1)O5
CN1CC[C@]23c4c5ccc(O)c4O[C@H]2C(O)C=C[C@H]3[C@H]1C5,1,1,0.7495575028316378,C1=CC2C3Cc4cccc5c4C2(CCN3)C(C1)O5
Oc1ccc2c3c1OC1C(O)C=CC4C(C2)NCCC341,1,1,0.6771411203666349,C1=CC2C3Cc4cccc5c4C2(CCN3)C(C1)O5
CCn1nnn(CCN2CC[C@H](N(C(=O)COC)c3ccccc3F)[C@H](C)C2)c1=O,1,1,0.9475181526261159,O=c1[nH]nnn1CCN1CCC(Nc2ccccc2)CC1
CCC(=O)N(c1ccccc1)C1(COC)CCN(CCn2nnn(CC)c2=O)CC1,1,1,0.9444044831695351,O=c1[nH]nnn1CCN1CCC(Nc2ccccc2)CC1
Cc1ccc(CC2=CNC(NCCSCc3ccc(CN(C)C)o3)=NC2)cn1,0,0,0.42647789966472005,C1=C(Cc2cccnc2)CN=C(NCCSCc2ccco2)N1
O=C(NCCN1CCN(c2ncccn2)CC1)C12CC3CC(CC(C3)C1)C2,1,1,0.9840849196817515,O=C(NCCN1CCN(c2ncccn2)CC1)C12CC3CC(CC(C3)C1)C2
COC1C(O)CC(=O)OC(C)C/C=C/C=C/C(OC2CCC(N(C)C)C(C)O2)C(C)CC(CC=O)C1OC1OC(C)C(OC2CC(C)(O)C(O)C(C)O2)C(N(C)C)C1O,0,0,0.004780590085860211,O=C1CCCC(OC2CCC(OC3CCCCO3)CO2)CCCC(OC2CCCCO2)C=CC=CCCO1
CCOC1c2ccccc2C(=O)N(C)c2ccccc21,1,1,0.9725819454803105,O=C1Nc2ccccc2Cc2ccccc21
CN1[C@@H]2CC(OC(=O)[C@H](CO)c3ccccc3)C[C@H]1[C@@H]1O[C@@H]12,0,1,0.7481807919106592,O=C(Cc1ccccc1)OC1CC2NC(C1)C1OC21
N[C@@H](C(=O)N[C@@H]1C(=O)N2C(C(=O)O)=C(Cl)CS[C@H]12)c1ccccc1,0,0,0.048480100336714294,O=C(Cc1ccccc1)NC1C(=O)N2C=CCSC12
CC1=C(C(=O)O)N2C(=O)[C@@H](NC(=O)[C@H](N)c3ccc(O)cc3)[C@H]2SC1,0,0,0.03825477536355713,O=C(Cc1ccccc1)NC1C(=O)N2C=CCSC12
CC1=C(C(=O)O)N2C(=O)[C@@H](NC(=O)[C@H](N)c3ccccc3)[C@H]2SC1,0,0,0.06635820679996685,O=C(Cc1ccccc1)NC1C(=O)N2C=CCSC12
CC(=O)OCC1=C(C(=O)O)N2C(=O)[C@@H](NC(=O)Cc3ccccc3)[C@H]2SC1,0,0,0.13245417913038668,O=C(Cc1ccccc1)NC1C(=O)N2C=CCSC12
CC1=C(C(=O)O)N2C(=O)[C@@H](NC(=O)[C@H](N)c3cccc(NS(C)(=O)=O)c3)[C@H]2SC1,0,0,0.033372767700686354,O=C(Cc1ccccc1)NC1C(=O)N2C=CCSC12
CC1=C(C(=O)O)N2C(=O)[C@@H](NC(=O)[C@H](N)c3ccc(O)c(Cl)c3)[C@H]2SC1,0,0,0.03158361753300022,O=C(Cc1ccccc1)NC1C(=O)N2C=CCSC12
CC(=O)OCC1=C(C(=O)O)N2C(=O)[C@@H](NC(=O)[C@H](N)c3ccccc3)[C@H]2SC1,0,0,0.08645500124325514,O=C(Cc1ccccc1)NC1C(=O)N2C=CCSC12
C/C=C/C1=C(C(=O)O)N2C(=O)[C@@H](NC(=O)[C@H](N)c3ccc(O)cc3)[C@H]2SC1,0,0,0.046500578239077536,O=C(Cc1ccccc1)NC1C(=O)N2C=CCSC12
CN1CCN(c2cc3c(cc2F)c(=O)c(C(=O)O)cn3-c2ccc(F)cc2)CC1,0,0,0.3880201566152274,O=c1ccn(-c2ccccc2)c2cc(N3CCNCC3)ccc12
CC(CN1C(=O)c2cccnc2Nc2ccccc21)N(C)C,1,1,0.9400764915191695,O=C1Nc2ccccc2Nc2ncccc21
COc1ccc2c(c1)/C(=C/CCN(C)C)c1ccccc1O2,1,1,0.9464825747719217,C=C1c2ccccc2Oc2ccccc21
Cc1nc(C)c2c(n1)N(Cc1ccc(-c3ccccc3-c3nn[nH]n3)cc1)C(=O)CC2,1,1,0.9175760365404221,O=C1CCc2cncnc2N1Cc1ccc(-c2ccccc2-c2nn[nH]n2)cc1
CN1C[C@@H]2Cc3ccc(Cl)cc3[C@@H](c3ccccc3)[C@@H]2C1,1,1,0.9835215181793743,c1ccc(C2c3ccccc3CC3CNCC32)cc1
NS(=O)(=O)c1cc2c(cc1Cl)NCNS2(=O)=O,0,0,0.22496005442666014,O=S1(=O)NCNc2ccccc21
NS(=O)(=O)c1cc2c(cc1C(F)(F)F)NCNS2(=O)=O,0,0,0.19552559837954642,O=S1(=O)NCNc2ccccc21
NS(=O)(=O)c1cc2c(cc1Cl)NC(C(Cl)Cl)NS2(=O)=O,0,0,0.1603575322682636,O=S1(=O)NCNc2ccccc21
CN1C(CCl)Nc2cc(Cl)c(S(N)(=O)=O)cc2S1(=O)=O,0,0,0.35768127458919774,O=S1(=O)NCNc2ccccc21
CN1C(CSCC(F)(F)F)Nc2cc(Cl)c(S(N)(=O)=O)cc2S1(=O)=O,0,0,0.3033056327287153,O=S1(=O)NCNc2ccccc21
CN(C)CC[C@]1(c2ccccc2)CCc2ccccc2C1=O,1,1,0.9714849142901057,O=C1c2ccccc2CCC1c1ccccc1
NC(=O)CN1CC(O)CC1=O,1,1,0.8409053003154305,O=C1CCCN1
NC(=O)CN1CCCC1=O,1,1,0.910456604017393,O=C1CCCN1
CC(C)N(CCNC(=O)CN1CCCC1=O)C(C)C,1,1,0.8240576632950004,O=C1CCCN1
CCC(C(N)=O)N1CCCC1=O,1,1,0.9091165493346302,O=C1CCCN1
CC1(C)S[C@@H]2[C@H](NC(=O)[C@H](NC(=O)c3ccc(-c4ccc(S(=O)(=O)N(CCO)CCO)cc4)[nH]c3=O)c3ccc(O)cc3)C(=O)N2[C@H]1C(=O)[O-],0,0,0.01363988356625254,O=C(NC(C(=O)NC1C(=O)N2CCSC12)c1ccccc1)c1ccc(-c2ccccc2)[nH]c1=O
CN1CC(CSc2ccccn2)C=C2c3cccc4[nH]cc(c34)CC21,1,1,0.949376073502694,C1=C2c3cccc4[nH]cc(c34)CC2NCC1CSc1ccccn1
O=c1[nH]c(=O)n([C@H]2C[C@H](O)[C@@H](CO)O2)cc1F,0,1,0.7236646357526701,O=c1ccn(C2CCCO2)c(=O)[nH]1
Cc1cn([C@H]2C[C@H](N=[N+]=[N-])[C@@H](CO)O2)c(=O)[nH]c1=O,0,0,0.4790370410463406,O=c1ccn(C2CCCO2)c(=O)[nH]1
Cc1cn([C@H]2C[C@H](F)[C@@H](CO)O2)c(=O)[nH]c1=O,1,1,0.8113029243752159,O=c1ccn(C2CCCO2)c(=O)[nH]1
O=c1ccn(C2OC(CO)C(O)C2O)c(=O)[nH]1,1,1,0.5586490931884229,O=c1ccn(C2CCCO2)c(=O)[nH]1
CSc1ccc2c(c1)N(CCC1CCCNC1)c1ccccc1S2,1,1,0.9898314297215867,c1ccc2c(c1)Sc1ccccc1N2CCC1CCCNC1
CN(C)C(=O)Oc1ccc[n+](C)c1,1,1,0.9102250529970485,c1cc[nH+]cc1
FC(F)(F)c1cccc(N2CCN(CCc3nnc4n3C[C@H]3CCC[C@@H]43)CC2)c1,1,1,0.9527482392935614,c1ccc(N2CCN(CCc3nnc4n3CC3CCCC43)CC2)cc1
O=C1Cc2cc(CCN3CCN(c4nsc5ccccc45)CC3)c(Cl)cc2N1,1,1,0.9826533990330398,O=C1Cc2cc(CCN3CCN(c4nsc5ccccc45)CC3)ccc2N1
COC(=O)c1cncn1C(C)c1ccccc1,1,1,0.8930388195996742,c1ccc(Cn2ccnc2)cc1
CCOC(=O)c1cncn1C(C)c1ccccc1,1,1,0.9030785251406163,c1ccc(Cn2ccnc2)cc1
CCCOC(=O)c1cncn1C(C)c1ccccc1,1,1,0.9127470512938443,c1ccc(Cn2ccnc2)cc1
Cc1nccn1C(C)c1ccccc1,1,1,0.9387367851085228,c1ccc(Cn2ccnc2)cc1
CCOC(=O)c1cncn1C(C)c1ccc(F)cc1,1,1,0.9285604633408245,c1ccc(Cn2ccnc2)cc1
O=C(CCCN1CC=C(n2c(=O)[nH]c3ccccc32)CC1)c1ccc(F)cc1,1,1,0.9679104148308061,O=C(CCCN1CC=C(n2c(=O)[nH]c3ccccc32)CC1)c1ccccc1
Cc1oc(=O)oc1COC(=O)[C@@H]1N2C(=O)[C@@H](NC(=O)[C@H](N)c3ccccc3)[C@H]2SC1(C)C,0,0,0.21074566408674777,O=C(Cc1ccccc1)NC1C(=O)N2C(C(=O)OCc3coc(=O)o3)CSC12
CC12CC3CC(C)(C1)CC(N)(C3)C2,1,1,0.9619768730930459,C1C2CC3CC1CC(C2)C3
NC12CC3CC(CC(C3)C1)C2,1,1,0.9561773088022645,C1C2CC3CC1CC(C2)C3
NNC(=O)CP(=O)(c1ccccc1)c1ccccc1,1,1,0.9492921563765393,O=[PH](c1ccccc1)c1ccccc1
CCC(C)(O)C1CC23C=CC1(OC)C1Oc4c(OC)ccc5c4C12CCN(CC1CC1)C3C5,1,1,0.9698446386404345,C1=CC23CCC1C1Oc4cccc5c4C12CCN(CC1CC1)C3C5
COC12C=CC3(CC1C(C)(C)O)[C@@H]1Cc4ccc(O)c5c4[C@]3(CCN1CC1CC1)[C@@H]2O5,1,1,0.9298844293783721,C1=CC23CCC1C1Oc4cccc5c4C12CCN(CC1CC1)C3C5
COC1=C(C(=O)O)N2C(=O)C(NC(=O)C(N)C3C=CCC=C3)C2SC1,0,0,0.09283979781057357,O=C(CC1C=CCC=C1)NC1C(=O)N2C=CCSC12
Clc1ccc2c(c1)/C(=C/C1CN3CCC1CC3)c1ccccc1S2,1,1,0.9765808011615831,C(=C1c2ccccc2Sc2ccccc21)C1CN2CCC1CC2
CC(C)CC1NC(=O)C(CCCN)NC(=O)C(C(C)C)NC(=O)C2CCCN2C(=O)C(Cc2ccccc2)NC(=O)C(CC(C)C)NC(=O)C(CCCN)NC(=O)C(C(C)C)NC(=O)C2CCCN2C(=O)C(Cc2ccccc2)NC1=O,0,0,0.03305215698966994,O=C1CNC(=O)CNC(=O)C2CCCN2C(=O)C(Cc2ccccc2)NC(=O)CNC(=O)CNC(=O)CNC(=O)C2CCCN2C(=O)C(Cc2ccccc2)NC(=O)CN1
FC(F)(F)c1ccc2c(c1)N(CCCN1CCN(CCC3OCCCO3)CC1)c1ccccc1S2,1,1,0.9769268140009704,c1ccc2c(c1)Sc1ccccc1N2CCCN1CCN(CCC2OCCCO2)CC1
Clc1ccc(N2CCN(C/C=C/c3ccccc3)CC2)nn1,1,1,0.9853424999306455,C(=Cc1ccccc1)CN1CCN(c2cccnn2)CC1
CCCCCCOc1nsnc1C1=CCCN(C)C1,1,1,0.9822630807970689,C1=C(c2cnsn2)CNCC1
CCCCCCSc1nsnc1C1=CCCN(C)C1,1,1,0.992366749270762,C1=C(c2cnsn2)CNCC1
CN1CC(=O)N=C1NC(=O)Nc1cccc(Cl)c1,1,1,0.9886656231923124,O=C1CNC(NC(=O)Nc2ccccc2)=N1
CNCCC(Oc1ccc(C(F)(F)F)cc1)c1ccccc1,1,1,0.9508311760259867,c1ccc(COc2ccccc2)cc1
CNCC[C@@H](Oc1ccccc1C)c1ccccc1,1,1,0.9149076550192073,c1ccc(COc2ccccc2)cc1
CNCCC(Oc1ccccc1OC)c1ccccc1,1,1,0.8958283721899937,c1ccc(COc2ccccc2)cc1
NCCC(Oc1ccc(C(F)(F)F)cc1)c1ccccc1,1,1,0.936331504588654,c1ccc(COc2ccccc2)cc1
O=C1CCCN1CCCCN1CCN(c2cc(C(F)(F)F)ccn2)CC1,1,1,0.892977814228743,O=C1CCCN1CCCCN1CCN(c2ccccn2)CC1
O=C1CCCN1CCCCN1CCN(c2cc(C(F)(F)F)cc(Cl)n2)CC1,1,1,0.8785096593836894,O=C1CCCN1CCCCN1CCN(c2ccccn2)CC1
O=C1N=C(NC2CC2)OC1c1ccccc1,1,1,0.993323580939479,O=C1N=C(NC2CC2)OC1c1ccccc1
O=C1CC2(CCCC2)CC(=O)N1CCNCC1COc2ccccc2O1,1,1,0.9250363030464123,O=C1CC2(CCCC2)CC(=O)N1CCNCC1COc2ccccc2O1
COc1ccc(S(N)(=O)=O)cc1C(=O)NCC1CCCN1Cc1ccc(F)cc1,1,1,0.5268827531260611,O=C(NCC1CCCN1Cc1ccccc1)c1ccccc1
CC[C@H]1OC(=O)[C@H](C)[C@@H](O[C@H]2C[C@@](C)(OC)[C@@H](O)[C@H](C)O2)C(C)[C@@H](O[C@@H]2O[C@H](C)C[C@H](N(C)C)[C@H]2O)[C@](C)(O)C[C@@H](C)CN(C)[C@H](C)[C@@H](O)[C@]1(C)O,0,0,0.014408661271201256,O=C1CC(OC2CCCCO2)CC(OC2CCCCO2)CCCCNCCCCO1
O=C1c2ccccc2S(=O)(=O)N1CCCCN1CCN(c2ncccn2)CC1,1,1,0.9120987487348263,O=C1c2ccccc2S(=O)(=O)N1CCCCN1CCN(c2ncccn2)CC1
CCC1NC(=O)C(NC(=O)c2ncccc2O)C(C)OC(=O)C(c2ccccc2)NC(=O)C2CC(=O)CCN2C(=O)C(Cc2ccc(N(C)C)cc2)N(C)C(=O)C2CCCN2C1=O,0,0,0.031438078118641605,O=C1CCN2C(=O)C(Cc3ccccc3)NC(=O)C3CCCN3C(=O)CNC(=O)C(NC(=O)c3ccccn3)COC(=O)C(c3ccccc3)NC(=O)C2C1
CC1NC(=O)C(NC(=O)c2ncccc2O)C(C)OC(=O)C(c2ccccc2)NC(=O)C2CC(=O)CCN2C(=O)C(Cc2ccc(N(C)C)cc2)N(C)C(=O)C2CCCN2C1=O,0,0,0.028330419415450246,O=C1CCN2C(=O)C(Cc3ccccc3)NC(=O)C3CCCN3C(=O)CNC(=O)C(NC(=O)c3ccccn3)COC(=O)C(c3ccccc3)NC(=O)C2C1
CN1CCc2cc(Cl)c(O)cc2[C@@H](c2cc(Br)cc3c2OCC3)C1,1,1,0.9227117530648605,c1ccc2c(c1)CCNCC2c1cccc2c1OCC2
CN1CCc2cc(Cl)c(O)cc2[C@@H](c2cccc3c2OCC3)C1,1,1,0.895465738210562,c1ccc2c(c1)CCNCC2c1cccc2c1OCC2
COC(=O)[C@@]1(O)CC[C@H]2C3CCC(=O)C4C(=O)C=CC4(C)[C@H]3C(O)CC21C,1,1,0.7235802522013375,O=C1C=CC2C1C(=O)CCC1C3CCCC3CCC21
CCC(C)C(N)C1=NC(C(=O)N[C@@H](CC(C)C)C(=O)N[C@H](CCC(=O)O)C(=O)N[C@H](C(=O)NCCCC[C@@H]2NC(=O)[C@H](CC(N)=O)NC(=O)[C@@H](CC(=O)O)NC(=O)[C@H](Cc3cnc[nH]3)NC(=O)[C@@H](Cc3ccccc3)NC(=O)[C@H]([C@@H](C)CC)NC(=O)[C@@H](CCCN)NC2=O)[C@@H](C)CC)CS1,0,0,0.08690313505225197,O=C(CNC(=O)CNC(=O)CNC(=O)C1CSC=N1)NCCCCC1NC(=O)CNC(=O)CNC(=O)C(Cc2cnc[nH]2)NC(=O)C(Cc2ccccc2)NC(=O)CNC(=O)CNC1=O
CC(=O)OCC(=O)[C@@]12N=C(C)O[C@@H]1C[C@H]1[C@@H]3CCC4=CC(=O)C=C[C@]4(C)[C@H]3[C@@H](O)C[C@@]12C,1,1,0.9845738660482182,O=C1C=CC2C(=C1)CCC1C2CCC2C1CC1OC=NC12
CC(=O)OCC(=O)C12N=C(C)OC1CC1C3CCC4=CC(=O)C=CC4(C)[C@@]3(F)C(O)CC12C,1,1,0.9897066870428987,O=C1C=CC2C(=C1)CCC1C2CCC2C1CC1OC=NC12
O=C1NC(=O)C(c2ccccc2)(c2ccccc2)N1,1,1,0.930824576306005,O=C1NC(=O)C(c2ccccc2)(c2ccccc2)N1
O=C1NC(c2ccccc2)(c2ccccc2)C(=O)N1COP(=O)(O)O,1,1,0.749070709178846,O=C1NC(=O)C(c2ccccc2)(c2ccccc2)N1
Cc1cccc(C)c1NC(=O)CN1CCCC1=O,1,1,0.9568231768761414,O=C(CN1CCCC1=O)Nc1ccccc1
CCC(=O)OCC(=O)[C@@]12OC(C)(C)O[C@@H]1CC1C3C[C@H](F)C4=CC(=O)C=CC4(C)[C@@]3(F)C(O)CC12C,1,1,0.968268271292658,O=C1C=CC2C(=C1)CCC1C2CCC2C1CC1OCOC12
CCCC1O[C@@H]2C[C@H]3[C@@H]4CCC5=CC(=O)C=C[C@]5(C)[C@H]4[C@@H](O)C[C@]3(C)[C@]2(C(=O)CO)O1,1,1,0.9266448688115745,O=C1C=CC2C(=C1)CCC1C2CCC2C1CC1OCOC12
CC1(C)O[C@@H]2CC3C4C[C@H](F)C5=CC(=O)C=CC5(C)[C@@]4(Cl)C(Cl)CC3(C)[C@]2(C(=O)CO)O1,1,1,0.9667239137339371,O=C1C=CC2C(=C1)CCC1C2CCC2C1CC1OCOC12
CCC1(CC)O[C@@H]2C[C@H]3C4CCC5=CC(=O)C=CC5(C)[C@@]4(F)[C@@H](O)CC3(C)[C@]2(C(=O)CO)O1,1,1,0.9524677241108291,O=C1C=CC2C(=C1)CCC1C2CCC2C1CC1OCOC12
COC(OC)C(=O)[C@@]12OC(C)(C)O[C@@H]1CC1C3C[C@H](F)C4=CC(=O)C=CC4(C)[C@@]3(F)C(O)CC12C,1,1,0.9698527237202088,O=C1C=CC2C(=C1)CCC1C2CCC2C1CC1OCOC12
CC1(C)O[C@@H]2C[C@H]3C4CCC5=CC(=O)C=CC5(C)[C@H]4C(O)CC3(C)[C@]2(C(=O)CO)O1,1,1,0.9224491861863222,O=C1C=CC2C(=C1)CCC1C2CCC2C1CC1OCOC12
CC(=O)OCC(=O)[C@@]12OC(C)(C)O[C@@H]1C[C@H]1[C@@H]3C[C@H](F)C4=CC(=O)C=C[C@]4(C)[C@@]3(F)[C@@H](O)C[C@@]12C,1,1,0.967788754808525,O=C1C=CC2C(=C1)CCC1C2CCC2C1CC1OCOC12
CC1(C)O[C@@H]2CC3C4C[C@H](F)C5=CC(=O)C=CC5(C)[C@@]4(Cl)[C@@H](Cl)CC3(C)[C@]2(C(=O)CF)O1,1,1,0.986330211410699,O=C1C=CC2C(=C1)CCC1C2CCC2C1CC1OCOC12
C=CC1O[C@@H]2CC3C4CCC5=CC(=O)C=CC5(C)C4(F)C(O)CC3(C)[C@]2(C(=O)CO)O1,1,1,0.9385783442621904,O=C1C=CC2C(=C1)CCC1C2CCC2C1CC1OCOC12
CC1(C)O[C@@H]2C[C@H]3[C@@H]4CCC5=CC(=O)C=C[C@]5(C)[C@@]4(F)[C@@H](O)C[C@]3(C)[C@]2(C(=O)CO)O1,1,1,0.9484626706611202,O=C1C=CC2C(=C1)CCC1C2CCC2C1CC1OCOC12
CC(C)(C)CC(=O)OCC(=O)[C@@]12OC(C)(C)O[C@@H]1C[C@H]1[C@@H]3CCC4=CC(=O)C=C[C@]4(C)[C@@]3(F)[C@@H](O)C[C@@]12C,1,1,0.949690061947051,O=C1C=CC2C(=C1)CCC1C2CCC2C1CC1OCOC12
CCC[C@@H]1O[C@@H]2C[C@H]3[C@@H]4C[C@H](F)C5=CC(=O)C=C[C@]5(C)C4(F)[C@@H](O)C[C@]3(C)[C@]2(C(=O)O[C@H](C)OC(=O)OCC)O1,1,1,0.9612349326778674,O=C1C=CC2C(=C1)CCC1C2CCC2C1CC1OCOC12
CC1(C)O[C@@H]2C[C@H]3C4C[C@H](F)C5=CC(=O)C=CC5(C)[C@@]4(Cl)[C@@H](Cl)CC3(C)[C@]2(C(=O)CCl)O1,1,1,0.9870281102143534,O=C1C=CC2C(=C1)CCC1C2CCC2C1CC1OCOC12
CC(=O)OCC(=O)[C@@]12OC(C)(C)O[C@@H]1CC1C3C[C@H](F)C4=CC(=O)C=CC4(C)[C@H]3C(O)CC12C,1,1,0.9577380600175259,O=C1C=CC2C(=C1)CCC1C2CCC2C1CC1OCOC12
CC1(C)O[C@@H]2C[C@H]3[C@@H]4C[C@H](F)C5=CC(=O)C=C[C@]5(C)[C@@]4(F)[C@@H](O)C[C@]3(C)[C@]2(C(=O)CO)O1,1,1,0.9678671160191704,O=C1C=CC2C(=C1)CCC1C2CCC2C1CC1OCOC12
C=CCONC1=Nc2ccc(Cl)cc2C(c2ccccc2Cl)=NC1,1,1,0.9835852764023909,C1=Nc2ccccc2C(c2ccccc2)=NC1
O=C1NC(=O)[C@@]2(CCN(C(=O)Cc3ccc(Cl)c(Cl)c3)[C@@H](CN3CCCC3)C2)N1,0,1,0.5028252603269933,O=C1NC(=O)C2(CCN(C(=O)Cc3ccccc3)C(CN3CCCC3)C2)N1
C[C@H](CCC(=O)O)[C@H]1CC[C@H]2[C@@H]3C(=O)C[C@@H]4CC(=O)CC[C@]4(C)[C@H]3CC(=O)[C@]12C,0,1,0.5724737881652783,O=C1CCC2C(C1)CC(=O)C1C3CCCC3C(=O)CC21
CNCCCC1c2ccccc2C=Cc2ccccc21,1,1,0.9854960883733193,C1=Cc2ccccc2Cc2ccccc21
NC(=O)C1c2ccccc2C=Cc2ccccc21,1,1,0.9694438378271231,C1=Cc2ccccc2Cc2ccccc21
CCCC1(C)COB(c2ccc(C)cc2)OC1,1,1,0.9824017832828776,c1ccc(B2OCCCO2)cc1
CO/N=C(\C(=O)N[C@@H]1C(=O)N2C(C(=O)O)=C(CSc3cnns3)CS[C@H]12)c1csc(N)n1,0,0,0.007708569895635943,N=C(C(=O)NC1C(=O)N2C=C(CSc3cnns3)CSC12)c1cscn1
CC1(C)O[C@@H]2CC3[C@@H]4C[C@H](F)C5=CC(=O)C=CC5(C)[C@H]4[C@@H](O)C[C@]3(C)[C@]2(C(=O)CO)O1,1,1,0.9447484741876389,O=C1C=CC2C(=C1)CCC1C2CCC2C1CC1OCOC12
Cc1nccnc1N1CCCCC1,1,1,0.9890841085161728,c1cnc(N2CCCCC2)cn1
COC(=O)C1=C(C)NC(C)=C(C(=O)OCCN(C)Cc2ccccc2)C1c1cccc([N+](=O)[O-])c1,0,0,0.3787663361956114,O=C(OCCNCc1ccccc1)C1=CNC=CC1c1ccccc1
CCN(CC)C/C=C1/c2ccccc2Nc2cc(Cl)ccc21,1,1,0.792476492149267,C=C1c2ccccc2Nc2ccccc21
CN1c2ccccc2C(c2ccccc2F)=NCC1CNC(=O)c1ccsc1,1,1,0.9610648003714465,O=C(NCC1CN=C(c2ccccc2)c2ccccc2N1)c1ccsc1
FC(F)(F)c1ccc2c(c1)N(CCCN1CCN(C3CC3)CC1)c1ccccc1S2,1,1,0.9935596940537931,c1ccc2c(c1)Sc1ccccc1N2CCCN1CCN(C2CC2)CC1
CCC(C(=O)OCCN1CCOC(c2ccccc2)C1C)c1ccccc1,1,1,0.9328399068767971,O=C(Cc1ccccc1)OCCN1CCOC(c2ccccc2)C1
C[N+]12CCC(CC1)C(OC(=O)C(O)(c1ccccc1)c1ccccc1)C2,0,1,0.6126549335656609,O=C(OC1C[NH+]2CCC1CC2)C(c1ccccc1)c1ccccc1
O=c1[nH]c2cc(Cl)ccc2o1,1,1,0.969797279528607,O=c1[nH]c2ccccc2o1
OC(CCN1CCCCC1)(c1ccccc1)C1CC2C=CC1C2,1,1,0.9607167222719893,C1=CC2CC1CC2C(CCN1CCCCC1)c1ccccc1
CCn1cc(C(=O)O)c(=O)c2ccc(Cc3ccccc3)nc21,1,0,0.42486168952771447,O=c1cc[nH]c2nc(Cc3ccccc3)ccc12
OCC1(CO)COC(C(Cl)(Cl)Cl)OC1,1,1,0.8999023187893511,C1COCOC1
CCC1C(=O)NC(=O)C1(C)c1ccccc1,1,1,0.9826821826554955,O=C1CC(c2ccccc2)C(=O)N1
O=C1CC(c2cccc(Br)c2)C(=O)N1,1,1,0.990529306868189,O=C1CC(c2ccccc2)C(=O)N1
CN1C(=O)CC(C)(c2ccccc2)C1=O,1,1,0.9827203056615195,O=C1CC(c2ccccc2)C(=O)N1
CN1C(=O)CC(c2ccccc2)C1=O,1,1,0.981211327377779,O=C1CC(c2ccccc2)C(=O)N1
COc1cc2c(c(OC)c1OC)-c1ccc(OC)c(=O)cc1C(NC(C)=O)CC2,1,1,0.7266385133302248,O=c1cccc2c(c1)CCCc1ccccc1-2
COc1cc2c(c(OC)c1OC)-c1ccc(OC)c(=O)cc1[C@@H](NC(C)=O)CC2,0,1,0.7266385133302248,O=c1cccc2c(c1)CCCc1ccccc1-2
CO/N=C(\C(=O)N[C@@H]1C(=O)N2C(C(=O)O)=C(Cn3nnc(C)n3)CS[C@H]12)c1csc(N)n1,0,0,0.08395185408754337,N=C(C(=O)NC1C(=O)N2C=C(Cn3ncnn3)CSC12)c1cscn1
O=c1[nH]oc2c1CCNC2,1,1,0.823303644897655,O=c1[nH]oc2c1CCNC2
COc1ccc(CCN2CCN(c3cccc(Cl)c3)CC2)cc1OC,1,1,0.9588015877773903,c1ccc(CCN2CCN(c3ccccc3)CC2)cc1
CN(C)CC1COC2(O1)c1ccccc1COc1ccccc12,1,1,0.9517422200196937,c1ccc2c(c1)COc1ccccc1C21OCCO1
OCCN1CCN(CCCN2c3ccccc3Sc3cc(Cl)cnc32)CC1,1,1,0.9090100239505696,c1ccc2c(c1)Sc1cccnc1N2CCCN1CCNCC1
NC(N)=NCC1COC2(CCCCC2)O1,0,1,0.5556700963961725,C1CCC2(CC1)OCCO2
Nc1nc(N)c2nc(-c3ccccc3)c(N)nc2n1,0,0,0.09296339337701062,c1ccc(-c2cnc3ncncc3n2)cc1
c1ccc2cc(COC3CCNCC3)ccc2c1,1,1,0.9604766335643339,c1ccc2cc(COC3CCNCC3)ccc2c1
COc1ccc(CCN2CCC(Nc3nc4ccccc4n3Cc3ccc(F)cc3)CC2)cc1,0,1,0.5713771107043699,c1ccc(CCN2CCC(Nc3nc4ccccc4n3Cc3ccccc3)CC2)cc1
CCC(=O)N(c1ccccc1F)C1(c2ccccc2)CCN(CCn2nnn(CC)c2=O)CC1,1,1,0.9859678098286702,O=c1[nH]nnn1CCN1CCC(Nc2ccccc2)(c2ccccc2)CC1
CN1CCN2c3ccccc3Cn3cccc3C2C1,1,1,0.9897395138191052,c1ccc2c(c1)Cn1cccc1C1CNCCN21
Cc1csc(N=C(N)N)n1,1,1,0.63879771644694,c1cscn1
NCCc1nccs1,1,1,0.8509858472394377,c1cscn1
NC(N)=Nc1nc(CSCCC(N)=NS(N)(=O)=O)cs1,1,0,0.3872085792324978,c1cscn1
Cc1ncsc1CCCl,1,1,0.9834989512063748,c1cscn1
CN=C(NC#N)NCCSCc1csc(N=C(N)N)n1,1,0,0.2065650701831558,c1cscn1
CCC1(C2=CCCCCC2)C(=O)NC(=O)NC1=O,1,1,0.9763788898612685,O=C1NC(=O)C(C2=CCCCCC2)C(=O)N1
c1ccc(C2CCN(CC3CCCc4c3ccc3c4OCO3)C2)cc1,1,1,0.9498991625650245,c1ccc(C2CCN(CC3CCCc4c3ccc3c4OCO3)C2)cc1
CC(=O)OCC(=O)[C@@]1(O)[C@H](C)C[C@H]2[C@@H]3C=C(C)C4=Cc5c(cnn5-c5ccccc5)C[C@]4(C)[C@H]3[C@@H](O)C[C@@]21C,1,1,0.8338269128353741,C1=CC2C3CCCC3CCC2C2Cc3cnn(-c4ccccc4)c3C=C12
CCC1(CC)C(=O)NC=C(C)C1=O,1,1,0.9496143646181718,O=C1C=CNC(=O)C1
CCC1(CC)C(=O)C=CNC1=O,1,1,0.9402304590445413,O=C1C=CNC(=O)C1
O=c1ccc2ccccc2o1,0,1,0.7164337722825711,O=c1ccc2ccccc2o1
Cc1cc(=O)oc2cc(O)ccc12,0,1,0.5470734105137854,O=c1ccc2ccccc2o1
C/C(=C(\CCOC(=O)c1ccccc1)SC(=O)c1ccccc1)N(C=O)Cc1cnc(C)nc1N,1,1,0.929441157706516,O=C(OCCC(=CNCc1cncnc1)SC(=O)c1ccccc1)c1ccccc1
O=c1[nH]c2cc(Cl)c(Cl)c([N+](=O)[O-])c2[nH]c1=O,1,1,0.7703915545540325,O=c1[nH]c2ccccc2[nH]c1=O
O=C(OCCN1CCCCC1)C(O)(c1ccccc1)c1ccccc1,1,1,0.8793936405193508,O=C(OCCN1CCCCC1)C(c1ccccc1)c1ccccc1
CCN(CC)c1nc2c(s1)c1c(O)c3c(O)c(C)c4c(c32)C(=O)[C@@](C)(O/C=C/[C@H](OC)[C@@H](C)[C@@H](OC(C)=O)[C@H](C)[C@H](O)[C@H](C)[C@@H](O)[C@@H](C)/C=C/C=C(/C)C(=O)N1)O4,0,0,0.04873478465154436,O=C1C=CC=CCCCCCCCCC=COC2Oc3ccc4cc(c5scnc5c4c3C2=O)N1
NCC1CC(=O)N(Cc2ccccc2)C1,1,1,0.8887850724687507,O=C1CCCN1Cc1ccccc1
C[C@]12C=CC(=O)C=C1CC[C@H]1[C@@H]3C[C@H]4Cc5ccccc5C[C@@]4(C(=O)CO)[C@@]3(C)C[C@H](O)[C@@]12F,1,1,0.9494841759173761,O=C1C=CC2C(=C1)CCC1C2CCC2C3Cc4ccccc4CC3CC21
O=C(Cc1ccc(Cl)c(Cl)c1)N1CCc2occc2[C@H]1CN1CCCC1,1,1,0.8080683003402221,O=C(Cc1ccccc1)N1CCc2occc2C1CN1CCCC1
O=C(Cc1ccc(Cl)c(Cl)c1)N1CCc2occc2[C@H]1CN1CC[C@@H](O)C1,1,1,0.7711168202976323,O=C(Cc1ccccc1)N1CCc2occc2C1CN1CCCC1
CN(C)CCCn1cc(-c2ccccc2)c(-c2ccccc2)n1,1,1,0.9683807032089526,c1ccc(-c2c[nH]nc2-c2ccccc2)cc1
Nc1ccc(S(=O)(=O)Nc2ncccn2)cc1,1,1,0.8543776716926693,O=S(=O)(Nc1ncccn1)c1ccccc1
COC[C@H]1CN(c2ccc(OCC[C@@H](O)C(F)(F)F)cc2)C(=O)O1,1,1,0.9531060229838817,O=C1OCCN1c1ccccc1
Cc1cccc(N2CC(CO)OC2=O)c1,1,1,0.9730928479456438,O=C1OCCN1c1ccccc1
CC(Cc1ccccc1)(NC(=O)CN)c1ccccc1,1,1,0.9176898148856111,c1ccc(CCc2ccccc2)cc1
CCC(=O)O[C@](Cc1ccccc1)(c1ccccc1)[C@H](C)CN(C)C,1,1,0.9373649671527956,c1ccc(CCc2ccccc2)cc1
CC(=O)OCC1=C(C(=O)O)N2C(=O)[C@@H](NC(=O)c3c(-c4ccccc4Cl)noc3C)[C@H]2SC1,0,0,0.13703796773303048,O=C(NC1C(=O)N2C=CCSC12)c1conc1-c1ccccc1
CCC1(C)CC(=O)NC(=O)C1,1,1,0.9530535894301974,O=C1CCCC(=O)N1
Fc1ccc2[nH]c3c(c2c1)CN(CCc1ccncc1)CC3,1,1,0.960617650498594,c1ccc2c3c([nH]c2c1)CCN(CCc1ccncc1)C3
Nc1ccc(S(=O)(=O)c2ccc(N)cc2)cc1,0,1,0.6758362642879326,O=S(=O)(c1ccccc1)c1ccccc1
Cc1ccc(-c2nc3ccc(C)cn3c2CC(=O)N(C)C)cc1,1,1,0.8753177067131881,c1ccc(-c2cn3ccccc3n2)cc1
CCCC(=O)N(C)Cc1c(-c2ccc(Cl)cc2)nc2ccccn12,1,1,0.852723285481885,c1ccc(-c2cn3ccccc3n2)cc1
CCCN(CCC)C(=O)Cc1c(-c2ccc(Cl)cc2)nc2ccc(Cl)cn12,1,1,0.8287366864380001,c1ccc(-c2cn3ccccc3n2)cc1
CC(C)(C)NC(=O)[C@@H]1C[C@@H]2CCCC[C@@H]2CN1C[C@@H](O)[C@H](Cc1ccccc1)NC(=O)[C@H](CC(N)=O)NC(=O)c1ccc2ccccc2n1,0,0,0.49310358383839215,O=C(CNC(=O)c1ccc2ccccc2n1)NC(CCN1CCC2CCCCC2C1)Cc1ccccc1
CC(C)(C)NC(=O)C1CC2CCCCC2CN1CC(O)C(Cc1ccccc1)NC(=O)C(CC(N)=O)NC(=O)c1ccc2ccccc2n1,1,0,0.49310358383839215,O=C(CNC(=O)c1ccc2ccccc2n1)NC(CCN1CCC2CCCCC2C1)Cc1ccccc1
Cc1cccc(/C=N/N2CCN(C(c3ccccc3)c3ccccc3)CC2)n1,1,1,0.9808950387644989,C(=NN1CCN(C(c2ccccc2)c2ccccc2)CC1)c1ccccn1
CCCCCCCNC(=O)Oc1ccc2c(c1)[C@]1(C)CCN(C)[C@@H]1N2C,1,1,0.9850980888821026,c1ccc2c(c1)NC1NCCC21
CNC(=O)Oc1ccc2c(c1)[C@]1(C)CCN(C)[C@@H]1N2C,1,1,0.9817995348014469,c1ccc2c(c1)NC1NCCC21
CCC1(c2ccccc2)C(=O)NCNC1=O,1,1,0.91472099948659,O=C1NCNC(=O)C1c1ccccc1
CC[C@@]1(O)C[C@H](O[C@H]2C[C@H](N(C)C)[C@H](O[C@H]3C[C@@H]4O[C@H]5CC(=O)[C@H](C)O[C@H]5O[C@@H]4[C@H](C)O3)[C@H](C)O2)c2c(O)c3c(c(O)c2[C@H]1O[C@H]1C[C@H](N(C)C)[C@H](O)[C@H](C)O1)C(=O)c1cccc(O)c1C3=O,0,0,0.010657288264844392,O=C1COC2OC3COC(OC4CCC(OC5CCC(OC6CCCCO6)c6cc7c(cc65)C(=O)c5ccccc5C7=O)OC4)CC3OC2C1
OCCN1CCN(CCCN2c3ccccc3C=Cc3ccccc32)CC1,1,1,0.8977876620795877,C1=Cc2ccccc2N(CCCN2CCNCC2)c2ccccc21
O=C(C1CCCCC1)N1CC(=O)N2CCc3ccccc3C2C1,1,1,0.9647630417328078,O=C(C1CCCCC1)N1CC(=O)N2CCc3ccccc3C2C1
Cc1nnc(SCC2=C(C(=O)O)N3C(=O)[C@@H](NC(=O)Cn4cc(Cl)c(=O)c(Cl)c4)[C@H]3SC2)s1,0,0,0.03100117901453894,O=C(Cn1ccc(=O)cc1)NC1C(=O)N2C=C(CSc3nncs3)CSC12
O=S(=O)(c1ccc2cc[nH]c2c1)N1CCCC1CCN1CCC(Oc2cccc(Cl)c2)CC1,1,1,0.7913184549303585,O=S(=O)(c1ccc2cc[nH]c2c1)N1CCCC1CCN1CCC(Oc2ccccc2)CC1
COc1cc(C(=O)N2CCOCC2)cc(OC)c1OC,1,1,0.9353603995677978,O=C(c1ccccc1)N1CCOCC1
CN1/C(=C(/O)Nc2ccccn2)C(=O)c2ccccc2S1(=O)=O,0,0,0.2520984646205387,O=C1C(=CNc2ccccn2)NS(=O)(=O)c2ccccc21
CN1CCN(c2c(F)cc3c(=O)c(C(=O)O)cn4c3c2SCC4)CC1,0,0,0.42920964022591857,O=c1ccn2c3c(c(N4CCNCC4)ccc13)SCC2
CNCCCN1Cc2ccccc2Cc2ccccc21,1,1,0.8904950527180893,c1ccc2c(c1)CNc1ccccc1C2
Nc1nc(=S)c2[nH]cnc2[nH]1,0,0,0.2088615521199543,S=c1nc[nH]c2nc[nH]c12
CCCCOc1ccc(C(=O)CCN2CCCCC2)cc1,0,1,0.9350314957789392,O=C(CCN1CCCCC1)c1ccccc1
CC[C@]1(O)C[C@H]2CN(CCc3c([nH]c4ccccc34)[C@@](C(=O)OC)(c3cc4c(cc3OC)N(C=O)[C@H]3[C@@](O)(C(=O)OC)[C@H](OC(C)=O)[C@]5(CC)C=CCN6CC[C@]43[C@@H]65)C2)C1,1,1,0.7771256202147382,C1=CC2CCC3Nc4ccc(C5CC6CCCN(CCc7c5[nH]c5ccccc75)C6)cc4C34CCN(C1)C24
CC[C@]1(O)C[C@H]2CN(CCc3c([nH]c4ccccc34)[C@@](C(=O)OC)(c3cc4c(cc3OC)N(C)[C@H]3[C@@](O)(C(=O)OC)[C@H](OC(C)=O)[C@]5(CC)C=CCN6CC[C@]43[C@@H]65)C2)C1,1,1,0.7961946376126071,C1=CC2CCC3Nc4ccc(C5CC6CCCN(CCc7c5[nH]c5ccccc75)C6)cc4C34CCN(C1)C24
CC[C@]1(O)C[C@H]2CN(CCc3c([nH]c4ccccc34)[C@@](C(=O)OC)(c3cc4c(cc3OC)N(C)[C@H]3[C@@](O)(C(N)=O)[C@H](O)[C@]5(CC)C=CCN6CC[C@]43[C@@H]65)C2)C1,0,1,0.5289963915006953,C1=CC2CCC3Nc4ccc(C5CC6CCCN(CCc7c5[nH]c5ccccc75)C6)cc4C34CCN(C1)C24
COc1cc2c3c(c1O)C1(C=CC(=O)C=C1)CC3N(C)CC2,1,1,0.9691739440851822,O=C1C=CC2(C=C1)CC1NCCc3cccc2c31
OC(Cn1cncn1)(Cn1cncn1)c1ccc(F)cc1F,1,1,0.7032298264503112,c1ccc(C(Cn2cncn2)Cn2cncn2)cc1
CO/N=C(\C(=O)NC1C(=O)N(OCC(=O)O)[C@H]1C)c1csc(N)n1,0,0,0.07520474655033715,N=C(C(=O)NC1CNC1=O)c1cscn1
C[C@H]1[C@H](NC(=O)/C(=N\OC(C)(C)C(=O)O)c2csc([NH3+])n2)C(=O)N1S(=O)(=O)[O-],0,0,0.01297702310402114,N=C(C(=O)NC1CNC1=O)c1cscn1
CC1(C)[C@H](NC(=O)/C(=N\OCC(=O)O)c2csc(N)n2)C(=O)N1OS(=O)(=O)O,0,0,0.033751288608668634,N=C(C(=O)NC1CNC1=O)c1cscn1
CO/N=C(\C(=O)N[C@@H]1C(=O)N(OCC(=O)OCC(=O)OC(C)(C)C)[C@H]1C)c1csc(N)n1,0,0,0.20708505746532266,N=C(C(=O)NC1CNC1=O)c1cscn1
NC(=O)OCC1[C@H](NC(=O)/C(=N\OCC(=O)O)c2csc(N)n2)C(=O)N1S(=O)(=O)O,0,0,0.03810169476316806,N=C(C(=O)NC1CNC1=O)c1cscn1
Cc1c2oc3c(C)ccc(C(=O)NC4C(=O)NC(C(C)C)C(=O)N5CCCC5C(=O)N(C)CC(=O)N(C)C(C(C)C)C(=O)OC4C)c3nc-2c(C(=O)NC2C(=O)NC(C(C)C)C(=O)N3CCCC3C(=O)N(C)CC(=O)N(C)C(C(C)C)C(=O)OC2C)c(N)c1=O,0,0,0.009021632889887854,O=C1CNC(=O)C2CCCN2C(=O)CNC(=O)C(NC(=O)c2cc(=O)cc3oc4cccc(C(=O)NC5COC(=O)CNC(=O)CNC(=O)C6CCCN6C(=O)CNC5=O)c4nc2-3)COC(=O)CN1
CC=CCC(C)C(O)C1C(=O)NC(CC)C(=O)N(C)CC(=O)N(C)C(CC(C)C)C(=O)NC(C(C)C)C(=O)N(C)C(CC(C)C)C(=O)NC(C)C(=O)NC(C)C(=O)N(C)C(CC(C)C)C(=O)N(C)C(CC(C)C)C(=O)N(C)C(C(C)C)C(=O)N1C,0,0,0.16698780883206987,O=C1CNC(=O)CNC(=O)CNC(=O)CNC(=O)CNC(=O)CNC(=O)CNC(=O)CNC(=O)CNC(=O)CNC(=O)CN1
Oc1ccc2c(c1)[C@@]13CCCC[C@@]1(O)[C@@H](C2)N(CC1CCC1)CC3,1,1,0.9352883553525837,c1ccc2c(c1)CC1C3CCCCC23CCN1CC1CCC1
CN1C(CC(=O)c2ccccc2)CCCC1CC(O)c1ccccc1,1,1,0.9109240959720433,O=C(CC1CCCC(CCc2ccccc2)N1)c1ccccc1
CC1(C)CC(=O)N(CCCCN2CCN(c3ncccn3)CC2)C(=O)C1,1,1,0.9755934493616418,O=C1CCCC(=O)N1CCCCN1CCN(c2ncccn2)CC1
CN(C(=O)Cc1ccc(Cl)c(Cl)c1)C1CCCC[C@H]1N1CCCC1,1,1,0.963429674548355,O=C(Cc1ccccc1)NC1CCCCC1N1CCCC1
CO[C@@H]1[C@@H](O[C@@H]2O[C@H](C)[C@@H](O[C@H]3C[C@@](C)(O)[C@@H](OC(=O)CC(C)C)[C@H](C)O3)[C@H](N(C)C)[C@H]2O)[C@@H](CC=O)C[C@@H](C)[C@@H](O)/C=C/C=C/C[C@@H](C)OC(=O)C[C@H]1OC(C)=O,0,0,0.019690596155666686,O=C1CCCC(OC2CCC(OC3CCCCO3)CO2)CCCCC=CC=CCCO1
CCC(=O)OC1CC(=O)OC(C)C/C=C/C=C\C(O)C(C)CC(CC=O)C(O[C@@H]2O[C@H](C)[C@@H](O[C@H]3C[C@@](C)(O)[C@H](OC(=O)CC)[C@@H](C)O3)[C@H](N(C)C)[C@H]2O)C1OC,0,0,0.03164839826112377,O=C1CCCC(OC2CCC(OC3CCCCO3)CO2)CCCCC=CC=CCCO1
Nc1nc(=O)c2c([nH]1)NCC(CNc1ccc(C(=O)N[C@@H](CCC(=O)[O-])C(=O)[O-])cc1)N2C=O,1,1,0.7135264413520502,O=c1nc[nH]c2c1NC(CNc1ccccc1)CN2
COc1ccccc1N1CCN(CCCC(=O)c2ccc(F)cc2)CC1,1,1,0.9253082953900099,O=C(CCCN1CCN(c2ccccc2)CC1)c1ccccc1
CC(Cc1ccc(O)cc1)NCC(O)c1cc(O)cc(O)c1,0,0,0.15222174235602087,c1ccc(CCNCCc2ccccc2)cc1
CC[C@H](NC(=O)c1c(Cn2ccnc2)c(-c2ccccc2)nc2ccccc12)c1ccccc1,0,0,0.42826544185387544,O=C(NCc1ccccc1)c1c(Cn2ccnc2)c(-c2ccccc2)nc2ccccc12
O=C(O)CN1C(=O)c2cccc3cccc(c23)C1=O,1,1,0.7478652677251139,O=C1NC(=O)c2cccc3cccc1c23
CNCCSC1=Cc2cc(F)ccc2Oc2ccccc21,1,1,0.9349444112028004,C1=Cc2ccccc2Oc2ccccc21
Cc1cccc(C)c1NC(=O)c1ccc(N)cc1,1,1,0.9297506340797332,O=C(Nc1ccccc1)c1ccccc1
CCN(CC)c1ccc(NC(=O)c2ccccc2N)c(C)c1,1,1,0.8492158221056461,O=C(Nc1ccccc1)c1ccccc1
CCCC[C@@H]1CC(=O)[C@]2(O)O[C@@H]3[C@@H](NC)[C@@H](O)[C@@H](NC)[C@H](O)[C@H]3O[C@@H]2O1,0,0,0.02649546464839975,O=C1CCOC2OC3CCCCC3OC12
Clc1ccccc1C(c1ccccc1)(c1ccccc1)n1ccnc1,0,1,0.7827901122137603,c1ccc(C(c2ccccc2)(c2ccccc2)n2ccnc2)cc1
CCN[C@H](Cc1ccccc1)[C@H]1CCCO1,1,1,0.909578662876533,c1ccc(CCC2CCCO2)cc1
OCCN1CCN(CC/C=C2/c3ccccc3Sc3ccc(Cl)cc32)CC1,1,1,0.9796617342549808,C(CCN1CCNCC1)=C1c2ccccc2Sc2ccccc21
CNC(=O)CCN1CCN(CCC=C2c3ccccc3Sc3ccc(Cl)cc32)CC1,1,1,0.9753478874082182,C(CCN1CCNCC1)=C1c2ccccc2Sc2ccccc21
OCCN1CCN(CC/C=C2/c3ccccc3Sc3ccc(C(F)(F)F)cc32)CC1,1,1,0.9852362765931141,C(CCN1CCNCC1)=C1c2ccccc2Sc2ccccc21
CN1CCN(CC/C=C2\c3ccccc3Sc3ccc(S(=O)(=O)N(C)C)cc32)CC1,1,1,0.9768106370870087,C(CCN1CCNCC1)=C1c2ccccc2Sc2ccccc21
O=C(COc1ccc(Cl)cc1)OCCNC12CC3CC(CC(C3)C1)C2,1,1,0.8576943633454723,O=C(COc1ccccc1)OCCNC12CC3CC(CC(C3)C1)C2
CC(=O)O[C@H]1C[C@@]2(C)[C@@H](C[C@@H](O)[C@H]3[C@@]4(C)CC[C@@H](O)[C@@H](C)[C@@H]4CC[C@@]32C)/C1=C(\CCC=C(C)C)C(=O)O,0,0,0.4304284983150884,C=C1CCC2C1CCC1C3CCCCC3CCC21
CN1CCc2cccc3c2[C@H]1Cc1ccc(O)c(O)c1-3,1,1,0.7527552603049857,c1ccc2c(c1)CC1NCCc3cccc-2c31
CN1CCN2c3ccccc3Cc3ccccc3C2C1,1,1,0.9589532423492912,c1ccc2c(c1)Cc1ccccc1N1CCNCC21
COc1ccc2c(c1)N(CCC1CCCCN1C)c1ccccc1S2,1,1,0.9789153140879499,c1ccc2c(c1)Sc1ccccc1N2CCC1CCCCN1
CSc1ccc2c(c1)N(CCC1CCCCN1C)c1ccccc1S2,1,1,0.9922664173719606,c1ccc2c(c1)Sc1ccccc1N2CCC1CCCCN1
CN1CCCCC1CCN1c2ccccc2Sc2ccc(S(C)=O)cc21,1,1,0.9719958184346786,c1ccc2c(c1)Sc1ccccc1N2CCC1CCCCN1
CN1CCCCC1CCN1c2ccccc2Sc2ccc(S(C)(=O)=O)cc21,1,1,0.9784285556398951,c1ccc2c(c1)Sc1ccccc1N2CCC1CCCCN1
COc1cc2c(cc1OC)C(=O)C(CC1CCN(Cc3ccccc3)CC1)C2,1,1,0.9838887079635182,O=C1c2ccccc2CC1CC1CCN(Cc2ccccc2)CC1
OC[C@@H](O)[C@H]1OC2O[C@H](C(Cl)(Cl)Cl)O[C@@H]2[C@H]1O,1,1,0.6658095706519596,C1CC2OCOC2O1
c1csc(Cc2ccccc2OCC2CNCCO2)c1,1,1,0.9805035412188048,c1csc(Cc2ccccc2OCC2CNCCO2)c1
Cn1nnnc1SCC1=C(C(=O)O)N2C(=O)[C@@H](NC(=O)CS/C=C\C#N)[C@H]2SC1,0,0,0.13034951738083053,O=C1CC2SCC(CSc3nnn[nH]3)=CN12
CO[C@@]1(NC(=O)CSCC#N)C(=O)N2C(C(=O)O)=C(CSc3nnnn3C)CS[C@@H]21,0,0,0.07795915230842021,O=C1CC2SCC(CSc3nnn[nH]3)=CN12
CO[C@@]1(NC(=O)CSC[C@@H](N)C(=O)O)C(=O)N2C(C(=O)O)=C(CSc3nnnn3C)CS[C@@H]21,0,0,0.03125783398300811,O=C1CC2SCC(CSc3nnn[nH]3)=CN12
Cn1nnnc1SCC1=C(C(=O)[O-])N2C(=O)[C@@H](NC(=O)CSC(F)(F)F)[C@H]2SC1,0,0,0.14425789145698675,O=C1CC2SCC(CSc3nnn[nH]3)=CN12
CC1OC(C)OC(C)O1,1,1,0.9080185617233995,C1OCOCO1
OCCN1C=CN(CCCN2c3ccccc3C=Cc3ccccc32)C=CC1,1,1,0.7853462964324954,C1=CN(CCCN2c3ccccc3C=Cc3ccccc32)C=CNC1
CC1(C)SC2C(NC(=O)CSc3ccccc3)C(=O)N2C1C(=O)O,0,0,0.10496523687840316,O=C(CSc1ccccc1)NC1C(=O)N2CCSC12
CNCCC=C1c2ccccc2C(C)(C)c2ccccc21,1,1,0.9862695736972461,C=C1c2ccccc2Cc2ccccc21
CN(C)CCC=C1c2ccccc2C(C)(C)c2ccccc21,1,1,0.9918445021579758,C=C1c2ccccc2Cc2ccccc21
CCC(=O)O[C@]1(c2ccccc2)CCN(C)C[C@@H]1CC,1,1,0.9639322322929667,c1ccc(C2CCNCC2)cc1
CCOC(=O)C1(c2ccccc2)CCN(C)CC1,1,1,0.930824130177682,c1ccc(C2CCNCC2)cc1
CCC[C@]1(c2cccc(O)c2)CCN(C)C[C@@H]1C,1,1,0.9228514308023891,c1ccc(C2CCNCC2)cc1
CCCCCCN1CCC(C(=O)N(C)CC)(c2ccccc2)CC1,1,1,0.9789602922534002,c1ccc(C2CCNCC2)cc1
CCOC(=O)C1(c2cccc(O)c2)CCN(C)CC1,1,1,0.8609263044130877,c1ccc(C2CCNCC2)cc1
CCC(=O)C1(c2cccc(O)c2)CCN(C)CC1,1,1,0.8897936325210617,c1ccc(C2CCNCC2)cc1
CCC(=O)OC1(c2ccccc2)CCN(C)CC1C,1,1,0.9662028780498507,c1ccc(C2CCNCC2)cc1
Fc1ccc([C@@H]2CCNC[C@H]2COc2ccc3c(c2)OCO3)cc1,1,1,0.9328527278500462,c1ccc(C2CCNCC2COc2ccc3c(c2)OCO3)cc1
NC(=O)CCCN/C(=C1\C=C(F)C=CC1=O)c1ccc(Cl)cc1,1,1,0.9508080869725061,O=C1C=CC=CC1=Cc1ccccc1
CCCCN/C(=C1/C=C(Cl)C=CC1=O)c1ccccc1Cl,1,1,0.8505283772751547,O=C1C=CC=CC1=Cc1ccccc1
Clc1ccccc1C1=NCc2nnc(C3CCCCC3)n2-c2sc(Br)cc21,1,1,0.9893594777410815,c1ccc(C2=NCc3nnc(C4CCCCC4)n3-c3sccc32)cc1
NCCn1ncc2cc(Cl)c(Cl)cc21,1,1,0.9754031743150428,c1ccc2[nH]ncc2c1
Cc1ccc(Cc2cnc(NCCSCc3ccc(C(C)(C)N)o3)[nH]c2=O)cn1,0,0,0.43149870942429963,O=c1[nH]c(NCCSCc2ccco2)ncc1Cc1cccnc1
CN1CCCc2cccc(OCC3CNCCO3)c21,1,1,0.980950646508739,c1cc2c(c(OCC3CNCCO3)c1)NCCC2
CCC1(c2ccccc2)OCC(C2CCCCN2)O1,1,1,0.9580195116190188,c1ccc(C2OCC(C3CCCCN3)O2)cc1
CN1CCN(C2Cc3ccccc3Sc3ccc(Cl)cc32)CC1,1,1,0.9925638886321219,c1ccc2c(c1)CC(N1CCNCC1)c1ccccc1S2
CSc1ccc2c(c1)C(N1CCN(C)CC1)Cc1ccccc1S2,1,1,0.9933552708312119,c1ccc2c(c1)CC(N1CCNCC1)c1ccccc1S2
CC12CCC(CC1=O)C2(C)C,1,1,0.9608198135651278,O=C1CC2CCC1C2
CC1(C)CCN(C(=O)Cc2ccc(Cl)c(Cl)c2)[C@@H](CN2CCCC2)C1,1,1,0.9531475667492142,O=C(Cc1ccccc1)N1CCCCC1CN1CCCC1
O=C(Cc1ccc(Cl)c(Cl)c1)N1CCCC[C@H]1CN1CCCC1,1,1,0.9575094448556664,O=C(Cc1ccccc1)N1CCCCC1CN1CCCC1
O=C(Cc1ccc(C(F)(F)F)cc1)N1CCCC[C@H]1CN1CCCC1,1,1,0.9598909404012519,O=C(Cc1ccccc1)N1CCCCC1CN1CCCC1
COC1=CC=C2[C@H]3Cc4ccc(OC)c5c4[C@@]2(CCN3C)[C@H]1O5,1,1,0.9471068700998116,C1=CC2Oc3cccc4c3C23CCNC(C4)C3=C1
CC1[C@H]2C(=O)c3ccc(O)cc3[C@]1(C)CCN2CC1CC1,1,1,0.9363906652560676,O=C1c2ccccc2C2CCN(CC3CC3)C1C2
CCc1nn(CCCN2CCN(c3cccc(Cl)c3)CC2)c(=O)n1CCOc1ccccc1,1,1,0.9164368647814213,O=c1n(CCOc2ccccc2)cnn1CCCN1CCN(c2ccccc2)CC1
NCCc1cn2ccccc2n1,0,1,0.7280772586238383,c1ccn2ccnc2c1
N[C@@H](C(=O)NC1C(=O)N2C(C(=O)O)=C(Cl)CCC12)c1ccccc1,0,0,0.08599996992363824,O=C(Cc1ccccc1)NC1C(=O)N2C=CCCC12
O=c1[nH]c2cc(Cl)ccc2n1C1CCN(CC2COc3ccccc3O2)CC1,1,1,0.9157899915455221,O=c1[nH]c2ccccc2n1C1CCN(CC2COc3ccccc3O2)CC1
CC(=O)OCC(=O)[C@@]12OC3(CCCC3)O[C@@H]1C[C@H]1[C@@H]3CCC4=CC(=O)C=C[C@]4(C)[C@@]3(F)[C@@H](O)C[C@@]12C,1,1,0.96966642778289,O=C1C=CC2C(=C1)CCC1C2CCC2C1CC1OC3(CCCC3)OC12
O=C1NCCNC1c1cccs1,1,1,0.9497454393213769,O=C1NCCNC1c1cccs1
Cc1cc(NC(=O)c2c(C)cccc2C)no1,1,1,0.9577826158854402,O=C(Nc1ccon1)c1ccccc1
O=C1CNC(c2ccccc2)=c2c3c(sc2=N1)CCCC3,1,1,0.9901891714053371,O=C1CNC(c2ccccc2)=c2c3c(sc2=N1)CCCC3
O=C1CN2C(=O)CCC2N1,1,1,0.8788935574681579,O=C1CN2C(=O)CCC2N1
CC(=O)Nc1cccc(-c2csc(N=C(N)N)n2)c1,0,1,0.549564263891586,c1ccc(-c2cscn2)cc1
NC(N)=Nc1nc(-c2ccccc2)cs1,1,1,0.7395633171105466,c1ccc(-c2cscn2)cc1
NCCc1nc(-c2ccccc2)cs1,0,1,0.9135257792664431,c1ccc(-c2cscn2)cc1
NC(N)=Nc1nc(-c2cccc(N)c2)cs1,1,1,0.5608939497823475,c1ccc(-c2cscn2)cc1
CNC(=NC#N)Nc1cccc(-c2csc(N=C(N)N)n2)c1,0,0,0.26320415096598604,c1ccc(-c2cscn2)cc1
CC(CN(C)C)CN1c2ccccc2S(=O)(=O)c2ccccc21,1,1,0.9803079295706311,O=S1(=O)c2ccccc2Nc2ccccc21
CN(C(=O)CNC(=O)[C@@H](N)CCCCN)c1ccc(Cl)cc1C(=O)c1ccccc1,1,1,0.5449698089377283,O=C(c1ccccc1)c1ccccc1
CC(CC#N)N(C)CC(=O)N(C)c1ccc(Cl)cc1C(=O)c1ccccc1F,1,1,0.9473933118993045,O=C(c1ccccc1)c1ccccc1
CN(C(=O)CN(CCO)CCO)c1ccc(Cl)cc1C(=O)c1ccccc1Cl,1,1,0.8530872543333182,O=C(c1ccccc1)c1ccccc1
CN(C(=O)CNC(=O)CN)c1ccc(Cl)cc1C(=O)c1ccccc1Cl,1,1,0.8161213792038825,O=C(c1ccccc1)c1ccccc1
CC(C(=O)O)c1cccc(C(=O)c2ccccc2)c1,1,1,0.7552649726821314,O=C(c1ccccc1)c1ccccc1
Cc1ccc(C(=O)c2cc(O)c(O)c([N+](=O)[O-])c2)cc1,0,0,0.343428861438616,O=C(c1ccccc1)c1ccccc1
C=C(C)CNCC(=O)N(C)c1ccc(Cl)cc1C(=O)c1ccccc1,1,1,0.9340031624381031,O=C(c1ccccc1)c1ccccc1
O=C1Nc2ccc(Cl)nc2C(c2ccccc2Cl)=NC1O,1,1,0.9112244373850116,O=C1CN=C(c2ccccc2)c2ncccc2N1
CN1/C(=C(\O)Nc2ccccn2)C(=O)c2sccc2S1(=O)=O,0,0,0.31547709109095134,O=C1C(=CNc2ccccn2)NS(=O)(=O)c2ccsc21
CC(C)COCC(CN(Cc1ccccc1)c1ccccc1)N1CCCC1,0,1,0.8652775740129146,c1ccc(CN(CCN2CCCC2)c2ccccc2)cc1
CN(C)CC/C=C1/c2ccccc2CSc2ccccc21,1,1,0.9889552383743454,C=C1c2ccccc2CSc2ccccc21
c1ccc(Cn2cc(CCc3ccncc3)c3ccccc32)cc1,1,1,0.9110622777784172,c1ccc(Cn2cc(CCc3ccncc3)c3ccccc32)cc1
C=CCSCC(=O)NC1C(=O)N2C1SC(C)(C)C2C(=O)[O-],0,0,0.14404991765121902,O=C1CC2SCCN12
CC1(C)S[C@@H]2[C@H](NC(=O)CCC[C@@H](N)C(=O)O)C(=O)N2[C@H]1C(=O)O,0,0,0.044875844987498824,O=C1CC2SCCN12
OC(c1ccccc1)(c1ccccc1)C1CC1c1ccncc1,1,1,0.8893566096621601,c1ccc(C(c2ccccc2)C2CC2c2ccncc2)cc1
COC(=O)C1C2CC3c4[nH]c5cc(OC)ccc5c4CCN3CC2CC(OC)C1OC,1,1,0.942438368249224,c1ccc2c3c([nH]c2c1)C1CC2CCCCC2CN1CC3
COC(=O)[C@@H]1[C@H]2C[C@H]3c4[nH]c5ccccc5c4CCN3C[C@@H]2CC[C@@H]1O,0,1,0.9017783598442382,c1ccc2c3c([nH]c2c1)C1CC2CCCCC2CN1CC3
CC[C@H](C)C(=O)O[C@H]1CCC=C2C=C[C@H](C)[C@H](CC[C@@H]3C[C@@H](O)CC(=O)O3)[C@H]21,1,1,0.8743010572977373,O=C1CCCC(CCC2CC=CC3=CCCCC32)O1
CCC(C)(C)C(=O)O[C@H]1C[C@@H](C)C=C2C=C[C@H](C)[C@H](CC[C@@H]3C[C@@H](O)CC(=O)O3)[C@H]21,1,1,0.8592110402718288,O=C1CCCC(CCC2CC=CC3=CCCCC32)O1
O=C1NC(=O)C2(CCc3ccccc3C2)N1,1,1,0.8974222289737973,O=C1NC(=O)C2(CCc3ccccc3C2)N1
CC(C)C1NC(=O)[C@@H](C(C)C)OC(=O)[C@H](C(C)C)NC(=O)[C@H](C)OC(=O)[C@@H](C(C)C)NC(=O)[C@@H](C(C)C)OC(=O)[C@H](C(C)C)NC(=O)[C@H](C)OC(=O)[C@@H](C(C)C)NC(=O)[C@@H](C(C)C)OC(=O)[C@H](C(C)C)NC(=O)[C@H](C)OC1=O,0,0,0.07173639709026806,O=C1COC(=O)CNC(=O)COC(=O)CNC(=O)COC(=O)CNC(=O)COC(=O)CNC(=O)COC(=O)CNC(=O)COC(=O)CN1
N#Cc1ccc2c(c1)C1=C(CCN(CC3CCCC3)CC1)c1ccccc1O2,1,1,0.8799950456610325,c1ccc2c(c1)Oc1ccccc1C1=C2CCN(CC2CCCC2)CC1
CC12C[C@H](O)[C@@]3(F)C(CCC4=CC(=O)C=CC43C)[C@@H]1C[C@H]1O[C@@](C)(c3ccccc3)O[C@]12C(=O)CO,1,1,0.9467974552709117,O=C1C=CC2C(=C1)CCC1C2CCC2C1CC1OC(c3ccccc3)OC12
Fc1ccc(-c2ccc(CN3CCN(c4cccc5ccoc45)CC3)[nH]2)cc1,1,1,0.8630700420620653,c1ccc(-c2ccc(CN3CCN(c4cccc5ccoc45)CC3)[nH]2)cc1
OCc1cccnc1,0,1,0.7729293953758658,c1ccncc1
CC(C)(C)NCC(O)c1ccc(O)c(CO)n1,0,0,0.27088210598219653,c1ccncc1
CNCCc1ccccn1,1,1,0.9030236046230657,c1ccncc1
CN(C)CCc1ccccn1,1,1,0.9366778644734555,c1ccncc1
CCc1cc(C(N)=S)ccn1,1,1,0.9178045049829004,c1ccncc1
NNC(=O)c1ccncc1,0,1,0.857630219954577,c1ccncc1
NC(=O)c1cccnc1,1,1,0.8727068433281325,c1ccncc1
CCN(CC)C(=O)c1cccnc1,1,1,0.932059705531045,c1ccncc1
CCNC(=NC#N)NCCSCc1ncccc1Br,0,1,0.6746313091112343,c1ccncc1
CC(C)NNC(=O)c1ccncc1,1,1,0.8785810544412122,c1ccncc1
CCNCc1c(CSC)cnc(C)c1O,1,1,0.6359997261686039,c1ccncc1
O=C(O)c1cc(=O)c2ccccc2o1,1,0,0.48880442332028406,O=c1ccoc2ccccc12
CN1CCN(C2=Nc3ccccc3Cc3ccccc32)CC1,1,1,0.9620547145039535,c1ccc2c(c1)Cc1ccccc1C(N1CCNCC1)=N2
CN1CCN(C2=Nc3cc(F)ccc3Cc3ccccc32)CC1,1,1,0.9707244257505198,c1ccc2c(c1)Cc1ccccc1C(N1CCNCC1)=N2
O=C1CN=C(c2ccccn2)c2cc(Br)ccc2N1,1,1,0.984504298514675,O=C1CN=C(c2ccccn2)c2ccccc2N1
CO[C@H]1/C=C/O[C@@]2(C)Oc3c(C)c(O)c4c(c3C2=O)C(=O)/C(=C/NN2CCN(C3CCCC3)CC2)C(=C4O)NC(=O)/C(C)=C\C=C\[C@H](C)[C@H](O)[C@@H](C)[C@@H](O)[C@@H](C)[C@H](OC(C)=O)[C@@H]1C,0,0,0.04627225539845863,O=C1C=CC=CCCCCCCCCC=COC2Oc3ccc4c(c3C2=O)C(=O)C(=CNN2CCN(C3CCCC3)CC2)C(=C4)N1
O=c1[nH]c2ccccc2c(=O)n1CCN1C[C@H]2C[C@H](c3ccc(F)cc3)[C@H]2C1,1,1,0.977070290128387,O=c1[nH]c2ccccc2c(=O)n1CCN1CC2CC(c3ccccc3)C2C1
CC1C2Cc3ccc(O)cc3C1(C)CCN2CCc1ccccc1,1,1,0.9457810714427539,c1ccc(CCN2CCC3CC2Cc2ccccc23)cc1
O=C(Cc1ccc(Cl)c(Cl)c1)N1CCc2sccc2[C@H]1CN1CCCC1,1,1,0.9718560500985615,O=C(Cc1ccccc1)N1CCc2sccc2C1CN1CCCC1
COC(=O)[C@@H]1C2CCC(C[C@@H]1OC(=O)c1ccccc1)N2C,1,1,0.7086203591304857,O=C(OC1CC2CCC(C1)N2)c1ccccc1
Cc1nc2n(c(=O)c1CCN1CCC(C(=O)c3ccc(F)cc3)CC1)CCS2,1,1,0.9841205667664403,O=C(c1ccccc1)C1CCN(CCc2cnc3n(c2=O)CCS3)CC1
COc1cc(N)c(Cl)cc1C(=O)NC1CCN(CCCOc2ccc(F)cc2)CC1OC,1,1,0.8845494719331899,O=C(NC1CCN(CCCOc2ccccc2)CC1)c1ccccc1
CC(=O)OCC1=C(C(=O)[O-])N2C(=O)[C@H](NC(=O)CC#N)[C@@H]2SC1,0,0,0.17364518133778684,O=C1CC2SCC=CN12
CC(=O)OCC1=C(C(=O)O)N2C(=O)[C@@H](NC(=O)CCC[C@@H](N)C(=O)O)[C@H]2SC1,0,0,0.06133057044403262,O=C1CC2SCC=CN12
CN(C)CCCN1c2ccccc2Sc2cccnc21,1,1,0.979451159979269,c1ccc2c(c1)Nc1ncccc1S2
NC1CONC1=O,1,1,0.8330192401545734,O=C1CCON1
COc1cc2c(cc1OC)C(c1cccc(Cl)c1)=NN=C(C)C2,1,1,0.8710260138467493,C1=NN=C(c2ccccc2)c2ccccc2C1
CCC1C(C)=NN=C(c2ccc(OC)c(OC)c2)c2cc(OC)c(OC)cc21,1,1,0.7080572357485906,C1=NN=C(c2ccccc2)c2ccccc2C1
COc1cc2c(cc1OC)C(c1ccc(N)cc1)=NN=C(C)C2,1,1,0.8835814155405882,C1=NN=C(c2ccccc2)c2ccccc2C1
CC(C)(C)C(O)/C=C/c1ccc2c(c1)OCO2,1,1,0.9389988528051495,c1ccc2c(c1)OCO2
O=C1NC2CCCCN2C12CCN(CCCN1c3ccccc3CCc3ccc(Cl)cc31)CC2,1,1,0.7634594071917635,O=C1NC2CCCCN2C12CCN(CCCN1c3ccccc3CCc3ccccc31)CC2
CN1C[C@H](CN2CC(=O)NC(=O)C2)C=C2c3cccc4[nH]cc(c34)C[C@H]21,1,1,0.9040141272807933,O=C1CN(CC2C=C3c4cccc5[nH]cc(c45)CC3NC2)CC(=O)N1
CCC(=O)N(c1ccc(Cl)c(Cl)c1)[C@@H]1CCC[C@H]1N(C)C,1,1,0.9811677414726551,c1ccc(NC2CCCC2)cc1
CN1CCN(C(=O)OC2C3=C(SCCS3)C(=O)N2c2ccc3ccc(Cl)nc3n2)CC1,1,1,0.9688505266507886,O=C(OC1C2=C(SCCS2)C(=O)N1c1ccc2cccnc2n1)N1CCNCC1
CCC(=O)N1CCN(C(=O)OC2C3=C(SCCS3)C(=O)N2c2ccc3ccc(Cl)nc3n2)CC1,1,1,0.9653680098262152,O=C(OC1C2=C(SCCS2)C(=O)N1c1ccc2cccnc2n1)N1CCNCC1
CN(C)CCCn1c(=O)c2ccccc2c2ccccc21,1,1,0.9957261153849739,O=c1[nH]c2ccccc2c2ccccc12
CC(=O)OCC(=O)[C@@]1(OC(=O)c2ccco2)[C@H](C)C[C@H]2[C@@H]3CCC4=CC(=O)C=C[C@]4(C)[C@@]3(F)[C@@H](O)C[C@@]21C,1,1,0.8873733707688422,O=C1C=CC2C(=C1)CCC1C2CCC2C(OC(=O)c3ccco3)CCC21
O=C(NCCCOc1cccc(CN2CCCCC2)c1)c1ccccc1,1,1,0.9036321400748404,O=C(NCCCOc1cccc(CN2CCCCC2)c1)c1ccccc1
Cc1[nH]ccc2c1[nH]c1cc(=O)ccc12,1,1,0.9126960144316522,O=c1ccc2c(c1)[nH]c1c[nH]ccc12
CCC(=O)O[C@H]1[C@H](C)O[C@@H](O[C@@H]2C(C)C(=O)O[C@H](C)[C@H](C)[C@H](OC(=O)CC)[C@@H](C)C(=O)[C@]3(CO3)CC(C)[C@H](O[C@@H]3O[C@H](C)C[C@H](N(C)C)[C@H]3O)[C@H]2C)C[C@@H]1OC,0,0,0.09483866651131932,O=C1CC(OC2CCCCO2)CC(OC2CCCCO2)CCC2(CO2)C(=O)CCCCO1
CO[C@H]1C[C@H](O[C@H]2[C@H](C)[C@@H](O[C@@H]3O[C@H](C)C[C@H](N(C)C)[C@H]3OC(C)=O)[C@@H](C)C[C@@]3(CO3)C(=O)[C@H](C)[C@@H](OC(C)=O)[C@@H](C)[C@@H](C)OC(=O)[C@@H]2C)O[C@@H](C)[C@@H]1OC(C)=O,0,0,0.14312907909232384,O=C1CC(OC2CCCCO2)CC(OC2CCCCO2)CCC2(CO2)C(=O)CCCCO1
COC1CC(O[C@H]2[C@H](C)[C@@H](OC3OC(C)CC(N(C)C)C3O)[C@@H](C)C[C@]3(CO3)C(=O)[C@H](C)[C@@H](O)[C@@H](C)[C@@H](C)OC(=O)[C@@H]2C)OC(C)C1O,0,0,0.058769573090676916,O=C1CC(OC2CCCCO2)CC(OC2CCCCO2)CCC2(CO2)C(=O)CCCCO1
CCC1(CC)C(=O)NCC(C)C1=O,1,1,0.9532414758098484,O=C1CCNC(=O)C1
COc1cc(C(=O)N2CCCCCCC2)cc(OC)c1OC,1,1,0.9058169369844625,O=C(c1ccccc1)N1CCCCCCC1
CN1CCCN(C(c2ccccc2)c2ccc(Cl)cc2)CC1,1,1,0.9756332873968431,c1ccc(C(c2ccccc2)N2CCCNCC2)cc1
CC12CCCCCC(Cc3ccc(O)cc31)C2N,1,1,0.6882985783754908,c1ccc2c(c1)CC1CCCCCC2C1
CCC1(C)CC(=O)NC1=O,1,1,0.9764810229500116,O=C1CCC(=O)N1
CCC1(CC)C(=O)NC(=O)N(c2ccccc2)C1=O,1,1,0.9800188004566021,O=C1CC(=O)N(c2ccccc2)C(=O)N1
O=C(NCCN1CCOCC1)c1ccc(Cl)cc1,1,1,0.9624749048611945,O=C(NCCN1CCOCC1)c1ccccc1
CN1CCN(C2=c3ccccc3=Nc3ccc(Cl)cc3N2)CC1,1,1,0.9166271797837838,c1ccc2c(c1)N=c1ccccc1=C(N1CCNCC1)N2
CCN(C(C)=O)c1cccc(-c2ccnc3c(C#N)cnn23)c1,1,1,0.9687809184795004,c1ccc(-c2ccnc3ccnn23)cc1
COc1ccc2c3c1O[C@H]1C[C@@H](O)C=C[C@@]31CCN(C)C2,1,1,0.8985031785530057,C1=CC23CCNCc4cccc(c42)OC3CC1
CCC12CCN(CC3CC3)C(Cc3ccc(O)cc31)C2(C)C,1,1,0.950582681677886,c1ccc2c(c1)CC1CC2CCN1CC1CC1
CC1C2Cc3ccc(O)cc3C1(C)CCN2CC1CC1,1,1,0.9489457052400464,c1ccc2c(c1)CC1CC2CCN1CC1CC1
CC[C@]12CCN(CC3(O)CC3)[C@H](Cc3ccc(O)cc31)C2(C)C,1,1,0.8812277660899858,c1ccc2c(c1)CC1CC2CCN1CC1CC1
COC(=O)C(c1ccccc1)C1CCCCN1,1,1,0.887468790716915,c1ccc(CC2CCCCN2)cc1
CC(=O)OC(c1ccccc1)C1CCCCN1,1,1,0.9231467315163505,c1ccc(CC2CCCCN2)cc1
CC1(C)S[C@@H]2[C@H](NC(=O)[C@H](N)c3ccccc3)C(=O)N2[C@H]1C(=O)OC1OC(=O)c2ccccc21,0,0,0.14622498777308546,O=C(Cc1ccccc1)NC1C(=O)N2C(C(=O)OC3OC(=O)c4ccccc43)CSC12
CN(Cc1cnc2nc(N)nc(N)c2n1)c1ccc(C(=O)N[C@@H](CCC(=O)O)C(=O)O)cc1,0,0,0.005911767282211052,c1ccc(NCc2cnc3ncncc3n2)cc1
COc1ccc(Cc2nccc3cc(OC)c(OC)cc23)cc1OC,0,0,0.48746051224739706,c1ccc(Cc2nccc3ccccc23)cc1
C[C@H]1CCCC[C@@]1(c1cccs1)N1CCCCC1,1,1,0.9955712021138657,c1csc(C2(N3CCCCC3)CCCCC2)c1
CN(C)Cc1ccc(-c2cccc(NC3N=CC=C3[N+](=O)[O-])c2)o1,1,1,0.8741436653345217,C1=CC(Nc2cccc(-c3ccco3)c2)N=C1
CO[C@@]1(NC(=O)C2SC(=C(C(N)=O)C(=O)O)S2)C(=O)N2C(C(=O)O)=C(CSc3nnnn3C)CS[C@@H]21,0,0,0.012915243830150518,C=C1SC(C(=O)NC2C(=O)N3C=C(CSc4nnn[nH]4)CSC23)S1
O=c1[nH]c2cc(Cl)ccc2n1C1CCN(CCCC(c2ccc(F)cc2)c2ccc(F)cc2)CC1,1,1,0.9088368493031862,O=c1[nH]c2ccccc2n1C1CCN(CCCC(c2ccccc2)c2ccccc2)CC1
O=c1[nH]c2ccccc2n1C1CCN(CCCC(c2ccc(F)cc2)c2ccc(F)cc2)CC1,1,1,0.9149516625924055,O=c1[nH]c2ccccc2n1C1CCN(CCCC(c2ccccc2)c2ccccc2)CC1
Cc1ccc(S(=O)(=O)CCN2C(=O)CN=C(c3ccccc3Cl)c3cc(Cl)ccc32)cc1,1,1,0.9376865388047724,O=C1CN=C(c2ccccc2)c2ccccc2N1CCS(=O)(=O)c1ccccc1
OCCN1CCN(CCCC2c3ccc(F)cc3Sc3ccc(C(F)(F)F)cc32)CC1,1,1,0.9880089187634696,c1ccc2c(c1)Sc1ccccc1C2CCCN1CCNCC1
OCCCN1CCN(CCCC2c3ccccc3Sc3ccc(Cl)cc32)CC1,1,1,0.9843272642520761,c1ccc2c(c1)Sc1ccccc1C2CCCN1CCNCC1
COc1cc(C(=O)OCCN2CCN(CCCN3c4ccccc4Sc4ccc(Cl)cc43)CC2)cc(OC)c1OC,1,1,0.8869745380459738,O=C(OCCN1CCN(CCCN2c3ccccc3Sc3ccccc32)CC1)c1ccccc1
CC(C)(Oc1ccc(Cl)cc1)C(=O)N[C@@H](C(=O)N[C@@H]1C(=O)N2[C@@H]1SC(C)(C)[C@@H]2C(=O)O)c1ccccc1,0,0,0.06378009868672871,O=C(COc1ccccc1)NC(C(=O)NC1C(=O)N2CCSC12)c1ccccc1
Cc1nccc2c1[nH]c1ccccc12,1,1,0.9812124965156045,c1ccc2c(c1)[nH]c1cnccc12
Clc1ccc2c(c1)C(c1ccccc1)=NCc1nncn1-2,1,1,0.9756940301069169,c1ccc(C2=NCc3nncn3-c3ccccc32)cc1
Cc1nnc2n1-c1ccc(Cl)cc1C(c1ccccc1Cl)=NC2,1,1,0.9644486987549399,c1ccc(C2=NCc3nncn3-c3ccccc32)cc1
Cc1nnc2n1-c1ccc(Cl)cc1C(c1ccccc1)=NC2,1,1,0.9750084036465384,c1ccc(C2=NCc3nncn3-c3ccccc32)cc1
CN(C)Cc1nnc2n1-c1ccc(Cl)cc1C(c1ccccc1)=NC2,1,1,0.9670479272409321,c1ccc(C2=NCc3nncn3-c3ccccc32)cc1
CC(Cc1ccccc1)n1cc([N-]C(=O)Nc2ccccc2)[o+]n1,1,1,0.9812140807083348,O=C([N-]c1cn(CCc2ccccc2)n[o+]1)Nc1ccccc1
CO[C@@]1(NC(=O)CSC(F)(F)F)C(=O)N2C(C(=O)O)=C(CSc3nnnn3CCO)CO[C@@H]21,0,0,0.193847056896539,O=C1CC2OCC(CSc3nnn[nH]3)=CN12
CC1(C)O[C@@H]2C[C@H]3C4CCC5CC(=O)CCC5(C)[C@@]4(F)[C@@H](O)CC3(C)[C@]2(C(=O)CO)O1,1,1,0.9052949671274467,O=C1CCC2C(CCC3C2CCC2C3CC3OCOC32)C1
O=C([O-])c1ccccc1Oc1ccccc1,1,1,0.714014145731125,c1ccc(Oc2ccccc2)cc1
CN1CCC(=C2c3ccccc3Sc3ccccc32)CC1,1,1,0.994626402579711,c1ccc2c(c1)Sc1ccccc1C2=C1CCNCC1
OC(c1ccccc1)(c1ccccc1)C1CCCCN1,1,1,0.9186745719924905,c1ccc(C(c2ccccc2)C2CCCCN2)cc1
CCCCCC(C)C(C)c1cc(OC(=O)CCCN2CCCCCC2)c2c(c1)OC(C)(C)C1=C2CC(C)CC1,1,1,0.9502060454459437,O=C(CCCN1CCCCCC1)Oc1cccc2c1C1=C(CCCC1)CO2
NS(=O)(=O)c1cc2c(cc1Cl)NC=NS2(=O)=O,0,1,0.5832920716745131,O=S1(=O)N=CNc2ccccc21
COC1=CC(=O)OC1C(O)c1ccccc1Cl,1,1,0.7686316900971208,O=C1C=CC(Cc2ccccc2)O1
O=C1NC(=O)C2(c3ccc(Cl)cc3)CC12,1,1,0.9893184874397858,O=C1NC(=O)C2(c3ccccc3)CC12
CCOC(=O)[C@H](CCc1ccccc1)N[C@@H](C)C(=O)N1CCC[C@H]1C(=O)O,0,0,0.28843492753392613,O=C(CNCCCc1ccccc1)N1CCCC1
c1ccc(CC2NCCc3c2[nH]c2ccccc32)cc1,1,1,0.9450491471040895,c1ccc(CC2NCCc3c2[nH]c2ccccc32)cc1
Cn1cc(CCN2CCN(c3ccccc3Cl)CC2)cn1,1,1,0.966707497037014,c1ccc(N2CCN(CCc3cn[nH]c3)CC2)cc1
Cc1cnc(N/C(O)=C2/C(=O)c3ccccc3S(=O)(=O)N2C)s1,0,0,0.24364917240176356,O=C1C(=CNc2nccs2)NS(=O)(=O)c2ccccc21
C=C[C@H]1CN2CC[C@@H]1C[C@H]2[C@H](O)c1ccnc2ccc(OC)cc12,0,1,0.5324436637348346,c1ccc2c(CC3CC4CCN3CC4)ccnc2c1
C=C[C@H]1CN2CC[C@H]1C[C@@H]2[C@@H](O)c1ccnc2ccc(OC)cc12,1,1,0.5324436637348346,c1ccc2c(CC3CC4CCN3CC4)ccnc2c1
C[C@H]1O[C@@H](O[C@H]2[C@@H](O)C[C@H](O[C@H]3[C@@H](O)C[C@H](O[C@H]4CC[C@@]5(C)[C@H](CC[C@@H]6[C@@H]5CC[C@]5(C)[C@H](C7=CC(=O)OC7)CC[C@]65O)C4)O[C@@H]3C)O[C@@H]2C)C[C@H](O)[C@@H]1O,0,0,0.05166957075466775,O=C1C=C(C2CCC3C2CCC2C4CCC(OC5CCC(OC6CCC(OC7CCCCO7)CO6)CO5)CC4CCC23)CO1
C[C@H]1O[C@@H](O[C@H]2[C@@H](O)C[C@H](O[C@H]3[C@@H](O)C[C@H](O[C@H]4CC[C@@]5(C)[C@H](CC[C@@H]6[C@@H]5C[C@@H](O)[C@]5(C)[C@@H](C7=CC(=O)OC7)CC[C@]65O)C4)O[C@@H]3C)O[C@@H]2C)C[C@H](O)[C@@H]1O,0,0,0.032037848499210805,O=C1C=C(C2CCC3C2CCC2C4CCC(OC5CCC(OC6CCC(OC7CCCCO7)CO6)CO5)CC4CCC23)CO1
CO[C@@]12[C@H](COC(N)=O)C3=C(C(=O)C(C)=C(N)C3=O)N1C[C@@H]1N[C@@H]12,0,0,0.1340444040895069,O=C1C=CC(=O)C2=C1CC1C3NC3CN21
COc1cc2c(cc1OC)C1CC(=O)C(CC(C)C)CN1CC2,1,1,0.9411972619151051,O=C1CCN2CCc3ccccc3C2C1
O=C(NCCc1ccc(O)c(O)c1)C12CC3CC(CC(C3)C1)C2,1,1,0.7835762062136638,O=C(NCCc1ccccc1)C12CC3CC(CC(C3)C1)C2
CN1[C@@H]2CCC[C@H]1CC(NC(=O)c1nn(C)c3ccccc13)C2,1,1,0.9793753311148837,O=C(NC1CC2CCCC(C1)N2)c1n[nH]c2ccccc12
Cc1[nH]nc2c1N(c1ccccc1)C(=O)CC(=O)N2C,1,1,0.9250761044522908,O=C1CC(=O)N(c2ccccc2)c2c[nH]nc2N1
CCCCCc1cc(O)c2c(c1)OC(C)(C)[C@@H]1CCC(C)=C[C@@H]21,1,1,0.8211450038049217,C1=CC2c3ccccc3OCC2CC1
Cc1ccsc1C(=CCCN1CCC[C@@H](C(=O)O)C1)c1sccc1C,1,1,0.9179092617546238,C(CCN1CCCCC1)=C(c1cccs1)c1cccs1
COc1ccc(C2CNC(=O)C2)cc1OC1CCCC1,1,1,0.94830360294028,O=C1CC(c2cccc(OC3CCCC3)c2)CN1
CCN(CC)C(=O)[C@H]1[C@H](C(=O)N(CC)CC)[C@H]2C=C[C@@H]1C2,1,1,0.8474045022575852,C1=CC2CCC1C2
CC1(C)S[C@@H]2[C@H](NC(=O)[C@H](NC(=O)N3CCN(S(C)(=O)=O)C3=O)c3ccccc3)C(=O)N2[C@H]1C(=O)O,0,0,0.009600259992762261,O=C(NC1C(=O)N2CCSC12)C(NC(=O)N1CCNC1=O)c1ccccc1
COc1cc(/C=C/C(=O)N2CCCCCCC2)cc(OC)c1OC,1,1,0.8895268897706493,O=C(C=Cc1ccccc1)N1CCCCCCC1
CC1(C)S[C@@H]2[C@H](NC(=O)[C@H](NC(=O)Nc3cnc(Nc4ccc(S(N)(=O)=O)cc4)[nH]c3=O)c3ccc(O)cc3)C(=O)N2[C@H]1C(=O)O,0,0,0.05450302376919433,O=C(Nc1cnc(Nc2ccccc2)[nH]c1=O)NC(C(=O)NC1C(=O)N2CCSC12)c1ccccc1
CC(C)CC(N(C)C)C1(c2ccc(Cl)cc2)CCC1,1,1,0.9894073973006529,c1ccc(C2CCC2)cc1
CC(=O)CC(c1ccccc1)c1c(O)oc2ccccc2c1=O,0,1,0.5271490812369599,O=c1c(Cc2ccccc2)coc2ccccc12
O=c1cc[nH]nc1,1,1,0.9315384734950078,O=c1cc[nH]nc1
O=[N+]([O-])c1cc[nH]c1NCCSCc1ccccn1,1,1,0.8657978508696694,c1ccc(CSCCNc2ccc[nH]2)nc1
Cc1cc(C(C)(C)SC(C)(C)CNc2[nH]ccc2[N+](=O)[O-])nc(C)c1C,1,1,0.8010182045666597,c1ccc(CSCCNc2ccc[nH]2)nc1
Cn1c(=O)c2c(ncn2CCN2CCC(c3c[nH]c4ccccc34)CC2)n(C)c1=O,1,1,0.8377586638295291,O=c1[nH]c(=O)c2c(ncn2CCN2CCC(c3c[nH]c4ccccc34)CC2)[nH]1
CN[C@H]1CC[C@@H](c2ccc(Cl)c(Cl)c2)c2ccccc21,1,1,0.9816314840981257,c1ccc(C2CCCc3ccccc32)cc1
CNC1CCC(c2ccccc2)c2ccccc21,1,1,0.9885946989962188,c1ccc(C2CCCc3ccccc32)cc1
O=C(CCCN1CCC(n2c(=O)[nH]c3ccccc32)CC1)c1ccc(F)cc1,1,1,0.9701492734119431,O=C(CCCN1CCC(n2c(=O)[nH]c3ccccc32)CC1)c1ccccc1
Cc1cccc(O[C@H]2CCNC[C@H]2O)c1C,1,1,0.8539907953519739,c1ccc(OC2CCNCC2)cc1
COc1ccc2c3c1OC1C(OC(=O)c4cccnc4)CCC4C(C2)N(C)CCC341,1,1,0.932991632347119,O=C(OC1CCC2C3Cc4cccc5c4C2(CCN3)C1O5)c1cccnc1
NC(=O)N1c2ccccc2C2OC2c2ccccc21,1,1,0.9471606941580215,c1ccc2c(c1)Nc1ccccc1C1OC21
S=C1NCCC(COc2ccccc2)O1,1,1,0.9921224995571024,S=C1NCCC(COc2ccccc2)O1
CN1C(=O)CC2(CCN(CCCC(=O)c3ccc(F)cc3)CC2)C1=O,1,1,0.9661348103920144,O=C1CC2(CCN(CCCC(=O)c3ccccc3)CC2)C(=O)N1
NC(=O)c1cn(Cc2c(F)cccc2F)nn1,1,1,0.8860687731680552,c1ccc(Cn2ccnn2)cc1
c1ccc([C@@H]2CN3CCSC3=N2)cc1,1,1,0.9697316007815708,c1ccc(C2CN3CCSC3=N2)cc1
Cc1ncc2n1-c1ccc(Cl)cc1C(c1ccccc1F)=NC2,1,1,0.9724957316371331,c1ccc(C2=NCc3cncn3-c3ccccc32)cc1
Cc1ncc2n1-c1ccc(Cl)cc1C(c1ccccc1Cl)=NC2,1,1,0.9512322048504273,c1ccc(C2=NCc3cncn3-c3ccccc32)cc1
Cc1ncc2n1-c1ccc(Cl)cc1C(c1ccccc1F)=NC2O,1,1,0.9197733904630128,c1ccc(C2=NCc3cncn3-c3ccccc32)cc1
OCc1ncc2n1-c1ccc(Cl)cc1C(c1ccccc1F)=NC2,1,1,0.9294322151913109,c1ccc(C2=NCc3cncn3-c3ccccc32)cc1
Cn1c(=O)c2nc[nH]c2n(C)c1=O,1,1,0.8901323186097535,O=c1[nH]c(=O)c2nc[nH]c2[nH]1
O=C(O)CCc1nc(-c2ccccc2)c(-c2ccccc2)o1,0,1,0.5248346425146041,c1ccc(-c2ncoc2-c2ccccc2)cc1
CC(C)(C)NC(=O)[C@@H]1CN(Cc2cccnc2)CCN1C[C@@H](O)C[C@@H](Cc1ccccc1)C(=O)N[C@H]1c2ccccc2C[C@H]1O,1,1,0.7539338542547642,O=C(NC1CCc2ccccc21)C(CCCN1CCN(Cc2cccnc2)CC1)Cc1ccccc1
CCOC(=O)c1ncn2c1CN(C)C(=O)c1cc(F)ccc1-2,1,1,0.8886292774693637,O=C1NCc2cncn2-c2ccccc21
NC(=O)CN1C(=O)COc2ccccc21,1,1,0.8862778924572785,O=C1COc2ccccc2N1
Cc1csc2ccc3[nH]c4c(c3c12)CN(C)CC4,1,1,0.9891329698201081,c1cc2c(ccc3[nH]c4c(c32)CNCC4)s1
CCN1CCc2[nH]c3cc(F)c4scc(C)c4c3c2C1,1,1,0.9907726797798831,c1cc2c(ccc3[nH]c4c(c32)CNCC4)s1
OCCC1CCN(CC/C=C2\c3ccc(F)cc3Sc3ccc(C(F)(F)F)cc32)CC1,1,1,0.9860103008758265,C(CCN1CCCCC1)=C1c2ccccc2Sc2ccccc21
CO[C@H](C(=O)[C@@H](O)[C@@H](C)O)[C@@H]1Cc2cc3cc(O[C@H]4C[C@@H](O[C@H]5C[C@@H](O)[C@H](O)[C@@H](C)O5)[C@H](O)[C@@H](C)O4)c(C)c(O)c3c(O)c2C(=O)[C@H]1O[C@H]1C[C@@H](O[C@H]2C[C@@H](O[C@H]3C[C@](C)(O)[C@H](O)[C@@H](C)O3)[C@H](O)[C@@H](C)O2)[C@H](O)[C@@H](C)O1,1,0,0.4818836526434793,O=C1c2cc3ccc(OC4CC(OC5CCCCO5)CCO4)cc3cc2CCC1OC1CC(OC2CC(OC3CCCCO3)CCO2)CCO1
CCc1c(C)[nH]c2c1C(=O)C(CN1CCOCC1)CC2,1,1,0.9915464003474028,O=C1c2cc[nH]c2CCC1CN1CCOCC1
O=C1CSC2(CCN(CCCN3c4ccccc4Sc4ccc(Cl)cc43)CC2)N1,1,1,0.9663709273805949,O=C1CSC2(CCN(CCCN3c4ccccc4Sc4ccccc43)CC2)N1
NS(=O)(=O)c1cc(C2(O)NC(=O)c3ccccc32)ccc1Cl,0,1,0.5683767989468834,O=C1NC(c2ccccc2)c2ccccc21
CCCC(C)C1(CCSC)C(=O)NC(=S)NC1=O,1,1,0.8919223784339562,O=C1CC(=O)NC(=S)N1
CCCC(C)C1(CC)C(=O)NC(=S)NC1=O,0,1,0.9226284589952507,O=C1CC(=O)NC(=S)N1
C=CCC1(C(C)CCC)C(=O)NC(=S)NC1=O,1,1,0.9245051721879116,O=C1CC(=O)NC(=S)N1
CCCC(CC)C1(CC)C(=O)NC(=S)NC1=O,1,1,0.9317858846802679,O=C1CC(=O)NC(=S)N1
COc1ccc(N2C[C@H](CN3CCC(O)(c4ccc5c(c4)OCO5)CC3)OC2=O)cc1,1,1,0.9412337405185406,O=C1OC(CN2CCC(c3ccc4c(c3)OCO4)CC2)CN1c1ccccc1
NC(N)=NC(=O)c1nc(Cl)c(N)nc1N,1,1,0.8782615118337296,c1cnccn1
CN(C)c1cnccn1,1,1,0.9529607757134233,c1cnccn1
NC(=O)c1cnccn1,1,1,0.9636977920928955,c1cnccn1
CCOC(=O)C1(c2ccccc2)CCC=CC1N(C)C,1,1,0.9323846652427781,C1=CCC(c2ccccc2)CC1
COc1ccc2c(c1OC)[C@]13CCN(C)[C@H](C2)[C@]1(O)CC[C@@H](O)C3,1,1,0.9034217376916822,c1ccc2c(c1)CC1NCCC23CCCCC13
CN1CC[C@@]23CCCC[C@@H]2[C@@H]1Cc1ccc(O)cc13,1,1,0.9420313791786451,c1ccc2c(c1)CC1NCCC23CCCCC13
CN1CC[C@]23CCCC[C@H]2[C@H]1Cc1ccc(O)cc13,1,1,0.9420313791786451,c1ccc2c(c1)CC1NCCC23CCCCC13
Cc1ccc2c(c1)[C@]13CCCC[C@@H]1[C@H](C2)N(C)CC3,1,1,0.9948578551231296,c1ccc2c(c1)CC1NCCC23CCCCC13
C=CCN1CC[C@]23CCCC[C@H]2[C@H]1Cc1ccc(O)cc13,1,1,0.963325689570234,c1ccc2c(c1)CC1NCCC23CCCCC13
Oc1ccc2c(c1)C13CCCCC1C(C2)NCC3,1,1,0.8538116524625052,c1ccc2c(c1)CC1NCCC23CCCCC13
COc1ccc2c(c1)[C@]13CCCC[C@@H]1[C@H](C2)N(C)CC3,1,1,0.9702863959617808,c1ccc2c(c1)CC1NCCC23CCCCC13
Cc1cc(C)c(=O)[nH]n1,1,1,0.9808343248278018,O=c1cccn[nH]1
c1ccc(-c2nc(N3CCNCC3)cc3ccccc23)cc1,1,1,0.8822485481854657,c1ccc(-c2nc(N3CCNCC3)cc3ccccc23)cc1
CCN(CC)C(=O)N1CCN(CCCc2nc3c(c(=O)n(C)c(=O)n3C)n2C)CC1,1,1,0.9418771574467655,O=c1[nH]c(=O)c2[nH]c(CCCN3CCNCC3)nc2[nH]1
CCn1cc(C(=O)O)c(=O)c2cc(F)c(N3CCNCC3)nc21,0,0,0.31684386040617485,O=c1cc[nH]c2nc(N3CCNCC3)ccc12
CC1(C)S[C@@H]2[C@H](NC(=O)C(C(=O)Oc3ccccc3)c3ccccc3)C(=O)N2[C@H]1C(=O)O,0,0,0.07730615894580752,O=C(NC1C(=O)N2CCSC12)C(C(=O)Oc1ccccc1)c1ccccc1
CCNC1(c2cccs2)CCCCC1=O,1,1,0.9849272192424974,O=C1CCCCC1c1cccs1
CS(=O)(=O)c1ccc2c(c1)N(CCCN1CCC(C(N)=O)CC1)c1ccccc1S2,1,1,0.9708175044097296,c1ccc2c(c1)Sc1ccccc1N2CCCN1CCCCC1
N#Cc1ccc2c(c1)N(CCCN1CCC(O)CC1)c1ccccc1S2,1,1,0.9692969811887646,c1ccc2c(c1)Sc1ccccc1N2CCCN1CCCCC1
COc1ccc2c(c1)N(CC(C)CN1CCC(O)CC1)c1ccccc1S2,1,1,0.9719627618869193,c1ccc2c(c1)Sc1ccccc1N2CCCN1CCCCC1
CC(=O)c1ccc2c(c1)N(CCCN1CCC(CCO)CC1)c1ccccc1S2,1,1,0.9661218083754423,c1ccc2c(c1)Sc1ccccc1N2CCCN1CCCCC1
CCCCCCCCCCCCCCCC(=O)OCCC1CCN(CCCN2c3ccccc3Sc3ccc(S(=O)(=O)N(C)C)cc32)CC1,1,1,0.8970770208974193,c1ccc2c(c1)Sc1ccccc1N2CCCN1CCCCC1
OCCOC1CCN(CCCN2c3ccccc3Sc3ccc(C(F)(F)F)cc32)CC1,1,1,0.9794937576458307,c1ccc2c(c1)Sc1ccccc1N2CCCN1CCCCC1
CN(C)S(=O)(=O)c1ccc2c(c1)N(CCCN1CCC(CCO)CC1)c1ccccc1S2,1,1,0.953762887143658,c1ccc2c(c1)Sc1ccccc1N2CCCN1CCCCC1
Nc1nc(NC2CC2)c2ncn([C@H]3C=C[C@@H](CO)C3)c2n1,1,1,0.7282704113901226,C1=CC(n2cnc3c(NC4CC4)ncnc32)CC1
C/C=C\C1O[C@]2(C(=O)COC(=O)c3ccncc3)CC[C@@]3(O1)[C@@H]1CCC4=CC(=O)CC[C@]4(C)[C@H]1[C@@H](O)C[C@]23C,1,1,0.8253144266939741,O=C1C=C2CCC3C(CCC4C5(C(=O)COC(=O)c6ccncc6)CCC34OCO5)C2CC1
CCNC1=Nc2ccc(Cl)cc2C(C)(c2ccccc2)O1,1,1,0.9845908974836148,C1=Nc2ccccc2C(c2ccccc2)O1
O=C(CCCN1CCN2CCCC2C1)c1ccc(F)cc1,1,1,0.9470577114450618,O=C(CCCN1CCN2CCCC2C1)c1ccccc1
Cc1cc(C(=O)NNCc2ccccc2)no1,1,1,0.8989166838225169,O=C(NNCc1ccccc1)c1ccon1
O=C(O)C1CCN1C12CC3CC(CC(C3)C1)C2,1,1,0.9252357049324164,C1CN(C23CC4CC(CC(C4)C2)C3)C1
CCCCc1oc2ccccc2c1C(=O)c1cc(I)c(OCCN(CC)CC)c(I)c1,0,0,0.39245356886266786,O=C(c1ccccc1)c1coc2ccccc12
COc1ccc2nc(S(=O)Cc3ncc(C)c(OC)c3C)[nH]c2c1,0,0,0.4082634871899575,O=S(Cc1ccccn1)c1nc2ccccc2[nH]1
CCc1cc2c(s1)N(C)C(=O)CN=C2c1ccccc1Cl,1,1,0.9930294936224475,O=C1CN=C(c2ccccc2)c2ccsc2N1
C=CCN1C(=O)C(CC(C)C)NC1=S,1,1,0.9595214531333076,O=C1CNC(=S)N1
CN1Cc2c(-c3noc(C(C)(C)O)n3)ncn2-c2cccc(Cl)c2C1=O,0,0,0.47511497492441446,O=C1NCc2c(-c3ncon3)ncn2-c2ccccc21
CN1Cc2c(-c3noc(C(C)(CO)CO)n3)ncn2-c2cccc(Cl)c2C1=O,0,0,0.3141841358436454,O=C1NCc2c(-c3ncon3)ncn2-c2ccccc21
CN1Cc2c(-c3noc([C@](C)(O)CO)n3)ncn2-c2cccc(Cl)c2C1=O,0,0,0.2724675136253988,O=C1NCc2c(-c3ncon3)ncn2-c2ccccc21
CN1Cc2c(-c3noc(C(C)(O)CO)n3)ncn2-c2cccc(Cl)c2C1=O,0,0,0.2724675136253988,O=C1NCc2c(-c3ncon3)ncn2-c2ccccc21
CC(C)c1nc(-c2ncn3c2CN(C)C(=O)c2c(Cl)cccc2-3)no1,1,1,0.7474394865778725,O=C1NCc2c(-c3ncon3)ncn2-c2ccccc21
CCc1c(OC)nc2nc(-c3noc(C)n3)cn2c1C,1,1,0.7713110248986381,c1cnc2nc(-c3ncon3)cn2c1
C[C@@H](O)[C@H]1C(=O)N2C(C(=O)O)=C(SC3CCS(=O)C3)S[C@H]12,0,0,0.02248742247384144,O=C1CC2SC(SC3CCS(=O)C3)=CN12
CC(C)[C@@H](CN1CCCC1)N(C)C(=O)Cc1ccc(Cl)c(Cl)c1,1,1,0.9600049185485124,O=C(Cc1ccccc1)NCCN1CCCC1
CN1C(=S)CN=C(c2ccccc2)c2cc(Cl)ccc21,1,1,0.994111367299166,S=C1CN=C(c2ccccc2)c2ccccc2N1
Fc1ccccc1C1=NCC(=S)N(CC(F)(F)F)c2ccc(Cl)cc21,1,1,0.9939346855001984,S=C1CN=C(c2ccccc2)c2ccccc2N1
CNCCCC1(C)C(=O)N(c2ccccc2)c2ccccc21,1,1,0.9670794201490398,O=C1Cc2ccccc2N1c1ccccc1
Oc1ccc2c(c1)C13CCN(CC4CC4)C(C2)C1CCOC3,1,1,0.8980340033482997,c1ccc2c(c1)CC1C3CCOCC23CCN1CC1CC1
COc1ccc(C[C@H](N)C(=O)NC2[C@@H](O)[C@H](n3cnc4c(N(C)C)ncnc43)O[C@@H]2CO)cc1,0,0,0.21810867695845224,O=C(CCc1ccccc1)NC1COC(n2cnc3cncnc32)C1
CN1[C@@H]2CC[C@H]1CC(NC(=O)c1cn(C3CCCCC3)c3ccccc3c1=O)C2,1,1,0.8118259819021696,O=C(NC1CC2CCC(C1)N2)c1cn(C2CCCCC2)c2ccccc2c1=O
CC(C)c1nc(CN(C)C(=O)N[C@H](C(=O)N[C@@H](Cc2ccccc2)C[C@H](O)[C@H](Cc2ccccc2)NC(=O)OCc2cncs2)C(C)C)cs1,0,0,0.34738489904610986,O=C(CNC(=O)NCc1cscn1)NC(CCC(Cc1ccccc1)NC(=O)OCc1cncs1)Cc1ccccc1
COc1ccc(CCN(C)CCCC(C#N)(c2ccc(OC)c(OC)c2)C(C)C)cc1OC,0,1,0.6556185728844274,c1ccc(CCCCNCCc2ccccc2)cc1
COc1cc(Br)c2oc(C3CCNCC3)cc2c1,1,1,0.9261301782651157,c1ccc2oc(C3CCNCC3)cc2c1
CCOC(=O)C[C@@H](O)C[C@@H](O)/C=C/C1=C(c2ccc(F)cc2)c2ccccc2OC12CCCC2,1,1,0.9531694309079011,C1=C(c2ccccc2)c2ccccc2OC12CCCC2
CC1=C[C@@H]2[C@H]([C@@H](O)C[C@@]3(C)[C@H]2C[C@@H](C)[C@]3(O)C(=O)COC(=O)c2cccc(S(=O)(=O)O)c2)[C@@]2(C)Cc3cnn(-c4ccccc4)c3C=C12,1,0,0.31050005241444734,O=C(OCC(=O)C1CCC2C3C=CC4=Cc5c(cnn5-c5ccccc5)CC4C3CCC12)c1ccccc1
FC(F)(F)c1cccc(C2=CCN(CCc3ccc4ccccc4c3)CC2)c1,1,1,0.9778609382110319,C1=C(c2ccccc2)CCN(CCc2ccc3ccccc3c2)C1
Cc1cccc(Cl)c1NC(=O)/C=C1\SCC(=O)N1C,1,1,0.9836632798931052,O=C(C=C1NC(=O)CS1)Nc1ccccc1
NC1=NC(=O)C(c2ccccc2)O1,1,1,0.9822960296094305,O=C1N=COC1c1ccccc1
CCNC1=NC(=O)C(c2ccccc2)O1,1,1,0.9896878141400555,O=C1N=COC1c1ccccc1
CN(C)C1=NC(=O)C(c2ccccc2)O1,1,1,0.9896937176070169,O=C1N=COC1c1ccccc1
COc1ccc(OCC2CN(C)CCC2c2ccccc2)cc1,1,1,0.9688318856478068,c1ccc(OCC2CNCCC2c2ccccc2)cc1
NCc1ccccc1CC(=O)N[C@@H]1C(=O)N2C(C(=O)O)=C(CSc3nnnn3CC(=O)O)CS[C@H]12,0,0,0.06378759681465476,O=C(Cc1ccccc1)NC1C(=O)N2C=C(CSc3nnn[nH]3)CSC12
O=C(O)C1=C(CSc2nnnn2CS(=O)(=O)O)CS[C@@H]2[C@H](NC(=O)C(O)c3ccccc3)C(=O)N12,0,0,0.046578398159764285,O=C(Cc1ccccc1)NC1C(=O)N2C=C(CSc3nnn[nH]3)CSC12
Cn1nnnc1SCC1=C(C(=O)O)N2C(=O)[C@@H](NC(=O)[C@H](O)c3ccccc3)[C@H]2SC1,1,0,0.16738648268986872,O=C(Cc1ccccc1)NC1C(=O)N2C=C(CSc3nnn[nH]3)CSC12
CCN1CC(CCN2CCOCC2)C(c2ccccc2)(c2ccccc2)C1=O,1,1,0.9583434730867716,O=C1NCC(CCN2CCOCC2)C1(c1ccccc1)c1ccccc1
Nc1ncc2ncn(COCCO)c2n1,1,1,0.8406422200815787,c1ncc2nc[nH]c2n1
CC(=O)OCC(CCn1cnc2cnc(N)nc21)COC(C)=O,1,1,0.732374687261638,c1ncc2nc[nH]c2n1
CC(C)OCC(COC(C)C)OCn1cnc2cnc(N)nc21,1,1,0.8973540671534737,c1ncc2nc[nH]c2n1
CC(c1noc2ccc(Cl)cc12)n1ccnc1,1,1,0.9659194953506386,c1ccc2c(Cn3ccnc3)noc2c1
CN(C)C1CCc2[nH]c3ccccc3c2C1,1,1,0.9767896507109852,c1ccc2c3c([nH]c2c1)CCCC3
CN(C)C1CCc2[nH]c3c(F)cc(F)cc3c2C1,1,1,0.982169175601319,c1ccc2c3c([nH]c2c1)CCCC3
C/C=C/C=C/C1OC(O)(C(CC)C(=O)NC/C=C/C=C(\C)C(OC)C(C)C2OC(/C=C/C=C/C=C(\C)C(=O)c3c(O)n(C)ccc3=O)C(O)C2O)C(O)C(OC2OC(C)C(OC3OC(C)C(OC)C(O)C3OC)C(OC)C2O)C1(C)C,0,0,0.008082016757560448,O=C(CC1CC(OC2CCC(OC3CCCCO3)CO2)CCO1)NCC=CC=CCCC1CCC(C=CC=CC=CC(=O)c2c[nH]ccc2=O)O1
S=P(N1CC1)(N1CC1)N1CC1,1,1,0.9991612276875577,S=P(N1CC1)(N1CC1)N1CC1
Cc1nc2c(C)cccn2c(=O)c1CCN1CCC(c2noc3cc(F)ccc23)CC1,1,1,0.9898263833116311,O=c1c(CCN2CCC(c3noc4ccccc34)CC2)cnc2ccccn12
CNCCC(Oc1cccc2ccccc12)c1cccs1,1,1,0.9442213642705543,c1csc(COc2cccc3ccccc23)c1
C#CCN[C@@H]1CCc2ccccc21,1,1,0.9756858406393556,c1ccc2c(c1)CCC2
CC(CCc1ccccc1)NC(C)C(O)c1ccc(O)cc1,0,1,0.6162939506092794,c1ccc(CCCNCCc2ccccc2)cc1
CC(CCc1ccccc1)NCC(O)c1ccc(O)c(C(N)=O)c1,0,0,0.36971257296161447,c1ccc(CCCNCCc2ccccc2)cc1
CN1CCCC(CN2c3ccccc3Sc3ccccc32)C1,1,1,0.9948329374656408,c1ccc2c(c1)Sc1ccccc1N2CC1CCCNC1
O=C1NCCN1C1CCN(CCC2COc3ccccc3O2)CC1,1,1,0.8885027890610384,O=C1NCCN1C1CCN(CCC2COc3ccccc3O2)CC1
O=C1OCCC1C1(O)CCN(CCCN2c3ccccc3Sc3ccc(Cl)cc32)CC1,1,1,0.9094287480678568,O=C1OCCC1C1CCN(CCCN2c3ccccc3Sc3ccccc32)CC1
CN(C)CCCN1c2ccccc2C(c2ccccc2)=Nc2cccnc21,1,1,0.9285859263470065,c1ccc(C2=Nc3cccnc3Nc3ccccc32)cc1
O=C1NCCN1CCN1CCC(c2cn(-c3ccc(F)cc3)c3ccc(Cl)cc23)CC1,1,1,0.9714084570790762,O=C1NCCN1CCN1CCC(c2cn(-c3ccccc3)c3ccccc23)CC1
O=C1CCc2ccc(OCCCCN3CCN(c4cccc(Cl)c4Cl)CC3)cc2N1,1,1,0.9540429381341803,O=C1CCc2ccc(OCCCCN3CCN(c4ccccc4)CC3)cc2N1
CC(=O)OCC1=CO[C@@H](OC(=O)CC(C)C)[C@H]2C1=C[C@H](OC(=O)CC(C)(C)OC(C)=O)[C@]21CO1,1,1,0.7324415333648933,C1=CC2=CCC3(CO3)C2CO1
CC(=O)OCC1=CO[C@@H](OC(=O)CC(C)C)[C@H]2C1=C[C@H](OC(=O)CC(C)C)[C@]21CO1,1,1,0.8311702683815195,C1=CC2=CCC3(CO3)C2CO1
Cc1cccc(C)c1NC1=NCCCS1,1,1,0.9600107612286785,c1ccc(NC2=NCCCS2)cc1
Cc1ccccc1N1CCN(CCCOc2ccccn2)CC1,1,1,0.9215538612801125,c1ccc(N2CCN(CCCOc3ccccn3)CC2)cc1
COCCCC(=O)OC(C)OC(=O)C1=C(COC(N)=O)CS[C@@H]2[C@H](NC(=O)/C(=N\OC)c3ccco3)C(=O)N12,0,0,0.22608445347037937,N=C(C(=O)NC1C(=O)N2C=CCSC12)c1ccco1
CO/N=C(\C(=O)N[C@@H]1C(=O)N2C(C(=O)O)=C(COC(C)=O)CS[C@H]12)c1ccco1,0,0,0.1437436301580986,N=C(C(=O)NC1C(=O)N2C=CCSC12)c1ccco1
CO/N=C(\C(=O)N[C@@H]1C(=O)N2C(C(=O)O)=C(COC(N)=O)CS[C@H]12)c1ccco1,1,0,0.1422806147396836,N=C(C(=O)NC1C(=O)N2C=CCSC12)c1ccco1
CO/N=C(\C(=O)N[C@@H]1C(=O)N2C(C(=O)OC(C)OC(C)=O)=C(COC(N)=O)CS[C@H]12)c1ccco1,0,0,0.26412240953262967,N=C(C(=O)NC1C(=O)N2C=CCSC12)c1ccco1
CC(C)Nc1cccnc1N1CCN(C(=O)c2cc3cc(NS(C)(=O)=O)ccc3[nH]2)CC1,0,1,0.5385313727881342,O=C(c1cc2ccccc2[nH]1)N1CCN(c2ccccn2)CC1
NC1=NC(C(F)(F)F)(C(F)(F)F)NC1(C(F)(F)F)C(F)(F)F,1,1,0.8554154625459829,C1=NCNC1
COCc1c(C(C)C)nc(C(C)C)c(/C=C/[C@@H](O)C[C@@H](O)CC(=O)O)c1-c1ccc(F)cc1,1,0,0.4347543394353376,c1ccc(-c2ccncc2)cc1
Cc1cccc(Cc2cnc[nH]2)c1C,1,1,0.9196216479677144,c1ccc(Cc2cnc[nH]2)cc1
CCn1nc(C)c2c1C(c1ccccc1)=NCC(=O)N2,1,1,0.9792317063560443,O=C1CN=C(c2ccccc2)c2[nH]ncc2N1
CC[C@@]1(O)C(=O)OCc2c1cc1n(c2=O)Cc2cc3c(CN(C)C)c(O)ccc3nc2-1,1,0,0.28145102150637336,O=C1Cc2cc3n(c(=O)c2CO1)Cc1cc2ccccc2nc1-3
CN(C)CC/C=C1/c2ccccc2Sc2ccc(Cl)cc21,1,1,0.9942233639198219,C=C1c2ccccc2Sc2ccccc21
CN(C)CCC=C1c2ccccc2Sc2ccccc21,1,1,0.9954390227026859,C=C1c2ccccc2Sc2ccccc21
COc1ccc2c3c1OC1C(OC(C)=O)=CCC4C(C2)N(C)CCC314,1,1,0.9693298056860992,C1=CC2Oc3cccc4c3C23CCNC(C4)C3C1
CC1=CCC2C3Cc4ccc(O)c5c4C2(CCN3C)C1O5,1,1,0.8859709588521191,C1=CC2Oc3cccc4c3C23CCNC(C4)C3C1
CC1=C(C(=O)O)N2C(=O)[C@@H](NC(=O)[C@H](N)C3=CCC=CC3)[C@H]2SC1,0,0,0.08276996320408307,O=C(CC1=CCC=CC1)NC1C(=O)N2C=CCSC12
O=C1CCC2(CCC(=O)c3ccccc32)C(=O)N1,1,1,0.9556847152789242,O=C1CCC2(CCC(=O)c3ccccc32)C(=O)N1
Clc1cccc(Cl)c1NC1=NCCO1,1,1,0.9737382454912071,c1ccc(NC2=NCCO2)cc1
CCCCCCCCCCCCCC(=O)O[C@H]1C=C[C@H]2[C@H]3Cc4ccc(OCc5ccccc5)c5c4[C@@]2(CCN3C)[C@H]1O5,1,1,0.9350369884393251,C1=CC2C3Cc4ccc(OCc5ccccc5)c5c4C2(CCN3)C(C1)O5
CCn1cc(C(=O)O)c(=O)c2cc(F)c(N3CCNC(C)C3)c(F)c21,0,0,0.31701591878309004,O=c1cc[nH]c2cc(N3CCNCC3)ccc12
CCn1cc(C(=O)O)c(=O)c2cc(F)c(N3CCN(C)CC3)cc21,0,0,0.4901516270246767,O=c1cc[nH]c2cc(N3CCNCC3)ccc12
CN1CCN(c2c(F)cc3c(=O)c(C(=O)O)cn(CCF)c3c2F)CC1,0,0,0.4471909776352855,O=c1cc[nH]c2cc(N3CCNCC3)ccc12
CCn1cc(C(=O)O)c(=O)c2cc(F)c(N3CCNCC3)cc21,0,0,0.3728745889698524,O=c1cc[nH]c2cc(N3CCNCC3)ccc12
COC1CCCC2C1=C(C(=O)[O-])N1C(=O)C(C(C)O)C21,0,0,0.1819017819547131,O=C1CC2C3CCCCC3=CN12
C=C1C[C@H]2[C@@H]3CCC4=CC(=O)C=C[C@]4(C)[C@@]3(F)C(O)C[C@]2(C)[C@@]1(O)C(=O)CO,1,1,0.8626164777316704,C=C1CC2CCC3C4C=CC(=O)C=C4CCC3C2C1
C=C1CC2C3CCC4=CC(=O)C=CC4(C)C3C(O)CC2(C)C1(O)C(=O)CO,1,1,0.7933873826025388,C=C1CC2CCC3C4C=CC(=O)C=C4CCC3C2C1
CO/N=C(\C(=O)N[C@@H]1C(=O)N2C(C(=O)O)=C(/C=C/Sc3n[nH]c(=O)c(=O)n3CC=O)CS[C@H]12)c1csc(N)n1,0,0,0.1105238437041811,N=C(C(=O)NC1C(=O)N2C=C(C=CSc3n[nH]c(=O)c(=O)[nH]3)CSC12)c1cscn1
OCCCOc1cccc(CN2CCCCC2)c1,1,1,0.9143409230239824,c1ccc(CN2CCCCC2)cc1
CC(=O)NCCCOc1cccc(CN2CCCCC2)c1,1,1,0.8907409339820008,c1ccc(CN2CCCCC2)cc1
NC1CCCC1c1ccccc1,1,1,0.9701531025626339,c1ccc(C2CCCC2)cc1
C[N+]1(C)CCC(OC(=O)C(O)(c2ccccc2)C2CCCC2)C1,0,1,0.829675933785192,O=C(OC1CC[NH2+]C1)C(c1ccccc1)C1CCCC1
CNCCC=C1c2ccccc2C2CC2c2ccccc21,1,1,0.9877597990653241,C=C1c2ccccc2C2CC2c2ccccc21
CCCN(c1ccncc1)n1ccc2ccccc21,1,1,0.9760184566916346,c1ccc2c(c1)ccn2Nc1ccncc1
Cc1oc(C(C)(C)N(C(C)(C)N)C(C)(C)N)c(C)c1C,1,1,0.7656300023113219,c1ccoc1
CN/C(=C\[N+](=O)[O-])NCCSCc1ccc(CN(C)C)o1,0,1,0.5161517713369104,c1ccoc1
CCCN(CCC)C1Cc2cccc3cc(O)cc(c23)C1,1,1,0.93327601189074,c1cc2c3c(cccc3c1)CCC2
Cc1c(C)c2ccc(OCc3nnc(C(C)C)s3)cc2oc1=O,1,1,0.625182024667893,O=c1ccc2ccc(OCc3nncs3)cc2o1
C1=C(CC2=NCNC2)CCc2ccccc21,1,1,0.9811952976027783,C1=C(CC2=NCNC2)CCc2ccccc21
OC(CCN1CCCCC1)(c1ccccc1)C1CCCCC1,1,1,0.9648983384738531,c1ccc(C(CCN2CCCCC2)C2CCCCC2)cc1
C[C@H]1C[C@H]2[C@@H]3CCC4=CC(=O)C=C[C@]4(C)[C@H]3C(=O)C[C@]2(C)[C@@]1(O)C(=O)CO,1,1,0.8368859242593789,O=C1C=CC2C(=C1)CCC1C3CCCC3CC(=O)C21
C[C@]12C=CC(=O)C=C1CC[C@@H]1[C@@H]2C(=O)C[C@@]2(C)[C@H]1CC[C@]2(O)C(=O)CO,0,1,0.8147088562474257,O=C1C=CC2C(=C1)CCC1C3CCCC3CC(=O)C21
CC(=O)OCC(=O)[C@@]1(O)CC[C@H]2[C@@H]3C[C@H](Cl)C4=CC(=O)C=C[C@]4(C)[C@H]3C(=O)C[C@@]21C,1,1,0.8667260939905185,O=C1C=CC2C(=C1)CCC1C3CCCC3CC(=O)C21
C[C@H]1C[C@H]2[C@@H]3CCC4=CC(=O)C=C[C@]4(C)[C@@]3(F)C(=O)C[C@]2(C)[C@@]1(O)C(=O)CCl,1,1,0.9342947172736966,O=C1C=CC2C(=C1)CCC1C3CCCC3CC(=O)C21
CCCC(=O)O[C@]1(C(=O)CCl)[C@@H](C)C[C@H]2[C@@H]3CCC4=CC(=O)C=C[C@]4(C)[C@@]3(F)C(=O)C[C@@]21C,1,1,0.9313524429042579,O=C1C=CC2C(=C1)CCC1C3CCCC3CC(=O)C21
CN1CCN(c2ncc(-c3cc(Cl)cc(Cl)c3Cl)c(N)n2)CC1,1,1,0.9749551924336308,c1ccc(-c2cnc(N3CCNCC3)nc2)cc1
O=C1CN(C(=O)CN2CC(c3ccc(Cl)cc3)CC2=O)CCN1,1,1,0.8213301637252172,O=C1CN(C(=O)CN2CC(c3ccccc3)CC2=O)CCN1
O=C(NCCN1CCC(n2c(=O)[nH]c3cc(Cl)ccc32)CC1)c1ccc(F)cc1,1,1,0.9223335553706975,O=C(NCCN1CCC(n2c(=O)[nH]c3ccccc32)CC1)c1ccccc1
CO/N=C(\C(=O)N[C@H]1C(=O)N2C(C(=O)[O-])=C(COC(C)=O)CS[C@@H]12)c1csc(N)n1,1,0,0.15408915387344752,N=C(C(=O)NC1C(=O)N2C=CCSC12)c1cscn1
CO/N=C(\C(=O)N[C@@H]1C(=O)N2C(C(=O)O)=CCS[C@H]12)c1csc(N)n1,0,0,0.06499813828601794,N=C(C(=O)NC1C(=O)N2C=CCSC12)c1cscn1
COCC1=C(C(=O)O)N2C(=O)[C@@H](NC(=O)/C(=N\O)c3csc(N)n3)[C@H]2SC1,0,0,0.014085611052753433,N=C(C(=O)NC1C(=O)N2C=CCSC12)c1cscn1
C=CC1=C(C(=O)O)N2C(=O)[C@@H](NC(=O)/C(=N\O)c3csc(N)n3)[C@H]2SC1,0,0,0.014387030697244455,N=C(C(=O)NC1C(=O)N2C=CCSC12)c1cscn1
CO/N=C(\C(=O)N[C@@H]1C(=O)N2C(C(=O)O)=C(C)CS[C@H]12)c1csc(N)n1,0,0,0.0599126123846263,N=C(C(=O)NC1C(=O)N2C=CCSC12)c1cscn1
C=CC1=C(C(=O)O)N2C(=O)[C@@H](NC(=O)/C(=N\OCC(=O)O)c3csc(N)n3)[C@H]2SC1,0,0,0.06823205750604691,N=C(C(=O)NC1C(=O)N2C=CCSC12)c1cscn1
COCC1=C(C(=O)[O-])N2C(=O)[C@@H](NC(=O)/C(=N\OC)c3csc(N)n3)[C@H]2SC1,0,0,0.14317072717574988,N=C(C(=O)NC1C(=O)N2C=CCSC12)c1cscn1
Cc1cc(-c2ccccc2)nnc1NCCN1CCOCC1,1,1,0.9763327118985825,c1ccc(-c2ccc(NCCN3CCOCC3)nn2)cc1
N#Cc1cc(-c2ccccc2)nnc1NCCN1CCOCC1,1,1,0.9547643331530007,c1ccc(-c2ccc(NCCN3CCOCC3)nn2)cc1
CC(C)N[C@H]1C2CCC(CC2)[C@]1(O)c1ccc(Cl)c(Cl)c1,1,1,0.9125116542057492,c1ccc(C2CC3CCC2CC3)cc1
Cc1cnn(-c2c(Cl)cccc2Cl)c1C(=O)N[C@@H]1C(=O)N2[C@@H]1SC(C)(C)[C@@H]2C(=O)O,0,0,0.07205480064020307,O=C(NC1C(=O)N2CCSC12)c1ccnn1-c1ccccc1
CCCC(=O)O[C@]1(C(=O)COC(C)=O)CC[C@H]2[C@@H]3C[C@H](C)C4=CC(=O)CC[C@]4(C)[C@H]3[C@@H](O)C[C@@]21C,1,1,0.9002202773641088,O=C1C=C2CCC3C4CCCC4CCC3C2CC1
C[C@]12CCC(=O)C=C1CC[C@@H]1[C@@H]2[C@@H](O)C[C@@]2(C)[C@H]1CC[C@]2(O)C(=O)CO,0,1,0.6911044944054283,O=C1C=C2CCC3C4CCCC4CCC3C2CC1
C[C@]12CC[C@H]3[C@@H](CCC4=CC(=O)CC[C@@]43C)[C@@H]1CC[C@@H]2O,0,1,0.8389054684784158,O=C1C=C2CCC3C4CCCC4CCC3C2CC1
C[C@]12C[C@H](O)[C@H]3[C@@H](CCC4=CC(=O)CC[C@@]43C)[C@@H]1CC[C@@H]2C(=O)CO,0,1,0.8458724565297255,O=C1C=C2CCC3C4CCCC4CCC3C2CC1
C[C@]12CCC(=O)C=C1CC[C@@H]1[C@@H]2[C@@H](O)C[C@]2(C=O)[C@@H](C(=O)CO)CC[C@@H]12,0,1,0.5518616925130603,O=C1C=C2CCC3C4CCCC4CCC3C2CC1
CC(=O)[C@@]1(O)[C@H](O)C[C@H]2[C@@H]3CCC4=CC(=O)CC[C@]4(C)[C@H]3CC[C@@]21C,1,1,0.8486634466400932,O=C1C=C2CCC3C4CCCC4CCC3C2CC1
CC(=O)OCC(=O)[C@@]1(O)CC[C@H]2[C@@H]3CCC4=CC(=O)CC[C@]4(C)[C@H]3[C@@H](O)C[C@@]21C,1,1,0.870062255783475,O=C1C=C2CCC3C4CCCC4CCC3C2CC1
CCCC(=O)O[C@]1(C(=O)COC(=O)CC)CC[C@H]2[C@@H]3CCC4=CC(=O)CC[C@]4(C)[C@H]3[C@@H](O)C[C@@]21C,1,1,0.9000387302385587,O=C1C=C2CCC3C4CCCC4CCC3C2CC1
CCCC(=O)O[C@]1(C(=O)CO)CC[C@H]2[C@@H]3CCC4=CC(=O)CC[C@]4(C)[C@H]3[C@@H](O)C[C@@]21C,1,1,0.9052074686291404,O=C1C=C2CCC3C4CCCC4CCC3C2CC1
CC(=O)[C@H]1CC[C@H]2[C@@H]3C[C@H](C)C4=CC(=O)CC[C@]4(C)[C@H]3[C@@H](O)C[C@]12C,1,1,0.8789295865403712,O=C1C=C2CCC3C4CCCC4CCC3C2CC1
C[C@]12CCC(=O)C=C1CC[C@@H]1[C@@H]2[C@@H](O)C[C@@]2(C)[C@H]1CC[C@]2(O)C(=O)CS,1,1,0.8948922370600066,O=C1C=C2CCC3C4CCCC4CCC3C2CC1
CC(C)(C)C(=O)SCC(=O)[C@@]1(O)CC[C@H]2[C@@H]3CCC4=CC(=O)CC[C@]4(C)[C@H]3[C@@H](O)C[C@@]21C,1,1,0.9172151080012395,O=C1C=C2CCC3C4CCCC4CCC3C2CC1
C[C@]12CC[C@H]3[C@@H](CCC4=CC(=O)CC[C@@H]43)[C@@H]1CC[C@@H]2O,0,1,0.8624578529006934,O=C1C=C2CCC3C4CCCC4CCC3C2CC1
C#C[C@]1(O)CC[C@H]2[C@@H]3CCC4=CC(=O)CC[C@@H]4[C@H]3CC[C@@]21C,0,1,0.7249032558647722,O=C1C=C2CCC3C4CCCC4CCC3C2CC1
C[C@]12CCC(=O)C=C1CC[C@H]1[C@@H]3CC[C@](O)(C(=O)CO)[C@@]3(C)C[C@H](O)[C@@]12F,1,1,0.7910588346534722,O=C1C=C2CCC3C4CCCC4CCC3C2CC1
CC(=O)OCC(=O)[C@@]1(O)CC[C@H]2[C@@H]3CCC4=CC(=O)CC[C@]4(C)[C@@]3(F)[C@@H](O)C[C@@]21C,1,1,0.9183967357992107,O=C1C=C2CCC3C4CCCC4CCC3C2CC1
CC12CCC(=O)C=C1CCC1C2CCC2(C)C1CCC2(O)C(=O)CO,1,1,0.8621711910967399,O=C1C=C2CCC3C4CCCC4CCC3C2CC1
CCC(=O)C1(O)CCC2C3CCC4=CC(=O)CCC4(C)C3C(O)CC21C,1,1,0.8416065749064798,O=C1C=C2CCC3C4CCCC4CCC3C2CC1
C[C@]12CCC(=O)C=C1CC[C@@H]1[C@@H]2CC[C@@]2(C)[C@H]1CC[C@]2(C)O,0,1,0.8374951379548428,O=C1C=C2CCC3C4CCCC4CCC3C2CC1
CC(=O)[C@H]1CC[C@H]2[C@@H]3CCC4=CC(=O)CC[C@]4(C)[C@H]3CC[C@]12C,0,1,0.9188916805999113,O=C1C=C2CCC3C4CCCC4CCC3C2CC1
CCN(CC)CC(=O)OCC(=O)[C@@]1(O)CC[C@H]2[C@@H]3CCC4=CC(=O)CC[C@]4(C)[C@H]3[C@@H](O)C[C@@]21C,1,1,0.7660743667907355,O=C1C=C2CCC3C4CCCC4CCC3C2CC1
CCC(=O)O[C@]1(C(=O)COC(C)=O)CC[C@H]2[C@@H]3CCC4=CC(=O)CC[C@]4(C)[C@H]3[C@@H](O)C[C@@]21C,1,1,0.9089671817026361,O=C1C=C2CCC3C4CCCC4CCC3C2CC1
C[C@]12CCC(=O)C=C1CC[C@@H]1[C@@H]2[C@@H](O)C[C@@]2(C)[C@H]1CC[C@]2(O)C(=O)COC(=O)CCC(=O)O,1,1,0.5867731253224722,O=C1C=C2CCC3C4CCCC4CCC3C2CC1
CCCCC(=O)O[C@]1(C(=O)CO)CCC2C3CCC4=CC(=O)CCC4(C)C3C(O)CC21C,1,1,0.887307115907112,O=C1C=C2CCC3C4CCCC4CCC3C2CC1
Cc1cc(=O)n(-c2ccccc2)n1C,1,1,0.9706800822444835,O=c1cc[nH]n1-c1ccccc1
Cc1c(N(C)C)c(=O)n(-c2ccccc2)n1C,1,1,0.9211368551981274,O=c1cc[nH]n1-c1ccccc1
ON1CC(=NCC2CC2)N=c2ccc(Cl)cc2=C1c1ccccc1,1,1,0.9430824238497557,c1ccc(C2=c3ccccc3=NC(=NCC3CC3)CN2)cc1
CN1Cc2c(N)cccc2C(c2ccccc2)C1,1,1,0.9557270871425101,c1ccc(C2CNCc3ccccc32)cc1
COc1ccc2c(c1)CN(C)CC2c1ccc(Cl)c(Cl)c1,1,1,0.9376432634133378,c1ccc(C2CNCc3ccccc32)cc1
