smiles,label,prediction,score,scaffold
CCN(CC)CCNC(=O)c1cc(Br)c(N)cc1OC,0,0,0.08242825575166193,c1ccccc1
C=CCOc1ccccc1OCC(O)CNC(C)C,1,0,0.09335383501436881,c1ccccc1
O=C(O)c1ccccc1OP(=O)(O)O,0,0,0.03184842196861831,c1ccccc1
CS(=O)(=O)c1ccc([C@@H](O)[C@@H](CF)NC(=O)C(Cl)Cl)cc1,0,0,0.021020302575322905,c1ccccc1
NC(=O)Nc1ccc([As](=O)(O)O)cc1,0,0,0.023272681368199447,c1ccccc1
CC(C)(C)NC[C@H](O)c1ccc(O)c(CO)c1,1,0,0.07892353267902738,c1ccccc1
Cc1ccccc1OCC(O)CO,0,0,0.05596478846650173,c1ccccc1
C/C=C/C(=O)N(CC)c1ccccc1C,0,0,0.047039397929423694,c1ccccc1
CCCNC(C)(C)COC(=O)c1ccccc1,1,0,0.06385019063484196,c1ccccc1
CC(C)(N)Cc1ccccc1,1,0,0.0650875272641857,c1ccccc1
CC(CN(C)C)C(C)(O)Cc1ccc(Cl)cc1,0,0,0.08329574418503033,c1ccccc1
CCCCOc1cc(C(=O)OCCN(CC)CC)ccc1N,1,0,0.07892079031587347,c1ccccc1
NNCCc1ccccc1,0,0,0.03907625082304083,c1ccccc1
NCC(O)c1ccc(O)cc1,0,0,0.07016233689594176,c1ccccc1
Cc1ccc(C)c(OCCCC(C)(C)C(=O)O)c1,0,0,0.066105599639033,c1ccccc1
CN(C)C(=O)Oc1cc(OC(=O)N(C)C)cc(C(O)CNC(C)(C)C)c1,0,0,0.0489296746787991,c1ccccc1
NC(CO)C(=O)NNCc1ccc(O)c(O)c1O,0,0,0.04177947481978071,c1ccccc1
CCC(C)C(C(=O)OCC[N+](C)(CC)CC)c1ccccc1,0,0,0.05474276741540645,c1ccccc1
CC(=O)Nc1ccc(OCC(O)CNC(C)C)cc1,0,0,0.07332552470464457,c1ccccc1
CCCCOc1ccc(CC(=O)NO)cc1,0,0,0.046009369599601786,c1ccccc1
CCC(C)(CN(C)C)OC(=O)c1ccccc1,0,0,0.06298221237371858,c1ccccc1
COC[C@@H](NC(C)=O)C(=O)NCc1ccccc1,0,0,0.04662166142246364,c1ccccc1
COc1cc(C)c(/C=C/C(C)=C/C=C/C(C)=C/C(=O)O)c(C)c1C,0,0,0.07708335709047681,c1ccccc1
CN(C)C(=O)Oc1cccc([N+](C)(C)C)c1,0,0,0.040317243775384135,c1ccccc1
NCCc1ccc(O)c(O)c1,1,0,0.07505944768824269,c1ccccc1
CC(=O)Nc1ccc(C(=O)O)cc1,0,0,0.044250524324310404,c1ccccc1
CCN(CC)CCNC(=O)c1ccc(N)cc1,0,0,0.06455508080792637,c1ccccc1
CCCCOC(=O)c1ccc(N)cc1,0,0,0.05011822273471658,c1ccccc1
C/C=C/c1ccc(OC)cc1,1,0,0.06857867024632966,c1ccccc1
C=CCc1ccccc1OCC(O)CNC(C)C,0,0,0.08763600076091481,c1ccccc1
CNCC(O)c1ccc(OC(=O)C(C)(C)C)c(OC(=O)C(C)(C)C)c1,1,0,0.07358032391262387,c1ccccc1
CC(C)(C)NCC(O)c1ccccc1Cl,0,0,0.07082491362888647,c1ccccc1
CC(=O)Nc1ccccc1,0,0,0.04861542870299966,c1ccccc1
NS(=O)(=O)c1cc(Cl)c(Cl)c(S(N)(=O)=O)c1,0,0,0.029700332376015624,c1ccccc1
COc1ccccc1O,0,0,0.06908877336997427,c1ccccc1
CC(=O)Oc1ccccc1C(=O)O,0,0,0.04629830186063746,c1ccccc1
Nc1ccc(C(=O)NCC(=O)O)cc1,0,0,0.04236728884608874,c1ccccc1
CC(=O)Oc1cc(C(F)(F)F)ccc1C(=O)O,0,0,0.04218399970524561,c1ccccc1
CC(=O)Nc1ccc(CC(=O)O)cc1,0,0,0.04613648070526599,c1ccccc1
CCN(CC)CCNC(=O)c1cc(Cl)c(N)cc1OC,0,0,0.07504116854422052,c1ccccc1
N[C@H](Cc1ccccc1)C(=O)O,0,0,0.05097414999886829,c1ccccc1
CC(COc1ccccc1)NN,0,0,0.04232620550824393,c1ccccc1
CC(=O)N(CC(O)CO)c1c(I)c(C(=O)NCC(O)CO)c(I)c(C(=O)NCC(O)CO)c1I,0,0,0.02124124491823077,c1ccccc1
C#CCN(C)[C@H](C)Cc1ccccc1,0,0,0.04214272128925657,c1ccccc1
NC(N)=NS(=O)(=O)c1ccc(N)cc1,0,0,0.01718790050518321,c1ccccc1
Cc1ccc(S(=O)(=O)[N-]Cl)cc1,0,0,0.02150352739712568,c1ccccc1
C[C@H](N)[C@H](O)c1cccc(O)c1,0,0,0.07400221782213366,c1ccccc1
CNCC(O)c1ccc(O)cc1,0,0,0.07794472463969924,c1ccccc1
CCCOc1cc(N)ccc1C(=O)OCCN(CC)CC,0,0,0.07519534992737982,c1ccccc1
CCCC(=O)Nc1ccc(OCC(O)CNC(C)C)c(C(C)=O)c1,0,0,0.08589101654040254,c1ccccc1
COc1ccc(OC)c(C(O)C(C)N)c1,0,0,0.0761158154171839,c1ccccc1
CC(=O)Nc1cccc(O)c1,0,0,0.05777084911337553,c1ccccc1
NCc1ccc(S(N)(=O)=O)cc1,0,0,0.046598609020561496,c1ccccc1
C[C@@H](N)[C@@H](O)c1ccccc1,0,0,0.06524699540182206,c1ccccc1
CCCN(CCC)S(=O)(=O)c1ccc(C(=O)O)cc1,0,0,0.05349725190423612,c1ccccc1
CC(C)C[C@H](NC(=O)[C@@H](O)[C@H](N)Cc1ccccc1)C(=O)O,0,0,0.053495109355044514,c1ccccc1
CCOC(=O)c1ccc(OC(=O)CCCCCN=C(N)N)cc1,0,0,0.053873756863382714,c1ccccc1
CCNCC(O)c1cccc(O)c1,0,0,0.07798423959649747,c1ccccc1
Cc1cccc(C)c1NC(=O)C(C)N,0,0,0.052191358008582246,c1ccccc1
CCCCCCOc1ccccc1C(N)=O,0,0,0.047767022061197165,c1ccccc1
CCCNC(C)C(=O)Nc1ccccc1C,0,0,0.05879484843414151,c1ccccc1
NC(=O)OCCCc1ccccc1,0,0,0.04119274326689667,c1ccccc1
C=C(CC)C(=O)c1ccc(OCC(=O)O)c(Cl)c1Cl,0,0,0.06083573488709598,c1ccccc1
CCC(Cc1c(I)cc(I)c(N)c1I)C(=O)O,0,0,0.0452802497962568,c1ccccc1
NC(=O)OCC(COC(N)=O)c1ccccc1,0,0,0.03175591460175116,c1ccccc1
CC(=O)[N-]S(=O)(=O)c1ccc(N)cc1,0,0,0.021195227430201174,c1ccccc1
C[C@@](Cc1ccc(O)c(O)c1)(NN)C(=O)O,0,0,0.038550262575233724,c1ccccc1
CCCCC(O)c1ccccc1,0,0,0.06485319358191341,c1ccccc1
O=C(N[C@H](CO)[C@H](O)c1ccc([N+](=O)[O-])cc1)C(Cl)Cl,0,0,0.02323172922750841,c1ccccc1
CC(C)C(=O)Nc1ccc([N+](=O)[O-])c(C(F)(F)F)c1,0,0,0.02725943908127154,c1ccccc1
CCN(CC)CCOCCOC(=O)C(CC)(CC)c1ccccc1,0,0,0.07554277110579141,c1ccccc1
NC(N)=N/N=C/c1c(Cl)cccc1Cl,0,0,0.028347913906079904,c1ccccc1
CCN(CC)C(C)C(=O)c1ccccc1,0,0,0.07203250871011788,c1ccccc1
CCOc1ccc(NC(=O)CC(C)O)cc1,0,0,0.05764292367849252,c1ccccc1
NCC(CC(=O)O)c1ccc(Cl)cc1,0,0,0.051920642928879844,c1ccccc1
CC(NN)c1ccccc1,0,0,0.03907687405545707,c1ccccc1
CC(=O)Nc1c(I)c(NC(C)=O)c(I)c(C(=O)O)c1I,0,0,0.03623158914742715,c1ccccc1
CCN(CC)C(=O)Nc1ccc(OCC(O)CNC(C)(C)C)c(C(C)=O)c1,0,0,0.06755674198955741,c1ccccc1
N[C@@H](Cc1ccc(O)c(O)c1)C(=O)O,0,0,0.054640105763429474,c1ccccc1
Nc1ccc(S(N)(=O)=O)cc1,0,0,0.040537829872047924,c1ccccc1
CCCCNC(=O)NS(=O)(=O)c1ccc(C)cc1,0,0,0.03981539199663847,c1ccccc1
CCc1cccc(CC)c1NC(=O)CN(CC(=O)O)CC(=O)O,0,0,0.055844580304845556,c1ccccc1
C#CCN(C)Cc1ccccc1,0,0,0.03966685350827478,c1ccccc1
C=CCOc1ccc(CC(=O)O)cc1Cl,0,0,0.05481859204863119,c1ccccc1
CCN(CC)CC(=O)Nc1c(C)cccc1C,0,0,0.06129851263591918,c1ccccc1
O=S(=O)(O)c1cc(O)ccc1O,0,0,0.047894035422083245,c1ccccc1
CC(C)(Oc1ccc(Cl)cc1)C(=O)O,0,0,0.04975668007207269,c1ccccc1
CC(C)(C)NCC(O)c1cc(Cl)c(N)c(Cl)c1,0,0,0.0741331996404052,c1ccccc1
CC(=O)Nc1ccc(O)cc1,0,0,0.05765406273836923,c1ccccc1
CCN(CC)C(=O)/C(C#N)=C/c1cc(O)c(O)c([N+](=O)[O-])c1,0,0,0.03620670475766185,c1ccccc1
CN(C)CCOC(=O)COc1ccc(Cl)cc1,0,0,0.05957735287032776,c1ccccc1
CCCOC(=O)Cc1ccc(OCC(=O)N(CC)CC)c(OC)c1,0,0,0.059510593302777845,c1ccccc1
CCN(CC)CCOC(=O)c1ccc(N)cc1,0,0,0.06271559961581254,c1ccccc1
NC(N)=NC(=O)Cc1c(Cl)cccc1Cl,0,0,0.028683966408360614,c1ccccc1
O=C(O)CNC(=O)C(CS)Cc1ccccc1,0,0,0.03530958547361428,c1ccccc1
CC[N+](CC)(CC)CCOc1cccc(OCC[N+](CC)(CC)CC)c1OCC[N+](CC)(CC)CC,0,0,0.048026712735032624,c1ccccc1
CC(=O)Oc1cc(C(C)C)c(OCCN(C)C)cc1C,0,0,0.07476199417926889,c1ccccc1
Nc1cc(C(Cl)=C(Cl)Cl)c(S(N)(=O)=O)cc1S(N)(=O)=O,0,0,0.02454863206612789,c1ccccc1
Nc1ccccc1S(N)(=O)=O,0,0,0.04053440740630292,c1ccccc1
CCCOc1ccc(C(=O)OCCN(CC)CC)cc1N,0,0,0.07633772844493278,c1ccccc1
CC[N+](C)(C)c1cccc(O)c1,0,0,0.06428806110382977,c1ccccc1
CC(=O)N(CC(C)C(=O)O)c1c(I)cc(I)c(N)c1I,0,0,0.03833099891015009,c1ccccc1
CC(NC(C)(C)C)C(=O)c1cccc(Cl)c1,0,0,0.06955009665056838,c1ccccc1
Cc1cccc(C)c1OCC(C)N,0,0,0.06972194037484036,c1ccccc1
CCC(=O)c1c(O)cc(O)cc1O,0,0,0.09151683099281346,c1ccccc1
CCN(CC)CCNC(C(=O)OCCC(C)C)c1ccccc1,0,0,0.07801793091773554,c1ccccc1
NC(N)=NC(N)=NCCc1ccccc1,0,0,0.04486140938313905,c1ccccc1
COCC(=O)Nc1c(I)c(C(=O)NCC(O)CO)c(I)c(C(=O)N(C)CC(O)CO)c1I,0,0,0.021508735322805915,c1ccccc1
CCC(NC(C)C)C(O)c1ccc(O)c(O)c1,0,0,0.08594164836144932,c1ccccc1
COc1ccc(OC)c(C(O)CNC(=O)CN)c1,0,0,0.06331703005186504,c1ccccc1
Clc1cc(Cl)c(OCC#CI)cc1Cl,0,0,0.027047949251624803,c1ccccc1
CCCCCCCCNC(C)C(O)c1ccc(SC(C)C)cc1,0,0,0.0968956367532534,c1ccccc1
O=C(NCC(O)CO)c1c(I)c(C(=O)NCC(O)CO)c(I)c(N(CCO)C(=O)CO)c1I,0,0,0.019747034409513343,c1ccccc1
CCN(C)C(=O)Oc1cccc([C@H](C)N(C)C)c1,0,0,0.05623682706924597,c1ccccc1
C[C@H](N)[C@H](O)c1ccc(O)c(O)c1,0,0,0.0716623714790329,c1ccccc1
CCCCCN(CCCCC)C(=O)C(CCC(=O)[O-])NC(=O)c1ccc(Cl)c(Cl)c1,0,0,0.05162355959527082,c1ccccc1
CCOC(=O)/C=C(C)/C=C/C=C(C)/C=C/c1c(C)cc(OC)c(C)c1C,0,0,0.06751583016618883,c1ccccc1
CCCCNc1ccc(C(=O)OCCOCCOCCOCCOCCOCCOCCOCCOCCOC)cc1,0,0,0.0413534034741554,c1ccccc1
CCC(=O)c1ccc(O)cc1,0,0,0.07975181329979514,c1ccccc1
CCOc1ccccc1C(N)=O,0,0,0.04220245107980295,c1ccccc1
CC(C)Cc1ccc(CC(=O)O)cc1,0,0,0.05570530821975396,c1ccccc1
CC(C)(C)NCC(O)c1ccc(O)c(CO)c1,0,0,0.07892353267902738,c1ccccc1
CC(C)N=C(N)/N=C(\N)Nc1ccc(Cl)cc1,0,0,0.05105860206806529,c1ccccc1
CCCN(CCC)C(=O)C(CCC(=O)O)NC(=O)c1ccccc1,0,0,0.05398013796960008,c1ccccc1
CCCNC(C)(C)C(=O)Nc1ccccc1C,0,0,0.06109670080994362,c1ccccc1
COc1ccccc1OCC(O)COC(N)=O,0,0,0.04805540579917221,c1ccccc1
Nc1ccc(C(=O)O)c(O)c1,0,0,0.0523901199454359,c1ccccc1
CCN(CC)CCNC(=O)c1cc(S(C)(=O)=O)ccc1OC,0,0,0.052434088792573524,c1ccccc1
CC(C)NCC(O)c1ccc(NS(C)(=O)=O)cc1,0,0,0.06142833193706106,c1ccccc1
CCCNC(=O)NS(=O)(=O)c1ccc(Cl)cc1,0,0,0.036631233602307446,c1ccccc1
CCOc1ccc(NC(C)=O)cc1,0,0,0.05654862884486741,c1ccccc1
O=C(O)CCNC(=O)c1ccccc1,0,0,0.048148354298531246,c1ccccc1
CNNCc1ccc(C(=O)NC(C)C)cc1,0,0,0.03339842465684863,c1ccccc1
CCN(CC)CCNC(=O)COc1ccc(OC)cc1,0,0,0.0829711686135342,c1ccccc1
CCCCOC(=O)c1ccc(O)cc1,0,0,0.05960220986470754,c1ccccc1
O=C(CCCl)NCc1ccccc1,0,0,0.04244262560926415,c1ccccc1
CCOC(=O)C(C)(C)Oc1ccc(Cl)cc1,0,0,0.05295171380922172,c1ccccc1
CCN(CC)C(=O)c1ccc(O)c(OC)c1,0,0,0.055266716082786695,c1ccccc1
C[CH2][Hg][S]c1ccccc1C(=O)[O-],0,0,0.07250573332727445,c1ccccc1
NC(=O)OCC(O)COc1ccc(Cl)cc1,0,0,0.04292105437284154,c1ccccc1
CC(C)c1cccc(C(C)C)c1O,0,0,0.07458371541376921,c1ccccc1
C#CCN(C)CCCOc1ccc(Cl)cc1Cl,0,0,0.0470440636399093,c1ccccc1
CCCCN(CCCC)CCCOC(=O)c1ccc(N)cc1,0,0,0.08124108575026949,c1ccccc1
N#Cc1cc(NC(=O)C(=O)O)c(Cl)c(NC(=O)C(=O)O)c1,0,0,0.03344022864165823,c1ccccc1
O=C(CCCCCCC(=O)Nc1ccccc1)NO,0,0,0.04109642079096471,c1ccccc1
COc1ccccc1OCC(O)CO,0,0,0.05945476845415892,c1ccccc1
NC(=O)NS(=O)(=O)c1ccc(N)cc1,0,0,0.03287969502102312,c1ccccc1
CCOC(=O)[C@@](C)(N)Cc1ccc(O)c(O)c1,0,0,0.05870463533043505,c1ccccc1
C[C@H](O)C(=O)Nc1c(I)c(C(=O)NC(CO)CO)c(I)c(C(=O)NC(CO)CO)c1I,0,0,0.022678180291768203,c1ccccc1
Nc1ccc(O)c(C(=O)O)c1,0,0,0.052625171109117706,c1ccccc1
COCCCC/C(=N\OCCN)c1ccc(C(F)(F)F)cc1,0,0,0.03839171553086485,c1ccccc1
O=C(O)CNC(=O)c1ccccc1,0,0,0.04530123526097833,c1ccccc1
CS(=O)(=O)c1ccc([C@@H](O)[C@@H](CO)NC(=O)C(Cl)Cl)cc1,0,0,0.023161878263956697,c1ccccc1
CC(=O)Oc1c(C)cccc1C(=O)O,0,0,0.04770619800865652,c1ccccc1
CNCC(O)c1ccc(O)c(O)c1,0,0,0.07524853994850332,c1ccccc1
CCN[C@@H](C)Cc1cccc(C(F)(F)F)c1,0,0,0.05077045514229932,c1ccccc1
COC(=O)CCc1ccc(OCC(O)CNC(C)C)cc1,0,0,0.07615208913626072,c1ccccc1
CCOC(=O)c1ccc(N)cc1,0,0,0.04785567242086013,c1ccccc1
CO[C@H]1/C=C/O[C@@]2(C)Oc3c(C)c(O)c4c(O)c(c(/C=N/N5CCN(C)CC5)c(O)c4c3C2=O)NC(=O)/C(C)=C\C=C\[C@H](C)[C@H](O)[C@@H](C)[C@@H](O)[C@@H](C)[C@H](OC(C)=O)[C@@H]1C,0,0,0.053383890906757485,O=C1C=CC=CCCCCCCCCC=COC2Oc3ccc4cc(c(C=NN5CCNCC5)cc4c3C2=O)N1
CN(C)CCCN1c2ccccc2[S@@](=O)c2ccc(Cl)cc21,0,0,0.07969606356573757,O=S1c2ccccc2Nc2ccccc21
CC(O)(CS(=O)(=O)c1ccc(F)cc1)C(=O)Nc1ccc(C#N)c(C(F)(F)F)c1,0,0,0.021383660641815492,O=C(CCS(=O)(=O)c1ccccc1)Nc1ccccc1
CN1c2cc(O)c(N=NC(N)=O)cc2CC1S(=O)(=O)[O-],0,0,0.023659309162687707,c1ccc2c(c1)CCN2
CN1CC(O)c2cc(N=NC(N)=O)c(O)cc21,0,0,0.02591544221140248,c1ccc2c(c1)CCN2
CC(C(=O)O)c1ccc2c(c1)Cc1cccnc1O2,0,0,0.05720710800086339,c1ccc2c(c1)Cc1cccnc1O2
C=C1c2cccc(O)c2C(O)=C2C(=O)[C@]3(O)C(O)=C(C(N)=O)C(=O)[C@@H](N(C)C)[C@@H]3[C@@H](O)[C@H]12,0,0,0.07789280590327582,C=C1c2ccccc2C=C2C(=O)C3C=CC(=O)CC3CC12
CN1CCCN(C(c2ccccc2)c2ccc(Cl)cc2)CC1,0,0,0.09335396176532293,c1ccc(C(c2ccccc2)N2CCCNCC2)cc1
CC(Oc1ccccc1)C(=O)N[C@@H]1C(=O)N2[C@@H]1SC(C)(C)[C@@H]2C(=O)[O-],0,0,0.045268991071000915,O=C(COc1ccccc1)NC1C(=O)N2CCSC12
CNCCCC1c2ccccc2C=Cc2ccccc21,0,0,0.07445099828141988,C1=Cc2ccccc2Cc2ccccc21
CC(C)c1c(CN(C)C(C)Cc2ccccc2)n(C)n(-c2ccccc2)c1=O,0,0,0.04345138224822429,O=c1cc(CNCCc2ccccc2)[nH]n1-c1ccccc1
CN1C[C@@H]2c3ccccc3Oc3ccc(Cl)cc3[C@H]2C1,0,0,0.08461068999403772,c1ccc2c(c1)Oc1ccccc1C1CNCC21
O=C1NCCN1CCN1CCC(c2cn(-c3ccc(F)cc3)c3ccc(Cl)cc23)CC1,0,0,0.02615070216107679,O=C1NCCN1CCN1CCC(c2cn(-c3ccccc3)c3ccccc23)CC1
CO[C@]12C[C@@H](COC(=O)c3cncc(Br)c3)CN(C)[C@@H]1Cc1cn(C)c3cccc2c13,0,0,0.04221156769568758,O=C(OCC1CNC2Cc3c[nH]c4cccc(c34)C2C1)c1cccnc1
O=C1OC(c2ccc(O)cc2)(c2ccc(O)cc2)c2ccccc21,0,0,0.06657265424848655,O=C1OC(c2ccccc2)(c2ccccc2)c2ccccc21
Cc1cc(N)c2ccccc2[n+]1CCCCCCCCCC[n+]1c(C)cc(N)c2ccccc21,0,0,0.04179157702232287,c1ccc2c(c1)ccc[n+]2CCCCCCCCCC[n+]1cccc2ccccc21
COc1cc2nc(N3CCN(C(=O)c4ccco4)CC3)nc(N)c2cc1OC,0,0,0.028286146844218447,O=C(c1ccco1)N1CCN(c2ncc3ccccc3n2)CC1
CCCCOc1ccc(OCCCN2CCOCC2)cc1,0,0,0.07654050670652406,c1ccc(OCCCN2CCOCC2)cc1
CC1(C)[C@H](C(=O)O)N2C(=O)C[C@H]2S1(=O)=O,0,0,0.03229871945705511,O=C1CC2N1CCS2(=O)=O
C=C(C)[C@@H]1[C@H]2OC(=O)[C@@H]1[C@]1(O)C[C@H]3O[C@]34C(=O)O[C@H]2[C@]14C,0,0,0.06414577186073171,O=C1OC2CC1C1CC3OC34C(=O)OC2C14
C=C1C[C@@H]2[C@H](CC[C@]3(C)C(=O)CC[C@@H]23)[C@@]2(C)C=CC(=O)C=C12,1,0,0.12748090841779947,C=C1CC2C(CCC3C(=O)CCC32)C2C=CC(=O)C=C12
CCn1nc(C(=O)O)c(=O)c2cc3c(cc21)OCO3,0,0,0.036948369767123804,O=c1cn[nH]c2cc3c(cc12)OCO3
CC(=O)Oc1ccc(C(=C2CCCCC2)c2ccc(OC(C)=O)cc2)cc1,1,0,0.06293820644522664,c1ccc(C(=C2CCCCC2)c2ccccc2)cc1
CCCCC(=O)N(Cc1ccc(-c2ccccc2-c2nn[nH]n2)cc1)[C@H](C(=O)O)C(C)C,0,0,0.07349889915324762,c1ccc(-c2ccccc2-c2nn[nH]n2)cc1
CCn1cc(C(=O)O)c(=O)c2cnc(N3CCCC3)nc21,0,0,0.054920456824362696,O=c1cc[nH]c2nc(N3CCCC3)ncc12
CS(=O)(=O)c1ccc(C2=C(c3ccccc3)C(=O)OC2)cc1,0,0,0.03844578375766287,O=C1OCC(c2ccccc2)=C1c1ccccc1
Nc1nc2ncc(CNc3ccc(C(=O)N[C@@H](CCC(=O)O)C(=O)O)cc3)nc2c(=O)[nH]1,0,0,0.026793138171690222,O=c1[nH]cnc2ncc(CNc3ccccc3)nc12
C[C@H]1O[C@@H](O[C@H]2[C@@H](O)C[C@H](O[C@H]3[C@@H](O)C[C@H](O[C@H]4CC[C@@]5(C)[C@H](CC[C@@H]6[C@@H]5C[C@@H](O)[C@]5(C)[C@@H](C7=CC(=O)OC7)CC[C@]65O)C4)O[C@@H]3C)O[C@@H]2C)C[C@H](O)[C@@H]1O,0,0,0.052244573445021036,O=C1C=C(C2CCC3C2CCC2C4CCC(OC5CCC(OC6CCC(OC7CCCCO7)CO6)CO5)CC4CCC23)CO1
Cc1scc2c1N(C(=O)CN1CCN(C)CC1)c1ccccc1NC2=O,0,0,0.04951687721789746,O=C1Nc2ccccc2N(C(=O)CN2CCNCC2)c2cscc21
CC(=O)O[C@H]1C(=O)[C@@]2(C)[C@H]([C@H](OC(=O)c3ccccc3)[C@]3(O)C[C@H](OC(=O)[C@H](O)[C@@H](NC(=O)c4ccccc4)c4ccccc4)C(C)=C1C3(C)C)[C@]1(OC(C)=O)CO[C@@H]1C[C@@H]2O,0,0,0.04021571794719686,O=C(CC(NC(=O)c1ccccc1)c1ccccc1)OC1C=C2CC(=O)C3CCC4OCC4C3C(OC(=O)c3ccccc3)C(C2)C1
CC(C)CN(C[C@@H](O)[C@H](Cc1ccccc1)NC(=O)O[C@H]1CCOC1)S(=O)(=O)c1ccc(N)cc1,0,0,0.042572397635940305,O=C(NC(CCNS(=O)(=O)c1ccccc1)Cc1ccccc1)OC1CCOC1
CC1(C)C(C=C(Cl)Cl)C1C(=O)OC(C#N)c1cccc(Oc2ccccc2)c1,0,0,0.038316294947599645,O=C(OCc1cccc(Oc2ccccc2)c1)C1CC1
CC(C)=CC1C(C(=O)OCc2cccc(Oc3ccccc3)c2)C1(C)C,0,0,0.06620139946335743,O=C(OCc1cccc(Oc2ccccc2)c1)C1CC1
CC(C(=O)O)c1ccc(CC2CCCC2=O)cc1,0,0,0.07042251481437595,O=C1CCCC1Cc1ccccc1
CO[C@@]1(NC(=O)C(C(=O)[O-])c2ccc(O)cc2)C(=O)N2C(C(=O)[O-])=C(CSc3nnnn3C)CO[C@@H]21,0,0,0.07215882646878001,O=C(Cc1ccccc1)NC1C(=O)N2C=C(CSc3nnn[nH]3)COC12
COC(=O)[C@H]1[C@H]2C[C@@H]3c4[nH]c5cc(OC)ccc5c4CCN3C[C@H]2C[C@@H](OC(=O)c2cc(OC)c(OC)c(OC)c2)[C@@H]1OC,0,0,0.046745598390133994,O=C(OC1CCC2CC3c4[nH]c5ccccc5c4CCN3CC2C1)c1ccccc1
CC(C(=O)O)c1ccc(C(=O)c2cccs2)cc1,0,0,0.059774494668016445,O=C(c1ccccc1)c1cccs1
CC(C(=O)O)c1ccc(C(=O)c2ccccc2)s1,0,0,0.05956854468160719,O=C(c1ccccc1)c1cccs1
Cc1[nH]cnc1CN1CCc2c(c3ccccc3n2C)C1=O,0,0,0.03622607423166716,O=C1c2c([nH]c3ccccc23)CCN1Cc1c[nH]cn1
COCCCOc1ccnc(CS(=O)c2nc3ccccc3[n-]2)c1C,0,0,0.08451478232792735,O=S(Cc1ccccn1)c1nc2ccccc2[n-]1
COc1ccnc(CS(=O)c2nc3cc(OC(F)F)ccc3[n-]2)c1OC,0,0,0.048579678279890175,O=S(Cc1ccccn1)c1nc2ccccc2[n-]1
CC1(C)S[C@@H]2[C@H](NC(=O)[C@H](C(=O)[O-])c3ccsc3)C(=O)N2[C@H]1C(=O)[O-],0,0,0.04063267331141862,O=C(Cc1ccsc1)NC1C(=O)N2CCSC12
OCCN1C[C@H](O)[C@@H](O)[C@H](O)[C@H]1CO,0,0,0.04052474884323303,C1CCNCC1
O=C(O)Cc1sc(-c2ccccc2)nc1-c1ccc(Cl)cc1,0,0,0.046213437454997584,c1ccc(-c2csc(-c3ccccc3)n2)cc1
c1ccc(CC2=NCCN2)cc1,0,0,0.06579624474727797,c1ccc(CC2=NCCN2)cc1
Cc1cc(C(C)(C)C)c(O)c(C)c1CC1=NCCN1,0,0,0.09178383376787862,c1ccc(CC2=NCCN2)cc1
Cc1cc(C(C)(C)C)cc(C)c1CC1=NCCN1,0,0,0.07568829373794958,c1ccc(CC2=NCCN2)cc1
CNC(=O)c1c(I)c(C(=O)NCC(=O)Nc2c(I)c(C(=O)O)c(I)c(C(=O)NCCO)c2I)c(I)c(N(C)C(C)=O)c1I,0,0,0.027806395607632043,O=C(CNC(=O)c1ccccc1)Nc1ccccc1
COc1cc(OC)c(C(=O)CCCN2CCCC2)c(OC)c1,0,0,0.0908861069829021,O=C(CCCN1CCCC1)c1ccccc1
C=CCN1CCCC1CNC(=O)c1cc2[nH]nnc2cc1OC,0,0,0.04591504384662492,O=C(NCC1CCCN1)c1ccc2nn[nH]c2c1
CCOc1nc2cccc(C(=O)OCc3oc(=O)oc3C)c2n1Cc1ccc(-c2ccccc2-c2noc(=O)[nH]2)cc1,0,0,0.07195623992212122,O=C(OCc1coc(=O)o1)c1cccc2ncn(Cc3ccc(-c4ccccc4-c4noc(=O)[nH]4)cc3)c12
COc1ccc(C(=O)NCc2ccc(OCCN(C)C)cc2)cc1OC,0,0,0.07145291211193389,O=C(NCc1ccccc1)c1ccccc1
COc1cc(C(=O)NCc2ccc(OCCN(C)C)cc2)cc(OC)c1OC,0,0,0.061794384470479045,O=C(NCc1ccccc1)c1ccccc1
CCn1cc(C(=O)[O-])c(=O)c2ccc(C)nc21,0,0,0.13921761143264708,O=c1cc[nH]c2ncccc12
CC1=NN(c2ccccc2)C(=O)C1,0,0,0.025347572107508053,O=C1CC=NN1c1ccccc1
CCCCOCCOCCOCc1cc2c(cc1CCC)OCO2,0,0,0.05447813530031212,c1ccc2c(c1)OCO2
CC(C)(C)C(O)/C=C/c1ccc2c(c1)OCO2,0,0,0.06214622432217386,c1ccc2c(c1)OCO2
O=C(O)c1cc(N=Nc2ccc(S(=O)(=O)Nc3ccccn3)cc2)ccc1O,0,0,0.04168318715191391,O=S(=O)(Nc1ccccn1)c1ccc(N=Nc2ccccc2)cc1
CC[N+](C)(CC)CCC[n+]1c(-c2ccccc2)c2cc(N)ccc2c2ccc(N)cc21,0,0,0.03135865834131785,c1ccc(-c2[nH+]c3ccccc3c3ccccc23)cc1
c1ccc2c(c1)CCCC2C1=NCCN1,0,0,0.07238864972220009,c1ccc2c(c1)CCCC2C1=NCCN1
C=CCN1CC[C@]23c4c5ccc(O)c4O[C@H]2C(=O)CC[C@@]3(O)[C@H]1C5,0,0,0.11493689570747474,O=C1CCC2C3Cc4cccc5c4C2(CCN3)C1O5
NC[C@H]1O[C@H](O[C@H]2[C@H](O)[C@@H](O[C@H]3O[C@H](CO)[C@@H](O)[C@H](N)[C@H]3O)[C@H](N)C[C@@H]2N)[C@H](O)[C@@H](O)[C@@H]1O,0,0,0.03654636505335642,C1CCC(OC2CCCC(OC3CCCCO3)C2)OC1
NCC[C@H](O)C(=O)N[C@@H]1C[C@H](N)[C@@H](O[C@H]2O[C@H](CN)[C@@H](O)[C@H](O)[C@H]2O)[C@H](O)[C@H]1O[C@H]1O[C@H](CO)[C@@H](O)[C@H](N)[C@H]1O,0,0,0.028397083542114104,C1CCC(OC2CCCC(OC3CCCCO3)C2)OC1
NC[C@H]1O[C@H](O[C@H]2[C@H](O)[C@@H](O[C@H]3O[C@H](CO)[C@@H](O)[C@H](N)[C@H]3O)[C@H](N)C[C@@H]2N)[C@H](N)C[C@@H]1O,0,0,0.03707379756393583,C1CCC(OC2CCCC(OC3CCCCO3)C2)OC1
NC[C@H]1O[C@H](O[C@H]2[C@H](O)[C@@H](O[C@H]3O[C@H](CO)[C@@H](O)[C@H](N)[C@H]3O)[C@H](N)C[C@@H]2N)[C@H](N)[C@@H](O)[C@@H]1O,0,0,0.03536585258049122,C1CCC(OC2CCCC(OC3CCCCO3)C2)OC1
CCCSS/C(CCO)=C(/C)N(C=O)Cc1cnc(C)nc1N,0,0,0.09852114422668136,c1cncnc1
CC(C)Nc1ncccn1,0,0,0.06337539998786014,c1cncnc1
Oc1c(Cl)cc(Cl)cc1Sc1cc(Cl)cc(Cl)c1O,0,0,0.04545185446858997,c1ccc(Sc2ccccc2)cc1
CN1C2CCC1CC(OC(c1ccccc1)c1ccccc1)C2,0,0,0.07760038258081464,c1ccc(C(OC2CC3CCC(C2)N3)c2ccccc2)cc1
O=C1c2c(O)cccc2Cc2cccc(O)c21,1,0,0.08359802036371891,O=C1c2ccccc2Cc2ccccc21
Nc1ccc(S(=O)(=O)Nc2ncccn2)cc1,0,0,0.04543918845135965,O=S(=O)(Nc1ncccn1)c1ccccc1
COc1cnc(NS(=O)(=O)c2ccc(N)cc2)nc1,0,0,0.05354353009610681,O=S(=O)(Nc1ncccn1)c1ccccc1
Cc1ccnc(NS(=O)(=O)c2ccc(N)cc2)n1,0,0,0.04679700637568784,O=S(=O)(Nc1ncccn1)c1ccccc1
Cc1cnc(C(=O)NCCc2ccc(S(=O)(=O)NC(=O)NC3CCCCC3)cc2)cn1,0,0,0.028097368671070405,O=C(NC1CCCCC1)NS(=O)(=O)c1ccc(CCNC(=O)c2cnccn2)cc1
CCOC(=O)[C@H](CCc1ccccc1)N[C@H]1CCc2ccccc2N(CC(=O)O)C1=O,0,0,0.05147598202303274,O=C1Nc2ccccc2CCC1NCCCc1ccccc1
CCCCS(=O)(=O)N[C@@H](Cc1ccc(OCCCCC2CCNCC2)cc1)C(=O)O,0,0,0.06548862833993188,c1ccc(OCCCCC2CCNCC2)cc1
CN1CCCC(n2nc(Cc3ccc(Cl)cc3)c3ccccc3c2=O)CC1,0,0,0.04506723889167256,O=c1c2ccccc2c(Cc2ccccc2)nn1C1CCCNCC1
CCOC(=O)CC(=O)N1CCSC1COc1ccccc1OC,0,0,0.05058714768397065,c1ccc(OCC2NCCS2)cc1
CCC1(c2ccccc2)C(=O)NCNC1=O,0,0,0.04329967312138202,O=C1NCNC(=O)C1c1ccccc1
CN(CCOc1ccc(CC2SC(=O)NC2=O)cc1)c1ccccn1,0,0,0.04347347259813692,O=C1NC(=O)C(Cc2ccc(OCCNc3ccccn3)cc2)S1
Cc1cc2cc3c(C)cc(=O)oc3c(C)c2o1,0,0,0.02445671783018051,O=c1ccc2cc3ccoc3cc2o1
CC[C@H]1OC(=O)C[C@@H](O)[C@H](C)[C@@H](O[C@@H]2O[C@H](C)[C@@H](O[C@H]3C[C@@](C)(O)[C@@H](O)[C@H](C)O3)[C@H](N(C)C)[C@H]2O)[C@@H](CC=O)C[C@@H](C)C(=O)/C=C/C(C)=C/[C@@H]1CO[C@@H]1O[C@H](C)[C@@H](O)[C@@H](OC)[C@H]1OC,0,0,0.1061562246051311,O=C1C=CC=CC(COC2CCCCO2)COC(=O)CCCC(OC2CCC(OC3CCCCO3)CO2)CCC1
COc1ccc2nc(S(=O)Cc3ncc(C)c(OC)c3C)[nH]c2c1,1,0,0.09552209845567661,O=S(Cc1ccccn1)c1nc2ccccc2[nH]1
Cc1c(OCC(F)(F)F)ccnc1CS(=O)c1nc2ccccc2[nH]1,0,0,0.05978690705251115,O=S(Cc1ccccn1)c1nc2ccccc2[nH]1
O=C1O[C@H]([C@@H](O)CO)C(O)=C1O,0,0,0.038550535387136424,O=C1C=CCO1
CN[C@@H]1[C@@H](O[C@H]2O[C@H](CO)[C@@H](N)[C@H](O)[C@H]2O)O[C@H]2C[C@@H](N)[C@@H](O[C@H]3[C@H](O)[C@@H](O)[C@H](N)C[C@@H]3N)O[C@@H]2[C@@H]1O,0,0,0.04904766470653254,C1CCC(OC2CCC3OC(OC4CCCCO4)CCC3O2)CC1
CC1(C)S[C@@H]2[C@H](NC(=O)Cc3ccccc3)C(=O)N2[C@H]1C(=O)[O-],0,0,0.04676951295351429,O=C(Cc1ccccc1)NC1C(=O)N2CCSC12
CC1(C)S[C@@H]2[C@H](NC(=O)[C@@H](c3ccccc3)S(=O)(=O)O)C(=O)N2[C@H]1C(=O)O,0,0,0.03277685887844631,O=C(Cc1ccccc1)NC1C(=O)N2CCSC12
CC(C)(C)C(=O)OCOC(=O)[C@@H]1N2C(=O)[C@@H](NC(=O)[C@H](N)c3ccccc3)[C@H]2SC1(C)C,0,0,0.03833774892808323,O=C(Cc1ccccc1)NC1C(=O)N2CCSC12
CC1(C)S[C@@H]2[C@H](NC(=O)C(C(=O)[O-])c3ccccc3)C(=O)N2[C@H]1C(=O)[O-],0,0,0.04134997752159317,O=C(Cc1ccccc1)NC1C(=O)N2CCSC12
CC1(C)S[C@@H]2[C@H](NC(=O)[C@H](N)c3ccccc3)C(=O)N2[C@H]1C(=O)[O-],0,0,0.044986491962214034,O=C(Cc1ccccc1)NC1C(=O)N2CCSC12
CCOC(=O)OC(C)OC(=O)[C@@H]1N2C(=O)[C@@H](NC(=O)[C@H](N)c3ccccc3)[C@H]2SC1(C)C,0,0,0.046836958570096426,O=C(Cc1ccccc1)NC1C(=O)N2CCSC12
CC1(C)S[C@@H]2[C@H](NC(=O)[C@H](N)c3ccc(O)cc3)C(=O)N2[C@H]1C(=O)O,0,0,0.043603991403936004,O=C(Cc1ccccc1)NC1C(=O)N2CCSC12
CC1(C)S[C@@H]2[C@H](NC(=O)[C@H](N)c3ccccc3)C(=O)N2[C@H]1C(=O)O,0,0,0.040003462173308184,O=C(Cc1ccccc1)NC1C(=O)N2CCSC12
CCCSc1nc(N[C@@H]2C[C@H]2c2ccc(F)c(F)c2)c2nnn([C@@H]3C[C@H](OCCO)[C@@H](O)[C@H]3O)c2n1,0,0,0.050678806302164536,c1ccc(C2CC2Nc2ncnc3c2nnn3C2CCCC2)cc1
CN(C)CCCC1(c2ccc(F)cc2)OCc2cc(C#N)ccc21,0,0,0.06531304868320273,c1ccc(C2OCc3ccccc32)cc1
CN(C)CCC[C@@]1(c2ccc(F)cc2)OCc2cc(C#N)ccc21,0,0,0.06531304868320273,c1ccc(C2OCc3ccccc32)cc1
Nc1nc(N)c2nc(-c3ccccc3)c(N)nc2n1,0,0,0.019719699456994488,c1ccc(-c2cnc3ncncc3n2)cc1
CN(C)CCN(Cc1ccccc1)c1ccccn1,1,0,0.06782558620771781,c1ccc(CNc2ccccn2)cc1
COc1ccc(CN(CCN(C)C)c2ccccn2)cc1,0,0,0.08243569725087557,c1ccc(CNc2ccccn2)cc1
CN(C)CCN(Cc1ccc(Cl)cc1)c1ccccn1,0,0,0.07060057891137025,c1ccc(CNc2ccccn2)cc1
CCOC(=O)Nc1ccc(NCc2ccc(F)cc2)nc1N,0,0,0.052838995069356895,c1ccc(CNc2ccccn2)cc1
CN(C)CCOC(=O)C(c1ccccc1)C1(O)CCCC1,1,0,0.08220493644619539,c1ccc(CC2CCCC2)cc1
CCOC(=O)Nc1ccc2c(c1)N(C(=O)CCN1CCOCC1)c1ccccc1S2,0,0,0.0336550879749965,O=C(CCN1CCOCC1)N1c2ccccc2Sc2ccccc21
N#Cc1nn(-c2c(Cl)cc(C(F)(F)F)cc2Cl)c(N)c1S(=O)C(F)(F)F,0,0,0.019959690604082023,c1ccc(-n2cccn2)cc1
O=C1CN(/N=C/c2ccc([N+](=O)[O-])o2)C(=O)N1,0,0,0.011861208973172404,O=C1CN(N=Cc2ccco2)C(=O)N1
CN(C)C(=O)C(CCN1CCC(O)(c2ccc(Cl)cc2)CC1)(c1ccccc1)c1ccccc1,0,0,0.05699915446191681,c1ccc(C2CCN(CCC(c3ccccc3)c3ccccc3)CC2)cc1
CS(=O)(=O)CCNCc1ccc(-c2ccc3ncnc(Nc4ccc(OCc5cccc(F)c5)c(Cl)c4)c3c2)o1,0,0,0.02078236484449024,c1ccc(COc2ccc(Nc3ncnc4ccc(-c5ccco5)cc34)cc2)cc1
Fc1ccc(C(OCCN2CCN(CCCc3ccccc3)CC2)c2ccc(F)cc2)cc1,0,0,0.07035257193388662,c1ccc(CCCN2CCN(CCOC(c3ccccc3)c3ccccc3)CC2)cc1
Cc1cc(NC(=O)C2=C(O)c3ccccc3S(=O)(=O)N2C)no1,0,0,0.05046818890673514,O=C(Nc1ccon1)C1=Cc2ccccc2S(=O)(=O)N1
Cn1nnc2c(C(N)=O)ncn2c1=O,0,0,0.01530686894373902,O=c1[nH]nnc2cncn12
O=C1c2cccc3c2[C@H](CCC3)CN1[C@@H]1CN2CCC1CC2,0,0,0.0889530875633592,O=C1c2cccc3c2C(CCC3)CN1C1CN2CCC1CC2
CCOc1ccc2c(c1)C(C)=CC(C)(C)N2,0,0,0.050339642521962956,C1=Cc2ccccc2NC1
CC(=O)NC[C@H]1CN(c2ccc(N3CCOCC3)c(F)c2)C(=O)O1,0,0,0.029142968635047676,O=C1OCCN1c1ccc(N2CCOCC2)cc1
CN[C@H](CC(C)C)C(=O)N[C@H]1C(=O)N[C@@H](CC(N)=O)C(=O)N[C@H]2C(=O)N[C@H]3C(=O)N[C@H](C(=O)N[C@H](C(=O)O)c4cc(O)cc(O)c4-c4cc3ccc4O)[C@H](O)c3ccc(c(Cl)c3)Oc3cc2cc(c3O[C@@H]2O[C@H](CO)[C@@H](O)[C@H](O)[C@H]2O[C@H]2C[C@](C)(N)[C@H](O)[C@H](C)O2)Oc2ccc(cc2Cl)[C@H]1O,0,0,0.0063558962713354036,O=C1CCc2ccc(cc2)Oc2cc3cc(c2OC2OCCCC2OC2CCCCO2)Oc2ccc(cc2)CC2NC(=O)C(NC(=O)C3NC(=O)CN1)c1cccc(c1)-c1ccccc1CNC2=O
O=C(O)c1cccnc1Nc1cccc(C(F)(F)F)c1,0,0,0.048837425628290604,c1ccc(Nc2ccccn2)cc1
Cc1c(Cl)cccc1Nc1ncccc1C(=O)O,0,0,0.05613698209927416,c1ccc(Nc2ccccn2)cc1
Cc1c(Nc2ncccc2C(=O)O)cccc1C(F)(F)F,0,0,0.050973525249030024,c1ccc(Nc2ccccn2)cc1
Nc1nc(N)nc(-c2cc(Cl)ccc2Cl)n1,0,0,0.02564600382840742,c1ccc(-c2ncncn2)cc1
CCN1CCN(C(=O)N[C@@H](C(=O)N[C@@H]2C(=O)N3[C@@H]2SC(C)(C)[C@@H]3C(=O)[O-])c2ccccc2)C(=O)C1=O,0,0,0.03097974247347344,O=C1NCCN(C(=O)NC(C(=O)NC2C(=O)N3CCSC23)c2ccccc2)C1=O
Cc1cccc(Nc2ccncc2S(=O)(=O)NC(=O)NC(C)C)c1,0,0,0.027213923893429585,c1ccc(Nc2ccncc2)cc1
C[C@@H]1CCO[C@H]2Cn3cc(C(=O)NCc4ccc(F)cc4F)c(=O)c(O)c3C(=O)N12,1,0,0.07344088136121282,O=C(NCc1ccccc1)c1cn2c(cc1=O)C(=O)N1CCCOC1C2
CN1CCOC(c2ccccc2)c2ccccc2C1,0,0,0.06869285629291388,c1ccc(C2OCCNCc3ccccc32)cc1
COc1ccc(/C=C/C(=O)Nc2ccccc2C(=O)O)cc1OC,0,0,0.059180151090616834,O=C(C=Cc1ccccc1)Nc1ccccc1
O=C1CCc2ccc(OCCCCN3CCN(c4cccc(Cl)c4Cl)CC3)cc2N1,0,0,0.045546309151659255,O=C1CCc2ccc(OCCCCN3CCN(c4ccccc4)CC3)cc2N1
CC(C)Nc1cccnc1N1CCN(C(=O)c2cc3cc(NS(C)(=O)=O)ccc3[nH]2)CC1,0,0,0.03229385556745217,O=C(c1cc2ccccc2[nH]1)N1CCN(c2ccccn2)CC1
NC1CCN(c2c(F)cc3c(=O)c(C(=O)O)cn(C4CC4)c3c2Cl)C1,0,0,0.07278860388937697,O=c1ccn(C2CC2)c2cc(N3CCCC3)ccc12
CC(C)N1CCN(c2ccc(OC[C@H]3CO[C@](Cn4cncn4)(c4ccc(Cl)cc4Cl)O3)cc2)CC1,0,0,0.053541559592615855,c1ccc(C2(Cn3cncn3)OCC(COc3ccc(N4CCNCC4)cc3)O2)cc1
Nc1nc2c(ncn2COC(CO)CO)c(=O)[nH]1,0,0,0.022908373914914192,O=c1[nH]cnc2[nH]cnc12
CC(C)[C@H](N)C(=O)OCCOCn1cnc2c(=O)[nH]c(N)nc21,0,0,0.03258610712317858,O=c1[nH]cnc2[nH]cnc12
CC(C)[C@H](N)C(=O)OCC(CO)OCn1cnc2c(=O)[nH]c(N)nc21,0,0,0.029690209331675772,O=c1[nH]cnc2[nH]cnc12
Nc1nc2c(ncn2COCCO)c(=O)[nH]1,0,0,0.025618085073060362,O=c1[nH]cnc2[nH]cnc12
Nc1nc2c(ncn2CCC(CO)CO)c(=O)[nH]1,0,0,0.023803002452156347,O=c1[nH]cnc2[nH]cnc12
Nc1nc(CC(=O)Nc2ccc(CCNC[C@H](O)c3ccccc3)cc2)cs1,0,0,0.05264500805302637,O=C(Cc1cscn1)Nc1ccc(CCNCCc2ccccc2)cc1
CC(=O)c1ccc2c(c1)N(CCCN1CCC(CCO)CC1)c1ccccc1S2,0,0,0.08261783446096803,c1ccc2c(c1)Sc1ccccc1N2CCCN1CCCCC1
CN(C)CC/C=C1/c2ccccc2COc2ccc(CC(=O)O)cc21,0,0,0.06982278989646455,C=C1c2ccccc2COc2ccccc21
CN(C)CC/C=C1\c2ccccc2COc2ccccc21,0,0,0.08926305457405574,C=C1c2ccccc2COc2ccccc21
NC(=O)c1ncn([C@@H]2O[C@H](CO)[C@@H](O)[C@H]2O)c1O,0,0,0.03636334899767374,c1cn(C2CCCO2)cn1
O=C(CCCN1CCN(c2ccccn2)CC1)c1ccc(F)cc1,0,0,0.08679013440441384,O=C(CCCN1CCN(c2ccccn2)CC1)c1ccccc1
CCN[C@@H]1C[C@H](N)[C@@H](O[C@H]2OC(CN)=CC[C@H]2N)[C@H](O)[C@H]1O[C@H]1OC[C@](C)(O)[C@H](NC)[C@H]1O,0,0,0.04474685188230473,C1=COC(OC2CCCC(OC3CCCCO3)C2)CC1
CN[C@@H]1[C@@H](O)[C@@H](O[C@@H]2[C@@H](O)[C@H](O[C@H]3OC(CN)=CC[C@H]3N)[C@@H](N)C[C@H]2N)OC[C@]1(C)O,0,0,0.04820488371088901,C1=COC(OC2CCCC(OC3CCCCO3)C2)CC1
COc1ccc(C(=O)NCc2cccnc2)cc1C(=O)NCc1cccnc1,0,0,0.04065236080844585,O=C(NCc1cccnc1)c1cccc(C(=O)NCc2cccnc2)c1
C[C@@H]1CN(C2CCC(C#N)(c3ccc(F)cc3)CC2)CC[C@]1(C(=O)O)c1ccccc1,0,0,0.06105101805260642,c1ccc(C2CCC(N3CCC(c4ccccc4)CC3)CC2)cc1
COC(=O)[C@@H]1[C@H]2C[C@H]3c4[nH]c5ccccc5c4CCN3C[C@@H]2CC[C@@H]1O,0,0,0.058471020977730825,c1ccc2c3c([nH]c2c1)C1CC2CCCCC2CN1CC3
CN1CCCCC1CCN1c2ccccc2Sc2ccc(S(C)=O)cc21,0,0,0.08590760042480786,c1ccc2c(c1)Sc1ccccc1N2CCC1CCCCN1
CC[C@H](C)C(=O)O[C@H]1C[C@H](O)C=C2C=C[C@H](C)[C@H](CC[C@@H](O)C[C@@H](O)CC(=O)O)[C@H]21,0,0,0.05789684121295883,C1=CC2=CCCCC2CC1
COc1ccc2c3c1O[C@H]1C[C@@H](O)C=C[C@@]31CCN(C)C2,0,0,0.0998782059155396,C1=CC23CCNCc4cccc(c42)OC3CC1
CC(COc1ccccc1)N(CCCl)Cc1ccccc1,0,0,0.06292644417203316,c1ccc(CNCCOc2ccccc2)cc1
CC(=O)Nc1c(I)c(C(=O)N[C@H]2C(O)O[C@H](CO)[C@@H](O)[C@@H]2O)c(I)c(N(C)C(C)=O)c1I,0,0,0.01921456303639083,O=C(NC1CCCOC1)c1ccccc1
CC(C)OC(=O)C(C(=O)OC(C)C)=C1SC=CS1,0,0,0.031027048295437374,C=C1SC=CS1
C=C1/C(=C\C=C2/CCC[C@]3(C)[C@@H]([C@H](C)/C=C/[C@@H](O)C4CC4)CC[C@@H]23)C[C@@H](O)C[C@@H]1O,0,0,0.10574527047151963,C=C1CCCCC1=CC=C1CCCC2C(CC=CCC3CC3)CCC12
CC(C)(Oc1ccc(CCNC(=O)c2ccc(Cl)cc2)cc1)C(=O)O,0,0,0.05263785813084507,O=C(NCCc1ccccc1)c1ccccc1
CCC1(C)CC(=O)NC1=O,0,0,0.03742135250966399,O=C1CCC(=O)N1
OC(c1ccccc1)(c1ccccc1)C1CCNCC1,0,0,0.0814177825695668,c1ccc(C(c2ccccc2)C2CCNCC2)cc1
Oc1ccc(C2CNCCc3c2cc(O)c(O)c3Cl)cc1,1,0,0.10927870435288602,c1ccc(C2CNCCc3ccccc32)cc1
Clc1cccc(Cl)c1NC1=NCCN1,0,0,0.05251802258265673,c1ccc(NC2=NCCN2)cc1
COc1cccc([C@@]2(O)CCCC[C@@H]2CN(C)C)c1,0,0,0.10610465707463836,c1ccc(C2CCCCC2)cc1
O=C1c2ccccc2C(=O)C1c1ccccc1,0,0,0.10800957922201689,O=C1c2ccccc2C(=O)C1c1ccccc1
COc1ccc(C2C(=O)c3ccccc3C2=O)cc1,0,0,0.12609417517695454,O=C1c2ccccc2C(=O)C1c1ccccc1
CCn1cc(C(=O)O)c(=O)c2cnc(N3CCNCC3)nc21,0,0,0.061585081069395135,O=c1cc[nH]c2nc(N3CCNCC3)ncc12
COc1cc(Br)c(C[N+]2(CCOCCC3CCC4CC3C4(C)C)CCOCC2)cc1OC,0,0,0.09181703401700411,c1ccc(C[N+]2(CCOCCC3CCC4CC3C4)CCOCC2)cc1
Cc1cccc(C)c1NC(=O)CN1CCCC1=O,0,0,0.04426746185933772,O=C(CN1CCCC1=O)Nc1ccccc1
Cc1cn([C@H]2C=C[C@@H](CO)O2)c(=O)[nH]c1=O,0,0,0.02690466563240716,O=c1ccn(C2C=CCO2)c(=O)[nH]1
CC(C)(C(=O)O)c1ccc(C(O)CCCN2CCC(C(O)(c3ccccc3)c3ccccc3)CC2)cc1,0,0,0.06682901627369642,c1ccc(CCCCN2CCC(C(c3ccccc3)c3ccccc3)CC2)cc1
CC(C)(C)c1ccc(C(O)CCCN2CCC(C(O)(c3ccccc3)c3ccccc3)CC2)cc1,0,0,0.08035841082552515,c1ccc(CCCCN2CCC(C(c3ccccc3)c3ccccc3)CC2)cc1
CCN(CCCCOC(=O)c1ccc(OC)c(OC)c1)C(C)Cc1ccc(OC)cc1,0,0,0.07346189278697321,O=C(OCCCCNCCc1ccccc1)c1ccccc1
NS(=O)(=O)c1cc2c(cc1Cl)NC(CC1CCCC1)NS2(=O)=O,0,0,0.04879010743051995,O=S1(=O)NC(CC2CCCC2)Nc2ccccc21
COCC(=O)O[C@]1(CCN(C)CCCc2nc3ccccc3[nH]2)CCc2cc(F)ccc2[C@@H]1C(C)C,0,0,0.07746778049276051,c1ccc2c(c1)CCC(CCNCCCc1nc3ccccc3[nH]1)C2
CC(=O)Nc1nnc(S(N)(=O)=O)s1,0,0,0.026091863655303135,c1nncs1
CC#C[C@]1(O)CC[C@H]2[C@@H]3CCC4=CC(=O)CCC4=C3[C@@H](c3ccc(N(C)C)cc3)C[C@@]21C,0,0,0.06571105085942389,O=C1C=C2CCC3C(=C2CC1)C(c1ccccc1)CC1CCCC13
CC[C@H](C)[C@H]1O[C@]2(C=C[C@@H]1C)C[C@@H]1C[C@@H](C/C=C(\C)[C@@H](O[C@H]3C[C@H](OC)[C@@H](O[C@H]4C[C@H](OC)[C@@H](O)[C@H](C)O4)[C@H](C)O3)[C@@H](C)/C=C/C=C3\CO[C@@H]4[C@H](O)C(C)=C[C@@H](C(=O)O1)[C@]34O)O2,0,0,0.054289412575925344,O=C1OC2CC(CC=CC(OC3CCC(OC4CCCCO4)CO3)CC=CC=C3COC4CC=CC1C34)OC1(C=CCCO1)C2
CO/N=C(\C(=O)N[C@@H]1C(=O)N2C(C(=O)O)=C(C[N+]3(C)CCCC3)CS[C@H]12)c1csc(N)n1,0,0,0.021393793461368733,N=C(C(=O)NC1C(=O)N2C=C(C[NH+]3CCCC3)CSC12)c1cscn1
COc1ccccc1OCC(O)CN1CCN(CC(=O)Nc2c(C)cccc2C)CC1,1,0,0.0717038755415789,O=C(CN1CCN(CCCOc2ccccc2)CC1)Nc1ccccc1
N=C(N=C(N)N)N1CCOCC1,0,0,0.046205895487370675,C1COCCN1
O=c1[nH]c2cc(Cl)ccc2o1,0,0,0.030367229754821375,O=c1[nH]c2ccccc2o1
O=C(O)CCC(=O)c1ccc(-c2ccccc2)cc1,0,0,0.062159274250458245,c1ccc(-c2ccccc2)cc1
CC(C(=O)O)c1ccc(-c2ccccc2)c(F)c1,0,0,0.05378125736783851,c1ccc(-c2ccccc2)cc1
O=C(O)c1cc(-c2ccc(F)cc2F)ccc1O,0,0,0.0661150012659822,c1ccc(-c2ccccc2)cc1
CC(=O)OC(C)OC(=O)C(C)c1ccc(-c2ccccc2)c(F)c1,0,0,0.05737787793605368,c1ccc(-c2ccccc2)cc1
O=C(O)Cc1ccc(-c2ccccc2)cc1,0,0,0.05223201507443657,c1ccc(-c2ccccc2)cc1
Nc1ccc(S(=O)(=O)Nc2nccs2)cc1,0,0,0.04014392566216607,O=S(=O)(Nc1nccs1)c1ccccc1
O=C(O)CCC(=O)Nc1ccc(S(=O)(=O)Nc2nccs2)cc1,0,0,0.04208356287442494,O=S(=O)(Nc1nccs1)c1ccccc1
Cc1ccc(NC(=O)c2ccc(CN3CCN(C)CC3)cc2)cc1Nc1nccc(-c2cccnc2)n1,0,0,0.05067911669010255,O=C(Nc1cccc(Nc2nccc(-c3cccnc3)n2)c1)c1ccc(CN2CCNCC2)cc1
CC1=C(C(=O)O)N2C(=O)[C@@H](NC(=O)[C@H](N)C3=CCC=CC3)[C@H]2SC1,0,0,0.0443252895801748,O=C(CC1=CCC=CC1)NC1C(=O)N2C=CCSC12
COc1ccccc1N1CCN(CCCCNC(=O)c2ccc3ccccc3c2)CC1,0,0,0.06550685601827164,O=C(NCCCCN1CCN(c2ccccc2)CC1)c1ccc2ccccc2c1
CN1CCN(CC(=O)N2c3ccccc3C(=O)Nc3cccnc32)CC1,0,0,0.04695569910454282,O=C1Nc2cccnc2N(C(=O)CN2CCNCC2)c2ccccc21
Clc1ccc(CO/N=C(\Cn2ccnc2)c2ccc(Cl)cc2Cl)c(Cl)c1,0,0,0.028384105909259338,c1ccc(CON=C(Cn2ccnc2)c2ccccc2)cc1
COC(=O)C1=C(C)NC(C)=C(C(=O)O[C@@H]2CCCN(Cc3ccccc3)C2)[C@@H]1c1cccc([N+](=O)[O-])c1,0,0,0.031024674277403585,O=C(OC1CCCN(Cc2ccccc2)C1)C1=CNC=CC1c1ccccc1
Nc1nc2n[nH]nc2c(=O)[nH]1,0,0,0.029483742766389875,O=c1[nH]cnc2n[nH]nc12
O=C1Nc2ccc(Cl)cc2[C@@](C#CC2CC2)(C(F)(F)F)O1,0,0,0.03289820704952271,O=C1Nc2ccccc2C(C#CC2CC2)O1
COc1ccc(C2CNC(=O)C2)cc1OC1CCCC1,0,0,0.07554418598518384,O=C1CC(c2cccc(OC3CCCC3)c2)CN1
CC(=O)O[C@H]1C[C@@]2(C)[C@@H](C[C@@H](O)[C@H]3[C@@]4(C)CC[C@@H](O)[C@@H](C)[C@@H]4CC[C@@]32C)/C1=C(\CCC=C(C)C)C(=O)[O-],0,0,0.10538364612430623,C=C1CCC2C1CCC1C3CCCCC3CCC21
CCn1cc(C(=O)O)c(=O)c2cc(F)c(N3CCNCC3)nc21,1,0,0.14720420366673787,O=c1cc[nH]c2nc(N3CCNCC3)ccc12
CC(C)Cc1ccc(C(C)C(=O)OCc2ccccn2)cc1,0,0,0.05517554536213632,O=C(Cc1ccccc1)OCc1ccccn1
C#CCN[C@@H]1CCc2ccccc21,0,0,0.06961901227502085,c1ccc2c(c1)CCC2
Cc1ncc([N+](=O)[O-])n1C,0,0,0.026888080841283697,c1c[nH]cn1
Cc1ncc([N+](=O)[O-])n1CC(O)CCl,0,0,0.022929690804923075,c1c[nH]cn1
CN(C)/N=N/c1nc[nH]c1C(N)=O,0,0,0.024791584907422982,c1c[nH]cn1
O=C(Cn1ccnc1[N+](=O)[O-])NCCO,0,0,0.023650921619919815,c1c[nH]cn1
O=P(O)(O)C(O)(Cn1ccnc1)P(=O)(O)O,1,0,0.08657092117208792,c1c[nH]cn1
CN=C(NC#N)NCCSCc1nc[nH]c1C,0,0,0.03294076065625067,c1c[nH]cn1
Cn1c([N+](=O)[O-])cnc1COC(N)=O,0,0,0.0235805307668178,c1c[nH]cn1
NCCc1cnc[nH]1,0,0,0.06377044538398842,c1c[nH]cn1
CCS(=O)(=O)CCn1c([N+](=O)[O-])cnc1C,0,0,0.018175014228609676,c1c[nH]cn1
Cc1ncc([N+](=O)[O-])n1CCO,0,0,0.02582060919401995,c1c[nH]cn1
Cc1ncc([N+](=O)[O-])n1CC(C)O,0,0,0.02788292755587447,c1c[nH]cn1
O=C(O)CCCC[C@@H]1SC[C@@H]2NC(=O)N[C@@H]21,0,0,0.02635014798828138,O=C1NC2CSCC2N1
CN(C)CCn1nnnc1SCC1=C(C(=O)O)N2C(=O)[C@@H](NC(=O)Cc3csc(N)n3)[C@H]2SC1,0,0,0.06408467085230657,O=C(Cc1cscn1)NC1C(=O)N2C=C(CSc3nnn[nH]3)CSC12
O=C(O)c1cc(=O)c2ccccc2o1,0,0,0.04175231118971707,O=c1ccoc2ccccc12
CC/C(=C(/CC)c1ccc(O)cc1)c1ccc(O)cc1,0,0,0.07967402978300293,C(=Cc1ccccc1)c1ccccc1
CCC[C@H](N[C@@H](C)C(=O)N1[C@H](C(=O)O)C[C@@H]2CCCC[C@@H]21)C(=O)OCC,0,0,0.049979096178253836,C1CCC2NCCC2C1
COc1ccc(C[C@H](C)NC[C@@H](O)c2ccc(O)c(NC=O)c2)cc1,1,0,0.0781062466612029,c1ccc(CCNCCc2ccccc2)cc1
C[C@]12C=CC(=O)C=C1CC[C@@H]1[C@@H]2[C@@H](O)C[C@@]2(C)[C@H]1CC[C@]2(O)C(=O)CO,0,0,0.10928880779087857,O=C1C=CC2C(=C1)CCC1C3CCCC3CCC21
CCOC(=O)O[C@]1(C(=O)COC(=O)CC)CC[C@H]2[C@@H]3CCC4=CC(=O)C=C[C@]4(C)[C@H]3[C@@H](O)C[C@@]21C,1,0,0.1200004331595603,O=C1C=CC2C(=C1)CCC1C3CCCC3CCC21
CC(=O)[C@@]1(O)CC[C@H]2[C@@H]3C[C@H](C)C4=CC(=O)C=C[C@]4(C)[C@@]3(F)[C@@H](O)C[C@@]21C,0,0,0.10266890837891512,O=C1C=CC2C(=C1)CCC1C3CCCC3CCC21
C[C@H]1C[C@H]2[C@@H]3CCC4=CC(=O)C=C[C@]4(C)[C@@]3(F)[C@@H](O)C[C@]2(C)[C@@]1(O)C(=O)CO,0,0,0.08948704685696578,O=C1C=CC2C(=C1)CCC1C3CCCC3CCC21
CCOC(=O)O[C@]1(C(=O)OCCl)CC[C@H]2[C@@H]3CCC4=CC(=O)C=C[C@]4(C)[C@H]3[C@@H](O)C[C@@]21C,0,0,0.08534987248734918,O=C1C=CC2C(=C1)CCC1C3CCCC3CCC21
CC(=O)OCC(=O)[C@@]1(O)CC[C@H]2[C@@H]3CCC4=CC(=O)C=C[C@]4(C)[C@@]3(F)[C@@H](O)C[C@@]21C,0,0,0.08575965055642311,O=C1C=CC2C(=C1)CCC1C3CCCC3CCC21
CCC(=O)[C@@]1(C)[C@H](C)C[C@H]2[C@@H]3CCC4=CC(=O)C=C[C@]4(C)[C@H]3[C@@H](O)C[C@@]21C,0,0,0.12083118599189493,O=C1C=CC2C(=C1)CCC1C3CCCC3CCC21
CCC(=O)O[C@]1(C(=O)SCF)[C@H](C)C[C@H]2[C@@H]3C[C@H](F)C4=CC(=O)C=C[C@]4(C)[C@@]3(F)[C@@H](O)C[C@@]21C,0,0,0.032321115519302585,O=C1C=CC2C(=C1)CCC1C3CCCC3CCC21
CC(=O)OCC(=O)[C@@]1(OC(C)=O)[C@@H](C)C[C@H]2[C@@H]3C[C@H](F)C4=CC(=O)C=C[C@]4(C)[C@@]3(F)[C@@H](O)C[C@@]21C,0,0,0.06933014847914318,O=C1C=CC2C(=C1)CCC1C3CCCC3CCC21
C[C@@H]1C[C@H]2[C@@H]3C[C@H](F)C4=CC(=O)C=C[C@]4(C)[C@@]3(F)[C@@H](O)C[C@]2(C)[C@@]1(O)C(=O)CO,0,0,0.07321452463832137,O=C1C=CC2C(=C1)CCC1C3CCCC3CCC21
C[C@]12C=CC(=O)C=C1CC[C@@H]1[C@@H]2CC[C@@]2(C)[C@H]1CC[C@]2(C)O,1,0,0.142077546776692,O=C1C=CC2C(=C1)CCC1C3CCCC3CCC21
C[C@@H]1C[C@H]2[C@@H]3C[C@H](F)C4=CC(=O)C=C[C@]4(C)[C@@]3(F)[C@@H](O)C[C@]2(C)[C@@]1(O)C(=O)COC(=O)C(C)(C)C,0,0,0.0703899984408574,O=C1C=CC2C(=C1)CCC1C3CCCC3CCC21
C[C@]12C=CC(=O)C=C1CC[C@H]1[C@@H]3C[C@@H](O)[C@](O)(C(=O)CO)[C@@]3(C)C[C@H](O)[C@@]12F,0,0,0.07162458232264343,O=C1C=CC2C(=C1)CCC1C3CCCC3CCC21
CC(=O)OCC(=O)[C@@]1(O)[C@H](C)C[C@H]2[C@@H]3CCC4=CC(=O)C=C[C@]4(C)[C@@]3(F)[C@@H](O)C[C@@]21C,0,0,0.08543159059078483,O=C1C=CC2C(=C1)CCC1C3CCCC3CCC21
CCC(=O)OCC(=O)[C@@]1(OC(=O)CC)[C@@H](C)C[C@H]2[C@@H]3CCC4=CC(=O)C=C[C@]4(C)[C@@]3(Cl)[C@@H](O)C[C@@]21C,0,0,0.08280125076238587,O=C1C=CC2C(=C1)CCC1C3CCCC3CCC21
CC(=O)OCC(=O)[C@@]1(O)CC[C@H]2[C@@H]3CCC4=CC(=O)C=C[C@]4(C)[C@@]3(Cl)[C@@H](Cl)C[C@@]21C,0,0,0.07171676971028025,O=C1C=CC2C(=C1)CCC1C3CCCC3CCC21
C[C@@H]1C[C@H]2[C@@H]3C[C@H](F)C4=CC(=O)C=C[C@]4(C)[C@@]3(Cl)[C@@H](O)C[C@]2(C)[C@H]1C(=O)COC(=O)C(C)(C)C,0,0,0.06554131186338623,O=C1C=CC2C(=C1)CCC1C3CCCC3CCC21
CCC(=O)OCC(=O)[C@@]1(OC(=O)CC)[C@H](C)C[C@H]2[C@H]3[C@H]([C@@H](O)C[C@@]21C)[C@@]1(C)C=CC(=O)C=C1C[C@H]3Cl,0,0,0.08430495539009185,O=C1C=CC2C(=C1)CCC1C3CCCC3CCC21
CCC(=O)O[C@]1(C(=O)CCl)[C@@H](C)C[C@H]2[C@@H]3CCC4=CC(=O)C=C[C@]4(C)[C@@]3(F)[C@@H](O)C[C@@]21C,0,0,0.06672742822194958,O=C1C=CC2C(=C1)CCC1C3CCCC3CCC21
CO[C@@]1(NC(=O)Cc2cccs2)C(=O)N2C(C(=O)[O-])=C(COC(N)=O)CS[C@@H]21,0,0,0.03343226421766284,O=C(Cc1cccs1)NC1C(=O)N2C=CCSC12
CC(=O)OCC1=C(C(=O)[O-])N2C(=O)[C@@H](NC(=O)Cc3cccs3)[C@H]2SC1,0,0,0.04185654093483535,O=C(Cc1cccs1)NC1C(=O)N2C=CCSC12
Cc1c(C(=O)NN2CCCCC2)nn(-c2ccc(Cl)cc2Cl)c1-c1ccc(Cl)cc1,0,0,0.019724655557891223,O=C(NN1CCCCC1)c1cc(-c2ccccc2)n(-c2ccccc2)n1
N[C@@H]1CONC1=O,1,0,0.2544179328975332,O=C1CCON1
O=C(CCCCC(=O)Nc1c(I)cc(I)c(C(=O)O)c1I)Nc1c(I)cc(I)c(C(=O)O)c1I,0,0,0.029245322621541944,O=C(CCCCC(=O)Nc1ccccc1)Nc1ccccc1
Cn1c(=O)c2[nH]cnc2n(C)c1=O,0,0,0.018486205625356793,O=c1[nH]c(=O)c2[nH]cnc2[nH]1
NC(=O)c1cc[n+](CC2=C(C(=O)[O-])N3C(=O)[C@@H](NC(=O)[C@@H](c4ccccc4)S(=O)(=O)[O-])[C@H]3SC2)cc1,0,0,0.024620657206641406,O=C(Cc1ccccc1)NC1C(=O)N2C=C(C[n+]3ccccc3)CSC12
O=C(C1CCCCC1)N1CC(=O)N2CCc3ccccc3C2C1,0,0,0.06158924880294958,O=C(C1CCCCC1)N1CC(=O)N2CCc3ccccc3C2C1
COc1cc2c(cc1OC)C(=O)C(CC1CCN(Cc3ccccc3)CC1)C2,1,0,0.17882388142058292,O=C1c2ccccc2CC1CC1CCN(Cc2ccccc2)CC1
CC(C)(C)NC(=O)[C@@H]1CN(Cc2cccnc2)CCN1C[C@@H](O)C[C@@H](Cc1ccccc1)C(=O)N[C@H]1c2ccccc2C[C@H]1O,0,0,0.08333823681536268,O=C(NC1CCc2ccccc21)C(CCCN1CCN(Cc2cccnc2)CC1)Cc1ccccc1
CC(C)N=c1cc2n(-c3ccc(Cl)cc3)c3ccccc3nc-2cc1Nc1ccc(Cl)cc1,0,0,0.020906360435470107,N=c1cc2n(-c3ccccc3)c3ccccc3nc-2cc1Nc1ccccc1
COc1ccc2c(c1)c(CC(=O)OCC(=O)O)c(C)n2C(=O)c1ccc(Cl)cc1,0,0,0.029549154830618596,O=C(c1ccccc1)n1ccc2ccccc21
COc1ccc2c(c1)c(CC(=O)OC/C=C(\C)CC/C=C(\C)CCC=C(C)C)c(C)n2C(=O)c1ccc(Cl)cc1,0,0,0.030810328525722193,O=C(c1ccccc1)n1ccc2ccccc21
COc1ccc2c(c1)c(CC(=O)O)c(C)n2C(=O)c1ccc(Cl)cc1,0,0,0.03331813325483507,O=C(c1ccccc1)n1ccc2ccccc21
CC(C(=O)O)c1ccc(N2Cc3ccccc3C2=O)cc1,0,0,0.05454676400775151,O=C1c2ccccc2CN1c1ccccc1
OCCOCCN1CCN(C2=Nc3ccccc3Sc3ccccc32)CC1,0,0,0.050245100965187306,c1ccc2c(c1)N=C(N1CCNCC1)c1ccccc1S2
C[N+]1(C)CCC(=C(c2ccccc2)c2ccccc2)CC1,0,0,0.06981158029450284,c1ccc(C(=C2CC[NH2+]CC2)c2ccccc2)cc1
CCCc1c2oc(C(=O)[O-])cc(=O)c2cc2c(=O)cc(C(=O)[O-])n(CC)c12,0,0,0.046187769770300265,O=c1cc[nH]c2cc3occc(=O)c3cc12
CC(C(=O)O)c1ccc(N2CC=CC2)c(Cl)c1,0,0,0.04062078769273181,C1=CCN(c2ccccc2)C1
CCNC1(c2cccs2)CCCCC1=O,0,0,0.07285498393376771,O=C1CCCCC1c1cccs1
CCOC(=O)[C@H](CCc1ccccc1)N[C@H]1CS[C@H](c2cccs2)CN(CC(=O)O)C1=O,0,0,0.04506978190079157,O=C1NCC(c2cccs2)SCC1NCCCc1ccccc1
CC(=O)OC1CN2CCC1CC2,0,0,0.07709888065645575,C1CN2CCC1CC2
CC(C)COCC(CN(Cc1ccccc1)c1ccccc1)N1CCCC1,0,0,0.0686283865840424,c1ccc(CN(CCN2CCCC2)c2ccccc2)cc1
Nc1ccc(N=Nc2ccccc2)c(N)n1,0,0,0.037197273205296866,c1ccc(N=Nc2cccnc2)cc1
CCOc1nc2cccc(C(=O)O)c2n1Cc1ccc(-c2ccccc2-c2nn[nH]n2)cc1,1,0,0.14212915571916515,c1ccc(-c2nn[nH]n2)c(-c2ccc(Cn3cnc4ccccc43)cc2)c1
CCC(C)(C)C(=O)O[C@H]1C[C@@H](C)C=C2C=C[C@H](C)[C@H](CC[C@@H]3C[C@@H](O)CC(=O)O3)[C@H]21,0,0,0.06558984939732147,O=C1CCCC(CCC2CC=CC3=CCCCC32)O1
CC[C@H](C)C(=O)O[C@H]1CCC=C2C=C[C@H](C)[C@H](CC[C@@H]3C[C@@H](O)CC(=O)O3)[C@H]21,0,0,0.06891755220874465,O=C1CCCC(CCC2CC=CC3=CCCCC32)O1
CC[C@H](C)C(=O)O[C@H]1C[C@@H](C)C=C2C=C[C@H](C)[C@H](CC[C@@H]3C[C@@H](O)CC(=O)O3)[C@H]21,0,0,0.06708537264649521,O=C1CCCC(CCC2CC=CC3=CCCCC32)O1
Cc1nnc(SCC2=C(C(=O)[O-])N3C(=O)[C@@H](NC(=O)Cn4cnnn4)[C@H]3SC2)s1,0,0,0.050006227319830426,O=C(Cn1cnnn1)NC1C(=O)N2C=C(CSc3nncs3)CSC12
O=C(Cn1cnnn1)N[C@@H]1C(=O)N2C(C(=O)O)=C(CSc3nncs3)CS[C@H]12,0,0,0.043402298541683294,O=C(Cn1cnnn1)NC1C(=O)N2C=C(CSc3nncs3)CSC12
NS(=O)(=O)c1cc2c(cc1Cl)NC(Cc1ccccc1)NS2(=O)=O,0,0,0.03947621541820287,O=S1(=O)NC(Cc2ccccc2)Nc2ccccc21
NS(=O)(=O)c1cc2c(cc1C(F)(F)F)NC(Cc1ccccc1)NS2(=O)=O,0,0,0.03206637557186684,O=S1(=O)NC(Cc2ccccc2)Nc2ccccc21
CN(C)CCN1C(=O)c2ccccc2N(C)c2ccccc21,0,0,0.05961765014891137,O=C1Nc2ccccc2Nc2ccccc21
COc1ccccc1N1CCN(CC(O)COc2cccc3ccccc23)CC1,0,0,0.08274043767997816,c1ccc(N2CCN(CCCOc3cccc4ccccc34)CC2)cc1
N#Cc1ccc(C(c2ccc(C#N)cc2)n2cncn2)cc1,0,0,0.02918963833798705,c1ccc(C(c2ccccc2)n2cncn2)cc1
CCCCC1=NC2(CCCC2)C(=O)N1Cc1ccc(-c2ccccc2-c2nn[nH]n2)cc1,0,0,0.07466045178389959,O=C1N(Cc2ccc(-c3ccccc3-c3nn[nH]n3)cc2)C=NC12CCCC2
CN(C)c1nc(N(C)C)nc(N(C)C)n1,0,0,0.02417989296760249,c1ncncn1
O=c1[nH]c2ccccc2n1C1CCN(CCCC(c2ccc(F)cc2)c2ccc(F)cc2)CC1,0,0,0.06926155691510354,O=c1[nH]c2ccccc2n1C1CCN(CCCC(c2ccccc2)c2ccccc2)CC1
O=C(O)Cc1csc(-c2ccc(Cl)cc2)n1,0,0,0.04201829449391037,c1ccc(-c2nccs2)cc1
CCOCCn1c(N2CCCN(C)CC2)nc2ccccc21,0,0,0.08697814281388226,c1ccc2[nH]c(N3CCCNCC3)nc2c1
COc1cc(/C=C/C(=O)N2CCN(CC(=O)N3CCCC3)CC2)cc(OC)c1OC,0,0,0.043328231977863556,O=C(C=Cc1ccccc1)N1CCN(CC(=O)N2CCCC2)CC1
CC[N+](CC)(CC(=O)Nc1c(C)cccc1C)Cc1ccccc1,0,0,0.046766806858435116,O=C(C[NH2+]Cc1ccccc1)Nc1ccccc1
CC12CC3CC(C)(C1)CC(N)(C3)C2,0,0,0.10921401678110278,C1C2CC3CC1CC(C2)C3
CC(N)C12CC3CC(CC(C3)C1)C2,0,0,0.1054567883175543,C1C2CC3CC1CC(C2)C3
C/C=C(C(=C/C)/c1ccc(O)cc1)\c1ccc(O)cc1,0,0,0.07872907375572714,C=C(C(=C)c1ccccc1)c1ccccc1
NS(=O)(=O)c1cc(C(=O)NN2C[C@@H]3[C@H]4CC[C@H](C4)[C@@H]3C2)ccc1Cl,0,0,0.02671362037355724,O=C(NN1CC2C3CCC(C3)C2C1)c1ccccc1
N=C(N)c1ccc(OCCCCCOc2ccc(C(=N)N)cc2)cc1,0,0,0.06983507568428017,c1ccc(OCCCCCOc2ccccc2)cc1
CCCNC(C)C(=O)Nc1c(C)csc1C(=O)OC,0,0,0.05736414983229553,c1ccsc1
CC(C)(Sc1cc(C(C)(C)C)c(O)c(C(C)(C)C)c1)Sc1cc(C(C)(C)C)c(O)c(C(C)(C)C)c1,0,0,0.05626487744495498,c1ccc(SCSc2ccccc2)cc1
CCN(C(C)=O)c1cccc(-c2ccnc3c(C#N)cnn23)c1,0,0,0.027048193587519247,c1ccc(-c2ccnc3ccnn23)cc1
Nc1ccc(S(=O)(=O)NC(=O)c2ccccc2)cc1,0,0,0.045393757197134024,O=C(NS(=O)(=O)c1ccccc1)c1ccccc1
CCOC(=O)n1ccn(C)c1=S,0,0,0.02795275898620286,S=c1[nH]cc[nH]1
Cn1cc[nH]c1=S,0,0,0.0397669364818646,S=c1[nH]cc[nH]1
Cc1onc(-c2c(Cl)cccc2Cl)c1C(=O)N[C@@H]1C(=O)N2[C@@H]1SC(C)(C)[C@@H]2C(=O)[O-],0,0,0.026831474481487306,O=C(NC1C(=O)N2CCSC12)c1conc1-c1ccccc1
Cc1onc(-c2c(F)cccc2Cl)c1C(=O)N[C@@H]1C(=O)N2[C@@H]1SC(C)(C)[C@@H]2C(=O)[O-],0,0,0.028635569802730246,O=C(NC1C(=O)N2CCSC12)c1conc1-c1ccccc1
Cc1onc(-c2ccccc2)c1C(=O)N[C@@H]1C(=O)N2[C@@H]1SC(C)(C)[C@@H]2C(=O)[O-],0,0,0.029966638358053174,O=C(NC1C(=O)N2CCSC12)c1conc1-c1ccccc1
Cc1onc(-c2ccccc2Cl)c1C(=O)N[C@@H]1C(=O)N2[C@@H]1SC(C)(C)[C@@H]2C(=O)[O-],0,0,0.028884418359704657,O=C(NC1C(=O)N2CCSC12)c1conc1-c1ccccc1
CCN(CC)Cc1cc(Nc2ccnc3cc(Cl)ccc23)ccc1O,0,0,0.06740840520246119,c1ccc(Nc2ccnc3ccccc23)cc1
O=C(OCC(O)CO)c1ccccc1Nc1ccnc2cc(Cl)ccc12,0,0,0.03336859857478895,c1ccc(Nc2ccnc3ccccc23)cc1
CC(=O)N[C@H]1[C@H]([C@H](O)[C@H](O)CO)OC(C(=O)O)=C[C@@H]1N=C(N)N,0,0,0.03179897695639658,C1=COCCC1
CCCCC[C@H](O)/C=C/[C@H]1[C@H](O)CC(=O)[C@@H]1CCCCCCC(=O)O,1,0,0.08655007134896671,O=C1CCCC1
CCCCC(C)(O)C/C=C/[C@H]1[C@H](O)CC(=O)[C@@H]1CCCCCCC(=O)OC,1,0,0.0898765457090435,O=C1CCCC1
O=c1[nH]c(=O)n([C@H]2C[C@H](O)[C@@H](CO)O2)cc1C(F)(F)F,0,0,0.0258167410520924,O=c1ccn(C2CCCO2)c(=O)[nH]1
O=c1[nH]c(=O)n([C@H]2C[C@H](O)[C@@H](CO)O2)cc1F,0,0,0.029007805096839707,O=c1ccn(C2CCCO2)c(=O)[nH]1
O=c1[nH]c(=O)n([C@H]2C[C@H](O)[C@@H](CO)O2)cc1I,0,0,0.02659507482130407,O=c1ccn(C2CCCO2)c(=O)[nH]1
O=c1[nH]c(=O)n(C2CCCO2)cc1F,0,0,0.02876174045985672,O=c1ccn(C2CCCO2)c(=O)[nH]1
O=c1[nH]c(=O)n([C@H]2C[C@H](O)[C@@H](CO)O2)cc1/C=C/Br,0,0,0.0215372682858714,O=c1ccn(C2CCCO2)c(=O)[nH]1
Cc1cn([C@H]2C[C@H](N=[N+]=[N-])[C@@H](CO)O2)c(=O)[nH]c1=O,0,0,0.021055294292527196,O=c1ccn(C2CCCO2)c(=O)[nH]1
O=C1N=C([O-])CN1/N=C/c1ccc(-c2ccc([N+](=O)[O-])cc2)o1,0,0,0.015707050758115904,O=C1N=CCN1N=Cc1ccc(-c2ccccc2)o1
C[N+]12CCC(CC1)C(OC(=O)C(O)(c1ccccc1)c1ccccc1)C2,0,0,0.07637180624290524,O=C(OC1C[NH+]2CCC1CC2)C(c1ccccc1)c1ccccc1
CN(C(=O)C(Cl)Cl)c1ccc(OC(=O)c2ccco2)cc1,0,0,0.02211666247260741,O=C(Oc1ccccc1)c1ccco1
CCN[C@H]1CN(CCCOC)S(=O)(=O)c2sc(S(N)(=O)=O)cc21,0,0,0.038511005208408916,O=S1(=O)NCCc2ccsc21
COc1ccc2cc1Oc1ccc(cc1)C[C@H]1c3c(cc4c(c3Oc3cc5c(cc3OC)CCN(C)[C@@H]5C2)OCO4)CCN1C,0,0,0.05009875124563432,c1cc2cc(c1)Oc1ccc(cc1)CC1NCCc3cc4c(c(c31)Oc1ccc3c(c1)C(C2)NCC3)OCO4
O=c1[nH]c2ccccc2n1CCCN1CCC(n2c(=O)[nH]c3cc(Cl)ccc32)CC1,0,0,0.040462369417905736,O=c1[nH]c2ccccc2n1CCCN1CCC(n2c(=O)[nH]c3ccccc32)CC1
Cc1ccc(C(=O)c2ccc(CC(=O)O)n2C)cc1,0,0,0.03820369559859079,O=C(c1ccccc1)c1ccc[nH]1
Cc1cc(CC(=O)[O-])n(C)c1C(=O)c1ccc(Cl)cc1,0,0,0.04463543583188704,O=C(c1ccccc1)c1ccc[nH]1
COc1c2occc2c(OC)c2c(=O)cc(C)oc12,0,0,0.04190280101944436,O=c1ccoc2cc3occc3cc12
CN1C[C@H](C(=O)N[C@]2(C)O[C@@]3(O)[C@@H]4CCCN4C(=O)[C@H](Cc4ccccc4)N3C2=O)C[C@@H]2c3cccc4[nH]cc(c34)C[C@H]21,0,0,0.03082004459346184,O=C(NC1OC2C3CCCN3C(=O)C(Cc3ccccc3)N2C1=O)C1CNC2Cc3c[nH]c4cccc(c34)C2C1
O=C1OCCN1/N=C/c1ccc([N+](=O)[O-])o1,0,0,0.009793754534512604,O=C1OCCN1N=Cc1ccco1
C/C(=C\C(=O)OCCCCCCCCC(=O)O)C[C@@H]1OC[C@H](C[C@@H]2O[C@H]2[C@@H](C)[C@H](C)O)[C@@H](O)[C@H]1O,0,0,0.04022677877865891,C1COCC(CC2CO2)C1
CCc1c(C)[nH]c2c1C(=O)C(CN1CCOCC1)CC2,0,0,0.045910553948754616,O=C1c2cc[nH]c2CCC1CN1CCOCC1
COc1ccc(C(=O)N2CCCC2=O)cc1,0,0,0.04508213961079545,O=C1CCCN1C(=O)c1ccccc1
CCCN(CCC)CCc1cccc2c1CC(=O)N2,0,0,0.0600138201511394,O=C1Cc2ccccc2N1
NCCC[C@H](N)CC(=O)N[C@H]1CNC(=O)[C@H]([C@H]2C[C@H](O)NC(N)=N2)NC(=O)/C(=C/NC(N)=O)NC(=O)[C@H](CO)NC(=O)[C@H](CO)NC1=O,0,0,0.018725395014885775,C=C1NC(=O)CNC(=O)CNC(=O)CCNC(=O)C(C2CCNC=N2)NC1=O
CCC(C)(C)c1ccc(CC(C)CN2C[C@@H](C)O[C@@H](C)C2)cc1,0,0,0.06355322815182302,c1ccc(CCCN2CCOCC2)cc1
CC(=O)OCC(CCn1cnc2cnc(N)nc21)COC(C)=O,0,0,0.03751246462451776,c1ncc2nc[nH]c2n1
Cc1ccc(=O)n(-c2ccccc2)c1,0,0,0.04162801712400139,O=c1ccccn1-c1ccccc1
O=C1c2ccccc2S(=O)(=O)N1CCCCN1CCN(c2ncccn2)CC1,0,0,0.05123984198571054,O=C1c2ccccc2S(=O)(=O)N1CCCCN1CCN(c2ncccn2)CC1
CC1(C)O[C@@H]2C[C@H]3[C@@H]4C[C@H](F)C5=CC(=O)C=C[C@]5(C)[C@H]4[C@@H](O)C[C@]3(C)[C@]2(C(=O)CO)O1,0,0,0.08957964262718525,O=C1C=CC2C(=C1)CCC1C2CCC2C1CC1OCOC12
CC1(C)O[C@@H]2C[C@H]3[C@@H]4CCC5=CC(=O)C=C[C@]5(C)[C@H]4[C@@H](O)C[C@]3(C)[C@]2(C(=O)CO)O1,1,0,0.10854496625247036,O=C1C=CC2C(=C1)CCC1C2CCC2C1CC1OCOC12
CC1(C)O[C@@H]2C[C@H]3[C@@H]4C[C@H](F)C5=CC(=O)C=C[C@]5(C)[C@@]4(F)[C@@H](O)C[C@]3(C)[C@]2(C(=O)CO)O1,0,0,0.07390293275856823,O=C1C=CC2C(=C1)CCC1C2CCC2C1CC1OCOC12
CCCC1O[C@@H]2C[C@H]3[C@@H]4CCC5=CC(=O)C=C[C@]5(C)[C@H]4[C@@H](O)C[C@]3(C)[C@]2(C(=O)CO)O1,0,0,0.1089173985404518,O=C1C=CC2C(=C1)CCC1C2CCC2C1CC1OCOC12
CC(=O)OCC(=O)[C@@]12OC(C)(C)O[C@@H]1C[C@H]1[C@@H]3C[C@H](F)C4=CC(=O)C=C[C@]4(C)[C@@]3(F)[C@@H](O)C[C@@]12C,0,0,0.07105453707105826,O=C1C=CC2C(=C1)CCC1C2CCC2C1CC1OCOC12
CNCC[C@@H](Oc1cccc2ccccc12)c1cccs1,0,0,0.08113871165105946,c1csc(COc2cccc3ccccc23)c1
O=C(NCNC(=O)NC1C(=O)NC(=O)N1CO)NC1C(=O)NC(=O)N1CO,0,0,0.01864540550352441,O=C(NCNC(=O)NC1NC(=O)NC1=O)NC1NC(=O)NC1=O
Cc1cnc(NC(=O)C2=C(O)c3ccccc3S(=O)(=O)N2C)s1,0,0,0.06601265231456861,O=C(Nc1nccs1)C1=Cc2ccccc2S(=O)(=O)N1
CC1CC(OC(=O)C(O)c2ccccc2)CC(C)(C)C1,0,0,0.06515061659770004,O=C(Cc1ccccc1)OC1CCCCC1
CN1CCc2cccc3c2[C@H]1Cc1ccc(O)c(O)c1-3,0,0,0.09634091512744745,c1ccc2c(c1)CC1NCCc3cccc-2c31
CN1C(=O)CC(c2ccccc2)C1=O,0,0,0.03362671465255666,O=C1CC(c2ccccc2)C(=O)N1
CNc1ncnc2c1ncn2[C@@H]1O[C@H](CO)[C@@H](O)[C@H]1O,0,0,0.028328358179219398,c1ncc2ncn(C3CCCO3)c2n1
Nc1ncnc2c1ncn2[C@@H]1O[C@H](COP(=O)(O)O)[C@@H](O)[C@H]1O,0,0,0.018202244542960058,c1ncc2ncn(C3CCCO3)c2n1
Nc1ncnc2c1ncn2[C@@H]1O[C@H](CO)[C@@H](O)[C@@H]1O,0,0,0.027278802762786755,c1ncc2ncn(C3CCCO3)c2n1
Nc1nc(Cl)nc2c1ncn2[C@H]1C[C@H](O)[C@@H](CO)O1,0,0,0.028704780075606773,c1ncc2ncn(C3CCCO3)c2n1
Nc1nc(F)nc2c1ncn2[C@@H]1O[C@H](CO)[C@@H](O)[C@@H]1O,0,0,0.02345748482408086,c1ncc2ncn(C3CCCO3)c2n1
COc1nc(N)nc2c1ncn2[C@@H]1O[C@H](CO)[C@@H](O)[C@@H]1O,0,0,0.028902751827571713,c1ncc2ncn(C3CCCO3)c2n1
N=C(N)N1CCc2ccccc2C1,0,0,0.051921246239961756,c1ccc2c(c1)CCNC2
O=C1c2c(O)ccc(O)c2C(=O)c2c(NCCNCCO)ccc(NCCNCCO)c21,0,0,0.0557395926328037,O=C1c2ccccc2C(=O)c2ccccc21
CC(=O)Oc1cccc2c1C(=O)c1c(OC(C)=O)cc(C(=O)O)cc1C2=O,0,0,0.06124005280067352,O=C1c2ccccc2C(=O)c2ccccc21
NC(N)=Nc1nc(CSCCN=CNS(=O)(=O)c2ccc(Br)cc2)cs1,0,0,0.03527599260555219,O=S(=O)(NC=NCCSCc1cscn1)c1ccccc1
OC(CCN1CCCCC1)(c1ccccc1)C1CC2C=CC1C2,0,0,0.1181301453175096,C1=CC2CC1CC2C(CCN1CCCCC1)c1ccccc1
CN(C)CCc1c[nH]c2ccc(Cn3cncn3)cc12,0,0,0.041589922083983384,c1ncn(Cc2ccc3[nH]ccc3c2)n1
CN1CCN(c2c(F)cc3c(=O)c(C(=O)O)cn4c3c2SCC4)CC1,0,0,0.07714559161257488,O=c1ccn2c3c(c(N4CCNCC4)ccc13)SCC2
C=C(NC(=O)C(=C)NC(=O)c1csc(C2=NC3c4csc(n4)C4NC(=O)c5csc(n5)C(C(C)(O)C(C)O)NC(=O)C5CSC(=N5)/C(=C\C)NC(=O)C(C(C)O)NC(=O)c5csc(n5)C3(CC2)NC(=O)C(C)NC(=O)C(=C)NC(=O)C(C)NC(=O)C(C(C)CC)NC2C=Cc3c(C(C)O)cc(nc3C2O)C(=O)OC4C)n1)C(N)=O,0,0,0.0031090365688624944,C=C1NC(=O)CNC(=O)CNC2C=Cc3ccc(nc3C2)C(=O)OCC2NC(=O)c3csc(n3)CNC(=O)C3CSC(=N3)C(=C)NC(=O)CNC(=O)c3csc(n3)C3(CCC(c4nccs4)=NC3c3csc2n3)NC(=O)CNC1=O
CCC1(C2=NCCN2)Cc2ccccc2O1,0,0,0.07400325720157373,c1ccc2c(c1)CC(C1=NCCN1)O2
CC(=O)N[C@@H](CC(=O)O)C(=O)N[C@@H](CCC(=O)O)C(=O)O,0,0,0.06050741957594203,
O=P([O-])(O)C(Cl)(Cl)P(=O)([O-])O,0,0,0.07858688825065124,
CCCCC(CC)CN=C(N)NC(N)=NCCCCCCN=C(N)NC(N)=NCC(CC)CCCC,0,0,0.043979342535400846,
CN(C)CCCSC(=N)N,1,0,0.07063917791590602,
CC(=O)N[C@@H](CCC(N)=O)C(=O)O,0,0,0.03562448804409542,
C=CC(N)CCC(=O)O,0,0,0.05941706550724533,
N[C@@H](CCC(=O)N[C@@H](CSSC[C@H](NC(=O)CC[C@H](N)C(=O)O)C(=O)NCC(=O)O)C(=O)NCC(=O)O)C(=O)O,1,0,0.1721335920378072,
CNC[C@H](O)[C@@H](O)[C@H](O)[C@H](O)CO,0,0,0.039791356693609156,
N[C@@H](CSCCCO)C(=O)O,0,0,0.043589323251216346,
O=S(=O)([O-])CCS,0,0,0.04294650467767255,
CC(=O)OC(C)C[N+](C)(C)C,0,0,0.0452144462401931,
NCCCC(O)(P(=O)([O-])O)P(=O)(O)O,0,0,0.10477937777866173,
NCCCNCCSP(=O)(O)O,0,0,0.0161034386730014,
C[N+](C)(C)CCCCCCCCCC[N+](C)(C)C,0,0,0.05043267065255682,
CC(=O)N[C@@H](CS)C(=O)O,0,0,0.034698855099181,
CC(C)(CO)[C@@H](O)C(=O)NCCCC(=O)[O-],0,0,0.05399604778152946,
CCCCCN(C)CCC(O)(P(=O)([O-])O)P(=O)(O)O,0,0,0.12733443116209595,
CN(C)C(=N)N=C(N)N,0,0,0.05396945889368951,
CC(C)C[C@H](CN)CC(=O)O,0,0,0.05800216573906813,
CC(=O)N(O)CCCCCNC(=O)CCC(=O)N(O)CCCCCNC(=O)CCC(=O)N(O)CCCCCN,0,0,0.0339807961885234,
CC(C[N+](C)(C)C)OC(N)=O,0,0,0.03713909620847824,
CCCC(C)(COC(N)=O)COC(=O)NC(C)C,0,0,0.03884137629369625,
CC(C)(CO)[C@@H](O)C(=O)NCCC(=O)NCCSSCCNC(=O)CCNC(=O)[C@H](O)C(C)(C)CO,0,0,0.07501892146841112,
CC(=O)N[C@@H](CC(C)C)C(=O)O,0,0,0.05068731839959845,
CS(=O)(=O)OCCCCOS(C)(=O)=O,0,0,0.03102099873564746,
CCCC(CCC)C(=O)O,0,0,0.06150999570414288,
N[C@@H](CCC(=O)N[C@@H](CS)C(=O)NCC(=O)O)C(=O)O,0,0,0.03589287788272012,
NCCNCCNCCNCCN,0,0,0.04332235596579484,
C[N+](C)(C)CCOC(N)=O,0,0,0.03742627554609741,
CC(C)CC(=O)N[C@H](C(=O)N[C@H](C(=O)N[C@@H](CC(C)C)[C@@H](O)CC(=O)N[C@@H](C)C(=O)N[C@@H](CC(C)C)[C@@H](O)CC(=O)O)C(C)C)C(C)C,0,0,0.05191715496171406,
O=C(O)CN(CCN(CC(=O)O)CC(=O)O)CCN(CC(=O)O)CC(=O)O,0,0,0.09051299988513731,
CCN(CC)C(=S)SSC(=S)N(CC)CC,0,0,0.07677074103724596,
CNC(C)CCC=C(C)C,0,0,0.07037658886182749,
NCCCCCC(=O)O,0,0,0.05821221111540652,
CCCCN=C(N)N=C(N)N,0,0,0.04996550988333085,
C[N+](C)(C)C[C@H](O)CC(=O)[O-],0,0,0.05400745368978546,
CC(N)CCCC(C)(C)O,0,0,0.07438442202764917,
C[N+](C)(C)CCCCCC[N+](C)(C)C,0,0,0.044019841786382616,
CC(=O)NCCCS(=O)(=O)[O-],0,0,0.049477617940396346,
CC[C@@H](CO)NCCN[C@@H](CC)CO,0,0,0.049478790272782354,
Cc1nc2ccc(CN(C)c3ccc(C(=O)N[C@@H](CCC(=O)O)C(=O)O)s3)cc2c(=O)[nH]1,0,0,0.02639061099476608,O=c1[nH]cnc2ccc(CNc3cccs3)cc12
CN(c1nccc(=O)[nH]1)C1CCN(c2nc3ccccc3n2Cc2ccc(F)cc2)CC1,0,0,0.05720272149645439,O=c1ccnc(NC2CCN(c3nc4ccccc4n3Cc3ccccc3)CC2)[nH]1
Cn1c(=O)c2c(ncn2CC(O)CO)n(C)c1=O,0,0,0.018031381923975118,O=c1[nH]c(=O)c2[nH]cnc2[nH]1
Cn1c(=O)c2c(ncn2CCO)n(C)c1=O,0,0,0.01839788372473088,O=c1[nH]c(=O)c2[nH]cnc2[nH]1
Cn1c(=O)c2c(ncn2CC(=O)O)n(C)c1=O,0,0,0.020930225486017334,O=c1[nH]c(=O)c2[nH]cnc2[nH]1
CC(=O)CCCCn1c(=O)c2c(ncn2C)n(C)c1=O,0,0,0.02253840788820808,O=c1[nH]c(=O)c2[nH]cnc2[nH]1
Cn1cnc2c1c(=O)[nH]c(=O)n2C,0,0,0.017990558000050737,O=c1[nH]c(=O)c2[nH]cnc2[nH]1
Cn1c(=O)c2c(ncn2C)n(C)c1=O,0,0,0.01799205884018649,O=c1[nH]c(=O)c2[nH]cnc2[nH]1
CC(C)Oc1ccc2c(=O)c(-c3ccccc3)coc2c1,0,0,0.05899466907515169,O=c1c(-c2ccccc2)coc2ccccc12
CC1(C)O[C@@H]2[C@@H](CO[C@@]3(COS(N)(=O)=O)OC(C)(C)O[C@@H]23)O1,0,0,0.02392151098343787,C1OC2COC3OCOC3C2O1
Cc1ccc2c([nH]c(=O)c3c(=O)cc(C(=O)OCCC(C)C)oc32)c1C,0,0,0.029800617019599376,O=c1ccoc2c1c(=O)[nH]c1ccccc12
CC(=O)[C@@]12O[C@](C)(c3ccccc3)O[C@@H]1C[C@H]1[C@@H]3CCC4=CC(=O)CC[C@]4(C)[C@H]3CC[C@@]12C,0,0,0.10083169530232448,O=C1C=C2CCC3C(CCC4C3CC3OC(c5ccccc5)OC34)C2CC1
Cc1noc(NS(=O)(=O)c2ccc(N)cc2)c1C,0,0,0.033625350743385615,O=S(=O)(Nc1ccno1)c1ccccc1
CC(C)CN(C[C@@H](O)[C@H](Cc1ccccc1)NC(=O)O[C@H]1CO[C@H]2OCC[C@H]21)S(=O)(=O)c1ccc(N)cc1,1,0,0.0673266578431503,O=C(NC(CCNS(=O)(=O)c1ccccc1)Cc1ccccc1)OC1COC2OCCC12
N=c1nc(N2CCCCC2)cc(N)n1O,0,0,0.03526355145315555,N=c1nc(N2CCCCC2)cc[nH]1
O=C1C(CCS(=O)c2ccccc2)C(=O)N(c2ccccc2)N1c1ccccc1,0,0,0.03846680797851347,O=C1C(CCS(=O)c2ccccc2)C(=O)N(c2ccccc2)N1c1ccccc1
C=CC[C@@H]1/C=C(\C)C[C@H](C)C[C@H](OC)[C@H]2O[C@@](O)(C(=O)C(=O)N3CCCC[C@H]3C(=O)O[C@H](/C(C)=C/[C@@H]3CC[C@@H](O)[C@H](OC)C3)[C@H](C)[C@@H](O)CC1=O)[C@H](C)C[C@@H]2OC,0,0,0.048018622932309615,O=C1CC=CCCCCC2CCCC(O2)C(=O)C(=O)N2CCCCC2C(=O)OC(C=CC2CCCCC2)CCC1
O=C(CCCN1CCC(n2c(=O)[nH]c3ccccc32)CC1)c1ccc(F)cc1,0,0,0.07538324328014236,O=C(CCCN1CCC(n2c(=O)[nH]c3ccccc32)CC1)c1ccccc1
C=CCOC(Cn1ccnc1)c1ccc(Cl)cc1Cl,0,0,0.05539108349978139,c1ccc(CCn2ccnc2)cc1
CC(C(O)c1ccc(O)cc1)N1CCC(Cc2ccccc2)CC1,1,0,0.10686967907080544,c1ccc(CCN2CCC(Cc3ccccc3)CC2)cc1
CO[C@@]12[C@H](COC(N)=O)C3=C(C(=O)C(C)=C(N)C3=O)N1C[C@@H]1N[C@@H]12,0,0,0.03468624908848321,O=C1C=CC(=O)C2=C1CC1C3NC3CN21
OC(CCN1CCCC1)(c1ccccc1)C1CCCCC1,0,0,0.09231576283533838,c1ccc(C(CCN2CCCC2)C2CCCCC2)cc1
OCC(CO)N[C@H]1C[C@](O)(CO)[C@@H](O)[C@H](O)[C@H]1O,0,0,0.03509609862683042,C1CCCCC1
NCC1(CC(=O)O)CCCCC1,0,0,0.06283054110407613,C1CCCCC1
NCC1CCC(C(=O)O)CC1,0,0,0.06372561648833484,C1CCCCC1
COc1cc(Cc2cnc(N)nc2N)cc(OC)c1OC,0,0,0.053014626572718104,c1ccc(Cc2cncnc2)cc1
C[N+]1(C)[C@@H]2CC[C@H]1CC(OC(=O)C(CO)c1ccccc1)C2,0,0,0.061701165895750525,O=C(Cc1ccccc1)OC1CC2CCC(C1)[NH2+]2
COc1c(-c2ccc3cc(NS(C)(=O)=O)ccc3c2)cc(-n2ccc(=O)[nH]c2=O)cc1C(C)(C)C,0,0,0.03089001821652469,O=c1ccn(-c2cccc(-c3ccc4ccccc4c3)c2)c(=O)[nH]1
S=c1nc[nH]c2nc[nH]c12,0,0,0.024188881857249125,S=c1nc[nH]c2nc[nH]c12
Nc1nc(=S)c2[nH]cnc2[nH]1,0,0,0.02273861527287269,S=c1nc[nH]c2nc[nH]c12
COc1cc2nc(N3CCN(C(=O)C4COc5ccccc5O4)CC3)nc(N)c2cc1OC,0,0,0.03325243848827351,O=C(C1COc2ccccc2O1)N1CCN(c2ncc3ccccc3n2)CC1
O=C(O)c1cc2ccccc2c(Cc2c(O)c(C(=O)O)cc3ccccc23)c1O,0,0,0.04658057102404166,c1ccc2c(Cc3cccc4ccccc34)cccc2c1
C[C@@H](O)[C@H]1C(=O)N2C(C(=O)O)=C(S[C@@H]3CN[C@H](CNS(N)(=O)=O)C3)[C@H](C)[C@H]12,0,0,0.01865160074477593,O=C1CC2CC(SC3CCNC3)=CN12
C[C@@H](O)[C@H]1C(=O)N2C(C(=O)O)=C(S[C@@H]3CN[C@H](C(=O)N(C)C)C3)[C@H](C)[C@H]12,0,0,0.02417325498013659,O=C1CC2CC(SC3CCNC3)=CN12
CC(=O)O[C@H]1C[C@H](O[C@H]2[C@@H](O)C[C@H](O[C@H]3[C@@H](O)C[C@H](O[C@H]4CC[C@@]5(C)[C@H](CC[C@@H]6[C@@H]5C[C@@H](O)[C@]5(C)[C@@H](C7=CC(=O)OC7)CC[C@]65O)C4)O[C@@H]3C)O[C@@H]2C)O[C@H](C)[C@H]1O[C@@H]1O[C@H](CO)[C@@H](O)[C@H](O)[C@H]1O,0,0,0.0300653514967852,O=C1C=C(C2CCC3C2CCC2C4CCC(OC5CCC(OC6CCC(OC7CCC(OC8CCCCO8)CO7)CO6)CO5)CC4CCC23)CO1
Cc1cc(/C=C/c2ccc3cc(N(C)C)ccc3[n+]2C)c(C)n1-c1ccccc1,0,0,0.03734464913694781,C(=Cc1ccc2ccccc2[nH+]1)c1ccn(-c2ccccc2)c1
CC1=C(C)C(=O)C(C(CCCCCC(=O)O)c2ccccc2)=C(C)C1=O,0,0,0.07960496900080141,O=C1C=CC(=O)C(Cc2ccccc2)=C1
CCC1NC(=O)c2cc(S(N)(=O)=O)c(Cl)cc2N1,0,0,0.04661528094369582,O=C1NCNc2ccccc21
Nc1nc(NC2CC2)c2ncn([C@H]3C=C[C@@H](CO)C3)c2n1,0,0,0.03944568019837036,C1=CC(n2cnc3c(NC4CC4)ncnc32)CC1
CCCC(CCC)C(=O)OC1C[C@H]2CC[C@@H](C1)[N+]2(C)C,0,0,0.06367302428618223,C1CC2CCC(C1)[NH2+]2
N#Cc1ccc(Oc2ccc3c(c2)COB3O)cc1,0,0,0.026839861395966357,B1OCc2cc(Oc3ccccc3)ccc21
Cc1c(O)c(=O)ccn1C,0,0,0.06466945923172955,O=c1cc[nH]cc1
Cc1[nH]c(C)c(Cl)c(=O)c1Cl,0,0,0.050432794572154965,O=c1cc[nH]cc1
Clc1ccc(Cn2c(CN3CCCC3)nc3ccccc32)cc1,1,0,0.0855888309466312,c1ccc(Cn2c(CN3CCCC3)nc3ccccc32)cc1
CC(C)c1c(C(=O)Nc2ccccc2)c(-c2ccccc2)c(-c2ccc(F)cc2)n1CC[C@@H](O)C[C@@H](O)CC(=O)O,0,0,0.030166910813068368,O=C(Nc1ccccc1)c1c[nH]c(-c2ccccc2)c1-c1ccccc1
CSc1ccc2c(c1)N(CCC1CCCCN1C)c1ccccc1S2,0,0,0.07712342081266285,c1ccc2c(c1)Sc1ccccc1N2CCC1CCCCN1
COC(=O)C1=C(C)NC(C)=C(C(=O)O[C@H]2CCN(Cc3ccccc3)C2)[C@H]1c1cccc([N+](=O)[O-])c1,0,0,0.027010949942356664,O=C(OC1CCN(Cc2ccccc2)C1)C1=CNC=CC1c1ccccc1
CC1(C(=O)[O-])CC[C@]2(C)CC[C@]3(C)C(=CC(=O)[C@@H]4[C@@]5(C)CC[C@H](OC(=O)CCC(=O)[O-])C(C)(C)C5CC[C@]43C)[C@@H]2C1,0,0,0.10369163685934149,O=C1C=C2C3CCCCC3CCC2C2CCC3CCCCC3C12
CC(C)(C)NC(=O)[C@@H]1C[C@@H]2CCCC[C@@H]2CN1C[C@@H](O)[C@H](Cc1ccccc1)NC(=O)[C@H](CC(N)=O)NC(=O)c1ccc2ccccc2n1,0,0,0.0506558427105774,O=C(CNC(=O)c1ccc2ccccc2n1)NC(CCN1CCC2CCCCC2C1)Cc1ccccc1
N=C(N)c1ccc2cc(OC(=O)c3ccc(N=C(N)N)cc3)ccc2c1,0,0,0.04337555834804476,O=C(Oc1ccc2ccccc2c1)c1ccccc1
CN(C)CCN(Cc1cccs1)c1ccccn1,0,0,0.06425975871455585,c1ccc(NCc2cccs2)nc1
Cc1c(NC(C)C)c(=O)n(-c2ccccc2)n1C,0,0,0.036304268838095406,O=c1cc[nH]n1-c1ccccc1
Cc1cc(=O)n(-c2ccccc2)n1C,0,0,0.029503542970880578,O=c1cc[nH]n1-c1ccccc1
Cc1c(N(C)C)c(=O)n(-c2ccccc2)n1C,0,0,0.02927782322994769,O=c1cc[nH]n1-c1ccccc1
Cc1c(N(C)CS(=O)(=O)[O-])c(=O)n(-c2ccccc2)n1C,0,0,0.0377598935553558,O=c1cc[nH]n1-c1ccccc1
Cc1c(N)c(=O)n(-c2ccccc2)n1C,0,0,0.030782115746651247,O=c1cc[nH]n1-c1ccccc1
Nc1ccc(S(=O)(=O)[N-]c2cnc3ccccc3n2)cc1,0,0,0.020360615985608736,O=S(=O)([N-]c1cnc2ccccc2n1)c1ccccc1
C=CC[N@@+]12CC[C@@]34c5ccccc5N5/C=C6/[C@H]7C[C@H]8[C@@]9(CC[N@@+]8(CC=C)C/C7=C/CO)c7ccccc7N(/C=C(/[C@@H](C[C@@H]31)/C(=C\CO)C2)[C@H]54)[C@@H]69,0,0,0.010635880231685593,C=C1C[NH+]2CCC34c5ccccc5N5C=C6C7CC8[NH+](CCC89c8ccccc8N(C=C(C1CC23)C54)C69)CC7=C
C[C@]12CC[C@H](O)C[C@@H]1CC[C@@H]1[C@@H]2CC[C@]2(C)C(=O)CC[C@@H]12,1,0,0.14464897394865942,O=C1CCC2C1CCC1C3CCCCC3CCC21
COC1=C(OC)C(=O)C(CCCCCCCCCCO)=C(C)C1=O,0,0,0.06407453673633598,O=C1C=CC(=O)C=C1
CCOc1cc(CC(=O)N[C@@H](CC(C)C)c2ccccc2N2CCCCC2)ccc1C(=O)O,0,0,0.06131524214713465,O=C(Cc1ccccc1)NCc1ccccc1N1CCCCC1
O=C1[C@H]2CCCC[C@H]2C(=O)N1CCCCN1CCN(c2nsc3ccccc23)CC1,0,0,0.030367514073464514,O=C1C2CCCCC2C(=O)N1CCCCN1CCN(c2nsc3ccccc23)CC1
O=P1(N(CCCl)CCCl)NCCCO1,0,0,0.02786960573434836,O=[PH]1NCCCO1
CC(C(=O)[O-])c1cccc(Oc2ccccc2)c1,0,0,0.06789497633947932,c1ccc(Oc2ccccc2)cc1
CO[C@@]1(NC(=O)C2SC(=C(C(N)=O)C(=O)O)S2)C(=O)N2C(C(=O)O)=C(CSc3nnnn3C)CS[C@@H]21,0,0,0.033872479733873015,C=C1SC(C(=O)NC2C(=O)N3C=C(CSc4nnn[nH]4)CSC23)S1
C/C1=C2/N=C(/C=C3\N=C(/C(C)=C4\[N-][C@@](C)([C@@H]5N=C1[C@](C)(CCC(=O)NC[C@@H](C)OP(=O)([O-])O[C@H]1[C@@H](O)[C@@H](n6cnc7cc(C)c(C)cc76)O[C@@H]1CO)[C@H]5CC(N)=O)[C@@](C)(CC(N)=O)[C@@H]4CCC(N)=O)[C@@](C)(CC(N)=O)[C@@H]3CCC(N)=O)C(C)(C)[C@@H]2CCC(N)=O,0,0,0.009576352737944806,O=C(CCC1CC2N=C1C=C1CCC(=N1)C=C1CCC(=N1)C=C1CCC2[N-]1)NCCO[PH](=O)OC1COC(n2cnc3ccccc32)C1
CC[C@H](C)[C@H](NC(=O)[C@H](Cc1ccc(O)cc1)NC(=O)[C@@H](NC(=O)[C@H](CCCN=C(N)N)NC(=O)[C@@H](N)CC(=O)O)C(C)C)C(=O)N[C@@H](Cc1cnc[nH]1)C(=O)N1CCC[C@H]1C(=O)N[C@@H](Cc1ccccc1)C(=O)O,0,0,0.025864582288917574,O=C(CCc1ccccc1)NCC(=O)NC(Cc1cnc[nH]1)C(=O)N1CCCC1C(=O)NCCc1ccccc1
CC1(C)S[C@@H]2[C@H](NC(=O)C3(N)CCCCC3)C(=O)N2[C@H]1C(=O)O,0,0,0.047295738623811076,O=C(NC1C(=O)N2CCSC12)C1CCCCC1
CCCCC(CC)CN1CN(CC(CC)CCCC)CC(C)(N)C1,0,0,0.07108421355454836,C1CNCNC1
c1ccc2c(c1)OCC(C1=NCCN1)O2,1,0,0.07864219628167088,c1ccc2c(c1)OCC(C1=NCCN1)O2
CCN(CC)C(=O)N1CCN(C)CC1,0,0,0.04423282280814785,C1CNCCN1
COc1ccc2c(c1)[C@]13CCCC[C@@H]1[C@H](C2)N(C)CC3,0,0,0.11090009365430643,c1ccc2c(c1)CC1NCCC23CCCCC13
Cc1ccc(C(=O)C(C)CN2CCCCC2)cc1,1,0,0.09059985696137063,O=C(CCN1CCCCC1)c1ccccc1
CCCCOc1ccc(C(=O)CCN2CCCCC2)cc1,1,0,0.10822133077201501,O=C(CCN1CCCCC1)c1ccccc1
CCc1ccc(C(=O)C(C)CN2CCCCC2)cc1,1,0,0.09398345093537237,O=C(CCN1CCCCC1)c1ccccc1
Cc1ccsc1C(=CCCN1CCC[C@@H](C(=O)O)C1)c1sccc1C,0,0,0.05995826191105871,C(CCN1CCCCC1)=C(c1cccs1)c1cccs1
CN1CCCC(CC2c3ccccc3Sc3ccccc32)C1,0,0,0.06228730158996844,c1ccc2c(c1)Sc1ccccc1C2CC1CCCNC1
O=C(CCCN1CCC(O)(c2ccc(Cl)cc2)CC1)c1ccc(F)cc1,0,0,0.09007931623655009,O=C(CCCN1CCC(c2ccccc2)CC1)c1ccccc1
O=C(CCCN1CCC(O)(c2ccc(Br)cc2)CC1)c1ccc(F)cc1,0,0,0.09600300969592891,O=C(CCCN1CCC(c2ccccc2)CC1)c1ccccc1
Cc1ccc(/C(=C\CN2CCCC2)c2ccccn2)cc1,0,0,0.07359420313657915,C(CN1CCCC1)=C(c1ccccc1)c1ccccn1
CC(=O)O[C@H]1C[C@@H]2CC[C@@H]3[C@H](CC[C@@]4(C)[C@H]3C[C@H]([N+]3(C)CCCCC3)[C@@H]4OC(C)=O)[C@@]2(C)C[C@@H]1N1CCCCC1,0,0,0.07849145447942908,C1CCN(C2CCC3CCC4C5CC([NH+]6CCCCC6)CC5CCC4C3C2)CC1
CC1CS(=O)(=O)CCN1/N=C/c1ccc([N+](=O)[O-])o1,0,0,0.010839080219662307,O=S1(=O)CCN(N=Cc2ccco2)CC1
c1ccc(CN(CC2=NCCN2)c2ccccc2)cc1,0,0,0.06636881130200464,c1ccc(CN(CC2=NCCN2)c2ccccc2)cc1
O=C(CCNNC(=O)c1ccncc1)NCc1ccccc1,0,0,0.030826678763899353,O=C(CCNNC(=O)c1ccncc1)NCc1ccccc1
CCC(C)n1ncn(-c2ccc(N3CCN(c4ccc(OCC5COC(Cn6cncn6)(c6ccc(Cl)cc6Cl)O5)cc4)CC3)cc2)c1=O,0,0,0.022881245028625083,O=c1[nH]ncn1-c1ccc(N2CCN(c3ccc(OCC4COC(Cn5cncn5)(c5ccccc5)O4)cc3)CC2)cc1
O=C1CC[C@@H](C(=O)N2CSC[C@H]2C(=O)O)N1,0,0,0.03662718316907787,O=C1CCC(C(=O)N2CCSC2)N1
CCC1(c2cccc(O)c2)CCCCN(C)C1,1,0,0.09445155382346533,c1ccc(C2CCCCNC2)cc1
Cc1nc2n(c(=O)c1CCN1CCC(c3noc4cc(F)ccc34)CC1)CCCC2O,0,0,0.04416187273527,O=c1c(CCN2CCC(c3noc4ccccc34)CC2)cnc2n1CCCC2
Cc1nc2n(c(=O)c1CCN1CCC(c3noc4cc(F)ccc34)CC1)CCCC2,0,0,0.042984440163929556,O=c1c(CCN2CCC(c3noc4ccccc34)CC2)cnc2n1CCCC2
CC[N+]1(CC)CCC(=C(c2ccccc2)c2ccccc2)C1C,0,0,0.06256785496148841,c1ccc(C(=C2CC[NH2+]C2)c2ccccc2)cc1
O=c1[nH]cnc2[nH]ncc12,0,0,0.027165462712230658,O=c1[nH]cnc2[nH]ncc12
C[C@@H](NCCCc1cccc(C(F)(F)F)c1)c1cccc2ccccc12,0,0,0.04927317700200313,c1ccc(CCCNCc2cccc3ccccc23)cc1
CC1CCc2cc(F)cc3c(=O)c(C(=O)O)cn1c23,0,0,0.06374223648217786,O=c1ccn2c3c(cccc13)CCC2
CSc1nc2cc(Oc3cccc(Cl)c3Cl)c(Cl)cc2[nH]1,0,0,0.06368833052758281,c1ccc(Oc2ccc3[nH]cnc3c2)cc1
Cc1cccc(C)c1OCC(=O)N[C@@H](Cc1ccccc1)[C@@H](O)C[C@H](Cc1ccccc1)NC(=O)[C@H](C(C)C)N1CCCNC1=O,0,0,0.042485863528868094,O=C(COc1ccccc1)NC(CCC(Cc1ccccc1)NC(=O)CN1CCCNC1=O)Cc1ccccc1
CC(C(=O)O)c1ccc2c(c1)[nH]c1ccc(Cl)cc12,0,0,0.03821247565021602,c1ccc2c(c1)[nH]c1ccccc12
CC(C)NCC(O)COc1cccc2[nH]c3ccccc3c12,0,0,0.06264290193186328,c1ccc2c(c1)[nH]c1ccccc12
CC[C@H]1OC(=O)[C@H](C)[C@@H](O[C@H]2C[C@@](C)(OC)[C@@H](O)[C@H](C)O2)[C@H](C)[C@@H](O[C@@H]2O[C@H](C)C[C@H](N(C)C)[C@H]2O)[C@](C)(O)C[C@@H](C)/C(=N\OCOCCOC)[C@H](C)[C@@H](O)[C@]1(C)O,0,0,0.033393158389356206,N=C1CCCCOC(=O)CC(OC2CCCCO2)CC(OC2CCCCO2)CCC1
O=C1C(=O)c2ccccc2C(O)=C1C1CCC(c2ccc(Cl)cc2)CC1,0,0,0.12587753266948026,O=C1C(=O)c2ccccc2C=C1C1CCC(c2ccccc2)CC1
C=C1C[C@H]2[C@@H]3C=C(C)C4=CC(=O)CC[C@]4(C)[C@H]3CC[C@]2(C)[C@@]1(OC(C)=O)C(C)=O,0,0,0.09115244510063666,C=C1CC2CCC3C4CCC(=O)C=C4C=CC3C2C1
CC(C)NCC(O)COc1cccc2[nH]ccc12,0,0,0.05655736430734662,c1ccc2[nH]ccc2c1
CNS(=O)(=O)Cc1ccc2[nH]cc(CCN(C)C)c2c1,0,0,0.04380672379002411,c1ccc2[nH]ccc2c1
NCCc1c[nH]c2ccc(O)cc12,0,0,0.049120042562639334,c1ccc2[nH]ccc2c1
COc1ccc2[nH]cc(CCNC(C)=O)c2c1,0,0,0.038531218976229534,c1ccc2[nH]ccc2c1
CCCCCN=C(N)N/N=C/c1c[nH]c2ccc(OC)cc12,0,0,0.032391083417671704,c1ccc2[nH]ccc2c1
N[C@@H](Cc1c[nH]c2ccccc12)C(=O)O,0,0,0.03405313031543176,c1ccc2[nH]ccc2c1
COc1cc(S(C)=O)ccc1-c1nc2ncccc2[nH]1,0,0,0.0661496323337302,c1ccc(-c2nc3ncccc3[nH]2)cc1
CCOC(=O)[C@H](CCc1ccccc1)N[C@@H](C)C(=O)N1[C@H](C(=O)O)C[C@@H]2CCC[C@@H]21,0,0,0.04649881370994511,O=C(CNCCCc1ccccc1)N1CCC2CCCC21
CC(C(=O)O)c1ccc2c(c1)CC(=O)c1ccccc1S2,0,0,0.04696635086698545,O=C1Cc2ccccc2Sc2ccccc21
CN(C)c1ccc2nc3ccc(=[N+](C)C)cc-3sc2c1,0,0,0.030101867022448835,[N+]=c1ccc2nc3ccccc3sc-2c1
Cc1cc2nc3ccc(=[N+](C)C)cc-3sc2cc1N,0,0,0.03467387022874362,[N+]=c1ccc2nc3ccccc3sc-2c1
Cc1cc(-n2c(=O)[nH]c(=O)n(C)c2=O)ccc1Oc1ccc(SC(F)(F)F)cc1,0,0,0.022031666393920384,O=c1[nH]c(=O)n(-c2ccc(Oc3ccccc3)cc2)c(=O)[nH]1
CCCc1nc2c(C)cc(-c3nc4ccccc4n3C)cc2n1Cc1ccc(-c2ccccc2C(=O)O)cc1,0,0,0.03991226545767052,c1ccc(-c2ccc(Cn3cnc4ccc(-c5nc6ccccc6[nH]5)cc43)cc2)cc1
OC[C@H]1O[C@@H](c2ccc(Cl)c(Cc3ccc(O[C@H]4CCOC4)cc3)c2)[C@H](O)[C@@H](O)[C@@H]1O,0,0,0.045154208797681214,c1cc(Cc2ccc(OC3CCOC3)cc2)cc(C2CCCCO2)c1
COc1cc(-c2ccc(=O)[nH]n2)ccc1OC(F)F,0,0,0.022579292519408115,O=c1ccc(-c2ccccc2)n[nH]1
COc1cc(Nc2c(C#N)cnc3cc(OCCCN4CCN(C)CC4)c(OC)cc23)c(Cl)cc1Cl,0,0,0.04119046946593648,c1ccc(Nc2ccnc3cc(OCCCN4CCNCC4)ccc23)cc1
CC[C@]12CCCN3CCc4c(n(c5ccccc45)[C@@](O)(C(=O)OC)C1)[C@@H]32,0,0,0.05216900676727247,c1ccc2c(c1)c1c3n2CCC2CCCN(CC1)C32
NC(=O)c1cn(Cc2c(F)cccc2F)nn1,0,0,0.026251373680661917,c1ccc(Cn2ccnn2)cc1
CC(=O)Oc1ccccc1C(=O)Nc1ncc([N+](=O)[O-])s1,0,0,0.02943089707978988,O=C(Nc1nccs1)c1ccccc1
O=c1[nH]cnc2c1ncn2[C@H]1CC[C@@H](CO)O1,0,0,0.027161446853609578,O=c1[nH]cnc2c1ncn2C1CCCO1
O=c1[nH]cnc2c1ncn2[C@@H]1O[C@H](CO)[C@@H](O)[C@H]1O,0,0,0.024529303905327166,O=c1[nH]cnc2c1ncn2C1CCCO1
CC(CNC1CCCCC1)OC(=O)c1ccccc1,0,0,0.07426392274121822,O=C(OCCNC1CCCCC1)c1ccccc1
CCOc1ccc(Cc2nccc3cc(OCC)c(OCC)cc23)cc1OCC,0,0,0.04006806599033775,c1ccc(Cc2nccc3ccccc23)cc1
COc1ccc(Cc2nccc3cc(OC)c(OC)cc23)cc1OC,0,0,0.043700499504939164,c1ccc(Cc2nccc3ccccc23)cc1
CN(C)CCC(c1ccc(Br)cc1)c1ccccn1,0,0,0.08267747188634217,c1ccc(Cc2ccccn2)cc1
CN(C)CCOC(c1ccc(Cl)cc1)c1ccccn1,0,0,0.07163017117513568,c1ccc(Cc2ccccn2)cc1
CC(C)N(CCC(C(N)=O)(c1ccccc1)c1ccccn1)C(C)C,0,0,0.05938475289500925,c1ccc(Cc2ccccn2)cc1
CN(C)CCOC(C)(c1ccccc1)c1ccccn1,0,0,0.06974823775000072,c1ccc(Cc2ccccn2)cc1
CN(C)CCC(c1ccccc1)c1ccccn1,0,0,0.07108335263012662,c1ccc(Cc2ccccn2)cc1
CN(C)CCC(c1ccc(Cl)cc1)c1ccccn1,0,0,0.07237810754626402,c1ccc(Cc2ccccn2)cc1
CCN1CCN(Cc2ccc(Nc3ncc(F)c(-c4cc(F)c5nc(C)n(C(C)C)c5c4)n3)nc2)CC1,0,0,0.07258885163589635,c1cc(-c2ccc3nc[nH]c3c2)nc(Nc2ccc(CN3CCNCC3)cn2)n1
O=C(Cn1c(=O)sc2ccc(Cl)cc21)N1CCN(CCO)CC1,0,0,0.030808457080318898,O=C(Cn1c(=O)sc2ccccc21)N1CCNCC1
Cc1cc(C#N)cc(C)c1Oc1nc(Nc2ccc(C#N)cc2)nc(N)c1Br,0,0,0.04581853281373116,c1ccc(Nc2nccc(Oc3ccccc3)n2)cc1
C[C@@H]1CCC[C@H](C)N1NC(=O)c1ccc(Cl)c(S(N)(=O)=O)c1,0,0,0.03510048439009817,O=C(NN1CCCCC1)c1ccccc1
COC(=O)Nc1nc2ccc(C(=O)c3ccc(F)cc3)cc2[nH]1,0,0,0.06178087698500753,O=C(c1ccccc1)c1ccc2nc[nH]c2c1
COC(=O)Nc1nc2ccc(C(=O)c3ccccc3)cc2[nH]1,0,0,0.0615630681738598,O=C(c1ccccc1)c1ccc2nc[nH]c2c1
NC(N)=Nc1nc(CSCC/C(N)=N/S(N)(=O)=O)cs1,0,0,0.014544350613011686,c1cscn1
CN/C(=C\[N+](=O)[O-])NCCSCc1csc(CN(C)C)n1,0,0,0.03161731132540959,c1cscn1
C[C@]12CC[C@@H]3c4ccc(OC(=O)N(CCCl)CCCl)cc4CC[C@H]3[C@@H]1CC[C@@H]2O,0,0,0.046558876999120785,c1ccc2c(c1)CCC1C2CCC2CCCC21
C[C@]12CC[C@@H]3c4ccc(O)cc4CC[C@H]3[C@@H]1CC[C@@H]2O,0,0,0.11238269501612143,c1ccc2c(c1)CCC1C2CCC2CCCC21
C#C[C@]1(O)CC[C@H]2[C@@H]3CCc4cc(OC)ccc4[C@H]3CC[C@@]21C,0,0,0.07806667188088745,c1ccc2c(c1)CCC1C2CCC2CCCC21
CCCCC(=O)O[C@H]1CC[C@H]2[C@@H]3CCc4cc(O)ccc4[C@H]3CC[C@]12C,0,0,0.08856299273845854,c1ccc2c(c1)CCC1C2CCC2CCCC21
C#C[C@]1(O)CC[C@H]2[C@@H]3CCc4cc(O)ccc4[C@H]3CC[C@@]21C,0,0,0.08669949418204122,c1ccc2c(c1)CCC1C2CCC2CCCC21
C[C@]12CC[C@@H]3c4ccc(O)cc4C[C@@H](CCCCCCCCCS(=O)CCCC(F)(F)C(F)(F)F)[C@H]3[C@@H]1CC[C@@H]2O,0,0,0.05477132744435459,c1ccc2c(c1)CCC1C2CCC2CCCC21
C[C@]12CC[C@@H]3c4ccc(O)cc4CC[C@H]3[C@@H]1C[C@@H](O)[C@@H]2O,0,0,0.10015571573162718,c1ccc2c(c1)CCC1C2CCC2CCCC21
CCC(=O)OC(OP(=O)(CCCCc1ccccc1)CC(=O)N1C[C@H](C2CCCCC2)C[C@H]1C(=O)O)C(C)C,1,0,0.21607480578754587,O=C(C[PH](=O)CCCCc1ccccc1)N1CCC(C2CCCCC2)C1
c1ccc([C@H]2CN3CCSC3=N2)cc1,0,0,0.07245268437565201,c1ccc(C2CN3CCSC3=N2)cc1
c1ccc(C2CN3CCSC3=N2)cc1,0,0,0.07245268437565201,c1ccc(C2CN3CCSC3=N2)cc1
NS(=O)(=O)c1cc2c(cc1Cl)NC(C(Cl)Cl)NS2(=O)=O,0,0,0.029062245001639148,O=S1(=O)NCNc2ccccc21
NS(=O)(=O)c1cc2c(cc1C(F)(F)F)NCNS2(=O)=O,0,0,0.032646093810992746,O=S1(=O)NCNc2ccccc21
C=CCSCC1Nc2cc(Cl)c(S(N)(=O)=O)cc2S(=O)(=O)N1,0,0,0.03570834332130298,O=S1(=O)NCNc2ccccc21
NS(=O)(=O)c1cc2c(cc1Cl)NCNS2(=O)=O,0,0,0.038833485253316924,O=S1(=O)NCNc2ccccc21
CCC(C)CCCC(=O)N[C@@H](CCN)C(=O)N[C@H](C(=O)N[C@@H](CCN)C(=O)N[C@H]1CCNC(=O)[C@H]([C@@H](C)O)NC(=O)[C@H](CCN)NC(=O)[C@H](CCN)NC(=O)[C@H](CC(C)C)NC(=O)[C@@H](CC(C)C)NC(=O)[C@H](CCN)NC1=O)[C@@H](C)O,0,0,0.02046911545522519,O=C1CCCNC(=O)CNC(=O)CNC(=O)CNC(=O)CNC(=O)CNC(=O)CN1
NC[C@@H]1O[C@H](O[C@H]2[C@@H](O)[C@H](O[C@@H]3[C@@H](O)[C@H](N)C[C@H](N)[C@H]3O[C@H]3O[C@H](CO)[C@@H](O)[C@H](O)[C@H]3N)O[C@@H]2CO)[C@H](N)[C@@H](O)[C@@H]1O,0,0,0.031172372949542934,C1CCC(OC2COC(OC3CCCCC3OC3CCCCO3)C2)OC1
NC[C@@H]1O[C@H](O[C@H]2[C@@H](O)[C@H](O[C@@H]3[C@@H](O)[C@H](N)C[C@H](N)[C@H]3O[C@H]3O[C@H](CN)[C@@H](O)[C@H](O)[C@H]3N)O[C@@H]2CO)[C@H](N)[C@@H](O)[C@@H]1O,0,0,0.03179649193073834,C1CCC(OC2COC(OC3CCCCC3OC3CCCCO3)C2)OC1
O=C(c1ccc(F)cc1)C1CCN(CCn2c(=O)[nH]c3ccccc3c2=O)CC1,0,0,0.03079032564947102,O=C(c1ccccc1)C1CCN(CCn2c(=O)[nH]c3ccccc3c2=O)CC1
COc1cccc(OC)c1C(=O)N[C@@H]1C(=O)N2[C@@H]1SC(C)(C)[C@@H]2C(=O)[O-],0,0,0.048168571937577453,O=C(NC1C(=O)N2CCSC12)c1ccccc1
CN1C(C(=O)Nc2ccccn2)=C(O)c2sccc2S1(=O)=O,0,0,0.06800074918691211,O=C(Nc1ccccn1)C1=Cc2sccc2S(=O)(=O)N1
Cc1cc(-c2ccccc2)nnc1NCCN1CCOCC1,0,0,0.043916031618728396,c1ccc(-c2ccc(NCCN3CCOCC3)nn2)cc1
CCOC(=O)[C@H](CCc1ccccc1)N[C@@H](C)C(=O)N1C(=O)N(C)C[C@H]1C(=O)O,0,0,0.028093946967916884,O=C(CNCCCc1ccccc1)N1CCNC1=O
C=C1CC[C@H](O)C/C1=C/C=C1\CCC[C@]2(C)[C@@H]([C@H](C)CCCC(C)C)CC[C@@H]12,0,0,0.102841415289318,C=C1CCCCC1=CC=C1CCCC2CCCC12
C=C1/C(=C\C=C2/CCC[C@]3(C)[C@@H]([C@H](C)CCCC(C)C)CC[C@@H]23)C[C@@H](O)C[C@@H]1O,0,0,0.09598725139189158,C=C1CCCCC1=CC=C1CCCC2CCCC12
NC(=O)N1c2ccccc2CC(=O)c2ccccc21,0,0,0.04661582926193308,O=C1Cc2ccccc2Nc2ccccc21
CC1(C)S[C@@H]2[C@H](NC(=O)[C@H](N)c3ccccc3)C(=O)N2[C@H]1C(=O)OC1OC(=O)c2ccccc21,0,0,0.034838983372098405,O=C(Cc1ccccc1)NC1C(=O)N2C(C(=O)OC3OC(=O)c4ccccc43)CSC12
CCOc1ccccc1OCC1CNCCO1,0,0,0.06462335671074136,c1ccc(OCC2CNCCO2)cc1
CC[C@@H]1C(=O)OC[C@@H]1Cc1cncn1C,0,0,0.05102231122474254,O=C1CC(Cc2cnc[nH]2)CO1
O=C1CC[C@@]2(O)[C@H]3Cc4ccc(O)c5c4[C@@]2(CCN3CC2CC2)[C@H]1O5,0,0,0.12391244415015888,O=C1CCC2C3Cc4cccc5c4C2(CCN3CC2CC2)C1O5
OCc1cc(C(O)CNCCCCCCOCCCCc2ccccc2)ccc1O,0,0,0.08856110505910589,c1ccc(CCCCOCCCCCCNCCc2ccccc2)cc1
CC(C)c1cc2c(cc1S(=O)(=O)[O-])[C@@]1(C)CCC[C@@](C)(C(=O)O)[C@@H]1CC2,0,0,0.06105614959169878,c1ccc2c(c1)CCC1CCCCC21
CCC(=O)O[C@@](Cc1ccccc1)(c1ccccc1)[C@@H](C)CN(C)C,0,0,0.07218509322086474,c1ccc(CCc2ccccc2)cc1
CCN(CC)CCOC(=O)C1(c2ccc([N+](=O)[O-])cc2)CCCC1,0,0,0.054768194763811624,c1ccc(C2CCCC2)cc1
CCN(CC)CCOCCOC(=O)C1(c2ccccc2)CCCC1,0,0,0.08150749955333714,c1ccc(C2CCCC2)cc1
Nc1nnc(-c2cccc(Cl)c2Cl)c(N)n1,0,0,0.02698616229939011,c1ccc(-c2cncnn2)cc1
CN(C)CC/C=C1\c2ccccc2CSc2ccccc21,0,0,0.0850349058740878,C=C1c2ccccc2CSc2ccccc21
CC[C@@]1(O)C(=O)OCc2c1cc1n(c2=O)Cc2cc3c(CN(C)C)c(O)ccc3nc2-1,0,0,0.07030766222210386,O=C1Cc2cc3n(c(=O)c2CO1)Cc1cc2ccccc2nc1-3
NC(=O)c1ncn([C@@H]2O[C@H](CO)[C@@H](O)[C@H]2O)n1,0,0,0.02438567806161435,c1ncn(C2CCCO2)n1
CC(/C=C1\SC(=S)N(CC(=O)O)C1=O)=C\c1ccccc1,0,0,0.029284279736035205,O=C1NC(=S)SC1=CC=Cc1ccccc1
O=C(c1ccc(OCCN2CCCCC2)cc1)c1c(-c2ccc(O)cc2)sc2cc(O)ccc12,0,0,0.06712996454292322,O=C(c1ccc(OCCN2CCCCC2)cc1)c1c(-c2ccccc2)sc2ccccc12
CC1(C)NC(=O)N(c2ccc([N+](=O)[O-])c(C(F)(F)F)c2)C1=O,0,0,0.026363665151577412,O=C1CNC(=O)N1c1ccccc1
C#Cc1cccc(Nc2ncnc3cc(OCCOC)c(OCCOC)cc23)c1,0,0,0.033422477460352935,c1ccc(Nc2ncnc3ccccc23)cc1
CCCc1nn(C)c2c(=O)[nH]c(-c3cc(S(=O)(=O)N4CCN(C)CC4)ccc3OCC)nc12,0,0,0.03635590011186633,O=c1[nH]c(-c2cccc(S(=O)(=O)N3CCNCC3)c2)nc2cn[nH]c12
CC1CNc2c(cccc2S(=O)(=O)N[C@@H](CCCN=C(N)N)C(=O)N2CC[C@@H](C)C[C@@H]2C(=O)O)C1,0,0,0.02874692948966279,O=C(CNS(=O)(=O)c1cccc2c1NCCC2)N1CCCCC1
NC(=O)c1cnccn1,0,0,0.0233589804687567,c1cnccn1
NC(N)=NC(=O)c1nc(Cl)c(N)nc1N,0,0,0.01377954046001546,c1cnccn1
CCn1cc(C(=O)O)c(=O)c2cc3c(cc21)OCO3,0,0,0.05735979313204486,O=c1cc[nH]c2cc3c(cc12)OCO3
C[n+]1ccccc1/C=N/O,0,0,0.03288484909924739,c1cc[nH+]cc1
CN(C)C(=O)Oc1ccc[n+](C)c1,0,0,0.03759435812205255,c1cc[nH+]cc1
CC[C@H](NC(C)C)[C@H](O)c1ccc(O)c2[nH]c(=O)ccc12,0,0,0.055460725570626854,O=c1ccc2ccccc2[nH]1
CC(C)(C#N)c1cc(Cn2cncn2)cc(C(C)(C)C#N)c1,0,0,0.03221282565693717,c1ccc(Cn2cncn2)cc1
CCO/C([O-])=N/c1c[n+](N2CCOCC2)no1,0,0,0.019295547243422133,c1c[n+](N2CCOCC2)no1
CCCC(=O)N1CCCN(c2nc(N)c3cc(OC)c(OC)cc3n2)CC1,0,0,0.043330182718980925,c1ccc2nc(N3CCCNCC3)ncc2c1
CCC1(C)CC(=O)NC(=O)C1,0,0,0.04963249259101236,O=C1CCCC(=O)N1
C=C[C@H]1CN2CC[C@H]1C[C@H]2[C@H](OC(=O)OCC)c1ccnc2ccc(OC)cc12,0,0,0.12222019698694556,c1ccc2c(CC3CC4CCN3CC4)ccnc2c1
C=C[C@H]1CN2CC[C@H]1C[C@@H]2[C@@H](O)c1ccnc2ccc(OC)cc12,1,0,0.1284174517208516,c1ccc2c(CC3CC4CCN3CC4)ccnc2c1
COc1cc(C(=O)NS(=O)(=O)c2ccccc2C)ccc1Cc1cn(C)c2ccc(NC(=O)OC3CCCC3)cc12,0,0,0.033620580003641334,O=C(Nc1ccc2[nH]cc(Cc3ccc(C(=O)NS(=O)(=O)c4ccccc4)cc3)c2c1)OC1CCCC1
CC(=O)N(CC(O)CN(C(C)=O)c1c(I)c(C(=O)NCC(O)CO)c(I)c(C(=O)NCC(O)CO)c1I)c1c(I)c(C(=O)NCC(O)CO)c(I)c(C(=O)NCC(O)CO)c1I,0,0,0.013802160622270666,c1ccc(NCCCNc2ccccc2)cc1
COc1cc(-c2ccc(N=Nc3ccc4c(S(=O)(=O)[O-])cc(S(=O)(=O)[O-])c(N)c4c3O)c(OC)c2)ccc1N=Nc1ccc2c(S(=O)(=O)[O-])cc(S(=O)(=O)[O-])c(N)c2c1O,0,0,0.01470044991273355,c1ccc2cc(N=Nc3ccc(-c4ccc(N=Nc5ccc6ccccc6c5)cc4)cc3)ccc2c1
C#C[C@]1(O)CC[C@H]2[C@@H]3CCC4=Cc5oncc5C[C@]4(C)[C@H]3CC[C@@]21C,0,0,0.05612209384376006,C1=C2CCC3C4CCCC4CCC3C2Cc2cnoc21
COc1cc(C(=O)NC2CCCNC2)cc(OC)c1OC,0,0,0.07413876400307116,O=C(NC1CCCNC1)c1ccccc1
CC(Cc1ccc(O)cc1)NCC(O)c1cc(O)cc(O)c1,0,0,0.1054257839629956,c1ccc(CCNCCc2ccccc2)cc1
C[C@H](NCCc1ccc(O)cc1)[C@H](O)c1ccc(O)cc1,0,0,0.09044183488314676,c1ccc(CCNCCc2ccccc2)cc1
OCCN1CCN(CC/C=C2/c3ccccc3Sc3ccc(C(F)(F)F)cc32)CC1,0,0,0.034742306034724044,C(CCN1CCNCC1)=C1c2ccccc2Sc2ccccc21
OCCN1CCN(CC/C=C2/c3ccccc3Sc3ccc(Cl)cc32)CC1,0,0,0.05031539661098549,C(CCN1CCNCC1)=C1c2ccccc2Sc2ccccc21
CCCOc1ccccc1-c1nc2n[nH]nc2c(=O)[nH]1,0,0,0.03471081265120431,O=c1[nH]c(-c2ccccc2)nc2n[nH]nc12
C1N2CN3CN1CN(C2)C3,0,0,0.04186011214892577,C1N2CN3CN1CN(C2)C3
CC(C)[N+](C)(CCC(C(N)=O)(c1ccccc1)c1ccccc1)C(C)C,0,0,0.040722360684294724,c1ccc(Cc2ccccc2)cc1
Cc1ccccc1C(OCCN(C)C)c1ccccc1,0,0,0.07234714273111982,c1ccc(Cc2ccccc2)cc1
NC(=O)CS(=O)C(c1ccccc1)c1ccccc1,0,0,0.04484963482069846,c1ccc(Cc2ccccc2)cc1
Oc1ccc(Cl)cc1Cc1cc(Cl)ccc1O,0,0,0.06634476400907476,c1ccc(Cc2ccccc2)cc1
Oc1c(Cl)cc(Cl)c(Cl)c1Cc1c(O)c(Cl)cc(Cl)c1Cl,0,0,0.05772527637512551,c1ccc(Cc2ccccc2)cc1
Clc1ccc(C(c2ccccc2Cl)C(Cl)Cl)cc1,0,0,0.03461923403882876,c1ccc(Cc2ccccc2)cc1
Cc1ccc(O)c([C@H](CCN(C(C)C)C(C)C)c2ccccc2)c1,1,0,0.10223050696098114,c1ccc(Cc2ccccc2)cc1
CC(C)(C)CC(C)(C)c1ccc(O)c(Cc2ccc(Cl)cc2Cl)c1,0,0,0.06702743062328168,c1ccc(Cc2ccccc2)cc1
CCN(CC)CCOC(=O)C(O)(c1ccccc1)c1ccccc1,0,0,0.07129693676121884,c1ccc(Cc2ccccc2)cc1
CCN(CC)CCOC(=O)C(c1ccccc1)c1ccccc1,0,0,0.07199630916462119,c1ccc(Cc2ccccc2)cc1
C#C[C@]1(OC(C)=O)CC[C@H]2[C@@H]3CCC4=C/C(=N/O)CC[C@@H]4[C@H]3CC[C@@]21CC,0,0,0.04322535994460509,N=C1C=C2CCC3C4CCCC4CCC3C2CC1
COC(=O)C1=C(C)NC(C)=C(C(=O)OCCN2CCN(C(c3ccccc3)c3ccccc3)CC2)C1c1cccc([N+](=O)[O-])c1,0,0,0.025308905703555654,O=C(OCCN1CCN(C(c2ccccc2)c2ccccc2)CC1)C1=CNC=CC1c1ccccc1
CCCCNc1c(C(=O)OCC)c(C)nc2c1cnn2CC,0,0,0.053233286767632726,c1cnc2[nH]ncc2c1
COc1ccc(C(Cl)=C(c2ccc(OC)cc2)c2ccc(OC)cc2)cc1,0,0,0.05386822328763427,C(=C(c1ccccc1)c1ccccc1)c1ccccc1
CN(C)CCOc1ccc(/C(=C(/CCCl)c2ccccc2)c2ccccc2)cc1,0,0,0.06106893716589792,C(=C(c1ccccc1)c1ccccc1)c1ccccc1
CC/C(=C(\c1ccccc1)c1ccc(OCCN(C)C)cc1)c1ccccc1,0,0,0.07596518170119868,C(=C(c1ccccc1)c1ccccc1)c1ccccc1
CC[C@@]1([C@@H]2O[C@@H]([C@H]3O[C@@](O)(CO)[C@H](C)C[C@@H]3C)C[C@@H]2C)CC[C@H]([C@]2(C)CC[C@]3(C[C@H](O)[C@@H](C)[C@@H]([C@@H](C)[C@@H](OC)[C@H](C)C(=O)[O-])O3)O2)O1,0,0,0.05975348760501382,C1CCC(C2CCC(C3CCC(C4CCC5(CCCCO5)O4)O3)O2)OC1
CC(C)(C)NCC(O)COc1cccc2c1C[C@H](O)[C@H](O)C2,0,0,0.08155697022001065,c1ccc2c(c1)CCCC2
Cc1ccc(-c2cc(C(F)(F)F)nn2-c2ccc(S(N)(=O)=O)cc2)cc1,0,0,0.025711159285158824,c1ccc(-c2ccnn2-c2ccccc2)cc1
CCOC(=O)c1c(N)sc2c1CCN(Cc1ccccc1)C2,0,0,0.06097931714904271,c1ccc(CN2CCc3ccsc3C2)cc1
CCN(CC)c1cc(C)nc2ncnn12,0,0,0.035276718309782656,c1cnc2ncnn2c1
CC1(C)S[C@@H]2[C@H](NC(=O)[C@H](NC(=O)N3CCNC3=O)c3ccccc3)C(=O)N2[C@H]1C(=O)[O-],0,0,0.023062011075600776,O=C(NC1C(=O)N2CCSC12)C(NC(=O)N1CCNC1=O)c1ccccc1
COc1cc2nc(N(C)CCCNC(=O)C3CCCO3)nc(N)c2cc1OC,0,0,0.04289777857839803,O=C(NCCCNc1ncc2ccccc2n1)C1CCCO1
CC(Cc1cccc(C(F)(F)F)c1)NCCOC(=O)c1ccccc1,0,0,0.053149141689692626,O=C(OCCNCCc1ccccc1)c1ccccc1
CCOC(=O)[C@H](CCc1ccccc1)N[C@@H](C)C(=O)N1[C@H](C(=O)O)C[C@H]2CCCC[C@@H]21,0,0,0.047107640234325385,O=C(CNCCCc1ccccc1)N1CCC2CCCCC21
CC[C@H]1OC(=O)[C@H](C)[C@@H](O[C@H]2C[C@@](C)(OC)[C@@H](O)[C@H](C)O2)[C@H](C)[C@@H](O[C@@H]2O[C@H](C)C[C@H](N(C)C)[C@H]2O)[C@](C)(OC)C[C@@H](C)C(=O)[C@H](C)[C@@H](O)[C@]1(C)O,0,0,0.05092285246941442,O=C1CCCCOC(=O)CC(OC2CCCCO2)CC(OC2CCCCO2)CCC1
CC[C@H]1OC(=O)[C@H](C)[C@@H](O[C@H]2C[C@@](C)(OC)[C@@H](O)[C@H](C)O2)[C@H](C)[C@@H](O[C@@H]2O[C@H](C)C[C@H](N(C)C)[C@H]2O)[C@](C)(O)C[C@@H](C)C(=O)[C@H](C)[C@@H](O)[C@]1(C)O,0,0,0.05626523421943208,O=C1CCCCOC(=O)CC(OC2CCCCO2)CC(OC2CCCCO2)CCC1
CC(=O)OCC1OC([S-])C(OC(C)=O)C(OC(C)=O)C1OC(C)=O,0,0,0.036345731196698455,C1CCOCC1
CN(N=O)C(=O)N[C@@H]1[C@@H](O)[C@H](O)[C@@H](CO)O[C@@H]1O,0,0,0.019628848212325037,C1CCOCC1
C[C@H](CS)C(=O)N1CCC[C@H]1C(=O)O,0,0,0.032410208407608825,C1CCNC1
CN(C)CCCN1c2ccccc2CCc2ccc(Cl)cc21,0,0,0.07437556188102738,c1ccc2c(c1)CCc1ccccc1N2
CNCCCN1c2ccccc2CCc2ccccc21,0,0,0.06746469275156254,c1ccc2c(c1)CCc1ccccc1N2
CC(CN(C)C)CN1c2ccccc2CCc2ccccc21,0,0,0.07710226099532308,c1ccc2c(c1)CCc1ccccc1N2
CN(C)CCCN1c2ccccc2CCc2ccccc21,0,0,0.07460345830025698,c1ccc2c(c1)CCc1ccccc1N2
O=C([O-])c1cc(=O)c2c(OCC(O)COc3cccc4oc(C(=O)[O-])cc(=O)c34)cccc2o1,0,0,0.038188391357415,O=c1ccoc2cccc(OCCCOc3cccc4occc(=O)c34)c12
CCN[C@H]1C[C@H](C)S(=O)(=O)c2sc(S(N)(=O)=O)cc21,0,0,0.03474871726017773,O=S1(=O)CCCc2ccsc21
Nc1nc(/C(=C/CC(=O)O)C(=O)N[C@@H]2C(=O)N3C(C(=O)O)=CCS[C@H]23)cs1,0,0,0.03191801151560189,C=C(C(=O)NC1C(=O)N2C=CCSC12)c1cscn1
CC/C=C(\C(=O)N[C@@H]1C(=O)N2C(C(=O)OCOC(=O)C(C)(C)C)=C(COC(N)=O)CS[C@H]12)c1csc(N)n1,0,0,0.03113264250439775,C=C(C(=O)NC1C(=O)N2C=CCSC12)c1cscn1
C/C=C/C[C@@H](C)[C@@H](O)[C@H]1C(=O)N[C@@H](CC)C(=O)N(C)CC(=O)N(C)[C@@H](CC(C)C)C(=O)N[C@@H](C(C)C)C(=O)N(C)[C@@H](CC(C)C)C(=O)N[C@@H](C)C(=O)N[C@H](C)C(=O)N(C)[C@@H](CC(C)C)C(=O)N(C)[C@@H](CC(C)C)C(=O)N(C)[C@@H](C(C)C)C(=O)N1C,0,0,0.03745011284782481,O=C1CNC(=O)CNC(=O)CNC(=O)CNC(=O)CNC(=O)CNC(=O)CNC(=O)CNC(=O)CNC(=O)CNC(=O)CN1
CCN(CC)CCOC(=O)C(Cc1cccc2ccccc12)CC1CCCO1,0,0,0.06872423535197694,c1ccc2c(CCCC3CCCO3)cccc2c1
CNC(=O)Oc1ccc2c(c1)[C@]1(C)CCN(C)[C@@H]1N2C,0,0,0.0366851634918656,c1ccc2c(c1)NC1NCCC21
C[N+]1(C)CCOC(O)(c2ccc(-c3ccc(C4(O)C[N+](C)(C)CCO4)cc3)cc2)C1,0,0,0.031242947537022944,c1cc(C2C[NH2+]CCO2)ccc1-c1ccc(C2C[NH2+]CCO2)cc1
CO/N=C(\C(=O)N[C@@H]1C(=O)N2C(C(=O)[O-])=C(C[n+]3ccn4ncccc43)CS[C@H]12)c1nsc(N)n1,0,0,0.0067194342032556535,N=C(C(=O)NC1C(=O)N2C=C(C[n+]3ccn4ncccc43)CSC12)c1ncsn1
CCOc1ccc2ccccc2c1C(=O)N[C@@H]1C(=O)N2[C@@H]1SC(C)(C)[C@@H]2C(=O)[O-],0,0,0.04349775324725783,O=C(NC1C(=O)N2CCSC12)c1cccc2ccccc12
Cc1ccc(S(=O)(=O)NC(=O)NN2CC3CCCC3C2)cc1,0,0,0.034905655280398615,O=C(NN1CC2CCCC2C1)NS(=O)(=O)c1ccccc1
CC(C)NCC(O)COc1ccc(CCOCC2CC2)cc1,0,0,0.10226049232551984,c1ccc(CCOCC2CC2)cc1
CCOC(=O)[C@H](CCc1ccccc1)N[C@@H](C)C(=O)N1Cc2ccccc2C[C@H]1C(=O)O,0,0,0.04644132410658952,O=C(CNCCCc1ccccc1)N1CCc2ccccc2C1
COc1cc(N)cn[n+]1-c1ccccc1,0,0,0.03043287715915836,c1ccc(-[n+]2ccccn2)cc1
Cc1ccc(N(CC2=NCCN2)c2cccc(O)c2)cc1,0,0,0.08328904971553704,c1ccc(N(CC2=NCCN2)c2ccccc2)cc1
CC(=O)OC[C@H]1O[C@@H](n2ncc(=O)[nH]c2=O)[C@H](OC(C)=O)[C@@H]1OC(C)=O,0,0,0.0253197205115369,O=c1cnn(C2CCCO2)c(=O)[nH]1
O=[N+]([O-])c1ccc(O)c2ncccc12,0,0,0.03998432279504363,c1ccc2ncccc2c1
Oc1c(I)cc(Cl)c2cccnc12,0,0,0.0729626976804457,c1ccc2ncccc2c1
Oc1c(Br)cc(Br)c2cccnc12,0,0,0.13917818853209069,c1ccc2ncccc2c1
CCN(CCO)CCCC(C)Nc1ccnc2cc(Cl)ccc12,1,0,0.10233966201402767,c1ccc2ncccc2c1
Oc1c(Cl)cc(Cl)c2cccnc12,0,0,0.07049792262573115,c1ccc2ncccc2c1
COc1cc(NC(C)CCCN)c2ncccc2c1,0,0,0.09614313921659465,c1ccc2ncccc2c1
CCN(CC)CCCC(C)Nc1ccnc2cc(Cl)ccc12,1,0,0.10564466179429777,c1ccc2ncccc2c1
CCCCOc1cc(C(=O)NCCN(CC)CC)c2ccccc2n1,0,0,0.08328216657172877,c1ccc2ncccc2c1
Cc1ccc2c(Cl)cc(Cl)c(O)c2n1,0,0,0.07502045409361438,c1ccc2ncccc2c1
CCC(c1ccc(O)cc1)C(CC)c1ccc(O)cc1,0,0,0.07830665902500972,c1ccc(CCc2ccccc2)cc1
COc1cccc(CCc2ccccc2OCC(CN(C)C)OC(=O)CCC(=O)O)c1,0,0,0.06913881024971379,c1ccc(CCc2ccccc2)cc1
O=c1n(CCCN2CCN(c3cccc(Cl)c3)CC2)nc2ccccn12,0,0,0.03643129261324053,O=c1n(CCCN2CCN(c3ccccc3)CC2)nc2ccccn12
CO/N=C(\C(=O)N[C@@H]1C(=O)N2C(C(=O)[O-])=C(COC(N)=O)CS[C@H]12)c1ccco1,0,0,0.016574591163294645,N=C(C(=O)NC1C(=O)N2C=CCSC12)c1ccco1
CO/N=C(\C(=O)N[C@@H]1C(=O)N2C(C(=O)OC(C)OC(C)=O)=C(COC(N)=O)CS[C@H]12)c1ccco1,0,0,0.015197850677410099,N=C(C(=O)NC1C(=O)N2C=CCSC12)c1ccco1
O=c1c2ccccc2[se]n1-c1ccccc1,0,0,0.032358347637776966,O=c1c2ccccc2[se]n1-c1ccccc1
CC(C)(C)NCC(O)CSc1nc(-c2ccc(C(N)=O)s2)cs1,0,0,0.04750972618294681,c1csc(-c2cscn2)c1
NCCCC[C@H](N[C@@H](CCc1ccccc1)C(=O)O)C(=O)N1CCC[C@H]1C(=O)O,0,0,0.047115204977605886,O=C(CNCCCc1ccccc1)N1CCCC1
C[C@H](N[C@@H](CCc1ccccc1)C(=O)O)C(=O)N1CCC[C@H]1C(=O)O,0,0,0.04840505987988215,O=C(CNCCCc1ccccc1)N1CCCC1
CCOC(=O)[C@H](CCc1ccccc1)N[C@@H](C)C(=O)N1CCC[C@H]1C(=O)O,0,0,0.04756488703064818,O=C(CNCCCc1ccccc1)N1CCCC1
CC1CC(OC(=O)c2ccccc2O)CC(C)(C)C1,0,0,0.07511771029259244,O=C(OC1CCCCC1)c1ccccc1
Cn1cc(C(=O)[C@@H]2CCc3nc[nH]c3C2)c2ccccc21,0,0,0.04924339460017018,O=C(c1c[nH]c2ccccc12)C1CCc2nc[nH]c2C1
C[C@]12Cc3cn[nH]c3C[C@@H]1CC[C@@H]1[C@@H]2CC[C@@]2(C)[C@H]1CC[C@]2(C)O,0,0,0.08025459210020107,c1n[nH]c2c1CC1C(CCC3C4CCCC4CCC13)C2
CNCCC=C1c2ccccc2C=Cc2ccccc21,0,0,0.0764019885979297,C=C1c2ccccc2C=Cc2ccccc21
CN(C)CCC=C1c2ccccc2C=Cc2ccccc21,0,0,0.0818687875185007,C=C1c2ccccc2C=Cc2ccccc21
CC(=O)S[C@@H]1CC2=CC(=O)CC[C@]2(C)[C@H]2CC[C@@]3(C)[C@@H](CC[C@@]34CCC(=O)O4)[C@H]12,0,0,0.04936927261768617,O=C1C=C2CCC3C(CCC4C3CCC43CCC(=O)O3)C2CC1
CCNC(=O)CCC/C=C\C[C@@H]1[C@@H](/C=C/[C@@H](O)CCc2ccccc2)[C@H](O)C[C@@H]1O,0,0,0.05904228153513925,C(=CC1CCCC1)CCCc1ccccc1
Fc1ccc(C(c2ccc(F)cc2)N2CCN(C/C=C/c3ccccc3)CC2)cc1,0,0,0.06931797838490887,C(=Cc1ccccc1)CN1CCN(C(c2ccccc2)c2ccccc2)CC1
C(=C/c1ccccc1)\CN1CCN(C(c2ccccc2)c2ccccc2)CC1,0,0,0.06303498392696812,C(=Cc1ccccc1)CN1CCN(C(c2ccccc2)c2ccccc2)CC1
CN(Cc1cc(Br)cc(Br)c1N)C1CCCCC1,0,0,0.15521255149277705,c1ccc(CNC2CCCCC2)cc1
Nc1c(Br)cc(Br)cc1CNC1CCC(O)CC1,1,0,0.15247913919221917,c1ccc(CNC2CCCCC2)cc1
C[C@]12CCC(=O)C=C1CC[C@@H]1[C@@H]2C(=O)C[C@]2(C)C(=O)CC[C@@H]12,0,0,0.10824553427310878,O=C1C=C2CCC3C4CCC(=O)C4CC(=O)C3C2CC1
CN1CCC[C@@H]1CCO[C@](C)(c1ccccc1)c1ccc(Cl)cc1,0,0,0.07087152186214993,c1ccc(C(OCCC2CCCN2)c2ccccc2)cc1
CC[N+](C)(C)Cc1ccccc1Br,0,0,0.05594217688857249,c1ccccc1
CC(C)NCC(O)c1cc(O)cc(O)c1,0,0,0.0811869606468292,c1ccccc1
CNC(C)(C)Cc1ccccc1,0,0,0.0659133826733765,c1ccccc1
CC(C)NCC(O)COc1ccc(COCCOC(C)C)cc1,0,0,0.08368975318665924,c1ccccc1
CC(C)(C)NCC(O)c1cc(O)cc(O)c1,0,0,0.0843915011603547,c1ccccc1
CCCCCCCN(CC)CCCC(O)c1ccc(NS(C)(=O)=O)cc1,0,0,0.07331703328666425,c1ccccc1
CCCCCCC[N+](CC)(CC)CCCCc1ccc(Cl)cc1,0,0,0.057315817613246736,c1ccccc1
CCOCC(O)COc1ccc(NC(=O)CC[S+](C)C)cc1,0,0,0.04470582735409645,c1ccccc1
COCCCOc1cc(C[C@@H](C[C@H](N)[C@@H](O)C[C@H](C(=O)NCC(C)(C)C(N)=O)C(C)C)C(C)C)ccc1OC,0,0,0.06030047977573039,c1ccccc1
NC(N)=NCc1cccc(I)c1,0,0,0.04357959691325449,c1ccccc1
Cc1cc2nc3c(=O)[nH]c(=O)nc-3n(C[C@H](O)[C@H](O)[C@H](O)CO)c2cc1C,0,0,0.010854331037202453,O=c1nc2[nH]c3ccccc3nc-2c(=O)[nH]1
CC(C)Cn1cnc2c(N)nc3ccccc3c21,0,0,0.06220128978401948,c1ccc2c(c1)ncc1nc[nH]c12
C[C@]12CC[C@H]3C(=CCc4cc(O)ccc43)[C@@H]1CCC2=O,1,0,0.12282286042393513,O=C1CCC2C3=CCc4ccccc4C3CCC12
CCOc1ccccc1O[C@H](c1ccccc1)[C@H]1CNCCO1,0,0,0.07405110687670531,c1ccc(OC(c2ccccc2)C2CNCCO2)cc1
CC[C@@H](C(N)=O)N1CCCC1=O,0,0,0.036083372249964,O=C1CCCN1
NC(=O)CN1CCCC1=O,0,0,0.036183706354377204,O=C1CCCN1
NC(=O)CN1CC(O)CC1=O,0,0,0.03574940292661856,O=C1CCCN1
CCCNCC(O)COc1ccccc1C(=O)CCc1ccccc1,0,0,0.09859068818695313,O=C(CCc1ccccc1)c1ccccc1
CCc1nc(N)nc(N)c1-c1ccc(Cl)cc1,0,0,0.04558753173149574,c1ccc(-c2cncnc2)cc1
O=C1CN2Cc3c(ccc(Cl)c3Cl)N=C2N1,0,0,0.029146300138023322,O=C1CN2Cc3ccccc3N=C2N1
C[C@]12C=CC(=O)C=C1CC[C@@H]1[C@@H]2C(=O)C[C@@]2(C)[C@H]1CC[C@]2(O)C(=O)CO,0,0,0.09591202409736505,O=C1C=CC2C(=C1)CCC1C3CCCC3CC(=O)C21
N=c1ccn2c(n1)O[C@H]1[C@H](O)[C@@H](CO)O[C@H]12,0,0,0.057282075784279116,N=c1ccn2c(n1)OC1CCOC12
CO[C@H]1/C=C/O[C@@]2(C)Oc3c(C)c(O)c4c(O)c(c5c(nc6cc(C)ccn65)c4c3C2=O)NC(=O)/C(C)=C\C=C\[C@H](C)[C@H](O)[C@@H](C)[C@@H](O)[C@@H](C)[C@H](OC(C)=O)[C@@H]1C,0,0,0.059318462861446736,O=C1C=CC=CCCCCCCCCC=COC2Oc3ccc4cc(c5c(nc6ccccn65)c4c3C2=O)N1
Cc1cc(C(=O)NNCc2ccccc2)no1,0,0,0.02030687649435622,O=C(NNCc1ccccc1)c1ccon1
O=C(c1ccccc1)c1ccc2n1CCC2C(=O)O,0,0,0.0386940758728751,O=C(c1ccccc1)c1ccc2n1CCC2
CCOc1cc(N)c(Cl)cc1C(=O)NCC1CN(Cc2ccc(F)cc2)CCO1,0,0,0.04961112117434177,O=C(NCC1CN(Cc2ccccc2)CCO1)c1ccccc1
NS(=O)(=O)c1cc2c(cc1Cl)NC(CSCc1ccccc1)=NS2(=O)=O,0,0,0.01943257904447055,O=S1(=O)N=C(CSCc2ccccc2)Nc2ccccc21
C[C@]12CCC(=O)C(O)=C1CC[C@@H]1[C@@H]2CC[C@]2(C)C(=O)CC[C@@H]12,1,0,0.18382496462873474,O=C1C=C2CCC3C4CCC(=O)C4CCC3C2CC1
CCN(CC)CCCC(C)Nc1c2ccc(Cl)cc2nc2ccc(OC)cc12,0,0,0.06695257697453025,c1ccc2nc3ccccc3cc2c1
Nc1ccc2cc3ccc(N)cc3nc2c1,0,0,0.03442657068982431,c1ccc2nc3ccccc3cc2c1
Nc1c2ccccc2nc2ccccc12,0,0,0.04359846856577885,c1ccc2nc3ccccc3cc2c1
CCOc1ccc2nc3cc(N)ccc3c(N)c2c1,0,0,0.04232530903286668,c1ccc2nc3ccccc3cc2c1
O=C(Nc1ccccc1)OCC(CN1CCCCC1)OC(=O)Nc1ccccc1,0,0,0.048940564941109516,O=C(Nc1ccccc1)OCC(CN1CCCCC1)OC(=O)Nc1ccccc1
NC(=O)NC1NC(=O)NC1=O,0,0,0.02865371665908573,O=C1CNC(=O)N1
CO/N=C(\C(=O)N[C@@H]1C(=O)N2C(C(=O)OCOC(=O)C(C)(C)C)=C(/C=C\c3scnc3C)CS[C@H]12)c1csc(N)n1,0,0,0.021131090772934978,N=C(C(=O)NC1C(=O)N2C=C(C=Cc3cncs3)CSC12)c1cscn1
Cc1cc(C2CCCCC2)n(O)c(=O)c1,0,0,0.050844069772611605,O=c1cccc(C2CCCCC2)[nH]1
CN(C)CCCN1c2ccccc2Sc2ccc(Cl)cc21,0,0,0.06972876026185318,c1ccc2c(c1)Nc1ccccc1S2
CC(=O)c1ccc2c(c1)N(CCCN(C)C)c1ccccc1S2,0,0,0.0812099414942066,c1ccc2c(c1)Nc1ccccc1S2
CCN(CC)C(C)CN1c2ccccc2Sc2ccccc21,0,0,0.07331189000172433,c1ccc2c(c1)Nc1ccccc1S2
CN(C)CCCN1c2ccccc2Sc2ccc(C(F)(F)F)cc21,0,0,0.050676256718987005,c1ccc2c(c1)Nc1ccccc1S2
COc1ccc2c(c1)N(C[C@H](C)CN(C)C)c1ccccc1S2,0,0,0.08421099584659769,c1ccc2c(c1)Nc1ccccc1S2
CN(C)CCCN1c2ccccc2Sc2ccccc21,1,0,0.07006389115092476,c1ccc2c(c1)Nc1ccccc1S2
c1ccc2c(c1)Nc1ccccc1S2,0,0,0.050825060915146714,c1ccc2c(c1)Nc1ccccc1S2
CC(CN1c2ccccc2Sc2ccccc21)N(C)C,0,0,0.06973169538539359,c1ccc2c(c1)Nc1ccccc1S2
C/C=C(\C)C(=O)OC1[C@H](OC(C)=O)C2(CO)C(CC1(C)C)C1=CCC3C4(C)CCC(O[C@@H]5O[C@H](C(=O)O)[C@@H](O[C@@H]6O[C@H](CO)[C@@H](O)[C@H](O)[C@H]6O)[C@H](O)[C@H]5O[C@H]5O[C@H](CO)[C@@H](O)[C@H](O)[C@H]5O)[C@](C)(CO)C4CCC3(C)[C@]1(C)C[C@H]2O,0,0,0.022179042000491197,C1=C2C3CCCCC3CCC2C2CCC3CC(OC4OCC(OC5CCCCO5)CC4OC4CCCCO4)CCC3C2C1
C=C1CC[C@@]2(O)[C@H]3Cc4ccc(O)c5c4[C@@]2(CCN3CC2CC2)[C@H]1O5,1,0,0.12714497964667423,C=C1CCC2C3Cc4cccc5c4C2(CCN3CC2CC2)C1O5
CC(=O)O[C@]1(C(C)=O)CC[C@H]2[C@@H]3C=C(Cl)C4=CC(=O)[C@@H]5C[C@@H]5[C@]4(C)[C@H]3CC[C@@]21C,0,0,0.07863084144703145,O=C1C=C2C=CC3C4CCCC4CCC3C2C2CC12
COc1cc2c(Nc3ccc(Br)cc3F)ncnc2cc1OCC1CCN(C)CC1,0,0,0.0769843375062269,c1ccc(Nc2ncnc3cc(OCC4CCNCC4)ccc23)cc1
CN(CCOc1ccc(NS(C)(=O)=O)cc1)CCc1ccc(NS(C)(=O)=O)cc1,0,0,0.05161044749960643,c1ccc(CCNCCOc2ccccc2)cc1
CC(COc1ccccc1)NC(C)C(O)c1ccc(O)cc1,0,0,0.0943804868496156,c1ccc(CCNCCOc2ccccc2)cc1
CN(C)CCc1c[nH]c2ccc(C[C@H]3COC(=O)N3)cc12,0,0,0.031120624319662005,O=C1NC(Cc2ccc3[nH]ccc3c2)CO1
CC(C)COC(=O)OCN1C(=O)CN(CCN2CC(=O)N(COC(=O)OCC(C)C)C(=O)C2)CC1=O,0,0,0.03376332995657501,O=C1CN(CCN2CC(=O)NC(=O)C2)CC(=O)N1
C[C@@H](CN1CC(=O)NC(=O)C1)N1CC(=O)NC(=O)C1,0,0,0.034566752119175245,O=C1CN(CCN2CC(=O)NC(=O)C2)CC(=O)N1
CC(=O)N1CCN(c2ccc(OC[C@H]3CO[C@](Cn4ccnc4)(c4ccc(Cl)cc4Cl)O3)cc2)CC1,0,0,0.04942587839922965,c1ccc(C2(Cn3ccnc3)OCC(COc3ccc(N4CCNCC4)cc3)O2)cc1
Nc1ccn([C@@H]2CS[C@H](CO)O2)c(=O)n1,0,0,0.022669698712379914,O=c1ncccn1C1CSCO1
C/C(=C(\CCOP(=O)(O)O)SC(=O)c1ccccc1)N(C=O)Cc1cnc(C)nc1N,0,0,0.021714936946988447,O=C(SC=CNCc1cncnc1)c1ccccc1
CCn1cc(C(=O)O)c(=O)c2cc(F)c(N3CCNCC3)cc21,0,0,0.07512590391876821,O=c1cc[nH]c2cc(N3CCNCC3)ccc12
CCn1cc(C(=O)O)c(=O)c2cc(F)c(N3CCNC(C)C3)c(F)c21,0,0,0.08752633303353256,O=c1cc[nH]c2cc(N3CCNCC3)ccc12
CCn1cc(C(=O)O)c(=O)c2cc(F)c(N3CCN(C)CC3)cc21,0,0,0.07121155104987222,O=c1cc[nH]c2cc(N3CCNCC3)ccc12
CN1CCN(c2c(F)cc3c(=O)c(C(=O)O)cn(CCF)c3c2F)CC1,0,0,0.06880461004073919,O=c1cc[nH]c2cc(N3CCNCC3)ccc12
C[C@@H]1CN(c2c(F)c(N)c3c(=O)c(C(=O)O)cn(C4CC4)c3c2F)C[C@H](C)N1,1,0,0.09817429978056846,O=c1ccn(C2CC2)c2cc(N3CCNCC3)ccc12
CCN1CCN(c2cc3c(cc2F)c(=O)c(C(=O)O)cn3C2CC2)CC1,0,0,0.08058900604794303,O=c1ccn(C2CC2)c2cc(N3CCNCC3)ccc12
COc1c(N2CCNC(C)C2)c(F)cc2c(=O)c(C(=O)O)cn(C3CC3)c12,0,0,0.08631783428542293,O=c1ccn(C2CC2)c2cc(N3CCNCC3)ccc12
Cc1c(F)c(N2CCNC(C)C2)cc2c1c(=O)c(C(=O)O)cn2C1CC1,0,0,0.08453221965011422,O=c1ccn(C2CC2)c2cc(N3CCNCC3)ccc12
O=C(O)c1cn(C2CC2)c2cc(N3CCNCC3)c(F)cc2c1=O,0,0,0.08318701482577921,O=c1ccn(C2CC2)c2cc(N3CCNCC3)ccc12
CCCc1ncc(C[n+]2ccccc2C)c(N)n1,0,0,0.05380055513393859,c1cc[n+](Cc2cncnc2)cc1
O=C(NCCCN1CCOCC1)c1ccc(Cl)cc1,0,0,0.049094408343285725,O=C(NCCCN1CCOCC1)c1ccccc1
C[C@]12C/C(=C/O)C(=O)C[C@@H]1CC[C@@H]1[C@@H]2CC[C@@]2(C)[C@H]1CC[C@]2(C)O,1,0,0.22959878822371454,C=C1CC2C(CCC3C4CCCC4CCC23)CC1=O
CO[C@@H]1[C@@H](OC2OC(C)C(OC3CC(C)(O)C(O)C(C)O3)C(N(C)C)C2O)[C@@H](CC=O)C[C@@H](C)[C@@H](OC2CCC(N(C)C)C(C)O2)C=CC=CC[C@@H](C)OC(=O)C[C@H]1OC(C)=O,1,0,0.16156392308515163,O=C1CCCC(OC2CCC(OC3CCCCO3)CO2)CCCC(OC2CCCCO2)C=CC=CCCO1
CO[C@@H]1[C@@H](OC2OC(C)C(OC3CC(C)(O)C(O)C(C)O3)C(N(C)C)C2O)[C@@H](CC=O)C[C@@H](C)[C@@H](OC2CCC(N(C)C)C(C)O2)/C=C/C=C/C[C@@H](C)OC(=O)C[C@H]1O,0,0,0.13853447695140142,O=C1CCCC(OC2CCC(OC3CCCCO3)CO2)CCCC(OC2CCCCO2)C=CC=CCCO1
CN1C[C@H](CNC(=O)OCc2ccccc2)C[C@@H]2c3cccc4c3c(cn4C)C[C@H]21,0,0,0.04225330764539622,O=C(NCC1CNC2Cc3c[nH]c4cccc(c34)C2C1)OCc1ccccc1
O=C1NCC2(CCN(CCc3ccccc3)CC2)O1,0,0,0.045212755346491725,O=C1NCC2(CCN(CCc3ccccc3)CC2)O1
CC(C)(C)NC[C@H](O)COc1nsnc1N1CCOCC1,0,0,0.042949331519127706,c1nsnc1N1CCOCC1
CN1CCN2c3ccccc3Cc3ccccc3C2C1,0,0,0.07805700312086238,c1ccc2c(c1)Cc1ccccc1N1CCNCC21
O=C1OC2(c3cc(Br)c([O-])cc3Oc3c2cc(Br)c([O-])[c]3[Hg])c2ccccc21,1,0,0.24583054346617725,O=C1OC2(c3ccccc3Oc3ccccc32)c2ccccc21
COc1cc(NS(=O)(=O)c2ccc(N)cc2)nc(OC)n1,0,0,0.05763882367721824,O=S(=O)(Nc1ccncn1)c1ccccc1
COc1ncnc(NS(=O)(=O)c2ccc(N)cc2)c1OC,1,0,0.0620425431152498,O=S(=O)(Nc1ccncn1)c1ccccc1
Cc1cc(NS(=O)(=O)c2ccc(N)cc2)nc(C)n1,0,0,0.0488341250851067,O=S(=O)(Nc1ccncn1)c1ccccc1
COc1cc(NS(=O)(=O)c2ccc(N)cc2)ncn1,0,0,0.052443784272670345,O=S(=O)(Nc1ccncn1)c1ccccc1
C=C1[C@H](CO)[C@@H](O)C[C@@H]1n1cnc2c(=O)[nH]c(N)nc21,0,0,0.03282342078677388,C=C1CCCC1n1cnc2c(=O)[nH]cnc21
c1ccc2c(CC3=NCCN3)cccc2c1,0,0,0.06542811084655728,c1ccc2c(CC3=NCCN3)cccc2c1
C[C@H](CCC(=O)O)[C@H]1CC[C@H]2[C@@H]3C(=O)C[C@@H]4CC(=O)CC[C@]4(C)[C@H]3CC(=O)[C@]12C,0,0,0.10655810831698172,O=C1CCC2C(C1)CC(=O)C1C3CCCC3C(=O)CC21
C[N+]1(C)CCC(OC(=O)C(O)(c2ccccc2)C2CCCC2)C1,0,0,0.06662191439042595,O=C(OC1CC[NH2+]C1)C(c1ccccc1)C1CCCC1
COC(=O)Nc1nc2ccc(Sc3ccccc3)cc2[nH]1,0,0,0.03968849149334674,c1ccc(Sc2ccc3nc[nH]c3c2)cc1
OC(Cn1cncn1)(Cn1cncn1)c1ccc(F)cc1F,0,0,0.043302851481669555,c1ccc(C(Cn2cncn2)Cn2cncn2)cc1
CC(Oc1c(Cl)cccc1Cl)C1=NCCN1,0,0,0.06860535944806395,c1ccc(OCC2=NCCN2)cc1
CCN1CCN(C(=O)N[C@@H](C(=O)N[C@@H]2C(=O)N3C(C(=O)O)=C(CSc4nnnn4C)CS[C@H]23)c2ccc(O)cc2)C(=O)C1=O,0,0,0.054928999330449764,O=C1NCCN(C(=O)NC(C(=O)NC2C(=O)N3C=C(CSc4nnn[nH]4)CSC23)c2ccccc2)C1=O
COC(=O)C1=C(C)NC(C)=C(C(=O)OC(C)C)C1c1cccc2nonc12,0,0,0.029308179684948792,C1=CC(c2cccc3nonc23)C=CN1
CCN1CCC[C@H]1CNC(=O)c1c(OC)ccc(Br)c1OC,0,0,0.07973336366777956,O=C(NCC1CCCN1)c1ccccc1
CCN1CCCC1CNC(=O)c1cc(S(=O)(=O)CC)c(N)cc1OC,0,0,0.046730165185188445,O=C(NCC1CCCN1)c1ccccc1
CCN1CCC[C@H]1CNC(=O)c1c(O)c(Cl)cc(Cl)c1OC,0,0,0.06525563770291093,O=C(NCC1CCCN1)c1ccccc1
CCN1CCCC1CNC(=O)c1cc(S(N)(=O)=O)ccc1OC,0,0,0.06125634036312528,O=C(NCC1CCCN1)c1ccccc1
Clc1ccc(C(Cn2ccnc2)OCc2ccsc2Cl)c(Cl)c1,0,0,0.042894713619439556,c1ccc(C(Cn2ccnc2)OCc2ccsc2)cc1
C[C@@H]1[C@H](O)[C@@H](C)/C=C/C=C/C=C/C=C/C=C/C=C/C=C/[C@H](O[C@@H]2O[C@H](C)[C@@H](O)[C@H](N)[C@@H]2O)C[C@@H]2O[C@](O)(C[C@@H](O)C[C@@H](O)[C@H](O)CC[C@@H](O)C[C@@H](O)CC(=O)O[C@H]1C)C[C@H](O)[C@H]2C(=O)O,0,0,0.031330472542651686,O=C1CCCCCCCCCCCC2CCCC(CC(OC3CCCCO3)C=CC=CC=CC=CC=CC=CC=CCCCCO1)O2
CN1CCC(=C2c3ccccc3C=Cc3ccccc32)CC1,0,0,0.09188257098488681,C1=Cc2ccccc2C(=C2CCNCC2)c2ccccc21
CN(C)CCCOc1nn(Cc2ccccc2)c2ccccc12,0,0,0.05363798170506429,c1ccc(Cn2ncc3ccccc32)cc1
O=C(O)COc1nn(Cc2ccccc2)c2ccccc12,0,0,0.034550289350796286,c1ccc(Cn2ncc3ccccc32)cc1
C[C@@H]1[C@H](O)[C@@H](C)/C=C/C=C/CC/C=C/C=C/C=C/C=C/C(O[C@H]2O[C@H](C)[C@@H](O)[C@H](N)[C@@H]2O)CC2O[C@](O)(CC(O)C(O)CCC(O)CC(O)CC(O)CC(=O)O[C@H]1C)CC(O)C2C(=O)O,0,0,0.032544736935271774,O=C1CCCCCCCCCCCC2CCCC(CC(OC3CCCCO3)C=CC=CC=CC=CCCC=CC=CCCCCO1)O2
C#C[C@]1(O)C=C[C@H]2[C@@H]3CCC4=CC(=O)CC[C@@H]4[C@H]3CC[C@@]21CC,0,0,0.0842065599488997,O=C1C=C2CCC3C4C=CCC4CCC3C2CC1
C[N+](C)(CCOc1ccccc1)Cc1ccccc1,0,0,0.06004594355441377,c1ccc(C[NH2+]CCOc2ccccc2)cc1
C[C@@H](O[C@H]1OCCN(Cc2n[nH]c(=O)[nH]2)[C@H]1c1ccc(F)cc1)c1cc(C(F)(F)F)cc(C(F)(F)F)c1,0,0,0.018013099492709787,O=c1[nH]nc(CN2CCOC(OCc3ccccc3)C2c2ccccc2)[nH]1
O=C1[C@H](CC[C@H](O)c2ccc(F)cc2)[C@@H](c2ccc(O)cc2)N1c1ccc(F)cc1,0,0,0.06535381676994154,O=C1C(CCCc2ccccc2)C(c2ccccc2)N1c1ccccc1
N[C@@H]1C[C@H]1c1ccccc1,0,0,0.0697898903706501,c1ccc(C2CC2)cc1
CCN(CC)C(=O)[C@]1(c2ccccc2)C[C@@H]1CN,0,0,0.05772286073728132,c1ccc(C2CC2)cc1
CC(C)(Oc1ccc(C2CC2(Cl)Cl)cc1)C(=O)O,0,0,0.04662035638787717,c1ccc(C2CC2)cc1
CCSc1ccc2c(c1)N(CCCN1CCN(C)CC1)c1ccccc1S2,0,0,0.06697856225230124,c1ccc2c(c1)Sc1ccccc1N2CCCN1CCNCC1
OCCN1CCN(CCCN2c3ccccc3Sc3ccc(Cl)cc32)CC1,0,0,0.06451279227854156,c1ccc2c(c1)Sc1ccccc1N2CCCN1CCNCC1
CN1CCN(CCCN2c3ccccc3Sc3ccc(S(=O)(=O)N(C)C)cc32)CC1,0,0,0.05450164670203326,c1ccc2c(c1)Sc1ccccc1N2CCCN1CCNCC1
OCCN1CCN(CCCN2c3ccccc3Sc3ccc(C(F)(F)F)cc32)CC1,0,0,0.04596505319746016,c1ccc2c(c1)Sc1ccccc1N2CCCN1CCNCC1
CN1CCN(CCCN2c3ccccc3Sc3ccc(C(F)(F)F)cc32)CC1,0,0,0.04571782243940407,c1ccc2c(c1)Sc1ccccc1N2CCCN1CCNCC1
CN1CCN(CCCN2c3ccccc3Sc3ccc(Cl)cc32)CC1,0,0,0.06395301787223678,c1ccc2c(c1)Sc1ccccc1N2CCCN1CCNCC1
O=C(O)c1cn(-c2ccc(F)cc2)c2cc(N3CCNCC3)c(F)cc2c1=O,0,0,0.08347942155205253,O=c1ccn(-c2ccccc2)c2cc(N3CCNCC3)ccc12
Cc1onc(-c2ccccc2)c1-c1ccc(S(N)(=O)=O)cc1,0,0,0.032745533298442715,c1ccc(-c2conc2-c2ccccc2)cc1
COc1ccc(-c2noc(CC(=O)O)c2-c2ccc(OC)cc2)cc1,0,0,0.04545433122655781,c1ccc(-c2conc2-c2ccccc2)cc1
O=C(Oc1cccc2cccnc12)c1ccccc1,0,0,0.04843473559346604,O=C(Oc1cccc2cccnc12)c1ccccc1
CC1=C(/C=C/C(C)=C/C=C/C(C)=C/C(=O)O)C(C)(C)CCC1,0,0,0.09343597737664566,C1=CCCCC1
CC1=C(/C=C/C(C)=C/C=C/C(C)=C\C(=O)O)C(C)(C)CCC1,1,0,0.09343597737664566,C1=CCCCC1
CCOC(=O)C1=C[C@@H](OC(CC)CC)[C@H](NC(C)=O)[C@@H](N)C1,0,0,0.06570279470357457,C1=CCCCC1
CN(Cc1ccc(C(C)(C)C)cc1)Cc1cccc2ccccc12,0,0,0.06611978195621633,c1ccc(CNCc2cccc3ccccc23)cc1
COc1cccc2c1C(=O)c1c(O)c3c(c(O)c1C2=O)C[C@@](O)(C(=O)CO)C[C@@H]3O[C@H]1C[C@H](N)[C@@H](O)[C@H](C)O1,0,0,0.0699533856738145,O=C1c2ccccc2C(=O)c2cc3c(cc21)CCCC3OC1CCCCO1
COc1cccc2c1C(=O)c1c(O)c3c(c(O)c1C2=O)C[C@@](O)(C(C)=O)C[C@@H]3O[C@H]1C[C@H](N)[C@H](O)[C@H](C)O1,0,0,0.07761046103149741,O=C1c2ccccc2C(=O)c2cc3c(cc21)CCCC3OC1CCCCO1
COc1cccc2c1C(=O)c1c(O)c3c(c(O)c1C2=O)C[C@@](O)(C(=O)CO)C[C@@H]3O[C@H]1C[C@H](N)[C@H](O)[C@H](C)O1,0,0,0.0699533856738145,O=C1c2ccccc2C(=O)c2cc3c(cc21)CCCC3OC1CCCCO1
OCCN(CCO)c1nc(N2CCCCC2)c2nc(N(CCO)CCO)nc(N3CCCCC3)c2n1,0,0,0.02026921036513172,c1nc(N2CCCCC2)c2ncnc(N3CCCCC3)c2n1
COc1cc2c(cc1OC)CC(=O)N(CCCN(C)C[C@H]1Cc3cc(OC)c(OC)cc31)CC2,0,0,0.06910268440018966,O=C1Cc2ccccc2CCN1CCCNCC1Cc2ccccc21
CCCN[C@H]1CCc2nc(N)sc2C1,0,0,0.06050995979402821,c1nc2c(s1)CCCC2
c1ccc(-c2ccc(C(c3ccccc3)n3ccnc3)cc2)cc1,0,0,0.05278887286757896,c1ccc(-c2ccc(C(c3ccccc3)n3ccnc3)cc2)cc1
CCCCCCCCCCCCCCCC[N+](C)(C)CCN(Cc1ccc(OC)cc1)c1ncccn1,0,0,0.05295700039272538,c1ccc(CNc2ncccn2)cc1
CC(C)(O)c1ccccc1CC[C@@H](SCC1(CC(=O)O)CC1)c1cccc(/C=C/c2ccc3ccc(Cl)cc3n2)c1,0,0,0.054545862380342904,C(=Cc1ccc2ccccc2n1)c1cccc(C(CCc2ccccc2)SCC2CC2)c1
Cc1ncc(C[n+]2csc(CCO)c2C)c(N)n1,0,0,0.04326554103887934,c1ncc(C[n+]2ccsc2)cn1
C[N+]1(C)CCCC(OC(=O)C(O)(c2ccccc2)c2ccccc2)C1,0,0,0.06537672399733682,O=C(OC1CCC[NH2+]C1)C(c1ccccc1)c1ccccc1
CC[N+]1(C)CCCC(OC(=O)C(O)(c2ccccc2)c2ccccc2)C1,0,0,0.06508961713000541,O=C(OC1CCC[NH2+]C1)C(c1ccccc1)c1ccccc1
Cc1ccc(-c2ncc(Cl)cc2-c2ccc(S(C)(=O)=O)cc2)cn1,0,0,0.0279023976985851,c1ccc(-c2cccnc2-c2cccnc2)cc1
Nc1ccc(S(=O)(=O)Nc2ccccn2)cc1,0,0,0.0434754808470389,O=S(=O)(Nc1ccccn1)c1ccccc1
CCN1CCCC(OC(=O)C(c2ccccc2)c2ccccc2)C1,0,0,0.0740977287242597,O=C(OC1CCCNC1)C(c1ccccc1)c1ccccc1
CC(=O)O[C@]1(C(C)=O)CC[C@H]2[C@@H]3C=C(Cl)C4=CC(=O)CC[C@]4(C)[C@H]3CC[C@@]21C,0,0,0.07747670088212526,O=C1C=C2C=CC3C4CCCC4CCC3C2CC1
CC(=O)[C@H]1CC[C@H]2[C@@H]3C=CC4=CC(=O)CC[C@@]4(C)[C@@H]3CC[C@]12C,0,0,0.11097619886196428,O=C1C=C2C=CC3C4CCCC4CCC3C2CC1
CC(=O)O[C@]1(C(C)=O)CC[C@H]2[C@@H]3C=C(C)C4=CC(=O)CC[C@@H]4[C@H]3CC[C@@]21C,0,0,0.09345938437626815,O=C1C=C2C=CC3C4CCCC4CCC3C2CC1
CC(=O)O[C@]1(C(C)=O)CC[C@H]2[C@@H]3C=C(C)C4=CC(=O)CC[C@]4(C)[C@H]3CC[C@@]21C,0,0,0.09101855153520198,O=C1C=C2C=CC3C4CCCC4CCC3C2CC1
C[C@]12CCC(=O)C=C1C=C[C@@H]1[C@@H]2CC[C@@]2(C)[C@H]1CC[C@@]2(O)CCC(=O)[O-],0,0,0.12457418975038187,O=C1C=C2C=CC3C4CCCC4CCC3C2CC1
Cc1cnc(C(=O)O)c[n+]1[O-],0,0,0.02456050288121188,c1c[nH+]ccn1
COC(c1ccccc1)(c1ccccc1)[C@H](Oc1nc(C)cc(C)n1)C(=O)O,1,0,0.051772810860568876,c1ccc(C(COc2ncccn2)c2ccccc2)cc1
CCCCC1C(=O)N(c2ccccc2)N(c2ccccc2)C1=O,0,0,0.040433788360212705,O=C1CC(=O)N(c2ccccc2)N1c1ccccc1
CC(C)=CCC1C(=O)N(c2ccccc2)N(c2ccccc2)C1=O,0,0,0.03969830671983842,O=C1CC(=O)N(c2ccccc2)N1c1ccccc1
CCCCC1(COC(=O)CCC(=O)O)C(=O)N(c2ccccc2)N(c2ccccc2)C1=O,0,0,0.03605596573197779,O=C1CC(=O)N(c2ccccc2)N1c1ccccc1
CCCCC1C(=O)N(c2ccccc2)N(c2ccc(O)cc2)C1=O,0,0,0.048789031434630835,O=C1CC(=O)N(c2ccccc2)N1c1ccccc1
CN[C@@H]1[C@H](O[C@H]2[C@H](O[C@H]3[C@H](O)[C@@H](O)[C@H](N=C(N)N)[C@@H](O)[C@@H]3N=C(N)N)O[C@@H](C)[C@]2(O)CO)O[C@@H](CO)[C@H](O)[C@H]1O,0,0,0.031392398510667795,C1CCC(OC2OCCC2OC2CCCCO2)CC1
CN[C@@H]1[C@H](O[C@H]2[C@H](O[C@H]3[C@H](O)[C@@H](O)[C@H](N=C(N)N)[C@@H](O)[C@@H]3N=C(N)N)O[C@@H](C)[C@]2(O)C=O)O[C@@H](CO)[C@H](O)[C@H]1O,0,0,0.06964014429843349,C1CCC(OC2OCCC2OC2CCCCO2)CC1
CN1[C@@H]2CC[C@H]1CC(OC(=O)c1c[nH]c3ccccc13)C2,0,0,0.04850723811998756,O=C(OC1CC2CCC(C1)N2)c1c[nH]c2ccccc12
CC(=O)OCC(=O)[C@@]12N=C(C)O[C@@H]1C[C@H]1[C@@H]3CCC4=CC(=O)C=C[C@]4(C)[C@H]3[C@@H](O)C[C@@]12C,0,0,0.06308828827003057,O=C1C=CC2C(=C1)CCC1C2CCC2C1CC1OC=NC12
CN(C)C/C=C(/c1ccc(Br)cc1)c1cccnc1,0,0,0.07492087145396727,C=C(c1ccccc1)c1cccnc1
O=C1Cc2cc(CCN3CCN(c4nsc5ccccc45)CC3)c(Cl)cc2N1,0,0,0.03627505479576342,O=C1Cc2cc(CCN3CCN(c4nsc5ccccc45)CC3)ccc2N1
Cn1c(=O)c2c(ncn2CC2OCCO2)n(C)c1=O,0,0,0.020970381770910956,O=c1[nH]c(=O)c2c(ncn2CC2OCCO2)[nH]1
C=CC1=C(C(=O)O)N2C(=O)[C@@H](NC(=O)/C(=N\OCC(=O)O)c3csc(N)n3)[C@H]2SC1,0,0,0.02100083909239213,N=C(C(=O)NC1C(=O)N2C=CCSC12)c1cscn1
CO/N=C(\C(=O)N[C@@H]1C(=O)N2C(C(=O)[O-])=C(COC(C)=O)CS[C@H]12)c1csc(N)n1,0,0,0.025402079756387357,N=C(C(=O)NC1C(=O)N2C=CCSC12)c1cscn1
C=CC1=C(C(=O)O)N2C(=O)[C@@H](NC(=O)/C(=N\O)c3csc(N)n3)[C@H]2SC1,0,0,0.021962048086211595,N=C(C(=O)NC1C(=O)N2C=CCSC12)c1cscn1
COCC1=C(C(=O)OC(C)OC(=O)OC(C)C)N2C(=O)[C@@H](NC(=O)/C(=N\OC)c3csc(N)n3)[C@H]2SC1,0,0,0.02830622043629774,N=C(C(=O)NC1C(=O)N2C=CCSC12)c1cscn1
CC(C)(C)CC(C)(C)c1ccc(O)cc1,0,0,0.07624601571664122,c1ccccc1
NC(=O)C(c1ccccc1)(c1ccccc1)[C@@H]1CCN(CCc2ccc3c(c2)CCO3)C1,0,0,0.055935015773621026,c1ccc(C(c2ccccc2)C2CCN(CCc3ccc4c(c3)CCO4)C2)cc1
CCN(CC)CCOC(=O)C(c1ccccc1)C1CCCCC1,0,0,0.08472857176519781,c1ccc(CC2CCCCC2)cc1
COc1ccc(C(CN(C)C)C2(O)CCCCC2)cc1,0,0,0.11177216385324802,c1ccc(CC2CCCCC2)cc1
CC[N+](CC)(CC)CCC(O)(c1ccccc1)C1CCCCC1,0,0,0.07448287191161901,c1ccc(CC2CCCCC2)cc1
CCN(CC)CC#CCOC(=O)C(O)(c1ccccc1)C1CCCCC1,0,0,0.05458739932628537,c1ccc(CC2CCCCC2)cc1
CCCCCC[C@H]1C(=O)O[C@H](C)[C@H](NC(=O)c2cccc(NC=O)c2O)C(=O)O[C@@H](C)[C@@H]1OC(=O)CC(C)C,0,0,0.05155579265785402,O=C1CCCOC(=O)C(NC(=O)c2ccccc2)CO1
NS(=O)(=O)c1cc(C(=O)O)c(NCc2ccco2)cc1Cl,0,0,0.03599345156271777,c1ccc(NCc2ccco2)cc1
CC(NCCC(c1ccccc1)c1ccccc1)c1ccccc1,0,0,0.07201351063627216,c1ccc(CNCCC(c2ccccc2)c2ccccc2)cc1
CN1[C@@H]2CCC[C@H]1CC(NC(=O)c1nn(C)c3ccccc13)C2,0,0,0.03881569924197564,O=C(NC1CC2CCCC(C1)N2)c1n[nH]c2ccccc12
Cc1cc2c(s1)Nc1ccccc1N=C2N1CCN(C)CC1,1,0,0.10749748600984649,c1ccc2c(c1)N=C(N1CCNCC1)c1ccsc1N2
Nc1ccc(S(=O)(=O)c2ccc(N)cc2)cc1,0,0,0.030031887702064566,O=S(=O)(c1ccccc1)c1ccccc1
COc1ccc(C(=O)CC(=O)c2ccc(C(C)(C)C)cc2)cc1,0,0,0.0797858095791975,O=C(CC(=O)c1ccccc1)c1ccccc1
CC(C)(C)NC(=O)[C@H]1CC[C@H]2[C@@H]3CC[C@H]4NC(=O)C=C[C@]4(C)[C@H]3CC[C@]12C,0,0,0.08499607130255496,O=C1C=CC2C(CCC3C4CCCC4CCC23)N1
Nc1[nH]c(=O)ncc1F,0,0,0.03278478096697132,O=c1nccc[nH]1
CCCCc1ncc(/C=C(\Cc2cccs2)C(=O)O)n1Cc1ccc(C(=O)O)cc1,0,0,0.04670090503604131,C(=Cc1cncn1Cc1ccccc1)Cc1cccs1
CC1=NS(=O)(=O)c2cc(Cl)ccc2N1,0,0,0.023877365683197337,O=S1(=O)N=CNc2ccccc21
NS(=O)(=O)c1cc2c(cc1Cl)NC=NS2(=O)=O,0,0,0.021327732612139785,O=S1(=O)N=CNc2ccccc21
COc1ccc2[nH]c(S(=O)Cc3ncc(C)c(OC)c3C)nc2n1,0,0,0.05778395483967381,O=S(Cc1ccccn1)c1nc2ncccc2[nH]1
COc1nc(C)nc(Cl)c1NC1=NCCN1,0,0,0.051949431865316635,c1ncc(NC2=NCCN2)cn1
Nc1nc(=S)c2ncn([C@@H]3O[C@H](CO)[C@@H](O)[C@H]3O)c2[nH]1,0,0,0.022572471224918275,S=c1nc[nH]c2c1ncn2C1CCCO1
C[C@]12COC(=O)C[C@@H]1CC[C@@H]1[C@@H]2CC[C@@]2(C)[C@H]1CC[C@]2(C)O,0,0,0.10941520468987158,O=C1CC2CCC3C4CCCC4CCC3C2CO1
C[C@]12CC[C@@H]3c4ccc(OS(=O)(=O)O)cc4CC[C@H]3[C@@H]1CCC2=O,0,0,0.06038139782178888,O=C1CCC2C1CCC1c3ccccc3CCC12
CCCC(C)C1(CC)C(=O)NC(=O)NC1=O,0,0,0.03684749812341285,O=C1CC(=O)NC(=O)N1
C=CCC1(CC(C)C)C(=O)NC(=O)NC1=O,0,0,0.03666896829681232,O=C1CC(=O)NC(=O)N1
OC[C@H]1O[C@H](O[C@H]2O[C@H](CO)[C@@H](O)[C@H](O)[C@H]2O)[C@H](O)[C@@H](O)[C@@H]1O,0,0,0.028848791890392887,C1CCC(OC2CCCCO2)OC1
CN1CCN(C2=Nc3cc(Cl)ccc3Nc3ccccc32)CC1,0,0,0.060762029425928114,c1ccc2c(c1)N=C(N1CCNCC1)c1ccccc1N2
NS(=O)(=O)Cc1noc2ccccc12,0,0,0.028449436015113624,c1ccc2oncc2c1
NCc1ccccc1CC(=O)N[C@@H]1C(=O)N2C(C(=O)O)=C(CSc3nnnn3CC(=O)O)CS[C@H]12,0,0,0.06640708612717881,O=C(Cc1ccccc1)NC1C(=O)N2C=C(CSc3nnn[nH]3)CSC12
Cn1nnnc1SCC1=C(C(=O)[O-])N2C(=O)[C@@H](NC(=O)[C@H](O)c3ccccc3)[C@H]2SC1,1,0,0.07479216921515142,O=C(Cc1ccccc1)NC1C(=O)N2C=C(CSc3nnn[nH]3)CSC12
C/C(=C1/CCOC(=O)S1)N(C=O)Cc1cnc(C)nc1N,0,0,0.036800255918633,O=C1OCCC(=CNCc2cncnc2)S1
CN1C(=O)CCS(=O)(=O)C1c1ccc(Cl)cc1,0,0,0.03614044095579684,O=C1CCS(=O)(=O)C(c2ccccc2)N1
CC(=O)O[C@@]12CO[C@@H]1C[C@H](O)[C@@]1(C)C(=O)[C@H](O)C3=C(C)[C@@H](OC(=O)[C@H](O)[C@@H](NC(=O)OC(C)(C)C)c4ccccc4)C[C@@](O)([C@@H](OC(=O)c4ccccc4)[C@H]21)C3(C)C,0,0,0.04195313416762818,O=C(CCc1ccccc1)OC1C=C2CC(=O)C3CCC4OCC4C3C(OC(=O)c3ccccc3)C(C2)C1
Cc1c(NC(=O)c2cccnc2)c(=O)n(-c2ccccc2)n1C,0,0,0.028854038117683053,O=C(Nc1c[nH]n(-c2ccccc2)c1=O)c1cccnc1
CC(C)(C)C(=O)C(Oc1ccc(Cl)cc1)n1ccnc1,0,0,0.06123939527955976,c1ccc(OCn2ccnc2)cc1
CNCCC(Oc1ccccc1OC)c1ccccc1,0,0,0.08599493106903744,c1ccc(COc2ccccc2)cc1
Oc1ccc(OCc2ccccc2)cc1,0,0,0.06666658027922226,c1ccc(COc2ccccc2)cc1
C[C@H](NCc1ccc(OCc2cccc(F)c2)cc1)C(N)=O,0,0,0.053527074261262346,c1ccc(COc2ccccc2)cc1
CNCC[C@@H](Oc1ccccc1C)c1ccccc1,0,0,0.0788580151941598,c1ccc(COc2ccccc2)cc1
CNCCC(Oc1ccc(C(F)(F)F)cc1)c1ccccc1,0,0,0.058858695000906555,c1ccc(COc2ccccc2)cc1
CN1CC(=O)N2[C@H](c3ccc4c(c3)OCO4)c3[nH]c4ccccc4c3C[C@@H]2C1=O,0,0,0.031730043156432124,O=C1NCC(=O)N2C1Cc1c([nH]c3ccccc13)C2c1ccc2c(c1)OCO2
CN(CCCN1c2ccccc2CCc2ccccc21)CC(=O)c1ccc(Cl)cc1,0,0,0.05944567555027423,O=C(CNCCCN1c2ccccc2CCc2ccccc21)c1ccccc1
CN1CCCN=C1/C=C/c1cccs1,0,0,0.06749222720089766,C(=Cc1cccs1)C1=NCCCN1
Cc1ccsc1/C=C/C1=NCCCN1C,0,0,0.0699757569998249,C(=Cc1cccs1)C1=NCCCN1
NC1CCN(c2nc3c(cc2F)c(=O)c(C(=O)O)cn3-c2ccc(F)cc2F)C1,0,0,0.1332010054713383,O=c1ccn(-c2ccccc2)c2nc(N3CCCC3)ccc12
Cc1cc(NS(=O)(=O)c2ccc(N)cc2)no1,0,0,0.03136830290763727,O=S(=O)(Nc1ccon1)c1ccccc1
